run_id,n,m,p,precision/iterations,singlet_injection,warm_start,parameter_vector,optimal_result,sdp_objective_value_step1,sdp_objective_value_king_normalized_step1,algorithm17_actual_energy,algorithm17_lower_bound_energy,algorithm17_analytic_F_value,algorithm17_F_bound_applicable,algorithm17_beta_mode,algorithm17_beta_star,algorithm17_beta_optimisation_time_seconds,initial_ws_energy_prodStates_step2,initial_sdp_statevector_energy,initial_qaoa_input_energy_normalized,adam_initial_point_energy_normalized,adam_energy_history_normalized_json,adam_updates_completed,initial_sdp_statevec_ratio,initial_ws_energy_010101,QAOA_improvement_over_SDP_statevectorEnergy,QAOA_improvement_over_SDP_prodStatesEnergy,result,result_010101,approx_ratio,approx_ratio_010101,diff. approx. ratio,sdp ws greater,duration_seconds,duration_seconds_excluding_warm_start_cache_io,warm_start_cache_used,warm_start_compute_time_seconds,warm_start_load_time_seconds,warm_start_save_time_seconds,warm_start_effective_time_seconds,warm_start_cache_path,full duration_seconds,finished_at,processor,hostname,total_ram_gb,physical_cores,logical_cores,python_version,peak_ram_mb,Instance_is_triangle_free,Instance_is_3_regular,Instance_is_bipartite,Instance_is_regular,Regular_degree,Instance_is_claw_free,Instance_is_twin_free,Instance_is_planar,Instance_is_eulerian,optimiser,optimiser_use_heuristic,circuit_type,learning_rate_adam,warm_start_mode,lasserre_level,initial_solver_level_M,sdp_seed,sdp_solver_mode,sdp_scs_eps,sdp_scs_max_iters,compare_with_010101,init_QAOAparams_close_to_zero,use_correlations_as_initial_params,graph_generation_type,weighted,easiest_first,debug,save_circuit_svg,rerun_exclude_finished_instances,warm_start_cache_producer_only,qaoa_only_from_existing_warm_start_cache,num_repeats,relative_graph_adjList_path,persistent_warm_start_cache,warm_start_cache_dir,warm_start_cache_max_file_mb,warm_start_cache_max_total_gb,sdp_max_parallel,qaoa_max_parallel,sdp_threads,qaoa_threads,sdp_memory_limit_total_gb,sdp_memory_limit_single_gb,sdp_memory_poll_seconds,sdp_max_retries,queue_poll_interval_seconds,max_graph_vertices,qaoa_seed,initialise_standard_warm_start_with_zero_angles,result_name_suffix,benchmark_repeat_idx,qaoa_seed_used,hog_graph_index,edges,weights
cd4d4e40,5,4,1,75.0,False,True,"[1, 1, 1]",,5.855772201512295,2.9278861007561474,1.0994896531842633,1.7541567630882788,1.7541567630882788,True,analytic_instance,0.6473019496213255,0.01167326234281063,0.8163362114633851,1.0994896531842637,1.0994896531842633,1.0994896531842633,"[1.0994896531842633, 1.0997910733549212, 1.100082565900928, 1.1003640416879434, 1.1006354088881585, 1.1008966009237702, 1.101147588827881, 1.10138838406866, 1.1016190392988177, 1.1018396562371255, 1.1020503903982735, 1.1022514506581902, 1.1024431067646434, 1.1026256923388755, 1.1027996038020866, 1.1029653007790543, 1.1031233082293654, 1.1032742088729064, 1.1034186399079962, 1.1035572845082193, 1.1036908600616453, 1.1038201046233451, 1.1039457633354752, 1.104068571324403, 1.10418923551881, 1.1043084212125165, 1.1044267344885488, 1.1045447153273058, 1.1046628243369543, 1.1047814389939017, 1.1049008555810962, 1.10502128581271, 1.105142867456516, 1.1052656654418946, 1.1053896844683848, 1.1055148779815487, 1.105641158135172, 1.105768405305048, 1.1058964773091249, 1.1060252200558152, 1.1061544708018851, 1.1062840692738887, 1.1064138594717585, 1.1065436963627522, 1.106673448388409, 1.1068029968174502, 1.1069322426785082, 1.107061101655232, 1.1071895099748144, 1.1073174189463217, 1.1074447962334188, 1.1075716216482525, 1.107697889031182, 1.1078236021256989, 1.107948770900623, 1.1080734124857836, 1.1081975484340116, 1.1083212022833697, 1.108444395610697, 1.1085671484648156, 1.108689480532338, 1.1088114035614025, 1.108932925798208, 1.1090540511711375, 1.1091747788039121, 1.109295104819613, 1.1094150171694062, 1.1095345030968724, 1.1096535466070216, 1.1097721261212736, 1.1098902217661935, 1.1100078122657737, 1.1101248760476772, 1.1102413920104608, 1.1103573430538964, 1.110472710053348]",75,0.3755087613334234,,0.02196611373816859,0.5882729971799259,1.110472710053348,,0.37925980534608883,,,,3.268786907196045,18.356771230697632,True,15.090807914733887,0.0028095245361328125,0.0,15.090807914733887,Results/warm_start_cache/path_graphs_2to12vertices_11instances_AdjacencyList__filehash_01292d61/hog_idx000003_3fe097836279_seed42_L2_M2_betaanalytic_instance_amplified.npz,3.280740737915039,2026-09-09 08:41:18,x86_64,dacsvm-cpunode01,,32,32,3.11.15,0.22,True,False,True,False,,True,True,True,False,adam,False,hamqaoa,0.001,standard,2,2,42,scs,1e-06,100000,False,False,False,hog,False,False,False,False,False,False,True,1,HOG_graphs/Exp5/path_graphs_2to12vertices_11instances_AdjacencyList.txt,True,Results/warm_start_cache,512,60,0,16,1,1,0,0,5,0,5,10,42,True,_FINAL_BENCHMARKS_STANDARD,1,42,3,"[(1, 2), (3, 4), (0, 1), (2, 3)]","[1.0, 1.0, 1.0, 1.0]"
8eccc7b0,6,5,1,75.0,False,True,"[1, 1, 1]",,7.487153667307896,3.743576833653948,2.4155495555577597,2.3243575295762633,2.3243575295762633,True,analytic_instance,0.7720086525015887,0.012710241600871086,2.213250713811337,2.4155495555577593,2.4155495555577593,2.4155495555577593,"[2.4155495555577593, 2.416277930732715, 2.4169958608663045, 2.4177101366556326, 2.4184219253216046, 2.419128893548505, 2.419830027549215, 2.420526236859873, 2.4212185774958077, 2.4219069539376488, 2.4225906613822095, 2.4232691523021463, 2.4239424019460003, 2.4246107983636063, 2.425274615666098, 2.425933703234638, 2.426587700127104, 2.427236418133196, 2.4278799838676086, 2.4285186350323027, 2.429152442579692, 2.4297812566542594, 2.4304048764327253, 2.431023228798832, 2.431636405900716, 2.4322445272810937, 2.432847594571418, 2.4334455043431227, 2.4340381823156028, 2.4346256711764696, 2.4352080820994413, 2.4357854618019594, 2.436357768246127, 2.4369249397936, 2.4374869793062954, 2.4380439507465654, 2.438595915726231, 2.4391428724912703, 2.439684800526975, 2.4402217185824098, 2.440753691364412, 2.4412807755338912, 2.441802982138676, 2.442320309103156, 2.4428327740693647, 2.443340431055486, 2.443843326135094, 2.4443414811317545, 2.4448349138544296, 2.44532366549026, 2.4458077909031473, 2.4462873323552885, 2.446762307962811, 2.447232746825316, 2.447698690665018, 2.4481601878874133, 2.4486172718442587, 2.449069978004849, 2.449518345038715, 2.4499624218913607, 2.450402248844731, 2.4508378634260684, 2.4512692960187454, 2.4516965924423344, 2.452119792405112, 2.4525389346266273, 2.4529540568679016, 2.4533652020480172, 2.453772415725886, 2.4541757376947677, 2.4545752015648223, 2.454970849331626, 2.4553627239330806, 2.4557508660737715, 2.4561353146097007, 2.4565161038608947]",75,0.6451788342835895,,0.0819330966062708,0.4865307800991152,2.4565161038608947,,0.6561207542363501,,,,3.6732776165008545,59.21233916282654,True,55.541364431381226,0.0022919178009033203,0.0,55.541364431381226,Results/warm_start_cache/path_graphs_2to12vertices_11instances_AdjacencyList__filehash_01292d61/hog_idx000004_2a8a9b462e5e_seed42_L2_M2_betaanalytic_instance_amplified.npz,3.683185577392578,2026-09-09 08:41:18,x86_64,dacsvm-cpunode01,,32,32,3.11.15,0.23,True,False,True,False,,True,True,True,False,adam,False,hamqaoa,0.001,standard,2,2,42,scs,1e-06,100000,False,False,False,hog,False,False,False,False,False,False,True,1,HOG_graphs/Exp5/path_graphs_2to12vertices_11instances_AdjacencyList.txt,True,Results/warm_start_cache,512,60,0,16,1,1,0,0,5,0,5,10,42,True,_FINAL_BENCHMARKS_STANDARD,1,42,4,"[(0, 1), (2, 3), (1, 2), (3, 4), (4, 5)]","[1.0, 1.0, 1.0, 1.0, 1.0]"
a1c2c545,8,7,1,75.0,False,True,"[1, 1, 1]",,10.249997980679638,5.124998990339819,2.9318775921770026,3.122472884601499,3.122472884601499,True,analytic_instance,0.6917064812610668,0.014594832435250282,2.4153173601498215,2.931877592177005,2.931877592177005,2.931877592177005,"[2.931877592177005, 2.932800837757208, 2.933710555896999, 2.934607119400693, 2.93549047947258, 2.936360540781007, 2.937217196418764, 2.9380603437202755, 2.9388898869705717, 2.9397057510190217, 2.9405078659165507, 2.94129618426596, 2.942070674107945, 2.942831322634848, 2.943578138229508, 2.944311146482342, 2.9450303961385513, 2.945735960637661, 2.9464279285012256, 2.9471064129331137, 2.9477715494296564, 2.948423502228938, 2.9490624491664845, 2.9496885939388022, 2.950302160162849, 2.9509033969674396, 2.951492567699365, 2.9520699578077028, 2.95263587243835, 2.9531906349374784, 2.9537345848886982, 2.9542680722959194, 2.954791462670587, 2.9553051276476077, 2.955809454855243, 2.9563048358772646, 2.9567916676532753, 2.9572703458973653, 2.957741270641993, 2.9582048404402514, 2.958661445442581, 2.9591114695276697, 2.9595552926108497, 2.959993284162575, 2.960425795178867, 2.960853166217552, 2.9612757251614124, 2.961693781177068, 2.9621076281449814, 2.962517538779543, 2.9629237643763306, 2.9633265428810316, 2.963726093094488, 2.9641226176629036, 2.9645162979170965, 2.9649073062556317, 2.9652957892255234, 2.9656818889933194, 2.9660657268278343, 2.9664474136087553, 2.9668270500674927, 2.9672047246518516, 2.967580518526642, 2.9679545041195206, 2.968326753642027, 2.9686973245676223, 2.96906626946788, 2.969433649242516, 2.969799504395913, 2.9701638730361983, 2.970526803715312, 2.9708883387554637, 2.9712485193183236, 2.971607380359623, 2.9719649620049915, 2.9723213020433383]",75,0.5720736765223424,,0.080887419732667,1.1140078837870337,2.9723213020433383,,0.5799651321060172,,,,5.6127283573150635,679.683758020401,True,674.0756945610046,0.004652976989746094,0.0,674.0756945610046,Results/warm_start_cache/path_graphs_2to12vertices_11instances_AdjacencyList__filehash_01292d61/hog_idx000006_749a375e0266_seed42_L2_M2_betaanalytic_instance_amplified.npz,5.630946397781372,2026-09-09 08:41:20,x86_64,dacsvm-cpunode01,,32,32,3.11.15,0.25,True,False,True,False,,True,True,True,False,adam,False,hamqaoa,0.001,standard,2,2,42,scs,1e-06,100000,False,False,False,hog,False,False,False,False,False,False,True,1,HOG_graphs/Exp5/path_graphs_2to12vertices_11instances_AdjacencyList.txt,True,Results/warm_start_cache,512,60,0,16,1,1,0,0,5,0,5,10,42,True,_FINAL_BENCHMARKS_STANDARD,1,42,6,"[(0, 1), (2, 3), (1, 2), (5, 6), (3, 4), (4, 5), (6, 7)]","[1.0, 1.0, 1.0, 1.0, 1.0, 1.0, 1.0]"
94a2112d,5,4,2,75.0,False,True,"[1, 1, 1]",,5.855772201512295,2.9278861007561474,1.0994896531842633,1.7541567630882788,1.7541567630882788,True,analytic_instance,0.6473019496213255,0.01167326234281063,0.8163362114633851,1.0994896531842637,1.0994896531842633,1.0994896531842633,"[1.0994896531842633, 1.1000826610238819, 1.1006353299151994, 1.101147313538812, 1.1016185634807152, 1.1020494853791283, 1.1024410689648767, 1.102795025737408, 1.1031139268992722, 1.103401295261531, 1.1036616281775011, 1.1039002715224513, 1.1041231275068646, 1.1043362241404364, 1.104545206742591, 1.1047548784060481, 1.1049688929376815, 1.1051896434331194, 1.1054183479985442, 1.1056552381886957, 1.1058998004210112, 1.1061510108698767, 1.1064075452052367, 1.1066679432582511, 1.106930730111955, 1.1071945117017081, 1.1074580413368764, 1.107720258110986, 1.1079803236103427, 1.1082376289617786, 1.1084918037604776, 1.1087427097210951, 1.1089904215694015, 1.1092352020839698, 1.1094774706805453, 1.109717760094494, 1.1099566693193486, 1.1101948144314948, 1.110432779881034, 1.1106710765086125, 1.110910111931215, 1.1111501754047346, 1.1113914311822826, 1.1116339365101096, 1.1118776673275932, 1.11212255314008, 1.112368511199058, 1.1126154754894098, 1.112863423721503, 1.1131123915824261, 1.1133624823576502, 1.1136138643687665, 1.113866763965309, 1.1141214528121821, 1.1143782319117344, 1.1146374102952357, 1.1148992951913366, 1.1151641745602279, 1.1154323110598836, 1.1157039400916369, 1.1159792634184977, 1.1162584597731882, 1.116541684425476, 1.1168290837243902, 1.1171207982156413, 1.1174169671366958, 1.117717743841842, 1.118023293438696, 1.1183337990167932, 1.1186494646000609, 1.1189705094343598, 1.1192971784573815, 1.119629726407373, 1.119968427998341, 1.1203135688283337, 1.1206654441812236]",75,0.3755087613334234,,0.04235158199391975,0.608658465435677,1.1206654441812236,,0.38274093038976215,,,,7.574635982513428,22.664222955703735,True,15.090807914733887,0.001209259033203125,0.0,15.090807914733887,Results/warm_start_cache/path_graphs_2to12vertices_11instances_AdjacencyList__filehash_01292d61/hog_idx000003_3fe097836279_seed42_L2_M2_betaanalytic_instance_amplified.npz,7.586908340454102,2026-09-09 08:41:22,x86_64,dacsvm-cpunode01,,32,32,3.11.15,0.23,True,False,True,False,,True,True,True,False,adam,False,hamqaoa,0.001,standard,2,2,42,scs,1e-06,100000,False,False,False,hog,False,False,False,False,False,False,True,1,HOG_graphs/Exp5/path_graphs_2to12vertices_11instances_AdjacencyList.txt,True,Results/warm_start_cache,512,60,0,16,1,1,0,0,5,0,5,10,42,True,_FINAL_BENCHMARKS_STANDARD,1,42,3,"[(1, 2), (3, 4), (0, 1), (2, 3)]","[1.0, 1.0, 1.0, 1.0]"
1864daf6,6,5,2,75.0,False,True,"[1, 1, 1]",,7.487153667307896,3.743576833653948,2.4155495555577597,2.3243575295762633,2.3243575295762633,True,analytic_instance,0.7720086525015887,0.012710241600871086,2.213250713811337,2.4155495555577593,2.4155495555577593,2.4155495555577593,"[2.4155495555577593, 2.4169929741671754, 2.4184207337504704, 2.41983621698871, 2.4212317174793028, 2.4226134327123567, 2.423982931848969, 2.425336615131078, 2.4266730854664122, 2.4279942649940756, 2.4293013165918325, 2.4305932976327456, 2.4318693738783175, 2.433129935500046, 2.4343757496969607, 2.435607104171333, 2.4368238643921107, 2.438025935384613, 2.4392134668061516, 2.440386800205477, 2.4415462670087478, 2.4426921049087946, 2.4438244851574646, 2.4449435623699745, 2.446049500315341, 2.4471424875991277, 2.44822273700713, 2.449290478983498, 2.4503459709737627, 2.4513894935498164, 2.452421345616953, 2.453441842835663, 2.454451304975272, 2.4554500756251447, 2.456438505977871, 2.457416954954265, 2.45838579518989, 2.4593454036984315, 2.4602961612520904, 2.461238453348964, 2.46217265730643, 2.463099162198571, 2.4640183537114595, 2.46493062101365, 2.4658363583718867, 2.4667359603827332, 2.4676298196700106, 2.468518334997709, 2.4694019002739984, 2.470280912387184, 2.4711557617877307, 2.472026841496, 2.472894539891747, 2.473759241475758, 2.47462132269102, 2.475481155786832, 2.476339106156725, 2.4771955379349655, 2.478050801769451, 2.4789052507928675, 2.479759220527035, 2.4806130437729905, 2.4814670437487636, 2.4823215334194138, 2.483176827419635, 2.4840332192464567, 2.484890995311687, 2.485750439010146, 2.486611816051948, 2.4874753941402257, 2.4883414177370122, 2.489210129624713, 2.4900817595062676, 2.49095652667328, 2.4918346487590455, 2.4927163311315814]",75,0.6451788342835895,,0.15433355114764424,0.5589312346404887,2.4927163311315814,,0.6657896183577942,,,,8.744272232055664,64.28243160247803,True,55.541364431381226,0.0031800270080566406,0.0,55.541364431381226,Results/warm_start_cache/path_graphs_2to12vertices_11instances_AdjacencyList__filehash_01292d61/hog_idx000004_2a8a9b462e5e_seed42_L2_M2_betaanalytic_instance_amplified.npz,8.758915424346924,2026-09-09 08:41:23,x86_64,dacsvm-cpunode01,,32,32,3.11.15,0.23,True,False,True,False,,True,True,True,False,adam,False,hamqaoa,0.001,standard,2,2,42,scs,1e-06,100000,False,False,False,hog,False,False,False,False,False,False,True,1,HOG_graphs/Exp5/path_graphs_2to12vertices_11instances_AdjacencyList.txt,True,Results/warm_start_cache,512,60,0,16,1,1,0,0,5,0,5,10,42,True,_FINAL_BENCHMARKS_STANDARD,1,42,4,"[(0, 1), (2, 3), (1, 2), (3, 4), (4, 5)]","[1.0, 1.0, 1.0, 1.0, 1.0]"
4571bb7e,9,8,1,75.0,False,True,"[1, 1, 1]",,11.481763886857221,5.740881943428611,3.8360628618839647,3.4182190863704576,3.4182190863704576,True,analytic_instance,0.5996524687296271,0.015496063977479935,3.504874989922313,3.836062861883965,3.8360628618839665,3.8360628618839665,"[3.8360628618839665, 3.8392802850523977, 3.8424698406829205, 3.8456318993224565, 3.8487662433812173, 3.8518726042755196, 3.8549506921224697, 3.85800023891451, 3.861020971115729, 3.8640126348583617, 3.8669749943876597, 3.8699078352360146, 3.872810963251688, 3.875684203548544, 3.8785273979219297, 3.8813404115857972, 3.884123134349803, 3.88687547088458, 3.889597355697479, 3.8922887401730373, 3.89494959777442, 3.8975799244343676, 3.9001797320768135, 3.9027490544133308, 3.9052879445358677, 3.907796478120839, 3.910274738071521, 3.91272283254692, 3.915140883469161, 3.917529044221467, 3.9198874639462997, 3.922216308950873, 3.924515766661154, 3.9267860352522708, 3.929027317514867, 3.931239846663769, 3.9334238506806414, 3.9355795671578386, 3.9377072450038546, 3.9398071484903814, 3.9418795503310515, 3.9439247166093896, 3.945942936790206, 3.9479345089455, 3.9498997286927953, 3.9518388918116862, 3.953752304573115, 3.9556402760815055, 3.9575031165061816, 3.959341143571963, 3.9611546730725276, 3.9629440296675003, 3.964709529149076, 3.9664514894177008, 3.9681702511664243, 3.9698661402472006, 3.9715394847912764, 3.973190613028681, 3.9748198498034744, 3.9764275173490597, 3.978013941064436, 3.9795794623986125, 3.9811243888870465, 3.9826490531632475, 3.9841537740767503, 3.9856388760102637, 3.987104675949877, 3.988551494829889, 3.9899796435113433, 3.9913894334142412, 3.9927811747053137, 3.9941551763003313, 3.9955117306367014, 3.996851147579714, 3.9981737247803175, 3.999479751489841]",75,0.6687696760606634,,0.3268337792117517,0.989209523135056,3.999479751489841,,0.6972593709012973,,,,13.313829183578491,1566.346455335617,True,1553.038147687912,0.0055086612701416016,0.0,1553.038147687912,Results/warm_start_cache/path_graphs_2to12vertices_11instances_AdjacencyList__filehash_01292d61/hog_idx000007_7fe36149e5ca_seed42_L2_M2_betaanalytic_instance_amplified.npz,13.327256441116333,2026-09-09 08:41:28,x86_64,dacsvm-cpunode01,,32,32,3.11.15,0.3,True,False,True,False,,True,True,True,False,adam,False,hamqaoa,0.001,standard,2,2,42,scs,1e-06,100000,False,False,False,hog,False,False,False,False,False,False,True,1,HOG_graphs/Exp5/path_graphs_2to12vertices_11instances_AdjacencyList.txt,True,Results/warm_start_cache,512,60,0,16,1,1,0,0,5,0,5,10,42,True,_FINAL_BENCHMARKS_STANDARD,1,42,7,"[(0, 1), (2, 3), (1, 2), (5, 6), (3, 4), (7, 8), (4, 5), (6, 7)]","[1.0, 1.0, 1.0, 1.0, 1.0, 1.0, 1.0, 1.0]"
39447d23,5,4,3,75.0,False,True,"[1, 1, 1]",,5.855772201512295,2.9278861007561474,1.0994896531842633,1.7541567630882788,1.7541567630882788,True,analytic_instance,0.6473019496213255,0.01167326234281063,0.8163362114633851,1.0994896531842637,1.0994896531842633,1.0994896531842633,"[1.0994896531842633, 1.1003644022738366, 1.1011478055348414, 1.101839655654145, 1.102441592487967, 1.102958101905013, 1.103397520093716, 1.1037727646467776, 1.1041010851314317, 1.1044022031247347, 1.1046950727145846, 1.104994706899676, 1.105310543140765, 1.1056466529922788, 1.1060030504015412, 1.1063771781638048, 1.1067651423701617, 1.1071625630875501, 1.1075651187927689, 1.1079689034549383, 1.1083706712126533, 1.1087680116160556, 1.1091594640226226, 1.1095444916293657, 1.1099233061377105, 1.1102966834870058, 1.1106658181111344, 1.11103220304039, 1.1113974935355213, 1.1117633455964395, 1.1121312607503544, 1.112502451480347, 1.112877763542657, 1.1132576494201303, 1.1136422111107982, 1.1140312892277402, 1.1144245817448153, 1.1148217881950688, 1.1152227208267647, 1.1156273979628542, 1.1160360910114495, 1.1164493284609505, 1.1168678542645591, 1.1172925771467213, 1.1177244844069094, 1.1181645669892697, 1.1186137567743042, 1.1190728709650262, 1.1195426022769233, 1.1200235099257134, 1.1205160344059295, 1.121020535486821, 1.1215373234609751, 1.1220666922659797, 1.1226089567949538, 1.1231644721927616, 1.1237336544322283, 1.1243169790989744, 1.1249149846475417, 1.1255282657508225, 1.1261574611209766, 1.1268032399034982, 1.1274663010090795, 1.1281473557662864, 1.1288471336892343, 1.1295663844950634, 1.130305881681105, 1.1310664269628523, 1.131848865425097, 1.132654092192424, 1.1334830625982153, 1.1343367991794628, 1.1352164023303775, 1.136123038826665, 1.1370579470128417, 1.138022440033004]",75,0.3755087613334234,,0.07706557369748035,0.6433724571392376,1.138022440033004,,0.38866886613149043,,,,13.8573637008667,28.946807384490967,True,15.090807914733887,0.0013532638549804688,0.0,15.090807914733887,Results/warm_start_cache/path_graphs_2to12vertices_11instances_AdjacencyList__filehash_01292d61/hog_idx000003_3fe097836279_seed42_L2_M2_betaanalytic_instance_amplified.npz,13.864061832427979,2026-09-09 08:41:29,x86_64,dacsvm-cpunode01,,32,32,3.11.15,0.23,True,False,True,False,,True,True,True,False,adam,False,hamqaoa,0.001,standard,2,2,42,scs,1e-06,100000,False,False,False,hog,False,False,False,False,False,False,True,1,HOG_graphs/Exp5/path_graphs_2to12vertices_11instances_AdjacencyList.txt,True,Results/warm_start_cache,512,60,0,16,1,1,0,0,5,0,5,10,42,True,_FINAL_BENCHMARKS_STANDARD,1,42,3,"[(1, 2), (3, 4), (0, 1), (2, 3)]","[1.0, 1.0, 1.0, 1.0]"
4a702731,7,6,1,75.0,False,True,"[1, 1, 1]",,8.67465685114911,4.337328425574555,3.083761351881484,2.5895418396417273,2.5895418396417273,True,analytic_instance,0.6188802782977683,0.01441548764705658,2.7365048370527694,3.0837613518814835,3.0837613518814835,3.0837613518814835,"[3.0837613518814835, 3.08582727248157, 3.0878623916994683, 3.089866468115998, 3.091839123785398, 3.093779990056625, 3.095688740592394, 3.0975651066354075, 3.099408871802796, 3.1012198763274683, 3.102998032042948, 3.1047433204139345, 3.1064557908640995, 3.10813557797291, 3.1097828958187015, 3.1113980423392045, 3.1129814063315964, 3.114533466116084, 3.1160547930411986, 3.11754604812503, 3.1190079870241605, 3.1204414558246136, 3.121847387532516, 3.1232268010942503, 3.124580788902201, 3.1259105121620006, 3.1272171903106583, 3.128502092461079, 3.129766523757722, 3.131011810862058, 3.1322392852271417, 3.1334502710411836, 3.134646071627527, 3.1358279405981606, 3.1369970804540497, 3.13815462648286, 3.139301630708038, 3.1404390603250447, 3.1415677911155186, 3.1426885966436866, 3.1438021536128837, 3.144909033732001, 3.14600971212163, 3.1471045758107015, 3.148193917058469, 3.1492779551866854, 3.150356832123903, 3.1514306279076827, 3.1524993564334065, 3.153562989131539, 3.1546214562346258, 3.1556746447655244, 3.1567224242397995, 3.15776462817958, 3.1588010679213805, 3.1598315563909285, 3.1608558846557178, 3.161873843162106, 3.162885223085051, 3.1638898071390926, 3.1648873828687787, 3.165877740132744, 3.1668606719465915, 3.167835984932076, 3.1688034767466227, 3.1697629664183027, 3.1707142789263942, 3.1716572343869287, 3.172591678817773, 3.1735174533775488, 3.1744344225551013, 3.175342446565356, 3.1762414003524144, 3.1771311611447555, 3.1780116231131808, 3.178882688406457]",75,0.7111995737734048,,0.1902426730499469,0.8847557027073751,3.178882688406457,,0.7331371513852529,,,,4.254624605178833,223.66532349586487,True,219.414124250412,0.003409147262573242,0.0,219.414124250412,Results/warm_start_cache/path_graphs_2to12vertices_11instances_AdjacencyList__filehash_01292d61/hog_idx000005_800a0f5af338_seed42_L2_M2_betaanalytic_instance_amplified.npz,4.265050411224365,2026-09-09 08:41:30,x86_64,dacsvm-cpunode01,,32,32,3.11.15,0.24,True,False,True,False,,True,True,True,False,adam,False,hamqaoa,0.001,standard,2,2,42,scs,1e-06,100000,False,False,False,hog,False,False,False,False,False,False,True,1,HOG_graphs/Exp5/path_graphs_2to12vertices_11instances_AdjacencyList.txt,True,Results/warm_start_cache,512,60,0,16,1,1,0,0,5,0,5,10,42,True,_FINAL_BENCHMARKS_STANDARD,1,42,5,"[(0, 1), (2, 3), (1, 2), (5, 6), (3, 4), (4, 5)]","[1.0, 1.0, 1.0, 1.0, 1.0, 1.0]"
9b9c8ca7,6,5,3,75.0,False,True,"[1, 1, 1]",,7.487153667307896,3.743576833653948,2.4155495555577597,2.3243575295762633,2.3243575295762633,True,analytic_instance,0.7720086525015887,0.012710241600871086,2.213250713811337,2.4155495555577593,2.4155495555577593,2.4155495555577593,"[2.4155495555577593, 2.4176946517855282, 2.4198331361436614, 2.4219237864058103, 2.423978760693084, 2.4260127484740015, 2.428014621426581, 2.429977364435635, 2.431905752271259, 2.433804937082541, 2.4356727330987815, 2.437505826979217, 2.439304692500596, 2.4410718833479677, 2.442808746411543, 2.4445149707582354, 2.4461899388331183, 2.447833707064627, 2.4494469924043396, 2.4510306964842603, 2.4525855443490387, 2.4541120096213374, 2.4556104529671714, 2.457081304896573, 2.4585251601856943, 2.4599427771929396, 2.461334981006805, 2.462702567821598, 2.4640462676839734, 2.465366771704621, 2.4666647949696765, 2.467941124533338, 2.4691966523885984, 2.4704323692660544, 2.4716493223568747, 2.472848574667032, 2.4740311544224, 2.475198084107178, 2.4763504086815775, 2.4774891722857526, 2.47861543127707, 2.479730218346356, 2.4808345362360003, 2.481929353671834, 2.483015620080399, 2.484094274241292, 2.4851662467259596, 2.4862324507935827, 2.487293770026167, 2.48835103493444, 2.4894050415411146, 2.490456549677287, 2.4915062918372053, 2.4925549692565956, 2.4936032339431238, 2.4946517017119145, 2.495700936902714, 2.496751455975038, 2.4978037388161085, 2.4988582266490655, 2.499915334296792, 2.500975410944041, 2.502038780411282, 2.5031057105287458, 2.5041764412091423, 2.5052511748458572, 2.5063300829898187, 2.5074133013673716, 2.5085009401182488, 2.5095930721970894, 2.5106897384111737, 2.5117909666961578, 2.5128967619601057, 2.5140071077861057, 2.5151219713520745, 2.5162412937686836]",75,0.6451788342835895,,0.2013834764218485,0.6059811599146929,2.5162412937686836,,0.6720729951305244,,,,16.87232804298401,72.41138410568237,True,55.541364431381226,0.0022792816162109375,0.0,55.541364431381226,Results/warm_start_cache/path_graphs_2to12vertices_11instances_AdjacencyList__filehash_01292d61/hog_idx000004_2a8a9b462e5e_seed42_L2_M2_betaanalytic_instance_amplified.npz,16.884000539779663,2026-09-09 08:41:32,x86_64,dacsvm-cpunode01,,32,32,3.11.15,0.24,True,False,True,False,,True,True,True,False,adam,False,hamqaoa,0.001,standard,2,2,42,scs,1e-06,100000,False,False,False,hog,False,False,False,False,False,False,True,1,HOG_graphs/Exp5/path_graphs_2to12vertices_11instances_AdjacencyList.txt,True,Results/warm_start_cache,512,60,0,16,1,1,0,0,5,0,5,10,42,True,_FINAL_BENCHMARKS_STANDARD,1,42,4,"[(0, 1), (2, 3), (1, 2), (3, 4), (4, 5)]","[1.0, 1.0, 1.0, 1.0, 1.0]"
a8b94a3f,9,8,2,75.0,False,True,"[1, 1, 1]",,11.481763886857221,5.740881943428611,3.8360628618839647,3.4182190863704576,3.4182190863704576,True,analytic_instance,0.5996524687296271,0.015496063977479935,3.504874989922313,3.836062861883965,3.8360628618839665,3.8360628618839665,"[3.8360628618839665, 3.842470476273798, 3.848763149427694, 3.854941412578961, 3.861003871377228, 3.8669489797520398, 3.872775259639608, 3.8784813453997806, 3.8840660111881187, 3.8895281679647593, 3.8948669202123765, 3.9000815369380444, 3.9051714943945046, 3.9101364433917922, 3.9149762347075128, 3.9196909313424486, 3.9242807938707416, 3.928746272486605, 3.9330880410101177, 3.9373069763443036, 3.941404161698027, 3.9453808618838995, 3.9492385465009114, 3.952978877254834, 3.956603682704729, 3.9601149771362865, 3.96351493632891, 3.966805888220988, 3.9699903168680466, 3.973070845072861, 3.9760501855634005, 3.978931202835005, 3.981716841692919, 3.984410132769213, 3.9870142067275185, 3.9895322242100875, 3.9919674062927526, 3.994322998636594, 3.996602277347882, 3.998808510460033, 4.000944970345975, 4.003014898743258, 4.00502151501984, 4.006967988193447, 4.0088574357949245, 4.010692900402895, 4.012477347736937, 4.014213674842883, 4.015904671101124, 4.017553018088761, 4.019161306670335, 4.020732000071872, 4.022267440198406, 4.023769870761755, 4.025241385756734, 4.026683981578017, 4.028099491742362, 4.029489665546745, 4.03085610187197, 4.032200275720861, 4.033523558713682, 4.034827202855271, 4.036112340525652, 4.037380022974013, 4.038631162252136, 4.039866589478128, 4.041087055633794, 4.042293217395376, 4.043485662682068, 4.044664876766951, 4.04583130123856, 4.046985313624227, 4.048127235309811, 4.0492573299864345, 4.05037583191666, 4.051482936285476]",75,0.6687696760606634,,0.43084014880302135,1.0932158927263256,4.051482936285476,,0.7063254770372169,,,,20.086302042007446,1573.1106164455414,True,1553.038147687912,0.013822078704833984,0.0,1553.038147687912,Results/warm_start_cache/path_graphs_2to12vertices_11instances_AdjacencyList__filehash_01292d61/hog_idx000007_7fe36149e5ca_seed42_L2_M2_betaanalytic_instance_amplified.npz,20.098387002944946,2026-09-09 08:41:35,x86_64,dacsvm-cpunode01,,32,32,3.11.15,0.37,True,False,True,False,,True,True,True,False,adam,False,hamqaoa,0.001,standard,2,2,42,scs,1e-06,100000,False,False,False,hog,False,False,False,False,False,False,True,1,HOG_graphs/Exp5/path_graphs_2to12vertices_11instances_AdjacencyList.txt,True,Results/warm_start_cache,512,60,0,16,1,1,0,0,5,0,5,10,42,True,_FINAL_BENCHMARKS_STANDARD,1,42,7,"[(0, 1), (2, 3), (1, 2), (5, 6), (3, 4), (7, 8), (4, 5), (6, 7)]","[1.0, 1.0, 1.0, 1.0, 1.0, 1.0, 1.0, 1.0]"
cbc2d32e,5,4,4,75.0,False,True,"[1, 1, 1]",,5.855772201512295,2.9278861007561474,1.0994896531842633,1.7541567630882788,1.7541567630882788,True,analytic_instance,0.6473019496213255,0.01167326234281063,0.8163362114633851,1.0994896531842637,1.0994896531842633,1.0994896531842633,"[1.0994896531842633, 1.1006362836396721, 1.1016200208318463, 1.1024425543324419, 1.1031126378050469, 1.1036503301903904, 1.1040894009632252, 1.1044740205824857, 1.104847803046284, 1.1052420899485693, 1.105671948733962, 1.1061395996186318, 1.1066398693351585, 1.1071644995160708, 1.1077048335084496, 1.1082530473762262, 1.1088023775968088, 1.109347419012357, 1.1098843585734792, 1.1104111320593897, 1.1109274997817216, 1.1114349826896441, 1.1119365642504835, 1.1124360933028732, 1.1129376213488398, 1.1134448233057959, 1.1139606002739186, 1.1144868519482019, 1.115024452101021, 1.1155733886184473, 1.1161331026958559, 1.1167028535408925, 1.1172820884569175, 1.1178707199888482, 1.1184692942527614, 1.1190790089733424, 1.1197016184351831, 1.12033925975431, 1.1209942428880708, 1.1216688383983038, 1.122365128894105, 1.1230849296353114, 1.1238297748013517, 1.1246009631463036, 1.125399649798323, 1.1262269436229317, 1.127084013271113, 1.1279721710277117, 1.1288929294497037, 1.1298480314913208, 1.130839443450589, 1.1318693431650197, 1.1329400925919761, 1.1340541983285979, 1.1352142854403504, 1.1364230748873374, 1.1376833539751514, 1.1389979640850696, 1.1403697923434675, 1.141801753571205, 1.1432967818258701, 1.1448578166499512, 1.146487796738343, 1.1481896285810202, 1.1499661645317096, 1.151820185328859, 1.1537543803663748, 1.155771316040409, 1.1578734333026923, 1.1600630312076412, 1.162342244301778, 1.164713061831395, 1.1671772859250147, 1.1697365494333765, 1.172392306457666, 1.1751458264494499]",75,0.3755087613334234,,0.1513123465303723,0.7176192299721296,1.1751458264494499,,0.40134761832289956,,,,22.795836448669434,37.88481879234314,True,15.090807914733887,0.0018131732940673828,0.0,15.090807914733887,Results/warm_start_cache/path_graphs_2to12vertices_11instances_AdjacencyList__filehash_01292d61/hog_idx000003_3fe097836279_seed42_L2_M2_betaanalytic_instance_amplified.npz,22.813554763793945,2026-09-09 08:41:38,x86_64,dacsvm-cpunode01,,32,32,3.11.15,0.23,True,False,True,False,,True,True,True,False,adam,False,hamqaoa,0.001,standard,2,2,42,scs,1e-06,100000,False,False,False,hog,False,False,False,False,False,False,True,1,HOG_graphs/Exp5/path_graphs_2to12vertices_11instances_AdjacencyList.txt,True,Results/warm_start_cache,512,60,0,16,1,1,0,0,5,0,5,10,42,True,_FINAL_BENCHMARKS_STANDARD,1,42,3,"[(1, 2), (3, 4), (0, 1), (2, 3)]","[1.0, 1.0, 1.0, 1.0]"
ee756675,8,7,2,75.0,False,True,"[1, 1, 1]",,10.249997980679638,5.124998990339819,2.9318775921770026,3.122472884601499,3.122472884601499,True,analytic_instance,0.6917064812610668,0.014594832435250282,2.4153173601498215,2.931877592177005,2.931877592177005,2.931877592177005,"[2.931877592177005, 2.9337004066235943, 2.935473015535534, 2.937197780561091, 2.9388748113292564, 2.940503991245948, 2.9420851947803506, 2.943618357747368, 2.945103541417262, 2.946540924996928, 2.947930857548221, 2.9492738369425338, 2.950570555198789, 2.951821904455788, 2.9530289720380316, 2.954193054179179, 2.955315669343951, 2.9563985575230185, 2.9574436626648564, 2.9584531271647165, 2.9594292749746582, 2.960374587476659, 2.961291658018531, 2.962183170780862, 2.9630518435653217, 2.963900379153391, 2.9647314395153805, 2.9655475986164146, 2.9663513102895505, 2.967144910216019, 2.9679305679751438, 2.968710313017277, 2.9694860344236615, 2.9702594816812105, 2.9710322632966277, 2.9718058904982367, 2.9725817687713647, 2.973361233685127, 2.9741455294034473, 2.97493583833551, 2.975733280755956, 2.9765389270216396, 2.9773537757351383, 2.9781787814280607, 2.979014842274511, 2.9798627932219985, 2.980723414580745, 2.9815974253312616, 2.9824854817193835, 2.9833881805342126, 2.9843060519642317, 2.9852395681749124, 2.986189134616994, 2.9871551218034975, 2.9881378235093465, 2.989137489578372, 2.9901543160286512, 2.9911884640175397, 2.9922400208354643, 2.9933090427802567, 2.994395559899118, 2.995499551868709, 2.9966209669367543, 2.9977597306369086, 2.9989157295250903, 3.000088837430499, 3.001278898288987, 3.0024857380495154, 3.003709147978827, 3.004948920799974, 3.0062048296758492, 3.0074766280820864, 3.0087640670772875, 3.01006687839166, 3.0113847930256545, 3.0127175332406773]",75,0.5720736765223424,,0.16167988212734485,1.1948003461817116,3.0127175332406773,,0.5878473235591566,,,,14.066222667694092,688.1388802528381,True,674.0756945610046,0.003023862838745117,0.0,674.0756945610046,Results/warm_start_cache/path_graphs_2to12vertices_11instances_AdjacencyList__filehash_01292d61/hog_idx000006_749a375e0266_seed42_L2_M2_betaanalytic_instance_amplified.npz,14.076796770095825,2026-09-09 08:41:39,x86_64,dacsvm-cpunode01,,32,32,3.11.15,0.27,True,False,True,False,,True,True,True,False,adam,False,hamqaoa,0.001,standard,2,2,42,scs,1e-06,100000,False,False,False,hog,False,False,False,False,False,False,True,1,HOG_graphs/Exp5/path_graphs_2to12vertices_11instances_AdjacencyList.txt,True,Results/warm_start_cache,512,60,0,16,1,1,0,0,5,0,5,10,42,True,_FINAL_BENCHMARKS_STANDARD,1,42,6,"[(0, 1), (2, 3), (1, 2), (5, 6), (3, 4), (4, 5), (6, 7)]","[1.0, 1.0, 1.0, 1.0, 1.0, 1.0, 1.0]"
76b45926,6,5,4,75.0,False,True,"[1, 1, 1]",,7.487153667307896,3.743576833653948,2.4155495555577597,2.3243575295762633,2.3243575295762633,True,analytic_instance,0.7720086525015887,0.012710241600871086,2.213250713811337,2.4155495555577593,2.4155495555577593,2.4155495555577593,"[2.4155495555577593, 2.4183829299910573, 2.421229447064654, 2.4239723790935, 2.426662004389742, 2.4293196943278375, 2.431918543837976, 2.4344451824571363, 2.4369102169214183, 2.4393252700054453, 2.4416866639407675, 2.4439867578961385, 2.4462248718332487, 2.4484061332323614, 2.4505346146864726, 2.4526108065276695, 2.4546335820864877, 2.4566025694633984, 2.4585189824769706, 2.460385028152527, 2.4622029469158138, 2.4639744814669857, 2.4657009561293104, 2.4673836072608717, 2.469023855203394, 2.470623405631632, 2.4721842115135932, 2.4737083602016874, 2.4751979893044362, 2.476655214388012, 2.478082101315415, 2.479480729617039, 2.480853168228712, 2.482201502249509, 2.4835278057962906, 2.4848341282577002, 2.486122482404151, 2.487394796356118, 2.4886529137779747, 2.489898601023008, 2.49113353629791, 2.4923593302798683, 2.493577531041651, 2.4947896358962782, 2.495997085114009, 2.497201284276957, 2.498403565901977, 2.4996051532789823, 2.500807139925639, 2.5020104658634947, 2.503215905754933, 2.5044240620317875, 2.505635419445599, 2.506850314082236, 2.5080689706289014, 2.5092915246951453, 2.510518011989513, 2.5117483905991116, 2.512982563106941, 2.5142203785733224, 2.5154616402015044, 2.516706148003472, 2.517953665233087, 2.5192039667917956, 2.520456841709068, 2.5217120919009473, 2.5229695409481026, 2.524229061629287, 2.52549056240762, 2.5267540013657612, 2.5280193787649092, 2.529286758346902, 2.5305562483372075, 2.531828018355006, 2.533102288358483, 2.534379312115958]",75,0.6451788342835895,,0.23765951311639721,0.6422571966092416,2.534379312115958,,0.6769175513130229,,,,27.08925724029541,82.62833023071289,True,55.541364431381226,0.002279996871948242,0.0,55.541364431381226,Results/warm_start_cache/path_graphs_2to12vertices_11instances_AdjacencyList__filehash_01292d61/hog_idx000004_2a8a9b462e5e_seed42_L2_M2_betaanalytic_instance_amplified.npz,27.09866499900818,2026-09-09 08:41:42,x86_64,dacsvm-cpunode01,,32,32,3.11.15,0.24,True,False,True,False,,True,True,True,False,adam,False,hamqaoa,0.001,standard,2,2,42,scs,1e-06,100000,False,False,False,hog,False,False,False,False,False,False,True,1,HOG_graphs/Exp5/path_graphs_2to12vertices_11instances_AdjacencyList.txt,True,Results/warm_start_cache,512,60,0,16,1,1,0,0,5,0,5,10,42,True,_FINAL_BENCHMARKS_STANDARD,1,42,4,"[(0, 1), (2, 3), (1, 2), (3, 4), (4, 5)]","[1.0, 1.0, 1.0, 1.0, 1.0]"
39b787c7,2,1,1,75.0,False,True,"[1, 1, 1]",,1.9999998910740424,0.9999999455370212,0.5655328708703277,0.818309757404599,0.818309757404599,True,analytic_instance,1.0,0.015662087127566338,0.49999996166691896,0.5655328708703274,0.5655328708703277,0.5655328708703277,"[0.5655328708703277, 0.5668521460601732, 0.5681684808667613, 0.5694818257741178, 0.5707921101633485, 0.5720992589416143, 0.5734031954495958, 0.5747038413351901, 0.5760011171186191, 0.5772949424938274, 0.5785852363971289, 0.5798719171947817, 0.5811549031613026, 0.5824341122931556, 0.5837094636440625, 0.5849808768445515, 0.5862482730967561, 0.5875115768470069, 0.588770716493858, 0.5900256267100057, 0.5912762505956243, 0.5925225412217704, 0.5937644634665535, 0.5950019927013541, 0.5962351102710183, 0.5974637975323207, 0.5986880298592923, 0.5999077747522428, 0.6011229892104992, 0.6023336238203286, 0.6035396239998704, 0.6047409338991232, 0.6059374985037612, 0.6071292675655, 0.6083161969840989, 0.6094982516676839, 0.6106754065048627, 0.6118476448245129, 0.6130149560535566, 0.6141773313832105, 0.6153347586274804, 0.6164872197625972, 0.617634689094939, 0.6187771352192679, 0.6199145239719683, 0.6210468227770156, 0.6221740037794986, 0.6232960459019535, 0.6244129355314109, 0.6255246652643052, 0.6266312300123, 0.6277326243208416, 0.6288288384757594, 0.6299198561530823, 0.6310056584882826, 0.6320862251184534, 0.6331615378851124, 0.6342315834749439, 0.63529635398304, 0.6363558457750175, 0.6374100561549607, 0.6384589809000962, 0.639502612308325, 0.6405409393371169, 0.6415739495590833, 0.6426016324996751, 0.6436239807405302, 0.6446409907012377, 0.6456526613188291, 0.6466589913898533, 0.6476599776082609, 0.6486556142661131, 0.6496458951251609, 0.650630813957154, 0.6516103664798627, 0.6525845519534812]",75,0.5655328708703274,,0.1741033621663075,0.3051691805731245,0.6525845519534812,,0.6525845519534812,,,,2.126481294631958,2.3093152046203613,True,0.18450403213500977,0.0016589164733886719,0.0,0.18450403213500977,Results/warm_start_cache/path_graphs_2to12vertices_11instances_AdjacencyList__filehash_01292d61/hog_idx000000_cd0336d2cdf0_seed42_L2_M2_betaanalytic_instance_amplified.npz,2.143620014190674,2026-09-09 08:41:44,x86_64,dacsvm-cpunode01,,32,32,3.11.15,0.22,True,False,True,True,1,True,False,True,False,adam,False,hamqaoa,0.001,standard,2,2,42,scs,1e-06,100000,False,False,False,hog,False,False,False,False,False,False,True,1,HOG_graphs/Exp5/path_graphs_2to12vertices_11instances_AdjacencyList.txt,True,Results/warm_start_cache,512,60,0,16,1,1,0,0,5,0,5,10,42,True,_FINAL_BENCHMARKS_STANDARD,1,42,0,"[(0, 1)]",[1.0]
4d2ac48f,7,6,2,75.0,False,True,"[1, 1, 1]",,8.67465685114911,4.337328425574555,3.083761351881484,2.5895418396417273,2.5895418396417273,True,analytic_instance,0.6188802782977683,0.01441548764705658,2.7365048370527694,3.0837613518814835,3.0837613518814835,3.0837613518814835,"[3.0837613518814835, 3.087862517950637, 3.0918382125886352, 3.09568712430917, 3.099407860635561, 3.1029994705152095, 3.1064616193279933, 3.1097947077749413, 3.113000009672473, 3.1160798124740556, 3.1190375228729743, 3.1218777792340973, 3.124606557822235, 3.127231152601513, 3.129760086070951, 3.1322029173034593, 3.1345699078317186, 3.1368716206137712, 3.1391184270033636, 3.141320050170351, 3.1434851656184817, 3.145621137206681, 3.147733897114829, 3.149827929543693, 3.151906408645126, 3.153971347180468, 3.156023809861012, 3.158064110827908, 3.1600919882966725, 3.162106777437168, 3.164107522907762, 3.1660930956758553, 3.168062258053451, 3.170013729918765, 3.1719462343997624, 3.1738585184723878, 3.1757493749804078, 3.1776176694261165, 3.1794623406963844, 3.1812824054050557, 3.183076966482468, 3.184845201002921, 3.1865863748591883, 3.188299829303381, 3.1899849794471464, 3.1916413120829734, 3.1932683899633276, 3.194865844022181, 3.196433352858669, 3.1979706507425205, 3.199477536097427, 3.200953852021731, 3.2023994953769215, 3.2038144133230593, 3.205198584787552, 3.206552030109564, 3.2078748150771097, 3.2091670454514456, 3.210428846290865, 3.211660380759145, 3.2128618519031615, 3.2140334862058477, 3.215175538105503, 3.216288293399669, 3.2173720627282245, 3.218427185224945, 3.219454029131024, 3.2204529786487974, 3.2214244464455364, 3.2223688773431003, 3.223286729800534, 3.2241784919264584, 3.225044669523869, 3.2258857905277933, 3.2267023957507472, 3.227495048260355]",75,0.7111995737734048,,0.28746739275774313,0.9819804224151714,3.227495048260355,,0.7443484889899342,,,,10.827253818511963,230.23835110664368,True,219.414124250412,0.003016233444213867,0.0,219.414124250412,Results/warm_start_cache/path_graphs_2to12vertices_11instances_AdjacencyList__filehash_01292d61/hog_idx000005_800a0f5af338_seed42_L2_M2_betaanalytic_instance_amplified.npz,10.842268466949463,2026-09-09 08:41:44,x86_64,dacsvm-cpunode01,,32,32,3.11.15,0.25,True,False,True,False,,True,True,True,False,adam,False,hamqaoa,0.001,standard,2,2,42,scs,1e-06,100000,False,False,False,hog,False,False,False,False,False,False,True,1,HOG_graphs/Exp5/path_graphs_2to12vertices_11instances_AdjacencyList.txt,True,Results/warm_start_cache,512,60,0,16,1,1,0,0,5,0,5,10,42,True,_FINAL_BENCHMARKS_STANDARD,1,42,5,"[(0, 1), (2, 3), (1, 2), (5, 6), (3, 4), (4, 5)]","[1.0, 1.0, 1.0, 1.0, 1.0, 1.0]"
90c0183f,2,1,2,75.0,False,True,"[1, 1, 1]",,1.9999998910740424,0.9999999455370212,0.5655328708703277,0.818309757404599,0.818309757404599,True,analytic_instance,1.0,0.015662087127566338,0.49999996166691896,0.5655328708703274,0.5655328708703277,0.5655328708703277,"[0.5655328708703277, 0.5681683248023057, 0.570791808107608, 0.5734029790065199, 0.5760014521183456, 0.5785868537746606, 0.5811587969519796, 0.5837168877298958, 0.5862607322285334, 0.5887899370919109, 0.5913041081299447, 0.5938028540877417, 0.5962857913190154, 0.5987525468742794, 0.6012027718484039, 0.6036361536323962, 0.6060524333996562, 0.6084514148373936, 0.6108329511572492, 0.613196907554302, 0.6155431327378986, 0.6178714525216943, 0.6201816816741835, 0.6224736358605358, 0.6247471352556312, 0.6270020036098012, 0.6292380712163937, 0.6314551795929346, 0.6336531828067883, 0.6358319482525603, 0.6379913604773882, 0.6401313187081881, 0.6422517393357399, 0.6443525517366611, 0.646433705007117, 0.648495162040849, 0.6505369009564761, 0.6525589138720732, 0.6545612060304284, 0.6565437935311653, 0.6585067023501721, 0.6604499662439096, 0.6623736239142028, 0.6642777202646294, 0.6661623066863906, 0.6680274441428864, 0.6698732050414362, 0.6716996687315715, 0.6735069283844608, 0.6752950843048589, 0.6770642486844765, 0.6788145408784094, 0.6805460861183086, 0.682259011972828, 0.6839534488942101, 0.6856295333223863, 0.6872874080969334, 0.6889272148650926, 0.6905490998519127, 0.6921532185518003, 0.6937397362656434, 0.6953088171275157, 0.6968606312330203, 0.6983953585994669, 0.6999131831325632, 0.7014142885252127, 0.7028988598534627, 0.7043670892404872, 0.7058191734259835, 0.7072553049789125, 0.7086756834876624, 0.7100805162225919, 0.7114700098574882, 0.7128443645979753, 0.7142037924742999, 0.7155485096365946]",75,0.5655328708703274,,0.3000312775325342,0.4310970959393512,0.7155485096365946,,0.7155485096365946,,,,3.9308223724365234,4.113379716873169,True,0.18450403213500977,0.0019245147705078125,0.0,0.18450403213500977,Results/warm_start_cache/path_graphs_2to12vertices_11instances_AdjacencyList__filehash_01292d61/hog_idx000000_cd0336d2cdf0_seed42_L2_M2_betaanalytic_instance_amplified.npz,3.9486799240112305,2026-09-09 08:41:46,x86_64,dacsvm-cpunode01,,32,32,3.11.15,0.22,True,False,True,True,1,True,False,True,False,adam,False,hamqaoa,0.001,standard,2,2,42,scs,1e-06,100000,False,False,False,hog,False,False,False,False,False,False,True,1,HOG_graphs/Exp5/path_graphs_2to12vertices_11instances_AdjacencyList.txt,True,Results/warm_start_cache,512,60,0,16,1,1,0,0,5,0,5,10,42,True,_FINAL_BENCHMARKS_STANDARD,1,42,0,"[(0, 1)]",[1.0]
c50e8846,5,4,5,75.0,False,True,"[1, 1, 1]",,5.855772201512295,2.9278861007561474,1.0994896531842633,1.7541567630882788,1.7541567630882788,True,analytic_instance,0.6473019496213255,0.01167326234281063,0.8163362114633851,1.0994896531842637,1.0994896531842633,1.0994896531842633,"[1.0994896531842633, 1.1008982921094426, 1.10205233355866, 1.1029595960286638, 1.1036491757195661, 1.1041814388607951, 1.1046412981570806, 1.1051073060001655, 1.1056245301487098, 1.1062049328293335, 1.1068416039870783, 1.1075203994693401, 1.1082261159759095, 1.1089454967790917, 1.1096684216842194, 1.110387687149838, 1.1110990007517416, 1.1118013379516163, 1.1124968677974862, 1.1131901771455819, 1.1138872562999513, 1.114594529504162, 1.1153179023022275, 1.116061990388745, 1.1168297709171833, 1.1176226389480703, 1.1184408041818446, 1.1192838440968649, 1.1201513441810698, 1.1210434255914792, 1.121961128098494, 1.1229065670625586, 1.1238828845635411, 1.1248939968054001, 1.125944276690378, 1.1270382086627653, 1.1281801004683647, 1.1293739258299857, 1.1306232710733009, 1.1319314059757781, 1.1333014005670368, 1.1347362857578605, 1.136239192069672, 1.137813431990808, 1.139462570525353, 1.141190442770562, 1.1430011301915448, 1.144898900096183, 1.1468881594484202, 1.1489733635436257, 1.15115896233049, 1.1534493132156403, 1.155848639394702, 1.1583609789710219, 1.1609901618193275, 1.1637397850963822, 1.1666132049586306, 1.1696135175700806, 1.1727435520104896, 1.1760058598831424, 1.1794027039729056, 1.1829360495191183, 1.1866075445584185, 1.190418508425091, 1.194369926593825, 1.1984624260662187, 1.2026962844122107, 1.2070714029041205, 1.2115873082390411, 1.2162431428045024, 1.2210376725090282, 1.2259692748580107, 1.2310359427622313, 1.2362352902185179, 1.241564556575951, 1.2470206192260649]",75,0.3755087613334234,,0.2950619320836023,0.8613688155253596,1.2470206192260649,,0.4258950202274812,,,,33.01868486404419,48.10789251327515,True,15.090807914733887,0.0015869140625,0.0,15.090807914733887,Results/warm_start_cache/path_graphs_2to12vertices_11instances_AdjacencyList__filehash_01292d61/hog_idx000003_3fe097836279_seed42_L2_M2_betaanalytic_instance_amplified.npz,33.02696084976196,2026-09-09 08:41:48,x86_64,dacsvm-cpunode01,,32,32,3.11.15,0.24,True,False,True,False,,True,True,True,False,adam,False,hamqaoa,0.001,standard,2,2,42,scs,1e-06,100000,False,False,False,hog,False,False,False,False,False,False,True,1,HOG_graphs/Exp5/path_graphs_2to12vertices_11instances_AdjacencyList.txt,True,Results/warm_start_cache,512,60,0,16,1,1,0,0,5,0,5,10,42,True,_FINAL_BENCHMARKS_STANDARD,1,42,3,"[(1, 2), (3, 4), (0, 1), (2, 3)]","[1.0, 1.0, 1.0, 1.0]"
80dc731d,2,1,3,75.0,False,True,"[1, 1, 1]",,1.9999998910740424,0.9999999455370212,0.5655328708703277,0.818309757404599,0.818309757404599,True,analytic_instance,1.0,0.015662087127566338,0.49999996166691896,0.5655328708703274,0.5655328708703277,0.5655328708703277,"[0.5655328708703277, 0.5694813808850847, 0.5734026804001691, 0.5772957210865253, 0.5811594078090623, 0.5849927249471589, 0.5887946107471267, 0.5925640001545897, 0.5962998297247902, 0.6000010440980499, 0.6036666099117541, 0.6072955367501103, 0.6108869135890851, 0.6144399681203789, 0.6179541024227844, 0.6214288350770532, 0.6248636780725465, 0.6282580776571769, 0.6316114298229862, 0.6349231392845635, 0.6381926904188335, 0.6414196751552252, 0.6446037656885478, 0.6477446656777781, 0.6508421101691181, 0.6538958743343943, 0.6569057781353956, 0.65987169456141, 0.6627935394285107, 0.6656712778173157, 0.6685049262092869, 0.6712945497359943, 0.674040254835144, 0.6767422009101025, 0.6794005938329091, 0.682015680213117, 0.6845877466754644, 0.6871171206308386, 0.6896041744572198, 0.6920493243516738, 0.6944530222724007, 0.6968157493221677, 0.6991380186662566, 0.7014203833839678, 0.7036634278629735, 0.7058677720741682, 0.7080340502753295, 0.7101629217857921, 0.712255080980257, 0.7143112496006592, 0.7163321613351876, 0.7183185525799178, 0.7202712122587986, 0.7221909307333623, 0.7240784971519008, 0.7259347270446201, 0.7277604556687259, 0.7295565122711353, 0.7313237364954862, 0.7330629889974399, 0.7347751148210131, 0.7364609758477683, 0.7381214422115254, 0.739757363121414, 0.7413696128489745, 0.7429590510564038, 0.7445265276626633, 0.7460729174132329, 0.7475990459429893, 0.7491057866754437, 0.7505939581163199, 0.7520643995634808, 0.7535179384497129, 0.7549553790754251, 0.7563775421301993, 0.7577852068111212]",75,0.5655328708703274,,0.38450467188158743,0.5155704902884044,0.7577852068111212,,0.7577852068111212,,,,6.64098858833313,6.824625492095947,True,0.18450403213500977,0.0008566379547119141,0.0,0.18450403213500977,Results/warm_start_cache/path_graphs_2to12vertices_11instances_AdjacencyList__filehash_01292d61/hog_idx000000_cd0336d2cdf0_seed42_L2_M2_betaanalytic_instance_amplified.npz,6.653444766998291,2026-09-09 08:41:49,x86_64,dacsvm-cpunode01,,32,32,3.11.15,0.23,True,False,True,True,1,True,False,True,False,adam,False,hamqaoa,0.001,standard,2,2,42,scs,1e-06,100000,False,False,False,hog,False,False,False,False,False,False,True,1,HOG_graphs/Exp5/path_graphs_2to12vertices_11instances_AdjacencyList.txt,True,Results/warm_start_cache,512,60,0,16,1,1,0,0,5,0,5,10,42,True,_FINAL_BENCHMARKS_STANDARD,1,42,0,"[(0, 1)]",[1.0]
941d26a3,8,7,3,75.0,False,True,"[1, 1, 1]",,10.249997980679638,5.124998990339819,2.9318775921770026,3.122472884601499,3.122472884601499,True,analytic_instance,0.6917064812610668,0.014594832435250282,2.4153173601498215,2.931877592177005,2.931877592177005,2.931877592177005,"[2.931877592177005, 2.9345763037382815, 2.937164627353035, 2.9396486117600795, 2.942028793339706, 2.944305233526922, 2.9464781823189146, 2.9485483119437204, 2.950516860378505, 2.952385706104575, 2.9541574985474317, 2.955835699935218, 2.9574246343501747, 2.9589295331281575, 2.9603564737233543, 2.9617122796223003, 2.963004391558483, 2.964240629344795, 2.9654289587112577, 2.966577235628954, 2.9676930274181808, 2.968783459158662, 2.9698551397713966, 2.9709141629702933, 2.9719661028173725, 2.9730160825769136, 2.9740688143361433, 2.9751286392148564, 2.9761995758978292, 2.977285329335564, 2.9783893116707825, 2.9795146315970533, 2.9806640978314474, 2.9818402139886153, 2.9830451745689226, 2.9842808780382404, 2.9855489449046893, 2.9868506913874415, 2.9881871562882036, 2.9895591266247696, 2.9909671650347707, 2.9924116146795465, 2.993892635617599, 2.995410236056667, 2.9969642773639267, 2.9985545167984715, 3.000180609982275, 3.001842141592919, 3.003538648622802, 3.0052696202868465, 3.007034490986063, 3.0088326811855035, 3.010663580541271, 3.0125265379022306, 3.0144208797254115, 3.016345900230755, 3.0183008590091482, 3.0202849830828247, 3.0222974547785326, 3.0243374365800046, 3.026404057328636, 3.028496403489079, 3.030613538351695, 3.0327544921744467, 3.0349182458048536, 3.0371037563771273, 3.0393099665349226, 3.041535781424813, 3.0437800645884168, 3.046041656976261, 3.048319395807832, 3.0506120698059465, 3.05291845759914, 3.0552373457902626, 3.0575674728603888, 3.059907584879283]",75,0.5720736765223424,,0.25605998540455666,1.2891804494589234,3.059907584879283,,0.5970551385130308,,,,24.802016496658325,698.8750801086426,True,674.0756945610046,0.0026178359985351562,0.0,674.0756945610046,Results/warm_start_cache/path_graphs_2to12vertices_11instances_AdjacencyList__filehash_01292d61/hog_idx000006_749a375e0266_seed42_L2_M2_betaanalytic_instance_amplified.npz,24.810123920440674,2026-09-09 08:41:50,x86_64,dacsvm-cpunode01,,32,32,3.11.15,0.28,True,False,True,False,,True,True,True,False,adam,False,hamqaoa,0.001,standard,2,2,42,scs,1e-06,100000,False,False,False,hog,False,False,False,False,False,False,True,1,HOG_graphs/Exp5/path_graphs_2to12vertices_11instances_AdjacencyList.txt,True,Results/warm_start_cache,512,60,0,16,1,1,0,0,5,0,5,10,42,True,_FINAL_BENCHMARKS_STANDARD,1,42,6,"[(0, 1), (2, 3), (1, 2), (5, 6), (3, 4), (4, 5), (6, 7)]","[1.0, 1.0, 1.0, 1.0, 1.0, 1.0, 1.0]"
d5acfc32,9,8,3,75.0,False,True,"[1, 1, 1]",,11.481763886857221,5.740881943428611,3.8360628618839647,3.4182190863704576,3.4182190863704576,True,analytic_instance,0.5996524687296271,0.015496063977479935,3.504874989922313,3.836062861883965,3.8360628618839665,3.8360628618839665,"[3.8360628618839665, 3.845633326242301, 3.854941794028559, 3.863988162069305, 3.8727684784886307, 3.8812787379797116, 3.889515326114065, 3.897475169439587, 3.9051557745116456, 3.912555381059685, 3.9196729687955183, 3.926508283355893, 3.9330619300349, 3.9393353421491244, 3.9453308473419755, 3.9510516449091098, 3.9565018676028343, 3.9616865159193013, 3.9666114715602805, 3.971283476681525, 3.975710112790123, 3.979899736983222, 3.98386143939623, 3.987604967477914, 3.991140651092451, 3.9944793310507514, 3.9976322527705523, 4.000610987018304, 4.003427305299311, 4.00609308346023, 4.008620168381635, 4.011020284341523, 4.013304930237592, 4.0154852703943265, 4.0175720456358865, 4.019575458700251, 4.021505141814144, 4.02337005830397, 4.025178477429704, 4.0269379329508, 4.028655197473365, 4.0303362732269665, 4.031986406347125, 4.033610093988424, 4.035211124293225, 4.036792615116241, 4.03835706975496, 4.039906416448184, 4.04144206752513, 4.042964991720504, 4.044475747630837, 4.045974580908845, 4.047461461682484, 4.048936161707568, 4.050398272991962, 4.051847284563136, 4.0532826349740505, 4.054703728773106, 4.056109976506527, 4.05750084415925, 4.05887584421133, 4.060234569879564, 4.061576707949476, 4.062902068399505, 4.064210550507118, 4.065502172794353, 4.0667770514198835, 4.068035417270575, 4.069277606334219, 4.070504024602761, 4.071715172521269, 4.072911616165123, 4.074093972850852, 4.075262942875922, 4.076419208942263, 4.077563533324314]",75,0.6687696760606634,,0.48300134288069785,1.145377086804002,4.077563533324314,,0.710872303578158,,,,35.531798362731934,1588.5644578933716,True,1553.038147687912,0.005475759506225586,0.0,1553.038147687912,Results/warm_start_cache/path_graphs_2to12vertices_11instances_AdjacencyList__filehash_01292d61/hog_idx000007_7fe36149e5ca_seed42_L2_M2_betaanalytic_instance_amplified.npz,35.542386054992676,2026-09-09 08:41:50,x86_64,dacsvm-cpunode01,,32,32,3.11.15,0.43,True,False,True,False,,True,True,True,False,adam,False,hamqaoa,0.001,standard,2,2,42,scs,1e-06,100000,False,False,False,hog,False,False,False,False,False,False,True,1,HOG_graphs/Exp5/path_graphs_2to12vertices_11instances_AdjacencyList.txt,True,Results/warm_start_cache,512,60,0,16,1,1,0,0,5,0,5,10,42,True,_FINAL_BENCHMARKS_STANDARD,1,42,7,"[(0, 1), (2, 3), (1, 2), (5, 6), (3, 4), (7, 8), (4, 5), (6, 7)]","[1.0, 1.0, 1.0, 1.0, 1.0, 1.0, 1.0, 1.0]"
46ce4694,7,6,3,75.0,False,True,"[1, 1, 1]",,8.67465685114911,4.337328425574555,3.083761351881484,2.5895418396417273,2.5895418396417273,True,analytic_instance,0.6188802782977683,0.01441548764705658,2.7365048370527694,3.0837613518814835,3.0837613518814835,3.0837613518814835,"[3.0837613518814835, 3.0898670526062606, 3.0956882928384912, 3.101222173390829, 3.1064668275263045, 3.11142303527737, 3.1160950842631436, 3.12049185028811, 3.1246276863568476, 3.1285230942614213, 3.1322046219728352, 3.135703722181682, 3.1390544004081686, 3.142290031606597, 3.145440222755025, 3.1485287520312886, 3.1515728551953073, 3.1545837034168076, 3.157567523388724, 3.160526836297036, 3.1634616689651756, 3.1663704152021586, 3.169250533399382, 3.1720989696896273, 3.1749124520389578, 3.1776876992286835, 3.180421523280591, 3.1831109130053514, 3.1857530813192834, 3.1883454712437898, 3.1908857835743096, 3.1933719693968, 3.195802228924061, 3.1981750140525165, 3.200489015591036, 3.2027431596793554, 3.20493658962142, 3.2070686730044446, 3.2091389793011817, 3.2111472788161115, 3.21309351354282, 3.214977805869362, 3.2168004667074714, 3.2185619497420155, 3.2202628617149283, 3.221903931613652, 3.2234860307374196, 3.2250101515624072, 3.2264773841566443, 3.2278889351582487, 3.2292460763683324, 3.230550174622732, 3.2318026762463345, 3.2330051008044975, 3.2341590266575015, 3.2352661089239745, 3.2363280324906767, 3.2373465366741887, 3.238323405995528, 3.2392604667883047, 3.2401595735086977, 3.2410226171697567, 3.2418515112459576, 3.242648200475915, 3.2434146245019764, 3.244152734609474, 3.244864488527685, 3.2455518462943194, 3.2462167316682096, 3.2468610679025898, 3.247486744820873, 3.248095615934042, 3.2486894884224378, 3.249270109170766, 3.249839195419405, 3.250398378495729]",75,0.7111995737734048,,0.33327405322849124,1.0277870828859195,3.250398378495729,,0.7496306223468009,,,,19.61988401412964,239.03151154518127,True,219.414124250412,0.002486705780029297,0.0,219.414124250412,Results/warm_start_cache/path_graphs_2to12vertices_11instances_AdjacencyList__filehash_01292d61/hog_idx000005_800a0f5af338_seed42_L2_M2_betaanalytic_instance_amplified.npz,19.631394863128662,2026-09-09 08:41:53,x86_64,dacsvm-cpunode01,,32,32,3.11.15,0.26,True,False,True,False,,True,True,True,False,adam,False,hamqaoa,0.001,standard,2,2,42,scs,1e-06,100000,False,False,False,hog,False,False,False,False,False,False,True,1,HOG_graphs/Exp5/path_graphs_2to12vertices_11instances_AdjacencyList.txt,True,Results/warm_start_cache,512,60,0,16,1,1,0,0,5,0,5,10,42,True,_FINAL_BENCHMARKS_STANDARD,1,42,5,"[(0, 1), (2, 3), (1, 2), (5, 6), (3, 4), (4, 5)]","[1.0, 1.0, 1.0, 1.0, 1.0, 1.0]"
88cee4c3,6,5,5,75.0,False,True,"[1, 1, 1]",,7.487153667307896,3.743576833653948,2.4155495555577597,2.3243575295762633,2.3243575295762633,True,analytic_instance,0.7720086525015887,0.012710241600871086,2.213250713811337,2.4155495555577593,2.4155495555577593,2.4155495555577593,"[2.4155495555577593, 2.4190577756675395, 2.4226100151191052, 2.4259834391693174, 2.429280507307951, 2.4325331580265495, 2.435694126455058, 2.4387392916550112, 2.4416845159245564, 2.4445518254464287, 2.447338392835786, 2.4500310087737738, 2.4526255353647084, 2.455129149803444, 2.4575503955077758, 2.4598925875782727, 2.4621551562299993, 2.4643374198712484, 2.466440890619121, 2.4684691926487967, 2.4704267572173095, 2.472317680110256, 2.474145420790445, 2.475913081082254, 2.477623766110768, 2.479280875561948, 2.4808881126465057, 2.4824494460049893, 2.4839688953102876, 2.4854504098129815, 2.4868977515304613, 2.4883144866366655, 2.4897040735204947, 2.49106990222363, 2.492415319084898, 2.493743576938681, 2.4950577011700132, 2.4963604141421483, 2.497654078864096, 2.498940695703839, 2.5002219239378656, 2.501499032895987, 2.5027730193576163, 2.5040445795778825, 2.5053141756694632, 2.506582061929622, 2.50784831324982, 2.5091128655911494, 2.5103755635159666, 2.511636189580919, 2.5128945093710087, 2.514150319954987, 2.5154034554978817, 2.5166538062004915, 2.5179012877538827, 2.519145881810347, 2.520387623621781, 2.521626637956742, 2.5228631607772494, 2.5240975618411667, 2.525330368561531, 2.526562282038528, 2.5277941649440874, 2.529027052430314, 2.5302621255486324, 2.5315006773514837, 2.532744112011203, 2.533993905132262, 2.5352515636641018, 2.5365186211408584, 2.537796571098763, 2.539086858214692, 2.5403908436987064, 2.5417097814526337, 2.5430448040800346, 2.544396915190109]",75,0.6451788342835895,,0.2576947192646992,0.6622924027575436,2.544396915190109,,0.6795931931597513,,,,38.76491737365723,94.30464601516724,True,55.541364431381226,0.0016248226165771484,0.0,55.541364431381226,Results/warm_start_cache/path_graphs_2to12vertices_11instances_AdjacencyList__filehash_01292d61/hog_idx000004_2a8a9b462e5e_seed42_L2_M2_betaanalytic_instance_amplified.npz,38.777366399765015,2026-09-09 08:41:53,x86_64,dacsvm-cpunode01,,32,32,3.11.15,0.25,True,False,True,False,,True,True,True,False,adam,False,hamqaoa,0.001,standard,2,2,42,scs,1e-06,100000,False,False,False,hog,False,False,False,False,False,False,True,1,HOG_graphs/Exp5/path_graphs_2to12vertices_11instances_AdjacencyList.txt,True,Results/warm_start_cache,512,60,0,16,1,1,0,0,5,0,5,10,42,True,_FINAL_BENCHMARKS_STANDARD,1,42,4,"[(0, 1), (2, 3), (1, 2), (3, 4), (4, 5)]","[1.0, 1.0, 1.0, 1.0, 1.0]"
a5711e67,4,3,1,75.0,False,True,"[1, 1, 1]",,4.732050798956174,2.366025399478087,1.2894299748265592,1.5473448963148935,1.5473448963148935,True,analytic_instance,0.9270492903190369,0.011019479483366013,1.0158169216458797,1.2894299748265592,1.2894299748265592,1.2894299748265592,"[1.2894299748265592, 1.2915749617294667, 1.2937120165419786, 1.2958411083473724, 1.2979620989392449, 1.300074836289092, 1.3021791631512418, 1.3042749201097674, 1.306361947255217, 1.308440086723239, 1.3105091809739113, 1.3125690744469811, 1.314619613803387, 1.316660647544841, 1.3186920271968126, 1.3207136067327472, 1.3227252430815415, 1.324726796040789, 1.32671812869038, 1.328699108913437, 1.3306696058180596, 1.3326294937755114, 1.334578650675423, 1.3365169570492486, 1.3384442980046654, 1.3403605607549463, 1.34226563800169, 1.3441594253268379, 1.3460418229863689, 1.3479127339103345, 1.349772064572524, 1.35161972754511, 1.353455634677634, 1.3552797047723315, 1.3570918594936954, 1.3588920241395666, 1.360680129162391, 1.3624561051178319, 1.3642198867156439, 1.3659714124873077, 1.367710625233344, 1.3694374714201192, 1.3711518995510308, 1.372853861507092, 1.3745433115501933, 1.3762202068763625, 1.3778845075958983, 1.379536176915759, 1.381175182637021, 1.3828014927214598, 1.3844150797937047, 1.3860159201057454, 1.3876039898674133, 1.3891792679850588, 1.390741738250692, 1.392291387974691, 1.393828204374255, 1.3953521781190081, 1.3968633032579008, 1.3983615724479934, 1.3998469868584325, 1.4013195462013532, 1.4027792543831552, 1.4042261176647035, 1.4056601445490902, 1.4070813464291072, 1.4084897331750585, 1.409885323218464, 1.4112681346847002, 1.4126381885480905, 1.413995507350247, 1.4153401167398172, 1.4166720457198547, 1.4179913248642975, 1.4192979872521305, 1.4205920676653763]",75,0.5449830831895854,,0.26232418567763416,0.8095502920389932,1.4205920676653763,,0.6004193016337177,,,,3.578439712524414,7.036716461181641,True,3.4597456455230713,0.0014581680297851562,0.0,3.4597456455230713,Results/warm_start_cache/path_graphs_2to12vertices_11instances_AdjacencyList__filehash_01292d61/hog_idx000002_f26a0b535d4f_seed42_L2_M2_betaanalytic_instance_amplified.npz,3.5917229652404785,2026-09-09 08:41:58,x86_64,dacsvm-cpunode01,,32,32,3.11.15,0.22,True,False,True,False,,True,True,True,False,adam,False,hamqaoa,0.001,standard,2,2,42,scs,1e-06,100000,False,False,False,hog,False,False,False,False,False,False,True,1,HOG_graphs/Exp5/path_graphs_2to12vertices_11instances_AdjacencyList.txt,True,Results/warm_start_cache,512,60,0,16,1,1,0,0,5,0,5,10,42,True,_FINAL_BENCHMARKS_STANDARD,1,42,2,"[(1, 2), (0, 1), (2, 3)]","[1.0, 1.0, 1.0]"
2e6966a0,2,1,4,75.0,False,True,"[1, 1, 1]",,1.9999998910740424,0.9999999455370212,0.5655328708703277,0.818309757404599,0.818309757404599,True,analytic_instance,1.0,0.015662087127566338,0.49999996166691896,0.5655328708703274,0.5655328708703277,0.5655328708703277,"[0.5655328708703277, 0.5707912881431312, 0.5760009263966176, 0.5811594568015197, 0.5862645821830812, 0.5913141688845357, 0.5963060006935947, 0.6012378686276852, 0.6061075941924924, 0.6109130605169756, 0.6156522889121039, 0.6203235564278181, 0.62492549723258, 0.6294569898632781, 0.6339168809675952, 0.6383039064229985, 0.642616798064402, 0.646854374167239, 0.651015590130001, 0.6550996303710823, 0.6591059242111834, 0.6630340634469684, 0.6668837304157105, 0.6706546944362997, 0.6743468307373153, 0.6779601426400649, 0.6814947588943501, 0.6849509392049047, 0.6883290770508453, 0.6916296855068944, 0.6948534063284287, 0.6980010058120567, 0.7010733925083361, 0.7040715637092559, 0.706996636389819, 0.7098498428009702, 0.7126325256690436, 0.7153461217708976, 0.7179921436448654, 0.7205722043407576, 0.7230880164632286, 0.7255413345047466, 0.7279339898705763, 0.7302678983676252, 0.7325450051789155, 0.7347673085602037, 0.7369368643968873, 0.739055740056429, 0.7411260550433085, 0.7431499386014504, 0.7451295252947521, 0.7470669951744264, 0.7489644887388716, 0.7508241724679089, 0.7526482034709369, 0.7544387106720583, 0.7561978245544556, 0.7579276368871154, 0.759630222213728, 0.7613076184743288, 0.7629618283262313, 0.7645948221760919, 0.7662085146931317, 0.7678047924202566, 0.769385478429361, 0.7709523511887, 0.7725071430726924, 0.7740515237903955, 0.7755870987519203, 0.7771154518363704, 0.7786380635987642, 0.7801563731996608, 0.7816717799439037, 0.7831855884109998, 0.7846990646022043, 0.7862134176980186]",75,0.5655328708703274,,0.44136109365538223,0.5724269120621992,0.7862134176980186,,0.7862134176980186,,,,10.380300521850586,10.563746213912964,True,0.18450403213500977,0.0010466575622558594,0.0,0.18450403213500977,Results/warm_start_cache/path_graphs_2to12vertices_11instances_AdjacencyList__filehash_01292d61/hog_idx000000_cd0336d2cdf0_seed42_L2_M2_betaanalytic_instance_amplified.npz,10.389098882675171,2026-09-09 08:41:58,x86_64,dacsvm-cpunode01,,32,32,3.11.15,0.23,True,False,True,True,1,True,False,True,False,adam,False,hamqaoa,0.001,standard,2,2,42,scs,1e-06,100000,False,False,False,hog,False,False,False,False,False,False,True,1,HOG_graphs/Exp5/path_graphs_2to12vertices_11instances_AdjacencyList.txt,True,Results/warm_start_cache,512,60,0,16,1,1,0,0,5,0,5,10,42,True,_FINAL_BENCHMARKS_STANDARD,1,42,0,"[(0, 1)]",[1.0]
b25e37cb,2,1,5,75.0,False,True,"[1, 1, 1]",,1.9999998910740424,0.9999999455370212,0.5655328708703277,0.818309757404599,0.818309757404599,True,analytic_instance,1.0,0.015662087127566338,0.49999996166691896,0.5655328708703274,0.5655328708703277,0.5655328708703277,"[0.5655328708703277, 0.5720980204580399, 0.5785863754486433, 0.5849935789794102, 0.5913154139908082, 0.5975480726164147, 0.6036876033779806, 0.6097301162508711, 0.6156718614070478, 0.6215093713907935, 0.6272396376836915, 0.632860137448233, 0.6383685779592213, 0.6437626658974793, 0.6490401671599086, 0.6541990799963061, 0.6592376728910107, 0.6641544796722654, 0.6689483822481563, 0.6736186519570887, 0.6781648729161209, 0.6825868753758334, 0.6868847171349433, 0.691058707857001, 0.6951094324745779, 0.6990377626427796, 0.7028448540922663, 0.7065321357436808, 0.7101013170078373, 0.7135543917617337, 0.7168936274375088, 0.7201215123561829, 0.7232407933144642, 0.726254450801832, 0.7291656726088873, 0.7319778326980984, 0.7346945099361152, 0.7373194131864205, 0.7398564098571083, 0.7423094931129495, 0.7446827463795858, 0.7469803578324576, 0.7492065571712229, 0.7513656416303823, 0.7534619172933206, 0.7554997061590474, 0.757483325227174, 0.7594170497514392, 0.7613051233828586, 0.7631517253885085, 0.7649609508473023, 0.7667368248025773, 0.7684832463995759, 0.7702040375165935, 0.7719028502419918, 0.7735832501640982, 0.7752486303770298, 0.7769022513076788, 0.778547230586603, 0.7801865149781865, 0.7818228966614307, 0.7834590272301554, 0.7850973750560697, 0.7867402576496818, 0.7883898381928123, 0.7900481217839657, 0.7917169602221956, 0.7933980587358256, 0.795092971339052, 0.7968031164091443, 0.7985297844702871, 0.8002741448006565, 0.8020372029951913, 0.8038198566478452, 0.8056229436824023, 0.8074471739224213]",75,0.5655328708703274,,0.48382860610418765,0.6148944245110046,0.8074471739224213,,0.8074471739224213,,,,14.449677467346191,14.633277654647827,True,0.18450403213500977,0.0008916854858398438,0.0,0.18450403213500977,Results/warm_start_cache/path_graphs_2to12vertices_11instances_AdjacencyList__filehash_01292d61/hog_idx000000_cd0336d2cdf0_seed42_L2_M2_betaanalytic_instance_amplified.npz,14.455267429351807,2026-09-09 08:42:02,x86_64,dacsvm-cpunode01,,32,32,3.11.15,0.23,True,False,True,True,1,True,False,True,False,adam,False,hamqaoa,0.001,standard,2,2,42,scs,1e-06,100000,False,False,False,hog,False,False,False,False,False,False,True,1,HOG_graphs/Exp5/path_graphs_2to12vertices_11instances_AdjacencyList.txt,True,Results/warm_start_cache,512,60,0,16,1,1,0,0,5,0,5,10,42,True,_FINAL_BENCHMARKS_STANDARD,1,42,0,"[(0, 1)]",[1.0]
9852abe2,8,7,4,75.0,False,True,"[1, 1, 1]",,10.249997980679638,5.124998990339819,2.9318775921770026,3.122472884601499,3.122472884601499,True,analytic_instance,0.6917064812610668,0.014594832435250282,2.4153173601498215,2.931877592177005,2.931877592177005,2.931877592177005,"[2.931877592177005, 2.935428535434822, 2.9387851200407162, 2.9419589388644116, 2.944951311962298, 2.9477632183744724, 2.9503965106700103, 2.9528545015270256, 2.955142413441264, 2.957267640968207, 2.9592400395630905, 2.961071876304912, 2.9627776655824913, 2.9643736376989485, 2.9658769807475673, 2.9673050804656045, 2.968674774372553, 2.9700019161752884, 2.9713011842676433, 2.9725860682237366, 2.9738689334306327, 2.9751611370325803, 2.976473092008776, 2.9778142696640337, 2.9791931895377233, 2.9806174010088835, 2.9820934258897673, 2.9836267262678087, 2.985221670874753, 2.9868815703372835, 2.988608722454918, 2.9904044838325308, 2.99226936252126, 2.9942031386326633, 2.9962050231512776, 2.9982736994821932, 3.000407513616092, 3.0026045780436625, 3.0048628620237072, 3.007180307209106, 3.0095548634300067, 3.0119845880271834, 3.0144676336138483, 3.017002247291058, 3.019586753082703, 3.022219563064995, 3.0248991263887706, 3.0276238908258977, 3.0303922943818984, 3.0332027213268318, 3.0360534404546073, 3.0389426334507315, 3.041868351167883, 3.0448284784511626, 3.047820744785221, 3.050842718194743, 3.0538918041720757, 3.0569652860049334, 3.0600602865405273, 3.063173825477283, 3.0663028192690236, 3.0694440984218274, 3.072594428365166, 3.0757505383377195, 3.078909114512396, 3.0820668343787947, 3.0852203512209866, 3.088366325171078, 3.0915014250011437, 3.0946223260690653, 3.0977257206956335, 3.100808348102112, 3.103866951454378, 3.1068983508168895, 3.1098994068049706, 3.1128670288777243]",75,0.5720736765223424,,0.36197887340143886,1.3950993374558056,3.1128670288777243,,0.6073886885615072,,,,39.62516736984253,713.697411775589,True,674.0756945610046,0.003437042236328125,0.0,674.0756945610046,Results/warm_start_cache/path_graphs_2to12vertices_11instances_AdjacencyList__filehash_01292d61/hog_idx000006_749a375e0266_seed42_L2_M2_betaanalytic_instance_amplified.npz,39.66346073150635,2026-09-09 08:42:05,x86_64,dacsvm-cpunode01,,32,32,3.11.15,0.29,True,False,True,False,,True,True,True,False,adam,False,hamqaoa,0.001,standard,2,2,42,scs,1e-06,100000,False,False,False,hog,False,False,False,False,False,False,True,1,HOG_graphs/Exp5/path_graphs_2to12vertices_11instances_AdjacencyList.txt,True,Results/warm_start_cache,512,60,0,16,1,1,0,0,5,0,5,10,42,True,_FINAL_BENCHMARKS_STANDARD,1,42,6,"[(0, 1), (2, 3), (1, 2), (5, 6), (3, 4), (4, 5), (6, 7)]","[1.0, 1.0, 1.0, 1.0, 1.0, 1.0, 1.0]"
5002e46f,4,3,2,75.0,False,True,"[1, 1, 1]",,4.732050798956174,2.366025399478087,1.2894299748265592,1.5473448963148935,1.5473448963148935,True,analytic_instance,0.9270492903190369,0.011019479483366013,1.0158169216458797,1.2894299748265592,1.2894299748265592,1.2894299748265592,"[1.2894299748265592, 1.293711298835152, 1.2979605284223659, 1.3021772744491422, 1.3063607262002468, 1.3105100267807803, 1.3146242986068863, 1.3187026721278903, 1.322744288801323, 1.32674829923879, 1.3307138729379882, 1.3346401964935932, 1.3385264762015487, 1.3423719439925876, 1.3461758553839895, 1.3499374968214752, 1.3536561846578847, 1.3573312616102473, 1.3609621064510704, 1.3645481293517951, 1.36808878012861, 1.3715835433082493, 1.3750319389898753, 1.3784335290977363, 1.3817879161000413, 1.3850947392611512, 1.388353679512449, 1.39156446381793, 1.3947268568570768, 1.3978406682602886, 1.40090575109893, 1.4039220025296186, 1.4068893607922122, 1.4098078074172404, 1.4126773669119739, 1.415498111198434, 1.4182701508555502, 1.4209936419168052, 1.4236687803884802, 1.4262958063823552, 1.4288750024875148, 1.4314066906574874, 1.4338912338280396, 1.4363290388818006, 1.4387205490920152, 1.4410662483323344, 1.4433666586155494, 1.445622340997349, 1.4478338945377285, 1.4500019519259126, 1.4521271835087979, 1.4542102943651187, 1.456252025590366, 1.4582531516312274, 1.460214479252709, 1.4621368478570185, 1.4640211271337453, 1.465868217176919, 1.4676790488430256, 1.469454581230617, 1.471195798716305, 1.4729037182044271, 1.4745793773697653, 1.4762238360983764, 1.4778381820384245, 1.4794235225903865, 1.4809809862122367, 1.4825117211917451, 1.484016894312231, 1.485497687160519, 1.4869552980894096, 1.4883909348849735, 1.489805818299789, 1.4912011751879746, 1.4925782333067914, 1.493938227152729]",75,0.5449830831895854,,0.40901650465233974,0.9562426110136988,1.493938227152729,,0.6314193690417282,,,,7.156928062438965,10.615715026855469,True,3.4597456455230713,0.0009474754333496094,0.0,3.4597456455230713,Results/warm_start_cache/path_graphs_2to12vertices_11instances_AdjacencyList__filehash_01292d61/hog_idx000002_f26a0b535d4f_seed42_L2_M2_betaanalytic_instance_amplified.npz,7.185806512832642,2026-09-09 08:42:08,x86_64,dacsvm-cpunode01,,32,32,3.11.15,0.23,True,False,True,False,,True,True,True,False,adam,False,hamqaoa,0.001,standard,2,2,42,scs,1e-06,100000,False,False,False,hog,False,False,False,False,False,False,True,1,HOG_graphs/Exp5/path_graphs_2to12vertices_11instances_AdjacencyList.txt,True,Results/warm_start_cache,512,60,0,16,1,1,0,0,5,0,5,10,42,True,_FINAL_BENCHMARKS_STANDARD,1,42,2,"[(1, 2), (0, 1), (2, 3)]","[1.0, 1.0, 1.0]"
53aad626,7,6,4,75.0,False,True,"[1, 1, 1]",,8.67465685114911,4.337328425574555,3.083761351881484,2.5895418396417273,2.5895418396417273,True,analytic_instance,0.6188802782977683,0.01441548764705658,2.7365048370527694,3.0837613518814835,3.0837613518814835,3.0837613518814835,"[3.0837613518814835, 3.091840842660491, 3.099412269486863, 3.10647149737424, 3.113019716280495, 3.119067940774031, 3.1246409482768067, 3.1297808250403327, 3.1345478274630953, 3.1390159572410417, 3.143262668831377, 3.1473566476897954, 3.1513495164781626, 3.1552743442991686, 3.1591487523674964, 3.1629796373613064, 3.1667673160421517, 3.170508423614374, 3.1741977907865198, 3.177829482266706, 3.181397468282887, 3.1848959138106454, 3.1883193588920036, 3.191662821510997, 3.194921808415105, 3.198092357723144, 3.20117102321608, 3.204154876462436, 3.207041504005566, 3.209828993491487, 3.212515909839232, 3.2151013331750318, 3.217584790072254, 3.219966296878203, 3.222246315370067, 3.2244257303671775, 3.226505860670579, 3.2284884234874416, 3.230375502203833, 3.2321695298299935, 3.233873257516726, 3.235489736462842, 3.2370222667773585, 3.238474367044523, 3.2398497318568467, 3.2411522095749095, 3.242385771598584, 3.243554450108118, 3.2446623607750085, 3.2457136658587027, 3.24671251198706, 3.2476630374722606, 3.248569378235113, 3.249435637719239, 3.25026585964847, 3.251064030651381, 3.2518340547096556, 3.2525797844362163, 3.253304960921603, 3.254013207780585, 3.2547080326451723, 3.2553927931798676, 3.2560706916587514, 3.2567447520423274, 3.2574178202718764, 3.2580925080112744, 3.2587712468293097, 3.259456260909922, 3.2601495544491508, 3.2608528949884183, 3.2615678257361163, 3.2622957101128796, 3.2630377342460117, 3.2637949064068086, 3.264568074975152, 3.265357944530433]",75,0.7111995737734048,,0.3631931852978987,1.057706214955327,3.265357944530433,,0.7530807067643986,,,,32.327948570251465,251.73997402191162,True,219.414124250412,0.0020859241485595703,0.0,219.414124250412,Results/warm_start_cache/path_graphs_2to12vertices_11instances_AdjacencyList__filehash_01292d61/hog_idx000005_800a0f5af338_seed42_L2_M2_betaanalytic_instance_amplified.npz,32.359745264053345,2026-09-09 08:42:09,x86_64,dacsvm-cpunode01,,32,32,3.11.15,0.27,True,False,True,False,,True,True,True,False,adam,False,hamqaoa,0.001,standard,2,2,42,scs,1e-06,100000,False,False,False,hog,False,False,False,False,False,False,True,1,HOG_graphs/Exp5/path_graphs_2to12vertices_11instances_AdjacencyList.txt,True,Results/warm_start_cache,512,60,0,16,1,1,0,0,5,0,5,10,42,True,_FINAL_BENCHMARKS_STANDARD,1,42,5,"[(0, 1), (2, 3), (1, 2), (5, 6), (3, 4), (4, 5)]","[1.0, 1.0, 1.0, 1.0, 1.0, 1.0]"
6c21b9b2,3,2,1,75.0,False,True,"[1, 1, 1]",,2.999999956551125,1.4999999782755624,0.773511278572558,0.9013638578294632,0.9013638578294632,True,analytic_instance,0.6866211658246962,0.011430967599153519,0.6815931294065238,0.7735112785725582,0.7735112785725582,0.7735112785725582,"[0.7735112785725582, 0.7738840736398416, 0.7742536588203899, 0.7746203032448137, 0.774984054098235, 0.7753449315282305, 0.7757029496406652, 0.7760581191717747, 0.7764104512657428, 0.7767599614398948, 0.7771066659230931, 0.7774505850132905, 0.7777917423802511, 0.7781301647728155, 0.7784658823788668, 0.7787989274876611, 0.7791293364209091, 0.7794571480985516, 0.7797824034435832, 0.7801051459687226, 0.7804254201505925, 0.7807432734101453, 0.7810587531056267, 0.7813719083565168, 0.781682788087121, 0.7819914408727321, 0.7822979161029016, 0.782602261537477, 0.7829045245929668, 0.783204749770981, 0.7835029819425533, 0.78379926302121, 0.784093633374818, 0.7843861304568936, 0.7846767895252137, 0.7849656432999311, 0.7852527220777832, 0.7855380528079984, 0.7858216601750462, 0.7861035661509146, 0.7863837906156456, 0.7866623499905585, 0.7869392596939474, 0.7872145325487379, 0.7874881781853901, 0.7877602053879307, 0.7880306213326278, 0.7882994307436861, 0.7885666380839861, 0.7888322461046033, 0.78909625675115, 0.7893586705471157, 0.7896194876780926, 0.7898787082629354, 0.7901363317692784, 0.7903923569564499, 0.7906467828739364, 0.7908996084674069, 0.7911508327189682, 0.7914004546081569, 0.7916484725642736, 0.7918948860676118, 0.7921396931289058, 0.7923828933180646, 0.7926244866525315, 0.7928644722858733, 0.7931028495422106, 0.7933396178167319, 0.7935747771627787, 0.7938083276093884, 0.7940402693006374, 0.7942706037406163, 0.7944993304819388, 0.7947264501911041, 0.7949519631797681, 0.7951758698228404]",75,0.5156741857150388,,0.04332918250056439,0.2271654808326331,0.7951758698228404,,0.5301172465485603,,,,3.1173787117004395,3.943445920944214,True,0.8278284072875977,0.0017507076263427734,0.0,0.8278284072875977,Results/warm_start_cache/path_graphs_2to12vertices_11instances_AdjacencyList__filehash_01292d61/hog_idx000001_9f99b1afad88_seed42_L2_M2_betaanalytic_instance_amplified.npz,3.1313982009887695,2026-09-09 08:42:10,x86_64,dacsvm-cpunode01,,32,32,3.11.15,0.22,True,False,True,False,,True,False,True,False,adam,False,hamqaoa,0.001,standard,2,2,42,scs,1e-06,100000,False,False,False,hog,False,False,False,False,False,False,True,1,HOG_graphs/Exp5/path_graphs_2to12vertices_11instances_AdjacencyList.txt,True,Results/warm_start_cache,512,60,0,16,1,1,0,0,5,0,5,10,42,True,_FINAL_BENCHMARKS_STANDARD,1,42,1,"[(1, 2), (0, 1)]","[1.0, 1.0]"
632d79f6,9,8,4,75.0,False,True,"[1, 1, 1]",,11.481763886857221,5.740881943428611,3.8360628618839647,3.4182190863704576,3.4182190863704576,True,analytic_instance,0.5996524687296271,0.015496063977479935,3.504874989922313,3.836062861883965,3.8360628618839665,3.8360628618839665,"[3.8360628618839665, 3.848768726482301, 3.861004804420421, 3.87276910852724, 3.8840534250216066, 3.8948500724861908, 3.9051527088806934, 3.9149566277509935, 3.9242590570536753, 3.933059308096245, 3.9413590033269204, 3.9491621599488624, 3.9564753119564924, 3.9633076664060822, 3.9696710618667557, 3.975579975425995, 3.981051529636894, 3.986105342767311, 3.9907633529662623, 3.995049616252351, 3.9989900480856013, 4.002612041802181, 4.005944078043506, 4.009015287640216, 4.011854964617469, 4.014492140654847, 4.016955040624986, 4.019270659588808, 4.021464356226042, 4.023559489667849, 4.025577127645748, 4.027535831494802, 4.0294515547273475, 4.031337592629048, 4.033204624864823, 4.035060813134247, 4.036911974635914, 4.038761781712895, 4.040612052834189, 4.042463016258338, 4.044313584281572, 4.046161664380105, 4.048004407297708, 4.049838502386976, 4.051660376401737, 4.053466451196874, 4.055253294574645, 4.057017778999888, 4.058757223960577, 4.060469424931983, 4.0621527431494195, 4.063806167026267, 4.065429238406413, 4.067022044072249, 4.0685852140340755, 4.070119835561454, 4.071627381587322, 4.073109652842899, 4.074568711384383, 4.076006741893565, 4.077426066117247, 4.078829008266314, 4.080217885646476, 4.081594916646681, 4.082962234253767, 4.084321813223912, 4.085675480453686, 4.087024899834094, 4.088371552913763, 4.089716775725748, 4.091061772710999, 4.092407615998349, 4.093755295029591, 4.095105711899212, 4.096459699438539, 4.0978180692881905]",75,0.6687696760606634,,0.5235104148084506,1.1858861587317548,4.0978180692881905,,0.7144034290948729,,,,55.529393911361694,1608.562216758728,True,1553.038147687912,0.005312204360961914,0.0,1553.038147687912,Results/warm_start_cache/path_graphs_2to12vertices_11instances_AdjacencyList__filehash_01292d61/hog_idx000007_7fe36149e5ca_seed42_L2_M2_betaanalytic_instance_amplified.npz,55.537054777145386,2026-09-09 08:42:10,x86_64,dacsvm-cpunode01,,32,32,3.11.15,0.49,True,False,True,False,,True,True,True,False,adam,False,hamqaoa,0.001,standard,2,2,42,scs,1e-06,100000,False,False,False,hog,False,False,False,False,False,False,True,1,HOG_graphs/Exp5/path_graphs_2to12vertices_11instances_AdjacencyList.txt,True,Results/warm_start_cache,512,60,0,16,1,1,0,0,5,0,5,10,42,True,_FINAL_BENCHMARKS_STANDARD,1,42,7,"[(0, 1), (2, 3), (1, 2), (5, 6), (3, 4), (7, 8), (4, 5), (6, 7)]","[1.0, 1.0, 1.0, 1.0, 1.0, 1.0, 1.0, 1.0]"
607d013c,4,3,3,75.0,False,True,"[1, 1, 1]",,4.732050798956174,2.366025399478087,1.2894299748265592,1.5473448963148935,1.5473448963148935,True,analytic_instance,0.9270492903190369,0.011019479483366013,1.0158169216458797,1.2894299748265592,1.2894299748265592,1.2894299748265592,"[1.2894299748265592, 1.2958389201791984, 1.3021750033574735, 1.3084367795722878, 1.3146218888568837, 1.3207278845119619, 1.3267523130156855, 1.332692772093428, 1.338546906221835, 1.3443124294347881, 1.3499871386618538, 1.355568922414128, 1.3610557736482454, 1.3664458018082157, 1.3717372399157226, 1.3769284544382177, 1.3820179559850805, 1.38700440426871, 1.391886624176356, 1.3966636013627547, 1.4013345049234724, 1.4058986777895244, 1.4103556530798937, 1.414705154899816, 1.418947109459254, 1.4230816373623907, 1.4271090673047697, 1.4310299337322232, 1.4348449771039242, 1.43855514876498, 1.4421616052914883, 1.44566570841014, 1.4490690274115243, 1.452373326330259, 1.4555805661773933, 1.4586929002254685, 1.4617126622292176, 1.4646423646925701, 1.4674846869174, 1.4702424669469711, 1.4729186867240547, 1.4755164677396801, 1.4780390555957332, 1.4804898068175878, 1.4828721745789681, 1.4851897008922963, 1.4874459942978222, 1.4896447239849169, 1.491789599763615, 1.4938843609814474, 1.4959327606319472, 1.497938553128608, 1.4999054807717407, 1.501837256954712, 1.503737552493564, 1.5056099817177233, 1.5074580858732032, 1.5092853214023316, 1.5110950293220409, 1.512890424886626, 1.5146745800869725, 1.516450403367417, 1.518220618579008, 1.519987756989454, 1.5217541279605566, 1.5235218475062045, 1.5252927835036176, 1.5270685941840418, 1.5288507109948852, 1.5306403571112916, 1.5324385515089451, 1.5342461184828862, 1.5360637047068186, 1.5378917935606533, 1.5397307193742773, 1.5415806781578387]",75,0.5449830831895854,,0.5043014066625591,1.0515275130239181,1.5415806781578387,,0.6515556543355193,,,,13.208643913269043,16.66576075553894,True,3.4597456455230713,0.002618074417114258,0.0,3.4597456455230713,Results/warm_start_cache/path_graphs_2to12vertices_11instances_AdjacencyList__filehash_01292d61/hog_idx000002_f26a0b535d4f_seed42_L2_M2_betaanalytic_instance_amplified.npz,13.218833684921265,2026-09-09 08:42:14,x86_64,dacsvm-cpunode01,,32,32,3.11.15,0.23,True,False,True,False,,True,True,True,False,adam,False,hamqaoa,0.001,standard,2,2,42,scs,1e-06,100000,False,False,False,hog,False,False,False,False,False,False,True,1,HOG_graphs/Exp5/path_graphs_2to12vertices_11instances_AdjacencyList.txt,True,Results/warm_start_cache,512,60,0,16,1,1,0,0,5,0,5,10,42,True,_FINAL_BENCHMARKS_STANDARD,1,42,2,"[(1, 2), (0, 1), (2, 3)]","[1.0, 1.0, 1.0]"
334eddab,8,7,5,75.0,False,True,"[1, 1, 1]",,10.249997980679638,5.124998990339819,2.9318775921770026,3.122472884601499,3.122472884601499,True,analytic_instance,0.6917064812610668,0.014594832435250282,2.4153173601498215,2.931877592177005,2.931877592177005,2.931877592177005,"[2.931877592177005, 2.936257109413854, 2.9403343022003203, 2.9441283927308723, 2.947642453099823, 2.9508797473510966, 2.9538463519612503, 2.956552452430002, 2.9590131864783586, 2.9612491008954867, 2.9632859191209153, 2.9651533518877176, 2.9668832287331615, 2.96850748079286, 2.97005664620139, 2.971559104969112, 2.973040937488479, 2.9745260145558063, 2.9760360715767242, 2.97759070079583, 2.9792071900165236, 2.9809003034898978, 2.9826821030529937, 2.9845618089122565, 2.986545833920078, 2.9886379316579856, 2.99083948768514, 2.9931499085866005, 2.995567043042805, 2.9980876173374957, 3.000707601633404, 3.0034225858022428, 3.0062280952961316, 3.0091198237762176, 3.012093770997896, 3.015146338595847, 3.018274313869321, 3.0214748178951742, 3.0247452207953756, 3.0280830858027867, 3.0314859957432447, 3.0349514348531077, 3.0384767066907337, 3.0420588108341597, 3.0456943663658618, 3.0493795438660634, 3.053110074575818, 3.056881215756956, 3.060687786320933, 3.0645241924552513, 3.0683844910702667, 3.0722624866554007, 3.0761517155978164, 3.080045564817705, 3.0839373270007227, 3.087820249589733, 3.091687608079224, 3.0955326740656033, 3.099348810897134, 3.1031294754567136, 3.1068682652995894, 3.110558889807024, 3.114195252057084, 3.1177714349452494, 3.121281704695457, 3.124720599395505, 3.1280828985865488, 3.131363686154179, 3.134558376383335, 3.137662736516189, 3.1406729170769285, 3.1435854994406034, 3.1463975378427613, 3.1491065464201764, 3.1517105753986643, 3.154208154438415]",75,0.5720736765223424,,0.4446611245228205,1.4777815885771872,3.154208154438415,,0.61545524964652,,,,56.49398136138916,730.5667560100555,True,674.0756945610046,0.002907991409301758,0.0,674.0756945610046,Results/warm_start_cache/path_graphs_2to12vertices_11instances_AdjacencyList__filehash_01292d61/hog_idx000006_749a375e0266_seed42_L2_M2_betaanalytic_instance_amplified.npz,56.5022656917572,2026-09-09 08:42:22,x86_64,dacsvm-cpunode01,,32,32,3.11.15,0.32,True,False,True,False,,True,True,True,False,adam,False,hamqaoa,0.001,standard,2,2,42,scs,1e-06,100000,False,False,False,hog,False,False,False,False,False,False,True,1,HOG_graphs/Exp5/path_graphs_2to12vertices_11instances_AdjacencyList.txt,True,Results/warm_start_cache,512,60,0,16,1,1,0,0,5,0,5,10,42,True,_FINAL_BENCHMARKS_STANDARD,1,42,6,"[(0, 1), (2, 3), (1, 2), (5, 6), (3, 4), (4, 5), (6, 7)]","[1.0, 1.0, 1.0, 1.0, 1.0, 1.0, 1.0]"
f8ed7aae,7,6,5,75.0,False,True,"[1, 1, 1]",,8.67465685114911,4.337328425574555,3.083761351881484,2.5895418396417273,2.5895418396417273,True,analytic_instance,0.6188802782977683,0.01441548764705658,2.7365048370527694,3.0837613518814835,3.0837613518814835,3.0837613518814835,"[3.0837613518814835, 3.093783856218747, 3.103009987245231, 3.1114367501055953, 3.119077412311166, 3.1259740848395734, 3.1322081500911283, 3.1379017646894867, 3.14320057314799, 3.1482405010031917, 3.153121115393664, 3.1579003622096353, 3.162604379642742, 3.167240021220397, 3.1718041309360365, 3.176289087490872, 3.1806856489342126, 3.184984439650389, 3.1891765466775315, 3.1932538018905303, 3.197208910009435, 3.2010354784104296, 3.2047280106639935, 3.2082818887523965, 3.2116933752238923, 3.214959613717658, 3.218078615902181, 3.221049242176344, 3.2238712403230974, 3.226545234678597, 3.2290727099956658, 3.2314560171384294, 3.233698347615062, 3.2358036925498914, 3.2377768183288604, 3.2396231883311413, 3.241348912783275, 3.242960644915208, 3.2444654903534937, 3.245870909332699, 3.2471846092087446, 3.248414432344362, 3.2495682392186027, 3.250653864590137, 3.2516789962495936, 3.2526511293696676, 3.2535775182190236, 3.254465158078195, 3.255320732388222, 3.25615063736544, 3.2569609703742843, 3.2577575044714875, 3.2585457029947884, 3.2593307065580555, 3.260117318361214, 3.260909945928707, 3.2617126373584426, 3.2625290268658076, 3.263362332666264, 3.264215327763324, 3.2650903646039726, 3.265989372184669, 3.26691388237309, 3.2678650293004945, 3.2688436142617485, 3.2698502031341397, 3.2708850649645167, 3.2719483015763813, 3.27303991617683, 3.274159786244111, 3.275307773402336, 3.2764837729453546, 3.2776876936231734, 3.2789195094247447, 3.2801793282511973, 3.281467357983898]",75,0.7111995737734048,,0.39541201220482947,1.0899250418622577,3.281467357983898,,0.7567959773948104,,,,46.20543599128723,265.6178433895111,True,219.414124250412,0.0017039775848388672,0.0,219.414124250412,Results/warm_start_cache/path_graphs_2to12vertices_11instances_AdjacencyList__filehash_01292d61/hog_idx000005_800a0f5af338_seed42_L2_M2_betaanalytic_instance_amplified.npz,46.21789526939392,2026-09-09 08:42:23,x86_64,dacsvm-cpunode01,,32,32,3.11.15,0.28,True,False,True,False,,True,True,True,False,adam,False,hamqaoa,0.001,standard,2,2,42,scs,1e-06,100000,False,False,False,hog,False,False,False,False,False,False,True,1,HOG_graphs/Exp5/path_graphs_2to12vertices_11instances_AdjacencyList.txt,True,Results/warm_start_cache,512,60,0,16,1,1,0,0,5,0,5,10,42,True,_FINAL_BENCHMARKS_STANDARD,1,42,5,"[(0, 1), (2, 3), (1, 2), (5, 6), (3, 4), (4, 5)]","[1.0, 1.0, 1.0, 1.0, 1.0, 1.0]"
ef257287,4,3,4,75.0,False,True,"[1, 1, 1]",,4.732050798956174,2.366025399478087,1.2894299748265592,1.5473448963148935,1.5473448963148935,True,analytic_instance,0.9270492903190369,0.011019479483366013,1.0158169216458797,1.2894299748265592,1.2894299748265592,1.2894299748265592,"[1.2894299748265592, 1.2979577600634773, 1.3063549221709034, 1.3146179100519295, 1.3227415991637006, 1.3307208026471045, 1.338550395960947, 1.3462253855491086, 1.3537409774541718, 1.361092616076918, 1.3682760220460266, 1.3752872253072794, 1.3821226014758794, 1.3887789057314441, 1.3952533089276036, 1.4015434260884696, 1.4076473482867122, 1.4135636754499012, 1.4192915431931912, 1.4248306512306828, 1.4301812782956034, 1.4353443057149533, 1.4403212401605505, 1.4451142134373125, 1.4497259959076425, 1.4541599952551065, 1.4584202513983735, 1.4625114235314345, 1.466438772252691, 1.4702081304986143, 1.4738258702201879, 1.4772988623298424, 1.4806344189755636, 1.4838402428575976, 1.4869243587070344, 1.4898950465640062, 1.4927607662989715, 1.4955300946147496, 1.4982116355099029, 1.500813958130822, 1.5033455266074112, 1.5058146379539743, 1.5082293669437035, 1.5105975137976755, 1.5129265612313774, 1.5152236306090119, 1.5174954401091094, 1.519748265353395, 1.521987908741067, 1.5242196442835685, 1.526448186221467, 1.5286776778353233, 1.5309116650848758, 1.533153098175911, 1.5354043565961857, 1.5376672572877603, 1.539943116036569, 1.5422327795711959, 1.5445366956271687, 1.5468549534333964, 1.5491873346765261, 1.551533373958407, 1.5538923913793234, 1.5562635368171032, 1.5586458477694327, 1.5610382475242748, 1.5634396076640367, 1.565848759157541, 1.5682644941099622, 1.5706937073183336, 1.5731261334581652, 1.5755607452896694, 1.5779965452979159, 1.5804325961288321, 1.5828680362425525, 1.5853020841059633]",75,0.5449830831895854,,0.5917442185588082,1.1389703249201673,1.5853020841059633,,0.6700346931977866,,,,18.714611053466797,22.170443534851074,True,3.4597456455230713,0.003901243209838867,0.0,3.4597456455230713,Results/warm_start_cache/path_graphs_2to12vertices_11instances_AdjacencyList__filehash_01292d61/hog_idx000002_f26a0b535d4f_seed42_L2_M2_betaanalytic_instance_amplified.npz,18.728787183761597,2026-09-09 08:42:25,x86_64,dacsvm-cpunode01,,32,32,3.11.15,0.23,True,False,True,False,,True,True,True,False,adam,False,hamqaoa,0.001,standard,2,2,42,scs,1e-06,100000,False,False,False,hog,False,False,False,False,False,False,True,1,HOG_graphs/Exp5/path_graphs_2to12vertices_11instances_AdjacencyList.txt,True,Results/warm_start_cache,512,60,0,16,1,1,0,0,5,0,5,10,42,True,_FINAL_BENCHMARKS_STANDARD,1,42,2,"[(1, 2), (0, 1), (2, 3)]","[1.0, 1.0, 1.0]"
e861b1e4,4,3,5,75.0,False,True,"[1, 1, 1]",,4.732050798956174,2.366025399478087,1.2894299748265592,1.5473448963148935,1.5473448963148935,True,analytic_instance,0.9270492903190369,0.011019479483366013,1.0158169216458797,1.2894299748265592,1.2894299748265592,1.2894299748265592,"[1.2894299748265592, 1.3000677530583398, 1.3104997360489608, 1.320718891951798, 1.3307158648561979, 1.3404812561803554, 1.3500059433543545, 1.359281208696019, 1.3682988617312521, 1.3770513338246544, 1.3855317688663435, 1.39373412951115, 1.4016532816893945, 1.4092851048404138, 1.4166265617207983, 1.423675806906713, 1.4304322543113923, 1.4368966696521848, 1.4430712284365537, 1.4489595678562186, 1.4545668277819777, 1.4598996799290853, 1.4649663163679334, 1.4697764160663653, 1.4743410942798185, 1.478672796358001, 1.482785176140237, 1.4866929248392764, 1.4904115871238617, 1.4939573211928843, 1.4973466663821169, 1.5005962893371885, 1.503722738797913, 1.5067422129833234, 1.5096703507443212, 1.512522049248831, 1.5153113340780118, 1.5180512471690435, 1.5207537805538733, 1.5234298078854196, 1.5260890454800866, 1.528740000595875, 1.531389942155537, 1.5340448952014336, 1.5367096277561398, 1.5393877075585662, 1.542081585756039, 1.5447926841091077, 1.5475215565227376, 1.5502680047315698, 1.553031220878074, 1.5558099117912492, 1.5586024353399635, 1.561406892962916, 1.5642212152021695, 1.5670432471794784, 1.569870825738823, 1.5727018209685724, 1.5755342023019587, 1.5783660834762654, 1.5811957396343512, 1.5840216469532449, 1.586842515663046, 1.5896572879640527, 1.592465185866212, 1.5952656918139756, 1.5980585745247387, 1.6008438794871056, 1.6036219417426967, 1.606393364254167, 1.6091590118127594, 1.6119200125625093, 1.6146777372214025, 1.617433765914063, 1.6201898739871843, 1.6229480103260228]",75,0.5449830831895854,,0.6670360709989271,1.2142621773602862,1.6229480103260228,,0.6859459046179301,,,,25.336095094680786,28.794774532318115,True,3.4597456455230713,0.001055002212524414,0.0,3.4597456455230713,Results/warm_start_cache/path_graphs_2to12vertices_11instances_AdjacencyList__filehash_01292d61/hog_idx000002_f26a0b535d4f_seed42_L2_M2_betaanalytic_instance_amplified.npz,25.35065245628357,2026-09-09 08:42:32,x86_64,dacsvm-cpunode01,,32,32,3.11.15,0.23,True,False,True,False,,True,True,True,False,adam,False,hamqaoa,0.001,standard,2,2,42,scs,1e-06,100000,False,False,False,hog,False,False,False,False,False,False,True,1,HOG_graphs/Exp5/path_graphs_2to12vertices_11instances_AdjacencyList.txt,True,Results/warm_start_cache,512,60,0,16,1,1,0,0,5,0,5,10,42,True,_FINAL_BENCHMARKS_STANDARD,1,42,2,"[(1, 2), (0, 1), (2, 3)]","[1.0, 1.0, 1.0]"
ec700d89,9,8,5,75.0,False,True,"[1, 1, 1]",,11.481763886857221,5.740881943428611,3.8360628618839647,3.4182190863704576,3.4182190863704576,True,analytic_instance,0.5996524687296271,0.015496063977479935,3.504874989922313,3.836062861883965,3.8360628618839665,3.8360628618839665,"[3.8360628618839665, 3.851876569354443, 3.8669512527052756, 3.881281292447654, 3.8948525341881437, 3.907652787522665, 3.91967319580504, 3.9309090878403694, 3.941360434975688, 3.951032398757322, 3.9599358117752574, 3.9680875016471475, 3.9755104457662336, 3.9822339057154745, 3.98829334445939, 3.9937300984721267, 3.9985909027891795, 4.002927140154067, 4.006793851902883, 4.010248545488622, 4.01334985421672, 4.016156064877901, 4.018723667602656, 4.021105918886296, 4.0233516053051614, 4.0255040321481195, 4.027600323363065, 4.029670938154069, 4.031739562045546, 4.033823328047866, 4.0359331941395515, 4.038074527690377, 4.0402479232721165, 4.042450007955738, 4.044674308250177, 4.046912219624203, 4.049153746681556, 4.051388309434529, 4.053605442802819, 4.05579537700055, 4.057949488355899, 4.060060649970814, 4.062123440119877, 4.064134268734969, 4.0660914186935555, 4.067994920682946, 4.069846421505155, 4.071648954693406, 4.073406696206302, 4.075124661726864, 4.076808377193013, 4.078463662039599, 4.080096331471322, 4.081711965754928, 4.083315747325493, 4.084912332237416, 4.0865057465259635, 4.088099395165594, 4.089696027356339, 4.091297820751992, 4.092906465395814, 4.094523204913479, 4.096149000015413, 4.0977845860279185, 4.099430596000909, 4.101087639385414, 4.10275638144491, 4.104437556579354, 4.106131997100879, 4.107840674597184, 4.109564676250164, 4.111305190524418, 4.11306348498433, 4.114840881057162, 4.116638680768781, 4.11845815554604]",75,0.6687696760606634,,0.5647905873241488,1.227166331247453,4.11845815554604,,0.7180017704926848,,,,79.290611743927,1632.3234825134277,True,1553.038147687912,0.005263566970825195,0.0,1553.038147687912,Results/warm_start_cache/path_graphs_2to12vertices_11instances_AdjacencyList__filehash_01292d61/hog_idx000007_7fe36149e5ca_seed42_L2_M2_betaanalytic_instance_amplified.npz,79.29980874061584,2026-09-09 08:42:34,x86_64,dacsvm-cpunode01,,32,32,3.11.15,0.53,True,False,True,False,,True,True,True,False,adam,False,hamqaoa,0.001,standard,2,2,42,scs,1e-06,100000,False,False,False,hog,False,False,False,False,False,False,True,1,HOG_graphs/Exp5/path_graphs_2to12vertices_11instances_AdjacencyList.txt,True,Results/warm_start_cache,512,60,0,16,1,1,0,0,5,0,5,10,42,True,_FINAL_BENCHMARKS_STANDARD,1,42,7,"[(0, 1), (2, 3), (1, 2), (5, 6), (3, 4), (7, 8), (4, 5), (6, 7)]","[1.0, 1.0, 1.0, 1.0, 1.0, 1.0, 1.0, 1.0]"
23c086bd,10,9,1,75.0,False,True,"[1, 1, 1]",,13.017205894269532,6.508602947134766,3.995512436832358,3.927246819475113,3.927246819475113,True,analytic_instance,0.6467496221460077,0.014948159456253052,3.319241528477799,3.995512436832361,3.995512436832363,3.995512436832363,"[3.995512436832363, 3.9964142183656652, 3.9972926974261918, 3.99814781292133, 3.9989794058788224, 3.9997873639096153, 4.000571636235067, 4.001332291834536, 4.002069484451934, 4.0027834864105625, 4.0034746905752, 4.004143620623733, 4.004790932729052, 4.005417406044714, 4.006023924086345, 4.0066114562980255, 4.00718103965946, 4.0077337298085665, 4.008270559706207, 4.008792495549924, 4.0093004074707475, 4.009795044028539, 4.010277001871929, 4.010746729408561, 4.0112045329071195, 4.011650592132033, 4.012084984441732, 4.0125077002465455, 4.012918691081124, 4.013317887825615, 4.013705224516482, 4.014080668240723, 4.014444226046145, 4.014795963130096, 4.015136017912377, 4.015464599341428, 4.015781982045856, 4.0160885033758555, 4.016384549224714, 4.01667054090621, 4.016946933788416, 4.017214185916409, 4.01747274943764, 4.017723066463262, 4.017965545535604, 4.018200571745859, 4.018428491827715, 4.018649597207049, 4.018864164525171, 4.019072439627009, 4.019274644121918, 4.019470984470723, 4.019661653662284, 4.0198468624983725, 4.020026803020612, 4.020201688545144, 4.020371719361414, 4.0205371208397525, 4.02069810805036, 4.020854911597354, 4.021007762332101, 4.021156887642443, 4.021302506973967, 4.021444827136946, 4.021584038289614, 4.02172032356401, 4.0218538484605695, 4.021984778363422, 4.022113251252425, 4.022239388460746, 4.022363320568512, 4.022485170073059, 4.022605032173578, 4.022723008673677, 4.022839212154416, 4.0229537355371505]",75,0.6139386043073696,,0.05488259740957879,1.4074244141187027,4.0229537355371505,,0.6181551529712893,,,,61.8826470375061,3633.9017136096954,True,3572.0244710445404,0.0053920745849609375,0.0,3572.0244710445404,Results/warm_start_cache/path_graphs_2to12vertices_11instances_AdjacencyList__filehash_01292d61/hog_idx000008_1b5b4b14c875_seed42_L2_M2_betaanalytic_instance_amplified.npz,61.891180753707886,2026-09-09 08:42:50,x86_64,dacsvm-cpunode01,,32,32,3.11.15,0.52,True,False,True,False,,True,True,True,False,adam,False,hamqaoa,0.001,standard,2,2,42,scs,1e-06,100000,False,False,False,hog,False,False,False,False,False,False,True,1,HOG_graphs/Exp5/path_graphs_2to12vertices_11instances_AdjacencyList.txt,True,Results/warm_start_cache,512,60,0,16,1,1,0,0,5,0,5,10,42,True,_FINAL_BENCHMARKS_STANDARD,1,42,8,"[(8, 9), (0, 1), (2, 3), (1, 2), (5, 6), (3, 4), (7, 8), (4, 5), (6, 7)]","[1.0, 1.0, 1.0, 1.0, 1.0, 1.0, 1.0, 1.0, 1.0]"
c6e26d5a,10,9,2,75.0,False,True,"[1, 1, 1]",,13.017205894269532,6.508602947134766,3.995512436832358,3.927246819475113,3.927246819475113,True,analytic_instance,0.6467496221460077,0.014948159456253052,3.319241528477799,3.995512436832361,3.995512436832363,3.995512436832363,"[3.995512436832363, 3.997292219388259, 3.9989758203300223, 4.000562818999483, 4.0020533213354605, 4.0034485607624495, 4.0047513105277135, 4.005966196605904, 4.007099700302379, 4.008159758634994, 4.009154848379995, 4.010092769871935, 4.010979623087152, 4.011819281746665, 4.012613523113523, 4.013362552509184, 4.014065670218986, 4.014721863777656, 4.0153303370452, 4.015890828276428, 4.016403875716773, 4.016870934253307, 4.0172944153092445, 4.017677613698583, 4.018024498269175, 4.018339460044629, 4.0186270008247, 4.018891386552439, 4.019136471907443, 4.019365542146714, 4.019581325725527, 4.019786032290808, 4.019981465792704, 4.020169176494423, 4.020350571204816, 4.020527014911714, 4.020699863291629, 4.020870491430103, 4.021040273739966, 4.0212105113812315, 4.021382389947287, 4.021556907218951, 4.021734812059186, 4.021916627119987, 4.0221025759215525, 4.022292670705759, 4.022486774478365, 4.022684594313221, 4.022885761182168, 4.023089916866648, 4.023296697296757, 4.0235057890265145, 4.023716901216005, 4.023929798415258, 4.024144294103674, 4.024360228075218, 4.024577489436612, 4.02479598238802, 4.025015614452867, 4.025236292089165, 4.025457953449868, 4.025680569459036, 4.025904098489466, 4.026128551310255, 4.026353950777729, 4.0265803244574485, 4.026807716974354, 4.027036167242478, 4.027265730019814, 4.027496446976081, 4.027728368596909, 4.027961519690803, 4.028195917724695, 4.02843154690639, 4.028668371079479, 4.028906332459811]",75,0.6139386043073696,,0.06678779125489953,1.4193296079640234,4.028906332459811,,0.6190698113798111,,,,67.46238017082214,3639.482548236847,True,3572.0244710445404,0.004291057586669922,0.0,3572.0244710445404,Results/warm_start_cache/path_graphs_2to12vertices_11instances_AdjacencyList__filehash_01292d61/hog_idx000008_1b5b4b14c875_seed42_L2_M2_betaanalytic_instance_amplified.npz,67.47375750541687,2026-09-09 08:43:01,x86_64,dacsvm-cpunode01,,32,32,3.11.15,0.76,True,False,True,False,,True,True,True,False,adam,False,hamqaoa,0.001,standard,2,2,42,scs,1e-06,100000,False,False,False,hog,False,False,False,False,False,False,True,1,HOG_graphs/Exp5/path_graphs_2to12vertices_11instances_AdjacencyList.txt,True,Results/warm_start_cache,512,60,0,16,1,1,0,0,5,0,5,10,42,True,_FINAL_BENCHMARKS_STANDARD,1,42,8,"[(8, 9), (0, 1), (2, 3), (1, 2), (5, 6), (3, 4), (7, 8), (4, 5), (6, 7)]","[1.0, 1.0, 1.0, 1.0, 1.0, 1.0, 1.0, 1.0, 1.0]"
2fd20322,10,9,3,75.0,False,True,"[1, 1, 1]",,13.017205894269532,6.508602947134766,3.995512436832358,3.927246819475113,3.927246819475113,True,analytic_instance,0.6467496221460077,0.014948159456253052,3.319241528477799,3.995512436832361,3.995512436832363,3.995512436832363,"[3.995512436832363, 3.9981464218222347, 4.000561523122334, 4.002758206887062, 4.004741555656085, 4.006524123669576, 4.00812732046337, 4.0095784412823265, 4.010903431007048, 4.012119831427625, 4.013235200822326, 4.014249993587848, 4.0151615984014395, 4.015967411044165, 4.016666802939479, 4.017262309270393, 4.017760176180658, 4.018170379996361, 4.018506030055194, 4.018782127190457, 4.019013938467941, 4.019215452995014, 4.019398395369332, 4.019571904146421, 4.019742706729097, 4.019915627117955, 4.020094153261267, 4.0202809556641075, 4.020478194696631, 4.020687722539607, 4.020911059231453, 4.021149276702429, 4.021402806660314, 4.021671269287623, 4.021953453885563, 4.02224741932516, 4.022550702870159, 4.022860625992589, 4.023174564978718, 4.023490209410039, 4.023805731320433, 4.024119891660906, 4.024432025676581, 4.024742018695817, 4.025050166733028, 4.025357055210922, 4.025663470575224, 4.025970284549821, 4.026278324975485, 4.026588392834521, 4.026901196082195, 4.027217352997461, 4.027537350936124, 4.027861568571629, 4.028190296729315, 4.028523679136124, 4.0288617109325955, 4.0292043133085675, 4.029551251638512, 4.029902212674783, 4.030256805494211, 4.030614593418401, 4.030975133393143, 4.031338045479416, 4.031702983440129, 4.032069668886234, 4.032437931223386, 4.0328077032168, 4.033178971388238, 4.033551821424514, 4.033926346877107, 4.034302673382001, 4.034680999339954, 4.035061464080715, 4.035444239282763, 4.035829479692666]",75,0.6139386043073696,,0.08063408572060915,1.433175902429733,4.035829479692666,,0.6201336016737348,,,,75.20132279396057,3647.2214863300323,True,3572.0244710445404,0.004295825958251953,0.0,3572.0244710445404,Results/warm_start_cache/path_graphs_2to12vertices_11instances_AdjacencyList__filehash_01292d61/hog_idx000008_1b5b4b14c875_seed42_L2_M2_betaanalytic_instance_amplified.npz,75.21134686470032,2026-09-09 08:43:09,x86_64,dacsvm-cpunode01,,32,32,3.11.15,1.0,True,False,True,False,,True,True,True,False,adam,False,hamqaoa,0.001,standard,2,2,42,scs,1e-06,100000,False,False,False,hog,False,False,False,False,False,False,True,1,HOG_graphs/Exp5/path_graphs_2to12vertices_11instances_AdjacencyList.txt,True,Results/warm_start_cache,512,60,0,16,1,1,0,0,5,0,5,10,42,True,_FINAL_BENCHMARKS_STANDARD,1,42,8,"[(8, 9), (0, 1), (2, 3), (1, 2), (5, 6), (3, 4), (7, 8), (4, 5), (6, 7)]","[1.0, 1.0, 1.0, 1.0, 1.0, 1.0, 1.0, 1.0, 1.0]"
9718c410,10,9,4,75.0,False,True,"[1, 1, 1]",,13.017205894269532,6.508602947134766,3.995512436832358,3.927246819475113,3.927246819475113,True,analytic_instance,0.6467496221460077,0.014948159456253052,3.319241528477799,3.995512436832361,3.995512436832363,3.995512436832363,"[3.995512436832363, 3.9989768089453857, 4.002049993526713, 4.004738310789532, 4.007066986805172, 4.00908672348074, 4.010860959920554, 4.012437439262823, 4.013835363824692, 4.0150547165363575, 4.016089787886768, 4.016938065782611, 4.017604642935504, 4.018104174096737, 4.018461143166261, 4.018707836077473, 4.018880116585585, 4.019012183489333, 4.019132471176316, 4.019261846445494, 4.019413934187022, 4.019596505451429, 4.019813146243919, 4.02006480676796, 4.020350909249256, 4.020669910763549, 4.021019434607277, 4.021396027032934, 4.021794980713034, 4.022210397869448, 4.022635629358748, 4.023063972816324, 4.023489404394367, 4.023907255980105, 4.024314668277322, 4.024710721981897, 4.025096306996746, 4.025473780438291, 4.0258464225778, 4.026217938038126, 4.026591896859411, 4.026971407140279, 4.027358854468318, 4.027755834441551, 4.0281631782756255, 4.028581073617768, 4.02900921388369, 4.029446840655738, 4.029892971488594, 4.030346466238983, 4.030806073069332, 4.031270541843203, 4.031738665075126, 4.032209427097821, 4.032682098574097, 4.033156278533961, 4.033631904113612, 4.034109266348274, 4.034588970001874, 4.035071811149143, 4.0355586744616465, 4.036050430770996, 4.036547857639271, 4.037051617570583, 4.037562207589505, 4.038079958118303, 4.038605056607581, 4.039137518428425, 4.03967726548559, 4.040224090470109, 4.040777737130715, 4.0413378299168565, 4.041903920634909, 4.042475502912601, 4.0430520352752755, 4.043632960590293]",75,0.6139386043073696,,0.09624104751586415,1.448782864224988,4.043632960590293,,0.6213326614305921,,,,86.62934565544128,3658.6492187976837,True,3572.0244710445404,0.0045850276947021484,0.0,3572.0244710445404,Results/warm_start_cache/path_graphs_2to12vertices_11instances_AdjacencyList__filehash_01292d61/hog_idx000008_1b5b4b14c875_seed42_L2_M2_betaanalytic_instance_amplified.npz,86.63848328590393,2026-09-09 08:43:20,x86_64,dacsvm-cpunode01,,32,32,3.11.15,1.26,True,False,True,False,,True,True,True,False,adam,False,hamqaoa,0.001,standard,2,2,42,scs,1e-06,100000,False,False,False,hog,False,False,False,False,False,False,True,1,HOG_graphs/Exp5/path_graphs_2to12vertices_11instances_AdjacencyList.txt,True,Results/warm_start_cache,512,60,0,16,1,1,0,0,5,0,5,10,42,True,_FINAL_BENCHMARKS_STANDARD,1,42,8,"[(8, 9), (0, 1), (2, 3), (1, 2), (5, 6), (3, 4), (7, 8), (4, 5), (6, 7)]","[1.0, 1.0, 1.0, 1.0, 1.0, 1.0, 1.0, 1.0, 1.0]"
9e7ab9f4,10,9,5,75.0,False,True,"[1, 1, 1]",,13.017205894269532,6.508602947134766,3.995512436832358,3.927246819475113,3.927246819475113,True,analytic_instance,0.6467496221460077,0.014948159456253052,3.319241528477799,3.995512436832361,3.995512436832363,3.995512436832363,"[3.995512436832363, 3.999783365390423, 4.0034419979100315, 4.006512775351313, 4.0090729775873735, 4.011240917090404, 4.013105803923226, 4.014694627831553, 4.016001949142434, 4.017021048275221, 4.0177590359861135, 4.018242777779369, 4.018519887461948, 4.018653893977371, 4.018713486918406, 4.018759732608024, 4.018837757494061, 4.018974991981853, 4.0191838107755835, 4.019465764394536, 4.01981570279984, 4.020225186108398, 4.020684540490517, 4.021183408847245, 4.02171073168465, 4.0222545370236755, 4.022802501168904, 4.02334303207228, 4.023866677332422, 4.024367333664698, 4.02484300376548, 4.025295765711623, 4.025731184167317, 4.026157121678093, 4.026582354783999, 4.027015161664509, 4.027462172780322, 4.027927757260365, 4.0284138864102115, 4.028920393196957, 4.02944544270424, 4.029986177759566, 4.030539327754548, 4.031101660943585, 4.0316702483496085, 4.032242634836965, 4.03281694990064, 4.033392026128403, 4.033967429015619, 4.034543573173624, 4.035121541578236, 4.035703093087337, 4.036290406719664, 4.036885689849911, 4.037490977045345, 4.038107897601149, 4.038737469977476, 4.0393801307668875, 4.040035774393059, 4.040703842296555, 4.041383496833572, 4.042073648129844, 4.042773171133642, 4.043480865442342, 4.044195490926604, 4.0449158429804255, 4.045640758915327, 4.046369125512372, 4.047099873860008, 4.047831942298559, 4.048564354298556, 4.0492961589383585, 4.050026350033152, 4.050753952557473, 4.051477954627183, 4.05219738733653]",75,0.6139386043073696,,0.11336990100833688,1.4659117177174608,4.05219738733653,,0.6226486458722387,,,,104.48131537437439,3676.5005090236664,True,3572.0244710445404,0.005265951156616211,0.0,3572.0244710445404,Results/warm_start_cache/path_graphs_2to12vertices_11instances_AdjacencyList__filehash_01292d61/hog_idx000008_1b5b4b14c875_seed42_L2_M2_betaanalytic_instance_amplified.npz,104.49323916435242,2026-09-09 08:43:38,x86_64,dacsvm-cpunode01,,32,32,3.11.15,1.48,True,False,True,False,,True,True,True,False,adam,False,hamqaoa,0.001,standard,2,2,42,scs,1e-06,100000,False,False,False,hog,False,False,False,False,False,False,True,1,HOG_graphs/Exp5/path_graphs_2to12vertices_11instances_AdjacencyList.txt,True,Results/warm_start_cache,512,60,0,16,1,1,0,0,5,0,5,10,42,True,_FINAL_BENCHMARKS_STANDARD,1,42,8,"[(8, 9), (0, 1), (2, 3), (1, 2), (5, 6), (3, 4), (7, 8), (4, 5), (6, 7)]","[1.0, 1.0, 1.0, 1.0, 1.0, 1.0, 1.0, 1.0, 1.0]"
bdc66ada,3,2,2,75.0,False,True,"[1, 1, 1]",,2.999999956551125,1.4999999782755624,0.773511278572558,0.9013638578294632,0.9013638578294632,True,analytic_instance,0.6866211658246962,0.011430967599153519,0.6815931294065238,0.7735112785725582,0.7735112785725582,0.7735112785725582,"[0.7735112785725582, 0.7742544618858389, 0.7749848190501455, 0.7757034970194191, 0.7764108007111716, 0.7771069761456043, 0.7777923017204281, 0.7784671130118475, 0.779131821998865, 0.7797869261931204, 0.7804330140287331, 0.7810707672583326, 0.7817009550411865, 0.7823244270364257, 0.7829420990928332, 0.7835549320309912, 0.7841639063419895, 0.7847699928644579, 0.7853741216299059, 0.7859771511409114, 0.7865798416855365, 0.787182836686723, 0.7877866523401915, 0.7883916743581159, 0.7889981635390878, 0.7896062704342203, 0.7902160531085658, 0.7908275007590808, 0.7914405541859914, 0.7920551263902331, 0.7926711225354847, 0.7932884551299592, 0.7939070532962321, 0.794526871239741, 0.7951478935726413, 0.7957701302304594, 0.7963936183068038, 0.7970184171041711, 0.7976446004604283, 0.7982722514178708, 0.7989014565903558, 0.7995323015033935, 0.8001648652489237, 0.8007992177400192, 0.8014354163874022, 0.8020735072410078, 0.8027135233996561, 0.8033554869439955, 0.8039994079523661, 0.8046452863335608, 0.8052931143450804, 0.8059428777927157, 0.80659455685825, 0.807248130967693, 0.807903572087198, 0.8085608537940598, 0.8092199486050222, 0.8098808253850552, 0.810543455005606, 0.811207807994887, 0.8118738556048051, 0.8125415682976136, 0.813210914795449, 0.8138818653998328, 0.8145543901487486, 0.815228458001049, 0.8159040390593206, 0.8165811024838704, 0.8172596174181082, 0.8179395524565757, 0.8186208793208504, 0.8193035673277502, 0.8199875876126181, 0.8206729119212555, 0.8213595119498951, 0.8220473611008858]",75,0.5156741857150388,,0.09707216505665528,0.280908463388724,0.8220473611008858,,0.5480315740672572,,,,5.636245965957642,6.4626171588897705,True,0.8278284072875977,0.0014369487762451172,0.0,0.8278284072875977,Results/warm_start_cache/path_graphs_2to12vertices_11instances_AdjacencyList__filehash_01292d61/hog_idx000001_9f99b1afad88_seed42_L2_M2_betaanalytic_instance_amplified.npz,5.647240161895752,2026-09-09 08:48:31,x86_64,dacsvm-cpunode01,,32,32,3.11.15,0.22,True,False,True,False,,True,False,True,False,adam,False,hamqaoa,0.001,standard,2,2,42,scs,1e-06,100000,False,False,False,hog,False,False,False,False,False,False,True,1,HOG_graphs/Exp5/path_graphs_2to12vertices_11instances_AdjacencyList.txt,True,Results/warm_start_cache,512,60,0,16,1,1,0,0,5,0,5,10,42,True,_FINAL_BENCHMARKS_STANDARD,1,42,1,"[(1, 2), (0, 1)]","[1.0, 1.0]"
1e5b4b9d,3,2,3,75.0,False,True,"[1, 1, 1]",,2.999999956551125,1.4999999782755624,0.773511278572558,0.9013638578294632,0.9013638578294632,True,analytic_instance,0.6866211658246962,0.011430967599153519,0.6815931294065238,0.7735112785725582,0.7735112785725582,0.7735112785725582,"[0.7735112785725582, 0.7746224457322316, 0.7757047607506237, 0.7767609790073582, 0.7777921395143472, 0.7787993680372369, 0.7797841455850616, 0.7807484133735441, 0.7816946427326197, 0.7826258490859865, 0.7835455243910125, 0.7844574838969983, 0.7853656240328417, 0.7862736279422307, 0.7871846841343375, 0.788101278337824, 0.7890251026910612, 0.7899570823018274, 0.7908974991073477, 0.7918461555815569, 0.7928025578681841, 0.7937660819840137, 0.7947361054553271, 0.7957121068334408, 0.7966937254333433, 0.7976807834718735, 0.7986732837908077, 0.7996713851356577, 0.8006753623482415, 0.8016855640698047, 0.8027023683357807, 0.803726146960467, 0.804757236221359, 0.80579592140337, 0.8068424272981208, 0.8078969144927112, 0.8089594813814422, 0.810030175898835, 0.8111089975545063, 0.8121959160302954, 0.8132908726894045, 0.8143937918911273, 0.8155045876803017, 0.816623166580036, 0.8177494394230992, 0.8188833162288114, 0.8200247096026568, 0.8211735384707086, 0.8223297233833472, 0.8234931869789869, 0.8246638549963036, 0.8258416539009532, 0.8270265144787706, 0.8282183659698786, 0.8294171394300973, 0.8306227630541665, 0.831835169476682, 0.8330542893938736, 0.8342800559032605, 0.8355124043292784, 0.8367512723256643, 0.8379966039623143, 0.8392483424934907, 0.8405064392774717, 0.8417708486611123, 0.8430415309131469, 0.8443184511653754, 0.845601580865827, 0.8468908973357175, 0.8481863848689564, 0.8494880288986016, 0.850795825722545, 0.8521097751250367, 0.8534298856620375, 0.8547561680379581, 0.8560886391839855]",75,0.5156741857150388,,0.16515472122285457,0.3489910195549233,0.8560886391839855,,0.5707257594559904,,,,10.217569351196289,11.043251752853394,True,0.8278284072875977,0.002123117446899414,0.0,0.8278284072875977,Results/warm_start_cache/path_graphs_2to12vertices_11instances_AdjacencyList__filehash_01292d61/hog_idx000001_9f99b1afad88_seed42_L2_M2_betaanalytic_instance_amplified.npz,10.227385759353638,2026-09-09 08:48:35,x86_64,dacsvm-cpunode01,,32,32,3.11.15,0.23,True,False,True,False,,True,False,True,False,adam,False,hamqaoa,0.001,standard,2,2,42,scs,1e-06,100000,False,False,False,hog,False,False,False,False,False,False,True,1,HOG_graphs/Exp5/path_graphs_2to12vertices_11instances_AdjacencyList.txt,True,Results/warm_start_cache,512,60,0,16,1,1,0,0,5,0,5,10,42,True,_FINAL_BENCHMARKS_STANDARD,1,42,1,"[(1, 2), (0, 1)]","[1.0, 1.0]"
4fc56012,3,2,4,75.0,False,True,"[1, 1, 1]",,2.999999956551125,1.4999999782755624,0.773511278572558,0.9013638578294632,0.9013638578294632,True,analytic_instance,0.6866211658246962,0.011430967599153519,0.6815931294065238,0.7735112785725582,0.7735112785725582,0.7735112785725582,"[0.7735112785725582, 0.7749880277244188, 0.776413500308563, 0.7777930206966277, 0.7791293579959208, 0.7804261819542496, 0.7816886656805736, 0.782923776906225, 0.7841401599234483, 0.7853474718760914, 0.7865552280193642, 0.7877715161376406, 0.7890020861897279, 0.7902501129443669, 0.7915165327329547, 0.7928006983373265, 0.7941010824929622, 0.7954158742607176, 0.7967434227551377, 0.7980825080863705, 0.7994324698660256, 0.8007932074335551, 0.8021651008407253, 0.8035488668704988, 0.8049454095509591, 0.806355675172209, 0.8077805387590469, 0.8092207353901739, 0.8106768211704516, 0.8121491670115044, 0.8136379689573271, 0.815143276823993, 0.81666503168493, 0.81820308881293, 0.8197572542947253, 0.8213273057719729, 0.8229130070281178, 0.8245141246736292, 0.8261304289684551, 0.8277617004762869, 0.8294077278729399, 0.831068302447008, 0.832743221420767, 0.834432278177015, 0.8361352608038363, 0.8378519533343516, 0.8395821290803986, 0.8413255557035928, 0.8430819920614525, 0.8448511873124299, 0.8466328887876924, 0.8484268422456126, 0.8502327897721497, 0.8520504736553588, 0.853879643022327, 0.8557200531491312, 0.8575714682933182, 0.8594336592122603, 0.8613064030912451, 0.8631894927515474, 0.8650827267757729, 0.8669859154172891, 0.8688988733012458, 0.8708214277260873, 0.8727534069455283, 0.8746946482584652, 0.8766449917941831, 0.8786042745596049, 0.8805723344016297, 0.882549007925502, 0.8845341179054351, 0.8865274832439664, 0.8885289115044473, 0.8905381934179724, 0.892555107864591, 0.8945794093715805]",75,0.5156741857150388,,0.2421362615980447,0.4259725599301134,0.8945794093715805,,0.5963862729143871,,,,15.824048280715942,16.649659156799316,True,0.8278284072875977,0.0021948814392089844,0.0,0.8278284072875977,Results/warm_start_cache/path_graphs_2to12vertices_11instances_AdjacencyList__filehash_01292d61/hog_idx000001_9f99b1afad88_seed42_L2_M2_betaanalytic_instance_amplified.npz,15.83713698387146,2026-09-09 08:48:41,x86_64,dacsvm-cpunode01,,32,32,3.11.15,0.23,True,False,True,False,,True,False,True,False,adam,False,hamqaoa,0.001,standard,2,2,42,scs,1e-06,100000,False,False,False,hog,False,False,False,False,False,False,True,1,HOG_graphs/Exp5/path_graphs_2to12vertices_11instances_AdjacencyList.txt,True,Results/warm_start_cache,512,60,0,16,1,1,0,0,5,0,5,10,42,True,_FINAL_BENCHMARKS_STANDARD,1,42,1,"[(1, 2), (0, 1)]","[1.0, 1.0]"
fcbc067c,3,2,5,75.0,False,True,"[1, 1, 1]",,2.999999956551125,1.4999999782755624,0.773511278572558,0.9013638578294632,0.9013638578294632,True,analytic_instance,0.6866211658246962,0.011430967599153519,0.6815931294065238,0.7735112785725582,0.7735112785725582,0.7735112785725582,"[0.7735112785725582, 0.7753512105313192, 0.7771110973232583, 0.7788001639055557, 0.7804248962372928, 0.7819949225837582, 0.7835242214881268, 0.7850307248962872, 0.7865338308703123, 0.7880505775526242, 0.789592565991635, 0.7911652187160061, 0.792769003380805, 0.7944013936330608, 0.7960586808882071, 0.7977372829476391, 0.7994345290351839, 0.8011490073633083, 0.8028805614783908, 0.8046300480456586, 0.8063989696983921, 0.8081890930957618, 0.8100021328179664, 0.8118395418181567, 0.8137024003458144, 0.815591402522541, 0.8175068829763451, 0.8194488907504974, 0.8214172565646126, 0.8234116669245078, 0.8254317210424064, 0.8274769789178721, 0.8295469938782004, 0.8316413289884604, 0.8337595614986345, 0.8359012831546321, 0.8380660977905007, 0.8402536097012373, 0.8424634143019325, 0.8446950929528969, 0.8469482037511082, 0.8492222776633948, 0.8515168181753192, 0.8538313018777391, 0.8561651772640794, 0.858517864924168, 0.8608887638423635, 0.8632772574872629, 0.8656827136160105, 0.8681044839642705, 0.8705419122930025, 0.872994333054718, 0.8754610723218176, 0.8779414518115801, 0.8804347836303485, 0.8829403774079346, 0.8854575345498723, 0.8879855472038791, 0.8905237053379679, 0.8930712911229074, 0.8956275693173941, 0.8981917968031461, 0.9007632179029784, 0.9033410553201591, 0.9059245123200592, 0.9085127684968975, 0.9111049768367112, 0.9137002636989775, 0.916297721305392, 0.9188964038999518, 0.9214953356197962, 0.9240935085694091, 0.9266898863238165, 0.9292834059016942, 0.9318729758660824, 0.9344574888822599]",75,0.5156741857150388,,0.3218924206194034,0.5057287189514721,0.9344574888822599,,0.6229716592548399,,,,22.789167404174805,23.614667654037476,True,0.8278284072875977,0.0023164749145507812,0.0,0.8278284072875977,Results/warm_start_cache/path_graphs_2to12vertices_11instances_AdjacencyList__filehash_01292d61/hog_idx000001_9f99b1afad88_seed42_L2_M2_betaanalytic_instance_amplified.npz,22.8002610206604,2026-09-09 08:48:48,x86_64,dacsvm-cpunode01,,32,32,3.11.15,0.23,True,False,True,False,,True,False,True,False,adam,False,hamqaoa,0.001,standard,2,2,42,scs,1e-06,100000,False,False,False,hog,False,False,False,False,False,False,True,1,HOG_graphs/Exp5/path_graphs_2to12vertices_11instances_AdjacencyList.txt,True,Results/warm_start_cache,512,60,0,16,1,1,0,0,5,0,5,10,42,True,_FINAL_BENCHMARKS_STANDARD,1,42,1,"[(1, 2), (0, 1)]","[1.0, 1.0]"
