run_id,n,m,p,precision/iterations,singlet_injection,warm_start,parameter_vector,optimal_result,sdp_objective_value_step1,sdp_objective_value_king_normalized_step1,algorithm17_actual_energy,algorithm17_lower_bound_energy,initial_ws_energy_prodStates_step2,initial_sdp_statevector_energy,initial_sdp_statevec_ratio,initial_ws_energy_010101,QAOA_improvement_over_SDP_statevectorEnergy,QAOA_improvement_over_SDP_prodStatesEnergy,result,result_010101,approx_ratio,approx_ratio_010101,diff. approx. ratio,sdp ws greater,duration_seconds,duration_seconds_excluding_warm_start_cache_io,warm_start_cache_used,warm_start_compute_time_seconds,warm_start_load_time_seconds,warm_start_save_time_seconds,warm_start_effective_time_seconds,warm_start_cache_path,full duration_seconds,finished_at,processor,hostname,total_ram_gb,physical_cores,logical_cores,python_version,peak_ram_mb,Instance_is_triangle_free,Instance_is_3_regular,optimiser,optimiser_use_heuristic,circuit_type,learning_rate_adam,compare_with_010101,init_QAOAparams_close_to_zero,graph_generation_type,weighted,easiest_first,debug,save_circuit_svg,rerun_exclude_finished_instances,warm_start_cache_producer_only,qaoa_only_from_existing_warm_start_cache,num_repeats,relative_graph_adjList_path,persistent_warm_start_cache,sdp_max_parallel,qaoa_max_parallel,qaoa_threads,queue_poll_interval_seconds,benchmark_repeat_idx,sdp_seed,hog_graph_index,edges,weights
e33986c8,8,11,1,5.0,False,False,"[1, 1, 1]",6.1405390212315885,,,,,,,,,,,2.8480890881017875,,0.4638174398459494,,,,0.13358736038208008,0.13358736038208008,False,,0.0,0.0,,,0.14013004302978516,2026-07-19 03:37:48,x86_64,dacsgpu0002,,64,64,3.11.15,0.2,False,False,adam,False,hamqaoa,0.001,False,False,hog,False,True,False,False,False,False,False,1,HOG_graphs/random_graphs_8to14vertices_78instances_20260625_143415_AdjacencyList.txt,False,0,32,1,5,1,,0,"[(1, 3), (1, 6), (0, 7), (3, 5), (0, 3), (5, 6), (1, 5), (1, 4), (0, 2), (3, 6), (6, 7)]","[1.0, 1.0, 1.0, 1.0, 1.0, 1.0, 1.0, 1.0, 1.0, 1.0, 1.0]"
c1bd34a7,8,11,1,10.0,False,False,"[1, 1, 1]",6.1405390212315885,,,,,,,,,,,2.3627612311362074,,0.38478075344309365,,,,0.27311253547668457,0.27311253547668457,False,,0.0,0.0,,,0.2789795398712158,2026-07-19 03:37:48,x86_64,dacsgpu0002,,64,64,3.11.15,0.2,False,False,adam,False,hamqaoa,0.001,False,False,hog,False,True,False,False,False,False,False,1,HOG_graphs/random_graphs_8to14vertices_78instances_20260625_143415_AdjacencyList.txt,False,0,32,1,5,1,,0,"[(1, 3), (1, 6), (0, 7), (3, 5), (0, 3), (5, 6), (1, 5), (1, 4), (0, 2), (3, 6), (6, 7)]","[1.0, 1.0, 1.0, 1.0, 1.0, 1.0, 1.0, 1.0, 1.0, 1.0, 1.0]"
2bbb566a,8,11,2,5.0,False,False,"[1, 1, 1]",6.1405390212315885,,,,,,,,,,,2.473280375548773,,0.4027790340550128,,,,0.3079695701599121,0.3079695701599121,False,,0.0,0.0,,,0.31440210342407227,2026-07-19 03:37:48,x86_64,dacsgpu0002,,64,64,3.11.15,0.2,False,False,adam,False,hamqaoa,0.001,False,False,hog,False,True,False,False,False,False,False,1,HOG_graphs/random_graphs_8to14vertices_78instances_20260625_143415_AdjacencyList.txt,False,0,32,1,5,1,,0,"[(1, 3), (1, 6), (0, 7), (3, 5), (0, 3), (5, 6), (1, 5), (1, 4), (0, 2), (3, 6), (6, 7)]","[1.0, 1.0, 1.0, 1.0, 1.0, 1.0, 1.0, 1.0, 1.0, 1.0, 1.0]"
4fdc8bde,8,9,1,5.0,False,False,"[1, 1, 1]",5.847763554161063,,,,,,,,,,,1.6189684378991,,0.2768525818296978,,,,0.14069509506225586,0.14069509506225586,False,,0.0,0.0,,,0.1468050479888916,2026-07-19 03:37:48,x86_64,dacsgpu0002,,64,64,3.11.15,0.2,True,False,adam,False,hamqaoa,0.001,False,False,hog,False,True,False,False,False,False,False,1,HOG_graphs/random_graphs_8to14vertices_78instances_20260625_143415_AdjacencyList.txt,False,0,32,1,5,1,,1,"[(2, 7), (1, 3), (3, 5), (0, 3), (4, 5), (3, 7), (1, 4), (0, 2), (3, 6)]","[1.0, 1.0, 1.0, 1.0, 1.0, 1.0, 1.0, 1.0, 1.0]"
aaf62d40,8,11,2,10.0,False,False,"[1, 1, 1]",6.1405390212315885,,,,,,,,,,,2.7594275834890447,,0.44937872293426046,,,,0.5954155921936035,0.5954155921936035,False,,0.0,0.0,,,0.6016354560852051,2026-07-19 03:37:49,x86_64,dacsgpu0002,,64,64,3.11.15,0.2,False,False,adam,False,hamqaoa,0.001,False,False,hog,False,True,False,False,False,False,False,1,HOG_graphs/random_graphs_8to14vertices_78instances_20260625_143415_AdjacencyList.txt,False,0,32,1,5,1,,0,"[(1, 3), (1, 6), (0, 7), (3, 5), (0, 3), (5, 6), (1, 5), (1, 4), (0, 2), (3, 6), (6, 7)]","[1.0, 1.0, 1.0, 1.0, 1.0, 1.0, 1.0, 1.0, 1.0, 1.0, 1.0]"
6ea2f587,8,11,1,25.0,False,False,"[1, 1, 1]",6.1405390212315885,,,,,,,,,,,2.758579232159323,,0.44924056709374083,,,,0.6680135726928711,0.6680135726928711,False,,0.0,0.0,,,0.6741349697113037,2026-07-19 03:37:49,x86_64,dacsgpu0002,,64,64,3.11.15,0.2,False,False,adam,False,hamqaoa,0.001,False,False,hog,False,True,False,False,False,False,False,1,HOG_graphs/random_graphs_8to14vertices_78instances_20260625_143415_AdjacencyList.txt,False,0,32,1,5,1,,0,"[(1, 3), (1, 6), (0, 7), (3, 5), (0, 3), (5, 6), (1, 5), (1, 4), (0, 2), (3, 6), (6, 7)]","[1.0, 1.0, 1.0, 1.0, 1.0, 1.0, 1.0, 1.0, 1.0, 1.0, 1.0]"
87e49fe8,8,9,1,10.0,False,False,"[1, 1, 1]",5.847763554161063,,,,,,,,,,,2.252306971874609,,0.38515698369369716,,,,0.26551222801208496,0.26551222801208496,False,,0.0,0.0,,,0.27193260192871094,2026-07-19 03:37:49,x86_64,dacsgpu0002,,64,64,3.11.15,0.2,True,False,adam,False,hamqaoa,0.001,False,False,hog,False,True,False,False,False,False,False,1,HOG_graphs/random_graphs_8to14vertices_78instances_20260625_143415_AdjacencyList.txt,False,0,32,1,5,1,,1,"[(2, 7), (1, 3), (3, 5), (0, 3), (4, 5), (3, 7), (1, 4), (0, 2), (3, 6)]","[1.0, 1.0, 1.0, 1.0, 1.0, 1.0, 1.0, 1.0, 1.0]"
0bb47068,8,9,2,5.0,False,False,"[1, 1, 1]",5.847763554161063,,,,,,,,,,,2.5354490539332115,,0.433575850057938,,,,0.28917360305786133,0.28917360305786133,False,,0.0,0.0,,,0.2946763038635254,2026-07-19 03:37:49,x86_64,dacsgpu0002,,64,64,3.11.15,0.2,True,False,adam,False,hamqaoa,0.001,False,False,hog,False,True,False,False,False,False,False,1,HOG_graphs/random_graphs_8to14vertices_78instances_20260625_143415_AdjacencyList.txt,False,0,32,1,5,1,,1,"[(2, 7), (1, 3), (3, 5), (0, 3), (4, 5), (3, 7), (1, 4), (0, 2), (3, 6)]","[1.0, 1.0, 1.0, 1.0, 1.0, 1.0, 1.0, 1.0, 1.0]"
2d3bc696,8,9,2,10.0,False,False,"[1, 1, 1]",5.847763554161063,,,,,,,,,,,1.941386648465065,,0.33198788399774515,,,,0.5583794116973877,0.5583794116973877,False,,0.0,0.0,,,0.5634880065917969,2026-07-19 03:37:49,x86_64,dacsgpu0002,,64,64,3.11.15,0.2,True,False,adam,False,hamqaoa,0.001,False,False,hog,False,True,False,False,False,False,False,1,HOG_graphs/random_graphs_8to14vertices_78instances_20260625_143415_AdjacencyList.txt,False,0,32,1,5,1,,1,"[(2, 7), (1, 3), (3, 5), (0, 3), (4, 5), (3, 7), (1, 4), (0, 2), (3, 6)]","[1.0, 1.0, 1.0, 1.0, 1.0, 1.0, 1.0, 1.0, 1.0]"
16cf2165,8,11,1,50.0,False,False,"[1, 1, 1]",6.1405390212315885,,,,,,,,,,,2.691893204660524,,0.4383806039425867,,,,1.3917598724365234,1.3917598724365234,False,,0.0,0.0,,,1.39683198928833,2026-07-19 03:37:50,x86_64,dacsgpu0002,,64,64,3.11.15,0.2,False,False,adam,False,hamqaoa,0.001,False,False,hog,False,True,False,False,False,False,False,1,HOG_graphs/random_graphs_8to14vertices_78instances_20260625_143415_AdjacencyList.txt,False,0,32,1,5,1,,0,"[(1, 3), (1, 6), (0, 7), (3, 5), (0, 3), (5, 6), (1, 5), (1, 4), (0, 2), (3, 6), (6, 7)]","[1.0, 1.0, 1.0, 1.0, 1.0, 1.0, 1.0, 1.0, 1.0, 1.0, 1.0]"
01ff9a25,8,9,1,25.0,False,False,"[1, 1, 1]",5.847763554161063,,,,,,,,,,,2.4304919238246083,,0.4156275987073991,,,,0.6734757423400879,0.6734757423400879,False,,0.0,0.0,,,0.6793489456176758,2026-07-19 03:37:50,x86_64,dacsgpu0002,,64,64,3.11.15,0.2,True,False,adam,False,hamqaoa,0.001,False,False,hog,False,True,False,False,False,False,False,1,HOG_graphs/random_graphs_8to14vertices_78instances_20260625_143415_AdjacencyList.txt,False,0,32,1,5,1,,1,"[(2, 7), (1, 3), (3, 5), (0, 3), (4, 5), (3, 7), (1, 4), (0, 2), (3, 6)]","[1.0, 1.0, 1.0, 1.0, 1.0, 1.0, 1.0, 1.0, 1.0]"
ca571325,8,16,1,5.0,False,False,"[1, 1, 1]",8.13007668131079,,,,,,,,,,,4.063172898447693,,0.4997705504780797,,,,0.1504981517791748,0.1504981517791748,False,,0.0,0.0,,,0.1577587127685547,2026-07-19 03:37:50,x86_64,dacsgpu0002,,64,64,3.11.15,0.2,False,False,adam,False,hamqaoa,0.001,False,False,hog,False,True,False,False,False,False,False,1,HOG_graphs/random_graphs_8to14vertices_78instances_20260625_143415_AdjacencyList.txt,False,0,32,1,5,1,,2,"[(2, 7), (2, 6), (4, 6), (1, 2), (0, 6), (3, 4), (1, 5), (4, 5), (3, 7), (2, 5), (6, 7), (0, 5), (1, 4), (3, 6), (2, 4), (1, 7)]","[1.0, 1.0, 1.0, 1.0, 1.0, 1.0, 1.0, 1.0, 1.0, 1.0, 1.0, 1.0, 1.0, 1.0, 1.0, 1.0]"
2c69ecd7,8,11,2,25.0,False,False,"[1, 1, 1]",6.1405390212315885,,,,,,,,,,,2.0256889900917434,,0.3298878132827918,,,,1.5390806198120117,1.5390806198120117,False,,0.0,0.0,,,1.545745611190796,2026-07-19 03:37:50,x86_64,dacsgpu0002,,64,64,3.11.15,0.21,False,False,adam,False,hamqaoa,0.001,False,False,hog,False,True,False,False,False,False,False,1,HOG_graphs/random_graphs_8to14vertices_78instances_20260625_143415_AdjacencyList.txt,False,0,32,1,5,1,,0,"[(1, 3), (1, 6), (0, 7), (3, 5), (0, 3), (5, 6), (1, 5), (1, 4), (0, 2), (3, 6), (6, 7)]","[1.0, 1.0, 1.0, 1.0, 1.0, 1.0, 1.0, 1.0, 1.0, 1.0, 1.0]"
93eff4af,8,16,2,5.0,False,False,"[1, 1, 1]",8.13007668131079,,,,,,,,,,,4.155599761972206,,0.5111390611511686,,,,0.3721179962158203,0.3721179962158203,False,,0.0,0.0,,,0.3785896301269531,2026-07-19 03:37:50,x86_64,dacsgpu0002,,64,64,3.11.15,0.2,False,False,adam,False,hamqaoa,0.001,False,False,hog,False,True,False,False,False,False,False,1,HOG_graphs/random_graphs_8to14vertices_78instances_20260625_143415_AdjacencyList.txt,False,0,32,1,5,1,,2,"[(2, 7), (2, 6), (4, 6), (1, 2), (0, 6), (3, 4), (1, 5), (4, 5), (3, 7), (2, 5), (6, 7), (0, 5), (1, 4), (3, 6), (2, 4), (1, 7)]","[1.0, 1.0, 1.0, 1.0, 1.0, 1.0, 1.0, 1.0, 1.0, 1.0, 1.0, 1.0, 1.0, 1.0, 1.0, 1.0]"
25e498e8,8,16,1,10.0,False,False,"[1, 1, 1]",8.13007668131079,,,,,,,,,,,4.4922474728552535,,0.5525467531175833,,,,0.298417329788208,0.298417329788208,False,,0.0,0.0,,,0.3057520389556885,2026-07-19 03:37:50,x86_64,dacsgpu0002,,64,64,3.11.15,0.2,False,False,adam,False,hamqaoa,0.001,False,False,hog,False,True,False,False,False,False,False,1,HOG_graphs/random_graphs_8to14vertices_78instances_20260625_143415_AdjacencyList.txt,False,0,32,1,5,1,,2,"[(2, 7), (2, 6), (4, 6), (1, 2), (0, 6), (3, 4), (1, 5), (4, 5), (3, 7), (2, 5), (6, 7), (0, 5), (1, 4), (3, 6), (2, 4), (1, 7)]","[1.0, 1.0, 1.0, 1.0, 1.0, 1.0, 1.0, 1.0, 1.0, 1.0, 1.0, 1.0, 1.0, 1.0, 1.0, 1.0]"
aae087de,8,9,1,50.0,False,False,"[1, 1, 1]",5.847763554161063,,,,,,,,,,,2.4030331230237976,,0.4109319914814072,,,,1.3865039348602295,1.3865039348602295,False,,0.0,0.0,,,1.392770528793335,2026-07-19 03:37:50,x86_64,dacsgpu0002,,64,64,3.11.15,0.2,True,False,adam,False,hamqaoa,0.001,False,False,hog,False,True,False,False,False,False,False,1,HOG_graphs/random_graphs_8to14vertices_78instances_20260625_143415_AdjacencyList.txt,False,0,32,1,5,1,,1,"[(2, 7), (1, 3), (3, 5), (0, 3), (4, 5), (3, 7), (1, 4), (0, 2), (3, 6)]","[1.0, 1.0, 1.0, 1.0, 1.0, 1.0, 1.0, 1.0, 1.0]"
48664f27,8,16,2,10.0,False,False,"[1, 1, 1]",8.13007668131079,,,,,,,,,,,1.5993746787867122,,0.19672319726864487,,,,0.7298789024353027,0.7298789024353027,False,,0.0,0.0,,,0.7363662719726562,2026-07-19 03:37:50,x86_64,dacsgpu0002,,64,64,3.11.15,0.2,False,False,adam,False,hamqaoa,0.001,False,False,hog,False,True,False,False,False,False,False,1,HOG_graphs/random_graphs_8to14vertices_78instances_20260625_143415_AdjacencyList.txt,False,0,32,1,5,1,,2,"[(2, 7), (2, 6), (4, 6), (1, 2), (0, 6), (3, 4), (1, 5), (4, 5), (3, 7), (2, 5), (6, 7), (0, 5), (1, 4), (3, 6), (2, 4), (1, 7)]","[1.0, 1.0, 1.0, 1.0, 1.0, 1.0, 1.0, 1.0, 1.0, 1.0, 1.0, 1.0, 1.0, 1.0, 1.0, 1.0]"
3a20f20b,8,12,1,5.0,False,False,"[1, 1, 1]",7.820089374374799,,,,,,,,,,,4.050706840817419,,0.517987282100758,,,,0.13830304145812988,0.13830304145812988,False,,0.0,0.0,,,0.14412403106689453,2026-07-19 03:37:50,x86_64,dacsgpu0002,,64,64,3.11.15,0.2,True,True,adam,False,hamqaoa,0.001,False,False,hog,False,True,False,False,False,False,False,1,HOG_graphs/random_graphs_8to14vertices_78instances_20260625_143415_AdjacencyList.txt,False,0,32,1,5,1,,3,"[(1, 3), (2, 3), (1, 6), (0, 4), (2, 6), (5, 7), (0, 7), (3, 5), (0, 6), (4, 5), (2, 4), (1, 7)]","[1.0, 1.0, 1.0, 1.0, 1.0, 1.0, 1.0, 1.0, 1.0, 1.0, 1.0, 1.0]"
38678382,8,9,2,25.0,False,False,"[1, 1, 1]",5.847763554161063,,,,,,,,,,,2.4255961518981404,,0.4147903945555684,,,,1.5648775100708008,1.5648775100708008,False,,0.0,0.0,,,1.5699670314788818,2026-07-19 03:37:51,x86_64,dacsgpu0002,,64,64,3.11.15,0.21,True,False,adam,False,hamqaoa,0.001,False,False,hog,False,True,False,False,False,False,False,1,HOG_graphs/random_graphs_8to14vertices_78instances_20260625_143415_AdjacencyList.txt,False,0,32,1,5,1,,1,"[(2, 7), (1, 3), (3, 5), (0, 3), (4, 5), (3, 7), (1, 4), (0, 2), (3, 6)]","[1.0, 1.0, 1.0, 1.0, 1.0, 1.0, 1.0, 1.0, 1.0]"
6c8dfd35,8,16,1,25.0,False,False,"[1, 1, 1]",8.13007668131079,,,,,,,,,,,3.9950668910644858,,0.4913935068101193,,,,0.706608772277832,0.706608772277832,False,,0.0,0.0,,,0.713141918182373,2026-07-19 03:37:51,x86_64,dacsgpu0002,,64,64,3.11.15,0.2,False,False,adam,False,hamqaoa,0.001,False,False,hog,False,True,False,False,False,False,False,1,HOG_graphs/random_graphs_8to14vertices_78instances_20260625_143415_AdjacencyList.txt,False,0,32,1,5,1,,2,"[(2, 7), (2, 6), (4, 6), (1, 2), (0, 6), (3, 4), (1, 5), (4, 5), (3, 7), (2, 5), (6, 7), (0, 5), (1, 4), (3, 6), (2, 4), (1, 7)]","[1.0, 1.0, 1.0, 1.0, 1.0, 1.0, 1.0, 1.0, 1.0, 1.0, 1.0, 1.0, 1.0, 1.0, 1.0, 1.0]"
72bba023,8,12,2,5.0,False,False,"[1, 1, 1]",7.820089374374799,,,,,,,,,,,2.014692887580197,,0.2576304171384573,,,,0.3220083713531494,0.3220083713531494,False,,0.0,0.0,,,0.3281400203704834,2026-07-19 03:37:51,x86_64,dacsgpu0002,,64,64,3.11.15,0.2,True,True,adam,False,hamqaoa,0.001,False,False,hog,False,True,False,False,False,False,False,1,HOG_graphs/random_graphs_8to14vertices_78instances_20260625_143415_AdjacencyList.txt,False,0,32,1,5,1,,3,"[(1, 3), (2, 3), (1, 6), (0, 4), (2, 6), (5, 7), (0, 7), (3, 5), (0, 6), (4, 5), (2, 4), (1, 7)]","[1.0, 1.0, 1.0, 1.0, 1.0, 1.0, 1.0, 1.0, 1.0, 1.0, 1.0, 1.0]"
033a6e9c,8,12,1,10.0,False,False,"[1, 1, 1]",7.820089374374799,,,,,,,,,,,2.634255620501261,,0.33685748261820403,,,,0.2837390899658203,0.2837390899658203,False,,0.0,0.0,,,0.29038166999816895,2026-07-19 03:37:51,x86_64,dacsgpu0002,,64,64,3.11.15,0.2,True,True,adam,False,hamqaoa,0.001,False,False,hog,False,True,False,False,False,False,False,1,HOG_graphs/random_graphs_8to14vertices_78instances_20260625_143415_AdjacencyList.txt,False,0,32,1,5,1,,3,"[(1, 3), (2, 3), (1, 6), (0, 4), (2, 6), (5, 7), (0, 7), (3, 5), (0, 6), (4, 5), (2, 4), (1, 7)]","[1.0, 1.0, 1.0, 1.0, 1.0, 1.0, 1.0, 1.0, 1.0, 1.0, 1.0, 1.0]"
1fbcc145,8,11,2,50.0,False,False,"[1, 1, 1]",6.1405390212315885,,,,,,,,,,,3.70608661024388,,0.6035441835691749,,,,3.153491258621216,3.153491258621216,False,,0.0,0.0,,,3.1593029499053955,2026-07-19 03:37:51,x86_64,dacsgpu0002,,64,64,3.11.15,0.21,False,False,adam,False,hamqaoa,0.001,False,False,hog,False,True,False,False,False,False,False,1,HOG_graphs/random_graphs_8to14vertices_78instances_20260625_143415_AdjacencyList.txt,False,0,32,1,5,1,,0,"[(1, 3), (1, 6), (0, 7), (3, 5), (0, 3), (5, 6), (1, 5), (1, 4), (0, 2), (3, 6), (6, 7)]","[1.0, 1.0, 1.0, 1.0, 1.0, 1.0, 1.0, 1.0, 1.0, 1.0, 1.0]"
6e689b86,8,12,2,10.0,False,False,"[1, 1, 1]",7.820089374374799,,,,,,,,,,,2.977225299155949,,0.3807149965461837,,,,0.6434841156005859,0.6434841156005859,False,,0.0,0.0,,,0.6505098342895508,2026-07-19 03:37:51,x86_64,dacsgpu0002,,64,64,3.11.15,0.2,True,True,adam,False,hamqaoa,0.001,False,False,hog,False,True,False,False,False,False,False,1,HOG_graphs/random_graphs_8to14vertices_78instances_20260625_143415_AdjacencyList.txt,False,0,32,1,5,1,,3,"[(1, 3), (2, 3), (1, 6), (0, 4), (2, 6), (5, 7), (0, 7), (3, 5), (0, 6), (4, 5), (2, 4), (1, 7)]","[1.0, 1.0, 1.0, 1.0, 1.0, 1.0, 1.0, 1.0, 1.0, 1.0, 1.0, 1.0]"
5049b231,8,16,1,5.0,False,False,"[1, 1, 1]",9.029354551197121,,,,,,,,,,,3.9993407173714166,,0.4429265341940947,,,,0.1518716812133789,0.1518716812133789,False,,0.0,0.0,,,0.1583573818206787,2026-07-19 03:37:51,x86_64,dacsgpu0002,,64,64,3.11.15,0.2,False,False,adam,False,hamqaoa,0.001,False,False,hog,False,True,False,False,False,False,False,1,HOG_graphs/random_graphs_8to14vertices_78instances_20260625_143415_AdjacencyList.txt,False,0,32,1,5,1,,4,"[(1, 3), (0, 1), (2, 3), (1, 6), (4, 7), (2, 6), (5, 7), (0, 7), (3, 5), (4, 6), (5, 6), (3, 7), (0, 5), (1, 4), (0, 2), (2, 4)]","[1.0, 1.0, 1.0, 1.0, 1.0, 1.0, 1.0, 1.0, 1.0, 1.0, 1.0, 1.0, 1.0, 1.0, 1.0, 1.0]"
4eae1154,8,16,1,50.0,False,False,"[1, 1, 1]",8.13007668131079,,,,,,,,,,,3.1126050013712345,,0.38285063270392156,,,,1.462862253189087,1.462862253189087,False,,0.0,0.0,,,1.470374584197998,2026-07-19 03:37:52,x86_64,dacsgpu0002,,64,64,3.11.15,0.2,False,False,adam,False,hamqaoa,0.001,False,False,hog,False,True,False,False,False,False,False,1,HOG_graphs/random_graphs_8to14vertices_78instances_20260625_143415_AdjacencyList.txt,False,0,32,1,5,1,,2,"[(2, 7), (2, 6), (4, 6), (1, 2), (0, 6), (3, 4), (1, 5), (4, 5), (3, 7), (2, 5), (6, 7), (0, 5), (1, 4), (3, 6), (2, 4), (1, 7)]","[1.0, 1.0, 1.0, 1.0, 1.0, 1.0, 1.0, 1.0, 1.0, 1.0, 1.0, 1.0, 1.0, 1.0, 1.0, 1.0]"
9f7cff23,8,12,1,25.0,False,False,"[1, 1, 1]",7.820089374374799,,,,,,,,,,,1.9086099988199607,,0.2440649853790898,,,,0.6827147006988525,0.6827147006988525,False,,0.0,0.0,,,0.6880111694335938,2026-07-19 03:37:52,x86_64,dacsgpu0002,,64,64,3.11.15,0.2,True,True,adam,False,hamqaoa,0.001,False,False,hog,False,True,False,False,False,False,False,1,HOG_graphs/random_graphs_8to14vertices_78instances_20260625_143415_AdjacencyList.txt,False,0,32,1,5,1,,3,"[(1, 3), (2, 3), (1, 6), (0, 4), (2, 6), (5, 7), (0, 7), (3, 5), (0, 6), (4, 5), (2, 4), (1, 7)]","[1.0, 1.0, 1.0, 1.0, 1.0, 1.0, 1.0, 1.0, 1.0, 1.0, 1.0, 1.0]"
ecb47727,8,16,2,25.0,False,False,"[1, 1, 1]",8.13007668131079,,,,,,,,,,,3.927580178476063,,0.48309263644519895,,,,1.9304628372192383,1.9304628372192383,False,,0.0,0.0,,,1.9367260932922363,2026-07-19 03:37:52,x86_64,dacsgpu0002,,64,64,3.11.15,0.21,False,False,adam,False,hamqaoa,0.001,False,False,hog,False,True,False,False,False,False,False,1,HOG_graphs/random_graphs_8to14vertices_78instances_20260625_143415_AdjacencyList.txt,False,0,32,1,5,1,,2,"[(2, 7), (2, 6), (4, 6), (1, 2), (0, 6), (3, 4), (1, 5), (4, 5), (3, 7), (2, 5), (6, 7), (0, 5), (1, 4), (3, 6), (2, 4), (1, 7)]","[1.0, 1.0, 1.0, 1.0, 1.0, 1.0, 1.0, 1.0, 1.0, 1.0, 1.0, 1.0, 1.0, 1.0, 1.0, 1.0]"
e8735296,8,16,2,5.0,False,False,"[1, 1, 1]",9.029354551197121,,,,,,,,,,,2.9076582551250865,,0.3220228244043851,,,,0.3886985778808594,0.3886985778808594,False,,0.0,0.0,,,0.3947477340698242,2026-07-19 03:37:52,x86_64,dacsgpu0002,,64,64,3.11.15,0.2,False,False,adam,False,hamqaoa,0.001,False,False,hog,False,True,False,False,False,False,False,1,HOG_graphs/random_graphs_8to14vertices_78instances_20260625_143415_AdjacencyList.txt,False,0,32,1,5,1,,4,"[(1, 3), (0, 1), (2, 3), (1, 6), (4, 7), (2, 6), (5, 7), (0, 7), (3, 5), (4, 6), (5, 6), (3, 7), (0, 5), (1, 4), (0, 2), (2, 4)]","[1.0, 1.0, 1.0, 1.0, 1.0, 1.0, 1.0, 1.0, 1.0, 1.0, 1.0, 1.0, 1.0, 1.0, 1.0, 1.0]"
f1c80e68,8,16,1,10.0,False,False,"[1, 1, 1]",9.029354551197121,,,,,,,,,,,3.9695675090662927,,0.43962915472623715,,,,0.30081915855407715,0.30081915855407715,False,,0.0,0.0,,,0.30699634552001953,2026-07-19 03:37:52,x86_64,dacsgpu0002,,64,64,3.11.15,0.2,False,False,adam,False,hamqaoa,0.001,False,False,hog,False,True,False,False,False,False,False,1,HOG_graphs/random_graphs_8to14vertices_78instances_20260625_143415_AdjacencyList.txt,False,0,32,1,5,1,,4,"[(1, 3), (0, 1), (2, 3), (1, 6), (4, 7), (2, 6), (5, 7), (0, 7), (3, 5), (4, 6), (5, 6), (3, 7), (0, 5), (1, 4), (0, 2), (2, 4)]","[1.0, 1.0, 1.0, 1.0, 1.0, 1.0, 1.0, 1.0, 1.0, 1.0, 1.0, 1.0, 1.0, 1.0, 1.0, 1.0]"
5de57a59,8,9,2,50.0,False,False,"[1, 1, 1]",5.847763554161063,,,,,,,,,,,2.616533710024289,,0.44744177595252727,,,,2.995558500289917,2.995558500289917,False,,0.0,0.0,,,3.0021002292633057,2026-07-19 03:37:52,x86_64,dacsgpu0002,,64,64,3.11.15,0.21,True,False,adam,False,hamqaoa,0.001,False,False,hog,False,True,False,False,False,False,False,1,HOG_graphs/random_graphs_8to14vertices_78instances_20260625_143415_AdjacencyList.txt,False,0,32,1,5,1,,1,"[(2, 7), (1, 3), (3, 5), (0, 3), (4, 5), (3, 7), (1, 4), (0, 2), (3, 6)]","[1.0, 1.0, 1.0, 1.0, 1.0, 1.0, 1.0, 1.0, 1.0]"
76ef6093,8,16,2,10.0,False,False,"[1, 1, 1]",9.029354551197121,,,,,,,,,,,3.109089755297095,,0.3443313403708229,,,,0.7550363540649414,0.7550363540649414,False,,0.0,0.0,,,0.7621293067932129,2026-07-19 03:37:53,x86_64,dacsgpu0002,,64,64,3.11.15,0.2,False,False,adam,False,hamqaoa,0.001,False,False,hog,False,True,False,False,False,False,False,1,HOG_graphs/random_graphs_8to14vertices_78instances_20260625_143415_AdjacencyList.txt,False,0,32,1,5,1,,4,"[(1, 3), (0, 1), (2, 3), (1, 6), (4, 7), (2, 6), (5, 7), (0, 7), (3, 5), (4, 6), (5, 6), (3, 7), (0, 5), (1, 4), (0, 2), (2, 4)]","[1.0, 1.0, 1.0, 1.0, 1.0, 1.0, 1.0, 1.0, 1.0, 1.0, 1.0, 1.0, 1.0, 1.0, 1.0, 1.0]"
b537e205,8,12,1,50.0,False,False,"[1, 1, 1]",7.820089374374799,,,,,,,,,,,2.871514629643946,,0.3671971626121624,,,,1.43776273727417,1.43776273727417,False,,0.0,0.0,,,1.444000005722046,2026-07-19 03:37:53,x86_64,dacsgpu0002,,64,64,3.11.15,0.2,True,True,adam,False,hamqaoa,0.001,False,False,hog,False,True,False,False,False,False,False,1,HOG_graphs/random_graphs_8to14vertices_78instances_20260625_143415_AdjacencyList.txt,False,0,32,1,5,1,,3,"[(1, 3), (2, 3), (1, 6), (0, 4), (2, 6), (5, 7), (0, 7), (3, 5), (0, 6), (4, 5), (2, 4), (1, 7)]","[1.0, 1.0, 1.0, 1.0, 1.0, 1.0, 1.0, 1.0, 1.0, 1.0, 1.0, 1.0]"
923f2f86,8,20,1,5.0,False,False,"[1, 1, 1]",9.309016994374973,,,,,,,,,,,4.639029303477198,,0.4983371827852885,,,,0.17562079429626465,0.17562079429626465,False,,0.0,0.0,,,0.1817798614501953,2026-07-19 03:37:53,x86_64,dacsgpu0002,,64,64,3.11.15,0.2,False,False,adam,False,hamqaoa,0.001,False,False,hog,False,True,False,False,False,False,False,1,HOG_graphs/random_graphs_8to14vertices_78instances_20260625_143415_AdjacencyList.txt,False,0,32,1,5,1,,5,"[(2, 6), (3, 5), (4, 6), (0, 5), (0, 2), (1, 7), (3, 4), (4, 5), (3, 7), (2, 5), (1, 3), (0, 1), (1, 6), (0, 7), (3, 6), (2, 4), (2, 7), (4, 7), (0, 6), (1, 5)]","[1.0, 1.0, 1.0, 1.0, 1.0, 1.0, 1.0, 1.0, 1.0, 1.0, 1.0, 1.0, 1.0, 1.0, 1.0, 1.0, 1.0, 1.0, 1.0, 1.0]"
24c4f42f,8,16,1,25.0,False,False,"[1, 1, 1]",9.029354551197121,,,,,,,,,,,2.874698231360082,,0.3183725054831247,,,,0.7223944664001465,0.7223944664001465,False,,0.0,0.0,,,0.7286419868469238,2026-07-19 03:37:53,x86_64,dacsgpu0002,,64,64,3.11.15,0.2,False,False,adam,False,hamqaoa,0.001,False,False,hog,False,True,False,False,False,False,False,1,HOG_graphs/random_graphs_8to14vertices_78instances_20260625_143415_AdjacencyList.txt,False,0,32,1,5,1,,4,"[(1, 3), (0, 1), (2, 3), (1, 6), (4, 7), (2, 6), (5, 7), (0, 7), (3, 5), (4, 6), (5, 6), (3, 7), (0, 5), (1, 4), (0, 2), (2, 4)]","[1.0, 1.0, 1.0, 1.0, 1.0, 1.0, 1.0, 1.0, 1.0, 1.0, 1.0, 1.0, 1.0, 1.0, 1.0, 1.0]"
dce390bd,8,12,2,25.0,False,False,"[1, 1, 1]",7.820089374374799,,,,,,,,,,,3.2982097869456064,,0.42176113712374186,,,,1.703843593597412,1.703843593597412,False,,0.0,0.0,,,1.7096457481384277,2026-07-19 03:37:53,x86_64,dacsgpu0002,,64,64,3.11.15,0.2,True,True,adam,False,hamqaoa,0.001,False,False,hog,False,True,False,False,False,False,False,1,HOG_graphs/random_graphs_8to14vertices_78instances_20260625_143415_AdjacencyList.txt,False,0,32,1,5,1,,3,"[(1, 3), (2, 3), (1, 6), (0, 4), (2, 6), (5, 7), (0, 7), (3, 5), (0, 6), (4, 5), (2, 4), (1, 7)]","[1.0, 1.0, 1.0, 1.0, 1.0, 1.0, 1.0, 1.0, 1.0, 1.0, 1.0, 1.0]"
63024321,8,20,2,5.0,False,False,"[1, 1, 1]",9.309016994374973,,,,,,,,,,,1.481706382480586,,0.1591689416160606,,,,0.44460511207580566,0.44460511207580566,False,,0.0,0.0,,,0.45203137397766113,2026-07-19 03:37:53,x86_64,dacsgpu0002,,64,64,3.11.15,0.2,False,False,adam,False,hamqaoa,0.001,False,False,hog,False,True,False,False,False,False,False,1,HOG_graphs/random_graphs_8to14vertices_78instances_20260625_143415_AdjacencyList.txt,False,0,32,1,5,1,,5,"[(2, 6), (3, 5), (4, 6), (0, 5), (0, 2), (1, 7), (3, 4), (4, 5), (3, 7), (2, 5), (1, 3), (0, 1), (1, 6), (0, 7), (3, 6), (2, 4), (2, 7), (4, 7), (0, 6), (1, 5)]","[1.0, 1.0, 1.0, 1.0, 1.0, 1.0, 1.0, 1.0, 1.0, 1.0, 1.0, 1.0, 1.0, 1.0, 1.0, 1.0, 1.0, 1.0, 1.0, 1.0]"
8ee2eaf6,8,20,1,10.0,False,False,"[1, 1, 1]",9.309016994374973,,,,,,,,,,,4.821848462897518,,0.5179761156103966,,,,0.34235405921936035,0.34235405921936035,False,,0.0,0.0,,,0.3487088680267334,2026-07-19 03:37:53,x86_64,dacsgpu0002,,64,64,3.11.15,0.2,False,False,adam,False,hamqaoa,0.001,False,False,hog,False,True,False,False,False,False,False,1,HOG_graphs/random_graphs_8to14vertices_78instances_20260625_143415_AdjacencyList.txt,False,0,32,1,5,1,,5,"[(2, 6), (3, 5), (4, 6), (0, 5), (0, 2), (1, 7), (3, 4), (4, 5), (3, 7), (2, 5), (1, 3), (0, 1), (1, 6), (0, 7), (3, 6), (2, 4), (2, 7), (4, 7), (0, 6), (1, 5)]","[1.0, 1.0, 1.0, 1.0, 1.0, 1.0, 1.0, 1.0, 1.0, 1.0, 1.0, 1.0, 1.0, 1.0, 1.0, 1.0, 1.0, 1.0, 1.0, 1.0]"
9c02f7a3,8,12,1,5.0,False,False,"[1, 1, 1]",6.52322519319384,,,,,,,,,,,2.8953301478277855,,0.4438494858108986,,,,0.15171265602111816,0.15171265602111816,False,,0.0,0.0,,,0.15666985511779785,2026-07-19 03:37:54,x86_64,dacsgpu0002,,64,64,3.11.15,0.2,False,False,adam,False,hamqaoa,0.001,False,False,hog,False,True,False,False,False,False,False,1,HOG_graphs/random_graphs_8to14vertices_78instances_20260625_143415_AdjacencyList.txt,False,0,32,1,5,1,,6,"[(2, 7), (0, 1), (2, 3), (2, 6), (0, 7), (3, 5), (0, 3), (5, 6), (3, 4), (4, 5), (0, 2), (2, 4)]","[1.0, 1.0, 1.0, 1.0, 1.0, 1.0, 1.0, 1.0, 1.0, 1.0, 1.0, 1.0]"
5f14b410,8,20,2,10.0,False,False,"[1, 1, 1]",9.309016994374973,,,,,,,,,,,4.7325373685247545,,0.5083820742173333,,,,0.8248369693756104,0.8248369693756104,False,,0.0,0.0,,,0.8308775424957275,2026-07-19 03:37:54,x86_64,dacsgpu0002,,64,64,3.11.15,0.2,False,False,adam,False,hamqaoa,0.001,False,False,hog,False,True,False,False,False,False,False,1,HOG_graphs/random_graphs_8to14vertices_78instances_20260625_143415_AdjacencyList.txt,False,0,32,1,5,1,,5,"[(2, 6), (3, 5), (4, 6), (0, 5), (0, 2), (1, 7), (3, 4), (4, 5), (3, 7), (2, 5), (1, 3), (0, 1), (1, 6), (0, 7), (3, 6), (2, 4), (2, 7), (4, 7), (0, 6), (1, 5)]","[1.0, 1.0, 1.0, 1.0, 1.0, 1.0, 1.0, 1.0, 1.0, 1.0, 1.0, 1.0, 1.0, 1.0, 1.0, 1.0, 1.0, 1.0, 1.0, 1.0]"
5ffa313c,8,16,1,50.0,False,False,"[1, 1, 1]",9.029354551197121,,,,,,,,,,,3.6050657483220694,,0.39926062576024396,,,,1.5046415328979492,1.5046415328979492,False,,0.0,0.0,,,1.5115084648132324,2026-07-19 03:37:54,x86_64,dacsgpu0002,,64,64,3.11.15,0.2,False,False,adam,False,hamqaoa,0.001,False,False,hog,False,True,False,False,False,False,False,1,HOG_graphs/random_graphs_8to14vertices_78instances_20260625_143415_AdjacencyList.txt,False,0,32,1,5,1,,4,"[(1, 3), (0, 1), (2, 3), (1, 6), (4, 7), (2, 6), (5, 7), (0, 7), (3, 5), (4, 6), (5, 6), (3, 7), (0, 5), (1, 4), (0, 2), (2, 4)]","[1.0, 1.0, 1.0, 1.0, 1.0, 1.0, 1.0, 1.0, 1.0, 1.0, 1.0, 1.0, 1.0, 1.0, 1.0, 1.0]"
e2fd6e67,8,20,1,25.0,False,False,"[1, 1, 1]",9.309016994374973,,,,,,,,,,,5.018808699939718,,0.5391341215696954,,,,0.8280746936798096,0.8280746936798096,False,,0.0,0.0,,,0.8348729610443115,2026-07-19 03:37:54,x86_64,dacsgpu0002,,64,64,3.11.15,0.2,False,False,adam,False,hamqaoa,0.001,False,False,hog,False,True,False,False,False,False,False,1,HOG_graphs/random_graphs_8to14vertices_78instances_20260625_143415_AdjacencyList.txt,False,0,32,1,5,1,,5,"[(2, 6), (3, 5), (4, 6), (0, 5), (0, 2), (1, 7), (3, 4), (4, 5), (3, 7), (2, 5), (1, 3), (0, 1), (1, 6), (0, 7), (3, 6), (2, 4), (2, 7), (4, 7), (0, 6), (1, 5)]","[1.0, 1.0, 1.0, 1.0, 1.0, 1.0, 1.0, 1.0, 1.0, 1.0, 1.0, 1.0, 1.0, 1.0, 1.0, 1.0, 1.0, 1.0, 1.0, 1.0]"
2d195a91,8,12,2,5.0,False,False,"[1, 1, 1]",6.52322519319384,,,,,,,,,,,2.0745144961719504,,0.31801975782415787,,,,0.33162856101989746,0.33162856101989746,False,,0.0,0.0,,,0.3375363349914551,2026-07-19 03:37:54,x86_64,dacsgpu0002,,64,64,3.11.15,0.2,False,False,adam,False,hamqaoa,0.001,False,False,hog,False,True,False,False,False,False,False,1,HOG_graphs/random_graphs_8to14vertices_78instances_20260625_143415_AdjacencyList.txt,False,0,32,1,5,1,,6,"[(2, 7), (0, 1), (2, 3), (2, 6), (0, 7), (3, 5), (0, 3), (5, 6), (3, 4), (4, 5), (0, 2), (2, 4)]","[1.0, 1.0, 1.0, 1.0, 1.0, 1.0, 1.0, 1.0, 1.0, 1.0, 1.0, 1.0]"
5502061e,8,16,2,25.0,False,False,"[1, 1, 1]",9.029354551197121,,,,,,,,,,,4.228517152491848,,0.468307798582483,,,,1.921431064605713,1.921431064605713,False,,0.0,0.0,,,1.926863193511963,2026-07-19 03:37:54,x86_64,dacsgpu0002,,64,64,3.11.15,0.2,False,False,adam,False,hamqaoa,0.001,False,False,hog,False,True,False,False,False,False,False,1,HOG_graphs/random_graphs_8to14vertices_78instances_20260625_143415_AdjacencyList.txt,False,0,32,1,5,1,,4,"[(1, 3), (0, 1), (2, 3), (1, 6), (4, 7), (2, 6), (5, 7), (0, 7), (3, 5), (4, 6), (5, 6), (3, 7), (0, 5), (1, 4), (0, 2), (2, 4)]","[1.0, 1.0, 1.0, 1.0, 1.0, 1.0, 1.0, 1.0, 1.0, 1.0, 1.0, 1.0, 1.0, 1.0, 1.0, 1.0]"
2da06f49,8,12,1,10.0,False,False,"[1, 1, 1]",6.52322519319384,,,,,,,,,,,3.004946945106022,,0.460653565699572,,,,0.2927534580230713,0.2927534580230713,False,,0.0,0.0,,,0.29921507835388184,2026-07-19 03:37:54,x86_64,dacsgpu0002,,64,64,3.11.15,0.2,False,False,adam,False,hamqaoa,0.001,False,False,hog,False,True,False,False,False,False,False,1,HOG_graphs/random_graphs_8to14vertices_78instances_20260625_143415_AdjacencyList.txt,False,0,32,1,5,1,,6,"[(2, 7), (0, 1), (2, 3), (2, 6), (0, 7), (3, 5), (0, 3), (5, 6), (3, 4), (4, 5), (0, 2), (2, 4)]","[1.0, 1.0, 1.0, 1.0, 1.0, 1.0, 1.0, 1.0, 1.0, 1.0, 1.0, 1.0]"
a8e95d46,8,16,2,50.0,False,False,"[1, 1, 1]",8.13007668131079,,,,,,,,,,,2.6915288472333203,,0.331058236316582,,,,3.813605546951294,3.813605546951294,False,,0.0,0.0,,,3.820195198059082,2026-07-19 03:37:54,x86_64,dacsgpu0002,,64,64,3.11.15,0.21,False,False,adam,False,hamqaoa,0.001,False,False,hog,False,True,False,False,False,False,False,1,HOG_graphs/random_graphs_8to14vertices_78instances_20260625_143415_AdjacencyList.txt,False,0,32,1,5,1,,2,"[(2, 7), (2, 6), (4, 6), (1, 2), (0, 6), (3, 4), (1, 5), (4, 5), (3, 7), (2, 5), (6, 7), (0, 5), (1, 4), (3, 6), (2, 4), (1, 7)]","[1.0, 1.0, 1.0, 1.0, 1.0, 1.0, 1.0, 1.0, 1.0, 1.0, 1.0, 1.0, 1.0, 1.0, 1.0, 1.0]"
ee36a58d,8,12,2,10.0,False,False,"[1, 1, 1]",6.52322519319384,,,,,,,,,,,2.210282592481815,,0.3388327900726109,,,,0.6514773368835449,0.6514773368835449,False,,0.0,0.0,,,0.6582341194152832,2026-07-19 03:37:54,x86_64,dacsgpu0002,,64,64,3.11.15,0.2,False,False,adam,False,hamqaoa,0.001,False,False,hog,False,True,False,False,False,False,False,1,HOG_graphs/random_graphs_8to14vertices_78instances_20260625_143415_AdjacencyList.txt,False,0,32,1,5,1,,6,"[(2, 7), (0, 1), (2, 3), (2, 6), (0, 7), (3, 5), (0, 3), (5, 6), (3, 4), (4, 5), (0, 2), (2, 4)]","[1.0, 1.0, 1.0, 1.0, 1.0, 1.0, 1.0, 1.0, 1.0, 1.0, 1.0, 1.0]"
fed4b7e6,8,12,2,50.0,False,False,"[1, 1, 1]",7.820089374374799,,,,,,,,,,,3.6152839709815083,,0.4623072445729616,,,,3.3427858352661133,3.3427858352661133,False,,0.0,0.0,,,3.3488831520080566,2026-07-19 03:37:55,x86_64,dacsgpu0002,,64,64,3.11.15,0.21,True,True,adam,False,hamqaoa,0.001,False,False,hog,False,True,False,False,False,False,False,1,HOG_graphs/random_graphs_8to14vertices_78instances_20260625_143415_AdjacencyList.txt,False,0,32,1,5,1,,3,"[(1, 3), (2, 3), (1, 6), (0, 4), (2, 6), (5, 7), (0, 7), (3, 5), (0, 6), (4, 5), (2, 4), (1, 7)]","[1.0, 1.0, 1.0, 1.0, 1.0, 1.0, 1.0, 1.0, 1.0, 1.0, 1.0, 1.0]"
95e4ee11,8,12,1,25.0,False,False,"[1, 1, 1]",6.52322519319384,,,,,,,,,,,2.9015174568320385,,0.44479799039582524,,,,0.6947824954986572,0.6947824954986572,False,,0.0,0.0,,,0.7003977298736572,2026-07-19 03:37:55,x86_64,dacsgpu0002,,64,64,3.11.15,0.2,False,False,adam,False,hamqaoa,0.001,False,False,hog,False,True,False,False,False,False,False,1,HOG_graphs/random_graphs_8to14vertices_78instances_20260625_143415_AdjacencyList.txt,False,0,32,1,5,1,,6,"[(2, 7), (0, 1), (2, 3), (2, 6), (0, 7), (3, 5), (0, 3), (5, 6), (3, 4), (4, 5), (0, 2), (2, 4)]","[1.0, 1.0, 1.0, 1.0, 1.0, 1.0, 1.0, 1.0, 1.0, 1.0, 1.0, 1.0]"
258f397d,8,15,1,5.0,False,False,"[1, 1, 1]",7.5806979535883885,,,,,,,,,,,4.23045280841939,,0.5580558458231235,,,,0.15495538711547852,0.15495538711547852,False,,0.0,0.0,,,0.1613020896911621,2026-07-19 03:37:55,x86_64,dacsgpu0002,,64,64,3.11.15,0.2,False,False,adam,False,hamqaoa,0.001,False,False,hog,False,True,False,False,False,False,False,1,HOG_graphs/random_graphs_8to14vertices_78instances_20260625_143415_AdjacencyList.txt,False,0,32,1,5,1,,7,"[(0, 1), (0, 4), (4, 7), (2, 6), (0, 3), (4, 6), (0, 6), (3, 4), (4, 5), (3, 7), (2, 5), (0, 5), (0, 2), (2, 4), (1, 7)]","[1.0, 1.0, 1.0, 1.0, 1.0, 1.0, 1.0, 1.0, 1.0, 1.0, 1.0, 1.0, 1.0, 1.0, 1.0]"
8522dce9,8,20,1,50.0,False,False,"[1, 1, 1]",9.309016994374973,,,,,,,,,,,4.680978983824118,,0.5028435318844757,,,,1.6876003742218018,1.6876003742218018,False,,0.0,0.0,,,1.6933856010437012,2026-07-19 03:37:55,x86_64,dacsgpu0002,,64,64,3.11.15,0.2,False,False,adam,False,hamqaoa,0.001,False,False,hog,False,True,False,False,False,False,False,1,HOG_graphs/random_graphs_8to14vertices_78instances_20260625_143415_AdjacencyList.txt,False,0,32,1,5,1,,5,"[(2, 6), (3, 5), (4, 6), (0, 5), (0, 2), (1, 7), (3, 4), (4, 5), (3, 7), (2, 5), (1, 3), (0, 1), (1, 6), (0, 7), (3, 6), (2, 4), (2, 7), (4, 7), (0, 6), (1, 5)]","[1.0, 1.0, 1.0, 1.0, 1.0, 1.0, 1.0, 1.0, 1.0, 1.0, 1.0, 1.0, 1.0, 1.0, 1.0, 1.0, 1.0, 1.0, 1.0, 1.0]"
6f3ce4cc,8,15,2,5.0,False,False,"[1, 1, 1]",7.5806979535883885,,,,,,,,,,,3.5959760316202782,,0.4743594921781697,,,,0.36151766777038574,0.36151766777038574,False,,0.0,0.0,,,0.3688676357269287,2026-07-19 03:37:55,x86_64,dacsgpu0002,,64,64,3.11.15,0.2,False,False,adam,False,hamqaoa,0.001,False,False,hog,False,True,False,False,False,False,False,1,HOG_graphs/random_graphs_8to14vertices_78instances_20260625_143415_AdjacencyList.txt,False,0,32,1,5,1,,7,"[(0, 1), (0, 4), (4, 7), (2, 6), (0, 3), (4, 6), (0, 6), (3, 4), (4, 5), (3, 7), (2, 5), (0, 5), (0, 2), (2, 4), (1, 7)]","[1.0, 1.0, 1.0, 1.0, 1.0, 1.0, 1.0, 1.0, 1.0, 1.0, 1.0, 1.0, 1.0, 1.0, 1.0]"
b07e7df8,8,15,1,10.0,False,False,"[1, 1, 1]",7.5806979535883885,,,,,,,,,,,3.667516861205979,,0.48379672738048196,,,,0.2877922058105469,0.2877922058105469,False,,0.0,0.0,,,0.29392313957214355,2026-07-19 03:37:55,x86_64,dacsgpu0002,,64,64,3.11.15,0.2,False,False,adam,False,hamqaoa,0.001,False,False,hog,False,True,False,False,False,False,False,1,HOG_graphs/random_graphs_8to14vertices_78instances_20260625_143415_AdjacencyList.txt,False,0,32,1,5,1,,7,"[(0, 1), (0, 4), (4, 7), (2, 6), (0, 3), (4, 6), (0, 6), (3, 4), (4, 5), (3, 7), (2, 5), (0, 5), (0, 2), (2, 4), (1, 7)]","[1.0, 1.0, 1.0, 1.0, 1.0, 1.0, 1.0, 1.0, 1.0, 1.0, 1.0, 1.0, 1.0, 1.0, 1.0]"
b70f9868,8,20,2,25.0,False,False,"[1, 1, 1]",9.309016994374973,,,,,,,,,,,5.448855880957252,,0.5853309628986342,,,,2.1358001232147217,2.1358001232147217,False,,0.0,0.0,,,2.1410486698150635,2026-07-19 03:37:55,x86_64,dacsgpu0002,,64,64,3.11.15,0.21,False,False,adam,False,hamqaoa,0.001,False,False,hog,False,True,False,False,False,False,False,1,HOG_graphs/random_graphs_8to14vertices_78instances_20260625_143415_AdjacencyList.txt,False,0,32,1,5,1,,5,"[(2, 6), (3, 5), (4, 6), (0, 5), (0, 2), (1, 7), (3, 4), (4, 5), (3, 7), (2, 5), (1, 3), (0, 1), (1, 6), (0, 7), (3, 6), (2, 4), (2, 7), (4, 7), (0, 6), (1, 5)]","[1.0, 1.0, 1.0, 1.0, 1.0, 1.0, 1.0, 1.0, 1.0, 1.0, 1.0, 1.0, 1.0, 1.0, 1.0, 1.0, 1.0, 1.0, 1.0, 1.0]"
0367e01b,8,15,2,10.0,False,False,"[1, 1, 1]",7.5806979535883885,,,,,,,,,,,1.4610879193486468,,0.19273791520172998,,,,0.7043137550354004,0.7043137550354004,False,,0.0,0.0,,,0.7095062732696533,2026-07-19 03:37:56,x86_64,dacsgpu0002,,64,64,3.11.15,0.2,False,False,adam,False,hamqaoa,0.001,False,False,hog,False,True,False,False,False,False,False,1,HOG_graphs/random_graphs_8to14vertices_78instances_20260625_143415_AdjacencyList.txt,False,0,32,1,5,1,,7,"[(0, 1), (0, 4), (4, 7), (2, 6), (0, 3), (4, 6), (0, 6), (3, 4), (4, 5), (3, 7), (2, 5), (0, 5), (0, 2), (2, 4), (1, 7)]","[1.0, 1.0, 1.0, 1.0, 1.0, 1.0, 1.0, 1.0, 1.0, 1.0, 1.0, 1.0, 1.0, 1.0, 1.0]"
b1587aff,8,12,1,50.0,False,False,"[1, 1, 1]",6.52322519319384,,,,,,,,,,,3.9948404206349033,,0.6124026539514554,,,,1.440967082977295,1.440967082977295,False,,0.0,0.0,,,1.445671796798706,2026-07-19 03:37:56,x86_64,dacsgpu0002,,64,64,3.11.15,0.2,False,False,adam,False,hamqaoa,0.001,False,False,hog,False,True,False,False,False,False,False,1,HOG_graphs/random_graphs_8to14vertices_78instances_20260625_143415_AdjacencyList.txt,False,0,32,1,5,1,,6,"[(2, 7), (0, 1), (2, 3), (2, 6), (0, 7), (3, 5), (0, 3), (5, 6), (3, 4), (4, 5), (0, 2), (2, 4)]","[1.0, 1.0, 1.0, 1.0, 1.0, 1.0, 1.0, 1.0, 1.0, 1.0, 1.0, 1.0]"
391c5a56,8,16,1,5.0,False,False,"[1, 1, 1]",8.115104877307424,,,,,,,,,,,0.41925805690188417,,0.05166391109426958,,,,0.15000438690185547,0.15000438690185547,False,,0.0,0.0,,,0.1554243564605713,2026-07-19 03:37:56,x86_64,dacsgpu0002,,64,64,3.11.15,0.2,False,False,adam,False,hamqaoa,0.001,False,False,hog,False,True,False,False,False,False,False,1,HOG_graphs/random_graphs_8to14vertices_78instances_20260625_143415_AdjacencyList.txt,False,0,32,1,5,1,,8,"[(1, 3), (0, 1), (2, 3), (5, 7), (0, 7), (3, 5), (4, 6), (1, 2), (5, 6), (0, 6), (3, 4), (2, 5), (1, 4), (0, 2), (6, 7), (1, 7)]","[1.0, 1.0, 1.0, 1.0, 1.0, 1.0, 1.0, 1.0, 1.0, 1.0, 1.0, 1.0, 1.0, 1.0, 1.0, 1.0]"
589b4f7b,8,15,1,25.0,False,False,"[1, 1, 1]",7.5806979535883885,,,,,,,,,,,3.7728218887009626,,0.49768793214021473,,,,0.7030029296875,0.7030029296875,False,,0.0,0.0,,,0.7095098495483398,2026-07-19 03:37:56,x86_64,dacsgpu0002,,64,64,3.11.15,0.2,False,False,adam,False,hamqaoa,0.001,False,False,hog,False,True,False,False,False,False,False,1,HOG_graphs/random_graphs_8to14vertices_78instances_20260625_143415_AdjacencyList.txt,False,0,32,1,5,1,,7,"[(0, 1), (0, 4), (4, 7), (2, 6), (0, 3), (4, 6), (0, 6), (3, 4), (4, 5), (3, 7), (2, 5), (0, 5), (0, 2), (2, 4), (1, 7)]","[1.0, 1.0, 1.0, 1.0, 1.0, 1.0, 1.0, 1.0, 1.0, 1.0, 1.0, 1.0, 1.0, 1.0, 1.0]"
a85dd8d7,8,12,2,25.0,False,False,"[1, 1, 1]",6.52322519319384,,,,,,,,,,,3.722930563405862,,0.5707193072669435,,,,1.695085048675537,1.695085048675537,False,,0.0,0.0,,,1.7004508972167969,2026-07-19 03:37:56,x86_64,dacsgpu0002,,64,64,3.11.15,0.21,False,False,adam,False,hamqaoa,0.001,False,False,hog,False,True,False,False,False,False,False,1,HOG_graphs/random_graphs_8to14vertices_78instances_20260625_143415_AdjacencyList.txt,False,0,32,1,5,1,,6,"[(2, 7), (0, 1), (2, 3), (2, 6), (0, 7), (3, 5), (0, 3), (5, 6), (3, 4), (4, 5), (0, 2), (2, 4)]","[1.0, 1.0, 1.0, 1.0, 1.0, 1.0, 1.0, 1.0, 1.0, 1.0, 1.0, 1.0]"
5f85bf8a,8,16,2,50.0,False,False,"[1, 1, 1]",9.029354551197121,,,,,,,,,,,3.522291157292245,,0.3900933491226409,,,,3.75166392326355,3.75166392326355,False,,0.0,0.0,,,3.7575042247772217,2026-07-19 03:37:56,x86_64,dacsgpu0002,,64,64,3.11.15,0.21,False,False,adam,False,hamqaoa,0.001,False,False,hog,False,True,False,False,False,False,False,1,HOG_graphs/random_graphs_8to14vertices_78instances_20260625_143415_AdjacencyList.txt,False,0,32,1,5,1,,4,"[(1, 3), (0, 1), (2, 3), (1, 6), (4, 7), (2, 6), (5, 7), (0, 7), (3, 5), (4, 6), (5, 6), (3, 7), (0, 5), (1, 4), (0, 2), (2, 4)]","[1.0, 1.0, 1.0, 1.0, 1.0, 1.0, 1.0, 1.0, 1.0, 1.0, 1.0, 1.0, 1.0, 1.0, 1.0, 1.0]"
b91b8300,8,16,2,5.0,False,False,"[1, 1, 1]",8.115104877307424,,,,,,,,,,,4.016599809817632,,0.4949535305513306,,,,0.3799781799316406,0.3799781799316406,False,,0.0,0.0,,,0.3859398365020752,2026-07-19 03:37:56,x86_64,dacsgpu0002,,64,64,3.11.15,0.2,False,False,adam,False,hamqaoa,0.001,False,False,hog,False,True,False,False,False,False,False,1,HOG_graphs/random_graphs_8to14vertices_78instances_20260625_143415_AdjacencyList.txt,False,0,32,1,5,1,,8,"[(1, 3), (0, 1), (2, 3), (5, 7), (0, 7), (3, 5), (4, 6), (1, 2), (5, 6), (0, 6), (3, 4), (2, 5), (1, 4), (0, 2), (6, 7), (1, 7)]","[1.0, 1.0, 1.0, 1.0, 1.0, 1.0, 1.0, 1.0, 1.0, 1.0, 1.0, 1.0, 1.0, 1.0, 1.0, 1.0]"
3240ed2b,8,16,1,10.0,False,False,"[1, 1, 1]",8.115104877307424,,,,,,,,,,,2.8180163464470747,,0.3472556903518525,,,,0.3092939853668213,0.3092939853668213,False,,0.0,0.0,,,0.316295862197876,2026-07-19 03:37:56,x86_64,dacsgpu0002,,64,64,3.11.15,0.2,False,False,adam,False,hamqaoa,0.001,False,False,hog,False,True,False,False,False,False,False,1,HOG_graphs/random_graphs_8to14vertices_78instances_20260625_143415_AdjacencyList.txt,False,0,32,1,5,1,,8,"[(1, 3), (0, 1), (2, 3), (5, 7), (0, 7), (3, 5), (4, 6), (1, 2), (5, 6), (0, 6), (3, 4), (2, 5), (1, 4), (0, 2), (6, 7), (1, 7)]","[1.0, 1.0, 1.0, 1.0, 1.0, 1.0, 1.0, 1.0, 1.0, 1.0, 1.0, 1.0, 1.0, 1.0, 1.0, 1.0]"
c836069d,8,16,2,10.0,False,False,"[1, 1, 1]",8.115104877307424,,,,,,,,,,,3.934264331821601,,0.4848075768956645,,,,0.747852087020874,0.747852087020874,False,,0.0,0.0,,,0.7549302577972412,2026-07-19 03:37:57,x86_64,dacsgpu0002,,64,64,3.11.15,0.2,False,False,adam,False,hamqaoa,0.001,False,False,hog,False,True,False,False,False,False,False,1,HOG_graphs/random_graphs_8to14vertices_78instances_20260625_143415_AdjacencyList.txt,False,0,32,1,5,1,,8,"[(1, 3), (0, 1), (2, 3), (5, 7), (0, 7), (3, 5), (4, 6), (1, 2), (5, 6), (0, 6), (3, 4), (2, 5), (1, 4), (0, 2), (6, 7), (1, 7)]","[1.0, 1.0, 1.0, 1.0, 1.0, 1.0, 1.0, 1.0, 1.0, 1.0, 1.0, 1.0, 1.0, 1.0, 1.0, 1.0]"
bb53ca63,8,15,1,50.0,False,False,"[1, 1, 1]",7.5806979535883885,,,,,,,,,,,2.605705769159249,,0.3437290055760388,,,,1.4913380146026611,1.4913380146026611,False,,0.0,0.0,,,1.4975976943969727,2026-07-19 03:37:57,x86_64,dacsgpu0002,,64,64,3.11.15,0.2,False,False,adam,False,hamqaoa,0.001,False,False,hog,False,True,False,False,False,False,False,1,HOG_graphs/random_graphs_8to14vertices_78instances_20260625_143415_AdjacencyList.txt,False,0,32,1,5,1,,7,"[(0, 1), (0, 4), (4, 7), (2, 6), (0, 3), (4, 6), (0, 6), (3, 4), (4, 5), (3, 7), (2, 5), (0, 5), (0, 2), (2, 4), (1, 7)]","[1.0, 1.0, 1.0, 1.0, 1.0, 1.0, 1.0, 1.0, 1.0, 1.0, 1.0, 1.0, 1.0, 1.0, 1.0]"
a7973e9a,8,16,1,5.0,False,False,"[1, 1, 1]",7.941043782459287,,,,,,,,,,,3.2391660604303665,,0.40790180096793505,,,,0.1524350643157959,0.1524350643157959,False,,0.0,0.0,,,0.15918231010437012,2026-07-19 03:37:57,x86_64,dacsgpu0002,,64,64,3.11.15,0.2,False,False,adam,False,hamqaoa,0.001,False,False,hog,False,True,False,False,False,False,False,1,HOG_graphs/random_graphs_8to14vertices_78instances_20260625_143415_AdjacencyList.txt,False,0,32,1,5,1,,9,"[(2, 7), (0, 1), (1, 6), (2, 6), (3, 5), (1, 2), (5, 6), (0, 6), (3, 4), (1, 5), (4, 5), (2, 5), (1, 4), (0, 2), (6, 7), (1, 7)]","[1.0, 1.0, 1.0, 1.0, 1.0, 1.0, 1.0, 1.0, 1.0, 1.0, 1.0, 1.0, 1.0, 1.0, 1.0, 1.0]"
64b05726,8,16,1,25.0,False,False,"[1, 1, 1]",8.115104877307424,,,,,,,,,,,3.62204789617208,,0.4463340832846844,,,,0.7438263893127441,0.7438263893127441,False,,0.0,0.0,,,0.7504758834838867,2026-07-19 03:37:57,x86_64,dacsgpu0002,,64,64,3.11.15,0.2,False,False,adam,False,hamqaoa,0.001,False,False,hog,False,True,False,False,False,False,False,1,HOG_graphs/random_graphs_8to14vertices_78instances_20260625_143415_AdjacencyList.txt,False,0,32,1,5,1,,8,"[(1, 3), (0, 1), (2, 3), (5, 7), (0, 7), (3, 5), (4, 6), (1, 2), (5, 6), (0, 6), (3, 4), (2, 5), (1, 4), (0, 2), (6, 7), (1, 7)]","[1.0, 1.0, 1.0, 1.0, 1.0, 1.0, 1.0, 1.0, 1.0, 1.0, 1.0, 1.0, 1.0, 1.0, 1.0, 1.0]"
00d1b70b,8,15,2,25.0,False,False,"[1, 1, 1]",7.5806979535883885,,,,,,,,,,,2.968607315684156,,0.39160079109588325,,,,1.866980791091919,1.866980791091919,False,,0.0,0.0,,,1.8731234073638916,2026-07-19 03:37:57,x86_64,dacsgpu0002,,64,64,3.11.15,0.2,False,False,adam,False,hamqaoa,0.001,False,False,hog,False,True,False,False,False,False,False,1,HOG_graphs/random_graphs_8to14vertices_78instances_20260625_143415_AdjacencyList.txt,False,0,32,1,5,1,,7,"[(0, 1), (0, 4), (4, 7), (2, 6), (0, 3), (4, 6), (0, 6), (3, 4), (4, 5), (3, 7), (2, 5), (0, 5), (0, 2), (2, 4), (1, 7)]","[1.0, 1.0, 1.0, 1.0, 1.0, 1.0, 1.0, 1.0, 1.0, 1.0, 1.0, 1.0, 1.0, 1.0, 1.0]"
bc0ff598,8,16,2,5.0,False,False,"[1, 1, 1]",7.941043782459287,,,,,,,,,,,4.118696691868791,,0.5186593607463096,,,,0.35510897636413574,0.35510897636413574,False,,0.0,0.0,,,0.36191701889038086,2026-07-19 03:37:57,x86_64,dacsgpu0002,,64,64,3.11.15,0.2,False,False,adam,False,hamqaoa,0.001,False,False,hog,False,True,False,False,False,False,False,1,HOG_graphs/random_graphs_8to14vertices_78instances_20260625_143415_AdjacencyList.txt,False,0,32,1,5,1,,9,"[(2, 7), (0, 1), (1, 6), (2, 6), (3, 5), (1, 2), (5, 6), (0, 6), (3, 4), (1, 5), (4, 5), (2, 5), (1, 4), (0, 2), (6, 7), (1, 7)]","[1.0, 1.0, 1.0, 1.0, 1.0, 1.0, 1.0, 1.0, 1.0, 1.0, 1.0, 1.0, 1.0, 1.0, 1.0, 1.0]"
d66330bf,8,16,1,10.0,False,False,"[1, 1, 1]",7.941043782459287,,,,,,,,,,,0.23376217579204328,,0.029437210295753934,,,,0.2936227321624756,0.2936227321624756,False,,0.0,0.0,,,0.300325870513916,2026-07-19 03:37:57,x86_64,dacsgpu0002,,64,64,3.11.15,0.2,False,False,adam,False,hamqaoa,0.001,False,False,hog,False,True,False,False,False,False,False,1,HOG_graphs/random_graphs_8to14vertices_78instances_20260625_143415_AdjacencyList.txt,False,0,32,1,5,1,,9,"[(2, 7), (0, 1), (1, 6), (2, 6), (3, 5), (1, 2), (5, 6), (0, 6), (3, 4), (1, 5), (4, 5), (2, 5), (1, 4), (0, 2), (6, 7), (1, 7)]","[1.0, 1.0, 1.0, 1.0, 1.0, 1.0, 1.0, 1.0, 1.0, 1.0, 1.0, 1.0, 1.0, 1.0, 1.0, 1.0]"
5b20ea72,8,20,2,50.0,False,False,"[1, 1, 1]",9.309016994374973,,,,,,,,,,,4.832449065345266,,0.519114861243169,,,,4.151313543319702,4.151313543319702,False,,0.0,0.0,,,4.156553745269775,2026-07-19 03:37:57,x86_64,dacsgpu0002,,64,64,3.11.15,0.21,False,False,adam,False,hamqaoa,0.001,False,False,hog,False,True,False,False,False,False,False,1,HOG_graphs/random_graphs_8to14vertices_78instances_20260625_143415_AdjacencyList.txt,False,0,32,1,5,1,,5,"[(2, 6), (3, 5), (4, 6), (0, 5), (0, 2), (1, 7), (3, 4), (4, 5), (3, 7), (2, 5), (1, 3), (0, 1), (1, 6), (0, 7), (3, 6), (2, 4), (2, 7), (4, 7), (0, 6), (1, 5)]","[1.0, 1.0, 1.0, 1.0, 1.0, 1.0, 1.0, 1.0, 1.0, 1.0, 1.0, 1.0, 1.0, 1.0, 1.0, 1.0, 1.0, 1.0, 1.0, 1.0]"
a4070168,8,12,2,50.0,False,False,"[1, 1, 1]",6.52322519319384,,,,,,,,,,,3.43392800024551,,0.5264156760720724,,,,3.274367570877075,3.274367570877075,False,,0.0,0.0,,,3.2795305252075195,2026-07-19 03:37:58,x86_64,dacsgpu0002,,64,64,3.11.15,0.21,False,False,adam,False,hamqaoa,0.001,False,False,hog,False,True,False,False,False,False,False,1,HOG_graphs/random_graphs_8to14vertices_78instances_20260625_143415_AdjacencyList.txt,False,0,32,1,5,1,,6,"[(2, 7), (0, 1), (2, 3), (2, 6), (0, 7), (3, 5), (0, 3), (5, 6), (3, 4), (4, 5), (0, 2), (2, 4)]","[1.0, 1.0, 1.0, 1.0, 1.0, 1.0, 1.0, 1.0, 1.0, 1.0, 1.0, 1.0]"
d66f6813,8,16,2,10.0,False,False,"[1, 1, 1]",7.941043782459287,,,,,,,,,,,3.291959297913254,,0.4145499493636788,,,,0.7124457359313965,0.7124457359313965,False,,0.0,0.0,,,0.7177510261535645,2026-07-19 03:37:58,x86_64,dacsgpu0002,,64,64,3.11.15,0.2,False,False,adam,False,hamqaoa,0.001,False,False,hog,False,True,False,False,False,False,False,1,HOG_graphs/random_graphs_8to14vertices_78instances_20260625_143415_AdjacencyList.txt,False,0,32,1,5,1,,9,"[(2, 7), (0, 1), (1, 6), (2, 6), (3, 5), (1, 2), (5, 6), (0, 6), (3, 4), (1, 5), (4, 5), (2, 5), (1, 4), (0, 2), (6, 7), (1, 7)]","[1.0, 1.0, 1.0, 1.0, 1.0, 1.0, 1.0, 1.0, 1.0, 1.0, 1.0, 1.0, 1.0, 1.0, 1.0, 1.0]"
d872897c,8,24,1,5.0,False,False,"[1, 1, 1]",10.000000000000002,,,,,,,,,,,5.570470380521329,,0.5570470380521328,,,,0.18625593185424805,0.18625593185424805,False,,0.0,0.0,,,0.19203448295593262,2026-07-19 03:37:58,x86_64,dacsgpu0002,,64,64,3.11.15,0.2,False,False,adam,False,hamqaoa,0.001,False,False,hog,False,True,False,False,False,False,False,1,HOG_graphs/random_graphs_8to14vertices_78instances_20260625_143415_AdjacencyList.txt,False,0,32,1,5,1,,10,"[(2, 3), (2, 6), (3, 5), (4, 6), (0, 5), (1, 4), (0, 2), (1, 7), (5, 7), (4, 5), (3, 7), (2, 5), (1, 3), (0, 1), (1, 6), (0, 4), (0, 7), (5, 6), (3, 6), (2, 4), (2, 7), (4, 7), (1, 2), (0, 6)]","[1.0, 1.0, 1.0, 1.0, 1.0, 1.0, 1.0, 1.0, 1.0, 1.0, 1.0, 1.0, 1.0, 1.0, 1.0, 1.0, 1.0, 1.0, 1.0, 1.0, 1.0, 1.0, 1.0, 1.0]"
b0e7ca26,8,16,1,25.0,False,False,"[1, 1, 1]",7.941043782459287,,,,,,,,,,,4.088143317754311,,0.5148118345329461,,,,0.7005214691162109,0.7005214691162109,False,,0.0,0.0,,,0.7070155143737793,2026-07-19 03:37:58,x86_64,dacsgpu0002,,64,64,3.11.15,0.2,False,False,adam,False,hamqaoa,0.001,False,False,hog,False,True,False,False,False,False,False,1,HOG_graphs/random_graphs_8to14vertices_78instances_20260625_143415_AdjacencyList.txt,False,0,32,1,5,1,,9,"[(2, 7), (0, 1), (1, 6), (2, 6), (3, 5), (1, 2), (5, 6), (0, 6), (3, 4), (1, 5), (4, 5), (2, 5), (1, 4), (0, 2), (6, 7), (1, 7)]","[1.0, 1.0, 1.0, 1.0, 1.0, 1.0, 1.0, 1.0, 1.0, 1.0, 1.0, 1.0, 1.0, 1.0, 1.0, 1.0]"
b4242546,8,16,1,50.0,False,False,"[1, 1, 1]",8.115104877307424,,,,,,,,,,,3.999999785985926,,0.4929079594733615,,,,1.4914360046386719,1.4914360046386719,False,,0.0,0.0,,,1.4973278045654297,2026-07-19 03:37:58,x86_64,dacsgpu0002,,64,64,3.11.15,0.2,False,False,adam,False,hamqaoa,0.001,False,False,hog,False,True,False,False,False,False,False,1,HOG_graphs/random_graphs_8to14vertices_78instances_20260625_143415_AdjacencyList.txt,False,0,32,1,5,1,,8,"[(1, 3), (0, 1), (2, 3), (5, 7), (0, 7), (3, 5), (4, 6), (1, 2), (5, 6), (0, 6), (3, 4), (2, 5), (1, 4), (0, 2), (6, 7), (1, 7)]","[1.0, 1.0, 1.0, 1.0, 1.0, 1.0, 1.0, 1.0, 1.0, 1.0, 1.0, 1.0, 1.0, 1.0, 1.0, 1.0]"
5ef30db0,8,16,2,25.0,False,False,"[1, 1, 1]",8.115104877307424,,,,,,,,,,,4.467429433514202,,0.5505079109952904,,,,1.8601751327514648,1.8601751327514648,False,,0.0,0.0,,,1.8661034107208252,2026-07-19 03:37:58,x86_64,dacsgpu0002,,64,64,3.11.15,0.2,False,False,adam,False,hamqaoa,0.001,False,False,hog,False,True,False,False,False,False,False,1,HOG_graphs/random_graphs_8to14vertices_78instances_20260625_143415_AdjacencyList.txt,False,0,32,1,5,1,,8,"[(1, 3), (0, 1), (2, 3), (5, 7), (0, 7), (3, 5), (4, 6), (1, 2), (5, 6), (0, 6), (3, 4), (2, 5), (1, 4), (0, 2), (6, 7), (1, 7)]","[1.0, 1.0, 1.0, 1.0, 1.0, 1.0, 1.0, 1.0, 1.0, 1.0, 1.0, 1.0, 1.0, 1.0, 1.0, 1.0]"
9cd9a3ce,8,24,2,5.0,False,False,"[1, 1, 1]",10.000000000000002,,,,,,,,,,,5.492532403483826,,0.5492532403483825,,,,0.4052700996398926,0.4052700996398926,False,,0.0,0.0,,,0.411113977432251,2026-07-19 03:37:58,x86_64,dacsgpu0002,,64,64,3.11.15,0.2,False,False,adam,False,hamqaoa,0.001,False,False,hog,False,True,False,False,False,False,False,1,HOG_graphs/random_graphs_8to14vertices_78instances_20260625_143415_AdjacencyList.txt,False,0,32,1,5,1,,10,"[(2, 3), (2, 6), (3, 5), (4, 6), (0, 5), (1, 4), (0, 2), (1, 7), (5, 7), (4, 5), (3, 7), (2, 5), (1, 3), (0, 1), (1, 6), (0, 4), (0, 7), (5, 6), (3, 6), (2, 4), (2, 7), (4, 7), (1, 2), (0, 6)]","[1.0, 1.0, 1.0, 1.0, 1.0, 1.0, 1.0, 1.0, 1.0, 1.0, 1.0, 1.0, 1.0, 1.0, 1.0, 1.0, 1.0, 1.0, 1.0, 1.0, 1.0, 1.0, 1.0, 1.0]"
253cc5f3,8,24,1,10.0,False,False,"[1, 1, 1]",10.000000000000002,,,,,,,,,,,5.939362696309577,,0.5939362696309576,,,,0.3592097759246826,0.3592097759246826,False,,0.0,0.0,,,0.36525726318359375,2026-07-19 03:37:58,x86_64,dacsgpu0002,,64,64,3.11.15,0.2,False,False,adam,False,hamqaoa,0.001,False,False,hog,False,True,False,False,False,False,False,1,HOG_graphs/random_graphs_8to14vertices_78instances_20260625_143415_AdjacencyList.txt,False,0,32,1,5,1,,10,"[(2, 3), (2, 6), (3, 5), (4, 6), (0, 5), (1, 4), (0, 2), (1, 7), (5, 7), (4, 5), (3, 7), (2, 5), (1, 3), (0, 1), (1, 6), (0, 4), (0, 7), (5, 6), (3, 6), (2, 4), (2, 7), (4, 7), (1, 2), (0, 6)]","[1.0, 1.0, 1.0, 1.0, 1.0, 1.0, 1.0, 1.0, 1.0, 1.0, 1.0, 1.0, 1.0, 1.0, 1.0, 1.0, 1.0, 1.0, 1.0, 1.0, 1.0, 1.0, 1.0, 1.0]"
f3f6c1b0,8,16,1,50.0,False,False,"[1, 1, 1]",7.941043782459287,,,,,,,,,,,5.343022443522245,,0.6728362907813547,,,,1.3994030952453613,1.3994030952453613,False,,0.0,0.0,,,1.4072661399841309,2026-07-19 03:37:59,x86_64,dacsgpu0002,,64,64,3.11.15,0.2,False,False,adam,False,hamqaoa,0.001,False,False,hog,False,True,False,False,False,False,False,1,HOG_graphs/random_graphs_8to14vertices_78instances_20260625_143415_AdjacencyList.txt,False,0,32,1,5,1,,9,"[(2, 7), (0, 1), (1, 6), (2, 6), (3, 5), (1, 2), (5, 6), (0, 6), (3, 4), (1, 5), (4, 5), (2, 5), (1, 4), (0, 2), (6, 7), (1, 7)]","[1.0, 1.0, 1.0, 1.0, 1.0, 1.0, 1.0, 1.0, 1.0, 1.0, 1.0, 1.0, 1.0, 1.0, 1.0, 1.0]"
a8209db0,8,24,2,10.0,False,False,"[1, 1, 1]",10.000000000000002,,,,,,,,,,,6.466535346551856,,0.6466535346551855,,,,0.7331631183624268,0.7331631183624268,False,,0.0,0.0,,,0.7395093441009521,2026-07-19 03:37:59,x86_64,dacsgpu0002,,64,64,3.11.15,0.2,False,False,adam,False,hamqaoa,0.001,False,False,hog,False,True,False,False,False,False,False,1,HOG_graphs/random_graphs_8to14vertices_78instances_20260625_143415_AdjacencyList.txt,False,0,32,1,5,1,,10,"[(2, 3), (2, 6), (3, 5), (4, 6), (0, 5), (1, 4), (0, 2), (1, 7), (5, 7), (4, 5), (3, 7), (2, 5), (1, 3), (0, 1), (1, 6), (0, 4), (0, 7), (5, 6), (3, 6), (2, 4), (2, 7), (4, 7), (1, 2), (0, 6)]","[1.0, 1.0, 1.0, 1.0, 1.0, 1.0, 1.0, 1.0, 1.0, 1.0, 1.0, 1.0, 1.0, 1.0, 1.0, 1.0, 1.0, 1.0, 1.0, 1.0, 1.0, 1.0, 1.0, 1.0]"
56da5de1,8,15,2,50.0,False,False,"[1, 1, 1]",7.5806979535883885,,,,,,,,,,,3.6553733075972192,,0.482194822953857,,,,3.4454081058502197,3.4454081058502197,False,,0.0,0.0,,,3.451897144317627,2026-07-19 03:37:59,x86_64,dacsgpu0002,,64,64,3.11.15,0.21,False,False,adam,False,hamqaoa,0.001,False,False,hog,False,True,False,False,False,False,False,1,HOG_graphs/random_graphs_8to14vertices_78instances_20260625_143415_AdjacencyList.txt,False,0,32,1,5,1,,7,"[(0, 1), (0, 4), (4, 7), (2, 6), (0, 3), (4, 6), (0, 6), (3, 4), (4, 5), (3, 7), (2, 5), (0, 5), (0, 2), (2, 4), (1, 7)]","[1.0, 1.0, 1.0, 1.0, 1.0, 1.0, 1.0, 1.0, 1.0, 1.0, 1.0, 1.0, 1.0, 1.0, 1.0]"
641ae1a9,8,24,1,25.0,False,False,"[1, 1, 1]",10.000000000000002,,,,,,,,,,,0.40698049649706985,,0.040698049649706976,,,,0.772270679473877,0.772270679473877,False,,0.0,0.0,,,0.7789580821990967,2026-07-19 03:37:59,x86_64,dacsgpu0002,,64,64,3.11.15,0.2,False,False,adam,False,hamqaoa,0.001,False,False,hog,False,True,False,False,False,False,False,1,HOG_graphs/random_graphs_8to14vertices_78instances_20260625_143415_AdjacencyList.txt,False,0,32,1,5,1,,10,"[(2, 3), (2, 6), (3, 5), (4, 6), (0, 5), (1, 4), (0, 2), (1, 7), (5, 7), (4, 5), (3, 7), (2, 5), (1, 3), (0, 1), (1, 6), (0, 4), (0, 7), (5, 6), (3, 6), (2, 4), (2, 7), (4, 7), (1, 2), (0, 6)]","[1.0, 1.0, 1.0, 1.0, 1.0, 1.0, 1.0, 1.0, 1.0, 1.0, 1.0, 1.0, 1.0, 1.0, 1.0, 1.0, 1.0, 1.0, 1.0, 1.0, 1.0, 1.0, 1.0, 1.0]"
7dcd0bc2,8,16,2,25.0,False,False,"[1, 1, 1]",7.941043782459287,,,,,,,,,,,3.569888672420275,,0.44954904798607026,,,,1.6885490417480469,1.6885490417480469,False,,0.0,0.0,,,1.6948461532592773,2026-07-19 03:37:59,x86_64,dacsgpu0002,,64,64,3.11.15,0.2,False,False,adam,False,hamqaoa,0.001,False,False,hog,False,True,False,False,False,False,False,1,HOG_graphs/random_graphs_8to14vertices_78instances_20260625_143415_AdjacencyList.txt,False,0,32,1,5,1,,9,"[(2, 7), (0, 1), (1, 6), (2, 6), (3, 5), (1, 2), (5, 6), (0, 6), (3, 4), (1, 5), (4, 5), (2, 5), (1, 4), (0, 2), (6, 7), (1, 7)]","[1.0, 1.0, 1.0, 1.0, 1.0, 1.0, 1.0, 1.0, 1.0, 1.0, 1.0, 1.0, 1.0, 1.0, 1.0, 1.0]"
ac631d7e,8,24,1,50.0,False,False,"[1, 1, 1]",10.000000000000002,,,,,,,,,,,3.902761420341161,,0.39027614203411604,,,,1.4373226165771484,1.4373226165771484,False,,0.0,0.0,,,1.4429736137390137,2026-07-19 03:38:00,x86_64,dacsgpu0002,,64,64,3.11.15,0.2,False,False,adam,False,hamqaoa,0.001,False,False,hog,False,True,False,False,False,False,False,1,HOG_graphs/random_graphs_8to14vertices_78instances_20260625_143415_AdjacencyList.txt,False,0,32,1,5,1,,10,"[(2, 3), (2, 6), (3, 5), (4, 6), (0, 5), (1, 4), (0, 2), (1, 7), (5, 7), (4, 5), (3, 7), (2, 5), (1, 3), (0, 1), (1, 6), (0, 4), (0, 7), (5, 6), (3, 6), (2, 4), (2, 7), (4, 7), (1, 2), (0, 6)]","[1.0, 1.0, 1.0, 1.0, 1.0, 1.0, 1.0, 1.0, 1.0, 1.0, 1.0, 1.0, 1.0, 1.0, 1.0, 1.0, 1.0, 1.0, 1.0, 1.0, 1.0, 1.0, 1.0, 1.0]"
5bfdb6a0,8,16,2,50.0,False,False,"[1, 1, 1]",8.115104877307424,,,,,,,,,,,4.598511011292823,,0.5666607001163736,,,,3.445967435836792,3.445967435836792,False,,0.0,0.0,,,3.4528279304504395,2026-07-19 03:38:00,x86_64,dacsgpu0002,,64,64,3.11.15,0.2,False,False,adam,False,hamqaoa,0.001,False,False,hog,False,True,False,False,False,False,False,1,HOG_graphs/random_graphs_8to14vertices_78instances_20260625_143415_AdjacencyList.txt,False,0,32,1,5,1,,8,"[(1, 3), (0, 1), (2, 3), (5, 7), (0, 7), (3, 5), (4, 6), (1, 2), (5, 6), (0, 6), (3, 4), (2, 5), (1, 4), (0, 2), (6, 7), (1, 7)]","[1.0, 1.0, 1.0, 1.0, 1.0, 1.0, 1.0, 1.0, 1.0, 1.0, 1.0, 1.0, 1.0, 1.0, 1.0, 1.0]"
03417538,8,24,2,25.0,False,False,"[1, 1, 1]",10.000000000000002,,,,,,,,,,,4.976000669269704,,0.4976000669269703,,,,2.030430793762207,2.030430793762207,False,,0.0,0.0,,,2.0365493297576904,2026-07-19 03:38:00,x86_64,dacsgpu0002,,64,64,3.11.15,0.21,False,False,adam,False,hamqaoa,0.001,False,False,hog,False,True,False,False,False,False,False,1,HOG_graphs/random_graphs_8to14vertices_78instances_20260625_143415_AdjacencyList.txt,False,0,32,1,5,1,,10,"[(2, 3), (2, 6), (3, 5), (4, 6), (0, 5), (1, 4), (0, 2), (1, 7), (5, 7), (4, 5), (3, 7), (2, 5), (1, 3), (0, 1), (1, 6), (0, 4), (0, 7), (5, 6), (3, 6), (2, 4), (2, 7), (4, 7), (1, 2), (0, 6)]","[1.0, 1.0, 1.0, 1.0, 1.0, 1.0, 1.0, 1.0, 1.0, 1.0, 1.0, 1.0, 1.0, 1.0, 1.0, 1.0, 1.0, 1.0, 1.0, 1.0, 1.0, 1.0, 1.0, 1.0]"
5301056f,8,16,2,50.0,False,False,"[1, 1, 1]",7.941043782459287,,,,,,,,,,,4.182530482419983,,0.5266978242405158,,,,3.4783477783203125,3.4783477783203125,False,,0.0,0.0,,,3.4849748611450195,2026-07-19 03:38:01,x86_64,dacsgpu0002,,64,64,3.11.15,0.21,False,False,adam,False,hamqaoa,0.001,False,False,hog,False,True,False,False,False,False,False,1,HOG_graphs/random_graphs_8to14vertices_78instances_20260625_143415_AdjacencyList.txt,False,0,32,1,5,1,,9,"[(2, 7), (0, 1), (1, 6), (2, 6), (3, 5), (1, 2), (5, 6), (0, 6), (3, 4), (1, 5), (4, 5), (2, 5), (1, 4), (0, 2), (6, 7), (1, 7)]","[1.0, 1.0, 1.0, 1.0, 1.0, 1.0, 1.0, 1.0, 1.0, 1.0, 1.0, 1.0, 1.0, 1.0, 1.0, 1.0]"
f2360a61,8,24,2,50.0,False,False,"[1, 1, 1]",10.000000000000002,,,,,,,,,,,6.220861078855669,,0.6220861078855667,,,,4.80421257019043,4.80421257019043,False,,0.0,0.0,,,4.810270071029663,2026-07-19 03:38:03,x86_64,dacsgpu0002,,64,64,3.11.15,0.21,False,False,adam,False,hamqaoa,0.001,False,False,hog,False,True,False,False,False,False,False,1,HOG_graphs/random_graphs_8to14vertices_78instances_20260625_143415_AdjacencyList.txt,False,0,32,1,5,1,,10,"[(2, 3), (2, 6), (3, 5), (4, 6), (0, 5), (1, 4), (0, 2), (1, 7), (5, 7), (4, 5), (3, 7), (2, 5), (1, 3), (0, 1), (1, 6), (0, 4), (0, 7), (5, 6), (3, 6), (2, 4), (2, 7), (4, 7), (1, 2), (0, 6)]","[1.0, 1.0, 1.0, 1.0, 1.0, 1.0, 1.0, 1.0, 1.0, 1.0, 1.0, 1.0, 1.0, 1.0, 1.0, 1.0, 1.0, 1.0, 1.0, 1.0, 1.0, 1.0, 1.0, 1.0]"
54e45ae6,9,10,1,5.0,False,False,"[1, 1, 1]",6.236411627771346,,,,,,,,,,,2.2955922982541743,,0.3680950577462974,,,,0.1438143253326416,0.1438143253326416,False,,0.0,0.0,,,0.15114450454711914,2026-07-19 03:44:12,x86_64,dacsgpu0002,,64,64,3.11.15,0.2,False,False,adam,False,hamqaoa,0.001,False,False,hog,False,True,False,False,False,False,False,1,HOG_graphs/random_graphs_8to14vertices_78instances_20260625_143415_AdjacencyList.txt,False,0,32,1,5,1,,12,"[(2, 7), (0, 1), (2, 3), (0, 4), (5, 7), (4, 6), (6, 8), (5, 6), (0, 6), (2, 4)]","[1.0, 1.0, 1.0, 1.0, 1.0, 1.0, 1.0, 1.0, 1.0, 1.0]"
969cc76e,8,24,1,5.0,False,False,"[1, 1, 1]",9.809016994374945,,,,,,,,,,,5.7283995685464015,,0.5839932351867059,,,,0.1842331886291504,0.1842331886291504,False,,0.0,0.0,,,0.19356060028076172,2026-07-19 03:44:12,x86_64,dacsgpu0002,,64,64,3.11.15,0.2,False,False,adam,False,hamqaoa,0.001,False,False,hog,False,True,False,False,False,False,False,1,HOG_graphs/random_graphs_8to14vertices_78instances_20260625_143415_AdjacencyList.txt,False,0,32,1,5,1,,11,"[(2, 3), (2, 6), (3, 5), (4, 6), (0, 5), (0, 2), (1, 7), (5, 7), (4, 5), (3, 7), (2, 5), (1, 3), (0, 1), (1, 6), (0, 4), (0, 7), (5, 6), (3, 6), (2, 4), (2, 7), (4, 7), (1, 2), (1, 5), (6, 7)]","[1.0, 1.0, 1.0, 1.0, 1.0, 1.0, 1.0, 1.0, 1.0, 1.0, 1.0, 1.0, 1.0, 1.0, 1.0, 1.0, 1.0, 1.0, 1.0, 1.0, 1.0, 1.0, 1.0, 1.0]"
23f82fef,9,18,1,5.0,False,False,"[1, 1, 1]",9.080080501337052,,,,,,,,,,,4.19727024426704,,0.4622503339754518,,,,0.20621180534362793,0.20621180534362793,False,,0.0,0.0,,,0.2137606143951416,2026-07-19 03:44:12,x86_64,dacsgpu0002,,64,64,3.11.15,0.21,False,False,adam,False,hamqaoa,0.001,False,False,hog,False,True,False,False,False,False,False,1,HOG_graphs/random_graphs_8to14vertices_78instances_20260625_143415_AdjacencyList.txt,False,0,32,1,5,1,,13,"[(2, 7), (0, 1), (2, 3), (0, 4), (2, 6), (0, 7), (3, 5), (4, 6), (1, 2), (5, 6), (0, 6), (3, 4), (6, 8), (4, 5), (0, 5), (1, 4), (5, 8), (0, 8)]","[1.0, 1.0, 1.0, 1.0, 1.0, 1.0, 1.0, 1.0, 1.0, 1.0, 1.0, 1.0, 1.0, 1.0, 1.0, 1.0, 1.0, 1.0]"
3626b3d5,8,24,1,10.0,False,False,"[1, 1, 1]",9.809016994374945,,,,,,,,,,,6.193543365573809,,0.6314132567132408,,,,0.36733055114746094,0.36733055114746094,False,,0.0,0.0,,,0.3753383159637451,2026-07-19 03:44:12,x86_64,dacsgpu0002,,64,64,3.11.15,0.2,False,False,adam,False,hamqaoa,0.001,False,False,hog,False,True,False,False,False,False,False,1,HOG_graphs/random_graphs_8to14vertices_78instances_20260625_143415_AdjacencyList.txt,False,0,32,1,5,1,,11,"[(2, 3), (2, 6), (3, 5), (4, 6), (0, 5), (0, 2), (1, 7), (5, 7), (4, 5), (3, 7), (2, 5), (1, 3), (0, 1), (1, 6), (0, 4), (0, 7), (5, 6), (3, 6), (2, 4), (2, 7), (4, 7), (1, 2), (1, 5), (6, 7)]","[1.0, 1.0, 1.0, 1.0, 1.0, 1.0, 1.0, 1.0, 1.0, 1.0, 1.0, 1.0, 1.0, 1.0, 1.0, 1.0, 1.0, 1.0, 1.0, 1.0, 1.0, 1.0, 1.0, 1.0]"
b30ecaea,9,10,2,5.0,False,False,"[1, 1, 1]",6.236411627771346,,,,,,,,,,,2.444175368135707,,0.3919201479984991,,,,0.3929743766784668,0.3929743766784668,False,,0.0,0.0,,,0.40088391304016113,2026-07-19 03:44:13,x86_64,dacsgpu0002,,64,64,3.11.15,0.2,False,False,adam,False,hamqaoa,0.001,False,False,hog,False,True,False,False,False,False,False,1,HOG_graphs/random_graphs_8to14vertices_78instances_20260625_143415_AdjacencyList.txt,False,0,32,1,5,1,,12,"[(2, 7), (0, 1), (2, 3), (0, 4), (5, 7), (4, 6), (6, 8), (5, 6), (0, 6), (2, 4)]","[1.0, 1.0, 1.0, 1.0, 1.0, 1.0, 1.0, 1.0, 1.0, 1.0]"
1e595c64,9,18,1,10.0,False,False,"[1, 1, 1]",9.080080501337052,,,,,,,,,,,4.3815343091281225,,0.4825435532738874,,,,0.3638453483581543,0.3638453483581543,False,,0.0,0.0,,,0.37698817253112793,2026-07-19 03:44:13,x86_64,dacsgpu0002,,64,64,3.11.15,0.21,False,False,adam,False,hamqaoa,0.001,False,False,hog,False,True,False,False,False,False,False,1,HOG_graphs/random_graphs_8to14vertices_78instances_20260625_143415_AdjacencyList.txt,False,0,32,1,5,1,,13,"[(2, 7), (0, 1), (2, 3), (0, 4), (2, 6), (0, 7), (3, 5), (4, 6), (1, 2), (5, 6), (0, 6), (3, 4), (6, 8), (4, 5), (0, 5), (1, 4), (5, 8), (0, 8)]","[1.0, 1.0, 1.0, 1.0, 1.0, 1.0, 1.0, 1.0, 1.0, 1.0, 1.0, 1.0, 1.0, 1.0, 1.0, 1.0, 1.0, 1.0]"
e949d83f,9,18,2,5.0,False,False,"[1, 1, 1]",9.080080501337052,,,,,,,,,,,4.555742688369453,,0.5017293280272807,,,,0.5009181499481201,0.5009181499481201,False,,0.0,0.0,,,0.5083787441253662,2026-07-19 03:44:13,x86_64,dacsgpu0002,,64,64,3.11.15,0.21,False,False,adam,False,hamqaoa,0.001,False,False,hog,False,True,False,False,False,False,False,1,HOG_graphs/random_graphs_8to14vertices_78instances_20260625_143415_AdjacencyList.txt,False,0,32,1,5,1,,13,"[(2, 7), (0, 1), (2, 3), (0, 4), (2, 6), (0, 7), (3, 5), (4, 6), (1, 2), (5, 6), (0, 6), (3, 4), (6, 8), (4, 5), (0, 5), (1, 4), (5, 8), (0, 8)]","[1.0, 1.0, 1.0, 1.0, 1.0, 1.0, 1.0, 1.0, 1.0, 1.0, 1.0, 1.0, 1.0, 1.0, 1.0, 1.0, 1.0, 1.0]"
2be4f332,9,10,2,10.0,False,False,"[1, 1, 1]",6.236411627771346,,,,,,,,,,,1.8316492401448374,,0.29370242849082084,,,,0.7589879035949707,0.7589879035949707,False,,0.0,0.0,,,0.7661032676696777,2026-07-19 03:44:13,x86_64,dacsgpu0002,,64,64,3.11.15,0.21,False,False,adam,False,hamqaoa,0.001,False,False,hog,False,True,False,False,False,False,False,1,HOG_graphs/random_graphs_8to14vertices_78instances_20260625_143415_AdjacencyList.txt,False,0,32,1,5,1,,12,"[(2, 7), (0, 1), (2, 3), (0, 4), (5, 7), (4, 6), (6, 8), (5, 6), (0, 6), (2, 4)]","[1.0, 1.0, 1.0, 1.0, 1.0, 1.0, 1.0, 1.0, 1.0, 1.0]"
85d65cb5,9,10,1,25.0,False,False,"[1, 1, 1]",6.236411627771346,,,,,,,,,,,2.608599127743542,,0.41828527099256835,,,,0.768843412399292,0.768843412399292,False,,0.0,0.0,,,0.7764976024627686,2026-07-19 03:44:13,x86_64,dacsgpu0002,,64,64,3.11.15,0.21,False,False,adam,False,hamqaoa,0.001,False,False,hog,False,True,False,False,False,False,False,1,HOG_graphs/random_graphs_8to14vertices_78instances_20260625_143415_AdjacencyList.txt,False,0,32,1,5,1,,12,"[(2, 7), (0, 1), (2, 3), (0, 4), (5, 7), (4, 6), (6, 8), (5, 6), (0, 6), (2, 4)]","[1.0, 1.0, 1.0, 1.0, 1.0, 1.0, 1.0, 1.0, 1.0, 1.0]"
4cb9adaf,8,24,1,25.0,False,False,"[1, 1, 1]",9.809016994374945,,,,,,,,,,,4.7862129847894295,,0.48794012565521294,,,,0.8838884830474854,0.8838884830474854,False,,0.0,0.0,,,0.8912062644958496,2026-07-19 03:44:13,x86_64,dacsgpu0002,,64,64,3.11.15,0.2,False,False,adam,False,hamqaoa,0.001,False,False,hog,False,True,False,False,False,False,False,1,HOG_graphs/random_graphs_8to14vertices_78instances_20260625_143415_AdjacencyList.txt,False,0,32,1,5,1,,11,"[(2, 3), (2, 6), (3, 5), (4, 6), (0, 5), (0, 2), (1, 7), (5, 7), (4, 5), (3, 7), (2, 5), (1, 3), (0, 1), (1, 6), (0, 4), (0, 7), (5, 6), (3, 6), (2, 4), (2, 7), (4, 7), (1, 2), (1, 5), (6, 7)]","[1.0, 1.0, 1.0, 1.0, 1.0, 1.0, 1.0, 1.0, 1.0, 1.0, 1.0, 1.0, 1.0, 1.0, 1.0, 1.0, 1.0, 1.0, 1.0, 1.0, 1.0, 1.0, 1.0, 1.0]"
10b20d11,8,24,2,10.0,False,False,"[1, 1, 1]",9.809016994374945,,,,,,,,,,,5.3674519757096375,,0.5471957056234731,,,,0.9654436111450195,0.9654436111450195,False,,0.0,0.0,,,0.9742953777313232,2026-07-19 03:44:13,x86_64,dacsgpu0002,,64,64,3.11.15,0.2,False,False,adam,False,hamqaoa,0.001,False,False,hog,False,True,False,False,False,False,False,1,HOG_graphs/random_graphs_8to14vertices_78instances_20260625_143415_AdjacencyList.txt,False,0,32,1,5,1,,11,"[(2, 3), (2, 6), (3, 5), (4, 6), (0, 5), (0, 2), (1, 7), (5, 7), (4, 5), (3, 7), (2, 5), (1, 3), (0, 1), (1, 6), (0, 4), (0, 7), (5, 6), (3, 6), (2, 4), (2, 7), (4, 7), (1, 2), (1, 5), (6, 7)]","[1.0, 1.0, 1.0, 1.0, 1.0, 1.0, 1.0, 1.0, 1.0, 1.0, 1.0, 1.0, 1.0, 1.0, 1.0, 1.0, 1.0, 1.0, 1.0, 1.0, 1.0, 1.0, 1.0, 1.0]"
c8160053,9,21,1,5.0,False,False,"[1, 1, 1]",9.960783523542805,,,,,,,,,,,5.499739074229269,,0.552139202827806,,,,0.20227551460266113,0.20227551460266113,False,,0.0,0.0,,,0.20830178260803223,2026-07-19 03:44:13,x86_64,dacsgpu0002,,64,64,3.11.15,0.2,False,False,adam,False,hamqaoa,0.001,False,False,hog,False,True,False,False,False,False,False,1,HOG_graphs/random_graphs_8to14vertices_78instances_20260625_143415_AdjacencyList.txt,False,0,32,1,5,1,,14,"[(2, 3), (2, 6), (3, 5), (7, 8), (0, 8), (1, 7), (5, 7), (3, 4), (2, 8), (4, 5), (3, 7), (2, 5), (4, 8), (1, 3), (0, 7), (6, 8), (2, 4), (0, 3), (0, 6), (1, 5), (6, 7)]","[1.0, 1.0, 1.0, 1.0, 1.0, 1.0, 1.0, 1.0, 1.0, 1.0, 1.0, 1.0, 1.0, 1.0, 1.0, 1.0, 1.0, 1.0, 1.0, 1.0, 1.0]"
089252c5,9,18,2,10.0,False,False,"[1, 1, 1]",9.080080501337052,,,,,,,,,,,4.330454820930118,,0.4769181088529395,,,,0.9820840358734131,0.9820840358734131,False,,0.0,0.0,,,0.9902017116546631,2026-07-19 03:44:13,x86_64,dacsgpu0002,,64,64,3.11.15,0.21,False,False,adam,False,hamqaoa,0.001,False,False,hog,False,True,False,False,False,False,False,1,HOG_graphs/random_graphs_8to14vertices_78instances_20260625_143415_AdjacencyList.txt,False,0,32,1,5,1,,13,"[(2, 7), (0, 1), (2, 3), (0, 4), (2, 6), (0, 7), (3, 5), (4, 6), (1, 2), (5, 6), (0, 6), (3, 4), (6, 8), (4, 5), (0, 5), (1, 4), (5, 8), (0, 8)]","[1.0, 1.0, 1.0, 1.0, 1.0, 1.0, 1.0, 1.0, 1.0, 1.0, 1.0, 1.0, 1.0, 1.0, 1.0, 1.0, 1.0, 1.0]"
4a4e434a,9,18,1,25.0,False,False,"[1, 1, 1]",9.080080501337052,,,,,,,,,,,4.422938907931634,,0.4871034906882545,,,,0.9460456371307373,0.9460456371307373,False,,0.0,0.0,,,0.9539899826049805,2026-07-19 03:44:14,x86_64,dacsgpu0002,,64,64,3.11.15,0.2,False,False,adam,False,hamqaoa,0.001,False,False,hog,False,True,False,False,False,False,False,1,HOG_graphs/random_graphs_8to14vertices_78instances_20260625_143415_AdjacencyList.txt,False,0,32,1,5,1,,13,"[(2, 7), (0, 1), (2, 3), (0, 4), (2, 6), (0, 7), (3, 5), (4, 6), (1, 2), (5, 6), (0, 6), (3, 4), (6, 8), (4, 5), (0, 5), (1, 4), (5, 8), (0, 8)]","[1.0, 1.0, 1.0, 1.0, 1.0, 1.0, 1.0, 1.0, 1.0, 1.0, 1.0, 1.0, 1.0, 1.0, 1.0, 1.0, 1.0, 1.0]"
6b997ed6,9,10,1,50.0,False,False,"[1, 1, 1]",6.236411627771346,,,,,,,,,,,2.836627490355104,,0.4548493043216273,,,,1.4846038818359375,1.4846038818359375,False,,0.0,0.0,,,1.4932327270507812,2026-07-19 03:44:14,x86_64,dacsgpu0002,,64,64,3.11.15,0.2,False,False,adam,False,hamqaoa,0.001,False,False,hog,False,True,False,False,False,False,False,1,HOG_graphs/random_graphs_8to14vertices_78instances_20260625_143415_AdjacencyList.txt,False,0,32,1,5,1,,12,"[(2, 7), (0, 1), (2, 3), (0, 4), (5, 7), (4, 6), (6, 8), (5, 6), (0, 6), (2, 4)]","[1.0, 1.0, 1.0, 1.0, 1.0, 1.0, 1.0, 1.0, 1.0, 1.0]"
0660bdb3,9,21,1,10.0,False,False,"[1, 1, 1]",9.960783523542805,,,,,,,,,,,3.551722353475695,,0.356570579521282,,,,0.391735315322876,0.391735315322876,False,,0.0,0.0,,,0.39795994758605957,2026-07-19 03:44:14,x86_64,dacsgpu0002,,64,64,3.11.15,0.21,False,False,adam,False,hamqaoa,0.001,False,False,hog,False,True,False,False,False,False,False,1,HOG_graphs/random_graphs_8to14vertices_78instances_20260625_143415_AdjacencyList.txt,False,0,32,1,5,1,,14,"[(2, 3), (2, 6), (3, 5), (7, 8), (0, 8), (1, 7), (5, 7), (3, 4), (2, 8), (4, 5), (3, 7), (2, 5), (4, 8), (1, 3), (0, 7), (6, 8), (2, 4), (0, 3), (0, 6), (1, 5), (6, 7)]","[1.0, 1.0, 1.0, 1.0, 1.0, 1.0, 1.0, 1.0, 1.0, 1.0, 1.0, 1.0, 1.0, 1.0, 1.0, 1.0, 1.0, 1.0, 1.0, 1.0, 1.0]"
233f0d4e,9,21,2,5.0,False,False,"[1, 1, 1]",9.960783523542805,,,,,,,,,,,5.154017346211869,,0.5174309163561374,,,,0.5239567756652832,0.5239567756652832,False,,0.0,0.0,,,0.5290708541870117,2026-07-19 03:44:14,x86_64,dacsgpu0002,,64,64,3.11.15,0.2,False,False,adam,False,hamqaoa,0.001,False,False,hog,False,True,False,False,False,False,False,1,HOG_graphs/random_graphs_8to14vertices_78instances_20260625_143415_AdjacencyList.txt,False,0,32,1,5,1,,14,"[(2, 3), (2, 6), (3, 5), (7, 8), (0, 8), (1, 7), (5, 7), (3, 4), (2, 8), (4, 5), (3, 7), (2, 5), (4, 8), (1, 3), (0, 7), (6, 8), (2, 4), (0, 3), (0, 6), (1, 5), (6, 7)]","[1.0, 1.0, 1.0, 1.0, 1.0, 1.0, 1.0, 1.0, 1.0, 1.0, 1.0, 1.0, 1.0, 1.0, 1.0, 1.0, 1.0, 1.0, 1.0, 1.0, 1.0]"
076b4935,8,24,1,50.0,False,False,"[1, 1, 1]",9.809016994374945,,,,,,,,,,,7.299641301236068,,0.7441766392516297,,,,1.892146348953247,1.892146348953247,False,,0.0,0.0,,,1.8972277641296387,2026-07-19 03:44:14,x86_64,dacsgpu0002,,64,64,3.11.15,0.2,False,False,adam,False,hamqaoa,0.001,False,False,hog,False,True,False,False,False,False,False,1,HOG_graphs/random_graphs_8to14vertices_78instances_20260625_143415_AdjacencyList.txt,False,0,32,1,5,1,,11,"[(2, 3), (2, 6), (3, 5), (4, 6), (0, 5), (0, 2), (1, 7), (5, 7), (4, 5), (3, 7), (2, 5), (1, 3), (0, 1), (1, 6), (0, 4), (0, 7), (5, 6), (3, 6), (2, 4), (2, 7), (4, 7), (1, 2), (1, 5), (6, 7)]","[1.0, 1.0, 1.0, 1.0, 1.0, 1.0, 1.0, 1.0, 1.0, 1.0, 1.0, 1.0, 1.0, 1.0, 1.0, 1.0, 1.0, 1.0, 1.0, 1.0, 1.0, 1.0, 1.0, 1.0]"
361e6b7a,9,10,2,25.0,False,False,"[1, 1, 1]",6.236411627771346,,,,,,,,,,,1.6453761934751803,,0.2638338024623263,,,,2.019134521484375,2.019134521484375,False,,0.0,0.0,,,2.027043342590332,2026-07-19 03:44:14,x86_64,dacsgpu0002,,64,64,3.11.15,0.21,False,False,adam,False,hamqaoa,0.001,False,False,hog,False,True,False,False,False,False,False,1,HOG_graphs/random_graphs_8to14vertices_78instances_20260625_143415_AdjacencyList.txt,False,0,32,1,5,1,,12,"[(2, 7), (0, 1), (2, 3), (0, 4), (5, 7), (4, 6), (6, 8), (5, 6), (0, 6), (2, 4)]","[1.0, 1.0, 1.0, 1.0, 1.0, 1.0, 1.0, 1.0, 1.0, 1.0]"
773f2eb9,9,21,2,10.0,False,False,"[1, 1, 1]",9.960783523542805,,,,,,,,,,,5.07025366759254,,0.5090215700008683,,,,0.8947372436523438,0.8947372436523438,False,,0.0,0.0,,,0.9008016586303711,2026-07-19 03:44:14,x86_64,dacsgpu0002,,64,64,3.11.15,0.2,False,False,adam,False,hamqaoa,0.001,False,False,hog,False,True,False,False,False,False,False,1,HOG_graphs/random_graphs_8to14vertices_78instances_20260625_143415_AdjacencyList.txt,False,0,32,1,5,1,,14,"[(2, 3), (2, 6), (3, 5), (7, 8), (0, 8), (1, 7), (5, 7), (3, 4), (2, 8), (4, 5), (3, 7), (2, 5), (4, 8), (1, 3), (0, 7), (6, 8), (2, 4), (0, 3), (0, 6), (1, 5), (6, 7)]","[1.0, 1.0, 1.0, 1.0, 1.0, 1.0, 1.0, 1.0, 1.0, 1.0, 1.0, 1.0, 1.0, 1.0, 1.0, 1.0, 1.0, 1.0, 1.0, 1.0, 1.0]"
c3b4088d,9,21,1,25.0,False,False,"[1, 1, 1]",9.960783523542805,,,,,,,,,,,5.434749706176055,,0.545614679139523,,,,0.9055731296539307,0.9055731296539307,False,,0.0,0.0,,,0.91103196144104,2026-07-19 03:44:15,x86_64,dacsgpu0002,,64,64,3.11.15,0.2,False,False,adam,False,hamqaoa,0.001,False,False,hog,False,True,False,False,False,False,False,1,HOG_graphs/random_graphs_8to14vertices_78instances_20260625_143415_AdjacencyList.txt,False,0,32,1,5,1,,14,"[(2, 3), (2, 6), (3, 5), (7, 8), (0, 8), (1, 7), (5, 7), (3, 4), (2, 8), (4, 5), (3, 7), (2, 5), (4, 8), (1, 3), (0, 7), (6, 8), (2, 4), (0, 3), (0, 6), (1, 5), (6, 7)]","[1.0, 1.0, 1.0, 1.0, 1.0, 1.0, 1.0, 1.0, 1.0, 1.0, 1.0, 1.0, 1.0, 1.0, 1.0, 1.0, 1.0, 1.0, 1.0, 1.0, 1.0]"
b7b15053,9,18,1,50.0,False,False,"[1, 1, 1]",9.080080501337052,,,,,,,,,,,4.4686551571947914,,0.4921382752649359,,,,1.8440046310424805,1.8440046310424805,False,,0.0,0.0,,,1.8501451015472412,2026-07-19 03:44:15,x86_64,dacsgpu0002,,64,64,3.11.15,0.2,False,False,adam,False,hamqaoa,0.001,False,False,hog,False,True,False,False,False,False,False,1,HOG_graphs/random_graphs_8to14vertices_78instances_20260625_143415_AdjacencyList.txt,False,0,32,1,5,1,,13,"[(2, 7), (0, 1), (2, 3), (0, 4), (2, 6), (0, 7), (3, 5), (4, 6), (1, 2), (5, 6), (0, 6), (3, 4), (6, 8), (4, 5), (0, 5), (1, 4), (5, 8), (0, 8)]","[1.0, 1.0, 1.0, 1.0, 1.0, 1.0, 1.0, 1.0, 1.0, 1.0, 1.0, 1.0, 1.0, 1.0, 1.0, 1.0, 1.0, 1.0]"
7acd11f7,9,18,2,25.0,False,False,"[1, 1, 1]",9.080080501337052,,,,,,,,,,,4.132796379199348,,0.45514975099513594,,,,2.1976430416107178,2.1976430416107178,False,,0.0,0.0,,,2.204254627227783,2026-07-19 03:44:15,x86_64,dacsgpu0002,,64,64,3.11.15,0.21,False,False,adam,False,hamqaoa,0.001,False,False,hog,False,True,False,False,False,False,False,1,HOG_graphs/random_graphs_8to14vertices_78instances_20260625_143415_AdjacencyList.txt,False,0,32,1,5,1,,13,"[(2, 7), (0, 1), (2, 3), (0, 4), (2, 6), (0, 7), (3, 5), (4, 6), (1, 2), (5, 6), (0, 6), (3, 4), (6, 8), (4, 5), (0, 5), (1, 4), (5, 8), (0, 8)]","[1.0, 1.0, 1.0, 1.0, 1.0, 1.0, 1.0, 1.0, 1.0, 1.0, 1.0, 1.0, 1.0, 1.0, 1.0, 1.0, 1.0, 1.0]"
6a53b83a,9,10,2,50.0,False,False,"[1, 1, 1]",6.236411627771346,,,,,,,,,,,2.81752713344758,,0.45178658844468483,,,,3.509869337081909,3.509869337081909,False,,0.0,0.0,,,3.516385793685913,2026-07-19 03:44:16,x86_64,dacsgpu0002,,64,64,3.11.15,0.21,False,False,adam,False,hamqaoa,0.001,False,False,hog,False,True,False,False,False,False,False,1,HOG_graphs/random_graphs_8to14vertices_78instances_20260625_143415_AdjacencyList.txt,False,0,32,1,5,1,,12,"[(2, 7), (0, 1), (2, 3), (0, 4), (5, 7), (4, 6), (6, 8), (5, 6), (0, 6), (2, 4)]","[1.0, 1.0, 1.0, 1.0, 1.0, 1.0, 1.0, 1.0, 1.0, 1.0]"
21926c69,9,21,1,50.0,False,False,"[1, 1, 1]",9.960783523542805,,,,,,,,,,,5.158083143467755,,0.5178390968216878,,,,1.8292570114135742,1.8292570114135742,False,,0.0,0.0,,,1.835045337677002,2026-07-19 03:44:16,x86_64,dacsgpu0002,,64,64,3.11.15,0.2,False,False,adam,False,hamqaoa,0.001,False,False,hog,False,True,False,False,False,False,False,1,HOG_graphs/random_graphs_8to14vertices_78instances_20260625_143415_AdjacencyList.txt,False,0,32,1,5,1,,14,"[(2, 3), (2, 6), (3, 5), (7, 8), (0, 8), (1, 7), (5, 7), (3, 4), (2, 8), (4, 5), (3, 7), (2, 5), (4, 8), (1, 3), (0, 7), (6, 8), (2, 4), (0, 3), (0, 6), (1, 5), (6, 7)]","[1.0, 1.0, 1.0, 1.0, 1.0, 1.0, 1.0, 1.0, 1.0, 1.0, 1.0, 1.0, 1.0, 1.0, 1.0, 1.0, 1.0, 1.0, 1.0, 1.0, 1.0]"
ee40cd16,9,21,2,25.0,False,False,"[1, 1, 1]",9.960783523542805,,,,,,,,,,,5.027703611002731,,0.5047498120122282,,,,2.054636001586914,2.054636001586914,False,,0.0,0.0,,,2.0601043701171875,2026-07-19 03:44:16,x86_64,dacsgpu0002,,64,64,3.11.15,0.21,False,False,adam,False,hamqaoa,0.001,False,False,hog,False,True,False,False,False,False,False,1,HOG_graphs/random_graphs_8to14vertices_78instances_20260625_143415_AdjacencyList.txt,False,0,32,1,5,1,,14,"[(2, 3), (2, 6), (3, 5), (7, 8), (0, 8), (1, 7), (5, 7), (3, 4), (2, 8), (4, 5), (3, 7), (2, 5), (4, 8), (1, 3), (0, 7), (6, 8), (2, 4), (0, 3), (0, 6), (1, 5), (6, 7)]","[1.0, 1.0, 1.0, 1.0, 1.0, 1.0, 1.0, 1.0, 1.0, 1.0, 1.0, 1.0, 1.0, 1.0, 1.0, 1.0, 1.0, 1.0, 1.0, 1.0, 1.0]"
c17dd6c7,8,24,2,50.0,False,False,"[1, 1, 1]",9.809016994374945,,,,,,,,,,,5.216320760273401,,0.5317883293774228,,,,4.203681707382202,4.203681707382202,False,,0.0,0.0,,,4.209948301315308,2026-07-19 03:44:16,x86_64,dacsgpu0002,,64,64,3.11.15,0.21,False,False,adam,False,hamqaoa,0.001,False,False,hog,False,True,False,False,False,False,False,1,HOG_graphs/random_graphs_8to14vertices_78instances_20260625_143415_AdjacencyList.txt,False,0,32,1,5,1,,11,"[(2, 3), (2, 6), (3, 5), (4, 6), (0, 5), (0, 2), (1, 7), (5, 7), (4, 5), (3, 7), (2, 5), (1, 3), (0, 1), (1, 6), (0, 4), (0, 7), (5, 6), (3, 6), (2, 4), (2, 7), (4, 7), (1, 2), (1, 5), (6, 7)]","[1.0, 1.0, 1.0, 1.0, 1.0, 1.0, 1.0, 1.0, 1.0, 1.0, 1.0, 1.0, 1.0, 1.0, 1.0, 1.0, 1.0, 1.0, 1.0, 1.0, 1.0, 1.0, 1.0, 1.0]"
e0ce4430,8,24,2,5.0,False,False,"[1, 1, 1]",9.809016994374945,,,,,,,,,,,5.112282883775724,,0.5211819784497673,,,,0.3107733726501465,0.3107733726501465,False,,0.0,0.0,,,0.3173046112060547,2026-07-19 03:44:17,x86_64,dacsgpu0002,,64,64,3.11.15,0.2,False,False,adam,False,hamqaoa,0.001,False,False,hog,False,True,False,False,False,False,False,1,HOG_graphs/random_graphs_8to14vertices_78instances_20260625_143415_AdjacencyList.txt,False,0,32,1,5,1,,11,"[(2, 3), (2, 6), (3, 5), (4, 6), (0, 5), (0, 2), (1, 7), (5, 7), (4, 5), (3, 7), (2, 5), (1, 3), (0, 1), (1, 6), (0, 4), (0, 7), (5, 6), (3, 6), (2, 4), (2, 7), (4, 7), (1, 2), (1, 5), (6, 7)]","[1.0, 1.0, 1.0, 1.0, 1.0, 1.0, 1.0, 1.0, 1.0, 1.0, 1.0, 1.0, 1.0, 1.0, 1.0, 1.0, 1.0, 1.0, 1.0, 1.0, 1.0, 1.0, 1.0, 1.0]"
b6149ccc,9,18,2,50.0,False,False,"[1, 1, 1]",9.080080501337052,,,,,,,,,,,4.712942984992162,,0.519041982535086,,,,4.28638482093811,4.28638482093811,False,,0.0,0.0,,,4.294304609298706,2026-07-19 03:44:17,x86_64,dacsgpu0002,,64,64,3.11.15,0.21,False,False,adam,False,hamqaoa,0.001,False,False,hog,False,True,False,False,False,False,False,1,HOG_graphs/random_graphs_8to14vertices_78instances_20260625_143415_AdjacencyList.txt,False,0,32,1,5,1,,13,"[(2, 7), (0, 1), (2, 3), (0, 4), (2, 6), (0, 7), (3, 5), (4, 6), (1, 2), (5, 6), (0, 6), (3, 4), (6, 8), (4, 5), (0, 5), (1, 4), (5, 8), (0, 8)]","[1.0, 1.0, 1.0, 1.0, 1.0, 1.0, 1.0, 1.0, 1.0, 1.0, 1.0, 1.0, 1.0, 1.0, 1.0, 1.0, 1.0, 1.0]"
3346b6c9,9,10,1,10.0,False,False,"[1, 1, 1]",6.236411627771346,,,,,,,,,,,1.9821536307281054,,0.31783559986665777,,,,0.2878868579864502,0.2878868579864502,False,,0.0,0.0,,,0.29286956787109375,2026-07-19 03:44:17,x86_64,dacsgpu0002,,64,64,3.11.15,0.21,False,False,adam,False,hamqaoa,0.001,False,False,hog,False,True,False,False,False,False,False,1,HOG_graphs/random_graphs_8to14vertices_78instances_20260625_143415_AdjacencyList.txt,False,0,32,1,5,1,,12,"[(2, 7), (0, 1), (2, 3), (0, 4), (5, 7), (4, 6), (6, 8), (5, 6), (0, 6), (2, 4)]","[1.0, 1.0, 1.0, 1.0, 1.0, 1.0, 1.0, 1.0, 1.0, 1.0]"
ff3e9ef7,9,21,2,50.0,False,False,"[1, 1, 1]",9.960783523542805,,,,,,,,,,,5.385304797347111,,0.5406507213633021,,,,4.811673164367676,4.811673164367676,False,,0.0,0.0,,,4.8191022872924805,2026-07-19 03:44:19,x86_64,dacsgpu0002,,64,64,3.11.15,0.21,False,False,adam,False,hamqaoa,0.001,False,False,hog,False,True,False,False,False,False,False,1,HOG_graphs/random_graphs_8to14vertices_78instances_20260625_143415_AdjacencyList.txt,False,0,32,1,5,1,,14,"[(2, 3), (2, 6), (3, 5), (7, 8), (0, 8), (1, 7), (5, 7), (3, 4), (2, 8), (4, 5), (3, 7), (2, 5), (4, 8), (1, 3), (0, 7), (6, 8), (2, 4), (0, 3), (0, 6), (1, 5), (6, 7)]","[1.0, 1.0, 1.0, 1.0, 1.0, 1.0, 1.0, 1.0, 1.0, 1.0, 1.0, 1.0, 1.0, 1.0, 1.0, 1.0, 1.0, 1.0, 1.0, 1.0, 1.0]"
ad8a5ba4,8,24,2,25.0,False,False,"[1, 1, 1]",9.809016994374945,,,,,,,,,,,6.342582686587954,,0.6466073705678312,,,,2.7014455795288086,2.7014455795288086,False,,0.0,0.0,,,2.70672869682312,2026-07-19 03:44:19,x86_64,dacsgpu0002,,64,64,3.11.15,0.2,False,False,adam,False,hamqaoa,0.001,False,False,hog,False,True,False,False,False,False,False,1,HOG_graphs/random_graphs_8to14vertices_78instances_20260625_143415_AdjacencyList.txt,False,0,32,1,5,1,,11,"[(2, 3), (2, 6), (3, 5), (4, 6), (0, 5), (0, 2), (1, 7), (5, 7), (4, 5), (3, 7), (2, 5), (1, 3), (0, 1), (1, 6), (0, 4), (0, 7), (5, 6), (3, 6), (2, 4), (2, 7), (4, 7), (1, 2), (1, 5), (6, 7)]","[1.0, 1.0, 1.0, 1.0, 1.0, 1.0, 1.0, 1.0, 1.0, 1.0, 1.0, 1.0, 1.0, 1.0, 1.0, 1.0, 1.0, 1.0, 1.0, 1.0, 1.0, 1.0, 1.0, 1.0]"
6db73f83,9,18,1,5.0,False,False,"[1, 1, 1]",9.318472851988224,,,,,,,,,,,4.4956334129740405,,0.48244315183199094,,,,0.19232511520385742,0.19232511520385742,False,,0.0,0.0,,,0.1974186897277832,2026-07-19 03:44:20,x86_64,dacsgpu0002,,64,64,3.11.15,0.21,False,False,adam,False,hamqaoa,0.001,False,False,hog,False,True,False,False,False,False,False,1,HOG_graphs/random_graphs_8to14vertices_78instances_20260625_143415_AdjacencyList.txt,False,0,32,1,5,1,,15,"[(1, 3), (2, 7), (1, 6), (0, 4), (3, 8), (4, 7), (5, 7), (1, 2), (3, 6), (0, 6), (3, 4), (1, 5), (2, 8), (4, 5), (5, 6), (7, 8), (0, 2), (0, 8)]","[1.0, 1.0, 1.0, 1.0, 1.0, 1.0, 1.0, 1.0, 1.0, 1.0, 1.0, 1.0, 1.0, 1.0, 1.0, 1.0, 1.0, 1.0]"
679247d2,9,18,2,5.0,False,False,"[1, 1, 1]",9.318472851988224,,,,,,,,,,,3.6857099878471296,,0.39552725499014924,,,,0.43303847312927246,0.43303847312927246,False,,0.0,0.0,,,0.43798828125,2026-07-19 03:44:21,x86_64,dacsgpu0002,,64,64,3.11.15,0.21,False,False,adam,False,hamqaoa,0.001,False,False,hog,False,True,False,False,False,False,False,1,HOG_graphs/random_graphs_8to14vertices_78instances_20260625_143415_AdjacencyList.txt,False,0,32,1,5,1,,15,"[(1, 3), (2, 7), (1, 6), (0, 4), (3, 8), (4, 7), (5, 7), (1, 2), (3, 6), (0, 6), (3, 4), (1, 5), (2, 8), (4, 5), (5, 6), (7, 8), (0, 2), (0, 8)]","[1.0, 1.0, 1.0, 1.0, 1.0, 1.0, 1.0, 1.0, 1.0, 1.0, 1.0, 1.0, 1.0, 1.0, 1.0, 1.0, 1.0, 1.0]"
9b87061e,9,18,1,10.0,False,False,"[1, 1, 1]",9.318472851988224,,,,,,,,,,,4.506206769780282,,0.48357781809911277,,,,0.3464932441711426,0.3464932441711426,False,,0.0,0.0,,,0.35245203971862793,2026-07-19 03:44:21,x86_64,dacsgpu0002,,64,64,3.11.15,0.21,False,False,adam,False,hamqaoa,0.001,False,False,hog,False,True,False,False,False,False,False,1,HOG_graphs/random_graphs_8to14vertices_78instances_20260625_143415_AdjacencyList.txt,False,0,32,1,5,1,,15,"[(1, 3), (2, 7), (1, 6), (0, 4), (3, 8), (4, 7), (5, 7), (1, 2), (3, 6), (0, 6), (3, 4), (1, 5), (2, 8), (4, 5), (5, 6), (7, 8), (0, 2), (0, 8)]","[1.0, 1.0, 1.0, 1.0, 1.0, 1.0, 1.0, 1.0, 1.0, 1.0, 1.0, 1.0, 1.0, 1.0, 1.0, 1.0, 1.0, 1.0]"
bb6f9176,9,14,1,5.0,False,False,"[1, 1, 1]",7.4758416116024,,,,,,,,,,,3.478136950714889,,0.46525021949593875,,,,0.1593918800354004,0.1593918800354004,False,,0.0,0.0,,,0.16424870491027832,2026-07-19 03:44:21,x86_64,dacsgpu0002,,64,64,3.11.15,0.21,False,False,adam,False,hamqaoa,0.001,False,False,hog,False,True,False,False,False,False,False,1,HOG_graphs/random_graphs_8to14vertices_78instances_20260625_143415_AdjacencyList.txt,False,0,32,1,5,1,,16,"[(0, 1), (2, 3), (1, 6), (0, 4), (3, 8), (5, 7), (0, 7), (0, 3), (0, 6), (1, 5), (2, 8), (4, 5), (1, 4), (0, 2)]","[1.0, 1.0, 1.0, 1.0, 1.0, 1.0, 1.0, 1.0, 1.0, 1.0, 1.0, 1.0, 1.0, 1.0]"
87d8a881,9,18,2,10.0,False,False,"[1, 1, 1]",9.318472851988224,,,,,,,,,,,4.285362401906753,,0.4598781871208019,,,,0.8460104465484619,0.8460104465484619,False,,0.0,0.0,,,0.8520164489746094,2026-07-19 03:44:22,x86_64,dacsgpu0002,,64,64,3.11.15,0.21,False,False,adam,False,hamqaoa,0.001,False,False,hog,False,True,False,False,False,False,False,1,HOG_graphs/random_graphs_8to14vertices_78instances_20260625_143415_AdjacencyList.txt,False,0,32,1,5,1,,15,"[(1, 3), (2, 7), (1, 6), (0, 4), (3, 8), (4, 7), (5, 7), (1, 2), (3, 6), (0, 6), (3, 4), (1, 5), (2, 8), (4, 5), (5, 6), (7, 8), (0, 2), (0, 8)]","[1.0, 1.0, 1.0, 1.0, 1.0, 1.0, 1.0, 1.0, 1.0, 1.0, 1.0, 1.0, 1.0, 1.0, 1.0, 1.0, 1.0, 1.0]"
6fcc6b1a,9,18,1,25.0,False,False,"[1, 1, 1]",9.318472851988224,,,,,,,,,,,6.0178457497382825,,0.6457974225309132,,,,0.9070878028869629,0.9070878028869629,False,,0.0,0.0,,,0.9124922752380371,2026-07-19 03:44:22,x86_64,dacsgpu0002,,64,64,3.11.15,0.21,False,False,adam,False,hamqaoa,0.001,False,False,hog,False,True,False,False,False,False,False,1,HOG_graphs/random_graphs_8to14vertices_78instances_20260625_143415_AdjacencyList.txt,False,0,32,1,5,1,,15,"[(1, 3), (2, 7), (1, 6), (0, 4), (3, 8), (4, 7), (5, 7), (1, 2), (3, 6), (0, 6), (3, 4), (1, 5), (2, 8), (4, 5), (5, 6), (7, 8), (0, 2), (0, 8)]","[1.0, 1.0, 1.0, 1.0, 1.0, 1.0, 1.0, 1.0, 1.0, 1.0, 1.0, 1.0, 1.0, 1.0, 1.0, 1.0, 1.0, 1.0]"
b2bb85e5,9,14,1,10.0,False,False,"[1, 1, 1]",7.4758416116024,,,,,,,,,,,3.0342634081091187,,0.4058758285354769,,,,0.2963862419128418,0.2963862419128418,False,,0.0,0.0,,,0.302410364151001,2026-07-19 03:44:22,x86_64,dacsgpu0002,,64,64,3.11.15,0.21,False,False,adam,False,hamqaoa,0.001,False,False,hog,False,True,False,False,False,False,False,1,HOG_graphs/random_graphs_8to14vertices_78instances_20260625_143415_AdjacencyList.txt,False,0,32,1,5,1,,16,"[(0, 1), (2, 3), (1, 6), (0, 4), (3, 8), (5, 7), (0, 7), (0, 3), (0, 6), (1, 5), (2, 8), (4, 5), (1, 4), (0, 2)]","[1.0, 1.0, 1.0, 1.0, 1.0, 1.0, 1.0, 1.0, 1.0, 1.0, 1.0, 1.0, 1.0, 1.0]"
387f5c90,9,14,2,5.0,False,False,"[1, 1, 1]",7.4758416116024,,,,,,,,,,,2.7292604626691155,,0.36507735241920347,,,,0.4590005874633789,0.4590005874633789,False,,0.0,0.0,,,0.4645106792449951,2026-07-19 03:44:22,x86_64,dacsgpu0002,,64,64,3.11.15,0.21,False,False,adam,False,hamqaoa,0.001,False,False,hog,False,True,False,False,False,False,False,1,HOG_graphs/random_graphs_8to14vertices_78instances_20260625_143415_AdjacencyList.txt,False,0,32,1,5,1,,16,"[(0, 1), (2, 3), (1, 6), (0, 4), (3, 8), (5, 7), (0, 7), (0, 3), (0, 6), (1, 5), (2, 8), (4, 5), (1, 4), (0, 2)]","[1.0, 1.0, 1.0, 1.0, 1.0, 1.0, 1.0, 1.0, 1.0, 1.0, 1.0, 1.0, 1.0, 1.0]"
7021b2bc,9,14,2,10.0,False,False,"[1, 1, 1]",7.4758416116024,,,,,,,,,,,2.9274990769664537,,0.3915945827989476,,,,0.828453540802002,0.828453540802002,False,,0.0,0.0,,,0.8346750736236572,2026-07-19 03:44:22,x86_64,dacsgpu0002,,64,64,3.11.15,0.21,False,False,adam,False,hamqaoa,0.001,False,False,hog,False,True,False,False,False,False,False,1,HOG_graphs/random_graphs_8to14vertices_78instances_20260625_143415_AdjacencyList.txt,False,0,32,1,5,1,,16,"[(0, 1), (2, 3), (1, 6), (0, 4), (3, 8), (5, 7), (0, 7), (0, 3), (0, 6), (1, 5), (2, 8), (4, 5), (1, 4), (0, 2)]","[1.0, 1.0, 1.0, 1.0, 1.0, 1.0, 1.0, 1.0, 1.0, 1.0, 1.0, 1.0, 1.0, 1.0]"
87146130,9,18,1,5.0,False,False,"[1, 1, 1]",8.611677215596796,,,,,,,,,,,4.2241145460397975,,0.49051008767367776,,,,0.1985456943511963,0.1985456943511963,False,,0.0,0.0,,,0.20456361770629883,2026-07-19 03:44:22,x86_64,dacsgpu0002,,64,64,3.11.15,0.21,False,False,adam,False,hamqaoa,0.001,False,False,hog,False,True,False,False,False,False,False,1,HOG_graphs/random_graphs_8to14vertices_78instances_20260625_143415_AdjacencyList.txt,False,0,32,1,5,1,,17,"[(2, 7), (0, 1), (0, 4), (3, 8), (2, 6), (5, 7), (0, 7), (3, 5), (0, 3), (4, 6), (3, 6), (6, 8), (1, 5), (0, 5), (1, 4), (0, 2), (0, 8), (2, 4)]","[1.0, 1.0, 1.0, 1.0, 1.0, 1.0, 1.0, 1.0, 1.0, 1.0, 1.0, 1.0, 1.0, 1.0, 1.0, 1.0, 1.0, 1.0]"
1a5a106f,9,14,1,25.0,False,False,"[1, 1, 1]",7.4758416116024,,,,,,,,,,,3.602590018817081,,0.4818975850459315,,,,0.78218674659729,0.78218674659729,False,,0.0,0.0,,,0.7874937057495117,2026-07-19 03:44:23,x86_64,dacsgpu0002,,64,64,3.11.15,0.2,False,False,adam,False,hamqaoa,0.001,False,False,hog,False,True,False,False,False,False,False,1,HOG_graphs/random_graphs_8to14vertices_78instances_20260625_143415_AdjacencyList.txt,False,0,32,1,5,1,,16,"[(0, 1), (2, 3), (1, 6), (0, 4), (3, 8), (5, 7), (0, 7), (0, 3), (0, 6), (1, 5), (2, 8), (4, 5), (1, 4), (0, 2)]","[1.0, 1.0, 1.0, 1.0, 1.0, 1.0, 1.0, 1.0, 1.0, 1.0, 1.0, 1.0, 1.0, 1.0]"
b8fe2d2b,9,18,1,50.0,False,False,"[1, 1, 1]",9.318472851988224,,,,,,,,,,,4.5328493009218995,,0.4864369272648312,,,,1.8846547603607178,1.8846547603607178,False,,0.0,0.0,,,1.891679048538208,2026-07-19 03:44:23,x86_64,dacsgpu0002,,64,64,3.11.15,0.21,False,False,adam,False,hamqaoa,0.001,False,False,hog,False,True,False,False,False,False,False,1,HOG_graphs/random_graphs_8to14vertices_78instances_20260625_143415_AdjacencyList.txt,False,0,32,1,5,1,,15,"[(1, 3), (2, 7), (1, 6), (0, 4), (3, 8), (4, 7), (5, 7), (1, 2), (3, 6), (0, 6), (3, 4), (1, 5), (2, 8), (4, 5), (5, 6), (7, 8), (0, 2), (0, 8)]","[1.0, 1.0, 1.0, 1.0, 1.0, 1.0, 1.0, 1.0, 1.0, 1.0, 1.0, 1.0, 1.0, 1.0, 1.0, 1.0, 1.0, 1.0]"
0fe5395f,9,18,2,5.0,False,False,"[1, 1, 1]",8.611677215596796,,,,,,,,,,,5.011329264354743,,0.5819225615282718,,,,0.4947948455810547,0.4947948455810547,False,,0.0,0.0,,,0.5008728504180908,2026-07-19 03:44:23,x86_64,dacsgpu0002,,64,64,3.11.15,0.21,False,False,adam,False,hamqaoa,0.001,False,False,hog,False,True,False,False,False,False,False,1,HOG_graphs/random_graphs_8to14vertices_78instances_20260625_143415_AdjacencyList.txt,False,0,32,1,5,1,,17,"[(2, 7), (0, 1), (0, 4), (3, 8), (2, 6), (5, 7), (0, 7), (3, 5), (0, 3), (4, 6), (3, 6), (6, 8), (1, 5), (0, 5), (1, 4), (0, 2), (0, 8), (2, 4)]","[1.0, 1.0, 1.0, 1.0, 1.0, 1.0, 1.0, 1.0, 1.0, 1.0, 1.0, 1.0, 1.0, 1.0, 1.0, 1.0, 1.0, 1.0]"
1d3b5742,9,18,1,10.0,False,False,"[1, 1, 1]",8.611677215596796,,,,,,,,,,,4.751272466674773,,0.5517244025437507,,,,0.3816871643066406,0.3816871643066406,False,,0.0,0.0,,,0.387448787689209,2026-07-19 03:44:23,x86_64,dacsgpu0002,,64,64,3.11.15,0.2,False,False,adam,False,hamqaoa,0.001,False,False,hog,False,True,False,False,False,False,False,1,HOG_graphs/random_graphs_8to14vertices_78instances_20260625_143415_AdjacencyList.txt,False,0,32,1,5,1,,17,"[(2, 7), (0, 1), (0, 4), (3, 8), (2, 6), (5, 7), (0, 7), (3, 5), (0, 3), (4, 6), (3, 6), (6, 8), (1, 5), (0, 5), (1, 4), (0, 2), (0, 8), (2, 4)]","[1.0, 1.0, 1.0, 1.0, 1.0, 1.0, 1.0, 1.0, 1.0, 1.0, 1.0, 1.0, 1.0, 1.0, 1.0, 1.0, 1.0, 1.0]"
e9cfdd18,9,18,2,25.0,False,False,"[1, 1, 1]",9.318472851988224,,,,,,,,,,,5.0114350876837195,,0.537795749076466,,,,2.368325710296631,2.368325710296631,False,,0.0,0.0,,,2.374704599380493,2026-07-19 03:44:23,x86_64,dacsgpu0002,,64,64,3.11.15,0.21,False,False,adam,False,hamqaoa,0.001,False,False,hog,False,True,False,False,False,False,False,1,HOG_graphs/random_graphs_8to14vertices_78instances_20260625_143415_AdjacencyList.txt,False,0,32,1,5,1,,15,"[(1, 3), (2, 7), (1, 6), (0, 4), (3, 8), (4, 7), (5, 7), (1, 2), (3, 6), (0, 6), (3, 4), (1, 5), (2, 8), (4, 5), (5, 6), (7, 8), (0, 2), (0, 8)]","[1.0, 1.0, 1.0, 1.0, 1.0, 1.0, 1.0, 1.0, 1.0, 1.0, 1.0, 1.0, 1.0, 1.0, 1.0, 1.0, 1.0, 1.0]"
c134adc6,9,18,1,5.0,False,False,"[1, 1, 1]",9.11474866234564,,,,,,,,,,,4.559132877582537,,0.5001929341636135,,,,0.2013559341430664,0.2013559341430664,False,,0.0,0.0,,,0.2073822021484375,2026-07-19 03:44:23,x86_64,dacsgpu0002,,64,64,3.11.15,0.21,False,False,adam,False,hamqaoa,0.001,False,False,hog,False,True,False,False,False,False,False,1,HOG_graphs/random_graphs_8to14vertices_78instances_20260625_143415_AdjacencyList.txt,False,0,32,1,5,1,,18,"[(1, 3), (0, 1), (2, 7), (2, 3), (0, 4), (5, 7), (0, 7), (3, 5), (4, 6), (1, 2), (1, 8), (0, 6), (3, 4), (5, 6), (6, 8), (7, 8), (0, 8), (6, 7)]","[1.0, 1.0, 1.0, 1.0, 1.0, 1.0, 1.0, 1.0, 1.0, 1.0, 1.0, 1.0, 1.0, 1.0, 1.0, 1.0, 1.0, 1.0]"
39c77eeb,9,18,2,10.0,False,False,"[1, 1, 1]",8.611677215596796,,,,,,,,,,,5.489608784566703,,0.6374610481944624,,,,0.9727768898010254,0.9727768898010254,False,,0.0,0.0,,,0.9790081977844238,2026-07-19 03:44:24,x86_64,dacsgpu0002,,64,64,3.11.15,0.21,False,False,adam,False,hamqaoa,0.001,False,False,hog,False,True,False,False,False,False,False,1,HOG_graphs/random_graphs_8to14vertices_78instances_20260625_143415_AdjacencyList.txt,False,0,32,1,5,1,,17,"[(2, 7), (0, 1), (0, 4), (3, 8), (2, 6), (5, 7), (0, 7), (3, 5), (0, 3), (4, 6), (3, 6), (6, 8), (1, 5), (0, 5), (1, 4), (0, 2), (0, 8), (2, 4)]","[1.0, 1.0, 1.0, 1.0, 1.0, 1.0, 1.0, 1.0, 1.0, 1.0, 1.0, 1.0, 1.0, 1.0, 1.0, 1.0, 1.0, 1.0]"
6d3f828f,9,18,1,25.0,False,False,"[1, 1, 1]",8.611677215596796,,,,,,,,,,,4.828542357995818,,0.5606970903705889,,,,0.9354939460754395,0.9354939460754395,False,,0.0,0.0,,,0.9413294792175293,2026-07-19 03:44:24,x86_64,dacsgpu0002,,64,64,3.11.15,0.21,False,False,adam,False,hamqaoa,0.001,False,False,hog,False,True,False,False,False,False,False,1,HOG_graphs/random_graphs_8to14vertices_78instances_20260625_143415_AdjacencyList.txt,False,0,32,1,5,1,,17,"[(2, 7), (0, 1), (0, 4), (3, 8), (2, 6), (5, 7), (0, 7), (3, 5), (0, 3), (4, 6), (3, 6), (6, 8), (1, 5), (0, 5), (1, 4), (0, 2), (0, 8), (2, 4)]","[1.0, 1.0, 1.0, 1.0, 1.0, 1.0, 1.0, 1.0, 1.0, 1.0, 1.0, 1.0, 1.0, 1.0, 1.0, 1.0, 1.0, 1.0]"
757bb620,9,14,1,50.0,False,False,"[1, 1, 1]",7.4758416116024,,,,,,,,,,,3.74565391032238,,0.5010344125682356,,,,1.7481865882873535,1.7481865882873535,False,,0.0,0.0,,,1.7544035911560059,2026-07-19 03:44:24,x86_64,dacsgpu0002,,64,64,3.11.15,0.21,False,False,adam,False,hamqaoa,0.001,False,False,hog,False,True,False,False,False,False,False,1,HOG_graphs/random_graphs_8to14vertices_78instances_20260625_143415_AdjacencyList.txt,False,0,32,1,5,1,,16,"[(0, 1), (2, 3), (1, 6), (0, 4), (3, 8), (5, 7), (0, 7), (0, 3), (0, 6), (1, 5), (2, 8), (4, 5), (1, 4), (0, 2)]","[1.0, 1.0, 1.0, 1.0, 1.0, 1.0, 1.0, 1.0, 1.0, 1.0, 1.0, 1.0, 1.0, 1.0]"
76d4eae0,9,18,1,10.0,False,False,"[1, 1, 1]",9.11474866234564,,,,,,,,,,,4.520821617113247,,0.49598971782836127,,,,0.3557140827178955,0.3557140827178955,False,,0.0,0.0,,,0.3628220558166504,2026-07-19 03:44:24,x86_64,dacsgpu0002,,64,64,3.11.15,0.21,False,False,adam,False,hamqaoa,0.001,False,False,hog,False,True,False,False,False,False,False,1,HOG_graphs/random_graphs_8to14vertices_78instances_20260625_143415_AdjacencyList.txt,False,0,32,1,5,1,,18,"[(1, 3), (0, 1), (2, 7), (2, 3), (0, 4), (5, 7), (0, 7), (3, 5), (4, 6), (1, 2), (1, 8), (0, 6), (3, 4), (5, 6), (6, 8), (7, 8), (0, 8), (6, 7)]","[1.0, 1.0, 1.0, 1.0, 1.0, 1.0, 1.0, 1.0, 1.0, 1.0, 1.0, 1.0, 1.0, 1.0, 1.0, 1.0, 1.0, 1.0]"
2fae240c,9,18,2,5.0,False,False,"[1, 1, 1]",9.11474866234564,,,,,,,,,,,4.2895661918948775,,0.47061815424661163,,,,0.48708343505859375,0.48708343505859375,False,,0.0,0.0,,,0.493070125579834,2026-07-19 03:44:24,x86_64,dacsgpu0002,,64,64,3.11.15,0.2,False,False,adam,False,hamqaoa,0.001,False,False,hog,False,True,False,False,False,False,False,1,HOG_graphs/random_graphs_8to14vertices_78instances_20260625_143415_AdjacencyList.txt,False,0,32,1,5,1,,18,"[(1, 3), (0, 1), (2, 7), (2, 3), (0, 4), (5, 7), (0, 7), (3, 5), (4, 6), (1, 2), (1, 8), (0, 6), (3, 4), (5, 6), (6, 8), (7, 8), (0, 8), (6, 7)]","[1.0, 1.0, 1.0, 1.0, 1.0, 1.0, 1.0, 1.0, 1.0, 1.0, 1.0, 1.0, 1.0, 1.0, 1.0, 1.0, 1.0, 1.0]"
c47515be,9,14,2,25.0,False,False,"[1, 1, 1]",7.4758416116024,,,,,,,,,,,2.9498137670114204,,0.3945794895431374,,,,2.2549805641174316,2.2549805641174316,False,,0.0,0.0,,,2.2613308429718018,2026-07-19 03:44:24,x86_64,dacsgpu0002,,64,64,3.11.15,0.21,False,False,adam,False,hamqaoa,0.001,False,False,hog,False,True,False,False,False,False,False,1,HOG_graphs/random_graphs_8to14vertices_78instances_20260625_143415_AdjacencyList.txt,False,0,32,1,5,1,,16,"[(0, 1), (2, 3), (1, 6), (0, 4), (3, 8), (5, 7), (0, 7), (0, 3), (0, 6), (1, 5), (2, 8), (4, 5), (1, 4), (0, 2)]","[1.0, 1.0, 1.0, 1.0, 1.0, 1.0, 1.0, 1.0, 1.0, 1.0, 1.0, 1.0, 1.0, 1.0]"
8b812947,9,18,1,5.0,False,False,"[1, 1, 1]",8.668163939107135,,,,,,,,,,,3.5107606317436133,,0.4050177934342621,,,,0.19611501693725586,0.19611501693725586,False,,0.0,0.0,,,0.20354771614074707,2026-07-19 03:44:25,x86_64,dacsgpu0002,,64,64,3.11.15,0.2,False,False,adam,False,hamqaoa,0.001,False,False,hog,False,True,False,False,False,False,False,1,HOG_graphs/random_graphs_8to14vertices_78instances_20260625_143415_AdjacencyList.txt,False,0,32,1,5,1,,19,"[(2, 7), (2, 3), (1, 6), (4, 7), (0, 7), (0, 3), (4, 6), (1, 2), (1, 8), (0, 6), (3, 4), (2, 8), (5, 6), (6, 7), (0, 5), (1, 4), (2, 4), (1, 7)]","[1.0, 1.0, 1.0, 1.0, 1.0, 1.0, 1.0, 1.0, 1.0, 1.0, 1.0, 1.0, 1.0, 1.0, 1.0, 1.0, 1.0, 1.0]"
5d2a71bf,9,18,2,10.0,False,False,"[1, 1, 1]",9.11474866234564,,,,,,,,,,,4.643484135040905,,0.509447304260162,,,,0.988539457321167,0.988539457321167,False,,0.0,0.0,,,0.9954321384429932,2026-07-19 03:44:25,x86_64,dacsgpu0002,,64,64,3.11.15,0.21,False,False,adam,False,hamqaoa,0.001,False,False,hog,False,True,False,False,False,False,False,1,HOG_graphs/random_graphs_8to14vertices_78instances_20260625_143415_AdjacencyList.txt,False,0,32,1,5,1,,18,"[(1, 3), (0, 1), (2, 7), (2, 3), (0, 4), (5, 7), (0, 7), (3, 5), (4, 6), (1, 2), (1, 8), (0, 6), (3, 4), (5, 6), (6, 8), (7, 8), (0, 8), (6, 7)]","[1.0, 1.0, 1.0, 1.0, 1.0, 1.0, 1.0, 1.0, 1.0, 1.0, 1.0, 1.0, 1.0, 1.0, 1.0, 1.0, 1.0, 1.0]"
629100a1,9,18,1,25.0,False,False,"[1, 1, 1]",9.11474866234564,,,,,,,,,,,4.022413399972945,,0.4413082081560979,,,,0.931596040725708,0.931596040725708,False,,0.0,0.0,,,0.9375526905059814,2026-07-19 03:44:25,x86_64,dacsgpu0002,,64,64,3.11.15,0.21,False,False,adam,False,hamqaoa,0.001,False,False,hog,False,True,False,False,False,False,False,1,HOG_graphs/random_graphs_8to14vertices_78instances_20260625_143415_AdjacencyList.txt,False,0,32,1,5,1,,18,"[(1, 3), (0, 1), (2, 7), (2, 3), (0, 4), (5, 7), (0, 7), (3, 5), (4, 6), (1, 2), (1, 8), (0, 6), (3, 4), (5, 6), (6, 8), (7, 8), (0, 8), (6, 7)]","[1.0, 1.0, 1.0, 1.0, 1.0, 1.0, 1.0, 1.0, 1.0, 1.0, 1.0, 1.0, 1.0, 1.0, 1.0, 1.0, 1.0, 1.0]"
b1680339,9,18,1,50.0,False,False,"[1, 1, 1]",8.611677215596796,,,,,,,,,,,2.8714291112584815,,0.3334343635242127,,,,1.884831190109253,1.884831190109253,False,,0.0,0.0,,,1.8909893035888672,2026-07-19 03:44:25,x86_64,dacsgpu0002,,64,64,3.11.15,0.21,False,False,adam,False,hamqaoa,0.001,False,False,hog,False,True,False,False,False,False,False,1,HOG_graphs/random_graphs_8to14vertices_78instances_20260625_143415_AdjacencyList.txt,False,0,32,1,5,1,,17,"[(2, 7), (0, 1), (0, 4), (3, 8), (2, 6), (5, 7), (0, 7), (3, 5), (0, 3), (4, 6), (3, 6), (6, 8), (1, 5), (0, 5), (1, 4), (0, 2), (0, 8), (2, 4)]","[1.0, 1.0, 1.0, 1.0, 1.0, 1.0, 1.0, 1.0, 1.0, 1.0, 1.0, 1.0, 1.0, 1.0, 1.0, 1.0, 1.0, 1.0]"
3de020ee,9,18,2,5.0,False,False,"[1, 1, 1]",8.668163939107135,,,,,,,,,,,3.521133415097655,,0.4062144463156462,,,,0.5008029937744141,0.5008029937744141,False,,0.0,0.0,,,0.5092051029205322,2026-07-19 03:44:25,x86_64,dacsgpu0002,,64,64,3.11.15,0.21,False,False,adam,False,hamqaoa,0.001,False,False,hog,False,True,False,False,False,False,False,1,HOG_graphs/random_graphs_8to14vertices_78instances_20260625_143415_AdjacencyList.txt,False,0,32,1,5,1,,19,"[(2, 7), (2, 3), (1, 6), (4, 7), (0, 7), (0, 3), (4, 6), (1, 2), (1, 8), (0, 6), (3, 4), (2, 8), (5, 6), (6, 7), (0, 5), (1, 4), (2, 4), (1, 7)]","[1.0, 1.0, 1.0, 1.0, 1.0, 1.0, 1.0, 1.0, 1.0, 1.0, 1.0, 1.0, 1.0, 1.0, 1.0, 1.0, 1.0, 1.0]"
703e69ef,9,18,1,10.0,False,False,"[1, 1, 1]",8.668163939107135,,,,,,,,,,,0.22954442322505897,,0.026481320016278235,,,,0.37001800537109375,0.37001800537109375,False,,0.0,0.0,,,0.37673091888427734,2026-07-19 03:44:25,x86_64,dacsgpu0002,,64,64,3.11.15,0.2,False,False,adam,False,hamqaoa,0.001,False,False,hog,False,True,False,False,False,False,False,1,HOG_graphs/random_graphs_8to14vertices_78instances_20260625_143415_AdjacencyList.txt,False,0,32,1,5,1,,19,"[(2, 7), (2, 3), (1, 6), (4, 7), (0, 7), (0, 3), (4, 6), (1, 2), (1, 8), (0, 6), (3, 4), (2, 8), (5, 6), (6, 7), (0, 5), (1, 4), (2, 4), (1, 7)]","[1.0, 1.0, 1.0, 1.0, 1.0, 1.0, 1.0, 1.0, 1.0, 1.0, 1.0, 1.0, 1.0, 1.0, 1.0, 1.0, 1.0, 1.0]"
08fbfbc8,9,18,2,25.0,False,False,"[1, 1, 1]",8.611677215596796,,,,,,,,,,,4.668179966904475,,0.5420755852820206,,,,2.5173895359039307,2.5173895359039307,False,,0.0,0.0,,,2.5240581035614014,2026-07-19 03:44:25,x86_64,dacsgpu0002,,64,64,3.11.15,0.21,False,False,adam,False,hamqaoa,0.001,False,False,hog,False,True,False,False,False,False,False,1,HOG_graphs/random_graphs_8to14vertices_78instances_20260625_143415_AdjacencyList.txt,False,0,32,1,5,1,,17,"[(2, 7), (0, 1), (0, 4), (3, 8), (2, 6), (5, 7), (0, 7), (3, 5), (0, 3), (4, 6), (3, 6), (6, 8), (1, 5), (0, 5), (1, 4), (0, 2), (0, 8), (2, 4)]","[1.0, 1.0, 1.0, 1.0, 1.0, 1.0, 1.0, 1.0, 1.0, 1.0, 1.0, 1.0, 1.0, 1.0, 1.0, 1.0, 1.0, 1.0]"
2ac310a6,9,27,1,5.0,False,False,"[1, 1, 1]",11.151517664061469,,,,,,,,,,,7.8913805720462795,,0.7076508157699656,,,,0.21103286743164062,0.21103286743164062,False,,0.0,0.0,,,0.21752429008483887,2026-07-19 03:44:26,x86_64,dacsgpu0002,,64,64,3.11.15,0.21,False,False,adam,False,hamqaoa,0.001,False,False,hog,False,True,False,False,False,False,False,1,HOG_graphs/random_graphs_8to14vertices_78instances_20260625_143415_AdjacencyList.txt,False,0,32,1,5,1,,20,"[(2, 3), (2, 6), (3, 5), (7, 8), (0, 2), (0, 8), (1, 7), (5, 7), (2, 8), (4, 5), (3, 7), (4, 8), (1, 3), (0, 1), (1, 6), (6, 8), (5, 6), (3, 6), (2, 4), (2, 7), (4, 7), (0, 3), (1, 8), (0, 6), (1, 5), (5, 8), (6, 7)]","[1.0, 1.0, 1.0, 1.0, 1.0, 1.0, 1.0, 1.0, 1.0, 1.0, 1.0, 1.0, 1.0, 1.0, 1.0, 1.0, 1.0, 1.0, 1.0, 1.0, 1.0, 1.0, 1.0, 1.0, 1.0, 1.0, 1.0]"
bd95819b,9,18,2,10.0,False,False,"[1, 1, 1]",8.668163939107135,,,,,,,,,,,3.8335975876090265,,0.44226177706600994,,,,1.0046682357788086,1.0046682357788086,False,,0.0,0.0,,,1.012357234954834,2026-07-19 03:44:26,x86_64,dacsgpu0002,,64,64,3.11.15,0.2,False,False,adam,False,hamqaoa,0.001,False,False,hog,False,True,False,False,False,False,False,1,HOG_graphs/random_graphs_8to14vertices_78instances_20260625_143415_AdjacencyList.txt,False,0,32,1,5,1,,19,"[(2, 7), (2, 3), (1, 6), (4, 7), (0, 7), (0, 3), (4, 6), (1, 2), (1, 8), (0, 6), (3, 4), (2, 8), (5, 6), (6, 7), (0, 5), (1, 4), (2, 4), (1, 7)]","[1.0, 1.0, 1.0, 1.0, 1.0, 1.0, 1.0, 1.0, 1.0, 1.0, 1.0, 1.0, 1.0, 1.0, 1.0, 1.0, 1.0, 1.0]"
4b1f05f1,9,18,1,25.0,False,False,"[1, 1, 1]",8.668163939107135,,,,,,,,,,,3.272280494194916,,0.37750560755222373,,,,0.951052188873291,0.951052188873291,False,,0.0,0.0,,,0.9590952396392822,2026-07-19 03:44:26,x86_64,dacsgpu0002,,64,64,3.11.15,0.21,False,False,adam,False,hamqaoa,0.001,False,False,hog,False,True,False,False,False,False,False,1,HOG_graphs/random_graphs_8to14vertices_78instances_20260625_143415_AdjacencyList.txt,False,0,32,1,5,1,,19,"[(2, 7), (2, 3), (1, 6), (4, 7), (0, 7), (0, 3), (4, 6), (1, 2), (1, 8), (0, 6), (3, 4), (2, 8), (5, 6), (6, 7), (0, 5), (1, 4), (2, 4), (1, 7)]","[1.0, 1.0, 1.0, 1.0, 1.0, 1.0, 1.0, 1.0, 1.0, 1.0, 1.0, 1.0, 1.0, 1.0, 1.0, 1.0, 1.0, 1.0]"
7a8f3569,9,18,1,50.0,False,False,"[1, 1, 1]",9.11474866234564,,,,,,,,,,,4.440810135914348,,0.4872114745478374,,,,1.8292365074157715,1.8292365074157715,False,,0.0,0.0,,,1.8360862731933594,2026-07-19 03:44:26,x86_64,dacsgpu0002,,64,64,3.11.15,0.21,False,False,adam,False,hamqaoa,0.001,False,False,hog,False,True,False,False,False,False,False,1,HOG_graphs/random_graphs_8to14vertices_78instances_20260625_143415_AdjacencyList.txt,False,0,32,1,5,1,,18,"[(1, 3), (0, 1), (2, 7), (2, 3), (0, 4), (5, 7), (0, 7), (3, 5), (4, 6), (1, 2), (1, 8), (0, 6), (3, 4), (5, 6), (6, 8), (7, 8), (0, 8), (6, 7)]","[1.0, 1.0, 1.0, 1.0, 1.0, 1.0, 1.0, 1.0, 1.0, 1.0, 1.0, 1.0, 1.0, 1.0, 1.0, 1.0, 1.0, 1.0]"
2285bc7c,9,18,2,50.0,False,False,"[1, 1, 1]",9.318472851988224,,,,,,,,,,,4.41883675880932,,0.47420181707848197,,,,4.928181409835815,4.928181409835815,False,,0.0,0.0,,,4.933773756027222,2026-07-19 03:44:26,x86_64,dacsgpu0002,,64,64,3.11.15,0.21,False,False,adam,False,hamqaoa,0.001,False,False,hog,False,True,False,False,False,False,False,1,HOG_graphs/random_graphs_8to14vertices_78instances_20260625_143415_AdjacencyList.txt,False,0,32,1,5,1,,15,"[(1, 3), (2, 7), (1, 6), (0, 4), (3, 8), (4, 7), (5, 7), (1, 2), (3, 6), (0, 6), (3, 4), (1, 5), (2, 8), (4, 5), (5, 6), (7, 8), (0, 2), (0, 8)]","[1.0, 1.0, 1.0, 1.0, 1.0, 1.0, 1.0, 1.0, 1.0, 1.0, 1.0, 1.0, 1.0, 1.0, 1.0, 1.0, 1.0, 1.0]"
53f85a88,9,27,1,10.0,False,False,"[1, 1, 1]",11.151517664061469,,,,,,,,,,,7.646704035373196,,0.6857097182401096,,,,0.41923999786376953,0.41923999786376953,False,,0.0,0.0,,,0.4255828857421875,2026-07-19 03:44:26,x86_64,dacsgpu0002,,64,64,3.11.15,0.2,False,False,adam,False,hamqaoa,0.001,False,False,hog,False,True,False,False,False,False,False,1,HOG_graphs/random_graphs_8to14vertices_78instances_20260625_143415_AdjacencyList.txt,False,0,32,1,5,1,,20,"[(2, 3), (2, 6), (3, 5), (7, 8), (0, 2), (0, 8), (1, 7), (5, 7), (2, 8), (4, 5), (3, 7), (4, 8), (1, 3), (0, 1), (1, 6), (6, 8), (5, 6), (3, 6), (2, 4), (2, 7), (4, 7), (0, 3), (1, 8), (0, 6), (1, 5), (5, 8), (6, 7)]","[1.0, 1.0, 1.0, 1.0, 1.0, 1.0, 1.0, 1.0, 1.0, 1.0, 1.0, 1.0, 1.0, 1.0, 1.0, 1.0, 1.0, 1.0, 1.0, 1.0, 1.0, 1.0, 1.0, 1.0, 1.0, 1.0, 1.0]"
8621bf16,9,27,2,5.0,False,False,"[1, 1, 1]",11.151517664061469,,,,,,,,,,,6.856865301424742,,0.6148818042518724,,,,0.5949883460998535,0.5949883460998535,False,,0.0,0.0,,,0.5999281406402588,2026-07-19 03:44:26,x86_64,dacsgpu0002,,64,64,3.11.15,0.21,False,False,adam,False,hamqaoa,0.001,False,False,hog,False,True,False,False,False,False,False,1,HOG_graphs/random_graphs_8to14vertices_78instances_20260625_143415_AdjacencyList.txt,False,0,32,1,5,1,,20,"[(2, 3), (2, 6), (3, 5), (7, 8), (0, 2), (0, 8), (1, 7), (5, 7), (2, 8), (4, 5), (3, 7), (4, 8), (1, 3), (0, 1), (1, 6), (6, 8), (5, 6), (3, 6), (2, 4), (2, 7), (4, 7), (0, 3), (1, 8), (0, 6), (1, 5), (5, 8), (6, 7)]","[1.0, 1.0, 1.0, 1.0, 1.0, 1.0, 1.0, 1.0, 1.0, 1.0, 1.0, 1.0, 1.0, 1.0, 1.0, 1.0, 1.0, 1.0, 1.0, 1.0, 1.0, 1.0, 1.0, 1.0, 1.0, 1.0, 1.0]"
b8a147af,9,18,2,25.0,False,False,"[1, 1, 1]",9.11474866234564,,,,,,,,,,,3.2215083847521915,,0.35343908034027466,,,,2.4530584812164307,2.4530584812164307,False,,0.0,0.0,,,2.45931339263916,2026-07-19 03:44:26,x86_64,dacsgpu0002,,64,64,3.11.15,0.21,False,False,adam,False,hamqaoa,0.001,False,False,hog,False,True,False,False,False,False,False,1,HOG_graphs/random_graphs_8to14vertices_78instances_20260625_143415_AdjacencyList.txt,False,0,32,1,5,1,,18,"[(1, 3), (0, 1), (2, 7), (2, 3), (0, 4), (5, 7), (0, 7), (3, 5), (4, 6), (1, 2), (1, 8), (0, 6), (3, 4), (5, 6), (6, 8), (7, 8), (0, 8), (6, 7)]","[1.0, 1.0, 1.0, 1.0, 1.0, 1.0, 1.0, 1.0, 1.0, 1.0, 1.0, 1.0, 1.0, 1.0, 1.0, 1.0, 1.0, 1.0]"
115dd12d,9,14,2,50.0,False,False,"[1, 1, 1]",7.4758416116024,,,,,,,,,,,4.683917056475413,,0.6265404351539552,,,,4.5330352783203125,4.5330352783203125,False,,0.0,0.0,,,4.5385143756866455,2026-07-19 03:44:27,x86_64,dacsgpu0002,,64,64,3.11.15,0.21,False,False,adam,False,hamqaoa,0.001,False,False,hog,False,True,False,False,False,False,False,1,HOG_graphs/random_graphs_8to14vertices_78instances_20260625_143415_AdjacencyList.txt,False,0,32,1,5,1,,16,"[(0, 1), (2, 3), (1, 6), (0, 4), (3, 8), (5, 7), (0, 7), (0, 3), (0, 6), (1, 5), (2, 8), (4, 5), (1, 4), (0, 2)]","[1.0, 1.0, 1.0, 1.0, 1.0, 1.0, 1.0, 1.0, 1.0, 1.0, 1.0, 1.0, 1.0, 1.0]"
96a588e7,9,27,1,5.0,False,False,"[1, 1, 1]",11.165162775970071,,,,,,,,,,,6.506757803899035,,0.5827732147267063,,,,0.21863126754760742,0.21863126754760742,False,,0.0,0.0,,,0.2255866527557373,2026-07-19 03:44:27,x86_64,dacsgpu0002,,64,64,3.11.15,0.2,False,False,adam,False,hamqaoa,0.001,False,False,hog,False,True,False,False,False,False,False,1,HOG_graphs/random_graphs_8to14vertices_78instances_20260625_143415_AdjacencyList.txt,False,0,32,1,5,1,,21,"[(2, 3), (2, 6), (3, 5), (7, 8), (0, 5), (1, 4), (0, 2), (0, 8), (1, 7), (5, 7), (3, 4), (2, 8), (4, 5), (2, 5), (4, 8), (1, 3), (0, 1), (1, 6), (0, 4), (6, 8), (2, 4), (2, 7), (0, 3), (1, 2), (1, 8), (0, 6), (1, 5)]","[1.0, 1.0, 1.0, 1.0, 1.0, 1.0, 1.0, 1.0, 1.0, 1.0, 1.0, 1.0, 1.0, 1.0, 1.0, 1.0, 1.0, 1.0, 1.0, 1.0, 1.0, 1.0, 1.0, 1.0, 1.0, 1.0, 1.0]"
9e316f42,9,18,1,50.0,False,False,"[1, 1, 1]",8.668163939107135,,,,,,,,,,,4.49380403413715,,0.518426285624685,,,,1.8616693019866943,1.8616693019866943,False,,0.0,0.0,,,1.8683788776397705,2026-07-19 03:44:27,x86_64,dacsgpu0002,,64,64,3.11.15,0.21,False,False,adam,False,hamqaoa,0.001,False,False,hog,False,True,False,False,False,False,False,1,HOG_graphs/random_graphs_8to14vertices_78instances_20260625_143415_AdjacencyList.txt,False,0,32,1,5,1,,19,"[(2, 7), (2, 3), (1, 6), (4, 7), (0, 7), (0, 3), (4, 6), (1, 2), (1, 8), (0, 6), (3, 4), (2, 8), (5, 6), (6, 7), (0, 5), (1, 4), (2, 4), (1, 7)]","[1.0, 1.0, 1.0, 1.0, 1.0, 1.0, 1.0, 1.0, 1.0, 1.0, 1.0, 1.0, 1.0, 1.0, 1.0, 1.0, 1.0, 1.0]"
be515e05,9,27,1,25.0,False,False,"[1, 1, 1]",11.151517664061469,,,,,,,,,,,6.947334656047747,,0.6229945434635553,,,,1.0523765087127686,1.0523765087127686,False,,0.0,0.0,,,1.0581212043762207,2026-07-19 03:44:27,x86_64,dacsgpu0002,,64,64,3.11.15,0.2,False,False,adam,False,hamqaoa,0.001,False,False,hog,False,True,False,False,False,False,False,1,HOG_graphs/random_graphs_8to14vertices_78instances_20260625_143415_AdjacencyList.txt,False,0,32,1,5,1,,20,"[(2, 3), (2, 6), (3, 5), (7, 8), (0, 2), (0, 8), (1, 7), (5, 7), (2, 8), (4, 5), (3, 7), (4, 8), (1, 3), (0, 1), (1, 6), (6, 8), (5, 6), (3, 6), (2, 4), (2, 7), (4, 7), (0, 3), (1, 8), (0, 6), (1, 5), (5, 8), (6, 7)]","[1.0, 1.0, 1.0, 1.0, 1.0, 1.0, 1.0, 1.0, 1.0, 1.0, 1.0, 1.0, 1.0, 1.0, 1.0, 1.0, 1.0, 1.0, 1.0, 1.0, 1.0, 1.0, 1.0, 1.0, 1.0, 1.0, 1.0]"
1d84be93,9,27,2,10.0,False,False,"[1, 1, 1]",11.151517664061469,,,,,,,,,,,7.092352988089078,,0.6359989018307297,,,,1.2020585536956787,1.2020585536956787,False,,0.0,0.0,,,1.2088468074798584,2026-07-19 03:44:27,x86_64,dacsgpu0002,,64,64,3.11.15,0.21,False,False,adam,False,hamqaoa,0.001,False,False,hog,False,True,False,False,False,False,False,1,HOG_graphs/random_graphs_8to14vertices_78instances_20260625_143415_AdjacencyList.txt,False,0,32,1,5,1,,20,"[(2, 3), (2, 6), (3, 5), (7, 8), (0, 2), (0, 8), (1, 7), (5, 7), (2, 8), (4, 5), (3, 7), (4, 8), (1, 3), (0, 1), (1, 6), (6, 8), (5, 6), (3, 6), (2, 4), (2, 7), (4, 7), (0, 3), (1, 8), (0, 6), (1, 5), (5, 8), (6, 7)]","[1.0, 1.0, 1.0, 1.0, 1.0, 1.0, 1.0, 1.0, 1.0, 1.0, 1.0, 1.0, 1.0, 1.0, 1.0, 1.0, 1.0, 1.0, 1.0, 1.0, 1.0, 1.0, 1.0, 1.0, 1.0, 1.0, 1.0]"
633577f1,9,27,1,10.0,False,False,"[1, 1, 1]",11.165162775970071,,,,,,,,,,,6.169262245993979,,0.552545660979669,,,,0.43338680267333984,0.43338680267333984,False,,0.0,0.0,,,0.4398643970489502,2026-07-19 03:44:27,x86_64,dacsgpu0002,,64,64,3.11.15,0.21,False,False,adam,False,hamqaoa,0.001,False,False,hog,False,True,False,False,False,False,False,1,HOG_graphs/random_graphs_8to14vertices_78instances_20260625_143415_AdjacencyList.txt,False,0,32,1,5,1,,21,"[(2, 3), (2, 6), (3, 5), (7, 8), (0, 5), (1, 4), (0, 2), (0, 8), (1, 7), (5, 7), (3, 4), (2, 8), (4, 5), (2, 5), (4, 8), (1, 3), (0, 1), (1, 6), (0, 4), (6, 8), (2, 4), (2, 7), (0, 3), (1, 2), (1, 8), (0, 6), (1, 5)]","[1.0, 1.0, 1.0, 1.0, 1.0, 1.0, 1.0, 1.0, 1.0, 1.0, 1.0, 1.0, 1.0, 1.0, 1.0, 1.0, 1.0, 1.0, 1.0, 1.0, 1.0, 1.0, 1.0, 1.0, 1.0, 1.0, 1.0]"
4f9af6ae,9,27,2,5.0,False,False,"[1, 1, 1]",11.165162775970071,,,,,,,,,,,5.822173791707678,,0.52145892617332,,,,0.5838117599487305,0.5838117599487305,False,,0.0,0.0,,,0.5910036563873291,2026-07-19 03:44:27,x86_64,dacsgpu0002,,64,64,3.11.15,0.2,False,False,adam,False,hamqaoa,0.001,False,False,hog,False,True,False,False,False,False,False,1,HOG_graphs/random_graphs_8to14vertices_78instances_20260625_143415_AdjacencyList.txt,False,0,32,1,5,1,,21,"[(2, 3), (2, 6), (3, 5), (7, 8), (0, 5), (1, 4), (0, 2), (0, 8), (1, 7), (5, 7), (3, 4), (2, 8), (4, 5), (2, 5), (4, 8), (1, 3), (0, 1), (1, 6), (0, 4), (6, 8), (2, 4), (2, 7), (0, 3), (1, 2), (1, 8), (0, 6), (1, 5)]","[1.0, 1.0, 1.0, 1.0, 1.0, 1.0, 1.0, 1.0, 1.0, 1.0, 1.0, 1.0, 1.0, 1.0, 1.0, 1.0, 1.0, 1.0, 1.0, 1.0, 1.0, 1.0, 1.0, 1.0, 1.0, 1.0, 1.0]"
ea080334,9,18,2,25.0,False,False,"[1, 1, 1]",8.668163939107135,,,,,,,,,,,3.3702727612993373,,0.3888104545524427,,,,2.5541789531707764,2.5541789531707764,False,,0.0,0.0,,,2.560898780822754,2026-07-19 03:44:28,x86_64,dacsgpu0002,,64,64,3.11.15,0.21,False,False,adam,False,hamqaoa,0.001,False,False,hog,False,True,False,False,False,False,False,1,HOG_graphs/random_graphs_8to14vertices_78instances_20260625_143415_AdjacencyList.txt,False,0,32,1,5,1,,19,"[(2, 7), (2, 3), (1, 6), (4, 7), (0, 7), (0, 3), (4, 6), (1, 2), (1, 8), (0, 6), (3, 4), (2, 8), (5, 6), (6, 7), (0, 5), (1, 4), (2, 4), (1, 7)]","[1.0, 1.0, 1.0, 1.0, 1.0, 1.0, 1.0, 1.0, 1.0, 1.0, 1.0, 1.0, 1.0, 1.0, 1.0, 1.0, 1.0, 1.0]"
d8ba7535,10,9,1,5.0,False,False,"[1, 1, 1]",6.271621605910759,,,,,,,,,,,2.7287706359869794,,0.4350980986185805,,,,0.15443849563598633,0.15443849563598633,False,,0.0,0.0,,,0.15972566604614258,2026-07-19 03:44:28,x86_64,dacsgpu0002,,64,64,3.11.15,0.2,True,False,adam,False,hamqaoa,0.001,False,False,hog,False,True,False,False,False,False,False,1,HOG_graphs/random_graphs_8to14vertices_78instances_20260625_143415_AdjacencyList.txt,False,0,32,1,5,1,,22,"[(3, 9), (2, 3), (0, 7), (7, 9), (6, 8), (0, 6), (4, 9), (4, 5), (1, 7)]","[1.0, 1.0, 1.0, 1.0, 1.0, 1.0, 1.0, 1.0, 1.0]"
b9288a5f,9,18,2,50.0,False,False,"[1, 1, 1]",8.611677215596796,,,,,,,,,,,4.352135084510373,,0.5053760116122474,,,,4.857984304428101,4.857984304428101,False,,0.0,0.0,,,4.862849235534668,2026-07-19 03:44:28,x86_64,dacsgpu0002,,64,64,3.11.15,0.21,False,False,adam,False,hamqaoa,0.001,False,False,hog,False,True,False,False,False,False,False,1,HOG_graphs/random_graphs_8to14vertices_78instances_20260625_143415_AdjacencyList.txt,False,0,32,1,5,1,,17,"[(2, 7), (0, 1), (0, 4), (3, 8), (2, 6), (5, 7), (0, 7), (3, 5), (0, 3), (4, 6), (3, 6), (6, 8), (1, 5), (0, 5), (1, 4), (0, 2), (0, 8), (2, 4)]","[1.0, 1.0, 1.0, 1.0, 1.0, 1.0, 1.0, 1.0, 1.0, 1.0, 1.0, 1.0, 1.0, 1.0, 1.0, 1.0, 1.0, 1.0]"
87f03b6b,9,27,1,25.0,False,False,"[1, 1, 1]",11.165162775970071,,,,,,,,,,,6.828984563267868,,0.611633229205164,,,,1.017305612564087,1.017305612564087,False,,0.0,0.0,,,1.0258855819702148,2026-07-19 03:44:28,x86_64,dacsgpu0002,,64,64,3.11.15,0.21,False,False,adam,False,hamqaoa,0.001,False,False,hog,False,True,False,False,False,False,False,1,HOG_graphs/random_graphs_8to14vertices_78instances_20260625_143415_AdjacencyList.txt,False,0,32,1,5,1,,21,"[(2, 3), (2, 6), (3, 5), (7, 8), (0, 5), (1, 4), (0, 2), (0, 8), (1, 7), (5, 7), (3, 4), (2, 8), (4, 5), (2, 5), (4, 8), (1, 3), (0, 1), (1, 6), (0, 4), (6, 8), (2, 4), (2, 7), (0, 3), (1, 2), (1, 8), (0, 6), (1, 5)]","[1.0, 1.0, 1.0, 1.0, 1.0, 1.0, 1.0, 1.0, 1.0, 1.0, 1.0, 1.0, 1.0, 1.0, 1.0, 1.0, 1.0, 1.0, 1.0, 1.0, 1.0, 1.0, 1.0, 1.0, 1.0, 1.0, 1.0]"
c42f5c7d,9,27,2,10.0,False,False,"[1, 1, 1]",11.165162775970071,,,,,,,,,,,6.955010752401863,,0.6229206767473738,,,,1.1942472457885742,1.1942472457885742,False,,0.0,0.0,,,1.2020950317382812,2026-07-19 03:44:28,x86_64,dacsgpu0002,,64,64,3.11.15,0.21,False,False,adam,False,hamqaoa,0.001,False,False,hog,False,True,False,False,False,False,False,1,HOG_graphs/random_graphs_8to14vertices_78instances_20260625_143415_AdjacencyList.txt,False,0,32,1,5,1,,21,"[(2, 3), (2, 6), (3, 5), (7, 8), (0, 5), (1, 4), (0, 2), (0, 8), (1, 7), (5, 7), (3, 4), (2, 8), (4, 5), (2, 5), (4, 8), (1, 3), (0, 1), (1, 6), (0, 4), (6, 8), (2, 4), (2, 7), (0, 3), (1, 2), (1, 8), (0, 6), (1, 5)]","[1.0, 1.0, 1.0, 1.0, 1.0, 1.0, 1.0, 1.0, 1.0, 1.0, 1.0, 1.0, 1.0, 1.0, 1.0, 1.0, 1.0, 1.0, 1.0, 1.0, 1.0, 1.0, 1.0, 1.0, 1.0, 1.0, 1.0]"
279338af,10,9,2,5.0,False,False,"[1, 1, 1]",6.271621605910759,,,,,,,,,,,1.5933928689467316,,0.2540639357841712,,,,0.42201685905456543,0.42201685905456543,False,,0.0,0.0,,,0.42894959449768066,2026-07-19 03:44:28,x86_64,dacsgpu0002,,64,64,3.11.15,0.21,True,False,adam,False,hamqaoa,0.001,False,False,hog,False,True,False,False,False,False,False,1,HOG_graphs/random_graphs_8to14vertices_78instances_20260625_143415_AdjacencyList.txt,False,0,32,1,5,1,,22,"[(3, 9), (2, 3), (0, 7), (7, 9), (6, 8), (0, 6), (4, 9), (4, 5), (1, 7)]","[1.0, 1.0, 1.0, 1.0, 1.0, 1.0, 1.0, 1.0, 1.0]"
b1f9f301,10,9,1,10.0,False,False,"[1, 1, 1]",6.271621605910759,,,,,,,,,,,2.4062382105416575,,0.3836708210000858,,,,0.31246352195739746,0.31246352195739746,False,,0.0,0.0,,,0.319124698638916,2026-07-19 03:44:28,x86_64,dacsgpu0002,,64,64,3.11.15,0.2,True,False,adam,False,hamqaoa,0.001,False,False,hog,False,True,False,False,False,False,False,1,HOG_graphs/random_graphs_8to14vertices_78instances_20260625_143415_AdjacencyList.txt,False,0,32,1,5,1,,22,"[(3, 9), (2, 3), (0, 7), (7, 9), (6, 8), (0, 6), (4, 9), (4, 5), (1, 7)]","[1.0, 1.0, 1.0, 1.0, 1.0, 1.0, 1.0, 1.0, 1.0]"
bb9d3c16,9,27,1,50.0,False,False,"[1, 1, 1]",11.151517664061469,,,,,,,,,,,2.2210446750395523,,0.199169722180275,,,,2.1150920391082764,2.1150920391082764,False,,0.0,0.0,,,2.121325969696045,2026-07-19 03:44:28,x86_64,dacsgpu0002,,64,64,3.11.15,0.21,False,False,adam,False,hamqaoa,0.001,False,False,hog,False,True,False,False,False,False,False,1,HOG_graphs/random_graphs_8to14vertices_78instances_20260625_143415_AdjacencyList.txt,False,0,32,1,5,1,,20,"[(2, 3), (2, 6), (3, 5), (7, 8), (0, 2), (0, 8), (1, 7), (5, 7), (2, 8), (4, 5), (3, 7), (4, 8), (1, 3), (0, 1), (1, 6), (6, 8), (5, 6), (3, 6), (2, 4), (2, 7), (4, 7), (0, 3), (1, 8), (0, 6), (1, 5), (5, 8), (6, 7)]","[1.0, 1.0, 1.0, 1.0, 1.0, 1.0, 1.0, 1.0, 1.0, 1.0, 1.0, 1.0, 1.0, 1.0, 1.0, 1.0, 1.0, 1.0, 1.0, 1.0, 1.0, 1.0, 1.0, 1.0, 1.0, 1.0, 1.0]"
cbaf82c8,10,9,1,25.0,False,False,"[1, 1, 1]",6.271621605910759,,,,,,,,,,,2.02573307573194,,0.32299988791140805,,,,0.7494158744812012,0.7494158744812012,False,,0.0,0.0,,,0.7559525966644287,2026-07-19 03:44:29,x86_64,dacsgpu0002,,64,64,3.11.15,0.2,True,False,adam,False,hamqaoa,0.001,False,False,hog,False,True,False,False,False,False,False,1,HOG_graphs/random_graphs_8to14vertices_78instances_20260625_143415_AdjacencyList.txt,False,0,32,1,5,1,,22,"[(3, 9), (2, 3), (0, 7), (7, 9), (6, 8), (0, 6), (4, 9), (4, 5), (1, 7)]","[1.0, 1.0, 1.0, 1.0, 1.0, 1.0, 1.0, 1.0, 1.0]"
fa6f8405,10,9,2,10.0,False,False,"[1, 1, 1]",6.271621605910759,,,,,,,,,,,2.37510501100402,,0.37870668229817567,,,,0.8457233905792236,0.8457233905792236,False,,0.0,0.0,,,0.852938175201416,2026-07-19 03:44:29,x86_64,dacsgpu0002,,64,64,3.11.15,0.21,True,False,adam,False,hamqaoa,0.001,False,False,hog,False,True,False,False,False,False,False,1,HOG_graphs/random_graphs_8to14vertices_78instances_20260625_143415_AdjacencyList.txt,False,0,32,1,5,1,,22,"[(3, 9), (2, 3), (0, 7), (7, 9), (6, 8), (0, 6), (4, 9), (4, 5), (1, 7)]","[1.0, 1.0, 1.0, 1.0, 1.0, 1.0, 1.0, 1.0, 1.0]"
572141d8,10,21,1,5.0,False,False,"[1, 1, 1]",10.158893971297971,,,,,,,,,,,5.243605443960818,,0.5161590876699403,,,,0.2149646282196045,0.2149646282196045,False,,0.0,0.0,,,0.22062349319458008,2026-07-19 03:44:29,x86_64,dacsgpu0002,,64,64,3.11.15,0.2,False,False,adam,False,hamqaoa,0.001,False,False,hog,False,True,False,False,False,False,False,1,HOG_graphs/random_graphs_8to14vertices_78instances_20260625_143415_AdjacencyList.txt,False,0,32,1,5,1,,23,"[(4, 6), (0, 5), (1, 7), (6, 9), (4, 5), (2, 5), (4, 8), (8, 9), (1, 3), (0, 1), (1, 6), (6, 8), (5, 9), (3, 6), (2, 4), (4, 7), (7, 9), (0, 6), (1, 5), (0, 9), (5, 8)]","[1.0, 1.0, 1.0, 1.0, 1.0, 1.0, 1.0, 1.0, 1.0, 1.0, 1.0, 1.0, 1.0, 1.0, 1.0, 1.0, 1.0, 1.0, 1.0, 1.0, 1.0]"
a0b7b444,9,27,2,25.0,False,False,"[1, 1, 1]",11.151517664061469,,,,,,,,,,,6.480728747279752,,0.5811521752026191,,,,2.9971115589141846,2.9971115589141846,False,,0.0,0.0,,,3.004110813140869,2026-07-19 03:44:29,x86_64,dacsgpu0002,,64,64,3.11.15,0.21,False,False,adam,False,hamqaoa,0.001,False,False,hog,False,True,False,False,False,False,False,1,HOG_graphs/random_graphs_8to14vertices_78instances_20260625_143415_AdjacencyList.txt,False,0,32,1,5,1,,20,"[(2, 3), (2, 6), (3, 5), (7, 8), (0, 2), (0, 8), (1, 7), (5, 7), (2, 8), (4, 5), (3, 7), (4, 8), (1, 3), (0, 1), (1, 6), (6, 8), (5, 6), (3, 6), (2, 4), (2, 7), (4, 7), (0, 3), (1, 8), (0, 6), (1, 5), (5, 8), (6, 7)]","[1.0, 1.0, 1.0, 1.0, 1.0, 1.0, 1.0, 1.0, 1.0, 1.0, 1.0, 1.0, 1.0, 1.0, 1.0, 1.0, 1.0, 1.0, 1.0, 1.0, 1.0, 1.0, 1.0, 1.0, 1.0, 1.0, 1.0]"
f7f3f777,9,18,2,50.0,False,False,"[1, 1, 1]",9.11474866234564,,,,,,,,,,,4.963145839905844,,0.5445181237316313,,,,5.091115236282349,5.091115236282349,False,,0.0,0.0,,,5.097230672836304,2026-07-19 03:44:29,x86_64,dacsgpu0002,,64,64,3.11.15,0.21,False,False,adam,False,hamqaoa,0.001,False,False,hog,False,True,False,False,False,False,False,1,HOG_graphs/random_graphs_8to14vertices_78instances_20260625_143415_AdjacencyList.txt,False,0,32,1,5,1,,18,"[(1, 3), (0, 1), (2, 7), (2, 3), (0, 4), (5, 7), (0, 7), (3, 5), (4, 6), (1, 2), (1, 8), (0, 6), (3, 4), (5, 6), (6, 8), (7, 8), (0, 8), (6, 7)]","[1.0, 1.0, 1.0, 1.0, 1.0, 1.0, 1.0, 1.0, 1.0, 1.0, 1.0, 1.0, 1.0, 1.0, 1.0, 1.0, 1.0, 1.0]"
d9fa44a3,10,21,2,5.0,False,False,"[1, 1, 1]",10.158893971297971,,,,,,,,,,,4.8951651585346685,,0.4818600501555612,,,,0.542391300201416,0.542391300201416,False,,0.0,0.0,,,0.5510852336883545,2026-07-19 03:44:30,x86_64,dacsgpu0002,,64,64,3.11.15,0.21,False,False,adam,False,hamqaoa,0.001,False,False,hog,False,True,False,False,False,False,False,1,HOG_graphs/random_graphs_8to14vertices_78instances_20260625_143415_AdjacencyList.txt,False,0,32,1,5,1,,23,"[(4, 6), (0, 5), (1, 7), (6, 9), (4, 5), (2, 5), (4, 8), (8, 9), (1, 3), (0, 1), (1, 6), (6, 8), (5, 9), (3, 6), (2, 4), (4, 7), (7, 9), (0, 6), (1, 5), (0, 9), (5, 8)]","[1.0, 1.0, 1.0, 1.0, 1.0, 1.0, 1.0, 1.0, 1.0, 1.0, 1.0, 1.0, 1.0, 1.0, 1.0, 1.0, 1.0, 1.0, 1.0, 1.0, 1.0]"
df67c0bb,10,21,1,10.0,False,False,"[1, 1, 1]",10.158893971297971,,,,,,,,,,,5.288981154274449,,0.5206256871286837,,,,0.4216010570526123,0.4216010570526123,False,,0.0,0.0,,,0.4287533760070801,2026-07-19 03:44:30,x86_64,dacsgpu0002,,64,64,3.11.15,0.2,False,False,adam,False,hamqaoa,0.001,False,False,hog,False,True,False,False,False,False,False,1,HOG_graphs/random_graphs_8to14vertices_78instances_20260625_143415_AdjacencyList.txt,False,0,32,1,5,1,,23,"[(4, 6), (0, 5), (1, 7), (6, 9), (4, 5), (2, 5), (4, 8), (8, 9), (1, 3), (0, 1), (1, 6), (6, 8), (5, 9), (3, 6), (2, 4), (4, 7), (7, 9), (0, 6), (1, 5), (0, 9), (5, 8)]","[1.0, 1.0, 1.0, 1.0, 1.0, 1.0, 1.0, 1.0, 1.0, 1.0, 1.0, 1.0, 1.0, 1.0, 1.0, 1.0, 1.0, 1.0, 1.0, 1.0, 1.0]"
d9b78bb9,9,27,1,50.0,False,False,"[1, 1, 1]",11.165162775970071,,,,,,,,,,,5.285482973217884,,0.4733905881420221,,,,2.1479532718658447,2.1479532718658447,False,,0.0,0.0,,,2.1558234691619873,2026-07-19 03:44:30,x86_64,dacsgpu0002,,64,64,3.11.15,0.2,False,False,adam,False,hamqaoa,0.001,False,False,hog,False,True,False,False,False,False,False,1,HOG_graphs/random_graphs_8to14vertices_78instances_20260625_143415_AdjacencyList.txt,False,0,32,1,5,1,,21,"[(2, 3), (2, 6), (3, 5), (7, 8), (0, 5), (1, 4), (0, 2), (0, 8), (1, 7), (5, 7), (3, 4), (2, 8), (4, 5), (2, 5), (4, 8), (1, 3), (0, 1), (1, 6), (0, 4), (6, 8), (2, 4), (2, 7), (0, 3), (1, 2), (1, 8), (0, 6), (1, 5)]","[1.0, 1.0, 1.0, 1.0, 1.0, 1.0, 1.0, 1.0, 1.0, 1.0, 1.0, 1.0, 1.0, 1.0, 1.0, 1.0, 1.0, 1.0, 1.0, 1.0, 1.0, 1.0, 1.0, 1.0, 1.0, 1.0, 1.0]"
149a8445,10,9,1,50.0,False,False,"[1, 1, 1]",6.271621605910759,,,,,,,,,,,1.4705215205154858,,0.23447229646788267,,,,1.5233213901519775,1.5233213901519775,False,,0.0,0.0,,,1.5297324657440186,2026-07-19 03:44:30,x86_64,dacsgpu0002,,64,64,3.11.15,0.21,True,False,adam,False,hamqaoa,0.001,False,False,hog,False,True,False,False,False,False,False,1,HOG_graphs/random_graphs_8to14vertices_78instances_20260625_143415_AdjacencyList.txt,False,0,32,1,5,1,,22,"[(3, 9), (2, 3), (0, 7), (7, 9), (6, 8), (0, 6), (4, 9), (4, 5), (1, 7)]","[1.0, 1.0, 1.0, 1.0, 1.0, 1.0, 1.0, 1.0, 1.0]"
0f353d82,9,18,2,50.0,False,False,"[1, 1, 1]",8.668163939107135,,,,,,,,,,,4.995585659311332,,0.5763141646148772,,,,4.919354677200317,4.919354677200317,False,,0.0,0.0,,,4.927143335342407,2026-07-19 03:44:30,x86_64,dacsgpu0002,,64,64,3.11.15,0.21,False,False,adam,False,hamqaoa,0.001,False,False,hog,False,True,False,False,False,False,False,1,HOG_graphs/random_graphs_8to14vertices_78instances_20260625_143415_AdjacencyList.txt,False,0,32,1,5,1,,19,"[(2, 7), (2, 3), (1, 6), (4, 7), (0, 7), (0, 3), (4, 6), (1, 2), (1, 8), (0, 6), (3, 4), (2, 8), (5, 6), (6, 7), (0, 5), (1, 4), (2, 4), (1, 7)]","[1.0, 1.0, 1.0, 1.0, 1.0, 1.0, 1.0, 1.0, 1.0, 1.0, 1.0, 1.0, 1.0, 1.0, 1.0, 1.0, 1.0, 1.0]"
c71a0501,10,28,1,5.0,False,False,"[1, 1, 1]",12.658576065675938,,,,,,,,,,,4.696575655758565,,0.3710192703659185,,,,0.23279953002929688,0.23279953002929688,False,,0.0,0.0,,,0.2390458583831787,2026-07-19 03:44:30,x86_64,dacsgpu0002,,64,64,3.11.15,0.21,False,False,adam,False,hamqaoa,0.001,False,False,hog,False,True,False,False,False,False,False,1,HOG_graphs/random_graphs_8to14vertices_78instances_20260625_143415_AdjacencyList.txt,False,0,32,1,5,1,,24,"[(2, 3), (3, 8), (2, 9), (4, 6), (4, 9), (7, 8), (0, 2), (0, 8), (1, 7), (6, 9), (5, 7), (3, 4), (2, 8), (3, 7), (2, 5), (8, 9), (1, 6), (0, 4), (1, 9), (0, 7), (6, 8), (5, 6), (2, 7), (0, 3), (1, 2), (1, 8), (0, 6), (0, 9)]","[1.0, 1.0, 1.0, 1.0, 1.0, 1.0, 1.0, 1.0, 1.0, 1.0, 1.0, 1.0, 1.0, 1.0, 1.0, 1.0, 1.0, 1.0, 1.0, 1.0, 1.0, 1.0, 1.0, 1.0, 1.0, 1.0, 1.0, 1.0]"
d60bb064,9,27,2,25.0,False,False,"[1, 1, 1]",11.165162775970071,,,,,,,,,,,6.4833748973522685,,0.5806789410456193,,,,3.0099174976348877,3.0099174976348877,False,,0.0,0.0,,,3.0168936252593994,2026-07-19 03:44:30,x86_64,dacsgpu0002,,64,64,3.11.15,0.21,False,False,adam,False,hamqaoa,0.001,False,False,hog,False,True,False,False,False,False,False,1,HOG_graphs/random_graphs_8to14vertices_78instances_20260625_143415_AdjacencyList.txt,False,0,32,1,5,1,,21,"[(2, 3), (2, 6), (3, 5), (7, 8), (0, 5), (1, 4), (0, 2), (0, 8), (1, 7), (5, 7), (3, 4), (2, 8), (4, 5), (2, 5), (4, 8), (1, 3), (0, 1), (1, 6), (0, 4), (6, 8), (2, 4), (2, 7), (0, 3), (1, 2), (1, 8), (0, 6), (1, 5)]","[1.0, 1.0, 1.0, 1.0, 1.0, 1.0, 1.0, 1.0, 1.0, 1.0, 1.0, 1.0, 1.0, 1.0, 1.0, 1.0, 1.0, 1.0, 1.0, 1.0, 1.0, 1.0, 1.0, 1.0, 1.0, 1.0, 1.0]"
56bb2868,10,21,2,10.0,False,False,"[1, 1, 1]",10.158893971297971,,,,,,,,,,,5.227963681692691,,0.5146193765249751,,,,1.1534180641174316,1.1534180641174316,False,,0.0,0.0,,,1.1606640815734863,2026-07-19 03:44:31,x86_64,dacsgpu0002,,64,64,3.11.15,0.21,False,False,adam,False,hamqaoa,0.001,False,False,hog,False,True,False,False,False,False,False,1,HOG_graphs/random_graphs_8to14vertices_78instances_20260625_143415_AdjacencyList.txt,False,0,32,1,5,1,,23,"[(4, 6), (0, 5), (1, 7), (6, 9), (4, 5), (2, 5), (4, 8), (8, 9), (1, 3), (0, 1), (1, 6), (6, 8), (5, 9), (3, 6), (2, 4), (4, 7), (7, 9), (0, 6), (1, 5), (0, 9), (5, 8)]","[1.0, 1.0, 1.0, 1.0, 1.0, 1.0, 1.0, 1.0, 1.0, 1.0, 1.0, 1.0, 1.0, 1.0, 1.0, 1.0, 1.0, 1.0, 1.0, 1.0, 1.0]"
e9d4f8a9,10,21,1,25.0,False,False,"[1, 1, 1]",10.158893971297971,,,,,,,,,,,5.535009384888147,,0.5448437005569963,,,,1.051196575164795,1.051196575164795,False,,0.0,0.0,,,1.0582518577575684,2026-07-19 03:44:31,x86_64,dacsgpu0002,,64,64,3.11.15,0.21,False,False,adam,False,hamqaoa,0.001,False,False,hog,False,True,False,False,False,False,False,1,HOG_graphs/random_graphs_8to14vertices_78instances_20260625_143415_AdjacencyList.txt,False,0,32,1,5,1,,23,"[(4, 6), (0, 5), (1, 7), (6, 9), (4, 5), (2, 5), (4, 8), (8, 9), (1, 3), (0, 1), (1, 6), (6, 8), (5, 9), (3, 6), (2, 4), (4, 7), (7, 9), (0, 6), (1, 5), (0, 9), (5, 8)]","[1.0, 1.0, 1.0, 1.0, 1.0, 1.0, 1.0, 1.0, 1.0, 1.0, 1.0, 1.0, 1.0, 1.0, 1.0, 1.0, 1.0, 1.0, 1.0, 1.0, 1.0]"
c81f375d,10,9,2,25.0,False,False,"[1, 1, 1]",6.271621605910759,,,,,,,,,,,1.78540135475099,,0.28467938069929455,,,,2.088362693786621,2.088362693786621,False,,0.0,0.0,,,2.093979835510254,2026-07-19 03:44:31,x86_64,dacsgpu0002,,64,64,3.11.15,0.21,True,False,adam,False,hamqaoa,0.001,False,False,hog,False,True,False,False,False,False,False,1,HOG_graphs/random_graphs_8to14vertices_78instances_20260625_143415_AdjacencyList.txt,False,0,32,1,5,1,,22,"[(3, 9), (2, 3), (0, 7), (7, 9), (6, 8), (0, 6), (4, 9), (4, 5), (1, 7)]","[1.0, 1.0, 1.0, 1.0, 1.0, 1.0, 1.0, 1.0, 1.0]"
63de7f98,10,28,1,10.0,False,False,"[1, 1, 1]",12.658576065675938,,,,,,,,,,,2.8967051305605014,,0.22883341029288387,,,,0.4595646858215332,0.4595646858215332,False,,0.0,0.0,,,0.46587514877319336,2026-07-19 03:44:31,x86_64,dacsgpu0002,,64,64,3.11.15,0.21,False,False,adam,False,hamqaoa,0.001,False,False,hog,False,True,False,False,False,False,False,1,HOG_graphs/random_graphs_8to14vertices_78instances_20260625_143415_AdjacencyList.txt,False,0,32,1,5,1,,24,"[(2, 3), (3, 8), (2, 9), (4, 6), (4, 9), (7, 8), (0, 2), (0, 8), (1, 7), (6, 9), (5, 7), (3, 4), (2, 8), (3, 7), (2, 5), (8, 9), (1, 6), (0, 4), (1, 9), (0, 7), (6, 8), (5, 6), (2, 7), (0, 3), (1, 2), (1, 8), (0, 6), (0, 9)]","[1.0, 1.0, 1.0, 1.0, 1.0, 1.0, 1.0, 1.0, 1.0, 1.0, 1.0, 1.0, 1.0, 1.0, 1.0, 1.0, 1.0, 1.0, 1.0, 1.0, 1.0, 1.0, 1.0, 1.0, 1.0, 1.0, 1.0, 1.0]"
a1189d66,10,28,2,5.0,False,False,"[1, 1, 1]",12.658576065675938,,,,,,,,,,,7.0967682613440175,,0.5606292701899617,,,,0.661449670791626,0.661449670791626,False,,0.0,0.0,,,0.6670370101928711,2026-07-19 03:44:31,x86_64,dacsgpu0002,,64,64,3.11.15,0.21,False,False,adam,False,hamqaoa,0.001,False,False,hog,False,True,False,False,False,False,False,1,HOG_graphs/random_graphs_8to14vertices_78instances_20260625_143415_AdjacencyList.txt,False,0,32,1,5,1,,24,"[(2, 3), (3, 8), (2, 9), (4, 6), (4, 9), (7, 8), (0, 2), (0, 8), (1, 7), (6, 9), (5, 7), (3, 4), (2, 8), (3, 7), (2, 5), (8, 9), (1, 6), (0, 4), (1, 9), (0, 7), (6, 8), (5, 6), (2, 7), (0, 3), (1, 2), (1, 8), (0, 6), (0, 9)]","[1.0, 1.0, 1.0, 1.0, 1.0, 1.0, 1.0, 1.0, 1.0, 1.0, 1.0, 1.0, 1.0, 1.0, 1.0, 1.0, 1.0, 1.0, 1.0, 1.0, 1.0, 1.0, 1.0, 1.0, 1.0, 1.0, 1.0, 1.0]"
1609e63d,10,15,1,5.0,False,False,"[1, 1, 1]",8.907724921400755,,,,,,,,,,,3.3646466163607314,,0.3777223304546808,,,,0.18344378471374512,0.18344378471374512,False,,0.0,0.0,,,0.19045662879943848,2026-07-19 03:44:31,x86_64,dacsgpu0002,,64,64,3.11.15,0.21,False,True,adam,False,hamqaoa,0.001,False,False,hog,False,True,False,False,False,False,False,1,HOG_graphs/random_graphs_8to14vertices_78instances_20260625_143415_AdjacencyList.txt,False,0,32,1,5,1,,25,"[(8, 9), (3, 9), (1, 3), (0, 1), (2, 7), (4, 7), (4, 6), (0, 6), (4, 9), (1, 5), (2, 8), (7, 8), (2, 5), (0, 5), (3, 6)]","[1.0, 1.0, 1.0, 1.0, 1.0, 1.0, 1.0, 1.0, 1.0, 1.0, 1.0, 1.0, 1.0, 1.0, 1.0]"
8ab7f6c1,10,28,1,25.0,False,False,"[1, 1, 1]",12.658576065675938,,,,,,,,,,,6.818948895721366,,0.5386821440534,,,,1.1749420166015625,1.1749420166015625,False,,0.0,0.0,,,1.1813201904296875,2026-07-19 03:44:32,x86_64,dacsgpu0002,,64,64,3.11.15,0.2,False,False,adam,False,hamqaoa,0.001,False,False,hog,False,True,False,False,False,False,False,1,HOG_graphs/random_graphs_8to14vertices_78instances_20260625_143415_AdjacencyList.txt,False,0,32,1,5,1,,24,"[(2, 3), (3, 8), (2, 9), (4, 6), (4, 9), (7, 8), (0, 2), (0, 8), (1, 7), (6, 9), (5, 7), (3, 4), (2, 8), (3, 7), (2, 5), (8, 9), (1, 6), (0, 4), (1, 9), (0, 7), (6, 8), (5, 6), (2, 7), (0, 3), (1, 2), (1, 8), (0, 6), (0, 9)]","[1.0, 1.0, 1.0, 1.0, 1.0, 1.0, 1.0, 1.0, 1.0, 1.0, 1.0, 1.0, 1.0, 1.0, 1.0, 1.0, 1.0, 1.0, 1.0, 1.0, 1.0, 1.0, 1.0, 1.0, 1.0, 1.0, 1.0, 1.0]"
42ede9b9,10,15,2,5.0,False,False,"[1, 1, 1]",8.907724921400755,,,,,,,,,,,2.9072011235292328,,0.3263685339614271,,,,0.4934368133544922,0.4934368133544922,False,,0.0,0.0,,,0.4995403289794922,2026-07-19 03:44:32,x86_64,dacsgpu0002,,64,64,3.11.15,0.2,False,True,adam,False,hamqaoa,0.001,False,False,hog,False,True,False,False,False,False,False,1,HOG_graphs/random_graphs_8to14vertices_78instances_20260625_143415_AdjacencyList.txt,False,0,32,1,5,1,,25,"[(8, 9), (3, 9), (1, 3), (0, 1), (2, 7), (4, 7), (4, 6), (0, 6), (4, 9), (1, 5), (2, 8), (7, 8), (2, 5), (0, 5), (3, 6)]","[1.0, 1.0, 1.0, 1.0, 1.0, 1.0, 1.0, 1.0, 1.0, 1.0, 1.0, 1.0, 1.0, 1.0, 1.0]"
f24720e0,10,15,1,10.0,False,False,"[1, 1, 1]",8.907724921400755,,,,,,,,,,,3.773515706997885,,0.42362283751399155,,,,0.38664960861206055,0.38664960861206055,False,,0.0,0.0,,,0.3943827152252197,2026-07-19 03:44:32,x86_64,dacsgpu0002,,64,64,3.11.15,0.2,False,True,adam,False,hamqaoa,0.001,False,False,hog,False,True,False,False,False,False,False,1,HOG_graphs/random_graphs_8to14vertices_78instances_20260625_143415_AdjacencyList.txt,False,0,32,1,5,1,,25,"[(8, 9), (3, 9), (1, 3), (0, 1), (2, 7), (4, 7), (4, 6), (0, 6), (4, 9), (1, 5), (2, 8), (7, 8), (2, 5), (0, 5), (3, 6)]","[1.0, 1.0, 1.0, 1.0, 1.0, 1.0, 1.0, 1.0, 1.0, 1.0, 1.0, 1.0, 1.0, 1.0, 1.0]"
bcc47d23,10,21,1,50.0,False,False,"[1, 1, 1]",10.158893971297971,,,,,,,,,,,5.251310357352521,,0.516917527851861,,,,2.1097328662872314,2.1097328662872314,False,,0.0,0.0,,,2.115081787109375,2026-07-19 03:44:32,x86_64,dacsgpu0002,,64,64,3.11.15,0.21,False,False,adam,False,hamqaoa,0.001,False,False,hog,False,True,False,False,False,False,False,1,HOG_graphs/random_graphs_8to14vertices_78instances_20260625_143415_AdjacencyList.txt,False,0,32,1,5,1,,23,"[(4, 6), (0, 5), (1, 7), (6, 9), (4, 5), (2, 5), (4, 8), (8, 9), (1, 3), (0, 1), (1, 6), (6, 8), (5, 9), (3, 6), (2, 4), (4, 7), (7, 9), (0, 6), (1, 5), (0, 9), (5, 8)]","[1.0, 1.0, 1.0, 1.0, 1.0, 1.0, 1.0, 1.0, 1.0, 1.0, 1.0, 1.0, 1.0, 1.0, 1.0, 1.0, 1.0, 1.0, 1.0, 1.0, 1.0]"
081539c4,10,28,2,10.0,False,False,"[1, 1, 1]",12.658576065675938,,,,,,,,,,,7.005820289592959,,0.5534445780666774,,,,1.4323844909667969,1.4323844909667969,False,,0.0,0.0,,,1.4388539791107178,2026-07-19 03:44:32,x86_64,dacsgpu0002,,64,64,3.11.15,0.21,False,False,adam,False,hamqaoa,0.001,False,False,hog,False,True,False,False,False,False,False,1,HOG_graphs/random_graphs_8to14vertices_78instances_20260625_143415_AdjacencyList.txt,False,0,32,1,5,1,,24,"[(2, 3), (3, 8), (2, 9), (4, 6), (4, 9), (7, 8), (0, 2), (0, 8), (1, 7), (6, 9), (5, 7), (3, 4), (2, 8), (3, 7), (2, 5), (8, 9), (1, 6), (0, 4), (1, 9), (0, 7), (6, 8), (5, 6), (2, 7), (0, 3), (1, 2), (1, 8), (0, 6), (0, 9)]","[1.0, 1.0, 1.0, 1.0, 1.0, 1.0, 1.0, 1.0, 1.0, 1.0, 1.0, 1.0, 1.0, 1.0, 1.0, 1.0, 1.0, 1.0, 1.0, 1.0, 1.0, 1.0, 1.0, 1.0, 1.0, 1.0, 1.0, 1.0]"
7a193b25,9,27,2,50.0,False,False,"[1, 1, 1]",11.151517664061469,,,,,,,,,,,6.957257534479784,,0.6238843666007249,,,,5.978836297988892,5.978836297988892,False,,0.0,0.0,,,5.984684705734253,2026-07-19 03:44:32,x86_64,dacsgpu0002,,64,64,3.11.15,0.21,False,False,adam,False,hamqaoa,0.001,False,False,hog,False,True,False,False,False,False,False,1,HOG_graphs/random_graphs_8to14vertices_78instances_20260625_143415_AdjacencyList.txt,False,0,32,1,5,1,,20,"[(2, 3), (2, 6), (3, 5), (7, 8), (0, 2), (0, 8), (1, 7), (5, 7), (2, 8), (4, 5), (3, 7), (4, 8), (1, 3), (0, 1), (1, 6), (6, 8), (5, 6), (3, 6), (2, 4), (2, 7), (4, 7), (0, 3), (1, 8), (0, 6), (1, 5), (5, 8), (6, 7)]","[1.0, 1.0, 1.0, 1.0, 1.0, 1.0, 1.0, 1.0, 1.0, 1.0, 1.0, 1.0, 1.0, 1.0, 1.0, 1.0, 1.0, 1.0, 1.0, 1.0, 1.0, 1.0, 1.0, 1.0, 1.0, 1.0, 1.0]"
3cd28fd6,10,21,2,25.0,False,False,"[1, 1, 1]",10.158893971297971,,,,,,,,,,,5.828061781347172,,0.573690580668846,,,,2.923231363296509,2.923231363296509,False,,0.0,0.0,,,2.930777072906494,2026-07-19 03:44:33,x86_64,dacsgpu0002,,64,64,3.11.15,0.21,False,False,adam,False,hamqaoa,0.001,False,False,hog,False,True,False,False,False,False,False,1,HOG_graphs/random_graphs_8to14vertices_78instances_20260625_143415_AdjacencyList.txt,False,0,32,1,5,1,,23,"[(4, 6), (0, 5), (1, 7), (6, 9), (4, 5), (2, 5), (4, 8), (8, 9), (1, 3), (0, 1), (1, 6), (6, 8), (5, 9), (3, 6), (2, 4), (4, 7), (7, 9), (0, 6), (1, 5), (0, 9), (5, 8)]","[1.0, 1.0, 1.0, 1.0, 1.0, 1.0, 1.0, 1.0, 1.0, 1.0, 1.0, 1.0, 1.0, 1.0, 1.0, 1.0, 1.0, 1.0, 1.0, 1.0, 1.0]"
7d514359,10,20,1,5.0,False,False,"[1, 1, 1]",10.572568715049329,,,,,,,,,,,3.4871216445541204,,0.32982728592630867,,,,0.21897411346435547,0.21897411346435547,False,,0.0,0.0,,,0.22545409202575684,2026-07-19 03:44:33,x86_64,dacsgpu0002,,64,64,3.11.15,0.2,False,False,adam,False,hamqaoa,0.001,False,False,hog,False,True,False,False,False,False,False,1,HOG_graphs/random_graphs_8to14vertices_78instances_20260625_143415_AdjacencyList.txt,False,0,32,1,5,1,,26,"[(2, 3), (2, 6), (3, 5), (2, 9), (7, 8), (1, 4), (0, 2), (0, 8), (1, 7), (5, 7), (3, 4), (4, 5), (4, 8), (8, 9), (1, 3), (1, 9), (5, 6), (0, 6), (0, 9), (6, 7)]","[1.0, 1.0, 1.0, 1.0, 1.0, 1.0, 1.0, 1.0, 1.0, 1.0, 1.0, 1.0, 1.0, 1.0, 1.0, 1.0, 1.0, 1.0, 1.0, 1.0]"
2d554060,10,15,2,10.0,False,False,"[1, 1, 1]",8.907724921400755,,,,,,,,,,,2.643085692037581,,0.2967183781896524,,,,0.9542946815490723,0.9542946815490723,False,,0.0,0.0,,,0.9629430770874023,2026-07-19 03:44:33,x86_64,dacsgpu0002,,64,64,3.11.15,0.21,False,True,adam,False,hamqaoa,0.001,False,False,hog,False,True,False,False,False,False,False,1,HOG_graphs/random_graphs_8to14vertices_78instances_20260625_143415_AdjacencyList.txt,False,0,32,1,5,1,,25,"[(8, 9), (3, 9), (1, 3), (0, 1), (2, 7), (4, 7), (4, 6), (0, 6), (4, 9), (1, 5), (2, 8), (7, 8), (2, 5), (0, 5), (3, 6)]","[1.0, 1.0, 1.0, 1.0, 1.0, 1.0, 1.0, 1.0, 1.0, 1.0, 1.0, 1.0, 1.0, 1.0, 1.0]"
bab0acc4,10,15,1,25.0,False,False,"[1, 1, 1]",8.907724921400755,,,,,,,,,,,2.289040440990367,,0.25697251107193053,,,,0.896414041519165,0.896414041519165,False,,0.0,0.0,,,0.9029521942138672,2026-07-19 03:44:33,x86_64,dacsgpu0002,,64,64,3.11.15,0.21,False,True,adam,False,hamqaoa,0.001,False,False,hog,False,True,False,False,False,False,False,1,HOG_graphs/random_graphs_8to14vertices_78instances_20260625_143415_AdjacencyList.txt,False,0,32,1,5,1,,25,"[(8, 9), (3, 9), (1, 3), (0, 1), (2, 7), (4, 7), (4, 6), (0, 6), (4, 9), (1, 5), (2, 8), (7, 8), (2, 5), (0, 5), (3, 6)]","[1.0, 1.0, 1.0, 1.0, 1.0, 1.0, 1.0, 1.0, 1.0, 1.0, 1.0, 1.0, 1.0, 1.0, 1.0]"
d2bcf47e,10,9,2,50.0,False,False,"[1, 1, 1]",6.271621605910759,,,,,,,,,,,2.1246149679426516,,0.3387664469330045,,,,4.2303690910339355,4.2303690910339355,False,,0.0,0.0,,,4.237438440322876,2026-07-19 03:44:33,x86_64,dacsgpu0002,,64,64,3.11.15,0.21,True,False,adam,False,hamqaoa,0.001,False,False,hog,False,True,False,False,False,False,False,1,HOG_graphs/random_graphs_8to14vertices_78instances_20260625_143415_AdjacencyList.txt,False,0,32,1,5,1,,22,"[(3, 9), (2, 3), (0, 7), (7, 9), (6, 8), (0, 6), (4, 9), (4, 5), (1, 7)]","[1.0, 1.0, 1.0, 1.0, 1.0, 1.0, 1.0, 1.0, 1.0]"
f8bf48f0,10,20,1,10.0,False,False,"[1, 1, 1]",10.572568715049329,,,,,,,,,,,2.9435558872701875,,0.2784144484282459,,,,0.4254913330078125,0.4254913330078125,False,,0.0,0.0,,,0.4318962097167969,2026-07-19 03:44:33,x86_64,dacsgpu0002,,64,64,3.11.15,0.2,False,False,adam,False,hamqaoa,0.001,False,False,hog,False,True,False,False,False,False,False,1,HOG_graphs/random_graphs_8to14vertices_78instances_20260625_143415_AdjacencyList.txt,False,0,32,1,5,1,,26,"[(2, 3), (2, 6), (3, 5), (2, 9), (7, 8), (1, 4), (0, 2), (0, 8), (1, 7), (5, 7), (3, 4), (4, 5), (4, 8), (8, 9), (1, 3), (1, 9), (5, 6), (0, 6), (0, 9), (6, 7)]","[1.0, 1.0, 1.0, 1.0, 1.0, 1.0, 1.0, 1.0, 1.0, 1.0, 1.0, 1.0, 1.0, 1.0, 1.0, 1.0, 1.0, 1.0, 1.0, 1.0]"
79019aad,10,20,2,5.0,False,False,"[1, 1, 1]",10.572568715049329,,,,,,,,,,,4.1184773657440275,,0.3895436839187109,,,,0.5526549816131592,0.5526549816131592,False,,0.0,0.0,,,0.5601983070373535,2026-07-19 03:44:33,x86_64,dacsgpu0002,,64,64,3.11.15,0.21,False,False,adam,False,hamqaoa,0.001,False,False,hog,False,True,False,False,False,False,False,1,HOG_graphs/random_graphs_8to14vertices_78instances_20260625_143415_AdjacencyList.txt,False,0,32,1,5,1,,26,"[(2, 3), (2, 6), (3, 5), (2, 9), (7, 8), (1, 4), (0, 2), (0, 8), (1, 7), (5, 7), (3, 4), (4, 5), (4, 8), (8, 9), (1, 3), (1, 9), (5, 6), (0, 6), (0, 9), (6, 7)]","[1.0, 1.0, 1.0, 1.0, 1.0, 1.0, 1.0, 1.0, 1.0, 1.0, 1.0, 1.0, 1.0, 1.0, 1.0, 1.0, 1.0, 1.0, 1.0, 1.0]"
b4ba13c5,10,28,1,50.0,False,False,"[1, 1, 1]",12.658576065675938,,,,,,,,,,,5.630042103168564,,0.44476109113366796,,,,2.4063894748687744,2.4063894748687744,False,,0.0,0.0,,,2.4126265048980713,2026-07-19 03:44:33,x86_64,dacsgpu0002,,64,64,3.11.15,0.21,False,False,adam,False,hamqaoa,0.001,False,False,hog,False,True,False,False,False,False,False,1,HOG_graphs/random_graphs_8to14vertices_78instances_20260625_143415_AdjacencyList.txt,False,0,32,1,5,1,,24,"[(2, 3), (3, 8), (2, 9), (4, 6), (4, 9), (7, 8), (0, 2), (0, 8), (1, 7), (6, 9), (5, 7), (3, 4), (2, 8), (3, 7), (2, 5), (8, 9), (1, 6), (0, 4), (1, 9), (0, 7), (6, 8), (5, 6), (2, 7), (0, 3), (1, 2), (1, 8), (0, 6), (0, 9)]","[1.0, 1.0, 1.0, 1.0, 1.0, 1.0, 1.0, 1.0, 1.0, 1.0, 1.0, 1.0, 1.0, 1.0, 1.0, 1.0, 1.0, 1.0, 1.0, 1.0, 1.0, 1.0, 1.0, 1.0, 1.0, 1.0, 1.0, 1.0]"
25381d2d,9,27,2,50.0,False,False,"[1, 1, 1]",11.165162775970071,,,,,,,,,,,7.080885467642039,,0.6341945576361582,,,,6.012776136398315,6.012776136398315,False,,0.0,0.0,,,6.020719766616821,2026-07-19 03:44:34,x86_64,dacsgpu0002,,64,64,3.11.15,0.21,False,False,adam,False,hamqaoa,0.001,False,False,hog,False,True,False,False,False,False,False,1,HOG_graphs/random_graphs_8to14vertices_78instances_20260625_143415_AdjacencyList.txt,False,0,32,1,5,1,,21,"[(2, 3), (2, 6), (3, 5), (7, 8), (0, 5), (1, 4), (0, 2), (0, 8), (1, 7), (5, 7), (3, 4), (2, 8), (4, 5), (2, 5), (4, 8), (1, 3), (0, 1), (1, 6), (0, 4), (6, 8), (2, 4), (2, 7), (0, 3), (1, 2), (1, 8), (0, 6), (1, 5)]","[1.0, 1.0, 1.0, 1.0, 1.0, 1.0, 1.0, 1.0, 1.0, 1.0, 1.0, 1.0, 1.0, 1.0, 1.0, 1.0, 1.0, 1.0, 1.0, 1.0, 1.0, 1.0, 1.0, 1.0, 1.0, 1.0, 1.0]"
ce392c2e,10,25,1,5.0,False,False,"[1, 1, 1]",12.11824304459066,,,,,,,,,,,2.033522691258442,,0.16780672608857813,,,,0.23914599418640137,0.23914599418640137,False,,0.0,0.0,,,0.24487709999084473,2026-07-19 03:44:34,x86_64,dacsgpu0002,,64,64,3.11.15,0.21,False,False,adam,False,hamqaoa,0.001,False,False,hog,False,True,False,False,False,False,False,1,HOG_graphs/random_graphs_8to14vertices_78instances_20260625_143415_AdjacencyList.txt,False,0,32,1,5,1,,27,"[(2, 6), (2, 9), (4, 6), (7, 8), (0, 5), (1, 7), (6, 9), (3, 4), (2, 8), (4, 5), (2, 5), (4, 8), (1, 3), (0, 1), (1, 9), (0, 7), (6, 8), (3, 6), (3, 9), (2, 7), (4, 7), (0, 3), (1, 5), (0, 9), (5, 8)]","[1.0, 1.0, 1.0, 1.0, 1.0, 1.0, 1.0, 1.0, 1.0, 1.0, 1.0, 1.0, 1.0, 1.0, 1.0, 1.0, 1.0, 1.0, 1.0, 1.0, 1.0, 1.0, 1.0, 1.0, 1.0]"
928418c6,10,20,2,10.0,False,False,"[1, 1, 1]",10.572568715049329,,,,,,,,,,,1.7436353326835563,,0.16492069048476465,,,,1.118363857269287,1.118363857269287,False,,0.0,0.0,,,1.1247317790985107,2026-07-19 03:44:34,x86_64,dacsgpu0002,,64,64,3.11.15,0.21,False,False,adam,False,hamqaoa,0.001,False,False,hog,False,True,False,False,False,False,False,1,HOG_graphs/random_graphs_8to14vertices_78instances_20260625_143415_AdjacencyList.txt,False,0,32,1,5,1,,26,"[(2, 3), (2, 6), (3, 5), (2, 9), (7, 8), (1, 4), (0, 2), (0, 8), (1, 7), (5, 7), (3, 4), (4, 5), (4, 8), (8, 9), (1, 3), (1, 9), (5, 6), (0, 6), (0, 9), (6, 7)]","[1.0, 1.0, 1.0, 1.0, 1.0, 1.0, 1.0, 1.0, 1.0, 1.0, 1.0, 1.0, 1.0, 1.0, 1.0, 1.0, 1.0, 1.0, 1.0, 1.0]"
49541b08,10,20,1,25.0,False,False,"[1, 1, 1]",10.572568715049329,,,,,,,,,,,4.435488197265568,,0.41952796116160057,,,,0.9961457252502441,0.9961457252502441,False,,0.0,0.0,,,1.0031254291534424,2026-07-19 03:44:34,x86_64,dacsgpu0002,,64,64,3.11.15,0.21,False,False,adam,False,hamqaoa,0.001,False,False,hog,False,True,False,False,False,False,False,1,HOG_graphs/random_graphs_8to14vertices_78instances_20260625_143415_AdjacencyList.txt,False,0,32,1,5,1,,26,"[(2, 3), (2, 6), (3, 5), (2, 9), (7, 8), (1, 4), (0, 2), (0, 8), (1, 7), (5, 7), (3, 4), (4, 5), (4, 8), (8, 9), (1, 3), (1, 9), (5, 6), (0, 6), (0, 9), (6, 7)]","[1.0, 1.0, 1.0, 1.0, 1.0, 1.0, 1.0, 1.0, 1.0, 1.0, 1.0, 1.0, 1.0, 1.0, 1.0, 1.0, 1.0, 1.0, 1.0, 1.0]"
af6e79ca,10,15,1,50.0,False,False,"[1, 1, 1]",8.907724921400755,,,,,,,,,,,3.8582270804117687,,0.43313271508220935,,,,1.9025380611419678,1.9025380611419678,False,,0.0,0.0,,,1.9085311889648438,2026-07-19 03:44:34,x86_64,dacsgpu0002,,64,64,3.11.15,0.2,False,True,adam,False,hamqaoa,0.001,False,False,hog,False,True,False,False,False,False,False,1,HOG_graphs/random_graphs_8to14vertices_78instances_20260625_143415_AdjacencyList.txt,False,0,32,1,5,1,,25,"[(8, 9), (3, 9), (1, 3), (0, 1), (2, 7), (4, 7), (4, 6), (0, 6), (4, 9), (1, 5), (2, 8), (7, 8), (2, 5), (0, 5), (3, 6)]","[1.0, 1.0, 1.0, 1.0, 1.0, 1.0, 1.0, 1.0, 1.0, 1.0, 1.0, 1.0, 1.0, 1.0, 1.0]"
1270f083,10,28,2,25.0,False,False,"[1, 1, 1]",12.658576065675938,,,,,,,,,,,6.823225672807731,,0.5390200001490758,,,,3.315976142883301,3.315976142883301,False,,0.0,0.0,,,3.3218190670013428,2026-07-19 03:44:34,x86_64,dacsgpu0002,,64,64,3.11.15,0.21,False,False,adam,False,hamqaoa,0.001,False,False,hog,False,True,False,False,False,False,False,1,HOG_graphs/random_graphs_8to14vertices_78instances_20260625_143415_AdjacencyList.txt,False,0,32,1,5,1,,24,"[(2, 3), (3, 8), (2, 9), (4, 6), (4, 9), (7, 8), (0, 2), (0, 8), (1, 7), (6, 9), (5, 7), (3, 4), (2, 8), (3, 7), (2, 5), (8, 9), (1, 6), (0, 4), (1, 9), (0, 7), (6, 8), (5, 6), (2, 7), (0, 3), (1, 2), (1, 8), (0, 6), (0, 9)]","[1.0, 1.0, 1.0, 1.0, 1.0, 1.0, 1.0, 1.0, 1.0, 1.0, 1.0, 1.0, 1.0, 1.0, 1.0, 1.0, 1.0, 1.0, 1.0, 1.0, 1.0, 1.0, 1.0, 1.0, 1.0, 1.0, 1.0, 1.0]"
d0a2a997,10,25,1,10.0,False,False,"[1, 1, 1]",12.11824304459066,,,,,,,,,,,5.876648280005719,,0.4849422691376814,,,,0.4417572021484375,0.4417572021484375,False,,0.0,0.0,,,0.4477651119232178,2026-07-19 03:44:34,x86_64,dacsgpu0002,,64,64,3.11.15,0.21,False,False,adam,False,hamqaoa,0.001,False,False,hog,False,True,False,False,False,False,False,1,HOG_graphs/random_graphs_8to14vertices_78instances_20260625_143415_AdjacencyList.txt,False,0,32,1,5,1,,27,"[(2, 6), (2, 9), (4, 6), (7, 8), (0, 5), (1, 7), (6, 9), (3, 4), (2, 8), (4, 5), (2, 5), (4, 8), (1, 3), (0, 1), (1, 9), (0, 7), (6, 8), (3, 6), (3, 9), (2, 7), (4, 7), (0, 3), (1, 5), (0, 9), (5, 8)]","[1.0, 1.0, 1.0, 1.0, 1.0, 1.0, 1.0, 1.0, 1.0, 1.0, 1.0, 1.0, 1.0, 1.0, 1.0, 1.0, 1.0, 1.0, 1.0, 1.0, 1.0, 1.0, 1.0, 1.0, 1.0]"
4dd31dfa,10,25,2,5.0,False,False,"[1, 1, 1]",12.11824304459066,,,,,,,,,,,6.555724991223935,,0.5409798241462304,,,,0.587989091873169,0.587989091873169,False,,0.0,0.0,,,0.5946307182312012,2026-07-19 03:44:34,x86_64,dacsgpu0002,,64,64,3.11.15,0.2,False,False,adam,False,hamqaoa,0.001,False,False,hog,False,True,False,False,False,False,False,1,HOG_graphs/random_graphs_8to14vertices_78instances_20260625_143415_AdjacencyList.txt,False,0,32,1,5,1,,27,"[(2, 6), (2, 9), (4, 6), (7, 8), (0, 5), (1, 7), (6, 9), (3, 4), (2, 8), (4, 5), (2, 5), (4, 8), (1, 3), (0, 1), (1, 9), (0, 7), (6, 8), (3, 6), (3, 9), (2, 7), (4, 7), (0, 3), (1, 5), (0, 9), (5, 8)]","[1.0, 1.0, 1.0, 1.0, 1.0, 1.0, 1.0, 1.0, 1.0, 1.0, 1.0, 1.0, 1.0, 1.0, 1.0, 1.0, 1.0, 1.0, 1.0, 1.0, 1.0, 1.0, 1.0, 1.0, 1.0]"
9c573e76,10,15,2,25.0,False,False,"[1, 1, 1]",8.907724921400755,,,,,,,,,,,3.5176659305913156,,0.39490060162726226,,,,2.474545478820801,2.474545478820801,False,,0.0,0.0,,,2.480457305908203,2026-07-19 03:44:34,x86_64,dacsgpu0002,,64,64,3.11.15,0.21,False,True,adam,False,hamqaoa,0.001,False,False,hog,False,True,False,False,False,False,False,1,HOG_graphs/random_graphs_8to14vertices_78instances_20260625_143415_AdjacencyList.txt,False,0,32,1,5,1,,25,"[(8, 9), (3, 9), (1, 3), (0, 1), (2, 7), (4, 7), (4, 6), (0, 6), (4, 9), (1, 5), (2, 8), (7, 8), (2, 5), (0, 5), (3, 6)]","[1.0, 1.0, 1.0, 1.0, 1.0, 1.0, 1.0, 1.0, 1.0, 1.0, 1.0, 1.0, 1.0, 1.0, 1.0]"
25157b5d,10,16,1,5.0,False,False,"[1, 1, 1]",8.15217594877853,,,,,,,,,,,2.7210078021898787,,0.33377687371892134,,,,0.20757794380187988,0.20757794380187988,False,,0.0,0.0,,,0.21419024467468262,2026-07-19 03:44:35,x86_64,dacsgpu0002,,64,64,3.11.15,0.2,False,False,adam,False,hamqaoa,0.001,False,False,hog,False,True,False,False,False,False,False,1,HOG_graphs/random_graphs_8to14vertices_78instances_20260625_143415_AdjacencyList.txt,False,0,32,1,5,1,,28,"[(3, 9), (1, 3), (0, 1), (0, 4), (3, 8), (5, 7), (7, 9), (0, 3), (1, 8), (0, 6), (1, 5), (3, 7), (0, 5), (1, 4), (0, 2), (3, 6)]","[1.0, 1.0, 1.0, 1.0, 1.0, 1.0, 1.0, 1.0, 1.0, 1.0, 1.0, 1.0, 1.0, 1.0, 1.0, 1.0]"
5d2ba9b2,10,25,1,25.0,False,False,"[1, 1, 1]",12.11824304459066,,,,,,,,,,,6.287011884758594,,0.5188055613032939,,,,1.1004939079284668,1.1004939079284668,False,,0.0,0.0,,,1.1082160472869873,2026-07-19 03:44:35,x86_64,dacsgpu0002,,64,64,3.11.15,0.2,False,False,adam,False,hamqaoa,0.001,False,False,hog,False,True,False,False,False,False,False,1,HOG_graphs/random_graphs_8to14vertices_78instances_20260625_143415_AdjacencyList.txt,False,0,32,1,5,1,,27,"[(2, 6), (2, 9), (4, 6), (7, 8), (0, 5), (1, 7), (6, 9), (3, 4), (2, 8), (4, 5), (2, 5), (4, 8), (1, 3), (0, 1), (1, 9), (0, 7), (6, 8), (3, 6), (3, 9), (2, 7), (4, 7), (0, 3), (1, 5), (0, 9), (5, 8)]","[1.0, 1.0, 1.0, 1.0, 1.0, 1.0, 1.0, 1.0, 1.0, 1.0, 1.0, 1.0, 1.0, 1.0, 1.0, 1.0, 1.0, 1.0, 1.0, 1.0, 1.0, 1.0, 1.0, 1.0, 1.0]"
3028fe91,10,25,2,10.0,False,False,"[1, 1, 1]",12.11824304459066,,,,,,,,,,,5.977995308503808,,0.4933054475394653,,,,1.305969476699829,1.305969476699829,False,,0.0,0.0,,,1.3132123947143555,2026-07-19 03:44:35,x86_64,dacsgpu0002,,64,64,3.11.15,0.21,False,False,adam,False,hamqaoa,0.001,False,False,hog,False,True,False,False,False,False,False,1,HOG_graphs/random_graphs_8to14vertices_78instances_20260625_143415_AdjacencyList.txt,False,0,32,1,5,1,,27,"[(2, 6), (2, 9), (4, 6), (7, 8), (0, 5), (1, 7), (6, 9), (3, 4), (2, 8), (4, 5), (2, 5), (4, 8), (1, 3), (0, 1), (1, 9), (0, 7), (6, 8), (3, 6), (3, 9), (2, 7), (4, 7), (0, 3), (1, 5), (0, 9), (5, 8)]","[1.0, 1.0, 1.0, 1.0, 1.0, 1.0, 1.0, 1.0, 1.0, 1.0, 1.0, 1.0, 1.0, 1.0, 1.0, 1.0, 1.0, 1.0, 1.0, 1.0, 1.0, 1.0, 1.0, 1.0, 1.0]"
6dc2bd6c,10,20,1,50.0,False,False,"[1, 1, 1]",10.572568715049329,,,,,,,,,,,5.244818153493467,,0.4960779442395893,,,,2.0632355213165283,2.0632355213165283,False,,0.0,0.0,,,2.0699586868286133,2026-07-19 03:44:35,x86_64,dacsgpu0002,,64,64,3.11.15,0.2,False,False,adam,False,hamqaoa,0.001,False,False,hog,False,True,False,False,False,False,False,1,HOG_graphs/random_graphs_8to14vertices_78instances_20260625_143415_AdjacencyList.txt,False,0,32,1,5,1,,26,"[(2, 3), (2, 6), (3, 5), (2, 9), (7, 8), (1, 4), (0, 2), (0, 8), (1, 7), (5, 7), (3, 4), (4, 5), (4, 8), (8, 9), (1, 3), (1, 9), (5, 6), (0, 6), (0, 9), (6, 7)]","[1.0, 1.0, 1.0, 1.0, 1.0, 1.0, 1.0, 1.0, 1.0, 1.0, 1.0, 1.0, 1.0, 1.0, 1.0, 1.0, 1.0, 1.0, 1.0, 1.0]"
7bc5d780,10,16,1,10.0,False,False,"[1, 1, 1]",8.15217594877853,,,,,,,,,,,4.212940807152572,,0.5167872766269002,,,,0.3757362365722656,0.3757362365722656,False,,0.0,0.0,,,0.3827359676361084,2026-07-19 03:44:35,x86_64,dacsgpu0002,,64,64,3.11.15,0.2,False,False,adam,False,hamqaoa,0.001,False,False,hog,False,True,False,False,False,False,False,1,HOG_graphs/random_graphs_8to14vertices_78instances_20260625_143415_AdjacencyList.txt,False,0,32,1,5,1,,28,"[(3, 9), (1, 3), (0, 1), (0, 4), (3, 8), (5, 7), (7, 9), (0, 3), (1, 8), (0, 6), (1, 5), (3, 7), (0, 5), (1, 4), (0, 2), (3, 6)]","[1.0, 1.0, 1.0, 1.0, 1.0, 1.0, 1.0, 1.0, 1.0, 1.0, 1.0, 1.0, 1.0, 1.0, 1.0, 1.0]"
74d02c1e,10,16,2,5.0,False,False,"[1, 1, 1]",8.15217594877853,,,,,,,,,,,2.771858527121804,,0.3400145610862486,,,,0.5160143375396729,0.5160143375396729,False,,0.0,0.0,,,0.5234181880950928,2026-07-19 03:44:35,x86_64,dacsgpu0002,,64,64,3.11.15,0.2,False,False,adam,False,hamqaoa,0.001,False,False,hog,False,True,False,False,False,False,False,1,HOG_graphs/random_graphs_8to14vertices_78instances_20260625_143415_AdjacencyList.txt,False,0,32,1,5,1,,28,"[(3, 9), (1, 3), (0, 1), (0, 4), (3, 8), (5, 7), (7, 9), (0, 3), (1, 8), (0, 6), (1, 5), (3, 7), (0, 5), (1, 4), (0, 2), (3, 6)]","[1.0, 1.0, 1.0, 1.0, 1.0, 1.0, 1.0, 1.0, 1.0, 1.0, 1.0, 1.0, 1.0, 1.0, 1.0, 1.0]"
191e6d39,10,21,2,50.0,False,False,"[1, 1, 1]",10.158893971297971,,,,,,,,,,,4.733162921583461,,0.4659132121032187,,,,5.819380283355713,5.819380283355713,False,,0.0,0.0,,,5.825021982192993,2026-07-19 03:44:36,x86_64,dacsgpu0002,,64,64,3.11.15,0.21,False,False,adam,False,hamqaoa,0.001,False,False,hog,False,True,False,False,False,False,False,1,HOG_graphs/random_graphs_8to14vertices_78instances_20260625_143415_AdjacencyList.txt,False,0,32,1,5,1,,23,"[(4, 6), (0, 5), (1, 7), (6, 9), (4, 5), (2, 5), (4, 8), (8, 9), (1, 3), (0, 1), (1, 6), (6, 8), (5, 9), (3, 6), (2, 4), (4, 7), (7, 9), (0, 6), (1, 5), (0, 9), (5, 8)]","[1.0, 1.0, 1.0, 1.0, 1.0, 1.0, 1.0, 1.0, 1.0, 1.0, 1.0, 1.0, 1.0, 1.0, 1.0, 1.0, 1.0, 1.0, 1.0, 1.0, 1.0]"
30947455,10,20,2,25.0,False,False,"[1, 1, 1]",10.572568715049329,,,,,,,,,,,4.994886854916724,,0.47243834393876716,,,,2.918541431427002,2.918541431427002,False,,0.0,0.0,,,2.9248740673065186,2026-07-19 03:44:36,x86_64,dacsgpu0002,,64,64,3.11.15,0.21,False,False,adam,False,hamqaoa,0.001,False,False,hog,False,True,False,False,False,False,False,1,HOG_graphs/random_graphs_8to14vertices_78instances_20260625_143415_AdjacencyList.txt,False,0,32,1,5,1,,26,"[(2, 3), (2, 6), (3, 5), (2, 9), (7, 8), (1, 4), (0, 2), (0, 8), (1, 7), (5, 7), (3, 4), (4, 5), (4, 8), (8, 9), (1, 3), (1, 9), (5, 6), (0, 6), (0, 9), (6, 7)]","[1.0, 1.0, 1.0, 1.0, 1.0, 1.0, 1.0, 1.0, 1.0, 1.0, 1.0, 1.0, 1.0, 1.0, 1.0, 1.0, 1.0, 1.0, 1.0, 1.0]"
d0b50b6b,10,21,1,5.0,False,False,"[1, 1, 1]",10.728389772882371,,,,,,,,,,,3.5566460824692157,,0.33151723210683276,,,,0.21353363990783691,0.21353363990783691,False,,0.0,0.0,,,0.22284340858459473,2026-07-19 03:44:36,x86_64,dacsgpu0002,,64,64,3.11.15,0.2,False,False,adam,False,hamqaoa,0.001,False,False,hog,False,True,False,False,False,False,False,1,HOG_graphs/random_graphs_8to14vertices_78instances_20260625_143415_AdjacencyList.txt,False,0,32,1,5,1,,29,"[(4, 6), (4, 9), (7, 8), (0, 5), (1, 4), (0, 2), (5, 7), (3, 7), (2, 5), (4, 8), (0, 1), (0, 4), (6, 8), (5, 6), (2, 4), (3, 9), (4, 7), (0, 3), (0, 6), (1, 5), (0, 9)]","[1.0, 1.0, 1.0, 1.0, 1.0, 1.0, 1.0, 1.0, 1.0, 1.0, 1.0, 1.0, 1.0, 1.0, 1.0, 1.0, 1.0, 1.0, 1.0, 1.0, 1.0]"
7cbe6cf7,10,16,2,10.0,False,False,"[1, 1, 1]",8.15217594877853,,,,,,,,,,,3.7840431245022716,,0.46417584069309115,,,,1.0443065166473389,1.0443065166473389,False,,0.0,0.0,,,1.0508975982666016,2026-07-19 03:44:36,x86_64,dacsgpu0002,,64,64,3.11.15,0.21,False,False,adam,False,hamqaoa,0.001,False,False,hog,False,True,False,False,False,False,False,1,HOG_graphs/random_graphs_8to14vertices_78instances_20260625_143415_AdjacencyList.txt,False,0,32,1,5,1,,28,"[(3, 9), (1, 3), (0, 1), (0, 4), (3, 8), (5, 7), (7, 9), (0, 3), (1, 8), (0, 6), (1, 5), (3, 7), (0, 5), (1, 4), (0, 2), (3, 6)]","[1.0, 1.0, 1.0, 1.0, 1.0, 1.0, 1.0, 1.0, 1.0, 1.0, 1.0, 1.0, 1.0, 1.0, 1.0, 1.0]"
8e67669e,10,16,1,25.0,False,False,"[1, 1, 1]",8.15217594877853,,,,,,,,,,,5.067405414737848,,0.6216015756501325,,,,0.9743397235870361,0.9743397235870361,False,,0.0,0.0,,,0.9805538654327393,2026-07-19 03:44:36,x86_64,dacsgpu0002,,64,64,3.11.15,0.21,False,False,adam,False,hamqaoa,0.001,False,False,hog,False,True,False,False,False,False,False,1,HOG_graphs/random_graphs_8to14vertices_78instances_20260625_143415_AdjacencyList.txt,False,0,32,1,5,1,,28,"[(3, 9), (1, 3), (0, 1), (0, 4), (3, 8), (5, 7), (7, 9), (0, 3), (1, 8), (0, 6), (1, 5), (3, 7), (0, 5), (1, 4), (0, 2), (3, 6)]","[1.0, 1.0, 1.0, 1.0, 1.0, 1.0, 1.0, 1.0, 1.0, 1.0, 1.0, 1.0, 1.0, 1.0, 1.0, 1.0]"
56484b8b,10,21,1,10.0,False,False,"[1, 1, 1]",10.728389772882371,,,,,,,,,,,5.0563475657360675,,0.47130535642140364,,,,0.4141266345977783,0.4141266345977783,False,,0.0,0.0,,,0.4216740131378174,2026-07-19 03:44:37,x86_64,dacsgpu0002,,64,64,3.11.15,0.2,False,False,adam,False,hamqaoa,0.001,False,False,hog,False,True,False,False,False,False,False,1,HOG_graphs/random_graphs_8to14vertices_78instances_20260625_143415_AdjacencyList.txt,False,0,32,1,5,1,,29,"[(4, 6), (4, 9), (7, 8), (0, 5), (1, 4), (0, 2), (5, 7), (3, 7), (2, 5), (4, 8), (0, 1), (0, 4), (6, 8), (5, 6), (2, 4), (3, 9), (4, 7), (0, 3), (0, 6), (1, 5), (0, 9)]","[1.0, 1.0, 1.0, 1.0, 1.0, 1.0, 1.0, 1.0, 1.0, 1.0, 1.0, 1.0, 1.0, 1.0, 1.0, 1.0, 1.0, 1.0, 1.0, 1.0, 1.0]"
31129d49,10,21,2,5.0,False,False,"[1, 1, 1]",10.728389772882371,,,,,,,,,,,5.435569704381704,,0.506652891948513,,,,0.5617637634277344,0.5617637634277344,False,,0.0,0.0,,,0.5689494609832764,2026-07-19 03:44:37,x86_64,dacsgpu0002,,64,64,3.11.15,0.2,False,False,adam,False,hamqaoa,0.001,False,False,hog,False,True,False,False,False,False,False,1,HOG_graphs/random_graphs_8to14vertices_78instances_20260625_143415_AdjacencyList.txt,False,0,32,1,5,1,,29,"[(4, 6), (4, 9), (7, 8), (0, 5), (1, 4), (0, 2), (5, 7), (3, 7), (2, 5), (4, 8), (0, 1), (0, 4), (6, 8), (5, 6), (2, 4), (3, 9), (4, 7), (0, 3), (0, 6), (1, 5), (0, 9)]","[1.0, 1.0, 1.0, 1.0, 1.0, 1.0, 1.0, 1.0, 1.0, 1.0, 1.0, 1.0, 1.0, 1.0, 1.0, 1.0, 1.0, 1.0, 1.0, 1.0, 1.0]"
882618eb,10,25,1,50.0,False,False,"[1, 1, 1]",12.11824304459066,,,,,,,,,,,5.98362402417129,,0.4937699303565511,,,,2.210678815841675,2.210678815841675,False,,0.0,0.0,,,2.2166972160339355,2026-07-19 03:44:37,x86_64,dacsgpu0002,,64,64,3.11.15,0.21,False,False,adam,False,hamqaoa,0.001,False,False,hog,False,True,False,False,False,False,False,1,HOG_graphs/random_graphs_8to14vertices_78instances_20260625_143415_AdjacencyList.txt,False,0,32,1,5,1,,27,"[(2, 6), (2, 9), (4, 6), (7, 8), (0, 5), (1, 7), (6, 9), (3, 4), (2, 8), (4, 5), (2, 5), (4, 8), (1, 3), (0, 1), (1, 9), (0, 7), (6, 8), (3, 6), (3, 9), (2, 7), (4, 7), (0, 3), (1, 5), (0, 9), (5, 8)]","[1.0, 1.0, 1.0, 1.0, 1.0, 1.0, 1.0, 1.0, 1.0, 1.0, 1.0, 1.0, 1.0, 1.0, 1.0, 1.0, 1.0, 1.0, 1.0, 1.0, 1.0, 1.0, 1.0, 1.0, 1.0]"
447c03f9,10,20,1,5.0,False,False,"[1, 1, 1]",10.007511103462296,,,,,,,,,,,1.2395258184565026,,0.12385954965642398,,,,0.20449566841125488,0.20449566841125488,False,,0.0,0.0,,,0.21092891693115234,2026-07-19 03:44:37,x86_64,dacsgpu0002,,64,64,3.11.15,0.2,False,False,adam,False,hamqaoa,0.001,False,False,hog,False,True,False,False,False,False,False,1,HOG_graphs/random_graphs_8to14vertices_78instances_20260625_143415_AdjacencyList.txt,False,0,32,1,5,1,,30,"[(2, 3), (3, 5), (4, 6), (7, 8), (0, 2), (0, 8), (1, 7), (5, 7), (3, 4), (4, 5), (8, 9), (1, 3), (0, 1), (6, 8), (2, 4), (7, 9), (1, 2), (1, 5), (0, 9), (6, 7)]","[1.0, 1.0, 1.0, 1.0, 1.0, 1.0, 1.0, 1.0, 1.0, 1.0, 1.0, 1.0, 1.0, 1.0, 1.0, 1.0, 1.0, 1.0, 1.0, 1.0]"
2b4d0f32,10,15,2,50.0,False,False,"[1, 1, 1]",8.907724921400755,,,,,,,,,,,3.0836222860757303,,0.34617394601705165,,,,4.987668752670288,4.987668752670288,False,,0.0,0.0,,,4.995161771774292,2026-07-19 03:44:37,x86_64,dacsgpu0002,,64,64,3.11.15,0.21,False,True,adam,False,hamqaoa,0.001,False,False,hog,False,True,False,False,False,False,False,1,HOG_graphs/random_graphs_8to14vertices_78instances_20260625_143415_AdjacencyList.txt,False,0,32,1,5,1,,25,"[(8, 9), (3, 9), (1, 3), (0, 1), (2, 7), (4, 7), (4, 6), (0, 6), (4, 9), (1, 5), (2, 8), (7, 8), (2, 5), (0, 5), (3, 6)]","[1.0, 1.0, 1.0, 1.0, 1.0, 1.0, 1.0, 1.0, 1.0, 1.0, 1.0, 1.0, 1.0, 1.0, 1.0]"
2bbe3dfd,10,21,2,10.0,False,False,"[1, 1, 1]",10.728389772882371,,,,,,,,,,,4.832687199589313,,0.4504578321534012,,,,1.125685453414917,1.125685453414917,False,,0.0,0.0,,,1.132272720336914,2026-07-19 03:44:37,x86_64,dacsgpu0002,,64,64,3.11.15,0.21,False,False,adam,False,hamqaoa,0.001,False,False,hog,False,True,False,False,False,False,False,1,HOG_graphs/random_graphs_8to14vertices_78instances_20260625_143415_AdjacencyList.txt,False,0,32,1,5,1,,29,"[(4, 6), (4, 9), (7, 8), (0, 5), (1, 4), (0, 2), (5, 7), (3, 7), (2, 5), (4, 8), (0, 1), (0, 4), (6, 8), (5, 6), (2, 4), (3, 9), (4, 7), (0, 3), (0, 6), (1, 5), (0, 9)]","[1.0, 1.0, 1.0, 1.0, 1.0, 1.0, 1.0, 1.0, 1.0, 1.0, 1.0, 1.0, 1.0, 1.0, 1.0, 1.0, 1.0, 1.0, 1.0, 1.0, 1.0]"
13f034d9,10,25,2,25.0,False,False,"[1, 1, 1]",12.11824304459066,,,,,,,,,,,4.937444366150007,,0.4074389619008329,,,,3.133049964904785,3.133049964904785,False,,0.0,0.0,,,3.1412203311920166,2026-07-19 03:44:37,x86_64,dacsgpu0002,,64,64,3.11.15,0.21,False,False,adam,False,hamqaoa,0.001,False,False,hog,False,True,False,False,False,False,False,1,HOG_graphs/random_graphs_8to14vertices_78instances_20260625_143415_AdjacencyList.txt,False,0,32,1,5,1,,27,"[(2, 6), (2, 9), (4, 6), (7, 8), (0, 5), (1, 7), (6, 9), (3, 4), (2, 8), (4, 5), (2, 5), (4, 8), (1, 3), (0, 1), (1, 9), (0, 7), (6, 8), (3, 6), (3, 9), (2, 7), (4, 7), (0, 3), (1, 5), (0, 9), (5, 8)]","[1.0, 1.0, 1.0, 1.0, 1.0, 1.0, 1.0, 1.0, 1.0, 1.0, 1.0, 1.0, 1.0, 1.0, 1.0, 1.0, 1.0, 1.0, 1.0, 1.0, 1.0, 1.0, 1.0, 1.0, 1.0]"
b99c2f33,10,21,1,25.0,False,False,"[1, 1, 1]",10.728389772882371,,,,,,,,,,,1.5628015109890188,,0.14566971783027832,,,,1.0005836486816406,1.0005836486816406,False,,0.0,0.0,,,1.0059680938720703,2026-07-19 03:44:37,x86_64,dacsgpu0002,,64,64,3.11.15,0.2,False,False,adam,False,hamqaoa,0.001,False,False,hog,False,True,False,False,False,False,False,1,HOG_graphs/random_graphs_8to14vertices_78instances_20260625_143415_AdjacencyList.txt,False,0,32,1,5,1,,29,"[(4, 6), (4, 9), (7, 8), (0, 5), (1, 4), (0, 2), (5, 7), (3, 7), (2, 5), (4, 8), (0, 1), (0, 4), (6, 8), (5, 6), (2, 4), (3, 9), (4, 7), (0, 3), (0, 6), (1, 5), (0, 9)]","[1.0, 1.0, 1.0, 1.0, 1.0, 1.0, 1.0, 1.0, 1.0, 1.0, 1.0, 1.0, 1.0, 1.0, 1.0, 1.0, 1.0, 1.0, 1.0, 1.0, 1.0]"
bce09b9d,10,16,1,50.0,False,False,"[1, 1, 1]",8.15217594877853,,,,,,,,,,,3.552286173162293,,0.4357469950945484,,,,1.946532964706421,1.946532964706421,False,,0.0,0.0,,,1.9537558555603027,2026-07-19 03:44:37,x86_64,dacsgpu0002,,64,64,3.11.15,0.2,False,False,adam,False,hamqaoa,0.001,False,False,hog,False,True,False,False,False,False,False,1,HOG_graphs/random_graphs_8to14vertices_78instances_20260625_143415_AdjacencyList.txt,False,0,32,1,5,1,,28,"[(3, 9), (1, 3), (0, 1), (0, 4), (3, 8), (5, 7), (7, 9), (0, 3), (1, 8), (0, 6), (1, 5), (3, 7), (0, 5), (1, 4), (0, 2), (3, 6)]","[1.0, 1.0, 1.0, 1.0, 1.0, 1.0, 1.0, 1.0, 1.0, 1.0, 1.0, 1.0, 1.0, 1.0, 1.0, 1.0]"
48d7e587,10,20,1,10.0,False,False,"[1, 1, 1]",10.007511103462296,,,,,,,,,,,3.9074308807491054,,0.39044981717754507,,,,0.40781664848327637,0.40781664848327637,False,,0.0,0.0,,,0.4142637252807617,2026-07-19 03:44:38,x86_64,dacsgpu0002,,64,64,3.11.15,0.21,False,False,adam,False,hamqaoa,0.001,False,False,hog,False,True,False,False,False,False,False,1,HOG_graphs/random_graphs_8to14vertices_78instances_20260625_143415_AdjacencyList.txt,False,0,32,1,5,1,,30,"[(2, 3), (3, 5), (4, 6), (7, 8), (0, 2), (0, 8), (1, 7), (5, 7), (3, 4), (4, 5), (8, 9), (1, 3), (0, 1), (6, 8), (2, 4), (7, 9), (1, 2), (1, 5), (0, 9), (6, 7)]","[1.0, 1.0, 1.0, 1.0, 1.0, 1.0, 1.0, 1.0, 1.0, 1.0, 1.0, 1.0, 1.0, 1.0, 1.0, 1.0, 1.0, 1.0, 1.0, 1.0]"
5704a4eb,10,20,2,5.0,False,False,"[1, 1, 1]",10.007511103462296,,,,,,,,,,,5.017597116695479,,0.5013831176224769,,,,0.5492599010467529,0.5492599010467529,False,,0.0,0.0,,,0.5566480159759521,2026-07-19 03:44:38,x86_64,dacsgpu0002,,64,64,3.11.15,0.21,False,False,adam,False,hamqaoa,0.001,False,False,hog,False,True,False,False,False,False,False,1,HOG_graphs/random_graphs_8to14vertices_78instances_20260625_143415_AdjacencyList.txt,False,0,32,1,5,1,,30,"[(2, 3), (3, 5), (4, 6), (7, 8), (0, 2), (0, 8), (1, 7), (5, 7), (3, 4), (4, 5), (8, 9), (1, 3), (0, 1), (6, 8), (2, 4), (7, 9), (1, 2), (1, 5), (0, 9), (6, 7)]","[1.0, 1.0, 1.0, 1.0, 1.0, 1.0, 1.0, 1.0, 1.0, 1.0, 1.0, 1.0, 1.0, 1.0, 1.0, 1.0, 1.0, 1.0, 1.0, 1.0]"
b17ecb2d,10,28,2,50.0,False,False,"[1, 1, 1]",12.658576065675938,,,,,,,,,,,7.5725876612430625,,0.598217968747396,,,,6.7306272983551025,6.7306272983551025,False,,0.0,0.0,,,6.736600637435913,2026-07-19 03:44:38,x86_64,dacsgpu0002,,64,64,3.11.15,0.21,False,False,adam,False,hamqaoa,0.001,False,False,hog,False,True,False,False,False,False,False,1,HOG_graphs/random_graphs_8to14vertices_78instances_20260625_143415_AdjacencyList.txt,False,0,32,1,5,1,,24,"[(2, 3), (3, 8), (2, 9), (4, 6), (4, 9), (7, 8), (0, 2), (0, 8), (1, 7), (6, 9), (5, 7), (3, 4), (2, 8), (3, 7), (2, 5), (8, 9), (1, 6), (0, 4), (1, 9), (0, 7), (6, 8), (5, 6), (2, 7), (0, 3), (1, 2), (1, 8), (0, 6), (0, 9)]","[1.0, 1.0, 1.0, 1.0, 1.0, 1.0, 1.0, 1.0, 1.0, 1.0, 1.0, 1.0, 1.0, 1.0, 1.0, 1.0, 1.0, 1.0, 1.0, 1.0, 1.0, 1.0, 1.0, 1.0, 1.0, 1.0, 1.0, 1.0]"
474aeabf,10,16,2,25.0,False,False,"[1, 1, 1]",8.15217594877853,,,,,,,,,,,4.554431689915977,,0.5586768144520218,,,,2.627002239227295,2.627002239227295,False,,0.0,0.0,,,2.6373493671417236,2026-07-19 03:44:38,x86_64,dacsgpu0002,,64,64,3.11.15,0.21,False,False,adam,False,hamqaoa,0.001,False,False,hog,False,True,False,False,False,False,False,1,HOG_graphs/random_graphs_8to14vertices_78instances_20260625_143415_AdjacencyList.txt,False,0,32,1,5,1,,28,"[(3, 9), (1, 3), (0, 1), (0, 4), (3, 8), (5, 7), (7, 9), (0, 3), (1, 8), (0, 6), (1, 5), (3, 7), (0, 5), (1, 4), (0, 2), (3, 6)]","[1.0, 1.0, 1.0, 1.0, 1.0, 1.0, 1.0, 1.0, 1.0, 1.0, 1.0, 1.0, 1.0, 1.0, 1.0, 1.0]"
b05f1354,10,20,2,10.0,False,False,"[1, 1, 1]",10.007511103462296,,,,,,,,,,,2.3628354475268285,,0.236106202940845,,,,1.1343846321105957,1.1343846321105957,False,,0.0,0.0,,,1.1413154602050781,2026-07-19 03:44:39,x86_64,dacsgpu0002,,64,64,3.11.15,0.21,False,False,adam,False,hamqaoa,0.001,False,False,hog,False,True,False,False,False,False,False,1,HOG_graphs/random_graphs_8to14vertices_78instances_20260625_143415_AdjacencyList.txt,False,0,32,1,5,1,,30,"[(2, 3), (3, 5), (4, 6), (7, 8), (0, 2), (0, 8), (1, 7), (5, 7), (3, 4), (4, 5), (8, 9), (1, 3), (0, 1), (6, 8), (2, 4), (7, 9), (1, 2), (1, 5), (0, 9), (6, 7)]","[1.0, 1.0, 1.0, 1.0, 1.0, 1.0, 1.0, 1.0, 1.0, 1.0, 1.0, 1.0, 1.0, 1.0, 1.0, 1.0, 1.0, 1.0, 1.0, 1.0]"
7054718f,10,20,1,25.0,False,False,"[1, 1, 1]",10.007511103462296,,,,,,,,,,,5.82987701784396,,0.5825501423452829,,,,1.008467435836792,1.008467435836792,False,,0.0,0.0,,,1.0157122611999512,2026-07-19 03:44:39,x86_64,dacsgpu0002,,64,64,3.11.15,0.2,False,False,adam,False,hamqaoa,0.001,False,False,hog,False,True,False,False,False,False,False,1,HOG_graphs/random_graphs_8to14vertices_78instances_20260625_143415_AdjacencyList.txt,False,0,32,1,5,1,,30,"[(2, 3), (3, 5), (4, 6), (7, 8), (0, 2), (0, 8), (1, 7), (5, 7), (3, 4), (4, 5), (8, 9), (1, 3), (0, 1), (6, 8), (2, 4), (7, 9), (1, 2), (1, 5), (0, 9), (6, 7)]","[1.0, 1.0, 1.0, 1.0, 1.0, 1.0, 1.0, 1.0, 1.0, 1.0, 1.0, 1.0, 1.0, 1.0, 1.0, 1.0, 1.0, 1.0, 1.0, 1.0]"
440388de,10,20,1,5.0,False,False,"[1, 1, 1]",10.194364037160504,,,,,,,,,,,4.952948469919546,,0.4858516384018713,,,,0.21597981452941895,0.21597981452941895,False,,0.0,0.0,,,0.2226872444152832,2026-07-19 03:44:39,x86_64,dacsgpu0002,,64,64,3.11.15,0.2,False,False,adam,False,hamqaoa,0.001,False,False,hog,False,True,False,False,False,False,False,1,HOG_graphs/random_graphs_8to14vertices_78instances_20260625_143415_AdjacencyList.txt,False,0,32,1,5,1,,31,"[(3, 5), (4, 6), (0, 2), (6, 9), (5, 7), (3, 4), (2, 8), (4, 5), (8, 9), (1, 3), (0, 1), (1, 6), (1, 9), (6, 8), (5, 6), (2, 4), (7, 9), (1, 2), (5, 8), (6, 7)]","[1.0, 1.0, 1.0, 1.0, 1.0, 1.0, 1.0, 1.0, 1.0, 1.0, 1.0, 1.0, 1.0, 1.0, 1.0, 1.0, 1.0, 1.0, 1.0, 1.0]"
712a0d4b,10,21,1,50.0,False,False,"[1, 1, 1]",10.728389772882371,,,,,,,,,,,5.182104482156106,,0.48302723818393134,,,,2.1131772994995117,2.1131772994995117,False,,0.0,0.0,,,2.1186788082122803,2026-07-19 03:44:39,x86_64,dacsgpu0002,,64,64,3.11.15,0.21,False,False,adam,False,hamqaoa,0.001,False,False,hog,False,True,False,False,False,False,False,1,HOG_graphs/random_graphs_8to14vertices_78instances_20260625_143415_AdjacencyList.txt,False,0,32,1,5,1,,29,"[(4, 6), (4, 9), (7, 8), (0, 5), (1, 4), (0, 2), (5, 7), (3, 7), (2, 5), (4, 8), (0, 1), (0, 4), (6, 8), (5, 6), (2, 4), (3, 9), (4, 7), (0, 3), (0, 6), (1, 5), (0, 9)]","[1.0, 1.0, 1.0, 1.0, 1.0, 1.0, 1.0, 1.0, 1.0, 1.0, 1.0, 1.0, 1.0, 1.0, 1.0, 1.0, 1.0, 1.0, 1.0, 1.0, 1.0]"
144ce0a7,10,20,1,10.0,False,False,"[1, 1, 1]",10.194364037160504,,,,,,,,,,,4.911567865420256,,0.481792473519349,,,,0.4127464294433594,0.4127464294433594,False,,0.0,0.0,,,0.41969990730285645,2026-07-19 03:44:39,x86_64,dacsgpu0002,,64,64,3.11.15,0.2,False,False,adam,False,hamqaoa,0.001,False,False,hog,False,True,False,False,False,False,False,1,HOG_graphs/random_graphs_8to14vertices_78instances_20260625_143415_AdjacencyList.txt,False,0,32,1,5,1,,31,"[(3, 5), (4, 6), (0, 2), (6, 9), (5, 7), (3, 4), (2, 8), (4, 5), (8, 9), (1, 3), (0, 1), (1, 6), (1, 9), (6, 8), (5, 6), (2, 4), (7, 9), (1, 2), (5, 8), (6, 7)]","[1.0, 1.0, 1.0, 1.0, 1.0, 1.0, 1.0, 1.0, 1.0, 1.0, 1.0, 1.0, 1.0, 1.0, 1.0, 1.0, 1.0, 1.0, 1.0, 1.0]"
9ea634f8,10,20,2,5.0,False,False,"[1, 1, 1]",10.194364037160504,,,,,,,,,,,5.1186337894442335,,0.5021042774993895,,,,0.5631039142608643,0.5631039142608643,False,,0.0,0.0,,,0.5706188678741455,2026-07-19 03:44:39,x86_64,dacsgpu0002,,64,64,3.11.15,0.2,False,False,adam,False,hamqaoa,0.001,False,False,hog,False,True,False,False,False,False,False,1,HOG_graphs/random_graphs_8to14vertices_78instances_20260625_143415_AdjacencyList.txt,False,0,32,1,5,1,,31,"[(3, 5), (4, 6), (0, 2), (6, 9), (5, 7), (3, 4), (2, 8), (4, 5), (8, 9), (1, 3), (0, 1), (1, 6), (1, 9), (6, 8), (5, 6), (2, 4), (7, 9), (1, 2), (5, 8), (6, 7)]","[1.0, 1.0, 1.0, 1.0, 1.0, 1.0, 1.0, 1.0, 1.0, 1.0, 1.0, 1.0, 1.0, 1.0, 1.0, 1.0, 1.0, 1.0, 1.0, 1.0]"
74f00eaf,10,20,2,50.0,False,False,"[1, 1, 1]",10.572568715049329,,,,,,,,,,,5.506783223552175,,0.520855751517949,,,,5.744608163833618,5.744608163833618,False,,0.0,0.0,,,5.754784107208252,2026-07-19 03:44:39,x86_64,dacsgpu0002,,64,64,3.11.15,0.21,False,False,adam,False,hamqaoa,0.001,False,False,hog,False,True,False,False,False,False,False,1,HOG_graphs/random_graphs_8to14vertices_78instances_20260625_143415_AdjacencyList.txt,False,0,32,1,5,1,,26,"[(2, 3), (2, 6), (3, 5), (2, 9), (7, 8), (1, 4), (0, 2), (0, 8), (1, 7), (5, 7), (3, 4), (4, 5), (4, 8), (8, 9), (1, 3), (1, 9), (5, 6), (0, 6), (0, 9), (6, 7)]","[1.0, 1.0, 1.0, 1.0, 1.0, 1.0, 1.0, 1.0, 1.0, 1.0, 1.0, 1.0, 1.0, 1.0, 1.0, 1.0, 1.0, 1.0, 1.0, 1.0]"
7269d5c5,10,21,2,25.0,False,False,"[1, 1, 1]",10.728389772882371,,,,,,,,,,,5.025947009297966,,0.46847170131735966,,,,2.9102447032928467,2.9102447032928467,False,,0.0,0.0,,,2.91642165184021,2026-07-19 03:44:39,x86_64,dacsgpu0002,,64,64,3.11.15,0.21,False,False,adam,False,hamqaoa,0.001,False,False,hog,False,True,False,False,False,False,False,1,HOG_graphs/random_graphs_8to14vertices_78instances_20260625_143415_AdjacencyList.txt,False,0,32,1,5,1,,29,"[(4, 6), (4, 9), (7, 8), (0, 5), (1, 4), (0, 2), (5, 7), (3, 7), (2, 5), (4, 8), (0, 1), (0, 4), (6, 8), (5, 6), (2, 4), (3, 9), (4, 7), (0, 3), (0, 6), (1, 5), (0, 9)]","[1.0, 1.0, 1.0, 1.0, 1.0, 1.0, 1.0, 1.0, 1.0, 1.0, 1.0, 1.0, 1.0, 1.0, 1.0, 1.0, 1.0, 1.0, 1.0, 1.0, 1.0]"
1122d6d9,10,20,2,10.0,False,False,"[1, 1, 1]",10.194364037160504,,,,,,,,,,,4.947617067634562,,0.4853286629356676,,,,1.0821688175201416,1.0821688175201416,False,,0.0,0.0,,,1.0889110565185547,2026-07-19 03:44:40,x86_64,dacsgpu0002,,64,64,3.11.15,0.21,False,False,adam,False,hamqaoa,0.001,False,False,hog,False,True,False,False,False,False,False,1,HOG_graphs/random_graphs_8to14vertices_78instances_20260625_143415_AdjacencyList.txt,False,0,32,1,5,1,,31,"[(3, 5), (4, 6), (0, 2), (6, 9), (5, 7), (3, 4), (2, 8), (4, 5), (8, 9), (1, 3), (0, 1), (1, 6), (1, 9), (6, 8), (5, 6), (2, 4), (7, 9), (1, 2), (5, 8), (6, 7)]","[1.0, 1.0, 1.0, 1.0, 1.0, 1.0, 1.0, 1.0, 1.0, 1.0, 1.0, 1.0, 1.0, 1.0, 1.0, 1.0, 1.0, 1.0, 1.0, 1.0]"
67ddde9d,10,20,1,25.0,False,False,"[1, 1, 1]",10.194364037160504,,,,,,,,,,,5.860859846248964,,0.5749117674123616,,,,0.9940736293792725,0.9940736293792725,False,,0.0,0.0,,,1.0005643367767334,2026-07-19 03:44:40,x86_64,dacsgpu0002,,64,64,3.11.15,0.2,False,False,adam,False,hamqaoa,0.001,False,False,hog,False,True,False,False,False,False,False,1,HOG_graphs/random_graphs_8to14vertices_78instances_20260625_143415_AdjacencyList.txt,False,0,32,1,5,1,,31,"[(3, 5), (4, 6), (0, 2), (6, 9), (5, 7), (3, 4), (2, 8), (4, 5), (8, 9), (1, 3), (0, 1), (1, 6), (1, 9), (6, 8), (5, 6), (2, 4), (7, 9), (1, 2), (5, 8), (6, 7)]","[1.0, 1.0, 1.0, 1.0, 1.0, 1.0, 1.0, 1.0, 1.0, 1.0, 1.0, 1.0, 1.0, 1.0, 1.0, 1.0, 1.0, 1.0, 1.0, 1.0]"
61f59739,10,30,1,5.0,False,False,"[1, 1, 1]",13.11746614058643,,,,,,,,,,,7.515149636014643,,0.5729116854940607,,,,0.27082371711730957,0.27082371711730957,False,,0.0,0.0,,,0.27794909477233887,2026-07-19 03:44:40,x86_64,dacsgpu0002,,64,64,3.11.15,0.2,False,False,adam,False,hamqaoa,0.001,False,False,hog,False,True,False,False,False,False,False,1,HOG_graphs/random_graphs_8to14vertices_78instances_20260625_143415_AdjacencyList.txt,False,0,32,1,5,1,,32,"[(2, 3), (3, 5), (2, 9), (4, 6), (7, 8), (0, 5), (1, 4), (0, 8), (6, 9), (5, 7), (3, 4), (4, 5), (4, 8), (8, 9), (1, 3), (0, 1), (1, 9), (0, 7), (5, 6), (3, 6), (2, 4), (2, 7), (4, 7), (7, 9), (0, 3), (1, 2), (1, 8), (0, 6), (0, 9), (6, 7)]","[1.0, 1.0, 1.0, 1.0, 1.0, 1.0, 1.0, 1.0, 1.0, 1.0, 1.0, 1.0, 1.0, 1.0, 1.0, 1.0, 1.0, 1.0, 1.0, 1.0, 1.0, 1.0, 1.0, 1.0, 1.0, 1.0, 1.0, 1.0, 1.0, 1.0]"
5f7d8574,10,20,1,50.0,False,False,"[1, 1, 1]",10.007511103462296,,,,,,,,,,,5.117268021793351,,0.511342727366341,,,,2.0768675804138184,2.0768675804138184,False,,0.0,0.0,,,2.083616256713867,2026-07-19 03:44:40,x86_64,dacsgpu0002,,64,64,3.11.15,0.21,False,False,adam,False,hamqaoa,0.001,False,False,hog,False,True,False,False,False,False,False,1,HOG_graphs/random_graphs_8to14vertices_78instances_20260625_143415_AdjacencyList.txt,False,0,32,1,5,1,,30,"[(2, 3), (3, 5), (4, 6), (7, 8), (0, 2), (0, 8), (1, 7), (5, 7), (3, 4), (4, 5), (8, 9), (1, 3), (0, 1), (6, 8), (2, 4), (7, 9), (1, 2), (1, 5), (0, 9), (6, 7)]","[1.0, 1.0, 1.0, 1.0, 1.0, 1.0, 1.0, 1.0, 1.0, 1.0, 1.0, 1.0, 1.0, 1.0, 1.0, 1.0, 1.0, 1.0, 1.0, 1.0]"
aa245c43,10,30,1,10.0,False,False,"[1, 1, 1]",13.11746614058643,,,,,,,,,,,2.958450394408638,,0.22553520342278371,,,,0.49491381645202637,0.49491381645202637,False,,0.0,0.0,,,0.5020651817321777,2026-07-19 03:44:40,x86_64,dacsgpu0002,,64,64,3.11.15,0.2,False,False,adam,False,hamqaoa,0.001,False,False,hog,False,True,False,False,False,False,False,1,HOG_graphs/random_graphs_8to14vertices_78instances_20260625_143415_AdjacencyList.txt,False,0,32,1,5,1,,32,"[(2, 3), (3, 5), (2, 9), (4, 6), (7, 8), (0, 5), (1, 4), (0, 8), (6, 9), (5, 7), (3, 4), (4, 5), (4, 8), (8, 9), (1, 3), (0, 1), (1, 9), (0, 7), (5, 6), (3, 6), (2, 4), (2, 7), (4, 7), (7, 9), (0, 3), (1, 2), (1, 8), (0, 6), (0, 9), (6, 7)]","[1.0, 1.0, 1.0, 1.0, 1.0, 1.0, 1.0, 1.0, 1.0, 1.0, 1.0, 1.0, 1.0, 1.0, 1.0, 1.0, 1.0, 1.0, 1.0, 1.0, 1.0, 1.0, 1.0, 1.0, 1.0, 1.0, 1.0, 1.0, 1.0, 1.0]"
e2360ca0,10,30,2,5.0,False,False,"[1, 1, 1]",13.11746614058643,,,,,,,,,,,7.355668349895337,,0.5607537516057575,,,,0.6988701820373535,0.6988701820373535,False,,0.0,0.0,,,0.7066969871520996,2026-07-19 03:44:40,x86_64,dacsgpu0002,,64,64,3.11.15,0.2,False,False,adam,False,hamqaoa,0.001,False,False,hog,False,True,False,False,False,False,False,1,HOG_graphs/random_graphs_8to14vertices_78instances_20260625_143415_AdjacencyList.txt,False,0,32,1,5,1,,32,"[(2, 3), (3, 5), (2, 9), (4, 6), (7, 8), (0, 5), (1, 4), (0, 8), (6, 9), (5, 7), (3, 4), (4, 5), (4, 8), (8, 9), (1, 3), (0, 1), (1, 9), (0, 7), (5, 6), (3, 6), (2, 4), (2, 7), (4, 7), (7, 9), (0, 3), (1, 2), (1, 8), (0, 6), (0, 9), (6, 7)]","[1.0, 1.0, 1.0, 1.0, 1.0, 1.0, 1.0, 1.0, 1.0, 1.0, 1.0, 1.0, 1.0, 1.0, 1.0, 1.0, 1.0, 1.0, 1.0, 1.0, 1.0, 1.0, 1.0, 1.0, 1.0, 1.0, 1.0, 1.0, 1.0, 1.0]"
9858833a,10,20,2,25.0,False,False,"[1, 1, 1]",10.007511103462296,,,,,,,,,,,5.359833820608689,,0.5355811015542464,,,,2.8438684940338135,2.8438684940338135,False,,0.0,0.0,,,2.8512585163116455,2026-07-19 03:44:41,x86_64,dacsgpu0002,,64,64,3.11.15,0.21,False,False,adam,False,hamqaoa,0.001,False,False,hog,False,True,False,False,False,False,False,1,HOG_graphs/random_graphs_8to14vertices_78instances_20260625_143415_AdjacencyList.txt,False,0,32,1,5,1,,30,"[(2, 3), (3, 5), (4, 6), (7, 8), (0, 2), (0, 8), (1, 7), (5, 7), (3, 4), (4, 5), (8, 9), (1, 3), (0, 1), (6, 8), (2, 4), (7, 9), (1, 2), (1, 5), (0, 9), (6, 7)]","[1.0, 1.0, 1.0, 1.0, 1.0, 1.0, 1.0, 1.0, 1.0, 1.0, 1.0, 1.0, 1.0, 1.0, 1.0, 1.0, 1.0, 1.0, 1.0, 1.0]"
0dabeef0,10,30,1,5.0,False,False,"[1, 1, 1]",13.183472067497764,,,,,,,,,,,7.452542612127601,,0.5652943757131274,,,,0.2613637447357178,0.2613637447357178,False,,0.0,0.0,,,0.26931285858154297,2026-07-19 03:44:41,x86_64,dacsgpu0002,,64,64,3.11.15,0.2,False,False,adam,False,hamqaoa,0.001,False,False,hog,False,True,False,False,False,False,False,1,HOG_graphs/random_graphs_8to14vertices_78instances_20260625_143415_AdjacencyList.txt,False,0,32,1,5,1,,33,"[(2, 3), (3, 8), (2, 6), (3, 5), (7, 8), (1, 4), (0, 2), (6, 9), (3, 4), (2, 8), (4, 5), (3, 7), (2, 5), (4, 8), (8, 9), (1, 3), (1, 6), (1, 9), (0, 7), (6, 8), (5, 6), (5, 9), (2, 4), (3, 9), (7, 9), (0, 3), (0, 6), (1, 5), (0, 9), (6, 7)]","[1.0, 1.0, 1.0, 1.0, 1.0, 1.0, 1.0, 1.0, 1.0, 1.0, 1.0, 1.0, 1.0, 1.0, 1.0, 1.0, 1.0, 1.0, 1.0, 1.0, 1.0, 1.0, 1.0, 1.0, 1.0, 1.0, 1.0, 1.0, 1.0, 1.0]"
b075ba91,10,25,2,50.0,False,False,"[1, 1, 1]",12.11824304459066,,,,,,,,,,,6.086405088579614,,0.5022514457074256,,,,6.34197735786438,6.34197735786438,False,,0.0,0.0,,,6.348488092422485,2026-07-19 03:44:41,x86_64,dacsgpu0002,,64,64,3.11.15,0.21,False,False,adam,False,hamqaoa,0.001,False,False,hog,False,True,False,False,False,False,False,1,HOG_graphs/random_graphs_8to14vertices_78instances_20260625_143415_AdjacencyList.txt,False,0,32,1,5,1,,27,"[(2, 6), (2, 9), (4, 6), (7, 8), (0, 5), (1, 7), (6, 9), (3, 4), (2, 8), (4, 5), (2, 5), (4, 8), (1, 3), (0, 1), (1, 9), (0, 7), (6, 8), (3, 6), (3, 9), (2, 7), (4, 7), (0, 3), (1, 5), (0, 9), (5, 8)]","[1.0, 1.0, 1.0, 1.0, 1.0, 1.0, 1.0, 1.0, 1.0, 1.0, 1.0, 1.0, 1.0, 1.0, 1.0, 1.0, 1.0, 1.0, 1.0, 1.0, 1.0, 1.0, 1.0, 1.0, 1.0]"
1d9796b9,10,16,2,50.0,False,False,"[1, 1, 1]",8.15217594877853,,,,,,,,,,,4.3023249947726265,,0.5277517342369505,,,,5.184951305389404,5.184951305389404,False,,0.0,0.0,,,5.19151759147644,2026-07-19 03:44:41,x86_64,dacsgpu0002,,64,64,3.11.15,0.21,False,False,adam,False,hamqaoa,0.001,False,False,hog,False,True,False,False,False,False,False,1,HOG_graphs/random_graphs_8to14vertices_78instances_20260625_143415_AdjacencyList.txt,False,0,32,1,5,1,,28,"[(3, 9), (1, 3), (0, 1), (0, 4), (3, 8), (5, 7), (7, 9), (0, 3), (1, 8), (0, 6), (1, 5), (3, 7), (0, 5), (1, 4), (0, 2), (3, 6)]","[1.0, 1.0, 1.0, 1.0, 1.0, 1.0, 1.0, 1.0, 1.0, 1.0, 1.0, 1.0, 1.0, 1.0, 1.0, 1.0]"
a84c06c0,10,30,1,25.0,False,False,"[1, 1, 1]",13.11746614058643,,,,,,,,,,,7.985186281467429,,0.6087445697123364,,,,1.231825828552246,1.231825828552246,False,,0.0,0.0,,,1.2388572692871094,2026-07-19 03:44:41,x86_64,dacsgpu0002,,64,64,3.11.15,0.21,False,False,adam,False,hamqaoa,0.001,False,False,hog,False,True,False,False,False,False,False,1,HOG_graphs/random_graphs_8to14vertices_78instances_20260625_143415_AdjacencyList.txt,False,0,32,1,5,1,,32,"[(2, 3), (3, 5), (2, 9), (4, 6), (7, 8), (0, 5), (1, 4), (0, 8), (6, 9), (5, 7), (3, 4), (4, 5), (4, 8), (8, 9), (1, 3), (0, 1), (1, 9), (0, 7), (5, 6), (3, 6), (2, 4), (2, 7), (4, 7), (7, 9), (0, 3), (1, 2), (1, 8), (0, 6), (0, 9), (6, 7)]","[1.0, 1.0, 1.0, 1.0, 1.0, 1.0, 1.0, 1.0, 1.0, 1.0, 1.0, 1.0, 1.0, 1.0, 1.0, 1.0, 1.0, 1.0, 1.0, 1.0, 1.0, 1.0, 1.0, 1.0, 1.0, 1.0, 1.0, 1.0, 1.0, 1.0]"
c73fdff9,10,30,2,10.0,False,False,"[1, 1, 1]",13.11746614058643,,,,,,,,,,,7.547031390554657,,0.5753421666707088,,,,1.4138247966766357,1.4138247966766357,False,,0.0,0.0,,,1.4200043678283691,2026-07-19 03:44:41,x86_64,dacsgpu0002,,64,64,3.11.15,0.21,False,False,adam,False,hamqaoa,0.001,False,False,hog,False,True,False,False,False,False,False,1,HOG_graphs/random_graphs_8to14vertices_78instances_20260625_143415_AdjacencyList.txt,False,0,32,1,5,1,,32,"[(2, 3), (3, 5), (2, 9), (4, 6), (7, 8), (0, 5), (1, 4), (0, 8), (6, 9), (5, 7), (3, 4), (4, 5), (4, 8), (8, 9), (1, 3), (0, 1), (1, 9), (0, 7), (5, 6), (3, 6), (2, 4), (2, 7), (4, 7), (7, 9), (0, 3), (1, 2), (1, 8), (0, 6), (0, 9), (6, 7)]","[1.0, 1.0, 1.0, 1.0, 1.0, 1.0, 1.0, 1.0, 1.0, 1.0, 1.0, 1.0, 1.0, 1.0, 1.0, 1.0, 1.0, 1.0, 1.0, 1.0, 1.0, 1.0, 1.0, 1.0, 1.0, 1.0, 1.0, 1.0, 1.0, 1.0]"
b536b6c3,10,30,1,10.0,False,False,"[1, 1, 1]",13.183472067497764,,,,,,,,,,,6.1085466380723545,,0.4633488512584047,,,,0.5231649875640869,0.5231649875640869,False,,0.0,0.0,,,0.5290570259094238,2026-07-19 03:44:41,x86_64,dacsgpu0002,,64,64,3.11.15,0.2,False,False,adam,False,hamqaoa,0.001,False,False,hog,False,True,False,False,False,False,False,1,HOG_graphs/random_graphs_8to14vertices_78instances_20260625_143415_AdjacencyList.txt,False,0,32,1,5,1,,33,"[(2, 3), (3, 8), (2, 6), (3, 5), (7, 8), (1, 4), (0, 2), (6, 9), (3, 4), (2, 8), (4, 5), (3, 7), (2, 5), (4, 8), (8, 9), (1, 3), (1, 6), (1, 9), (0, 7), (6, 8), (5, 6), (5, 9), (2, 4), (3, 9), (7, 9), (0, 3), (0, 6), (1, 5), (0, 9), (6, 7)]","[1.0, 1.0, 1.0, 1.0, 1.0, 1.0, 1.0, 1.0, 1.0, 1.0, 1.0, 1.0, 1.0, 1.0, 1.0, 1.0, 1.0, 1.0, 1.0, 1.0, 1.0, 1.0, 1.0, 1.0, 1.0, 1.0, 1.0, 1.0, 1.0, 1.0]"
d6a8cfff,10,30,2,5.0,False,False,"[1, 1, 1]",13.183472067497764,,,,,,,,,,,7.5805524243879505,,0.5750042466488683,,,,0.6748108863830566,0.6748108863830566,False,,0.0,0.0,,,0.6841349601745605,2026-07-19 03:44:41,x86_64,dacsgpu0002,,64,64,3.11.15,0.21,False,False,adam,False,hamqaoa,0.001,False,False,hog,False,True,False,False,False,False,False,1,HOG_graphs/random_graphs_8to14vertices_78instances_20260625_143415_AdjacencyList.txt,False,0,32,1,5,1,,33,"[(2, 3), (3, 8), (2, 6), (3, 5), (7, 8), (1, 4), (0, 2), (6, 9), (3, 4), (2, 8), (4, 5), (3, 7), (2, 5), (4, 8), (8, 9), (1, 3), (1, 6), (1, 9), (0, 7), (6, 8), (5, 6), (5, 9), (2, 4), (3, 9), (7, 9), (0, 3), (0, 6), (1, 5), (0, 9), (6, 7)]","[1.0, 1.0, 1.0, 1.0, 1.0, 1.0, 1.0, 1.0, 1.0, 1.0, 1.0, 1.0, 1.0, 1.0, 1.0, 1.0, 1.0, 1.0, 1.0, 1.0, 1.0, 1.0, 1.0, 1.0, 1.0, 1.0, 1.0, 1.0, 1.0, 1.0]"
aadc6e7d,10,20,1,50.0,False,False,"[1, 1, 1]",10.194364037160504,,,,,,,,,,,4.9997041185259565,,0.4904380597260438,,,,2.0338222980499268,2.0338222980499268,False,,0.0,0.0,,,2.040794849395752,2026-07-19 03:44:41,x86_64,dacsgpu0002,,64,64,3.11.15,0.2,False,False,adam,False,hamqaoa,0.001,False,False,hog,False,True,False,False,False,False,False,1,HOG_graphs/random_graphs_8to14vertices_78instances_20260625_143415_AdjacencyList.txt,False,0,32,1,5,1,,31,"[(3, 5), (4, 6), (0, 2), (6, 9), (5, 7), (3, 4), (2, 8), (4, 5), (8, 9), (1, 3), (0, 1), (1, 6), (1, 9), (6, 8), (5, 6), (2, 4), (7, 9), (1, 2), (5, 8), (6, 7)]","[1.0, 1.0, 1.0, 1.0, 1.0, 1.0, 1.0, 1.0, 1.0, 1.0, 1.0, 1.0, 1.0, 1.0, 1.0, 1.0, 1.0, 1.0, 1.0, 1.0]"
b35fb489,10,20,2,25.0,False,False,"[1, 1, 1]",10.194364037160504,,,,,,,,,,,4.773948808145818,,0.4682929499813638,,,,2.867048501968384,2.867048501968384,False,,0.0,0.0,,,2.873851776123047,2026-07-19 03:44:42,x86_64,dacsgpu0002,,64,64,3.11.15,0.21,False,False,adam,False,hamqaoa,0.001,False,False,hog,False,True,False,False,False,False,False,1,HOG_graphs/random_graphs_8to14vertices_78instances_20260625_143415_AdjacencyList.txt,False,0,32,1,5,1,,31,"[(3, 5), (4, 6), (0, 2), (6, 9), (5, 7), (3, 4), (2, 8), (4, 5), (8, 9), (1, 3), (0, 1), (1, 6), (1, 9), (6, 8), (5, 6), (2, 4), (7, 9), (1, 2), (5, 8), (6, 7)]","[1.0, 1.0, 1.0, 1.0, 1.0, 1.0, 1.0, 1.0, 1.0, 1.0, 1.0, 1.0, 1.0, 1.0, 1.0, 1.0, 1.0, 1.0, 1.0, 1.0]"
e8b1a5ad,11,14,1,5.0,False,False,"[1, 1, 1]",7.910386739873229,,,,,,,,,,,3.0623643610500286,,0.38713206594739835,,,,0.1818101406097412,0.1818101406097412,False,,0.0,0.0,,,0.1883392333984375,2026-07-19 03:44:42,x86_64,dacsgpu0002,,64,64,3.11.15,0.21,False,False,adam,False,hamqaoa,0.001,False,False,hog,False,True,False,False,False,False,False,1,HOG_graphs/random_graphs_8to14vertices_78instances_20260625_143415_AdjacencyList.txt,False,0,32,1,5,1,,34,"[(3, 9), (0, 4), (0, 10), (1, 9), (2, 9), (7, 8), (5, 9), (0, 9), (7, 10), (4, 8), (6, 10), (1, 10), (0, 8), (6, 7)]","[1.0, 1.0, 1.0, 1.0, 1.0, 1.0, 1.0, 1.0, 1.0, 1.0, 1.0, 1.0, 1.0, 1.0]"
ac531d01,10,30,1,25.0,False,False,"[1, 1, 1]",13.183472067497764,,,,,,,,,,,7.594866161762584,,0.5760899801568053,,,,1.1647017002105713,1.1647017002105713,False,,0.0,0.0,,,1.1725351810455322,2026-07-19 03:44:42,x86_64,dacsgpu0002,,64,64,3.11.15,0.21,False,False,adam,False,hamqaoa,0.001,False,False,hog,False,True,False,False,False,False,False,1,HOG_graphs/random_graphs_8to14vertices_78instances_20260625_143415_AdjacencyList.txt,False,0,32,1,5,1,,33,"[(2, 3), (3, 8), (2, 6), (3, 5), (7, 8), (1, 4), (0, 2), (6, 9), (3, 4), (2, 8), (4, 5), (3, 7), (2, 5), (4, 8), (8, 9), (1, 3), (1, 6), (1, 9), (0, 7), (6, 8), (5, 6), (5, 9), (2, 4), (3, 9), (7, 9), (0, 3), (0, 6), (1, 5), (0, 9), (6, 7)]","[1.0, 1.0, 1.0, 1.0, 1.0, 1.0, 1.0, 1.0, 1.0, 1.0, 1.0, 1.0, 1.0, 1.0, 1.0, 1.0, 1.0, 1.0, 1.0, 1.0, 1.0, 1.0, 1.0, 1.0, 1.0, 1.0, 1.0, 1.0, 1.0, 1.0]"
3880c91a,11,14,1,10.0,False,False,"[1, 1, 1]",7.910386739873229,,,,,,,,,,,2.953357429528176,,0.37335183811449224,,,,0.4275088310241699,0.4275088310241699,False,,0.0,0.0,,,0.43431901931762695,2026-07-19 03:44:42,x86_64,dacsgpu0002,,64,64,3.11.15,0.2,False,False,adam,False,hamqaoa,0.001,False,False,hog,False,True,False,False,False,False,False,1,HOG_graphs/random_graphs_8to14vertices_78instances_20260625_143415_AdjacencyList.txt,False,0,32,1,5,1,,34,"[(3, 9), (0, 4), (0, 10), (1, 9), (2, 9), (7, 8), (5, 9), (0, 9), (7, 10), (4, 8), (6, 10), (1, 10), (0, 8), (6, 7)]","[1.0, 1.0, 1.0, 1.0, 1.0, 1.0, 1.0, 1.0, 1.0, 1.0, 1.0, 1.0, 1.0, 1.0]"
8996531d,11,14,2,5.0,False,False,"[1, 1, 1]",7.910386739873229,,,,,,,,,,,3.382140621646408,,0.42755692393626377,,,,0.5628924369812012,0.5628924369812012,False,,0.0,0.0,,,0.5697228908538818,2026-07-19 03:44:42,x86_64,dacsgpu0002,,64,64,3.11.15,0.21,False,False,adam,False,hamqaoa,0.001,False,False,hog,False,True,False,False,False,False,False,1,HOG_graphs/random_graphs_8to14vertices_78instances_20260625_143415_AdjacencyList.txt,False,0,32,1,5,1,,34,"[(3, 9), (0, 4), (0, 10), (1, 9), (2, 9), (7, 8), (5, 9), (0, 9), (7, 10), (4, 8), (6, 10), (1, 10), (0, 8), (6, 7)]","[1.0, 1.0, 1.0, 1.0, 1.0, 1.0, 1.0, 1.0, 1.0, 1.0, 1.0, 1.0, 1.0, 1.0]"
098fae0e,10,30,2,10.0,False,False,"[1, 1, 1]",13.183472067497764,,,,,,,,,,,7.165558505728761,,0.5435258988711,,,,1.481905221939087,1.481905221939087,False,,0.0,0.0,,,1.4889519214630127,2026-07-19 03:44:43,x86_64,dacsgpu0002,,64,64,3.11.15,0.21,False,False,adam,False,hamqaoa,0.001,False,False,hog,False,True,False,False,False,False,False,1,HOG_graphs/random_graphs_8to14vertices_78instances_20260625_143415_AdjacencyList.txt,False,0,32,1,5,1,,33,"[(2, 3), (3, 8), (2, 6), (3, 5), (7, 8), (1, 4), (0, 2), (6, 9), (3, 4), (2, 8), (4, 5), (3, 7), (2, 5), (4, 8), (8, 9), (1, 3), (1, 6), (1, 9), (0, 7), (6, 8), (5, 6), (5, 9), (2, 4), (3, 9), (7, 9), (0, 3), (0, 6), (1, 5), (0, 9), (6, 7)]","[1.0, 1.0, 1.0, 1.0, 1.0, 1.0, 1.0, 1.0, 1.0, 1.0, 1.0, 1.0, 1.0, 1.0, 1.0, 1.0, 1.0, 1.0, 1.0, 1.0, 1.0, 1.0, 1.0, 1.0, 1.0, 1.0, 1.0, 1.0, 1.0, 1.0]"
e124eb87,10,21,2,50.0,False,False,"[1, 1, 1]",10.728389772882371,,,,,,,,,,,5.158416596312447,,0.4808192753539889,,,,5.8224780559539795,5.8224780559539795,False,,0.0,0.0,,,5.830016851425171,2026-07-19 03:44:43,x86_64,dacsgpu0002,,64,64,3.11.15,0.21,False,False,adam,False,hamqaoa,0.001,False,False,hog,False,True,False,False,False,False,False,1,HOG_graphs/random_graphs_8to14vertices_78instances_20260625_143415_AdjacencyList.txt,False,0,32,1,5,1,,29,"[(4, 6), (4, 9), (7, 8), (0, 5), (1, 4), (0, 2), (5, 7), (3, 7), (2, 5), (4, 8), (0, 1), (0, 4), (6, 8), (5, 6), (2, 4), (3, 9), (4, 7), (0, 3), (0, 6), (1, 5), (0, 9)]","[1.0, 1.0, 1.0, 1.0, 1.0, 1.0, 1.0, 1.0, 1.0, 1.0, 1.0, 1.0, 1.0, 1.0, 1.0, 1.0, 1.0, 1.0, 1.0, 1.0, 1.0]"
83486aa6,10,30,1,50.0,False,False,"[1, 1, 1]",13.11746614058643,,,,,,,,,,,1.480911843794457,,0.11289618192437365,,,,2.476637125015259,2.476637125015259,False,,0.0,0.0,,,2.483372926712036,2026-07-19 03:44:43,x86_64,dacsgpu0002,,64,64,3.11.15,0.2,False,False,adam,False,hamqaoa,0.001,False,False,hog,False,True,False,False,False,False,False,1,HOG_graphs/random_graphs_8to14vertices_78instances_20260625_143415_AdjacencyList.txt,False,0,32,1,5,1,,32,"[(2, 3), (3, 5), (2, 9), (4, 6), (7, 8), (0, 5), (1, 4), (0, 8), (6, 9), (5, 7), (3, 4), (4, 5), (4, 8), (8, 9), (1, 3), (0, 1), (1, 9), (0, 7), (5, 6), (3, 6), (2, 4), (2, 7), (4, 7), (7, 9), (0, 3), (1, 2), (1, 8), (0, 6), (0, 9), (6, 7)]","[1.0, 1.0, 1.0, 1.0, 1.0, 1.0, 1.0, 1.0, 1.0, 1.0, 1.0, 1.0, 1.0, 1.0, 1.0, 1.0, 1.0, 1.0, 1.0, 1.0, 1.0, 1.0, 1.0, 1.0, 1.0, 1.0, 1.0, 1.0, 1.0, 1.0]"
4cb02fb3,11,25,1,5.0,False,False,"[1, 1, 1]",11.640646219934219,,,,,,,,,,,5.892694797599873,,0.5062171537786991,,,,0.26607418060302734,0.26607418060302734,False,,0.0,0.0,,,0.27318239212036133,2026-07-19 03:44:43,x86_64,dacsgpu0002,,64,64,3.11.15,0.21,False,False,adam,False,hamqaoa,0.001,False,False,hog,False,True,False,False,False,False,False,1,HOG_graphs/random_graphs_8to14vertices_78instances_20260625_143415_AdjacencyList.txt,False,0,32,1,5,1,,35,"[(2, 3), (2, 6), (4, 9), (0, 5), (0, 2), (0, 8), (1, 7), (5, 7), (4, 5), (2, 5), (0, 1), (1, 6), (0, 7), (6, 8), (5, 6), (5, 9), (2, 4), (3, 9), (2, 7), (4, 10), (7, 9), (0, 3), (0, 6), (5, 8), (6, 7)]","[1.0, 1.0, 1.0, 1.0, 1.0, 1.0, 1.0, 1.0, 1.0, 1.0, 1.0, 1.0, 1.0, 1.0, 1.0, 1.0, 1.0, 1.0, 1.0, 1.0, 1.0, 1.0, 1.0, 1.0, 1.0]"
d8be35d0,11,14,1,25.0,False,False,"[1, 1, 1]",7.910386739873229,,,,,,,,,,,3.9390174192383625,,0.49795509989205516,,,,0.97078537940979,0.97078537940979,False,,0.0,0.0,,,0.976942777633667,2026-07-19 03:44:43,x86_64,dacsgpu0002,,64,64,3.11.15,0.21,False,False,adam,False,hamqaoa,0.001,False,False,hog,False,True,False,False,False,False,False,1,HOG_graphs/random_graphs_8to14vertices_78instances_20260625_143415_AdjacencyList.txt,False,0,32,1,5,1,,34,"[(3, 9), (0, 4), (0, 10), (1, 9), (2, 9), (7, 8), (5, 9), (0, 9), (7, 10), (4, 8), (6, 10), (1, 10), (0, 8), (6, 7)]","[1.0, 1.0, 1.0, 1.0, 1.0, 1.0, 1.0, 1.0, 1.0, 1.0, 1.0, 1.0, 1.0, 1.0]"
73342228,11,14,2,10.0,False,False,"[1, 1, 1]",7.910386739873229,,,,,,,,,,,4.056642878794741,,0.5128248481640927,,,,1.089094638824463,1.089094638824463,False,,0.0,0.0,,,1.0960638523101807,2026-07-19 03:44:43,x86_64,dacsgpu0002,,64,64,3.11.15,0.21,False,False,adam,False,hamqaoa,0.001,False,False,hog,False,True,False,False,False,False,False,1,HOG_graphs/random_graphs_8to14vertices_78instances_20260625_143415_AdjacencyList.txt,False,0,32,1,5,1,,34,"[(3, 9), (0, 4), (0, 10), (1, 9), (2, 9), (7, 8), (5, 9), (0, 9), (7, 10), (4, 8), (6, 10), (1, 10), (0, 8), (6, 7)]","[1.0, 1.0, 1.0, 1.0, 1.0, 1.0, 1.0, 1.0, 1.0, 1.0, 1.0, 1.0, 1.0, 1.0]"
3788f935,10,30,2,25.0,False,False,"[1, 1, 1]",13.11746614058643,,,,,,,,,,,8.279543053798836,,0.6311846331496375,,,,3.4455740451812744,3.4455740451812744,False,,0.0,0.0,,,3.4543397426605225,2026-07-19 03:44:44,x86_64,dacsgpu0002,,64,64,3.11.15,0.21,False,False,adam,False,hamqaoa,0.001,False,False,hog,False,True,False,False,False,False,False,1,HOG_graphs/random_graphs_8to14vertices_78instances_20260625_143415_AdjacencyList.txt,False,0,32,1,5,1,,32,"[(2, 3), (3, 5), (2, 9), (4, 6), (7, 8), (0, 5), (1, 4), (0, 8), (6, 9), (5, 7), (3, 4), (4, 5), (4, 8), (8, 9), (1, 3), (0, 1), (1, 9), (0, 7), (5, 6), (3, 6), (2, 4), (2, 7), (4, 7), (7, 9), (0, 3), (1, 2), (1, 8), (0, 6), (0, 9), (6, 7)]","[1.0, 1.0, 1.0, 1.0, 1.0, 1.0, 1.0, 1.0, 1.0, 1.0, 1.0, 1.0, 1.0, 1.0, 1.0, 1.0, 1.0, 1.0, 1.0, 1.0, 1.0, 1.0, 1.0, 1.0, 1.0, 1.0, 1.0, 1.0, 1.0, 1.0]"
60714087,11,25,1,10.0,False,False,"[1, 1, 1]",11.640646219934219,,,,,,,,,,,5.896183799174418,,0.5065168795420825,,,,0.516676664352417,0.516676664352417,False,,0.0,0.0,,,0.5236654281616211,2026-07-19 03:44:44,x86_64,dacsgpu0002,,64,64,3.11.15,0.2,False,False,adam,False,hamqaoa,0.001,False,False,hog,False,True,False,False,False,False,False,1,HOG_graphs/random_graphs_8to14vertices_78instances_20260625_143415_AdjacencyList.txt,False,0,32,1,5,1,,35,"[(2, 3), (2, 6), (4, 9), (0, 5), (0, 2), (0, 8), (1, 7), (5, 7), (4, 5), (2, 5), (0, 1), (1, 6), (0, 7), (6, 8), (5, 6), (5, 9), (2, 4), (3, 9), (2, 7), (4, 10), (7, 9), (0, 3), (0, 6), (5, 8), (6, 7)]","[1.0, 1.0, 1.0, 1.0, 1.0, 1.0, 1.0, 1.0, 1.0, 1.0, 1.0, 1.0, 1.0, 1.0, 1.0, 1.0, 1.0, 1.0, 1.0, 1.0, 1.0, 1.0, 1.0, 1.0, 1.0]"
a7fcc652,10,20,2,50.0,False,False,"[1, 1, 1]",10.007511103462296,,,,,,,,,,,5.0434584920818955,,0.5039673141443742,,,,5.671361684799194,5.671361684799194,False,,0.0,0.0,,,5.681821584701538,2026-07-19 03:44:44,x86_64,dacsgpu0002,,64,64,3.11.15,0.21,False,False,adam,False,hamqaoa,0.001,False,False,hog,False,True,False,False,False,False,False,1,HOG_graphs/random_graphs_8to14vertices_78instances_20260625_143415_AdjacencyList.txt,False,0,32,1,5,1,,30,"[(2, 3), (3, 5), (4, 6), (7, 8), (0, 2), (0, 8), (1, 7), (5, 7), (3, 4), (4, 5), (8, 9), (1, 3), (0, 1), (6, 8), (2, 4), (7, 9), (1, 2), (1, 5), (0, 9), (6, 7)]","[1.0, 1.0, 1.0, 1.0, 1.0, 1.0, 1.0, 1.0, 1.0, 1.0, 1.0, 1.0, 1.0, 1.0, 1.0, 1.0, 1.0, 1.0, 1.0, 1.0]"
02523ff5,11,25,2,5.0,False,False,"[1, 1, 1]",11.640646219934219,,,,,,,,,,,6.791913393663523,,0.5834653218850169,,,,0.707160234451294,0.707160234451294,False,,0.0,0.0,,,0.7138738632202148,2026-07-19 03:44:44,x86_64,dacsgpu0002,,64,64,3.11.15,0.21,False,False,adam,False,hamqaoa,0.001,False,False,hog,False,True,False,False,False,False,False,1,HOG_graphs/random_graphs_8to14vertices_78instances_20260625_143415_AdjacencyList.txt,False,0,32,1,5,1,,35,"[(2, 3), (2, 6), (4, 9), (0, 5), (0, 2), (0, 8), (1, 7), (5, 7), (4, 5), (2, 5), (0, 1), (1, 6), (0, 7), (6, 8), (5, 6), (5, 9), (2, 4), (3, 9), (2, 7), (4, 10), (7, 9), (0, 3), (0, 6), (5, 8), (6, 7)]","[1.0, 1.0, 1.0, 1.0, 1.0, 1.0, 1.0, 1.0, 1.0, 1.0, 1.0, 1.0, 1.0, 1.0, 1.0, 1.0, 1.0, 1.0, 1.0, 1.0, 1.0, 1.0, 1.0, 1.0, 1.0]"
63cf583d,10,30,1,50.0,False,False,"[1, 1, 1]",13.183472067497764,,,,,,,,,,,7.450959898940132,,0.5651743228788387,,,,2.542903184890747,2.542903184890747,False,,0.0,0.0,,,2.550241708755493,2026-07-19 03:44:44,x86_64,dacsgpu0002,,64,64,3.11.15,0.21,False,False,adam,False,hamqaoa,0.001,False,False,hog,False,True,False,False,False,False,False,1,HOG_graphs/random_graphs_8to14vertices_78instances_20260625_143415_AdjacencyList.txt,False,0,32,1,5,1,,33,"[(2, 3), (3, 8), (2, 6), (3, 5), (7, 8), (1, 4), (0, 2), (6, 9), (3, 4), (2, 8), (4, 5), (3, 7), (2, 5), (4, 8), (8, 9), (1, 3), (1, 6), (1, 9), (0, 7), (6, 8), (5, 6), (5, 9), (2, 4), (3, 9), (7, 9), (0, 3), (0, 6), (1, 5), (0, 9), (6, 7)]","[1.0, 1.0, 1.0, 1.0, 1.0, 1.0, 1.0, 1.0, 1.0, 1.0, 1.0, 1.0, 1.0, 1.0, 1.0, 1.0, 1.0, 1.0, 1.0, 1.0, 1.0, 1.0, 1.0, 1.0, 1.0, 1.0, 1.0, 1.0, 1.0, 1.0]"
5b089040,11,34,1,5.0,False,False,"[1, 1, 1]",14.24851682406329,,,,,,,,,,,8.38269575209191,,0.5883205849141422,,,,0.3090198040008545,0.3090198040008545,False,,0.0,0.0,,,0.3160867691040039,2026-07-19 03:44:44,x86_64,dacsgpu0002,,64,64,3.11.15,0.2,False,False,adam,False,hamqaoa,0.001,False,False,hog,False,True,False,False,False,False,False,1,HOG_graphs/random_graphs_8to14vertices_78instances_20260625_143415_AdjacencyList.txt,False,0,32,1,5,1,,36,"[(2, 3), (4, 6), (8, 10), (1, 4), (1, 10), (1, 7), (5, 10), (5, 7), (3, 4), (2, 8), (3, 7), (2, 5), (4, 8), (7, 10), (8, 9), (1, 3), (9, 10), (1, 6), (0, 4), (0, 10), (1, 9), (0, 7), (6, 8), (5, 9), (2, 4), (3, 9), (2, 7), (4, 10), (4, 7), (1, 2), (1, 8), (6, 10), (5, 8), (6, 7)]","[1.0, 1.0, 1.0, 1.0, 1.0, 1.0, 1.0, 1.0, 1.0, 1.0, 1.0, 1.0, 1.0, 1.0, 1.0, 1.0, 1.0, 1.0, 1.0, 1.0, 1.0, 1.0, 1.0, 1.0, 1.0, 1.0, 1.0, 1.0, 1.0, 1.0, 1.0, 1.0, 1.0, 1.0]"
0cea5a33,11,14,1,50.0,False,False,"[1, 1, 1]",7.910386739873229,,,,,,,,,,,1.7311029140554446,,0.21883922632121358,,,,1.9954798221588135,1.9954798221588135,False,,0.0,0.0,,,2.0014660358428955,2026-07-19 03:44:45,x86_64,dacsgpu0002,,64,64,3.11.15,0.21,False,False,adam,False,hamqaoa,0.001,False,False,hog,False,True,False,False,False,False,False,1,HOG_graphs/random_graphs_8to14vertices_78instances_20260625_143415_AdjacencyList.txt,False,0,32,1,5,1,,34,"[(3, 9), (0, 4), (0, 10), (1, 9), (2, 9), (7, 8), (5, 9), (0, 9), (7, 10), (4, 8), (6, 10), (1, 10), (0, 8), (6, 7)]","[1.0, 1.0, 1.0, 1.0, 1.0, 1.0, 1.0, 1.0, 1.0, 1.0, 1.0, 1.0, 1.0, 1.0]"
83fd1ba6,11,25,1,25.0,False,False,"[1, 1, 1]",11.640646219934219,,,,,,,,,,,6.438231435405391,,0.5530819607231199,,,,1.2215070724487305,1.2215070724487305,False,,0.0,0.0,,,1.2279787063598633,2026-07-19 03:44:45,x86_64,dacsgpu0002,,64,64,3.11.15,0.21,False,False,adam,False,hamqaoa,0.001,False,False,hog,False,True,False,False,False,False,False,1,HOG_graphs/random_graphs_8to14vertices_78instances_20260625_143415_AdjacencyList.txt,False,0,32,1,5,1,,35,"[(2, 3), (2, 6), (4, 9), (0, 5), (0, 2), (0, 8), (1, 7), (5, 7), (4, 5), (2, 5), (0, 1), (1, 6), (0, 7), (6, 8), (5, 6), (5, 9), (2, 4), (3, 9), (2, 7), (4, 10), (7, 9), (0, 3), (0, 6), (5, 8), (6, 7)]","[1.0, 1.0, 1.0, 1.0, 1.0, 1.0, 1.0, 1.0, 1.0, 1.0, 1.0, 1.0, 1.0, 1.0, 1.0, 1.0, 1.0, 1.0, 1.0, 1.0, 1.0, 1.0, 1.0, 1.0, 1.0]"
db27fc0c,10,30,2,25.0,False,False,"[1, 1, 1]",13.183472067497764,,,,,,,,,,,5.229384079161388,,0.3966621275781965,,,,3.4725534915924072,3.4725534915924072,False,,0.0,0.0,,,3.480638027191162,2026-07-19 03:44:45,x86_64,dacsgpu0002,,64,64,3.11.15,0.21,False,False,adam,False,hamqaoa,0.001,False,False,hog,False,True,False,False,False,False,False,1,HOG_graphs/random_graphs_8to14vertices_78instances_20260625_143415_AdjacencyList.txt,False,0,32,1,5,1,,33,"[(2, 3), (3, 8), (2, 6), (3, 5), (7, 8), (1, 4), (0, 2), (6, 9), (3, 4), (2, 8), (4, 5), (3, 7), (2, 5), (4, 8), (8, 9), (1, 3), (1, 6), (1, 9), (0, 7), (6, 8), (5, 6), (5, 9), (2, 4), (3, 9), (7, 9), (0, 3), (0, 6), (1, 5), (0, 9), (6, 7)]","[1.0, 1.0, 1.0, 1.0, 1.0, 1.0, 1.0, 1.0, 1.0, 1.0, 1.0, 1.0, 1.0, 1.0, 1.0, 1.0, 1.0, 1.0, 1.0, 1.0, 1.0, 1.0, 1.0, 1.0, 1.0, 1.0, 1.0, 1.0, 1.0, 1.0]"
3fe89d83,11,25,2,10.0,False,False,"[1, 1, 1]",11.640646219934219,,,,,,,,,,,6.63317805692268,,0.569829022512821,,,,1.4777476787567139,1.4777476787567139,False,,0.0,0.0,,,1.485518217086792,2026-07-19 03:44:45,x86_64,dacsgpu0002,,64,64,3.11.15,0.21,False,False,adam,False,hamqaoa,0.001,False,False,hog,False,True,False,False,False,False,False,1,HOG_graphs/random_graphs_8to14vertices_78instances_20260625_143415_AdjacencyList.txt,False,0,32,1,5,1,,35,"[(2, 3), (2, 6), (4, 9), (0, 5), (0, 2), (0, 8), (1, 7), (5, 7), (4, 5), (2, 5), (0, 1), (1, 6), (0, 7), (6, 8), (5, 6), (5, 9), (2, 4), (3, 9), (2, 7), (4, 10), (7, 9), (0, 3), (0, 6), (5, 8), (6, 7)]","[1.0, 1.0, 1.0, 1.0, 1.0, 1.0, 1.0, 1.0, 1.0, 1.0, 1.0, 1.0, 1.0, 1.0, 1.0, 1.0, 1.0, 1.0, 1.0, 1.0, 1.0, 1.0, 1.0, 1.0, 1.0]"
66c8d3ea,11,34,1,10.0,False,False,"[1, 1, 1]",14.24851682406329,,,,,,,,,,,9.666963167237403,,0.6784539953598236,,,,0.5527946949005127,0.5527946949005127,False,,0.0,0.0,,,0.5598604679107666,2026-07-19 03:44:45,x86_64,dacsgpu0002,,64,64,3.11.15,0.2,False,False,adam,False,hamqaoa,0.001,False,False,hog,False,True,False,False,False,False,False,1,HOG_graphs/random_graphs_8to14vertices_78instances_20260625_143415_AdjacencyList.txt,False,0,32,1,5,1,,36,"[(2, 3), (4, 6), (8, 10), (1, 4), (1, 10), (1, 7), (5, 10), (5, 7), (3, 4), (2, 8), (3, 7), (2, 5), (4, 8), (7, 10), (8, 9), (1, 3), (9, 10), (1, 6), (0, 4), (0, 10), (1, 9), (0, 7), (6, 8), (5, 9), (2, 4), (3, 9), (2, 7), (4, 10), (4, 7), (1, 2), (1, 8), (6, 10), (5, 8), (6, 7)]","[1.0, 1.0, 1.0, 1.0, 1.0, 1.0, 1.0, 1.0, 1.0, 1.0, 1.0, 1.0, 1.0, 1.0, 1.0, 1.0, 1.0, 1.0, 1.0, 1.0, 1.0, 1.0, 1.0, 1.0, 1.0, 1.0, 1.0, 1.0, 1.0, 1.0, 1.0, 1.0, 1.0, 1.0]"
c5a5a8f5,11,34,2,5.0,False,False,"[1, 1, 1]",14.24851682406329,,,,,,,,,,,8.608352925618824,,0.6041578244186651,,,,0.8149635791778564,0.8149635791778564,False,,0.0,0.0,,,0.8221423625946045,2026-07-19 03:44:45,x86_64,dacsgpu0002,,64,64,3.11.15,0.2,False,False,adam,False,hamqaoa,0.001,False,False,hog,False,True,False,False,False,False,False,1,HOG_graphs/random_graphs_8to14vertices_78instances_20260625_143415_AdjacencyList.txt,False,0,32,1,5,1,,36,"[(2, 3), (4, 6), (8, 10), (1, 4), (1, 10), (1, 7), (5, 10), (5, 7), (3, 4), (2, 8), (3, 7), (2, 5), (4, 8), (7, 10), (8, 9), (1, 3), (9, 10), (1, 6), (0, 4), (0, 10), (1, 9), (0, 7), (6, 8), (5, 9), (2, 4), (3, 9), (2, 7), (4, 10), (4, 7), (1, 2), (1, 8), (6, 10), (5, 8), (6, 7)]","[1.0, 1.0, 1.0, 1.0, 1.0, 1.0, 1.0, 1.0, 1.0, 1.0, 1.0, 1.0, 1.0, 1.0, 1.0, 1.0, 1.0, 1.0, 1.0, 1.0, 1.0, 1.0, 1.0, 1.0, 1.0, 1.0, 1.0, 1.0, 1.0, 1.0, 1.0, 1.0, 1.0, 1.0]"
d873059d,11,14,2,25.0,False,False,"[1, 1, 1]",7.910386739873229,,,,,,,,,,,2.928572550183042,,0.3702186310842718,,,,2.7405221462249756,2.7405221462249756,False,,0.0,0.0,,,2.7474782466888428,2026-07-19 03:44:45,x86_64,dacsgpu0002,,64,64,3.11.15,0.21,False,False,adam,False,hamqaoa,0.001,False,False,hog,False,True,False,False,False,False,False,1,HOG_graphs/random_graphs_8to14vertices_78instances_20260625_143415_AdjacencyList.txt,False,0,32,1,5,1,,34,"[(3, 9), (0, 4), (0, 10), (1, 9), (2, 9), (7, 8), (5, 9), (0, 9), (7, 10), (4, 8), (6, 10), (1, 10), (0, 8), (6, 7)]","[1.0, 1.0, 1.0, 1.0, 1.0, 1.0, 1.0, 1.0, 1.0, 1.0, 1.0, 1.0, 1.0, 1.0]"
d1f4dd09,10,20,2,50.0,False,False,"[1, 1, 1]",10.194364037160504,,,,,,,,,,,4.995564443322961,,0.49003198484114613,,,,5.573814630508423,5.573814630508423,False,,0.0,0.0,,,5.5810387134552,2026-07-19 03:44:45,x86_64,dacsgpu0002,,64,64,3.11.15,0.22,False,False,adam,False,hamqaoa,0.001,False,False,hog,False,True,False,False,False,False,False,1,HOG_graphs/random_graphs_8to14vertices_78instances_20260625_143415_AdjacencyList.txt,False,0,32,1,5,1,,31,"[(3, 5), (4, 6), (0, 2), (6, 9), (5, 7), (3, 4), (2, 8), (4, 5), (8, 9), (1, 3), (0, 1), (1, 6), (1, 9), (6, 8), (5, 6), (2, 4), (7, 9), (1, 2), (5, 8), (6, 7)]","[1.0, 1.0, 1.0, 1.0, 1.0, 1.0, 1.0, 1.0, 1.0, 1.0, 1.0, 1.0, 1.0, 1.0, 1.0, 1.0, 1.0, 1.0, 1.0, 1.0]"
6c14cbdf,11,22,1,5.0,False,False,"[1, 1, 1]",11.845835456182591,,,,,,,,,,,5.2615619275841565,,0.4441697630400595,,,,0.23814821243286133,0.23814821243286133,False,,0.0,0.0,,,0.2467191219329834,2026-07-19 03:44:46,x86_64,dacsgpu0002,,64,64,3.11.15,0.21,False,False,adam,False,hamqaoa,0.001,False,False,hog,False,True,False,False,False,False,False,1,HOG_graphs/random_graphs_8to14vertices_78instances_20260625_143415_AdjacencyList.txt,False,0,32,1,5,1,,37,"[(2, 3), (0, 5), (8, 10), (1, 10), (6, 9), (3, 4), (2, 8), (4, 5), (2, 5), (4, 8), (7, 10), (1, 3), (9, 10), (1, 6), (0, 4), (0, 7), (6, 8), (3, 9), (2, 7), (7, 9), (0, 6), (1, 5)]","[1.0, 1.0, 1.0, 1.0, 1.0, 1.0, 1.0, 1.0, 1.0, 1.0, 1.0, 1.0, 1.0, 1.0, 1.0, 1.0, 1.0, 1.0, 1.0, 1.0, 1.0, 1.0]"
fddcb735,11,22,1,10.0,False,False,"[1, 1, 1]",11.845835456182591,,,,,,,,,,,5.50613749069695,,0.4648163070527187,,,,0.4608154296875,0.4608154296875,False,,0.0,0.0,,,0.46592092514038086,2026-07-19 03:44:46,x86_64,dacsgpu0002,,64,64,3.11.15,0.21,False,False,adam,False,hamqaoa,0.001,False,False,hog,False,True,False,False,False,False,False,1,HOG_graphs/random_graphs_8to14vertices_78instances_20260625_143415_AdjacencyList.txt,False,0,32,1,5,1,,37,"[(2, 3), (0, 5), (8, 10), (1, 10), (6, 9), (3, 4), (2, 8), (4, 5), (2, 5), (4, 8), (7, 10), (1, 3), (9, 10), (1, 6), (0, 4), (0, 7), (6, 8), (3, 9), (2, 7), (7, 9), (0, 6), (1, 5)]","[1.0, 1.0, 1.0, 1.0, 1.0, 1.0, 1.0, 1.0, 1.0, 1.0, 1.0, 1.0, 1.0, 1.0, 1.0, 1.0, 1.0, 1.0, 1.0, 1.0, 1.0, 1.0]"
d06c1195,11,22,2,5.0,False,False,"[1, 1, 1]",11.845835456182591,,,,,,,,,,,4.801528788455803,,0.4053347529785064,,,,0.6478540897369385,0.6478540897369385,False,,0.0,0.0,,,0.6543190479278564,2026-07-19 03:44:46,x86_64,dacsgpu0002,,64,64,3.11.15,0.21,False,False,adam,False,hamqaoa,0.001,False,False,hog,False,True,False,False,False,False,False,1,HOG_graphs/random_graphs_8to14vertices_78instances_20260625_143415_AdjacencyList.txt,False,0,32,1,5,1,,37,"[(2, 3), (0, 5), (8, 10), (1, 10), (6, 9), (3, 4), (2, 8), (4, 5), (2, 5), (4, 8), (7, 10), (1, 3), (9, 10), (1, 6), (0, 4), (0, 7), (6, 8), (3, 9), (2, 7), (7, 9), (0, 6), (1, 5)]","[1.0, 1.0, 1.0, 1.0, 1.0, 1.0, 1.0, 1.0, 1.0, 1.0, 1.0, 1.0, 1.0, 1.0, 1.0, 1.0, 1.0, 1.0, 1.0, 1.0, 1.0, 1.0]"
ca1e7428,11,34,1,25.0,False,False,"[1, 1, 1]",14.24851682406329,,,,,,,,,,,9.595335888086861,,0.6734269964072326,,,,1.5178406238555908,1.5178406238555908,False,,0.0,0.0,,,1.5271916389465332,2026-07-19 03:44:46,x86_64,dacsgpu0002,,64,64,3.11.15,0.21,False,False,adam,False,hamqaoa,0.001,False,False,hog,False,True,False,False,False,False,False,1,HOG_graphs/random_graphs_8to14vertices_78instances_20260625_143415_AdjacencyList.txt,False,0,32,1,5,1,,36,"[(2, 3), (4, 6), (8, 10), (1, 4), (1, 10), (1, 7), (5, 10), (5, 7), (3, 4), (2, 8), (3, 7), (2, 5), (4, 8), (7, 10), (8, 9), (1, 3), (9, 10), (1, 6), (0, 4), (0, 10), (1, 9), (0, 7), (6, 8), (5, 9), (2, 4), (3, 9), (2, 7), (4, 10), (4, 7), (1, 2), (1, 8), (6, 10), (5, 8), (6, 7)]","[1.0, 1.0, 1.0, 1.0, 1.0, 1.0, 1.0, 1.0, 1.0, 1.0, 1.0, 1.0, 1.0, 1.0, 1.0, 1.0, 1.0, 1.0, 1.0, 1.0, 1.0, 1.0, 1.0, 1.0, 1.0, 1.0, 1.0, 1.0, 1.0, 1.0, 1.0, 1.0, 1.0, 1.0]"
a7acb4a9,11,25,1,50.0,False,False,"[1, 1, 1]",11.640646219934219,,,,,,,,,,,6.187284500686594,,0.5315241425421104,,,,2.4790003299713135,2.4790003299713135,False,,0.0,0.0,,,2.4854135513305664,2026-07-19 03:44:46,x86_64,dacsgpu0002,,64,64,3.11.15,0.21,False,False,adam,False,hamqaoa,0.001,False,False,hog,False,True,False,False,False,False,False,1,HOG_graphs/random_graphs_8to14vertices_78instances_20260625_143415_AdjacencyList.txt,False,0,32,1,5,1,,35,"[(2, 3), (2, 6), (4, 9), (0, 5), (0, 2), (0, 8), (1, 7), (5, 7), (4, 5), (2, 5), (0, 1), (1, 6), (0, 7), (6, 8), (5, 6), (5, 9), (2, 4), (3, 9), (2, 7), (4, 10), (7, 9), (0, 3), (0, 6), (5, 8), (6, 7)]","[1.0, 1.0, 1.0, 1.0, 1.0, 1.0, 1.0, 1.0, 1.0, 1.0, 1.0, 1.0, 1.0, 1.0, 1.0, 1.0, 1.0, 1.0, 1.0, 1.0, 1.0, 1.0, 1.0, 1.0, 1.0]"
d319cd7b,11,34,2,10.0,False,False,"[1, 1, 1]",14.24851682406329,,,,,,,,,,,7.755531690963119,,0.5443044905463678,,,,1.7052302360534668,1.7052302360534668,False,,0.0,0.0,,,1.7122349739074707,2026-07-19 03:44:46,x86_64,dacsgpu0002,,64,64,3.11.15,0.21,False,False,adam,False,hamqaoa,0.001,False,False,hog,False,True,False,False,False,False,False,1,HOG_graphs/random_graphs_8to14vertices_78instances_20260625_143415_AdjacencyList.txt,False,0,32,1,5,1,,36,"[(2, 3), (4, 6), (8, 10), (1, 4), (1, 10), (1, 7), (5, 10), (5, 7), (3, 4), (2, 8), (3, 7), (2, 5), (4, 8), (7, 10), (8, 9), (1, 3), (9, 10), (1, 6), (0, 4), (0, 10), (1, 9), (0, 7), (6, 8), (5, 9), (2, 4), (3, 9), (2, 7), (4, 10), (4, 7), (1, 2), (1, 8), (6, 10), (5, 8), (6, 7)]","[1.0, 1.0, 1.0, 1.0, 1.0, 1.0, 1.0, 1.0, 1.0, 1.0, 1.0, 1.0, 1.0, 1.0, 1.0, 1.0, 1.0, 1.0, 1.0, 1.0, 1.0, 1.0, 1.0, 1.0, 1.0, 1.0, 1.0, 1.0, 1.0, 1.0, 1.0, 1.0, 1.0, 1.0]"
816d9a38,11,18,1,5.0,False,False,"[1, 1, 1]",9.429890288066767,,,,,,,,,,,4.614568933616681,,0.48935552722774245,,,,0.21369171142578125,0.21369171142578125,False,,0.0,0.0,,,0.22263288497924805,2026-07-19 03:44:47,x86_64,dacsgpu0002,,64,64,3.11.15,0.21,False,False,adam,False,hamqaoa,0.001,False,False,hog,False,True,False,False,False,False,False,1,HOG_graphs/random_graphs_8to14vertices_78instances_20260625_143415_AdjacencyList.txt,False,0,32,1,5,1,,38,"[(3, 9), (1, 3), (0, 1), (9, 10), (1, 6), (0, 4), (5, 8), (1, 10), (7, 9), (0, 3), (0, 6), (4, 5), (3, 7), (0, 5), (1, 4), (0, 2), (0, 8), (1, 7)]","[1.0, 1.0, 1.0, 1.0, 1.0, 1.0, 1.0, 1.0, 1.0, 1.0, 1.0, 1.0, 1.0, 1.0, 1.0, 1.0, 1.0, 1.0]"
de78e1d1,11,22,1,25.0,False,False,"[1, 1, 1]",11.845835456182591,,,,,,,,,,,5.052269630828781,,0.42650175663143247,,,,1.1618752479553223,1.1618752479553223,False,,0.0,0.0,,,1.1685612201690674,2026-07-19 03:44:47,x86_64,dacsgpu0002,,64,64,3.11.15,0.21,False,False,adam,False,hamqaoa,0.001,False,False,hog,False,True,False,False,False,False,False,1,HOG_graphs/random_graphs_8to14vertices_78instances_20260625_143415_AdjacencyList.txt,False,0,32,1,5,1,,37,"[(2, 3), (0, 5), (8, 10), (1, 10), (6, 9), (3, 4), (2, 8), (4, 5), (2, 5), (4, 8), (7, 10), (1, 3), (9, 10), (1, 6), (0, 4), (0, 7), (6, 8), (3, 9), (2, 7), (7, 9), (0, 6), (1, 5)]","[1.0, 1.0, 1.0, 1.0, 1.0, 1.0, 1.0, 1.0, 1.0, 1.0, 1.0, 1.0, 1.0, 1.0, 1.0, 1.0, 1.0, 1.0, 1.0, 1.0, 1.0, 1.0]"
a52c3607,11,22,2,10.0,False,False,"[1, 1, 1]",11.845835456182591,,,,,,,,,,,6.426564447728474,,0.5425167749037333,,,,1.4171538352966309,1.4171538352966309,False,,0.0,0.0,,,1.427767276763916,2026-07-19 03:44:47,x86_64,dacsgpu0002,,64,64,3.11.15,0.21,False,False,adam,False,hamqaoa,0.001,False,False,hog,False,True,False,False,False,False,False,1,HOG_graphs/random_graphs_8to14vertices_78instances_20260625_143415_AdjacencyList.txt,False,0,32,1,5,1,,37,"[(2, 3), (0, 5), (8, 10), (1, 10), (6, 9), (3, 4), (2, 8), (4, 5), (2, 5), (4, 8), (7, 10), (1, 3), (9, 10), (1, 6), (0, 4), (0, 7), (6, 8), (3, 9), (2, 7), (7, 9), (0, 6), (1, 5)]","[1.0, 1.0, 1.0, 1.0, 1.0, 1.0, 1.0, 1.0, 1.0, 1.0, 1.0, 1.0, 1.0, 1.0, 1.0, 1.0, 1.0, 1.0, 1.0, 1.0, 1.0, 1.0]"
b308c4de,11,25,2,25.0,False,False,"[1, 1, 1]",11.640646219934219,,,,,,,,,,,6.68909696729693,,0.5746327859223206,,,,3.5955915451049805,3.5955915451049805,False,,0.0,0.0,,,3.6033499240875244,2026-07-19 03:44:47,x86_64,dacsgpu0002,,64,64,3.11.15,0.21,False,False,adam,False,hamqaoa,0.001,False,False,hog,False,True,False,False,False,False,False,1,HOG_graphs/random_graphs_8to14vertices_78instances_20260625_143415_AdjacencyList.txt,False,0,32,1,5,1,,35,"[(2, 3), (2, 6), (4, 9), (0, 5), (0, 2), (0, 8), (1, 7), (5, 7), (4, 5), (2, 5), (0, 1), (1, 6), (0, 7), (6, 8), (5, 6), (5, 9), (2, 4), (3, 9), (2, 7), (4, 10), (7, 9), (0, 3), (0, 6), (5, 8), (6, 7)]","[1.0, 1.0, 1.0, 1.0, 1.0, 1.0, 1.0, 1.0, 1.0, 1.0, 1.0, 1.0, 1.0, 1.0, 1.0, 1.0, 1.0, 1.0, 1.0, 1.0, 1.0, 1.0, 1.0, 1.0, 1.0]"
e7688829,11,18,2,5.0,False,False,"[1, 1, 1]",9.429890288066767,,,,,,,,,,,4.427966651953989,,0.4695671441222856,,,,0.5646774768829346,0.5646774768829346,False,,0.0,0.0,,,0.5715727806091309,2026-07-19 03:44:47,x86_64,dacsgpu0002,,64,64,3.11.15,0.2,False,False,adam,False,hamqaoa,0.001,False,False,hog,False,True,False,False,False,False,False,1,HOG_graphs/random_graphs_8to14vertices_78instances_20260625_143415_AdjacencyList.txt,False,0,32,1,5,1,,38,"[(3, 9), (1, 3), (0, 1), (9, 10), (1, 6), (0, 4), (5, 8), (1, 10), (7, 9), (0, 3), (0, 6), (4, 5), (3, 7), (0, 5), (1, 4), (0, 2), (0, 8), (1, 7)]","[1.0, 1.0, 1.0, 1.0, 1.0, 1.0, 1.0, 1.0, 1.0, 1.0, 1.0, 1.0, 1.0, 1.0, 1.0, 1.0, 1.0, 1.0]"
0366a504,11,18,1,10.0,False,False,"[1, 1, 1]",9.429890288066767,,,,,,,,,,,4.543050751885308,,0.48177132639967163,,,,0.4358689785003662,0.4358689785003662,False,,0.0,0.0,,,0.44295287132263184,2026-07-19 03:44:47,x86_64,dacsgpu0002,,64,64,3.11.15,0.2,False,False,adam,False,hamqaoa,0.001,False,False,hog,False,True,False,False,False,False,False,1,HOG_graphs/random_graphs_8to14vertices_78instances_20260625_143415_AdjacencyList.txt,False,0,32,1,5,1,,38,"[(3, 9), (1, 3), (0, 1), (9, 10), (1, 6), (0, 4), (5, 8), (1, 10), (7, 9), (0, 3), (0, 6), (4, 5), (3, 7), (0, 5), (1, 4), (0, 2), (0, 8), (1, 7)]","[1.0, 1.0, 1.0, 1.0, 1.0, 1.0, 1.0, 1.0, 1.0, 1.0, 1.0, 1.0, 1.0, 1.0, 1.0, 1.0, 1.0, 1.0]"
f9f40e3d,10,30,2,50.0,False,False,"[1, 1, 1]",13.11746614058643,,,,,,,,,,,7.43195268472984,,0.566569229535483,,,,6.945828437805176,6.945828437805176,False,,0.0,0.0,,,6.953340768814087,2026-07-19 03:44:47,x86_64,dacsgpu0002,,64,64,3.11.15,0.21,False,False,adam,False,hamqaoa,0.001,False,False,hog,False,True,False,False,False,False,False,1,HOG_graphs/random_graphs_8to14vertices_78instances_20260625_143415_AdjacencyList.txt,False,0,32,1,5,1,,32,"[(2, 3), (3, 5), (2, 9), (4, 6), (7, 8), (0, 5), (1, 4), (0, 8), (6, 9), (5, 7), (3, 4), (4, 5), (4, 8), (8, 9), (1, 3), (0, 1), (1, 9), (0, 7), (5, 6), (3, 6), (2, 4), (2, 7), (4, 7), (7, 9), (0, 3), (1, 2), (1, 8), (0, 6), (0, 9), (6, 7)]","[1.0, 1.0, 1.0, 1.0, 1.0, 1.0, 1.0, 1.0, 1.0, 1.0, 1.0, 1.0, 1.0, 1.0, 1.0, 1.0, 1.0, 1.0, 1.0, 1.0, 1.0, 1.0, 1.0, 1.0, 1.0, 1.0, 1.0, 1.0, 1.0, 1.0]"
c4f3859a,11,34,1,50.0,False,False,"[1, 1, 1]",14.24851682406329,,,,,,,,,,,7.926615035510948,,0.5563115890156554,,,,2.9693808555603027,2.9693808555603027,False,,0.0,0.0,,,2.9765419960021973,2026-07-19 03:44:48,x86_64,dacsgpu0002,,64,64,3.11.15,0.21,False,False,adam,False,hamqaoa,0.001,False,False,hog,False,True,False,False,False,False,False,1,HOG_graphs/random_graphs_8to14vertices_78instances_20260625_143415_AdjacencyList.txt,False,0,32,1,5,1,,36,"[(2, 3), (4, 6), (8, 10), (1, 4), (1, 10), (1, 7), (5, 10), (5, 7), (3, 4), (2, 8), (3, 7), (2, 5), (4, 8), (7, 10), (8, 9), (1, 3), (9, 10), (1, 6), (0, 4), (0, 10), (1, 9), (0, 7), (6, 8), (5, 9), (2, 4), (3, 9), (2, 7), (4, 10), (4, 7), (1, 2), (1, 8), (6, 10), (5, 8), (6, 7)]","[1.0, 1.0, 1.0, 1.0, 1.0, 1.0, 1.0, 1.0, 1.0, 1.0, 1.0, 1.0, 1.0, 1.0, 1.0, 1.0, 1.0, 1.0, 1.0, 1.0, 1.0, 1.0, 1.0, 1.0, 1.0, 1.0, 1.0, 1.0, 1.0, 1.0, 1.0, 1.0, 1.0, 1.0]"
722675a5,11,24,1,5.0,False,False,"[1, 1, 1]",11.799588746433798,,,,,,,,,,,6.23252520890015,,0.5281985112221655,,,,0.25925111770629883,0.25925111770629883,False,,0.0,0.0,,,0.26654553413391113,2026-07-19 03:44:48,x86_64,dacsgpu0002,,64,64,3.11.15,0.2,False,False,adam,False,hamqaoa,0.001,False,False,hog,False,True,False,False,False,False,False,1,HOG_graphs/random_graphs_8to14vertices_78instances_20260625_143415_AdjacencyList.txt,False,0,32,1,5,1,,39,"[(2, 6), (4, 6), (4, 9), (0, 5), (1, 4), (0, 2), (0, 8), (1, 7), (5, 10), (6, 9), (4, 5), (4, 8), (7, 10), (8, 9), (0, 1), (1, 6), (0, 4), (2, 4), (2, 10), (4, 7), (0, 3), (1, 8), (1, 5), (6, 7)]","[1.0, 1.0, 1.0, 1.0, 1.0, 1.0, 1.0, 1.0, 1.0, 1.0, 1.0, 1.0, 1.0, 1.0, 1.0, 1.0, 1.0, 1.0, 1.0, 1.0, 1.0, 1.0, 1.0, 1.0]"
dbc588d7,11,18,2,10.0,False,False,"[1, 1, 1]",9.429890288066767,,,,,,,,,,,4.662255661115923,,0.4944125030824444,,,,1.178093671798706,1.178093671798706,False,,0.0,0.0,,,1.1848747730255127,2026-07-19 03:44:48,x86_64,dacsgpu0002,,64,64,3.11.15,0.21,False,False,adam,False,hamqaoa,0.001,False,False,hog,False,True,False,False,False,False,False,1,HOG_graphs/random_graphs_8to14vertices_78instances_20260625_143415_AdjacencyList.txt,False,0,32,1,5,1,,38,"[(3, 9), (1, 3), (0, 1), (9, 10), (1, 6), (0, 4), (5, 8), (1, 10), (7, 9), (0, 3), (0, 6), (4, 5), (3, 7), (0, 5), (1, 4), (0, 2), (0, 8), (1, 7)]","[1.0, 1.0, 1.0, 1.0, 1.0, 1.0, 1.0, 1.0, 1.0, 1.0, 1.0, 1.0, 1.0, 1.0, 1.0, 1.0, 1.0, 1.0]"
0db9d0c9,11,14,2,50.0,False,False,"[1, 1, 1]",7.910386739873229,,,,,,,,,,,4.864943649139245,,0.6150070545371603,,,,5.408416986465454,5.408416986465454,False,,0.0,0.0,,,5.414541244506836,2026-07-19 03:44:48,x86_64,dacsgpu0002,,64,64,3.11.15,0.21,False,False,adam,False,hamqaoa,0.001,False,False,hog,False,True,False,False,False,False,False,1,HOG_graphs/random_graphs_8to14vertices_78instances_20260625_143415_AdjacencyList.txt,False,0,32,1,5,1,,34,"[(3, 9), (0, 4), (0, 10), (1, 9), (2, 9), (7, 8), (5, 9), (0, 9), (7, 10), (4, 8), (6, 10), (1, 10), (0, 8), (6, 7)]","[1.0, 1.0, 1.0, 1.0, 1.0, 1.0, 1.0, 1.0, 1.0, 1.0, 1.0, 1.0, 1.0, 1.0]"
0f97157c,11,18,1,25.0,False,False,"[1, 1, 1]",9.429890288066767,,,,,,,,,,,4.6364812373096385,,0.4916792343996792,,,,1.0928750038146973,1.0928750038146973,False,,0.0,0.0,,,1.0994751453399658,2026-07-19 03:44:48,x86_64,dacsgpu0002,,64,64,3.11.15,0.2,False,False,adam,False,hamqaoa,0.001,False,False,hog,False,True,False,False,False,False,False,1,HOG_graphs/random_graphs_8to14vertices_78instances_20260625_143415_AdjacencyList.txt,False,0,32,1,5,1,,38,"[(3, 9), (1, 3), (0, 1), (9, 10), (1, 6), (0, 4), (5, 8), (1, 10), (7, 9), (0, 3), (0, 6), (4, 5), (3, 7), (0, 5), (1, 4), (0, 2), (0, 8), (1, 7)]","[1.0, 1.0, 1.0, 1.0, 1.0, 1.0, 1.0, 1.0, 1.0, 1.0, 1.0, 1.0, 1.0, 1.0, 1.0, 1.0, 1.0, 1.0]"
b68f7871,10,30,2,50.0,False,False,"[1, 1, 1]",13.183472067497764,,,,,,,,,,,7.55052154744656,,0.572726327995297,,,,6.8250572681427,6.8250572681427,False,,0.0,0.0,,,6.832902669906616,2026-07-19 03:44:48,x86_64,dacsgpu0002,,64,64,3.11.15,0.21,False,False,adam,False,hamqaoa,0.001,False,False,hog,False,True,False,False,False,False,False,1,HOG_graphs/random_graphs_8to14vertices_78instances_20260625_143415_AdjacencyList.txt,False,0,32,1,5,1,,33,"[(2, 3), (3, 8), (2, 6), (3, 5), (7, 8), (1, 4), (0, 2), (6, 9), (3, 4), (2, 8), (4, 5), (3, 7), (2, 5), (4, 8), (8, 9), (1, 3), (1, 6), (1, 9), (0, 7), (6, 8), (5, 6), (5, 9), (2, 4), (3, 9), (7, 9), (0, 3), (0, 6), (1, 5), (0, 9), (6, 7)]","[1.0, 1.0, 1.0, 1.0, 1.0, 1.0, 1.0, 1.0, 1.0, 1.0, 1.0, 1.0, 1.0, 1.0, 1.0, 1.0, 1.0, 1.0, 1.0, 1.0, 1.0, 1.0, 1.0, 1.0, 1.0, 1.0, 1.0, 1.0, 1.0, 1.0]"
5bdca3bf,11,24,1,10.0,False,False,"[1, 1, 1]",11.799588746433798,,,,,,,,,,,4.0601463043752295,,0.3440921875859726,,,,0.49959874153137207,0.49959874153137207,False,,0.0,0.0,,,0.506131649017334,2026-07-19 03:44:49,x86_64,dacsgpu0002,,64,64,3.11.15,0.21,False,False,adam,False,hamqaoa,0.001,False,False,hog,False,True,False,False,False,False,False,1,HOG_graphs/random_graphs_8to14vertices_78instances_20260625_143415_AdjacencyList.txt,False,0,32,1,5,1,,39,"[(2, 6), (4, 6), (4, 9), (0, 5), (1, 4), (0, 2), (0, 8), (1, 7), (5, 10), (6, 9), (4, 5), (4, 8), (7, 10), (8, 9), (0, 1), (1, 6), (0, 4), (2, 4), (2, 10), (4, 7), (0, 3), (1, 8), (1, 5), (6, 7)]","[1.0, 1.0, 1.0, 1.0, 1.0, 1.0, 1.0, 1.0, 1.0, 1.0, 1.0, 1.0, 1.0, 1.0, 1.0, 1.0, 1.0, 1.0, 1.0, 1.0, 1.0, 1.0, 1.0, 1.0]"
539f9ff4,11,24,2,5.0,False,False,"[1, 1, 1]",11.799588746433798,,,,,,,,,,,5.999385921718943,,0.5084402558972357,,,,0.6809589862823486,0.6809589862823486,False,,0.0,0.0,,,0.6886672973632812,2026-07-19 03:44:49,x86_64,dacsgpu0002,,64,64,3.11.15,0.21,False,False,adam,False,hamqaoa,0.001,False,False,hog,False,True,False,False,False,False,False,1,HOG_graphs/random_graphs_8to14vertices_78instances_20260625_143415_AdjacencyList.txt,False,0,32,1,5,1,,39,"[(2, 6), (4, 6), (4, 9), (0, 5), (1, 4), (0, 2), (0, 8), (1, 7), (5, 10), (6, 9), (4, 5), (4, 8), (7, 10), (8, 9), (0, 1), (1, 6), (0, 4), (2, 4), (2, 10), (4, 7), (0, 3), (1, 8), (1, 5), (6, 7)]","[1.0, 1.0, 1.0, 1.0, 1.0, 1.0, 1.0, 1.0, 1.0, 1.0, 1.0, 1.0, 1.0, 1.0, 1.0, 1.0, 1.0, 1.0, 1.0, 1.0, 1.0, 1.0, 1.0, 1.0]"
4950c226,11,22,1,50.0,False,False,"[1, 1, 1]",11.845835456182591,,,,,,,,,,,6.664759123870574,,0.5626246581360452,,,,2.371127128601074,2.371127128601074,False,,0.0,0.0,,,2.38407039642334,2026-07-19 03:44:49,x86_64,dacsgpu0002,,64,64,3.11.15,0.21,False,False,adam,False,hamqaoa,0.001,False,False,hog,False,True,False,False,False,False,False,1,HOG_graphs/random_graphs_8to14vertices_78instances_20260625_143415_AdjacencyList.txt,False,0,32,1,5,1,,37,"[(2, 3), (0, 5), (8, 10), (1, 10), (6, 9), (3, 4), (2, 8), (4, 5), (2, 5), (4, 8), (7, 10), (1, 3), (9, 10), (1, 6), (0, 4), (0, 7), (6, 8), (3, 9), (2, 7), (7, 9), (0, 6), (1, 5)]","[1.0, 1.0, 1.0, 1.0, 1.0, 1.0, 1.0, 1.0, 1.0, 1.0, 1.0, 1.0, 1.0, 1.0, 1.0, 1.0, 1.0, 1.0, 1.0, 1.0, 1.0, 1.0]"
525c4aa6,11,34,2,25.0,False,False,"[1, 1, 1]",14.24851682406329,,,,,,,,,,,7.344788801878233,,0.515477427761053,,,,4.1989781856536865,4.1989781856536865,False,,0.0,0.0,,,4.2066330909729,2026-07-19 03:44:49,x86_64,dacsgpu0002,,64,64,3.11.15,0.21,False,False,adam,False,hamqaoa,0.001,False,False,hog,False,True,False,False,False,False,False,1,HOG_graphs/random_graphs_8to14vertices_78instances_20260625_143415_AdjacencyList.txt,False,0,32,1,5,1,,36,"[(2, 3), (4, 6), (8, 10), (1, 4), (1, 10), (1, 7), (5, 10), (5, 7), (3, 4), (2, 8), (3, 7), (2, 5), (4, 8), (7, 10), (8, 9), (1, 3), (9, 10), (1, 6), (0, 4), (0, 10), (1, 9), (0, 7), (6, 8), (5, 9), (2, 4), (3, 9), (2, 7), (4, 10), (4, 7), (1, 2), (1, 8), (6, 10), (5, 8), (6, 7)]","[1.0, 1.0, 1.0, 1.0, 1.0, 1.0, 1.0, 1.0, 1.0, 1.0, 1.0, 1.0, 1.0, 1.0, 1.0, 1.0, 1.0, 1.0, 1.0, 1.0, 1.0, 1.0, 1.0, 1.0, 1.0, 1.0, 1.0, 1.0, 1.0, 1.0, 1.0, 1.0, 1.0, 1.0]"
7490c279,11,22,1,5.0,False,False,"[1, 1, 1]",11.400436437426087,,,,,,,,,,,5.43205167390178,,0.476477519410493,,,,0.2366771697998047,0.2366771697998047,False,,0.0,0.0,,,0.24242711067199707,2026-07-19 03:44:49,x86_64,dacsgpu0002,,64,64,3.11.15,0.21,False,False,adam,False,hamqaoa,0.001,False,False,hog,False,True,False,False,False,False,False,1,HOG_graphs/random_graphs_8to14vertices_78instances_20260625_143415_AdjacencyList.txt,False,0,32,1,5,1,,40,"[(3, 5), (2, 9), (4, 6), (7, 8), (0, 5), (8, 10), (1, 10), (0, 8), (5, 7), (3, 4), (4, 5), (8, 9), (0, 1), (9, 10), (1, 6), (0, 10), (6, 8), (2, 4), (7, 9), (1, 2), (0, 9), (6, 7)]","[1.0, 1.0, 1.0, 1.0, 1.0, 1.0, 1.0, 1.0, 1.0, 1.0, 1.0, 1.0, 1.0, 1.0, 1.0, 1.0, 1.0, 1.0, 1.0, 1.0, 1.0, 1.0]"
c0941da5,11,22,2,25.0,False,False,"[1, 1, 1]",11.845835456182591,,,,,,,,,,,5.21068683098946,,0.439874996598057,,,,3.2699170112609863,3.2699170112609863,False,,0.0,0.0,,,3.27911114692688,2026-07-19 03:44:49,x86_64,dacsgpu0002,,64,64,3.11.15,0.21,False,False,adam,False,hamqaoa,0.001,False,False,hog,False,True,False,False,False,False,False,1,HOG_graphs/random_graphs_8to14vertices_78instances_20260625_143415_AdjacencyList.txt,False,0,32,1,5,1,,37,"[(2, 3), (0, 5), (8, 10), (1, 10), (6, 9), (3, 4), (2, 8), (4, 5), (2, 5), (4, 8), (7, 10), (1, 3), (9, 10), (1, 6), (0, 4), (0, 7), (6, 8), (3, 9), (2, 7), (7, 9), (0, 6), (1, 5)]","[1.0, 1.0, 1.0, 1.0, 1.0, 1.0, 1.0, 1.0, 1.0, 1.0, 1.0, 1.0, 1.0, 1.0, 1.0, 1.0, 1.0, 1.0, 1.0, 1.0, 1.0, 1.0]"
7af77ab3,11,24,2,10.0,False,False,"[1, 1, 1]",11.799588746433798,,,,,,,,,,,4.153747817874794,,0.3520247957057135,,,,1.3879871368408203,1.3879871368408203,False,,0.0,0.0,,,1.3957641124725342,2026-07-19 03:44:50,x86_64,dacsgpu0002,,64,64,3.11.15,0.22,False,False,adam,False,hamqaoa,0.001,False,False,hog,False,True,False,False,False,False,False,1,HOG_graphs/random_graphs_8to14vertices_78instances_20260625_143415_AdjacencyList.txt,False,0,32,1,5,1,,39,"[(2, 6), (4, 6), (4, 9), (0, 5), (1, 4), (0, 2), (0, 8), (1, 7), (5, 10), (6, 9), (4, 5), (4, 8), (7, 10), (8, 9), (0, 1), (1, 6), (0, 4), (2, 4), (2, 10), (4, 7), (0, 3), (1, 8), (1, 5), (6, 7)]","[1.0, 1.0, 1.0, 1.0, 1.0, 1.0, 1.0, 1.0, 1.0, 1.0, 1.0, 1.0, 1.0, 1.0, 1.0, 1.0, 1.0, 1.0, 1.0, 1.0, 1.0, 1.0, 1.0, 1.0]"
645b93f1,11,24,1,25.0,False,False,"[1, 1, 1]",11.799588746433798,,,,,,,,,,,5.016201979772657,,0.42511667885787197,,,,1.2315983772277832,1.2315983772277832,False,,0.0,0.0,,,1.2433481216430664,2026-07-19 03:44:50,x86_64,dacsgpu0002,,64,64,3.11.15,0.21,False,False,adam,False,hamqaoa,0.001,False,False,hog,False,True,False,False,False,False,False,1,HOG_graphs/random_graphs_8to14vertices_78instances_20260625_143415_AdjacencyList.txt,False,0,32,1,5,1,,39,"[(2, 6), (4, 6), (4, 9), (0, 5), (1, 4), (0, 2), (0, 8), (1, 7), (5, 10), (6, 9), (4, 5), (4, 8), (7, 10), (8, 9), (0, 1), (1, 6), (0, 4), (2, 4), (2, 10), (4, 7), (0, 3), (1, 8), (1, 5), (6, 7)]","[1.0, 1.0, 1.0, 1.0, 1.0, 1.0, 1.0, 1.0, 1.0, 1.0, 1.0, 1.0, 1.0, 1.0, 1.0, 1.0, 1.0, 1.0, 1.0, 1.0, 1.0, 1.0, 1.0, 1.0]"
5db540c4,11,18,1,50.0,False,False,"[1, 1, 1]",9.429890288066767,,,,,,,,,,,4.53224524465631,,0.48062544803853396,,,,2.197174549102783,2.197174549102783,False,,0.0,0.0,,,2.204188108444214,2026-07-19 03:44:50,x86_64,dacsgpu0002,,64,64,3.11.15,0.21,False,False,adam,False,hamqaoa,0.001,False,False,hog,False,True,False,False,False,False,False,1,HOG_graphs/random_graphs_8to14vertices_78instances_20260625_143415_AdjacencyList.txt,False,0,32,1,5,1,,38,"[(3, 9), (1, 3), (0, 1), (9, 10), (1, 6), (0, 4), (5, 8), (1, 10), (7, 9), (0, 3), (0, 6), (4, 5), (3, 7), (0, 5), (1, 4), (0, 2), (0, 8), (1, 7)]","[1.0, 1.0, 1.0, 1.0, 1.0, 1.0, 1.0, 1.0, 1.0, 1.0, 1.0, 1.0, 1.0, 1.0, 1.0, 1.0, 1.0, 1.0]"
2cf13a0d,11,22,1,10.0,False,False,"[1, 1, 1]",11.400436437426087,,,,,,,,,,,5.482441399521965,,0.48089750156615524,,,,0.44638609886169434,0.44638609886169434,False,,0.0,0.0,,,0.4522531032562256,2026-07-19 03:44:50,x86_64,dacsgpu0002,,64,64,3.11.15,0.21,False,False,adam,False,hamqaoa,0.001,False,False,hog,False,True,False,False,False,False,False,1,HOG_graphs/random_graphs_8to14vertices_78instances_20260625_143415_AdjacencyList.txt,False,0,32,1,5,1,,40,"[(3, 5), (2, 9), (4, 6), (7, 8), (0, 5), (8, 10), (1, 10), (0, 8), (5, 7), (3, 4), (4, 5), (8, 9), (0, 1), (9, 10), (1, 6), (0, 10), (6, 8), (2, 4), (7, 9), (1, 2), (0, 9), (6, 7)]","[1.0, 1.0, 1.0, 1.0, 1.0, 1.0, 1.0, 1.0, 1.0, 1.0, 1.0, 1.0, 1.0, 1.0, 1.0, 1.0, 1.0, 1.0, 1.0, 1.0, 1.0, 1.0]"
76a2a651,11,22,2,5.0,False,False,"[1, 1, 1]",11.400436437426087,,,,,,,,,,,4.448806396395908,,0.39023123551578076,,,,0.6791391372680664,0.6791391372680664,False,,0.0,0.0,,,0.6855964660644531,2026-07-19 03:44:50,x86_64,dacsgpu0002,,64,64,3.11.15,0.21,False,False,adam,False,hamqaoa,0.001,False,False,hog,False,True,False,False,False,False,False,1,HOG_graphs/random_graphs_8to14vertices_78instances_20260625_143415_AdjacencyList.txt,False,0,32,1,5,1,,40,"[(3, 5), (2, 9), (4, 6), (7, 8), (0, 5), (8, 10), (1, 10), (0, 8), (5, 7), (3, 4), (4, 5), (8, 9), (0, 1), (9, 10), (1, 6), (0, 10), (6, 8), (2, 4), (7, 9), (1, 2), (0, 9), (6, 7)]","[1.0, 1.0, 1.0, 1.0, 1.0, 1.0, 1.0, 1.0, 1.0, 1.0, 1.0, 1.0, 1.0, 1.0, 1.0, 1.0, 1.0, 1.0, 1.0, 1.0, 1.0, 1.0]"
aa4fdc27,11,18,2,25.0,False,False,"[1, 1, 1]",9.429890288066767,,,,,,,,,,,4.574247306512483,,0.48507958913382593,,,,3.075789451599121,3.075789451599121,False,,0.0,0.0,,,3.0829224586486816,2026-07-19 03:44:50,x86_64,dacsgpu0002,,64,64,3.11.15,0.21,False,False,adam,False,hamqaoa,0.001,False,False,hog,False,True,False,False,False,False,False,1,HOG_graphs/random_graphs_8to14vertices_78instances_20260625_143415_AdjacencyList.txt,False,0,32,1,5,1,,38,"[(3, 9), (1, 3), (0, 1), (9, 10), (1, 6), (0, 4), (5, 8), (1, 10), (7, 9), (0, 3), (0, 6), (4, 5), (3, 7), (0, 5), (1, 4), (0, 2), (0, 8), (1, 7)]","[1.0, 1.0, 1.0, 1.0, 1.0, 1.0, 1.0, 1.0, 1.0, 1.0, 1.0, 1.0, 1.0, 1.0, 1.0, 1.0, 1.0, 1.0]"
07cb18be,11,22,1,5.0,False,False,"[1, 1, 1]",11.317674756174846,,,,,,,,,,,5.277120200177928,,0.4662724732656562,,,,0.24001097679138184,0.24001097679138184,False,,0.0,0.0,,,0.2468090057373047,2026-07-19 03:44:50,x86_64,dacsgpu0002,,64,64,3.11.15,0.2,False,False,adam,False,hamqaoa,0.001,False,False,hog,False,True,False,False,False,False,False,1,HOG_graphs/random_graphs_8to14vertices_78instances_20260625_143415_AdjacencyList.txt,False,0,32,1,5,1,,41,"[(2, 3), (3, 5), (2, 9), (4, 6), (4, 9), (7, 8), (8, 10), (1, 4), (0, 2), (5, 10), (5, 7), (3, 4), (7, 10), (8, 9), (1, 3), (9, 10), (0, 4), (6, 8), (5, 6), (2, 10), (7, 9), (6, 7)]","[1.0, 1.0, 1.0, 1.0, 1.0, 1.0, 1.0, 1.0, 1.0, 1.0, 1.0, 1.0, 1.0, 1.0, 1.0, 1.0, 1.0, 1.0, 1.0, 1.0, 1.0, 1.0]"
16bdb9a0,11,22,1,25.0,False,False,"[1, 1, 1]",11.400436437426087,,,,,,,,,,,5.332611044040446,,0.46775499107509666,,,,1.179952621459961,1.179952621459961,False,,0.0,0.0,,,1.1867127418518066,2026-07-19 03:44:51,x86_64,dacsgpu0002,,64,64,3.11.15,0.21,False,False,adam,False,hamqaoa,0.001,False,False,hog,False,True,False,False,False,False,False,1,HOG_graphs/random_graphs_8to14vertices_78instances_20260625_143415_AdjacencyList.txt,False,0,32,1,5,1,,40,"[(3, 5), (2, 9), (4, 6), (7, 8), (0, 5), (8, 10), (1, 10), (0, 8), (5, 7), (3, 4), (4, 5), (8, 9), (0, 1), (9, 10), (1, 6), (0, 10), (6, 8), (2, 4), (7, 9), (1, 2), (0, 9), (6, 7)]","[1.0, 1.0, 1.0, 1.0, 1.0, 1.0, 1.0, 1.0, 1.0, 1.0, 1.0, 1.0, 1.0, 1.0, 1.0, 1.0, 1.0, 1.0, 1.0, 1.0, 1.0, 1.0]"
5bd0c1a2,11,22,2,10.0,False,False,"[1, 1, 1]",11.400436437426087,,,,,,,,,,,6.831896674833443,,0.5992662397033549,,,,1.4410650730133057,1.4410650730133057,False,,0.0,0.0,,,1.4519226551055908,2026-07-19 03:44:51,x86_64,dacsgpu0002,,64,64,3.11.15,0.21,False,False,adam,False,hamqaoa,0.001,False,False,hog,False,True,False,False,False,False,False,1,HOG_graphs/random_graphs_8to14vertices_78instances_20260625_143415_AdjacencyList.txt,False,0,32,1,5,1,,40,"[(3, 5), (2, 9), (4, 6), (7, 8), (0, 5), (8, 10), (1, 10), (0, 8), (5, 7), (3, 4), (4, 5), (8, 9), (0, 1), (9, 10), (1, 6), (0, 10), (6, 8), (2, 4), (7, 9), (1, 2), (0, 9), (6, 7)]","[1.0, 1.0, 1.0, 1.0, 1.0, 1.0, 1.0, 1.0, 1.0, 1.0, 1.0, 1.0, 1.0, 1.0, 1.0, 1.0, 1.0, 1.0, 1.0, 1.0, 1.0, 1.0]"
01ae3eb9,11,25,2,50.0,False,False,"[1, 1, 1]",11.640646219934219,,,,,,,,,,,6.270706496153163,,0.5386905827800854,,,,6.938282489776611,6.938282489776611,False,,0.0,0.0,,,6.943323373794556,2026-07-19 03:44:51,x86_64,dacsgpu0002,,64,64,3.11.15,0.21,False,False,adam,False,hamqaoa,0.001,False,False,hog,False,True,False,False,False,False,False,1,HOG_graphs/random_graphs_8to14vertices_78instances_20260625_143415_AdjacencyList.txt,False,0,32,1,5,1,,35,"[(2, 3), (2, 6), (4, 9), (0, 5), (0, 2), (0, 8), (1, 7), (5, 7), (4, 5), (2, 5), (0, 1), (1, 6), (0, 7), (6, 8), (5, 6), (5, 9), (2, 4), (3, 9), (2, 7), (4, 10), (7, 9), (0, 3), (0, 6), (5, 8), (6, 7)]","[1.0, 1.0, 1.0, 1.0, 1.0, 1.0, 1.0, 1.0, 1.0, 1.0, 1.0, 1.0, 1.0, 1.0, 1.0, 1.0, 1.0, 1.0, 1.0, 1.0, 1.0, 1.0, 1.0, 1.0, 1.0]"
951ea962,11,22,1,10.0,False,False,"[1, 1, 1]",11.317674756174846,,,,,,,,,,,5.699461515970942,,0.5035894420681558,,,,0.48503708839416504,0.48503708839416504,False,,0.0,0.0,,,0.4914731979370117,2026-07-19 03:44:51,x86_64,dacsgpu0002,,64,64,3.11.15,0.21,False,False,adam,False,hamqaoa,0.001,False,False,hog,False,True,False,False,False,False,False,1,HOG_graphs/random_graphs_8to14vertices_78instances_20260625_143415_AdjacencyList.txt,False,0,32,1,5,1,,41,"[(2, 3), (3, 5), (2, 9), (4, 6), (4, 9), (7, 8), (8, 10), (1, 4), (0, 2), (5, 10), (5, 7), (3, 4), (7, 10), (8, 9), (1, 3), (9, 10), (0, 4), (6, 8), (5, 6), (2, 10), (7, 9), (6, 7)]","[1.0, 1.0, 1.0, 1.0, 1.0, 1.0, 1.0, 1.0, 1.0, 1.0, 1.0, 1.0, 1.0, 1.0, 1.0, 1.0, 1.0, 1.0, 1.0, 1.0, 1.0, 1.0]"
12c5c91f,11,22,2,5.0,False,False,"[1, 1, 1]",11.317674756174846,,,,,,,,,,,5.044250445350107,,0.4456967136821102,,,,0.6591687202453613,0.6591687202453613,False,,0.0,0.0,,,0.6682488918304443,2026-07-19 03:44:51,x86_64,dacsgpu0002,,64,64,3.11.15,0.21,False,False,adam,False,hamqaoa,0.001,False,False,hog,False,True,False,False,False,False,False,1,HOG_graphs/random_graphs_8to14vertices_78instances_20260625_143415_AdjacencyList.txt,False,0,32,1,5,1,,41,"[(2, 3), (3, 5), (2, 9), (4, 6), (4, 9), (7, 8), (8, 10), (1, 4), (0, 2), (5, 10), (5, 7), (3, 4), (7, 10), (8, 9), (1, 3), (9, 10), (0, 4), (6, 8), (5, 6), (2, 10), (7, 9), (6, 7)]","[1.0, 1.0, 1.0, 1.0, 1.0, 1.0, 1.0, 1.0, 1.0, 1.0, 1.0, 1.0, 1.0, 1.0, 1.0, 1.0, 1.0, 1.0, 1.0, 1.0, 1.0, 1.0]"
3ba1fa62,11,24,1,50.0,False,False,"[1, 1, 1]",11.799588746433798,,,,,,,,,,,6.128528589186265,,0.5193849311941907,,,,2.5055811405181885,2.5055811405181885,False,,0.0,0.0,,,2.5133345127105713,2026-07-19 03:44:51,x86_64,dacsgpu0002,,64,64,3.11.15,0.2,False,False,adam,False,hamqaoa,0.001,False,False,hog,False,True,False,False,False,False,False,1,HOG_graphs/random_graphs_8to14vertices_78instances_20260625_143415_AdjacencyList.txt,False,0,32,1,5,1,,39,"[(2, 6), (4, 6), (4, 9), (0, 5), (1, 4), (0, 2), (0, 8), (1, 7), (5, 10), (6, 9), (4, 5), (4, 8), (7, 10), (8, 9), (0, 1), (1, 6), (0, 4), (2, 4), (2, 10), (4, 7), (0, 3), (1, 8), (1, 5), (6, 7)]","[1.0, 1.0, 1.0, 1.0, 1.0, 1.0, 1.0, 1.0, 1.0, 1.0, 1.0, 1.0, 1.0, 1.0, 1.0, 1.0, 1.0, 1.0, 1.0, 1.0, 1.0, 1.0, 1.0, 1.0]"
50e6432a,11,33,1,5.0,False,False,"[1, 1, 1]",13.965647609088416,,,,,,,,,,,8.31605295291246,,0.5954648997086699,,,,0.29709506034851074,0.29709506034851074,False,,0.0,0.0,,,0.3057737350463867,2026-07-19 03:44:52,x86_64,dacsgpu0002,,64,64,3.11.15,0.21,False,False,adam,False,hamqaoa,0.001,False,False,hog,False,True,False,False,False,False,False,1,HOG_graphs/random_graphs_8to14vertices_78instances_20260625_143415_AdjacencyList.txt,False,0,32,1,5,1,,42,"[(2, 3), (3, 5), (4, 6), (7, 8), (8, 10), (1, 4), (1, 10), (0, 2), (0, 8), (6, 9), (5, 7), (3, 4), (3, 7), (4, 8), (8, 9), (1, 3), (0, 1), (9, 10), (0, 10), (1, 9), (0, 7), (6, 8), (5, 6), (5, 9), (3, 6), (2, 4), (2, 10), (2, 7), (4, 7), (0, 3), (1, 2), (5, 8), (6, 7)]","[1.0, 1.0, 1.0, 1.0, 1.0, 1.0, 1.0, 1.0, 1.0, 1.0, 1.0, 1.0, 1.0, 1.0, 1.0, 1.0, 1.0, 1.0, 1.0, 1.0, 1.0, 1.0, 1.0, 1.0, 1.0, 1.0, 1.0, 1.0, 1.0, 1.0, 1.0, 1.0, 1.0]"
537214b7,11,22,1,25.0,False,False,"[1, 1, 1]",11.317674756174846,,,,,,,,,,,5.57311079513483,,0.49242542440921255,,,,1.0770881175994873,1.0770881175994873,False,,0.0,0.0,,,1.0876426696777344,2026-07-19 03:44:52,x86_64,dacsgpu0002,,64,64,3.11.15,0.21,False,False,adam,False,hamqaoa,0.001,False,False,hog,False,True,False,False,False,False,False,1,HOG_graphs/random_graphs_8to14vertices_78instances_20260625_143415_AdjacencyList.txt,False,0,32,1,5,1,,41,"[(2, 3), (3, 5), (2, 9), (4, 6), (4, 9), (7, 8), (8, 10), (1, 4), (0, 2), (5, 10), (5, 7), (3, 4), (7, 10), (8, 9), (1, 3), (9, 10), (0, 4), (6, 8), (5, 6), (2, 10), (7, 9), (6, 7)]","[1.0, 1.0, 1.0, 1.0, 1.0, 1.0, 1.0, 1.0, 1.0, 1.0, 1.0, 1.0, 1.0, 1.0, 1.0, 1.0, 1.0, 1.0, 1.0, 1.0, 1.0, 1.0]"
bbe1b813,11,24,2,25.0,False,False,"[1, 1, 1]",11.799588746433798,,,,,,,,,,,6.424810731460337,,0.544494462436423,,,,3.44638991355896,3.44638991355896,False,,0.0,0.0,,,3.452915668487549,2026-07-19 03:44:52,x86_64,dacsgpu0002,,64,64,3.11.15,0.21,False,False,adam,False,hamqaoa,0.001,False,False,hog,False,True,False,False,False,False,False,1,HOG_graphs/random_graphs_8to14vertices_78instances_20260625_143415_AdjacencyList.txt,False,0,32,1,5,1,,39,"[(2, 6), (4, 6), (4, 9), (0, 5), (1, 4), (0, 2), (0, 8), (1, 7), (5, 10), (6, 9), (4, 5), (4, 8), (7, 10), (8, 9), (0, 1), (1, 6), (0, 4), (2, 4), (2, 10), (4, 7), (0, 3), (1, 8), (1, 5), (6, 7)]","[1.0, 1.0, 1.0, 1.0, 1.0, 1.0, 1.0, 1.0, 1.0, 1.0, 1.0, 1.0, 1.0, 1.0, 1.0, 1.0, 1.0, 1.0, 1.0, 1.0, 1.0, 1.0, 1.0, 1.0]"
b5a5b9e1,11,22,2,10.0,False,False,"[1, 1, 1]",11.317674756174846,,,,,,,,,,,5.24487265207483,,0.46342316465785194,,,,1.3990490436553955,1.3990490436553955,False,,0.0,0.0,,,1.408066749572754,2026-07-19 03:44:52,x86_64,dacsgpu0002,,64,64,3.11.15,0.2,False,False,adam,False,hamqaoa,0.001,False,False,hog,False,True,False,False,False,False,False,1,HOG_graphs/random_graphs_8to14vertices_78instances_20260625_143415_AdjacencyList.txt,False,0,32,1,5,1,,41,"[(2, 3), (3, 5), (2, 9), (4, 6), (4, 9), (7, 8), (8, 10), (1, 4), (0, 2), (5, 10), (5, 7), (3, 4), (7, 10), (8, 9), (1, 3), (9, 10), (0, 4), (6, 8), (5, 6), (2, 10), (7, 9), (6, 7)]","[1.0, 1.0, 1.0, 1.0, 1.0, 1.0, 1.0, 1.0, 1.0, 1.0, 1.0, 1.0, 1.0, 1.0, 1.0, 1.0, 1.0, 1.0, 1.0, 1.0, 1.0, 1.0]"
c9acc161,11,22,1,50.0,False,False,"[1, 1, 1]",11.400436437426087,,,,,,,,,,,5.40877452220987,,0.4744357421662908,,,,2.436472177505493,2.436472177505493,False,,0.0,0.0,,,2.4430806636810303,2026-07-19 03:44:52,x86_64,dacsgpu0002,,64,64,3.11.15,0.21,False,False,adam,False,hamqaoa,0.001,False,False,hog,False,True,False,False,False,False,False,1,HOG_graphs/random_graphs_8to14vertices_78instances_20260625_143415_AdjacencyList.txt,False,0,32,1,5,1,,40,"[(3, 5), (2, 9), (4, 6), (7, 8), (0, 5), (8, 10), (1, 10), (0, 8), (5, 7), (3, 4), (4, 5), (8, 9), (0, 1), (9, 10), (1, 6), (0, 10), (6, 8), (2, 4), (7, 9), (1, 2), (0, 9), (6, 7)]","[1.0, 1.0, 1.0, 1.0, 1.0, 1.0, 1.0, 1.0, 1.0, 1.0, 1.0, 1.0, 1.0, 1.0, 1.0, 1.0, 1.0, 1.0, 1.0, 1.0, 1.0, 1.0]"
60d763eb,11,33,1,10.0,False,False,"[1, 1, 1]",13.965647609088416,,,,,,,,,,,8.129597374788926,,0.5821138841780908,,,,0.5990371704101562,0.5990371704101562,False,,0.0,0.0,,,0.6063222885131836,2026-07-19 03:44:52,x86_64,dacsgpu0002,,64,64,3.11.15,0.2,False,False,adam,False,hamqaoa,0.001,False,False,hog,False,True,False,False,False,False,False,1,HOG_graphs/random_graphs_8to14vertices_78instances_20260625_143415_AdjacencyList.txt,False,0,32,1,5,1,,42,"[(2, 3), (3, 5), (4, 6), (7, 8), (8, 10), (1, 4), (1, 10), (0, 2), (0, 8), (6, 9), (5, 7), (3, 4), (3, 7), (4, 8), (8, 9), (1, 3), (0, 1), (9, 10), (0, 10), (1, 9), (0, 7), (6, 8), (5, 6), (5, 9), (3, 6), (2, 4), (2, 10), (2, 7), (4, 7), (0, 3), (1, 2), (5, 8), (6, 7)]","[1.0, 1.0, 1.0, 1.0, 1.0, 1.0, 1.0, 1.0, 1.0, 1.0, 1.0, 1.0, 1.0, 1.0, 1.0, 1.0, 1.0, 1.0, 1.0, 1.0, 1.0, 1.0, 1.0, 1.0, 1.0, 1.0, 1.0, 1.0, 1.0, 1.0, 1.0, 1.0, 1.0]"
6763dc9a,11,33,2,5.0,False,False,"[1, 1, 1]",13.965647609088416,,,,,,,,,,,7.162779028886005,,0.5128855624442856,,,,0.774050235748291,0.774050235748291,False,,0.0,0.0,,,0.7837069034576416,2026-07-19 03:44:52,x86_64,dacsgpu0002,,64,64,3.11.15,0.21,False,False,adam,False,hamqaoa,0.001,False,False,hog,False,True,False,False,False,False,False,1,HOG_graphs/random_graphs_8to14vertices_78instances_20260625_143415_AdjacencyList.txt,False,0,32,1,5,1,,42,"[(2, 3), (3, 5), (4, 6), (7, 8), (8, 10), (1, 4), (1, 10), (0, 2), (0, 8), (6, 9), (5, 7), (3, 4), (3, 7), (4, 8), (8, 9), (1, 3), (0, 1), (9, 10), (0, 10), (1, 9), (0, 7), (6, 8), (5, 6), (5, 9), (3, 6), (2, 4), (2, 10), (2, 7), (4, 7), (0, 3), (1, 2), (5, 8), (6, 7)]","[1.0, 1.0, 1.0, 1.0, 1.0, 1.0, 1.0, 1.0, 1.0, 1.0, 1.0, 1.0, 1.0, 1.0, 1.0, 1.0, 1.0, 1.0, 1.0, 1.0, 1.0, 1.0, 1.0, 1.0, 1.0, 1.0, 1.0, 1.0, 1.0, 1.0, 1.0, 1.0, 1.0]"
5773876a,11,22,2,50.0,False,False,"[1, 1, 1]",11.845835456182591,,,,,,,,,,,3.0832082087181516,,0.2602778183204428,,,,6.563355922698975,6.563355922698975,False,,0.0,0.0,,,6.5707786083221436,2026-07-19 03:44:53,x86_64,dacsgpu0002,,64,64,3.11.15,0.21,False,False,adam,False,hamqaoa,0.001,False,False,hog,False,True,False,False,False,False,False,1,HOG_graphs/random_graphs_8to14vertices_78instances_20260625_143415_AdjacencyList.txt,False,0,32,1,5,1,,37,"[(2, 3), (0, 5), (8, 10), (1, 10), (6, 9), (3, 4), (2, 8), (4, 5), (2, 5), (4, 8), (7, 10), (1, 3), (9, 10), (1, 6), (0, 4), (0, 7), (6, 8), (3, 9), (2, 7), (7, 9), (0, 6), (1, 5)]","[1.0, 1.0, 1.0, 1.0, 1.0, 1.0, 1.0, 1.0, 1.0, 1.0, 1.0, 1.0, 1.0, 1.0, 1.0, 1.0, 1.0, 1.0, 1.0, 1.0, 1.0, 1.0]"
50d03359,11,22,2,25.0,False,False,"[1, 1, 1]",11.400436437426087,,,,,,,,,,,5.6536951495932035,,0.4959191852544249,,,,3.2228519916534424,3.2228519916534424,False,,0.0,0.0,,,3.228386163711548,2026-07-19 03:44:53,x86_64,dacsgpu0002,,64,64,3.11.15,0.21,False,False,adam,False,hamqaoa,0.001,False,False,hog,False,True,False,False,False,False,False,1,HOG_graphs/random_graphs_8to14vertices_78instances_20260625_143415_AdjacencyList.txt,False,0,32,1,5,1,,40,"[(3, 5), (2, 9), (4, 6), (7, 8), (0, 5), (8, 10), (1, 10), (0, 8), (5, 7), (3, 4), (4, 5), (8, 9), (0, 1), (9, 10), (1, 6), (0, 10), (6, 8), (2, 4), (7, 9), (1, 2), (0, 9), (6, 7)]","[1.0, 1.0, 1.0, 1.0, 1.0, 1.0, 1.0, 1.0, 1.0, 1.0, 1.0, 1.0, 1.0, 1.0, 1.0, 1.0, 1.0, 1.0, 1.0, 1.0, 1.0, 1.0]"
b1733a9e,11,33,1,5.0,False,False,"[1, 1, 1]",14.27146488133341,,,,,,,,,,,8.20869737497807,,0.5751825368476902,,,,0.2957327365875244,0.2957327365875244,False,,0.0,0.0,,,0.3034839630126953,2026-07-19 03:44:53,x86_64,dacsgpu0002,,64,64,3.11.15,0.2,False,False,adam,False,hamqaoa,0.001,False,False,hog,False,True,False,False,False,False,False,1,HOG_graphs/random_graphs_8to14vertices_78instances_20260625_143415_AdjacencyList.txt,False,0,32,1,5,1,,43,"[(3, 8), (2, 6), (2, 9), (4, 9), (7, 8), (0, 5), (0, 2), (1, 10), (6, 9), (4, 5), (3, 10), (7, 10), (8, 9), (1, 3), (9, 10), (1, 6), (0, 10), (1, 9), (6, 8), (5, 6), (3, 6), (2, 10), (3, 9), (2, 7), (4, 7), (7, 9), (0, 3), (1, 2), (1, 8), (0, 6), (1, 5), (0, 9), (5, 8)]","[1.0, 1.0, 1.0, 1.0, 1.0, 1.0, 1.0, 1.0, 1.0, 1.0, 1.0, 1.0, 1.0, 1.0, 1.0, 1.0, 1.0, 1.0, 1.0, 1.0, 1.0, 1.0, 1.0, 1.0, 1.0, 1.0, 1.0, 1.0, 1.0, 1.0, 1.0, 1.0, 1.0]"
b7a75235,11,34,2,50.0,False,False,"[1, 1, 1]",14.24851682406329,,,,,,,,,,,8.839520860118348,,0.6203818242464311,,,,8.19034719467163,8.19034719467163,False,,0.0,0.0,,,8.196550130844116,2026-07-19 03:44:53,x86_64,dacsgpu0002,,64,64,3.11.15,0.22,False,False,adam,False,hamqaoa,0.001,False,False,hog,False,True,False,False,False,False,False,1,HOG_graphs/random_graphs_8to14vertices_78instances_20260625_143415_AdjacencyList.txt,False,0,32,1,5,1,,36,"[(2, 3), (4, 6), (8, 10), (1, 4), (1, 10), (1, 7), (5, 10), (5, 7), (3, 4), (2, 8), (3, 7), (2, 5), (4, 8), (7, 10), (8, 9), (1, 3), (9, 10), (1, 6), (0, 4), (0, 10), (1, 9), (0, 7), (6, 8), (5, 9), (2, 4), (3, 9), (2, 7), (4, 10), (4, 7), (1, 2), (1, 8), (6, 10), (5, 8), (6, 7)]","[1.0, 1.0, 1.0, 1.0, 1.0, 1.0, 1.0, 1.0, 1.0, 1.0, 1.0, 1.0, 1.0, 1.0, 1.0, 1.0, 1.0, 1.0, 1.0, 1.0, 1.0, 1.0, 1.0, 1.0, 1.0, 1.0, 1.0, 1.0, 1.0, 1.0, 1.0, 1.0, 1.0, 1.0]"
d1450d8b,11,22,1,50.0,False,False,"[1, 1, 1]",11.317674756174846,,,,,,,,,,,5.520453589805321,,0.4877727721229486,,,,2.3121097087860107,2.3121097087860107,False,,0.0,0.0,,,2.320754289627075,2026-07-19 03:44:53,x86_64,dacsgpu0002,,64,64,3.11.15,0.21,False,False,adam,False,hamqaoa,0.001,False,False,hog,False,True,False,False,False,False,False,1,HOG_graphs/random_graphs_8to14vertices_78instances_20260625_143415_AdjacencyList.txt,False,0,32,1,5,1,,41,"[(2, 3), (3, 5), (2, 9), (4, 6), (4, 9), (7, 8), (8, 10), (1, 4), (0, 2), (5, 10), (5, 7), (3, 4), (7, 10), (8, 9), (1, 3), (9, 10), (0, 4), (6, 8), (5, 6), (2, 10), (7, 9), (6, 7)]","[1.0, 1.0, 1.0, 1.0, 1.0, 1.0, 1.0, 1.0, 1.0, 1.0, 1.0, 1.0, 1.0, 1.0, 1.0, 1.0, 1.0, 1.0, 1.0, 1.0, 1.0, 1.0]"
1f6b2c1d,11,33,1,25.0,False,False,"[1, 1, 1]",13.965647609088416,,,,,,,,,,,8.323533078001159,,0.5960005086040162,,,,1.4485890865325928,1.4485890865325928,False,,0.0,0.0,,,1.4549567699432373,2026-07-19 03:44:54,x86_64,dacsgpu0002,,64,64,3.11.15,0.2,False,False,adam,False,hamqaoa,0.001,False,False,hog,False,True,False,False,False,False,False,1,HOG_graphs/random_graphs_8to14vertices_78instances_20260625_143415_AdjacencyList.txt,False,0,32,1,5,1,,42,"[(2, 3), (3, 5), (4, 6), (7, 8), (8, 10), (1, 4), (1, 10), (0, 2), (0, 8), (6, 9), (5, 7), (3, 4), (3, 7), (4, 8), (8, 9), (1, 3), (0, 1), (9, 10), (0, 10), (1, 9), (0, 7), (6, 8), (5, 6), (5, 9), (3, 6), (2, 4), (2, 10), (2, 7), (4, 7), (0, 3), (1, 2), (5, 8), (6, 7)]","[1.0, 1.0, 1.0, 1.0, 1.0, 1.0, 1.0, 1.0, 1.0, 1.0, 1.0, 1.0, 1.0, 1.0, 1.0, 1.0, 1.0, 1.0, 1.0, 1.0, 1.0, 1.0, 1.0, 1.0, 1.0, 1.0, 1.0, 1.0, 1.0, 1.0, 1.0, 1.0, 1.0]"
a9d0168f,11,33,1,10.0,False,False,"[1, 1, 1]",14.27146488133341,,,,,,,,,,,6.305685270552223,,0.441838684604819,,,,0.606097936630249,0.606097936630249,False,,0.0,0.0,,,0.6155533790588379,2026-07-19 03:44:54,x86_64,dacsgpu0002,,64,64,3.11.15,0.21,False,False,adam,False,hamqaoa,0.001,False,False,hog,False,True,False,False,False,False,False,1,HOG_graphs/random_graphs_8to14vertices_78instances_20260625_143415_AdjacencyList.txt,False,0,32,1,5,1,,43,"[(3, 8), (2, 6), (2, 9), (4, 9), (7, 8), (0, 5), (0, 2), (1, 10), (6, 9), (4, 5), (3, 10), (7, 10), (8, 9), (1, 3), (9, 10), (1, 6), (0, 10), (1, 9), (6, 8), (5, 6), (3, 6), (2, 10), (3, 9), (2, 7), (4, 7), (7, 9), (0, 3), (1, 2), (1, 8), (0, 6), (1, 5), (0, 9), (5, 8)]","[1.0, 1.0, 1.0, 1.0, 1.0, 1.0, 1.0, 1.0, 1.0, 1.0, 1.0, 1.0, 1.0, 1.0, 1.0, 1.0, 1.0, 1.0, 1.0, 1.0, 1.0, 1.0, 1.0, 1.0, 1.0, 1.0, 1.0, 1.0, 1.0, 1.0, 1.0, 1.0, 1.0]"
628369de,11,33,2,10.0,False,False,"[1, 1, 1]",13.965647609088416,,,,,,,,,,,7.511312686143229,,0.5378420604895613,,,,1.6517198085784912,1.6517198085784912,False,,0.0,0.0,,,1.6590514183044434,2026-07-19 03:44:54,x86_64,dacsgpu0002,,64,64,3.11.15,0.21,False,False,adam,False,hamqaoa,0.001,False,False,hog,False,True,False,False,False,False,False,1,HOG_graphs/random_graphs_8to14vertices_78instances_20260625_143415_AdjacencyList.txt,False,0,32,1,5,1,,42,"[(2, 3), (3, 5), (4, 6), (7, 8), (8, 10), (1, 4), (1, 10), (0, 2), (0, 8), (6, 9), (5, 7), (3, 4), (3, 7), (4, 8), (8, 9), (1, 3), (0, 1), (9, 10), (0, 10), (1, 9), (0, 7), (6, 8), (5, 6), (5, 9), (3, 6), (2, 4), (2, 10), (2, 7), (4, 7), (0, 3), (1, 2), (5, 8), (6, 7)]","[1.0, 1.0, 1.0, 1.0, 1.0, 1.0, 1.0, 1.0, 1.0, 1.0, 1.0, 1.0, 1.0, 1.0, 1.0, 1.0, 1.0, 1.0, 1.0, 1.0, 1.0, 1.0, 1.0, 1.0, 1.0, 1.0, 1.0, 1.0, 1.0, 1.0, 1.0, 1.0, 1.0]"
aedb029d,11,33,2,5.0,False,False,"[1, 1, 1]",14.27146488133341,,,,,,,,,,,8.301889128695587,,0.5817124729469205,,,,0.8249256610870361,0.8249256610870361,False,,0.0,0.0,,,0.8317813873291016,2026-07-19 03:44:54,x86_64,dacsgpu0002,,64,64,3.11.15,0.21,False,False,adam,False,hamqaoa,0.001,False,False,hog,False,True,False,False,False,False,False,1,HOG_graphs/random_graphs_8to14vertices_78instances_20260625_143415_AdjacencyList.txt,False,0,32,1,5,1,,43,"[(3, 8), (2, 6), (2, 9), (4, 9), (7, 8), (0, 5), (0, 2), (1, 10), (6, 9), (4, 5), (3, 10), (7, 10), (8, 9), (1, 3), (9, 10), (1, 6), (0, 10), (1, 9), (6, 8), (5, 6), (3, 6), (2, 10), (3, 9), (2, 7), (4, 7), (7, 9), (0, 3), (1, 2), (1, 8), (0, 6), (1, 5), (0, 9), (5, 8)]","[1.0, 1.0, 1.0, 1.0, 1.0, 1.0, 1.0, 1.0, 1.0, 1.0, 1.0, 1.0, 1.0, 1.0, 1.0, 1.0, 1.0, 1.0, 1.0, 1.0, 1.0, 1.0, 1.0, 1.0, 1.0, 1.0, 1.0, 1.0, 1.0, 1.0, 1.0, 1.0, 1.0]"
db423e0f,11,18,2,50.0,False,False,"[1, 1, 1]",9.429890288066767,,,,,,,,,,,4.788034306193881,,0.5077507966612282,,,,6.11457896232605,6.11457896232605,False,,0.0,0.0,,,6.123478174209595,2026-07-19 03:44:54,x86_64,dacsgpu0002,,64,64,3.11.15,0.21,False,False,adam,False,hamqaoa,0.001,False,False,hog,False,True,False,False,False,False,False,1,HOG_graphs/random_graphs_8to14vertices_78instances_20260625_143415_AdjacencyList.txt,False,0,32,1,5,1,,38,"[(3, 9), (1, 3), (0, 1), (9, 10), (1, 6), (0, 4), (5, 8), (1, 10), (7, 9), (0, 3), (0, 6), (4, 5), (3, 7), (0, 5), (1, 4), (0, 2), (0, 8), (1, 7)]","[1.0, 1.0, 1.0, 1.0, 1.0, 1.0, 1.0, 1.0, 1.0, 1.0, 1.0, 1.0, 1.0, 1.0, 1.0, 1.0, 1.0, 1.0]"
9c3ec7ea,11,22,2,25.0,False,False,"[1, 1, 1]",11.317674756174846,,,,,,,,,,,5.5024142679933075,,0.4861788650527555,,,,3.2004928588867188,3.2004928588867188,False,,0.0,0.0,,,3.208958148956299,2026-07-19 03:44:54,x86_64,dacsgpu0002,,64,64,3.11.15,0.21,False,False,adam,False,hamqaoa,0.001,False,False,hog,False,True,False,False,False,False,False,1,HOG_graphs/random_graphs_8to14vertices_78instances_20260625_143415_AdjacencyList.txt,False,0,32,1,5,1,,41,"[(2, 3), (3, 5), (2, 9), (4, 6), (4, 9), (7, 8), (8, 10), (1, 4), (0, 2), (5, 10), (5, 7), (3, 4), (7, 10), (8, 9), (1, 3), (9, 10), (0, 4), (6, 8), (5, 6), (2, 10), (7, 9), (6, 7)]","[1.0, 1.0, 1.0, 1.0, 1.0, 1.0, 1.0, 1.0, 1.0, 1.0, 1.0, 1.0, 1.0, 1.0, 1.0, 1.0, 1.0, 1.0, 1.0, 1.0, 1.0, 1.0]"
78fc8656,12,21,1,5.0,False,False,"[1, 1, 1]",10.90973972171772,,,,,,,,,,,4.242807242579697,,0.38890086755540615,,,,0.2532525062561035,0.2532525062561035,False,,0.0,0.0,,,0.2600979804992676,2026-07-19 03:44:54,x86_64,dacsgpu0002,,64,64,3.11.15,0.21,False,False,adam,False,hamqaoa,0.001,False,False,hog,False,True,False,False,False,False,False,1,HOG_graphs/random_graphs_8to14vertices_78instances_20260625_143415_AdjacencyList.txt,False,0,32,1,5,1,,44,"[(3, 8), (3, 5), (1, 4), (0, 8), (0, 11), (5, 7), (2, 8), (2, 5), (9, 10), (1, 9), (5, 6), (6, 11), (3, 6), (2, 10), (2, 7), (0, 3), (10, 11), (1, 8), (1, 5), (6, 10), (5, 8)]","[1.0, 1.0, 1.0, 1.0, 1.0, 1.0, 1.0, 1.0, 1.0, 1.0, 1.0, 1.0, 1.0, 1.0, 1.0, 1.0, 1.0, 1.0, 1.0, 1.0, 1.0]"
1fd123cc,11,33,1,25.0,False,False,"[1, 1, 1]",14.27146488133341,,,,,,,,,,,8.458017636265716,,0.5926523805785708,,,,1.423194408416748,1.423194408416748,False,,0.0,0.0,,,1.4300322532653809,2026-07-19 03:44:55,x86_64,dacsgpu0002,,64,64,3.11.15,0.21,False,False,adam,False,hamqaoa,0.001,False,False,hog,False,True,False,False,False,False,False,1,HOG_graphs/random_graphs_8to14vertices_78instances_20260625_143415_AdjacencyList.txt,False,0,32,1,5,1,,43,"[(3, 8), (2, 6), (2, 9), (4, 9), (7, 8), (0, 5), (0, 2), (1, 10), (6, 9), (4, 5), (3, 10), (7, 10), (8, 9), (1, 3), (9, 10), (1, 6), (0, 10), (1, 9), (6, 8), (5, 6), (3, 6), (2, 10), (3, 9), (2, 7), (4, 7), (7, 9), (0, 3), (1, 2), (1, 8), (0, 6), (1, 5), (0, 9), (5, 8)]","[1.0, 1.0, 1.0, 1.0, 1.0, 1.0, 1.0, 1.0, 1.0, 1.0, 1.0, 1.0, 1.0, 1.0, 1.0, 1.0, 1.0, 1.0, 1.0, 1.0, 1.0, 1.0, 1.0, 1.0, 1.0, 1.0, 1.0, 1.0, 1.0, 1.0, 1.0, 1.0, 1.0]"
86d673ef,12,21,1,10.0,False,False,"[1, 1, 1]",10.90973972171772,,,,,,,,,,,2.642141384643395,,0.24218188994772777,,,,0.5358176231384277,0.5358176231384277,False,,0.0,0.0,,,0.543710470199585,2026-07-19 03:44:55,x86_64,dacsgpu0002,,64,64,3.11.15,0.21,False,False,adam,False,hamqaoa,0.001,False,False,hog,False,True,False,False,False,False,False,1,HOG_graphs/random_graphs_8to14vertices_78instances_20260625_143415_AdjacencyList.txt,False,0,32,1,5,1,,44,"[(3, 8), (3, 5), (1, 4), (0, 8), (0, 11), (5, 7), (2, 8), (2, 5), (9, 10), (1, 9), (5, 6), (6, 11), (3, 6), (2, 10), (2, 7), (0, 3), (10, 11), (1, 8), (1, 5), (6, 10), (5, 8)]","[1.0, 1.0, 1.0, 1.0, 1.0, 1.0, 1.0, 1.0, 1.0, 1.0, 1.0, 1.0, 1.0, 1.0, 1.0, 1.0, 1.0, 1.0, 1.0, 1.0, 1.0]"
fc045852,11,33,2,10.0,False,False,"[1, 1, 1]",14.27146488133341,,,,,,,,,,,9.839426876288215,,0.6894475765524147,,,,1.6997888088226318,1.6997888088226318,False,,0.0,0.0,,,1.7073736190795898,2026-07-19 03:44:55,x86_64,dacsgpu0002,,64,64,3.11.15,0.21,False,False,adam,False,hamqaoa,0.001,False,False,hog,False,True,False,False,False,False,False,1,HOG_graphs/random_graphs_8to14vertices_78instances_20260625_143415_AdjacencyList.txt,False,0,32,1,5,1,,43,"[(3, 8), (2, 6), (2, 9), (4, 9), (7, 8), (0, 5), (0, 2), (1, 10), (6, 9), (4, 5), (3, 10), (7, 10), (8, 9), (1, 3), (9, 10), (1, 6), (0, 10), (1, 9), (6, 8), (5, 6), (3, 6), (2, 10), (3, 9), (2, 7), (4, 7), (7, 9), (0, 3), (1, 2), (1, 8), (0, 6), (1, 5), (0, 9), (5, 8)]","[1.0, 1.0, 1.0, 1.0, 1.0, 1.0, 1.0, 1.0, 1.0, 1.0, 1.0, 1.0, 1.0, 1.0, 1.0, 1.0, 1.0, 1.0, 1.0, 1.0, 1.0, 1.0, 1.0, 1.0, 1.0, 1.0, 1.0, 1.0, 1.0, 1.0, 1.0, 1.0, 1.0]"
a6c62385,12,21,2,5.0,False,False,"[1, 1, 1]",10.90973972171772,,,,,,,,,,,4.042490917203636,,0.3705396297545357,,,,0.8032317161560059,0.8032317161560059,False,,0.0,0.0,,,0.8104567527770996,2026-07-19 03:44:55,x86_64,dacsgpu0002,,64,64,3.11.15,0.21,False,False,adam,False,hamqaoa,0.001,False,False,hog,False,True,False,False,False,False,False,1,HOG_graphs/random_graphs_8to14vertices_78instances_20260625_143415_AdjacencyList.txt,False,0,32,1,5,1,,44,"[(3, 8), (3, 5), (1, 4), (0, 8), (0, 11), (5, 7), (2, 8), (2, 5), (9, 10), (1, 9), (5, 6), (6, 11), (3, 6), (2, 10), (2, 7), (0, 3), (10, 11), (1, 8), (1, 5), (6, 10), (5, 8)]","[1.0, 1.0, 1.0, 1.0, 1.0, 1.0, 1.0, 1.0, 1.0, 1.0, 1.0, 1.0, 1.0, 1.0, 1.0, 1.0, 1.0, 1.0, 1.0, 1.0, 1.0]"
305010ac,11,33,1,50.0,False,False,"[1, 1, 1]",13.965647609088416,,,,,,,,,,,8.327760837004204,,0.5963032342005216,,,,2.9341700077056885,2.9341700077056885,False,,0.0,0.0,,,2.943087100982666,2026-07-19 03:44:55,x86_64,dacsgpu0002,,64,64,3.11.15,0.21,False,False,adam,False,hamqaoa,0.001,False,False,hog,False,True,False,False,False,False,False,1,HOG_graphs/random_graphs_8to14vertices_78instances_20260625_143415_AdjacencyList.txt,False,0,32,1,5,1,,42,"[(2, 3), (3, 5), (4, 6), (7, 8), (8, 10), (1, 4), (1, 10), (0, 2), (0, 8), (6, 9), (5, 7), (3, 4), (3, 7), (4, 8), (8, 9), (1, 3), (0, 1), (9, 10), (0, 10), (1, 9), (0, 7), (6, 8), (5, 6), (5, 9), (3, 6), (2, 4), (2, 10), (2, 7), (4, 7), (0, 3), (1, 2), (5, 8), (6, 7)]","[1.0, 1.0, 1.0, 1.0, 1.0, 1.0, 1.0, 1.0, 1.0, 1.0, 1.0, 1.0, 1.0, 1.0, 1.0, 1.0, 1.0, 1.0, 1.0, 1.0, 1.0, 1.0, 1.0, 1.0, 1.0, 1.0, 1.0, 1.0, 1.0, 1.0, 1.0, 1.0, 1.0]"
7983b912,12,23,1,5.0,False,False,"[1, 1, 1]",12.144173766467386,,,,,,,,,,,6.191305531875384,,0.509816941929049,,,,0.28498291969299316,0.28498291969299316,False,,0.0,0.0,,,0.2912569046020508,2026-07-19 03:44:55,x86_64,dacsgpu0002,,64,64,3.11.15,0.21,False,False,adam,False,hamqaoa,0.001,False,False,hog,False,True,False,False,False,False,False,1,HOG_graphs/random_graphs_8to14vertices_78instances_20260625_143415_AdjacencyList.txt,False,0,32,1,5,1,,45,"[(5, 11), (2, 6), (3, 11), (2, 9), (1, 4), (0, 8), (1, 7), (0, 11), (4, 5), (3, 7), (2, 5), (4, 8), (3, 10), (7, 10), (5, 9), (3, 6), (2, 10), (3, 9), (7, 9), (1, 8), (1, 5), (1, 11), (0, 9)]","[1.0, 1.0, 1.0, 1.0, 1.0, 1.0, 1.0, 1.0, 1.0, 1.0, 1.0, 1.0, 1.0, 1.0, 1.0, 1.0, 1.0, 1.0, 1.0, 1.0, 1.0, 1.0, 1.0]"
098ba70a,11,24,2,50.0,False,False,"[1, 1, 1]",11.799588746433798,,,,,,,,,,,6.240300901857479,,0.5288574912192165,,,,6.859543800354004,6.859543800354004,False,,0.0,0.0,,,6.870382785797119,2026-07-19 03:44:56,x86_64,dacsgpu0002,,64,64,3.11.15,0.21,False,False,adam,False,hamqaoa,0.001,False,False,hog,False,True,False,False,False,False,False,1,HOG_graphs/random_graphs_8to14vertices_78instances_20260625_143415_AdjacencyList.txt,False,0,32,1,5,1,,39,"[(2, 6), (4, 6), (4, 9), (0, 5), (1, 4), (0, 2), (0, 8), (1, 7), (5, 10), (6, 9), (4, 5), (4, 8), (7, 10), (8, 9), (0, 1), (1, 6), (0, 4), (2, 4), (2, 10), (4, 7), (0, 3), (1, 8), (1, 5), (6, 7)]","[1.0, 1.0, 1.0, 1.0, 1.0, 1.0, 1.0, 1.0, 1.0, 1.0, 1.0, 1.0, 1.0, 1.0, 1.0, 1.0, 1.0, 1.0, 1.0, 1.0, 1.0, 1.0, 1.0, 1.0]"
b3bb6db7,12,21,1,25.0,False,False,"[1, 1, 1]",10.90973972171772,,,,,,,,,,,3.781060719467625,,0.3465766201498621,,,,1.3447811603546143,1.3447811603546143,False,,0.0,0.0,,,1.3517017364501953,2026-07-19 03:44:56,x86_64,dacsgpu0002,,64,64,3.11.15,0.21,False,False,adam,False,hamqaoa,0.001,False,False,hog,False,True,False,False,False,False,False,1,HOG_graphs/random_graphs_8to14vertices_78instances_20260625_143415_AdjacencyList.txt,False,0,32,1,5,1,,44,"[(3, 8), (3, 5), (1, 4), (0, 8), (0, 11), (5, 7), (2, 8), (2, 5), (9, 10), (1, 9), (5, 6), (6, 11), (3, 6), (2, 10), (2, 7), (0, 3), (10, 11), (1, 8), (1, 5), (6, 10), (5, 8)]","[1.0, 1.0, 1.0, 1.0, 1.0, 1.0, 1.0, 1.0, 1.0, 1.0, 1.0, 1.0, 1.0, 1.0, 1.0, 1.0, 1.0, 1.0, 1.0, 1.0, 1.0]"
40454520,12,23,1,10.0,False,False,"[1, 1, 1]",12.144173766467386,,,,,,,,,,,6.220539616007532,,0.512224193726851,,,,0.5632627010345459,0.5632627010345459,False,,0.0,0.0,,,0.5708754062652588,2026-07-19 03:44:56,x86_64,dacsgpu0002,,64,64,3.11.15,0.21,False,False,adam,False,hamqaoa,0.001,False,False,hog,False,True,False,False,False,False,False,1,HOG_graphs/random_graphs_8to14vertices_78instances_20260625_143415_AdjacencyList.txt,False,0,32,1,5,1,,45,"[(5, 11), (2, 6), (3, 11), (2, 9), (1, 4), (0, 8), (1, 7), (0, 11), (4, 5), (3, 7), (2, 5), (4, 8), (3, 10), (7, 10), (5, 9), (3, 6), (2, 10), (3, 9), (7, 9), (1, 8), (1, 5), (1, 11), (0, 9)]","[1.0, 1.0, 1.0, 1.0, 1.0, 1.0, 1.0, 1.0, 1.0, 1.0, 1.0, 1.0, 1.0, 1.0, 1.0, 1.0, 1.0, 1.0, 1.0, 1.0, 1.0, 1.0, 1.0]"
b9ddbce0,12,21,2,10.0,False,False,"[1, 1, 1]",10.90973972171772,,,,,,,,,,,4.544524348042478,,0.41655662407745786,,,,1.6514313220977783,1.6514313220977783,False,,0.0,0.0,,,1.6587913036346436,2026-07-19 03:44:56,x86_64,dacsgpu0002,,64,64,3.11.15,0.21,False,False,adam,False,hamqaoa,0.001,False,False,hog,False,True,False,False,False,False,False,1,HOG_graphs/random_graphs_8to14vertices_78instances_20260625_143415_AdjacencyList.txt,False,0,32,1,5,1,,44,"[(3, 8), (3, 5), (1, 4), (0, 8), (0, 11), (5, 7), (2, 8), (2, 5), (9, 10), (1, 9), (5, 6), (6, 11), (3, 6), (2, 10), (2, 7), (0, 3), (10, 11), (1, 8), (1, 5), (6, 10), (5, 8)]","[1.0, 1.0, 1.0, 1.0, 1.0, 1.0, 1.0, 1.0, 1.0, 1.0, 1.0, 1.0, 1.0, 1.0, 1.0, 1.0, 1.0, 1.0, 1.0, 1.0, 1.0]"
d015221c,12,23,2,5.0,False,False,"[1, 1, 1]",12.144173766467386,,,,,,,,,,,5.021818354366328,,0.4135166748216847,,,,0.8176805973052979,0.8176805973052979,False,,0.0,0.0,,,0.8242576122283936,2026-07-19 03:44:56,x86_64,dacsgpu0002,,64,64,3.11.15,0.21,False,False,adam,False,hamqaoa,0.001,False,False,hog,False,True,False,False,False,False,False,1,HOG_graphs/random_graphs_8to14vertices_78instances_20260625_143415_AdjacencyList.txt,False,0,32,1,5,1,,45,"[(5, 11), (2, 6), (3, 11), (2, 9), (1, 4), (0, 8), (1, 7), (0, 11), (4, 5), (3, 7), (2, 5), (4, 8), (3, 10), (7, 10), (5, 9), (3, 6), (2, 10), (3, 9), (7, 9), (1, 8), (1, 5), (1, 11), (0, 9)]","[1.0, 1.0, 1.0, 1.0, 1.0, 1.0, 1.0, 1.0, 1.0, 1.0, 1.0, 1.0, 1.0, 1.0, 1.0, 1.0, 1.0, 1.0, 1.0, 1.0, 1.0, 1.0, 1.0]"
1998f651,11,33,2,25.0,False,False,"[1, 1, 1]",13.965647609088416,,,,,,,,,,,8.369487542879115,,0.5992910445078472,,,,4.161165952682495,4.161165952682495,False,,0.0,0.0,,,4.167529582977295,2026-07-19 03:44:56,x86_64,dacsgpu0002,,64,64,3.11.15,0.21,False,False,adam,False,hamqaoa,0.001,False,False,hog,False,True,False,False,False,False,False,1,HOG_graphs/random_graphs_8to14vertices_78instances_20260625_143415_AdjacencyList.txt,False,0,32,1,5,1,,42,"[(2, 3), (3, 5), (4, 6), (7, 8), (8, 10), (1, 4), (1, 10), (0, 2), (0, 8), (6, 9), (5, 7), (3, 4), (3, 7), (4, 8), (8, 9), (1, 3), (0, 1), (9, 10), (0, 10), (1, 9), (0, 7), (6, 8), (5, 6), (5, 9), (3, 6), (2, 4), (2, 10), (2, 7), (4, 7), (0, 3), (1, 2), (5, 8), (6, 7)]","[1.0, 1.0, 1.0, 1.0, 1.0, 1.0, 1.0, 1.0, 1.0, 1.0, 1.0, 1.0, 1.0, 1.0, 1.0, 1.0, 1.0, 1.0, 1.0, 1.0, 1.0, 1.0, 1.0, 1.0, 1.0, 1.0, 1.0, 1.0, 1.0, 1.0, 1.0, 1.0, 1.0]"
043ee661,11,33,1,50.0,False,False,"[1, 1, 1]",14.27146488133341,,,,,,,,,,,8.1213285022355,,0.569060609388313,,,,2.8760998249053955,2.8760998249053955,False,,0.0,0.0,,,2.885751247406006,2026-07-19 03:44:56,x86_64,dacsgpu0002,,64,64,3.11.15,0.21,False,False,adam,False,hamqaoa,0.001,False,False,hog,False,True,False,False,False,False,False,1,HOG_graphs/random_graphs_8to14vertices_78instances_20260625_143415_AdjacencyList.txt,False,0,32,1,5,1,,43,"[(3, 8), (2, 6), (2, 9), (4, 9), (7, 8), (0, 5), (0, 2), (1, 10), (6, 9), (4, 5), (3, 10), (7, 10), (8, 9), (1, 3), (9, 10), (1, 6), (0, 10), (1, 9), (6, 8), (5, 6), (3, 6), (2, 10), (3, 9), (2, 7), (4, 7), (7, 9), (0, 3), (1, 2), (1, 8), (0, 6), (1, 5), (0, 9), (5, 8)]","[1.0, 1.0, 1.0, 1.0, 1.0, 1.0, 1.0, 1.0, 1.0, 1.0, 1.0, 1.0, 1.0, 1.0, 1.0, 1.0, 1.0, 1.0, 1.0, 1.0, 1.0, 1.0, 1.0, 1.0, 1.0, 1.0, 1.0, 1.0, 1.0, 1.0, 1.0, 1.0, 1.0]"
1f4f2e9f,11,22,2,50.0,False,False,"[1, 1, 1]",11.400436437426087,,,,,,,,,,,5.581666923379165,,0.4896011616761714,,,,6.496654510498047,6.496654510498047,False,,0.0,0.0,,,6.50229287147522,2026-07-19 03:44:57,x86_64,dacsgpu0002,,64,64,3.11.15,0.22,False,False,adam,False,hamqaoa,0.001,False,False,hog,False,True,False,False,False,False,False,1,HOG_graphs/random_graphs_8to14vertices_78instances_20260625_143415_AdjacencyList.txt,False,0,32,1,5,1,,40,"[(3, 5), (2, 9), (4, 6), (7, 8), (0, 5), (8, 10), (1, 10), (0, 8), (5, 7), (3, 4), (4, 5), (8, 9), (0, 1), (9, 10), (1, 6), (0, 10), (6, 8), (2, 4), (7, 9), (1, 2), (0, 9), (6, 7)]","[1.0, 1.0, 1.0, 1.0, 1.0, 1.0, 1.0, 1.0, 1.0, 1.0, 1.0, 1.0, 1.0, 1.0, 1.0, 1.0, 1.0, 1.0, 1.0, 1.0, 1.0, 1.0]"
650571a6,12,42,1,5.0,False,False,"[1, 1, 1]",17.345805660953108,,,,,,,,,,,10.135000098003339,,0.584291113143167,,,,0.3781769275665283,0.3781769275665283,False,,0.0,0.0,,,0.3859679698944092,2026-07-19 03:44:57,x86_64,dacsgpu0002,,64,64,3.11.15,0.21,False,False,adam,False,hamqaoa,0.001,False,False,hog,False,True,False,False,False,False,False,1,HOG_graphs/random_graphs_8to14vertices_78instances_20260625_143415_AdjacencyList.txt,False,0,32,1,5,1,,46,"[(2, 3), (3, 8), (2, 6), (3, 5), (3, 11), (2, 9), (4, 6), (4, 9), (7, 11), (8, 10), (1, 4), (0, 2), (9, 11), (5, 10), (6, 9), (5, 7), (2, 8), (4, 5), (3, 7), (2, 5), (4, 8), (3, 10), (1, 3), (0, 1), (9, 10), (1, 6), (0, 4), (0, 10), (1, 9), (5, 6), (6, 11), (2, 4), (2, 10), (2, 7), (4, 10), (4, 7), (10, 11), (1, 8), (1, 11), (0, 9), (5, 8), (6, 7)]","[1.0, 1.0, 1.0, 1.0, 1.0, 1.0, 1.0, 1.0, 1.0, 1.0, 1.0, 1.0, 1.0, 1.0, 1.0, 1.0, 1.0, 1.0, 1.0, 1.0, 1.0, 1.0, 1.0, 1.0, 1.0, 1.0, 1.0, 1.0, 1.0, 1.0, 1.0, 1.0, 1.0, 1.0, 1.0, 1.0, 1.0, 1.0, 1.0, 1.0, 1.0, 1.0]"
e5c5af13,12,23,2,10.0,False,False,"[1, 1, 1]",12.144173766467386,,,,,,,,,,,4.299668394154661,,0.3540519492587424,,,,1.5769786834716797,1.5769786834716797,False,,0.0,0.0,,,1.5845155715942383,2026-07-19 03:44:57,x86_64,dacsgpu0002,,64,64,3.11.15,0.21,False,False,adam,False,hamqaoa,0.001,False,False,hog,False,True,False,False,False,False,False,1,HOG_graphs/random_graphs_8to14vertices_78instances_20260625_143415_AdjacencyList.txt,False,0,32,1,5,1,,45,"[(5, 11), (2, 6), (3, 11), (2, 9), (1, 4), (0, 8), (1, 7), (0, 11), (4, 5), (3, 7), (2, 5), (4, 8), (3, 10), (7, 10), (5, 9), (3, 6), (2, 10), (3, 9), (7, 9), (1, 8), (1, 5), (1, 11), (0, 9)]","[1.0, 1.0, 1.0, 1.0, 1.0, 1.0, 1.0, 1.0, 1.0, 1.0, 1.0, 1.0, 1.0, 1.0, 1.0, 1.0, 1.0, 1.0, 1.0, 1.0, 1.0, 1.0, 1.0]"
7273dfee,12,23,1,25.0,False,False,"[1, 1, 1]",12.144173766467386,,,,,,,,,,,5.596223459151322,,0.4608154961191077,,,,1.437026023864746,1.437026023864746,False,,0.0,0.0,,,1.4437434673309326,2026-07-19 03:44:57,x86_64,dacsgpu0002,,64,64,3.11.15,0.21,False,False,adam,False,hamqaoa,0.001,False,False,hog,False,True,False,False,False,False,False,1,HOG_graphs/random_graphs_8to14vertices_78instances_20260625_143415_AdjacencyList.txt,False,0,32,1,5,1,,45,"[(5, 11), (2, 6), (3, 11), (2, 9), (1, 4), (0, 8), (1, 7), (0, 11), (4, 5), (3, 7), (2, 5), (4, 8), (3, 10), (7, 10), (5, 9), (3, 6), (2, 10), (3, 9), (7, 9), (1, 8), (1, 5), (1, 11), (0, 9)]","[1.0, 1.0, 1.0, 1.0, 1.0, 1.0, 1.0, 1.0, 1.0, 1.0, 1.0, 1.0, 1.0, 1.0, 1.0, 1.0, 1.0, 1.0, 1.0, 1.0, 1.0, 1.0, 1.0]"
2ed513de,12,42,1,10.0,False,False,"[1, 1, 1]",17.345805660953108,,,,,,,,,,,11.193191035043956,,0.6452966932657839,,,,0.7720959186553955,0.7720959186553955,False,,0.0,0.0,,,0.7795722484588623,2026-07-19 03:44:57,x86_64,dacsgpu0002,,64,64,3.11.15,0.21,False,False,adam,False,hamqaoa,0.001,False,False,hog,False,True,False,False,False,False,False,1,HOG_graphs/random_graphs_8to14vertices_78instances_20260625_143415_AdjacencyList.txt,False,0,32,1,5,1,,46,"[(2, 3), (3, 8), (2, 6), (3, 5), (3, 11), (2, 9), (4, 6), (4, 9), (7, 11), (8, 10), (1, 4), (0, 2), (9, 11), (5, 10), (6, 9), (5, 7), (2, 8), (4, 5), (3, 7), (2, 5), (4, 8), (3, 10), (1, 3), (0, 1), (9, 10), (1, 6), (0, 4), (0, 10), (1, 9), (5, 6), (6, 11), (2, 4), (2, 10), (2, 7), (4, 10), (4, 7), (10, 11), (1, 8), (1, 11), (0, 9), (5, 8), (6, 7)]","[1.0, 1.0, 1.0, 1.0, 1.0, 1.0, 1.0, 1.0, 1.0, 1.0, 1.0, 1.0, 1.0, 1.0, 1.0, 1.0, 1.0, 1.0, 1.0, 1.0, 1.0, 1.0, 1.0, 1.0, 1.0, 1.0, 1.0, 1.0, 1.0, 1.0, 1.0, 1.0, 1.0, 1.0, 1.0, 1.0, 1.0, 1.0, 1.0, 1.0, 1.0, 1.0]"
48b6b56f,11,33,2,25.0,False,False,"[1, 1, 1]",14.27146488133341,,,,,,,,,,,8.30976348620026,,0.582264228325233,,,,4.129694223403931,4.129694223403931,False,,0.0,0.0,,,4.144124507904053,2026-07-19 03:44:58,x86_64,dacsgpu0002,,64,64,3.11.15,0.21,False,False,adam,False,hamqaoa,0.001,False,False,hog,False,True,False,False,False,False,False,1,HOG_graphs/random_graphs_8to14vertices_78instances_20260625_143415_AdjacencyList.txt,False,0,32,1,5,1,,43,"[(3, 8), (2, 6), (2, 9), (4, 9), (7, 8), (0, 5), (0, 2), (1, 10), (6, 9), (4, 5), (3, 10), (7, 10), (8, 9), (1, 3), (9, 10), (1, 6), (0, 10), (1, 9), (6, 8), (5, 6), (3, 6), (2, 10), (3, 9), (2, 7), (4, 7), (7, 9), (0, 3), (1, 2), (1, 8), (0, 6), (1, 5), (0, 9), (5, 8)]","[1.0, 1.0, 1.0, 1.0, 1.0, 1.0, 1.0, 1.0, 1.0, 1.0, 1.0, 1.0, 1.0, 1.0, 1.0, 1.0, 1.0, 1.0, 1.0, 1.0, 1.0, 1.0, 1.0, 1.0, 1.0, 1.0, 1.0, 1.0, 1.0, 1.0, 1.0, 1.0, 1.0]"
7650ebbe,12,21,1,50.0,False,False,"[1, 1, 1]",10.90973972171772,,,,,,,,,,,5.219261683132633,,0.47840386812737534,,,,2.7540154457092285,2.7540154457092285,False,,0.0,0.0,,,2.760866641998291,2026-07-19 03:44:58,x86_64,dacsgpu0002,,64,64,3.11.15,0.21,False,False,adam,False,hamqaoa,0.001,False,False,hog,False,True,False,False,False,False,False,1,HOG_graphs/random_graphs_8to14vertices_78instances_20260625_143415_AdjacencyList.txt,False,0,32,1,5,1,,44,"[(3, 8), (3, 5), (1, 4), (0, 8), (0, 11), (5, 7), (2, 8), (2, 5), (9, 10), (1, 9), (5, 6), (6, 11), (3, 6), (2, 10), (2, 7), (0, 3), (10, 11), (1, 8), (1, 5), (6, 10), (5, 8)]","[1.0, 1.0, 1.0, 1.0, 1.0, 1.0, 1.0, 1.0, 1.0, 1.0, 1.0, 1.0, 1.0, 1.0, 1.0, 1.0, 1.0, 1.0, 1.0, 1.0, 1.0]"
6c80a983,12,42,2,5.0,False,False,"[1, 1, 1]",17.345805660953108,,,,,,,,,,,10.19102057404751,,0.5875207397825498,,,,1.0737004280090332,1.0737004280090332,False,,0.0,0.0,,,1.0811729431152344,2026-07-19 03:44:58,x86_64,dacsgpu0002,,64,64,3.11.15,0.21,False,False,adam,False,hamqaoa,0.001,False,False,hog,False,True,False,False,False,False,False,1,HOG_graphs/random_graphs_8to14vertices_78instances_20260625_143415_AdjacencyList.txt,False,0,32,1,5,1,,46,"[(2, 3), (3, 8), (2, 6), (3, 5), (3, 11), (2, 9), (4, 6), (4, 9), (7, 11), (8, 10), (1, 4), (0, 2), (9, 11), (5, 10), (6, 9), (5, 7), (2, 8), (4, 5), (3, 7), (2, 5), (4, 8), (3, 10), (1, 3), (0, 1), (9, 10), (1, 6), (0, 4), (0, 10), (1, 9), (5, 6), (6, 11), (2, 4), (2, 10), (2, 7), (4, 10), (4, 7), (10, 11), (1, 8), (1, 11), (0, 9), (5, 8), (6, 7)]","[1.0, 1.0, 1.0, 1.0, 1.0, 1.0, 1.0, 1.0, 1.0, 1.0, 1.0, 1.0, 1.0, 1.0, 1.0, 1.0, 1.0, 1.0, 1.0, 1.0, 1.0, 1.0, 1.0, 1.0, 1.0, 1.0, 1.0, 1.0, 1.0, 1.0, 1.0, 1.0, 1.0, 1.0, 1.0, 1.0, 1.0, 1.0, 1.0, 1.0, 1.0, 1.0]"
1fb02d31,12,18,1,5.0,False,False,"[1, 1, 1]",10.617007221639126,,,,,,,,,,,0.06790522748323803,,0.006395891616691804,,,,0.27077579498291016,0.27077579498291016,False,,0.0,0.0,,,0.27812671661376953,2026-07-19 03:44:58,x86_64,dacsgpu0002,,64,64,3.11.15,0.2,False,True,adam,False,hamqaoa,0.001,False,False,hog,False,True,False,False,False,False,False,1,HOG_graphs/random_graphs_8to14vertices_78instances_20260625_143415_AdjacencyList.txt,False,0,32,1,5,1,,47,"[(0, 11), (1, 3), (3, 9), (0, 4), (4, 7), (5, 10), (5, 7), (3, 5), (6, 9), (1, 2), (1, 8), (6, 8), (6, 11), (0, 9), (2, 11), (4, 8), (7, 10), (2, 10)]","[1.0, 1.0, 1.0, 1.0, 1.0, 1.0, 1.0, 1.0, 1.0, 1.0, 1.0, 1.0, 1.0, 1.0, 1.0, 1.0, 1.0, 1.0]"
50bda1fe,11,22,2,50.0,False,False,"[1, 1, 1]",11.317674756174846,,,,,,,,,,,6.843600422681924,,0.6046825492089797,,,,6.667202711105347,6.667202711105347,False,,0.0,0.0,,,6.67513108253479,2026-07-19 03:44:58,x86_64,dacsgpu0002,,64,64,3.11.15,0.21,False,False,adam,False,hamqaoa,0.001,False,False,hog,False,True,False,False,False,False,False,1,HOG_graphs/random_graphs_8to14vertices_78instances_20260625_143415_AdjacencyList.txt,False,0,32,1,5,1,,41,"[(2, 3), (3, 5), (2, 9), (4, 6), (4, 9), (7, 8), (8, 10), (1, 4), (0, 2), (5, 10), (5, 7), (3, 4), (7, 10), (8, 9), (1, 3), (9, 10), (0, 4), (6, 8), (5, 6), (2, 10), (7, 9), (6, 7)]","[1.0, 1.0, 1.0, 1.0, 1.0, 1.0, 1.0, 1.0, 1.0, 1.0, 1.0, 1.0, 1.0, 1.0, 1.0, 1.0, 1.0, 1.0, 1.0, 1.0, 1.0, 1.0]"
0445db73,12,21,2,25.0,False,False,"[1, 1, 1]",10.90973972171772,,,,,,,,,,,5.078084972572856,,0.4654634392848118,,,,3.7288196086883545,3.7288196086883545,False,,0.0,0.0,,,3.736021041870117,2026-07-19 03:44:58,x86_64,dacsgpu0002,,64,64,3.11.15,0.21,False,False,adam,False,hamqaoa,0.001,False,False,hog,False,True,False,False,False,False,False,1,HOG_graphs/random_graphs_8to14vertices_78instances_20260625_143415_AdjacencyList.txt,False,0,32,1,5,1,,44,"[(3, 8), (3, 5), (1, 4), (0, 8), (0, 11), (5, 7), (2, 8), (2, 5), (9, 10), (1, 9), (5, 6), (6, 11), (3, 6), (2, 10), (2, 7), (0, 3), (10, 11), (1, 8), (1, 5), (6, 10), (5, 8)]","[1.0, 1.0, 1.0, 1.0, 1.0, 1.0, 1.0, 1.0, 1.0, 1.0, 1.0, 1.0, 1.0, 1.0, 1.0, 1.0, 1.0, 1.0, 1.0, 1.0, 1.0]"
146f7486,12,18,1,10.0,False,False,"[1, 1, 1]",10.617007221639126,,,,,,,,,,,3.670697680281612,,0.3457375137505939,,,,0.48155856132507324,0.48155856132507324,False,,0.0,0.0,,,0.4914116859436035,2026-07-19 03:44:59,x86_64,dacsgpu0002,,64,64,3.11.15,0.21,False,True,adam,False,hamqaoa,0.001,False,False,hog,False,True,False,False,False,False,False,1,HOG_graphs/random_graphs_8to14vertices_78instances_20260625_143415_AdjacencyList.txt,False,0,32,1,5,1,,47,"[(0, 11), (1, 3), (3, 9), (0, 4), (4, 7), (5, 10), (5, 7), (3, 5), (6, 9), (1, 2), (1, 8), (6, 8), (6, 11), (0, 9), (2, 11), (4, 8), (7, 10), (2, 10)]","[1.0, 1.0, 1.0, 1.0, 1.0, 1.0, 1.0, 1.0, 1.0, 1.0, 1.0, 1.0, 1.0, 1.0, 1.0, 1.0, 1.0, 1.0]"
9720a60b,12,18,2,5.0,False,False,"[1, 1, 1]",10.617007221639126,,,,,,,,,,,5.2389885804739835,,0.493452483464088,,,,0.7234184741973877,0.7234184741973877,False,,0.0,0.0,,,0.7311062812805176,2026-07-19 03:44:59,x86_64,dacsgpu0002,,64,64,3.11.15,0.21,False,True,adam,False,hamqaoa,0.001,False,False,hog,False,True,False,False,False,False,False,1,HOG_graphs/random_graphs_8to14vertices_78instances_20260625_143415_AdjacencyList.txt,False,0,32,1,5,1,,47,"[(0, 11), (1, 3), (3, 9), (0, 4), (4, 7), (5, 10), (5, 7), (3, 5), (6, 9), (1, 2), (1, 8), (6, 8), (6, 11), (0, 9), (2, 11), (4, 8), (7, 10), (2, 10)]","[1.0, 1.0, 1.0, 1.0, 1.0, 1.0, 1.0, 1.0, 1.0, 1.0, 1.0, 1.0, 1.0, 1.0, 1.0, 1.0, 1.0, 1.0]"
6659aa75,12,23,1,50.0,False,False,"[1, 1, 1]",12.144173766467386,,,,,,,,,,,6.052040762799027,,0.49834932200245546,,,,2.805143356323242,2.805143356323242,False,,0.0,0.0,,,2.811971664428711,2026-07-19 03:44:59,x86_64,dacsgpu0002,,64,64,3.11.15,0.21,False,False,adam,False,hamqaoa,0.001,False,False,hog,False,True,False,False,False,False,False,1,HOG_graphs/random_graphs_8to14vertices_78instances_20260625_143415_AdjacencyList.txt,False,0,32,1,5,1,,45,"[(5, 11), (2, 6), (3, 11), (2, 9), (1, 4), (0, 8), (1, 7), (0, 11), (4, 5), (3, 7), (2, 5), (4, 8), (3, 10), (7, 10), (5, 9), (3, 6), (2, 10), (3, 9), (7, 9), (1, 8), (1, 5), (1, 11), (0, 9)]","[1.0, 1.0, 1.0, 1.0, 1.0, 1.0, 1.0, 1.0, 1.0, 1.0, 1.0, 1.0, 1.0, 1.0, 1.0, 1.0, 1.0, 1.0, 1.0, 1.0, 1.0, 1.0, 1.0]"
d180a410,12,42,1,25.0,False,False,"[1, 1, 1]",17.345805660953108,,,,,,,,,,,10.069752738561474,,0.5805295490672624,,,,1.9545745849609375,1.9545745849609375,False,,0.0,0.0,,,1.9623146057128906,2026-07-19 03:44:59,x86_64,dacsgpu0002,,64,64,3.11.15,0.21,False,False,adam,False,hamqaoa,0.001,False,False,hog,False,True,False,False,False,False,False,1,HOG_graphs/random_graphs_8to14vertices_78instances_20260625_143415_AdjacencyList.txt,False,0,32,1,5,1,,46,"[(2, 3), (3, 8), (2, 6), (3, 5), (3, 11), (2, 9), (4, 6), (4, 9), (7, 11), (8, 10), (1, 4), (0, 2), (9, 11), (5, 10), (6, 9), (5, 7), (2, 8), (4, 5), (3, 7), (2, 5), (4, 8), (3, 10), (1, 3), (0, 1), (9, 10), (1, 6), (0, 4), (0, 10), (1, 9), (5, 6), (6, 11), (2, 4), (2, 10), (2, 7), (4, 10), (4, 7), (10, 11), (1, 8), (1, 11), (0, 9), (5, 8), (6, 7)]","[1.0, 1.0, 1.0, 1.0, 1.0, 1.0, 1.0, 1.0, 1.0, 1.0, 1.0, 1.0, 1.0, 1.0, 1.0, 1.0, 1.0, 1.0, 1.0, 1.0, 1.0, 1.0, 1.0, 1.0, 1.0, 1.0, 1.0, 1.0, 1.0, 1.0, 1.0, 1.0, 1.0, 1.0, 1.0, 1.0, 1.0, 1.0, 1.0, 1.0, 1.0, 1.0]"
ce0d1b2b,12,42,2,10.0,False,False,"[1, 1, 1]",17.345805660953108,,,,,,,,,,,10.04703574793276,,0.5792198958247006,,,,2.242751121520996,2.242751121520996,False,,0.0,0.0,,,2.249727249145508,2026-07-19 03:44:59,x86_64,dacsgpu0002,,64,64,3.11.15,0.21,False,False,adam,False,hamqaoa,0.001,False,False,hog,False,True,False,False,False,False,False,1,HOG_graphs/random_graphs_8to14vertices_78instances_20260625_143415_AdjacencyList.txt,False,0,32,1,5,1,,46,"[(2, 3), (3, 8), (2, 6), (3, 5), (3, 11), (2, 9), (4, 6), (4, 9), (7, 11), (8, 10), (1, 4), (0, 2), (9, 11), (5, 10), (6, 9), (5, 7), (2, 8), (4, 5), (3, 7), (2, 5), (4, 8), (3, 10), (1, 3), (0, 1), (9, 10), (1, 6), (0, 4), (0, 10), (1, 9), (5, 6), (6, 11), (2, 4), (2, 10), (2, 7), (4, 10), (4, 7), (10, 11), (1, 8), (1, 11), (0, 9), (5, 8), (6, 7)]","[1.0, 1.0, 1.0, 1.0, 1.0, 1.0, 1.0, 1.0, 1.0, 1.0, 1.0, 1.0, 1.0, 1.0, 1.0, 1.0, 1.0, 1.0, 1.0, 1.0, 1.0, 1.0, 1.0, 1.0, 1.0, 1.0, 1.0, 1.0, 1.0, 1.0, 1.0, 1.0, 1.0, 1.0, 1.0, 1.0, 1.0, 1.0, 1.0, 1.0, 1.0, 1.0]"
8913bcad,12,24,1,5.0,False,False,"[1, 1, 1]",12.186183800367058,,,,,,,,,,,5.995062022130571,,0.4919556540703083,,,,0.3267972469329834,0.3267972469329834,False,,0.0,0.0,,,0.3338906764984131,2026-07-19 03:44:59,x86_64,dacsgpu0002,,64,64,3.11.15,0.2,False,False,adam,False,hamqaoa,0.001,False,False,hog,False,True,False,False,False,False,False,1,HOG_graphs/random_graphs_8to14vertices_78instances_20260625_143415_AdjacencyList.txt,False,0,32,1,5,1,,48,"[(3, 8), (3, 5), (4, 9), (1, 10), (0, 11), (6, 9), (5, 7), (3, 4), (3, 7), (2, 5), (4, 8), (4, 11), (7, 10), (8, 9), (0, 10), (6, 8), (6, 11), (2, 10), (2, 7), (1, 2), (0, 6), (1, 5), (1, 11), (0, 9)]","[1.0, 1.0, 1.0, 1.0, 1.0, 1.0, 1.0, 1.0, 1.0, 1.0, 1.0, 1.0, 1.0, 1.0, 1.0, 1.0, 1.0, 1.0, 1.0, 1.0, 1.0, 1.0, 1.0, 1.0]"
d902d1ae,12,18,1,25.0,False,False,"[1, 1, 1]",10.617007221639126,,,,,,,,,,,2.5111094037292117,,0.23651763169296683,,,,1.213200330734253,1.213200330734253,False,,0.0,0.0,,,1.221358060836792,2026-07-19 03:45:00,x86_64,dacsgpu0002,,64,64,3.11.15,0.21,False,True,adam,False,hamqaoa,0.001,False,False,hog,False,True,False,False,False,False,False,1,HOG_graphs/random_graphs_8to14vertices_78instances_20260625_143415_AdjacencyList.txt,False,0,32,1,5,1,,47,"[(0, 11), (1, 3), (3, 9), (0, 4), (4, 7), (5, 10), (5, 7), (3, 5), (6, 9), (1, 2), (1, 8), (6, 8), (6, 11), (0, 9), (2, 11), (4, 8), (7, 10), (2, 10)]","[1.0, 1.0, 1.0, 1.0, 1.0, 1.0, 1.0, 1.0, 1.0, 1.0, 1.0, 1.0, 1.0, 1.0, 1.0, 1.0, 1.0, 1.0]"
d501731e,12,18,2,10.0,False,False,"[1, 1, 1]",10.617007221639126,,,,,,,,,,,4.6112597837585945,,0.4343276487897761,,,,1.5148015022277832,1.5148015022277832,False,,0.0,0.0,,,1.5239710807800293,2026-07-19 03:45:00,x86_64,dacsgpu0002,,64,64,3.11.15,0.22,False,True,adam,False,hamqaoa,0.001,False,False,hog,False,True,False,False,False,False,False,1,HOG_graphs/random_graphs_8to14vertices_78instances_20260625_143415_AdjacencyList.txt,False,0,32,1,5,1,,47,"[(0, 11), (1, 3), (3, 9), (0, 4), (4, 7), (5, 10), (5, 7), (3, 5), (6, 9), (1, 2), (1, 8), (6, 8), (6, 11), (0, 9), (2, 11), (4, 8), (7, 10), (2, 10)]","[1.0, 1.0, 1.0, 1.0, 1.0, 1.0, 1.0, 1.0, 1.0, 1.0, 1.0, 1.0, 1.0, 1.0, 1.0, 1.0, 1.0, 1.0]"
e808e643,12,24,1,10.0,False,False,"[1, 1, 1]",12.186183800367058,,,,,,,,,,,7.514977206429177,,0.6166801132773674,,,,0.5846281051635742,0.5846281051635742,False,,0.0,0.0,,,0.592442512512207,2026-07-19 03:45:00,x86_64,dacsgpu0002,,64,64,3.11.15,0.21,False,False,adam,False,hamqaoa,0.001,False,False,hog,False,True,False,False,False,False,False,1,HOG_graphs/random_graphs_8to14vertices_78instances_20260625_143415_AdjacencyList.txt,False,0,32,1,5,1,,48,"[(3, 8), (3, 5), (4, 9), (1, 10), (0, 11), (6, 9), (5, 7), (3, 4), (3, 7), (2, 5), (4, 8), (4, 11), (7, 10), (8, 9), (0, 10), (6, 8), (6, 11), (2, 10), (2, 7), (1, 2), (0, 6), (1, 5), (1, 11), (0, 9)]","[1.0, 1.0, 1.0, 1.0, 1.0, 1.0, 1.0, 1.0, 1.0, 1.0, 1.0, 1.0, 1.0, 1.0, 1.0, 1.0, 1.0, 1.0, 1.0, 1.0, 1.0, 1.0, 1.0, 1.0]"
a8e0968b,12,23,2,25.0,False,False,"[1, 1, 1]",12.144173766467386,,,,,,,,,,,5.934283069686021,,0.48865268101415205,,,,3.9660146236419678,3.9660146236419678,False,,0.0,0.0,,,3.9731247425079346,2026-07-19 03:45:00,x86_64,dacsgpu0002,,64,64,3.11.15,0.21,False,False,adam,False,hamqaoa,0.001,False,False,hog,False,True,False,False,False,False,False,1,HOG_graphs/random_graphs_8to14vertices_78instances_20260625_143415_AdjacencyList.txt,False,0,32,1,5,1,,45,"[(5, 11), (2, 6), (3, 11), (2, 9), (1, 4), (0, 8), (1, 7), (0, 11), (4, 5), (3, 7), (2, 5), (4, 8), (3, 10), (7, 10), (5, 9), (3, 6), (2, 10), (3, 9), (7, 9), (1, 8), (1, 5), (1, 11), (0, 9)]","[1.0, 1.0, 1.0, 1.0, 1.0, 1.0, 1.0, 1.0, 1.0, 1.0, 1.0, 1.0, 1.0, 1.0, 1.0, 1.0, 1.0, 1.0, 1.0, 1.0, 1.0, 1.0, 1.0]"
ca55bc4f,12,24,2,5.0,False,False,"[1, 1, 1]",12.186183800367058,,,,,,,,,,,5.996389316890347,,0.4920645720697016,,,,0.8287348747253418,0.8287348747253418,False,,0.0,0.0,,,0.8388054370880127,2026-07-19 03:45:00,x86_64,dacsgpu0002,,64,64,3.11.15,0.21,False,False,adam,False,hamqaoa,0.001,False,False,hog,False,True,False,False,False,False,False,1,HOG_graphs/random_graphs_8to14vertices_78instances_20260625_143415_AdjacencyList.txt,False,0,32,1,5,1,,48,"[(3, 8), (3, 5), (4, 9), (1, 10), (0, 11), (6, 9), (5, 7), (3, 4), (3, 7), (2, 5), (4, 8), (4, 11), (7, 10), (8, 9), (0, 10), (6, 8), (6, 11), (2, 10), (2, 7), (1, 2), (0, 6), (1, 5), (1, 11), (0, 9)]","[1.0, 1.0, 1.0, 1.0, 1.0, 1.0, 1.0, 1.0, 1.0, 1.0, 1.0, 1.0, 1.0, 1.0, 1.0, 1.0, 1.0, 1.0, 1.0, 1.0, 1.0, 1.0, 1.0, 1.0]"
dc4b3437,11,33,2,50.0,False,False,"[1, 1, 1]",13.965647609088416,,,,,,,,,,,8.252073000736006,,0.5908836619481799,,,,7.950371265411377,7.950371265411377,False,,0.0,0.0,,,7.9575371742248535,2026-07-19 03:45:00,x86_64,dacsgpu0002,,64,64,3.11.15,0.21,False,False,adam,False,hamqaoa,0.001,False,False,hog,False,True,False,False,False,False,False,1,HOG_graphs/random_graphs_8to14vertices_78instances_20260625_143415_AdjacencyList.txt,False,0,32,1,5,1,,42,"[(2, 3), (3, 5), (4, 6), (7, 8), (8, 10), (1, 4), (1, 10), (0, 2), (0, 8), (6, 9), (5, 7), (3, 4), (3, 7), (4, 8), (8, 9), (1, 3), (0, 1), (9, 10), (0, 10), (1, 9), (0, 7), (6, 8), (5, 6), (5, 9), (3, 6), (2, 4), (2, 10), (2, 7), (4, 7), (0, 3), (1, 2), (5, 8), (6, 7)]","[1.0, 1.0, 1.0, 1.0, 1.0, 1.0, 1.0, 1.0, 1.0, 1.0, 1.0, 1.0, 1.0, 1.0, 1.0, 1.0, 1.0, 1.0, 1.0, 1.0, 1.0, 1.0, 1.0, 1.0, 1.0, 1.0, 1.0, 1.0, 1.0, 1.0, 1.0, 1.0, 1.0]"
bb9e117c,12,30,1,5.0,False,False,"[1, 1, 1]",14.510477488753505,,,,,,,,,,,3.3558470103182922,,0.23127061207456998,,,,0.33054280281066895,0.33054280281066895,False,,0.0,0.0,,,0.3376469612121582,2026-07-19 03:45:01,x86_64,dacsgpu0002,,64,64,3.11.15,0.21,False,False,adam,False,hamqaoa,0.001,False,False,hog,False,True,False,False,False,False,False,1,HOG_graphs/random_graphs_8to14vertices_78instances_20260625_143415_AdjacencyList.txt,False,0,32,1,5,1,,49,"[(5, 11), (3, 8), (3, 5), (2, 9), (0, 5), (8, 10), (1, 10), (0, 2), (0, 8), (1, 7), (0, 11), (6, 9), (3, 4), (2, 8), (4, 8), (3, 10), (4, 11), (1, 3), (9, 10), (1, 6), (0, 4), (5, 6), (6, 11), (5, 9), (2, 7), (4, 7), (7, 9), (1, 2), (10, 11), (6, 7)]","[1.0, 1.0, 1.0, 1.0, 1.0, 1.0, 1.0, 1.0, 1.0, 1.0, 1.0, 1.0, 1.0, 1.0, 1.0, 1.0, 1.0, 1.0, 1.0, 1.0, 1.0, 1.0, 1.0, 1.0, 1.0, 1.0, 1.0, 1.0, 1.0, 1.0]"
1ef724d2,12,24,2,10.0,False,False,"[1, 1, 1]",12.186183800367058,,,,,,,,,,,5.879755349765816,,0.48249357190794323,,,,1.569293737411499,1.569293737411499,False,,0.0,0.0,,,1.5803699493408203,2026-07-19 03:45:01,x86_64,dacsgpu0002,,64,64,3.11.15,0.21,False,False,adam,False,hamqaoa,0.001,False,False,hog,False,True,False,False,False,False,False,1,HOG_graphs/random_graphs_8to14vertices_78instances_20260625_143415_AdjacencyList.txt,False,0,32,1,5,1,,48,"[(3, 8), (3, 5), (4, 9), (1, 10), (0, 11), (6, 9), (5, 7), (3, 4), (3, 7), (2, 5), (4, 8), (4, 11), (7, 10), (8, 9), (0, 10), (6, 8), (6, 11), (2, 10), (2, 7), (1, 2), (0, 6), (1, 5), (1, 11), (0, 9)]","[1.0, 1.0, 1.0, 1.0, 1.0, 1.0, 1.0, 1.0, 1.0, 1.0, 1.0, 1.0, 1.0, 1.0, 1.0, 1.0, 1.0, 1.0, 1.0, 1.0, 1.0, 1.0, 1.0, 1.0]"
58b6eaf9,12,24,1,25.0,False,False,"[1, 1, 1]",12.186183800367058,,,,,,,,,,,5.937636953888812,,0.4872433446892509,,,,1.4644694328308105,1.4644694328308105,False,,0.0,0.0,,,1.473057508468628,2026-07-19 03:45:01,x86_64,dacsgpu0002,,64,64,3.11.15,0.21,False,False,adam,False,hamqaoa,0.001,False,False,hog,False,True,False,False,False,False,False,1,HOG_graphs/random_graphs_8to14vertices_78instances_20260625_143415_AdjacencyList.txt,False,0,32,1,5,1,,48,"[(3, 8), (3, 5), (4, 9), (1, 10), (0, 11), (6, 9), (5, 7), (3, 4), (3, 7), (2, 5), (4, 8), (4, 11), (7, 10), (8, 9), (0, 10), (6, 8), (6, 11), (2, 10), (2, 7), (1, 2), (0, 6), (1, 5), (1, 11), (0, 9)]","[1.0, 1.0, 1.0, 1.0, 1.0, 1.0, 1.0, 1.0, 1.0, 1.0, 1.0, 1.0, 1.0, 1.0, 1.0, 1.0, 1.0, 1.0, 1.0, 1.0, 1.0, 1.0, 1.0, 1.0]"
f8f24d39,12,42,1,50.0,False,False,"[1, 1, 1]",17.345805660953108,,,,,,,,,,,8.652357248919294,,0.49881553028098835,,,,3.852299690246582,3.852299690246582,False,,0.0,0.0,,,3.8605639934539795,2026-07-19 03:45:01,x86_64,dacsgpu0002,,64,64,3.11.15,0.21,False,False,adam,False,hamqaoa,0.001,False,False,hog,False,True,False,False,False,False,False,1,HOG_graphs/random_graphs_8to14vertices_78instances_20260625_143415_AdjacencyList.txt,False,0,32,1,5,1,,46,"[(2, 3), (3, 8), (2, 6), (3, 5), (3, 11), (2, 9), (4, 6), (4, 9), (7, 11), (8, 10), (1, 4), (0, 2), (9, 11), (5, 10), (6, 9), (5, 7), (2, 8), (4, 5), (3, 7), (2, 5), (4, 8), (3, 10), (1, 3), (0, 1), (9, 10), (1, 6), (0, 4), (0, 10), (1, 9), (5, 6), (6, 11), (2, 4), (2, 10), (2, 7), (4, 10), (4, 7), (10, 11), (1, 8), (1, 11), (0, 9), (5, 8), (6, 7)]","[1.0, 1.0, 1.0, 1.0, 1.0, 1.0, 1.0, 1.0, 1.0, 1.0, 1.0, 1.0, 1.0, 1.0, 1.0, 1.0, 1.0, 1.0, 1.0, 1.0, 1.0, 1.0, 1.0, 1.0, 1.0, 1.0, 1.0, 1.0, 1.0, 1.0, 1.0, 1.0, 1.0, 1.0, 1.0, 1.0, 1.0, 1.0, 1.0, 1.0, 1.0, 1.0]"
3d1a0e29,12,18,1,50.0,False,False,"[1, 1, 1]",10.617007221639126,,,,,,,,,,,4.309454068465821,,0.4059010207398633,,,,2.540720224380493,2.540720224380493,False,,0.0,0.0,,,2.5484416484832764,2026-07-19 03:45:01,x86_64,dacsgpu0002,,64,64,3.11.15,0.21,False,True,adam,False,hamqaoa,0.001,False,False,hog,False,True,False,False,False,False,False,1,HOG_graphs/random_graphs_8to14vertices_78instances_20260625_143415_AdjacencyList.txt,False,0,32,1,5,1,,47,"[(0, 11), (1, 3), (3, 9), (0, 4), (4, 7), (5, 10), (5, 7), (3, 5), (6, 9), (1, 2), (1, 8), (6, 8), (6, 11), (0, 9), (2, 11), (4, 8), (7, 10), (2, 10)]","[1.0, 1.0, 1.0, 1.0, 1.0, 1.0, 1.0, 1.0, 1.0, 1.0, 1.0, 1.0, 1.0, 1.0, 1.0, 1.0, 1.0, 1.0]"
5dd4adcd,12,30,1,10.0,False,False,"[1, 1, 1]",14.510477488753505,,,,,,,,,,,7.29882120257557,,0.5030035164750848,,,,0.6501226425170898,0.6501226425170898,False,,0.0,0.0,,,0.6580650806427002,2026-07-19 03:45:01,x86_64,dacsgpu0002,,64,64,3.11.15,0.21,False,False,adam,False,hamqaoa,0.001,False,False,hog,False,True,False,False,False,False,False,1,HOG_graphs/random_graphs_8to14vertices_78instances_20260625_143415_AdjacencyList.txt,False,0,32,1,5,1,,49,"[(5, 11), (3, 8), (3, 5), (2, 9), (0, 5), (8, 10), (1, 10), (0, 2), (0, 8), (1, 7), (0, 11), (6, 9), (3, 4), (2, 8), (4, 8), (3, 10), (4, 11), (1, 3), (9, 10), (1, 6), (0, 4), (5, 6), (6, 11), (5, 9), (2, 7), (4, 7), (7, 9), (1, 2), (10, 11), (6, 7)]","[1.0, 1.0, 1.0, 1.0, 1.0, 1.0, 1.0, 1.0, 1.0, 1.0, 1.0, 1.0, 1.0, 1.0, 1.0, 1.0, 1.0, 1.0, 1.0, 1.0, 1.0, 1.0, 1.0, 1.0, 1.0, 1.0, 1.0, 1.0, 1.0, 1.0]"
aab1f061,12,30,2,5.0,False,False,"[1, 1, 1]",14.510477488753505,,,,,,,,,,,6.2427108435744225,,0.4302209109529924,,,,0.8996586799621582,0.8996586799621582,False,,0.0,0.0,,,0.9102380275726318,2026-07-19 03:45:01,x86_64,dacsgpu0002,,64,64,3.11.15,0.21,False,False,adam,False,hamqaoa,0.001,False,False,hog,False,True,False,False,False,False,False,1,HOG_graphs/random_graphs_8to14vertices_78instances_20260625_143415_AdjacencyList.txt,False,0,32,1,5,1,,49,"[(5, 11), (3, 8), (3, 5), (2, 9), (0, 5), (8, 10), (1, 10), (0, 2), (0, 8), (1, 7), (0, 11), (6, 9), (3, 4), (2, 8), (4, 8), (3, 10), (4, 11), (1, 3), (9, 10), (1, 6), (0, 4), (5, 6), (6, 11), (5, 9), (2, 7), (4, 7), (7, 9), (1, 2), (10, 11), (6, 7)]","[1.0, 1.0, 1.0, 1.0, 1.0, 1.0, 1.0, 1.0, 1.0, 1.0, 1.0, 1.0, 1.0, 1.0, 1.0, 1.0, 1.0, 1.0, 1.0, 1.0, 1.0, 1.0, 1.0, 1.0, 1.0, 1.0, 1.0, 1.0, 1.0, 1.0]"
735d9a59,11,33,2,50.0,False,False,"[1, 1, 1]",14.27146488133341,,,,,,,,,,,8.549346798367644,,0.5990518050848374,,,,8.109882831573486,8.109882831573486,False,,0.0,0.0,,,8.11666226387024,2026-07-19 03:45:02,x86_64,dacsgpu0002,,64,64,3.11.15,0.21,False,False,adam,False,hamqaoa,0.001,False,False,hog,False,True,False,False,False,False,False,1,HOG_graphs/random_graphs_8to14vertices_78instances_20260625_143415_AdjacencyList.txt,False,0,32,1,5,1,,43,"[(3, 8), (2, 6), (2, 9), (4, 9), (7, 8), (0, 5), (0, 2), (1, 10), (6, 9), (4, 5), (3, 10), (7, 10), (8, 9), (1, 3), (9, 10), (1, 6), (0, 10), (1, 9), (6, 8), (5, 6), (3, 6), (2, 10), (3, 9), (2, 7), (4, 7), (7, 9), (0, 3), (1, 2), (1, 8), (0, 6), (1, 5), (0, 9), (5, 8)]","[1.0, 1.0, 1.0, 1.0, 1.0, 1.0, 1.0, 1.0, 1.0, 1.0, 1.0, 1.0, 1.0, 1.0, 1.0, 1.0, 1.0, 1.0, 1.0, 1.0, 1.0, 1.0, 1.0, 1.0, 1.0, 1.0, 1.0, 1.0, 1.0, 1.0, 1.0, 1.0, 1.0]"
5f3459a1,12,20,1,5.0,False,False,"[1, 1, 1]",10.095913301643497,,,,,,,,,,,6.093487425400817,,0.6035598012127212,,,,0.28952479362487793,0.28952479362487793,False,,0.0,0.0,,,0.2963433265686035,2026-07-19 03:45:02,x86_64,dacsgpu0002,,64,64,3.11.15,0.2,False,False,adam,False,hamqaoa,0.001,False,False,hog,False,True,False,False,False,False,False,1,HOG_graphs/random_graphs_8to14vertices_78instances_20260625_143415_AdjacencyList.txt,False,0,32,1,5,1,,50,"[(5, 11), (2, 6), (0, 5), (0, 2), (5, 10), (2, 8), (2, 5), (2, 11), (1, 3), (0, 1), (0, 4), (0, 10), (0, 7), (6, 8), (2, 4), (3, 9), (2, 7), (7, 9), (0, 3), (0, 6)]","[1.0, 1.0, 1.0, 1.0, 1.0, 1.0, 1.0, 1.0, 1.0, 1.0, 1.0, 1.0, 1.0, 1.0, 1.0, 1.0, 1.0, 1.0, 1.0, 1.0]"
711b7146,12,18,2,25.0,False,False,"[1, 1, 1]",10.617007221639126,,,,,,,,,,,3.5575446933211365,,0.3350798034751547,,,,3.5757339000701904,3.5757339000701904,False,,0.0,0.0,,,3.5827841758728027,2026-07-19 03:45:02,x86_64,dacsgpu0002,,64,64,3.11.15,0.22,False,True,adam,False,hamqaoa,0.001,False,False,hog,False,True,False,False,False,False,False,1,HOG_graphs/random_graphs_8to14vertices_78instances_20260625_143415_AdjacencyList.txt,False,0,32,1,5,1,,47,"[(0, 11), (1, 3), (3, 9), (0, 4), (4, 7), (5, 10), (5, 7), (3, 5), (6, 9), (1, 2), (1, 8), (6, 8), (6, 11), (0, 9), (2, 11), (4, 8), (7, 10), (2, 10)]","[1.0, 1.0, 1.0, 1.0, 1.0, 1.0, 1.0, 1.0, 1.0, 1.0, 1.0, 1.0, 1.0, 1.0, 1.0, 1.0, 1.0, 1.0]"
35e13f00,12,20,1,10.0,False,False,"[1, 1, 1]",10.095913301643497,,,,,,,,,,,5.037978777642177,,0.4990116918716064,,,,0.5344936847686768,0.5344936847686768,False,,0.0,0.0,,,0.5419926643371582,2026-07-19 03:45:02,x86_64,dacsgpu0002,,64,64,3.11.15,0.21,False,False,adam,False,hamqaoa,0.001,False,False,hog,False,True,False,False,False,False,False,1,HOG_graphs/random_graphs_8to14vertices_78instances_20260625_143415_AdjacencyList.txt,False,0,32,1,5,1,,50,"[(5, 11), (2, 6), (0, 5), (0, 2), (5, 10), (2, 8), (2, 5), (2, 11), (1, 3), (0, 1), (0, 4), (0, 10), (0, 7), (6, 8), (2, 4), (3, 9), (2, 7), (7, 9), (0, 3), (0, 6)]","[1.0, 1.0, 1.0, 1.0, 1.0, 1.0, 1.0, 1.0, 1.0, 1.0, 1.0, 1.0, 1.0, 1.0, 1.0, 1.0, 1.0, 1.0, 1.0, 1.0]"
640dd806,12,30,1,25.0,False,False,"[1, 1, 1]",14.510477488753505,,,,,,,,,,,7.454382584435223,,0.5137241410706724,,,,1.6145880222320557,1.6145880222320557,False,,0.0,0.0,,,1.6209805011749268,2026-07-19 03:45:02,x86_64,dacsgpu0002,,64,64,3.11.15,0.21,False,False,adam,False,hamqaoa,0.001,False,False,hog,False,True,False,False,False,False,False,1,HOG_graphs/random_graphs_8to14vertices_78instances_20260625_143415_AdjacencyList.txt,False,0,32,1,5,1,,49,"[(5, 11), (3, 8), (3, 5), (2, 9), (0, 5), (8, 10), (1, 10), (0, 2), (0, 8), (1, 7), (0, 11), (6, 9), (3, 4), (2, 8), (4, 8), (3, 10), (4, 11), (1, 3), (9, 10), (1, 6), (0, 4), (5, 6), (6, 11), (5, 9), (2, 7), (4, 7), (7, 9), (1, 2), (10, 11), (6, 7)]","[1.0, 1.0, 1.0, 1.0, 1.0, 1.0, 1.0, 1.0, 1.0, 1.0, 1.0, 1.0, 1.0, 1.0, 1.0, 1.0, 1.0, 1.0, 1.0, 1.0, 1.0, 1.0, 1.0, 1.0, 1.0, 1.0, 1.0, 1.0, 1.0, 1.0]"
5bfd5fed,12,20,2,5.0,False,False,"[1, 1, 1]",10.095913301643497,,,,,,,,,,,5.045589352294268,,0.49976551913068673,,,,0.7823317050933838,0.7823317050933838,False,,0.0,0.0,,,0.7895569801330566,2026-07-19 03:45:03,x86_64,dacsgpu0002,,64,64,3.11.15,0.21,False,False,adam,False,hamqaoa,0.001,False,False,hog,False,True,False,False,False,False,False,1,HOG_graphs/random_graphs_8to14vertices_78instances_20260625_143415_AdjacencyList.txt,False,0,32,1,5,1,,50,"[(5, 11), (2, 6), (0, 5), (0, 2), (5, 10), (2, 8), (2, 5), (2, 11), (1, 3), (0, 1), (0, 4), (0, 10), (0, 7), (6, 8), (2, 4), (3, 9), (2, 7), (7, 9), (0, 3), (0, 6)]","[1.0, 1.0, 1.0, 1.0, 1.0, 1.0, 1.0, 1.0, 1.0, 1.0, 1.0, 1.0, 1.0, 1.0, 1.0, 1.0, 1.0, 1.0, 1.0, 1.0]"
fcc83ae3,12,30,2,10.0,False,False,"[1, 1, 1]",14.510477488753505,,,,,,,,,,,7.565505724099293,,0.521382272221091,,,,1.8571672439575195,1.8571672439575195,False,,0.0,0.0,,,1.862417459487915,2026-07-19 03:45:03,x86_64,dacsgpu0002,,64,64,3.11.15,0.21,False,False,adam,False,hamqaoa,0.001,False,False,hog,False,True,False,False,False,False,False,1,HOG_graphs/random_graphs_8to14vertices_78instances_20260625_143415_AdjacencyList.txt,False,0,32,1,5,1,,49,"[(5, 11), (3, 8), (3, 5), (2, 9), (0, 5), (8, 10), (1, 10), (0, 2), (0, 8), (1, 7), (0, 11), (6, 9), (3, 4), (2, 8), (4, 8), (3, 10), (4, 11), (1, 3), (9, 10), (1, 6), (0, 4), (5, 6), (6, 11), (5, 9), (2, 7), (4, 7), (7, 9), (1, 2), (10, 11), (6, 7)]","[1.0, 1.0, 1.0, 1.0, 1.0, 1.0, 1.0, 1.0, 1.0, 1.0, 1.0, 1.0, 1.0, 1.0, 1.0, 1.0, 1.0, 1.0, 1.0, 1.0, 1.0, 1.0, 1.0, 1.0, 1.0, 1.0, 1.0, 1.0, 1.0, 1.0]"
b1f4b821,12,21,2,50.0,False,False,"[1, 1, 1]",10.90973972171772,,,,,,,,,,,4.946055796570833,,0.4533614845755536,,,,7.641946077346802,7.641946077346802,False,,0.0,0.0,,,7.6483988761901855,2026-07-19 03:45:03,x86_64,dacsgpu0002,,64,64,3.11.15,0.22,False,False,adam,False,hamqaoa,0.001,False,False,hog,False,True,False,False,False,False,False,1,HOG_graphs/random_graphs_8to14vertices_78instances_20260625_143415_AdjacencyList.txt,False,0,32,1,5,1,,44,"[(3, 8), (3, 5), (1, 4), (0, 8), (0, 11), (5, 7), (2, 8), (2, 5), (9, 10), (1, 9), (5, 6), (6, 11), (3, 6), (2, 10), (2, 7), (0, 3), (10, 11), (1, 8), (1, 5), (6, 10), (5, 8)]","[1.0, 1.0, 1.0, 1.0, 1.0, 1.0, 1.0, 1.0, 1.0, 1.0, 1.0, 1.0, 1.0, 1.0, 1.0, 1.0, 1.0, 1.0, 1.0, 1.0, 1.0]"
bed92b16,12,42,2,25.0,False,False,"[1, 1, 1]",17.345805660953108,,,,,,,,,,,10.496669325935018,,0.6051416423720184,,,,5.432907342910767,5.432907342910767,False,,0.0,0.0,,,5.439909934997559,2026-07-19 03:45:03,x86_64,dacsgpu0002,,64,64,3.11.15,0.21,False,False,adam,False,hamqaoa,0.001,False,False,hog,False,True,False,False,False,False,False,1,HOG_graphs/random_graphs_8to14vertices_78instances_20260625_143415_AdjacencyList.txt,False,0,32,1,5,1,,46,"[(2, 3), (3, 8), (2, 6), (3, 5), (3, 11), (2, 9), (4, 6), (4, 9), (7, 11), (8, 10), (1, 4), (0, 2), (9, 11), (5, 10), (6, 9), (5, 7), (2, 8), (4, 5), (3, 7), (2, 5), (4, 8), (3, 10), (1, 3), (0, 1), (9, 10), (1, 6), (0, 4), (0, 10), (1, 9), (5, 6), (6, 11), (2, 4), (2, 10), (2, 7), (4, 10), (4, 7), (10, 11), (1, 8), (1, 11), (0, 9), (5, 8), (6, 7)]","[1.0, 1.0, 1.0, 1.0, 1.0, 1.0, 1.0, 1.0, 1.0, 1.0, 1.0, 1.0, 1.0, 1.0, 1.0, 1.0, 1.0, 1.0, 1.0, 1.0, 1.0, 1.0, 1.0, 1.0, 1.0, 1.0, 1.0, 1.0, 1.0, 1.0, 1.0, 1.0, 1.0, 1.0, 1.0, 1.0, 1.0, 1.0, 1.0, 1.0, 1.0, 1.0]"
f5ed439c,12,24,1,50.0,False,False,"[1, 1, 1]",12.186183800367058,,,,,,,,,,,5.912179706729615,,0.4851543193162355,,,,2.9535107612609863,2.9535107612609863,False,,0.0,0.0,,,2.9614646434783936,2026-07-19 03:45:03,x86_64,dacsgpu0002,,64,64,3.11.15,0.21,False,False,adam,False,hamqaoa,0.001,False,False,hog,False,True,False,False,False,False,False,1,HOG_graphs/random_graphs_8to14vertices_78instances_20260625_143415_AdjacencyList.txt,False,0,32,1,5,1,,48,"[(3, 8), (3, 5), (4, 9), (1, 10), (0, 11), (6, 9), (5, 7), (3, 4), (3, 7), (2, 5), (4, 8), (4, 11), (7, 10), (8, 9), (0, 10), (6, 8), (6, 11), (2, 10), (2, 7), (1, 2), (0, 6), (1, 5), (1, 11), (0, 9)]","[1.0, 1.0, 1.0, 1.0, 1.0, 1.0, 1.0, 1.0, 1.0, 1.0, 1.0, 1.0, 1.0, 1.0, 1.0, 1.0, 1.0, 1.0, 1.0, 1.0, 1.0, 1.0, 1.0, 1.0]"
513554ba,12,27,1,5.0,False,False,"[1, 1, 1]",12.84724310191018,,,,,,,,,,,7.210395217806176,,0.5612406615652898,,,,0.33716821670532227,0.33716821670532227,False,,0.0,0.0,,,0.34844493865966797,2026-07-19 03:45:03,x86_64,dacsgpu0002,,64,64,3.11.15,0.2,False,False,adam,False,hamqaoa,0.001,False,False,hog,False,True,False,False,False,False,False,1,HOG_graphs/random_graphs_8to14vertices_78instances_20260625_143415_AdjacencyList.txt,False,0,32,1,5,1,,51,"[(3, 8), (3, 5), (2, 9), (0, 5), (1, 4), (1, 10), (0, 2), (0, 8), (0, 11), (2, 8), (4, 11), (8, 9), (0, 1), (1, 6), (0, 4), (0, 10), (0, 7), (5, 6), (2, 4), (2, 10), (4, 7), (0, 3), (10, 11), (0, 6), (1, 5), (0, 9), (6, 7)]","[1.0, 1.0, 1.0, 1.0, 1.0, 1.0, 1.0, 1.0, 1.0, 1.0, 1.0, 1.0, 1.0, 1.0, 1.0, 1.0, 1.0, 1.0, 1.0, 1.0, 1.0, 1.0, 1.0, 1.0, 1.0, 1.0, 1.0]"
b6a3098d,12,20,1,25.0,False,False,"[1, 1, 1]",10.095913301643497,,,,,,,,,,,3.195343703349293,,0.3164987265519731,,,,1.3417270183563232,1.3417270183563232,False,,0.0,0.0,,,1.3483664989471436,2026-07-19 03:45:04,x86_64,dacsgpu0002,,64,64,3.11.15,0.21,False,False,adam,False,hamqaoa,0.001,False,False,hog,False,True,False,False,False,False,False,1,HOG_graphs/random_graphs_8to14vertices_78instances_20260625_143415_AdjacencyList.txt,False,0,32,1,5,1,,50,"[(5, 11), (2, 6), (0, 5), (0, 2), (5, 10), (2, 8), (2, 5), (2, 11), (1, 3), (0, 1), (0, 4), (0, 10), (0, 7), (6, 8), (2, 4), (3, 9), (2, 7), (7, 9), (0, 3), (0, 6)]","[1.0, 1.0, 1.0, 1.0, 1.0, 1.0, 1.0, 1.0, 1.0, 1.0, 1.0, 1.0, 1.0, 1.0, 1.0, 1.0, 1.0, 1.0, 1.0, 1.0]"
9779a0b4,12,20,2,10.0,False,False,"[1, 1, 1]",10.095913301643497,,,,,,,,,,,3.2340316624254912,,0.3203307680840552,,,,1.6049728393554688,1.6049728393554688,False,,0.0,0.0,,,1.614199161529541,2026-07-19 03:45:04,x86_64,dacsgpu0002,,64,64,3.11.15,0.21,False,False,adam,False,hamqaoa,0.001,False,False,hog,False,True,False,False,False,False,False,1,HOG_graphs/random_graphs_8to14vertices_78instances_20260625_143415_AdjacencyList.txt,False,0,32,1,5,1,,50,"[(5, 11), (2, 6), (0, 5), (0, 2), (5, 10), (2, 8), (2, 5), (2, 11), (1, 3), (0, 1), (0, 4), (0, 10), (0, 7), (6, 8), (2, 4), (3, 9), (2, 7), (7, 9), (0, 3), (0, 6)]","[1.0, 1.0, 1.0, 1.0, 1.0, 1.0, 1.0, 1.0, 1.0, 1.0, 1.0, 1.0, 1.0, 1.0, 1.0, 1.0, 1.0, 1.0, 1.0, 1.0]"
6128e704,12,24,2,25.0,False,False,"[1, 1, 1]",12.186183800367058,,,,,,,,,,,6.032434059473597,,0.4950224088440136,,,,4.003509521484375,4.003509521484375,False,,0.0,0.0,,,4.011199474334717,2026-07-19 03:45:04,x86_64,dacsgpu0002,,64,64,3.11.15,0.21,False,False,adam,False,hamqaoa,0.001,False,False,hog,False,True,False,False,False,False,False,1,HOG_graphs/random_graphs_8to14vertices_78instances_20260625_143415_AdjacencyList.txt,False,0,32,1,5,1,,48,"[(3, 8), (3, 5), (4, 9), (1, 10), (0, 11), (6, 9), (5, 7), (3, 4), (3, 7), (2, 5), (4, 8), (4, 11), (7, 10), (8, 9), (0, 10), (6, 8), (6, 11), (2, 10), (2, 7), (1, 2), (0, 6), (1, 5), (1, 11), (0, 9)]","[1.0, 1.0, 1.0, 1.0, 1.0, 1.0, 1.0, 1.0, 1.0, 1.0, 1.0, 1.0, 1.0, 1.0, 1.0, 1.0, 1.0, 1.0, 1.0, 1.0, 1.0, 1.0, 1.0, 1.0]"
c44fb6ef,12,27,2,5.0,False,False,"[1, 1, 1]",12.84724310191018,,,,,,,,,,,6.988665237333785,,0.5439817073512591,,,,0.8525998592376709,0.8525998592376709,False,,0.0,0.0,,,0.8598721027374268,2026-07-19 03:45:04,x86_64,dacsgpu0002,,64,64,3.11.15,0.21,False,False,adam,False,hamqaoa,0.001,False,False,hog,False,True,False,False,False,False,False,1,HOG_graphs/random_graphs_8to14vertices_78instances_20260625_143415_AdjacencyList.txt,False,0,32,1,5,1,,51,"[(3, 8), (3, 5), (2, 9), (0, 5), (1, 4), (1, 10), (0, 2), (0, 8), (0, 11), (2, 8), (4, 11), (8, 9), (0, 1), (1, 6), (0, 4), (0, 10), (0, 7), (5, 6), (2, 4), (2, 10), (4, 7), (0, 3), (10, 11), (0, 6), (1, 5), (0, 9), (6, 7)]","[1.0, 1.0, 1.0, 1.0, 1.0, 1.0, 1.0, 1.0, 1.0, 1.0, 1.0, 1.0, 1.0, 1.0, 1.0, 1.0, 1.0, 1.0, 1.0, 1.0, 1.0, 1.0, 1.0, 1.0, 1.0, 1.0, 1.0]"
5640f028,12,27,1,10.0,False,False,"[1, 1, 1]",12.84724310191018,,,,,,,,,,,6.762168818447082,,0.5263517444798452,,,,0.6231539249420166,0.6231539249420166,False,,0.0,0.0,,,0.629918098449707,2026-07-19 03:45:04,x86_64,dacsgpu0002,,64,64,3.11.15,0.21,False,False,adam,False,hamqaoa,0.001,False,False,hog,False,True,False,False,False,False,False,1,HOG_graphs/random_graphs_8to14vertices_78instances_20260625_143415_AdjacencyList.txt,False,0,32,1,5,1,,51,"[(3, 8), (3, 5), (2, 9), (0, 5), (1, 4), (1, 10), (0, 2), (0, 8), (0, 11), (2, 8), (4, 11), (8, 9), (0, 1), (1, 6), (0, 4), (0, 10), (0, 7), (5, 6), (2, 4), (2, 10), (4, 7), (0, 3), (10, 11), (0, 6), (1, 5), (0, 9), (6, 7)]","[1.0, 1.0, 1.0, 1.0, 1.0, 1.0, 1.0, 1.0, 1.0, 1.0, 1.0, 1.0, 1.0, 1.0, 1.0, 1.0, 1.0, 1.0, 1.0, 1.0, 1.0, 1.0, 1.0, 1.0, 1.0, 1.0, 1.0]"
65099f8d,12,23,2,50.0,False,False,"[1, 1, 1]",12.144173766467386,,,,,,,,,,,5.82233482726493,,0.4794344135079506,,,,7.845608234405518,7.845608234405518,False,,0.0,0.0,,,7.854853630065918,2026-07-19 03:45:04,x86_64,dacsgpu0002,,64,64,3.11.15,0.21,False,False,adam,False,hamqaoa,0.001,False,False,hog,False,True,False,False,False,False,False,1,HOG_graphs/random_graphs_8to14vertices_78instances_20260625_143415_AdjacencyList.txt,False,0,32,1,5,1,,45,"[(5, 11), (2, 6), (3, 11), (2, 9), (1, 4), (0, 8), (1, 7), (0, 11), (4, 5), (3, 7), (2, 5), (4, 8), (3, 10), (7, 10), (5, 9), (3, 6), (2, 10), (3, 9), (7, 9), (1, 8), (1, 5), (1, 11), (0, 9)]","[1.0, 1.0, 1.0, 1.0, 1.0, 1.0, 1.0, 1.0, 1.0, 1.0, 1.0, 1.0, 1.0, 1.0, 1.0, 1.0, 1.0, 1.0, 1.0, 1.0, 1.0, 1.0, 1.0]"
b339cd84,12,30,1,50.0,False,False,"[1, 1, 1]",14.510477488753505,,,,,,,,,,,7.499346240462391,,0.5168228437882101,,,,3.1866188049316406,3.1866188049316406,False,,0.0,0.0,,,3.192842721939087,2026-07-19 03:45:04,x86_64,dacsgpu0002,,64,64,3.11.15,0.21,False,False,adam,False,hamqaoa,0.001,False,False,hog,False,True,False,False,False,False,False,1,HOG_graphs/random_graphs_8to14vertices_78instances_20260625_143415_AdjacencyList.txt,False,0,32,1,5,1,,49,"[(5, 11), (3, 8), (3, 5), (2, 9), (0, 5), (8, 10), (1, 10), (0, 2), (0, 8), (1, 7), (0, 11), (6, 9), (3, 4), (2, 8), (4, 8), (3, 10), (4, 11), (1, 3), (9, 10), (1, 6), (0, 4), (5, 6), (6, 11), (5, 9), (2, 7), (4, 7), (7, 9), (1, 2), (10, 11), (6, 7)]","[1.0, 1.0, 1.0, 1.0, 1.0, 1.0, 1.0, 1.0, 1.0, 1.0, 1.0, 1.0, 1.0, 1.0, 1.0, 1.0, 1.0, 1.0, 1.0, 1.0, 1.0, 1.0, 1.0, 1.0, 1.0, 1.0, 1.0, 1.0, 1.0, 1.0]"
27a5e4e1,12,24,1,5.0,False,False,"[1, 1, 1]",12.441468738783803,,,,,,,,,,,6.025449688159685,,0.4843037276922575,,,,0.2883493900299072,0.2883493900299072,False,,0.0,0.0,,,0.29641127586364746,2026-07-19 03:45:05,x86_64,dacsgpu0002,,64,64,3.11.15,0.21,False,False,adam,False,hamqaoa,0.001,False,False,hog,False,True,False,False,False,False,False,1,HOG_graphs/random_graphs_8to14vertices_78instances_20260625_143415_AdjacencyList.txt,False,0,32,1,5,1,,52,"[(2, 3), (3, 5), (4, 6), (7, 8), (0, 2), (0, 11), (6, 9), (5, 7), (3, 4), (4, 5), (1, 3), (0, 1), (9, 10), (0, 10), (1, 9), (6, 8), (5, 6), (2, 4), (7, 9), (10, 11), (1, 8), (0, 6), (1, 11), (0, 9)]","[1.0, 1.0, 1.0, 1.0, 1.0, 1.0, 1.0, 1.0, 1.0, 1.0, 1.0, 1.0, 1.0, 1.0, 1.0, 1.0, 1.0, 1.0, 1.0, 1.0, 1.0, 1.0, 1.0, 1.0]"
0df82140,12,27,1,25.0,False,False,"[1, 1, 1]",12.84724310191018,,,,,,,,,,,7.408084373321931,,0.5766283329861227,,,,1.4961049556732178,1.4961049556732178,False,,0.0,0.0,,,1.5028681755065918,2026-07-19 03:45:05,x86_64,dacsgpu0002,,64,64,3.11.15,0.21,False,False,adam,False,hamqaoa,0.001,False,False,hog,False,True,False,False,False,False,False,1,HOG_graphs/random_graphs_8to14vertices_78instances_20260625_143415_AdjacencyList.txt,False,0,32,1,5,1,,51,"[(3, 8), (3, 5), (2, 9), (0, 5), (1, 4), (1, 10), (0, 2), (0, 8), (0, 11), (2, 8), (4, 11), (8, 9), (0, 1), (1, 6), (0, 4), (0, 10), (0, 7), (5, 6), (2, 4), (2, 10), (4, 7), (0, 3), (10, 11), (0, 6), (1, 5), (0, 9), (6, 7)]","[1.0, 1.0, 1.0, 1.0, 1.0, 1.0, 1.0, 1.0, 1.0, 1.0, 1.0, 1.0, 1.0, 1.0, 1.0, 1.0, 1.0, 1.0, 1.0, 1.0, 1.0, 1.0, 1.0, 1.0, 1.0, 1.0, 1.0]"
44e33ee3,12,27,2,10.0,False,False,"[1, 1, 1]",12.84724310191018,,,,,,,,,,,6.94319574926945,,0.5404424664648174,,,,1.731271505355835,1.731271505355835,False,,0.0,0.0,,,1.7410202026367188,2026-07-19 03:45:05,x86_64,dacsgpu0002,,64,64,3.11.15,0.21,False,False,adam,False,hamqaoa,0.001,False,False,hog,False,True,False,False,False,False,False,1,HOG_graphs/random_graphs_8to14vertices_78instances_20260625_143415_AdjacencyList.txt,False,0,32,1,5,1,,51,"[(3, 8), (3, 5), (2, 9), (0, 5), (1, 4), (1, 10), (0, 2), (0, 8), (0, 11), (2, 8), (4, 11), (8, 9), (0, 1), (1, 6), (0, 4), (0, 10), (0, 7), (5, 6), (2, 4), (2, 10), (4, 7), (0, 3), (10, 11), (0, 6), (1, 5), (0, 9), (6, 7)]","[1.0, 1.0, 1.0, 1.0, 1.0, 1.0, 1.0, 1.0, 1.0, 1.0, 1.0, 1.0, 1.0, 1.0, 1.0, 1.0, 1.0, 1.0, 1.0, 1.0, 1.0, 1.0, 1.0, 1.0, 1.0, 1.0, 1.0]"
a399e1e1,12,24,1,10.0,False,False,"[1, 1, 1]",12.441468738783803,,,,,,,,,,,6.033185314809311,,0.48492548922315387,,,,0.6108591556549072,0.6108591556549072,False,,0.0,0.0,,,0.6181650161743164,2026-07-19 03:45:05,x86_64,dacsgpu0002,,64,64,3.11.15,0.21,False,False,adam,False,hamqaoa,0.001,False,False,hog,False,True,False,False,False,False,False,1,HOG_graphs/random_graphs_8to14vertices_78instances_20260625_143415_AdjacencyList.txt,False,0,32,1,5,1,,52,"[(2, 3), (3, 5), (4, 6), (7, 8), (0, 2), (0, 11), (6, 9), (5, 7), (3, 4), (4, 5), (1, 3), (0, 1), (9, 10), (0, 10), (1, 9), (6, 8), (5, 6), (2, 4), (7, 9), (10, 11), (1, 8), (0, 6), (1, 11), (0, 9)]","[1.0, 1.0, 1.0, 1.0, 1.0, 1.0, 1.0, 1.0, 1.0, 1.0, 1.0, 1.0, 1.0, 1.0, 1.0, 1.0, 1.0, 1.0, 1.0, 1.0, 1.0, 1.0, 1.0, 1.0]"
8c269c08,12,24,2,5.0,False,False,"[1, 1, 1]",12.441468738783803,,,,,,,,,,,4.880407706041158,,0.39226941838687085,,,,0.8056008815765381,0.8056008815765381,False,,0.0,0.0,,,0.8127503395080566,2026-07-19 03:45:05,x86_64,dacsgpu0002,,64,64,3.11.15,0.21,False,False,adam,False,hamqaoa,0.001,False,False,hog,False,True,False,False,False,False,False,1,HOG_graphs/random_graphs_8to14vertices_78instances_20260625_143415_AdjacencyList.txt,False,0,32,1,5,1,,52,"[(2, 3), (3, 5), (4, 6), (7, 8), (0, 2), (0, 11), (6, 9), (5, 7), (3, 4), (4, 5), (1, 3), (0, 1), (9, 10), (0, 10), (1, 9), (6, 8), (5, 6), (2, 4), (7, 9), (10, 11), (1, 8), (0, 6), (1, 11), (0, 9)]","[1.0, 1.0, 1.0, 1.0, 1.0, 1.0, 1.0, 1.0, 1.0, 1.0, 1.0, 1.0, 1.0, 1.0, 1.0, 1.0, 1.0, 1.0, 1.0, 1.0, 1.0, 1.0, 1.0, 1.0]"
85585f8d,12,20,1,50.0,False,False,"[1, 1, 1]",10.095913301643497,,,,,,,,,,,5.42038724530964,,0.5368892425440365,,,,2.676785469055176,2.676785469055176,False,,0.0,0.0,,,2.687847375869751,2026-07-19 03:45:05,x86_64,dacsgpu0002,,64,64,3.11.15,0.21,False,False,adam,False,hamqaoa,0.001,False,False,hog,False,True,False,False,False,False,False,1,HOG_graphs/random_graphs_8to14vertices_78instances_20260625_143415_AdjacencyList.txt,False,0,32,1,5,1,,50,"[(5, 11), (2, 6), (0, 5), (0, 2), (5, 10), (2, 8), (2, 5), (2, 11), (1, 3), (0, 1), (0, 4), (0, 10), (0, 7), (6, 8), (2, 4), (3, 9), (2, 7), (7, 9), (0, 3), (0, 6)]","[1.0, 1.0, 1.0, 1.0, 1.0, 1.0, 1.0, 1.0, 1.0, 1.0, 1.0, 1.0, 1.0, 1.0, 1.0, 1.0, 1.0, 1.0, 1.0, 1.0]"
eb99f97e,12,30,2,25.0,False,False,"[1, 1, 1]",14.510477488753505,,,,,,,,,,,7.438735390317536,,0.5126458034260419,,,,4.458446979522705,4.458446979522705,False,,0.0,0.0,,,4.465862512588501,2026-07-19 03:45:06,x86_64,dacsgpu0002,,64,64,3.11.15,0.21,False,False,adam,False,hamqaoa,0.001,False,False,hog,False,True,False,False,False,False,False,1,HOG_graphs/random_graphs_8to14vertices_78instances_20260625_143415_AdjacencyList.txt,False,0,32,1,5,1,,49,"[(5, 11), (3, 8), (3, 5), (2, 9), (0, 5), (8, 10), (1, 10), (0, 2), (0, 8), (1, 7), (0, 11), (6, 9), (3, 4), (2, 8), (4, 8), (3, 10), (4, 11), (1, 3), (9, 10), (1, 6), (0, 4), (5, 6), (6, 11), (5, 9), (2, 7), (4, 7), (7, 9), (1, 2), (10, 11), (6, 7)]","[1.0, 1.0, 1.0, 1.0, 1.0, 1.0, 1.0, 1.0, 1.0, 1.0, 1.0, 1.0, 1.0, 1.0, 1.0, 1.0, 1.0, 1.0, 1.0, 1.0, 1.0, 1.0, 1.0, 1.0, 1.0, 1.0, 1.0, 1.0, 1.0, 1.0]"
d6512260,12,24,1,5.0,False,False,"[1, 1, 1]",12.02946125476974,,,,,,,,,,,6.059892535995588,,0.5037542752459351,,,,0.2915050983428955,0.2915050983428955,False,,0.0,0.0,,,0.29836368560791016,2026-07-19 03:45:06,x86_64,dacsgpu0002,,64,64,3.11.15,0.21,False,False,adam,False,hamqaoa,0.001,False,False,hog,False,True,False,False,False,False,False,1,HOG_graphs/random_graphs_8to14vertices_78instances_20260625_143415_AdjacencyList.txt,False,0,32,1,5,1,,53,"[(2, 3), (3, 8), (4, 6), (7, 8), (1, 7), (0, 11), (5, 10), (6, 9), (4, 5), (3, 7), (3, 10), (8, 9), (1, 3), (0, 1), (1, 6), (6, 8), (5, 6), (2, 10), (2, 7), (7, 9), (0, 3), (0, 6), (1, 11), (0, 9)]","[1.0, 1.0, 1.0, 1.0, 1.0, 1.0, 1.0, 1.0, 1.0, 1.0, 1.0, 1.0, 1.0, 1.0, 1.0, 1.0, 1.0, 1.0, 1.0, 1.0, 1.0, 1.0, 1.0, 1.0]"
d0eb922f,12,18,2,50.0,False,False,"[1, 1, 1]",10.617007221639126,,,,,,,,,,,3.956203835527428,,0.37262891066552767,,,,7.092596054077148,7.092596054077148,False,,0.0,0.0,,,7.101192474365234,2026-07-19 03:45:06,x86_64,dacsgpu0002,,64,64,3.11.15,0.21,False,True,adam,False,hamqaoa,0.001,False,False,hog,False,True,False,False,False,False,False,1,HOG_graphs/random_graphs_8to14vertices_78instances_20260625_143415_AdjacencyList.txt,False,0,32,1,5,1,,47,"[(0, 11), (1, 3), (3, 9), (0, 4), (4, 7), (5, 10), (5, 7), (3, 5), (6, 9), (1, 2), (1, 8), (6, 8), (6, 11), (0, 9), (2, 11), (4, 8), (7, 10), (2, 10)]","[1.0, 1.0, 1.0, 1.0, 1.0, 1.0, 1.0, 1.0, 1.0, 1.0, 1.0, 1.0, 1.0, 1.0, 1.0, 1.0, 1.0, 1.0]"
284ba5d6,12,20,2,25.0,False,False,"[1, 1, 1]",10.095913301643497,,,,,,,,,,,4.275488612899287,,0.4234870571049067,,,,3.7896199226379395,3.7896199226379395,False,,0.0,0.0,,,3.7974820137023926,2026-07-19 03:45:06,x86_64,dacsgpu0002,,64,64,3.11.15,0.21,False,False,adam,False,hamqaoa,0.001,False,False,hog,False,True,False,False,False,False,False,1,HOG_graphs/random_graphs_8to14vertices_78instances_20260625_143415_AdjacencyList.txt,False,0,32,1,5,1,,50,"[(5, 11), (2, 6), (0, 5), (0, 2), (5, 10), (2, 8), (2, 5), (2, 11), (1, 3), (0, 1), (0, 4), (0, 10), (0, 7), (6, 8), (2, 4), (3, 9), (2, 7), (7, 9), (0, 3), (0, 6)]","[1.0, 1.0, 1.0, 1.0, 1.0, 1.0, 1.0, 1.0, 1.0, 1.0, 1.0, 1.0, 1.0, 1.0, 1.0, 1.0, 1.0, 1.0, 1.0, 1.0]"
0afec914,12,24,1,25.0,False,False,"[1, 1, 1]",12.441468738783803,,,,,,,,,,,6.043543633775915,,0.4857580532221546,,,,1.4202258586883545,1.4202258586883545,False,,0.0,0.0,,,1.4277172088623047,2026-07-19 03:45:06,x86_64,dacsgpu0002,,64,64,3.11.15,0.21,False,False,adam,False,hamqaoa,0.001,False,False,hog,False,True,False,False,False,False,False,1,HOG_graphs/random_graphs_8to14vertices_78instances_20260625_143415_AdjacencyList.txt,False,0,32,1,5,1,,52,"[(2, 3), (3, 5), (4, 6), (7, 8), (0, 2), (0, 11), (6, 9), (5, 7), (3, 4), (4, 5), (1, 3), (0, 1), (9, 10), (0, 10), (1, 9), (6, 8), (5, 6), (2, 4), (7, 9), (10, 11), (1, 8), (0, 6), (1, 11), (0, 9)]","[1.0, 1.0, 1.0, 1.0, 1.0, 1.0, 1.0, 1.0, 1.0, 1.0, 1.0, 1.0, 1.0, 1.0, 1.0, 1.0, 1.0, 1.0, 1.0, 1.0, 1.0, 1.0, 1.0, 1.0]"
77a15bec,12,24,2,10.0,False,False,"[1, 1, 1]",12.441468738783803,,,,,,,,,,,5.449715125532132,,0.4380282778466283,,,,1.6347265243530273,1.6347265243530273,False,,0.0,0.0,,,1.6468751430511475,2026-07-19 03:45:06,x86_64,dacsgpu0002,,64,64,3.11.15,0.21,False,False,adam,False,hamqaoa,0.001,False,False,hog,False,True,False,False,False,False,False,1,HOG_graphs/random_graphs_8to14vertices_78instances_20260625_143415_AdjacencyList.txt,False,0,32,1,5,1,,52,"[(2, 3), (3, 5), (4, 6), (7, 8), (0, 2), (0, 11), (6, 9), (5, 7), (3, 4), (4, 5), (1, 3), (0, 1), (9, 10), (0, 10), (1, 9), (6, 8), (5, 6), (2, 4), (7, 9), (10, 11), (1, 8), (0, 6), (1, 11), (0, 9)]","[1.0, 1.0, 1.0, 1.0, 1.0, 1.0, 1.0, 1.0, 1.0, 1.0, 1.0, 1.0, 1.0, 1.0, 1.0, 1.0, 1.0, 1.0, 1.0, 1.0, 1.0, 1.0, 1.0, 1.0]"
d9ceb75e,12,24,1,10.0,False,False,"[1, 1, 1]",12.02946125476974,,,,,,,,,,,1.488872708794154,,0.12376886023917394,,,,0.5923442840576172,0.5923442840576172,False,,0.0,0.0,,,0.5995616912841797,2026-07-19 03:45:06,x86_64,dacsgpu0002,,64,64,3.11.15,0.2,False,False,adam,False,hamqaoa,0.001,False,False,hog,False,True,False,False,False,False,False,1,HOG_graphs/random_graphs_8to14vertices_78instances_20260625_143415_AdjacencyList.txt,False,0,32,1,5,1,,53,"[(2, 3), (3, 8), (4, 6), (7, 8), (1, 7), (0, 11), (5, 10), (6, 9), (4, 5), (3, 7), (3, 10), (8, 9), (1, 3), (0, 1), (1, 6), (6, 8), (5, 6), (2, 10), (2, 7), (7, 9), (0, 3), (0, 6), (1, 11), (0, 9)]","[1.0, 1.0, 1.0, 1.0, 1.0, 1.0, 1.0, 1.0, 1.0, 1.0, 1.0, 1.0, 1.0, 1.0, 1.0, 1.0, 1.0, 1.0, 1.0, 1.0, 1.0, 1.0, 1.0, 1.0]"
e8f13dae,12,24,2,5.0,False,False,"[1, 1, 1]",12.02946125476974,,,,,,,,,,,5.83558142894007,,0.48510746286549056,,,,0.8073329925537109,0.8073329925537109,False,,0.0,0.0,,,0.8138952255249023,2026-07-19 03:45:07,x86_64,dacsgpu0002,,64,64,3.11.15,0.21,False,False,adam,False,hamqaoa,0.001,False,False,hog,False,True,False,False,False,False,False,1,HOG_graphs/random_graphs_8to14vertices_78instances_20260625_143415_AdjacencyList.txt,False,0,32,1,5,1,,53,"[(2, 3), (3, 8), (4, 6), (7, 8), (1, 7), (0, 11), (5, 10), (6, 9), (4, 5), (3, 7), (3, 10), (8, 9), (1, 3), (0, 1), (1, 6), (6, 8), (5, 6), (2, 10), (2, 7), (7, 9), (0, 3), (0, 6), (1, 11), (0, 9)]","[1.0, 1.0, 1.0, 1.0, 1.0, 1.0, 1.0, 1.0, 1.0, 1.0, 1.0, 1.0, 1.0, 1.0, 1.0, 1.0, 1.0, 1.0, 1.0, 1.0, 1.0, 1.0, 1.0, 1.0]"
4bf0a00a,12,27,1,50.0,False,False,"[1, 1, 1]",12.84724310191018,,,,,,,,,,,2.422790807705094,,0.18858449151202436,,,,3.169037103652954,3.169037103652954,False,,0.0,0.0,,,3.1767737865448,2026-07-19 03:45:07,x86_64,dacsgpu0002,,64,64,3.11.15,0.21,False,False,adam,False,hamqaoa,0.001,False,False,hog,False,True,False,False,False,False,False,1,HOG_graphs/random_graphs_8to14vertices_78instances_20260625_143415_AdjacencyList.txt,False,0,32,1,5,1,,51,"[(3, 8), (3, 5), (2, 9), (0, 5), (1, 4), (1, 10), (0, 2), (0, 8), (0, 11), (2, 8), (4, 11), (8, 9), (0, 1), (1, 6), (0, 4), (0, 10), (0, 7), (5, 6), (2, 4), (2, 10), (4, 7), (0, 3), (10, 11), (0, 6), (1, 5), (0, 9), (6, 7)]","[1.0, 1.0, 1.0, 1.0, 1.0, 1.0, 1.0, 1.0, 1.0, 1.0, 1.0, 1.0, 1.0, 1.0, 1.0, 1.0, 1.0, 1.0, 1.0, 1.0, 1.0, 1.0, 1.0, 1.0, 1.0, 1.0, 1.0]"
84e5ec68,12,36,1,5.0,False,False,"[1, 1, 1]",15.571403208269022,,,,,,,,,,,9.047599825154297,,0.5810394672941016,,,,0.3531768321990967,0.3531768321990967,False,,0.0,0.0,,,0.36066365242004395,2026-07-19 03:45:07,x86_64,dacsgpu0002,,64,64,3.11.15,0.21,False,False,adam,False,hamqaoa,0.001,False,False,hog,False,True,False,False,False,False,False,1,HOG_graphs/random_graphs_8to14vertices_78instances_20260625_143415_AdjacencyList.txt,False,0,32,1,5,1,,54,"[(5, 11), (2, 3), (3, 5), (2, 9), (4, 6), (7, 8), (0, 5), (1, 4), (0, 2), (1, 10), (0, 11), (6, 9), (5, 7), (3, 4), (2, 8), (4, 5), (3, 7), (2, 5), (2, 11), (4, 8), (8, 9), (1, 3), (0, 1), (9, 10), (0, 10), (6, 8), (5, 6), (3, 6), (2, 4), (2, 7), (4, 7), (0, 3), (1, 2), (10, 11), (0, 9), (6, 7)]","[1.0, 1.0, 1.0, 1.0, 1.0, 1.0, 1.0, 1.0, 1.0, 1.0, 1.0, 1.0, 1.0, 1.0, 1.0, 1.0, 1.0, 1.0, 1.0, 1.0, 1.0, 1.0, 1.0, 1.0, 1.0, 1.0, 1.0, 1.0, 1.0, 1.0, 1.0, 1.0, 1.0, 1.0, 1.0, 1.0]"
7b66005f,12,24,1,25.0,False,False,"[1, 1, 1]",12.02946125476974,,,,,,,,,,,6.575755724053217,,0.5466375912259493,,,,1.484403133392334,1.484403133392334,False,,0.0,0.0,,,1.4917099475860596,2026-07-19 03:45:08,x86_64,dacsgpu0002,,64,64,3.11.15,0.21,False,False,adam,False,hamqaoa,0.001,False,False,hog,False,True,False,False,False,False,False,1,HOG_graphs/random_graphs_8to14vertices_78instances_20260625_143415_AdjacencyList.txt,False,0,32,1,5,1,,53,"[(2, 3), (3, 8), (4, 6), (7, 8), (1, 7), (0, 11), (5, 10), (6, 9), (4, 5), (3, 7), (3, 10), (8, 9), (1, 3), (0, 1), (1, 6), (6, 8), (5, 6), (2, 10), (2, 7), (7, 9), (0, 3), (0, 6), (1, 11), (0, 9)]","[1.0, 1.0, 1.0, 1.0, 1.0, 1.0, 1.0, 1.0, 1.0, 1.0, 1.0, 1.0, 1.0, 1.0, 1.0, 1.0, 1.0, 1.0, 1.0, 1.0, 1.0, 1.0, 1.0, 1.0]"
593158bf,12,24,2,10.0,False,False,"[1, 1, 1]",12.02946125476974,,,,,,,,,,,5.621324388708493,,0.4672964374426669,,,,1.7054738998413086,1.7054738998413086,False,,0.0,0.0,,,1.714691162109375,2026-07-19 03:45:08,x86_64,dacsgpu0002,,64,64,3.11.15,0.21,False,False,adam,False,hamqaoa,0.001,False,False,hog,False,True,False,False,False,False,False,1,HOG_graphs/random_graphs_8to14vertices_78instances_20260625_143415_AdjacencyList.txt,False,0,32,1,5,1,,53,"[(2, 3), (3, 8), (4, 6), (7, 8), (1, 7), (0, 11), (5, 10), (6, 9), (4, 5), (3, 7), (3, 10), (8, 9), (1, 3), (0, 1), (1, 6), (6, 8), (5, 6), (2, 10), (2, 7), (7, 9), (0, 3), (0, 6), (1, 11), (0, 9)]","[1.0, 1.0, 1.0, 1.0, 1.0, 1.0, 1.0, 1.0, 1.0, 1.0, 1.0, 1.0, 1.0, 1.0, 1.0, 1.0, 1.0, 1.0, 1.0, 1.0, 1.0, 1.0, 1.0, 1.0]"
0bc97be9,12,36,1,10.0,False,False,"[1, 1, 1]",15.571403208269022,,,,,,,,,,,9.005141949265807,,0.578312810272855,,,,0.7218594551086426,0.7218594551086426,False,,0.0,0.0,,,0.7306697368621826,2026-07-19 03:45:08,x86_64,dacsgpu0002,,64,64,3.11.15,0.21,False,False,adam,False,hamqaoa,0.001,False,False,hog,False,True,False,False,False,False,False,1,HOG_graphs/random_graphs_8to14vertices_78instances_20260625_143415_AdjacencyList.txt,False,0,32,1,5,1,,54,"[(5, 11), (2, 3), (3, 5), (2, 9), (4, 6), (7, 8), (0, 5), (1, 4), (0, 2), (1, 10), (0, 11), (6, 9), (5, 7), (3, 4), (2, 8), (4, 5), (3, 7), (2, 5), (2, 11), (4, 8), (8, 9), (1, 3), (0, 1), (9, 10), (0, 10), (6, 8), (5, 6), (3, 6), (2, 4), (2, 7), (4, 7), (0, 3), (1, 2), (10, 11), (0, 9), (6, 7)]","[1.0, 1.0, 1.0, 1.0, 1.0, 1.0, 1.0, 1.0, 1.0, 1.0, 1.0, 1.0, 1.0, 1.0, 1.0, 1.0, 1.0, 1.0, 1.0, 1.0, 1.0, 1.0, 1.0, 1.0, 1.0, 1.0, 1.0, 1.0, 1.0, 1.0, 1.0, 1.0, 1.0, 1.0, 1.0, 1.0]"
1d37157f,12,24,2,50.0,False,False,"[1, 1, 1]",12.186183800367058,,,,,,,,,,,5.830244984615309,,0.47843074420391535,,,,7.938586235046387,7.938586235046387,False,,0.0,0.0,,,7.946709871292114,2026-07-19 03:45:08,x86_64,dacsgpu0002,,64,64,3.11.15,0.22,False,False,adam,False,hamqaoa,0.001,False,False,hog,False,True,False,False,False,False,False,1,HOG_graphs/random_graphs_8to14vertices_78instances_20260625_143415_AdjacencyList.txt,False,0,32,1,5,1,,48,"[(3, 8), (3, 5), (4, 9), (1, 10), (0, 11), (6, 9), (5, 7), (3, 4), (3, 7), (2, 5), (4, 8), (4, 11), (7, 10), (8, 9), (0, 10), (6, 8), (6, 11), (2, 10), (2, 7), (1, 2), (0, 6), (1, 5), (1, 11), (0, 9)]","[1.0, 1.0, 1.0, 1.0, 1.0, 1.0, 1.0, 1.0, 1.0, 1.0, 1.0, 1.0, 1.0, 1.0, 1.0, 1.0, 1.0, 1.0, 1.0, 1.0, 1.0, 1.0, 1.0, 1.0]"
14287568,12,36,2,5.0,False,False,"[1, 1, 1]",15.571403208269022,,,,,,,,,,,6.5633025685049455,,0.4214971817709772,,,,1.0191354751586914,1.0191354751586914,False,,0.0,0.0,,,1.0285940170288086,2026-07-19 03:45:08,x86_64,dacsgpu0002,,64,64,3.11.15,0.21,False,False,adam,False,hamqaoa,0.001,False,False,hog,False,True,False,False,False,False,False,1,HOG_graphs/random_graphs_8to14vertices_78instances_20260625_143415_AdjacencyList.txt,False,0,32,1,5,1,,54,"[(5, 11), (2, 3), (3, 5), (2, 9), (4, 6), (7, 8), (0, 5), (1, 4), (0, 2), (1, 10), (0, 11), (6, 9), (5, 7), (3, 4), (2, 8), (4, 5), (3, 7), (2, 5), (2, 11), (4, 8), (8, 9), (1, 3), (0, 1), (9, 10), (0, 10), (6, 8), (5, 6), (3, 6), (2, 4), (2, 7), (4, 7), (0, 3), (1, 2), (10, 11), (0, 9), (6, 7)]","[1.0, 1.0, 1.0, 1.0, 1.0, 1.0, 1.0, 1.0, 1.0, 1.0, 1.0, 1.0, 1.0, 1.0, 1.0, 1.0, 1.0, 1.0, 1.0, 1.0, 1.0, 1.0, 1.0, 1.0, 1.0, 1.0, 1.0, 1.0, 1.0, 1.0, 1.0, 1.0, 1.0, 1.0, 1.0, 1.0]"
f5b02112,12,27,2,25.0,False,False,"[1, 1, 1]",12.84724310191018,,,,,,,,,,,8.347723031856054,,0.649767655647061,,,,4.320709705352783,4.320709705352783,False,,0.0,0.0,,,4.327640771865845,2026-07-19 03:45:08,x86_64,dacsgpu0002,,64,64,3.11.15,0.22,False,False,adam,False,hamqaoa,0.001,False,False,hog,False,True,False,False,False,False,False,1,HOG_graphs/random_graphs_8to14vertices_78instances_20260625_143415_AdjacencyList.txt,False,0,32,1,5,1,,51,"[(3, 8), (3, 5), (2, 9), (0, 5), (1, 4), (1, 10), (0, 2), (0, 8), (0, 11), (2, 8), (4, 11), (8, 9), (0, 1), (1, 6), (0, 4), (0, 10), (0, 7), (5, 6), (2, 4), (2, 10), (4, 7), (0, 3), (10, 11), (0, 6), (1, 5), (0, 9), (6, 7)]","[1.0, 1.0, 1.0, 1.0, 1.0, 1.0, 1.0, 1.0, 1.0, 1.0, 1.0, 1.0, 1.0, 1.0, 1.0, 1.0, 1.0, 1.0, 1.0, 1.0, 1.0, 1.0, 1.0, 1.0, 1.0, 1.0, 1.0]"
9fff74c2,12,24,1,50.0,False,False,"[1, 1, 1]",12.441468738783803,,,,,,,,,,,6.770524360636107,,0.5441901195740937,,,,2.961851119995117,2.961851119995117,False,,0.0,0.0,,,2.9726057052612305,2026-07-19 03:45:08,x86_64,dacsgpu0002,,64,64,3.11.15,0.21,False,False,adam,False,hamqaoa,0.001,False,False,hog,False,True,False,False,False,False,False,1,HOG_graphs/random_graphs_8to14vertices_78instances_20260625_143415_AdjacencyList.txt,False,0,32,1,5,1,,52,"[(2, 3), (3, 5), (4, 6), (7, 8), (0, 2), (0, 11), (6, 9), (5, 7), (3, 4), (4, 5), (1, 3), (0, 1), (9, 10), (0, 10), (1, 9), (6, 8), (5, 6), (2, 4), (7, 9), (10, 11), (1, 8), (0, 6), (1, 11), (0, 9)]","[1.0, 1.0, 1.0, 1.0, 1.0, 1.0, 1.0, 1.0, 1.0, 1.0, 1.0, 1.0, 1.0, 1.0, 1.0, 1.0, 1.0, 1.0, 1.0, 1.0, 1.0, 1.0, 1.0, 1.0]"
7ca6eec8,12,42,2,50.0,False,False,"[1, 1, 1]",17.345805660953108,,,,,,,,,,,12.031240949572291,,0.6936109619085404,,,,10.968131065368652,10.968131065368652,False,,0.0,0.0,,,10.974980354309082,2026-07-19 03:45:09,x86_64,dacsgpu0002,,64,64,3.11.15,0.21,False,False,adam,False,hamqaoa,0.001,False,False,hog,False,True,False,False,False,False,False,1,HOG_graphs/random_graphs_8to14vertices_78instances_20260625_143415_AdjacencyList.txt,False,0,32,1,5,1,,46,"[(2, 3), (3, 8), (2, 6), (3, 5), (3, 11), (2, 9), (4, 6), (4, 9), (7, 11), (8, 10), (1, 4), (0, 2), (9, 11), (5, 10), (6, 9), (5, 7), (2, 8), (4, 5), (3, 7), (2, 5), (4, 8), (3, 10), (1, 3), (0, 1), (9, 10), (1, 6), (0, 4), (0, 10), (1, 9), (5, 6), (6, 11), (2, 4), (2, 10), (2, 7), (4, 10), (4, 7), (10, 11), (1, 8), (1, 11), (0, 9), (5, 8), (6, 7)]","[1.0, 1.0, 1.0, 1.0, 1.0, 1.0, 1.0, 1.0, 1.0, 1.0, 1.0, 1.0, 1.0, 1.0, 1.0, 1.0, 1.0, 1.0, 1.0, 1.0, 1.0, 1.0, 1.0, 1.0, 1.0, 1.0, 1.0, 1.0, 1.0, 1.0, 1.0, 1.0, 1.0, 1.0, 1.0, 1.0, 1.0, 1.0, 1.0, 1.0, 1.0, 1.0]"
a393f28d,12,36,1,5.0,False,False,"[1, 1, 1]",16.172400501172454,,,,,,,,,,,8.664505790430752,,0.5357587941136258,,,,0.34759044647216797,0.34759044647216797,False,,0.0,0.0,,,0.35446929931640625,2026-07-19 03:45:09,x86_64,dacsgpu0002,,64,64,3.11.15,0.2,False,False,adam,False,hamqaoa,0.001,False,False,hog,False,True,False,False,False,False,False,1,HOG_graphs/random_graphs_8to14vertices_78instances_20260625_143415_AdjacencyList.txt,False,0,32,1,5,1,,55,"[(5, 11), (3, 8), (3, 11), (2, 9), (4, 6), (4, 9), (7, 8), (0, 5), (0, 2), (1, 10), (0, 11), (6, 9), (5, 7), (2, 5), (2, 11), (3, 10), (7, 10), (8, 9), (0, 1), (9, 10), (1, 6), (0, 4), (0, 10), (1, 9), (3, 6), (2, 4), (2, 7), (8, 11), (7, 9), (0, 3), (1, 2), (10, 11), (1, 5), (6, 10), (5, 8), (6, 7)]","[1.0, 1.0, 1.0, 1.0, 1.0, 1.0, 1.0, 1.0, 1.0, 1.0, 1.0, 1.0, 1.0, 1.0, 1.0, 1.0, 1.0, 1.0, 1.0, 1.0, 1.0, 1.0, 1.0, 1.0, 1.0, 1.0, 1.0, 1.0, 1.0, 1.0, 1.0, 1.0, 1.0, 1.0, 1.0, 1.0]"
cc96ed5d,12,24,2,25.0,False,False,"[1, 1, 1]",12.441468738783803,,,,,,,,,,,5.971574392043209,,0.4799734273677845,,,,3.995844602584839,3.995844602584839,False,,0.0,0.0,,,4.002988338470459,2026-07-19 03:45:09,x86_64,dacsgpu0002,,64,64,3.11.15,0.22,False,False,adam,False,hamqaoa,0.001,False,False,hog,False,True,False,False,False,False,False,1,HOG_graphs/random_graphs_8to14vertices_78instances_20260625_143415_AdjacencyList.txt,False,0,32,1,5,1,,52,"[(2, 3), (3, 5), (4, 6), (7, 8), (0, 2), (0, 11), (6, 9), (5, 7), (3, 4), (4, 5), (1, 3), (0, 1), (9, 10), (0, 10), (1, 9), (6, 8), (5, 6), (2, 4), (7, 9), (10, 11), (1, 8), (0, 6), (1, 11), (0, 9)]","[1.0, 1.0, 1.0, 1.0, 1.0, 1.0, 1.0, 1.0, 1.0, 1.0, 1.0, 1.0, 1.0, 1.0, 1.0, 1.0, 1.0, 1.0, 1.0, 1.0, 1.0, 1.0, 1.0, 1.0]"
0cea0d82,12,36,1,10.0,False,False,"[1, 1, 1]",16.172400501172454,,,,,,,,,,,8.79664121197211,,0.5439292213505582,,,,0.7138063907623291,0.7138063907623291,False,,0.0,0.0,,,0.7209432125091553,2026-07-19 03:45:09,x86_64,dacsgpu0002,,64,64,3.11.15,0.21,False,False,adam,False,hamqaoa,0.001,False,False,hog,False,True,False,False,False,False,False,1,HOG_graphs/random_graphs_8to14vertices_78instances_20260625_143415_AdjacencyList.txt,False,0,32,1,5,1,,55,"[(5, 11), (3, 8), (3, 11), (2, 9), (4, 6), (4, 9), (7, 8), (0, 5), (0, 2), (1, 10), (0, 11), (6, 9), (5, 7), (2, 5), (2, 11), (3, 10), (7, 10), (8, 9), (0, 1), (9, 10), (1, 6), (0, 4), (0, 10), (1, 9), (3, 6), (2, 4), (2, 7), (8, 11), (7, 9), (0, 3), (1, 2), (10, 11), (1, 5), (6, 10), (5, 8), (6, 7)]","[1.0, 1.0, 1.0, 1.0, 1.0, 1.0, 1.0, 1.0, 1.0, 1.0, 1.0, 1.0, 1.0, 1.0, 1.0, 1.0, 1.0, 1.0, 1.0, 1.0, 1.0, 1.0, 1.0, 1.0, 1.0, 1.0, 1.0, 1.0, 1.0, 1.0, 1.0, 1.0, 1.0, 1.0, 1.0, 1.0]"
3a5dd912,12,36,1,25.0,False,False,"[1, 1, 1]",15.571403208269022,,,,,,,,,,,8.042684313142567,,0.5165035036066363,,,,1.7541117668151855,1.7541117668151855,False,,0.0,0.0,,,1.761070966720581,2026-07-19 03:45:09,x86_64,dacsgpu0002,,64,64,3.11.15,0.21,False,False,adam,False,hamqaoa,0.001,False,False,hog,False,True,False,False,False,False,False,1,HOG_graphs/random_graphs_8to14vertices_78instances_20260625_143415_AdjacencyList.txt,False,0,32,1,5,1,,54,"[(5, 11), (2, 3), (3, 5), (2, 9), (4, 6), (7, 8), (0, 5), (1, 4), (0, 2), (1, 10), (0, 11), (6, 9), (5, 7), (3, 4), (2, 8), (4, 5), (3, 7), (2, 5), (2, 11), (4, 8), (8, 9), (1, 3), (0, 1), (9, 10), (0, 10), (6, 8), (5, 6), (3, 6), (2, 4), (2, 7), (4, 7), (0, 3), (1, 2), (10, 11), (0, 9), (6, 7)]","[1.0, 1.0, 1.0, 1.0, 1.0, 1.0, 1.0, 1.0, 1.0, 1.0, 1.0, 1.0, 1.0, 1.0, 1.0, 1.0, 1.0, 1.0, 1.0, 1.0, 1.0, 1.0, 1.0, 1.0, 1.0, 1.0, 1.0, 1.0, 1.0, 1.0, 1.0, 1.0, 1.0, 1.0, 1.0, 1.0]"
f183f1ad,12,36,2,5.0,False,False,"[1, 1, 1]",16.172400501172454,,,,,,,,,,,8.196405978486661,,0.5068144322725896,,,,1.026707649230957,1.026707649230957,False,,0.0,0.0,,,1.0342357158660889,2026-07-19 03:45:09,x86_64,dacsgpu0002,,64,64,3.11.15,0.21,False,False,adam,False,hamqaoa,0.001,False,False,hog,False,True,False,False,False,False,False,1,HOG_graphs/random_graphs_8to14vertices_78instances_20260625_143415_AdjacencyList.txt,False,0,32,1,5,1,,55,"[(5, 11), (3, 8), (3, 11), (2, 9), (4, 6), (4, 9), (7, 8), (0, 5), (0, 2), (1, 10), (0, 11), (6, 9), (5, 7), (2, 5), (2, 11), (3, 10), (7, 10), (8, 9), (0, 1), (9, 10), (1, 6), (0, 4), (0, 10), (1, 9), (3, 6), (2, 4), (2, 7), (8, 11), (7, 9), (0, 3), (1, 2), (10, 11), (1, 5), (6, 10), (5, 8), (6, 7)]","[1.0, 1.0, 1.0, 1.0, 1.0, 1.0, 1.0, 1.0, 1.0, 1.0, 1.0, 1.0, 1.0, 1.0, 1.0, 1.0, 1.0, 1.0, 1.0, 1.0, 1.0, 1.0, 1.0, 1.0, 1.0, 1.0, 1.0, 1.0, 1.0, 1.0, 1.0, 1.0, 1.0, 1.0, 1.0, 1.0]"
ce01d54d,12,36,2,10.0,False,False,"[1, 1, 1]",15.571403208269022,,,,,,,,,,,8.74014544834515,,0.5612946586408983,,,,2.0113885402679443,2.0113885402679443,False,,0.0,0.0,,,2.021646738052368,2026-07-19 03:45:09,x86_64,dacsgpu0002,,64,64,3.11.15,0.21,False,False,adam,False,hamqaoa,0.001,False,False,hog,False,True,False,False,False,False,False,1,HOG_graphs/random_graphs_8to14vertices_78instances_20260625_143415_AdjacencyList.txt,False,0,32,1,5,1,,54,"[(5, 11), (2, 3), (3, 5), (2, 9), (4, 6), (7, 8), (0, 5), (1, 4), (0, 2), (1, 10), (0, 11), (6, 9), (5, 7), (3, 4), (2, 8), (4, 5), (3, 7), (2, 5), (2, 11), (4, 8), (8, 9), (1, 3), (0, 1), (9, 10), (0, 10), (6, 8), (5, 6), (3, 6), (2, 4), (2, 7), (4, 7), (0, 3), (1, 2), (10, 11), (0, 9), (6, 7)]","[1.0, 1.0, 1.0, 1.0, 1.0, 1.0, 1.0, 1.0, 1.0, 1.0, 1.0, 1.0, 1.0, 1.0, 1.0, 1.0, 1.0, 1.0, 1.0, 1.0, 1.0, 1.0, 1.0, 1.0, 1.0, 1.0, 1.0, 1.0, 1.0, 1.0, 1.0, 1.0, 1.0, 1.0, 1.0, 1.0]"
42a99082,12,24,1,50.0,False,False,"[1, 1, 1]",12.02946125476974,,,,,,,,,,,6.053319342510234,,0.503207850651671,,,,2.945030450820923,2.945030450820923,False,,0.0,0.0,,,2.952197790145874,2026-07-19 03:45:10,x86_64,dacsgpu0002,,64,64,3.11.15,0.21,False,False,adam,False,hamqaoa,0.001,False,False,hog,False,True,False,False,False,False,False,1,HOG_graphs/random_graphs_8to14vertices_78instances_20260625_143415_AdjacencyList.txt,False,0,32,1,5,1,,53,"[(2, 3), (3, 8), (4, 6), (7, 8), (1, 7), (0, 11), (5, 10), (6, 9), (4, 5), (3, 7), (3, 10), (8, 9), (1, 3), (0, 1), (1, 6), (6, 8), (5, 6), (2, 10), (2, 7), (7, 9), (0, 3), (0, 6), (1, 11), (0, 9)]","[1.0, 1.0, 1.0, 1.0, 1.0, 1.0, 1.0, 1.0, 1.0, 1.0, 1.0, 1.0, 1.0, 1.0, 1.0, 1.0, 1.0, 1.0, 1.0, 1.0, 1.0, 1.0, 1.0, 1.0]"
ddeb149f,13,22,1,5.0,False,False,"[1, 1, 1]",11.638098845807034,,,,,,,,,,,4.893408022508042,,0.4204645524445803,,,,0.3429219722747803,0.3429219722747803,False,,0.0,0.0,,,0.3493945598602295,2026-07-19 03:45:10,x86_64,dacsgpu0002,,64,64,3.11.15,0.21,False,False,adam,False,hamqaoa,0.001,False,False,hog,False,True,False,False,False,False,False,1,HOG_graphs/random_graphs_8to14vertices_78instances_20260625_143415_AdjacencyList.txt,False,0,32,1,5,1,,56,"[(5, 11), (3, 5), (4, 9), (1, 4), (1, 10), (1, 7), (0, 11), (5, 10), (6, 12), (3, 7), (2, 5), (3, 10), (1, 9), (3, 6), (8, 11), (1, 2), (1, 8), (0, 6), (0, 12), (0, 9), (6, 10), (5, 8)]","[1.0, 1.0, 1.0, 1.0, 1.0, 1.0, 1.0, 1.0, 1.0, 1.0, 1.0, 1.0, 1.0, 1.0, 1.0, 1.0, 1.0, 1.0, 1.0, 1.0, 1.0, 1.0]"
d86d5989,12,20,2,50.0,False,False,"[1, 1, 1]",10.095913301643497,,,,,,,,,,,4.751193152932996,,0.4706055817812497,,,,7.411969423294067,7.411969423294067,False,,0.0,0.0,,,7.423455476760864,2026-07-19 03:45:10,x86_64,dacsgpu0002,,64,64,3.11.15,0.21,False,False,adam,False,hamqaoa,0.001,False,False,hog,False,True,False,False,False,False,False,1,HOG_graphs/random_graphs_8to14vertices_78instances_20260625_143415_AdjacencyList.txt,False,0,32,1,5,1,,50,"[(5, 11), (2, 6), (0, 5), (0, 2), (5, 10), (2, 8), (2, 5), (2, 11), (1, 3), (0, 1), (0, 4), (0, 10), (0, 7), (6, 8), (2, 4), (3, 9), (2, 7), (7, 9), (0, 3), (0, 6)]","[1.0, 1.0, 1.0, 1.0, 1.0, 1.0, 1.0, 1.0, 1.0, 1.0, 1.0, 1.0, 1.0, 1.0, 1.0, 1.0, 1.0, 1.0, 1.0, 1.0]"
4489823e,12,24,2,25.0,False,False,"[1, 1, 1]",12.02946125476974,,,,,,,,,,,6.395888400492644,,0.5316853568946525,,,,4.061131954193115,4.061131954193115,False,,0.0,0.0,,,4.06848931312561,2026-07-19 03:45:11,x86_64,dacsgpu0002,,64,64,3.11.15,0.21,False,False,adam,False,hamqaoa,0.001,False,False,hog,False,True,False,False,False,False,False,1,HOG_graphs/random_graphs_8to14vertices_78instances_20260625_143415_AdjacencyList.txt,False,0,32,1,5,1,,53,"[(2, 3), (3, 8), (4, 6), (7, 8), (1, 7), (0, 11), (5, 10), (6, 9), (4, 5), (3, 7), (3, 10), (8, 9), (1, 3), (0, 1), (1, 6), (6, 8), (5, 6), (2, 10), (2, 7), (7, 9), (0, 3), (0, 6), (1, 11), (0, 9)]","[1.0, 1.0, 1.0, 1.0, 1.0, 1.0, 1.0, 1.0, 1.0, 1.0, 1.0, 1.0, 1.0, 1.0, 1.0, 1.0, 1.0, 1.0, 1.0, 1.0, 1.0, 1.0, 1.0, 1.0]"
470460c2,12,30,2,50.0,False,False,"[1, 1, 1]",14.510477488753505,,,,,,,,,,,8.094869885980518,,0.557863784445035,,,,9.107540607452393,9.107540607452393,False,,0.0,0.0,,,9.120560884475708,2026-07-19 03:45:11,x86_64,dacsgpu0002,,64,64,3.11.15,0.21,False,False,adam,False,hamqaoa,0.001,False,False,hog,False,True,False,False,False,False,False,1,HOG_graphs/random_graphs_8to14vertices_78instances_20260625_143415_AdjacencyList.txt,False,0,32,1,5,1,,49,"[(5, 11), (3, 8), (3, 5), (2, 9), (0, 5), (8, 10), (1, 10), (0, 2), (0, 8), (1, 7), (0, 11), (6, 9), (3, 4), (2, 8), (4, 8), (3, 10), (4, 11), (1, 3), (9, 10), (1, 6), (0, 4), (5, 6), (6, 11), (5, 9), (2, 7), (4, 7), (7, 9), (1, 2), (10, 11), (6, 7)]","[1.0, 1.0, 1.0, 1.0, 1.0, 1.0, 1.0, 1.0, 1.0, 1.0, 1.0, 1.0, 1.0, 1.0, 1.0, 1.0, 1.0, 1.0, 1.0, 1.0, 1.0, 1.0, 1.0, 1.0, 1.0, 1.0, 1.0, 1.0, 1.0, 1.0]"
c5f5b685,13,22,1,10.0,False,False,"[1, 1, 1]",11.638098845807034,,,,,,,,,,,4.720508035414702,,0.4056081751802102,,,,0.6654398441314697,0.6654398441314697,False,,0.0,0.0,,,0.6717014312744141,2026-07-19 03:45:11,x86_64,dacsgpu0002,,64,64,3.11.15,0.21,False,False,adam,False,hamqaoa,0.001,False,False,hog,False,True,False,False,False,False,False,1,HOG_graphs/random_graphs_8to14vertices_78instances_20260625_143415_AdjacencyList.txt,False,0,32,1,5,1,,56,"[(5, 11), (3, 5), (4, 9), (1, 4), (1, 10), (1, 7), (0, 11), (5, 10), (6, 12), (3, 7), (2, 5), (3, 10), (1, 9), (3, 6), (8, 11), (1, 2), (1, 8), (0, 6), (0, 12), (0, 9), (6, 10), (5, 8)]","[1.0, 1.0, 1.0, 1.0, 1.0, 1.0, 1.0, 1.0, 1.0, 1.0, 1.0, 1.0, 1.0, 1.0, 1.0, 1.0, 1.0, 1.0, 1.0, 1.0, 1.0, 1.0]"
89ca12d4,13,22,2,5.0,False,False,"[1, 1, 1]",11.638098845807034,,,,,,,,,,,4.302404209616831,,0.3696827348366179,,,,0.9407346248626709,0.9407346248626709,False,,0.0,0.0,,,0.9469270706176758,2026-07-19 03:45:11,x86_64,dacsgpu0002,,64,64,3.11.15,0.21,False,False,adam,False,hamqaoa,0.001,False,False,hog,False,True,False,False,False,False,False,1,HOG_graphs/random_graphs_8to14vertices_78instances_20260625_143415_AdjacencyList.txt,False,0,32,1,5,1,,56,"[(5, 11), (3, 5), (4, 9), (1, 4), (1, 10), (1, 7), (0, 11), (5, 10), (6, 12), (3, 7), (2, 5), (3, 10), (1, 9), (3, 6), (8, 11), (1, 2), (1, 8), (0, 6), (0, 12), (0, 9), (6, 10), (5, 8)]","[1.0, 1.0, 1.0, 1.0, 1.0, 1.0, 1.0, 1.0, 1.0, 1.0, 1.0, 1.0, 1.0, 1.0, 1.0, 1.0, 1.0, 1.0, 1.0, 1.0, 1.0, 1.0]"
1ba3275e,12,36,1,25.0,False,False,"[1, 1, 1]",16.172400501172454,,,,,,,,,,,9.756495139727603,,0.603280579096485,,,,1.793910264968872,1.793910264968872,False,,0.0,0.0,,,1.8072819709777832,2026-07-19 03:45:11,x86_64,dacsgpu0002,,64,64,3.11.15,0.21,False,False,adam,False,hamqaoa,0.001,False,False,hog,False,True,False,False,False,False,False,1,HOG_graphs/random_graphs_8to14vertices_78instances_20260625_143415_AdjacencyList.txt,False,0,32,1,5,1,,55,"[(5, 11), (3, 8), (3, 11), (2, 9), (4, 6), (4, 9), (7, 8), (0, 5), (0, 2), (1, 10), (0, 11), (6, 9), (5, 7), (2, 5), (2, 11), (3, 10), (7, 10), (8, 9), (0, 1), (9, 10), (1, 6), (0, 4), (0, 10), (1, 9), (3, 6), (2, 4), (2, 7), (8, 11), (7, 9), (0, 3), (1, 2), (10, 11), (1, 5), (6, 10), (5, 8), (6, 7)]","[1.0, 1.0, 1.0, 1.0, 1.0, 1.0, 1.0, 1.0, 1.0, 1.0, 1.0, 1.0, 1.0, 1.0, 1.0, 1.0, 1.0, 1.0, 1.0, 1.0, 1.0, 1.0, 1.0, 1.0, 1.0, 1.0, 1.0, 1.0, 1.0, 1.0, 1.0, 1.0, 1.0, 1.0, 1.0, 1.0]"
57c4cfdd,12,36,2,10.0,False,False,"[1, 1, 1]",16.172400501172454,,,,,,,,,,,8.619433512690915,,0.5329718066322949,,,,2.0732386112213135,2.0732386112213135,False,,0.0,0.0,,,2.081737756729126,2026-07-19 03:45:11,x86_64,dacsgpu0002,,64,64,3.11.15,0.21,False,False,adam,False,hamqaoa,0.001,False,False,hog,False,True,False,False,False,False,False,1,HOG_graphs/random_graphs_8to14vertices_78instances_20260625_143415_AdjacencyList.txt,False,0,32,1,5,1,,55,"[(5, 11), (3, 8), (3, 11), (2, 9), (4, 6), (4, 9), (7, 8), (0, 5), (0, 2), (1, 10), (0, 11), (6, 9), (5, 7), (2, 5), (2, 11), (3, 10), (7, 10), (8, 9), (0, 1), (9, 10), (1, 6), (0, 4), (0, 10), (1, 9), (3, 6), (2, 4), (2, 7), (8, 11), (7, 9), (0, 3), (1, 2), (10, 11), (1, 5), (6, 10), (5, 8), (6, 7)]","[1.0, 1.0, 1.0, 1.0, 1.0, 1.0, 1.0, 1.0, 1.0, 1.0, 1.0, 1.0, 1.0, 1.0, 1.0, 1.0, 1.0, 1.0, 1.0, 1.0, 1.0, 1.0, 1.0, 1.0, 1.0, 1.0, 1.0, 1.0, 1.0, 1.0, 1.0, 1.0, 1.0, 1.0, 1.0, 1.0]"
f674c43c,12,36,1,50.0,False,False,"[1, 1, 1]",15.571403208269022,,,,,,,,,,,9.606410633035292,,0.6169264583640037,,,,3.5528976917266846,3.5528976917266846,False,,0.0,0.0,,,3.561579465866089,2026-07-19 03:45:11,x86_64,dacsgpu0002,,64,64,3.11.15,0.21,False,False,adam,False,hamqaoa,0.001,False,False,hog,False,True,False,False,False,False,False,1,HOG_graphs/random_graphs_8to14vertices_78instances_20260625_143415_AdjacencyList.txt,False,0,32,1,5,1,,54,"[(5, 11), (2, 3), (3, 5), (2, 9), (4, 6), (7, 8), (0, 5), (1, 4), (0, 2), (1, 10), (0, 11), (6, 9), (5, 7), (3, 4), (2, 8), (4, 5), (3, 7), (2, 5), (2, 11), (4, 8), (8, 9), (1, 3), (0, 1), (9, 10), (0, 10), (6, 8), (5, 6), (3, 6), (2, 4), (2, 7), (4, 7), (0, 3), (1, 2), (10, 11), (0, 9), (6, 7)]","[1.0, 1.0, 1.0, 1.0, 1.0, 1.0, 1.0, 1.0, 1.0, 1.0, 1.0, 1.0, 1.0, 1.0, 1.0, 1.0, 1.0, 1.0, 1.0, 1.0, 1.0, 1.0, 1.0, 1.0, 1.0, 1.0, 1.0, 1.0, 1.0, 1.0, 1.0, 1.0, 1.0, 1.0, 1.0, 1.0]"
356b2c94,13,22,1,25.0,False,False,"[1, 1, 1]",11.638098845807034,,,,,,,,,,,4.789115421388605,,0.4115032433423629,,,,1.5689668655395508,1.5689668655395508,False,,0.0,0.0,,,1.575334072113037,2026-07-19 03:45:12,x86_64,dacsgpu0002,,64,64,3.11.15,0.21,False,False,adam,False,hamqaoa,0.001,False,False,hog,False,True,False,False,False,False,False,1,HOG_graphs/random_graphs_8to14vertices_78instances_20260625_143415_AdjacencyList.txt,False,0,32,1,5,1,,56,"[(5, 11), (3, 5), (4, 9), (1, 4), (1, 10), (1, 7), (0, 11), (5, 10), (6, 12), (3, 7), (2, 5), (3, 10), (1, 9), (3, 6), (8, 11), (1, 2), (1, 8), (0, 6), (0, 12), (0, 9), (6, 10), (5, 8)]","[1.0, 1.0, 1.0, 1.0, 1.0, 1.0, 1.0, 1.0, 1.0, 1.0, 1.0, 1.0, 1.0, 1.0, 1.0, 1.0, 1.0, 1.0, 1.0, 1.0, 1.0, 1.0]"
8ebc0425,13,22,2,10.0,False,False,"[1, 1, 1]",11.638098845807034,,,,,,,,,,,5.841789728872486,,0.5019539536714935,,,,1.8178954124450684,1.8178954124450684,False,,0.0,0.0,,,1.825211763381958,2026-07-19 03:45:12,x86_64,dacsgpu0002,,64,64,3.11.15,0.22,False,False,adam,False,hamqaoa,0.001,False,False,hog,False,True,False,False,False,False,False,1,HOG_graphs/random_graphs_8to14vertices_78instances_20260625_143415_AdjacencyList.txt,False,0,32,1,5,1,,56,"[(5, 11), (3, 5), (4, 9), (1, 4), (1, 10), (1, 7), (0, 11), (5, 10), (6, 12), (3, 7), (2, 5), (3, 10), (1, 9), (3, 6), (8, 11), (1, 2), (1, 8), (0, 6), (0, 12), (0, 9), (6, 10), (5, 8)]","[1.0, 1.0, 1.0, 1.0, 1.0, 1.0, 1.0, 1.0, 1.0, 1.0, 1.0, 1.0, 1.0, 1.0, 1.0, 1.0, 1.0, 1.0, 1.0, 1.0, 1.0, 1.0]"
a760e733,12,36,1,50.0,False,False,"[1, 1, 1]",16.172400501172454,,,,,,,,,,,7.948963205476672,,0.49151412030022346,,,,3.397496223449707,3.397496223449707,False,,0.0,0.0,,,3.405759572982788,2026-07-19 03:45:13,x86_64,dacsgpu0002,,64,64,3.11.15,0.21,False,False,adam,False,hamqaoa,0.001,False,False,hog,False,True,False,False,False,False,False,1,HOG_graphs/random_graphs_8to14vertices_78instances_20260625_143415_AdjacencyList.txt,False,0,32,1,5,1,,55,"[(5, 11), (3, 8), (3, 11), (2, 9), (4, 6), (4, 9), (7, 8), (0, 5), (0, 2), (1, 10), (0, 11), (6, 9), (5, 7), (2, 5), (2, 11), (3, 10), (7, 10), (8, 9), (0, 1), (9, 10), (1, 6), (0, 4), (0, 10), (1, 9), (3, 6), (2, 4), (2, 7), (8, 11), (7, 9), (0, 3), (1, 2), (10, 11), (1, 5), (6, 10), (5, 8), (6, 7)]","[1.0, 1.0, 1.0, 1.0, 1.0, 1.0, 1.0, 1.0, 1.0, 1.0, 1.0, 1.0, 1.0, 1.0, 1.0, 1.0, 1.0, 1.0, 1.0, 1.0, 1.0, 1.0, 1.0, 1.0, 1.0, 1.0, 1.0, 1.0, 1.0, 1.0, 1.0, 1.0, 1.0, 1.0, 1.0, 1.0]"
53baa227,12,27,2,50.0,False,False,"[1, 1, 1]",12.84724310191018,,,,,,,,,,,7.4589015800062715,,0.5805838280508019,,,,8.543426752090454,8.543426752090454,False,,0.0,0.0,,,8.550167322158813,2026-07-19 03:45:13,x86_64,dacsgpu0002,,64,64,3.11.15,0.21,False,False,adam,False,hamqaoa,0.001,False,False,hog,False,True,False,False,False,False,False,1,HOG_graphs/random_graphs_8to14vertices_78instances_20260625_143415_AdjacencyList.txt,False,0,32,1,5,1,,51,"[(3, 8), (3, 5), (2, 9), (0, 5), (1, 4), (1, 10), (0, 2), (0, 8), (0, 11), (2, 8), (4, 11), (8, 9), (0, 1), (1, 6), (0, 4), (0, 10), (0, 7), (5, 6), (2, 4), (2, 10), (4, 7), (0, 3), (10, 11), (0, 6), (1, 5), (0, 9), (6, 7)]","[1.0, 1.0, 1.0, 1.0, 1.0, 1.0, 1.0, 1.0, 1.0, 1.0, 1.0, 1.0, 1.0, 1.0, 1.0, 1.0, 1.0, 1.0, 1.0, 1.0, 1.0, 1.0, 1.0, 1.0, 1.0, 1.0, 1.0]"
c9b29239,12,36,2,25.0,False,False,"[1, 1, 1]",15.571403208269022,,,,,,,,,,,6.86979926536763,,0.4411804879421206,,,,4.947606563568115,4.947606563568115,False,,0.0,0.0,,,4.9618024826049805,2026-07-19 03:45:13,x86_64,dacsgpu0002,,64,64,3.11.15,0.21,False,False,adam,False,hamqaoa,0.001,False,False,hog,False,True,False,False,False,False,False,1,HOG_graphs/random_graphs_8to14vertices_78instances_20260625_143415_AdjacencyList.txt,False,0,32,1,5,1,,54,"[(5, 11), (2, 3), (3, 5), (2, 9), (4, 6), (7, 8), (0, 5), (1, 4), (0, 2), (1, 10), (0, 11), (6, 9), (5, 7), (3, 4), (2, 8), (4, 5), (3, 7), (2, 5), (2, 11), (4, 8), (8, 9), (1, 3), (0, 1), (9, 10), (0, 10), (6, 8), (5, 6), (3, 6), (2, 4), (2, 7), (4, 7), (0, 3), (1, 2), (10, 11), (0, 9), (6, 7)]","[1.0, 1.0, 1.0, 1.0, 1.0, 1.0, 1.0, 1.0, 1.0, 1.0, 1.0, 1.0, 1.0, 1.0, 1.0, 1.0, 1.0, 1.0, 1.0, 1.0, 1.0, 1.0, 1.0, 1.0, 1.0, 1.0, 1.0, 1.0, 1.0, 1.0, 1.0, 1.0, 1.0, 1.0, 1.0, 1.0]"
a351d17d,12,24,2,50.0,False,False,"[1, 1, 1]",12.441468738783803,,,,,,,,,,,5.642767009475546,,0.4535450860303448,,,,7.599801301956177,7.599801301956177,False,,0.0,0.0,,,7.609341144561768,2026-07-19 03:45:13,x86_64,dacsgpu0002,,64,64,3.11.15,0.21,False,False,adam,False,hamqaoa,0.001,False,False,hog,False,True,False,False,False,False,False,1,HOG_graphs/random_graphs_8to14vertices_78instances_20260625_143415_AdjacencyList.txt,False,0,32,1,5,1,,52,"[(2, 3), (3, 5), (4, 6), (7, 8), (0, 2), (0, 11), (6, 9), (5, 7), (3, 4), (4, 5), (1, 3), (0, 1), (9, 10), (0, 10), (1, 9), (6, 8), (5, 6), (2, 4), (7, 9), (10, 11), (1, 8), (0, 6), (1, 11), (0, 9)]","[1.0, 1.0, 1.0, 1.0, 1.0, 1.0, 1.0, 1.0, 1.0, 1.0, 1.0, 1.0, 1.0, 1.0, 1.0, 1.0, 1.0, 1.0, 1.0, 1.0, 1.0, 1.0, 1.0, 1.0]"
40e92371,13,22,1,50.0,False,False,"[1, 1, 1]",11.638098845807034,,,,,,,,,,,4.737564606333902,,0.40707375569685494,,,,2.889446973800659,2.889446973800659,False,,0.0,0.0,,,2.896108865737915,2026-07-19 03:45:13,x86_64,dacsgpu0002,,64,64,3.11.15,0.21,False,False,adam,False,hamqaoa,0.001,False,False,hog,False,True,False,False,False,False,False,1,HOG_graphs/random_graphs_8to14vertices_78instances_20260625_143415_AdjacencyList.txt,False,0,32,1,5,1,,56,"[(5, 11), (3, 5), (4, 9), (1, 4), (1, 10), (1, 7), (0, 11), (5, 10), (6, 12), (3, 7), (2, 5), (3, 10), (1, 9), (3, 6), (8, 11), (1, 2), (1, 8), (0, 6), (0, 12), (0, 9), (6, 10), (5, 8)]","[1.0, 1.0, 1.0, 1.0, 1.0, 1.0, 1.0, 1.0, 1.0, 1.0, 1.0, 1.0, 1.0, 1.0, 1.0, 1.0, 1.0, 1.0, 1.0, 1.0, 1.0, 1.0]"
16794fd5,12,36,2,25.0,False,False,"[1, 1, 1]",16.172400501172454,,,,,,,,,,,8.352767924049552,,0.5164828760853405,,,,4.50391149520874,4.50391149520874,False,,0.0,0.0,,,4.51663613319397,2026-07-19 03:45:14,x86_64,dacsgpu0002,,64,64,3.11.15,0.21,False,False,adam,False,hamqaoa,0.001,False,False,hog,False,True,False,False,False,False,False,1,HOG_graphs/random_graphs_8to14vertices_78instances_20260625_143415_AdjacencyList.txt,False,0,32,1,5,1,,55,"[(5, 11), (3, 8), (3, 11), (2, 9), (4, 6), (4, 9), (7, 8), (0, 5), (0, 2), (1, 10), (0, 11), (6, 9), (5, 7), (2, 5), (2, 11), (3, 10), (7, 10), (8, 9), (0, 1), (9, 10), (1, 6), (0, 4), (0, 10), (1, 9), (3, 6), (2, 4), (2, 7), (8, 11), (7, 9), (0, 3), (1, 2), (10, 11), (1, 5), (6, 10), (5, 8), (6, 7)]","[1.0, 1.0, 1.0, 1.0, 1.0, 1.0, 1.0, 1.0, 1.0, 1.0, 1.0, 1.0, 1.0, 1.0, 1.0, 1.0, 1.0, 1.0, 1.0, 1.0, 1.0, 1.0, 1.0, 1.0, 1.0, 1.0, 1.0, 1.0, 1.0, 1.0, 1.0, 1.0, 1.0, 1.0, 1.0, 1.0]"
51c6a3a6,12,24,2,50.0,False,False,"[1, 1, 1]",12.02946125476974,,,,,,,,,,,5.419739797206992,,0.45053886308150654,,,,7.318360328674316,7.318360328674316,False,,0.0,0.0,,,7.325953722000122,2026-07-19 03:45:14,x86_64,dacsgpu0002,,64,64,3.11.15,0.21,False,False,adam,False,hamqaoa,0.001,False,False,hog,False,True,False,False,False,False,False,1,HOG_graphs/random_graphs_8to14vertices_78instances_20260625_143415_AdjacencyList.txt,False,0,32,1,5,1,,53,"[(2, 3), (3, 8), (4, 6), (7, 8), (1, 7), (0, 11), (5, 10), (6, 9), (4, 5), (3, 7), (3, 10), (8, 9), (1, 3), (0, 1), (1, 6), (6, 8), (5, 6), (2, 10), (2, 7), (7, 9), (0, 3), (0, 6), (1, 11), (0, 9)]","[1.0, 1.0, 1.0, 1.0, 1.0, 1.0, 1.0, 1.0, 1.0, 1.0, 1.0, 1.0, 1.0, 1.0, 1.0, 1.0, 1.0, 1.0, 1.0, 1.0, 1.0, 1.0, 1.0, 1.0]"
771f9db9,13,22,2,25.0,False,False,"[1, 1, 1]",11.638098845807034,,,,,,,,,,,4.702064472229343,,0.404023417787296,,,,3.8230020999908447,3.8230020999908447,False,,0.0,0.0,,,3.8295795917510986,2026-07-19 03:45:14,x86_64,dacsgpu0002,,64,64,3.11.15,0.22,False,False,adam,False,hamqaoa,0.001,False,False,hog,False,True,False,False,False,False,False,1,HOG_graphs/random_graphs_8to14vertices_78instances_20260625_143415_AdjacencyList.txt,False,0,32,1,5,1,,56,"[(5, 11), (3, 5), (4, 9), (1, 4), (1, 10), (1, 7), (0, 11), (5, 10), (6, 12), (3, 7), (2, 5), (3, 10), (1, 9), (3, 6), (8, 11), (1, 2), (1, 8), (0, 6), (0, 12), (0, 9), (6, 10), (5, 8)]","[1.0, 1.0, 1.0, 1.0, 1.0, 1.0, 1.0, 1.0, 1.0, 1.0, 1.0, 1.0, 1.0, 1.0, 1.0, 1.0, 1.0, 1.0, 1.0, 1.0, 1.0, 1.0]"
734664cd,12,36,2,50.0,False,False,"[1, 1, 1]",15.571403208269022,,,,,,,,,,,8.868284461300533,,0.5695237829684565,,,,10.085520267486572,10.085520267486572,False,,0.0,0.0,,,10.098981142044067,2026-07-19 03:45:18,x86_64,dacsgpu0002,,64,64,3.11.15,0.22,False,False,adam,False,hamqaoa,0.001,False,False,hog,False,True,False,False,False,False,False,1,HOG_graphs/random_graphs_8to14vertices_78instances_20260625_143415_AdjacencyList.txt,False,0,32,1,5,1,,54,"[(5, 11), (2, 3), (3, 5), (2, 9), (4, 6), (7, 8), (0, 5), (1, 4), (0, 2), (1, 10), (0, 11), (6, 9), (5, 7), (3, 4), (2, 8), (4, 5), (3, 7), (2, 5), (2, 11), (4, 8), (8, 9), (1, 3), (0, 1), (9, 10), (0, 10), (6, 8), (5, 6), (3, 6), (2, 4), (2, 7), (4, 7), (0, 3), (1, 2), (10, 11), (0, 9), (6, 7)]","[1.0, 1.0, 1.0, 1.0, 1.0, 1.0, 1.0, 1.0, 1.0, 1.0, 1.0, 1.0, 1.0, 1.0, 1.0, 1.0, 1.0, 1.0, 1.0, 1.0, 1.0, 1.0, 1.0, 1.0, 1.0, 1.0, 1.0, 1.0, 1.0, 1.0, 1.0, 1.0, 1.0, 1.0, 1.0, 1.0]"
a8395970,12,36,2,50.0,False,False,"[1, 1, 1]",16.172400501172454,,,,,,,,,,,9.147688732433393,,0.5656358022898462,,,,10.667561769485474,10.667561769485474,False,,0.0,0.0,,,10.673320293426514,2026-07-19 03:45:20,x86_64,dacsgpu0002,,64,64,3.11.15,0.21,False,False,adam,False,hamqaoa,0.001,False,False,hog,False,True,False,False,False,False,False,1,HOG_graphs/random_graphs_8to14vertices_78instances_20260625_143415_AdjacencyList.txt,False,0,32,1,5,1,,55,"[(5, 11), (3, 8), (3, 11), (2, 9), (4, 6), (4, 9), (7, 8), (0, 5), (0, 2), (1, 10), (0, 11), (6, 9), (5, 7), (2, 5), (2, 11), (3, 10), (7, 10), (8, 9), (0, 1), (9, 10), (1, 6), (0, 4), (0, 10), (1, 9), (3, 6), (2, 4), (2, 7), (8, 11), (7, 9), (0, 3), (1, 2), (10, 11), (1, 5), (6, 10), (5, 8), (6, 7)]","[1.0, 1.0, 1.0, 1.0, 1.0, 1.0, 1.0, 1.0, 1.0, 1.0, 1.0, 1.0, 1.0, 1.0, 1.0, 1.0, 1.0, 1.0, 1.0, 1.0, 1.0, 1.0, 1.0, 1.0, 1.0, 1.0, 1.0, 1.0, 1.0, 1.0, 1.0, 1.0, 1.0, 1.0, 1.0, 1.0]"
5a2553e6,13,22,2,50.0,False,False,"[1, 1, 1]",11.638098845807034,,,,,,,,,,,5.776290824260261,,0.4963259807972278,,,,9.630186796188354,9.630186796188354,False,,0.0,0.0,,,9.636607885360718,2026-07-19 03:45:20,x86_64,dacsgpu0002,,64,64,3.11.15,0.22,False,False,adam,False,hamqaoa,0.001,False,False,hog,False,True,False,False,False,False,False,1,HOG_graphs/random_graphs_8to14vertices_78instances_20260625_143415_AdjacencyList.txt,False,0,32,1,5,1,,56,"[(5, 11), (3, 5), (4, 9), (1, 4), (1, 10), (1, 7), (0, 11), (5, 10), (6, 12), (3, 7), (2, 5), (3, 10), (1, 9), (3, 6), (8, 11), (1, 2), (1, 8), (0, 6), (0, 12), (0, 9), (6, 10), (5, 8)]","[1.0, 1.0, 1.0, 1.0, 1.0, 1.0, 1.0, 1.0, 1.0, 1.0, 1.0, 1.0, 1.0, 1.0, 1.0, 1.0, 1.0, 1.0, 1.0, 1.0, 1.0, 1.0]"
53d26bd8,13,26,1,5.0,False,False,"[1, 1, 1]",13.40103124390946,,,,,,,,,,,8.143595091363473,,0.6076842105016804,,,,0.39220547676086426,0.39220547676086426,False,,0.0,0.0,,,0.4011385440826416,2026-07-19 03:51:25,x86_64,dacsgpu0002,,64,64,3.11.15,0.21,False,False,adam,False,hamqaoa,0.001,False,False,hog,False,True,False,False,False,False,False,1,HOG_graphs/random_graphs_8to14vertices_78instances_20260625_143415_AdjacencyList.txt,False,0,32,1,5,1,,59,"[(3, 11), (4, 6), (4, 12), (7, 8), (0, 2), (0, 8), (9, 11), (0, 11), (2, 5), (4, 8), (3, 10), (7, 10), (1, 6), (0, 10), (1, 9), (5, 6), (5, 12), (3, 6), (2, 10), (3, 12), (4, 7), (8, 11), (7, 9), (9, 12), (1, 2), (1, 5)]","[1.0, 1.0, 1.0, 1.0, 1.0, 1.0, 1.0, 1.0, 1.0, 1.0, 1.0, 1.0, 1.0, 1.0, 1.0, 1.0, 1.0, 1.0, 1.0, 1.0, 1.0, 1.0, 1.0, 1.0, 1.0, 1.0]"
34870865,13,43,1,5.0,False,False,"[1, 1, 1]",18.9630715143133,,,,,,,,,,,10.81128704211369,,0.5701232015052702,,,,0.49359846115112305,0.49359846115112305,False,,0.0,0.0,,,0.5012385845184326,2026-07-19 03:51:25,x86_64,dacsgpu0002,,64,64,3.11.15,0.21,False,False,adam,False,hamqaoa,0.001,False,False,hog,False,True,False,False,False,False,False,1,HOG_graphs/random_graphs_8to14vertices_78instances_20260625_143415_AdjacencyList.txt,False,0,32,1,5,1,,58,"[(2, 3), (3, 8), (3, 5), (2, 9), (4, 6), (4, 12), (4, 9), (8, 10), (1, 4), (0, 2), (1, 10), (3, 4), (2, 8), (3, 7), (2, 5), (4, 8), (3, 10), (4, 11), (0, 1), (9, 10), (1, 6), (0, 4), (0, 10), (10, 12), (1, 9), (0, 7), (5, 12), (5, 9), (3, 6), (2, 4), (2, 10), (3, 9), (2, 7), (3, 12), (4, 7), (7, 9), (0, 3), (7, 12), (1, 8), (10, 11), (0, 9), (6, 10), (6, 7)]","[1.0, 1.0, 1.0, 1.0, 1.0, 1.0, 1.0, 1.0, 1.0, 1.0, 1.0, 1.0, 1.0, 1.0, 1.0, 1.0, 1.0, 1.0, 1.0, 1.0, 1.0, 1.0, 1.0, 1.0, 1.0, 1.0, 1.0, 1.0, 1.0, 1.0, 1.0, 1.0, 1.0, 1.0, 1.0, 1.0, 1.0, 1.0, 1.0, 1.0, 1.0, 1.0, 1.0]"
935282d8,13,31,1,10.0,False,False,"[1, 1, 1]",15.082651333728087,,,,,,,,,,,8.050307914405698,,0.5337462052446614,,,,0.7928600311279297,0.7928600311279297,False,,0.0,0.0,,,0.7998194694519043,2026-07-19 03:51:25,x86_64,dacsgpu0002,,64,64,3.11.15,0.21,False,False,adam,False,hamqaoa,0.001,False,False,hog,False,True,False,False,False,False,False,1,HOG_graphs/random_graphs_8to14vertices_78instances_20260625_143415_AdjacencyList.txt,False,0,32,1,5,1,,57,"[(5, 11), (2, 3), (3, 5), (3, 11), (11, 12), (4, 6), (4, 12), (7, 11), (0, 5), (1, 10), (9, 11), (0, 11), (2, 8), (3, 10), (7, 10), (9, 10), (8, 12), (1, 6), (0, 4), (0, 10), (1, 9), (5, 6), (6, 11), (3, 9), (4, 10), (4, 7), (7, 9), (1, 2), (1, 8), (1, 11), (5, 8)]","[1.0, 1.0, 1.0, 1.0, 1.0, 1.0, 1.0, 1.0, 1.0, 1.0, 1.0, 1.0, 1.0, 1.0, 1.0, 1.0, 1.0, 1.0, 1.0, 1.0, 1.0, 1.0, 1.0, 1.0, 1.0, 1.0, 1.0, 1.0, 1.0, 1.0, 1.0]"
b2f5e73b,13,26,1,10.0,False,False,"[1, 1, 1]",13.40103124390946,,,,,,,,,,,6.499997485579615,,0.48503711149347206,,,,0.7592542171478271,0.7592542171478271,False,,0.0,0.0,,,0.7688820362091064,2026-07-19 03:51:25,x86_64,dacsgpu0002,,64,64,3.11.15,0.21,False,False,adam,False,hamqaoa,0.001,False,False,hog,False,True,False,False,False,False,False,1,HOG_graphs/random_graphs_8to14vertices_78instances_20260625_143415_AdjacencyList.txt,False,0,32,1,5,1,,59,"[(3, 11), (4, 6), (4, 12), (7, 8), (0, 2), (0, 8), (9, 11), (0, 11), (2, 5), (4, 8), (3, 10), (7, 10), (1, 6), (0, 10), (1, 9), (5, 6), (5, 12), (3, 6), (2, 10), (3, 12), (4, 7), (8, 11), (7, 9), (9, 12), (1, 2), (1, 5)]","[1.0, 1.0, 1.0, 1.0, 1.0, 1.0, 1.0, 1.0, 1.0, 1.0, 1.0, 1.0, 1.0, 1.0, 1.0, 1.0, 1.0, 1.0, 1.0, 1.0, 1.0, 1.0, 1.0, 1.0, 1.0, 1.0]"
6e2b2df9,13,43,1,10.0,False,False,"[1, 1, 1]",18.9630715143133,,,,,,,,,,,10.801400687497985,,0.5696018537579792,,,,0.982072114944458,0.982072114944458,False,,0.0,0.0,,,0.989410400390625,2026-07-19 03:51:25,x86_64,dacsgpu0002,,64,64,3.11.15,0.21,False,False,adam,False,hamqaoa,0.001,False,False,hog,False,True,False,False,False,False,False,1,HOG_graphs/random_graphs_8to14vertices_78instances_20260625_143415_AdjacencyList.txt,False,0,32,1,5,1,,58,"[(2, 3), (3, 8), (3, 5), (2, 9), (4, 6), (4, 12), (4, 9), (8, 10), (1, 4), (0, 2), (1, 10), (3, 4), (2, 8), (3, 7), (2, 5), (4, 8), (3, 10), (4, 11), (0, 1), (9, 10), (1, 6), (0, 4), (0, 10), (10, 12), (1, 9), (0, 7), (5, 12), (5, 9), (3, 6), (2, 4), (2, 10), (3, 9), (2, 7), (3, 12), (4, 7), (7, 9), (0, 3), (7, 12), (1, 8), (10, 11), (0, 9), (6, 10), (6, 7)]","[1.0, 1.0, 1.0, 1.0, 1.0, 1.0, 1.0, 1.0, 1.0, 1.0, 1.0, 1.0, 1.0, 1.0, 1.0, 1.0, 1.0, 1.0, 1.0, 1.0, 1.0, 1.0, 1.0, 1.0, 1.0, 1.0, 1.0, 1.0, 1.0, 1.0, 1.0, 1.0, 1.0, 1.0, 1.0, 1.0, 1.0, 1.0, 1.0, 1.0, 1.0, 1.0, 1.0]"
00b271fd,13,26,2,5.0,False,False,"[1, 1, 1]",13.40103124390946,,,,,,,,,,,7.174547240690272,,0.5353727717000124,,,,1.0169167518615723,1.0169167518615723,False,,0.0,0.0,,,1.0242900848388672,2026-07-19 03:51:25,x86_64,dacsgpu0002,,64,64,3.11.15,0.21,False,False,adam,False,hamqaoa,0.001,False,False,hog,False,True,False,False,False,False,False,1,HOG_graphs/random_graphs_8to14vertices_78instances_20260625_143415_AdjacencyList.txt,False,0,32,1,5,1,,59,"[(3, 11), (4, 6), (4, 12), (7, 8), (0, 2), (0, 8), (9, 11), (0, 11), (2, 5), (4, 8), (3, 10), (7, 10), (1, 6), (0, 10), (1, 9), (5, 6), (5, 12), (3, 6), (2, 10), (3, 12), (4, 7), (8, 11), (7, 9), (9, 12), (1, 2), (1, 5)]","[1.0, 1.0, 1.0, 1.0, 1.0, 1.0, 1.0, 1.0, 1.0, 1.0, 1.0, 1.0, 1.0, 1.0, 1.0, 1.0, 1.0, 1.0, 1.0, 1.0, 1.0, 1.0, 1.0, 1.0, 1.0, 1.0]"
d14b416b,13,31,2,5.0,False,False,"[1, 1, 1]",15.082651333728087,,,,,,,,,,,7.663230776474403,,0.5080824721670621,,,,1.1835410594940186,1.1835410594940186,False,,0.0,0.0,,,1.1907029151916504,2026-07-19 03:51:26,x86_64,dacsgpu0002,,64,64,3.11.15,0.21,False,False,adam,False,hamqaoa,0.001,False,False,hog,False,True,False,False,False,False,False,1,HOG_graphs/random_graphs_8to14vertices_78instances_20260625_143415_AdjacencyList.txt,False,0,32,1,5,1,,57,"[(5, 11), (2, 3), (3, 5), (3, 11), (11, 12), (4, 6), (4, 12), (7, 11), (0, 5), (1, 10), (9, 11), (0, 11), (2, 8), (3, 10), (7, 10), (9, 10), (8, 12), (1, 6), (0, 4), (0, 10), (1, 9), (5, 6), (6, 11), (3, 9), (4, 10), (4, 7), (7, 9), (1, 2), (1, 8), (1, 11), (5, 8)]","[1.0, 1.0, 1.0, 1.0, 1.0, 1.0, 1.0, 1.0, 1.0, 1.0, 1.0, 1.0, 1.0, 1.0, 1.0, 1.0, 1.0, 1.0, 1.0, 1.0, 1.0, 1.0, 1.0, 1.0, 1.0, 1.0, 1.0, 1.0, 1.0, 1.0, 1.0]"
a4111b9f,13,22,1,5.0,False,False,"[1, 1, 1]",11.624575641933111,,,,,,,,,,,6.8019545875932526,,0.5851357328741267,,,,0.3492751121520996,0.3492751121520996,False,,0.0,0.0,,,0.35680150985717773,2026-07-19 03:51:26,x86_64,dacsgpu0002,,64,64,3.11.15,0.21,False,False,adam,False,hamqaoa,0.001,False,False,hog,False,True,False,False,False,False,False,1,HOG_graphs/random_graphs_8to14vertices_78instances_20260625_143415_AdjacencyList.txt,False,0,32,1,5,1,,60,"[(2, 6), (4, 12), (4, 9), (1, 4), (0, 2), (5, 7), (2, 5), (3, 10), (1, 3), (0, 1), (0, 4), (1, 9), (0, 7), (4, 10), (8, 11), (0, 3), (9, 12), (10, 11), (1, 8), (0, 6), (1, 5), (5, 8)]","[1.0, 1.0, 1.0, 1.0, 1.0, 1.0, 1.0, 1.0, 1.0, 1.0, 1.0, 1.0, 1.0, 1.0, 1.0, 1.0, 1.0, 1.0, 1.0, 1.0, 1.0, 1.0]"
ba743978,13,43,2,5.0,False,False,"[1, 1, 1]",18.9630715143133,,,,,,,,,,,10.746601683355307,,0.5667120790660831,,,,1.3757820129394531,1.3757820129394531,False,,0.0,0.0,,,1.3823187351226807,2026-07-19 03:51:26,x86_64,dacsgpu0002,,64,64,3.11.15,0.22,False,False,adam,False,hamqaoa,0.001,False,False,hog,False,True,False,False,False,False,False,1,HOG_graphs/random_graphs_8to14vertices_78instances_20260625_143415_AdjacencyList.txt,False,0,32,1,5,1,,58,"[(2, 3), (3, 8), (3, 5), (2, 9), (4, 6), (4, 12), (4, 9), (8, 10), (1, 4), (0, 2), (1, 10), (3, 4), (2, 8), (3, 7), (2, 5), (4, 8), (3, 10), (4, 11), (0, 1), (9, 10), (1, 6), (0, 4), (0, 10), (10, 12), (1, 9), (0, 7), (5, 12), (5, 9), (3, 6), (2, 4), (2, 10), (3, 9), (2, 7), (3, 12), (4, 7), (7, 9), (0, 3), (7, 12), (1, 8), (10, 11), (0, 9), (6, 10), (6, 7)]","[1.0, 1.0, 1.0, 1.0, 1.0, 1.0, 1.0, 1.0, 1.0, 1.0, 1.0, 1.0, 1.0, 1.0, 1.0, 1.0, 1.0, 1.0, 1.0, 1.0, 1.0, 1.0, 1.0, 1.0, 1.0, 1.0, 1.0, 1.0, 1.0, 1.0, 1.0, 1.0, 1.0, 1.0, 1.0, 1.0, 1.0, 1.0, 1.0, 1.0, 1.0, 1.0, 1.0]"
b9abad3a,13,22,1,10.0,False,False,"[1, 1, 1]",11.624575641933111,,,,,,,,,,,0.2415896746876573,,0.02078266614879045,,,,0.6653177738189697,0.6653177738189697,False,,0.0,0.0,,,0.672532320022583,2026-07-19 03:51:26,x86_64,dacsgpu0002,,64,64,3.11.15,0.21,False,False,adam,False,hamqaoa,0.001,False,False,hog,False,True,False,False,False,False,False,1,HOG_graphs/random_graphs_8to14vertices_78instances_20260625_143415_AdjacencyList.txt,False,0,32,1,5,1,,60,"[(2, 6), (4, 12), (4, 9), (1, 4), (0, 2), (5, 7), (2, 5), (3, 10), (1, 3), (0, 1), (0, 4), (1, 9), (0, 7), (4, 10), (8, 11), (0, 3), (9, 12), (10, 11), (1, 8), (0, 6), (1, 5), (5, 8)]","[1.0, 1.0, 1.0, 1.0, 1.0, 1.0, 1.0, 1.0, 1.0, 1.0, 1.0, 1.0, 1.0, 1.0, 1.0, 1.0, 1.0, 1.0, 1.0, 1.0, 1.0, 1.0]"
6ae90548,13,31,1,25.0,False,False,"[1, 1, 1]",15.082651333728087,,,,,,,,,,,1.8355427556276451,,0.12169894503381992,,,,2.044123411178589,2.044123411178589,False,,0.0,0.0,,,2.0510406494140625,2026-07-19 03:51:26,x86_64,dacsgpu0002,,64,64,3.11.15,0.21,False,False,adam,False,hamqaoa,0.001,False,False,hog,False,True,False,False,False,False,False,1,HOG_graphs/random_graphs_8to14vertices_78instances_20260625_143415_AdjacencyList.txt,False,0,32,1,5,1,,57,"[(5, 11), (2, 3), (3, 5), (3, 11), (11, 12), (4, 6), (4, 12), (7, 11), (0, 5), (1, 10), (9, 11), (0, 11), (2, 8), (3, 10), (7, 10), (9, 10), (8, 12), (1, 6), (0, 4), (0, 10), (1, 9), (5, 6), (6, 11), (3, 9), (4, 10), (4, 7), (7, 9), (1, 2), (1, 8), (1, 11), (5, 8)]","[1.0, 1.0, 1.0, 1.0, 1.0, 1.0, 1.0, 1.0, 1.0, 1.0, 1.0, 1.0, 1.0, 1.0, 1.0, 1.0, 1.0, 1.0, 1.0, 1.0, 1.0, 1.0, 1.0, 1.0, 1.0, 1.0, 1.0, 1.0, 1.0, 1.0, 1.0]"
3b6a0ccc,13,22,2,5.0,False,False,"[1, 1, 1]",11.624575641933111,,,,,,,,,,,4.275620352200693,,0.3678087255742333,,,,1.0146446228027344,1.0146446228027344,False,,0.0,0.0,,,1.0215983390808105,2026-07-19 03:51:27,x86_64,dacsgpu0002,,64,64,3.11.15,0.22,False,False,adam,False,hamqaoa,0.001,False,False,hog,False,True,False,False,False,False,False,1,HOG_graphs/random_graphs_8to14vertices_78instances_20260625_143415_AdjacencyList.txt,False,0,32,1,5,1,,60,"[(2, 6), (4, 12), (4, 9), (1, 4), (0, 2), (5, 7), (2, 5), (3, 10), (1, 3), (0, 1), (0, 4), (1, 9), (0, 7), (4, 10), (8, 11), (0, 3), (9, 12), (10, 11), (1, 8), (0, 6), (1, 5), (5, 8)]","[1.0, 1.0, 1.0, 1.0, 1.0, 1.0, 1.0, 1.0, 1.0, 1.0, 1.0, 1.0, 1.0, 1.0, 1.0, 1.0, 1.0, 1.0, 1.0, 1.0, 1.0, 1.0]"
9cb06780,13,26,1,25.0,False,False,"[1, 1, 1]",13.40103124390946,,,,,,,,,,,6.808158908410219,,0.5080324629124651,,,,1.8328986167907715,1.8328986167907715,False,,0.0,0.0,,,1.8417003154754639,2026-07-19 03:51:27,x86_64,dacsgpu0002,,64,64,3.11.15,0.21,False,False,adam,False,hamqaoa,0.001,False,False,hog,False,True,False,False,False,False,False,1,HOG_graphs/random_graphs_8to14vertices_78instances_20260625_143415_AdjacencyList.txt,False,0,32,1,5,1,,59,"[(3, 11), (4, 6), (4, 12), (7, 8), (0, 2), (0, 8), (9, 11), (0, 11), (2, 5), (4, 8), (3, 10), (7, 10), (1, 6), (0, 10), (1, 9), (5, 6), (5, 12), (3, 6), (2, 10), (3, 12), (4, 7), (8, 11), (7, 9), (9, 12), (1, 2), (1, 5)]","[1.0, 1.0, 1.0, 1.0, 1.0, 1.0, 1.0, 1.0, 1.0, 1.0, 1.0, 1.0, 1.0, 1.0, 1.0, 1.0, 1.0, 1.0, 1.0, 1.0, 1.0, 1.0, 1.0, 1.0, 1.0, 1.0]"
a2c5206c,13,43,1,25.0,False,False,"[1, 1, 1]",18.9630715143133,,,,,,,,,,,11.998378130679399,,0.6327233497813389,,,,2.437084197998047,2.437084197998047,False,,0.0,0.0,,,2.4445276260375977,2026-07-19 03:51:27,x86_64,dacsgpu0002,,64,64,3.11.15,0.21,False,False,adam,False,hamqaoa,0.001,False,False,hog,False,True,False,False,False,False,False,1,HOG_graphs/random_graphs_8to14vertices_78instances_20260625_143415_AdjacencyList.txt,False,0,32,1,5,1,,58,"[(2, 3), (3, 8), (3, 5), (2, 9), (4, 6), (4, 12), (4, 9), (8, 10), (1, 4), (0, 2), (1, 10), (3, 4), (2, 8), (3, 7), (2, 5), (4, 8), (3, 10), (4, 11), (0, 1), (9, 10), (1, 6), (0, 4), (0, 10), (10, 12), (1, 9), (0, 7), (5, 12), (5, 9), (3, 6), (2, 4), (2, 10), (3, 9), (2, 7), (3, 12), (4, 7), (7, 9), (0, 3), (7, 12), (1, 8), (10, 11), (0, 9), (6, 10), (6, 7)]","[1.0, 1.0, 1.0, 1.0, 1.0, 1.0, 1.0, 1.0, 1.0, 1.0, 1.0, 1.0, 1.0, 1.0, 1.0, 1.0, 1.0, 1.0, 1.0, 1.0, 1.0, 1.0, 1.0, 1.0, 1.0, 1.0, 1.0, 1.0, 1.0, 1.0, 1.0, 1.0, 1.0, 1.0, 1.0, 1.0, 1.0, 1.0, 1.0, 1.0, 1.0, 1.0, 1.0]"
a819bf55,13,26,2,10.0,False,False,"[1, 1, 1]",13.40103124390946,,,,,,,,,,,6.500024717330062,,0.48503914355727007,,,,2.148237705230713,2.148237705230713,False,,0.0,0.0,,,2.155257225036621,2026-07-19 03:51:27,x86_64,dacsgpu0002,,64,64,3.11.15,0.22,False,False,adam,False,hamqaoa,0.001,False,False,hog,False,True,False,False,False,False,False,1,HOG_graphs/random_graphs_8to14vertices_78instances_20260625_143415_AdjacencyList.txt,False,0,32,1,5,1,,59,"[(3, 11), (4, 6), (4, 12), (7, 8), (0, 2), (0, 8), (9, 11), (0, 11), (2, 5), (4, 8), (3, 10), (7, 10), (1, 6), (0, 10), (1, 9), (5, 6), (5, 12), (3, 6), (2, 10), (3, 12), (4, 7), (8, 11), (7, 9), (9, 12), (1, 2), (1, 5)]","[1.0, 1.0, 1.0, 1.0, 1.0, 1.0, 1.0, 1.0, 1.0, 1.0, 1.0, 1.0, 1.0, 1.0, 1.0, 1.0, 1.0, 1.0, 1.0, 1.0, 1.0, 1.0, 1.0, 1.0, 1.0, 1.0]"
c279004b,13,43,2,10.0,False,False,"[1, 1, 1]",18.9630715143133,,,,,,,,,,,10.830760996698114,,0.5711501424504501,,,,2.7424304485321045,2.7424304485321045,False,,0.0,0.0,,,2.74996280670166,2026-07-19 03:51:27,x86_64,dacsgpu0002,,64,64,3.11.15,0.21,False,False,adam,False,hamqaoa,0.001,False,False,hog,False,True,False,False,False,False,False,1,HOG_graphs/random_graphs_8to14vertices_78instances_20260625_143415_AdjacencyList.txt,False,0,32,1,5,1,,58,"[(2, 3), (3, 8), (3, 5), (2, 9), (4, 6), (4, 12), (4, 9), (8, 10), (1, 4), (0, 2), (1, 10), (3, 4), (2, 8), (3, 7), (2, 5), (4, 8), (3, 10), (4, 11), (0, 1), (9, 10), (1, 6), (0, 4), (0, 10), (10, 12), (1, 9), (0, 7), (5, 12), (5, 9), (3, 6), (2, 4), (2, 10), (3, 9), (2, 7), (3, 12), (4, 7), (7, 9), (0, 3), (7, 12), (1, 8), (10, 11), (0, 9), (6, 10), (6, 7)]","[1.0, 1.0, 1.0, 1.0, 1.0, 1.0, 1.0, 1.0, 1.0, 1.0, 1.0, 1.0, 1.0, 1.0, 1.0, 1.0, 1.0, 1.0, 1.0, 1.0, 1.0, 1.0, 1.0, 1.0, 1.0, 1.0, 1.0, 1.0, 1.0, 1.0, 1.0, 1.0, 1.0, 1.0, 1.0, 1.0, 1.0, 1.0, 1.0, 1.0, 1.0, 1.0, 1.0]"
aefd3065,13,22,1,25.0,False,False,"[1, 1, 1]",11.624575641933111,,,,,,,,,,,2.260473213436487,,0.19445640710378492,,,,1.6102118492126465,1.6102118492126465,False,,0.0,0.0,,,1.617032766342163,2026-07-19 03:51:27,x86_64,dacsgpu0002,,64,64,3.11.15,0.21,False,False,adam,False,hamqaoa,0.001,False,False,hog,False,True,False,False,False,False,False,1,HOG_graphs/random_graphs_8to14vertices_78instances_20260625_143415_AdjacencyList.txt,False,0,32,1,5,1,,60,"[(2, 6), (4, 12), (4, 9), (1, 4), (0, 2), (5, 7), (2, 5), (3, 10), (1, 3), (0, 1), (0, 4), (1, 9), (0, 7), (4, 10), (8, 11), (0, 3), (9, 12), (10, 11), (1, 8), (0, 6), (1, 5), (5, 8)]","[1.0, 1.0, 1.0, 1.0, 1.0, 1.0, 1.0, 1.0, 1.0, 1.0, 1.0, 1.0, 1.0, 1.0, 1.0, 1.0, 1.0, 1.0, 1.0, 1.0, 1.0, 1.0]"
fa7df282,13,22,2,10.0,False,False,"[1, 1, 1]",11.624575641933111,,,,,,,,,,,5.464763519553011,,0.47010434512895877,,,,1.858067512512207,1.858067512512207,False,,0.0,0.0,,,1.8643157482147217,2026-07-19 03:51:28,x86_64,dacsgpu0002,,64,64,3.11.15,0.21,False,False,adam,False,hamqaoa,0.001,False,False,hog,False,True,False,False,False,False,False,1,HOG_graphs/random_graphs_8to14vertices_78instances_20260625_143415_AdjacencyList.txt,False,0,32,1,5,1,,60,"[(2, 6), (4, 12), (4, 9), (1, 4), (0, 2), (5, 7), (2, 5), (3, 10), (1, 3), (0, 1), (0, 4), (1, 9), (0, 7), (4, 10), (8, 11), (0, 3), (9, 12), (10, 11), (1, 8), (0, 6), (1, 5), (5, 8)]","[1.0, 1.0, 1.0, 1.0, 1.0, 1.0, 1.0, 1.0, 1.0, 1.0, 1.0, 1.0, 1.0, 1.0, 1.0, 1.0, 1.0, 1.0, 1.0, 1.0, 1.0, 1.0]"
9d5d846c,13,26,1,50.0,False,False,"[1, 1, 1]",13.40103124390946,,,,,,,,,,,3.704624954337884,,0.27644327417127496,,,,3.411569118499756,3.411569118499756,False,,0.0,0.0,,,3.4189982414245605,2026-07-19 03:51:28,x86_64,dacsgpu0002,,64,64,3.11.15,0.21,False,False,adam,False,hamqaoa,0.001,False,False,hog,False,True,False,False,False,False,False,1,HOG_graphs/random_graphs_8to14vertices_78instances_20260625_143415_AdjacencyList.txt,False,0,32,1,5,1,,59,"[(3, 11), (4, 6), (4, 12), (7, 8), (0, 2), (0, 8), (9, 11), (0, 11), (2, 5), (4, 8), (3, 10), (7, 10), (1, 6), (0, 10), (1, 9), (5, 6), (5, 12), (3, 6), (2, 10), (3, 12), (4, 7), (8, 11), (7, 9), (9, 12), (1, 2), (1, 5)]","[1.0, 1.0, 1.0, 1.0, 1.0, 1.0, 1.0, 1.0, 1.0, 1.0, 1.0, 1.0, 1.0, 1.0, 1.0, 1.0, 1.0, 1.0, 1.0, 1.0, 1.0, 1.0, 1.0, 1.0, 1.0, 1.0]"
aff1e52c,13,43,1,50.0,False,False,"[1, 1, 1]",18.9630715143133,,,,,,,,,,,10.756244339045663,,0.5672205755764231,,,,4.476929187774658,4.476929187774658,False,,0.0,0.0,,,4.484318017959595,2026-07-19 03:51:29,x86_64,dacsgpu0002,,64,64,3.11.15,0.22,False,False,adam,False,hamqaoa,0.001,False,False,hog,False,True,False,False,False,False,False,1,HOG_graphs/random_graphs_8to14vertices_78instances_20260625_143415_AdjacencyList.txt,False,0,32,1,5,1,,58,"[(2, 3), (3, 8), (3, 5), (2, 9), (4, 6), (4, 12), (4, 9), (8, 10), (1, 4), (0, 2), (1, 10), (3, 4), (2, 8), (3, 7), (2, 5), (4, 8), (3, 10), (4, 11), (0, 1), (9, 10), (1, 6), (0, 4), (0, 10), (10, 12), (1, 9), (0, 7), (5, 12), (5, 9), (3, 6), (2, 4), (2, 10), (3, 9), (2, 7), (3, 12), (4, 7), (7, 9), (0, 3), (7, 12), (1, 8), (10, 11), (0, 9), (6, 10), (6, 7)]","[1.0, 1.0, 1.0, 1.0, 1.0, 1.0, 1.0, 1.0, 1.0, 1.0, 1.0, 1.0, 1.0, 1.0, 1.0, 1.0, 1.0, 1.0, 1.0, 1.0, 1.0, 1.0, 1.0, 1.0, 1.0, 1.0, 1.0, 1.0, 1.0, 1.0, 1.0, 1.0, 1.0, 1.0, 1.0, 1.0, 1.0, 1.0, 1.0, 1.0, 1.0, 1.0, 1.0]"
885e5d68,13,22,1,50.0,False,False,"[1, 1, 1]",11.624575641933111,,,,,,,,,,,6.433633465074137,,0.5534510388375996,,,,2.9508488178253174,2.9508488178253174,False,,0.0,0.0,,,2.9576733112335205,2026-07-19 03:51:29,x86_64,dacsgpu0002,,64,64,3.11.15,0.21,False,False,adam,False,hamqaoa,0.001,False,False,hog,False,True,False,False,False,False,False,1,HOG_graphs/random_graphs_8to14vertices_78instances_20260625_143415_AdjacencyList.txt,False,0,32,1,5,1,,60,"[(2, 6), (4, 12), (4, 9), (1, 4), (0, 2), (5, 7), (2, 5), (3, 10), (1, 3), (0, 1), (0, 4), (1, 9), (0, 7), (4, 10), (8, 11), (0, 3), (9, 12), (10, 11), (1, 8), (0, 6), (1, 5), (5, 8)]","[1.0, 1.0, 1.0, 1.0, 1.0, 1.0, 1.0, 1.0, 1.0, 1.0, 1.0, 1.0, 1.0, 1.0, 1.0, 1.0, 1.0, 1.0, 1.0, 1.0, 1.0, 1.0]"
632e8a1b,13,31,1,5.0,False,False,"[1, 1, 1]",15.082651333728087,,,,,,,,,,,7.887458123611397,,0.5229490458334289,,,,0.3451375961303711,0.3451375961303711,False,,0.0,0.0,,,0.35089850425720215,2026-07-19 03:51:29,x86_64,dacsgpu0002,,64,64,3.11.15,0.21,False,False,adam,False,hamqaoa,0.001,False,False,hog,False,True,False,False,False,False,False,1,HOG_graphs/random_graphs_8to14vertices_78instances_20260625_143415_AdjacencyList.txt,False,0,32,1,5,1,,57,"[(5, 11), (2, 3), (3, 5), (3, 11), (11, 12), (4, 6), (4, 12), (7, 11), (0, 5), (1, 10), (9, 11), (0, 11), (2, 8), (3, 10), (7, 10), (9, 10), (8, 12), (1, 6), (0, 4), (0, 10), (1, 9), (5, 6), (6, 11), (3, 9), (4, 10), (4, 7), (7, 9), (1, 2), (1, 8), (1, 11), (5, 8)]","[1.0, 1.0, 1.0, 1.0, 1.0, 1.0, 1.0, 1.0, 1.0, 1.0, 1.0, 1.0, 1.0, 1.0, 1.0, 1.0, 1.0, 1.0, 1.0, 1.0, 1.0, 1.0, 1.0, 1.0, 1.0, 1.0, 1.0, 1.0, 1.0, 1.0, 1.0]"
d7c5d6a2,13,26,2,25.0,False,False,"[1, 1, 1]",13.40103124390946,,,,,,,,,,,5.783255538036274,,0.43155302250822414,,,,4.581844091415405,4.581844091415405,False,,0.0,0.0,,,4.5917253494262695,2026-07-19 03:51:29,x86_64,dacsgpu0002,,64,64,3.11.15,0.22,False,False,adam,False,hamqaoa,0.001,False,False,hog,False,True,False,False,False,False,False,1,HOG_graphs/random_graphs_8to14vertices_78instances_20260625_143415_AdjacencyList.txt,False,0,32,1,5,1,,59,"[(3, 11), (4, 6), (4, 12), (7, 8), (0, 2), (0, 8), (9, 11), (0, 11), (2, 5), (4, 8), (3, 10), (7, 10), (1, 6), (0, 10), (1, 9), (5, 6), (5, 12), (3, 6), (2, 10), (3, 12), (4, 7), (8, 11), (7, 9), (9, 12), (1, 2), (1, 5)]","[1.0, 1.0, 1.0, 1.0, 1.0, 1.0, 1.0, 1.0, 1.0, 1.0, 1.0, 1.0, 1.0, 1.0, 1.0, 1.0, 1.0, 1.0, 1.0, 1.0, 1.0, 1.0, 1.0, 1.0, 1.0, 1.0]"
8f416d20,13,31,2,10.0,False,False,"[1, 1, 1]",15.082651333728087,,,,,,,,,,,7.724541255278961,,0.5121474390915083,,,,1.744558572769165,1.744558572769165,False,,0.0,0.0,,,1.7505104541778564,2026-07-19 03:51:30,x86_64,dacsgpu0002,,64,64,3.11.15,0.21,False,False,adam,False,hamqaoa,0.001,False,False,hog,False,True,False,False,False,False,False,1,HOG_graphs/random_graphs_8to14vertices_78instances_20260625_143415_AdjacencyList.txt,False,0,32,1,5,1,,57,"[(5, 11), (2, 3), (3, 5), (3, 11), (11, 12), (4, 6), (4, 12), (7, 11), (0, 5), (1, 10), (9, 11), (0, 11), (2, 8), (3, 10), (7, 10), (9, 10), (8, 12), (1, 6), (0, 4), (0, 10), (1, 9), (5, 6), (6, 11), (3, 9), (4, 10), (4, 7), (7, 9), (1, 2), (1, 8), (1, 11), (5, 8)]","[1.0, 1.0, 1.0, 1.0, 1.0, 1.0, 1.0, 1.0, 1.0, 1.0, 1.0, 1.0, 1.0, 1.0, 1.0, 1.0, 1.0, 1.0, 1.0, 1.0, 1.0, 1.0, 1.0, 1.0, 1.0, 1.0, 1.0, 1.0, 1.0, 1.0, 1.0]"
55197b5c,13,22,2,25.0,False,False,"[1, 1, 1]",11.624575641933111,,,,,,,,,,,3.2635634006755,,0.2807468849790017,,,,3.9469916820526123,3.9469916820526123,False,,0.0,0.0,,,3.9542670249938965,2026-07-19 03:51:30,x86_64,dacsgpu0002,,64,64,3.11.15,0.21,False,False,adam,False,hamqaoa,0.001,False,False,hog,False,True,False,False,False,False,False,1,HOG_graphs/random_graphs_8to14vertices_78instances_20260625_143415_AdjacencyList.txt,False,0,32,1,5,1,,60,"[(2, 6), (4, 12), (4, 9), (1, 4), (0, 2), (5, 7), (2, 5), (3, 10), (1, 3), (0, 1), (0, 4), (1, 9), (0, 7), (4, 10), (8, 11), (0, 3), (9, 12), (10, 11), (1, 8), (0, 6), (1, 5), (5, 8)]","[1.0, 1.0, 1.0, 1.0, 1.0, 1.0, 1.0, 1.0, 1.0, 1.0, 1.0, 1.0, 1.0, 1.0, 1.0, 1.0, 1.0, 1.0, 1.0, 1.0, 1.0, 1.0]"
28b889f2,13,43,2,25.0,False,False,"[1, 1, 1]",18.9630715143133,,,,,,,,,,,10.653511140071753,,0.5618030355488824,,,,5.871838331222534,5.871838331222534,False,,0.0,0.0,,,5.879383563995361,2026-07-19 03:51:30,x86_64,dacsgpu0002,,64,64,3.11.15,0.22,False,False,adam,False,hamqaoa,0.001,False,False,hog,False,True,False,False,False,False,False,1,HOG_graphs/random_graphs_8to14vertices_78instances_20260625_143415_AdjacencyList.txt,False,0,32,1,5,1,,58,"[(2, 3), (3, 8), (3, 5), (2, 9), (4, 6), (4, 12), (4, 9), (8, 10), (1, 4), (0, 2), (1, 10), (3, 4), (2, 8), (3, 7), (2, 5), (4, 8), (3, 10), (4, 11), (0, 1), (9, 10), (1, 6), (0, 4), (0, 10), (10, 12), (1, 9), (0, 7), (5, 12), (5, 9), (3, 6), (2, 4), (2, 10), (3, 9), (2, 7), (3, 12), (4, 7), (7, 9), (0, 3), (7, 12), (1, 8), (10, 11), (0, 9), (6, 10), (6, 7)]","[1.0, 1.0, 1.0, 1.0, 1.0, 1.0, 1.0, 1.0, 1.0, 1.0, 1.0, 1.0, 1.0, 1.0, 1.0, 1.0, 1.0, 1.0, 1.0, 1.0, 1.0, 1.0, 1.0, 1.0, 1.0, 1.0, 1.0, 1.0, 1.0, 1.0, 1.0, 1.0, 1.0, 1.0, 1.0, 1.0, 1.0, 1.0, 1.0, 1.0, 1.0, 1.0, 1.0]"
42f54e07,13,31,1,50.0,False,False,"[1, 1, 1]",15.082651333728087,,,,,,,,,,,7.538273067993452,,0.49979760860321915,,,,3.1484415531158447,3.1484415531158447,False,,0.0,0.0,,,3.1538305282592773,2026-07-19 03:51:32,x86_64,dacsgpu0002,,64,64,3.11.15,0.21,False,False,adam,False,hamqaoa,0.001,False,False,hog,False,True,False,False,False,False,False,1,HOG_graphs/random_graphs_8to14vertices_78instances_20260625_143415_AdjacencyList.txt,False,0,32,1,5,1,,57,"[(5, 11), (2, 3), (3, 5), (3, 11), (11, 12), (4, 6), (4, 12), (7, 11), (0, 5), (1, 10), (9, 11), (0, 11), (2, 8), (3, 10), (7, 10), (9, 10), (8, 12), (1, 6), (0, 4), (0, 10), (1, 9), (5, 6), (6, 11), (3, 9), (4, 10), (4, 7), (7, 9), (1, 2), (1, 8), (1, 11), (5, 8)]","[1.0, 1.0, 1.0, 1.0, 1.0, 1.0, 1.0, 1.0, 1.0, 1.0, 1.0, 1.0, 1.0, 1.0, 1.0, 1.0, 1.0, 1.0, 1.0, 1.0, 1.0, 1.0, 1.0, 1.0, 1.0, 1.0, 1.0, 1.0, 1.0, 1.0, 1.0]"
f8d4918a,13,30,1,5.0,False,False,"[1, 1, 1]",14.016547902144092,,,,,,,,,,,9.360356398713076,,0.6678075417757632,,,,0.37235403060913086,0.37235403060913086,False,,0.0,0.0,,,0.3780841827392578,2026-07-19 03:51:33,x86_64,dacsgpu0002,,64,64,3.11.15,0.21,False,False,adam,False,hamqaoa,0.001,False,False,hog,False,True,False,False,False,False,False,1,HOG_graphs/random_graphs_8to14vertices_78instances_20260625_143415_AdjacencyList.txt,False,0,32,1,5,1,,61,"[(2, 9), (4, 6), (2, 12), (7, 8), (0, 5), (1, 4), (0, 2), (0, 8), (9, 11), (0, 11), (6, 9), (5, 7), (4, 5), (2, 5), (4, 11), (0, 1), (8, 12), (9, 10), (0, 4), (0, 7), (5, 6), (2, 4), (4, 10), (4, 7), (0, 3), (0, 6), (0, 12), (0, 9), (6, 10), (5, 8)]","[1.0, 1.0, 1.0, 1.0, 1.0, 1.0, 1.0, 1.0, 1.0, 1.0, 1.0, 1.0, 1.0, 1.0, 1.0, 1.0, 1.0, 1.0, 1.0, 1.0, 1.0, 1.0, 1.0, 1.0, 1.0, 1.0, 1.0, 1.0, 1.0, 1.0]"
6da53748,13,31,2,25.0,False,False,"[1, 1, 1]",15.082651333728087,,,,,,,,,,,9.213592875615932,,0.6108735574237094,,,,4.391161680221558,4.391161680221558,False,,0.0,0.0,,,4.396557092666626,2026-07-19 03:51:34,x86_64,dacsgpu0002,,64,64,3.11.15,0.22,False,False,adam,False,hamqaoa,0.001,False,False,hog,False,True,False,False,False,False,False,1,HOG_graphs/random_graphs_8to14vertices_78instances_20260625_143415_AdjacencyList.txt,False,0,32,1,5,1,,57,"[(5, 11), (2, 3), (3, 5), (3, 11), (11, 12), (4, 6), (4, 12), (7, 11), (0, 5), (1, 10), (9, 11), (0, 11), (2, 8), (3, 10), (7, 10), (9, 10), (8, 12), (1, 6), (0, 4), (0, 10), (1, 9), (5, 6), (6, 11), (3, 9), (4, 10), (4, 7), (7, 9), (1, 2), (1, 8), (1, 11), (5, 8)]","[1.0, 1.0, 1.0, 1.0, 1.0, 1.0, 1.0, 1.0, 1.0, 1.0, 1.0, 1.0, 1.0, 1.0, 1.0, 1.0, 1.0, 1.0, 1.0, 1.0, 1.0, 1.0, 1.0, 1.0, 1.0, 1.0, 1.0, 1.0, 1.0, 1.0, 1.0]"
912a9547,13,26,2,50.0,False,False,"[1, 1, 1]",13.40103124390946,,,,,,,,,,,7.153661487539564,,0.5338142533464192,,,,8.432232141494751,8.432232141494751,False,,0.0,0.0,,,8.440166234970093,2026-07-19 03:51:34,x86_64,dacsgpu0002,,64,64,3.11.15,0.22,False,False,adam,False,hamqaoa,0.001,False,False,hog,False,True,False,False,False,False,False,1,HOG_graphs/random_graphs_8to14vertices_78instances_20260625_143415_AdjacencyList.txt,False,0,32,1,5,1,,59,"[(3, 11), (4, 6), (4, 12), (7, 8), (0, 2), (0, 8), (9, 11), (0, 11), (2, 5), (4, 8), (3, 10), (7, 10), (1, 6), (0, 10), (1, 9), (5, 6), (5, 12), (3, 6), (2, 10), (3, 12), (4, 7), (8, 11), (7, 9), (9, 12), (1, 2), (1, 5)]","[1.0, 1.0, 1.0, 1.0, 1.0, 1.0, 1.0, 1.0, 1.0, 1.0, 1.0, 1.0, 1.0, 1.0, 1.0, 1.0, 1.0, 1.0, 1.0, 1.0, 1.0, 1.0, 1.0, 1.0, 1.0, 1.0]"
8a5ce013,13,30,1,10.0,False,False,"[1, 1, 1]",14.016547902144092,,,,,,,,,,,5.688572798379553,,0.4058469202327187,,,,0.7585110664367676,0.7585110664367676,False,,0.0,0.0,,,0.764777421951294,2026-07-19 03:51:34,x86_64,dacsgpu0002,,64,64,3.11.15,0.21,False,False,adam,False,hamqaoa,0.001,False,False,hog,False,True,False,False,False,False,False,1,HOG_graphs/random_graphs_8to14vertices_78instances_20260625_143415_AdjacencyList.txt,False,0,32,1,5,1,,61,"[(2, 9), (4, 6), (2, 12), (7, 8), (0, 5), (1, 4), (0, 2), (0, 8), (9, 11), (0, 11), (6, 9), (5, 7), (4, 5), (2, 5), (4, 11), (0, 1), (8, 12), (9, 10), (0, 4), (0, 7), (5, 6), (2, 4), (4, 10), (4, 7), (0, 3), (0, 6), (0, 12), (0, 9), (6, 10), (5, 8)]","[1.0, 1.0, 1.0, 1.0, 1.0, 1.0, 1.0, 1.0, 1.0, 1.0, 1.0, 1.0, 1.0, 1.0, 1.0, 1.0, 1.0, 1.0, 1.0, 1.0, 1.0, 1.0, 1.0, 1.0, 1.0, 1.0, 1.0, 1.0, 1.0, 1.0]"
55f3faf8,13,22,2,50.0,False,False,"[1, 1, 1]",11.624575641933111,,,,,,,,,,,5.672524049458545,,0.48797687108647275,,,,7.445365905761719,7.445365905761719,False,,0.0,0.0,,,7.45208477973938,2026-07-19 03:51:34,x86_64,dacsgpu0002,,64,64,3.11.15,0.21,False,False,adam,False,hamqaoa,0.001,False,False,hog,False,True,False,False,False,False,False,1,HOG_graphs/random_graphs_8to14vertices_78instances_20260625_143415_AdjacencyList.txt,False,0,32,1,5,1,,60,"[(2, 6), (4, 12), (4, 9), (1, 4), (0, 2), (5, 7), (2, 5), (3, 10), (1, 3), (0, 1), (0, 4), (1, 9), (0, 7), (4, 10), (8, 11), (0, 3), (9, 12), (10, 11), (1, 8), (0, 6), (1, 5), (5, 8)]","[1.0, 1.0, 1.0, 1.0, 1.0, 1.0, 1.0, 1.0, 1.0, 1.0, 1.0, 1.0, 1.0, 1.0, 1.0, 1.0, 1.0, 1.0, 1.0, 1.0, 1.0, 1.0]"
5cb0e5df,13,31,2,50.0,False,False,"[1, 1, 1]",15.082651333728087,,,,,,,,,,,7.755652954250635,,0.5142101864350143,,,,9.433440923690796,9.433440923690796,False,,0.0,0.0,,,9.440392255783081,2026-07-19 03:51:34,x86_64,dacsgpu0002,,64,64,3.11.15,0.22,False,False,adam,False,hamqaoa,0.001,False,False,hog,False,True,False,False,False,False,False,1,HOG_graphs/random_graphs_8to14vertices_78instances_20260625_143415_AdjacencyList.txt,False,0,32,1,5,1,,57,"[(5, 11), (2, 3), (3, 5), (3, 11), (11, 12), (4, 6), (4, 12), (7, 11), (0, 5), (1, 10), (9, 11), (0, 11), (2, 8), (3, 10), (7, 10), (9, 10), (8, 12), (1, 6), (0, 4), (0, 10), (1, 9), (5, 6), (6, 11), (3, 9), (4, 10), (4, 7), (7, 9), (1, 2), (1, 8), (1, 11), (5, 8)]","[1.0, 1.0, 1.0, 1.0, 1.0, 1.0, 1.0, 1.0, 1.0, 1.0, 1.0, 1.0, 1.0, 1.0, 1.0, 1.0, 1.0, 1.0, 1.0, 1.0, 1.0, 1.0, 1.0, 1.0, 1.0, 1.0, 1.0, 1.0, 1.0, 1.0, 1.0]"
9209f717,13,30,2,5.0,False,False,"[1, 1, 1]",14.016547902144092,,,,,,,,,,,7.086445231788734,,0.5055770708495728,,,,1.042285442352295,1.042285442352295,False,,0.0,0.0,,,1.0486156940460205,2026-07-19 03:51:34,x86_64,dacsgpu0002,,64,64,3.11.15,0.21,False,False,adam,False,hamqaoa,0.001,False,False,hog,False,True,False,False,False,False,False,1,HOG_graphs/random_graphs_8to14vertices_78instances_20260625_143415_AdjacencyList.txt,False,0,32,1,5,1,,61,"[(2, 9), (4, 6), (2, 12), (7, 8), (0, 5), (1, 4), (0, 2), (0, 8), (9, 11), (0, 11), (6, 9), (5, 7), (4, 5), (2, 5), (4, 11), (0, 1), (8, 12), (9, 10), (0, 4), (0, 7), (5, 6), (2, 4), (4, 10), (4, 7), (0, 3), (0, 6), (0, 12), (0, 9), (6, 10), (5, 8)]","[1.0, 1.0, 1.0, 1.0, 1.0, 1.0, 1.0, 1.0, 1.0, 1.0, 1.0, 1.0, 1.0, 1.0, 1.0, 1.0, 1.0, 1.0, 1.0, 1.0, 1.0, 1.0, 1.0, 1.0, 1.0, 1.0, 1.0, 1.0, 1.0, 1.0]"
0e32e90d,13,26,1,5.0,False,False,"[1, 1, 1]",13.140069496756475,,,,,,,,,,,5.8882416912244,,0.4481134359812836,,,,0.35301852226257324,0.35301852226257324,False,,0.0,0.0,,,0.3599238395690918,2026-07-19 03:51:34,x86_64,dacsgpu0002,,64,64,3.11.15,0.21,False,False,adam,False,hamqaoa,0.001,False,False,hog,False,True,False,False,False,False,False,1,HOG_graphs/random_graphs_8to14vertices_78instances_20260625_143415_AdjacencyList.txt,False,0,32,1,5,1,,62,"[(2, 3), (11, 12), (4, 12), (7, 8), (0, 2), (9, 11), (0, 11), (6, 9), (5, 7), (4, 5), (3, 7), (4, 8), (8, 9), (0, 1), (10, 12), (1, 12), (5, 6), (3, 6), (2, 4), (3, 9), (7, 9), (1, 2), (1, 8), (10, 11), (0, 12), (6, 7)]","[1.0, 1.0, 1.0, 1.0, 1.0, 1.0, 1.0, 1.0, 1.0, 1.0, 1.0, 1.0, 1.0, 1.0, 1.0, 1.0, 1.0, 1.0, 1.0, 1.0, 1.0, 1.0, 1.0, 1.0, 1.0, 1.0]"
e3244508,13,26,1,10.0,False,False,"[1, 1, 1]",13.140069496756475,,,,,,,,,,,6.5874570047626095,,0.5013258876894581,,,,0.6843397617340088,0.6843397617340088,False,,0.0,0.0,,,0.6912190914154053,2026-07-19 03:51:35,x86_64,dacsgpu0002,,64,64,3.11.15,0.21,False,False,adam,False,hamqaoa,0.001,False,False,hog,False,True,False,False,False,False,False,1,HOG_graphs/random_graphs_8to14vertices_78instances_20260625_143415_AdjacencyList.txt,False,0,32,1,5,1,,62,"[(2, 3), (11, 12), (4, 12), (7, 8), (0, 2), (9, 11), (0, 11), (6, 9), (5, 7), (4, 5), (3, 7), (4, 8), (8, 9), (0, 1), (10, 12), (1, 12), (5, 6), (3, 6), (2, 4), (3, 9), (7, 9), (1, 2), (1, 8), (10, 11), (0, 12), (6, 7)]","[1.0, 1.0, 1.0, 1.0, 1.0, 1.0, 1.0, 1.0, 1.0, 1.0, 1.0, 1.0, 1.0, 1.0, 1.0, 1.0, 1.0, 1.0, 1.0, 1.0, 1.0, 1.0, 1.0, 1.0, 1.0, 1.0]"
55f8bf92,13,26,2,5.0,False,False,"[1, 1, 1]",13.140069496756475,,,,,,,,,,,5.840567792379575,,0.44448530457325774,,,,0.985637903213501,0.985637903213501,False,,0.0,0.0,,,0.992351770401001,2026-07-19 03:51:35,x86_64,dacsgpu0002,,64,64,3.11.15,0.22,False,False,adam,False,hamqaoa,0.001,False,False,hog,False,True,False,False,False,False,False,1,HOG_graphs/random_graphs_8to14vertices_78instances_20260625_143415_AdjacencyList.txt,False,0,32,1,5,1,,62,"[(2, 3), (11, 12), (4, 12), (7, 8), (0, 2), (9, 11), (0, 11), (6, 9), (5, 7), (4, 5), (3, 7), (4, 8), (8, 9), (0, 1), (10, 12), (1, 12), (5, 6), (3, 6), (2, 4), (3, 9), (7, 9), (1, 2), (1, 8), (10, 11), (0, 12), (6, 7)]","[1.0, 1.0, 1.0, 1.0, 1.0, 1.0, 1.0, 1.0, 1.0, 1.0, 1.0, 1.0, 1.0, 1.0, 1.0, 1.0, 1.0, 1.0, 1.0, 1.0, 1.0, 1.0, 1.0, 1.0, 1.0, 1.0]"
52198892,13,30,1,25.0,False,False,"[1, 1, 1]",14.016547902144092,,,,,,,,,,,6.964783924127097,,0.49689723694817206,,,,1.9005630016326904,1.9005630016326904,False,,0.0,0.0,,,1.9084362983703613,2026-07-19 03:51:35,x86_64,dacsgpu0002,,64,64,3.11.15,0.21,False,False,adam,False,hamqaoa,0.001,False,False,hog,False,True,False,False,False,False,False,1,HOG_graphs/random_graphs_8to14vertices_78instances_20260625_143415_AdjacencyList.txt,False,0,32,1,5,1,,61,"[(2, 9), (4, 6), (2, 12), (7, 8), (0, 5), (1, 4), (0, 2), (0, 8), (9, 11), (0, 11), (6, 9), (5, 7), (4, 5), (2, 5), (4, 11), (0, 1), (8, 12), (9, 10), (0, 4), (0, 7), (5, 6), (2, 4), (4, 10), (4, 7), (0, 3), (0, 6), (0, 12), (0, 9), (6, 10), (5, 8)]","[1.0, 1.0, 1.0, 1.0, 1.0, 1.0, 1.0, 1.0, 1.0, 1.0, 1.0, 1.0, 1.0, 1.0, 1.0, 1.0, 1.0, 1.0, 1.0, 1.0, 1.0, 1.0, 1.0, 1.0, 1.0, 1.0, 1.0, 1.0, 1.0, 1.0]"
add8a117,13,26,1,5.0,False,False,"[1, 1, 1]",13.1328900896986,,,,,,,,,,,5.865734575433119,,0.4466446102396138,,,,0.3765401840209961,0.3765401840209961,False,,0.0,0.0,,,0.38483357429504395,2026-07-19 03:51:35,x86_64,dacsgpu0002,,64,64,3.11.15,0.21,False,False,adam,False,hamqaoa,0.001,False,False,hog,False,True,False,False,False,False,False,1,HOG_graphs/random_graphs_8to14vertices_78instances_20260625_143415_AdjacencyList.txt,False,0,32,1,5,1,,63,"[(2, 6), (3, 5), (11, 12), (4, 12), (7, 8), (0, 2), (0, 8), (9, 11), (3, 4), (4, 8), (4, 11), (8, 9), (1, 3), (0, 1), (1, 9), (5, 6), (5, 9), (2, 10), (7, 9), (9, 12), (1, 2), (10, 11), (0, 12), (1, 5), (6, 10), (6, 7)]","[1.0, 1.0, 1.0, 1.0, 1.0, 1.0, 1.0, 1.0, 1.0, 1.0, 1.0, 1.0, 1.0, 1.0, 1.0, 1.0, 1.0, 1.0, 1.0, 1.0, 1.0, 1.0, 1.0, 1.0, 1.0, 1.0]"
e1d74334,13,30,2,10.0,False,False,"[1, 1, 1]",14.016547902144092,,,,,,,,,,,7.5593295503771305,,0.539314644600957,,,,2.202040195465088,2.202040195465088,False,,0.0,0.0,,,2.207484245300293,2026-07-19 03:51:35,x86_64,dacsgpu0002,,64,64,3.11.15,0.21,False,False,adam,False,hamqaoa,0.001,False,False,hog,False,True,False,False,False,False,False,1,HOG_graphs/random_graphs_8to14vertices_78instances_20260625_143415_AdjacencyList.txt,False,0,32,1,5,1,,61,"[(2, 9), (4, 6), (2, 12), (7, 8), (0, 5), (1, 4), (0, 2), (0, 8), (9, 11), (0, 11), (6, 9), (5, 7), (4, 5), (2, 5), (4, 11), (0, 1), (8, 12), (9, 10), (0, 4), (0, 7), (5, 6), (2, 4), (4, 10), (4, 7), (0, 3), (0, 6), (0, 12), (0, 9), (6, 10), (5, 8)]","[1.0, 1.0, 1.0, 1.0, 1.0, 1.0, 1.0, 1.0, 1.0, 1.0, 1.0, 1.0, 1.0, 1.0, 1.0, 1.0, 1.0, 1.0, 1.0, 1.0, 1.0, 1.0, 1.0, 1.0, 1.0, 1.0, 1.0, 1.0, 1.0, 1.0]"
eddca4f0,13,43,2,50.0,False,False,"[1, 1, 1]",18.9630715143133,,,,,,,,,,,9.561859877313475,,0.5042358180264309,,,,11.463930368423462,11.463930368423462,False,,0.0,0.0,,,11.4710533618927,2026-07-19 03:51:36,x86_64,dacsgpu0002,,64,64,3.11.15,0.22,False,False,adam,False,hamqaoa,0.001,False,False,hog,False,True,False,False,False,False,False,1,HOG_graphs/random_graphs_8to14vertices_78instances_20260625_143415_AdjacencyList.txt,False,0,32,1,5,1,,58,"[(2, 3), (3, 8), (3, 5), (2, 9), (4, 6), (4, 12), (4, 9), (8, 10), (1, 4), (0, 2), (1, 10), (3, 4), (2, 8), (3, 7), (2, 5), (4, 8), (3, 10), (4, 11), (0, 1), (9, 10), (1, 6), (0, 4), (0, 10), (10, 12), (1, 9), (0, 7), (5, 12), (5, 9), (3, 6), (2, 4), (2, 10), (3, 9), (2, 7), (3, 12), (4, 7), (7, 9), (0, 3), (7, 12), (1, 8), (10, 11), (0, 9), (6, 10), (6, 7)]","[1.0, 1.0, 1.0, 1.0, 1.0, 1.0, 1.0, 1.0, 1.0, 1.0, 1.0, 1.0, 1.0, 1.0, 1.0, 1.0, 1.0, 1.0, 1.0, 1.0, 1.0, 1.0, 1.0, 1.0, 1.0, 1.0, 1.0, 1.0, 1.0, 1.0, 1.0, 1.0, 1.0, 1.0, 1.0, 1.0, 1.0, 1.0, 1.0, 1.0, 1.0, 1.0, 1.0]"
9ff14bc2,13,26,1,10.0,False,False,"[1, 1, 1]",13.1328900896986,,,,,,,,,,,6.499282733553132,,0.4948859458323762,,,,0.7004477977752686,0.7004477977752686,False,,0.0,0.0,,,0.7068493366241455,2026-07-19 03:51:36,x86_64,dacsgpu0002,,64,64,3.11.15,0.21,False,False,adam,False,hamqaoa,0.001,False,False,hog,False,True,False,False,False,False,False,1,HOG_graphs/random_graphs_8to14vertices_78instances_20260625_143415_AdjacencyList.txt,False,0,32,1,5,1,,63,"[(2, 6), (3, 5), (11, 12), (4, 12), (7, 8), (0, 2), (0, 8), (9, 11), (3, 4), (4, 8), (4, 11), (8, 9), (1, 3), (0, 1), (1, 9), (5, 6), (5, 9), (2, 10), (7, 9), (9, 12), (1, 2), (10, 11), (0, 12), (1, 5), (6, 10), (6, 7)]","[1.0, 1.0, 1.0, 1.0, 1.0, 1.0, 1.0, 1.0, 1.0, 1.0, 1.0, 1.0, 1.0, 1.0, 1.0, 1.0, 1.0, 1.0, 1.0, 1.0, 1.0, 1.0, 1.0, 1.0, 1.0, 1.0]"
4c0d6c93,13,26,2,5.0,False,False,"[1, 1, 1]",13.1328900896986,,,,,,,,,,,5.194210723846348,,0.3955116267911715,,,,1.004190444946289,1.004190444946289,False,,0.0,0.0,,,1.0120117664337158,2026-07-19 03:51:36,x86_64,dacsgpu0002,,64,64,3.11.15,0.21,False,False,adam,False,hamqaoa,0.001,False,False,hog,False,True,False,False,False,False,False,1,HOG_graphs/random_graphs_8to14vertices_78instances_20260625_143415_AdjacencyList.txt,False,0,32,1,5,1,,63,"[(2, 6), (3, 5), (11, 12), (4, 12), (7, 8), (0, 2), (0, 8), (9, 11), (3, 4), (4, 8), (4, 11), (8, 9), (1, 3), (0, 1), (1, 9), (5, 6), (5, 9), (2, 10), (7, 9), (9, 12), (1, 2), (10, 11), (0, 12), (1, 5), (6, 10), (6, 7)]","[1.0, 1.0, 1.0, 1.0, 1.0, 1.0, 1.0, 1.0, 1.0, 1.0, 1.0, 1.0, 1.0, 1.0, 1.0, 1.0, 1.0, 1.0, 1.0, 1.0, 1.0, 1.0, 1.0, 1.0, 1.0, 1.0]"
cc1ee343,13,26,1,25.0,False,False,"[1, 1, 1]",13.140069496756475,,,,,,,,,,,0.3948640048280626,,0.030050374157117796,,,,1.7566180229187012,1.7566180229187012,False,,0.0,0.0,,,1.7631449699401855,2026-07-19 03:51:36,x86_64,dacsgpu0002,,64,64,3.11.15,0.21,False,False,adam,False,hamqaoa,0.001,False,False,hog,False,True,False,False,False,False,False,1,HOG_graphs/random_graphs_8to14vertices_78instances_20260625_143415_AdjacencyList.txt,False,0,32,1,5,1,,62,"[(2, 3), (11, 12), (4, 12), (7, 8), (0, 2), (9, 11), (0, 11), (6, 9), (5, 7), (4, 5), (3, 7), (4, 8), (8, 9), (0, 1), (10, 12), (1, 12), (5, 6), (3, 6), (2, 4), (3, 9), (7, 9), (1, 2), (1, 8), (10, 11), (0, 12), (6, 7)]","[1.0, 1.0, 1.0, 1.0, 1.0, 1.0, 1.0, 1.0, 1.0, 1.0, 1.0, 1.0, 1.0, 1.0, 1.0, 1.0, 1.0, 1.0, 1.0, 1.0, 1.0, 1.0, 1.0, 1.0, 1.0, 1.0]"
05b6697b,13,26,2,10.0,False,False,"[1, 1, 1]",13.140069496756475,,,,,,,,,,,6.673840450751317,,0.5078999355672132,,,,2.050543785095215,2.050543785095215,False,,0.0,0.0,,,2.056725263595581,2026-07-19 03:51:36,x86_64,dacsgpu0002,,64,64,3.11.15,0.22,False,False,adam,False,hamqaoa,0.001,False,False,hog,False,True,False,False,False,False,False,1,HOG_graphs/random_graphs_8to14vertices_78instances_20260625_143415_AdjacencyList.txt,False,0,32,1,5,1,,62,"[(2, 3), (11, 12), (4, 12), (7, 8), (0, 2), (9, 11), (0, 11), (6, 9), (5, 7), (4, 5), (3, 7), (4, 8), (8, 9), (0, 1), (10, 12), (1, 12), (5, 6), (3, 6), (2, 4), (3, 9), (7, 9), (1, 2), (1, 8), (10, 11), (0, 12), (6, 7)]","[1.0, 1.0, 1.0, 1.0, 1.0, 1.0, 1.0, 1.0, 1.0, 1.0, 1.0, 1.0, 1.0, 1.0, 1.0, 1.0, 1.0, 1.0, 1.0, 1.0, 1.0, 1.0, 1.0, 1.0, 1.0, 1.0]"
b33b333b,13,39,1,5.0,False,False,"[1, 1, 1]",17.171679397742054,,,,,,,,,,,8.19024282077619,,0.4769622487741732,,,,0.4521498680114746,0.4521498680114746,False,,0.0,0.0,,,0.4617762565612793,2026-07-19 03:51:36,x86_64,dacsgpu0002,,64,64,3.11.15,0.21,False,False,adam,False,hamqaoa,0.001,False,False,hog,False,True,False,False,False,False,False,1,HOG_graphs/random_graphs_8to14vertices_78instances_20260625_143415_AdjacencyList.txt,False,0,32,1,5,1,,64,"[(2, 3), (3, 8), (3, 5), (11, 12), (4, 6), (4, 12), (2, 12), (7, 8), (0, 5), (0, 2), (9, 11), (1, 7), (0, 11), (6, 9), (5, 7), (3, 4), (4, 5), (2, 5), (4, 8), (7, 10), (8, 9), (1, 3), (0, 1), (9, 10), (0, 10), (10, 12), (1, 9), (0, 7), (1, 12), (6, 8), (6, 11), (3, 6), (2, 4), (9, 12), (10, 11), (1, 8), (0, 12), (5, 8), (6, 7)]","[1.0, 1.0, 1.0, 1.0, 1.0, 1.0, 1.0, 1.0, 1.0, 1.0, 1.0, 1.0, 1.0, 1.0, 1.0, 1.0, 1.0, 1.0, 1.0, 1.0, 1.0, 1.0, 1.0, 1.0, 1.0, 1.0, 1.0, 1.0, 1.0, 1.0, 1.0, 1.0, 1.0, 1.0, 1.0, 1.0, 1.0, 1.0, 1.0]"
bf92dbdb,13,26,1,25.0,False,False,"[1, 1, 1]",13.1328900896986,,,,,,,,,,,3.8082715380239076,,0.28997970073709095,,,,1.8204102516174316,1.8204102516174316,False,,0.0,0.0,,,1.8281023502349854,2026-07-19 03:51:37,x86_64,dacsgpu0002,,64,64,3.11.15,0.21,False,False,adam,False,hamqaoa,0.001,False,False,hog,False,True,False,False,False,False,False,1,HOG_graphs/random_graphs_8to14vertices_78instances_20260625_143415_AdjacencyList.txt,False,0,32,1,5,1,,63,"[(2, 6), (3, 5), (11, 12), (4, 12), (7, 8), (0, 2), (0, 8), (9, 11), (3, 4), (4, 8), (4, 11), (8, 9), (1, 3), (0, 1), (1, 9), (5, 6), (5, 9), (2, 10), (7, 9), (9, 12), (1, 2), (10, 11), (0, 12), (1, 5), (6, 10), (6, 7)]","[1.0, 1.0, 1.0, 1.0, 1.0, 1.0, 1.0, 1.0, 1.0, 1.0, 1.0, 1.0, 1.0, 1.0, 1.0, 1.0, 1.0, 1.0, 1.0, 1.0, 1.0, 1.0, 1.0, 1.0, 1.0, 1.0]"
3101fcd2,13,39,1,10.0,False,False,"[1, 1, 1]",17.171679397742054,,,,,,,,,,,6.589985791100121,,0.38377060498617593,,,,0.9480719566345215,0.9480719566345215,False,,0.0,0.0,,,0.9566760063171387,2026-07-19 03:51:37,x86_64,dacsgpu0002,,64,64,3.11.15,0.21,False,False,adam,False,hamqaoa,0.001,False,False,hog,False,True,False,False,False,False,False,1,HOG_graphs/random_graphs_8to14vertices_78instances_20260625_143415_AdjacencyList.txt,False,0,32,1,5,1,,64,"[(2, 3), (3, 8), (3, 5), (11, 12), (4, 6), (4, 12), (2, 12), (7, 8), (0, 5), (0, 2), (9, 11), (1, 7), (0, 11), (6, 9), (5, 7), (3, 4), (4, 5), (2, 5), (4, 8), (7, 10), (8, 9), (1, 3), (0, 1), (9, 10), (0, 10), (10, 12), (1, 9), (0, 7), (1, 12), (6, 8), (6, 11), (3, 6), (2, 4), (9, 12), (10, 11), (1, 8), (0, 12), (5, 8), (6, 7)]","[1.0, 1.0, 1.0, 1.0, 1.0, 1.0, 1.0, 1.0, 1.0, 1.0, 1.0, 1.0, 1.0, 1.0, 1.0, 1.0, 1.0, 1.0, 1.0, 1.0, 1.0, 1.0, 1.0, 1.0, 1.0, 1.0, 1.0, 1.0, 1.0, 1.0, 1.0, 1.0, 1.0, 1.0, 1.0, 1.0, 1.0, 1.0, 1.0]"
f0306ea6,13,30,1,50.0,False,False,"[1, 1, 1]",14.016547902144092,,,,,,,,,,,8.150075216448851,,0.5814609469712685,,,,3.875077486038208,3.875077486038208,False,,0.0,0.0,,,3.882585287094116,2026-07-19 03:51:37,x86_64,dacsgpu0002,,64,64,3.11.15,0.21,False,False,adam,False,hamqaoa,0.001,False,False,hog,False,True,False,False,False,False,False,1,HOG_graphs/random_graphs_8to14vertices_78instances_20260625_143415_AdjacencyList.txt,False,0,32,1,5,1,,61,"[(2, 9), (4, 6), (2, 12), (7, 8), (0, 5), (1, 4), (0, 2), (0, 8), (9, 11), (0, 11), (6, 9), (5, 7), (4, 5), (2, 5), (4, 11), (0, 1), (8, 12), (9, 10), (0, 4), (0, 7), (5, 6), (2, 4), (4, 10), (4, 7), (0, 3), (0, 6), (0, 12), (0, 9), (6, 10), (5, 8)]","[1.0, 1.0, 1.0, 1.0, 1.0, 1.0, 1.0, 1.0, 1.0, 1.0, 1.0, 1.0, 1.0, 1.0, 1.0, 1.0, 1.0, 1.0, 1.0, 1.0, 1.0, 1.0, 1.0, 1.0, 1.0, 1.0, 1.0, 1.0, 1.0, 1.0]"
57e4e301,13,26,2,10.0,False,False,"[1, 1, 1]",13.1328900896986,,,,,,,,,,,4.37942130411526,,0.3334697293743793,,,,2.095994472503662,2.095994472503662,False,,0.0,0.0,,,2.103172779083252,2026-07-19 03:51:37,x86_64,dacsgpu0002,,64,64,3.11.15,0.21,False,False,adam,False,hamqaoa,0.001,False,False,hog,False,True,False,False,False,False,False,1,HOG_graphs/random_graphs_8to14vertices_78instances_20260625_143415_AdjacencyList.txt,False,0,32,1,5,1,,63,"[(2, 6), (3, 5), (11, 12), (4, 12), (7, 8), (0, 2), (0, 8), (9, 11), (3, 4), (4, 8), (4, 11), (8, 9), (1, 3), (0, 1), (1, 9), (5, 6), (5, 9), (2, 10), (7, 9), (9, 12), (1, 2), (10, 11), (0, 12), (1, 5), (6, 10), (6, 7)]","[1.0, 1.0, 1.0, 1.0, 1.0, 1.0, 1.0, 1.0, 1.0, 1.0, 1.0, 1.0, 1.0, 1.0, 1.0, 1.0, 1.0, 1.0, 1.0, 1.0, 1.0, 1.0, 1.0, 1.0, 1.0, 1.0]"
2cdc35e7,13,39,2,5.0,False,False,"[1, 1, 1]",17.171679397742054,,,,,,,,,,,9.760817653166836,,0.568425337270757,,,,1.294297218322754,1.294297218322754,False,,0.0,0.0,,,1.3018438816070557,2026-07-19 03:51:37,x86_64,dacsgpu0002,,64,64,3.11.15,0.22,False,False,adam,False,hamqaoa,0.001,False,False,hog,False,True,False,False,False,False,False,1,HOG_graphs/random_graphs_8to14vertices_78instances_20260625_143415_AdjacencyList.txt,False,0,32,1,5,1,,64,"[(2, 3), (3, 8), (3, 5), (11, 12), (4, 6), (4, 12), (2, 12), (7, 8), (0, 5), (0, 2), (9, 11), (1, 7), (0, 11), (6, 9), (5, 7), (3, 4), (4, 5), (2, 5), (4, 8), (7, 10), (8, 9), (1, 3), (0, 1), (9, 10), (0, 10), (10, 12), (1, 9), (0, 7), (1, 12), (6, 8), (6, 11), (3, 6), (2, 4), (9, 12), (10, 11), (1, 8), (0, 12), (5, 8), (6, 7)]","[1.0, 1.0, 1.0, 1.0, 1.0, 1.0, 1.0, 1.0, 1.0, 1.0, 1.0, 1.0, 1.0, 1.0, 1.0, 1.0, 1.0, 1.0, 1.0, 1.0, 1.0, 1.0, 1.0, 1.0, 1.0, 1.0, 1.0, 1.0, 1.0, 1.0, 1.0, 1.0, 1.0, 1.0, 1.0, 1.0, 1.0, 1.0, 1.0]"
25ece2b8,13,39,1,5.0,False,False,"[1, 1, 1]",16.847159005026146,,,,,,,,,,,10.052731349273504,,0.5967018739642923,,,,0.5030679702758789,0.5030679702758789,False,,0.0,0.0,,,0.5126235485076904,2026-07-19 03:51:38,x86_64,dacsgpu0002,,64,64,3.11.15,0.21,False,False,adam,False,hamqaoa,0.001,False,False,hog,False,True,False,False,False,False,False,1,HOG_graphs/random_graphs_8to14vertices_78instances_20260625_143415_AdjacencyList.txt,False,0,32,1,5,1,,65,"[(3, 5), (11, 12), (2, 9), (4, 12), (2, 12), (7, 8), (1, 4), (0, 2), (1, 7), (0, 11), (5, 10), (6, 9), (5, 7), (3, 4), (2, 8), (4, 5), (2, 5), (3, 10), (7, 10), (0, 1), (8, 12), (9, 10), (1, 6), (10, 12), (1, 12), (6, 8), (5, 12), (6, 11), (2, 4), (2, 7), (4, 10), (4, 7), (8, 11), (9, 12), (1, 2), (1, 8), (10, 11), (1, 5), (1, 11)]","[1.0, 1.0, 1.0, 1.0, 1.0, 1.0, 1.0, 1.0, 1.0, 1.0, 1.0, 1.0, 1.0, 1.0, 1.0, 1.0, 1.0, 1.0, 1.0, 1.0, 1.0, 1.0, 1.0, 1.0, 1.0, 1.0, 1.0, 1.0, 1.0, 1.0, 1.0, 1.0, 1.0, 1.0, 1.0, 1.0, 1.0, 1.0, 1.0]"
09b387b9,13,26,1,50.0,False,False,"[1, 1, 1]",13.140069496756475,,,,,,,,,,,6.4910745027907275,,0.49399088067174984,,,,3.6913034915924072,3.6913034915924072,False,,0.0,0.0,,,3.6971027851104736,2026-07-19 03:51:38,x86_64,dacsgpu0002,,64,64,3.11.15,0.21,False,False,adam,False,hamqaoa,0.001,False,False,hog,False,True,False,False,False,False,False,1,HOG_graphs/random_graphs_8to14vertices_78instances_20260625_143415_AdjacencyList.txt,False,0,32,1,5,1,,62,"[(2, 3), (11, 12), (4, 12), (7, 8), (0, 2), (9, 11), (0, 11), (6, 9), (5, 7), (4, 5), (3, 7), (4, 8), (8, 9), (0, 1), (10, 12), (1, 12), (5, 6), (3, 6), (2, 4), (3, 9), (7, 9), (1, 2), (1, 8), (10, 11), (0, 12), (6, 7)]","[1.0, 1.0, 1.0, 1.0, 1.0, 1.0, 1.0, 1.0, 1.0, 1.0, 1.0, 1.0, 1.0, 1.0, 1.0, 1.0, 1.0, 1.0, 1.0, 1.0, 1.0, 1.0, 1.0, 1.0, 1.0, 1.0]"
ca8f0738,13,39,1,10.0,False,False,"[1, 1, 1]",16.847159005026146,,,,,,,,,,,9.834293436145002,,0.5837360134851852,,,,0.9866509437561035,0.9866509437561035,False,,0.0,0.0,,,0.9953675270080566,2026-07-19 03:51:38,x86_64,dacsgpu0002,,64,64,3.11.15,0.21,False,False,adam,False,hamqaoa,0.001,False,False,hog,False,True,False,False,False,False,False,1,HOG_graphs/random_graphs_8to14vertices_78instances_20260625_143415_AdjacencyList.txt,False,0,32,1,5,1,,65,"[(3, 5), (11, 12), (2, 9), (4, 12), (2, 12), (7, 8), (1, 4), (0, 2), (1, 7), (0, 11), (5, 10), (6, 9), (5, 7), (3, 4), (2, 8), (4, 5), (2, 5), (3, 10), (7, 10), (0, 1), (8, 12), (9, 10), (1, 6), (10, 12), (1, 12), (6, 8), (5, 12), (6, 11), (2, 4), (2, 7), (4, 10), (4, 7), (8, 11), (9, 12), (1, 2), (1, 8), (10, 11), (1, 5), (1, 11)]","[1.0, 1.0, 1.0, 1.0, 1.0, 1.0, 1.0, 1.0, 1.0, 1.0, 1.0, 1.0, 1.0, 1.0, 1.0, 1.0, 1.0, 1.0, 1.0, 1.0, 1.0, 1.0, 1.0, 1.0, 1.0, 1.0, 1.0, 1.0, 1.0, 1.0, 1.0, 1.0, 1.0, 1.0, 1.0, 1.0, 1.0, 1.0, 1.0]"
1c17f511,13,39,2,5.0,False,False,"[1, 1, 1]",16.847159005026146,,,,,,,,,,,7.880887231334561,,0.467787312328648,,,,1.3008832931518555,1.3008832931518555,False,,0.0,0.0,,,1.315216064453125,2026-07-19 03:51:39,x86_64,dacsgpu0002,,64,64,3.11.15,0.21,False,False,adam,False,hamqaoa,0.001,False,False,hog,False,True,False,False,False,False,False,1,HOG_graphs/random_graphs_8to14vertices_78instances_20260625_143415_AdjacencyList.txt,False,0,32,1,5,1,,65,"[(3, 5), (11, 12), (2, 9), (4, 12), (2, 12), (7, 8), (1, 4), (0, 2), (1, 7), (0, 11), (5, 10), (6, 9), (5, 7), (3, 4), (2, 8), (4, 5), (2, 5), (3, 10), (7, 10), (0, 1), (8, 12), (9, 10), (1, 6), (10, 12), (1, 12), (6, 8), (5, 12), (6, 11), (2, 4), (2, 7), (4, 10), (4, 7), (8, 11), (9, 12), (1, 2), (1, 8), (10, 11), (1, 5), (1, 11)]","[1.0, 1.0, 1.0, 1.0, 1.0, 1.0, 1.0, 1.0, 1.0, 1.0, 1.0, 1.0, 1.0, 1.0, 1.0, 1.0, 1.0, 1.0, 1.0, 1.0, 1.0, 1.0, 1.0, 1.0, 1.0, 1.0, 1.0, 1.0, 1.0, 1.0, 1.0, 1.0, 1.0, 1.0, 1.0, 1.0, 1.0, 1.0, 1.0]"
adc57e54,13,30,2,25.0,False,False,"[1, 1, 1]",14.016547902144092,,,,,,,,,,,8.077249814301512,,0.5762652737815669,,,,5.5779125690460205,5.5779125690460205,False,,0.0,0.0,,,5.5880138874053955,2026-07-19 03:51:39,x86_64,dacsgpu0002,,64,64,3.11.15,0.22,False,False,adam,False,hamqaoa,0.001,False,False,hog,False,True,False,False,False,False,False,1,HOG_graphs/random_graphs_8to14vertices_78instances_20260625_143415_AdjacencyList.txt,False,0,32,1,5,1,,61,"[(2, 9), (4, 6), (2, 12), (7, 8), (0, 5), (1, 4), (0, 2), (0, 8), (9, 11), (0, 11), (6, 9), (5, 7), (4, 5), (2, 5), (4, 11), (0, 1), (8, 12), (9, 10), (0, 4), (0, 7), (5, 6), (2, 4), (4, 10), (4, 7), (0, 3), (0, 6), (0, 12), (0, 9), (6, 10), (5, 8)]","[1.0, 1.0, 1.0, 1.0, 1.0, 1.0, 1.0, 1.0, 1.0, 1.0, 1.0, 1.0, 1.0, 1.0, 1.0, 1.0, 1.0, 1.0, 1.0, 1.0, 1.0, 1.0, 1.0, 1.0, 1.0, 1.0, 1.0, 1.0, 1.0, 1.0]"
c69c0a90,14,20,1,5.0,False,False,"[1, 1, 1]",10.92869892895262,,,,,,,,,,,0.7796192910361164,,0.07133688063916985,,,,0.45424866676330566,0.45424866676330566,False,,0.0,0.0,,,0.4626426696777344,2026-07-19 03:51:39,x86_64,dacsgpu0002,,64,64,3.11.15,0.21,False,False,adam,False,hamqaoa,0.001,False,False,hog,False,True,False,False,False,False,False,1,HOG_graphs/random_graphs_8to14vertices_78instances_20260625_143415_AdjacencyList.txt,False,0,32,1,5,1,,66,"[(2, 6), (4, 6), (2, 12), (8, 10), (0, 8), (1, 13), (12, 13), (5, 10), (6, 9), (4, 8), (3, 10), (7, 10), (0, 1), (9, 10), (0, 10), (0, 13), (6, 11), (2, 13), (3, 12), (1, 8)]","[1.0, 1.0, 1.0, 1.0, 1.0, 1.0, 1.0, 1.0, 1.0, 1.0, 1.0, 1.0, 1.0, 1.0, 1.0, 1.0, 1.0, 1.0, 1.0, 1.0]"
b2c48c1e,13,39,1,25.0,False,False,"[1, 1, 1]",17.171679397742054,,,,,,,,,,,7.20556139042838,,0.41961890992303624,,,,2.4886062145233154,2.4886062145233154,False,,0.0,0.0,,,2.495640754699707,2026-07-19 03:51:39,x86_64,dacsgpu0002,,64,64,3.11.15,0.21,False,False,adam,False,hamqaoa,0.001,False,False,hog,False,True,False,False,False,False,False,1,HOG_graphs/random_graphs_8to14vertices_78instances_20260625_143415_AdjacencyList.txt,False,0,32,1,5,1,,64,"[(2, 3), (3, 8), (3, 5), (11, 12), (4, 6), (4, 12), (2, 12), (7, 8), (0, 5), (0, 2), (9, 11), (1, 7), (0, 11), (6, 9), (5, 7), (3, 4), (4, 5), (2, 5), (4, 8), (7, 10), (8, 9), (1, 3), (0, 1), (9, 10), (0, 10), (10, 12), (1, 9), (0, 7), (1, 12), (6, 8), (6, 11), (3, 6), (2, 4), (9, 12), (10, 11), (1, 8), (0, 12), (5, 8), (6, 7)]","[1.0, 1.0, 1.0, 1.0, 1.0, 1.0, 1.0, 1.0, 1.0, 1.0, 1.0, 1.0, 1.0, 1.0, 1.0, 1.0, 1.0, 1.0, 1.0, 1.0, 1.0, 1.0, 1.0, 1.0, 1.0, 1.0, 1.0, 1.0, 1.0, 1.0, 1.0, 1.0, 1.0, 1.0, 1.0, 1.0, 1.0, 1.0, 1.0]"
3c2d2839,13,39,2,10.0,False,False,"[1, 1, 1]",17.171679397742054,,,,,,,,,,,9.737967365871883,,0.5670946411422259,,,,2.653878927230835,2.653878927230835,False,,0.0,0.0,,,2.6619622707366943,2026-07-19 03:51:39,x86_64,dacsgpu0002,,64,64,3.11.15,0.22,False,False,adam,False,hamqaoa,0.001,False,False,hog,False,True,False,False,False,False,False,1,HOG_graphs/random_graphs_8to14vertices_78instances_20260625_143415_AdjacencyList.txt,False,0,32,1,5,1,,64,"[(2, 3), (3, 8), (3, 5), (11, 12), (4, 6), (4, 12), (2, 12), (7, 8), (0, 5), (0, 2), (9, 11), (1, 7), (0, 11), (6, 9), (5, 7), (3, 4), (4, 5), (2, 5), (4, 8), (7, 10), (8, 9), (1, 3), (0, 1), (9, 10), (0, 10), (10, 12), (1, 9), (0, 7), (1, 12), (6, 8), (6, 11), (3, 6), (2, 4), (9, 12), (10, 11), (1, 8), (0, 12), (5, 8), (6, 7)]","[1.0, 1.0, 1.0, 1.0, 1.0, 1.0, 1.0, 1.0, 1.0, 1.0, 1.0, 1.0, 1.0, 1.0, 1.0, 1.0, 1.0, 1.0, 1.0, 1.0, 1.0, 1.0, 1.0, 1.0, 1.0, 1.0, 1.0, 1.0, 1.0, 1.0, 1.0, 1.0, 1.0, 1.0, 1.0, 1.0, 1.0, 1.0, 1.0]"
9748b9f4,13,26,2,25.0,False,False,"[1, 1, 1]",13.140069496756475,,,,,,,,,,,8.874028811464369,,0.6753410865638766,,,,5.124760627746582,5.124760627746582,False,,0.0,0.0,,,5.131070137023926,2026-07-19 03:51:40,x86_64,dacsgpu0002,,64,64,3.11.15,0.22,False,False,adam,False,hamqaoa,0.001,False,False,hog,False,True,False,False,False,False,False,1,HOG_graphs/random_graphs_8to14vertices_78instances_20260625_143415_AdjacencyList.txt,False,0,32,1,5,1,,62,"[(2, 3), (11, 12), (4, 12), (7, 8), (0, 2), (9, 11), (0, 11), (6, 9), (5, 7), (4, 5), (3, 7), (4, 8), (8, 9), (0, 1), (10, 12), (1, 12), (5, 6), (3, 6), (2, 4), (3, 9), (7, 9), (1, 2), (1, 8), (10, 11), (0, 12), (6, 7)]","[1.0, 1.0, 1.0, 1.0, 1.0, 1.0, 1.0, 1.0, 1.0, 1.0, 1.0, 1.0, 1.0, 1.0, 1.0, 1.0, 1.0, 1.0, 1.0, 1.0, 1.0, 1.0, 1.0, 1.0, 1.0, 1.0]"
349bd7fc,13,26,1,50.0,False,False,"[1, 1, 1]",13.1328900896986,,,,,,,,,,,6.122030850181556,,0.46616021365957055,,,,3.908432960510254,3.908432960510254,False,,0.0,0.0,,,3.9162776470184326,2026-07-19 03:51:40,x86_64,dacsgpu0002,,64,64,3.11.15,0.21,False,False,adam,False,hamqaoa,0.001,False,False,hog,False,True,False,False,False,False,False,1,HOG_graphs/random_graphs_8to14vertices_78instances_20260625_143415_AdjacencyList.txt,False,0,32,1,5,1,,63,"[(2, 6), (3, 5), (11, 12), (4, 12), (7, 8), (0, 2), (0, 8), (9, 11), (3, 4), (4, 8), (4, 11), (8, 9), (1, 3), (0, 1), (1, 9), (5, 6), (5, 9), (2, 10), (7, 9), (9, 12), (1, 2), (10, 11), (0, 12), (1, 5), (6, 10), (6, 7)]","[1.0, 1.0, 1.0, 1.0, 1.0, 1.0, 1.0, 1.0, 1.0, 1.0, 1.0, 1.0, 1.0, 1.0, 1.0, 1.0, 1.0, 1.0, 1.0, 1.0, 1.0, 1.0, 1.0, 1.0, 1.0, 1.0]"
68be57f7,14,20,1,10.0,False,False,"[1, 1, 1]",10.92869892895262,,,,,,,,,,,4.9326116747717945,,0.45134482218228,,,,0.9124665260314941,0.9124665260314941,False,,0.0,0.0,,,0.9243438243865967,2026-07-19 03:51:40,x86_64,dacsgpu0002,,64,64,3.11.15,0.21,False,False,adam,False,hamqaoa,0.001,False,False,hog,False,True,False,False,False,False,False,1,HOG_graphs/random_graphs_8to14vertices_78instances_20260625_143415_AdjacencyList.txt,False,0,32,1,5,1,,66,"[(2, 6), (4, 6), (2, 12), (8, 10), (0, 8), (1, 13), (12, 13), (5, 10), (6, 9), (4, 8), (3, 10), (7, 10), (0, 1), (9, 10), (0, 10), (0, 13), (6, 11), (2, 13), (3, 12), (1, 8)]","[1.0, 1.0, 1.0, 1.0, 1.0, 1.0, 1.0, 1.0, 1.0, 1.0, 1.0, 1.0, 1.0, 1.0, 1.0, 1.0, 1.0, 1.0, 1.0, 1.0]"
6e59b3b6,14,20,2,5.0,False,False,"[1, 1, 1]",10.92869892895262,,,,,,,,,,,4.843614607084778,,0.443201394655766,,,,1.2495360374450684,1.2495360374450684,False,,0.0,0.0,,,1.2633121013641357,2026-07-19 03:51:40,x86_64,dacsgpu0002,,64,64,3.11.15,0.22,False,False,adam,False,hamqaoa,0.001,False,False,hog,False,True,False,False,False,False,False,1,HOG_graphs/random_graphs_8to14vertices_78instances_20260625_143415_AdjacencyList.txt,False,0,32,1,5,1,,66,"[(2, 6), (4, 6), (2, 12), (8, 10), (0, 8), (1, 13), (12, 13), (5, 10), (6, 9), (4, 8), (3, 10), (7, 10), (0, 1), (9, 10), (0, 10), (0, 13), (6, 11), (2, 13), (3, 12), (1, 8)]","[1.0, 1.0, 1.0, 1.0, 1.0, 1.0, 1.0, 1.0, 1.0, 1.0, 1.0, 1.0, 1.0, 1.0, 1.0, 1.0, 1.0, 1.0, 1.0, 1.0]"
20f3323e,13,39,2,10.0,False,False,"[1, 1, 1]",16.847159005026146,,,,,,,,,,,9.021332270068058,,0.5354809239573659,,,,2.641218900680542,2.641218900680542,False,,0.0,0.0,,,2.6489193439483643,2026-07-19 03:51:40,x86_64,dacsgpu0002,,64,64,3.11.15,0.22,False,False,adam,False,hamqaoa,0.001,False,False,hog,False,True,False,False,False,False,False,1,HOG_graphs/random_graphs_8to14vertices_78instances_20260625_143415_AdjacencyList.txt,False,0,32,1,5,1,,65,"[(3, 5), (11, 12), (2, 9), (4, 12), (2, 12), (7, 8), (1, 4), (0, 2), (1, 7), (0, 11), (5, 10), (6, 9), (5, 7), (3, 4), (2, 8), (4, 5), (2, 5), (3, 10), (7, 10), (0, 1), (8, 12), (9, 10), (1, 6), (10, 12), (1, 12), (6, 8), (5, 12), (6, 11), (2, 4), (2, 7), (4, 10), (4, 7), (8, 11), (9, 12), (1, 2), (1, 8), (10, 11), (1, 5), (1, 11)]","[1.0, 1.0, 1.0, 1.0, 1.0, 1.0, 1.0, 1.0, 1.0, 1.0, 1.0, 1.0, 1.0, 1.0, 1.0, 1.0, 1.0, 1.0, 1.0, 1.0, 1.0, 1.0, 1.0, 1.0, 1.0, 1.0, 1.0, 1.0, 1.0, 1.0, 1.0, 1.0, 1.0, 1.0, 1.0, 1.0, 1.0, 1.0, 1.0]"
3624e4c2,13,39,1,25.0,False,False,"[1, 1, 1]",16.847159005026146,,,,,,,,,,,9.861352155523937,,0.5853421430035723,,,,2.4808390140533447,2.4808390140533447,False,,0.0,0.0,,,2.489757537841797,2026-07-19 03:51:40,x86_64,dacsgpu0002,,64,64,3.11.15,0.21,False,False,adam,False,hamqaoa,0.001,False,False,hog,False,True,False,False,False,False,False,1,HOG_graphs/random_graphs_8to14vertices_78instances_20260625_143415_AdjacencyList.txt,False,0,32,1,5,1,,65,"[(3, 5), (11, 12), (2, 9), (4, 12), (2, 12), (7, 8), (1, 4), (0, 2), (1, 7), (0, 11), (5, 10), (6, 9), (5, 7), (3, 4), (2, 8), (4, 5), (2, 5), (3, 10), (7, 10), (0, 1), (8, 12), (9, 10), (1, 6), (10, 12), (1, 12), (6, 8), (5, 12), (6, 11), (2, 4), (2, 7), (4, 10), (4, 7), (8, 11), (9, 12), (1, 2), (1, 8), (10, 11), (1, 5), (1, 11)]","[1.0, 1.0, 1.0, 1.0, 1.0, 1.0, 1.0, 1.0, 1.0, 1.0, 1.0, 1.0, 1.0, 1.0, 1.0, 1.0, 1.0, 1.0, 1.0, 1.0, 1.0, 1.0, 1.0, 1.0, 1.0, 1.0, 1.0, 1.0, 1.0, 1.0, 1.0, 1.0, 1.0, 1.0, 1.0, 1.0, 1.0, 1.0, 1.0]"
543855d5,13,26,2,25.0,False,False,"[1, 1, 1]",13.1328900896986,,,,,,,,,,,7.400026876816856,,0.5634728400431384,,,,5.1257171630859375,5.1257171630859375,False,,0.0,0.0,,,5.13770318031311,2026-07-19 03:51:41,x86_64,dacsgpu0002,,64,64,3.11.15,0.22,False,False,adam,False,hamqaoa,0.001,False,False,hog,False,True,False,False,False,False,False,1,HOG_graphs/random_graphs_8to14vertices_78instances_20260625_143415_AdjacencyList.txt,False,0,32,1,5,1,,63,"[(2, 6), (3, 5), (11, 12), (4, 12), (7, 8), (0, 2), (0, 8), (9, 11), (3, 4), (4, 8), (4, 11), (8, 9), (1, 3), (0, 1), (1, 9), (5, 6), (5, 9), (2, 10), (7, 9), (9, 12), (1, 2), (10, 11), (0, 12), (1, 5), (6, 10), (6, 7)]","[1.0, 1.0, 1.0, 1.0, 1.0, 1.0, 1.0, 1.0, 1.0, 1.0, 1.0, 1.0, 1.0, 1.0, 1.0, 1.0, 1.0, 1.0, 1.0, 1.0, 1.0, 1.0, 1.0, 1.0, 1.0, 1.0]"
c3e0943c,14,46,1,5.0,False,False,"[1, 1, 1]",19.160847593323137,,,,,,,,,,,11.296866587392765,,0.5895807339613366,,,,0.7062392234802246,0.7062392234802246,False,,0.0,0.0,,,0.7130844593048096,2026-07-19 03:51:41,x86_64,dacsgpu0002,,64,64,3.11.15,0.21,False,False,adam,False,hamqaoa,0.001,False,False,hog,False,True,False,False,False,False,False,1,HOG_graphs/random_graphs_8to14vertices_78instances_20260625_143415_AdjacencyList.txt,False,0,32,1,5,1,,67,"[(3, 8), (2, 6), (3, 5), (11, 12), (4, 6), (4, 12), (2, 12), (7, 11), (1, 4), (1, 10), (0, 2), (0, 8), (1, 7), (9, 11), (0, 11), (12, 13), (5, 7), (5, 13), (3, 7), (2, 11), (4, 11), (7, 10), (8, 9), (0, 1), (0, 10), (10, 12), (1, 9), (0, 7), (0, 13), (1, 12), (5, 12), (6, 11), (11, 13), (2, 10), (3, 9), (2, 13), (4, 10), (4, 13), (7, 9), (0, 3), (0, 6), (0, 12), (1, 11), (0, 9), (6, 7), (6, 13)]","[1.0, 1.0, 1.0, 1.0, 1.0, 1.0, 1.0, 1.0, 1.0, 1.0, 1.0, 1.0, 1.0, 1.0, 1.0, 1.0, 1.0, 1.0, 1.0, 1.0, 1.0, 1.0, 1.0, 1.0, 1.0, 1.0, 1.0, 1.0, 1.0, 1.0, 1.0, 1.0, 1.0, 1.0, 1.0, 1.0, 1.0, 1.0, 1.0, 1.0, 1.0, 1.0, 1.0, 1.0, 1.0, 1.0]"
460ae7ae,13,39,1,50.0,False,False,"[1, 1, 1]",17.171679397742054,,,,,,,,,,,10.090583613055841,,0.5876293971795605,,,,4.696030139923096,4.696030139923096,False,,0.0,0.0,,,4.703301429748535,2026-07-19 03:51:42,x86_64,dacsgpu0002,,64,64,3.11.15,0.21,False,False,adam,False,hamqaoa,0.001,False,False,hog,False,True,False,False,False,False,False,1,HOG_graphs/random_graphs_8to14vertices_78instances_20260625_143415_AdjacencyList.txt,False,0,32,1,5,1,,64,"[(2, 3), (3, 8), (3, 5), (11, 12), (4, 6), (4, 12), (2, 12), (7, 8), (0, 5), (0, 2), (9, 11), (1, 7), (0, 11), (6, 9), (5, 7), (3, 4), (4, 5), (2, 5), (4, 8), (7, 10), (8, 9), (1, 3), (0, 1), (9, 10), (0, 10), (10, 12), (1, 9), (0, 7), (1, 12), (6, 8), (6, 11), (3, 6), (2, 4), (9, 12), (10, 11), (1, 8), (0, 12), (5, 8), (6, 7)]","[1.0, 1.0, 1.0, 1.0, 1.0, 1.0, 1.0, 1.0, 1.0, 1.0, 1.0, 1.0, 1.0, 1.0, 1.0, 1.0, 1.0, 1.0, 1.0, 1.0, 1.0, 1.0, 1.0, 1.0, 1.0, 1.0, 1.0, 1.0, 1.0, 1.0, 1.0, 1.0, 1.0, 1.0, 1.0, 1.0, 1.0, 1.0, 1.0]"
8db09cef,14,20,2,10.0,False,False,"[1, 1, 1]",10.92869892895262,,,,,,,,,,,4.0999360926949615,,0.37515317416543464,,,,2.578425884246826,2.578425884246826,False,,0.0,0.0,,,2.5909366607666016,2026-07-19 03:51:42,x86_64,dacsgpu0002,,64,64,3.11.15,0.22,False,False,adam,False,hamqaoa,0.001,False,False,hog,False,True,False,False,False,False,False,1,HOG_graphs/random_graphs_8to14vertices_78instances_20260625_143415_AdjacencyList.txt,False,0,32,1,5,1,,66,"[(2, 6), (4, 6), (2, 12), (8, 10), (0, 8), (1, 13), (12, 13), (5, 10), (6, 9), (4, 8), (3, 10), (7, 10), (0, 1), (9, 10), (0, 10), (0, 13), (6, 11), (2, 13), (3, 12), (1, 8)]","[1.0, 1.0, 1.0, 1.0, 1.0, 1.0, 1.0, 1.0, 1.0, 1.0, 1.0, 1.0, 1.0, 1.0, 1.0, 1.0, 1.0, 1.0, 1.0, 1.0]"
d30bb1dc,14,20,1,25.0,False,False,"[1, 1, 1]",10.92869892895262,,,,,,,,,,,6.946901809241177,,0.6356568018208688,,,,2.339587688446045,2.339587688446045,False,,0.0,0.0,,,2.3490397930145264,2026-07-19 03:51:42,x86_64,dacsgpu0002,,64,64,3.11.15,0.22,False,False,adam,False,hamqaoa,0.001,False,False,hog,False,True,False,False,False,False,False,1,HOG_graphs/random_graphs_8to14vertices_78instances_20260625_143415_AdjacencyList.txt,False,0,32,1,5,1,,66,"[(2, 6), (4, 6), (2, 12), (8, 10), (0, 8), (1, 13), (12, 13), (5, 10), (6, 9), (4, 8), (3, 10), (7, 10), (0, 1), (9, 10), (0, 10), (0, 13), (6, 11), (2, 13), (3, 12), (1, 8)]","[1.0, 1.0, 1.0, 1.0, 1.0, 1.0, 1.0, 1.0, 1.0, 1.0, 1.0, 1.0, 1.0, 1.0, 1.0, 1.0, 1.0, 1.0, 1.0, 1.0]"
51f2764f,14,46,1,10.0,False,False,"[1, 1, 1]",19.160847593323137,,,,,,,,,,,11.484534175357398,,0.5993750599717386,,,,1.3728976249694824,1.3728976249694824,False,,0.0,0.0,,,1.3808019161224365,2026-07-19 03:51:42,x86_64,dacsgpu0002,,64,64,3.11.15,0.21,False,False,adam,False,hamqaoa,0.001,False,False,hog,False,True,False,False,False,False,False,1,HOG_graphs/random_graphs_8to14vertices_78instances_20260625_143415_AdjacencyList.txt,False,0,32,1,5,1,,67,"[(3, 8), (2, 6), (3, 5), (11, 12), (4, 6), (4, 12), (2, 12), (7, 11), (1, 4), (1, 10), (0, 2), (0, 8), (1, 7), (9, 11), (0, 11), (12, 13), (5, 7), (5, 13), (3, 7), (2, 11), (4, 11), (7, 10), (8, 9), (0, 1), (0, 10), (10, 12), (1, 9), (0, 7), (0, 13), (1, 12), (5, 12), (6, 11), (11, 13), (2, 10), (3, 9), (2, 13), (4, 10), (4, 13), (7, 9), (0, 3), (0, 6), (0, 12), (1, 11), (0, 9), (6, 7), (6, 13)]","[1.0, 1.0, 1.0, 1.0, 1.0, 1.0, 1.0, 1.0, 1.0, 1.0, 1.0, 1.0, 1.0, 1.0, 1.0, 1.0, 1.0, 1.0, 1.0, 1.0, 1.0, 1.0, 1.0, 1.0, 1.0, 1.0, 1.0, 1.0, 1.0, 1.0, 1.0, 1.0, 1.0, 1.0, 1.0, 1.0, 1.0, 1.0, 1.0, 1.0, 1.0, 1.0, 1.0, 1.0, 1.0, 1.0]"
d6accdfd,14,46,2,5.0,False,False,"[1, 1, 1]",19.160847593323137,,,,,,,,,,,11.434903846817441,,0.5967848651331109,,,,2.091954231262207,2.091954231262207,False,,0.0,0.0,,,2.1030142307281494,2026-07-19 03:51:42,x86_64,dacsgpu0002,,64,64,3.11.15,0.23,False,False,adam,False,hamqaoa,0.001,False,False,hog,False,True,False,False,False,False,False,1,HOG_graphs/random_graphs_8to14vertices_78instances_20260625_143415_AdjacencyList.txt,False,0,32,1,5,1,,67,"[(3, 8), (2, 6), (3, 5), (11, 12), (4, 6), (4, 12), (2, 12), (7, 11), (1, 4), (1, 10), (0, 2), (0, 8), (1, 7), (9, 11), (0, 11), (12, 13), (5, 7), (5, 13), (3, 7), (2, 11), (4, 11), (7, 10), (8, 9), (0, 1), (0, 10), (10, 12), (1, 9), (0, 7), (0, 13), (1, 12), (5, 12), (6, 11), (11, 13), (2, 10), (3, 9), (2, 13), (4, 10), (4, 13), (7, 9), (0, 3), (0, 6), (0, 12), (1, 11), (0, 9), (6, 7), (6, 13)]","[1.0, 1.0, 1.0, 1.0, 1.0, 1.0, 1.0, 1.0, 1.0, 1.0, 1.0, 1.0, 1.0, 1.0, 1.0, 1.0, 1.0, 1.0, 1.0, 1.0, 1.0, 1.0, 1.0, 1.0, 1.0, 1.0, 1.0, 1.0, 1.0, 1.0, 1.0, 1.0, 1.0, 1.0, 1.0, 1.0, 1.0, 1.0, 1.0, 1.0, 1.0, 1.0, 1.0, 1.0, 1.0, 1.0]"
02a6e8f0,14,66,1,5.0,False,False,"[1, 1, 1]",24.9091276381742,,,,,,,,,,,18.359526101806292,,0.7370601800469965,,,,0.9885549545288086,0.9885549545288086,False,,0.0,0.0,,,1.0015885829925537,2026-07-19 03:51:43,x86_64,dacsgpu0002,,64,64,3.11.15,0.22,False,False,adam,False,hamqaoa,0.001,False,False,hog,False,True,False,False,False,False,False,1,HOG_graphs/random_graphs_8to14vertices_78instances_20260625_143415_AdjacencyList.txt,False,0,32,1,5,1,,68,"[(5, 11), (2, 3), (3, 8), (2, 6), (3, 5), (3, 11), (11, 12), (4, 6), (4, 12), (4, 9), (7, 8), (8, 13), (7, 11), (0, 5), (8, 10), (1, 4), (0, 2), (0, 8), (1, 10), (1, 7), (9, 11), (0, 11), (12, 13), (5, 7), (5, 13), (6, 12), (4, 5), (3, 7), (3, 13), (4, 8), (4, 11), (7, 10), (1, 3), (0, 1), (7, 13), (8, 12), (1, 6), (0, 4), (9, 10), (1, 9), (0, 7), (0, 13), (1, 12), (6, 8), (5, 6), (5, 12), (6, 11), (3, 6), (11, 13), (2, 10), (3, 9), (2, 13), (4, 10), (3, 12), (4, 13), (8, 11), (0, 3), (1, 2), (1, 8), (0, 6), (7, 12), (1, 5), (0, 9), (6, 10), (5, 8), (6, 7)]","[1.0, 1.0, 1.0, 1.0, 1.0, 1.0, 1.0, 1.0, 1.0, 1.0, 1.0, 1.0, 1.0, 1.0, 1.0, 1.0, 1.0, 1.0, 1.0, 1.0, 1.0, 1.0, 1.0, 1.0, 1.0, 1.0, 1.0, 1.0, 1.0, 1.0, 1.0, 1.0, 1.0, 1.0, 1.0, 1.0, 1.0, 1.0, 1.0, 1.0, 1.0, 1.0, 1.0, 1.0, 1.0, 1.0, 1.0, 1.0, 1.0, 1.0, 1.0, 1.0, 1.0, 1.0, 1.0, 1.0, 1.0, 1.0, 1.0, 1.0, 1.0, 1.0, 1.0, 1.0, 1.0, 1.0]"
6e1b587f,13,39,2,25.0,False,False,"[1, 1, 1]",17.171679397742054,,,,,,,,,,,9.996775038007037,,0.5821664152034854,,,,6.588033676147461,6.588033676147461,False,,0.0,0.0,,,6.596637964248657,2026-07-19 03:51:43,x86_64,dacsgpu0002,,64,64,3.11.15,0.22,False,False,adam,False,hamqaoa,0.001,False,False,hog,False,True,False,False,False,False,False,1,HOG_graphs/random_graphs_8to14vertices_78instances_20260625_143415_AdjacencyList.txt,False,0,32,1,5,1,,64,"[(2, 3), (3, 8), (3, 5), (11, 12), (4, 6), (4, 12), (2, 12), (7, 8), (0, 5), (0, 2), (9, 11), (1, 7), (0, 11), (6, 9), (5, 7), (3, 4), (4, 5), (2, 5), (4, 8), (7, 10), (8, 9), (1, 3), (0, 1), (9, 10), (0, 10), (10, 12), (1, 9), (0, 7), (1, 12), (6, 8), (6, 11), (3, 6), (2, 4), (9, 12), (10, 11), (1, 8), (0, 12), (5, 8), (6, 7)]","[1.0, 1.0, 1.0, 1.0, 1.0, 1.0, 1.0, 1.0, 1.0, 1.0, 1.0, 1.0, 1.0, 1.0, 1.0, 1.0, 1.0, 1.0, 1.0, 1.0, 1.0, 1.0, 1.0, 1.0, 1.0, 1.0, 1.0, 1.0, 1.0, 1.0, 1.0, 1.0, 1.0, 1.0, 1.0, 1.0, 1.0, 1.0, 1.0]"
7e5126e7,13,39,1,50.0,False,False,"[1, 1, 1]",16.847159005026146,,,,,,,,,,,9.851578540071737,,0.5847620086646441,,,,5.05957293510437,5.05957293510437,False,,0.0,0.0,,,5.068076133728027,2026-07-19 03:51:43,x86_64,dacsgpu0002,,64,64,3.11.15,0.22,False,False,adam,False,hamqaoa,0.001,False,False,hog,False,True,False,False,False,False,False,1,HOG_graphs/random_graphs_8to14vertices_78instances_20260625_143415_AdjacencyList.txt,False,0,32,1,5,1,,65,"[(3, 5), (11, 12), (2, 9), (4, 12), (2, 12), (7, 8), (1, 4), (0, 2), (1, 7), (0, 11), (5, 10), (6, 9), (5, 7), (3, 4), (2, 8), (4, 5), (2, 5), (3, 10), (7, 10), (0, 1), (8, 12), (9, 10), (1, 6), (10, 12), (1, 12), (6, 8), (5, 12), (6, 11), (2, 4), (2, 7), (4, 10), (4, 7), (8, 11), (9, 12), (1, 2), (1, 8), (10, 11), (1, 5), (1, 11)]","[1.0, 1.0, 1.0, 1.0, 1.0, 1.0, 1.0, 1.0, 1.0, 1.0, 1.0, 1.0, 1.0, 1.0, 1.0, 1.0, 1.0, 1.0, 1.0, 1.0, 1.0, 1.0, 1.0, 1.0, 1.0, 1.0, 1.0, 1.0, 1.0, 1.0, 1.0, 1.0, 1.0, 1.0, 1.0, 1.0, 1.0, 1.0, 1.0]"
92591fd8,14,21,1,5.0,False,False,"[1, 1, 1]",12.107543006649378,,,,,,,,,,,5.318899064434221,,0.43930457744507856,,,,0.5064256191253662,0.5064256191253662,False,,0.0,0.0,,,0.5178463459014893,2026-07-19 03:51:44,x86_64,dacsgpu0002,,64,64,3.11.15,0.22,False,True,adam,False,hamqaoa,0.001,False,False,hog,False,True,False,False,False,False,False,1,HOG_graphs/random_graphs_8to14vertices_78instances_20260625_143415_AdjacencyList.txt,False,0,32,1,5,1,,69,"[(5, 11), (2, 3), (3, 11), (4, 6), (4, 12), (1, 10), (1, 13), (3, 13), (7, 10), (8, 9), (0, 7), (6, 8), (5, 9), (2, 4), (11, 13), (1, 2), (7, 12), (0, 12), (0, 9), (6, 10), (5, 8)]","[1.0, 1.0, 1.0, 1.0, 1.0, 1.0, 1.0, 1.0, 1.0, 1.0, 1.0, 1.0, 1.0, 1.0, 1.0, 1.0, 1.0, 1.0, 1.0, 1.0, 1.0]"
10e6da6f,14,66,1,10.0,False,False,"[1, 1, 1]",24.9091276381742,,,,,,,,,,,15.77220066773514,,0.6331896041017363,,,,1.7886106967926025,1.7886106967926025,False,,0.0,0.0,,,1.801729679107666,2026-07-19 03:51:44,x86_64,dacsgpu0002,,64,64,3.11.15,0.22,False,False,adam,False,hamqaoa,0.001,False,False,hog,False,True,False,False,False,False,False,1,HOG_graphs/random_graphs_8to14vertices_78instances_20260625_143415_AdjacencyList.txt,False,0,32,1,5,1,,68,"[(5, 11), (2, 3), (3, 8), (2, 6), (3, 5), (3, 11), (11, 12), (4, 6), (4, 12), (4, 9), (7, 8), (8, 13), (7, 11), (0, 5), (8, 10), (1, 4), (0, 2), (0, 8), (1, 10), (1, 7), (9, 11), (0, 11), (12, 13), (5, 7), (5, 13), (6, 12), (4, 5), (3, 7), (3, 13), (4, 8), (4, 11), (7, 10), (1, 3), (0, 1), (7, 13), (8, 12), (1, 6), (0, 4), (9, 10), (1, 9), (0, 7), (0, 13), (1, 12), (6, 8), (5, 6), (5, 12), (6, 11), (3, 6), (11, 13), (2, 10), (3, 9), (2, 13), (4, 10), (3, 12), (4, 13), (8, 11), (0, 3), (1, 2), (1, 8), (0, 6), (7, 12), (1, 5), (0, 9), (6, 10), (5, 8), (6, 7)]","[1.0, 1.0, 1.0, 1.0, 1.0, 1.0, 1.0, 1.0, 1.0, 1.0, 1.0, 1.0, 1.0, 1.0, 1.0, 1.0, 1.0, 1.0, 1.0, 1.0, 1.0, 1.0, 1.0, 1.0, 1.0, 1.0, 1.0, 1.0, 1.0, 1.0, 1.0, 1.0, 1.0, 1.0, 1.0, 1.0, 1.0, 1.0, 1.0, 1.0, 1.0, 1.0, 1.0, 1.0, 1.0, 1.0, 1.0, 1.0, 1.0, 1.0, 1.0, 1.0, 1.0, 1.0, 1.0, 1.0, 1.0, 1.0, 1.0, 1.0, 1.0, 1.0, 1.0, 1.0, 1.0, 1.0]"
50380fbe,14,66,2,5.0,False,False,"[1, 1, 1]",24.9091276381742,,,,,,,,,,,16.239549545957,,0.6519517576789507,,,,2.5105764865875244,2.5105764865875244,False,,0.0,0.0,,,2.5276033878326416,2026-07-19 03:51:44,x86_64,dacsgpu0002,,64,64,3.11.15,0.22,False,False,adam,False,hamqaoa,0.001,False,False,hog,False,True,False,False,False,False,False,1,HOG_graphs/random_graphs_8to14vertices_78instances_20260625_143415_AdjacencyList.txt,False,0,32,1,5,1,,68,"[(5, 11), (2, 3), (3, 8), (2, 6), (3, 5), (3, 11), (11, 12), (4, 6), (4, 12), (4, 9), (7, 8), (8, 13), (7, 11), (0, 5), (8, 10), (1, 4), (0, 2), (0, 8), (1, 10), (1, 7), (9, 11), (0, 11), (12, 13), (5, 7), (5, 13), (6, 12), (4, 5), (3, 7), (3, 13), (4, 8), (4, 11), (7, 10), (1, 3), (0, 1), (7, 13), (8, 12), (1, 6), (0, 4), (9, 10), (1, 9), (0, 7), (0, 13), (1, 12), (6, 8), (5, 6), (5, 12), (6, 11), (3, 6), (11, 13), (2, 10), (3, 9), (2, 13), (4, 10), (3, 12), (4, 13), (8, 11), (0, 3), (1, 2), (1, 8), (0, 6), (7, 12), (1, 5), (0, 9), (6, 10), (5, 8), (6, 7)]","[1.0, 1.0, 1.0, 1.0, 1.0, 1.0, 1.0, 1.0, 1.0, 1.0, 1.0, 1.0, 1.0, 1.0, 1.0, 1.0, 1.0, 1.0, 1.0, 1.0, 1.0, 1.0, 1.0, 1.0, 1.0, 1.0, 1.0, 1.0, 1.0, 1.0, 1.0, 1.0, 1.0, 1.0, 1.0, 1.0, 1.0, 1.0, 1.0, 1.0, 1.0, 1.0, 1.0, 1.0, 1.0, 1.0, 1.0, 1.0, 1.0, 1.0, 1.0, 1.0, 1.0, 1.0, 1.0, 1.0, 1.0, 1.0, 1.0, 1.0, 1.0, 1.0, 1.0, 1.0, 1.0, 1.0]"
d0087f3d,14,21,1,10.0,False,False,"[1, 1, 1]",12.107543006649378,,,,,,,,,,,4.566955376577407,,0.37719918682669695,,,,0.9094748497009277,0.9094748497009277,False,,0.0,0.0,,,0.9181053638458252,2026-07-19 03:51:44,x86_64,dacsgpu0002,,64,64,3.11.15,0.22,False,True,adam,False,hamqaoa,0.001,False,False,hog,False,True,False,False,False,False,False,1,HOG_graphs/random_graphs_8to14vertices_78instances_20260625_143415_AdjacencyList.txt,False,0,32,1,5,1,,69,"[(5, 11), (2, 3), (3, 11), (4, 6), (4, 12), (1, 10), (1, 13), (3, 13), (7, 10), (8, 9), (0, 7), (6, 8), (5, 9), (2, 4), (11, 13), (1, 2), (7, 12), (0, 12), (0, 9), (6, 10), (5, 8)]","[1.0, 1.0, 1.0, 1.0, 1.0, 1.0, 1.0, 1.0, 1.0, 1.0, 1.0, 1.0, 1.0, 1.0, 1.0, 1.0, 1.0, 1.0, 1.0, 1.0, 1.0]"
90058063,14,46,1,25.0,False,False,"[1, 1, 1]",19.160847593323137,,,,,,,,,,,11.497637131940868,,0.6000589001056185,,,,3.658958911895752,3.658958911895752,False,,0.0,0.0,,,3.664655923843384,2026-07-19 03:51:44,x86_64,dacsgpu0002,,64,64,3.11.15,0.22,False,False,adam,False,hamqaoa,0.001,False,False,hog,False,True,False,False,False,False,False,1,HOG_graphs/random_graphs_8to14vertices_78instances_20260625_143415_AdjacencyList.txt,False,0,32,1,5,1,,67,"[(3, 8), (2, 6), (3, 5), (11, 12), (4, 6), (4, 12), (2, 12), (7, 11), (1, 4), (1, 10), (0, 2), (0, 8), (1, 7), (9, 11), (0, 11), (12, 13), (5, 7), (5, 13), (3, 7), (2, 11), (4, 11), (7, 10), (8, 9), (0, 1), (0, 10), (10, 12), (1, 9), (0, 7), (0, 13), (1, 12), (5, 12), (6, 11), (11, 13), (2, 10), (3, 9), (2, 13), (4, 10), (4, 13), (7, 9), (0, 3), (0, 6), (0, 12), (1, 11), (0, 9), (6, 7), (6, 13)]","[1.0, 1.0, 1.0, 1.0, 1.0, 1.0, 1.0, 1.0, 1.0, 1.0, 1.0, 1.0, 1.0, 1.0, 1.0, 1.0, 1.0, 1.0, 1.0, 1.0, 1.0, 1.0, 1.0, 1.0, 1.0, 1.0, 1.0, 1.0, 1.0, 1.0, 1.0, 1.0, 1.0, 1.0, 1.0, 1.0, 1.0, 1.0, 1.0, 1.0, 1.0, 1.0, 1.0, 1.0, 1.0, 1.0]"
ab246663,14,20,1,50.0,False,False,"[1, 1, 1]",10.92869892895262,,,,,,,,,,,2.943352024820607,,0.2693231869553104,,,,4.793030500411987,4.793030500411987,False,,0.0,0.0,,,4.800904750823975,2026-07-19 03:51:44,x86_64,dacsgpu0002,,64,64,3.11.15,0.21,False,False,adam,False,hamqaoa,0.001,False,False,hog,False,True,False,False,False,False,False,1,HOG_graphs/random_graphs_8to14vertices_78instances_20260625_143415_AdjacencyList.txt,False,0,32,1,5,1,,66,"[(2, 6), (4, 6), (2, 12), (8, 10), (0, 8), (1, 13), (12, 13), (5, 10), (6, 9), (4, 8), (3, 10), (7, 10), (0, 1), (9, 10), (0, 10), (0, 13), (6, 11), (2, 13), (3, 12), (1, 8)]","[1.0, 1.0, 1.0, 1.0, 1.0, 1.0, 1.0, 1.0, 1.0, 1.0, 1.0, 1.0, 1.0, 1.0, 1.0, 1.0, 1.0, 1.0, 1.0, 1.0]"
678ed2f2,14,46,2,10.0,False,False,"[1, 1, 1]",19.160847593323137,,,,,,,,,,,11.544316064999537,,0.6024950623281569,,,,3.8777050971984863,3.8777050971984863,False,,0.0,0.0,,,3.885727643966675,2026-07-19 03:51:44,x86_64,dacsgpu0002,,64,64,3.11.15,0.22,False,False,adam,False,hamqaoa,0.001,False,False,hog,False,True,False,False,False,False,False,1,HOG_graphs/random_graphs_8to14vertices_78instances_20260625_143415_AdjacencyList.txt,False,0,32,1,5,1,,67,"[(3, 8), (2, 6), (3, 5), (11, 12), (4, 6), (4, 12), (2, 12), (7, 11), (1, 4), (1, 10), (0, 2), (0, 8), (1, 7), (9, 11), (0, 11), (12, 13), (5, 7), (5, 13), (3, 7), (2, 11), (4, 11), (7, 10), (8, 9), (0, 1), (0, 10), (10, 12), (1, 9), (0, 7), (0, 13), (1, 12), (5, 12), (6, 11), (11, 13), (2, 10), (3, 9), (2, 13), (4, 10), (4, 13), (7, 9), (0, 3), (0, 6), (0, 12), (1, 11), (0, 9), (6, 7), (6, 13)]","[1.0, 1.0, 1.0, 1.0, 1.0, 1.0, 1.0, 1.0, 1.0, 1.0, 1.0, 1.0, 1.0, 1.0, 1.0, 1.0, 1.0, 1.0, 1.0, 1.0, 1.0, 1.0, 1.0, 1.0, 1.0, 1.0, 1.0, 1.0, 1.0, 1.0, 1.0, 1.0, 1.0, 1.0, 1.0, 1.0, 1.0, 1.0, 1.0, 1.0, 1.0, 1.0, 1.0, 1.0, 1.0, 1.0]"
328e3736,13,39,2,25.0,False,False,"[1, 1, 1]",16.847159005026146,,,,,,,,,,,9.616370384338822,,0.57080071372686,,,,6.47330641746521,6.47330641746521,False,,0.0,0.0,,,6.480545997619629,2026-07-19 03:51:44,x86_64,dacsgpu0002,,64,64,3.11.15,0.22,False,False,adam,False,hamqaoa,0.001,False,False,hog,False,True,False,False,False,False,False,1,HOG_graphs/random_graphs_8to14vertices_78instances_20260625_143415_AdjacencyList.txt,False,0,32,1,5,1,,65,"[(3, 5), (11, 12), (2, 9), (4, 12), (2, 12), (7, 8), (1, 4), (0, 2), (1, 7), (0, 11), (5, 10), (6, 9), (5, 7), (3, 4), (2, 8), (4, 5), (2, 5), (3, 10), (7, 10), (0, 1), (8, 12), (9, 10), (1, 6), (10, 12), (1, 12), (6, 8), (5, 12), (6, 11), (2, 4), (2, 7), (4, 10), (4, 7), (8, 11), (9, 12), (1, 2), (1, 8), (10, 11), (1, 5), (1, 11)]","[1.0, 1.0, 1.0, 1.0, 1.0, 1.0, 1.0, 1.0, 1.0, 1.0, 1.0, 1.0, 1.0, 1.0, 1.0, 1.0, 1.0, 1.0, 1.0, 1.0, 1.0, 1.0, 1.0, 1.0, 1.0, 1.0, 1.0, 1.0, 1.0, 1.0, 1.0, 1.0, 1.0, 1.0, 1.0, 1.0, 1.0, 1.0, 1.0]"
62b2f6d3,14,21,2,5.0,False,False,"[1, 1, 1]",12.107543006649378,,,,,,,,,,,6.132181551105113,,0.506476132088679,,,,1.2493486404418945,1.2493486404418945,False,,0.0,0.0,,,1.2602870464324951,2026-07-19 03:51:45,x86_64,dacsgpu0002,,64,64,3.11.15,0.22,False,True,adam,False,hamqaoa,0.001,False,False,hog,False,True,False,False,False,False,False,1,HOG_graphs/random_graphs_8to14vertices_78instances_20260625_143415_AdjacencyList.txt,False,0,32,1,5,1,,69,"[(5, 11), (2, 3), (3, 11), (4, 6), (4, 12), (1, 10), (1, 13), (3, 13), (7, 10), (8, 9), (0, 7), (6, 8), (5, 9), (2, 4), (11, 13), (1, 2), (7, 12), (0, 12), (0, 9), (6, 10), (5, 8)]","[1.0, 1.0, 1.0, 1.0, 1.0, 1.0, 1.0, 1.0, 1.0, 1.0, 1.0, 1.0, 1.0, 1.0, 1.0, 1.0, 1.0, 1.0, 1.0, 1.0, 1.0]"
49c17f71,13,30,2,50.0,False,False,"[1, 1, 1]",14.016547902144092,,,,,,,,,,,6.6090170073371235,,0.4715153155739689,,,,11.190905094146729,11.190905094146729,False,,0.0,0.0,,,11.19739580154419,2026-07-19 03:51:45,x86_64,dacsgpu0002,,64,64,3.11.15,0.22,False,False,adam,False,hamqaoa,0.001,False,False,hog,False,True,False,False,False,False,False,1,HOG_graphs/random_graphs_8to14vertices_78instances_20260625_143415_AdjacencyList.txt,False,0,32,1,5,1,,61,"[(2, 9), (4, 6), (2, 12), (7, 8), (0, 5), (1, 4), (0, 2), (0, 8), (9, 11), (0, 11), (6, 9), (5, 7), (4, 5), (2, 5), (4, 11), (0, 1), (8, 12), (9, 10), (0, 4), (0, 7), (5, 6), (2, 4), (4, 10), (4, 7), (0, 3), (0, 6), (0, 12), (0, 9), (6, 10), (5, 8)]","[1.0, 1.0, 1.0, 1.0, 1.0, 1.0, 1.0, 1.0, 1.0, 1.0, 1.0, 1.0, 1.0, 1.0, 1.0, 1.0, 1.0, 1.0, 1.0, 1.0, 1.0, 1.0, 1.0, 1.0, 1.0, 1.0, 1.0, 1.0, 1.0, 1.0]"
87d48b07,13,26,2,50.0,False,False,"[1, 1, 1]",13.140069496756475,,,,,,,,,,,3.7207680984467104,,0.28316198018322153,,,,10.396671295166016,10.396671295166016,False,,0.0,0.0,,,10.404289960861206,2026-07-19 03:51:45,x86_64,dacsgpu0002,,64,64,3.11.15,0.22,False,False,adam,False,hamqaoa,0.001,False,False,hog,False,True,False,False,False,False,False,1,HOG_graphs/random_graphs_8to14vertices_78instances_20260625_143415_AdjacencyList.txt,False,0,32,1,5,1,,62,"[(2, 3), (11, 12), (4, 12), (7, 8), (0, 2), (9, 11), (0, 11), (6, 9), (5, 7), (4, 5), (3, 7), (4, 8), (8, 9), (0, 1), (10, 12), (1, 12), (5, 6), (3, 6), (2, 4), (3, 9), (7, 9), (1, 2), (1, 8), (10, 11), (0, 12), (6, 7)]","[1.0, 1.0, 1.0, 1.0, 1.0, 1.0, 1.0, 1.0, 1.0, 1.0, 1.0, 1.0, 1.0, 1.0, 1.0, 1.0, 1.0, 1.0, 1.0, 1.0, 1.0, 1.0, 1.0, 1.0, 1.0, 1.0]"
2c6ad66d,14,20,2,25.0,False,False,"[1, 1, 1]",10.92869892895262,,,,,,,,,,,5.313854845777358,,0.48622941123391566,,,,5.978903532028198,5.978903532028198,False,,0.0,0.0,,,5.991201639175415,2026-07-19 03:51:45,x86_64,dacsgpu0002,,64,64,3.11.15,0.23,False,False,adam,False,hamqaoa,0.001,False,False,hog,False,True,False,False,False,False,False,1,HOG_graphs/random_graphs_8to14vertices_78instances_20260625_143415_AdjacencyList.txt,False,0,32,1,5,1,,66,"[(2, 6), (4, 6), (2, 12), (8, 10), (0, 8), (1, 13), (12, 13), (5, 10), (6, 9), (4, 8), (3, 10), (7, 10), (0, 1), (9, 10), (0, 10), (0, 13), (6, 11), (2, 13), (3, 12), (1, 8)]","[1.0, 1.0, 1.0, 1.0, 1.0, 1.0, 1.0, 1.0, 1.0, 1.0, 1.0, 1.0, 1.0, 1.0, 1.0, 1.0, 1.0, 1.0, 1.0, 1.0]"
8a50d746,13,26,2,50.0,False,False,"[1, 1, 1]",13.1328900896986,,,,,,,,,,,7.00917850979937,,0.5337118076772263,,,,10.17098069190979,10.17098069190979,False,,0.0,0.0,,,10.181391716003418,2026-07-19 03:51:46,x86_64,dacsgpu0002,,64,64,3.11.15,0.22,False,False,adam,False,hamqaoa,0.001,False,False,hog,False,True,False,False,False,False,False,1,HOG_graphs/random_graphs_8to14vertices_78instances_20260625_143415_AdjacencyList.txt,False,0,32,1,5,1,,63,"[(2, 6), (3, 5), (11, 12), (4, 12), (7, 8), (0, 2), (0, 8), (9, 11), (3, 4), (4, 8), (4, 11), (8, 9), (1, 3), (0, 1), (1, 9), (5, 6), (5, 9), (2, 10), (7, 9), (9, 12), (1, 2), (10, 11), (0, 12), (1, 5), (6, 10), (6, 7)]","[1.0, 1.0, 1.0, 1.0, 1.0, 1.0, 1.0, 1.0, 1.0, 1.0, 1.0, 1.0, 1.0, 1.0, 1.0, 1.0, 1.0, 1.0, 1.0, 1.0, 1.0, 1.0, 1.0, 1.0, 1.0, 1.0]"
10e5f478,14,66,2,10.0,False,False,"[1, 1, 1]",24.9091276381742,,,,,,,,,,,16.62073861186222,,0.6672549457890405,,,,4.285213947296143,4.285213947296143,False,,0.0,0.0,,,4.291966915130615,2026-07-19 03:51:46,x86_64,dacsgpu0002,,64,64,3.11.15,0.23,False,False,adam,False,hamqaoa,0.001,False,False,hog,False,True,False,False,False,False,False,1,HOG_graphs/random_graphs_8to14vertices_78instances_20260625_143415_AdjacencyList.txt,False,0,32,1,5,1,,68,"[(5, 11), (2, 3), (3, 8), (2, 6), (3, 5), (3, 11), (11, 12), (4, 6), (4, 12), (4, 9), (7, 8), (8, 13), (7, 11), (0, 5), (8, 10), (1, 4), (0, 2), (0, 8), (1, 10), (1, 7), (9, 11), (0, 11), (12, 13), (5, 7), (5, 13), (6, 12), (4, 5), (3, 7), (3, 13), (4, 8), (4, 11), (7, 10), (1, 3), (0, 1), (7, 13), (8, 12), (1, 6), (0, 4), (9, 10), (1, 9), (0, 7), (0, 13), (1, 12), (6, 8), (5, 6), (5, 12), (6, 11), (3, 6), (11, 13), (2, 10), (3, 9), (2, 13), (4, 10), (3, 12), (4, 13), (8, 11), (0, 3), (1, 2), (1, 8), (0, 6), (7, 12), (1, 5), (0, 9), (6, 10), (5, 8), (6, 7)]","[1.0, 1.0, 1.0, 1.0, 1.0, 1.0, 1.0, 1.0, 1.0, 1.0, 1.0, 1.0, 1.0, 1.0, 1.0, 1.0, 1.0, 1.0, 1.0, 1.0, 1.0, 1.0, 1.0, 1.0, 1.0, 1.0, 1.0, 1.0, 1.0, 1.0, 1.0, 1.0, 1.0, 1.0, 1.0, 1.0, 1.0, 1.0, 1.0, 1.0, 1.0, 1.0, 1.0, 1.0, 1.0, 1.0, 1.0, 1.0, 1.0, 1.0, 1.0, 1.0, 1.0, 1.0, 1.0, 1.0, 1.0, 1.0, 1.0, 1.0, 1.0, 1.0, 1.0, 1.0, 1.0, 1.0]"
97b60782,14,66,1,25.0,False,False,"[1, 1, 1]",24.9091276381742,,,,,,,,,,,16.501749622728838,,0.6624780226120511,,,,4.0931901931762695,4.0931901931762695,False,,0.0,0.0,,,4.101914405822754,2026-07-19 03:51:46,x86_64,dacsgpu0002,,64,64,3.11.15,0.22,False,False,adam,False,hamqaoa,0.001,False,False,hog,False,True,False,False,False,False,False,1,HOG_graphs/random_graphs_8to14vertices_78instances_20260625_143415_AdjacencyList.txt,False,0,32,1,5,1,,68,"[(5, 11), (2, 3), (3, 8), (2, 6), (3, 5), (3, 11), (11, 12), (4, 6), (4, 12), (4, 9), (7, 8), (8, 13), (7, 11), (0, 5), (8, 10), (1, 4), (0, 2), (0, 8), (1, 10), (1, 7), (9, 11), (0, 11), (12, 13), (5, 7), (5, 13), (6, 12), (4, 5), (3, 7), (3, 13), (4, 8), (4, 11), (7, 10), (1, 3), (0, 1), (7, 13), (8, 12), (1, 6), (0, 4), (9, 10), (1, 9), (0, 7), (0, 13), (1, 12), (6, 8), (5, 6), (5, 12), (6, 11), (3, 6), (11, 13), (2, 10), (3, 9), (2, 13), (4, 10), (3, 12), (4, 13), (8, 11), (0, 3), (1, 2), (1, 8), (0, 6), (7, 12), (1, 5), (0, 9), (6, 10), (5, 8), (6, 7)]","[1.0, 1.0, 1.0, 1.0, 1.0, 1.0, 1.0, 1.0, 1.0, 1.0, 1.0, 1.0, 1.0, 1.0, 1.0, 1.0, 1.0, 1.0, 1.0, 1.0, 1.0, 1.0, 1.0, 1.0, 1.0, 1.0, 1.0, 1.0, 1.0, 1.0, 1.0, 1.0, 1.0, 1.0, 1.0, 1.0, 1.0, 1.0, 1.0, 1.0, 1.0, 1.0, 1.0, 1.0, 1.0, 1.0, 1.0, 1.0, 1.0, 1.0, 1.0, 1.0, 1.0, 1.0, 1.0, 1.0, 1.0, 1.0, 1.0, 1.0, 1.0, 1.0, 1.0, 1.0, 1.0, 1.0]"
bc21acdc,14,46,1,50.0,False,False,"[1, 1, 1]",19.160847593323137,,,,,,,,,,,8.757605878873251,,0.4570573319483508,,,,6.227180242538452,6.227180242538452,False,,0.0,0.0,,,6.238607168197632,2026-07-19 03:51:47,x86_64,dacsgpu0002,,64,64,3.11.15,0.22,False,False,adam,False,hamqaoa,0.001,False,False,hog,False,True,False,False,False,False,False,1,HOG_graphs/random_graphs_8to14vertices_78instances_20260625_143415_AdjacencyList.txt,False,0,32,1,5,1,,67,"[(3, 8), (2, 6), (3, 5), (11, 12), (4, 6), (4, 12), (2, 12), (7, 11), (1, 4), (1, 10), (0, 2), (0, 8), (1, 7), (9, 11), (0, 11), (12, 13), (5, 7), (5, 13), (3, 7), (2, 11), (4, 11), (7, 10), (8, 9), (0, 1), (0, 10), (10, 12), (1, 9), (0, 7), (0, 13), (1, 12), (5, 12), (6, 11), (11, 13), (2, 10), (3, 9), (2, 13), (4, 10), (4, 13), (7, 9), (0, 3), (0, 6), (0, 12), (1, 11), (0, 9), (6, 7), (6, 13)]","[1.0, 1.0, 1.0, 1.0, 1.0, 1.0, 1.0, 1.0, 1.0, 1.0, 1.0, 1.0, 1.0, 1.0, 1.0, 1.0, 1.0, 1.0, 1.0, 1.0, 1.0, 1.0, 1.0, 1.0, 1.0, 1.0, 1.0, 1.0, 1.0, 1.0, 1.0, 1.0, 1.0, 1.0, 1.0, 1.0, 1.0, 1.0, 1.0, 1.0, 1.0, 1.0, 1.0, 1.0, 1.0, 1.0]"
797b674e,14,46,2,25.0,False,False,"[1, 1, 1]",19.160847593323137,,,,,,,,,,,6.964523078858451,,0.363476774445267,,,,8.364534378051758,8.364534378051758,False,,0.0,0.0,,,8.381851434707642,2026-07-19 03:51:49,x86_64,dacsgpu0002,,64,64,3.11.15,0.23,False,False,adam,False,hamqaoa,0.001,False,False,hog,False,True,False,False,False,False,False,1,HOG_graphs/random_graphs_8to14vertices_78instances_20260625_143415_AdjacencyList.txt,False,0,32,1,5,1,,67,"[(3, 8), (2, 6), (3, 5), (11, 12), (4, 6), (4, 12), (2, 12), (7, 11), (1, 4), (1, 10), (0, 2), (0, 8), (1, 7), (9, 11), (0, 11), (12, 13), (5, 7), (5, 13), (3, 7), (2, 11), (4, 11), (7, 10), (8, 9), (0, 1), (0, 10), (10, 12), (1, 9), (0, 7), (0, 13), (1, 12), (5, 12), (6, 11), (11, 13), (2, 10), (3, 9), (2, 13), (4, 10), (4, 13), (7, 9), (0, 3), (0, 6), (0, 12), (1, 11), (0, 9), (6, 7), (6, 13)]","[1.0, 1.0, 1.0, 1.0, 1.0, 1.0, 1.0, 1.0, 1.0, 1.0, 1.0, 1.0, 1.0, 1.0, 1.0, 1.0, 1.0, 1.0, 1.0, 1.0, 1.0, 1.0, 1.0, 1.0, 1.0, 1.0, 1.0, 1.0, 1.0, 1.0, 1.0, 1.0, 1.0, 1.0, 1.0, 1.0, 1.0, 1.0, 1.0, 1.0, 1.0, 1.0, 1.0, 1.0, 1.0, 1.0]"
87ce7f0c,13,39,2,50.0,False,False,"[1, 1, 1]",17.171679397742054,,,,,,,,,,,9.97037216064033,,0.5806288324921417,,,,12.279375553131104,12.279375553131104,False,,0.0,0.0,,,12.289860010147095,2026-07-19 03:51:49,x86_64,dacsgpu0002,,64,64,3.11.15,0.22,False,False,adam,False,hamqaoa,0.001,False,False,hog,False,True,False,False,False,False,False,1,HOG_graphs/random_graphs_8to14vertices_78instances_20260625_143415_AdjacencyList.txt,False,0,32,1,5,1,,64,"[(2, 3), (3, 8), (3, 5), (11, 12), (4, 6), (4, 12), (2, 12), (7, 8), (0, 5), (0, 2), (9, 11), (1, 7), (0, 11), (6, 9), (5, 7), (3, 4), (4, 5), (2, 5), (4, 8), (7, 10), (8, 9), (1, 3), (0, 1), (9, 10), (0, 10), (10, 12), (1, 9), (0, 7), (1, 12), (6, 8), (6, 11), (3, 6), (2, 4), (9, 12), (10, 11), (1, 8), (0, 12), (5, 8), (6, 7)]","[1.0, 1.0, 1.0, 1.0, 1.0, 1.0, 1.0, 1.0, 1.0, 1.0, 1.0, 1.0, 1.0, 1.0, 1.0, 1.0, 1.0, 1.0, 1.0, 1.0, 1.0, 1.0, 1.0, 1.0, 1.0, 1.0, 1.0, 1.0, 1.0, 1.0, 1.0, 1.0, 1.0, 1.0, 1.0, 1.0, 1.0, 1.0, 1.0]"
48e76712,14,28,1,5.0,False,False,"[1, 1, 1]",14.382823791568981,,,,,,,,,,,6.841792095435774,,0.47569185262815644,,,,0.5127954483032227,0.5127954483032227,False,,0.0,0.0,,,0.5206301212310791,2026-07-19 03:51:50,x86_64,dacsgpu0002,,64,64,3.11.15,0.22,False,False,adam,False,hamqaoa,0.001,False,False,hog,False,True,False,False,False,False,False,1,HOG_graphs/random_graphs_8to14vertices_78instances_20260625_143415_AdjacencyList.txt,False,0,32,1,5,1,,70,"[(3, 8), (2, 6), (3, 5), (11, 12), (4, 12), (7, 8), (8, 13), (0, 2), (12, 13), (6, 12), (4, 5), (3, 7), (4, 11), (7, 10), (8, 9), (7, 13), (0, 1), (5, 9), (2, 10), (3, 9), (4, 13), (1, 2), (10, 11), (0, 6), (1, 5), (1, 11), (0, 9), (6, 10)]","[1.0, 1.0, 1.0, 1.0, 1.0, 1.0, 1.0, 1.0, 1.0, 1.0, 1.0, 1.0, 1.0, 1.0, 1.0, 1.0, 1.0, 1.0, 1.0, 1.0, 1.0, 1.0, 1.0, 1.0, 1.0, 1.0, 1.0, 1.0]"
ba6e98a6,14,28,1,10.0,False,False,"[1, 1, 1]",14.382823791568981,,,,,,,,,,,7.126122601432191,,0.49546060667234404,,,,1.077172040939331,1.077172040939331,False,,0.0,0.0,,,1.0866312980651855,2026-07-19 03:51:51,x86_64,dacsgpu0002,,64,64,3.11.15,0.22,False,False,adam,False,hamqaoa,0.001,False,False,hog,False,True,False,False,False,False,False,1,HOG_graphs/random_graphs_8to14vertices_78instances_20260625_143415_AdjacencyList.txt,False,0,32,1,5,1,,70,"[(3, 8), (2, 6), (3, 5), (11, 12), (4, 12), (7, 8), (8, 13), (0, 2), (12, 13), (6, 12), (4, 5), (3, 7), (4, 11), (7, 10), (8, 9), (7, 13), (0, 1), (5, 9), (2, 10), (3, 9), (4, 13), (1, 2), (10, 11), (0, 6), (1, 5), (1, 11), (0, 9), (6, 10)]","[1.0, 1.0, 1.0, 1.0, 1.0, 1.0, 1.0, 1.0, 1.0, 1.0, 1.0, 1.0, 1.0, 1.0, 1.0, 1.0, 1.0, 1.0, 1.0, 1.0, 1.0, 1.0, 1.0, 1.0, 1.0, 1.0, 1.0, 1.0]"
79bb49fa,14,66,1,50.0,False,False,"[1, 1, 1]",24.9091276381742,,,,,,,,,,,16.27393748703182,,0.6533322934236918,,,,7.717642307281494,7.717642307281494,False,,0.0,0.0,,,7.724278450012207,2026-07-19 03:51:51,x86_64,dacsgpu0002,,64,64,3.11.15,0.22,False,False,adam,False,hamqaoa,0.001,False,False,hog,False,True,False,False,False,False,False,1,HOG_graphs/random_graphs_8to14vertices_78instances_20260625_143415_AdjacencyList.txt,False,0,32,1,5,1,,68,"[(5, 11), (2, 3), (3, 8), (2, 6), (3, 5), (3, 11), (11, 12), (4, 6), (4, 12), (4, 9), (7, 8), (8, 13), (7, 11), (0, 5), (8, 10), (1, 4), (0, 2), (0, 8), (1, 10), (1, 7), (9, 11), (0, 11), (12, 13), (5, 7), (5, 13), (6, 12), (4, 5), (3, 7), (3, 13), (4, 8), (4, 11), (7, 10), (1, 3), (0, 1), (7, 13), (8, 12), (1, 6), (0, 4), (9, 10), (1, 9), (0, 7), (0, 13), (1, 12), (6, 8), (5, 6), (5, 12), (6, 11), (3, 6), (11, 13), (2, 10), (3, 9), (2, 13), (4, 10), (3, 12), (4, 13), (8, 11), (0, 3), (1, 2), (1, 8), (0, 6), (7, 12), (1, 5), (0, 9), (6, 10), (5, 8), (6, 7)]","[1.0, 1.0, 1.0, 1.0, 1.0, 1.0, 1.0, 1.0, 1.0, 1.0, 1.0, 1.0, 1.0, 1.0, 1.0, 1.0, 1.0, 1.0, 1.0, 1.0, 1.0, 1.0, 1.0, 1.0, 1.0, 1.0, 1.0, 1.0, 1.0, 1.0, 1.0, 1.0, 1.0, 1.0, 1.0, 1.0, 1.0, 1.0, 1.0, 1.0, 1.0, 1.0, 1.0, 1.0, 1.0, 1.0, 1.0, 1.0, 1.0, 1.0, 1.0, 1.0, 1.0, 1.0, 1.0, 1.0, 1.0, 1.0, 1.0, 1.0, 1.0, 1.0, 1.0, 1.0, 1.0, 1.0]"
952acd0d,13,39,2,50.0,False,False,"[1, 1, 1]",16.847159005026146,,,,,,,,,,,9.62313439181899,,0.5712022061967863,,,,12.233633518218994,12.233633518218994,False,,0.0,0.0,,,12.248663902282715,2026-07-19 03:51:51,x86_64,dacsgpu0002,,64,64,3.11.15,0.22,False,False,adam,False,hamqaoa,0.001,False,False,hog,False,True,False,False,False,False,False,1,HOG_graphs/random_graphs_8to14vertices_78instances_20260625_143415_AdjacencyList.txt,False,0,32,1,5,1,,65,"[(3, 5), (11, 12), (2, 9), (4, 12), (2, 12), (7, 8), (1, 4), (0, 2), (1, 7), (0, 11), (5, 10), (6, 9), (5, 7), (3, 4), (2, 8), (4, 5), (2, 5), (3, 10), (7, 10), (0, 1), (8, 12), (9, 10), (1, 6), (10, 12), (1, 12), (6, 8), (5, 12), (6, 11), (2, 4), (2, 7), (4, 10), (4, 7), (8, 11), (9, 12), (1, 2), (1, 8), (10, 11), (1, 5), (1, 11)]","[1.0, 1.0, 1.0, 1.0, 1.0, 1.0, 1.0, 1.0, 1.0, 1.0, 1.0, 1.0, 1.0, 1.0, 1.0, 1.0, 1.0, 1.0, 1.0, 1.0, 1.0, 1.0, 1.0, 1.0, 1.0, 1.0, 1.0, 1.0, 1.0, 1.0, 1.0, 1.0, 1.0, 1.0, 1.0, 1.0, 1.0, 1.0, 1.0]"
af42ff5c,14,28,2,5.0,False,False,"[1, 1, 1]",14.382823791568981,,,,,,,,,,,4.843195370957141,,0.33673466637310523,,,,1.529679775238037,1.529679775238037,False,,0.0,0.0,,,1.5368947982788086,2026-07-19 03:51:51,x86_64,dacsgpu0002,,64,64,3.11.15,0.22,False,False,adam,False,hamqaoa,0.001,False,False,hog,False,True,False,False,False,False,False,1,HOG_graphs/random_graphs_8to14vertices_78instances_20260625_143415_AdjacencyList.txt,False,0,32,1,5,1,,70,"[(3, 8), (2, 6), (3, 5), (11, 12), (4, 12), (7, 8), (8, 13), (0, 2), (12, 13), (6, 12), (4, 5), (3, 7), (4, 11), (7, 10), (8, 9), (7, 13), (0, 1), (5, 9), (2, 10), (3, 9), (4, 13), (1, 2), (10, 11), (0, 6), (1, 5), (1, 11), (0, 9), (6, 10)]","[1.0, 1.0, 1.0, 1.0, 1.0, 1.0, 1.0, 1.0, 1.0, 1.0, 1.0, 1.0, 1.0, 1.0, 1.0, 1.0, 1.0, 1.0, 1.0, 1.0, 1.0, 1.0, 1.0, 1.0, 1.0, 1.0, 1.0, 1.0]"
6e33e3bb,14,21,1,25.0,False,False,"[1, 1, 1]",12.107543006649378,,,,,,,,,,,5.240532638776339,,0.4328320482444932,,,,2.3368797302246094,2.3368797302246094,False,,0.0,0.0,,,2.343820810317993,2026-07-19 03:51:51,x86_64,dacsgpu0002,,64,64,3.11.15,0.22,False,True,adam,False,hamqaoa,0.001,False,False,hog,False,True,False,False,False,False,False,1,HOG_graphs/random_graphs_8to14vertices_78instances_20260625_143415_AdjacencyList.txt,False,0,32,1,5,1,,69,"[(5, 11), (2, 3), (3, 11), (4, 6), (4, 12), (1, 10), (1, 13), (3, 13), (7, 10), (8, 9), (0, 7), (6, 8), (5, 9), (2, 4), (11, 13), (1, 2), (7, 12), (0, 12), (0, 9), (6, 10), (5, 8)]","[1.0, 1.0, 1.0, 1.0, 1.0, 1.0, 1.0, 1.0, 1.0, 1.0, 1.0, 1.0, 1.0, 1.0, 1.0, 1.0, 1.0, 1.0, 1.0, 1.0, 1.0]"
0c5046a1,14,21,2,10.0,False,False,"[1, 1, 1]",12.107543006649378,,,,,,,,,,,4.200751744198336,,0.3469532787859034,,,,2.5318100452423096,2.5318100452423096,False,,0.0,0.0,,,2.5369482040405273,2026-07-19 03:51:51,x86_64,dacsgpu0002,,64,64,3.11.15,0.23,False,True,adam,False,hamqaoa,0.001,False,False,hog,False,True,False,False,False,False,False,1,HOG_graphs/random_graphs_8to14vertices_78instances_20260625_143415_AdjacencyList.txt,False,0,32,1,5,1,,69,"[(5, 11), (2, 3), (3, 11), (4, 6), (4, 12), (1, 10), (1, 13), (3, 13), (7, 10), (8, 9), (0, 7), (6, 8), (5, 9), (2, 4), (11, 13), (1, 2), (7, 12), (0, 12), (0, 9), (6, 10), (5, 8)]","[1.0, 1.0, 1.0, 1.0, 1.0, 1.0, 1.0, 1.0, 1.0, 1.0, 1.0, 1.0, 1.0, 1.0, 1.0, 1.0, 1.0, 1.0, 1.0, 1.0, 1.0]"
8b86b705,14,20,2,50.0,False,False,"[1, 1, 1]",10.92869892895262,,,,,,,,,,,3.5369150419927733,,0.3236355091293326,,,,11.123225927352905,11.123225927352905,False,,0.0,0.0,,,11.144155740737915,2026-07-19 03:51:51,x86_64,dacsgpu0002,,64,64,3.11.15,0.23,False,False,adam,False,hamqaoa,0.001,False,False,hog,False,True,False,False,False,False,False,1,HOG_graphs/random_graphs_8to14vertices_78instances_20260625_143415_AdjacencyList.txt,False,0,32,1,5,1,,66,"[(2, 6), (4, 6), (2, 12), (8, 10), (0, 8), (1, 13), (12, 13), (5, 10), (6, 9), (4, 8), (3, 10), (7, 10), (0, 1), (9, 10), (0, 10), (0, 13), (6, 11), (2, 13), (3, 12), (1, 8)]","[1.0, 1.0, 1.0, 1.0, 1.0, 1.0, 1.0, 1.0, 1.0, 1.0, 1.0, 1.0, 1.0, 1.0, 1.0, 1.0, 1.0, 1.0, 1.0, 1.0]"
ca5d305c,14,35,1,5.0,False,False,"[1, 1, 1]",17.142846671255334,,,,,,,,,,,8.148287351588309,,0.47531705252028755,,,,0.6508145332336426,0.6508145332336426,False,,0.0,0.0,,,0.6619861125946045,2026-07-19 03:51:51,x86_64,dacsgpu0002,,64,64,3.11.15,0.21,False,False,adam,False,hamqaoa,0.001,False,False,hog,False,True,False,False,False,False,False,1,HOG_graphs/random_graphs_8to14vertices_78instances_20260625_143415_AdjacencyList.txt,False,0,32,1,5,1,,71,"[(3, 8), (2, 6), (3, 11), (2, 9), (4, 9), (7, 11), (8, 10), (1, 4), (9, 11), (10, 13), (0, 11), (5, 10), (6, 12), (4, 5), (3, 7), (3, 13), (2, 5), (7, 10), (1, 3), (0, 1), (8, 12), (0, 4), (1, 9), (5, 6), (11, 13), (2, 7), (2, 13), (4, 10), (9, 12), (7, 12), (1, 8), (0, 6), (0, 12), (5, 8), (6, 13)]","[1.0, 1.0, 1.0, 1.0, 1.0, 1.0, 1.0, 1.0, 1.0, 1.0, 1.0, 1.0, 1.0, 1.0, 1.0, 1.0, 1.0, 1.0, 1.0, 1.0, 1.0, 1.0, 1.0, 1.0, 1.0, 1.0, 1.0, 1.0, 1.0, 1.0, 1.0, 1.0, 1.0, 1.0, 1.0]"
9a072928,14,35,1,10.0,False,False,"[1, 1, 1]",17.142846671255334,,,,,,,,,,,8.783630574602183,,0.512378763168333,,,,1.2226498126983643,1.2226498126983643,False,,0.0,0.0,,,1.2367260456085205,2026-07-19 03:51:52,x86_64,dacsgpu0002,,64,64,3.11.15,0.21,False,False,adam,False,hamqaoa,0.001,False,False,hog,False,True,False,False,False,False,False,1,HOG_graphs/random_graphs_8to14vertices_78instances_20260625_143415_AdjacencyList.txt,False,0,32,1,5,1,,71,"[(3, 8), (2, 6), (3, 11), (2, 9), (4, 9), (7, 11), (8, 10), (1, 4), (9, 11), (10, 13), (0, 11), (5, 10), (6, 12), (4, 5), (3, 7), (3, 13), (2, 5), (7, 10), (1, 3), (0, 1), (8, 12), (0, 4), (1, 9), (5, 6), (11, 13), (2, 7), (2, 13), (4, 10), (9, 12), (7, 12), (1, 8), (0, 6), (0, 12), (5, 8), (6, 13)]","[1.0, 1.0, 1.0, 1.0, 1.0, 1.0, 1.0, 1.0, 1.0, 1.0, 1.0, 1.0, 1.0, 1.0, 1.0, 1.0, 1.0, 1.0, 1.0, 1.0, 1.0, 1.0, 1.0, 1.0, 1.0, 1.0, 1.0, 1.0, 1.0, 1.0, 1.0, 1.0, 1.0, 1.0, 1.0]"
444c07c2,14,35,2,5.0,False,False,"[1, 1, 1]",17.142846671255334,,,,,,,,,,,7.88224268370262,,0.45979777074710426,,,,1.5827357769012451,1.5827357769012451,False,,0.0,0.0,,,1.59604811668396,2026-07-19 03:51:52,x86_64,dacsgpu0002,,64,64,3.11.15,0.22,False,False,adam,False,hamqaoa,0.001,False,False,hog,False,True,False,False,False,False,False,1,HOG_graphs/random_graphs_8to14vertices_78instances_20260625_143415_AdjacencyList.txt,False,0,32,1,5,1,,71,"[(3, 8), (2, 6), (3, 11), (2, 9), (4, 9), (7, 11), (8, 10), (1, 4), (9, 11), (10, 13), (0, 11), (5, 10), (6, 12), (4, 5), (3, 7), (3, 13), (2, 5), (7, 10), (1, 3), (0, 1), (8, 12), (0, 4), (1, 9), (5, 6), (11, 13), (2, 7), (2, 13), (4, 10), (9, 12), (7, 12), (1, 8), (0, 6), (0, 12), (5, 8), (6, 13)]","[1.0, 1.0, 1.0, 1.0, 1.0, 1.0, 1.0, 1.0, 1.0, 1.0, 1.0, 1.0, 1.0, 1.0, 1.0, 1.0, 1.0, 1.0, 1.0, 1.0, 1.0, 1.0, 1.0, 1.0, 1.0, 1.0, 1.0, 1.0, 1.0, 1.0, 1.0, 1.0, 1.0, 1.0, 1.0]"
ccc8b059,14,24,1,5.0,False,False,"[1, 1, 1]",12.41027208807876,,,,,,,,,,,6.776876813220674,,0.5460699624571894,,,,0.4949307441711426,0.4949307441711426,False,,0.0,0.0,,,0.5019352436065674,2026-07-19 03:51:52,x86_64,dacsgpu0002,,64,64,3.11.15,0.21,False,False,adam,False,hamqaoa,0.001,False,False,hog,False,True,False,False,False,False,False,1,HOG_graphs/random_graphs_8to14vertices_78instances_20260625_143415_AdjacencyList.txt,False,0,32,1,5,1,,72,"[(3, 8), (3, 5), (4, 12), (7, 8), (7, 11), (0, 5), (8, 10), (1, 4), (0, 2), (3, 7), (3, 10), (1, 3), (0, 1), (7, 13), (0, 4), (1, 9), (0, 13), (5, 6), (6, 11), (5, 9), (3, 6), (0, 3), (0, 12), (6, 7)]","[1.0, 1.0, 1.0, 1.0, 1.0, 1.0, 1.0, 1.0, 1.0, 1.0, 1.0, 1.0, 1.0, 1.0, 1.0, 1.0, 1.0, 1.0, 1.0, 1.0, 1.0, 1.0, 1.0, 1.0]"
7a907b37,14,28,1,25.0,False,False,"[1, 1, 1]",14.382823791568981,,,,,,,,,,,5.281156900634495,,0.3671849823906095,,,,2.609142303466797,2.609142303466797,False,,0.0,0.0,,,2.616856336593628,2026-07-19 03:51:52,x86_64,dacsgpu0002,,64,64,3.11.15,0.22,False,False,adam,False,hamqaoa,0.001,False,False,hog,False,True,False,False,False,False,False,1,HOG_graphs/random_graphs_8to14vertices_78instances_20260625_143415_AdjacencyList.txt,False,0,32,1,5,1,,70,"[(3, 8), (2, 6), (3, 5), (11, 12), (4, 12), (7, 8), (8, 13), (0, 2), (12, 13), (6, 12), (4, 5), (3, 7), (4, 11), (7, 10), (8, 9), (7, 13), (0, 1), (5, 9), (2, 10), (3, 9), (4, 13), (1, 2), (10, 11), (0, 6), (1, 5), (1, 11), (0, 9), (6, 10)]","[1.0, 1.0, 1.0, 1.0, 1.0, 1.0, 1.0, 1.0, 1.0, 1.0, 1.0, 1.0, 1.0, 1.0, 1.0, 1.0, 1.0, 1.0, 1.0, 1.0, 1.0, 1.0, 1.0, 1.0, 1.0, 1.0, 1.0, 1.0]"
e7395b1e,14,28,2,10.0,False,False,"[1, 1, 1]",14.382823791568981,,,,,,,,,,,6.913093790427553,,0.4806492723966983,,,,2.9387290477752686,2.9387290477752686,False,,0.0,0.0,,,2.945687770843506,2026-07-19 03:51:53,x86_64,dacsgpu0002,,64,64,3.11.15,0.22,False,False,adam,False,hamqaoa,0.001,False,False,hog,False,True,False,False,False,False,False,1,HOG_graphs/random_graphs_8to14vertices_78instances_20260625_143415_AdjacencyList.txt,False,0,32,1,5,1,,70,"[(3, 8), (2, 6), (3, 5), (11, 12), (4, 12), (7, 8), (8, 13), (0, 2), (12, 13), (6, 12), (4, 5), (3, 7), (4, 11), (7, 10), (8, 9), (7, 13), (0, 1), (5, 9), (2, 10), (3, 9), (4, 13), (1, 2), (10, 11), (0, 6), (1, 5), (1, 11), (0, 9), (6, 10)]","[1.0, 1.0, 1.0, 1.0, 1.0, 1.0, 1.0, 1.0, 1.0, 1.0, 1.0, 1.0, 1.0, 1.0, 1.0, 1.0, 1.0, 1.0, 1.0, 1.0, 1.0, 1.0, 1.0, 1.0, 1.0, 1.0, 1.0, 1.0]"
74da0216,14,24,1,10.0,False,False,"[1, 1, 1]",12.41027208807876,,,,,,,,,,,3.944403228144139,,0.31783374289860344,,,,0.9127955436706543,0.9127955436706543,False,,0.0,0.0,,,0.9213745594024658,2026-07-19 03:51:53,x86_64,dacsgpu0002,,64,64,3.11.15,0.22,False,False,adam,False,hamqaoa,0.001,False,False,hog,False,True,False,False,False,False,False,1,HOG_graphs/random_graphs_8to14vertices_78instances_20260625_143415_AdjacencyList.txt,False,0,32,1,5,1,,72,"[(3, 8), (3, 5), (4, 12), (7, 8), (7, 11), (0, 5), (8, 10), (1, 4), (0, 2), (3, 7), (3, 10), (1, 3), (0, 1), (7, 13), (0, 4), (1, 9), (0, 13), (5, 6), (6, 11), (5, 9), (3, 6), (0, 3), (0, 12), (6, 7)]","[1.0, 1.0, 1.0, 1.0, 1.0, 1.0, 1.0, 1.0, 1.0, 1.0, 1.0, 1.0, 1.0, 1.0, 1.0, 1.0, 1.0, 1.0, 1.0, 1.0, 1.0, 1.0, 1.0, 1.0]"
52705b47,14,24,2,5.0,False,False,"[1, 1, 1]",12.41027208807876,,,,,,,,,,,5.675957548453549,,0.45735963790075507,,,,1.306098222732544,1.306098222732544,False,,0.0,0.0,,,1.3129856586456299,2026-07-19 03:51:53,x86_64,dacsgpu0002,,64,64,3.11.15,0.22,False,False,adam,False,hamqaoa,0.001,False,False,hog,False,True,False,False,False,False,False,1,HOG_graphs/random_graphs_8to14vertices_78instances_20260625_143415_AdjacencyList.txt,False,0,32,1,5,1,,72,"[(3, 8), (3, 5), (4, 12), (7, 8), (7, 11), (0, 5), (8, 10), (1, 4), (0, 2), (3, 7), (3, 10), (1, 3), (0, 1), (7, 13), (0, 4), (1, 9), (0, 13), (5, 6), (6, 11), (5, 9), (3, 6), (0, 3), (0, 12), (6, 7)]","[1.0, 1.0, 1.0, 1.0, 1.0, 1.0, 1.0, 1.0, 1.0, 1.0, 1.0, 1.0, 1.0, 1.0, 1.0, 1.0, 1.0, 1.0, 1.0, 1.0, 1.0, 1.0, 1.0, 1.0]"
08ce3297,14,66,2,25.0,False,False,"[1, 1, 1]",24.9091276381742,,,,,,,,,,,18.959172679479636,,0.7611335473035182,,,,10.745102643966675,10.745102643966675,False,,0.0,0.0,,,10.752693891525269,2026-07-19 03:51:53,x86_64,dacsgpu0002,,64,64,3.11.15,0.23,False,False,adam,False,hamqaoa,0.001,False,False,hog,False,True,False,False,False,False,False,1,HOG_graphs/random_graphs_8to14vertices_78instances_20260625_143415_AdjacencyList.txt,False,0,32,1,5,1,,68,"[(5, 11), (2, 3), (3, 8), (2, 6), (3, 5), (3, 11), (11, 12), (4, 6), (4, 12), (4, 9), (7, 8), (8, 13), (7, 11), (0, 5), (8, 10), (1, 4), (0, 2), (0, 8), (1, 10), (1, 7), (9, 11), (0, 11), (12, 13), (5, 7), (5, 13), (6, 12), (4, 5), (3, 7), (3, 13), (4, 8), (4, 11), (7, 10), (1, 3), (0, 1), (7, 13), (8, 12), (1, 6), (0, 4), (9, 10), (1, 9), (0, 7), (0, 13), (1, 12), (6, 8), (5, 6), (5, 12), (6, 11), (3, 6), (11, 13), (2, 10), (3, 9), (2, 13), (4, 10), (3, 12), (4, 13), (8, 11), (0, 3), (1, 2), (1, 8), (0, 6), (7, 12), (1, 5), (0, 9), (6, 10), (5, 8), (6, 7)]","[1.0, 1.0, 1.0, 1.0, 1.0, 1.0, 1.0, 1.0, 1.0, 1.0, 1.0, 1.0, 1.0, 1.0, 1.0, 1.0, 1.0, 1.0, 1.0, 1.0, 1.0, 1.0, 1.0, 1.0, 1.0, 1.0, 1.0, 1.0, 1.0, 1.0, 1.0, 1.0, 1.0, 1.0, 1.0, 1.0, 1.0, 1.0, 1.0, 1.0, 1.0, 1.0, 1.0, 1.0, 1.0, 1.0, 1.0, 1.0, 1.0, 1.0, 1.0, 1.0, 1.0, 1.0, 1.0, 1.0, 1.0, 1.0, 1.0, 1.0, 1.0, 1.0, 1.0, 1.0, 1.0, 1.0]"
36e62f2d,14,21,1,50.0,False,False,"[1, 1, 1]",12.107543006649378,,,,,,,,,,,5.278526480056428,,0.43597007891340944,,,,4.574461936950684,4.574461936950684,False,,0.0,0.0,,,4.580836534500122,2026-07-19 03:51:53,x86_64,dacsgpu0002,,64,64,3.11.15,0.22,False,True,adam,False,hamqaoa,0.001,False,False,hog,False,True,False,False,False,False,False,1,HOG_graphs/random_graphs_8to14vertices_78instances_20260625_143415_AdjacencyList.txt,False,0,32,1,5,1,,69,"[(5, 11), (2, 3), (3, 11), (4, 6), (4, 12), (1, 10), (1, 13), (3, 13), (7, 10), (8, 9), (0, 7), (6, 8), (5, 9), (2, 4), (11, 13), (1, 2), (7, 12), (0, 12), (0, 9), (6, 10), (5, 8)]","[1.0, 1.0, 1.0, 1.0, 1.0, 1.0, 1.0, 1.0, 1.0, 1.0, 1.0, 1.0, 1.0, 1.0, 1.0, 1.0, 1.0, 1.0, 1.0, 1.0, 1.0]"
3154f5ca,14,35,1,25.0,False,False,"[1, 1, 1]",17.142846671255334,,,,,,,,,,,12.884245716363255,,0.751581459219793,,,,2.7973384857177734,2.7973384857177734,False,,0.0,0.0,,,2.8044493198394775,2026-07-19 03:51:54,x86_64,dacsgpu0002,,64,64,3.11.15,0.22,False,False,adam,False,hamqaoa,0.001,False,False,hog,False,True,False,False,False,False,False,1,HOG_graphs/random_graphs_8to14vertices_78instances_20260625_143415_AdjacencyList.txt,False,0,32,1,5,1,,71,"[(3, 8), (2, 6), (3, 11), (2, 9), (4, 9), (7, 11), (8, 10), (1, 4), (9, 11), (10, 13), (0, 11), (5, 10), (6, 12), (4, 5), (3, 7), (3, 13), (2, 5), (7, 10), (1, 3), (0, 1), (8, 12), (0, 4), (1, 9), (5, 6), (11, 13), (2, 7), (2, 13), (4, 10), (9, 12), (7, 12), (1, 8), (0, 6), (0, 12), (5, 8), (6, 13)]","[1.0, 1.0, 1.0, 1.0, 1.0, 1.0, 1.0, 1.0, 1.0, 1.0, 1.0, 1.0, 1.0, 1.0, 1.0, 1.0, 1.0, 1.0, 1.0, 1.0, 1.0, 1.0, 1.0, 1.0, 1.0, 1.0, 1.0, 1.0, 1.0, 1.0, 1.0, 1.0, 1.0, 1.0, 1.0]"
49de7025,14,35,2,10.0,False,False,"[1, 1, 1]",17.142846671255334,,,,,,,,,,,8.027682433917139,,0.46828176135867455,,,,3.1497089862823486,3.1497089862823486,False,,0.0,0.0,,,3.1591198444366455,2026-07-19 03:51:54,x86_64,dacsgpu0002,,64,64,3.11.15,0.23,False,False,adam,False,hamqaoa,0.001,False,False,hog,False,True,False,False,False,False,False,1,HOG_graphs/random_graphs_8to14vertices_78instances_20260625_143415_AdjacencyList.txt,False,0,32,1,5,1,,71,"[(3, 8), (2, 6), (3, 11), (2, 9), (4, 9), (7, 11), (8, 10), (1, 4), (9, 11), (10, 13), (0, 11), (5, 10), (6, 12), (4, 5), (3, 7), (3, 13), (2, 5), (7, 10), (1, 3), (0, 1), (8, 12), (0, 4), (1, 9), (5, 6), (11, 13), (2, 7), (2, 13), (4, 10), (9, 12), (7, 12), (1, 8), (0, 6), (0, 12), (5, 8), (6, 13)]","[1.0, 1.0, 1.0, 1.0, 1.0, 1.0, 1.0, 1.0, 1.0, 1.0, 1.0, 1.0, 1.0, 1.0, 1.0, 1.0, 1.0, 1.0, 1.0, 1.0, 1.0, 1.0, 1.0, 1.0, 1.0, 1.0, 1.0, 1.0, 1.0, 1.0, 1.0, 1.0, 1.0, 1.0, 1.0]"
fd0ddba7,14,24,1,25.0,False,False,"[1, 1, 1]",12.41027208807876,,,,,,,,,,,6.189729376075453,,0.4987585551827888,,,,2.1328697204589844,2.1328697204589844,False,,0.0,0.0,,,2.140298366546631,2026-07-19 03:51:55,x86_64,dacsgpu0002,,64,64,3.11.15,0.22,False,False,adam,False,hamqaoa,0.001,False,False,hog,False,True,False,False,False,False,False,1,HOG_graphs/random_graphs_8to14vertices_78instances_20260625_143415_AdjacencyList.txt,False,0,32,1,5,1,,72,"[(3, 8), (3, 5), (4, 12), (7, 8), (7, 11), (0, 5), (8, 10), (1, 4), (0, 2), (3, 7), (3, 10), (1, 3), (0, 1), (7, 13), (0, 4), (1, 9), (0, 13), (5, 6), (6, 11), (5, 9), (3, 6), (0, 3), (0, 12), (6, 7)]","[1.0, 1.0, 1.0, 1.0, 1.0, 1.0, 1.0, 1.0, 1.0, 1.0, 1.0, 1.0, 1.0, 1.0, 1.0, 1.0, 1.0, 1.0, 1.0, 1.0, 1.0, 1.0, 1.0, 1.0]"
66a58bc9,14,21,2,25.0,False,False,"[1, 1, 1]",12.107543006649378,,,,,,,,,,,5.251982121958849,,0.43377769701701635,,,,5.91997504234314,5.91997504234314,False,,0.0,0.0,,,5.928404092788696,2026-07-19 03:51:55,x86_64,dacsgpu0002,,64,64,3.11.15,0.23,False,True,adam,False,hamqaoa,0.001,False,False,hog,False,True,False,False,False,False,False,1,HOG_graphs/random_graphs_8to14vertices_78instances_20260625_143415_AdjacencyList.txt,False,0,32,1,5,1,,69,"[(5, 11), (2, 3), (3, 11), (4, 6), (4, 12), (1, 10), (1, 13), (3, 13), (7, 10), (8, 9), (0, 7), (6, 8), (5, 9), (2, 4), (11, 13), (1, 2), (7, 12), (0, 12), (0, 9), (6, 10), (5, 8)]","[1.0, 1.0, 1.0, 1.0, 1.0, 1.0, 1.0, 1.0, 1.0, 1.0, 1.0, 1.0, 1.0, 1.0, 1.0, 1.0, 1.0, 1.0, 1.0, 1.0, 1.0]"
ad0b113d,14,24,2,10.0,False,False,"[1, 1, 1]",12.41027208807876,,,,,,,,,,,5.917353563740909,,0.4768109451383493,,,,2.4107370376586914,2.4107370376586914,False,,0.0,0.0,,,2.417739152908325,2026-07-19 03:51:55,x86_64,dacsgpu0002,,64,64,3.11.15,0.22,False,False,adam,False,hamqaoa,0.001,False,False,hog,False,True,False,False,False,False,False,1,HOG_graphs/random_graphs_8to14vertices_78instances_20260625_143415_AdjacencyList.txt,False,0,32,1,5,1,,72,"[(3, 8), (3, 5), (4, 12), (7, 8), (7, 11), (0, 5), (8, 10), (1, 4), (0, 2), (3, 7), (3, 10), (1, 3), (0, 1), (7, 13), (0, 4), (1, 9), (0, 13), (5, 6), (6, 11), (5, 9), (3, 6), (0, 3), (0, 12), (6, 7)]","[1.0, 1.0, 1.0, 1.0, 1.0, 1.0, 1.0, 1.0, 1.0, 1.0, 1.0, 1.0, 1.0, 1.0, 1.0, 1.0, 1.0, 1.0, 1.0, 1.0, 1.0, 1.0, 1.0, 1.0]"
b2253e1b,14,28,1,50.0,False,False,"[1, 1, 1]",14.382823791568981,,,,,,,,,,,4.199573993546085,,0.2919853607612032,,,,4.8639936447143555,4.8639936447143555,False,,0.0,0.0,,,4.871514081954956,2026-07-19 03:51:55,x86_64,dacsgpu0002,,64,64,3.11.15,0.22,False,False,adam,False,hamqaoa,0.001,False,False,hog,False,True,False,False,False,False,False,1,HOG_graphs/random_graphs_8to14vertices_78instances_20260625_143415_AdjacencyList.txt,False,0,32,1,5,1,,70,"[(3, 8), (2, 6), (3, 5), (11, 12), (4, 12), (7, 8), (8, 13), (0, 2), (12, 13), (6, 12), (4, 5), (3, 7), (4, 11), (7, 10), (8, 9), (7, 13), (0, 1), (5, 9), (2, 10), (3, 9), (4, 13), (1, 2), (10, 11), (0, 6), (1, 5), (1, 11), (0, 9), (6, 10)]","[1.0, 1.0, 1.0, 1.0, 1.0, 1.0, 1.0, 1.0, 1.0, 1.0, 1.0, 1.0, 1.0, 1.0, 1.0, 1.0, 1.0, 1.0, 1.0, 1.0, 1.0, 1.0, 1.0, 1.0, 1.0, 1.0, 1.0, 1.0]"
58df76ca,14,28,2,25.0,False,False,"[1, 1, 1]",14.382823791568981,,,,,,,,,,,4.418811645118784,,0.30722837943054215,,,,6.220705032348633,6.220705032348633,False,,0.0,0.0,,,6.230782747268677,2026-07-19 03:51:56,x86_64,dacsgpu0002,,64,64,3.11.15,0.23,False,False,adam,False,hamqaoa,0.001,False,False,hog,False,True,False,False,False,False,False,1,HOG_graphs/random_graphs_8to14vertices_78instances_20260625_143415_AdjacencyList.txt,False,0,32,1,5,1,,70,"[(3, 8), (2, 6), (3, 5), (11, 12), (4, 12), (7, 8), (8, 13), (0, 2), (12, 13), (6, 12), (4, 5), (3, 7), (4, 11), (7, 10), (8, 9), (7, 13), (0, 1), (5, 9), (2, 10), (3, 9), (4, 13), (1, 2), (10, 11), (0, 6), (1, 5), (1, 11), (0, 9), (6, 10)]","[1.0, 1.0, 1.0, 1.0, 1.0, 1.0, 1.0, 1.0, 1.0, 1.0, 1.0, 1.0, 1.0, 1.0, 1.0, 1.0, 1.0, 1.0, 1.0, 1.0, 1.0, 1.0, 1.0, 1.0, 1.0, 1.0, 1.0, 1.0]"
fedd9b65,14,35,1,50.0,False,False,"[1, 1, 1]",17.142846671255334,,,,,,,,,,,7.719320838111084,,0.45029399061560965,,,,4.982895374298096,4.982895374298096,False,,0.0,0.0,,,4.990850448608398,2026-07-19 03:51:56,x86_64,dacsgpu0002,,64,64,3.11.15,0.22,False,False,adam,False,hamqaoa,0.001,False,False,hog,False,True,False,False,False,False,False,1,HOG_graphs/random_graphs_8to14vertices_78instances_20260625_143415_AdjacencyList.txt,False,0,32,1,5,1,,71,"[(3, 8), (2, 6), (3, 11), (2, 9), (4, 9), (7, 11), (8, 10), (1, 4), (9, 11), (10, 13), (0, 11), (5, 10), (6, 12), (4, 5), (3, 7), (3, 13), (2, 5), (7, 10), (1, 3), (0, 1), (8, 12), (0, 4), (1, 9), (5, 6), (11, 13), (2, 7), (2, 13), (4, 10), (9, 12), (7, 12), (1, 8), (0, 6), (0, 12), (5, 8), (6, 13)]","[1.0, 1.0, 1.0, 1.0, 1.0, 1.0, 1.0, 1.0, 1.0, 1.0, 1.0, 1.0, 1.0, 1.0, 1.0, 1.0, 1.0, 1.0, 1.0, 1.0, 1.0, 1.0, 1.0, 1.0, 1.0, 1.0, 1.0, 1.0, 1.0, 1.0, 1.0, 1.0, 1.0, 1.0, 1.0]"
d237aa04,14,46,2,50.0,False,False,"[1, 1, 1]",19.160847593323137,,,,,,,,,,,11.557659945293425,,0.6031914762121928,,,,16.453893899917603,16.453893899917603,False,,0.0,0.0,,,16.463664531707764,2026-07-19 03:51:58,x86_64,dacsgpu0002,,64,64,3.11.15,0.23,False,False,adam,False,hamqaoa,0.001,False,False,hog,False,True,False,False,False,False,False,1,HOG_graphs/random_graphs_8to14vertices_78instances_20260625_143415_AdjacencyList.txt,False,0,32,1,5,1,,67,"[(3, 8), (2, 6), (3, 5), (11, 12), (4, 6), (4, 12), (2, 12), (7, 11), (1, 4), (1, 10), (0, 2), (0, 8), (1, 7), (9, 11), (0, 11), (12, 13), (5, 7), (5, 13), (3, 7), (2, 11), (4, 11), (7, 10), (8, 9), (0, 1), (0, 10), (10, 12), (1, 9), (0, 7), (0, 13), (1, 12), (5, 12), (6, 11), (11, 13), (2, 10), (3, 9), (2, 13), (4, 10), (4, 13), (7, 9), (0, 3), (0, 6), (0, 12), (1, 11), (0, 9), (6, 7), (6, 13)]","[1.0, 1.0, 1.0, 1.0, 1.0, 1.0, 1.0, 1.0, 1.0, 1.0, 1.0, 1.0, 1.0, 1.0, 1.0, 1.0, 1.0, 1.0, 1.0, 1.0, 1.0, 1.0, 1.0, 1.0, 1.0, 1.0, 1.0, 1.0, 1.0, 1.0, 1.0, 1.0, 1.0, 1.0, 1.0, 1.0, 1.0, 1.0, 1.0, 1.0, 1.0, 1.0, 1.0, 1.0, 1.0, 1.0]"
1a3c1998,14,35,2,25.0,False,False,"[1, 1, 1]",17.142846671255334,,,,,,,,,,,8.413372482174097,,0.4907803612501192,,,,6.666626691818237,6.666626691818237,False,,0.0,0.0,,,6.675503253936768,2026-07-19 03:51:58,x86_64,dacsgpu0002,,64,64,3.11.15,0.23,False,False,adam,False,hamqaoa,0.001,False,False,hog,False,True,False,False,False,False,False,1,HOG_graphs/random_graphs_8to14vertices_78instances_20260625_143415_AdjacencyList.txt,False,0,32,1,5,1,,71,"[(3, 8), (2, 6), (3, 11), (2, 9), (4, 9), (7, 11), (8, 10), (1, 4), (9, 11), (10, 13), (0, 11), (5, 10), (6, 12), (4, 5), (3, 7), (3, 13), (2, 5), (7, 10), (1, 3), (0, 1), (8, 12), (0, 4), (1, 9), (5, 6), (11, 13), (2, 7), (2, 13), (4, 10), (9, 12), (7, 12), (1, 8), (0, 6), (0, 12), (5, 8), (6, 13)]","[1.0, 1.0, 1.0, 1.0, 1.0, 1.0, 1.0, 1.0, 1.0, 1.0, 1.0, 1.0, 1.0, 1.0, 1.0, 1.0, 1.0, 1.0, 1.0, 1.0, 1.0, 1.0, 1.0, 1.0, 1.0, 1.0, 1.0, 1.0, 1.0, 1.0, 1.0, 1.0, 1.0, 1.0, 1.0]"
5e997e17,14,24,2,25.0,False,False,"[1, 1, 1]",12.41027208807876,,,,,,,,,,,6.257345958597637,,0.5042069919327885,,,,5.230889320373535,5.230889320373535,False,,0.0,0.0,,,5.239059209823608,2026-07-19 03:51:58,x86_64,dacsgpu0002,,64,64,3.11.15,0.22,False,False,adam,False,hamqaoa,0.001,False,False,hog,False,True,False,False,False,False,False,1,HOG_graphs/random_graphs_8to14vertices_78instances_20260625_143415_AdjacencyList.txt,False,0,32,1,5,1,,72,"[(3, 8), (3, 5), (4, 12), (7, 8), (7, 11), (0, 5), (8, 10), (1, 4), (0, 2), (3, 7), (3, 10), (1, 3), (0, 1), (7, 13), (0, 4), (1, 9), (0, 13), (5, 6), (6, 11), (5, 9), (3, 6), (0, 3), (0, 12), (6, 7)]","[1.0, 1.0, 1.0, 1.0, 1.0, 1.0, 1.0, 1.0, 1.0, 1.0, 1.0, 1.0, 1.0, 1.0, 1.0, 1.0, 1.0, 1.0, 1.0, 1.0, 1.0, 1.0, 1.0, 1.0]"
b0508458,14,33,1,5.0,False,False,"[1, 1, 1]",14.997074543021862,,,,,,,,,,,8.205445753001223,,0.5471364251382759,,,,0.5192842483520508,0.5192842483520508,False,,0.0,0.0,,,0.5255861282348633,2026-07-19 03:51:59,x86_64,dacsgpu0002,,64,64,3.11.15,0.21,False,False,adam,False,hamqaoa,0.001,False,False,hog,False,True,False,False,False,False,False,1,HOG_graphs/random_graphs_8to14vertices_78instances_20260625_143415_AdjacencyList.txt,False,0,32,1,5,1,,73,"[(2, 6), (3, 5), (11, 12), (4, 6), (4, 12), (0, 2), (0, 8), (9, 11), (0, 11), (5, 10), (5, 7), (3, 4), (4, 5), (2, 5), (4, 8), (3, 10), (4, 11), (8, 9), (0, 1), (0, 4), (0, 13), (2, 4), (11, 13), (2, 7), (4, 10), (7, 9), (0, 3), (0, 6), (0, 12), (0, 9), (5, 8), (6, 7), (6, 13)]","[1.0, 1.0, 1.0, 1.0, 1.0, 1.0, 1.0, 1.0, 1.0, 1.0, 1.0, 1.0, 1.0, 1.0, 1.0, 1.0, 1.0, 1.0, 1.0, 1.0, 1.0, 1.0, 1.0, 1.0, 1.0, 1.0, 1.0, 1.0, 1.0, 1.0, 1.0, 1.0, 1.0]"
e2c83457,14,28,1,5.0,False,False,"[1, 1, 1]",15.054658730907123,,,,,,,,,,,5.946711937392934,,0.395008086445983,,,,0.5613532066345215,0.5613532066345215,False,,0.0,0.0,,,0.5703146457672119,2026-07-19 03:52:00,x86_64,dacsgpu0002,,64,64,3.11.15,0.21,False,False,adam,False,hamqaoa,0.001,False,False,hog,False,True,False,False,False,False,False,1,HOG_graphs/random_graphs_8to14vertices_78instances_20260625_143415_AdjacencyList.txt,False,0,32,1,5,1,,74,"[(2, 3), (3, 5), (11, 12), (4, 6), (4, 12), (7, 8), (0, 5), (0, 2), (9, 11), (1, 13), (5, 7), (2, 8), (4, 5), (1, 3), (0, 1), (9, 10), (1, 6), (10, 12), (0, 13), (2, 4), (11, 13), (3, 12), (8, 11), (7, 9), (1, 2), (10, 11), (0, 12), (6, 7)]","[1.0, 1.0, 1.0, 1.0, 1.0, 1.0, 1.0, 1.0, 1.0, 1.0, 1.0, 1.0, 1.0, 1.0, 1.0, 1.0, 1.0, 1.0, 1.0, 1.0, 1.0, 1.0, 1.0, 1.0, 1.0, 1.0, 1.0, 1.0]"
6d3631e4,14,33,1,10.0,False,False,"[1, 1, 1]",14.997074543021862,,,,,,,,,,,7.654308856604572,,0.5103867980816379,,,,1.1325304508209229,1.1325304508209229,False,,0.0,0.0,,,1.1392838954925537,2026-07-19 03:52:00,x86_64,dacsgpu0002,,64,64,3.11.15,0.21,False,False,adam,False,hamqaoa,0.001,False,False,hog,False,True,False,False,False,False,False,1,HOG_graphs/random_graphs_8to14vertices_78instances_20260625_143415_AdjacencyList.txt,False,0,32,1,5,1,,73,"[(2, 6), (3, 5), (11, 12), (4, 6), (4, 12), (0, 2), (0, 8), (9, 11), (0, 11), (5, 10), (5, 7), (3, 4), (4, 5), (2, 5), (4, 8), (3, 10), (4, 11), (8, 9), (0, 1), (0, 4), (0, 13), (2, 4), (11, 13), (2, 7), (4, 10), (7, 9), (0, 3), (0, 6), (0, 12), (0, 9), (5, 8), (6, 7), (6, 13)]","[1.0, 1.0, 1.0, 1.0, 1.0, 1.0, 1.0, 1.0, 1.0, 1.0, 1.0, 1.0, 1.0, 1.0, 1.0, 1.0, 1.0, 1.0, 1.0, 1.0, 1.0, 1.0, 1.0, 1.0, 1.0, 1.0, 1.0, 1.0, 1.0, 1.0, 1.0, 1.0, 1.0]"
cef55997,14,33,2,5.0,False,False,"[1, 1, 1]",14.997074543021862,,,,,,,,,,,8.234551510917123,,0.5490771875071235,,,,1.492910385131836,1.492910385131836,False,,0.0,0.0,,,1.4993767738342285,2026-07-19 03:52:00,x86_64,dacsgpu0002,,64,64,3.11.15,0.22,False,False,adam,False,hamqaoa,0.001,False,False,hog,False,True,False,False,False,False,False,1,HOG_graphs/random_graphs_8to14vertices_78instances_20260625_143415_AdjacencyList.txt,False,0,32,1,5,1,,73,"[(2, 6), (3, 5), (11, 12), (4, 6), (4, 12), (0, 2), (0, 8), (9, 11), (0, 11), (5, 10), (5, 7), (3, 4), (4, 5), (2, 5), (4, 8), (3, 10), (4, 11), (8, 9), (0, 1), (0, 4), (0, 13), (2, 4), (11, 13), (2, 7), (4, 10), (7, 9), (0, 3), (0, 6), (0, 12), (0, 9), (5, 8), (6, 7), (6, 13)]","[1.0, 1.0, 1.0, 1.0, 1.0, 1.0, 1.0, 1.0, 1.0, 1.0, 1.0, 1.0, 1.0, 1.0, 1.0, 1.0, 1.0, 1.0, 1.0, 1.0, 1.0, 1.0, 1.0, 1.0, 1.0, 1.0, 1.0, 1.0, 1.0, 1.0, 1.0, 1.0, 1.0]"
b0cc0b26,14,21,2,50.0,False,False,"[1, 1, 1]",12.107543006649378,,,,,,,,,,,5.712370415838957,,0.4718026120329916,,,,11.103187322616577,11.103187322616577,False,,0.0,0.0,,,11.10888671875,2026-07-19 03:52:00,x86_64,dacsgpu0002,,64,64,3.11.15,0.23,False,True,adam,False,hamqaoa,0.001,False,False,hog,False,True,False,False,False,False,False,1,HOG_graphs/random_graphs_8to14vertices_78instances_20260625_143415_AdjacencyList.txt,False,0,32,1,5,1,,69,"[(5, 11), (2, 3), (3, 11), (4, 6), (4, 12), (1, 10), (1, 13), (3, 13), (7, 10), (8, 9), (0, 7), (6, 8), (5, 9), (2, 4), (11, 13), (1, 2), (7, 12), (0, 12), (0, 9), (6, 10), (5, 8)]","[1.0, 1.0, 1.0, 1.0, 1.0, 1.0, 1.0, 1.0, 1.0, 1.0, 1.0, 1.0, 1.0, 1.0, 1.0, 1.0, 1.0, 1.0, 1.0, 1.0, 1.0]"
04157a89,14,28,1,10.0,False,False,"[1, 1, 1]",15.054658730907123,,,,,,,,,,,6.999726621694258,,0.46495418772422,,,,1.119382381439209,1.119382381439209,False,,0.0,0.0,,,1.1287012100219727,2026-07-19 03:52:00,x86_64,dacsgpu0002,,64,64,3.11.15,0.22,False,False,adam,False,hamqaoa,0.001,False,False,hog,False,True,False,False,False,False,False,1,HOG_graphs/random_graphs_8to14vertices_78instances_20260625_143415_AdjacencyList.txt,False,0,32,1,5,1,,74,"[(2, 3), (3, 5), (11, 12), (4, 6), (4, 12), (7, 8), (0, 5), (0, 2), (9, 11), (1, 13), (5, 7), (2, 8), (4, 5), (1, 3), (0, 1), (9, 10), (1, 6), (10, 12), (0, 13), (2, 4), (11, 13), (3, 12), (8, 11), (7, 9), (1, 2), (10, 11), (0, 12), (6, 7)]","[1.0, 1.0, 1.0, 1.0, 1.0, 1.0, 1.0, 1.0, 1.0, 1.0, 1.0, 1.0, 1.0, 1.0, 1.0, 1.0, 1.0, 1.0, 1.0, 1.0, 1.0, 1.0, 1.0, 1.0, 1.0, 1.0, 1.0, 1.0]"
7c2d852c,14,28,2,5.0,False,False,"[1, 1, 1]",15.054658730907123,,,,,,,,,,,6.987770658293491,,0.46416001738701923,,,,1.5137948989868164,1.5137948989868164,False,,0.0,0.0,,,1.520517110824585,2026-07-19 03:52:01,x86_64,dacsgpu0002,,64,64,3.11.15,0.22,False,False,adam,False,hamqaoa,0.001,False,False,hog,False,True,False,False,False,False,False,1,HOG_graphs/random_graphs_8to14vertices_78instances_20260625_143415_AdjacencyList.txt,False,0,32,1,5,1,,74,"[(2, 3), (3, 5), (11, 12), (4, 6), (4, 12), (7, 8), (0, 5), (0, 2), (9, 11), (1, 13), (5, 7), (2, 8), (4, 5), (1, 3), (0, 1), (9, 10), (1, 6), (10, 12), (0, 13), (2, 4), (11, 13), (3, 12), (8, 11), (7, 9), (1, 2), (10, 11), (0, 12), (6, 7)]","[1.0, 1.0, 1.0, 1.0, 1.0, 1.0, 1.0, 1.0, 1.0, 1.0, 1.0, 1.0, 1.0, 1.0, 1.0, 1.0, 1.0, 1.0, 1.0, 1.0, 1.0, 1.0, 1.0, 1.0, 1.0, 1.0, 1.0, 1.0]"
4233a4aa,14,28,1,5.0,False,False,"[1, 1, 1]",14.546821193588992,,,,,,,,,,,7.085151143799141,,0.4870583785632614,,,,0.5478880405426025,0.5478880405426025,False,,0.0,0.0,,,0.5571391582489014,2026-07-19 03:52:01,x86_64,dacsgpu0002,,64,64,3.11.15,0.22,False,False,adam,False,hamqaoa,0.001,False,False,hog,False,True,False,False,False,False,False,1,HOG_graphs/random_graphs_8to14vertices_78instances_20260625_143415_AdjacencyList.txt,False,0,32,1,5,1,,75,"[(2, 3), (3, 5), (11, 12), (4, 6), (7, 8), (0, 5), (8, 10), (10, 13), (1, 10), (0, 2), (0, 8), (12, 13), (5, 10), (6, 9), (4, 5), (3, 10), (8, 9), (1, 3), (9, 10), (10, 12), (6, 8), (2, 4), (2, 10), (11, 13), (7, 9), (0, 12), (6, 7), (6, 13)]","[1.0, 1.0, 1.0, 1.0, 1.0, 1.0, 1.0, 1.0, 1.0, 1.0, 1.0, 1.0, 1.0, 1.0, 1.0, 1.0, 1.0, 1.0, 1.0, 1.0, 1.0, 1.0, 1.0, 1.0, 1.0, 1.0, 1.0, 1.0]"
25592ed4,14,28,1,10.0,False,False,"[1, 1, 1]",14.546821193588992,,,,,,,,,,,7.244660464853876,,0.4980236141244872,,,,1.1218557357788086,1.1218557357788086,False,,0.0,0.0,,,1.1445302963256836,2026-07-19 03:52:02,x86_64,dacsgpu0002,,64,64,3.11.15,0.22,False,False,adam,False,hamqaoa,0.001,False,False,hog,False,True,False,False,False,False,False,1,HOG_graphs/random_graphs_8to14vertices_78instances_20260625_143415_AdjacencyList.txt,False,0,32,1,5,1,,75,"[(2, 3), (3, 5), (11, 12), (4, 6), (7, 8), (0, 5), (8, 10), (10, 13), (1, 10), (0, 2), (0, 8), (12, 13), (5, 10), (6, 9), (4, 5), (3, 10), (8, 9), (1, 3), (9, 10), (10, 12), (6, 8), (2, 4), (2, 10), (11, 13), (7, 9), (0, 12), (6, 7), (6, 13)]","[1.0, 1.0, 1.0, 1.0, 1.0, 1.0, 1.0, 1.0, 1.0, 1.0, 1.0, 1.0, 1.0, 1.0, 1.0, 1.0, 1.0, 1.0, 1.0, 1.0, 1.0, 1.0, 1.0, 1.0, 1.0, 1.0, 1.0, 1.0]"
4169c84b,14,33,2,10.0,False,False,"[1, 1, 1]",14.997074543021862,,,,,,,,,,,8.902103305359043,,0.5935893216921557,,,,3.199486017227173,3.199486017227173,False,,0.0,0.0,,,3.2068004608154297,2026-07-19 03:52:02,x86_64,dacsgpu0002,,64,64,3.11.15,0.22,False,False,adam,False,hamqaoa,0.001,False,False,hog,False,True,False,False,False,False,False,1,HOG_graphs/random_graphs_8to14vertices_78instances_20260625_143415_AdjacencyList.txt,False,0,32,1,5,1,,73,"[(2, 6), (3, 5), (11, 12), (4, 6), (4, 12), (0, 2), (0, 8), (9, 11), (0, 11), (5, 10), (5, 7), (3, 4), (4, 5), (2, 5), (4, 8), (3, 10), (4, 11), (8, 9), (0, 1), (0, 4), (0, 13), (2, 4), (11, 13), (2, 7), (4, 10), (7, 9), (0, 3), (0, 6), (0, 12), (0, 9), (5, 8), (6, 7), (6, 13)]","[1.0, 1.0, 1.0, 1.0, 1.0, 1.0, 1.0, 1.0, 1.0, 1.0, 1.0, 1.0, 1.0, 1.0, 1.0, 1.0, 1.0, 1.0, 1.0, 1.0, 1.0, 1.0, 1.0, 1.0, 1.0, 1.0, 1.0, 1.0, 1.0, 1.0, 1.0, 1.0, 1.0]"
e2e79491,14,33,1,25.0,False,False,"[1, 1, 1]",14.997074543021862,,,,,,,,,,,5.9423262282918925,,0.39623235926748507,,,,3.0533652305603027,3.0533652305603027,False,,0.0,0.0,,,3.063647508621216,2026-07-19 03:52:02,x86_64,dacsgpu0002,,64,64,3.11.15,0.21,False,False,adam,False,hamqaoa,0.001,False,False,hog,False,True,False,False,False,False,False,1,HOG_graphs/random_graphs_8to14vertices_78instances_20260625_143415_AdjacencyList.txt,False,0,32,1,5,1,,73,"[(2, 6), (3, 5), (11, 12), (4, 6), (4, 12), (0, 2), (0, 8), (9, 11), (0, 11), (5, 10), (5, 7), (3, 4), (4, 5), (2, 5), (4, 8), (3, 10), (4, 11), (8, 9), (0, 1), (0, 4), (0, 13), (2, 4), (11, 13), (2, 7), (4, 10), (7, 9), (0, 3), (0, 6), (0, 12), (0, 9), (5, 8), (6, 7), (6, 13)]","[1.0, 1.0, 1.0, 1.0, 1.0, 1.0, 1.0, 1.0, 1.0, 1.0, 1.0, 1.0, 1.0, 1.0, 1.0, 1.0, 1.0, 1.0, 1.0, 1.0, 1.0, 1.0, 1.0, 1.0, 1.0, 1.0, 1.0, 1.0, 1.0, 1.0, 1.0, 1.0, 1.0]"
31fcaf76,14,28,2,5.0,False,False,"[1, 1, 1]",14.546821193588992,,,,,,,,,,,6.274991482953227,,0.4313651346535223,,,,1.5638432502746582,1.5638432502746582,False,,0.0,0.0,,,1.5732014179229736,2026-07-19 03:52:02,x86_64,dacsgpu0002,,64,64,3.11.15,0.22,False,False,adam,False,hamqaoa,0.001,False,False,hog,False,True,False,False,False,False,False,1,HOG_graphs/random_graphs_8to14vertices_78instances_20260625_143415_AdjacencyList.txt,False,0,32,1,5,1,,75,"[(2, 3), (3, 5), (11, 12), (4, 6), (7, 8), (0, 5), (8, 10), (10, 13), (1, 10), (0, 2), (0, 8), (12, 13), (5, 10), (6, 9), (4, 5), (3, 10), (8, 9), (1, 3), (9, 10), (10, 12), (6, 8), (2, 4), (2, 10), (11, 13), (7, 9), (0, 12), (6, 7), (6, 13)]","[1.0, 1.0, 1.0, 1.0, 1.0, 1.0, 1.0, 1.0, 1.0, 1.0, 1.0, 1.0, 1.0, 1.0, 1.0, 1.0, 1.0, 1.0, 1.0, 1.0, 1.0, 1.0, 1.0, 1.0, 1.0, 1.0, 1.0, 1.0]"
986beace,14,42,1,5.0,False,False,"[1, 1, 1]",18.54692541091654,,,,,,,,,,,10.501316256710679,,0.566202538914062,,,,0.7283105850219727,0.7283105850219727,False,,0.0,0.0,,,0.7372817993164062,2026-07-19 03:52:02,x86_64,dacsgpu0002,,64,64,3.11.15,0.21,False,False,adam,False,hamqaoa,0.001,False,False,hog,False,True,False,False,False,False,False,1,HOG_graphs/random_graphs_8to14vertices_78instances_20260625_143415_AdjacencyList.txt,False,0,32,1,5,1,,76,"[(3, 5), (11, 12), (4, 6), (2, 12), (7, 8), (8, 13), (8, 10), (1, 4), (9, 11), (0, 8), (10, 13), (12, 13), (5, 10), (6, 9), (5, 7), (3, 4), (4, 5), (2, 5), (2, 11), (4, 8), (3, 10), (7, 10), (1, 3), (0, 1), (9, 10), (0, 10), (0, 13), (1, 12), (6, 8), (3, 6), (2, 4), (11, 13), (2, 7), (2, 13), (4, 7), (8, 11), (9, 12), (1, 2), (10, 11), (0, 6), (0, 12), (5, 8)]","[1.0, 1.0, 1.0, 1.0, 1.0, 1.0, 1.0, 1.0, 1.0, 1.0, 1.0, 1.0, 1.0, 1.0, 1.0, 1.0, 1.0, 1.0, 1.0, 1.0, 1.0, 1.0, 1.0, 1.0, 1.0, 1.0, 1.0, 1.0, 1.0, 1.0, 1.0, 1.0, 1.0, 1.0, 1.0, 1.0, 1.0, 1.0, 1.0, 1.0, 1.0, 1.0]"
8318f590,14,28,2,10.0,False,False,"[1, 1, 1]",15.054658730907123,,,,,,,,,,,6.5814985177876855,,0.43717354444414663,,,,3.120830535888672,3.120830535888672,False,,0.0,0.0,,,3.129370927810669,2026-07-19 03:52:02,x86_64,dacsgpu0002,,64,64,3.11.15,0.23,False,False,adam,False,hamqaoa,0.001,False,False,hog,False,True,False,False,False,False,False,1,HOG_graphs/random_graphs_8to14vertices_78instances_20260625_143415_AdjacencyList.txt,False,0,32,1,5,1,,74,"[(2, 3), (3, 5), (11, 12), (4, 6), (4, 12), (7, 8), (0, 5), (0, 2), (9, 11), (1, 13), (5, 7), (2, 8), (4, 5), (1, 3), (0, 1), (9, 10), (1, 6), (10, 12), (0, 13), (2, 4), (11, 13), (3, 12), (8, 11), (7, 9), (1, 2), (10, 11), (0, 12), (6, 7)]","[1.0, 1.0, 1.0, 1.0, 1.0, 1.0, 1.0, 1.0, 1.0, 1.0, 1.0, 1.0, 1.0, 1.0, 1.0, 1.0, 1.0, 1.0, 1.0, 1.0, 1.0, 1.0, 1.0, 1.0, 1.0, 1.0, 1.0, 1.0]"
7139936c,14,28,1,25.0,False,False,"[1, 1, 1]",15.054658730907123,,,,,,,,,,,6.616163330079607,,0.4394761414615573,,,,3.0513110160827637,3.0513110160827637,False,,0.0,0.0,,,3.0585854053497314,2026-07-19 03:52:03,x86_64,dacsgpu0002,,64,64,3.11.15,0.22,False,False,adam,False,hamqaoa,0.001,False,False,hog,False,True,False,False,False,False,False,1,HOG_graphs/random_graphs_8to14vertices_78instances_20260625_143415_AdjacencyList.txt,False,0,32,1,5,1,,74,"[(2, 3), (3, 5), (11, 12), (4, 6), (4, 12), (7, 8), (0, 5), (0, 2), (9, 11), (1, 13), (5, 7), (2, 8), (4, 5), (1, 3), (0, 1), (9, 10), (1, 6), (10, 12), (0, 13), (2, 4), (11, 13), (3, 12), (8, 11), (7, 9), (1, 2), (10, 11), (0, 12), (6, 7)]","[1.0, 1.0, 1.0, 1.0, 1.0, 1.0, 1.0, 1.0, 1.0, 1.0, 1.0, 1.0, 1.0, 1.0, 1.0, 1.0, 1.0, 1.0, 1.0, 1.0, 1.0, 1.0, 1.0, 1.0, 1.0, 1.0, 1.0, 1.0]"
1f04ab5e,14,24,1,50.0,False,False,"[1, 1, 1]",12.41027208807876,,,,,,,,,,,6.518817820197613,,0.5252759789577502,,,,4.986914157867432,4.986914157867432,False,,0.0,0.0,,,4.9940760135650635,2026-07-19 03:52:03,x86_64,dacsgpu0002,,64,64,3.11.15,0.22,False,False,adam,False,hamqaoa,0.001,False,False,hog,False,True,False,False,False,False,False,1,HOG_graphs/random_graphs_8to14vertices_78instances_20260625_143415_AdjacencyList.txt,False,0,32,1,5,1,,72,"[(3, 8), (3, 5), (4, 12), (7, 8), (7, 11), (0, 5), (8, 10), (1, 4), (0, 2), (3, 7), (3, 10), (1, 3), (0, 1), (7, 13), (0, 4), (1, 9), (0, 13), (5, 6), (6, 11), (5, 9), (3, 6), (0, 3), (0, 12), (6, 7)]","[1.0, 1.0, 1.0, 1.0, 1.0, 1.0, 1.0, 1.0, 1.0, 1.0, 1.0, 1.0, 1.0, 1.0, 1.0, 1.0, 1.0, 1.0, 1.0, 1.0, 1.0, 1.0, 1.0, 1.0]"
daa4539d,14,28,2,50.0,False,False,"[1, 1, 1]",14.382823791568981,,,,,,,,,,,6.992907184099966,,0.4861984882411696,,,,13.042139291763306,13.042139291763306,False,,0.0,0.0,,,13.049662113189697,2026-07-19 03:52:03,x86_64,dacsgpu0002,,64,64,3.11.15,0.23,False,False,adam,False,hamqaoa,0.001,False,False,hog,False,True,False,False,False,False,False,1,HOG_graphs/random_graphs_8to14vertices_78instances_20260625_143415_AdjacencyList.txt,False,0,32,1,5,1,,70,"[(3, 8), (2, 6), (3, 5), (11, 12), (4, 12), (7, 8), (8, 13), (0, 2), (12, 13), (6, 12), (4, 5), (3, 7), (4, 11), (7, 10), (8, 9), (7, 13), (0, 1), (5, 9), (2, 10), (3, 9), (4, 13), (1, 2), (10, 11), (0, 6), (1, 5), (1, 11), (0, 9), (6, 10)]","[1.0, 1.0, 1.0, 1.0, 1.0, 1.0, 1.0, 1.0, 1.0, 1.0, 1.0, 1.0, 1.0, 1.0, 1.0, 1.0, 1.0, 1.0, 1.0, 1.0, 1.0, 1.0, 1.0, 1.0, 1.0, 1.0, 1.0, 1.0]"
994bd3a3,14,42,1,10.0,False,False,"[1, 1, 1]",18.54692541091654,,,,,,,,,,,10.41068964700804,,0.561316197501954,,,,1.3129761219024658,1.3129761219024658,False,,0.0,0.0,,,1.3264286518096924,2026-07-19 03:52:03,x86_64,dacsgpu0002,,64,64,3.11.15,0.22,False,False,adam,False,hamqaoa,0.001,False,False,hog,False,True,False,False,False,False,False,1,HOG_graphs/random_graphs_8to14vertices_78instances_20260625_143415_AdjacencyList.txt,False,0,32,1,5,1,,76,"[(3, 5), (11, 12), (4, 6), (2, 12), (7, 8), (8, 13), (8, 10), (1, 4), (9, 11), (0, 8), (10, 13), (12, 13), (5, 10), (6, 9), (5, 7), (3, 4), (4, 5), (2, 5), (2, 11), (4, 8), (3, 10), (7, 10), (1, 3), (0, 1), (9, 10), (0, 10), (0, 13), (1, 12), (6, 8), (3, 6), (2, 4), (11, 13), (2, 7), (2, 13), (4, 7), (8, 11), (9, 12), (1, 2), (10, 11), (0, 6), (0, 12), (5, 8)]","[1.0, 1.0, 1.0, 1.0, 1.0, 1.0, 1.0, 1.0, 1.0, 1.0, 1.0, 1.0, 1.0, 1.0, 1.0, 1.0, 1.0, 1.0, 1.0, 1.0, 1.0, 1.0, 1.0, 1.0, 1.0, 1.0, 1.0, 1.0, 1.0, 1.0, 1.0, 1.0, 1.0, 1.0, 1.0, 1.0, 1.0, 1.0, 1.0, 1.0, 1.0, 1.0]"
8580e198,14,28,1,25.0,False,False,"[1, 1, 1]",14.546821193588992,,,,,,,,,,,6.880998417539616,,0.4730241972433248,,,,2.894394874572754,2.894394874572754,False,,0.0,0.0,,,2.905946969985962,2026-07-19 03:52:04,x86_64,dacsgpu0002,,64,64,3.11.15,0.22,False,False,adam,False,hamqaoa,0.001,False,False,hog,False,True,False,False,False,False,False,1,HOG_graphs/random_graphs_8to14vertices_78instances_20260625_143415_AdjacencyList.txt,False,0,32,1,5,1,,75,"[(2, 3), (3, 5), (11, 12), (4, 6), (7, 8), (0, 5), (8, 10), (10, 13), (1, 10), (0, 2), (0, 8), (12, 13), (5, 10), (6, 9), (4, 5), (3, 10), (8, 9), (1, 3), (9, 10), (10, 12), (6, 8), (2, 4), (2, 10), (11, 13), (7, 9), (0, 12), (6, 7), (6, 13)]","[1.0, 1.0, 1.0, 1.0, 1.0, 1.0, 1.0, 1.0, 1.0, 1.0, 1.0, 1.0, 1.0, 1.0, 1.0, 1.0, 1.0, 1.0, 1.0, 1.0, 1.0, 1.0, 1.0, 1.0, 1.0, 1.0, 1.0, 1.0]"
8d51302c,14,28,2,10.0,False,False,"[1, 1, 1]",14.546821193588992,,,,,,,,,,,6.998477899609907,,0.4811001528426186,,,,3.0405919551849365,3.0405919551849365,False,,0.0,0.0,,,3.057792901992798,2026-07-19 03:52:04,x86_64,dacsgpu0002,,64,64,3.11.15,0.22,False,False,adam,False,hamqaoa,0.001,False,False,hog,False,True,False,False,False,False,False,1,HOG_graphs/random_graphs_8to14vertices_78instances_20260625_143415_AdjacencyList.txt,False,0,32,1,5,1,,75,"[(2, 3), (3, 5), (11, 12), (4, 6), (7, 8), (0, 5), (8, 10), (10, 13), (1, 10), (0, 2), (0, 8), (12, 13), (5, 10), (6, 9), (4, 5), (3, 10), (8, 9), (1, 3), (9, 10), (10, 12), (6, 8), (2, 4), (2, 10), (11, 13), (7, 9), (0, 12), (6, 7), (6, 13)]","[1.0, 1.0, 1.0, 1.0, 1.0, 1.0, 1.0, 1.0, 1.0, 1.0, 1.0, 1.0, 1.0, 1.0, 1.0, 1.0, 1.0, 1.0, 1.0, 1.0, 1.0, 1.0, 1.0, 1.0, 1.0, 1.0, 1.0, 1.0]"
17f3ecba,14,42,2,5.0,False,False,"[1, 1, 1]",18.54692541091654,,,,,,,,,,,10.197674037607975,,0.5498309726099251,,,,1.868349313735962,1.868349313735962,False,,0.0,0.0,,,1.8833749294281006,2026-07-19 03:52:04,x86_64,dacsgpu0002,,64,64,3.11.15,0.22,False,False,adam,False,hamqaoa,0.001,False,False,hog,False,True,False,False,False,False,False,1,HOG_graphs/random_graphs_8to14vertices_78instances_20260625_143415_AdjacencyList.txt,False,0,32,1,5,1,,76,"[(3, 5), (11, 12), (4, 6), (2, 12), (7, 8), (8, 13), (8, 10), (1, 4), (9, 11), (0, 8), (10, 13), (12, 13), (5, 10), (6, 9), (5, 7), (3, 4), (4, 5), (2, 5), (2, 11), (4, 8), (3, 10), (7, 10), (1, 3), (0, 1), (9, 10), (0, 10), (0, 13), (1, 12), (6, 8), (3, 6), (2, 4), (11, 13), (2, 7), (2, 13), (4, 7), (8, 11), (9, 12), (1, 2), (10, 11), (0, 6), (0, 12), (5, 8)]","[1.0, 1.0, 1.0, 1.0, 1.0, 1.0, 1.0, 1.0, 1.0, 1.0, 1.0, 1.0, 1.0, 1.0, 1.0, 1.0, 1.0, 1.0, 1.0, 1.0, 1.0, 1.0, 1.0, 1.0, 1.0, 1.0, 1.0, 1.0, 1.0, 1.0, 1.0, 1.0, 1.0, 1.0, 1.0, 1.0, 1.0, 1.0, 1.0, 1.0, 1.0, 1.0]"
45f42896,14,42,1,5.0,False,False,"[1, 1, 1]",18.503957255310794,,,,,,,,,,,10.48316737025085,,0.5665365103046859,,,,0.642981767654419,0.642981767654419,False,,0.0,0.0,,,0.6503207683563232,2026-07-19 03:52:04,x86_64,dacsgpu0002,,64,64,3.11.15,0.21,False,False,adam,False,hamqaoa,0.001,False,False,hog,False,True,False,False,False,False,False,1,HOG_graphs/random_graphs_8to14vertices_78instances_20260625_143415_AdjacencyList.txt,False,0,32,1,5,1,,77,"[(2, 3), (3, 5), (3, 11), (2, 9), (4, 6), (4, 12), (8, 10), (1, 4), (0, 2), (9, 11), (10, 13), (1, 7), (0, 11), (12, 13), (5, 10), (5, 7), (6, 12), (3, 4), (2, 8), (4, 5), (3, 7), (3, 13), (2, 11), (7, 10), (8, 9), (0, 1), (9, 13), (10, 12), (1, 12), (5, 9), (11, 13), (4, 10), (3, 12), (4, 7), (8, 11), (7, 9), (0, 3), (1, 2), (10, 11), (1, 5), (6, 10), (6, 7)]","[1.0, 1.0, 1.0, 1.0, 1.0, 1.0, 1.0, 1.0, 1.0, 1.0, 1.0, 1.0, 1.0, 1.0, 1.0, 1.0, 1.0, 1.0, 1.0, 1.0, 1.0, 1.0, 1.0, 1.0, 1.0, 1.0, 1.0, 1.0, 1.0, 1.0, 1.0, 1.0, 1.0, 1.0, 1.0, 1.0, 1.0, 1.0, 1.0, 1.0, 1.0, 1.0]"
b027085f,14,66,2,50.0,False,False,"[1, 1, 1]",24.9091276381742,,,,,,,,,,,14.71551179158995,,0.590767850458073,,,,21.51288652420044,21.51288652420044,False,,0.0,0.0,,,21.523622512817383,2026-07-19 03:52:05,x86_64,dacsgpu0002,,64,64,3.11.15,0.23,False,False,adam,False,hamqaoa,0.001,False,False,hog,False,True,False,False,False,False,False,1,HOG_graphs/random_graphs_8to14vertices_78instances_20260625_143415_AdjacencyList.txt,False,0,32,1,5,1,,68,"[(5, 11), (2, 3), (3, 8), (2, 6), (3, 5), (3, 11), (11, 12), (4, 6), (4, 12), (4, 9), (7, 8), (8, 13), (7, 11), (0, 5), (8, 10), (1, 4), (0, 2), (0, 8), (1, 10), (1, 7), (9, 11), (0, 11), (12, 13), (5, 7), (5, 13), (6, 12), (4, 5), (3, 7), (3, 13), (4, 8), (4, 11), (7, 10), (1, 3), (0, 1), (7, 13), (8, 12), (1, 6), (0, 4), (9, 10), (1, 9), (0, 7), (0, 13), (1, 12), (6, 8), (5, 6), (5, 12), (6, 11), (3, 6), (11, 13), (2, 10), (3, 9), (2, 13), (4, 10), (3, 12), (4, 13), (8, 11), (0, 3), (1, 2), (1, 8), (0, 6), (7, 12), (1, 5), (0, 9), (6, 10), (5, 8), (6, 7)]","[1.0, 1.0, 1.0, 1.0, 1.0, 1.0, 1.0, 1.0, 1.0, 1.0, 1.0, 1.0, 1.0, 1.0, 1.0, 1.0, 1.0, 1.0, 1.0, 1.0, 1.0, 1.0, 1.0, 1.0, 1.0, 1.0, 1.0, 1.0, 1.0, 1.0, 1.0, 1.0, 1.0, 1.0, 1.0, 1.0, 1.0, 1.0, 1.0, 1.0, 1.0, 1.0, 1.0, 1.0, 1.0, 1.0, 1.0, 1.0, 1.0, 1.0, 1.0, 1.0, 1.0, 1.0, 1.0, 1.0, 1.0, 1.0, 1.0, 1.0, 1.0, 1.0, 1.0, 1.0, 1.0, 1.0]"
60610953,14,33,1,50.0,False,False,"[1, 1, 1]",14.997074543021862,,,,,,,,,,,8.296004564615348,,0.5531748569240444,,,,5.762740135192871,5.762740135192871,False,,0.0,0.0,,,5.769895553588867,2026-07-19 03:52:05,x86_64,dacsgpu0002,,64,64,3.11.15,0.22,False,False,adam,False,hamqaoa,0.001,False,False,hog,False,True,False,False,False,False,False,1,HOG_graphs/random_graphs_8to14vertices_78instances_20260625_143415_AdjacencyList.txt,False,0,32,1,5,1,,73,"[(2, 6), (3, 5), (11, 12), (4, 6), (4, 12), (0, 2), (0, 8), (9, 11), (0, 11), (5, 10), (5, 7), (3, 4), (4, 5), (2, 5), (4, 8), (3, 10), (4, 11), (8, 9), (0, 1), (0, 4), (0, 13), (2, 4), (11, 13), (2, 7), (4, 10), (7, 9), (0, 3), (0, 6), (0, 12), (0, 9), (5, 8), (6, 7), (6, 13)]","[1.0, 1.0, 1.0, 1.0, 1.0, 1.0, 1.0, 1.0, 1.0, 1.0, 1.0, 1.0, 1.0, 1.0, 1.0, 1.0, 1.0, 1.0, 1.0, 1.0, 1.0, 1.0, 1.0, 1.0, 1.0, 1.0, 1.0, 1.0, 1.0, 1.0, 1.0, 1.0, 1.0]"
71cc92bf,14,42,2,5.0,False,False,"[1, 1, 1]",18.503957255310794,,,,,,,,,,,10.546678539966425,,0.5699688123165891,,,,1.6198129653930664,1.6198129653930664,False,,0.0,0.0,,,1.630082607269287,2026-07-19 03:52:05,x86_64,dacsgpu0002,,64,64,3.11.15,0.22,False,False,adam,False,hamqaoa,0.001,False,False,hog,False,True,False,False,False,False,False,1,HOG_graphs/random_graphs_8to14vertices_78instances_20260625_143415_AdjacencyList.txt,False,0,32,1,5,1,,77,"[(2, 3), (3, 5), (3, 11), (2, 9), (4, 6), (4, 12), (8, 10), (1, 4), (0, 2), (9, 11), (10, 13), (1, 7), (0, 11), (12, 13), (5, 10), (5, 7), (6, 12), (3, 4), (2, 8), (4, 5), (3, 7), (3, 13), (2, 11), (7, 10), (8, 9), (0, 1), (9, 13), (10, 12), (1, 12), (5, 9), (11, 13), (4, 10), (3, 12), (4, 7), (8, 11), (7, 9), (0, 3), (1, 2), (10, 11), (1, 5), (6, 10), (6, 7)]","[1.0, 1.0, 1.0, 1.0, 1.0, 1.0, 1.0, 1.0, 1.0, 1.0, 1.0, 1.0, 1.0, 1.0, 1.0, 1.0, 1.0, 1.0, 1.0, 1.0, 1.0, 1.0, 1.0, 1.0, 1.0, 1.0, 1.0, 1.0, 1.0, 1.0, 1.0, 1.0, 1.0, 1.0, 1.0, 1.0, 1.0, 1.0, 1.0, 1.0, 1.0, 1.0]"
a2c20bf5,14,28,1,50.0,False,False,"[1, 1, 1]",15.054658730907123,,,,,,,,,,,6.733086095727236,,0.4472426918522073,,,,5.399316787719727,5.399316787719727,False,,0.0,0.0,,,5.40708065032959,2026-07-19 03:52:05,x86_64,dacsgpu0002,,64,64,3.11.15,0.22,False,False,adam,False,hamqaoa,0.001,False,False,hog,False,True,False,False,False,False,False,1,HOG_graphs/random_graphs_8to14vertices_78instances_20260625_143415_AdjacencyList.txt,False,0,32,1,5,1,,74,"[(2, 3), (3, 5), (11, 12), (4, 6), (4, 12), (7, 8), (0, 5), (0, 2), (9, 11), (1, 13), (5, 7), (2, 8), (4, 5), (1, 3), (0, 1), (9, 10), (1, 6), (10, 12), (0, 13), (2, 4), (11, 13), (3, 12), (8, 11), (7, 9), (1, 2), (10, 11), (0, 12), (6, 7)]","[1.0, 1.0, 1.0, 1.0, 1.0, 1.0, 1.0, 1.0, 1.0, 1.0, 1.0, 1.0, 1.0, 1.0, 1.0, 1.0, 1.0, 1.0, 1.0, 1.0, 1.0, 1.0, 1.0, 1.0, 1.0, 1.0, 1.0, 1.0]"
85b459f7,14,42,1,25.0,False,False,"[1, 1, 1]",18.54692541091654,,,,,,,,,,,8.160462084796697,,0.4399900201244961,,,,3.1750099658966064,3.1750099658966064,False,,0.0,0.0,,,3.1817989349365234,2026-07-19 03:52:06,x86_64,dacsgpu0002,,64,64,3.11.15,0.22,False,False,adam,False,hamqaoa,0.001,False,False,hog,False,True,False,False,False,False,False,1,HOG_graphs/random_graphs_8to14vertices_78instances_20260625_143415_AdjacencyList.txt,False,0,32,1,5,1,,76,"[(3, 5), (11, 12), (4, 6), (2, 12), (7, 8), (8, 13), (8, 10), (1, 4), (9, 11), (0, 8), (10, 13), (12, 13), (5, 10), (6, 9), (5, 7), (3, 4), (4, 5), (2, 5), (2, 11), (4, 8), (3, 10), (7, 10), (1, 3), (0, 1), (9, 10), (0, 10), (0, 13), (1, 12), (6, 8), (3, 6), (2, 4), (11, 13), (2, 7), (2, 13), (4, 7), (8, 11), (9, 12), (1, 2), (10, 11), (0, 6), (0, 12), (5, 8)]","[1.0, 1.0, 1.0, 1.0, 1.0, 1.0, 1.0, 1.0, 1.0, 1.0, 1.0, 1.0, 1.0, 1.0, 1.0, 1.0, 1.0, 1.0, 1.0, 1.0, 1.0, 1.0, 1.0, 1.0, 1.0, 1.0, 1.0, 1.0, 1.0, 1.0, 1.0, 1.0, 1.0, 1.0, 1.0, 1.0, 1.0, 1.0, 1.0, 1.0, 1.0, 1.0]"
bd1cd0a5,14,42,2,10.0,False,False,"[1, 1, 1]",18.54692541091654,,,,,,,,,,,10.288274749059704,,0.5547159176584667,,,,3.5366098880767822,3.5366098880767822,False,,0.0,0.0,,,3.543520212173462,2026-07-19 03:52:06,x86_64,dacsgpu0002,,64,64,3.11.15,0.23,False,False,adam,False,hamqaoa,0.001,False,False,hog,False,True,False,False,False,False,False,1,HOG_graphs/random_graphs_8to14vertices_78instances_20260625_143415_AdjacencyList.txt,False,0,32,1,5,1,,76,"[(3, 5), (11, 12), (4, 6), (2, 12), (7, 8), (8, 13), (8, 10), (1, 4), (9, 11), (0, 8), (10, 13), (12, 13), (5, 10), (6, 9), (5, 7), (3, 4), (4, 5), (2, 5), (2, 11), (4, 8), (3, 10), (7, 10), (1, 3), (0, 1), (9, 10), (0, 10), (0, 13), (1, 12), (6, 8), (3, 6), (2, 4), (11, 13), (2, 7), (2, 13), (4, 7), (8, 11), (9, 12), (1, 2), (10, 11), (0, 6), (0, 12), (5, 8)]","[1.0, 1.0, 1.0, 1.0, 1.0, 1.0, 1.0, 1.0, 1.0, 1.0, 1.0, 1.0, 1.0, 1.0, 1.0, 1.0, 1.0, 1.0, 1.0, 1.0, 1.0, 1.0, 1.0, 1.0, 1.0, 1.0, 1.0, 1.0, 1.0, 1.0, 1.0, 1.0, 1.0, 1.0, 1.0, 1.0, 1.0, 1.0, 1.0, 1.0, 1.0, 1.0]"
58d5bf03,14,35,2,50.0,False,False,"[1, 1, 1]",17.142846671255334,,,,,,,,,,,8.215999249708261,,0.47926691565669943,,,,14.370821714401245,14.370821714401245,False,,0.0,0.0,,,14.378306865692139,2026-07-19 03:52:06,x86_64,dacsgpu0002,,64,64,3.11.15,0.23,False,False,adam,False,hamqaoa,0.001,False,False,hog,False,True,False,False,False,False,False,1,HOG_graphs/random_graphs_8to14vertices_78instances_20260625_143415_AdjacencyList.txt,False,0,32,1,5,1,,71,"[(3, 8), (2, 6), (3, 11), (2, 9), (4, 9), (7, 11), (8, 10), (1, 4), (9, 11), (10, 13), (0, 11), (5, 10), (6, 12), (4, 5), (3, 7), (3, 13), (2, 5), (7, 10), (1, 3), (0, 1), (8, 12), (0, 4), (1, 9), (5, 6), (11, 13), (2, 7), (2, 13), (4, 10), (9, 12), (7, 12), (1, 8), (0, 6), (0, 12), (5, 8), (6, 13)]","[1.0, 1.0, 1.0, 1.0, 1.0, 1.0, 1.0, 1.0, 1.0, 1.0, 1.0, 1.0, 1.0, 1.0, 1.0, 1.0, 1.0, 1.0, 1.0, 1.0, 1.0, 1.0, 1.0, 1.0, 1.0, 1.0, 1.0, 1.0, 1.0, 1.0, 1.0, 1.0, 1.0, 1.0, 1.0]"
77fb1f50,14,28,1,50.0,False,False,"[1, 1, 1]",14.546821193588992,,,,,,,,,,,3.8568984928350454,,0.26513685990275593,,,,4.961231470108032,4.961231470108032,False,,0.0,0.0,,,4.970372676849365,2026-07-19 03:52:06,x86_64,dacsgpu0002,,64,64,3.11.15,0.22,False,False,adam,False,hamqaoa,0.001,False,False,hog,False,True,False,False,False,False,False,1,HOG_graphs/random_graphs_8to14vertices_78instances_20260625_143415_AdjacencyList.txt,False,0,32,1,5,1,,75,"[(2, 3), (3, 5), (11, 12), (4, 6), (7, 8), (0, 5), (8, 10), (10, 13), (1, 10), (0, 2), (0, 8), (12, 13), (5, 10), (6, 9), (4, 5), (3, 10), (8, 9), (1, 3), (9, 10), (10, 12), (6, 8), (2, 4), (2, 10), (11, 13), (7, 9), (0, 12), (6, 7), (6, 13)]","[1.0, 1.0, 1.0, 1.0, 1.0, 1.0, 1.0, 1.0, 1.0, 1.0, 1.0, 1.0, 1.0, 1.0, 1.0, 1.0, 1.0, 1.0, 1.0, 1.0, 1.0, 1.0, 1.0, 1.0, 1.0, 1.0, 1.0, 1.0]"
ebbfd7c6,14,33,2,25.0,False,False,"[1, 1, 1]",14.997074543021862,,,,,,,,,,,8.096046392571699,,0.5398417117516289,,,,7.593215703964233,7.593215703964233,False,,0.0,0.0,,,7.599998950958252,2026-07-19 03:52:06,x86_64,dacsgpu0002,,64,64,3.11.15,0.22,False,False,adam,False,hamqaoa,0.001,False,False,hog,False,True,False,False,False,False,False,1,HOG_graphs/random_graphs_8to14vertices_78instances_20260625_143415_AdjacencyList.txt,False,0,32,1,5,1,,73,"[(2, 6), (3, 5), (11, 12), (4, 6), (4, 12), (0, 2), (0, 8), (9, 11), (0, 11), (5, 10), (5, 7), (3, 4), (4, 5), (2, 5), (4, 8), (3, 10), (4, 11), (8, 9), (0, 1), (0, 4), (0, 13), (2, 4), (11, 13), (2, 7), (4, 10), (7, 9), (0, 3), (0, 6), (0, 12), (0, 9), (5, 8), (6, 7), (6, 13)]","[1.0, 1.0, 1.0, 1.0, 1.0, 1.0, 1.0, 1.0, 1.0, 1.0, 1.0, 1.0, 1.0, 1.0, 1.0, 1.0, 1.0, 1.0, 1.0, 1.0, 1.0, 1.0, 1.0, 1.0, 1.0, 1.0, 1.0, 1.0, 1.0, 1.0, 1.0, 1.0, 1.0]"
b5aac9a9,14,28,2,25.0,False,False,"[1, 1, 1]",15.054658730907123,,,,,,,,,,,6.614993275066584,,0.43939842100080573,,,,6.826889991760254,6.826889991760254,False,,0.0,0.0,,,6.8432722091674805,2026-07-19 03:52:07,x86_64,dacsgpu0002,,64,64,3.11.15,0.22,False,False,adam,False,hamqaoa,0.001,False,False,hog,False,True,False,False,False,False,False,1,HOG_graphs/random_graphs_8to14vertices_78instances_20260625_143415_AdjacencyList.txt,False,0,32,1,5,1,,74,"[(2, 3), (3, 5), (11, 12), (4, 6), (4, 12), (7, 8), (0, 5), (0, 2), (9, 11), (1, 13), (5, 7), (2, 8), (4, 5), (1, 3), (0, 1), (9, 10), (1, 6), (10, 12), (0, 13), (2, 4), (11, 13), (3, 12), (8, 11), (7, 9), (1, 2), (10, 11), (0, 12), (6, 7)]","[1.0, 1.0, 1.0, 1.0, 1.0, 1.0, 1.0, 1.0, 1.0, 1.0, 1.0, 1.0, 1.0, 1.0, 1.0, 1.0, 1.0, 1.0, 1.0, 1.0, 1.0, 1.0, 1.0, 1.0, 1.0, 1.0, 1.0, 1.0]"
0a3f4426,14,28,2,25.0,False,False,"[1, 1, 1]",14.546821193588992,,,,,,,,,,,7.0063316594894545,,0.4816400481073661,,,,6.440434694290161,6.440434694290161,False,,0.0,0.0,,,6.448657989501953,2026-07-19 03:52:07,x86_64,dacsgpu0002,,64,64,3.11.15,0.23,False,False,adam,False,hamqaoa,0.001,False,False,hog,False,True,False,False,False,False,False,1,HOG_graphs/random_graphs_8to14vertices_78instances_20260625_143415_AdjacencyList.txt,False,0,32,1,5,1,,75,"[(2, 3), (3, 5), (11, 12), (4, 6), (7, 8), (0, 5), (8, 10), (10, 13), (1, 10), (0, 2), (0, 8), (12, 13), (5, 10), (6, 9), (4, 5), (3, 10), (8, 9), (1, 3), (9, 10), (10, 12), (6, 8), (2, 4), (2, 10), (11, 13), (7, 9), (0, 12), (6, 7), (6, 13)]","[1.0, 1.0, 1.0, 1.0, 1.0, 1.0, 1.0, 1.0, 1.0, 1.0, 1.0, 1.0, 1.0, 1.0, 1.0, 1.0, 1.0, 1.0, 1.0, 1.0, 1.0, 1.0, 1.0, 1.0, 1.0, 1.0, 1.0, 1.0]"
8580afa0,14,42,1,50.0,False,False,"[1, 1, 1]",18.54692541091654,,,,,,,,,,,10.496800175236448,,0.5659590440288358,,,,5.425739526748657,5.425739526748657,False,,0.0,0.0,,,5.435007810592651,2026-07-19 03:52:08,x86_64,dacsgpu0002,,64,64,3.11.15,0.22,False,False,adam,False,hamqaoa,0.001,False,False,hog,False,True,False,False,False,False,False,1,HOG_graphs/random_graphs_8to14vertices_78instances_20260625_143415_AdjacencyList.txt,False,0,32,1,5,1,,76,"[(3, 5), (11, 12), (4, 6), (2, 12), (7, 8), (8, 13), (8, 10), (1, 4), (9, 11), (0, 8), (10, 13), (12, 13), (5, 10), (6, 9), (5, 7), (3, 4), (4, 5), (2, 5), (2, 11), (4, 8), (3, 10), (7, 10), (1, 3), (0, 1), (9, 10), (0, 10), (0, 13), (1, 12), (6, 8), (3, 6), (2, 4), (11, 13), (2, 7), (2, 13), (4, 7), (8, 11), (9, 12), (1, 2), (10, 11), (0, 6), (0, 12), (5, 8)]","[1.0, 1.0, 1.0, 1.0, 1.0, 1.0, 1.0, 1.0, 1.0, 1.0, 1.0, 1.0, 1.0, 1.0, 1.0, 1.0, 1.0, 1.0, 1.0, 1.0, 1.0, 1.0, 1.0, 1.0, 1.0, 1.0, 1.0, 1.0, 1.0, 1.0, 1.0, 1.0, 1.0, 1.0, 1.0, 1.0, 1.0, 1.0, 1.0, 1.0, 1.0, 1.0]"
d73d367c,14,42,1,10.0,False,False,"[1, 1, 1]",18.503957255310794,,,,,,,,,,,10.443858933089892,,0.5644121843230272,,,,1.0194497108459473,1.0194497108459473,False,,0.0,0.0,,,1.0277183055877686,2026-07-19 03:52:09,x86_64,dacsgpu0002,,64,64,3.11.15,0.22,False,False,adam,False,hamqaoa,0.001,False,False,hog,False,True,False,False,False,False,False,1,HOG_graphs/random_graphs_8to14vertices_78instances_20260625_143415_AdjacencyList.txt,False,0,32,1,5,1,,77,"[(2, 3), (3, 5), (3, 11), (2, 9), (4, 6), (4, 12), (8, 10), (1, 4), (0, 2), (9, 11), (10, 13), (1, 7), (0, 11), (12, 13), (5, 10), (5, 7), (6, 12), (3, 4), (2, 8), (4, 5), (3, 7), (3, 13), (2, 11), (7, 10), (8, 9), (0, 1), (9, 13), (10, 12), (1, 12), (5, 9), (11, 13), (4, 10), (3, 12), (4, 7), (8, 11), (7, 9), (0, 3), (1, 2), (10, 11), (1, 5), (6, 10), (6, 7)]","[1.0, 1.0, 1.0, 1.0, 1.0, 1.0, 1.0, 1.0, 1.0, 1.0, 1.0, 1.0, 1.0, 1.0, 1.0, 1.0, 1.0, 1.0, 1.0, 1.0, 1.0, 1.0, 1.0, 1.0, 1.0, 1.0, 1.0, 1.0, 1.0, 1.0, 1.0, 1.0, 1.0, 1.0, 1.0, 1.0, 1.0, 1.0, 1.0, 1.0, 1.0, 1.0]"
b281b789,14,24,2,50.0,False,False,"[1, 1, 1]",12.41027208807876,,,,,,,,,,,5.766179078831496,,0.464629545420721,,,,11.524769067764282,11.524769067764282,False,,0.0,0.0,,,11.532024145126343,2026-07-19 03:52:10,x86_64,dacsgpu0002,,64,64,3.11.15,0.23,False,False,adam,False,hamqaoa,0.001,False,False,hog,False,True,False,False,False,False,False,1,HOG_graphs/random_graphs_8to14vertices_78instances_20260625_143415_AdjacencyList.txt,False,0,32,1,5,1,,72,"[(3, 8), (3, 5), (4, 12), (7, 8), (7, 11), (0, 5), (8, 10), (1, 4), (0, 2), (3, 7), (3, 10), (1, 3), (0, 1), (7, 13), (0, 4), (1, 9), (0, 13), (5, 6), (6, 11), (5, 9), (3, 6), (0, 3), (0, 12), (6, 7)]","[1.0, 1.0, 1.0, 1.0, 1.0, 1.0, 1.0, 1.0, 1.0, 1.0, 1.0, 1.0, 1.0, 1.0, 1.0, 1.0, 1.0, 1.0, 1.0, 1.0, 1.0, 1.0, 1.0, 1.0]"
76312eb6,14,42,2,25.0,False,False,"[1, 1, 1]",18.54692541091654,,,,,,,,,,,9.9658627187991,,0.5373323339583439,,,,7.157770156860352,7.157770156860352,False,,0.0,0.0,,,7.168576955795288,2026-07-19 03:52:10,x86_64,dacsgpu0002,,64,64,3.11.15,0.23,False,False,adam,False,hamqaoa,0.001,False,False,hog,False,True,False,False,False,False,False,1,HOG_graphs/random_graphs_8to14vertices_78instances_20260625_143415_AdjacencyList.txt,False,0,32,1,5,1,,76,"[(3, 5), (11, 12), (4, 6), (2, 12), (7, 8), (8, 13), (8, 10), (1, 4), (9, 11), (0, 8), (10, 13), (12, 13), (5, 10), (6, 9), (5, 7), (3, 4), (4, 5), (2, 5), (2, 11), (4, 8), (3, 10), (7, 10), (1, 3), (0, 1), (9, 10), (0, 10), (0, 13), (1, 12), (6, 8), (3, 6), (2, 4), (11, 13), (2, 7), (2, 13), (4, 7), (8, 11), (9, 12), (1, 2), (10, 11), (0, 6), (0, 12), (5, 8)]","[1.0, 1.0, 1.0, 1.0, 1.0, 1.0, 1.0, 1.0, 1.0, 1.0, 1.0, 1.0, 1.0, 1.0, 1.0, 1.0, 1.0, 1.0, 1.0, 1.0, 1.0, 1.0, 1.0, 1.0, 1.0, 1.0, 1.0, 1.0, 1.0, 1.0, 1.0, 1.0, 1.0, 1.0, 1.0, 1.0, 1.0, 1.0, 1.0, 1.0, 1.0, 1.0]"
ab4bce57,14,42,2,10.0,False,False,"[1, 1, 1]",18.503957255310794,,,,,,,,,,,10.09296462952463,,0.5454489810079874,,,,2.5415120124816895,2.5415120124816895,False,,0.0,0.0,,,2.5472264289855957,2026-07-19 03:52:11,x86_64,dacsgpu0002,,64,64,3.11.15,0.22,False,False,adam,False,hamqaoa,0.001,False,False,hog,False,True,False,False,False,False,False,1,HOG_graphs/random_graphs_8to14vertices_78instances_20260625_143415_AdjacencyList.txt,False,0,32,1,5,1,,77,"[(2, 3), (3, 5), (3, 11), (2, 9), (4, 6), (4, 12), (8, 10), (1, 4), (0, 2), (9, 11), (10, 13), (1, 7), (0, 11), (12, 13), (5, 10), (5, 7), (6, 12), (3, 4), (2, 8), (4, 5), (3, 7), (3, 13), (2, 11), (7, 10), (8, 9), (0, 1), (9, 13), (10, 12), (1, 12), (5, 9), (11, 13), (4, 10), (3, 12), (4, 7), (8, 11), (7, 9), (0, 3), (1, 2), (10, 11), (1, 5), (6, 10), (6, 7)]","[1.0, 1.0, 1.0, 1.0, 1.0, 1.0, 1.0, 1.0, 1.0, 1.0, 1.0, 1.0, 1.0, 1.0, 1.0, 1.0, 1.0, 1.0, 1.0, 1.0, 1.0, 1.0, 1.0, 1.0, 1.0, 1.0, 1.0, 1.0, 1.0, 1.0, 1.0, 1.0, 1.0, 1.0, 1.0, 1.0, 1.0, 1.0, 1.0, 1.0, 1.0, 1.0]"
30256eb0,14,42,1,25.0,False,False,"[1, 1, 1]",18.503957255310794,,,,,,,,,,,10.32839183266147,,0.5581720542343521,,,,2.479534864425659,2.479534864425659,False,,0.0,0.0,,,2.4849932193756104,2026-07-19 03:52:11,x86_64,dacsgpu0002,,64,64,3.11.15,0.22,False,False,adam,False,hamqaoa,0.001,False,False,hog,False,True,False,False,False,False,False,1,HOG_graphs/random_graphs_8to14vertices_78instances_20260625_143415_AdjacencyList.txt,False,0,32,1,5,1,,77,"[(2, 3), (3, 5), (3, 11), (2, 9), (4, 6), (4, 12), (8, 10), (1, 4), (0, 2), (9, 11), (10, 13), (1, 7), (0, 11), (12, 13), (5, 10), (5, 7), (6, 12), (3, 4), (2, 8), (4, 5), (3, 7), (3, 13), (2, 11), (7, 10), (8, 9), (0, 1), (9, 13), (10, 12), (1, 12), (5, 9), (11, 13), (4, 10), (3, 12), (4, 7), (8, 11), (7, 9), (0, 3), (1, 2), (10, 11), (1, 5), (6, 10), (6, 7)]","[1.0, 1.0, 1.0, 1.0, 1.0, 1.0, 1.0, 1.0, 1.0, 1.0, 1.0, 1.0, 1.0, 1.0, 1.0, 1.0, 1.0, 1.0, 1.0, 1.0, 1.0, 1.0, 1.0, 1.0, 1.0, 1.0, 1.0, 1.0, 1.0, 1.0, 1.0, 1.0, 1.0, 1.0, 1.0, 1.0, 1.0, 1.0, 1.0, 1.0, 1.0, 1.0]"
acfaad9f,14,28,2,50.0,False,False,"[1, 1, 1]",15.054658730907123,,,,,,,,,,,7.543370532063775,,0.5010655284119646,,,,11.624289751052856,11.624289751052856,False,,0.0,0.0,,,11.631638288497925,2026-07-19 03:52:12,x86_64,dacsgpu0002,,64,64,3.11.15,0.23,False,False,adam,False,hamqaoa,0.001,False,False,hog,False,True,False,False,False,False,False,1,HOG_graphs/random_graphs_8to14vertices_78instances_20260625_143415_AdjacencyList.txt,False,0,32,1,5,1,,74,"[(2, 3), (3, 5), (11, 12), (4, 6), (4, 12), (7, 8), (0, 5), (0, 2), (9, 11), (1, 13), (5, 7), (2, 8), (4, 5), (1, 3), (0, 1), (9, 10), (1, 6), (10, 12), (0, 13), (2, 4), (11, 13), (3, 12), (8, 11), (7, 9), (1, 2), (10, 11), (0, 12), (6, 7)]","[1.0, 1.0, 1.0, 1.0, 1.0, 1.0, 1.0, 1.0, 1.0, 1.0, 1.0, 1.0, 1.0, 1.0, 1.0, 1.0, 1.0, 1.0, 1.0, 1.0, 1.0, 1.0, 1.0, 1.0, 1.0, 1.0, 1.0, 1.0]"
8e8ec8fd,14,33,2,50.0,False,False,"[1, 1, 1]",14.997074543021862,,,,,,,,,,,9.742547124717571,,0.6496298392576023,,,,12.999610662460327,12.999610662460327,False,,0.0,0.0,,,13.006192922592163,2026-07-19 03:52:12,x86_64,dacsgpu0002,,64,64,3.11.15,0.23,False,False,adam,False,hamqaoa,0.001,False,False,hog,False,True,False,False,False,False,False,1,HOG_graphs/random_graphs_8to14vertices_78instances_20260625_143415_AdjacencyList.txt,False,0,32,1,5,1,,73,"[(2, 6), (3, 5), (11, 12), (4, 6), (4, 12), (0, 2), (0, 8), (9, 11), (0, 11), (5, 10), (5, 7), (3, 4), (4, 5), (2, 5), (4, 8), (3, 10), (4, 11), (8, 9), (0, 1), (0, 4), (0, 13), (2, 4), (11, 13), (2, 7), (4, 10), (7, 9), (0, 3), (0, 6), (0, 12), (0, 9), (5, 8), (6, 7), (6, 13)]","[1.0, 1.0, 1.0, 1.0, 1.0, 1.0, 1.0, 1.0, 1.0, 1.0, 1.0, 1.0, 1.0, 1.0, 1.0, 1.0, 1.0, 1.0, 1.0, 1.0, 1.0, 1.0, 1.0, 1.0, 1.0, 1.0, 1.0, 1.0, 1.0, 1.0, 1.0, 1.0, 1.0]"
43f36216,14,28,2,50.0,False,False,"[1, 1, 1]",14.546821193588992,,,,,,,,,,,7.500143490362787,,0.5155864219784468,,,,11.293003797531128,11.293003797531128,False,,0.0,0.0,,,11.302391529083252,2026-07-19 03:52:13,x86_64,dacsgpu0002,,64,64,3.11.15,0.23,False,False,adam,False,hamqaoa,0.001,False,False,hog,False,True,False,False,False,False,False,1,HOG_graphs/random_graphs_8to14vertices_78instances_20260625_143415_AdjacencyList.txt,False,0,32,1,5,1,,75,"[(2, 3), (3, 5), (11, 12), (4, 6), (7, 8), (0, 5), (8, 10), (10, 13), (1, 10), (0, 2), (0, 8), (12, 13), (5, 10), (6, 9), (4, 5), (3, 10), (8, 9), (1, 3), (9, 10), (10, 12), (6, 8), (2, 4), (2, 10), (11, 13), (7, 9), (0, 12), (6, 7), (6, 13)]","[1.0, 1.0, 1.0, 1.0, 1.0, 1.0, 1.0, 1.0, 1.0, 1.0, 1.0, 1.0, 1.0, 1.0, 1.0, 1.0, 1.0, 1.0, 1.0, 1.0, 1.0, 1.0, 1.0, 1.0, 1.0, 1.0, 1.0, 1.0]"
ca82331e,14,42,1,50.0,False,False,"[1, 1, 1]",18.503957255310794,,,,,,,,,,,11.227706384193151,,0.6067732555408224,,,,4.8017823696136475,4.8017823696136475,False,,0.0,0.0,,,4.808585166931152,2026-07-19 03:52:14,x86_64,dacsgpu0002,,64,64,3.11.15,0.22,False,False,adam,False,hamqaoa,0.001,False,False,hog,False,True,False,False,False,False,False,1,HOG_graphs/random_graphs_8to14vertices_78instances_20260625_143415_AdjacencyList.txt,False,0,32,1,5,1,,77,"[(2, 3), (3, 5), (3, 11), (2, 9), (4, 6), (4, 12), (8, 10), (1, 4), (0, 2), (9, 11), (10, 13), (1, 7), (0, 11), (12, 13), (5, 10), (5, 7), (6, 12), (3, 4), (2, 8), (4, 5), (3, 7), (3, 13), (2, 11), (7, 10), (8, 9), (0, 1), (9, 13), (10, 12), (1, 12), (5, 9), (11, 13), (4, 10), (3, 12), (4, 7), (8, 11), (7, 9), (0, 3), (1, 2), (10, 11), (1, 5), (6, 10), (6, 7)]","[1.0, 1.0, 1.0, 1.0, 1.0, 1.0, 1.0, 1.0, 1.0, 1.0, 1.0, 1.0, 1.0, 1.0, 1.0, 1.0, 1.0, 1.0, 1.0, 1.0, 1.0, 1.0, 1.0, 1.0, 1.0, 1.0, 1.0, 1.0, 1.0, 1.0, 1.0, 1.0, 1.0, 1.0, 1.0, 1.0, 1.0, 1.0, 1.0, 1.0, 1.0, 1.0]"
1a046750,14,42,2,25.0,False,False,"[1, 1, 1]",18.503957255310794,,,,,,,,,,,11.35438751156338,,0.6136194196138544,,,,7.812596797943115,7.812596797943115,False,,0.0,0.0,,,7.819477319717407,2026-07-19 03:52:17,x86_64,dacsgpu0002,,64,64,3.11.15,0.23,False,False,adam,False,hamqaoa,0.001,False,False,hog,False,True,False,False,False,False,False,1,HOG_graphs/random_graphs_8to14vertices_78instances_20260625_143415_AdjacencyList.txt,False,0,32,1,5,1,,77,"[(2, 3), (3, 5), (3, 11), (2, 9), (4, 6), (4, 12), (8, 10), (1, 4), (0, 2), (9, 11), (10, 13), (1, 7), (0, 11), (12, 13), (5, 10), (5, 7), (6, 12), (3, 4), (2, 8), (4, 5), (3, 7), (3, 13), (2, 11), (7, 10), (8, 9), (0, 1), (9, 13), (10, 12), (1, 12), (5, 9), (11, 13), (4, 10), (3, 12), (4, 7), (8, 11), (7, 9), (0, 3), (1, 2), (10, 11), (1, 5), (6, 10), (6, 7)]","[1.0, 1.0, 1.0, 1.0, 1.0, 1.0, 1.0, 1.0, 1.0, 1.0, 1.0, 1.0, 1.0, 1.0, 1.0, 1.0, 1.0, 1.0, 1.0, 1.0, 1.0, 1.0, 1.0, 1.0, 1.0, 1.0, 1.0, 1.0, 1.0, 1.0, 1.0, 1.0, 1.0, 1.0, 1.0, 1.0, 1.0, 1.0, 1.0, 1.0, 1.0, 1.0]"
ef5fcdc0,14,42,2,50.0,False,False,"[1, 1, 1]",18.54692541091654,,,,,,,,,,,10.906882627713536,,0.5880695795160663,,,,15.5760977268219,15.5760977268219,False,,0.0,0.0,,,15.582540273666382,2026-07-19 03:52:19,x86_64,dacsgpu0002,,64,64,3.11.15,0.23,False,False,adam,False,hamqaoa,0.001,False,False,hog,False,True,False,False,False,False,False,1,HOG_graphs/random_graphs_8to14vertices_78instances_20260625_143415_AdjacencyList.txt,False,0,32,1,5,1,,76,"[(3, 5), (11, 12), (4, 6), (2, 12), (7, 8), (8, 13), (8, 10), (1, 4), (9, 11), (0, 8), (10, 13), (12, 13), (5, 10), (6, 9), (5, 7), (3, 4), (4, 5), (2, 5), (2, 11), (4, 8), (3, 10), (7, 10), (1, 3), (0, 1), (9, 10), (0, 10), (0, 13), (1, 12), (6, 8), (3, 6), (2, 4), (11, 13), (2, 7), (2, 13), (4, 7), (8, 11), (9, 12), (1, 2), (10, 11), (0, 6), (0, 12), (5, 8)]","[1.0, 1.0, 1.0, 1.0, 1.0, 1.0, 1.0, 1.0, 1.0, 1.0, 1.0, 1.0, 1.0, 1.0, 1.0, 1.0, 1.0, 1.0, 1.0, 1.0, 1.0, 1.0, 1.0, 1.0, 1.0, 1.0, 1.0, 1.0, 1.0, 1.0, 1.0, 1.0, 1.0, 1.0, 1.0, 1.0, 1.0, 1.0, 1.0, 1.0, 1.0, 1.0]"
915dbd5c,14,42,2,50.0,False,False,"[1, 1, 1]",18.503957255310794,,,,,,,,,,,10.131755133761345,,0.5475453166026659,,,,17.606035470962524,17.606035470962524,False,,0.0,0.0,,,17.612706899642944,2026-07-19 03:52:27,x86_64,dacsgpu0002,,64,64,3.11.15,0.23,False,False,adam,False,hamqaoa,0.001,False,False,hog,False,True,False,False,False,False,False,1,HOG_graphs/random_graphs_8to14vertices_78instances_20260625_143415_AdjacencyList.txt,False,0,32,1,5,1,,77,"[(2, 3), (3, 5), (3, 11), (2, 9), (4, 6), (4, 12), (8, 10), (1, 4), (0, 2), (9, 11), (10, 13), (1, 7), (0, 11), (12, 13), (5, 10), (5, 7), (6, 12), (3, 4), (2, 8), (4, 5), (3, 7), (3, 13), (2, 11), (7, 10), (8, 9), (0, 1), (9, 13), (10, 12), (1, 12), (5, 9), (11, 13), (4, 10), (3, 12), (4, 7), (8, 11), (7, 9), (0, 3), (1, 2), (10, 11), (1, 5), (6, 10), (6, 7)]","[1.0, 1.0, 1.0, 1.0, 1.0, 1.0, 1.0, 1.0, 1.0, 1.0, 1.0, 1.0, 1.0, 1.0, 1.0, 1.0, 1.0, 1.0, 1.0, 1.0, 1.0, 1.0, 1.0, 1.0, 1.0, 1.0, 1.0, 1.0, 1.0, 1.0, 1.0, 1.0, 1.0, 1.0, 1.0, 1.0, 1.0, 1.0, 1.0, 1.0, 1.0, 1.0]"
