run_id,n,m,p,precision/iterations,singlet_injection,warm_start,parameter_vector,optimal_result,sdp_objective_value_step1,sdp_objective_value_king_normalized_step1,algorithm17_actual_energy,algorithm17_lower_bound_energy,initial_ws_energy_prodStates_step2,initial_sdp_statevector_energy,initial_sdp_statevec_ratio,initial_ws_energy_010101,QAOA_improvement_over_SDP_statevectorEnergy,QAOA_improvement_over_SDP_prodStatesEnergy,result,result_010101,approx_ratio,approx_ratio_010101,diff. approx. ratio,sdp ws greater,duration_seconds,duration_seconds_excluding_warm_start_cache_io,warm_start_cache_used,warm_start_compute_time_seconds,warm_start_load_time_seconds,warm_start_save_time_seconds,warm_start_effective_time_seconds,warm_start_cache_path,full duration_seconds,finished_at,processor,hostname,total_ram_gb,physical_cores,logical_cores,python_version,peak_ram_mb,Instance_is_triangle_free,Instance_is_3_regular,optimiser,optimiser_use_heuristic,heuristic_optimiser_iterations,heuristic_optimiser_sampleSize,circuit_type,learning_rate_adam,compare_with_010101,init_QAOAparams_close_to_zero,graph_generation_type,weighted,easiest_first,debug,save_circuit_svg,rerun_exclude_finished_instances,warm_start_cache_producer_only,qaoa_only_from_existing_warm_start_cache,num_repeats,relative_graph_adjList_path,persistent_warm_start_cache,sdp_max_parallel,qaoa_max_parallel,qaoa_threads,queue_poll_interval_seconds,benchmark_repeat_idx,sdp_seed,hog_graph_index,edges,weights
cfa7523b,8,11,1,5.0,False,False,"[1, 1, 1]",6.1405390212315885,,,,,,,,,,,3.0700109296109352,,0.4999578895266417,,,,0.7446103096008301,0.7446103096008301,False,,0.0,0.0,,,0.7513391971588135,2026-07-21 08:33:35,x86_64,dacsgpu0002,,64,64,3.11.15,0.2,False,False,adam,True,1,20,hamqaoa,0.01,False,False,hog,False,True,False,False,False,False,False,1,HOG_graphs/random_graphs_8to14vertices_78instances_20260625_143415_AdjacencyList.txt,False,0,32,1,5,1,,0,"[(1, 3), (1, 6), (0, 7), (3, 5), (0, 3), (5, 6), (1, 5), (1, 4), (0, 2), (3, 6), (6, 7)]","[1.0, 1.0, 1.0, 1.0, 1.0, 1.0, 1.0, 1.0, 1.0, 1.0, 1.0]"
25bfbb0d,8,11,1,10.0,False,False,"[1, 1, 1]",6.1405390212315885,,,,,,,,,,,3.0296333931771353,,0.49338232078679817,,,,0.8632524013519287,0.8632524013519287,False,,0.0,0.0,,,0.8691048622131348,2026-07-21 08:33:35,x86_64,dacsgpu0002,,64,64,3.11.15,0.2,False,False,adam,True,1,20,hamqaoa,0.01,False,False,hog,False,True,False,False,False,False,False,1,HOG_graphs/random_graphs_8to14vertices_78instances_20260625_143415_AdjacencyList.txt,False,0,32,1,5,1,,0,"[(1, 3), (1, 6), (0, 7), (3, 5), (0, 3), (5, 6), (1, 5), (1, 4), (0, 2), (3, 6), (6, 7)]","[1.0, 1.0, 1.0, 1.0, 1.0, 1.0, 1.0, 1.0, 1.0, 1.0, 1.0]"
cc515300,8,9,1,5.0,False,False,"[1, 1, 1]",5.847763554161063,,,,,,,,,,,2.6618188402118674,,0.4551857843701308,,,,0.7426183223724365,0.7426183223724365,False,,0.0,0.0,,,0.7486627101898193,2026-07-21 08:33:35,x86_64,dacsgpu0002,,64,64,3.11.15,0.2,True,False,adam,True,1,20,hamqaoa,0.01,False,False,hog,False,True,False,False,False,False,False,1,HOG_graphs/random_graphs_8to14vertices_78instances_20260625_143415_AdjacencyList.txt,False,0,32,1,5,1,,1,"[(2, 7), (1, 3), (3, 5), (0, 3), (4, 5), (3, 7), (1, 4), (0, 2), (3, 6)]","[1.0, 1.0, 1.0, 1.0, 1.0, 1.0, 1.0, 1.0, 1.0]"
576e5d15,8,11,1,25.0,False,False,"[1, 1, 1]",6.1405390212315885,,,,,,,,,,,3.4493581789211465,,0.5617354057998185,,,,1.3166131973266602,1.3166131973266602,False,,0.0,0.0,,,1.3220527172088623,2026-07-21 08:33:35,x86_64,dacsgpu0002,,64,64,3.11.15,0.21,False,False,adam,True,1,20,hamqaoa,0.01,False,False,hog,False,True,False,False,False,False,False,1,HOG_graphs/random_graphs_8to14vertices_78instances_20260625_143415_AdjacencyList.txt,False,0,32,1,5,1,,0,"[(1, 3), (1, 6), (0, 7), (3, 5), (0, 3), (5, 6), (1, 5), (1, 4), (0, 2), (3, 6), (6, 7)]","[1.0, 1.0, 1.0, 1.0, 1.0, 1.0, 1.0, 1.0, 1.0, 1.0, 1.0]"
e0903d70,8,9,1,10.0,False,False,"[1, 1, 1]",5.847763554161063,,,,,,,,,,,3.9916488880244656,,0.6825940979067371,,,,0.8681025505065918,0.8681025505065918,False,,0.0,0.0,,,0.8752148151397705,2026-07-21 08:33:35,x86_64,dacsgpu0002,,64,64,3.11.15,0.2,True,False,adam,True,1,20,hamqaoa,0.01,False,False,hog,False,True,False,False,False,False,False,1,HOG_graphs/random_graphs_8to14vertices_78instances_20260625_143415_AdjacencyList.txt,False,0,32,1,5,1,,1,"[(2, 7), (1, 3), (3, 5), (0, 3), (4, 5), (3, 7), (1, 4), (0, 2), (3, 6)]","[1.0, 1.0, 1.0, 1.0, 1.0, 1.0, 1.0, 1.0, 1.0]"
c8cea4d0,8,11,2,5.0,False,False,"[1, 1, 1]",6.1405390212315885,,,,,,,,,,,3.9112574621571246,,0.636956698529807,,,,1.732633113861084,1.732633113861084,False,,0.0,0.0,,,1.7391095161437988,2026-07-21 08:33:36,x86_64,dacsgpu0002,,64,64,3.11.15,0.21,False,False,adam,True,1,20,hamqaoa,0.01,False,False,hog,False,True,False,False,False,False,False,1,HOG_graphs/random_graphs_8to14vertices_78instances_20260625_143415_AdjacencyList.txt,False,0,32,1,5,1,,0,"[(1, 3), (1, 6), (0, 7), (3, 5), (0, 3), (5, 6), (1, 5), (1, 4), (0, 2), (3, 6), (6, 7)]","[1.0, 1.0, 1.0, 1.0, 1.0, 1.0, 1.0, 1.0, 1.0, 1.0, 1.0]"
a827472c,8,9,2,5.0,False,False,"[1, 1, 1]",5.847763554161063,,,,,,,,,,,3.5808596283963805,,0.6123468562350416,,,,1.603649616241455,1.603649616241455,False,,0.0,0.0,,,1.609572172164917,2026-07-21 08:33:36,x86_64,dacsgpu0002,,64,64,3.11.15,0.21,True,False,adam,True,1,20,hamqaoa,0.01,False,False,hog,False,True,False,False,False,False,False,1,HOG_graphs/random_graphs_8to14vertices_78instances_20260625_143415_AdjacencyList.txt,False,0,32,1,5,1,,1,"[(2, 7), (1, 3), (3, 5), (0, 3), (4, 5), (3, 7), (1, 4), (0, 2), (3, 6)]","[1.0, 1.0, 1.0, 1.0, 1.0, 1.0, 1.0, 1.0, 1.0]"
2d076c8e,8,11,1,50.0,False,False,"[1, 1, 1]",6.1405390212315885,,,,,,,,,,,3.339575951078201,,0.5438571336378207,,,,2.012561321258545,2.012561321258545,False,,0.0,0.0,,,2.017883062362671,2026-07-21 08:33:36,x86_64,dacsgpu0002,,64,64,3.11.15,0.21,False,False,adam,True,1,20,hamqaoa,0.01,False,False,hog,False,True,False,False,False,False,False,1,HOG_graphs/random_graphs_8to14vertices_78instances_20260625_143415_AdjacencyList.txt,False,0,32,1,5,1,,0,"[(1, 3), (1, 6), (0, 7), (3, 5), (0, 3), (5, 6), (1, 5), (1, 4), (0, 2), (3, 6), (6, 7)]","[1.0, 1.0, 1.0, 1.0, 1.0, 1.0, 1.0, 1.0, 1.0, 1.0, 1.0]"
2c618c41,8,11,2,10.0,False,False,"[1, 1, 1]",6.1405390212315885,,,,,,,,,,,3.7790954348045616,,0.6154338278346451,,,,2.0371978282928467,2.0371978282928467,False,,0.0,0.0,,,2.042238712310791,2026-07-21 08:33:36,x86_64,dacsgpu0002,,64,64,3.11.15,0.21,False,False,adam,True,1,20,hamqaoa,0.01,False,False,hog,False,True,False,False,False,False,False,1,HOG_graphs/random_graphs_8to14vertices_78instances_20260625_143415_AdjacencyList.txt,False,0,32,1,5,1,,0,"[(1, 3), (1, 6), (0, 7), (3, 5), (0, 3), (5, 6), (1, 5), (1, 4), (0, 2), (3, 6), (6, 7)]","[1.0, 1.0, 1.0, 1.0, 1.0, 1.0, 1.0, 1.0, 1.0, 1.0, 1.0]"
46c67ba5,8,16,1,5.0,False,False,"[1, 1, 1]",8.13007668131079,,,,,,,,,,,4.83942255004768,,0.5952493118757932,,,,0.8136742115020752,0.8136742115020752,False,,0.0,0.0,,,0.8206057548522949,2026-07-21 08:33:36,x86_64,dacsgpu0002,,64,64,3.11.15,0.2,False,False,adam,True,1,20,hamqaoa,0.01,False,False,hog,False,True,False,False,False,False,False,1,HOG_graphs/random_graphs_8to14vertices_78instances_20260625_143415_AdjacencyList.txt,False,0,32,1,5,1,,2,"[(2, 7), (2, 6), (4, 6), (1, 2), (0, 6), (3, 4), (1, 5), (4, 5), (3, 7), (2, 5), (6, 7), (0, 5), (1, 4), (3, 6), (2, 4), (1, 7)]","[1.0, 1.0, 1.0, 1.0, 1.0, 1.0, 1.0, 1.0, 1.0, 1.0, 1.0, 1.0, 1.0, 1.0, 1.0, 1.0]"
11c5b609,8,9,1,25.0,False,False,"[1, 1, 1]",5.847763554161063,,,,,,,,,,,2.4391093909026713,,0.4171012333710187,,,,1.306286096572876,1.306286096572876,False,,0.0,0.0,,,1.3130409717559814,2026-07-21 08:33:36,x86_64,dacsgpu0002,,64,64,3.11.15,0.2,True,False,adam,True,1,20,hamqaoa,0.01,False,False,hog,False,True,False,False,False,False,False,1,HOG_graphs/random_graphs_8to14vertices_78instances_20260625_143415_AdjacencyList.txt,False,0,32,1,5,1,,1,"[(2, 7), (1, 3), (3, 5), (0, 3), (4, 5), (3, 7), (1, 4), (0, 2), (3, 6)]","[1.0, 1.0, 1.0, 1.0, 1.0, 1.0, 1.0, 1.0, 1.0]"
d8df07d5,8,16,1,10.0,False,False,"[1, 1, 1]",8.13007668131079,,,,,,,,,,,4.4634235988057664,,0.5490014145950394,,,,0.9405877590179443,0.9405877590179443,False,,0.0,0.0,,,0.9484875202178955,2026-07-21 08:33:37,x86_64,dacsgpu0002,,64,64,3.11.15,0.2,False,False,adam,True,1,20,hamqaoa,0.01,False,False,hog,False,True,False,False,False,False,False,1,HOG_graphs/random_graphs_8to14vertices_78instances_20260625_143415_AdjacencyList.txt,False,0,32,1,5,1,,2,"[(2, 7), (2, 6), (4, 6), (1, 2), (0, 6), (3, 4), (1, 5), (4, 5), (3, 7), (2, 5), (6, 7), (0, 5), (1, 4), (3, 6), (2, 4), (1, 7)]","[1.0, 1.0, 1.0, 1.0, 1.0, 1.0, 1.0, 1.0, 1.0, 1.0, 1.0, 1.0, 1.0, 1.0, 1.0, 1.0]"
176384d5,8,9,2,10.0,False,False,"[1, 1, 1]",5.847763554161063,,,,,,,,,,,4.116536022109323,,0.703950490470864,,,,1.8903477191925049,1.8903477191925049,False,,0.0,0.0,,,1.896683692932129,2026-07-21 08:33:37,x86_64,dacsgpu0002,,64,64,3.11.15,0.21,True,False,adam,True,1,20,hamqaoa,0.01,False,False,hog,False,True,False,False,False,False,False,1,HOG_graphs/random_graphs_8to14vertices_78instances_20260625_143415_AdjacencyList.txt,False,0,32,1,5,1,,1,"[(2, 7), (1, 3), (3, 5), (0, 3), (4, 5), (3, 7), (1, 4), (0, 2), (3, 6)]","[1.0, 1.0, 1.0, 1.0, 1.0, 1.0, 1.0, 1.0, 1.0]"
38599b1a,8,11,2,25.0,False,False,"[1, 1, 1]",6.1405390212315885,,,,,,,,,,,3.8682671326524822,,0.6299556308131132,,,,2.9432241916656494,2.9432241916656494,False,,0.0,0.0,,,2.948923349380493,2026-07-21 08:33:37,x86_64,dacsgpu0002,,64,64,3.11.15,0.21,False,False,adam,True,1,20,hamqaoa,0.01,False,False,hog,False,True,False,False,False,False,False,1,HOG_graphs/random_graphs_8to14vertices_78instances_20260625_143415_AdjacencyList.txt,False,0,32,1,5,1,,0,"[(1, 3), (1, 6), (0, 7), (3, 5), (0, 3), (5, 6), (1, 5), (1, 4), (0, 2), (3, 6), (6, 7)]","[1.0, 1.0, 1.0, 1.0, 1.0, 1.0, 1.0, 1.0, 1.0, 1.0, 1.0]"
48dc7777,8,9,1,50.0,False,False,"[1, 1, 1]",5.847763554161063,,,,,,,,,,,3.5194819023181863,,0.6018509246691149,,,,1.9838318824768066,1.9838318824768066,False,,0.0,0.0,,,1.989975929260254,2026-07-21 08:33:37,x86_64,dacsgpu0002,,64,64,3.11.15,0.2,True,False,adam,True,1,20,hamqaoa,0.01,False,False,hog,False,True,False,False,False,False,False,1,HOG_graphs/random_graphs_8to14vertices_78instances_20260625_143415_AdjacencyList.txt,False,0,32,1,5,1,,1,"[(2, 7), (1, 3), (3, 5), (0, 3), (4, 5), (3, 7), (1, 4), (0, 2), (3, 6)]","[1.0, 1.0, 1.0, 1.0, 1.0, 1.0, 1.0, 1.0, 1.0]"
ae8ba660,8,12,1,5.0,False,False,"[1, 1, 1]",7.820089374374799,,,,,,,,,,,3.785791253972651,,0.4841109957615181,,,,0.7276010513305664,0.7276010513305664,False,,0.0,0.0,,,0.7335991859436035,2026-07-21 08:33:37,x86_64,dacsgpu0002,,64,64,3.11.15,0.2,True,True,adam,True,1,20,hamqaoa,0.01,False,False,hog,False,True,False,False,False,False,False,1,HOG_graphs/random_graphs_8to14vertices_78instances_20260625_143415_AdjacencyList.txt,False,0,32,1,5,1,,3,"[(1, 3), (2, 3), (1, 6), (0, 4), (2, 6), (5, 7), (0, 7), (3, 5), (0, 6), (4, 5), (2, 4), (1, 7)]","[1.0, 1.0, 1.0, 1.0, 1.0, 1.0, 1.0, 1.0, 1.0, 1.0, 1.0, 1.0]"
13f6137c,8,16,1,25.0,False,False,"[1, 1, 1]",8.13007668131079,,,,,,,,,,,4.54351888676847,,0.5588531406121905,,,,1.3764464855194092,1.3764464855194092,False,,0.0,0.0,,,1.383622169494629,2026-07-21 08:33:37,x86_64,dacsgpu0002,,64,64,3.11.15,0.2,False,False,adam,True,1,20,hamqaoa,0.01,False,False,hog,False,True,False,False,False,False,False,1,HOG_graphs/random_graphs_8to14vertices_78instances_20260625_143415_AdjacencyList.txt,False,0,32,1,5,1,,2,"[(2, 7), (2, 6), (4, 6), (1, 2), (0, 6), (3, 4), (1, 5), (4, 5), (3, 7), (2, 5), (6, 7), (0, 5), (1, 4), (3, 6), (2, 4), (1, 7)]","[1.0, 1.0, 1.0, 1.0, 1.0, 1.0, 1.0, 1.0, 1.0, 1.0, 1.0, 1.0, 1.0, 1.0, 1.0, 1.0]"
b732ce66,8,16,2,5.0,False,False,"[1, 1, 1]",8.13007668131079,,,,,,,,,,,5.323992789187846,,0.6548514851559154,,,,1.9043235778808594,1.9043235778808594,False,,0.0,0.0,,,1.9106829166412354,2026-07-21 08:33:37,x86_64,dacsgpu0002,,64,64,3.11.15,0.2,False,False,adam,True,1,20,hamqaoa,0.01,False,False,hog,False,True,False,False,False,False,False,1,HOG_graphs/random_graphs_8to14vertices_78instances_20260625_143415_AdjacencyList.txt,False,0,32,1,5,1,,2,"[(2, 7), (2, 6), (4, 6), (1, 2), (0, 6), (3, 4), (1, 5), (4, 5), (3, 7), (2, 5), (6, 7), (0, 5), (1, 4), (3, 6), (2, 4), (1, 7)]","[1.0, 1.0, 1.0, 1.0, 1.0, 1.0, 1.0, 1.0, 1.0, 1.0, 1.0, 1.0, 1.0, 1.0, 1.0, 1.0]"
d8f643bc,8,12,1,10.0,False,False,"[1, 1, 1]",7.820089374374799,,,,,,,,,,,4.149845880358447,,0.5306647637502504,,,,0.8733277320861816,0.8733277320861816,False,,0.0,0.0,,,0.8796217441558838,2026-07-21 08:33:37,x86_64,dacsgpu0002,,64,64,3.11.15,0.2,True,True,adam,True,1,20,hamqaoa,0.01,False,False,hog,False,True,False,False,False,False,False,1,HOG_graphs/random_graphs_8to14vertices_78instances_20260625_143415_AdjacencyList.txt,False,0,32,1,5,1,,3,"[(1, 3), (2, 3), (1, 6), (0, 4), (2, 6), (5, 7), (0, 7), (3, 5), (0, 6), (4, 5), (2, 4), (1, 7)]","[1.0, 1.0, 1.0, 1.0, 1.0, 1.0, 1.0, 1.0, 1.0, 1.0, 1.0, 1.0]"
76c3db09,8,9,2,25.0,False,False,"[1, 1, 1]",5.847763554161063,,,,,,,,,,,3.7380467889038456,,0.6392267324563734,,,,2.62652850151062,2.62652850151062,False,,0.0,0.0,,,2.6327266693115234,2026-07-21 08:33:38,x86_64,dacsgpu0002,,64,64,3.11.15,0.21,True,False,adam,True,1,20,hamqaoa,0.01,False,False,hog,False,True,False,False,False,False,False,1,HOG_graphs/random_graphs_8to14vertices_78instances_20260625_143415_AdjacencyList.txt,False,0,32,1,5,1,,1,"[(2, 7), (1, 3), (3, 5), (0, 3), (4, 5), (3, 7), (1, 4), (0, 2), (3, 6)]","[1.0, 1.0, 1.0, 1.0, 1.0, 1.0, 1.0, 1.0, 1.0]"
8642e551,8,16,2,10.0,False,False,"[1, 1, 1]",8.13007668131079,,,,,,,,,,,5.553763437596811,,0.6831132909685415,,,,2.1545116901397705,2.1545116901397705,False,,0.0,0.0,,,2.1613426208496094,2026-07-21 08:33:38,x86_64,dacsgpu0002,,64,64,3.11.15,0.2,False,False,adam,True,1,20,hamqaoa,0.01,False,False,hog,False,True,False,False,False,False,False,1,HOG_graphs/random_graphs_8to14vertices_78instances_20260625_143415_AdjacencyList.txt,False,0,32,1,5,1,,2,"[(2, 7), (2, 6), (4, 6), (1, 2), (0, 6), (3, 4), (1, 5), (4, 5), (3, 7), (2, 5), (6, 7), (0, 5), (1, 4), (3, 6), (2, 4), (1, 7)]","[1.0, 1.0, 1.0, 1.0, 1.0, 1.0, 1.0, 1.0, 1.0, 1.0, 1.0, 1.0, 1.0, 1.0, 1.0, 1.0]"
cda42d00,8,12,2,5.0,False,False,"[1, 1, 1]",7.820089374374799,,,,,,,,,,,4.175958762184807,,0.534003968786951,,,,1.540923833847046,1.540923833847046,False,,0.0,0.0,,,1.5466139316558838,2026-07-21 08:33:38,x86_64,dacsgpu0002,,64,64,3.11.15,0.2,True,True,adam,True,1,20,hamqaoa,0.01,False,False,hog,False,True,False,False,False,False,False,1,HOG_graphs/random_graphs_8to14vertices_78instances_20260625_143415_AdjacencyList.txt,False,0,32,1,5,1,,3,"[(1, 3), (2, 3), (1, 6), (0, 4), (2, 6), (5, 7), (0, 7), (3, 5), (0, 6), (4, 5), (2, 4), (1, 7)]","[1.0, 1.0, 1.0, 1.0, 1.0, 1.0, 1.0, 1.0, 1.0, 1.0, 1.0, 1.0]"
03e2b4a1,8,16,1,50.0,False,False,"[1, 1, 1]",8.13007668131079,,,,,,,,,,,4.499858946681577,,0.5534829649301755,,,,2.0555427074432373,2.0555427074432373,False,,0.0,0.0,,,2.062058210372925,2026-07-21 08:33:38,x86_64,dacsgpu0002,,64,64,3.11.15,0.2,False,False,adam,True,1,20,hamqaoa,0.01,False,False,hog,False,True,False,False,False,False,False,1,HOG_graphs/random_graphs_8to14vertices_78instances_20260625_143415_AdjacencyList.txt,False,0,32,1,5,1,,2,"[(2, 7), (2, 6), (4, 6), (1, 2), (0, 6), (3, 4), (1, 5), (4, 5), (3, 7), (2, 5), (6, 7), (0, 5), (1, 4), (3, 6), (2, 4), (1, 7)]","[1.0, 1.0, 1.0, 1.0, 1.0, 1.0, 1.0, 1.0, 1.0, 1.0, 1.0, 1.0, 1.0, 1.0, 1.0, 1.0]"
3b102e34,8,11,2,50.0,False,False,"[1, 1, 1]",6.1405390212315885,,,,,,,,,,,3.861101795891081,,0.6287887402947685,,,,4.280898571014404,4.280898571014404,False,,0.0,0.0,,,4.286391973495483,2026-07-21 08:33:38,x86_64,dacsgpu0002,,64,64,3.11.15,0.21,False,False,adam,True,1,20,hamqaoa,0.01,False,False,hog,False,True,False,False,False,False,False,1,HOG_graphs/random_graphs_8to14vertices_78instances_20260625_143415_AdjacencyList.txt,False,0,32,1,5,1,,0,"[(1, 3), (1, 6), (0, 7), (3, 5), (0, 3), (5, 6), (1, 5), (1, 4), (0, 2), (3, 6), (6, 7)]","[1.0, 1.0, 1.0, 1.0, 1.0, 1.0, 1.0, 1.0, 1.0, 1.0, 1.0]"
8f3c5121,8,16,2,25.0,False,False,"[1, 1, 1]",8.13007668131079,,,,,,,,,,,5.885417592225116,,0.7239067751666306,,,,3.2285449504852295,3.2285449504852295,False,,0.0,0.0,,,3.236017942428589,2026-07-21 08:33:39,x86_64,dacsgpu0002,,64,64,3.11.15,0.2,False,False,adam,True,1,20,hamqaoa,0.01,False,False,hog,False,True,False,False,False,False,False,1,HOG_graphs/random_graphs_8to14vertices_78instances_20260625_143415_AdjacencyList.txt,False,0,32,1,5,1,,2,"[(2, 7), (2, 6), (4, 6), (1, 2), (0, 6), (3, 4), (1, 5), (4, 5), (3, 7), (2, 5), (6, 7), (0, 5), (1, 4), (3, 6), (2, 4), (1, 7)]","[1.0, 1.0, 1.0, 1.0, 1.0, 1.0, 1.0, 1.0, 1.0, 1.0, 1.0, 1.0, 1.0, 1.0, 1.0, 1.0]"
37d3c461,8,9,2,50.0,False,False,"[1, 1, 1]",5.847763554161063,,,,,,,,,,,3.588411505826329,,0.6136382691589747,,,,4.048994541168213,4.048994541168213,False,,0.0,0.0,,,4.0568764209747314,2026-07-21 08:33:39,x86_64,dacsgpu0002,,64,64,3.11.15,0.21,True,False,adam,True,1,20,hamqaoa,0.01,False,False,hog,False,True,False,False,False,False,False,1,HOG_graphs/random_graphs_8to14vertices_78instances_20260625_143415_AdjacencyList.txt,False,0,32,1,5,1,,1,"[(2, 7), (1, 3), (3, 5), (0, 3), (4, 5), (3, 7), (1, 4), (0, 2), (3, 6)]","[1.0, 1.0, 1.0, 1.0, 1.0, 1.0, 1.0, 1.0, 1.0]"
89d203f1,8,16,2,50.0,False,False,"[1, 1, 1]",8.13007668131079,,,,,,,,,,,5.088348098296223,,0.6258671717073943,,,,5.24099588394165,5.24099588394165,False,,0.0,0.0,,,5.24808931350708,2026-07-21 08:33:41,x86_64,dacsgpu0002,,64,64,3.11.15,0.2,False,False,adam,True,1,20,hamqaoa,0.01,False,False,hog,False,True,False,False,False,False,False,1,HOG_graphs/random_graphs_8to14vertices_78instances_20260625_143415_AdjacencyList.txt,False,0,32,1,5,1,,2,"[(2, 7), (2, 6), (4, 6), (1, 2), (0, 6), (3, 4), (1, 5), (4, 5), (3, 7), (2, 5), (6, 7), (0, 5), (1, 4), (3, 6), (2, 4), (1, 7)]","[1.0, 1.0, 1.0, 1.0, 1.0, 1.0, 1.0, 1.0, 1.0, 1.0, 1.0, 1.0, 1.0, 1.0, 1.0, 1.0]"
b1db90fe,8,16,1,5.0,False,False,"[1, 1, 1]",9.029354551197121,,,,,,,,,,,4.675400046378778,,0.5178000287693774,,,,0.8293750286102295,0.8293750286102295,False,,0.0,0.0,,,0.8364758491516113,2026-07-21 08:39:51,x86_64,dacsgpu0002,,64,64,3.11.15,0.2,False,False,adam,True,1,20,hamqaoa,0.01,False,False,hog,False,True,False,False,False,False,False,1,HOG_graphs/random_graphs_8to14vertices_78instances_20260625_143415_AdjacencyList.txt,False,0,32,1,5,1,,4,"[(1, 3), (0, 1), (2, 3), (1, 6), (4, 7), (2, 6), (5, 7), (0, 7), (3, 5), (4, 6), (5, 6), (3, 7), (0, 5), (1, 4), (0, 2), (2, 4)]","[1.0, 1.0, 1.0, 1.0, 1.0, 1.0, 1.0, 1.0, 1.0, 1.0, 1.0, 1.0, 1.0, 1.0, 1.0, 1.0]"
3ebf6717,8,20,1,5.0,False,False,"[1, 1, 1]",9.309016994374973,,,,,,,,,,,5.8430161043743345,,0.627672729344571,,,,0.9673652648925781,0.9673652648925781,False,,0.0,0.0,,,0.9727475643157959,2026-07-21 08:39:51,x86_64,dacsgpu0002,,64,64,3.11.15,0.2,False,False,adam,True,1,20,hamqaoa,0.01,False,False,hog,False,True,False,False,False,False,False,1,HOG_graphs/random_graphs_8to14vertices_78instances_20260625_143415_AdjacencyList.txt,False,0,32,1,5,1,,5,"[(2, 6), (3, 5), (4, 6), (0, 5), (0, 2), (1, 7), (3, 4), (4, 5), (3, 7), (2, 5), (1, 3), (0, 1), (1, 6), (0, 7), (3, 6), (2, 4), (2, 7), (4, 7), (0, 6), (1, 5)]","[1.0, 1.0, 1.0, 1.0, 1.0, 1.0, 1.0, 1.0, 1.0, 1.0, 1.0, 1.0, 1.0, 1.0, 1.0, 1.0, 1.0, 1.0, 1.0, 1.0]"
9923c6d7,8,16,1,10.0,False,False,"[1, 1, 1]",9.029354551197121,,,,,,,,,,,3.9997172919977406,,0.44296823979156447,,,,1.0050609111785889,1.0050609111785889,False,,0.0,0.0,,,1.012021541595459,2026-07-21 08:39:51,x86_64,dacsgpu0002,,64,64,3.11.15,0.2,False,False,adam,True,1,20,hamqaoa,0.01,False,False,hog,False,True,False,False,False,False,False,1,HOG_graphs/random_graphs_8to14vertices_78instances_20260625_143415_AdjacencyList.txt,False,0,32,1,5,1,,4,"[(1, 3), (0, 1), (2, 3), (1, 6), (4, 7), (2, 6), (5, 7), (0, 7), (3, 5), (4, 6), (5, 6), (3, 7), (0, 5), (1, 4), (0, 2), (2, 4)]","[1.0, 1.0, 1.0, 1.0, 1.0, 1.0, 1.0, 1.0, 1.0, 1.0, 1.0, 1.0, 1.0, 1.0, 1.0, 1.0]"
14f17d34,8,12,1,5.0,False,False,"[1, 1, 1]",6.52322519319384,,,,,,,,,,,4.789063377585651,,0.7341557643268904,,,,0.7716355323791504,0.7716355323791504,False,,0.0,0.0,,,0.7776989936828613,2026-07-21 08:39:51,x86_64,dacsgpu0002,,64,64,3.11.15,0.2,False,False,adam,True,1,20,hamqaoa,0.01,False,False,hog,False,True,False,False,False,False,False,1,HOG_graphs/random_graphs_8to14vertices_78instances_20260625_143415_AdjacencyList.txt,False,0,32,1,5,1,,6,"[(2, 7), (0, 1), (2, 3), (2, 6), (0, 7), (3, 5), (0, 3), (5, 6), (3, 4), (4, 5), (0, 2), (2, 4)]","[1.0, 1.0, 1.0, 1.0, 1.0, 1.0, 1.0, 1.0, 1.0, 1.0, 1.0, 1.0]"
2605adbd,8,20,1,10.0,False,False,"[1, 1, 1]",9.309016994374973,,,,,,,,,,,5.8429317388747615,,0.6276636665724626,,,,1.1280508041381836,1.1280508041381836,False,,0.0,0.0,,,1.1344265937805176,2026-07-21 08:39:51,x86_64,dacsgpu0002,,64,64,3.11.15,0.2,False,False,adam,True,1,20,hamqaoa,0.01,False,False,hog,False,True,False,False,False,False,False,1,HOG_graphs/random_graphs_8to14vertices_78instances_20260625_143415_AdjacencyList.txt,False,0,32,1,5,1,,5,"[(2, 6), (3, 5), (4, 6), (0, 5), (0, 2), (1, 7), (3, 4), (4, 5), (3, 7), (2, 5), (1, 3), (0, 1), (1, 6), (0, 7), (3, 6), (2, 4), (2, 7), (4, 7), (0, 6), (1, 5)]","[1.0, 1.0, 1.0, 1.0, 1.0, 1.0, 1.0, 1.0, 1.0, 1.0, 1.0, 1.0, 1.0, 1.0, 1.0, 1.0, 1.0, 1.0, 1.0, 1.0]"
6cdc93d3,8,16,1,25.0,False,False,"[1, 1, 1]",9.029354551197121,,,,,,,,,,,5.975394162056604,,0.6617742307244299,,,,1.47745680809021,1.47745680809021,False,,0.0,0.0,,,1.484154462814331,2026-07-21 08:39:51,x86_64,dacsgpu0002,,64,64,3.11.15,0.2,False,False,adam,True,1,20,hamqaoa,0.01,False,False,hog,False,True,False,False,False,False,False,1,HOG_graphs/random_graphs_8to14vertices_78instances_20260625_143415_AdjacencyList.txt,False,0,32,1,5,1,,4,"[(1, 3), (0, 1), (2, 3), (1, 6), (4, 7), (2, 6), (5, 7), (0, 7), (3, 5), (4, 6), (5, 6), (3, 7), (0, 5), (1, 4), (0, 2), (2, 4)]","[1.0, 1.0, 1.0, 1.0, 1.0, 1.0, 1.0, 1.0, 1.0, 1.0, 1.0, 1.0, 1.0, 1.0, 1.0, 1.0]"
8f22baf8,8,12,1,10.0,False,False,"[1, 1, 1]",6.52322519319384,,,,,,,,,,,3.991890826761486,,0.6119504859232086,,,,0.9297568798065186,0.9297568798065186,False,,0.0,0.0,,,0.9365696907043457,2026-07-21 08:39:52,x86_64,dacsgpu0002,,64,64,3.11.15,0.2,False,False,adam,True,1,20,hamqaoa,0.01,False,False,hog,False,True,False,False,False,False,False,1,HOG_graphs/random_graphs_8to14vertices_78instances_20260625_143415_AdjacencyList.txt,False,0,32,1,5,1,,6,"[(2, 7), (0, 1), (2, 3), (2, 6), (0, 7), (3, 5), (0, 3), (5, 6), (3, 4), (4, 5), (0, 2), (2, 4)]","[1.0, 1.0, 1.0, 1.0, 1.0, 1.0, 1.0, 1.0, 1.0, 1.0, 1.0, 1.0]"
968ae130,8,20,1,25.0,False,False,"[1, 1, 1]",9.309016994374973,,,,,,,,,,,4.999910707895648,,0.5371040477116834,,,,1.717644214630127,1.717644214630127,False,,0.0,0.0,,,1.723052978515625,2026-07-21 08:39:52,x86_64,dacsgpu0002,,64,64,3.11.15,0.21,False,False,adam,True,1,20,hamqaoa,0.01,False,False,hog,False,True,False,False,False,False,False,1,HOG_graphs/random_graphs_8to14vertices_78instances_20260625_143415_AdjacencyList.txt,False,0,32,1,5,1,,5,"[(2, 6), (3, 5), (4, 6), (0, 5), (0, 2), (1, 7), (3, 4), (4, 5), (3, 7), (2, 5), (1, 3), (0, 1), (1, 6), (0, 7), (3, 6), (2, 4), (2, 7), (4, 7), (0, 6), (1, 5)]","[1.0, 1.0, 1.0, 1.0, 1.0, 1.0, 1.0, 1.0, 1.0, 1.0, 1.0, 1.0, 1.0, 1.0, 1.0, 1.0, 1.0, 1.0, 1.0, 1.0]"
1ff876fe,8,15,1,5.0,False,False,"[1, 1, 1]",7.5806979535883885,,,,,,,,,,,4.714016350793629,,0.621844634841599,,,,0.7829747200012207,0.7829747200012207,False,,0.0,0.0,,,0.7897462844848633,2026-07-21 08:39:52,x86_64,dacsgpu0002,,64,64,3.11.15,0.2,False,False,adam,True,1,20,hamqaoa,0.01,False,False,hog,False,True,False,False,False,False,False,1,HOG_graphs/random_graphs_8to14vertices_78instances_20260625_143415_AdjacencyList.txt,False,0,32,1,5,1,,7,"[(0, 1), (0, 4), (4, 7), (2, 6), (0, 3), (4, 6), (0, 6), (3, 4), (4, 5), (3, 7), (2, 5), (0, 5), (0, 2), (2, 4), (1, 7)]","[1.0, 1.0, 1.0, 1.0, 1.0, 1.0, 1.0, 1.0, 1.0, 1.0, 1.0, 1.0, 1.0, 1.0, 1.0]"
adf533f1,8,12,1,25.0,False,False,"[1, 1, 1]",6.52322519319384,,,,,,,,,,,3.9999446969063235,,0.6131851313487935,,,,1.2939832210540771,1.2939832210540771,False,,0.0,0.0,,,1.3006935119628906,2026-07-21 08:39:52,x86_64,dacsgpu0002,,64,64,3.11.15,0.2,False,False,adam,True,1,20,hamqaoa,0.01,False,False,hog,False,True,False,False,False,False,False,1,HOG_graphs/random_graphs_8to14vertices_78instances_20260625_143415_AdjacencyList.txt,False,0,32,1,5,1,,6,"[(2, 7), (0, 1), (2, 3), (2, 6), (0, 7), (3, 5), (0, 3), (5, 6), (3, 4), (4, 5), (0, 2), (2, 4)]","[1.0, 1.0, 1.0, 1.0, 1.0, 1.0, 1.0, 1.0, 1.0, 1.0, 1.0, 1.0]"
4a035afb,8,12,2,10.0,False,False,"[1, 1, 1]",7.820089374374799,,,,,,,,,,,4.89606116289507,,0.6260876223408254,,,,2.1701810359954834,2.1701810359954834,False,,0.0,0.0,,,2.17677640914917,2026-07-21 08:39:52,x86_64,dacsgpu0002,,64,64,3.11.15,0.2,True,True,adam,True,1,20,hamqaoa,0.01,False,False,hog,False,True,False,False,False,False,False,1,HOG_graphs/random_graphs_8to14vertices_78instances_20260625_143415_AdjacencyList.txt,False,0,32,1,5,1,,3,"[(1, 3), (2, 3), (1, 6), (0, 4), (2, 6), (5, 7), (0, 7), (3, 5), (0, 6), (4, 5), (2, 4), (1, 7)]","[1.0, 1.0, 1.0, 1.0, 1.0, 1.0, 1.0, 1.0, 1.0, 1.0, 1.0, 1.0]"
672cde6e,8,20,2,5.0,False,False,"[1, 1, 1]",9.309016994374973,,,,,,,,,,,5.695623620328108,,0.6118394266300858,,,,2.2337989807128906,2.2337989807128906,False,,0.0,0.0,,,2.2402775287628174,2026-07-21 08:39:52,x86_64,dacsgpu0002,,64,64,3.11.15,0.21,False,False,adam,True,1,20,hamqaoa,0.01,False,False,hog,False,True,False,False,False,False,False,1,HOG_graphs/random_graphs_8to14vertices_78instances_20260625_143415_AdjacencyList.txt,False,0,32,1,5,1,,5,"[(2, 6), (3, 5), (4, 6), (0, 5), (0, 2), (1, 7), (3, 4), (4, 5), (3, 7), (2, 5), (1, 3), (0, 1), (1, 6), (0, 7), (3, 6), (2, 4), (2, 7), (4, 7), (0, 6), (1, 5)]","[1.0, 1.0, 1.0, 1.0, 1.0, 1.0, 1.0, 1.0, 1.0, 1.0, 1.0, 1.0, 1.0, 1.0, 1.0, 1.0, 1.0, 1.0, 1.0, 1.0]"
b0f1573a,8,12,2,5.0,False,False,"[1, 1, 1]",6.52322519319384,,,,,,,,,,,3.9496372021134865,,0.6054730727730254,,,,1.8232066631317139,1.8232066631317139,False,,0.0,0.0,,,1.8292872905731201,2026-07-21 08:39:52,x86_64,dacsgpu0002,,64,64,3.11.15,0.2,False,False,adam,True,1,20,hamqaoa,0.01,False,False,hog,False,True,False,False,False,False,False,1,HOG_graphs/random_graphs_8to14vertices_78instances_20260625_143415_AdjacencyList.txt,False,0,32,1,5,1,,6,"[(2, 7), (0, 1), (2, 3), (2, 6), (0, 7), (3, 5), (0, 3), (5, 6), (3, 4), (4, 5), (0, 2), (2, 4)]","[1.0, 1.0, 1.0, 1.0, 1.0, 1.0, 1.0, 1.0, 1.0, 1.0, 1.0, 1.0]"
eca4d142,8,20,1,50.0,False,False,"[1, 1, 1]",9.309016994374973,,,,,,,,,,,4.999999212462469,,0.5371135551136867,,,,2.4236104488372803,2.4236104488372803,False,,0.0,0.0,,,2.4287030696868896,2026-07-21 08:39:52,x86_64,dacsgpu0002,,64,64,3.11.15,0.21,False,False,adam,True,1,20,hamqaoa,0.01,False,False,hog,False,True,False,False,False,False,False,1,HOG_graphs/random_graphs_8to14vertices_78instances_20260625_143415_AdjacencyList.txt,False,0,32,1,5,1,,5,"[(2, 6), (3, 5), (4, 6), (0, 5), (0, 2), (1, 7), (3, 4), (4, 5), (3, 7), (2, 5), (1, 3), (0, 1), (1, 6), (0, 7), (3, 6), (2, 4), (2, 7), (4, 7), (0, 6), (1, 5)]","[1.0, 1.0, 1.0, 1.0, 1.0, 1.0, 1.0, 1.0, 1.0, 1.0, 1.0, 1.0, 1.0, 1.0, 1.0, 1.0, 1.0, 1.0, 1.0, 1.0]"
2dfa5157,8,15,1,10.0,False,False,"[1, 1, 1]",7.5806979535883885,,,,,,,,,,,6.07558308645123,,0.8014543151102994,,,,0.8998837471008301,0.8998837471008301,False,,0.0,0.0,,,0.9064812660217285,2026-07-21 08:39:52,x86_64,dacsgpu0002,,64,64,3.11.15,0.2,False,False,adam,True,1,20,hamqaoa,0.01,False,False,hog,False,True,False,False,False,False,False,1,HOG_graphs/random_graphs_8to14vertices_78instances_20260625_143415_AdjacencyList.txt,False,0,32,1,5,1,,7,"[(0, 1), (0, 4), (4, 7), (2, 6), (0, 3), (4, 6), (0, 6), (3, 4), (4, 5), (3, 7), (2, 5), (0, 5), (0, 2), (2, 4), (1, 7)]","[1.0, 1.0, 1.0, 1.0, 1.0, 1.0, 1.0, 1.0, 1.0, 1.0, 1.0, 1.0, 1.0, 1.0, 1.0]"
bb18cf8f,8,20,2,10.0,False,False,"[1, 1, 1]",9.309016994374973,,,,,,,,,,,5.3393840406761965,,0.573571199182744,,,,2.6230783462524414,2.6230783462524414,False,,0.0,0.0,,,2.629223585128784,2026-07-21 08:39:53,x86_64,dacsgpu0002,,64,64,3.11.15,0.21,False,False,adam,True,1,20,hamqaoa,0.01,False,False,hog,False,True,False,False,False,False,False,1,HOG_graphs/random_graphs_8to14vertices_78instances_20260625_143415_AdjacencyList.txt,False,0,32,1,5,1,,5,"[(2, 6), (3, 5), (4, 6), (0, 5), (0, 2), (1, 7), (3, 4), (4, 5), (3, 7), (2, 5), (1, 3), (0, 1), (1, 6), (0, 7), (3, 6), (2, 4), (2, 7), (4, 7), (0, 6), (1, 5)]","[1.0, 1.0, 1.0, 1.0, 1.0, 1.0, 1.0, 1.0, 1.0, 1.0, 1.0, 1.0, 1.0, 1.0, 1.0, 1.0, 1.0, 1.0, 1.0, 1.0]"
7e27a71b,8,12,2,10.0,False,False,"[1, 1, 1]",6.52322519319384,,,,,,,,,,,3.8853086903308474,,0.5956116146940129,,,,2.0305042266845703,2.0305042266845703,False,,0.0,0.0,,,2.0365209579467773,2026-07-21 08:39:53,x86_64,dacsgpu0002,,64,64,3.11.15,0.2,False,False,adam,True,1,20,hamqaoa,0.01,False,False,hog,False,True,False,False,False,False,False,1,HOG_graphs/random_graphs_8to14vertices_78instances_20260625_143415_AdjacencyList.txt,False,0,32,1,5,1,,6,"[(2, 7), (0, 1), (2, 3), (2, 6), (0, 7), (3, 5), (0, 3), (5, 6), (3, 4), (4, 5), (0, 2), (2, 4)]","[1.0, 1.0, 1.0, 1.0, 1.0, 1.0, 1.0, 1.0, 1.0, 1.0, 1.0, 1.0]"
99de430b,8,12,1,50.0,False,False,"[1, 1, 1]",6.52322519319384,,,,,,,,,,,3.999824143361374,,0.6131666506829604,,,,1.9554836750030518,1.9554836750030518,False,,0.0,0.0,,,1.9619026184082031,2026-07-21 08:39:53,x86_64,dacsgpu0002,,64,64,3.11.15,0.2,False,False,adam,True,1,20,hamqaoa,0.01,False,False,hog,False,True,False,False,False,False,False,1,HOG_graphs/random_graphs_8to14vertices_78instances_20260625_143415_AdjacencyList.txt,False,0,32,1,5,1,,6,"[(2, 7), (0, 1), (2, 3), (2, 6), (0, 7), (3, 5), (0, 3), (5, 6), (3, 4), (4, 5), (0, 2), (2, 4)]","[1.0, 1.0, 1.0, 1.0, 1.0, 1.0, 1.0, 1.0, 1.0, 1.0, 1.0, 1.0]"
da24cb68,8,15,2,5.0,False,False,"[1, 1, 1]",7.5806979535883885,,,,,,,,,,,4.806647748951441,,0.6340640107783444,,,,1.7920000553131104,1.7920000553131104,False,,0.0,0.0,,,1.7978129386901855,2026-07-21 08:39:53,x86_64,dacsgpu0002,,64,64,3.11.15,0.2,False,False,adam,True,1,20,hamqaoa,0.01,False,False,hog,False,True,False,False,False,False,False,1,HOG_graphs/random_graphs_8to14vertices_78instances_20260625_143415_AdjacencyList.txt,False,0,32,1,5,1,,7,"[(0, 1), (0, 4), (4, 7), (2, 6), (0, 3), (4, 6), (0, 6), (3, 4), (4, 5), (3, 7), (2, 5), (0, 5), (0, 2), (2, 4), (1, 7)]","[1.0, 1.0, 1.0, 1.0, 1.0, 1.0, 1.0, 1.0, 1.0, 1.0, 1.0, 1.0, 1.0, 1.0, 1.0]"
d73dfc55,8,16,2,25.0,False,False,"[1, 1, 1]",9.029354551197121,,,,,,,,,,,6.082645171989629,,0.6736522679999519,,,,3.2981226444244385,3.2981226444244385,False,,0.0,0.0,,,3.3044686317443848,2026-07-21 08:39:53,x86_64,dacsgpu0002,,64,64,3.11.15,0.21,False,False,adam,True,1,20,hamqaoa,0.01,False,False,hog,False,True,False,False,False,False,False,1,HOG_graphs/random_graphs_8to14vertices_78instances_20260625_143415_AdjacencyList.txt,False,0,32,1,5,1,,4,"[(1, 3), (0, 1), (2, 3), (1, 6), (4, 7), (2, 6), (5, 7), (0, 7), (3, 5), (4, 6), (5, 6), (3, 7), (0, 5), (1, 4), (0, 2), (2, 4)]","[1.0, 1.0, 1.0, 1.0, 1.0, 1.0, 1.0, 1.0, 1.0, 1.0, 1.0, 1.0, 1.0, 1.0, 1.0, 1.0]"
0c6ab781,8,12,2,25.0,False,False,"[1, 1, 1]",6.52322519319384,,,,,,,,,,,3.595574407322987,,0.551195812015583,,,,2.846559762954712,2.846559762954712,False,,0.0,0.0,,,2.8531267642974854,2026-07-21 08:39:54,x86_64,dacsgpu0002,,64,64,3.11.15,0.21,False,False,adam,True,1,20,hamqaoa,0.01,False,False,hog,False,True,False,False,False,False,False,1,HOG_graphs/random_graphs_8to14vertices_78instances_20260625_143415_AdjacencyList.txt,False,0,32,1,5,1,,6,"[(2, 7), (0, 1), (2, 3), (2, 6), (0, 7), (3, 5), (0, 3), (5, 6), (3, 4), (4, 5), (0, 2), (2, 4)]","[1.0, 1.0, 1.0, 1.0, 1.0, 1.0, 1.0, 1.0, 1.0, 1.0, 1.0, 1.0]"
ab617141,8,12,1,25.0,False,False,"[1, 1, 1]",7.820089374374799,,,,,,,,,,,4.146497439668506,,0.5302365792974086,,,,1.229116439819336,1.229116439819336,False,,0.0,0.0,,,1.2343549728393555,2026-07-21 08:39:55,x86_64,dacsgpu0002,,64,64,3.11.15,0.2,True,True,adam,True,1,20,hamqaoa,0.01,False,False,hog,False,True,False,False,False,False,False,1,HOG_graphs/random_graphs_8to14vertices_78instances_20260625_143415_AdjacencyList.txt,False,0,32,1,5,1,,3,"[(1, 3), (2, 3), (1, 6), (0, 4), (2, 6), (5, 7), (0, 7), (3, 5), (0, 6), (4, 5), (2, 4), (1, 7)]","[1.0, 1.0, 1.0, 1.0, 1.0, 1.0, 1.0, 1.0, 1.0, 1.0, 1.0, 1.0]"
d42d42a1,8,20,2,50.0,False,False,"[1, 1, 1]",9.309016994374973,,,,,,,,,,,6.214273969597142,,0.6675542619969598,,,,5.319383859634399,5.319383859634399,False,,0.0,0.0,,,5.325080394744873,2026-07-21 08:39:55,x86_64,dacsgpu0002,,64,64,3.11.15,0.21,False,False,adam,True,1,20,hamqaoa,0.01,False,False,hog,False,True,False,False,False,False,False,1,HOG_graphs/random_graphs_8to14vertices_78instances_20260625_143415_AdjacencyList.txt,False,0,32,1,5,1,,5,"[(2, 6), (3, 5), (4, 6), (0, 5), (0, 2), (1, 7), (3, 4), (4, 5), (3, 7), (2, 5), (1, 3), (0, 1), (1, 6), (0, 7), (3, 6), (2, 4), (2, 7), (4, 7), (0, 6), (1, 5)]","[1.0, 1.0, 1.0, 1.0, 1.0, 1.0, 1.0, 1.0, 1.0, 1.0, 1.0, 1.0, 1.0, 1.0, 1.0, 1.0, 1.0, 1.0, 1.0, 1.0]"
ce62bcf4,8,12,2,50.0,False,False,"[1, 1, 1]",6.52322519319384,,,,,,,,,,,4.896907315523832,,0.7506880677112198,,,,4.264906167984009,4.264906167984009,False,,0.0,0.0,,,4.271068572998047,2026-07-21 08:39:55,x86_64,dacsgpu0002,,64,64,3.11.15,0.2,False,False,adam,True,1,20,hamqaoa,0.01,False,False,hog,False,True,False,False,False,False,False,1,HOG_graphs/random_graphs_8to14vertices_78instances_20260625_143415_AdjacencyList.txt,False,0,32,1,5,1,,6,"[(2, 7), (0, 1), (2, 3), (2, 6), (0, 7), (3, 5), (0, 3), (5, 6), (3, 4), (4, 5), (0, 2), (2, 4)]","[1.0, 1.0, 1.0, 1.0, 1.0, 1.0, 1.0, 1.0, 1.0, 1.0, 1.0, 1.0]"
fd32a4d3,8,16,2,5.0,False,False,"[1, 1, 1]",9.029354551197121,,,,,,,,,,,5.112312036248019,,0.5661879824588595,,,,1.646552324295044,1.646552324295044,False,,0.0,0.0,,,1.6519932746887207,2026-07-21 08:39:56,x86_64,dacsgpu0002,,64,64,3.11.15,0.2,False,False,adam,True,1,20,hamqaoa,0.01,False,False,hog,False,True,False,False,False,False,False,1,HOG_graphs/random_graphs_8to14vertices_78instances_20260625_143415_AdjacencyList.txt,False,0,32,1,5,1,,4,"[(1, 3), (0, 1), (2, 3), (1, 6), (4, 7), (2, 6), (5, 7), (0, 7), (3, 5), (4, 6), (5, 6), (3, 7), (0, 5), (1, 4), (0, 2), (2, 4)]","[1.0, 1.0, 1.0, 1.0, 1.0, 1.0, 1.0, 1.0, 1.0, 1.0, 1.0, 1.0, 1.0, 1.0, 1.0, 1.0]"
20cfc91c,8,12,1,50.0,False,False,"[1, 1, 1]",7.820089374374799,,,,,,,,,,,4.1427456643964655,,0.5297568181217456,,,,1.8986573219299316,1.8986573219299316,False,,0.0,0.0,,,1.9038724899291992,2026-07-21 08:39:56,x86_64,dacsgpu0002,,64,64,3.11.15,0.2,True,True,adam,True,1,20,hamqaoa,0.01,False,False,hog,False,True,False,False,False,False,False,1,HOG_graphs/random_graphs_8to14vertices_78instances_20260625_143415_AdjacencyList.txt,False,0,32,1,5,1,,3,"[(1, 3), (2, 3), (1, 6), (0, 4), (2, 6), (5, 7), (0, 7), (3, 5), (0, 6), (4, 5), (2, 4), (1, 7)]","[1.0, 1.0, 1.0, 1.0, 1.0, 1.0, 1.0, 1.0, 1.0, 1.0, 1.0, 1.0]"
69f5203d,8,16,1,50.0,False,False,"[1, 1, 1]",9.029354551197121,,,,,,,,,,,6.033297150349394,,0.6681869801590075,,,,1.9852948188781738,1.9852948188781738,False,,0.0,0.0,,,1.9898014068603516,2026-07-21 08:39:57,x86_64,dacsgpu0002,,64,64,3.11.15,0.2,False,False,adam,True,1,20,hamqaoa,0.01,False,False,hog,False,True,False,False,False,False,False,1,HOG_graphs/random_graphs_8to14vertices_78instances_20260625_143415_AdjacencyList.txt,False,0,32,1,5,1,,4,"[(1, 3), (0, 1), (2, 3), (1, 6), (4, 7), (2, 6), (5, 7), (0, 7), (3, 5), (4, 6), (5, 6), (3, 7), (0, 5), (1, 4), (0, 2), (2, 4)]","[1.0, 1.0, 1.0, 1.0, 1.0, 1.0, 1.0, 1.0, 1.0, 1.0, 1.0, 1.0, 1.0, 1.0, 1.0, 1.0]"
adce8412,8,16,2,10.0,False,False,"[1, 1, 1]",9.029354551197121,,,,,,,,,,,5.156630563323128,,0.5710962543429482,,,,1.9445669651031494,1.9445669651031494,False,,0.0,0.0,,,1.9504821300506592,2026-07-21 08:39:57,x86_64,dacsgpu0002,,64,64,3.11.15,0.2,False,False,adam,True,1,20,hamqaoa,0.01,False,False,hog,False,True,False,False,False,False,False,1,HOG_graphs/random_graphs_8to14vertices_78instances_20260625_143415_AdjacencyList.txt,False,0,32,1,5,1,,4,"[(1, 3), (0, 1), (2, 3), (1, 6), (4, 7), (2, 6), (5, 7), (0, 7), (3, 5), (4, 6), (5, 6), (3, 7), (0, 5), (1, 4), (0, 2), (2, 4)]","[1.0, 1.0, 1.0, 1.0, 1.0, 1.0, 1.0, 1.0, 1.0, 1.0, 1.0, 1.0, 1.0, 1.0, 1.0, 1.0]"
8cc7bf57,8,12,2,25.0,False,False,"[1, 1, 1]",7.820089374374799,,,,,,,,,,,4.144060296533365,,0.5299249277268873,,,,2.5609450340270996,2.5609450340270996,False,,0.0,0.0,,,2.566713809967041,2026-07-21 08:39:57,x86_64,dacsgpu0002,,64,64,3.11.15,0.2,True,True,adam,True,1,20,hamqaoa,0.01,False,False,hog,False,True,False,False,False,False,False,1,HOG_graphs/random_graphs_8to14vertices_78instances_20260625_143415_AdjacencyList.txt,False,0,32,1,5,1,,3,"[(1, 3), (2, 3), (1, 6), (0, 4), (2, 6), (5, 7), (0, 7), (3, 5), (0, 6), (4, 5), (2, 4), (1, 7)]","[1.0, 1.0, 1.0, 1.0, 1.0, 1.0, 1.0, 1.0, 1.0, 1.0, 1.0, 1.0]"
40570f8d,8,12,2,50.0,False,False,"[1, 1, 1]",7.820089374374799,,,,,,,,,,,4.666184657701277,,0.5966919857708569,,,,4.065903186798096,4.065903186798096,False,,0.0,0.0,,,4.070433616638184,2026-07-21 08:39:58,x86_64,dacsgpu0002,,64,64,3.11.15,0.21,True,True,adam,True,1,20,hamqaoa,0.01,False,False,hog,False,True,False,False,False,False,False,1,HOG_graphs/random_graphs_8to14vertices_78instances_20260625_143415_AdjacencyList.txt,False,0,32,1,5,1,,3,"[(1, 3), (2, 3), (1, 6), (0, 4), (2, 6), (5, 7), (0, 7), (3, 5), (0, 6), (4, 5), (2, 4), (1, 7)]","[1.0, 1.0, 1.0, 1.0, 1.0, 1.0, 1.0, 1.0, 1.0, 1.0, 1.0, 1.0]"
e5ed7b13,8,20,2,25.0,False,False,"[1, 1, 1]",9.309016994374973,,,,,,,,,,,7.028259810952281,,0.7549948415820003,,,,3.204261541366577,3.204261541366577,False,,0.0,0.0,,,3.2105612754821777,2026-07-21 08:39:58,x86_64,dacsgpu0002,,64,64,3.11.15,0.21,False,False,adam,True,1,20,hamqaoa,0.01,False,False,hog,False,True,False,False,False,False,False,1,HOG_graphs/random_graphs_8to14vertices_78instances_20260625_143415_AdjacencyList.txt,False,0,32,1,5,1,,5,"[(2, 6), (3, 5), (4, 6), (0, 5), (0, 2), (1, 7), (3, 4), (4, 5), (3, 7), (2, 5), (1, 3), (0, 1), (1, 6), (0, 7), (3, 6), (2, 4), (2, 7), (4, 7), (0, 6), (1, 5)]","[1.0, 1.0, 1.0, 1.0, 1.0, 1.0, 1.0, 1.0, 1.0, 1.0, 1.0, 1.0, 1.0, 1.0, 1.0, 1.0, 1.0, 1.0, 1.0, 1.0]"
fc676ca5,8,16,1,5.0,False,False,"[1, 1, 1]",8.115104877307424,,,,,,,,,,,4.240122847347649,,0.5224976031060875,,,,0.7850124835968018,0.7850124835968018,False,,0.0,0.0,,,0.7906427383422852,2026-07-21 08:39:59,x86_64,dacsgpu0002,,64,64,3.11.15,0.21,False,False,adam,True,1,20,hamqaoa,0.01,False,False,hog,False,True,False,False,False,False,False,1,HOG_graphs/random_graphs_8to14vertices_78instances_20260625_143415_AdjacencyList.txt,False,0,32,1,5,1,,8,"[(1, 3), (0, 1), (2, 3), (5, 7), (0, 7), (3, 5), (4, 6), (1, 2), (5, 6), (0, 6), (3, 4), (2, 5), (1, 4), (0, 2), (6, 7), (1, 7)]","[1.0, 1.0, 1.0, 1.0, 1.0, 1.0, 1.0, 1.0, 1.0, 1.0, 1.0, 1.0, 1.0, 1.0, 1.0, 1.0]"
f6c577e1,8,15,1,25.0,False,False,"[1, 1, 1]",7.5806979535883885,,,,,,,,,,,4.996810403039449,,0.6591491223673099,,,,1.3782813549041748,1.3782813549041748,False,,0.0,0.0,,,1.3844175338745117,2026-07-21 08:39:59,x86_64,dacsgpu0002,,64,64,3.11.15,0.21,False,False,adam,True,1,20,hamqaoa,0.01,False,False,hog,False,True,False,False,False,False,False,1,HOG_graphs/random_graphs_8to14vertices_78instances_20260625_143415_AdjacencyList.txt,False,0,32,1,5,1,,7,"[(0, 1), (0, 4), (4, 7), (2, 6), (0, 3), (4, 6), (0, 6), (3, 4), (4, 5), (3, 7), (2, 5), (0, 5), (0, 2), (2, 4), (1, 7)]","[1.0, 1.0, 1.0, 1.0, 1.0, 1.0, 1.0, 1.0, 1.0, 1.0, 1.0, 1.0, 1.0, 1.0, 1.0]"
aa554127,8,16,2,50.0,False,False,"[1, 1, 1]",9.029354551197121,,,,,,,,,,,5.628178923410437,,0.6233201821346408,,,,4.7856574058532715,4.7856574058532715,False,,0.0,0.0,,,4.79052996635437,2026-07-21 08:40:00,x86_64,dacsgpu0002,,64,64,3.11.15,0.21,False,False,adam,True,1,20,hamqaoa,0.01,False,False,hog,False,True,False,False,False,False,False,1,HOG_graphs/random_graphs_8to14vertices_78instances_20260625_143415_AdjacencyList.txt,False,0,32,1,5,1,,4,"[(1, 3), (0, 1), (2, 3), (1, 6), (4, 7), (2, 6), (5, 7), (0, 7), (3, 5), (4, 6), (5, 6), (3, 7), (0, 5), (1, 4), (0, 2), (2, 4)]","[1.0, 1.0, 1.0, 1.0, 1.0, 1.0, 1.0, 1.0, 1.0, 1.0, 1.0, 1.0, 1.0, 1.0, 1.0, 1.0]"
778f3f91,8,16,1,10.0,False,False,"[1, 1, 1]",8.115104877307424,,,,,,,,,,,3.999996170976697,,0.4929075140066321,,,,1.0037546157836914,1.0037546157836914,False,,0.0,0.0,,,1.0105650424957275,2026-07-21 08:40:00,x86_64,dacsgpu0002,,64,64,3.11.15,0.2,False,False,adam,True,1,20,hamqaoa,0.01,False,False,hog,False,True,False,False,False,False,False,1,HOG_graphs/random_graphs_8to14vertices_78instances_20260625_143415_AdjacencyList.txt,False,0,32,1,5,1,,8,"[(1, 3), (0, 1), (2, 3), (5, 7), (0, 7), (3, 5), (4, 6), (1, 2), (5, 6), (0, 6), (3, 4), (2, 5), (1, 4), (0, 2), (6, 7), (1, 7)]","[1.0, 1.0, 1.0, 1.0, 1.0, 1.0, 1.0, 1.0, 1.0, 1.0, 1.0, 1.0, 1.0, 1.0, 1.0, 1.0]"
f2ad226d,8,15,2,10.0,False,False,"[1, 1, 1]",7.5806979535883885,,,,,,,,,,,4.923619060945519,,0.6494941614993224,,,,2.3210670948028564,2.3210670948028564,False,,0.0,0.0,,,2.3262341022491455,2026-07-21 08:40:00,x86_64,dacsgpu0002,,64,64,3.11.15,0.21,False,False,adam,True,1,20,hamqaoa,0.01,False,False,hog,False,True,False,False,False,False,False,1,HOG_graphs/random_graphs_8to14vertices_78instances_20260625_143415_AdjacencyList.txt,False,0,32,1,5,1,,7,"[(0, 1), (0, 4), (4, 7), (2, 6), (0, 3), (4, 6), (0, 6), (3, 4), (4, 5), (3, 7), (2, 5), (0, 5), (0, 2), (2, 4), (1, 7)]","[1.0, 1.0, 1.0, 1.0, 1.0, 1.0, 1.0, 1.0, 1.0, 1.0, 1.0, 1.0, 1.0, 1.0, 1.0]"
41896939,8,15,1,50.0,False,False,"[1, 1, 1]",7.5806979535883885,,,,,,,,,,,5.511630196875439,,0.7270610477583349,,,,2.182330369949341,2.182330369949341,False,,0.0,0.0,,,2.189868927001953,2026-07-21 08:40:00,x86_64,dacsgpu0002,,64,64,3.11.15,0.21,False,False,adam,True,1,20,hamqaoa,0.01,False,False,hog,False,True,False,False,False,False,False,1,HOG_graphs/random_graphs_8to14vertices_78instances_20260625_143415_AdjacencyList.txt,False,0,32,1,5,1,,7,"[(0, 1), (0, 4), (4, 7), (2, 6), (0, 3), (4, 6), (0, 6), (3, 4), (4, 5), (3, 7), (2, 5), (0, 5), (0, 2), (2, 4), (1, 7)]","[1.0, 1.0, 1.0, 1.0, 1.0, 1.0, 1.0, 1.0, 1.0, 1.0, 1.0, 1.0, 1.0, 1.0, 1.0]"
0c075994,8,16,1,5.0,False,False,"[1, 1, 1]",7.941043782459287,,,,,,,,,,,5.293178350345712,,0.6665595223184188,,,,0.9081122875213623,0.9081122875213623,False,,0.0,0.0,,,0.9158947467803955,2026-07-21 08:40:01,x86_64,dacsgpu0002,,64,64,3.11.15,0.2,False,False,adam,True,1,20,hamqaoa,0.01,False,False,hog,False,True,False,False,False,False,False,1,HOG_graphs/random_graphs_8to14vertices_78instances_20260625_143415_AdjacencyList.txt,False,0,32,1,5,1,,9,"[(2, 7), (0, 1), (1, 6), (2, 6), (3, 5), (1, 2), (5, 6), (0, 6), (3, 4), (1, 5), (4, 5), (2, 5), (1, 4), (0, 2), (6, 7), (1, 7)]","[1.0, 1.0, 1.0, 1.0, 1.0, 1.0, 1.0, 1.0, 1.0, 1.0, 1.0, 1.0, 1.0, 1.0, 1.0, 1.0]"
e476046d,8,16,1,25.0,False,False,"[1, 1, 1]",8.115104877307424,,,,,,,,,,,4.80993088987457,,0.59271333674624,,,,1.5593187808990479,1.5593187808990479,False,,0.0,0.0,,,1.5656824111938477,2026-07-21 08:40:01,x86_64,dacsgpu0002,,64,64,3.11.15,0.21,False,False,adam,True,1,20,hamqaoa,0.01,False,False,hog,False,True,False,False,False,False,False,1,HOG_graphs/random_graphs_8to14vertices_78instances_20260625_143415_AdjacencyList.txt,False,0,32,1,5,1,,8,"[(1, 3), (0, 1), (2, 3), (5, 7), (0, 7), (3, 5), (4, 6), (1, 2), (5, 6), (0, 6), (3, 4), (2, 5), (1, 4), (0, 2), (6, 7), (1, 7)]","[1.0, 1.0, 1.0, 1.0, 1.0, 1.0, 1.0, 1.0, 1.0, 1.0, 1.0, 1.0, 1.0, 1.0, 1.0, 1.0]"
c8ad991d,8,16,2,5.0,False,False,"[1, 1, 1]",8.115104877307424,,,,,,,,,,,4.974110879211201,,0.6129447437112607,,,,2.189016819000244,2.189016819000244,False,,0.0,0.0,,,2.194504976272583,2026-07-21 08:40:01,x86_64,dacsgpu0002,,64,64,3.11.15,0.21,False,False,adam,True,1,20,hamqaoa,0.01,False,False,hog,False,True,False,False,False,False,False,1,HOG_graphs/random_graphs_8to14vertices_78instances_20260625_143415_AdjacencyList.txt,False,0,32,1,5,1,,8,"[(1, 3), (0, 1), (2, 3), (5, 7), (0, 7), (3, 5), (4, 6), (1, 2), (5, 6), (0, 6), (3, 4), (2, 5), (1, 4), (0, 2), (6, 7), (1, 7)]","[1.0, 1.0, 1.0, 1.0, 1.0, 1.0, 1.0, 1.0, 1.0, 1.0, 1.0, 1.0, 1.0, 1.0, 1.0, 1.0]"
036f068a,8,16,1,10.0,False,False,"[1, 1, 1]",7.941043782459287,,,,,,,,,,,5.226792782255215,,0.6581997185055832,,,,1.0376484394073486,1.0376484394073486,False,,0.0,0.0,,,1.0441510677337646,2026-07-21 08:40:01,x86_64,dacsgpu0002,,64,64,3.11.15,0.21,False,False,adam,True,1,20,hamqaoa,0.01,False,False,hog,False,True,False,False,False,False,False,1,HOG_graphs/random_graphs_8to14vertices_78instances_20260625_143415_AdjacencyList.txt,False,0,32,1,5,1,,9,"[(2, 7), (0, 1), (1, 6), (2, 6), (3, 5), (1, 2), (5, 6), (0, 6), (3, 4), (1, 5), (4, 5), (2, 5), (1, 4), (0, 2), (6, 7), (1, 7)]","[1.0, 1.0, 1.0, 1.0, 1.0, 1.0, 1.0, 1.0, 1.0, 1.0, 1.0, 1.0, 1.0, 1.0, 1.0, 1.0]"
955db944,8,16,2,10.0,False,False,"[1, 1, 1]",8.115104877307424,,,,,,,,,,,5.773814567378389,,0.711489827263222,,,,2.6479198932647705,2.6479198932647705,False,,0.0,0.0,,,2.655435800552368,2026-07-21 08:40:01,x86_64,dacsgpu0002,,64,64,3.11.15,0.21,False,False,adam,True,1,20,hamqaoa,0.01,False,False,hog,False,True,False,False,False,False,False,1,HOG_graphs/random_graphs_8to14vertices_78instances_20260625_143415_AdjacencyList.txt,False,0,32,1,5,1,,8,"[(1, 3), (0, 1), (2, 3), (5, 7), (0, 7), (3, 5), (4, 6), (1, 2), (5, 6), (0, 6), (3, 4), (2, 5), (1, 4), (0, 2), (6, 7), (1, 7)]","[1.0, 1.0, 1.0, 1.0, 1.0, 1.0, 1.0, 1.0, 1.0, 1.0, 1.0, 1.0, 1.0, 1.0, 1.0, 1.0]"
f6620111,8,15,2,25.0,False,False,"[1, 1, 1]",7.5806979535883885,,,,,,,,,,,5.18036927924025,,0.6833631033654465,,,,3.5826261043548584,3.5826261043548584,False,,0.0,0.0,,,3.588963747024536,2026-07-21 08:40:02,x86_64,dacsgpu0002,,64,64,3.11.15,0.21,False,False,adam,True,1,20,hamqaoa,0.01,False,False,hog,False,True,False,False,False,False,False,1,HOG_graphs/random_graphs_8to14vertices_78instances_20260625_143415_AdjacencyList.txt,False,0,32,1,5,1,,7,"[(0, 1), (0, 4), (4, 7), (2, 6), (0, 3), (4, 6), (0, 6), (3, 4), (4, 5), (3, 7), (2, 5), (0, 5), (0, 2), (2, 4), (1, 7)]","[1.0, 1.0, 1.0, 1.0, 1.0, 1.0, 1.0, 1.0, 1.0, 1.0, 1.0, 1.0, 1.0, 1.0, 1.0]"
7b803e71,8,16,1,50.0,False,False,"[1, 1, 1]",8.115104877307424,,,,,,,,,,,5.08119656652696,,0.6261405913231883,,,,2.40773868560791,2.40773868560791,False,,0.0,0.0,,,2.4142491817474365,2026-07-21 08:40:02,x86_64,dacsgpu0002,,64,64,3.11.15,0.2,False,False,adam,True,1,20,hamqaoa,0.01,False,False,hog,False,True,False,False,False,False,False,1,HOG_graphs/random_graphs_8to14vertices_78instances_20260625_143415_AdjacencyList.txt,False,0,32,1,5,1,,8,"[(1, 3), (0, 1), (2, 3), (5, 7), (0, 7), (3, 5), (4, 6), (1, 2), (5, 6), (0, 6), (3, 4), (2, 5), (1, 4), (0, 2), (6, 7), (1, 7)]","[1.0, 1.0, 1.0, 1.0, 1.0, 1.0, 1.0, 1.0, 1.0, 1.0, 1.0, 1.0, 1.0, 1.0, 1.0, 1.0]"
4e6ef950,8,16,1,25.0,False,False,"[1, 1, 1]",7.941043782459287,,,,,,,,,,,4.98692880741409,,0.6279941206758681,,,,1.6890232563018799,1.6890232563018799,False,,0.0,0.0,,,1.697556734085083,2026-07-21 08:40:02,x86_64,dacsgpu0002,,64,64,3.11.15,0.21,False,False,adam,True,1,20,hamqaoa,0.01,False,False,hog,False,True,False,False,False,False,False,1,HOG_graphs/random_graphs_8to14vertices_78instances_20260625_143415_AdjacencyList.txt,False,0,32,1,5,1,,9,"[(2, 7), (0, 1), (1, 6), (2, 6), (3, 5), (1, 2), (5, 6), (0, 6), (3, 4), (1, 5), (4, 5), (2, 5), (1, 4), (0, 2), (6, 7), (1, 7)]","[1.0, 1.0, 1.0, 1.0, 1.0, 1.0, 1.0, 1.0, 1.0, 1.0, 1.0, 1.0, 1.0, 1.0, 1.0, 1.0]"
e48b72b4,8,24,1,5.0,False,False,"[1, 1, 1]",10.000000000000002,,,,,,,,,,,6.833125387877291,,0.683312538787729,,,,1.1162700653076172,1.1162700653076172,False,,0.0,0.0,,,1.1241607666015625,2026-07-21 08:40:02,x86_64,dacsgpu0002,,64,64,3.11.15,0.21,False,False,adam,True,1,20,hamqaoa,0.01,False,False,hog,False,True,False,False,False,False,False,1,HOG_graphs/random_graphs_8to14vertices_78instances_20260625_143415_AdjacencyList.txt,False,0,32,1,5,1,,10,"[(2, 3), (2, 6), (3, 5), (4, 6), (0, 5), (1, 4), (0, 2), (1, 7), (5, 7), (4, 5), (3, 7), (2, 5), (1, 3), (0, 1), (1, 6), (0, 4), (0, 7), (5, 6), (3, 6), (2, 4), (2, 7), (4, 7), (1, 2), (0, 6)]","[1.0, 1.0, 1.0, 1.0, 1.0, 1.0, 1.0, 1.0, 1.0, 1.0, 1.0, 1.0, 1.0, 1.0, 1.0, 1.0, 1.0, 1.0, 1.0, 1.0, 1.0, 1.0, 1.0, 1.0]"
f224c529,8,16,2,5.0,False,False,"[1, 1, 1]",7.941043782459287,,,,,,,,,,,4.871673547632642,,0.6134802528596458,,,,2.233306646347046,2.233306646347046,False,,0.0,0.0,,,2.240678548812866,2026-07-21 08:40:02,x86_64,dacsgpu0002,,64,64,3.11.15,0.21,False,False,adam,True,1,20,hamqaoa,0.01,False,False,hog,False,True,False,False,False,False,False,1,HOG_graphs/random_graphs_8to14vertices_78instances_20260625_143415_AdjacencyList.txt,False,0,32,1,5,1,,9,"[(2, 7), (0, 1), (1, 6), (2, 6), (3, 5), (1, 2), (5, 6), (0, 6), (3, 4), (1, 5), (4, 5), (2, 5), (1, 4), (0, 2), (6, 7), (1, 7)]","[1.0, 1.0, 1.0, 1.0, 1.0, 1.0, 1.0, 1.0, 1.0, 1.0, 1.0, 1.0, 1.0, 1.0, 1.0, 1.0]"
e21bab08,8,24,1,10.0,False,False,"[1, 1, 1]",10.000000000000002,,,,,,,,,,,7.4742668811708555,,0.7474266881170855,,,,1.399925708770752,1.399925708770752,False,,0.0,0.0,,,1.4078600406646729,2026-07-21 08:40:03,x86_64,dacsgpu0002,,64,64,3.11.15,0.2,False,False,adam,True,1,20,hamqaoa,0.01,False,False,hog,False,True,False,False,False,False,False,1,HOG_graphs/random_graphs_8to14vertices_78instances_20260625_143415_AdjacencyList.txt,False,0,32,1,5,1,,10,"[(2, 3), (2, 6), (3, 5), (4, 6), (0, 5), (1, 4), (0, 2), (1, 7), (5, 7), (4, 5), (3, 7), (2, 5), (1, 3), (0, 1), (1, 6), (0, 4), (0, 7), (5, 6), (3, 6), (2, 4), (2, 7), (4, 7), (1, 2), (0, 6)]","[1.0, 1.0, 1.0, 1.0, 1.0, 1.0, 1.0, 1.0, 1.0, 1.0, 1.0, 1.0, 1.0, 1.0, 1.0, 1.0, 1.0, 1.0, 1.0, 1.0, 1.0, 1.0, 1.0, 1.0]"
3ff9f81c,8,16,2,10.0,False,False,"[1, 1, 1]",7.941043782459287,,,,,,,,,,,5.0819993060042865,,0.639966161278414,,,,2.7037105560302734,2.7037105560302734,False,,0.0,0.0,,,2.711301565170288,2026-07-21 08:40:03,x86_64,dacsgpu0002,,64,64,3.11.15,0.21,False,False,adam,True,1,20,hamqaoa,0.01,False,False,hog,False,True,False,False,False,False,False,1,HOG_graphs/random_graphs_8to14vertices_78instances_20260625_143415_AdjacencyList.txt,False,0,32,1,5,1,,9,"[(2, 7), (0, 1), (1, 6), (2, 6), (3, 5), (1, 2), (5, 6), (0, 6), (3, 4), (1, 5), (4, 5), (2, 5), (1, 4), (0, 2), (6, 7), (1, 7)]","[1.0, 1.0, 1.0, 1.0, 1.0, 1.0, 1.0, 1.0, 1.0, 1.0, 1.0, 1.0, 1.0, 1.0, 1.0, 1.0]"
34a19ebf,8,16,2,25.0,False,False,"[1, 1, 1]",8.115104877307424,,,,,,,,,,,5.082980103690673,,0.62636037125095,,,,3.7825870513916016,3.7825870513916016,False,,0.0,0.0,,,3.7915003299713135,2026-07-21 08:40:03,x86_64,dacsgpu0002,,64,64,3.11.15,0.21,False,False,adam,True,1,20,hamqaoa,0.01,False,False,hog,False,True,False,False,False,False,False,1,HOG_graphs/random_graphs_8to14vertices_78instances_20260625_143415_AdjacencyList.txt,False,0,32,1,5,1,,8,"[(1, 3), (0, 1), (2, 3), (5, 7), (0, 7), (3, 5), (4, 6), (1, 2), (5, 6), (0, 6), (3, 4), (2, 5), (1, 4), (0, 2), (6, 7), (1, 7)]","[1.0, 1.0, 1.0, 1.0, 1.0, 1.0, 1.0, 1.0, 1.0, 1.0, 1.0, 1.0, 1.0, 1.0, 1.0, 1.0]"
b0eba55e,8,16,1,50.0,False,False,"[1, 1, 1]",7.941043782459287,,,,,,,,,,,6.378903365980466,,0.8032827347042989,,,,2.4944698810577393,2.4944698810577393,False,,0.0,0.0,,,2.503265857696533,2026-07-21 08:40:03,x86_64,dacsgpu0002,,64,64,3.11.15,0.2,False,False,adam,True,1,20,hamqaoa,0.01,False,False,hog,False,True,False,False,False,False,False,1,HOG_graphs/random_graphs_8to14vertices_78instances_20260625_143415_AdjacencyList.txt,False,0,32,1,5,1,,9,"[(2, 7), (0, 1), (1, 6), (2, 6), (3, 5), (1, 2), (5, 6), (0, 6), (3, 4), (1, 5), (4, 5), (2, 5), (1, 4), (0, 2), (6, 7), (1, 7)]","[1.0, 1.0, 1.0, 1.0, 1.0, 1.0, 1.0, 1.0, 1.0, 1.0, 1.0, 1.0, 1.0, 1.0, 1.0, 1.0]"
066dda16,8,24,1,5.0,False,False,"[1, 1, 1]",9.809016994374945,,,,,,,,,,,5.733964845281834,,0.5845605985360225,,,,1.1876277923583984,1.1876277923583984,False,,0.0,0.0,,,1.1950907707214355,2026-07-21 08:40:03,x86_64,dacsgpu0002,,64,64,3.11.15,0.2,False,False,adam,True,1,20,hamqaoa,0.01,False,False,hog,False,True,False,False,False,False,False,1,HOG_graphs/random_graphs_8to14vertices_78instances_20260625_143415_AdjacencyList.txt,False,0,32,1,5,1,,11,"[(2, 3), (2, 6), (3, 5), (4, 6), (0, 5), (0, 2), (1, 7), (5, 7), (4, 5), (3, 7), (2, 5), (1, 3), (0, 1), (1, 6), (0, 4), (0, 7), (5, 6), (3, 6), (2, 4), (2, 7), (4, 7), (1, 2), (1, 5), (6, 7)]","[1.0, 1.0, 1.0, 1.0, 1.0, 1.0, 1.0, 1.0, 1.0, 1.0, 1.0, 1.0, 1.0, 1.0, 1.0, 1.0, 1.0, 1.0, 1.0, 1.0, 1.0, 1.0, 1.0, 1.0]"
c0e5705f,8,24,1,25.0,False,False,"[1, 1, 1]",10.000000000000002,,,,,,,,,,,6.006043257038509,,0.6006043257038508,,,,2.025538444519043,2.025538444519043,False,,0.0,0.0,,,2.03322696685791,2026-07-21 08:40:03,x86_64,dacsgpu0002,,64,64,3.11.15,0.2,False,False,adam,True,1,20,hamqaoa,0.01,False,False,hog,False,True,False,False,False,False,False,1,HOG_graphs/random_graphs_8to14vertices_78instances_20260625_143415_AdjacencyList.txt,False,0,32,1,5,1,,10,"[(2, 3), (2, 6), (3, 5), (4, 6), (0, 5), (1, 4), (0, 2), (1, 7), (5, 7), (4, 5), (3, 7), (2, 5), (1, 3), (0, 1), (1, 6), (0, 4), (0, 7), (5, 6), (3, 6), (2, 4), (2, 7), (4, 7), (1, 2), (0, 6)]","[1.0, 1.0, 1.0, 1.0, 1.0, 1.0, 1.0, 1.0, 1.0, 1.0, 1.0, 1.0, 1.0, 1.0, 1.0, 1.0, 1.0, 1.0, 1.0, 1.0, 1.0, 1.0, 1.0, 1.0]"
aab5ad92,8,24,2,5.0,False,False,"[1, 1, 1]",10.000000000000002,,,,,,,,,,,6.45877722769028,,0.6458777227690279,,,,2.7054779529571533,2.7054779529571533,False,,0.0,0.0,,,2.7126762866973877,2026-07-21 08:40:04,x86_64,dacsgpu0002,,64,64,3.11.15,0.21,False,False,adam,True,1,20,hamqaoa,0.01,False,False,hog,False,True,False,False,False,False,False,1,HOG_graphs/random_graphs_8to14vertices_78instances_20260625_143415_AdjacencyList.txt,False,0,32,1,5,1,,10,"[(2, 3), (2, 6), (3, 5), (4, 6), (0, 5), (1, 4), (0, 2), (1, 7), (5, 7), (4, 5), (3, 7), (2, 5), (1, 3), (0, 1), (1, 6), (0, 4), (0, 7), (5, 6), (3, 6), (2, 4), (2, 7), (4, 7), (1, 2), (0, 6)]","[1.0, 1.0, 1.0, 1.0, 1.0, 1.0, 1.0, 1.0, 1.0, 1.0, 1.0, 1.0, 1.0, 1.0, 1.0, 1.0, 1.0, 1.0, 1.0, 1.0, 1.0, 1.0, 1.0, 1.0]"
83ae1da3,8,24,1,10.0,False,False,"[1, 1, 1]",9.809016994374945,,,,,,,,,,,6.038149392617515,,0.6155713050635082,,,,1.3184471130371094,1.3184471130371094,False,,0.0,0.0,,,1.3253133296966553,2026-07-21 08:40:04,x86_64,dacsgpu0002,,64,64,3.11.15,0.2,False,False,adam,True,1,20,hamqaoa,0.01,False,False,hog,False,True,False,False,False,False,False,1,HOG_graphs/random_graphs_8to14vertices_78instances_20260625_143415_AdjacencyList.txt,False,0,32,1,5,1,,11,"[(2, 3), (2, 6), (3, 5), (4, 6), (0, 5), (0, 2), (1, 7), (5, 7), (4, 5), (3, 7), (2, 5), (1, 3), (0, 1), (1, 6), (0, 4), (0, 7), (5, 6), (3, 6), (2, 4), (2, 7), (4, 7), (1, 2), (1, 5), (6, 7)]","[1.0, 1.0, 1.0, 1.0, 1.0, 1.0, 1.0, 1.0, 1.0, 1.0, 1.0, 1.0, 1.0, 1.0, 1.0, 1.0, 1.0, 1.0, 1.0, 1.0, 1.0, 1.0, 1.0, 1.0]"
5f170522,8,15,2,50.0,False,False,"[1, 1, 1]",7.5806979535883885,,,,,,,,,,,4.998536955068671,,0.6593768787084533,,,,5.769628047943115,5.769628047943115,False,,0.0,0.0,,,5.775463342666626,2026-07-21 08:40:04,x86_64,dacsgpu0002,,64,64,3.11.15,0.21,False,False,adam,True,1,20,hamqaoa,0.01,False,False,hog,False,True,False,False,False,False,False,1,HOG_graphs/random_graphs_8to14vertices_78instances_20260625_143415_AdjacencyList.txt,False,0,32,1,5,1,,7,"[(0, 1), (0, 4), (4, 7), (2, 6), (0, 3), (4, 6), (0, 6), (3, 4), (4, 5), (3, 7), (2, 5), (0, 5), (0, 2), (2, 4), (1, 7)]","[1.0, 1.0, 1.0, 1.0, 1.0, 1.0, 1.0, 1.0, 1.0, 1.0, 1.0, 1.0, 1.0, 1.0, 1.0]"
58ed11d6,8,16,2,25.0,False,False,"[1, 1, 1]",7.941043782459287,,,,,,,,,,,5.312139855112499,,0.6689473072603266,,,,3.877216339111328,3.877216339111328,False,,0.0,0.0,,,3.8833866119384766,2026-07-21 08:40:04,x86_64,dacsgpu0002,,64,64,3.11.15,0.2,False,False,adam,True,1,20,hamqaoa,0.01,False,False,hog,False,True,False,False,False,False,False,1,HOG_graphs/random_graphs_8to14vertices_78instances_20260625_143415_AdjacencyList.txt,False,0,32,1,5,1,,9,"[(2, 7), (0, 1), (1, 6), (2, 6), (3, 5), (1, 2), (5, 6), (0, 6), (3, 4), (1, 5), (4, 5), (2, 5), (1, 4), (0, 2), (6, 7), (1, 7)]","[1.0, 1.0, 1.0, 1.0, 1.0, 1.0, 1.0, 1.0, 1.0, 1.0, 1.0, 1.0, 1.0, 1.0, 1.0, 1.0]"
5949ea70,9,10,1,5.0,False,False,"[1, 1, 1]",6.236411627771346,,,,,,,,,,,2.605231869587245,,0.4177453357930857,,,,0.9030592441558838,0.9030592441558838,False,,0.0,0.0,,,0.9121344089508057,2026-07-21 08:40:04,x86_64,dacsgpu0002,,64,64,3.11.15,0.2,False,False,adam,True,1,20,hamqaoa,0.01,False,False,hog,False,True,False,False,False,False,False,1,HOG_graphs/random_graphs_8to14vertices_78instances_20260625_143415_AdjacencyList.txt,False,0,32,1,5,1,,12,"[(2, 7), (0, 1), (2, 3), (0, 4), (5, 7), (4, 6), (6, 8), (5, 6), (0, 6), (2, 4)]","[1.0, 1.0, 1.0, 1.0, 1.0, 1.0, 1.0, 1.0, 1.0, 1.0]"
63574a80,8,24,2,10.0,False,False,"[1, 1, 1]",10.000000000000002,,,,,,,,,,,6.940403889265882,,0.694040388926588,,,,3.205695867538452,3.205695867538452,False,,0.0,0.0,,,3.213696002960205,2026-07-21 08:40:04,x86_64,dacsgpu0002,,64,64,3.11.15,0.21,False,False,adam,True,1,20,hamqaoa,0.01,False,False,hog,False,True,False,False,False,False,False,1,HOG_graphs/random_graphs_8to14vertices_78instances_20260625_143415_AdjacencyList.txt,False,0,32,1,5,1,,10,"[(2, 3), (2, 6), (3, 5), (4, 6), (0, 5), (1, 4), (0, 2), (1, 7), (5, 7), (4, 5), (3, 7), (2, 5), (1, 3), (0, 1), (1, 6), (0, 4), (0, 7), (5, 6), (3, 6), (2, 4), (2, 7), (4, 7), (1, 2), (0, 6)]","[1.0, 1.0, 1.0, 1.0, 1.0, 1.0, 1.0, 1.0, 1.0, 1.0, 1.0, 1.0, 1.0, 1.0, 1.0, 1.0, 1.0, 1.0, 1.0, 1.0, 1.0, 1.0, 1.0, 1.0]"
36dfb5b1,9,10,1,10.0,False,False,"[1, 1, 1]",6.236411627771346,,,,,,,,,,,3.3454081943238276,,0.5364315882271786,,,,1.0704896450042725,1.0704896450042725,False,,0.0,0.0,,,1.0775952339172363,2026-07-21 08:40:05,x86_64,dacsgpu0002,,64,64,3.11.15,0.2,False,False,adam,True,1,20,hamqaoa,0.01,False,False,hog,False,True,False,False,False,False,False,1,HOG_graphs/random_graphs_8to14vertices_78instances_20260625_143415_AdjacencyList.txt,False,0,32,1,5,1,,12,"[(2, 7), (0, 1), (2, 3), (0, 4), (5, 7), (4, 6), (6, 8), (5, 6), (0, 6), (2, 4)]","[1.0, 1.0, 1.0, 1.0, 1.0, 1.0, 1.0, 1.0, 1.0, 1.0]"
d65c3afd,8,24,1,25.0,False,False,"[1, 1, 1]",9.809016994374945,,,,,,,,,,,6.278211859504003,,0.6400449569110025,,,,2.088355779647827,2.088355779647827,False,,0.0,0.0,,,2.095730781555176,2026-07-21 08:40:05,x86_64,dacsgpu0002,,64,64,3.11.15,0.2,False,False,adam,True,1,20,hamqaoa,0.01,False,False,hog,False,True,False,False,False,False,False,1,HOG_graphs/random_graphs_8to14vertices_78instances_20260625_143415_AdjacencyList.txt,False,0,32,1,5,1,,11,"[(2, 3), (2, 6), (3, 5), (4, 6), (0, 5), (0, 2), (1, 7), (5, 7), (4, 5), (3, 7), (2, 5), (1, 3), (0, 1), (1, 6), (0, 4), (0, 7), (5, 6), (3, 6), (2, 4), (2, 7), (4, 7), (1, 2), (1, 5), (6, 7)]","[1.0, 1.0, 1.0, 1.0, 1.0, 1.0, 1.0, 1.0, 1.0, 1.0, 1.0, 1.0, 1.0, 1.0, 1.0, 1.0, 1.0, 1.0, 1.0, 1.0, 1.0, 1.0, 1.0, 1.0]"
975cdde5,8,24,1,50.0,False,False,"[1, 1, 1]",10.000000000000002,,,,,,,,,,,6.870633193473575,,0.6870633193473573,,,,3.2285232543945312,3.2285232543945312,False,,0.0,0.0,,,3.237058162689209,2026-07-21 08:40:05,x86_64,dacsgpu0002,,64,64,3.11.15,0.2,False,False,adam,True,1,20,hamqaoa,0.01,False,False,hog,False,True,False,False,False,False,False,1,HOG_graphs/random_graphs_8to14vertices_78instances_20260625_143415_AdjacencyList.txt,False,0,32,1,5,1,,10,"[(2, 3), (2, 6), (3, 5), (4, 6), (0, 5), (1, 4), (0, 2), (1, 7), (5, 7), (4, 5), (3, 7), (2, 5), (1, 3), (0, 1), (1, 6), (0, 4), (0, 7), (5, 6), (3, 6), (2, 4), (2, 7), (4, 7), (1, 2), (0, 6)]","[1.0, 1.0, 1.0, 1.0, 1.0, 1.0, 1.0, 1.0, 1.0, 1.0, 1.0, 1.0, 1.0, 1.0, 1.0, 1.0, 1.0, 1.0, 1.0, 1.0, 1.0, 1.0, 1.0, 1.0]"
1b20727d,8,24,2,5.0,False,False,"[1, 1, 1]",9.809016994374945,,,,,,,,,,,7.154116865056202,,0.7293408574130094,,,,2.749958038330078,2.749958038330078,False,,0.0,0.0,,,2.7587192058563232,2026-07-21 08:40:05,x86_64,dacsgpu0002,,64,64,3.11.15,0.2,False,False,adam,True,1,20,hamqaoa,0.01,False,False,hog,False,True,False,False,False,False,False,1,HOG_graphs/random_graphs_8to14vertices_78instances_20260625_143415_AdjacencyList.txt,False,0,32,1,5,1,,11,"[(2, 3), (2, 6), (3, 5), (4, 6), (0, 5), (0, 2), (1, 7), (5, 7), (4, 5), (3, 7), (2, 5), (1, 3), (0, 1), (1, 6), (0, 4), (0, 7), (5, 6), (3, 6), (2, 4), (2, 7), (4, 7), (1, 2), (1, 5), (6, 7)]","[1.0, 1.0, 1.0, 1.0, 1.0, 1.0, 1.0, 1.0, 1.0, 1.0, 1.0, 1.0, 1.0, 1.0, 1.0, 1.0, 1.0, 1.0, 1.0, 1.0, 1.0, 1.0, 1.0, 1.0]"
9367d56b,8,16,2,50.0,False,False,"[1, 1, 1]",8.115104877307424,,,,,,,,,,,5.533857797801871,,0.681920675267723,,,,5.901151895523071,5.901151895523071,False,,0.0,0.0,,,5.908618688583374,2026-07-21 08:40:05,x86_64,dacsgpu0002,,64,64,3.11.15,0.21,False,False,adam,True,1,20,hamqaoa,0.01,False,False,hog,False,True,False,False,False,False,False,1,HOG_graphs/random_graphs_8to14vertices_78instances_20260625_143415_AdjacencyList.txt,False,0,32,1,5,1,,8,"[(1, 3), (0, 1), (2, 3), (5, 7), (0, 7), (3, 5), (4, 6), (1, 2), (5, 6), (0, 6), (3, 4), (2, 5), (1, 4), (0, 2), (6, 7), (1, 7)]","[1.0, 1.0, 1.0, 1.0, 1.0, 1.0, 1.0, 1.0, 1.0, 1.0, 1.0, 1.0, 1.0, 1.0, 1.0, 1.0]"
34842abc,9,10,1,25.0,False,False,"[1, 1, 1]",6.236411627771346,,,,,,,,,,,2.8646184688540086,,0.4593376191041631,,,,1.4907495975494385,1.4907495975494385,False,,0.0,0.0,,,1.5004572868347168,2026-07-21 08:40:06,x86_64,dacsgpu0002,,64,64,3.11.15,0.2,False,False,adam,True,1,20,hamqaoa,0.01,False,False,hog,False,True,False,False,False,False,False,1,HOG_graphs/random_graphs_8to14vertices_78instances_20260625_143415_AdjacencyList.txt,False,0,32,1,5,1,,12,"[(2, 7), (0, 1), (2, 3), (0, 4), (5, 7), (4, 6), (6, 8), (5, 6), (0, 6), (2, 4)]","[1.0, 1.0, 1.0, 1.0, 1.0, 1.0, 1.0, 1.0, 1.0, 1.0]"
c41e287e,9,10,2,5.0,False,False,"[1, 1, 1]",6.236411627771346,,,,,,,,,,,3.9745799303898246,,0.6373184080233951,,,,2.2118592262268066,2.2118592262268066,False,,0.0,0.0,,,2.223335027694702,2026-07-21 08:40:06,x86_64,dacsgpu0002,,64,64,3.11.15,0.21,False,False,adam,True,1,20,hamqaoa,0.01,False,False,hog,False,True,False,False,False,False,False,1,HOG_graphs/random_graphs_8to14vertices_78instances_20260625_143415_AdjacencyList.txt,False,0,32,1,5,1,,12,"[(2, 7), (0, 1), (2, 3), (0, 4), (5, 7), (4, 6), (6, 8), (5, 6), (0, 6), (2, 4)]","[1.0, 1.0, 1.0, 1.0, 1.0, 1.0, 1.0, 1.0, 1.0, 1.0]"
136400d9,9,18,1,5.0,False,False,"[1, 1, 1]",9.080080501337052,,,,,,,,,,,4.977096173881056,,0.5481334855068931,,,,1.1436946392059326,1.1436946392059326,False,,0.0,0.0,,,1.1532056331634521,2026-07-21 08:40:06,x86_64,dacsgpu0002,,64,64,3.11.15,0.2,False,False,adam,True,1,20,hamqaoa,0.01,False,False,hog,False,True,False,False,False,False,False,1,HOG_graphs/random_graphs_8to14vertices_78instances_20260625_143415_AdjacencyList.txt,False,0,32,1,5,1,,13,"[(2, 7), (0, 1), (2, 3), (0, 4), (2, 6), (0, 7), (3, 5), (4, 6), (1, 2), (5, 6), (0, 6), (3, 4), (6, 8), (4, 5), (0, 5), (1, 4), (5, 8), (0, 8)]","[1.0, 1.0, 1.0, 1.0, 1.0, 1.0, 1.0, 1.0, 1.0, 1.0, 1.0, 1.0, 1.0, 1.0, 1.0, 1.0, 1.0, 1.0]"
98a0d968,8,24,2,10.0,False,False,"[1, 1, 1]",9.809016994374945,,,,,,,,,,,6.490746567557855,,0.6617122359233369,,,,3.3524491786956787,3.3524491786956787,False,,0.0,0.0,,,3.358677625656128,2026-07-21 08:40:06,x86_64,dacsgpu0002,,64,64,3.11.15,0.2,False,False,adam,True,1,20,hamqaoa,0.01,False,False,hog,False,True,False,False,False,False,False,1,HOG_graphs/random_graphs_8to14vertices_78instances_20260625_143415_AdjacencyList.txt,False,0,32,1,5,1,,11,"[(2, 3), (2, 6), (3, 5), (4, 6), (0, 5), (0, 2), (1, 7), (5, 7), (4, 5), (3, 7), (2, 5), (1, 3), (0, 1), (1, 6), (0, 4), (0, 7), (5, 6), (3, 6), (2, 4), (2, 7), (4, 7), (1, 2), (1, 5), (6, 7)]","[1.0, 1.0, 1.0, 1.0, 1.0, 1.0, 1.0, 1.0, 1.0, 1.0, 1.0, 1.0, 1.0, 1.0, 1.0, 1.0, 1.0, 1.0, 1.0, 1.0, 1.0, 1.0, 1.0, 1.0]"
7508f4db,8,24,1,50.0,False,False,"[1, 1, 1]",9.809016994374945,,,,,,,,,,,7.260917881103583,,0.740228902169036,,,,3.0620737075805664,3.0620737075805664,False,,0.0,0.0,,,3.0674757957458496,2026-07-21 08:40:06,x86_64,dacsgpu0002,,64,64,3.11.15,0.2,False,False,adam,True,1,20,hamqaoa,0.01,False,False,hog,False,True,False,False,False,False,False,1,HOG_graphs/random_graphs_8to14vertices_78instances_20260625_143415_AdjacencyList.txt,False,0,32,1,5,1,,11,"[(2, 3), (2, 6), (3, 5), (4, 6), (0, 5), (0, 2), (1, 7), (5, 7), (4, 5), (3, 7), (2, 5), (1, 3), (0, 1), (1, 6), (0, 4), (0, 7), (5, 6), (3, 6), (2, 4), (2, 7), (4, 7), (1, 2), (1, 5), (6, 7)]","[1.0, 1.0, 1.0, 1.0, 1.0, 1.0, 1.0, 1.0, 1.0, 1.0, 1.0, 1.0, 1.0, 1.0, 1.0, 1.0, 1.0, 1.0, 1.0, 1.0, 1.0, 1.0, 1.0, 1.0]"
d62a2837,8,24,2,25.0,False,False,"[1, 1, 1]",10.000000000000002,,,,,,,,,,,6.878077784281257,,0.6878077784281256,,,,4.807233572006226,4.807233572006226,False,,0.0,0.0,,,4.815868616104126,2026-07-21 08:40:06,x86_64,dacsgpu0002,,64,64,3.11.15,0.21,False,False,adam,True,1,20,hamqaoa,0.01,False,False,hog,False,True,False,False,False,False,False,1,HOG_graphs/random_graphs_8to14vertices_78instances_20260625_143415_AdjacencyList.txt,False,0,32,1,5,1,,10,"[(2, 3), (2, 6), (3, 5), (4, 6), (0, 5), (1, 4), (0, 2), (1, 7), (5, 7), (4, 5), (3, 7), (2, 5), (1, 3), (0, 1), (1, 6), (0, 4), (0, 7), (5, 6), (3, 6), (2, 4), (2, 7), (4, 7), (1, 2), (0, 6)]","[1.0, 1.0, 1.0, 1.0, 1.0, 1.0, 1.0, 1.0, 1.0, 1.0, 1.0, 1.0, 1.0, 1.0, 1.0, 1.0, 1.0, 1.0, 1.0, 1.0, 1.0, 1.0, 1.0, 1.0]"
941ee1cf,9,18,1,10.0,False,False,"[1, 1, 1]",9.080080501337052,,,,,,,,,,,5.121533460993489,,0.5640405346890193,,,,1.3486080169677734,1.3486080169677734,False,,0.0,0.0,,,1.3581674098968506,2026-07-21 08:40:07,x86_64,dacsgpu0002,,64,64,3.11.15,0.2,False,False,adam,True,1,20,hamqaoa,0.01,False,False,hog,False,True,False,False,False,False,False,1,HOG_graphs/random_graphs_8to14vertices_78instances_20260625_143415_AdjacencyList.txt,False,0,32,1,5,1,,13,"[(2, 7), (0, 1), (2, 3), (0, 4), (2, 6), (0, 7), (3, 5), (4, 6), (1, 2), (5, 6), (0, 6), (3, 4), (6, 8), (4, 5), (0, 5), (1, 4), (5, 8), (0, 8)]","[1.0, 1.0, 1.0, 1.0, 1.0, 1.0, 1.0, 1.0, 1.0, 1.0, 1.0, 1.0, 1.0, 1.0, 1.0, 1.0, 1.0, 1.0]"
dff48565,8,16,2,50.0,False,False,"[1, 1, 1]",7.941043782459287,,,,,,,,,,,4.994449495990333,,0.6289411861728316,,,,5.994950532913208,5.994950532913208,False,,0.0,0.0,,,6.001973390579224,2026-07-21 08:40:07,x86_64,dacsgpu0002,,64,64,3.11.15,0.21,False,False,adam,True,1,20,hamqaoa,0.01,False,False,hog,False,True,False,False,False,False,False,1,HOG_graphs/random_graphs_8to14vertices_78instances_20260625_143415_AdjacencyList.txt,False,0,32,1,5,1,,9,"[(2, 7), (0, 1), (1, 6), (2, 6), (3, 5), (1, 2), (5, 6), (0, 6), (3, 4), (1, 5), (4, 5), (2, 5), (1, 4), (0, 2), (6, 7), (1, 7)]","[1.0, 1.0, 1.0, 1.0, 1.0, 1.0, 1.0, 1.0, 1.0, 1.0, 1.0, 1.0, 1.0, 1.0, 1.0, 1.0]"
9858d164,9,10,2,10.0,False,False,"[1, 1, 1]",6.236411627771346,,,,,,,,,,,3.6594663436685555,,0.5867903791617276,,,,2.626587152481079,2.626587152481079,False,,0.0,0.0,,,2.6333024501800537,2026-07-21 08:40:07,x86_64,dacsgpu0002,,64,64,3.11.15,0.21,False,False,adam,True,1,20,hamqaoa,0.01,False,False,hog,False,True,False,False,False,False,False,1,HOG_graphs/random_graphs_8to14vertices_78instances_20260625_143415_AdjacencyList.txt,False,0,32,1,5,1,,12,"[(2, 7), (0, 1), (2, 3), (0, 4), (5, 7), (4, 6), (6, 8), (5, 6), (0, 6), (2, 4)]","[1.0, 1.0, 1.0, 1.0, 1.0, 1.0, 1.0, 1.0, 1.0, 1.0]"
8f4fcb11,9,10,1,50.0,False,False,"[1, 1, 1]",6.236411627771346,,,,,,,,,,,3.9272508195724463,,0.629729250404835,,,,2.3326447010040283,2.3326447010040283,False,,0.0,0.0,,,2.3417162895202637,2026-07-21 08:40:07,x86_64,dacsgpu0002,,64,64,3.11.15,0.21,False,False,adam,True,1,20,hamqaoa,0.01,False,False,hog,False,True,False,False,False,False,False,1,HOG_graphs/random_graphs_8to14vertices_78instances_20260625_143415_AdjacencyList.txt,False,0,32,1,5,1,,12,"[(2, 7), (0, 1), (2, 3), (0, 4), (5, 7), (4, 6), (6, 8), (5, 6), (0, 6), (2, 4)]","[1.0, 1.0, 1.0, 1.0, 1.0, 1.0, 1.0, 1.0, 1.0, 1.0]"
0ee584a8,9,18,1,25.0,False,False,"[1, 1, 1]",9.080080501337052,,,,,,,,,,,4.508388099931996,,0.4965141112205041,,,,1.9086964130401611,1.9086964130401611,False,,0.0,0.0,,,1.91642165184021,2026-07-21 08:40:08,x86_64,dacsgpu0002,,64,64,3.11.15,0.2,False,False,adam,True,1,20,hamqaoa,0.01,False,False,hog,False,True,False,False,False,False,False,1,HOG_graphs/random_graphs_8to14vertices_78instances_20260625_143415_AdjacencyList.txt,False,0,32,1,5,1,,13,"[(2, 7), (0, 1), (2, 3), (0, 4), (2, 6), (0, 7), (3, 5), (4, 6), (1, 2), (5, 6), (0, 6), (3, 4), (6, 8), (4, 5), (0, 5), (1, 4), (5, 8), (0, 8)]","[1.0, 1.0, 1.0, 1.0, 1.0, 1.0, 1.0, 1.0, 1.0, 1.0, 1.0, 1.0, 1.0, 1.0, 1.0, 1.0, 1.0, 1.0]"
14f30108,9,21,1,5.0,False,False,"[1, 1, 1]",9.960783523542805,,,,,,,,,,,5.742539017911571,,0.5765147896587448,,,,1.152285099029541,1.152285099029541,False,,0.0,0.0,,,1.1605916023254395,2026-07-21 08:40:08,x86_64,dacsgpu0002,,64,64,3.11.15,0.2,False,False,adam,True,1,20,hamqaoa,0.01,False,False,hog,False,True,False,False,False,False,False,1,HOG_graphs/random_graphs_8to14vertices_78instances_20260625_143415_AdjacencyList.txt,False,0,32,1,5,1,,14,"[(2, 3), (2, 6), (3, 5), (7, 8), (0, 8), (1, 7), (5, 7), (3, 4), (2, 8), (4, 5), (3, 7), (2, 5), (4, 8), (1, 3), (0, 7), (6, 8), (2, 4), (0, 3), (0, 6), (1, 5), (6, 7)]","[1.0, 1.0, 1.0, 1.0, 1.0, 1.0, 1.0, 1.0, 1.0, 1.0, 1.0, 1.0, 1.0, 1.0, 1.0, 1.0, 1.0, 1.0, 1.0, 1.0, 1.0]"
e640f701,9,18,2,5.0,False,False,"[1, 1, 1]",9.080080501337052,,,,,,,,,,,5.912703475552139,,0.651173023706286,,,,2.682810068130493,2.682810068130493,False,,0.0,0.0,,,2.6913375854492188,2026-07-21 08:40:08,x86_64,dacsgpu0002,,64,64,3.11.15,0.2,False,False,adam,True,1,20,hamqaoa,0.01,False,False,hog,False,True,False,False,False,False,False,1,HOG_graphs/random_graphs_8to14vertices_78instances_20260625_143415_AdjacencyList.txt,False,0,32,1,5,1,,13,"[(2, 7), (0, 1), (2, 3), (0, 4), (2, 6), (0, 7), (3, 5), (4, 6), (1, 2), (5, 6), (0, 6), (3, 4), (6, 8), (4, 5), (0, 5), (1, 4), (5, 8), (0, 8)]","[1.0, 1.0, 1.0, 1.0, 1.0, 1.0, 1.0, 1.0, 1.0, 1.0, 1.0, 1.0, 1.0, 1.0, 1.0, 1.0, 1.0, 1.0]"
d5b03111,8,24,2,25.0,False,False,"[1, 1, 1]",9.809016994374945,,,,,,,,,,,7.1317965309007665,,0.7270653659781148,,,,4.8621134757995605,4.8621134757995605,False,,0.0,0.0,,,4.870804786682129,2026-07-21 08:40:08,x86_64,dacsgpu0002,,64,64,3.11.15,0.2,False,False,adam,True,1,20,hamqaoa,0.01,False,False,hog,False,True,False,False,False,False,False,1,HOG_graphs/random_graphs_8to14vertices_78instances_20260625_143415_AdjacencyList.txt,False,0,32,1,5,1,,11,"[(2, 3), (2, 6), (3, 5), (4, 6), (0, 5), (0, 2), (1, 7), (5, 7), (4, 5), (3, 7), (2, 5), (1, 3), (0, 1), (1, 6), (0, 4), (0, 7), (5, 6), (3, 6), (2, 4), (2, 7), (4, 7), (1, 2), (1, 5), (6, 7)]","[1.0, 1.0, 1.0, 1.0, 1.0, 1.0, 1.0, 1.0, 1.0, 1.0, 1.0, 1.0, 1.0, 1.0, 1.0, 1.0, 1.0, 1.0, 1.0, 1.0, 1.0, 1.0, 1.0, 1.0]"
540b7c0e,9,10,2,25.0,False,False,"[1, 1, 1]",6.236411627771346,,,,,,,,,,,3.8072025246606236,,0.6104796719489748,,,,3.5879294872283936,3.5879294872283936,False,,0.0,0.0,,,3.594520092010498,2026-07-21 08:40:08,x86_64,dacsgpu0002,,64,64,3.11.15,0.21,False,False,adam,True,1,20,hamqaoa,0.01,False,False,hog,False,True,False,False,False,False,False,1,HOG_graphs/random_graphs_8to14vertices_78instances_20260625_143415_AdjacencyList.txt,False,0,32,1,5,1,,12,"[(2, 7), (0, 1), (2, 3), (0, 4), (5, 7), (4, 6), (6, 8), (5, 6), (0, 6), (2, 4)]","[1.0, 1.0, 1.0, 1.0, 1.0, 1.0, 1.0, 1.0, 1.0, 1.0]"
6f262267,9,21,1,10.0,False,False,"[1, 1, 1]",9.960783523542805,,,,,,,,,,,5.980893969991488,,0.6004441272973505,,,,1.4416019916534424,1.4416019916534424,False,,0.0,0.0,,,1.4504127502441406,2026-07-21 08:40:08,x86_64,dacsgpu0002,,64,64,3.11.15,0.2,False,False,adam,True,1,20,hamqaoa,0.01,False,False,hog,False,True,False,False,False,False,False,1,HOG_graphs/random_graphs_8to14vertices_78instances_20260625_143415_AdjacencyList.txt,False,0,32,1,5,1,,14,"[(2, 3), (2, 6), (3, 5), (7, 8), (0, 8), (1, 7), (5, 7), (3, 4), (2, 8), (4, 5), (3, 7), (2, 5), (4, 8), (1, 3), (0, 7), (6, 8), (2, 4), (0, 3), (0, 6), (1, 5), (6, 7)]","[1.0, 1.0, 1.0, 1.0, 1.0, 1.0, 1.0, 1.0, 1.0, 1.0, 1.0, 1.0, 1.0, 1.0, 1.0, 1.0, 1.0, 1.0, 1.0, 1.0, 1.0]"
4ea67d62,9,18,2,10.0,False,False,"[1, 1, 1]",9.080080501337052,,,,,,,,,,,5.61387200924719,,0.618262361046308,,,,3.1934854984283447,3.1934854984283447,False,,0.0,0.0,,,3.2019190788269043,2026-07-21 08:40:09,x86_64,dacsgpu0002,,64,64,3.11.15,0.21,False,False,adam,True,1,20,hamqaoa,0.01,False,False,hog,False,True,False,False,False,False,False,1,HOG_graphs/random_graphs_8to14vertices_78instances_20260625_143415_AdjacencyList.txt,False,0,32,1,5,1,,13,"[(2, 7), (0, 1), (2, 3), (0, 4), (2, 6), (0, 7), (3, 5), (4, 6), (1, 2), (5, 6), (0, 6), (3, 4), (6, 8), (4, 5), (0, 5), (1, 4), (5, 8), (0, 8)]","[1.0, 1.0, 1.0, 1.0, 1.0, 1.0, 1.0, 1.0, 1.0, 1.0, 1.0, 1.0, 1.0, 1.0, 1.0, 1.0, 1.0, 1.0]"
91315e2d,9,18,1,50.0,False,False,"[1, 1, 1]",9.080080501337052,,,,,,,,,,,5.6661532789946545,,0.624020159090033,,,,2.934091329574585,2.934091329574585,False,,0.0,0.0,,,2.941646099090576,2026-07-21 08:40:09,x86_64,dacsgpu0002,,64,64,3.11.15,0.2,False,False,adam,True,1,20,hamqaoa,0.01,False,False,hog,False,True,False,False,False,False,False,1,HOG_graphs/random_graphs_8to14vertices_78instances_20260625_143415_AdjacencyList.txt,False,0,32,1,5,1,,13,"[(2, 7), (0, 1), (2, 3), (0, 4), (2, 6), (0, 7), (3, 5), (4, 6), (1, 2), (5, 6), (0, 6), (3, 4), (6, 8), (4, 5), (0, 5), (1, 4), (5, 8), (0, 8)]","[1.0, 1.0, 1.0, 1.0, 1.0, 1.0, 1.0, 1.0, 1.0, 1.0, 1.0, 1.0, 1.0, 1.0, 1.0, 1.0, 1.0, 1.0]"
6473223c,9,18,1,5.0,False,False,"[1, 1, 1]",9.318472851988224,,,,,,,,,,,4.917999950737761,,0.5277688768163807,,,,1.1515238285064697,1.1515238285064697,False,,0.0,0.0,,,1.162538766860962,2026-07-21 08:40:09,x86_64,dacsgpu0002,,64,64,3.11.15,0.2,False,False,adam,True,1,20,hamqaoa,0.01,False,False,hog,False,True,False,False,False,False,False,1,HOG_graphs/random_graphs_8to14vertices_78instances_20260625_143415_AdjacencyList.txt,False,0,32,1,5,1,,15,"[(1, 3), (2, 7), (1, 6), (0, 4), (3, 8), (4, 7), (5, 7), (1, 2), (3, 6), (0, 6), (3, 4), (1, 5), (2, 8), (4, 5), (5, 6), (7, 8), (0, 2), (0, 8)]","[1.0, 1.0, 1.0, 1.0, 1.0, 1.0, 1.0, 1.0, 1.0, 1.0, 1.0, 1.0, 1.0, 1.0, 1.0, 1.0, 1.0, 1.0]"
403cacb8,8,24,2,50.0,False,False,"[1, 1, 1]",10.000000000000002,,,,,,,,,,,7.9869454349004165,,0.7986945434900415,,,,7.096283674240112,7.096283674240112,False,,0.0,0.0,,,7.105777025222778,2026-07-21 08:40:09,x86_64,dacsgpu0002,,64,64,3.11.15,0.21,False,False,adam,True,1,20,hamqaoa,0.01,False,False,hog,False,True,False,False,False,False,False,1,HOG_graphs/random_graphs_8to14vertices_78instances_20260625_143415_AdjacencyList.txt,False,0,32,1,5,1,,10,"[(2, 3), (2, 6), (3, 5), (4, 6), (0, 5), (1, 4), (0, 2), (1, 7), (5, 7), (4, 5), (3, 7), (2, 5), (1, 3), (0, 1), (1, 6), (0, 4), (0, 7), (5, 6), (3, 6), (2, 4), (2, 7), (4, 7), (1, 2), (0, 6)]","[1.0, 1.0, 1.0, 1.0, 1.0, 1.0, 1.0, 1.0, 1.0, 1.0, 1.0, 1.0, 1.0, 1.0, 1.0, 1.0, 1.0, 1.0, 1.0, 1.0, 1.0, 1.0, 1.0, 1.0]"
21efca05,9,21,1,25.0,False,False,"[1, 1, 1]",9.960783523542805,,,,,,,,,,,6.035157208761131,,0.6058918150863071,,,,2.0874788761138916,2.0874788761138916,False,,0.0,0.0,,,2.0939645767211914,2026-07-21 08:40:09,x86_64,dacsgpu0002,,64,64,3.11.15,0.2,False,False,adam,True,1,20,hamqaoa,0.01,False,False,hog,False,True,False,False,False,False,False,1,HOG_graphs/random_graphs_8to14vertices_78instances_20260625_143415_AdjacencyList.txt,False,0,32,1,5,1,,14,"[(2, 3), (2, 6), (3, 5), (7, 8), (0, 8), (1, 7), (5, 7), (3, 4), (2, 8), (4, 5), (3, 7), (2, 5), (4, 8), (1, 3), (0, 7), (6, 8), (2, 4), (0, 3), (0, 6), (1, 5), (6, 7)]","[1.0, 1.0, 1.0, 1.0, 1.0, 1.0, 1.0, 1.0, 1.0, 1.0, 1.0, 1.0, 1.0, 1.0, 1.0, 1.0, 1.0, 1.0, 1.0, 1.0, 1.0]"
78dd99a6,9,21,2,5.0,False,False,"[1, 1, 1]",9.960783523542805,,,,,,,,,,,5.99752983059894,,0.6021142630420068,,,,2.7757010459899902,2.7757010459899902,False,,0.0,0.0,,,2.7829768657684326,2026-07-21 08:40:09,x86_64,dacsgpu0002,,64,64,3.11.15,0.21,False,False,adam,True,1,20,hamqaoa,0.01,False,False,hog,False,True,False,False,False,False,False,1,HOG_graphs/random_graphs_8to14vertices_78instances_20260625_143415_AdjacencyList.txt,False,0,32,1,5,1,,14,"[(2, 3), (2, 6), (3, 5), (7, 8), (0, 8), (1, 7), (5, 7), (3, 4), (2, 8), (4, 5), (3, 7), (2, 5), (4, 8), (1, 3), (0, 7), (6, 8), (2, 4), (0, 3), (0, 6), (1, 5), (6, 7)]","[1.0, 1.0, 1.0, 1.0, 1.0, 1.0, 1.0, 1.0, 1.0, 1.0, 1.0, 1.0, 1.0, 1.0, 1.0, 1.0, 1.0, 1.0, 1.0, 1.0, 1.0]"
b3970450,9,18,1,10.0,False,False,"[1, 1, 1]",9.318472851988224,,,,,,,,,,,4.499860501907418,,0.48289677647634194,,,,1.2780015468597412,1.2780015468597412,False,,0.0,0.0,,,1.2861700057983398,2026-07-21 08:40:10,x86_64,dacsgpu0002,,64,64,3.11.15,0.2,False,False,adam,True,1,20,hamqaoa,0.01,False,False,hog,False,True,False,False,False,False,False,1,HOG_graphs/random_graphs_8to14vertices_78instances_20260625_143415_AdjacencyList.txt,False,0,32,1,5,1,,15,"[(1, 3), (2, 7), (1, 6), (0, 4), (3, 8), (4, 7), (5, 7), (1, 2), (3, 6), (0, 6), (3, 4), (1, 5), (2, 8), (4, 5), (5, 6), (7, 8), (0, 2), (0, 8)]","[1.0, 1.0, 1.0, 1.0, 1.0, 1.0, 1.0, 1.0, 1.0, 1.0, 1.0, 1.0, 1.0, 1.0, 1.0, 1.0, 1.0, 1.0]"
da977e13,9,14,1,5.0,False,False,"[1, 1, 1]",7.4758416116024,,,,,,,,,,,4.035182435101016,,0.5397629651273604,,,,0.9582602977752686,0.9582602977752686,False,,0.0,0.0,,,0.9660589694976807,2026-07-21 08:40:10,x86_64,dacsgpu0002,,64,64,3.11.15,0.2,False,False,adam,True,1,20,hamqaoa,0.01,False,False,hog,False,True,False,False,False,False,False,1,HOG_graphs/random_graphs_8to14vertices_78instances_20260625_143415_AdjacencyList.txt,False,0,32,1,5,1,,16,"[(0, 1), (2, 3), (1, 6), (0, 4), (3, 8), (5, 7), (0, 7), (0, 3), (0, 6), (1, 5), (2, 8), (4, 5), (1, 4), (0, 2)]","[1.0, 1.0, 1.0, 1.0, 1.0, 1.0, 1.0, 1.0, 1.0, 1.0, 1.0, 1.0, 1.0, 1.0]"
ad4ae13e,9,18,2,25.0,False,False,"[1, 1, 1]",9.080080501337052,,,,,,,,,,,6.019402909523945,,0.6629239585086918,,,,4.587983846664429,4.587983846664429,False,,0.0,0.0,,,4.595926284790039,2026-07-21 08:40:10,x86_64,dacsgpu0002,,64,64,3.11.15,0.21,False,False,adam,True,1,20,hamqaoa,0.01,False,False,hog,False,True,False,False,False,False,False,1,HOG_graphs/random_graphs_8to14vertices_78instances_20260625_143415_AdjacencyList.txt,False,0,32,1,5,1,,13,"[(2, 7), (0, 1), (2, 3), (0, 4), (2, 6), (0, 7), (3, 5), (4, 6), (1, 2), (5, 6), (0, 6), (3, 4), (6, 8), (4, 5), (0, 5), (1, 4), (5, 8), (0, 8)]","[1.0, 1.0, 1.0, 1.0, 1.0, 1.0, 1.0, 1.0, 1.0, 1.0, 1.0, 1.0, 1.0, 1.0, 1.0, 1.0, 1.0, 1.0]"
571c45e6,9,21,2,10.0,False,False,"[1, 1, 1]",9.960783523542805,,,,,,,,,,,5.61064619735274,,0.5632735802451384,,,,3.4842183589935303,3.4842183589935303,False,,0.0,0.0,,,3.490684747695923,2026-07-21 08:40:10,x86_64,dacsgpu0002,,64,64,3.11.15,0.2,False,False,adam,True,1,20,hamqaoa,0.01,False,False,hog,False,True,False,False,False,False,False,1,HOG_graphs/random_graphs_8to14vertices_78instances_20260625_143415_AdjacencyList.txt,False,0,32,1,5,1,,14,"[(2, 3), (2, 6), (3, 5), (7, 8), (0, 8), (1, 7), (5, 7), (3, 4), (2, 8), (4, 5), (3, 7), (2, 5), (4, 8), (1, 3), (0, 7), (6, 8), (2, 4), (0, 3), (0, 6), (1, 5), (6, 7)]","[1.0, 1.0, 1.0, 1.0, 1.0, 1.0, 1.0, 1.0, 1.0, 1.0, 1.0, 1.0, 1.0, 1.0, 1.0, 1.0, 1.0, 1.0, 1.0, 1.0, 1.0]"
cecbd6ae,8,24,2,50.0,False,False,"[1, 1, 1]",9.809016994374945,,,,,,,,,,,7.96276851166893,,0.8117804787406567,,,,7.151296854019165,7.151296854019165,False,,0.0,0.0,,,7.160558462142944,2026-07-21 08:40:10,x86_64,dacsgpu0002,,64,64,3.11.15,0.21,False,False,adam,True,1,20,hamqaoa,0.01,False,False,hog,False,True,False,False,False,False,False,1,HOG_graphs/random_graphs_8to14vertices_78instances_20260625_143415_AdjacencyList.txt,False,0,32,1,5,1,,11,"[(2, 3), (2, 6), (3, 5), (4, 6), (0, 5), (0, 2), (1, 7), (5, 7), (4, 5), (3, 7), (2, 5), (1, 3), (0, 1), (1, 6), (0, 4), (0, 7), (5, 6), (3, 6), (2, 4), (2, 7), (4, 7), (1, 2), (1, 5), (6, 7)]","[1.0, 1.0, 1.0, 1.0, 1.0, 1.0, 1.0, 1.0, 1.0, 1.0, 1.0, 1.0, 1.0, 1.0, 1.0, 1.0, 1.0, 1.0, 1.0, 1.0, 1.0, 1.0, 1.0, 1.0]"
858c7f6b,9,18,1,25.0,False,False,"[1, 1, 1]",9.318472851988224,,,,,,,,,,,6.151004100304613,,0.6600871406726492,,,,1.9850971698760986,1.9850971698760986,False,,0.0,0.0,,,1.9945042133331299,2026-07-21 08:40:10,x86_64,dacsgpu0002,,64,64,3.11.15,0.21,False,False,adam,True,1,20,hamqaoa,0.01,False,False,hog,False,True,False,False,False,False,False,1,HOG_graphs/random_graphs_8to14vertices_78instances_20260625_143415_AdjacencyList.txt,False,0,32,1,5,1,,15,"[(1, 3), (2, 7), (1, 6), (0, 4), (3, 8), (4, 7), (5, 7), (1, 2), (3, 6), (0, 6), (3, 4), (1, 5), (2, 8), (4, 5), (5, 6), (7, 8), (0, 2), (0, 8)]","[1.0, 1.0, 1.0, 1.0, 1.0, 1.0, 1.0, 1.0, 1.0, 1.0, 1.0, 1.0, 1.0, 1.0, 1.0, 1.0, 1.0, 1.0]"
aed12177,9,21,1,50.0,False,False,"[1, 1, 1]",9.960783523542805,,,,,,,,,,,6.5854352170519075,,0.6611362651830456,,,,3.1778008937835693,3.1778008937835693,False,,0.0,0.0,,,3.1865792274475098,2026-07-21 08:40:11,x86_64,dacsgpu0002,,64,64,3.11.15,0.2,False,False,adam,True,1,20,hamqaoa,0.01,False,False,hog,False,True,False,False,False,False,False,1,HOG_graphs/random_graphs_8to14vertices_78instances_20260625_143415_AdjacencyList.txt,False,0,32,1,5,1,,14,"[(2, 3), (2, 6), (3, 5), (7, 8), (0, 8), (1, 7), (5, 7), (3, 4), (2, 8), (4, 5), (3, 7), (2, 5), (4, 8), (1, 3), (0, 7), (6, 8), (2, 4), (0, 3), (0, 6), (1, 5), (6, 7)]","[1.0, 1.0, 1.0, 1.0, 1.0, 1.0, 1.0, 1.0, 1.0, 1.0, 1.0, 1.0, 1.0, 1.0, 1.0, 1.0, 1.0, 1.0, 1.0, 1.0, 1.0]"
a09123bc,9,10,2,50.0,False,False,"[1, 1, 1]",6.236411627771346,,,,,,,,,,,4.502206932707267,,0.7219226698665147,,,,5.93607759475708,5.93607759475708,False,,0.0,0.0,,,5.946420431137085,2026-07-21 08:40:11,x86_64,dacsgpu0002,,64,64,3.11.15,0.21,False,False,adam,True,1,20,hamqaoa,0.01,False,False,hog,False,True,False,False,False,False,False,1,HOG_graphs/random_graphs_8to14vertices_78instances_20260625_143415_AdjacencyList.txt,False,0,32,1,5,1,,12,"[(2, 7), (0, 1), (2, 3), (0, 4), (5, 7), (4, 6), (6, 8), (5, 6), (0, 6), (2, 4)]","[1.0, 1.0, 1.0, 1.0, 1.0, 1.0, 1.0, 1.0, 1.0, 1.0]"
5885a581,9,18,2,5.0,False,False,"[1, 1, 1]",9.318472851988224,,,,,,,,,,,6.203475071746883,,0.6657179958863417,,,,2.768387794494629,2.768387794494629,False,,0.0,0.0,,,2.776700496673584,2026-07-21 08:40:11,x86_64,dacsgpu0002,,64,64,3.11.15,0.2,False,False,adam,True,1,20,hamqaoa,0.01,False,False,hog,False,True,False,False,False,False,False,1,HOG_graphs/random_graphs_8to14vertices_78instances_20260625_143415_AdjacencyList.txt,False,0,32,1,5,1,,15,"[(1, 3), (2, 7), (1, 6), (0, 4), (3, 8), (4, 7), (5, 7), (1, 2), (3, 6), (0, 6), (3, 4), (1, 5), (2, 8), (4, 5), (5, 6), (7, 8), (0, 2), (0, 8)]","[1.0, 1.0, 1.0, 1.0, 1.0, 1.0, 1.0, 1.0, 1.0, 1.0, 1.0, 1.0, 1.0, 1.0, 1.0, 1.0, 1.0, 1.0]"
2f883d0c,9,14,1,10.0,False,False,"[1, 1, 1]",7.4758416116024,,,,,,,,,,,4.991238225344843,,0.6676490065812138,,,,1.2577061653137207,1.2577061653137207,False,,0.0,0.0,,,1.271845817565918,2026-07-21 08:40:11,x86_64,dacsgpu0002,,64,64,3.11.15,0.2,False,False,adam,True,1,20,hamqaoa,0.01,False,False,hog,False,True,False,False,False,False,False,1,HOG_graphs/random_graphs_8to14vertices_78instances_20260625_143415_AdjacencyList.txt,False,0,32,1,5,1,,16,"[(0, 1), (2, 3), (1, 6), (0, 4), (3, 8), (5, 7), (0, 7), (0, 3), (0, 6), (1, 5), (2, 8), (4, 5), (1, 4), (0, 2)]","[1.0, 1.0, 1.0, 1.0, 1.0, 1.0, 1.0, 1.0, 1.0, 1.0, 1.0, 1.0, 1.0, 1.0]"
d5de2ff5,9,18,2,10.0,False,False,"[1, 1, 1]",9.318472851988224,,,,,,,,,,,7.427023486069159,,0.797021529604446,,,,3.2838408946990967,3.2838408946990967,False,,0.0,0.0,,,3.2922308444976807,2026-07-21 08:40:12,x86_64,dacsgpu0002,,64,64,3.11.15,0.2,False,False,adam,True,1,20,hamqaoa,0.01,False,False,hog,False,True,False,False,False,False,False,1,HOG_graphs/random_graphs_8to14vertices_78instances_20260625_143415_AdjacencyList.txt,False,0,32,1,5,1,,15,"[(1, 3), (2, 7), (1, 6), (0, 4), (3, 8), (4, 7), (5, 7), (1, 2), (3, 6), (0, 6), (3, 4), (1, 5), (2, 8), (4, 5), (5, 6), (7, 8), (0, 2), (0, 8)]","[1.0, 1.0, 1.0, 1.0, 1.0, 1.0, 1.0, 1.0, 1.0, 1.0, 1.0, 1.0, 1.0, 1.0, 1.0, 1.0, 1.0, 1.0]"
ae793d68,9,14,1,25.0,False,False,"[1, 1, 1]",7.4758416116024,,,,,,,,,,,3.9962931519423353,,0.5345609711340252,,,,1.7653450965881348,1.7653450965881348,False,,0.0,0.0,,,1.7723877429962158,2026-07-21 08:40:12,x86_64,dacsgpu0002,,64,64,3.11.15,0.2,False,False,adam,True,1,20,hamqaoa,0.01,False,False,hog,False,True,False,False,False,False,False,1,HOG_graphs/random_graphs_8to14vertices_78instances_20260625_143415_AdjacencyList.txt,False,0,32,1,5,1,,16,"[(0, 1), (2, 3), (1, 6), (0, 4), (3, 8), (5, 7), (0, 7), (0, 3), (0, 6), (1, 5), (2, 8), (4, 5), (1, 4), (0, 2)]","[1.0, 1.0, 1.0, 1.0, 1.0, 1.0, 1.0, 1.0, 1.0, 1.0, 1.0, 1.0, 1.0, 1.0]"
0c4f6b3c,9,18,1,5.0,False,False,"[1, 1, 1]",8.611677215596796,,,,,,,,,,,4.70797429834037,,0.5466965586928474,,,,1.0631983280181885,1.0631983280181885,False,,0.0,0.0,,,1.0700676441192627,2026-07-21 08:40:12,x86_64,dacsgpu0002,,64,64,3.11.15,0.2,False,False,adam,True,1,20,hamqaoa,0.01,False,False,hog,False,True,False,False,False,False,False,1,HOG_graphs/random_graphs_8to14vertices_78instances_20260625_143415_AdjacencyList.txt,False,0,32,1,5,1,,17,"[(2, 7), (0, 1), (0, 4), (3, 8), (2, 6), (5, 7), (0, 7), (3, 5), (0, 3), (4, 6), (3, 6), (6, 8), (1, 5), (0, 5), (1, 4), (0, 2), (0, 8), (2, 4)]","[1.0, 1.0, 1.0, 1.0, 1.0, 1.0, 1.0, 1.0, 1.0, 1.0, 1.0, 1.0, 1.0, 1.0, 1.0, 1.0, 1.0, 1.0]"
a785b192,9,18,1,50.0,False,False,"[1, 1, 1]",9.318472851988224,,,,,,,,,,,6.243305383943811,,0.6699923349148049,,,,2.9570515155792236,2.9570515155792236,False,,0.0,0.0,,,2.9664101600646973,2026-07-21 08:40:12,x86_64,dacsgpu0002,,64,64,3.11.15,0.2,False,False,adam,True,1,20,hamqaoa,0.01,False,False,hog,False,True,False,False,False,False,False,1,HOG_graphs/random_graphs_8to14vertices_78instances_20260625_143415_AdjacencyList.txt,False,0,32,1,5,1,,15,"[(1, 3), (2, 7), (1, 6), (0, 4), (3, 8), (4, 7), (5, 7), (1, 2), (3, 6), (0, 6), (3, 4), (1, 5), (2, 8), (4, 5), (5, 6), (7, 8), (0, 2), (0, 8)]","[1.0, 1.0, 1.0, 1.0, 1.0, 1.0, 1.0, 1.0, 1.0, 1.0, 1.0, 1.0, 1.0, 1.0, 1.0, 1.0, 1.0, 1.0]"
a692e2ad,9,14,2,5.0,False,False,"[1, 1, 1]",7.4758416116024,,,,,,,,,,,4.443169632481961,,0.5943370476959042,,,,2.5276243686676025,2.5276243686676025,False,,0.0,0.0,,,2.5383715629577637,2026-07-21 08:40:12,x86_64,dacsgpu0002,,64,64,3.11.15,0.2,False,False,adam,True,1,20,hamqaoa,0.01,False,False,hog,False,True,False,False,False,False,False,1,HOG_graphs/random_graphs_8to14vertices_78instances_20260625_143415_AdjacencyList.txt,False,0,32,1,5,1,,16,"[(0, 1), (2, 3), (1, 6), (0, 4), (3, 8), (5, 7), (0, 7), (0, 3), (0, 6), (1, 5), (2, 8), (4, 5), (1, 4), (0, 2)]","[1.0, 1.0, 1.0, 1.0, 1.0, 1.0, 1.0, 1.0, 1.0, 1.0, 1.0, 1.0, 1.0, 1.0]"
a0c2505b,9,21,2,25.0,False,False,"[1, 1, 1]",9.960783523542805,,,,,,,,,,,6.420631442919088,,0.6445910030815958,,,,4.918762445449829,4.918762445449829,False,,0.0,0.0,,,4.926636219024658,2026-07-21 08:40:12,x86_64,dacsgpu0002,,64,64,3.11.15,0.21,False,False,adam,True,1,20,hamqaoa,0.01,False,False,hog,False,True,False,False,False,False,False,1,HOG_graphs/random_graphs_8to14vertices_78instances_20260625_143415_AdjacencyList.txt,False,0,32,1,5,1,,14,"[(2, 3), (2, 6), (3, 5), (7, 8), (0, 8), (1, 7), (5, 7), (3, 4), (2, 8), (4, 5), (3, 7), (2, 5), (4, 8), (1, 3), (0, 7), (6, 8), (2, 4), (0, 3), (0, 6), (1, 5), (6, 7)]","[1.0, 1.0, 1.0, 1.0, 1.0, 1.0, 1.0, 1.0, 1.0, 1.0, 1.0, 1.0, 1.0, 1.0, 1.0, 1.0, 1.0, 1.0, 1.0, 1.0, 1.0]"
8c130225,9,18,1,10.0,False,False,"[1, 1, 1]",8.611677215596796,,,,,,,,,,,5.853061339430777,,0.6796656670816889,,,,1.2606327533721924,1.2606327533721924,False,,0.0,0.0,,,1.2686781883239746,2026-07-21 08:40:12,x86_64,dacsgpu0002,,64,64,3.11.15,0.2,False,False,adam,True,1,20,hamqaoa,0.01,False,False,hog,False,True,False,False,False,False,False,1,HOG_graphs/random_graphs_8to14vertices_78instances_20260625_143415_AdjacencyList.txt,False,0,32,1,5,1,,17,"[(2, 7), (0, 1), (0, 4), (3, 8), (2, 6), (5, 7), (0, 7), (3, 5), (0, 3), (4, 6), (3, 6), (6, 8), (1, 5), (0, 5), (1, 4), (0, 2), (0, 8), (2, 4)]","[1.0, 1.0, 1.0, 1.0, 1.0, 1.0, 1.0, 1.0, 1.0, 1.0, 1.0, 1.0, 1.0, 1.0, 1.0, 1.0, 1.0, 1.0]"
fbe678ea,9,14,2,10.0,False,False,"[1, 1, 1]",7.4758416116024,,,,,,,,,,,4.121880256564682,,0.5513600301760785,,,,2.8732948303222656,2.8732948303222656,False,,0.0,0.0,,,2.8804478645324707,2026-07-21 08:40:13,x86_64,dacsgpu0002,,64,64,3.11.15,0.21,False,False,adam,True,1,20,hamqaoa,0.01,False,False,hog,False,True,False,False,False,False,False,1,HOG_graphs/random_graphs_8to14vertices_78instances_20260625_143415_AdjacencyList.txt,False,0,32,1,5,1,,16,"[(0, 1), (2, 3), (1, 6), (0, 4), (3, 8), (5, 7), (0, 7), (0, 3), (0, 6), (1, 5), (2, 8), (4, 5), (1, 4), (0, 2)]","[1.0, 1.0, 1.0, 1.0, 1.0, 1.0, 1.0, 1.0, 1.0, 1.0, 1.0, 1.0, 1.0, 1.0]"
8c626e42,9,14,1,50.0,False,False,"[1, 1, 1]",7.4758416116024,,,,,,,,,,,4.797179623867113,,0.6416909122876492,,,,2.619601249694824,2.619601249694824,False,,0.0,0.0,,,2.6278109550476074,2026-07-21 08:40:13,x86_64,dacsgpu0002,,64,64,3.11.15,0.2,False,False,adam,True,1,20,hamqaoa,0.01,False,False,hog,False,True,False,False,False,False,False,1,HOG_graphs/random_graphs_8to14vertices_78instances_20260625_143415_AdjacencyList.txt,False,0,32,1,5,1,,16,"[(0, 1), (2, 3), (1, 6), (0, 4), (3, 8), (5, 7), (0, 7), (0, 3), (0, 6), (1, 5), (2, 8), (4, 5), (1, 4), (0, 2)]","[1.0, 1.0, 1.0, 1.0, 1.0, 1.0, 1.0, 1.0, 1.0, 1.0, 1.0, 1.0, 1.0, 1.0]"
14bd3a65,9,18,1,5.0,False,False,"[1, 1, 1]",9.11474866234564,,,,,,,,,,,5.751889912098682,,0.6310530465706181,,,,1.044670820236206,1.044670820236206,False,,0.0,0.0,,,1.052415370941162,2026-07-21 08:40:13,x86_64,dacsgpu0002,,64,64,3.11.15,0.2,False,False,adam,True,1,20,hamqaoa,0.01,False,False,hog,False,True,False,False,False,False,False,1,HOG_graphs/random_graphs_8to14vertices_78instances_20260625_143415_AdjacencyList.txt,False,0,32,1,5,1,,18,"[(1, 3), (0, 1), (2, 7), (2, 3), (0, 4), (5, 7), (0, 7), (3, 5), (4, 6), (1, 2), (1, 8), (0, 6), (3, 4), (5, 6), (6, 8), (7, 8), (0, 8), (6, 7)]","[1.0, 1.0, 1.0, 1.0, 1.0, 1.0, 1.0, 1.0, 1.0, 1.0, 1.0, 1.0, 1.0, 1.0, 1.0, 1.0, 1.0, 1.0]"
b159e306,9,18,2,50.0,False,False,"[1, 1, 1]",9.080080501337052,,,,,,,,,,,7.680179216107808,,0.8458272165072648,,,,7.149756669998169,7.149756669998169,False,,0.0,0.0,,,7.157399654388428,2026-07-21 08:40:13,x86_64,dacsgpu0002,,64,64,3.11.15,0.21,False,False,adam,True,1,20,hamqaoa,0.01,False,False,hog,False,True,False,False,False,False,False,1,HOG_graphs/random_graphs_8to14vertices_78instances_20260625_143415_AdjacencyList.txt,False,0,32,1,5,1,,13,"[(2, 7), (0, 1), (2, 3), (0, 4), (2, 6), (0, 7), (3, 5), (4, 6), (1, 2), (5, 6), (0, 6), (3, 4), (6, 8), (4, 5), (0, 5), (1, 4), (5, 8), (0, 8)]","[1.0, 1.0, 1.0, 1.0, 1.0, 1.0, 1.0, 1.0, 1.0, 1.0, 1.0, 1.0, 1.0, 1.0, 1.0, 1.0, 1.0, 1.0]"
231639cd,9,18,1,25.0,False,False,"[1, 1, 1]",8.611677215596796,,,,,,,,,,,7.00576254749921,,0.8135189431869232,,,,1.8524513244628906,1.8524513244628906,False,,0.0,0.0,,,1.8596677780151367,2026-07-21 08:40:13,x86_64,dacsgpu0002,,64,64,3.11.15,0.2,False,False,adam,True,1,20,hamqaoa,0.01,False,False,hog,False,True,False,False,False,False,False,1,HOG_graphs/random_graphs_8to14vertices_78instances_20260625_143415_AdjacencyList.txt,False,0,32,1,5,1,,17,"[(2, 7), (0, 1), (0, 4), (3, 8), (2, 6), (5, 7), (0, 7), (3, 5), (0, 3), (4, 6), (3, 6), (6, 8), (1, 5), (0, 5), (1, 4), (0, 2), (0, 8), (2, 4)]","[1.0, 1.0, 1.0, 1.0, 1.0, 1.0, 1.0, 1.0, 1.0, 1.0, 1.0, 1.0, 1.0, 1.0, 1.0, 1.0, 1.0, 1.0]"
5fc46a16,9,18,2,25.0,False,False,"[1, 1, 1]",9.318472851988224,,,,,,,,,,,5.777439045716894,,0.6199984844602727,,,,4.692294120788574,4.692294120788574,False,,0.0,0.0,,,4.701190233230591,2026-07-21 08:40:13,x86_64,dacsgpu0002,,64,64,3.11.15,0.21,False,False,adam,True,1,20,hamqaoa,0.01,False,False,hog,False,True,False,False,False,False,False,1,HOG_graphs/random_graphs_8to14vertices_78instances_20260625_143415_AdjacencyList.txt,False,0,32,1,5,1,,15,"[(1, 3), (2, 7), (1, 6), (0, 4), (3, 8), (4, 7), (5, 7), (1, 2), (3, 6), (0, 6), (3, 4), (1, 5), (2, 8), (4, 5), (5, 6), (7, 8), (0, 2), (0, 8)]","[1.0, 1.0, 1.0, 1.0, 1.0, 1.0, 1.0, 1.0, 1.0, 1.0, 1.0, 1.0, 1.0, 1.0, 1.0, 1.0, 1.0, 1.0]"
1bc7f60b,9,18,2,5.0,False,False,"[1, 1, 1]",8.611677215596796,,,,,,,,,,,5.44796678155976,,0.6326255205772029,,,,2.6681134700775146,2.6681134700775146,False,,0.0,0.0,,,2.6755177974700928,2026-07-21 08:40:14,x86_64,dacsgpu0002,,64,64,3.11.15,0.2,False,False,adam,True,1,20,hamqaoa,0.01,False,False,hog,False,True,False,False,False,False,False,1,HOG_graphs/random_graphs_8to14vertices_78instances_20260625_143415_AdjacencyList.txt,False,0,32,1,5,1,,17,"[(2, 7), (0, 1), (0, 4), (3, 8), (2, 6), (5, 7), (0, 7), (3, 5), (0, 3), (4, 6), (3, 6), (6, 8), (1, 5), (0, 5), (1, 4), (0, 2), (0, 8), (2, 4)]","[1.0, 1.0, 1.0, 1.0, 1.0, 1.0, 1.0, 1.0, 1.0, 1.0, 1.0, 1.0, 1.0, 1.0, 1.0, 1.0, 1.0, 1.0]"
7002fd94,9,18,2,10.0,False,False,"[1, 1, 1]",8.611677215596796,,,,,,,,,,,6.0492050498274486,,0.7024421490010798,,,,2.870889663696289,2.870889663696289,False,,0.0,0.0,,,2.8780479431152344,2026-07-21 08:40:14,x86_64,dacsgpu0002,,64,64,3.11.15,0.2,False,False,adam,True,1,20,hamqaoa,0.01,False,False,hog,False,True,False,False,False,False,False,1,HOG_graphs/random_graphs_8to14vertices_78instances_20260625_143415_AdjacencyList.txt,False,0,32,1,5,1,,17,"[(2, 7), (0, 1), (0, 4), (3, 8), (2, 6), (5, 7), (0, 7), (3, 5), (0, 3), (4, 6), (3, 6), (6, 8), (1, 5), (0, 5), (1, 4), (0, 2), (0, 8), (2, 4)]","[1.0, 1.0, 1.0, 1.0, 1.0, 1.0, 1.0, 1.0, 1.0, 1.0, 1.0, 1.0, 1.0, 1.0, 1.0, 1.0, 1.0, 1.0]"
4fc364b4,9,14,2,25.0,False,False,"[1, 1, 1]",7.4758416116024,,,,,,,,,,,5.527723332994744,,0.7394115097911914,,,,4.048678874969482,4.048678874969482,False,,0.0,0.0,,,4.056618928909302,2026-07-21 08:40:14,x86_64,dacsgpu0002,,64,64,3.11.15,0.21,False,False,adam,True,1,20,hamqaoa,0.01,False,False,hog,False,True,False,False,False,False,False,1,HOG_graphs/random_graphs_8to14vertices_78instances_20260625_143415_AdjacencyList.txt,False,0,32,1,5,1,,16,"[(0, 1), (2, 3), (1, 6), (0, 4), (3, 8), (5, 7), (0, 7), (0, 3), (0, 6), (1, 5), (2, 8), (4, 5), (1, 4), (0, 2)]","[1.0, 1.0, 1.0, 1.0, 1.0, 1.0, 1.0, 1.0, 1.0, 1.0, 1.0, 1.0, 1.0, 1.0]"
02459416,9,18,1,50.0,False,False,"[1, 1, 1]",8.611677215596796,,,,,,,,,,,6.595156154151317,,0.7658387546396521,,,,2.7237210273742676,2.7237210273742676,False,,0.0,0.0,,,2.7303688526153564,2026-07-21 08:40:15,x86_64,dacsgpu0002,,64,64,3.11.15,0.21,False,False,adam,True,1,20,hamqaoa,0.01,False,False,hog,False,True,False,False,False,False,False,1,HOG_graphs/random_graphs_8to14vertices_78instances_20260625_143415_AdjacencyList.txt,False,0,32,1,5,1,,17,"[(2, 7), (0, 1), (0, 4), (3, 8), (2, 6), (5, 7), (0, 7), (3, 5), (0, 3), (4, 6), (3, 6), (6, 8), (1, 5), (0, 5), (1, 4), (0, 2), (0, 8), (2, 4)]","[1.0, 1.0, 1.0, 1.0, 1.0, 1.0, 1.0, 1.0, 1.0, 1.0, 1.0, 1.0, 1.0, 1.0, 1.0, 1.0, 1.0, 1.0]"
be3d570b,9,18,2,5.0,False,False,"[1, 1, 1]",9.11474866234564,,,,,,,,,,,6.08215901450001,,0.6672876279766549,,,,2.265265464782715,2.265265464782715,False,,0.0,0.0,,,2.2720730304718018,2026-07-21 08:40:15,x86_64,dacsgpu0002,,64,64,3.11.15,0.21,False,False,adam,True,1,20,hamqaoa,0.01,False,False,hog,False,True,False,False,False,False,False,1,HOG_graphs/random_graphs_8to14vertices_78instances_20260625_143415_AdjacencyList.txt,False,0,32,1,5,1,,18,"[(1, 3), (0, 1), (2, 7), (2, 3), (0, 4), (5, 7), (0, 7), (3, 5), (4, 6), (1, 2), (1, 8), (0, 6), (3, 4), (5, 6), (6, 8), (7, 8), (0, 8), (6, 7)]","[1.0, 1.0, 1.0, 1.0, 1.0, 1.0, 1.0, 1.0, 1.0, 1.0, 1.0, 1.0, 1.0, 1.0, 1.0, 1.0, 1.0, 1.0]"
a317051e,9,21,2,50.0,False,False,"[1, 1, 1]",9.960783523542805,,,,,,,,,,,7.4699840888214855,,0.749939406992011,,,,7.283023357391357,7.283023357391357,False,,0.0,0.0,,,7.291400909423828,2026-07-21 08:40:15,x86_64,dacsgpu0002,,64,64,3.11.15,0.21,False,False,adam,True,1,20,hamqaoa,0.01,False,False,hog,False,True,False,False,False,False,False,1,HOG_graphs/random_graphs_8to14vertices_78instances_20260625_143415_AdjacencyList.txt,False,0,32,1,5,1,,14,"[(2, 3), (2, 6), (3, 5), (7, 8), (0, 8), (1, 7), (5, 7), (3, 4), (2, 8), (4, 5), (3, 7), (2, 5), (4, 8), (1, 3), (0, 7), (6, 8), (2, 4), (0, 3), (0, 6), (1, 5), (6, 7)]","[1.0, 1.0, 1.0, 1.0, 1.0, 1.0, 1.0, 1.0, 1.0, 1.0, 1.0, 1.0, 1.0, 1.0, 1.0, 1.0, 1.0, 1.0, 1.0, 1.0, 1.0]"
b2b8211d,9,18,2,25.0,False,False,"[1, 1, 1]",8.611677215596796,,,,,,,,,,,5.055172255760653,,0.5870136709960658,,,,4.02361798286438,4.02361798286438,False,,0.0,0.0,,,4.029858589172363,2026-07-21 08:40:16,x86_64,dacsgpu0002,,64,64,3.11.15,0.21,False,False,adam,True,1,20,hamqaoa,0.01,False,False,hog,False,True,False,False,False,False,False,1,HOG_graphs/random_graphs_8to14vertices_78instances_20260625_143415_AdjacencyList.txt,False,0,32,1,5,1,,17,"[(2, 7), (0, 1), (0, 4), (3, 8), (2, 6), (5, 7), (0, 7), (3, 5), (0, 3), (4, 6), (3, 6), (6, 8), (1, 5), (0, 5), (1, 4), (0, 2), (0, 8), (2, 4)]","[1.0, 1.0, 1.0, 1.0, 1.0, 1.0, 1.0, 1.0, 1.0, 1.0, 1.0, 1.0, 1.0, 1.0, 1.0, 1.0, 1.0, 1.0]"
8809dcc5,9,18,2,50.0,False,False,"[1, 1, 1]",9.318472851988224,,,,,,,,,,,6.295677038370167,,0.6756125320499161,,,,6.62709379196167,6.62709379196167,False,,0.0,0.0,,,6.634958744049072,2026-07-21 08:40:16,x86_64,dacsgpu0002,,64,64,3.11.15,0.21,False,False,adam,True,1,20,hamqaoa,0.01,False,False,hog,False,True,False,False,False,False,False,1,HOG_graphs/random_graphs_8to14vertices_78instances_20260625_143415_AdjacencyList.txt,False,0,32,1,5,1,,15,"[(1, 3), (2, 7), (1, 6), (0, 4), (3, 8), (4, 7), (5, 7), (1, 2), (3, 6), (0, 6), (3, 4), (1, 5), (2, 8), (4, 5), (5, 6), (7, 8), (0, 2), (0, 8)]","[1.0, 1.0, 1.0, 1.0, 1.0, 1.0, 1.0, 1.0, 1.0, 1.0, 1.0, 1.0, 1.0, 1.0, 1.0, 1.0, 1.0, 1.0]"
5eb2681c,9,14,2,50.0,False,False,"[1, 1, 1]",7.4758416116024,,,,,,,,,,,5.426615271883022,,0.7258868705111398,,,,5.75452446937561,5.75452446937561,False,,0.0,0.0,,,5.762875318527222,2026-07-21 08:40:16,x86_64,dacsgpu0002,,64,64,3.11.15,0.21,False,False,adam,True,1,20,hamqaoa,0.01,False,False,hog,False,True,False,False,False,False,False,1,HOG_graphs/random_graphs_8to14vertices_78instances_20260625_143415_AdjacencyList.txt,False,0,32,1,5,1,,16,"[(0, 1), (2, 3), (1, 6), (0, 4), (3, 8), (5, 7), (0, 7), (0, 3), (0, 6), (1, 5), (2, 8), (4, 5), (1, 4), (0, 2)]","[1.0, 1.0, 1.0, 1.0, 1.0, 1.0, 1.0, 1.0, 1.0, 1.0, 1.0, 1.0, 1.0, 1.0]"
c7501a74,9,18,2,50.0,False,False,"[1, 1, 1]",8.611677215596796,,,,,,,,,,,6.1269208523246705,,0.7114666166572141,,,,6.00085973739624,6.00085973739624,False,,0.0,0.0,,,6.0074708461761475,2026-07-21 08:40:18,x86_64,dacsgpu0002,,64,64,3.11.15,0.21,False,False,adam,True,1,20,hamqaoa,0.01,False,False,hog,False,True,False,False,False,False,False,1,HOG_graphs/random_graphs_8to14vertices_78instances_20260625_143415_AdjacencyList.txt,False,0,32,1,5,1,,17,"[(2, 7), (0, 1), (0, 4), (3, 8), (2, 6), (5, 7), (0, 7), (3, 5), (0, 3), (4, 6), (3, 6), (6, 8), (1, 5), (0, 5), (1, 4), (0, 2), (0, 8), (2, 4)]","[1.0, 1.0, 1.0, 1.0, 1.0, 1.0, 1.0, 1.0, 1.0, 1.0, 1.0, 1.0, 1.0, 1.0, 1.0, 1.0, 1.0, 1.0]"
770a933c,9,18,1,10.0,False,False,"[1, 1, 1]",9.11474866234564,,,,,,,,,,,5.89420346540121,,0.646666593205255,,,,1.1583161354064941,1.1583161354064941,False,,0.0,0.0,,,1.1646802425384521,2026-07-21 08:40:18,x86_64,dacsgpu0002,,64,64,3.11.15,0.21,False,False,adam,True,1,20,hamqaoa,0.01,False,False,hog,False,True,False,False,False,False,False,1,HOG_graphs/random_graphs_8to14vertices_78instances_20260625_143415_AdjacencyList.txt,False,0,32,1,5,1,,18,"[(1, 3), (0, 1), (2, 7), (2, 3), (0, 4), (5, 7), (0, 7), (3, 5), (4, 6), (1, 2), (1, 8), (0, 6), (3, 4), (5, 6), (6, 8), (7, 8), (0, 8), (6, 7)]","[1.0, 1.0, 1.0, 1.0, 1.0, 1.0, 1.0, 1.0, 1.0, 1.0, 1.0, 1.0, 1.0, 1.0, 1.0, 1.0, 1.0, 1.0]"
ed7ff916,9,18,1,5.0,False,False,"[1, 1, 1]",8.668163939107135,,,,,,,,,,,4.900484417285081,,0.5653428398113403,,,,1.0116477012634277,1.0116477012634277,False,,0.0,0.0,,,1.0185644626617432,2026-07-21 08:40:19,x86_64,dacsgpu0002,,64,64,3.11.15,0.21,False,False,adam,True,1,20,hamqaoa,0.01,False,False,hog,False,True,False,False,False,False,False,1,HOG_graphs/random_graphs_8to14vertices_78instances_20260625_143415_AdjacencyList.txt,False,0,32,1,5,1,,19,"[(2, 7), (2, 3), (1, 6), (4, 7), (0, 7), (0, 3), (4, 6), (1, 2), (1, 8), (0, 6), (3, 4), (2, 8), (5, 6), (6, 7), (0, 5), (1, 4), (2, 4), (1, 7)]","[1.0, 1.0, 1.0, 1.0, 1.0, 1.0, 1.0, 1.0, 1.0, 1.0, 1.0, 1.0, 1.0, 1.0, 1.0, 1.0, 1.0, 1.0]"
e98c0424,9,18,1,25.0,False,False,"[1, 1, 1]",9.11474866234564,,,,,,,,,,,5.692471750053139,,0.6245341436094198,,,,1.8613038063049316,1.8613038063049316,False,,0.0,0.0,,,1.867929220199585,2026-07-21 08:40:19,x86_64,dacsgpu0002,,64,64,3.11.15,0.21,False,False,adam,True,1,20,hamqaoa,0.01,False,False,hog,False,True,False,False,False,False,False,1,HOG_graphs/random_graphs_8to14vertices_78instances_20260625_143415_AdjacencyList.txt,False,0,32,1,5,1,,18,"[(1, 3), (0, 1), (2, 7), (2, 3), (0, 4), (5, 7), (0, 7), (3, 5), (4, 6), (1, 2), (1, 8), (0, 6), (3, 4), (5, 6), (6, 8), (7, 8), (0, 8), (6, 7)]","[1.0, 1.0, 1.0, 1.0, 1.0, 1.0, 1.0, 1.0, 1.0, 1.0, 1.0, 1.0, 1.0, 1.0, 1.0, 1.0, 1.0, 1.0]"
56e3145d,9,18,1,10.0,False,False,"[1, 1, 1]",8.668163939107135,,,,,,,,,,,4.497531937943068,,0.5188563540719485,,,,1.2078769207000732,1.2078769207000732,False,,0.0,0.0,,,1.21476411819458,2026-07-21 08:40:19,x86_64,dacsgpu0002,,64,64,3.11.15,0.21,False,False,adam,True,1,20,hamqaoa,0.01,False,False,hog,False,True,False,False,False,False,False,1,HOG_graphs/random_graphs_8to14vertices_78instances_20260625_143415_AdjacencyList.txt,False,0,32,1,5,1,,19,"[(2, 7), (2, 3), (1, 6), (4, 7), (0, 7), (0, 3), (4, 6), (1, 2), (1, 8), (0, 6), (3, 4), (2, 8), (5, 6), (6, 7), (0, 5), (1, 4), (2, 4), (1, 7)]","[1.0, 1.0, 1.0, 1.0, 1.0, 1.0, 1.0, 1.0, 1.0, 1.0, 1.0, 1.0, 1.0, 1.0, 1.0, 1.0, 1.0, 1.0]"
562ed883,9,18,2,10.0,False,False,"[1, 1, 1]",9.11474866234564,,,,,,,,,,,5.552935356045455,,0.6092252854964003,,,,3.0881292819976807,3.0881292819976807,False,,0.0,0.0,,,3.094132423400879,2026-07-21 08:40:20,x86_64,dacsgpu0002,,64,64,3.11.15,0.21,False,False,adam,True,1,20,hamqaoa,0.01,False,False,hog,False,True,False,False,False,False,False,1,HOG_graphs/random_graphs_8to14vertices_78instances_20260625_143415_AdjacencyList.txt,False,0,32,1,5,1,,18,"[(1, 3), (0, 1), (2, 7), (2, 3), (0, 4), (5, 7), (0, 7), (3, 5), (4, 6), (1, 2), (1, 8), (0, 6), (3, 4), (5, 6), (6, 8), (7, 8), (0, 8), (6, 7)]","[1.0, 1.0, 1.0, 1.0, 1.0, 1.0, 1.0, 1.0, 1.0, 1.0, 1.0, 1.0, 1.0, 1.0, 1.0, 1.0, 1.0, 1.0]"
9648c26c,9,27,1,5.0,False,False,"[1, 1, 1]",11.151517664061469,,,,,,,,,,,7.942829046682883,,0.7122644007712617,,,,1.2762713432312012,1.2762713432312012,False,,0.0,0.0,,,1.2822537422180176,2026-07-21 08:40:20,x86_64,dacsgpu0002,,64,64,3.11.15,0.21,False,False,adam,True,1,20,hamqaoa,0.01,False,False,hog,False,True,False,False,False,False,False,1,HOG_graphs/random_graphs_8to14vertices_78instances_20260625_143415_AdjacencyList.txt,False,0,32,1,5,1,,20,"[(2, 3), (2, 6), (3, 5), (7, 8), (0, 2), (0, 8), (1, 7), (5, 7), (2, 8), (4, 5), (3, 7), (4, 8), (1, 3), (0, 1), (1, 6), (6, 8), (5, 6), (3, 6), (2, 4), (2, 7), (4, 7), (0, 3), (1, 8), (0, 6), (1, 5), (5, 8), (6, 7)]","[1.0, 1.0, 1.0, 1.0, 1.0, 1.0, 1.0, 1.0, 1.0, 1.0, 1.0, 1.0, 1.0, 1.0, 1.0, 1.0, 1.0, 1.0, 1.0, 1.0, 1.0, 1.0, 1.0, 1.0, 1.0, 1.0, 1.0]"
49dcc822,9,18,1,25.0,False,False,"[1, 1, 1]",8.668163939107135,,,,,,,,,,,4.958366419625877,,0.5720203787627733,,,,1.9377591609954834,1.9377591609954834,False,,0.0,0.0,,,1.9442298412322998,2026-07-21 08:40:20,x86_64,dacsgpu0002,,64,64,3.11.15,0.21,False,False,adam,True,1,20,hamqaoa,0.01,False,False,hog,False,True,False,False,False,False,False,1,HOG_graphs/random_graphs_8to14vertices_78instances_20260625_143415_AdjacencyList.txt,False,0,32,1,5,1,,19,"[(2, 7), (2, 3), (1, 6), (4, 7), (0, 7), (0, 3), (4, 6), (1, 2), (1, 8), (0, 6), (3, 4), (2, 8), (5, 6), (6, 7), (0, 5), (1, 4), (2, 4), (1, 7)]","[1.0, 1.0, 1.0, 1.0, 1.0, 1.0, 1.0, 1.0, 1.0, 1.0, 1.0, 1.0, 1.0, 1.0, 1.0, 1.0, 1.0, 1.0]"
6950166a,9,18,1,50.0,False,False,"[1, 1, 1]",9.11474866234564,,,,,,,,,,,5.751374859500052,,0.6309965389676429,,,,2.8832924365997314,2.8832924365997314,False,,0.0,0.0,,,2.8894286155700684,2026-07-21 08:40:20,x86_64,dacsgpu0002,,64,64,3.11.15,0.21,False,False,adam,True,1,20,hamqaoa,0.01,False,False,hog,False,True,False,False,False,False,False,1,HOG_graphs/random_graphs_8to14vertices_78instances_20260625_143415_AdjacencyList.txt,False,0,32,1,5,1,,18,"[(1, 3), (0, 1), (2, 7), (2, 3), (0, 4), (5, 7), (0, 7), (3, 5), (4, 6), (1, 2), (1, 8), (0, 6), (3, 4), (5, 6), (6, 8), (7, 8), (0, 8), (6, 7)]","[1.0, 1.0, 1.0, 1.0, 1.0, 1.0, 1.0, 1.0, 1.0, 1.0, 1.0, 1.0, 1.0, 1.0, 1.0, 1.0, 1.0, 1.0]"
788acb09,9,18,2,5.0,False,False,"[1, 1, 1]",8.668163939107135,,,,,,,,,,,6.066972919903674,,0.6999144181540021,,,,2.714728832244873,2.714728832244873,False,,0.0,0.0,,,2.7236218452453613,2026-07-21 08:40:21,x86_64,dacsgpu0002,,64,64,3.11.15,0.21,False,False,adam,True,1,20,hamqaoa,0.01,False,False,hog,False,True,False,False,False,False,False,1,HOG_graphs/random_graphs_8to14vertices_78instances_20260625_143415_AdjacencyList.txt,False,0,32,1,5,1,,19,"[(2, 7), (2, 3), (1, 6), (4, 7), (0, 7), (0, 3), (4, 6), (1, 2), (1, 8), (0, 6), (3, 4), (2, 8), (5, 6), (6, 7), (0, 5), (1, 4), (2, 4), (1, 7)]","[1.0, 1.0, 1.0, 1.0, 1.0, 1.0, 1.0, 1.0, 1.0, 1.0, 1.0, 1.0, 1.0, 1.0, 1.0, 1.0, 1.0, 1.0]"
27dcc964,9,27,1,10.0,False,False,"[1, 1, 1]",11.151517664061469,,,,,,,,,,,7.63860314487559,,0.6849832798537263,,,,1.6587696075439453,1.6587696075439453,False,,0.0,0.0,,,1.6655802726745605,2026-07-21 08:40:21,x86_64,dacsgpu0002,,64,64,3.11.15,0.2,False,False,adam,True,1,20,hamqaoa,0.01,False,False,hog,False,True,False,False,False,False,False,1,HOG_graphs/random_graphs_8to14vertices_78instances_20260625_143415_AdjacencyList.txt,False,0,32,1,5,1,,20,"[(2, 3), (2, 6), (3, 5), (7, 8), (0, 2), (0, 8), (1, 7), (5, 7), (2, 8), (4, 5), (3, 7), (4, 8), (1, 3), (0, 1), (1, 6), (6, 8), (5, 6), (3, 6), (2, 4), (2, 7), (4, 7), (0, 3), (1, 8), (0, 6), (1, 5), (5, 8), (6, 7)]","[1.0, 1.0, 1.0, 1.0, 1.0, 1.0, 1.0, 1.0, 1.0, 1.0, 1.0, 1.0, 1.0, 1.0, 1.0, 1.0, 1.0, 1.0, 1.0, 1.0, 1.0, 1.0, 1.0, 1.0, 1.0, 1.0, 1.0]"
c54c912b,9,18,2,10.0,False,False,"[1, 1, 1]",8.668163939107135,,,,,,,,,,,5.554020669335184,,0.6407378434869884,,,,3.233761787414551,3.233761787414551,False,,0.0,0.0,,,3.241863965988159,2026-07-21 08:40:21,x86_64,dacsgpu0002,,64,64,3.11.15,0.21,False,False,adam,True,1,20,hamqaoa,0.01,False,False,hog,False,True,False,False,False,False,False,1,HOG_graphs/random_graphs_8to14vertices_78instances_20260625_143415_AdjacencyList.txt,False,0,32,1,5,1,,19,"[(2, 7), (2, 3), (1, 6), (4, 7), (0, 7), (0, 3), (4, 6), (1, 2), (1, 8), (0, 6), (3, 4), (2, 8), (5, 6), (6, 7), (0, 5), (1, 4), (2, 4), (1, 7)]","[1.0, 1.0, 1.0, 1.0, 1.0, 1.0, 1.0, 1.0, 1.0, 1.0, 1.0, 1.0, 1.0, 1.0, 1.0, 1.0, 1.0, 1.0]"
adcd3140,9,27,1,5.0,False,False,"[1, 1, 1]",11.165162775970071,,,,,,,,,,,7.874531637055815,,0.7052769220708156,,,,1.3957390785217285,1.3957390785217285,False,,0.0,0.0,,,1.4118092060089111,2026-07-21 08:40:22,x86_64,dacsgpu0002,,64,64,3.11.15,0.2,False,False,adam,True,1,20,hamqaoa,0.01,False,False,hog,False,True,False,False,False,False,False,1,HOG_graphs/random_graphs_8to14vertices_78instances_20260625_143415_AdjacencyList.txt,False,0,32,1,5,1,,21,"[(2, 3), (2, 6), (3, 5), (7, 8), (0, 5), (1, 4), (0, 2), (0, 8), (1, 7), (5, 7), (3, 4), (2, 8), (4, 5), (2, 5), (4, 8), (1, 3), (0, 1), (1, 6), (0, 4), (6, 8), (2, 4), (2, 7), (0, 3), (1, 2), (1, 8), (0, 6), (1, 5)]","[1.0, 1.0, 1.0, 1.0, 1.0, 1.0, 1.0, 1.0, 1.0, 1.0, 1.0, 1.0, 1.0, 1.0, 1.0, 1.0, 1.0, 1.0, 1.0, 1.0, 1.0, 1.0, 1.0, 1.0, 1.0, 1.0, 1.0]"
462cd632,9,18,1,50.0,False,False,"[1, 1, 1]",8.668163939107135,,,,,,,,,,,4.525255069728449,,0.5220546244300236,,,,3.038130044937134,3.038130044937134,False,,0.0,0.0,,,3.0460057258605957,2026-07-21 08:40:22,x86_64,dacsgpu0002,,64,64,3.11.15,0.21,False,False,adam,True,1,20,hamqaoa,0.01,False,False,hog,False,True,False,False,False,False,False,1,HOG_graphs/random_graphs_8to14vertices_78instances_20260625_143415_AdjacencyList.txt,False,0,32,1,5,1,,19,"[(2, 7), (2, 3), (1, 6), (4, 7), (0, 7), (0, 3), (4, 6), (1, 2), (1, 8), (0, 6), (3, 4), (2, 8), (5, 6), (6, 7), (0, 5), (1, 4), (2, 4), (1, 7)]","[1.0, 1.0, 1.0, 1.0, 1.0, 1.0, 1.0, 1.0, 1.0, 1.0, 1.0, 1.0, 1.0, 1.0, 1.0, 1.0, 1.0, 1.0]"
b9358601,9,27,1,25.0,False,False,"[1, 1, 1]",11.151517664061469,,,,,,,,,,,7.998995871925768,,0.7173010986392028,,,,2.3462698459625244,2.3462698459625244,False,,0.0,0.0,,,2.3551437854766846,2026-07-21 08:40:22,x86_64,dacsgpu0002,,64,64,3.11.15,0.21,False,False,adam,True,1,20,hamqaoa,0.01,False,False,hog,False,True,False,False,False,False,False,1,HOG_graphs/random_graphs_8to14vertices_78instances_20260625_143415_AdjacencyList.txt,False,0,32,1,5,1,,20,"[(2, 3), (2, 6), (3, 5), (7, 8), (0, 2), (0, 8), (1, 7), (5, 7), (2, 8), (4, 5), (3, 7), (4, 8), (1, 3), (0, 1), (1, 6), (6, 8), (5, 6), (3, 6), (2, 4), (2, 7), (4, 7), (0, 3), (1, 8), (0, 6), (1, 5), (5, 8), (6, 7)]","[1.0, 1.0, 1.0, 1.0, 1.0, 1.0, 1.0, 1.0, 1.0, 1.0, 1.0, 1.0, 1.0, 1.0, 1.0, 1.0, 1.0, 1.0, 1.0, 1.0, 1.0, 1.0, 1.0, 1.0, 1.0, 1.0, 1.0]"
346780dd,9,18,2,25.0,False,False,"[1, 1, 1]",9.11474866234564,,,,,,,,,,,7.02904995429736,,0.7711732067100647,,,,4.695030689239502,4.695030689239502,False,,0.0,0.0,,,4.702949523925781,2026-07-21 08:40:22,x86_64,dacsgpu0002,,64,64,3.11.15,0.21,False,False,adam,True,1,20,hamqaoa,0.01,False,False,hog,False,True,False,False,False,False,False,1,HOG_graphs/random_graphs_8to14vertices_78instances_20260625_143415_AdjacencyList.txt,False,0,32,1,5,1,,18,"[(1, 3), (0, 1), (2, 7), (2, 3), (0, 4), (5, 7), (0, 7), (3, 5), (4, 6), (1, 2), (1, 8), (0, 6), (3, 4), (5, 6), (6, 8), (7, 8), (0, 8), (6, 7)]","[1.0, 1.0, 1.0, 1.0, 1.0, 1.0, 1.0, 1.0, 1.0, 1.0, 1.0, 1.0, 1.0, 1.0, 1.0, 1.0, 1.0, 1.0]"
40459294,9,27,1,10.0,False,False,"[1, 1, 1]",11.165162775970071,,,,,,,,,,,8.471115946191201,,0.7587095787284838,,,,1.6570611000061035,1.6570611000061035,False,,0.0,0.0,,,1.6644418239593506,2026-07-21 08:40:22,x86_64,dacsgpu0002,,64,64,3.11.15,0.21,False,False,adam,True,1,20,hamqaoa,0.01,False,False,hog,False,True,False,False,False,False,False,1,HOG_graphs/random_graphs_8to14vertices_78instances_20260625_143415_AdjacencyList.txt,False,0,32,1,5,1,,21,"[(2, 3), (2, 6), (3, 5), (7, 8), (0, 5), (1, 4), (0, 2), (0, 8), (1, 7), (5, 7), (3, 4), (2, 8), (4, 5), (2, 5), (4, 8), (1, 3), (0, 1), (1, 6), (0, 4), (6, 8), (2, 4), (2, 7), (0, 3), (1, 2), (1, 8), (0, 6), (1, 5)]","[1.0, 1.0, 1.0, 1.0, 1.0, 1.0, 1.0, 1.0, 1.0, 1.0, 1.0, 1.0, 1.0, 1.0, 1.0, 1.0, 1.0, 1.0, 1.0, 1.0, 1.0, 1.0, 1.0, 1.0, 1.0, 1.0, 1.0]"
97aafe19,9,27,2,5.0,False,False,"[1, 1, 1]",11.151517664061469,,,,,,,,,,,7.931122769285533,,0.7112146533063874,,,,3.379833221435547,3.379833221435547,False,,0.0,0.0,,,3.387314796447754,2026-07-21 08:40:22,x86_64,dacsgpu0002,,64,64,3.11.15,0.21,False,False,adam,True,1,20,hamqaoa,0.01,False,False,hog,False,True,False,False,False,False,False,1,HOG_graphs/random_graphs_8to14vertices_78instances_20260625_143415_AdjacencyList.txt,False,0,32,1,5,1,,20,"[(2, 3), (2, 6), (3, 5), (7, 8), (0, 2), (0, 8), (1, 7), (5, 7), (2, 8), (4, 5), (3, 7), (4, 8), (1, 3), (0, 1), (1, 6), (6, 8), (5, 6), (3, 6), (2, 4), (2, 7), (4, 7), (0, 3), (1, 8), (0, 6), (1, 5), (5, 8), (6, 7)]","[1.0, 1.0, 1.0, 1.0, 1.0, 1.0, 1.0, 1.0, 1.0, 1.0, 1.0, 1.0, 1.0, 1.0, 1.0, 1.0, 1.0, 1.0, 1.0, 1.0, 1.0, 1.0, 1.0, 1.0, 1.0, 1.0, 1.0]"
6b08b674,10,9,1,5.0,False,False,"[1, 1, 1]",6.271621605910759,,,,,,,,,,,3.3251538900678246,,0.5301904513713004,,,,1.0348904132843018,1.0348904132843018,False,,0.0,0.0,,,1.0566480159759521,2026-07-21 08:40:23,x86_64,dacsgpu0002,,64,64,3.11.15,0.2,True,False,adam,True,1,20,hamqaoa,0.01,False,False,hog,False,True,False,False,False,False,False,1,HOG_graphs/random_graphs_8to14vertices_78instances_20260625_143415_AdjacencyList.txt,False,0,32,1,5,1,,22,"[(3, 9), (2, 3), (0, 7), (7, 9), (6, 8), (0, 6), (4, 9), (4, 5), (1, 7)]","[1.0, 1.0, 1.0, 1.0, 1.0, 1.0, 1.0, 1.0, 1.0]"
27a54353,10,9,1,10.0,False,False,"[1, 1, 1]",6.271621605910759,,,,,,,,,,,3.7275122577545043,,0.5943458473708729,,,,1.2052464485168457,1.2052464485168457,False,,0.0,0.0,,,1.2132368087768555,2026-07-21 08:40:23,x86_64,dacsgpu0002,,64,64,3.11.15,0.21,True,False,adam,True,1,20,hamqaoa,0.01,False,False,hog,False,True,False,False,False,False,False,1,HOG_graphs/random_graphs_8to14vertices_78instances_20260625_143415_AdjacencyList.txt,False,0,32,1,5,1,,22,"[(3, 9), (2, 3), (0, 7), (7, 9), (6, 8), (0, 6), (4, 9), (4, 5), (1, 7)]","[1.0, 1.0, 1.0, 1.0, 1.0, 1.0, 1.0, 1.0, 1.0]"
0dd2c218,9,27,2,10.0,False,False,"[1, 1, 1]",11.151517664061469,,,,,,,,,,,8.030477875577999,,0.720124212461072,,,,3.881359577178955,3.881359577178955,False,,0.0,0.0,,,3.8882334232330322,2026-07-21 08:40:23,x86_64,dacsgpu0002,,64,64,3.11.15,0.21,False,False,adam,True,1,20,hamqaoa,0.01,False,False,hog,False,True,False,False,False,False,False,1,HOG_graphs/random_graphs_8to14vertices_78instances_20260625_143415_AdjacencyList.txt,False,0,32,1,5,1,,20,"[(2, 3), (2, 6), (3, 5), (7, 8), (0, 2), (0, 8), (1, 7), (5, 7), (2, 8), (4, 5), (3, 7), (4, 8), (1, 3), (0, 1), (1, 6), (6, 8), (5, 6), (3, 6), (2, 4), (2, 7), (4, 7), (0, 3), (1, 8), (0, 6), (1, 5), (5, 8), (6, 7)]","[1.0, 1.0, 1.0, 1.0, 1.0, 1.0, 1.0, 1.0, 1.0, 1.0, 1.0, 1.0, 1.0, 1.0, 1.0, 1.0, 1.0, 1.0, 1.0, 1.0, 1.0, 1.0, 1.0, 1.0, 1.0, 1.0, 1.0]"
5dc0e9d4,9,27,1,25.0,False,False,"[1, 1, 1]",11.165162775970071,,,,,,,,,,,7.8678179421414285,,0.7046756146784293,,,,2.480583667755127,2.480583667755127,False,,0.0,0.0,,,2.4871463775634766,2026-07-21 08:40:23,x86_64,dacsgpu0002,,64,64,3.11.15,0.2,False,False,adam,True,1,20,hamqaoa,0.01,False,False,hog,False,True,False,False,False,False,False,1,HOG_graphs/random_graphs_8to14vertices_78instances_20260625_143415_AdjacencyList.txt,False,0,32,1,5,1,,21,"[(2, 3), (2, 6), (3, 5), (7, 8), (0, 5), (1, 4), (0, 2), (0, 8), (1, 7), (5, 7), (3, 4), (2, 8), (4, 5), (2, 5), (4, 8), (1, 3), (0, 1), (1, 6), (0, 4), (6, 8), (2, 4), (2, 7), (0, 3), (1, 2), (1, 8), (0, 6), (1, 5)]","[1.0, 1.0, 1.0, 1.0, 1.0, 1.0, 1.0, 1.0, 1.0, 1.0, 1.0, 1.0, 1.0, 1.0, 1.0, 1.0, 1.0, 1.0, 1.0, 1.0, 1.0, 1.0, 1.0, 1.0, 1.0, 1.0, 1.0]"
594d30aa,9,18,2,25.0,False,False,"[1, 1, 1]",8.668163939107135,,,,,,,,,,,6.06746420082067,,0.6999710946221039,,,,4.9224326610565186,4.9224326610565186,False,,0.0,0.0,,,4.931396961212158,2026-07-21 08:40:23,x86_64,dacsgpu0002,,64,64,3.11.15,0.21,False,False,adam,True,1,20,hamqaoa,0.01,False,False,hog,False,True,False,False,False,False,False,1,HOG_graphs/random_graphs_8to14vertices_78instances_20260625_143415_AdjacencyList.txt,False,0,32,1,5,1,,19,"[(2, 7), (2, 3), (1, 6), (4, 7), (0, 7), (0, 3), (4, 6), (1, 2), (1, 8), (0, 6), (3, 4), (2, 8), (5, 6), (6, 7), (0, 5), (1, 4), (2, 4), (1, 7)]","[1.0, 1.0, 1.0, 1.0, 1.0, 1.0, 1.0, 1.0, 1.0, 1.0, 1.0, 1.0, 1.0, 1.0, 1.0, 1.0, 1.0, 1.0]"
6f08ad9e,9,27,1,50.0,False,False,"[1, 1, 1]",11.151517664061469,,,,,,,,,,,7.970411937699002,,0.7147378659844329,,,,3.695000171661377,3.695000171661377,False,,0.0,0.0,,,3.7024526596069336,2026-07-21 08:40:24,x86_64,dacsgpu0002,,64,64,3.11.15,0.21,False,False,adam,True,1,20,hamqaoa,0.01,False,False,hog,False,True,False,False,False,False,False,1,HOG_graphs/random_graphs_8to14vertices_78instances_20260625_143415_AdjacencyList.txt,False,0,32,1,5,1,,20,"[(2, 3), (2, 6), (3, 5), (7, 8), (0, 2), (0, 8), (1, 7), (5, 7), (2, 8), (4, 5), (3, 7), (4, 8), (1, 3), (0, 1), (1, 6), (6, 8), (5, 6), (3, 6), (2, 4), (2, 7), (4, 7), (0, 3), (1, 8), (0, 6), (1, 5), (5, 8), (6, 7)]","[1.0, 1.0, 1.0, 1.0, 1.0, 1.0, 1.0, 1.0, 1.0, 1.0, 1.0, 1.0, 1.0, 1.0, 1.0, 1.0, 1.0, 1.0, 1.0, 1.0, 1.0, 1.0, 1.0, 1.0, 1.0, 1.0, 1.0]"
b4caeabf,9,27,2,5.0,False,False,"[1, 1, 1]",11.165162775970071,,,,,,,,,,,7.724630040431399,,0.6918510903447401,,,,3.3810150623321533,3.3810150623321533,False,,0.0,0.0,,,3.3893394470214844,2026-07-21 08:40:24,x86_64,dacsgpu0002,,64,64,3.11.15,0.21,False,False,adam,True,1,20,hamqaoa,0.01,False,False,hog,False,True,False,False,False,False,False,1,HOG_graphs/random_graphs_8to14vertices_78instances_20260625_143415_AdjacencyList.txt,False,0,32,1,5,1,,21,"[(2, 3), (2, 6), (3, 5), (7, 8), (0, 5), (1, 4), (0, 2), (0, 8), (1, 7), (5, 7), (3, 4), (2, 8), (4, 5), (2, 5), (4, 8), (1, 3), (0, 1), (1, 6), (0, 4), (6, 8), (2, 4), (2, 7), (0, 3), (1, 2), (1, 8), (0, 6), (1, 5)]","[1.0, 1.0, 1.0, 1.0, 1.0, 1.0, 1.0, 1.0, 1.0, 1.0, 1.0, 1.0, 1.0, 1.0, 1.0, 1.0, 1.0, 1.0, 1.0, 1.0, 1.0, 1.0, 1.0, 1.0, 1.0, 1.0, 1.0]"
915532d0,10,9,1,25.0,False,False,"[1, 1, 1]",6.271621605910759,,,,,,,,,,,2.9997989289726386,,0.47831312497320394,,,,1.7450337409973145,1.7450337409973145,False,,0.0,0.0,,,1.7551920413970947,2026-07-21 08:40:24,x86_64,dacsgpu0002,,64,64,3.11.15,0.21,True,False,adam,True,1,20,hamqaoa,0.01,False,False,hog,False,True,False,False,False,False,False,1,HOG_graphs/random_graphs_8to14vertices_78instances_20260625_143415_AdjacencyList.txt,False,0,32,1,5,1,,22,"[(3, 9), (2, 3), (0, 7), (7, 9), (6, 8), (0, 6), (4, 9), (4, 5), (1, 7)]","[1.0, 1.0, 1.0, 1.0, 1.0, 1.0, 1.0, 1.0, 1.0]"
64a8d40d,10,9,2,5.0,False,False,"[1, 1, 1]",6.271621605910759,,,,,,,,,,,4.223653835466378,,0.6734548257002223,,,,2.396906852722168,2.396906852722168,False,,0.0,0.0,,,2.410174608230591,2026-07-21 08:40:24,x86_64,dacsgpu0002,,64,64,3.11.15,0.2,True,False,adam,True,1,20,hamqaoa,0.01,False,False,hog,False,True,False,False,False,False,False,1,HOG_graphs/random_graphs_8to14vertices_78instances_20260625_143415_AdjacencyList.txt,False,0,32,1,5,1,,22,"[(3, 9), (2, 3), (0, 7), (7, 9), (6, 8), (0, 6), (4, 9), (4, 5), (1, 7)]","[1.0, 1.0, 1.0, 1.0, 1.0, 1.0, 1.0, 1.0, 1.0]"
c4c6d1ef,10,21,1,5.0,False,False,"[1, 1, 1]",10.158893971297971,,,,,,,,,,,6.941188313091204,,0.6832622067620959,,,,1.3100266456604004,1.3100266456604004,False,,0.0,0.0,,,1.3214056491851807,2026-07-21 08:40:25,x86_64,dacsgpu0002,,64,64,3.11.15,0.2,False,False,adam,True,1,20,hamqaoa,0.01,False,False,hog,False,True,False,False,False,False,False,1,HOG_graphs/random_graphs_8to14vertices_78instances_20260625_143415_AdjacencyList.txt,False,0,32,1,5,1,,23,"[(4, 6), (0, 5), (1, 7), (6, 9), (4, 5), (2, 5), (4, 8), (8, 9), (1, 3), (0, 1), (1, 6), (6, 8), (5, 9), (3, 6), (2, 4), (4, 7), (7, 9), (0, 6), (1, 5), (0, 9), (5, 8)]","[1.0, 1.0, 1.0, 1.0, 1.0, 1.0, 1.0, 1.0, 1.0, 1.0, 1.0, 1.0, 1.0, 1.0, 1.0, 1.0, 1.0, 1.0, 1.0, 1.0, 1.0]"
f6d285a9,9,18,2,50.0,False,False,"[1, 1, 1]",9.11474866234564,,,,,,,,,,,5.615322612094244,,0.6160699345766891,,,,7.2603349685668945,7.2603349685668945,False,,0.0,0.0,,,7.26712703704834,2026-07-21 08:40:25,x86_64,dacsgpu0002,,64,64,3.11.15,0.21,False,False,adam,True,1,20,hamqaoa,0.01,False,False,hog,False,True,False,False,False,False,False,1,HOG_graphs/random_graphs_8to14vertices_78instances_20260625_143415_AdjacencyList.txt,False,0,32,1,5,1,,18,"[(1, 3), (0, 1), (2, 7), (2, 3), (0, 4), (5, 7), (0, 7), (3, 5), (4, 6), (1, 2), (1, 8), (0, 6), (3, 4), (5, 6), (6, 8), (7, 8), (0, 8), (6, 7)]","[1.0, 1.0, 1.0, 1.0, 1.0, 1.0, 1.0, 1.0, 1.0, 1.0, 1.0, 1.0, 1.0, 1.0, 1.0, 1.0, 1.0, 1.0]"
fe392949,9,27,2,10.0,False,False,"[1, 1, 1]",11.165162775970071,,,,,,,,,,,8.45635171254949,,0.7573872304620091,,,,4.127080678939819,4.127080678939819,False,,0.0,0.0,,,4.135553359985352,2026-07-21 08:40:25,x86_64,dacsgpu0002,,64,64,3.11.15,0.21,False,False,adam,True,1,20,hamqaoa,0.01,False,False,hog,False,True,False,False,False,False,False,1,HOG_graphs/random_graphs_8to14vertices_78instances_20260625_143415_AdjacencyList.txt,False,0,32,1,5,1,,21,"[(2, 3), (2, 6), (3, 5), (7, 8), (0, 5), (1, 4), (0, 2), (0, 8), (1, 7), (5, 7), (3, 4), (2, 8), (4, 5), (2, 5), (4, 8), (1, 3), (0, 1), (1, 6), (0, 4), (6, 8), (2, 4), (2, 7), (0, 3), (1, 2), (1, 8), (0, 6), (1, 5)]","[1.0, 1.0, 1.0, 1.0, 1.0, 1.0, 1.0, 1.0, 1.0, 1.0, 1.0, 1.0, 1.0, 1.0, 1.0, 1.0, 1.0, 1.0, 1.0, 1.0, 1.0, 1.0, 1.0, 1.0, 1.0, 1.0, 1.0]"
5de5f762,9,27,1,50.0,False,False,"[1, 1, 1]",11.165162775970071,,,,,,,,,,,8.444422963577859,,0.7563188403981128,,,,3.7133800983428955,3.7133800983428955,False,,0.0,0.0,,,3.721749782562256,2026-07-21 08:40:25,x86_64,dacsgpu0002,,64,64,3.11.15,0.2,False,False,adam,True,1,20,hamqaoa,0.01,False,False,hog,False,True,False,False,False,False,False,1,HOG_graphs/random_graphs_8to14vertices_78instances_20260625_143415_AdjacencyList.txt,False,0,32,1,5,1,,21,"[(2, 3), (2, 6), (3, 5), (7, 8), (0, 5), (1, 4), (0, 2), (0, 8), (1, 7), (5, 7), (3, 4), (2, 8), (4, 5), (2, 5), (4, 8), (1, 3), (0, 1), (1, 6), (0, 4), (6, 8), (2, 4), (2, 7), (0, 3), (1, 2), (1, 8), (0, 6), (1, 5)]","[1.0, 1.0, 1.0, 1.0, 1.0, 1.0, 1.0, 1.0, 1.0, 1.0, 1.0, 1.0, 1.0, 1.0, 1.0, 1.0, 1.0, 1.0, 1.0, 1.0, 1.0, 1.0, 1.0, 1.0, 1.0, 1.0, 1.0]"
6b8a3c43,10,21,1,10.0,False,False,"[1, 1, 1]",10.158893971297971,,,,,,,,,,,5.8957371218871,,0.580352264581596,,,,1.4798455238342285,1.4798455238342285,False,,0.0,0.0,,,1.4884846210479736,2026-07-21 08:40:25,x86_64,dacsgpu0002,,64,64,3.11.15,0.21,False,False,adam,True,1,20,hamqaoa,0.01,False,False,hog,False,True,False,False,False,False,False,1,HOG_graphs/random_graphs_8to14vertices_78instances_20260625_143415_AdjacencyList.txt,False,0,32,1,5,1,,23,"[(4, 6), (0, 5), (1, 7), (6, 9), (4, 5), (2, 5), (4, 8), (8, 9), (1, 3), (0, 1), (1, 6), (6, 8), (5, 9), (3, 6), (2, 4), (4, 7), (7, 9), (0, 6), (1, 5), (0, 9), (5, 8)]","[1.0, 1.0, 1.0, 1.0, 1.0, 1.0, 1.0, 1.0, 1.0, 1.0, 1.0, 1.0, 1.0, 1.0, 1.0, 1.0, 1.0, 1.0, 1.0, 1.0, 1.0]"
b563bff3,10,9,2,10.0,False,False,"[1, 1, 1]",6.271621605910759,,,,,,,,,,,3.3235860541402267,,0.529940462448799,,,,3.0368003845214844,3.0368003845214844,False,,0.0,0.0,,,3.047520399093628,2026-07-21 08:40:25,x86_64,dacsgpu0002,,64,64,3.11.15,0.2,True,False,adam,True,1,20,hamqaoa,0.01,False,False,hog,False,True,False,False,False,False,False,1,HOG_graphs/random_graphs_8to14vertices_78instances_20260625_143415_AdjacencyList.txt,False,0,32,1,5,1,,22,"[(3, 9), (2, 3), (0, 7), (7, 9), (6, 8), (0, 6), (4, 9), (4, 5), (1, 7)]","[1.0, 1.0, 1.0, 1.0, 1.0, 1.0, 1.0, 1.0, 1.0]"
22d36d2b,10,9,1,50.0,False,False,"[1, 1, 1]",6.271621605910759,,,,,,,,,,,2.9990240633932097,,0.47818957390011324,,,,2.59352445602417,2.59352445602417,False,,0.0,0.0,,,2.6033873558044434,2026-07-21 08:40:26,x86_64,dacsgpu0002,,64,64,3.11.15,0.21,True,False,adam,True,1,20,hamqaoa,0.01,False,False,hog,False,True,False,False,False,False,False,1,HOG_graphs/random_graphs_8to14vertices_78instances_20260625_143415_AdjacencyList.txt,False,0,32,1,5,1,,22,"[(3, 9), (2, 3), (0, 7), (7, 9), (6, 8), (0, 6), (4, 9), (4, 5), (1, 7)]","[1.0, 1.0, 1.0, 1.0, 1.0, 1.0, 1.0, 1.0, 1.0]"
d5af36e9,9,27,2,25.0,False,False,"[1, 1, 1]",11.151517664061469,,,,,,,,,,,8.271344745660643,,0.7417236823573443,,,,5.891577243804932,5.891577243804932,False,,0.0,0.0,,,5.899389028549194,2026-07-21 08:40:26,x86_64,dacsgpu0002,,64,64,3.11.15,0.21,False,False,adam,True,1,20,hamqaoa,0.01,False,False,hog,False,True,False,False,False,False,False,1,HOG_graphs/random_graphs_8to14vertices_78instances_20260625_143415_AdjacencyList.txt,False,0,32,1,5,1,,20,"[(2, 3), (2, 6), (3, 5), (7, 8), (0, 2), (0, 8), (1, 7), (5, 7), (2, 8), (4, 5), (3, 7), (4, 8), (1, 3), (0, 1), (1, 6), (6, 8), (5, 6), (3, 6), (2, 4), (2, 7), (4, 7), (0, 3), (1, 8), (0, 6), (1, 5), (5, 8), (6, 7)]","[1.0, 1.0, 1.0, 1.0, 1.0, 1.0, 1.0, 1.0, 1.0, 1.0, 1.0, 1.0, 1.0, 1.0, 1.0, 1.0, 1.0, 1.0, 1.0, 1.0, 1.0, 1.0, 1.0, 1.0, 1.0, 1.0, 1.0]"
17be2fd2,10,28,1,5.0,False,False,"[1, 1, 1]",12.658576065675938,,,,,,,,,,,8.478345623224739,,0.6697708793814492,,,,1.4298982620239258,1.4298982620239258,False,,0.0,0.0,,,1.437657356262207,2026-07-21 08:40:26,x86_64,dacsgpu0002,,64,64,3.11.15,0.2,False,False,adam,True,1,20,hamqaoa,0.01,False,False,hog,False,True,False,False,False,False,False,1,HOG_graphs/random_graphs_8to14vertices_78instances_20260625_143415_AdjacencyList.txt,False,0,32,1,5,1,,24,"[(2, 3), (3, 8), (2, 9), (4, 6), (4, 9), (7, 8), (0, 2), (0, 8), (1, 7), (6, 9), (5, 7), (3, 4), (2, 8), (3, 7), (2, 5), (8, 9), (1, 6), (0, 4), (1, 9), (0, 7), (6, 8), (5, 6), (2, 7), (0, 3), (1, 2), (1, 8), (0, 6), (0, 9)]","[1.0, 1.0, 1.0, 1.0, 1.0, 1.0, 1.0, 1.0, 1.0, 1.0, 1.0, 1.0, 1.0, 1.0, 1.0, 1.0, 1.0, 1.0, 1.0, 1.0, 1.0, 1.0, 1.0, 1.0, 1.0, 1.0, 1.0, 1.0]"
24d1be28,10,21,1,25.0,False,False,"[1, 1, 1]",10.158893971297971,,,,,,,,,,,5.999991433711547,,0.5906146329180505,,,,2.128159999847412,2.128159999847412,False,,0.0,0.0,,,2.135859727859497,2026-07-21 08:40:26,x86_64,dacsgpu0002,,64,64,3.11.15,0.2,False,False,adam,True,1,20,hamqaoa,0.01,False,False,hog,False,True,False,False,False,False,False,1,HOG_graphs/random_graphs_8to14vertices_78instances_20260625_143415_AdjacencyList.txt,False,0,32,1,5,1,,23,"[(4, 6), (0, 5), (1, 7), (6, 9), (4, 5), (2, 5), (4, 8), (8, 9), (1, 3), (0, 1), (1, 6), (6, 8), (5, 9), (3, 6), (2, 4), (4, 7), (7, 9), (0, 6), (1, 5), (0, 9), (5, 8)]","[1.0, 1.0, 1.0, 1.0, 1.0, 1.0, 1.0, 1.0, 1.0, 1.0, 1.0, 1.0, 1.0, 1.0, 1.0, 1.0, 1.0, 1.0, 1.0, 1.0, 1.0]"
2aaecc78,9,18,2,50.0,False,False,"[1, 1, 1]",8.668163939107135,,,,,,,,,,,6.659233888526473,,0.7682404180754809,,,,7.544606447219849,7.544606447219849,False,,0.0,0.0,,,7.552280902862549,2026-07-21 08:40:26,x86_64,dacsgpu0002,,64,64,3.11.15,0.21,False,False,adam,True,1,20,hamqaoa,0.01,False,False,hog,False,True,False,False,False,False,False,1,HOG_graphs/random_graphs_8to14vertices_78instances_20260625_143415_AdjacencyList.txt,False,0,32,1,5,1,,19,"[(2, 7), (2, 3), (1, 6), (4, 7), (0, 7), (0, 3), (4, 6), (1, 2), (1, 8), (0, 6), (3, 4), (2, 8), (5, 6), (6, 7), (0, 5), (1, 4), (2, 4), (1, 7)]","[1.0, 1.0, 1.0, 1.0, 1.0, 1.0, 1.0, 1.0, 1.0, 1.0, 1.0, 1.0, 1.0, 1.0, 1.0, 1.0, 1.0, 1.0]"
535a75cd,10,21,2,5.0,False,False,"[1, 1, 1]",10.158893971297971,,,,,,,,,,,5.877929794574839,,0.5785993840650188,,,,3.340088129043579,3.340088129043579,False,,0.0,0.0,,,3.3479676246643066,2026-07-21 08:40:27,x86_64,dacsgpu0002,,64,64,3.11.15,0.21,False,False,adam,True,1,20,hamqaoa,0.01,False,False,hog,False,True,False,False,False,False,False,1,HOG_graphs/random_graphs_8to14vertices_78instances_20260625_143415_AdjacencyList.txt,False,0,32,1,5,1,,23,"[(4, 6), (0, 5), (1, 7), (6, 9), (4, 5), (2, 5), (4, 8), (8, 9), (1, 3), (0, 1), (1, 6), (6, 8), (5, 9), (3, 6), (2, 4), (4, 7), (7, 9), (0, 6), (1, 5), (0, 9), (5, 8)]","[1.0, 1.0, 1.0, 1.0, 1.0, 1.0, 1.0, 1.0, 1.0, 1.0, 1.0, 1.0, 1.0, 1.0, 1.0, 1.0, 1.0, 1.0, 1.0, 1.0, 1.0]"
5274ec1f,10,28,1,10.0,False,False,"[1, 1, 1]",12.658576065675938,,,,,,,,,,,8.46906717182926,,0.6690379018848224,,,,1.7110161781311035,1.7110161781311035,False,,0.0,0.0,,,1.718458652496338,2026-07-21 08:40:27,x86_64,dacsgpu0002,,64,64,3.11.15,0.2,False,False,adam,True,1,20,hamqaoa,0.01,False,False,hog,False,True,False,False,False,False,False,1,HOG_graphs/random_graphs_8to14vertices_78instances_20260625_143415_AdjacencyList.txt,False,0,32,1,5,1,,24,"[(2, 3), (3, 8), (2, 9), (4, 6), (4, 9), (7, 8), (0, 2), (0, 8), (1, 7), (6, 9), (5, 7), (3, 4), (2, 8), (3, 7), (2, 5), (8, 9), (1, 6), (0, 4), (1, 9), (0, 7), (6, 8), (5, 6), (2, 7), (0, 3), (1, 2), (1, 8), (0, 6), (0, 9)]","[1.0, 1.0, 1.0, 1.0, 1.0, 1.0, 1.0, 1.0, 1.0, 1.0, 1.0, 1.0, 1.0, 1.0, 1.0, 1.0, 1.0, 1.0, 1.0, 1.0, 1.0, 1.0, 1.0, 1.0, 1.0, 1.0, 1.0, 1.0]"
fed9c61c,10,9,2,25.0,False,False,"[1, 1, 1]",6.271621605910759,,,,,,,,,,,3.923444830574306,,0.625586981663022,,,,4.1652748584747314,4.1652748584747314,False,,0.0,0.0,,,4.172201871871948,2026-07-21 08:40:27,x86_64,dacsgpu0002,,64,64,3.11.15,0.21,True,False,adam,True,1,20,hamqaoa,0.01,False,False,hog,False,True,False,False,False,False,False,1,HOG_graphs/random_graphs_8to14vertices_78instances_20260625_143415_AdjacencyList.txt,False,0,32,1,5,1,,22,"[(3, 9), (2, 3), (0, 7), (7, 9), (6, 8), (0, 6), (4, 9), (4, 5), (1, 7)]","[1.0, 1.0, 1.0, 1.0, 1.0, 1.0, 1.0, 1.0, 1.0]"
e70ffb6e,9,27,2,25.0,False,False,"[1, 1, 1]",11.165162775970071,,,,,,,,,,,7.848964763657145,,0.7029870429251488,,,,5.8910017013549805,5.8910017013549805,False,,0.0,0.0,,,5.901169061660767,2026-07-21 08:40:27,x86_64,dacsgpu0002,,64,64,3.11.15,0.21,False,False,adam,True,1,20,hamqaoa,0.01,False,False,hog,False,True,False,False,False,False,False,1,HOG_graphs/random_graphs_8to14vertices_78instances_20260625_143415_AdjacencyList.txt,False,0,32,1,5,1,,21,"[(2, 3), (2, 6), (3, 5), (7, 8), (0, 5), (1, 4), (0, 2), (0, 8), (1, 7), (5, 7), (3, 4), (2, 8), (4, 5), (2, 5), (4, 8), (1, 3), (0, 1), (1, 6), (0, 4), (6, 8), (2, 4), (2, 7), (0, 3), (1, 2), (1, 8), (0, 6), (1, 5)]","[1.0, 1.0, 1.0, 1.0, 1.0, 1.0, 1.0, 1.0, 1.0, 1.0, 1.0, 1.0, 1.0, 1.0, 1.0, 1.0, 1.0, 1.0, 1.0, 1.0, 1.0, 1.0, 1.0, 1.0, 1.0, 1.0, 1.0]"
af43f493,10,21,1,50.0,False,False,"[1, 1, 1]",10.158893971297971,,,,,,,,,,,5.998948713940159,,0.5905119918456725,,,,3.158888339996338,3.158888339996338,False,,0.0,0.0,,,3.1670730113983154,2026-07-21 08:40:28,x86_64,dacsgpu0002,,64,64,3.11.15,0.21,False,False,adam,True,1,20,hamqaoa,0.01,False,False,hog,False,True,False,False,False,False,False,1,HOG_graphs/random_graphs_8to14vertices_78instances_20260625_143415_AdjacencyList.txt,False,0,32,1,5,1,,23,"[(4, 6), (0, 5), (1, 7), (6, 9), (4, 5), (2, 5), (4, 8), (8, 9), (1, 3), (0, 1), (1, 6), (6, 8), (5, 9), (3, 6), (2, 4), (4, 7), (7, 9), (0, 6), (1, 5), (0, 9), (5, 8)]","[1.0, 1.0, 1.0, 1.0, 1.0, 1.0, 1.0, 1.0, 1.0, 1.0, 1.0, 1.0, 1.0, 1.0, 1.0, 1.0, 1.0, 1.0, 1.0, 1.0, 1.0]"
b81485dd,10,21,2,10.0,False,False,"[1, 1, 1]",10.158893971297971,,,,,,,,,,,6.000280895399976,,0.5906431263435402,,,,3.6995551586151123,3.6995551586151123,False,,0.0,0.0,,,3.708531141281128,2026-07-21 08:40:28,x86_64,dacsgpu0002,,64,64,3.11.15,0.2,False,False,adam,True,1,20,hamqaoa,0.01,False,False,hog,False,True,False,False,False,False,False,1,HOG_graphs/random_graphs_8to14vertices_78instances_20260625_143415_AdjacencyList.txt,False,0,32,1,5,1,,23,"[(4, 6), (0, 5), (1, 7), (6, 9), (4, 5), (2, 5), (4, 8), (8, 9), (1, 3), (0, 1), (1, 6), (6, 8), (5, 9), (3, 6), (2, 4), (4, 7), (7, 9), (0, 6), (1, 5), (0, 9), (5, 8)]","[1.0, 1.0, 1.0, 1.0, 1.0, 1.0, 1.0, 1.0, 1.0, 1.0, 1.0, 1.0, 1.0, 1.0, 1.0, 1.0, 1.0, 1.0, 1.0, 1.0, 1.0]"
e1bf501c,10,28,2,5.0,False,False,"[1, 1, 1]",12.658576065675938,,,,,,,,,,,8.722002400130034,,0.6890192352503196,,,,3.3437530994415283,3.3437530994415283,False,,0.0,0.0,,,3.3506977558135986,2026-07-21 08:40:28,x86_64,dacsgpu0002,,64,64,3.11.15,0.21,False,False,adam,True,1,20,hamqaoa,0.01,False,False,hog,False,True,False,False,False,False,False,1,HOG_graphs/random_graphs_8to14vertices_78instances_20260625_143415_AdjacencyList.txt,False,0,32,1,5,1,,24,"[(2, 3), (3, 8), (2, 9), (4, 6), (4, 9), (7, 8), (0, 2), (0, 8), (1, 7), (6, 9), (5, 7), (3, 4), (2, 8), (3, 7), (2, 5), (8, 9), (1, 6), (0, 4), (1, 9), (0, 7), (6, 8), (5, 6), (2, 7), (0, 3), (1, 2), (1, 8), (0, 6), (0, 9)]","[1.0, 1.0, 1.0, 1.0, 1.0, 1.0, 1.0, 1.0, 1.0, 1.0, 1.0, 1.0, 1.0, 1.0, 1.0, 1.0, 1.0, 1.0, 1.0, 1.0, 1.0, 1.0, 1.0, 1.0, 1.0, 1.0, 1.0, 1.0]"
9e3d8686,9,27,2,50.0,False,False,"[1, 1, 1]",11.151517664061469,,,,,,,,,,,9.327423821808878,,0.836426404261441,,,,8.505126237869263,8.505126237869263,False,,0.0,0.0,,,8.515606164932251,2026-07-21 08:40:29,x86_64,dacsgpu0002,,64,64,3.11.15,0.21,False,False,adam,True,1,20,hamqaoa,0.01,False,False,hog,False,True,False,False,False,False,False,1,HOG_graphs/random_graphs_8to14vertices_78instances_20260625_143415_AdjacencyList.txt,False,0,32,1,5,1,,20,"[(2, 3), (2, 6), (3, 5), (7, 8), (0, 2), (0, 8), (1, 7), (5, 7), (2, 8), (4, 5), (3, 7), (4, 8), (1, 3), (0, 1), (1, 6), (6, 8), (5, 6), (3, 6), (2, 4), (2, 7), (4, 7), (0, 3), (1, 8), (0, 6), (1, 5), (5, 8), (6, 7)]","[1.0, 1.0, 1.0, 1.0, 1.0, 1.0, 1.0, 1.0, 1.0, 1.0, 1.0, 1.0, 1.0, 1.0, 1.0, 1.0, 1.0, 1.0, 1.0, 1.0, 1.0, 1.0, 1.0, 1.0, 1.0, 1.0, 1.0]"
751f1e4e,10,9,2,50.0,False,False,"[1, 1, 1]",6.271621605910759,,,,,,,,,,,4.354077082362563,,0.6942506031070202,,,,5.966770648956299,5.966770648956299,False,,0.0,0.0,,,5.978167533874512,2026-07-21 08:40:29,x86_64,dacsgpu0002,,64,64,3.11.15,0.21,True,False,adam,True,1,20,hamqaoa,0.01,False,False,hog,False,True,False,False,False,False,False,1,HOG_graphs/random_graphs_8to14vertices_78instances_20260625_143415_AdjacencyList.txt,False,0,32,1,5,1,,22,"[(3, 9), (2, 3), (0, 7), (7, 9), (6, 8), (0, 6), (4, 9), (4, 5), (1, 7)]","[1.0, 1.0, 1.0, 1.0, 1.0, 1.0, 1.0, 1.0, 1.0]"
ec6355fb,10,28,2,10.0,False,False,"[1, 1, 1]",12.658576065675938,,,,,,,,,,,8.433282964783986,,0.6662110272932715,,,,3.753943920135498,3.753943920135498,False,,0.0,0.0,,,3.7613472938537598,2026-07-21 08:40:29,x86_64,dacsgpu0002,,64,64,3.11.15,0.21,False,False,adam,True,1,20,hamqaoa,0.01,False,False,hog,False,True,False,False,False,False,False,1,HOG_graphs/random_graphs_8to14vertices_78instances_20260625_143415_AdjacencyList.txt,False,0,32,1,5,1,,24,"[(2, 3), (3, 8), (2, 9), (4, 6), (4, 9), (7, 8), (0, 2), (0, 8), (1, 7), (6, 9), (5, 7), (3, 4), (2, 8), (3, 7), (2, 5), (8, 9), (1, 6), (0, 4), (1, 9), (0, 7), (6, 8), (5, 6), (2, 7), (0, 3), (1, 2), (1, 8), (0, 6), (0, 9)]","[1.0, 1.0, 1.0, 1.0, 1.0, 1.0, 1.0, 1.0, 1.0, 1.0, 1.0, 1.0, 1.0, 1.0, 1.0, 1.0, 1.0, 1.0, 1.0, 1.0, 1.0, 1.0, 1.0, 1.0, 1.0, 1.0, 1.0, 1.0]"
604ba838,10,21,2,25.0,False,False,"[1, 1, 1]",10.158893971297971,,,,,,,,,,,6.692410302819607,,0.6587735162634578,,,,5.012652158737183,5.012652158737183,False,,0.0,0.0,,,5.0197930335998535,2026-07-21 08:40:29,x86_64,dacsgpu0002,,64,64,3.11.15,0.21,False,False,adam,True,1,20,hamqaoa,0.01,False,False,hog,False,True,False,False,False,False,False,1,HOG_graphs/random_graphs_8to14vertices_78instances_20260625_143415_AdjacencyList.txt,False,0,32,1,5,1,,23,"[(4, 6), (0, 5), (1, 7), (6, 9), (4, 5), (2, 5), (4, 8), (8, 9), (1, 3), (0, 1), (1, 6), (6, 8), (5, 9), (3, 6), (2, 4), (4, 7), (7, 9), (0, 6), (1, 5), (0, 9), (5, 8)]","[1.0, 1.0, 1.0, 1.0, 1.0, 1.0, 1.0, 1.0, 1.0, 1.0, 1.0, 1.0, 1.0, 1.0, 1.0, 1.0, 1.0, 1.0, 1.0, 1.0, 1.0]"
c0ac812d,9,27,2,50.0,False,False,"[1, 1, 1]",11.165162775970071,,,,,,,,,,,8.310478277801009,,0.7443221782388177,,,,8.182562828063965,8.182562828063965,False,,0.0,0.0,,,8.19589614868164,2026-07-21 08:40:30,x86_64,dacsgpu0002,,64,64,3.11.15,0.21,False,False,adam,True,1,20,hamqaoa,0.01,False,False,hog,False,True,False,False,False,False,False,1,HOG_graphs/random_graphs_8to14vertices_78instances_20260625_143415_AdjacencyList.txt,False,0,32,1,5,1,,21,"[(2, 3), (2, 6), (3, 5), (7, 8), (0, 5), (1, 4), (0, 2), (0, 8), (1, 7), (5, 7), (3, 4), (2, 8), (4, 5), (2, 5), (4, 8), (1, 3), (0, 1), (1, 6), (0, 4), (6, 8), (2, 4), (2, 7), (0, 3), (1, 2), (1, 8), (0, 6), (1, 5)]","[1.0, 1.0, 1.0, 1.0, 1.0, 1.0, 1.0, 1.0, 1.0, 1.0, 1.0, 1.0, 1.0, 1.0, 1.0, 1.0, 1.0, 1.0, 1.0, 1.0, 1.0, 1.0, 1.0, 1.0, 1.0, 1.0, 1.0]"
cd2475e1,10,15,1,5.0,False,False,"[1, 1, 1]",8.907724921400755,,,,,,,,,,,4.7141982865552485,,0.5292258492658901,,,,1.0685369968414307,1.0685369968414307,False,,0.0,0.0,,,1.0740382671356201,2026-07-21 08:40:31,x86_64,dacsgpu0002,,64,64,3.11.15,0.21,False,True,adam,True,1,20,hamqaoa,0.01,False,False,hog,False,True,False,False,False,False,False,1,HOG_graphs/random_graphs_8to14vertices_78instances_20260625_143415_AdjacencyList.txt,False,0,32,1,5,1,,25,"[(8, 9), (3, 9), (1, 3), (0, 1), (2, 7), (4, 7), (4, 6), (0, 6), (4, 9), (1, 5), (2, 8), (7, 8), (2, 5), (0, 5), (3, 6)]","[1.0, 1.0, 1.0, 1.0, 1.0, 1.0, 1.0, 1.0, 1.0, 1.0, 1.0, 1.0, 1.0, 1.0, 1.0]"
9bd66d37,10,15,1,10.0,False,False,"[1, 1, 1]",8.907724921400755,,,,,,,,,,,4.385275018070905,,0.4923002289322281,,,,1.2628438472747803,1.2628438472747803,False,,0.0,0.0,,,1.2696740627288818,2026-07-21 08:40:32,x86_64,dacsgpu0002,,64,64,3.11.15,0.2,False,True,adam,True,1,20,hamqaoa,0.01,False,False,hog,False,True,False,False,False,False,False,1,HOG_graphs/random_graphs_8to14vertices_78instances_20260625_143415_AdjacencyList.txt,False,0,32,1,5,1,,25,"[(8, 9), (3, 9), (1, 3), (0, 1), (2, 7), (4, 7), (4, 6), (0, 6), (4, 9), (1, 5), (2, 8), (7, 8), (2, 5), (0, 5), (3, 6)]","[1.0, 1.0, 1.0, 1.0, 1.0, 1.0, 1.0, 1.0, 1.0, 1.0, 1.0, 1.0, 1.0, 1.0, 1.0]"
1ce577af,10,21,2,50.0,False,False,"[1, 1, 1]",10.158893971297971,,,,,,,,,,,8.115401992521313,,0.7988470019915399,,,,7.709437131881714,7.709437131881714,False,,0.0,0.0,,,7.715876817703247,2026-07-21 08:40:32,x86_64,dacsgpu0002,,64,64,3.11.15,0.21,False,False,adam,True,1,20,hamqaoa,0.01,False,False,hog,False,True,False,False,False,False,False,1,HOG_graphs/random_graphs_8to14vertices_78instances_20260625_143415_AdjacencyList.txt,False,0,32,1,5,1,,23,"[(4, 6), (0, 5), (1, 7), (6, 9), (4, 5), (2, 5), (4, 8), (8, 9), (1, 3), (0, 1), (1, 6), (6, 8), (5, 9), (3, 6), (2, 4), (4, 7), (7, 9), (0, 6), (1, 5), (0, 9), (5, 8)]","[1.0, 1.0, 1.0, 1.0, 1.0, 1.0, 1.0, 1.0, 1.0, 1.0, 1.0, 1.0, 1.0, 1.0, 1.0, 1.0, 1.0, 1.0, 1.0, 1.0, 1.0]"
d623834b,10,28,1,25.0,False,False,"[1, 1, 1]",12.658576065675938,,,,,,,,,,,7.990716542833858,,0.6312492417295572,,,,2.464540719985962,2.464540719985962,False,,0.0,0.0,,,2.4715163707733154,2026-07-21 08:40:32,x86_64,dacsgpu0002,,64,64,3.11.15,0.21,False,False,adam,True,1,20,hamqaoa,0.01,False,False,hog,False,True,False,False,False,False,False,1,HOG_graphs/random_graphs_8to14vertices_78instances_20260625_143415_AdjacencyList.txt,False,0,32,1,5,1,,24,"[(2, 3), (3, 8), (2, 9), (4, 6), (4, 9), (7, 8), (0, 2), (0, 8), (1, 7), (6, 9), (5, 7), (3, 4), (2, 8), (3, 7), (2, 5), (8, 9), (1, 6), (0, 4), (1, 9), (0, 7), (6, 8), (5, 6), (2, 7), (0, 3), (1, 2), (1, 8), (0, 6), (0, 9)]","[1.0, 1.0, 1.0, 1.0, 1.0, 1.0, 1.0, 1.0, 1.0, 1.0, 1.0, 1.0, 1.0, 1.0, 1.0, 1.0, 1.0, 1.0, 1.0, 1.0, 1.0, 1.0, 1.0, 1.0, 1.0, 1.0, 1.0, 1.0]"
58fc36c6,10,20,1,5.0,False,False,"[1, 1, 1]",10.572568715049329,,,,,,,,,,,5.578293332766057,,0.52761949182943,,,,1.236680030822754,1.236680030822754,False,,0.0,0.0,,,1.2442593574523926,2026-07-21 08:40:33,x86_64,dacsgpu0002,,64,64,3.11.15,0.2,False,False,adam,True,1,20,hamqaoa,0.01,False,False,hog,False,True,False,False,False,False,False,1,HOG_graphs/random_graphs_8to14vertices_78instances_20260625_143415_AdjacencyList.txt,False,0,32,1,5,1,,26,"[(2, 3), (2, 6), (3, 5), (2, 9), (7, 8), (1, 4), (0, 2), (0, 8), (1, 7), (5, 7), (3, 4), (4, 5), (4, 8), (8, 9), (1, 3), (1, 9), (5, 6), (0, 6), (0, 9), (6, 7)]","[1.0, 1.0, 1.0, 1.0, 1.0, 1.0, 1.0, 1.0, 1.0, 1.0, 1.0, 1.0, 1.0, 1.0, 1.0, 1.0, 1.0, 1.0, 1.0, 1.0]"
172fa2f4,10,15,1,25.0,False,False,"[1, 1, 1]",8.907724921400755,,,,,,,,,,,4.3877975754555605,,0.49258341654824833,,,,1.9694178104400635,1.9694178104400635,False,,0.0,0.0,,,1.97550368309021,2026-07-21 08:40:33,x86_64,dacsgpu0002,,64,64,3.11.15,0.21,False,True,adam,True,1,20,hamqaoa,0.01,False,False,hog,False,True,False,False,False,False,False,1,HOG_graphs/random_graphs_8to14vertices_78instances_20260625_143415_AdjacencyList.txt,False,0,32,1,5,1,,25,"[(8, 9), (3, 9), (1, 3), (0, 1), (2, 7), (4, 7), (4, 6), (0, 6), (4, 9), (1, 5), (2, 8), (7, 8), (2, 5), (0, 5), (3, 6)]","[1.0, 1.0, 1.0, 1.0, 1.0, 1.0, 1.0, 1.0, 1.0, 1.0, 1.0, 1.0, 1.0, 1.0, 1.0]"
1c77036a,10,15,2,5.0,False,False,"[1, 1, 1]",8.907724921400755,,,,,,,,,,,5.072170750480428,,0.5694125935899265,,,,2.8091483116149902,2.8091483116149902,False,,0.0,0.0,,,2.8164095878601074,2026-07-21 08:40:33,x86_64,dacsgpu0002,,64,64,3.11.15,0.21,False,True,adam,True,1,20,hamqaoa,0.01,False,False,hog,False,True,False,False,False,False,False,1,HOG_graphs/random_graphs_8to14vertices_78instances_20260625_143415_AdjacencyList.txt,False,0,32,1,5,1,,25,"[(8, 9), (3, 9), (1, 3), (0, 1), (2, 7), (4, 7), (4, 6), (0, 6), (4, 9), (1, 5), (2, 8), (7, 8), (2, 5), (0, 5), (3, 6)]","[1.0, 1.0, 1.0, 1.0, 1.0, 1.0, 1.0, 1.0, 1.0, 1.0, 1.0, 1.0, 1.0, 1.0, 1.0]"
f4f3f080,10,20,1,10.0,False,False,"[1, 1, 1]",10.572568715049329,,,,,,,,,,,7.309383776484714,,0.6913536315995096,,,,1.4680655002593994,1.4680655002593994,False,,0.0,0.0,,,1.475438117980957,2026-07-21 08:40:33,x86_64,dacsgpu0002,,64,64,3.11.15,0.21,False,False,adam,True,1,20,hamqaoa,0.01,False,False,hog,False,True,False,False,False,False,False,1,HOG_graphs/random_graphs_8to14vertices_78instances_20260625_143415_AdjacencyList.txt,False,0,32,1,5,1,,26,"[(2, 3), (2, 6), (3, 5), (2, 9), (7, 8), (1, 4), (0, 2), (0, 8), (1, 7), (5, 7), (3, 4), (4, 5), (4, 8), (8, 9), (1, 3), (1, 9), (5, 6), (0, 6), (0, 9), (6, 7)]","[1.0, 1.0, 1.0, 1.0, 1.0, 1.0, 1.0, 1.0, 1.0, 1.0, 1.0, 1.0, 1.0, 1.0, 1.0, 1.0, 1.0, 1.0, 1.0, 1.0]"
d1364905,10,28,1,50.0,False,False,"[1, 1, 1]",12.658576065675938,,,,,,,,,,,7.999761106116174,,0.631963742573522,,,,3.8331310749053955,3.8331310749053955,False,,0.0,0.0,,,3.839557647705078,2026-07-21 08:40:34,x86_64,dacsgpu0002,,64,64,3.11.15,0.21,False,False,adam,True,1,20,hamqaoa,0.01,False,False,hog,False,True,False,False,False,False,False,1,HOG_graphs/random_graphs_8to14vertices_78instances_20260625_143415_AdjacencyList.txt,False,0,32,1,5,1,,24,"[(2, 3), (3, 8), (2, 9), (4, 6), (4, 9), (7, 8), (0, 2), (0, 8), (1, 7), (6, 9), (5, 7), (3, 4), (2, 8), (3, 7), (2, 5), (8, 9), (1, 6), (0, 4), (1, 9), (0, 7), (6, 8), (5, 6), (2, 7), (0, 3), (1, 2), (1, 8), (0, 6), (0, 9)]","[1.0, 1.0, 1.0, 1.0, 1.0, 1.0, 1.0, 1.0, 1.0, 1.0, 1.0, 1.0, 1.0, 1.0, 1.0, 1.0, 1.0, 1.0, 1.0, 1.0, 1.0, 1.0, 1.0, 1.0, 1.0, 1.0, 1.0, 1.0]"
73c5d0a3,10,15,2,10.0,False,False,"[1, 1, 1]",8.907724921400755,,,,,,,,,,,4.833197119450161,,0.5425849094013259,,,,3.4218738079071045,3.4218738079071045,False,,0.0,0.0,,,3.430551052093506,2026-07-21 08:40:34,x86_64,dacsgpu0002,,64,64,3.11.15,0.21,False,True,adam,True,1,20,hamqaoa,0.01,False,False,hog,False,True,False,False,False,False,False,1,HOG_graphs/random_graphs_8to14vertices_78instances_20260625_143415_AdjacencyList.txt,False,0,32,1,5,1,,25,"[(8, 9), (3, 9), (1, 3), (0, 1), (2, 7), (4, 7), (4, 6), (0, 6), (4, 9), (1, 5), (2, 8), (7, 8), (2, 5), (0, 5), (3, 6)]","[1.0, 1.0, 1.0, 1.0, 1.0, 1.0, 1.0, 1.0, 1.0, 1.0, 1.0, 1.0, 1.0, 1.0, 1.0]"
a7a9bffb,10,25,1,5.0,False,False,"[1, 1, 1]",12.11824304459066,,,,,,,,,,,9.976114741637272,,0.8232311156764931,,,,1.38499116897583,1.38499116897583,False,,0.0,0.0,,,1.3920247554779053,2026-07-21 08:40:34,x86_64,dacsgpu0002,,64,64,3.11.15,0.21,False,False,adam,True,1,20,hamqaoa,0.01,False,False,hog,False,True,False,False,False,False,False,1,HOG_graphs/random_graphs_8to14vertices_78instances_20260625_143415_AdjacencyList.txt,False,0,32,1,5,1,,27,"[(2, 6), (2, 9), (4, 6), (7, 8), (0, 5), (1, 7), (6, 9), (3, 4), (2, 8), (4, 5), (2, 5), (4, 8), (1, 3), (0, 1), (1, 9), (0, 7), (6, 8), (3, 6), (3, 9), (2, 7), (4, 7), (0, 3), (1, 5), (0, 9), (5, 8)]","[1.0, 1.0, 1.0, 1.0, 1.0, 1.0, 1.0, 1.0, 1.0, 1.0, 1.0, 1.0, 1.0, 1.0, 1.0, 1.0, 1.0, 1.0, 1.0, 1.0, 1.0, 1.0, 1.0, 1.0, 1.0]"
d85ba7e4,10,15,1,50.0,False,False,"[1, 1, 1]",8.907724921400755,,,,,,,,,,,5.199142007856237,,0.5836666549238998,,,,3.0767242908477783,3.0767242908477783,False,,0.0,0.0,,,3.085021734237671,2026-07-21 08:40:34,x86_64,dacsgpu0002,,64,64,3.11.15,0.21,False,True,adam,True,1,20,hamqaoa,0.01,False,False,hog,False,True,False,False,False,False,False,1,HOG_graphs/random_graphs_8to14vertices_78instances_20260625_143415_AdjacencyList.txt,False,0,32,1,5,1,,25,"[(8, 9), (3, 9), (1, 3), (0, 1), (2, 7), (4, 7), (4, 6), (0, 6), (4, 9), (1, 5), (2, 8), (7, 8), (2, 5), (0, 5), (3, 6)]","[1.0, 1.0, 1.0, 1.0, 1.0, 1.0, 1.0, 1.0, 1.0, 1.0, 1.0, 1.0, 1.0, 1.0, 1.0]"
aeb5d053,10,20,1,25.0,False,False,"[1, 1, 1]",10.572568715049329,,,,,,,,,,,7.115765385477905,,0.6730403535092754,,,,2.212203025817871,2.212203025817871,False,,0.0,0.0,,,2.219438076019287,2026-07-21 08:40:34,x86_64,dacsgpu0002,,64,64,3.11.15,0.21,False,False,adam,True,1,20,hamqaoa,0.01,False,False,hog,False,True,False,False,False,False,False,1,HOG_graphs/random_graphs_8to14vertices_78instances_20260625_143415_AdjacencyList.txt,False,0,32,1,5,1,,26,"[(2, 3), (2, 6), (3, 5), (2, 9), (7, 8), (1, 4), (0, 2), (0, 8), (1, 7), (5, 7), (3, 4), (4, 5), (4, 8), (8, 9), (1, 3), (1, 9), (5, 6), (0, 6), (0, 9), (6, 7)]","[1.0, 1.0, 1.0, 1.0, 1.0, 1.0, 1.0, 1.0, 1.0, 1.0, 1.0, 1.0, 1.0, 1.0, 1.0, 1.0, 1.0, 1.0, 1.0, 1.0]"
40adbde9,10,20,2,5.0,False,False,"[1, 1, 1]",10.572568715049329,,,,,,,,,,,7.1473515915304775,,0.6760279156527695,,,,3.1543543338775635,3.1543543338775635,False,,0.0,0.0,,,3.161679744720459,2026-07-21 08:40:35,x86_64,dacsgpu0002,,64,64,3.11.15,0.21,False,False,adam,True,1,20,hamqaoa,0.01,False,False,hog,False,True,False,False,False,False,False,1,HOG_graphs/random_graphs_8to14vertices_78instances_20260625_143415_AdjacencyList.txt,False,0,32,1,5,1,,26,"[(2, 3), (2, 6), (3, 5), (2, 9), (7, 8), (1, 4), (0, 2), (0, 8), (1, 7), (5, 7), (3, 4), (4, 5), (4, 8), (8, 9), (1, 3), (1, 9), (5, 6), (0, 6), (0, 9), (6, 7)]","[1.0, 1.0, 1.0, 1.0, 1.0, 1.0, 1.0, 1.0, 1.0, 1.0, 1.0, 1.0, 1.0, 1.0, 1.0, 1.0, 1.0, 1.0, 1.0, 1.0]"
4d14d967,10,25,1,10.0,False,False,"[1, 1, 1]",12.11824304459066,,,,,,,,,,,6.346720408888386,,0.5237327214460709,,,,1.7866275310516357,1.7866275310516357,False,,0.0,0.0,,,1.8027372360229492,2026-07-21 08:40:35,x86_64,dacsgpu0002,,64,64,3.11.15,0.2,False,False,adam,True,1,20,hamqaoa,0.01,False,False,hog,False,True,False,False,False,False,False,1,HOG_graphs/random_graphs_8to14vertices_78instances_20260625_143415_AdjacencyList.txt,False,0,32,1,5,1,,27,"[(2, 6), (2, 9), (4, 6), (7, 8), (0, 5), (1, 7), (6, 9), (3, 4), (2, 8), (4, 5), (2, 5), (4, 8), (1, 3), (0, 1), (1, 9), (0, 7), (6, 8), (3, 6), (3, 9), (2, 7), (4, 7), (0, 3), (1, 5), (0, 9), (5, 8)]","[1.0, 1.0, 1.0, 1.0, 1.0, 1.0, 1.0, 1.0, 1.0, 1.0, 1.0, 1.0, 1.0, 1.0, 1.0, 1.0, 1.0, 1.0, 1.0, 1.0, 1.0, 1.0, 1.0, 1.0, 1.0]"
62ff5ff6,10,20,2,10.0,False,False,"[1, 1, 1]",10.572568715049329,,,,,,,,,,,6.450806066483382,,0.6101455795979932,,,,3.7379186153411865,3.7379186153411865,False,,0.0,0.0,,,3.7458643913269043,2026-07-21 08:40:36,x86_64,dacsgpu0002,,64,64,3.11.15,0.21,False,False,adam,True,1,20,hamqaoa,0.01,False,False,hog,False,True,False,False,False,False,False,1,HOG_graphs/random_graphs_8to14vertices_78instances_20260625_143415_AdjacencyList.txt,False,0,32,1,5,1,,26,"[(2, 3), (2, 6), (3, 5), (2, 9), (7, 8), (1, 4), (0, 2), (0, 8), (1, 7), (5, 7), (3, 4), (4, 5), (4, 8), (8, 9), (1, 3), (1, 9), (5, 6), (0, 6), (0, 9), (6, 7)]","[1.0, 1.0, 1.0, 1.0, 1.0, 1.0, 1.0, 1.0, 1.0, 1.0, 1.0, 1.0, 1.0, 1.0, 1.0, 1.0, 1.0, 1.0, 1.0, 1.0]"
149ae259,10,20,1,50.0,False,False,"[1, 1, 1]",10.572568715049329,,,,,,,,,,,6.390342920928456,,0.6044267096445767,,,,3.3342087268829346,3.3342087268829346,False,,0.0,0.0,,,3.342985153198242,2026-07-21 08:40:36,x86_64,dacsgpu0002,,64,64,3.11.15,0.2,False,False,adam,True,1,20,hamqaoa,0.01,False,False,hog,False,True,False,False,False,False,False,1,HOG_graphs/random_graphs_8to14vertices_78instances_20260625_143415_AdjacencyList.txt,False,0,32,1,5,1,,26,"[(2, 3), (2, 6), (3, 5), (2, 9), (7, 8), (1, 4), (0, 2), (0, 8), (1, 7), (5, 7), (3, 4), (4, 5), (4, 8), (8, 9), (1, 3), (1, 9), (5, 6), (0, 6), (0, 9), (6, 7)]","[1.0, 1.0, 1.0, 1.0, 1.0, 1.0, 1.0, 1.0, 1.0, 1.0, 1.0, 1.0, 1.0, 1.0, 1.0, 1.0, 1.0, 1.0, 1.0, 1.0]"
def9eee1,10,16,1,5.0,False,False,"[1, 1, 1]",8.15217594877853,,,,,,,,,,,4.376428013581301,,0.5368417022742299,,,,1.156928300857544,1.156928300857544,False,,0.0,0.0,,,1.1668665409088135,2026-07-21 08:40:36,x86_64,dacsgpu0002,,64,64,3.11.15,0.2,False,False,adam,True,1,20,hamqaoa,0.01,False,False,hog,False,True,False,False,False,False,False,1,HOG_graphs/random_graphs_8to14vertices_78instances_20260625_143415_AdjacencyList.txt,False,0,32,1,5,1,,28,"[(3, 9), (1, 3), (0, 1), (0, 4), (3, 8), (5, 7), (7, 9), (0, 3), (1, 8), (0, 6), (1, 5), (3, 7), (0, 5), (1, 4), (0, 2), (3, 6)]","[1.0, 1.0, 1.0, 1.0, 1.0, 1.0, 1.0, 1.0, 1.0, 1.0, 1.0, 1.0, 1.0, 1.0, 1.0, 1.0]"
f78e5d97,10,15,2,25.0,False,False,"[1, 1, 1]",8.907724921400755,,,,,,,,,,,5.531496332604758,,0.6209774528752422,,,,4.939194679260254,4.939194679260254,False,,0.0,0.0,,,4.946597337722778,2026-07-21 08:40:36,x86_64,dacsgpu0002,,64,64,3.11.15,0.21,False,True,adam,True,1,20,hamqaoa,0.01,False,False,hog,False,True,False,False,False,False,False,1,HOG_graphs/random_graphs_8to14vertices_78instances_20260625_143415_AdjacencyList.txt,False,0,32,1,5,1,,25,"[(8, 9), (3, 9), (1, 3), (0, 1), (2, 7), (4, 7), (4, 6), (0, 6), (4, 9), (1, 5), (2, 8), (7, 8), (2, 5), (0, 5), (3, 6)]","[1.0, 1.0, 1.0, 1.0, 1.0, 1.0, 1.0, 1.0, 1.0, 1.0, 1.0, 1.0, 1.0, 1.0, 1.0]"
4541776c,10,25,1,25.0,False,False,"[1, 1, 1]",12.11824304459066,,,,,,,,,,,5.99999720474299,,0.4951210487085641,,,,2.4377710819244385,2.4377710819244385,False,,0.0,0.0,,,2.44620680809021,2026-07-21 08:40:36,x86_64,dacsgpu0002,,64,64,3.11.15,0.2,False,False,adam,True,1,20,hamqaoa,0.01,False,False,hog,False,True,False,False,False,False,False,1,HOG_graphs/random_graphs_8to14vertices_78instances_20260625_143415_AdjacencyList.txt,False,0,32,1,5,1,,27,"[(2, 6), (2, 9), (4, 6), (7, 8), (0, 5), (1, 7), (6, 9), (3, 4), (2, 8), (4, 5), (2, 5), (4, 8), (1, 3), (0, 1), (1, 9), (0, 7), (6, 8), (3, 6), (3, 9), (2, 7), (4, 7), (0, 3), (1, 5), (0, 9), (5, 8)]","[1.0, 1.0, 1.0, 1.0, 1.0, 1.0, 1.0, 1.0, 1.0, 1.0, 1.0, 1.0, 1.0, 1.0, 1.0, 1.0, 1.0, 1.0, 1.0, 1.0, 1.0, 1.0, 1.0, 1.0, 1.0]"
899ea0eb,10,16,1,10.0,False,False,"[1, 1, 1]",8.15217594877853,,,,,,,,,,,4.373266239336954,,0.5364538580637745,,,,1.3683629035949707,1.3683629035949707,False,,0.0,0.0,,,1.3766145706176758,2026-07-21 08:40:36,x86_64,dacsgpu0002,,64,64,3.11.15,0.2,False,False,adam,True,1,20,hamqaoa,0.01,False,False,hog,False,True,False,False,False,False,False,1,HOG_graphs/random_graphs_8to14vertices_78instances_20260625_143415_AdjacencyList.txt,False,0,32,1,5,1,,28,"[(3, 9), (1, 3), (0, 1), (0, 4), (3, 8), (5, 7), (7, 9), (0, 3), (1, 8), (0, 6), (1, 5), (3, 7), (0, 5), (1, 4), (0, 2), (3, 6)]","[1.0, 1.0, 1.0, 1.0, 1.0, 1.0, 1.0, 1.0, 1.0, 1.0, 1.0, 1.0, 1.0, 1.0, 1.0, 1.0]"
9fc73c46,10,28,2,25.0,False,False,"[1, 1, 1]",12.658576065675938,,,,,,,,,,,7.663709571565687,,0.6054164016398367,,,,6.6077282428741455,6.6077282428741455,False,,0.0,0.0,,,6.613787651062012,2026-07-21 08:40:37,x86_64,dacsgpu0002,,64,64,3.11.15,0.21,False,False,adam,True,1,20,hamqaoa,0.01,False,False,hog,False,True,False,False,False,False,False,1,HOG_graphs/random_graphs_8to14vertices_78instances_20260625_143415_AdjacencyList.txt,False,0,32,1,5,1,,24,"[(2, 3), (3, 8), (2, 9), (4, 6), (4, 9), (7, 8), (0, 2), (0, 8), (1, 7), (6, 9), (5, 7), (3, 4), (2, 8), (3, 7), (2, 5), (8, 9), (1, 6), (0, 4), (1, 9), (0, 7), (6, 8), (5, 6), (2, 7), (0, 3), (1, 2), (1, 8), (0, 6), (0, 9)]","[1.0, 1.0, 1.0, 1.0, 1.0, 1.0, 1.0, 1.0, 1.0, 1.0, 1.0, 1.0, 1.0, 1.0, 1.0, 1.0, 1.0, 1.0, 1.0, 1.0, 1.0, 1.0, 1.0, 1.0, 1.0, 1.0, 1.0, 1.0]"
7f3b1be3,10,25,2,5.0,False,False,"[1, 1, 1]",12.11824304459066,,,,,,,,,,,6.654826359158525,,0.5491576901594746,,,,3.6297295093536377,3.6297295093536377,False,,0.0,0.0,,,3.6377902030944824,2026-07-21 08:40:37,x86_64,dacsgpu0002,,64,64,3.11.15,0.21,False,False,adam,True,1,20,hamqaoa,0.01,False,False,hog,False,True,False,False,False,False,False,1,HOG_graphs/random_graphs_8to14vertices_78instances_20260625_143415_AdjacencyList.txt,False,0,32,1,5,1,,27,"[(2, 6), (2, 9), (4, 6), (7, 8), (0, 5), (1, 7), (6, 9), (3, 4), (2, 8), (4, 5), (2, 5), (4, 8), (1, 3), (0, 1), (1, 9), (0, 7), (6, 8), (3, 6), (3, 9), (2, 7), (4, 7), (0, 3), (1, 5), (0, 9), (5, 8)]","[1.0, 1.0, 1.0, 1.0, 1.0, 1.0, 1.0, 1.0, 1.0, 1.0, 1.0, 1.0, 1.0, 1.0, 1.0, 1.0, 1.0, 1.0, 1.0, 1.0, 1.0, 1.0, 1.0, 1.0, 1.0]"
e28738ed,10,16,1,25.0,False,False,"[1, 1, 1]",8.15217594877853,,,,,,,,,,,5.281543829376934,,0.6478692146197222,,,,1.967623233795166,1.967623233795166,False,,0.0,0.0,,,1.976273775100708,2026-07-21 08:40:37,x86_64,dacsgpu0002,,64,64,3.11.15,0.2,False,False,adam,True,1,20,hamqaoa,0.01,False,False,hog,False,True,False,False,False,False,False,1,HOG_graphs/random_graphs_8to14vertices_78instances_20260625_143415_AdjacencyList.txt,False,0,32,1,5,1,,28,"[(3, 9), (1, 3), (0, 1), (0, 4), (3, 8), (5, 7), (7, 9), (0, 3), (1, 8), (0, 6), (1, 5), (3, 7), (0, 5), (1, 4), (0, 2), (3, 6)]","[1.0, 1.0, 1.0, 1.0, 1.0, 1.0, 1.0, 1.0, 1.0, 1.0, 1.0, 1.0, 1.0, 1.0, 1.0, 1.0]"
28fc685a,10,25,2,10.0,False,False,"[1, 1, 1]",12.11824304459066,,,,,,,,,,,8.150831211713328,,0.6726083295838579,,,,4.181107521057129,4.181107521057129,False,,0.0,0.0,,,4.190489053726196,2026-07-21 08:40:38,x86_64,dacsgpu0002,,64,64,3.11.15,0.21,False,False,adam,True,1,20,hamqaoa,0.01,False,False,hog,False,True,False,False,False,False,False,1,HOG_graphs/random_graphs_8to14vertices_78instances_20260625_143415_AdjacencyList.txt,False,0,32,1,5,1,,27,"[(2, 6), (2, 9), (4, 6), (7, 8), (0, 5), (1, 7), (6, 9), (3, 4), (2, 8), (4, 5), (2, 5), (4, 8), (1, 3), (0, 1), (1, 9), (0, 7), (6, 8), (3, 6), (3, 9), (2, 7), (4, 7), (0, 3), (1, 5), (0, 9), (5, 8)]","[1.0, 1.0, 1.0, 1.0, 1.0, 1.0, 1.0, 1.0, 1.0, 1.0, 1.0, 1.0, 1.0, 1.0, 1.0, 1.0, 1.0, 1.0, 1.0, 1.0, 1.0, 1.0, 1.0, 1.0, 1.0]"
1d1f5498,10,16,2,5.0,False,False,"[1, 1, 1]",8.15217594877853,,,,,,,,,,,4.933417327662316,,0.6051657077398469,,,,2.8870420455932617,2.8870420455932617,False,,0.0,0.0,,,2.8958067893981934,2026-07-21 08:40:38,x86_64,dacsgpu0002,,64,64,3.11.15,0.21,False,False,adam,True,1,20,hamqaoa,0.01,False,False,hog,False,True,False,False,False,False,False,1,HOG_graphs/random_graphs_8to14vertices_78instances_20260625_143415_AdjacencyList.txt,False,0,32,1,5,1,,28,"[(3, 9), (1, 3), (0, 1), (0, 4), (3, 8), (5, 7), (7, 9), (0, 3), (1, 8), (0, 6), (1, 5), (3, 7), (0, 5), (1, 4), (0, 2), (3, 6)]","[1.0, 1.0, 1.0, 1.0, 1.0, 1.0, 1.0, 1.0, 1.0, 1.0, 1.0, 1.0, 1.0, 1.0, 1.0, 1.0]"
fda781f2,10,21,1,10.0,False,False,"[1, 1, 1]",10.728389772882371,,,,,,,,,,,5.856581605657823,,0.5458956776963136,,,,1.48768949508667,1.48768949508667,False,,0.0,0.0,,,1.49566650390625,2026-07-21 08:40:38,x86_64,dacsgpu0002,,64,64,3.11.15,0.21,False,False,adam,True,1,20,hamqaoa,0.01,False,False,hog,False,True,False,False,False,False,False,1,HOG_graphs/random_graphs_8to14vertices_78instances_20260625_143415_AdjacencyList.txt,False,0,32,1,5,1,,29,"[(4, 6), (4, 9), (7, 8), (0, 5), (1, 4), (0, 2), (5, 7), (3, 7), (2, 5), (4, 8), (0, 1), (0, 4), (6, 8), (5, 6), (2, 4), (3, 9), (4, 7), (0, 3), (0, 6), (1, 5), (0, 9)]","[1.0, 1.0, 1.0, 1.0, 1.0, 1.0, 1.0, 1.0, 1.0, 1.0, 1.0, 1.0, 1.0, 1.0, 1.0, 1.0, 1.0, 1.0, 1.0, 1.0, 1.0]"
58eb480c,10,25,1,50.0,False,False,"[1, 1, 1]",12.11824304459066,,,,,,,,,,,8.259426985644325,,0.6815696760044079,,,,3.7337262630462646,3.7337262630462646,False,,0.0,0.0,,,3.752706527709961,2026-07-21 08:40:38,x86_64,dacsgpu0002,,64,64,3.11.15,0.21,False,False,adam,True,1,20,hamqaoa,0.01,False,False,hog,False,True,False,False,False,False,False,1,HOG_graphs/random_graphs_8to14vertices_78instances_20260625_143415_AdjacencyList.txt,False,0,32,1,5,1,,27,"[(2, 6), (2, 9), (4, 6), (7, 8), (0, 5), (1, 7), (6, 9), (3, 4), (2, 8), (4, 5), (2, 5), (4, 8), (1, 3), (0, 1), (1, 9), (0, 7), (6, 8), (3, 6), (3, 9), (2, 7), (4, 7), (0, 3), (1, 5), (0, 9), (5, 8)]","[1.0, 1.0, 1.0, 1.0, 1.0, 1.0, 1.0, 1.0, 1.0, 1.0, 1.0, 1.0, 1.0, 1.0, 1.0, 1.0, 1.0, 1.0, 1.0, 1.0, 1.0, 1.0, 1.0, 1.0, 1.0]"
ffb63598,10,20,2,25.0,False,False,"[1, 1, 1]",10.572568715049329,,,,,,,,,,,6.749974675009469,,0.6384422609995754,,,,5.655243635177612,5.655243635177612,False,,0.0,0.0,,,5.662632942199707,2026-07-21 08:40:38,x86_64,dacsgpu0002,,64,64,3.11.15,0.21,False,False,adam,True,1,20,hamqaoa,0.01,False,False,hog,False,True,False,False,False,False,False,1,HOG_graphs/random_graphs_8to14vertices_78instances_20260625_143415_AdjacencyList.txt,False,0,32,1,5,1,,26,"[(2, 3), (2, 6), (3, 5), (2, 9), (7, 8), (1, 4), (0, 2), (0, 8), (1, 7), (5, 7), (3, 4), (4, 5), (4, 8), (8, 9), (1, 3), (1, 9), (5, 6), (0, 6), (0, 9), (6, 7)]","[1.0, 1.0, 1.0, 1.0, 1.0, 1.0, 1.0, 1.0, 1.0, 1.0, 1.0, 1.0, 1.0, 1.0, 1.0, 1.0, 1.0, 1.0, 1.0, 1.0]"
8b258bff,10,16,2,10.0,False,False,"[1, 1, 1]",8.15217594877853,,,,,,,,,,,5.950246196013364,,0.7298966844434842,,,,3.3861629962921143,3.3861629962921143,False,,0.0,0.0,,,3.3920016288757324,2026-07-21 08:40:39,x86_64,dacsgpu0002,,64,64,3.11.15,0.21,False,False,adam,True,1,20,hamqaoa,0.01,False,False,hog,False,True,False,False,False,False,False,1,HOG_graphs/random_graphs_8to14vertices_78instances_20260625_143415_AdjacencyList.txt,False,0,32,1,5,1,,28,"[(3, 9), (1, 3), (0, 1), (0, 4), (3, 8), (5, 7), (7, 9), (0, 3), (1, 8), (0, 6), (1, 5), (3, 7), (0, 5), (1, 4), (0, 2), (3, 6)]","[1.0, 1.0, 1.0, 1.0, 1.0, 1.0, 1.0, 1.0, 1.0, 1.0, 1.0, 1.0, 1.0, 1.0, 1.0, 1.0]"
38b8ad7e,10,16,1,50.0,False,False,"[1, 1, 1]",8.15217594877853,,,,,,,,,,,4.160715195250278,,0.5103809364999897,,,,2.8663933277130127,2.8663933277130127,False,,0.0,0.0,,,2.873748779296875,2026-07-21 08:40:39,x86_64,dacsgpu0002,,64,64,3.11.15,0.21,False,False,adam,True,1,20,hamqaoa,0.01,False,False,hog,False,True,False,False,False,False,False,1,HOG_graphs/random_graphs_8to14vertices_78instances_20260625_143415_AdjacencyList.txt,False,0,32,1,5,1,,28,"[(3, 9), (1, 3), (0, 1), (0, 4), (3, 8), (5, 7), (7, 9), (0, 3), (1, 8), (0, 6), (1, 5), (3, 7), (0, 5), (1, 4), (0, 2), (3, 6)]","[1.0, 1.0, 1.0, 1.0, 1.0, 1.0, 1.0, 1.0, 1.0, 1.0, 1.0, 1.0, 1.0, 1.0, 1.0, 1.0]"
9327a820,10,15,2,50.0,False,False,"[1, 1, 1]",8.907724921400755,,,,,,,,,,,6.912989229360341,,0.7760667611941997,,,,7.450072765350342,7.450072765350342,False,,0.0,0.0,,,7.457352161407471,2026-07-21 08:40:39,x86_64,dacsgpu0002,,64,64,3.11.15,0.21,False,True,adam,True,1,20,hamqaoa,0.01,False,False,hog,False,True,False,False,False,False,False,1,HOG_graphs/random_graphs_8to14vertices_78instances_20260625_143415_AdjacencyList.txt,False,0,32,1,5,1,,25,"[(8, 9), (3, 9), (1, 3), (0, 1), (2, 7), (4, 7), (4, 6), (0, 6), (4, 9), (1, 5), (2, 8), (7, 8), (2, 5), (0, 5), (3, 6)]","[1.0, 1.0, 1.0, 1.0, 1.0, 1.0, 1.0, 1.0, 1.0, 1.0, 1.0, 1.0, 1.0, 1.0, 1.0]"
0e05d70d,10,21,2,5.0,False,False,"[1, 1, 1]",10.728389772882371,,,,,,,,,,,5.903345038447831,,0.5502545268600726,,,,3.0171375274658203,3.0171375274658203,False,,0.0,0.0,,,3.024745225906372,2026-07-21 08:40:39,x86_64,dacsgpu0002,,64,64,3.11.15,0.2,False,False,adam,True,1,20,hamqaoa,0.01,False,False,hog,False,True,False,False,False,False,False,1,HOG_graphs/random_graphs_8to14vertices_78instances_20260625_143415_AdjacencyList.txt,False,0,32,1,5,1,,29,"[(4, 6), (4, 9), (7, 8), (0, 5), (1, 4), (0, 2), (5, 7), (3, 7), (2, 5), (4, 8), (0, 1), (0, 4), (6, 8), (5, 6), (2, 4), (3, 9), (4, 7), (0, 3), (0, 6), (1, 5), (0, 9)]","[1.0, 1.0, 1.0, 1.0, 1.0, 1.0, 1.0, 1.0, 1.0, 1.0, 1.0, 1.0, 1.0, 1.0, 1.0, 1.0, 1.0, 1.0, 1.0, 1.0, 1.0]"
92a00c4a,10,25,2,25.0,False,False,"[1, 1, 1]",12.11824304459066,,,,,,,,,,,7.6129026612900175,,0.6282183509009802,,,,5.91655707359314,5.91655707359314,False,,0.0,0.0,,,5.924253463745117,2026-07-21 08:40:40,x86_64,dacsgpu0002,,64,64,3.11.15,0.21,False,False,adam,True,1,20,hamqaoa,0.01,False,False,hog,False,True,False,False,False,False,False,1,HOG_graphs/random_graphs_8to14vertices_78instances_20260625_143415_AdjacencyList.txt,False,0,32,1,5,1,,27,"[(2, 6), (2, 9), (4, 6), (7, 8), (0, 5), (1, 7), (6, 9), (3, 4), (2, 8), (4, 5), (2, 5), (4, 8), (1, 3), (0, 1), (1, 9), (0, 7), (6, 8), (3, 6), (3, 9), (2, 7), (4, 7), (0, 3), (1, 5), (0, 9), (5, 8)]","[1.0, 1.0, 1.0, 1.0, 1.0, 1.0, 1.0, 1.0, 1.0, 1.0, 1.0, 1.0, 1.0, 1.0, 1.0, 1.0, 1.0, 1.0, 1.0, 1.0, 1.0, 1.0, 1.0, 1.0, 1.0]"
78cbf884,10,21,2,10.0,False,False,"[1, 1, 1]",10.728389772882371,,,,,,,,,,,6.530341728474793,,0.6086972851211297,,,,3.496786594390869,3.496786594390869,False,,0.0,0.0,,,3.504908323287964,2026-07-21 08:40:40,x86_64,dacsgpu0002,,64,64,3.11.15,0.21,False,False,adam,True,1,20,hamqaoa,0.01,False,False,hog,False,True,False,False,False,False,False,1,HOG_graphs/random_graphs_8to14vertices_78instances_20260625_143415_AdjacencyList.txt,False,0,32,1,5,1,,29,"[(4, 6), (4, 9), (7, 8), (0, 5), (1, 4), (0, 2), (5, 7), (3, 7), (2, 5), (4, 8), (0, 1), (0, 4), (6, 8), (5, 6), (2, 4), (3, 9), (4, 7), (0, 3), (0, 6), (1, 5), (0, 9)]","[1.0, 1.0, 1.0, 1.0, 1.0, 1.0, 1.0, 1.0, 1.0, 1.0, 1.0, 1.0, 1.0, 1.0, 1.0, 1.0, 1.0, 1.0, 1.0, 1.0, 1.0]"
9946971a,10,28,2,50.0,False,False,"[1, 1, 1]",12.658576065675938,,,,,,,,,,,9.722243897255696,,0.7680361398323321,,,,9.745276689529419,9.745276689529419,False,,0.0,0.0,,,9.752073287963867,2026-07-21 08:40:40,x86_64,dacsgpu0002,,64,64,3.11.15,0.21,False,False,adam,True,1,20,hamqaoa,0.01,False,False,hog,False,True,False,False,False,False,False,1,HOG_graphs/random_graphs_8to14vertices_78instances_20260625_143415_AdjacencyList.txt,False,0,32,1,5,1,,24,"[(2, 3), (3, 8), (2, 9), (4, 6), (4, 9), (7, 8), (0, 2), (0, 8), (1, 7), (6, 9), (5, 7), (3, 4), (2, 8), (3, 7), (2, 5), (8, 9), (1, 6), (0, 4), (1, 9), (0, 7), (6, 8), (5, 6), (2, 7), (0, 3), (1, 2), (1, 8), (0, 6), (0, 9)]","[1.0, 1.0, 1.0, 1.0, 1.0, 1.0, 1.0, 1.0, 1.0, 1.0, 1.0, 1.0, 1.0, 1.0, 1.0, 1.0, 1.0, 1.0, 1.0, 1.0, 1.0, 1.0, 1.0, 1.0, 1.0, 1.0, 1.0, 1.0]"
2eebe348,10,16,2,25.0,False,False,"[1, 1, 1]",8.15217594877853,,,,,,,,,,,4.387731556953219,,0.5382282699149359,,,,4.683855772018433,4.683855772018433,False,,0.0,0.0,,,4.69204568862915,2026-07-21 08:40:40,x86_64,dacsgpu0002,,64,64,3.11.15,0.21,False,False,adam,True,1,20,hamqaoa,0.01,False,False,hog,False,True,False,False,False,False,False,1,HOG_graphs/random_graphs_8to14vertices_78instances_20260625_143415_AdjacencyList.txt,False,0,32,1,5,1,,28,"[(3, 9), (1, 3), (0, 1), (0, 4), (3, 8), (5, 7), (7, 9), (0, 3), (1, 8), (0, 6), (1, 5), (3, 7), (0, 5), (1, 4), (0, 2), (3, 6)]","[1.0, 1.0, 1.0, 1.0, 1.0, 1.0, 1.0, 1.0, 1.0, 1.0, 1.0, 1.0, 1.0, 1.0, 1.0, 1.0]"
7e2f7bb9,10,20,2,50.0,False,False,"[1, 1, 1]",10.572568715049329,,,,,,,,,,,8.343178096053522,,0.7891344403538924,,,,8.037453651428223,8.037453651428223,False,,0.0,0.0,,,8.048341035842896,2026-07-21 08:40:41,x86_64,dacsgpu0002,,64,64,3.11.15,0.21,False,False,adam,True,1,20,hamqaoa,0.01,False,False,hog,False,True,False,False,False,False,False,1,HOG_graphs/random_graphs_8to14vertices_78instances_20260625_143415_AdjacencyList.txt,False,0,32,1,5,1,,26,"[(2, 3), (2, 6), (3, 5), (2, 9), (7, 8), (1, 4), (0, 2), (0, 8), (1, 7), (5, 7), (3, 4), (4, 5), (4, 8), (8, 9), (1, 3), (1, 9), (5, 6), (0, 6), (0, 9), (6, 7)]","[1.0, 1.0, 1.0, 1.0, 1.0, 1.0, 1.0, 1.0, 1.0, 1.0, 1.0, 1.0, 1.0, 1.0, 1.0, 1.0, 1.0, 1.0, 1.0, 1.0]"
37137acf,10,21,1,5.0,False,False,"[1, 1, 1]",10.728389772882371,,,,,,,,,,,7.092347399885443,,0.6610821894085563,,,,1.194324254989624,1.194324254989624,False,,0.0,0.0,,,1.2003188133239746,2026-07-21 08:40:42,x86_64,dacsgpu0002,,64,64,3.11.15,0.2,False,False,adam,True,1,20,hamqaoa,0.01,False,False,hog,False,True,False,False,False,False,False,1,HOG_graphs/random_graphs_8to14vertices_78instances_20260625_143415_AdjacencyList.txt,False,0,32,1,5,1,,29,"[(4, 6), (4, 9), (7, 8), (0, 5), (1, 4), (0, 2), (5, 7), (3, 7), (2, 5), (4, 8), (0, 1), (0, 4), (6, 8), (5, 6), (2, 4), (3, 9), (4, 7), (0, 3), (0, 6), (1, 5), (0, 9)]","[1.0, 1.0, 1.0, 1.0, 1.0, 1.0, 1.0, 1.0, 1.0, 1.0, 1.0, 1.0, 1.0, 1.0, 1.0, 1.0, 1.0, 1.0, 1.0, 1.0, 1.0]"
e13f5028,10,20,1,5.0,False,False,"[1, 1, 1]",10.007511103462296,,,,,,,,,,,5.997738308006606,,0.5993236725894384,,,,1.1716833114624023,1.1716833114624023,False,,0.0,0.0,,,1.1786131858825684,2026-07-21 08:40:43,x86_64,dacsgpu0002,,64,64,3.11.15,0.21,False,False,adam,True,1,20,hamqaoa,0.01,False,False,hog,False,True,False,False,False,False,False,1,HOG_graphs/random_graphs_8to14vertices_78instances_20260625_143415_AdjacencyList.txt,False,0,32,1,5,1,,30,"[(2, 3), (3, 5), (4, 6), (7, 8), (0, 2), (0, 8), (1, 7), (5, 7), (3, 4), (4, 5), (8, 9), (1, 3), (0, 1), (6, 8), (2, 4), (7, 9), (1, 2), (1, 5), (0, 9), (6, 7)]","[1.0, 1.0, 1.0, 1.0, 1.0, 1.0, 1.0, 1.0, 1.0, 1.0, 1.0, 1.0, 1.0, 1.0, 1.0, 1.0, 1.0, 1.0, 1.0, 1.0]"
4300ea21,10,16,2,50.0,False,False,"[1, 1, 1]",8.15217594877853,,,,,,,,,,,5.204724984277461,,0.6384461053072958,,,,7.099134922027588,7.099134922027588,False,,0.0,0.0,,,7.106896162033081,2026-07-21 08:40:43,x86_64,dacsgpu0002,,64,64,3.11.15,0.21,False,False,adam,True,1,20,hamqaoa,0.01,False,False,hog,False,True,False,False,False,False,False,1,HOG_graphs/random_graphs_8to14vertices_78instances_20260625_143415_AdjacencyList.txt,False,0,32,1,5,1,,28,"[(3, 9), (1, 3), (0, 1), (0, 4), (3, 8), (5, 7), (7, 9), (0, 3), (1, 8), (0, 6), (1, 5), (3, 7), (0, 5), (1, 4), (0, 2), (3, 6)]","[1.0, 1.0, 1.0, 1.0, 1.0, 1.0, 1.0, 1.0, 1.0, 1.0, 1.0, 1.0, 1.0, 1.0, 1.0, 1.0]"
f480d37e,10,21,1,25.0,False,False,"[1, 1, 1]",10.728389772882371,,,,,,,,,,,5.253604448476927,,0.4896917952921702,,,,2.123818874359131,2.123818874359131,False,,0.0,0.0,,,2.1309471130371094,2026-07-21 08:40:43,x86_64,dacsgpu0002,,64,64,3.11.15,0.21,False,False,adam,True,1,20,hamqaoa,0.01,False,False,hog,False,True,False,False,False,False,False,1,HOG_graphs/random_graphs_8to14vertices_78instances_20260625_143415_AdjacencyList.txt,False,0,32,1,5,1,,29,"[(4, 6), (4, 9), (7, 8), (0, 5), (1, 4), (0, 2), (5, 7), (3, 7), (2, 5), (4, 8), (0, 1), (0, 4), (6, 8), (5, 6), (2, 4), (3, 9), (4, 7), (0, 3), (0, 6), (1, 5), (0, 9)]","[1.0, 1.0, 1.0, 1.0, 1.0, 1.0, 1.0, 1.0, 1.0, 1.0, 1.0, 1.0, 1.0, 1.0, 1.0, 1.0, 1.0, 1.0, 1.0, 1.0, 1.0]"
68f9e01b,10,20,1,10.0,False,False,"[1, 1, 1]",10.007511103462296,,,,,,,,,,,6.145788607991557,,0.6141175907229621,,,,1.4256911277770996,1.4256911277770996,False,,0.0,0.0,,,1.432063341140747,2026-07-21 08:40:43,x86_64,dacsgpu0002,,64,64,3.11.15,0.21,False,False,adam,True,1,20,hamqaoa,0.01,False,False,hog,False,True,False,False,False,False,False,1,HOG_graphs/random_graphs_8to14vertices_78instances_20260625_143415_AdjacencyList.txt,False,0,32,1,5,1,,30,"[(2, 3), (3, 5), (4, 6), (7, 8), (0, 2), (0, 8), (1, 7), (5, 7), (3, 4), (4, 5), (8, 9), (1, 3), (0, 1), (6, 8), (2, 4), (7, 9), (1, 2), (1, 5), (0, 9), (6, 7)]","[1.0, 1.0, 1.0, 1.0, 1.0, 1.0, 1.0, 1.0, 1.0, 1.0, 1.0, 1.0, 1.0, 1.0, 1.0, 1.0, 1.0, 1.0, 1.0, 1.0]"
d2958479,10,25,2,50.0,False,False,"[1, 1, 1]",12.11824304459066,,,,,,,,,,,7.73422214252413,,0.6382296603612462,,,,8.954930782318115,8.954930782318115,False,,0.0,0.0,,,8.964507818222046,2026-07-21 08:40:44,x86_64,dacsgpu0002,,64,64,3.11.15,0.21,False,False,adam,True,1,20,hamqaoa,0.01,False,False,hog,False,True,False,False,False,False,False,1,HOG_graphs/random_graphs_8to14vertices_78instances_20260625_143415_AdjacencyList.txt,False,0,32,1,5,1,,27,"[(2, 6), (2, 9), (4, 6), (7, 8), (0, 5), (1, 7), (6, 9), (3, 4), (2, 8), (4, 5), (2, 5), (4, 8), (1, 3), (0, 1), (1, 9), (0, 7), (6, 8), (3, 6), (3, 9), (2, 7), (4, 7), (0, 3), (1, 5), (0, 9), (5, 8)]","[1.0, 1.0, 1.0, 1.0, 1.0, 1.0, 1.0, 1.0, 1.0, 1.0, 1.0, 1.0, 1.0, 1.0, 1.0, 1.0, 1.0, 1.0, 1.0, 1.0, 1.0, 1.0, 1.0, 1.0, 1.0]"
e727e8b8,10,20,1,5.0,False,False,"[1, 1, 1]",10.194364037160504,,,,,,,,,,,6.133887031030788,,0.6016939368332873,,,,1.277010202407837,1.277010202407837,False,,0.0,0.0,,,1.285306453704834,2026-07-21 08:40:44,x86_64,dacsgpu0002,,64,64,3.11.15,0.2,False,False,adam,True,1,20,hamqaoa,0.01,False,False,hog,False,True,False,False,False,False,False,1,HOG_graphs/random_graphs_8to14vertices_78instances_20260625_143415_AdjacencyList.txt,False,0,32,1,5,1,,31,"[(3, 5), (4, 6), (0, 2), (6, 9), (5, 7), (3, 4), (2, 8), (4, 5), (8, 9), (1, 3), (0, 1), (1, 6), (1, 9), (6, 8), (5, 6), (2, 4), (7, 9), (1, 2), (5, 8), (6, 7)]","[1.0, 1.0, 1.0, 1.0, 1.0, 1.0, 1.0, 1.0, 1.0, 1.0, 1.0, 1.0, 1.0, 1.0, 1.0, 1.0, 1.0, 1.0, 1.0, 1.0]"
ec2cc0aa,10,20,1,25.0,False,False,"[1, 1, 1]",10.007511103462296,,,,,,,,,,,6.34065905261717,,0.6335900092505012,,,,2.1860342025756836,2.1860342025756836,False,,0.0,0.0,,,2.193265914916992,2026-07-21 08:40:44,x86_64,dacsgpu0002,,64,64,3.11.15,0.21,False,False,adam,True,1,20,hamqaoa,0.01,False,False,hog,False,True,False,False,False,False,False,1,HOG_graphs/random_graphs_8to14vertices_78instances_20260625_143415_AdjacencyList.txt,False,0,32,1,5,1,,30,"[(2, 3), (3, 5), (4, 6), (7, 8), (0, 2), (0, 8), (1, 7), (5, 7), (3, 4), (4, 5), (8, 9), (1, 3), (0, 1), (6, 8), (2, 4), (7, 9), (1, 2), (1, 5), (0, 9), (6, 7)]","[1.0, 1.0, 1.0, 1.0, 1.0, 1.0, 1.0, 1.0, 1.0, 1.0, 1.0, 1.0, 1.0, 1.0, 1.0, 1.0, 1.0, 1.0, 1.0, 1.0]"
6a483dac,10,21,1,50.0,False,False,"[1, 1, 1]",10.728389772882371,,,,,,,,,,,6.00457224071839,,0.5596899784435363,,,,3.2734739780426025,3.2734739780426025,False,,0.0,0.0,,,3.2797040939331055,2026-07-21 08:40:45,x86_64,dacsgpu0002,,64,64,3.11.15,0.21,False,False,adam,True,1,20,hamqaoa,0.01,False,False,hog,False,True,False,False,False,False,False,1,HOG_graphs/random_graphs_8to14vertices_78instances_20260625_143415_AdjacencyList.txt,False,0,32,1,5,1,,29,"[(4, 6), (4, 9), (7, 8), (0, 5), (1, 4), (0, 2), (5, 7), (3, 7), (2, 5), (4, 8), (0, 1), (0, 4), (6, 8), (5, 6), (2, 4), (3, 9), (4, 7), (0, 3), (0, 6), (1, 5), (0, 9)]","[1.0, 1.0, 1.0, 1.0, 1.0, 1.0, 1.0, 1.0, 1.0, 1.0, 1.0, 1.0, 1.0, 1.0, 1.0, 1.0, 1.0, 1.0, 1.0, 1.0, 1.0]"
72b1e541,10,20,1,10.0,False,False,"[1, 1, 1]",10.194364037160504,,,,,,,,,,,7.080033792992981,,0.6945047054612564,,,,1.4794862270355225,1.4794862270355225,False,,0.0,0.0,,,1.488865613937378,2026-07-21 08:40:45,x86_64,dacsgpu0002,,64,64,3.11.15,0.21,False,False,adam,True,1,20,hamqaoa,0.01,False,False,hog,False,True,False,False,False,False,False,1,HOG_graphs/random_graphs_8to14vertices_78instances_20260625_143415_AdjacencyList.txt,False,0,32,1,5,1,,31,"[(3, 5), (4, 6), (0, 2), (6, 9), (5, 7), (3, 4), (2, 8), (4, 5), (8, 9), (1, 3), (0, 1), (1, 6), (1, 9), (6, 8), (5, 6), (2, 4), (7, 9), (1, 2), (5, 8), (6, 7)]","[1.0, 1.0, 1.0, 1.0, 1.0, 1.0, 1.0, 1.0, 1.0, 1.0, 1.0, 1.0, 1.0, 1.0, 1.0, 1.0, 1.0, 1.0, 1.0, 1.0]"
4acbdaa1,10,20,2,5.0,False,False,"[1, 1, 1]",10.007511103462296,,,,,,,,,,,6.113940585795752,,0.6109351788458685,,,,3.285780668258667,3.285780668258667,False,,0.0,0.0,,,3.292192220687866,2026-07-21 08:40:45,x86_64,dacsgpu0002,,64,64,3.11.15,0.21,False,False,adam,True,1,20,hamqaoa,0.01,False,False,hog,False,True,False,False,False,False,False,1,HOG_graphs/random_graphs_8to14vertices_78instances_20260625_143415_AdjacencyList.txt,False,0,32,1,5,1,,30,"[(2, 3), (3, 5), (4, 6), (7, 8), (0, 2), (0, 8), (1, 7), (5, 7), (3, 4), (4, 5), (8, 9), (1, 3), (0, 1), (6, 8), (2, 4), (7, 9), (1, 2), (1, 5), (0, 9), (6, 7)]","[1.0, 1.0, 1.0, 1.0, 1.0, 1.0, 1.0, 1.0, 1.0, 1.0, 1.0, 1.0, 1.0, 1.0, 1.0, 1.0, 1.0, 1.0, 1.0, 1.0]"
a8e85d85,10,20,2,10.0,False,False,"[1, 1, 1]",10.007511103462296,,,,,,,,,,,6.634867351571024,,0.6629887574419538,,,,3.698646306991577,3.698646306991577,False,,0.0,0.0,,,3.7057549953460693,2026-07-21 08:40:46,x86_64,dacsgpu0002,,64,64,3.11.15,0.21,False,False,adam,True,1,20,hamqaoa,0.01,False,False,hog,False,True,False,False,False,False,False,1,HOG_graphs/random_graphs_8to14vertices_78instances_20260625_143415_AdjacencyList.txt,False,0,32,1,5,1,,30,"[(2, 3), (3, 5), (4, 6), (7, 8), (0, 2), (0, 8), (1, 7), (5, 7), (3, 4), (4, 5), (8, 9), (1, 3), (0, 1), (6, 8), (2, 4), (7, 9), (1, 2), (1, 5), (0, 9), (6, 7)]","[1.0, 1.0, 1.0, 1.0, 1.0, 1.0, 1.0, 1.0, 1.0, 1.0, 1.0, 1.0, 1.0, 1.0, 1.0, 1.0, 1.0, 1.0, 1.0, 1.0]"
f03b281e,10,30,1,5.0,False,False,"[1, 1, 1]",13.11746614058643,,,,,,,,,,,8.609210997760773,,0.656316616752928,,,,1.6405386924743652,1.6405386924743652,False,,0.0,0.0,,,1.6510915756225586,2026-07-21 08:40:46,x86_64,dacsgpu0002,,64,64,3.11.15,0.21,False,False,adam,True,1,20,hamqaoa,0.01,False,False,hog,False,True,False,False,False,False,False,1,HOG_graphs/random_graphs_8to14vertices_78instances_20260625_143415_AdjacencyList.txt,False,0,32,1,5,1,,32,"[(2, 3), (3, 5), (2, 9), (4, 6), (7, 8), (0, 5), (1, 4), (0, 8), (6, 9), (5, 7), (3, 4), (4, 5), (4, 8), (8, 9), (1, 3), (0, 1), (1, 9), (0, 7), (5, 6), (3, 6), (2, 4), (2, 7), (4, 7), (7, 9), (0, 3), (1, 2), (1, 8), (0, 6), (0, 9), (6, 7)]","[1.0, 1.0, 1.0, 1.0, 1.0, 1.0, 1.0, 1.0, 1.0, 1.0, 1.0, 1.0, 1.0, 1.0, 1.0, 1.0, 1.0, 1.0, 1.0, 1.0, 1.0, 1.0, 1.0, 1.0, 1.0, 1.0, 1.0, 1.0, 1.0, 1.0]"
f81a2164,10,20,1,25.0,False,False,"[1, 1, 1]",10.194364037160504,,,,,,,,,,,7.138844984783426,,0.70027369620713,,,,2.314248561859131,2.314248561859131,False,,0.0,0.0,,,2.3222484588623047,2026-07-21 08:40:46,x86_64,dacsgpu0002,,64,64,3.11.15,0.21,False,False,adam,True,1,20,hamqaoa,0.01,False,False,hog,False,True,False,False,False,False,False,1,HOG_graphs/random_graphs_8to14vertices_78instances_20260625_143415_AdjacencyList.txt,False,0,32,1,5,1,,31,"[(3, 5), (4, 6), (0, 2), (6, 9), (5, 7), (3, 4), (2, 8), (4, 5), (8, 9), (1, 3), (0, 1), (1, 6), (1, 9), (6, 8), (5, 6), (2, 4), (7, 9), (1, 2), (5, 8), (6, 7)]","[1.0, 1.0, 1.0, 1.0, 1.0, 1.0, 1.0, 1.0, 1.0, 1.0, 1.0, 1.0, 1.0, 1.0, 1.0, 1.0, 1.0, 1.0, 1.0, 1.0]"
fcda19c6,10,20,1,50.0,False,False,"[1, 1, 1]",10.007511103462296,,,,,,,,,,,6.005293495834767,,0.6000786243201987,,,,3.3162128925323486,3.3162128925323486,False,,0.0,0.0,,,3.3240604400634766,2026-07-21 08:40:46,x86_64,dacsgpu0002,,64,64,3.11.15,0.21,False,False,adam,True,1,20,hamqaoa,0.01,False,False,hog,False,True,False,False,False,False,False,1,HOG_graphs/random_graphs_8to14vertices_78instances_20260625_143415_AdjacencyList.txt,False,0,32,1,5,1,,30,"[(2, 3), (3, 5), (4, 6), (7, 8), (0, 2), (0, 8), (1, 7), (5, 7), (3, 4), (4, 5), (8, 9), (1, 3), (0, 1), (6, 8), (2, 4), (7, 9), (1, 2), (1, 5), (0, 9), (6, 7)]","[1.0, 1.0, 1.0, 1.0, 1.0, 1.0, 1.0, 1.0, 1.0, 1.0, 1.0, 1.0, 1.0, 1.0, 1.0, 1.0, 1.0, 1.0, 1.0, 1.0]"
f918bb05,10,20,2,5.0,False,False,"[1, 1, 1]",10.194364037160504,,,,,,,,,,,6.106953584157333,,0.5990519430046113,,,,3.1719322204589844,3.1719322204589844,False,,0.0,0.0,,,3.179567813873291,2026-07-21 08:40:46,x86_64,dacsgpu0002,,64,64,3.11.15,0.21,False,False,adam,True,1,20,hamqaoa,0.01,False,False,hog,False,True,False,False,False,False,False,1,HOG_graphs/random_graphs_8to14vertices_78instances_20260625_143415_AdjacencyList.txt,False,0,32,1,5,1,,31,"[(3, 5), (4, 6), (0, 2), (6, 9), (5, 7), (3, 4), (2, 8), (4, 5), (8, 9), (1, 3), (0, 1), (1, 6), (1, 9), (6, 8), (5, 6), (2, 4), (7, 9), (1, 2), (5, 8), (6, 7)]","[1.0, 1.0, 1.0, 1.0, 1.0, 1.0, 1.0, 1.0, 1.0, 1.0, 1.0, 1.0, 1.0, 1.0, 1.0, 1.0, 1.0, 1.0, 1.0, 1.0]"
bc968506,10,30,1,10.0,False,False,"[1, 1, 1]",13.11746614058643,,,,,,,,,,,9.097583643367862,,0.6935473319210066,,,,1.9880542755126953,1.9880542755126953,False,,0.0,0.0,,,2.0043160915374756,2026-07-21 08:40:47,x86_64,dacsgpu0002,,64,64,3.11.15,0.2,False,False,adam,True,1,20,hamqaoa,0.01,False,False,hog,False,True,False,False,False,False,False,1,HOG_graphs/random_graphs_8to14vertices_78instances_20260625_143415_AdjacencyList.txt,False,0,32,1,5,1,,32,"[(2, 3), (3, 5), (2, 9), (4, 6), (7, 8), (0, 5), (1, 4), (0, 8), (6, 9), (5, 7), (3, 4), (4, 5), (4, 8), (8, 9), (1, 3), (0, 1), (1, 9), (0, 7), (5, 6), (3, 6), (2, 4), (2, 7), (4, 7), (7, 9), (0, 3), (1, 2), (1, 8), (0, 6), (0, 9), (6, 7)]","[1.0, 1.0, 1.0, 1.0, 1.0, 1.0, 1.0, 1.0, 1.0, 1.0, 1.0, 1.0, 1.0, 1.0, 1.0, 1.0, 1.0, 1.0, 1.0, 1.0, 1.0, 1.0, 1.0, 1.0, 1.0, 1.0, 1.0, 1.0, 1.0, 1.0]"
aa47376e,10,21,2,25.0,False,False,"[1, 1, 1]",10.728389772882371,,,,,,,,,,,6.6683859798965175,,0.6215644771549849,,,,5.694637298583984,5.694637298583984,False,,0.0,0.0,,,5.701738595962524,2026-07-21 08:40:47,x86_64,dacsgpu0002,,64,64,3.11.15,0.21,False,False,adam,True,1,20,hamqaoa,0.01,False,False,hog,False,True,False,False,False,False,False,1,HOG_graphs/random_graphs_8to14vertices_78instances_20260625_143415_AdjacencyList.txt,False,0,32,1,5,1,,29,"[(4, 6), (4, 9), (7, 8), (0, 5), (1, 4), (0, 2), (5, 7), (3, 7), (2, 5), (4, 8), (0, 1), (0, 4), (6, 8), (5, 6), (2, 4), (3, 9), (4, 7), (0, 3), (0, 6), (1, 5), (0, 9)]","[1.0, 1.0, 1.0, 1.0, 1.0, 1.0, 1.0, 1.0, 1.0, 1.0, 1.0, 1.0, 1.0, 1.0, 1.0, 1.0, 1.0, 1.0, 1.0, 1.0, 1.0]"
bcb47858,10,20,2,10.0,False,False,"[1, 1, 1]",10.194364037160504,,,,,,,,,,,6.894214698661453,,0.676277075600857,,,,3.784337043762207,3.784337043762207,False,,0.0,0.0,,,3.792963981628418,2026-07-21 08:40:47,x86_64,dacsgpu0002,,64,64,3.11.15,0.21,False,False,adam,True,1,20,hamqaoa,0.01,False,False,hog,False,True,False,False,False,False,False,1,HOG_graphs/random_graphs_8to14vertices_78instances_20260625_143415_AdjacencyList.txt,False,0,32,1,5,1,,31,"[(3, 5), (4, 6), (0, 2), (6, 9), (5, 7), (3, 4), (2, 8), (4, 5), (8, 9), (1, 3), (0, 1), (1, 6), (1, 9), (6, 8), (5, 6), (2, 4), (7, 9), (1, 2), (5, 8), (6, 7)]","[1.0, 1.0, 1.0, 1.0, 1.0, 1.0, 1.0, 1.0, 1.0, 1.0, 1.0, 1.0, 1.0, 1.0, 1.0, 1.0, 1.0, 1.0, 1.0, 1.0]"
5f52a3d5,10,30,1,5.0,False,False,"[1, 1, 1]",13.183472067497764,,,,,,,,,,,8.106253968753093,,0.6148800503577558,,,,1.6080431938171387,1.6080431938171387,False,,0.0,0.0,,,1.616499900817871,2026-07-21 08:40:47,x86_64,dacsgpu0002,,64,64,3.11.15,0.2,False,False,adam,True,1,20,hamqaoa,0.01,False,False,hog,False,True,False,False,False,False,False,1,HOG_graphs/random_graphs_8to14vertices_78instances_20260625_143415_AdjacencyList.txt,False,0,32,1,5,1,,33,"[(2, 3), (3, 8), (2, 6), (3, 5), (7, 8), (1, 4), (0, 2), (6, 9), (3, 4), (2, 8), (4, 5), (3, 7), (2, 5), (4, 8), (8, 9), (1, 3), (1, 6), (1, 9), (0, 7), (6, 8), (5, 6), (5, 9), (2, 4), (3, 9), (7, 9), (0, 3), (0, 6), (1, 5), (0, 9), (6, 7)]","[1.0, 1.0, 1.0, 1.0, 1.0, 1.0, 1.0, 1.0, 1.0, 1.0, 1.0, 1.0, 1.0, 1.0, 1.0, 1.0, 1.0, 1.0, 1.0, 1.0, 1.0, 1.0, 1.0, 1.0, 1.0, 1.0, 1.0, 1.0, 1.0, 1.0]"
44fbf33d,10,20,1,50.0,False,False,"[1, 1, 1]",10.194364037160504,,,,,,,,,,,5.35380381304831,,0.5251729086319283,,,,3.503711700439453,3.503711700439453,False,,0.0,0.0,,,3.5105104446411133,2026-07-21 08:40:47,x86_64,dacsgpu0002,,64,64,3.11.15,0.21,False,False,adam,True,1,20,hamqaoa,0.01,False,False,hog,False,True,False,False,False,False,False,1,HOG_graphs/random_graphs_8to14vertices_78instances_20260625_143415_AdjacencyList.txt,False,0,32,1,5,1,,31,"[(3, 5), (4, 6), (0, 2), (6, 9), (5, 7), (3, 4), (2, 8), (4, 5), (8, 9), (1, 3), (0, 1), (1, 6), (1, 9), (6, 8), (5, 6), (2, 4), (7, 9), (1, 2), (5, 8), (6, 7)]","[1.0, 1.0, 1.0, 1.0, 1.0, 1.0, 1.0, 1.0, 1.0, 1.0, 1.0, 1.0, 1.0, 1.0, 1.0, 1.0, 1.0, 1.0, 1.0, 1.0]"
c970dcef,10,30,1,25.0,False,False,"[1, 1, 1]",13.11746614058643,,,,,,,,,,,8.350429878105295,,0.6365886359918579,,,,2.8248114585876465,2.8248114585876465,False,,0.0,0.0,,,2.8319005966186523,2026-07-21 08:40:48,x86_64,dacsgpu0002,,64,64,3.11.15,0.21,False,False,adam,True,1,20,hamqaoa,0.01,False,False,hog,False,True,False,False,False,False,False,1,HOG_graphs/random_graphs_8to14vertices_78instances_20260625_143415_AdjacencyList.txt,False,0,32,1,5,1,,32,"[(2, 3), (3, 5), (2, 9), (4, 6), (7, 8), (0, 5), (1, 4), (0, 8), (6, 9), (5, 7), (3, 4), (4, 5), (4, 8), (8, 9), (1, 3), (0, 1), (1, 9), (0, 7), (5, 6), (3, 6), (2, 4), (2, 7), (4, 7), (7, 9), (0, 3), (1, 2), (1, 8), (0, 6), (0, 9), (6, 7)]","[1.0, 1.0, 1.0, 1.0, 1.0, 1.0, 1.0, 1.0, 1.0, 1.0, 1.0, 1.0, 1.0, 1.0, 1.0, 1.0, 1.0, 1.0, 1.0, 1.0, 1.0, 1.0, 1.0, 1.0, 1.0, 1.0, 1.0, 1.0, 1.0, 1.0]"
2d20eef2,10,30,1,10.0,False,False,"[1, 1, 1]",13.183472067497764,,,,,,,,,,,9.51251881522666,,0.721548827693018,,,,1.8456342220306396,1.8456342220306396,False,,0.0,0.0,,,1.856252908706665,2026-07-21 08:40:48,x86_64,dacsgpu0002,,64,64,3.11.15,0.2,False,False,adam,True,1,20,hamqaoa,0.01,False,False,hog,False,True,False,False,False,False,False,1,HOG_graphs/random_graphs_8to14vertices_78instances_20260625_143415_AdjacencyList.txt,False,0,32,1,5,1,,33,"[(2, 3), (3, 8), (2, 6), (3, 5), (7, 8), (1, 4), (0, 2), (6, 9), (3, 4), (2, 8), (4, 5), (3, 7), (2, 5), (4, 8), (8, 9), (1, 3), (1, 6), (1, 9), (0, 7), (6, 8), (5, 6), (5, 9), (2, 4), (3, 9), (7, 9), (0, 3), (0, 6), (1, 5), (0, 9), (6, 7)]","[1.0, 1.0, 1.0, 1.0, 1.0, 1.0, 1.0, 1.0, 1.0, 1.0, 1.0, 1.0, 1.0, 1.0, 1.0, 1.0, 1.0, 1.0, 1.0, 1.0, 1.0, 1.0, 1.0, 1.0, 1.0, 1.0, 1.0, 1.0, 1.0, 1.0]"
f8330a45,10,20,2,25.0,False,False,"[1, 1, 1]",10.007511103462296,,,,,,,,,,,6.629113699594026,,0.6624138240826486,,,,5.682435035705566,5.682435035705566,False,,0.0,0.0,,,5.691113471984863,2026-07-21 08:40:48,x86_64,dacsgpu0002,,64,64,3.11.15,0.21,False,False,adam,True,1,20,hamqaoa,0.01,False,False,hog,False,True,False,False,False,False,False,1,HOG_graphs/random_graphs_8to14vertices_78instances_20260625_143415_AdjacencyList.txt,False,0,32,1,5,1,,30,"[(2, 3), (3, 5), (4, 6), (7, 8), (0, 2), (0, 8), (1, 7), (5, 7), (3, 4), (4, 5), (8, 9), (1, 3), (0, 1), (6, 8), (2, 4), (7, 9), (1, 2), (1, 5), (0, 9), (6, 7)]","[1.0, 1.0, 1.0, 1.0, 1.0, 1.0, 1.0, 1.0, 1.0, 1.0, 1.0, 1.0, 1.0, 1.0, 1.0, 1.0, 1.0, 1.0, 1.0, 1.0]"
74361782,11,14,1,5.0,False,False,"[1, 1, 1]",7.910386739873229,,,,,,,,,,,4.2191540508865195,,0.533368871792245,,,,1.1458752155303955,1.1458752155303955,False,,0.0,0.0,,,1.153012990951538,2026-07-21 08:40:48,x86_64,dacsgpu0002,,64,64,3.11.15,0.21,False,False,adam,True,1,20,hamqaoa,0.01,False,False,hog,False,True,False,False,False,False,False,1,HOG_graphs/random_graphs_8to14vertices_78instances_20260625_143415_AdjacencyList.txt,False,0,32,1,5,1,,34,"[(3, 9), (0, 4), (0, 10), (1, 9), (2, 9), (7, 8), (5, 9), (0, 9), (7, 10), (4, 8), (6, 10), (1, 10), (0, 8), (6, 7)]","[1.0, 1.0, 1.0, 1.0, 1.0, 1.0, 1.0, 1.0, 1.0, 1.0, 1.0, 1.0, 1.0, 1.0]"
06861e90,10,30,2,5.0,False,False,"[1, 1, 1]",13.11746614058643,,,,,,,,,,,8.218205262108327,,0.6265085935065294,,,,4.018190383911133,4.018190383911133,False,,0.0,0.0,,,4.027806758880615,2026-07-21 08:40:48,x86_64,dacsgpu0002,,64,64,3.11.15,0.21,False,False,adam,True,1,20,hamqaoa,0.01,False,False,hog,False,True,False,False,False,False,False,1,HOG_graphs/random_graphs_8to14vertices_78instances_20260625_143415_AdjacencyList.txt,False,0,32,1,5,1,,32,"[(2, 3), (3, 5), (2, 9), (4, 6), (7, 8), (0, 5), (1, 4), (0, 8), (6, 9), (5, 7), (3, 4), (4, 5), (4, 8), (8, 9), (1, 3), (0, 1), (1, 9), (0, 7), (5, 6), (3, 6), (2, 4), (2, 7), (4, 7), (7, 9), (0, 3), (1, 2), (1, 8), (0, 6), (0, 9), (6, 7)]","[1.0, 1.0, 1.0, 1.0, 1.0, 1.0, 1.0, 1.0, 1.0, 1.0, 1.0, 1.0, 1.0, 1.0, 1.0, 1.0, 1.0, 1.0, 1.0, 1.0, 1.0, 1.0, 1.0, 1.0, 1.0, 1.0, 1.0, 1.0, 1.0, 1.0]"
70712ee1,11,14,1,10.0,False,False,"[1, 1, 1]",7.910386739873229,,,,,,,,,,,3.813445092831227,,0.4820807399477842,,,,1.3848657608032227,1.3848657608032227,False,,0.0,0.0,,,1.3924314975738525,2026-07-21 08:40:49,x86_64,dacsgpu0002,,64,64,3.11.15,0.21,False,False,adam,True,1,20,hamqaoa,0.01,False,False,hog,False,True,False,False,False,False,False,1,HOG_graphs/random_graphs_8to14vertices_78instances_20260625_143415_AdjacencyList.txt,False,0,32,1,5,1,,34,"[(3, 9), (0, 4), (0, 10), (1, 9), (2, 9), (7, 8), (5, 9), (0, 9), (7, 10), (4, 8), (6, 10), (1, 10), (0, 8), (6, 7)]","[1.0, 1.0, 1.0, 1.0, 1.0, 1.0, 1.0, 1.0, 1.0, 1.0, 1.0, 1.0, 1.0, 1.0]"
b4f721f5,10,30,1,25.0,False,False,"[1, 1, 1]",13.183472067497764,,,,,,,,,,,8.498471473397286,,0.6446307490080119,,,,2.68113112449646,2.68113112449646,False,,0.0,0.0,,,2.6903786659240723,2026-07-21 08:40:49,x86_64,dacsgpu0002,,64,64,3.11.15,0.21,False,False,adam,True,1,20,hamqaoa,0.01,False,False,hog,False,True,False,False,False,False,False,1,HOG_graphs/random_graphs_8to14vertices_78instances_20260625_143415_AdjacencyList.txt,False,0,32,1,5,1,,33,"[(2, 3), (3, 8), (2, 6), (3, 5), (7, 8), (1, 4), (0, 2), (6, 9), (3, 4), (2, 8), (4, 5), (3, 7), (2, 5), (4, 8), (8, 9), (1, 3), (1, 6), (1, 9), (0, 7), (6, 8), (5, 6), (5, 9), (2, 4), (3, 9), (7, 9), (0, 3), (0, 6), (1, 5), (0, 9), (6, 7)]","[1.0, 1.0, 1.0, 1.0, 1.0, 1.0, 1.0, 1.0, 1.0, 1.0, 1.0, 1.0, 1.0, 1.0, 1.0, 1.0, 1.0, 1.0, 1.0, 1.0, 1.0, 1.0, 1.0, 1.0, 1.0, 1.0, 1.0, 1.0, 1.0, 1.0]"
20332442,10,30,1,50.0,False,False,"[1, 1, 1]",13.11746614058643,,,,,,,,,,,9.746580563297204,,0.7430231158089708,,,,4.096468687057495,4.096468687057495,False,,0.0,0.0,,,4.104522943496704,2026-07-21 08:40:49,x86_64,dacsgpu0002,,64,64,3.11.15,0.2,False,False,adam,True,1,20,hamqaoa,0.01,False,False,hog,False,True,False,False,False,False,False,1,HOG_graphs/random_graphs_8to14vertices_78instances_20260625_143415_AdjacencyList.txt,False,0,32,1,5,1,,32,"[(2, 3), (3, 5), (2, 9), (4, 6), (7, 8), (0, 5), (1, 4), (0, 8), (6, 9), (5, 7), (3, 4), (4, 5), (4, 8), (8, 9), (1, 3), (0, 1), (1, 9), (0, 7), (5, 6), (3, 6), (2, 4), (2, 7), (4, 7), (7, 9), (0, 3), (1, 2), (1, 8), (0, 6), (0, 9), (6, 7)]","[1.0, 1.0, 1.0, 1.0, 1.0, 1.0, 1.0, 1.0, 1.0, 1.0, 1.0, 1.0, 1.0, 1.0, 1.0, 1.0, 1.0, 1.0, 1.0, 1.0, 1.0, 1.0, 1.0, 1.0, 1.0, 1.0, 1.0, 1.0, 1.0, 1.0]"
645ad6d4,10,30,2,10.0,False,False,"[1, 1, 1]",13.11746614058643,,,,,,,,,,,8.923072099756789,,0.6802435778468016,,,,4.713425159454346,4.713425159454346,False,,0.0,0.0,,,4.722181797027588,2026-07-21 08:40:49,x86_64,dacsgpu0002,,64,64,3.11.15,0.21,False,False,adam,True,1,20,hamqaoa,0.01,False,False,hog,False,True,False,False,False,False,False,1,HOG_graphs/random_graphs_8to14vertices_78instances_20260625_143415_AdjacencyList.txt,False,0,32,1,5,1,,32,"[(2, 3), (3, 5), (2, 9), (4, 6), (7, 8), (0, 5), (1, 4), (0, 8), (6, 9), (5, 7), (3, 4), (4, 5), (4, 8), (8, 9), (1, 3), (0, 1), (1, 9), (0, 7), (5, 6), (3, 6), (2, 4), (2, 7), (4, 7), (7, 9), (0, 3), (1, 2), (1, 8), (0, 6), (0, 9), (6, 7)]","[1.0, 1.0, 1.0, 1.0, 1.0, 1.0, 1.0, 1.0, 1.0, 1.0, 1.0, 1.0, 1.0, 1.0, 1.0, 1.0, 1.0, 1.0, 1.0, 1.0, 1.0, 1.0, 1.0, 1.0, 1.0, 1.0, 1.0, 1.0, 1.0, 1.0]"
484ec505,10,20,2,25.0,False,False,"[1, 1, 1]",10.194364037160504,,,,,,,,,,,6.427586242610066,,0.630503895993926,,,,5.704325199127197,5.704325199127197,False,,0.0,0.0,,,5.7119457721710205,2026-07-21 08:40:49,x86_64,dacsgpu0002,,64,64,3.11.15,0.21,False,False,adam,True,1,20,hamqaoa,0.01,False,False,hog,False,True,False,False,False,False,False,1,HOG_graphs/random_graphs_8to14vertices_78instances_20260625_143415_AdjacencyList.txt,False,0,32,1,5,1,,31,"[(3, 5), (4, 6), (0, 2), (6, 9), (5, 7), (3, 4), (2, 8), (4, 5), (8, 9), (1, 3), (0, 1), (1, 6), (1, 9), (6, 8), (5, 6), (2, 4), (7, 9), (1, 2), (5, 8), (6, 7)]","[1.0, 1.0, 1.0, 1.0, 1.0, 1.0, 1.0, 1.0, 1.0, 1.0, 1.0, 1.0, 1.0, 1.0, 1.0, 1.0, 1.0, 1.0, 1.0, 1.0]"
1878863c,10,30,2,5.0,False,False,"[1, 1, 1]",13.183472067497764,,,,,,,,,,,8.712092905258876,,0.6608344797678507,,,,3.9128847122192383,3.9128847122192383,False,,0.0,0.0,,,3.9323134422302246,2026-07-21 08:40:50,x86_64,dacsgpu0002,,64,64,3.11.15,0.21,False,False,adam,True,1,20,hamqaoa,0.01,False,False,hog,False,True,False,False,False,False,False,1,HOG_graphs/random_graphs_8to14vertices_78instances_20260625_143415_AdjacencyList.txt,False,0,32,1,5,1,,33,"[(2, 3), (3, 8), (2, 6), (3, 5), (7, 8), (1, 4), (0, 2), (6, 9), (3, 4), (2, 8), (4, 5), (3, 7), (2, 5), (4, 8), (8, 9), (1, 3), (1, 6), (1, 9), (0, 7), (6, 8), (5, 6), (5, 9), (2, 4), (3, 9), (7, 9), (0, 3), (0, 6), (1, 5), (0, 9), (6, 7)]","[1.0, 1.0, 1.0, 1.0, 1.0, 1.0, 1.0, 1.0, 1.0, 1.0, 1.0, 1.0, 1.0, 1.0, 1.0, 1.0, 1.0, 1.0, 1.0, 1.0, 1.0, 1.0, 1.0, 1.0, 1.0, 1.0, 1.0, 1.0, 1.0, 1.0]"
bb5ca24d,11,14,2,5.0,False,False,"[1, 1, 1]",7.910386739873229,,,,,,,,,,,4.9236232438674445,,0.6224250982634447,,,,3.0255024433135986,3.0255024433135986,False,,0.0,0.0,,,3.031313896179199,2026-07-21 08:40:50,x86_64,dacsgpu0002,,64,64,3.11.15,0.21,False,False,adam,True,1,20,hamqaoa,0.01,False,False,hog,False,True,False,False,False,False,False,1,HOG_graphs/random_graphs_8to14vertices_78instances_20260625_143415_AdjacencyList.txt,False,0,32,1,5,1,,34,"[(3, 9), (0, 4), (0, 10), (1, 9), (2, 9), (7, 8), (5, 9), (0, 9), (7, 10), (4, 8), (6, 10), (1, 10), (0, 8), (6, 7)]","[1.0, 1.0, 1.0, 1.0, 1.0, 1.0, 1.0, 1.0, 1.0, 1.0, 1.0, 1.0, 1.0, 1.0]"
e4d90ac1,10,21,2,50.0,False,False,"[1, 1, 1]",10.728389772882371,,,,,,,,,,,8.246262691072577,,0.7686393639347681,,,,8.736110925674438,8.736110925674438,False,,0.0,0.0,,,8.743748426437378,2026-07-21 08:40:50,x86_64,dacsgpu0002,,64,64,3.11.15,0.21,False,False,adam,True,1,20,hamqaoa,0.01,False,False,hog,False,True,False,False,False,False,False,1,HOG_graphs/random_graphs_8to14vertices_78instances_20260625_143415_AdjacencyList.txt,False,0,32,1,5,1,,29,"[(4, 6), (4, 9), (7, 8), (0, 5), (1, 4), (0, 2), (5, 7), (3, 7), (2, 5), (4, 8), (0, 1), (0, 4), (6, 8), (5, 6), (2, 4), (3, 9), (4, 7), (0, 3), (0, 6), (1, 5), (0, 9)]","[1.0, 1.0, 1.0, 1.0, 1.0, 1.0, 1.0, 1.0, 1.0, 1.0, 1.0, 1.0, 1.0, 1.0, 1.0, 1.0, 1.0, 1.0, 1.0, 1.0, 1.0]"
5ffdddee,10,30,1,50.0,False,False,"[1, 1, 1]",13.183472067497764,,,,,,,,,,,9.6785666368281,,0.7341439787087213,,,,3.8951189517974854,3.8951189517974854,False,,0.0,0.0,,,3.90341854095459,2026-07-21 08:40:51,x86_64,dacsgpu0002,,64,64,3.11.15,0.21,False,False,adam,True,1,20,hamqaoa,0.01,False,False,hog,False,True,False,False,False,False,False,1,HOG_graphs/random_graphs_8to14vertices_78instances_20260625_143415_AdjacencyList.txt,False,0,32,1,5,1,,33,"[(2, 3), (3, 8), (2, 6), (3, 5), (7, 8), (1, 4), (0, 2), (6, 9), (3, 4), (2, 8), (4, 5), (3, 7), (2, 5), (4, 8), (8, 9), (1, 3), (1, 6), (1, 9), (0, 7), (6, 8), (5, 6), (5, 9), (2, 4), (3, 9), (7, 9), (0, 3), (0, 6), (1, 5), (0, 9), (6, 7)]","[1.0, 1.0, 1.0, 1.0, 1.0, 1.0, 1.0, 1.0, 1.0, 1.0, 1.0, 1.0, 1.0, 1.0, 1.0, 1.0, 1.0, 1.0, 1.0, 1.0, 1.0, 1.0, 1.0, 1.0, 1.0, 1.0, 1.0, 1.0, 1.0, 1.0]"
cdb07ff8,10,30,2,10.0,False,False,"[1, 1, 1]",13.183472067497764,,,,,,,,,,,8.674776821870767,,0.6580039596137475,,,,4.493633508682251,4.493633508682251,False,,0.0,0.0,,,4.505437612533569,2026-07-21 08:40:51,x86_64,dacsgpu0002,,64,64,3.11.15,0.21,False,False,adam,True,1,20,hamqaoa,0.01,False,False,hog,False,True,False,False,False,False,False,1,HOG_graphs/random_graphs_8to14vertices_78instances_20260625_143415_AdjacencyList.txt,False,0,32,1,5,1,,33,"[(2, 3), (3, 8), (2, 6), (3, 5), (7, 8), (1, 4), (0, 2), (6, 9), (3, 4), (2, 8), (4, 5), (3, 7), (2, 5), (4, 8), (8, 9), (1, 3), (1, 6), (1, 9), (0, 7), (6, 8), (5, 6), (5, 9), (2, 4), (3, 9), (7, 9), (0, 3), (0, 6), (1, 5), (0, 9), (6, 7)]","[1.0, 1.0, 1.0, 1.0, 1.0, 1.0, 1.0, 1.0, 1.0, 1.0, 1.0, 1.0, 1.0, 1.0, 1.0, 1.0, 1.0, 1.0, 1.0, 1.0, 1.0, 1.0, 1.0, 1.0, 1.0, 1.0, 1.0, 1.0, 1.0, 1.0]"
3e554c07,11,14,2,10.0,False,False,"[1, 1, 1]",7.910386739873229,,,,,,,,,,,5.074173762091347,,0.6414571030407883,,,,3.3991401195526123,3.3991401195526123,False,,0.0,0.0,,,3.406421422958374,2026-07-21 08:40:51,x86_64,dacsgpu0002,,64,64,3.11.15,0.21,False,False,adam,True,1,20,hamqaoa,0.01,False,False,hog,False,True,False,False,False,False,False,1,HOG_graphs/random_graphs_8to14vertices_78instances_20260625_143415_AdjacencyList.txt,False,0,32,1,5,1,,34,"[(3, 9), (0, 4), (0, 10), (1, 9), (2, 9), (7, 8), (5, 9), (0, 9), (7, 10), (4, 8), (6, 10), (1, 10), (0, 8), (6, 7)]","[1.0, 1.0, 1.0, 1.0, 1.0, 1.0, 1.0, 1.0, 1.0, 1.0, 1.0, 1.0, 1.0, 1.0]"
06de48b9,10,20,2,50.0,False,False,"[1, 1, 1]",10.007511103462296,,,,,,,,,,,6.203578303866811,,0.6198922229244953,,,,8.363765001296997,8.363765001296997,False,,0.0,0.0,,,8.370615005493164,2026-07-21 08:40:51,x86_64,dacsgpu0002,,64,64,3.11.15,0.21,False,False,adam,True,1,20,hamqaoa,0.01,False,False,hog,False,True,False,False,False,False,False,1,HOG_graphs/random_graphs_8to14vertices_78instances_20260625_143415_AdjacencyList.txt,False,0,32,1,5,1,,30,"[(2, 3), (3, 5), (4, 6), (7, 8), (0, 2), (0, 8), (1, 7), (5, 7), (3, 4), (4, 5), (8, 9), (1, 3), (0, 1), (6, 8), (2, 4), (7, 9), (1, 2), (1, 5), (0, 9), (6, 7)]","[1.0, 1.0, 1.0, 1.0, 1.0, 1.0, 1.0, 1.0, 1.0, 1.0, 1.0, 1.0, 1.0, 1.0, 1.0, 1.0, 1.0, 1.0, 1.0, 1.0]"
4d2604bf,10,30,2,25.0,False,False,"[1, 1, 1]",13.11746614058643,,,,,,,,,,,8.907885450785445,,0.6790858352760504,,,,6.519084692001343,6.519084692001343,False,,0.0,0.0,,,6.527748346328735,2026-07-21 08:40:52,x86_64,dacsgpu0002,,64,64,3.11.15,0.21,False,False,adam,True,1,20,hamqaoa,0.01,False,False,hog,False,True,False,False,False,False,False,1,HOG_graphs/random_graphs_8to14vertices_78instances_20260625_143415_AdjacencyList.txt,False,0,32,1,5,1,,32,"[(2, 3), (3, 5), (2, 9), (4, 6), (7, 8), (0, 5), (1, 4), (0, 8), (6, 9), (5, 7), (3, 4), (4, 5), (4, 8), (8, 9), (1, 3), (0, 1), (1, 9), (0, 7), (5, 6), (3, 6), (2, 4), (2, 7), (4, 7), (7, 9), (0, 3), (1, 2), (1, 8), (0, 6), (0, 9), (6, 7)]","[1.0, 1.0, 1.0, 1.0, 1.0, 1.0, 1.0, 1.0, 1.0, 1.0, 1.0, 1.0, 1.0, 1.0, 1.0, 1.0, 1.0, 1.0, 1.0, 1.0, 1.0, 1.0, 1.0, 1.0, 1.0, 1.0, 1.0, 1.0, 1.0, 1.0]"
913820c4,10,20,2,50.0,False,False,"[1, 1, 1]",10.194364037160504,,,,,,,,,,,6.393501990215958,,0.6271604552192132,,,,8.311218976974487,8.311218976974487,False,,0.0,0.0,,,8.320782661437988,2026-07-21 08:40:52,x86_64,dacsgpu0002,,64,64,3.11.15,0.21,False,False,adam,True,1,20,hamqaoa,0.01,False,False,hog,False,True,False,False,False,False,False,1,HOG_graphs/random_graphs_8to14vertices_78instances_20260625_143415_AdjacencyList.txt,False,0,32,1,5,1,,31,"[(3, 5), (4, 6), (0, 2), (6, 9), (5, 7), (3, 4), (2, 8), (4, 5), (8, 9), (1, 3), (0, 1), (1, 6), (1, 9), (6, 8), (5, 6), (2, 4), (7, 9), (1, 2), (5, 8), (6, 7)]","[1.0, 1.0, 1.0, 1.0, 1.0, 1.0, 1.0, 1.0, 1.0, 1.0, 1.0, 1.0, 1.0, 1.0, 1.0, 1.0, 1.0, 1.0, 1.0, 1.0]"
42f25e90,10,30,2,25.0,False,False,"[1, 1, 1]",13.183472067497764,,,,,,,,,,,8.921313271628332,,0.6767043784787725,,,,6.158646821975708,6.158646821975708,False,,0.0,0.0,,,6.166567087173462,2026-07-21 08:40:53,x86_64,dacsgpu0002,,64,64,3.11.15,0.21,False,False,adam,True,1,20,hamqaoa,0.01,False,False,hog,False,True,False,False,False,False,False,1,HOG_graphs/random_graphs_8to14vertices_78instances_20260625_143415_AdjacencyList.txt,False,0,32,1,5,1,,33,"[(2, 3), (3, 8), (2, 6), (3, 5), (7, 8), (1, 4), (0, 2), (6, 9), (3, 4), (2, 8), (4, 5), (3, 7), (2, 5), (4, 8), (8, 9), (1, 3), (1, 6), (1, 9), (0, 7), (6, 8), (5, 6), (5, 9), (2, 4), (3, 9), (7, 9), (0, 3), (0, 6), (1, 5), (0, 9), (6, 7)]","[1.0, 1.0, 1.0, 1.0, 1.0, 1.0, 1.0, 1.0, 1.0, 1.0, 1.0, 1.0, 1.0, 1.0, 1.0, 1.0, 1.0, 1.0, 1.0, 1.0, 1.0, 1.0, 1.0, 1.0, 1.0, 1.0, 1.0, 1.0, 1.0, 1.0]"
694c3e07,10,30,2,50.0,False,False,"[1, 1, 1]",13.11746614058643,,,,,,,,,,,9.81963697996361,,0.7485925158656146,,,,10.656595706939697,10.656595706939697,False,,0.0,0.0,,,10.673025846481323,2026-07-21 08:40:56,x86_64,dacsgpu0002,,64,64,3.11.15,0.21,False,False,adam,True,1,20,hamqaoa,0.01,False,False,hog,False,True,False,False,False,False,False,1,HOG_graphs/random_graphs_8to14vertices_78instances_20260625_143415_AdjacencyList.txt,False,0,32,1,5,1,,32,"[(2, 3), (3, 5), (2, 9), (4, 6), (7, 8), (0, 5), (1, 4), (0, 8), (6, 9), (5, 7), (3, 4), (4, 5), (4, 8), (8, 9), (1, 3), (0, 1), (1, 9), (0, 7), (5, 6), (3, 6), (2, 4), (2, 7), (4, 7), (7, 9), (0, 3), (1, 2), (1, 8), (0, 6), (0, 9), (6, 7)]","[1.0, 1.0, 1.0, 1.0, 1.0, 1.0, 1.0, 1.0, 1.0, 1.0, 1.0, 1.0, 1.0, 1.0, 1.0, 1.0, 1.0, 1.0, 1.0, 1.0, 1.0, 1.0, 1.0, 1.0, 1.0, 1.0, 1.0, 1.0, 1.0, 1.0]"
87e491ae,10,30,2,50.0,False,False,"[1, 1, 1]",13.183472067497764,,,,,,,,,,,9.500356145149397,,0.7206262581290221,,,,11.14340853691101,11.14340853691101,False,,0.0,0.0,,,11.153114557266235,2026-07-21 08:40:58,x86_64,dacsgpu0002,,64,64,3.11.15,0.21,False,False,adam,True,1,20,hamqaoa,0.01,False,False,hog,False,True,False,False,False,False,False,1,HOG_graphs/random_graphs_8to14vertices_78instances_20260625_143415_AdjacencyList.txt,False,0,32,1,5,1,,33,"[(2, 3), (3, 8), (2, 6), (3, 5), (7, 8), (1, 4), (0, 2), (6, 9), (3, 4), (2, 8), (4, 5), (3, 7), (2, 5), (4, 8), (8, 9), (1, 3), (1, 6), (1, 9), (0, 7), (6, 8), (5, 6), (5, 9), (2, 4), (3, 9), (7, 9), (0, 3), (0, 6), (1, 5), (0, 9), (6, 7)]","[1.0, 1.0, 1.0, 1.0, 1.0, 1.0, 1.0, 1.0, 1.0, 1.0, 1.0, 1.0, 1.0, 1.0, 1.0, 1.0, 1.0, 1.0, 1.0, 1.0, 1.0, 1.0, 1.0, 1.0, 1.0, 1.0, 1.0, 1.0, 1.0, 1.0]"
7b3ebbe8,11,25,1,5.0,False,False,"[1, 1, 1]",11.640646219934219,,,,,,,,,,,6.998668001918732,,0.6012267592097891,,,,1.6267611980438232,1.6267611980438232,False,,0.0,0.0,,,1.636232614517212,2026-07-21 08:47:04,x86_64,dacsgpu0002,,64,64,3.11.15,0.2,False,False,adam,True,1,20,hamqaoa,0.01,False,False,hog,False,True,False,False,False,False,False,1,HOG_graphs/random_graphs_8to14vertices_78instances_20260625_143415_AdjacencyList.txt,False,0,32,1,5,1,,35,"[(2, 3), (2, 6), (4, 9), (0, 5), (0, 2), (0, 8), (1, 7), (5, 7), (4, 5), (2, 5), (0, 1), (1, 6), (0, 7), (6, 8), (5, 6), (5, 9), (2, 4), (3, 9), (2, 7), (4, 10), (7, 9), (0, 3), (0, 6), (5, 8), (6, 7)]","[1.0, 1.0, 1.0, 1.0, 1.0, 1.0, 1.0, 1.0, 1.0, 1.0, 1.0, 1.0, 1.0, 1.0, 1.0, 1.0, 1.0, 1.0, 1.0, 1.0, 1.0, 1.0, 1.0, 1.0, 1.0]"
7ef2ce81,11,22,1,5.0,False,False,"[1, 1, 1]",11.845835456182591,,,,,,,,,,,6.1663526682393055,,0.520550255070524,,,,1.547163963317871,1.547163963317871,False,,0.0,0.0,,,1.5571982860565186,2026-07-21 08:47:04,x86_64,dacsgpu0002,,64,64,3.11.15,0.2,False,False,adam,True,1,20,hamqaoa,0.01,False,False,hog,False,True,False,False,False,False,False,1,HOG_graphs/random_graphs_8to14vertices_78instances_20260625_143415_AdjacencyList.txt,False,0,32,1,5,1,,37,"[(2, 3), (0, 5), (8, 10), (1, 10), (6, 9), (3, 4), (2, 8), (4, 5), (2, 5), (4, 8), (7, 10), (1, 3), (9, 10), (1, 6), (0, 4), (0, 7), (6, 8), (3, 9), (2, 7), (7, 9), (0, 6), (1, 5)]","[1.0, 1.0, 1.0, 1.0, 1.0, 1.0, 1.0, 1.0, 1.0, 1.0, 1.0, 1.0, 1.0, 1.0, 1.0, 1.0, 1.0, 1.0, 1.0, 1.0, 1.0, 1.0]"
f6ea145c,11,34,1,5.0,False,False,"[1, 1, 1]",14.24851682406329,,,,,,,,,,,9.512542170243401,,0.6676163061532382,,,,2.0717992782592773,2.0717992782592773,False,,0.0,0.0,,,2.079845428466797,2026-07-21 08:47:05,x86_64,dacsgpu0002,,64,64,3.11.15,0.21,False,False,adam,True,1,20,hamqaoa,0.01,False,False,hog,False,True,False,False,False,False,False,1,HOG_graphs/random_graphs_8to14vertices_78instances_20260625_143415_AdjacencyList.txt,False,0,32,1,5,1,,36,"[(2, 3), (4, 6), (8, 10), (1, 4), (1, 10), (1, 7), (5, 10), (5, 7), (3, 4), (2, 8), (3, 7), (2, 5), (4, 8), (7, 10), (8, 9), (1, 3), (9, 10), (1, 6), (0, 4), (0, 10), (1, 9), (0, 7), (6, 8), (5, 9), (2, 4), (3, 9), (2, 7), (4, 10), (4, 7), (1, 2), (1, 8), (6, 10), (5, 8), (6, 7)]","[1.0, 1.0, 1.0, 1.0, 1.0, 1.0, 1.0, 1.0, 1.0, 1.0, 1.0, 1.0, 1.0, 1.0, 1.0, 1.0, 1.0, 1.0, 1.0, 1.0, 1.0, 1.0, 1.0, 1.0, 1.0, 1.0, 1.0, 1.0, 1.0, 1.0, 1.0, 1.0, 1.0, 1.0]"
ded16cd3,11,14,1,25.0,False,False,"[1, 1, 1]",7.910386739873229,,,,,,,,,,,3.9990146802503377,,0.5055397178108672,,,,2.2459683418273926,2.2459683418273926,False,,0.0,0.0,,,2.254316806793213,2026-07-21 08:47:05,x86_64,dacsgpu0002,,64,64,3.11.15,0.2,False,False,adam,True,1,20,hamqaoa,0.01,False,False,hog,False,True,False,False,False,False,False,1,HOG_graphs/random_graphs_8to14vertices_78instances_20260625_143415_AdjacencyList.txt,False,0,32,1,5,1,,34,"[(3, 9), (0, 4), (0, 10), (1, 9), (2, 9), (7, 8), (5, 9), (0, 9), (7, 10), (4, 8), (6, 10), (1, 10), (0, 8), (6, 7)]","[1.0, 1.0, 1.0, 1.0, 1.0, 1.0, 1.0, 1.0, 1.0, 1.0, 1.0, 1.0, 1.0, 1.0]"
1b9ef436,11,34,1,10.0,False,False,"[1, 1, 1]",14.24851682406329,,,,,,,,,,,9.866138630268585,,0.6924326757720058,,,,2.3581130504608154,2.3581130504608154,False,,0.0,0.0,,,2.3663477897644043,2026-07-21 08:47:05,x86_64,dacsgpu0002,,64,64,3.11.15,0.21,False,False,adam,True,1,20,hamqaoa,0.01,False,False,hog,False,True,False,False,False,False,False,1,HOG_graphs/random_graphs_8to14vertices_78instances_20260625_143415_AdjacencyList.txt,False,0,32,1,5,1,,36,"[(2, 3), (4, 6), (8, 10), (1, 4), (1, 10), (1, 7), (5, 10), (5, 7), (3, 4), (2, 8), (3, 7), (2, 5), (4, 8), (7, 10), (8, 9), (1, 3), (9, 10), (1, 6), (0, 4), (0, 10), (1, 9), (0, 7), (6, 8), (5, 9), (2, 4), (3, 9), (2, 7), (4, 10), (4, 7), (1, 2), (1, 8), (6, 10), (5, 8), (6, 7)]","[1.0, 1.0, 1.0, 1.0, 1.0, 1.0, 1.0, 1.0, 1.0, 1.0, 1.0, 1.0, 1.0, 1.0, 1.0, 1.0, 1.0, 1.0, 1.0, 1.0, 1.0, 1.0, 1.0, 1.0, 1.0, 1.0, 1.0, 1.0, 1.0, 1.0, 1.0, 1.0, 1.0, 1.0]"
0170e281,11,22,1,10.0,False,False,"[1, 1, 1]",11.845835456182591,,,,,,,,,,,7.574011358450405,,0.6393817799062343,,,,1.9501187801361084,1.9501187801361084,False,,0.0,0.0,,,1.9618110656738281,2026-07-21 08:47:05,x86_64,dacsgpu0002,,64,64,3.11.15,0.21,False,False,adam,True,1,20,hamqaoa,0.01,False,False,hog,False,True,False,False,False,False,False,1,HOG_graphs/random_graphs_8to14vertices_78instances_20260625_143415_AdjacencyList.txt,False,0,32,1,5,1,,37,"[(2, 3), (0, 5), (8, 10), (1, 10), (6, 9), (3, 4), (2, 8), (4, 5), (2, 5), (4, 8), (7, 10), (1, 3), (9, 10), (1, 6), (0, 4), (0, 7), (6, 8), (3, 9), (2, 7), (7, 9), (0, 6), (1, 5)]","[1.0, 1.0, 1.0, 1.0, 1.0, 1.0, 1.0, 1.0, 1.0, 1.0, 1.0, 1.0, 1.0, 1.0, 1.0, 1.0, 1.0, 1.0, 1.0, 1.0, 1.0, 1.0]"
266c00f6,11,25,1,25.0,False,False,"[1, 1, 1]",11.640646219934219,,,,,,,,,,,9.59333817503418,,0.8241241932605002,,,,2.86948561668396,2.86948561668396,False,,0.0,0.0,,,2.8771626949310303,2026-07-21 08:47:05,x86_64,dacsgpu0002,,64,64,3.11.15,0.21,False,False,adam,True,1,20,hamqaoa,0.01,False,False,hog,False,True,False,False,False,False,False,1,HOG_graphs/random_graphs_8to14vertices_78instances_20260625_143415_AdjacencyList.txt,False,0,32,1,5,1,,35,"[(2, 3), (2, 6), (4, 9), (0, 5), (0, 2), (0, 8), (1, 7), (5, 7), (4, 5), (2, 5), (0, 1), (1, 6), (0, 7), (6, 8), (5, 6), (5, 9), (2, 4), (3, 9), (2, 7), (4, 10), (7, 9), (0, 3), (0, 6), (5, 8), (6, 7)]","[1.0, 1.0, 1.0, 1.0, 1.0, 1.0, 1.0, 1.0, 1.0, 1.0, 1.0, 1.0, 1.0, 1.0, 1.0, 1.0, 1.0, 1.0, 1.0, 1.0, 1.0, 1.0, 1.0, 1.0, 1.0]"
ac6c4687,11,18,1,5.0,False,False,"[1, 1, 1]",9.429890288066767,,,,,,,,,,,5.336738944740092,,0.5659386039192384,,,,1.4101953506469727,1.4101953506469727,False,,0.0,0.0,,,1.4255259037017822,2026-07-21 08:47:05,x86_64,dacsgpu0002,,64,64,3.11.15,0.2,False,False,adam,True,1,20,hamqaoa,0.01,False,False,hog,False,True,False,False,False,False,False,1,HOG_graphs/random_graphs_8to14vertices_78instances_20260625_143415_AdjacencyList.txt,False,0,32,1,5,1,,38,"[(3, 9), (1, 3), (0, 1), (9, 10), (1, 6), (0, 4), (5, 8), (1, 10), (7, 9), (0, 3), (0, 6), (4, 5), (3, 7), (0, 5), (1, 4), (0, 2), (0, 8), (1, 7)]","[1.0, 1.0, 1.0, 1.0, 1.0, 1.0, 1.0, 1.0, 1.0, 1.0, 1.0, 1.0, 1.0, 1.0, 1.0, 1.0, 1.0, 1.0]"
50d55cea,11,34,1,25.0,False,False,"[1, 1, 1]",14.24851682406329,,,,,,,,,,,9.993258558601823,,0.7013543010824068,,,,3.2502169609069824,3.2502169609069824,False,,0.0,0.0,,,3.2567665576934814,2026-07-21 08:47:06,x86_64,dacsgpu0002,,64,64,3.11.15,0.21,False,False,adam,True,1,20,hamqaoa,0.01,False,False,hog,False,True,False,False,False,False,False,1,HOG_graphs/random_graphs_8to14vertices_78instances_20260625_143415_AdjacencyList.txt,False,0,32,1,5,1,,36,"[(2, 3), (4, 6), (8, 10), (1, 4), (1, 10), (1, 7), (5, 10), (5, 7), (3, 4), (2, 8), (3, 7), (2, 5), (4, 8), (7, 10), (8, 9), (1, 3), (9, 10), (1, 6), (0, 4), (0, 10), (1, 9), (0, 7), (6, 8), (5, 9), (2, 4), (3, 9), (2, 7), (4, 10), (4, 7), (1, 2), (1, 8), (6, 10), (5, 8), (6, 7)]","[1.0, 1.0, 1.0, 1.0, 1.0, 1.0, 1.0, 1.0, 1.0, 1.0, 1.0, 1.0, 1.0, 1.0, 1.0, 1.0, 1.0, 1.0, 1.0, 1.0, 1.0, 1.0, 1.0, 1.0, 1.0, 1.0, 1.0, 1.0, 1.0, 1.0, 1.0, 1.0, 1.0, 1.0]"
02b91ed3,11,14,1,50.0,False,False,"[1, 1, 1]",7.910386739873229,,,,,,,,,,,4.057023315483249,,0.5128729414749533,,,,3.314530849456787,3.314530849456787,False,,0.0,0.0,,,3.3227272033691406,2026-07-21 08:47:06,x86_64,dacsgpu0002,,64,64,3.11.15,0.2,False,False,adam,True,1,20,hamqaoa,0.01,False,False,hog,False,True,False,False,False,False,False,1,HOG_graphs/random_graphs_8to14vertices_78instances_20260625_143415_AdjacencyList.txt,False,0,32,1,5,1,,34,"[(3, 9), (0, 4), (0, 10), (1, 9), (2, 9), (7, 8), (5, 9), (0, 9), (7, 10), (4, 8), (6, 10), (1, 10), (0, 8), (6, 7)]","[1.0, 1.0, 1.0, 1.0, 1.0, 1.0, 1.0, 1.0, 1.0, 1.0, 1.0, 1.0, 1.0, 1.0]"
328fd1ee,11,18,1,10.0,False,False,"[1, 1, 1]",9.429890288066767,,,,,,,,,,,4.992001059381725,,0.5293806085632774,,,,1.671048641204834,1.671048641204834,False,,0.0,0.0,,,1.6818153858184814,2026-07-21 08:47:06,x86_64,dacsgpu0002,,64,64,3.11.15,0.2,False,False,adam,True,1,20,hamqaoa,0.01,False,False,hog,False,True,False,False,False,False,False,1,HOG_graphs/random_graphs_8to14vertices_78instances_20260625_143415_AdjacencyList.txt,False,0,32,1,5,1,,38,"[(3, 9), (1, 3), (0, 1), (9, 10), (1, 6), (0, 4), (5, 8), (1, 10), (7, 9), (0, 3), (0, 6), (4, 5), (3, 7), (0, 5), (1, 4), (0, 2), (0, 8), (1, 7)]","[1.0, 1.0, 1.0, 1.0, 1.0, 1.0, 1.0, 1.0, 1.0, 1.0, 1.0, 1.0, 1.0, 1.0, 1.0, 1.0, 1.0, 1.0]"
45619883,11,22,1,25.0,False,False,"[1, 1, 1]",11.845835456182591,,,,,,,,,,,7.606784051035868,,0.6421483802618352,,,,2.714395046234131,2.714395046234131,False,,0.0,0.0,,,2.723813056945801,2026-07-21 08:47:06,x86_64,dacsgpu0002,,64,64,3.11.15,0.2,False,False,adam,True,1,20,hamqaoa,0.01,False,False,hog,False,True,False,False,False,False,False,1,HOG_graphs/random_graphs_8to14vertices_78instances_20260625_143415_AdjacencyList.txt,False,0,32,1,5,1,,37,"[(2, 3), (0, 5), (8, 10), (1, 10), (6, 9), (3, 4), (2, 8), (4, 5), (2, 5), (4, 8), (7, 10), (1, 3), (9, 10), (1, 6), (0, 4), (0, 7), (6, 8), (3, 9), (2, 7), (7, 9), (0, 6), (1, 5)]","[1.0, 1.0, 1.0, 1.0, 1.0, 1.0, 1.0, 1.0, 1.0, 1.0, 1.0, 1.0, 1.0, 1.0, 1.0, 1.0, 1.0, 1.0, 1.0, 1.0, 1.0, 1.0]"
48184ec4,11,25,1,10.0,False,False,"[1, 1, 1]",11.640646219934219,,,,,,,,,,,6.965390221855145,,0.5983680021068888,,,,1.9512362480163574,1.9512362480163574,False,,0.0,0.0,,,1.9595601558685303,2026-07-21 08:47:07,x86_64,dacsgpu0002,,64,64,3.11.15,0.2,False,False,adam,True,1,20,hamqaoa,0.01,False,False,hog,False,True,False,False,False,False,False,1,HOG_graphs/random_graphs_8to14vertices_78instances_20260625_143415_AdjacencyList.txt,False,0,32,1,5,1,,35,"[(2, 3), (2, 6), (4, 9), (0, 5), (0, 2), (0, 8), (1, 7), (5, 7), (4, 5), (2, 5), (0, 1), (1, 6), (0, 7), (6, 8), (5, 6), (5, 9), (2, 4), (3, 9), (2, 7), (4, 10), (7, 9), (0, 3), (0, 6), (5, 8), (6, 7)]","[1.0, 1.0, 1.0, 1.0, 1.0, 1.0, 1.0, 1.0, 1.0, 1.0, 1.0, 1.0, 1.0, 1.0, 1.0, 1.0, 1.0, 1.0, 1.0, 1.0, 1.0, 1.0, 1.0, 1.0, 1.0]"
7e0daaea,11,25,2,5.0,False,False,"[1, 1, 1]",11.640646219934219,,,,,,,,,,,7.3634855764433995,,0.63256673532726,,,,4.226789236068726,4.226789236068726,False,,0.0,0.0,,,4.235976457595825,2026-07-21 08:47:07,x86_64,dacsgpu0002,,64,64,3.11.15,0.21,False,False,adam,True,1,20,hamqaoa,0.01,False,False,hog,False,True,False,False,False,False,False,1,HOG_graphs/random_graphs_8to14vertices_78instances_20260625_143415_AdjacencyList.txt,False,0,32,1,5,1,,35,"[(2, 3), (2, 6), (4, 9), (0, 5), (0, 2), (0, 8), (1, 7), (5, 7), (4, 5), (2, 5), (0, 1), (1, 6), (0, 7), (6, 8), (5, 6), (5, 9), (2, 4), (3, 9), (2, 7), (4, 10), (7, 9), (0, 3), (0, 6), (5, 8), (6, 7)]","[1.0, 1.0, 1.0, 1.0, 1.0, 1.0, 1.0, 1.0, 1.0, 1.0, 1.0, 1.0, 1.0, 1.0, 1.0, 1.0, 1.0, 1.0, 1.0, 1.0, 1.0, 1.0, 1.0, 1.0, 1.0]"
4013220c,11,25,1,50.0,False,False,"[1, 1, 1]",11.640646219934219,,,,,,,,,,,8.282362639855581,,0.7115036814427288,,,,4.235628604888916,4.235628604888916,False,,0.0,0.0,,,4.242560148239136,2026-07-21 08:47:07,x86_64,dacsgpu0002,,64,64,3.11.15,0.2,False,False,adam,True,1,20,hamqaoa,0.01,False,False,hog,False,True,False,False,False,False,False,1,HOG_graphs/random_graphs_8to14vertices_78instances_20260625_143415_AdjacencyList.txt,False,0,32,1,5,1,,35,"[(2, 3), (2, 6), (4, 9), (0, 5), (0, 2), (0, 8), (1, 7), (5, 7), (4, 5), (2, 5), (0, 1), (1, 6), (0, 7), (6, 8), (5, 6), (5, 9), (2, 4), (3, 9), (2, 7), (4, 10), (7, 9), (0, 3), (0, 6), (5, 8), (6, 7)]","[1.0, 1.0, 1.0, 1.0, 1.0, 1.0, 1.0, 1.0, 1.0, 1.0, 1.0, 1.0, 1.0, 1.0, 1.0, 1.0, 1.0, 1.0, 1.0, 1.0, 1.0, 1.0, 1.0, 1.0, 1.0]"
504232ee,11,22,2,5.0,False,False,"[1, 1, 1]",11.845835456182591,,,,,,,,,,,5.955735214051161,,0.5027703817161108,,,,3.9650466442108154,3.9650466442108154,False,,0.0,0.0,,,3.973926067352295,2026-07-21 08:47:07,x86_64,dacsgpu0002,,64,64,3.11.15,0.21,False,False,adam,True,1,20,hamqaoa,0.01,False,False,hog,False,True,False,False,False,False,False,1,HOG_graphs/random_graphs_8to14vertices_78instances_20260625_143415_AdjacencyList.txt,False,0,32,1,5,1,,37,"[(2, 3), (0, 5), (8, 10), (1, 10), (6, 9), (3, 4), (2, 8), (4, 5), (2, 5), (4, 8), (7, 10), (1, 3), (9, 10), (1, 6), (0, 4), (0, 7), (6, 8), (3, 9), (2, 7), (7, 9), (0, 6), (1, 5)]","[1.0, 1.0, 1.0, 1.0, 1.0, 1.0, 1.0, 1.0, 1.0, 1.0, 1.0, 1.0, 1.0, 1.0, 1.0, 1.0, 1.0, 1.0, 1.0, 1.0, 1.0, 1.0]"
4344f4f6,11,34,1,50.0,False,False,"[1, 1, 1]",14.24851682406329,,,,,,,,,,,9.999833726427434,,0.7018157643986803,,,,4.937805891036987,4.937805891036987,False,,0.0,0.0,,,4.946828365325928,2026-07-21 08:47:07,x86_64,dacsgpu0002,,64,64,3.11.15,0.21,False,False,adam,True,1,20,hamqaoa,0.01,False,False,hog,False,True,False,False,False,False,False,1,HOG_graphs/random_graphs_8to14vertices_78instances_20260625_143415_AdjacencyList.txt,False,0,32,1,5,1,,36,"[(2, 3), (4, 6), (8, 10), (1, 4), (1, 10), (1, 7), (5, 10), (5, 7), (3, 4), (2, 8), (3, 7), (2, 5), (4, 8), (7, 10), (8, 9), (1, 3), (9, 10), (1, 6), (0, 4), (0, 10), (1, 9), (0, 7), (6, 8), (5, 9), (2, 4), (3, 9), (2, 7), (4, 10), (4, 7), (1, 2), (1, 8), (6, 10), (5, 8), (6, 7)]","[1.0, 1.0, 1.0, 1.0, 1.0, 1.0, 1.0, 1.0, 1.0, 1.0, 1.0, 1.0, 1.0, 1.0, 1.0, 1.0, 1.0, 1.0, 1.0, 1.0, 1.0, 1.0, 1.0, 1.0, 1.0, 1.0, 1.0, 1.0, 1.0, 1.0, 1.0, 1.0, 1.0, 1.0]"
226299b3,11,34,2,5.0,False,False,"[1, 1, 1]",14.24851682406329,,,,,,,,,,,9.856278706208103,,0.6917406792517904,,,,4.984069585800171,4.984069585800171,False,,0.0,0.0,,,4.992458343505859,2026-07-21 08:47:07,x86_64,dacsgpu0002,,64,64,3.11.15,0.21,False,False,adam,True,1,20,hamqaoa,0.01,False,False,hog,False,True,False,False,False,False,False,1,HOG_graphs/random_graphs_8to14vertices_78instances_20260625_143415_AdjacencyList.txt,False,0,32,1,5,1,,36,"[(2, 3), (4, 6), (8, 10), (1, 4), (1, 10), (1, 7), (5, 10), (5, 7), (3, 4), (2, 8), (3, 7), (2, 5), (4, 8), (7, 10), (8, 9), (1, 3), (9, 10), (1, 6), (0, 4), (0, 10), (1, 9), (0, 7), (6, 8), (5, 9), (2, 4), (3, 9), (2, 7), (4, 10), (4, 7), (1, 2), (1, 8), (6, 10), (5, 8), (6, 7)]","[1.0, 1.0, 1.0, 1.0, 1.0, 1.0, 1.0, 1.0, 1.0, 1.0, 1.0, 1.0, 1.0, 1.0, 1.0, 1.0, 1.0, 1.0, 1.0, 1.0, 1.0, 1.0, 1.0, 1.0, 1.0, 1.0, 1.0, 1.0, 1.0, 1.0, 1.0, 1.0, 1.0, 1.0]"
251d3b58,11,25,2,10.0,False,False,"[1, 1, 1]",11.640646219934219,,,,,,,,,,,7.963156090115397,,0.684081960714411,,,,4.988029479980469,4.988029479980469,False,,0.0,0.0,,,4.996440172195435,2026-07-21 08:47:07,x86_64,dacsgpu0002,,64,64,3.11.15,0.21,False,False,adam,True,1,20,hamqaoa,0.01,False,False,hog,False,True,False,False,False,False,False,1,HOG_graphs/random_graphs_8to14vertices_78instances_20260625_143415_AdjacencyList.txt,False,0,32,1,5,1,,35,"[(2, 3), (2, 6), (4, 9), (0, 5), (0, 2), (0, 8), (1, 7), (5, 7), (4, 5), (2, 5), (0, 1), (1, 6), (0, 7), (6, 8), (5, 6), (5, 9), (2, 4), (3, 9), (2, 7), (4, 10), (7, 9), (0, 3), (0, 6), (5, 8), (6, 7)]","[1.0, 1.0, 1.0, 1.0, 1.0, 1.0, 1.0, 1.0, 1.0, 1.0, 1.0, 1.0, 1.0, 1.0, 1.0, 1.0, 1.0, 1.0, 1.0, 1.0, 1.0, 1.0, 1.0, 1.0, 1.0]"
8fc1b63d,11,22,2,10.0,False,False,"[1, 1, 1]",11.845835456182591,,,,,,,,,,,6.867037132240536,,0.579700533376604,,,,4.696833610534668,4.696833610534668,False,,0.0,0.0,,,4.705748796463013,2026-07-21 08:47:08,x86_64,dacsgpu0002,,64,64,3.11.15,0.21,False,False,adam,True,1,20,hamqaoa,0.01,False,False,hog,False,True,False,False,False,False,False,1,HOG_graphs/random_graphs_8to14vertices_78instances_20260625_143415_AdjacencyList.txt,False,0,32,1,5,1,,37,"[(2, 3), (0, 5), (8, 10), (1, 10), (6, 9), (3, 4), (2, 8), (4, 5), (2, 5), (4, 8), (7, 10), (1, 3), (9, 10), (1, 6), (0, 4), (0, 7), (6, 8), (3, 9), (2, 7), (7, 9), (0, 6), (1, 5)]","[1.0, 1.0, 1.0, 1.0, 1.0, 1.0, 1.0, 1.0, 1.0, 1.0, 1.0, 1.0, 1.0, 1.0, 1.0, 1.0, 1.0, 1.0, 1.0, 1.0, 1.0, 1.0]"
9cf3f132,11,18,2,5.0,False,False,"[1, 1, 1]",9.429890288066767,,,,,,,,,,,6.039418331608821,,0.6404547823055287,,,,3.5970709323883057,3.5970709323883057,False,,0.0,0.0,,,3.6060121059417725,2026-07-21 08:47:08,x86_64,dacsgpu0002,,64,64,3.11.15,0.2,False,False,adam,True,1,20,hamqaoa,0.01,False,False,hog,False,True,False,False,False,False,False,1,HOG_graphs/random_graphs_8to14vertices_78instances_20260625_143415_AdjacencyList.txt,False,0,32,1,5,1,,38,"[(3, 9), (1, 3), (0, 1), (9, 10), (1, 6), (0, 4), (5, 8), (1, 10), (7, 9), (0, 3), (0, 6), (4, 5), (3, 7), (0, 5), (1, 4), (0, 2), (0, 8), (1, 7)]","[1.0, 1.0, 1.0, 1.0, 1.0, 1.0, 1.0, 1.0, 1.0, 1.0, 1.0, 1.0, 1.0, 1.0, 1.0, 1.0, 1.0, 1.0]"
cc7b12e4,11,22,1,50.0,False,False,"[1, 1, 1]",11.845835456182591,,,,,,,,,,,6.785347952002491,,0.5728045081413886,,,,3.9846479892730713,3.9846479892730713,False,,0.0,0.0,,,3.994008779525757,2026-07-21 08:47:08,x86_64,dacsgpu0002,,64,64,3.11.15,0.2,False,False,adam,True,1,20,hamqaoa,0.01,False,False,hog,False,True,False,False,False,False,False,1,HOG_graphs/random_graphs_8to14vertices_78instances_20260625_143415_AdjacencyList.txt,False,0,32,1,5,1,,37,"[(2, 3), (0, 5), (8, 10), (1, 10), (6, 9), (3, 4), (2, 8), (4, 5), (2, 5), (4, 8), (7, 10), (1, 3), (9, 10), (1, 6), (0, 4), (0, 7), (6, 8), (3, 9), (2, 7), (7, 9), (0, 6), (1, 5)]","[1.0, 1.0, 1.0, 1.0, 1.0, 1.0, 1.0, 1.0, 1.0, 1.0, 1.0, 1.0, 1.0, 1.0, 1.0, 1.0, 1.0, 1.0, 1.0, 1.0, 1.0, 1.0]"
ea7c1bbb,11,34,2,10.0,False,False,"[1, 1, 1]",14.24851682406329,,,,,,,,,,,8.58165526702901,,0.6022841094966511,,,,5.889074802398682,5.889074802398682,False,,0.0,0.0,,,5.8968799114227295,2026-07-21 08:47:08,x86_64,dacsgpu0002,,64,64,3.11.15,0.21,False,False,adam,True,1,20,hamqaoa,0.01,False,False,hog,False,True,False,False,False,False,False,1,HOG_graphs/random_graphs_8to14vertices_78instances_20260625_143415_AdjacencyList.txt,False,0,32,1,5,1,,36,"[(2, 3), (4, 6), (8, 10), (1, 4), (1, 10), (1, 7), (5, 10), (5, 7), (3, 4), (2, 8), (3, 7), (2, 5), (4, 8), (7, 10), (8, 9), (1, 3), (9, 10), (1, 6), (0, 4), (0, 10), (1, 9), (0, 7), (6, 8), (5, 9), (2, 4), (3, 9), (2, 7), (4, 10), (4, 7), (1, 2), (1, 8), (6, 10), (5, 8), (6, 7)]","[1.0, 1.0, 1.0, 1.0, 1.0, 1.0, 1.0, 1.0, 1.0, 1.0, 1.0, 1.0, 1.0, 1.0, 1.0, 1.0, 1.0, 1.0, 1.0, 1.0, 1.0, 1.0, 1.0, 1.0, 1.0, 1.0, 1.0, 1.0, 1.0, 1.0, 1.0, 1.0, 1.0, 1.0]"
f9c68a05,11,18,2,10.0,False,False,"[1, 1, 1]",9.429890288066767,,,,,,,,,,,5.865734781769762,,0.6220363760957713,,,,4.023181200027466,4.023181200027466,False,,0.0,0.0,,,4.033475875854492,2026-07-21 08:47:09,x86_64,dacsgpu0002,,64,64,3.11.15,0.2,False,False,adam,True,1,20,hamqaoa,0.01,False,False,hog,False,True,False,False,False,False,False,1,HOG_graphs/random_graphs_8to14vertices_78instances_20260625_143415_AdjacencyList.txt,False,0,32,1,5,1,,38,"[(3, 9), (1, 3), (0, 1), (9, 10), (1, 6), (0, 4), (5, 8), (1, 10), (7, 9), (0, 3), (0, 6), (4, 5), (3, 7), (0, 5), (1, 4), (0, 2), (0, 8), (1, 7)]","[1.0, 1.0, 1.0, 1.0, 1.0, 1.0, 1.0, 1.0, 1.0, 1.0, 1.0, 1.0, 1.0, 1.0, 1.0, 1.0, 1.0, 1.0]"
1f86e817,11,25,2,25.0,False,False,"[1, 1, 1]",11.640646219934219,,,,,,,,,,,8.050989065017323,,0.6916273300386255,,,,6.93551230430603,6.93551230430603,False,,0.0,0.0,,,6.943938493728638,2026-07-21 08:47:09,x86_64,dacsgpu0002,,64,64,3.11.15,0.21,False,False,adam,True,1,20,hamqaoa,0.01,False,False,hog,False,True,False,False,False,False,False,1,HOG_graphs/random_graphs_8to14vertices_78instances_20260625_143415_AdjacencyList.txt,False,0,32,1,5,1,,35,"[(2, 3), (2, 6), (4, 9), (0, 5), (0, 2), (0, 8), (1, 7), (5, 7), (4, 5), (2, 5), (0, 1), (1, 6), (0, 7), (6, 8), (5, 6), (5, 9), (2, 4), (3, 9), (2, 7), (4, 10), (7, 9), (0, 3), (0, 6), (5, 8), (6, 7)]","[1.0, 1.0, 1.0, 1.0, 1.0, 1.0, 1.0, 1.0, 1.0, 1.0, 1.0, 1.0, 1.0, 1.0, 1.0, 1.0, 1.0, 1.0, 1.0, 1.0, 1.0, 1.0, 1.0, 1.0, 1.0]"
5067f020,11,22,2,25.0,False,False,"[1, 1, 1]",11.845835456182591,,,,,,,,,,,7.296739724252428,,0.6159751037605462,,,,6.156905651092529,6.156905651092529,False,,0.0,0.0,,,6.1652305126190186,2026-07-21 08:47:10,x86_64,dacsgpu0002,,64,64,3.11.15,0.21,False,False,adam,True,1,20,hamqaoa,0.01,False,False,hog,False,True,False,False,False,False,False,1,HOG_graphs/random_graphs_8to14vertices_78instances_20260625_143415_AdjacencyList.txt,False,0,32,1,5,1,,37,"[(2, 3), (0, 5), (8, 10), (1, 10), (6, 9), (3, 4), (2, 8), (4, 5), (2, 5), (4, 8), (7, 10), (1, 3), (9, 10), (1, 6), (0, 4), (0, 7), (6, 8), (3, 9), (2, 7), (7, 9), (0, 6), (1, 5)]","[1.0, 1.0, 1.0, 1.0, 1.0, 1.0, 1.0, 1.0, 1.0, 1.0, 1.0, 1.0, 1.0, 1.0, 1.0, 1.0, 1.0, 1.0, 1.0, 1.0, 1.0, 1.0]"
76502e7c,11,34,2,25.0,False,False,"[1, 1, 1]",14.24851682406329,,,,,,,,,,,10.759445274991776,,0.7551273867902467,,,,7.881275177001953,7.881275177001953,False,,0.0,0.0,,,7.889888763427734,2026-07-21 08:47:10,x86_64,dacsgpu0002,,64,64,3.11.15,0.21,False,False,adam,True,1,20,hamqaoa,0.01,False,False,hog,False,True,False,False,False,False,False,1,HOG_graphs/random_graphs_8to14vertices_78instances_20260625_143415_AdjacencyList.txt,False,0,32,1,5,1,,36,"[(2, 3), (4, 6), (8, 10), (1, 4), (1, 10), (1, 7), (5, 10), (5, 7), (3, 4), (2, 8), (3, 7), (2, 5), (4, 8), (7, 10), (8, 9), (1, 3), (9, 10), (1, 6), (0, 4), (0, 10), (1, 9), (0, 7), (6, 8), (5, 9), (2, 4), (3, 9), (2, 7), (4, 10), (4, 7), (1, 2), (1, 8), (6, 10), (5, 8), (6, 7)]","[1.0, 1.0, 1.0, 1.0, 1.0, 1.0, 1.0, 1.0, 1.0, 1.0, 1.0, 1.0, 1.0, 1.0, 1.0, 1.0, 1.0, 1.0, 1.0, 1.0, 1.0, 1.0, 1.0, 1.0, 1.0, 1.0, 1.0, 1.0, 1.0, 1.0, 1.0, 1.0, 1.0, 1.0]"
b8e01914,11,14,2,25.0,False,False,"[1, 1, 1]",7.910386739873229,,,,,,,,,,,4.92576202981706,,0.6226954751767294,,,,4.993948936462402,4.993948936462402,False,,0.0,0.0,,,5.000298261642456,2026-07-21 08:47:10,x86_64,dacsgpu0002,,64,64,3.11.15,0.21,False,False,adam,True,1,20,hamqaoa,0.01,False,False,hog,False,True,False,False,False,False,False,1,HOG_graphs/random_graphs_8to14vertices_78instances_20260625_143415_AdjacencyList.txt,False,0,32,1,5,1,,34,"[(3, 9), (0, 4), (0, 10), (1, 9), (2, 9), (7, 8), (5, 9), (0, 9), (7, 10), (4, 8), (6, 10), (1, 10), (0, 8), (6, 7)]","[1.0, 1.0, 1.0, 1.0, 1.0, 1.0, 1.0, 1.0, 1.0, 1.0, 1.0, 1.0, 1.0, 1.0]"
11d3539c,11,14,2,50.0,False,False,"[1, 1, 1]",7.910386739873229,,,,,,,,,,,4.7641524781633136,,0.6022654308605477,,,,8.029138088226318,8.029138088226318,False,,0.0,0.0,,,8.037641763687134,2026-07-21 08:47:10,x86_64,dacsgpu0002,,64,64,3.11.15,0.21,False,False,adam,True,1,20,hamqaoa,0.01,False,False,hog,False,True,False,False,False,False,False,1,HOG_graphs/random_graphs_8to14vertices_78instances_20260625_143415_AdjacencyList.txt,False,0,32,1,5,1,,34,"[(3, 9), (0, 4), (0, 10), (1, 9), (2, 9), (7, 8), (5, 9), (0, 9), (7, 10), (4, 8), (6, 10), (1, 10), (0, 8), (6, 7)]","[1.0, 1.0, 1.0, 1.0, 1.0, 1.0, 1.0, 1.0, 1.0, 1.0, 1.0, 1.0, 1.0, 1.0]"
a831168f,11,25,2,50.0,False,False,"[1, 1, 1]",11.640646219934219,,,,,,,,,,,7.608539230806003,,0.6536182860515625,,,,10.332592964172363,10.332592964172363,False,,0.0,0.0,,,10.341193675994873,2026-07-21 08:47:13,x86_64,dacsgpu0002,,64,64,3.11.15,0.22,False,False,adam,True,1,20,hamqaoa,0.01,False,False,hog,False,True,False,False,False,False,False,1,HOG_graphs/random_graphs_8to14vertices_78instances_20260625_143415_AdjacencyList.txt,False,0,32,1,5,1,,35,"[(2, 3), (2, 6), (4, 9), (0, 5), (0, 2), (0, 8), (1, 7), (5, 7), (4, 5), (2, 5), (0, 1), (1, 6), (0, 7), (6, 8), (5, 6), (5, 9), (2, 4), (3, 9), (2, 7), (4, 10), (7, 9), (0, 3), (0, 6), (5, 8), (6, 7)]","[1.0, 1.0, 1.0, 1.0, 1.0, 1.0, 1.0, 1.0, 1.0, 1.0, 1.0, 1.0, 1.0, 1.0, 1.0, 1.0, 1.0, 1.0, 1.0, 1.0, 1.0, 1.0, 1.0, 1.0, 1.0]"
ca76b12a,11,24,1,5.0,False,False,"[1, 1, 1]",11.799588746433798,,,,,,,,,,,7.399578853440105,,0.6271048095363906,,,,1.5168366432189941,1.5168366432189941,False,,0.0,0.0,,,1.5240504741668701,2026-07-21 08:47:13,x86_64,dacsgpu0002,,64,64,3.11.15,0.21,False,False,adam,True,1,20,hamqaoa,0.01,False,False,hog,False,True,False,False,False,False,False,1,HOG_graphs/random_graphs_8to14vertices_78instances_20260625_143415_AdjacencyList.txt,False,0,32,1,5,1,,39,"[(2, 6), (4, 6), (4, 9), (0, 5), (1, 4), (0, 2), (0, 8), (1, 7), (5, 10), (6, 9), (4, 5), (4, 8), (7, 10), (8, 9), (0, 1), (1, 6), (0, 4), (2, 4), (2, 10), (4, 7), (0, 3), (1, 8), (1, 5), (6, 7)]","[1.0, 1.0, 1.0, 1.0, 1.0, 1.0, 1.0, 1.0, 1.0, 1.0, 1.0, 1.0, 1.0, 1.0, 1.0, 1.0, 1.0, 1.0, 1.0, 1.0, 1.0, 1.0, 1.0, 1.0]"
4f938665,11,18,1,25.0,False,False,"[1, 1, 1]",9.429890288066767,,,,,,,,,,,8.166348952695861,,0.86600678303014,,,,2.3336188793182373,2.3336188793182373,False,,0.0,0.0,,,2.3405065536499023,2026-07-21 08:47:14,x86_64,dacsgpu0002,,64,64,3.11.15,0.2,False,False,adam,True,1,20,hamqaoa,0.01,False,False,hog,False,True,False,False,False,False,False,1,HOG_graphs/random_graphs_8to14vertices_78instances_20260625_143415_AdjacencyList.txt,False,0,32,1,5,1,,38,"[(3, 9), (1, 3), (0, 1), (9, 10), (1, 6), (0, 4), (5, 8), (1, 10), (7, 9), (0, 3), (0, 6), (4, 5), (3, 7), (0, 5), (1, 4), (0, 2), (0, 8), (1, 7)]","[1.0, 1.0, 1.0, 1.0, 1.0, 1.0, 1.0, 1.0, 1.0, 1.0, 1.0, 1.0, 1.0, 1.0, 1.0, 1.0, 1.0, 1.0]"
e86e086c,11,22,2,50.0,False,False,"[1, 1, 1]",11.845835456182591,,,,,,,,,,,7.401023297934009,,0.624778499187346,,,,9.609939575195312,9.609939575195312,False,,0.0,0.0,,,9.621145725250244,2026-07-21 08:47:14,x86_64,dacsgpu0002,,64,64,3.11.15,0.21,False,False,adam,True,1,20,hamqaoa,0.01,False,False,hog,False,True,False,False,False,False,False,1,HOG_graphs/random_graphs_8to14vertices_78instances_20260625_143415_AdjacencyList.txt,False,0,32,1,5,1,,37,"[(2, 3), (0, 5), (8, 10), (1, 10), (6, 9), (3, 4), (2, 8), (4, 5), (2, 5), (4, 8), (7, 10), (1, 3), (9, 10), (1, 6), (0, 4), (0, 7), (6, 8), (3, 9), (2, 7), (7, 9), (0, 6), (1, 5)]","[1.0, 1.0, 1.0, 1.0, 1.0, 1.0, 1.0, 1.0, 1.0, 1.0, 1.0, 1.0, 1.0, 1.0, 1.0, 1.0, 1.0, 1.0, 1.0, 1.0, 1.0, 1.0]"
e939f68b,11,24,1,10.0,False,False,"[1, 1, 1]",11.799588746433798,,,,,,,,,,,5.999703994556872,,0.5084672121619636,,,,1.9164834022521973,1.9164834022521973,False,,0.0,0.0,,,1.926260232925415,2026-07-21 08:47:14,x86_64,dacsgpu0002,,64,64,3.11.15,0.21,False,False,adam,True,1,20,hamqaoa,0.01,False,False,hog,False,True,False,False,False,False,False,1,HOG_graphs/random_graphs_8to14vertices_78instances_20260625_143415_AdjacencyList.txt,False,0,32,1,5,1,,39,"[(2, 6), (4, 6), (4, 9), (0, 5), (1, 4), (0, 2), (0, 8), (1, 7), (5, 10), (6, 9), (4, 5), (4, 8), (7, 10), (8, 9), (0, 1), (1, 6), (0, 4), (2, 4), (2, 10), (4, 7), (0, 3), (1, 8), (1, 5), (6, 7)]","[1.0, 1.0, 1.0, 1.0, 1.0, 1.0, 1.0, 1.0, 1.0, 1.0, 1.0, 1.0, 1.0, 1.0, 1.0, 1.0, 1.0, 1.0, 1.0, 1.0, 1.0, 1.0, 1.0, 1.0]"
8e9c4876,11,22,1,5.0,False,False,"[1, 1, 1]",11.400436437426087,,,,,,,,,,,6.632547511934347,,0.581780140465552,,,,1.4788813591003418,1.4788813591003418,False,,0.0,0.0,,,1.4909090995788574,2026-07-21 08:47:14,x86_64,dacsgpu0002,,64,64,3.11.15,0.21,False,False,adam,True,1,20,hamqaoa,0.01,False,False,hog,False,True,False,False,False,False,False,1,HOG_graphs/random_graphs_8to14vertices_78instances_20260625_143415_AdjacencyList.txt,False,0,32,1,5,1,,40,"[(3, 5), (2, 9), (4, 6), (7, 8), (0, 5), (8, 10), (1, 10), (0, 8), (5, 7), (3, 4), (4, 5), (8, 9), (0, 1), (9, 10), (1, 6), (0, 10), (6, 8), (2, 4), (7, 9), (1, 2), (0, 9), (6, 7)]","[1.0, 1.0, 1.0, 1.0, 1.0, 1.0, 1.0, 1.0, 1.0, 1.0, 1.0, 1.0, 1.0, 1.0, 1.0, 1.0, 1.0, 1.0, 1.0, 1.0, 1.0, 1.0]"
4834331d,11,34,2,50.0,False,False,"[1, 1, 1]",14.24851682406329,,,,,,,,,,,11.242392502997424,,0.7890219481659284,,,,12.19274353981018,12.19274353981018,False,,0.0,0.0,,,12.198982238769531,2026-07-21 08:47:15,x86_64,dacsgpu0002,,64,64,3.11.15,0.22,False,False,adam,True,1,20,hamqaoa,0.01,False,False,hog,False,True,False,False,False,False,False,1,HOG_graphs/random_graphs_8to14vertices_78instances_20260625_143415_AdjacencyList.txt,False,0,32,1,5,1,,36,"[(2, 3), (4, 6), (8, 10), (1, 4), (1, 10), (1, 7), (5, 10), (5, 7), (3, 4), (2, 8), (3, 7), (2, 5), (4, 8), (7, 10), (8, 9), (1, 3), (9, 10), (1, 6), (0, 4), (0, 10), (1, 9), (0, 7), (6, 8), (5, 9), (2, 4), (3, 9), (2, 7), (4, 10), (4, 7), (1, 2), (1, 8), (6, 10), (5, 8), (6, 7)]","[1.0, 1.0, 1.0, 1.0, 1.0, 1.0, 1.0, 1.0, 1.0, 1.0, 1.0, 1.0, 1.0, 1.0, 1.0, 1.0, 1.0, 1.0, 1.0, 1.0, 1.0, 1.0, 1.0, 1.0, 1.0, 1.0, 1.0, 1.0, 1.0, 1.0, 1.0, 1.0, 1.0, 1.0]"
46a52f62,11,18,1,50.0,False,False,"[1, 1, 1]",9.429890288066767,,,,,,,,,,,6.00307991415552,,0.6366012467559915,,,,3.6630239486694336,3.6630239486694336,False,,0.0,0.0,,,3.6693673133850098,2026-07-21 08:47:15,x86_64,dacsgpu0002,,64,64,3.11.15,0.21,False,False,adam,True,1,20,hamqaoa,0.01,False,False,hog,False,True,False,False,False,False,False,1,HOG_graphs/random_graphs_8to14vertices_78instances_20260625_143415_AdjacencyList.txt,False,0,32,1,5,1,,38,"[(3, 9), (1, 3), (0, 1), (9, 10), (1, 6), (0, 4), (5, 8), (1, 10), (7, 9), (0, 3), (0, 6), (4, 5), (3, 7), (0, 5), (1, 4), (0, 2), (0, 8), (1, 7)]","[1.0, 1.0, 1.0, 1.0, 1.0, 1.0, 1.0, 1.0, 1.0, 1.0, 1.0, 1.0, 1.0, 1.0, 1.0, 1.0, 1.0, 1.0]"
b7c01250,11,22,1,10.0,False,False,"[1, 1, 1]",11.400436437426087,,,,,,,,,,,5.9647998049498625,,0.5232080225778228,,,,1.9060821533203125,1.9060821533203125,False,,0.0,0.0,,,1.9124958515167236,2026-07-21 08:47:15,x86_64,dacsgpu0002,,64,64,3.11.15,0.21,False,False,adam,True,1,20,hamqaoa,0.01,False,False,hog,False,True,False,False,False,False,False,1,HOG_graphs/random_graphs_8to14vertices_78instances_20260625_143415_AdjacencyList.txt,False,0,32,1,5,1,,40,"[(3, 5), (2, 9), (4, 6), (7, 8), (0, 5), (8, 10), (1, 10), (0, 8), (5, 7), (3, 4), (4, 5), (8, 9), (0, 1), (9, 10), (1, 6), (0, 10), (6, 8), (2, 4), (7, 9), (1, 2), (0, 9), (6, 7)]","[1.0, 1.0, 1.0, 1.0, 1.0, 1.0, 1.0, 1.0, 1.0, 1.0, 1.0, 1.0, 1.0, 1.0, 1.0, 1.0, 1.0, 1.0, 1.0, 1.0, 1.0, 1.0]"
15c92ea6,11,24,1,25.0,False,False,"[1, 1, 1]",11.799588746433798,,,,,,,,,,,8.21989670195723,,0.6966256942168038,,,,2.8172693252563477,2.8172693252563477,False,,0.0,0.0,,,2.824047803878784,2026-07-21 08:47:15,x86_64,dacsgpu0002,,64,64,3.11.15,0.21,False,False,adam,True,1,20,hamqaoa,0.01,False,False,hog,False,True,False,False,False,False,False,1,HOG_graphs/random_graphs_8to14vertices_78instances_20260625_143415_AdjacencyList.txt,False,0,32,1,5,1,,39,"[(2, 6), (4, 6), (4, 9), (0, 5), (1, 4), (0, 2), (0, 8), (1, 7), (5, 10), (6, 9), (4, 5), (4, 8), (7, 10), (8, 9), (0, 1), (1, 6), (0, 4), (2, 4), (2, 10), (4, 7), (0, 3), (1, 8), (1, 5), (6, 7)]","[1.0, 1.0, 1.0, 1.0, 1.0, 1.0, 1.0, 1.0, 1.0, 1.0, 1.0, 1.0, 1.0, 1.0, 1.0, 1.0, 1.0, 1.0, 1.0, 1.0, 1.0, 1.0, 1.0, 1.0]"
366cfcec,11,22,1,5.0,False,False,"[1, 1, 1]",11.317674756174846,,,,,,,,,,,5.69057047062638,,0.5028038526660826,,,,1.5158252716064453,1.5158252716064453,False,,0.0,0.0,,,1.5268900394439697,2026-07-21 08:47:16,x86_64,dacsgpu0002,,64,64,3.11.15,0.21,False,False,adam,True,1,20,hamqaoa,0.01,False,False,hog,False,True,False,False,False,False,False,1,HOG_graphs/random_graphs_8to14vertices_78instances_20260625_143415_AdjacencyList.txt,False,0,32,1,5,1,,41,"[(2, 3), (3, 5), (2, 9), (4, 6), (4, 9), (7, 8), (8, 10), (1, 4), (0, 2), (5, 10), (5, 7), (3, 4), (7, 10), (8, 9), (1, 3), (9, 10), (0, 4), (6, 8), (5, 6), (2, 10), (7, 9), (6, 7)]","[1.0, 1.0, 1.0, 1.0, 1.0, 1.0, 1.0, 1.0, 1.0, 1.0, 1.0, 1.0, 1.0, 1.0, 1.0, 1.0, 1.0, 1.0, 1.0, 1.0, 1.0, 1.0]"
aad100fd,11,24,2,5.0,False,False,"[1, 1, 1]",11.799588746433798,,,,,,,,,,,9.521769694661838,,0.8069577592303471,,,,4.027892351150513,4.027892351150513,False,,0.0,0.0,,,4.034672975540161,2026-07-21 08:47:16,x86_64,dacsgpu0002,,64,64,3.11.15,0.21,False,False,adam,True,1,20,hamqaoa,0.01,False,False,hog,False,True,False,False,False,False,False,1,HOG_graphs/random_graphs_8to14vertices_78instances_20260625_143415_AdjacencyList.txt,False,0,32,1,5,1,,39,"[(2, 6), (4, 6), (4, 9), (0, 5), (1, 4), (0, 2), (0, 8), (1, 7), (5, 10), (6, 9), (4, 5), (4, 8), (7, 10), (8, 9), (0, 1), (1, 6), (0, 4), (2, 4), (2, 10), (4, 7), (0, 3), (1, 8), (1, 5), (6, 7)]","[1.0, 1.0, 1.0, 1.0, 1.0, 1.0, 1.0, 1.0, 1.0, 1.0, 1.0, 1.0, 1.0, 1.0, 1.0, 1.0, 1.0, 1.0, 1.0, 1.0, 1.0, 1.0, 1.0, 1.0]"
481b103f,11,22,1,25.0,False,False,"[1, 1, 1]",11.400436437426087,,,,,,,,,,,6.591325356259944,,0.5781643003263907,,,,2.698598623275757,2.698598623275757,False,,0.0,0.0,,,2.709888458251953,2026-07-21 08:47:16,x86_64,dacsgpu0002,,64,64,3.11.15,0.21,False,False,adam,True,1,20,hamqaoa,0.01,False,False,hog,False,True,False,False,False,False,False,1,HOG_graphs/random_graphs_8to14vertices_78instances_20260625_143415_AdjacencyList.txt,False,0,32,1,5,1,,40,"[(3, 5), (2, 9), (4, 6), (7, 8), (0, 5), (8, 10), (1, 10), (0, 8), (5, 7), (3, 4), (4, 5), (8, 9), (0, 1), (9, 10), (1, 6), (0, 10), (6, 8), (2, 4), (7, 9), (1, 2), (0, 9), (6, 7)]","[1.0, 1.0, 1.0, 1.0, 1.0, 1.0, 1.0, 1.0, 1.0, 1.0, 1.0, 1.0, 1.0, 1.0, 1.0, 1.0, 1.0, 1.0, 1.0, 1.0, 1.0, 1.0]"
3f16f189,11,22,1,10.0,False,False,"[1, 1, 1]",11.317674756174846,,,,,,,,,,,6.382975189888911,,0.5639829141057798,,,,1.8646197319030762,1.8646197319030762,False,,0.0,0.0,,,1.8727436065673828,2026-07-21 08:47:16,x86_64,dacsgpu0002,,64,64,3.11.15,0.21,False,False,adam,True,1,20,hamqaoa,0.01,False,False,hog,False,True,False,False,False,False,False,1,HOG_graphs/random_graphs_8to14vertices_78instances_20260625_143415_AdjacencyList.txt,False,0,32,1,5,1,,41,"[(2, 3), (3, 5), (2, 9), (4, 6), (4, 9), (7, 8), (8, 10), (1, 4), (0, 2), (5, 10), (5, 7), (3, 4), (7, 10), (8, 9), (1, 3), (9, 10), (0, 4), (6, 8), (5, 6), (2, 10), (7, 9), (6, 7)]","[1.0, 1.0, 1.0, 1.0, 1.0, 1.0, 1.0, 1.0, 1.0, 1.0, 1.0, 1.0, 1.0, 1.0, 1.0, 1.0, 1.0, 1.0, 1.0, 1.0, 1.0, 1.0]"
36cf30af,11,24,1,50.0,False,False,"[1, 1, 1]",11.799588746433798,,,,,,,,,,,7.939210769431033,,0.6728379217310018,,,,4.0666749477386475,4.0666749477386475,False,,0.0,0.0,,,4.073879718780518,2026-07-21 08:47:17,x86_64,dacsgpu0002,,64,64,3.11.15,0.2,False,False,adam,True,1,20,hamqaoa,0.01,False,False,hog,False,True,False,False,False,False,False,1,HOG_graphs/random_graphs_8to14vertices_78instances_20260625_143415_AdjacencyList.txt,False,0,32,1,5,1,,39,"[(2, 6), (4, 6), (4, 9), (0, 5), (1, 4), (0, 2), (0, 8), (1, 7), (5, 10), (6, 9), (4, 5), (4, 8), (7, 10), (8, 9), (0, 1), (1, 6), (0, 4), (2, 4), (2, 10), (4, 7), (0, 3), (1, 8), (1, 5), (6, 7)]","[1.0, 1.0, 1.0, 1.0, 1.0, 1.0, 1.0, 1.0, 1.0, 1.0, 1.0, 1.0, 1.0, 1.0, 1.0, 1.0, 1.0, 1.0, 1.0, 1.0, 1.0, 1.0, 1.0, 1.0]"
5c0aadf5,11,24,2,10.0,False,False,"[1, 1, 1]",11.799588746433798,,,,,,,,,,,6.825474707600112,,0.5784502201115257,,,,4.729249715805054,4.729249715805054,False,,0.0,0.0,,,4.7345850467681885,2026-07-21 08:47:17,x86_64,dacsgpu0002,,64,64,3.11.15,0.22,False,False,adam,True,1,20,hamqaoa,0.01,False,False,hog,False,True,False,False,False,False,False,1,HOG_graphs/random_graphs_8to14vertices_78instances_20260625_143415_AdjacencyList.txt,False,0,32,1,5,1,,39,"[(2, 6), (4, 6), (4, 9), (0, 5), (1, 4), (0, 2), (0, 8), (1, 7), (5, 10), (6, 9), (4, 5), (4, 8), (7, 10), (8, 9), (0, 1), (1, 6), (0, 4), (2, 4), (2, 10), (4, 7), (0, 3), (1, 8), (1, 5), (6, 7)]","[1.0, 1.0, 1.0, 1.0, 1.0, 1.0, 1.0, 1.0, 1.0, 1.0, 1.0, 1.0, 1.0, 1.0, 1.0, 1.0, 1.0, 1.0, 1.0, 1.0, 1.0, 1.0, 1.0, 1.0]"
e79bed8a,11,22,2,5.0,False,False,"[1, 1, 1]",11.400436437426087,,,,,,,,,,,7.317332265332236,,0.6418466788964697,,,,3.890486478805542,3.890486478805542,False,,0.0,0.0,,,3.8995282649993896,2026-07-21 08:47:17,x86_64,dacsgpu0002,,64,64,3.11.15,0.21,False,False,adam,True,1,20,hamqaoa,0.01,False,False,hog,False,True,False,False,False,False,False,1,HOG_graphs/random_graphs_8to14vertices_78instances_20260625_143415_AdjacencyList.txt,False,0,32,1,5,1,,40,"[(3, 5), (2, 9), (4, 6), (7, 8), (0, 5), (8, 10), (1, 10), (0, 8), (5, 7), (3, 4), (4, 5), (8, 9), (0, 1), (9, 10), (1, 6), (0, 10), (6, 8), (2, 4), (7, 9), (1, 2), (0, 9), (6, 7)]","[1.0, 1.0, 1.0, 1.0, 1.0, 1.0, 1.0, 1.0, 1.0, 1.0, 1.0, 1.0, 1.0, 1.0, 1.0, 1.0, 1.0, 1.0, 1.0, 1.0, 1.0, 1.0]"
90edfdfe,11,18,2,25.0,False,False,"[1, 1, 1]",9.429890288066767,,,,,,,,,,,6.3704634510147775,,0.6755607177186781,,,,6.121099233627319,6.121099233627319,False,,0.0,0.0,,,6.127955675125122,2026-07-21 08:47:17,x86_64,dacsgpu0002,,64,64,3.11.15,0.21,False,False,adam,True,1,20,hamqaoa,0.01,False,False,hog,False,True,False,False,False,False,False,1,HOG_graphs/random_graphs_8to14vertices_78instances_20260625_143415_AdjacencyList.txt,False,0,32,1,5,1,,38,"[(3, 9), (1, 3), (0, 1), (9, 10), (1, 6), (0, 4), (5, 8), (1, 10), (7, 9), (0, 3), (0, 6), (4, 5), (3, 7), (0, 5), (1, 4), (0, 2), (0, 8), (1, 7)]","[1.0, 1.0, 1.0, 1.0, 1.0, 1.0, 1.0, 1.0, 1.0, 1.0, 1.0, 1.0, 1.0, 1.0, 1.0, 1.0, 1.0, 1.0]"
1ea4e11f,11,33,1,5.0,False,False,"[1, 1, 1]",13.965647609088416,,,,,,,,,,,8.663402751894308,,0.6203366284465341,,,,1.8456625938415527,1.8456625938415527,False,,0.0,0.0,,,1.8537099361419678,2026-07-21 08:47:17,x86_64,dacsgpu0002,,64,64,3.11.15,0.2,False,False,adam,True,1,20,hamqaoa,0.01,False,False,hog,False,True,False,False,False,False,False,1,HOG_graphs/random_graphs_8to14vertices_78instances_20260625_143415_AdjacencyList.txt,False,0,32,1,5,1,,42,"[(2, 3), (3, 5), (4, 6), (7, 8), (8, 10), (1, 4), (1, 10), (0, 2), (0, 8), (6, 9), (5, 7), (3, 4), (3, 7), (4, 8), (8, 9), (1, 3), (0, 1), (9, 10), (0, 10), (1, 9), (0, 7), (6, 8), (5, 6), (5, 9), (3, 6), (2, 4), (2, 10), (2, 7), (4, 7), (0, 3), (1, 2), (5, 8), (6, 7)]","[1.0, 1.0, 1.0, 1.0, 1.0, 1.0, 1.0, 1.0, 1.0, 1.0, 1.0, 1.0, 1.0, 1.0, 1.0, 1.0, 1.0, 1.0, 1.0, 1.0, 1.0, 1.0, 1.0, 1.0, 1.0, 1.0, 1.0, 1.0, 1.0, 1.0, 1.0, 1.0, 1.0]"
c70138fe,11,22,1,25.0,False,False,"[1, 1, 1]",11.317674756174846,,,,,,,,,,,6.766876559837792,,0.5979034303089361,,,,2.5724008083343506,2.5724008083343506,False,,0.0,0.0,,,2.5809950828552246,2026-07-21 08:47:17,x86_64,dacsgpu0002,,64,64,3.11.15,0.21,False,False,adam,True,1,20,hamqaoa,0.01,False,False,hog,False,True,False,False,False,False,False,1,HOG_graphs/random_graphs_8to14vertices_78instances_20260625_143415_AdjacencyList.txt,False,0,32,1,5,1,,41,"[(2, 3), (3, 5), (2, 9), (4, 6), (4, 9), (7, 8), (8, 10), (1, 4), (0, 2), (5, 10), (5, 7), (3, 4), (7, 10), (8, 9), (1, 3), (9, 10), (0, 4), (6, 8), (5, 6), (2, 10), (7, 9), (6, 7)]","[1.0, 1.0, 1.0, 1.0, 1.0, 1.0, 1.0, 1.0, 1.0, 1.0, 1.0, 1.0, 1.0, 1.0, 1.0, 1.0, 1.0, 1.0, 1.0, 1.0, 1.0, 1.0]"
f4c0f358,11,22,1,50.0,False,False,"[1, 1, 1]",11.400436437426087,,,,,,,,,,,6.169540060044995,,0.541167006535928,,,,3.9076578617095947,3.9076578617095947,False,,0.0,0.0,,,3.9154043197631836,2026-07-21 08:47:18,x86_64,dacsgpu0002,,64,64,3.11.15,0.21,False,False,adam,True,1,20,hamqaoa,0.01,False,False,hog,False,True,False,False,False,False,False,1,HOG_graphs/random_graphs_8to14vertices_78instances_20260625_143415_AdjacencyList.txt,False,0,32,1,5,1,,40,"[(3, 5), (2, 9), (4, 6), (7, 8), (0, 5), (8, 10), (1, 10), (0, 8), (5, 7), (3, 4), (4, 5), (8, 9), (0, 1), (9, 10), (1, 6), (0, 10), (6, 8), (2, 4), (7, 9), (1, 2), (0, 9), (6, 7)]","[1.0, 1.0, 1.0, 1.0, 1.0, 1.0, 1.0, 1.0, 1.0, 1.0, 1.0, 1.0, 1.0, 1.0, 1.0, 1.0, 1.0, 1.0, 1.0, 1.0, 1.0, 1.0]"
7cb30b87,11,22,2,10.0,False,False,"[1, 1, 1]",11.400436437426087,,,,,,,,,,,6.274039422533116,,0.5503332663595488,,,,4.612661361694336,4.612661361694336,False,,0.0,0.0,,,4.622183322906494,2026-07-21 08:47:18,x86_64,dacsgpu0002,,64,64,3.11.15,0.21,False,False,adam,True,1,20,hamqaoa,0.01,False,False,hog,False,True,False,False,False,False,False,1,HOG_graphs/random_graphs_8to14vertices_78instances_20260625_143415_AdjacencyList.txt,False,0,32,1,5,1,,40,"[(3, 5), (2, 9), (4, 6), (7, 8), (0, 5), (8, 10), (1, 10), (0, 8), (5, 7), (3, 4), (4, 5), (8, 9), (0, 1), (9, 10), (1, 6), (0, 10), (6, 8), (2, 4), (7, 9), (1, 2), (0, 9), (6, 7)]","[1.0, 1.0, 1.0, 1.0, 1.0, 1.0, 1.0, 1.0, 1.0, 1.0, 1.0, 1.0, 1.0, 1.0, 1.0, 1.0, 1.0, 1.0, 1.0, 1.0, 1.0, 1.0]"
32eb6245,11,33,1,10.0,False,False,"[1, 1, 1]",13.965647609088416,,,,,,,,,,,8.994958073301017,,0.6440774051500034,,,,2.1216299533843994,2.1216299533843994,False,,0.0,0.0,,,2.1298863887786865,2026-07-21 08:47:18,x86_64,dacsgpu0002,,64,64,3.11.15,0.21,False,False,adam,True,1,20,hamqaoa,0.01,False,False,hog,False,True,False,False,False,False,False,1,HOG_graphs/random_graphs_8to14vertices_78instances_20260625_143415_AdjacencyList.txt,False,0,32,1,5,1,,42,"[(2, 3), (3, 5), (4, 6), (7, 8), (8, 10), (1, 4), (1, 10), (0, 2), (0, 8), (6, 9), (5, 7), (3, 4), (3, 7), (4, 8), (8, 9), (1, 3), (0, 1), (9, 10), (0, 10), (1, 9), (0, 7), (6, 8), (5, 6), (5, 9), (3, 6), (2, 4), (2, 10), (2, 7), (4, 7), (0, 3), (1, 2), (5, 8), (6, 7)]","[1.0, 1.0, 1.0, 1.0, 1.0, 1.0, 1.0, 1.0, 1.0, 1.0, 1.0, 1.0, 1.0, 1.0, 1.0, 1.0, 1.0, 1.0, 1.0, 1.0, 1.0, 1.0, 1.0, 1.0, 1.0, 1.0, 1.0, 1.0, 1.0, 1.0, 1.0, 1.0, 1.0]"
a37b7f9c,11,22,2,5.0,False,False,"[1, 1, 1]",11.317674756174846,,,,,,,,,,,6.6136637265185625,,0.5843659469813084,,,,3.8235223293304443,3.8235223293304443,False,,0.0,0.0,,,3.8313374519348145,2026-07-21 08:47:18,x86_64,dacsgpu0002,,64,64,3.11.15,0.21,False,False,adam,True,1,20,hamqaoa,0.01,False,False,hog,False,True,False,False,False,False,False,1,HOG_graphs/random_graphs_8to14vertices_78instances_20260625_143415_AdjacencyList.txt,False,0,32,1,5,1,,41,"[(2, 3), (3, 5), (2, 9), (4, 6), (4, 9), (7, 8), (8, 10), (1, 4), (0, 2), (5, 10), (5, 7), (3, 4), (7, 10), (8, 9), (1, 3), (9, 10), (0, 4), (6, 8), (5, 6), (2, 10), (7, 9), (6, 7)]","[1.0, 1.0, 1.0, 1.0, 1.0, 1.0, 1.0, 1.0, 1.0, 1.0, 1.0, 1.0, 1.0, 1.0, 1.0, 1.0, 1.0, 1.0, 1.0, 1.0, 1.0, 1.0]"
8b18d85c,11,22,1,50.0,False,False,"[1, 1, 1]",11.317674756174846,,,,,,,,,,,5.99988839126884,,0.5301343712846441,,,,3.8045527935028076,3.8045527935028076,False,,0.0,0.0,,,3.8151636123657227,2026-07-21 08:47:19,x86_64,dacsgpu0002,,64,64,3.11.15,0.2,False,False,adam,True,1,20,hamqaoa,0.01,False,False,hog,False,True,False,False,False,False,False,1,HOG_graphs/random_graphs_8to14vertices_78instances_20260625_143415_AdjacencyList.txt,False,0,32,1,5,1,,41,"[(2, 3), (3, 5), (2, 9), (4, 6), (4, 9), (7, 8), (8, 10), (1, 4), (0, 2), (5, 10), (5, 7), (3, 4), (7, 10), (8, 9), (1, 3), (9, 10), (0, 4), (6, 8), (5, 6), (2, 10), (7, 9), (6, 7)]","[1.0, 1.0, 1.0, 1.0, 1.0, 1.0, 1.0, 1.0, 1.0, 1.0, 1.0, 1.0, 1.0, 1.0, 1.0, 1.0, 1.0, 1.0, 1.0, 1.0, 1.0, 1.0]"
b051c01f,11,22,2,10.0,False,False,"[1, 1, 1]",11.317674756174846,,,,,,,,,,,6.988019447869317,,0.6174430347591233,,,,4.420663833618164,4.420663833618164,False,,0.0,0.0,,,4.430444955825806,2026-07-21 08:47:19,x86_64,dacsgpu0002,,64,64,3.11.15,0.21,False,False,adam,True,1,20,hamqaoa,0.01,False,False,hog,False,True,False,False,False,False,False,1,HOG_graphs/random_graphs_8to14vertices_78instances_20260625_143415_AdjacencyList.txt,False,0,32,1,5,1,,41,"[(2, 3), (3, 5), (2, 9), (4, 6), (4, 9), (7, 8), (8, 10), (1, 4), (0, 2), (5, 10), (5, 7), (3, 4), (7, 10), (8, 9), (1, 3), (9, 10), (0, 4), (6, 8), (5, 6), (2, 10), (7, 9), (6, 7)]","[1.0, 1.0, 1.0, 1.0, 1.0, 1.0, 1.0, 1.0, 1.0, 1.0, 1.0, 1.0, 1.0, 1.0, 1.0, 1.0, 1.0, 1.0, 1.0, 1.0, 1.0, 1.0]"
b54bcf25,11,33,1,25.0,False,False,"[1, 1, 1]",13.965647609088416,,,,,,,,,,,8.998407243079367,,0.6443243804335632,,,,2.9590420722961426,2.9590420722961426,False,,0.0,0.0,,,2.9667742252349854,2026-07-21 08:47:19,x86_64,dacsgpu0002,,64,64,3.11.15,0.21,False,False,adam,True,1,20,hamqaoa,0.01,False,False,hog,False,True,False,False,False,False,False,1,HOG_graphs/random_graphs_8to14vertices_78instances_20260625_143415_AdjacencyList.txt,False,0,32,1,5,1,,42,"[(2, 3), (3, 5), (4, 6), (7, 8), (8, 10), (1, 4), (1, 10), (0, 2), (0, 8), (6, 9), (5, 7), (3, 4), (3, 7), (4, 8), (8, 9), (1, 3), (0, 1), (9, 10), (0, 10), (1, 9), (0, 7), (6, 8), (5, 6), (5, 9), (3, 6), (2, 4), (2, 10), (2, 7), (4, 7), (0, 3), (1, 2), (5, 8), (6, 7)]","[1.0, 1.0, 1.0, 1.0, 1.0, 1.0, 1.0, 1.0, 1.0, 1.0, 1.0, 1.0, 1.0, 1.0, 1.0, 1.0, 1.0, 1.0, 1.0, 1.0, 1.0, 1.0, 1.0, 1.0, 1.0, 1.0, 1.0, 1.0, 1.0, 1.0, 1.0, 1.0, 1.0]"
6bda9bf2,11,24,2,25.0,False,False,"[1, 1, 1]",11.799588746433798,,,,,,,,,,,7.5813867959819765,,0.6425127992933912,,,,6.9622437953948975,6.9622437953948975,False,,0.0,0.0,,,6.968652725219727,2026-07-21 08:47:19,x86_64,dacsgpu0002,,64,64,3.11.15,0.21,False,False,adam,True,1,20,hamqaoa,0.01,False,False,hog,False,True,False,False,False,False,False,1,HOG_graphs/random_graphs_8to14vertices_78instances_20260625_143415_AdjacencyList.txt,False,0,32,1,5,1,,39,"[(2, 6), (4, 6), (4, 9), (0, 5), (1, 4), (0, 2), (0, 8), (1, 7), (5, 10), (6, 9), (4, 5), (4, 8), (7, 10), (8, 9), (0, 1), (1, 6), (0, 4), (2, 4), (2, 10), (4, 7), (0, 3), (1, 8), (1, 5), (6, 7)]","[1.0, 1.0, 1.0, 1.0, 1.0, 1.0, 1.0, 1.0, 1.0, 1.0, 1.0, 1.0, 1.0, 1.0, 1.0, 1.0, 1.0, 1.0, 1.0, 1.0, 1.0, 1.0, 1.0, 1.0]"
25bc479a,11,22,2,25.0,False,False,"[1, 1, 1]",11.400436437426087,,,,,,,,,,,7.286705439703357,,0.6391602180932381,,,,6.401843547821045,6.401843547821045,False,,0.0,0.0,,,6.410263299942017,2026-07-21 08:47:20,x86_64,dacsgpu0002,,64,64,3.11.15,0.21,False,False,adam,True,1,20,hamqaoa,0.01,False,False,hog,False,True,False,False,False,False,False,1,HOG_graphs/random_graphs_8to14vertices_78instances_20260625_143415_AdjacencyList.txt,False,0,32,1,5,1,,40,"[(3, 5), (2, 9), (4, 6), (7, 8), (0, 5), (8, 10), (1, 10), (0, 8), (5, 7), (3, 4), (4, 5), (8, 9), (0, 1), (9, 10), (1, 6), (0, 10), (6, 8), (2, 4), (7, 9), (1, 2), (0, 9), (6, 7)]","[1.0, 1.0, 1.0, 1.0, 1.0, 1.0, 1.0, 1.0, 1.0, 1.0, 1.0, 1.0, 1.0, 1.0, 1.0, 1.0, 1.0, 1.0, 1.0, 1.0, 1.0, 1.0]"
f0b203e8,11,33,2,5.0,False,False,"[1, 1, 1]",13.965647609088416,,,,,,,,,,,9.435149789826053,,0.6755970116048142,,,,4.470985412597656,4.470985412597656,False,,0.0,0.0,,,4.4782068729400635,2026-07-21 08:47:20,x86_64,dacsgpu0002,,64,64,3.11.15,0.21,False,False,adam,True,1,20,hamqaoa,0.01,False,False,hog,False,True,False,False,False,False,False,1,HOG_graphs/random_graphs_8to14vertices_78instances_20260625_143415_AdjacencyList.txt,False,0,32,1,5,1,,42,"[(2, 3), (3, 5), (4, 6), (7, 8), (8, 10), (1, 4), (1, 10), (0, 2), (0, 8), (6, 9), (5, 7), (3, 4), (3, 7), (4, 8), (8, 9), (1, 3), (0, 1), (9, 10), (0, 10), (1, 9), (0, 7), (6, 8), (5, 6), (5, 9), (3, 6), (2, 4), (2, 10), (2, 7), (4, 7), (0, 3), (1, 2), (5, 8), (6, 7)]","[1.0, 1.0, 1.0, 1.0, 1.0, 1.0, 1.0, 1.0, 1.0, 1.0, 1.0, 1.0, 1.0, 1.0, 1.0, 1.0, 1.0, 1.0, 1.0, 1.0, 1.0, 1.0, 1.0, 1.0, 1.0, 1.0, 1.0, 1.0, 1.0, 1.0, 1.0, 1.0, 1.0]"
d4e9686c,11,18,2,50.0,False,False,"[1, 1, 1]",9.429890288066767,,,,,,,,,,,5.500002000086377,,0.5832519607408857,,,,9.141166925430298,9.141166925430298,False,,0.0,0.0,,,9.14773678779602,2026-07-21 08:47:21,x86_64,dacsgpu0002,,64,64,3.11.15,0.21,False,False,adam,True,1,20,hamqaoa,0.01,False,False,hog,False,True,False,False,False,False,False,1,HOG_graphs/random_graphs_8to14vertices_78instances_20260625_143415_AdjacencyList.txt,False,0,32,1,5,1,,38,"[(3, 9), (1, 3), (0, 1), (9, 10), (1, 6), (0, 4), (5, 8), (1, 10), (7, 9), (0, 3), (0, 6), (4, 5), (3, 7), (0, 5), (1, 4), (0, 2), (0, 8), (1, 7)]","[1.0, 1.0, 1.0, 1.0, 1.0, 1.0, 1.0, 1.0, 1.0, 1.0, 1.0, 1.0, 1.0, 1.0, 1.0, 1.0, 1.0, 1.0]"
b0fa9d27,11,33,2,10.0,False,False,"[1, 1, 1]",13.965647609088416,,,,,,,,,,,10.656332582744772,,0.763038913842417,,,,5.1515953540802,5.1515953540802,False,,0.0,0.0,,,5.160558700561523,2026-07-21 08:47:21,x86_64,dacsgpu0002,,64,64,3.11.15,0.21,False,False,adam,True,1,20,hamqaoa,0.01,False,False,hog,False,True,False,False,False,False,False,1,HOG_graphs/random_graphs_8to14vertices_78instances_20260625_143415_AdjacencyList.txt,False,0,32,1,5,1,,42,"[(2, 3), (3, 5), (4, 6), (7, 8), (8, 10), (1, 4), (1, 10), (0, 2), (0, 8), (6, 9), (5, 7), (3, 4), (3, 7), (4, 8), (8, 9), (1, 3), (0, 1), (9, 10), (0, 10), (1, 9), (0, 7), (6, 8), (5, 6), (5, 9), (3, 6), (2, 4), (2, 10), (2, 7), (4, 7), (0, 3), (1, 2), (5, 8), (6, 7)]","[1.0, 1.0, 1.0, 1.0, 1.0, 1.0, 1.0, 1.0, 1.0, 1.0, 1.0, 1.0, 1.0, 1.0, 1.0, 1.0, 1.0, 1.0, 1.0, 1.0, 1.0, 1.0, 1.0, 1.0, 1.0, 1.0, 1.0, 1.0, 1.0, 1.0, 1.0, 1.0, 1.0]"
7957069b,11,22,2,25.0,False,False,"[1, 1, 1]",11.317674756174846,,,,,,,,,,,6.86165634397188,,0.6062779229654225,,,,6.197243690490723,6.197243690490723,False,,0.0,0.0,,,6.207588195800781,2026-07-21 08:47:21,x86_64,dacsgpu0002,,64,64,3.11.15,0.21,False,False,adam,True,1,20,hamqaoa,0.01,False,False,hog,False,True,False,False,False,False,False,1,HOG_graphs/random_graphs_8to14vertices_78instances_20260625_143415_AdjacencyList.txt,False,0,32,1,5,1,,41,"[(2, 3), (3, 5), (2, 9), (4, 6), (4, 9), (7, 8), (8, 10), (1, 4), (0, 2), (5, 10), (5, 7), (3, 4), (7, 10), (8, 9), (1, 3), (9, 10), (0, 4), (6, 8), (5, 6), (2, 10), (7, 9), (6, 7)]","[1.0, 1.0, 1.0, 1.0, 1.0, 1.0, 1.0, 1.0, 1.0, 1.0, 1.0, 1.0, 1.0, 1.0, 1.0, 1.0, 1.0, 1.0, 1.0, 1.0, 1.0, 1.0]"
8f1e6ef8,11,24,2,50.0,False,False,"[1, 1, 1]",11.799588746433798,,,,,,,,,,,8.265387606773176,,0.7004809900066418,,,,10.347808837890625,10.347808837890625,False,,0.0,0.0,,,10.355385780334473,2026-07-21 08:47:23,x86_64,dacsgpu0002,,64,64,3.11.15,0.22,False,False,adam,True,1,20,hamqaoa,0.01,False,False,hog,False,True,False,False,False,False,False,1,HOG_graphs/random_graphs_8to14vertices_78instances_20260625_143415_AdjacencyList.txt,False,0,32,1,5,1,,39,"[(2, 6), (4, 6), (4, 9), (0, 5), (1, 4), (0, 2), (0, 8), (1, 7), (5, 10), (6, 9), (4, 5), (4, 8), (7, 10), (8, 9), (0, 1), (1, 6), (0, 4), (2, 4), (2, 10), (4, 7), (0, 3), (1, 8), (1, 5), (6, 7)]","[1.0, 1.0, 1.0, 1.0, 1.0, 1.0, 1.0, 1.0, 1.0, 1.0, 1.0, 1.0, 1.0, 1.0, 1.0, 1.0, 1.0, 1.0, 1.0, 1.0, 1.0, 1.0, 1.0, 1.0]"
faa6f4b8,11,33,1,5.0,False,False,"[1, 1, 1]",14.27146488133341,,,,,,,,,,,8.953250819547566,,0.6273533161447298,,,,1.7961537837982178,1.7961537837982178,False,,0.0,0.0,,,1.8035612106323242,2026-07-21 08:47:23,x86_64,dacsgpu0002,,64,64,3.11.15,0.21,False,False,adam,True,1,20,hamqaoa,0.01,False,False,hog,False,True,False,False,False,False,False,1,HOG_graphs/random_graphs_8to14vertices_78instances_20260625_143415_AdjacencyList.txt,False,0,32,1,5,1,,43,"[(3, 8), (2, 6), (2, 9), (4, 9), (7, 8), (0, 5), (0, 2), (1, 10), (6, 9), (4, 5), (3, 10), (7, 10), (8, 9), (1, 3), (9, 10), (1, 6), (0, 10), (1, 9), (6, 8), (5, 6), (3, 6), (2, 10), (3, 9), (2, 7), (4, 7), (7, 9), (0, 3), (1, 2), (1, 8), (0, 6), (1, 5), (0, 9), (5, 8)]","[1.0, 1.0, 1.0, 1.0, 1.0, 1.0, 1.0, 1.0, 1.0, 1.0, 1.0, 1.0, 1.0, 1.0, 1.0, 1.0, 1.0, 1.0, 1.0, 1.0, 1.0, 1.0, 1.0, 1.0, 1.0, 1.0, 1.0, 1.0, 1.0, 1.0, 1.0, 1.0, 1.0]"
73e0f8a4,11,22,2,50.0,False,False,"[1, 1, 1]",11.400436437426087,,,,,,,,,,,7.0054167263801626,,0.6144867141561642,,,,9.938749074935913,9.938749074935913,False,,0.0,0.0,,,9.947240352630615,2026-07-21 08:47:24,x86_64,dacsgpu0002,,64,64,3.11.15,0.21,False,False,adam,True,1,20,hamqaoa,0.01,False,False,hog,False,True,False,False,False,False,False,1,HOG_graphs/random_graphs_8to14vertices_78instances_20260625_143415_AdjacencyList.txt,False,0,32,1,5,1,,40,"[(3, 5), (2, 9), (4, 6), (7, 8), (0, 5), (8, 10), (1, 10), (0, 8), (5, 7), (3, 4), (4, 5), (8, 9), (0, 1), (9, 10), (1, 6), (0, 10), (6, 8), (2, 4), (7, 9), (1, 2), (0, 9), (6, 7)]","[1.0, 1.0, 1.0, 1.0, 1.0, 1.0, 1.0, 1.0, 1.0, 1.0, 1.0, 1.0, 1.0, 1.0, 1.0, 1.0, 1.0, 1.0, 1.0, 1.0, 1.0, 1.0]"
7fd04a2b,11,33,1,10.0,False,False,"[1, 1, 1]",14.27146488133341,,,,,,,,,,,9.627753756609172,,0.6746156639604632,,,,2.128073215484619,2.128073215484619,False,,0.0,0.0,,,2.1348538398742676,2026-07-21 08:47:24,x86_64,dacsgpu0002,,64,64,3.11.15,0.21,False,False,adam,True,1,20,hamqaoa,0.01,False,False,hog,False,True,False,False,False,False,False,1,HOG_graphs/random_graphs_8to14vertices_78instances_20260625_143415_AdjacencyList.txt,False,0,32,1,5,1,,43,"[(3, 8), (2, 6), (2, 9), (4, 9), (7, 8), (0, 5), (0, 2), (1, 10), (6, 9), (4, 5), (3, 10), (7, 10), (8, 9), (1, 3), (9, 10), (1, 6), (0, 10), (1, 9), (6, 8), (5, 6), (3, 6), (2, 10), (3, 9), (2, 7), (4, 7), (7, 9), (0, 3), (1, 2), (1, 8), (0, 6), (1, 5), (0, 9), (5, 8)]","[1.0, 1.0, 1.0, 1.0, 1.0, 1.0, 1.0, 1.0, 1.0, 1.0, 1.0, 1.0, 1.0, 1.0, 1.0, 1.0, 1.0, 1.0, 1.0, 1.0, 1.0, 1.0, 1.0, 1.0, 1.0, 1.0, 1.0, 1.0, 1.0, 1.0, 1.0, 1.0, 1.0]"
a4dda291,11,33,2,25.0,False,False,"[1, 1, 1]",13.965647609088416,,,,,,,,,,,10.295495837248803,,0.7372014621469333,,,,7.7698869705200195,7.7698869705200195,False,,0.0,0.0,,,7.77763557434082,2026-07-21 08:47:24,x86_64,dacsgpu0002,,64,64,3.11.15,0.21,False,False,adam,True,1,20,hamqaoa,0.01,False,False,hog,False,True,False,False,False,False,False,1,HOG_graphs/random_graphs_8to14vertices_78instances_20260625_143415_AdjacencyList.txt,False,0,32,1,5,1,,42,"[(2, 3), (3, 5), (4, 6), (7, 8), (8, 10), (1, 4), (1, 10), (0, 2), (0, 8), (6, 9), (5, 7), (3, 4), (3, 7), (4, 8), (8, 9), (1, 3), (0, 1), (9, 10), (0, 10), (1, 9), (0, 7), (6, 8), (5, 6), (5, 9), (3, 6), (2, 4), (2, 10), (2, 7), (4, 7), (0, 3), (1, 2), (5, 8), (6, 7)]","[1.0, 1.0, 1.0, 1.0, 1.0, 1.0, 1.0, 1.0, 1.0, 1.0, 1.0, 1.0, 1.0, 1.0, 1.0, 1.0, 1.0, 1.0, 1.0, 1.0, 1.0, 1.0, 1.0, 1.0, 1.0, 1.0, 1.0, 1.0, 1.0, 1.0, 1.0, 1.0, 1.0]"
681ae047,12,21,1,5.0,False,False,"[1, 1, 1]",10.90973972171772,,,,,,,,,,,5.788228328494095,,0.5305560422281778,,,,1.7359161376953125,1.7359161376953125,False,,0.0,0.0,,,1.744347333908081,2026-07-21 08:47:25,x86_64,dacsgpu0002,,64,64,3.11.15,0.21,False,False,adam,True,1,20,hamqaoa,0.01,False,False,hog,False,True,False,False,False,False,False,1,HOG_graphs/random_graphs_8to14vertices_78instances_20260625_143415_AdjacencyList.txt,False,0,32,1,5,1,,44,"[(3, 8), (3, 5), (1, 4), (0, 8), (0, 11), (5, 7), (2, 8), (2, 5), (9, 10), (1, 9), (5, 6), (6, 11), (3, 6), (2, 10), (2, 7), (0, 3), (10, 11), (1, 8), (1, 5), (6, 10), (5, 8)]","[1.0, 1.0, 1.0, 1.0, 1.0, 1.0, 1.0, 1.0, 1.0, 1.0, 1.0, 1.0, 1.0, 1.0, 1.0, 1.0, 1.0, 1.0, 1.0, 1.0, 1.0]"
de0fbd5e,11,22,2,50.0,False,False,"[1, 1, 1]",11.317674756174846,,,,,,,,,,,7.3340114260600116,,0.6480139767277395,,,,9.865882873535156,9.865882873535156,False,,0.0,0.0,,,9.876099109649658,2026-07-21 08:47:25,x86_64,dacsgpu0002,,64,64,3.11.15,0.21,False,False,adam,True,1,20,hamqaoa,0.01,False,False,hog,False,True,False,False,False,False,False,1,HOG_graphs/random_graphs_8to14vertices_78instances_20260625_143415_AdjacencyList.txt,False,0,32,1,5,1,,41,"[(2, 3), (3, 5), (2, 9), (4, 6), (4, 9), (7, 8), (8, 10), (1, 4), (0, 2), (5, 10), (5, 7), (3, 4), (7, 10), (8, 9), (1, 3), (9, 10), (0, 4), (6, 8), (5, 6), (2, 10), (7, 9), (6, 7)]","[1.0, 1.0, 1.0, 1.0, 1.0, 1.0, 1.0, 1.0, 1.0, 1.0, 1.0, 1.0, 1.0, 1.0, 1.0, 1.0, 1.0, 1.0, 1.0, 1.0, 1.0, 1.0]"
0a138e02,12,21,1,10.0,False,False,"[1, 1, 1]",10.90973972171772,,,,,,,,,,,5.777792563788013,,0.5295994873540677,,,,2.114686965942383,2.114686965942383,False,,0.0,0.0,,,2.1236422061920166,2026-07-21 08:47:25,x86_64,dacsgpu0002,,64,64,3.11.15,0.21,False,False,adam,True,1,20,hamqaoa,0.01,False,False,hog,False,True,False,False,False,False,False,1,HOG_graphs/random_graphs_8to14vertices_78instances_20260625_143415_AdjacencyList.txt,False,0,32,1,5,1,,44,"[(3, 8), (3, 5), (1, 4), (0, 8), (0, 11), (5, 7), (2, 8), (2, 5), (9, 10), (1, 9), (5, 6), (6, 11), (3, 6), (2, 10), (2, 7), (0, 3), (10, 11), (1, 8), (1, 5), (6, 10), (5, 8)]","[1.0, 1.0, 1.0, 1.0, 1.0, 1.0, 1.0, 1.0, 1.0, 1.0, 1.0, 1.0, 1.0, 1.0, 1.0, 1.0, 1.0, 1.0, 1.0, 1.0, 1.0]"
07c9d267,11,33,1,25.0,False,False,"[1, 1, 1]",14.27146488133341,,,,,,,,,,,10.784493805747525,,0.755668314039246,,,,3.2264747619628906,3.2264747619628906,False,,0.0,0.0,,,3.2323195934295654,2026-07-21 08:47:25,x86_64,dacsgpu0002,,64,64,3.11.15,0.21,False,False,adam,True,1,20,hamqaoa,0.01,False,False,hog,False,True,False,False,False,False,False,1,HOG_graphs/random_graphs_8to14vertices_78instances_20260625_143415_AdjacencyList.txt,False,0,32,1,5,1,,43,"[(3, 8), (2, 6), (2, 9), (4, 9), (7, 8), (0, 5), (0, 2), (1, 10), (6, 9), (4, 5), (3, 10), (7, 10), (8, 9), (1, 3), (9, 10), (1, 6), (0, 10), (1, 9), (6, 8), (5, 6), (3, 6), (2, 10), (3, 9), (2, 7), (4, 7), (7, 9), (0, 3), (1, 2), (1, 8), (0, 6), (1, 5), (0, 9), (5, 8)]","[1.0, 1.0, 1.0, 1.0, 1.0, 1.0, 1.0, 1.0, 1.0, 1.0, 1.0, 1.0, 1.0, 1.0, 1.0, 1.0, 1.0, 1.0, 1.0, 1.0, 1.0, 1.0, 1.0, 1.0, 1.0, 1.0, 1.0, 1.0, 1.0, 1.0, 1.0, 1.0, 1.0]"
19224c45,11,33,1,50.0,False,False,"[1, 1, 1]",13.965647609088416,,,,,,,,,,,8.999621684881518,,0.6444113396520789,,,,4.717311143875122,4.717311143875122,False,,0.0,0.0,,,4.724582672119141,2026-07-21 08:47:26,x86_64,dacsgpu0002,,64,64,3.11.15,0.21,False,False,adam,True,1,20,hamqaoa,0.01,False,False,hog,False,True,False,False,False,False,False,1,HOG_graphs/random_graphs_8to14vertices_78instances_20260625_143415_AdjacencyList.txt,False,0,32,1,5,1,,42,"[(2, 3), (3, 5), (4, 6), (7, 8), (8, 10), (1, 4), (1, 10), (0, 2), (0, 8), (6, 9), (5, 7), (3, 4), (3, 7), (4, 8), (8, 9), (1, 3), (0, 1), (9, 10), (0, 10), (1, 9), (0, 7), (6, 8), (5, 6), (5, 9), (3, 6), (2, 4), (2, 10), (2, 7), (4, 7), (0, 3), (1, 2), (5, 8), (6, 7)]","[1.0, 1.0, 1.0, 1.0, 1.0, 1.0, 1.0, 1.0, 1.0, 1.0, 1.0, 1.0, 1.0, 1.0, 1.0, 1.0, 1.0, 1.0, 1.0, 1.0, 1.0, 1.0, 1.0, 1.0, 1.0, 1.0, 1.0, 1.0, 1.0, 1.0, 1.0, 1.0, 1.0]"
a2638b0a,12,23,1,5.0,False,False,"[1, 1, 1]",12.144173766467386,,,,,,,,,,,6.993945022286241,,0.5759094983965062,,,,1.768542766571045,1.768542766571045,False,,0.0,0.0,,,1.7797107696533203,2026-07-21 08:47:26,x86_64,dacsgpu0002,,64,64,3.11.15,0.21,False,False,adam,True,1,20,hamqaoa,0.01,False,False,hog,False,True,False,False,False,False,False,1,HOG_graphs/random_graphs_8to14vertices_78instances_20260625_143415_AdjacencyList.txt,False,0,32,1,5,1,,45,"[(5, 11), (2, 6), (3, 11), (2, 9), (1, 4), (0, 8), (1, 7), (0, 11), (4, 5), (3, 7), (2, 5), (4, 8), (3, 10), (7, 10), (5, 9), (3, 6), (2, 10), (3, 9), (7, 9), (1, 8), (1, 5), (1, 11), (0, 9)]","[1.0, 1.0, 1.0, 1.0, 1.0, 1.0, 1.0, 1.0, 1.0, 1.0, 1.0, 1.0, 1.0, 1.0, 1.0, 1.0, 1.0, 1.0, 1.0, 1.0, 1.0, 1.0, 1.0]"
edb3d602,11,33,2,5.0,False,False,"[1, 1, 1]",14.27146488133341,,,,,,,,,,,9.230176309374308,,0.6467574552523381,,,,4.712673187255859,4.712673187255859,False,,0.0,0.0,,,4.717949390411377,2026-07-21 08:47:27,x86_64,dacsgpu0002,,64,64,3.11.15,0.21,False,False,adam,True,1,20,hamqaoa,0.01,False,False,hog,False,True,False,False,False,False,False,1,HOG_graphs/random_graphs_8to14vertices_78instances_20260625_143415_AdjacencyList.txt,False,0,32,1,5,1,,43,"[(3, 8), (2, 6), (2, 9), (4, 9), (7, 8), (0, 5), (0, 2), (1, 10), (6, 9), (4, 5), (3, 10), (7, 10), (8, 9), (1, 3), (9, 10), (1, 6), (0, 10), (1, 9), (6, 8), (5, 6), (3, 6), (2, 10), (3, 9), (2, 7), (4, 7), (7, 9), (0, 3), (1, 2), (1, 8), (0, 6), (1, 5), (0, 9), (5, 8)]","[1.0, 1.0, 1.0, 1.0, 1.0, 1.0, 1.0, 1.0, 1.0, 1.0, 1.0, 1.0, 1.0, 1.0, 1.0, 1.0, 1.0, 1.0, 1.0, 1.0, 1.0, 1.0, 1.0, 1.0, 1.0, 1.0, 1.0, 1.0, 1.0, 1.0, 1.0, 1.0, 1.0]"
24c9e9f1,12,21,1,25.0,False,False,"[1, 1, 1]",10.90973972171772,,,,,,,,,,,7.422699375352951,,0.6803736445312977,,,,3.118817090988159,3.118817090988159,False,,0.0,0.0,,,3.1272642612457275,2026-07-21 08:47:27,x86_64,dacsgpu0002,,64,64,3.11.15,0.21,False,False,adam,True,1,20,hamqaoa,0.01,False,False,hog,False,True,False,False,False,False,False,1,HOG_graphs/random_graphs_8to14vertices_78instances_20260625_143415_AdjacencyList.txt,False,0,32,1,5,1,,44,"[(3, 8), (3, 5), (1, 4), (0, 8), (0, 11), (5, 7), (2, 8), (2, 5), (9, 10), (1, 9), (5, 6), (6, 11), (3, 6), (2, 10), (2, 7), (0, 3), (10, 11), (1, 8), (1, 5), (6, 10), (5, 8)]","[1.0, 1.0, 1.0, 1.0, 1.0, 1.0, 1.0, 1.0, 1.0, 1.0, 1.0, 1.0, 1.0, 1.0, 1.0, 1.0, 1.0, 1.0, 1.0, 1.0, 1.0]"
ac76ccb4,12,23,1,10.0,False,False,"[1, 1, 1]",12.144173766467386,,,,,,,,,,,5.85874790100949,,0.48243281211824585,,,,2.1973698139190674,2.1973698139190674,False,,0.0,0.0,,,2.2061879634857178,2026-07-21 08:47:27,x86_64,dacsgpu0002,,64,64,3.11.15,0.21,False,False,adam,True,1,20,hamqaoa,0.01,False,False,hog,False,True,False,False,False,False,False,1,HOG_graphs/random_graphs_8to14vertices_78instances_20260625_143415_AdjacencyList.txt,False,0,32,1,5,1,,45,"[(5, 11), (2, 6), (3, 11), (2, 9), (1, 4), (0, 8), (1, 7), (0, 11), (4, 5), (3, 7), (2, 5), (4, 8), (3, 10), (7, 10), (5, 9), (3, 6), (2, 10), (3, 9), (7, 9), (1, 8), (1, 5), (1, 11), (0, 9)]","[1.0, 1.0, 1.0, 1.0, 1.0, 1.0, 1.0, 1.0, 1.0, 1.0, 1.0, 1.0, 1.0, 1.0, 1.0, 1.0, 1.0, 1.0, 1.0, 1.0, 1.0, 1.0, 1.0]"
9ccad72c,11,33,1,50.0,False,False,"[1, 1, 1]",14.27146488133341,,,,,,,,,,,9.787742978520393,,0.6858260914282477,,,,4.7627785205841064,4.7627785205841064,False,,0.0,0.0,,,4.770462512969971,2026-07-21 08:47:27,x86_64,dacsgpu0002,,64,64,3.11.15,0.21,False,False,adam,True,1,20,hamqaoa,0.01,False,False,hog,False,True,False,False,False,False,False,1,HOG_graphs/random_graphs_8to14vertices_78instances_20260625_143415_AdjacencyList.txt,False,0,32,1,5,1,,43,"[(3, 8), (2, 6), (2, 9), (4, 9), (7, 8), (0, 5), (0, 2), (1, 10), (6, 9), (4, 5), (3, 10), (7, 10), (8, 9), (1, 3), (9, 10), (1, 6), (0, 10), (1, 9), (6, 8), (5, 6), (3, 6), (2, 10), (3, 9), (2, 7), (4, 7), (7, 9), (0, 3), (1, 2), (1, 8), (0, 6), (1, 5), (0, 9), (5, 8)]","[1.0, 1.0, 1.0, 1.0, 1.0, 1.0, 1.0, 1.0, 1.0, 1.0, 1.0, 1.0, 1.0, 1.0, 1.0, 1.0, 1.0, 1.0, 1.0, 1.0, 1.0, 1.0, 1.0, 1.0, 1.0, 1.0, 1.0, 1.0, 1.0, 1.0, 1.0, 1.0, 1.0]"
50dab273,12,21,2,5.0,False,False,"[1, 1, 1]",10.90973972171772,,,,,,,,,,,6.045168028712589,,0.5541074473737113,,,,4.521334171295166,4.521334171295166,False,,0.0,0.0,,,4.528993844985962,2026-07-21 08:47:28,x86_64,dacsgpu0002,,64,64,3.11.15,0.22,False,False,adam,True,1,20,hamqaoa,0.01,False,False,hog,False,True,False,False,False,False,False,1,HOG_graphs/random_graphs_8to14vertices_78instances_20260625_143415_AdjacencyList.txt,False,0,32,1,5,1,,44,"[(3, 8), (3, 5), (1, 4), (0, 8), (0, 11), (5, 7), (2, 8), (2, 5), (9, 10), (1, 9), (5, 6), (6, 11), (3, 6), (2, 10), (2, 7), (0, 3), (10, 11), (1, 8), (1, 5), (6, 10), (5, 8)]","[1.0, 1.0, 1.0, 1.0, 1.0, 1.0, 1.0, 1.0, 1.0, 1.0, 1.0, 1.0, 1.0, 1.0, 1.0, 1.0, 1.0, 1.0, 1.0, 1.0, 1.0]"
6c31b1b3,11,33,2,10.0,False,False,"[1, 1, 1]",14.27146488133341,,,,,,,,,,,8.871015122022401,,0.6215910697174042,,,,5.693447828292847,5.693447828292847,False,,0.0,0.0,,,5.700915098190308,2026-07-21 08:47:28,x86_64,dacsgpu0002,,64,64,3.11.15,0.21,False,False,adam,True,1,20,hamqaoa,0.01,False,False,hog,False,True,False,False,False,False,False,1,HOG_graphs/random_graphs_8to14vertices_78instances_20260625_143415_AdjacencyList.txt,False,0,32,1,5,1,,43,"[(3, 8), (2, 6), (2, 9), (4, 9), (7, 8), (0, 5), (0, 2), (1, 10), (6, 9), (4, 5), (3, 10), (7, 10), (8, 9), (1, 3), (9, 10), (1, 6), (0, 10), (1, 9), (6, 8), (5, 6), (3, 6), (2, 10), (3, 9), (2, 7), (4, 7), (7, 9), (0, 3), (1, 2), (1, 8), (0, 6), (1, 5), (0, 9), (5, 8)]","[1.0, 1.0, 1.0, 1.0, 1.0, 1.0, 1.0, 1.0, 1.0, 1.0, 1.0, 1.0, 1.0, 1.0, 1.0, 1.0, 1.0, 1.0, 1.0, 1.0, 1.0, 1.0, 1.0, 1.0, 1.0, 1.0, 1.0, 1.0, 1.0, 1.0, 1.0, 1.0, 1.0]"
5a736699,12,42,1,5.0,False,False,"[1, 1, 1]",17.345805660953108,,,,,,,,,,,11.775264485229192,,0.6788537076566192,,,,2.40421199798584,2.40421199798584,False,,0.0,0.0,,,2.4125049114227295,2026-07-21 08:47:28,x86_64,dacsgpu0002,,64,64,3.11.15,0.21,False,False,adam,True,1,20,hamqaoa,0.01,False,False,hog,False,True,False,False,False,False,False,1,HOG_graphs/random_graphs_8to14vertices_78instances_20260625_143415_AdjacencyList.txt,False,0,32,1,5,1,,46,"[(2, 3), (3, 8), (2, 6), (3, 5), (3, 11), (2, 9), (4, 6), (4, 9), (7, 11), (8, 10), (1, 4), (0, 2), (9, 11), (5, 10), (6, 9), (5, 7), (2, 8), (4, 5), (3, 7), (2, 5), (4, 8), (3, 10), (1, 3), (0, 1), (9, 10), (1, 6), (0, 4), (0, 10), (1, 9), (5, 6), (6, 11), (2, 4), (2, 10), (2, 7), (4, 10), (4, 7), (10, 11), (1, 8), (1, 11), (0, 9), (5, 8), (6, 7)]","[1.0, 1.0, 1.0, 1.0, 1.0, 1.0, 1.0, 1.0, 1.0, 1.0, 1.0, 1.0, 1.0, 1.0, 1.0, 1.0, 1.0, 1.0, 1.0, 1.0, 1.0, 1.0, 1.0, 1.0, 1.0, 1.0, 1.0, 1.0, 1.0, 1.0, 1.0, 1.0, 1.0, 1.0, 1.0, 1.0, 1.0, 1.0, 1.0, 1.0, 1.0, 1.0]"
dfe18ee2,12,23,1,25.0,False,False,"[1, 1, 1]",12.144173766467386,,,,,,,,,,,6.663338468559343,,0.5486860281065987,,,,3.02494215965271,3.02494215965271,False,,0.0,0.0,,,3.042263984680176,2026-07-21 08:47:28,x86_64,dacsgpu0002,,64,64,3.11.15,0.21,False,False,adam,True,1,20,hamqaoa,0.01,False,False,hog,False,True,False,False,False,False,False,1,HOG_graphs/random_graphs_8to14vertices_78instances_20260625_143415_AdjacencyList.txt,False,0,32,1,5,1,,45,"[(5, 11), (2, 6), (3, 11), (2, 9), (1, 4), (0, 8), (1, 7), (0, 11), (4, 5), (3, 7), (2, 5), (4, 8), (3, 10), (7, 10), (5, 9), (3, 6), (2, 10), (3, 9), (7, 9), (1, 8), (1, 5), (1, 11), (0, 9)]","[1.0, 1.0, 1.0, 1.0, 1.0, 1.0, 1.0, 1.0, 1.0, 1.0, 1.0, 1.0, 1.0, 1.0, 1.0, 1.0, 1.0, 1.0, 1.0, 1.0, 1.0, 1.0, 1.0]"
72a4cdba,12,21,1,50.0,False,False,"[1, 1, 1]",10.90973972171772,,,,,,,,,,,5.366719167466326,,0.49192000032621724,,,,4.266467332839966,4.266467332839966,False,,0.0,0.0,,,4.274266958236694,2026-07-21 08:47:28,x86_64,dacsgpu0002,,64,64,3.11.15,0.21,False,False,adam,True,1,20,hamqaoa,0.01,False,False,hog,False,True,False,False,False,False,False,1,HOG_graphs/random_graphs_8to14vertices_78instances_20260625_143415_AdjacencyList.txt,False,0,32,1,5,1,,44,"[(3, 8), (3, 5), (1, 4), (0, 8), (0, 11), (5, 7), (2, 8), (2, 5), (9, 10), (1, 9), (5, 6), (6, 11), (3, 6), (2, 10), (2, 7), (0, 3), (10, 11), (1, 8), (1, 5), (6, 10), (5, 8)]","[1.0, 1.0, 1.0, 1.0, 1.0, 1.0, 1.0, 1.0, 1.0, 1.0, 1.0, 1.0, 1.0, 1.0, 1.0, 1.0, 1.0, 1.0, 1.0, 1.0, 1.0]"
6a7abe8e,12,21,2,10.0,False,False,"[1, 1, 1]",10.90973972171772,,,,,,,,,,,7.118123151602309,,0.6524558177526872,,,,5.297343969345093,5.297343969345093,False,,0.0,0.0,,,5.306449890136719,2026-07-21 08:47:29,x86_64,dacsgpu0002,,64,64,3.11.15,0.22,False,False,adam,True,1,20,hamqaoa,0.01,False,False,hog,False,True,False,False,False,False,False,1,HOG_graphs/random_graphs_8to14vertices_78instances_20260625_143415_AdjacencyList.txt,False,0,32,1,5,1,,44,"[(3, 8), (3, 5), (1, 4), (0, 8), (0, 11), (5, 7), (2, 8), (2, 5), (9, 10), (1, 9), (5, 6), (6, 11), (3, 6), (2, 10), (2, 7), (0, 3), (10, 11), (1, 8), (1, 5), (6, 10), (5, 8)]","[1.0, 1.0, 1.0, 1.0, 1.0, 1.0, 1.0, 1.0, 1.0, 1.0, 1.0, 1.0, 1.0, 1.0, 1.0, 1.0, 1.0, 1.0, 1.0, 1.0, 1.0]"
9e1ec80c,12,42,1,10.0,False,False,"[1, 1, 1]",17.345805660953108,,,,,,,,,,,11.627308214484366,,0.6703239066409253,,,,2.697265148162842,2.697265148162842,False,,0.0,0.0,,,2.7060470581054688,2026-07-21 08:47:29,x86_64,dacsgpu0002,,64,64,3.11.15,0.21,False,False,adam,True,1,20,hamqaoa,0.01,False,False,hog,False,True,False,False,False,False,False,1,HOG_graphs/random_graphs_8to14vertices_78instances_20260625_143415_AdjacencyList.txt,False,0,32,1,5,1,,46,"[(2, 3), (3, 8), (2, 6), (3, 5), (3, 11), (2, 9), (4, 6), (4, 9), (7, 11), (8, 10), (1, 4), (0, 2), (9, 11), (5, 10), (6, 9), (5, 7), (2, 8), (4, 5), (3, 7), (2, 5), (4, 8), (3, 10), (1, 3), (0, 1), (9, 10), (1, 6), (0, 4), (0, 10), (1, 9), (5, 6), (6, 11), (2, 4), (2, 10), (2, 7), (4, 10), (4, 7), (10, 11), (1, 8), (1, 11), (0, 9), (5, 8), (6, 7)]","[1.0, 1.0, 1.0, 1.0, 1.0, 1.0, 1.0, 1.0, 1.0, 1.0, 1.0, 1.0, 1.0, 1.0, 1.0, 1.0, 1.0, 1.0, 1.0, 1.0, 1.0, 1.0, 1.0, 1.0, 1.0, 1.0, 1.0, 1.0, 1.0, 1.0, 1.0, 1.0, 1.0, 1.0, 1.0, 1.0, 1.0, 1.0, 1.0, 1.0, 1.0, 1.0]"
ed96a183,12,23,2,5.0,False,False,"[1, 1, 1]",12.144173766467386,,,,,,,,,,,7.858798643852979,,0.6471250160758382,,,,4.592674493789673,4.592674493789673,False,,0.0,0.0,,,4.60092568397522,2026-07-21 08:47:29,x86_64,dacsgpu0002,,64,64,3.11.15,0.21,False,False,adam,True,1,20,hamqaoa,0.01,False,False,hog,False,True,False,False,False,False,False,1,HOG_graphs/random_graphs_8to14vertices_78instances_20260625_143415_AdjacencyList.txt,False,0,32,1,5,1,,45,"[(5, 11), (2, 6), (3, 11), (2, 9), (1, 4), (0, 8), (1, 7), (0, 11), (4, 5), (3, 7), (2, 5), (4, 8), (3, 10), (7, 10), (5, 9), (3, 6), (2, 10), (3, 9), (7, 9), (1, 8), (1, 5), (1, 11), (0, 9)]","[1.0, 1.0, 1.0, 1.0, 1.0, 1.0, 1.0, 1.0, 1.0, 1.0, 1.0, 1.0, 1.0, 1.0, 1.0, 1.0, 1.0, 1.0, 1.0, 1.0, 1.0, 1.0, 1.0]"
51d1e2c9,12,23,1,50.0,False,False,"[1, 1, 1]",12.144173766467386,,,,,,,,,,,5.9997855077557505,,0.4940464146126119,,,,4.358118772506714,4.358118772506714,False,,0.0,0.0,,,4.368488311767578,2026-07-21 08:47:30,x86_64,dacsgpu0002,,64,64,3.11.15,0.21,False,False,adam,True,1,20,hamqaoa,0.01,False,False,hog,False,True,False,False,False,False,False,1,HOG_graphs/random_graphs_8to14vertices_78instances_20260625_143415_AdjacencyList.txt,False,0,32,1,5,1,,45,"[(5, 11), (2, 6), (3, 11), (2, 9), (1, 4), (0, 8), (1, 7), (0, 11), (4, 5), (3, 7), (2, 5), (4, 8), (3, 10), (7, 10), (5, 9), (3, 6), (2, 10), (3, 9), (7, 9), (1, 8), (1, 5), (1, 11), (0, 9)]","[1.0, 1.0, 1.0, 1.0, 1.0, 1.0, 1.0, 1.0, 1.0, 1.0, 1.0, 1.0, 1.0, 1.0, 1.0, 1.0, 1.0, 1.0, 1.0, 1.0, 1.0, 1.0, 1.0]"
19fac040,12,23,2,10.0,False,False,"[1, 1, 1]",12.144173766467386,,,,,,,,,,,7.3421311633406745,,0.6045805424502275,,,,5.2903008460998535,5.2903008460998535,False,,0.0,0.0,,,5.299800157546997,2026-07-21 08:47:30,x86_64,dacsgpu0002,,64,64,3.11.15,0.21,False,False,adam,True,1,20,hamqaoa,0.01,False,False,hog,False,True,False,False,False,False,False,1,HOG_graphs/random_graphs_8to14vertices_78instances_20260625_143415_AdjacencyList.txt,False,0,32,1,5,1,,45,"[(5, 11), (2, 6), (3, 11), (2, 9), (1, 4), (0, 8), (1, 7), (0, 11), (4, 5), (3, 7), (2, 5), (4, 8), (3, 10), (7, 10), (5, 9), (3, 6), (2, 10), (3, 9), (7, 9), (1, 8), (1, 5), (1, 11), (0, 9)]","[1.0, 1.0, 1.0, 1.0, 1.0, 1.0, 1.0, 1.0, 1.0, 1.0, 1.0, 1.0, 1.0, 1.0, 1.0, 1.0, 1.0, 1.0, 1.0, 1.0, 1.0, 1.0, 1.0]"
90877f67,11,33,2,25.0,False,False,"[1, 1, 1]",14.27146488133341,,,,,,,,,,,10.138828180533967,,0.7104265935443816,,,,8.087695837020874,8.087695837020874,False,,0.0,0.0,,,8.093397855758667,2026-07-21 08:47:30,x86_64,dacsgpu0002,,64,64,3.11.15,0.21,False,False,adam,True,1,20,hamqaoa,0.01,False,False,hog,False,True,False,False,False,False,False,1,HOG_graphs/random_graphs_8to14vertices_78instances_20260625_143415_AdjacencyList.txt,False,0,32,1,5,1,,43,"[(3, 8), (2, 6), (2, 9), (4, 9), (7, 8), (0, 5), (0, 2), (1, 10), (6, 9), (4, 5), (3, 10), (7, 10), (8, 9), (1, 3), (9, 10), (1, 6), (0, 10), (1, 9), (6, 8), (5, 6), (3, 6), (2, 10), (3, 9), (2, 7), (4, 7), (7, 9), (0, 3), (1, 2), (1, 8), (0, 6), (1, 5), (0, 9), (5, 8)]","[1.0, 1.0, 1.0, 1.0, 1.0, 1.0, 1.0, 1.0, 1.0, 1.0, 1.0, 1.0, 1.0, 1.0, 1.0, 1.0, 1.0, 1.0, 1.0, 1.0, 1.0, 1.0, 1.0, 1.0, 1.0, 1.0, 1.0, 1.0, 1.0, 1.0, 1.0, 1.0, 1.0]"
509cebcc,12,21,2,25.0,False,False,"[1, 1, 1]",10.90973972171772,,,,,,,,,,,6.649790529261955,,0.6095278804886975,,,,7.417678356170654,7.417678356170654,False,,0.0,0.0,,,7.426691055297852,2026-07-21 08:47:31,x86_64,dacsgpu0002,,64,64,3.11.15,0.21,False,False,adam,True,1,20,hamqaoa,0.01,False,False,hog,False,True,False,False,False,False,False,1,HOG_graphs/random_graphs_8to14vertices_78instances_20260625_143415_AdjacencyList.txt,False,0,32,1,5,1,,44,"[(3, 8), (3, 5), (1, 4), (0, 8), (0, 11), (5, 7), (2, 8), (2, 5), (9, 10), (1, 9), (5, 6), (6, 11), (3, 6), (2, 10), (2, 7), (0, 3), (10, 11), (1, 8), (1, 5), (6, 10), (5, 8)]","[1.0, 1.0, 1.0, 1.0, 1.0, 1.0, 1.0, 1.0, 1.0, 1.0, 1.0, 1.0, 1.0, 1.0, 1.0, 1.0, 1.0, 1.0, 1.0, 1.0, 1.0]"
be901fe8,12,42,2,5.0,False,False,"[1, 1, 1]",17.345805660953108,,,,,,,,,,,12.070851308908297,,0.6958945317876365,,,,5.95674729347229,5.95674729347229,False,,0.0,0.0,,,5.9639928340911865,2026-07-21 08:47:32,x86_64,dacsgpu0002,,64,64,3.11.15,0.21,False,False,adam,True,1,20,hamqaoa,0.01,False,False,hog,False,True,False,False,False,False,False,1,HOG_graphs/random_graphs_8to14vertices_78instances_20260625_143415_AdjacencyList.txt,False,0,32,1,5,1,,46,"[(2, 3), (3, 8), (2, 6), (3, 5), (3, 11), (2, 9), (4, 6), (4, 9), (7, 11), (8, 10), (1, 4), (0, 2), (9, 11), (5, 10), (6, 9), (5, 7), (2, 8), (4, 5), (3, 7), (2, 5), (4, 8), (3, 10), (1, 3), (0, 1), (9, 10), (1, 6), (0, 4), (0, 10), (1, 9), (5, 6), (6, 11), (2, 4), (2, 10), (2, 7), (4, 10), (4, 7), (10, 11), (1, 8), (1, 11), (0, 9), (5, 8), (6, 7)]","[1.0, 1.0, 1.0, 1.0, 1.0, 1.0, 1.0, 1.0, 1.0, 1.0, 1.0, 1.0, 1.0, 1.0, 1.0, 1.0, 1.0, 1.0, 1.0, 1.0, 1.0, 1.0, 1.0, 1.0, 1.0, 1.0, 1.0, 1.0, 1.0, 1.0, 1.0, 1.0, 1.0, 1.0, 1.0, 1.0, 1.0, 1.0, 1.0, 1.0, 1.0, 1.0]"
20cd643c,12,23,2,25.0,False,False,"[1, 1, 1]",12.144173766467386,,,,,,,,,,,8.62729037025065,,0.7104057086265029,,,,7.759119272232056,7.759119272232056,False,,0.0,0.0,,,7.76764178276062,2026-07-21 08:47:33,x86_64,dacsgpu0002,,64,64,3.11.15,0.21,False,False,adam,True,1,20,hamqaoa,0.01,False,False,hog,False,True,False,False,False,False,False,1,HOG_graphs/random_graphs_8to14vertices_78instances_20260625_143415_AdjacencyList.txt,False,0,32,1,5,1,,45,"[(5, 11), (2, 6), (3, 11), (2, 9), (1, 4), (0, 8), (1, 7), (0, 11), (4, 5), (3, 7), (2, 5), (4, 8), (3, 10), (7, 10), (5, 9), (3, 6), (2, 10), (3, 9), (7, 9), (1, 8), (1, 5), (1, 11), (0, 9)]","[1.0, 1.0, 1.0, 1.0, 1.0, 1.0, 1.0, 1.0, 1.0, 1.0, 1.0, 1.0, 1.0, 1.0, 1.0, 1.0, 1.0, 1.0, 1.0, 1.0, 1.0, 1.0, 1.0]"
91f5819c,12,18,1,5.0,False,False,"[1, 1, 1]",10.617007221639126,,,,,,,,,,,6.519800993272409,,0.614090285253271,,,,1.5578677654266357,1.5578677654266357,False,,0.0,0.0,,,1.5649735927581787,2026-07-21 08:47:33,x86_64,dacsgpu0002,,64,64,3.11.15,0.21,False,True,adam,True,1,20,hamqaoa,0.01,False,False,hog,False,True,False,False,False,False,False,1,HOG_graphs/random_graphs_8to14vertices_78instances_20260625_143415_AdjacencyList.txt,False,0,32,1,5,1,,47,"[(0, 11), (1, 3), (3, 9), (0, 4), (4, 7), (5, 10), (5, 7), (3, 5), (6, 9), (1, 2), (1, 8), (6, 8), (6, 11), (0, 9), (2, 11), (4, 8), (7, 10), (2, 10)]","[1.0, 1.0, 1.0, 1.0, 1.0, 1.0, 1.0, 1.0, 1.0, 1.0, 1.0, 1.0, 1.0, 1.0, 1.0, 1.0, 1.0, 1.0]"
449bbcd4,12,42,2,10.0,False,False,"[1, 1, 1]",17.345805660953108,,,,,,,,,,,11.924323216683234,,0.6874470664413073,,,,7.228808879852295,7.228808879852295,False,,0.0,0.0,,,7.2372519969940186,2026-07-21 08:47:33,x86_64,dacsgpu0002,,64,64,3.11.15,0.21,False,False,adam,True,1,20,hamqaoa,0.01,False,False,hog,False,True,False,False,False,False,False,1,HOG_graphs/random_graphs_8to14vertices_78instances_20260625_143415_AdjacencyList.txt,False,0,32,1,5,1,,46,"[(2, 3), (3, 8), (2, 6), (3, 5), (3, 11), (2, 9), (4, 6), (4, 9), (7, 11), (8, 10), (1, 4), (0, 2), (9, 11), (5, 10), (6, 9), (5, 7), (2, 8), (4, 5), (3, 7), (2, 5), (4, 8), (3, 10), (1, 3), (0, 1), (9, 10), (1, 6), (0, 4), (0, 10), (1, 9), (5, 6), (6, 11), (2, 4), (2, 10), (2, 7), (4, 10), (4, 7), (10, 11), (1, 8), (1, 11), (0, 9), (5, 8), (6, 7)]","[1.0, 1.0, 1.0, 1.0, 1.0, 1.0, 1.0, 1.0, 1.0, 1.0, 1.0, 1.0, 1.0, 1.0, 1.0, 1.0, 1.0, 1.0, 1.0, 1.0, 1.0, 1.0, 1.0, 1.0, 1.0, 1.0, 1.0, 1.0, 1.0, 1.0, 1.0, 1.0, 1.0, 1.0, 1.0, 1.0, 1.0, 1.0, 1.0, 1.0, 1.0, 1.0]"
574294ff,11,33,2,50.0,False,False,"[1, 1, 1]",13.965647609088416,,,,,,,,,,,9.569354294686105,,0.6852066271855995,,,,12.489520788192749,12.489520788192749,False,,0.0,0.0,,,12.495500087738037,2026-07-21 08:47:34,x86_64,dacsgpu0002,,64,64,3.11.15,0.21,False,False,adam,True,1,20,hamqaoa,0.01,False,False,hog,False,True,False,False,False,False,False,1,HOG_graphs/random_graphs_8to14vertices_78instances_20260625_143415_AdjacencyList.txt,False,0,32,1,5,1,,42,"[(2, 3), (3, 5), (4, 6), (7, 8), (8, 10), (1, 4), (1, 10), (0, 2), (0, 8), (6, 9), (5, 7), (3, 4), (3, 7), (4, 8), (8, 9), (1, 3), (0, 1), (9, 10), (0, 10), (1, 9), (0, 7), (6, 8), (5, 6), (5, 9), (3, 6), (2, 4), (2, 10), (2, 7), (4, 7), (0, 3), (1, 2), (5, 8), (6, 7)]","[1.0, 1.0, 1.0, 1.0, 1.0, 1.0, 1.0, 1.0, 1.0, 1.0, 1.0, 1.0, 1.0, 1.0, 1.0, 1.0, 1.0, 1.0, 1.0, 1.0, 1.0, 1.0, 1.0, 1.0, 1.0, 1.0, 1.0, 1.0, 1.0, 1.0, 1.0, 1.0, 1.0]"
2009d279,12,18,1,10.0,False,False,"[1, 1, 1]",10.617007221639126,,,,,,,,,,,7.250702724908335,,0.6829328240570719,,,,1.9550573825836182,1.9550573825836182,False,,0.0,0.0,,,1.9674599170684814,2026-07-21 08:47:34,x86_64,dacsgpu0002,,64,64,3.11.15,0.21,False,True,adam,True,1,20,hamqaoa,0.01,False,False,hog,False,True,False,False,False,False,False,1,HOG_graphs/random_graphs_8to14vertices_78instances_20260625_143415_AdjacencyList.txt,False,0,32,1,5,1,,47,"[(0, 11), (1, 3), (3, 9), (0, 4), (4, 7), (5, 10), (5, 7), (3, 5), (6, 9), (1, 2), (1, 8), (6, 8), (6, 11), (0, 9), (2, 11), (4, 8), (7, 10), (2, 10)]","[1.0, 1.0, 1.0, 1.0, 1.0, 1.0, 1.0, 1.0, 1.0, 1.0, 1.0, 1.0, 1.0, 1.0, 1.0, 1.0, 1.0, 1.0]"
ea67e96b,12,24,1,5.0,False,False,"[1, 1, 1]",12.186183800367058,,,,,,,,,,,5.990724067510023,,0.4915996808885795,,,,1.8358187675476074,1.8358187675476074,False,,0.0,0.0,,,1.842787265777588,2026-07-21 08:47:35,x86_64,dacsgpu0002,,64,64,3.11.15,0.21,False,False,adam,True,1,20,hamqaoa,0.01,False,False,hog,False,True,False,False,False,False,False,1,HOG_graphs/random_graphs_8to14vertices_78instances_20260625_143415_AdjacencyList.txt,False,0,32,1,5,1,,48,"[(3, 8), (3, 5), (4, 9), (1, 10), (0, 11), (6, 9), (5, 7), (3, 4), (3, 7), (2, 5), (4, 8), (4, 11), (7, 10), (8, 9), (0, 10), (6, 8), (6, 11), (2, 10), (2, 7), (1, 2), (0, 6), (1, 5), (1, 11), (0, 9)]","[1.0, 1.0, 1.0, 1.0, 1.0, 1.0, 1.0, 1.0, 1.0, 1.0, 1.0, 1.0, 1.0, 1.0, 1.0, 1.0, 1.0, 1.0, 1.0, 1.0, 1.0, 1.0, 1.0, 1.0]"
a36e0214,12,18,1,25.0,False,False,"[1, 1, 1]",10.617007221639126,,,,,,,,,,,4.500099793220484,,0.4238576558607377,,,,2.887181043624878,2.887181043624878,False,,0.0,0.0,,,2.8967740535736084,2026-07-21 08:47:35,x86_64,dacsgpu0002,,64,64,3.11.15,0.21,False,True,adam,True,1,20,hamqaoa,0.01,False,False,hog,False,True,False,False,False,False,False,1,HOG_graphs/random_graphs_8to14vertices_78instances_20260625_143415_AdjacencyList.txt,False,0,32,1,5,1,,47,"[(0, 11), (1, 3), (3, 9), (0, 4), (4, 7), (5, 10), (5, 7), (3, 5), (6, 9), (1, 2), (1, 8), (6, 8), (6, 11), (0, 9), (2, 11), (4, 8), (7, 10), (2, 10)]","[1.0, 1.0, 1.0, 1.0, 1.0, 1.0, 1.0, 1.0, 1.0, 1.0, 1.0, 1.0, 1.0, 1.0, 1.0, 1.0, 1.0, 1.0]"
1df99ebf,12,42,1,25.0,False,False,"[1, 1, 1]",17.345805660953108,,,,,,,,,,,10.499946671350433,,0.6053305840377717,,,,4.21361231803894,4.21361231803894,False,,0.0,0.0,,,4.221041440963745,2026-07-21 08:47:35,x86_64,dacsgpu0002,,64,64,3.11.15,0.21,False,False,adam,True,1,20,hamqaoa,0.01,False,False,hog,False,True,False,False,False,False,False,1,HOG_graphs/random_graphs_8to14vertices_78instances_20260625_143415_AdjacencyList.txt,False,0,32,1,5,1,,46,"[(2, 3), (3, 8), (2, 6), (3, 5), (3, 11), (2, 9), (4, 6), (4, 9), (7, 11), (8, 10), (1, 4), (0, 2), (9, 11), (5, 10), (6, 9), (5, 7), (2, 8), (4, 5), (3, 7), (2, 5), (4, 8), (3, 10), (1, 3), (0, 1), (9, 10), (1, 6), (0, 4), (0, 10), (1, 9), (5, 6), (6, 11), (2, 4), (2, 10), (2, 7), (4, 10), (4, 7), (10, 11), (1, 8), (1, 11), (0, 9), (5, 8), (6, 7)]","[1.0, 1.0, 1.0, 1.0, 1.0, 1.0, 1.0, 1.0, 1.0, 1.0, 1.0, 1.0, 1.0, 1.0, 1.0, 1.0, 1.0, 1.0, 1.0, 1.0, 1.0, 1.0, 1.0, 1.0, 1.0, 1.0, 1.0, 1.0, 1.0, 1.0, 1.0, 1.0, 1.0, 1.0, 1.0, 1.0, 1.0, 1.0, 1.0, 1.0, 1.0, 1.0]"
6b6f0e78,11,33,2,50.0,False,False,"[1, 1, 1]",14.27146488133341,,,,,,,,,,,10.217526414263569,,0.7159409702663211,,,,12.793696165084839,12.793696165084839,False,,0.0,0.0,,,12.801643371582031,2026-07-21 08:47:35,x86_64,dacsgpu0002,,64,64,3.11.15,0.21,False,False,adam,True,1,20,hamqaoa,0.01,False,False,hog,False,True,False,False,False,False,False,1,HOG_graphs/random_graphs_8to14vertices_78instances_20260625_143415_AdjacencyList.txt,False,0,32,1,5,1,,43,"[(3, 8), (2, 6), (2, 9), (4, 9), (7, 8), (0, 5), (0, 2), (1, 10), (6, 9), (4, 5), (3, 10), (7, 10), (8, 9), (1, 3), (9, 10), (1, 6), (0, 10), (1, 9), (6, 8), (5, 6), (3, 6), (2, 10), (3, 9), (2, 7), (4, 7), (7, 9), (0, 3), (1, 2), (1, 8), (0, 6), (1, 5), (0, 9), (5, 8)]","[1.0, 1.0, 1.0, 1.0, 1.0, 1.0, 1.0, 1.0, 1.0, 1.0, 1.0, 1.0, 1.0, 1.0, 1.0, 1.0, 1.0, 1.0, 1.0, 1.0, 1.0, 1.0, 1.0, 1.0, 1.0, 1.0, 1.0, 1.0, 1.0, 1.0, 1.0, 1.0, 1.0]"
32c7ac9e,12,21,2,50.0,False,False,"[1, 1, 1]",10.90973972171772,,,,,,,,,,,8.0521975590143,,0.7380742129883273,,,,11.513763904571533,11.513763904571533,False,,0.0,0.0,,,11.521806716918945,2026-07-21 08:47:36,x86_64,dacsgpu0002,,64,64,3.11.15,0.21,False,False,adam,True,1,20,hamqaoa,0.01,False,False,hog,False,True,False,False,False,False,False,1,HOG_graphs/random_graphs_8to14vertices_78instances_20260625_143415_AdjacencyList.txt,False,0,32,1,5,1,,44,"[(3, 8), (3, 5), (1, 4), (0, 8), (0, 11), (5, 7), (2, 8), (2, 5), (9, 10), (1, 9), (5, 6), (6, 11), (3, 6), (2, 10), (2, 7), (0, 3), (10, 11), (1, 8), (1, 5), (6, 10), (5, 8)]","[1.0, 1.0, 1.0, 1.0, 1.0, 1.0, 1.0, 1.0, 1.0, 1.0, 1.0, 1.0, 1.0, 1.0, 1.0, 1.0, 1.0, 1.0, 1.0, 1.0, 1.0]"
304ae2fc,12,24,1,10.0,False,False,"[1, 1, 1]",12.186183800367058,,,,,,,,,,,7.0080820872487,,0.575084226699224,,,,2.2852392196655273,2.2852392196655273,False,,0.0,0.0,,,2.2965104579925537,2026-07-21 08:47:36,x86_64,dacsgpu0002,,64,64,3.11.15,0.21,False,False,adam,True,1,20,hamqaoa,0.01,False,False,hog,False,True,False,False,False,False,False,1,HOG_graphs/random_graphs_8to14vertices_78instances_20260625_143415_AdjacencyList.txt,False,0,32,1,5,1,,48,"[(3, 8), (3, 5), (4, 9), (1, 10), (0, 11), (6, 9), (5, 7), (3, 4), (3, 7), (2, 5), (4, 8), (4, 11), (7, 10), (8, 9), (0, 10), (6, 8), (6, 11), (2, 10), (2, 7), (1, 2), (0, 6), (1, 5), (1, 11), (0, 9)]","[1.0, 1.0, 1.0, 1.0, 1.0, 1.0, 1.0, 1.0, 1.0, 1.0, 1.0, 1.0, 1.0, 1.0, 1.0, 1.0, 1.0, 1.0, 1.0, 1.0, 1.0, 1.0, 1.0, 1.0]"
966546a0,12,18,2,5.0,False,False,"[1, 1, 1]",10.617007221639126,,,,,,,,,,,6.417731238375299,,0.6044764879970088,,,,4.24977707862854,4.24977707862854,False,,0.0,0.0,,,4.2587785720825195,2026-07-21 08:47:36,x86_64,dacsgpu0002,,64,64,3.11.15,0.21,False,True,adam,True,1,20,hamqaoa,0.01,False,False,hog,False,True,False,False,False,False,False,1,HOG_graphs/random_graphs_8to14vertices_78instances_20260625_143415_AdjacencyList.txt,False,0,32,1,5,1,,47,"[(0, 11), (1, 3), (3, 9), (0, 4), (4, 7), (5, 10), (5, 7), (3, 5), (6, 9), (1, 2), (1, 8), (6, 8), (6, 11), (0, 9), (2, 11), (4, 8), (7, 10), (2, 10)]","[1.0, 1.0, 1.0, 1.0, 1.0, 1.0, 1.0, 1.0, 1.0, 1.0, 1.0, 1.0, 1.0, 1.0, 1.0, 1.0, 1.0, 1.0]"
fa0c2840,12,30,1,5.0,False,False,"[1, 1, 1]",14.510477488753505,,,,,,,,,,,7.647455624800565,,0.5270299086110574,,,,2.040778636932373,2.040778636932373,False,,0.0,0.0,,,2.048020124435425,2026-07-21 08:47:37,x86_64,dacsgpu0002,,64,64,3.11.15,0.21,False,False,adam,True,1,20,hamqaoa,0.01,False,False,hog,False,True,False,False,False,False,False,1,HOG_graphs/random_graphs_8to14vertices_78instances_20260625_143415_AdjacencyList.txt,False,0,32,1,5,1,,49,"[(5, 11), (3, 8), (3, 5), (2, 9), (0, 5), (8, 10), (1, 10), (0, 2), (0, 8), (1, 7), (0, 11), (6, 9), (3, 4), (2, 8), (4, 8), (3, 10), (4, 11), (1, 3), (9, 10), (1, 6), (0, 4), (5, 6), (6, 11), (5, 9), (2, 7), (4, 7), (7, 9), (1, 2), (10, 11), (6, 7)]","[1.0, 1.0, 1.0, 1.0, 1.0, 1.0, 1.0, 1.0, 1.0, 1.0, 1.0, 1.0, 1.0, 1.0, 1.0, 1.0, 1.0, 1.0, 1.0, 1.0, 1.0, 1.0, 1.0, 1.0, 1.0, 1.0, 1.0, 1.0, 1.0, 1.0]"
c659d715,12,18,1,50.0,False,False,"[1, 1, 1]",10.617007221639126,,,,,,,,,,,6.6134523051062395,,0.6229111619729322,,,,4.139380693435669,4.139380693435669,False,,0.0,0.0,,,4.14581298828125,2026-07-21 08:47:37,x86_64,dacsgpu0002,,64,64,3.11.15,0.21,False,True,adam,True,1,20,hamqaoa,0.01,False,False,hog,False,True,False,False,False,False,False,1,HOG_graphs/random_graphs_8to14vertices_78instances_20260625_143415_AdjacencyList.txt,False,0,32,1,5,1,,47,"[(0, 11), (1, 3), (3, 9), (0, 4), (4, 7), (5, 10), (5, 7), (3, 5), (6, 9), (1, 2), (1, 8), (6, 8), (6, 11), (0, 9), (2, 11), (4, 8), (7, 10), (2, 10)]","[1.0, 1.0, 1.0, 1.0, 1.0, 1.0, 1.0, 1.0, 1.0, 1.0, 1.0, 1.0, 1.0, 1.0, 1.0, 1.0, 1.0, 1.0]"
6701b95b,12,24,1,25.0,False,False,"[1, 1, 1]",12.186183800367058,,,,,,,,,,,8.546860657870317,,0.7013566181081955,,,,3.072354555130005,3.072354555130005,False,,0.0,0.0,,,3.0834150314331055,2026-07-21 08:47:37,x86_64,dacsgpu0002,,64,64,3.11.15,0.2,False,False,adam,True,1,20,hamqaoa,0.01,False,False,hog,False,True,False,False,False,False,False,1,HOG_graphs/random_graphs_8to14vertices_78instances_20260625_143415_AdjacencyList.txt,False,0,32,1,5,1,,48,"[(3, 8), (3, 5), (4, 9), (1, 10), (0, 11), (6, 9), (5, 7), (3, 4), (3, 7), (2, 5), (4, 8), (4, 11), (7, 10), (8, 9), (0, 10), (6, 8), (6, 11), (2, 10), (2, 7), (1, 2), (0, 6), (1, 5), (1, 11), (0, 9)]","[1.0, 1.0, 1.0, 1.0, 1.0, 1.0, 1.0, 1.0, 1.0, 1.0, 1.0, 1.0, 1.0, 1.0, 1.0, 1.0, 1.0, 1.0, 1.0, 1.0, 1.0, 1.0, 1.0, 1.0]"
15443ab7,12,18,2,10.0,False,False,"[1, 1, 1]",10.617007221639126,,,,,,,,,,,6.141268263282908,,0.5784368546689919,,,,4.945399761199951,4.945399761199951,False,,0.0,0.0,,,4.9538092613220215,2026-07-21 08:47:37,x86_64,dacsgpu0002,,64,64,3.11.15,0.21,False,True,adam,True,1,20,hamqaoa,0.01,False,False,hog,False,True,False,False,False,False,False,1,HOG_graphs/random_graphs_8to14vertices_78instances_20260625_143415_AdjacencyList.txt,False,0,32,1,5,1,,47,"[(0, 11), (1, 3), (3, 9), (0, 4), (4, 7), (5, 10), (5, 7), (3, 5), (6, 9), (1, 2), (1, 8), (6, 8), (6, 11), (0, 9), (2, 11), (4, 8), (7, 10), (2, 10)]","[1.0, 1.0, 1.0, 1.0, 1.0, 1.0, 1.0, 1.0, 1.0, 1.0, 1.0, 1.0, 1.0, 1.0, 1.0, 1.0, 1.0, 1.0]"
903b4936,12,30,1,10.0,False,False,"[1, 1, 1]",14.510477488753505,,,,,,,,,,,8.30803901320907,,0.5725544882756822,,,,2.382582902908325,2.382582902908325,False,,0.0,0.0,,,2.3957464694976807,2026-07-21 08:47:37,x86_64,dacsgpu0002,,64,64,3.11.15,0.21,False,False,adam,True,1,20,hamqaoa,0.01,False,False,hog,False,True,False,False,False,False,False,1,HOG_graphs/random_graphs_8to14vertices_78instances_20260625_143415_AdjacencyList.txt,False,0,32,1,5,1,,49,"[(5, 11), (3, 8), (3, 5), (2, 9), (0, 5), (8, 10), (1, 10), (0, 2), (0, 8), (1, 7), (0, 11), (6, 9), (3, 4), (2, 8), (4, 8), (3, 10), (4, 11), (1, 3), (9, 10), (1, 6), (0, 4), (5, 6), (6, 11), (5, 9), (2, 7), (4, 7), (7, 9), (1, 2), (10, 11), (6, 7)]","[1.0, 1.0, 1.0, 1.0, 1.0, 1.0, 1.0, 1.0, 1.0, 1.0, 1.0, 1.0, 1.0, 1.0, 1.0, 1.0, 1.0, 1.0, 1.0, 1.0, 1.0, 1.0, 1.0, 1.0, 1.0, 1.0, 1.0, 1.0, 1.0, 1.0]"
2ed1301c,12,23,2,50.0,False,False,"[1, 1, 1]",12.144173766467386,,,,,,,,,,,8.72264900923997,,0.7182579216154692,,,,12.125919103622437,12.125919103622437,False,,0.0,0.0,,,12.134255170822144,2026-07-21 08:47:38,x86_64,dacsgpu0002,,64,64,3.11.15,0.21,False,False,adam,True,1,20,hamqaoa,0.01,False,False,hog,False,True,False,False,False,False,False,1,HOG_graphs/random_graphs_8to14vertices_78instances_20260625_143415_AdjacencyList.txt,False,0,32,1,5,1,,45,"[(5, 11), (2, 6), (3, 11), (2, 9), (1, 4), (0, 8), (1, 7), (0, 11), (4, 5), (3, 7), (2, 5), (4, 8), (3, 10), (7, 10), (5, 9), (3, 6), (2, 10), (3, 9), (7, 9), (1, 8), (1, 5), (1, 11), (0, 9)]","[1.0, 1.0, 1.0, 1.0, 1.0, 1.0, 1.0, 1.0, 1.0, 1.0, 1.0, 1.0, 1.0, 1.0, 1.0, 1.0, 1.0, 1.0, 1.0, 1.0, 1.0, 1.0, 1.0]"
b2c4894d,12,42,1,50.0,False,False,"[1, 1, 1]",17.345805660953108,,,,,,,,,,,10.499998843596385,,0.6053335918107731,,,,6.275011777877808,6.275011777877808,False,,0.0,0.0,,,6.283687591552734,2026-07-21 08:47:38,x86_64,dacsgpu0002,,64,64,3.11.15,0.21,False,False,adam,True,1,20,hamqaoa,0.01,False,False,hog,False,True,False,False,False,False,False,1,HOG_graphs/random_graphs_8to14vertices_78instances_20260625_143415_AdjacencyList.txt,False,0,32,1,5,1,,46,"[(2, 3), (3, 8), (2, 6), (3, 5), (3, 11), (2, 9), (4, 6), (4, 9), (7, 11), (8, 10), (1, 4), (0, 2), (9, 11), (5, 10), (6, 9), (5, 7), (2, 8), (4, 5), (3, 7), (2, 5), (4, 8), (3, 10), (1, 3), (0, 1), (9, 10), (1, 6), (0, 4), (0, 10), (1, 9), (5, 6), (6, 11), (2, 4), (2, 10), (2, 7), (4, 10), (4, 7), (10, 11), (1, 8), (1, 11), (0, 9), (5, 8), (6, 7)]","[1.0, 1.0, 1.0, 1.0, 1.0, 1.0, 1.0, 1.0, 1.0, 1.0, 1.0, 1.0, 1.0, 1.0, 1.0, 1.0, 1.0, 1.0, 1.0, 1.0, 1.0, 1.0, 1.0, 1.0, 1.0, 1.0, 1.0, 1.0, 1.0, 1.0, 1.0, 1.0, 1.0, 1.0, 1.0, 1.0, 1.0, 1.0, 1.0, 1.0, 1.0, 1.0]"
800929bd,12,24,2,5.0,False,False,"[1, 1, 1]",12.186183800367058,,,,,,,,,,,6.978551404789282,,0.5726609346380515,,,,4.705348491668701,4.705348491668701,False,,0.0,0.0,,,4.717354774475098,2026-07-21 08:47:38,x86_64,dacsgpu0002,,64,64,3.11.15,0.21,False,False,adam,True,1,20,hamqaoa,0.01,False,False,hog,False,True,False,False,False,False,False,1,HOG_graphs/random_graphs_8to14vertices_78instances_20260625_143415_AdjacencyList.txt,False,0,32,1,5,1,,48,"[(3, 8), (3, 5), (4, 9), (1, 10), (0, 11), (6, 9), (5, 7), (3, 4), (3, 7), (2, 5), (4, 8), (4, 11), (7, 10), (8, 9), (0, 10), (6, 8), (6, 11), (2, 10), (2, 7), (1, 2), (0, 6), (1, 5), (1, 11), (0, 9)]","[1.0, 1.0, 1.0, 1.0, 1.0, 1.0, 1.0, 1.0, 1.0, 1.0, 1.0, 1.0, 1.0, 1.0, 1.0, 1.0, 1.0, 1.0, 1.0, 1.0, 1.0, 1.0, 1.0, 1.0]"
bcdfa553,12,30,1,25.0,False,False,"[1, 1, 1]",14.510477488753505,,,,,,,,,,,10.300543778642098,,0.7098693882834414,,,,3.2945029735565186,3.2945029735565186,False,,0.0,0.0,,,3.3052401542663574,2026-07-21 08:47:39,x86_64,dacsgpu0002,,64,64,3.11.15,0.21,False,False,adam,True,1,20,hamqaoa,0.01,False,False,hog,False,True,False,False,False,False,False,1,HOG_graphs/random_graphs_8to14vertices_78instances_20260625_143415_AdjacencyList.txt,False,0,32,1,5,1,,49,"[(5, 11), (3, 8), (3, 5), (2, 9), (0, 5), (8, 10), (1, 10), (0, 2), (0, 8), (1, 7), (0, 11), (6, 9), (3, 4), (2, 8), (4, 8), (3, 10), (4, 11), (1, 3), (9, 10), (1, 6), (0, 4), (5, 6), (6, 11), (5, 9), (2, 7), (4, 7), (7, 9), (1, 2), (10, 11), (6, 7)]","[1.0, 1.0, 1.0, 1.0, 1.0, 1.0, 1.0, 1.0, 1.0, 1.0, 1.0, 1.0, 1.0, 1.0, 1.0, 1.0, 1.0, 1.0, 1.0, 1.0, 1.0, 1.0, 1.0, 1.0, 1.0, 1.0, 1.0, 1.0, 1.0, 1.0]"
bfb5fad7,12,24,1,50.0,False,False,"[1, 1, 1]",12.186183800367058,,,,,,,,,,,5.999989804975611,,0.4923600286411966,,,,4.567510604858398,4.567510604858398,False,,0.0,0.0,,,4.577765703201294,2026-07-21 08:47:39,x86_64,dacsgpu0002,,64,64,3.11.15,0.21,False,False,adam,True,1,20,hamqaoa,0.01,False,False,hog,False,True,False,False,False,False,False,1,HOG_graphs/random_graphs_8to14vertices_78instances_20260625_143415_AdjacencyList.txt,False,0,32,1,5,1,,48,"[(3, 8), (3, 5), (4, 9), (1, 10), (0, 11), (6, 9), (5, 7), (3, 4), (3, 7), (2, 5), (4, 8), (4, 11), (7, 10), (8, 9), (0, 10), (6, 8), (6, 11), (2, 10), (2, 7), (1, 2), (0, 6), (1, 5), (1, 11), (0, 9)]","[1.0, 1.0, 1.0, 1.0, 1.0, 1.0, 1.0, 1.0, 1.0, 1.0, 1.0, 1.0, 1.0, 1.0, 1.0, 1.0, 1.0, 1.0, 1.0, 1.0, 1.0, 1.0, 1.0, 1.0]"
aa1293af,12,24,2,10.0,False,False,"[1, 1, 1]",12.186183800367058,,,,,,,,,,,7.6466973256345865,,0.6274890852544225,,,,5.524218559265137,5.524218559265137,False,,0.0,0.0,,,5.533451557159424,2026-07-21 08:47:39,x86_64,dacsgpu0002,,64,64,3.11.15,0.21,False,False,adam,True,1,20,hamqaoa,0.01,False,False,hog,False,True,False,False,False,False,False,1,HOG_graphs/random_graphs_8to14vertices_78instances_20260625_143415_AdjacencyList.txt,False,0,32,1,5,1,,48,"[(3, 8), (3, 5), (4, 9), (1, 10), (0, 11), (6, 9), (5, 7), (3, 4), (3, 7), (2, 5), (4, 8), (4, 11), (7, 10), (8, 9), (0, 10), (6, 8), (6, 11), (2, 10), (2, 7), (1, 2), (0, 6), (1, 5), (1, 11), (0, 9)]","[1.0, 1.0, 1.0, 1.0, 1.0, 1.0, 1.0, 1.0, 1.0, 1.0, 1.0, 1.0, 1.0, 1.0, 1.0, 1.0, 1.0, 1.0, 1.0, 1.0, 1.0, 1.0, 1.0, 1.0]"
6099896f,12,18,2,25.0,False,False,"[1, 1, 1]",10.617007221639126,,,,,,,,,,,6.212461936001279,,0.5851424800144533,,,,7.018691062927246,7.018691062927246,False,,0.0,0.0,,,7.027158260345459,2026-07-21 08:47:40,x86_64,dacsgpu0002,,64,64,3.11.15,0.21,False,True,adam,True,1,20,hamqaoa,0.01,False,False,hog,False,True,False,False,False,False,False,1,HOG_graphs/random_graphs_8to14vertices_78instances_20260625_143415_AdjacencyList.txt,False,0,32,1,5,1,,47,"[(0, 11), (1, 3), (3, 9), (0, 4), (4, 7), (5, 10), (5, 7), (3, 5), (6, 9), (1, 2), (1, 8), (6, 8), (6, 11), (0, 9), (2, 11), (4, 8), (7, 10), (2, 10)]","[1.0, 1.0, 1.0, 1.0, 1.0, 1.0, 1.0, 1.0, 1.0, 1.0, 1.0, 1.0, 1.0, 1.0, 1.0, 1.0, 1.0, 1.0]"
93cd2d6f,12,30,2,5.0,False,False,"[1, 1, 1]",14.510477488753505,,,,,,,,,,,9.726673951863152,,0.6703207361302831,,,,5.011135816574097,5.011135816574097,False,,0.0,0.0,,,5.018995523452759,2026-07-21 08:47:40,x86_64,dacsgpu0002,,64,64,3.11.15,0.21,False,False,adam,True,1,20,hamqaoa,0.01,False,False,hog,False,True,False,False,False,False,False,1,HOG_graphs/random_graphs_8to14vertices_78instances_20260625_143415_AdjacencyList.txt,False,0,32,1,5,1,,49,"[(5, 11), (3, 8), (3, 5), (2, 9), (0, 5), (8, 10), (1, 10), (0, 2), (0, 8), (1, 7), (0, 11), (6, 9), (3, 4), (2, 8), (4, 8), (3, 10), (4, 11), (1, 3), (9, 10), (1, 6), (0, 4), (5, 6), (6, 11), (5, 9), (2, 7), (4, 7), (7, 9), (1, 2), (10, 11), (6, 7)]","[1.0, 1.0, 1.0, 1.0, 1.0, 1.0, 1.0, 1.0, 1.0, 1.0, 1.0, 1.0, 1.0, 1.0, 1.0, 1.0, 1.0, 1.0, 1.0, 1.0, 1.0, 1.0, 1.0, 1.0, 1.0, 1.0, 1.0, 1.0, 1.0, 1.0]"
bbce2530,12,30,1,50.0,False,False,"[1, 1, 1]",14.510477488753505,,,,,,,,,,,8.8082217977303,,0.6070249448756736,,,,4.8140785694122314,4.8140785694122314,False,,0.0,0.0,,,4.820291757583618,2026-07-21 08:47:40,x86_64,dacsgpu0002,,64,64,3.11.15,0.21,False,False,adam,True,1,20,hamqaoa,0.01,False,False,hog,False,True,False,False,False,False,False,1,HOG_graphs/random_graphs_8to14vertices_78instances_20260625_143415_AdjacencyList.txt,False,0,32,1,5,1,,49,"[(5, 11), (3, 8), (3, 5), (2, 9), (0, 5), (8, 10), (1, 10), (0, 2), (0, 8), (1, 7), (0, 11), (6, 9), (3, 4), (2, 8), (4, 8), (3, 10), (4, 11), (1, 3), (9, 10), (1, 6), (0, 4), (5, 6), (6, 11), (5, 9), (2, 7), (4, 7), (7, 9), (1, 2), (10, 11), (6, 7)]","[1.0, 1.0, 1.0, 1.0, 1.0, 1.0, 1.0, 1.0, 1.0, 1.0, 1.0, 1.0, 1.0, 1.0, 1.0, 1.0, 1.0, 1.0, 1.0, 1.0, 1.0, 1.0, 1.0, 1.0, 1.0, 1.0, 1.0, 1.0, 1.0, 1.0]"
dc5814fc,12,30,2,10.0,False,False,"[1, 1, 1]",14.510477488753505,,,,,,,,,,,9.089147104713758,,0.6263851146013902,,,,5.927512884140015,5.927512884140015,False,,0.0,0.0,,,5.935907363891602,2026-07-21 08:47:41,x86_64,dacsgpu0002,,64,64,3.11.15,0.21,False,False,adam,True,1,20,hamqaoa,0.01,False,False,hog,False,True,False,False,False,False,False,1,HOG_graphs/random_graphs_8to14vertices_78instances_20260625_143415_AdjacencyList.txt,False,0,32,1,5,1,,49,"[(5, 11), (3, 8), (3, 5), (2, 9), (0, 5), (8, 10), (1, 10), (0, 2), (0, 8), (1, 7), (0, 11), (6, 9), (3, 4), (2, 8), (4, 8), (3, 10), (4, 11), (1, 3), (9, 10), (1, 6), (0, 4), (5, 6), (6, 11), (5, 9), (2, 7), (4, 7), (7, 9), (1, 2), (10, 11), (6, 7)]","[1.0, 1.0, 1.0, 1.0, 1.0, 1.0, 1.0, 1.0, 1.0, 1.0, 1.0, 1.0, 1.0, 1.0, 1.0, 1.0, 1.0, 1.0, 1.0, 1.0, 1.0, 1.0, 1.0, 1.0, 1.0, 1.0, 1.0, 1.0, 1.0, 1.0]"
ad2d527d,12,24,2,25.0,False,False,"[1, 1, 1]",12.186183800367058,,,,,,,,,,,9.28979300327978,,0.7623217535090816,,,,7.8455491065979,7.8455491065979,False,,0.0,0.0,,,7.85901141166687,2026-07-21 08:47:42,x86_64,dacsgpu0002,,64,64,3.11.15,0.21,False,False,adam,True,1,20,hamqaoa,0.01,False,False,hog,False,True,False,False,False,False,False,1,HOG_graphs/random_graphs_8to14vertices_78instances_20260625_143415_AdjacencyList.txt,False,0,32,1,5,1,,48,"[(3, 8), (3, 5), (4, 9), (1, 10), (0, 11), (6, 9), (5, 7), (3, 4), (3, 7), (2, 5), (4, 8), (4, 11), (7, 10), (8, 9), (0, 10), (6, 8), (6, 11), (2, 10), (2, 7), (1, 2), (0, 6), (1, 5), (1, 11), (0, 9)]","[1.0, 1.0, 1.0, 1.0, 1.0, 1.0, 1.0, 1.0, 1.0, 1.0, 1.0, 1.0, 1.0, 1.0, 1.0, 1.0, 1.0, 1.0, 1.0, 1.0, 1.0, 1.0, 1.0, 1.0]"
f1e915d2,12,42,2,25.0,False,False,"[1, 1, 1]",17.345805660953108,,,,,,,,,,,13.46950939145108,,0.7765283236034459,,,,10.711009740829468,10.711009740829468,False,,0.0,0.0,,,10.718708276748657,2026-07-21 08:47:42,x86_64,dacsgpu0002,,64,64,3.11.15,0.21,False,False,adam,True,1,20,hamqaoa,0.01,False,False,hog,False,True,False,False,False,False,False,1,HOG_graphs/random_graphs_8to14vertices_78instances_20260625_143415_AdjacencyList.txt,False,0,32,1,5,1,,46,"[(2, 3), (3, 8), (2, 6), (3, 5), (3, 11), (2, 9), (4, 6), (4, 9), (7, 11), (8, 10), (1, 4), (0, 2), (9, 11), (5, 10), (6, 9), (5, 7), (2, 8), (4, 5), (3, 7), (2, 5), (4, 8), (3, 10), (1, 3), (0, 1), (9, 10), (1, 6), (0, 4), (0, 10), (1, 9), (5, 6), (6, 11), (2, 4), (2, 10), (2, 7), (4, 10), (4, 7), (10, 11), (1, 8), (1, 11), (0, 9), (5, 8), (6, 7)]","[1.0, 1.0, 1.0, 1.0, 1.0, 1.0, 1.0, 1.0, 1.0, 1.0, 1.0, 1.0, 1.0, 1.0, 1.0, 1.0, 1.0, 1.0, 1.0, 1.0, 1.0, 1.0, 1.0, 1.0, 1.0, 1.0, 1.0, 1.0, 1.0, 1.0, 1.0, 1.0, 1.0, 1.0, 1.0, 1.0, 1.0, 1.0, 1.0, 1.0, 1.0, 1.0]"
7ac78525,12,20,1,5.0,False,False,"[1, 1, 1]",10.095913301643497,,,,,,,,,,,6.17306835431355,,0.6114422905462794,,,,1.5695068836212158,1.5695068836212158,False,,0.0,0.0,,,1.576000452041626,2026-07-21 08:47:42,x86_64,dacsgpu0002,,64,64,3.11.15,0.21,False,False,adam,True,1,20,hamqaoa,0.01,False,False,hog,False,True,False,False,False,False,False,1,HOG_graphs/random_graphs_8to14vertices_78instances_20260625_143415_AdjacencyList.txt,False,0,32,1,5,1,,50,"[(5, 11), (2, 6), (0, 5), (0, 2), (5, 10), (2, 8), (2, 5), (2, 11), (1, 3), (0, 1), (0, 4), (0, 10), (0, 7), (6, 8), (2, 4), (3, 9), (2, 7), (7, 9), (0, 3), (0, 6)]","[1.0, 1.0, 1.0, 1.0, 1.0, 1.0, 1.0, 1.0, 1.0, 1.0, 1.0, 1.0, 1.0, 1.0, 1.0, 1.0, 1.0, 1.0, 1.0, 1.0]"
82d18eb6,12,20,1,10.0,False,False,"[1, 1, 1]",10.095913301643497,,,,,,,,,,,6.467859870705719,,0.6406413840393049,,,,1.9914748668670654,1.9914748668670654,False,,0.0,0.0,,,1.9991600513458252,2026-07-21 08:47:43,x86_64,dacsgpu0002,,64,64,3.11.15,0.21,False,False,adam,True,1,20,hamqaoa,0.01,False,False,hog,False,True,False,False,False,False,False,1,HOG_graphs/random_graphs_8to14vertices_78instances_20260625_143415_AdjacencyList.txt,False,0,32,1,5,1,,50,"[(5, 11), (2, 6), (0, 5), (0, 2), (5, 10), (2, 8), (2, 5), (2, 11), (1, 3), (0, 1), (0, 4), (0, 10), (0, 7), (6, 8), (2, 4), (3, 9), (2, 7), (7, 9), (0, 3), (0, 6)]","[1.0, 1.0, 1.0, 1.0, 1.0, 1.0, 1.0, 1.0, 1.0, 1.0, 1.0, 1.0, 1.0, 1.0, 1.0, 1.0, 1.0, 1.0, 1.0, 1.0]"
64300eae,12,18,2,50.0,False,False,"[1, 1, 1]",10.617007221639126,,,,,,,,,,,6.122826494738335,,0.5766998521258471,,,,10.868896722793579,10.868896722793579,False,,0.0,0.0,,,10.889643430709839,2026-07-21 08:47:44,x86_64,dacsgpu0002,,64,64,3.11.15,0.21,False,True,adam,True,1,20,hamqaoa,0.01,False,False,hog,False,True,False,False,False,False,False,1,HOG_graphs/random_graphs_8to14vertices_78instances_20260625_143415_AdjacencyList.txt,False,0,32,1,5,1,,47,"[(0, 11), (1, 3), (3, 9), (0, 4), (4, 7), (5, 10), (5, 7), (3, 5), (6, 9), (1, 2), (1, 8), (6, 8), (6, 11), (0, 9), (2, 11), (4, 8), (7, 10), (2, 10)]","[1.0, 1.0, 1.0, 1.0, 1.0, 1.0, 1.0, 1.0, 1.0, 1.0, 1.0, 1.0, 1.0, 1.0, 1.0, 1.0, 1.0, 1.0]"
f9431287,12,27,1,5.0,False,False,"[1, 1, 1]",12.84724310191018,,,,,,,,,,,7.128571707665466,,0.5548717068026494,,,,2.0335960388183594,2.0335960388183594,False,,0.0,0.0,,,2.041660785675049,2026-07-21 08:47:44,x86_64,dacsgpu0002,,64,64,3.11.15,0.21,False,False,adam,True,1,20,hamqaoa,0.01,False,False,hog,False,True,False,False,False,False,False,1,HOG_graphs/random_graphs_8to14vertices_78instances_20260625_143415_AdjacencyList.txt,False,0,32,1,5,1,,51,"[(3, 8), (3, 5), (2, 9), (0, 5), (1, 4), (1, 10), (0, 2), (0, 8), (0, 11), (2, 8), (4, 11), (8, 9), (0, 1), (1, 6), (0, 4), (0, 10), (0, 7), (5, 6), (2, 4), (2, 10), (4, 7), (0, 3), (10, 11), (0, 6), (1, 5), (0, 9), (6, 7)]","[1.0, 1.0, 1.0, 1.0, 1.0, 1.0, 1.0, 1.0, 1.0, 1.0, 1.0, 1.0, 1.0, 1.0, 1.0, 1.0, 1.0, 1.0, 1.0, 1.0, 1.0, 1.0, 1.0, 1.0, 1.0, 1.0, 1.0]"
7b5eb4f2,12,30,2,25.0,False,False,"[1, 1, 1]",14.510477488753505,,,,,,,,,,,9.154625891237249,,0.6308976323027713,,,,8.858199119567871,8.858199119567871,False,,0.0,0.0,,,8.868151664733887,2026-07-21 08:47:44,x86_64,dacsgpu0002,,64,64,3.11.15,0.22,False,False,adam,True,1,20,hamqaoa,0.01,False,False,hog,False,True,False,False,False,False,False,1,HOG_graphs/random_graphs_8to14vertices_78instances_20260625_143415_AdjacencyList.txt,False,0,32,1,5,1,,49,"[(5, 11), (3, 8), (3, 5), (2, 9), (0, 5), (8, 10), (1, 10), (0, 2), (0, 8), (1, 7), (0, 11), (6, 9), (3, 4), (2, 8), (4, 8), (3, 10), (4, 11), (1, 3), (9, 10), (1, 6), (0, 4), (5, 6), (6, 11), (5, 9), (2, 7), (4, 7), (7, 9), (1, 2), (10, 11), (6, 7)]","[1.0, 1.0, 1.0, 1.0, 1.0, 1.0, 1.0, 1.0, 1.0, 1.0, 1.0, 1.0, 1.0, 1.0, 1.0, 1.0, 1.0, 1.0, 1.0, 1.0, 1.0, 1.0, 1.0, 1.0, 1.0, 1.0, 1.0, 1.0, 1.0, 1.0]"
39dbc704,12,20,1,25.0,False,False,"[1, 1, 1]",10.095913301643497,,,,,,,,,,,7.217096738498741,,0.7148532800221137,,,,2.9941675662994385,2.9941675662994385,False,,0.0,0.0,,,3.002329111099243,2026-07-21 08:47:44,x86_64,dacsgpu0002,,64,64,3.11.15,0.21,False,False,adam,True,1,20,hamqaoa,0.01,False,False,hog,False,True,False,False,False,False,False,1,HOG_graphs/random_graphs_8to14vertices_78instances_20260625_143415_AdjacencyList.txt,False,0,32,1,5,1,,50,"[(5, 11), (2, 6), (0, 5), (0, 2), (5, 10), (2, 8), (2, 5), (2, 11), (1, 3), (0, 1), (0, 4), (0, 10), (0, 7), (6, 8), (2, 4), (3, 9), (2, 7), (7, 9), (0, 3), (0, 6)]","[1.0, 1.0, 1.0, 1.0, 1.0, 1.0, 1.0, 1.0, 1.0, 1.0, 1.0, 1.0, 1.0, 1.0, 1.0, 1.0, 1.0, 1.0, 1.0, 1.0]"
a97b76b5,12,27,1,10.0,False,False,"[1, 1, 1]",12.84724310191018,,,,,,,,,,,9.251672844165451,,0.7201290401977273,,,,2.5032620429992676,2.5032620429992676,False,,0.0,0.0,,,2.5103776454925537,2026-07-21 08:47:45,x86_64,dacsgpu0002,,64,64,3.11.15,0.21,False,False,adam,True,1,20,hamqaoa,0.01,False,False,hog,False,True,False,False,False,False,False,1,HOG_graphs/random_graphs_8to14vertices_78instances_20260625_143415_AdjacencyList.txt,False,0,32,1,5,1,,51,"[(3, 8), (3, 5), (2, 9), (0, 5), (1, 4), (1, 10), (0, 2), (0, 8), (0, 11), (2, 8), (4, 11), (8, 9), (0, 1), (1, 6), (0, 4), (0, 10), (0, 7), (5, 6), (2, 4), (2, 10), (4, 7), (0, 3), (10, 11), (0, 6), (1, 5), (0, 9), (6, 7)]","[1.0, 1.0, 1.0, 1.0, 1.0, 1.0, 1.0, 1.0, 1.0, 1.0, 1.0, 1.0, 1.0, 1.0, 1.0, 1.0, 1.0, 1.0, 1.0, 1.0, 1.0, 1.0, 1.0, 1.0, 1.0, 1.0, 1.0]"
19cc36f9,12,20,2,5.0,False,False,"[1, 1, 1]",10.095913301643497,,,,,,,,,,,6.844211063082158,,0.6779189617216701,,,,4.274927377700806,4.274927377700806,False,,0.0,0.0,,,4.281851291656494,2026-07-21 08:47:45,x86_64,dacsgpu0002,,64,64,3.11.15,0.21,False,False,adam,True,1,20,hamqaoa,0.01,False,False,hog,False,True,False,False,False,False,False,1,HOG_graphs/random_graphs_8to14vertices_78instances_20260625_143415_AdjacencyList.txt,False,0,32,1,5,1,,50,"[(5, 11), (2, 6), (0, 5), (0, 2), (5, 10), (2, 8), (2, 5), (2, 11), (1, 3), (0, 1), (0, 4), (0, 10), (0, 7), (6, 8), (2, 4), (3, 9), (2, 7), (7, 9), (0, 3), (0, 6)]","[1.0, 1.0, 1.0, 1.0, 1.0, 1.0, 1.0, 1.0, 1.0, 1.0, 1.0, 1.0, 1.0, 1.0, 1.0, 1.0, 1.0, 1.0, 1.0, 1.0]"
f24711bc,12,24,1,5.0,False,False,"[1, 1, 1]",12.441468738783803,,,,,,,,,,,6.836769709183267,,0.5495146797155065,,,,1.9307405948638916,1.9307405948638916,False,,0.0,0.0,,,1.9439024925231934,2026-07-21 08:47:45,x86_64,dacsgpu0002,,64,64,3.11.15,0.21,False,False,adam,True,1,20,hamqaoa,0.01,False,False,hog,False,True,False,False,False,False,False,1,HOG_graphs/random_graphs_8to14vertices_78instances_20260625_143415_AdjacencyList.txt,False,0,32,1,5,1,,52,"[(2, 3), (3, 5), (4, 6), (7, 8), (0, 2), (0, 11), (6, 9), (5, 7), (3, 4), (4, 5), (1, 3), (0, 1), (9, 10), (0, 10), (1, 9), (6, 8), (5, 6), (2, 4), (7, 9), (10, 11), (1, 8), (0, 6), (1, 11), (0, 9)]","[1.0, 1.0, 1.0, 1.0, 1.0, 1.0, 1.0, 1.0, 1.0, 1.0, 1.0, 1.0, 1.0, 1.0, 1.0, 1.0, 1.0, 1.0, 1.0, 1.0, 1.0, 1.0, 1.0, 1.0]"
ce94144d,12,24,1,10.0,False,False,"[1, 1, 1]",12.441468738783803,,,,,,,,,,,7.084261420797507,,0.5694071632164884,,,,2.283597469329834,2.283597469329834,False,,0.0,0.0,,,2.2980635166168213,2026-07-21 08:47:46,x86_64,dacsgpu0002,,64,64,3.11.15,0.21,False,False,adam,True,1,20,hamqaoa,0.01,False,False,hog,False,True,False,False,False,False,False,1,HOG_graphs/random_graphs_8to14vertices_78instances_20260625_143415_AdjacencyList.txt,False,0,32,1,5,1,,52,"[(2, 3), (3, 5), (4, 6), (7, 8), (0, 2), (0, 11), (6, 9), (5, 7), (3, 4), (4, 5), (1, 3), (0, 1), (9, 10), (0, 10), (1, 9), (6, 8), (5, 6), (2, 4), (7, 9), (10, 11), (1, 8), (0, 6), (1, 11), (0, 9)]","[1.0, 1.0, 1.0, 1.0, 1.0, 1.0, 1.0, 1.0, 1.0, 1.0, 1.0, 1.0, 1.0, 1.0, 1.0, 1.0, 1.0, 1.0, 1.0, 1.0, 1.0, 1.0, 1.0, 1.0]"
5fded9a8,12,20,1,50.0,False,False,"[1, 1, 1]",10.095913301643497,,,,,,,,,,,5.999959594429544,,0.5942958715238591,,,,4.46794319152832,4.46794319152832,False,,0.0,0.0,,,4.4763994216918945,2026-07-21 08:47:46,x86_64,dacsgpu0002,,64,64,3.11.15,0.21,False,False,adam,True,1,20,hamqaoa,0.01,False,False,hog,False,True,False,False,False,False,False,1,HOG_graphs/random_graphs_8to14vertices_78instances_20260625_143415_AdjacencyList.txt,False,0,32,1,5,1,,50,"[(5, 11), (2, 6), (0, 5), (0, 2), (5, 10), (2, 8), (2, 5), (2, 11), (1, 3), (0, 1), (0, 4), (0, 10), (0, 7), (6, 8), (2, 4), (3, 9), (2, 7), (7, 9), (0, 3), (0, 6)]","[1.0, 1.0, 1.0, 1.0, 1.0, 1.0, 1.0, 1.0, 1.0, 1.0, 1.0, 1.0, 1.0, 1.0, 1.0, 1.0, 1.0, 1.0, 1.0, 1.0]"
bb1ec429,12,27,1,25.0,False,False,"[1, 1, 1]",12.84724310191018,,,,,,,,,,,9.285431848368987,,0.7227567638218343,,,,3.4926226139068604,3.4926226139068604,False,,0.0,0.0,,,3.5004448890686035,2026-07-21 08:47:46,x86_64,dacsgpu0002,,64,64,3.11.15,0.21,False,False,adam,True,1,20,hamqaoa,0.01,False,False,hog,False,True,False,False,False,False,False,1,HOG_graphs/random_graphs_8to14vertices_78instances_20260625_143415_AdjacencyList.txt,False,0,32,1,5,1,,51,"[(3, 8), (3, 5), (2, 9), (0, 5), (1, 4), (1, 10), (0, 2), (0, 8), (0, 11), (2, 8), (4, 11), (8, 9), (0, 1), (1, 6), (0, 4), (0, 10), (0, 7), (5, 6), (2, 4), (2, 10), (4, 7), (0, 3), (10, 11), (0, 6), (1, 5), (0, 9), (6, 7)]","[1.0, 1.0, 1.0, 1.0, 1.0, 1.0, 1.0, 1.0, 1.0, 1.0, 1.0, 1.0, 1.0, 1.0, 1.0, 1.0, 1.0, 1.0, 1.0, 1.0, 1.0, 1.0, 1.0, 1.0, 1.0, 1.0, 1.0]"
c074d430,12,20,2,10.0,False,False,"[1, 1, 1]",10.095913301643497,,,,,,,,,,,6.565834128808661,,0.6503457322419577,,,,5.374256134033203,5.374256134033203,False,,0.0,0.0,,,5.381667852401733,2026-07-21 08:47:47,x86_64,dacsgpu0002,,64,64,3.11.15,0.21,False,False,adam,True,1,20,hamqaoa,0.01,False,False,hog,False,True,False,False,False,False,False,1,HOG_graphs/random_graphs_8to14vertices_78instances_20260625_143415_AdjacencyList.txt,False,0,32,1,5,1,,50,"[(5, 11), (2, 6), (0, 5), (0, 2), (5, 10), (2, 8), (2, 5), (2, 11), (1, 3), (0, 1), (0, 4), (0, 10), (0, 7), (6, 8), (2, 4), (3, 9), (2, 7), (7, 9), (0, 3), (0, 6)]","[1.0, 1.0, 1.0, 1.0, 1.0, 1.0, 1.0, 1.0, 1.0, 1.0, 1.0, 1.0, 1.0, 1.0, 1.0, 1.0, 1.0, 1.0, 1.0, 1.0]"
3268441f,12,24,1,5.0,False,False,"[1, 1, 1]",12.02946125476974,,,,,,,,,,,6.975456408301757,,0.5798644062747161,,,,1.8935825824737549,1.8935825824737549,False,,0.0,0.0,,,1.9052250385284424,2026-07-21 08:47:47,x86_64,dacsgpu0002,,64,64,3.11.15,0.21,False,False,adam,True,1,20,hamqaoa,0.01,False,False,hog,False,True,False,False,False,False,False,1,HOG_graphs/random_graphs_8to14vertices_78instances_20260625_143415_AdjacencyList.txt,False,0,32,1,5,1,,53,"[(2, 3), (3, 8), (4, 6), (7, 8), (1, 7), (0, 11), (5, 10), (6, 9), (4, 5), (3, 7), (3, 10), (8, 9), (1, 3), (0, 1), (1, 6), (6, 8), (5, 6), (2, 10), (2, 7), (7, 9), (0, 3), (0, 6), (1, 11), (0, 9)]","[1.0, 1.0, 1.0, 1.0, 1.0, 1.0, 1.0, 1.0, 1.0, 1.0, 1.0, 1.0, 1.0, 1.0, 1.0, 1.0, 1.0, 1.0, 1.0, 1.0, 1.0, 1.0, 1.0, 1.0]"
88846edd,12,24,2,50.0,False,False,"[1, 1, 1]",12.186183800367058,,,,,,,,,,,8.151686394912293,,0.6689285611026774,,,,12.391918897628784,12.391918897628784,False,,0.0,0.0,,,12.40213418006897,2026-07-21 08:47:47,x86_64,dacsgpu0002,,64,64,3.11.15,0.21,False,False,adam,True,1,20,hamqaoa,0.01,False,False,hog,False,True,False,False,False,False,False,1,HOG_graphs/random_graphs_8to14vertices_78instances_20260625_143415_AdjacencyList.txt,False,0,32,1,5,1,,48,"[(3, 8), (3, 5), (4, 9), (1, 10), (0, 11), (6, 9), (5, 7), (3, 4), (3, 7), (2, 5), (4, 8), (4, 11), (7, 10), (8, 9), (0, 10), (6, 8), (6, 11), (2, 10), (2, 7), (1, 2), (0, 6), (1, 5), (1, 11), (0, 9)]","[1.0, 1.0, 1.0, 1.0, 1.0, 1.0, 1.0, 1.0, 1.0, 1.0, 1.0, 1.0, 1.0, 1.0, 1.0, 1.0, 1.0, 1.0, 1.0, 1.0, 1.0, 1.0, 1.0, 1.0]"
17e30fb9,12,24,1,25.0,False,False,"[1, 1, 1]",12.441468738783803,,,,,,,,,,,7.103379003835434,,0.5709437649987468,,,,3.1313741207122803,3.1313741207122803,False,,0.0,0.0,,,3.1435554027557373,2026-07-21 08:47:47,x86_64,dacsgpu0002,,64,64,3.11.15,0.21,False,False,adam,True,1,20,hamqaoa,0.01,False,False,hog,False,True,False,False,False,False,False,1,HOG_graphs/random_graphs_8to14vertices_78instances_20260625_143415_AdjacencyList.txt,False,0,32,1,5,1,,52,"[(2, 3), (3, 5), (4, 6), (7, 8), (0, 2), (0, 11), (6, 9), (5, 7), (3, 4), (4, 5), (1, 3), (0, 1), (9, 10), (0, 10), (1, 9), (6, 8), (5, 6), (2, 4), (7, 9), (10, 11), (1, 8), (0, 6), (1, 11), (0, 9)]","[1.0, 1.0, 1.0, 1.0, 1.0, 1.0, 1.0, 1.0, 1.0, 1.0, 1.0, 1.0, 1.0, 1.0, 1.0, 1.0, 1.0, 1.0, 1.0, 1.0, 1.0, 1.0, 1.0, 1.0]"
d313f6bd,12,27,2,5.0,False,False,"[1, 1, 1]",12.84724310191018,,,,,,,,,,,7.766455144113497,,0.6045230935934223,,,,5.074172019958496,5.074172019958496,False,,0.0,0.0,,,5.082195043563843,2026-07-21 08:47:47,x86_64,dacsgpu0002,,64,64,3.11.15,0.21,False,False,adam,True,1,20,hamqaoa,0.01,False,False,hog,False,True,False,False,False,False,False,1,HOG_graphs/random_graphs_8to14vertices_78instances_20260625_143415_AdjacencyList.txt,False,0,32,1,5,1,,51,"[(3, 8), (3, 5), (2, 9), (0, 5), (1, 4), (1, 10), (0, 2), (0, 8), (0, 11), (2, 8), (4, 11), (8, 9), (0, 1), (1, 6), (0, 4), (0, 10), (0, 7), (5, 6), (2, 4), (2, 10), (4, 7), (0, 3), (10, 11), (0, 6), (1, 5), (0, 9), (6, 7)]","[1.0, 1.0, 1.0, 1.0, 1.0, 1.0, 1.0, 1.0, 1.0, 1.0, 1.0, 1.0, 1.0, 1.0, 1.0, 1.0, 1.0, 1.0, 1.0, 1.0, 1.0, 1.0, 1.0, 1.0, 1.0, 1.0, 1.0]"
b2211669,12,24,1,10.0,False,False,"[1, 1, 1]",12.02946125476974,,,,,,,,,,,6.702392097847229,,0.5571647770335265,,,,2.0953638553619385,2.0953638553619385,False,,0.0,0.0,,,2.1054794788360596,2026-07-21 08:47:47,x86_64,dacsgpu0002,,64,64,3.11.15,0.21,False,False,adam,True,1,20,hamqaoa,0.01,False,False,hog,False,True,False,False,False,False,False,1,HOG_graphs/random_graphs_8to14vertices_78instances_20260625_143415_AdjacencyList.txt,False,0,32,1,5,1,,53,"[(2, 3), (3, 8), (4, 6), (7, 8), (1, 7), (0, 11), (5, 10), (6, 9), (4, 5), (3, 7), (3, 10), (8, 9), (1, 3), (0, 1), (1, 6), (6, 8), (5, 6), (2, 10), (2, 7), (7, 9), (0, 3), (0, 6), (1, 11), (0, 9)]","[1.0, 1.0, 1.0, 1.0, 1.0, 1.0, 1.0, 1.0, 1.0, 1.0, 1.0, 1.0, 1.0, 1.0, 1.0, 1.0, 1.0, 1.0, 1.0, 1.0, 1.0, 1.0, 1.0, 1.0]"
4bb184ba,12,27,1,50.0,False,False,"[1, 1, 1]",12.84724310191018,,,,,,,,,,,7.8107265068289635,,0.6079690751448171,,,,4.968480825424194,4.968480825424194,False,,0.0,0.0,,,4.982296943664551,2026-07-21 08:47:48,x86_64,dacsgpu0002,,64,64,3.11.15,0.21,False,False,adam,True,1,20,hamqaoa,0.01,False,False,hog,False,True,False,False,False,False,False,1,HOG_graphs/random_graphs_8to14vertices_78instances_20260625_143415_AdjacencyList.txt,False,0,32,1,5,1,,51,"[(3, 8), (3, 5), (2, 9), (0, 5), (1, 4), (1, 10), (0, 2), (0, 8), (0, 11), (2, 8), (4, 11), (8, 9), (0, 1), (1, 6), (0, 4), (0, 10), (0, 7), (5, 6), (2, 4), (2, 10), (4, 7), (0, 3), (10, 11), (0, 6), (1, 5), (0, 9), (6, 7)]","[1.0, 1.0, 1.0, 1.0, 1.0, 1.0, 1.0, 1.0, 1.0, 1.0, 1.0, 1.0, 1.0, 1.0, 1.0, 1.0, 1.0, 1.0, 1.0, 1.0, 1.0, 1.0, 1.0, 1.0, 1.0, 1.0, 1.0]"
0f1760aa,12,42,2,50.0,False,False,"[1, 1, 1]",17.345805660953108,,,,,,,,,,,12.223816799947123,,0.7047131184839676,,,,16.631359338760376,16.631359338760376,False,,0.0,0.0,,,16.63753843307495,2026-07-21 08:47:48,x86_64,dacsgpu0002,,64,64,3.11.15,0.22,False,False,adam,True,1,20,hamqaoa,0.01,False,False,hog,False,True,False,False,False,False,False,1,HOG_graphs/random_graphs_8to14vertices_78instances_20260625_143415_AdjacencyList.txt,False,0,32,1,5,1,,46,"[(2, 3), (3, 8), (2, 6), (3, 5), (3, 11), (2, 9), (4, 6), (4, 9), (7, 11), (8, 10), (1, 4), (0, 2), (9, 11), (5, 10), (6, 9), (5, 7), (2, 8), (4, 5), (3, 7), (2, 5), (4, 8), (3, 10), (1, 3), (0, 1), (9, 10), (1, 6), (0, 4), (0, 10), (1, 9), (5, 6), (6, 11), (2, 4), (2, 10), (2, 7), (4, 10), (4, 7), (10, 11), (1, 8), (1, 11), (0, 9), (5, 8), (6, 7)]","[1.0, 1.0, 1.0, 1.0, 1.0, 1.0, 1.0, 1.0, 1.0, 1.0, 1.0, 1.0, 1.0, 1.0, 1.0, 1.0, 1.0, 1.0, 1.0, 1.0, 1.0, 1.0, 1.0, 1.0, 1.0, 1.0, 1.0, 1.0, 1.0, 1.0, 1.0, 1.0, 1.0, 1.0, 1.0, 1.0, 1.0, 1.0, 1.0, 1.0, 1.0, 1.0]"
bc82d092,12,24,2,5.0,False,False,"[1, 1, 1]",12.441468738783803,,,,,,,,,,,7.189890991125012,,0.5778972838401272,,,,4.7209672927856445,4.7209672927856445,False,,0.0,0.0,,,4.737104415893555,2026-07-21 08:47:48,x86_64,dacsgpu0002,,64,64,3.11.15,0.21,False,False,adam,True,1,20,hamqaoa,0.01,False,False,hog,False,True,False,False,False,False,False,1,HOG_graphs/random_graphs_8to14vertices_78instances_20260625_143415_AdjacencyList.txt,False,0,32,1,5,1,,52,"[(2, 3), (3, 5), (4, 6), (7, 8), (0, 2), (0, 11), (6, 9), (5, 7), (3, 4), (4, 5), (1, 3), (0, 1), (9, 10), (0, 10), (1, 9), (6, 8), (5, 6), (2, 4), (7, 9), (10, 11), (1, 8), (0, 6), (1, 11), (0, 9)]","[1.0, 1.0, 1.0, 1.0, 1.0, 1.0, 1.0, 1.0, 1.0, 1.0, 1.0, 1.0, 1.0, 1.0, 1.0, 1.0, 1.0, 1.0, 1.0, 1.0, 1.0, 1.0, 1.0, 1.0]"
778522e1,12,27,2,10.0,False,False,"[1, 1, 1]",12.84724310191018,,,,,,,,,,,8.02534721703482,,0.6246746600320483,,,,6.0017876625061035,6.0017876625061035,False,,0.0,0.0,,,6.008752346038818,2026-07-21 08:47:48,x86_64,dacsgpu0002,,64,64,3.11.15,0.21,False,False,adam,True,1,20,hamqaoa,0.01,False,False,hog,False,True,False,False,False,False,False,1,HOG_graphs/random_graphs_8to14vertices_78instances_20260625_143415_AdjacencyList.txt,False,0,32,1,5,1,,51,"[(3, 8), (3, 5), (2, 9), (0, 5), (1, 4), (1, 10), (0, 2), (0, 8), (0, 11), (2, 8), (4, 11), (8, 9), (0, 1), (1, 6), (0, 4), (0, 10), (0, 7), (5, 6), (2, 4), (2, 10), (4, 7), (0, 3), (10, 11), (0, 6), (1, 5), (0, 9), (6, 7)]","[1.0, 1.0, 1.0, 1.0, 1.0, 1.0, 1.0, 1.0, 1.0, 1.0, 1.0, 1.0, 1.0, 1.0, 1.0, 1.0, 1.0, 1.0, 1.0, 1.0, 1.0, 1.0, 1.0, 1.0, 1.0, 1.0, 1.0]"
9aae81bd,12,24,1,25.0,False,False,"[1, 1, 1]",12.02946125476974,,,,,,,,,,,6.865389786133913,,0.5707146513657668,,,,2.9835093021392822,2.9835093021392822,False,,0.0,0.0,,,2.9913837909698486,2026-07-21 08:47:49,x86_64,dacsgpu0002,,64,64,3.11.15,0.21,False,False,adam,True,1,20,hamqaoa,0.01,False,False,hog,False,True,False,False,False,False,False,1,HOG_graphs/random_graphs_8to14vertices_78instances_20260625_143415_AdjacencyList.txt,False,0,32,1,5,1,,53,"[(2, 3), (3, 8), (4, 6), (7, 8), (1, 7), (0, 11), (5, 10), (6, 9), (4, 5), (3, 7), (3, 10), (8, 9), (1, 3), (0, 1), (1, 6), (6, 8), (5, 6), (2, 10), (2, 7), (7, 9), (0, 3), (0, 6), (1, 11), (0, 9)]","[1.0, 1.0, 1.0, 1.0, 1.0, 1.0, 1.0, 1.0, 1.0, 1.0, 1.0, 1.0, 1.0, 1.0, 1.0, 1.0, 1.0, 1.0, 1.0, 1.0, 1.0, 1.0, 1.0, 1.0]"
745fb270,12,20,2,25.0,False,False,"[1, 1, 1]",10.095913301643497,,,,,,,,,,,6.375720037774441,,0.6315149355270858,,,,7.588437557220459,7.588437557220459,False,,0.0,0.0,,,7.595721006393433,2026-07-21 08:47:49,x86_64,dacsgpu0002,,64,64,3.11.15,0.21,False,False,adam,True,1,20,hamqaoa,0.01,False,False,hog,False,True,False,False,False,False,False,1,HOG_graphs/random_graphs_8to14vertices_78instances_20260625_143415_AdjacencyList.txt,False,0,32,1,5,1,,50,"[(5, 11), (2, 6), (0, 5), (0, 2), (5, 10), (2, 8), (2, 5), (2, 11), (1, 3), (0, 1), (0, 4), (0, 10), (0, 7), (6, 8), (2, 4), (3, 9), (2, 7), (7, 9), (0, 3), (0, 6)]","[1.0, 1.0, 1.0, 1.0, 1.0, 1.0, 1.0, 1.0, 1.0, 1.0, 1.0, 1.0, 1.0, 1.0, 1.0, 1.0, 1.0, 1.0, 1.0, 1.0]"
14155413,12,24,1,50.0,False,False,"[1, 1, 1]",12.441468738783803,,,,,,,,,,,7.130927821517389,,0.5731580387521403,,,,4.646566867828369,4.646566867828369,False,,0.0,0.0,,,4.655384302139282,2026-07-21 08:47:49,x86_64,dacsgpu0002,,64,64,3.11.15,0.21,False,False,adam,True,1,20,hamqaoa,0.01,False,False,hog,False,True,False,False,False,False,False,1,HOG_graphs/random_graphs_8to14vertices_78instances_20260625_143415_AdjacencyList.txt,False,0,32,1,5,1,,52,"[(2, 3), (3, 5), (4, 6), (7, 8), (0, 2), (0, 11), (6, 9), (5, 7), (3, 4), (4, 5), (1, 3), (0, 1), (9, 10), (0, 10), (1, 9), (6, 8), (5, 6), (2, 4), (7, 9), (10, 11), (1, 8), (0, 6), (1, 11), (0, 9)]","[1.0, 1.0, 1.0, 1.0, 1.0, 1.0, 1.0, 1.0, 1.0, 1.0, 1.0, 1.0, 1.0, 1.0, 1.0, 1.0, 1.0, 1.0, 1.0, 1.0, 1.0, 1.0, 1.0, 1.0]"
b3240456,12,24,2,10.0,False,False,"[1, 1, 1]",12.441468738783803,,,,,,,,,,,7.2972594237554835,,0.5865271678903737,,,,5.431838512420654,5.431838512420654,False,,0.0,0.0,,,5.44220495223999,2026-07-21 08:47:49,x86_64,dacsgpu0002,,64,64,3.11.15,0.21,False,False,adam,True,1,20,hamqaoa,0.01,False,False,hog,False,True,False,False,False,False,False,1,HOG_graphs/random_graphs_8to14vertices_78instances_20260625_143415_AdjacencyList.txt,False,0,32,1,5,1,,52,"[(2, 3), (3, 5), (4, 6), (7, 8), (0, 2), (0, 11), (6, 9), (5, 7), (3, 4), (4, 5), (1, 3), (0, 1), (9, 10), (0, 10), (1, 9), (6, 8), (5, 6), (2, 4), (7, 9), (10, 11), (1, 8), (0, 6), (1, 11), (0, 9)]","[1.0, 1.0, 1.0, 1.0, 1.0, 1.0, 1.0, 1.0, 1.0, 1.0, 1.0, 1.0, 1.0, 1.0, 1.0, 1.0, 1.0, 1.0, 1.0, 1.0, 1.0, 1.0, 1.0, 1.0]"
802c342b,12,24,2,5.0,False,False,"[1, 1, 1]",12.02946125476974,,,,,,,,,,,8.463518620297817,,0.7035658905291365,,,,4.424030065536499,4.424030065536499,False,,0.0,0.0,,,4.4304351806640625,2026-07-21 08:47:49,x86_64,dacsgpu0002,,64,64,3.11.15,0.21,False,False,adam,True,1,20,hamqaoa,0.01,False,False,hog,False,True,False,False,False,False,False,1,HOG_graphs/random_graphs_8to14vertices_78instances_20260625_143415_AdjacencyList.txt,False,0,32,1,5,1,,53,"[(2, 3), (3, 8), (4, 6), (7, 8), (1, 7), (0, 11), (5, 10), (6, 9), (4, 5), (3, 7), (3, 10), (8, 9), (1, 3), (0, 1), (1, 6), (6, 8), (5, 6), (2, 10), (2, 7), (7, 9), (0, 3), (0, 6), (1, 11), (0, 9)]","[1.0, 1.0, 1.0, 1.0, 1.0, 1.0, 1.0, 1.0, 1.0, 1.0, 1.0, 1.0, 1.0, 1.0, 1.0, 1.0, 1.0, 1.0, 1.0, 1.0, 1.0, 1.0, 1.0, 1.0]"
118a54dc,12,24,2,10.0,False,False,"[1, 1, 1]",12.02946125476974,,,,,,,,,,,7.239033106070086,,0.601775337461582,,,,5.231277227401733,5.231277227401733,False,,0.0,0.0,,,5.239189386367798,2026-07-21 08:47:51,x86_64,dacsgpu0002,,64,64,3.11.15,0.21,False,False,adam,True,1,20,hamqaoa,0.01,False,False,hog,False,True,False,False,False,False,False,1,HOG_graphs/random_graphs_8to14vertices_78instances_20260625_143415_AdjacencyList.txt,False,0,32,1,5,1,,53,"[(2, 3), (3, 8), (4, 6), (7, 8), (1, 7), (0, 11), (5, 10), (6, 9), (4, 5), (3, 7), (3, 10), (8, 9), (1, 3), (0, 1), (1, 6), (6, 8), (5, 6), (2, 10), (2, 7), (7, 9), (0, 3), (0, 6), (1, 11), (0, 9)]","[1.0, 1.0, 1.0, 1.0, 1.0, 1.0, 1.0, 1.0, 1.0, 1.0, 1.0, 1.0, 1.0, 1.0, 1.0, 1.0, 1.0, 1.0, 1.0, 1.0, 1.0, 1.0, 1.0, 1.0]"
e4d05f43,12,27,2,25.0,False,False,"[1, 1, 1]",12.84724310191018,,,,,,,,,,,7.314272338547377,,0.5693262189037165,,,,8.278203010559082,8.278203010559082,False,,0.0,0.0,,,8.287039041519165,2026-07-21 08:47:51,x86_64,dacsgpu0002,,64,64,3.11.15,0.21,False,False,adam,True,1,20,hamqaoa,0.01,False,False,hog,False,True,False,False,False,False,False,1,HOG_graphs/random_graphs_8to14vertices_78instances_20260625_143415_AdjacencyList.txt,False,0,32,1,5,1,,51,"[(3, 8), (3, 5), (2, 9), (0, 5), (1, 4), (1, 10), (0, 2), (0, 8), (0, 11), (2, 8), (4, 11), (8, 9), (0, 1), (1, 6), (0, 4), (0, 10), (0, 7), (5, 6), (2, 4), (2, 10), (4, 7), (0, 3), (10, 11), (0, 6), (1, 5), (0, 9), (6, 7)]","[1.0, 1.0, 1.0, 1.0, 1.0, 1.0, 1.0, 1.0, 1.0, 1.0, 1.0, 1.0, 1.0, 1.0, 1.0, 1.0, 1.0, 1.0, 1.0, 1.0, 1.0, 1.0, 1.0, 1.0, 1.0, 1.0, 1.0]"
f6421188,12,24,2,25.0,False,False,"[1, 1, 1]",12.441468738783803,,,,,,,,,,,7.83952648190976,,0.6301126214682031,,,,7.860186815261841,7.860186815261841,False,,0.0,0.0,,,7.871006011962891,2026-07-21 08:47:52,x86_64,dacsgpu0002,,64,64,3.11.15,0.21,False,False,adam,True,1,20,hamqaoa,0.01,False,False,hog,False,True,False,False,False,False,False,1,HOG_graphs/random_graphs_8to14vertices_78instances_20260625_143415_AdjacencyList.txt,False,0,32,1,5,1,,52,"[(2, 3), (3, 5), (4, 6), (7, 8), (0, 2), (0, 11), (6, 9), (5, 7), (3, 4), (4, 5), (1, 3), (0, 1), (9, 10), (0, 10), (1, 9), (6, 8), (5, 6), (2, 4), (7, 9), (10, 11), (1, 8), (0, 6), (1, 11), (0, 9)]","[1.0, 1.0, 1.0, 1.0, 1.0, 1.0, 1.0, 1.0, 1.0, 1.0, 1.0, 1.0, 1.0, 1.0, 1.0, 1.0, 1.0, 1.0, 1.0, 1.0, 1.0, 1.0, 1.0, 1.0]"
7a1c3190,12,36,1,5.0,False,False,"[1, 1, 1]",15.571403208269022,,,,,,,,,,,9.665846784120465,,0.620743465109652,,,,2.2576546669006348,2.2576546669006348,False,,0.0,0.0,,,2.2651026248931885,2026-07-21 08:47:53,x86_64,dacsgpu0002,,64,64,3.11.15,0.21,False,False,adam,True,1,20,hamqaoa,0.01,False,False,hog,False,True,False,False,False,False,False,1,HOG_graphs/random_graphs_8to14vertices_78instances_20260625_143415_AdjacencyList.txt,False,0,32,1,5,1,,54,"[(5, 11), (2, 3), (3, 5), (2, 9), (4, 6), (7, 8), (0, 5), (1, 4), (0, 2), (1, 10), (0, 11), (6, 9), (5, 7), (3, 4), (2, 8), (4, 5), (3, 7), (2, 5), (2, 11), (4, 8), (8, 9), (1, 3), (0, 1), (9, 10), (0, 10), (6, 8), (5, 6), (3, 6), (2, 4), (2, 7), (4, 7), (0, 3), (1, 2), (10, 11), (0, 9), (6, 7)]","[1.0, 1.0, 1.0, 1.0, 1.0, 1.0, 1.0, 1.0, 1.0, 1.0, 1.0, 1.0, 1.0, 1.0, 1.0, 1.0, 1.0, 1.0, 1.0, 1.0, 1.0, 1.0, 1.0, 1.0, 1.0, 1.0, 1.0, 1.0, 1.0, 1.0, 1.0, 1.0, 1.0, 1.0, 1.0, 1.0]"
dab75919,12,20,2,50.0,False,False,"[1, 1, 1]",10.095913301643497,,,,,,,,,,,6.612307135009895,,0.6549488825278926,,,,11.363708972930908,11.363708972930908,False,,0.0,0.0,,,11.373717308044434,2026-07-21 08:47:53,x86_64,dacsgpu0002,,64,64,3.11.15,0.21,False,False,adam,True,1,20,hamqaoa,0.01,False,False,hog,False,True,False,False,False,False,False,1,HOG_graphs/random_graphs_8to14vertices_78instances_20260625_143415_AdjacencyList.txt,False,0,32,1,5,1,,50,"[(5, 11), (2, 6), (0, 5), (0, 2), (5, 10), (2, 8), (2, 5), (2, 11), (1, 3), (0, 1), (0, 4), (0, 10), (0, 7), (6, 8), (2, 4), (3, 9), (2, 7), (7, 9), (0, 3), (0, 6)]","[1.0, 1.0, 1.0, 1.0, 1.0, 1.0, 1.0, 1.0, 1.0, 1.0, 1.0, 1.0, 1.0, 1.0, 1.0, 1.0, 1.0, 1.0, 1.0, 1.0]"
7dd46c59,12,36,1,10.0,False,False,"[1, 1, 1]",15.571403208269022,,,,,,,,,,,9.916073746391294,,0.6368131127145609,,,,2.675600528717041,2.675600528717041,False,,0.0,0.0,,,2.6852755546569824,2026-07-21 08:47:54,x86_64,dacsgpu0002,,64,64,3.11.15,0.21,False,False,adam,True,1,20,hamqaoa,0.01,False,False,hog,False,True,False,False,False,False,False,1,HOG_graphs/random_graphs_8to14vertices_78instances_20260625_143415_AdjacencyList.txt,False,0,32,1,5,1,,54,"[(5, 11), (2, 3), (3, 5), (2, 9), (4, 6), (7, 8), (0, 5), (1, 4), (0, 2), (1, 10), (0, 11), (6, 9), (5, 7), (3, 4), (2, 8), (4, 5), (3, 7), (2, 5), (2, 11), (4, 8), (8, 9), (1, 3), (0, 1), (9, 10), (0, 10), (6, 8), (5, 6), (3, 6), (2, 4), (2, 7), (4, 7), (0, 3), (1, 2), (10, 11), (0, 9), (6, 7)]","[1.0, 1.0, 1.0, 1.0, 1.0, 1.0, 1.0, 1.0, 1.0, 1.0, 1.0, 1.0, 1.0, 1.0, 1.0, 1.0, 1.0, 1.0, 1.0, 1.0, 1.0, 1.0, 1.0, 1.0, 1.0, 1.0, 1.0, 1.0, 1.0, 1.0, 1.0, 1.0, 1.0, 1.0, 1.0, 1.0]"
c27bdd4f,12,30,2,50.0,False,False,"[1, 1, 1]",14.510477488753505,,,,,,,,,,,11.668104408907839,,0.8041158134149151,,,,13.919833421707153,13.919833421707153,False,,0.0,0.0,,,13.9276762008667,2026-07-21 08:47:54,x86_64,dacsgpu0002,,64,64,3.11.15,0.22,False,False,adam,True,1,20,hamqaoa,0.01,False,False,hog,False,True,False,False,False,False,False,1,HOG_graphs/random_graphs_8to14vertices_78instances_20260625_143415_AdjacencyList.txt,False,0,32,1,5,1,,49,"[(5, 11), (3, 8), (3, 5), (2, 9), (0, 5), (8, 10), (1, 10), (0, 2), (0, 8), (1, 7), (0, 11), (6, 9), (3, 4), (2, 8), (4, 8), (3, 10), (4, 11), (1, 3), (9, 10), (1, 6), (0, 4), (5, 6), (6, 11), (5, 9), (2, 7), (4, 7), (7, 9), (1, 2), (10, 11), (6, 7)]","[1.0, 1.0, 1.0, 1.0, 1.0, 1.0, 1.0, 1.0, 1.0, 1.0, 1.0, 1.0, 1.0, 1.0, 1.0, 1.0, 1.0, 1.0, 1.0, 1.0, 1.0, 1.0, 1.0, 1.0, 1.0, 1.0, 1.0, 1.0, 1.0, 1.0]"
e1645596,12,36,1,5.0,False,False,"[1, 1, 1]",16.172400501172454,,,,,,,,,,,10.638754619662683,,0.6578339819676987,,,,2.430403470993042,2.430403470993042,False,,0.0,0.0,,,2.439279317855835,2026-07-21 08:47:55,x86_64,dacsgpu0002,,64,64,3.11.15,0.21,False,False,adam,True,1,20,hamqaoa,0.01,False,False,hog,False,True,False,False,False,False,False,1,HOG_graphs/random_graphs_8to14vertices_78instances_20260625_143415_AdjacencyList.txt,False,0,32,1,5,1,,55,"[(5, 11), (3, 8), (3, 11), (2, 9), (4, 6), (4, 9), (7, 8), (0, 5), (0, 2), (1, 10), (0, 11), (6, 9), (5, 7), (2, 5), (2, 11), (3, 10), (7, 10), (8, 9), (0, 1), (9, 10), (1, 6), (0, 4), (0, 10), (1, 9), (3, 6), (2, 4), (2, 7), (8, 11), (7, 9), (0, 3), (1, 2), (10, 11), (1, 5), (6, 10), (5, 8), (6, 7)]","[1.0, 1.0, 1.0, 1.0, 1.0, 1.0, 1.0, 1.0, 1.0, 1.0, 1.0, 1.0, 1.0, 1.0, 1.0, 1.0, 1.0, 1.0, 1.0, 1.0, 1.0, 1.0, 1.0, 1.0, 1.0, 1.0, 1.0, 1.0, 1.0, 1.0, 1.0, 1.0, 1.0, 1.0, 1.0, 1.0]"
99965d0b,12,36,1,10.0,False,False,"[1, 1, 1]",16.172400501172454,,,,,,,,,,,10.716845352491411,,0.6626626240003437,,,,2.7795310020446777,2.7795310020446777,False,,0.0,0.0,,,2.7869484424591064,2026-07-21 08:47:55,x86_64,dacsgpu0002,,64,64,3.11.15,0.21,False,False,adam,True,1,20,hamqaoa,0.01,False,False,hog,False,True,False,False,False,False,False,1,HOG_graphs/random_graphs_8to14vertices_78instances_20260625_143415_AdjacencyList.txt,False,0,32,1,5,1,,55,"[(5, 11), (3, 8), (3, 11), (2, 9), (4, 6), (4, 9), (7, 8), (0, 5), (0, 2), (1, 10), (0, 11), (6, 9), (5, 7), (2, 5), (2, 11), (3, 10), (7, 10), (8, 9), (0, 1), (9, 10), (1, 6), (0, 4), (0, 10), (1, 9), (3, 6), (2, 4), (2, 7), (8, 11), (7, 9), (0, 3), (1, 2), (10, 11), (1, 5), (6, 10), (5, 8), (6, 7)]","[1.0, 1.0, 1.0, 1.0, 1.0, 1.0, 1.0, 1.0, 1.0, 1.0, 1.0, 1.0, 1.0, 1.0, 1.0, 1.0, 1.0, 1.0, 1.0, 1.0, 1.0, 1.0, 1.0, 1.0, 1.0, 1.0, 1.0, 1.0, 1.0, 1.0, 1.0, 1.0, 1.0, 1.0, 1.0, 1.0]"
3db0a15a,12,36,1,25.0,False,False,"[1, 1, 1]",15.571403208269022,,,,,,,,,,,10.609322597410067,,0.6813337536450218,,,,3.8234825134277344,3.8234825134277344,False,,0.0,0.0,,,3.832537889480591,2026-07-21 08:47:55,x86_64,dacsgpu0002,,64,64,3.11.15,0.21,False,False,adam,True,1,20,hamqaoa,0.01,False,False,hog,False,True,False,False,False,False,False,1,HOG_graphs/random_graphs_8to14vertices_78instances_20260625_143415_AdjacencyList.txt,False,0,32,1,5,1,,54,"[(5, 11), (2, 3), (3, 5), (2, 9), (4, 6), (7, 8), (0, 5), (1, 4), (0, 2), (1, 10), (0, 11), (6, 9), (5, 7), (3, 4), (2, 8), (4, 5), (3, 7), (2, 5), (2, 11), (4, 8), (8, 9), (1, 3), (0, 1), (9, 10), (0, 10), (6, 8), (5, 6), (3, 6), (2, 4), (2, 7), (4, 7), (0, 3), (1, 2), (10, 11), (0, 9), (6, 7)]","[1.0, 1.0, 1.0, 1.0, 1.0, 1.0, 1.0, 1.0, 1.0, 1.0, 1.0, 1.0, 1.0, 1.0, 1.0, 1.0, 1.0, 1.0, 1.0, 1.0, 1.0, 1.0, 1.0, 1.0, 1.0, 1.0, 1.0, 1.0, 1.0, 1.0, 1.0, 1.0, 1.0, 1.0, 1.0, 1.0]"
6d25d1e7,12,24,1,50.0,False,False,"[1, 1, 1]",12.02946125476974,,,,,,,,,,,9.261031861761797,,0.769862562056946,,,,4.780132532119751,4.780132532119751,False,,0.0,0.0,,,4.787329912185669,2026-07-21 08:47:55,x86_64,dacsgpu0002,,64,64,3.11.15,0.21,False,False,adam,True,1,20,hamqaoa,0.01,False,False,hog,False,True,False,False,False,False,False,1,HOG_graphs/random_graphs_8to14vertices_78instances_20260625_143415_AdjacencyList.txt,False,0,32,1,5,1,,53,"[(2, 3), (3, 8), (4, 6), (7, 8), (1, 7), (0, 11), (5, 10), (6, 9), (4, 5), (3, 7), (3, 10), (8, 9), (1, 3), (0, 1), (1, 6), (6, 8), (5, 6), (2, 10), (2, 7), (7, 9), (0, 3), (0, 6), (1, 11), (0, 9)]","[1.0, 1.0, 1.0, 1.0, 1.0, 1.0, 1.0, 1.0, 1.0, 1.0, 1.0, 1.0, 1.0, 1.0, 1.0, 1.0, 1.0, 1.0, 1.0, 1.0, 1.0, 1.0, 1.0, 1.0]"
088aef1f,13,22,1,5.0,False,False,"[1, 1, 1]",11.638098845807034,,,,,,,,,,,6.115278290846759,,0.5254533727430891,,,,2.2951738834381104,2.2951738834381104,False,,0.0,0.0,,,2.301591634750366,2026-07-21 08:47:56,x86_64,dacsgpu0002,,64,64,3.11.15,0.21,False,False,adam,True,1,20,hamqaoa,0.01,False,False,hog,False,True,False,False,False,False,False,1,HOG_graphs/random_graphs_8to14vertices_78instances_20260625_143415_AdjacencyList.txt,False,0,32,1,5,1,,56,"[(5, 11), (3, 5), (4, 9), (1, 4), (1, 10), (1, 7), (0, 11), (5, 10), (6, 12), (3, 7), (2, 5), (3, 10), (1, 9), (3, 6), (8, 11), (1, 2), (1, 8), (0, 6), (0, 12), (0, 9), (6, 10), (5, 8)]","[1.0, 1.0, 1.0, 1.0, 1.0, 1.0, 1.0, 1.0, 1.0, 1.0, 1.0, 1.0, 1.0, 1.0, 1.0, 1.0, 1.0, 1.0, 1.0, 1.0, 1.0, 1.0]"
68911531,12,27,2,50.0,False,False,"[1, 1, 1]",12.84724310191018,,,,,,,,,,,8.261519414940668,,0.6430577633976827,,,,13.24577260017395,13.24577260017395,False,,0.0,0.0,,,13.25468921661377,2026-07-21 08:47:56,x86_64,dacsgpu0002,,64,64,3.11.15,0.22,False,False,adam,True,1,20,hamqaoa,0.01,False,False,hog,False,True,False,False,False,False,False,1,HOG_graphs/random_graphs_8to14vertices_78instances_20260625_143415_AdjacencyList.txt,False,0,32,1,5,1,,51,"[(3, 8), (3, 5), (2, 9), (0, 5), (1, 4), (1, 10), (0, 2), (0, 8), (0, 11), (2, 8), (4, 11), (8, 9), (0, 1), (1, 6), (0, 4), (0, 10), (0, 7), (5, 6), (2, 4), (2, 10), (4, 7), (0, 3), (10, 11), (0, 6), (1, 5), (0, 9), (6, 7)]","[1.0, 1.0, 1.0, 1.0, 1.0, 1.0, 1.0, 1.0, 1.0, 1.0, 1.0, 1.0, 1.0, 1.0, 1.0, 1.0, 1.0, 1.0, 1.0, 1.0, 1.0, 1.0, 1.0, 1.0, 1.0, 1.0, 1.0]"
b4f43d1f,13,22,1,10.0,False,False,"[1, 1, 1]",11.638098845807034,,,,,,,,,,,7.788408738134852,,0.6692165826500824,,,,2.6946864128112793,2.6946864128112793,False,,0.0,0.0,,,2.7086193561553955,2026-07-21 08:47:57,x86_64,dacsgpu0002,,64,64,3.11.15,0.21,False,False,adam,True,1,20,hamqaoa,0.01,False,False,hog,False,True,False,False,False,False,False,1,HOG_graphs/random_graphs_8to14vertices_78instances_20260625_143415_AdjacencyList.txt,False,0,32,1,5,1,,56,"[(5, 11), (3, 5), (4, 9), (1, 4), (1, 10), (1, 7), (0, 11), (5, 10), (6, 12), (3, 7), (2, 5), (3, 10), (1, 9), (3, 6), (8, 11), (1, 2), (1, 8), (0, 6), (0, 12), (0, 9), (6, 10), (5, 8)]","[1.0, 1.0, 1.0, 1.0, 1.0, 1.0, 1.0, 1.0, 1.0, 1.0, 1.0, 1.0, 1.0, 1.0, 1.0, 1.0, 1.0, 1.0, 1.0, 1.0, 1.0, 1.0]"
3a725700,12,36,1,25.0,False,False,"[1, 1, 1]",16.172400501172454,,,,,,,,,,,10.83074525599066,,0.6697054809646509,,,,3.8851113319396973,3.8851113319396973,False,,0.0,0.0,,,3.896608829498291,2026-07-21 08:47:57,x86_64,dacsgpu0002,,64,64,3.11.15,0.21,False,False,adam,True,1,20,hamqaoa,0.01,False,False,hog,False,True,False,False,False,False,False,1,HOG_graphs/random_graphs_8to14vertices_78instances_20260625_143415_AdjacencyList.txt,False,0,32,1,5,1,,55,"[(5, 11), (3, 8), (3, 11), (2, 9), (4, 6), (4, 9), (7, 8), (0, 5), (0, 2), (1, 10), (0, 11), (6, 9), (5, 7), (2, 5), (2, 11), (3, 10), (7, 10), (8, 9), (0, 1), (9, 10), (1, 6), (0, 4), (0, 10), (1, 9), (3, 6), (2, 4), (2, 7), (8, 11), (7, 9), (0, 3), (1, 2), (10, 11), (1, 5), (6, 10), (5, 8), (6, 7)]","[1.0, 1.0, 1.0, 1.0, 1.0, 1.0, 1.0, 1.0, 1.0, 1.0, 1.0, 1.0, 1.0, 1.0, 1.0, 1.0, 1.0, 1.0, 1.0, 1.0, 1.0, 1.0, 1.0, 1.0, 1.0, 1.0, 1.0, 1.0, 1.0, 1.0, 1.0, 1.0, 1.0, 1.0, 1.0, 1.0]"
d35c490c,12,24,2,50.0,False,False,"[1, 1, 1]",12.441468738783803,,,,,,,,,,,7.562313047877423,,0.6078312140353187,,,,12.438384771347046,12.438384771347046,False,,0.0,0.0,,,12.44871997833252,2026-07-21 08:47:57,x86_64,dacsgpu0002,,64,64,3.11.15,0.22,False,False,adam,True,1,20,hamqaoa,0.01,False,False,hog,False,True,False,False,False,False,False,1,HOG_graphs/random_graphs_8to14vertices_78instances_20260625_143415_AdjacencyList.txt,False,0,32,1,5,1,,52,"[(2, 3), (3, 5), (4, 6), (7, 8), (0, 2), (0, 11), (6, 9), (5, 7), (3, 4), (4, 5), (1, 3), (0, 1), (9, 10), (0, 10), (1, 9), (6, 8), (5, 6), (2, 4), (7, 9), (10, 11), (1, 8), (0, 6), (1, 11), (0, 9)]","[1.0, 1.0, 1.0, 1.0, 1.0, 1.0, 1.0, 1.0, 1.0, 1.0, 1.0, 1.0, 1.0, 1.0, 1.0, 1.0, 1.0, 1.0, 1.0, 1.0, 1.0, 1.0, 1.0, 1.0]"
5b9f6605,12,36,2,5.0,False,False,"[1, 1, 1]",15.571403208269022,,,,,,,,,,,10.265927061458225,,0.6592807933973874,,,,6.015859127044678,6.015859127044678,False,,0.0,0.0,,,6.022149562835693,2026-07-21 08:47:57,x86_64,dacsgpu0002,,64,64,3.11.15,0.21,False,False,adam,True,1,20,hamqaoa,0.01,False,False,hog,False,True,False,False,False,False,False,1,HOG_graphs/random_graphs_8to14vertices_78instances_20260625_143415_AdjacencyList.txt,False,0,32,1,5,1,,54,"[(5, 11), (2, 3), (3, 5), (2, 9), (4, 6), (7, 8), (0, 5), (1, 4), (0, 2), (1, 10), (0, 11), (6, 9), (5, 7), (3, 4), (2, 8), (4, 5), (3, 7), (2, 5), (2, 11), (4, 8), (8, 9), (1, 3), (0, 1), (9, 10), (0, 10), (6, 8), (5, 6), (3, 6), (2, 4), (2, 7), (4, 7), (0, 3), (1, 2), (10, 11), (0, 9), (6, 7)]","[1.0, 1.0, 1.0, 1.0, 1.0, 1.0, 1.0, 1.0, 1.0, 1.0, 1.0, 1.0, 1.0, 1.0, 1.0, 1.0, 1.0, 1.0, 1.0, 1.0, 1.0, 1.0, 1.0, 1.0, 1.0, 1.0, 1.0, 1.0, 1.0, 1.0, 1.0, 1.0, 1.0, 1.0, 1.0, 1.0]"
9daf8d2c,12,36,1,50.0,False,False,"[1, 1, 1]",15.571403208269022,,,,,,,,,,,11.403405995774692,,0.7323300182554543,,,,5.768982172012329,5.768982172012329,False,,0.0,0.0,,,5.7766640186309814,2026-07-21 08:47:58,x86_64,dacsgpu0002,,64,64,3.11.15,0.21,False,False,adam,True,1,20,hamqaoa,0.01,False,False,hog,False,True,False,False,False,False,False,1,HOG_graphs/random_graphs_8to14vertices_78instances_20260625_143415_AdjacencyList.txt,False,0,32,1,5,1,,54,"[(5, 11), (2, 3), (3, 5), (2, 9), (4, 6), (7, 8), (0, 5), (1, 4), (0, 2), (1, 10), (0, 11), (6, 9), (5, 7), (3, 4), (2, 8), (4, 5), (3, 7), (2, 5), (2, 11), (4, 8), (8, 9), (1, 3), (0, 1), (9, 10), (0, 10), (6, 8), (5, 6), (3, 6), (2, 4), (2, 7), (4, 7), (0, 3), (1, 2), (10, 11), (0, 9), (6, 7)]","[1.0, 1.0, 1.0, 1.0, 1.0, 1.0, 1.0, 1.0, 1.0, 1.0, 1.0, 1.0, 1.0, 1.0, 1.0, 1.0, 1.0, 1.0, 1.0, 1.0, 1.0, 1.0, 1.0, 1.0, 1.0, 1.0, 1.0, 1.0, 1.0, 1.0, 1.0, 1.0, 1.0, 1.0, 1.0, 1.0]"
7984b63c,13,31,1,5.0,False,False,"[1, 1, 1]",15.082651333728087,,,,,,,,,,,8.817309050646994,,0.5845994086550005,,,,2.5230956077575684,2.5230956077575684,False,,0.0,0.0,,,2.5320916175842285,2026-07-21 08:47:58,x86_64,dacsgpu0002,,64,64,3.11.15,0.21,False,False,adam,True,1,20,hamqaoa,0.01,False,False,hog,False,True,False,False,False,False,False,1,HOG_graphs/random_graphs_8to14vertices_78instances_20260625_143415_AdjacencyList.txt,False,0,32,1,5,1,,57,"[(5, 11), (2, 3), (3, 5), (3, 11), (11, 12), (4, 6), (4, 12), (7, 11), (0, 5), (1, 10), (9, 11), (0, 11), (2, 8), (3, 10), (7, 10), (9, 10), (8, 12), (1, 6), (0, 4), (0, 10), (1, 9), (5, 6), (6, 11), (3, 9), (4, 10), (4, 7), (7, 9), (1, 2), (1, 8), (1, 11), (5, 8)]","[1.0, 1.0, 1.0, 1.0, 1.0, 1.0, 1.0, 1.0, 1.0, 1.0, 1.0, 1.0, 1.0, 1.0, 1.0, 1.0, 1.0, 1.0, 1.0, 1.0, 1.0, 1.0, 1.0, 1.0, 1.0, 1.0, 1.0, 1.0, 1.0, 1.0, 1.0]"
ad135ebe,13,22,1,25.0,False,False,"[1, 1, 1]",11.638098845807034,,,,,,,,,,,6.495496008145659,,0.558123461074216,,,,3.6566855907440186,3.6566855907440186,False,,0.0,0.0,,,3.667005777359009,2026-07-21 08:47:58,x86_64,dacsgpu0002,,64,64,3.11.15,0.21,False,False,adam,True,1,20,hamqaoa,0.01,False,False,hog,False,True,False,False,False,False,False,1,HOG_graphs/random_graphs_8to14vertices_78instances_20260625_143415_AdjacencyList.txt,False,0,32,1,5,1,,56,"[(5, 11), (3, 5), (4, 9), (1, 4), (1, 10), (1, 7), (0, 11), (5, 10), (6, 12), (3, 7), (2, 5), (3, 10), (1, 9), (3, 6), (8, 11), (1, 2), (1, 8), (0, 6), (0, 12), (0, 9), (6, 10), (5, 8)]","[1.0, 1.0, 1.0, 1.0, 1.0, 1.0, 1.0, 1.0, 1.0, 1.0, 1.0, 1.0, 1.0, 1.0, 1.0, 1.0, 1.0, 1.0, 1.0, 1.0, 1.0, 1.0]"
00c836eb,12,36,2,10.0,False,False,"[1, 1, 1]",15.571403208269022,,,,,,,,,,,10.033281014473888,,0.6443401972370624,,,,6.983932733535767,6.983932733535767,False,,0.0,0.0,,,6.9922075271606445,2026-07-21 08:47:58,x86_64,dacsgpu0002,,64,64,3.11.15,0.21,False,False,adam,True,1,20,hamqaoa,0.01,False,False,hog,False,True,False,False,False,False,False,1,HOG_graphs/random_graphs_8to14vertices_78instances_20260625_143415_AdjacencyList.txt,False,0,32,1,5,1,,54,"[(5, 11), (2, 3), (3, 5), (2, 9), (4, 6), (7, 8), (0, 5), (1, 4), (0, 2), (1, 10), (0, 11), (6, 9), (5, 7), (3, 4), (2, 8), (4, 5), (3, 7), (2, 5), (2, 11), (4, 8), (8, 9), (1, 3), (0, 1), (9, 10), (0, 10), (6, 8), (5, 6), (3, 6), (2, 4), (2, 7), (4, 7), (0, 3), (1, 2), (10, 11), (0, 9), (6, 7)]","[1.0, 1.0, 1.0, 1.0, 1.0, 1.0, 1.0, 1.0, 1.0, 1.0, 1.0, 1.0, 1.0, 1.0, 1.0, 1.0, 1.0, 1.0, 1.0, 1.0, 1.0, 1.0, 1.0, 1.0, 1.0, 1.0, 1.0, 1.0, 1.0, 1.0, 1.0, 1.0, 1.0, 1.0, 1.0, 1.0]"
b751ac01,12,36,2,5.0,False,False,"[1, 1, 1]",16.172400501172454,,,,,,,,,,,11.855726739614981,,0.7330839190357347,,,,6.022070407867432,6.022070407867432,False,,0.0,0.0,,,6.031339406967163,2026-07-21 08:47:58,x86_64,dacsgpu0002,,64,64,3.11.15,0.22,False,False,adam,True,1,20,hamqaoa,0.01,False,False,hog,False,True,False,False,False,False,False,1,HOG_graphs/random_graphs_8to14vertices_78instances_20260625_143415_AdjacencyList.txt,False,0,32,1,5,1,,55,"[(5, 11), (3, 8), (3, 11), (2, 9), (4, 6), (4, 9), (7, 8), (0, 5), (0, 2), (1, 10), (0, 11), (6, 9), (5, 7), (2, 5), (2, 11), (3, 10), (7, 10), (8, 9), (0, 1), (9, 10), (1, 6), (0, 4), (0, 10), (1, 9), (3, 6), (2, 4), (2, 7), (8, 11), (7, 9), (0, 3), (1, 2), (10, 11), (1, 5), (6, 10), (5, 8), (6, 7)]","[1.0, 1.0, 1.0, 1.0, 1.0, 1.0, 1.0, 1.0, 1.0, 1.0, 1.0, 1.0, 1.0, 1.0, 1.0, 1.0, 1.0, 1.0, 1.0, 1.0, 1.0, 1.0, 1.0, 1.0, 1.0, 1.0, 1.0, 1.0, 1.0, 1.0, 1.0, 1.0, 1.0, 1.0, 1.0, 1.0]"
636ae43e,12,36,1,50.0,False,False,"[1, 1, 1]",16.172400501172454,,,,,,,,,,,10.999976987262787,,0.6801697117546229,,,,5.612294673919678,5.612294673919678,False,,0.0,0.0,,,5.621405124664307,2026-07-21 08:47:59,x86_64,dacsgpu0002,,64,64,3.11.15,0.21,False,False,adam,True,1,20,hamqaoa,0.01,False,False,hog,False,True,False,False,False,False,False,1,HOG_graphs/random_graphs_8to14vertices_78instances_20260625_143415_AdjacencyList.txt,False,0,32,1,5,1,,55,"[(5, 11), (3, 8), (3, 11), (2, 9), (4, 6), (4, 9), (7, 8), (0, 5), (0, 2), (1, 10), (0, 11), (6, 9), (5, 7), (2, 5), (2, 11), (3, 10), (7, 10), (8, 9), (0, 1), (9, 10), (1, 6), (0, 4), (0, 10), (1, 9), (3, 6), (2, 4), (2, 7), (8, 11), (7, 9), (0, 3), (1, 2), (10, 11), (1, 5), (6, 10), (5, 8), (6, 7)]","[1.0, 1.0, 1.0, 1.0, 1.0, 1.0, 1.0, 1.0, 1.0, 1.0, 1.0, 1.0, 1.0, 1.0, 1.0, 1.0, 1.0, 1.0, 1.0, 1.0, 1.0, 1.0, 1.0, 1.0, 1.0, 1.0, 1.0, 1.0, 1.0, 1.0, 1.0, 1.0, 1.0, 1.0, 1.0, 1.0]"
52471608,12,24,2,25.0,False,False,"[1, 1, 1]",12.02946125476974,,,,,,,,,,,7.421444514621911,,0.6169390596506782,,,,8.362165927886963,8.362165927886963,False,,0.0,0.0,,,8.368949174880981,2026-07-21 08:47:59,x86_64,dacsgpu0002,,64,64,3.11.15,0.21,False,False,adam,True,1,20,hamqaoa,0.01,False,False,hog,False,True,False,False,False,False,False,1,HOG_graphs/random_graphs_8to14vertices_78instances_20260625_143415_AdjacencyList.txt,False,0,32,1,5,1,,53,"[(2, 3), (3, 8), (4, 6), (7, 8), (1, 7), (0, 11), (5, 10), (6, 9), (4, 5), (3, 7), (3, 10), (8, 9), (1, 3), (0, 1), (1, 6), (6, 8), (5, 6), (2, 10), (2, 7), (7, 9), (0, 3), (0, 6), (1, 11), (0, 9)]","[1.0, 1.0, 1.0, 1.0, 1.0, 1.0, 1.0, 1.0, 1.0, 1.0, 1.0, 1.0, 1.0, 1.0, 1.0, 1.0, 1.0, 1.0, 1.0, 1.0, 1.0, 1.0, 1.0, 1.0]"
3a8fcd18,13,22,2,5.0,False,False,"[1, 1, 1]",11.638098845807034,,,,,,,,,,,5.894936910538055,,0.506520608618295,,,,5.372869253158569,5.372869253158569,False,,0.0,0.0,,,5.382174491882324,2026-07-21 08:47:59,x86_64,dacsgpu0002,,64,64,3.11.15,0.22,False,False,adam,True,1,20,hamqaoa,0.01,False,False,hog,False,True,False,False,False,False,False,1,HOG_graphs/random_graphs_8to14vertices_78instances_20260625_143415_AdjacencyList.txt,False,0,32,1,5,1,,56,"[(5, 11), (3, 5), (4, 9), (1, 4), (1, 10), (1, 7), (0, 11), (5, 10), (6, 12), (3, 7), (2, 5), (3, 10), (1, 9), (3, 6), (8, 11), (1, 2), (1, 8), (0, 6), (0, 12), (0, 9), (6, 10), (5, 8)]","[1.0, 1.0, 1.0, 1.0, 1.0, 1.0, 1.0, 1.0, 1.0, 1.0, 1.0, 1.0, 1.0, 1.0, 1.0, 1.0, 1.0, 1.0, 1.0, 1.0, 1.0, 1.0]"
ce36fadb,12,36,2,10.0,False,False,"[1, 1, 1]",16.172400501172454,,,,,,,,,,,10.438870459566921,,0.6454743968781957,,,,6.841180086135864,6.841180086135864,False,,0.0,0.0,,,6.854501247406006,2026-07-21 08:48:00,x86_64,dacsgpu0002,,64,64,3.11.15,0.22,False,False,adam,True,1,20,hamqaoa,0.01,False,False,hog,False,True,False,False,False,False,False,1,HOG_graphs/random_graphs_8to14vertices_78instances_20260625_143415_AdjacencyList.txt,False,0,32,1,5,1,,55,"[(5, 11), (3, 8), (3, 11), (2, 9), (4, 6), (4, 9), (7, 8), (0, 5), (0, 2), (1, 10), (0, 11), (6, 9), (5, 7), (2, 5), (2, 11), (3, 10), (7, 10), (8, 9), (0, 1), (9, 10), (1, 6), (0, 4), (0, 10), (1, 9), (3, 6), (2, 4), (2, 7), (8, 11), (7, 9), (0, 3), (1, 2), (10, 11), (1, 5), (6, 10), (5, 8), (6, 7)]","[1.0, 1.0, 1.0, 1.0, 1.0, 1.0, 1.0, 1.0, 1.0, 1.0, 1.0, 1.0, 1.0, 1.0, 1.0, 1.0, 1.0, 1.0, 1.0, 1.0, 1.0, 1.0, 1.0, 1.0, 1.0, 1.0, 1.0, 1.0, 1.0, 1.0, 1.0, 1.0, 1.0, 1.0, 1.0, 1.0]"
dbf8c4ac,13,22,1,50.0,False,False,"[1, 1, 1]",11.638098845807034,,,,,,,,,,,5.621125153139561,,0.4829934190810499,,,,5.157456159591675,5.157456159591675,False,,0.0,0.0,,,5.165653228759766,2026-07-21 08:48:00,x86_64,dacsgpu0002,,64,64,3.11.15,0.21,False,False,adam,True,1,20,hamqaoa,0.01,False,False,hog,False,True,False,False,False,False,False,1,HOG_graphs/random_graphs_8to14vertices_78instances_20260625_143415_AdjacencyList.txt,False,0,32,1,5,1,,56,"[(5, 11), (3, 5), (4, 9), (1, 4), (1, 10), (1, 7), (0, 11), (5, 10), (6, 12), (3, 7), (2, 5), (3, 10), (1, 9), (3, 6), (8, 11), (1, 2), (1, 8), (0, 6), (0, 12), (0, 9), (6, 10), (5, 8)]","[1.0, 1.0, 1.0, 1.0, 1.0, 1.0, 1.0, 1.0, 1.0, 1.0, 1.0, 1.0, 1.0, 1.0, 1.0, 1.0, 1.0, 1.0, 1.0, 1.0, 1.0, 1.0]"
fa435ada,13,22,2,10.0,False,False,"[1, 1, 1]",11.638098845807034,,,,,,,,,,,6.259575990390214,,0.5378521074037286,,,,6.1582701206207275,6.1582701206207275,False,,0.0,0.0,,,6.174060344696045,2026-07-21 08:48:00,x86_64,dacsgpu0002,,64,64,3.11.15,0.22,False,False,adam,True,1,20,hamqaoa,0.01,False,False,hog,False,True,False,False,False,False,False,1,HOG_graphs/random_graphs_8to14vertices_78instances_20260625_143415_AdjacencyList.txt,False,0,32,1,5,1,,56,"[(5, 11), (3, 5), (4, 9), (1, 4), (1, 10), (1, 7), (0, 11), (5, 10), (6, 12), (3, 7), (2, 5), (3, 10), (1, 9), (3, 6), (8, 11), (1, 2), (1, 8), (0, 6), (0, 12), (0, 9), (6, 10), (5, 8)]","[1.0, 1.0, 1.0, 1.0, 1.0, 1.0, 1.0, 1.0, 1.0, 1.0, 1.0, 1.0, 1.0, 1.0, 1.0, 1.0, 1.0, 1.0, 1.0, 1.0, 1.0, 1.0]"
2e4f1a6f,12,36,2,25.0,False,False,"[1, 1, 1]",15.571403208269022,,,,,,,,,,,11.560652045616116,,0.7424284048772791,,,,9.913353443145752,9.913353443145752,False,,0.0,0.0,,,9.92044734954834,2026-07-21 08:48:02,x86_64,dacsgpu0002,,64,64,3.11.15,0.21,False,False,adam,True,1,20,hamqaoa,0.01,False,False,hog,False,True,False,False,False,False,False,1,HOG_graphs/random_graphs_8to14vertices_78instances_20260625_143415_AdjacencyList.txt,False,0,32,1,5,1,,54,"[(5, 11), (2, 3), (3, 5), (2, 9), (4, 6), (7, 8), (0, 5), (1, 4), (0, 2), (1, 10), (0, 11), (6, 9), (5, 7), (3, 4), (2, 8), (4, 5), (3, 7), (2, 5), (2, 11), (4, 8), (8, 9), (1, 3), (0, 1), (9, 10), (0, 10), (6, 8), (5, 6), (3, 6), (2, 4), (2, 7), (4, 7), (0, 3), (1, 2), (10, 11), (0, 9), (6, 7)]","[1.0, 1.0, 1.0, 1.0, 1.0, 1.0, 1.0, 1.0, 1.0, 1.0, 1.0, 1.0, 1.0, 1.0, 1.0, 1.0, 1.0, 1.0, 1.0, 1.0, 1.0, 1.0, 1.0, 1.0, 1.0, 1.0, 1.0, 1.0, 1.0, 1.0, 1.0, 1.0, 1.0, 1.0, 1.0, 1.0]"
0cae71fa,13,31,1,10.0,False,False,"[1, 1, 1]",15.082651333728087,,,,,,,,,,,10.799338099239,,0.7160105912605254,,,,2.5377860069274902,2.5377860069274902,False,,0.0,0.0,,,2.5437867641448975,2026-07-21 08:48:03,x86_64,dacsgpu0002,,64,64,3.11.15,0.21,False,False,adam,True,1,20,hamqaoa,0.01,False,False,hog,False,True,False,False,False,False,False,1,HOG_graphs/random_graphs_8to14vertices_78instances_20260625_143415_AdjacencyList.txt,False,0,32,1,5,1,,57,"[(5, 11), (2, 3), (3, 5), (3, 11), (11, 12), (4, 6), (4, 12), (7, 11), (0, 5), (1, 10), (9, 11), (0, 11), (2, 8), (3, 10), (7, 10), (9, 10), (8, 12), (1, 6), (0, 4), (0, 10), (1, 9), (5, 6), (6, 11), (3, 9), (4, 10), (4, 7), (7, 9), (1, 2), (1, 8), (1, 11), (5, 8)]","[1.0, 1.0, 1.0, 1.0, 1.0, 1.0, 1.0, 1.0, 1.0, 1.0, 1.0, 1.0, 1.0, 1.0, 1.0, 1.0, 1.0, 1.0, 1.0, 1.0, 1.0, 1.0, 1.0, 1.0, 1.0, 1.0, 1.0, 1.0, 1.0, 1.0, 1.0]"
d979cd1b,12,36,2,25.0,False,False,"[1, 1, 1]",16.172400501172454,,,,,,,,,,,11.933106487587374,,0.7378685982159703,,,,9.608386754989624,9.608386754989624,False,,0.0,0.0,,,9.617814779281616,2026-07-21 08:48:03,x86_64,dacsgpu0002,,64,64,3.11.15,0.21,False,False,adam,True,1,20,hamqaoa,0.01,False,False,hog,False,True,False,False,False,False,False,1,HOG_graphs/random_graphs_8to14vertices_78instances_20260625_143415_AdjacencyList.txt,False,0,32,1,5,1,,55,"[(5, 11), (3, 8), (3, 11), (2, 9), (4, 6), (4, 9), (7, 8), (0, 5), (0, 2), (1, 10), (0, 11), (6, 9), (5, 7), (2, 5), (2, 11), (3, 10), (7, 10), (8, 9), (0, 1), (9, 10), (1, 6), (0, 4), (0, 10), (1, 9), (3, 6), (2, 4), (2, 7), (8, 11), (7, 9), (0, 3), (1, 2), (10, 11), (1, 5), (6, 10), (5, 8), (6, 7)]","[1.0, 1.0, 1.0, 1.0, 1.0, 1.0, 1.0, 1.0, 1.0, 1.0, 1.0, 1.0, 1.0, 1.0, 1.0, 1.0, 1.0, 1.0, 1.0, 1.0, 1.0, 1.0, 1.0, 1.0, 1.0, 1.0, 1.0, 1.0, 1.0, 1.0, 1.0, 1.0, 1.0, 1.0, 1.0, 1.0]"
73c04cd5,12,24,2,50.0,False,False,"[1, 1, 1]",12.02946125476974,,,,,,,,,,,10.453530234557181,,0.8689940482922546,,,,12.054585456848145,12.054585456848145,False,,0.0,0.0,,,12.060212135314941,2026-07-21 08:48:03,x86_64,dacsgpu0002,,64,64,3.11.15,0.21,False,False,adam,True,1,20,hamqaoa,0.01,False,False,hog,False,True,False,False,False,False,False,1,HOG_graphs/random_graphs_8to14vertices_78instances_20260625_143415_AdjacencyList.txt,False,0,32,1,5,1,,53,"[(2, 3), (3, 8), (4, 6), (7, 8), (1, 7), (0, 11), (5, 10), (6, 9), (4, 5), (3, 7), (3, 10), (8, 9), (1, 3), (0, 1), (1, 6), (6, 8), (5, 6), (2, 10), (2, 7), (7, 9), (0, 3), (0, 6), (1, 11), (0, 9)]","[1.0, 1.0, 1.0, 1.0, 1.0, 1.0, 1.0, 1.0, 1.0, 1.0, 1.0, 1.0, 1.0, 1.0, 1.0, 1.0, 1.0, 1.0, 1.0, 1.0, 1.0, 1.0, 1.0, 1.0]"
37f57964,13,22,2,25.0,False,False,"[1, 1, 1]",11.638098845807034,,,,,,,,,,,7.14427573791277,,0.6138696562528944,,,,8.530128002166748,8.530128002166748,False,,0.0,0.0,,,8.545095443725586,2026-07-21 08:48:03,x86_64,dacsgpu0002,,64,64,3.11.15,0.22,False,False,adam,True,1,20,hamqaoa,0.01,False,False,hog,False,True,False,False,False,False,False,1,HOG_graphs/random_graphs_8to14vertices_78instances_20260625_143415_AdjacencyList.txt,False,0,32,1,5,1,,56,"[(5, 11), (3, 5), (4, 9), (1, 4), (1, 10), (1, 7), (0, 11), (5, 10), (6, 12), (3, 7), (2, 5), (3, 10), (1, 9), (3, 6), (8, 11), (1, 2), (1, 8), (0, 6), (0, 12), (0, 9), (6, 10), (5, 8)]","[1.0, 1.0, 1.0, 1.0, 1.0, 1.0, 1.0, 1.0, 1.0, 1.0, 1.0, 1.0, 1.0, 1.0, 1.0, 1.0, 1.0, 1.0, 1.0, 1.0, 1.0, 1.0]"
000f8d30,13,31,1,25.0,False,False,"[1, 1, 1]",15.082651333728087,,,,,,,,,,,8.99863220781393,,0.5966213770181793,,,,3.444321393966675,3.444321393966675,False,,0.0,0.0,,,3.450425148010254,2026-07-21 08:48:04,x86_64,dacsgpu0002,,64,64,3.11.15,0.21,False,False,adam,True,1,20,hamqaoa,0.01,False,False,hog,False,True,False,False,False,False,False,1,HOG_graphs/random_graphs_8to14vertices_78instances_20260625_143415_AdjacencyList.txt,False,0,32,1,5,1,,57,"[(5, 11), (2, 3), (3, 5), (3, 11), (11, 12), (4, 6), (4, 12), (7, 11), (0, 5), (1, 10), (9, 11), (0, 11), (2, 8), (3, 10), (7, 10), (9, 10), (8, 12), (1, 6), (0, 4), (0, 10), (1, 9), (5, 6), (6, 11), (3, 9), (4, 10), (4, 7), (7, 9), (1, 2), (1, 8), (1, 11), (5, 8)]","[1.0, 1.0, 1.0, 1.0, 1.0, 1.0, 1.0, 1.0, 1.0, 1.0, 1.0, 1.0, 1.0, 1.0, 1.0, 1.0, 1.0, 1.0, 1.0, 1.0, 1.0, 1.0, 1.0, 1.0, 1.0, 1.0, 1.0, 1.0, 1.0, 1.0, 1.0]"
da950f3e,13,31,2,5.0,False,False,"[1, 1, 1]",15.082651333728087,,,,,,,,,,,9.279158825645986,,0.6152206677943798,,,,4.909726858139038,4.909726858139038,False,,0.0,0.0,,,4.9179368019104,2026-07-21 08:48:05,x86_64,dacsgpu0002,,64,64,3.11.15,0.22,False,False,adam,True,1,20,hamqaoa,0.01,False,False,hog,False,True,False,False,False,False,False,1,HOG_graphs/random_graphs_8to14vertices_78instances_20260625_143415_AdjacencyList.txt,False,0,32,1,5,1,,57,"[(5, 11), (2, 3), (3, 5), (3, 11), (11, 12), (4, 6), (4, 12), (7, 11), (0, 5), (1, 10), (9, 11), (0, 11), (2, 8), (3, 10), (7, 10), (9, 10), (8, 12), (1, 6), (0, 4), (0, 10), (1, 9), (5, 6), (6, 11), (3, 9), (4, 10), (4, 7), (7, 9), (1, 2), (1, 8), (1, 11), (5, 8)]","[1.0, 1.0, 1.0, 1.0, 1.0, 1.0, 1.0, 1.0, 1.0, 1.0, 1.0, 1.0, 1.0, 1.0, 1.0, 1.0, 1.0, 1.0, 1.0, 1.0, 1.0, 1.0, 1.0, 1.0, 1.0, 1.0, 1.0, 1.0, 1.0, 1.0, 1.0]"
5dad97a1,13,31,1,50.0,False,False,"[1, 1, 1]",15.082651333728087,,,,,,,,,,,9.71716483279131,,0.6442610531652095,,,,4.898678779602051,4.898678779602051,False,,0.0,0.0,,,4.9043779373168945,2026-07-21 08:48:06,x86_64,dacsgpu0002,,64,64,3.11.15,0.21,False,False,adam,True,1,20,hamqaoa,0.01,False,False,hog,False,True,False,False,False,False,False,1,HOG_graphs/random_graphs_8to14vertices_78instances_20260625_143415_AdjacencyList.txt,False,0,32,1,5,1,,57,"[(5, 11), (2, 3), (3, 5), (3, 11), (11, 12), (4, 6), (4, 12), (7, 11), (0, 5), (1, 10), (9, 11), (0, 11), (2, 8), (3, 10), (7, 10), (9, 10), (8, 12), (1, 6), (0, 4), (0, 10), (1, 9), (5, 6), (6, 11), (3, 9), (4, 10), (4, 7), (7, 9), (1, 2), (1, 8), (1, 11), (5, 8)]","[1.0, 1.0, 1.0, 1.0, 1.0, 1.0, 1.0, 1.0, 1.0, 1.0, 1.0, 1.0, 1.0, 1.0, 1.0, 1.0, 1.0, 1.0, 1.0, 1.0, 1.0, 1.0, 1.0, 1.0, 1.0, 1.0, 1.0, 1.0, 1.0, 1.0, 1.0]"
c20624c5,12,36,2,50.0,False,False,"[1, 1, 1]",15.571403208269022,,,,,,,,,,,9.932512898658235,,0.6378688398090985,,,,13.780945777893066,13.780945777893066,False,,0.0,0.0,,,13.789469718933105,2026-07-21 08:48:06,x86_64,dacsgpu0002,,64,64,3.11.15,0.21,False,False,adam,True,1,20,hamqaoa,0.01,False,False,hog,False,True,False,False,False,False,False,1,HOG_graphs/random_graphs_8to14vertices_78instances_20260625_143415_AdjacencyList.txt,False,0,32,1,5,1,,54,"[(5, 11), (2, 3), (3, 5), (2, 9), (4, 6), (7, 8), (0, 5), (1, 4), (0, 2), (1, 10), (0, 11), (6, 9), (5, 7), (3, 4), (2, 8), (4, 5), (3, 7), (2, 5), (2, 11), (4, 8), (8, 9), (1, 3), (0, 1), (9, 10), (0, 10), (6, 8), (5, 6), (3, 6), (2, 4), (2, 7), (4, 7), (0, 3), (1, 2), (10, 11), (0, 9), (6, 7)]","[1.0, 1.0, 1.0, 1.0, 1.0, 1.0, 1.0, 1.0, 1.0, 1.0, 1.0, 1.0, 1.0, 1.0, 1.0, 1.0, 1.0, 1.0, 1.0, 1.0, 1.0, 1.0, 1.0, 1.0, 1.0, 1.0, 1.0, 1.0, 1.0, 1.0, 1.0, 1.0, 1.0, 1.0, 1.0, 1.0]"
78411a6f,13,31,2,10.0,False,False,"[1, 1, 1]",15.082651333728087,,,,,,,,,,,9.429192374928995,,0.6251680932147037,,,,5.798730373382568,5.798730373382568,False,,0.0,0.0,,,5.806612968444824,2026-07-21 08:48:06,x86_64,dacsgpu0002,,64,64,3.11.15,0.22,False,False,adam,True,1,20,hamqaoa,0.01,False,False,hog,False,True,False,False,False,False,False,1,HOG_graphs/random_graphs_8to14vertices_78instances_20260625_143415_AdjacencyList.txt,False,0,32,1,5,1,,57,"[(5, 11), (2, 3), (3, 5), (3, 11), (11, 12), (4, 6), (4, 12), (7, 11), (0, 5), (1, 10), (9, 11), (0, 11), (2, 8), (3, 10), (7, 10), (9, 10), (8, 12), (1, 6), (0, 4), (0, 10), (1, 9), (5, 6), (6, 11), (3, 9), (4, 10), (4, 7), (7, 9), (1, 2), (1, 8), (1, 11), (5, 8)]","[1.0, 1.0, 1.0, 1.0, 1.0, 1.0, 1.0, 1.0, 1.0, 1.0, 1.0, 1.0, 1.0, 1.0, 1.0, 1.0, 1.0, 1.0, 1.0, 1.0, 1.0, 1.0, 1.0, 1.0, 1.0, 1.0, 1.0, 1.0, 1.0, 1.0, 1.0]"
c5a8c845,13,22,2,50.0,False,False,"[1, 1, 1]",11.638098845807034,,,,,,,,,,,7.327099900903598,,0.6295787652244765,,,,12.364608526229858,12.364608526229858,False,,0.0,0.0,,,12.37250280380249,2026-07-21 08:48:07,x86_64,dacsgpu0002,,64,64,3.11.15,0.22,False,False,adam,True,1,20,hamqaoa,0.01,False,False,hog,False,True,False,False,False,False,False,1,HOG_graphs/random_graphs_8to14vertices_78instances_20260625_143415_AdjacencyList.txt,False,0,32,1,5,1,,56,"[(5, 11), (3, 5), (4, 9), (1, 4), (1, 10), (1, 7), (0, 11), (5, 10), (6, 12), (3, 7), (2, 5), (3, 10), (1, 9), (3, 6), (8, 11), (1, 2), (1, 8), (0, 6), (0, 12), (0, 9), (6, 10), (5, 8)]","[1.0, 1.0, 1.0, 1.0, 1.0, 1.0, 1.0, 1.0, 1.0, 1.0, 1.0, 1.0, 1.0, 1.0, 1.0, 1.0, 1.0, 1.0, 1.0, 1.0, 1.0, 1.0]"
a753ddf0,12,36,2,50.0,False,False,"[1, 1, 1]",16.172400501172454,,,,,,,,,,,12.529861311999447,,0.7747681805858733,,,,14.00629448890686,14.00629448890686,False,,0.0,0.0,,,14.015290021896362,2026-07-21 08:48:07,x86_64,dacsgpu0002,,64,64,3.11.15,0.21,False,False,adam,True,1,20,hamqaoa,0.01,False,False,hog,False,True,False,False,False,False,False,1,HOG_graphs/random_graphs_8to14vertices_78instances_20260625_143415_AdjacencyList.txt,False,0,32,1,5,1,,55,"[(5, 11), (3, 8), (3, 11), (2, 9), (4, 6), (4, 9), (7, 8), (0, 5), (0, 2), (1, 10), (0, 11), (6, 9), (5, 7), (2, 5), (2, 11), (3, 10), (7, 10), (8, 9), (0, 1), (9, 10), (1, 6), (0, 4), (0, 10), (1, 9), (3, 6), (2, 4), (2, 7), (8, 11), (7, 9), (0, 3), (1, 2), (10, 11), (1, 5), (6, 10), (5, 8), (6, 7)]","[1.0, 1.0, 1.0, 1.0, 1.0, 1.0, 1.0, 1.0, 1.0, 1.0, 1.0, 1.0, 1.0, 1.0, 1.0, 1.0, 1.0, 1.0, 1.0, 1.0, 1.0, 1.0, 1.0, 1.0, 1.0, 1.0, 1.0, 1.0, 1.0, 1.0, 1.0, 1.0, 1.0, 1.0, 1.0, 1.0]"
8fa97cc5,13,31,2,25.0,False,False,"[1, 1, 1]",15.082651333728087,,,,,,,,,,,11.983934037742133,,0.794550889799027,,,,10.398659706115723,10.398659706115723,False,,0.0,0.0,,,10.406087875366211,2026-07-21 08:48:11,x86_64,dacsgpu0002,,64,64,3.11.15,0.22,False,False,adam,True,1,20,hamqaoa,0.01,False,False,hog,False,True,False,False,False,False,False,1,HOG_graphs/random_graphs_8to14vertices_78instances_20260625_143415_AdjacencyList.txt,False,0,32,1,5,1,,57,"[(5, 11), (2, 3), (3, 5), (3, 11), (11, 12), (4, 6), (4, 12), (7, 11), (0, 5), (1, 10), (9, 11), (0, 11), (2, 8), (3, 10), (7, 10), (9, 10), (8, 12), (1, 6), (0, 4), (0, 10), (1, 9), (5, 6), (6, 11), (3, 9), (4, 10), (4, 7), (7, 9), (1, 2), (1, 8), (1, 11), (5, 8)]","[1.0, 1.0, 1.0, 1.0, 1.0, 1.0, 1.0, 1.0, 1.0, 1.0, 1.0, 1.0, 1.0, 1.0, 1.0, 1.0, 1.0, 1.0, 1.0, 1.0, 1.0, 1.0, 1.0, 1.0, 1.0, 1.0, 1.0, 1.0, 1.0, 1.0, 1.0]"
349067a4,13,22,1,5.0,False,False,"[1, 1, 1]",11.624575641933111,,,,,,,,,,,6.749284118093435,,0.5806047744011291,,,,2.301283359527588,2.301283359527588,False,,0.0,0.0,,,2.3108885288238525,2026-07-21 08:54:17,x86_64,dacsgpu0002,,64,64,3.11.15,0.21,False,False,adam,True,1,20,hamqaoa,0.01,False,False,hog,False,True,False,False,False,False,False,1,HOG_graphs/random_graphs_8to14vertices_78instances_20260625_143415_AdjacencyList.txt,False,0,32,1,5,1,,60,"[(2, 6), (4, 12), (4, 9), (1, 4), (0, 2), (5, 7), (2, 5), (3, 10), (1, 3), (0, 1), (0, 4), (1, 9), (0, 7), (4, 10), (8, 11), (0, 3), (9, 12), (10, 11), (1, 8), (0, 6), (1, 5), (5, 8)]","[1.0, 1.0, 1.0, 1.0, 1.0, 1.0, 1.0, 1.0, 1.0, 1.0, 1.0, 1.0, 1.0, 1.0, 1.0, 1.0, 1.0, 1.0, 1.0, 1.0, 1.0, 1.0]"
958093ea,13,26,1,5.0,False,False,"[1, 1, 1]",13.40103124390946,,,,,,,,,,,7.8742772879722285,,0.5875874135843802,,,,2.567438840866089,2.567438840866089,False,,0.0,0.0,,,2.5769848823547363,2026-07-21 08:54:17,x86_64,dacsgpu0002,,64,64,3.11.15,0.21,False,False,adam,True,1,20,hamqaoa,0.01,False,False,hog,False,True,False,False,False,False,False,1,HOG_graphs/random_graphs_8to14vertices_78instances_20260625_143415_AdjacencyList.txt,False,0,32,1,5,1,,59,"[(3, 11), (4, 6), (4, 12), (7, 8), (0, 2), (0, 8), (9, 11), (0, 11), (2, 5), (4, 8), (3, 10), (7, 10), (1, 6), (0, 10), (1, 9), (5, 6), (5, 12), (3, 6), (2, 10), (3, 12), (4, 7), (8, 11), (7, 9), (9, 12), (1, 2), (1, 5)]","[1.0, 1.0, 1.0, 1.0, 1.0, 1.0, 1.0, 1.0, 1.0, 1.0, 1.0, 1.0, 1.0, 1.0, 1.0, 1.0, 1.0, 1.0, 1.0, 1.0, 1.0, 1.0, 1.0, 1.0, 1.0, 1.0]"
b7cff229,13,22,1,10.0,False,False,"[1, 1, 1]",11.624575641933111,,,,,,,,,,,7.17135457589318,,0.6169132359571122,,,,2.8467273712158203,2.8467273712158203,False,,0.0,0.0,,,2.8550102710723877,2026-07-21 08:54:18,x86_64,dacsgpu0002,,64,64,3.11.15,0.21,False,False,adam,True,1,20,hamqaoa,0.01,False,False,hog,False,True,False,False,False,False,False,1,HOG_graphs/random_graphs_8to14vertices_78instances_20260625_143415_AdjacencyList.txt,False,0,32,1,5,1,,60,"[(2, 6), (4, 12), (4, 9), (1, 4), (0, 2), (5, 7), (2, 5), (3, 10), (1, 3), (0, 1), (0, 4), (1, 9), (0, 7), (4, 10), (8, 11), (0, 3), (9, 12), (10, 11), (1, 8), (0, 6), (1, 5), (5, 8)]","[1.0, 1.0, 1.0, 1.0, 1.0, 1.0, 1.0, 1.0, 1.0, 1.0, 1.0, 1.0, 1.0, 1.0, 1.0, 1.0, 1.0, 1.0, 1.0, 1.0, 1.0, 1.0]"
6e7e9ca5,13,30,1,5.0,False,False,"[1, 1, 1]",14.016547902144092,,,,,,,,,,,9.375618146156809,,0.6688963795944816,,,,2.7441391944885254,2.7441391944885254,False,,0.0,0.0,,,2.7543702125549316,2026-07-21 08:54:18,x86_64,dacsgpu0002,,64,64,3.11.15,0.21,False,False,adam,True,1,20,hamqaoa,0.01,False,False,hog,False,True,False,False,False,False,False,1,HOG_graphs/random_graphs_8to14vertices_78instances_20260625_143415_AdjacencyList.txt,False,0,32,1,5,1,,61,"[(2, 9), (4, 6), (2, 12), (7, 8), (0, 5), (1, 4), (0, 2), (0, 8), (9, 11), (0, 11), (6, 9), (5, 7), (4, 5), (2, 5), (4, 11), (0, 1), (8, 12), (9, 10), (0, 4), (0, 7), (5, 6), (2, 4), (4, 10), (4, 7), (0, 3), (0, 6), (0, 12), (0, 9), (6, 10), (5, 8)]","[1.0, 1.0, 1.0, 1.0, 1.0, 1.0, 1.0, 1.0, 1.0, 1.0, 1.0, 1.0, 1.0, 1.0, 1.0, 1.0, 1.0, 1.0, 1.0, 1.0, 1.0, 1.0, 1.0, 1.0, 1.0, 1.0, 1.0, 1.0, 1.0, 1.0]"
b8f156ad,13,43,1,10.0,False,False,"[1, 1, 1]",18.9630715143133,,,,,,,,,,,15.450787650426536,,0.8147829658694428,,,,3.872453451156616,3.872453451156616,False,,0.0,0.0,,,3.8821327686309814,2026-07-21 08:54:19,x86_64,dacsgpu0002,,64,64,3.11.15,0.21,False,False,adam,True,1,20,hamqaoa,0.01,False,False,hog,False,True,False,False,False,False,False,1,HOG_graphs/random_graphs_8to14vertices_78instances_20260625_143415_AdjacencyList.txt,False,0,32,1,5,1,,58,"[(2, 3), (3, 8), (3, 5), (2, 9), (4, 6), (4, 12), (4, 9), (8, 10), (1, 4), (0, 2), (1, 10), (3, 4), (2, 8), (3, 7), (2, 5), (4, 8), (3, 10), (4, 11), (0, 1), (9, 10), (1, 6), (0, 4), (0, 10), (10, 12), (1, 9), (0, 7), (5, 12), (5, 9), (3, 6), (2, 4), (2, 10), (3, 9), (2, 7), (3, 12), (4, 7), (7, 9), (0, 3), (7, 12), (1, 8), (10, 11), (0, 9), (6, 10), (6, 7)]","[1.0, 1.0, 1.0, 1.0, 1.0, 1.0, 1.0, 1.0, 1.0, 1.0, 1.0, 1.0, 1.0, 1.0, 1.0, 1.0, 1.0, 1.0, 1.0, 1.0, 1.0, 1.0, 1.0, 1.0, 1.0, 1.0, 1.0, 1.0, 1.0, 1.0, 1.0, 1.0, 1.0, 1.0, 1.0, 1.0, 1.0, 1.0, 1.0, 1.0, 1.0, 1.0, 1.0]"
2ec5ce24,13,30,1,10.0,False,False,"[1, 1, 1]",14.016547902144092,,,,,,,,,,,8.510673718148741,,0.6071875741135144,,,,3.113739490509033,3.113739490509033,False,,0.0,0.0,,,3.125023603439331,2026-07-21 08:54:19,x86_64,dacsgpu0002,,64,64,3.11.15,0.21,False,False,adam,True,1,20,hamqaoa,0.01,False,False,hog,False,True,False,False,False,False,False,1,HOG_graphs/random_graphs_8to14vertices_78instances_20260625_143415_AdjacencyList.txt,False,0,32,1,5,1,,61,"[(2, 9), (4, 6), (2, 12), (7, 8), (0, 5), (1, 4), (0, 2), (0, 8), (9, 11), (0, 11), (6, 9), (5, 7), (4, 5), (2, 5), (4, 11), (0, 1), (8, 12), (9, 10), (0, 4), (0, 7), (5, 6), (2, 4), (4, 10), (4, 7), (0, 3), (0, 6), (0, 12), (0, 9), (6, 10), (5, 8)]","[1.0, 1.0, 1.0, 1.0, 1.0, 1.0, 1.0, 1.0, 1.0, 1.0, 1.0, 1.0, 1.0, 1.0, 1.0, 1.0, 1.0, 1.0, 1.0, 1.0, 1.0, 1.0, 1.0, 1.0, 1.0, 1.0, 1.0, 1.0, 1.0, 1.0]"
8c2994d7,13,22,1,25.0,False,False,"[1, 1, 1]",11.624575641933111,,,,,,,,,,,7.62161896691842,,0.6556470706272578,,,,4.128064870834351,4.128064870834351,False,,0.0,0.0,,,4.137012958526611,2026-07-21 08:54:19,x86_64,dacsgpu0002,,64,64,3.11.15,0.21,False,False,adam,True,1,20,hamqaoa,0.01,False,False,hog,False,True,False,False,False,False,False,1,HOG_graphs/random_graphs_8to14vertices_78instances_20260625_143415_AdjacencyList.txt,False,0,32,1,5,1,,60,"[(2, 6), (4, 12), (4, 9), (1, 4), (0, 2), (5, 7), (2, 5), (3, 10), (1, 3), (0, 1), (0, 4), (1, 9), (0, 7), (4, 10), (8, 11), (0, 3), (9, 12), (10, 11), (1, 8), (0, 6), (1, 5), (5, 8)]","[1.0, 1.0, 1.0, 1.0, 1.0, 1.0, 1.0, 1.0, 1.0, 1.0, 1.0, 1.0, 1.0, 1.0, 1.0, 1.0, 1.0, 1.0, 1.0, 1.0, 1.0, 1.0]"
fb0a8d7f,13,26,1,25.0,False,False,"[1, 1, 1]",13.40103124390946,,,,,,,,,,,6.815350816301197,,0.5085691311553846,,,,4.354661226272583,4.354661226272583,False,,0.0,0.0,,,4.363508462905884,2026-07-21 08:54:19,x86_64,dacsgpu0002,,64,64,3.11.15,0.21,False,False,adam,True,1,20,hamqaoa,0.01,False,False,hog,False,True,False,False,False,False,False,1,HOG_graphs/random_graphs_8to14vertices_78instances_20260625_143415_AdjacencyList.txt,False,0,32,1,5,1,,59,"[(3, 11), (4, 6), (4, 12), (7, 8), (0, 2), (0, 8), (9, 11), (0, 11), (2, 5), (4, 8), (3, 10), (7, 10), (1, 6), (0, 10), (1, 9), (5, 6), (5, 12), (3, 6), (2, 10), (3, 12), (4, 7), (8, 11), (7, 9), (9, 12), (1, 2), (1, 5)]","[1.0, 1.0, 1.0, 1.0, 1.0, 1.0, 1.0, 1.0, 1.0, 1.0, 1.0, 1.0, 1.0, 1.0, 1.0, 1.0, 1.0, 1.0, 1.0, 1.0, 1.0, 1.0, 1.0, 1.0, 1.0, 1.0]"
5abbe7d7,13,43,1,25.0,False,False,"[1, 1, 1]",18.9630715143133,,,,,,,,,,,12.614709446709558,,0.665225010473013,,,,5.513828754425049,5.513828754425049,False,,0.0,0.0,,,5.523342609405518,2026-07-21 08:54:20,x86_64,dacsgpu0002,,64,64,3.11.15,0.21,False,False,adam,True,1,20,hamqaoa,0.01,False,False,hog,False,True,False,False,False,False,False,1,HOG_graphs/random_graphs_8to14vertices_78instances_20260625_143415_AdjacencyList.txt,False,0,32,1,5,1,,58,"[(2, 3), (3, 8), (3, 5), (2, 9), (4, 6), (4, 12), (4, 9), (8, 10), (1, 4), (0, 2), (1, 10), (3, 4), (2, 8), (3, 7), (2, 5), (4, 8), (3, 10), (4, 11), (0, 1), (9, 10), (1, 6), (0, 4), (0, 10), (10, 12), (1, 9), (0, 7), (5, 12), (5, 9), (3, 6), (2, 4), (2, 10), (3, 9), (2, 7), (3, 12), (4, 7), (7, 9), (0, 3), (7, 12), (1, 8), (10, 11), (0, 9), (6, 10), (6, 7)]","[1.0, 1.0, 1.0, 1.0, 1.0, 1.0, 1.0, 1.0, 1.0, 1.0, 1.0, 1.0, 1.0, 1.0, 1.0, 1.0, 1.0, 1.0, 1.0, 1.0, 1.0, 1.0, 1.0, 1.0, 1.0, 1.0, 1.0, 1.0, 1.0, 1.0, 1.0, 1.0, 1.0, 1.0, 1.0, 1.0, 1.0, 1.0, 1.0, 1.0, 1.0, 1.0, 1.0]"
ff26496b,13,30,1,25.0,False,False,"[1, 1, 1]",14.016547902144092,,,,,,,,,,,9.422291362954596,,0.6722262449167873,,,,4.46051549911499,4.46051549911499,False,,0.0,0.0,,,4.468277454376221,2026-07-21 08:54:21,x86_64,dacsgpu0002,,64,64,3.11.15,0.21,False,False,adam,True,1,20,hamqaoa,0.01,False,False,hog,False,True,False,False,False,False,False,1,HOG_graphs/random_graphs_8to14vertices_78instances_20260625_143415_AdjacencyList.txt,False,0,32,1,5,1,,61,"[(2, 9), (4, 6), (2, 12), (7, 8), (0, 5), (1, 4), (0, 2), (0, 8), (9, 11), (0, 11), (6, 9), (5, 7), (4, 5), (2, 5), (4, 11), (0, 1), (8, 12), (9, 10), (0, 4), (0, 7), (5, 6), (2, 4), (4, 10), (4, 7), (0, 3), (0, 6), (0, 12), (0, 9), (6, 10), (5, 8)]","[1.0, 1.0, 1.0, 1.0, 1.0, 1.0, 1.0, 1.0, 1.0, 1.0, 1.0, 1.0, 1.0, 1.0, 1.0, 1.0, 1.0, 1.0, 1.0, 1.0, 1.0, 1.0, 1.0, 1.0, 1.0, 1.0, 1.0, 1.0, 1.0, 1.0]"
9f194ab7,13,22,2,5.0,False,False,"[1, 1, 1]",11.624575641933111,,,,,,,,,,,6.871553668436232,,0.5911229691386417,,,,5.985365152359009,5.985365152359009,False,,0.0,0.0,,,5.998429298400879,2026-07-21 08:54:21,x86_64,dacsgpu0002,,64,64,3.11.15,0.22,False,False,adam,True,1,20,hamqaoa,0.01,False,False,hog,False,True,False,False,False,False,False,1,HOG_graphs/random_graphs_8to14vertices_78instances_20260625_143415_AdjacencyList.txt,False,0,32,1,5,1,,60,"[(2, 6), (4, 12), (4, 9), (1, 4), (0, 2), (5, 7), (2, 5), (3, 10), (1, 3), (0, 1), (0, 4), (1, 9), (0, 7), (4, 10), (8, 11), (0, 3), (9, 12), (10, 11), (1, 8), (0, 6), (1, 5), (5, 8)]","[1.0, 1.0, 1.0, 1.0, 1.0, 1.0, 1.0, 1.0, 1.0, 1.0, 1.0, 1.0, 1.0, 1.0, 1.0, 1.0, 1.0, 1.0, 1.0, 1.0, 1.0, 1.0]"
1a6cd670,13,22,1,50.0,False,False,"[1, 1, 1]",11.624575641933111,,,,,,,,,,,6.999988234868488,,0.602171507200449,,,,5.911298036575317,5.911298036575317,False,,0.0,0.0,,,5.923136234283447,2026-07-21 08:54:21,x86_64,dacsgpu0002,,64,64,3.11.15,0.21,False,False,adam,True,1,20,hamqaoa,0.01,False,False,hog,False,True,False,False,False,False,False,1,HOG_graphs/random_graphs_8to14vertices_78instances_20260625_143415_AdjacencyList.txt,False,0,32,1,5,1,,60,"[(2, 6), (4, 12), (4, 9), (1, 4), (0, 2), (5, 7), (2, 5), (3, 10), (1, 3), (0, 1), (0, 4), (1, 9), (0, 7), (4, 10), (8, 11), (0, 3), (9, 12), (10, 11), (1, 8), (0, 6), (1, 5), (5, 8)]","[1.0, 1.0, 1.0, 1.0, 1.0, 1.0, 1.0, 1.0, 1.0, 1.0, 1.0, 1.0, 1.0, 1.0, 1.0, 1.0, 1.0, 1.0, 1.0, 1.0, 1.0, 1.0]"
06e892ff,13,26,1,50.0,False,False,"[1, 1, 1]",13.40103124390946,,,,,,,,,,,8.827376116404999,,0.658708718436642,,,,6.289132833480835,6.289132833480835,False,,0.0,0.0,,,6.2969276905059814,2026-07-21 08:54:21,x86_64,dacsgpu0002,,64,64,3.11.15,0.21,False,False,adam,True,1,20,hamqaoa,0.01,False,False,hog,False,True,False,False,False,False,False,1,HOG_graphs/random_graphs_8to14vertices_78instances_20260625_143415_AdjacencyList.txt,False,0,32,1,5,1,,59,"[(3, 11), (4, 6), (4, 12), (7, 8), (0, 2), (0, 8), (9, 11), (0, 11), (2, 5), (4, 8), (3, 10), (7, 10), (1, 6), (0, 10), (1, 9), (5, 6), (5, 12), (3, 6), (2, 10), (3, 12), (4, 7), (8, 11), (7, 9), (9, 12), (1, 2), (1, 5)]","[1.0, 1.0, 1.0, 1.0, 1.0, 1.0, 1.0, 1.0, 1.0, 1.0, 1.0, 1.0, 1.0, 1.0, 1.0, 1.0, 1.0, 1.0, 1.0, 1.0, 1.0, 1.0, 1.0, 1.0, 1.0, 1.0]"
cabf468c,13,26,2,5.0,False,False,"[1, 1, 1]",13.40103124390946,,,,,,,,,,,8.839991154632639,,0.6596500667551435,,,,6.586306571960449,6.586306571960449,False,,0.0,0.0,,,6.594362020492554,2026-07-21 08:54:21,x86_64,dacsgpu0002,,64,64,3.11.15,0.22,False,False,adam,True,1,20,hamqaoa,0.01,False,False,hog,False,True,False,False,False,False,False,1,HOG_graphs/random_graphs_8to14vertices_78instances_20260625_143415_AdjacencyList.txt,False,0,32,1,5,1,,59,"[(3, 11), (4, 6), (4, 12), (7, 8), (0, 2), (0, 8), (9, 11), (0, 11), (2, 5), (4, 8), (3, 10), (7, 10), (1, 6), (0, 10), (1, 9), (5, 6), (5, 12), (3, 6), (2, 10), (3, 12), (4, 7), (8, 11), (7, 9), (9, 12), (1, 2), (1, 5)]","[1.0, 1.0, 1.0, 1.0, 1.0, 1.0, 1.0, 1.0, 1.0, 1.0, 1.0, 1.0, 1.0, 1.0, 1.0, 1.0, 1.0, 1.0, 1.0, 1.0, 1.0, 1.0, 1.0, 1.0, 1.0, 1.0]"
6ac9441f,13,43,1,5.0,False,False,"[1, 1, 1]",18.9630715143133,,,,,,,,,,,11.336177917327506,,0.5978028353039209,,,,3.0951762199401855,3.0951762199401855,False,,0.0,0.0,,,3.104618787765503,2026-07-21 08:54:22,x86_64,dacsgpu0002,,64,64,3.11.15,0.21,False,False,adam,True,1,20,hamqaoa,0.01,False,False,hog,False,True,False,False,False,False,False,1,HOG_graphs/random_graphs_8to14vertices_78instances_20260625_143415_AdjacencyList.txt,False,0,32,1,5,1,,58,"[(2, 3), (3, 8), (3, 5), (2, 9), (4, 6), (4, 12), (4, 9), (8, 10), (1, 4), (0, 2), (1, 10), (3, 4), (2, 8), (3, 7), (2, 5), (4, 8), (3, 10), (4, 11), (0, 1), (9, 10), (1, 6), (0, 4), (0, 10), (10, 12), (1, 9), (0, 7), (5, 12), (5, 9), (3, 6), (2, 4), (2, 10), (3, 9), (2, 7), (3, 12), (4, 7), (7, 9), (0, 3), (7, 12), (1, 8), (10, 11), (0, 9), (6, 10), (6, 7)]","[1.0, 1.0, 1.0, 1.0, 1.0, 1.0, 1.0, 1.0, 1.0, 1.0, 1.0, 1.0, 1.0, 1.0, 1.0, 1.0, 1.0, 1.0, 1.0, 1.0, 1.0, 1.0, 1.0, 1.0, 1.0, 1.0, 1.0, 1.0, 1.0, 1.0, 1.0, 1.0, 1.0, 1.0, 1.0, 1.0, 1.0, 1.0, 1.0, 1.0, 1.0, 1.0, 1.0]"
c167bd36,13,22,2,10.0,False,False,"[1, 1, 1]",11.624575641933111,,,,,,,,,,,7.423574720758159,,0.6386103845356074,,,,7.094918727874756,7.094918727874756,False,,0.0,0.0,,,7.1039628982543945,2026-07-21 08:54:22,x86_64,dacsgpu0002,,64,64,3.11.15,0.22,False,False,adam,True,1,20,hamqaoa,0.01,False,False,hog,False,True,False,False,False,False,False,1,HOG_graphs/random_graphs_8to14vertices_78instances_20260625_143415_AdjacencyList.txt,False,0,32,1,5,1,,60,"[(2, 6), (4, 12), (4, 9), (1, 4), (0, 2), (5, 7), (2, 5), (3, 10), (1, 3), (0, 1), (0, 4), (1, 9), (0, 7), (4, 10), (8, 11), (0, 3), (9, 12), (10, 11), (1, 8), (0, 6), (1, 5), (5, 8)]","[1.0, 1.0, 1.0, 1.0, 1.0, 1.0, 1.0, 1.0, 1.0, 1.0, 1.0, 1.0, 1.0, 1.0, 1.0, 1.0, 1.0, 1.0, 1.0, 1.0, 1.0, 1.0]"
06e83d49,13,26,1,10.0,False,False,"[1, 1, 1]",13.40103124390946,,,,,,,,,,,8.302090923587736,,0.6195113474838658,,,,2.704329013824463,2.704329013824463,False,,0.0,0.0,,,2.71278977394104,2026-07-21 08:54:22,x86_64,dacsgpu0002,,64,64,3.11.15,0.21,False,False,adam,True,1,20,hamqaoa,0.01,False,False,hog,False,True,False,False,False,False,False,1,HOG_graphs/random_graphs_8to14vertices_78instances_20260625_143415_AdjacencyList.txt,False,0,32,1,5,1,,59,"[(3, 11), (4, 6), (4, 12), (7, 8), (0, 2), (0, 8), (9, 11), (0, 11), (2, 5), (4, 8), (3, 10), (7, 10), (1, 6), (0, 10), (1, 9), (5, 6), (5, 12), (3, 6), (2, 10), (3, 12), (4, 7), (8, 11), (7, 9), (9, 12), (1, 2), (1, 5)]","[1.0, 1.0, 1.0, 1.0, 1.0, 1.0, 1.0, 1.0, 1.0, 1.0, 1.0, 1.0, 1.0, 1.0, 1.0, 1.0, 1.0, 1.0, 1.0, 1.0, 1.0, 1.0, 1.0, 1.0, 1.0, 1.0]"
b894cb43,13,26,2,10.0,False,False,"[1, 1, 1]",13.40103124390946,,,,,,,,,,,8.749477840228927,,0.6528958615931454,,,,7.606301546096802,7.606301546096802,False,,0.0,0.0,,,7.615116596221924,2026-07-21 08:54:22,x86_64,dacsgpu0002,,64,64,3.11.15,0.22,False,False,adam,True,1,20,hamqaoa,0.01,False,False,hog,False,True,False,False,False,False,False,1,HOG_graphs/random_graphs_8to14vertices_78instances_20260625_143415_AdjacencyList.txt,False,0,32,1,5,1,,59,"[(3, 11), (4, 6), (4, 12), (7, 8), (0, 2), (0, 8), (9, 11), (0, 11), (2, 5), (4, 8), (3, 10), (7, 10), (1, 6), (0, 10), (1, 9), (5, 6), (5, 12), (3, 6), (2, 10), (3, 12), (4, 7), (8, 11), (7, 9), (9, 12), (1, 2), (1, 5)]","[1.0, 1.0, 1.0, 1.0, 1.0, 1.0, 1.0, 1.0, 1.0, 1.0, 1.0, 1.0, 1.0, 1.0, 1.0, 1.0, 1.0, 1.0, 1.0, 1.0, 1.0, 1.0, 1.0, 1.0, 1.0, 1.0]"
f6340060,13,30,2,5.0,False,False,"[1, 1, 1]",14.016547902144092,,,,,,,,,,,8.56089887899321,,0.6107708501951227,,,,6.863345623016357,6.863345623016357,False,,0.0,0.0,,,6.8774943351745605,2026-07-21 08:54:22,x86_64,dacsgpu0002,,64,64,3.11.15,0.22,False,False,adam,True,1,20,hamqaoa,0.01,False,False,hog,False,True,False,False,False,False,False,1,HOG_graphs/random_graphs_8to14vertices_78instances_20260625_143415_AdjacencyList.txt,False,0,32,1,5,1,,61,"[(2, 9), (4, 6), (2, 12), (7, 8), (0, 5), (1, 4), (0, 2), (0, 8), (9, 11), (0, 11), (6, 9), (5, 7), (4, 5), (2, 5), (4, 11), (0, 1), (8, 12), (9, 10), (0, 4), (0, 7), (5, 6), (2, 4), (4, 10), (4, 7), (0, 3), (0, 6), (0, 12), (0, 9), (6, 10), (5, 8)]","[1.0, 1.0, 1.0, 1.0, 1.0, 1.0, 1.0, 1.0, 1.0, 1.0, 1.0, 1.0, 1.0, 1.0, 1.0, 1.0, 1.0, 1.0, 1.0, 1.0, 1.0, 1.0, 1.0, 1.0, 1.0, 1.0, 1.0, 1.0, 1.0, 1.0]"
08dee1e2,13,43,1,50.0,False,False,"[1, 1, 1]",18.9630715143133,,,,,,,,,,,11.999115522350554,,0.6327622354476509,,,,8.10115671157837,8.10115671157837,False,,0.0,0.0,,,8.108994960784912,2026-07-21 08:54:23,x86_64,dacsgpu0002,,64,64,3.11.15,0.21,False,False,adam,True,1,20,hamqaoa,0.01,False,False,hog,False,True,False,False,False,False,False,1,HOG_graphs/random_graphs_8to14vertices_78instances_20260625_143415_AdjacencyList.txt,False,0,32,1,5,1,,58,"[(2, 3), (3, 8), (3, 5), (2, 9), (4, 6), (4, 12), (4, 9), (8, 10), (1, 4), (0, 2), (1, 10), (3, 4), (2, 8), (3, 7), (2, 5), (4, 8), (3, 10), (4, 11), (0, 1), (9, 10), (1, 6), (0, 4), (0, 10), (10, 12), (1, 9), (0, 7), (5, 12), (5, 9), (3, 6), (2, 4), (2, 10), (3, 9), (2, 7), (3, 12), (4, 7), (7, 9), (0, 3), (7, 12), (1, 8), (10, 11), (0, 9), (6, 10), (6, 7)]","[1.0, 1.0, 1.0, 1.0, 1.0, 1.0, 1.0, 1.0, 1.0, 1.0, 1.0, 1.0, 1.0, 1.0, 1.0, 1.0, 1.0, 1.0, 1.0, 1.0, 1.0, 1.0, 1.0, 1.0, 1.0, 1.0, 1.0, 1.0, 1.0, 1.0, 1.0, 1.0, 1.0, 1.0, 1.0, 1.0, 1.0, 1.0, 1.0, 1.0, 1.0, 1.0, 1.0]"
dc2e027a,13,30,1,50.0,False,False,"[1, 1, 1]",14.016547902144092,,,,,,,,,,,9.41318557511941,,0.6715765993764762,,,,6.563725233078003,6.563725233078003,False,,0.0,0.0,,,6.576582431793213,2026-07-21 08:54:23,x86_64,dacsgpu0002,,64,64,3.11.15,0.21,False,False,adam,True,1,20,hamqaoa,0.01,False,False,hog,False,True,False,False,False,False,False,1,HOG_graphs/random_graphs_8to14vertices_78instances_20260625_143415_AdjacencyList.txt,False,0,32,1,5,1,,61,"[(2, 9), (4, 6), (2, 12), (7, 8), (0, 5), (1, 4), (0, 2), (0, 8), (9, 11), (0, 11), (6, 9), (5, 7), (4, 5), (2, 5), (4, 11), (0, 1), (8, 12), (9, 10), (0, 4), (0, 7), (5, 6), (2, 4), (4, 10), (4, 7), (0, 3), (0, 6), (0, 12), (0, 9), (6, 10), (5, 8)]","[1.0, 1.0, 1.0, 1.0, 1.0, 1.0, 1.0, 1.0, 1.0, 1.0, 1.0, 1.0, 1.0, 1.0, 1.0, 1.0, 1.0, 1.0, 1.0, 1.0, 1.0, 1.0, 1.0, 1.0, 1.0, 1.0, 1.0, 1.0, 1.0, 1.0]"
f42cefd7,13,43,2,5.0,False,False,"[1, 1, 1]",18.9630715143133,,,,,,,,,,,11.86182340402922,,0.6255222628399588,,,,8.36268925666809,8.36268925666809,False,,0.0,0.0,,,8.37241005897522,2026-07-21 08:54:23,x86_64,dacsgpu0002,,64,64,3.11.15,0.22,False,False,adam,True,1,20,hamqaoa,0.01,False,False,hog,False,True,False,False,False,False,False,1,HOG_graphs/random_graphs_8to14vertices_78instances_20260625_143415_AdjacencyList.txt,False,0,32,1,5,1,,58,"[(2, 3), (3, 8), (3, 5), (2, 9), (4, 6), (4, 12), (4, 9), (8, 10), (1, 4), (0, 2), (1, 10), (3, 4), (2, 8), (3, 7), (2, 5), (4, 8), (3, 10), (4, 11), (0, 1), (9, 10), (1, 6), (0, 4), (0, 10), (10, 12), (1, 9), (0, 7), (5, 12), (5, 9), (3, 6), (2, 4), (2, 10), (3, 9), (2, 7), (3, 12), (4, 7), (7, 9), (0, 3), (7, 12), (1, 8), (10, 11), (0, 9), (6, 10), (6, 7)]","[1.0, 1.0, 1.0, 1.0, 1.0, 1.0, 1.0, 1.0, 1.0, 1.0, 1.0, 1.0, 1.0, 1.0, 1.0, 1.0, 1.0, 1.0, 1.0, 1.0, 1.0, 1.0, 1.0, 1.0, 1.0, 1.0, 1.0, 1.0, 1.0, 1.0, 1.0, 1.0, 1.0, 1.0, 1.0, 1.0, 1.0, 1.0, 1.0, 1.0, 1.0, 1.0, 1.0]"
58d36943,13,30,2,10.0,False,False,"[1, 1, 1]",14.016547902144092,,,,,,,,,,,8.701483534385686,,0.620800756016011,,,,7.841957330703735,7.841957330703735,False,,0.0,0.0,,,7.849649667739868,2026-07-21 08:54:24,x86_64,dacsgpu0002,,64,64,3.11.15,0.22,False,False,adam,True,1,20,hamqaoa,0.01,False,False,hog,False,True,False,False,False,False,False,1,HOG_graphs/random_graphs_8to14vertices_78instances_20260625_143415_AdjacencyList.txt,False,0,32,1,5,1,,61,"[(2, 9), (4, 6), (2, 12), (7, 8), (0, 5), (1, 4), (0, 2), (0, 8), (9, 11), (0, 11), (6, 9), (5, 7), (4, 5), (2, 5), (4, 11), (0, 1), (8, 12), (9, 10), (0, 4), (0, 7), (5, 6), (2, 4), (4, 10), (4, 7), (0, 3), (0, 6), (0, 12), (0, 9), (6, 10), (5, 8)]","[1.0, 1.0, 1.0, 1.0, 1.0, 1.0, 1.0, 1.0, 1.0, 1.0, 1.0, 1.0, 1.0, 1.0, 1.0, 1.0, 1.0, 1.0, 1.0, 1.0, 1.0, 1.0, 1.0, 1.0, 1.0, 1.0, 1.0, 1.0, 1.0, 1.0]"
b985ce1c,13,43,2,10.0,False,False,"[1, 1, 1]",18.9630715143133,,,,,,,,,,,11.847091784054244,,0.6247454045148791,,,,9.640753507614136,9.640753507614136,False,,0.0,0.0,,,9.653349161148071,2026-07-21 08:54:24,x86_64,dacsgpu0002,,64,64,3.11.15,0.22,False,False,adam,True,1,20,hamqaoa,0.01,False,False,hog,False,True,False,False,False,False,False,1,HOG_graphs/random_graphs_8to14vertices_78instances_20260625_143415_AdjacencyList.txt,False,0,32,1,5,1,,58,"[(2, 3), (3, 8), (3, 5), (2, 9), (4, 6), (4, 12), (4, 9), (8, 10), (1, 4), (0, 2), (1, 10), (3, 4), (2, 8), (3, 7), (2, 5), (4, 8), (3, 10), (4, 11), (0, 1), (9, 10), (1, 6), (0, 4), (0, 10), (10, 12), (1, 9), (0, 7), (5, 12), (5, 9), (3, 6), (2, 4), (2, 10), (3, 9), (2, 7), (3, 12), (4, 7), (7, 9), (0, 3), (7, 12), (1, 8), (10, 11), (0, 9), (6, 10), (6, 7)]","[1.0, 1.0, 1.0, 1.0, 1.0, 1.0, 1.0, 1.0, 1.0, 1.0, 1.0, 1.0, 1.0, 1.0, 1.0, 1.0, 1.0, 1.0, 1.0, 1.0, 1.0, 1.0, 1.0, 1.0, 1.0, 1.0, 1.0, 1.0, 1.0, 1.0, 1.0, 1.0, 1.0, 1.0, 1.0, 1.0, 1.0, 1.0, 1.0, 1.0, 1.0, 1.0, 1.0]"
00c97ea9,13,22,2,25.0,False,False,"[1, 1, 1]",11.624575641933111,,,,,,,,,,,7.207391337972332,,0.6200132856440149,,,,10.087654113769531,10.087654113769531,False,,0.0,0.0,,,10.097460269927979,2026-07-21 08:54:25,x86_64,dacsgpu0002,,64,64,3.11.15,0.22,False,False,adam,True,1,20,hamqaoa,0.01,False,False,hog,False,True,False,False,False,False,False,1,HOG_graphs/random_graphs_8to14vertices_78instances_20260625_143415_AdjacencyList.txt,False,0,32,1,5,1,,60,"[(2, 6), (4, 12), (4, 9), (1, 4), (0, 2), (5, 7), (2, 5), (3, 10), (1, 3), (0, 1), (0, 4), (1, 9), (0, 7), (4, 10), (8, 11), (0, 3), (9, 12), (10, 11), (1, 8), (0, 6), (1, 5), (5, 8)]","[1.0, 1.0, 1.0, 1.0, 1.0, 1.0, 1.0, 1.0, 1.0, 1.0, 1.0, 1.0, 1.0, 1.0, 1.0, 1.0, 1.0, 1.0, 1.0, 1.0, 1.0, 1.0]"
54d4828f,13,26,1,5.0,False,False,"[1, 1, 1]",13.140069496756475,,,,,,,,,,,8.954159865058555,,0.6814393080088976,,,,2.3558921813964844,2.3558921813964844,False,,0.0,0.0,,,2.363239288330078,2026-07-21 08:54:26,x86_64,dacsgpu0002,,64,64,3.11.15,0.21,False,False,adam,True,1,20,hamqaoa,0.01,False,False,hog,False,True,False,False,False,False,False,1,HOG_graphs/random_graphs_8to14vertices_78instances_20260625_143415_AdjacencyList.txt,False,0,32,1,5,1,,62,"[(2, 3), (11, 12), (4, 12), (7, 8), (0, 2), (9, 11), (0, 11), (6, 9), (5, 7), (4, 5), (3, 7), (4, 8), (8, 9), (0, 1), (10, 12), (1, 12), (5, 6), (3, 6), (2, 4), (3, 9), (7, 9), (1, 2), (1, 8), (10, 11), (0, 12), (6, 7)]","[1.0, 1.0, 1.0, 1.0, 1.0, 1.0, 1.0, 1.0, 1.0, 1.0, 1.0, 1.0, 1.0, 1.0, 1.0, 1.0, 1.0, 1.0, 1.0, 1.0, 1.0, 1.0, 1.0, 1.0, 1.0, 1.0]"
2f56fa56,13,26,2,25.0,False,False,"[1, 1, 1]",13.40103124390946,,,,,,,,,,,8.44059209482013,,0.6298464604099953,,,,11.035613059997559,11.035613059997559,False,,0.0,0.0,,,11.044857025146484,2026-07-21 08:54:26,x86_64,dacsgpu0002,,64,64,3.11.15,0.22,False,False,adam,True,1,20,hamqaoa,0.01,False,False,hog,False,True,False,False,False,False,False,1,HOG_graphs/random_graphs_8to14vertices_78instances_20260625_143415_AdjacencyList.txt,False,0,32,1,5,1,,59,"[(3, 11), (4, 6), (4, 12), (7, 8), (0, 2), (0, 8), (9, 11), (0, 11), (2, 5), (4, 8), (3, 10), (7, 10), (1, 6), (0, 10), (1, 9), (5, 6), (5, 12), (3, 6), (2, 10), (3, 12), (4, 7), (8, 11), (7, 9), (9, 12), (1, 2), (1, 5)]","[1.0, 1.0, 1.0, 1.0, 1.0, 1.0, 1.0, 1.0, 1.0, 1.0, 1.0, 1.0, 1.0, 1.0, 1.0, 1.0, 1.0, 1.0, 1.0, 1.0, 1.0, 1.0, 1.0, 1.0, 1.0, 1.0]"
dae178fa,13,26,1,10.0,False,False,"[1, 1, 1]",13.140069496756475,,,,,,,,,,,6.976951036497219,,0.5309675902566137,,,,2.946042060852051,2.946042060852051,False,,0.0,0.0,,,2.954655647277832,2026-07-21 08:54:27,x86_64,dacsgpu0002,,64,64,3.11.15,0.21,False,False,adam,True,1,20,hamqaoa,0.01,False,False,hog,False,True,False,False,False,False,False,1,HOG_graphs/random_graphs_8to14vertices_78instances_20260625_143415_AdjacencyList.txt,False,0,32,1,5,1,,62,"[(2, 3), (11, 12), (4, 12), (7, 8), (0, 2), (9, 11), (0, 11), (6, 9), (5, 7), (4, 5), (3, 7), (4, 8), (8, 9), (0, 1), (10, 12), (1, 12), (5, 6), (3, 6), (2, 4), (3, 9), (7, 9), (1, 2), (1, 8), (10, 11), (0, 12), (6, 7)]","[1.0, 1.0, 1.0, 1.0, 1.0, 1.0, 1.0, 1.0, 1.0, 1.0, 1.0, 1.0, 1.0, 1.0, 1.0, 1.0, 1.0, 1.0, 1.0, 1.0, 1.0, 1.0, 1.0, 1.0, 1.0, 1.0]"
3f396908,13,26,1,5.0,False,False,"[1, 1, 1]",13.1328900896986,,,,,,,,,,,7.531664308256683,,0.5734963330093273,,,,2.5813968181610107,2.5813968181610107,False,,0.0,0.0,,,2.5939106941223145,2026-07-21 08:54:27,x86_64,dacsgpu0002,,64,64,3.11.15,0.21,False,False,adam,True,1,20,hamqaoa,0.01,False,False,hog,False,True,False,False,False,False,False,1,HOG_graphs/random_graphs_8to14vertices_78instances_20260625_143415_AdjacencyList.txt,False,0,32,1,5,1,,63,"[(2, 6), (3, 5), (11, 12), (4, 12), (7, 8), (0, 2), (0, 8), (9, 11), (3, 4), (4, 8), (4, 11), (8, 9), (1, 3), (0, 1), (1, 9), (5, 6), (5, 9), (2, 10), (7, 9), (9, 12), (1, 2), (10, 11), (0, 12), (1, 5), (6, 10), (6, 7)]","[1.0, 1.0, 1.0, 1.0, 1.0, 1.0, 1.0, 1.0, 1.0, 1.0, 1.0, 1.0, 1.0, 1.0, 1.0, 1.0, 1.0, 1.0, 1.0, 1.0, 1.0, 1.0, 1.0, 1.0, 1.0, 1.0]"
b641668a,13,30,2,25.0,False,False,"[1, 1, 1]",14.016547902144092,,,,,,,,,,,10.395061577059558,,0.7416277994861659,,,,11.496283292770386,11.496283292770386,False,,0.0,0.0,,,11.506784200668335,2026-07-21 08:54:28,x86_64,dacsgpu0002,,64,64,3.11.15,0.22,False,False,adam,True,1,20,hamqaoa,0.01,False,False,hog,False,True,False,False,False,False,False,1,HOG_graphs/random_graphs_8to14vertices_78instances_20260625_143415_AdjacencyList.txt,False,0,32,1,5,1,,61,"[(2, 9), (4, 6), (2, 12), (7, 8), (0, 5), (1, 4), (0, 2), (0, 8), (9, 11), (0, 11), (6, 9), (5, 7), (4, 5), (2, 5), (4, 11), (0, 1), (8, 12), (9, 10), (0, 4), (0, 7), (5, 6), (2, 4), (4, 10), (4, 7), (0, 3), (0, 6), (0, 12), (0, 9), (6, 10), (5, 8)]","[1.0, 1.0, 1.0, 1.0, 1.0, 1.0, 1.0, 1.0, 1.0, 1.0, 1.0, 1.0, 1.0, 1.0, 1.0, 1.0, 1.0, 1.0, 1.0, 1.0, 1.0, 1.0, 1.0, 1.0, 1.0, 1.0, 1.0, 1.0, 1.0, 1.0]"
9abb296b,13,26,1,10.0,False,False,"[1, 1, 1]",13.1328900896986,,,,,,,,,,,8.276018777625627,,0.6301749821326313,,,,3.0242371559143066,3.0242371559143066,False,,0.0,0.0,,,3.033963680267334,2026-07-21 08:54:28,x86_64,dacsgpu0002,,64,64,3.11.15,0.21,False,False,adam,True,1,20,hamqaoa,0.01,False,False,hog,False,True,False,False,False,False,False,1,HOG_graphs/random_graphs_8to14vertices_78instances_20260625_143415_AdjacencyList.txt,False,0,32,1,5,1,,63,"[(2, 6), (3, 5), (11, 12), (4, 12), (7, 8), (0, 2), (0, 8), (9, 11), (3, 4), (4, 8), (4, 11), (8, 9), (1, 3), (0, 1), (1, 9), (5, 6), (5, 9), (2, 10), (7, 9), (9, 12), (1, 2), (10, 11), (0, 12), (1, 5), (6, 10), (6, 7)]","[1.0, 1.0, 1.0, 1.0, 1.0, 1.0, 1.0, 1.0, 1.0, 1.0, 1.0, 1.0, 1.0, 1.0, 1.0, 1.0, 1.0, 1.0, 1.0, 1.0, 1.0, 1.0, 1.0, 1.0, 1.0, 1.0]"
cc94c068,13,26,1,25.0,False,False,"[1, 1, 1]",13.140069496756475,,,,,,,,,,,7.612789185753825,,0.5793568434042897,,,,4.306548357009888,4.306548357009888,False,,0.0,0.0,,,4.319807052612305,2026-07-21 08:54:28,x86_64,dacsgpu0002,,64,64,3.11.15,0.21,False,False,adam,True,1,20,hamqaoa,0.01,False,False,hog,False,True,False,False,False,False,False,1,HOG_graphs/random_graphs_8to14vertices_78instances_20260625_143415_AdjacencyList.txt,False,0,32,1,5,1,,62,"[(2, 3), (11, 12), (4, 12), (7, 8), (0, 2), (9, 11), (0, 11), (6, 9), (5, 7), (4, 5), (3, 7), (4, 8), (8, 9), (0, 1), (10, 12), (1, 12), (5, 6), (3, 6), (2, 4), (3, 9), (7, 9), (1, 2), (1, 8), (10, 11), (0, 12), (6, 7)]","[1.0, 1.0, 1.0, 1.0, 1.0, 1.0, 1.0, 1.0, 1.0, 1.0, 1.0, 1.0, 1.0, 1.0, 1.0, 1.0, 1.0, 1.0, 1.0, 1.0, 1.0, 1.0, 1.0, 1.0, 1.0, 1.0]"
2f5f77cb,13,39,1,5.0,False,False,"[1, 1, 1]",17.171679397742054,,,,,,,,,,,11.299462300427725,,0.6580289579546611,,,,3.0350613594055176,3.0350613594055176,False,,0.0,0.0,,,3.0439038276672363,2026-07-21 08:54:29,x86_64,dacsgpu0002,,64,64,3.11.15,0.21,False,False,adam,True,1,20,hamqaoa,0.01,False,False,hog,False,True,False,False,False,False,False,1,HOG_graphs/random_graphs_8to14vertices_78instances_20260625_143415_AdjacencyList.txt,False,0,32,1,5,1,,64,"[(2, 3), (3, 8), (3, 5), (11, 12), (4, 6), (4, 12), (2, 12), (7, 8), (0, 5), (0, 2), (9, 11), (1, 7), (0, 11), (6, 9), (5, 7), (3, 4), (4, 5), (2, 5), (4, 8), (7, 10), (8, 9), (1, 3), (0, 1), (9, 10), (0, 10), (10, 12), (1, 9), (0, 7), (1, 12), (6, 8), (6, 11), (3, 6), (2, 4), (9, 12), (10, 11), (1, 8), (0, 12), (5, 8), (6, 7)]","[1.0, 1.0, 1.0, 1.0, 1.0, 1.0, 1.0, 1.0, 1.0, 1.0, 1.0, 1.0, 1.0, 1.0, 1.0, 1.0, 1.0, 1.0, 1.0, 1.0, 1.0, 1.0, 1.0, 1.0, 1.0, 1.0, 1.0, 1.0, 1.0, 1.0, 1.0, 1.0, 1.0, 1.0, 1.0, 1.0, 1.0, 1.0, 1.0]"
55927155,13,26,1,25.0,False,False,"[1, 1, 1]",13.1328900896986,,,,,,,,,,,9.697062610110565,,0.7383799410395517,,,,4.21185040473938,4.21185040473938,False,,0.0,0.0,,,4.220111131668091,2026-07-21 08:54:30,x86_64,dacsgpu0002,,64,64,3.11.15,0.21,False,False,adam,True,1,20,hamqaoa,0.01,False,False,hog,False,True,False,False,False,False,False,1,HOG_graphs/random_graphs_8to14vertices_78instances_20260625_143415_AdjacencyList.txt,False,0,32,1,5,1,,63,"[(2, 6), (3, 5), (11, 12), (4, 12), (7, 8), (0, 2), (0, 8), (9, 11), (3, 4), (4, 8), (4, 11), (8, 9), (1, 3), (0, 1), (1, 9), (5, 6), (5, 9), (2, 10), (7, 9), (9, 12), (1, 2), (10, 11), (0, 12), (1, 5), (6, 10), (6, 7)]","[1.0, 1.0, 1.0, 1.0, 1.0, 1.0, 1.0, 1.0, 1.0, 1.0, 1.0, 1.0, 1.0, 1.0, 1.0, 1.0, 1.0, 1.0, 1.0, 1.0, 1.0, 1.0, 1.0, 1.0, 1.0, 1.0]"
62a5b55c,13,26,2,5.0,False,False,"[1, 1, 1]",13.140069496756475,,,,,,,,,,,8.48612225559457,,0.6458201958284394,,,,6.229422330856323,6.229422330856323,False,,0.0,0.0,,,6.236661434173584,2026-07-21 08:54:30,x86_64,dacsgpu0002,,64,64,3.11.15,0.22,False,False,adam,True,1,20,hamqaoa,0.01,False,False,hog,False,True,False,False,False,False,False,1,HOG_graphs/random_graphs_8to14vertices_78instances_20260625_143415_AdjacencyList.txt,False,0,32,1,5,1,,62,"[(2, 3), (11, 12), (4, 12), (7, 8), (0, 2), (9, 11), (0, 11), (6, 9), (5, 7), (4, 5), (3, 7), (4, 8), (8, 9), (0, 1), (10, 12), (1, 12), (5, 6), (3, 6), (2, 4), (3, 9), (7, 9), (1, 2), (1, 8), (10, 11), (0, 12), (6, 7)]","[1.0, 1.0, 1.0, 1.0, 1.0, 1.0, 1.0, 1.0, 1.0, 1.0, 1.0, 1.0, 1.0, 1.0, 1.0, 1.0, 1.0, 1.0, 1.0, 1.0, 1.0, 1.0, 1.0, 1.0, 1.0, 1.0]"
10f364fd,13,39,1,10.0,False,False,"[1, 1, 1]",17.171679397742054,,,,,,,,,,,10.952443094387293,,0.6378201479715174,,,,3.485477924346924,3.485477924346924,False,,0.0,0.0,,,3.494532823562622,2026-07-21 08:54:30,x86_64,dacsgpu0002,,64,64,3.11.15,0.21,False,False,adam,True,1,20,hamqaoa,0.01,False,False,hog,False,True,False,False,False,False,False,1,HOG_graphs/random_graphs_8to14vertices_78instances_20260625_143415_AdjacencyList.txt,False,0,32,1,5,1,,64,"[(2, 3), (3, 8), (3, 5), (11, 12), (4, 6), (4, 12), (2, 12), (7, 8), (0, 5), (0, 2), (9, 11), (1, 7), (0, 11), (6, 9), (5, 7), (3, 4), (4, 5), (2, 5), (4, 8), (7, 10), (8, 9), (1, 3), (0, 1), (9, 10), (0, 10), (10, 12), (1, 9), (0, 7), (1, 12), (6, 8), (6, 11), (3, 6), (2, 4), (9, 12), (10, 11), (1, 8), (0, 12), (5, 8), (6, 7)]","[1.0, 1.0, 1.0, 1.0, 1.0, 1.0, 1.0, 1.0, 1.0, 1.0, 1.0, 1.0, 1.0, 1.0, 1.0, 1.0, 1.0, 1.0, 1.0, 1.0, 1.0, 1.0, 1.0, 1.0, 1.0, 1.0, 1.0, 1.0, 1.0, 1.0, 1.0, 1.0, 1.0, 1.0, 1.0, 1.0, 1.0, 1.0, 1.0]"
c5cb42ab,13,26,1,50.0,False,False,"[1, 1, 1]",13.140069496756475,,,,,,,,,,,6.765618132703692,,0.5148845015145265,,,,6.047245979309082,6.047245979309082,False,,0.0,0.0,,,6.056674242019653,2026-07-21 08:54:30,x86_64,dacsgpu0002,,64,64,3.11.15,0.21,False,False,adam,True,1,20,hamqaoa,0.01,False,False,hog,False,True,False,False,False,False,False,1,HOG_graphs/random_graphs_8to14vertices_78instances_20260625_143415_AdjacencyList.txt,False,0,32,1,5,1,,62,"[(2, 3), (11, 12), (4, 12), (7, 8), (0, 2), (9, 11), (0, 11), (6, 9), (5, 7), (4, 5), (3, 7), (4, 8), (8, 9), (0, 1), (10, 12), (1, 12), (5, 6), (3, 6), (2, 4), (3, 9), (7, 9), (1, 2), (1, 8), (10, 11), (0, 12), (6, 7)]","[1.0, 1.0, 1.0, 1.0, 1.0, 1.0, 1.0, 1.0, 1.0, 1.0, 1.0, 1.0, 1.0, 1.0, 1.0, 1.0, 1.0, 1.0, 1.0, 1.0, 1.0, 1.0, 1.0, 1.0, 1.0, 1.0]"
927a0699,13,22,2,50.0,False,False,"[1, 1, 1]",11.624575641933111,,,,,,,,,,,8.377417020487123,,0.7206643303405782,,,,15.510677337646484,15.510677337646484,False,,0.0,0.0,,,15.522091627120972,2026-07-21 08:54:31,x86_64,dacsgpu0002,,64,64,3.11.15,0.22,False,False,adam,True,1,20,hamqaoa,0.01,False,False,hog,False,True,False,False,False,False,False,1,HOG_graphs/random_graphs_8to14vertices_78instances_20260625_143415_AdjacencyList.txt,False,0,32,1,5,1,,60,"[(2, 6), (4, 12), (4, 9), (1, 4), (0, 2), (5, 7), (2, 5), (3, 10), (1, 3), (0, 1), (0, 4), (1, 9), (0, 7), (4, 10), (8, 11), (0, 3), (9, 12), (10, 11), (1, 8), (0, 6), (1, 5), (5, 8)]","[1.0, 1.0, 1.0, 1.0, 1.0, 1.0, 1.0, 1.0, 1.0, 1.0, 1.0, 1.0, 1.0, 1.0, 1.0, 1.0, 1.0, 1.0, 1.0, 1.0, 1.0, 1.0]"
f97864e3,13,26,2,10.0,False,False,"[1, 1, 1]",13.140069496756475,,,,,,,,,,,7.772785518069133,,0.591533060003053,,,,7.326877593994141,7.326877593994141,False,,0.0,0.0,,,7.33469820022583,2026-07-21 08:54:31,x86_64,dacsgpu0002,,64,64,3.11.15,0.22,False,False,adam,True,1,20,hamqaoa,0.01,False,False,hog,False,True,False,False,False,False,False,1,HOG_graphs/random_graphs_8to14vertices_78instances_20260625_143415_AdjacencyList.txt,False,0,32,1,5,1,,62,"[(2, 3), (11, 12), (4, 12), (7, 8), (0, 2), (9, 11), (0, 11), (6, 9), (5, 7), (4, 5), (3, 7), (4, 8), (8, 9), (0, 1), (10, 12), (1, 12), (5, 6), (3, 6), (2, 4), (3, 9), (7, 9), (1, 2), (1, 8), (10, 11), (0, 12), (6, 7)]","[1.0, 1.0, 1.0, 1.0, 1.0, 1.0, 1.0, 1.0, 1.0, 1.0, 1.0, 1.0, 1.0, 1.0, 1.0, 1.0, 1.0, 1.0, 1.0, 1.0, 1.0, 1.0, 1.0, 1.0, 1.0, 1.0]"
b6fa38a5,13,26,2,5.0,False,False,"[1, 1, 1]",13.1328900896986,,,,,,,,,,,8.217622333833502,,0.6257284023323534,,,,6.2817277908325195,6.2817277908325195,False,,0.0,0.0,,,6.290882587432861,2026-07-21 08:54:31,x86_64,dacsgpu0002,,64,64,3.11.15,0.22,False,False,adam,True,1,20,hamqaoa,0.01,False,False,hog,False,True,False,False,False,False,False,1,HOG_graphs/random_graphs_8to14vertices_78instances_20260625_143415_AdjacencyList.txt,False,0,32,1,5,1,,63,"[(2, 6), (3, 5), (11, 12), (4, 12), (7, 8), (0, 2), (0, 8), (9, 11), (3, 4), (4, 8), (4, 11), (8, 9), (1, 3), (0, 1), (1, 9), (5, 6), (5, 9), (2, 10), (7, 9), (9, 12), (1, 2), (10, 11), (0, 12), (1, 5), (6, 10), (6, 7)]","[1.0, 1.0, 1.0, 1.0, 1.0, 1.0, 1.0, 1.0, 1.0, 1.0, 1.0, 1.0, 1.0, 1.0, 1.0, 1.0, 1.0, 1.0, 1.0, 1.0, 1.0, 1.0, 1.0, 1.0, 1.0, 1.0]"
6aa405f8,13,26,2,50.0,False,False,"[1, 1, 1]",13.40103124390946,,,,,,,,,,,8.462617837355577,,0.6314900460516195,,,,16.75699019432068,16.75699019432068,False,,0.0,0.0,,,16.76522207260132,2026-07-21 08:54:32,x86_64,dacsgpu0002,,64,64,3.11.15,0.22,False,False,adam,True,1,20,hamqaoa,0.01,False,False,hog,False,True,False,False,False,False,False,1,HOG_graphs/random_graphs_8to14vertices_78instances_20260625_143415_AdjacencyList.txt,False,0,32,1,5,1,,59,"[(3, 11), (4, 6), (4, 12), (7, 8), (0, 2), (0, 8), (9, 11), (0, 11), (2, 5), (4, 8), (3, 10), (7, 10), (1, 6), (0, 10), (1, 9), (5, 6), (5, 12), (3, 6), (2, 10), (3, 12), (4, 7), (8, 11), (7, 9), (9, 12), (1, 2), (1, 5)]","[1.0, 1.0, 1.0, 1.0, 1.0, 1.0, 1.0, 1.0, 1.0, 1.0, 1.0, 1.0, 1.0, 1.0, 1.0, 1.0, 1.0, 1.0, 1.0, 1.0, 1.0, 1.0, 1.0, 1.0, 1.0, 1.0]"
c4e3d578,13,26,1,50.0,False,False,"[1, 1, 1]",13.1328900896986,,,,,,,,,,,7.367294450681615,,0.5609804392150132,,,,6.009776830673218,6.009776830673218,False,,0.0,0.0,,,6.022050142288208,2026-07-21 08:54:32,x86_64,dacsgpu0002,,64,64,3.11.15,0.21,False,False,adam,True,1,20,hamqaoa,0.01,False,False,hog,False,True,False,False,False,False,False,1,HOG_graphs/random_graphs_8to14vertices_78instances_20260625_143415_AdjacencyList.txt,False,0,32,1,5,1,,63,"[(2, 6), (3, 5), (11, 12), (4, 12), (7, 8), (0, 2), (0, 8), (9, 11), (3, 4), (4, 8), (4, 11), (8, 9), (1, 3), (0, 1), (1, 9), (5, 6), (5, 9), (2, 10), (7, 9), (9, 12), (1, 2), (10, 11), (0, 12), (1, 5), (6, 10), (6, 7)]","[1.0, 1.0, 1.0, 1.0, 1.0, 1.0, 1.0, 1.0, 1.0, 1.0, 1.0, 1.0, 1.0, 1.0, 1.0, 1.0, 1.0, 1.0, 1.0, 1.0, 1.0, 1.0, 1.0, 1.0, 1.0, 1.0]"
e2e267f4,13,39,1,25.0,False,False,"[1, 1, 1]",17.171679397742054,,,,,,,,,,,10.152725340426873,,0.5912482469106591,,,,4.835561513900757,4.835561513900757,False,,0.0,0.0,,,4.845211982727051,2026-07-21 08:54:32,x86_64,dacsgpu0002,,64,64,3.11.15,0.21,False,False,adam,True,1,20,hamqaoa,0.01,False,False,hog,False,True,False,False,False,False,False,1,HOG_graphs/random_graphs_8to14vertices_78instances_20260625_143415_AdjacencyList.txt,False,0,32,1,5,1,,64,"[(2, 3), (3, 8), (3, 5), (11, 12), (4, 6), (4, 12), (2, 12), (7, 8), (0, 5), (0, 2), (9, 11), (1, 7), (0, 11), (6, 9), (5, 7), (3, 4), (4, 5), (2, 5), (4, 8), (7, 10), (8, 9), (1, 3), (0, 1), (9, 10), (0, 10), (10, 12), (1, 9), (0, 7), (1, 12), (6, 8), (6, 11), (3, 6), (2, 4), (9, 12), (10, 11), (1, 8), (0, 12), (5, 8), (6, 7)]","[1.0, 1.0, 1.0, 1.0, 1.0, 1.0, 1.0, 1.0, 1.0, 1.0, 1.0, 1.0, 1.0, 1.0, 1.0, 1.0, 1.0, 1.0, 1.0, 1.0, 1.0, 1.0, 1.0, 1.0, 1.0, 1.0, 1.0, 1.0, 1.0, 1.0, 1.0, 1.0, 1.0, 1.0, 1.0, 1.0, 1.0, 1.0, 1.0]"
4c9ec000,13,26,2,10.0,False,False,"[1, 1, 1]",13.1328900896986,,,,,,,,,,,8.156073387184783,,0.6210417761420529,,,,7.345812797546387,7.345812797546387,False,,0.0,0.0,,,7.353246212005615,2026-07-21 08:54:33,x86_64,dacsgpu0002,,64,64,3.11.15,0.22,False,False,adam,True,1,20,hamqaoa,0.01,False,False,hog,False,True,False,False,False,False,False,1,HOG_graphs/random_graphs_8to14vertices_78instances_20260625_143415_AdjacencyList.txt,False,0,32,1,5,1,,63,"[(2, 6), (3, 5), (11, 12), (4, 12), (7, 8), (0, 2), (0, 8), (9, 11), (3, 4), (4, 8), (4, 11), (8, 9), (1, 3), (0, 1), (1, 9), (5, 6), (5, 9), (2, 10), (7, 9), (9, 12), (1, 2), (10, 11), (0, 12), (1, 5), (6, 10), (6, 7)]","[1.0, 1.0, 1.0, 1.0, 1.0, 1.0, 1.0, 1.0, 1.0, 1.0, 1.0, 1.0, 1.0, 1.0, 1.0, 1.0, 1.0, 1.0, 1.0, 1.0, 1.0, 1.0, 1.0, 1.0, 1.0, 1.0]"
51f99b1a,13,31,2,50.0,False,False,"[1, 1, 1]",15.082651333728087,,,,,,,,,,,9.05746219769807,,0.6005218842023893,,,,18.485894680023193,18.485894680023193,False,,0.0,0.0,,,18.493953466415405,2026-07-21 08:54:33,x86_64,dacsgpu0002,,64,64,3.11.15,0.22,False,False,adam,True,1,20,hamqaoa,0.01,False,False,hog,False,True,False,False,False,False,False,1,HOG_graphs/random_graphs_8to14vertices_78instances_20260625_143415_AdjacencyList.txt,False,0,32,1,5,1,,57,"[(5, 11), (2, 3), (3, 5), (3, 11), (11, 12), (4, 6), (4, 12), (7, 11), (0, 5), (1, 10), (9, 11), (0, 11), (2, 8), (3, 10), (7, 10), (9, 10), (8, 12), (1, 6), (0, 4), (0, 10), (1, 9), (5, 6), (6, 11), (3, 9), (4, 10), (4, 7), (7, 9), (1, 2), (1, 8), (1, 11), (5, 8)]","[1.0, 1.0, 1.0, 1.0, 1.0, 1.0, 1.0, 1.0, 1.0, 1.0, 1.0, 1.0, 1.0, 1.0, 1.0, 1.0, 1.0, 1.0, 1.0, 1.0, 1.0, 1.0, 1.0, 1.0, 1.0, 1.0, 1.0, 1.0, 1.0, 1.0, 1.0]"
41b943f1,13,43,2,25.0,False,False,"[1, 1, 1]",18.9630715143133,,,,,,,,,,,13.050202974088423,,0.6881903579933318,,,,14.285119771957397,14.285119771957397,False,,0.0,0.0,,,14.294740200042725,2026-07-21 08:54:34,x86_64,dacsgpu0002,,64,64,3.11.15,0.22,False,False,adam,True,1,20,hamqaoa,0.01,False,False,hog,False,True,False,False,False,False,False,1,HOG_graphs/random_graphs_8to14vertices_78instances_20260625_143415_AdjacencyList.txt,False,0,32,1,5,1,,58,"[(2, 3), (3, 8), (3, 5), (2, 9), (4, 6), (4, 12), (4, 9), (8, 10), (1, 4), (0, 2), (1, 10), (3, 4), (2, 8), (3, 7), (2, 5), (4, 8), (3, 10), (4, 11), (0, 1), (9, 10), (1, 6), (0, 4), (0, 10), (10, 12), (1, 9), (0, 7), (5, 12), (5, 9), (3, 6), (2, 4), (2, 10), (3, 9), (2, 7), (3, 12), (4, 7), (7, 9), (0, 3), (7, 12), (1, 8), (10, 11), (0, 9), (6, 10), (6, 7)]","[1.0, 1.0, 1.0, 1.0, 1.0, 1.0, 1.0, 1.0, 1.0, 1.0, 1.0, 1.0, 1.0, 1.0, 1.0, 1.0, 1.0, 1.0, 1.0, 1.0, 1.0, 1.0, 1.0, 1.0, 1.0, 1.0, 1.0, 1.0, 1.0, 1.0, 1.0, 1.0, 1.0, 1.0, 1.0, 1.0, 1.0, 1.0, 1.0, 1.0, 1.0, 1.0, 1.0]"
6e5f90ae,13,39,2,5.0,False,False,"[1, 1, 1]",17.171679397742054,,,,,,,,,,,12.26709846589955,,0.7143796586088477,,,,7.6511194705963135,7.6511194705963135,False,,0.0,0.0,,,7.669690132141113,2026-07-21 08:54:34,x86_64,dacsgpu0002,,64,64,3.11.15,0.22,False,False,adam,True,1,20,hamqaoa,0.01,False,False,hog,False,True,False,False,False,False,False,1,HOG_graphs/random_graphs_8to14vertices_78instances_20260625_143415_AdjacencyList.txt,False,0,32,1,5,1,,64,"[(2, 3), (3, 8), (3, 5), (11, 12), (4, 6), (4, 12), (2, 12), (7, 8), (0, 5), (0, 2), (9, 11), (1, 7), (0, 11), (6, 9), (5, 7), (3, 4), (4, 5), (2, 5), (4, 8), (7, 10), (8, 9), (1, 3), (0, 1), (9, 10), (0, 10), (10, 12), (1, 9), (0, 7), (1, 12), (6, 8), (6, 11), (3, 6), (2, 4), (9, 12), (10, 11), (1, 8), (0, 12), (5, 8), (6, 7)]","[1.0, 1.0, 1.0, 1.0, 1.0, 1.0, 1.0, 1.0, 1.0, 1.0, 1.0, 1.0, 1.0, 1.0, 1.0, 1.0, 1.0, 1.0, 1.0, 1.0, 1.0, 1.0, 1.0, 1.0, 1.0, 1.0, 1.0, 1.0, 1.0, 1.0, 1.0, 1.0, 1.0, 1.0, 1.0, 1.0, 1.0, 1.0, 1.0]"
a55fff1c,13,39,1,50.0,False,False,"[1, 1, 1]",17.171679397742054,,,,,,,,,,,10.790294690801648,,0.6283773672259738,,,,7.367172956466675,7.367172956466675,False,,0.0,0.0,,,7.376763105392456,2026-07-21 08:54:35,x86_64,dacsgpu0002,,64,64,3.11.15,0.21,False,False,adam,True,1,20,hamqaoa,0.01,False,False,hog,False,True,False,False,False,False,False,1,HOG_graphs/random_graphs_8to14vertices_78instances_20260625_143415_AdjacencyList.txt,False,0,32,1,5,1,,64,"[(2, 3), (3, 8), (3, 5), (11, 12), (4, 6), (4, 12), (2, 12), (7, 8), (0, 5), (0, 2), (9, 11), (1, 7), (0, 11), (6, 9), (5, 7), (3, 4), (4, 5), (2, 5), (4, 8), (7, 10), (8, 9), (1, 3), (0, 1), (9, 10), (0, 10), (10, 12), (1, 9), (0, 7), (1, 12), (6, 8), (6, 11), (3, 6), (2, 4), (9, 12), (10, 11), (1, 8), (0, 12), (5, 8), (6, 7)]","[1.0, 1.0, 1.0, 1.0, 1.0, 1.0, 1.0, 1.0, 1.0, 1.0, 1.0, 1.0, 1.0, 1.0, 1.0, 1.0, 1.0, 1.0, 1.0, 1.0, 1.0, 1.0, 1.0, 1.0, 1.0, 1.0, 1.0, 1.0, 1.0, 1.0, 1.0, 1.0, 1.0, 1.0, 1.0, 1.0, 1.0, 1.0, 1.0]"
fe304af3,13,26,2,25.0,False,False,"[1, 1, 1]",13.140069496756475,,,,,,,,,,,8.13211189173952,,0.6188789103243989,,,,10.76894760131836,10.76894760131836,False,,0.0,0.0,,,10.777305603027344,2026-07-21 08:54:35,x86_64,dacsgpu0002,,64,64,3.11.15,0.22,False,False,adam,True,1,20,hamqaoa,0.01,False,False,hog,False,True,False,False,False,False,False,1,HOG_graphs/random_graphs_8to14vertices_78instances_20260625_143415_AdjacencyList.txt,False,0,32,1,5,1,,62,"[(2, 3), (11, 12), (4, 12), (7, 8), (0, 2), (9, 11), (0, 11), (6, 9), (5, 7), (4, 5), (3, 7), (4, 8), (8, 9), (0, 1), (10, 12), (1, 12), (5, 6), (3, 6), (2, 4), (3, 9), (7, 9), (1, 2), (1, 8), (10, 11), (0, 12), (6, 7)]","[1.0, 1.0, 1.0, 1.0, 1.0, 1.0, 1.0, 1.0, 1.0, 1.0, 1.0, 1.0, 1.0, 1.0, 1.0, 1.0, 1.0, 1.0, 1.0, 1.0, 1.0, 1.0, 1.0, 1.0, 1.0, 1.0]"
bc4e2ffa,13,39,2,10.0,False,False,"[1, 1, 1]",17.171679397742054,,,,,,,,,,,9.78906730394722,,0.570070467611596,,,,8.933347702026367,8.933347702026367,False,,0.0,0.0,,,8.94619345664978,2026-07-21 08:54:36,x86_64,dacsgpu0002,,64,64,3.11.15,0.22,False,False,adam,True,1,20,hamqaoa,0.01,False,False,hog,False,True,False,False,False,False,False,1,HOG_graphs/random_graphs_8to14vertices_78instances_20260625_143415_AdjacencyList.txt,False,0,32,1,5,1,,64,"[(2, 3), (3, 8), (3, 5), (11, 12), (4, 6), (4, 12), (2, 12), (7, 8), (0, 5), (0, 2), (9, 11), (1, 7), (0, 11), (6, 9), (5, 7), (3, 4), (4, 5), (2, 5), (4, 8), (7, 10), (8, 9), (1, 3), (0, 1), (9, 10), (0, 10), (10, 12), (1, 9), (0, 7), (1, 12), (6, 8), (6, 11), (3, 6), (2, 4), (9, 12), (10, 11), (1, 8), (0, 12), (5, 8), (6, 7)]","[1.0, 1.0, 1.0, 1.0, 1.0, 1.0, 1.0, 1.0, 1.0, 1.0, 1.0, 1.0, 1.0, 1.0, 1.0, 1.0, 1.0, 1.0, 1.0, 1.0, 1.0, 1.0, 1.0, 1.0, 1.0, 1.0, 1.0, 1.0, 1.0, 1.0, 1.0, 1.0, 1.0, 1.0, 1.0, 1.0, 1.0, 1.0, 1.0]"
2262a209,13,39,1,5.0,False,False,"[1, 1, 1]",16.847159005026146,,,,,,,,,,,9.901537117050642,,0.5877274093570696,,,,3.080925464630127,3.080925464630127,False,,0.0,0.0,,,3.0907883644104004,2026-07-21 08:54:36,x86_64,dacsgpu0002,,64,64,3.11.15,0.21,False,False,adam,True,1,20,hamqaoa,0.01,False,False,hog,False,True,False,False,False,False,False,1,HOG_graphs/random_graphs_8to14vertices_78instances_20260625_143415_AdjacencyList.txt,False,0,32,1,5,1,,65,"[(3, 5), (11, 12), (2, 9), (4, 12), (2, 12), (7, 8), (1, 4), (0, 2), (1, 7), (0, 11), (5, 10), (6, 9), (5, 7), (3, 4), (2, 8), (4, 5), (2, 5), (3, 10), (7, 10), (0, 1), (8, 12), (9, 10), (1, 6), (10, 12), (1, 12), (6, 8), (5, 12), (6, 11), (2, 4), (2, 7), (4, 10), (4, 7), (8, 11), (9, 12), (1, 2), (1, 8), (10, 11), (1, 5), (1, 11)]","[1.0, 1.0, 1.0, 1.0, 1.0, 1.0, 1.0, 1.0, 1.0, 1.0, 1.0, 1.0, 1.0, 1.0, 1.0, 1.0, 1.0, 1.0, 1.0, 1.0, 1.0, 1.0, 1.0, 1.0, 1.0, 1.0, 1.0, 1.0, 1.0, 1.0, 1.0, 1.0, 1.0, 1.0, 1.0, 1.0, 1.0, 1.0, 1.0]"
6dd3337b,13,26,2,25.0,False,False,"[1, 1, 1]",13.1328900896986,,,,,,,,,,,9.0190158914371,,0.6867502758217392,,,,10.616651058197021,10.616651058197021,False,,0.0,0.0,,,10.625766038894653,2026-07-21 08:54:36,x86_64,dacsgpu0002,,64,64,3.11.15,0.22,False,False,adam,True,1,20,hamqaoa,0.01,False,False,hog,False,True,False,False,False,False,False,1,HOG_graphs/random_graphs_8to14vertices_78instances_20260625_143415_AdjacencyList.txt,False,0,32,1,5,1,,63,"[(2, 6), (3, 5), (11, 12), (4, 12), (7, 8), (0, 2), (0, 8), (9, 11), (3, 4), (4, 8), (4, 11), (8, 9), (1, 3), (0, 1), (1, 9), (5, 6), (5, 9), (2, 10), (7, 9), (9, 12), (1, 2), (10, 11), (0, 12), (1, 5), (6, 10), (6, 7)]","[1.0, 1.0, 1.0, 1.0, 1.0, 1.0, 1.0, 1.0, 1.0, 1.0, 1.0, 1.0, 1.0, 1.0, 1.0, 1.0, 1.0, 1.0, 1.0, 1.0, 1.0, 1.0, 1.0, 1.0, 1.0, 1.0]"
35406c7d,13,39,1,10.0,False,False,"[1, 1, 1]",16.847159005026146,,,,,,,,,,,12.606154084472156,,0.7482658696763805,,,,3.7255916595458984,3.7255916595458984,False,,0.0,0.0,,,3.7360477447509766,2026-07-21 08:54:37,x86_64,dacsgpu0002,,64,64,3.11.15,0.21,False,False,adam,True,1,20,hamqaoa,0.01,False,False,hog,False,True,False,False,False,False,False,1,HOG_graphs/random_graphs_8to14vertices_78instances_20260625_143415_AdjacencyList.txt,False,0,32,1,5,1,,65,"[(3, 5), (11, 12), (2, 9), (4, 12), (2, 12), (7, 8), (1, 4), (0, 2), (1, 7), (0, 11), (5, 10), (6, 9), (5, 7), (3, 4), (2, 8), (4, 5), (2, 5), (3, 10), (7, 10), (0, 1), (8, 12), (9, 10), (1, 6), (10, 12), (1, 12), (6, 8), (5, 12), (6, 11), (2, 4), (2, 7), (4, 10), (4, 7), (8, 11), (9, 12), (1, 2), (1, 8), (10, 11), (1, 5), (1, 11)]","[1.0, 1.0, 1.0, 1.0, 1.0, 1.0, 1.0, 1.0, 1.0, 1.0, 1.0, 1.0, 1.0, 1.0, 1.0, 1.0, 1.0, 1.0, 1.0, 1.0, 1.0, 1.0, 1.0, 1.0, 1.0, 1.0, 1.0, 1.0, 1.0, 1.0, 1.0, 1.0, 1.0, 1.0, 1.0, 1.0, 1.0, 1.0, 1.0]"
ee86ceb2,13,43,2,50.0,False,False,"[1, 1, 1]",18.9630715143133,,,,,,,,,,,12.862776631028566,,0.6783066035119765,,,,22.10948634147644,22.10948634147644,False,,0.0,0.0,,,22.121321201324463,2026-07-21 08:54:37,x86_64,dacsgpu0002,,64,64,3.11.15,0.22,False,False,adam,True,1,20,hamqaoa,0.01,False,False,hog,False,True,False,False,False,False,False,1,HOG_graphs/random_graphs_8to14vertices_78instances_20260625_143415_AdjacencyList.txt,False,0,32,1,5,1,,58,"[(2, 3), (3, 8), (3, 5), (2, 9), (4, 6), (4, 12), (4, 9), (8, 10), (1, 4), (0, 2), (1, 10), (3, 4), (2, 8), (3, 7), (2, 5), (4, 8), (3, 10), (4, 11), (0, 1), (9, 10), (1, 6), (0, 4), (0, 10), (10, 12), (1, 9), (0, 7), (5, 12), (5, 9), (3, 6), (2, 4), (2, 10), (3, 9), (2, 7), (3, 12), (4, 7), (7, 9), (0, 3), (7, 12), (1, 8), (10, 11), (0, 9), (6, 10), (6, 7)]","[1.0, 1.0, 1.0, 1.0, 1.0, 1.0, 1.0, 1.0, 1.0, 1.0, 1.0, 1.0, 1.0, 1.0, 1.0, 1.0, 1.0, 1.0, 1.0, 1.0, 1.0, 1.0, 1.0, 1.0, 1.0, 1.0, 1.0, 1.0, 1.0, 1.0, 1.0, 1.0, 1.0, 1.0, 1.0, 1.0, 1.0, 1.0, 1.0, 1.0, 1.0, 1.0, 1.0]"
5be2aff8,14,20,1,5.0,False,False,"[1, 1, 1]",10.92869892895262,,,,,,,,,,,6.1807222947694065,,0.5655496903108257,,,,2.9643993377685547,2.9643993377685547,False,,0.0,0.0,,,2.973111152648926,2026-07-21 08:54:38,x86_64,dacsgpu0002,,64,64,3.11.15,0.22,False,False,adam,True,1,20,hamqaoa,0.01,False,False,hog,False,True,False,False,False,False,False,1,HOG_graphs/random_graphs_8to14vertices_78instances_20260625_143415_AdjacencyList.txt,False,0,32,1,5,1,,66,"[(2, 6), (4, 6), (2, 12), (8, 10), (0, 8), (1, 13), (12, 13), (5, 10), (6, 9), (4, 8), (3, 10), (7, 10), (0, 1), (9, 10), (0, 10), (0, 13), (6, 11), (2, 13), (3, 12), (1, 8)]","[1.0, 1.0, 1.0, 1.0, 1.0, 1.0, 1.0, 1.0, 1.0, 1.0, 1.0, 1.0, 1.0, 1.0, 1.0, 1.0, 1.0, 1.0, 1.0, 1.0]"
385fa6e6,14,20,1,10.0,False,False,"[1, 1, 1]",10.92869892895262,,,,,,,,,,,5.234722682081675,,0.47898864412978737,,,,3.5298984050750732,3.5298984050750732,False,,0.0,0.0,,,3.547877311706543,2026-07-21 08:54:38,x86_64,dacsgpu0002,,64,64,3.11.15,0.22,False,False,adam,True,1,20,hamqaoa,0.01,False,False,hog,False,True,False,False,False,False,False,1,HOG_graphs/random_graphs_8to14vertices_78instances_20260625_143415_AdjacencyList.txt,False,0,32,1,5,1,,66,"[(2, 6), (4, 6), (2, 12), (8, 10), (0, 8), (1, 13), (12, 13), (5, 10), (6, 9), (4, 8), (3, 10), (7, 10), (0, 1), (9, 10), (0, 10), (0, 13), (6, 11), (2, 13), (3, 12), (1, 8)]","[1.0, 1.0, 1.0, 1.0, 1.0, 1.0, 1.0, 1.0, 1.0, 1.0, 1.0, 1.0, 1.0, 1.0, 1.0, 1.0, 1.0, 1.0, 1.0, 1.0]"
34fc8f91,13,39,1,25.0,False,False,"[1, 1, 1]",16.847159005026146,,,,,,,,,,,11.582134517447841,,0.687482946768203,,,,5.165324449539185,5.165324449539185,False,,0.0,0.0,,,5.174825668334961,2026-07-21 08:54:39,x86_64,dacsgpu0002,,64,64,3.11.15,0.21,False,False,adam,True,1,20,hamqaoa,0.01,False,False,hog,False,True,False,False,False,False,False,1,HOG_graphs/random_graphs_8to14vertices_78instances_20260625_143415_AdjacencyList.txt,False,0,32,1,5,1,,65,"[(3, 5), (11, 12), (2, 9), (4, 12), (2, 12), (7, 8), (1, 4), (0, 2), (1, 7), (0, 11), (5, 10), (6, 9), (5, 7), (3, 4), (2, 8), (4, 5), (2, 5), (3, 10), (7, 10), (0, 1), (8, 12), (9, 10), (1, 6), (10, 12), (1, 12), (6, 8), (5, 12), (6, 11), (2, 4), (2, 7), (4, 10), (4, 7), (8, 11), (9, 12), (1, 2), (1, 8), (10, 11), (1, 5), (1, 11)]","[1.0, 1.0, 1.0, 1.0, 1.0, 1.0, 1.0, 1.0, 1.0, 1.0, 1.0, 1.0, 1.0, 1.0, 1.0, 1.0, 1.0, 1.0, 1.0, 1.0, 1.0, 1.0, 1.0, 1.0, 1.0, 1.0, 1.0, 1.0, 1.0, 1.0, 1.0, 1.0, 1.0, 1.0, 1.0, 1.0, 1.0, 1.0, 1.0]"
adcb30b3,14,20,1,25.0,False,False,"[1, 1, 1]",10.92869892895262,,,,,,,,,,,5.59342858146377,,0.5118110232358491,,,,4.937227725982666,4.937227725982666,False,,0.0,0.0,,,4.948987245559692,2026-07-21 08:54:40,x86_64,dacsgpu0002,,64,64,3.11.15,0.21,False,False,adam,True,1,20,hamqaoa,0.01,False,False,hog,False,True,False,False,False,False,False,1,HOG_graphs/random_graphs_8to14vertices_78instances_20260625_143415_AdjacencyList.txt,False,0,32,1,5,1,,66,"[(2, 6), (4, 6), (2, 12), (8, 10), (0, 8), (1, 13), (12, 13), (5, 10), (6, 9), (4, 8), (3, 10), (7, 10), (0, 1), (9, 10), (0, 10), (0, 13), (6, 11), (2, 13), (3, 12), (1, 8)]","[1.0, 1.0, 1.0, 1.0, 1.0, 1.0, 1.0, 1.0, 1.0, 1.0, 1.0, 1.0, 1.0, 1.0, 1.0, 1.0, 1.0, 1.0, 1.0, 1.0]"
e1ad9c26,14,46,1,5.0,False,False,"[1, 1, 1]",19.160847593323137,,,,,,,,,,,12.757254904819174,,0.6657980469123201,,,,4.361904144287109,4.361904144287109,False,,0.0,0.0,,,4.373547792434692,2026-07-21 08:54:40,x86_64,dacsgpu0002,,64,64,3.11.15,0.21,False,False,adam,True,1,20,hamqaoa,0.01,False,False,hog,False,True,False,False,False,False,False,1,HOG_graphs/random_graphs_8to14vertices_78instances_20260625_143415_AdjacencyList.txt,False,0,32,1,5,1,,67,"[(3, 8), (2, 6), (3, 5), (11, 12), (4, 6), (4, 12), (2, 12), (7, 11), (1, 4), (1, 10), (0, 2), (0, 8), (1, 7), (9, 11), (0, 11), (12, 13), (5, 7), (5, 13), (3, 7), (2, 11), (4, 11), (7, 10), (8, 9), (0, 1), (0, 10), (10, 12), (1, 9), (0, 7), (0, 13), (1, 12), (5, 12), (6, 11), (11, 13), (2, 10), (3, 9), (2, 13), (4, 10), (4, 13), (7, 9), (0, 3), (0, 6), (0, 12), (1, 11), (0, 9), (6, 7), (6, 13)]","[1.0, 1.0, 1.0, 1.0, 1.0, 1.0, 1.0, 1.0, 1.0, 1.0, 1.0, 1.0, 1.0, 1.0, 1.0, 1.0, 1.0, 1.0, 1.0, 1.0, 1.0, 1.0, 1.0, 1.0, 1.0, 1.0, 1.0, 1.0, 1.0, 1.0, 1.0, 1.0, 1.0, 1.0, 1.0, 1.0, 1.0, 1.0, 1.0, 1.0, 1.0, 1.0, 1.0, 1.0, 1.0, 1.0]"
61cef114,13,39,2,25.0,False,False,"[1, 1, 1]",17.171679397742054,,,,,,,,,,,11.728505643463492,,0.683014478188179,,,,13.250829696655273,13.250829696655273,False,,0.0,0.0,,,13.259746313095093,2026-07-21 08:54:40,x86_64,dacsgpu0002,,64,64,3.11.15,0.22,False,False,adam,True,1,20,hamqaoa,0.01,False,False,hog,False,True,False,False,False,False,False,1,HOG_graphs/random_graphs_8to14vertices_78instances_20260625_143415_AdjacencyList.txt,False,0,32,1,5,1,,64,"[(2, 3), (3, 8), (3, 5), (11, 12), (4, 6), (4, 12), (2, 12), (7, 8), (0, 5), (0, 2), (9, 11), (1, 7), (0, 11), (6, 9), (5, 7), (3, 4), (4, 5), (2, 5), (4, 8), (7, 10), (8, 9), (1, 3), (0, 1), (9, 10), (0, 10), (10, 12), (1, 9), (0, 7), (1, 12), (6, 8), (6, 11), (3, 6), (2, 4), (9, 12), (10, 11), (1, 8), (0, 12), (5, 8), (6, 7)]","[1.0, 1.0, 1.0, 1.0, 1.0, 1.0, 1.0, 1.0, 1.0, 1.0, 1.0, 1.0, 1.0, 1.0, 1.0, 1.0, 1.0, 1.0, 1.0, 1.0, 1.0, 1.0, 1.0, 1.0, 1.0, 1.0, 1.0, 1.0, 1.0, 1.0, 1.0, 1.0, 1.0, 1.0, 1.0, 1.0, 1.0, 1.0, 1.0]"
ba529ad6,13,39,2,5.0,False,False,"[1, 1, 1]",16.847159005026146,,,,,,,,,,,10.491832286842078,,0.6227656712750184,,,,7.875586986541748,7.875586986541748,False,,0.0,0.0,,,7.881753444671631,2026-07-21 08:54:41,x86_64,dacsgpu0002,,64,64,3.11.15,0.22,False,False,adam,True,1,20,hamqaoa,0.01,False,False,hog,False,True,False,False,False,False,False,1,HOG_graphs/random_graphs_8to14vertices_78instances_20260625_143415_AdjacencyList.txt,False,0,32,1,5,1,,65,"[(3, 5), (11, 12), (2, 9), (4, 12), (2, 12), (7, 8), (1, 4), (0, 2), (1, 7), (0, 11), (5, 10), (6, 9), (5, 7), (3, 4), (2, 8), (4, 5), (2, 5), (3, 10), (7, 10), (0, 1), (8, 12), (9, 10), (1, 6), (10, 12), (1, 12), (6, 8), (5, 12), (6, 11), (2, 4), (2, 7), (4, 10), (4, 7), (8, 11), (9, 12), (1, 2), (1, 8), (10, 11), (1, 5), (1, 11)]","[1.0, 1.0, 1.0, 1.0, 1.0, 1.0, 1.0, 1.0, 1.0, 1.0, 1.0, 1.0, 1.0, 1.0, 1.0, 1.0, 1.0, 1.0, 1.0, 1.0, 1.0, 1.0, 1.0, 1.0, 1.0, 1.0, 1.0, 1.0, 1.0, 1.0, 1.0, 1.0, 1.0, 1.0, 1.0, 1.0, 1.0, 1.0, 1.0]"
103e50ce,13,26,2,50.0,False,False,"[1, 1, 1]",13.140069496756475,,,,,,,,,,,8.74654211612287,,0.6656389540619924,,,,16.603240728378296,16.603240728378296,False,,0.0,0.0,,,16.61226511001587,2026-07-21 08:54:41,x86_64,dacsgpu0002,,64,64,3.11.15,0.22,False,False,adam,True,1,20,hamqaoa,0.01,False,False,hog,False,True,False,False,False,False,False,1,HOG_graphs/random_graphs_8to14vertices_78instances_20260625_143415_AdjacencyList.txt,False,0,32,1,5,1,,62,"[(2, 3), (11, 12), (4, 12), (7, 8), (0, 2), (9, 11), (0, 11), (6, 9), (5, 7), (4, 5), (3, 7), (4, 8), (8, 9), (0, 1), (10, 12), (1, 12), (5, 6), (3, 6), (2, 4), (3, 9), (7, 9), (1, 2), (1, 8), (10, 11), (0, 12), (6, 7)]","[1.0, 1.0, 1.0, 1.0, 1.0, 1.0, 1.0, 1.0, 1.0, 1.0, 1.0, 1.0, 1.0, 1.0, 1.0, 1.0, 1.0, 1.0, 1.0, 1.0, 1.0, 1.0, 1.0, 1.0, 1.0, 1.0]"
02b571d3,13,30,2,50.0,False,False,"[1, 1, 1]",14.016547902144092,,,,,,,,,,,10.610402378868432,,0.7569911259851203,,,,17.96749782562256,17.96749782562256,False,,0.0,0.0,,,17.97494149208069,2026-07-21 08:54:41,x86_64,dacsgpu0002,,64,64,3.11.15,0.22,False,False,adam,True,1,20,hamqaoa,0.01,False,False,hog,False,True,False,False,False,False,False,1,HOG_graphs/random_graphs_8to14vertices_78instances_20260625_143415_AdjacencyList.txt,False,0,32,1,5,1,,61,"[(2, 9), (4, 6), (2, 12), (7, 8), (0, 5), (1, 4), (0, 2), (0, 8), (9, 11), (0, 11), (6, 9), (5, 7), (4, 5), (2, 5), (4, 11), (0, 1), (8, 12), (9, 10), (0, 4), (0, 7), (5, 6), (2, 4), (4, 10), (4, 7), (0, 3), (0, 6), (0, 12), (0, 9), (6, 10), (5, 8)]","[1.0, 1.0, 1.0, 1.0, 1.0, 1.0, 1.0, 1.0, 1.0, 1.0, 1.0, 1.0, 1.0, 1.0, 1.0, 1.0, 1.0, 1.0, 1.0, 1.0, 1.0, 1.0, 1.0, 1.0, 1.0, 1.0, 1.0, 1.0, 1.0, 1.0]"
43ac982e,14,46,1,10.0,False,False,"[1, 1, 1]",19.160847593323137,,,,,,,,,,,14.741570593151486,,0.7693590025886116,,,,5.22708797454834,5.22708797454834,False,,0.0,0.0,,,5.239668369293213,2026-07-21 08:54:41,x86_64,dacsgpu0002,,64,64,3.11.15,0.21,False,False,adam,True,1,20,hamqaoa,0.01,False,False,hog,False,True,False,False,False,False,False,1,HOG_graphs/random_graphs_8to14vertices_78instances_20260625_143415_AdjacencyList.txt,False,0,32,1,5,1,,67,"[(3, 8), (2, 6), (3, 5), (11, 12), (4, 6), (4, 12), (2, 12), (7, 11), (1, 4), (1, 10), (0, 2), (0, 8), (1, 7), (9, 11), (0, 11), (12, 13), (5, 7), (5, 13), (3, 7), (2, 11), (4, 11), (7, 10), (8, 9), (0, 1), (0, 10), (10, 12), (1, 9), (0, 7), (0, 13), (1, 12), (5, 12), (6, 11), (11, 13), (2, 10), (3, 9), (2, 13), (4, 10), (4, 13), (7, 9), (0, 3), (0, 6), (0, 12), (1, 11), (0, 9), (6, 7), (6, 13)]","[1.0, 1.0, 1.0, 1.0, 1.0, 1.0, 1.0, 1.0, 1.0, 1.0, 1.0, 1.0, 1.0, 1.0, 1.0, 1.0, 1.0, 1.0, 1.0, 1.0, 1.0, 1.0, 1.0, 1.0, 1.0, 1.0, 1.0, 1.0, 1.0, 1.0, 1.0, 1.0, 1.0, 1.0, 1.0, 1.0, 1.0, 1.0, 1.0, 1.0, 1.0, 1.0, 1.0, 1.0, 1.0, 1.0]"
6fe75066,13,39,1,50.0,False,False,"[1, 1, 1]",16.847159005026146,,,,,,,,,,,14.39371558729912,,0.8543704955241966,,,,7.582657814025879,7.582657814025879,False,,0.0,0.0,,,7.591313600540161,2026-07-21 08:54:41,x86_64,dacsgpu0002,,64,64,3.11.15,0.21,False,False,adam,True,1,20,hamqaoa,0.01,False,False,hog,False,True,False,False,False,False,False,1,HOG_graphs/random_graphs_8to14vertices_78instances_20260625_143415_AdjacencyList.txt,False,0,32,1,5,1,,65,"[(3, 5), (11, 12), (2, 9), (4, 12), (2, 12), (7, 8), (1, 4), (0, 2), (1, 7), (0, 11), (5, 10), (6, 9), (5, 7), (3, 4), (2, 8), (4, 5), (2, 5), (3, 10), (7, 10), (0, 1), (8, 12), (9, 10), (1, 6), (10, 12), (1, 12), (6, 8), (5, 12), (6, 11), (2, 4), (2, 7), (4, 10), (4, 7), (8, 11), (9, 12), (1, 2), (1, 8), (10, 11), (1, 5), (1, 11)]","[1.0, 1.0, 1.0, 1.0, 1.0, 1.0, 1.0, 1.0, 1.0, 1.0, 1.0, 1.0, 1.0, 1.0, 1.0, 1.0, 1.0, 1.0, 1.0, 1.0, 1.0, 1.0, 1.0, 1.0, 1.0, 1.0, 1.0, 1.0, 1.0, 1.0, 1.0, 1.0, 1.0, 1.0, 1.0, 1.0, 1.0, 1.0, 1.0]"
267fef8d,14,20,2,5.0,False,False,"[1, 1, 1]",10.92869892895262,,,,,,,,,,,7.040564210071894,,0.6442271175958403,,,,7.405449151992798,7.405449151992798,False,,0.0,0.0,,,7.414263010025024,2026-07-21 08:54:42,x86_64,dacsgpu0002,,64,64,3.11.15,0.23,False,False,adam,True,1,20,hamqaoa,0.01,False,False,hog,False,True,False,False,False,False,False,1,HOG_graphs/random_graphs_8to14vertices_78instances_20260625_143415_AdjacencyList.txt,False,0,32,1,5,1,,66,"[(2, 6), (4, 6), (2, 12), (8, 10), (0, 8), (1, 13), (12, 13), (5, 10), (6, 9), (4, 8), (3, 10), (7, 10), (0, 1), (9, 10), (0, 10), (0, 13), (6, 11), (2, 13), (3, 12), (1, 8)]","[1.0, 1.0, 1.0, 1.0, 1.0, 1.0, 1.0, 1.0, 1.0, 1.0, 1.0, 1.0, 1.0, 1.0, 1.0, 1.0, 1.0, 1.0, 1.0, 1.0]"
803b2d94,13,39,2,10.0,False,False,"[1, 1, 1]",16.847159005026146,,,,,,,,,,,11.443983380208941,,0.6792826836141789,,,,9.319900035858154,9.319900035858154,False,,0.0,0.0,,,9.328305959701538,2026-07-21 08:54:43,x86_64,dacsgpu0002,,64,64,3.11.15,0.22,False,False,adam,True,1,20,hamqaoa,0.01,False,False,hog,False,True,False,False,False,False,False,1,HOG_graphs/random_graphs_8to14vertices_78instances_20260625_143415_AdjacencyList.txt,False,0,32,1,5,1,,65,"[(3, 5), (11, 12), (2, 9), (4, 12), (2, 12), (7, 8), (1, 4), (0, 2), (1, 7), (0, 11), (5, 10), (6, 9), (5, 7), (3, 4), (2, 8), (4, 5), (2, 5), (3, 10), (7, 10), (0, 1), (8, 12), (9, 10), (1, 6), (10, 12), (1, 12), (6, 8), (5, 12), (6, 11), (2, 4), (2, 7), (4, 10), (4, 7), (8, 11), (9, 12), (1, 2), (1, 8), (10, 11), (1, 5), (1, 11)]","[1.0, 1.0, 1.0, 1.0, 1.0, 1.0, 1.0, 1.0, 1.0, 1.0, 1.0, 1.0, 1.0, 1.0, 1.0, 1.0, 1.0, 1.0, 1.0, 1.0, 1.0, 1.0, 1.0, 1.0, 1.0, 1.0, 1.0, 1.0, 1.0, 1.0, 1.0, 1.0, 1.0, 1.0, 1.0, 1.0, 1.0, 1.0, 1.0]"
8208ccee,13,26,2,50.0,False,False,"[1, 1, 1]",13.1328900896986,,,,,,,,,,,9.730510484882721,,0.7409268194908069,,,,16.589274406433105,16.589274406433105,False,,0.0,0.0,,,16.59888768196106,2026-07-21 08:54:43,x86_64,dacsgpu0002,,64,64,3.11.15,0.22,False,False,adam,True,1,20,hamqaoa,0.01,False,False,hog,False,True,False,False,False,False,False,1,HOG_graphs/random_graphs_8to14vertices_78instances_20260625_143415_AdjacencyList.txt,False,0,32,1,5,1,,63,"[(2, 6), (3, 5), (11, 12), (4, 12), (7, 8), (0, 2), (0, 8), (9, 11), (3, 4), (4, 8), (4, 11), (8, 9), (1, 3), (0, 1), (1, 9), (5, 6), (5, 9), (2, 10), (7, 9), (9, 12), (1, 2), (10, 11), (0, 12), (1, 5), (6, 10), (6, 7)]","[1.0, 1.0, 1.0, 1.0, 1.0, 1.0, 1.0, 1.0, 1.0, 1.0, 1.0, 1.0, 1.0, 1.0, 1.0, 1.0, 1.0, 1.0, 1.0, 1.0, 1.0, 1.0, 1.0, 1.0, 1.0, 1.0]"
3a95373e,14,20,1,50.0,False,False,"[1, 1, 1]",10.92869892895262,,,,,,,,,,,7.861205553938534,,0.7193176063357738,,,,7.398696184158325,7.398696184158325,False,,0.0,0.0,,,7.41178035736084,2026-07-21 08:54:43,x86_64,dacsgpu0002,,64,64,3.11.15,0.22,False,False,adam,True,1,20,hamqaoa,0.01,False,False,hog,False,True,False,False,False,False,False,1,HOG_graphs/random_graphs_8to14vertices_78instances_20260625_143415_AdjacencyList.txt,False,0,32,1,5,1,,66,"[(2, 6), (4, 6), (2, 12), (8, 10), (0, 8), (1, 13), (12, 13), (5, 10), (6, 9), (4, 8), (3, 10), (7, 10), (0, 1), (9, 10), (0, 10), (0, 13), (6, 11), (2, 13), (3, 12), (1, 8)]","[1.0, 1.0, 1.0, 1.0, 1.0, 1.0, 1.0, 1.0, 1.0, 1.0, 1.0, 1.0, 1.0, 1.0, 1.0, 1.0, 1.0, 1.0, 1.0, 1.0]"
30e98ddf,14,20,2,10.0,False,False,"[1, 1, 1]",10.92869892895262,,,,,,,,,,,6.840144808491691,,0.6258883013393831,,,,8.831032276153564,8.831032276153564,False,,0.0,0.0,,,8.846724510192871,2026-07-21 08:54:44,x86_64,dacsgpu0002,,64,64,3.11.15,0.23,False,False,adam,True,1,20,hamqaoa,0.01,False,False,hog,False,True,False,False,False,False,False,1,HOG_graphs/random_graphs_8to14vertices_78instances_20260625_143415_AdjacencyList.txt,False,0,32,1,5,1,,66,"[(2, 6), (4, 6), (2, 12), (8, 10), (0, 8), (1, 13), (12, 13), (5, 10), (6, 9), (4, 8), (3, 10), (7, 10), (0, 1), (9, 10), (0, 10), (0, 13), (6, 11), (2, 13), (3, 12), (1, 8)]","[1.0, 1.0, 1.0, 1.0, 1.0, 1.0, 1.0, 1.0, 1.0, 1.0, 1.0, 1.0, 1.0, 1.0, 1.0, 1.0, 1.0, 1.0, 1.0, 1.0]"
9c421aa6,14,46,1,25.0,False,False,"[1, 1, 1]",19.160847593323137,,,,,,,,,,,12.994276441058487,,0.6781681435421741,,,,7.450061321258545,7.450061321258545,False,,0.0,0.0,,,7.459355592727661,2026-07-21 08:54:44,x86_64,dacsgpu0002,,64,64,3.11.15,0.22,False,False,adam,True,1,20,hamqaoa,0.01,False,False,hog,False,True,False,False,False,False,False,1,HOG_graphs/random_graphs_8to14vertices_78instances_20260625_143415_AdjacencyList.txt,False,0,32,1,5,1,,67,"[(3, 8), (2, 6), (3, 5), (11, 12), (4, 6), (4, 12), (2, 12), (7, 11), (1, 4), (1, 10), (0, 2), (0, 8), (1, 7), (9, 11), (0, 11), (12, 13), (5, 7), (5, 13), (3, 7), (2, 11), (4, 11), (7, 10), (8, 9), (0, 1), (0, 10), (10, 12), (1, 9), (0, 7), (0, 13), (1, 12), (5, 12), (6, 11), (11, 13), (2, 10), (3, 9), (2, 13), (4, 10), (4, 13), (7, 9), (0, 3), (0, 6), (0, 12), (1, 11), (0, 9), (6, 7), (6, 13)]","[1.0, 1.0, 1.0, 1.0, 1.0, 1.0, 1.0, 1.0, 1.0, 1.0, 1.0, 1.0, 1.0, 1.0, 1.0, 1.0, 1.0, 1.0, 1.0, 1.0, 1.0, 1.0, 1.0, 1.0, 1.0, 1.0, 1.0, 1.0, 1.0, 1.0, 1.0, 1.0, 1.0, 1.0, 1.0, 1.0, 1.0, 1.0, 1.0, 1.0, 1.0, 1.0, 1.0, 1.0, 1.0, 1.0]"
af92add8,14,21,1,5.0,False,False,"[1, 1, 1]",12.107543006649378,,,,,,,,,,,6.639952942546568,,0.5484145659362888,,,,3.381502628326416,3.381502628326416,False,,0.0,0.0,,,3.390751600265503,2026-07-21 08:54:47,x86_64,dacsgpu0002,,64,64,3.11.15,0.22,False,True,adam,True,1,20,hamqaoa,0.01,False,False,hog,False,True,False,False,False,False,False,1,HOG_graphs/random_graphs_8to14vertices_78instances_20260625_143415_AdjacencyList.txt,False,0,32,1,5,1,,69,"[(5, 11), (2, 3), (3, 11), (4, 6), (4, 12), (1, 10), (1, 13), (3, 13), (7, 10), (8, 9), (0, 7), (6, 8), (5, 9), (2, 4), (11, 13), (1, 2), (7, 12), (0, 12), (0, 9), (6, 10), (5, 8)]","[1.0, 1.0, 1.0, 1.0, 1.0, 1.0, 1.0, 1.0, 1.0, 1.0, 1.0, 1.0, 1.0, 1.0, 1.0, 1.0, 1.0, 1.0, 1.0, 1.0, 1.0]"
13434ae8,13,39,2,25.0,False,False,"[1, 1, 1]",16.847159005026146,,,,,,,,,,,11.593810504382528,,0.6881760005306328,,,,13.819273948669434,13.819273948669434,False,,0.0,0.0,,,13.835407495498657,2026-07-21 08:54:47,x86_64,dacsgpu0002,,64,64,3.11.15,0.22,False,False,adam,True,1,20,hamqaoa,0.01,False,False,hog,False,True,False,False,False,False,False,1,HOG_graphs/random_graphs_8to14vertices_78instances_20260625_143415_AdjacencyList.txt,False,0,32,1,5,1,,65,"[(3, 5), (11, 12), (2, 9), (4, 12), (2, 12), (7, 8), (1, 4), (0, 2), (1, 7), (0, 11), (5, 10), (6, 9), (5, 7), (3, 4), (2, 8), (4, 5), (2, 5), (3, 10), (7, 10), (0, 1), (8, 12), (9, 10), (1, 6), (10, 12), (1, 12), (6, 8), (5, 12), (6, 11), (2, 4), (2, 7), (4, 10), (4, 7), (8, 11), (9, 12), (1, 2), (1, 8), (10, 11), (1, 5), (1, 11)]","[1.0, 1.0, 1.0, 1.0, 1.0, 1.0, 1.0, 1.0, 1.0, 1.0, 1.0, 1.0, 1.0, 1.0, 1.0, 1.0, 1.0, 1.0, 1.0, 1.0, 1.0, 1.0, 1.0, 1.0, 1.0, 1.0, 1.0, 1.0, 1.0, 1.0, 1.0, 1.0, 1.0, 1.0, 1.0, 1.0, 1.0, 1.0, 1.0]"
c8fd977f,14,46,2,5.0,False,False,"[1, 1, 1]",19.160847593323137,,,,,,,,,,,12.828037831853246,,0.6694921907485635,,,,11.634053230285645,11.634053230285645,False,,0.0,0.0,,,11.645752906799316,2026-07-21 08:54:48,x86_64,dacsgpu0002,,64,64,3.11.15,0.23,False,False,adam,True,1,20,hamqaoa,0.01,False,False,hog,False,True,False,False,False,False,False,1,HOG_graphs/random_graphs_8to14vertices_78instances_20260625_143415_AdjacencyList.txt,False,0,32,1,5,1,,67,"[(3, 8), (2, 6), (3, 5), (11, 12), (4, 6), (4, 12), (2, 12), (7, 11), (1, 4), (1, 10), (0, 2), (0, 8), (1, 7), (9, 11), (0, 11), (12, 13), (5, 7), (5, 13), (3, 7), (2, 11), (4, 11), (7, 10), (8, 9), (0, 1), (0, 10), (10, 12), (1, 9), (0, 7), (0, 13), (1, 12), (5, 12), (6, 11), (11, 13), (2, 10), (3, 9), (2, 13), (4, 10), (4, 13), (7, 9), (0, 3), (0, 6), (0, 12), (1, 11), (0, 9), (6, 7), (6, 13)]","[1.0, 1.0, 1.0, 1.0, 1.0, 1.0, 1.0, 1.0, 1.0, 1.0, 1.0, 1.0, 1.0, 1.0, 1.0, 1.0, 1.0, 1.0, 1.0, 1.0, 1.0, 1.0, 1.0, 1.0, 1.0, 1.0, 1.0, 1.0, 1.0, 1.0, 1.0, 1.0, 1.0, 1.0, 1.0, 1.0, 1.0, 1.0, 1.0, 1.0, 1.0, 1.0, 1.0, 1.0, 1.0, 1.0]"
dab70f74,14,21,1,10.0,False,False,"[1, 1, 1]",12.107543006649378,,,,,,,,,,,5.5518097790840475,,0.45854140481144956,,,,4.071996212005615,4.071996212005615,False,,0.0,0.0,,,4.0804197788238525,2026-07-21 08:54:48,x86_64,dacsgpu0002,,64,64,3.11.15,0.22,False,True,adam,True,1,20,hamqaoa,0.01,False,False,hog,False,True,False,False,False,False,False,1,HOG_graphs/random_graphs_8to14vertices_78instances_20260625_143415_AdjacencyList.txt,False,0,32,1,5,1,,69,"[(5, 11), (2, 3), (3, 11), (4, 6), (4, 12), (1, 10), (1, 13), (3, 13), (7, 10), (8, 9), (0, 7), (6, 8), (5, 9), (2, 4), (11, 13), (1, 2), (7, 12), (0, 12), (0, 9), (6, 10), (5, 8)]","[1.0, 1.0, 1.0, 1.0, 1.0, 1.0, 1.0, 1.0, 1.0, 1.0, 1.0, 1.0, 1.0, 1.0, 1.0, 1.0, 1.0, 1.0, 1.0, 1.0, 1.0]"
24c02353,14,66,1,5.0,False,False,"[1, 1, 1]",24.9091276381742,,,,,,,,,,,18.79951467549907,,0.7547239288576323,,,,6.196537494659424,6.196537494659424,False,,0.0,0.0,,,6.2115607261657715,2026-07-21 08:54:48,x86_64,dacsgpu0002,,64,64,3.11.15,0.22,False,False,adam,True,1,20,hamqaoa,0.01,False,False,hog,False,True,False,False,False,False,False,1,HOG_graphs/random_graphs_8to14vertices_78instances_20260625_143415_AdjacencyList.txt,False,0,32,1,5,1,,68,"[(5, 11), (2, 3), (3, 8), (2, 6), (3, 5), (3, 11), (11, 12), (4, 6), (4, 12), (4, 9), (7, 8), (8, 13), (7, 11), (0, 5), (8, 10), (1, 4), (0, 2), (0, 8), (1, 10), (1, 7), (9, 11), (0, 11), (12, 13), (5, 7), (5, 13), (6, 12), (4, 5), (3, 7), (3, 13), (4, 8), (4, 11), (7, 10), (1, 3), (0, 1), (7, 13), (8, 12), (1, 6), (0, 4), (9, 10), (1, 9), (0, 7), (0, 13), (1, 12), (6, 8), (5, 6), (5, 12), (6, 11), (3, 6), (11, 13), (2, 10), (3, 9), (2, 13), (4, 10), (3, 12), (4, 13), (8, 11), (0, 3), (1, 2), (1, 8), (0, 6), (7, 12), (1, 5), (0, 9), (6, 10), (5, 8), (6, 7)]","[1.0, 1.0, 1.0, 1.0, 1.0, 1.0, 1.0, 1.0, 1.0, 1.0, 1.0, 1.0, 1.0, 1.0, 1.0, 1.0, 1.0, 1.0, 1.0, 1.0, 1.0, 1.0, 1.0, 1.0, 1.0, 1.0, 1.0, 1.0, 1.0, 1.0, 1.0, 1.0, 1.0, 1.0, 1.0, 1.0, 1.0, 1.0, 1.0, 1.0, 1.0, 1.0, 1.0, 1.0, 1.0, 1.0, 1.0, 1.0, 1.0, 1.0, 1.0, 1.0, 1.0, 1.0, 1.0, 1.0, 1.0, 1.0, 1.0, 1.0, 1.0, 1.0, 1.0, 1.0, 1.0, 1.0]"
0d77b903,14,20,2,25.0,False,False,"[1, 1, 1]",10.92869892895262,,,,,,,,,,,7.066650976753209,,0.6466141141496757,,,,13.22912335395813,13.22912335395813,False,,0.0,0.0,,,13.237492322921753,2026-07-21 08:54:49,x86_64,dacsgpu0002,,64,64,3.11.15,0.22,False,False,adam,True,1,20,hamqaoa,0.01,False,False,hog,False,True,False,False,False,False,False,1,HOG_graphs/random_graphs_8to14vertices_78instances_20260625_143415_AdjacencyList.txt,False,0,32,1,5,1,,66,"[(2, 6), (4, 6), (2, 12), (8, 10), (0, 8), (1, 13), (12, 13), (5, 10), (6, 9), (4, 8), (3, 10), (7, 10), (0, 1), (9, 10), (0, 10), (0, 13), (6, 11), (2, 13), (3, 12), (1, 8)]","[1.0, 1.0, 1.0, 1.0, 1.0, 1.0, 1.0, 1.0, 1.0, 1.0, 1.0, 1.0, 1.0, 1.0, 1.0, 1.0, 1.0, 1.0, 1.0, 1.0]"
273c750f,14,28,1,5.0,False,False,"[1, 1, 1]",14.382823791568981,,,,,,,,,,,7.0339593674864185,,0.4890527388376705,,,,3.93617582321167,3.93617582321167,False,,0.0,0.0,,,3.9651753902435303,2026-07-21 08:54:50,x86_64,dacsgpu0002,,64,64,3.11.15,0.22,False,False,adam,True,1,20,hamqaoa,0.01,False,False,hog,False,True,False,False,False,False,False,1,HOG_graphs/random_graphs_8to14vertices_78instances_20260625_143415_AdjacencyList.txt,False,0,32,1,5,1,,70,"[(3, 8), (2, 6), (3, 5), (11, 12), (4, 12), (7, 8), (8, 13), (0, 2), (12, 13), (6, 12), (4, 5), (3, 7), (4, 11), (7, 10), (8, 9), (7, 13), (0, 1), (5, 9), (2, 10), (3, 9), (4, 13), (1, 2), (10, 11), (0, 6), (1, 5), (1, 11), (0, 9), (6, 10)]","[1.0, 1.0, 1.0, 1.0, 1.0, 1.0, 1.0, 1.0, 1.0, 1.0, 1.0, 1.0, 1.0, 1.0, 1.0, 1.0, 1.0, 1.0, 1.0, 1.0, 1.0, 1.0, 1.0, 1.0, 1.0, 1.0, 1.0, 1.0]"
7556fb48,14,66,1,10.0,False,False,"[1, 1, 1]",24.9091276381742,,,,,,,,,,,18.772918555396092,,0.7536562029826315,,,,7.214351177215576,7.214351177215576,False,,0.0,0.0,,,7.2239158153533936,2026-07-21 08:54:50,x86_64,dacsgpu0002,,64,64,3.11.15,0.22,False,False,adam,True,1,20,hamqaoa,0.01,False,False,hog,False,True,False,False,False,False,False,1,HOG_graphs/random_graphs_8to14vertices_78instances_20260625_143415_AdjacencyList.txt,False,0,32,1,5,1,,68,"[(5, 11), (2, 3), (3, 8), (2, 6), (3, 5), (3, 11), (11, 12), (4, 6), (4, 12), (4, 9), (7, 8), (8, 13), (7, 11), (0, 5), (8, 10), (1, 4), (0, 2), (0, 8), (1, 10), (1, 7), (9, 11), (0, 11), (12, 13), (5, 7), (5, 13), (6, 12), (4, 5), (3, 7), (3, 13), (4, 8), (4, 11), (7, 10), (1, 3), (0, 1), (7, 13), (8, 12), (1, 6), (0, 4), (9, 10), (1, 9), (0, 7), (0, 13), (1, 12), (6, 8), (5, 6), (5, 12), (6, 11), (3, 6), (11, 13), (2, 10), (3, 9), (2, 13), (4, 10), (3, 12), (4, 13), (8, 11), (0, 3), (1, 2), (1, 8), (0, 6), (7, 12), (1, 5), (0, 9), (6, 10), (5, 8), (6, 7)]","[1.0, 1.0, 1.0, 1.0, 1.0, 1.0, 1.0, 1.0, 1.0, 1.0, 1.0, 1.0, 1.0, 1.0, 1.0, 1.0, 1.0, 1.0, 1.0, 1.0, 1.0, 1.0, 1.0, 1.0, 1.0, 1.0, 1.0, 1.0, 1.0, 1.0, 1.0, 1.0, 1.0, 1.0, 1.0, 1.0, 1.0, 1.0, 1.0, 1.0, 1.0, 1.0, 1.0, 1.0, 1.0, 1.0, 1.0, 1.0, 1.0, 1.0, 1.0, 1.0, 1.0, 1.0, 1.0, 1.0, 1.0, 1.0, 1.0, 1.0, 1.0, 1.0, 1.0, 1.0, 1.0, 1.0]"
817d679e,14,46,2,10.0,False,False,"[1, 1, 1]",19.160847593323137,,,,,,,,,,,13.67169212423854,,0.7135223041491459,,,,13.870091676712036,13.870091676712036,False,,0.0,0.0,,,13.881266832351685,2026-07-21 08:54:50,x86_64,dacsgpu0002,,64,64,3.11.15,0.23,False,False,adam,True,1,20,hamqaoa,0.01,False,False,hog,False,True,False,False,False,False,False,1,HOG_graphs/random_graphs_8to14vertices_78instances_20260625_143415_AdjacencyList.txt,False,0,32,1,5,1,,67,"[(3, 8), (2, 6), (3, 5), (11, 12), (4, 6), (4, 12), (2, 12), (7, 11), (1, 4), (1, 10), (0, 2), (0, 8), (1, 7), (9, 11), (0, 11), (12, 13), (5, 7), (5, 13), (3, 7), (2, 11), (4, 11), (7, 10), (8, 9), (0, 1), (0, 10), (10, 12), (1, 9), (0, 7), (0, 13), (1, 12), (5, 12), (6, 11), (11, 13), (2, 10), (3, 9), (2, 13), (4, 10), (4, 13), (7, 9), (0, 3), (0, 6), (0, 12), (1, 11), (0, 9), (6, 7), (6, 13)]","[1.0, 1.0, 1.0, 1.0, 1.0, 1.0, 1.0, 1.0, 1.0, 1.0, 1.0, 1.0, 1.0, 1.0, 1.0, 1.0, 1.0, 1.0, 1.0, 1.0, 1.0, 1.0, 1.0, 1.0, 1.0, 1.0, 1.0, 1.0, 1.0, 1.0, 1.0, 1.0, 1.0, 1.0, 1.0, 1.0, 1.0, 1.0, 1.0, 1.0, 1.0, 1.0, 1.0, 1.0, 1.0, 1.0]"
1a6e31f1,14,21,1,25.0,False,False,"[1, 1, 1]",12.107543006649378,,,,,,,,,,,7.762315645520638,,0.6411140262939912,,,,5.773101329803467,5.773101329803467,False,,0.0,0.0,,,5.786957502365112,2026-07-21 08:54:50,x86_64,dacsgpu0002,,64,64,3.11.15,0.22,False,True,adam,True,1,20,hamqaoa,0.01,False,False,hog,False,True,False,False,False,False,False,1,HOG_graphs/random_graphs_8to14vertices_78instances_20260625_143415_AdjacencyList.txt,False,0,32,1,5,1,,69,"[(5, 11), (2, 3), (3, 11), (4, 6), (4, 12), (1, 10), (1, 13), (3, 13), (7, 10), (8, 9), (0, 7), (6, 8), (5, 9), (2, 4), (11, 13), (1, 2), (7, 12), (0, 12), (0, 9), (6, 10), (5, 8)]","[1.0, 1.0, 1.0, 1.0, 1.0, 1.0, 1.0, 1.0, 1.0, 1.0, 1.0, 1.0, 1.0, 1.0, 1.0, 1.0, 1.0, 1.0, 1.0, 1.0, 1.0]"
770a805a,14,28,1,10.0,False,False,"[1, 1, 1]",14.382823791568981,,,,,,,,,,,9.315979243870338,,0.6477155931877049,,,,4.476925611495972,4.476925611495972,False,,0.0,0.0,,,4.497926235198975,2026-07-21 08:54:51,x86_64,dacsgpu0002,,64,64,3.11.15,0.22,False,False,adam,True,1,20,hamqaoa,0.01,False,False,hog,False,True,False,False,False,False,False,1,HOG_graphs/random_graphs_8to14vertices_78instances_20260625_143415_AdjacencyList.txt,False,0,32,1,5,1,,70,"[(3, 8), (2, 6), (3, 5), (11, 12), (4, 12), (7, 8), (8, 13), (0, 2), (12, 13), (6, 12), (4, 5), (3, 7), (4, 11), (7, 10), (8, 9), (7, 13), (0, 1), (5, 9), (2, 10), (3, 9), (4, 13), (1, 2), (10, 11), (0, 6), (1, 5), (1, 11), (0, 9), (6, 10)]","[1.0, 1.0, 1.0, 1.0, 1.0, 1.0, 1.0, 1.0, 1.0, 1.0, 1.0, 1.0, 1.0, 1.0, 1.0, 1.0, 1.0, 1.0, 1.0, 1.0, 1.0, 1.0, 1.0, 1.0, 1.0, 1.0, 1.0, 1.0]"
972c6583,14,21,2,5.0,False,False,"[1, 1, 1]",12.107543006649378,,,,,,,,,,,6.975628543855073,,0.5761390680193419,,,,8.081992387771606,8.081992387771606,False,,0.0,0.0,,,8.097241640090942,2026-07-21 08:54:52,x86_64,dacsgpu0002,,64,64,3.11.15,0.22,False,True,adam,True,1,20,hamqaoa,0.01,False,False,hog,False,True,False,False,False,False,False,1,HOG_graphs/random_graphs_8to14vertices_78instances_20260625_143415_AdjacencyList.txt,False,0,32,1,5,1,,69,"[(5, 11), (2, 3), (3, 11), (4, 6), (4, 12), (1, 10), (1, 13), (3, 13), (7, 10), (8, 9), (0, 7), (6, 8), (5, 9), (2, 4), (11, 13), (1, 2), (7, 12), (0, 12), (0, 9), (6, 10), (5, 8)]","[1.0, 1.0, 1.0, 1.0, 1.0, 1.0, 1.0, 1.0, 1.0, 1.0, 1.0, 1.0, 1.0, 1.0, 1.0, 1.0, 1.0, 1.0, 1.0, 1.0, 1.0]"
712ae147,14,28,1,25.0,False,False,"[1, 1, 1]",14.382823791568981,,,,,,,,,,,9.881711178409152,,0.6870494502061326,,,,6.244802236557007,6.244802236557007,False,,0.0,0.0,,,6.255582571029663,2026-07-21 08:54:53,x86_64,dacsgpu0002,,64,64,3.11.15,0.22,False,False,adam,True,1,20,hamqaoa,0.01,False,False,hog,False,True,False,False,False,False,False,1,HOG_graphs/random_graphs_8to14vertices_78instances_20260625_143415_AdjacencyList.txt,False,0,32,1,5,1,,70,"[(3, 8), (2, 6), (3, 5), (11, 12), (4, 12), (7, 8), (8, 13), (0, 2), (12, 13), (6, 12), (4, 5), (3, 7), (4, 11), (7, 10), (8, 9), (7, 13), (0, 1), (5, 9), (2, 10), (3, 9), (4, 13), (1, 2), (10, 11), (0, 6), (1, 5), (1, 11), (0, 9), (6, 10)]","[1.0, 1.0, 1.0, 1.0, 1.0, 1.0, 1.0, 1.0, 1.0, 1.0, 1.0, 1.0, 1.0, 1.0, 1.0, 1.0, 1.0, 1.0, 1.0, 1.0, 1.0, 1.0, 1.0, 1.0, 1.0, 1.0, 1.0, 1.0]"
cc086dcd,14,21,1,50.0,False,False,"[1, 1, 1]",12.107543006649378,,,,,,,,,,,6.784297586905996,,0.5603364434204452,,,,8.30929684638977,8.30929684638977,False,,0.0,0.0,,,8.330416679382324,2026-07-21 08:54:53,x86_64,dacsgpu0002,,64,64,3.11.15,0.22,False,True,adam,True,1,20,hamqaoa,0.01,False,False,hog,False,True,False,False,False,False,False,1,HOG_graphs/random_graphs_8to14vertices_78instances_20260625_143415_AdjacencyList.txt,False,0,32,1,5,1,,69,"[(5, 11), (2, 3), (3, 11), (4, 6), (4, 12), (1, 10), (1, 13), (3, 13), (7, 10), (8, 9), (0, 7), (6, 8), (5, 9), (2, 4), (11, 13), (1, 2), (7, 12), (0, 12), (0, 9), (6, 10), (5, 8)]","[1.0, 1.0, 1.0, 1.0, 1.0, 1.0, 1.0, 1.0, 1.0, 1.0, 1.0, 1.0, 1.0, 1.0, 1.0, 1.0, 1.0, 1.0, 1.0, 1.0, 1.0]"
fde510b0,13,39,2,50.0,False,False,"[1, 1, 1]",17.171679397742054,,,,,,,,,,,12.093958756106444,,0.7042967945055338,,,,20.907236099243164,20.907236099243164,False,,0.0,0.0,,,20.915730476379395,2026-07-21 08:54:53,x86_64,dacsgpu0002,,64,64,3.11.15,0.22,False,False,adam,True,1,20,hamqaoa,0.01,False,False,hog,False,True,False,False,False,False,False,1,HOG_graphs/random_graphs_8to14vertices_78instances_20260625_143415_AdjacencyList.txt,False,0,32,1,5,1,,64,"[(2, 3), (3, 8), (3, 5), (11, 12), (4, 6), (4, 12), (2, 12), (7, 8), (0, 5), (0, 2), (9, 11), (1, 7), (0, 11), (6, 9), (5, 7), (3, 4), (4, 5), (2, 5), (4, 8), (7, 10), (8, 9), (1, 3), (0, 1), (9, 10), (0, 10), (10, 12), (1, 9), (0, 7), (1, 12), (6, 8), (6, 11), (3, 6), (2, 4), (9, 12), (10, 11), (1, 8), (0, 12), (5, 8), (6, 7)]","[1.0, 1.0, 1.0, 1.0, 1.0, 1.0, 1.0, 1.0, 1.0, 1.0, 1.0, 1.0, 1.0, 1.0, 1.0, 1.0, 1.0, 1.0, 1.0, 1.0, 1.0, 1.0, 1.0, 1.0, 1.0, 1.0, 1.0, 1.0, 1.0, 1.0, 1.0, 1.0, 1.0, 1.0, 1.0, 1.0, 1.0, 1.0, 1.0]"
e5a16556,14,66,1,25.0,False,False,"[1, 1, 1]",24.9091276381742,,,,,,,,,,,18.971886301584266,,0.7616439474383325,,,,10.582883358001709,10.582883358001709,False,,0.0,0.0,,,10.596320152282715,2026-07-21 08:54:54,x86_64,dacsgpu0002,,64,64,3.11.15,0.22,False,False,adam,True,1,20,hamqaoa,0.01,False,False,hog,False,True,False,False,False,False,False,1,HOG_graphs/random_graphs_8to14vertices_78instances_20260625_143415_AdjacencyList.txt,False,0,32,1,5,1,,68,"[(5, 11), (2, 3), (3, 8), (2, 6), (3, 5), (3, 11), (11, 12), (4, 6), (4, 12), (4, 9), (7, 8), (8, 13), (7, 11), (0, 5), (8, 10), (1, 4), (0, 2), (0, 8), (1, 10), (1, 7), (9, 11), (0, 11), (12, 13), (5, 7), (5, 13), (6, 12), (4, 5), (3, 7), (3, 13), (4, 8), (4, 11), (7, 10), (1, 3), (0, 1), (7, 13), (8, 12), (1, 6), (0, 4), (9, 10), (1, 9), (0, 7), (0, 13), (1, 12), (6, 8), (5, 6), (5, 12), (6, 11), (3, 6), (11, 13), (2, 10), (3, 9), (2, 13), (4, 10), (3, 12), (4, 13), (8, 11), (0, 3), (1, 2), (1, 8), (0, 6), (7, 12), (1, 5), (0, 9), (6, 10), (5, 8), (6, 7)]","[1.0, 1.0, 1.0, 1.0, 1.0, 1.0, 1.0, 1.0, 1.0, 1.0, 1.0, 1.0, 1.0, 1.0, 1.0, 1.0, 1.0, 1.0, 1.0, 1.0, 1.0, 1.0, 1.0, 1.0, 1.0, 1.0, 1.0, 1.0, 1.0, 1.0, 1.0, 1.0, 1.0, 1.0, 1.0, 1.0, 1.0, 1.0, 1.0, 1.0, 1.0, 1.0, 1.0, 1.0, 1.0, 1.0, 1.0, 1.0, 1.0, 1.0, 1.0, 1.0, 1.0, 1.0, 1.0, 1.0, 1.0, 1.0, 1.0, 1.0, 1.0, 1.0, 1.0, 1.0, 1.0, 1.0]"
07eb6db0,14,21,2,10.0,False,False,"[1, 1, 1]",12.107543006649378,,,,,,,,,,,7.058850579912682,,0.5830126373316213,,,,9.756534814834595,9.756534814834595,False,,0.0,0.0,,,9.771705389022827,2026-07-21 08:54:54,x86_64,dacsgpu0002,,64,64,3.11.15,0.23,False,True,adam,True,1,20,hamqaoa,0.01,False,False,hog,False,True,False,False,False,False,False,1,HOG_graphs/random_graphs_8to14vertices_78instances_20260625_143415_AdjacencyList.txt,False,0,32,1,5,1,,69,"[(5, 11), (2, 3), (3, 11), (4, 6), (4, 12), (1, 10), (1, 13), (3, 13), (7, 10), (8, 9), (0, 7), (6, 8), (5, 9), (2, 4), (11, 13), (1, 2), (7, 12), (0, 12), (0, 9), (6, 10), (5, 8)]","[1.0, 1.0, 1.0, 1.0, 1.0, 1.0, 1.0, 1.0, 1.0, 1.0, 1.0, 1.0, 1.0, 1.0, 1.0, 1.0, 1.0, 1.0, 1.0, 1.0, 1.0]"
245a7b14,14,46,1,50.0,False,False,"[1, 1, 1]",19.160847593323137,,,,,,,,,,,13.183919181899663,,0.688065552303322,,,,12.411628007888794,12.411628007888794,False,,0.0,0.0,,,12.423827648162842,2026-07-21 08:54:54,x86_64,dacsgpu0002,,64,64,3.11.15,0.22,False,False,adam,True,1,20,hamqaoa,0.01,False,False,hog,False,True,False,False,False,False,False,1,HOG_graphs/random_graphs_8to14vertices_78instances_20260625_143415_AdjacencyList.txt,False,0,32,1,5,1,,67,"[(3, 8), (2, 6), (3, 5), (11, 12), (4, 6), (4, 12), (2, 12), (7, 11), (1, 4), (1, 10), (0, 2), (0, 8), (1, 7), (9, 11), (0, 11), (12, 13), (5, 7), (5, 13), (3, 7), (2, 11), (4, 11), (7, 10), (8, 9), (0, 1), (0, 10), (10, 12), (1, 9), (0, 7), (0, 13), (1, 12), (5, 12), (6, 11), (11, 13), (2, 10), (3, 9), (2, 13), (4, 10), (4, 13), (7, 9), (0, 3), (0, 6), (0, 12), (1, 11), (0, 9), (6, 7), (6, 13)]","[1.0, 1.0, 1.0, 1.0, 1.0, 1.0, 1.0, 1.0, 1.0, 1.0, 1.0, 1.0, 1.0, 1.0, 1.0, 1.0, 1.0, 1.0, 1.0, 1.0, 1.0, 1.0, 1.0, 1.0, 1.0, 1.0, 1.0, 1.0, 1.0, 1.0, 1.0, 1.0, 1.0, 1.0, 1.0, 1.0, 1.0, 1.0, 1.0, 1.0, 1.0, 1.0, 1.0, 1.0, 1.0, 1.0]"
46b9e68f,14,28,2,5.0,False,False,"[1, 1, 1]",14.382823791568981,,,,,,,,,,,8.148399553456516,,0.5665368408554792,,,,9.366811990737915,9.366811990737915,False,,0.0,0.0,,,9.378365516662598,2026-07-21 08:54:55,x86_64,dacsgpu0002,,64,64,3.11.15,0.23,False,False,adam,True,1,20,hamqaoa,0.01,False,False,hog,False,True,False,False,False,False,False,1,HOG_graphs/random_graphs_8to14vertices_78instances_20260625_143415_AdjacencyList.txt,False,0,32,1,5,1,,70,"[(3, 8), (2, 6), (3, 5), (11, 12), (4, 12), (7, 8), (8, 13), (0, 2), (12, 13), (6, 12), (4, 5), (3, 7), (4, 11), (7, 10), (8, 9), (7, 13), (0, 1), (5, 9), (2, 10), (3, 9), (4, 13), (1, 2), (10, 11), (0, 6), (1, 5), (1, 11), (0, 9), (6, 10)]","[1.0, 1.0, 1.0, 1.0, 1.0, 1.0, 1.0, 1.0, 1.0, 1.0, 1.0, 1.0, 1.0, 1.0, 1.0, 1.0, 1.0, 1.0, 1.0, 1.0, 1.0, 1.0, 1.0, 1.0, 1.0, 1.0, 1.0, 1.0]"
701d1af8,13,39,2,50.0,False,False,"[1, 1, 1]",16.847159005026146,,,,,,,,,,,12.063786753829245,,0.7160724695617914,,,,21.57706356048584,21.57706356048584,False,,0.0,0.0,,,21.585127353668213,2026-07-21 08:54:56,x86_64,dacsgpu0002,,64,64,3.11.15,0.22,False,False,adam,True,1,20,hamqaoa,0.01,False,False,hog,False,True,False,False,False,False,False,1,HOG_graphs/random_graphs_8to14vertices_78instances_20260625_143415_AdjacencyList.txt,False,0,32,1,5,1,,65,"[(3, 5), (11, 12), (2, 9), (4, 12), (2, 12), (7, 8), (1, 4), (0, 2), (1, 7), (0, 11), (5, 10), (6, 9), (5, 7), (3, 4), (2, 8), (4, 5), (2, 5), (3, 10), (7, 10), (0, 1), (8, 12), (9, 10), (1, 6), (10, 12), (1, 12), (6, 8), (5, 12), (6, 11), (2, 4), (2, 7), (4, 10), (4, 7), (8, 11), (9, 12), (1, 2), (1, 8), (10, 11), (1, 5), (1, 11)]","[1.0, 1.0, 1.0, 1.0, 1.0, 1.0, 1.0, 1.0, 1.0, 1.0, 1.0, 1.0, 1.0, 1.0, 1.0, 1.0, 1.0, 1.0, 1.0, 1.0, 1.0, 1.0, 1.0, 1.0, 1.0, 1.0, 1.0, 1.0, 1.0, 1.0, 1.0, 1.0, 1.0, 1.0, 1.0, 1.0, 1.0, 1.0, 1.0]"
8477bba2,14,35,1,5.0,False,False,"[1, 1, 1]",17.142846671255334,,,,,,,,,,,10.237866770501501,,0.5972092597472788,,,,4.035287618637085,4.035287618637085,False,,0.0,0.0,,,4.047265529632568,2026-07-21 08:54:57,x86_64,dacsgpu0002,,64,64,3.11.15,0.22,False,False,adam,True,1,20,hamqaoa,0.01,False,False,hog,False,True,False,False,False,False,False,1,HOG_graphs/random_graphs_8to14vertices_78instances_20260625_143415_AdjacencyList.txt,False,0,32,1,5,1,,71,"[(3, 8), (2, 6), (3, 11), (2, 9), (4, 9), (7, 11), (8, 10), (1, 4), (9, 11), (10, 13), (0, 11), (5, 10), (6, 12), (4, 5), (3, 7), (3, 13), (2, 5), (7, 10), (1, 3), (0, 1), (8, 12), (0, 4), (1, 9), (5, 6), (11, 13), (2, 7), (2, 13), (4, 10), (9, 12), (7, 12), (1, 8), (0, 6), (0, 12), (5, 8), (6, 13)]","[1.0, 1.0, 1.0, 1.0, 1.0, 1.0, 1.0, 1.0, 1.0, 1.0, 1.0, 1.0, 1.0, 1.0, 1.0, 1.0, 1.0, 1.0, 1.0, 1.0, 1.0, 1.0, 1.0, 1.0, 1.0, 1.0, 1.0, 1.0, 1.0, 1.0, 1.0, 1.0, 1.0, 1.0, 1.0]"
2fbc0d4c,14,20,2,50.0,False,False,"[1, 1, 1]",10.92869892895262,,,,,,,,,,,8.540594634782803,,0.7814832021913255,,,,20.810312747955322,20.810312747955322,False,,0.0,0.0,,,20.818613052368164,2026-07-21 08:54:57,x86_64,dacsgpu0002,,64,64,3.11.15,0.23,False,False,adam,True,1,20,hamqaoa,0.01,False,False,hog,False,True,False,False,False,False,False,1,HOG_graphs/random_graphs_8to14vertices_78instances_20260625_143415_AdjacencyList.txt,False,0,32,1,5,1,,66,"[(2, 6), (4, 6), (2, 12), (8, 10), (0, 8), (1, 13), (12, 13), (5, 10), (6, 9), (4, 8), (3, 10), (7, 10), (0, 1), (9, 10), (0, 10), (0, 13), (6, 11), (2, 13), (3, 12), (1, 8)]","[1.0, 1.0, 1.0, 1.0, 1.0, 1.0, 1.0, 1.0, 1.0, 1.0, 1.0, 1.0, 1.0, 1.0, 1.0, 1.0, 1.0, 1.0, 1.0, 1.0]"
151b601e,14,28,2,10.0,False,False,"[1, 1, 1]",14.382823791568981,,,,,,,,,,,9.785219750634425,,0.6803406544110198,,,,10.833492517471313,10.833492517471313,False,,0.0,0.0,,,10.853070259094238,2026-07-21 08:54:57,x86_64,dacsgpu0002,,64,64,3.11.15,0.23,False,False,adam,True,1,20,hamqaoa,0.01,False,False,hog,False,True,False,False,False,False,False,1,HOG_graphs/random_graphs_8to14vertices_78instances_20260625_143415_AdjacencyList.txt,False,0,32,1,5,1,,70,"[(3, 8), (2, 6), (3, 5), (11, 12), (4, 12), (7, 8), (8, 13), (0, 2), (12, 13), (6, 12), (4, 5), (3, 7), (4, 11), (7, 10), (8, 9), (7, 13), (0, 1), (5, 9), (2, 10), (3, 9), (4, 13), (1, 2), (10, 11), (0, 6), (1, 5), (1, 11), (0, 9), (6, 10)]","[1.0, 1.0, 1.0, 1.0, 1.0, 1.0, 1.0, 1.0, 1.0, 1.0, 1.0, 1.0, 1.0, 1.0, 1.0, 1.0, 1.0, 1.0, 1.0, 1.0, 1.0, 1.0, 1.0, 1.0, 1.0, 1.0, 1.0, 1.0]"
066f4be0,14,66,2,5.0,False,False,"[1, 1, 1]",24.9091276381742,,,,,,,,,,,18.9424364359534,,0.7604616553059603,,,,15.18200969696045,15.18200969696045,False,,0.0,0.0,,,15.195340394973755,2026-07-21 08:54:58,x86_64,dacsgpu0002,,64,64,3.11.15,0.23,False,False,adam,True,1,20,hamqaoa,0.01,False,False,hog,False,True,False,False,False,False,False,1,HOG_graphs/random_graphs_8to14vertices_78instances_20260625_143415_AdjacencyList.txt,False,0,32,1,5,1,,68,"[(5, 11), (2, 3), (3, 8), (2, 6), (3, 5), (3, 11), (11, 12), (4, 6), (4, 12), (4, 9), (7, 8), (8, 13), (7, 11), (0, 5), (8, 10), (1, 4), (0, 2), (0, 8), (1, 10), (1, 7), (9, 11), (0, 11), (12, 13), (5, 7), (5, 13), (6, 12), (4, 5), (3, 7), (3, 13), (4, 8), (4, 11), (7, 10), (1, 3), (0, 1), (7, 13), (8, 12), (1, 6), (0, 4), (9, 10), (1, 9), (0, 7), (0, 13), (1, 12), (6, 8), (5, 6), (5, 12), (6, 11), (3, 6), (11, 13), (2, 10), (3, 9), (2, 13), (4, 10), (3, 12), (4, 13), (8, 11), (0, 3), (1, 2), (1, 8), (0, 6), (7, 12), (1, 5), (0, 9), (6, 10), (5, 8), (6, 7)]","[1.0, 1.0, 1.0, 1.0, 1.0, 1.0, 1.0, 1.0, 1.0, 1.0, 1.0, 1.0, 1.0, 1.0, 1.0, 1.0, 1.0, 1.0, 1.0, 1.0, 1.0, 1.0, 1.0, 1.0, 1.0, 1.0, 1.0, 1.0, 1.0, 1.0, 1.0, 1.0, 1.0, 1.0, 1.0, 1.0, 1.0, 1.0, 1.0, 1.0, 1.0, 1.0, 1.0, 1.0, 1.0, 1.0, 1.0, 1.0, 1.0, 1.0, 1.0, 1.0, 1.0, 1.0, 1.0, 1.0, 1.0, 1.0, 1.0, 1.0, 1.0, 1.0, 1.0, 1.0, 1.0, 1.0]"
7c20ea87,14,24,1,5.0,False,False,"[1, 1, 1]",12.41027208807876,,,,,,,,,,,6.332600391320153,,0.5102708745123498,,,,3.2704689502716064,3.2704689502716064,False,,0.0,0.0,,,3.278529167175293,2026-07-21 08:54:58,x86_64,dacsgpu0002,,64,64,3.11.15,0.22,False,False,adam,True,1,20,hamqaoa,0.01,False,False,hog,False,True,False,False,False,False,False,1,HOG_graphs/random_graphs_8to14vertices_78instances_20260625_143415_AdjacencyList.txt,False,0,32,1,5,1,,72,"[(3, 8), (3, 5), (4, 12), (7, 8), (7, 11), (0, 5), (8, 10), (1, 4), (0, 2), (3, 7), (3, 10), (1, 3), (0, 1), (7, 13), (0, 4), (1, 9), (0, 13), (5, 6), (6, 11), (5, 9), (3, 6), (0, 3), (0, 12), (6, 7)]","[1.0, 1.0, 1.0, 1.0, 1.0, 1.0, 1.0, 1.0, 1.0, 1.0, 1.0, 1.0, 1.0, 1.0, 1.0, 1.0, 1.0, 1.0, 1.0, 1.0, 1.0, 1.0, 1.0, 1.0]"
6d462d5f,14,35,1,10.0,False,False,"[1, 1, 1]",17.142846671255334,,,,,,,,,,,9.147502867203201,,0.5336046598690921,,,,4.712517261505127,4.712517261505127,False,,0.0,0.0,,,4.734667062759399,2026-07-21 08:54:58,x86_64,dacsgpu0002,,64,64,3.11.15,0.22,False,False,adam,True,1,20,hamqaoa,0.01,False,False,hog,False,True,False,False,False,False,False,1,HOG_graphs/random_graphs_8to14vertices_78instances_20260625_143415_AdjacencyList.txt,False,0,32,1,5,1,,71,"[(3, 8), (2, 6), (3, 11), (2, 9), (4, 9), (7, 11), (8, 10), (1, 4), (9, 11), (10, 13), (0, 11), (5, 10), (6, 12), (4, 5), (3, 7), (3, 13), (2, 5), (7, 10), (1, 3), (0, 1), (8, 12), (0, 4), (1, 9), (5, 6), (11, 13), (2, 7), (2, 13), (4, 10), (9, 12), (7, 12), (1, 8), (0, 6), (0, 12), (5, 8), (6, 13)]","[1.0, 1.0, 1.0, 1.0, 1.0, 1.0, 1.0, 1.0, 1.0, 1.0, 1.0, 1.0, 1.0, 1.0, 1.0, 1.0, 1.0, 1.0, 1.0, 1.0, 1.0, 1.0, 1.0, 1.0, 1.0, 1.0, 1.0, 1.0, 1.0, 1.0, 1.0, 1.0, 1.0, 1.0, 1.0]"
764e6306,14,21,2,25.0,False,False,"[1, 1, 1]",12.107543006649378,,,,,,,,,,,8.150486853387205,,0.6731743053822741,,,,14.130393266677856,14.130393266677856,False,,0.0,0.0,,,14.154762983322144,2026-07-21 08:54:59,x86_64,dacsgpu0002,,64,64,3.11.15,0.23,False,True,adam,True,1,20,hamqaoa,0.01,False,False,hog,False,True,False,False,False,False,False,1,HOG_graphs/random_graphs_8to14vertices_78instances_20260625_143415_AdjacencyList.txt,False,0,32,1,5,1,,69,"[(5, 11), (2, 3), (3, 11), (4, 6), (4, 12), (1, 10), (1, 13), (3, 13), (7, 10), (8, 9), (0, 7), (6, 8), (5, 9), (2, 4), (11, 13), (1, 2), (7, 12), (0, 12), (0, 9), (6, 10), (5, 8)]","[1.0, 1.0, 1.0, 1.0, 1.0, 1.0, 1.0, 1.0, 1.0, 1.0, 1.0, 1.0, 1.0, 1.0, 1.0, 1.0, 1.0, 1.0, 1.0, 1.0, 1.0]"
49cde2c8,14,66,1,50.0,False,False,"[1, 1, 1]",24.9091276381742,,,,,,,,,,,18.996583212983793,,0.7626354278208762,,,,15.681469678878784,15.681469678878784,False,,0.0,0.0,,,15.697983503341675,2026-07-21 08:54:59,x86_64,dacsgpu0002,,64,64,3.11.15,0.22,False,False,adam,True,1,20,hamqaoa,0.01,False,False,hog,False,True,False,False,False,False,False,1,HOG_graphs/random_graphs_8to14vertices_78instances_20260625_143415_AdjacencyList.txt,False,0,32,1,5,1,,68,"[(5, 11), (2, 3), (3, 8), (2, 6), (3, 5), (3, 11), (11, 12), (4, 6), (4, 12), (4, 9), (7, 8), (8, 13), (7, 11), (0, 5), (8, 10), (1, 4), (0, 2), (0, 8), (1, 10), (1, 7), (9, 11), (0, 11), (12, 13), (5, 7), (5, 13), (6, 12), (4, 5), (3, 7), (3, 13), (4, 8), (4, 11), (7, 10), (1, 3), (0, 1), (7, 13), (8, 12), (1, 6), (0, 4), (9, 10), (1, 9), (0, 7), (0, 13), (1, 12), (6, 8), (5, 6), (5, 12), (6, 11), (3, 6), (11, 13), (2, 10), (3, 9), (2, 13), (4, 10), (3, 12), (4, 13), (8, 11), (0, 3), (1, 2), (1, 8), (0, 6), (7, 12), (1, 5), (0, 9), (6, 10), (5, 8), (6, 7)]","[1.0, 1.0, 1.0, 1.0, 1.0, 1.0, 1.0, 1.0, 1.0, 1.0, 1.0, 1.0, 1.0, 1.0, 1.0, 1.0, 1.0, 1.0, 1.0, 1.0, 1.0, 1.0, 1.0, 1.0, 1.0, 1.0, 1.0, 1.0, 1.0, 1.0, 1.0, 1.0, 1.0, 1.0, 1.0, 1.0, 1.0, 1.0, 1.0, 1.0, 1.0, 1.0, 1.0, 1.0, 1.0, 1.0, 1.0, 1.0, 1.0, 1.0, 1.0, 1.0, 1.0, 1.0, 1.0, 1.0, 1.0, 1.0, 1.0, 1.0, 1.0, 1.0, 1.0, 1.0, 1.0, 1.0]"
46befee4,14,35,1,25.0,False,False,"[1, 1, 1]",17.142846671255334,,,,,,,,,,,11.649450756266114,,0.6795517092152262,,,,6.5749671459198,6.5749671459198,False,,0.0,0.0,,,6.585364818572998,2026-07-21 08:55:00,x86_64,dacsgpu0002,,64,64,3.11.15,0.22,False,False,adam,True,1,20,hamqaoa,0.01,False,False,hog,False,True,False,False,False,False,False,1,HOG_graphs/random_graphs_8to14vertices_78instances_20260625_143415_AdjacencyList.txt,False,0,32,1,5,1,,71,"[(3, 8), (2, 6), (3, 11), (2, 9), (4, 9), (7, 11), (8, 10), (1, 4), (9, 11), (10, 13), (0, 11), (5, 10), (6, 12), (4, 5), (3, 7), (3, 13), (2, 5), (7, 10), (1, 3), (0, 1), (8, 12), (0, 4), (1, 9), (5, 6), (11, 13), (2, 7), (2, 13), (4, 10), (9, 12), (7, 12), (1, 8), (0, 6), (0, 12), (5, 8), (6, 13)]","[1.0, 1.0, 1.0, 1.0, 1.0, 1.0, 1.0, 1.0, 1.0, 1.0, 1.0, 1.0, 1.0, 1.0, 1.0, 1.0, 1.0, 1.0, 1.0, 1.0, 1.0, 1.0, 1.0, 1.0, 1.0, 1.0, 1.0, 1.0, 1.0, 1.0, 1.0, 1.0, 1.0, 1.0, 1.0]"
fe4ff6ac,14,66,2,10.0,False,False,"[1, 1, 1]",24.9091276381742,,,,,,,,,,,18.299375417157744,,0.7346453750998989,,,,17.660847425460815,17.660847425460815,False,,0.0,0.0,,,17.671555757522583,2026-07-21 08:55:00,x86_64,dacsgpu0002,,64,64,3.11.15,0.23,False,False,adam,True,1,20,hamqaoa,0.01,False,False,hog,False,True,False,False,False,False,False,1,HOG_graphs/random_graphs_8to14vertices_78instances_20260625_143415_AdjacencyList.txt,False,0,32,1,5,1,,68,"[(5, 11), (2, 3), (3, 8), (2, 6), (3, 5), (3, 11), (11, 12), (4, 6), (4, 12), (4, 9), (7, 8), (8, 13), (7, 11), (0, 5), (8, 10), (1, 4), (0, 2), (0, 8), (1, 10), (1, 7), (9, 11), (0, 11), (12, 13), (5, 7), (5, 13), (6, 12), (4, 5), (3, 7), (3, 13), (4, 8), (4, 11), (7, 10), (1, 3), (0, 1), (7, 13), (8, 12), (1, 6), (0, 4), (9, 10), (1, 9), (0, 7), (0, 13), (1, 12), (6, 8), (5, 6), (5, 12), (6, 11), (3, 6), (11, 13), (2, 10), (3, 9), (2, 13), (4, 10), (3, 12), (4, 13), (8, 11), (0, 3), (1, 2), (1, 8), (0, 6), (7, 12), (1, 5), (0, 9), (6, 10), (5, 8), (6, 7)]","[1.0, 1.0, 1.0, 1.0, 1.0, 1.0, 1.0, 1.0, 1.0, 1.0, 1.0, 1.0, 1.0, 1.0, 1.0, 1.0, 1.0, 1.0, 1.0, 1.0, 1.0, 1.0, 1.0, 1.0, 1.0, 1.0, 1.0, 1.0, 1.0, 1.0, 1.0, 1.0, 1.0, 1.0, 1.0, 1.0, 1.0, 1.0, 1.0, 1.0, 1.0, 1.0, 1.0, 1.0, 1.0, 1.0, 1.0, 1.0, 1.0, 1.0, 1.0, 1.0, 1.0, 1.0, 1.0, 1.0, 1.0, 1.0, 1.0, 1.0, 1.0, 1.0, 1.0, 1.0, 1.0, 1.0]"
7e88960f,14,28,1,50.0,False,False,"[1, 1, 1]",14.382823791568981,,,,,,,,,,,9.850997315111632,,0.6849139958793179,,,,8.724600791931152,8.724600791931152,False,,0.0,0.0,,,8.743982553482056,2026-07-21 08:55:01,x86_64,dacsgpu0002,,64,64,3.11.15,0.22,False,False,adam,True,1,20,hamqaoa,0.01,False,False,hog,False,True,False,False,False,False,False,1,HOG_graphs/random_graphs_8to14vertices_78instances_20260625_143415_AdjacencyList.txt,False,0,32,1,5,1,,70,"[(3, 8), (2, 6), (3, 5), (11, 12), (4, 12), (7, 8), (8, 13), (0, 2), (12, 13), (6, 12), (4, 5), (3, 7), (4, 11), (7, 10), (8, 9), (7, 13), (0, 1), (5, 9), (2, 10), (3, 9), (4, 13), (1, 2), (10, 11), (0, 6), (1, 5), (1, 11), (0, 9), (6, 10)]","[1.0, 1.0, 1.0, 1.0, 1.0, 1.0, 1.0, 1.0, 1.0, 1.0, 1.0, 1.0, 1.0, 1.0, 1.0, 1.0, 1.0, 1.0, 1.0, 1.0, 1.0, 1.0, 1.0, 1.0, 1.0, 1.0, 1.0, 1.0]"
6d534a5d,14,46,2,25.0,False,False,"[1, 1, 1]",19.160847593323137,,,,,,,,,,,13.439043972327452,,0.7013804533892579,,,,20.926609754562378,20.926609754562378,False,,0.0,0.0,,,20.9388906955719,2026-07-21 08:55:03,x86_64,dacsgpu0002,,64,64,3.11.15,0.23,False,False,adam,True,1,20,hamqaoa,0.01,False,False,hog,False,True,False,False,False,False,False,1,HOG_graphs/random_graphs_8to14vertices_78instances_20260625_143415_AdjacencyList.txt,False,0,32,1,5,1,,67,"[(3, 8), (2, 6), (3, 5), (11, 12), (4, 6), (4, 12), (2, 12), (7, 11), (1, 4), (1, 10), (0, 2), (0, 8), (1, 7), (9, 11), (0, 11), (12, 13), (5, 7), (5, 13), (3, 7), (2, 11), (4, 11), (7, 10), (8, 9), (0, 1), (0, 10), (10, 12), (1, 9), (0, 7), (0, 13), (1, 12), (5, 12), (6, 11), (11, 13), (2, 10), (3, 9), (2, 13), (4, 10), (4, 13), (7, 9), (0, 3), (0, 6), (0, 12), (1, 11), (0, 9), (6, 7), (6, 13)]","[1.0, 1.0, 1.0, 1.0, 1.0, 1.0, 1.0, 1.0, 1.0, 1.0, 1.0, 1.0, 1.0, 1.0, 1.0, 1.0, 1.0, 1.0, 1.0, 1.0, 1.0, 1.0, 1.0, 1.0, 1.0, 1.0, 1.0, 1.0, 1.0, 1.0, 1.0, 1.0, 1.0, 1.0, 1.0, 1.0, 1.0, 1.0, 1.0, 1.0, 1.0, 1.0, 1.0, 1.0, 1.0, 1.0]"
cbc9e760,14,28,2,25.0,False,False,"[1, 1, 1]",14.382823791568981,,,,,,,,,,,8.83090205988406,,0.6139894493500377,,,,15.723812103271484,15.723812103271484,False,,0.0,0.0,,,15.747071743011475,2026-07-21 08:55:03,x86_64,dacsgpu0002,,64,64,3.11.15,0.22,False,False,adam,True,1,20,hamqaoa,0.01,False,False,hog,False,True,False,False,False,False,False,1,HOG_graphs/random_graphs_8to14vertices_78instances_20260625_143415_AdjacencyList.txt,False,0,32,1,5,1,,70,"[(3, 8), (2, 6), (3, 5), (11, 12), (4, 12), (7, 8), (8, 13), (0, 2), (12, 13), (6, 12), (4, 5), (3, 7), (4, 11), (7, 10), (8, 9), (7, 13), (0, 1), (5, 9), (2, 10), (3, 9), (4, 13), (1, 2), (10, 11), (0, 6), (1, 5), (1, 11), (0, 9), (6, 10)]","[1.0, 1.0, 1.0, 1.0, 1.0, 1.0, 1.0, 1.0, 1.0, 1.0, 1.0, 1.0, 1.0, 1.0, 1.0, 1.0, 1.0, 1.0, 1.0, 1.0, 1.0, 1.0, 1.0, 1.0, 1.0, 1.0, 1.0, 1.0]"
62441e2e,14,35,2,5.0,False,False,"[1, 1, 1]",17.142846671255334,,,,,,,,,,,10.488909009366143,,0.6118533992929929,,,,10.09241008758545,10.09241008758545,False,,0.0,0.0,,,10.10196566581726,2026-07-21 08:55:03,x86_64,dacsgpu0002,,64,64,3.11.15,0.23,False,False,adam,True,1,20,hamqaoa,0.01,False,False,hog,False,True,False,False,False,False,False,1,HOG_graphs/random_graphs_8to14vertices_78instances_20260625_143415_AdjacencyList.txt,False,0,32,1,5,1,,71,"[(3, 8), (2, 6), (3, 11), (2, 9), (4, 9), (7, 11), (8, 10), (1, 4), (9, 11), (10, 13), (0, 11), (5, 10), (6, 12), (4, 5), (3, 7), (3, 13), (2, 5), (7, 10), (1, 3), (0, 1), (8, 12), (0, 4), (1, 9), (5, 6), (11, 13), (2, 7), (2, 13), (4, 10), (9, 12), (7, 12), (1, 8), (0, 6), (0, 12), (5, 8), (6, 13)]","[1.0, 1.0, 1.0, 1.0, 1.0, 1.0, 1.0, 1.0, 1.0, 1.0, 1.0, 1.0, 1.0, 1.0, 1.0, 1.0, 1.0, 1.0, 1.0, 1.0, 1.0, 1.0, 1.0, 1.0, 1.0, 1.0, 1.0, 1.0, 1.0, 1.0, 1.0, 1.0, 1.0, 1.0, 1.0]"
ecbfb8ad,14,24,1,10.0,False,False,"[1, 1, 1]",12.41027208807876,,,,,,,,,,,6.955092298090075,,0.5604302829726916,,,,4.278263092041016,4.278263092041016,False,,0.0,0.0,,,4.287609338760376,2026-07-21 08:55:04,x86_64,dacsgpu0002,,64,64,3.11.15,0.22,False,False,adam,True,1,20,hamqaoa,0.01,False,False,hog,False,True,False,False,False,False,False,1,HOG_graphs/random_graphs_8to14vertices_78instances_20260625_143415_AdjacencyList.txt,False,0,32,1,5,1,,72,"[(3, 8), (3, 5), (4, 12), (7, 8), (7, 11), (0, 5), (8, 10), (1, 4), (0, 2), (3, 7), (3, 10), (1, 3), (0, 1), (7, 13), (0, 4), (1, 9), (0, 13), (5, 6), (6, 11), (5, 9), (3, 6), (0, 3), (0, 12), (6, 7)]","[1.0, 1.0, 1.0, 1.0, 1.0, 1.0, 1.0, 1.0, 1.0, 1.0, 1.0, 1.0, 1.0, 1.0, 1.0, 1.0, 1.0, 1.0, 1.0, 1.0, 1.0, 1.0, 1.0, 1.0]"
61385773,14,35,1,50.0,False,False,"[1, 1, 1]",17.142846671255334,,,,,,,,,,,10.101455920430366,,0.5892519552991288,,,,10.256171941757202,10.256171941757202,False,,0.0,0.0,,,10.26760745048523,2026-07-21 08:55:04,x86_64,dacsgpu0002,,64,64,3.11.15,0.22,False,False,adam,True,1,20,hamqaoa,0.01,False,False,hog,False,True,False,False,False,False,False,1,HOG_graphs/random_graphs_8to14vertices_78instances_20260625_143415_AdjacencyList.txt,False,0,32,1,5,1,,71,"[(3, 8), (2, 6), (3, 11), (2, 9), (4, 9), (7, 11), (8, 10), (1, 4), (9, 11), (10, 13), (0, 11), (5, 10), (6, 12), (4, 5), (3, 7), (3, 13), (2, 5), (7, 10), (1, 3), (0, 1), (8, 12), (0, 4), (1, 9), (5, 6), (11, 13), (2, 7), (2, 13), (4, 10), (9, 12), (7, 12), (1, 8), (0, 6), (0, 12), (5, 8), (6, 13)]","[1.0, 1.0, 1.0, 1.0, 1.0, 1.0, 1.0, 1.0, 1.0, 1.0, 1.0, 1.0, 1.0, 1.0, 1.0, 1.0, 1.0, 1.0, 1.0, 1.0, 1.0, 1.0, 1.0, 1.0, 1.0, 1.0, 1.0, 1.0, 1.0, 1.0, 1.0, 1.0, 1.0, 1.0, 1.0]"
fba4e1a4,14,33,1,5.0,False,False,"[1, 1, 1]",14.997074543021862,,,,,,,,,,,8.544357105285943,,0.5697349226860803,,,,4.171614408493042,4.171614408493042,False,,0.0,0.0,,,4.198405981063843,2026-07-21 08:55:05,x86_64,dacsgpu0002,,64,64,3.11.15,0.22,False,False,adam,True,1,20,hamqaoa,0.01,False,False,hog,False,True,False,False,False,False,False,1,HOG_graphs/random_graphs_8to14vertices_78instances_20260625_143415_AdjacencyList.txt,False,0,32,1,5,1,,73,"[(2, 6), (3, 5), (11, 12), (4, 6), (4, 12), (0, 2), (0, 8), (9, 11), (0, 11), (5, 10), (5, 7), (3, 4), (4, 5), (2, 5), (4, 8), (3, 10), (4, 11), (8, 9), (0, 1), (0, 4), (0, 13), (2, 4), (11, 13), (2, 7), (4, 10), (7, 9), (0, 3), (0, 6), (0, 12), (0, 9), (5, 8), (6, 7), (6, 13)]","[1.0, 1.0, 1.0, 1.0, 1.0, 1.0, 1.0, 1.0, 1.0, 1.0, 1.0, 1.0, 1.0, 1.0, 1.0, 1.0, 1.0, 1.0, 1.0, 1.0, 1.0, 1.0, 1.0, 1.0, 1.0, 1.0, 1.0, 1.0, 1.0, 1.0, 1.0, 1.0, 1.0]"
944459d9,14,35,2,10.0,False,False,"[1, 1, 1]",17.142846671255334,,,,,,,,,,,10.667486928048021,,0.6222704509126233,,,,12.177558422088623,12.177558422088623,False,,0.0,0.0,,,12.183855772018433,2026-07-21 08:55:05,x86_64,dacsgpu0002,,64,64,3.11.15,0.23,False,False,adam,True,1,20,hamqaoa,0.01,False,False,hog,False,True,False,False,False,False,False,1,HOG_graphs/random_graphs_8to14vertices_78instances_20260625_143415_AdjacencyList.txt,False,0,32,1,5,1,,71,"[(3, 8), (2, 6), (3, 11), (2, 9), (4, 9), (7, 11), (8, 10), (1, 4), (9, 11), (10, 13), (0, 11), (5, 10), (6, 12), (4, 5), (3, 7), (3, 13), (2, 5), (7, 10), (1, 3), (0, 1), (8, 12), (0, 4), (1, 9), (5, 6), (11, 13), (2, 7), (2, 13), (4, 10), (9, 12), (7, 12), (1, 8), (0, 6), (0, 12), (5, 8), (6, 13)]","[1.0, 1.0, 1.0, 1.0, 1.0, 1.0, 1.0, 1.0, 1.0, 1.0, 1.0, 1.0, 1.0, 1.0, 1.0, 1.0, 1.0, 1.0, 1.0, 1.0, 1.0, 1.0, 1.0, 1.0, 1.0, 1.0, 1.0, 1.0, 1.0, 1.0, 1.0, 1.0, 1.0, 1.0, 1.0]"
98f9cb16,14,24,1,25.0,False,False,"[1, 1, 1]",12.41027208807876,,,,,,,,,,,7.09813199398159,,0.5719561943206722,,,,5.892565965652466,5.892565965652466,False,,0.0,0.0,,,5.904381275177002,2026-07-21 08:55:06,x86_64,dacsgpu0002,,64,64,3.11.15,0.22,False,False,adam,True,1,20,hamqaoa,0.01,False,False,hog,False,True,False,False,False,False,False,1,HOG_graphs/random_graphs_8to14vertices_78instances_20260625_143415_AdjacencyList.txt,False,0,32,1,5,1,,72,"[(3, 8), (3, 5), (4, 12), (7, 8), (7, 11), (0, 5), (8, 10), (1, 4), (0, 2), (3, 7), (3, 10), (1, 3), (0, 1), (7, 13), (0, 4), (1, 9), (0, 13), (5, 6), (6, 11), (5, 9), (3, 6), (0, 3), (0, 12), (6, 7)]","[1.0, 1.0, 1.0, 1.0, 1.0, 1.0, 1.0, 1.0, 1.0, 1.0, 1.0, 1.0, 1.0, 1.0, 1.0, 1.0, 1.0, 1.0, 1.0, 1.0, 1.0, 1.0, 1.0, 1.0]"
f86b78c8,14,33,1,10.0,False,False,"[1, 1, 1]",14.997074543021862,,,,,,,,,,,9.511897882501646,,0.6342502236162807,,,,4.998171329498291,4.998171329498291,False,,0.0,0.0,,,5.007777214050293,2026-07-21 08:55:06,x86_64,dacsgpu0002,,64,64,3.11.15,0.21,False,False,adam,True,1,20,hamqaoa,0.01,False,False,hog,False,True,False,False,False,False,False,1,HOG_graphs/random_graphs_8to14vertices_78instances_20260625_143415_AdjacencyList.txt,False,0,32,1,5,1,,73,"[(2, 6), (3, 5), (11, 12), (4, 6), (4, 12), (0, 2), (0, 8), (9, 11), (0, 11), (5, 10), (5, 7), (3, 4), (4, 5), (2, 5), (4, 8), (3, 10), (4, 11), (8, 9), (0, 1), (0, 4), (0, 13), (2, 4), (11, 13), (2, 7), (4, 10), (7, 9), (0, 3), (0, 6), (0, 12), (0, 9), (5, 8), (6, 7), (6, 13)]","[1.0, 1.0, 1.0, 1.0, 1.0, 1.0, 1.0, 1.0, 1.0, 1.0, 1.0, 1.0, 1.0, 1.0, 1.0, 1.0, 1.0, 1.0, 1.0, 1.0, 1.0, 1.0, 1.0, 1.0, 1.0, 1.0, 1.0, 1.0, 1.0, 1.0, 1.0, 1.0, 1.0]"
e4403049,14,28,1,5.0,False,False,"[1, 1, 1]",15.054658730907123,,,,,,,,,,,6.9994993709787225,,0.4649390926815759,,,,3.7463223934173584,3.7463223934173584,False,,0.0,0.0,,,3.7592129707336426,2026-07-21 08:55:07,x86_64,dacsgpu0002,,64,64,3.11.15,0.22,False,False,adam,True,1,20,hamqaoa,0.01,False,False,hog,False,True,False,False,False,False,False,1,HOG_graphs/random_graphs_8to14vertices_78instances_20260625_143415_AdjacencyList.txt,False,0,32,1,5,1,,74,"[(2, 3), (3, 5), (11, 12), (4, 6), (4, 12), (7, 8), (0, 5), (0, 2), (9, 11), (1, 13), (5, 7), (2, 8), (4, 5), (1, 3), (0, 1), (9, 10), (1, 6), (10, 12), (0, 13), (2, 4), (11, 13), (3, 12), (8, 11), (7, 9), (1, 2), (10, 11), (0, 12), (6, 7)]","[1.0, 1.0, 1.0, 1.0, 1.0, 1.0, 1.0, 1.0, 1.0, 1.0, 1.0, 1.0, 1.0, 1.0, 1.0, 1.0, 1.0, 1.0, 1.0, 1.0, 1.0, 1.0, 1.0, 1.0, 1.0, 1.0, 1.0, 1.0]"
da2c6425,14,21,2,50.0,False,False,"[1, 1, 1]",12.107543006649378,,,,,,,,,,,7.990693290201157,,0.6599764531757372,,,,21.560612678527832,21.560612678527832,False,,0.0,0.0,,,21.573325157165527,2026-07-21 08:55:07,x86_64,dacsgpu0002,,64,64,3.11.15,0.23,False,True,adam,True,1,20,hamqaoa,0.01,False,False,hog,False,True,False,False,False,False,False,1,HOG_graphs/random_graphs_8to14vertices_78instances_20260625_143415_AdjacencyList.txt,False,0,32,1,5,1,,69,"[(5, 11), (2, 3), (3, 11), (4, 6), (4, 12), (1, 10), (1, 13), (3, 13), (7, 10), (8, 9), (0, 7), (6, 8), (5, 9), (2, 4), (11, 13), (1, 2), (7, 12), (0, 12), (0, 9), (6, 10), (5, 8)]","[1.0, 1.0, 1.0, 1.0, 1.0, 1.0, 1.0, 1.0, 1.0, 1.0, 1.0, 1.0, 1.0, 1.0, 1.0, 1.0, 1.0, 1.0, 1.0, 1.0, 1.0]"
c333467c,14,28,1,10.0,False,False,"[1, 1, 1]",15.054658730907123,,,,,,,,,,,7.5624063103603385,,0.5023299727701409,,,,4.20028281211853,4.20028281211853,False,,0.0,0.0,,,4.208773612976074,2026-07-21 08:55:07,x86_64,dacsgpu0002,,64,64,3.11.15,0.22,False,False,adam,True,1,20,hamqaoa,0.01,False,False,hog,False,True,False,False,False,False,False,1,HOG_graphs/random_graphs_8to14vertices_78instances_20260625_143415_AdjacencyList.txt,False,0,32,1,5,1,,74,"[(2, 3), (3, 5), (11, 12), (4, 6), (4, 12), (7, 8), (0, 5), (0, 2), (9, 11), (1, 13), (5, 7), (2, 8), (4, 5), (1, 3), (0, 1), (9, 10), (1, 6), (10, 12), (0, 13), (2, 4), (11, 13), (3, 12), (8, 11), (7, 9), (1, 2), (10, 11), (0, 12), (6, 7)]","[1.0, 1.0, 1.0, 1.0, 1.0, 1.0, 1.0, 1.0, 1.0, 1.0, 1.0, 1.0, 1.0, 1.0, 1.0, 1.0, 1.0, 1.0, 1.0, 1.0, 1.0, 1.0, 1.0, 1.0, 1.0, 1.0, 1.0, 1.0]"
3d3dfa26,14,24,2,5.0,False,False,"[1, 1, 1]",12.41027208807876,,,,,,,,,,,7.348012022499893,,0.5920911298599452,,,,8.737821102142334,8.737821102142334,False,,0.0,0.0,,,8.744990348815918,2026-07-21 08:55:08,x86_64,dacsgpu0002,,64,64,3.11.15,0.23,False,False,adam,True,1,20,hamqaoa,0.01,False,False,hog,False,True,False,False,False,False,False,1,HOG_graphs/random_graphs_8to14vertices_78instances_20260625_143415_AdjacencyList.txt,False,0,32,1,5,1,,72,"[(3, 8), (3, 5), (4, 12), (7, 8), (7, 11), (0, 5), (8, 10), (1, 4), (0, 2), (3, 7), (3, 10), (1, 3), (0, 1), (7, 13), (0, 4), (1, 9), (0, 13), (5, 6), (6, 11), (5, 9), (3, 6), (0, 3), (0, 12), (6, 7)]","[1.0, 1.0, 1.0, 1.0, 1.0, 1.0, 1.0, 1.0, 1.0, 1.0, 1.0, 1.0, 1.0, 1.0, 1.0, 1.0, 1.0, 1.0, 1.0, 1.0, 1.0, 1.0, 1.0, 1.0]"
bb575c0b,14,33,1,25.0,False,False,"[1, 1, 1]",14.997074543021862,,,,,,,,,,,9.990390582835731,,0.6661559595624108,,,,6.629624843597412,6.629624843597412,False,,0.0,0.0,,,6.639078378677368,2026-07-21 08:55:08,x86_64,dacsgpu0002,,64,64,3.11.15,0.22,False,False,adam,True,1,20,hamqaoa,0.01,False,False,hog,False,True,False,False,False,False,False,1,HOG_graphs/random_graphs_8to14vertices_78instances_20260625_143415_AdjacencyList.txt,False,0,32,1,5,1,,73,"[(2, 6), (3, 5), (11, 12), (4, 6), (4, 12), (0, 2), (0, 8), (9, 11), (0, 11), (5, 10), (5, 7), (3, 4), (4, 5), (2, 5), (4, 8), (3, 10), (4, 11), (8, 9), (0, 1), (0, 4), (0, 13), (2, 4), (11, 13), (2, 7), (4, 10), (7, 9), (0, 3), (0, 6), (0, 12), (0, 9), (5, 8), (6, 7), (6, 13)]","[1.0, 1.0, 1.0, 1.0, 1.0, 1.0, 1.0, 1.0, 1.0, 1.0, 1.0, 1.0, 1.0, 1.0, 1.0, 1.0, 1.0, 1.0, 1.0, 1.0, 1.0, 1.0, 1.0, 1.0, 1.0, 1.0, 1.0, 1.0, 1.0, 1.0, 1.0, 1.0, 1.0]"
98137764,14,24,1,50.0,False,False,"[1, 1, 1]",12.41027208807876,,,,,,,,,,,6.999974247672997,,0.5640467991348179,,,,8.61186146736145,8.61186146736145,False,,0.0,0.0,,,8.620994806289673,2026-07-21 08:55:09,x86_64,dacsgpu0002,,64,64,3.11.15,0.22,False,False,adam,True,1,20,hamqaoa,0.01,False,False,hog,False,True,False,False,False,False,False,1,HOG_graphs/random_graphs_8to14vertices_78instances_20260625_143415_AdjacencyList.txt,False,0,32,1,5,1,,72,"[(3, 8), (3, 5), (4, 12), (7, 8), (7, 11), (0, 5), (8, 10), (1, 4), (0, 2), (3, 7), (3, 10), (1, 3), (0, 1), (7, 13), (0, 4), (1, 9), (0, 13), (5, 6), (6, 11), (5, 9), (3, 6), (0, 3), (0, 12), (6, 7)]","[1.0, 1.0, 1.0, 1.0, 1.0, 1.0, 1.0, 1.0, 1.0, 1.0, 1.0, 1.0, 1.0, 1.0, 1.0, 1.0, 1.0, 1.0, 1.0, 1.0, 1.0, 1.0, 1.0, 1.0]"
58e35471,14,66,2,25.0,False,False,"[1, 1, 1]",24.9091276381742,,,,,,,,,,,18.24392080950466,,0.7324190985133155,,,,26.270308017730713,26.270308017730713,False,,0.0,0.0,,,26.280611276626587,2026-07-21 08:55:09,x86_64,dacsgpu0002,,64,64,3.11.15,0.23,False,False,adam,True,1,20,hamqaoa,0.01,False,False,hog,False,True,False,False,False,False,False,1,HOG_graphs/random_graphs_8to14vertices_78instances_20260625_143415_AdjacencyList.txt,False,0,32,1,5,1,,68,"[(5, 11), (2, 3), (3, 8), (2, 6), (3, 5), (3, 11), (11, 12), (4, 6), (4, 12), (4, 9), (7, 8), (8, 13), (7, 11), (0, 5), (8, 10), (1, 4), (0, 2), (0, 8), (1, 10), (1, 7), (9, 11), (0, 11), (12, 13), (5, 7), (5, 13), (6, 12), (4, 5), (3, 7), (3, 13), (4, 8), (4, 11), (7, 10), (1, 3), (0, 1), (7, 13), (8, 12), (1, 6), (0, 4), (9, 10), (1, 9), (0, 7), (0, 13), (1, 12), (6, 8), (5, 6), (5, 12), (6, 11), (3, 6), (11, 13), (2, 10), (3, 9), (2, 13), (4, 10), (3, 12), (4, 13), (8, 11), (0, 3), (1, 2), (1, 8), (0, 6), (7, 12), (1, 5), (0, 9), (6, 10), (5, 8), (6, 7)]","[1.0, 1.0, 1.0, 1.0, 1.0, 1.0, 1.0, 1.0, 1.0, 1.0, 1.0, 1.0, 1.0, 1.0, 1.0, 1.0, 1.0, 1.0, 1.0, 1.0, 1.0, 1.0, 1.0, 1.0, 1.0, 1.0, 1.0, 1.0, 1.0, 1.0, 1.0, 1.0, 1.0, 1.0, 1.0, 1.0, 1.0, 1.0, 1.0, 1.0, 1.0, 1.0, 1.0, 1.0, 1.0, 1.0, 1.0, 1.0, 1.0, 1.0, 1.0, 1.0, 1.0, 1.0, 1.0, 1.0, 1.0, 1.0, 1.0, 1.0, 1.0, 1.0, 1.0, 1.0, 1.0, 1.0]"
d858d121,14,28,1,25.0,False,False,"[1, 1, 1]",15.054658730907123,,,,,,,,,,,7.624267649229764,,0.5064390887571028,,,,6.146610736846924,6.146610736846924,False,,0.0,0.0,,,6.157896995544434,2026-07-21 08:55:10,x86_64,dacsgpu0002,,64,64,3.11.15,0.21,False,False,adam,True,1,20,hamqaoa,0.01,False,False,hog,False,True,False,False,False,False,False,1,HOG_graphs/random_graphs_8to14vertices_78instances_20260625_143415_AdjacencyList.txt,False,0,32,1,5,1,,74,"[(2, 3), (3, 5), (11, 12), (4, 6), (4, 12), (7, 8), (0, 5), (0, 2), (9, 11), (1, 13), (5, 7), (2, 8), (4, 5), (1, 3), (0, 1), (9, 10), (1, 6), (10, 12), (0, 13), (2, 4), (11, 13), (3, 12), (8, 11), (7, 9), (1, 2), (10, 11), (0, 12), (6, 7)]","[1.0, 1.0, 1.0, 1.0, 1.0, 1.0, 1.0, 1.0, 1.0, 1.0, 1.0, 1.0, 1.0, 1.0, 1.0, 1.0, 1.0, 1.0, 1.0, 1.0, 1.0, 1.0, 1.0, 1.0, 1.0, 1.0, 1.0, 1.0]"
86171a37,14,24,2,10.0,False,False,"[1, 1, 1]",12.41027208807876,,,,,,,,,,,7.905842158525195,,0.6370401956069524,,,,10.188771486282349,10.188771486282349,False,,0.0,0.0,,,10.199851274490356,2026-07-21 08:55:10,x86_64,dacsgpu0002,,64,64,3.11.15,0.23,False,False,adam,True,1,20,hamqaoa,0.01,False,False,hog,False,True,False,False,False,False,False,1,HOG_graphs/random_graphs_8to14vertices_78instances_20260625_143415_AdjacencyList.txt,False,0,32,1,5,1,,72,"[(3, 8), (3, 5), (4, 12), (7, 8), (7, 11), (0, 5), (8, 10), (1, 4), (0, 2), (3, 7), (3, 10), (1, 3), (0, 1), (7, 13), (0, 4), (1, 9), (0, 13), (5, 6), (6, 11), (5, 9), (3, 6), (0, 3), (0, 12), (6, 7)]","[1.0, 1.0, 1.0, 1.0, 1.0, 1.0, 1.0, 1.0, 1.0, 1.0, 1.0, 1.0, 1.0, 1.0, 1.0, 1.0, 1.0, 1.0, 1.0, 1.0, 1.0, 1.0, 1.0, 1.0]"
092217c2,14,33,2,5.0,False,False,"[1, 1, 1]",14.997074543021862,,,,,,,,,,,9.214624943336663,,0.6144281617660043,,,,9.787188529968262,9.787188529968262,False,,0.0,0.0,,,9.79691457748413,2026-07-21 08:55:11,x86_64,dacsgpu0002,,64,64,3.11.15,0.22,False,False,adam,True,1,20,hamqaoa,0.01,False,False,hog,False,True,False,False,False,False,False,1,HOG_graphs/random_graphs_8to14vertices_78instances_20260625_143415_AdjacencyList.txt,False,0,32,1,5,1,,73,"[(2, 6), (3, 5), (11, 12), (4, 6), (4, 12), (0, 2), (0, 8), (9, 11), (0, 11), (5, 10), (5, 7), (3, 4), (4, 5), (2, 5), (4, 8), (3, 10), (4, 11), (8, 9), (0, 1), (0, 4), (0, 13), (2, 4), (11, 13), (2, 7), (4, 10), (7, 9), (0, 3), (0, 6), (0, 12), (0, 9), (5, 8), (6, 7), (6, 13)]","[1.0, 1.0, 1.0, 1.0, 1.0, 1.0, 1.0, 1.0, 1.0, 1.0, 1.0, 1.0, 1.0, 1.0, 1.0, 1.0, 1.0, 1.0, 1.0, 1.0, 1.0, 1.0, 1.0, 1.0, 1.0, 1.0, 1.0, 1.0, 1.0, 1.0, 1.0, 1.0, 1.0]"
f9ae245c,14,35,2,25.0,False,False,"[1, 1, 1]",17.142846671255334,,,,,,,,,,,13.904579134657943,,0.8111009449774038,,,,17.43368673324585,17.43368673324585,False,,0.0,0.0,,,17.445317268371582,2026-07-21 08:55:11,x86_64,dacsgpu0002,,64,64,3.11.15,0.23,False,False,adam,True,1,20,hamqaoa,0.01,False,False,hog,False,True,False,False,False,False,False,1,HOG_graphs/random_graphs_8to14vertices_78instances_20260625_143415_AdjacencyList.txt,False,0,32,1,5,1,,71,"[(3, 8), (2, 6), (3, 11), (2, 9), (4, 9), (7, 11), (8, 10), (1, 4), (9, 11), (10, 13), (0, 11), (5, 10), (6, 12), (4, 5), (3, 7), (3, 13), (2, 5), (7, 10), (1, 3), (0, 1), (8, 12), (0, 4), (1, 9), (5, 6), (11, 13), (2, 7), (2, 13), (4, 10), (9, 12), (7, 12), (1, 8), (0, 6), (0, 12), (5, 8), (6, 13)]","[1.0, 1.0, 1.0, 1.0, 1.0, 1.0, 1.0, 1.0, 1.0, 1.0, 1.0, 1.0, 1.0, 1.0, 1.0, 1.0, 1.0, 1.0, 1.0, 1.0, 1.0, 1.0, 1.0, 1.0, 1.0, 1.0, 1.0, 1.0, 1.0, 1.0, 1.0, 1.0, 1.0, 1.0, 1.0]"
9c2c92db,14,28,2,5.0,False,False,"[1, 1, 1]",15.054658730907123,,,,,,,,,,,7.4783129879912735,,0.4967441057058532,,,,9.176578044891357,9.176578044891357,False,,0.0,0.0,,,9.191212892532349,2026-07-21 08:55:12,x86_64,dacsgpu0002,,64,64,3.11.15,0.22,False,False,adam,True,1,20,hamqaoa,0.01,False,False,hog,False,True,False,False,False,False,False,1,HOG_graphs/random_graphs_8to14vertices_78instances_20260625_143415_AdjacencyList.txt,False,0,32,1,5,1,,74,"[(2, 3), (3, 5), (11, 12), (4, 6), (4, 12), (7, 8), (0, 5), (0, 2), (9, 11), (1, 13), (5, 7), (2, 8), (4, 5), (1, 3), (0, 1), (9, 10), (1, 6), (10, 12), (0, 13), (2, 4), (11, 13), (3, 12), (8, 11), (7, 9), (1, 2), (10, 11), (0, 12), (6, 7)]","[1.0, 1.0, 1.0, 1.0, 1.0, 1.0, 1.0, 1.0, 1.0, 1.0, 1.0, 1.0, 1.0, 1.0, 1.0, 1.0, 1.0, 1.0, 1.0, 1.0, 1.0, 1.0, 1.0, 1.0, 1.0, 1.0, 1.0, 1.0]"
19d1b397,14,33,1,50.0,False,False,"[1, 1, 1]",14.997074543021862,,,,,,,,,,,10.975754833459371,,0.7318597238396998,,,,10.156882524490356,10.156882524490356,False,,0.0,0.0,,,10.177286148071289,2026-07-21 08:55:12,x86_64,dacsgpu0002,,64,64,3.11.15,0.22,False,False,adam,True,1,20,hamqaoa,0.01,False,False,hog,False,True,False,False,False,False,False,1,HOG_graphs/random_graphs_8to14vertices_78instances_20260625_143415_AdjacencyList.txt,False,0,32,1,5,1,,73,"[(2, 6), (3, 5), (11, 12), (4, 6), (4, 12), (0, 2), (0, 8), (9, 11), (0, 11), (5, 10), (5, 7), (3, 4), (4, 5), (2, 5), (4, 8), (3, 10), (4, 11), (8, 9), (0, 1), (0, 4), (0, 13), (2, 4), (11, 13), (2, 7), (4, 10), (7, 9), (0, 3), (0, 6), (0, 12), (0, 9), (5, 8), (6, 7), (6, 13)]","[1.0, 1.0, 1.0, 1.0, 1.0, 1.0, 1.0, 1.0, 1.0, 1.0, 1.0, 1.0, 1.0, 1.0, 1.0, 1.0, 1.0, 1.0, 1.0, 1.0, 1.0, 1.0, 1.0, 1.0, 1.0, 1.0, 1.0, 1.0, 1.0, 1.0, 1.0, 1.0, 1.0]"
396d9876,14,28,1,5.0,False,False,"[1, 1, 1]",14.546821193588992,,,,,,,,,,,8.0829213160197,,0.555648633364791,,,,3.8170337677001953,3.8170337677001953,False,,0.0,0.0,,,3.8308217525482178,2026-07-21 08:55:13,x86_64,dacsgpu0002,,64,64,3.11.15,0.22,False,False,adam,True,1,20,hamqaoa,0.01,False,False,hog,False,True,False,False,False,False,False,1,HOG_graphs/random_graphs_8to14vertices_78instances_20260625_143415_AdjacencyList.txt,False,0,32,1,5,1,,75,"[(2, 3), (3, 5), (11, 12), (4, 6), (7, 8), (0, 5), (8, 10), (10, 13), (1, 10), (0, 2), (0, 8), (12, 13), (5, 10), (6, 9), (4, 5), (3, 10), (8, 9), (1, 3), (9, 10), (10, 12), (6, 8), (2, 4), (2, 10), (11, 13), (7, 9), (0, 12), (6, 7), (6, 13)]","[1.0, 1.0, 1.0, 1.0, 1.0, 1.0, 1.0, 1.0, 1.0, 1.0, 1.0, 1.0, 1.0, 1.0, 1.0, 1.0, 1.0, 1.0, 1.0, 1.0, 1.0, 1.0, 1.0, 1.0, 1.0, 1.0, 1.0, 1.0]"
4c8606ba,14,33,2,10.0,False,False,"[1, 1, 1]",14.997074543021862,,,,,,,,,,,9.33669753381867,,0.6225679219660234,,,,12.045041799545288,12.045041799545288,False,,0.0,0.0,,,12.056313037872314,2026-07-21 08:55:14,x86_64,dacsgpu0002,,64,64,3.11.15,0.23,False,False,adam,True,1,20,hamqaoa,0.01,False,False,hog,False,True,False,False,False,False,False,1,HOG_graphs/random_graphs_8to14vertices_78instances_20260625_143415_AdjacencyList.txt,False,0,32,1,5,1,,73,"[(2, 6), (3, 5), (11, 12), (4, 6), (4, 12), (0, 2), (0, 8), (9, 11), (0, 11), (5, 10), (5, 7), (3, 4), (4, 5), (2, 5), (4, 8), (3, 10), (4, 11), (8, 9), (0, 1), (0, 4), (0, 13), (2, 4), (11, 13), (2, 7), (4, 10), (7, 9), (0, 3), (0, 6), (0, 12), (0, 9), (5, 8), (6, 7), (6, 13)]","[1.0, 1.0, 1.0, 1.0, 1.0, 1.0, 1.0, 1.0, 1.0, 1.0, 1.0, 1.0, 1.0, 1.0, 1.0, 1.0, 1.0, 1.0, 1.0, 1.0, 1.0, 1.0, 1.0, 1.0, 1.0, 1.0, 1.0, 1.0, 1.0, 1.0, 1.0, 1.0, 1.0]"
45e4c2e8,14,46,2,50.0,False,False,"[1, 1, 1]",19.160847593323137,,,,,,,,,,,14.75579298709399,,0.7701012658874157,,,,31.99645495414734,31.99645495414734,False,,0.0,0.0,,,32.00686073303223,2026-07-21 08:55:14,x86_64,dacsgpu0002,,64,64,3.11.15,0.23,False,False,adam,True,1,20,hamqaoa,0.01,False,False,hog,False,True,False,False,False,False,False,1,HOG_graphs/random_graphs_8to14vertices_78instances_20260625_143415_AdjacencyList.txt,False,0,32,1,5,1,,67,"[(3, 8), (2, 6), (3, 5), (11, 12), (4, 6), (4, 12), (2, 12), (7, 11), (1, 4), (1, 10), (0, 2), (0, 8), (1, 7), (9, 11), (0, 11), (12, 13), (5, 7), (5, 13), (3, 7), (2, 11), (4, 11), (7, 10), (8, 9), (0, 1), (0, 10), (10, 12), (1, 9), (0, 7), (0, 13), (1, 12), (5, 12), (6, 11), (11, 13), (2, 10), (3, 9), (2, 13), (4, 10), (4, 13), (7, 9), (0, 3), (0, 6), (0, 12), (1, 11), (0, 9), (6, 7), (6, 13)]","[1.0, 1.0, 1.0, 1.0, 1.0, 1.0, 1.0, 1.0, 1.0, 1.0, 1.0, 1.0, 1.0, 1.0, 1.0, 1.0, 1.0, 1.0, 1.0, 1.0, 1.0, 1.0, 1.0, 1.0, 1.0, 1.0, 1.0, 1.0, 1.0, 1.0, 1.0, 1.0, 1.0, 1.0, 1.0, 1.0, 1.0, 1.0, 1.0, 1.0, 1.0, 1.0, 1.0, 1.0, 1.0, 1.0]"
85b2705e,14,28,2,10.0,False,False,"[1, 1, 1]",15.054658730907123,,,,,,,,,,,9.98350155389787,,0.663150306649051,,,,10.667722463607788,10.667722463607788,False,,0.0,0.0,,,10.678884267807007,2026-07-21 08:55:14,x86_64,dacsgpu0002,,64,64,3.11.15,0.23,False,False,adam,True,1,20,hamqaoa,0.01,False,False,hog,False,True,False,False,False,False,False,1,HOG_graphs/random_graphs_8to14vertices_78instances_20260625_143415_AdjacencyList.txt,False,0,32,1,5,1,,74,"[(2, 3), (3, 5), (11, 12), (4, 6), (4, 12), (7, 8), (0, 5), (0, 2), (9, 11), (1, 13), (5, 7), (2, 8), (4, 5), (1, 3), (0, 1), (9, 10), (1, 6), (10, 12), (0, 13), (2, 4), (11, 13), (3, 12), (8, 11), (7, 9), (1, 2), (10, 11), (0, 12), (6, 7)]","[1.0, 1.0, 1.0, 1.0, 1.0, 1.0, 1.0, 1.0, 1.0, 1.0, 1.0, 1.0, 1.0, 1.0, 1.0, 1.0, 1.0, 1.0, 1.0, 1.0, 1.0, 1.0, 1.0, 1.0, 1.0, 1.0, 1.0, 1.0]"
60935d59,14,28,1,10.0,False,False,"[1, 1, 1]",14.546821193588992,,,,,,,,,,,8.381543160065485,,0.5761769563620787,,,,4.24888277053833,4.24888277053833,False,,0.0,0.0,,,4.260409593582153,2026-07-21 08:55:14,x86_64,dacsgpu0002,,64,64,3.11.15,0.22,False,False,adam,True,1,20,hamqaoa,0.01,False,False,hog,False,True,False,False,False,False,False,1,HOG_graphs/random_graphs_8to14vertices_78instances_20260625_143415_AdjacencyList.txt,False,0,32,1,5,1,,75,"[(2, 3), (3, 5), (11, 12), (4, 6), (7, 8), (0, 5), (8, 10), (10, 13), (1, 10), (0, 2), (0, 8), (12, 13), (5, 10), (6, 9), (4, 5), (3, 10), (8, 9), (1, 3), (9, 10), (10, 12), (6, 8), (2, 4), (2, 10), (11, 13), (7, 9), (0, 12), (6, 7), (6, 13)]","[1.0, 1.0, 1.0, 1.0, 1.0, 1.0, 1.0, 1.0, 1.0, 1.0, 1.0, 1.0, 1.0, 1.0, 1.0, 1.0, 1.0, 1.0, 1.0, 1.0, 1.0, 1.0, 1.0, 1.0, 1.0, 1.0, 1.0, 1.0]"
41d1424a,14,24,2,25.0,False,False,"[1, 1, 1]",12.41027208807876,,,,,,,,,,,9.398385525147336,,0.7573069678444339,,,,14.663758039474487,14.663758039474487,False,,0.0,0.0,,,14.678642272949219,2026-07-21 08:55:15,x86_64,dacsgpu0002,,64,64,3.11.15,0.23,False,False,adam,True,1,20,hamqaoa,0.01,False,False,hog,False,True,False,False,False,False,False,1,HOG_graphs/random_graphs_8to14vertices_78instances_20260625_143415_AdjacencyList.txt,False,0,32,1,5,1,,72,"[(3, 8), (3, 5), (4, 12), (7, 8), (7, 11), (0, 5), (8, 10), (1, 4), (0, 2), (3, 7), (3, 10), (1, 3), (0, 1), (7, 13), (0, 4), (1, 9), (0, 13), (5, 6), (6, 11), (5, 9), (3, 6), (0, 3), (0, 12), (6, 7)]","[1.0, 1.0, 1.0, 1.0, 1.0, 1.0, 1.0, 1.0, 1.0, 1.0, 1.0, 1.0, 1.0, 1.0, 1.0, 1.0, 1.0, 1.0, 1.0, 1.0, 1.0, 1.0, 1.0, 1.0]"
d68a2680,14,42,1,5.0,False,False,"[1, 1, 1]",18.54692541091654,,,,,,,,,,,10.862451127587617,,0.5856739533332077,,,,4.339233875274658,4.339233875274658,False,,0.0,0.0,,,4.355318069458008,2026-07-21 08:55:16,x86_64,dacsgpu0002,,64,64,3.11.15,0.22,False,False,adam,True,1,20,hamqaoa,0.01,False,False,hog,False,True,False,False,False,False,False,1,HOG_graphs/random_graphs_8to14vertices_78instances_20260625_143415_AdjacencyList.txt,False,0,32,1,5,1,,76,"[(3, 5), (11, 12), (4, 6), (2, 12), (7, 8), (8, 13), (8, 10), (1, 4), (9, 11), (0, 8), (10, 13), (12, 13), (5, 10), (6, 9), (5, 7), (3, 4), (4, 5), (2, 5), (2, 11), (4, 8), (3, 10), (7, 10), (1, 3), (0, 1), (9, 10), (0, 10), (0, 13), (1, 12), (6, 8), (3, 6), (2, 4), (11, 13), (2, 7), (2, 13), (4, 7), (8, 11), (9, 12), (1, 2), (10, 11), (0, 6), (0, 12), (5, 8)]","[1.0, 1.0, 1.0, 1.0, 1.0, 1.0, 1.0, 1.0, 1.0, 1.0, 1.0, 1.0, 1.0, 1.0, 1.0, 1.0, 1.0, 1.0, 1.0, 1.0, 1.0, 1.0, 1.0, 1.0, 1.0, 1.0, 1.0, 1.0, 1.0, 1.0, 1.0, 1.0, 1.0, 1.0, 1.0, 1.0, 1.0, 1.0, 1.0, 1.0, 1.0, 1.0]"
69ca84ca,14,28,2,50.0,False,False,"[1, 1, 1]",14.382823791568981,,,,,,,,,,,9.962981442539592,,0.6926999584309556,,,,23.836609363555908,23.836609363555908,False,,0.0,0.0,,,23.847748279571533,2026-07-21 08:55:16,x86_64,dacsgpu0002,,64,64,3.11.15,0.23,False,False,adam,True,1,20,hamqaoa,0.01,False,False,hog,False,True,False,False,False,False,False,1,HOG_graphs/random_graphs_8to14vertices_78instances_20260625_143415_AdjacencyList.txt,False,0,32,1,5,1,,70,"[(3, 8), (2, 6), (3, 5), (11, 12), (4, 12), (7, 8), (8, 13), (0, 2), (12, 13), (6, 12), (4, 5), (3, 7), (4, 11), (7, 10), (8, 9), (7, 13), (0, 1), (5, 9), (2, 10), (3, 9), (4, 13), (1, 2), (10, 11), (0, 6), (1, 5), (1, 11), (0, 9), (6, 10)]","[1.0, 1.0, 1.0, 1.0, 1.0, 1.0, 1.0, 1.0, 1.0, 1.0, 1.0, 1.0, 1.0, 1.0, 1.0, 1.0, 1.0, 1.0, 1.0, 1.0, 1.0, 1.0, 1.0, 1.0, 1.0, 1.0, 1.0, 1.0]"
ccb76ed6,14,28,1,25.0,False,False,"[1, 1, 1]",14.546821193588992,,,,,,,,,,,7.450326631341261,,0.5121618346848681,,,,5.689307928085327,5.689307928085327,False,,0.0,0.0,,,5.6968207359313965,2026-07-21 08:55:16,x86_64,dacsgpu0002,,64,64,3.11.15,0.22,False,False,adam,True,1,20,hamqaoa,0.01,False,False,hog,False,True,False,False,False,False,False,1,HOG_graphs/random_graphs_8to14vertices_78instances_20260625_143415_AdjacencyList.txt,False,0,32,1,5,1,,75,"[(2, 3), (3, 5), (11, 12), (4, 6), (7, 8), (0, 5), (8, 10), (10, 13), (1, 10), (0, 2), (0, 8), (12, 13), (5, 10), (6, 9), (4, 5), (3, 10), (8, 9), (1, 3), (9, 10), (10, 12), (6, 8), (2, 4), (2, 10), (11, 13), (7, 9), (0, 12), (6, 7), (6, 13)]","[1.0, 1.0, 1.0, 1.0, 1.0, 1.0, 1.0, 1.0, 1.0, 1.0, 1.0, 1.0, 1.0, 1.0, 1.0, 1.0, 1.0, 1.0, 1.0, 1.0, 1.0, 1.0, 1.0, 1.0, 1.0, 1.0, 1.0, 1.0]"
efe661f8,14,42,1,10.0,False,False,"[1, 1, 1]",18.54692541091654,,,,,,,,,,,12.997336087050526,,0.7007811698752193,,,,4.9480414390563965,4.9480414390563965,False,,0.0,0.0,,,4.960689067840576,2026-07-21 08:55:17,x86_64,dacsgpu0002,,64,64,3.11.15,0.22,False,False,adam,True,1,20,hamqaoa,0.01,False,False,hog,False,True,False,False,False,False,False,1,HOG_graphs/random_graphs_8to14vertices_78instances_20260625_143415_AdjacencyList.txt,False,0,32,1,5,1,,76,"[(3, 5), (11, 12), (4, 6), (2, 12), (7, 8), (8, 13), (8, 10), (1, 4), (9, 11), (0, 8), (10, 13), (12, 13), (5, 10), (6, 9), (5, 7), (3, 4), (4, 5), (2, 5), (2, 11), (4, 8), (3, 10), (7, 10), (1, 3), (0, 1), (9, 10), (0, 10), (0, 13), (1, 12), (6, 8), (3, 6), (2, 4), (11, 13), (2, 7), (2, 13), (4, 7), (8, 11), (9, 12), (1, 2), (10, 11), (0, 6), (0, 12), (5, 8)]","[1.0, 1.0, 1.0, 1.0, 1.0, 1.0, 1.0, 1.0, 1.0, 1.0, 1.0, 1.0, 1.0, 1.0, 1.0, 1.0, 1.0, 1.0, 1.0, 1.0, 1.0, 1.0, 1.0, 1.0, 1.0, 1.0, 1.0, 1.0, 1.0, 1.0, 1.0, 1.0, 1.0, 1.0, 1.0, 1.0, 1.0, 1.0, 1.0, 1.0, 1.0, 1.0]"
3f3a4ed8,14,28,1,50.0,False,False,"[1, 1, 1]",15.054658730907123,,,,,,,,,,,11.313466255526166,,0.751492707855256,,,,8.58597207069397,8.58597207069397,False,,0.0,0.0,,,8.59660291671753,2026-07-21 08:55:18,x86_64,dacsgpu0002,,64,64,3.11.15,0.22,False,False,adam,True,1,20,hamqaoa,0.01,False,False,hog,False,True,False,False,False,False,False,1,HOG_graphs/random_graphs_8to14vertices_78instances_20260625_143415_AdjacencyList.txt,False,0,32,1,5,1,,74,"[(2, 3), (3, 5), (11, 12), (4, 6), (4, 12), (7, 8), (0, 5), (0, 2), (9, 11), (1, 13), (5, 7), (2, 8), (4, 5), (1, 3), (0, 1), (9, 10), (1, 6), (10, 12), (0, 13), (2, 4), (11, 13), (3, 12), (8, 11), (7, 9), (1, 2), (10, 11), (0, 12), (6, 7)]","[1.0, 1.0, 1.0, 1.0, 1.0, 1.0, 1.0, 1.0, 1.0, 1.0, 1.0, 1.0, 1.0, 1.0, 1.0, 1.0, 1.0, 1.0, 1.0, 1.0, 1.0, 1.0, 1.0, 1.0, 1.0, 1.0, 1.0, 1.0]"
95e3d1b3,14,28,2,5.0,False,False,"[1, 1, 1]",14.546821193588992,,,,,,,,,,,8.817808207390957,,0.6061673605555213,,,,8.408041954040527,8.408041954040527,False,,0.0,0.0,,,8.416792631149292,2026-07-21 08:55:18,x86_64,dacsgpu0002,,64,64,3.11.15,0.22,False,False,adam,True,1,20,hamqaoa,0.01,False,False,hog,False,True,False,False,False,False,False,1,HOG_graphs/random_graphs_8to14vertices_78instances_20260625_143415_AdjacencyList.txt,False,0,32,1,5,1,,75,"[(2, 3), (3, 5), (11, 12), (4, 6), (7, 8), (0, 5), (8, 10), (10, 13), (1, 10), (0, 2), (0, 8), (12, 13), (5, 10), (6, 9), (4, 5), (3, 10), (8, 9), (1, 3), (9, 10), (10, 12), (6, 8), (2, 4), (2, 10), (11, 13), (7, 9), (0, 12), (6, 7), (6, 13)]","[1.0, 1.0, 1.0, 1.0, 1.0, 1.0, 1.0, 1.0, 1.0, 1.0, 1.0, 1.0, 1.0, 1.0, 1.0, 1.0, 1.0, 1.0, 1.0, 1.0, 1.0, 1.0, 1.0, 1.0, 1.0, 1.0, 1.0, 1.0]"
fe77a508,14,33,2,25.0,False,False,"[1, 1, 1]",14.997074543021862,,,,,,,,,,,10.243394666945782,,0.68302618871172,,,,16.492857456207275,16.492857456207275,False,,0.0,0.0,,,16.511427402496338,2026-07-21 08:55:18,x86_64,dacsgpu0002,,64,64,3.11.15,0.23,False,False,adam,True,1,20,hamqaoa,0.01,False,False,hog,False,True,False,False,False,False,False,1,HOG_graphs/random_graphs_8to14vertices_78instances_20260625_143415_AdjacencyList.txt,False,0,32,1,5,1,,73,"[(2, 6), (3, 5), (11, 12), (4, 6), (4, 12), (0, 2), (0, 8), (9, 11), (0, 11), (5, 10), (5, 7), (3, 4), (4, 5), (2, 5), (4, 8), (3, 10), (4, 11), (8, 9), (0, 1), (0, 4), (0, 13), (2, 4), (11, 13), (2, 7), (4, 10), (7, 9), (0, 3), (0, 6), (0, 12), (0, 9), (5, 8), (6, 7), (6, 13)]","[1.0, 1.0, 1.0, 1.0, 1.0, 1.0, 1.0, 1.0, 1.0, 1.0, 1.0, 1.0, 1.0, 1.0, 1.0, 1.0, 1.0, 1.0, 1.0, 1.0, 1.0, 1.0, 1.0, 1.0, 1.0, 1.0, 1.0, 1.0, 1.0, 1.0, 1.0, 1.0, 1.0]"
d760a054,14,42,1,25.0,False,False,"[1, 1, 1]",18.54692541091654,,,,,,,,,,,12.47685642727374,,0.6727183158848519,,,,6.517337083816528,6.517337083816528,False,,0.0,0.0,,,6.533015966415405,2026-07-21 08:55:19,x86_64,dacsgpu0002,,64,64,3.11.15,0.22,False,False,adam,True,1,20,hamqaoa,0.01,False,False,hog,False,True,False,False,False,False,False,1,HOG_graphs/random_graphs_8to14vertices_78instances_20260625_143415_AdjacencyList.txt,False,0,32,1,5,1,,76,"[(3, 5), (11, 12), (4, 6), (2, 12), (7, 8), (8, 13), (8, 10), (1, 4), (9, 11), (0, 8), (10, 13), (12, 13), (5, 10), (6, 9), (5, 7), (3, 4), (4, 5), (2, 5), (2, 11), (4, 8), (3, 10), (7, 10), (1, 3), (0, 1), (9, 10), (0, 10), (0, 13), (1, 12), (6, 8), (3, 6), (2, 4), (11, 13), (2, 7), (2, 13), (4, 7), (8, 11), (9, 12), (1, 2), (10, 11), (0, 6), (0, 12), (5, 8)]","[1.0, 1.0, 1.0, 1.0, 1.0, 1.0, 1.0, 1.0, 1.0, 1.0, 1.0, 1.0, 1.0, 1.0, 1.0, 1.0, 1.0, 1.0, 1.0, 1.0, 1.0, 1.0, 1.0, 1.0, 1.0, 1.0, 1.0, 1.0, 1.0, 1.0, 1.0, 1.0, 1.0, 1.0, 1.0, 1.0, 1.0, 1.0, 1.0, 1.0, 1.0, 1.0]"
91f46406,14,28,1,50.0,False,False,"[1, 1, 1]",14.546821193588992,,,,,,,,,,,7.160134590319678,,0.49221300619789427,,,,8.134922981262207,8.134922981262207,False,,0.0,0.0,,,8.144097805023193,2026-07-21 08:55:19,x86_64,dacsgpu0002,,64,64,3.11.15,0.22,False,False,adam,True,1,20,hamqaoa,0.01,False,False,hog,False,True,False,False,False,False,False,1,HOG_graphs/random_graphs_8to14vertices_78instances_20260625_143415_AdjacencyList.txt,False,0,32,1,5,1,,75,"[(2, 3), (3, 5), (11, 12), (4, 6), (7, 8), (0, 5), (8, 10), (10, 13), (1, 10), (0, 2), (0, 8), (12, 13), (5, 10), (6, 9), (4, 5), (3, 10), (8, 9), (1, 3), (9, 10), (10, 12), (6, 8), (2, 4), (2, 10), (11, 13), (7, 9), (0, 12), (6, 7), (6, 13)]","[1.0, 1.0, 1.0, 1.0, 1.0, 1.0, 1.0, 1.0, 1.0, 1.0, 1.0, 1.0, 1.0, 1.0, 1.0, 1.0, 1.0, 1.0, 1.0, 1.0, 1.0, 1.0, 1.0, 1.0, 1.0, 1.0, 1.0, 1.0]"
0e268fbc,14,28,2,10.0,False,False,"[1, 1, 1]",14.546821193588992,,,,,,,,,,,8.919603086944061,,0.6131651010376802,,,,9.436748504638672,9.436748504638672,False,,0.0,0.0,,,9.44637417793274,2026-07-21 08:55:20,x86_64,dacsgpu0002,,64,64,3.11.15,0.23,False,False,adam,True,1,20,hamqaoa,0.01,False,False,hog,False,True,False,False,False,False,False,1,HOG_graphs/random_graphs_8to14vertices_78instances_20260625_143415_AdjacencyList.txt,False,0,32,1,5,1,,75,"[(2, 3), (3, 5), (11, 12), (4, 6), (7, 8), (0, 5), (8, 10), (10, 13), (1, 10), (0, 2), (0, 8), (12, 13), (5, 10), (6, 9), (4, 5), (3, 10), (8, 9), (1, 3), (9, 10), (10, 12), (6, 8), (2, 4), (2, 10), (11, 13), (7, 9), (0, 12), (6, 7), (6, 13)]","[1.0, 1.0, 1.0, 1.0, 1.0, 1.0, 1.0, 1.0, 1.0, 1.0, 1.0, 1.0, 1.0, 1.0, 1.0, 1.0, 1.0, 1.0, 1.0, 1.0, 1.0, 1.0, 1.0, 1.0, 1.0, 1.0, 1.0, 1.0]"
02043928,14,35,2,50.0,False,False,"[1, 1, 1]",17.142846671255334,,,,,,,,,,,11.568507642501128,,0.6748300246947254,,,,25.701708555221558,25.701708555221558,False,,0.0,0.0,,,25.71060276031494,2026-07-21 08:55:20,x86_64,dacsgpu0002,,64,64,3.11.15,0.23,False,False,adam,True,1,20,hamqaoa,0.01,False,False,hog,False,True,False,False,False,False,False,1,HOG_graphs/random_graphs_8to14vertices_78instances_20260625_143415_AdjacencyList.txt,False,0,32,1,5,1,,71,"[(3, 8), (2, 6), (3, 11), (2, 9), (4, 9), (7, 11), (8, 10), (1, 4), (9, 11), (10, 13), (0, 11), (5, 10), (6, 12), (4, 5), (3, 7), (3, 13), (2, 5), (7, 10), (1, 3), (0, 1), (8, 12), (0, 4), (1, 9), (5, 6), (11, 13), (2, 7), (2, 13), (4, 10), (9, 12), (7, 12), (1, 8), (0, 6), (0, 12), (5, 8), (6, 13)]","[1.0, 1.0, 1.0, 1.0, 1.0, 1.0, 1.0, 1.0, 1.0, 1.0, 1.0, 1.0, 1.0, 1.0, 1.0, 1.0, 1.0, 1.0, 1.0, 1.0, 1.0, 1.0, 1.0, 1.0, 1.0, 1.0, 1.0, 1.0, 1.0, 1.0, 1.0, 1.0, 1.0, 1.0, 1.0]"
bf14ed7c,14,42,2,5.0,False,False,"[1, 1, 1]",18.54692541091654,,,,,,,,,,,12.337942343863434,,0.6652284446348957,,,,9.360515117645264,9.360515117645264,False,,0.0,0.0,,,9.369714498519897,2026-07-21 08:55:21,x86_64,dacsgpu0002,,64,64,3.11.15,0.22,False,False,adam,True,1,20,hamqaoa,0.01,False,False,hog,False,True,False,False,False,False,False,1,HOG_graphs/random_graphs_8to14vertices_78instances_20260625_143415_AdjacencyList.txt,False,0,32,1,5,1,,76,"[(3, 5), (11, 12), (4, 6), (2, 12), (7, 8), (8, 13), (8, 10), (1, 4), (9, 11), (0, 8), (10, 13), (12, 13), (5, 10), (6, 9), (5, 7), (3, 4), (4, 5), (2, 5), (2, 11), (4, 8), (3, 10), (7, 10), (1, 3), (0, 1), (9, 10), (0, 10), (0, 13), (1, 12), (6, 8), (3, 6), (2, 4), (11, 13), (2, 7), (2, 13), (4, 7), (8, 11), (9, 12), (1, 2), (10, 11), (0, 6), (0, 12), (5, 8)]","[1.0, 1.0, 1.0, 1.0, 1.0, 1.0, 1.0, 1.0, 1.0, 1.0, 1.0, 1.0, 1.0, 1.0, 1.0, 1.0, 1.0, 1.0, 1.0, 1.0, 1.0, 1.0, 1.0, 1.0, 1.0, 1.0, 1.0, 1.0, 1.0, 1.0, 1.0, 1.0, 1.0, 1.0, 1.0, 1.0, 1.0, 1.0, 1.0, 1.0, 1.0, 1.0]"
4fad3136,14,24,2,50.0,False,False,"[1, 1, 1]",12.41027208807876,,,,,,,,,,,8.496864908585097,,0.6846638694366048,,,,20.516440629959106,20.516440629959106,False,,0.0,0.0,,,20.528543949127197,2026-07-21 08:55:21,x86_64,dacsgpu0002,,64,64,3.11.15,0.23,False,False,adam,True,1,20,hamqaoa,0.01,False,False,hog,False,True,False,False,False,False,False,1,HOG_graphs/random_graphs_8to14vertices_78instances_20260625_143415_AdjacencyList.txt,False,0,32,1,5,1,,72,"[(3, 8), (3, 5), (4, 12), (7, 8), (7, 11), (0, 5), (8, 10), (1, 4), (0, 2), (3, 7), (3, 10), (1, 3), (0, 1), (7, 13), (0, 4), (1, 9), (0, 13), (5, 6), (6, 11), (5, 9), (3, 6), (0, 3), (0, 12), (6, 7)]","[1.0, 1.0, 1.0, 1.0, 1.0, 1.0, 1.0, 1.0, 1.0, 1.0, 1.0, 1.0, 1.0, 1.0, 1.0, 1.0, 1.0, 1.0, 1.0, 1.0, 1.0, 1.0, 1.0, 1.0]"
1b31fcc9,14,66,2,50.0,False,False,"[1, 1, 1]",24.9091276381742,,,,,,,,,,,18.60254801438221,,0.7468165198155349,,,,37.89709806442261,37.89709806442261,False,,0.0,0.0,,,37.91367983818054,2026-07-21 08:55:21,x86_64,dacsgpu0002,,64,64,3.11.15,0.23,False,False,adam,True,1,20,hamqaoa,0.01,False,False,hog,False,True,False,False,False,False,False,1,HOG_graphs/random_graphs_8to14vertices_78instances_20260625_143415_AdjacencyList.txt,False,0,32,1,5,1,,68,"[(5, 11), (2, 3), (3, 8), (2, 6), (3, 5), (3, 11), (11, 12), (4, 6), (4, 12), (4, 9), (7, 8), (8, 13), (7, 11), (0, 5), (8, 10), (1, 4), (0, 2), (0, 8), (1, 10), (1, 7), (9, 11), (0, 11), (12, 13), (5, 7), (5, 13), (6, 12), (4, 5), (3, 7), (3, 13), (4, 8), (4, 11), (7, 10), (1, 3), (0, 1), (7, 13), (8, 12), (1, 6), (0, 4), (9, 10), (1, 9), (0, 7), (0, 13), (1, 12), (6, 8), (5, 6), (5, 12), (6, 11), (3, 6), (11, 13), (2, 10), (3, 9), (2, 13), (4, 10), (3, 12), (4, 13), (8, 11), (0, 3), (1, 2), (1, 8), (0, 6), (7, 12), (1, 5), (0, 9), (6, 10), (5, 8), (6, 7)]","[1.0, 1.0, 1.0, 1.0, 1.0, 1.0, 1.0, 1.0, 1.0, 1.0, 1.0, 1.0, 1.0, 1.0, 1.0, 1.0, 1.0, 1.0, 1.0, 1.0, 1.0, 1.0, 1.0, 1.0, 1.0, 1.0, 1.0, 1.0, 1.0, 1.0, 1.0, 1.0, 1.0, 1.0, 1.0, 1.0, 1.0, 1.0, 1.0, 1.0, 1.0, 1.0, 1.0, 1.0, 1.0, 1.0, 1.0, 1.0, 1.0, 1.0, 1.0, 1.0, 1.0, 1.0, 1.0, 1.0, 1.0, 1.0, 1.0, 1.0, 1.0, 1.0, 1.0, 1.0, 1.0, 1.0]"
73b38225,14,28,2,25.0,False,False,"[1, 1, 1]",15.054658730907123,,,,,,,,,,,8.903151091659268,,0.5913884366824704,,,,13.044593572616577,13.044593572616577,False,,0.0,0.0,,,13.051627397537231,2026-07-21 08:55:22,x86_64,dacsgpu0002,,64,64,3.11.15,0.23,False,False,adam,True,1,20,hamqaoa,0.01,False,False,hog,False,True,False,False,False,False,False,1,HOG_graphs/random_graphs_8to14vertices_78instances_20260625_143415_AdjacencyList.txt,False,0,32,1,5,1,,74,"[(2, 3), (3, 5), (11, 12), (4, 6), (4, 12), (7, 8), (0, 5), (0, 2), (9, 11), (1, 13), (5, 7), (2, 8), (4, 5), (1, 3), (0, 1), (9, 10), (1, 6), (10, 12), (0, 13), (2, 4), (11, 13), (3, 12), (8, 11), (7, 9), (1, 2), (10, 11), (0, 12), (6, 7)]","[1.0, 1.0, 1.0, 1.0, 1.0, 1.0, 1.0, 1.0, 1.0, 1.0, 1.0, 1.0, 1.0, 1.0, 1.0, 1.0, 1.0, 1.0, 1.0, 1.0, 1.0, 1.0, 1.0, 1.0, 1.0, 1.0, 1.0, 1.0]"
9b3d1e2b,14,42,2,10.0,False,False,"[1, 1, 1]",18.54692541091654,,,,,,,,,,,12.533996835784759,,0.6757991719968514,,,,10.27560544013977,10.27560544013977,False,,0.0,0.0,,,10.285484790802002,2026-07-21 08:55:22,x86_64,dacsgpu0002,,64,64,3.11.15,0.23,False,False,adam,True,1,20,hamqaoa,0.01,False,False,hog,False,True,False,False,False,False,False,1,HOG_graphs/random_graphs_8to14vertices_78instances_20260625_143415_AdjacencyList.txt,False,0,32,1,5,1,,76,"[(3, 5), (11, 12), (4, 6), (2, 12), (7, 8), (8, 13), (8, 10), (1, 4), (9, 11), (0, 8), (10, 13), (12, 13), (5, 10), (6, 9), (5, 7), (3, 4), (4, 5), (2, 5), (2, 11), (4, 8), (3, 10), (7, 10), (1, 3), (0, 1), (9, 10), (0, 10), (0, 13), (1, 12), (6, 8), (3, 6), (2, 4), (11, 13), (2, 7), (2, 13), (4, 7), (8, 11), (9, 12), (1, 2), (10, 11), (0, 6), (0, 12), (5, 8)]","[1.0, 1.0, 1.0, 1.0, 1.0, 1.0, 1.0, 1.0, 1.0, 1.0, 1.0, 1.0, 1.0, 1.0, 1.0, 1.0, 1.0, 1.0, 1.0, 1.0, 1.0, 1.0, 1.0, 1.0, 1.0, 1.0, 1.0, 1.0, 1.0, 1.0, 1.0, 1.0, 1.0, 1.0, 1.0, 1.0, 1.0, 1.0, 1.0, 1.0, 1.0, 1.0]"
269f0e66,14,28,2,25.0,False,False,"[1, 1, 1]",14.546821193588992,,,,,,,,,,,8.996478374763429,,0.6184497805423164,,,,12.696146965026855,12.696146965026855,False,,0.0,0.0,,,12.710694313049316,2026-07-21 08:55:23,x86_64,dacsgpu0002,,64,64,3.11.15,0.23,False,False,adam,True,1,20,hamqaoa,0.01,False,False,hog,False,True,False,False,False,False,False,1,HOG_graphs/random_graphs_8to14vertices_78instances_20260625_143415_AdjacencyList.txt,False,0,32,1,5,1,,75,"[(2, 3), (3, 5), (11, 12), (4, 6), (7, 8), (0, 5), (8, 10), (10, 13), (1, 10), (0, 2), (0, 8), (12, 13), (5, 10), (6, 9), (4, 5), (3, 10), (8, 9), (1, 3), (9, 10), (10, 12), (6, 8), (2, 4), (2, 10), (11, 13), (7, 9), (0, 12), (6, 7), (6, 13)]","[1.0, 1.0, 1.0, 1.0, 1.0, 1.0, 1.0, 1.0, 1.0, 1.0, 1.0, 1.0, 1.0, 1.0, 1.0, 1.0, 1.0, 1.0, 1.0, 1.0, 1.0, 1.0, 1.0, 1.0, 1.0, 1.0, 1.0, 1.0]"
3fa37f82,14,33,2,50.0,False,False,"[1, 1, 1]",14.997074543021862,,,,,,,,,,,10.545978599237825,,0.7032023858376345,,,,23.375454902648926,23.375454902648926,False,,0.0,0.0,,,23.39070463180542,2026-07-21 08:55:26,x86_64,dacsgpu0002,,64,64,3.11.15,0.23,False,False,adam,True,1,20,hamqaoa,0.01,False,False,hog,False,True,False,False,False,False,False,1,HOG_graphs/random_graphs_8to14vertices_78instances_20260625_143415_AdjacencyList.txt,False,0,32,1,5,1,,73,"[(2, 6), (3, 5), (11, 12), (4, 6), (4, 12), (0, 2), (0, 8), (9, 11), (0, 11), (5, 10), (5, 7), (3, 4), (4, 5), (2, 5), (4, 8), (3, 10), (4, 11), (8, 9), (0, 1), (0, 4), (0, 13), (2, 4), (11, 13), (2, 7), (4, 10), (7, 9), (0, 3), (0, 6), (0, 12), (0, 9), (5, 8), (6, 7), (6, 13)]","[1.0, 1.0, 1.0, 1.0, 1.0, 1.0, 1.0, 1.0, 1.0, 1.0, 1.0, 1.0, 1.0, 1.0, 1.0, 1.0, 1.0, 1.0, 1.0, 1.0, 1.0, 1.0, 1.0, 1.0, 1.0, 1.0, 1.0, 1.0, 1.0, 1.0, 1.0, 1.0, 1.0]"
ea7047b2,14,28,2,50.0,False,False,"[1, 1, 1]",15.054658730907123,,,,,,,,,,,9.425197685668799,,0.6260651838170815,,,,21.470362186431885,21.470362186431885,False,,0.0,0.0,,,21.480519771575928,2026-07-21 08:55:31,x86_64,dacsgpu0002,,64,64,3.11.15,0.23,False,False,adam,True,1,20,hamqaoa,0.01,False,False,hog,False,True,False,False,False,False,False,1,HOG_graphs/random_graphs_8to14vertices_78instances_20260625_143415_AdjacencyList.txt,False,0,32,1,5,1,,74,"[(2, 3), (3, 5), (11, 12), (4, 6), (4, 12), (7, 8), (0, 5), (0, 2), (9, 11), (1, 13), (5, 7), (2, 8), (4, 5), (1, 3), (0, 1), (9, 10), (1, 6), (10, 12), (0, 13), (2, 4), (11, 13), (3, 12), (8, 11), (7, 9), (1, 2), (10, 11), (0, 12), (6, 7)]","[1.0, 1.0, 1.0, 1.0, 1.0, 1.0, 1.0, 1.0, 1.0, 1.0, 1.0, 1.0, 1.0, 1.0, 1.0, 1.0, 1.0, 1.0, 1.0, 1.0, 1.0, 1.0, 1.0, 1.0, 1.0, 1.0, 1.0, 1.0]"
95e00d87,14,28,2,50.0,False,False,"[1, 1, 1]",14.546821193588992,,,,,,,,,,,9.462254212751382,,0.6504688609853501,,,,20.97019600868225,20.97019600868225,False,,0.0,0.0,,,20.983608722686768,2026-07-21 08:55:32,x86_64,dacsgpu0002,,64,64,3.11.15,0.23,False,False,adam,True,1,20,hamqaoa,0.01,False,False,hog,False,True,False,False,False,False,False,1,HOG_graphs/random_graphs_8to14vertices_78instances_20260625_143415_AdjacencyList.txt,False,0,32,1,5,1,,75,"[(2, 3), (3, 5), (11, 12), (4, 6), (7, 8), (0, 5), (8, 10), (10, 13), (1, 10), (0, 2), (0, 8), (12, 13), (5, 10), (6, 9), (4, 5), (3, 10), (8, 9), (1, 3), (9, 10), (10, 12), (6, 8), (2, 4), (2, 10), (11, 13), (7, 9), (0, 12), (6, 7), (6, 13)]","[1.0, 1.0, 1.0, 1.0, 1.0, 1.0, 1.0, 1.0, 1.0, 1.0, 1.0, 1.0, 1.0, 1.0, 1.0, 1.0, 1.0, 1.0, 1.0, 1.0, 1.0, 1.0, 1.0, 1.0, 1.0, 1.0, 1.0, 1.0]"
9fa1d3c3,14,42,1,10.0,False,False,"[1, 1, 1]",18.503957255310794,,,,,,,,,,,10.991570113022602,,0.5940118625094601,,,,3.6390738487243652,3.6390738487243652,False,,0.0,0.0,,,3.649630069732666,2026-07-21 09:01:35,x86_64,dacsgpu0002,,64,64,3.11.15,0.22,False,False,adam,True,1,20,hamqaoa,0.01,False,False,hog,False,True,False,False,False,False,False,1,HOG_graphs/random_graphs_8to14vertices_78instances_20260625_143415_AdjacencyList.txt,False,0,32,1,5,1,,77,"[(2, 3), (3, 5), (3, 11), (2, 9), (4, 6), (4, 12), (8, 10), (1, 4), (0, 2), (9, 11), (10, 13), (1, 7), (0, 11), (12, 13), (5, 10), (5, 7), (6, 12), (3, 4), (2, 8), (4, 5), (3, 7), (3, 13), (2, 11), (7, 10), (8, 9), (0, 1), (9, 13), (10, 12), (1, 12), (5, 9), (11, 13), (4, 10), (3, 12), (4, 7), (8, 11), (7, 9), (0, 3), (1, 2), (10, 11), (1, 5), (6, 10), (6, 7)]","[1.0, 1.0, 1.0, 1.0, 1.0, 1.0, 1.0, 1.0, 1.0, 1.0, 1.0, 1.0, 1.0, 1.0, 1.0, 1.0, 1.0, 1.0, 1.0, 1.0, 1.0, 1.0, 1.0, 1.0, 1.0, 1.0, 1.0, 1.0, 1.0, 1.0, 1.0, 1.0, 1.0, 1.0, 1.0, 1.0, 1.0, 1.0, 1.0, 1.0, 1.0, 1.0]"
cbabcc71,14,42,1,25.0,False,False,"[1, 1, 1]",18.503957255310794,,,,,,,,,,,12.289868721657374,,0.6641751573507378,,,,5.09633207321167,5.09633207321167,False,,0.0,0.0,,,5.102776765823364,2026-07-21 09:01:36,x86_64,dacsgpu0002,,64,64,3.11.15,0.22,False,False,adam,True,1,20,hamqaoa,0.01,False,False,hog,False,True,False,False,False,False,False,1,HOG_graphs/random_graphs_8to14vertices_78instances_20260625_143415_AdjacencyList.txt,False,0,32,1,5,1,,77,"[(2, 3), (3, 5), (3, 11), (2, 9), (4, 6), (4, 12), (8, 10), (1, 4), (0, 2), (9, 11), (10, 13), (1, 7), (0, 11), (12, 13), (5, 10), (5, 7), (6, 12), (3, 4), (2, 8), (4, 5), (3, 7), (3, 13), (2, 11), (7, 10), (8, 9), (0, 1), (9, 13), (10, 12), (1, 12), (5, 9), (11, 13), (4, 10), (3, 12), (4, 7), (8, 11), (7, 9), (0, 3), (1, 2), (10, 11), (1, 5), (6, 10), (6, 7)]","[1.0, 1.0, 1.0, 1.0, 1.0, 1.0, 1.0, 1.0, 1.0, 1.0, 1.0, 1.0, 1.0, 1.0, 1.0, 1.0, 1.0, 1.0, 1.0, 1.0, 1.0, 1.0, 1.0, 1.0, 1.0, 1.0, 1.0, 1.0, 1.0, 1.0, 1.0, 1.0, 1.0, 1.0, 1.0, 1.0, 1.0, 1.0, 1.0, 1.0, 1.0, 1.0]"
cf9694ce,14,42,1,5.0,False,False,"[1, 1, 1]",18.503957255310794,,,,,,,,,,,11.570969426028388,,0.6253240464391702,,,,3.140782594680786,3.140782594680786,False,,0.0,0.0,,,3.147454261779785,2026-07-21 09:01:37,x86_64,dacsgpu0002,,64,64,3.11.15,0.22,False,False,adam,True,1,20,hamqaoa,0.01,False,False,hog,False,True,False,False,False,False,False,1,HOG_graphs/random_graphs_8to14vertices_78instances_20260625_143415_AdjacencyList.txt,False,0,32,1,5,1,,77,"[(2, 3), (3, 5), (3, 11), (2, 9), (4, 6), (4, 12), (8, 10), (1, 4), (0, 2), (9, 11), (10, 13), (1, 7), (0, 11), (12, 13), (5, 10), (5, 7), (6, 12), (3, 4), (2, 8), (4, 5), (3, 7), (3, 13), (2, 11), (7, 10), (8, 9), (0, 1), (9, 13), (10, 12), (1, 12), (5, 9), (11, 13), (4, 10), (3, 12), (4, 7), (8, 11), (7, 9), (0, 3), (1, 2), (10, 11), (1, 5), (6, 10), (6, 7)]","[1.0, 1.0, 1.0, 1.0, 1.0, 1.0, 1.0, 1.0, 1.0, 1.0, 1.0, 1.0, 1.0, 1.0, 1.0, 1.0, 1.0, 1.0, 1.0, 1.0, 1.0, 1.0, 1.0, 1.0, 1.0, 1.0, 1.0, 1.0, 1.0, 1.0, 1.0, 1.0, 1.0, 1.0, 1.0, 1.0, 1.0, 1.0, 1.0, 1.0, 1.0, 1.0]"
e70216be,14,42,2,5.0,False,False,"[1, 1, 1]",18.503957255310794,,,,,,,,,,,11.218600199224534,,0.6062811345937745,,,,7.195636510848999,7.195636510848999,False,,0.0,0.0,,,7.2017822265625,2026-07-21 09:01:38,x86_64,dacsgpu0002,,64,64,3.11.15,0.23,False,False,adam,True,1,20,hamqaoa,0.01,False,False,hog,False,True,False,False,False,False,False,1,HOG_graphs/random_graphs_8to14vertices_78instances_20260625_143415_AdjacencyList.txt,False,0,32,1,5,1,,77,"[(2, 3), (3, 5), (3, 11), (2, 9), (4, 6), (4, 12), (8, 10), (1, 4), (0, 2), (9, 11), (10, 13), (1, 7), (0, 11), (12, 13), (5, 10), (5, 7), (6, 12), (3, 4), (2, 8), (4, 5), (3, 7), (3, 13), (2, 11), (7, 10), (8, 9), (0, 1), (9, 13), (10, 12), (1, 12), (5, 9), (11, 13), (4, 10), (3, 12), (4, 7), (8, 11), (7, 9), (0, 3), (1, 2), (10, 11), (1, 5), (6, 10), (6, 7)]","[1.0, 1.0, 1.0, 1.0, 1.0, 1.0, 1.0, 1.0, 1.0, 1.0, 1.0, 1.0, 1.0, 1.0, 1.0, 1.0, 1.0, 1.0, 1.0, 1.0, 1.0, 1.0, 1.0, 1.0, 1.0, 1.0, 1.0, 1.0, 1.0, 1.0, 1.0, 1.0, 1.0, 1.0, 1.0, 1.0, 1.0, 1.0, 1.0, 1.0, 1.0, 1.0]"
ff453b69,14,42,1,50.0,False,False,"[1, 1, 1]",18.54692541091654,,,,,,,,,,,11.20775770709568,,0.6042919491388531,,,,7.487923860549927,7.487923860549927,False,,0.0,0.0,,,7.495632171630859,2026-07-21 09:01:38,x86_64,dacsgpu0002,,64,64,3.11.15,0.22,False,False,adam,True,1,20,hamqaoa,0.01,False,False,hog,False,True,False,False,False,False,False,1,HOG_graphs/random_graphs_8to14vertices_78instances_20260625_143415_AdjacencyList.txt,False,0,32,1,5,1,,76,"[(3, 5), (11, 12), (4, 6), (2, 12), (7, 8), (8, 13), (8, 10), (1, 4), (9, 11), (0, 8), (10, 13), (12, 13), (5, 10), (6, 9), (5, 7), (3, 4), (4, 5), (2, 5), (2, 11), (4, 8), (3, 10), (7, 10), (1, 3), (0, 1), (9, 10), (0, 10), (0, 13), (1, 12), (6, 8), (3, 6), (2, 4), (11, 13), (2, 7), (2, 13), (4, 7), (8, 11), (9, 12), (1, 2), (10, 11), (0, 6), (0, 12), (5, 8)]","[1.0, 1.0, 1.0, 1.0, 1.0, 1.0, 1.0, 1.0, 1.0, 1.0, 1.0, 1.0, 1.0, 1.0, 1.0, 1.0, 1.0, 1.0, 1.0, 1.0, 1.0, 1.0, 1.0, 1.0, 1.0, 1.0, 1.0, 1.0, 1.0, 1.0, 1.0, 1.0, 1.0, 1.0, 1.0, 1.0, 1.0, 1.0, 1.0, 1.0, 1.0, 1.0]"
4eb215b4,14,42,1,50.0,False,False,"[1, 1, 1]",18.503957255310794,,,,,,,,,,,10.999845437372336,,0.5944590816764499,,,,7.6294190883636475,7.6294190883636475,False,,0.0,0.0,,,7.639199256896973,2026-07-21 09:01:39,x86_64,dacsgpu0002,,64,64,3.11.15,0.22,False,False,adam,True,1,20,hamqaoa,0.01,False,False,hog,False,True,False,False,False,False,False,1,HOG_graphs/random_graphs_8to14vertices_78instances_20260625_143415_AdjacencyList.txt,False,0,32,1,5,1,,77,"[(2, 3), (3, 5), (3, 11), (2, 9), (4, 6), (4, 12), (8, 10), (1, 4), (0, 2), (9, 11), (10, 13), (1, 7), (0, 11), (12, 13), (5, 10), (5, 7), (6, 12), (3, 4), (2, 8), (4, 5), (3, 7), (3, 13), (2, 11), (7, 10), (8, 9), (0, 1), (9, 13), (10, 12), (1, 12), (5, 9), (11, 13), (4, 10), (3, 12), (4, 7), (8, 11), (7, 9), (0, 3), (1, 2), (10, 11), (1, 5), (6, 10), (6, 7)]","[1.0, 1.0, 1.0, 1.0, 1.0, 1.0, 1.0, 1.0, 1.0, 1.0, 1.0, 1.0, 1.0, 1.0, 1.0, 1.0, 1.0, 1.0, 1.0, 1.0, 1.0, 1.0, 1.0, 1.0, 1.0, 1.0, 1.0, 1.0, 1.0, 1.0, 1.0, 1.0, 1.0, 1.0, 1.0, 1.0, 1.0, 1.0, 1.0, 1.0, 1.0, 1.0]"
4333ee48,14,42,2,10.0,False,False,"[1, 1, 1]",18.503957255310794,,,,,,,,,,,13.812523625467998,,0.7464632259406936,,,,8.576343536376953,8.576343536376953,False,,0.0,0.0,,,8.583875179290771,2026-07-21 09:01:39,x86_64,dacsgpu0002,,64,64,3.11.15,0.23,False,False,adam,True,1,20,hamqaoa,0.01,False,False,hog,False,True,False,False,False,False,False,1,HOG_graphs/random_graphs_8to14vertices_78instances_20260625_143415_AdjacencyList.txt,False,0,32,1,5,1,,77,"[(2, 3), (3, 5), (3, 11), (2, 9), (4, 6), (4, 12), (8, 10), (1, 4), (0, 2), (9, 11), (10, 13), (1, 7), (0, 11), (12, 13), (5, 10), (5, 7), (6, 12), (3, 4), (2, 8), (4, 5), (3, 7), (3, 13), (2, 11), (7, 10), (8, 9), (0, 1), (9, 13), (10, 12), (1, 12), (5, 9), (11, 13), (4, 10), (3, 12), (4, 7), (8, 11), (7, 9), (0, 3), (1, 2), (10, 11), (1, 5), (6, 10), (6, 7)]","[1.0, 1.0, 1.0, 1.0, 1.0, 1.0, 1.0, 1.0, 1.0, 1.0, 1.0, 1.0, 1.0, 1.0, 1.0, 1.0, 1.0, 1.0, 1.0, 1.0, 1.0, 1.0, 1.0, 1.0, 1.0, 1.0, 1.0, 1.0, 1.0, 1.0, 1.0, 1.0, 1.0, 1.0, 1.0, 1.0, 1.0, 1.0, 1.0, 1.0, 1.0, 1.0]"
c0af9281,14,42,2,25.0,False,False,"[1, 1, 1]",18.503957255310794,,,,,,,,,,,12.826210996500299,,0.6931604315514222,,,,13.617979049682617,13.617979049682617,False,,0.0,0.0,,,13.626133441925049,2026-07-21 09:01:44,x86_64,dacsgpu0002,,64,64,3.11.15,0.23,False,False,adam,True,1,20,hamqaoa,0.01,False,False,hog,False,True,False,False,False,False,False,1,HOG_graphs/random_graphs_8to14vertices_78instances_20260625_143415_AdjacencyList.txt,False,0,32,1,5,1,,77,"[(2, 3), (3, 5), (3, 11), (2, 9), (4, 6), (4, 12), (8, 10), (1, 4), (0, 2), (9, 11), (10, 13), (1, 7), (0, 11), (12, 13), (5, 10), (5, 7), (6, 12), (3, 4), (2, 8), (4, 5), (3, 7), (3, 13), (2, 11), (7, 10), (8, 9), (0, 1), (9, 13), (10, 12), (1, 12), (5, 9), (11, 13), (4, 10), (3, 12), (4, 7), (8, 11), (7, 9), (0, 3), (1, 2), (10, 11), (1, 5), (6, 10), (6, 7)]","[1.0, 1.0, 1.0, 1.0, 1.0, 1.0, 1.0, 1.0, 1.0, 1.0, 1.0, 1.0, 1.0, 1.0, 1.0, 1.0, 1.0, 1.0, 1.0, 1.0, 1.0, 1.0, 1.0, 1.0, 1.0, 1.0, 1.0, 1.0, 1.0, 1.0, 1.0, 1.0, 1.0, 1.0, 1.0, 1.0, 1.0, 1.0, 1.0, 1.0, 1.0, 1.0]"
ce2c79d8,14,42,2,25.0,False,False,"[1, 1, 1]",18.54692541091654,,,,,,,,,,,12.42562565464273,,0.6699560913384127,,,,13.865304231643677,13.865304231643677,False,,0.0,0.0,,,13.871607065200806,2026-07-21 09:01:45,x86_64,dacsgpu0002,,64,64,3.11.15,0.23,False,False,adam,True,1,20,hamqaoa,0.01,False,False,hog,False,True,False,False,False,False,False,1,HOG_graphs/random_graphs_8to14vertices_78instances_20260625_143415_AdjacencyList.txt,False,0,32,1,5,1,,76,"[(3, 5), (11, 12), (4, 6), (2, 12), (7, 8), (8, 13), (8, 10), (1, 4), (9, 11), (0, 8), (10, 13), (12, 13), (5, 10), (6, 9), (5, 7), (3, 4), (4, 5), (2, 5), (2, 11), (4, 8), (3, 10), (7, 10), (1, 3), (0, 1), (9, 10), (0, 10), (0, 13), (1, 12), (6, 8), (3, 6), (2, 4), (11, 13), (2, 7), (2, 13), (4, 7), (8, 11), (9, 12), (1, 2), (10, 11), (0, 6), (0, 12), (5, 8)]","[1.0, 1.0, 1.0, 1.0, 1.0, 1.0, 1.0, 1.0, 1.0, 1.0, 1.0, 1.0, 1.0, 1.0, 1.0, 1.0, 1.0, 1.0, 1.0, 1.0, 1.0, 1.0, 1.0, 1.0, 1.0, 1.0, 1.0, 1.0, 1.0, 1.0, 1.0, 1.0, 1.0, 1.0, 1.0, 1.0, 1.0, 1.0, 1.0, 1.0, 1.0, 1.0]"
925c9522,14,42,2,50.0,False,False,"[1, 1, 1]",18.503957255310794,,,,,,,,,,,15.220675244837699,,0.8225632514617507,,,,24.11723518371582,24.11723518371582,False,,0.0,0.0,,,24.125361680984497,2026-07-21 09:01:55,x86_64,dacsgpu0002,,64,64,3.11.15,0.23,False,False,adam,True,1,20,hamqaoa,0.01,False,False,hog,False,True,False,False,False,False,False,1,HOG_graphs/random_graphs_8to14vertices_78instances_20260625_143415_AdjacencyList.txt,False,0,32,1,5,1,,77,"[(2, 3), (3, 5), (3, 11), (2, 9), (4, 6), (4, 12), (8, 10), (1, 4), (0, 2), (9, 11), (10, 13), (1, 7), (0, 11), (12, 13), (5, 10), (5, 7), (6, 12), (3, 4), (2, 8), (4, 5), (3, 7), (3, 13), (2, 11), (7, 10), (8, 9), (0, 1), (9, 13), (10, 12), (1, 12), (5, 9), (11, 13), (4, 10), (3, 12), (4, 7), (8, 11), (7, 9), (0, 3), (1, 2), (10, 11), (1, 5), (6, 10), (6, 7)]","[1.0, 1.0, 1.0, 1.0, 1.0, 1.0, 1.0, 1.0, 1.0, 1.0, 1.0, 1.0, 1.0, 1.0, 1.0, 1.0, 1.0, 1.0, 1.0, 1.0, 1.0, 1.0, 1.0, 1.0, 1.0, 1.0, 1.0, 1.0, 1.0, 1.0, 1.0, 1.0, 1.0, 1.0, 1.0, 1.0, 1.0, 1.0, 1.0, 1.0, 1.0, 1.0]"
19ba66e6,14,42,2,50.0,False,False,"[1, 1, 1]",18.54692541091654,,,,,,,,,,,13.409663063432436,,0.7230127240140642,,,,24.345216989517212,24.345216989517212,False,,0.0,0.0,,,24.35239028930664,2026-07-21 09:01:55,x86_64,dacsgpu0002,,64,64,3.11.15,0.23,False,False,adam,True,1,20,hamqaoa,0.01,False,False,hog,False,True,False,False,False,False,False,1,HOG_graphs/random_graphs_8to14vertices_78instances_20260625_143415_AdjacencyList.txt,False,0,32,1,5,1,,76,"[(3, 5), (11, 12), (4, 6), (2, 12), (7, 8), (8, 13), (8, 10), (1, 4), (9, 11), (0, 8), (10, 13), (12, 13), (5, 10), (6, 9), (5, 7), (3, 4), (4, 5), (2, 5), (2, 11), (4, 8), (3, 10), (7, 10), (1, 3), (0, 1), (9, 10), (0, 10), (0, 13), (1, 12), (6, 8), (3, 6), (2, 4), (11, 13), (2, 7), (2, 13), (4, 7), (8, 11), (9, 12), (1, 2), (10, 11), (0, 6), (0, 12), (5, 8)]","[1.0, 1.0, 1.0, 1.0, 1.0, 1.0, 1.0, 1.0, 1.0, 1.0, 1.0, 1.0, 1.0, 1.0, 1.0, 1.0, 1.0, 1.0, 1.0, 1.0, 1.0, 1.0, 1.0, 1.0, 1.0, 1.0, 1.0, 1.0, 1.0, 1.0, 1.0, 1.0, 1.0, 1.0, 1.0, 1.0, 1.0, 1.0, 1.0, 1.0, 1.0, 1.0]"
