run_id,n,m,p,precision/iterations,singlet_injection,warm_start,parameter_vector,optimal_result,sdp_objective_value_step1,sdp_objective_value_king_normalized_step1,algorithm17_actual_energy,algorithm17_lower_bound_energy,algorithm17_analytic_F_value,algorithm17_F_bound_applicable,algorithm17_beta_mode,algorithm17_beta_star,algorithm17_beta_optimisation_time_seconds,initial_ws_energy_prodStates_step2,initial_sdp_statevector_energy,initial_qaoa_input_energy_normalized,adam_initial_point_energy_normalized,adam_energy_history_normalized_json,adam_updates_completed,initial_sdp_statevec_ratio,initial_ws_energy_010101,QAOA_improvement_over_SDP_statevectorEnergy,QAOA_improvement_over_SDP_prodStatesEnergy,result,result_010101,approx_ratio,approx_ratio_010101,diff. approx. ratio,sdp ws greater,duration_seconds,duration_seconds_excluding_warm_start_cache_io,warm_start_cache_used,warm_start_compute_time_seconds,warm_start_load_time_seconds,warm_start_save_time_seconds,warm_start_effective_time_seconds,warm_start_cache_path,full duration_seconds,finished_at,processor,hostname,total_ram_gb,physical_cores,logical_cores,python_version,peak_ram_mb,Instance_is_triangle_free,Instance_is_3_regular,Instance_is_bipartite,Instance_is_regular,Regular_degree,Instance_is_claw_free,Instance_is_twin_free,Instance_is_planar,Instance_is_eulerian,optimiser,optimiser_use_heuristic,heuristic_optimiser_iterations,heuristic_optimiser_sampleSize,circuit_type,learning_rate_adam,compare_with_010101,init_QAOAparams_close_to_zero,graph_generation_type,weighted,easiest_first,debug,save_circuit_svg,rerun_exclude_finished_instances,warm_start_cache_producer_only,qaoa_only_from_existing_warm_start_cache,num_repeats,relative_graph_adjList_path,persistent_warm_start_cache,sdp_max_parallel,qaoa_max_parallel,sdp_threads,qaoa_threads,sdp_memory_limit_total_gb,sdp_memory_limit_single_gb,sdp_max_retries,queue_poll_interval_seconds,max_graph_vertices,qaoa_seed,initialise_standard_warm_start_with_zero_angles,result_name_suffix,benchmark_repeat_idx,sdp_seed,qaoa_seed_used,hog_graph_index,edges,weights
e2c0c1e8,3,3,1,75.0,False,False,"[1, 1, 1]",,,,,,,,,,,,,,0.8927541057048545,"[0.8927541057048545, 0.8951681261378607, 0.8975600366364221, 0.8999292800453631, 0.9022753064592364, 0.9045975747644452, 0.9068955555080805, 0.9091687317576806, 0.9114166009379432, 0.9136386750275463, 0.9158344840608864, 0.9180035754876518, 0.9201455170568256, 0.9222598966188574, 0.9243463230892983, 0.9264044302156527, 0.9284338748980536, 0.9304343388450116, 0.9324055297496331, 0.9343471815252776, 0.9362590555509118, 0.9381409402406122, 0.9399926525007878, 0.9418140382785543, 0.9436049720474693, 0.9453653580167865, 0.9470951310768918, 0.9487942542765969, 0.9504627202652339, 0.9521005521475069, 0.9537078025415938, 0.9552845534495371, 0.9568309160767647, 0.9583470323509388, 0.9598330723602734, 0.9612892359659166, 0.9627157520031996, 0.9641128763754433, 0.9654808938809969, 0.9668201185392359, 0.9681308904199527, 0.9694135762512498, 0.9706685713532613, 0.9718962962004716, 0.9730971987633316, 0.9742717505099479, 0.9754204498448358, 0.9765438198173321, 0.9776424075601902, 0.9787167834947685, 0.9797675430491959, 0.9807953040368653, 0.9818007055413425, 0.98278440939557, 0.9837470977092864, 0.9846894739731141, 0.9856122611883804, 0.9865161999080566, 0.9874020501576998, 0.9882705886823404, 0.9891226078879731, 0.9899589147969796, 0.990780330337459, 0.9915876888875409, 0.9923818353286028, 0.9931636235972436, 0.9939339159517643, 0.9946935828600432, 0.9954434977563883, 0.9961845372275873, 0.9969175792475345, 0.9976435002736115, 0.998363174770271, 0.9990774724019659, 0.9997872563839622, 1.0004933811071208]",75,,,,,1.0004933811071208,,0.6669955874047472,,,,2.604473829269409,2.604473829269409,False,,0.0,0.0,,,2.625457525253296,2026-09-07 15:00:41,x86_64,dacsvm-cpunode01,,32,32,3.11.15,0.22,False,False,False,True,2,True,False,True,True,adam,True,1,10,hamqaoa,0.001,False,False,hog,False,False,False,False,True,False,False,1,HOG_graphs/Exp5/complete_graphs_2to12vertices_11instances_AdjacencyList.txt,False,0,16,1,1,0,0,0,5,10,42,True,_FINAL_BENCHMARKS_STANDARD,1,,42,1,"[(1, 2), (0, 1), (0, 2)]","[1.0, 1.0, 1.0]"
b229b696,5,10,1,75.0,False,False,"[1, 1, 1]",,,,,,,,,,,,,,1.7510528741575526,"[1.7510528741575526, 1.7570866104303213, 1.7630612404744814, 1.7689749325726463, 1.7748258780449389, 1.780612288113426, 1.7863324028997685, 1.7919844962678533, 1.797566878417253, 1.8030779012622584, 1.808515968933232, 1.8138795354951067, 1.8191671095162083, 1.824377266924042, 1.829508648518906, 1.83455996747612, 1.8395300112887114, 1.8444176402502994, 1.8492218053879963, 1.8539415351362594, 1.8585759465245253, 1.8631242438055755, 1.8675857280760353, 1.8719597939153023, 1.8762459306450154, 1.8804437241157164, 1.8845528567203376, 1.8885731053298802, 1.8925043511591415, 1.8963465694615909, 1.90009984086614, 1.9037643345490638, 1.9073403255051333, 1.91082817281312, 1.9142283414906278, 1.9175413859018802, 1.920767952826449, 1.923908775432366, 1.9269646758462198, 1.9299365564404025, 1.932825416361361, 1.9356323158003175, 1.9383584068404207, 1.9410049093621966, 1.9435731112373067, 1.9460643701330727, 1.9484801107624736, 1.950821816316825, 1.953091026862209, 1.9552893356212808, 1.9574183866589348, 1.9594798689262818, 1.9614755147526612, 1.96340708984836, 1.965276391006517, 1.9670852531946719, 1.968835530816486, 1.9705291047833424, 1.9721678650821068, 1.9737537165181183, 1.9752885703444816, 1.976774349412655, 1.978212968644828, 1.9796063407071158, 1.9809563704956457, 1.9822649473234788, 1.9835339519347523, 1.9847652408603478, 1.9859606497294968, 1.987121982165873, 1.9882510150685835, 1.9893494991149803, 1.9904191384852834, 1.991461601746143, 1.992478519722086, 1.993471479120405]",75,,,,,1.993471479120405,,0.4983678697801012,,,,4.3939528465271,4.3939528465271,False,,0.0,0.0,,,4.404542684555054,2026-09-07 15:00:43,x86_64,dacsvm-cpunode01,,32,32,3.11.15,0.22,False,False,False,True,4,True,False,False,True,adam,True,1,10,hamqaoa,0.001,False,False,hog,False,False,False,False,True,False,False,1,HOG_graphs/Exp5/complete_graphs_2to12vertices_11instances_AdjacencyList.txt,False,0,16,1,1,0,0,0,5,10,42,True,_FINAL_BENCHMARKS_STANDARD,1,,42,3,"[(1, 3), (0, 1), (2, 3), (0, 4), (0, 3), (1, 2), (3, 4), (1, 4), (0, 2), (2, 4)]","[1.0, 1.0, 1.0, 1.0, 1.0, 1.0, 1.0, 1.0, 1.0, 1.0]"
bba60ec8,3,3,2,75.0,False,False,"[1, 1, 1]",,,,,,,,,,,,,,0.7193115009714238,"[0.7193115009714238, 0.7254424142694721, 0.7315435581209913, 0.7376133286208233, 0.7436501629209072, 0.7496525601776106, 0.7556191047622967, 0.7615484944757259, 0.7674395747551132, 0.7732913853503502, 0.77910321739606, 0.7848746734106361, 0.7906057456308331, 0.7962968952214236, 0.80194912859282, 0.8075640566866459, 0.8131439042557274, 0.8186914678471722, 0.8242099946674166, 0.8297030068037765, 0.835174104194979, 0.8406267835327955, 0.8460643298755723, 0.8514897613328336, 0.8569058383681044, 0.8623150957457358, 0.8677198777583118, 0.8731223643769529, 0.8785245771049436, 0.8839283739382027, 0.889335426427421, 0.8947472064392532, 0.9001649674461915, 0.9055897393406731, 0.9110223348992798, 0.9164633582157775, 0.9219132236423688, 0.9273721761074968, 0.9328403136441568, 0.9383176048917012, 0.9438039108297882, 0.949298997230601, 0.9548025454390111, 0.9603141602637048, 0.9658333741475957, 0.9713596499269049, 0.9768923791253609, 0.9824308813564385, 0.9879743984234657, 0.9935220893033544, 0.9990730229360243, 1.0046261753817969, 1.0101804198422284, 1.0157345254839483, 1.0212871484350157, 1.0268368326031512, 1.0323819980247084, 1.0379209543911798, 1.0434518878696788, 1.0489728719666862, 1.0544818689514652, 1.0599767318627442, 1.0654552192646123, 1.0709149947017216, 1.0763536431911858, 1.081768678792214, 1.0871575544457979, 1.0925176775562309, 1.0978464190224753, 1.103141126787144, 1.1083991398528577, 1.1136177932624365, 1.1187944369008342, 1.1239264480644242, 1.129011239216232, 1.1340462696818068]",75,,,,,1.1340462696818068,,0.7560308464545379,,,,6.07898211479187,6.07898211479187,False,,0.0,0.0,,,6.092443227767944,2026-09-07 15:00:45,x86_64,dacsvm-cpunode01,,32,32,3.11.15,0.22,False,False,False,True,2,True,False,True,True,adam,True,1,10,hamqaoa,0.001,False,False,hog,False,False,False,False,True,False,False,1,HOG_graphs/Exp5/complete_graphs_2to12vertices_11instances_AdjacencyList.txt,False,0,16,1,1,0,0,0,5,10,42,True,_FINAL_BENCHMARKS_STANDARD,1,,42,1,"[(1, 2), (0, 1), (0, 2)]","[1.0, 1.0, 1.0]"
a46c0077,7,21,1,75.0,False,False,"[1, 1, 1]",,,,,,,,,,,,,,4.295078021693969,"[4.295078021693969, 4.312916178079605, 4.330583468246966, 4.348073345416649, 4.365379266491655, 4.382494741132902, 4.39941332063463, 4.4161286730149, 4.432634541876735, 4.448924807556635, 4.464993491641048, 4.480834770340192, 4.496442998737134, 4.5118127188724, 4.526938686099512, 4.541815885008801, 4.556439580773162, 4.570805284646216, 4.584908772929574, 4.5987461320885386, 4.6123137601501, 4.6256083868996045, 4.638627066326221, 4.651367170744503, 4.663826450630407, 4.676003000868435, 4.687895287387549, 4.699502141639009, 4.710822771126333, 4.721856750537493, 4.732604038811481, 4.743064955340422, 4.753240187785065, 4.76313081503124, 4.77273827057575, 4.782064370117153, 4.791111227835105, 4.799881351274472, 4.808377558584247, 4.816602992209516, 4.8245611416105465, 4.832255768675686, 4.839690911349708, 4.84687092439224, 4.8538004206880885, 4.860484250093141, 4.866927482546173, 4.87313541152151, 4.879113537573732, 4.884867523599309, 4.89040318342711, 4.895726489902048, 4.900843538951646, 4.9057605472222265, 4.9104838066671235, 4.91501968202767, 4.919374597019542, 4.923554979273676, 4.92756729779216, 4.931417997757504, 4.935113498611022, 4.93866020185636, 4.9420644706178924, 4.945332530849915, 4.9484705932872, 4.951484759887237, 4.954380987681745, 4.957165137797558, 4.959842922179851, 4.962419901778293, 4.964901488611085, 4.967292925053236, 4.969599283566498, 4.971825478814198, 4.973976206279968, 4.976056011109157]",75,,,,,4.976056011109157,,0.6634741348145543,,,,6.853608131408691,6.853608131408691,False,,0.0,0.0,,,6.86806583404541,2026-09-07 15:00:47,x86_64,dacsvm-cpunode01,,32,32,3.11.15,0.22,False,False,False,True,6,True,False,False,True,adam,True,1,10,hamqaoa,0.001,False,False,hog,False,False,False,False,True,False,False,1,HOG_graphs/Exp5/complete_graphs_2to12vertices_11instances_AdjacencyList.txt,False,0,16,1,1,0,0,0,5,10,42,True,_FINAL_BENCHMARKS_STANDARD,1,,42,5,"[(2, 3), (2, 6), (3, 5), (4, 6), (0, 5), (1, 4), (0, 2), (3, 4), (4, 5), (2, 5), (1, 3), (0, 1), (1, 6), (0, 4), (5, 6), (3, 6), (2, 4), (0, 3), (1, 2), (0, 6), (1, 5)]","[1.0, 1.0, 1.0, 1.0, 1.0, 1.0, 1.0, 1.0, 1.0, 1.0, 1.0, 1.0, 1.0, 1.0, 1.0, 1.0, 1.0, 1.0, 1.0, 1.0, 1.0]"
98b46477,3,3,3,75.0,False,False,"[1, 1, 1]",,,,,,,,,,,,,,1.116360804800675,"[1.116360804800675, 1.1190404301070185, 1.1217110836101907, 1.1243722015480309, 1.1270232313677597, 1.1296636277623417, 1.1322928540103607, 1.1349103774422709, 1.1375156710178143, 1.1401082129947797, 1.1426874840191552, 1.1452529700577117, 1.1478041642052632, 1.1503405640752409, 1.15286167945204, 1.1553670233408138, 1.157856122517669, 1.1603285138606192, 1.1627837472817746, 1.1652213861871794, 1.1676410119576606, 1.170042225997781, 1.1724246513577627, 1.1747879324293566, 1.1771317389058444, 1.179455769900823, 1.1817597545876266, 1.184043454224335, 1.1863066663227646, 1.1885492266336142, 1.1907710097923458, 1.1929719365442137, 1.1951519675152775, 1.1973111080489351, 1.1994494073999118, 1.2015669571420675, 1.2036638926545296, 1.2057403809273806, 1.2077966217547216, 1.2098328421844, 1.2118492807985966, 1.2138461875071687, 1.2158238097689056, 1.2177823819152833, 1.2197221222914192, 1.2216432239475703, 1.2235458523935172, 1.2254301389364415, 1.2272961732058312, 1.229144015035985, 1.2309736857153877, 1.2327851739115399, 1.2345784413373573, 1.236353424222758, 1.2381100351553918, 1.239848167884454, 1.2415677027621492, 1.243268507774917, 1.2449504468956905, 1.2466133747551995, 1.248257146340858, 1.2498816145714418, 1.2514866354840275, 1.2530720671693782, 1.2546377770952697, 1.256183637416292, 1.25770952429875, 1.2592153263390862, 1.2607009386325136, 1.2621662691598439, 1.2636112358356812, 1.2650357672473653, 1.266439806609338, 1.2678233056696342, 1.2691862280858703, 1.2705285544913012]",75,,,,,1.2705285544913012,,0.8470190363275342,,,,10.415664672851562,10.415664672851562,False,,0.0,0.0,,,10.425230026245117,2026-09-07 15:00:50,x86_64,dacsvm-cpunode01,,32,32,3.11.15,0.23,False,False,False,True,2,True,False,True,True,adam,True,1,10,hamqaoa,0.001,False,False,hog,False,False,False,False,True,False,False,1,HOG_graphs/Exp5/complete_graphs_2to12vertices_11instances_AdjacencyList.txt,False,0,16,1,1,0,0,0,5,10,42,True,_FINAL_BENCHMARKS_STANDARD,1,,42,1,"[(1, 2), (0, 1), (0, 2)]","[1.0, 1.0, 1.0]"
04c47e7c,5,10,2,75.0,False,False,"[1, 1, 1]",,,,,,,,,,,,,,2.8867624233324545,"[2.8867624233324545, 2.902946543016615, 2.9190139140184104, 2.934949765308606, 2.9507392031886974, 2.9663672671575427, 2.9818189829123294, 2.9970794156478506, 3.0121337450244083, 3.0269673415964404, 3.0415658457214594, 3.0559152689009106, 3.0700020725479105, 3.0838132781470287, 3.0973365703549973, 3.1105604057740384, 3.123474115895312, 3.136068034379588, 3.148333593579522, 3.160263431640754, 3.171851506059703, 3.183093188374436, 3.193985352909009, 3.2045264412625314, 3.2147165256252146, 3.224557369548821, 3.2340524256434575, 3.243206849281081, 3.25202748645858, 3.260522809623113, 3.2687028475829223, 3.276579067241593, 3.284164236362213, 3.2914722798250193, 3.298518068367643, 3.3053172199015686, 3.3118858635142803, 3.3182404128784673, 3.324397298254199, 3.330372726947758, 3.3361824508069313, 3.341841527280287, 3.347364125672374, 3.352763369236204, 3.3580511606787553, 3.3632380992375595, 3.3683334016676687, 3.3733448795051344, 3.3782789324404643, 3.3831405932034495, 3.3879336053174938, 3.3926605223672794, 3.3973228035820644, 3.4019209738754967, 3.4064547509096634, 3.4109231984663437, 3.4153248743730114, 3.4196579812054058, 3.423920487690125, 3.42811025991557, 3.4322251800417813, 3.4362632392938472, 3.4402226092991217, 3.444101723034463, 3.4478993026717766, 3.4516143900517755, 3.4552463805236067, 3.458795035114485, 3.4622604391886584, 3.46564301026394, 3.46894345961081, 3.472162760170187, 3.4753021132067676, 3.4783629120146267, 3.481346684226992, 3.484255066702768]",75,,,,,3.484255066702768,,0.871063766675692,,,,11.293381452560425,11.293381452560425,False,,0.0,0.0,,,11.304590225219727,2026-09-07 15:00:50,x86_64,dacsvm-cpunode01,,32,32,3.11.15,0.23,False,False,False,True,4,True,False,False,True,adam,True,1,10,hamqaoa,0.001,False,False,hog,False,False,False,False,True,False,False,1,HOG_graphs/Exp5/complete_graphs_2to12vertices_11instances_AdjacencyList.txt,False,0,16,1,1,0,0,0,5,10,42,True,_FINAL_BENCHMARKS_STANDARD,1,,42,3,"[(1, 3), (0, 1), (2, 3), (0, 4), (0, 3), (1, 2), (3, 4), (1, 4), (0, 2), (2, 4)]","[1.0, 1.0, 1.0, 1.0, 1.0, 1.0, 1.0, 1.0, 1.0, 1.0]"
11ee6ee9,10,45,1,75.0,False,False,"[1, 1, 1]",,,,,,,,,,,,,,9.727879956410494,"[9.727879956410494, 9.758157531370617, 9.787795500461252, 9.816774183664233, 9.84507471266093, 9.872679074655496, 9.899570289072393, 9.925732841323512, 9.951152455537784, 9.975816574203094, 9.999714148686598, 10.022836073910476, 10.045175315212036, 10.066726804570617, 10.087487718578998, 10.107457668776458, 10.126638749889516, 10.14503541472416, 10.162655022807986, 10.17950743634835, 10.195605037551454, 10.210963102150926, 10.225599516283076, 10.239534532592677, 10.252791017919039, 10.265394292337403, 10.27737165482211, 10.288752448854103, 10.299567444066163, 10.309848999071788, 10.3196304874036, 10.328946005758391, 10.33783016802523, 10.346317751665488, 10.354443120394526, 10.362240045069237, 10.369741177100812, 10.376978060187252, 10.383980515165, 10.390776568270065, 10.397392022481766, 10.403850538897009, 10.410173436827412, 10.416379670637383, 10.422485585889198, 10.428505224781654, 10.434450256539535, 10.440330263464869, 10.446152653202407, 10.451922891935506, 10.45764496609454, 10.463321159898548, 10.468952502118162, 10.474539002065605, 10.480079776267686, 10.485573264188497, 10.491017532788804, 10.496410267264064, 10.501749115910304, 10.507031603357037, 10.512255410736802, 10.517418326592745, 10.522518561706885, 10.527554504411397, 10.53252499360468, 10.537429224273074, 10.542266631941878, 10.547037217559202, 10.551741113264088, 10.556378964716698, 10.560951549360405, 10.565460015253167, 10.569905682698815, 10.574289988227086, 10.578614450477605, 10.58288068143192]",75,,,,,10.58288068143192,,0.705525378762128,,,,12.933134078979492,12.933134078979492,False,,0.0,0.0,,,12.945179224014282,2026-09-07 15:00:52,x86_64,dacsvm-cpunode01,,32,32,3.11.15,0.23,False,False,False,True,9,True,False,False,False,adam,True,1,10,hamqaoa,0.001,False,False,hog,False,False,False,False,True,False,False,1,HOG_graphs/Exp5/complete_graphs_2to12vertices_11instances_AdjacencyList.txt,False,0,16,1,1,0,0,0,5,10,42,True,_FINAL_BENCHMARKS_STANDARD,1,,42,8,"[(2, 3), (3, 8), (2, 6), (3, 5), (2, 9), (4, 6), (4, 9), (7, 8), (0, 5), (1, 4), (0, 2), (0, 8), (1, 7), (6, 9), (5, 7), (3, 4), (2, 8), (4, 5), (3, 7), (2, 5), (4, 8), (8, 9), (1, 3), (0, 1), (1, 6), (0, 4), (1, 9), (0, 7), (6, 8), (5, 6), (5, 9), (3, 6), (2, 4), (3, 9), (2, 7), (4, 7), (7, 9), (0, 3), (1, 2), (1, 8), (0, 6), (1, 5), (0, 9), (5, 8), (6, 7)]","[1.0, 1.0, 1.0, 1.0, 1.0, 1.0, 1.0, 1.0, 1.0, 1.0, 1.0, 1.0, 1.0, 1.0, 1.0, 1.0, 1.0, 1.0, 1.0, 1.0, 1.0, 1.0, 1.0, 1.0, 1.0, 1.0, 1.0, 1.0, 1.0, 1.0, 1.0, 1.0, 1.0, 1.0, 1.0, 1.0, 1.0, 1.0, 1.0, 1.0, 1.0, 1.0, 1.0, 1.0, 1.0]"
44f8db47,3,3,4,75.0,False,False,"[1, 1, 1]",,,,,,,,,,,,,,0.9974199320273333,"[0.9974199320273333, 1.001654033207589, 1.0058766456622155, 1.0100870940476956, 1.0142847862783744, 1.018469263872006, 1.022640254978692, 1.0267977601050335, 1.030942148047419, 1.035074217891934, 1.0391951686384209, 1.0433064509742682, 1.0474095129880112, 1.051505577553218, 1.055595557782062, 1.0596800877768577, 1.0637596355900036, 1.0678346169108448, 1.0719054901973315, 1.0759728230453713, 1.0800373373856826, 1.0840999342296231, 1.0881616800605696, 1.0922237947069944, 1.096287589116326, 1.1003544050662275, 1.1044255276558177, 1.1085021185789938, 1.1125851655220311, 1.1166754278020194, 1.120773411585923, 1.1248793853327939, 1.1289933812535273, 1.1331152350808216, 1.1372445975723755, 1.1413809819932026, 1.145523768482151, 1.149672245132567, 1.1538256065546042, 1.157982986390807, 1.1621434420690269, 1.1663059821945756, 1.1704695650467074, 1.1746331045262468, 1.178795474105804, 1.1829555046870206, 1.1871119852845378, 1.1912636799968819, 1.19540931336411, 1.1995475653879457, 1.203677097337993, 1.2077965499911962, 1.2119045244530318, 1.2159996062148857, 1.2200803531517403, 1.2241453201632437, 1.2281930412595525, 1.2322220386341347, 1.2362308368085602, 1.2402179536383713, 1.2441819115742958, 1.2481212405641502, 1.2520344813374917, 1.2559201785397272, 1.2597769172646358, 1.2636032926283451, 1.2673979379317586, 1.271159516256182, 1.2748867198376512, 1.2785782935860555, 1.2822330210542385, 1.2858497375100821, 1.2894273334141488, 1.29296475176248, 1.2964609973455872, 1.2999151322259426]",75,,,,,1.2999151322259426,,0.8666100881506283,,,,16.360227346420288,16.360227346420288,False,,0.0,0.0,,,16.3740873336792,2026-09-07 15:00:56,x86_64,dacsvm-cpunode01,,32,32,3.11.15,0.23,False,False,False,True,2,True,False,True,True,adam,True,1,10,hamqaoa,0.001,False,False,hog,False,False,False,False,True,False,False,1,HOG_graphs/Exp5/complete_graphs_2to12vertices_11instances_AdjacencyList.txt,False,0,16,1,1,0,0,0,5,10,42,True,_FINAL_BENCHMARKS_STANDARD,1,,42,1,"[(1, 2), (0, 1), (0, 2)]","[1.0, 1.0, 1.0]"
c4517dba,2,1,1,75.0,False,False,"[1, 1, 1]",,,,,,,,,,,,,,0.6165792916627437,"[0.6165792916627437, 0.6188796326391484, 0.6211743186033387, 0.6234631592271487, 0.6257459679086852, 0.6280225606237002, 0.6302927585241824, 0.6325563875105125, 0.6348132801547133, 0.637063275270926, 0.6393062205447246, 0.6415419725556957, 0.6437703979067317, 0.6459913733817564, 0.6482047871453994, 0.6504105395159712, 0.6526085431109638, 0.6547987222238524, 0.6569810137869149, 0.6591553657577915, 0.6613217364241164, 0.6634800928081068, 0.6656304098973361, 0.6677726676373488, 0.6699068493651401, 0.6720329388482469, 0.6741509187672361, 0.6762607684667692, 0.6783624623367679, 0.680455968118018, 0.6825412458661398, 0.6846182477646048, 0.6866869191385433, 0.6887471978519358, 0.6907990163960812, 0.6928423029138036, 0.694876982972819, 0.6969029805563423, 0.6989202210195207, 0.7009286317718084, 0.7029281435916547, 0.7049186927359675, 0.7069002214682496, 0.7088726795499616, 0.7108360245168066, 0.7127902204524392, 0.7147352400713296, 0.7166710641259013, 0.7185976802614229, 0.7205150833497385, 0.7224232737582934, 0.7243222571977364, 0.7262120443417951, 0.7280926481745191, 0.7299640850527481, 0.7318263735949417, 0.7336795337729666, 0.7355235867496752, 0.7373585545876175, 0.7391844604897042, 0.7410013272171777, 0.7428091793970664, 0.7446080427518686, 0.7463979436736798, 0.7481789099842747, 0.7499509710540984, 0.7517141592363248, 0.7534685082745596, 0.7552140542534138, 0.7569508357978363, 0.7586788938520751, 0.7603982713803158, 0.7621090139758101, 0.7638111681366323, 0.765504782964065, 0.7671899078577908]",75,,,,,0.7671899078577908,,0.7671899078577908,,,,2.0352888107299805,2.0352888107299805,False,,0.0,0.0,,,2.045342445373535,2026-09-07 15:00:58,x86_64,dacsvm-cpunode01,,32,32,3.11.15,0.22,True,False,True,True,1,True,False,True,False,adam,True,1,10,hamqaoa,0.001,False,False,hog,False,False,False,False,True,False,False,1,HOG_graphs/Exp5/complete_graphs_2to12vertices_11instances_AdjacencyList.txt,False,0,16,1,1,0,0,0,5,10,42,True,_FINAL_BENCHMARKS_STANDARD,1,,42,0,"[(0, 1)]",[1.0]
9af71e4b,2,1,2,75.0,False,False,"[1, 1, 1]",,,,,,,,,,,,,,0.42245263957116064,"[0.42245263957116064, 0.4245942309206995, 0.42673459002060987, 0.42887360228632826, 0.43101115619529085, 0.43314714380937314, 0.435281462064666, 0.43741401328796037, 0.4395447054195628, 0.44167345280704723, 0.4438001784764686, 0.44592481357051894, 0.44804729864309667, 0.4501675856403873, 0.4522856373812616, 0.45440142971633846, 0.4565149506037171, 0.4586262021864586, 0.46073520070325374, 0.46284197665481625, 0.4649465747671061, 0.46704905458302803, 0.46914949010798906, 0.4712479683716798, 0.47334458839364785, 0.4754394607323968, 0.4775327050662844, 0.4796244492164583, 0.4817148256406543, 0.4838039699438592, 0.48589201693556083, 0.48797909951601637, 0.490065344995519, 0.49215087229806653, 0.49423578830585313, 0.49632018746305445, 0.49840414862642535, 0.5004877345708947, 0.5025709889494312, 0.5046539374023968, 0.50673658752896, 0.5088189282658003, 0.5109009311622397, 0.5129825524429633, 0.5150637339458327, 0.5171444047779398, 0.5192244839627607, 0.521303883526261, 0.5233825089075923, 0.525460261808443, 0.5275370413962184, 0.5296127477072876, 0.5316872821650283, 0.5337605505176399, 0.5358324607670389, 0.5379029268519322, 0.5399718682909297, 0.5420392102965641, 0.544104884321835, 0.5461688258636055, 0.5482309762580926, 0.5502912804864364, 0.552349688437195, 0.5544061517376664, 0.5564606252287492, 0.5585130647851275, 0.5605634258830816, 0.5626116654304036, 0.5646577386030134, 0.566701599496651, 0.5687432012958022, 0.5707824952333699, 0.5728194306602472, 0.5748539559263721, 0.5768860176020395, 0.5789155609147212]",75,,,,,0.5789155609147212,,0.5789155609147212,,,,3.985722064971924,3.985722064971924,False,,0.0,0.0,,,3.994309663772583,2026-09-07 15:01:00,x86_64,dacsvm-cpunode01,,32,32,3.11.15,0.22,True,False,True,True,1,True,False,True,False,adam,True,1,10,hamqaoa,0.001,False,False,hog,False,False,False,False,True,False,False,1,HOG_graphs/Exp5/complete_graphs_2to12vertices_11instances_AdjacencyList.txt,False,0,16,1,1,0,0,0,5,10,42,True,_FINAL_BENCHMARKS_STANDARD,1,,42,0,"[(0, 1)]",[1.0]
fb87c628,5,10,3,75.0,False,False,"[1, 1, 1]",,,,,,,,,,,,,,2.98104272751074,"[2.98104272751074, 2.9876829095478876, 2.994179320095066, 3.000531095979448, 3.00673805131556, 3.012800746215973, 3.0187205868347373, 3.0244998438406725, 3.030141739366482, 3.035650450758834, 3.0410311121707765, 3.046289740735275, 3.0514331046905565, 3.0564684980691057, 3.0614035182269026, 3.0662457909099725, 3.071002723894131, 3.075681348597715, 3.0802881959689556, 3.0848292537350535, 3.089309968405684, 3.0937352761191597, 3.0981096393441274, 3.102437104519236, 3.106721340990042, 3.11096569534601, 3.1151732365823155, 3.119346799292893, 3.12348903960975, 3.127602491203541, 3.1316895663572533, 3.135752598236838, 3.139793831148425, 3.1438154273980117, 3.147819428954269, 3.1518077345335276, 3.1557820749250793, 3.15974398203003, 3.1636947909496396, 3.1676355973207757, 3.1715672740247047, 3.175490471259015, 3.1794056489469025, 3.1833130883717433, 3.187212907350955, 3.1911050974915645, 3.1949895445504604, 3.1988660237473066, 3.2027342440084996, 3.2065938457910415, 3.2104444144670956, 3.214285474286157, 3.2181164820454544, 3.221936820756936, 3.225745803210405, 3.229542676069699, 3.2333266065966995, 3.237096681061446, 3.240851914913114, 3.2445912425167314, 3.2483135484742047, 3.252017667068609, 3.2557023954531825, 3.2593664994985887, 3.263008732128949, 3.2666278376581666, 3.270222562591628, 3.273791670198004, 3.277333960047268, 3.280848241650463, 3.284333365351381, 3.2877882075289953, 3.291211683793175, 3.294602757535287, 3.2979604349620435, 3.3012837634758885]",75,,,,,3.3012837634758885,,0.8253209408689721,,,,21.459208250045776,21.459208250045776,False,,0.0,0.0,,,21.472747802734375,2026-09-07 15:01:00,x86_64,dacsvm-cpunode01,,32,32,3.11.15,0.23,False,False,False,True,4,True,False,False,True,adam,True,1,10,hamqaoa,0.001,False,False,hog,False,False,False,False,True,False,False,1,HOG_graphs/Exp5/complete_graphs_2to12vertices_11instances_AdjacencyList.txt,False,0,16,1,1,0,0,0,5,10,42,True,_FINAL_BENCHMARKS_STANDARD,1,,42,3,"[(1, 3), (0, 1), (2, 3), (0, 4), (0, 3), (1, 2), (3, 4), (1, 4), (0, 2), (2, 4)]","[1.0, 1.0, 1.0, 1.0, 1.0, 1.0, 1.0, 1.0, 1.0, 1.0]"
aad22f0d,2,1,3,75.0,False,False,"[1, 1, 1]",,,,,,,,,,,,,,0.7346489709258064,"[0.7346489709258064, 0.7383571795887691, 0.7420099264706118, 0.7456057688322675, 0.7491434408443285, 0.7526219168831634, 0.7560404816313161, 0.7593988117836608, 0.7626970528970187, 0.7659358546167674, 0.7691163327067378, 0.7722399250733225, 0.7753081580919128, 0.7783224077707047, 0.7812837333069099, 0.7841928232759934, 0.7870500372626497, 0.7898554869018116, 0.7926091361441223, 0.7953108800170181, 0.7979606050300376, 0.8005582312556566, 0.8031037472571596, 0.8055972262210442, 0.8080388412944246, 0.8104288724254552, 0.8127677066613257, 0.8150558407342188, 0.817293876133975, 0.8194825124604562, 0.8216225384056972, 0.823714824858053, 0.8257603138803431, 0.82776000480552, 0.8297149464675366, 0.8316262248068493, 0.8334949524967503, 0.8353222614828604, 0.8371092935943669, 0.8388571933429443, 0.8405671051571043, 0.8422401673332851, 0.8438775080496371, 0.8454802435202278, 0.8470494772762573, 0.8485862996911532, 0.8500917854144183, 0.8515669945620027, 0.8530129734175773, 0.854430751338605, 0.8558213430828819, 0.8571857470748188, 0.8585249462105033, 0.8598399036167358, 0.8611315669577158, 0.862400864168092, 0.863648703773708, 0.864875974837582, 0.8660835434533203, 0.8672722551819952, 0.8684429321392223, 0.8695963717059914, 0.8707333489778453, 0.8718546153908255, 0.8729608975266575, 0.8740528969086627, 0.8751312912621985, 0.8761967334227797, 0.8772498529378585, 0.8782912536768724, 0.8793215173424788, 0.8803412016664476, 0.8813508431526911, 0.8823509530319396, 0.8833420223842587, 0.8843245208706616]",75,,,,,0.8843245208706616,,0.8843245208706616,,,,6.885056734085083,6.885056734085083,False,,0.0,0.0,,,6.893296718597412,2026-09-07 15:01:03,x86_64,dacsvm-cpunode01,,32,32,3.11.15,0.23,True,False,True,True,1,True,False,True,False,adam,True,1,10,hamqaoa,0.001,False,False,hog,False,False,False,False,True,False,False,1,HOG_graphs/Exp5/complete_graphs_2to12vertices_11instances_AdjacencyList.txt,False,0,16,1,1,0,0,0,5,10,42,True,_FINAL_BENCHMARKS_STANDARD,1,,42,0,"[(0, 1)]",[1.0]
f2ae4ad9,3,3,5,75.0,False,False,"[1, 1, 1]",,,,,,,,,,,,,,1.2288595564515732,"[1.2288595564515732, 1.2356301725204595, 1.2422499775854454, 1.2487100009531216, 1.2550042886310668, 1.2611317152686898, 1.2670977896704867, 1.272914721410943, 1.2785985490446852, 1.284165382960292, 1.2896293442606364, 1.2950017860298884, 1.3002907393983307, 1.305500590710136, 1.3106323277483016, 1.315684189066948, 1.3206524806135174, 1.3255323389570437, 1.3303183608683709, 1.335005112512123, 1.3395875033527758, 1.3440610838070284, 1.3484222559194587, 1.3526683977063083, 1.356797902246856, 1.3608101481036288, 1.364705426777495, 1.3684848296096395, 1.3721501269591085, 1.3757036147552282, 1.3791479520442498, 1.382486013000041, 1.3857207483591059, 1.3888551136502705, 1.3918920172789186, 1.3948343319683993, 1.3976849494622101, 1.4004468278948792, 1.4031230542590607, 1.4057168892297054, 1.4082317777923514, 1.4106713287079262, 1.4130392578092472, 1.415339315839885, 1.4175752059575255, 1.419750489304474, 1.4218685218875893, 1.423932398840724, 1.4259449518266172, 1.4279087429575654, 1.4298261001538624, 1.431699154438888, 1.433529881430951, 1.4353201273620415, 1.4370716398089691, 1.4387860630782319, 1.4404649251854997, 1.4421096147503831, 1.4437213651733045, 1.4453012280509872, 1.446850065375823, 1.4483685494781822, 1.4498571874243182, 1.451316346828624, 1.4527462783197607, 1.4541471629531575, 1.4555191352245682, 1.4568623069316815, 1.4581767885898311, 1.4594626946257738, 1.46072014507194, 1.4619492651620098, 1.4631501783607315, 1.464323018502313, 1.4654679272235942, 1.4665850602543367]",75,,,,,1.4665850602543367,,0.9777233735028911,,,,23.69696283340454,23.69696283340454,False,,0.0,0.0,,,23.706227779388428,2026-09-07 15:01:03,x86_64,dacsvm-cpunode01,,32,32,3.11.15,0.23,False,False,False,True,2,True,False,True,True,adam,True,1,10,hamqaoa,0.001,False,False,hog,False,False,False,False,True,False,False,1,HOG_graphs/Exp5/complete_graphs_2to12vertices_11instances_AdjacencyList.txt,False,0,16,1,1,0,0,0,5,10,42,True,_FINAL_BENCHMARKS_STANDARD,1,,42,1,"[(1, 2), (0, 1), (0, 2)]","[1.0, 1.0, 1.0]"
87487bc4,7,21,2,75.0,False,False,"[1, 1, 1]",,,,,,,,,,,,,,3.629762306666057,"[3.629762306666057, 3.6420745117394984, 3.6543529889262714, 3.66659773511786, 3.6788088045849103, 3.690986239495918, 3.7031301423256413, 3.71524063282687, 3.72731786287594, 3.739362005251023, 3.751373266832196, 3.763351874863616, 3.7752980719504596, 3.78721210382864, 3.7990942980027755, 3.810944955953693, 3.8227644072487528, 3.8345529986796096, 3.8463111120138618, 3.858039151341602, 3.8697375090595876, 3.881406583186033, 3.8930468055356187, 3.9046585943108005, 3.9162423889975986, 3.927798594935503, 3.9393276521363654, 3.9508299933540947, 3.962306024433948, 3.9737561712497635, 3.985180860749986, 3.996580476346369, 4.007955414584514, 4.019306058662267, 4.0306327718200725, 4.041935930831111, 4.053215874066087, 4.064472985052935, 4.075707565274578, 4.086919984305563, 4.098110614143342, 4.109279788307116, 4.120427882737117, 4.131555295048959, 4.142662485362456, 4.153749971231578, 4.164818304351327, 4.175868091327075, 4.186900015765211, 4.19791470922338, 4.208912825979281, 4.219895005104074, 4.230861751261764, 4.241813561733158, 4.252750742105132, 4.263673497440823, 4.274581967594287, 4.285476104581937, 4.296355815239768, 4.307220842166221, 4.318070891516021, 4.328905551248562, 4.339724346064063, 4.350526711743214, 4.361312015486476, 4.372079513593529, 4.382828427363235, 4.393557881653398, 4.4042669576832925, 4.414954618828498, 4.425619840176938, 4.436261481509589, 4.446878363877884, 4.45746924091014, 4.468032829040264, 4.478567782458396]",75,,,,,4.478567782458396,,0.5971423709944528,,,,19.360116243362427,19.360116243362427,False,,0.0,0.0,,,19.36767053604126,2026-09-07 15:01:04,x86_64,dacsvm-cpunode01,,32,32,3.11.15,0.23,False,False,False,True,6,True,False,False,True,adam,True,1,10,hamqaoa,0.001,False,False,hog,False,False,False,False,True,False,False,1,HOG_graphs/Exp5/complete_graphs_2to12vertices_11instances_AdjacencyList.txt,False,0,16,1,1,0,0,0,5,10,42,True,_FINAL_BENCHMARKS_STANDARD,1,,42,5,"[(2, 3), (2, 6), (3, 5), (4, 6), (0, 5), (1, 4), (0, 2), (3, 4), (4, 5), (2, 5), (1, 3), (0, 1), (1, 6), (0, 4), (5, 6), (3, 6), (2, 4), (0, 3), (1, 2), (0, 6), (1, 5)]","[1.0, 1.0, 1.0, 1.0, 1.0, 1.0, 1.0, 1.0, 1.0, 1.0, 1.0, 1.0, 1.0, 1.0, 1.0, 1.0, 1.0, 1.0, 1.0, 1.0, 1.0]"
dddce085,4,6,1,75.0,False,False,"[1, 1, 1]",,,,,,,,,,,,,,1.4667766057263183,"[1.4667766057263183, 1.4689551772401925, 1.4711226966174764, 1.473278952315921, 1.475423762698133, 1.4775569777839255, 1.4796784825533607, 1.4817881913375652, 1.4838860559142675, 1.4859720597492074, 1.4880462199429743, 1.4901085867504822, 1.492159244526729, 1.4941983042804592, 1.4962259049088658, 1.4982422058903029, 1.5002473948365436, 1.5022416737340434, 1.504225261295576, 1.5061983862123722, 1.5081612833300255, 1.51011418973546, 1.512057343685822, 1.5139909757871017, 1.515915310774442, 1.5178305581580938, 1.519736913138928, 1.5216345567640166, 1.5235236528756317, 1.5254043468401772, 1.527276763384547, 1.5291410124120621, 1.530997184678715, 1.5328453554901182, 1.5346855871514327, 1.5365179307607322, 1.5383424286956444, 1.5401591166365183, 1.541968028377053, 1.5437691910240783, 1.5455626328961904, 1.54734838417464, 1.5491264779799567, 1.5508969491229914, 1.5526598384158035, 1.5544151917987086, 1.5561630619095723, 1.5579035006587327, 1.5596365686017137, 1.5613623237052534, 1.5630808335571351, 1.5647921611228666, 1.5664963709820394, 1.5681935271459706, 1.5698836939665577, 1.5715669364708502, 1.5732433148184608, 1.5749128879247478, 1.5765757105045508, 1.5782318393356463, 1.5798813237829938, 1.5815242163405043, 1.5831605628837107, 1.5847904085849989, 1.5864138001350796, 1.5880307779651521, 1.589641385524707, 1.591245663734489, 1.5928436559214914, 1.5944354015025075, 1.5960209410663908, 1.5976003157590364, 1.5991735674824652, 1.6007407358472698, 1.6023018635148762, 1.6038569945252295]",75,,,,,1.6038569945252295,,0.5346189981750765,,,,3.6016247272491455,3.6016247272491455,False,,0.0,0.0,,,3.6130151748657227,2026-09-07 15:01:10,x86_64,dacsvm-cpunode01,,32,32,3.11.15,0.22,False,True,False,True,3,True,False,True,False,adam,True,1,10,hamqaoa,0.001,False,False,hog,False,False,False,False,True,False,False,1,HOG_graphs/Exp5/complete_graphs_2to12vertices_11instances_AdjacencyList.txt,False,0,16,1,1,0,0,0,5,10,42,True,_FINAL_BENCHMARKS_STANDARD,1,,42,2,"[(1, 3), (0, 1), (2, 3), (0, 3), (1, 2), (0, 2)]","[1.0, 1.0, 1.0, 1.0, 1.0, 1.0]"
f120ca0c,2,1,4,75.0,False,False,"[1, 1, 1]",,,,,,,,,,,,,,0.44923566820978295,"[0.44923566820978295, 0.4542278227571008, 0.4592310014351546, 0.4642446718709653, 0.4692682791534716, 0.4743012441030562, 0.47934296548908, 0.4843928161269671, 0.48945014488080485, 0.4945142761822585, 0.49958451129507203, 0.5046601262879867, 0.509740373911483, 0.5148244840533123, 0.5199116635577337, 0.5250010988622926, 0.5300919568689109, 0.5351833834343166, 0.5402745067244665, 0.5453644403986875, 0.5504522807471234, 0.5555371124594393, 0.5606180081193317, 0.5656940300388219, 0.5707642327730443, 0.5758276636807722, 0.5808833673094583, 0.5859303851331089, 0.5909677588322317, 0.5959945311612528, 0.6010097483983382, 0.6060124625005815, 0.6110017306323339, 0.6159766186440399, 0.6209362017596649, 0.6258795650661376, 0.6308058058615901, 0.635714033130794, 0.6406033695082489, 0.6454729506887922, 0.6503219259338814, 0.655149456399074, 0.659954718558206, 0.6647368999778243, 0.6694951995549707, 0.6742288273195159, 0.6789370040422027, 0.6836189589521806, 0.6882739289282874, 0.6929011601708278, 0.6974999044900291, 0.7020694215114177, 0.7066089744043695, 0.7111178298637498, 0.7155952644172158, 0.7200405586689664, 0.7244529986965447, 0.7288318782906421, 0.7331764968279648, 0.7374861655098228, 0.7417602060949056, 0.7459979528838431, 0.7501987519316284, 0.7543619657554841, 0.7584869743089788, 0.7625731763210897, 0.7666199916182843, 0.7706268605422, 0.7745932466729577, 0.7785186406074095, 0.7824025553692379, 0.7862445334012864, 0.7900441426153556, 0.793800980674169, 0.7975146711280359, 0.801184866291691]",75,,,,,0.801184866291691,,0.801184866291691,,,,10.303690195083618,10.303690195083618,False,,0.0,0.0,,,10.311461448669434,2026-09-07 15:01:12,x86_64,dacsvm-cpunode01,,32,32,3.11.15,0.23,True,False,True,True,1,True,False,True,False,adam,True,1,10,hamqaoa,0.001,False,False,hog,False,False,False,False,True,False,False,1,HOG_graphs/Exp5/complete_graphs_2to12vertices_11instances_AdjacencyList.txt,False,0,16,1,1,0,0,0,5,10,42,True,_FINAL_BENCHMARKS_STANDARD,1,,42,0,"[(0, 1)]",[1.0]
1f8448c6,5,10,4,75.0,False,False,"[1, 1, 1]",,,,,,,,,,,,,,3.013074669952435,"[3.013074669952435, 3.0257903328097964, 3.038315196950123, 3.0506410721004715, 3.062760535111179, 3.0746673733071685, 3.0863570938940352, 3.097827313275718, 3.1090774929582534, 3.1201078502856405, 3.130918172776703, 3.1415073365769937, 3.151873569116853, 3.1620149491536047, 3.1719297836722817, 3.18161684435154, 3.191075478365475, 3.2003056619669685, 3.209307979619732, 3.2180836633106558, 3.2266345244490964, 3.2349629359895715, 3.243071758063895, 3.2509643343185877, 3.258644417157584, 3.266116104719524, 3.2733838161008193, 3.2804521945399427, 3.28732608649012, 3.2940104683628038, 3.3005104169281507, 3.306831066987405, 3.3129775605535845, 3.3189550441701208, 3.3247686218562023, 3.330423348446688, 3.3359242273595284, 3.3412761822158106, 3.346484033352183, 3.3515525260370436, 3.356486278420596, 3.3612897977141443, 3.365967432517318, 3.3705233851363725, 3.3749616665952, 3.379286114151321, 3.3835003784478324, 3.3876079096267873, 3.3916119635869926, 3.395515659239505, 3.3993219094641836, 3.4030335107167264, 3.406653114515792, 3.410183277080577, 3.4136264775990313, 3.416985116340871, 3.420261526104623, 3.4234580052096963, 3.426576806992163, 3.4296201505072346, 3.432590222553141, 3.4354891668158696, 3.4383191033073652, 3.44108211483237, 3.443780225342682, 3.446415414726163, 3.4489895949840315, 3.451504627627258, 3.453962317024315, 3.4563643921383407, 3.4587125246795045, 3.4610083218925283, 3.4632533370210243, 3.4654490453735853, 3.4675968899996685, 3.469698240354404]",75,,,,,3.469698240354404,,0.867424560088601,,,,33.649495124816895,33.649495124816895,False,,0.0,0.0,,,33.661622762680054,2026-09-07 15:01:13,x86_64,dacsvm-cpunode01,,32,32,3.11.15,0.24,False,False,False,True,4,True,False,False,True,adam,True,1,10,hamqaoa,0.001,False,False,hog,False,False,False,False,True,False,False,1,HOG_graphs/Exp5/complete_graphs_2to12vertices_11instances_AdjacencyList.txt,False,0,16,1,1,0,0,0,5,10,42,True,_FINAL_BENCHMARKS_STANDARD,1,,42,3,"[(1, 3), (0, 1), (2, 3), (0, 4), (0, 3), (1, 2), (3, 4), (1, 4), (0, 2), (2, 4)]","[1.0, 1.0, 1.0, 1.0, 1.0, 1.0, 1.0, 1.0, 1.0, 1.0]"
3b1b4fb2,2,1,5,75.0,False,False,"[1, 1, 1]",,,,,,,,,,,,,,0.3594052710959712,"[0.3594052710959712, 0.3676273705382545, 0.3758377714148733, 0.38403168734873216, 0.3922044511663249, 0.4003516484397642, 0.4084693253544512, 0.4165542701966898, 0.4246043133997711, 0.4326184634330648, 0.44059663151294526, 0.4485389353381979, 0.4564449689290698, 0.4643134709479998, 0.4721424087870827, 0.47992923393111864, 0.48767112582220135, 0.4953651623674469, 0.5030084292079358, 0.5105980870112026, 0.5181314144623079, 0.5256058329704711, 0.5330189243438366, 0.540368440124523, 0.5476523061194054, 0.55486861846826, 0.5620156377048058, 0.5690917761450366, 0.5760955887612897, 0.5830257531668174, 0.5898810575104543, 0.5966603887895789, 0.6033627223814272, 0.609987116031342, 0.6165327083372827, 0.6229987216745554, 0.6293844657954883, 0.6356893440173876, 0.641912860986969, 0.6480546325812161, 0.6541143859006295, 0.6600919659987482, 0.6659873360783763, 0.6718005738498443, 0.6775318748946763, 0.6831815408137422, 0.6887499730900709, 0.6942376593223041, 0.6996451676650648, 0.7049731330600895, 0.7102222416184893, 0.7153932211534709, 0.72048682567479, 0.7255038264273139, 0.7304449989115632, 0.7353111129106242, 0.7401029251606486, 0.7448211709299246, 0.7494665611265581, 0.7540397772824676, 0.7585414706956737, 0.7629722600904605, 0.7673327353404662, 0.7716234621190943, 0.7758449807610497, 0.7799978180146023, 0.7840824845850716, 0.7880994863603532, 0.7920493291921535, 0.7959325271387234, 0.799749608167612, 0.8035011193574748, 0.807187629288943, 0.8108097380840494, 0.8143680758968591, 0.8178633076277374]",75,,,,,0.8178633076277374,,0.8178633076277374,,,,14.57308316230774,14.57308316230774,False,,0.0,0.0,,,14.579257249832153,2026-09-07 15:01:16,x86_64,dacsvm-cpunode01,,32,32,3.11.15,0.23,True,False,True,True,1,True,False,True,False,adam,True,1,10,hamqaoa,0.001,False,False,hog,False,False,False,False,True,False,False,1,HOG_graphs/Exp5/complete_graphs_2to12vertices_11instances_AdjacencyList.txt,False,0,16,1,1,0,0,0,5,10,42,True,_FINAL_BENCHMARKS_STANDARD,1,,42,0,"[(0, 1)]",[1.0]
0a9f3a60,4,6,2,75.0,False,False,"[1, 1, 1]",,,,,,,,,,,,,,0.8614757112062156,"[0.8614757112062156, 0.8672988306296348, 0.8731093046467631, 0.8789058342806912, 0.8846871563853349, 0.8904520617284652, 0.8961994092654506, 0.9019281576520615, 0.9076373864287781, 0.9133263342407164, 0.918994433449146, 0.9246413550750412, 0.9302670522890188, 0.9358718051022352, 0.9414562653386129, 0.9470214908929532, 0.9525689456281067, 0.9581004811853233, 0.9636182817823942, 0.9691247657678453, 0.9746224717422232, 0.980113930891532, 0.9856015623843621, 0.9910875800524638, 0.9965739476236932, 1.0020623270907987, 1.007554063482715, 1.0130501750708776, 1.018551347122135, 1.0240579440003317, 1.0295700215045542, 1.0350873422718652, 1.0406094107021688, 1.0461354945138441, 1.0516646670693892, 1.0571958379815543, 1.0627277931225214, 1.068259232304165, 1.073788799608366, 1.0793151183524994, 1.0848368152600445, 1.0903525444713975, 1.0958610098843238, 1.101360966409825, 1.1068512374878559, 1.112330719675767, 1.1177983794223276, 1.123253243055546, 1.128694395601126, 1.1341209628686915, 1.1395320986414255, 1.1449269688955575, 1.150304733342678, 1.1556645370798344, 1.1610054844261481, 1.1663266365230438, 1.1716270078545634, 1.176905552251863, 1.1821611677836066, 1.1873926991884636, 1.1925989508654766, 1.1977786943262323, 1.2029306638947803, 1.2080535851436704, 1.2131461840626414, 1.2182071895598245, 1.2232353510324012, 1.2282294390967363, 1.2331882582878853, 1.2381106469384378, 1.2429954800858716, 1.247841657916088, 1.2526481243926113, 1.2574138613236077, 1.2621378704660993, 1.2668191846808885]",75,,,,,1.2668191846808885,,0.42227306156029615,,,,8.937678098678589,8.937678098678589,False,,0.0,0.0,,,8.947981119155884,2026-09-07 15:01:16,x86_64,dacsvm-cpunode01,,32,32,3.11.15,0.22,False,True,False,True,3,True,False,True,False,adam,True,1,10,hamqaoa,0.001,False,False,hog,False,False,False,False,True,False,False,1,HOG_graphs/Exp5/complete_graphs_2to12vertices_11instances_AdjacencyList.txt,False,0,16,1,1,0,0,0,5,10,42,True,_FINAL_BENCHMARKS_STANDARD,1,,42,2,"[(1, 3), (0, 1), (2, 3), (0, 3), (1, 2), (0, 2)]","[1.0, 1.0, 1.0, 1.0, 1.0, 1.0]"
fbe85703,6,15,1,75.0,False,False,"[1, 1, 1]",,,,,,,,,,,,,,3.840079918376061,"[3.840079918376061, 3.8469060359688174, 3.8535395584498318, 3.8599766333349352, 3.8662140937029013, 3.872249616460825, 3.878081858226121, 3.883710648516083, 3.8891371624489506, 3.8943640769287153, 3.899395795723846, 3.9042385877596275, 3.9089007337204826, 3.913392549554953, 3.9177263848982538, 3.9219164734717515, 3.9259786605000766, 3.9299299760866506, 3.93378807173138, 3.937570595493225, 3.941294492101417, 3.9449753514811814, 3.948626839747061, 3.952260313933349, 3.955884590274015, 3.9595059041666323, 3.9631280488369587, 3.9667526211535824, 3.9703793978484785, 3.9740066802149867, 3.9776317209319116, 3.9812510692005345, 3.984860884389857, 3.9884572373973923, 3.992036308011722, 3.9955945757283, 3.999128960785433, 4.0026368649791335, 4.006116247215631, 4.009565626816207, 4.012984072276603, 4.0163711588867566, 4.019726900033155, 4.023051705325302, 4.026346294071727, 4.0296116315295345, 4.032848814546886, 4.036059043245667, 4.039243506058835, 4.042403372281567, 4.045539702708811, 4.048653446122616, 4.051745394636284, 4.05481618040711, 4.057866284523401, 4.060896048857449, 4.063905677747507, 4.066895287556095, 4.069864908807986, 4.072814529984074, 4.075744117204801, 4.078653647444516, 4.081543129383543, 4.084412597252234, 4.087262146278872, 4.090091911716885, 4.092902116681588, 4.095693024168087, 4.098464949194138, 4.101218236435498, 4.103953273143084, 4.1066704280242945, 4.1093701022071984, 4.112052693198401, 4.114718567539838, 4.117368092013377]",75,,,,,4.117368092013377,,0.6862280153355629,,,,5.427379369735718,5.427379369735718,False,,0.0,0.0,,,5.439234018325806,2026-09-07 15:01:18,x86_64,dacsvm-cpunode01,,32,32,3.11.15,0.22,False,False,False,True,5,True,False,False,False,adam,True,1,10,hamqaoa,0.001,False,False,hog,False,False,False,False,True,False,False,1,HOG_graphs/Exp5/complete_graphs_2to12vertices_11instances_AdjacencyList.txt,False,0,16,1,1,0,0,0,5,10,42,True,_FINAL_BENCHMARKS_STANDARD,1,,42,4,"[(1, 3), (0, 1), (2, 3), (0, 4), (3, 5), (0, 3), (1, 2), (3, 4), (1, 5), (4, 5), (2, 5), (0, 5), (1, 4), (0, 2), (2, 4)]","[1.0, 1.0, 1.0, 1.0, 1.0, 1.0, 1.0, 1.0, 1.0, 1.0, 1.0, 1.0, 1.0, 1.0, 1.0]"
cbdb9731,10,45,2,75.0,False,False,"[1, 1, 1]",,,,,,,,,,,,,,9.726116658847086,"[9.726116658847086, 9.765186981668943, 9.803797190127202, 9.841935145326614, 9.879593121030618, 9.916769236673897, 9.953469402167288, 9.989709086818397, 10.025515283073654, 10.060928580080128, 10.096003385170693, 10.130807808099943, 10.165420136896236, 10.199923432209923, 10.234398744114841, 10.268917834989926, 10.303538191210246, 10.338299903476864, 10.373225617220783, 10.408322664746576, 10.443586408813038, 10.479002696198968, 10.514551597558324, 10.550208917915848, 10.585948951356741, 10.621744940512826, 10.657570618245664, 10.693400651429167, 10.729211071883672, 10.764979414884765, 10.800684910565533, 10.836308348697747, 10.871831876410926, 10.90723852937111, 10.942512169827518, 10.97763673353628, 11.012595694197667, 11.047372159028406, 11.081947713766908, 11.116302306790814, 11.150413983296156, 11.184258383115118, 11.217809405115473, 11.251039098157651, 11.283917835956506, 11.316415011703668, 11.348499291351127, 11.380139283220638, 11.41130397711732, 11.441963496649493, 11.47208939127286, 11.501654792069354, 11.530635075622458, 11.559007719506615, 11.586752418275019, 11.613851363156074, 11.640288717958526, 11.666051009371353, 11.691126883818326, 11.71550680795075, 11.73918320269578, 11.762150387485908, 11.784404613163812, 11.805943997547619, 11.826768545990983, 11.846879857078788, 11.86628120203211, 11.884978211545299, 11.90297814818274, 11.920290179453167, 11.936925180192405, 11.95289561478656, 11.968215747487852, 11.98290111783066, 11.996968652427595, 12.010436683348585]",75,,,,,12.010436683348585,,0.8006957788899057,,,,42.03182554244995,42.03182554244995,False,,0.0,0.0,,,42.04665207862854,2026-09-07 15:01:21,x86_64,dacsvm-cpunode01,,32,32,3.11.15,0.23,False,False,False,True,9,True,False,False,False,adam,True,1,10,hamqaoa,0.001,False,False,hog,False,False,False,False,True,False,False,1,HOG_graphs/Exp5/complete_graphs_2to12vertices_11instances_AdjacencyList.txt,False,0,16,1,1,0,0,0,5,10,42,True,_FINAL_BENCHMARKS_STANDARD,1,,42,8,"[(2, 3), (3, 8), (2, 6), (3, 5), (2, 9), (4, 6), (4, 9), (7, 8), (0, 5), (1, 4), (0, 2), (0, 8), (1, 7), (6, 9), (5, 7), (3, 4), (2, 8), (4, 5), (3, 7), (2, 5), (4, 8), (8, 9), (1, 3), (0, 1), (1, 6), (0, 4), (1, 9), (0, 7), (6, 8), (5, 6), (5, 9), (3, 6), (2, 4), (3, 9), (2, 7), (4, 7), (7, 9), (0, 3), (1, 2), (1, 8), (0, 6), (1, 5), (0, 9), (5, 8), (6, 7)]","[1.0, 1.0, 1.0, 1.0, 1.0, 1.0, 1.0, 1.0, 1.0, 1.0, 1.0, 1.0, 1.0, 1.0, 1.0, 1.0, 1.0, 1.0, 1.0, 1.0, 1.0, 1.0, 1.0, 1.0, 1.0, 1.0, 1.0, 1.0, 1.0, 1.0, 1.0, 1.0, 1.0, 1.0, 1.0, 1.0, 1.0, 1.0, 1.0, 1.0, 1.0, 1.0, 1.0, 1.0, 1.0]"
b0aea88d,4,6,3,75.0,False,False,"[1, 1, 1]",,,,,,,,,,,,,,1.5452114098768832,"[1.5452114098768832, 1.5517709024286832, 1.5582790556268094, 1.564734243824882, 1.571135821692625, 1.5774843227835782, 1.5837809635728783, 1.590026368982539, 1.5962195644394337, 1.602358115996678, 1.6084389644448955, 1.6144592277475078, 1.6204166489235878, 1.6263096976698044, 1.6321373606699645, 1.6378988253027322, 1.6435932439218455, 1.6492195969202166, 1.654776681647827, 1.660263183082635, 1.6656778196184994, 1.6710194710428663, 1.676287272615426, 1.6814806190092726, 1.6865991086272851, 1.691642423919029, 1.6966102554153013, 1.7015022712446028, 1.706318144944952, 1.7110576203191235, 1.7157205839045093, 1.7203071002397738, 1.7248174053485188, 1.7292518660466578, 1.7336109106767745, 1.737894990183889, 1.7421045602691558, 1.7462401077277496, 1.7503021838427617, 1.7542914217431334, 1.7582085505309901, 1.7620543639381965, 1.7658296692501725, 1.7695352767454842, 1.7731719845214993, 1.7767405899881568, 1.7802419064335775, 1.783676782932137, 1.7870461004553972, 1.7903507683720803, 1.7935916865107513, 1.7967697488195955, 1.7998858336741537, 1.8029408195458239, 1.8059355977973282, 1.8088710637484235, 1.8117481177462897, 1.8145676702387976, 1.817330612021825, 1.8200378230399195, 1.8226901676201475, 1.8252885084228077, 1.8278336982340064, 1.8303265855831743, 1.832768010054909, 1.8351587926760407, 1.8374997382793263, 1.8397916279318038, 1.842035235615172, 1.8442313126150622, 1.8463806073130706, 1.8484838540734765, 1.850541772068888, 1.852555071039569, 1.8545244455459433, 1.8564505848210529]",75,,,,,1.8564505848210529,,0.6188168616070177,,,,16.049392461776733,16.049392461776733,False,,0.0,0.0,,,16.06003451347351,2026-09-07 15:01:23,x86_64,dacsvm-cpunode01,,32,32,3.11.15,0.23,False,True,False,True,3,True,False,True,False,adam,True,1,10,hamqaoa,0.001,False,False,hog,False,False,False,False,True,False,False,1,HOG_graphs/Exp5/complete_graphs_2to12vertices_11instances_AdjacencyList.txt,False,0,16,1,1,0,0,0,5,10,42,True,_FINAL_BENCHMARKS_STANDARD,1,,42,2,"[(1, 3), (0, 1), (2, 3), (0, 3), (1, 2), (0, 2)]","[1.0, 1.0, 1.0, 1.0, 1.0, 1.0]"
4c0109d1,7,21,3,75.0,False,False,"[1, 1, 1]",,,,,,,,,,,,,,4.637735258103615,"[4.637735258103615, 4.672900935053063, 4.707217137449179, 4.740636754221914, 4.773122032592596, 4.804649154547482, 4.835213661023077, 4.86483486072436, 4.893555220590465, 4.921431023181216, 4.948516412003106, 4.974849305840958, 5.000446506307098, 5.025307581561138, 5.049422442091088, 5.072778369054441, 5.095364694809216, 5.117175577295799, 5.138210889621964, 5.158476217256585, 5.177982648593507, 5.196746583501729, 5.214789890702103, 5.2321400091679795, 5.248829646460955, 5.264895963050775, 5.280378299543058, 5.2953153256981205, 5.309742184168353, 5.323688229182547, 5.337176168879333, 5.350222469195625, 5.362838785415936, 5.375034037966218, 5.386816596632338, 5.398196210714782, 5.409185598690475, 5.419801450255915, 5.430064838472201, 5.440000781199793, 5.449637071815817, 5.45900262053414, 5.46812561875222, 5.477031664187797, 5.485742684001988, 5.494276323881172, 5.502646196585145, 5.510862786458133, 5.5189345284369224, 5.526869058082463, 5.534674151477567, 5.542358343896462, 5.5499310360884975, 5.557402062261662, 5.564781134221384, 5.5720770086341345, 5.579296851123359, 5.586445935968282, 5.593527669479216, 5.60054405635801, 5.607496179653778, 5.614384799194135, 5.621210884274364, 5.6279758336513055, 5.634681505819101, 5.641330054706077, 5.647923549848375, 5.6544636877753085, 5.660951548700297, 5.6673874868452625, 5.673771249834234, 5.680102211128025, 5.686379641813538, 5.692603068741922, 5.698772341788175, 5.704887762726919]",75,,,,,5.704887762726919,,0.7606517016969225,,,,36.856749534606934,36.856749534606934,False,,0.0,0.0,,,36.864354372024536,2026-09-07 15:01:27,x86_64,dacsvm-cpunode01,,32,32,3.11.15,0.24,False,False,False,True,6,True,False,False,True,adam,True,1,10,hamqaoa,0.001,False,False,hog,False,False,False,False,True,False,False,1,HOG_graphs/Exp5/complete_graphs_2to12vertices_11instances_AdjacencyList.txt,False,0,16,1,1,0,0,0,5,10,42,True,_FINAL_BENCHMARKS_STANDARD,1,,42,5,"[(2, 3), (2, 6), (3, 5), (4, 6), (0, 5), (1, 4), (0, 2), (3, 4), (4, 5), (2, 5), (1, 3), (0, 1), (1, 6), (0, 4), (5, 6), (3, 6), (2, 4), (0, 3), (1, 2), (0, 6), (1, 5)]","[1.0, 1.0, 1.0, 1.0, 1.0, 1.0, 1.0, 1.0, 1.0, 1.0, 1.0, 1.0, 1.0, 1.0, 1.0, 1.0, 1.0, 1.0, 1.0, 1.0, 1.0]"
8b46343b,5,10,5,75.0,False,False,"[1, 1, 1]",,,,,,,,,,,,,,2.935702509611452,"[2.935702509611452, 2.9475019913943674, 2.959332085509143, 2.9711873631780583, 2.9830625819984333, 2.994952641074798, 3.00685256700342, 3.018757499424941, 3.0306627020760635, 3.042563554900764, 3.054455600502283, 3.0663345853528847, 3.078196500970301, 3.0900376496530533, 3.101854701096722, 3.1136446795103674, 3.1254049902957695, 3.1371333130422476, 3.1488274381407106, 3.1604851136382917, 3.1721038165830557, 3.1836805558243553, 3.195211792703663, 3.206693396591447, 3.218120643178412, 3.22948830510854, 3.240790675395, 3.2520217297847065, 3.263175103995099, 3.2742441775488396, 3.2852221255978638, 3.2961019637241353, 3.306876551594099, 3.317538666052713, 3.3280809804941303, 3.3384961503464012, 3.34877679368092, 3.3589155347167354, 3.3689050479536906, 3.37873810456741, 3.388407590854516, 3.3979065607797607, 3.407228312349317, 3.41636637351233, 3.425314595192097, 3.4340672405157187, 3.4426189981680837, 3.4509650723048395, 3.459101240789186, 3.4670238914989207, 3.4747301336361414, 3.4822178031972677, 3.489485529709241, 3.4965328082447855, 3.503359996434164, 3.509968392803697, 3.5163601911148845, 3.522538502752295, 3.528507356711503, 3.5342716161547574, 3.5398369870629813, 3.545209856106392, 3.550397276261647, 3.55540682886514, 3.56024649176936, 3.5649245489588037, 3.569449420520467, 3.573829571204772, 3.5780733566828316, 3.5821889478366136, 3.5861842002816893, 3.5900666015810083, 3.5938431835117264, 3.5975204829230414, 3.601104493390152, 3.6046006982637726]",75,,,,,3.6046006982637726,,0.9011501745659432,,,,49.37690496444702,49.37690496444702,False,,0.0,0.0,,,49.390196084976196,2026-09-07 15:01:28,x86_64,dacsvm-cpunode01,,32,32,3.11.15,0.24,False,False,False,True,4,True,False,False,True,adam,True,1,10,hamqaoa,0.001,False,False,hog,False,False,False,False,True,False,False,1,HOG_graphs/Exp5/complete_graphs_2to12vertices_11instances_AdjacencyList.txt,False,0,16,1,1,0,0,0,5,10,42,True,_FINAL_BENCHMARKS_STANDARD,1,,42,3,"[(1, 3), (0, 1), (2, 3), (0, 4), (0, 3), (1, 2), (3, 4), (1, 4), (0, 2), (2, 4)]","[1.0, 1.0, 1.0, 1.0, 1.0, 1.0, 1.0, 1.0, 1.0, 1.0]"
eb8a09ac,8,28,1,75.0,False,False,"[1, 1, 1]",,,,,,,,,,,,,,5.657404974766205,"[5.657404974766205, 5.671324128197756, 5.684908221004972, 5.698148733082275, 5.7110377680883815, 5.723568026803919, 5.7357330249913066, 5.747527138108784, 5.75894569698087, 5.7699851071948, 5.7806428875988605, 5.790917858844986, 5.80081016736548, 5.81032139892003, 5.819454569363334, 5.8282142001055295, 5.836606534915305, 5.844639375747618, 5.852322159963546, 5.859666007620811, 5.866683532129617, 5.8733889332832545, 5.879797748550037, 5.885926807266667, 5.891794009195218, 5.897418132414792, 5.902818581197947, 5.908015143959172, 5.91302770068036, 5.917875953556829, 5.922579086110931, 5.927155568450814, 5.931622801864518, 5.935996986454701, 5.9402928752224184, 5.9445236256349805, 5.948700717288959, 5.952833943086355, 5.956931330099267, 5.9609992517640915, 5.965042491412748, 5.969064380422909, 5.973066899310825, 5.977050926346235, 5.981016369368769, 5.9849622987757245, 5.988887222679165, 5.992789177408751, 5.996665954478045, 6.000515247736462, 6.004334691630823, 6.008122046875529, 6.011875222888082, 6.01559239107695, 6.019272026394658, 6.0229128916727666, 6.026514066716985, 6.030075031833345, 6.0335955056477575, 6.037075543064414, 6.0405154427615715, 6.043915765646572, 6.047277246607537, 6.050600751536277, 6.05388728561812, 6.057137914843635, 6.060353759513959, 6.063535940441161, 6.066685559776634, 6.069803713287712, 6.072891395488398, 6.075949565472419, 6.07897908096785, 6.081980772303779, 6.084955347871429, 6.087903442211311]",75,,,,,6.087903442211311,,0.6087903442211311,,,,8.946980714797974,8.946980714797974,False,,0.0,0.0,,,8.958035945892334,2026-09-07 15:01:33,x86_64,dacsvm-cpunode01,,32,32,3.11.15,0.22,False,False,False,True,7,True,False,False,False,adam,True,1,10,hamqaoa,0.001,False,False,hog,False,False,False,False,True,False,False,1,HOG_graphs/Exp5/complete_graphs_2to12vertices_11instances_AdjacencyList.txt,False,0,16,1,1,0,0,0,5,10,42,True,_FINAL_BENCHMARKS_STANDARD,1,,42,6,"[(2, 3), (2, 6), (3, 5), (4, 6), (0, 5), (1, 4), (0, 2), (1, 7), (5, 7), (3, 4), (4, 5), (3, 7), (2, 5), (1, 3), (0, 1), (1, 6), (0, 4), (0, 7), (5, 6), (3, 6), (2, 4), (2, 7), (4, 7), (0, 3), (1, 2), (0, 6), (1, 5), (6, 7)]","[1.0, 1.0, 1.0, 1.0, 1.0, 1.0, 1.0, 1.0, 1.0, 1.0, 1.0, 1.0, 1.0, 1.0, 1.0, 1.0, 1.0, 1.0, 1.0, 1.0, 1.0, 1.0, 1.0, 1.0, 1.0, 1.0, 1.0, 1.0]"
e0d38a68,4,6,4,75.0,False,False,"[1, 1, 1]",,,,,,,,,,,,,,1.4466333424208317,"[1.4466333424208317, 1.4581747045946454, 1.4696964582338374, 1.4811962847939242, 1.4926718334000915, 1.504120717267044, 1.5155405171467915, 1.5269287787098023, 1.538283009818525, 1.5496006826270963, 1.5608792329573207, 1.5721160602316258, 1.5833085285838515, 1.5944539740367116, 1.6055496981989814, 1.6165929703020416, 1.6275810391622072, 1.638511128187949, 1.6493804356105233, 1.6601861661719854, 1.6709254949781311, 1.6815955955643058, 1.6921936483286284, 1.7027168336095722, 1.7131623507959202, 1.723527421117233, 1.733809295474501, 1.7440052568494482, 1.7541126391646378, 1.7641288335247909, 1.7740512988670833, 1.783877567829821, 1.79360525899516, 1.8032320906192412, 1.8127558881062829, 1.8221745976949177, 1.83148629980527, 1.8406892168803608, 1.8497817253224969, 1.8587623612537973, 1.867629831377473, 1.8763830133963575, 1.885020974520867, 1.893542963899512, 1.9019484182497504, 1.910236953869383, 1.9184083737793285, 1.9264626572846677, 1.9343999632888518, 1.9422206121654815, 1.9499250921040265, 1.9575140451819857, 1.9649882550074818, 1.9723486470593505, 1.9795962878442552, 1.986732364448744, 1.9937581775183193, 2.0006751400927216, 2.0074847552302284, 2.014188612070171, 2.0207883824514346, 2.027285801624605, 2.0336826528186904, 2.0399807654740063, 2.0461819915905517, 2.0522882015159802, 2.058301273061225, 2.064223085824678, 2.0700554932923603, 2.075800336930412, 2.081459417573625, 2.087034514109307, 2.092527351532255, 2.0979396163796302, 2.1032729431703445, 2.1085289242992142]",75,,,,,2.1085289242992142,,0.7028429747664048,,,,25.549043893814087,25.549043893814087,False,,0.0,0.0,,,25.557220220565796,2026-09-07 15:01:33,x86_64,dacsvm-cpunode01,,32,32,3.11.15,0.24,False,True,False,True,3,True,False,True,False,adam,True,1,10,hamqaoa,0.001,False,False,hog,False,False,False,False,True,False,False,1,HOG_graphs/Exp5/complete_graphs_2to12vertices_11instances_AdjacencyList.txt,False,0,16,1,1,0,0,0,5,10,42,True,_FINAL_BENCHMARKS_STANDARD,1,,42,2,"[(1, 3), (0, 1), (2, 3), (0, 3), (1, 2), (0, 2)]","[1.0, 1.0, 1.0, 1.0, 1.0, 1.0]"
4fc318c7,6,15,2,75.0,False,False,"[1, 1, 1]",,,,,,,,,,,,,,2.676354887690554,"[2.676354887690554, 2.690884233109246, 2.705420863499371, 2.7199620131008815, 2.7345048745717575, 2.7490465794499084, 2.7635842171723777, 2.7781148437319794, 2.792635444350266, 2.8071429756837936, 2.8216343519672993, 2.8361064441581094, 2.8505560898338835, 2.864980089037008, 2.879375222963324, 2.893738234385267, 2.9080658684427143, 2.9223548359265346, 2.936601849020798, 2.9508036205460564, 2.964956865085783, 2.979058282778245, 2.9931046130268926, 3.0070926076306024, 3.021019039453352, 3.034880717290221, 3.04867448979705, 3.0623972343735497, 3.0760458914874373, 3.089617447059373, 3.1031089572439527, 3.11651753483747, 3.129840375225809, 3.143074733230974, 3.1562179489546414, 3.1692674229836, 3.182220671682453, 3.1950752782165512, 3.207828942364361, 3.2204794436032715, 3.2330246575077632, 3.245462584441223, 3.2577913204725433, 3.2700090666983077, 3.2821141056407117, 3.2941048424491117, 3.3059797857336286, 3.317737562157213, 3.3293769065323313, 3.340896664459041, 3.3522957824240565, 3.3635733246169344, 3.37472846816735, 3.385760481002915, 3.3966687443794923, 3.4074527537434194, 3.4181121091520037, 3.4286465061416767, 3.4390557331919034, 3.449339688498287, 3.459498363909167, 3.469531854892871, 3.4794403325293466, 3.489224073151305, 3.498883446118692, 3.5084188868677124, 3.5178309307585423, 3.527120178899807, 3.5362873150724736, 3.5453331113221243, 3.554258402817446, 3.563064083482426, 3.5717511200958203, 3.5803205412817007, 3.5887734489528107, 3.597110995301138]",75,,,,,3.597110995301138,,0.5995184992168564,,,,15.979856252670288,15.979856252670288,False,,0.0,0.0,,,15.990172147750854,2026-09-07 15:01:34,x86_64,dacsvm-cpunode01,,32,32,3.11.15,0.23,False,False,False,True,5,True,False,False,False,adam,True,1,10,hamqaoa,0.001,False,False,hog,False,False,False,False,True,False,False,1,HOG_graphs/Exp5/complete_graphs_2to12vertices_11instances_AdjacencyList.txt,False,0,16,1,1,0,0,0,5,10,42,True,_FINAL_BENCHMARKS_STANDARD,1,,42,4,"[(1, 3), (0, 1), (2, 3), (0, 4), (3, 5), (0, 3), (1, 2), (3, 4), (1, 5), (4, 5), (2, 5), (0, 5), (1, 4), (0, 2), (2, 4)]","[1.0, 1.0, 1.0, 1.0, 1.0, 1.0, 1.0, 1.0, 1.0, 1.0, 1.0, 1.0, 1.0, 1.0, 1.0]"
84edcab2,4,6,5,75.0,False,False,"[1, 1, 1]",,,,,,,,,,,,,,1.8916008919090346,"[1.8916008919090346, 1.89835968254058, 1.9049193077052267, 1.9112672300813995, 1.9173918609952603, 1.9232827135887247, 1.9289305756251536, 1.9343276793547715, 1.9394678629767903, 1.9443467303006015, 1.948961785216912, 1.9533125486933027, 1.957400626193172, 1.9612297242059988, 1.964805626239223, 1.9681360821315548, 1.9712306142148632, 1.9741002481667478, 1.9767571921666238, 1.9792144744465194, 1.981485576501103, 1.9835840809713836, 1.9855234053276247, 1.9873165612901373, 1.9889760006498585, 1.990513519758461, 1.991940233504642, 1.9932665529142888, 1.9945022012676399, 1.9956562345150948, 1.9967370671491869, 1.9977524669478668, 1.998709559614998, 1.9996148206753765, 2.000474048170271, 2.00129238538676, 2.0020743202528424, 2.0028237142225183, 2.0035438583478933, 2.004237526496661, 2.0049070739060473, 2.005554500969931, 2.0061815609056195, 2.006789855980663, 2.007380924759943, 2.0079563220386802, 2.0085176885368146, 2.009066808269381, 2.0096056385007444, 2.0101363135789074, 2.0106611269462245, 2.0111824800779865, 2.011702833344292, 2.0122245991733565, 2.0127500540455237, 2.013281261380537, 2.0138199791071454, 2.014367627095302, 2.014925258820747, 2.015493567138851, 2.016072908809671, 2.016663364507771, 2.0172648023405477, 2.01787694586654, 2.018499442346503, 2.0191319185803995, 2.019774024487865, 2.020425477057317, 2.0210860775577473, 2.021755732570846, 2.0224344461353376, 2.0231223259972944, 2.0238195671677635, 2.02452643486998, 2.025243257633705, 2.025970383872136]",75,,,,,2.025970383872136,,0.675323461290712,,,,35.702417850494385,35.702417850494385,False,,0.0,0.0,,,35.713425397872925,2026-09-07 15:01:43,x86_64,dacsvm-cpunode01,,32,32,3.11.15,0.24,False,True,False,True,3,True,False,True,False,adam,True,1,10,hamqaoa,0.001,False,False,hog,False,False,False,False,True,False,False,1,HOG_graphs/Exp5/complete_graphs_2to12vertices_11instances_AdjacencyList.txt,False,0,16,1,1,0,0,0,5,10,42,True,_FINAL_BENCHMARKS_STANDARD,1,,42,2,"[(1, 3), (0, 1), (2, 3), (0, 3), (1, 2), (0, 2)]","[1.0, 1.0, 1.0, 1.0, 1.0, 1.0]"
bb92772e,6,15,3,75.0,False,False,"[1, 1, 1]",,,,,,,,,,,,,,4.395030166668535,"[4.395030166668535, 4.399444369425937, 4.403826437245091, 4.408173906510842, 4.412484358744464, 4.416755428867027, 4.4209848259756965, 4.425170353543228, 4.429309877214881, 4.433401394478377, 4.437442998122198, 4.441432921774688, 4.445369537989452, 4.449251368567029, 4.453077101695694, 4.456845594477561, 4.460555851484873, 4.464207085950662, 4.467798631580757, 4.471329985881067, 4.474800806618449, 4.478210858076938, 4.481560046684663, 4.484848418365388, 4.488076118348384, 4.491243452198274, 4.494350876201623, 4.497399014510661, 4.5003886694256074, 4.503320860511087, 4.506196851205398, 4.509018107541992, 4.511786366595221, 4.514503619514222, 4.517172085689271, 4.519794238996433, 4.5223727310169695, 4.524910367958791, 4.527410107527405, 4.529874988426497, 4.5323080873365615, 4.5347125009648455, 4.537091241262296, 4.539447235865195, 4.541783325788838, 4.544102205322523, 4.546406390583325, 4.548698264687719, 4.550980022736617, 4.553253763686531, 4.555521430912514, 4.557784842665787, 4.560045747722071, 4.562305806855602, 4.564566625251182, 4.566829822777307, 4.569096955855846, 4.571369575826698, 4.573649228399882, 4.575937484256324, 4.578235889493399, 4.580545985712051, 4.582869301026289, 4.585207382181887, 4.587561708423999, 4.589933737782661, 4.5923248825239655, 4.594736494841848, 4.597169835006446, 4.599626047400874, 4.602106216965245, 4.604611251520052, 4.607141951369377, 4.609698959283004, 4.612282733309496, 4.614893581826995]",75,,,,,4.614893581826995,,0.7691489303044992,,,,27.813188791275024,27.813188791275024,False,,0.0,0.0,,,27.821593046188354,2026-09-07 15:01:46,x86_64,dacsvm-cpunode01,,32,32,3.11.15,0.23,False,False,False,True,5,True,False,False,False,adam,True,1,10,hamqaoa,0.001,False,False,hog,False,False,False,False,True,False,False,1,HOG_graphs/Exp5/complete_graphs_2to12vertices_11instances_AdjacencyList.txt,False,0,16,1,1,0,0,0,5,10,42,True,_FINAL_BENCHMARKS_STANDARD,1,,42,4,"[(1, 3), (0, 1), (2, 3), (0, 4), (3, 5), (0, 3), (1, 2), (3, 4), (1, 5), (4, 5), (2, 5), (0, 5), (1, 4), (0, 2), (2, 4)]","[1.0, 1.0, 1.0, 1.0, 1.0, 1.0, 1.0, 1.0, 1.0, 1.0, 1.0, 1.0, 1.0, 1.0, 1.0]"
df84bc6d,8,28,2,75.0,False,False,"[1, 1, 1]",,,,,,,,,,,,,,4.780373447201425,"[4.780373447201425, 4.7951306526956765, 4.809776009572336, 4.82430577382058, 4.838717991246936, 4.853013652116454, 4.867197842165238, 4.881280459255889, 4.895275498665256, 4.909198033272115, 4.923060402129066, 4.936869950320083, 4.9506288008331785, 4.964335075661443, 4.97798450503964, 4.991571538817067, 5.005090044083118, 5.018533802874611, 5.031896617020708, 5.045172527217147, 5.058355813022088, 5.071440988441004, 5.084422880388749, 5.097296601336563, 5.110057603236107, 5.122701552023826, 5.135224447604482, 5.147622529627227, 5.15989238377237, 5.172030859595187, 5.184034951098691, 5.195901988650351, 5.207629419646409, 5.219214913007444, 5.2306562482326315, 5.241951302412664, 5.253097985941615, 5.2640942997337685, 5.2749383298481, 5.285628248563579, 5.2961622342220895, 5.306538576141398, 5.316755717020787, 5.326812229914074, 5.336706818824503, 5.346438437373586, 5.356006203481289, 5.365409510627106, 5.374647961039363, 5.383721337643367, 5.392629679837311, 5.401373264190328, 5.409952511791138, 5.41836804185264, 5.426620583008233, 5.434711056325726, 5.442640522835994, 5.4504101537927925, 5.458021231068389, 5.465475187509536, 5.472773540872277, 5.479917891815705, 5.48691002725497, 5.493751879954131, 5.500445382210775, 5.506992651005143, 5.513395883113496, 5.519657346943995, 5.525779382629888, 5.531764398076101, 5.537614858662849, 5.543333260136852, 5.548922114538689, 5.55438398066118, 5.559721431356029, 5.564937079141024]",75,,,,,5.564937079141024,,0.5564937079141024,,,,23.636839866638184,23.636839866638184,False,,0.0,0.0,,,23.644568920135498,2026-09-07 15:01:48,x86_64,dacsvm-cpunode01,,32,32,3.11.15,0.23,False,False,False,True,7,True,False,False,False,adam,True,1,10,hamqaoa,0.001,False,False,hog,False,False,False,False,True,False,False,1,HOG_graphs/Exp5/complete_graphs_2to12vertices_11instances_AdjacencyList.txt,False,0,16,1,1,0,0,0,5,10,42,True,_FINAL_BENCHMARKS_STANDARD,1,,42,6,"[(2, 3), (2, 6), (3, 5), (4, 6), (0, 5), (1, 4), (0, 2), (1, 7), (5, 7), (3, 4), (4, 5), (3, 7), (2, 5), (1, 3), (0, 1), (1, 6), (0, 4), (0, 7), (5, 6), (3, 6), (2, 4), (2, 7), (4, 7), (0, 3), (1, 2), (0, 6), (1, 5), (6, 7)]","[1.0, 1.0, 1.0, 1.0, 1.0, 1.0, 1.0, 1.0, 1.0, 1.0, 1.0, 1.0, 1.0, 1.0, 1.0, 1.0, 1.0, 1.0, 1.0, 1.0, 1.0, 1.0, 1.0, 1.0, 1.0, 1.0, 1.0, 1.0]"
99148dfd,7,21,4,75.0,False,False,"[1, 1, 1]",,,,,,,,,,,,,,5.3619378478608155,"[5.3619378478608155, 5.385802179169284, 5.408617414542221, 5.4303524192704655, 5.450983930875461, 5.470498845388261, 5.488896941016818, 5.506194007682621, 5.522425218673585, 5.537648015329561, 5.55194355999068, 5.565415746700263, 5.578186388682463, 5.590386899752632, 5.602147783828668, 5.613588371379379, 5.624809211966664, 5.635887995405418, 5.646878877467785, 5.657814417896694, 5.668708972198523, 5.679562748288978, 5.69036585903604, 5.701102193298974, 5.711752863908975, 5.722299054754575, 5.732724358990626, 5.743016137970439, 5.753165950179619, 5.763169133447958, 5.773023845298228, 5.7827302080100855, 5.792289407768303, 5.801703452637898, 5.810975161824146, 5.820108030010614, 5.829106259403128, 5.837974763079478, 5.846718840464512, 5.855344063999899, 5.863856006954364, 5.872259917997466, 5.880560528448492, 5.888761789164674, 5.896866692403586, 5.904877178490015, 5.91279416145078, 5.92061732341684, 5.928345413639396, 5.935976205062852, 5.943506713998002, 5.950933395507279, 5.958252238712365, 5.965459000607089, 5.972549353160014, 5.979519032053657, 5.9863639430057205, 5.9930803038580995, 5.999664734572862, 6.006114336683286, 6.01242670822079, 6.01860005220984, 6.0246330725635096, 6.030525075040055, 6.036276020943896, 6.041886468865957, 6.047357534151993, 6.052690977336643, 6.057889046781338, 6.062954471511656, 6.0678904160276605, 6.072700378713575, 6.077388121766528, 6.0819575846855525, 6.08641286109469, 6.09075803925434]",75,,,,,6.09075803925434,,0.8121010719005787,,,,57.37644863128662,57.37644863128662,False,,0.0,0.0,,,57.383864641189575,2026-09-07 15:01:48,x86_64,dacsvm-cpunode01,,32,32,3.11.15,0.24,False,False,False,True,6,True,False,False,True,adam,True,1,10,hamqaoa,0.001,False,False,hog,False,False,False,False,True,False,False,1,HOG_graphs/Exp5/complete_graphs_2to12vertices_11instances_AdjacencyList.txt,False,0,16,1,1,0,0,0,5,10,42,True,_FINAL_BENCHMARKS_STANDARD,1,,42,5,"[(2, 3), (2, 6), (3, 5), (4, 6), (0, 5), (1, 4), (0, 2), (3, 4), (4, 5), (2, 5), (1, 3), (0, 1), (1, 6), (0, 4), (5, 6), (3, 6), (2, 4), (0, 3), (1, 2), (0, 6), (1, 5)]","[1.0, 1.0, 1.0, 1.0, 1.0, 1.0, 1.0, 1.0, 1.0, 1.0, 1.0, 1.0, 1.0, 1.0, 1.0, 1.0, 1.0, 1.0, 1.0, 1.0, 1.0]"
1006fda8,10,45,3,75.0,False,False,"[1, 1, 1]",,,,,,,,,,,,,,10.78917885903836,"[10.78917885903836, 10.816185947272201, 10.842558312680117, 10.868228594458555, 10.893137242820934, 10.917239660934376, 10.940507434535304, 10.962917718711875, 10.984445865945624, 11.005066705396215, 11.024760218274675, 11.043515225051028, 11.061330761107795, 11.078217189649735, 11.094196587351577, 11.109302168207654, 11.123577303242902, 11.137074668334224, 11.149854293196508, 11.161981500233406, 11.173524789111173, 11.184553546487965, 11.195136168567512, 11.205338265860235, 11.215221256551349, 11.224841739379631, 11.234250604577143, 11.243492935397882, 11.252608088248929, 11.26162926783323, 11.270584234571563, 11.279494977575576, 11.288378356898129, 11.297246351552806, 11.30610678579418, 11.31496383563266, 11.323818761242052, 11.3326703746313, 11.341515943032404, 11.350351591964442, 11.35917289581054, 11.367974912398246, 11.376752758809292, 11.385501879908459, 11.39421801520976, 11.402897523379144, 11.41153732973232, 11.420135131458473, 11.428689163279994, 11.43719841522045, 11.445662413046795, 11.454081050983177, 11.46245475356754, 11.47078421369075, 11.479070476600858, 11.487314696625734, 11.495517971932145, 11.50368141243411, 11.511806106057625, 11.519892998708281, 11.527942829963967, 11.535956027362529, 11.543933051414587, 11.551873889141213, 11.559778585210198, 11.567646792262344, 11.575478160082925, 11.583272011249257, 11.591027612649867, 11.598744138445293, 11.606420795839812, 11.614056894713967, 11.621651732973087, 11.629204562218318, 11.636714638870917, 11.644181244578759]",75,,,,,11.644181244578759,,0.7762787496385839,,,,77.18762254714966,77.18762254714966,False,,0.0,0.0,,,77.19693374633789,2026-09-07 15:01:56,x86_64,dacsvm-cpunode01,,32,32,3.11.15,0.24,False,False,False,True,9,True,False,False,False,adam,True,1,10,hamqaoa,0.001,False,False,hog,False,False,False,False,True,False,False,1,HOG_graphs/Exp5/complete_graphs_2to12vertices_11instances_AdjacencyList.txt,False,0,16,1,1,0,0,0,5,10,42,True,_FINAL_BENCHMARKS_STANDARD,1,,42,8,"[(2, 3), (3, 8), (2, 6), (3, 5), (2, 9), (4, 6), (4, 9), (7, 8), (0, 5), (1, 4), (0, 2), (0, 8), (1, 7), (6, 9), (5, 7), (3, 4), (2, 8), (4, 5), (3, 7), (2, 5), (4, 8), (8, 9), (1, 3), (0, 1), (1, 6), (0, 4), (1, 9), (0, 7), (6, 8), (5, 6), (5, 9), (3, 6), (2, 4), (3, 9), (2, 7), (4, 7), (7, 9), (0, 3), (1, 2), (1, 8), (0, 6), (1, 5), (0, 9), (5, 8), (6, 7)]","[1.0, 1.0, 1.0, 1.0, 1.0, 1.0, 1.0, 1.0, 1.0, 1.0, 1.0, 1.0, 1.0, 1.0, 1.0, 1.0, 1.0, 1.0, 1.0, 1.0, 1.0, 1.0, 1.0, 1.0, 1.0, 1.0, 1.0, 1.0, 1.0, 1.0, 1.0, 1.0, 1.0, 1.0, 1.0, 1.0, 1.0, 1.0, 1.0, 1.0, 1.0, 1.0, 1.0, 1.0, 1.0]"
f0d127e5,6,15,4,75.0,False,False,"[1, 1, 1]",,,,,,,,,,,,,,4.219684038517741,"[4.219684038517741, 4.236066490417823, 4.252354938034874, 4.2685433287700585, 4.284625641274579, 4.3005959036191115, 4.316448196902014, 4.332176612352975, 4.347775328049485, 4.363238595986535, 4.378560747712053, 4.393736197863872, 4.408759463834851, 4.423625185834008, 4.438328175279433, 4.452863354544005, 4.467225839482407, 4.48141090787599, 4.495414033117869, 4.509230950625993, 4.5228575739617725, 4.536290076271119, 4.5495248792771745, 4.562558679298406, 4.575388489513173, 4.588011580827132, 4.600425543959929, 4.612628329489353, 4.624618248059206, 4.636393911254655, 4.647954303096446, 4.65929878719504, 4.670427032570364, 4.681339022909046, 4.692035049528714, 4.702515620209173, 4.7127814856738555, 4.722833640935501, 4.732673208171113, 4.742301467287976, 4.751719877367096, 4.760930069500795, 4.769933796194699, 4.778732998070351, 4.787329754937615, 4.7957263193207575, 4.803925095737107, 4.811928638021297, 4.819739653533786, 4.82736098669715, 4.834795613941428, 4.842046632426732, 4.849117256332685, 4.856010754900489, 4.862730528563431, 4.869280043436119, 4.875662843696654, 4.8818825388196085, 4.887942758080176, 4.893847177150489, 4.89959950123702, 4.90520345727714, 4.910662783905321, 4.915981207360999, 4.92116243436422, 4.926210192251765, 4.931128146392235, 4.935919943571469, 4.9405891813615455, 4.945139432989096, 4.949574198062923, 4.95389695219046, 4.958111070780648, 4.962219898544469, 4.966226718038209, 4.970134722347091]",75,,,,,4.970134722347091,,0.8283557870578485,,,,40.530993938446045,40.530993938446045,False,,0.0,0.0,,,40.53861045837402,2026-09-07 15:01:59,x86_64,dacsvm-cpunode01,,32,32,3.11.15,0.24,False,False,False,True,5,True,False,False,False,adam,True,1,10,hamqaoa,0.001,False,False,hog,False,False,False,False,True,False,False,1,HOG_graphs/Exp5/complete_graphs_2to12vertices_11instances_AdjacencyList.txt,False,0,16,1,1,0,0,0,5,10,42,True,_FINAL_BENCHMARKS_STANDARD,1,,42,4,"[(1, 3), (0, 1), (2, 3), (0, 4), (3, 5), (0, 3), (1, 2), (3, 4), (1, 5), (4, 5), (2, 5), (0, 5), (1, 4), (0, 2), (2, 4)]","[1.0, 1.0, 1.0, 1.0, 1.0, 1.0, 1.0, 1.0, 1.0, 1.0, 1.0, 1.0, 1.0, 1.0, 1.0]"
7bc36ccf,8,28,3,75.0,False,False,"[1, 1, 1]",,,,,,,,,,,,,,6.473825342474336,"[6.473825342474336, 6.497521986143644, 6.521205357262201, 6.544852144595782, 6.568438264980873, 6.591938905271336, 6.6153287021639855, 6.638581949937087, 6.661672808445506, 6.684575636011611, 6.707265340322953, 6.72971766190697, 6.751909148747496, 6.773817283361099, 6.795420306671097, 6.81669726318103, 6.837628531686111, 6.858196589367473, 6.878387489575985, 6.898192247224432, 6.917607512581572, 6.936635397220809, 6.955281709082581, 6.973553268498197, 6.991456090950973, 7.0089943089411015, 7.026170174675158, 7.042984520590168, 7.059437306251967, 7.07552818536011, 7.091256905341404, 7.10662367084068, 7.121629433723906, 7.136276347699715, 7.15056784874946, 7.164508931607531, 7.17810614823219, 7.191367785800969, 7.204304044329401, 7.2169267861237545, 7.229249571816337, 7.24128757716863, 7.253057418380318, 7.264576955312829, 7.275865077408371, 7.286941469222683, 7.29782628843706, 7.3085399066921966, 7.319102563862689, 7.329534108741978, 7.339853668534649, 7.3500793853741, 7.360228180159558, 7.370315665720369, 7.380355801092831, 7.390360922965575, 7.400341487360154, 7.4103061890433475, 7.4202619928046225, 7.430214016783408, 7.440165779972533, 7.450119256660999, 7.460075023882462, 7.470032486008298, 7.479990026020206, 7.489945177654667, 7.499894799678709, 7.50983534628302, 7.519762952930063, 7.529673593110118, 7.539563313889495, 7.549428249069622, 7.55926485207267, 7.569069840810316, 7.578840289224306, 7.588573686681767]",75,,,,,7.588573686681767,,0.7588573686681767,,,,39.5380859375,39.5380859375,False,,0.0,0.0,,,39.54658842086792,2026-09-07 15:02:09,x86_64,dacsvm-cpunode01,,32,32,3.11.15,0.23,False,False,False,True,7,True,False,False,False,adam,True,1,10,hamqaoa,0.001,False,False,hog,False,False,False,False,True,False,False,1,HOG_graphs/Exp5/complete_graphs_2to12vertices_11instances_AdjacencyList.txt,False,0,16,1,1,0,0,0,5,10,42,True,_FINAL_BENCHMARKS_STANDARD,1,,42,6,"[(2, 3), (2, 6), (3, 5), (4, 6), (0, 5), (1, 4), (0, 2), (1, 7), (5, 7), (3, 4), (4, 5), (3, 7), (2, 5), (1, 3), (0, 1), (1, 6), (0, 4), (0, 7), (5, 6), (3, 6), (2, 4), (2, 7), (4, 7), (0, 3), (1, 2), (0, 6), (1, 5), (6, 7)]","[1.0, 1.0, 1.0, 1.0, 1.0, 1.0, 1.0, 1.0, 1.0, 1.0, 1.0, 1.0, 1.0, 1.0, 1.0, 1.0, 1.0, 1.0, 1.0, 1.0, 1.0, 1.0, 1.0, 1.0, 1.0, 1.0, 1.0, 1.0]"
a6ade52a,7,21,5,75.0,False,False,"[1, 1, 1]",,,,,,,,,,,,,,5.108215542454411,"[5.108215542454411, 5.136557338416305, 5.164996252802809, 5.193982056093777, 5.223532844594523, 5.25359457853111, 5.2841013331427575, 5.3149612028049065, 5.346063771330902, 5.377295082856893, 5.408546890328523, 5.439719520590668, 5.470718383482584, 5.501445849397378, 5.531793088750793, 5.561636942557276, 5.590842377477264, 5.6192679190644865, 5.646771584426102, 5.6732167157749105, 5.698476934610008, 5.722440337563976, 5.745013173256469, 5.7661231060797995, 5.785721419583644, 5.80378486105163, 5.820316365032532, 5.835344880894515, 5.848923908751487, 5.861129262632549, 5.872055677938137, 5.8818127027363385, 5.890519764186987, 5.898301385911352, 5.905282128940603, 5.9115823113479005, 5.917314254987861, 5.922579662125044, 5.927468010560343, 5.932055537906426, 5.936405327567061, 5.940567933490796, 5.944582306301438, 5.948477058758536, 5.952272009645188, 5.955979512181043, 5.959606056930507, 5.963153525383207, 5.966620503556165, 5.97000331390078, 5.973297022694352, 5.976496164030621, 5.979595397848551, 5.982589974959626, 5.9854761540307395, 5.988251311607247, 5.990914203218118, 5.993464877168945, 5.995904758796922, 5.998236476202054, 6.000463735426444, 6.002591193121292, 6.004624235237687, 6.006568828962874, 6.0084312588909805, 6.010218000475363, 6.011935535887625, 6.013590258342735, 6.015188322811582, 6.016735613873982, 6.018237559711514, 6.019699177452204, 6.02112506268564, 6.022519344038021, 6.023885683410259, 6.025227348352468]",75,,,,,6.025227348352468,,0.8033636464469958,,,,78.38735604286194,78.38735604286194,False,,0.0,0.0,,,78.3952488899231,2026-09-07 15:02:09,x86_64,dacsvm-cpunode01,,32,32,3.11.15,0.25,False,False,False,True,6,True,False,False,True,adam,True,1,10,hamqaoa,0.001,False,False,hog,False,False,False,False,True,False,False,1,HOG_graphs/Exp5/complete_graphs_2to12vertices_11instances_AdjacencyList.txt,False,0,16,1,1,0,0,0,5,10,42,True,_FINAL_BENCHMARKS_STANDARD,1,,42,5,"[(2, 3), (2, 6), (3, 5), (4, 6), (0, 5), (1, 4), (0, 2), (3, 4), (4, 5), (2, 5), (1, 3), (0, 1), (1, 6), (0, 4), (5, 6), (3, 6), (2, 4), (0, 3), (1, 2), (0, 6), (1, 5)]","[1.0, 1.0, 1.0, 1.0, 1.0, 1.0, 1.0, 1.0, 1.0, 1.0, 1.0, 1.0, 1.0, 1.0, 1.0, 1.0, 1.0, 1.0, 1.0, 1.0, 1.0]"
72146567,6,15,5,75.0,False,False,"[1, 1, 1]",,,,,,,,,,,,,,4.067506654012897,"[4.067506654012897, 4.086108720542518, 4.104600145164141, 4.122957846618947, 4.141160732164852, 4.159192202260242, 4.17704357106884, 4.194715141979305, 4.212210715828229, 4.2295289452645, 4.246659993923344, 4.263587624725216, 4.280292187693309, 4.296752605580077, 4.312947414596313, 4.328855322718662, 4.34445559579946, 4.359728352562541, 4.374654792060222, 4.389217428481531, 4.403400325884583, 4.41718922834942, 4.430571805778183, 4.443537811287224, 4.456079235334974, 4.468190417255811, 4.479868149865314, 4.491111713301962, 4.501922932549378, 4.512306134641647, 4.522268043594525, 4.531817678933536, 4.540966225219313, 4.5497267815286175, 4.558114099069495, 4.566144317820939, 4.573834608507971, 4.581202882109508, 4.588267393187841, 4.595046435966241, 4.601558011295848, 4.60781948530243, 4.613847348977731, 4.619656984036777, 4.625262517476017, 4.630676644348592, 4.635910652486966, 4.640974358375973, 4.645876142082805, 4.650623095210029, 4.655221052792562, 4.6596748212687125, 4.663988293016617, 4.668164653690706, 4.672206575125191, 4.67611631581136, 4.679895918331998, 4.683547375245755, 4.687072684286809, 4.690473970330118, 4.693753559631521, 4.69691400535475, 4.69995809463885, 4.702888869590832, 4.705709593276496, 4.708423727888088, 4.711034887776359, 4.713546832018701, 4.715963407852043, 4.718288542267682, 4.7205261748637435, 4.7226802729474, 4.7247548039245215, 4.726753706889905, 4.7286809046085, 4.730540277621828]",75,,,,,4.730540277621828,,0.7884233796036381,,,,62.158876180648804,62.158876180648804,False,,0.0,0.0,,,62.16952872276306,2026-09-07 15:02:21,x86_64,dacsvm-cpunode01,,32,32,3.11.15,0.24,False,False,False,True,5,True,False,False,False,adam,True,1,10,hamqaoa,0.001,False,False,hog,False,False,False,False,True,False,False,1,HOG_graphs/Exp5/complete_graphs_2to12vertices_11instances_AdjacencyList.txt,False,0,16,1,1,0,0,0,5,10,42,True,_FINAL_BENCHMARKS_STANDARD,1,,42,4,"[(1, 3), (0, 1), (2, 3), (0, 4), (3, 5), (0, 3), (1, 2), (3, 4), (1, 5), (4, 5), (2, 5), (0, 5), (1, 4), (0, 2), (2, 4)]","[1.0, 1.0, 1.0, 1.0, 1.0, 1.0, 1.0, 1.0, 1.0, 1.0, 1.0, 1.0, 1.0, 1.0, 1.0]"
48126a84,8,28,4,75.0,False,False,"[1, 1, 1]",,,,,,,,,,,,,,6.351367214674081,"[6.351367214674081, 6.386801938795238, 6.421330934652671, 6.454906348369718, 6.487514315385684, 6.51919275714992, 6.55003637688365, 6.580166877218996, 6.609684654045048, 6.638645903926485, 6.667067194515591, 6.69493752505979, 6.722228809384424, 6.748903635658693, 6.774921865145389, 6.800246080221851, 6.824846126384775, 6.848703038691079, 6.871811978527466, 6.894184094553777, 6.915847064992732, 6.936843176191646, 6.9572253842650715, 6.977051380216153, 6.996377250305713, 7.015251818197502, 7.03371344892099, 7.05178932063237, 7.069497323490619, 7.086849306327919, 7.103854821538115, 7.120524233660172, 7.136870478474722, 7.152909347776674, 7.168658182004539, 7.184133798057616, 7.199350120736391, 7.214316803151708, 7.229038457385674, 7.243515153959643, 7.25774360032497, 7.271718878478412, 7.285436129636703, 7.298891766384821, 7.312084222256012, 7.325014172861546, 7.33768387055095, 7.350096225501433, 7.362253724966371, 7.374157771638117, 7.38580845550425, 7.397204807272475, 7.408345649241716, 7.419230399526017, 7.429859680397594, 7.440235779788253, 7.450362514866334, 7.460244850702298, 7.469888245924552, 7.479298206225163, 7.488479930189443, 7.497438229650453, 7.506177903018942, 7.514703879132414, 7.523021514526448, 7.531136852177107, 7.539056558475745, 7.546787655608203, 7.554337271405345, 7.561712355001178, 7.568919540664678, 7.5759649534701285, 7.582854370127769, 7.589593330561838, 7.596187225146638, 7.602641321731744]",75,,,,,7.602641321731744,,0.7602641321731743,,,,76.91261553764343,76.91261553764343,False,,0.0,0.0,,,76.93248629570007,2026-09-07 15:02:46,x86_64,dacsvm-cpunode01,,32,32,3.11.15,0.25,False,False,False,True,7,True,False,False,False,adam,True,1,10,hamqaoa,0.001,False,False,hog,False,False,False,False,True,False,False,1,HOG_graphs/Exp5/complete_graphs_2to12vertices_11instances_AdjacencyList.txt,False,0,16,1,1,0,0,0,5,10,42,True,_FINAL_BENCHMARKS_STANDARD,1,,42,6,"[(2, 3), (2, 6), (3, 5), (4, 6), (0, 5), (1, 4), (0, 2), (1, 7), (5, 7), (3, 4), (4, 5), (3, 7), (2, 5), (1, 3), (0, 1), (1, 6), (0, 4), (0, 7), (5, 6), (3, 6), (2, 4), (2, 7), (4, 7), (0, 3), (1, 2), (0, 6), (1, 5), (6, 7)]","[1.0, 1.0, 1.0, 1.0, 1.0, 1.0, 1.0, 1.0, 1.0, 1.0, 1.0, 1.0, 1.0, 1.0, 1.0, 1.0, 1.0, 1.0, 1.0, 1.0, 1.0, 1.0, 1.0, 1.0, 1.0, 1.0, 1.0, 1.0]"
78e7fd57,10,45,4,75.0,False,False,"[1, 1, 1]",,,,,,,,,,,,,,10.74438669996154,"[10.74438669996154, 10.796342915099688, 10.847503381146701, 10.897815257519238, 10.94723506347577, 10.995733516721675, 11.043298315148965, 11.089927665033233, 11.135616827080742, 11.180351192883233, 11.224108630590559, 11.266864937543472, 11.308597399885336, 11.34928695255492, 11.388919204016208, 11.427485147649726, 11.464981839261364, 11.501412168989171, 11.536785341520003, 11.571116842405015, 11.604428224508421, 11.63674649981423, 11.668104011704052, 11.698537791534314, 11.728088716001295, 11.756800852809803, 11.784720744510429, 11.811896163771483, 11.838375490550215, 11.864206928758302, 11.889437470530442, 11.914112177703421, 11.938273813389394, 11.961962385976772, 11.985214412905497, 12.008063152797048, 12.030538064283654, 12.052664790952745, 12.074465329123006, 12.095958031243502, 12.117157825916465, 12.138076244787747, 12.15872129467543, 12.179098312115237, 12.199209619542017, 12.219055160841126, 12.238632591431102, 12.257937239205045, 12.276963093014604, 12.29570252755043, 12.314146829364942, 12.332286508108286, 12.350111661489837, 12.36761205612612, 12.38477777017238, 12.40159892669117, 12.418066182561038, 12.434170987431626, 12.44990568470549, 12.465263551782012, 12.480238967580911, 12.494827546418529, 12.509025984449565, 12.522832255804905, 12.536245618835919, 12.54926650956277, 12.561896342678459, 12.57413782251123, 12.58599466110025, 12.59747169745724, 12.6085746790045, 12.619309991037522, 12.62968499819564, 12.639707709964041, 12.649386798705512, 12.658731576089291]",75,,,,,12.658731576089291,,0.8439154384059527,,,,138.63599491119385,138.63599491119385,False,,0.0,0.0,,,138.6462960243225,2026-09-07 15:02:58,x86_64,dacsvm-cpunode01,,32,32,3.11.15,0.25,False,False,False,True,9,True,False,False,False,adam,True,1,10,hamqaoa,0.001,False,False,hog,False,False,False,False,True,False,False,1,HOG_graphs/Exp5/complete_graphs_2to12vertices_11instances_AdjacencyList.txt,False,0,16,1,1,0,0,0,5,10,42,True,_FINAL_BENCHMARKS_STANDARD,1,,42,8,"[(2, 3), (3, 8), (2, 6), (3, 5), (2, 9), (4, 6), (4, 9), (7, 8), (0, 5), (1, 4), (0, 2), (0, 8), (1, 7), (6, 9), (5, 7), (3, 4), (2, 8), (4, 5), (3, 7), (2, 5), (4, 8), (8, 9), (1, 3), (0, 1), (1, 6), (0, 4), (1, 9), (0, 7), (6, 8), (5, 6), (5, 9), (3, 6), (2, 4), (3, 9), (2, 7), (4, 7), (7, 9), (0, 3), (1, 2), (1, 8), (0, 6), (1, 5), (0, 9), (5, 8), (6, 7)]","[1.0, 1.0, 1.0, 1.0, 1.0, 1.0, 1.0, 1.0, 1.0, 1.0, 1.0, 1.0, 1.0, 1.0, 1.0, 1.0, 1.0, 1.0, 1.0, 1.0, 1.0, 1.0, 1.0, 1.0, 1.0, 1.0, 1.0, 1.0, 1.0, 1.0, 1.0, 1.0, 1.0, 1.0, 1.0, 1.0, 1.0, 1.0, 1.0, 1.0, 1.0, 1.0, 1.0, 1.0, 1.0]"
ae9082c9,10,45,5,75.0,False,False,"[1, 1, 1]",,,,,,,,,,,,,,11.308825200948135,"[11.308825200948135, 11.331917865630917, 11.354899819073584, 11.377773240738039, 11.400540957992728, 11.423205855142191, 11.44577052094056, 11.468236939782024, 11.49060662279872, 11.512880700270756, 11.535059522292274, 11.557143243203576, 11.579131165340112, 11.601022488856207, 11.62281581089364, 11.644509392391155, 11.666101056288879, 11.687588024931323, 11.70896704063436, 11.730234251016231, 11.75138456189943, 11.772411919145624, 11.793309040292229, 11.814067177936156, 11.83467575793907, 11.85512334554138, 11.875397318587535, 11.895483681003272, 11.915367591491087, 11.935033557341617, 11.954465834956778, 11.973648012053753, 11.99256374632134, 12.011196806497061, 12.029531499466472, 12.047552418875759, 12.065244978064376, 12.082595127006181, 12.0995898848908, 12.11621713595993, 12.13246590743726, 12.148326571815996, 12.163790256163061, 12.178849577838381, 12.193498288145756, 12.207731395728041, 12.221544970092557, 12.234936674165208, 12.247905395166576, 12.260451159849222, 12.272575046839124, 12.28427968015096, 12.295568658276203, 12.306446783328282, 12.316920030376656, 12.32699534202758, 12.336680527064187, 12.345984460146473, 12.354916749480447, 12.3634876902964, 12.371708077315844, 12.379589351886919, 12.38714327662588, 12.394381993234433, 12.401317905589519, 12.40796342627086, 12.4143312558351, 12.420433869935039, 12.42628376967438, 12.431893291750418, 12.43727455809479, 12.442439336312775, 12.447399150271012, 12.452165146285285, 12.45674817091565, 12.46115857454479]",75,,,,,12.46115857454479,,0.8307439049696527,,,,222.14048957824707,222.14048957824707,False,,0.0,0.0,,,222.15408277511597,2026-09-07 15:04:21,x86_64,dacsvm-cpunode01,,32,32,3.11.15,0.25,False,False,False,True,9,True,False,False,False,adam,True,1,10,hamqaoa,0.001,False,False,hog,False,False,False,False,True,False,False,1,HOG_graphs/Exp5/complete_graphs_2to12vertices_11instances_AdjacencyList.txt,False,0,16,1,1,0,0,0,5,10,42,True,_FINAL_BENCHMARKS_STANDARD,1,,42,8,"[(2, 3), (3, 8), (2, 6), (3, 5), (2, 9), (4, 6), (4, 9), (7, 8), (0, 5), (1, 4), (0, 2), (0, 8), (1, 7), (6, 9), (5, 7), (3, 4), (2, 8), (4, 5), (3, 7), (2, 5), (4, 8), (8, 9), (1, 3), (0, 1), (1, 6), (0, 4), (1, 9), (0, 7), (6, 8), (5, 6), (5, 9), (3, 6), (2, 4), (3, 9), (2, 7), (4, 7), (7, 9), (0, 3), (1, 2), (1, 8), (0, 6), (1, 5), (0, 9), (5, 8), (6, 7)]","[1.0, 1.0, 1.0, 1.0, 1.0, 1.0, 1.0, 1.0, 1.0, 1.0, 1.0, 1.0, 1.0, 1.0, 1.0, 1.0, 1.0, 1.0, 1.0, 1.0, 1.0, 1.0, 1.0, 1.0, 1.0, 1.0, 1.0, 1.0, 1.0, 1.0, 1.0, 1.0, 1.0, 1.0, 1.0, 1.0, 1.0, 1.0, 1.0, 1.0, 1.0, 1.0, 1.0, 1.0, 1.0]"
31c76609,9,36,1,75.0,False,False,"[1, 1, 1]",,,,,,,,,,,,,,5.902345701921827,"[5.902345701921827, 5.930832163091769, 5.959064779713378, 5.987031422451469, 6.014719929885726, 6.042118109054139, 6.069213827525201, 6.095995049812036, 6.122449860137667, 6.148566501080933, 6.174333374496145, 6.199739136113495, 6.22477269248534, 6.249423276200558, 6.273680465382016, 6.297534209807879, 6.320974855044737, 6.343993216438406, 6.366580680420454, 6.388729075501157, 6.41043079101456, 6.431678808652692, 6.452466721796721, 6.4727887602075755, 6.49263981376763, 6.512015435120589, 6.530911894275032, 6.549326152489228, 6.567255899063621, 6.5846995705172, 6.601656325879603, 6.61812609503042, 6.634109511314357, 6.6496080191922955, 6.664623700624834, 6.679159394065528, 6.693218681574127, 6.7068057942718164, 6.719925629671019, 6.732583809935343, 6.744786568515155, 6.756540799101791, 6.767853870508722, 6.778733772549546, 6.789188983568292, 6.799228490622552, 6.8088617736665205, 6.818098637663837, 6.826949359848732, 6.835424461362943, 6.843534830548967, 6.85129164444198, 6.8587062762961075, 6.865790226830034, 6.872555152721257, 6.879012847606486, 6.88517514728501, 6.891053889244104, 6.896660855427301, 6.9020078235466835, 6.907106454113742, 6.911968276940648, 6.91660463295501, 6.921026702097236, 6.925245423201648, 6.929271465007134, 6.933115276294654, 6.936786987979905, 6.9402963679573855, 6.94365289177482, 6.946865686025142, 6.949943486268444, 6.952894700493245, 6.955727312402274, 6.958448979532486, 6.961066962760196]",75,,,,,6.961066962760196,,0.5800889135633497,,,,10.053643226623535,10.053643226623535,False,,0.0,0.0,,,10.063662767410278,2026-09-07 15:08:02,x86_64,dacsvm-cpunode01,,32,32,3.11.15,0.22,False,False,False,True,8,True,False,False,True,adam,True,1,10,hamqaoa,0.001,False,False,hog,False,False,False,False,True,False,False,1,HOG_graphs/Exp5/complete_graphs_2to12vertices_11instances_AdjacencyList.txt,False,0,16,1,1,0,0,0,5,10,42,True,_FINAL_BENCHMARKS_STANDARD,1,,42,7,"[(2, 3), (3, 8), (2, 6), (3, 5), (4, 6), (7, 8), (0, 5), (1, 4), (0, 2), (0, 8), (1, 7), (5, 7), (3, 4), (2, 8), (4, 5), (3, 7), (2, 5), (4, 8), (1, 3), (0, 1), (1, 6), (0, 4), (0, 7), (6, 8), (5, 6), (3, 6), (2, 4), (2, 7), (4, 7), (0, 3), (1, 2), (1, 8), (0, 6), (1, 5), (5, 8), (6, 7)]","[1.0, 1.0, 1.0, 1.0, 1.0, 1.0, 1.0, 1.0, 1.0, 1.0, 1.0, 1.0, 1.0, 1.0, 1.0, 1.0, 1.0, 1.0, 1.0, 1.0, 1.0, 1.0, 1.0, 1.0, 1.0, 1.0, 1.0, 1.0, 1.0, 1.0, 1.0, 1.0, 1.0, 1.0, 1.0, 1.0]"
cf6fd57e,9,36,2,75.0,False,False,"[1, 1, 1]",,,,,,,,,,,,,,6.607805458076044,"[6.607805458076044, 6.678924756229339, 6.7487776426004205, 6.817268629123046, 6.884306378277623, 6.949804973913226, 7.013685384605145, 7.075877549713089, 7.136322141666004, 7.19497276929897, 7.251797564683893, 7.306779747592337, 7.359916687815149, 7.4112166144652125, 7.460693949035433, 7.5083641778270955, 7.554240254337088, 7.598331326133224, 7.640643406651716, 7.681181293421467, 7.719950910918859, 7.7569613697563575, 7.792226588658346, 7.825766522332947, 7.857608182349702, 7.887786059651087, 7.9163424834110465, 7.9433276182373165, 7.968799362972167, 7.992823183068446, 8.015471487324394, 8.0368231385061, 8.05696265715814, 8.075979534862627, 8.09396731595854, 8.111022629838734, 8.127244163366962, 8.142731671357199, 8.157584944242917, 8.171902729533157, 8.18578180788541, 8.19931614863746, 8.212596170827288, 8.225707920383842, 8.238732589295415, 8.251746204267047, 8.264819170858983, 8.278016230050282, 8.291396399373394, 8.305013232644317, 8.318914911555176, 8.333144649202836, 8.347741308531134, 8.362739670641329, 8.37817095888062, 8.39406371813133, 8.410443990556512, 8.42733611951704, 8.444763158663454, 8.462747409600736, 8.481310689381743, 8.500474564899035, 8.520260472445933, 8.540689815158602, 8.56178397848956, 8.583563840810942, 8.606049592300115, 8.629260410188273, 8.653213610079236, 8.67792397195357, 8.703403139059079, 8.729658592511187, 8.756692957878396, 8.784503098471186, 8.81307900758591, 8.842403396534978]",75,,,,,8.842403396534978,,0.7368669497112482,,,,33.811811208724976,33.811811208724976,False,,0.0,0.0,,,33.82238268852234,2026-09-07 15:08:25,x86_64,dacsvm-cpunode01,,32,32,3.11.15,0.23,False,False,False,True,8,True,False,False,True,adam,True,1,10,hamqaoa,0.001,False,False,hog,False,False,False,False,True,False,False,1,HOG_graphs/Exp5/complete_graphs_2to12vertices_11instances_AdjacencyList.txt,False,0,16,1,1,0,0,0,5,10,42,True,_FINAL_BENCHMARKS_STANDARD,1,,42,7,"[(2, 3), (3, 8), (2, 6), (3, 5), (4, 6), (7, 8), (0, 5), (1, 4), (0, 2), (0, 8), (1, 7), (5, 7), (3, 4), (2, 8), (4, 5), (3, 7), (2, 5), (4, 8), (1, 3), (0, 1), (1, 6), (0, 4), (0, 7), (6, 8), (5, 6), (3, 6), (2, 4), (2, 7), (4, 7), (0, 3), (1, 2), (1, 8), (0, 6), (1, 5), (5, 8), (6, 7)]","[1.0, 1.0, 1.0, 1.0, 1.0, 1.0, 1.0, 1.0, 1.0, 1.0, 1.0, 1.0, 1.0, 1.0, 1.0, 1.0, 1.0, 1.0, 1.0, 1.0, 1.0, 1.0, 1.0, 1.0, 1.0, 1.0, 1.0, 1.0, 1.0, 1.0, 1.0, 1.0, 1.0, 1.0, 1.0, 1.0]"
b6bd2e73,9,36,3,75.0,False,False,"[1, 1, 1]",,,,,,,,,,,,,,9.39127805390451,"[9.39127805390451, 9.402691464420721, 9.413817787787721, 9.424658348019717, 9.435241964571434, 9.445638055945135, 9.45593543397775, 9.466200632325394, 9.476466165779712, 9.486742652964107, 9.4970296305178, 9.507320814827333, 9.517606292221023, 9.527873722454716, 9.53810891313403, 9.548296198593464, 9.558418964819852, 9.568459908670695, 9.578401382084555, 9.588225911788825, 9.597916321000415, 9.607456433594004, 9.616831250620292, 9.626027473156576, 9.635034062798399, 9.64384251130225, 9.652447332997168, 9.660846347740314, 9.669040871511784, 9.677035652853638, 9.684838566906354, 9.692460191100853, 9.69991299484916, 9.70721027000779, 9.714365426369163, 9.721390762649442, 9.728297016604884, 9.735092447250649, 9.741783017464808, 9.74837220309072, 9.75486114381104, 9.761249249731078, 9.767534824461725, 9.773715160451266, 9.779787417135903, 9.785748840577835, 9.791597386827702, 9.797331680105858, 9.802951500010074, 9.808457876472128, 9.813853121722012, 9.819140727882044, 9.824325483230849, 9.829413035762874, 9.834409752650433, 9.839322430050629, 9.844157801172285, 9.848922493124443, 9.85362253056569, 9.858263305184416, 9.862849290675593, 9.867384193421284, 9.871870925623448, 9.876311581927851, 9.880707778676074, 9.885060468070174, 9.889370213421332, 9.893637364490507, 9.897862269742545, 9.902045183054287, 9.9061864900776, 9.910286646243502, 9.91434623818673, 9.918365979563253, 9.922346892762196, 9.926289982913119]",75,,,,,9.926289982913119,,0.8271908319094265,,,,71.85017728805542,71.85017728805542,False,,0.0,0.0,,,71.85993838310242,2026-09-07 15:09:04,x86_64,dacsvm-cpunode01,,32,32,3.11.15,0.24,False,False,False,True,8,True,False,False,True,adam,True,1,10,hamqaoa,0.001,False,False,hog,False,False,False,False,True,False,False,1,HOG_graphs/Exp5/complete_graphs_2to12vertices_11instances_AdjacencyList.txt,False,0,16,1,1,0,0,0,5,10,42,True,_FINAL_BENCHMARKS_STANDARD,1,,42,7,"[(2, 3), (3, 8), (2, 6), (3, 5), (4, 6), (7, 8), (0, 5), (1, 4), (0, 2), (0, 8), (1, 7), (5, 7), (3, 4), (2, 8), (4, 5), (3, 7), (2, 5), (4, 8), (1, 3), (0, 1), (1, 6), (0, 4), (0, 7), (6, 8), (5, 6), (3, 6), (2, 4), (2, 7), (4, 7), (0, 3), (1, 2), (1, 8), (0, 6), (1, 5), (5, 8), (6, 7)]","[1.0, 1.0, 1.0, 1.0, 1.0, 1.0, 1.0, 1.0, 1.0, 1.0, 1.0, 1.0, 1.0, 1.0, 1.0, 1.0, 1.0, 1.0, 1.0, 1.0, 1.0, 1.0, 1.0, 1.0, 1.0, 1.0, 1.0, 1.0, 1.0, 1.0, 1.0, 1.0, 1.0, 1.0, 1.0, 1.0]"
189e7d9b,9,36,4,75.0,False,False,"[1, 1, 1]",,,,,,,,,,,,,,8.61199667646586,"[8.61199667646586, 8.642571949910296, 8.672903105287698, 8.702958559795661, 8.732711346338672, 8.762138235174486, 8.791219795165816, 8.819940143336032, 8.848286860298186, 8.876250886825796, 8.903826166160622, 8.931009354391959, 8.957798854340105, 8.984193830563623, 9.010193272165589, 9.035794188758727, 9.060990407501649, 9.085771039526614, 9.110119534505445, 9.134013305204508, 9.157424057216303, 9.18031892232677, 9.202662198224752, 9.224417818265483, 9.245552318283169, 9.266037973837976, 9.285855545830918, 9.304997163928428, 9.323467557833917, 9.341284813432729, 9.358478941254965, 9.375088829352219, 9.391158157932592, 9.406730706952345, 9.421845566302231, 9.436534000052943, 9.450817577676757, 9.464707710927158, 9.478206889812139, 9.491310652156281, 9.504010208309275, 9.51629517314314, 9.528155979306845, 9.539586139302488, 9.550584185182407, 9.561154381089954, 9.57130710867443, 9.58105817828676, 9.590427212120998, 9.599435728663883, 9.608104663610057, 9.616452498045636, 9.624493769830332, 9.632238493634551, 9.639692518679945, 9.6468587466244, 9.653738656779527, 9.66033412512829, 9.666648600235057, 9.672688260442113, 9.67846252894828, 9.683983515424009, 9.689265398204924, 9.694323301971341, 9.69917231681788, 9.703826429434782, 9.708298058791692, 9.712598082261842, 9.716735997015553, 9.720720482964907, 9.724560062852072, 9.7282636826682, 9.731840874180293, 9.735301950878009, 9.738657721617397, 9.741919016123262]",75,,,,,9.741919016123262,,0.8118265846769385,,,,123.26349449157715,123.26349449157715,False,,0.0,0.0,,,123.274653673172,2026-09-07 15:09:55,x86_64,dacsvm-cpunode01,,32,32,3.11.15,0.24,False,False,False,True,8,True,False,False,True,adam,True,1,10,hamqaoa,0.001,False,False,hog,False,False,False,False,True,False,False,1,HOG_graphs/Exp5/complete_graphs_2to12vertices_11instances_AdjacencyList.txt,False,0,16,1,1,0,0,0,5,10,42,True,_FINAL_BENCHMARKS_STANDARD,1,,42,7,"[(2, 3), (3, 8), (2, 6), (3, 5), (4, 6), (7, 8), (0, 5), (1, 4), (0, 2), (0, 8), (1, 7), (5, 7), (3, 4), (2, 8), (4, 5), (3, 7), (2, 5), (4, 8), (1, 3), (0, 1), (1, 6), (0, 4), (0, 7), (6, 8), (5, 6), (3, 6), (2, 4), (2, 7), (4, 7), (0, 3), (1, 2), (1, 8), (0, 6), (1, 5), (5, 8), (6, 7)]","[1.0, 1.0, 1.0, 1.0, 1.0, 1.0, 1.0, 1.0, 1.0, 1.0, 1.0, 1.0, 1.0, 1.0, 1.0, 1.0, 1.0, 1.0, 1.0, 1.0, 1.0, 1.0, 1.0, 1.0, 1.0, 1.0, 1.0, 1.0, 1.0, 1.0, 1.0, 1.0, 1.0, 1.0, 1.0, 1.0]"
335bb2f7,8,28,5,75.0,False,False,"[1, 1, 1]",,,,,,,,,,,,,,6.936501069919613,"[6.936501069919613, 6.95051158245829, 6.9645522257965045, 6.978704359964687, 6.9931464580669, 7.007978775825999, 7.023283807625934, 7.039183363269642, 7.05581923376781, 7.073313567955602, 7.091757713602808, 7.111217015807151, 7.1317285037346725, 7.153294000645341, 7.175876561545892, 7.199401722805538, 7.223762253785059, 7.248825173860593, 7.274440342423877, 7.300449728742151, 7.326697542376253, 7.3530407743029835, 7.379359457453871, 7.4055647668933755, 7.431601238060215, 7.4574405357617835, 7.483067682448348, 7.508466253843284, 7.533609105820222, 7.558456156930483, 7.582957029747593, 7.60705543287082, 7.630692863689294, 7.653811640026953, 7.676356866689368, 7.698277667458364, 7.719528156358528, 7.7400678313694495, 7.759861637837847, 7.778880344125634, 7.797100175313016, 7.814502815262048, 7.831075263940679, 7.846809797442105, 7.861703836842863, 7.875760009211983, 7.888986322666148, 7.9013964828571135, 7.913010153723612, 7.923853037704854, 7.933956941563261, 7.943359483319809, 7.952103616035797, 7.9602367813684864, 7.96780974011593, 7.974875371241861, 7.98148728813855, 7.98769825558869, 7.99355897662456, 7.999116917323105, 8.00441535771541, 8.00949290297149, 8.014383100860643, 8.019114399068625, 8.02371034537571, 8.028189855568552, 8.032567703936921, 8.036855039465877, 8.041060134043704, 8.045188735465393, 8.049244772707477, 8.053230749138915, 8.057148105331663, 8.060997743569695, 8.064780214913897, 8.068495979364886]",75,,,,,8.068495979364886,,0.8068495979364887,,,,127.86879301071167,127.86879301071167,False,,0.0,0.0,,,127.87973594665527,2026-09-07 15:10:00,x86_64,dacsvm-cpunode01,,32,32,3.11.15,0.25,False,False,False,True,7,True,False,False,False,adam,True,1,10,hamqaoa,0.001,False,False,hog,False,False,False,False,True,False,False,1,HOG_graphs/Exp5/complete_graphs_2to12vertices_11instances_AdjacencyList.txt,False,0,16,1,1,0,0,0,5,10,42,True,_FINAL_BENCHMARKS_STANDARD,1,,42,6,"[(2, 3), (2, 6), (3, 5), (4, 6), (0, 5), (1, 4), (0, 2), (1, 7), (5, 7), (3, 4), (4, 5), (3, 7), (2, 5), (1, 3), (0, 1), (1, 6), (0, 4), (0, 7), (5, 6), (3, 6), (2, 4), (2, 7), (4, 7), (0, 3), (1, 2), (0, 6), (1, 5), (6, 7)]","[1.0, 1.0, 1.0, 1.0, 1.0, 1.0, 1.0, 1.0, 1.0, 1.0, 1.0, 1.0, 1.0, 1.0, 1.0, 1.0, 1.0, 1.0, 1.0, 1.0, 1.0, 1.0, 1.0, 1.0, 1.0, 1.0, 1.0, 1.0]"
0c60f8d5,9,36,5,75.0,False,False,"[1, 1, 1]",,,,,,,,,,,,,,9.331500379226112,"[9.331500379226112, 9.345254210466194, 9.358923170742317, 9.37243604169774, 9.385728066947829, 9.398743345975868, 9.411441560342617, 9.423789799553033, 9.435766972254077, 9.447367648477627, 9.458605060752754, 9.46950850864827, 9.480115686496056, 9.490465373480593, 9.500593469510534, 9.510531937452374, 9.52030829450751, 9.529945285038838, 9.53946350875653, 9.548877407755223, 9.558197451769217, 9.567433969829338, 9.576597375684948, 9.585695535054235, 9.594733313382445, 9.603713792271103, 9.612637385654217, 9.621502505413677, 9.630308460405283, 9.639053589122778, 9.647733329306837, 9.656340916271555, 9.664867241946027, 9.673300109215345, 9.681626636526365, 9.689831465236114, 9.697896486090178, 9.705803301453201, 9.713533343582107, 9.721069111717945, 9.728395886828796, 9.735501002066112, 9.742375211398077, 9.749013495825984, 9.755414764973803, 9.761582751927701, 9.76752523307499, 9.773253938979087, 9.77878369039883, 9.784131327860665, 9.789315160376535, 9.794353337297139, 9.799263225279057, 9.804060585972353, 9.80875901501731, 9.813370272114415, 9.81790419210066, 9.822369274917644, 9.82677272974332, 9.831121349906914, 9.835421779038125, 9.83968067715497, 9.843904975188517, 9.848101635546527, 9.852277791178983, 9.856440268559453, 9.860595277003318, 9.864747914799251, 9.868901931802652, 9.873059424882987, 9.877220549792456, 9.881383480107452, 9.885544787546033, 9.889699623259975, 9.89384188966737, 9.89796488244311]",75,,,,,9.89796488244311,,0.8248304068702592,,,,190.98267221450806,190.98267221450806,False,,0.0,0.0,,,190.99426865577698,2026-09-07 15:11:03,x86_64,dacsvm-cpunode01,,32,32,3.11.15,0.24,False,False,False,True,8,True,False,False,True,adam,True,1,10,hamqaoa,0.001,False,False,hog,False,False,False,False,True,False,False,1,HOG_graphs/Exp5/complete_graphs_2to12vertices_11instances_AdjacencyList.txt,False,0,16,1,1,0,0,0,5,10,42,True,_FINAL_BENCHMARKS_STANDARD,1,,42,7,"[(2, 3), (3, 8), (2, 6), (3, 5), (4, 6), (7, 8), (0, 5), (1, 4), (0, 2), (0, 8), (1, 7), (5, 7), (3, 4), (2, 8), (4, 5), (3, 7), (2, 5), (4, 8), (1, 3), (0, 1), (1, 6), (0, 4), (0, 7), (6, 8), (5, 6), (3, 6), (2, 4), (2, 7), (4, 7), (0, 3), (1, 2), (1, 8), (0, 6), (1, 5), (5, 8), (6, 7)]","[1.0, 1.0, 1.0, 1.0, 1.0, 1.0, 1.0, 1.0, 1.0, 1.0, 1.0, 1.0, 1.0, 1.0, 1.0, 1.0, 1.0, 1.0, 1.0, 1.0, 1.0, 1.0, 1.0, 1.0, 1.0, 1.0, 1.0, 1.0, 1.0, 1.0, 1.0, 1.0, 1.0, 1.0, 1.0, 1.0]"
