run_id,n,m,p,precision/iterations,singlet_injection,warm_start,parameter_vector,optimal_result,sdp_objective_value_step1,sdp_objective_value_king_normalized_step1,algorithm17_actual_energy,algorithm17_lower_bound_energy,initial_ws_energy_prodStates_step2,initial_sdp_statevector_energy,initial_qaoa_input_energy_normalized,adam_energy_history_normalized_json,adam_updates_completed,initial_sdp_statevec_ratio,initial_ws_energy_010101,QAOA_improvement_over_SDP_statevectorEnergy,QAOA_improvement_over_SDP_prodStatesEnergy,result,result_010101,approx_ratio,approx_ratio_010101,diff. approx. ratio,sdp ws greater,duration_seconds,duration_seconds_excluding_warm_start_cache_io,warm_start_cache_used,warm_start_compute_time_seconds,warm_start_load_time_seconds,warm_start_save_time_seconds,warm_start_effective_time_seconds,warm_start_cache_path,full duration_seconds,finished_at,processor,hostname,total_ram_gb,physical_cores,logical_cores,python_version,peak_ram_mb,Instance_is_triangle_free,Instance_is_3_regular,Instance_is_bipartite,Instance_is_regular,Regular_degree,Instance_is_claw_free,Instance_is_twin_free,Instance_is_planar,Instance_is_eulerian,optimiser,optimiser_use_heuristic,circuit_type,learning_rate_adam,warm_start_mode,lasserre_level,initial_solver_level_M,sdp_solver_mode,sdp_scs_eps,sdp_scs_max_iters,compare_with_010101,init_QAOAparams_close_to_zero,use_correlations_as_initial_params,graph_generation_type,weighted,easiest_first,debug,save_circuit_svg,rerun_exclude_finished_instances,warm_start_cache_producer_only,qaoa_only_from_existing_warm_start_cache,num_repeats,relative_graph_adjList_path,persistent_warm_start_cache,warm_start_cache_dir,warm_start_cache_max_file_mb,warm_start_cache_max_total_gb,sdp_max_parallel,qaoa_max_parallel,sdp_threads,qaoa_threads,sdp_memory_limit_total_gb,sdp_memory_limit_single_gb,sdp_memory_poll_seconds,sdp_max_retries,queue_poll_interval_seconds,max_graph_vertices,qaoa_seed,initialise_standard_warm_start_with_zero_angles,result_name_suffix,benchmark_repeat_idx,sdp_seed,qaoa_seed_used,hog_graph_index,edges,weights
bdcce2de,2,1,1,50.0,False,True,"[1, 1, 1]",,1.9999998910740424,0.9999999455370212,0.5940825633098595,0.624140795695786,0.49999998274387836,0.5940825633098594,0.5940825633098596,"[0.07410835670922011, 0.07515399842403325, 0.07620717888637066, 0.07726799776898796, 0.0783365557014139, 0.07941295414748184, 0.08049729493780294, 0.0815896799840593, 0.08269021091458745, 0.08379898876850445, 0.08491611359088572, 0.08604168433945619, 0.08717579838932912, 0.08831855132608535, 0.08947003657242789, 0.09063034557374855, 0.09179956708876147, 0.09297778731648548, 0.09416508950754829, 0.09536155347855879, 0.09656725649235437, 0.09778227203417755, 0.09900667042981093, 0.100240518469005, 0.10148387912355689, 0.10273681197256593, 0.10399937273444132, 0.10527161359730222, 0.10655358294535638, 0.1078453253671087, 0.10914688182788357, 0.11045828938248084, 0.11177958157321091, 0.11311078834110194, 0.11445193573481607, 0.115803046148028, 0.11716413848259494, 0.11853522836235153, 0.119916327710544, 0.12130744514734632, 0.12270858605897861, 0.12411975214485382, 0.1255409419924272, 0.12697215093106928, 0.12841337141784956, 0.12986459281815912, 0.1313258012372317, 0.13279698057041284, 0.1342781112016638, 0.135769170623061, 0.13727013349891176]",50,0.5940825633098594,,4.440892098500626e-16,0.18816516113196258,0.5940825633098596,,0.5940825633098596,,,,1.1270723342895508,1.307304859161377,True,0.1821756362915039,0.0019314289093017578,0.0,0.1821756362915039,Results/warm_start_cache/complete_graphs_2to12vertices_11instances_AdjacencyList__filehash_1c7be33d/hog_idx000000_cd0336d2cdf0_noseed_L2_M2_amplified.npz,1.1430537700653076,2026-08-21 07:33:19,x86_64,dacsgpu0003,,64,64,3.11.15,0.22,True,False,True,True,1,True,False,True,False,adam,False,hamqaoa,0.001,amplified,2,2,scs,1e-06,100000,False,False,False,hog,False,False,False,False,True,False,True,1,HOG_graphs/Exp5/complete_graphs_2to12vertices_11instances_AdjacencyList.txt,True,Results/warm_start_cache,512,60,0,16,1,1,0,0,5,0,5,11,1,False,_Exp7_AmplifiedWithHeuristic,1,,1,0,"[(0, 1)]",[1.0]
ad9a3b8f,2,1,2,50.0,False,True,"[1, 1, 1]",,1.9999998910740424,0.9999999455370212,0.5940825633098595,0.624140795695786,0.49999998274387836,0.5940825633098594,0.5940825633098596,"[0.5555240815293997, 0.558365906263544, 0.56118893026584, 0.5639924876139221, 0.5667759908516752, 0.5695389550493657, 0.5722810278210368, 0.5750020229211781, 0.5777019611420783, 0.5803811174149685, 0.5830400663609422, 0.5856797286763382, 0.5883014050244477, 0.5909067862352162, 0.5934979301976782, 0.5960771976428708, 0.5986471411929937, 0.6012103678582749, 0.6037693885069789, 0.6063264844215615, 0.6088836146472024, 0.6114423650095681, 0.6140039408472455, 0.6165691972448714, 0.6191386822078648, 0.6217126957568528, 0.6242913426213637, 0.6268745795430095, 0.6294622575155608, 0.6320541547155026, 0.63465000011947, 0.6372494922448093, 0.6398523136551542, 0.6424581379082612, 0.6450666394089185, 0.6476774959905942, 0.6502903902526541, 0.6529050133881885, 0.6555210630275954, 0.6581382464817744, 0.6607562773535062, 0.6633748768302624, 0.665993771125954, 0.6686126924173894, 0.6712313794636939, 0.6738495720568287, 0.6764670162807394, 0.6790834588185499, 0.6816986482279201, 0.6843123335232796, 0.6869242658122084]",50,0.5940825633098594,,0.18568340500469804,0.3738485661366602,0.6869242658122084,,0.6869242658122084,,,,1.8432199954986572,2.023850679397583,True,0.1821756362915039,0.0015308856964111328,0.0,0.1821756362915039,Results/warm_start_cache/complete_graphs_2to12vertices_11instances_AdjacencyList__filehash_1c7be33d/hog_idx000000_cd0336d2cdf0_noseed_L2_M2_amplified.npz,1.8578741550445557,2026-08-21 07:33:20,x86_64,dacsgpu0003,,64,64,3.11.15,0.22,True,False,True,True,1,True,False,True,False,adam,False,hamqaoa,0.001,amplified,2,2,scs,1e-06,100000,False,False,False,hog,False,False,False,False,True,False,True,1,HOG_graphs/Exp5/complete_graphs_2to12vertices_11instances_AdjacencyList.txt,True,Results/warm_start_cache,512,60,0,16,1,1,0,0,5,0,5,11,1,False,_Exp7_AmplifiedWithHeuristic,1,,101,0,"[(0, 1)]",[1.0]
3bfab57a,2,1,3,50.0,False,True,"[1, 1, 1]",,1.9999998910740424,0.9999999455370212,0.5940825633098595,0.624140795695786,0.49999998274387836,0.5940825633098594,0.5940825633098596,"[0.30677216796467377, 0.3128554208803129, 0.31896030714642626, 0.32508563786243677, 0.331230204607527, 0.3373927826754859, 0.3435721418759802, 0.34976705565549954, 0.3559763143299873, 0.36219874298331767, 0.3684332165092386, 0.3746786741320264, 0.38093412237294005, 0.38719862211985917, 0.39347125591716003, 0.3997510797243705, 0.40603706723942146, 0.4123280647425317, 0.4186227686129708, 0.42491972136804157, 0.4312173254764379, 0.43751386427702876, 0.44380752627624215, 0.4500964253592812, 0.45637861738629343, 0.46265211414388563, 0.4689148962037195, 0.4751649189699112, 0.4814001225696204, 0.4876184366795542, 0.49381778717626357, 0.4999961014603649, 0.506151312631315, 0.5122813648819687, 0.5183842174868077, 0.5244578501385444, 0.5305002659494233, 0.5365094969917953, 0.5424836082266213, 0.5484207001325381, 0.5543189136141512, 0.5601764334515476, 0.5659914922039156, 0.5717623722911674, 0.5774874121569112, 0.5831650048201257, 0.5887936045347734, 0.5943717268460719, 0.5998979522932086, 0.6053709282295353, 0.610789369461008]",50,0.5940825633098594,,0.033413612302297224,0.22157877343425936,0.610789369461008,,0.610789369461008,,,,2.765936851501465,2.946749448776245,True,0.1821756362915039,0.001352548599243164,0.0,0.1821756362915039,Results/warm_start_cache/complete_graphs_2to12vertices_11instances_AdjacencyList__filehash_1c7be33d/hog_idx000000_cd0336d2cdf0_noseed_L2_M2_amplified.npz,2.772029399871826,2026-08-21 07:33:21,x86_64,dacsgpu0003,,64,64,3.11.15,0.22,True,False,True,True,1,True,False,True,False,adam,False,hamqaoa,0.001,amplified,2,2,scs,1e-06,100000,False,False,False,hog,False,False,False,False,True,False,True,1,HOG_graphs/Exp5/complete_graphs_2to12vertices_11instances_AdjacencyList.txt,True,Results/warm_start_cache,512,60,0,16,1,1,0,0,5,0,5,11,1,False,_Exp7_AmplifiedWithHeuristic,1,,201,0,"[(0, 1)]",[1.0]
f6c9e84f,7,21,1,50.0,False,True,"[1, 1, 1]",,15.749999998544668,7.874999999272334,6.087836025582844,4.947184326788085,6.087836025582844,6.0878360255828445,6.087836025582841,"[5.274231346699059, 5.275758128418626, 5.277287641530357, 5.278819886052373, 5.280354967987262, 5.281893037811752, 5.283434372436553, 5.284979368122325, 5.286528552504482, 5.288082527660555, 5.289641913614766, 5.291207252547217, 5.29277892523395, 5.294357119883651, 5.295941863919171, 5.2975330721323, 5.299130573527606, 5.300734187027318, 5.302343758872574, 5.3039591723878186, 5.305580404796569, 5.307207492338414, 5.308840546035804, 5.31047974386148, 5.312125254449727, 5.31377724908161, 5.315435841417317, 5.317101114392266, 5.318773065879402, 5.320451682831504, 5.3221368898983705, 5.323828629738287, 5.325526838926785, 5.327231495253567, 5.328942595132442, 5.330660158213707, 5.332384229694401, 5.334114879085344, 5.335852140715161, 5.337596042544847, 5.339346599428299, 5.341103791863102, 5.342867588045558, 5.344637947613075, 5.346414822091054, 5.348198172418256, 5.34998799367759, 5.351784261284632, 5.35358699947101, 5.355396192881328, 5.357211833818292]",50,0.8117114700777126,,-7.105427357601002e-15,-5.329070518200751e-15,6.087836025582841,,0.8117114700777122,,,,3.458632707595825,188.94889664649963,True,185.49246048927307,0.0021810531616210938,0.0,185.49246048927307,Results/warm_start_cache/complete_graphs_2to12vertices_11instances_AdjacencyList__filehash_1c7be33d/hog_idx000005_527d3402612a_noseed_L2_M2_amplified.npz,3.4664039611816406,2026-08-21 07:33:21,x86_64,dacsgpu0003,,64,64,3.11.15,0.23,False,False,False,True,6,True,False,False,True,adam,False,hamqaoa,0.001,amplified,2,2,scs,1e-06,100000,False,False,False,hog,False,False,False,False,True,False,True,1,HOG_graphs/Exp5/complete_graphs_2to12vertices_11instances_AdjacencyList.txt,True,Results/warm_start_cache,512,60,0,16,1,1,0,0,5,0,5,11,1,False,_Exp7_AmplifiedWithHeuristic,1,,500001,5,"[(2, 3), (2, 6), (3, 5), (4, 6), (0, 5), (1, 4), (0, 2), (3, 4), (4, 5), (2, 5), (1, 3), (0, 1), (1, 6), (0, 4), (5, 6), (3, 6), (2, 4), (0, 3), (1, 2), (0, 6), (1, 5)]","[1.0, 1.0, 1.0, 1.0, 1.0, 1.0, 1.0, 1.0, 1.0, 1.0, 1.0, 1.0, 1.0, 1.0, 1.0, 1.0, 1.0, 1.0, 1.0, 1.0, 1.0]"
d0d63b4e,2,1,4,50.0,False,True,"[1, 1, 1]",,1.9999998910740424,0.9999999455370212,0.5940825633098595,0.624140795695786,0.49999998274387836,0.5940825633098594,0.5940825633098596,"[0.5779287468712857, 0.5844551845110046, 0.5909967538507296, 0.5975506966601278, 0.6041142526314477, 0.6106846389777699, 0.6172590386499125, 0.6238345927864709, 0.6304083991266473, 0.6369775082543198, 0.6435389295609069, 0.6500896298424725, 0.6566265385652709, 0.6631465544459311, 0.6696465491664539, 0.6761233726606309, 0.6825738620077761, 0.6889948431267887, 0.6953831404471018, 0.7017355805459946, 0.7080489992473027, 0.7143202451602667, 0.7205461874481226, 0.7267237171144381, 0.7328497509690827, 0.7389212358517054, 0.7449351530881485, 0.7508885220936345, 0.7567784087777268, 0.7626019284395942, 0.7683562561919361, 0.7740386348382046, 0.7796463808071024, 0.7851768986356477, 0.7906276877807632, 0.7959963563477831, 0.801280629231695, 0.806478361586736, 0.8115875479160577, 0.8166063300548368, 0.8215330085314579, 0.8263660527244625, 0.8311040998706376, 0.8357459665118839, 0.8402906496069618, 0.8447373359998697, 0.8490853992344187, 0.8533344016086826, 0.8574840987801782, 0.861534432891593, 0.8654855328652435]",50,0.5940825633098594,,0.5428059391107682,0.7309711002427304,0.8654855328652435,,0.8654855328652435,,,,3.7984397411346436,3.978639841079712,True,0.1821756362915039,0.001959085464477539,0.0,0.1821756362915039,Results/warm_start_cache/complete_graphs_2to12vertices_11instances_AdjacencyList__filehash_1c7be33d/hog_idx000000_cd0336d2cdf0_noseed_L2_M2_amplified.npz,3.8142738342285156,2026-08-21 07:33:22,x86_64,dacsgpu0003,,64,64,3.11.15,0.22,True,False,True,True,1,True,False,True,False,adam,False,hamqaoa,0.001,amplified,2,2,scs,1e-06,100000,False,False,False,hog,False,False,False,False,True,False,True,1,HOG_graphs/Exp5/complete_graphs_2to12vertices_11instances_AdjacencyList.txt,True,Results/warm_start_cache,512,60,0,16,1,1,0,0,5,0,5,11,1,False,_Exp7_AmplifiedWithHeuristic,1,,301,0,"[(0, 1)]",[1.0]
e43a420d,2,1,5,50.0,False,True,"[1, 1, 1]",,1.9999998910740424,0.9999999455370212,0.5940825633098595,0.624140795695786,0.49999998274387836,0.5940825633098594,0.5940825633098596,"[0.28134692718037363, 0.28668949036829733, 0.2920697683274902, 0.29748713717935105, 0.30294133108214505, 0.3084327999413896, 0.31396300865821103, 0.31953410511354197, 0.3251481593783044, 0.3308069468776845, 0.3365121668115753, 0.34226553224503686, 0.34806863470362925, 0.35392273064364127, 0.3598286069651557, 0.3657865719161677, 0.3717965256010377, 0.37785805342874407, 0.38397050507199504, 0.39013304973951246, 0.39634471304688446, 0.4026043956600845, 0.4089108907439685, 0.4152628882627253, 0.421658983112701, 0.42809767658350106, 0.4345773818022418, 0.4410964238998857, 0.44765304463503575, 0.45424540305081185, 0.46087158083742946, 0.46752958341222906, 0.47421734506911345, 0.4809327314928338, 0.4876735466586138, 0.49443753412091634, 0.5012223824168925, 0.5080257305663202, 0.5148451717829862, 0.5216782576956269, 0.5285225060664359, 0.5353754039268427, 0.5422344141027718, 0.5490969789335627, 0.5559605261388142, 0.5628224748595374, 0.5696802410308519, 0.5765312401947846, 0.5833728927300368, 0.5902026318385546, 0.5970179047434733]",50,0.5940825633098594,,0.0058706828672276945,0.19403584399918983,0.5970179047434733,,0.5970179047434733,,,,5.018058776855469,5.198274374008179,True,0.1821756362915039,0.0019462108612060547,0.0,0.1821756362915039,Results/warm_start_cache/complete_graphs_2to12vertices_11instances_AdjacencyList__filehash_1c7be33d/hog_idx000000_cd0336d2cdf0_noseed_L2_M2_amplified.npz,5.030970096588135,2026-08-21 07:33:24,x86_64,dacsgpu0003,,64,64,3.11.15,0.23,True,False,True,True,1,True,False,True,False,adam,False,hamqaoa,0.001,amplified,2,2,scs,1e-06,100000,False,False,False,hog,False,False,False,False,True,False,True,1,HOG_graphs/Exp5/complete_graphs_2to12vertices_11instances_AdjacencyList.txt,True,Results/warm_start_cache,512,60,0,16,1,1,0,0,5,0,5,11,1,False,_Exp7_AmplifiedWithHeuristic,1,,401,0,"[(0, 1)]",[1.0]
137c7db8,7,21,2,50.0,False,True,"[1, 1, 1]",,15.749999998544668,7.874999999272334,6.087836025582844,4.947184326788085,6.087836025582844,6.0878360255828445,6.087836025582841,"[6.263090211693019, 6.26469024833441, 6.266194720070374, 6.267601877466576, 6.268911039866316, 6.270123038708916, 6.271240875406859, 6.272270189349385, 6.273219554228891, 6.274099862277233, 6.274922979891561, 6.275700066830033, 6.276440460080148, 6.27715147002882, 6.277838798650427, 6.278507137546679, 6.279160604306833, 6.279802989999366, 6.2804378523313975, 6.2810684481076935, 6.28169766003203, 6.2823278760371934, 6.282960947111723, 6.283598123954241, 6.284239983770604, 6.284886597562101, 6.285537473778497, 6.2861917275222785, 6.2868481459183725, 6.287505285493906, 6.288161580045532, 6.2888154273762344, 6.289465214107585, 6.290109449166699, 6.2907467399425565, 6.2913758513659115, 6.291995694874499, 6.2926053680662815, 6.293204109662706, 6.293791308303402, 6.294366523621848, 6.2949294470062505, 6.295479845357555, 6.296017577893442, 6.296542592410036, 6.2970548860124, 6.297554485634598, 6.298041472831923, 6.298515933723577, 6.29897799396321, 6.299427766330679]",50,0.8117114700777126,,0.4231834814956681,0.42318348149566987,6.299427766330679,,0.8399237021774238,,,,7.729334354400635,193.2194640636444,True,185.49246048927307,0.002315998077392578,0.0,185.49246048927307,Results/warm_start_cache/complete_graphs_2to12vertices_11instances_AdjacencyList__filehash_1c7be33d/hog_idx000005_527d3402612a_noseed_L2_M2_amplified.npz,7.742067098617554,2026-08-21 07:33:25,x86_64,dacsgpu0003,,64,64,3.11.15,0.24,False,False,False,True,6,True,False,False,True,adam,False,hamqaoa,0.001,amplified,2,2,scs,1e-06,100000,False,False,False,hog,False,False,False,False,True,False,True,1,HOG_graphs/Exp5/complete_graphs_2to12vertices_11instances_AdjacencyList.txt,True,Results/warm_start_cache,512,60,0,16,1,1,0,0,5,0,5,11,1,False,_Exp7_AmplifiedWithHeuristic,1,,500101,5,"[(2, 3), (2, 6), (3, 5), (4, 6), (0, 5), (1, 4), (0, 2), (3, 4), (4, 5), (2, 5), (1, 3), (0, 1), (1, 6), (0, 4), (5, 6), (3, 6), (2, 4), (0, 3), (1, 2), (0, 6), (1, 5)]","[1.0, 1.0, 1.0, 1.0, 1.0, 1.0, 1.0, 1.0, 1.0, 1.0, 1.0, 1.0, 1.0, 1.0, 1.0, 1.0, 1.0, 1.0, 1.0, 1.0, 1.0]"
9520c3a8,8,28,1,50.0,False,True,"[1, 1, 1]",,19.999999982299197,9.999999991149599,7.96502343577561,6.363430229627347,7.965023435775608,7.965023435775613,7.965023435775599,"[7.958177930413619, 7.95845476781415, 7.958726143380824, 7.958991944362572, 7.959252107602044, 7.959506536973533, 7.959755159940333, 7.959997898924699, 7.960234698799762, 7.960465483123116, 7.960690206748722, 7.960908815380739, 7.961121271186507, 7.961327557367922, 7.961527645327606, 7.961721534617554, 7.961909212001897, 7.9620907134446925, 7.962266055670184, 7.962435263695385, 7.962598367548595, 7.962755412075741, 7.9629064538931775, 7.963051547621513, 7.963190764004673, 7.963324167285476, 7.963451841400981, 7.963573891902632, 7.963690412547024, 7.963801507719089, 7.963907288840559, 7.964007865811371, 7.964103372382541, 7.964193929354612, 7.964279683361517, 7.964360772349809, 7.9644373484269755, 7.964509548829119, 7.964577519062448, 7.964641423457872, 7.96470143116459, 7.964757690026177, 7.964810377905461, 7.964859641050665, 7.964905645921362, 7.964948559630881, 7.964988542969667, 7.965025767889942, 7.96506039283366, 7.96509257770946, 7.965122479168483]",50,0.7965023435775613,,0.00019808678573873806,0.0001980867857493962,7.965122479168483,,0.7965122479168483,,,,6.269202947616577,558.3054370880127,True,552.0402793884277,0.0040302276611328125,0.0,552.0402793884277,Results/warm_start_cache/complete_graphs_2to12vertices_11instances_AdjacencyList__filehash_1c7be33d/hog_idx000006_e45aa177ddd9_noseed_L2_M2_amplified.npz,6.2774505615234375,2026-08-21 07:33:29,x86_64,dacsgpu0003,,64,64,3.11.15,0.24,False,False,False,True,7,True,False,False,False,adam,False,hamqaoa,0.001,amplified,2,2,scs,1e-06,100000,False,False,False,hog,False,False,False,False,True,False,True,1,HOG_graphs/Exp5/complete_graphs_2to12vertices_11instances_AdjacencyList.txt,True,Results/warm_start_cache,512,60,0,16,1,1,0,0,5,0,5,11,1,False,_Exp7_AmplifiedWithHeuristic,1,,600001,6,"[(2, 3), (2, 6), (3, 5), (4, 6), (0, 5), (1, 4), (0, 2), (1, 7), (5, 7), (3, 4), (4, 5), (3, 7), (2, 5), (1, 3), (0, 1), (1, 6), (0, 4), (0, 7), (5, 6), (3, 6), (2, 4), (2, 7), (4, 7), (0, 3), (1, 2), (0, 6), (1, 5), (6, 7)]","[1.0, 1.0, 1.0, 1.0, 1.0, 1.0, 1.0, 1.0, 1.0, 1.0, 1.0, 1.0, 1.0, 1.0, 1.0, 1.0, 1.0, 1.0, 1.0, 1.0, 1.0, 1.0, 1.0, 1.0, 1.0, 1.0, 1.0, 1.0]"
82ebe177,8,28,2,50.0,False,True,"[1, 1, 1]",,19.999999982299197,9.999999991149599,7.96502343577561,6.363430229627347,7.965023435775608,7.965023435775613,7.965023435775599,"[7.336726042090223, 7.339314859129808, 7.341929984798134, 7.344570837450895, 7.347236829610936, 7.349927304864777, 7.352641594144521, 7.3553790105742305, 7.358138845341564, 7.360920340188992, 7.363722710017027, 7.366545168465123, 7.369386923233142, 7.372247201949319, 7.375125262042259, 7.3780204438551795, 7.380932168618487, 7.38385999988544, 7.386803677328035, 7.389763170856081, 7.392738557307116, 7.395730012656982, 7.398737635729475, 7.401761538023296, 7.404801663564621, 7.407857848326683, 7.410929804627584, 7.4140172458531435, 7.417119779504421, 7.420237019969459, 7.423368615001117, 7.42651422331056, 7.429673523759938, 7.432846251237783, 7.436032188750702, 7.439231156356859, 7.4424430408968725, 7.445667797337702, 7.448905509835509, 7.4521563495879555, 7.4554205106576275, 7.458698375437051, 7.461990409947156, 7.46529717292117, 7.468619386900731, 7.471957900404137, 7.475313692290118, 7.478687811569382, 7.482081466870815, 7.485495984945217, 7.4889326951883595]",50,0.7965023435775613,,-2.842170943040401e-14,-1.7763568394002505e-14,7.965023435775599,,0.7965023435775599,,,,11.386000394821167,563.4205281734467,True,552.0402793884277,0.005736112594604492,0.0,552.0402793884277,Results/warm_start_cache/complete_graphs_2to12vertices_11instances_AdjacencyList__filehash_1c7be33d/hog_idx000006_e45aa177ddd9_noseed_L2_M2_amplified.npz,11.396727561950684,2026-08-21 07:33:29,x86_64,dacsgpu0003,,64,64,3.11.15,0.26,False,False,False,True,7,True,False,False,False,adam,False,hamqaoa,0.001,amplified,2,2,scs,1e-06,100000,False,False,False,hog,False,False,False,False,True,False,True,1,HOG_graphs/Exp5/complete_graphs_2to12vertices_11instances_AdjacencyList.txt,True,Results/warm_start_cache,512,60,0,16,1,1,0,0,5,0,5,11,1,False,_Exp7_AmplifiedWithHeuristic,1,,600101,6,"[(2, 3), (2, 6), (3, 5), (4, 6), (0, 5), (1, 4), (0, 2), (1, 7), (5, 7), (3, 4), (4, 5), (3, 7), (2, 5), (1, 3), (0, 1), (1, 6), (0, 4), (0, 7), (5, 6), (3, 6), (2, 4), (2, 7), (4, 7), (0, 3), (1, 2), (0, 6), (1, 5), (6, 7)]","[1.0, 1.0, 1.0, 1.0, 1.0, 1.0, 1.0, 1.0, 1.0, 1.0, 1.0, 1.0, 1.0, 1.0, 1.0, 1.0, 1.0, 1.0, 1.0, 1.0, 1.0, 1.0, 1.0, 1.0, 1.0, 1.0, 1.0, 1.0]"
70c17559,9,36,1,50.0,False,True,"[1, 1, 1]",,24.749999989227938,12.374999994613969,10.085614916191576,7.959843824344358,10.085614916191577,10.08561491619157,10.085614916191563,"[9.53808660912943, 9.539500134477013, 9.54091573955512, 9.542333498777912, 9.543753424654195, 9.545175529728823, 9.54659988522047, 9.548026499421862, 9.549455409280858, 9.550886651458407, 9.552320246838557, 9.553756248268238, 9.555194703670645, 9.556635663986567, 9.558079147711938, 9.559525188129061, 9.560973825357202, 9.56242509403871, 9.563879007453393, 9.565335591743654, 9.566794880400451, 9.568256921486832, 9.5697217561828, 9.571189393030469, 9.572659791719879, 9.574133030523587, 9.575609152702922, 9.577088219813978, 9.578570228975165, 9.580055186622705, 9.581543163855997, 9.583034159095835, 9.584528188844002, 9.586025293906555, 9.587525468710277, 9.589028747725116, 9.590535088239756, 9.592044586172165, 9.593557210515057, 9.595072937557642, 9.596591853877484, 9.598113974696085, 9.599639278724652, 9.601167758564996, 9.602699498976534, 9.604234453955288, 9.605772651099963, 9.607314110282807, 9.608858807819649, 9.610406763989195, 9.611957994084298]",50,0.8404679096826309,,-1.4210854715202004e-14,-2.842170943040401e-14,10.085614916191563,,0.8404679096826303,,,,10.661101579666138,1419.7517666816711,True,1409.0960702896118,0.005390644073486328,0.0,1409.0960702896118,Results/warm_start_cache/complete_graphs_2to12vertices_11instances_AdjacencyList__filehash_1c7be33d/hog_idx000007_f440659d5155_noseed_L2_M2_amplified.npz,10.66974401473999,2026-08-21 07:33:29,x86_64,dacsgpu0003,,64,64,3.11.15,0.3,False,False,False,True,8,True,False,False,True,adam,False,hamqaoa,0.001,amplified,2,2,scs,1e-06,100000,False,False,False,hog,False,False,False,False,True,False,True,1,HOG_graphs/Exp5/complete_graphs_2to12vertices_11instances_AdjacencyList.txt,True,Results/warm_start_cache,512,60,0,16,1,1,0,0,5,0,5,11,1,False,_Exp7_AmplifiedWithHeuristic,1,,700001,7,"[(2, 3), (3, 8), (2, 6), (3, 5), (4, 6), (7, 8), (0, 5), (1, 4), (0, 2), (0, 8), (1, 7), (5, 7), (3, 4), (2, 8), (4, 5), (3, 7), (2, 5), (4, 8), (1, 3), (0, 1), (1, 6), (0, 4), (0, 7), (6, 8), (5, 6), (3, 6), (2, 4), (2, 7), (4, 7), (0, 3), (1, 2), (1, 8), (0, 6), (1, 5), (5, 8), (6, 7)]","[1.0, 1.0, 1.0, 1.0, 1.0, 1.0, 1.0, 1.0, 1.0, 1.0, 1.0, 1.0, 1.0, 1.0, 1.0, 1.0, 1.0, 1.0, 1.0, 1.0, 1.0, 1.0, 1.0, 1.0, 1.0, 1.0, 1.0, 1.0, 1.0, 1.0, 1.0, 1.0, 1.0, 1.0, 1.0, 1.0]"
61a75645,7,21,3,50.0,False,True,"[1, 1, 1]",,15.749999998544668,7.874999999272334,6.087836025582844,4.947184326788085,6.087836025582844,6.0878360255828445,6.087836025582841,"[5.3405390239125365, 5.346488303921173, 5.352447993227266, 5.358413354955855, 5.364379840977074, 5.370343054959171, 5.37629881558669, 5.382243194091521, 5.3881725285158195, 5.394083597739122, 5.3999735841598175, 5.405840211285466, 5.4116818395206625, 5.417497612185523, 5.423287491612645, 5.429052441180096, 5.434794403075911, 5.4405163700746, 5.446222266163895, 5.451916761321533, 5.457604999681936, 5.463292356340117, 5.468984143316844, 5.474685400710723, 5.480400644912343, 5.486133818483187, 5.491888073648807, 5.497665744887509, 5.503468075971102, 5.5092952452180395, 5.515146201021675, 5.521018668137399, 5.526909143677559, 5.532812876658274, 5.538723963592296, 5.544635432751162, 5.550539404853343, 5.556427263548355, 5.562289791514582, 5.568117343631356, 5.57390000812149, 5.579627818423567, 5.5852909991303195, 5.590880049700187, 5.596385991865631, 5.601800521249271, 5.607116141661714, 5.612326297375577, 5.617425568116369, 5.622409632751898, 5.627275372779645]",50,0.8117114700777126,,-7.105427357601002e-15,-5.329070518200751e-15,6.087836025582841,,0.8117114700777122,,,,13.396628856658936,198.88613653182983,True,185.49246048927307,0.002940654754638672,0.0,185.49246048927307,Results/warm_start_cache/complete_graphs_2to12vertices_11instances_AdjacencyList__filehash_1c7be33d/hog_idx000005_527d3402612a_noseed_L2_M2_amplified.npz,13.402941226959229,2026-08-21 07:33:31,x86_64,dacsgpu0003,,64,64,3.11.15,0.25,False,False,False,True,6,True,False,False,True,adam,False,hamqaoa,0.001,amplified,2,2,scs,1e-06,100000,False,False,False,hog,False,False,False,False,True,False,True,1,HOG_graphs/Exp5/complete_graphs_2to12vertices_11instances_AdjacencyList.txt,True,Results/warm_start_cache,512,60,0,16,1,1,0,0,5,0,5,11,1,False,_Exp7_AmplifiedWithHeuristic,1,,500201,5,"[(2, 3), (2, 6), (3, 5), (4, 6), (0, 5), (1, 4), (0, 2), (3, 4), (4, 5), (2, 5), (1, 3), (0, 1), (1, 6), (0, 4), (5, 6), (3, 6), (2, 4), (0, 3), (1, 2), (0, 6), (1, 5)]","[1.0, 1.0, 1.0, 1.0, 1.0, 1.0, 1.0, 1.0, 1.0, 1.0, 1.0, 1.0, 1.0, 1.0, 1.0, 1.0, 1.0, 1.0, 1.0, 1.0, 1.0]"
bd1e70fe,8,28,3,50.0,False,True,"[1, 1, 1]",,19.999999982299197,9.999999991149599,7.96502343577561,6.363430229627347,7.965023435775608,7.965023435775613,7.965023435775599,"[7.738745348031173, 7.742085556675598, 7.745411577243027, 7.748721739689597, 7.7520144421124835, 7.755288222654374, 7.758541735582691, 7.761773821826087, 7.764983594242013, 7.768170517333393, 7.771334434233284, 7.774475408070626, 7.777593747433367, 7.780689749625623, 7.783763596213824, 7.786815383735183, 7.789844933924718, 7.792851935223489, 7.795836091103808, 7.798797090749131, 7.8017346217508985, 7.804648522885393, 7.807538729965418, 7.81040513825201, 7.813247811650538, 7.816066735523963, 7.818861929595381, 7.821633389808672, 7.824381119067862, 7.827104983869345, 7.829804713361289, 7.832479977935699, 7.835130418689239, 7.837755599200145, 7.840355013223737, 7.842928156177043, 7.845474492661755, 7.847993440733542, 7.850484521866649, 7.852947212471817, 7.85538103380691, 7.85778558439393, 7.860160458902903, 7.862505311776798, 7.864819778131381, 7.867103524411943, 7.869356236208585, 7.871577583949705, 7.873767312638752, 7.875925164033576, 7.878050889684851]",50,0.7965023435775613,,-2.842170943040401e-14,-1.7763568394002505e-14,7.965023435775599,,0.7965023435775599,,,,22.286731719970703,574.3151552677155,True,552.0402793884277,0.01183938980102539,0.0,552.0402793884277,Results/warm_start_cache/complete_graphs_2to12vertices_11instances_AdjacencyList__filehash_1c7be33d/hog_idx000006_e45aa177ddd9_noseed_L2_M2_amplified.npz,22.319251537322998,2026-08-21 07:33:40,x86_64,dacsgpu0003,,64,64,3.11.15,0.28,False,False,False,True,7,True,False,False,False,adam,False,hamqaoa,0.001,amplified,2,2,scs,1e-06,100000,False,False,False,hog,False,False,False,False,True,False,True,1,HOG_graphs/Exp5/complete_graphs_2to12vertices_11instances_AdjacencyList.txt,True,Results/warm_start_cache,512,60,0,16,1,1,0,0,5,0,5,11,1,False,_Exp7_AmplifiedWithHeuristic,1,,600201,6,"[(2, 3), (2, 6), (3, 5), (4, 6), (0, 5), (1, 4), (0, 2), (1, 7), (5, 7), (3, 4), (4, 5), (3, 7), (2, 5), (1, 3), (0, 1), (1, 6), (0, 4), (0, 7), (5, 6), (3, 6), (2, 4), (2, 7), (4, 7), (0, 3), (1, 2), (0, 6), (1, 5), (6, 7)]","[1.0, 1.0, 1.0, 1.0, 1.0, 1.0, 1.0, 1.0, 1.0, 1.0, 1.0, 1.0, 1.0, 1.0, 1.0, 1.0, 1.0, 1.0, 1.0, 1.0, 1.0, 1.0, 1.0, 1.0, 1.0, 1.0, 1.0, 1.0]"
f75d4a2d,7,21,4,50.0,False,True,"[1, 1, 1]",,15.749999998544668,7.874999999272334,6.087836025582844,4.947184326788085,6.087836025582844,6.0878360255828445,6.087836025582841,"[5.313534702462453, 5.324246843895814, 5.3353917885029665, 5.346948338758102, 5.358893094837873, 5.371200278013636, 5.383841619749741, 5.396786348034766, 5.410001184620046, 5.4234505166510125, 5.437096514481337, 5.450899437948236, 5.464817858471558, 5.4788091815080335, 5.492829954319693, 5.50683641159352, 5.520785036395222, 5.534633100378528, 5.548339292647284, 5.5618642296559, 5.575171031819759, 5.588225964856573, 5.600998844214597, 5.613463468230923, 5.625597974599958, 5.637385178368445, 5.648812656266807, 5.659872927425484, 5.670563291461107, 5.6808857420785905, 5.6908465756816975, 5.700456119042572, 5.70972810442084, 5.718679152073909, 5.727328045561418, 5.735695011642917, 5.7438009742674545, 5.751666888398231, 5.759313213334406, 5.766759399378534, 5.774023480526041, 5.7811220015742535, 5.788069819581152, 5.794880155158176, 5.801564618901543, 5.808133289543176, 5.814594819579798, 5.820956654403319, 5.827225026902935, 5.833405184090462, 5.83950141325974]",50,0.8117114700777126,,-7.105427357601002e-15,-5.329070518200751e-15,6.087836025582841,,0.8117114700777122,,,,23.303715705871582,208.7936840057373,True,185.49246048927307,0.002474546432495117,0.0,185.49246048927307,Results/warm_start_cache/complete_graphs_2to12vertices_11instances_AdjacencyList__filehash_1c7be33d/hog_idx000005_527d3402612a_noseed_L2_M2_amplified.npz,23.324122667312622,2026-08-21 07:33:41,x86_64,dacsgpu0003,,64,64,3.11.15,0.26,False,False,False,True,6,True,False,False,True,adam,False,hamqaoa,0.001,amplified,2,2,scs,1e-06,100000,False,False,False,hog,False,False,False,False,True,False,True,1,HOG_graphs/Exp5/complete_graphs_2to12vertices_11instances_AdjacencyList.txt,True,Results/warm_start_cache,512,60,0,16,1,1,0,0,5,0,5,11,1,False,_Exp7_AmplifiedWithHeuristic,1,,500301,5,"[(2, 3), (2, 6), (3, 5), (4, 6), (0, 5), (1, 4), (0, 2), (3, 4), (4, 5), (2, 5), (1, 3), (0, 1), (1, 6), (0, 4), (5, 6), (3, 6), (2, 4), (0, 3), (1, 2), (0, 6), (1, 5)]","[1.0, 1.0, 1.0, 1.0, 1.0, 1.0, 1.0, 1.0, 1.0, 1.0, 1.0, 1.0, 1.0, 1.0, 1.0, 1.0, 1.0, 1.0, 1.0, 1.0, 1.0]"
409a1ad2,6,15,1,50.0,False,True,"[1, 1, 1]",,12.000000017305183,6.0000000086525915,4.3736540918291835,3.7112882244836385,4.3736540918291835,4.373654091829183,4.3736540918291835,"[4.166096450680385, 4.1680781676696546, 4.17006425357895, 4.172054602647197, 4.17404910043968, 4.1760476374065, 4.1780500983223225, 4.180056352384222, 4.182066275474154, 4.184079727637388, 4.186096573755994, 4.188116665058645, 4.190139845414408, 4.192165958110779, 4.194194837973751, 4.196226312874508, 4.198260206841889, 4.200296338318014, 4.20233451423089, 4.2043745457662824, 4.206416236334296, 4.208459387433565, 4.2105037834052474, 4.212549216529356, 4.2145954669900165, 4.2166423068418775, 4.218689509733083, 4.220736848769066, 4.222784091263903, 4.224830995131802, 4.226877324691939, 4.228922834954097, 4.230967290017361, 4.233010432454687, 4.235052010204944, 4.237091771814632, 4.239129477395911, 4.241164871501637, 4.243197692203298, 4.245227687653116, 4.247254604470352, 4.249278201372448, 4.251298214844864, 4.253314393179188, 4.255326494811398, 4.257334275372496, 4.259337470241507, 4.26133584781212, 4.263329153668015, 4.265317149046464, 4.267299591803366]",50,0.7289423486381971,,1.7763568394002505e-15,0.0,4.3736540918291835,,0.7289423486381973,,,,4.558898210525513,61.76320481300354,True,57.21119546890259,0.006873369216918945,0.0,57.21119546890259,Results/warm_start_cache/complete_graphs_2to12vertices_11instances_AdjacencyList__filehash_1c7be33d/hog_idx000004_3fc9dba75719_noseed_L2_M2_amplified.npz,4.59817910194397,2026-08-21 07:33:45,x86_64,dacsgpu0003,,64,64,3.11.15,0.22,False,False,False,True,5,True,False,False,False,adam,False,hamqaoa,0.001,amplified,2,2,scs,1e-06,100000,False,False,False,hog,False,False,False,False,True,False,True,1,HOG_graphs/Exp5/complete_graphs_2to12vertices_11instances_AdjacencyList.txt,True,Results/warm_start_cache,512,60,0,16,1,1,0,0,5,0,5,11,1,False,_Exp7_AmplifiedWithHeuristic,1,,400001,4,"[(1, 3), (0, 1), (2, 3), (0, 4), (3, 5), (0, 3), (1, 2), (3, 4), (1, 5), (4, 5), (2, 5), (0, 5), (1, 4), (0, 2), (2, 4)]","[1.0, 1.0, 1.0, 1.0, 1.0, 1.0, 1.0, 1.0, 1.0, 1.0, 1.0, 1.0, 1.0, 1.0, 1.0]"
cc84a383,6,15,2,50.0,False,True,"[1, 1, 1]",,12.000000017305183,6.0000000086525915,4.3736540918291835,3.7112882244836385,4.3736540918291835,4.373654091829183,4.3736540918291835,"[4.011005019911818, 4.01288334664659, 4.014772890454907, 4.016673671114566, 4.018585705270138, 4.020509062272647, 4.0224438322706355, 4.024390158444657, 4.026348235215268, 4.028318325291457, 4.030300758958055, 4.032295984881965, 4.034304590321751, 4.0363272993865325, 4.038364985477467, 4.040418714431981, 4.042489740001264, 4.0445794872805765, 4.0466895300134444, 4.0488215531634735, 4.050977231265401, 4.0531582274952225, 4.05536613124326, 4.05760240355437, 4.059868386996536, 4.062165279452251, 4.064494160260676, 4.066856011232519, 4.069251730333226, 4.071682115937533, 4.074147933979422, 4.076649880853039, 4.079188617616999, 4.081764757120133, 4.084378875108401, 4.087031491529255, 4.089723096237489, 4.0924541111957025, 4.095224931241941, 4.098035921959427, 4.100887374108138, 4.103779527825583, 4.106712579913246, 4.109686679603456, 4.1127018929278885, 4.115758237485283, 4.118855674857321, 4.121994092457732, 4.12517330450071, 4.128393051265614, 4.13165300713958]",50,0.7289423486381971,,1.7763568394002505e-15,0.0,4.3736540918291835,,0.7289423486381973,,,,10.692993879318237,67.90194606781006,True,57.21119546890259,0.002226591110229492,0.0,57.21119546890259,Results/warm_start_cache/complete_graphs_2to12vertices_11instances_AdjacencyList__filehash_1c7be33d/hog_idx000004_3fc9dba75719_noseed_L2_M2_amplified.npz,10.72029447555542,2026-08-21 07:33:52,x86_64,dacsgpu0003,,64,64,3.11.15,0.23,False,False,False,True,5,True,False,False,False,adam,False,hamqaoa,0.001,amplified,2,2,scs,1e-06,100000,False,False,False,hog,False,False,False,False,True,False,True,1,HOG_graphs/Exp5/complete_graphs_2to12vertices_11instances_AdjacencyList.txt,True,Results/warm_start_cache,512,60,0,16,1,1,0,0,5,0,5,11,1,False,_Exp7_AmplifiedWithHeuristic,1,,400101,4,"[(1, 3), (0, 1), (2, 3), (0, 4), (3, 5), (0, 3), (1, 2), (3, 4), (1, 5), (4, 5), (2, 5), (0, 5), (1, 4), (0, 2), (2, 4)]","[1.0, 1.0, 1.0, 1.0, 1.0, 1.0, 1.0, 1.0, 1.0, 1.0, 1.0, 1.0, 1.0, 1.0, 1.0]"
3a73f1b5,9,36,2,50.0,False,True,"[1, 1, 1]",,24.749999989227938,12.374999994613969,10.085614916191576,7.959843824344358,10.085614916191577,10.08561491619157,10.085614916191563,"[9.975552463476923, 9.977057262167799, 9.978549967703447, 9.980030338366102, 9.98149806046761, 9.982952848886104, 9.984394416884147, 9.985822518212968, 9.987236870306726, 9.98863727688847, 9.990023534901988, 9.991395474678836, 9.992752954706273, 9.994095862366988, 9.995424099764541, 9.996737649587267, 9.998036486355987, 9.99932067693091, 10.000590250318337, 10.001845360883378, 10.00308613816794, 10.004312788479073, 10.005525551549411, 10.006724655815635, 10.007910395590711, 10.009083073920586, 10.010243012477343, 10.011390530410878, 10.012525996771576, 10.013649787966536, 10.014762214810329, 10.015863562740089, 10.01695418564841, 10.018034348831478, 10.019104352734225, 10.02016448131494, 10.021214917789482, 10.02225586215823, 10.023287581391148, 10.024310281560728, 10.025324022535505, 10.026328976143727, 10.027325342078536, 10.028313151190853, 10.029292637304547, 10.030263906934731, 10.031226962920204, 10.032181982272341, 10.033128990742037, 10.034068063910697, 10.034999259348872]",50,0.8404679096826309,,-1.4210854715202004e-14,-2.842170943040401e-14,10.085614916191563,,0.8404679096826303,,,,28.583067417144775,1437.6751835346222,True,1409.0960702896118,0.003936767578125,0.0,1409.0960702896118,Results/warm_start_cache/complete_graphs_2to12vertices_11instances_AdjacencyList__filehash_1c7be33d/hog_idx000007_f440659d5155_noseed_L2_M2_amplified.npz,28.600614547729492,2026-08-21 07:33:53,x86_64,dacsgpu0003,,64,64,3.11.15,0.37,False,False,False,True,8,True,False,False,True,adam,False,hamqaoa,0.001,amplified,2,2,scs,1e-06,100000,False,False,False,hog,False,False,False,False,True,False,True,1,HOG_graphs/Exp5/complete_graphs_2to12vertices_11instances_AdjacencyList.txt,True,Results/warm_start_cache,512,60,0,16,1,1,0,0,5,0,5,11,1,False,_Exp7_AmplifiedWithHeuristic,1,,700101,7,"[(2, 3), (3, 8), (2, 6), (3, 5), (4, 6), (7, 8), (0, 5), (1, 4), (0, 2), (0, 8), (1, 7), (5, 7), (3, 4), (2, 8), (4, 5), (3, 7), (2, 5), (4, 8), (1, 3), (0, 1), (1, 6), (0, 4), (0, 7), (6, 8), (5, 6), (3, 6), (2, 4), (2, 7), (4, 7), (0, 3), (1, 2), (1, 8), (0, 6), (1, 5), (5, 8), (6, 7)]","[1.0, 1.0, 1.0, 1.0, 1.0, 1.0, 1.0, 1.0, 1.0, 1.0, 1.0, 1.0, 1.0, 1.0, 1.0, 1.0, 1.0, 1.0, 1.0, 1.0, 1.0, 1.0, 1.0, 1.0, 1.0, 1.0, 1.0, 1.0, 1.0, 1.0, 1.0, 1.0, 1.0, 1.0, 1.0, 1.0]"
db857690,7,21,5,50.0,False,True,"[1, 1, 1]",,15.749999998544668,7.874999999272334,6.087836025582844,4.947184326788085,6.087836025582844,6.0878360255828445,6.087836025582841,"[5.421631062495134, 5.429743977376644, 5.437956517074789, 5.446255260923978, 5.45462621461966, 5.463054848186038, 5.471526172524137, 5.480024866480171, 5.488535529573289, 5.497043055849358, 5.505533214754072, 5.513993492862182, 5.5224140141063875, 5.530788595208564, 5.539115296174602, 5.5473959851809, 5.555634625213789, 5.563834801255127, 5.571997752095197, 5.58012170712053, 5.58820232044413, 5.596233522916542, 5.604208411227738, 5.612119893570315, 5.619961211019943, 5.627726152603091, 5.635409204526064, 5.6430054788375195, 5.650510568595946, 5.657920417655194, 5.665231391175575, 5.672440307599011, 5.679544515135551, 5.686542013843465, 5.693431557036324, 5.700212756530059, 5.706885983754143, 5.713452449192234, 5.7199140550678464, 5.726273434651791, 5.732533694803399, 5.738698404132526, 5.7447713933568, 5.7507567500085965, 5.756658519061644, 5.762480767510291, 5.768227328774432, 5.773901809998448, 5.7795074636195904, 5.785047213994287, 5.790523514843373]",50,0.8117114700777126,,-7.105427357601002e-15,-5.329070518200751e-15,6.087836025582841,,0.8117114700777122,,,,38.40955901145935,223.89900398254395,True,185.49246048927307,0.0029981136322021484,0.0,185.49246048927307,Results/warm_start_cache/complete_graphs_2to12vertices_11instances_AdjacencyList__filehash_1c7be33d/hog_idx000005_527d3402612a_noseed_L2_M2_amplified.npz,38.42998170852661,2026-08-21 07:33:56,x86_64,dacsgpu0003,,64,64,3.11.15,0.27,False,False,False,True,6,True,False,False,True,adam,False,hamqaoa,0.001,amplified,2,2,scs,1e-06,100000,False,False,False,hog,False,False,False,False,True,False,True,1,HOG_graphs/Exp5/complete_graphs_2to12vertices_11instances_AdjacencyList.txt,True,Results/warm_start_cache,512,60,0,16,1,1,0,0,5,0,5,11,1,False,_Exp7_AmplifiedWithHeuristic,1,,500401,5,"[(2, 3), (2, 6), (3, 5), (4, 6), (0, 5), (1, 4), (0, 2), (3, 4), (4, 5), (2, 5), (1, 3), (0, 1), (1, 6), (0, 4), (5, 6), (3, 6), (2, 4), (0, 3), (1, 2), (0, 6), (1, 5)]","[1.0, 1.0, 1.0, 1.0, 1.0, 1.0, 1.0, 1.0, 1.0, 1.0, 1.0, 1.0, 1.0, 1.0, 1.0, 1.0, 1.0, 1.0, 1.0, 1.0, 1.0]"
a2bef7a6,8,28,4,50.0,False,True,"[1, 1, 1]",,19.999999982299197,9.999999991149599,7.96502343577561,6.363430229627347,7.965023435775608,7.965023435775613,7.965023435775599,"[7.473175156850892, 7.477044249957333, 7.480846676380237, 7.484579067523253, 7.488238610650097, 7.49182333537918, 7.495332742156652, 7.498767915306329, 7.502131966206628, 7.505430296258125, 7.508669891849258, 7.511858558438247, 7.515004305977774, 7.51811524637888, 7.521199654603117, 7.524265782238593, 7.527321874744558, 7.530375719465899, 7.533434097717809, 7.536502987243544, 7.5395871542548205, 7.542690321450946, 7.545815187439207, 7.548963647151029, 7.5521370262679985, 7.555336117198964, 7.558561196784913, 7.561812173381306, 7.565088651656699, 7.568389912208848, 7.571715090356608, 7.575062931316414, 7.578432076472412, 7.581820986755259, 7.585228035673571, 7.588651474267513, 7.592089496994667, 7.595540158980652, 7.599001525688106, 7.60247150503994, 7.6059481422530615, 7.609429194442454, 7.6129126326179515, 7.616396159616, 7.6198774630068, 7.6233541359047905, 7.626823687512359, 7.630283710328799, 7.633731656289202, 7.637165036107087, 7.640581447946089]",50,0.7965023435775613,,-2.842170943040401e-14,-1.7763568394002505e-14,7.965023435775599,,0.7965023435775599,,,,40.55333995819092,592.5891418457031,True,552.0402793884277,0.004460811614990234,0.0,552.0402793884277,Results/warm_start_cache/complete_graphs_2to12vertices_11instances_AdjacencyList__filehash_1c7be33d/hog_idx000006_e45aa177ddd9_noseed_L2_M2_amplified.npz,40.571136236190796,2026-08-21 07:33:58,x86_64,dacsgpu0003,,64,64,3.11.15,0.28,False,False,False,True,7,True,False,False,False,adam,False,hamqaoa,0.001,amplified,2,2,scs,1e-06,100000,False,False,False,hog,False,False,False,False,True,False,True,1,HOG_graphs/Exp5/complete_graphs_2to12vertices_11instances_AdjacencyList.txt,True,Results/warm_start_cache,512,60,0,16,1,1,0,0,5,0,5,11,1,False,_Exp7_AmplifiedWithHeuristic,1,,600301,6,"[(2, 3), (2, 6), (3, 5), (4, 6), (0, 5), (1, 4), (0, 2), (1, 7), (5, 7), (3, 4), (4, 5), (3, 7), (2, 5), (1, 3), (0, 1), (1, 6), (0, 4), (0, 7), (5, 6), (3, 6), (2, 4), (2, 7), (4, 7), (0, 3), (1, 2), (0, 6), (1, 5), (6, 7)]","[1.0, 1.0, 1.0, 1.0, 1.0, 1.0, 1.0, 1.0, 1.0, 1.0, 1.0, 1.0, 1.0, 1.0, 1.0, 1.0, 1.0, 1.0, 1.0, 1.0, 1.0, 1.0, 1.0, 1.0, 1.0, 1.0, 1.0, 1.0]"
0754461c,5,10,1,50.0,False,True,"[1, 1, 1]",,8.75000015153035,4.375000075765175,3.0500025703126763,2.6561156486640423,3.050002570312676,3.0500025703126767,3.0500025703126754,"[3.2989426187135362, 3.2996492123437946, 3.3003490021747974, 3.3010418181473833, 3.3017274887877863, 3.302405844282456, 3.303076715256923, 3.303739940947203, 3.3043953581002814, 3.3050428180756377, 3.3056821704742223, 3.306313275109039, 3.306935991446887, 3.307550192165624, 3.3081557566679134, 3.308752570508691, 3.3093405249793335, 3.3099195242734, 3.310489475310814, 3.3110502938860855, 3.311601913343983, 3.3121442785504374, 3.312677332242307, 3.3132010315275364, 3.313715351652625, 3.3142202722546097, 3.3147157843351116, 3.315201889999265, 3.315678596189904, 3.3161459332852883, 3.316603933597705, 3.3170526405004335, 3.317492114686752, 3.317922428590428, 3.3183436562147284, 3.318755888493862, 3.3191592180692298, 3.3195537511820343, 3.3199396077447876, 3.320316914867407, 3.320685805209644, 3.3210464165917273, 3.321398898588487, 3.3217434081152146, 3.3220801062296115, 3.322409157928218, 3.3227307322721753, 3.3230450031715324, 3.3233521457083435, 3.3236523413432084, 3.323945765871744]",50,0.7625006425781692,,0.5478863911181344,0.5478863911181362,3.323945765871744,,0.830986441467936,,,,4.680618762969971,20.064494609832764,True,15.386534214019775,0.002641439437866211,0.0,15.386534214019775,Results/warm_start_cache/complete_graphs_2to12vertices_11instances_AdjacencyList__filehash_1c7be33d/hog_idx000003_e862dff8957b_noseed_L2_M2_amplified.npz,4.729367256164551,2026-08-21 07:34:06,x86_64,dacsgpu0003,,64,64,3.11.15,0.22,False,False,False,True,4,True,False,False,True,adam,False,hamqaoa,0.001,amplified,2,2,scs,1e-06,100000,False,False,False,hog,False,False,False,False,True,False,True,1,HOG_graphs/Exp5/complete_graphs_2to12vertices_11instances_AdjacencyList.txt,True,Results/warm_start_cache,512,60,0,16,1,1,0,0,5,0,5,11,1,False,_Exp7_AmplifiedWithHeuristic,1,,300001,3,"[(1, 3), (0, 1), (2, 3), (0, 4), (0, 3), (1, 2), (3, 4), (1, 4), (0, 2), (2, 4)]","[1.0, 1.0, 1.0, 1.0, 1.0, 1.0, 1.0, 1.0, 1.0, 1.0]"
5c92ee82,5,10,2,50.0,False,True,"[1, 1, 1]",,8.75000015153035,4.375000075765175,3.0500025703126763,2.6561156486640423,3.050002570312676,3.0500025703126767,3.0500025703126754,"[2.757090651581461, 2.76147928446016, 2.7658870075429256, 2.770312559189693, 2.7747546306113398, 2.7792118722053796, 2.7836828816899324, 2.7881662196302974, 2.792660405601278, 2.797163902300706, 2.8016751349251297, 2.8061924890932057, 2.810714293262088, 2.8152388567621753, 2.8197644390843357, 2.8242892815379, 2.8288115901490425, 2.8333295479346394, 2.8378413253976955, 2.842345078174383, 2.8468389514949157, 2.851321092311783, 2.8557896494827752, 2.8602427930347516, 2.8646787106340654, 2.8690956149126774, 2.873491756115952, 2.8778654197212465, 2.8822149630889005, 2.886538791568663, 2.8908353989573716, 2.89510334362135, 2.899341277293136, 2.9035479552007164, 2.9077222436347334, 2.911863123882936, 2.9159696970036206, 2.9200412115465295, 2.924077056875046, 2.9280767586606635, 2.9320400112930214, 2.9359666541038845, 2.939856696709748, 2.943710314584779, 2.9475278205341033, 2.9513096928637323, 2.955056560519999, 2.95876917013589, 2.9624483915700863, 2.9660952003961, 2.969710653439284]",50,0.7625006425781692,,-2.6645352591003757e-15,-8.881784197001252e-16,3.0500025703126754,,0.7625006425781689,,,,9.114964008331299,24.494795322418213,True,15.386534214019775,0.00668787956237793,0.0,15.386534214019775,Results/warm_start_cache/complete_graphs_2to12vertices_11instances_AdjacencyList__filehash_1c7be33d/hog_idx000003_e862dff8957b_noseed_L2_M2_amplified.npz,9.139762878417969,2026-08-21 07:34:11,x86_64,dacsgpu0003,,64,64,3.11.15,0.22,False,False,False,True,4,True,False,False,True,adam,False,hamqaoa,0.001,amplified,2,2,scs,1e-06,100000,False,False,False,hog,False,False,False,False,True,False,True,1,HOG_graphs/Exp5/complete_graphs_2to12vertices_11instances_AdjacencyList.txt,True,Results/warm_start_cache,512,60,0,16,1,1,0,0,5,0,5,11,1,False,_Exp7_AmplifiedWithHeuristic,1,,300101,3,"[(1, 3), (0, 1), (2, 3), (0, 4), (0, 3), (1, 2), (3, 4), (1, 4), (0, 2), (2, 4)]","[1.0, 1.0, 1.0, 1.0, 1.0, 1.0, 1.0, 1.0, 1.0, 1.0]"
cf4e8cda,6,15,3,50.0,False,True,"[1, 1, 1]",,12.000000017305183,6.0000000086525915,4.3736540918291835,3.7112882244836385,4.3736540918291835,4.373654091829183,4.3736540918291835,"[4.116650603533466, 4.1226727473067655, 4.12873004760614, 4.134817047389041, 4.14092804510793, 4.14705708022044, 4.1531979170201305, 4.159344067260181, 4.1654887754319745, 4.171625084966497, 4.177745832054155, 4.18384367481535, 4.189911162269371, 4.195940736113106, 4.201924846249603, 4.207855986998016, 4.2137267523634945, 4.219529946631791, 4.2252586383480395, 4.23090623226617, 4.236466575124284, 4.241933948785509, 4.247303154372639, 4.252569490776528, 4.257728711349567, 4.262776999303928, 4.267710844464218, 4.272527024419792, 4.277222533762278, 4.281794581287533, 4.286240603063394, 4.290558320100636, 4.294745752404361, 4.298801292405504, 4.302723812068136, 4.306512664725405, 4.3101678043889535, 4.313689763805774, 4.317079739427671, 4.320339550108682, 4.32347167534461, 4.326479197086903, 4.329365775734166, 4.332135627992093, 4.334793441376253, 4.3373443214014324, 4.339793735923881, 4.342147392374975, 4.344411175540623, 4.3465910519031015, 4.348693001512807]",50,0.7289423486381971,,1.7763568394002505e-15,0.0,4.3736540918291835,,0.7289423486381973,,,,19.17673397064209,76.37675142288208,True,57.21119546890259,0.011161327362060547,0.0,57.21119546890259,Results/warm_start_cache/complete_graphs_2to12vertices_11instances_AdjacencyList__filehash_1c7be33d/hog_idx000004_3fc9dba75719_noseed_L2_M2_amplified.npz,19.231727361679077,2026-08-21 07:34:13,x86_64,dacsgpu0003,,64,64,3.11.15,0.24,False,False,False,True,5,True,False,False,False,adam,False,hamqaoa,0.001,amplified,2,2,scs,1e-06,100000,False,False,False,hog,False,False,False,False,True,False,True,1,HOG_graphs/Exp5/complete_graphs_2to12vertices_11instances_AdjacencyList.txt,True,Results/warm_start_cache,512,60,0,16,1,1,0,0,5,0,5,11,1,False,_Exp7_AmplifiedWithHeuristic,1,,400201,4,"[(1, 3), (0, 1), (2, 3), (0, 4), (3, 5), (0, 3), (1, 2), (3, 4), (1, 5), (4, 5), (2, 5), (0, 5), (1, 4), (0, 2), (2, 4)]","[1.0, 1.0, 1.0, 1.0, 1.0, 1.0, 1.0, 1.0, 1.0, 1.0, 1.0, 1.0, 1.0, 1.0, 1.0]"
2967c881,9,36,3,50.0,False,True,"[1, 1, 1]",,24.749999989227938,12.374999994613969,10.085614916191576,7.959843824344358,10.085614916191577,10.08561491619157,10.085614916191563,"[9.465273171857335, 9.46766280984031, 9.47007388500774, 9.472507575476534, 9.47496505710685, 9.477447496072088, 9.479956046715452, 9.482491883558925, 9.485056068025582, 9.487649717089289, 9.490273801662623, 9.492929403797966, 9.495617512159376, 9.4983390699911, 9.501094943760785, 9.503886017591194, 9.506713094257568, 9.509576900750078, 9.512477999173006, 9.51541710079229, 9.518394677150846, 9.521411254208465, 9.524467200216206, 9.527562787270766, 9.53069829014053, 9.533873799017627, 9.537089414631795, 9.540345126286057, 9.543640733589326, 9.546975953560347, 9.55035043630825, 9.553763737021724, 9.557215290615956, 9.560704321808592, 9.564229987120518, 9.567791351943134, 9.571387301786286, 9.575016685101518, 9.57867809612142, 9.58236994567096, 9.586090701789342, 9.58983864250588, 9.59361182976385, 9.597408277929075, 9.601225922063787, 9.605062515998497, 9.60891563936908, 9.612782976964853, 9.61666208448928, 9.620550508970725, 9.624445809250092]",50,0.8404679096826309,,-1.4210854715202004e-14,-2.842170943040401e-14,10.085614916191563,,0.8404679096826303,,,,48.93036246299744,1458.0200731754303,True,1409.0960702896118,0.006341457366943359,0.0,1409.0960702896118,Results/warm_start_cache/complete_graphs_2to12vertices_11instances_AdjacencyList__filehash_1c7be33d/hog_idx000007_f440659d5155_noseed_L2_M2_amplified.npz,48.954354763031006,2026-08-21 07:34:13,x86_64,dacsgpu0003,,64,64,3.11.15,0.43,False,False,False,True,8,True,False,False,True,adam,False,hamqaoa,0.001,amplified,2,2,scs,1e-06,100000,False,False,False,hog,False,False,False,False,True,False,True,1,HOG_graphs/Exp5/complete_graphs_2to12vertices_11instances_AdjacencyList.txt,True,Results/warm_start_cache,512,60,0,16,1,1,0,0,5,0,5,11,1,False,_Exp7_AmplifiedWithHeuristic,1,,700201,7,"[(2, 3), (3, 8), (2, 6), (3, 5), (4, 6), (7, 8), (0, 5), (1, 4), (0, 2), (0, 8), (1, 7), (5, 7), (3, 4), (2, 8), (4, 5), (3, 7), (2, 5), (4, 8), (1, 3), (0, 1), (1, 6), (0, 4), (0, 7), (6, 8), (5, 6), (3, 6), (2, 4), (2, 7), (4, 7), (0, 3), (1, 2), (1, 8), (0, 6), (1, 5), (5, 8), (6, 7)]","[1.0, 1.0, 1.0, 1.0, 1.0, 1.0, 1.0, 1.0, 1.0, 1.0, 1.0, 1.0, 1.0, 1.0, 1.0, 1.0, 1.0, 1.0, 1.0, 1.0, 1.0, 1.0, 1.0, 1.0, 1.0, 1.0, 1.0, 1.0, 1.0, 1.0, 1.0, 1.0, 1.0, 1.0, 1.0, 1.0]"
607eee51,8,28,5,50.0,False,True,"[1, 1, 1]",,19.999999982299197,9.999999991149599,7.96502343577561,6.363430229627347,7.965023435775608,7.965023435775613,7.965023435775599,"[7.4235298169894985, 7.427841061637303, 7.432160516939333, 7.436480121417668, 7.440793463191043, 7.445096411936761, 7.449387852919901, 7.45367073485483, 7.457951929489047, 7.462240549862014, 7.46654523068878, 7.470872322239426, 7.4752256039836125, 7.479606585733508, 7.484014746459759, 7.488447899125741, 7.492902404159592, 7.49737334527172, 7.501854995897421, 7.506340839870512, 7.510824006163398, 7.515297449922063, 7.5197540499575055, 7.524186920827191, 7.528589530076961, 7.5329559531196955, 7.537281014997634, 7.541560428551343, 7.545791068856667, 7.5499708112421775, 7.5540987541221725, 7.558174902070624, 7.562199836194379, 7.566174641465628, 7.570100533801, 7.5739787800269385, 7.577810375213656, 7.581595985782521, 7.585335833866554, 7.589029397142393, 7.592675580725045, 7.596272474545457, 7.5998174129352725, 7.603307295324498, 7.606738577801598, 7.6101074889798594, 7.6134104246327166, 7.61664396279857, 7.619805237450342, 7.622891962232571, 7.625902606906092]",50,0.7965023435775613,,-2.842170943040401e-14,-1.7763568394002505e-14,7.965023435775599,,0.7965023435775599,,,,56.519373655319214,608.5516073703766,True,552.0402793884277,0.008029937744140625,0.0,552.0402793884277,Results/warm_start_cache/complete_graphs_2to12vertices_11instances_AdjacencyList__filehash_1c7be33d/hog_idx000006_e45aa177ddd9_noseed_L2_M2_amplified.npz,56.528258085250854,2026-08-21 07:34:14,x86_64,dacsgpu0003,,64,64,3.11.15,0.29,False,False,False,True,7,True,False,False,False,adam,False,hamqaoa,0.001,amplified,2,2,scs,1e-06,100000,False,False,False,hog,False,False,False,False,True,False,True,1,HOG_graphs/Exp5/complete_graphs_2to12vertices_11instances_AdjacencyList.txt,True,Results/warm_start_cache,512,60,0,16,1,1,0,0,5,0,5,11,1,False,_Exp7_AmplifiedWithHeuristic,1,,600401,6,"[(2, 3), (2, 6), (3, 5), (4, 6), (0, 5), (1, 4), (0, 2), (1, 7), (5, 7), (3, 4), (4, 5), (3, 7), (2, 5), (1, 3), (0, 1), (1, 6), (0, 4), (0, 7), (5, 6), (3, 6), (2, 4), (2, 7), (4, 7), (0, 3), (1, 2), (0, 6), (1, 5), (6, 7)]","[1.0, 1.0, 1.0, 1.0, 1.0, 1.0, 1.0, 1.0, 1.0, 1.0, 1.0, 1.0, 1.0, 1.0, 1.0, 1.0, 1.0, 1.0, 1.0, 1.0, 1.0, 1.0, 1.0, 1.0, 1.0, 1.0, 1.0, 1.0]"
26fef624,6,15,4,50.0,False,True,"[1, 1, 1]",,12.000000017305183,6.0000000086525915,4.3736540918291835,3.7112882244836385,4.3736540918291835,4.373654091829183,4.3736540918291835,"[4.469848285540014, 4.474735296974241, 4.4795240394607845, 4.484207769077904, 4.4887816955066615, 4.493244268222826, 4.497598899202737, 4.501855218384792, 4.506028407457749, 4.510135802974045, 4.514192517733767, 4.51820888659362, 4.522190210319338, 4.526137889557743, 4.530050721598982, 4.533925884672746, 4.53775960282741, 4.541547734250737, 4.545285877946368, 4.548969574260604, 4.552594455241839, 4.5561563475163736, 4.559651336918879, 4.563075748275423, 4.566426284419567, 4.569700036798651, 4.572894511416269, 4.5760077370135415, 4.579038201977256, 4.581984901852712, 4.584847421700767, 4.587625819877334, 4.5903207259023535, 4.592933254803316, 4.5954650163033595, 4.5979180931115025, 4.600294964155922, 4.602598483757825, 4.604831823304834, 4.606998404747096, 4.609101872491091, 4.611146010006347, 4.613134678337669, 4.615071754096021, 4.616961063814371, 4.618806393528738, 4.620611356423714, 4.622379409696461, 4.624113790029689, 4.625817500294008, 4.627493280368416]",50,0.7289423486381971,,0.5076783770784665,0.5076783770784647,4.627493280368416,,0.7712488800614027,,,,25.49025273323059,82.69896578788757,True,57.21119546890259,0.002465963363647461,0.0,57.21119546890259,Results/warm_start_cache/complete_graphs_2to12vertices_11instances_AdjacencyList__filehash_1c7be33d/hog_idx000004_3fc9dba75719_noseed_L2_M2_amplified.npz,25.56507897377014,2026-08-21 07:34:19,x86_64,dacsgpu0003,,64,64,3.11.15,0.24,False,False,False,True,5,True,False,False,False,adam,False,hamqaoa,0.001,amplified,2,2,scs,1e-06,100000,False,False,False,hog,False,False,False,False,True,False,True,1,HOG_graphs/Exp5/complete_graphs_2to12vertices_11instances_AdjacencyList.txt,True,Results/warm_start_cache,512,60,0,16,1,1,0,0,5,0,5,11,1,False,_Exp7_AmplifiedWithHeuristic,1,,400301,4,"[(1, 3), (0, 1), (2, 3), (0, 4), (3, 5), (0, 3), (1, 2), (3, 4), (1, 5), (4, 5), (2, 5), (0, 5), (1, 4), (0, 2), (2, 4)]","[1.0, 1.0, 1.0, 1.0, 1.0, 1.0, 1.0, 1.0, 1.0, 1.0, 1.0, 1.0, 1.0, 1.0, 1.0]"
a25b7ef2,5,10,3,50.0,False,True,"[1, 1, 1]",,8.75000015153035,4.375000075765175,3.0500025703126763,2.6561156486640423,3.050002570312676,3.0500025703126767,3.0500025703126754,"[2.9811157610575583, 2.984337586675768, 2.9874664484726137, 2.9904999438589366, 2.9934360829671562, 2.9962733928746057, 2.9990109701046324, 3.0016486127879207, 3.0041869237287067, 3.006627419161788, 3.00897264364408, 3.0112262638347493, 3.0133930982316235, 3.015479133503149, 3.0174914246505242, 3.0194379111227114, 3.0213271383559746, 3.023167924290905, 3.0249689611169854, 3.0267384813088, 3.0284839655858997, 3.0302119586088456, 3.0319280344185726, 3.0336367938407043, 3.0353419084526343, 3.037046266550475, 3.03875209803361, 3.040461073496284, 3.042174437085262, 3.0438930854249193, 3.0456176414831493, 3.047348543034264, 3.0490860858215867, 3.05083048472712, 3.05258190541172, 3.0543404972208883, 3.056106396241735, 3.057879764008135, 3.0596608327785764, 3.0614498559198315, 3.0632471671904056, 3.0650531448988225, 3.06686822868022, 3.0686929079199876, 3.070527760786916, 3.0723733562052256, 3.074230342021486, 3.0760994029379893, 3.077981242354707, 3.0798765646882944, 3.081786101508633]",50,0.7625006425781692,,0.0635670623919129,0.06356706239191467,3.081786101508633,,0.7704465253771583,,,,12.813346147537231,28.1967933177948,True,15.386534214019775,0.003067493438720703,0.0,15.386534214019775,Results/warm_start_cache/complete_graphs_2to12vertices_11instances_AdjacencyList__filehash_1c7be33d/hog_idx000003_e862dff8957b_noseed_L2_M2_amplified.npz,12.873578548431396,2026-08-21 07:34:23,x86_64,dacsgpu0003,,64,64,3.11.15,0.23,False,False,False,True,4,True,False,False,True,adam,False,hamqaoa,0.001,amplified,2,2,scs,1e-06,100000,False,False,False,hog,False,False,False,False,True,False,True,1,HOG_graphs/Exp5/complete_graphs_2to12vertices_11instances_AdjacencyList.txt,True,Results/warm_start_cache,512,60,0,16,1,1,0,0,5,0,5,11,1,False,_Exp7_AmplifiedWithHeuristic,1,,300201,3,"[(1, 3), (0, 1), (2, 3), (0, 4), (0, 3), (1, 2), (3, 4), (1, 4), (0, 2), (2, 4)]","[1.0, 1.0, 1.0, 1.0, 1.0, 1.0, 1.0, 1.0, 1.0, 1.0]"
ec3260da,5,10,4,50.0,False,True,"[1, 1, 1]",,8.75000015153035,4.375000075765175,3.0500025703126763,2.6561156486640423,3.050002570312676,3.0500025703126767,3.0500025703126754,"[2.9258138184314912, 2.9295464133139033, 2.9333086219374933, 2.937099078625419, 2.9409164036342306, 2.944759201512811, 2.948626048256596, 2.952515500534314, 2.9564260801666142, 2.960356266613481, 2.964304517353172, 2.9682692306980476, 2.9722487443291445, 2.9762413801684304, 2.9802454014001887, 2.9842590200172943, 2.9882804072527924, 2.992307657562724, 2.9963388313550925, 3.0003719285853485, 3.0044049147387146, 3.008435686843565, 3.012462118825134, 3.016482017253509, 3.02049314876071, 3.0244932576790213, 3.028480049667901, 3.0324512084481166, 3.036404412585145, 3.040337312506737, 3.044247571488235, 3.048132868533208, 3.051990911110731, 3.055819442430688, 3.0596162781514056, 3.0633792937306445, 3.067106453703016, 3.0707958307563907, 3.0744456085849974, 3.078054108886984, 3.081619813642967, 3.085141364058844, 3.0886175483828793, 3.092047369684019, 3.095430005330385, 3.0987648217316988, 3.1020513930704223, 3.1052894474369763, 3.108478926420279, 3.1116199276094103, 3.1147127069693568]",50,0.7625006425781692,,0.12942027331336003,0.1294202733133618,3.1147127069693568,,0.7786781767423392,,,,18.688223123550415,34.07269096374512,True,15.386534214019775,0.002051115036010742,0.0,15.386534214019775,Results/warm_start_cache/complete_graphs_2to12vertices_11instances_AdjacencyList__filehash_1c7be33d/hog_idx000003_e862dff8957b_noseed_L2_M2_amplified.npz,18.733789443969727,2026-08-21 07:34:31,x86_64,dacsgpu0003,,64,64,3.11.15,0.23,False,False,False,True,4,True,False,False,True,adam,False,hamqaoa,0.001,amplified,2,2,scs,1e-06,100000,False,False,False,hog,False,False,False,False,True,False,True,1,HOG_graphs/Exp5/complete_graphs_2to12vertices_11instances_AdjacencyList.txt,True,Results/warm_start_cache,512,60,0,16,1,1,0,0,5,0,5,11,1,False,_Exp7_AmplifiedWithHeuristic,1,,300301,3,"[(1, 3), (0, 1), (2, 3), (0, 4), (0, 3), (1, 2), (3, 4), (1, 4), (0, 2), (2, 4)]","[1.0, 1.0, 1.0, 1.0, 1.0, 1.0, 1.0, 1.0, 1.0, 1.0]"
33978257,6,15,5,50.0,False,True,"[1, 1, 1]",,12.000000017305183,6.0000000086525915,4.3736540918291835,3.7112882244836385,4.3736540918291835,4.373654091829183,4.3736540918291835,"[3.9774634313243618, 3.9806626037973984, 3.983898588786169, 3.9871659903867864, 3.990459577669525, 3.9937743396864973, 3.997105901515336, 4.000451438848251, 4.003810288352773, 4.007183145105338, 4.010571493633885, 4.013978451329487, 4.017409088035716, 4.020869738533303, 4.024366713477377, 4.027905069329297, 4.031488034175769, 4.035117062130803, 4.03879216811016, 4.0425124622292286, 4.0462764345273, 4.050082238058685, 4.0539278260952125, 4.057811136974355, 4.061729993093037, 4.065682372522331, 4.06966626672944, 4.073679800548785, 4.077721303851755, 4.081789235319976, 4.085882283742448, 4.089999333281082, 4.094139488156879, 4.098301981505293, 4.102486281645321, 4.106691877292783, 4.110918386063808, 4.115165388986691, 4.119432457924208, 4.123719110879041, 4.128024751098177, 4.13234860595089, 4.1366898935978815, 4.141047702210047, 4.145421101251412, 4.149809175099798, 4.154211044427075, 4.158625959354105, 4.163053393094302, 4.167492985454338, 4.171944626156164]",50,0.7289423486381971,,1.7763568394002505e-15,0.0,4.3736540918291835,,0.7289423486381973,,,,34.23019003868103,91.43783950805664,True,57.21119546890259,0.0035271644592285156,0.0,57.21119546890259,Results/warm_start_cache/complete_graphs_2to12vertices_11instances_AdjacencyList__filehash_1c7be33d/hog_idx000004_3fc9dba75719_noseed_L2_M2_amplified.npz,34.25004601478577,2026-08-21 07:34:33,x86_64,dacsgpu0003,,64,64,3.11.15,0.25,False,False,False,True,5,True,False,False,False,adam,False,hamqaoa,0.001,amplified,2,2,scs,1e-06,100000,False,False,False,hog,False,False,False,False,True,False,True,1,HOG_graphs/Exp5/complete_graphs_2to12vertices_11instances_AdjacencyList.txt,True,Results/warm_start_cache,512,60,0,16,1,1,0,0,5,0,5,11,1,False,_Exp7_AmplifiedWithHeuristic,1,,400401,4,"[(1, 3), (0, 1), (2, 3), (0, 4), (3, 5), (0, 3), (1, 2), (3, 4), (1, 5), (4, 5), (2, 5), (0, 5), (1, 4), (0, 2), (2, 4)]","[1.0, 1.0, 1.0, 1.0, 1.0, 1.0, 1.0, 1.0, 1.0, 1.0, 1.0, 1.0, 1.0, 1.0, 1.0]"
2e6260ab,9,36,4,50.0,False,True,"[1, 1, 1]",,24.749999989227938,12.374999994613969,10.085614916191576,7.959843824344358,10.085614916191577,10.08561491619157,10.085614916191563,"[9.608184890532112, 9.610401186243717, 9.61265196391883, 9.614937381986563, 9.617256477890232, 9.619606295595402, 9.621984017316317, 9.624387298553035, 9.626814052830976, 9.629262429667287, 9.63173032465248, 9.634215211901079, 9.636714565826052, 9.63922632967184, 9.641748657435743, 9.644279729481614, 9.64681765094746, 9.649360648413516, 9.65190719005545, 9.654455899462015, 9.657005727619973, 9.659555913053596, 9.662106010677192, 9.664655897662223, 9.667205656058153, 9.669755782935647, 9.672306882401877, 9.674859797508063, 9.677415538891184, 9.679975101093914, 9.682539699334653, 9.685110750921673, 9.687689652396177, 9.690277916601374, 9.692877205372753, 9.695489154961676, 9.698115540434769, 9.700758019701727, 9.7034183124391, 9.706098256565229, 9.708799495902927, 9.711523791762998, 9.714272756039108, 9.717048012699598, 9.719851069730721, 9.72268324424105, 9.72554571458954, 9.728439488031599, 9.73136531393771, 9.734323629770083, 9.737314554411828]",50,0.8404679096826309,,-1.4210854715202004e-14,-2.842170943040401e-14,10.085614916191563,,0.8404679096826303,,,,67.98283338546753,1477.0749416351318,True,1409.0960702896118,0.003945350646972656,0.0,1409.0960702896118,Results/warm_start_cache/complete_graphs_2to12vertices_11instances_AdjacencyList__filehash_1c7be33d/hog_idx000007_f440659d5155_noseed_L2_M2_amplified.npz,67.99104166030884,2026-08-21 07:34:33,x86_64,dacsgpu0003,,64,64,3.11.15,0.48,False,False,False,True,8,True,False,False,True,adam,False,hamqaoa,0.001,amplified,2,2,scs,1e-06,100000,False,False,False,hog,False,False,False,False,True,False,True,1,HOG_graphs/Exp5/complete_graphs_2to12vertices_11instances_AdjacencyList.txt,True,Results/warm_start_cache,512,60,0,16,1,1,0,0,5,0,5,11,1,False,_Exp7_AmplifiedWithHeuristic,1,,700301,7,"[(2, 3), (3, 8), (2, 6), (3, 5), (4, 6), (7, 8), (0, 5), (1, 4), (0, 2), (0, 8), (1, 7), (5, 7), (3, 4), (2, 8), (4, 5), (3, 7), (2, 5), (4, 8), (1, 3), (0, 1), (1, 6), (0, 4), (0, 7), (6, 8), (5, 6), (3, 6), (2, 4), (2, 7), (4, 7), (0, 3), (1, 2), (1, 8), (0, 6), (1, 5), (5, 8), (6, 7)]","[1.0, 1.0, 1.0, 1.0, 1.0, 1.0, 1.0, 1.0, 1.0, 1.0, 1.0, 1.0, 1.0, 1.0, 1.0, 1.0, 1.0, 1.0, 1.0, 1.0, 1.0, 1.0, 1.0, 1.0, 1.0, 1.0, 1.0, 1.0, 1.0, 1.0, 1.0, 1.0, 1.0, 1.0, 1.0, 1.0]"
d46614e3,5,10,5,50.0,False,True,"[1, 1, 1]",,8.75000015153035,4.375000075765175,3.0500025703126763,2.6561156486640423,3.050002570312676,3.0500025703126767,3.0500025703126754,"[2.8710231906480685, 2.881727496813814, 2.892404462121966, 2.903040494060142, 2.9136223885279584, 2.924137448171613, 2.9345736283509787, 2.9449195995517923, 2.955164731230732, 2.965298805108526, 2.9753116209346646, 2.9851925733541087, 2.994930389113705, 3.004513117805721, 3.013928362201778, 3.0231636784622964, 3.0322069541116448, 3.041046895048728, 3.0496735380428004, 3.058078921731111, 3.066257825342961, 3.0742082695496564, 3.0819313502944143, 3.0894302399916005, 3.096708828341505, 3.1037709943593677, 3.110620492917133, 3.1172611313378145, 3.123696916142798, 3.1299321499251405, 3.1359714300980803, 3.1418195902352712, 3.1474816730524484, 3.1529628427811267, 3.158268331438995, 3.1634033957704526, 3.168373261025036, 3.173183067615423, 3.177837857373245, 3.182342531953192, 3.186701837722794, 3.1909203550835805, 3.195002483568583, 3.198952442440563, 3.2027742816011484, 3.2064718837411093, 3.2100489643068695, 3.21350908853653, 3.2168556729775153, 3.220092017481908, 3.2232212991023985]",50,0.7625006425781692,,0.34643745757944355,0.34643745757944533,3.2232212991023985,,0.8058053247755996,,,,24.73623490333557,40.114581823349,True,15.386534214019775,0.008171558380126953,0.0,15.386534214019775,Results/warm_start_cache/complete_graphs_2to12vertices_11instances_AdjacencyList__filehash_1c7be33d/hog_idx000003_e862dff8957b_noseed_L2_M2_amplified.npz,24.76258111000061,2026-08-21 07:34:40,x86_64,dacsgpu0003,,64,64,3.11.15,0.24,False,False,False,True,4,True,False,False,True,adam,False,hamqaoa,0.001,amplified,2,2,scs,1e-06,100000,False,False,False,hog,False,False,False,False,True,False,True,1,HOG_graphs/Exp5/complete_graphs_2to12vertices_11instances_AdjacencyList.txt,True,Results/warm_start_cache,512,60,0,16,1,1,0,0,5,0,5,11,1,False,_Exp7_AmplifiedWithHeuristic,1,,300401,3,"[(1, 3), (0, 1), (2, 3), (0, 4), (0, 3), (1, 2), (3, 4), (1, 4), (0, 2), (2, 4)]","[1.0, 1.0, 1.0, 1.0, 1.0, 1.0, 1.0, 1.0, 1.0, 1.0]"
07aa62fb,9,36,5,50.0,False,True,"[1, 1, 1]",,24.749999989227938,12.374999994613969,10.085614916191576,7.959843824344358,10.085614916191577,10.08561491619157,10.085614916191563,"[9.931193486941996, 9.936107695450346, 9.94092764833985, 9.945655285710078, 9.950290600711622, 9.954830915656354, 9.959273502462711, 9.963615757524064, 9.967855387125468, 9.971990468140032, 9.97601948411494, 9.979941303325345, 9.983755214110793, 9.98746085981797, 9.991058483097392, 9.994548771769779, 9.997932964843793, 10.001212883256231, 10.004390910537799, 10.007469955414699, 10.010453343819895, 10.013344951738347, 10.016148716179597, 10.018868948733948, 10.021510101459258, 10.024076434839863, 10.026572308980917, 10.029001772998408, 10.03136868507769, 10.033676456159151, 10.03592805620662, 10.038126221626758, 10.040273079006958, 10.042370537011706, 10.044419955268584, 10.046422315210386, 10.048378400400164, 10.050288812121563, 10.052153780894296, 10.053973444949662, 10.055747753672295, 10.057476675874426, 10.059160154057555, 10.060798113279189, 10.062390606718937, 10.063937730697727, 10.065439648583252, 10.066896720098255, 10.06830939076702, 10.069678167207316, 10.071003653268066]",50,0.8404679096826309,,-1.4210854715202004e-14,-2.842170943040401e-14,10.085614916191563,,0.8404679096826303,,,,87.21762681007385,1496.30806183815,True,1409.0960702896118,0.005616903305053711,0.0,1409.0960702896118,Results/warm_start_cache/complete_graphs_2to12vertices_11instances_AdjacencyList__filehash_1c7be33d/hog_idx000007_f440659d5155_noseed_L2_M2_amplified.npz,87.24243307113647,2026-08-21 07:34:52,x86_64,dacsgpu0003,,64,64,3.11.15,0.5,False,False,False,True,8,True,False,False,True,adam,False,hamqaoa,0.001,amplified,2,2,scs,1e-06,100000,False,False,False,hog,False,False,False,False,True,False,True,1,HOG_graphs/Exp5/complete_graphs_2to12vertices_11instances_AdjacencyList.txt,True,Results/warm_start_cache,512,60,0,16,1,1,0,0,5,0,5,11,1,False,_Exp7_AmplifiedWithHeuristic,1,,700401,7,"[(2, 3), (3, 8), (2, 6), (3, 5), (4, 6), (7, 8), (0, 5), (1, 4), (0, 2), (0, 8), (1, 7), (5, 7), (3, 4), (2, 8), (4, 5), (3, 7), (2, 5), (4, 8), (1, 3), (0, 1), (1, 6), (0, 4), (0, 7), (6, 8), (5, 6), (3, 6), (2, 4), (2, 7), (4, 7), (0, 3), (1, 2), (1, 8), (0, 6), (1, 5), (5, 8), (6, 7)]","[1.0, 1.0, 1.0, 1.0, 1.0, 1.0, 1.0, 1.0, 1.0, 1.0, 1.0, 1.0, 1.0, 1.0, 1.0, 1.0, 1.0, 1.0, 1.0, 1.0, 1.0, 1.0, 1.0, 1.0, 1.0, 1.0, 1.0, 1.0, 1.0, 1.0, 1.0, 1.0, 1.0, 1.0, 1.0, 1.0]"
fd03811a,3,3,1,50.0,False,True,"[1, 1, 1]",,3.000000005981841,1.5000000029909204,1.1076470706446013,0.8912913908741824,1.1076470699121075,1.1076470706446013,1.107647070644601,"[1.05020948109389, 1.0518348253371208, 1.0534551476751455, 1.055070311013943, 1.0566801774832408, 1.058284610679857, 1.0598834746059225, 1.0614766335700128, 1.0630639530503032, 1.0646453005546326, 1.0662205436730832, 1.0677895540191213, 1.0693522033605551, 1.0709083662242702, 1.0724579184613894, 1.0740007403061758, 1.0755367123332817, 1.0770657190407353, 1.0785876473220375, 1.0801023872397726, 1.0816098315053735, 1.0831098763575437, 1.0846024208494613, 1.0860873674417628, 1.087564621279537, 1.089034092042333, 1.0904956915272934, 1.0919493355770582, 1.0933949426696905, 1.0948324362211812, 1.0962617410046724, 1.0976827860564202, 1.0990955037753962, 1.1004998288918577, 1.1018956992574704, 1.1032830581109054, 1.1046618495110476, 1.1060320213539532, 1.107393524289679, 1.1087463111579026, 1.1100903400114999, 1.111425570517867, 1.1127519638185712, 1.1140694852000712, 1.1153781033287808, 1.1166777881969465, 1.1179685119146392, 1.1192502505228559, 1.1205229805988635, 1.1217866821621802, 1.1230413387671654]",50,0.7384313804297342,,0.030788536245128117,0.030788537710115804,1.1230413387671654,,0.748694225844777,,,,3.237048625946045,4.119681358337402,True,0.8847963809967041,0.0021495819091796875,0.0,0.8847963809967041,Results/warm_start_cache/complete_graphs_2to12vertices_11instances_AdjacencyList__filehash_1c7be33d/hog_idx000001_ef04306f2d85_noseed_L2_M2_amplified.npz,3.269585132598877,2026-08-21 07:40:36,x86_64,dacsgpu0003,,64,64,3.11.15,0.22,False,False,False,True,2,True,False,True,True,adam,False,hamqaoa,0.001,amplified,2,2,scs,1e-06,100000,False,False,False,hog,False,False,False,False,True,False,True,1,HOG_graphs/Exp5/complete_graphs_2to12vertices_11instances_AdjacencyList.txt,True,Results/warm_start_cache,512,60,0,16,1,1,0,0,5,0,5,11,1,False,_Exp7_AmplifiedWithHeuristic,1,,100001,1,"[(1, 2), (0, 1), (0, 2)]","[1.0, 1.0, 1.0]"
d1103b99,4,6,1,50.0,False,True,"[1, 1, 1]",,5.999997097891024,2.999998548945512,1.9864816996751737,1.7825820297133117,1.9864811287829331,1.9864816996751729,1.9864816996751744,"[1.9951682798324886, 1.9956309206427134, 1.9960835255802092, 1.9965259682687302, 1.9969581597553163, 1.9973800588307533, 1.9977916775395044, 1.9981930929778704, 1.998584459681656, 1.9989660219450838, 1.9993381272186732, 1.999701237645903, 2.000055944813951, 2.0004029789132365, 2.000743210987362, 2.001077644238036, 2.001407407339696, 2.0017337206198955, 2.0020578611123545, 2.002381117058002, 2.002704740643857, 2.003029896801696, 2.0033576344495394, 2.0036621699697004, 2.003974099386537, 2.00429358366407, 2.004620716515291, 2.004955534672756, 2.0052980197002466, 2.005648117774867, 2.006005746601933, 2.0063708013943997, 2.0067431666024182, 2.007122719374714, 2.007509329479165, 2.0079028721414782, 2.008303228526529, 2.0087102731361837, 2.0091238931752353, 2.0095439776614046, 2.0099704231121986, 2.0104031251991388, 2.0108419867204947, 2.0112869118296257, 2.0117378052101356, 2.0121945778650754, 2.0126571424518644, 2.013125408299893, 2.013599290835038, 2.0140786970222417, 2.0145635447922365]",50,0.662160566558391,,0.05616369023412737,0.05616483201860678,2.0145635447922365,,0.6715211815974121,,,,3.673281192779541,7.4058685302734375,True,3.734250545501709,0.0016505718231201172,0.0,3.734250545501709,Results/warm_start_cache/complete_graphs_2to12vertices_11instances_AdjacencyList__filehash_1c7be33d/hog_idx000002_488e446e6a19_noseed_L2_M2_amplified.npz,3.7065234184265137,2026-08-21 07:40:37,x86_64,dacsgpu0003,,64,64,3.11.15,0.22,False,True,False,True,3,True,False,True,False,adam,False,hamqaoa,0.001,amplified,2,2,scs,1e-06,100000,False,False,False,hog,False,False,False,False,True,False,True,1,HOG_graphs/Exp5/complete_graphs_2to12vertices_11instances_AdjacencyList.txt,True,Results/warm_start_cache,512,60,0,16,1,1,0,0,5,0,5,11,1,False,_Exp7_AmplifiedWithHeuristic,1,,200001,2,"[(1, 3), (0, 1), (2, 3), (0, 3), (1, 2), (0, 2)]","[1.0, 1.0, 1.0, 1.0, 1.0, 1.0]"
f3764d22,4,6,2,50.0,False,True,"[1, 1, 1]",,5.999997097891024,2.999998548945512,1.9864816996751737,1.7825820297133117,1.9864811287829331,1.9864816996751729,1.9864816996751744,"[1.4702547377422963, 1.4729957459373495, 1.475733219727261, 1.478467183490037, 1.4811979670096178, 1.483926483862293, 1.4866543611893772, 1.4893834787585019, 1.4921152385563636, 1.4948504136953757, 1.4975893707926382, 1.5003322890187876, 1.503079262542026, 1.5058303383163176, 1.5085855428692896, 1.511344883967424, 1.5141083551559387, 1.5168759389065658, 1.519647608827348, 1.5224233293377454, 1.5252030596846557, 1.5279867466190018, 1.5307743283277084, 1.5335657376182825, 1.536360897268897, 1.5391597222753024, 1.5419621203308904, 1.544767987239579, 1.5475772145875126, 1.5503896871036347, 1.5532052783090113, 1.556023853968152, 1.5588452720410733, 1.561669384333587, 1.5644960304418045, 1.56732504592407, 1.5701562611114424, 1.5729894977467132, 1.5758245678400167, 1.5786612787550665, 1.5814994307007502, 1.5843388192226087, 1.587179233904872, 1.5900204604276325, 1.592862278999082, 1.5957044656631316, 1.5985467899222314, 1.6013890165771718, 1.604230911637608, 1.6070722366546961, 1.609912751419959]",50,0.662160566558391,,3.1086244689504383e-15,1.1417844825167833e-06,1.9864816996751744,,0.6621605665583915,,,,6.180812120437622,9.908984899520874,True,3.734250545501709,0.006062746047973633,0.0,3.734250545501709,Results/warm_start_cache/complete_graphs_2to12vertices_11instances_AdjacencyList__filehash_1c7be33d/hog_idx000002_488e446e6a19_noseed_L2_M2_amplified.npz,6.209440231323242,2026-08-21 07:40:38,x86_64,dacsgpu0003,,64,64,3.11.15,0.22,False,True,False,True,3,True,False,True,False,adam,False,hamqaoa,0.001,amplified,2,2,scs,1e-06,100000,False,False,False,hog,False,False,False,False,True,False,True,1,HOG_graphs/Exp5/complete_graphs_2to12vertices_11instances_AdjacencyList.txt,True,Results/warm_start_cache,512,60,0,16,1,1,0,0,5,0,5,11,1,False,_Exp7_AmplifiedWithHeuristic,1,,200101,2,"[(1, 3), (0, 1), (2, 3), (0, 3), (1, 2), (0, 2)]","[1.0, 1.0, 1.0, 1.0, 1.0, 1.0]"
72f430a7,3,3,2,50.0,False,True,"[1, 1, 1]",,3.000000005981841,1.5000000029909204,1.1076470706446013,0.8912913908741824,1.1076470699121075,1.1076470706446013,1.107647070644601,"[0.5160182210777196, 0.5176699943118058, 0.5193437359027561, 0.5210396680736652, 0.5227580205226973, 0.5244990272678699, 0.5262629269344319, 0.5280499588737302, 0.5298603619704887, 0.5316943725306839, 0.5335522230757622, 0.5354341405906401, 0.5373403456082623, 0.5392710488061973, 0.5412264510425455, 0.5432067424799845, 0.5452121003617595, 0.5472426884483859, 0.5492986555730909, 0.5513801361545559, 0.5534872479180832, 0.5556200908331032, 0.5577787480141703, 0.5599632841945176, 0.5621737461666207, 0.5644101607293618, 0.56667253666004, 0.568960862361326, 0.5712751057726194, 0.5736152160921658, 0.5759811222320085, 0.5783727340874663, 0.5807899403058804, 0.5832326106901915, 0.585700595844011, 0.5881937272492976, 0.5907118177926342, 0.5932546596391857, 0.5958220274653001, 0.5984136779912917, 0.6010293503166217, 0.6036687646377364, 0.6063316248347074, 0.609017619649006, 0.6117264222037422, 0.6144576889898588, 0.6172110600964217, 0.6199861624301392, 0.6227826074044215, 0.625599993076639, 0.6284379054829599]",50,0.7384313804297342,,-4.440892098500626e-16,1.4649872426275579e-09,1.107647070644601,,0.7384313804297341,,,,4.561790943145752,5.444998264312744,True,0.8847963809967041,0.0015726089477539062,0.0,0.8847963809967041,Results/warm_start_cache/complete_graphs_2to12vertices_11instances_AdjacencyList__filehash_1c7be33d/hog_idx000001_ef04306f2d85_noseed_L2_M2_amplified.npz,4.596369981765747,2026-08-21 07:40:40,x86_64,dacsgpu0003,,64,64,3.11.15,0.22,False,False,False,True,2,True,False,True,True,adam,False,hamqaoa,0.001,amplified,2,2,scs,1e-06,100000,False,False,False,hog,False,False,False,False,True,False,True,1,HOG_graphs/Exp5/complete_graphs_2to12vertices_11instances_AdjacencyList.txt,True,Results/warm_start_cache,512,60,0,16,1,1,0,0,5,0,5,11,1,False,_Exp7_AmplifiedWithHeuristic,1,,100101,1,"[(1, 2), (0, 1), (0, 2)]","[1.0, 1.0, 1.0]"
62b31fa1,3,3,3,50.0,False,True,"[1, 1, 1]",,3.000000005981841,1.5000000029909204,1.1076470706446013,0.8912913908741824,1.1076470699121075,1.1076470706446013,1.107647070644601,"[0.9700077191362159, 0.975130531011967, 0.980206961020329, 0.9852349247323128, 0.9902123926927086, 0.9951374003165282, 1.000008054625098, 1.0048225449860384, 1.009579153506905, 1.0142762622174475, 1.018912365197892, 1.0234860732604671, 1.0279961253449175, 1.032441390323369, 1.036820874523907, 1.041133727874631, 1.0453792433158227, 1.0495568597247342, 1.053666163957126, 1.0577068837270645, 1.0616788836719673, 1.0655821624143784, 1.0694168394979582, 1.0731831452726022, 1.076881413458952, 1.0805120692456018, 1.0840756114495729, 1.0875725997669374, 1.0910036462050108, 1.0943693958244034, 1.0976705183772888, 1.100907693922159, 1.104081610460208, 1.107192953242753, 1.1102423968889483, 1.1132306064290782, 1.1161582357311064, 1.1190259304807626, 1.121834323578661, 1.1245840426505516, 1.1272757189239258, 1.1299099812696576, 1.1324874727222753, 1.1350088510522371, 1.1374747970083965, 1.1398860222913456, 1.1422432711782669, 1.144547326681605, 1.1467990190421304, 1.1489992264770996, 1.1511488773710843]",50,0.7384313804297342,,0.08700361345296592,0.08700361491795361,1.1511488773710843,,0.7674325849140562,,,,6.762793064117432,7.645029544830322,True,0.8847963809967041,0.002546072006225586,0.0,0.8847963809967041,Results/warm_start_cache/complete_graphs_2to12vertices_11instances_AdjacencyList__filehash_1c7be33d/hog_idx000001_ef04306f2d85_noseed_L2_M2_amplified.npz,6.792811632156372,2026-08-21 07:40:41,x86_64,dacsgpu0003,,64,64,3.11.15,0.22,False,False,False,True,2,True,False,True,True,adam,False,hamqaoa,0.001,amplified,2,2,scs,1e-06,100000,False,False,False,hog,False,False,False,False,True,False,True,1,HOG_graphs/Exp5/complete_graphs_2to12vertices_11instances_AdjacencyList.txt,True,Results/warm_start_cache,512,60,0,16,1,1,0,0,5,0,5,11,1,False,_Exp7_AmplifiedWithHeuristic,1,,100201,1,"[(1, 2), (0, 1), (0, 2)]","[1.0, 1.0, 1.0]"
0b857d60,4,6,3,50.0,False,True,"[1, 1, 1]",,5.999997097891024,2.999998548945512,1.9864816996751737,1.7825820297133117,1.9864811287829331,1.9864816996751729,1.9864816996751744,"[1.7275846338073202, 1.7322071675961688, 1.7368124217559122, 1.7413982658113176, 1.7459626019483785, 1.7505033581092821, 1.7550184943498617, 1.7595059982910533, 1.7639638867236715, 1.7683902130799682, 1.7727830663204758, 1.7771405751022742, 1.7814609174009401, 1.7857423157080359, 1.7899830483213615, 1.7941814625248436, 1.7983359639694216, 1.8024450361683928, 1.8065072409466967, 1.8105212252618554, 1.8144857290068994, 1.8183995865758258, 1.822261732134519, 1.826071212105536, 1.8298271749446153, 1.833528884912126, 1.8371757191862517, 1.840767176675895, 1.8443028745514434, 1.8477825509775991, 1.8512060600300038, 1.8545733704695018, 1.8578845638535177, 1.8611398341150562, 1.864339471648762, 1.8674838684569333, 1.8705735068255502, 1.8736089451219584, 1.87659082369255, 1.8795198439096676, 1.8823967622797682, 1.8852223839331212, 1.8879975431570077, 1.89072309940084, 1.8933999326680637, 1.896028928770317, 1.8986109735608012, 1.9011469380757582, 1.9036376753092494, 1.906084016929918, 1.9084867665375025]",50,0.662160566558391,,3.1086244689504383e-15,1.1417844825167833e-06,1.9864816996751744,,0.6621605665583915,,,,9.092257261276245,12.82477355003357,True,3.734250545501709,0.0017197132110595703,0.0,3.734250545501709,Results/warm_start_cache/complete_graphs_2to12vertices_11instances_AdjacencyList__filehash_1c7be33d/hog_idx000002_488e446e6a19_noseed_L2_M2_amplified.npz,9.149878740310669,2026-08-21 07:40:41,x86_64,dacsgpu0003,,64,64,3.11.15,0.22,False,True,False,True,3,True,False,True,False,adam,False,hamqaoa,0.001,amplified,2,2,scs,1e-06,100000,False,False,False,hog,False,False,False,False,True,False,True,1,HOG_graphs/Exp5/complete_graphs_2to12vertices_11instances_AdjacencyList.txt,True,Results/warm_start_cache,512,60,0,16,1,1,0,0,5,0,5,11,1,False,_Exp7_AmplifiedWithHeuristic,1,,200201,2,"[(1, 3), (0, 1), (2, 3), (0, 3), (1, 2), (0, 2)]","[1.0, 1.0, 1.0, 1.0, 1.0, 1.0]"
4e107098,3,3,4,50.0,False,True,"[1, 1, 1]",,3.000000005981841,1.5000000029909204,1.1076470706446013,0.8912913908741824,1.1076470699121075,1.1076470706446013,1.107647070644601,"[0.5600015222945127, 0.5635916029325405, 0.5672189735431202, 0.5708825074134978, 0.5745810922789794, 0.5783136167586514, 0.5820789721309334, 0.5858760458385963, 0.5897037222325271, 0.5935608769870095, 0.5974463735176869, 0.6013590536621799, 0.605297713868167, 0.6092610856167774, 0.613247817776517, 0.6172564631909989, 0.621285478237842, 0.6253332338824138, 0.6293980379184878, 0.6334781666915195, 0.6375718952356622, 0.6416775388948796, 0.6457934793015444, 0.6499182035850853, 0.6540503316526964, 0.6581886423544236, 0.6623320713602255, 0.666479705461185, 0.6706307604506377, 0.6747845478103416, 0.6789404570044024, 0.6830979550241638, 0.6872565542240834, 0.6914158251698002, 0.6955754075455481, 0.6997350121072843, 0.7038944193957143, 0.7080534852032148, 0.7122121478645045, 0.7163704354519047, 0.7205284586156671, 0.7246863955712717, 0.7288444780577019, 0.7330029589235005, 0.7371620810959982, 0.7413220395107905, 0.7454829660000121, 0.7496449251651669, 0.7538079224256587, 0.7579719163997062, 0.7621368451216398]",50,0.7384313804297342,,-4.440892098500626e-16,1.4649872426275579e-09,1.107647070644601,,0.7384313804297341,,,,9.84337854385376,10.726452350616455,True,0.8847963809967041,0.001707315444946289,0.0,0.8847963809967041,Results/warm_start_cache/complete_graphs_2to12vertices_11instances_AdjacencyList__filehash_1c7be33d/hog_idx000001_ef04306f2d85_noseed_L2_M2_amplified.npz,9.87023115158081,2026-08-21 07:40:45,x86_64,dacsgpu0003,,64,64,3.11.15,0.23,False,False,False,True,2,True,False,True,True,adam,False,hamqaoa,0.001,amplified,2,2,scs,1e-06,100000,False,False,False,hog,False,False,False,False,True,False,True,1,HOG_graphs/Exp5/complete_graphs_2to12vertices_11instances_AdjacencyList.txt,True,Results/warm_start_cache,512,60,0,16,1,1,0,0,5,0,5,11,1,False,_Exp7_AmplifiedWithHeuristic,1,,100301,1,"[(1, 2), (0, 1), (0, 2)]","[1.0, 1.0, 1.0]"
fbc2d309,4,6,4,50.0,False,True,"[1, 1, 1]",,5.999997097891024,2.999998548945512,1.9864816996751737,1.7825820297133117,1.9864811287829331,1.9864816996751729,1.9864816996751744,"[1.289764082902781, 1.2961000373152882, 1.3024366449161255, 1.3087689738693187, 1.3150925857385174, 1.3214039130080946, 1.3277008196686273, 1.3339833070634712, 1.3402542288084247, 1.3465195941106558, 1.3527879315802835, 1.359068552797001, 1.365369428426403, 1.3716957636633451, 1.378049707209865, 1.3844308599737427, 1.3908369662520932, 1.3972645653008937, 1.403709445688986, 1.4101669455772727, 1.4166321380370799, 1.4230999484383213, 1.4295652408121056, 1.4360228612289982, 1.442467701106574, 1.4488947276899693, 1.4552990270942199, 1.4616758412281492, 1.4680206041684136, 1.474328987831195, 1.480596931421353, 1.4868206866670888, 1.4929968482927207, 1.499122380069969, 1.50519462956757, 1.5112113275265684, 1.51717060066175, 1.523070942405743, 1.5289112030521337, 1.5346905767873333, 1.540408590104509, 1.546065105333304, 1.5516603158336997, 1.5571947861707116, 1.5626694695140233, 1.56808575065303, 1.5734454696356164, 1.5787509686589443, 1.5840050925187652, 1.5892112000077936, 1.594373147182874]",50,0.662160566558391,,3.1086244689504383e-15,1.1417844825167833e-06,1.9864816996751744,,0.6621605665583915,,,,15.047395706176758,18.779979944229126,True,3.734250545501709,0.0016510486602783203,0.0,3.734250545501709,Results/warm_start_cache/complete_graphs_2to12vertices_11instances_AdjacencyList__filehash_1c7be33d/hog_idx000002_488e446e6a19_noseed_L2_M2_amplified.npz,15.09668755531311,2026-08-21 07:40:48,x86_64,dacsgpu0003,,64,64,3.11.15,0.23,False,True,False,True,3,True,False,True,False,adam,False,hamqaoa,0.001,amplified,2,2,scs,1e-06,100000,False,False,False,hog,False,False,False,False,True,False,True,1,HOG_graphs/Exp5/complete_graphs_2to12vertices_11instances_AdjacencyList.txt,True,Results/warm_start_cache,512,60,0,16,1,1,0,0,5,0,5,11,1,False,_Exp7_AmplifiedWithHeuristic,1,,200301,2,"[(1, 3), (0, 1), (2, 3), (0, 3), (1, 2), (0, 2)]","[1.0, 1.0, 1.0, 1.0, 1.0, 1.0]"
c4ac5210,3,3,5,50.0,False,True,"[1, 1, 1]",,3.000000005981841,1.5000000029909204,1.1076470706446013,0.8912913908741824,1.1076470699121075,1.1076470706446013,1.107647070644601,"[0.832149004231449, 0.8397453592045844, 0.8473740981483365, 0.8550298280916104, 0.8627072357457231, 0.8704009675644483, 0.8781055810923691, 0.8858155286872815, 0.8935251557096149, 0.9012286993528628, 0.9089203016669496, 0.9165940206700565, 0.9242438534166993, 0.9318637623789485, 0.9394476987126265, 0.946989632379797, 0.9544835914532988, 0.9619236917253011, 0.9693041830187323, 0.9766194985383849, 0.983864287500763, 0.9910334750146199, 0.998122304443567, 1.005126391388104, 1.012041769104563, 1.018864937595025, 1.0255928986409426, 1.0322232047850517, 1.0387539879881997, 1.045183976220009, 1.0515125050949965, 1.0577395275596448, 1.0638655947145015, 1.069891844055629, 1.0758199667674377, 1.081652183158529, 1.0873911845025575, 1.0930401023451368, 1.098602449153501, 1.1040820647102945, 1.1094830717772621, 1.114809805178008, 1.1200667794636927, 1.1252586116115073, 1.1303899968848152, 1.1354656378152168, 1.1404902146956457, 1.1454683227142395, 1.1504044194203034, 1.1553027893240193, 1.160167502333897]",50,0.7384313804297342,,0.10504086337859153,0.10504086484357922,1.160167502333897,,0.7734450015559314,,,,14.373307466506958,15.25291657447815,True,0.8847963809967041,0.005168437957763672,0.0,0.8847963809967041,Results/warm_start_cache/complete_graphs_2to12vertices_11instances_AdjacencyList__filehash_1c7be33d/hog_idx000001_ef04306f2d85_noseed_L2_M2_amplified.npz,14.389941215515137,2026-08-21 07:40:51,x86_64,dacsgpu0003,,64,64,3.11.15,0.23,False,False,False,True,2,True,False,True,True,adam,False,hamqaoa,0.001,amplified,2,2,scs,1e-06,100000,False,False,False,hog,False,False,False,False,True,False,True,1,HOG_graphs/Exp5/complete_graphs_2to12vertices_11instances_AdjacencyList.txt,True,Results/warm_start_cache,512,60,0,16,1,1,0,0,5,0,5,11,1,False,_Exp7_AmplifiedWithHeuristic,1,,100401,1,"[(1, 2), (0, 1), (0, 2)]","[1.0, 1.0, 1.0]"
5c2bc554,4,6,5,50.0,False,True,"[1, 1, 1]",,5.999997097891024,2.999998548945512,1.9864816996751737,1.7825820297133117,1.9864811287829331,1.9864816996751729,1.9864816996751744,"[1.3581879830303236, 1.3688150101277838, 1.3795766347702236, 1.3904690974090614, 1.4014886476107586, 1.4126315065315558, 1.4238938485710666, 1.4352717800685562, 1.446761317357219, 1.4583583859542424, 1.4700588002990493, 1.4818582575326253, 1.493752335401739, 1.5057364965353175, 1.51780608245482, 1.5299563160758198, 1.5421823123970728, 1.5544790803094308, 1.5668415305526178, 1.5792644825621027, 1.591742682329327, 1.6042708001086852, 1.6168434363662652, 1.6294551318886854, 1.6421003809698633, 1.6547736168187772, 1.6674692032927312, 1.68018143858516, 1.6929045142251042, 1.7056324958973959, 1.7183592966041008, 1.7310786201516453, 1.7437839412841465, 1.7564684817317064, 1.7691251969807067, 1.7817467697353426, 1.7943256446186069, 1.8068540383407183, 1.8193239836596837, 1.831727358834087, 1.8440559398003118, 1.8563014293117779, 1.8684555035403414, 1.880509872201634, 1.8924563018496499, 1.904286676255364, 1.9159930376489551, 1.9275676140622868, 1.9390028576380252, 1.9502914945247172, 1.9614265372021122]",50,0.662160566558391,,3.1086244689504383e-15,1.1417844825167833e-06,1.9864816996751744,,0.6621605665583915,,,,20.333098649978638,24.065616607666016,True,3.734250545501709,0.0017154216766357422,0.0,3.734250545501709,Results/warm_start_cache/complete_graphs_2to12vertices_11instances_AdjacencyList__filehash_1c7be33d/hog_idx000002_488e446e6a19_noseed_L2_M2_amplified.npz,20.372459650039673,2026-08-21 07:40:55,x86_64,dacsgpu0003,,64,64,3.11.15,0.23,False,True,False,True,3,True,False,True,False,adam,False,hamqaoa,0.001,amplified,2,2,scs,1e-06,100000,False,False,False,hog,False,False,False,False,True,False,True,1,HOG_graphs/Exp5/complete_graphs_2to12vertices_11instances_AdjacencyList.txt,True,Results/warm_start_cache,512,60,0,16,1,1,0,0,5,0,5,11,1,False,_Exp7_AmplifiedWithHeuristic,1,,200401,2,"[(1, 3), (0, 1), (2, 3), (0, 3), (1, 2), (0, 2)]","[1.0, 1.0, 1.0, 1.0, 1.0, 1.0]"
a4d91784,10,45,1,50.0,False,True,"[1, 1, 1]",,29.999999997262744,14.999999998631372,12.105526425762005,9.736325465308427,12.105526425762001,12.105526425761987,12.105526425761981,"[11.907794466796853, 11.909129708140119, 11.910464652686663, 11.91179915038997, 11.913133083353893, 11.914466315705674, 11.915798748385972, 11.917130230797145, 11.918460649901675, 11.919789878683709, 11.921117784935802, 11.922444223136049, 11.923769062771907, 11.92509221235621, 11.926413516534936, 11.927732847832685, 11.929050082581615, 11.930365048078833, 11.93167767456603, 11.932987820576226, 11.934295330211327, 11.9356000449796, 11.936901891834436, 11.938200668920569, 11.93949629735282, 11.940788669168255, 11.94207761216469, 11.943363013527808, 11.944644747140252, 11.94592268587404, 11.947196672872568, 11.948466579802718, 11.94973228118911, 11.950993667727456, 11.95225060265688, 11.953502949209465, 11.954750607460152, 11.95599346774321, 11.9572314505676, 11.958464429443026, 11.95969230723009, 11.960914945698942, 11.962132195384301, 11.96334399478633, 11.964550210320782, 11.965750828755647, 11.966945787110744, 11.96813493454971, 11.96931815675478, 11.970495367287292, 11.971666559483449]",50,0.8070350950507991,,-1.0658141036401503e-14,-3.907985046680551e-14,12.105526425761981,,0.8070350950507987,,,,141.67105555534363,3499.3343257904053,True,3357.6777079105377,0.014415740966796875,0.0,3357.6777079105377,Results/warm_start_cache/complete_graphs_2to12vertices_11instances_AdjacencyList__filehash_1c7be33d/hog_idx000008_26e838c55cf9_noseed_L2_M2_amplified.npz,141.71660208702087,2026-08-21 07:42:59,x86_64,dacsgpu0003,,64,64,3.11.15,0.52,False,False,False,True,9,True,False,False,False,adam,False,hamqaoa,0.001,amplified,2,2,scs,1e-06,100000,False,False,False,hog,False,False,False,False,True,False,True,1,HOG_graphs/Exp5/complete_graphs_2to12vertices_11instances_AdjacencyList.txt,True,Results/warm_start_cache,512,60,0,16,1,1,0,0,5,0,5,11,1,False,_Exp7_AmplifiedWithHeuristic,1,,800001,8,"[(2, 3), (3, 8), (2, 6), (3, 5), (2, 9), (4, 6), (4, 9), (7, 8), (0, 5), (1, 4), (0, 2), (0, 8), (1, 7), (6, 9), (5, 7), (3, 4), (2, 8), (4, 5), (3, 7), (2, 5), (4, 8), (8, 9), (1, 3), (0, 1), (1, 6), (0, 4), (1, 9), (0, 7), (6, 8), (5, 6), (5, 9), (3, 6), (2, 4), (3, 9), (2, 7), (4, 7), (7, 9), (0, 3), (1, 2), (1, 8), (0, 6), (1, 5), (0, 9), (5, 8), (6, 7)]","[1.0, 1.0, 1.0, 1.0, 1.0, 1.0, 1.0, 1.0, 1.0, 1.0, 1.0, 1.0, 1.0, 1.0, 1.0, 1.0, 1.0, 1.0, 1.0, 1.0, 1.0, 1.0, 1.0, 1.0, 1.0, 1.0, 1.0, 1.0, 1.0, 1.0, 1.0, 1.0, 1.0, 1.0, 1.0, 1.0, 1.0, 1.0, 1.0, 1.0, 1.0, 1.0, 1.0, 1.0, 1.0]"
8730b48d,11,55,1,50.0,False,True,"[1, 1, 1]",,35.750000004199464,17.875000002099732,15.000928855574664,11.692815958633426,15.000928855574664,15.000928855574662,15.000928855574648,"[14.461896525846406, 14.46451849019088, 14.467135237010064, 14.469746520888863, 14.472352211157322, 14.474952063498355, 14.477545912076433, 14.480133589314253, 14.482714915309346, 14.485289695036235, 14.487857734367804, 14.490418782674636, 14.492972674025346, 14.495519326714323, 14.498058570246425, 14.500590199986384, 14.503114224450309, 14.505630521381983, 14.50813901516547, 14.5106395588665, 14.513131988262458, 14.515616303928166, 14.518092358435803, 14.520560094380611, 14.523019290048392, 14.525470015318461, 14.52791217014534, 14.530345770114533, 14.532770806851804, 14.53518720488389, 14.537594971927433, 14.539994078063367, 14.542384468208363, 14.544766177279808, 14.547139162829753, 14.549503485990387, 14.551859173189385, 14.554206219561147, 14.556544556691266, 14.558874268139732, 14.561195353834105, 14.563507893048277, 14.565811865934512, 14.568107445904934, 14.57039455147083, 14.572673279045766, 14.574943595346404, 14.577205498495724, 14.579459109411015, 14.58170448932407, 14.583941684119507]",50,0.8571959346042664,,-2.842170943040401e-14,-3.197442310920451e-14,15.000928855574648,,0.8571959346042656,,,,573.4841766357422,8030.571512699127,True,7457.102283716202,0.014928340911865234,0.0,7457.102283716202,Results/warm_start_cache/complete_graphs_2to12vertices_11instances_AdjacencyList__filehash_1c7be33d/hog_idx000009_afe693201b6b_noseed_L2_M2_amplified.npz,573.5070333480835,2026-08-21 07:43:04,x86_64,dacsgpu0003,,64,64,3.11.15,1.12,False,False,False,True,10,True,False,False,True,adam,False,hamqaoa,0.001,amplified,2,2,scs,1e-06,100000,False,False,False,hog,False,False,False,False,True,False,True,1,HOG_graphs/Exp5/complete_graphs_2to12vertices_11instances_AdjacencyList.txt,True,Results/warm_start_cache,512,60,0,16,1,1,0,0,5,0,5,11,1,False,_Exp7_AmplifiedWithHeuristic,1,,900001,9,"[(2, 3), (3, 8), (2, 6), (3, 5), (2, 9), (4, 6), (4, 9), (7, 8), (0, 5), (8, 10), (1, 4), (1, 10), (0, 2), (0, 8), (1, 7), (5, 10), (6, 9), (5, 7), (3, 4), (2, 8), (4, 5), (3, 7), (2, 5), (4, 8), (3, 10), (7, 10), (8, 9), (1, 3), (0, 1), (9, 10), (1, 6), (0, 4), (0, 10), (1, 9), (0, 7), (6, 8), (5, 6), (5, 9), (3, 6), (2, 4), (2, 10), (3, 9), (2, 7), (4, 10), (4, 7), (7, 9), (0, 3), (1, 2), (1, 8), (0, 6), (1, 5), (0, 9), (6, 10), (5, 8), (6, 7)]","[1.0, 1.0, 1.0, 1.0, 1.0, 1.0, 1.0, 1.0, 1.0, 1.0, 1.0, 1.0, 1.0, 1.0, 1.0, 1.0, 1.0, 1.0, 1.0, 1.0, 1.0, 1.0, 1.0, 1.0, 1.0, 1.0, 1.0, 1.0, 1.0, 1.0, 1.0, 1.0, 1.0, 1.0, 1.0, 1.0, 1.0, 1.0, 1.0, 1.0, 1.0, 1.0, 1.0, 1.0, 1.0, 1.0, 1.0, 1.0, 1.0, 1.0, 1.0, 1.0, 1.0, 1.0, 1.0]"
a91b1de8,10,45,2,50.0,False,True,"[1, 1, 1]",,29.999999997262744,14.999999998631372,12.105526425762005,9.736325465308427,12.105526425762001,12.105526425761987,12.105526425761981,"[11.642842943137335, 11.64645683588463, 11.650093975358528, 11.653752961155707, 11.657432360692624, 11.661130714518478, 11.664846495418955, 11.668578080954232, 11.672323752700704, 11.676081808111805, 11.679850432504997, 11.683627779032042, 11.687412003557826, 11.691201066120685, 11.694992945207742, 11.698785592027622, 11.702576885374404, 11.706364557265857, 11.710146396673796, 11.713920124745174, 11.717683468014343, 11.721434162417806, 11.725169677874096, 11.728887666349024, 11.732585632321221, 11.736261162987821, 11.739911945263067, 11.74353561890966, 11.747129889640533, 11.750692239301703, 11.754220500567804, 11.757712158490966, 11.761165178417654, 11.764577271292737, 11.767946349871425, 11.771270371035826, 11.774547322956517, 11.777775356672548, 11.780952554100418, 11.784077182484605, 11.787147652430592, 11.79016244036389, 11.79312011960263, 11.796019330446773, 11.798858960392735, 11.801637916030247, 11.804355312399691, 11.807010322841167, 11.809602156818897, 11.812130267604376, 11.814594243050177]",50,0.8070350950507991,,-1.0658141036401503e-14,-3.907985046680551e-14,12.105526425761981,,0.8070350950507987,,,,156.6989724636078,3514.3694677352905,True,3357.6777079105377,0.007195472717285156,0.0,3357.6777079105377,Results/warm_start_cache/complete_graphs_2to12vertices_11instances_AdjacencyList__filehash_1c7be33d/hog_idx000008_26e838c55cf9_noseed_L2_M2_amplified.npz,156.74887824058533,2026-08-21 07:43:27,x86_64,dacsgpu0003,,64,64,3.11.15,0.77,False,False,False,True,9,True,False,False,False,adam,False,hamqaoa,0.001,amplified,2,2,scs,1e-06,100000,False,False,False,hog,False,False,False,False,True,False,True,1,HOG_graphs/Exp5/complete_graphs_2to12vertices_11instances_AdjacencyList.txt,True,Results/warm_start_cache,512,60,0,16,1,1,0,0,5,0,5,11,1,False,_Exp7_AmplifiedWithHeuristic,1,,800101,8,"[(2, 3), (3, 8), (2, 6), (3, 5), (2, 9), (4, 6), (4, 9), (7, 8), (0, 5), (1, 4), (0, 2), (0, 8), (1, 7), (6, 9), (5, 7), (3, 4), (2, 8), (4, 5), (3, 7), (2, 5), (4, 8), (8, 9), (1, 3), (0, 1), (1, 6), (0, 4), (1, 9), (0, 7), (6, 8), (5, 6), (5, 9), (3, 6), (2, 4), (3, 9), (2, 7), (4, 7), (7, 9), (0, 3), (1, 2), (1, 8), (0, 6), (1, 5), (0, 9), (5, 8), (6, 7)]","[1.0, 1.0, 1.0, 1.0, 1.0, 1.0, 1.0, 1.0, 1.0, 1.0, 1.0, 1.0, 1.0, 1.0, 1.0, 1.0, 1.0, 1.0, 1.0, 1.0, 1.0, 1.0, 1.0, 1.0, 1.0, 1.0, 1.0, 1.0, 1.0, 1.0, 1.0, 1.0, 1.0, 1.0, 1.0, 1.0, 1.0, 1.0, 1.0, 1.0, 1.0, 1.0, 1.0, 1.0, 1.0]"
5e11532a,10,45,3,50.0,False,True,"[1, 1, 1]",,29.999999997262744,14.999999998631372,12.105526425762005,9.736325465308427,12.105526425762001,12.105526425761987,12.105526425761981,"[11.955545570549985, 11.958834345973267, 11.962131194511478, 11.965433420457204, 11.968738670795071, 11.97204455208567, 11.9753487268216, 11.978648717154435, 11.981941820185561, 11.985225332840118, 11.98849636389044, 11.991752271096415, 11.99499035869301, 11.998207693238234, 12.001401544239297, 12.004569326318958, 12.00770837952956, 12.010816222109208, 12.013890286479036, 12.016928308998681, 12.019928075765083, 12.02288736781239, 12.025804251153724, 12.028677008769769, 12.031503825839005, 12.034283434040203, 12.037014628572482, 12.039696233515931, 12.042327464875292, 12.044907866334496, 12.047437002691133, 12.04991476754094, 12.05234113717266, 12.054716443240864, 12.05704074084074, 12.059314161419625, 12.061537169701591, 12.063709968048027, 12.065832837308744, 12.067906145913897, 12.069930142017775, 12.071905238536127, 12.07383188457763, 12.075710520623314, 12.077541766108691, 12.07932621217065, 12.081064488480786, 12.082757306653397, 12.084405533928747, 12.08600988882837, 12.087571315768315]",50,0.8070350950507991,,-1.0658141036401503e-14,-3.907985046680551e-14,12.105526425761981,,0.8070350950507987,,,,172.5249285697937,3530.1955580711365,True,3357.6777079105377,0.007061004638671875,0.0,3357.6777079105377,Results/warm_start_cache/complete_graphs_2to12vertices_11instances_AdjacencyList__filehash_1c7be33d/hog_idx000008_26e838c55cf9_noseed_L2_M2_amplified.npz,172.5642054080963,2026-08-21 07:43:42,x86_64,dacsgpu0003,,64,64,3.11.15,1.0,False,False,False,True,9,True,False,False,False,adam,False,hamqaoa,0.001,amplified,2,2,scs,1e-06,100000,False,False,False,hog,False,False,False,False,True,False,True,1,HOG_graphs/Exp5/complete_graphs_2to12vertices_11instances_AdjacencyList.txt,True,Results/warm_start_cache,512,60,0,16,1,1,0,0,5,0,5,11,1,False,_Exp7_AmplifiedWithHeuristic,1,,800201,8,"[(2, 3), (3, 8), (2, 6), (3, 5), (2, 9), (4, 6), (4, 9), (7, 8), (0, 5), (1, 4), (0, 2), (0, 8), (1, 7), (6, 9), (5, 7), (3, 4), (2, 8), (4, 5), (3, 7), (2, 5), (4, 8), (8, 9), (1, 3), (0, 1), (1, 6), (0, 4), (1, 9), (0, 7), (6, 8), (5, 6), (5, 9), (3, 6), (2, 4), (3, 9), (2, 7), (4, 7), (7, 9), (0, 3), (1, 2), (1, 8), (0, 6), (1, 5), (0, 9), (5, 8), (6, 7)]","[1.0, 1.0, 1.0, 1.0, 1.0, 1.0, 1.0, 1.0, 1.0, 1.0, 1.0, 1.0, 1.0, 1.0, 1.0, 1.0, 1.0, 1.0, 1.0, 1.0, 1.0, 1.0, 1.0, 1.0, 1.0, 1.0, 1.0, 1.0, 1.0, 1.0, 1.0, 1.0, 1.0, 1.0, 1.0, 1.0, 1.0, 1.0, 1.0, 1.0, 1.0, 1.0, 1.0, 1.0, 1.0]"
536136b0,10,45,4,50.0,False,True,"[1, 1, 1]",,29.999999997262744,14.999999998631372,12.105526425762005,9.736325465308427,12.105526425762001,12.105526425761987,12.105526425761981,"[11.954781206788565, 11.95861187509911, 11.962459930407004, 11.966322093394815, 11.97019498934218, 11.974075398855035, 11.97796030334479, 11.98184686901141, 11.985732760668933, 11.989616050291191, 11.993495376282286, 11.997369938318876, 12.001239287629105, 12.005102905809764, 12.008960009439702, 12.012809374694092, 12.016648997341571, 12.020476318983457, 12.024288370497358, 12.028081896198106, 12.031853541468795, 12.035599853504756, 12.039317306598956, 12.043002225194023, 12.046650578017996, 12.050257702198792, 12.053818067500853, 12.057325473419247, 12.060773012218462, 12.064153009362066, 12.067457551675014, 12.070679086309456, 12.073810969456066, 12.07684785721203, 12.079786736049122, 12.08262662105252, 12.085368017690259, 12.088012015527102, 12.090559732316413, 12.09301199149411, 12.095369175787798, 12.097631897387378, 12.099800553558161, 12.101875985791873, 12.103859309417725, 12.105752060828742, 12.107556201162836, 12.10927386727039, 12.11090781440577, 12.112460894410539, 12.11393660010734]",50,0.8070350950507991,,0.016820348690707476,0.016820348690679054,12.11393660010734,,0.8075957733404894,,,,189.34962487220764,3547.016430616379,True,3357.6777079105377,0.010881900787353516,0.0,3357.6777079105377,Results/warm_start_cache/complete_graphs_2to12vertices_11instances_AdjacencyList__filehash_1c7be33d/hog_idx000008_26e838c55cf9_noseed_L2_M2_amplified.npz,189.40303683280945,2026-08-21 07:43:59,x86_64,dacsgpu0003,,64,64,3.11.15,1.24,False,False,False,True,9,True,False,False,False,adam,False,hamqaoa,0.001,amplified,2,2,scs,1e-06,100000,False,False,False,hog,False,False,False,False,True,False,True,1,HOG_graphs/Exp5/complete_graphs_2to12vertices_11instances_AdjacencyList.txt,True,Results/warm_start_cache,512,60,0,16,1,1,0,0,5,0,5,11,1,False,_Exp7_AmplifiedWithHeuristic,1,,800301,8,"[(2, 3), (3, 8), (2, 6), (3, 5), (2, 9), (4, 6), (4, 9), (7, 8), (0, 5), (1, 4), (0, 2), (0, 8), (1, 7), (6, 9), (5, 7), (3, 4), (2, 8), (4, 5), (3, 7), (2, 5), (4, 8), (8, 9), (1, 3), (0, 1), (1, 6), (0, 4), (1, 9), (0, 7), (6, 8), (5, 6), (5, 9), (3, 6), (2, 4), (3, 9), (2, 7), (4, 7), (7, 9), (0, 3), (1, 2), (1, 8), (0, 6), (1, 5), (0, 9), (5, 8), (6, 7)]","[1.0, 1.0, 1.0, 1.0, 1.0, 1.0, 1.0, 1.0, 1.0, 1.0, 1.0, 1.0, 1.0, 1.0, 1.0, 1.0, 1.0, 1.0, 1.0, 1.0, 1.0, 1.0, 1.0, 1.0, 1.0, 1.0, 1.0, 1.0, 1.0, 1.0, 1.0, 1.0, 1.0, 1.0, 1.0, 1.0, 1.0, 1.0, 1.0, 1.0, 1.0, 1.0, 1.0, 1.0, 1.0]"
82044a74,10,45,5,50.0,False,True,"[1, 1, 1]",,29.999999997262744,14.999999998631372,12.105526425762005,9.736325465308427,12.105526425762001,12.105526425761987,12.105526425761981,"[11.834632133672326, 11.840352612824468, 11.84592005483102, 11.851327249225715, 11.856571014519625, 11.86165264302474, 11.866579010840653, 11.871361550757142, 11.876012184942661, 11.880539601129632, 11.884948391210548, 11.889240019881825, 11.893414787057507, 11.897472714427968, 11.901414255421068, 11.90524080177634, 11.908954707254095, 11.912559256860012, 11.916058741018372, 11.919458319402128, 11.922763512971509, 11.925979789384906, 11.929112133647353, 11.932164861088207, 11.935140973452626, 11.938042199490779, 11.940868590691274, 11.94361851180223, 11.946289771182991, 11.948879760225774, 11.951386516763767, 11.953809178538375, 11.956149002766667, 11.958408707326694, 11.960592275790109, 11.96270319880183, 11.964744536409805, 11.966718416853876, 11.968626608441626, 11.970470737572786, 11.972252509043312, 11.9739740520187, 11.975637578038349, 11.977245489546728, 11.978800555132596, 11.980305550412314, 11.981763417957934, 11.983177000926872, 11.984548976282573, 11.98588175474091, 11.987177592965763]",50,0.8070350950507991,,-1.0658141036401503e-14,-3.907985046680551e-14,12.105526425761981,,0.8070350950507987,,,,207.21311283111572,3564.86451792717,True,3357.6777079105377,0.02628469467163086,0.0,3357.6777079105377,Results/warm_start_cache/complete_graphs_2to12vertices_11instances_AdjacencyList__filehash_1c7be33d/hog_idx000008_26e838c55cf9_noseed_L2_M2_amplified.npz,207.2495219707489,2026-08-21 07:44:17,x86_64,dacsgpu0003,,64,64,3.11.15,1.48,False,False,False,True,9,True,False,False,False,adam,False,hamqaoa,0.001,amplified,2,2,scs,1e-06,100000,False,False,False,hog,False,False,False,False,True,False,True,1,HOG_graphs/Exp5/complete_graphs_2to12vertices_11instances_AdjacencyList.txt,True,Results/warm_start_cache,512,60,0,16,1,1,0,0,5,0,5,11,1,False,_Exp7_AmplifiedWithHeuristic,1,,800401,8,"[(2, 3), (3, 8), (2, 6), (3, 5), (2, 9), (4, 6), (4, 9), (7, 8), (0, 5), (1, 4), (0, 2), (0, 8), (1, 7), (6, 9), (5, 7), (3, 4), (2, 8), (4, 5), (3, 7), (2, 5), (4, 8), (8, 9), (1, 3), (0, 1), (1, 6), (0, 4), (1, 9), (0, 7), (6, 8), (5, 6), (5, 9), (3, 6), (2, 4), (3, 9), (2, 7), (4, 7), (7, 9), (0, 3), (1, 2), (1, 8), (0, 6), (1, 5), (0, 9), (5, 8), (6, 7)]","[1.0, 1.0, 1.0, 1.0, 1.0, 1.0, 1.0, 1.0, 1.0, 1.0, 1.0, 1.0, 1.0, 1.0, 1.0, 1.0, 1.0, 1.0, 1.0, 1.0, 1.0, 1.0, 1.0, 1.0, 1.0, 1.0, 1.0, 1.0, 1.0, 1.0, 1.0, 1.0, 1.0, 1.0, 1.0, 1.0, 1.0, 1.0, 1.0, 1.0, 1.0, 1.0, 1.0, 1.0, 1.0]"
2b24d2f3,11,55,2,50.0,False,True,"[1, 1, 1]",,35.750000004199464,17.875000002099732,15.000928855574664,11.692815958633426,15.000928855574664,15.000928855574662,15.000928855574648,"[14.041144085996548, 14.043798747400121, 14.046483066412765, 14.04919714878078, 14.051941210098171, 14.054715158474435, 14.057519152758447, 14.060353107095029, 14.063217070644809, 14.066111033546767, 14.069034789497747, 14.071988049835936, 14.074970729812755, 14.077982535907866, 14.081023194775318, 14.084092214916108, 14.087189202481992, 14.090313565362464, 14.093464706854789, 14.096642048840392, 14.099844714100085, 14.103071888128328, 14.106322789437472, 14.109596542132998, 14.112892232395987, 14.116208826245625, 14.119545388910254, 14.122900821738959, 14.126273986242161, 14.129663920687918, 14.133069550463336, 14.136489953807484, 14.139924047619013, 14.143370897167692, 14.146829736766676, 14.150300016646884, 14.15378111195999, 14.157272611054534, 14.160774169783737, 14.16428574930843, 14.167807385739392, 14.171339169925481, 14.174881575975814, 14.178435112425595, 14.182000462965696, 14.185578339467957, 14.18916948733687, 14.192774696356556, 14.196394694439219, 14.200030242559096, 14.203681816747315]",50,0.8571959346042664,,-2.842170943040401e-14,-3.197442310920451e-14,15.000928855574648,,0.8571959346042656,,,,656.9432170391083,8114.0359897613525,True,7457.102283716202,0.00949859619140625,0.0,7457.102283716202,Results/warm_start_cache/complete_graphs_2to12vertices_11instances_AdjacencyList__filehash_1c7be33d/hog_idx000009_afe693201b6b_noseed_L2_M2_amplified.npz,656.9497120380402,2026-08-21 07:44:28,x86_64,dacsgpu0003,,64,64,3.11.15,2.02,False,False,False,True,10,True,False,False,True,adam,False,hamqaoa,0.001,amplified,2,2,scs,1e-06,100000,False,False,False,hog,False,False,False,False,True,False,True,1,HOG_graphs/Exp5/complete_graphs_2to12vertices_11instances_AdjacencyList.txt,True,Results/warm_start_cache,512,60,0,16,1,1,0,0,5,0,5,11,1,False,_Exp7_AmplifiedWithHeuristic,1,,900101,9,"[(2, 3), (3, 8), (2, 6), (3, 5), (2, 9), (4, 6), (4, 9), (7, 8), (0, 5), (8, 10), (1, 4), (1, 10), (0, 2), (0, 8), (1, 7), (5, 10), (6, 9), (5, 7), (3, 4), (2, 8), (4, 5), (3, 7), (2, 5), (4, 8), (3, 10), (7, 10), (8, 9), (1, 3), (0, 1), (9, 10), (1, 6), (0, 4), (0, 10), (1, 9), (0, 7), (6, 8), (5, 6), (5, 9), (3, 6), (2, 4), (2, 10), (3, 9), (2, 7), (4, 10), (4, 7), (7, 9), (0, 3), (1, 2), (1, 8), (0, 6), (1, 5), (0, 9), (6, 10), (5, 8), (6, 7)]","[1.0, 1.0, 1.0, 1.0, 1.0, 1.0, 1.0, 1.0, 1.0, 1.0, 1.0, 1.0, 1.0, 1.0, 1.0, 1.0, 1.0, 1.0, 1.0, 1.0, 1.0, 1.0, 1.0, 1.0, 1.0, 1.0, 1.0, 1.0, 1.0, 1.0, 1.0, 1.0, 1.0, 1.0, 1.0, 1.0, 1.0, 1.0, 1.0, 1.0, 1.0, 1.0, 1.0, 1.0, 1.0, 1.0, 1.0, 1.0, 1.0, 1.0, 1.0, 1.0, 1.0, 1.0, 1.0]"
d50ae81f,11,55,3,50.0,False,True,"[1, 1, 1]",,35.750000004199464,17.875000002099732,15.000928855574664,11.692815958633426,15.000928855574664,15.000928855574662,15.000928855574648,"[14.995552743977804, 14.996476131047546, 14.997338134481963, 14.998139255508855, 14.99888045008793, 14.999562820359854, 15.00018787377349, 15.000758091660368, 15.001276276067951, 15.001745546110874, 15.002169737110629, 15.00255283528153, 15.002898993379462, 15.003212369691875, 15.00349694666512, 15.003756365271078, 15.003993885229704, 15.004212490624392, 15.004414770050651, 15.004602965972087, 15.004778938809102, 15.00494422792155, 15.00509998800579, 15.005247231187301, 15.00538657341405, 15.005518583254238, 15.005643490388154, 15.005761457289056, 15.005872555052091, 15.005976732501654, 15.006074007532625, 15.006164502676157, 15.006248392753681, 15.0063258760034, 15.00639727224593, 15.00646291575659, 15.006523389162972, 15.006579235939437, 15.006630999702665, 15.006679318840968, 15.006724852639351, 15.006768156377683, 15.006809778774628, 15.006850224550059, 15.00688998808327, 15.006929321250386, 15.006968499902623, 15.00700783173607, 15.007047373436858, 15.007087247473754, 15.00712746889768]",50,0.8571959346042664,,0.01239722664603704,0.012397226646033488,15.00712746889768,,0.8575501410798675,,,,675.8988862037659,8132.991433143616,True,7457.102283716202,0.009724617004394531,0.0,7457.102283716202,Results/warm_start_cache/complete_graphs_2to12vertices_11instances_AdjacencyList__filehash_1c7be33d/hog_idx000009_afe693201b6b_noseed_L2_M2_amplified.npz,675.9049115180969,2026-08-21 07:44:47,x86_64,dacsgpu0003,,64,64,3.11.15,2.91,False,False,False,True,10,True,False,False,True,adam,False,hamqaoa,0.001,amplified,2,2,scs,1e-06,100000,False,False,False,hog,False,False,False,False,True,False,True,1,HOG_graphs/Exp5/complete_graphs_2to12vertices_11instances_AdjacencyList.txt,True,Results/warm_start_cache,512,60,0,16,1,1,0,0,5,0,5,11,1,False,_Exp7_AmplifiedWithHeuristic,1,,900201,9,"[(2, 3), (3, 8), (2, 6), (3, 5), (2, 9), (4, 6), (4, 9), (7, 8), (0, 5), (8, 10), (1, 4), (1, 10), (0, 2), (0, 8), (1, 7), (5, 10), (6, 9), (5, 7), (3, 4), (2, 8), (4, 5), (3, 7), (2, 5), (4, 8), (3, 10), (7, 10), (8, 9), (1, 3), (0, 1), (9, 10), (1, 6), (0, 4), (0, 10), (1, 9), (0, 7), (6, 8), (5, 6), (5, 9), (3, 6), (2, 4), (2, 10), (3, 9), (2, 7), (4, 10), (4, 7), (7, 9), (0, 3), (1, 2), (1, 8), (0, 6), (1, 5), (0, 9), (6, 10), (5, 8), (6, 7)]","[1.0, 1.0, 1.0, 1.0, 1.0, 1.0, 1.0, 1.0, 1.0, 1.0, 1.0, 1.0, 1.0, 1.0, 1.0, 1.0, 1.0, 1.0, 1.0, 1.0, 1.0, 1.0, 1.0, 1.0, 1.0, 1.0, 1.0, 1.0, 1.0, 1.0, 1.0, 1.0, 1.0, 1.0, 1.0, 1.0, 1.0, 1.0, 1.0, 1.0, 1.0, 1.0, 1.0, 1.0, 1.0, 1.0, 1.0, 1.0, 1.0, 1.0, 1.0, 1.0, 1.0, 1.0, 1.0]"
b41de2d6,11,55,4,50.0,False,True,"[1, 1, 1]",,35.750000004199464,17.875000002099732,15.000928855574664,11.692815958633426,15.000928855574664,15.000928855574662,15.000928855574648,"[14.621245236110367, 14.629400919785184, 14.637516593446675, 14.645587650537747, 14.653610008615882, 14.66158073595856, 14.669498967683392, 14.677366142145349, 14.68518422943736, 14.692952736029417, 14.70066904614727, 14.708329482733125, 14.715929663175265, 14.723464691562382, 14.730929368317343, 14.73831801989891, 14.74562453637449, 14.752842418053351, 14.75996494838466, 14.766984855251897, 14.773894777094128, 14.780686775543701, 14.787352862239741, 14.793884880426175, 14.800274509660685, 14.806513802264337, 14.812595023898751, 14.818510611772808, 14.824253707030858, 14.829818086932331, 14.83519861757487, 14.840391008681248, 14.845391727646854, 14.850198965424905, 14.854811717297197, 14.859230339009638, 14.863456450734079, 14.86749282830093, 14.871343233846359, 14.875012830254182, 14.87850767735218, 14.881834566233481, 14.885000975071005, 14.888014980585226, 14.890884993723724, 14.893619570268019, 14.896227448409972, 14.898717202278215, 14.901097359161096, 14.903376144799838, 14.905561374756706]",50,0.8571959346042664,,-2.842170943040401e-14,-3.197442310920451e-14,15.000928855574648,,0.8571959346042656,,,,685.3533434867859,8142.425765037537,True,7457.102283716202,0.02985072135925293,0.0,7457.102283716202,Results/warm_start_cache/complete_graphs_2to12vertices_11instances_AdjacencyList__filehash_1c7be33d/hog_idx000009_afe693201b6b_noseed_L2_M2_amplified.npz,685.3768095970154,2026-08-21 07:45:03,x86_64,dacsgpu0003,,64,64,3.11.15,3.8,False,False,False,True,10,True,False,False,True,adam,False,hamqaoa,0.001,amplified,2,2,scs,1e-06,100000,False,False,False,hog,False,False,False,False,True,False,True,1,HOG_graphs/Exp5/complete_graphs_2to12vertices_11instances_AdjacencyList.txt,True,Results/warm_start_cache,512,60,0,16,1,1,0,0,5,0,5,11,1,False,_Exp7_AmplifiedWithHeuristic,1,,900301,9,"[(2, 3), (3, 8), (2, 6), (3, 5), (2, 9), (4, 6), (4, 9), (7, 8), (0, 5), (8, 10), (1, 4), (1, 10), (0, 2), (0, 8), (1, 7), (5, 10), (6, 9), (5, 7), (3, 4), (2, 8), (4, 5), (3, 7), (2, 5), (4, 8), (3, 10), (7, 10), (8, 9), (1, 3), (0, 1), (9, 10), (1, 6), (0, 4), (0, 10), (1, 9), (0, 7), (6, 8), (5, 6), (5, 9), (3, 6), (2, 4), (2, 10), (3, 9), (2, 7), (4, 10), (4, 7), (7, 9), (0, 3), (1, 2), (1, 8), (0, 6), (1, 5), (0, 9), (6, 10), (5, 8), (6, 7)]","[1.0, 1.0, 1.0, 1.0, 1.0, 1.0, 1.0, 1.0, 1.0, 1.0, 1.0, 1.0, 1.0, 1.0, 1.0, 1.0, 1.0, 1.0, 1.0, 1.0, 1.0, 1.0, 1.0, 1.0, 1.0, 1.0, 1.0, 1.0, 1.0, 1.0, 1.0, 1.0, 1.0, 1.0, 1.0, 1.0, 1.0, 1.0, 1.0, 1.0, 1.0, 1.0, 1.0, 1.0, 1.0, 1.0, 1.0, 1.0, 1.0, 1.0, 1.0, 1.0, 1.0, 1.0, 1.0]"
7770d052,11,55,5,50.0,False,True,"[1, 1, 1]",,35.750000004199464,17.875000002099732,15.000928855574664,11.692815958633426,15.000928855574664,15.000928855574662,15.000928855574648,"[14.575088027060447, 14.582664299852024, 14.590227673571395, 14.597773550003742, 14.605297125887526, 14.61279373281686, 14.620259021692934, 14.627688430851094, 14.635077621167351, 14.642422301178359, 14.649718145963151, 14.656960772631313, 14.664145897217516, 14.671269196828845, 14.678326522871705, 14.685313429550279, 14.692225687131785, 14.699059183152034, 14.70580980543216, 14.712473248310719, 14.719045446577784, 14.725522270677969, 14.73189937722755, 14.738172922390945, 14.744339099604376, 14.750394104068018, 14.75633445853182, 14.762156611401654, 14.767857440369047, 14.773433726636098, 14.778883035263904, 14.784202932861392, 14.789391559860809, 14.794447481086449, 14.799369726826997, 14.804157968100952, 14.808812294099711, 14.813333341295321, 14.817722363580916, 14.82198144735243, 14.82611283568036, 14.830119643110159, 14.834005534789126, 14.837774272814565, 14.841430355681432, 14.844978418148198, 14.848423563570513, 14.851770880467148, 14.855025608383363, 14.858193061863313, 14.86127833077622]",50,0.8571959346042664,,-2.842170943040401e-14,-3.197442310920451e-14,15.000928855574648,,0.8571959346042656,,,,705.7959113121033,8162.882007598877,True,7457.102283716202,0.01617431640625,0.0,7457.102283716202,Results/warm_start_cache/complete_graphs_2to12vertices_11instances_AdjacencyList__filehash_1c7be33d/hog_idx000009_afe693201b6b_noseed_L2_M2_amplified.npz,705.8210849761963,2026-08-21 07:45:25,x86_64,dacsgpu0003,,64,64,3.11.15,4.7,False,False,False,True,10,True,False,False,True,adam,False,hamqaoa,0.001,amplified,2,2,scs,1e-06,100000,False,False,False,hog,False,False,False,False,True,False,True,1,HOG_graphs/Exp5/complete_graphs_2to12vertices_11instances_AdjacencyList.txt,True,Results/warm_start_cache,512,60,0,16,1,1,0,0,5,0,5,11,1,False,_Exp7_AmplifiedWithHeuristic,1,,900401,9,"[(2, 3), (3, 8), (2, 6), (3, 5), (2, 9), (4, 6), (4, 9), (7, 8), (0, 5), (8, 10), (1, 4), (1, 10), (0, 2), (0, 8), (1, 7), (5, 10), (6, 9), (5, 7), (3, 4), (2, 8), (4, 5), (3, 7), (2, 5), (4, 8), (3, 10), (7, 10), (8, 9), (1, 3), (0, 1), (9, 10), (1, 6), (0, 4), (0, 10), (1, 9), (0, 7), (6, 8), (5, 6), (5, 9), (3, 6), (2, 4), (2, 10), (3, 9), (2, 7), (4, 10), (4, 7), (7, 9), (0, 3), (1, 2), (1, 8), (0, 6), (1, 5), (0, 9), (6, 10), (5, 8), (6, 7)]","[1.0, 1.0, 1.0, 1.0, 1.0, 1.0, 1.0, 1.0, 1.0, 1.0, 1.0, 1.0, 1.0, 1.0, 1.0, 1.0, 1.0, 1.0, 1.0, 1.0, 1.0, 1.0, 1.0, 1.0, 1.0, 1.0, 1.0, 1.0, 1.0, 1.0, 1.0, 1.0, 1.0, 1.0, 1.0, 1.0, 1.0, 1.0, 1.0, 1.0, 1.0, 1.0, 1.0, 1.0, 1.0, 1.0, 1.0, 1.0, 1.0, 1.0, 1.0, 1.0, 1.0, 1.0, 1.0]"
