run_id,n,m,p,precision/iterations,singlet_injection,warm_start,parameter_vector,optimal_result,sdp_objective_value_step1,sdp_objective_value_king_normalized_step1,algorithm17_actual_energy,algorithm17_lower_bound_energy,initial_ws_energy_prodStates_step2,initial_sdp_statevector_energy,initial_qaoa_input_energy_normalized,adam_initial_point_energy_normalized,adam_energy_history_normalized_json,adam_updates_completed,initial_sdp_statevec_ratio,initial_ws_energy_010101,QAOA_improvement_over_SDP_statevectorEnergy,QAOA_improvement_over_SDP_prodStatesEnergy,result,result_010101,approx_ratio,approx_ratio_010101,diff. approx. ratio,sdp ws greater,duration_seconds,duration_seconds_excluding_warm_start_cache_io,warm_start_cache_used,warm_start_compute_time_seconds,warm_start_load_time_seconds,warm_start_save_time_seconds,warm_start_effective_time_seconds,warm_start_cache_path,full duration_seconds,finished_at,processor,hostname,total_ram_gb,physical_cores,logical_cores,python_version,peak_ram_mb,Instance_is_triangle_free,Instance_is_3_regular,Instance_is_bipartite,Instance_is_regular,Regular_degree,Instance_is_claw_free,Instance_is_twin_free,Instance_is_planar,Instance_is_eulerian,optimiser,optimiser_use_heuristic,circuit_type,learning_rate_adam,warm_start_mode,lasserre_level,initial_solver_level_M,sdp_seed,sdp_solver_mode,sdp_scs_eps,sdp_scs_max_iters,compare_with_010101,init_QAOAparams_close_to_zero,use_correlations_as_initial_params,graph_generation_type,weighted,easiest_first,debug,save_circuit_svg,rerun_exclude_finished_instances,warm_start_cache_producer_only,qaoa_only_from_existing_warm_start_cache,num_repeats,relative_graph_adjList_path,persistent_warm_start_cache,warm_start_cache_dir,warm_start_cache_max_file_mb,warm_start_cache_max_total_gb,sdp_max_parallel,qaoa_max_parallel,sdp_threads,qaoa_threads,sdp_memory_limit_total_gb,sdp_memory_limit_single_gb,sdp_memory_poll_seconds,sdp_max_retries,queue_poll_interval_seconds,max_graph_vertices,qaoa_seed,initialise_standard_warm_start_with_zero_angles,result_name_suffix,benchmark_repeat_idx,sdp_seed,qaoa_seed_used,hog_graph_index,edges,weights
0dae1baa,6,10,1,75.0,False,True,"[1, 1, 1]",5.534892069402528,7.067537075065711,7.067537075065711,,,3.921852748178604,3.9218527481786034,3.9218527481786034,3.9218527481786034,"[3.9218527481786034, 3.902828732268102, 3.9228124456209836, 3.9214126564702427, 3.9145157572266798, 3.9170229153525753, 3.9223018981763516, 3.923876463787761, 3.9217252076226785, 3.9195268481673855, 3.9198005659186923, 3.9218359511503276, 3.9236035483691065, 3.9239107312303285, 3.9230041585534248, 3.9220367206242877, 3.921933973424555, 3.922645520597404, 3.923480503933256, 3.9238849637022466, 3.9237978471636805, 3.923476910545273, 3.9231972070849013, 3.9231087634578086, 3.923239115570494, 3.9235273576296623, 3.923853000081353, 3.9240892641102976, 3.924175806107113, 3.9241528572038358, 3.924122428122945, 3.924172328779642, 3.9243305542094773, 3.92457323139995, 3.9248598886859676, 3.925150940369516, 3.9254217215639713, 3.925686438319444, 3.9259938123622695, 3.926377803628802, 3.926846678920873, 3.927410103977558, 3.928052689319414, 3.92872549566425, 3.92938924190278, 3.9299998847706523, 3.930516522358472, 3.930945536762845, 3.9312932763619144, 3.931545878565391, 3.9316866784311455, 3.9316899089213235, 3.931561782353024, 3.9313507176261613, 3.9311248584400094, 3.93096044376437, 3.930898483787083, 3.93093321494032, 3.931041149760995, 3.9311908544249743, 3.931354702913692, 3.9315162724087513, 3.9316567790947166, 3.9317599428196197, 3.931811814239281, 3.9318058205376247, 3.9317563631984203, 3.9316899876326836, 3.931637563016114, 3.931616320605584, 3.931622015053289, 3.9316404367769184, 3.931656417907599, 3.9316674757147547, 3.931678802253145, 3.9316980643806283]",75,0.7085689655736961,,0.00984531620202489,0.009845316202024446,3.9316980643806283,,0.7103477385070385,,,,3.2990260124206543,3.431182861328125,True,0.13504385948181152,0.0028722286224365234,0.0,0.13504385948181152,Results/warm_start_cache/list_193_graphs_adjacency_listhog_v04-12_planar_clawFree__filehash_62ae5075/hog_idx000129_3e2a5bd0e731_seed42_L1_M1_amplified.npz,3.3189210891723633,2026-08-27 08:52:19,x86_64,dacsgpu0002,,64,64,3.11.15,0.22,False,False,False,False,,True,True,True,False,adam,False,hamqaoa,0.05,standard,1,1,42,scs,1e-06,100000,False,False,False,hog,False,False,False,False,False,False,True,1,HOG_graphs/Exp5/list_193_graphs_adjacency_listhog_v04-12_planar_clawFree.txt,True,Results/warm_start_cache,512,60,0,16,1,1,0,0,5,0,5,10,42,True,_Exp8_standardZeroAngles,1,42,42,129,"[(1, 3), (0, 1), (0, 4), (3, 5), (3, 4), (1, 5), (4, 5), (2, 5), (0, 2), (2, 4)]","[1.0, 1.0, 1.0, 1.0, 1.0, 1.0, 1.0, 1.0, 1.0, 1.0]"
332d3b04,8,12,1,75.0,False,True,"[1, 1, 1]",6.000000000000033,7.499999907899415,7.499999907899415,,,4.226204314325332,4.226204314325334,4.226204314325334,4.226204314325334,"[4.226204314325334, 4.234886410096133, 4.236002639352267, 4.242916193190061, 4.242065175576704, 4.242358205307122, 4.245578598869304, 4.247970724645973, 4.249282371955979, 4.252464710020976, 4.258958567294069, 4.267087768612854, 4.275919195074229, 4.288065354633251, 4.30617770480753, 4.328640803141308, 4.3497959217878295, 4.362423355600211, 4.362578098951975, 4.353077517253513, 4.342514740401418, 4.339480512104486, 4.344413014819562, 4.352178248109798, 4.3574486244909645, 4.358184581645201, 4.3569698349176855, 4.3573744608473115, 4.359875904540081, 4.362601027154372, 4.3639944564109, 4.363702928036246, 4.3620846541718, 4.360152170587438, 4.359467739622361, 4.360952604851957, 4.3638269912520515, 4.36635615992969, 4.367463536628662, 4.367195829653168, 4.366086273265428, 4.364801249998428, 4.364078489888076, 4.364300410424546, 4.365166694236228, 4.366074773394713, 4.3666860732392765, 4.366975583969101, 4.3670038879842075, 4.366900137437343, 4.366851661816034, 4.3669053799255435, 4.366931937525165, 4.366858319446461, 4.3667789287015, 4.366809906022695, 4.36698025652765, 4.367252415305345, 4.3675243794746486, 4.367643569543965, 4.367537809637369, 4.367317102462941, 4.367171046975595, 4.36719391084466, 4.367346536276619, 4.367523359157475, 4.367623449075599, 4.367613981311018, 4.367550986376694, 4.367511305600406, 4.3675157070092645, 4.367538193877622, 4.367556325781995, 4.36756559892616, 4.367573517713551, 4.36759508408768]",75,0.7043673857208851,,0.14139076976234577,0.14139076976234755,4.36759508408768,,0.7279325140146092,,,,5.618445634841919,5.78779411315918,True,0.17041349411010742,0.001049041748046875,0.0,0.17041349411010742,Results/warm_start_cache/list_193_graphs_adjacency_listhog_v04-12_planar_clawFree__filehash_62ae5075/hog_idx000138_c18c72ca6cfb_seed42_L1_M1_amplified.npz,5.632256984710693,2026-08-27 08:52:21,x86_64,dacsgpu0002,,64,64,3.11.15,0.24,False,False,False,False,,True,True,True,True,adam,False,hamqaoa,0.05,standard,1,1,42,scs,1e-06,100000,False,False,False,hog,False,False,False,False,False,False,True,1,HOG_graphs/Exp5/list_193_graphs_adjacency_listhog_v04-12_planar_clawFree.txt,True,Results/warm_start_cache,512,60,0,16,1,1,0,0,5,0,5,10,42,True,_Exp8_standardZeroAngles,1,42,42,138,"[(2, 7), (1, 6), (0, 4), (5, 7), (4, 6), (4, 5), (3, 7), (2, 5), (0, 5), (1, 4), (3, 6), (6, 7)]","[1.0, 1.0, 1.0, 1.0, 1.0, 1.0, 1.0, 1.0, 1.0, 1.0, 1.0, 1.0]"
c0336bae,8,9,1,75.0,False,True,"[1, 1, 1]",5.383497565249779,6.749999998384086,6.749999998384086,,,3.5986401885599086,3.598640188559908,3.598640188559908,3.598640188559908,"[3.598640188559908, 3.5864371611510366, 3.600421881685965, 3.6005823649555064, 3.595788225812323, 3.5949987525430824, 3.5977506436291566, 3.6009764350301903, 3.6017800244254166, 3.599939577948558, 3.598738047089163, 3.599759495571814, 3.601243207181142, 3.601741184799525, 3.601432745351245, 3.600982003846509, 3.600776473133565, 3.600994772852424, 3.6016987116569394, 3.60276514969208, 3.603955121128932, 3.6053275253308845, 3.6077540105856962, 3.6129233693271217, 3.6230660052572965, 3.640956103565967, 3.6683193673532046, 3.700419761985361, 3.721009916738541, 3.7155313981320965, 3.709209066898599, 3.7199587503547242, 3.7368867270972057, 3.7469350663002943, 3.743980415431862, 3.7328622461070315, 3.726485882756684, 3.7291153153600716, 3.7352133547458206, 3.7393416081268587, 3.7401239479924597, 3.737968263605237, 3.734130792164977, 3.7324804974304175, 3.735639289084649, 3.7407454334461154, 3.743535203276327, 3.7429490220415986, 3.741236465709929, 3.7408497372035323, 3.7423725677132693, 3.7448146289314383, 3.7466990622779637, 3.7471572240640767, 3.7464751648190573, 3.7456138705439233, 3.7453286836009503, 3.7457579011455664, 3.746471202117838, 3.746754954813621, 3.7462777109654164, 3.745548979433934, 3.7453663809655473, 3.7459045537741686, 3.7466325408678416, 3.7470214660985386, 3.747035517021189, 3.746937087267454, 3.7469455282550985, 3.7471550830349614, 3.747482191300953, 3.747669031786549, 3.7475543418381942, 3.7472946311248347, 3.74718415409065, 3.7473041575062367]",75,0.6684576606459265,,0.1486639689463285,0.14866396894632805,3.7473041575062367,,0.6960724161361022,,,,5.93266749382019,6.12419319152832,True,0.19311881065368652,0.0015802383422851562,0.0,0.19311881065368652,Results/warm_start_cache/list_193_graphs_adjacency_listhog_v04-12_planar_clawFree__filehash_62ae5075/hog_idx000099_8e9fbd598064_seed42_L1_M1_amplified.npz,5.945016145706177,2026-08-27 08:52:21,x86_64,dacsgpu0002,,64,64,3.11.15,0.24,False,False,False,False,,True,False,True,False,adam,False,hamqaoa,0.05,standard,1,1,42,scs,1e-06,100000,False,False,False,hog,False,False,False,False,False,False,True,1,HOG_graphs/Exp5/list_193_graphs_adjacency_listhog_v04-12_planar_clawFree.txt,True,Results/warm_start_cache,512,60,0,16,1,1,0,0,5,0,5,10,42,True,_Exp8_standardZeroAngles,1,42,42,99,"[(0, 1), (4, 7), (2, 6), (5, 6), (3, 4), (1, 5), (3, 7), (2, 5), (6, 7)]","[1.0, 1.0, 1.0, 1.0, 1.0, 1.0, 1.0, 1.0, 1.0]"
45a97fe0,8,14,1,75.0,False,True,"[1, 1, 1]",7.0,7.9999999942918985,7.9999999942918985,,,4.835612158541289,4.835612158541288,4.835612158541288,4.835612158541288,"[4.835612158541288, 4.822115731339425, 4.830323493297784, 4.83367948488581, 4.834487474473965, 4.829787738440572, 4.831700151850841, 4.835884725744871, 4.837420498519975, 4.837997111857759, 4.838780235497493, 4.838371730211852, 4.838161793328833, 4.840003685148757, 4.84223682215059, 4.84344198602184, 4.844524487034916, 4.845785207138897, 4.846483001245121, 4.847136916090772, 4.848509963750828, 4.8500686881720565, 4.851205358678592, 4.851960428167066, 4.852104907141035, 4.851323656358522, 4.850207731191399, 4.849555678713138, 4.849395231590135, 4.849662540084351, 4.850471932758148, 4.851367839024106, 4.851761361620257, 4.851827904480136, 4.851881374429627, 4.851763483672831, 4.8515377215646005, 4.851538609482717, 4.851634813000518, 4.8516080028570485, 4.851609983979717, 4.851640844209712, 4.851590564846879, 4.851632725885166, 4.851807588684626, 4.8519508013919, 4.852084220200852, 4.852197972837638, 4.852180896725521, 4.852111877197703, 4.8520647774401064, 4.851994487291921, 4.851959285189942, 4.851992793152832, 4.85202432354005, 4.852067928913428, 4.852130135327997, 4.852155169710258, 4.852169351452055, 4.852185369265601, 4.852175041322431, 4.852169326812417, 4.852165049603505, 4.852146184599158, 4.852141573393039, 4.852141675780091, 4.8521456583630735, 4.8521679892103515, 4.852185685705085, 4.852198875871604, 4.852208056282644, 4.852201375316478, 4.852194647287647, 4.85218849163913, 4.852183453678258, 4.852187285382093]",75,0.6908017369344697,,0.016575126840804977,0.01657512684080409,4.852187285382093,,0.6931696121974419,,,,6.149595737457275,6.336548566818237,True,0.18840456008911133,0.0014238357543945312,0.0,0.18840456008911133,Results/warm_start_cache/list_193_graphs_adjacency_listhog_v04-12_planar_clawFree__filehash_62ae5075/hog_idx000181_8a5224427b04_seed42_L1_M1_amplified.npz,6.162526369094849,2026-08-27 08:52:21,x86_64,dacsgpu0002,,64,64,3.11.15,0.24,False,False,False,False,,True,False,True,False,adam,False,hamqaoa,0.05,standard,1,1,42,scs,1e-06,100000,False,False,False,hog,False,False,False,False,False,False,True,1,HOG_graphs/Exp5/list_193_graphs_adjacency_listhog_v04-12_planar_clawFree.txt,True,Results/warm_start_cache,512,60,0,16,1,1,0,0,5,0,5,10,42,True,_Exp8_standardZeroAngles,1,42,42,181,"[(2, 7), (0, 1), (2, 3), (0, 4), (2, 6), (5, 7), (4, 6), (1, 5), (4, 5), (3, 7), (0, 5), (1, 4), (3, 6), (6, 7)]","[1.0, 1.0, 1.0, 1.0, 1.0, 1.0, 1.0, 1.0, 1.0, 1.0, 1.0, 1.0, 1.0, 1.0]"
a6030bd5,6,10,2,75.0,False,True,"[1, 1, 1]",5.534892069402528,7.067537075065711,7.067537075065711,,,3.921852748178604,3.9218527481786034,3.9218527481786034,3.9218527481786034,"[3.9218527481786034, 3.7950873070444437, 3.9174790718268366, 3.901728875462997, 3.8666815419358618, 3.8775303500502103, 3.9057108902689173, 3.9222059614573035, 3.9209931759452816, 3.9124156510105994, 3.907034522226351, 3.9077202186242452, 3.911600751255458, 3.9151878734156673, 3.917357491750906, 3.9191711762343644, 3.9215217069587007, 3.923107254695368, 3.922026697804391, 3.9191082279416984, 3.9175782111069584, 3.918907428797844, 3.921240666354378, 3.922532213371813, 3.923087181573926, 3.923871650196643, 3.924244505620035, 3.923264673059585, 3.921887889038715, 3.921733364976233, 3.9226242336821597, 3.92336222144181, 3.9238495466640972, 3.9245790824044193, 3.9250720940098502, 3.924732000456417, 3.9242337082878107, 3.9244645040783994, 3.925219706819986, 3.9261333808149548, 3.927544919566173, 3.9296352473734246, 3.9322288021993463, 3.936006725936221, 3.942770704289859, 3.9549205714904168, 3.9758523362859153, 4.010062640583554, 4.062094978126659, 4.134419066367235, 4.214865940210904, 4.284407053064748, 4.349578268647316, 4.391071032144986, 4.3959098679259, 4.387554898861657, 4.397025600422425, 4.4202871768209855, 4.440361550383119, 4.455465753248792, 4.463623419506347, 4.457252404627802, 4.440100095155303, 4.42287619298805, 4.415219429065953, 4.421106499738884, 4.436245429015215, 4.453747630737693, 4.4674613231976705, 4.473075362609087, 4.472340534837825, 4.4703545753589715, 4.471155428130903, 4.47534890709721, 4.480009792482478, 4.4827418260847205]",75,0.7085689655736961,,0.5608890779061171,0.5608890779061166,4.4827418260847205,,0.809905915034151,,,,6.408732891082764,6.542448997497559,True,0.13504385948181152,0.0013115406036376953,0.0,0.13504385948181152,Results/warm_start_cache/list_193_graphs_adjacency_listhog_v04-12_planar_clawFree__filehash_62ae5075/hog_idx000129_3e2a5bd0e731_seed42_L1_M1_amplified.npz,6.428970575332642,2026-08-27 08:52:22,x86_64,dacsgpu0002,,64,64,3.11.15,0.23,False,False,False,False,,True,True,True,False,adam,False,hamqaoa,0.05,standard,1,1,42,scs,1e-06,100000,False,False,False,hog,False,False,False,False,False,False,True,1,HOG_graphs/Exp5/list_193_graphs_adjacency_listhog_v04-12_planar_clawFree.txt,True,Results/warm_start_cache,512,60,0,16,1,1,0,0,5,0,5,10,42,True,_Exp8_standardZeroAngles,1,42,42,129,"[(1, 3), (0, 1), (0, 4), (3, 5), (3, 4), (1, 5), (4, 5), (2, 5), (0, 2), (2, 4)]","[1.0, 1.0, 1.0, 1.0, 1.0, 1.0, 1.0, 1.0, 1.0, 1.0]"
af659288,8,12,2,75.0,False,True,"[1, 1, 1]",6.000000000000033,7.499999907899415,7.499999907899415,,,4.226204314325332,4.226204314325334,4.226204314325334,4.226204314325334,"[4.226204314325334, 4.158239990139149, 4.231291824048609, 4.235646368113175, 4.207524038403846, 4.216879216495106, 4.240156786121984, 4.2503213702055564, 4.245998692358661, 4.245014114044613, 4.257406650818614, 4.278861225877462, 4.301716025316157, 4.322072104426271, 4.339789375281947, 4.351068338666256, 4.348172154067437, 4.333230625179416, 4.3267814045493465, 4.339845881936969, 4.359377772346732, 4.368678896360784, 4.3649654822919794, 4.356993499302257, 4.352465808228251, 4.3532737813488716, 4.358209392047924, 4.365590414935855, 4.373871894349012, 4.381781134584348, 4.388756728496936, 4.394962590978327, 4.400859568725998, 4.406917520310494, 4.413304410688655, 4.4195826731235455, 4.4250673710817, 4.4292963381549315, 4.431712379735317, 4.431623288743283, 4.429391975623483, 4.427149726258753, 4.427320535125332, 4.430542039202348, 4.4356299733965, 4.4412678024862275, 4.447149301003794, 4.4538646837222355, 4.462465002493321, 4.474095659679029, 4.490042405335747, 4.512211044804727, 4.541913143121377, 4.575682200181202, 4.603137288045819, 4.615461053977246, 4.608614735988271, 4.594398033643063, 4.591241299454897, 4.601905945415035, 4.613781664897773, 4.614460051373026, 4.604546382326655, 4.5938403391283185, 4.5922612611072955, 4.600547203565724, 4.611589003862849, 4.618738202746744, 4.6196259630567065, 4.617063178709722, 4.6168596872402405, 4.621250884957145, 4.626744276419494, 4.629304999872681, 4.628405288343275, 4.625812463599774]",75,0.7043673857208851,,0.39960814927444055,0.3996081492744423,4.625812463599774,,0.7709687439332915,,,,9.80598521232605,9.975240707397461,True,0.17041349411010742,0.0011451244354248047,0.0,0.17041349411010742,Results/warm_start_cache/list_193_graphs_adjacency_listhog_v04-12_planar_clawFree__filehash_62ae5075/hog_idx000138_c18c72ca6cfb_seed42_L1_M1_amplified.npz,9.820138216018677,2026-08-27 08:52:25,x86_64,dacsgpu0002,,64,64,3.11.15,0.25,False,False,False,False,,True,True,True,True,adam,False,hamqaoa,0.05,standard,1,1,42,scs,1e-06,100000,False,False,False,hog,False,False,False,False,False,False,True,1,HOG_graphs/Exp5/list_193_graphs_adjacency_listhog_v04-12_planar_clawFree.txt,True,Results/warm_start_cache,512,60,0,16,1,1,0,0,5,0,5,10,42,True,_Exp8_standardZeroAngles,1,42,42,138,"[(2, 7), (1, 6), (0, 4), (5, 7), (4, 6), (4, 5), (3, 7), (2, 5), (0, 5), (1, 4), (3, 6), (6, 7)]","[1.0, 1.0, 1.0, 1.0, 1.0, 1.0, 1.0, 1.0, 1.0, 1.0, 1.0, 1.0]"
661d586b,8,14,2,75.0,False,True,"[1, 1, 1]",7.0,7.9999999942918985,7.9999999942918985,,,4.835612158541289,4.835612158541288,4.835612158541288,4.835612158541288,"[4.835612158541288, 4.77241104823891, 4.829062583658728, 4.8250584366974225, 4.803266333869173, 4.809522392220938, 4.828559045443482, 4.8376534132875655, 4.831864570021236, 4.8232192918009575, 4.82286334713204, 4.8307539483138076, 4.839121805648035, 4.841697658749305, 4.839139621090373, 4.836484989592938, 4.837438277842881, 4.842098858139495, 4.8481079638029305, 4.852759873308223, 4.854816788694348, 4.855137817342368, 4.855526141335169, 4.857522293446903, 4.863056204123194, 4.875522948034861, 4.899331283867074, 4.941752802603809, 5.013588443716418, 5.115798666823346, 5.2233227339598844, 5.298480208330979, 5.331679703849913, 5.331307458057143, 5.306696921375826, 5.2892631061912265, 5.293123311821795, 5.305468963602188, 5.316095835914533, 5.322289633479645, 5.327490423732006, 5.337642958520141, 5.35443229385795, 5.3722663322530515, 5.380552129356968, 5.374513359802248, 5.363114309095353, 5.357469345706338, 5.359266606301703, 5.366257872661052, 5.3756338133933435, 5.382453945873128, 5.383910257168371, 5.382032767744249, 5.380003900692848, 5.380257112652176, 5.383627364605571, 5.387317111099751, 5.387688472030745, 5.385548895495554, 5.384739808028964, 5.386456281843603, 5.388880156185224, 5.390552240125034, 5.391359283636307, 5.39133397312129, 5.390548552276809, 5.389791463531347, 5.389989171571564, 5.3910906834382635, 5.392117439753331, 5.392314644070235, 5.391999221597909, 5.391958408898301, 5.392367334666578, 5.392891047548095]",75,0.6908017369344697,,0.557278889006807,0.5572788890068061,5.392891047548095,,0.770413006792585,,,,10.796158075332642,10.977433919906616,True,0.18840456008911133,0.00711512565612793,0.0,0.18840456008911133,Results/warm_start_cache/list_193_graphs_adjacency_listhog_v04-12_planar_clawFree__filehash_62ae5075/hog_idx000181_8a5224427b04_seed42_L1_M1_amplified.npz,10.809091329574585,2026-08-27 08:52:26,x86_64,dacsgpu0002,,64,64,3.11.15,0.26,False,False,False,False,,True,False,True,False,adam,False,hamqaoa,0.05,standard,1,1,42,scs,1e-06,100000,False,False,False,hog,False,False,False,False,False,False,True,1,HOG_graphs/Exp5/list_193_graphs_adjacency_listhog_v04-12_planar_clawFree.txt,True,Results/warm_start_cache,512,60,0,16,1,1,0,0,5,0,5,10,42,True,_Exp8_standardZeroAngles,1,42,42,181,"[(2, 7), (0, 1), (2, 3), (0, 4), (2, 6), (5, 7), (4, 6), (1, 5), (4, 5), (3, 7), (0, 5), (1, 4), (3, 6), (6, 7)]","[1.0, 1.0, 1.0, 1.0, 1.0, 1.0, 1.0, 1.0, 1.0, 1.0, 1.0, 1.0, 1.0, 1.0]"
bfdd2cfa,6,10,3,75.0,False,True,"[1, 1, 1]",5.534892069402528,7.067537075065711,7.067537075065711,,,3.921852748178604,3.9218527481786034,3.9218527481786034,3.9218527481786034,"[3.9218527481786034, 3.599175612099616, 3.905989982665205, 3.8699114449137864, 3.7908106175182383, 3.8057224497028623, 3.8666061297691576, 3.9154460104380404, 3.9226147146704644, 3.902502615093604, 3.886646579398327, 3.8879778281783404, 3.8956109522414275, 3.8968724022157843, 3.896236824615685, 3.9040336547900187, 3.9171466653007316, 3.9239581413528857, 3.921487838199683, 3.9187310400907713, 3.9219469256404933, 3.9271574645110414, 3.930557085644797, 3.9368100300414395, 3.951448446337933, 3.974048180706334, 4.00625122846136, 4.058844331143084, 4.146548655327428, 4.270106712376559, 4.387132003615037, 4.433628532493929, 4.422381596412533, 4.396849161243164, 4.395342358151637, 4.432853290783289, 4.480758315198364, 4.515857005323499, 4.5477149927864335, 4.580706727067963, 4.604669992711093, 4.611764933209195, 4.611043309799762, 4.616318021050687, 4.631038452420329, 4.652457664909499, 4.67487492205174, 4.686478969395826, 4.67890537245432, 4.661223630236728, 4.647904184631376, 4.642977504249086, 4.648705602103965, 4.665196685734619, 4.683805575560431, 4.6968690782516225, 4.703500119140348, 4.704890337097334, 4.701404127809966, 4.695523043778099, 4.692138030378118, 4.693260985965525, 4.696255813504111, 4.698342884211813, 4.6995326878618435, 4.700851433105449, 4.702406877993843, 4.703638211231484, 4.704258331118597, 4.704892492019096, 4.706297353015965, 4.707976115314718, 4.708859636809287, 4.708931645669208, 4.708831753039413, 4.70867253633438]",75,0.7085689655736961,,0.786819788155777,0.7868197881557766,4.70867253633438,,0.850725267501497,,,,10.799095392227173,10.932437896728516,True,0.13504385948181152,0.0016870498657226562,0.0,0.13504385948181152,Results/warm_start_cache/list_193_graphs_adjacency_listhog_v04-12_planar_clawFree__filehash_62ae5075/hog_idx000129_3e2a5bd0e731_seed42_L1_M1_amplified.npz,10.818522453308105,2026-08-27 08:52:26,x86_64,dacsgpu0002,,64,64,3.11.15,0.23,False,False,False,False,,True,True,True,False,adam,False,hamqaoa,0.05,standard,1,1,42,scs,1e-06,100000,False,False,False,hog,False,False,False,False,False,False,True,1,HOG_graphs/Exp5/list_193_graphs_adjacency_listhog_v04-12_planar_clawFree.txt,True,Results/warm_start_cache,512,60,0,16,1,1,0,0,5,0,5,10,42,True,_Exp8_standardZeroAngles,1,42,42,129,"[(1, 3), (0, 1), (0, 4), (3, 5), (3, 4), (1, 5), (4, 5), (2, 5), (0, 2), (2, 4)]","[1.0, 1.0, 1.0, 1.0, 1.0, 1.0, 1.0, 1.0, 1.0, 1.0]"
b3af153f,7,12,1,75.0,False,True,"[1, 1, 1]",6.029456259286075,7.588954818708955,7.588954818708955,,,4.499893872067859,4.499893872067861,4.499893872067861,4.499893872067861,"[4.499893872067861, 4.495203187398978, 4.500143371785551, 4.499390047220912, 4.498400652347316, 4.499567900719874, 4.501619703812081, 4.503262464401927, 4.503807567052934, 4.503548950358907, 4.503462770088732, 4.50409977619659, 4.505231728834989, 4.50612175898158, 4.506359929435215, 4.506122469249206, 4.505895226524938, 4.506025959934404, 4.50642898532435, 4.5067551557998735, 4.506732715055234, 4.50645490138945, 4.50627372420561, 4.506378262119814, 4.506604304471953, 4.506710088249855, 4.506613340700131, 4.506467772019571, 4.50644252842148, 4.506544787051264, 4.50663833638361, 4.506620433973857, 4.506532544864823, 4.5065020683053065, 4.506566990868713, 4.506641570021362, 4.506637593181858, 4.506578195708351, 4.506551722759208, 4.506600425702914, 4.506672553709994, 4.506696462429399, 4.50666793810397, 4.50664446818209, 4.506662786751785, 4.506695525413225, 4.5067035545976015, 4.506688320511996, 4.506688781533405, 4.506722033207489, 4.50676208585991, 4.506778008682688, 4.5067699423334036, 4.506762918465612, 4.506769039890079, 4.506776075198738, 4.506771160555256, 4.506762761885582, 4.506766966687925, 4.506784458535776, 4.506801430846552, 4.506805870124217, 4.506802530047004, 4.5068007212573855, 4.506800560679619, 4.506795144909072, 4.506783838960414, 4.506773045816084, 4.506766944571125, 4.506765216589615, 4.506765723246149, 4.506770939630718, 4.5067830783160225, 4.506797061069362, 4.506805468573951, 4.5068060084366195]",75,0.7463183541861661,,0.006912136368758759,0.006912136368760535,4.5068060084366195,,0.7474647488313073,,,,3.2968292236328125,3.4695653915405273,True,0.17472076416015625,0.001968860626220703,0.0,0.17472076416015625,Results/warm_start_cache/list_193_graphs_adjacency_listhog_v04-12_planar_clawFree__filehash_62ae5075/hog_idx000089_84e2b8e56f17_seed42_L1_M1_amplified.npz,3.3196630477905273,2026-08-27 08:52:29,x86_64,dacsgpu0002,,64,64,3.11.15,0.23,False,False,False,False,,True,True,True,False,adam,False,hamqaoa,0.05,standard,1,1,42,scs,1e-06,100000,False,False,False,hog,False,False,False,False,False,False,True,1,HOG_graphs/Exp5/list_193_graphs_adjacency_listhog_v04-12_planar_clawFree.txt,True,Results/warm_start_cache,512,60,0,16,1,1,0,0,5,0,5,10,42,True,_Exp8_standardZeroAngles,1,42,42,89,"[(1, 3), (1, 6), (0, 4), (2, 6), (3, 5), (4, 6), (1, 2), (5, 6), (4, 5), (0, 5), (3, 6), (2, 4)]","[1.0, 1.0, 1.0, 1.0, 1.0, 1.0, 1.0, 1.0, 1.0, 1.0, 1.0, 1.0]"
3a5f0821,6,10,4,75.0,False,True,"[1, 1, 1]",5.534892069402528,7.067537075065711,7.067537075065711,,,3.921852748178604,3.9218527481786034,3.9218527481786034,3.9218527481786034,"[3.9218527481786034, 3.335101268711187, 3.8871191526939866, 3.825029871091869, 3.6957711442654366, 3.7071669772563123, 3.804868899523921, 3.903602022975435, 3.919508601755159, 3.871166138098111, 3.842407587282282, 3.8591349982169376, 3.87994874704423, 3.8735703338020686, 3.8673909260982566, 3.890128960580759, 3.9229223741008648, 3.9327495044859853, 3.920525203365347, 3.9156572392440383, 3.929477804498231, 3.94765975771951, 3.9632355185791157, 3.991332526113602, 4.041047209295091, 4.093461968195229, 4.133138932623831, 4.174859489523805, 4.216558348880875, 4.228877021456583, 4.219195992243143, 4.222578432308182, 4.240676045072078, 4.253139191403582, 4.255600469245209, 4.273272726155651, 4.307944557547871, 4.336258593909704, 4.348405418024671, 4.351919425757915, 4.3507655100429545, 4.344842182493842, 4.340896052457589, 4.348617302902146, 4.367859257627484, 4.387841388909992, 4.398975343157491, 4.402233403588841, 4.405206695463338, 4.412509523626548, 4.424130884218751, 4.436292386958296, 4.44303133791137, 4.445680546511113, 4.452656068039727, 4.462016258638678, 4.466077075468012, 4.470614901241274, 4.480312753978404, 4.487853922238884, 4.494123823859122, 4.498513408981366, 4.497646670142883, 4.499476372022097, 4.501931706586356, 4.501703672325051, 4.502143940343277, 4.500439254419915, 4.498310733774139, 4.497712162287355, 4.497519863898163, 4.499725921651548, 4.501854400929113, 4.50266767557351, 4.503725419844022, 4.5045092194310605]",75,0.7085689655736961,,0.5826564712524571,0.5826564712524567,4.5045092194310605,,0.813838673446311,,,,16.298985958099365,16.432469606399536,True,0.13504385948181152,0.001546621322631836,0.0,0.13504385948181152,Results/warm_start_cache/list_193_graphs_adjacency_listhog_v04-12_planar_clawFree__filehash_62ae5075/hog_idx000129_3e2a5bd0e731_seed42_L1_M1_amplified.npz,16.311808586120605,2026-08-27 08:52:32,x86_64,dacsgpu0002,,64,64,3.11.15,0.24,False,False,False,False,,True,True,True,False,adam,False,hamqaoa,0.05,standard,1,1,42,scs,1e-06,100000,False,False,False,hog,False,False,False,False,False,False,True,1,HOG_graphs/Exp5/list_193_graphs_adjacency_listhog_v04-12_planar_clawFree.txt,True,Results/warm_start_cache,512,60,0,16,1,1,0,0,5,0,5,10,42,True,_Exp8_standardZeroAngles,1,42,42,129,"[(1, 3), (0, 1), (0, 4), (3, 5), (3, 4), (1, 5), (4, 5), (2, 5), (0, 2), (2, 4)]","[1.0, 1.0, 1.0, 1.0, 1.0, 1.0, 1.0, 1.0, 1.0, 1.0]"
e00f4a30,8,12,3,75.0,False,True,"[1, 1, 1]",6.000000000000033,7.499999907899415,7.499999907899415,,,4.226204314325332,4.226204314325334,4.226204314325334,4.226204314325334,"[4.226204314325334, 4.0132546660016555, 4.219176448645498, 4.206029100051094, 4.144347047174582, 4.1799617859711455, 4.22965701210371, 4.250674429086156, 4.25773929823728, 4.278883939914165, 4.322190941259875, 4.362231792150644, 4.366776320846947, 4.358884256579756, 4.378793270521139, 4.411032158855025, 4.4307835965058135, 4.437546606454734, 4.442955668229851, 4.451936761004822, 4.465388323372194, 4.48225140671692, 4.498967032711659, 4.513405506043879, 4.527520200413642, 4.542843334489644, 4.554891295187049, 4.558503838332312, 4.557090226930481, 4.559213845399661, 4.5656921689309256, 4.570488771634968, 4.575787328920618, 4.586986638963986, 4.5969667601987005, 4.598118965350866, 4.598114342426545, 4.602951225533667, 4.60619378017035, 4.607408101269067, 4.6136528528717555, 4.621962148119745, 4.624827136315278, 4.62572562044724, 4.628293554787627, 4.629401654249598, 4.6307528895587415, 4.633951514193907, 4.634869766864695, 4.634730583414742, 4.636744035794039, 4.63826520035859, 4.639139825671241, 4.640605909691736, 4.640727326860216, 4.64111343533557, 4.643090132888452, 4.643964218587974, 4.644071685776329, 4.644314245780372, 4.644362067776669, 4.645630163393146, 4.647140172477909, 4.647516437214896, 4.64804694013963, 4.6486865366891035, 4.649409300973562, 4.650351584763437, 4.650672950467954, 4.651149474776861, 4.651928137554888, 4.652325594623291, 4.652830984421112, 4.653394940439812, 4.654146627617518, 4.654951658934277]",75,0.7043673857208851,,0.4287473446089436,0.42874734460894537,4.654951658934277,,0.775825276489042,,,,17.56540536880493,17.734427213668823,True,0.17041349411010742,0.0013399124145507812,0.0,0.17041349411010742,Results/warm_start_cache/list_193_graphs_adjacency_listhog_v04-12_planar_clawFree__filehash_62ae5075/hog_idx000138_c18c72ca6cfb_seed42_L1_M1_amplified.npz,17.578866958618164,2026-08-27 08:52:33,x86_64,dacsgpu0002,,64,64,3.11.15,0.27,False,False,False,False,,True,True,True,True,adam,False,hamqaoa,0.05,standard,1,1,42,scs,1e-06,100000,False,False,False,hog,False,False,False,False,False,False,True,1,HOG_graphs/Exp5/list_193_graphs_adjacency_listhog_v04-12_planar_clawFree.txt,True,Results/warm_start_cache,512,60,0,16,1,1,0,0,5,0,5,10,42,True,_Exp8_standardZeroAngles,1,42,42,138,"[(2, 7), (1, 6), (0, 4), (5, 7), (4, 6), (4, 5), (3, 7), (2, 5), (0, 5), (1, 4), (3, 6), (6, 7)]","[1.0, 1.0, 1.0, 1.0, 1.0, 1.0, 1.0, 1.0, 1.0, 1.0, 1.0, 1.0]"
48bdf21e,8,14,3,75.0,False,True,"[1, 1, 1]",7.0,7.9999999942918985,7.9999999942918985,,,4.835612158541289,4.835612158541288,4.835612158541288,4.835612158541288,"[4.835612158541288, 4.692946019138866, 4.824064731717574, 4.804828662540968, 4.757542078425299, 4.7819338823199695, 4.824321780848315, 4.836410920145194, 4.819042286178753, 4.8046047372680745, 4.809678549461425, 4.826225079916726, 4.838814369828447, 4.841671799030462, 4.840288400013843, 4.84064508674621, 4.844001068122905, 4.849158080562736, 4.856822968533335, 4.872531000757002, 4.9037490270114255, 4.96075769621671, 5.054494563566159, 5.156362575884916, 5.242081816722038, 5.304038220039058, 5.316349020831592, 5.324165353534722, 5.336602222470005, 5.336957032171233, 5.331705903336873, 5.334555357114766, 5.334790912426221, 5.338756888079363, 5.351954062653033, 5.3709743406346435, 5.391253796776048, 5.400239117867167, 5.3950131770511, 5.389643319076932, 5.392032982078655, 5.403234497866075, 5.4166107241150705, 5.420380138324707, 5.413670703539869, 5.404608608070598, 5.400271435424685, 5.40375969000317, 5.412225597673228, 5.42111164113003, 5.425631724924668, 5.425307929081263, 5.423323581762751, 5.421051146202406, 5.420765010457363, 5.422083516256483, 5.423183183296332, 5.424251289087541, 5.425225228493121, 5.426316228610829, 5.427206171536228, 5.428003535396113, 5.428042034635262, 5.427677711541776, 5.427757667695426, 5.428143452656939, 5.429026102192741, 5.4296916166471645, 5.4297309470041135, 5.429465520020292, 5.42963024275593, 5.430205565009192, 5.430955705675415, 5.431256927756873, 5.43092609331047, 5.430605997930558]",75,0.6908017369344697,,0.5949938393892698,0.5949938393892689,5.430605997930558,,0.7758008568472226,,,,17.617732524871826,17.804612636566162,True,0.18840456008911133,0.001493692398071289,0.0,0.18840456008911133,Results/warm_start_cache/list_193_graphs_adjacency_listhog_v04-12_planar_clawFree__filehash_62ae5075/hog_idx000181_8a5224427b04_seed42_L1_M1_amplified.npz,17.63100552558899,2026-08-27 08:52:33,x86_64,dacsgpu0002,,64,64,3.11.15,0.27,False,False,False,False,,True,False,True,False,adam,False,hamqaoa,0.05,standard,1,1,42,scs,1e-06,100000,False,False,False,hog,False,False,False,False,False,False,True,1,HOG_graphs/Exp5/list_193_graphs_adjacency_listhog_v04-12_planar_clawFree.txt,True,Results/warm_start_cache,512,60,0,16,1,1,0,0,5,0,5,10,42,True,_Exp8_standardZeroAngles,1,42,42,181,"[(2, 7), (0, 1), (2, 3), (0, 4), (2, 6), (5, 7), (4, 6), (1, 5), (4, 5), (3, 7), (0, 5), (1, 4), (3, 6), (6, 7)]","[1.0, 1.0, 1.0, 1.0, 1.0, 1.0, 1.0, 1.0, 1.0, 1.0, 1.0, 1.0, 1.0, 1.0]"
f0e761e5,8,9,2,75.0,False,True,"[1, 1, 1]",5.383497565249779,6.749999998384086,6.749999998384086,,,3.5986401885599086,3.598640188559908,3.598640188559908,3.598640188559908,"[3.598640188559908, 3.522500283846218, 3.597785395906318, 3.5923299082847926, 3.578671642401095, 3.5838353808494645, 3.6002632680998157, 3.6214165836738657, 3.646908471045809, 3.679389504814147, 3.7142172500754356, 3.7391873616628435, 3.7641970078651807, 3.803173801415291, 3.8429547964688524, 3.874961393241735, 3.9052646834282116, 3.9399849014446544, 3.9758687437210076, 4.002224116753694, 4.013066333158028, 4.013021345168014, 4.012686123844513, 4.018041142294211, 4.030622659348498, 4.048194919707802, 4.06518435812653, 4.077407425254272, 4.08350931404366, 4.084766291014973, 4.0835843247754005, 4.081779580087173, 4.081378465098504, 4.084169812618343, 4.089837582584795, 4.0962806745561835, 4.101415946091419, 4.103987442346674, 4.10343538482323, 4.100480715624309, 4.097468303682246, 4.096788039327651, 4.098857953949263, 4.102124078699532, 4.104538416511367, 4.104708659542809, 4.1028265187056485, 4.1009569775246675, 4.101269155528737, 4.103854831854006, 4.106997662512503, 4.1090374635365485, 4.109358341495955, 4.108427582406856, 4.107479776756976, 4.107480610272471, 4.108324426365361, 4.109380697664529, 4.110154633191572, 4.11030004338069, 4.109853483462375, 4.109262136530829, 4.1088670335448585, 4.1088177160952695, 4.109136251328112, 4.109596064385898, 4.109962403510377, 4.110132804319222, 4.110057931157301, 4.1098879873757825, 4.109869519376667, 4.110068487265566, 4.110397068778436, 4.110659068268278, 4.110687318181629, 4.110544886753361]",75,0.6684576606459265,,0.5119046981934532,0.5119046981934527,4.110544886753361,,0.7635454157696167,,,,9.561898469924927,9.752321720123291,True,0.19311881065368652,0.002681255340576172,0.0,0.19311881065368652,Results/warm_start_cache/list_193_graphs_adjacency_listhog_v04-12_planar_clawFree__filehash_62ae5075/hog_idx000099_8e9fbd598064_seed42_L1_M1_amplified.npz,9.589137554168701,2026-08-27 08:52:35,x86_64,dacsgpu0002,,64,64,3.11.15,0.25,False,False,False,False,,True,False,True,False,adam,False,hamqaoa,0.05,standard,1,1,42,scs,1e-06,100000,False,False,False,hog,False,False,False,False,False,False,True,1,HOG_graphs/Exp5/list_193_graphs_adjacency_listhog_v04-12_planar_clawFree.txt,True,Results/warm_start_cache,512,60,0,16,1,1,0,0,5,0,5,10,42,True,_Exp8_standardZeroAngles,1,42,42,99,"[(0, 1), (4, 7), (2, 6), (5, 6), (3, 4), (1, 5), (3, 7), (2, 5), (6, 7)]","[1.0, 1.0, 1.0, 1.0, 1.0, 1.0, 1.0, 1.0, 1.0]"
ee9086ed,7,12,2,75.0,False,True,"[1, 1, 1]",6.029456259286075,7.588954818708955,7.588954818708955,,,4.499893872067859,4.499893872067861,4.499893872067861,4.499893872067861,"[4.499893872067861, 4.478864138521784, 4.499628419088023, 4.495508757984714, 4.489417125557639, 4.493364556329694, 4.5004032986808795, 4.504844197574897, 4.506161891095686, 4.508875208877521, 4.517619991335247, 4.534973269171854, 4.567323432798177, 4.620619079441682, 4.6899640895098615, 4.764863909693644, 4.827883584813925, 4.8787794355433665, 4.914890325718505, 4.947809879431445, 4.983578722260474, 5.008185901807046, 5.0196556055468164, 5.025073440523194, 5.01953108416431, 5.002316383511016, 4.986422274778537, 4.976196934274831, 4.97205621041131, 4.97811421419678, 4.991855121395504, 5.008827709821159, 5.028592495728484, 5.046168008724833, 5.055933739782416, 5.059919896973234, 5.060242103159359, 5.056095126203407, 5.051415237144391, 5.051830893224389, 5.05696222445219, 5.063187828255234, 5.068817298344009, 5.073492261745483, 5.077196410938815, 5.0797746805196615, 5.079554618915908, 5.0759803246187225, 5.071656831999026, 5.069785535137307, 5.072274607255099, 5.077957581630266, 5.082820564841256, 5.084499748535049, 5.083657597680579, 5.081633540117656, 5.079988219940782, 5.07998428538857, 5.081265545370357, 5.082613244089694, 5.083342723502634, 5.083348840496547, 5.083023967534176, 5.082997402565774, 5.083421142207561, 5.084011585328972, 5.084437106454032, 5.084551732396367, 5.084561339161956, 5.084626224906589, 5.084699580729961, 5.084778409214021, 5.084804330957738, 5.084760238788505, 5.084758967626788, 5.084828665682942]",75,0.7463183541861661,,0.5849347936150808,0.5849347936150826,5.084828665682942,,0.8433312137975468,,,,6.923132658004761,7.096377849578857,True,0.17472076416015625,0.0014603137969970703,0.0,0.17472076416015625,Results/warm_start_cache/list_193_graphs_adjacency_listhog_v04-12_planar_clawFree__filehash_62ae5075/hog_idx000089_84e2b8e56f17_seed42_L1_M1_amplified.npz,6.939007043838501,2026-08-27 08:52:38,x86_64,dacsgpu0002,,64,64,3.11.15,0.24,False,False,False,False,,True,True,True,False,adam,False,hamqaoa,0.05,standard,1,1,42,scs,1e-06,100000,False,False,False,hog,False,False,False,False,False,False,True,1,HOG_graphs/Exp5/list_193_graphs_adjacency_listhog_v04-12_planar_clawFree.txt,True,Results/warm_start_cache,512,60,0,16,1,1,0,0,5,0,5,10,42,True,_Exp8_standardZeroAngles,1,42,42,89,"[(1, 3), (1, 6), (0, 4), (2, 6), (3, 5), (4, 6), (1, 2), (5, 6), (4, 5), (0, 5), (3, 6), (2, 4)]","[1.0, 1.0, 1.0, 1.0, 1.0, 1.0, 1.0, 1.0, 1.0, 1.0, 1.0, 1.0]"
8d9184f9,6,10,5,75.0,False,True,"[1, 1, 1]",5.534892069402528,7.067537075065711,7.067537075065711,,,3.921852748178604,3.9218527481786034,3.9218527481786034,3.9218527481786034,"[3.9218527481786034, 3.0372327145698415, 3.8585098402435265, 3.764031147239566, 3.586020815916287, 3.589829730514413, 3.7406236926011003, 3.9027393487461977, 3.8979029008717916, 3.801812624444798, 3.7834149342291874, 3.8388727144071075, 3.8675478801536616, 3.8414785960628253, 3.8395205818923372, 3.8917673364142993, 3.9423598399984976, 3.941658585772473, 3.9198831234516365, 3.9353329584401036, 3.9909498859959425, 4.052663999790587, 4.111553159886101, 4.166175890684909, 4.167166533507419, 4.12235342254226, 4.133092255554531, 4.187698066205072, 4.198027540590821, 4.1791024081303405, 4.18258772756189, 4.199284243181424, 4.200189139520905, 4.19444192729206, 4.208117223259339, 4.2367434470645495, 4.256049841696131, 4.261229770773481, 4.266703036226919, 4.273439481673007, 4.272632509747409, 4.274388997036069, 4.2893597640078065, 4.302665818451717, 4.302780175515064, 4.302270326013149, 4.307680088042947, 4.311957793359502, 4.316500209847071, 4.324483255238605, 4.329444251533768, 4.329195221697065, 4.329961160262739, 4.334309001529095, 4.3418445174809035, 4.351040615940195, 4.358069637329683, 4.3663145311999125, 4.380683513095713, 4.395110998293076, 4.407533389591882, 4.42355511163858, 4.439307639690331, 4.456013380388783, 4.474423066180995, 4.488621775738981, 4.505122383920064, 4.5185049593978635, 4.532610424511825, 4.540904129350491, 4.545838450271104, 4.548599800460894, 4.5560945843676945, 4.566021398819079, 4.579118540359319, 4.5934871081347195]",75,0.7085689655736961,,0.6716343599561161,0.6716343599561156,4.5934871081347195,,0.8299144862332555,,,,23.90038013458252,24.033642053604126,True,0.13504385948181152,0.0017664432525634766,0.0,0.13504385948181152,Results/warm_start_cache/list_193_graphs_adjacency_listhog_v04-12_planar_clawFree__filehash_62ae5075/hog_idx000129_3e2a5bd0e731_seed42_L1_M1_amplified.npz,23.91902732849121,2026-08-27 08:52:39,x86_64,dacsgpu0002,,64,64,3.11.15,0.25,False,False,False,False,,True,True,True,False,adam,False,hamqaoa,0.05,standard,1,1,42,scs,1e-06,100000,False,False,False,hog,False,False,False,False,False,False,True,1,HOG_graphs/Exp5/list_193_graphs_adjacency_listhog_v04-12_planar_clawFree.txt,True,Results/warm_start_cache,512,60,0,16,1,1,0,0,5,0,5,10,42,True,_Exp8_standardZeroAngles,1,42,42,129,"[(1, 3), (0, 1), (0, 4), (3, 5), (3, 4), (1, 5), (4, 5), (2, 5), (0, 2), (2, 4)]","[1.0, 1.0, 1.0, 1.0, 1.0, 1.0, 1.0, 1.0, 1.0, 1.0]"
613821de,6,10,1,75.0,False,True,"[1, 1, 1]",5.000000000000002,6.999999929326005,6.999999929326005,,,3.999999554183468,3.999999554183467,3.999999554183467,3.999999554183467,"[3.999999554183467, 3.927453977500827, 3.9954175523316176, 3.9865697415324663, 3.9644720270480547, 3.9710638321779754, 3.9878154870508506, 3.998193643111256, 3.9986638343273366, 3.9936143417841095, 3.989365457694751, 3.9893968452848663, 3.9927989732862885, 3.9963804854396185, 3.9978062654855524, 3.997378943110892, 3.997111810043752, 3.9980483151253328, 3.999110145388004, 3.9987608452503234, 3.9972370566970707, 3.996427690510793, 3.997317128829242, 3.9986363727134733, 3.998708468040611, 3.997815841765288, 3.997667616730739, 3.9986741143409827, 3.9993891955458802, 3.9989697537952877, 3.99852092882136, 3.9990422946327833, 3.999690874378889, 3.9994613454231507, 3.999050369595151, 3.9993971208085766, 3.9998555154749402, 3.9996361991450775, 3.99938424655695, 3.9997048358519764, 3.9999354099779314, 3.9996828605960615, 3.9996236703985257, 3.999914596557906, 3.9999238849908783, 3.9997290760445394, 3.999840649060778, 3.9999961483996014, 3.9998687295087243, 3.99982675574963, 3.9999771924200873, 3.999955204977536, 3.9998587393491207, 3.999943256624167, 3.9999855322876527, 3.999899706429749, 3.999926993762262, 3.9999891599624027, 3.9999345257858083, 3.999930612417483, 3.999988871690697, 3.9999603765847365, 3.9999445618524834, 3.9999909776831815, 3.9999771768750607, 3.9999594666007274, 3.999993978650882, 3.999986199447837, 3.9999709245968997, 3.999996348447163, 3.9999898633130004, 3.999978757098416, 3.999997746677005, 3.999990865734792, 3.999984361047786, 3.999998519258707]",75,0.7999999108366931,,0.0,-8.881784197001252e-16,3.999999554183467,,0.7999999108366931,,,,3.0290868282318115,3.191824436187744,True,0.1645040512084961,0.0017533302307128906,0.0,0.1645040512084961,Results/warm_start_cache/list_193_graphs_adjacency_listhog_v04-12_planar_clawFree__filehash_62ae5075/hog_idx000047_d3a273edf6c6_seed42_L1_M1_amplified.npz,3.0420382022857666,2026-08-27 08:52:41,x86_64,dacsgpu0002,,64,64,3.11.15,0.22,False,False,False,False,,True,False,True,False,adam,False,hamqaoa,0.05,standard,1,1,42,scs,1e-06,100000,False,False,False,hog,False,False,False,False,False,False,True,1,HOG_graphs/Exp5/list_193_graphs_adjacency_listhog_v04-12_planar_clawFree.txt,True,Results/warm_start_cache,512,60,0,16,1,1,0,0,5,0,5,10,42,True,_Exp8_standardZeroAngles,1,42,42,47,"[(0, 1), (2, 3), (0, 4), (3, 5), (3, 4), (1, 5), (2, 5), (0, 5), (1, 4), (2, 4)]","[1.0, 1.0, 1.0, 1.0, 1.0, 1.0, 1.0, 1.0, 1.0, 1.0]"
53a38d25,8,9,3,75.0,False,True,"[1, 1, 1]",5.383497565249779,6.749999998384086,6.749999998384086,,,3.5986401885599086,3.598640188559908,3.598640188559908,3.598640188559908,"[3.598640188559908, 3.4153283083407198, 3.593634208473038, 3.584590527313965, 3.575609012415271, 3.614908019611517, 3.676144553354728, 3.707452469346829, 3.7057397090732653, 3.749186481201468, 3.8027728908230993, 3.8207588986145438, 3.84489878106408, 3.898474983576527, 3.955254948395202, 3.9877200279763194, 3.99472644616586, 3.998834351611456, 4.009262222792891, 4.018428058792393, 4.028325771981586, 4.048392939356561, 4.074694802456652, 4.093128180740027, 4.093359692432752, 4.08458539610253, 4.081334024560379, 4.087158659356999, 4.0984786650170335, 4.109686659621053, 4.1134866866531485, 4.107235684240759, 4.099054989061129, 4.099480466888045, 4.109478651654523, 4.121287877075619, 4.128400493705184, 4.1313795928426575, 4.1337811035400565, 4.138631242074338, 4.148245382956038, 4.160393859334715, 4.169196838168485, 4.173486190141006, 4.178612798058373, 4.188848123363975, 4.202598243433748, 4.215948069057589, 4.228499531047043, 4.243214817051506, 4.260592999310741, 4.27960665331254, 4.2997157667418024, 4.320435377188073, 4.343095777328509, 4.366666316625258, 4.386610257132164, 4.404421173739065, 4.419395598919233, 4.422594330435702, 4.413433666013024, 4.404593927487752, 4.413219911532165, 4.438527038939799, 4.465194748411431, 4.480364936967299, 4.479741585222078, 4.47153438553559, 4.4654599146537794, 4.465896013591908, 4.473777814862052, 4.4837086907164965, 4.488405706084396, 4.486770293636929, 4.483807367601677, 4.484602175673162]",75,0.6684576606459265,,0.8859619871132538,0.8859619871132534,4.484602175673162,,0.8330276221579548,,,,15.474396705627441,15.666276454925537,True,0.19311881065368652,0.0012252330780029297,0.0,0.19311881065368652,Results/warm_start_cache/list_193_graphs_adjacency_listhog_v04-12_planar_clawFree__filehash_62ae5075/hog_idx000099_8e9fbd598064_seed42_L1_M1_amplified.npz,15.492574214935303,2026-08-27 08:52:41,x86_64,dacsgpu0002,,64,64,3.11.15,0.26,False,False,False,False,,True,False,True,False,adam,False,hamqaoa,0.05,standard,1,1,42,scs,1e-06,100000,False,False,False,hog,False,False,False,False,False,False,True,1,HOG_graphs/Exp5/list_193_graphs_adjacency_listhog_v04-12_planar_clawFree.txt,True,Results/warm_start_cache,512,60,0,16,1,1,0,0,5,0,5,10,42,True,_Exp8_standardZeroAngles,1,42,42,99,"[(0, 1), (4, 7), (2, 6), (5, 6), (3, 4), (1, 5), (3, 7), (2, 5), (6, 7)]","[1.0, 1.0, 1.0, 1.0, 1.0, 1.0, 1.0, 1.0, 1.0]"
4604c977,8,12,4,75.0,False,True,"[1, 1, 1]",6.000000000000033,7.499999907899415,7.499999907899415,,,4.226204314325332,4.226204314325334,4.226204314325334,4.226204314325334,"[4.226204314325334, 3.826086497999159, 4.195568598097905, 4.166267862600287, 4.086710159958097, 4.166657982281944, 4.234359934770287, 4.238717443912418, 4.21543062540562, 4.20391338708438, 4.220017823429724, 4.254303816784918, 4.2841889855044935, 4.300051705640392, 4.317006648889785, 4.349770777038964, 4.392870668546042, 4.42806873627233, 4.447928528996382, 4.466335862732594, 4.500316145282563, 4.541199390097584, 4.5705457042686835, 4.5862649308730346, 4.587119942787429, 4.579908197468974, 4.573383574252108, 4.571135786270771, 4.575215283511628, 4.58790073985354, 4.608633753651913, 4.633060911367146, 4.654524048972128, 4.666324400540122, 4.6662615932559985, 4.660676879590911, 4.659757524507771, 4.6681130458252404, 4.683020584397754, 4.69911304776263, 4.712196233104251, 4.721093592132678, 4.728041394509598, 4.73631979381698, 4.7463254453853585, 4.754678776649267, 4.757648910424978, 4.754494773713923, 4.748237938825877, 4.744636736839649, 4.746937254158613, 4.752350635315717, 4.755806749621481, 4.755849848917736, 4.755454811918, 4.757351150640495, 4.760277897908397, 4.761110806169691, 4.75920159120123, 4.757005978391634, 4.757407723481401, 4.760573981712613, 4.763599066806879, 4.764515591228399, 4.7648132041839615, 4.766314373780973, 4.768626577462229, 4.770443946713065, 4.771184661494203, 4.771371447236051, 4.771905573495796, 4.773282107969398, 4.77547802438596, 4.777897285990184, 4.780083762363757, 4.78243618039791]",75,0.7043673857208851,,0.5562318660725758,0.5562318660725776,4.78243618039791,,0.7970726967329805,,,,25.98477005958557,26.153504371643066,True,0.17041349411010742,0.0016620159149169922,0.0,0.17041349411010742,Results/warm_start_cache/list_193_graphs_adjacency_listhog_v04-12_planar_clawFree__filehash_62ae5075/hog_idx000138_c18c72ca6cfb_seed42_L1_M1_amplified.npz,26.002131700515747,2026-08-27 08:52:41,x86_64,dacsgpu0002,,64,64,3.11.15,0.28,False,False,False,False,,True,True,True,True,adam,False,hamqaoa,0.05,standard,1,1,42,scs,1e-06,100000,False,False,False,hog,False,False,False,False,False,False,True,1,HOG_graphs/Exp5/list_193_graphs_adjacency_listhog_v04-12_planar_clawFree.txt,True,Results/warm_start_cache,512,60,0,16,1,1,0,0,5,0,5,10,42,True,_Exp8_standardZeroAngles,1,42,42,138,"[(2, 7), (1, 6), (0, 4), (5, 7), (4, 6), (4, 5), (3, 7), (2, 5), (0, 5), (1, 4), (3, 6), (6, 7)]","[1.0, 1.0, 1.0, 1.0, 1.0, 1.0, 1.0, 1.0, 1.0, 1.0, 1.0, 1.0]"
d6004378,8,14,4,75.0,False,True,"[1, 1, 1]",7.0,7.9999999942918985,7.9999999942918985,,,4.835612158541289,4.835612158541288,4.835612158541288,4.835612158541288,"[4.835612158541288, 4.591855829403139, 4.813633794104465, 4.781499565392491, 4.71077897318539, 4.752854263732308, 4.8194651223341305, 4.835885997054447, 4.815154291648722, 4.819365470485725, 4.877011973798197, 4.957321572955529, 5.015742995990528, 5.057037405172503, 5.100964408440548, 5.152122962903675, 5.173050918131741, 5.187236107322331, 5.247228015358281, 5.311937288758922, 5.353091092685955, 5.38258175771509, 5.3963423297905, 5.35681206988531, 5.316797319423257, 5.321274528356868, 5.338390194150499, 5.369662129209267, 5.396647686799569, 5.404582857589031, 5.407297048335707, 5.405508146625068, 5.4039785321955245, 5.410045918650779, 5.41554786848967, 5.422260324668902, 5.43675834176057, 5.453650294220364, 5.471730112393975, 5.493492273233333, 5.512023795356243, 5.523212498132687, 5.5313427773787085, 5.5348433954159315, 5.532306772698437, 5.530251693951609, 5.530537680411469, 5.5310603284426945, 5.533456219988611, 5.5371862336895195, 5.540842178958806, 5.546545180561581, 5.552900892513927, 5.556438141136024, 5.557991781126665, 5.558452795192756, 5.557038132265387, 5.555764082777645, 5.556571515215474, 5.5587404772557845, 5.56226217896563, 5.566630045275652, 5.569767176521201, 5.57154323523198, 5.572887033183616, 5.573832702354742, 5.575229092032842, 5.5775716864625915, 5.579979813925445, 5.582473553008698, 5.585072105393947, 5.587017470275376, 5.588603963765322, 5.590156202219264, 5.591673806161191, 5.593733040042036]",75,0.6908017369344697,,0.7581208815007479,0.758120881500747,5.593733040042036,,0.7991047200060051,,,,27.290050268173218,27.47713279724121,True,0.18840456008911133,0.0013089179992675781,0.0,0.18840456008911133,Results/warm_start_cache/list_193_graphs_adjacency_listhog_v04-12_planar_clawFree__filehash_62ae5075/hog_idx000181_8a5224427b04_seed42_L1_M1_amplified.npz,27.301403284072876,2026-08-27 08:52:43,x86_64,dacsgpu0002,,64,64,3.11.15,0.27,False,False,False,False,,True,False,True,False,adam,False,hamqaoa,0.05,standard,1,1,42,scs,1e-06,100000,False,False,False,hog,False,False,False,False,False,False,True,1,HOG_graphs/Exp5/list_193_graphs_adjacency_listhog_v04-12_planar_clawFree.txt,True,Results/warm_start_cache,512,60,0,16,1,1,0,0,5,0,5,10,42,True,_Exp8_standardZeroAngles,1,42,42,181,"[(2, 7), (0, 1), (2, 3), (0, 4), (2, 6), (5, 7), (4, 6), (1, 5), (4, 5), (3, 7), (0, 5), (1, 4), (3, 6), (6, 7)]","[1.0, 1.0, 1.0, 1.0, 1.0, 1.0, 1.0, 1.0, 1.0, 1.0, 1.0, 1.0, 1.0, 1.0]"
bfee376e,7,12,3,75.0,False,True,"[1, 1, 1]",6.029456259286075,7.588954818708955,7.588954818708955,,,4.499893872067859,4.499893872067861,4.499893872067861,4.499893872067861,"[4.499893872067861, 4.4515794624162, 4.497123208736021, 4.489765632518599, 4.475080429468757, 4.480883938247563, 4.494134639296223, 4.502570755280482, 4.505415812712753, 4.5119620689505, 4.53681144376332, 4.5861465138910225, 4.643682353245258, 4.668340205772857, 4.631240379700455, 4.619003529733043, 4.652650824154052, 4.687520445618031, 4.705747735412535, 4.717891667042009, 4.739742844150143, 4.782334582592861, 4.852978681149724, 4.953511101943443, 5.067414187488713, 5.157987590138648, 5.176396521954996, 5.129743478844966, 5.079415236608242, 5.0508405559103435, 5.068188032278136, 5.127472789628928, 5.183405832939976, 5.204268413237603, 5.195935061486095, 5.182521915396044, 5.173040413248358, 5.161721266864535, 5.155795421468746, 5.163060390692234, 5.181118395842356, 5.201861575064639, 5.216006889212438, 5.221253217281398, 5.2182062611702165, 5.208921853340352, 5.202363557347667, 5.204586880134537, 5.21374335508234, 5.223529835364354, 5.229822736355438, 5.2322250003421065, 5.230797278574717, 5.22733953909708, 5.225634731172104, 5.228246321322271, 5.233277460615876, 5.236927818209854, 5.238771036136476, 5.241045327846037, 5.244115415129931, 5.246211822585606, 5.247650095673181, 5.250536831772823, 5.254924452637502, 5.259428194827804, 5.264127661103793, 5.269513516711834, 5.2747336500251505, 5.280151876300092, 5.287182442986999, 5.295671403225471, 5.304229422986765, 5.3134115463689575, 5.323754873694, 5.332402698966196]",75,0.7463183541861661,,0.8325088268983354,0.8325088268983372,5.332402698966196,,0.884391969964732,,,,12.109964609146118,12.283179521560669,True,0.17472076416015625,0.0014910697937011719,0.0,0.17472076416015625,Results/warm_start_cache/list_193_graphs_adjacency_listhog_v04-12_planar_clawFree__filehash_62ae5075/hog_idx000089_84e2b8e56f17_seed42_L1_M1_amplified.npz,12.131196022033691,2026-08-27 08:52:44,x86_64,dacsgpu0002,,64,64,3.11.15,0.26,False,False,False,False,,True,True,True,False,adam,False,hamqaoa,0.05,standard,1,1,42,scs,1e-06,100000,False,False,False,hog,False,False,False,False,False,False,True,1,HOG_graphs/Exp5/list_193_graphs_adjacency_listhog_v04-12_planar_clawFree.txt,True,Results/warm_start_cache,512,60,0,16,1,1,0,0,5,0,5,10,42,True,_Exp8_standardZeroAngles,1,42,42,89,"[(1, 3), (1, 6), (0, 4), (2, 6), (3, 5), (4, 6), (1, 2), (5, 6), (4, 5), (0, 5), (3, 6), (2, 4)]","[1.0, 1.0, 1.0, 1.0, 1.0, 1.0, 1.0, 1.0, 1.0, 1.0, 1.0, 1.0]"
e3cf7552,6,10,2,75.0,False,True,"[1, 1, 1]",5.000000000000002,6.999999929326005,6.999999929326005,,,3.999999554183468,3.999999554183467,3.999999554183467,3.999999554183467,"[3.999999554183467, 3.7087001410015072, 3.981391770037809, 3.946683121622464, 3.8742026699355363, 3.8987286296274473, 3.9501952254971986, 3.9846901035842577, 3.997197118121953, 3.9940441380127676, 3.9818407901765807, 3.969273618507077, 3.965930643664118, 3.9745888004345016, 3.988007288358316, 3.9965266690586376, 3.997729298657768, 3.9980670028749157, 4.00361892011225, 4.012726753814498, 4.023813577319922, 4.046028790124524, 4.092898474364996, 4.170882762632778, 4.27038399317282, 4.348617113924409, 4.344325191915444, 4.2955110996642825, 4.316644402195154, 4.405761150332511, 4.486719443586271, 4.516811547867059, 4.513902132975404, 4.510152376631397, 4.512837191406569, 4.515861733484213, 4.5232133688852505, 4.545901334383664, 4.583371441646972, 4.620967927885848, 4.65026297901732, 4.668566196930623, 4.671705961374167, 4.656391610505543, 4.642836107267194, 4.662218300521606, 4.694471001051305, 4.701482652528264, 4.683147396219422, 4.666965623011633, 4.665648796368191, 4.674134923580897, 4.684081448753143, 4.6904735344079, 4.690448672123178, 4.686355659088042, 4.687056056852933, 4.693906355868692, 4.699121103901902, 4.70215073246951, 4.706405990586512, 4.709724129527424, 4.710536719144993, 4.711684310794248, 4.714641661501794, 4.717407043693578, 4.718961122245873, 4.7203183157065345, 4.721120545785299, 4.721186520276565, 4.722832233099063, 4.7263930443085185, 4.728771899729166, 4.730037252890877, 4.732589339283787, 4.7346251441800815]",75,0.7999999108366931,,0.7346255899966145,0.7346255899966136,4.7346251441800815,,0.9469250288360159,,,,5.934490203857422,6.0973851680755615,True,0.1645040512084961,0.0015804767608642578,0.0,0.1645040512084961,Results/warm_start_cache/list_193_graphs_adjacency_listhog_v04-12_planar_clawFree__filehash_62ae5075/hog_idx000047_d3a273edf6c6_seed42_L1_M1_amplified.npz,5.962897062301636,2026-08-27 08:52:44,x86_64,dacsgpu0002,,64,64,3.11.15,0.22,False,False,False,False,,True,False,True,False,adam,False,hamqaoa,0.05,standard,1,1,42,scs,1e-06,100000,False,False,False,hog,False,False,False,False,False,False,True,1,HOG_graphs/Exp5/list_193_graphs_adjacency_listhog_v04-12_planar_clawFree.txt,True,Results/warm_start_cache,512,60,0,16,1,1,0,0,5,0,5,10,42,True,_Exp8_standardZeroAngles,1,42,42,47,"[(0, 1), (2, 3), (0, 4), (3, 5), (3, 4), (1, 5), (2, 5), (0, 5), (1, 4), (2, 4)]","[1.0, 1.0, 1.0, 1.0, 1.0, 1.0, 1.0, 1.0, 1.0, 1.0]"
681cd10f,7,13,1,75.0,False,True,"[1, 1, 1]",6.337429897903175,8.199999996491057,8.199999996491057,,,4.81632010851216,4.816320108512161,4.816320108512161,4.816320108512161,"[4.816320108512161, 4.798915013388426, 4.81616457481489, 4.81580317079125, 4.809726139632671, 4.8131908573774576, 4.818454564685838, 4.818099666477029, 4.814764698619611, 4.814866594823065, 4.817996603013397, 4.819909892579351, 4.818694283354944, 4.8167087525803165, 4.8167963546696075, 4.818595868561246, 4.8198513007285175, 4.819376694681156, 4.81827904178362, 4.818235579380903, 4.819198735205573, 4.819818396391498, 4.819460080641276, 4.818891676911694, 4.81901141401776, 4.819639752322048, 4.81994036752793, 4.81961208043549, 4.8192271150997685, 4.819355358779708, 4.819802901345057, 4.819982720541903, 4.819751985548606, 4.819539043850951, 4.819663633174045, 4.8199107202815945, 4.819931399092663, 4.819773681177546, 4.819744310530768, 4.819894664411139, 4.819979831037237, 4.819887446518445, 4.819801372885368, 4.819874975820577, 4.8199895956774865, 4.81997501361101, 4.819887868879486, 4.819889701851372, 4.819968643116315, 4.819990190387813, 4.819942537288813, 4.819931282107119, 4.819976330212273, 4.819992938636877, 4.819960162547493, 4.819950136922611, 4.819984890378934, 4.820001546133797, 4.819976864201559, 4.819964764994939, 4.819987540880856, 4.8200012216362556, 4.819986996020058, 4.819980697557589, 4.819994910057759, 4.8199996149694435, 4.819988907194331, 4.819989175636343, 4.820000894828127, 4.82000043179312, 4.819991434897268, 4.819994263421703, 4.820002522835533, 4.820000252913168, 4.819995458763587, 4.819999239075319]",75,0.7599800212552578,,0.0036791305631576066,0.0036791305631584947,4.819999239075319,,0.7605605610990791,,,,2.9934895038604736,3.249077558517456,True,0.2575957775115967,0.001993894577026367,0.0,0.2575957775115967,Results/warm_start_cache/list_193_graphs_adjacency_listhog_v04-12_planar_clawFree__filehash_62ae5075/hog_idx000082_2211e950c0c7_seed42_L1_M1_amplified.npz,3.0128672122955322,2026-08-27 08:52:47,x86_64,dacsgpu0002,,64,64,3.11.15,0.23,False,False,False,False,,True,True,True,False,adam,False,hamqaoa,0.05,standard,1,1,42,scs,1e-06,100000,False,False,False,hog,False,False,False,False,False,False,True,1,HOG_graphs/Exp5/list_193_graphs_adjacency_listhog_v04-12_planar_clawFree.txt,True,Results/warm_start_cache,512,60,0,16,1,1,0,0,5,0,5,10,42,True,_Exp8_standardZeroAngles,1,42,42,82,"[(0, 1), (2, 3), (1, 6), (0, 4), (2, 6), (3, 5), (0, 3), (4, 6), (5, 6), (3, 4), (1, 5), (2, 5), (2, 4)]","[1.0, 1.0, 1.0, 1.0, 1.0, 1.0, 1.0, 1.0, 1.0, 1.0, 1.0, 1.0, 1.0]"
8a8b11ea,6,10,3,75.0,False,True,"[1, 1, 1]",5.000000000000002,6.999999929326005,6.999999929326005,,,3.999999554183468,3.999999554183467,3.999999554183467,3.999999554183467,"[3.999999554183467, 3.3691254627526224, 3.9576101846608305, 3.8769323319480486, 3.7633495988752643, 3.8180128671670617, 3.895671550945726, 3.9540638640180634, 3.9979303625540004, 4.010157853188982, 3.985229265373853, 3.9616236843090653, 3.971056436200487, 3.997798721799583, 4.019918858896045, 4.05460047984542, 4.128007301723277, 4.23069196959227, 4.321920246439472, 4.348056651646141, 4.302173497220786, 4.2858244479642025, 4.362805835027021, 4.474415939989471, 4.538885032259326, 4.538267639209141, 4.520946462068404, 4.523413642754682, 4.538437620608953, 4.543463452715925, 4.53314614653639, 4.5358922912994535, 4.569928666292578, 4.618448979498441, 4.651446114636782, 4.656174842197065, 4.646144842925243, 4.639508076739532, 4.6405549843022795, 4.6456775645256485, 4.653610686709417, 4.667461832134733, 4.686052536319278, 4.699215879637983, 4.700638453311257, 4.700402187356008, 4.712130374502214, 4.73229733367786, 4.747082676174687, 4.752596208459303, 4.7576561443657805, 4.767429308899779, 4.77645721568638, 4.779639490375676, 4.780898095009037, 4.785772232087561, 4.791771149787422, 4.793227825275653, 4.792710671443506, 4.796448051265525, 4.800733593876499, 4.799781452638236, 4.798558339001025, 4.800549767936331, 4.8004169938887085, 4.799187312982592, 4.8012562499041636, 4.802475066134554, 4.803156572213503, 4.805897464066036, 4.806406657632981, 4.806315234186383, 4.807870564328032, 4.807681684886745, 4.807611136211523, 4.80795353075415]",75,0.7999999108366931,,0.8079539765706834,0.8079539765706825,4.80795353075415,,0.9615907061508298,,,,9.742984771728516,9.905904769897461,True,0.1645040512084961,0.001567840576171875,0.0,0.1645040512084961,Results/warm_start_cache/list_193_graphs_adjacency_listhog_v04-12_planar_clawFree__filehash_62ae5075/hog_idx000047_d3a273edf6c6_seed42_L1_M1_amplified.npz,9.7617506980896,2026-08-27 08:52:48,x86_64,dacsgpu0002,,64,64,3.11.15,0.23,False,False,False,False,,True,False,True,False,adam,False,hamqaoa,0.05,standard,1,1,42,scs,1e-06,100000,False,False,False,hog,False,False,False,False,False,False,True,1,HOG_graphs/Exp5/list_193_graphs_adjacency_listhog_v04-12_planar_clawFree.txt,True,Results/warm_start_cache,512,60,0,16,1,1,0,0,5,0,5,10,42,True,_Exp8_standardZeroAngles,1,42,42,47,"[(0, 1), (2, 3), (0, 4), (3, 5), (3, 4), (1, 5), (2, 5), (0, 5), (1, 4), (2, 4)]","[1.0, 1.0, 1.0, 1.0, 1.0, 1.0, 1.0, 1.0, 1.0, 1.0]"
60807989,8,9,4,75.0,False,True,"[1, 1, 1]",5.383497565249779,6.749999998384086,6.749999998384086,,,3.5986401885599086,3.598640188559908,3.598640188559908,3.598640188559908,"[3.598640188559908, 3.2797307343394144, 3.5885648521467095, 3.5809885657965594, 3.5983629715407854, 3.6584287974859238, 3.6382260311076986, 3.649380590367906, 3.748997578296597, 3.78709171772108, 3.76707962963456, 3.8043400300214514, 3.8914172911187093, 3.9522154625956714, 3.9626842979662804, 3.969000116006982, 3.9869189896621253, 4.002896054474365, 4.014069593712715, 4.018548627278, 4.022054915359159, 4.042830822543091, 4.075776490892922, 4.097382389180278, 4.097478800527703, 4.0899295160822655, 4.090380472008459, 4.101208874458883, 4.1134165151981685, 4.120832439553218, 4.1295201972736, 4.144278494025886, 4.161299122967713, 4.17771403070493, 4.194150851686598, 4.212614719415964, 4.239487349502973, 4.28070009053556, 4.335030352954273, 4.396126288968009, 4.450349611930306, 4.476467334684547, 4.463957070449855, 4.4374107066087385, 4.432445313767854, 4.448014104917195, 4.456969276455757, 4.453295753478258, 4.458199667446189, 4.477048586324516, 4.4944833134735145, 4.502157070199877, 4.505960423121201, 4.510185395529386, 4.513317404542382, 4.515407473346299, 4.519253717268581, 4.526994343270171, 4.536100393676311, 4.541762048750787, 4.544928561335877, 4.551432753230956, 4.5599548866420365, 4.564267792197942, 4.5666605875245345, 4.572322901721444, 4.5779742558038325, 4.580126513164947, 4.580327810210826, 4.579741615747774, 4.580113999190233, 4.582892264551369, 4.586570640635735, 4.589490137892697, 4.590216381836652, 4.590485663672801]",75,0.6684576606459265,,0.9918454751128931,0.9918454751128927,4.590485663672801,,0.8526957815127787,,,,23.580419301986694,23.77198553085327,True,0.19311881065368652,0.0015330314636230469,0.0,0.19311881065368652,Results/warm_start_cache/list_193_graphs_adjacency_listhog_v04-12_planar_clawFree__filehash_62ae5075/hog_idx000099_8e9fbd598064_seed42_L1_M1_amplified.npz,23.598499298095703,2026-08-27 08:52:49,x86_64,dacsgpu0002,,64,64,3.11.15,0.28,False,False,False,False,,True,False,True,False,adam,False,hamqaoa,0.05,standard,1,1,42,scs,1e-06,100000,False,False,False,hog,False,False,False,False,False,False,True,1,HOG_graphs/Exp5/list_193_graphs_adjacency_listhog_v04-12_planar_clawFree.txt,True,Results/warm_start_cache,512,60,0,16,1,1,0,0,5,0,5,10,42,True,_Exp8_standardZeroAngles,1,42,42,99,"[(0, 1), (4, 7), (2, 6), (5, 6), (3, 4), (1, 5), (3, 7), (2, 5), (6, 7)]","[1.0, 1.0, 1.0, 1.0, 1.0, 1.0, 1.0, 1.0, 1.0]"
a1442547,7,13,2,75.0,False,True,"[1, 1, 1]",6.337429897903175,8.199999996491057,8.199999996491057,,,4.81632010851216,4.816320108512161,4.816320108512161,4.816320108512161,"[4.816320108512161, 4.729414348800422, 4.810791589141381, 4.797919895510181, 4.7698846388483265, 4.790810590503496, 4.816148427004734, 4.814077958090517, 4.797523150196167, 4.794202608521341, 4.8064584421715155, 4.818540385474686, 4.818142931273878, 4.809428296242976, 4.8061333860483275, 4.81278650108323, 4.821272847022295, 4.822443488063633, 4.817457965848135, 4.81605797533972, 4.822011831262132, 4.828558148186082, 4.829436446995693, 4.827194768372401, 4.828064733659984, 4.832401223353397, 4.835055005368902, 4.8335754536912745, 4.831459475615449, 4.83191687651199, 4.833355824775532, 4.833006944282163, 4.831693295983692, 4.832167352635696, 4.834354530348015, 4.835727366284126, 4.835479066600811, 4.835351944294269, 4.836341277244174, 4.837246679429458, 4.837052342081243, 4.8366160619618235, 4.837030254614448, 4.837905846751316, 4.8383503017821905, 4.838514867426471, 4.83904824428376, 4.839825101798199, 4.84037298408012, 4.840819909296331, 4.841507473499832, 4.8424829106180995, 4.843887046219588, 4.846005949558318, 4.849249749506891, 4.854861170096861, 4.864852421424376, 4.882483263559737, 4.912659539208261, 4.960740368814115, 5.02656789890607, 5.088863431538963, 5.104598290696082, 5.068369216678184, 5.029980318965456, 5.031980217680516, 5.059414050166435, 5.087897813522128, 5.1052787232859504, 5.103541759851322, 5.087780638960806, 5.076962619028923, 5.081131088669804, 5.092438443352841, 5.098522660660212, 5.09807503819734]",75,0.7599800212552578,,0.2817549296851789,0.2817549296851798,5.09807503819734,,0.8044388845838133,,,,6.647433519363403,6.903555870056152,True,0.2575957775115967,0.0014603137969970703,0.0,0.2575957775115967,Results/warm_start_cache/list_193_graphs_adjacency_listhog_v04-12_planar_clawFree__filehash_62ae5075/hog_idx000082_2211e950c0c7_seed42_L1_M1_amplified.npz,6.663266181945801,2026-08-27 08:52:51,x86_64,dacsgpu0002,,64,64,3.11.15,0.24,False,False,False,False,,True,True,True,False,adam,False,hamqaoa,0.05,standard,1,1,42,scs,1e-06,100000,False,False,False,hog,False,False,False,False,False,False,True,1,HOG_graphs/Exp5/list_193_graphs_adjacency_listhog_v04-12_planar_clawFree.txt,True,Results/warm_start_cache,512,60,0,16,1,1,0,0,5,0,5,10,42,True,_Exp8_standardZeroAngles,1,42,42,82,"[(0, 1), (2, 3), (1, 6), (0, 4), (2, 6), (3, 5), (0, 3), (4, 6), (5, 6), (3, 4), (1, 5), (2, 5), (2, 4)]","[1.0, 1.0, 1.0, 1.0, 1.0, 1.0, 1.0, 1.0, 1.0, 1.0, 1.0, 1.0, 1.0]"
1f096177,7,12,4,75.0,False,True,"[1, 1, 1]",6.029456259286075,7.588954818708955,7.588954818708955,,,4.499893872067859,4.499893872067861,4.499893872067861,4.499893872067861,"[4.499893872067861, 4.4144962862957575, 4.493854879108029, 4.482158577533134, 4.455917302009449, 4.466430538781551, 4.489107250557201, 4.499028470887568, 4.494838589021421, 4.494264437558873, 4.514242772118038, 4.559747605746523, 4.619080563869522, 4.645760266305895, 4.6290890282283375, 4.6590494479026425, 4.720802225902534, 4.7847136000274775, 4.84371339777756, 4.922769702238553, 4.994241404135132, 5.025205875867278, 5.058483191174905, 5.083419050273379, 5.078011411504567, 5.090574252305056, 5.134672633490061, 5.171092098049007, 5.1852018817417225, 5.209683328780393, 5.2570899923296395, 5.294182472838991, 5.305739507142004, 5.315448494370135, 5.341093105906471, 5.368742214650005, 5.38113994456511, 5.379722114819677, 5.375597735291674, 5.378008254277764, 5.392275987131087, 5.412743006038068, 5.4204882045136085, 5.411229917100109, 5.406077425862317, 5.410503152194757, 5.4146189025617275, 5.4173917593193694, 5.418737424167671, 5.421176990054267, 5.426302574436237, 5.432303674881826, 5.43673297941153, 5.436825039067029, 5.4353701774496646, 5.437099709971872, 5.440476873051373, 5.4419498916861855, 5.441370798330963, 5.440880166563615, 5.441622269226533, 5.44282163213028, 5.444344742006582, 5.447074820051238, 5.4496862283727605, 5.4497579935628, 5.448640000727792, 5.449080979124446, 5.4503148201050005, 5.451446228107193, 5.4531392850178495, 5.454452657267163, 5.4545094270943615, 5.454594277462315, 5.455512134120168, 5.456795314461656]",75,0.7463183541861661,,0.9569014423937956,0.9569014423937974,5.456795314461656,,0.9050227880926323,,,,19.27860975265503,19.451671361923218,True,0.17472076416015625,0.0016448497772216797,0.0,0.17472076416015625,Results/warm_start_cache/list_193_graphs_adjacency_listhog_v04-12_planar_clawFree__filehash_62ae5075/hog_idx000089_84e2b8e56f17_seed42_L1_M1_amplified.npz,19.302923679351807,2026-08-27 08:52:51,x86_64,dacsgpu0002,,64,64,3.11.15,0.26,False,False,False,False,,True,True,True,False,adam,False,hamqaoa,0.05,standard,1,1,42,scs,1e-06,100000,False,False,False,hog,False,False,False,False,False,False,True,1,HOG_graphs/Exp5/list_193_graphs_adjacency_listhog_v04-12_planar_clawFree.txt,True,Results/warm_start_cache,512,60,0,16,1,1,0,0,5,0,5,10,42,True,_Exp8_standardZeroAngles,1,42,42,89,"[(1, 3), (1, 6), (0, 4), (2, 6), (3, 5), (4, 6), (1, 2), (5, 6), (4, 5), (0, 5), (3, 6), (2, 4)]","[1.0, 1.0, 1.0, 1.0, 1.0, 1.0, 1.0, 1.0, 1.0, 1.0, 1.0, 1.0]"
3df8279c,8,12,5,75.0,False,True,"[1, 1, 1]",6.000000000000033,7.499999907899415,7.499999907899415,,,4.226204314325332,4.226204314325334,4.226204314325334,4.226204314325334,"[4.226204314325334, 3.6261430628633637, 4.1543547259018645, 4.12873017228085, 4.072248750716043, 4.22008899225626, 4.324441235728531, 4.331909075561895, 4.337975057001186, 4.362212563809381, 4.300654822750862, 4.339043436774483, 4.441084551807035, 4.483990141292317, 4.4786388125320125, 4.466388844123609, 4.466255304951931, 4.478936178297132, 4.497399560847334, 4.517729945289991, 4.531921858369203, 4.52509806787159, 4.507454617966662, 4.5085068844030385, 4.524013186217836, 4.535245334940195, 4.543645125403307, 4.545380045757325, 4.533985979764074, 4.525703736496238, 4.534647846085993, 4.550380612894273, 4.558930041230558, 4.561551771901805, 4.563564593972058, 4.5663156652658525, 4.572593636196314, 4.582946957177671, 4.592857479477309, 4.601059843782086, 4.609951509987614, 4.620886511802198, 4.635989066837902, 4.657358878400592, 4.6842135687239415, 4.7161231972344275, 4.755948472981572, 4.801820889386432, 4.847413471846779, 4.891463170921539, 4.91649106554218, 4.923843678799743, 4.914904488270075, 4.899563262227284, 4.890587110149029, 4.8985475125793005, 4.918797612093894, 4.939623794149598, 4.955901894783812, 4.963255060279925, 4.969702781030584, 4.9758872508335825, 4.9853649146247365, 4.990606541997836, 4.992746373255513, 4.993349011800083, 4.998517896906575, 5.0058314201919485, 5.012233860946299, 5.0148957765734306, 5.015460972386757, 5.013315787699619, 5.01070358233027, 5.009215754010221, 5.0105783362354295, 5.013355830101196]",75,0.7043673857208851,,0.7871515157758617,0.7871515157758635,5.013355830101196,,0.8355593050168614,,,,36.21168279647827,36.38085985183716,True,0.17041349411010742,0.0012221336364746094,0.0,0.17041349411010742,Results/warm_start_cache/list_193_graphs_adjacency_listhog_v04-12_planar_clawFree__filehash_62ae5075/hog_idx000138_c18c72ca6cfb_seed42_L1_M1_amplified.npz,36.22612929344177,2026-08-27 08:52:51,x86_64,dacsgpu0002,,64,64,3.11.15,0.28,False,False,False,False,,True,True,True,True,adam,False,hamqaoa,0.05,standard,1,1,42,scs,1e-06,100000,False,False,False,hog,False,False,False,False,False,False,True,1,HOG_graphs/Exp5/list_193_graphs_adjacency_listhog_v04-12_planar_clawFree.txt,True,Results/warm_start_cache,512,60,0,16,1,1,0,0,5,0,5,10,42,True,_Exp8_standardZeroAngles,1,42,42,138,"[(2, 7), (1, 6), (0, 4), (5, 7), (4, 6), (4, 5), (3, 7), (2, 5), (0, 5), (1, 4), (3, 6), (6, 7)]","[1.0, 1.0, 1.0, 1.0, 1.0, 1.0, 1.0, 1.0, 1.0, 1.0, 1.0, 1.0]"
a3a5c753,6,8,1,75.0,False,True,"[1, 1, 1]",4.5320888862379505,5.749999840907378,5.749999840907378,,,3.062193768206401,3.0621937682064013,3.0621937682064027,3.0621937682064027,"[3.0621937682064027, 3.0550871282997893, 3.061850057406206, 3.0611800217873326, 3.060550839699107, 3.0624440275029836, 3.066200620132615, 3.0727339518461667, 3.0878952737258754, 3.1157727307068313, 3.1547102527447186, 3.19735094728595, 3.2314678032126607, 3.240629155939774, 3.2287678462792155, 3.2305623519226345, 3.2493246377138485, 3.273099702719558, 3.293185484131551, 3.304237818156097, 3.303643604136818, 3.2987745101278274, 3.298456715019306, 3.302647646341773, 3.30809752273674, 3.3115649305723767, 3.3098152822355513, 3.3031300462870385, 3.2971282390815473, 3.2971919320790346, 3.302086963528343, 3.3066994454215486, 3.30791968241132, 3.3067873519621602, 3.306218153835402, 3.307887280116381, 3.3112290764768315, 3.3143565184600736, 3.3156683588428866, 3.315009984727668, 3.3135896731077183, 3.312848247502232, 3.3133548267649906, 3.3144738286426465, 3.3149824252919786, 3.314382394807935, 3.313416300343664, 3.3129673468745344, 3.313200046857492, 3.3139062641484855, 3.3146587269272714, 3.3149000531626043, 3.3146614514464607, 3.3145868441150603, 3.314960753273426, 3.3154932278582745, 3.315885809948428, 3.3159763799160777, 3.3157653969916616, 3.315564961858889, 3.3156421071083706, 3.3158311109371272, 3.3158574304019175, 3.3157185327706156, 3.315566831041645, 3.3155306244066263, 3.3156538664902797, 3.3158240494789366, 3.3158779707871178, 3.3158322064626518, 3.3158337419226593, 3.3159248078798176, 3.316026160798449, 3.3160680993065577, 3.316036251896982, 3.3159788992414327]",75,0.6756693977262884,,0.2537851310350314,0.25378513103503186,3.3159788992414327,,0.7316667837894061,,,,2.5191125869750977,2.6710920333862305,True,0.15397310256958008,0.0019817352294921875,0.0,0.15397310256958008,Results/warm_start_cache/list_193_graphs_adjacency_listhog_v04-12_planar_clawFree__filehash_62ae5075/hog_idx000140_746ad7d23a24_seed42_L1_M1_amplified.npz,2.538212299346924,2026-08-27 08:52:53,x86_64,dacsgpu0002,,64,64,3.11.15,0.22,False,False,False,False,,True,True,True,False,adam,False,hamqaoa,0.05,standard,1,1,42,scs,1e-06,100000,False,False,False,hog,False,False,False,False,False,False,True,1,HOG_graphs/Exp5/list_193_graphs_adjacency_listhog_v04-12_planar_clawFree.txt,True,Results/warm_start_cache,512,60,0,16,1,1,0,0,5,0,5,10,42,True,_Exp8_standardZeroAngles,1,42,42,140,"[(2, 3), (3, 5), (0, 3), (1, 5), (4, 5), (1, 4), (0, 2), (2, 4)]","[1.0, 1.0, 1.0, 1.0, 1.0, 1.0, 1.0, 1.0]"
59bff094,8,14,5,75.0,False,True,"[1, 1, 1]",7.0,7.9999999942918985,7.9999999942918985,,,4.835612158541289,4.835612158541288,4.835612158541288,4.835612158541288,"[4.835612158541288, 4.477443464429858, 4.803480983114539, 4.760628048529601, 4.679050447979889, 4.750927105658692, 4.859019602285614, 4.8939747616594556, 4.875592084154592, 4.8974316602125425, 4.971150564988311, 5.035325195478505, 5.07572274681019, 5.073859223956386, 5.030760267114598, 5.062008418653933, 5.130802136868214, 5.156131437442075, 5.169235879656789, 5.221056932774389, 5.277045838937117, 5.296179866817358, 5.318683812318768, 5.3760725485531955, 5.405756616360347, 5.370251872894966, 5.3351055753233965, 5.339232716494423, 5.357848336081087, 5.36564282284187, 5.38053072133746, 5.4056156092392635, 5.416380726534548, 5.416955106970251, 5.4220752724021555, 5.42253890005822, 5.411385081342906, 5.40627744958332, 5.416220312560326, 5.42608419193188, 5.429096671180076, 5.4352208854820265, 5.446107204046703, 5.4514519582667385, 5.4506668898708455, 5.451874124260269, 5.453346914520055, 5.453046680905349, 5.456075198999953, 5.460653991049232, 5.46066518326076, 5.458819674367739, 5.460317131142345, 5.462602816237009, 5.462475089986071, 5.462608209184596, 5.4642409386500415, 5.465074256264903, 5.465532385727357, 5.466535980903814, 5.467465428573091, 5.468968082707191, 5.471253368457692, 5.472420468945446, 5.471831815493407, 5.471603338062167, 5.472634522142559, 5.473758869760581, 5.474890646172166, 5.476270881155724, 5.477464288039464, 5.47870729203006, 5.4801534304278015, 5.481647545450066, 5.483501406474242, 5.485696697529365]",75,0.6908017369344697,,0.6500845389880769,0.650084538988076,5.485696697529365,,0.7836709567899093,,,,37.80063796043396,37.98771381378174,True,0.18840456008911133,0.0013167858123779297,0.0,0.18840456008911133,Results/warm_start_cache/list_193_graphs_adjacency_listhog_v04-12_planar_clawFree__filehash_62ae5075/hog_idx000181_8a5224427b04_seed42_L1_M1_amplified.npz,37.81356430053711,2026-08-27 08:52:53,x86_64,dacsgpu0002,,64,64,3.11.15,0.29,False,False,False,False,,True,False,True,False,adam,False,hamqaoa,0.05,standard,1,1,42,scs,1e-06,100000,False,False,False,hog,False,False,False,False,False,False,True,1,HOG_graphs/Exp5/list_193_graphs_adjacency_listhog_v04-12_planar_clawFree.txt,True,Results/warm_start_cache,512,60,0,16,1,1,0,0,5,0,5,10,42,True,_Exp8_standardZeroAngles,1,42,42,181,"[(2, 7), (0, 1), (2, 3), (0, 4), (2, 6), (5, 7), (4, 6), (1, 5), (4, 5), (3, 7), (0, 5), (1, 4), (3, 6), (6, 7)]","[1.0, 1.0, 1.0, 1.0, 1.0, 1.0, 1.0, 1.0, 1.0, 1.0, 1.0, 1.0, 1.0, 1.0]"
ea349a53,6,10,4,75.0,False,True,"[1, 1, 1]",5.000000000000002,6.999999929326005,6.999999929326005,,,3.999999554183468,3.999999554183467,3.999999554183467,3.999999554183467,"[3.999999554183467, 2.964572073951866, 3.923926045941708, 3.7683054032529166, 3.665957100328326, 3.7468618852586006, 3.834156389539084, 3.9641828496538367, 4.078752368673326, 4.095870978001507, 4.110623128621199, 4.186408401339195, 4.230409029359486, 4.187098570388226, 4.165103260140726, 4.255881436463761, 4.396086664721563, 4.472964768815138, 4.456436860680347, 4.424294967635179, 4.43758690363654, 4.485516276140227, 4.5416216604993425, 4.599385623948004, 4.6450036346832295, 4.6460289447897845, 4.611996748783033, 4.601528065128706, 4.638288818531622, 4.676592068809042, 4.67779140881725, 4.678879896727663, 4.716669122691353, 4.755516816812434, 4.753091072281205, 4.740199599906839, 4.7589631457392745, 4.777772139112211, 4.76653230277367, 4.7588745722109485, 4.77769866232936, 4.79558310947211, 4.792951616175676, 4.792896011778515, 4.805654086129171, 4.809585349226304, 4.801528855188422, 4.798425368324002, 4.8017779689991755, 4.802505724875494, 4.801435050891466, 4.803476861032793, 4.806224652889217, 4.806613196489057, 4.807962767270952, 4.812290644524863, 4.814922002021448, 4.814475382886891, 4.81621200492192, 4.819935916994242, 4.82025347064975, 4.818154672719022, 4.818356147396089, 4.8199820893224485, 4.8200041017964566, 4.819907960221546, 4.821316585617225, 4.822396000771342, 4.822374691753002, 4.822362001789605, 4.822743512159903, 4.823350974268011, 4.824119828689173, 4.824758816774675, 4.82499830721144, 4.8253596419140266]",75,0.7999999108366931,,0.8253600877305596,0.8253600877305587,4.8253596419140266,,0.965071928382805,,,,15.496294975280762,15.659245014190674,True,0.1645040512084961,0.0015387535095214844,0.0,0.1645040512084961,Results/warm_start_cache/list_193_graphs_adjacency_listhog_v04-12_planar_clawFree__filehash_62ae5075/hog_idx000047_d3a273edf6c6_seed42_L1_M1_amplified.npz,15.511760711669922,2026-08-27 08:52:54,x86_64,dacsgpu0002,,64,64,3.11.15,0.24,False,False,False,False,,True,False,True,False,adam,False,hamqaoa,0.05,standard,1,1,42,scs,1e-06,100000,False,False,False,hog,False,False,False,False,False,False,True,1,HOG_graphs/Exp5/list_193_graphs_adjacency_listhog_v04-12_planar_clawFree.txt,True,Results/warm_start_cache,512,60,0,16,1,1,0,0,5,0,5,10,42,True,_Exp8_standardZeroAngles,1,42,42,47,"[(0, 1), (2, 3), (0, 4), (3, 5), (3, 4), (1, 5), (2, 5), (0, 5), (1, 4), (2, 4)]","[1.0, 1.0, 1.0, 1.0, 1.0, 1.0, 1.0, 1.0, 1.0, 1.0]"
133d7987,6,8,2,75.0,False,True,"[1, 1, 1]",4.5320888862379505,5.749999840907378,5.749999840907378,,,3.062193768206401,3.0621937682064013,3.0621937682064027,3.0621937682064027,"[3.0621937682064027, 3.034376264263099, 3.0606268979569786, 3.0578255512651014, 3.0525685120222095, 3.0592757950765255, 3.0702493443135572, 3.080353369043182, 3.106067022272256, 3.142592814374066, 3.1808052032816443, 3.2358867263951354, 3.2814178677298615, 3.33009593766359, 3.3803125690355005, 3.420062710586353, 3.4612020296276924, 3.502674884950442, 3.5609295056387165, 3.621830643441189, 3.6585311698909546, 3.6614526858218266, 3.652298969568526, 3.6488627829967175, 3.644750614985651, 3.6327120779824993, 3.618013077901912, 3.6068589071927635, 3.604087940599464, 3.6141081350088347, 3.6317085258137713, 3.647024536002104, 3.6574549272038928, 3.6648518885811647, 3.67003332316018, 3.6751872541405186, 3.677925694979594, 3.6738185411232496, 3.6670333160592152, 3.663488554043596, 3.664056706941378, 3.66661380513723, 3.668642036213644, 3.670672113172517, 3.674651512605338, 3.6795320817059687, 3.6827438844701046, 3.682582185720183, 3.6799903085342125, 3.6782797429081144, 3.6783042854260897, 3.6785198556332253, 3.678073507133897, 3.677463854257639, 3.6781117596635005, 3.680118788435113, 3.6819282806494815, 3.682688324727334, 3.6825880912120112, 3.682296069729807, 3.6821785402882963, 3.6819639830693265, 3.6817585476214156, 3.681718883407644, 3.6818477767076256, 3.682155684707039, 3.6825748304280004, 3.6831021682970153, 3.6834419957515294, 3.6833772681545556, 3.683062075615742, 3.6828522564861763, 3.682919778080107, 3.682990811944476, 3.6829515988264037, 3.6829340158294643]",75,0.6756693977262884,,0.620740247623063,0.6207402476230635,3.6829340158294643,,0.8126349920040155,,,,4.843310832977295,4.995707035064697,True,0.15397310256958008,0.001561880111694336,0.0,0.15397310256958008,Results/warm_start_cache/list_193_graphs_adjacency_listhog_v04-12_planar_clawFree__filehash_62ae5075/hog_idx000140_746ad7d23a24_seed42_L1_M1_amplified.npz,4.859363555908203,2026-08-27 08:52:55,x86_64,dacsgpu0002,,64,64,3.11.15,0.23,False,False,False,False,,True,True,True,False,adam,False,hamqaoa,0.05,standard,1,1,42,scs,1e-06,100000,False,False,False,hog,False,False,False,False,False,False,True,1,HOG_graphs/Exp5/list_193_graphs_adjacency_listhog_v04-12_planar_clawFree.txt,True,Results/warm_start_cache,512,60,0,16,1,1,0,0,5,0,5,10,42,True,_Exp8_standardZeroAngles,1,42,42,140,"[(2, 3), (3, 5), (0, 3), (1, 5), (4, 5), (1, 4), (0, 2), (2, 4)]","[1.0, 1.0, 1.0, 1.0, 1.0, 1.0, 1.0, 1.0]"
b2a7446e,7,13,3,75.0,False,True,"[1, 1, 1]",6.337429897903175,8.199999996491057,8.199999996491057,,,4.81632010851216,4.816320108512161,4.816320108512161,4.816320108512161,"[4.816320108512161, 4.621389244504243, 4.800934437094886, 4.76467814309462, 4.709376197572984, 4.763508169232928, 4.8157096393083405, 4.801990276286806, 4.766651988794621, 4.764716246356812, 4.7925810726135465, 4.816483422595019, 4.812187646674891, 4.792520047642761, 4.786772704821004, 4.8007032528973745, 4.816364424818726, 4.817373535998014, 4.807116450385762, 4.801070221345179, 4.806673896207581, 4.817087633528796, 4.8212622665623455, 4.817251317078378, 4.813734536557665, 4.81790900411715, 4.826294496324817, 4.82998024693273, 4.827380863779743, 4.826359029549553, 4.8308447820601605, 4.835103230674561, 4.834141618187126, 4.8312161391469015, 4.832002913272093, 4.836490884178658, 4.8407367161300385, 4.843926206616003, 4.849474819398523, 4.859054376349297, 4.870933220697875, 4.886849398659687, 4.91538250633205, 4.965349322148393, 5.037595239853249, 5.124591114210287, 5.21342091059198, 5.296095372526969, 5.360595105006572, 5.387121154600809, 5.362194624498319, 5.3337989673193, 5.340507505450035, 5.359320593395356, 5.397723966929441, 5.445596739718291, 5.468923433388003, 5.456038363457426, 5.433622589956884, 5.420919396435741, 5.413650609958552, 5.41431540218138, 5.43087491630047, 5.452401942638221, 5.4611623740673085, 5.458684040288516, 5.454640713104103, 5.449372999438958, 5.446943716099309, 5.454500675837758, 5.46643090779213, 5.472911378187377, 5.474253807817155, 5.4728855788110895, 5.469162087961295, 5.46677810705631]",75,0.7599800212552578,,0.650457998544149,0.6504579985441499,5.46677810705631,,0.8626175271564058,,,,11.546059131622314,11.802083015441895,True,0.2575957775115967,0.0015583038330078125,0.0,0.2575957775115967,Results/warm_start_cache/list_193_graphs_adjacency_listhog_v04-12_planar_clawFree__filehash_62ae5075/hog_idx000082_2211e950c0c7_seed42_L1_M1_amplified.npz,11.562702655792236,2026-08-27 08:52:56,x86_64,dacsgpu0002,,64,64,3.11.15,0.25,False,False,False,False,,True,True,True,False,adam,False,hamqaoa,0.05,standard,1,1,42,scs,1e-06,100000,False,False,False,hog,False,False,False,False,False,False,True,1,HOG_graphs/Exp5/list_193_graphs_adjacency_listhog_v04-12_planar_clawFree.txt,True,Results/warm_start_cache,512,60,0,16,1,1,0,0,5,0,5,10,42,True,_Exp8_standardZeroAngles,1,42,42,82,"[(0, 1), (2, 3), (1, 6), (0, 4), (2, 6), (3, 5), (0, 3), (4, 6), (5, 6), (3, 4), (1, 5), (2, 5), (2, 4)]","[1.0, 1.0, 1.0, 1.0, 1.0, 1.0, 1.0, 1.0, 1.0, 1.0, 1.0, 1.0, 1.0]"
38cd6c8f,8,9,5,75.0,False,True,"[1, 1, 1]",5.383497565249779,6.749999998384086,6.749999998384086,,,3.5986401885599086,3.598640188559908,3.598640188559908,3.598640188559908,"[3.598640188559908, 3.1339908757629993, 3.5830407401684257, 3.5830005743923845, 3.6310630726563677, 3.5949718882329296, 3.5657024201879692, 3.7084842581119726, 3.766462290802585, 3.7164774341792874, 3.748242422775333, 3.8539577395656375, 3.9254667794553533, 3.924003809472681, 3.9251849784987565, 3.9604561440413226, 3.994848111537738, 4.001536185952278, 3.9947771590703227, 4.000305544464577, 4.03225583182864, 4.070694310785426, 4.083252836699009, 4.070533423725165, 4.069774750558571, 4.092812199841098, 4.115449404754886, 4.122215106586238, 4.130260763413167, 4.156035811394885, 4.192954452655593, 4.2296901449267335, 4.265260822304553, 4.3107827105905105, 4.375083854753337, 4.443069436143131, 4.492018664489269, 4.507168306519573, 4.488887963954505, 4.467812004130387, 4.472149868455146, 4.491679078977093, 4.504799134438915, 4.512721131598155, 4.52921155747654, 4.551064454401184, 4.567038054260314, 4.57320336426055, 4.568784556399286, 4.562011642548549, 4.563830663419976, 4.573938383111205, 4.583845898872627, 4.587427423998056, 4.58880332364583, 4.593894821113209, 4.60035135092174, 4.6058780140314095, 4.61000863876964, 4.611749857255835, 4.613922722682315, 4.616790283301989, 4.616874526184541, 4.615076748118091, 4.61474352591841, 4.616971811928588, 4.621213598081903, 4.625312441776878, 4.626702417517013, 4.62593235662306, 4.625840414276043, 4.627003942275061, 4.627717767838819, 4.6275095427884825, 4.627725758638978, 4.6292504074968175]",75,0.6684576606459265,,1.0306102189369093,1.0306102189369089,4.6292504074968175,,0.8598964430444641,,,,32.558485984802246,32.75025033950806,True,0.19311881065368652,0.0013380050659179688,0.0,0.19311881065368652,Results/warm_start_cache/list_193_graphs_adjacency_listhog_v04-12_planar_clawFree__filehash_62ae5075/hog_idx000099_8e9fbd598064_seed42_L1_M1_amplified.npz,32.57241749763489,2026-08-27 08:52:58,x86_64,dacsgpu0002,,64,64,3.11.15,0.3,False,False,False,False,,True,False,True,False,adam,False,hamqaoa,0.05,standard,1,1,42,scs,1e-06,100000,False,False,False,hog,False,False,False,False,False,False,True,1,HOG_graphs/Exp5/list_193_graphs_adjacency_listhog_v04-12_planar_clawFree.txt,True,Results/warm_start_cache,512,60,0,16,1,1,0,0,5,0,5,10,42,True,_Exp8_standardZeroAngles,1,42,42,99,"[(0, 1), (4, 7), (2, 6), (5, 6), (3, 4), (1, 5), (3, 7), (2, 5), (6, 7)]","[1.0, 1.0, 1.0, 1.0, 1.0, 1.0, 1.0, 1.0, 1.0]"
dcee156f,6,7,1,75.0,False,True,"[1, 1, 1]",4.366025403784438,5.587908124165368,5.587908124165368,,,2.9362045757632522,2.936204575763252,2.936204575763252,2.936204575763252,"[2.936204575763252, 2.9205607569191057, 2.936378436994982, 2.9348459982829747, 2.9295250845568206, 2.9317974195687158, 2.9358889348108526, 2.9370010751734803, 2.9354163799624935, 2.9337797630615152, 2.9338203614172453, 2.9351992728352214, 2.936607113361383, 2.9371031669964562, 2.9366431872897714, 2.935900557717801, 2.935612483326531, 2.935964649295131, 2.9365983785479517, 2.937069165953651, 2.937190988351496, 2.9370511734329345, 2.9368438191420516, 2.9367217403426094, 2.9367465551656746, 2.9369079665395263, 2.9371563846175905, 2.9374244097984312, 2.937649418156763, 2.9378060755322513, 2.9379227357936273, 2.9380575136913016, 2.938255684830676, 2.938535760006421, 2.938903388254942, 2.9393513530927, 2.9398536664582418, 2.940396717278328, 2.940996104770822, 2.9416550916610067, 2.942363266262192, 2.9431178857829807, 2.943880397627826, 2.9445809482913927, 2.945150424588287, 2.9454947699856433, 2.94553909663025, 2.9452963565654184, 2.9448886642522214, 2.944518888924661, 2.9443421212365974, 2.9443890605157836, 2.9445969230671643, 2.9448611999407692, 2.9451052644601186, 2.945302408640263, 2.94543980479674, 2.9455178278126235, 2.945540278371284, 2.945509209059656, 2.945442870277617, 2.94536323514164, 2.9452954610290116, 2.9452618688577545, 2.9452698950887757, 2.945320046476635, 2.9453994749671253, 2.9454895295199828, 2.9455710402000395, 2.945626007574286, 2.9456474399964234, 2.945635863497687, 2.945602292696901, 2.9455629156002416, 2.945532536646754, 2.945522111391778]",75,0.6725120227697649,,0.009317535628526219,0.009317535628525775,2.945522111391778,,0.6746461229562754,,,,2.4934988021850586,2.616823673248291,True,0.12484478950500488,0.001508474349975586,0.0,0.12484478950500488,Results/warm_start_cache/list_193_graphs_adjacency_listhog_v04-12_planar_clawFree__filehash_62ae5075/hog_idx000141_b414839d06f5_seed42_L1_M1_amplified.npz,2.5086514949798584,2026-08-27 08:52:59,x86_64,dacsgpu0002,,64,64,3.11.15,0.22,False,False,False,False,,True,True,True,False,adam,False,hamqaoa,0.05,standard,1,1,42,scs,1e-06,100000,False,False,False,hog,False,False,False,False,False,False,True,1,HOG_graphs/Exp5/list_193_graphs_adjacency_listhog_v04-12_planar_clawFree.txt,True,Results/warm_start_cache,512,60,0,16,1,1,0,0,5,0,5,10,42,True,_Exp8_standardZeroAngles,1,42,42,141,"[(0, 1), (3, 5), (3, 4), (4, 5), (2, 5), (1, 4), (0, 2)]","[1.0, 1.0, 1.0, 1.0, 1.0, 1.0, 1.0]"
799a4186,6,8,3,75.0,False,True,"[1, 1, 1]",4.5320888862379505,5.749999840907378,5.749999840907378,,,3.062193768206401,3.0621937682064013,3.0621937682064027,3.0621937682064027,"[3.0621937682064027, 3.0018243870785577, 3.0588262462517646, 3.053242627730427, 3.0437185665245274, 3.062034633014021, 3.094730340799548, 3.13716921164508, 3.1677567374599747, 3.174144766737593, 3.2097004636244444, 3.292220413090299, 3.3955331472969124, 3.5034182640800795, 3.6072173018806306, 3.6496228835705753, 3.5830450553871156, 3.5150061137494655, 3.5234566070042668, 3.5857010831091274, 3.636590092071943, 3.6530679705049383, 3.6500009999962084, 3.634650589438743, 3.624276844009139, 3.6145886194504584, 3.611128114383561, 3.6222639887064827, 3.639001651565413, 3.6584495919927953, 3.6711496201515126, 3.6751664916064803, 3.672678754981484, 3.663659407228764, 3.6588817785477854, 3.660394665620401, 3.6678420164498378, 3.676018343422649, 3.6788694689876, 3.680046532204995, 3.6795275505426894, 3.6789228647599796, 3.677856855040595, 3.6770087101830677, 3.6786091385751494, 3.681072804857033, 3.6839839031504193, 3.6859028818369666, 3.6877126790239125, 3.6881591276597776, 3.6872762293947, 3.6867450162484094, 3.6874868034227637, 3.68906072530215, 3.6906409264133035, 3.6926433209664697, 3.6942968682268558, 3.695090697830921, 3.6953821218905603, 3.6964828956733546, 3.6981547320614827, 3.700265051669349, 3.702741249743794, 3.705575599734463, 3.708113995603925, 3.710451534576081, 3.7125607916724928, 3.7142032929612125, 3.7149998768459653, 3.7153319658809654, 3.7153405389855236, 3.7150821320749965, 3.7147443192044993, 3.7150021203759107, 3.716015526335968, 3.7175818772297426]",75,0.6756693977262884,,0.6553881090233413,0.6553881090233418,3.7175818772297426,,0.8202800012414754,,,,8.774331331253052,8.927060604095459,True,0.15397310256958008,0.001232147216796875,0.0,0.15397310256958008,Results/warm_start_cache/list_193_graphs_adjacency_listhog_v04-12_planar_clawFree__filehash_62ae5075/hog_idx000140_746ad7d23a24_seed42_L1_M1_amplified.npz,8.786316394805908,2026-08-27 08:52:59,x86_64,dacsgpu0002,,64,64,3.11.15,0.23,False,False,False,False,,True,True,True,False,adam,False,hamqaoa,0.05,standard,1,1,42,scs,1e-06,100000,False,False,False,hog,False,False,False,False,False,False,True,1,HOG_graphs/Exp5/list_193_graphs_adjacency_listhog_v04-12_planar_clawFree.txt,True,Results/warm_start_cache,512,60,0,16,1,1,0,0,5,0,5,10,42,True,_Exp8_standardZeroAngles,1,42,42,140,"[(2, 3), (3, 5), (0, 3), (1, 5), (4, 5), (1, 4), (0, 2), (2, 4)]","[1.0, 1.0, 1.0, 1.0, 1.0, 1.0, 1.0, 1.0]"
f98c49f2,6,7,2,75.0,False,True,"[1, 1, 1]",4.366025403784438,5.587908124165368,5.587908124165368,,,2.9362045757632522,2.936204575763252,2.936204575763252,2.936204575763252,"[2.936204575763252, 2.843981686366411, 2.9321906671743614, 2.920344137504889, 2.894596634275356, 2.9051052346959993, 2.9264324229273844, 2.936830553745415, 2.9341371346508516, 2.9271682924396614, 2.9236627043019574, 2.9252237403759955, 2.9290333163761626, 2.931881470248383, 2.932952672436691, 2.933762973910249, 2.935471416377199, 2.9368895377829034, 2.9361700085586553, 2.9338747289033336, 2.9328630504251403, 2.9346429907304206, 2.9376272136474655, 2.939675380433477, 2.9409174672744234, 2.942999325440678, 2.946342870585952, 2.950267250432416, 2.9558958882424253, 2.966830452893625, 2.9866590008613096, 3.018362366213654, 3.0663701009188036, 3.1348375590674973, 3.220263146942922, 3.3039878743166096, 3.366812447419229, 3.400114135942563, 3.3937077997732734, 3.372728932751775, 3.3625541635578493, 3.3651366841645722, 3.38114653264363, 3.408516644975068, 3.432105121934962, 3.4416029838761717, 3.4395786054499293, 3.4318370112060896, 3.423498241910893, 3.4197394881971186, 3.4233245098341403, 3.432009131427785, 3.441421120770175, 3.4501748442764306, 3.4579537859715432, 3.4619125711968177, 3.460341613256292, 3.456017056764188, 3.4522754609218325, 3.450246021855443, 3.4510572036414433, 3.4551946637868274, 3.460702130164788, 3.465221843525893, 3.4677937023475844, 3.467853004976833, 3.465415861573469, 3.4622139251067234, 3.4605923257248503, 3.461317951283879, 3.463399228513637, 3.4657318227196474, 3.46777489480177, 3.4688549869382204, 3.468549330622851, 3.4674928222925825]",75,0.6725120227697649,,0.5312882465293307,0.5312882465293303,3.4674928222925825,,0.7941989570850837,,,,4.859140157699585,4.982317686080933,True,0.12484478950500488,0.0016527175903320312,0.0,0.12484478950500488,Results/warm_start_cache/list_193_graphs_adjacency_listhog_v04-12_planar_clawFree__filehash_62ae5075/hog_idx000141_b414839d06f5_seed42_L1_M1_amplified.npz,4.878583669662476,2026-08-27 08:53:01,x86_64,dacsgpu0002,,64,64,3.11.15,0.23,False,False,False,False,,True,True,True,False,adam,False,hamqaoa,0.05,standard,1,1,42,scs,1e-06,100000,False,False,False,hog,False,False,False,False,False,False,True,1,HOG_graphs/Exp5/list_193_graphs_adjacency_listhog_v04-12_planar_clawFree.txt,True,Results/warm_start_cache,512,60,0,16,1,1,0,0,5,0,5,10,42,True,_Exp8_standardZeroAngles,1,42,42,141,"[(0, 1), (3, 5), (3, 4), (4, 5), (2, 5), (1, 4), (0, 2)]","[1.0, 1.0, 1.0, 1.0, 1.0, 1.0, 1.0]"
c83ce43d,7,13,4,75.0,False,True,"[1, 1, 1]",6.337429897903175,8.199999996491057,8.199999996491057,,,4.81632010851216,4.816320108512161,4.816320108512161,4.816320108512161,"[4.816320108512161, 4.489202342884875, 4.786277660801909, 4.713806400080581, 4.637845172980322, 4.74121771224881, 4.8180653245416325, 4.775762009810979, 4.724043224793581, 4.736047198909472, 4.787267934264318, 4.817120103445363, 4.796802999795531, 4.766584669638465, 4.769380555211716, 4.797908121822377, 4.81772795532605, 4.811320362391879, 4.794945570832672, 4.791983534728774, 4.805403103180618, 4.819995800433647, 4.822085707526187, 4.814215330855805, 4.809477940612386, 4.81492257078736, 4.825722559889564, 4.832778482644898, 4.832834972395602, 4.830352562880886, 4.830733818467145, 4.834956436886407, 4.840622522822597, 4.8455183856504185, 4.849354014061252, 4.853449155510116, 4.859789623989109, 4.86992504214795, 4.882307586566882, 4.892904338529309, 4.903049039758488, 4.919662462563797, 4.947198706688383, 4.9877398921971645, 5.051354516646682, 5.147527181145442, 5.243645170510898, 5.314739806048422, 5.363867938619116, 5.36429930069059, 5.363349825813451, 5.389474652483257, 5.418202632944625, 5.433667520051552, 5.432172004804907, 5.422479186319824, 5.413080223185646, 5.411566482591066, 5.426154613933393, 5.450126647858398, 5.473146760629939, 5.490644825273245, 5.499624012858854, 5.504404072781968, 5.512806540481597, 5.52318992091663, 5.5311812084608, 5.533344428063864, 5.52837677103355, 5.522122137984748, 5.524317392564897, 5.531687499165721, 5.532730314926355, 5.52866955100257, 5.528646431804233, 5.534416558328127]",75,0.7599800212552578,,0.7180964498159659,0.7180964498159668,5.534416558328127,,0.8732903791423814,,,,19.04590368270874,19.302159070968628,True,0.2575957775115967,0.0013246536254882812,0.0,0.2575957775115967,Results/warm_start_cache/list_193_graphs_adjacency_listhog_v04-12_planar_clawFree__filehash_62ae5075/hog_idx000082_2211e950c0c7_seed42_L1_M1_amplified.npz,19.06007194519043,2026-08-27 08:53:04,x86_64,dacsgpu0002,,64,64,3.11.15,0.26,False,False,False,False,,True,True,True,False,adam,False,hamqaoa,0.05,standard,1,1,42,scs,1e-06,100000,False,False,False,hog,False,False,False,False,False,False,True,1,HOG_graphs/Exp5/list_193_graphs_adjacency_listhog_v04-12_planar_clawFree.txt,True,Results/warm_start_cache,512,60,0,16,1,1,0,0,5,0,5,10,42,True,_Exp8_standardZeroAngles,1,42,42,82,"[(0, 1), (2, 3), (1, 6), (0, 4), (2, 6), (3, 5), (0, 3), (4, 6), (5, 6), (3, 4), (1, 5), (2, 5), (2, 4)]","[1.0, 1.0, 1.0, 1.0, 1.0, 1.0, 1.0, 1.0, 1.0, 1.0, 1.0, 1.0, 1.0]"
2ceeadc0,7,12,5,75.0,False,True,"[1, 1, 1]",6.029456259286075,7.588954818708955,7.588954818708955,,,4.499893872067859,4.499893872067861,4.499893872067861,4.499893872067861,"[4.499893872067861, 4.369117269067392, 4.490162778907395, 4.474069576348042, 4.438339215643557, 4.46698243144039, 4.516861411450496, 4.57266055953489, 4.605686757445748, 4.621128165928385, 4.660716255217502, 4.703763904831556, 4.753353819787767, 4.775161417951792, 4.818838293172899, 4.920357981101405, 5.056882857989201, 5.142877472783959, 5.131586928875491, 5.0929326775598325, 5.098634916527642, 5.164518320027189, 5.209706042468843, 5.192802564766104, 5.168175657664967, 5.171139286013828, 5.1923454437828545, 5.230667141286696, 5.278277311683548, 5.291542259792351, 5.268521761649743, 5.287734078031631, 5.338562981985313, 5.362020482276424, 5.366912703026946, 5.377834306841651, 5.399502369495251, 5.411540746128185, 5.411878930511681, 5.416501658535197, 5.4159185621814645, 5.404382240805866, 5.409554969257221, 5.425338208389361, 5.4306091618395245, 5.433597066766493, 5.433108214532585, 5.428073287021854, 5.430695183803047, 5.437995395705721, 5.439270775243845, 5.439822489138998, 5.443466181873375, 5.4441077339062565, 5.44355572168801, 5.445935088378344, 5.4482708785623934, 5.448958528501695, 5.448695816162614, 5.4466438433841295, 5.44637696194446, 5.449460206826343, 5.451327587777563, 5.452155638801483, 5.453467443721811, 5.45357456596135, 5.453264518851608, 5.453771781780617, 5.453865479861802, 5.453974445997421, 5.454500102407823, 5.454679109357945, 5.4552684333008665, 5.4561158247056305, 5.456171114782211, 5.4561306517744885]",75,0.7463183541861661,,0.9562367797066278,0.9562367797066296,5.4561306517744885,,0.9049125521677684,,,,27.67753529548645,27.84594202041626,True,0.17472076416015625,0.006298065185546875,0.0,0.17472076416015625,Results/warm_start_cache/list_193_graphs_adjacency_listhog_v04-12_planar_clawFree__filehash_62ae5075/hog_idx000089_84e2b8e56f17_seed42_L1_M1_amplified.npz,27.71045970916748,2026-08-27 08:53:05,x86_64,dacsgpu0002,,64,64,3.11.15,0.26,False,False,False,False,,True,True,True,False,adam,False,hamqaoa,0.05,standard,1,1,42,scs,1e-06,100000,False,False,False,hog,False,False,False,False,False,False,True,1,HOG_graphs/Exp5/list_193_graphs_adjacency_listhog_v04-12_planar_clawFree.txt,True,Results/warm_start_cache,512,60,0,16,1,1,0,0,5,0,5,10,42,True,_Exp8_standardZeroAngles,1,42,42,89,"[(1, 3), (1, 6), (0, 4), (2, 6), (3, 5), (4, 6), (1, 2), (5, 6), (4, 5), (0, 5), (3, 6), (2, 4)]","[1.0, 1.0, 1.0, 1.0, 1.0, 1.0, 1.0, 1.0, 1.0, 1.0, 1.0, 1.0]"
b2a624f9,6,8,4,75.0,False,True,"[1, 1, 1]",4.5320888862379505,5.749999840907378,5.749999840907378,,,3.062193768206401,3.0621937682064013,3.0621937682064027,3.0621937682064027,"[3.0621937682064027, 2.960092317505982, 3.0566957643305828, 3.0478702890538774, 3.036274488980528, 3.0581070537373316, 3.0750686635889437, 3.087317814525461, 3.1016752126296927, 3.135384123699745, 3.209801090957955, 3.317010964905492, 3.4296494972520164, 3.563522970400454, 3.621290698816087, 3.5751207566458074, 3.5426589517680434, 3.5659843523168515, 3.5977149951380385, 3.583646910867686, 3.5998047529899213, 3.6445113440376056, 3.6815580457408372, 3.6930337744993724, 3.6816966367931308, 3.667735268241035, 3.6561483081644783, 3.6525886299635584, 3.6615006338624427, 3.6732068206194084, 3.687788942533261, 3.7050484744585153, 3.7188178422045635, 3.72977189413682, 3.734067267190645, 3.7372777293799864, 3.742972834276148, 3.7505173970132994, 3.7637628911997982, 3.7830754179448913, 3.808848323710496, 3.8360874117398756, 3.863629498137253, 3.8892395884066366, 3.9068231870285244, 3.9164335743599907, 3.9268084054359536, 3.9402650552307072, 3.9501254217844255, 3.9531070786980305, 3.9496572390386024, 3.942232615493684, 3.935225001907998, 3.9322681041564236, 3.9351916201546526, 3.9406112540246157, 3.9454952469930586, 3.949243736254398, 3.950703256007472, 3.952130814706825, 3.9537044696692862, 3.955064205298389, 3.957156510441138, 3.9588657107332157, 3.959620533192545, 3.960092086878069, 3.961126890685599, 3.962842293197084, 3.9644915796537874, 3.965304006768249, 3.9652251947668753, 3.964926350830721, 3.9653356960635184, 3.966880475162625, 3.9680953721599592, 3.968290919709229]",75,0.6756693977262884,,0.9060971515028275,0.906097151502828,3.968290919709229,,0.8755986520386352,,,,14.391751766204834,14.544084310531616,True,0.15397310256958008,0.0016243457794189453,0.0,0.15397310256958008,Results/warm_start_cache/list_193_graphs_adjacency_listhog_v04-12_planar_clawFree__filehash_62ae5075/hog_idx000140_746ad7d23a24_seed42_L1_M1_amplified.npz,14.425243854522705,2026-08-27 08:53:05,x86_64,dacsgpu0002,,64,64,3.11.15,0.24,False,False,False,False,,True,True,True,False,adam,False,hamqaoa,0.05,standard,1,1,42,scs,1e-06,100000,False,False,False,hog,False,False,False,False,False,False,True,1,HOG_graphs/Exp5/list_193_graphs_adjacency_listhog_v04-12_planar_clawFree.txt,True,Results/warm_start_cache,512,60,0,16,1,1,0,0,5,0,5,10,42,True,_Exp8_standardZeroAngles,1,42,42,140,"[(2, 3), (3, 5), (0, 3), (1, 5), (4, 5), (1, 4), (0, 2), (2, 4)]","[1.0, 1.0, 1.0, 1.0, 1.0, 1.0, 1.0, 1.0]"
67402c7d,6,7,3,75.0,False,True,"[1, 1, 1]",4.366025403784438,5.587908124165368,5.587908124165368,,,2.9362045757632522,2.936204575763252,2.936204575763252,2.936204575763252,"[2.936204575763252, 2.7083176758617618, 2.92377859244976, 2.8961780015146754, 2.8390042804228903, 2.859808155327547, 2.907625624317383, 2.9363134972817537, 2.9344399481339245, 2.9182460915090975, 2.9083538254611563, 2.9113180921569093, 2.918818846162799, 2.9215287632810867, 2.9211055665147327, 2.925197368324336, 2.9338456737757976, 2.9392866984484978, 2.937666078614239, 2.934082512145511, 2.9339701300007373, 2.9361939652537514, 2.937811341386958, 2.9403772272099378, 2.948019037705773, 2.9621784195549625, 2.982179467404278, 3.008883609822876, 3.0465144428233275, 3.1055541653118697, 3.1950880064989517, 3.309124255927522, 3.415017094634488, 3.465446237696283, 3.4535766070298637, 3.407084175452888, 3.370999648893416, 3.373166218661175, 3.406607967021612, 3.4456268194692385, 3.471568122713854, 3.483553756910949, 3.48729870224561, 3.4834219646037563, 3.471546322848784, 3.456617517472986, 3.4518226123959606, 3.462926520323065, 3.481594276016032, 3.4960913094374777, 3.5008313683570567, 3.4976508337224415, 3.492722445477042, 3.4908284996789813, 3.492094845591188, 3.4957342192818532, 3.5003193442491325, 3.503562276197934, 3.5053741194313326, 3.5065761967351396, 3.5068268337157846, 3.5061264218623984, 3.505039171913113, 3.5043530828702103, 3.5053344226783865, 3.508015449213124, 3.5107252530315782, 3.5121729155649906, 3.511828919364108, 3.510109894089488, 3.508838588874508, 3.5090441936727386, 3.5101694211267165, 3.5116147902831227, 3.5126764058081448, 3.512956049221579]",75,0.6725120227697649,,0.576751473458327,0.5767514734583266,3.512956049221579,,0.8046119122844715,,,,8.954756259918213,9.078431606292725,True,0.12484478950500488,0.0011551380157470703,0.0,0.12484478950500488,Results/warm_start_cache/list_193_graphs_adjacency_listhog_v04-12_planar_clawFree__filehash_62ae5075/hog_idx000141_b414839d06f5_seed42_L1_M1_amplified.npz,8.968678951263428,2026-08-27 08:53:06,x86_64,dacsgpu0002,,64,64,3.11.15,0.23,False,False,False,False,,True,True,True,False,adam,False,hamqaoa,0.05,standard,1,1,42,scs,1e-06,100000,False,False,False,hog,False,False,False,False,False,False,True,1,HOG_graphs/Exp5/list_193_graphs_adjacency_listhog_v04-12_planar_clawFree.txt,True,Results/warm_start_cache,512,60,0,16,1,1,0,0,5,0,5,10,42,True,_Exp8_standardZeroAngles,1,42,42,141,"[(0, 1), (3, 5), (3, 4), (4, 5), (2, 5), (1, 4), (0, 2)]","[1.0, 1.0, 1.0, 1.0, 1.0, 1.0, 1.0]"
905765fe,6,10,5,75.0,False,True,"[1, 1, 1]",5.000000000000002,6.999999929326005,6.999999929326005,,,3.999999554183468,3.999999554183467,3.999999554183467,3.999999554183467,"[3.999999554183467, 2.5648918834155836, 3.880355270977287, 3.6280111530803083, 3.592616614870634, 3.645626332241486, 3.7919300618628213, 4.059719546486849, 4.153518448131218, 4.131761106699482, 4.179015828027147, 4.195192837810817, 4.172554332373997, 4.2237040815267095, 4.36566896214036, 4.503631504218552, 4.521914328310869, 4.459788046368412, 4.422070085704072, 4.4388302333578356, 4.49858984037074, 4.571985428802055, 4.619557690587032, 4.61063098052025, 4.560716614924396, 4.535464913503895, 4.5631011545376685, 4.610432106043316, 4.652653575640211, 4.685917936865711, 4.707432748287694, 4.728060707564758, 4.743148425498152, 4.751163931137757, 4.761116234306385, 4.772982376908782, 4.783027186621182, 4.77725880170082, 4.762448492298688, 4.765473673572695, 4.769877973042538, 4.772520059105662, 4.788529211555651, 4.798682956698471, 4.7998765330017275, 4.8021050459507295, 4.805092113974914, 4.808903564737604, 4.8130398651837725, 4.8148266537618705, 4.814258202108971, 4.8124057342253375, 4.811747874538525, 4.813309480023798, 4.814065516300009, 4.815619366775072, 4.817030599644172, 4.815760923934088, 4.816727538184953, 4.819753171088632, 4.821737654884525, 4.823911881719352, 4.825517800251317, 4.827022821073474, 4.82862268426719, 4.830790189629383, 4.832875636433891, 4.833659401152712, 4.834650873032029, 4.835539465734834, 4.837146403360317, 4.839434428258253, 4.841201508715144, 4.843112912986187, 4.845503773877936, 4.848331645069988]",75,0.7999999108366931,,0.8483320908865206,0.8483320908865197,4.848331645069988,,0.9696663290139972,,,,22.78898334503174,22.951943159103394,True,0.1645040512084961,0.0015268325805664062,0.0,0.1645040512084961,Results/warm_start_cache/list_193_graphs_adjacency_listhog_v04-12_planar_clawFree__filehash_62ae5075/hog_idx000047_d3a273edf6c6_seed42_L1_M1_amplified.npz,22.80899977684021,2026-08-27 08:53:06,x86_64,dacsgpu0002,,64,64,3.11.15,0.25,False,False,False,False,,True,False,True,False,adam,False,hamqaoa,0.05,standard,1,1,42,scs,1e-06,100000,False,False,False,hog,False,False,False,False,False,False,True,1,HOG_graphs/Exp5/list_193_graphs_adjacency_listhog_v04-12_planar_clawFree.txt,True,Results/warm_start_cache,512,60,0,16,1,1,0,0,5,0,5,10,42,True,_Exp8_standardZeroAngles,1,42,42,47,"[(0, 1), (2, 3), (0, 4), (3, 5), (3, 4), (1, 5), (2, 5), (0, 5), (1, 4), (2, 4)]","[1.0, 1.0, 1.0, 1.0, 1.0, 1.0, 1.0, 1.0, 1.0, 1.0]"
4bb7f399,5,6,1,75.0,False,True,"[1, 1, 1]",3.588704840449648,4.778229027649818,4.778229027649818,,,2.0238986947799833,2.0238986947799833,2.0238986947799833,2.0238986947799833,"[2.0238986947799833, 2.021282565427593, 2.0258008019647233, 2.0276428712163934, 2.026629857746257, 2.0269558954631934, 2.0281166306750227, 2.03012651147113, 2.0325819527143194, 2.035062462656807, 2.038930346821678, 2.0453749997246384, 2.054560611549278, 2.0671732473790576, 2.0830134915386522, 2.099604271505314, 2.1121405135569224, 2.1178731218419142, 2.1208746652000503, 2.1251045427130983, 2.1298727527898023, 2.1315273987504963, 2.1286306010193043, 2.123261196592628, 2.118632419044723, 2.1168646220577805, 2.1184419181663707, 2.122445398400187, 2.1271105371118044, 2.1306552811739827, 2.132284222502339, 2.1326312711034565, 2.1328636243469696, 2.1333705817632564, 2.133637890938537, 2.133150309612986, 2.1320327436518323, 2.130890840971028, 2.130346181685034, 2.130715172012728, 2.1318373142806375, 2.1331521054588807, 2.134087845359823, 2.134475053747264, 2.134573167827562, 2.134687213359335, 2.134846240763446, 2.134861012572389, 2.1346026768641493, 2.1341811104941337, 2.1338830525299386, 2.1339409030880496, 2.134321666575225, 2.134761122603562, 2.135026252900588, 2.1351051473427094, 2.1351275397257137, 2.1351721079286023, 2.135203843472388, 2.1351559502533126, 2.1350258526832726, 2.1348997518961985, 2.1348843768705783, 2.134996721087791, 2.1351465846492523, 2.1352423639875147, 2.1352742394010646, 2.1352851810597766, 2.135302524768966, 2.135313130114817, 2.1352893426005037, 2.1352348891450443, 2.135196290932508, 2.1352117310689667, 2.1352644641107634, 2.135310225860185]",75,0.5639635424925049,,0.11141153108020152,0.11141153108020152,2.135310225860185,,0.5950085952436925,,,,3.2708537578582764,3.416013479232788,True,0.14722132682800293,0.0020453929901123047,0.0,0.14722132682800293,Results/warm_start_cache/list_193_graphs_adjacency_listhog_v04-12_planar_clawFree__filehash_62ae5075/hog_idx000072_e62cb7383364_seed42_L1_M1_amplified.npz,3.297588586807251,2026-08-27 08:53:07,x86_64,dacsgpu0002,,64,64,3.11.15,0.22,False,False,False,False,,True,True,True,False,adam,False,hamqaoa,0.05,standard,1,1,42,scs,1e-06,100000,False,False,False,hog,False,False,False,False,False,False,True,1,HOG_graphs/Exp5/list_193_graphs_adjacency_listhog_v04-12_planar_clawFree.txt,True,Results/warm_start_cache,512,60,0,16,1,1,0,0,5,0,5,10,42,True,_Exp8_standardZeroAngles,1,42,42,72,"[(0, 1), (2, 3), (0, 3), (3, 4), (1, 4), (2, 4)]","[1.0, 1.0, 1.0, 1.0, 1.0, 1.0]"
cbc638ab,9,12,1,75.0,False,True,"[1, 1, 1]",6.561967560726579,8.624999930107773,8.624999930107773,,,4.765789017856381,4.76578901785638,4.765789017856378,4.765789017856378,"[4.765789017856378, 4.741981810114003, 4.764744230483896, 4.761595921276025, 4.754795463449343, 4.756366351173133, 4.761217799647704, 4.764818125479495, 4.76632071317048, 4.766521229069667, 4.766404062218884, 4.766701437480848, 4.767720318342263, 4.769369912998351, 4.771387716827326, 4.77353980167919, 4.7756744609033, 4.777658210714133, 4.779288950162539, 4.7802954928592305, 4.780472452232437, 4.779892355623624, 4.778977758155226, 4.778257653900603, 4.777996653822945, 4.778090785586486, 4.778269446917157, 4.778347836671434, 4.778326636291088, 4.778323690991557, 4.77846310892365, 4.7788085099838415, 4.7793276654229135, 4.779891217932105, 4.780318635355043, 4.780466418304713, 4.780339519074794, 4.780114036075004, 4.779993804585918, 4.780039153183276, 4.780147330530507, 4.78018615876304, 4.7801216246554405, 4.7800236352442305, 4.779988108762862, 4.780065311767534, 4.780232210305368, 4.780408403607033, 4.780507661062705, 4.780498552479256, 4.780429962714014, 4.78038565989959, 4.78040336047409, 4.780449562404674, 4.7804683504323835, 4.780441631193456, 4.780399399101491, 4.7803844032623335, 4.780414635698725, 4.780471773874576, 4.780518388536417, 4.780529783844101, 4.780513670875363, 4.780498930895895, 4.780504086256539, 4.780520691458873, 4.780527691838732, 4.7805169672824315, 4.780500587845549, 4.780495630535117, 4.780507594481108, 4.780526664412941, 4.780538228643094, 4.780537247390539, 4.780531477591362, 4.780531072292835]",75,0.7262743946464564,,0.014742054436454488,0.0147420544364536,4.780531072292835,,0.7285209852155238,,,,11.657200574874878,11.857147932052612,True,0.2026352882385254,0.002673625946044922,0.0,0.2026352882385254,Results/warm_start_cache/list_193_graphs_adjacency_listhog_v04-12_planar_clawFree__filehash_62ae5075/hog_idx000093_f4c1553334bd_seed42_L1_M1_amplified.npz,11.671402215957642,2026-08-27 08:53:09,x86_64,dacsgpu0002,,64,64,3.11.15,0.3,False,False,False,False,,True,True,True,False,adam,False,hamqaoa,0.05,standard,1,1,42,scs,1e-06,100000,False,False,False,hog,False,False,False,False,False,False,True,1,HOG_graphs/Exp5/list_193_graphs_adjacency_listhog_v04-12_planar_clawFree.txt,True,Results/warm_start_cache,512,60,0,16,1,1,0,0,5,0,5,10,42,True,_Exp8_standardZeroAngles,1,42,42,93,"[(0, 4), (2, 6), (5, 7), (0, 3), (6, 8), (5, 6), (3, 4), (1, 5), (2, 8), (3, 7), (4, 8), (1, 7)]","[1.0, 1.0, 1.0, 1.0, 1.0, 1.0, 1.0, 1.0, 1.0, 1.0, 1.0, 1.0]"
ff00d78e,6,7,4,75.0,False,True,"[1, 1, 1]",4.366025403784438,5.587908124165368,5.587908124165368,,,2.9362045757632522,2.936204575763252,2.936204575763252,2.936204575763252,"[2.936204575763252, 2.5257196680732115, 2.910513789470924, 2.861344863635144, 2.769989678323742, 2.8022423967362102, 2.8818814802510935, 2.9355943087507765, 2.930849115686695, 2.8962293126186105, 2.8798212426793066, 2.8923986782060256, 2.9079923646134924, 2.9079001883308226, 2.9058875738726866, 2.919180202299161, 2.9390447057942954, 2.947321653648226, 2.9439300015997754, 2.9429214009282187, 2.9508558828001403, 2.9657716040627493, 2.9915913069755553, 3.041460764500786, 3.1230148015753656, 3.2193519450010495, 3.312730526574314, 3.405228696437079, 3.4604794233401055, 3.426009970480514, 3.3639849257219274, 3.356059880313099, 3.3864028177307355, 3.412674430326992, 3.433250618672984, 3.4526802343685463, 3.457142874568311, 3.4511769878329854, 3.454876382907016, 3.460630377890967, 3.453930563512928, 3.44768070792877, 3.459152817819636, 3.4796216152122756, 3.494811832211368, 3.504288719650459, 3.50408125473215, 3.493674266119818, 3.4867132787695794, 3.4893274720700553, 3.493542442448956, 3.496864745173797, 3.5042523270103065, 3.51111000508392, 3.5102290765245105, 3.5072665559820835, 3.508069077985567, 3.5087368264427847, 3.508763195249264, 3.512575507098427, 3.5177726837403553, 3.5199074309547957, 3.5209814181776378, 3.5223474732257163, 3.5214600787363173, 3.520290972920678, 3.522684739996668, 3.5260075748967488, 3.527470512459427, 3.5285713350824177, 3.5292128163697423, 3.5286479921077225, 3.529017069242054, 3.531009042482868, 3.5326812547245874, 3.5338797461423903]",75,0.6725120227697649,,0.5976751703791385,0.5976751703791381,3.5338797461423903,,0.8094043023843264,,,,14.929396629333496,15.05285930633545,True,0.12484478950500488,0.0013666152954101562,0.0,0.12484478950500488,Results/warm_start_cache/list_193_graphs_adjacency_listhog_v04-12_planar_clawFree__filehash_62ae5075/hog_idx000141_b414839d06f5_seed42_L1_M1_amplified.npz,14.951623916625977,2026-08-27 08:53:12,x86_64,dacsgpu0002,,64,64,3.11.15,0.24,False,False,False,False,,True,True,True,False,adam,False,hamqaoa,0.05,standard,1,1,42,scs,1e-06,100000,False,False,False,hog,False,False,False,False,False,False,True,1,HOG_graphs/Exp5/list_193_graphs_adjacency_listhog_v04-12_planar_clawFree.txt,True,Results/warm_start_cache,512,60,0,16,1,1,0,0,5,0,5,10,42,True,_Exp8_standardZeroAngles,1,42,42,141,"[(0, 1), (3, 5), (3, 4), (4, 5), (2, 5), (1, 4), (0, 2)]","[1.0, 1.0, 1.0, 1.0, 1.0, 1.0, 1.0]"
ef088643,7,12,1,75.0,False,True,"[1, 1, 1]",6.12830456548252,7.780622889220799,7.780622889220799,,,4.570516500116182,4.5705165001161845,4.5705165001161845,4.5705165001161845,"[4.5705165001161845, 4.558968692946324, 4.569745587923585, 4.567962809133053, 4.563781830657804, 4.5657564852167605, 4.569347658129454, 4.570474333295761, 4.568884163439065, 4.567270204970761, 4.567570985945515, 4.569178992858595, 4.570406383789257, 4.570280571942822, 4.569298831406096, 4.568706839114662, 4.5690924682784955, 4.56997614430637, 4.570506141573372, 4.570304843162499, 4.569756035391315, 4.569518037432454, 4.569817924555459, 4.5703109208429975, 4.570520854496943, 4.570323394380926, 4.570021035327818, 4.569973058656533, 4.570213612522295, 4.570471483801961, 4.5704986102606115, 4.570326394868988, 4.5701934338221335, 4.57025648312566, 4.570430605399995, 4.570520215530839, 4.570453184879029, 4.570344720843071, 4.570338742499243, 4.570436257832477, 4.57051578604549, 4.57049544109137, 4.570424816948144, 4.570406295545292, 4.570461259996342, 4.570515909792429, 4.5705081193342165, 4.570464058443127, 4.570451692315246, 4.570486675212442, 4.570519739782698, 4.570511574139243, 4.57048391978915, 4.570481308605353, 4.570506512588299, 4.5705230146188285, 4.570512146874267, 4.570496655956539, 4.570502076109048, 4.57051948231343, 4.570523662833356, 4.570512899922861, 4.570507859801163, 4.5705171367414, 4.570525934627619, 4.570522422852067, 4.570515753073562, 4.570518652500095, 4.57052628694595, 4.57052686128972, 4.570521932088313, 4.570521962283727, 4.570527329049058, 4.570529109486527, 4.570525961530189, 4.5705253753183595]",75,0.7458043984725355,,8.875202174962737e-06,8.875202177627273e-06,4.5705253753183595,,0.7458058467037846,,,,4.2706139087677,4.519965410232544,True,0.25090932846069336,0.001542806625366211,0.0,0.25090932846069336,Results/warm_start_cache/list_193_graphs_adjacency_listhog_v04-12_planar_clawFree__filehash_62ae5075/hog_idx000081_44979a8fd857_seed42_L1_M1_amplified.npz,4.288879871368408,2026-08-27 08:53:16,x86_64,dacsgpu0002,,64,64,3.11.15,0.23,False,False,False,False,,True,True,True,False,adam,False,hamqaoa,0.05,standard,1,1,42,scs,1e-06,100000,False,False,False,hog,False,False,False,False,False,False,True,1,HOG_graphs/Exp5/list_193_graphs_adjacency_listhog_v04-12_planar_clawFree.txt,True,Results/warm_start_cache,512,60,0,16,1,1,0,0,5,0,5,10,42,True,_Exp8_standardZeroAngles,1,42,42,81,"[(1, 3), (0, 1), (0, 4), (2, 6), (3, 5), (4, 6), (5, 6), (1, 5), (4, 5), (0, 2), (3, 6), (2, 4)]","[1.0, 1.0, 1.0, 1.0, 1.0, 1.0, 1.0, 1.0, 1.0, 1.0, 1.0, 1.0]"
3a94878f,5,6,2,75.0,False,True,"[1, 1, 1]",3.588704840449648,4.778229027649818,4.778229027649818,,,2.0238986947799833,2.0238986947799833,2.0238986947799833,2.0238986947799833,"[2.0238986947799833, 1.9819755376011068, 2.023749716408418, 2.0189434859993938, 2.00880751710589, 2.0136099521228976, 2.0235665778881358, 2.033036765940178, 2.0430627243236583, 2.0615547637326985, 2.1036241785138534, 2.179843821939592, 2.286620067585268, 2.4034838623788204, 2.5097250701149885, 2.6063200349226867, 2.6843579121957166, 2.7189772332887725, 2.7009789198488243, 2.6662485752391447, 2.637103341202891, 2.613341877053824, 2.60521291581092, 2.6226719074488396, 2.6593446913469774, 2.702053238742186, 2.735220567044843, 2.746890549038133, 2.739265426284918, 2.725278462025828, 2.714342511055087, 2.7078317274088666, 2.7042137904835895, 2.704328056777607, 2.7101481629014557, 2.7217408560986263, 2.7358329072669516, 2.746999496685426, 2.75028174525225, 2.745631249391764, 2.7394728797002283, 2.7370600731196983, 2.7370243200584556, 2.736719244294128, 2.7373112994451594, 2.7407346255213634, 2.745836511117197, 2.7497120852550507, 2.750477838014805, 2.7485552543823473, 2.7462736804288115, 2.7456008327003607, 2.7462069967332488, 2.746592587259466, 2.746724578477089, 2.7478339369384535, 2.7498163619968077, 2.7511087503576315, 2.750925910443347, 2.7499713463032185, 2.749314977459991, 2.749370338733368, 2.7496939177921917, 2.7497851739512056, 2.7499351148149653, 2.750606575519545, 2.7513715586300904, 2.7514615900551735, 2.7509696943758493, 2.7506033479623895, 2.7506331682780263, 2.7507967132895708, 2.7508950260728606, 2.751021538849307, 2.7512942763135184, 2.751550252662527]",75,0.5639635424925049,,0.7276515578825435,0.7276515578825435,2.751550252662527,,0.7667251487636332,,,,5.9740917682647705,6.117588758468628,True,0.14722132682800293,0.0037086009979248047,0.0,0.14722132682800293,Results/warm_start_cache/list_193_graphs_adjacency_listhog_v04-12_planar_clawFree__filehash_62ae5075/hog_idx000072_e62cb7383364_seed42_L1_M1_amplified.npz,6.003507614135742,2026-08-27 08:53:16,x86_64,dacsgpu0002,,64,64,3.11.15,0.22,False,False,False,False,,True,True,True,False,adam,False,hamqaoa,0.05,standard,1,1,42,scs,1e-06,100000,False,False,False,hog,False,False,False,False,False,False,True,1,HOG_graphs/Exp5/list_193_graphs_adjacency_listhog_v04-12_planar_clawFree.txt,True,Results/warm_start_cache,512,60,0,16,1,1,0,0,5,0,5,10,42,True,_Exp8_standardZeroAngles,1,42,42,72,"[(0, 1), (2, 3), (0, 3), (3, 4), (1, 4), (2, 4)]","[1.0, 1.0, 1.0, 1.0, 1.0, 1.0]"
db3a7452,6,8,5,75.0,False,True,"[1, 1, 1]",4.5320888862379505,5.749999840907378,5.749999840907378,,,3.062193768206401,3.0621937682064013,3.0621937682064027,3.0621937682064027,"[3.0621937682064027, 2.912379855036347, 3.054210789902206, 3.040020981224565, 3.0310895643997386, 3.0516192263905384, 3.0491733232882785, 3.06370116757659, 3.0847030756480103, 3.1363467568928507, 3.1837431118300636, 3.288108926595745, 3.382758535398488, 3.5090892117221344, 3.58689818924594, 3.6613263310543798, 3.671272596277616, 3.6945733549477597, 3.674998258530277, 3.685979039393127, 3.6873010469388476, 3.7039655793647426, 3.744734942724227, 3.792526107367972, 3.8021757967217806, 3.772012683507407, 3.7657351248151567, 3.792729553810284, 3.8169044741819516, 3.8169516454045027, 3.8075518373264696, 3.8084508659644967, 3.8160002032934246, 3.823227316751642, 3.8278433018915425, 3.8304108220875164, 3.8328827451204983, 3.8363967494774682, 3.8429797261585685, 3.850529345174212, 3.8548971356675867, 3.8540256049054595, 3.8519215080335814, 3.8561411920982294, 3.865746446773642, 3.873077630308739, 3.874432923539075, 3.8742877397789997, 3.8775984041135207, 3.8828924971762224, 3.8865998679661544, 3.8882681250071776, 3.8909093275332283, 3.89615378700476, 3.9020107142787706, 3.906574901005009, 3.9101393985432473, 3.9145874185005636, 3.9202275173609094, 3.925250254483291, 3.9284753143701616, 3.931006658452343, 3.9337985412321337, 3.9352821240799774, 3.935517544459145, 3.9356249059767934, 3.935050706807449, 3.9344108035038485, 3.9343975921133794, 3.934035592501679, 3.933842816260064, 3.934454834874942, 3.9349025952577334, 3.935147885038372, 3.9357246533573536, 3.9365518954840986]",75,0.6756693977262884,,0.8743581272776972,0.8743581272776977,3.9365518954840986,,0.8685954742497995,,,,23.12651801109314,23.27898335456848,True,0.15397310256958008,0.0014934539794921875,0.0,0.15397310256958008,Results/warm_start_cache/list_193_graphs_adjacency_listhog_v04-12_planar_clawFree__filehash_62ae5075/hog_idx000140_746ad7d23a24_seed42_L1_M1_amplified.npz,23.138602018356323,2026-08-27 08:53:19,x86_64,dacsgpu0002,,64,64,3.11.15,0.25,False,False,False,False,,True,True,True,False,adam,False,hamqaoa,0.05,standard,1,1,42,scs,1e-06,100000,False,False,False,hog,False,False,False,False,False,False,True,1,HOG_graphs/Exp5/list_193_graphs_adjacency_listhog_v04-12_planar_clawFree.txt,True,Results/warm_start_cache,512,60,0,16,1,1,0,0,5,0,5,10,42,True,_Exp8_standardZeroAngles,1,42,42,140,"[(2, 3), (3, 5), (0, 3), (1, 5), (4, 5), (1, 4), (0, 2), (2, 4)]","[1.0, 1.0, 1.0, 1.0, 1.0, 1.0, 1.0, 1.0]"
2b72b1fd,6,7,5,75.0,False,True,"[1, 1, 1]",4.366025403784438,5.587908124165368,5.587908124165368,,,2.9362045757632522,2.936204575763252,2.936204575763252,2.936204575763252,"[2.936204575763252, 2.3161779023483042, 2.8913066619543772, 2.8135067578430566, 2.69388832777185, 2.739360701329757, 2.8589519977477407, 2.9384514750140904, 2.911333030898794, 2.8497137760477145, 2.8415104600854306, 2.8774261128771066, 2.898400809599515, 2.8909232214292846, 2.8964156631928786, 2.9281449318046633, 2.9533528468679107, 2.953702742714701, 2.9491367196081915, 2.959298750504151, 2.9880299353277366, 3.0422543475582002, 3.1384040625221648, 3.2706138194682692, 3.366665038590211, 3.3895239242220603, 3.391000653176936, 3.3793724068899813, 3.365562738599508, 3.375802731257003, 3.4096837412888505, 3.4333382021774432, 3.4354309210171876, 3.435096817237502, 3.4443622991196805, 3.4620053609668493, 3.48271243890254, 3.493854210632391, 3.480756699799211, 3.4615239719440356, 3.470293268285327, 3.4971697902588526, 3.5149054133445015, 3.520316851175572, 3.520235629524679, 3.516705742329102, 3.5124414608273495, 3.511772207742211, 3.515870997850089, 3.5223229627330914, 3.5282801897185596, 3.532280024769997, 3.534265579656007, 3.5348306269367638, 3.534545255103869, 3.534161540990912, 3.5347444490068445, 3.5369166860596404, 3.5401835830114106, 3.543389378241492, 3.5457078320805855, 3.5468376144119063, 3.546644505668115, 3.545479214734743, 3.544558737727673, 3.5451045283952074, 3.5471117831227246, 3.549376692565384, 3.5506480873207105, 3.550627314367448, 3.550035460369103, 3.5498625009805, 3.550480764963246, 3.5514386872916917, 3.552104907666636, 3.5523255850800632]",75,0.6725120227697649,,0.6161210093168115,0.616121009316811,3.5523255850800632,,0.8136291607467363,,,,22.354905366897583,22.478304624557495,True,0.12484478950500488,0.0014309883117675781,0.0,0.12484478950500488,Results/warm_start_cache/list_193_graphs_adjacency_listhog_v04-12_planar_clawFree__filehash_62ae5075/hog_idx000141_b414839d06f5_seed42_L1_M1_amplified.npz,22.37546420097351,2026-08-27 08:53:19,x86_64,dacsgpu0002,,64,64,3.11.15,0.24,False,False,False,False,,True,True,True,False,adam,False,hamqaoa,0.05,standard,1,1,42,scs,1e-06,100000,False,False,False,hog,False,False,False,False,False,False,True,1,HOG_graphs/Exp5/list_193_graphs_adjacency_listhog_v04-12_planar_clawFree.txt,True,Results/warm_start_cache,512,60,0,16,1,1,0,0,5,0,5,10,42,True,_Exp8_standardZeroAngles,1,42,42,141,"[(0, 1), (3, 5), (3, 4), (4, 5), (2, 5), (1, 4), (0, 2)]","[1.0, 1.0, 1.0, 1.0, 1.0, 1.0, 1.0]"
73be2297,7,12,2,75.0,False,True,"[1, 1, 1]",6.12830456548252,7.780622889220799,7.780622889220799,,,4.570516500116182,4.5705165001161845,4.5705165001161845,4.5705165001161845,"[4.5705165001161845, 4.522077364611043, 4.567388791886796, 4.560120104121511, 4.542030316203493, 4.5505295601445, 4.565999161410863, 4.570204234566397, 4.563425450731268, 4.557177046578696, 4.558231152710067, 4.5643696047660525, 4.569625286183849, 4.569973528119379, 4.566523424682012, 4.563647991322399, 4.564153873188237, 4.567194012652376, 4.569946547442578, 4.570382289279078, 4.56880726544385, 4.567173229163831, 4.567055701491228, 4.568397762739355, 4.569944059546573, 4.570517502076564, 4.5699449706731174, 4.569021534305654, 4.568680848448033, 4.5691870470379214, 4.5700348819578895, 4.570510323466439, 4.570331403321001, 4.569821829831474, 4.569533411057996, 4.569726494593824, 4.570190870853016, 4.570508645946335, 4.570455998238723, 4.570176431452496, 4.569997188411619, 4.570098175834958, 4.570364642921626, 4.570542891360202, 4.570502178782032, 4.570341377972064, 4.570258164025485, 4.570340147513399, 4.570496573133966, 4.570577185834737, 4.570533020894852, 4.570449563012658, 4.57043758519758, 4.570517257762151, 4.57061531091973, 4.570658095876826, 4.5706492233932, 4.570659221779886, 4.570751009477466, 4.570931890990684, 4.5711854564404915, 4.571576324754332, 4.572368034352687, 4.574232970965615, 4.578992177644853, 4.592179459408236, 4.6294603406619785, 4.716192268443576, 4.857759417644162, 4.995011549485862, 5.051904636129241, 5.0435817497991975, 5.103802449215686, 5.156959558992264, 5.118174473292067, 5.12170869189164]",75,0.7458043984725355,,0.5511921917754554,0.5511921917754581,5.12170869189164,,0.8357464347871189,,,,7.949535608291626,8.199384689331055,True,0.25090932846069336,0.0010449886322021484,0.0,0.25090932846069336,Results/warm_start_cache/list_193_graphs_adjacency_listhog_v04-12_planar_clawFree__filehash_62ae5075/hog_idx000081_44979a8fd857_seed42_L1_M1_amplified.npz,7.981631755828857,2026-08-27 08:53:20,x86_64,dacsgpu0002,,64,64,3.11.15,0.24,False,False,False,False,,True,True,True,False,adam,False,hamqaoa,0.05,standard,1,1,42,scs,1e-06,100000,False,False,False,hog,False,False,False,False,False,False,True,1,HOG_graphs/Exp5/list_193_graphs_adjacency_listhog_v04-12_planar_clawFree.txt,True,Results/warm_start_cache,512,60,0,16,1,1,0,0,5,0,5,10,42,True,_Exp8_standardZeroAngles,1,42,42,81,"[(1, 3), (0, 1), (0, 4), (2, 6), (3, 5), (4, 6), (5, 6), (1, 5), (4, 5), (0, 2), (3, 6), (2, 4)]","[1.0, 1.0, 1.0, 1.0, 1.0, 1.0, 1.0, 1.0, 1.0, 1.0, 1.0, 1.0]"
478a214d,5,6,3,75.0,False,True,"[1, 1, 1]",3.588704840449648,4.778229027649818,4.778229027649818,,,2.0238986947799833,2.0238986947799833,2.0238986947799833,2.0238986947799833,"[2.0238986947799833, 1.9118203458732974, 2.011888406693856, 2.005760624869686, 1.9835482785442435, 1.9843384629879823, 2.004837723465157, 2.029491860271382, 2.044366579376486, 2.062250300589582, 2.118848831558705, 2.2271861072837895, 2.3567176159549543, 2.477923044047934, 2.5729672408789868, 2.5979164943506494, 2.5766765394530387, 2.54915516309086, 2.524256467449322, 2.5148172498156764, 2.5326089257758793, 2.569321635220377, 2.605686605884364, 2.627343099689628, 2.6334019267286974, 2.6323204723013567, 2.632449032877063, 2.636411998691046, 2.639297137861644, 2.6347074939653066, 2.6289255566009606, 2.634925754443408, 2.649840262354341, 2.660728941386412, 2.6661507741885138, 2.673671444077028, 2.6836849457531096, 2.6889552050628462, 2.6857888872333597, 2.6805532150513285, 2.6822633245406005, 2.691794613368059, 2.703044190613237, 2.7114573533463235, 2.7175034795624646, 2.722764174900126, 2.7268117906741316, 2.7295913396718148, 2.733440576380664, 2.739887213466446, 2.746691144299458, 2.7506650245547792, 2.7514056486806577, 2.7509196508575404, 2.7511665753792776, 2.7523294284518722, 2.7535711312211584, 2.7547182446415355, 2.7557042012468664, 2.756263516297167, 2.756636260342053, 2.757504968680557, 2.7594019398506133, 2.761855126236781, 2.763860346119148, 2.7652418610917064, 2.7665560020674773, 2.7682652350496846, 2.770500512753566, 2.7732982531506396, 2.7766890415965597, 2.7803454104766323, 2.783656673096758, 2.7863162456937296, 2.788375683455302, 2.78988548722086]",75,0.5639635424925049,,0.7659867924408768,0.7659867924408768,2.78988548722086,,0.777407340881035,,,,9.110519886016846,9.251913785934448,True,0.14722132682800293,0.005810976028442383,0.0,0.14722132682800293,Results/warm_start_cache/list_193_graphs_adjacency_listhog_v04-12_planar_clawFree__filehash_62ae5075/hog_idx000072_e62cb7383364_seed42_L1_M1_amplified.npz,9.14268946647644,2026-08-27 08:53:20,x86_64,dacsgpu0002,,64,64,3.11.15,0.23,False,False,False,False,,True,True,True,False,adam,False,hamqaoa,0.05,standard,1,1,42,scs,1e-06,100000,False,False,False,hog,False,False,False,False,False,False,True,1,HOG_graphs/Exp5/list_193_graphs_adjacency_listhog_v04-12_planar_clawFree.txt,True,Results/warm_start_cache,512,60,0,16,1,1,0,0,5,0,5,10,42,True,_Exp8_standardZeroAngles,1,42,42,72,"[(0, 1), (2, 3), (0, 3), (3, 4), (1, 4), (2, 4)]","[1.0, 1.0, 1.0, 1.0, 1.0, 1.0]"
2d4ae178,7,13,5,75.0,False,True,"[1, 1, 1]",6.337429897903175,8.199999996491057,8.199999996491057,,,4.81632010851216,4.816320108512161,4.816320108512161,4.816320108512161,"[4.816320108512161, 4.34346159107478, 4.766462685841441, 4.644145652546961, 4.5596078156684285, 4.726793242792046, 4.816732153150209, 4.727770138077176, 4.67471919503091, 4.718281307506144, 4.795300677236127, 4.8121484684418245, 4.764070150337781, 4.736844644942907, 4.763900218910728, 4.806612711229326, 4.8172137799852495, 4.796245483939596, 4.781430764018305, 4.79250800212191, 4.813849383927802, 4.821103856568575, 4.812715647935173, 4.8083279631239115, 4.817781988293425, 4.830662601480469, 4.833325522143496, 4.826506143854438, 4.822208643053655, 4.828057370292552, 4.840242234690213, 4.848339299658708, 4.847535414502053, 4.846303816138256, 4.853795990045385, 4.866077470387658, 4.874244848017959, 4.877370378215873, 4.884023711698152, 4.901255118513492, 4.926038146762193, 4.957117504449526, 5.01215002895101, 5.093717476991483, 5.183584706106597, 5.275124732860675, 5.365100364349177, 5.37800694899709, 5.343443771755952, 5.3756447509459315, 5.434735076769002, 5.435569382085232, 5.387368072531725, 5.373272460860762, 5.402320792224145, 5.43030927500101, 5.441229754738187, 5.438677169474171, 5.434452653669214, 5.4529945749933, 5.474604040979136, 5.476823106565935, 5.473108073291044, 5.474741453832207, 5.481780528734566, 5.4936334918411465, 5.501285435348763, 5.4998311580574475, 5.5002117791896445, 5.509027858731819, 5.520522894748795, 5.530625487089939, 5.539499041117341, 5.547835712568664, 5.556227062387968, 5.56337351827064]",75,0.7599800212552578,,0.7470534097584789,0.7470534097584798,5.56337351827064,,0.8778595752374883,,,,30.017889976501465,30.272114753723145,True,0.2575957775115967,0.003355741500854492,0.0,0.2575957775115967,Results/warm_start_cache/list_193_graphs_adjacency_listhog_v04-12_planar_clawFree__filehash_62ae5075/hog_idx000082_2211e950c0c7_seed42_L1_M1_amplified.npz,30.033195734024048,2026-08-27 08:53:20,x86_64,dacsgpu0002,,64,64,3.11.15,0.27,False,False,False,False,,True,True,True,False,adam,False,hamqaoa,0.05,standard,1,1,42,scs,1e-06,100000,False,False,False,hog,False,False,False,False,False,False,True,1,HOG_graphs/Exp5/list_193_graphs_adjacency_listhog_v04-12_planar_clawFree.txt,True,Results/warm_start_cache,512,60,0,16,1,1,0,0,5,0,5,10,42,True,_Exp8_standardZeroAngles,1,42,42,82,"[(0, 1), (2, 3), (1, 6), (0, 4), (2, 6), (3, 5), (0, 3), (4, 6), (5, 6), (3, 4), (1, 5), (2, 5), (2, 4)]","[1.0, 1.0, 1.0, 1.0, 1.0, 1.0, 1.0, 1.0, 1.0, 1.0, 1.0, 1.0, 1.0]"
9c7b7792,9,12,2,75.0,False,True,"[1, 1, 1]",6.561967560726579,8.624999930107773,8.624999930107773,,,4.765789017856381,4.76578901785638,4.765789017856378,4.765789017856378,"[4.765789017856378, 4.670184411530719, 4.761217988576347, 4.748245916299042, 4.723572074270119, 4.733899340703243, 4.756630152123242, 4.770644675772886, 4.771981149142245, 4.769056220184261, 4.770074190019312, 4.780507606193766, 4.805585356246149, 4.8420841336232, 4.873362031783612, 4.881341070581629, 4.874892377045174, 4.882759845008754, 4.908838361092553, 4.9347297716283505, 4.953181630356565, 4.969409547414991, 4.98600763006234, 4.998881162474336, 5.003787698240307, 5.013071378943189, 5.035126165090802, 5.054598579553051, 5.057957730413566, 5.054327508726463, 5.058573464138613, 5.066640261606304, 5.069078461206013, 5.067228440720745, 5.064563548299832, 5.059940163149713, 5.056113827596164, 5.0572936692500905, 5.060101956288456, 5.0600923717647035, 5.05954855680711, 5.060666596192689, 5.061382726244138, 5.062267996201231, 5.065705498924677, 5.069233019597211, 5.070387483171158, 5.0710974288919015, 5.0722943002297125, 5.072786775066444, 5.072859252016551, 5.07305631439181, 5.072587285767912, 5.071858075338084, 5.0720340120755205, 5.072412474018895, 5.072187812875975, 5.071938195159218, 5.07182933333186, 5.07166732866184, 5.071956630029526, 5.07268770789976, 5.073150786471681, 5.073340792925985, 5.073531686215662, 5.073632724475926, 5.073801044518015, 5.074086183498996, 5.074137394720704, 5.074033328026618, 5.0740414565140055, 5.074031137147971, 5.073973897893956, 5.073935890915371, 5.073839761691487, 5.073794854773276]",75,0.7262743946464564,,0.3080058369168954,0.30800583691689454,5.073794854773276,,0.7732124256663463,,,,18.893937826156616,19.09495735168457,True,0.2026352882385254,0.001603841781616211,0.0,0.2026352882385254,Results/warm_start_cache/list_193_graphs_adjacency_listhog_v04-12_planar_clawFree__filehash_62ae5075/hog_idx000093_f4c1553334bd_seed42_L1_M1_amplified.npz,18.91130542755127,2026-08-27 08:53:22,x86_64,dacsgpu0002,,64,64,3.11.15,0.37,False,False,False,False,,True,True,True,False,adam,False,hamqaoa,0.05,standard,1,1,42,scs,1e-06,100000,False,False,False,hog,False,False,False,False,False,False,True,1,HOG_graphs/Exp5/list_193_graphs_adjacency_listhog_v04-12_planar_clawFree.txt,True,Results/warm_start_cache,512,60,0,16,1,1,0,0,5,0,5,10,42,True,_Exp8_standardZeroAngles,1,42,42,93,"[(0, 4), (2, 6), (5, 7), (0, 3), (6, 8), (5, 6), (3, 4), (1, 5), (2, 8), (3, 7), (4, 8), (1, 7)]","[1.0, 1.0, 1.0, 1.0, 1.0, 1.0, 1.0, 1.0, 1.0, 1.0, 1.0, 1.0]"
cecc3dcd,5,6,4,75.0,False,True,"[1, 1, 1]",3.588704840449648,4.778229027649818,4.778229027649818,,,2.0238986947799833,2.0238986947799833,2.0238986947799833,2.0238986947799833,"[2.0238986947799833, 1.8211784525554082, 1.9785281720397072, 1.9872020777110373, 2.0036225480615624, 1.9880555460382656, 2.019667347873693, 2.104056437859773, 2.2055267195086206, 2.316166080972059, 2.429424902166771, 2.519975658316035, 2.5477771255128445, 2.5171921796597734, 2.513146282184806, 2.5381796410441226, 2.5513297640337926, 2.555220625519275, 2.5747462815863233, 2.593394701230378, 2.5974117210970986, 2.603959885257401, 2.6186738457701484, 2.61706766254446, 2.596028049704591, 2.5889498945098532, 2.6066574067603456, 2.6311975114163237, 2.6489478170969902, 2.6616516919176907, 2.6741879077880357, 2.6852455832677906, 2.6933808523221097, 2.7021151427695966, 2.7143771682310898, 2.7291143937712055, 2.7446456449087266, 2.761502031573859, 2.7808920003408355, 2.802550041001506, 2.825062235859707, 2.8475711772244803, 2.8691762299076706, 2.886682464266249, 2.8959514485216005, 2.8969528710569694, 2.895733700272176, 2.89914071427037, 2.907694447767375, 2.9158206395959883, 2.9206723723490944, 2.926316578914884, 2.937625625548261, 2.952780639238143, 2.96473993176359, 2.969097674271563, 2.969505392643833, 2.973130560251892, 2.9801456370239565, 2.984347764790973, 2.983967702196402, 2.9842734808782945, 2.989202666032957, 2.995984649003859, 2.999689246319295, 3.000499431319385, 3.00235719328406, 3.0056192528519814, 3.0067344320926384, 3.0050744406767107, 3.0043194917309397, 3.0061769285745594, 3.0080815527636102, 3.0085869498290956, 3.0099783695168094, 3.0133573072606405]",75,0.5639635424925049,,0.9894586124806573,0.9894586124806573,3.0133573072606405,,0.8396782241035685,,,,12.910062789916992,13.05595088005066,True,0.14722132682800293,0.0013208389282226562,0.0,0.14722132682800293,Results/warm_start_cache/list_193_graphs_adjacency_listhog_v04-12_planar_clawFree__filehash_62ae5075/hog_idx000072_e62cb7383364_seed42_L1_M1_amplified.npz,12.92636775970459,2026-08-27 08:53:24,x86_64,dacsgpu0002,,64,64,3.11.15,0.23,False,False,False,False,,True,True,True,False,adam,False,hamqaoa,0.05,standard,1,1,42,scs,1e-06,100000,False,False,False,hog,False,False,False,False,False,False,True,1,HOG_graphs/Exp5/list_193_graphs_adjacency_listhog_v04-12_planar_clawFree.txt,True,Results/warm_start_cache,512,60,0,16,1,1,0,0,5,0,5,10,42,True,_Exp8_standardZeroAngles,1,42,42,72,"[(0, 1), (2, 3), (0, 3), (3, 4), (1, 4), (2, 4)]","[1.0, 1.0, 1.0, 1.0, 1.0, 1.0]"
88da14dd,7,12,3,75.0,False,True,"[1, 1, 1]",6.12830456548252,7.780622889220799,7.780622889220799,,,4.570516500116182,4.5705165001161845,4.5705165001161845,4.5705165001161845,"[4.5705165001161845, 4.455687173478705, 4.563459397920188, 4.5465452872824335, 4.502740460555804, 4.524314224616918, 4.561874454198734, 4.568813176980321, 4.551564163819473, 4.539018780086782, 4.542598834802501, 4.556393574557188, 4.568299668038986, 4.569466420289517, 4.5618852733652595, 4.555046698586978, 4.555443188839427, 4.56194790301997, 4.568591189346723, 4.570257105859152, 4.566960972633931, 4.563150228727346, 4.562761586116311, 4.565702780012677, 4.569009732091754, 4.57010746248271, 4.568864012803469, 4.567158733139014, 4.566808824580273, 4.568020838656628, 4.56954105987498, 4.570012852692398, 4.569283774222516, 4.568446641584615, 4.568564037287632, 4.56950839595927, 4.570241964983839, 4.570089460929185, 4.5694562671696834, 4.569226215036808, 4.569694695225331, 4.570336158504833, 4.570502698296857, 4.570138252239592, 4.569762338778115, 4.569828979300858, 4.570241932374109, 4.5705476461295085, 4.570481510422617, 4.570218657564789, 4.570108478162023, 4.570266101921558, 4.570492998841153, 4.570559060726673, 4.570460244248093, 4.570370258855006, 4.570405100477734, 4.570507687056825, 4.570558894167979, 4.570533728668681, 4.570506970169992, 4.570536699965185, 4.5705940600649635, 4.570619160985583, 4.570609799278966, 4.570619339793312, 4.57067683079985, 4.570747922064083, 4.570791328184983, 4.570823555324658, 4.570902387167397, 4.571057333234036, 4.571273417574204, 4.571554359638837, 4.5719905716305655, 4.572770126684256]",75,0.7458043984725355,,0.0022536265680717094,0.002253626568074374,4.572770126684256,,0.7461721391003048,,,,12.484627962112427,12.733739852905273,True,0.25090932846069336,0.0017817020416259766,0.0,0.25090932846069336,Results/warm_start_cache/list_193_graphs_adjacency_listhog_v04-12_planar_clawFree__filehash_62ae5075/hog_idx000081_44979a8fd857_seed42_L1_M1_amplified.npz,12.503455877304077,2026-08-27 08:53:24,x86_64,dacsgpu0002,,64,64,3.11.15,0.25,False,False,False,False,,True,True,True,False,adam,False,hamqaoa,0.05,standard,1,1,42,scs,1e-06,100000,False,False,False,hog,False,False,False,False,False,False,True,1,HOG_graphs/Exp5/list_193_graphs_adjacency_listhog_v04-12_planar_clawFree.txt,True,Results/warm_start_cache,512,60,0,16,1,1,0,0,5,0,5,10,42,True,_Exp8_standardZeroAngles,1,42,42,81,"[(1, 3), (0, 1), (0, 4), (2, 6), (3, 5), (4, 6), (5, 6), (1, 5), (4, 5), (0, 2), (3, 6), (2, 4)]","[1.0, 1.0, 1.0, 1.0, 1.0, 1.0, 1.0, 1.0, 1.0, 1.0, 1.0, 1.0]"
5c9cb233,5,6,5,75.0,False,True,"[1, 1, 1]",3.588704840449648,4.778229027649818,4.778229027649818,,,2.0238986947799833,2.0238986947799833,2.0238986947799833,2.0238986947799833,"[2.0238986947799833, 1.7224876539175256, 1.9224121608238451, 1.949200958781965, 2.065171897979397, 2.091934402821335, 2.1550261537446893, 2.3163768077137514, 2.4777918283677405, 2.5398579617575416, 2.54729540583356, 2.539937467100297, 2.5406043888021, 2.538345345987506, 2.537301606780827, 2.557563432857868, 2.5930756983926986, 2.637988069557145, 2.6924398184562905, 2.742121788934152, 2.76565703380534, 2.766133937315626, 2.7643566729078066, 2.775654474893195, 2.797689867590802, 2.820235541704763, 2.8377101026480545, 2.851791069872503, 2.866619487124649, 2.8831757703882155, 2.9000381866000864, 2.918632901869141, 2.941798448258591, 2.9672255085771804, 2.986993108066821, 2.9967928281311633, 3.0025177741711335, 3.012590920866911, 3.0280814748461315, 3.0460576411355147, 3.0618366188399575, 3.0726017909215173, 3.0812152720595853, 3.086786268557262, 3.0865663209570986, 3.0871208006405917, 3.0893320251092202, 3.089289893716283, 3.090247584595879, 3.094532973951821, 3.1017092907182855, 3.10880424402887, 3.1145719978017508, 3.1215145920020038, 3.1276867880749992, 3.131646747388558, 3.1369068792949673, 3.1441137080661155, 3.151313491214869, 3.158659467363467, 3.1665363400246704, 3.1742684805251553, 3.181821776225218, 3.1896953687493563, 3.198761277943664, 3.2101722405840625, 3.2228419107334694, 3.2350547957208593, 3.2463707750080975, 3.2558272803562605, 3.262937457532592, 3.266950430750815, 3.2677507557254044, 3.2666375033274564, 3.264971449389802, 3.263219324406018]",75,0.5639635424925049,,1.2393206296260346,1.2393206296260346,3.263219324406018,,0.9093027901389493,,,,16.669987201690674,16.815993070602417,True,0.14722132682800293,0.0012040138244628906,0.0,0.14722132682800293,Results/warm_start_cache/list_193_graphs_adjacency_listhog_v04-12_planar_clawFree__filehash_62ae5075/hog_idx000072_e62cb7383364_seed42_L1_M1_amplified.npz,16.68194842338562,2026-08-27 08:53:28,x86_64,dacsgpu0002,,64,64,3.11.15,0.24,False,False,False,False,,True,True,True,False,adam,False,hamqaoa,0.05,standard,1,1,42,scs,1e-06,100000,False,False,False,hog,False,False,False,False,False,False,True,1,HOG_graphs/Exp5/list_193_graphs_adjacency_listhog_v04-12_planar_clawFree.txt,True,Results/warm_start_cache,512,60,0,16,1,1,0,0,5,0,5,10,42,True,_Exp8_standardZeroAngles,1,42,42,72,"[(0, 1), (2, 3), (0, 3), (3, 4), (1, 4), (2, 4)]","[1.0, 1.0, 1.0, 1.0, 1.0, 1.0]"
e2349403,9,12,3,75.0,False,True,"[1, 1, 1]",6.561967560726579,8.624999930107773,8.624999930107773,,,4.765789017856381,4.76578901785638,4.765789017856378,4.765789017856378,"[4.765789017856378, 4.562545234849889, 4.755572225511722, 4.726607026490413, 4.6844528562923715, 4.722027903118253, 4.779937805089752, 4.809851825977542, 4.818978237882163, 4.832680297839061, 4.8597230647021865, 4.882941615873227, 4.892318083592776, 4.9203945910509, 4.964473963938934, 4.987044287231036, 4.982454716370105, 4.983047505667259, 5.005639758507221, 5.035133802276043, 5.0531469345424584, 5.062432746117086, 5.0667030982986585, 5.06175939708754, 5.057653391288519, 5.064998572491589, 5.071135913954391, 5.068596133082525, 5.065218462252313, 5.0643532890468625, 5.066027274112079, 5.075588433344979, 5.090403091212718, 5.10046168935749, 5.105771225153626, 5.112016477915723, 5.118774666799674, 5.125683660574942, 5.133946317863209, 5.140636342324369, 5.144117253248755, 5.147523841180219, 5.151726566894611, 5.155702333089793, 5.160506852155457, 5.166262960208115, 5.17226665587058, 5.180555678024519, 5.19254703297672, 5.207090006474566, 5.224113937582066, 5.244405556056903, 5.266890940857073, 5.289933342294481, 5.3143806936815, 5.340553106104729, 5.364553477410134, 5.382218055848947, 5.394227868558928, 5.404034437177101, 5.410935197373975, 5.41522550839029, 5.422237281820199, 5.434693035415155, 5.453271005248054, 5.481155294523341, 5.5180135468397795, 5.554719038652157, 5.579905571444972, 5.589219721361043, 5.585201076527816, 5.5760873209783, 5.570111711375413, 5.568168957218799, 5.567638922599689, 5.567086467289279]",75,0.7262743946464564,,0.8012974494328988,0.8012974494328979,5.567086467289279,,0.8483867705485668,,,,24.969642639160156,25.170921087265015,True,0.2026352882385254,0.001344919204711914,0.0,0.2026352882385254,Results/warm_start_cache/list_193_graphs_adjacency_listhog_v04-12_planar_clawFree__filehash_62ae5075/hog_idx000093_f4c1553334bd_seed42_L1_M1_amplified.npz,24.981911182403564,2026-08-27 08:53:28,x86_64,dacsgpu0002,,64,64,3.11.15,0.43,False,False,False,False,,True,True,True,False,adam,False,hamqaoa,0.05,standard,1,1,42,scs,1e-06,100000,False,False,False,hog,False,False,False,False,False,False,True,1,HOG_graphs/Exp5/list_193_graphs_adjacency_listhog_v04-12_planar_clawFree.txt,True,Results/warm_start_cache,512,60,0,16,1,1,0,0,5,0,5,10,42,True,_Exp8_standardZeroAngles,1,42,42,93,"[(0, 4), (2, 6), (5, 7), (0, 3), (6, 8), (5, 6), (3, 4), (1, 5), (2, 8), (3, 7), (4, 8), (1, 7)]","[1.0, 1.0, 1.0, 1.0, 1.0, 1.0, 1.0, 1.0, 1.0, 1.0, 1.0, 1.0]"
0322758a,9,12,4,75.0,False,True,"[1, 1, 1]",6.561967560726579,8.624999930107773,8.624999930107773,,,4.765789017856381,4.76578901785638,4.765789017856378,4.765789017856378,"[4.765789017856378, 4.43119886651548, 4.747725692891564, 4.695231481807732, 4.651077382247556, 4.738192123292, 4.824846554574893, 4.843022636423638, 4.822101127024199, 4.824440686221171, 4.876379122709721, 4.939932255901026, 4.980177286719451, 4.997611785277448, 5.006783623568747, 5.014842891341311, 5.029714002302918, 5.066015161284927, 5.107013013019966, 5.114617649866453, 5.12157616762855, 5.141513079597563, 5.153547365448935, 5.173620710028146, 5.1849781145463485, 5.183683671716689, 5.194601365475716, 5.205986507413067, 5.214194871763215, 5.221200099515316, 5.219384815735953, 5.219047383705357, 5.225419025920327, 5.234342453110428, 5.250879600535465, 5.271446894836106, 5.290265767739611, 5.311492298838042, 5.334629872367985, 5.3583439125563235, 5.385305943027794, 5.414351451523665, 5.444447810645868, 5.474824944155493, 5.50475897804557, 5.532912189771448, 5.553099685988461, 5.562495036962433, 5.560005271954564, 5.5499055900459116, 5.546818758968601, 5.560104053295252, 5.578846454655057, 5.588624884254316, 5.592286312844426, 5.597096811613816, 5.6031659915334675, 5.612910566233376, 5.62203652051564, 5.622200499139937, 5.620767507519467, 5.620234903180919, 5.615770807577483, 5.614921316825118, 5.61628584586019, 5.616867646761961, 5.621546708618497, 5.626588855623178, 5.628443889344616, 5.6303747952358325, 5.631008686054813, 5.63068019334583, 5.631852657564116, 5.633324521688174, 5.63419430691147, 5.634761601827487]",75,0.7262743946464564,,0.8689725839711064,0.8689725839711055,5.634761601827487,,0.8587000087521879,,,,32.13689112663269,32.337944984436035,True,0.2026352882385254,0.0015666484832763672,0.0,0.2026352882385254,Results/warm_start_cache/list_193_graphs_adjacency_listhog_v04-12_planar_clawFree__filehash_62ae5075/hog_idx000093_f4c1553334bd_seed42_L1_M1_amplified.npz,32.15358781814575,2026-08-27 08:53:35,x86_64,dacsgpu0002,,64,64,3.11.15,0.48,False,False,False,False,,True,True,True,False,adam,False,hamqaoa,0.05,standard,1,1,42,scs,1e-06,100000,False,False,False,hog,False,False,False,False,False,False,True,1,HOG_graphs/Exp5/list_193_graphs_adjacency_listhog_v04-12_planar_clawFree.txt,True,Results/warm_start_cache,512,60,0,16,1,1,0,0,5,0,5,10,42,True,_Exp8_standardZeroAngles,1,42,42,93,"[(0, 4), (2, 6), (5, 7), (0, 3), (6, 8), (5, 6), (3, 4), (1, 5), (2, 8), (3, 7), (4, 8), (1, 7)]","[1.0, 1.0, 1.0, 1.0, 1.0, 1.0, 1.0, 1.0, 1.0, 1.0, 1.0, 1.0]"
78b904b6,9,12,5,75.0,False,True,"[1, 1, 1]",6.561967560726579,8.624999930107773,8.624999930107773,,,4.765789017856381,4.76578901785638,4.765789017856378,4.765789017856378,"[4.765789017856378, 4.285238291314968, 4.737118295185347, 4.649836062152093, 4.631260836453615, 4.767324248108374, 4.8379210535597466, 4.813694521551313, 4.7985586863164515, 4.842204404662608, 4.928477371445355, 4.989562429524738, 4.990255713285876, 5.004951047878274, 5.058074273819126, 5.103011600304516, 5.132089904366233, 5.17560494229536, 5.192350989178662, 5.171288034378331, 5.170530907332313, 5.185792477281228, 5.201570514047464, 5.223492529317159, 5.244765158261391, 5.256002221997655, 5.270203287180898, 5.289869162727218, 5.299895395691144, 5.302132616132403, 5.3103199964671886, 5.323275755067372, 5.335163629737748, 5.347157524164366, 5.357466616326037, 5.3630805321041795, 5.370994840393543, 5.387703547599322, 5.4088586929033715, 5.428899400838015, 5.446549007618914, 5.461484204230283, 5.476529735306635, 5.496605897760255, 5.519912120897851, 5.539038774831808, 5.551093636114344, 5.561410893646692, 5.574146288963881, 5.586902446999026, 5.597894216631699, 5.608118310865753, 5.616190566316273, 5.620472594248991, 5.6233126606912185, 5.627956500617353, 5.633291421214535, 5.635990425018452, 5.635774237951002, 5.634550999781556, 5.63259434576439, 5.6301178826253295, 5.629253242072857, 5.630011481903137, 5.630198783463403, 5.6300157724483055, 5.631289783734648, 5.633777539877626, 5.636822030166685, 5.640513364561813, 5.643584486347152, 5.644718877433549, 5.644743463301384, 5.644902061170592, 5.645277559824708, 5.645710417884999]",75,0.7262743946464564,,0.8799214000286186,0.8799214000286177,5.645710417884999,,0.8603685351440343,,,,44.4979407787323,44.698912382125854,True,0.2026352882385254,0.0016512870788574219,0.0,0.2026352882385254,Results/warm_start_cache/list_193_graphs_adjacency_listhog_v04-12_planar_clawFree__filehash_62ae5075/hog_idx000093_f4c1553334bd_seed42_L1_M1_amplified.npz,44.51111078262329,2026-08-27 08:53:48,x86_64,dacsgpu0002,,64,64,3.11.15,0.51,False,False,False,False,,True,True,True,False,adam,False,hamqaoa,0.05,standard,1,1,42,scs,1e-06,100000,False,False,False,hog,False,False,False,False,False,False,True,1,HOG_graphs/Exp5/list_193_graphs_adjacency_listhog_v04-12_planar_clawFree.txt,True,Results/warm_start_cache,512,60,0,16,1,1,0,0,5,0,5,10,42,True,_Exp8_standardZeroAngles,1,42,42,93,"[(0, 4), (2, 6), (5, 7), (0, 3), (6, 8), (5, 6), (3, 4), (1, 5), (2, 8), (3, 7), (4, 8), (1, 7)]","[1.0, 1.0, 1.0, 1.0, 1.0, 1.0, 1.0, 1.0, 1.0, 1.0, 1.0, 1.0]"
e05b199c,6,9,1,75.0,False,True,"[1, 1, 1]",4.999999999999998,5.9999999968806845,5.9999999968806845,,,3.499999998141026,3.4999999981410275,3.4999999981410275,3.4999999981410275,"[3.4999999981410275, 3.4647984594022216, 3.4982007643627204, 3.4939450716966034, 3.484300064130883, 3.486851304596331, 3.4938259393167983, 3.498386434230316, 3.4996505953543715, 3.499449809341139, 3.4993408860769066, 3.4998280538399116, 3.500767962740197, 3.5020210964680953, 3.5039520005025406, 3.507449635616146, 3.5134808170957705, 3.5228239419107927, 3.5361523403375075, 3.553430384328291, 3.572254229686419, 3.587501921194805, 3.5953735540766183, 3.597940767678717, 3.5988214966588896, 3.5996634030803034, 3.6020877397584643, 3.607383324790762, 3.612644430008234, 3.6130067310663367, 3.6088282466820436, 3.6048224726270477, 3.6027043783486086, 3.6015125183768237, 3.601702468441918, 3.6041826873121994, 3.6075993281171845, 3.6097794391114983, 3.6106340590262453, 3.6112513145472978, 3.6115473561829563, 3.6113593216071527, 3.6117095590022674, 3.613095822756558, 3.6143270751308436, 3.6145002421971975, 3.61423335474517, 3.6139153818670944, 3.6132193999985573, 3.6126439625486872, 3.6128467269663695, 3.6133144749227517, 3.613546012774567, 3.6137660663528774, 3.6138905245275517, 3.613673119890017, 3.613509025580456, 3.613736373407495, 3.614080735881413, 3.6143637691327175, 3.614646275084538, 3.6147534204466347, 3.6146237794749165, 3.614537011862207, 3.614562930500465, 3.6145898531951715, 3.6146722710211083, 3.6147700154445706, 3.614737324208265, 3.61464408959363, 3.614592337815796, 3.614559768004672, 3.6145852961282587, 3.614682014921965, 3.614745795335903, 3.614759166588876]",75,0.6999999996282057,,0.11475916844784839,0.11475916844784972,3.614759166588876,,0.7229518333177755,,,,3.1261768341064453,3.256655216217041,True,0.13298296928405762,0.0024902820587158203,0.0,0.13298296928405762,Results/warm_start_cache/list_193_graphs_adjacency_listhog_v04-12_planar_clawFree__filehash_62ae5075/hog_idx000165_9471a4451191_seed42_L1_M1_amplified.npz,3.1471095085144043,2026-08-27 08:59:33,x86_64,dacsgpu0002,,64,64,3.11.15,0.22,False,False,False,False,,True,False,True,False,adam,False,hamqaoa,0.05,standard,1,1,42,scs,1e-06,100000,False,False,False,hog,False,False,False,False,False,False,True,1,HOG_graphs/Exp5/list_193_graphs_adjacency_listhog_v04-12_planar_clawFree.txt,True,Results/warm_start_cache,512,60,0,16,1,1,0,0,5,0,5,10,42,True,_Exp8_standardZeroAngles,1,42,42,165,"[(0, 1), (2, 3), (0, 4), (3, 5), (3, 4), (1, 5), (4, 5), (2, 5), (2, 4)]","[1.0, 1.0, 1.0, 1.0, 1.0, 1.0, 1.0, 1.0, 1.0]"
576c80a5,7,7,1,75.0,False,True,"[1, 1, 1]",4.552210782554983,5.874999676106317,5.874999676106317,,,3.1002890076316354,3.100289007631635,3.100289007631635,3.100289007631635,"[3.100289007631635, 3.0858503652961216, 3.0993290955580677, 3.0971853559440397, 3.0919458940748603, 3.093983572615349, 3.0984319380749192, 3.100285579645813, 3.0985713952026384, 3.0963420895963476, 3.0964285445536324, 3.098369133146138, 3.1000441011958744, 3.1000935531818605, 3.098941799803775, 3.0980824055496794, 3.098387913688472, 3.099439329256274, 3.100219489344975, 3.1001207432273667, 3.0994545468487984, 3.0990450293921876, 3.099319423026057, 3.0999394714510133, 3.1002835644669418, 3.100105664837944, 3.0997193977304907, 3.099593440551311, 3.0998467319678, 3.100188273806391, 3.1002801167806995, 3.1000940896711064, 3.0999004156295347, 3.09993310460058, 3.1001396760589777, 3.1002839608286124, 3.1002341088687837, 3.10009504938314, 3.1000556904421583, 3.1001584769555466, 3.1002727066724654, 3.10027343495993, 3.1001890814793853, 3.100145667740361, 3.100198660210525, 3.1002750009219504, 3.100283143984525, 3.1002312221892985, 3.100202098996682, 3.100235485779954, 3.1002826416116607, 3.100283856378656, 3.100249827555694, 3.1002365873064823, 3.1002624870243256, 3.1002888476435553, 3.100282210830731, 3.1002604607788524, 3.100259595706787, 3.1002797128682964, 3.100290440445075, 3.1002797362549517, 3.100268906508024, 3.100275773022198, 3.1002886360216872, 3.100288454453748, 3.100279086341235, 3.1002778039770833, 3.100286324618526, 3.1002906087357753, 3.100285563701946, 3.100281749251403, 3.100285915331634, 3.1002906840835864, 3.1002888084994717, 3.100285209050444]",75,0.6810512860064798,,0.0,-4.440892098500626e-16,3.100289007631635,,0.6810512860064798,,,,3.2650747299194336,3.4069631099700928,True,0.14287185668945312,0.0009717941284179688,0.0,0.14287185668945312,Results/warm_start_cache/list_193_graphs_adjacency_listhog_v04-12_planar_clawFree__filehash_62ae5075/hog_idx000056_6a7f2c8d7d35_seed42_L1_M1_amplified.npz,3.2858965396881104,2026-08-27 08:59:34,x86_64,dacsgpu0002,,64,64,3.11.15,0.23,False,False,False,False,,True,True,True,False,adam,False,hamqaoa,0.05,standard,1,1,42,scs,1e-06,100000,False,False,False,hog,False,False,False,False,False,False,True,1,HOG_graphs/Exp5/list_193_graphs_adjacency_listhog_v04-12_planar_clawFree.txt,True,Results/warm_start_cache,512,60,0,16,1,1,0,0,5,0,5,10,42,True,_Exp8_standardZeroAngles,1,42,42,56,"[(2, 6), (0, 3), (4, 6), (5, 6), (3, 4), (1, 5), (4, 5)]","[1.0, 1.0, 1.0, 1.0, 1.0, 1.0, 1.0]"
8a8107f1,8,8,1,75.0,False,True,"[1, 1, 1]",5.27614744717106,6.874999851423105,6.874999851423105,,,3.6040419702154702,3.604041970215472,3.604041970215472,3.604041970215472,"[3.604041970215472, 3.574812207855787, 3.603084346004964, 3.5996324472543595, 3.5910153179075657, 3.593828481801083, 3.6003669778162415, 3.604353339904637, 3.6052647089049787, 3.6048083223736436, 3.6047093755090764, 3.6059963283320897, 3.6089525784032634, 3.613581760922428, 3.6201816573187626, 3.6301161877403807, 3.646169454115632, 3.6711677157344624, 3.7047736908212987, 3.7400571123014323, 3.7632937178885544, 3.762128798112543, 3.7428673919620583, 3.728297347244812, 3.728497639508981, 3.7379877550447107, 3.748204886515225, 3.7537828700634304, 3.7541972384319564, 3.7519970777753437, 3.7498896503112675, 3.749926405451502, 3.753248855952312, 3.759102868356322, 3.7648489381090515, 3.7674831636349806, 3.7657837862388557, 3.7615322684224517, 3.7581978031387124, 3.7580968830523647, 3.7609725664959806, 3.7648324621400815, 3.767688482947778, 3.768615784203653, 3.7677564051847523, 3.766058710809569, 3.7648740072422653, 3.7650447035966645, 3.766249837385208, 3.7674507845058547, 3.7679061277982964, 3.767670848211808, 3.7672738375389074, 3.767173964296088, 3.7675288913050675, 3.7682015014212427, 3.7688378745638094, 3.76905844513615, 3.7687404700939977, 3.7681750652392525, 3.7678544127164026, 3.7680253311417067, 3.7685038815704384, 3.7689259847655787, 3.769082884906322, 3.769008743204223, 3.7688553520502124, 3.768763320234425, 3.76880442661413, 3.768945738303681, 3.7690621849806147, 3.7690508830110723, 3.7689510132875323, 3.7689017894718857, 3.768976485938355, 3.76911192573335]",75,0.6830821174544449,,0.16506995551787806,0.16506995551787984,3.76911192573335,,0.7143681944965838,,,,5.053417205810547,5.195990800857544,True,0.14568066596984863,0.0030918121337890625,0.0,0.14568066596984863,Results/warm_start_cache/list_193_graphs_adjacency_listhog_v04-12_planar_clawFree__filehash_62ae5075/hog_idx000097_b0627add96e5_seed42_L1_M1_amplified.npz,5.075346231460571,2026-08-27 08:59:35,x86_64,dacsgpu0002,,64,64,3.11.15,0.24,False,False,False,False,,True,True,True,False,adam,False,hamqaoa,0.05,standard,1,1,42,scs,1e-06,100000,False,False,False,hog,False,False,False,False,False,False,True,1,HOG_graphs/Exp5/list_193_graphs_adjacency_listhog_v04-12_planar_clawFree.txt,True,Results/warm_start_cache,512,60,0,16,1,1,0,0,5,0,5,10,42,True,_Exp8_standardZeroAngles,1,42,42,97,"[(1, 3), (4, 7), (5, 7), (5, 6), (6, 7), (0, 5), (3, 6), (2, 4)]","[1.0, 1.0, 1.0, 1.0, 1.0, 1.0, 1.0, 1.0]"
34c204be,6,9,2,75.0,False,True,"[1, 1, 1]",4.999999999999998,5.9999999968806845,5.9999999968806845,,,3.499999998141026,3.4999999981410275,3.4999999981410275,3.4999999981410275,"[3.4999999981410275, 3.3520130097087466, 3.4926556619938407, 3.476732662194337, 3.44237348465136, 3.451461065516594, 3.4763194005213993, 3.4943113631692335, 3.5019827694339556, 3.5033654548098934, 3.5014521256351427, 3.4983278437144785, 3.4974864006172504, 3.50320185132504, 3.5179528410595235, 3.5424487731824126, 3.5784582923941333, 3.6300701235854493, 3.6984829645640303, 3.778845124503381, 3.8583208989699602, 3.9159624140982148, 3.9331163380303344, 3.92672847189641, 3.9295765378940892, 3.953207743313398, 3.9923294692308744, 4.0368698804481555, 4.078020064775852, 4.106372707537815, 4.114964210511214, 4.109024768985984, 4.103195055444074, 4.104824303565181, 4.107682614757918, 4.1036487948680005, 4.096413009422754, 4.097456566270155, 4.109416842070196, 4.124332093410533, 4.13334394004557, 4.1339432152490865, 4.1303605484674035, 4.127712583844669, 4.126809420979124, 4.12704524865358, 4.129467433287001, 4.134027926173443, 4.138070125745695, 4.139337475572511, 4.138226953977347, 4.137125967599733, 4.1381688107893515, 4.140928908816796, 4.143145816196045, 4.143849536292851, 4.143946557657114, 4.144139143872346, 4.144289834447648, 4.144239464857695, 4.144026627014608, 4.143897116593303, 4.1439459305807285, 4.143904790098812, 4.143986868336987, 4.144817117138604, 4.146238147908811, 4.147322521447986, 4.1473649845768925, 4.146600816639738, 4.146018171655539, 4.146132180362308, 4.146552600733118, 4.1469151882481965, 4.147168812521928, 4.147229738875642]",75,0.6999999996282057,,0.6472297407346144,0.6472297407346157,4.147229738875642,,0.8294459477751287,,,,5.739980697631836,5.871622085571289,True,0.13298296928405762,0.0013289451599121094,0.0,0.13298296928405762,Results/warm_start_cache/list_193_graphs_adjacency_listhog_v04-12_planar_clawFree__filehash_62ae5075/hog_idx000165_9471a4451191_seed42_L1_M1_amplified.npz,5.7518064975738525,2026-08-27 08:59:36,x86_64,dacsgpu0002,,64,64,3.11.15,0.23,False,False,False,False,,True,False,True,False,adam,False,hamqaoa,0.05,standard,1,1,42,scs,1e-06,100000,False,False,False,hog,False,False,False,False,False,False,True,1,HOG_graphs/Exp5/list_193_graphs_adjacency_listhog_v04-12_planar_clawFree.txt,True,Results/warm_start_cache,512,60,0,16,1,1,0,0,5,0,5,10,42,True,_Exp8_standardZeroAngles,1,42,42,165,"[(0, 1), (2, 3), (0, 4), (3, 5), (3, 4), (1, 5), (4, 5), (2, 5), (2, 4)]","[1.0, 1.0, 1.0, 1.0, 1.0, 1.0, 1.0, 1.0, 1.0]"
f7cbdc77,7,7,2,75.0,False,True,"[1, 1, 1]",4.552210782554983,5.874999676106317,5.874999676106317,,,3.1002890076316354,3.100289007631635,3.100289007631635,3.100289007631635,"[3.100289007631635, 3.0421994204165754, 3.096441820901631, 3.0876546152222692, 3.066381157738629, 3.0757624365552996, 3.093888862981288, 3.10017642316188, 3.09294784899952, 3.08492506942999, 3.085556854807587, 3.0927384153252984, 3.0990823810628934, 3.099916470187027, 3.0964426528297175, 3.0931304211932216, 3.093015933383161, 3.095691931857294, 3.0987768369035353, 3.1002531529156907, 3.0997058350219846, 3.0981600131552214, 3.0970453209344355, 3.0971432086515107, 3.0982301405267254, 3.0994784588725475, 3.100149577555833, 3.100043696523186, 3.0994775216160715, 3.098953330630567, 3.098825500971032, 3.099143433723202, 3.0996911836267316, 3.100147623859991, 3.1002751263378343, 3.1000666326405173, 3.099750791503691, 3.0995979687301523, 3.09969485463385, 3.099925632775482, 3.1001362847593517, 3.100250642946445, 3.1002509541200705, 3.1001517342280684, 3.100027414159408, 3.099984340628393, 3.100055633601864, 3.100171324874321, 3.1002523525670775, 3.1002793966656026, 3.100261353612078, 3.1002094175619193, 3.100161053066039, 3.100162813097563, 3.1002115585572265, 3.1002625423810493, 3.1002896432535314, 3.100293921645145, 3.100276926240356, 3.1002499829327284, 3.100241129280435, 3.100260461823303, 3.100288204185721, 3.100307681471227, 3.1003169929449177, 3.100314046240638, 3.100303614355688, 3.100302693723108, 3.100317946040268, 3.1003401482462385, 3.1003635761646318, 3.100387675294421, 3.1004120302653506, 3.100447299739707, 3.100514626803026, 3.1006363276727993]",75,0.6810512860064798,,0.000347320041164334,0.0003473200411638899,3.1006363276727993,,0.6811275830097941,,,,6.0724921226501465,6.21398401260376,True,0.14287185668945312,0.0013675689697265625,0.0,0.14287185668945312,Results/warm_start_cache/list_193_graphs_adjacency_listhog_v04-12_planar_clawFree__filehash_62ae5075/hog_idx000056_6a7f2c8d7d35_seed42_L1_M1_amplified.npz,6.08317756652832,2026-08-27 08:59:36,x86_64,dacsgpu0002,,64,64,3.11.15,0.24,False,False,False,False,,True,True,True,False,adam,False,hamqaoa,0.05,standard,1,1,42,scs,1e-06,100000,False,False,False,hog,False,False,False,False,False,False,True,1,HOG_graphs/Exp5/list_193_graphs_adjacency_listhog_v04-12_planar_clawFree.txt,True,Results/warm_start_cache,512,60,0,16,1,1,0,0,5,0,5,10,42,True,_Exp8_standardZeroAngles,1,42,42,56,"[(2, 6), (0, 3), (4, 6), (5, 6), (3, 4), (1, 5), (4, 5)]","[1.0, 1.0, 1.0, 1.0, 1.0, 1.0, 1.0]"
1c8eb943,8,8,2,75.0,False,True,"[1, 1, 1]",5.27614744717106,6.874999851423105,6.874999851423105,,,3.6040419702154702,3.604041970215472,3.604041970215472,3.604041970215472,"[3.604041970215472, 3.4685734875455556, 3.5967756014527392, 3.580546598556561, 3.543682008889245, 3.557209837492202, 3.5859548091963696, 3.60194807390791, 3.6026069202725632, 3.5964352962081882, 3.5922601489715027, 3.594783200035736, 3.603503733859821, 3.6154181477292964, 3.629275976204611, 3.647516790010971, 3.673700317726978, 3.7080142116395067, 3.746280574009149, 3.783643757106171, 3.8168589108488997, 3.841969690911675, 3.8595833165348354, 3.8843219814731866, 3.9252148777235867, 3.980183855134536, 4.0407539251216, 4.094464249008891, 4.123080627042662, 4.122388033092148, 4.127103863644928, 4.15201894261327, 4.178736337047197, 4.189905052022094, 4.184005350457907, 4.170180769952075, 4.156756576212065, 4.149333744216172, 4.150907185032999, 4.158673829288525, 4.166514697498345, 4.172021299520958, 4.17835816162439, 4.186381345042256, 4.192837412351607, 4.196353348698559, 4.198599094389428, 4.20056109919346, 4.201555556778322, 4.201111197817059, 4.199259500166155, 4.1962374375124805, 4.1935199266975225, 4.193103932185402, 4.195151976392908, 4.198383263307049, 4.201692760537063, 4.204126745835539, 4.205014095766755, 4.204909877048309, 4.205068104868951, 4.205771117803073, 4.206339631035427, 4.206293104782294, 4.205647680598436, 4.204805635885894, 4.20445774456065, 4.204848717490509, 4.205466758330899, 4.205937839237387, 4.206443079046635, 4.20705496440848, 4.20753594408378, 4.207723185017481, 4.2076100382661155, 4.207358302026756]",75,0.6830821174544449,,0.6033163318112837,0.6033163318112855,4.207358302026756,,0.7974300081933149,,,,8.60890817642212,8.752193689346313,True,0.14568066596984863,0.002381563186645508,0.0,0.14568066596984863,Results/warm_start_cache/list_193_graphs_adjacency_listhog_v04-12_planar_clawFree__filehash_62ae5075/hog_idx000097_b0627add96e5_seed42_L1_M1_amplified.npz,8.628944158554077,2026-08-27 08:59:39,x86_64,dacsgpu0002,,64,64,3.11.15,0.26,False,False,False,False,,True,True,True,False,adam,False,hamqaoa,0.05,standard,1,1,42,scs,1e-06,100000,False,False,False,hog,False,False,False,False,False,False,True,1,HOG_graphs/Exp5/list_193_graphs_adjacency_listhog_v04-12_planar_clawFree.txt,True,Results/warm_start_cache,512,60,0,16,1,1,0,0,5,0,5,10,42,True,_Exp8_standardZeroAngles,1,42,42,97,"[(1, 3), (4, 7), (5, 7), (5, 6), (6, 7), (0, 5), (3, 6), (2, 4)]","[1.0, 1.0, 1.0, 1.0, 1.0, 1.0, 1.0, 1.0]"
d55f2cbe,6,9,3,75.0,False,True,"[1, 1, 1]",4.999999999999998,5.9999999968806845,5.9999999968806845,,,3.499999998141026,3.4999999981410275,3.4999999981410275,3.4999999981410275,"[3.4999999981410275, 3.1582274423950625, 3.4831323402904335, 3.448959970017272, 3.384016872668736, 3.4030533223848067, 3.4494119894973614, 3.488716881648273, 3.5188895420886666, 3.5394723145933558, 3.550205133917946, 3.567401606750191, 3.6172077708516284, 3.7079842747721776, 3.8067606103901075, 3.856149900480746, 3.8512957590253163, 3.8470879766735546, 3.8698243255269626, 3.909756655959592, 3.947746658692303, 3.9864927870215965, 4.037975890490793, 4.088013110817269, 4.104290184930132, 4.083575356757146, 4.069313640079333, 4.088971706928613, 4.12559407155797, 4.158618213614934, 4.189858620970508, 4.218187917779401, 4.226252978756808, 4.214569156275722, 4.212409176648089, 4.230172275904826, 4.254543752476097, 4.2704367139084525, 4.264706960011803, 4.248994762618322, 4.249358440482451, 4.266894772319854, 4.28128716688025, 4.282867627631869, 4.278028924953183, 4.273848664854561, 4.2748393543901475, 4.280491878844862, 4.284791137036798, 4.284242954920873, 4.2806298355820624, 4.278475108470424, 4.2814182160289915, 4.287337843532586, 4.290130859098156, 4.287838570663295, 4.285171309087379, 4.286278055866995, 4.28960949149705, 4.291446733746865, 4.291048310991137, 4.290483823836137, 4.291223349044599, 4.293017005242325, 4.294819049899734, 4.295783820008886, 4.295878781826958, 4.2958455446265384, 4.2965047631892155, 4.297855582736799, 4.299073152622176, 4.299701675884165, 4.300154506558141, 4.300829741390661, 4.301655305020115, 4.30250023372802]",75,0.6999999996282057,,0.8025002355869928,0.8025002355869941,4.30250023372802,,0.8605000467456043,,,,9.475924968719482,9.60763955116272,True,0.13298296928405762,0.001255035400390625,0.0,0.13298296928405762,Results/warm_start_cache/list_193_graphs_adjacency_listhog_v04-12_planar_clawFree__filehash_62ae5075/hog_idx000165_9471a4451191_seed42_L1_M1_amplified.npz,9.490012168884277,2026-08-27 08:59:40,x86_64,dacsgpu0002,,64,64,3.11.15,0.24,False,False,False,False,,True,False,True,False,adam,False,hamqaoa,0.05,standard,1,1,42,scs,1e-06,100000,False,False,False,hog,False,False,False,False,False,False,True,1,HOG_graphs/Exp5/list_193_graphs_adjacency_listhog_v04-12_planar_clawFree.txt,True,Results/warm_start_cache,512,60,0,16,1,1,0,0,5,0,5,10,42,True,_Exp8_standardZeroAngles,1,42,42,165,"[(0, 1), (2, 3), (0, 4), (3, 5), (3, 4), (1, 5), (4, 5), (2, 5), (2, 4)]","[1.0, 1.0, 1.0, 1.0, 1.0, 1.0, 1.0, 1.0, 1.0]"
a1684a9e,7,7,3,75.0,False,True,"[1, 1, 1]",4.552210782554983,5.874999676106317,5.874999676106317,,,3.1002890076316354,3.100289007631635,3.100289007631635,3.100289007631635,"[3.100289007631635, 2.9699299619376576, 3.091659896222687, 3.071138023771993, 3.023839030576239, 3.0472666393946106, 3.088243552537403, 3.0994825718904235, 3.0817813299252204, 3.065965943688467, 3.069241552288646, 3.085005290196402, 3.0979932654642304, 3.099406255529987, 3.0923180134228927, 3.0855578624839426, 3.0848961123044054, 3.0898338828416962, 3.0961240092564326, 3.0997767190936463, 3.099515762395455, 3.0968774826405348, 3.094527356679599, 3.094195242450765, 3.0956975726439904, 3.0976469764155428, 3.098954513223462, 3.0994954659749503, 3.0995362446915045, 3.0991383344366454, 3.0984313475824, 3.098105645843775, 3.098940664852632, 3.1006727194326396, 3.1022098577565775, 3.1033738066531837, 3.105576517945765, 3.110636169485487, 3.1209631724249953, 3.143096614725136, 3.190779056983513, 3.2821806834953966, 3.430929539614389, 3.6133663725463467, 3.7499599907993786, 3.7699733338252495, 3.7307340741945234, 3.6815879924714907, 3.660424168109828, 3.6700812469830737, 3.7016344052782353, 3.7517905600531525, 3.7911356178422464, 3.809644633967584, 3.8164343236942218, 3.819820553069862, 3.8301560259707657, 3.843014062003414, 3.8504046460870907, 3.8537485412919215, 3.8528520710743215, 3.84495448753493, 3.8368621328318877, 3.83940644046679, 3.850577159490129, 3.86176739392042, 3.867317457461792, 3.868953354315404, 3.8728764680972767, 3.876974284970084, 3.8750622120518563, 3.8700049968044103, 3.868760673667445, 3.8717854360909185, 3.875215711225762, 3.8776165368459954]",75,0.6810512860064798,,0.7773275292143604,0.77732752921436,3.8776165368459954,,0.8518095321301524,,,,9.988073110580444,10.129732608795166,True,0.14287185668945312,0.0011970996856689453,0.0,0.14287185668945312,Results/warm_start_cache/list_193_graphs_adjacency_listhog_v04-12_planar_clawFree__filehash_62ae5075/hog_idx000056_6a7f2c8d7d35_seed42_L1_M1_amplified.npz,10.002931118011475,2026-08-27 08:59:40,x86_64,dacsgpu0002,,64,64,3.11.15,0.26,False,False,False,False,,True,True,True,False,adam,False,hamqaoa,0.05,standard,1,1,42,scs,1e-06,100000,False,False,False,hog,False,False,False,False,False,False,True,1,HOG_graphs/Exp5/list_193_graphs_adjacency_listhog_v04-12_planar_clawFree.txt,True,Results/warm_start_cache,512,60,0,16,1,1,0,0,5,0,5,10,42,True,_Exp8_standardZeroAngles,1,42,42,56,"[(2, 6), (0, 3), (4, 6), (5, 6), (3, 4), (1, 5), (4, 5)]","[1.0, 1.0, 1.0, 1.0, 1.0, 1.0, 1.0]"
bd0110b3,7,10,1,75.0,False,True,"[1, 1, 1]",5.000000000000013,5.874999898456282,5.874999898456282,,,3.58973419511091,3.5897341951109096,3.589734195110911,3.589734195110911,"[3.589734195110911, 3.5875609702004967, 3.587705685434842, 3.589933059137453, 3.58979294796466, 3.58952384801953, 3.590046475626953, 3.5893241764941983, 3.5903171860548664, 3.590336384137266, 3.5908093759972957, 3.5919753923750073, 3.5924995171766003, 3.5939889819444, 3.595610811396548, 3.5967911033794087, 3.5982956110769906, 3.5988218009844406, 3.599045009808746, 3.5999445845239633, 3.601108199314706, 3.6025428693600645, 3.603409381592689, 3.6035642764348053, 3.6035400929375254, 3.6034499009254195, 3.603560345684435, 3.60373257854463, 3.6036329385397625, 3.6033027900593106, 3.6029176975973507, 3.6026879908325022, 3.602835657214535, 3.6032410493157534, 3.6035450916540688, 3.603661432678269, 3.6037494878615806, 3.603850937813614, 3.6039965806093277, 3.6041775829854767, 3.6042233423043863, 3.6041367892799783, 3.6040293656125515, 3.603970043162118, 3.604010338890612, 3.6040384541114023, 3.6040111767745584, 3.603965144773483, 3.603939616592801, 3.6039907002456073, 3.6040603489236496, 3.6041149305398683, 3.6041290676954416, 3.604130001395792, 3.6041626541131264, 3.604204405473002, 3.604233753093354, 3.604223501647386, 3.604200366916661, 3.604190848825407, 3.604193116744056, 3.6041985377607966, 3.604186776962887, 3.6041754451120784, 3.6041775601473685, 3.6041935162994716, 3.6042104148828233, 3.6042145598172883, 3.604216801592941, 3.6042214172205886, 3.604231508203878, 3.60423507734513, 3.604230842002401, 3.6042247225537243, 3.604223230336326, 3.604225523932963]",75,0.71794683902218,,0.014491328822053173,0.01449132882205273,3.604225523932963,,0.7208451047865906,,,,2.727725028991699,2.871342182159424,True,0.14559197425842285,0.0019598007202148438,0.0,0.14559197425842285,Results/warm_start_cache/list_193_graphs_adjacency_listhog_v04-12_planar_clawFree__filehash_62ae5075/hog_idx000042_03fa1bbc1257_seed42_L1_M1_amplified.npz,2.7525932788848877,2026-08-27 08:59:43,x86_64,dacsgpu0002,,64,64,3.11.15,0.23,False,False,False,False,,True,False,True,False,adam,False,hamqaoa,0.05,standard,1,1,42,scs,1e-06,100000,False,False,False,hog,False,False,False,False,False,False,True,1,HOG_graphs/Exp5/list_193_graphs_adjacency_listhog_v04-12_planar_clawFree.txt,True,Results/warm_start_cache,512,60,0,16,1,1,0,0,5,0,5,10,42,True,_Exp8_standardZeroAngles,1,42,42,42,"[(0, 1), (2, 3), (2, 6), (4, 6), (5, 6), (3, 4), (1, 5), (0, 5), (3, 6), (2, 4)]","[1.0, 1.0, 1.0, 1.0, 1.0, 1.0, 1.0, 1.0, 1.0, 1.0]"
4baf61d7,8,8,3,75.0,False,True,"[1, 1, 1]",5.27614744717106,6.874999851423105,6.874999851423105,,,3.6040419702154702,3.604041970215472,3.604041970215472,3.604041970215472,"[3.604041970215472, 3.294785075936945, 3.5851996227872567, 3.54778051180791, 3.4714000821440876, 3.5070667299410183, 3.571713503999111, 3.603682984569612, 3.5987221343376277, 3.58082729796286, 3.573654439547261, 3.5815957806777394, 3.5922620287672054, 3.596016360833773, 3.59845874230285, 3.6090156966948324, 3.625196893819744, 3.639570222160352, 3.6554658716906814, 3.684882007137794, 3.7336828333854246, 3.796908440225052, 3.86553014907238, 3.9327516961587974, 3.9967546801478675, 4.057147312653002, 4.104006713285789, 4.132002732271522, 4.157286572988863, 4.195645308146792, 4.235716700509504, 4.256559996019174, 4.270940665398853, 4.303215915071437, 4.3565720111051816, 4.4197120043913, 4.480231805574192, 4.532150734468871, 4.567640182978266, 4.576384212378628, 4.557719083562604, 4.533266035420777, 4.523714282074352, 4.530401850989259, 4.5430728942109075, 4.555036165780991, 4.564941665248921, 4.572547765647694, 4.581838139369928, 4.596733188772133, 4.611286880872269, 4.617253520775027, 4.615609970829637, 4.6117490275037625, 4.608518734676951, 4.6080636731033815, 4.611985488256601, 4.616919802587481, 4.619450045687989, 4.620997284203567, 4.623109752156965, 4.624184707886332, 4.624097714205265, 4.625485065615518, 4.628627041761736, 4.630872216529491, 4.631893208833583, 4.633411879954664, 4.634732017102761, 4.6345227358039915, 4.634025440247638, 4.634598238845701, 4.635925334230401, 4.637535171183591, 4.638984059671154, 4.639552849322698]",75,0.6830821174544449,,1.0355108791072256,1.0355108791072274,4.639552849322698,,0.8793448052347952,,,,14.320662498474121,14.464839935302734,True,0.14568066596984863,0.0014886856079101562,0.0,0.14568066596984863,Results/warm_start_cache/list_193_graphs_adjacency_listhog_v04-12_planar_clawFree__filehash_62ae5075/hog_idx000097_b0627add96e5_seed42_L1_M1_amplified.npz,14.33373236656189,2026-08-27 08:59:45,x86_64,dacsgpu0002,,64,64,3.11.15,0.26,False,False,False,False,,True,True,True,False,adam,False,hamqaoa,0.05,standard,1,1,42,scs,1e-06,100000,False,False,False,hog,False,False,False,False,False,False,True,1,HOG_graphs/Exp5/list_193_graphs_adjacency_listhog_v04-12_planar_clawFree.txt,True,Results/warm_start_cache,512,60,0,16,1,1,0,0,5,0,5,10,42,True,_Exp8_standardZeroAngles,1,42,42,97,"[(1, 3), (4, 7), (5, 7), (5, 6), (6, 7), (0, 5), (3, 6), (2, 4)]","[1.0, 1.0, 1.0, 1.0, 1.0, 1.0, 1.0, 1.0]"
8127dddd,6,9,4,75.0,False,True,"[1, 1, 1]",4.999999999999998,5.9999999968806845,5.9999999968806845,,,3.499999998141026,3.4999999981410275,3.4999999981410275,3.4999999981410275,"[3.4999999981410275, 2.8947949405386284, 3.469426039458426, 3.4095545849571374, 3.3180563887494827, 3.346702672536326, 3.406845355440938, 3.481706359898279, 3.563439001348458, 3.611586727413326, 3.628071377544301, 3.6688040961629915, 3.7644715650035665, 3.8607942367458916, 3.8598624775123413, 3.806169595239563, 3.839753794364337, 3.9438202502369877, 4.0201206623648895, 4.0405688668540005, 4.051978292024023, 4.073030744707066, 4.085399111458894, 4.089369489159695, 4.107961736889368, 4.155912125358675, 4.2181054334137, 4.261152107388854, 4.261331363249387, 4.231445571898133, 4.215485596738193, 4.236370819387316, 4.271694105530762, 4.286980459085988, 4.279958218608857, 4.272666214943001, 4.276864146945173, 4.287684666572873, 4.29624548465817, 4.298552509436181, 4.296218746171384, 4.293677867820226, 4.29493467805523, 4.3005592240085315, 4.307017612897316, 4.309709517781729, 4.307222031388098, 4.3026988779267565, 4.3006569373633825, 4.302616414339399, 4.3064254367466805, 4.309193290853281, 4.310308401672095, 4.31150941863474, 4.314032981752188, 4.316934259234593, 4.318563715957837, 4.31857293881166, 4.318163589191888, 4.3186197409311164, 4.319985419559592, 4.321387141974348, 4.322115032258226, 4.322200680732438, 4.322315173600582, 4.3230022826398224, 4.323999764509778, 4.324642077144115, 4.32468546655138, 4.3245612378782115, 4.324830927415537, 4.325416790497506, 4.325818938804197, 4.325978224139546, 4.3263364055769, 4.327138651189797]",75,0.6999999996282057,,0.8271386530487694,0.8271386530487708,4.327138651189797,,0.8654277302379597,,,,14.852659702301025,14.984320402145386,True,0.13298296928405762,0.0013072490692138672,0.0,0.13298296928405762,Results/warm_start_cache/list_193_graphs_adjacency_listhog_v04-12_planar_clawFree__filehash_62ae5075/hog_idx000165_9471a4451191_seed42_L1_M1_amplified.npz,14.866851806640625,2026-08-27 08:59:45,x86_64,dacsgpu0002,,64,64,3.11.15,0.24,False,False,False,False,,True,False,True,False,adam,False,hamqaoa,0.05,standard,1,1,42,scs,1e-06,100000,False,False,False,hog,False,False,False,False,False,False,True,1,HOG_graphs/Exp5/list_193_graphs_adjacency_listhog_v04-12_planar_clawFree.txt,True,Results/warm_start_cache,512,60,0,16,1,1,0,0,5,0,5,10,42,True,_Exp8_standardZeroAngles,1,42,42,165,"[(0, 1), (2, 3), (0, 4), (3, 5), (3, 4), (1, 5), (4, 5), (2, 5), (2, 4)]","[1.0, 1.0, 1.0, 1.0, 1.0, 1.0, 1.0, 1.0, 1.0]"
3ebcfa53,7,7,4,75.0,False,True,"[1, 1, 1]",4.552210782554983,5.874999676106317,5.874999676106317,,,3.1002890076316354,3.100289007631635,3.100289007631635,3.100289007631635,"[3.100289007631635, 2.8712767320687216, 3.085038827776166, 3.0465745925369436, 2.966234343150074, 3.012109679055265, 3.084068554774156, 3.09653043394479, 3.062133892169528, 3.04012594465349, 3.0509245429660874, 3.0782265977310854, 3.097712155573775, 3.0981701225954117, 3.0866308095985686, 3.076676921216367, 3.0761641655260434, 3.083987408541186, 3.093796282586245, 3.099573310970141, 3.0994529454864175, 3.095989591470715, 3.0931914182568043, 3.0931846872043836, 3.095460549584186, 3.098606271272763, 3.10195069347875, 3.1055809459617167, 3.1095778782208225, 3.1146687455150275, 3.1252778760164825, 3.150184732493206, 3.2009436319340123, 3.2939056338771513, 3.44160132373019, 3.6049228111910456, 3.7046524372200325, 3.745442024694412, 3.7617772533697895, 3.7567847659028106, 3.7292489869420495, 3.7004208971229575, 3.718362878455694, 3.769162965667379, 3.807223030032065, 3.8251890043019916, 3.8391019866341267, 3.8430466125120737, 3.833938335557907, 3.8247912634757846, 3.8206491209899607, 3.820961197058163, 3.83313780293871, 3.8542659707091254, 3.8675824960354594, 3.8665908912051687, 3.8606680189117317, 3.856619344341492, 3.8551613378825373, 3.859944617080726, 3.8720791813073903, 3.8823929994348694, 3.882728455328644, 3.877054459246622, 3.872905981733896, 3.8717534395538817, 3.872639413864737, 3.8766679046632757, 3.8822539939972525, 3.884569410067664, 3.8830268607301917, 3.8814380905728267, 3.881377496608915, 3.8815958024607724, 3.8823914273497193, 3.884108526061186]",75,0.6810512860064798,,0.7838195184295511,0.7838195184295507,3.884108526061186,,0.8532356500155697,,,,15.697629690170288,15.838983535766602,True,0.14287185668945312,0.0015027523040771484,0.0,0.14287185668945312,Results/warm_start_cache/list_193_graphs_adjacency_listhog_v04-12_planar_clawFree__filehash_62ae5075/hog_idx000056_6a7f2c8d7d35_seed42_L1_M1_amplified.npz,15.710835456848145,2026-08-27 08:59:46,x86_64,dacsgpu0002,,64,64,3.11.15,0.26,False,False,False,False,,True,True,True,False,adam,False,hamqaoa,0.05,standard,1,1,42,scs,1e-06,100000,False,False,False,hog,False,False,False,False,False,False,True,1,HOG_graphs/Exp5/list_193_graphs_adjacency_listhog_v04-12_planar_clawFree.txt,True,Results/warm_start_cache,512,60,0,16,1,1,0,0,5,0,5,10,42,True,_Exp8_standardZeroAngles,1,42,42,56,"[(2, 6), (0, 3), (4, 6), (5, 6), (3, 4), (1, 5), (4, 5)]","[1.0, 1.0, 1.0, 1.0, 1.0, 1.0, 1.0]"
b13c5706,7,10,2,75.0,False,True,"[1, 1, 1]",5.000000000000013,5.874999898456282,5.874999898456282,,,3.58973419511091,3.5897341951109096,3.589734195110911,3.589734195110911,"[3.589734195110911, 3.574584129658516, 3.5866976237950596, 3.5885170001889626, 3.584512440015471, 3.5831924890906834, 3.5861666615854317, 3.58851513739401, 3.5898989453414396, 3.5907785530888585, 3.592492360079854, 3.596809311094645, 3.603992039261886, 3.61181634018619, 3.6193953814097224, 3.627364316023883, 3.638668040705494, 3.6605169627678547, 3.698635383526758, 3.7582240028419087, 3.8361655891375905, 3.928704772951741, 4.025738476167627, 4.1110052190222515, 4.172523500101885, 4.185242448205411, 4.165955499261544, 4.138188314627227, 4.117188289947131, 4.108074755356193, 4.102100259129962, 4.096015411478925, 4.094030875958285, 4.102250375836359, 4.119662741670339, 4.13889321381702, 4.158250841213145, 4.176746573093509, 4.1898425954249765, 4.193590118760417, 4.188022181224254, 4.179088525524442, 4.171636725034891, 4.167093478612024, 4.167162122711248, 4.171801869925347, 4.179181692985586, 4.186290487504749, 4.190927128808103, 4.1936938387097324, 4.194049185566048, 4.191869429384193, 4.188592965880229, 4.186050498180052, 4.185717184865504, 4.187047430428309, 4.1894642330305345, 4.19233490917684, 4.194608997091025, 4.195612755828614, 4.195178232556917, 4.194253854047765, 4.193403295687139, 4.192852413049851, 4.192821369314311, 4.193438004600783, 4.194513799270749, 4.195422291954775, 4.195980834073744, 4.196141410970166, 4.195953180992754, 4.195465416352248, 4.19500718674967, 4.1948934695960505, 4.19512730454724, 4.195569562887343]",75,0.71794683902218,,0.6058353677764332,0.6058353677764328,4.195569562887343,,0.8391139125774664,,,,6.164421081542969,6.308297634124756,True,0.14559197425842285,0.0017006397247314453,0.0,0.14559197425842285,Results/warm_start_cache/list_193_graphs_adjacency_listhog_v04-12_planar_clawFree__filehash_62ae5075/hog_idx000042_03fa1bbc1257_seed42_L1_M1_amplified.npz,6.174915313720703,2026-08-27 08:59:46,x86_64,dacsgpu0002,,64,64,3.11.15,0.23,False,False,False,False,,True,False,True,False,adam,False,hamqaoa,0.05,standard,1,1,42,scs,1e-06,100000,False,False,False,hog,False,False,False,False,False,False,True,1,HOG_graphs/Exp5/list_193_graphs_adjacency_listhog_v04-12_planar_clawFree.txt,True,Results/warm_start_cache,512,60,0,16,1,1,0,0,5,0,5,10,42,True,_Exp8_standardZeroAngles,1,42,42,42,"[(0, 1), (2, 3), (2, 6), (4, 6), (5, 6), (3, 4), (1, 5), (0, 5), (3, 6), (2, 4)]","[1.0, 1.0, 1.0, 1.0, 1.0, 1.0, 1.0, 1.0, 1.0, 1.0]"
e3d6e825,7,12,4,75.0,False,True,"[1, 1, 1]",6.12830456548252,7.780622889220799,7.780622889220799,,,4.570516500116182,4.5705165001161845,4.5705165001161845,4.5705165001161845,"[4.5705165001161845, 4.354786759108902, 4.557971844039172, 4.526273565506419, 4.443801665353252, 4.48779820811709, 4.55901307963308, 4.563713463929229, 4.52958688905367, 4.511874591755531, 4.521410753228722, 4.546056736928008, 4.566745067394141, 4.568726780470327, 4.555495895347235, 4.543307827233019, 4.543217976964659, 4.554013755668278, 4.565961777772561, 4.569726581383004, 4.564551577383278, 4.558063524931736, 4.557307513790216, 4.5620847577574795, 4.567304875515014, 4.568807340313403, 4.566697847683748, 4.5643033233435215, 4.564412180190487, 4.566852579002412, 4.569210083263164, 4.5693878308260105, 4.567640354302848, 4.566183041803835, 4.566736869889866, 4.568755955046007, 4.570274142276792, 4.570114340887259, 4.5689726483579935, 4.56839658483487, 4.568969837027317, 4.569863418862739, 4.570083504313908, 4.569646787545243, 4.569347517238948, 4.569668569192515, 4.570247544410865, 4.570427765613058, 4.570092384042042, 4.569748483950302, 4.569845011524224, 4.5702504238124995, 4.570495963306312, 4.570387244503936, 4.570186021119892, 4.570202806968524, 4.570399179394935, 4.570500553840214, 4.570397347119716, 4.570269874451448, 4.570312416421631, 4.5704759707248686, 4.5705646965860955, 4.570509945888153, 4.570436167417926, 4.570461707964097, 4.570544848831276, 4.57057353622029, 4.5705352619711705, 4.570519116029857, 4.570574228208081, 4.5706451484825905, 4.57066511754415, 4.570653526153209, 4.570677956939047, 4.570756016473031]",75,0.7458043984725355,,0.00023951635684671402,0.00023951635684937855,4.570756016473031,,0.7458434820974252,,,,18.342281103134155,18.591837882995605,True,0.25090932846069336,0.001338958740234375,0.0,0.25090932846069336,Results/warm_start_cache/list_193_graphs_adjacency_listhog_v04-12_planar_clawFree__filehash_62ae5075/hog_idx000081_44979a8fd857_seed42_L1_M1_amplified.npz,18.35846495628357,2026-08-27 08:59:49,x86_64,dacsgpu0002,,64,64,3.11.15,0.26,False,False,False,False,,True,True,True,False,adam,False,hamqaoa,0.05,standard,1,1,42,scs,1e-06,100000,False,False,False,hog,False,False,False,False,False,False,True,1,HOG_graphs/Exp5/list_193_graphs_adjacency_listhog_v04-12_planar_clawFree.txt,True,Results/warm_start_cache,512,60,0,16,1,1,0,0,5,0,5,10,42,True,_Exp8_standardZeroAngles,1,42,42,81,"[(1, 3), (0, 1), (0, 4), (2, 6), (3, 5), (4, 6), (5, 6), (1, 5), (4, 5), (0, 2), (3, 6), (2, 4)]","[1.0, 1.0, 1.0, 1.0, 1.0, 1.0, 1.0, 1.0, 1.0, 1.0, 1.0, 1.0]"
2d534b89,7,10,3,75.0,False,True,"[1, 1, 1]",5.000000000000013,5.874999898456282,5.874999898456282,,,3.58973419511091,3.5897341951109096,3.589734195110911,3.589734195110911,"[3.589734195110911, 3.5504001585088223, 3.5826153278112605, 3.587993127889102, 3.575502813851545, 3.5759428600572343, 3.5833387276300948, 3.590267102585853, 3.5948920283536245, 3.5969237100042277, 3.599169629038191, 3.6035374518608796, 3.6094188681221957, 3.614034898139695, 3.617585738562847, 3.6243945686991785, 3.6357567748985513, 3.6506622783833738, 3.671347968943982, 3.699855530064127, 3.735865584565732, 3.7767694195780277, 3.8148944271945524, 3.839508863692977, 3.8479043615396846, 3.842561337215097, 3.8329683057496093, 3.8351928499174734, 3.857007311939538, 3.8972130005376746, 3.9478553460611336, 4.001657994916195, 4.053157605954158, 4.08309127040749, 4.097795107271444, 4.115223339176943, 4.130296771427844, 4.140509608616689, 4.152704444397227, 4.172069411769969, 4.198358278966929, 4.217325723269065, 4.216759810005122, 4.209982317510505, 4.211924915550933, 4.218687034561565, 4.220455394341618, 4.221063092908874, 4.230014467755863, 4.2432474407294585, 4.252581887309615, 4.25677470008358, 4.259605052984668, 4.265555451048607, 4.272391250231608, 4.276916142776797, 4.280731962092555, 4.283887285321224, 4.286030130437946, 4.288573959409855, 4.290761260490057, 4.291298126566959, 4.291389608570652, 4.292856029778156, 4.295646146669397, 4.2975543185479514, 4.297336147991625, 4.296563867668556, 4.296661259991899, 4.297214522910618, 4.297538035904488, 4.29760810352231, 4.297704311027814, 4.297760961545288, 4.297391313565953, 4.296802660935009]",75,0.71794683902218,,0.7070684658240998,0.7070684658240993,4.296802660935009,,0.8593605321869996,,,,10.504374265670776,10.648207426071167,True,0.14559197425842285,0.001743316650390625,0.0,0.14559197425842285,Results/warm_start_cache/list_193_graphs_adjacency_listhog_v04-12_planar_clawFree__filehash_62ae5075/hog_idx000042_03fa1bbc1257_seed42_L1_M1_amplified.npz,10.535152912139893,2026-08-27 08:59:51,x86_64,dacsgpu0002,,64,64,3.11.15,0.25,False,False,False,False,,True,False,True,False,adam,False,hamqaoa,0.05,standard,1,1,42,scs,1e-06,100000,False,False,False,hog,False,False,False,False,False,False,True,1,HOG_graphs/Exp5/list_193_graphs_adjacency_listhog_v04-12_planar_clawFree.txt,True,Results/warm_start_cache,512,60,0,16,1,1,0,0,5,0,5,10,42,True,_Exp8_standardZeroAngles,1,42,42,42,"[(0, 1), (2, 3), (2, 6), (4, 6), (5, 6), (3, 4), (1, 5), (0, 5), (3, 6), (2, 4)]","[1.0, 1.0, 1.0, 1.0, 1.0, 1.0, 1.0, 1.0, 1.0, 1.0]"
94fad9d5,8,18,1,75.0,False,True,"[1, 1, 1]",8.371300025666821,10.124999999660947,10.124999999660947,,,6.143080244121813,6.143080244121817,6.143080244121817,6.143080244121817,"[6.143080244121817, 6.121317633828273, 6.144002573538565, 6.142717804106526, 6.134428406781979, 6.134869124452658, 6.1401998452963555, 6.144282609520778, 6.144238455394829, 6.141820451565413, 6.14123084940644, 6.1430847700920985, 6.144447118418726, 6.14407618512537, 6.144084131520378, 6.145890467271848, 6.148122015048278, 6.148859657228164, 6.14853075827259, 6.14975797152116, 6.1531203249949415, 6.156220325609248, 6.158535865125062, 6.162909605151782, 6.169542612609329, 6.176562724878591, 6.185364020779417, 6.196913470913483, 6.207731126914985, 6.214680029201831, 6.217442455234657, 6.217908704196727, 6.219735511828515, 6.223680567457144, 6.225794574591062, 6.223596370668813, 6.218966486649286, 6.215232735655271, 6.214266835823629, 6.216075697430308, 6.219472885018045, 6.222733499355703, 6.224487486262446, 6.224884714172271, 6.225397199848588, 6.226674068485674, 6.227702223206387, 6.227566775586081, 6.226623345488588, 6.2255884115431845, 6.224926659054178, 6.224971193888433, 6.225493975795224, 6.225857608428405, 6.225940765202998, 6.226126138219272, 6.226622143346776, 6.227315619715336, 6.227910886341659, 6.228116998008515, 6.227961415483269, 6.227764499394821, 6.227715357902868, 6.2277069902531546, 6.227597953176948, 6.22742964096986, 6.227363678691279, 6.22749770917837, 6.227753395873708, 6.2279557764957785, 6.228029220521994, 6.228055210854563, 6.228112043052297, 6.228164222817841, 6.228146655713611, 6.228061020772306]",75,0.7338263143462579,,0.08498077665048864,0.08498077665049308,6.228061020772306,,0.7439777575378689,,,,4.797172784805298,4.97140097618103,True,0.17712736129760742,0.0028841495513916016,0.0,0.17712736129760742,Results/warm_start_cache/list_193_graphs_adjacency_listhog_v04-12_planar_clawFree__filehash_62ae5075/hog_idx000148_c1e3ab868070_seed42_L1_M1_amplified.npz,4.81572151184082,2026-08-27 08:59:51,x86_64,dacsgpu0002,,64,64,3.11.15,0.24,False,False,False,False,,True,True,True,False,adam,False,hamqaoa,0.05,standard,1,1,42,scs,1e-06,100000,False,False,False,hog,False,False,False,False,False,False,True,1,HOG_graphs/Exp5/list_193_graphs_adjacency_listhog_v04-12_planar_clawFree.txt,True,Results/warm_start_cache,512,60,0,16,1,1,0,0,5,0,5,10,42,True,_Exp8_standardZeroAngles,1,42,42,148,"[(2, 3), (1, 6), (0, 4), (4, 7), (2, 6), (5, 7), (3, 5), (0, 3), (4, 6), (5, 6), (3, 4), (1, 5), (3, 7), (2, 5), (6, 7), (0, 2), (2, 4), (1, 7)]","[1.0, 1.0, 1.0, 1.0, 1.0, 1.0, 1.0, 1.0, 1.0, 1.0, 1.0, 1.0, 1.0, 1.0, 1.0, 1.0, 1.0, 1.0]"
776302d7,8,8,4,75.0,False,True,"[1, 1, 1]",5.27614744717106,6.874999851423105,6.874999851423105,,,3.6040419702154702,3.604041970215472,3.604041970215472,3.604041970215472,"[3.604041970215472, 3.0744448241715303, 3.567793596684972, 3.4985149806570845, 3.383755741718008, 3.458213522143086, 3.567589572161041, 3.607657130028341, 3.5852607311387104, 3.5586375811452275, 3.5621933646081962, 3.579946768732767, 3.5847460590391, 3.582527306467571, 3.5972886862282114, 3.6283532066445763, 3.6582601321664767, 3.6850251180154165, 3.7235884076817047, 3.786071389224677, 3.8739808816120678, 3.9723992254659937, 4.05584290470758, 4.106889999519986, 4.134936552689999, 4.173310208064386, 4.229489880984154, 4.300748490269844, 4.354452818647898, 4.3545070724294135, 4.328205137289267, 4.3208304155310975, 4.341141015707245, 4.377557716772396, 4.414924564282779, 4.445870813688836, 4.464669150847908, 4.474662475512655, 4.480775216778274, 4.480469905461722, 4.47794457853677, 4.481140030407133, 4.494845873369209, 4.513798210639329, 4.522858657999561, 4.517779774670494, 4.509538985262934, 4.509727994727288, 4.521527226802373, 4.5369528519677145, 4.546580341017569, 4.54967925152494, 4.549620418360449, 4.550092297057035, 4.55454743757175, 4.563487573126646, 4.574999388098463, 4.584760431306327, 4.588913010866493, 4.589346211745334, 4.591378650870797, 4.59705127664075, 4.603510876958594, 4.608123103483175, 4.612420040177649, 4.618557694921667, 4.62537802620584, 4.6307116949652, 4.634424061717024, 4.637488561104643, 4.640449611538686, 4.644082315065146, 4.648461851300367, 4.652452072222228, 4.6554860076835, 4.657078487694248]",75,0.6830821174544449,,1.053036517478776,1.0530365174787777,4.657078487694248,,0.8826664785858588,,,,21.670323610305786,21.814746379852295,True,0.14568066596984863,0.0012443065643310547,0.0,0.14568066596984863,Results/warm_start_cache/list_193_graphs_adjacency_listhog_v04-12_planar_clawFree__filehash_62ae5075/hog_idx000097_b0627add96e5_seed42_L1_M1_amplified.npz,21.685907125473022,2026-08-27 08:59:52,x86_64,dacsgpu0002,,64,64,3.11.15,0.28,False,False,False,False,,True,True,True,False,adam,False,hamqaoa,0.05,standard,1,1,42,scs,1e-06,100000,False,False,False,hog,False,False,False,False,False,False,True,1,HOG_graphs/Exp5/list_193_graphs_adjacency_listhog_v04-12_planar_clawFree.txt,True,Results/warm_start_cache,512,60,0,16,1,1,0,0,5,0,5,10,42,True,_Exp8_standardZeroAngles,1,42,42,97,"[(1, 3), (4, 7), (5, 7), (5, 6), (6, 7), (0, 5), (3, 6), (2, 4)]","[1.0, 1.0, 1.0, 1.0, 1.0, 1.0, 1.0, 1.0]"
a637315d,6,9,5,75.0,False,True,"[1, 1, 1]",4.999999999999998,5.9999999968806845,5.9999999968806845,,,3.499999998141026,3.4999999981410275,3.4999999981410275,3.4999999981410275,"[3.4999999981410275, 2.586800648774061, 3.4513648841127833, 3.3552913004988763, 3.2509864474477412, 3.279841081976548, 3.352648296719225, 3.5041696335080172, 3.6419700409494444, 3.6716861560973184, 3.6677980905406, 3.7302014588135033, 3.833788900435292, 3.846918525986317, 3.7837369878093314, 3.831868742462516, 3.961330253535465, 4.032098331339373, 4.029658995873446, 4.025377241197348, 4.040874207083187, 4.052546510048876, 4.053745574178341, 4.070394465685225, 4.118609048729338, 4.181894677428028, 4.239282030477534, 4.275573988113301, 4.2645329106843555, 4.2168312060194735, 4.206734506610866, 4.249275780175597, 4.284457746296313, 4.283555239481385, 4.272568839430797, 4.271466563464171, 4.278497393694209, 4.287182385463902, 4.294096677183279, 4.299269902094353, 4.303281443624425, 4.304227570005036, 4.300955117792215, 4.297573025554094, 4.299552791796512, 4.305442530614572, 4.309339303266028, 4.310704523224578, 4.313108288913232, 4.316446575985855, 4.31802295613261, 4.318122622725218, 4.319475145746447, 4.322590483553076, 4.325027391508024, 4.325212890020878, 4.324407080851693, 4.324256274754809, 4.324908006950977, 4.32617173764034, 4.327955329963773, 4.3295002502270945, 4.33024724673779, 4.330814037837295, 4.332023222366398, 4.333900360614628, 4.335775295326713, 4.336923395185807, 4.337466503124291, 4.3381934289341455, 4.339437775925533, 4.341093666941643, 4.3430772428446245, 4.345207245807763, 4.34740168453077, 4.349825577101719]",75,0.6999999996282057,,0.8498255789606919,0.8498255789606932,4.349825577101719,,0.8699651154203442,,,,22.054123878479004,22.18534803390503,True,0.13298296928405762,0.0017461776733398438,0.0,0.13298296928405762,Results/warm_start_cache/list_193_graphs_adjacency_listhog_v04-12_planar_clawFree__filehash_62ae5075/hog_idx000165_9471a4451191_seed42_L1_M1_amplified.npz,22.067273139953613,2026-08-27 08:59:52,x86_64,dacsgpu0002,,64,64,3.11.15,0.24,False,False,False,False,,True,False,True,False,adam,False,hamqaoa,0.05,standard,1,1,42,scs,1e-06,100000,False,False,False,hog,False,False,False,False,False,False,True,1,HOG_graphs/Exp5/list_193_graphs_adjacency_listhog_v04-12_planar_clawFree.txt,True,Results/warm_start_cache,512,60,0,16,1,1,0,0,5,0,5,10,42,True,_Exp8_standardZeroAngles,1,42,42,165,"[(0, 1), (2, 3), (0, 4), (3, 5), (3, 4), (1, 5), (4, 5), (2, 5), (2, 4)]","[1.0, 1.0, 1.0, 1.0, 1.0, 1.0, 1.0, 1.0, 1.0]"
bd076b28,8,18,2,75.0,False,True,"[1, 1, 1]",8.371300025666821,10.124999999660947,10.124999999660947,,,6.143080244121813,6.143080244121817,6.143080244121817,6.143080244121817,"[6.143080244121817, 6.027918005916746, 6.138661237040513, 6.125122615221679, 6.093017714120576, 6.105284625698725, 6.131591010295406, 6.147126352979851, 6.1496967048352404, 6.1467107363421105, 6.1445335598165824, 6.146428157078233, 6.152675587824029, 6.161047431293548, 6.168487693193264, 6.173959881449287, 6.180248048445326, 6.189727095348526, 6.2013996415117765, 6.2123394700097805, 6.220567493355682, 6.227544962960124, 6.237254062564238, 6.2525701832976965, 6.272898539073967, 6.293088557923064, 6.304450746792266, 6.303021577590518, 6.294530169461008, 6.2881481856983665, 6.290082090400831, 6.299125311012675, 6.309948578801516, 6.320805349586237, 6.3354363128678255, 6.357539967359627, 6.390645969070134, 6.442099207724323, 6.518897764868401, 6.612790047318904, 6.687070800539883, 6.692066465621811, 6.630801661723381, 6.582344537917099, 6.589850256496851, 6.629179171700413, 6.662094750199669, 6.67057307792589, 6.661422393218985, 6.6521445608486856, 6.6509306553733865, 6.655450672849077, 6.6641869197463155, 6.67808302760135, 6.692966614629717, 6.699099728071175, 6.691228651211285, 6.6780715734840825, 6.673487778096508, 6.679456013350466, 6.688792363626645, 6.696441724867691, 6.700717001013874, 6.7007944125378565, 6.69790522154865, 6.694652377120033, 6.692788291637463, 6.693814381902845, 6.697487487313019, 6.700493750606962, 6.700576618472533, 6.699348076324171, 6.699054286086166, 6.699886766635783, 6.701193752287896, 6.702559486933569]",75,0.7338263143462579,,0.5594792428117517,0.5594792428117561,6.702559486933569,,0.8006593320491666,,,,11.60843300819397,11.784223079681396,True,0.17712736129760742,0.001322031021118164,0.0,0.17712736129760742,Results/warm_start_cache/list_193_graphs_adjacency_listhog_v04-12_planar_clawFree__filehash_62ae5075/hog_idx000148_c1e3ab868070_seed42_L1_M1_amplified.npz,11.641114473342896,2026-08-27 08:59:58,x86_64,dacsgpu0002,,64,64,3.11.15,0.26,False,False,False,False,,True,True,True,False,adam,False,hamqaoa,0.05,standard,1,1,42,scs,1e-06,100000,False,False,False,hog,False,False,False,False,False,False,True,1,HOG_graphs/Exp5/list_193_graphs_adjacency_listhog_v04-12_planar_clawFree.txt,True,Results/warm_start_cache,512,60,0,16,1,1,0,0,5,0,5,10,42,True,_Exp8_standardZeroAngles,1,42,42,148,"[(2, 3), (1, 6), (0, 4), (4, 7), (2, 6), (5, 7), (3, 5), (0, 3), (4, 6), (5, 6), (3, 4), (1, 5), (3, 7), (2, 5), (6, 7), (0, 2), (2, 4), (1, 7)]","[1.0, 1.0, 1.0, 1.0, 1.0, 1.0, 1.0, 1.0, 1.0, 1.0, 1.0, 1.0, 1.0, 1.0, 1.0, 1.0, 1.0, 1.0]"
d224c55c,7,12,5,75.0,False,True,"[1, 1, 1]",6.12830456548252,7.780622889220799,7.780622889220799,,,4.570516500116182,4.5705165001161845,4.5705165001161845,4.5705165001161845,"[4.5705165001161845, 4.216182188683461, 4.550940068506563, 4.4976455197564755, 4.366075561931664, 4.4449011114414505, 4.559655654536329, 4.549519921312413, 4.493976231344117, 4.475782065313552, 4.495867192010613, 4.534801909193805, 4.565629921246169, 4.566832665321016, 4.545973069975351, 4.528238796367601, 4.528733804870993, 4.545164031766346, 4.563192249933932, 4.568773865497438, 4.560777542916493, 4.550817774235451, 4.549670383996797, 4.557276285827204, 4.565903323985299, 4.568657836610007, 4.564993976576819, 4.560137117657952, 4.559474875966183, 4.563583781812289, 4.568531845977883, 4.570207769864847, 4.568043247511347, 4.564978134375545, 4.564216043385971, 4.566270628773124, 4.569042756705993, 4.570228183141077, 4.569433159962854, 4.568144534823651, 4.5679331472907485, 4.568916148558476, 4.569927204706871, 4.5699491511702215, 4.569191980850994, 4.568708338459656, 4.569141312865604, 4.570072511774147, 4.570584708071872, 4.570310297164208, 4.569760339835657, 4.569634557356057, 4.570024523850611, 4.570424612789712, 4.57041692462648, 4.570151031903182, 4.570079791382631, 4.570364855440085, 4.570717268464983, 4.570810900940148, 4.570692511631241, 4.570680125586815, 4.570943670161241, 4.571339252608149, 4.571669422121955, 4.5719814289794005, 4.572525250214211, 4.573492506722806, 4.5749542890581925, 4.577125918730762, 4.5807313305392, 4.587346451342094, 4.60024781132233, 4.62710654925919, 4.686218578766875, 4.809825616586137]",75,0.7458043984725355,,0.23930911646995234,0.239309116469955,4.809825616586137,,0.7848542064435449,,,,28.239611625671387,28.489477396011353,True,0.25090932846069336,0.0010259151458740234,0.0,0.25090932846069336,Results/warm_start_cache/list_193_graphs_adjacency_listhog_v04-12_planar_clawFree__filehash_62ae5075/hog_idx000081_44979a8fd857_seed42_L1_M1_amplified.npz,28.264796018600464,2026-08-27 08:59:59,x86_64,dacsgpu0002,,64,64,3.11.15,0.26,False,False,False,False,,True,True,True,False,adam,False,hamqaoa,0.05,standard,1,1,42,scs,1e-06,100000,False,False,False,hog,False,False,False,False,False,False,True,1,HOG_graphs/Exp5/list_193_graphs_adjacency_listhog_v04-12_planar_clawFree.txt,True,Results/warm_start_cache,512,60,0,16,1,1,0,0,5,0,5,10,42,True,_Exp8_standardZeroAngles,1,42,42,81,"[(1, 3), (0, 1), (0, 4), (2, 6), (3, 5), (4, 6), (5, 6), (1, 5), (4, 5), (0, 2), (3, 6), (2, 4)]","[1.0, 1.0, 1.0, 1.0, 1.0, 1.0, 1.0, 1.0, 1.0, 1.0, 1.0, 1.0]"
cb763e6a,7,10,4,75.0,False,True,"[1, 1, 1]",5.000000000000013,5.874999898456282,5.874999898456282,,,3.58973419511091,3.5897341951109096,3.589734195110911,3.589734195110911,"[3.589734195110911, 3.5150088177410588, 3.5694418331299027, 3.587269354309219, 3.5668634517382105, 3.562814622560901, 3.5796112169327814, 3.59418696802595, 3.602239769092038, 3.604256280706677, 3.6091601030220715, 3.621557272109648, 3.6365512926541728, 3.6651724781396693, 3.7105777612544704, 3.7716938879191, 3.850106042933981, 3.9159394657317352, 3.925464901627529, 3.9013105057693402, 3.882502183661155, 3.9048568689704135, 3.9667610314583257, 4.024696995449609, 4.044932570315898, 4.0325291714881475, 4.0237290503912435, 4.04369672418731, 4.0889700909053435, 4.139864247614095, 4.177554506133797, 4.195246240274247, 4.203337943536247, 4.220433290804082, 4.243593089720118, 4.2528259795216705, 4.245437583255595, 4.2386232188533794, 4.245412520531976, 4.258865784904814, 4.261286240908782, 4.249797668083379, 4.241047934943694, 4.245017718633855, 4.254621784530412, 4.258922530260506, 4.256323362353158, 4.2562676641296715, 4.264078785086925, 4.27270887446471, 4.2744268439794055, 4.271513671035985, 4.271372410404394, 4.275883751940242, 4.279957308430071, 4.2792890336005325, 4.275897118789186, 4.274449458445845, 4.276171369559377, 4.278282034621246, 4.278787182510199, 4.279285135328177, 4.281211552247474, 4.282950187006521, 4.2830525293579615, 4.282485360236603, 4.282497468696621, 4.282950420283756, 4.282837312203086, 4.281882656649223, 4.281449465812722, 4.28248272450954, 4.283700369788699, 4.283929048439965, 4.283914395723368, 4.284292156772322]",75,0.71794683902218,,0.6945579616614124,0.6945579616614119,4.284292156772322,,0.8568584313544622,,,,18.58240008354187,18.72648572921753,True,0.14559197425842285,0.0014896392822265625,0.0,0.14559197425842285,Results/warm_start_cache/list_193_graphs_adjacency_listhog_v04-12_planar_clawFree__filehash_62ae5075/hog_idx000042_03fa1bbc1257_seed42_L1_M1_amplified.npz,18.597607851028442,2026-08-27 08:59:59,x86_64,dacsgpu0002,,64,64,3.11.15,0.26,False,False,False,False,,True,False,True,False,adam,False,hamqaoa,0.05,standard,1,1,42,scs,1e-06,100000,False,False,False,hog,False,False,False,False,False,False,True,1,HOG_graphs/Exp5/list_193_graphs_adjacency_listhog_v04-12_planar_clawFree.txt,True,Results/warm_start_cache,512,60,0,16,1,1,0,0,5,0,5,10,42,True,_Exp8_standardZeroAngles,1,42,42,42,"[(0, 1), (2, 3), (2, 6), (4, 6), (5, 6), (3, 4), (1, 5), (0, 5), (3, 6), (2, 4)]","[1.0, 1.0, 1.0, 1.0, 1.0, 1.0, 1.0, 1.0, 1.0, 1.0]"
2f96ff8b,8,8,5,75.0,False,True,"[1, 1, 1]",5.27614744717106,6.874999851423105,6.874999851423105,,,3.6040419702154702,3.604041970215472,3.604041970215472,3.604041970215472,"[3.604041970215472, 2.834568277415914, 3.5431370749550344, 3.4287936860990325, 3.292418686071349, 3.425422419064536, 3.5736532065814055, 3.5942077154865566, 3.5487616428194033, 3.535326750888931, 3.5618431534925477, 3.5831044823630993, 3.5953596794539235, 3.639440517384922, 3.724069297907998, 3.8231629620358722, 3.9120441898769984, 3.9966582840703495, 4.148089552350773, 4.3753083143058005, 4.532026615156816, 4.497226666323561, 4.366739647464691, 4.282376958368936, 4.304538398985533, 4.4178733087036814, 4.543904807580663, 4.600444390016643, 4.57898260069899, 4.535795820475159, 4.511890034387143, 4.51153501627379, 4.527954939380751, 4.555593499881654, 4.586938312976276, 4.612778468278484, 4.625667925366205, 4.623294878944284, 4.61227011159789, 4.606231026731123, 4.615634152999073, 4.638794162017842, 4.663854738429827, 4.679513198441485, 4.683754254234044, 4.6828867879774725, 4.683722885553157, 4.688044915621968, 4.6938587356880594, 4.699265405690366, 4.7035432306253995, 4.706837204933611, 4.710672428319793, 4.716017709108789, 4.720785928536024, 4.7228942340738564, 4.724346244613837, 4.728346287985167, 4.734196527316599, 4.73858044424834, 4.740346094574406, 4.741289455333094, 4.7434234761647565, 4.747185557646477, 4.751409208044493, 4.754423481367941, 4.755990151049387, 4.757839980377253, 4.761253531429489, 4.765262234738535, 4.768256764994988, 4.769993721154184, 4.771389644558634, 4.77329275567096, 4.775705306906645, 4.777960347320923]",75,0.6830821174544449,,1.1739183771054513,1.173918377105453,4.777960347320923,,0.9055774872028544,,,,33.776484966278076,33.920644998550415,True,0.14568066596984863,0.001505136489868164,0.0,0.14568066596984863,Results/warm_start_cache/list_193_graphs_adjacency_listhog_v04-12_planar_clawFree__filehash_62ae5075/hog_idx000097_b0627add96e5_seed42_L1_M1_amplified.npz,33.79404616355896,2026-08-27 09:00:04,x86_64,dacsgpu0002,,64,64,3.11.15,0.28,False,False,False,False,,True,True,True,False,adam,False,hamqaoa,0.05,standard,1,1,42,scs,1e-06,100000,False,False,False,hog,False,False,False,False,False,False,True,1,HOG_graphs/Exp5/list_193_graphs_adjacency_listhog_v04-12_planar_clawFree.txt,True,Results/warm_start_cache,512,60,0,16,1,1,0,0,5,0,5,10,42,True,_Exp8_standardZeroAngles,1,42,42,97,"[(1, 3), (4, 7), (5, 7), (5, 6), (6, 7), (0, 5), (3, 6), (2, 4)]","[1.0, 1.0, 1.0, 1.0, 1.0, 1.0, 1.0, 1.0]"
32b9aba8,6,5,1,75.0,False,True,"[1, 1, 1]",,4.999999851788775,4.999999851788775,,,2.4999998800153764,2.4999998800153764,2.4999998800153764,2.4999998800153764,"[2.4999998800153764, 2.4974396767534013, 2.489683406065228, 2.499859405878883, 2.4942921747899773, 2.495865433460769, 2.5007749596607884, 2.4982925200791324, 2.4967781581937403, 2.5003342848602426, 2.5019515867277446, 2.500132537446726, 2.5013082278706347, 2.5050835426378746, 2.5069181407095282, 2.508433092614754, 2.5132788143841593, 2.5198291101013943, 2.5254286764657174, 2.53058272303965, 2.5362084015830906, 2.5406745859809963, 2.5425602768439646, 2.5437126931498315, 2.5465453544981353, 2.550769782492381, 2.554647175605593, 2.556903128949601, 2.556445385122358, 2.55350104113726, 2.55183898292122, 2.5527628625564085, 2.5544352244809825, 2.5549801401255334, 2.5539683611725126, 2.5526000162514815, 2.552302750233934, 2.5533879526638343, 2.554950079296275, 2.5557930492218417, 2.555615074849405, 2.5552408926885004, 2.5554892885924163, 2.556214672759001, 2.556818662704566, 2.5571079539474906, 2.5571735275848564, 2.556982885534721, 2.5566404796176956, 2.556496265563457, 2.5566106197537395, 2.5567063457413473, 2.5566964704409347, 2.556683002122116, 2.5566479857386626, 2.5565946713072147, 2.5566614698416124, 2.5568556528716773, 2.557032034317125, 2.5571448940723083, 2.5572145347733035, 2.5572137258581042, 2.5571821587658556, 2.557208477941397, 2.557259389584009, 2.5572588338717726, 2.557222611672486, 2.5571800350577627, 2.557139971372485, 2.557141902502273, 2.55718822458282, 2.5572184508115856, 2.5572198304177043, 2.5572264253205077, 2.5572421577047892, 2.5572656958098725]",75,0.6677350106878676,,0.05726581579449608,0.05726581579449608,2.5572656958098725,,0.6830303674705855,,,,4.539636135101318,4.682308912277222,True,0.1447451114654541,0.0020563602447509766,0.0,0.1447451114654541,Results/warm_start_cache/list_193_graphs_adjacency_listhog_v04-12_planar_clawFree__filehash_62ae5075/hog_idx000034_de880e1481de_seed42_L1_M1_amplified.npz,4.580643892288208,2026-08-27 09:00:05,x86_64,dacsgpu0002,,64,64,3.11.15,0.22,True,False,True,False,,True,True,True,False,adam,False,hamqaoa,0.05,standard,1,1,42,scs,1e-06,100000,False,False,False,hog,False,False,False,False,False,False,True,1,HOG_graphs/Exp5/list_193_graphs_adjacency_listhog_v04-12_planar_clawFree.txt,True,Results/warm_start_cache,512,60,0,16,1,1,0,0,5,0,5,10,42,True,_Exp8_standardZeroAngles,1,42,42,34,"[(2, 3), (0, 4), (3, 5), (1, 5), (2, 4)]","[1.0, 1.0, 1.0, 1.0, 1.0]"
b70a31ae,7,7,5,75.0,False,True,"[1, 1, 1]",4.552210782554983,5.874999676106317,5.874999676106317,,,3.1002890076316354,3.100289007631635,3.100289007631635,3.100289007631635,"[3.100289007631635, 2.7502541999240155, 3.076659496078753, 3.012546840545222, 2.897479188907537, 2.9746716112418303, 3.0833913532392527, 3.0875020213395743, 3.0300084973678616, 3.0079441753091523, 3.034355666506835, 3.076448885616031, 3.0992962454254127, 3.0933113047676883, 3.0750329216434222, 3.0642673297581036, 3.068678417099659, 3.083119333987108, 3.0964836584509574, 3.100851522022329, 3.097110216626583, 3.0921829032651935, 3.0913102079118424, 3.0949729773173558, 3.1025162610519157, 3.114207570166625, 3.127229641515029, 3.136444422013132, 3.1470963821772293, 3.177451019858918, 3.2379218696204255, 3.325359297072708, 3.4425931927621667, 3.5907050444573523, 3.7155346783737153, 3.7703597983886783, 3.7914623190586068, 3.784669775473081, 3.768471682547321, 3.747900131420575, 3.7338510761738655, 3.7438241641851446, 3.7863961257893477, 3.82618476696736, 3.8409136519276204, 3.8352608517041866, 3.8232454453333915, 3.811207763286861, 3.8078634884926017, 3.818854353224965, 3.839952550622023, 3.8607129817807686, 3.869687177349329, 3.864808594403495, 3.8576984408579773, 3.8580465491184777, 3.8615257364216715, 3.86375507842348, 3.868253829438141, 3.8758860816267418, 3.8817368580185163, 3.882226231116021, 3.8789432091402762, 3.874649747594536, 3.8716182526766043, 3.8720646748103253, 3.8762591600555507, 3.8821982059559423, 3.885799049794054, 3.8859595160979516, 3.885842411239469, 3.8862724888098423, 3.885902512225432, 3.8858223570547756, 3.8873656564547385, 3.88988282184436]",75,0.6810512860064798,,0.7895938142127252,0.7895938142127248,3.88988282184436,,0.854504109684727,,,,25.875365734100342,26.016621589660645,True,0.14287185668945312,0.0015993118286132812,0.0,0.14287185668945312,Results/warm_start_cache/list_193_graphs_adjacency_listhog_v04-12_planar_clawFree__filehash_62ae5075/hog_idx000056_6a7f2c8d7d35_seed42_L1_M1_amplified.npz,25.922088623046875,2026-08-27 09:00:06,x86_64,dacsgpu0002,,64,64,3.11.15,0.27,False,False,False,False,,True,True,True,False,adam,False,hamqaoa,0.05,standard,1,1,42,scs,1e-06,100000,False,False,False,hog,False,False,False,False,False,False,True,1,HOG_graphs/Exp5/list_193_graphs_adjacency_listhog_v04-12_planar_clawFree.txt,True,Results/warm_start_cache,512,60,0,16,1,1,0,0,5,0,5,10,42,True,_Exp8_standardZeroAngles,1,42,42,56,"[(2, 6), (0, 3), (4, 6), (5, 6), (3, 4), (1, 5), (4, 5)]","[1.0, 1.0, 1.0, 1.0, 1.0, 1.0, 1.0]"
d5e07e16,6,5,2,75.0,False,True,"[1, 1, 1]",,4.999999851788775,4.999999851788775,,,2.4999998800153764,2.4999998800153764,2.4999998800153764,2.4999998800153764,"[2.4999998800153764, 2.4898840722874116, 2.4614783263965174, 2.4961489774677226, 2.48707061580989, 2.483164002706654, 2.4987950125017395, 2.503260487336314, 2.49715351705538, 2.5012746244281217, 2.5170163862482666, 2.53783031793147, 2.571058859252842, 2.6334834254581247, 2.7271152468135758, 2.8195279343702895, 2.8470143451851992, 2.8213804862407494, 2.831237946516606, 2.8674314561600642, 2.898387186370511, 2.9376597170190517, 3.000773472311259, 3.0559675437248206, 3.0781424390173666, 3.0866210945963757, 3.1124755193206743, 3.159616096007771, 3.2152643886788255, 3.2706921460483347, 3.318849792708051, 3.3441887117390943, 3.3333635532828847, 3.3021359961723586, 3.2868885827083614, 3.2979435953888316, 3.319261347590573, 3.3369496040625872, 3.350904769926427, 3.365113232556745, 3.376844153659444, 3.379416874604788, 3.372247976861844, 3.363956353419549, 3.362607223554437, 3.366808477142715, 3.369410320598403, 3.367583743237827, 3.3655923462072463, 3.366685877292647, 3.368658685140953, 3.369615436856688, 3.3718444654086053, 3.377342352397469, 3.3836503561994684, 3.3867275157971255, 3.385932210286717, 3.38419760572574, 3.3840926287947153, 3.3853852947903587, 3.386326779344369, 3.386104460861112, 3.3855339105686237, 3.3857300897144054, 3.386735878997243, 3.387715062832033, 3.3881410601455464, 3.3882459566491434, 3.3883610462516343, 3.388444469336516, 3.388406952973964, 3.388396830190713, 3.3885056405783702, 3.388538713701738, 3.3883911485271847, 3.388378677288161]",75,0.6677350106878676,,0.8883787972727846,0.8883787972727846,3.388378677288161,,0.905015672352607,,,,9.103915929794312,9.237270593643188,True,0.1447451114654541,0.01137399673461914,0.0,0.1447451114654541,Results/warm_start_cache/list_193_graphs_adjacency_listhog_v04-12_planar_clawFree__filehash_62ae5075/hog_idx000034_de880e1481de_seed42_L1_M1_amplified.npz,9.144200801849365,2026-08-27 09:00:10,x86_64,dacsgpu0002,,64,64,3.11.15,0.22,True,False,True,False,,True,True,True,False,adam,False,hamqaoa,0.05,standard,1,1,42,scs,1e-06,100000,False,False,False,hog,False,False,False,False,False,False,True,1,HOG_graphs/Exp5/list_193_graphs_adjacency_listhog_v04-12_planar_clawFree.txt,True,Results/warm_start_cache,512,60,0,16,1,1,0,0,5,0,5,10,42,True,_Exp8_standardZeroAngles,1,42,42,34,"[(2, 3), (0, 4), (3, 5), (1, 5), (2, 4)]","[1.0, 1.0, 1.0, 1.0, 1.0]"
8fe3db77,8,18,3,75.0,False,True,"[1, 1, 1]",8.371300025666821,10.124999999660947,10.124999999660947,,,6.143080244121813,6.143080244121817,6.143080244121817,6.143080244121817,"[6.143080244121817, 5.873359124052602, 6.128566925409957, 6.094698059011067, 6.0331508864488175, 6.073606200444792, 6.138796751143665, 6.169362253221686, 6.165540439492331, 6.1547480965997625, 6.152823482516429, 6.161395881153674, 6.173207614390557, 6.179298447357596, 6.182039505411113, 6.190260098932307, 6.203560317850385, 6.219458647574352, 6.242500774379789, 6.278898379423322, 6.32994839504332, 6.395748975596784, 6.480788944973332, 6.592869966875038, 6.725638567624849, 6.844374763775457, 6.9144981954325315, 6.938042588595766, 6.933002939593561, 6.903044662026307, 6.877595566066142, 6.875611041356228, 6.889932588624139, 6.914006051068744, 6.945965613668062, 6.97567144330561, 6.9856702608908385, 6.977909409367138, 6.9742728530983324, 6.976366842728255, 6.968700691264357, 6.9566564706228835, 6.957942605461149, 6.967155296613285, 6.97262330136488, 6.976843195632653, 6.983415210504174, 6.990257701894373, 6.997220530435159, 7.00456377998836, 7.009964632903534, 7.012695428983774, 7.014365370318543, 7.014167298596958, 7.010299029562866, 7.0061464492639915, 7.006591523416069, 7.010882039562957, 7.015276886202317, 7.018086166882783, 7.019118413218378, 7.018414589425232, 7.016558295455338, 7.014634313058362, 7.013968454068853, 7.015464340881472, 7.0182881287088446, 7.020385098014303, 7.021039122319635, 7.021004779553742, 7.020476361651767, 7.019440569104567, 7.018810475725374, 7.019228012439408, 7.020169837292222, 7.020941912146288]",75,0.7338263143462579,,0.8778616680244706,0.8778616680244751,7.020941912146288,,0.8386919463667211,,,,24.38587784767151,24.561302185058594,True,0.17712736129760742,0.0016818046569824219,0.0,0.17712736129760742,Results/warm_start_cache/list_193_graphs_adjacency_listhog_v04-12_planar_clawFree__filehash_62ae5075/hog_idx000148_c1e3ab868070_seed42_L1_M1_amplified.npz,24.4012930393219,2026-08-27 09:00:11,x86_64,dacsgpu0002,,64,64,3.11.15,0.27,False,False,False,False,,True,True,True,False,adam,False,hamqaoa,0.05,standard,1,1,42,scs,1e-06,100000,False,False,False,hog,False,False,False,False,False,False,True,1,HOG_graphs/Exp5/list_193_graphs_adjacency_listhog_v04-12_planar_clawFree.txt,True,Results/warm_start_cache,512,60,0,16,1,1,0,0,5,0,5,10,42,True,_Exp8_standardZeroAngles,1,42,42,148,"[(2, 3), (1, 6), (0, 4), (4, 7), (2, 6), (5, 7), (3, 5), (0, 3), (4, 6), (5, 6), (3, 4), (1, 5), (3, 7), (2, 5), (6, 7), (0, 2), (2, 4), (1, 7)]","[1.0, 1.0, 1.0, 1.0, 1.0, 1.0, 1.0, 1.0, 1.0, 1.0, 1.0, 1.0, 1.0, 1.0, 1.0, 1.0, 1.0, 1.0]"
8cd8a606,7,10,5,75.0,False,True,"[1, 1, 1]",5.000000000000013,5.874999898456282,5.874999898456282,,,3.58973419511091,3.5897341951109096,3.589734195110911,3.589734195110911,"[3.589734195110911, 3.469011689495048, 3.5404660544409885, 3.5819236071538616, 3.5654142228204035, 3.5451881061195976, 3.5746178762274385, 3.600046037481061, 3.6068500955573817, 3.6094023526993735, 3.6309688534811664, 3.68972444760355, 3.785303282554591, 3.9105813271967618, 4.036902539535816, 4.0856894546576275, 4.036898011130809, 4.014893907200512, 4.087306087938717, 4.178421921074742, 4.1967611610345825, 4.161416560486374, 4.135877461160815, 4.146877231611211, 4.187037347319335, 4.230222578474258, 4.249482942736329, 4.238802659739375, 4.225756313947983, 4.235862576502022, 4.252095024654857, 4.260665121937122, 4.268142050232396, 4.2749888596832895, 4.2784784958220055, 4.281004193789747, 4.285450457788985, 4.287933438509233, 4.284652375873946, 4.280454719121862, 4.282416284919686, 4.290547337875783, 4.2981843396050134, 4.301047402538438, 4.300944762133276, 4.300797635739382, 4.30245992222869, 4.305780600241259, 4.308895750036034, 4.310965145046107, 4.312657562215587, 4.315041132813917, 4.318107052310899, 4.321006428758725, 4.322897554636611, 4.323267099840429, 4.323369855392994, 4.324473667136426, 4.326445406371301, 4.3280075732011385, 4.328995873152076, 4.330263963969371, 4.332272878194606, 4.3346917078154465, 4.337189752339299, 4.339833140483292, 4.34268774915491, 4.346002036112097, 4.349970213116454, 4.354479767425283, 4.359024342559527, 4.36339886159344, 4.367723182294012, 4.372003297024124, 4.375766416318612, 4.378417422763104]",75,0.71794683902218,,0.7886832276521947,0.7886832276521942,4.378417422763104,,0.8756834845526186,,,,33.97179818153381,34.11609864234924,True,0.14559197425842285,0.00127410888671875,0.0,0.14559197425842285,Results/warm_start_cache/list_193_graphs_adjacency_listhog_v04-12_planar_clawFree__filehash_62ae5075/hog_idx000042_03fa1bbc1257_seed42_L1_M1_amplified.npz,33.9912691116333,2026-08-27 09:00:20,x86_64,dacsgpu0002,,64,64,3.11.15,0.28,False,False,False,False,,True,False,True,False,adam,False,hamqaoa,0.05,standard,1,1,42,scs,1e-06,100000,False,False,False,hog,False,False,False,False,False,False,True,1,HOG_graphs/Exp5/list_193_graphs_adjacency_listhog_v04-12_planar_clawFree.txt,True,Results/warm_start_cache,512,60,0,16,1,1,0,0,5,0,5,10,42,True,_Exp8_standardZeroAngles,1,42,42,42,"[(0, 1), (2, 3), (2, 6), (4, 6), (5, 6), (3, 4), (1, 5), (0, 5), (3, 6), (2, 4)]","[1.0, 1.0, 1.0, 1.0, 1.0, 1.0, 1.0, 1.0, 1.0, 1.0]"
4c93030d,6,5,3,75.0,False,True,"[1, 1, 1]",,4.999999851788775,4.999999851788775,,,2.4999998800153764,2.4999998800153764,2.4999998800153764,2.4999998800153764,"[2.4999998800153764, 2.4777296856008015, 2.4114122033908765, 2.4919260666982037, 2.4719302202011857, 2.4598279146632054, 2.4887695133910555, 2.5047605627472302, 2.496347838614405, 2.4912900189264082, 2.5101415045331237, 2.5458789944891986, 2.5855020960111132, 2.636120902177441, 2.7105543090067656, 2.7867017775918206, 2.799075636149604, 2.7892530342377038, 2.8199460932588813, 2.832566774549357, 2.8473177066545396, 2.9271963650142934, 3.0264841518640213, 3.0891244875457042, 3.132845814076402, 3.198498283935263, 3.2786596124237315, 3.3388981780048783, 3.372535265013954, 3.386707290936392, 3.363890266650713, 3.3108588633746066, 3.2927999787157214, 3.330192011362699, 3.3880653879752107, 3.434468810490414, 3.4595429808358955, 3.46773197682685, 3.4671668996752882, 3.461105220400065, 3.4501370214574645, 3.43903636754947, 3.4371408616865455, 3.4484484437825818, 3.4658607672117787, 3.4791701230215586, 3.4856924474843005, 3.489705005339877, 3.493333756184729, 3.4939930545881412, 3.4907435806313654, 3.487580832849399, 3.4879380800075834, 3.4903551754802087, 3.492094579373107, 3.493090198911454, 3.4944409599879265, 3.496202866431041, 3.4976690791509046, 3.4984905614021713, 3.4990034064416466, 3.4996445028922336, 3.500247487443492, 3.5003098279453275, 3.499953602412281, 3.499916565826739, 3.5004827879528118, 3.501222755685829, 3.501857221165112, 3.5025065040167584, 3.5030451489967835, 3.503048038233901, 3.502512425748837, 3.5020166379615287, 3.502013904500878, 3.5024463624268516]",75,0.6677350106878676,,1.0024464824114752,1.0024464824114752,3.5024463624268516,,0.9354824685969154,,,,14.44197964668274,14.585110425949097,True,0.1447451114654541,0.001596212387084961,0.0,0.1447451114654541,Results/warm_start_cache/list_193_graphs_adjacency_listhog_v04-12_planar_clawFree__filehash_62ae5075/hog_idx000034_de880e1481de_seed42_L1_M1_amplified.npz,14.482418775558472,2026-08-27 09:00:22,x86_64,dacsgpu0002,,64,64,3.11.15,0.23,True,False,True,False,,True,True,True,False,adam,False,hamqaoa,0.05,standard,1,1,42,scs,1e-06,100000,False,False,False,hog,False,False,False,False,False,False,True,1,HOG_graphs/Exp5/list_193_graphs_adjacency_listhog_v04-12_planar_clawFree.txt,True,Results/warm_start_cache,512,60,0,16,1,1,0,0,5,0,5,10,42,True,_Exp8_standardZeroAngles,1,42,42,34,"[(2, 3), (0, 4), (3, 5), (1, 5), (2, 4)]","[1.0, 1.0, 1.0, 1.0, 1.0]"
cf98ecde,6,5,4,75.0,False,True,"[1, 1, 1]",,4.999999851788775,4.999999851788775,,,2.4999998800153764,2.4999998800153764,2.4999998800153764,2.4999998800153764,"[2.4999998800153764, 2.461599757981283, 2.366617319452048, 2.4841044516768047, 2.4694816521564174, 2.4514200763077225, 2.4777192106330275, 2.492621228412283, 2.484089848238569, 2.485191983315593, 2.4981132810232305, 2.5068100995974754, 2.5283163926464964, 2.5889350766890593, 2.67623170316993, 2.7265724541646246, 2.7116802176345574, 2.72908037961278, 2.800439998804116, 2.840472962349698, 2.8348728499340003, 2.8527258813515948, 2.8574110642910164, 2.8607129070843227, 2.901855951712189, 2.9542091218452864, 3.0067893185727863, 3.0783361495462755, 3.159885424040492, 3.245033105205028, 3.3235070493918997, 3.3538847141909214, 3.3114425390815727, 3.2704245289086122, 3.2901896854634702, 3.334028896042926, 3.378223301537535, 3.422872738052373, 3.4426134963429544, 3.4202671166759893, 3.389196488154077, 3.392129590581451, 3.422312399740714, 3.4486632656840577, 3.46100351722476, 3.4691749885316487, 3.4699557452767094, 3.4588008759407582, 3.4505946955870046, 3.4585089253410315, 3.4748391031754955, 3.483597942226026, 3.480762664300179, 3.4743026644702697, 3.4710199334594187, 3.4728351480716277, 3.4774594642421954, 3.482525118692644, 3.4869026199306217, 3.4875338838158063, 3.4836929348372268, 3.482406697226022, 3.4870826610240613, 3.491656223394682, 3.492934603201001, 3.4930815298496154, 3.492381706827937, 3.490947183089724, 3.4910673347349763, 3.493274998498578, 3.4956166641160475, 3.496318467656516, 3.4953330121622366, 3.4944418711511345, 3.4945276149291877, 3.495018028535831]",75,0.6677350106878676,,0.9950181485204546,0.9950181485204546,3.495018028535831,,0.9334984050576471,,,,23.07790970802307,23.22096824645996,True,0.1447451114654541,0.0016698837280273438,0.0,0.1447451114654541,Results/warm_start_cache/list_193_graphs_adjacency_listhog_v04-12_planar_clawFree__filehash_62ae5075/hog_idx000034_de880e1481de_seed42_L1_M1_amplified.npz,23.097619771957397,2026-08-27 09:00:31,x86_64,dacsgpu0002,,64,64,3.11.15,0.24,True,False,True,False,,True,True,True,False,adam,False,hamqaoa,0.05,standard,1,1,42,scs,1e-06,100000,False,False,False,hog,False,False,False,False,False,False,True,1,HOG_graphs/Exp5/list_193_graphs_adjacency_listhog_v04-12_planar_clawFree.txt,True,Results/warm_start_cache,512,60,0,16,1,1,0,0,5,0,5,10,42,True,_Exp8_standardZeroAngles,1,42,42,34,"[(2, 3), (0, 4), (3, 5), (1, 5), (2, 4)]","[1.0, 1.0, 1.0, 1.0, 1.0]"
bda2d96e,6,10,1,75.0,False,True,"[1, 1, 1]",5.118033988749891,6.0520509794809225,6.0520509794809225,,,3.4941727368130056,3.4941727368130038,3.494172736813005,3.494172736813005,"[3.494172736813005, 3.4950492160130957, 3.495218870411375, 3.498395996084386, 3.501693601103972, 3.500044489041191, 3.5030037634531968, 3.508104564835438, 3.5129642091738513, 3.523045717503326, 3.5403433611745783, 3.5648623291551433, 3.5981290482915718, 3.6368538495620855, 3.669538627308217, 3.680586872937062, 3.668656914345408, 3.658579808771249, 3.665636880097752, 3.6842202054019992, 3.7017762409638797, 3.7087454536533793, 3.7040366433612526, 3.6936784691231317, 3.684763134167549, 3.6815134166165175, 3.684526142091336, 3.691635082196669, 3.6992708409435893, 3.704064868872157, 3.704631491978389, 3.702544759804385, 3.7010475564347325, 3.70217819214942, 3.705316967220149, 3.7082986957858255, 3.7093879869849697, 3.708348259394457, 3.7062044670817356, 3.7043431956295114, 3.7037257287622767, 3.7045503109437807, 3.706321058063886, 3.7081717097621776, 3.7093139420067858, 3.70945829335674, 3.7089666150876646, 3.7085545991031603, 3.7087128892048056, 3.709340333941006, 3.7099131670589585, 3.709987548453425, 3.7095599619804984, 3.709014862094774, 3.7087844594328705, 3.709035165023396, 3.7095917853187785, 3.710103707048961, 3.710309184850404, 3.710208175634921, 3.710017973941995, 3.7099601949041303, 3.7100781607515936, 3.7102405350321925, 3.710294443666133, 3.7102051747173133, 3.710068938220978, 3.7100159933085863, 3.7101013968498515, 3.7102696005248244, 3.7104085814217296, 3.7104431115933068, 3.7103892883958998, 3.7103270431955155, 3.7103204152151803, 3.7103641840544546]",75,0.6827177671140232,,0.21619144724145078,0.216191447241449,3.7103641840544546,,0.7249588791731982,,,,6.60948920249939,6.753038644790649,True,0.1456618309020996,0.0020971298217773438,0.0,0.1456618309020996,Results/warm_start_cache/list_193_graphs_adjacency_listhog_v04-12_planar_clawFree__filehash_62ae5075/hog_idx000007_f47b418780b1_seed42_L1_M1_amplified.npz,6.669367551803589,2026-08-27 09:00:33,x86_64,dacsgpu0002,,64,64,3.11.15,0.22,False,False,False,False,,True,True,True,False,adam,False,hamqaoa,0.05,standard,1,1,42,scs,1e-06,100000,False,False,False,hog,False,False,False,False,False,False,True,1,HOG_graphs/Exp5/list_193_graphs_adjacency_listhog_v04-12_planar_clawFree.txt,True,Results/warm_start_cache,512,60,0,16,1,1,0,0,5,0,5,10,42,True,_Exp8_standardZeroAngles,1,42,42,7,"[(1, 3), (0, 1), (3, 5), (3, 4), (1, 5), (4, 5), (2, 5), (0, 5), (0, 2), (2, 4)]","[1.0, 1.0, 1.0, 1.0, 1.0, 1.0, 1.0, 1.0, 1.0, 1.0]"
24f45820,6,5,5,75.0,False,True,"[1, 1, 1]",,4.999999851788775,4.999999851788775,,,2.4999998800153764,2.4999998800153764,2.4999998800153764,2.4999998800153764,"[2.4999998800153764, 2.4422916578548395, 2.325811194799926, 2.4771215826954314, 2.4732120339210333, 2.460141562915182, 2.4721482497555476, 2.482577536358136, 2.5189835425175984, 2.574411777238822, 2.6382247107782724, 2.7067894311139153, 2.752678414310162, 2.764216128079052, 2.768402463828032, 2.7681926270807216, 2.802995253289338, 2.841280105099504, 2.82831499557908, 2.7997419556169865, 2.796615154349089, 2.8230619421097556, 2.8406201533384587, 2.8375068968192094, 2.8426485031449054, 2.862042445305757, 2.8825089587607566, 2.8917665204509277, 2.8906015319102614, 2.9014576454037875, 2.9287391736413073, 2.960437180316602, 2.997341517696533, 3.0446420952273723, 3.1117235470153792, 3.1828702111807408, 3.2165303045325397, 3.1971488605738627, 3.1739850863173924, 3.197679071093605, 3.24942694017566, 3.280638693377438, 3.273210411784693, 3.245873373011059, 3.234220355459369, 3.2511684346906047, 3.2811205853696026, 3.305501229932307, 3.314323188381061, 3.3105259097345905, 3.307271609699663, 3.314739140453438, 3.326846989078693, 3.3334441136839534, 3.333828103061747, 3.3356023512739994, 3.3438604721938052, 3.3541924182422864, 3.360110517125292, 3.360736452700055, 3.3620610618879434, 3.3684063833442806, 3.377090862352051, 3.3857856608140144, 3.3947248917408954, 3.4029858206715393, 3.4084267103441523, 3.4116233210095404, 3.4151882445615818, 3.419763896987441, 3.424113419559119, 3.427268596293924, 3.430106691819574, 3.4335208330239966, 3.437132623254397, 3.4397082664456744]",75,0.6677350106878676,,0.939708386430298,0.939708386430298,3.4397082664456744,,0.9187254985164728,,,,30.435834646224976,30.57917857170105,True,0.1447451114654541,0.0013837814331054688,0.0,0.1447451114654541,Results/warm_start_cache/list_193_graphs_adjacency_listhog_v04-12_planar_clawFree__filehash_62ae5075/hog_idx000034_de880e1481de_seed42_L1_M1_amplified.npz,30.458056926727295,2026-08-27 09:00:38,x86_64,dacsgpu0002,,64,64,3.11.15,0.24,True,False,True,False,,True,True,True,False,adam,False,hamqaoa,0.05,standard,1,1,42,scs,1e-06,100000,False,False,False,hog,False,False,False,False,False,False,True,1,HOG_graphs/Exp5/list_193_graphs_adjacency_listhog_v04-12_planar_clawFree.txt,True,Results/warm_start_cache,512,60,0,16,1,1,0,0,5,0,5,10,42,True,_Exp8_standardZeroAngles,1,42,42,34,"[(2, 3), (0, 4), (3, 5), (1, 5), (2, 4)]","[1.0, 1.0, 1.0, 1.0, 1.0]"
95b33261,8,18,4,75.0,False,True,"[1, 1, 1]",8.371300025666821,10.124999999660947,10.124999999660947,,,6.143080244121813,6.143080244121817,6.143080244121817,6.143080244121817,"[6.143080244121817, 5.67410109348451, 6.11302864018516, 6.049480627262465, 5.970322031528585, 6.056136957979872, 6.160627617892985, 6.187316205473713, 6.169348945895306, 6.158348790104893, 6.16316906879541, 6.1711787872518595, 6.174142711779507, 6.190034741723198, 6.225366283104517, 6.268024012007892, 6.315831058337852, 6.379498564118865, 6.46305277413689, 6.562719656786456, 6.665376323226194, 6.7480039723019205, 6.823553456123609, 6.910576447440918, 6.966274572657414, 6.959376128365954, 6.935233601908134, 6.917619370174491, 6.908770769823096, 6.910884297350926, 6.922534390022608, 6.938960139898629, 6.953601811066491, 6.964398976831653, 6.971223604960038, 6.975778933156002, 6.982754515511512, 6.989450158866785, 6.987255617740105, 6.979941401547551, 6.977921744694205, 6.9805744453267335, 6.982549078289814, 6.985339653355986, 6.992122936956374, 6.999830716842056, 7.005517487771413, 7.011609289529661, 7.017820634768957, 7.02016394077297, 7.020290586946539, 7.021764877401008, 7.022707087042753, 7.021516101726368, 7.019876843801139, 7.019220054346638, 7.019735811752852, 7.020663751079522, 7.021576619821448, 7.022869768384432, 7.024413683811515, 7.026015097975412, 7.0276635020574885, 7.028780713511384, 7.02924117475724, 7.029905126532465, 7.030609559886168, 7.03072865745525, 7.030826408755495, 7.0313573058844, 7.032108501008421, 7.0330918118248364, 7.034172043030705, 7.035224081092688, 7.036347131390599, 7.037290641272406]",75,0.7338263143462579,,0.894210397150589,0.8942103971505935,7.037290641272406,,0.8406448962163253,,,,48.05396580696106,48.229511737823486,True,0.17712736129760742,0.001562356948852539,0.0,0.17712736129760742,Results/warm_start_cache/list_193_graphs_adjacency_listhog_v04-12_planar_clawFree__filehash_62ae5075/hog_idx000148_c1e3ab868070_seed42_L1_M1_amplified.npz,48.080642223358154,2026-08-27 09:00:40,x86_64,dacsgpu0002,,64,64,3.11.15,0.29,False,False,False,False,,True,True,True,False,adam,False,hamqaoa,0.05,standard,1,1,42,scs,1e-06,100000,False,False,False,hog,False,False,False,False,False,False,True,1,HOG_graphs/Exp5/list_193_graphs_adjacency_listhog_v04-12_planar_clawFree.txt,True,Results/warm_start_cache,512,60,0,16,1,1,0,0,5,0,5,10,42,True,_Exp8_standardZeroAngles,1,42,42,148,"[(2, 3), (1, 6), (0, 4), (4, 7), (2, 6), (5, 7), (3, 5), (0, 3), (4, 6), (5, 6), (3, 4), (1, 5), (3, 7), (2, 5), (6, 7), (0, 2), (2, 4), (1, 7)]","[1.0, 1.0, 1.0, 1.0, 1.0, 1.0, 1.0, 1.0, 1.0, 1.0, 1.0, 1.0, 1.0, 1.0, 1.0, 1.0, 1.0, 1.0]"
f4a80e3d,9,11,1,75.0,False,True,"[1, 1, 1]",6.11803398874992,7.624999533622514,7.624999533622514,,,4.240118392768821,4.24011839276882,4.240118392768823,4.240118392768823,"[4.240118392768823, 4.2434645155014925, 4.251588735427951, 4.257930830205301, 4.256894118118953, 4.252142403373595, 4.251492669047428, 4.254747594663861, 4.258368745262286, 4.2599969726946485, 4.259605953418066, 4.258436214662317, 4.257469497532617, 4.257088739152453, 4.257535914568068, 4.258764491206502, 4.260118822611905, 4.260763897343394, 4.26042012808033, 4.2595965041591235, 4.259046850058169, 4.259093843771848, 4.2595657123903985, 4.260146521449448, 4.260613223190465, 4.260814402516535, 4.260660171688491, 4.2602690961232215, 4.259976151319794, 4.2600346687513895, 4.260368515234491, 4.260698078173873, 4.260838851320419, 4.26080053130464, 4.260671358508729, 4.260536219229083, 4.260488661107512, 4.260586942440761, 4.26076367946655, 4.260873002456882, 4.260850053870876, 4.260765176005553, 4.260713119765978, 4.26072131894292, 4.260773375440253, 4.260843428722032, 4.260887165685228, 4.2608676638402585, 4.260813381579007, 4.260792338818163, 4.260823539707788, 4.260867617941208, 4.260891176933044, 4.260890535577367, 4.260870680675656, 4.260847313299855, 4.260847726521801, 4.260875769524751, 4.260900923730593, 4.26090190777944, 4.2608888132199825, 4.260877620803972, 4.26087549573237, 4.260885794118287, 4.26090139772881, 4.260905867121393, 4.260897144264676, 4.260889700621603, 4.260890876194979, 4.260896587986298, 4.260902643335091, 4.260904990907908, 4.260901017712809, 4.260896751675119, 4.260898649767317, 4.260903139753444]",75,0.693052441448628,,0.02078474698462429,0.020784746984623403,4.260903139753444,,0.6964497332948067,,,,31.33964776992798,31.508931398391724,True,0.1715691089630127,0.0022690296173095703,0.0,0.1715691089630127,Results/warm_start_cache/list_193_graphs_adjacency_listhog_v04-12_planar_clawFree__filehash_62ae5075/hog_idx000010_a83d07d8935e_seed42_L1_M1_amplified.npz,31.357579231262207,2026-08-27 09:00:46,x86_64,dacsgpu0002,,64,64,3.11.15,0.3,False,False,False,False,,True,False,True,False,adam,False,hamqaoa,0.05,standard,1,1,42,scs,1e-06,100000,False,False,False,hog,False,False,False,False,False,False,True,1,HOG_graphs/Exp5/list_193_graphs_adjacency_listhog_v04-12_planar_clawFree.txt,True,Results/warm_start_cache,512,60,0,16,1,1,0,0,5,0,5,10,42,True,_Exp8_standardZeroAngles,1,42,42,10,"[(0, 1), (2, 3), (4, 7), (2, 6), (5, 7), (6, 8), (4, 8), (1, 5), (7, 8), (0, 5), (3, 6)]","[1.0, 1.0, 1.0, 1.0, 1.0, 1.0, 1.0, 1.0, 1.0, 1.0, 1.0]"
d2ee41c5,8,18,5,75.0,False,True,"[1, 1, 1]",8.371300025666821,10.124999999660947,10.124999999660947,,,6.143080244121813,6.143080244121817,6.143080244121817,6.143080244121817,"[6.143080244121817, 5.446028368345212, 6.0923163463934955, 5.987634689230869, 5.909367897597778, 6.050859354915707, 6.171077387872268, 6.187099579495073, 6.174332687782203, 6.161697353396462, 6.159467443796025, 6.188538666474989, 6.252642112982774, 6.343264176086457, 6.451534545477146, 6.551258782439474, 6.62043415138173, 6.696989822034251, 6.809712637033747, 6.903269071221048, 6.920887551219041, 6.918641094909907, 6.9141495866787235, 6.875684038705471, 6.8563923673587865, 6.881247458088122, 6.898078348975579, 6.916342212375239, 6.942526535917557, 6.949552151450928, 6.955398090987229, 6.964681970800394, 6.960131603374486, 6.952903545732466, 6.9562834685820985, 6.96531910528522, 6.978806864288085, 6.991225878382977, 6.995783347477208, 7.00154199107068, 7.011377347631083, 7.013253223675417, 7.009298071993694, 7.009073266612209, 7.010605885293619, 7.011863255210576, 7.012148444259672, 7.01281830967728, 7.01797981842583, 7.022414596009221, 7.02114391360351, 7.020685669199607, 7.0227463522614855, 7.022913231810119, 7.022235344809029, 7.022772489805782, 7.02546574587181, 7.028262723540363, 7.028408993529187, 7.028988581368481, 7.030155188005928, 7.029082681488868, 7.027910363956473, 7.028222951382501, 7.029115576398218, 7.029841045659969, 7.03077345750955, 7.032242826498644, 7.032591215379117, 7.032391651767042, 7.033028969783383, 7.033609506238896, 7.03423369574142, 7.035339503269321, 7.036766639338163, 7.037843400010964]",75,0.7338263143462579,,0.8947631558891471,0.8947631558891516,7.037843400010964,,0.8407109264310905,,,,61.48314929008484,61.65861105918884,True,0.17712736129760742,0.0016467571258544922,0.0,0.17712736129760742,Results/warm_start_cache/list_193_graphs_adjacency_listhog_v04-12_planar_clawFree__filehash_62ae5075/hog_idx000148_c1e3ab868070_seed42_L1_M1_amplified.npz,61.50021266937256,2026-08-27 09:00:54,x86_64,dacsgpu0002,,64,64,3.11.15,0.29,False,False,False,False,,True,True,True,False,adam,False,hamqaoa,0.05,standard,1,1,42,scs,1e-06,100000,False,False,False,hog,False,False,False,False,False,False,True,1,HOG_graphs/Exp5/list_193_graphs_adjacency_listhog_v04-12_planar_clawFree.txt,True,Results/warm_start_cache,512,60,0,16,1,1,0,0,5,0,5,10,42,True,_Exp8_standardZeroAngles,1,42,42,148,"[(2, 3), (1, 6), (0, 4), (4, 7), (2, 6), (5, 7), (3, 5), (0, 3), (4, 6), (5, 6), (3, 4), (1, 5), (3, 7), (2, 5), (6, 7), (0, 2), (2, 4), (1, 7)]","[1.0, 1.0, 1.0, 1.0, 1.0, 1.0, 1.0, 1.0, 1.0, 1.0, 1.0, 1.0, 1.0, 1.0, 1.0, 1.0, 1.0, 1.0]"
7cfe7d6c,9,11,2,75.0,False,True,"[1, 1, 1]",6.11803398874992,7.624999533622514,7.624999533622514,,,4.240118392768821,4.24011839276882,4.240118392768823,4.240118392768823,"[4.240118392768823, 4.197699405886541, 4.2468565191484995, 4.2582106043895545, 4.239147994147625, 4.240985930482813, 4.2524380484849305, 4.254140446817681, 4.251339149519199, 4.253589444581946, 4.257321298117394, 4.25738760617191, 4.255006213517196, 4.254212533591181, 4.255999906581578, 4.258097352310812, 4.258590739095987, 4.258354823202797, 4.25935239457948, 4.26147261315758, 4.262893012609954, 4.2628345026028, 4.262421542873556, 4.262771091264893, 4.2634256525652745, 4.263318651690063, 4.262559613427921, 4.262253140116202, 4.262647511760644, 4.262822778705044, 4.262427396180983, 4.262266920117365, 4.262802006032045, 4.26337810841445, 4.263383762635882, 4.263172437367483, 4.263328824199465, 4.263740370428121, 4.263959035333903, 4.263970192127215, 4.264068606970656, 4.264260538046908, 4.264299616659396, 4.264182812184535, 4.264161119095595, 4.264293658335206, 4.264386341898209, 4.264385097049623, 4.264476272616707, 4.264735033091009, 4.264995103978114, 4.265160540883729, 4.265362001063455, 4.265699942389636, 4.266113411201787, 4.266614200038998, 4.267386579094119, 4.2686167954172705, 4.270588709336084, 4.274133811490665, 4.281195163458725, 4.296342178202997, 4.330279790964248, 4.401755389854118, 4.523465090620503, 4.666806506964423, 4.747987533601247, 4.709098860433965, 4.622292629228523, 4.602555499117478, 4.643975449804776, 4.702259611091056, 4.737890713650142, 4.743967959702229, 4.7326454242067495, 4.713727847510769]",75,0.693052441448628,,0.4736094547419487,0.4736094547419478,4.713727847510769,,0.7704644753818883,,,,40.713040590286255,40.88260865211487,True,0.1715691089630127,0.001986980438232422,0.0,0.1715691089630127,Results/warm_start_cache/list_193_graphs_adjacency_listhog_v04-12_planar_clawFree__filehash_62ae5075/hog_idx000010_a83d07d8935e_seed42_L1_M1_amplified.npz,40.732848167419434,2026-08-27 09:00:55,x86_64,dacsgpu0002,,64,64,3.11.15,0.36,False,False,False,False,,True,False,True,False,adam,False,hamqaoa,0.05,standard,1,1,42,scs,1e-06,100000,False,False,False,hog,False,False,False,False,False,False,True,1,HOG_graphs/Exp5/list_193_graphs_adjacency_listhog_v04-12_planar_clawFree.txt,True,Results/warm_start_cache,512,60,0,16,1,1,0,0,5,0,5,10,42,True,_Exp8_standardZeroAngles,1,42,42,10,"[(0, 1), (2, 3), (4, 7), (2, 6), (5, 7), (6, 8), (4, 8), (1, 5), (7, 8), (0, 5), (3, 6)]","[1.0, 1.0, 1.0, 1.0, 1.0, 1.0, 1.0, 1.0, 1.0, 1.0, 1.0]"
9dde2c0c,9,11,3,75.0,False,True,"[1, 1, 1]",6.11803398874992,7.624999533622514,7.624999533622514,,,4.240118392768821,4.24011839276882,4.240118392768823,4.240118392768823,"[4.240118392768823, 4.114244347388221, 4.241116205293829, 4.244137553433316, 4.209479296108684, 4.231253701949624, 4.264810414980672, 4.281001989747757, 4.302904797061319, 4.352059425811259, 4.412921487228226, 4.457644640825532, 4.493209292803108, 4.531792917877331, 4.563843438713818, 4.591853770969233, 4.6316432005765495, 4.684144940035741, 4.7295289816975785, 4.743566586301093, 4.727371415426645, 4.717536345855775, 4.7379466253074725, 4.775734348103292, 4.80576491637557, 4.816871795040683, 4.817804170320178, 4.820892360413264, 4.832911243768151, 4.857316496048358, 4.892725383730285, 4.929591429626873, 4.954843382237184, 4.963184887056517, 4.964387243004943, 4.9700456425696835, 4.978958732426001, 4.984063773706459, 4.982547836242714, 4.978139571416778, 4.975812237342408, 4.977363647402701, 4.982138488799032, 4.987998225613651, 4.9914964338685675, 4.990817061612357, 4.9887194839755225, 4.989342394171794, 4.992706891896012, 4.995795293815859, 4.996919793493726, 4.996291664286652, 4.995138146262957, 4.995366333784552, 4.998118130029732, 5.0023130211234985, 5.005541679840733, 5.006490130899429, 5.0058207788267985, 5.004838880656396, 5.004341888390064, 5.004632450351036, 5.005545462985618, 5.006414841538804, 5.0067342178852, 5.0067800969843725, 5.007062203679997, 5.007456778637597, 5.007472126452788, 5.00707539720546, 5.006690652168256, 5.00662540881361, 5.006934480049716, 5.007537667718301, 5.008158521069999, 5.008476029794471]",75,0.693052441448628,,0.7683576370256509,0.76835763702565,5.008476029794471,,0.8186414196135968,,,,48.90790772438049,49.07165741920471,True,0.1715691089630127,0.007802009582519531,0.0,0.1715691089630127,Results/warm_start_cache/list_193_graphs_adjacency_listhog_v04-12_planar_clawFree__filehash_62ae5075/hog_idx000010_a83d07d8935e_seed42_L1_M1_amplified.npz,48.9535026550293,2026-08-27 09:01:04,x86_64,dacsgpu0002,,64,64,3.11.15,0.43,False,False,False,False,,True,False,True,False,adam,False,hamqaoa,0.05,standard,1,1,42,scs,1e-06,100000,False,False,False,hog,False,False,False,False,False,False,True,1,HOG_graphs/Exp5/list_193_graphs_adjacency_listhog_v04-12_planar_clawFree.txt,True,Results/warm_start_cache,512,60,0,16,1,1,0,0,5,0,5,10,42,True,_Exp8_standardZeroAngles,1,42,42,10,"[(0, 1), (2, 3), (4, 7), (2, 6), (5, 7), (6, 8), (4, 8), (1, 5), (7, 8), (0, 5), (3, 6)]","[1.0, 1.0, 1.0, 1.0, 1.0, 1.0, 1.0, 1.0, 1.0, 1.0, 1.0]"
72f1a861,9,11,4,75.0,False,True,"[1, 1, 1]",6.11803398874992,7.624999533622514,7.624999533622514,,,4.240118392768821,4.24011839276882,4.240118392768823,4.240118392768823,"[4.240118392768823, 4.006554884939874, 4.232420266874343, 4.227730612893013, 4.187489021538834, 4.254357000781007, 4.348108783179554, 4.411107198507093, 4.405833120000186, 4.379467117899606, 4.384467758574387, 4.403930790249721, 4.430047600610279, 4.466443828306465, 4.505273153135756, 4.53089342575197, 4.543427175840167, 4.561407837696011, 4.600578156215355, 4.658288075431386, 4.715684236831479, 4.7528877709474475, 4.768841190800327, 4.778291272754924, 4.786785501321521, 4.788158186380983, 4.780251937921227, 4.772093398840943, 4.769086561155779, 4.768743588042043, 4.770270396434561, 4.776209722286723, 4.789193302807691, 4.807484580839783, 4.824070743033407, 4.831550502246108, 4.828160796274167, 4.820951984712061, 4.8196362905157475, 4.823936357133265, 4.827040020297204, 4.828249475550007, 4.8307380454481015, 4.834276866329435, 4.8371388215661275, 4.8391811142347425, 4.840846565474318, 4.841895341623395, 4.841952743016933, 4.841494982550567, 4.842071702002526, 4.844574160331705, 4.847344165834985, 4.848222757424211, 4.847660535417837, 4.8477732073906825, 4.848955425105944, 4.849995065656631, 4.85074265737216, 4.8517931474424305, 4.85281841922629, 4.853516851949199, 4.854230171700283, 4.8547024071927325, 4.854502181594908, 4.854333275343725, 4.854991035671702, 4.856068441538533, 4.856932020171014, 4.85756389996959, 4.857978886136874, 4.85815648929998, 4.858308551707199, 4.858557912675753, 4.858852316292048, 4.8591835725049295]",75,0.693052441448628,,0.6190651797361095,0.6190651797361086,4.8591835725049295,,0.7942393882479546,,,,60.10499310493469,60.249581813812256,True,0.1715691089630127,0.02696704864501953,0.0,0.1715691089630127,Results/warm_start_cache/list_193_graphs_adjacency_listhog_v04-12_planar_clawFree__filehash_62ae5075/hog_idx000010_a83d07d8935e_seed42_L1_M1_amplified.npz,60.149704456329346,2026-08-27 09:01:21,x86_64,dacsgpu0002,,64,64,3.11.15,0.48,False,False,False,False,,True,False,True,False,adam,False,hamqaoa,0.05,standard,1,1,42,scs,1e-06,100000,False,False,False,hog,False,False,False,False,False,False,True,1,HOG_graphs/Exp5/list_193_graphs_adjacency_listhog_v04-12_planar_clawFree.txt,True,Results/warm_start_cache,512,60,0,16,1,1,0,0,5,0,5,10,42,True,_Exp8_standardZeroAngles,1,42,42,10,"[(0, 1), (2, 3), (4, 7), (2, 6), (5, 7), (6, 8), (4, 8), (1, 5), (7, 8), (0, 5), (3, 6)]","[1.0, 1.0, 1.0, 1.0, 1.0, 1.0, 1.0, 1.0, 1.0, 1.0, 1.0]"
b1690686,9,11,5,75.0,False,True,"[1, 1, 1]",6.11803398874992,7.624999533622514,7.624999533622514,,,4.240118392768821,4.24011839276882,4.240118392768823,4.240118392768823,"[4.240118392768823, 3.8866544742209452, 4.2202985477365855, 4.210609957165514, 4.1692621047564264, 4.278894469750459, 4.4009188902284615, 4.393396496863926, 4.3458835037889045, 4.348811714118833, 4.403340308106501, 4.4680999473432355, 4.517918702221769, 4.54654661091128, 4.5720924849597235, 4.617544406372879, 4.680684345372671, 4.7397104774094325, 4.778097697684691, 4.791496239540793, 4.7844934922970985, 4.7725789315657945, 4.773503850337659, 4.787430204889002, 4.806136474393772, 4.821900915191491, 4.8281096521006726, 4.825419204234898, 4.822616814015645, 4.82804622210601, 4.840826431113217, 4.851194617923321, 4.850460211593439, 4.840826403422529, 4.8334411977486615, 4.836708722920863, 4.848801168253628, 4.859928625322274, 4.861880204603433, 4.85715881853709, 4.85557770277569, 4.860991252136534, 4.868142151489972, 4.872218555836319, 4.874170273603381, 4.876383026965977, 4.8795016485463325, 4.88315133062048, 4.886184497119647, 4.8876881674403, 4.888783324993613, 4.89186415139211, 4.897412880389747, 4.9030540098066595, 4.906562286361417, 4.9084079768766795, 4.910575155680107, 4.9141958156803955, 4.919023896369231, 4.924130099873237, 4.928808261094674, 4.933226169601141, 4.937990040785916, 4.943455705140305, 4.949978054616562, 4.9579316373124005, 4.966978856090973, 4.976182032703174, 4.985246016014678, 4.9945943684005245, 5.003682054981789, 5.0112178545775174, 5.017375547195257, 5.023017025363831, 5.027947836509789, 5.031920009635198]",75,0.693052441448628,,0.791801616866378,0.7918016168663771,5.031920009635198,,0.8224733662624446,,,,72.20227241516113,72.3722448348999,True,0.1715691089630127,0.001569986343383789,0.0,0.1715691089630127,Results/warm_start_cache/list_193_graphs_adjacency_listhog_v04-12_planar_clawFree__filehash_62ae5075/hog_idx000010_a83d07d8935e_seed42_L1_M1_amplified.npz,72.24417352676392,2026-08-27 09:01:33,x86_64,dacsgpu0002,,64,64,3.11.15,0.53,False,False,False,False,,True,False,True,False,adam,False,hamqaoa,0.05,standard,1,1,42,scs,1e-06,100000,False,False,False,hog,False,False,False,False,False,False,True,1,HOG_graphs/Exp5/list_193_graphs_adjacency_listhog_v04-12_planar_clawFree.txt,True,Results/warm_start_cache,512,60,0,16,1,1,0,0,5,0,5,10,42,True,_Exp8_standardZeroAngles,1,42,42,10,"[(0, 1), (2, 3), (4, 7), (2, 6), (5, 7), (6, 8), (4, 8), (1, 5), (7, 8), (0, 5), (3, 6)]","[1.0, 1.0, 1.0, 1.0, 1.0, 1.0, 1.0, 1.0, 1.0, 1.0, 1.0]"
ae89117d,10,15,1,75.0,False,True,"[1, 1, 1]",8.15408139480794,10.874999734412409,10.874999734412409,,,6.056924812893681,6.056924812893681,6.056924812893683,6.056924812893683,"[6.056924812893683, 6.023095971783875, 6.054771784846658, 6.049256412915118, 6.0372713771247195, 6.042758761218921, 6.053280193817598, 6.056854490273878, 6.05224865863586, 6.047415317346896, 6.048224139087139, 6.052921480395097, 6.056551149387159, 6.056219815751102, 6.053351426897151, 6.05159879629978, 6.0527102806036135, 6.055300573701228, 6.056871151670508, 6.056294532167219, 6.054689333889856, 6.0539926807973234, 6.054878720996323, 6.056334904481079, 6.0569506140566665, 6.056358145405928, 6.05546742831225, 6.055345260635924, 6.056074418689015, 6.056826750451682, 6.056873467932317, 6.056345880659623, 6.055974607157267, 6.056197763204282, 6.056719697977254, 6.056953676761061, 6.056724620075161, 6.056414241888354, 6.056437572194776, 6.056746145070593, 6.056956638097367, 6.056859832964658, 6.056650981336461, 6.0566313051444345, 6.056815384307511, 6.056956680705585, 6.056899804392369, 6.056768705182632, 6.056763550913348, 6.056884753013815, 6.056962534126334, 6.056911605661362, 6.056835415047147, 6.056854442348353, 6.056935764644555, 6.056962430815279, 6.056913276118737, 6.056879414042787, 6.056914472960051, 6.056961215268463, 6.056953675584887, 6.056917923756176, 6.056918189809051, 6.056952637465488, 6.056966070878118, 6.056944869608471, 6.056932004488682, 6.0569497805311965, 6.056967075437218, 6.056958368808284, 6.056945035169951, 6.056952619849973, 6.056966935771196, 6.056964568653199, 6.0569543464527404, 6.0569570439782]",75,0.7428089713147074,,3.22310845195517e-05,3.22310845195517e-05,6.0569570439782,,0.7428129240695254,,,,105.8985333442688,106.12206816673279,True,0.2252650260925293,0.001712799072265625,0.0,0.2252650260925293,Results/warm_start_cache/list_193_graphs_adjacency_listhog_v04-12_planar_clawFree__filehash_62ae5075/hog_idx000157_53ae287b4c3f_seed42_L1_M1_amplified.npz,105.93376445770264,2026-08-27 09:01:38,x86_64,dacsgpu0002,,64,64,3.11.15,0.52,False,True,False,True,3,True,False,True,False,adam,False,hamqaoa,0.05,standard,1,1,42,scs,1e-06,100000,False,False,False,hog,False,False,False,False,False,False,True,1,HOG_graphs/Exp5/list_193_graphs_adjacency_listhog_v04-12_planar_clawFree.txt,True,Results/warm_start_cache,512,60,0,16,1,1,0,0,5,0,5,10,42,True,_Exp8_standardZeroAngles,1,42,42,157,"[(8, 9), (3, 9), (0, 1), (2, 3), (1, 6), (4, 7), (5, 8), (0, 3), (4, 6), (2, 8), (4, 5), (5, 9), (0, 2), (6, 7), (1, 7)]","[1.0, 1.0, 1.0, 1.0, 1.0, 1.0, 1.0, 1.0, 1.0, 1.0, 1.0, 1.0, 1.0, 1.0, 1.0]"
f7f6c0f3,10,15,2,75.0,False,True,"[1, 1, 1]",8.15408139480794,10.874999734412409,10.874999734412409,,,6.056924812893681,6.056924812893681,6.056924812893683,6.056924812893683,"[6.056924812893683, 5.9273984353539575, 6.048360435048588, 6.027666608412169, 5.986550536286843, 6.006558105380605, 6.043784717713827, 6.057148754681292, 6.043636667036867, 6.029176493120799, 6.030447788509561, 6.042416046006055, 6.054803449411243, 6.061655456742503, 6.062101460487963, 6.0608097200688285, 6.0647916362918926, 6.078426598741153, 6.100543410137354, 6.131599431394672, 6.180251847764715, 6.261599562674979, 6.3923258863168915, 6.580419345290283, 6.795654807148397, 6.967846151239415, 7.050249440496169, 6.998140044924049, 6.884144052335763, 6.851426966307688, 6.900085505777793, 6.971151160774175, 7.019101867578598, 7.0261475216198415, 7.0041928170592955, 6.977470434024082, 6.963527623561795, 6.969392516237663, 6.994281394273902, 7.030318118050976, 7.064488297292449, 7.085749700708975, 7.090099967727618, 7.0789724586505995, 7.059563762942938, 7.044071866016483, 7.040793785922718, 7.049396981594624, 7.064445061064706, 7.079257968741026, 7.08903367980155, 7.091778439528045, 7.088422725728569, 7.082984024628425, 7.079120849424302, 7.078041037611886, 7.080130722436394, 7.0840905435039545, 7.087280274968741, 7.088648896250393, 7.088713525204265, 7.0885193579782335, 7.089008058008724, 7.090483304870779, 7.092396176970222, 7.093512190521315, 7.093345428267622, 7.092444807167559, 7.091370912255076, 7.090795570223316, 7.091294748118094, 7.092630772439818, 7.094147045610134, 7.095248278177148, 7.0954900775387655, 7.094888710801996]",75,0.7428089713147074,,1.0379638979083152,1.0379638979083152,7.094888710801996,,0.8701027580273629,,,,123.97633624076843,124.19996476173401,True,0.2252650260925293,0.0016179084777832031,0.0,0.2252650260925293,Results/warm_start_cache/list_193_graphs_adjacency_listhog_v04-12_planar_clawFree__filehash_62ae5075/hog_idx000157_53ae287b4c3f_seed42_L1_M1_amplified.npz,123.99396681785583,2026-08-27 09:01:57,x86_64,dacsgpu0002,,64,64,3.11.15,0.76,False,True,False,True,3,True,False,True,False,adam,False,hamqaoa,0.05,standard,1,1,42,scs,1e-06,100000,False,False,False,hog,False,False,False,False,False,False,True,1,HOG_graphs/Exp5/list_193_graphs_adjacency_listhog_v04-12_planar_clawFree.txt,True,Results/warm_start_cache,512,60,0,16,1,1,0,0,5,0,5,10,42,True,_Exp8_standardZeroAngles,1,42,42,157,"[(8, 9), (3, 9), (0, 1), (2, 3), (1, 6), (4, 7), (5, 8), (0, 3), (4, 6), (2, 8), (4, 5), (5, 9), (0, 2), (6, 7), (1, 7)]","[1.0, 1.0, 1.0, 1.0, 1.0, 1.0, 1.0, 1.0, 1.0, 1.0, 1.0, 1.0, 1.0, 1.0, 1.0]"
58da360a,10,15,3,75.0,False,True,"[1, 1, 1]",8.15408139480794,10.874999734412409,10.874999734412409,,,6.056924812893681,6.056924812893681,6.056924812893683,6.056924812893683,"[6.056924812893683, 5.783168804500808, 6.03651740116847, 5.982862072481395, 5.900510346859446, 5.958946829093068, 6.039917188660553, 6.052110363232275, 6.008480624288651, 5.9832731345908945, 6.002607815295361, 6.040657590874033, 6.05663749486307, 6.03893020402745, 6.024405994522292, 6.0374735955248475, 6.059925515126385, 6.070664826190476, 6.067630247824786, 6.061297074299581, 6.061234164400282, 6.068239781775822, 6.077058414542932, 6.086263137049028, 6.1037573029448025, 6.143145417062699, 6.222928098323593, 6.364116736808671, 6.5740642396763525, 6.803144420312324, 6.940876946471592, 6.990697415223562, 6.979652682840059, 6.9475261507196455, 6.931804156510049, 6.93757937625142, 6.932969746967463, 6.934875839370757, 6.973807472422349, 7.01802374885232, 7.014283745409214, 6.972077468959385, 6.947527795008297, 6.967133831384277, 7.006567766088422, 7.029368004447613, 7.029984188453832, 7.030876050227231, 7.042085811329114, 7.050693536585984, 7.051401499115606, 7.054959950922403, 7.06697707246254, 7.080340551428949, 7.088366583346409, 7.092872177723184, 7.096035360968503, 7.096872989968586, 7.095701195719272, 7.097381031619456, 7.104809490703376, 7.111318145758958, 7.110196774796497, 7.107205126338008, 7.108692125683878, 7.10957711871747, 7.108568655599913, 7.111981807968138, 7.117488538704606, 7.119134371115126, 7.118756183057627, 7.118666836977392, 7.117939284172885, 7.118172026542435, 7.120826707604477, 7.123582713352265]",75,0.7428089713147074,,1.0666579004585843,1.0666579004585843,7.123582713352265,,0.8736217322883435,,,,134.74552369117737,134.96935272216797,True,0.2252650260925293,0.0014231204986572266,0.0,0.2252650260925293,Results/warm_start_cache/list_193_graphs_adjacency_listhog_v04-12_planar_clawFree__filehash_62ae5075/hog_idx000157_53ae287b4c3f_seed42_L1_M1_amplified.npz,134.7575707435608,2026-08-27 09:02:08,x86_64,dacsgpu0002,,64,64,3.11.15,1.0,False,True,False,True,3,True,False,True,False,adam,False,hamqaoa,0.05,standard,1,1,42,scs,1e-06,100000,False,False,False,hog,False,False,False,False,False,False,True,1,HOG_graphs/Exp5/list_193_graphs_adjacency_listhog_v04-12_planar_clawFree.txt,True,Results/warm_start_cache,512,60,0,16,1,1,0,0,5,0,5,10,42,True,_Exp8_standardZeroAngles,1,42,42,157,"[(8, 9), (3, 9), (0, 1), (2, 3), (1, 6), (4, 7), (5, 8), (0, 3), (4, 6), (2, 8), (4, 5), (5, 9), (0, 2), (6, 7), (1, 7)]","[1.0, 1.0, 1.0, 1.0, 1.0, 1.0, 1.0, 1.0, 1.0, 1.0, 1.0, 1.0, 1.0, 1.0, 1.0]"
a051ec1d,10,15,4,75.0,False,True,"[1, 1, 1]",8.15408139480794,10.874999734412409,10.874999734412409,,,6.056924812893681,6.056924812893681,6.056924812893683,6.056924812893683,"[6.056924812893683, 5.6031548233500725, 6.021060673762277, 5.916489248261822, 5.7957254030105165, 5.916589683262967, 6.047436832723034, 6.026570607590311, 5.947152792674866, 5.939360722340673, 5.997107577977914, 6.052411635116387, 6.04272732892945, 5.996434334206248, 5.996039618344418, 6.038896409939598, 6.064742977839498, 6.051876738444869, 6.03108343576717, 6.0313627063271005, 6.049946284983513, 6.064922180839954, 6.061311760181798, 6.0486435233697575, 6.047653332209419, 6.061791560023895, 6.075346753583855, 6.077577045983069, 6.078433243893604, 6.094609037829788, 6.130712025625897, 6.186298122769197, 6.27451320196323, 6.41577944061862, 6.607669988430035, 6.804781075842592, 6.9376465332182295, 7.015072010819579, 7.0386756740363134, 7.024541554376864, 6.993791191491603, 6.968048336195991, 6.935919770415732, 6.943836396695078, 6.997066738228756, 7.0667688545716745, 7.129074223314658, 7.16520280631057, 7.1533423511107435, 7.121458527640114, 7.105002347976639, 7.1077328605308985, 7.116280231624796, 7.120153905057157, 7.129035986515034, 7.151059583670562, 7.171913014759461, 7.18422455922692, 7.190992934411218, 7.186920125886563, 7.1722349132812235, 7.165431267301689, 7.175347841561931, 7.1858778214864305, 7.190650055786459, 7.197774908041051, 7.204956047672861, 7.208454242593773, 7.210992639302546, 7.210361147645381, 7.205701420831171, 7.206297233135972, 7.212704336857976, 7.218058678551571, 7.220156408464723, 7.218724165612698]",75,0.7428089713147074,,1.161799352719017,1.161799352719017,7.218724165612698,,0.8852896869792316,,,,139.31805086135864,139.5416510105133,True,0.2252650260925293,0.001650094985961914,0.0,0.2252650260925293,Results/warm_start_cache/list_193_graphs_adjacency_listhog_v04-12_planar_clawFree__filehash_62ae5075/hog_idx000157_53ae287b4c3f_seed42_L1_M1_amplified.npz,139.3360481262207,2026-08-27 09:02:19,x86_64,dacsgpu0002,,64,64,3.11.15,1.24,False,True,False,True,3,True,False,True,False,adam,False,hamqaoa,0.05,standard,1,1,42,scs,1e-06,100000,False,False,False,hog,False,False,False,False,False,False,True,1,HOG_graphs/Exp5/list_193_graphs_adjacency_listhog_v04-12_planar_clawFree.txt,True,Results/warm_start_cache,512,60,0,16,1,1,0,0,5,0,5,10,42,True,_Exp8_standardZeroAngles,1,42,42,157,"[(8, 9), (3, 9), (0, 1), (2, 3), (1, 6), (4, 7), (5, 8), (0, 3), (4, 6), (2, 8), (4, 5), (5, 9), (0, 2), (6, 7), (1, 7)]","[1.0, 1.0, 1.0, 1.0, 1.0, 1.0, 1.0, 1.0, 1.0, 1.0, 1.0, 1.0, 1.0, 1.0, 1.0]"
617d186e,10,15,5,75.0,False,True,"[1, 1, 1]",8.15408139480794,10.874999734412409,10.874999734412409,,,6.056924812893681,6.056924812893681,6.056924812893683,6.056924812893683,"[6.056924812893683, 5.3956580547797826, 6.001425633175471, 5.823738398214833, 5.674056048581483, 5.8779359667337445, 6.056391763406698, 5.963564351961361, 5.863097951449219, 5.903526389512235, 6.008651455184833, 6.056018496359474, 6.001529472221078, 5.946742021749539, 5.972370178908154, 6.038322406764228, 6.061302212721135, 6.028523525244981, 5.9999497914075715, 6.013371850102686, 6.0502817650741445, 6.065812417379104, 6.044604691761872, 6.024968064522094, 6.037999372371063, 6.063019790677456, 6.067244567772532, 6.053039348687248, 6.04630833272597, 6.058623910204322, 6.075759264093963, 6.078452690420959, 6.072181940119029, 6.081008653542541, 6.107945991416082, 6.133997112407863, 6.16211039457399, 6.225534445316184, 6.335249960002798, 6.4957757903372055, 6.708872160224985, 6.905919327717955, 7.040643113408831, 7.043186432189941, 7.062374789167507, 7.020526210620728, 6.949641501680756, 6.878811721787351, 6.91619636480716, 6.961895300727112, 7.003676771345829, 7.088361883082376, 7.138119972210467, 7.147457178772627, 7.146050626420623, 7.136346883798255, 7.11678415320942, 7.099171017397198, 7.093007369468875, 7.097852844426786, 7.116899301323106, 7.14605600257878, 7.169810970766274, 7.179417369909755, 7.181884867900998, 7.1804787523684785, 7.17577527647117, 7.172461216559888, 7.172149079362479, 7.1777702740158045, 7.189056804477953, 7.202298298281145, 7.214558533034932, 7.221822618689607, 7.222658022703916, 7.2208929455919275]",75,0.7428089713147074,,1.1639681326982467,1.1639681326982467,7.2208929455919275,,0.8855556617560606,,,,145.12139463424683,145.34468603134155,True,0.2252650260925293,0.0019593238830566406,0.0,0.2252650260925293,Results/warm_start_cache/list_193_graphs_adjacency_listhog_v04-12_planar_clawFree__filehash_62ae5075/hog_idx000157_53ae287b4c3f_seed42_L1_M1_amplified.npz,145.16400027275085,2026-08-27 09:02:25,x86_64,dacsgpu0002,,64,64,3.11.15,1.51,False,True,False,True,3,True,False,True,False,adam,False,hamqaoa,0.05,standard,1,1,42,scs,1e-06,100000,False,False,False,hog,False,False,False,False,False,False,True,1,HOG_graphs/Exp5/list_193_graphs_adjacency_listhog_v04-12_planar_clawFree.txt,True,Results/warm_start_cache,512,60,0,16,1,1,0,0,5,0,5,10,42,True,_Exp8_standardZeroAngles,1,42,42,157,"[(8, 9), (3, 9), (0, 1), (2, 3), (1, 6), (4, 7), (5, 8), (0, 3), (4, 6), (2, 8), (4, 5), (5, 9), (0, 2), (6, 7), (1, 7)]","[1.0, 1.0, 1.0, 1.0, 1.0, 1.0, 1.0, 1.0, 1.0, 1.0, 1.0, 1.0, 1.0, 1.0, 1.0]"
952fa60c,6,10,2,75.0,False,True,"[1, 1, 1]",5.118033988749891,6.0520509794809225,6.0520509794809225,,,3.4941727368130056,3.4941727368130038,3.494172736813005,3.494172736813005,"[3.494172736813005, 3.4711015583089804, 3.4940766517947144, 3.497008836484355, 3.488373542956472, 3.490358414257676, 3.497549810768656, 3.4983352102687237, 3.4974577640200257, 3.498191715381843, 3.5028870917118438, 3.5124095235252115, 3.5244310405071357, 3.547107418208599, 3.595553232876631, 3.6787944029105386, 3.782276998609886, 3.88205890134119, 3.9790322943566863, 4.043321099402131, 4.044881993104395, 3.9959678087578965, 3.9440689089630907, 3.9289881729874687, 3.9455089874772367, 3.973385830756749, 4.001986114812924, 4.026919722703696, 4.0434514988839805, 4.048968845505692, 4.046717912672039, 4.042507275369755, 4.038840037763396, 4.035731721441009, 4.034428454048776, 4.037155013197568, 4.045527060332806, 4.058816176915575, 4.072801952233507, 4.082130940641791, 4.084711538976812, 4.083263246096117, 4.081821891509572, 4.081757080125458, 4.0820122749119525, 4.082470380859992, 4.0855136556072384, 4.0912965724805, 4.09535018027691, 4.09460739787077, 4.091179446557324, 4.0887209182815525, 4.0882370312496095, 4.088554214276329, 4.089267939582914, 4.091263672661282, 4.09414116545505, 4.095836931882548, 4.09538853823273, 4.09410533790433, 4.093465441819422, 4.093577598328938, 4.094051349272481, 4.094932526462859, 4.096208614449392, 4.097196227699632, 4.097204556631447, 4.096455925316218, 4.095789847213319, 4.095650287781785, 4.095842536303788, 4.096128513297947, 4.0965165134726975, 4.096923198748304, 4.097057803169788, 4.096828177783031]",75,0.6827177671140232,,0.6026554409700275,0.6026554409700258,4.096828177783031,,0.8004691228679598,,,,11.697962045669556,11.840435028076172,True,0.1456618309020996,0.003171205520629883,0.0,0.1456618309020996,Results/warm_start_cache/list_193_graphs_adjacency_listhog_v04-12_planar_clawFree__filehash_62ae5075/hog_idx000007_f47b418780b1_seed42_L1_M1_amplified.npz,11.725918292999268,2026-08-27 09:06:56,x86_64,dacsgpu0002,,64,64,3.11.15,0.22,False,False,False,False,,True,True,True,False,adam,False,hamqaoa,0.05,standard,1,1,42,scs,1e-06,100000,False,False,False,hog,False,False,False,False,False,False,True,1,HOG_graphs/Exp5/list_193_graphs_adjacency_listhog_v04-12_planar_clawFree.txt,True,Results/warm_start_cache,512,60,0,16,1,1,0,0,5,0,5,10,42,True,_Exp8_standardZeroAngles,1,42,42,7,"[(1, 3), (0, 1), (3, 5), (3, 4), (1, 5), (4, 5), (2, 5), (0, 5), (0, 2), (2, 4)]","[1.0, 1.0, 1.0, 1.0, 1.0, 1.0, 1.0, 1.0, 1.0, 1.0]"
1c27a3a4,8,13,1,75.0,False,True,"[1, 1, 1]",6.3660254037844615,6.999999987385665,6.999999987385665,,,4.327999259777901,4.327999259777902,4.3279992597779025,4.3279992597779025,"[4.3279992597779025, 4.337831163809825, 4.346292804200856, 4.35363347700072, 4.358598457156724, 4.360681327075613, 4.360791828207306, 4.361517089986187, 4.363710500786049, 4.3657967512145275, 4.365795120265952, 4.363722066379447, 4.361917999340176, 4.361905899530319, 4.363206754756912, 4.364468418751935, 4.364637275185809, 4.3639772907497205, 4.363634261839522, 4.364203159350793, 4.365341028009571, 4.366199542099178, 4.366417152242131, 4.366208285951083, 4.36595648537228, 4.365938583458381, 4.366121570275461, 4.366313036966609, 4.366367673857445, 4.36623053934127, 4.366010111399228, 4.365892089700991, 4.365971797696581, 4.366233774536086, 4.3665208879717525, 4.366685432752887, 4.366685779237011, 4.366587998134883, 4.366524153679053, 4.3665486860231555, 4.3666232727958425, 4.366657163577516, 4.36660537704767, 4.366528215222825, 4.366508667919584, 4.366577127961223, 4.366670391108065, 4.366720915024879, 4.366714429893506, 4.366693004028025, 4.366697141776376, 4.366724504108418, 4.36674588831533, 4.366735574549556, 4.366705370274748, 4.366683994141766, 4.366693331552803, 4.366721782277108, 4.366745711568155, 4.3667498357221, 4.366743586610546, 4.366742712300609, 4.366752200980656, 4.366760715676757, 4.366757547133817, 4.366745682742279, 4.366739049231234, 4.366744054458703, 4.3667543943651, 4.3667592746250055, 4.36675807853337, 4.366756949865601, 4.366760604105859, 4.366765073060132, 4.3667653158503885, 4.366760990767692]",75,0.6798589363474739,,0.03876173098979052,0.03876173098979141,4.366760990767692,,0.6859477796258477,,,,12.228055477142334,12.39784288406372,True,0.17105555534362793,0.0012502670288085938,0.0,0.17105555534362793,Results/warm_start_cache/list_193_graphs_adjacency_listhog_v04-12_planar_clawFree__filehash_62ae5075/hog_idx000003_869876cb20fe_seed42_L1_M1_amplified.npz,12.246444940567017,2026-08-27 09:06:56,x86_64,dacsgpu0002,,64,64,3.11.15,0.24,False,False,False,False,,True,False,True,False,adam,False,hamqaoa,0.05,standard,1,1,42,scs,1e-06,100000,False,False,False,hog,False,False,False,False,False,False,True,1,HOG_graphs/Exp5/list_193_graphs_adjacency_listhog_v04-12_planar_clawFree.txt,True,Results/warm_start_cache,512,60,0,16,1,1,0,0,5,0,5,10,42,True,_Exp8_standardZeroAngles,1,42,42,3,"[(0, 1), (1, 6), (4, 7), (2, 6), (5, 7), (3, 5), (1, 2), (0, 6), (3, 4), (4, 5), (3, 7), (0, 2), (6, 7)]","[1.0, 1.0, 1.0, 1.0, 1.0, 1.0, 1.0, 1.0, 1.0, 1.0, 1.0, 1.0, 1.0]"
eab64bfe,6,10,3,75.0,False,True,"[1, 1, 1]",5.118033988749891,6.0520509794809225,6.0520509794809225,,,3.4941727368130056,3.4941727368130038,3.494172736813005,3.494172736813005,"[3.494172736813005, 3.4259883445327293, 3.490926915891766, 3.488767809829102, 3.466604696009041, 3.477998182285342, 3.493960500607694, 3.4924339811727183, 3.486536693853977, 3.487224789413659, 3.4965765120348014, 3.504627119450152, 3.5059319009299044, 3.506252427652151, 3.511196751465501, 3.527776806403764, 3.5692404638267567, 3.6476860599417806, 3.7435313792502463, 3.8417120177700594, 3.957203653459395, 4.045755721233337, 4.094977453772774, 4.097813726930648, 4.087741465239168, 4.110488396313736, 4.107481426541888, 4.096983457225205, 4.069640715709328, 4.075324300647346, 4.121640703195498, 4.165565750545384, 4.192193541189691, 4.197351261138103, 4.186762868269018, 4.173955721303431, 4.161898735605809, 4.157700356592482, 4.16154740977338, 4.170833003894583, 4.183853622846307, 4.193351372519104, 4.199418226260972, 4.201224645032935, 4.200964031132878, 4.202468030978224, 4.203945851464711, 4.205892955614249, 4.20447526825592, 4.2030690878015005, 4.203351376183094, 4.2067909260452145, 4.211402288286411, 4.215724547257488, 4.217266336602564, 4.216217377747613, 4.214120034806307, 4.21261121047947, 4.212474831727788, 4.2134113566306075, 4.215204361472522, 4.217231886083269, 4.218625360722018, 4.21886849418532, 4.2186176193867855, 4.2184766521963795, 4.218333903503895, 4.218376097550735, 4.2191213253512485, 4.220768795914688, 4.22234881524832, 4.223302747518317, 4.22362958132473, 4.2240169797223075, 4.224510322676359, 4.225277047625861]",75,0.6827177671140232,,0.731104310812857,0.7311043108128552,4.225277047625861,,0.8255664297879953,,,,18.231340646743774,18.373971223831177,True,0.1456618309020996,0.0030150413513183594,0.0,0.1456618309020996,Results/warm_start_cache/list_193_graphs_adjacency_listhog_v04-12_planar_clawFree__filehash_62ae5075/hog_idx000007_f47b418780b1_seed42_L1_M1_amplified.npz,18.255290508270264,2026-08-27 09:07:02,x86_64,dacsgpu0002,,64,64,3.11.15,0.23,False,False,False,False,,True,True,True,False,adam,False,hamqaoa,0.05,standard,1,1,42,scs,1e-06,100000,False,False,False,hog,False,False,False,False,False,False,True,1,HOG_graphs/Exp5/list_193_graphs_adjacency_listhog_v04-12_planar_clawFree.txt,True,Results/warm_start_cache,512,60,0,16,1,1,0,0,5,0,5,10,42,True,_Exp8_standardZeroAngles,1,42,42,7,"[(1, 3), (0, 1), (3, 5), (3, 4), (1, 5), (4, 5), (2, 5), (0, 5), (0, 2), (2, 4)]","[1.0, 1.0, 1.0, 1.0, 1.0, 1.0, 1.0, 1.0, 1.0, 1.0]"
902ff369,8,13,2,75.0,False,True,"[1, 1, 1]",6.3660254037844615,6.999999987385665,6.999999987385665,,,4.327999259777901,4.327999259777902,4.3279992597779025,4.3279992597779025,"[4.3279992597779025, 4.338649038627085, 4.347737629850415, 4.357182819561522, 4.364750930047708, 4.370313004734362, 4.373825487996032, 4.377282224130737, 4.385573463818308, 4.403209545134552, 4.435826513128843, 4.492224134392486, 4.577398577791315, 4.675321258834483, 4.738909857505335, 4.761624066563542, 4.784142592467397, 4.821919398483608, 4.875164817472106, 4.937595044896507, 4.984994966217742, 4.985255397568259, 4.940667080534174, 4.901380304186989, 4.90103461048046, 4.933657849659686, 4.975352188070874, 5.004689717326665, 5.013479939090742, 5.005035654167746, 4.988253556848508, 4.97349612488318, 4.9678371301331685, 4.971875007218719, 4.982207500901144, 4.995035512698074, 5.006314262573766, 5.012447962368008, 5.012784267500252, 5.0090088608020835, 5.003734246323819, 5.0005018895118525, 5.001350219857585, 5.005289601481309, 5.010482760654155, 5.014846003394863, 5.01616639236287, 5.0145283876986495, 5.0121853662423375, 5.0108285117612335, 5.0110293498482825, 5.012554101866404, 5.014303661995747, 5.015539399945593, 5.0163281859929345, 5.0165333330431325, 5.016194915148709, 5.015917317726681, 5.01585677943979, 5.015863854660418, 5.016064579292974, 5.016491786894452, 5.017078998856634, 5.0176094080591955, 5.017710913245081, 5.017478416531158, 5.01727068256505, 5.01717212591436, 5.017213597509828, 5.017410269737145, 5.017715747834157, 5.018044817420373, 5.018171021914956, 5.0180350750062415, 5.01783085091296, 5.017709443733333]",75,0.6798589363474739,,0.6897101839554312,0.689710183955432,5.017709443733333,,0.788201291303427,,,,20.12010145187378,20.289835691452026,True,0.17105555534362793,0.0013051033020019531,0.0,0.17105555534362793,Results/warm_start_cache/list_193_graphs_adjacency_listhog_v04-12_planar_clawFree__filehash_62ae5075/hog_idx000003_869876cb20fe_seed42_L1_M1_amplified.npz,20.14176845550537,2026-08-27 09:07:04,x86_64,dacsgpu0002,,64,64,3.11.15,0.26,False,False,False,False,,True,False,True,False,adam,False,hamqaoa,0.05,standard,1,1,42,scs,1e-06,100000,False,False,False,hog,False,False,False,False,False,False,True,1,HOG_graphs/Exp5/list_193_graphs_adjacency_listhog_v04-12_planar_clawFree.txt,True,Results/warm_start_cache,512,60,0,16,1,1,0,0,5,0,5,10,42,True,_Exp8_standardZeroAngles,1,42,42,3,"[(0, 1), (1, 6), (4, 7), (2, 6), (5, 7), (3, 5), (1, 2), (0, 6), (3, 4), (4, 5), (3, 7), (0, 2), (6, 7)]","[1.0, 1.0, 1.0, 1.0, 1.0, 1.0, 1.0, 1.0, 1.0, 1.0, 1.0, 1.0, 1.0]"
851ea21c,6,10,4,75.0,False,True,"[1, 1, 1]",5.118033988749891,6.0520509794809225,6.0520509794809225,,,3.4941727368130056,3.4941727368130038,3.494172736813005,3.494172736813005,"[3.494172736813005, 3.3652981232177814, 3.4841115497467845, 3.478750757163606, 3.4419395946962528, 3.4583932682775953, 3.493360701527396, 3.4977299175184426, 3.483517986855566, 3.4876117222652065, 3.5059212532995874, 3.5222110542176632, 3.5257792735170304, 3.531390273816529, 3.555667166495192, 3.5953834868667722, 3.634667577189805, 3.6637780720643676, 3.6750679014639998, 3.6795181170537026, 3.6909347850786003, 3.70143116206642, 3.7137839628205165, 3.7294571315367597, 3.7474897176467588, 3.7576828712231607, 3.753860963869874, 3.7527664063951742, 3.7621635810159155, 3.7708482996382506, 3.778166646464601, 3.792002847408855, 3.809705830052881, 3.8247740851701035, 3.840204345865531, 3.8595416789145327, 3.8775509923861002, 3.8915468988294055, 3.9072780411314794, 3.9258974116937253, 3.9412217459666756, 3.9526800974687046, 3.961837125529921, 3.9678686550464937, 3.9750390600533025, 3.987302926098395, 4.006848217572626, 4.034118617373931, 4.065007426867451, 4.09419633076652, 4.120730687957178, 4.142226093257464, 4.1611665960401885, 4.18357124386913, 4.204848867390138, 4.218548983088626, 4.226356817874246, 4.242528774242857, 4.264457433334851, 4.272369470548546, 4.257513127122654, 4.2368103620724105, 4.226346668752478, 4.23430106255721, 4.251066932406055, 4.263428675032259, 4.266814268421392, 4.264556558537324, 4.263181265134534, 4.266322185640937, 4.27167134129557, 4.27636581427778, 4.278439664512824, 4.276896940334393, 4.273916610287389, 4.271255327865105]",75,0.6827177671140232,,0.7770825910521011,0.7770825910520993,4.271255327865105,,0.8345500122222484,,,,27.90578317642212,28.04970097541809,True,0.1456618309020996,0.0017282962799072266,0.0,0.1456618309020996,Results/warm_start_cache/list_193_graphs_adjacency_listhog_v04-12_planar_clawFree__filehash_62ae5075/hog_idx000007_f47b418780b1_seed42_L1_M1_amplified.npz,27.927592992782593,2026-08-27 09:07:12,x86_64,dacsgpu0002,,64,64,3.11.15,0.24,False,False,False,False,,True,True,True,False,adam,False,hamqaoa,0.05,standard,1,1,42,scs,1e-06,100000,False,False,False,hog,False,False,False,False,False,False,True,1,HOG_graphs/Exp5/list_193_graphs_adjacency_listhog_v04-12_planar_clawFree.txt,True,Results/warm_start_cache,512,60,0,16,1,1,0,0,5,0,5,10,42,True,_Exp8_standardZeroAngles,1,42,42,7,"[(1, 3), (0, 1), (3, 5), (3, 4), (1, 5), (4, 5), (2, 5), (0, 5), (0, 2), (2, 4)]","[1.0, 1.0, 1.0, 1.0, 1.0, 1.0, 1.0, 1.0, 1.0, 1.0]"
a8aa80c8,8,13,3,75.0,False,True,"[1, 1, 1]",6.3660254037844615,6.999999987385665,6.999999987385665,,,4.327999259777901,4.327999259777902,4.3279992597779025,4.3279992597779025,"[4.3279992597779025, 4.330590563416888, 4.349858056039442, 4.363140897619535, 4.3678561804358385, 4.371716927669797, 4.379074867634161, 4.39716192052734, 4.430890051901024, 4.4830622507968885, 4.555955550557887, 4.628442366232076, 4.703011210244854, 4.784859801202417, 4.819622640556555, 4.784903311290095, 4.774578944676414, 4.807246433230043, 4.850266420220705, 4.880934387475534, 4.8925819935928825, 4.88979391006263, 4.887899843164844, 4.894156876812667, 4.904380959894023, 4.912286876571491, 4.916213184499675, 4.916715065276479, 4.915308510173588, 4.914749660611886, 4.915783144759619, 4.9162485965309495, 4.914840949359813, 4.913763627927811, 4.914868241176017, 4.917271732152886, 4.921257330371393, 4.926562574681863, 4.930087712009801, 4.930530472856676, 4.930332854399172, 4.931794192865969, 4.934682874943634, 4.937528397036217, 4.939221088997774, 4.939894829851635, 4.940651352823496, 4.942016805313867, 4.943298589974172, 4.944104059226825, 4.945355010700912, 4.947941767740742, 4.9514591656299265, 4.954941166733131, 4.958046979115683, 4.961061624557538, 4.96419268389271, 4.967321929544383, 4.970292788251886, 4.973113963340631, 4.975901515743919, 4.9788241198963075, 4.982065134811754, 4.985633055866849, 4.989240228426874, 4.9925882947552465, 4.995692546529924, 4.99875290469056, 5.00190352919139, 5.005273670431868, 5.009048385012545, 5.013219582136882, 5.0174564714719825, 5.021429834988979, 5.025125816764432, 5.028710515476378]",75,0.6798589363474739,,0.7007112556984767,0.7007112556984776,5.028710515476378,,0.7899293823877801,,,,32.455151081085205,32.62484312057495,True,0.17105555534362793,0.0013480186462402344,0.0,0.17105555534362793,Results/warm_start_cache/list_193_graphs_adjacency_listhog_v04-12_planar_clawFree__filehash_62ae5075/hog_idx000003_869876cb20fe_seed42_L1_M1_amplified.npz,32.49862599372864,2026-08-27 09:07:16,x86_64,dacsgpu0002,,64,64,3.11.15,0.27,False,False,False,False,,True,False,True,False,adam,False,hamqaoa,0.05,standard,1,1,42,scs,1e-06,100000,False,False,False,hog,False,False,False,False,False,False,True,1,HOG_graphs/Exp5/list_193_graphs_adjacency_listhog_v04-12_planar_clawFree.txt,True,Results/warm_start_cache,512,60,0,16,1,1,0,0,5,0,5,10,42,True,_Exp8_standardZeroAngles,1,42,42,3,"[(0, 1), (1, 6), (4, 7), (2, 6), (5, 7), (3, 5), (1, 2), (0, 6), (3, 4), (4, 5), (3, 7), (0, 2), (6, 7)]","[1.0, 1.0, 1.0, 1.0, 1.0, 1.0, 1.0, 1.0, 1.0, 1.0, 1.0, 1.0, 1.0]"
748d303f,6,8,1,75.0,False,True,"[1, 1, 1]",4.366025403784441,4.999999977789887,4.999999977789887,,,2.6439634867189596,2.643963486718961,2.643963486718961,2.643963486718961,"[2.643963486718961, 2.642773965376668, 2.6554084617544063, 2.659823103245262, 2.6568977277385124, 2.65693167395746, 2.6598556651795966, 2.6609233299503554, 2.659297670901291, 2.659613239022269, 2.6648185365632346, 2.6739213410939318, 2.68436727178711, 2.6934347444738704, 2.7024775113535373, 2.715305463095345, 2.7312546119773975, 2.744713415115376, 2.7513493605271564, 2.7538563010921138, 2.7578190001517924, 2.7649559257422243, 2.774010353208037, 2.7828339602558527, 2.789400158159075, 2.7927187818736643, 2.7937215661729145, 2.794696784191035, 2.7972605709232985, 2.801195038860995, 2.8048160093599503, 2.806300273385983, 2.8053365335404346, 2.803492306672568, 2.802404096672054, 2.802252579777945, 2.802324961798512, 2.802076797635018, 2.8014353817152005, 2.800694683597684, 2.8003373189176077, 2.80073366327307, 2.8018736315734887, 2.803330039613221, 2.8044997374901164, 2.805014755910398, 2.805039285903904, 2.8051412775230666, 2.805678409487556, 2.8063346357307446, 2.806531007419567, 2.8062273043227948, 2.805915152325415, 2.805838259941674, 2.80580229646039, 2.8057364880195803, 2.8057780332733615, 2.8058258084631826, 2.8056959307483624, 2.805577898560074, 2.8057279037697374, 2.8059826558102796, 2.8060848161219853, 2.8061028583340395, 2.806186367087644, 2.8062983188722432, 2.8063819888415784, 2.8064731183954468, 2.806555389756462, 2.806553038954999, 2.806493555473814, 2.806480610310827, 2.806518076033385, 2.80652107589262, 2.8064724130120235, 2.8064347204899764]",75,0.6055767528121095,,0.16247123377101547,0.1624712337710168,2.8064347204899764,,0.6427893704093838,,,,6.507085084915161,6.6625635623931885,True,0.16387653350830078,0.008382558822631836,0.0,0.16387653350830078,Results/warm_start_cache/list_193_graphs_adjacency_listhog_v04-12_planar_clawFree__filehash_62ae5075/hog_idx000045_8fba7133f891_seed42_L1_M1_amplified.npz,6.55001425743103,2026-08-27 09:07:20,x86_64,dacsgpu0002,,64,64,3.11.15,0.22,False,False,False,False,,True,False,True,False,adam,False,hamqaoa,0.05,standard,1,1,42,scs,1e-06,100000,False,False,False,hog,False,False,False,False,False,False,True,1,HOG_graphs/Exp5/list_193_graphs_adjacency_listhog_v04-12_planar_clawFree.txt,True,Results/warm_start_cache,512,60,0,16,1,1,0,0,5,0,5,10,42,True,_Exp8_standardZeroAngles,1,42,42,45,"[(0, 1), (2, 3), (3, 5), (3, 4), (1, 5), (4, 5), (2, 5), (2, 4)]","[1.0, 1.0, 1.0, 1.0, 1.0, 1.0, 1.0, 1.0]"
1cfc72b0,6,10,5,75.0,False,True,"[1, 1, 1]",5.118033988749891,6.0520509794809225,6.0520509794809225,,,3.4941727368130056,3.4941727368130038,3.494172736813005,3.494172736813005,"[3.494172736813005, 3.29556385391124, 3.4744620325938214, 3.468168027898873, 3.417537914090962, 3.4458072781695863, 3.4939148526797608, 3.484375046427605, 3.4779504936775654, 3.494286983835198, 3.5227631486668205, 3.541314228184031, 3.544738233338317, 3.562625338702978, 3.5967717636035794, 3.6350388662915027, 3.6601863946850512, 3.6480030105340724, 3.6525662982687654, 3.6824083704574435, 3.717712287865568, 3.7309520512224985, 3.7425837969317173, 3.7757549807849995, 3.815362200579181, 3.8453396395888166, 3.877687192835214, 3.9251040898081913, 3.965585982430778, 3.967160935870132, 3.9664269774119165, 3.9602820488203787, 3.957064538473574, 3.981447994740978, 4.002265995933474, 4.0188554318767755, 4.039477893947591, 4.049448311086475, 4.056246401505456, 4.072059772264324, 4.090110622857655, 4.10816714286569, 4.12967288752373, 4.143015065008812, 4.152347827524294, 4.165344651861161, 4.1744973025315115, 4.193237587616005, 4.219321293674263, 4.239043730611419, 4.250365984204689, 4.254290043191163, 4.26041755763174, 4.270435674433249, 4.273277814360718, 4.2739238610026185, 4.279711418825645, 4.285472695008874, 4.286628591791847, 4.283490706931932, 4.281730295232217, 4.288318048555874, 4.297273413480786, 4.300478786824457, 4.3035919686118715, 4.310672516524609, 4.316231382949022, 4.3194025776963825, 4.3225439514768995, 4.322559354749991, 4.3211533291096265, 4.3211646697574215, 4.321668696611871, 4.325805960241227, 4.332566415236723, 4.336417924018816]",75,0.6827177671140232,,0.8422451872058123,0.8422451872058105,4.336417924018816,,0.8472819706846086,,,,41.46385884284973,41.607962131500244,True,0.1456618309020996,0.0015437602996826172,0.0,0.1456618309020996,Results/warm_start_cache/list_193_graphs_adjacency_listhog_v04-12_planar_clawFree__filehash_62ae5075/hog_idx000007_f47b418780b1_seed42_L1_M1_amplified.npz,41.525216817855835,2026-08-27 09:07:25,x86_64,dacsgpu0002,,64,64,3.11.15,0.25,False,False,False,False,,True,True,True,False,adam,False,hamqaoa,0.05,standard,1,1,42,scs,1e-06,100000,False,False,False,hog,False,False,False,False,False,False,True,1,HOG_graphs/Exp5/list_193_graphs_adjacency_listhog_v04-12_planar_clawFree.txt,True,Results/warm_start_cache,512,60,0,16,1,1,0,0,5,0,5,10,42,True,_Exp8_standardZeroAngles,1,42,42,7,"[(1, 3), (0, 1), (3, 5), (3, 4), (1, 5), (4, 5), (2, 5), (0, 5), (0, 2), (2, 4)]","[1.0, 1.0, 1.0, 1.0, 1.0, 1.0, 1.0, 1.0, 1.0, 1.0]"
a648b2c2,6,8,2,75.0,False,True,"[1, 1, 1]",4.366025403784441,4.999999977789887,4.999999977789887,,,2.6439634867189596,2.643963486718961,2.643963486718961,2.643963486718961,"[2.643963486718961, 2.607548315791104, 2.654908576718174, 2.6584293228356115, 2.6449080738151487, 2.6381026327851638, 2.6420240918994904, 2.6512989024402245, 2.6587914779081716, 2.6600832197840365, 2.6560687377309886, 2.652577650182406, 2.6538999130945324, 2.6581038266222907, 2.66084489890859, 2.660319250945092, 2.6584441640139675, 2.658385965185003, 2.660819852036993, 2.6630648549484066, 2.6625284104833247, 2.6606091389365125, 2.660871827701224, 2.663963842600477, 2.6674997185278766, 2.669898167626517, 2.6727175866165234, 2.67959319282699, 2.6939146068929434, 2.7180499458131515, 2.753630922466279, 2.800030262418122, 2.8593991346063747, 2.9374467041732752, 3.0264808103319445, 3.1087541758949944, 3.16548974781317, 3.17302886294763, 3.148977233046768, 3.1445530521619225, 3.163258991685976, 3.1942512359362487, 3.2191626421262347, 3.226687309848434, 3.2179553675853527, 3.2009416618415196, 3.1828274849529774, 3.1720019284152374, 3.174234425708054, 3.1874626982877867, 3.204637795721569, 3.220152676142975, 3.2311619555895006, 3.2360461069378825, 3.234960228862244, 3.2311555284606563, 3.2298721002823365, 3.2332799761819877, 3.238645792203914, 3.241995278340015, 3.2416522851122282, 3.2386187617944473, 3.2350571183622305, 3.232894850225752, 3.2332372816320003, 3.236158537637607, 3.2405939768793264, 3.2447031088757723, 3.2468892697526273, 3.2467886610802457, 3.2453359387368135, 3.243949899855056, 3.243630004104675, 3.2444504676409727, 3.2456222548619866, 3.2461860159492586]",75,0.6055767528121095,,0.6022225292302976,0.602222529230299,3.2461860159492586,,0.7435105652696127,,,,12.248503684997559,12.404991149902344,True,0.16387653350830078,0.007371664047241211,0.0,0.16387653350830078,Results/warm_start_cache/list_193_graphs_adjacency_listhog_v04-12_planar_clawFree__filehash_62ae5075/hog_idx000045_8fba7133f891_seed42_L1_M1_amplified.npz,12.33286452293396,2026-08-27 09:07:31,x86_64,dacsgpu0002,,64,64,3.11.15,0.23,False,False,False,False,,True,False,True,False,adam,False,hamqaoa,0.05,standard,1,1,42,scs,1e-06,100000,False,False,False,hog,False,False,False,False,False,False,True,1,HOG_graphs/Exp5/list_193_graphs_adjacency_listhog_v04-12_planar_clawFree.txt,True,Results/warm_start_cache,512,60,0,16,1,1,0,0,5,0,5,10,42,True,_Exp8_standardZeroAngles,1,42,42,45,"[(0, 1), (2, 3), (3, 5), (3, 4), (1, 5), (4, 5), (2, 5), (2, 4)]","[1.0, 1.0, 1.0, 1.0, 1.0, 1.0, 1.0, 1.0]"
548f2a94,8,13,4,75.0,False,True,"[1, 1, 1]",6.3660254037844615,6.999999987385665,6.999999987385665,,,4.327999259777901,4.327999259777902,4.3279992597779025,4.3279992597779025,"[4.3279992597779025, 4.314298161472161, 4.354604450529196, 4.364874354672652, 4.364971075935991, 4.369501032588439, 4.382646270153618, 4.41177268591871, 4.449667795605029, 4.501681461921021, 4.5807473823876625, 4.673819808009981, 4.748119528222799, 4.776765818770109, 4.764296733348113, 4.755035398290999, 4.793293562111142, 4.843947530528552, 4.874203843799467, 4.8833957522705225, 4.882589953566874, 4.882682141770041, 4.891360568143046, 4.903817788366266, 4.914885480439104, 4.924043693655812, 4.926385893618065, 4.926873282570047, 4.933628434205473, 4.936629916582629, 4.939069223562637, 4.949117939507556, 4.9578325273531885, 4.964658682061848, 4.969989036070574, 4.968218178760356, 4.9640589149724565, 4.963716772197689, 4.966843367939792, 4.97520535307752, 4.986839028393902, 4.993141486955712, 4.993736163299016, 4.9941225241852205, 4.995629911766145, 5.001440246083183, 5.008562984237532, 5.012817736365298, 5.016155143607549, 5.017699744945798, 5.01909464202454, 5.022081557315954, 5.025014370647877, 5.029283722387416, 5.0332220123005325, 5.035611549522838, 5.037795769333309, 5.0402637959228, 5.044034160720318, 5.046553955849349, 5.048284477375968, 5.050042413307124, 5.052348202796808, 5.054792727971166, 5.056262601169748, 5.057119982668213, 5.0577623105326515, 5.0588416839686, 5.05976324543712, 5.060693409443368, 5.060917365561822, 5.061441945946652, 5.062140979420928, 5.0624538049049415, 5.062710962991937, 5.063351226570727]",75,0.6798589363474739,,0.735351966792825,0.7353519667928259,5.063351226570727,,0.7953708798523921,,,,48.90922141075134,49.076873779296875,True,0.17105555534362793,0.003385305404663086,0.0,0.17105555534362793,Results/warm_start_cache/list_193_graphs_adjacency_listhog_v04-12_planar_clawFree__filehash_62ae5075/hog_idx000003_869876cb20fe_seed42_L1_M1_amplified.npz,48.92268490791321,2026-08-27 09:07:33,x86_64,dacsgpu0002,,64,64,3.11.15,0.28,False,False,False,False,,True,False,True,False,adam,False,hamqaoa,0.05,standard,1,1,42,scs,1e-06,100000,False,False,False,hog,False,False,False,False,False,False,True,1,HOG_graphs/Exp5/list_193_graphs_adjacency_listhog_v04-12_planar_clawFree.txt,True,Results/warm_start_cache,512,60,0,16,1,1,0,0,5,0,5,10,42,True,_Exp8_standardZeroAngles,1,42,42,3,"[(0, 1), (1, 6), (4, 7), (2, 6), (5, 7), (3, 5), (1, 2), (0, 6), (3, 4), (4, 5), (3, 7), (0, 2), (6, 7)]","[1.0, 1.0, 1.0, 1.0, 1.0, 1.0, 1.0, 1.0, 1.0, 1.0, 1.0, 1.0, 1.0]"
922a768d,6,8,3,75.0,False,True,"[1, 1, 1]",4.366025403784441,4.999999977789887,4.999999977789887,,,2.6439634867189596,2.643963486718961,2.643963486718961,2.643963486718961,"[2.643963486718961, 2.5334498574585314, 2.6508629104533172, 2.651568289671465, 2.6265297815393565, 2.6165863970680077, 2.620859464819268, 2.632958018126158, 2.6449261315495294, 2.651075039259626, 2.6518341363541436, 2.6523478586032283, 2.6598806807944584, 2.681936140560933, 2.7172155115613155, 2.757808041616807, 2.8118688296278, 2.89386224692171, 2.98193450746236, 3.049947439474184, 3.092371220299942, 3.1060113543241523, 3.1134597174514425, 3.1468846369270715, 3.2004312410235873, 3.231412545416523, 3.2379894973869754, 3.2543346383206226, 3.275854625974257, 3.2839443365306207, 3.2741876495075712, 3.2607352719342324, 3.2607765570943905, 3.2776491428914447, 3.3003589306564627, 3.3160302540183784, 3.3217383014986868, 3.3245398209017742, 3.333502949250651, 3.3490663178984117, 3.362054069342884, 3.366504913460059, 3.36543806384869, 3.364912026442477, 3.369272977533107, 3.3777816775467704, 3.3904210892759976, 3.405605190616596, 3.420087893367212, 3.430364370727917, 3.4358253670620233, 3.4397947508213917, 3.4466190765813174, 3.4574328318670897, 3.4691399962850658, 3.4773891389268, 3.4809806357810293, 3.4827578086908693, 3.485064549965837, 3.487908686931701, 3.4919957280074425, 3.497545901346148, 3.501991596458078, 3.5032030187510097, 3.5021906814097363, 3.5010469183067583, 3.5008052840894504, 3.5012738186754406, 3.501458668528011, 3.50063851286867, 3.499319658236945, 3.498464916814362, 3.498405337349953, 3.4990298308012426, 3.499904082355035, 3.5003826910821325]",75,0.6055767528121095,,0.8564192043631715,0.8564192043631729,3.5003826910821325,,0.8017320943776517,,,,21.45016837120056,21.607985019683838,True,0.16387653350830078,0.006041526794433594,0.0,0.16387653350830078,Results/warm_start_cache/list_193_graphs_adjacency_listhog_v04-12_planar_clawFree__filehash_62ae5075/hog_idx000045_8fba7133f891_seed42_L1_M1_amplified.npz,21.50695252418518,2026-08-27 09:07:49,x86_64,dacsgpu0002,,64,64,3.11.15,0.23,False,False,False,False,,True,False,True,False,adam,False,hamqaoa,0.05,standard,1,1,42,scs,1e-06,100000,False,False,False,hog,False,False,False,False,False,False,True,1,HOG_graphs/Exp5/list_193_graphs_adjacency_listhog_v04-12_planar_clawFree.txt,True,Results/warm_start_cache,512,60,0,16,1,1,0,0,5,0,5,10,42,True,_Exp8_standardZeroAngles,1,42,42,45,"[(0, 1), (2, 3), (3, 5), (3, 4), (1, 5), (4, 5), (2, 5), (2, 4)]","[1.0, 1.0, 1.0, 1.0, 1.0, 1.0, 1.0, 1.0]"
fb6034eb,7,9,1,75.0,False,True,"[1, 1, 1]",4.927886253318024,5.999999985911542,5.999999985911542,,,3.488434873712476,3.4884348737124755,3.488434873712477,3.488434873712477,"[3.488434873712477, 3.47149343353002, 3.4881976910536374, 3.4873693872301526, 3.482026979781839, 3.4848924793253886, 3.4897304911576112, 3.4902897455315576, 3.487345797117517, 3.4857365182332303, 3.4872220598285613, 3.489841784091373, 3.4910687351900487, 3.4902221291928246, 3.488864210811954, 3.488728768627592, 3.489767424200868, 3.4906773145382783, 3.4905897233323957, 3.489906662580849, 3.489621009768957, 3.490116798931211, 3.4908717469716484, 3.491145880584297, 3.490777146941421, 3.490296123245354, 3.490266100196551, 3.490665096360863, 3.4910230960870368, 3.4910193984512436, 3.4908002777298712, 3.4907218112978646, 3.4908947606159026, 3.4910889996255223, 3.49106642137475, 3.490892710908224, 3.4908289842673166, 3.4909704501363032, 3.4911400564324815, 3.491149788390965, 3.4910401393460244, 3.490988808295434, 3.4910567051887913, 3.4911320493995257, 3.491115783188337, 3.4910593912667687, 3.49106891401562, 3.4911397424655806, 3.4911737863452172, 3.4911343108486457, 3.4910929636703436, 3.491111849590985, 3.4911561508886617, 3.4911628772677266, 3.491138601343097, 3.4911350920340585, 3.491159214826085, 3.4911695322384384, 3.4911517871544695, 3.4911399520072908, 3.4911555879528424, 3.4911741052951926, 3.491169977596939, 3.4911570895846493, 3.491159440789172, 3.4911703829359073, 3.4911704267281225, 3.491163424438959, 3.4911655926618, 3.4911742830356456, 3.4911746393081864, 3.4911677431676034, 3.491166995712514, 3.4911729391964395, 3.4911748295933998, 3.4911715680917768]",75,0.7078967927402254,,0.002736694379301241,0.002736694379300797,3.4911715680917768,,0.7084521412687063,,,,8.660372972488403,8.797586917877197,True,0.1429429054260254,0.0057103633880615234,0.0,0.1429429054260254,Results/warm_start_cache/list_193_graphs_adjacency_listhog_v04-12_planar_clawFree__filehash_62ae5075/hog_idx000060_669f6899bb15_seed42_L1_M1_amplified.npz,8.763187646865845,2026-08-27 09:07:51,x86_64,dacsgpu0002,,64,64,3.11.15,0.23,False,False,False,False,,True,False,True,False,adam,False,hamqaoa,0.05,standard,1,1,42,scs,1e-06,100000,False,False,False,hog,False,False,False,False,False,False,True,1,HOG_graphs/Exp5/list_193_graphs_adjacency_listhog_v04-12_planar_clawFree.txt,True,Results/warm_start_cache,512,60,0,16,1,1,0,0,5,0,5,10,42,True,_Exp8_standardZeroAngles,1,42,42,60,"[(1, 6), (3, 5), (4, 6), (1, 2), (5, 6), (3, 4), (4, 5), (0, 2), (3, 6)]","[1.0, 1.0, 1.0, 1.0, 1.0, 1.0, 1.0, 1.0, 1.0]"
d69c0ef4,8,13,5,75.0,False,True,"[1, 1, 1]",6.3660254037844615,6.999999987385665,6.999999987385665,,,4.327999259777901,4.327999259777902,4.3279992597779025,4.3279992597779025,"[4.3279992597779025, 4.290664170877522, 4.358860446039863, 4.362091855661773, 4.359457160540485, 4.366417065170702, 4.38942334255074, 4.428585316631707, 4.477851561542659, 4.574121010405873, 4.684973235751014, 4.7492181272796525, 4.739500670979281, 4.709551705245436, 4.7389931930227265, 4.802550088252309, 4.874907795216346, 4.908674807935381, 4.8989040839266895, 4.884006765215482, 4.882560629608405, 4.895287831570164, 4.920134774497157, 4.952747158789904, 4.971076754827037, 4.965339803609695, 4.967675080879907, 4.98026079325649, 4.990312794410581, 5.004150794656479, 5.016547027207611, 5.028050372149385, 5.0364099400625815, 5.042071026154274, 5.047580442260766, 5.05014981768205, 5.051979761899982, 5.060313713266268, 5.069817351223157, 5.070902621593488, 5.06634845210622, 5.0639815459067625, 5.066552663296784, 5.06954996032338, 5.070355470209526, 5.073114335278065, 5.076022543332338, 5.077065319829868, 5.079306503357914, 5.083020140707654, 5.086512220746011, 5.089814203548641, 5.091424386063129, 5.091445089496952, 5.09376915191523, 5.097898249433813, 5.101898899033458, 5.106216813664613, 5.111168219157962, 5.1169877008910785, 5.122815615674446, 5.127366763204872, 5.130071269927266, 5.131226637868013, 5.131580732373254, 5.131164886356408, 5.1304210794886975, 5.130394216555359, 5.130866810535943, 5.13136441930845, 5.1321947283219, 5.133476705991219, 5.1351956120813815, 5.136973027675761, 5.13807523053622, 5.138310303478902]",75,0.6798589363474739,,0.8103110437010006,0.8103110437010015,5.138310303478902,,0.8071457428404685,,,,70.2116129398346,70.38164520263672,True,0.17105555534362793,0.0010075569152832031,0.0,0.17105555534362793,Results/warm_start_cache/list_193_graphs_adjacency_listhog_v04-12_planar_clawFree__filehash_62ae5075/hog_idx000003_869876cb20fe_seed42_L1_M1_amplified.npz,70.24194192886353,2026-08-27 09:07:54,x86_64,dacsgpu0002,,64,64,3.11.15,0.29,False,False,False,False,,True,False,True,False,adam,False,hamqaoa,0.05,standard,1,1,42,scs,1e-06,100000,False,False,False,hog,False,False,False,False,False,False,True,1,HOG_graphs/Exp5/list_193_graphs_adjacency_listhog_v04-12_planar_clawFree.txt,True,Results/warm_start_cache,512,60,0,16,1,1,0,0,5,0,5,10,42,True,_Exp8_standardZeroAngles,1,42,42,3,"[(0, 1), (1, 6), (4, 7), (2, 6), (5, 7), (3, 5), (1, 2), (0, 6), (3, 4), (4, 5), (3, 7), (0, 2), (6, 7)]","[1.0, 1.0, 1.0, 1.0, 1.0, 1.0, 1.0, 1.0, 1.0, 1.0, 1.0, 1.0, 1.0]"
fe009f09,7,9,2,75.0,False,True,"[1, 1, 1]",4.927886253318024,5.999999985911542,5.999999985911542,,,3.488434873712476,3.4884348737124755,3.488434873712477,3.488434873712477,"[3.488434873712477, 3.404628438118599, 3.483675729189216, 3.472460441376361, 3.4460139965901186, 3.4608789921805068, 3.485480358540425, 3.4901371189627524, 3.47677795450023, 3.467718082484083, 3.4730371084230405, 3.4850094081873957, 3.4916751814282225, 3.4883574852557535, 3.4812265382255694, 3.479234737865131, 3.483931912493076, 3.489831194203487, 3.491481323988884, 3.4885876404918283, 3.485233653646638, 3.4850856679582654, 3.488066529067304, 3.491151586643369, 3.4916370486028034, 3.4897634490407707, 3.4881793724158556, 3.4888544932382546, 3.4910748673260446, 3.4925845560511117, 3.492260153649362, 3.491372209608453, 3.4920251673657554, 3.494641851849721, 3.4978018006431086, 3.500951910255869, 3.5069303353520476, 3.5211225386369156, 3.5497280338215274, 3.601092470524468, 3.678428630510103, 3.7591857628818746, 3.812590421246696, 3.832408703393206, 3.8545332285509892, 3.8788591921859688, 3.8993952242090044, 3.9257047898294055, 3.9464473581016706, 3.9508603593390648, 3.9508979145743535, 3.954167852268792, 3.954051291788329, 3.9450929173338305, 3.9330561412523646, 3.927427261221735, 3.9308094449386406, 3.938419221783618, 3.945762156243539, 3.953065820934077, 3.960801431959986, 3.966024721339603, 3.967257377868274, 3.968470646875041, 3.9726524174282942, 3.976829992030988, 3.9779749648762563, 3.9778016281445834, 3.9776874544447853, 3.976095630984286, 3.9726542019748003, 3.9703359772961204, 3.9715230489350235, 3.974759516233789, 3.9773554367917074, 3.9788018619457124]",75,0.7078967927402254,,0.4903669882332369,0.49036698823323643,3.9788018619457124,,0.8074053777655119,,,,15.286793231964111,15.422721147537231,True,0.1429429054260254,0.006994009017944336,0.0,0.1429429054260254,Results/warm_start_cache/list_193_graphs_adjacency_listhog_v04-12_planar_clawFree__filehash_62ae5075/hog_idx000060_669f6899bb15_seed42_L1_M1_amplified.npz,15.421441316604614,2026-08-27 09:08:00,x86_64,dacsgpu0002,,64,64,3.11.15,0.24,False,False,False,False,,True,False,True,False,adam,False,hamqaoa,0.05,standard,1,1,42,scs,1e-06,100000,False,False,False,hog,False,False,False,False,False,False,True,1,HOG_graphs/Exp5/list_193_graphs_adjacency_listhog_v04-12_planar_clawFree.txt,True,Results/warm_start_cache,512,60,0,16,1,1,0,0,5,0,5,10,42,True,_Exp8_standardZeroAngles,1,42,42,60,"[(1, 6), (3, 5), (4, 6), (1, 2), (5, 6), (3, 4), (4, 5), (0, 2), (3, 6)]","[1.0, 1.0, 1.0, 1.0, 1.0, 1.0, 1.0, 1.0, 1.0]"
abfa097f,6,8,4,75.0,False,True,"[1, 1, 1]",4.366025403784441,4.999999977789887,4.999999977789887,,,2.6439634867189596,2.643963486718961,2.643963486718961,2.643963486718961,"[2.643963486718961, 2.420827152161438, 2.644642439528172, 2.6426618523652547, 2.60390154422378, 2.5957769415705245, 2.6079170553985636, 2.63237256791331, 2.663713981376965, 2.6979861260712803, 2.7420427933253846, 2.8115804368536406, 2.9100226588306164, 3.021193990094494, 3.113746033476407, 3.1565828850692013, 3.1398041290188723, 3.1100761967326465, 3.1168138230027735, 3.1453599732594295, 3.166916834088175, 3.185213732808028, 3.203315044755317, 3.215044941053564, 3.2237916611628727, 3.2330380551403075, 3.2469279939107816, 3.2589163112357347, 3.264608048142661, 3.2687824325356893, 3.275106792655552, 3.2812376867979123, 3.283109152801877, 3.284280185015756, 3.2889813560346326, 3.290627672039153, 3.2949312623146136, 3.2999795558062632, 3.3026979746129426, 3.3041282440154793, 3.304212187521848, 3.304726236437709, 3.307548868345713, 3.3122400521913753, 3.3166153931182465, 3.3226386869386135, 3.3278126635768355, 3.3341563534598184, 3.3425811328299053, 3.3528819210654044, 3.3653595809560004, 3.3791703167248723, 3.3926861689123986, 3.4062442219985245, 3.419172445538666, 3.432637613713523, 3.44763203537456, 3.4645899782705114, 3.483756266541713, 3.5036488121385485, 3.522370921714373, 3.5348246131236136, 3.5361140395113226, 3.5330529701069002, 3.536327276857586, 3.5477319694951337, 3.55720133887526, 3.555985863489972, 3.5480961711376366, 3.5427580518067727, 3.5452658515128017, 3.552041118067795, 3.5557593078325223, 3.554986661124491, 3.554528531067866, 3.559212069404349]",75,0.6055767528121095,,0.915248582685388,0.9152485826853893,3.559212069404349,,0.815206449856945,,,,33.31029796600342,33.47246956825256,True,0.16387653350830078,0.001682281494140625,0.0,0.16387653350830078,Results/warm_start_cache/list_193_graphs_adjacency_listhog_v04-12_planar_clawFree__filehash_62ae5075/hog_idx000045_8fba7133f891_seed42_L1_M1_amplified.npz,33.35325622558594,2026-08-27 09:08:04,x86_64,dacsgpu0002,,64,64,3.11.15,0.24,False,False,False,False,,True,False,True,False,adam,False,hamqaoa,0.05,standard,1,1,42,scs,1e-06,100000,False,False,False,hog,False,False,False,False,False,False,True,1,HOG_graphs/Exp5/list_193_graphs_adjacency_listhog_v04-12_planar_clawFree.txt,True,Results/warm_start_cache,512,60,0,16,1,1,0,0,5,0,5,10,42,True,_Exp8_standardZeroAngles,1,42,42,45,"[(0, 1), (2, 3), (3, 5), (3, 4), (1, 5), (4, 5), (2, 5), (2, 4)]","[1.0, 1.0, 1.0, 1.0, 1.0, 1.0, 1.0, 1.0]"
7fb23f77,6,8,5,75.0,False,True,"[1, 1, 1]",4.366025403784441,4.999999977789887,4.999999977789887,,,2.6439634867189596,2.643963486718961,2.643963486718961,2.643963486718961,"[2.643963486718961, 2.275333121002334, 2.633987321209941, 2.6349210587451597, 2.5789166680206144, 2.5689268920147157, 2.5897389388108274, 2.6314921983660975, 2.686369222335193, 2.7512777778608717, 2.838685235062291, 2.9409630890871257, 3.050305397334071, 3.116167086520586, 3.1290922940041903, 3.108584244343984, 3.1080182354724903, 3.111953003836241, 3.1301803135634665, 3.166845810517054, 3.1967694312101944, 3.2158450379952552, 3.2255489252886664, 3.2326029452745337, 3.241655167129188, 3.2437676210149453, 3.245990132706442, 3.2610249250951897, 3.2786923443742504, 3.2928940856578115, 3.3082761843401727, 3.315220125201465, 3.3237793678614644, 3.3318964399235718, 3.3408094628117233, 3.3590912240752013, 3.375184518366658, 3.393390525168109, 3.4110356142523046, 3.42536451653437, 3.4407481081582905, 3.454912760840896, 3.4691862886467226, 3.4833175392686253, 3.4933015440374686, 3.50167081335609, 3.5076530329067075, 3.514894987127492, 3.5230039946853773, 3.533682013809363, 3.5430557503165367, 3.5480849753568973, 3.550299897411408, 3.55359336031855, 3.5584714699427806, 3.559280271271209, 3.5555915597680605, 3.552465980852526, 3.5535357350913164, 3.558782935992168, 3.5642466980154075, 3.5667089983292852, 3.56683068639198, 3.5673106244169297, 3.568112110682915, 3.567971084254185, 3.5671804524240525, 3.5673650486229804, 3.569517142787265, 3.571949205450496, 3.572959796415962, 3.572695343274797, 3.5730751685182995, 3.5740247978034008, 3.574554618942434, 3.574740016271903]",75,0.6055767528121095,,0.9307765295529422,0.9307765295529435,3.574740016271903,,0.8187629905161209,,,,41.858503580093384,42.01377511024475,True,0.16387653350830078,0.008584022521972656,0.0,0.16387653350830078,Results/warm_start_cache/list_193_graphs_adjacency_listhog_v04-12_planar_clawFree__filehash_62ae5075/hog_idx000045_8fba7133f891_seed42_L1_M1_amplified.npz,41.92418718338013,2026-08-27 09:08:18,x86_64,dacsgpu0002,,64,64,3.11.15,0.24,False,False,False,False,,True,False,True,False,adam,False,hamqaoa,0.05,standard,1,1,42,scs,1e-06,100000,False,False,False,hog,False,False,False,False,False,False,True,1,HOG_graphs/Exp5/list_193_graphs_adjacency_listhog_v04-12_planar_clawFree.txt,True,Results/warm_start_cache,512,60,0,16,1,1,0,0,5,0,5,10,42,True,_Exp8_standardZeroAngles,1,42,42,45,"[(0, 1), (2, 3), (3, 5), (3, 4), (1, 5), (4, 5), (2, 5), (2, 4)]","[1.0, 1.0, 1.0, 1.0, 1.0, 1.0, 1.0, 1.0]"
ff02510a,10,10,1,75.0,False,True,"[1, 1, 1]",6.653590734329948,8.874999999816625,8.874999999816625,,,4.60481752482255,4.604817524822551,4.604817524822553,4.604817524822553,"[4.604817524822553, 4.550814086601424, 4.601634566238824, 4.594305230920725, 4.57663872988344, 4.582046062951906, 4.596177683902268, 4.604383565030044, 4.6033023179772785, 4.597909030616174, 4.594586651906673, 4.595634584853787, 4.599327849482081, 4.602940918160785, 4.604858551916882, 4.604936026979341, 4.603917610912796, 4.602737884467081, 4.60203914241126, 4.60199916819331, 4.602455205523737, 4.603154422266818, 4.603912701900789, 4.6046053092141666, 4.605110381265525, 4.605341470646398, 4.60532838052379, 4.605198794774272, 4.605059400522383, 4.604939635587694, 4.604854995020408, 4.60485387579384, 4.604957801925887, 4.605113022386007, 4.605254380557508, 4.605375326458923, 4.605489079017081, 4.605571457646789, 4.605598297540264, 4.605594073862478, 4.605588434822318, 4.605572442817512, 4.605540580234291, 4.605517667501589, 4.605514366682557, 4.605513449958974, 4.605513532655576, 4.605528305519581, 4.605550014032219, 4.60556393054857, 4.605576185609911, 4.605591020173837, 4.605597318708673, 4.605594712774588, 4.605592981236854, 4.605589452436324, 4.6055806240782236, 4.605574496963523, 4.605573108006516, 4.605571388979982, 4.605572267243923, 4.605578380281169, 4.605584506938227, 4.605590021799945, 4.60559735300308, 4.605603106313901, 4.605605989948102, 4.605608798045622, 4.605610327898167, 4.6056098205731315, 4.6056099195267715, 4.605610386480911, 4.605610369044057, 4.605611634055356, 4.605613720153972, 4.605615426109974]",75,0.6920800675436014,,0.000797901287422853,0.0007979012874246294,4.605615426109974,,0.6921999879473777,,,,175.08997583389282,175.30621027946472,True,0.21776533126831055,0.0015146732330322266,0.0,0.21776533126831055,Results/warm_start_cache/list_193_graphs_adjacency_listhog_v04-12_planar_clawFree__filehash_62ae5075/hog_idx000013_4ebdf67954a2_seed42_L1_M1_amplified.npz,175.11637139320374,2026-08-27 09:09:39,x86_64,dacsgpu0002,,64,64,3.11.15,0.52,False,False,False,False,,True,True,True,False,adam,False,hamqaoa,0.05,standard,1,1,42,scs,1e-06,100000,False,False,False,hog,False,False,False,False,False,False,True,1,HOG_graphs/Exp5/list_193_graphs_adjacency_listhog_v04-12_planar_clawFree.txt,True,Results/warm_start_cache,512,60,0,16,1,1,0,0,5,0,5,10,42,True,_Exp8_standardZeroAngles,1,42,42,13,"[(8, 9), (2, 9), (6, 8), (5, 6), (3, 4), (2, 8), (4, 5), (0, 9), (3, 7), (1, 7)]","[1.0, 1.0, 1.0, 1.0, 1.0, 1.0, 1.0, 1.0, 1.0, 1.0]"
3c3a618b,10,11,1,75.0,False,True,"[1, 1, 1]",7.11322666711069,9.702196866461835,9.702196866461835,,,5.035118107802792,5.035118107802791,5.035118107802791,5.035118107802791,"[5.035118107802791, 4.979935777488802, 5.031777987977912, 5.024640452851983, 5.006945406018089, 5.0125449077658955, 5.0266539007803726, 5.034637703025635, 5.033583891917557, 5.028462291123969, 5.025055353473574, 5.025500306701035, 5.02857225042057, 5.032048789085296, 5.034386321447364, 5.035125719791356, 5.034593520144602, 5.033477932984986, 5.032488608781559, 5.032101447748747, 5.032414749246578, 5.0331797158137395, 5.034006075685728, 5.034614413078189, 5.034955259174148, 5.035106930868013, 5.035105908395076, 5.0349413659346895, 5.034682932195764, 5.034489878183089, 5.034449898724462, 5.0345038610212764, 5.034579177285341, 5.034697083508883, 5.034879771919738, 5.035056194032146, 5.035154107832136, 5.035199710515025, 5.0352382862045015, 5.035244317205205, 5.035195034938692, 5.035140148692008, 5.035119765354834, 5.035109007734128, 5.03509649847101, 5.035113990903581, 5.03515966102338, 5.035196097045964, 5.035223062669731, 5.035258348606511, 5.035283956848017, 5.035285791819, 5.035284592445245, 5.035285657044321, 5.035274917333397, 5.035262901667627, 5.035262583714408, 5.035262503927964, 5.035261680860612, 5.035271006365601, 5.035282466000984, 5.035289368867561, 5.035299552088588, 5.035309465588844, 5.035312522537422, 5.035315400951724, 5.035318118603702, 5.035316066602231, 5.035314890075897, 5.0353157416614, 5.035314830143923, 5.035316124883424, 5.035319750150014, 5.035322209778776, 5.035326018510012, 5.035330597713407]",75,0.7078528976285241,,0.00021248991061550981,0.00021248991061462164,5.035330597713407,,0.7078827701351319,,,,176.19059252738953,176.4139266014099,True,0.22503900527954102,0.0016851425170898438,0.0,0.22503900527954102,Results/warm_start_cache/list_193_graphs_adjacency_listhog_v04-12_planar_clawFree__filehash_62ae5075/hog_idx000160_47581192dbe1_seed42_L1_M1_amplified.npz,176.21383261680603,2026-08-27 09:09:40,x86_64,dacsgpu0002,,64,64,3.11.15,0.52,False,False,False,False,,True,True,True,False,adam,False,hamqaoa,0.05,standard,1,1,42,scs,1e-06,100000,False,False,False,hog,False,False,False,False,False,False,True,1,HOG_graphs/Exp5/list_193_graphs_adjacency_listhog_v04-12_planar_clawFree.txt,True,Results/warm_start_cache,512,60,0,16,1,1,0,0,5,0,5,10,42,True,_Exp8_standardZeroAngles,1,42,42,160,"[(8, 9), (1, 3), (0, 1), (3, 5), (7, 9), (4, 6), (6, 8), (7, 8), (5, 9), (0, 2), (2, 4)]","[1.0, 1.0, 1.0, 1.0, 1.0, 1.0, 1.0, 1.0, 1.0, 1.0, 1.0]"
12433026,10,10,2,75.0,False,True,"[1, 1, 1]",6.653590734329948,8.874999999816625,8.874999999816625,,,4.60481752482255,4.604817524822551,4.604817524822553,4.604817524822553,"[4.604817524822553, 4.391459419225305, 4.591993897010006, 4.564391789261223, 4.50184551555012, 4.5223775008618325, 4.572402003880833, 4.602397233948422, 4.602571234620461, 4.587818097771086, 4.575580142204551, 4.574745631329909, 4.585269465851935, 4.602304931486307, 4.620439026158583, 4.637508269429143, 4.658704253501589, 4.6991355355706785, 4.77844620365707, 4.90235066038465, 5.041237796218014, 5.137726047765365, 5.153295941259073, 5.110228670476986, 5.075420253575549, 5.097993241928831, 5.1722543699719665, 5.253108482664974, 5.304072123869608, 5.319474383114136, 5.316757435156351, 5.308695674874033, 5.299101926850611, 5.292169196576251, 5.291915552489531, 5.299971792250754, 5.311951904156339, 5.317887920946822, 5.313986166167377, 5.305039061646207, 5.29930957538299, 5.2987775510838, 5.3014439597348835, 5.307827604267425, 5.318346947629464, 5.330081265671413, 5.337992128659476, 5.340986602640465, 5.341319017653134, 5.341837572197341, 5.343255127719915, 5.344836448578872, 5.3462246252531, 5.346991370022322, 5.346521896394222, 5.344465352362064, 5.34161593378817, 5.340009568012594, 5.340735034202717, 5.343022672531418, 5.345408697960788, 5.347064666776022, 5.3480580382740746, 5.348496686900804, 5.348546489170101, 5.348658171052471, 5.34916245136644, 5.349850690015804, 5.350104620130693, 5.349769136045779, 5.349217424929859, 5.348830208515504, 5.348680322582831, 5.348789718503639, 5.349205977289685, 5.349718282626146]",75,0.6920800675436014,,0.7449007578035944,0.7449007578035962,5.349718282626146,,0.8040347680273862,,,,196.50341796875,196.71944093704224,True,0.21776533126831055,0.0017242431640625,0.0,0.21776533126831055,Results/warm_start_cache/list_193_graphs_adjacency_listhog_v04-12_planar_clawFree__filehash_62ae5075/hog_idx000013_4ebdf67954a2_seed42_L1_M1_amplified.npz,196.52642488479614,2026-08-27 09:10:01,x86_64,dacsgpu0002,,64,64,3.11.15,0.76,False,False,False,False,,True,True,True,False,adam,False,hamqaoa,0.05,standard,1,1,42,scs,1e-06,100000,False,False,False,hog,False,False,False,False,False,False,True,1,HOG_graphs/Exp5/list_193_graphs_adjacency_listhog_v04-12_planar_clawFree.txt,True,Results/warm_start_cache,512,60,0,16,1,1,0,0,5,0,5,10,42,True,_Exp8_standardZeroAngles,1,42,42,13,"[(8, 9), (2, 9), (6, 8), (5, 6), (3, 4), (2, 8), (4, 5), (0, 9), (3, 7), (1, 7)]","[1.0, 1.0, 1.0, 1.0, 1.0, 1.0, 1.0, 1.0, 1.0, 1.0]"
ae31b4dc,10,11,2,75.0,False,True,"[1, 1, 1]",7.11322666711069,9.702196866461835,9.702196866461835,,,5.035118107802792,5.035118107802791,5.035118107802791,5.035118107802791,"[5.035118107802791, 4.810225663657727, 5.020960163039608, 4.9922847257839, 4.924384833461796, 4.945736172840109, 4.9998635170201675, 5.0323369497360355, 5.030476752940218, 5.011347664665868, 4.997095830552481, 4.998158695854737, 5.0110038276701925, 5.024473604680023, 5.029237692238164, 5.026014641840614, 5.0239376355903245, 5.0281324029717736, 5.033321448209837, 5.032258897237755, 5.0266472563861795, 5.024698246466819, 5.0286058595070795, 5.032056567905785, 5.030607332197853, 5.028281994780253, 5.030244010327252, 5.0342274901575825, 5.035140788494689, 5.033969028284721, 5.035579910320138, 5.040191378698977, 5.04439833590692, 5.048919350406343, 5.058841254742687, 5.077599292630157, 5.107790811365041, 5.158856936289392, 5.250200427312429, 5.391175300831366, 5.56168702142873, 5.712141711098403, 5.77513983847157, 5.719407557481621, 5.622993501186302, 5.5846030630440975, 5.610932169625442, 5.657830813809818, 5.699948936936164, 5.730604415976962, 5.750467478127517, 5.760894421534459, 5.7595121872410955, 5.7464223686483695, 5.729738719953518, 5.721055466916347, 5.726982342733017, 5.745757762274598, 5.769783760799236, 5.789637928909928, 5.797050400989049, 5.789813231606986, 5.775731987656208, 5.766529652794903, 5.767452713948964, 5.776401184824891, 5.7873759675108, 5.794556755444431, 5.79651810430291, 5.794931342802099, 5.791582488296562, 5.788672995343189, 5.788035349819294, 5.789410428489835, 5.791897937857078, 5.795259664781821]",75,0.7078528976285241,,0.76014155697903,0.7601415569790291,5.795259664781821,,0.8147160122954142,,,,204.4267237186432,204.64990043640137,True,0.22503900527954102,0.0018014907836914062,0.0,0.22503900527954102,Results/warm_start_cache/list_193_graphs_adjacency_listhog_v04-12_planar_clawFree__filehash_62ae5075/hog_idx000160_47581192dbe1_seed42_L1_M1_amplified.npz,204.4413285255432,2026-08-27 09:10:08,x86_64,dacsgpu0002,,64,64,3.11.15,0.76,False,False,False,False,,True,True,True,False,adam,False,hamqaoa,0.05,standard,1,1,42,scs,1e-06,100000,False,False,False,hog,False,False,False,False,False,False,True,1,HOG_graphs/Exp5/list_193_graphs_adjacency_listhog_v04-12_planar_clawFree.txt,True,Results/warm_start_cache,512,60,0,16,1,1,0,0,5,0,5,10,42,True,_Exp8_standardZeroAngles,1,42,42,160,"[(8, 9), (1, 3), (0, 1), (3, 5), (7, 9), (4, 6), (6, 8), (7, 8), (5, 9), (0, 2), (2, 4)]","[1.0, 1.0, 1.0, 1.0, 1.0, 1.0, 1.0, 1.0, 1.0, 1.0, 1.0]"
9079bbbf,10,10,3,75.0,False,True,"[1, 1, 1]",6.653590734329948,8.874999999816625,8.874999999816625,,,4.60481752482255,4.604817524822551,4.604817524822553,4.604817524822553,"[4.604817524822553, 4.155246094843638, 4.577696404210796, 4.524393079964739, 4.423644913211524, 4.479822746385905, 4.586586232121337, 4.661909224088622, 4.690314098966183, 4.706747610883905, 4.770033748247729, 4.913627238821441, 5.082167012435874, 5.147514432422161, 5.090980044368884, 5.076645572500715, 5.174419764472995, 5.3153046234242645, 5.428364257071649, 5.500525637850753, 5.550170051824136, 5.575044848710721, 5.561229687441482, 5.535810874446389, 5.535824147302337, 5.561917511373866, 5.591211277302094, 5.606374457770985, 5.607673533627986, 5.603888902216884, 5.603690854498778, 5.61220382407079, 5.6254336527639355, 5.633821938846538, 5.63445843840203, 5.634817366885006, 5.643509323654493, 5.6603336325326765, 5.676752680946796, 5.684666519499921, 5.683201497735104, 5.676889249655369, 5.670133873888957, 5.665872551192109, 5.666705501809728, 5.673484090998682, 5.683224239824489, 5.690932881600305, 5.694070525916716, 5.693909658594784, 5.692768551558424, 5.691974965080896, 5.692418289506272, 5.6947232666983165, 5.698094292214322, 5.700443208426194, 5.700610167961391, 5.699683531304977, 5.699507320825442, 5.700741518621764, 5.702861950659397, 5.7050468590803955, 5.70652258451259, 5.70683278570412, 5.706338072098989, 5.706014552067245, 5.706430712688353, 5.707268209347221, 5.707963883207588, 5.708368402091696, 5.708627333936275, 5.7088597037894235, 5.709157814538633, 5.709579678507439, 5.709994187220701, 5.710193313843966]",75,0.6920800675436014,,1.1053757890214149,1.1053757890214166,5.710193313843966,,0.8582122859438263,,,,215.0801658630371,215.29645562171936,True,0.21776533126831055,0.0014636516571044922,0.0,0.21776533126831055,Results/warm_start_cache/list_193_graphs_adjacency_listhog_v04-12_planar_clawFree__filehash_62ae5075/hog_idx000013_4ebdf67954a2_seed42_L1_M1_amplified.npz,215.09695386886597,2026-08-27 09:10:19,x86_64,dacsgpu0002,,64,64,3.11.15,1.0,False,False,False,False,,True,True,True,False,adam,False,hamqaoa,0.05,standard,1,1,42,scs,1e-06,100000,False,False,False,hog,False,False,False,False,False,False,True,1,HOG_graphs/Exp5/list_193_graphs_adjacency_listhog_v04-12_planar_clawFree.txt,True,Results/warm_start_cache,512,60,0,16,1,1,0,0,5,0,5,10,42,True,_Exp8_standardZeroAngles,1,42,42,13,"[(8, 9), (2, 9), (6, 8), (5, 6), (3, 4), (2, 8), (4, 5), (0, 9), (3, 7), (1, 7)]","[1.0, 1.0, 1.0, 1.0, 1.0, 1.0, 1.0, 1.0, 1.0, 1.0]"
c0be5c3e,10,10,4,75.0,False,True,"[1, 1, 1]",6.653590734329948,8.874999999816625,8.874999999816625,,,4.60481752482255,4.604817524822551,4.604817524822553,4.604817524822553,"[4.604817524822553, 3.882575960706754, 4.561634316184949, 4.488783168570942, 4.401461079968001, 4.556817241444182, 4.799939082158486, 4.977668632181503, 5.0035399897557395, 5.005052597518527, 5.0764954662188995, 5.143181905038585, 5.179024048936656, 5.254054799117904, 5.387430878805482, 5.508621754858631, 5.533203964663102, 5.48818756242197, 5.47262693578608, 5.5086183542083935, 5.552308325044058, 5.573978106338322, 5.581685378296144, 5.581537944364836, 5.576664800470148, 5.581236352451594, 5.602732463014869, 5.624623615407291, 5.630223029755467, 5.627332105439829, 5.630757824133741, 5.64088235118537, 5.650677062736823, 5.65916494614694, 5.666818020968763, 5.667880862729038, 5.660646992920726, 5.655573248735988, 5.661261866552891, 5.672798739090438, 5.681743985827397, 5.686706907843688, 5.688245407063015, 5.685623359525096, 5.682446954443385, 5.683956983320514, 5.688715072369396, 5.691707334365921, 5.692659893624503, 5.694067220565442, 5.695761885947364, 5.697179783823723, 5.69894737243384, 5.700084558322713, 5.699744721021941, 5.700036548866761, 5.702354714060405, 5.70496952090524, 5.7065830698859585, 5.707411994343826, 5.707417822480628, 5.707410580912534, 5.708901292624176, 5.711265056577126, 5.712934376784619, 5.714011517594194, 5.714920195750104, 5.715618518061947, 5.716632001768331, 5.718145071313471, 5.719572687634424, 5.720913788033819, 5.722363700402729, 5.723594265944966, 5.724660094814031, 5.725900498315508]",75,0.6920800675436014,,1.1210829734929568,1.1210829734929586,5.725900498315508,,0.8605729938831497,,,,230.27346777915955,230.48988032341003,True,0.21776533126831055,0.0013346672058105469,0.0,0.21776533126831055,Results/warm_start_cache/list_193_graphs_adjacency_listhog_v04-12_planar_clawFree__filehash_62ae5075/hog_idx000013_4ebdf67954a2_seed42_L1_M1_amplified.npz,230.28710913658142,2026-08-27 09:10:34,x86_64,dacsgpu0002,,64,64,3.11.15,1.24,False,False,False,False,,True,True,True,False,adam,False,hamqaoa,0.05,standard,1,1,42,scs,1e-06,100000,False,False,False,hog,False,False,False,False,False,False,True,1,HOG_graphs/Exp5/list_193_graphs_adjacency_listhog_v04-12_planar_clawFree.txt,True,Results/warm_start_cache,512,60,0,16,1,1,0,0,5,0,5,10,42,True,_Exp8_standardZeroAngles,1,42,42,13,"[(8, 9), (2, 9), (6, 8), (5, 6), (3, 4), (2, 8), (4, 5), (0, 9), (3, 7), (1, 7)]","[1.0, 1.0, 1.0, 1.0, 1.0, 1.0, 1.0, 1.0, 1.0, 1.0]"
560dafd5,10,11,3,75.0,False,True,"[1, 1, 1]",7.11322666711069,9.702196866461835,9.702196866461835,,,5.035118107802792,5.035118107802791,5.035118107802791,5.035118107802791,"[5.035118107802791, 4.539365513397313, 5.002525513104903, 4.93632709283805, 4.801239361387704, 4.84983461631163, 4.960647302705067, 5.028566056406145, 5.027081645822466, 4.987682494731959, 4.960169226615709, 4.971534573429731, 5.006110794490812, 5.029392803202149, 5.028970283099865, 5.025980475793673, 5.040551569314319, 5.067454981167808, 5.093264913605638, 5.121789420993228, 5.175122832283959, 5.274261476135653, 5.428960839294909, 5.628750462195904, 5.829304808624623, 5.966745369865284, 6.010396944130629, 5.974107954811489, 5.899280790499939, 5.8382545519087286, 5.815965519235394, 5.822475612266137, 5.8405082068087895, 5.865324089471414, 5.897296872329434, 5.931102182693598, 5.965281497909261, 5.999225514333672, 6.027732415110025, 6.040720348207002, 6.032303445460982, 6.010810120315293, 5.994968842150345, 5.998807396486321, 6.020513538696158, 6.045033426264137, 6.057359598884863, 6.055428981448723, 6.0492539942101, 6.048325182266823, 6.053914354516268, 6.059617054406017, 6.059216223666684, 6.056120264034207, 6.058932731821061, 6.068414336422511, 6.0771885467931614, 6.080093635673995, 6.078918523546379, 6.07755520860792, 6.076963634053415, 6.07623135761418, 6.075773702562136, 6.077376003964121, 6.081282184669583, 6.084945562131496, 6.085766741843262, 6.084376097231331, 6.083639629999774, 6.084791053896615, 6.086521602797885, 6.0874983211351195, 6.088028303963721, 6.088830788961317, 6.089487341566923, 6.089180420733323]",75,0.7078528976285241,,1.0540623129305313,1.0540623129305304,6.089180420733323,,0.8560363258052448,,,,209.10732293128967,209.33069825172424,True,0.22503900527954102,0.0016498565673828125,0.0,0.22503900527954102,Results/warm_start_cache/list_193_graphs_adjacency_listhog_v04-12_planar_clawFree__filehash_62ae5075/hog_idx000160_47581192dbe1_seed42_L1_M1_amplified.npz,209.12061834335327,2026-08-27 09:10:36,x86_64,dacsgpu0002,,64,64,3.11.15,1.0,False,False,False,False,,True,True,True,False,adam,False,hamqaoa,0.05,standard,1,1,42,scs,1e-06,100000,False,False,False,hog,False,False,False,False,False,False,True,1,HOG_graphs/Exp5/list_193_graphs_adjacency_listhog_v04-12_planar_clawFree.txt,True,Results/warm_start_cache,512,60,0,16,1,1,0,0,5,0,5,10,42,True,_Exp8_standardZeroAngles,1,42,42,160,"[(8, 9), (1, 3), (0, 1), (3, 5), (7, 9), (4, 6), (6, 8), (7, 8), (5, 9), (0, 2), (2, 4)]","[1.0, 1.0, 1.0, 1.0, 1.0, 1.0, 1.0, 1.0, 1.0, 1.0, 1.0]"
7f399c0e,10,10,5,75.0,False,True,"[1, 1, 1]",6.653590734329948,8.874999999816625,8.874999999816625,,,4.60481752482255,4.604817524822551,4.604817524822553,4.604817524822553,"[4.604817524822553, 3.6160257979393537, 4.547504297852634, 4.4725705522356884, 4.470957692595589, 4.737001479117282, 4.95652719838825, 4.94226923387703, 4.911324040187428, 4.97868933199972, 5.0783568335488525, 5.157721458680398, 5.247593857896114, 5.37132953805139, 5.454417111955934, 5.4611031766556355, 5.476763045327219, 5.536723720071527, 5.571559654812765, 5.54231866725839, 5.51757922694222, 5.535892066831312, 5.568629157653457, 5.590843277739005, 5.6066623020902515, 5.610290754726678, 5.60301416396763, 5.610826784518101, 5.63973352851454, 5.6618203921144845, 5.659431539685772, 5.6487788318764185, 5.648382146975779, 5.658344519104289, 5.672358802707139, 5.682777655131828, 5.683304524210567, 5.680559974079949, 5.685563829186535, 5.694277356355149, 5.69691196469494, 5.6948189006517325, 5.693053056583541, 5.692894892438474, 5.696869669774208, 5.705248627270923, 5.710925042159186, 5.709311540449643, 5.705671881566065, 5.705342578805718, 5.708025865593695, 5.712346223345094, 5.715832619914691, 5.715946871545007, 5.715217539391378, 5.716831956138499, 5.718959781749534, 5.720140680796837, 5.72133013104815, 5.7218784217888246, 5.721975425698883, 5.723228276470918, 5.725116990889494, 5.72678518308135, 5.727990845741087, 5.728168880068055, 5.728261021637422, 5.729403130682385, 5.730900801998389, 5.7322169480469505, 5.733218655989359, 5.7337703972060785, 5.73461148384592, 5.735896520497068, 5.736974560807592, 5.737851610003112]",75,0.6920800675436014,,1.1330340851805607,1.1330340851805625,5.737851610003112,,0.8623691836646974,,,,233.7878770828247,234.0045313835144,True,0.21776533126831055,0.0010983943939208984,0.0,0.21776533126831055,Results/warm_start_cache/list_193_graphs_adjacency_listhog_v04-12_planar_clawFree__filehash_62ae5075/hog_idx000013_4ebdf67954a2_seed42_L1_M1_amplified.npz,233.7997374534607,2026-08-27 09:10:38,x86_64,dacsgpu0002,,64,64,3.11.15,1.47,False,False,False,False,,True,True,True,False,adam,False,hamqaoa,0.05,standard,1,1,42,scs,1e-06,100000,False,False,False,hog,False,False,False,False,False,False,True,1,HOG_graphs/Exp5/list_193_graphs_adjacency_listhog_v04-12_planar_clawFree.txt,True,Results/warm_start_cache,512,60,0,16,1,1,0,0,5,0,5,10,42,True,_Exp8_standardZeroAngles,1,42,42,13,"[(8, 9), (2, 9), (6, 8), (5, 6), (3, 4), (2, 8), (4, 5), (0, 9), (3, 7), (1, 7)]","[1.0, 1.0, 1.0, 1.0, 1.0, 1.0, 1.0, 1.0, 1.0, 1.0]"
fa2ba7f7,10,11,4,75.0,False,True,"[1, 1, 1]",7.11322666711069,9.702196866461835,9.702196866461835,,,5.035118107802792,5.035118107802791,5.035118107802791,5.035118107802791,"[5.035118107802791, 4.19337775518069, 4.976330180360916, 4.852335414571378, 4.656206859031556, 4.746092212507118, 4.91999140637792, 5.025482077453023, 5.020055504494655, 4.953634674654616, 4.922608697503029, 4.965422234769302, 5.031897561946524, 5.071863945948016, 5.100943172586568, 5.161311028206177, 5.253752543301544, 5.373450545603366, 5.538813677383412, 5.7412096620338895, 5.907427662000917, 5.944391053222439, 5.893234197669264, 5.8625556076271605, 5.869608986969718, 5.880432351299904, 5.874782359736174, 5.878651881421412, 5.909348555065282, 5.945522475778236, 5.964270767164981, 5.964184264099658, 5.9579744861847574, 5.962821043876557, 5.987488536267948, 6.018827214416648, 6.035789408405638, 6.03594859389674, 6.034377886253431, 6.0377879947813256, 6.039602184496653, 6.037570243545158, 6.0398727828592005, 6.051282285214224, 6.064875286949966, 6.072035791863393, 6.072685438595069, 6.0724711500364705, 6.074740685139319, 6.078338967425509, 6.081226773951837, 6.08347117601902, 6.086409700459914, 6.090407928106194, 6.094143568722537, 6.095739352751645, 6.095120832653344, 6.094901566645408, 6.097300925693125, 6.101002299594071, 6.103433140826879, 6.1047847690634685, 6.106962553714435, 6.110011926994934, 6.112425055662064, 6.114090081171325, 6.1164476480097925, 6.11994481947938, 6.123435879012702, 6.126245305623276, 6.129033033082397, 6.132376297617904, 6.136107825047529, 6.140134938356697, 6.144539965658677, 6.149086250973352]",75,0.7078528976285241,,1.1139681431705606,1.1139681431705597,6.149086250973352,,0.8644580777110311,,,,217.63747930526733,217.86091661453247,True,0.22503900527954102,0.001589059829711914,0.0,0.22503900527954102,Results/warm_start_cache/list_193_graphs_adjacency_listhog_v04-12_planar_clawFree__filehash_62ae5075/hog_idx000160_47581192dbe1_seed42_L1_M1_amplified.npz,217.65303754806519,2026-08-27 09:10:45,x86_64,dacsgpu0002,,64,64,3.11.15,1.24,False,False,False,False,,True,True,True,False,adam,False,hamqaoa,0.05,standard,1,1,42,scs,1e-06,100000,False,False,False,hog,False,False,False,False,False,False,True,1,HOG_graphs/Exp5/list_193_graphs_adjacency_listhog_v04-12_planar_clawFree.txt,True,Results/warm_start_cache,512,60,0,16,1,1,0,0,5,0,5,10,42,True,_Exp8_standardZeroAngles,1,42,42,160,"[(8, 9), (1, 3), (0, 1), (3, 5), (7, 9), (4, 6), (6, 8), (7, 8), (5, 9), (0, 2), (2, 4)]","[1.0, 1.0, 1.0, 1.0, 1.0, 1.0, 1.0, 1.0, 1.0, 1.0, 1.0]"
b6911144,10,11,5,75.0,False,True,"[1, 1, 1]",7.11322666711069,9.702196866461835,9.702196866461835,,,5.035118107802792,5.035118107802791,5.035118107802791,5.035118107802791,"[5.035118107802791, 3.806452949354114, 4.942167597376428, 4.733234619662762, 4.508416697446105, 4.654196632285131, 4.892027045646125, 5.0274281106785885, 5.000969997262842, 4.906413540481107, 4.902932024102674, 5.005985775234838, 5.124717451655483, 5.21709750444118, 5.30222244090407, 5.437319673040899, 5.651065225522837, 5.8663886690475096, 5.9452708967774, 5.899364723928223, 5.828608633883421, 5.796160992550129, 5.816157319427808, 5.86461862251367, 5.9083794088732615, 5.936794846161575, 5.961086591752616, 5.9738640396748, 5.963818648084605, 5.950027411275797, 5.958793866033032, 5.9935648412575935, 6.034011264457259, 6.05228149442825, 6.040970174944149, 6.0247414083403985, 6.025380432847398, 6.036213052107575, 6.044431928806346, 6.051264186539344, 6.063207237045511, 6.077569104571133, 6.084735610650285, 6.081677080665256, 6.0761001796210765, 6.075836397276347, 6.082012390434456, 6.092280961323182, 6.10250480454064, 6.1074208794191955, 6.1067299327929465, 6.106700775541989, 6.110969708738665, 6.11649809280354, 6.120584592375625, 6.124737012223298, 6.130221249194213, 6.135173415606652, 6.138176276700059, 6.141114824171772, 6.1461078436224765, 6.152429598834394, 6.158020208631999, 6.1617500886939816, 6.164186124815777, 6.167202649344237, 6.171756824327052, 6.176596658141764, 6.1804553032792935, 6.183811492425174, 6.187080787653968, 6.189336039748974, 6.190095259310379, 6.190328591655945, 6.19086758355135, 6.191358741535707]",75,0.7078528976285241,,1.1562406337329154,1.1562406337329145,6.191358741535707,,0.8704008787126932,,,,216.740229845047,216.9593379497528,True,0.22503900527954102,0.0059168338775634766,0.0,0.22503900527954102,Results/warm_start_cache/list_193_graphs_adjacency_listhog_v04-12_planar_clawFree__filehash_62ae5075/hog_idx000160_47581192dbe1_seed42_L1_M1_amplified.npz,216.77595472335815,2026-08-27 09:10:51,x86_64,dacsgpu0002,,64,64,3.11.15,1.47,False,False,False,False,,True,True,True,False,adam,False,hamqaoa,0.05,standard,1,1,42,scs,1e-06,100000,False,False,False,hog,False,False,False,False,False,False,True,1,HOG_graphs/Exp5/list_193_graphs_adjacency_listhog_v04-12_planar_clawFree.txt,True,Results/warm_start_cache,512,60,0,16,1,1,0,0,5,0,5,10,42,True,_Exp8_standardZeroAngles,1,42,42,160,"[(8, 9), (1, 3), (0, 1), (3, 5), (7, 9), (4, 6), (6, 8), (7, 8), (5, 9), (0, 2), (2, 4)]","[1.0, 1.0, 1.0, 1.0, 1.0, 1.0, 1.0, 1.0, 1.0, 1.0, 1.0]"
3db4f00c,6,9,1,75.0,False,True,"[1, 1, 1]",4.850781059358218,6.247642935772262,6.247642935772262,,,3.5473096376048776,3.547309637604877,3.547309637604877,3.547309637604877,"[3.547309637604877, 3.5147155671639045, 3.5450504480808336, 3.540787624522157, 3.5293924978181352, 3.5336055089509184, 3.543231714620559, 3.5472490382603032, 3.5438338766478092, 3.539275479094121, 3.539080188833774, 3.542703202167393, 3.546369289974851, 3.5472076258514775, 3.545372722715562, 3.543355196982621, 3.5432387733176687, 3.5449305130427824, 3.546817827527452, 3.547463221412001, 3.546732041205931, 3.5456528106557164, 3.545329678200062, 3.5460064949910146, 3.547049705999815, 3.5476328395739567, 3.5474411603470255, 3.546856917216138, 3.5465292232172234, 3.5467675341175084, 3.5473323860713597, 3.547741477077559, 3.547727183543173, 3.547430897525802, 3.547209448876548, 3.5472846202628316, 3.547573522393229, 3.54781657142559, 3.5478365143974915, 3.547682059967725, 3.547547055456697, 3.547571027218628, 3.5477221965981554, 3.5478563859629975, 3.547868022473224, 3.547780654795097, 3.5477046268762744, 3.5477205015677584, 3.5478071297460554, 3.547876362253176, 3.5478688233659175, 3.5478102221586356, 3.547774291298922, 3.5477994515882503, 3.54785353927307, 3.5478789692666575, 3.5478580427278676, 3.547824877356809, 3.5478200990073656, 3.547846646666491, 3.5478733178543056, 3.547873996973565, 3.5478549653590603, 3.547843156220546, 3.547853195274981, 3.5478725694314273, 3.547879649171487, 3.54787023960401, 3.5478602878096352, 3.5478638705092593, 3.547876258394524, 3.547882547483771, 3.5478777226206155, 3.5478712965688737, 3.5478728934418333, 3.5478802918632337]",75,0.7312862803323891,,0.0005706542583565621,0.000570654258356118,3.5478802918632337,,0.731403922058819,,,,3.7714171409606934,3.9444644451141357,True,0.17404389381408691,0.0009808540344238281,0.0,0.17404389381408691,Results/warm_start_cache/list_193_graphs_adjacency_listhog_v04-12_planar_clawFree__filehash_62ae5075/hog_idx000144_c88e837647ba_seed42_L1_M1_amplified.npz,3.793684959411621,2026-08-27 09:14:17,x86_64,dacsgpu0002,,64,64,3.11.15,0.22,False,False,False,False,,True,False,True,False,adam,False,hamqaoa,0.05,standard,1,1,42,scs,1e-06,100000,False,False,False,hog,False,False,False,False,False,False,True,1,HOG_graphs/Exp5/list_193_graphs_adjacency_listhog_v04-12_planar_clawFree.txt,True,Results/warm_start_cache,512,60,0,16,1,1,0,0,5,0,5,10,42,True,_Exp8_standardZeroAngles,1,42,42,144,"[(0, 1), (2, 3), (3, 5), (3, 4), (1, 5), (2, 5), (0, 5), (1, 4), (2, 4)]","[1.0, 1.0, 1.0, 1.0, 1.0, 1.0, 1.0, 1.0, 1.0]"
68738cc5,7,15,1,75.0,False,True,"[1, 1, 1]",6.809016994374959,8.856762664397092,8.856762664397092,,,5.320161774628937,5.320161774628936,5.320161774628933,5.320161774628933,"[5.320161774628933, 5.317649984123562, 5.323752509359092, 5.329527812411871, 5.3363090024875754, 5.3425953502009484, 5.349497388582355, 5.356525352563841, 5.361033485410128, 5.362705289698707, 5.365245900405344, 5.368606774837534, 5.370086449433594, 5.369354753181917, 5.369287075326212, 5.37040081670431, 5.37033109992067, 5.368886474553594, 5.368470972155836, 5.369218109888593, 5.3690092506886264, 5.367836998821495, 5.367671003007654, 5.368339100221622, 5.368289695725531, 5.367800886913639, 5.368035846574647, 5.368576984597346, 5.368608987239863, 5.3686163584577935, 5.3691247362658645, 5.369582759133581, 5.369626914316067, 5.369793689542395, 5.370291568071769, 5.37061516619626, 5.370631378221822, 5.370750265953143, 5.371033477294239, 5.371162169893796, 5.371112246659281, 5.3711220462876135, 5.3711885365714345, 5.371157571495954, 5.371069090925234, 5.371038548740871, 5.371026650929093, 5.370969997401873, 5.370928626922369, 5.370948833699095, 5.370968516686426, 5.370961237515712, 5.37098987301704, 5.371057426034714, 5.371095624692472, 5.3711092536994425, 5.371153983013859, 5.3712054960361355, 5.371214602101021, 5.371213718158446, 5.371236538507298, 5.371245930530695, 5.371229376208915, 5.371223440151476, 5.371226098400159, 5.3712152046724935, 5.371206198258742, 5.371206788163111, 5.371203322622527, 5.371202390922697, 5.371209200648004, 5.371211345146059, 5.3712140136838045, 5.371224748905884, 5.371230717402388, 5.371232093781326]",75,0.7813406515248837,,0.05107031915239002,0.05107031915238913,5.371232093781326,,0.788841046838125,,,,5.2026355266571045,5.347151756286621,True,0.14580059051513672,0.0012679100036621094,0.0,0.14580059051513672,Results/warm_start_cache/list_193_graphs_adjacency_listhog_v04-12_planar_clawFree__filehash_62ae5075/hog_idx000077_4c0bd1a76694_seed42_L1_M1_amplified.npz,5.225761413574219,2026-08-27 09:14:18,x86_64,dacsgpu0002,,64,64,3.11.15,0.23,False,False,False,False,,True,False,True,False,adam,False,hamqaoa,0.05,standard,1,1,42,scs,1e-06,100000,False,False,False,hog,False,False,False,False,False,False,True,1,HOG_graphs/Exp5/list_193_graphs_adjacency_listhog_v04-12_planar_clawFree.txt,True,Results/warm_start_cache,512,60,0,16,1,1,0,0,5,0,5,10,42,True,_Exp8_standardZeroAngles,1,42,42,77,"[(1, 3), (0, 1), (1, 6), (2, 6), (3, 5), (4, 6), (0, 6), (3, 4), (1, 5), (4, 5), (2, 5), (0, 5), (0, 2), (3, 6), (2, 4)]","[1.0, 1.0, 1.0, 1.0, 1.0, 1.0, 1.0, 1.0, 1.0, 1.0, 1.0, 1.0, 1.0, 1.0, 1.0]"
6da0221c,6,9,2,75.0,False,True,"[1, 1, 1]",4.850781059358218,6.247642935772262,6.247642935772262,,,3.5473096376048776,3.547309637604877,3.547309637604877,3.547309637604877,"[3.547309637604877, 3.417590075709836, 3.538120812640436, 3.5207652898004813, 3.478083047230458, 3.49383520266037, 3.530455960739607, 3.5476025954545922, 3.5371618395545164, 3.5204240360396652, 3.5165472989207136, 3.526224368957789, 3.5396157813711904, 3.5470948784752347, 3.5457187973315114, 3.5399915936685455, 3.5365982003960665, 3.53839155806499, 3.5433000232791154, 3.547416733928741, 3.5484680619872364, 3.5470172363101624, 3.5452549147945547, 3.5450110608753964, 3.546433030869959, 3.548441088354393, 3.5500932114616264, 3.5511562537382244, 3.551735403862837, 3.5521294023891827, 3.5529603382208834, 3.5547955258245585, 3.557344231391248, 3.5595474409223224, 3.560937670172577, 3.562453253434658, 3.5651365681103013, 3.56831722390078, 3.5707373412446723, 3.571944186607962, 3.572785428310244, 3.573929545353858, 3.5748607781594504, 3.5742302378580026, 3.5727685499912996, 3.572694974739444, 3.573201585495024, 3.5726027344152302, 3.5724869097844176, 3.5739721638326034, 3.5753561384049695, 3.5760270918791695, 3.5770708156792344, 3.5785520847449934, 3.579687566174225, 3.5804090856165534, 3.5811510171636205, 3.5820255987839613, 3.5829074683048274, 3.5838204374039258, 3.5848827413070268, 3.5861146224232954, 3.5874100497378647, 3.588646079208581, 3.589844683023116, 3.591034303814941, 3.592027815518214, 3.5928412300574575, 3.593704621021276, 3.594326793438854, 3.5945832285039874, 3.5947217485846834, 3.594628072372435, 3.5946212148318955, 3.5945902619208976, 3.5946578084287926]",75,0.7312862803323891,,0.0473481708239154,0.04734817082391496,3.5946578084287926,,0.741047217848332,,,,7.691820383071899,7.863903760910034,True,0.17404389381408691,0.001947641372680664,0.0,0.17404389381408691,Results/warm_start_cache/list_193_graphs_adjacency_listhog_v04-12_planar_clawFree__filehash_62ae5075/hog_idx000144_c88e837647ba_seed42_L1_M1_amplified.npz,7.708660125732422,2026-08-27 09:14:21,x86_64,dacsgpu0002,,64,64,3.11.15,0.23,False,False,False,False,,True,False,True,False,adam,False,hamqaoa,0.05,standard,1,1,42,scs,1e-06,100000,False,False,False,hog,False,False,False,False,False,False,True,1,HOG_graphs/Exp5/list_193_graphs_adjacency_listhog_v04-12_planar_clawFree.txt,True,Results/warm_start_cache,512,60,0,16,1,1,0,0,5,0,5,10,42,True,_Exp8_standardZeroAngles,1,42,42,144,"[(0, 1), (2, 3), (3, 5), (3, 4), (1, 5), (2, 5), (0, 5), (1, 4), (2, 4)]","[1.0, 1.0, 1.0, 1.0, 1.0, 1.0, 1.0, 1.0, 1.0]"
7e849282,7,15,2,75.0,False,True,"[1, 1, 1]",6.809016994374959,8.856762664397092,8.856762664397092,,,5.320161774628937,5.320161774628936,5.320161774628933,5.320161774628933,"[5.320161774628933, 5.2855956133348, 5.320608085439009, 5.325823169756307, 5.32087682891027, 5.33427628203215, 5.3544572493011895, 5.361182739616307, 5.352423510215356, 5.352764824401342, 5.366643485845148, 5.375769894278771, 5.372926876865198, 5.375948253046959, 5.3923173334008245, 5.416109169373627, 5.4474489410334375, 5.4934499399626935, 5.547906319555305, 5.594758706714141, 5.640332742376416, 5.668157646104743, 5.6622104233480615, 5.6393583625504, 5.62527051597343, 5.631997027606229, 5.648812368592562, 5.661659691151398, 5.672573454208972, 5.687321414784072, 5.697456260182048, 5.690852533643984, 5.6745052117480395, 5.666888359182316, 5.672444946468701, 5.681261284335213, 5.6849768308687585, 5.68613260280495, 5.6906230340556485, 5.697555677663249, 5.701433328959277, 5.700158895086333, 5.697166604043584, 5.695795413182772, 5.6959088156370346, 5.69664775756467, 5.698450515347795, 5.701260825499748, 5.703507255348258, 5.703651333210617, 5.701895658119727, 5.700020014849597, 5.699618638938911, 5.700795838016095, 5.702569631483675, 5.704065185544511, 5.704986330793903, 5.705227967046805, 5.704695493330817, 5.703751934425983, 5.703216230363337, 5.703492616961081, 5.70415559218045, 5.704627107603703, 5.704835647340306, 5.705009335094963, 5.705165375126029, 5.705128271454519, 5.70492545516892, 5.704833995726666, 5.704991945461372, 5.705233653690412, 5.705382680911276, 5.705455426669017, 5.705478850444092, 5.705383381238738]",75,0.7813406515248837,,0.385221606609802,0.3852216066098011,5.705383381238738,,0.8379158674375536,,,,9.246248722076416,9.389912605285645,True,0.14580059051513672,0.0021228790283203125,0.0,0.14580059051513672,Results/warm_start_cache/list_193_graphs_adjacency_listhog_v04-12_planar_clawFree__filehash_62ae5075/hog_idx000077_4c0bd1a76694_seed42_L1_M1_amplified.npz,9.261855602264404,2026-08-27 09:14:22,x86_64,dacsgpu0002,,64,64,3.11.15,0.24,False,False,False,False,,True,False,True,False,adam,False,hamqaoa,0.05,standard,1,1,42,scs,1e-06,100000,False,False,False,hog,False,False,False,False,False,False,True,1,HOG_graphs/Exp5/list_193_graphs_adjacency_listhog_v04-12_planar_clawFree.txt,True,Results/warm_start_cache,512,60,0,16,1,1,0,0,5,0,5,10,42,True,_Exp8_standardZeroAngles,1,42,42,77,"[(1, 3), (0, 1), (1, 6), (2, 6), (3, 5), (4, 6), (0, 6), (3, 4), (1, 5), (4, 5), (2, 5), (0, 5), (0, 2), (3, 6), (2, 4)]","[1.0, 1.0, 1.0, 1.0, 1.0, 1.0, 1.0, 1.0, 1.0, 1.0, 1.0, 1.0, 1.0, 1.0, 1.0]"
e67de005,6,9,3,75.0,False,True,"[1, 1, 1]",4.850781059358218,6.247642935772262,6.247642935772262,,,3.5473096376048776,3.547309637604877,3.547309637604877,3.547309637604877,"[3.547309637604877, 3.2716722122138457, 3.526634391964958, 3.486165189150197, 3.4025333222972094, 3.4414308773900117, 3.5184841789357355, 3.5479687562682654, 3.5238293686582103, 3.4960621060130994, 3.49139146883609, 3.5060165267787133, 3.525748682191448, 3.538389669900506, 3.5407671980653044, 3.5395186912755228, 3.543111217000271, 3.553370695536418, 3.567432256793792, 3.5883699953742254, 3.6306647263338707, 3.708659814683667, 3.812249586094943, 3.8961129199655025, 3.9338464332940526, 3.950586467108642, 3.9644860640279904, 3.9718023511219323, 3.964408620269704, 3.9525589395047738, 3.954362400077382, 3.9701616471745833, 3.984741472572831, 3.9917282524781434, 3.998210716705202, 4.013998116911725, 4.036259481197928, 4.049293364076569, 4.045374937872627, 4.032081515064016, 4.022139236062881, 4.021259800597471, 4.026266380479163, 4.033413543957695, 4.042889012341062, 4.054228115941195, 4.062904204090392, 4.063762846937699, 4.057084583426653, 4.049593302714333, 4.047260791825152, 4.050096174681456, 4.054686647319269, 4.058641418179671, 4.061606619539679, 4.06346113231724, 4.06364476579677, 4.062466090696364, 4.061335209116841, 4.061116293270457, 4.06139422270222, 4.061647812569388, 4.062266985885409, 4.063633073740586, 4.065002349550895, 4.065393824748976, 4.064895210047129, 4.064381819029318, 4.064267047116778, 4.064412911054974, 4.064786404850107, 4.06542741624909, 4.066029746056624, 4.066180606251849, 4.065968760581011, 4.065809076329615]",75,0.7312862803323891,,0.5184994387247381,0.5184994387247377,4.065809076329615,,0.8381761672145107,,,,12.187534093856812,12.360000133514404,True,0.17404389381408691,0.0015637874603271484,0.0,0.17404389381408691,Results/warm_start_cache/list_193_graphs_adjacency_listhog_v04-12_planar_clawFree__filehash_62ae5075/hog_idx000144_c88e837647ba_seed42_L1_M1_amplified.npz,12.23708462715149,2026-08-27 09:14:25,x86_64,dacsgpu0002,,64,64,3.11.15,0.23,False,False,False,False,,True,False,True,False,adam,False,hamqaoa,0.05,standard,1,1,42,scs,1e-06,100000,False,False,False,hog,False,False,False,False,False,False,True,1,HOG_graphs/Exp5/list_193_graphs_adjacency_listhog_v04-12_planar_clawFree.txt,True,Results/warm_start_cache,512,60,0,16,1,1,0,0,5,0,5,10,42,True,_Exp8_standardZeroAngles,1,42,42,144,"[(0, 1), (2, 3), (3, 5), (3, 4), (1, 5), (2, 5), (0, 5), (1, 4), (2, 4)]","[1.0, 1.0, 1.0, 1.0, 1.0, 1.0, 1.0, 1.0, 1.0]"
b6036dbf,7,15,3,75.0,False,True,"[1, 1, 1]",6.809016994374959,8.856762664397092,8.856762664397092,,,5.320161774628937,5.320161774628936,5.320161774628933,5.320161774628933,"[5.320161774628933, 5.22643406659251, 5.316397532717448, 5.313337827849069, 5.290027942049067, 5.315901867559671, 5.35411382760762, 5.358946256665831, 5.332747830932978, 5.333284166303881, 5.360834180495734, 5.3750619955923495, 5.367059761188167, 5.366283980182354, 5.380488698631206, 5.396607739756219, 5.409911250014175, 5.42929755516761, 5.4615477794683684, 5.50016632863343, 5.535440397238336, 5.564206858697627, 5.5940293552156115, 5.634732425169698, 5.668409838723571, 5.678121930125521, 5.669294160136269, 5.661447120987282, 5.670394353174914, 5.6943210850481725, 5.7169900346342, 5.725100712658898, 5.722883955494057, 5.717328700091265, 5.712014001345631, 5.714928099676027, 5.729850845742383, 5.750384288396702, 5.765932799245024, 5.772020803370527, 5.773604663754031, 5.775566254532592, 5.777807646845582, 5.7808122916487354, 5.786478871875178, 5.794628585613104, 5.803665713965291, 5.81325440854484, 5.824787909518496, 5.837876949400655, 5.850205948864072, 5.857759241559222, 5.862195362483878, 5.866155086786109, 5.870428915007005, 5.877533852403141, 5.887153214017019, 5.898915656353615, 5.912899162171663, 5.92834089150772, 5.943532347253311, 5.95784044739328, 5.971580104630933, 5.982832059178816, 5.9911139646067, 5.996416376017009, 5.998977146124746, 6.0000359327132795, 5.9984395861612665, 5.995251137654836, 5.990423931240753, 5.985536419936214, 5.9827296826958065, 5.982522730064013, 5.984416611789418, 5.987848587428887]",75,0.7813406515248837,,0.6676868127999516,0.6676868127999507,5.987848587428887,,0.8793998593887411,,,,16.21720862388611,16.361750841140747,True,0.14580059051513672,0.0012416839599609375,0.0,0.14580059051513672,Results/warm_start_cache/list_193_graphs_adjacency_listhog_v04-12_planar_clawFree__filehash_62ae5075/hog_idx000077_4c0bd1a76694_seed42_L1_M1_amplified.npz,16.237587451934814,2026-08-27 09:14:29,x86_64,dacsgpu0002,,64,64,3.11.15,0.26,False,False,False,False,,True,False,True,False,adam,False,hamqaoa,0.05,standard,1,1,42,scs,1e-06,100000,False,False,False,hog,False,False,False,False,False,False,True,1,HOG_graphs/Exp5/list_193_graphs_adjacency_listhog_v04-12_planar_clawFree.txt,True,Results/warm_start_cache,512,60,0,16,1,1,0,0,5,0,5,10,42,True,_Exp8_standardZeroAngles,1,42,42,77,"[(1, 3), (0, 1), (1, 6), (2, 6), (3, 5), (4, 6), (0, 6), (3, 4), (1, 5), (4, 5), (2, 5), (0, 5), (0, 2), (3, 6), (2, 4)]","[1.0, 1.0, 1.0, 1.0, 1.0, 1.0, 1.0, 1.0, 1.0, 1.0, 1.0, 1.0, 1.0, 1.0, 1.0]"
b4129b2e,7,9,3,75.0,False,True,"[1, 1, 1]",4.927886253318024,5.999999985911542,5.999999985911542,,,3.488434873712476,3.4884348737124755,3.488434873712477,3.488434873712477,"[3.488434873712477, 3.2953005732245795, 3.475443134779115, 3.4458621527357187, 3.387559358351969, 3.4256501124876353, 3.4817076526080846, 3.4859000196511185, 3.4528629140423757, 3.43735852106054, 3.453649745971765, 3.4802151529184453, 3.49153662744998, 3.4812166671956146, 3.4663019105399964, 3.4647366886692623, 3.4763646857136687, 3.4883581146238805, 3.4903667780061314, 3.483577184531433, 3.477050431745888, 3.4775052330863923, 3.4839269941747815, 3.4901072996111884, 3.4910151113604715, 3.4872755752777898, 3.4837919290875647, 3.4842519815333723, 3.4877674560675853, 3.4907532695672665, 3.49094219936064, 3.4891094504861613, 3.487588680671985, 3.4878679028407014, 3.4895663101438497, 3.4912021380603746, 3.491663421161842, 3.491084103309474, 3.4905634072571243, 3.4911111747579113, 3.4928339443684204, 3.4951346145699813, 3.497682546898516, 3.5012850156931727, 3.508364134816538, 3.5236582579976554, 3.5555471892397987, 3.614908963869337, 3.7015388286831876, 3.7887563984103334, 3.847617148650531, 3.88900825412734, 3.9435791600674066, 4.035899806120891, 4.123517565398041, 4.1565290781420545, 4.136318764142587, 4.105654053283191, 4.09222423775481, 4.09976058047083, 4.125546466190998, 4.154168885921621, 4.168543076519115, 4.172239299577265, 4.178831481432756, 4.187023373153994, 4.18624025254084, 4.17570133012688, 4.169471055210867, 4.178194098058688, 4.196794697469787, 4.213291078245446, 4.219780624195426, 4.216625629992094, 4.209535708589591, 4.204141004913147]",75,0.7078967927402254,,0.7157061312006716,0.7157061312006712,4.204141004913147,,0.8531327203590449,,,,14.38855266571045,14.52980899810791,True,0.1429429054260254,0.0016713142395019531,0.0,0.1429429054260254,Results/warm_start_cache/list_193_graphs_adjacency_listhog_v04-12_planar_clawFree__filehash_62ae5075/hog_idx000060_669f6899bb15_seed42_L1_M1_amplified.npz,14.421597480773926,2026-08-27 09:14:30,x86_64,dacsgpu0002,,64,64,3.11.15,0.25,False,False,False,False,,True,False,True,False,adam,False,hamqaoa,0.05,standard,1,1,42,scs,1e-06,100000,False,False,False,hog,False,False,False,False,False,False,True,1,HOG_graphs/Exp5/list_193_graphs_adjacency_listhog_v04-12_planar_clawFree.txt,True,Results/warm_start_cache,512,60,0,16,1,1,0,0,5,0,5,10,42,True,_Exp8_standardZeroAngles,1,42,42,60,"[(1, 6), (3, 5), (4, 6), (1, 2), (5, 6), (3, 4), (4, 5), (0, 2), (3, 6)]","[1.0, 1.0, 1.0, 1.0, 1.0, 1.0, 1.0, 1.0, 1.0]"
2982eb07,9,21,1,75.0,False,True,"[1, 1, 1]",9.266478447977926,11.549999909232167,11.549999909232167,,,7.251707569226085,7.251707569226078,7.251707569226078,7.251707569226078,"[7.251707569226078, 7.261848637350608, 7.267686393292596, 7.2798723223358754, 7.290152691518948, 7.294575319214274, 7.29931044456727, 7.303564101273672, 7.304157056379268, 7.30665061005012, 7.308196282607911, 7.3075819590868365, 7.309095953253148, 7.309290937893472, 7.30844841362385, 7.308957202088096, 7.308089907071386, 7.307280651289307, 7.3075043607081085, 7.306781554366734, 7.3066509842335785, 7.307096190066559, 7.306785667839531, 7.307053563903735, 7.307404469757274, 7.3072282162203415, 7.307629652456195, 7.307904219209104, 7.308005731174891, 7.308574204203341, 7.308840810528195, 7.30908837625257, 7.30950832131703, 7.309582208875527, 7.3097635222256, 7.309960242644129, 7.309942973789127, 7.310067582450051, 7.310092877657773, 7.310009273108057, 7.310030289351612, 7.30993137234536, 7.309840581362407, 7.309836309661566, 7.309766569953059, 7.3097790397009055, 7.309816236298393, 7.309811639728947, 7.309876160364941, 7.30990585226815, 7.309939335521279, 7.310008766944153, 7.310032907064632, 7.310085619134124, 7.3101105775676585, 7.310114665753146, 7.310129862830827, 7.310109392325144, 7.310113345283822, 7.310100787285009, 7.310095324635779, 7.3100936365259255, 7.310080510229952, 7.310083553215137, 7.310074286231188, 7.310083173320532, 7.310085884018393, 7.31009711862768, 7.310105821596269, 7.3101121956022, 7.310120491954316, 7.310122359203912, 7.310129871370498, 7.310130082195392, 7.310134478813791, 7.310131671361684]",75,0.7825742659347038,,0.05842410213560534,0.05842410213559912,7.310131671361684,,0.7888791532188645,,,,15.640219449996948,15.825188159942627,True,0.18657159805297852,0.0015861988067626953,0.0,0.18657159805297852,Results/warm_start_cache/list_193_graphs_adjacency_listhog_v04-12_planar_clawFree__filehash_62ae5075/hog_idx000070_e17eb587f1c9_seed42_L1_M1_amplified.npz,15.670559644699097,2026-08-27 09:14:32,x86_64,dacsgpu0002,,64,64,3.11.15,0.3,False,False,False,False,,True,True,True,False,adam,False,hamqaoa,0.05,standard,1,1,42,scs,1e-06,100000,False,False,False,hog,False,False,False,False,False,False,True,1,HOG_graphs/Exp5/list_193_graphs_adjacency_listhog_v04-12_planar_clawFree.txt,True,Results/warm_start_cache,512,60,0,16,1,1,0,0,5,0,5,10,42,True,_Exp8_standardZeroAngles,1,42,42,70,"[(2, 6), (3, 5), (4, 6), (7, 8), (0, 5), (1, 4), (1, 7), (5, 7), (3, 4), (2, 8), (3, 7), (2, 5), (4, 8), (1, 3), (0, 4), (6, 8), (5, 6), (2, 7), (0, 3), (1, 8), (0, 6)]","[1.0, 1.0, 1.0, 1.0, 1.0, 1.0, 1.0, 1.0, 1.0, 1.0, 1.0, 1.0, 1.0, 1.0, 1.0, 1.0, 1.0, 1.0, 1.0, 1.0, 1.0]"
2cbc598b,7,7,1,75.0,False,True,"[1, 1, 1]",4.412724471730401,5.874999989160051,5.874999989160051,,,3.1003092778662307,3.1003092778662324,3.100309277866231,3.100309277866231,"[3.100309277866231, 3.0900242018450292, 3.099683964804964, 3.098106837065468, 3.0944384005081336, 3.095814738689822, 3.0989797194509894, 3.1002756611171587, 3.0990247273900104, 3.0975011772255807, 3.0976304428711128, 3.098994182255008, 3.1001407048022784, 3.100159728609018, 3.0993577067494025, 3.098768333738121, 3.0989879113387513, 3.0997199243141624, 3.1002607129842086, 3.1001949552766663, 3.0997434255310594, 3.099477220892886, 3.099679075527076, 3.100093633373332, 3.1002852818323183, 3.1001207326147817, 3.0998678797770722, 3.099846984766825, 3.100072295091688, 3.1002881837075846, 3.1002865101477397, 3.100126188958891, 3.100030572796549, 3.10010974828604, 3.1002548582280425, 3.100300505190192, 3.1002243983010214, 3.1001504153887307, 3.100179624817818, 3.100272575053647, 3.1003169476422787, 3.1002743534586923, 3.100217881890469, 3.1002258308623456, 3.1002823259654693, 3.1003127849466097, 3.1002886670451706, 3.100257136127167, 3.100266739682085, 3.100302451170861, 3.100315721159261, 3.1002950635437165, 3.1002766886013777, 3.1002880846945184, 3.1003108924330514, 3.1003141602683555, 3.1002995809250646, 3.1002936354623154, 3.100305372055864, 3.1003159853774833, 3.1003111096837723, 3.1003017196717555, 3.100304009494693, 3.1003139636108963, 3.100316499585857, 3.100310256807916, 3.1003074030618754, 3.1003124556959376, 3.1003165668695174, 3.100313897353426, 3.100310624027325, 3.10031291844301, 3.100316785324296, 3.100316154776676, 3.1003132263575393, 3.10031356407537]",75,0.7025839246769197,,4.286209137394081e-06,4.286209139170438e-06,3.10031356407537,,0.7025848960063478,,,,4.263600587844849,4.399403095245361,True,0.14110541343688965,0.005285978317260742,0.0,0.14110541343688965,Results/warm_start_cache/list_193_graphs_adjacency_listhog_v04-12_planar_clawFree__filehash_62ae5075/hog_idx000028_7b543aad8962_seed42_L1_M1_amplified.npz,4.322411298751831,2026-08-27 09:14:33,x86_64,dacsgpu0002,,64,64,3.11.15,0.23,False,False,False,False,,True,True,True,False,adam,False,hamqaoa,0.05,standard,1,1,42,scs,1e-06,100000,False,False,False,hog,False,False,False,False,False,False,True,1,HOG_graphs/Exp5/list_193_graphs_adjacency_listhog_v04-12_planar_clawFree.txt,True,Results/warm_start_cache,512,60,0,16,1,1,0,0,5,0,5,10,42,True,_Exp8_standardZeroAngles,1,42,42,28,"[(2, 6), (3, 5), (0, 3), (4, 6), (5, 6), (2, 5), (1, 4)]","[1.0, 1.0, 1.0, 1.0, 1.0, 1.0, 1.0]"
0add55f2,7,9,4,75.0,False,True,"[1, 1, 1]",4.927886253318024,5.999999985911542,5.999999985911542,,,3.488434873712476,3.4884348737124755,3.488434873712477,3.488434873712477,"[3.488434873712477, 3.156975209153131, 3.4631187230967555, 3.4044200113832206, 3.3154670799581583, 3.395175410152355, 3.485182199576307, 3.4683680753844865, 3.4112176281506428, 3.4036333878286147, 3.4426217658376714, 3.483063485283177, 3.487945201021211, 3.4633270536823533, 3.4456042590051963, 3.4535573186569852, 3.47565841741315, 3.489891611845774, 3.486470183587434, 3.474262069205485, 3.4675796769922744, 3.4722674414855756, 3.4834875299874026, 3.4919063996443582, 3.492246249934976, 3.4882473075468137, 3.488957533057598, 3.499923256300148, 3.520195022938052, 3.5473180049380773, 3.582423989234946, 3.6309307047997357, 3.698752531746638, 3.754870681373078, 3.7612345389754753, 3.74971659456897, 3.783446692499882, 3.8639486140179704, 3.9390119189453405, 3.9742841582549087, 3.9861786058563595, 3.986128981560902, 3.982117416408091, 3.9851740259896697, 3.99203505217594, 3.9982600918771767, 4.004714380960581, 4.015404499784028, 4.035022119298349, 4.06954420223559, 4.108038605390454, 4.133221134146922, 4.143622645930616, 4.148261940224573, 4.149038604002077, 4.147683001688103, 4.149387454524076, 4.15234675056258, 4.152122529806059, 4.150294324517164, 4.1521069748091355, 4.160201212808481, 4.171620011894465, 4.18005527364962, 4.182118417915191, 4.1808158278974155, 4.181290411666094, 4.18521102018385, 4.190420205323245, 4.193835630988937, 4.194640551282753, 4.19510598550493, 4.198087186524207, 4.204377331526216, 4.212126146744846, 4.21841726043131]",75,0.7078967927402254,,0.7299823867188344,0.729982386718834,4.21841726043131,,0.8560297546622515,,,,20.56887650489807,20.709637880325317,True,0.1429429054260254,0.0021657943725585938,0.0,0.1429429054260254,Results/warm_start_cache/list_193_graphs_adjacency_listhog_v04-12_planar_clawFree__filehash_62ae5075/hog_idx000060_669f6899bb15_seed42_L1_M1_amplified.npz,20.58396029472351,2026-08-27 09:14:34,x86_64,dacsgpu0002,,64,64,3.11.15,0.26,False,False,False,False,,True,False,True,False,adam,False,hamqaoa,0.05,standard,1,1,42,scs,1e-06,100000,False,False,False,hog,False,False,False,False,False,False,True,1,HOG_graphs/Exp5/list_193_graphs_adjacency_listhog_v04-12_planar_clawFree.txt,True,Results/warm_start_cache,512,60,0,16,1,1,0,0,5,0,5,10,42,True,_Exp8_standardZeroAngles,1,42,42,60,"[(1, 6), (3, 5), (4, 6), (1, 2), (5, 6), (3, 4), (4, 5), (0, 2), (3, 6)]","[1.0, 1.0, 1.0, 1.0, 1.0, 1.0, 1.0, 1.0, 1.0]"
828d3e0c,9,21,2,75.0,False,True,"[1, 1, 1]",9.266478447977926,11.549999909232167,11.549999909232167,,,7.251707569226085,7.251707569226078,7.251707569226078,7.251707569226078,"[7.251707569226078, 7.224775107109549, 7.270945430310864, 7.283684666935936, 7.285807279238614, 7.303644188178687, 7.299395042881847, 7.315221344620977, 7.340106274232293, 7.361560436831072, 7.4184515535664195, 7.505044182472465, 7.590550330440525, 7.651613582921526, 7.700081641906025, 7.740248872098738, 7.772501967015123, 7.787677893137066, 7.7881769557179235, 7.780178798140886, 7.770205018758496, 7.763827295578578, 7.768938589566538, 7.78450825842707, 7.803676532181894, 7.817835230572211, 7.822568223748143, 7.822790594580833, 7.825370016977119, 7.829077954061393, 7.828805377157744, 7.825124514754, 7.823000315754948, 7.823759044594935, 7.825858312391085, 7.83008663854662, 7.837253373765801, 7.843638230425448, 7.845327196446135, 7.843586421348669, 7.84186481544279, 7.841108510183674, 7.840850925561485, 7.841790360008548, 7.8443499326697586, 7.846755152796999, 7.84723943833121, 7.846541683079313, 7.846115329559562, 7.8460602520720935, 7.846368988831763, 7.847476605341471, 7.848860470605188, 7.849492477760691, 7.849365942373426, 7.849022917710642, 7.848665241253836, 7.848445694787657, 7.848599747652759, 7.8490556256994095, 7.849535913900391, 7.84990728197239, 7.850156974371781, 7.850293438440107, 7.8503349297569756, 7.850271138974931, 7.850127349170981, 7.850007608412604, 7.849983827853929, 7.8500794068958974, 7.850321824915664, 7.850623093076857, 7.850795133610525, 7.8507926023502295, 7.850686315483118, 7.850514516435275]",75,0.7825742659347038,,0.598806947209197,0.5988069472091908,7.850514516435275,,0.8471950332057769,,,,22.359416723251343,22.544305086135864,True,0.18657159805297852,0.0016696453094482422,0.0,0.18657159805297852,Results/warm_start_cache/list_193_graphs_adjacency_listhog_v04-12_planar_clawFree__filehash_62ae5075/hog_idx000070_e17eb587f1c9_seed42_L1_M1_amplified.npz,22.371050596237183,2026-08-27 09:14:35,x86_64,dacsgpu0002,,64,64,3.11.15,0.36,False,False,False,False,,True,True,True,False,adam,False,hamqaoa,0.05,standard,1,1,42,scs,1e-06,100000,False,False,False,hog,False,False,False,False,False,False,True,1,HOG_graphs/Exp5/list_193_graphs_adjacency_listhog_v04-12_planar_clawFree.txt,True,Results/warm_start_cache,512,60,0,16,1,1,0,0,5,0,5,10,42,True,_Exp8_standardZeroAngles,1,42,42,70,"[(2, 6), (3, 5), (4, 6), (7, 8), (0, 5), (1, 4), (1, 7), (5, 7), (3, 4), (2, 8), (3, 7), (2, 5), (4, 8), (1, 3), (0, 4), (6, 8), (5, 6), (2, 7), (0, 3), (1, 8), (0, 6)]","[1.0, 1.0, 1.0, 1.0, 1.0, 1.0, 1.0, 1.0, 1.0, 1.0, 1.0, 1.0, 1.0, 1.0, 1.0, 1.0, 1.0, 1.0, 1.0, 1.0, 1.0]"
b81182f8,7,7,2,75.0,False,True,"[1, 1, 1]",4.412724471730401,5.874999989160051,5.874999989160051,,,3.1003092778662307,3.1003092778662324,3.100309277866231,3.100309277866231,"[3.100309277866231, 3.059600267441836, 3.0977022986635365, 3.0922578167249455, 3.080732614460773, 3.086087330554728, 3.0969201106663333, 3.102865093957341, 3.1032474124911267, 3.1044257533388184, 3.1130124007714066, 3.135072735902897, 3.17732335440797, 3.246526503775935, 3.346365394033503, 3.466867502584633, 3.5825024412600346, 3.6610711462529064, 3.6890069072374, 3.691434026761038, 3.6845431639621737, 3.6673916995351252, 3.664414583296698, 3.695069172104881, 3.7311719099117306, 3.7448671726666927, 3.7413215410982867, 3.7363676752795287, 3.73900949107333, 3.749630538100378, 3.7614924484820187, 3.765991439996645, 3.7610238549252646, 3.755431913348382, 3.758519073383125, 3.7680599158533346, 3.776434543433067, 3.7812841200195484, 3.7847829728331015, 3.7867143839732194, 3.784562234080273, 3.778861268477969, 3.7746303597962836, 3.7767189797234066, 3.7845903612615692, 3.7926049166496605, 3.795466676700437, 3.793145586642428, 3.789831356405507, 3.788557120430441, 3.788750113029747, 3.789011678023424, 3.789815850029902, 3.791917837913978, 3.794122596781658, 3.794688152996566, 3.7937861355430123, 3.7931375894811166, 3.7936334307020467, 3.7944174743209467, 3.794442193432814, 3.79404039316261, 3.7942172166836015, 3.7949502873045127, 3.7953561067271115, 3.7952212513484627, 3.79515592407086, 3.7953863686867413, 3.795483556595267, 3.795317009612319, 3.7953642957904137, 3.7958197340040325, 3.7961644956423934, 3.795991917361087, 3.7956424910219093, 3.795609918861739]",75,0.7025839246769197,,0.6953006409955065,0.6953006409955083,3.795609918861739,,0.8601511250425595,,,,7.471833229064941,7.611330270767212,True,0.14110541343688965,0.0015940666198730469,0.0,0.14110541343688965,Results/warm_start_cache/list_193_graphs_adjacency_listhog_v04-12_planar_clawFree__filehash_62ae5075/hog_idx000028_7b543aad8962_seed42_L1_M1_amplified.npz,7.506524085998535,2026-08-27 09:14:36,x86_64,dacsgpu0002,,64,64,3.11.15,0.24,False,False,False,False,,True,True,True,False,adam,False,hamqaoa,0.05,standard,1,1,42,scs,1e-06,100000,False,False,False,hog,False,False,False,False,False,False,True,1,HOG_graphs/Exp5/list_193_graphs_adjacency_listhog_v04-12_planar_clawFree.txt,True,Results/warm_start_cache,512,60,0,16,1,1,0,0,5,0,5,10,42,True,_Exp8_standardZeroAngles,1,42,42,28,"[(2, 6), (3, 5), (0, 3), (4, 6), (5, 6), (2, 5), (1, 4)]","[1.0, 1.0, 1.0, 1.0, 1.0, 1.0, 1.0]"
f8112705,7,15,4,75.0,False,True,"[1, 1, 1]",6.809016994374959,8.856762664397092,8.856762664397092,,,5.320161774628937,5.320161774628936,5.320161774628933,5.320161774628933,"[5.320161774628933, 5.144595048620986, 5.3094427602485075, 5.294664800965421, 5.250010878531406, 5.2899344086815105, 5.348297258211833, 5.350394298373234, 5.30852421711049, 5.31045816062399, 5.3476177083810885, 5.366296982275874, 5.354412164008518, 5.34220273604835, 5.345244214247013, 5.354276710790488, 5.36399163335533, 5.376068285695476, 5.385508537622683, 5.392964758173269, 5.410197471320784, 5.435729243006382, 5.462501160162955, 5.503782557443377, 5.558303020686726, 5.5918749351482715, 5.596348098765849, 5.611946077645321, 5.654280947440403, 5.682802570159649, 5.675297988353999, 5.66625388377003, 5.672788179948414, 5.687222369948507, 5.703986995913376, 5.716613695433831, 5.726755806458646, 5.742512375627101, 5.7587925820719015, 5.771041945931546, 5.7812694257561015, 5.788253921308472, 5.794037844762907, 5.805493831360454, 5.825573092307074, 5.84582194317218, 5.867717391420228, 5.879828355692008, 5.885152784377284, 5.886754929183423, 5.898533363902996, 5.9184619658730195, 5.941044839218141, 5.958432194846473, 5.962965470863811, 5.967965805285756, 5.980298857213769, 5.988758634865479, 5.987475844595694, 5.9832893623006855, 5.986611104674849, 5.993007977656368, 5.993831931793966, 5.993807815664411, 5.9943956175610715, 5.994132904498753, 5.99445100286933, 5.994371299546001, 5.994688557699033, 5.997496106118833, 6.001951328097362, 6.002993436574768, 6.0027343512463816, 6.004417845745385, 6.006580899031873, 6.007660659242136]",75,0.7813406515248837,,0.6874988846132002,0.6874988846131993,6.007660659242136,,0.8823095410402358,,,,24.69305968284607,24.837262392044067,True,0.14580059051513672,0.0015823841094970703,0.0,0.14580059051513672,Results/warm_start_cache/list_193_graphs_adjacency_listhog_v04-12_planar_clawFree__filehash_62ae5075/hog_idx000077_4c0bd1a76694_seed42_L1_M1_amplified.npz,24.725395679473877,2026-08-27 09:14:38,x86_64,dacsgpu0002,,64,64,3.11.15,0.26,False,False,False,False,,True,False,True,False,adam,False,hamqaoa,0.05,standard,1,1,42,scs,1e-06,100000,False,False,False,hog,False,False,False,False,False,False,True,1,HOG_graphs/Exp5/list_193_graphs_adjacency_listhog_v04-12_planar_clawFree.txt,True,Results/warm_start_cache,512,60,0,16,1,1,0,0,5,0,5,10,42,True,_Exp8_standardZeroAngles,1,42,42,77,"[(1, 3), (0, 1), (1, 6), (2, 6), (3, 5), (4, 6), (0, 6), (3, 4), (1, 5), (4, 5), (2, 5), (0, 5), (0, 2), (3, 6), (2, 4)]","[1.0, 1.0, 1.0, 1.0, 1.0, 1.0, 1.0, 1.0, 1.0, 1.0, 1.0, 1.0, 1.0, 1.0, 1.0]"
c8d64c52,5,5,1,75.0,False,True,"[1, 1, 1]",3.118033988749896,3.8749997871535085,3.8749997871535085,,,2.0030823734454475,2.0030823734454475,2.003082373445448,2.003082373445448,"[2.003082373445448, 2.0011321909104076, 2.004961284871275, 2.007975118861768, 2.006068260934496, 2.0051845966770507, 2.0066504197255863, 2.008345487181642, 2.008767284431864, 2.008334127979067, 2.0083798136049986, 2.0092826994970934, 2.010466046004426, 2.0114717609770687, 2.012397677583409, 2.0135997183738907, 2.0154230473227464, 2.018258993397768, 2.0224519980192146, 2.0279344894238442, 2.0338155474979405, 2.038160028242134, 2.0387004819529877, 2.035168350126971, 2.0308606399978117, 2.0292874408538846, 2.030966529720102, 2.0341377345259066, 2.035509617680196, 2.0360304412112304, 2.0360324523743176, 2.0360489412941782, 2.0364290799794413, 2.037142194584184, 2.0377924953079267, 2.0378723029258397, 2.0372583004179363, 2.0365105619834014, 2.036396360672097, 2.0371024991053783, 2.0381269187338784, 2.038831511317102, 2.0389503255592305, 2.038656598088065, 2.038299639570422, 2.038119141881063, 2.0381544522975235, 2.03830901592802, 2.038447205120897, 2.038506712074977, 2.038552872753685, 2.0386748341158865, 2.0388551235902144, 2.0389861807507494, 2.038981291984385, 2.038853211482192, 2.0387071107818926, 2.0386516064352818, 2.0387128526979397, 2.038836946746634, 2.0389455266549836, 2.038988809876912, 2.038979128259597, 2.0389654603824936, 2.0389690865358503, 2.038972689298596, 2.0389592118018403, 2.0389350782712503, 2.038926904385119, 2.0389544038605334, 2.0390038729496895, 2.0390421295569747, 2.039047053633763, 2.0390236494147964, 2.0389995692472738, 2.038995703792668]",75,0.6424183894956634,,0.03591333034722055,0.03591333034722055,2.038995703792668,,0.6539363301200436,,,,2.529418468475342,2.663191080093384,True,0.1354079246520996,0.0016231536865234375,0.0,0.1354079246520996,Results/warm_start_cache/list_193_graphs_adjacency_listhog_v04-12_planar_clawFree__filehash_62ae5075/hog_idx000011_3f7485cece79_seed42_L1_M1_amplified.npz,2.5491535663604736,2026-08-27 09:14:38,x86_64,dacsgpu0002,,64,64,3.11.15,0.22,False,False,False,False,,True,True,True,False,adam,False,hamqaoa,0.05,standard,1,1,42,scs,1e-06,100000,False,False,False,hog,False,False,False,False,False,False,True,1,HOG_graphs/Exp5/list_193_graphs_adjacency_listhog_v04-12_planar_clawFree.txt,True,Results/warm_start_cache,512,60,0,16,1,1,0,0,5,0,5,10,42,True,_Exp8_standardZeroAngles,1,42,42,11,"[(2, 3), (0, 3), (3, 4), (1, 4), (2, 4)]","[1.0, 1.0, 1.0, 1.0, 1.0]"
4a14360a,6,9,4,75.0,False,True,"[1, 1, 1]",4.850781059358218,6.247642935772262,6.247642935772262,,,3.5473096376048776,3.547309637604877,3.547309637604877,3.547309637604877,"[3.547309637604877, 3.099521343397334, 3.5108405143354586, 3.4348696844086435, 3.318465665401063, 3.396262225389143, 3.518001062396433, 3.545802907958857, 3.5082977712929764, 3.4858680740667825, 3.499115303135667, 3.539756777245423, 3.595126552602349, 3.6666549026743174, 3.766325536226845, 3.849147234476221, 3.882055366570155, 3.899737703766079, 3.9052582700819802, 3.8990215078366104, 3.889925530597146, 3.910428515002453, 3.956382426290621, 3.9919365098952575, 3.9978116921128444, 3.9882093148994904, 3.980113413231514, 3.977579476537898, 3.9853124504900097, 4.003643288888032, 4.022337069492218, 4.030893343073794, 4.031751971013142, 4.03409740672758, 4.039178944917909, 4.041553935252395, 4.038971447961848, 4.035438256736971, 4.034711787362722, 4.035914607615288, 4.037835097907842, 4.041845681631567, 4.048284800317417, 4.054605462139202, 4.058772639523528, 4.061141821691603, 4.061964365477565, 4.060525971142104, 4.0578032522936756, 4.056196303332364, 4.056218171619977, 4.056907658606806, 4.058281593915802, 4.06038754047069, 4.0619900998639995, 4.062423083241916, 4.062401853603884, 4.0622028734473, 4.061562048373947, 4.061031150873742, 4.061274876786524, 4.061885859272743, 4.0623366062165065, 4.062816905286226, 4.06334703869128, 4.063559613484386, 4.063546115857439, 4.063613240765792, 4.063670198656968, 4.063719192901809, 4.063998603069751, 4.06435628933646, 4.064515357692919, 4.06461362815471, 4.0647485958492435, 4.064774255810168]",75,0.7312862803323891,,0.5174646182052904,0.51746461820529,4.064774255810168,,0.837962836514406,,,,17.818193912506104,17.980838537216187,True,0.17404389381408691,0.011383533477783203,0.0,0.17404389381408691,Results/warm_start_cache/list_193_graphs_adjacency_listhog_v04-12_planar_clawFree__filehash_62ae5075/hog_idx000144_c88e837647ba_seed42_L1_M1_amplified.npz,17.856258869171143,2026-08-27 09:14:41,x86_64,dacsgpu0002,,64,64,3.11.15,0.24,False,False,False,False,,True,False,True,False,adam,False,hamqaoa,0.05,standard,1,1,42,scs,1e-06,100000,False,False,False,hog,False,False,False,False,False,False,True,1,HOG_graphs/Exp5/list_193_graphs_adjacency_listhog_v04-12_planar_clawFree.txt,True,Results/warm_start_cache,512,60,0,16,1,1,0,0,5,0,5,10,42,True,_Exp8_standardZeroAngles,1,42,42,144,"[(0, 1), (2, 3), (3, 5), (3, 4), (1, 5), (2, 5), (0, 5), (1, 4), (2, 4)]","[1.0, 1.0, 1.0, 1.0, 1.0, 1.0, 1.0, 1.0, 1.0]"
c7076f0c,7,7,3,75.0,False,True,"[1, 1, 1]",4.412724471730401,5.874999989160051,5.874999989160051,,,3.1003092778662307,3.1003092778662324,3.100309277866231,3.100309277866231,"[3.100309277866231, 3.0100238332540323, 3.0939378057259845, 3.0773029694307303, 3.0499752274769483, 3.0709738949924024, 3.0948833138302883, 3.0991352220074684, 3.0914917607677745, 3.086435244273033, 3.08861559223211, 3.0945230304614975, 3.1006102335543755, 3.1064160327847303, 3.1112511164859087, 3.115044003246178, 3.1229253890547715, 3.1415489849346723, 3.168776433971897, 3.2003053565233617, 3.245660846128902, 3.3159396726424046, 3.409310719965872, 3.504357775025972, 3.5720468419911713, 3.6117850464943273, 3.6277934775181575, 3.6546030536521568, 3.7092924372569094, 3.764778169794422, 3.802592831397933, 3.831404718033337, 3.846832754158631, 3.8380007727650294, 3.815308946704887, 3.8013178858413115, 3.803912206512662, 3.8153345034956065, 3.828594530360298, 3.841274649199867, 3.853493160792035, 3.8666560472583447, 3.8806873921016627, 3.8919921643918376, 3.896132083196758, 3.89220311942991, 3.883788706020883, 3.8767824199323226, 3.875230103888723, 3.8784195156153123, 3.8824830967555584, 3.884388121803766, 3.8840711754077697, 3.883595239860716, 3.8848853084269255, 3.88804735582051, 3.8915565953901914, 3.893866083824439, 3.8945398692720086, 3.8942020146388217, 3.8939994578266734, 3.8945950835704135, 3.895504507160954, 3.895830155103062, 3.8951812418838188, 3.894209928527954, 3.8940469116739456, 3.8949616447789546, 3.8962394325645073, 3.89701280104127, 3.8971625947203457, 3.8973271032292036, 3.898021536066412, 3.8989406100145074, 3.8994924337533186, 3.89943321333647]",75,0.7025839246769197,,0.7991239354702375,0.7991239354702393,3.89943321333647,,0.8836792866442781,,,,11.843922138214111,11.983466148376465,True,0.14110541343688965,0.0015459060668945312,0.0,0.14110541343688965,Results/warm_start_cache/list_193_graphs_adjacency_listhog_v04-12_planar_clawFree__filehash_62ae5075/hog_idx000028_7b543aad8962_seed42_L1_M1_amplified.npz,11.867782354354858,2026-08-27 09:14:42,x86_64,dacsgpu0002,,64,64,3.11.15,0.26,False,False,False,False,,True,True,True,False,adam,False,hamqaoa,0.05,standard,1,1,42,scs,1e-06,100000,False,False,False,hog,False,False,False,False,False,False,True,1,HOG_graphs/Exp5/list_193_graphs_adjacency_listhog_v04-12_planar_clawFree.txt,True,Results/warm_start_cache,512,60,0,16,1,1,0,0,5,0,5,10,42,True,_Exp8_standardZeroAngles,1,42,42,28,"[(2, 6), (3, 5), (0, 3), (4, 6), (5, 6), (2, 5), (1, 4)]","[1.0, 1.0, 1.0, 1.0, 1.0, 1.0, 1.0]"
08f36cde,7,9,5,75.0,False,True,"[1, 1, 1]",4.927886253318024,5.999999985911542,5.999999985911542,,,3.488434873712476,3.4884348737124755,3.488434873712477,3.488434873712477,"[3.488434873712477, 3.006324946213235, 3.44600378566804, 3.3435541795584376, 3.243818434922011, 3.3879917425881425, 3.491667251461017, 3.423316710525793, 3.3604058980915803, 3.3851212147724397, 3.451798056735695, 3.489852864742445, 3.4713214665865726, 3.4379280104894474, 3.4337220765619727, 3.4585425479516627, 3.4848645413696313, 3.490228546604915, 3.4784902265977617, 3.469809849882661, 3.476481755895564, 3.4945739910879574, 3.514377982228501, 3.5373580319408937, 3.5769028202727933, 3.6372946414728933, 3.6986895223300595, 3.7421333589760586, 3.7417577415994967, 3.7324484751580287, 3.7889961770464167, 3.868530522195135, 3.915277882142561, 3.9196009661828897, 3.8944347811427784, 3.8889571261899265, 3.9065457128912975, 3.9255602312267133, 3.9443686484873917, 3.9615045453986135, 3.9575876482163386, 3.9586180768472192, 3.9893175677259025, 4.013794383753205, 4.024899103404446, 4.0364984482948385, 4.042569251001681, 4.049344187649362, 4.070250433388713, 4.0936422369042464, 4.102404843186998, 4.10218487520195, 4.108639968606604, 4.124415271369637, 4.139421367668556, 4.145277383769108, 4.148970593285343, 4.158970546503791, 4.1695257795946645, 4.176307480157279, 4.184796137457806, 4.196420447827561, 4.206063287522677, 4.2092745366670945, 4.207711219163918, 4.207832986644869, 4.211099011612995, 4.211794044262911, 4.2091185577813075, 4.20939921219158, 4.212543040492401, 4.213642137974504, 4.213984330594865, 4.2170727952977884, 4.221297650938011, 4.223353895627402]",75,0.7078967927402254,,0.7349190219149264,0.734919021914926,4.223353895627402,,0.8570315300568779,,,,29.38054132461548,29.5220890045166,True,0.1429429054260254,0.001379251480102539,0.0,0.1429429054260254,Results/warm_start_cache/list_193_graphs_adjacency_listhog_v04-12_planar_clawFree__filehash_62ae5075/hog_idx000060_669f6899bb15_seed42_L1_M1_amplified.npz,29.394908905029297,2026-08-27 09:14:43,x86_64,dacsgpu0002,,64,64,3.11.15,0.27,False,False,False,False,,True,False,True,False,adam,False,hamqaoa,0.05,standard,1,1,42,scs,1e-06,100000,False,False,False,hog,False,False,False,False,False,False,True,1,HOG_graphs/Exp5/list_193_graphs_adjacency_listhog_v04-12_planar_clawFree.txt,True,Results/warm_start_cache,512,60,0,16,1,1,0,0,5,0,5,10,42,True,_Exp8_standardZeroAngles,1,42,42,60,"[(1, 6), (3, 5), (4, 6), (1, 2), (5, 6), (3, 4), (4, 5), (0, 2), (3, 6)]","[1.0, 1.0, 1.0, 1.0, 1.0, 1.0, 1.0, 1.0, 1.0]"
4055d248,9,21,3,75.0,False,True,"[1, 1, 1]",9.266478447977926,11.549999909232167,11.549999909232167,,,7.251707569226085,7.251707569226078,7.251707569226078,7.251707569226078,"[7.251707569226078, 7.139314461212079, 7.250868287066965, 7.238950640585122, 7.203629027692489, 7.254666341023489, 7.289280688234361, 7.253535902992399, 7.251859174866926, 7.291344884853491, 7.295920786199061, 7.272255109575825, 7.271139761051513, 7.295055739414948, 7.309631843879205, 7.302383354396822, 7.3034584380080245, 7.3261460105619145, 7.347091236973901, 7.357190092471815, 7.375557199360754, 7.4132717097958265, 7.454442893194293, 7.482571122851324, 7.5102028244955035, 7.559202250413862, 7.629967815684826, 7.700056201117523, 7.74803446795608, 7.77041239336357, 7.75502244655125, 7.7552487061324324, 7.795930857583849, 7.851888140394247, 7.913102715635185, 7.955053808644635, 7.9743045695879395, 8.00505284475519, 8.053122023283498, 8.083174859479646, 8.084313253666538, 8.078579294427998, 8.066321808363533, 8.051371383071096, 8.045264412490996, 8.040370564651456, 8.037960480578029, 8.04539442984215, 8.062021759238846, 8.08022187322368, 8.088013424945927, 8.08919438436699, 8.094710003426783, 8.10095614139313, 8.103781238479963, 8.104420786264216, 8.101035469687279, 8.09686306177413, 8.095544851864254, 8.096659474742275, 8.099724494251745, 8.102004404936203, 8.102121132192956, 8.102591824572619, 8.104438518778636, 8.106968627786935, 8.109272553495641, 8.10991028428984, 8.109355740220941, 8.109423906476586, 8.110374624359148, 8.111154258008288, 8.1110500011301, 8.111043362625482, 8.111234098973373, 8.110650196326013]",75,0.7825742659347038,,0.8589426270999345,0.8589426270999283,8.110650196326013,,0.8752677990737537,,,,32.34464979171753,32.52952170372009,True,0.18657159805297852,0.0016880035400390625,0.0,0.18657159805297852,Results/warm_start_cache/list_193_graphs_adjacency_listhog_v04-12_planar_clawFree__filehash_62ae5075/hog_idx000070_e17eb587f1c9_seed42_L1_M1_amplified.npz,32.35658621788025,2026-08-27 09:14:45,x86_64,dacsgpu0002,,64,64,3.11.15,0.42,False,False,False,False,,True,True,True,False,adam,False,hamqaoa,0.05,standard,1,1,42,scs,1e-06,100000,False,False,False,hog,False,False,False,False,False,False,True,1,HOG_graphs/Exp5/list_193_graphs_adjacency_listhog_v04-12_planar_clawFree.txt,True,Results/warm_start_cache,512,60,0,16,1,1,0,0,5,0,5,10,42,True,_Exp8_standardZeroAngles,1,42,42,70,"[(2, 6), (3, 5), (4, 6), (7, 8), (0, 5), (1, 4), (1, 7), (5, 7), (3, 4), (2, 8), (3, 7), (2, 5), (4, 8), (1, 3), (0, 4), (6, 8), (5, 6), (2, 7), (0, 3), (1, 8), (0, 6)]","[1.0, 1.0, 1.0, 1.0, 1.0, 1.0, 1.0, 1.0, 1.0, 1.0, 1.0, 1.0, 1.0, 1.0, 1.0, 1.0, 1.0, 1.0, 1.0, 1.0, 1.0]"
587f9fb1,5,5,2,75.0,False,True,"[1, 1, 1]",3.118033988749896,3.8749997871535085,3.8749997871535085,,,2.0030823734454475,2.0030823734454475,2.003082373445448,2.003082373445448,"[2.003082373445448, 1.954052522875575, 2.003138133462253, 2.0003571173967574, 1.9852508032367258, 1.990171880625767, 2.001298096291608, 2.0068852354312026, 2.0075503097240612, 2.0090504247107286, 2.016977709543878, 2.038257345498864, 2.08216586766005, 2.1538339943808733, 2.2465425658065046, 2.3419355962083603, 2.4238924294339133, 2.48897237010548, 2.5267028953810398, 2.5285828113033437, 2.516326100516546, 2.511728397116814, 2.5248565099055993, 2.5595808412282826, 2.608497952250174, 2.6564810378187627, 2.6895969873899856, 2.7060663449006594, 2.710681957595735, 2.704498801768469, 2.691112952886321, 2.6828732934431865, 2.689972279562442, 2.7085994586222, 2.7263456556552357, 2.734734520526535, 2.733889218347905, 2.7285172553025876, 2.7222348410489734, 2.717232864510625, 2.7162610562421694, 2.720408860232371, 2.728182419355823, 2.7368071517283905, 2.743586968617276, 2.747101817360088, 2.7474241377911723, 2.745811993686517, 2.744062020924634, 2.743342969755105, 2.7437991906297428, 2.745126501461515, 2.7470178299458152, 2.7489562309274196, 2.749932056678299, 2.7491649027504894, 2.747325897664845, 2.746225446139754, 2.7469396192098836, 2.748857856614942, 2.7507074984332145, 2.751876220461469, 2.7524294992811043, 2.7523996947588296, 2.751765823319588, 2.7509869215967804, 2.75083105049788, 2.7514855953069817, 2.7522907467302136, 2.7525526079245664, 2.7523101682723254, 2.75205900675709, 2.752011118713118, 2.7520363425948178, 2.7521280873535408, 2.7524338311172176]",75,0.6424183894956634,,0.7493514576717701,0.7493514576717701,2.7524338311172176,,0.8827465771855626,,,,5.7396769523620605,5.873396158218384,True,0.1354079246520996,0.0016739368438720703,0.0,0.1354079246520996,Results/warm_start_cache/list_193_graphs_adjacency_listhog_v04-12_planar_clawFree__filehash_62ae5075/hog_idx000011_3f7485cece79_seed42_L1_M1_amplified.npz,5.763210296630859,2026-08-27 09:14:47,x86_64,dacsgpu0002,,64,64,3.11.15,0.22,False,False,False,False,,True,True,True,False,adam,False,hamqaoa,0.05,standard,1,1,42,scs,1e-06,100000,False,False,False,hog,False,False,False,False,False,False,True,1,HOG_graphs/Exp5/list_193_graphs_adjacency_listhog_v04-12_planar_clawFree.txt,True,Results/warm_start_cache,512,60,0,16,1,1,0,0,5,0,5,10,42,True,_Exp8_standardZeroAngles,1,42,42,11,"[(2, 3), (0, 3), (3, 4), (1, 4), (2, 4)]","[1.0, 1.0, 1.0, 1.0, 1.0]"
0ff9de6e,7,15,5,75.0,False,True,"[1, 1, 1]",6.809016994374959,8.856762664397092,8.856762664397092,,,5.320161774628937,5.320161774628936,5.320161774628933,5.320161774628933,"[5.320161774628933, 5.045971470302695, 5.299416302217897, 5.270694904170285, 5.206693173164108, 5.2624926108532435, 5.336965026592396, 5.328100305964762, 5.293638703746921, 5.315125200435388, 5.347046998285439, 5.348431903197358, 5.331257905679382, 5.326007573997846, 5.341806244288407, 5.366042199130397, 5.381207501016056, 5.384416423327802, 5.389207693711792, 5.405284278919916, 5.434249395438858, 5.4806392488433175, 5.536024756316068, 5.605228933838281, 5.689346713425546, 5.721878160126916, 5.692105786422363, 5.690429269312039, 5.74458356982077, 5.801377164585762, 5.821842247698761, 5.82400194752738, 5.8469539087157925, 5.901922162878272, 5.946568533905425, 5.993065053076283, 6.034656759247901, 6.047218299008011, 6.064073418304415, 6.083088373822166, 6.069161995999278, 6.04996061061886, 6.063697508482259, 6.0748390742237435, 6.069949552743949, 6.079286638581022, 6.096207462419836, 6.096151213487029, 6.093967107917516, 6.0994906450878705, 6.106643871135023, 6.112079699753677, 6.1102746108351775, 6.107595119839904, 6.11589752433553, 6.12274434188184, 6.1221257099571815, 6.1277553556311, 6.137454549619993, 6.14113300508351, 6.142806471814921, 6.14653836968872, 6.150965723434774, 6.1561639444245095, 6.159556716526194, 6.163148612657396, 6.168260810687549, 6.171610345773693, 6.173417962572187, 6.174804392182797, 6.175302854320993, 6.175976163233141, 6.176476722397889, 6.176103737145906, 6.1765335297859485, 6.177607396085655]",75,0.7813406515248837,,0.8574456214567192,0.8574456214567183,6.177607396085655,,0.907268611781859,,,,34.93598651885986,35.08049392700195,True,0.14580059051513672,0.001277923583984375,0.0,0.14580059051513672,Results/warm_start_cache/list_193_graphs_adjacency_listhog_v04-12_planar_clawFree__filehash_62ae5075/hog_idx000077_4c0bd1a76694_seed42_L1_M1_amplified.npz,34.952536821365356,2026-08-27 09:14:48,x86_64,dacsgpu0002,,64,64,3.11.15,0.27,False,False,False,False,,True,False,True,False,adam,False,hamqaoa,0.05,standard,1,1,42,scs,1e-06,100000,False,False,False,hog,False,False,False,False,False,False,True,1,HOG_graphs/Exp5/list_193_graphs_adjacency_listhog_v04-12_planar_clawFree.txt,True,Results/warm_start_cache,512,60,0,16,1,1,0,0,5,0,5,10,42,True,_Exp8_standardZeroAngles,1,42,42,77,"[(1, 3), (0, 1), (1, 6), (2, 6), (3, 5), (4, 6), (0, 6), (3, 4), (1, 5), (4, 5), (2, 5), (0, 5), (0, 2), (3, 6), (2, 4)]","[1.0, 1.0, 1.0, 1.0, 1.0, 1.0, 1.0, 1.0, 1.0, 1.0, 1.0, 1.0, 1.0, 1.0, 1.0]"
d3f551ff,6,9,5,75.0,False,True,"[1, 1, 1]",4.850781059358218,6.247642935772262,6.247642935772262,,,3.5473096376048776,3.547309637604877,3.547309637604877,3.547309637604877,"[3.547309637604877, 2.9256430147817203, 3.4910461671303494, 3.3644374410620177, 3.2441025831780825, 3.3860314042938944, 3.537806710538402, 3.5363850047083156, 3.5008850335038524, 3.5188620778133353, 3.593089291275681, 3.694406411401693, 3.7937350237346026, 3.872647182404044, 3.9124698958996316, 3.86971290522198, 3.8255249853187694, 3.8601717533741686, 3.9334706415968785, 3.96823980080911, 3.957090078863514, 3.9389022324210594, 3.938307596330234, 3.9519606458350207, 3.9665370736236025, 3.9779072226722505, 3.9922300389067678, 4.0100409935883325, 4.021976978150222, 4.022587652057159, 4.019192436204764, 4.021041585904395, 4.0292688792890905, 4.039265343442502, 4.044995987814202, 4.044942852404925, 4.043900587489176, 4.0458857825503065, 4.048541211655832, 4.049073728068651, 4.0500101184396415, 4.053921725638803, 4.05872297805825, 4.061512413856458, 4.062598593795669, 4.063389585232796, 4.064636274838628, 4.067226710104613, 4.070527605432128, 4.071900610759797, 4.071077290236654, 4.07107137850199, 4.072452419012461, 4.072622331484479, 4.0717757635362615, 4.072760706765083, 4.075190041939746, 4.0759395816450565, 4.0748511834438474, 4.074436871439916, 4.0749757276506875, 4.0750465841266585, 4.074994436971284, 4.075817093889153, 4.076851285815752, 4.077153552181001, 4.077199438452258, 4.077728679383237, 4.078419921553386, 4.078677636910393, 4.078683963453573, 4.078895021410736, 4.079186383545655, 4.079260044072177, 4.079316235469577, 4.079529127236733]",75,0.7312862803323891,,0.532219489631856,0.5322194896318555,4.079529127236733,,0.8410045881923343,,,,26.168309211730957,26.34092354774475,True,0.17404389381408691,0.0014138221740722656,0.0,0.17404389381408691,Results/warm_start_cache/list_193_graphs_adjacency_listhog_v04-12_planar_clawFree__filehash_62ae5075/hog_idx000144_c88e837647ba_seed42_L1_M1_amplified.npz,26.190734386444092,2026-08-27 09:14:50,x86_64,dacsgpu0002,,64,64,3.11.15,0.25,False,False,False,False,,True,False,True,False,adam,False,hamqaoa,0.05,standard,1,1,42,scs,1e-06,100000,False,False,False,hog,False,False,False,False,False,False,True,1,HOG_graphs/Exp5/list_193_graphs_adjacency_listhog_v04-12_planar_clawFree.txt,True,Results/warm_start_cache,512,60,0,16,1,1,0,0,5,0,5,10,42,True,_Exp8_standardZeroAngles,1,42,42,144,"[(0, 1), (2, 3), (3, 5), (3, 4), (1, 5), (2, 5), (0, 5), (1, 4), (2, 4)]","[1.0, 1.0, 1.0, 1.0, 1.0, 1.0, 1.0, 1.0, 1.0]"
a9963d3c,5,5,3,75.0,False,True,"[1, 1, 1]",3.118033988749896,3.8749997871535085,3.8749997871535085,,,2.0030823734454475,2.0030823734454475,2.003082373445448,2.003082373445448,"[2.003082373445448, 1.867039165521807, 1.9979586214639056, 1.98593137950467, 1.9531464213069372, 1.9698446341398985, 1.9995629906181402, 2.0159166334460172, 2.0224057686744086, 2.0421005342192875, 2.1101371427204043, 2.2500388220584844, 2.4232144818781562, 2.522112168890068, 2.490609949315319, 2.455806022769734, 2.4738887229041944, 2.537416265853997, 2.616796673389273, 2.676263288766926, 2.7054044802913526, 2.7162264567359466, 2.7178747165973802, 2.7156428989068737, 2.7124732932741313, 2.709666438743418, 2.710967491997661, 2.721636308614272, 2.7421888721578775, 2.7665439460679675, 2.786248461861529, 2.795357773008672, 2.7936252088717537, 2.7889424719535163, 2.7919379738753953, 2.8048018295815944, 2.8217408712673615, 2.8353680805896664, 2.840932680306255, 2.841400765946117, 2.844595998446498, 2.853787018391138, 2.8659329206421766, 2.875505415071281, 2.8779935054866805, 2.874392141458466, 2.8711916170565797, 2.872500178541418, 2.876431422949824, 2.879232694435272, 2.8793014649198505, 2.8780962805216355, 2.8784847686996544, 2.8813740977364533, 2.884865826816836, 2.887271830663901, 2.8888297235397618, 2.8904201975387465, 2.8924804320368294, 2.89454054067403, 2.89568581301193, 2.8959340392885444, 2.8961320777851434, 2.8966327260442304, 2.897299373532457, 2.8977648757641856, 2.89759248319268, 2.8969296387991035, 2.8962980664666436, 2.8959821284433955, 2.89611734709923, 2.89656363449824, 2.8969508444711907, 2.897140413370341, 2.8971882831982128, 2.8972492776978154]",75,0.6424183894956634,,0.8941669042523679,0.8941669042523679,2.8972492776978154,,0.9291910505630508,,,,9.9889976978302,10.120212316513062,True,0.1354079246520996,0.00417780876159668,0.0,0.1354079246520996,Results/warm_start_cache/list_193_graphs_adjacency_listhog_v04-12_planar_clawFree__filehash_62ae5075/hog_idx000011_3f7485cece79_seed42_L1_M1_amplified.npz,10.002403259277344,2026-08-27 09:14:52,x86_64,dacsgpu0002,,64,64,3.11.15,0.22,False,False,False,False,,True,True,True,False,adam,False,hamqaoa,0.05,standard,1,1,42,scs,1e-06,100000,False,False,False,hog,False,False,False,False,False,False,True,1,HOG_graphs/Exp5/list_193_graphs_adjacency_listhog_v04-12_planar_clawFree.txt,True,Results/warm_start_cache,512,60,0,16,1,1,0,0,5,0,5,10,42,True,_Exp8_standardZeroAngles,1,42,42,11,"[(2, 3), (0, 3), (3, 4), (1, 4), (2, 4)]","[1.0, 1.0, 1.0, 1.0, 1.0]"
214d8f16,7,7,4,75.0,False,True,"[1, 1, 1]",4.412724471730401,5.874999989160051,5.874999989160051,,,3.1003092778662307,3.1003092778662324,3.100309277866231,3.100309277866231,"[3.100309277866231, 2.9423749947991564, 3.0891536611260024, 3.0556972030171305, 3.009922608096984, 3.0568511644817558, 3.0966849436665775, 3.094653747874427, 3.0791801743524005, 3.076382349826031, 3.0864518256184437, 3.0989946695644193, 3.1081920502481446, 3.1147504867309457, 3.119282376184492, 3.1245933451568684, 3.1401895187171758, 3.1659703683897584, 3.1904697515875715, 3.230817310783304, 3.306461911394893, 3.402989030572029, 3.5012564011645035, 3.586265669928156, 3.648304271507435, 3.6950893044851547, 3.7370404462016964, 3.796233183711128, 3.85715550951942, 3.882077592958065, 3.8554390659678344, 3.806548078101942, 3.7870155061720654, 3.7943767361350633, 3.8182867314153857, 3.8434778140610373, 3.864317493145137, 3.882698246569192, 3.8912400299736145, 3.890602463264929, 3.8832486633282643, 3.880789908262051, 3.8851274879180093, 3.8890352474342147, 3.890445999989019, 3.8892830090655375, 3.8933565507175256, 3.8999487043045984, 3.905584081455312, 3.9079858746938014, 3.910821490066711, 3.9139207843334223, 3.915997850574175, 3.9147936252775044, 3.913164104199896, 3.914472167260198, 3.9168593471322226, 3.917505758739165, 3.9186221641785277, 3.9213750180201856, 3.9246419084793303, 3.9263307617388024, 3.9270976189091935, 3.928691803452642, 3.9311893118999133, 3.932616927481205, 3.933175952338786, 3.9338070926759974, 3.935383285854975, 3.9366503205172076, 3.937316969147942, 3.9380746325676785, 3.939474259190485, 3.940735167817374, 3.9417868013926167, 3.94286181893311]",75,0.7025839246769197,,0.8425525410668775,0.8425525410668793,3.94286181893311,,0.893520962886441,,,,20.476141452789307,20.61596369743347,True,0.14110541343688965,0.0012669563293457031,0.0,0.14110541343688965,Results/warm_start_cache/list_193_graphs_adjacency_listhog_v04-12_planar_clawFree__filehash_62ae5075/hog_idx000028_7b543aad8962_seed42_L1_M1_amplified.npz,20.505266189575195,2026-08-27 09:14:55,x86_64,dacsgpu0002,,64,64,3.11.15,0.26,False,False,False,False,,True,True,True,False,adam,False,hamqaoa,0.05,standard,1,1,42,scs,1e-06,100000,False,False,False,hog,False,False,False,False,False,False,True,1,HOG_graphs/Exp5/list_193_graphs_adjacency_listhog_v04-12_planar_clawFree.txt,True,Results/warm_start_cache,512,60,0,16,1,1,0,0,5,0,5,10,42,True,_Exp8_standardZeroAngles,1,42,42,28,"[(2, 6), (3, 5), (0, 3), (4, 6), (5, 6), (2, 5), (1, 4)]","[1.0, 1.0, 1.0, 1.0, 1.0, 1.0, 1.0]"
baad9c8e,5,5,4,75.0,False,True,"[1, 1, 1]",3.118033988749896,3.8749997871535085,3.8749997871535085,,,2.0030823734454475,2.0030823734454475,2.003082373445448,2.003082373445448,"[2.003082373445448, 1.7491125294491217, 1.98965787766822, 1.9684581076327508, 1.9232693900658184, 1.971385325865921, 2.057794723766666, 2.159329818090106, 2.2966633428575634, 2.441378196410439, 2.4962514457534697, 2.4541710943086916, 2.468825243065898, 2.5591983295090452, 2.653184580091196, 2.7057985552663455, 2.719508371492206, 2.705541844450598, 2.6896440318179065, 2.69329069274997, 2.7185862552015423, 2.755549053685154, 2.793067062231015, 2.8186284305300884, 2.8230973765483114, 2.8140521293239287, 2.8125615616071165, 2.828193129947321, 2.8511990630292345, 2.8667710459612343, 2.8637247054727797, 2.8456281105769206, 2.834534563260804, 2.8463139820249355, 2.87282613197212, 2.8923773489798457, 2.8914495066301424, 2.878687739985788, 2.8730386035731628, 2.8802611661681756, 2.8906694655108414, 2.8941949973613292, 2.89114780936153, 2.8885150518921874, 2.889922233116454, 2.8927930728921396, 2.8941834546668743, 2.8945126598151516, 2.8948568321510693, 2.894953634013058, 2.894897755061899, 2.8958953471723405, 2.8982070279321075, 2.9003281513215007, 2.9008506137342778, 2.900092862182772, 2.8994061225207846, 2.8995947500274677, 2.900529708711126, 2.9015626388928912, 2.901888488700272, 2.9013988660018226, 2.9010766325122677, 2.9015814941494047, 2.9022487986198433, 2.902153268128373, 2.9014295282223577, 2.9012012174252586, 2.9020070738393415, 2.9028750927407247, 2.902852799429291, 2.902421420708751, 2.90242626275496, 2.9027858327046463, 2.9029613736908355, 2.9028614409613347]",75,0.6424183894956634,,0.8997790675158872,0.8997790675158872,2.9028614409613347,,0.9309909550168728,,,,16.42878556251526,16.562659740447998,True,0.1354079246520996,0.0015153884887695312,0.0,0.1354079246520996,Results/warm_start_cache/list_193_graphs_adjacency_listhog_v04-12_planar_clawFree__filehash_62ae5075/hog_idx000011_3f7485cece79_seed42_L1_M1_amplified.npz,16.45111656188965,2026-08-27 09:14:58,x86_64,dacsgpu0002,,64,64,3.11.15,0.23,False,False,False,False,,True,True,True,False,adam,False,hamqaoa,0.05,standard,1,1,42,scs,1e-06,100000,False,False,False,hog,False,False,False,False,False,False,True,1,HOG_graphs/Exp5/list_193_graphs_adjacency_listhog_v04-12_planar_clawFree.txt,True,Results/warm_start_cache,512,60,0,16,1,1,0,0,5,0,5,10,42,True,_Exp8_standardZeroAngles,1,42,42,11,"[(2, 3), (0, 3), (3, 4), (1, 4), (2, 4)]","[1.0, 1.0, 1.0, 1.0, 1.0]"
2694e473,9,21,4,75.0,False,True,"[1, 1, 1]",9.266478447977926,11.549999909232167,11.549999909232167,,,7.251707569226085,7.251707569226078,7.251707569226078,7.251707569226078,"[7.251707569226078, 7.008891688306514, 7.240809892755564, 7.207675983532021, 7.146863621733774, 7.202620641584409, 7.257078687923689, 7.26527645914665, 7.27492833484887, 7.300754362649757, 7.321153801639039, 7.397808459557073, 7.545578080155772, 7.711807127679303, 7.846230630163276, 7.871114976101618, 7.843014988509539, 7.8131370331868535, 7.849006696598521, 7.909422541673267, 7.912761475763538, 7.928766457371097, 7.994009636386389, 8.025144788408447, 7.995378933634587, 7.9679291963442, 7.978189270804102, 7.99957754264486, 8.007739501184199, 8.016955047151798, 8.037380834808312, 8.055465021056051, 8.05514705238994, 8.036092401864549, 8.030688618167487, 8.052895778279995, 8.071223807578987, 8.067451269266154, 8.058275645813916, 8.05757463367817, 8.063667506598403, 8.068328712787698, 8.069683178013301, 8.073768222835499, 8.079963528481949, 8.080195716201334, 8.075189614102555, 8.074679988528992, 8.08219802413925, 8.089412118889811, 8.08988555830188, 8.08827119426058, 8.089949773147996, 8.095239922883076, 8.099739816315484, 8.100786090231434, 8.103245954796908, 8.10735952766009, 8.110420959365808, 8.112949502311146, 8.116839148664278, 8.122284808840348, 8.125404522047578, 8.127520532654115, 8.131506164830453, 8.1367649420922, 8.140837106387055, 8.144105302972834, 8.148284162182478, 8.152828744767614, 8.156674675344922, 8.159382513522507, 8.162666345510273, 8.166483133814195, 8.1696258059142, 8.171879144971482]",75,0.7825742659347038,,0.9201715757454041,0.9201715757453979,8.171879144971482,,0.8818753737839534,,,,54.73025870323181,54.91545510292053,True,0.18657159805297852,0.0013587474822998047,0.0,0.18657159805297852,Results/warm_start_cache/list_193_graphs_adjacency_listhog_v04-12_planar_clawFree__filehash_62ae5075/hog_idx000070_e17eb587f1c9_seed42_L1_M1_amplified.npz,54.743635416030884,2026-08-27 09:15:08,x86_64,dacsgpu0002,,64,64,3.11.15,0.47,False,False,False,False,,True,True,True,False,adam,False,hamqaoa,0.05,standard,1,1,42,scs,1e-06,100000,False,False,False,hog,False,False,False,False,False,False,True,1,HOG_graphs/Exp5/list_193_graphs_adjacency_listhog_v04-12_planar_clawFree.txt,True,Results/warm_start_cache,512,60,0,16,1,1,0,0,5,0,5,10,42,True,_Exp8_standardZeroAngles,1,42,42,70,"[(2, 6), (3, 5), (4, 6), (7, 8), (0, 5), (1, 4), (1, 7), (5, 7), (3, 4), (2, 8), (3, 7), (2, 5), (4, 8), (1, 3), (0, 4), (6, 8), (5, 6), (2, 7), (0, 3), (1, 8), (0, 6)]","[1.0, 1.0, 1.0, 1.0, 1.0, 1.0, 1.0, 1.0, 1.0, 1.0, 1.0, 1.0, 1.0, 1.0, 1.0, 1.0, 1.0, 1.0, 1.0, 1.0, 1.0]"
5ad03889,7,7,5,75.0,False,True,"[1, 1, 1]",4.412724471730401,5.874999989160051,5.874999989160051,,,3.1003092778662307,3.1003092778662324,3.100309277866231,3.100309277866231,"[3.100309277866231, 2.858050005685491, 3.08320550107752, 3.02589084420507, 2.9620374039994135, 3.0441879518262995, 3.099216090783491, 3.0807147686226912, 3.0577009479561132, 3.0656840925143527, 3.0883958013140593, 3.1044969306318624, 3.112170544185643, 3.1180449884240757, 3.1215156589212603, 3.1301680778994614, 3.155305817591863, 3.184926059381086, 3.2265858918221473, 3.3105534530906913, 3.4298394111633996, 3.5660396101239935, 3.661367930192804, 3.6656055910145002, 3.6162489180568325, 3.5792059473240307, 3.588567946890996, 3.669085125585266, 3.7387059073767146, 3.738412493921591, 3.7331859163395484, 3.7320734698642126, 3.717248227054427, 3.7148900692647313, 3.7270443342054946, 3.7514164376426113, 3.7809861006948955, 3.792621229285243, 3.7927050714004134, 3.797878580612301, 3.80231323499799, 3.8157099947876483, 3.833129147591358, 3.840100064531422, 3.8510485999545194, 3.8618004443922294, 3.873064911058694, 3.886638915435864, 3.894004803922569, 3.9019522613052184, 3.898161752137346, 3.8984463070290785, 3.901172249257268, 3.906130549620274, 3.9061462441214516, 3.9068486498294077, 3.9031402115270852, 3.901621006325603, 3.9034921395556896, 3.9104380403420893, 3.915938742741559, 3.921215643434258, 3.923299469097571, 3.9253071875185883, 3.927376610818136, 3.9313696332718897, 3.932855841377172, 3.9335423287638305, 3.934200470885502, 3.9356987670302974, 3.936343991808296, 3.9366000397626486, 3.936832564005382, 3.9374904420539383, 3.9389112742717773, 3.9404442147666634]",75,0.7025839246769197,,0.840134936900431,0.8401349369004327,3.9404442147666634,,0.8929730917963844,,,,33.61745023727417,33.757009744644165,True,0.14110541343688965,0.0015282630920410156,0.0,0.14110541343688965,Results/warm_start_cache/list_193_graphs_adjacency_listhog_v04-12_planar_clawFree__filehash_62ae5075/hog_idx000028_7b543aad8962_seed42_L1_M1_amplified.npz,33.67174506187439,2026-08-27 09:15:09,x86_64,dacsgpu0002,,64,64,3.11.15,0.26,False,False,False,False,,True,True,True,False,adam,False,hamqaoa,0.05,standard,1,1,42,scs,1e-06,100000,False,False,False,hog,False,False,False,False,False,False,True,1,HOG_graphs/Exp5/list_193_graphs_adjacency_listhog_v04-12_planar_clawFree.txt,True,Results/warm_start_cache,512,60,0,16,1,1,0,0,5,0,5,10,42,True,_Exp8_standardZeroAngles,1,42,42,28,"[(2, 6), (3, 5), (0, 3), (4, 6), (5, 6), (2, 5), (1, 4)]","[1.0, 1.0, 1.0, 1.0, 1.0, 1.0, 1.0]"
8d595644,5,5,5,75.0,False,True,"[1, 1, 1]",3.118033988749896,3.8749997871535085,3.8749997871535085,,,2.0030823734454475,2.0030823734454475,2.003082373445448,2.003082373445448,"[2.003082373445448, 1.6120238939284992, 1.9788661890379522, 1.951859594794479, 1.9152677110191756, 2.0381068073092328, 2.243374431177454, 2.431451613636258, 2.4760264464993265, 2.4227247223792117, 2.4221148152419394, 2.5010114141962343, 2.608200292871717, 2.6997385998741055, 2.7294626317027175, 2.7008842521644008, 2.668575521382102, 2.67578516665451, 2.727886488725464, 2.794478011933057, 2.833706465113471, 2.8280191901140133, 2.8006599359228725, 2.7893809593359933, 2.8122275624650097, 2.854203085208831, 2.879297021424236, 2.871174938113232, 2.852371161727147, 2.8503299935293347, 2.8687361342813364, 2.8901129589892927, 2.89488628341527, 2.8819314294861558, 2.872919226003214, 2.8809657118710366, 2.8910445116623418, 2.8891034883586384, 2.88247301209195, 2.882470627476813, 2.889256106341966, 2.895424836673972, 2.89578905945397, 2.8922419822201952, 2.89090921429487, 2.8949641612766275, 2.900853529311348, 2.902554585116954, 2.89917757822623, 2.8962787599258197, 2.8980098432199908, 2.901633518030346, 2.9025794152470037, 2.900912227632423, 2.8998791371164883, 2.9007954046013515, 2.9021880480686746, 2.902698923362639, 2.902522746285594, 2.9024672255384956, 2.9030152134977674, 2.9038359602581814, 2.9040068005595687, 2.9034595881240604, 2.9033960226444098, 2.9043426330506326, 2.9050898211685086, 2.9047067330446863, 2.9041656362367396, 2.9045728996792493, 2.905321683004667, 2.9054042588316533, 2.9051052122698224, 2.9051767785518225, 2.905505568115914, 2.905630938350435]",75,0.6424183894956634,,0.9025485649049876,0.9025485649049876,2.905630938350435,,0.9318791741315755,,,,26.999199151992798,27.133082151412964,True,0.1354079246520996,0.0015091896057128906,0.0,0.1354079246520996,Results/warm_start_cache/list_193_graphs_adjacency_listhog_v04-12_planar_clawFree__filehash_62ae5075/hog_idx000011_3f7485cece79_seed42_L1_M1_amplified.npz,27.023306846618652,2026-08-27 09:15:09,x86_64,dacsgpu0002,,64,64,3.11.15,0.23,False,False,False,False,,True,True,True,False,adam,False,hamqaoa,0.05,standard,1,1,42,scs,1e-06,100000,False,False,False,hog,False,False,False,False,False,False,True,1,HOG_graphs/Exp5/list_193_graphs_adjacency_listhog_v04-12_planar_clawFree.txt,True,Results/warm_start_cache,512,60,0,16,1,1,0,0,5,0,5,10,42,True,_Exp8_standardZeroAngles,1,42,42,11,"[(2, 3), (0, 3), (3, 4), (1, 4), (2, 4)]","[1.0, 1.0, 1.0, 1.0, 1.0]"
60cfd338,6,7,1,75.0,False,True,"[1, 1, 1]",4.350781059358209,5.499999835437399,5.499999835437399,,,2.9999993971882093,2.9999993971882097,2.9999993971882097,2.9999993971882097,"[2.9999993971882097, 2.969267223680762, 2.9981650697769218, 2.9949994892497678, 2.986071090324113, 2.9877327175223933, 2.993841151772239, 2.9983335793191763, 2.9998426730717522, 2.9993871120812092, 2.998251165216783, 2.9972855066190003, 2.996886057164347, 2.9971417634688846, 2.9979184864937127, 2.9988496392305075, 2.9994708602417317, 2.99961852170112, 2.9996242757916964, 2.999814018316825, 2.999995760222944, 2.999906918754122, 2.999812075570556, 2.9999964199320206, 3.000193137804142, 3.000230583757814, 3.0004571841018803, 3.000977667627585, 3.0015688282492916, 3.0025135979021043, 3.0043542406435013, 3.007464514515651, 3.0128846803772116, 3.0225753955417325, 3.0387129315444583, 3.0628172658599357, 3.0933435557216393, 3.1239653028498684, 3.1465022475468483, 3.1558558077218253, 3.155501174546981, 3.1584920745612624, 3.168076223343311, 3.1737596566901054, 3.1665989054896126, 3.154260332175636, 3.1500688948742845, 3.1553748953198157, 3.163582841790539, 3.1684663556238575, 3.1693699026223277, 3.169394174148495, 3.170806754317973, 3.1737175403282536, 3.1766179898328755, 3.1775268856146703, 3.1759431746821805, 3.1735035361758754, 3.171921239347519, 3.1716307732961946, 3.1725602067177707, 3.174157917654002, 3.175283458239768, 3.175372498669824, 3.1749251217104226, 3.1747333510877382, 3.1753001900068636, 3.176504113598262, 3.177567102053823, 3.1778381832801883, 3.1774106904799413, 3.176802495611174, 3.176481991581311, 3.176653889949106, 3.177110336879407, 3.177408770379287]",75,0.6895312258325279,,0.17740937319107708,0.17740937319107752,3.177408770379287,,0.7303076682162425,,,,6.499493837356567,6.643564701080322,True,0.15126395225524902,0.007158994674682617,0.0,0.15126395225524902,Results/warm_start_cache/list_193_graphs_adjacency_listhog_v04-12_planar_clawFree__filehash_62ae5075/hog_idx000167_3fee9bafe675_seed42_L1_M1_amplified.npz,6.572230815887451,2026-08-27 09:15:10,x86_64,dacsgpu0002,,64,64,3.11.15,0.22,False,False,False,False,,True,False,True,False,adam,False,hamqaoa,0.05,standard,1,1,42,scs,1e-06,100000,False,False,False,hog,False,False,False,False,False,False,True,1,HOG_graphs/Exp5/list_193_graphs_adjacency_listhog_v04-12_planar_clawFree.txt,True,Results/warm_start_cache,512,60,0,16,1,1,0,0,5,0,5,10,42,True,_Exp8_standardZeroAngles,1,42,42,167,"[(0, 1), (2, 3), (3, 5), (3, 4), (1, 5), (4, 5), (2, 4)]","[1.0, 1.0, 1.0, 1.0, 1.0, 1.0, 1.0]"
6533741e,6,7,2,75.0,False,True,"[1, 1, 1]",4.350781059358209,5.499999835437399,5.499999835437399,,,2.9999993971882093,2.9999993971882097,2.9999993971882097,2.9999993971882097,"[2.9999993971882097, 2.8813852923447665, 2.9930949373685185, 2.982652758758575, 2.9554413285722334, 2.9624001747720525, 2.9831374735426914, 3.0015433172420973, 3.0142516344686543, 3.023393397314806, 3.035365178207401, 3.062595517131922, 3.1196223032434096, 3.2086797693654647, 3.299861346587857, 3.3300416194885236, 3.272257924328909, 3.2238339218151664, 3.2449200262786126, 3.3009493874491618, 3.3444783089226298, 3.3561526770273704, 3.3469271343194844, 3.3341809365668227, 3.3264768093134207, 3.326527756240107, 3.335964284442115, 3.3543219563724316, 3.37729861560916, 3.4001658683040756, 3.4223717455259055, 3.4468242415405888, 3.4759182497320866, 3.509103987012775, 3.5427064713935077, 3.57086226538411, 3.586457268146875, 3.583518178003292, 3.563591705594769, 3.540619713480396, 3.5293609440175393, 3.53285747125736, 3.5464568621655306, 3.5632528688480143, 3.5767568354809787, 3.5839439891094336, 3.5858467118428763, 3.5844711883160194, 3.58107880561571, 3.577121460885728, 3.5742760119139074, 3.5733108965650353, 3.5740822028117445, 3.576344189221595, 3.579686865750325, 3.5831408921262407, 3.5857667523805095, 3.5873443280760906, 3.5880229319617456, 3.5878648195593654, 3.587133872207924, 3.586404736676175, 3.586045646705415, 3.586117821188804, 3.586685370185058, 3.5875938546791244, 3.5883334873604253, 3.5886535504353607, 3.588801164376564, 3.5889940936560794, 3.589197712221503, 3.5893524271294996, 3.5894227823743696, 3.5893940328935146, 3.589377749931524, 3.5894768136621416]",75,0.6895312258325279,,0.5894774164739318,0.5894774164739323,3.5894768136621416,,0.825018948251014,,,,10.893398761749268,11.033098697662354,True,0.15126395225524902,0.011546611785888672,0.0,0.15126395225524902,Results/warm_start_cache/list_193_graphs_adjacency_listhog_v04-12_planar_clawFree__filehash_62ae5075/hog_idx000167_3fee9bafe675_seed42_L1_M1_amplified.npz,10.959973096847534,2026-08-27 09:15:20,x86_64,dacsgpu0002,,64,64,3.11.15,0.22,False,False,False,False,,True,False,True,False,adam,False,hamqaoa,0.05,standard,1,1,42,scs,1e-06,100000,False,False,False,hog,False,False,False,False,False,False,True,1,HOG_graphs/Exp5/list_193_graphs_adjacency_listhog_v04-12_planar_clawFree.txt,True,Results/warm_start_cache,512,60,0,16,1,1,0,0,5,0,5,10,42,True,_Exp8_standardZeroAngles,1,42,42,167,"[(0, 1), (2, 3), (3, 5), (3, 4), (1, 5), (4, 5), (2, 4)]","[1.0, 1.0, 1.0, 1.0, 1.0, 1.0, 1.0]"
f90ec2f0,9,12,1,75.0,False,True,"[1, 1, 1]",6.000000000000003,7.4999999998344355,7.4999999998344355,,,4.313924311313362,4.313924311313357,4.31392431131336,4.31392431131336,"[4.31392431131336, 4.332309960070597, 4.343361571543105, 4.345890267302243, 4.342681889540189, 4.338183064668657, 4.338331025679245, 4.342956497268217, 4.347634082562058, 4.349480079389165, 4.34833175953227, 4.34593443665317, 4.344298791825927, 4.344350796518476, 4.345767247681312, 4.347593329718314, 4.348913358583545, 4.349264722758263, 4.348737948348969, 4.347832796095328, 4.347199609014924, 4.3472884291659, 4.348043490357349, 4.348960727712259, 4.349488996115909, 4.3494103708754235, 4.348928584686955, 4.34846552650586, 4.34835188671736, 4.348635689561132, 4.349103368589386, 4.349456427161613, 4.3495113468778435, 4.349307755256087, 4.349055257009443, 4.3489602430623675, 4.349079042360987, 4.349307511950147, 4.349485186427722, 4.34951255140002, 4.349408721148335, 4.349282882048348, 4.3492457171281815, 4.349324498648412, 4.349450438449027, 4.349525205594778, 4.349505939367522, 4.349434129667777, 4.349387706559172, 4.349407084618683, 4.3494686582355016, 4.349518238772066, 4.349522727215584, 4.349491736941784, 4.349461575687626, 4.34946173483904, 4.349491880471314, 4.349524674006405, 4.34953230160203, 4.3495137215829205, 4.349493862862406, 4.349495253055302, 4.349515009504951, 4.349532463834228, 4.349533276002168, 4.349521537675134, 4.349512009728718, 4.349514594374799, 4.349526371631955, 4.34953566591991, 4.349534553299943, 4.349526550345416, 4.349521997580397, 4.349526100733759, 4.349533757459733, 4.349536825764948]",75,0.7189873852188926,,0.035612514451590194,0.03561251445158575,4.349536825764948,,0.7249228042941576,,,,34.56617546081543,34.74787259101868,True,0.18380999565124512,0.0020940303802490234,0.0,0.18380999565124512,Results/warm_start_cache/list_193_graphs_adjacency_listhog_v04-12_planar_clawFree__filehash_62ae5075/hog_idx000133_414d94429f05_seed42_L1_M1_amplified.npz,34.591299295425415,2026-08-27 09:15:31,x86_64,dacsgpu0002,,64,64,3.11.15,0.3,False,False,False,False,,True,False,True,True,adam,False,hamqaoa,0.05,standard,1,1,42,scs,1e-06,100000,False,False,False,hog,False,False,False,False,False,False,True,1,HOG_graphs/Exp5/list_193_graphs_adjacency_listhog_v04-12_planar_clawFree.txt,True,Results/warm_start_cache,512,60,0,16,1,1,0,0,5,0,5,10,42,True,_Exp8_standardZeroAngles,1,42,42,133,"[(2, 7), (0, 1), (2, 3), (1, 6), (6, 8), (0, 6), (7, 8), (4, 5), (3, 7), (4, 8), (5, 8), (6, 7)]","[1.0, 1.0, 1.0, 1.0, 1.0, 1.0, 1.0, 1.0, 1.0, 1.0, 1.0, 1.0]"
cae26322,9,21,5,75.0,False,True,"[1, 1, 1]",9.266478447977926,11.549999909232167,11.549999909232167,,,7.251707569226085,7.251707569226078,7.251707569226078,7.251707569226078,"[7.251707569226078, 6.840521473244945, 7.223686010131902, 7.175169238325487, 7.103060785339802, 7.187105338010395, 7.2740112597210285, 7.287867206300391, 7.273098691131088, 7.301430367932217, 7.3587382213884736, 7.488472927465824, 7.729022936021511, 7.885251045882829, 7.784013668291254, 7.772585064029761, 7.863239881545775, 7.86943370305127, 7.890183168357483, 7.922231097450621, 7.929058175850806, 7.954187979438904, 7.966528730240689, 7.949879517651638, 7.952226014240867, 7.993282718370982, 8.027217362598273, 8.023408071087132, 8.020522465995054, 8.026806223022215, 8.022518134805207, 8.028328454852591, 8.048773639018977, 8.06060186895597, 8.06572995587574, 8.071529968865256, 8.071413935258786, 8.066947407879402, 8.067584584988937, 8.073099286616689, 8.076485758173696, 8.074986705989668, 8.074065059852114, 8.080820096150594, 8.090514497312142, 8.09156187508578, 8.088327055895286, 8.090835751955526, 8.096798346440993, 8.103137951122825, 8.10936900540321, 8.112733047918102, 8.115282251139444, 8.120251624449713, 8.125823788349464, 8.132107272270233, 8.139209729060124, 8.145141361608449, 8.15050652047658, 8.157674492331987, 8.166520682919328, 8.173508525212185, 8.177879311472767, 8.182623360754194, 8.187325225595064, 8.190563114020119, 8.193210893320884, 8.195161455231007, 8.196201135501045, 8.197262430330817, 8.198557190846843, 8.198998482213472, 8.198634123563311, 8.198657295542345, 8.199125599795625, 8.199861192073937]",75,0.7825742659347038,,0.9481536228478591,0.9481536228478529,8.199861192073937,,0.8848950804891,,,,81.30014443397522,81.48437714576721,True,0.18657159805297852,0.002321481704711914,0.0,0.18657159805297852,Results/warm_start_cache/list_193_graphs_adjacency_listhog_v04-12_planar_clawFree__filehash_62ae5075/hog_idx000070_e17eb587f1c9_seed42_L1_M1_amplified.npz,81.31602454185486,2026-08-27 09:15:34,x86_64,dacsgpu0002,,64,64,3.11.15,0.53,False,False,False,False,,True,True,True,False,adam,False,hamqaoa,0.05,standard,1,1,42,scs,1e-06,100000,False,False,False,hog,False,False,False,False,False,False,True,1,HOG_graphs/Exp5/list_193_graphs_adjacency_listhog_v04-12_planar_clawFree.txt,True,Results/warm_start_cache,512,60,0,16,1,1,0,0,5,0,5,10,42,True,_Exp8_standardZeroAngles,1,42,42,70,"[(2, 6), (3, 5), (4, 6), (7, 8), (0, 5), (1, 4), (1, 7), (5, 7), (3, 4), (2, 8), (3, 7), (2, 5), (4, 8), (1, 3), (0, 4), (6, 8), (5, 6), (2, 7), (0, 3), (1, 8), (0, 6)]","[1.0, 1.0, 1.0, 1.0, 1.0, 1.0, 1.0, 1.0, 1.0, 1.0, 1.0, 1.0, 1.0, 1.0, 1.0, 1.0, 1.0, 1.0, 1.0, 1.0, 1.0]"
19ef4b32,9,12,2,75.0,False,True,"[1, 1, 1]",6.000000000000003,7.4999999998344355,7.4999999998344355,,,4.313924311313362,4.313924311313357,4.31392431131336,4.31392431131336,"[4.31392431131336, 4.3209216667166315, 4.332197087449755, 4.342026001028564, 4.339534962493018, 4.337321108476688, 4.339714279088056, 4.343209536414951, 4.344284085296172, 4.342661704091751, 4.341917627682756, 4.344096658278446, 4.347746731895761, 4.350711388792264, 4.3518272266388776, 4.351272788716238, 4.350503015640512, 4.35132657844167, 4.354483646560905, 4.3590241365751705, 4.363245940240215, 4.3660879032182, 4.36744626544867, 4.367584982335479, 4.367049972299402, 4.366585976143156, 4.366182416114173, 4.365813922317369, 4.3657924465403335, 4.3662824014935655, 4.3673718313340455, 4.36860934075091, 4.369189046586981, 4.368779685938841, 4.368005257306848, 4.367803373306775, 4.3683669012303055, 4.369036460980241, 4.3692031405132745, 4.36903349990188, 4.3690347349581335, 4.369214431139116, 4.369235860651193, 4.36910141440777, 4.3690874800226585, 4.369252161376821, 4.369440455049064, 4.369579454765124, 4.3697026279003905, 4.369803498509337, 4.369819450833383, 4.369736291397387, 4.369619374021806, 4.369549476537488, 4.369575281248038, 4.369676647938208, 4.369767339480303, 4.369801376819788, 4.369830581228506, 4.369885694136187, 4.369906807837942, 4.369863280244496, 4.369821217645316, 4.369831633930941, 4.369856482728125, 4.369857969736026, 4.369865980990754, 4.369896417182281, 4.369906757520989, 4.369889701726302, 4.369892409813459, 4.369919290566249, 4.3699292681227195, 4.369921900896428, 4.369927179360838, 4.369937735187045]",75,0.7189873852188926,,0.05601342387368735,0.05601342387368291,4.369937735187045,,0.7283229558645071,,,,43.97181057929993,44.14747405052185,True,0.18380999565124512,0.008127689361572266,0.0,0.18380999565124512,Results/warm_start_cache/list_193_graphs_adjacency_listhog_v04-12_planar_clawFree__filehash_62ae5075/hog_idx000133_414d94429f05_seed42_L1_M1_amplified.npz,44.023048877716064,2026-08-27 09:15:40,x86_64,dacsgpu0002,,64,64,3.11.15,0.36,False,False,False,False,,True,False,True,True,adam,False,hamqaoa,0.05,standard,1,1,42,scs,1e-06,100000,False,False,False,hog,False,False,False,False,False,False,True,1,HOG_graphs/Exp5/list_193_graphs_adjacency_listhog_v04-12_planar_clawFree.txt,True,Results/warm_start_cache,512,60,0,16,1,1,0,0,5,0,5,10,42,True,_Exp8_standardZeroAngles,1,42,42,133,"[(2, 7), (0, 1), (2, 3), (1, 6), (6, 8), (0, 6), (7, 8), (4, 5), (3, 7), (4, 8), (5, 8), (6, 7)]","[1.0, 1.0, 1.0, 1.0, 1.0, 1.0, 1.0, 1.0, 1.0, 1.0, 1.0, 1.0]"
d1dd6174,9,12,3,75.0,False,True,"[1, 1, 1]",6.000000000000003,7.4999999998344355,7.4999999998344355,,,4.313924311313362,4.313924311313357,4.31392431131336,4.31392431131336,"[4.31392431131336, 4.279778746564178, 4.326904046344899, 4.345344570036203, 4.327586944996599, 4.328025309208388, 4.337942354708301, 4.336828628149673, 4.3372922373192635, 4.342519602992165, 4.342635578245627, 4.344235410933993, 4.352277809847123, 4.359870856477587, 4.368563143991972, 4.391261484676299, 4.438983687373724, 4.5332381722912585, 4.700578186172781, 4.903266045616386, 5.019656093951329, 4.971183102764388, 4.882516890497158, 4.841700581525932, 4.859739034006853, 4.909833240801683, 4.96033748468156, 4.99628446155511, 5.014914010030292, 5.016946707433818, 5.00627357109672, 4.99215360082625, 4.985857338106803, 4.992257924856607, 5.008293406614956, 5.028377982454969, 5.04790905481025, 5.061880429649964, 5.065126497751273, 5.058404223174022, 5.050792971800324, 5.051142185395222, 5.0613088134995285, 5.077494460387937, 5.0927515897391125, 5.101160668755353, 5.10334094748499, 5.105834910279004, 5.11439332502707, 5.1300850940610525, 5.149708108028257, 5.168671748724133, 5.1857131653274156, 5.203761629594914, 5.225361805430277, 5.249669646243772, 5.272586632305423, 5.288875228844224, 5.296075599165587, 5.295040690957635, 5.287385935823777, 5.2770376970097015, 5.270634112499636, 5.272175163191584, 5.280255517089017, 5.290452982168178, 5.298675634507171, 5.3031223889154, 5.304275155766297, 5.303186493252381, 5.300422325097429, 5.296995082655237, 5.294842868827747, 5.295406366069488, 5.298424944765281, 5.30247810564737]",75,0.7189873852188926,,0.9885537943340124,0.9885537943340079,5.30247810564737,,0.8837463509412279,,,,51.04189372062683,51.22411847114563,True,0.18380999565124512,0.0015680789947509766,0.0,0.18380999565124512,Results/warm_start_cache/list_193_graphs_adjacency_listhog_v04-12_planar_clawFree__filehash_62ae5075/hog_idx000133_414d94429f05_seed42_L1_M1_amplified.npz,51.08633255958557,2026-08-27 09:15:48,x86_64,dacsgpu0002,,64,64,3.11.15,0.43,False,False,False,False,,True,False,True,True,adam,False,hamqaoa,0.05,standard,1,1,42,scs,1e-06,100000,False,False,False,hog,False,False,False,False,False,False,True,1,HOG_graphs/Exp5/list_193_graphs_adjacency_listhog_v04-12_planar_clawFree.txt,True,Results/warm_start_cache,512,60,0,16,1,1,0,0,5,0,5,10,42,True,_Exp8_standardZeroAngles,1,42,42,133,"[(2, 7), (0, 1), (2, 3), (1, 6), (6, 8), (0, 6), (7, 8), (4, 5), (3, 7), (4, 8), (5, 8), (6, 7)]","[1.0, 1.0, 1.0, 1.0, 1.0, 1.0, 1.0, 1.0, 1.0, 1.0, 1.0, 1.0]"
eccc673c,9,12,4,75.0,False,True,"[1, 1, 1]",6.000000000000003,7.4999999998344355,7.4999999998344355,,,4.313924311313362,4.313924311313357,4.31392431131336,4.31392431131336,"[4.31392431131336, 4.211007073792906, 4.322220454891987, 4.335552672437838, 4.300263313168582, 4.319392046799431, 4.337987151155, 4.320868339951817, 4.329511552765896, 4.347361379356043, 4.343910969919711, 4.349163580717726, 4.377885135272907, 4.411556273612487, 4.476247299555121, 4.633712713647513, 4.861571775821724, 4.990524240789863, 4.928304548452419, 4.840393430969541, 4.823988549615243, 4.8695253293895355, 4.928893687405511, 4.970676582212426, 4.987137345730863, 5.004091662127561, 5.025828128029419, 5.036594730874187, 5.030609114578248, 5.021180383674207, 5.028644918072482, 5.05868305263477, 5.101928796275129, 5.140593593462858, 5.159849275190503, 5.163477253586822, 5.171845422400492, 5.195907066323809, 5.225700107366887, 5.245213552328515, 5.2548375076214, 5.265479473303502, 5.2722406008915215, 5.2666278610279225, 5.257150114531015, 5.256075705876581, 5.26266808429873, 5.268920467590944, 5.270237873128775, 5.269882629987248, 5.275817824203041, 5.2876806961515515, 5.298104166508733, 5.3037657726304355, 5.305116950766118, 5.303290939222597, 5.299874692881308, 5.297183955926155, 5.296944169445889, 5.299097749679929, 5.301918878141025, 5.303955834712068, 5.305929723419761, 5.308167438860617, 5.3091532275082, 5.308683375021051, 5.308030761272919, 5.3074960156710524, 5.306999758009208, 5.307205551238393, 5.308312960828138, 5.309786765998131, 5.310909601834975, 5.311330743572328, 5.311510107918599, 5.311539344354479]",75,0.7189873852188926,,0.9976150330411215,0.9976150330411171,5.311539344354479,,0.8852565573924127,,,,62.04324555397034,62.225282430648804,True,0.18380999565124512,0.0017554759979248047,0.0,0.18380999565124512,Results/warm_start_cache/list_193_graphs_adjacency_listhog_v04-12_planar_clawFree__filehash_62ae5075/hog_idx000133_414d94429f05_seed42_L1_M1_amplified.npz,62.08703279495239,2026-08-27 09:16:00,x86_64,dacsgpu0002,,64,64,3.11.15,0.48,False,False,False,False,,True,False,True,True,adam,False,hamqaoa,0.05,standard,1,1,42,scs,1e-06,100000,False,False,False,hog,False,False,False,False,False,False,True,1,HOG_graphs/Exp5/list_193_graphs_adjacency_listhog_v04-12_planar_clawFree.txt,True,Results/warm_start_cache,512,60,0,16,1,1,0,0,5,0,5,10,42,True,_Exp8_standardZeroAngles,1,42,42,133,"[(2, 7), (0, 1), (2, 3), (1, 6), (6, 8), (0, 6), (7, 8), (4, 5), (3, 7), (4, 8), (5, 8), (6, 7)]","[1.0, 1.0, 1.0, 1.0, 1.0, 1.0, 1.0, 1.0, 1.0, 1.0, 1.0, 1.0]"
95ff516f,9,12,5,75.0,False,True,"[1, 1, 1]",6.000000000000003,7.4999999998344355,7.4999999998344355,,,4.313924311313362,4.313924311313357,4.31392431131336,4.31392431131336,"[4.31392431131336, 4.1180793252635235, 4.313656588544036, 4.315315039583773, 4.261650423621904, 4.306809960895559, 4.33972826337795, 4.298697435948381, 4.312936278146002, 4.351306325677218, 4.34460096821036, 4.341215206239136, 4.380839716994516, 4.431912760241442, 4.507774848368273, 4.68471902829398, 4.915475269806387, 4.982359865909434, 4.867860893054234, 4.799339599621658, 4.836925938764535, 4.906925385561133, 4.952619456383109, 4.967318040034585, 4.974522524211762, 4.984010577581693, 4.99721139787917, 5.00889863988898, 5.009482197067209, 5.00392788812401, 5.015296752052739, 5.049473670767581, 5.083727362257448, 5.0957926194836825, 5.087745176121979, 5.081595321152451, 5.091436994929708, 5.114700764032229, 5.136247681468346, 5.144461269364782, 5.144093009314167, 5.151598017574511, 5.1729296352704015, 5.193279254404169, 5.2007898548156, 5.204284613437753, 5.217767415443632, 5.2398240413053045, 5.255720983187011, 5.260740043357026, 5.266357763953062, 5.278209273279501, 5.288552414385112, 5.292449498973003, 5.295107005034231, 5.302120872886741, 5.310530753224535, 5.314345996756527, 5.315930722485687, 5.320621446338361, 5.326092735237915, 5.328542822710173, 5.329300268940242, 5.329990201046736, 5.330163547580279, 5.3310393462770875, 5.332867625826092, 5.333933849969437, 5.3343820047524515, 5.335480797354916, 5.33662266243097, 5.3372748068789795, 5.338558878756611, 5.339314879335535, 5.338980955171752, 5.339412995579259]",75,0.7189873852188926,,1.025488684265902,1.0254886842658975,5.339412995579259,,0.8899021659298761,,,,77.44223594665527,77.62432837486267,True,0.18380999565124512,0.0016982555389404297,0.0,0.18380999565124512,Results/warm_start_cache/list_193_graphs_adjacency_listhog_v04-12_planar_clawFree__filehash_62ae5075/hog_idx000133_414d94429f05_seed42_L1_M1_amplified.npz,77.50248217582703,2026-08-27 09:16:16,x86_64,dacsgpu0002,,64,64,3.11.15,0.52,False,False,False,False,,True,False,True,True,adam,False,hamqaoa,0.05,standard,1,1,42,scs,1e-06,100000,False,False,False,hog,False,False,False,False,False,False,True,1,HOG_graphs/Exp5/list_193_graphs_adjacency_listhog_v04-12_planar_clawFree.txt,True,Results/warm_start_cache,512,60,0,16,1,1,0,0,5,0,5,10,42,True,_Exp8_standardZeroAngles,1,42,42,133,"[(2, 7), (0, 1), (2, 3), (1, 6), (6, 8), (0, 6), (7, 8), (4, 5), (3, 7), (4, 8), (5, 8), (6, 7)]","[1.0, 1.0, 1.0, 1.0, 1.0, 1.0, 1.0, 1.0, 1.0, 1.0, 1.0, 1.0]"
63fd63eb,10,24,1,75.0,False,True,"[1, 1, 1]",10.965055530900734,13.499999996710129,13.499999996710129,,,8.28840058490719,8.288400584907198,8.288400584907194,8.288400584907194,"[8.288400584907194, 8.267000276117084, 8.287185381158988, 8.284997778451876, 8.278527065812527, 8.278483119312082, 8.282436291503828, 8.28664076569369, 8.288772778837055, 8.288728012418064, 8.287732961416463, 8.286717865115975, 8.286907388167396, 8.287935207189575, 8.289425485983852, 8.290588481543613, 8.291355579669597, 8.291577572121684, 8.291703180739944, 8.291680442418668, 8.291965709897992, 8.292480533763602, 8.293147855928822, 8.294110353806655, 8.295054501210597, 8.29578720952638, 8.29630023780413, 8.296512134665846, 8.296669686375639, 8.297234607797487, 8.298166592072663, 8.299085219297545, 8.299763895124956, 8.300199216773288, 8.300542912172668, 8.30107710817268, 8.301816235878785, 8.302576065405761, 8.303175730374079, 8.303475487170752, 8.303701065888337, 8.304045591847919, 8.304386922058006, 8.304409876349155, 8.304129575368675, 8.303744925723084, 8.303442992994663, 8.303325687516866, 8.3033549197733, 8.303488688618993, 8.303716752058497, 8.30398864511841, 8.304246938713533, 8.304407237565128, 8.304434961099952, 8.3044027585252, 8.304364498705345, 8.304331130666128, 8.304269980248662, 8.304203166386392, 8.304162523350797, 8.304167846377647, 8.304186990163295, 8.304205078006248, 8.30423317960325, 8.304283821382793, 8.304345219279352, 8.304389682506658, 8.304417640410254, 8.304438907226732, 8.304455573727747, 8.304453576823441, 8.304433763327863, 8.30441132566266, 8.304398649654352, 8.304392761709925]",75,0.7558922580510031,,0.015992176802727798,0.015992176802734903,8.304392761709925,,0.757350725521383,,,,110.1415741443634,110.37437081336975,True,0.23735570907592773,0.004542350769042969,0.0,0.23735570907592773,Results/warm_start_cache/list_193_graphs_adjacency_listhog_v04-12_planar_clawFree__filehash_62ae5075/hog_idx000152_c782d4969a24_seed42_L1_M1_amplified.npz,110.15821266174316,2026-08-27 09:16:32,x86_64,dacsgpu0002,,64,64,3.11.15,0.52,False,False,False,False,,True,True,True,False,adam,False,hamqaoa,0.05,standard,1,1,42,scs,1e-06,100000,False,False,False,hog,False,False,False,False,False,False,True,1,HOG_graphs/Exp5/list_193_graphs_adjacency_listhog_v04-12_planar_clawFree.txt,True,Results/warm_start_cache,512,60,0,16,1,1,0,0,5,0,5,10,42,True,_Exp8_standardZeroAngles,1,42,42,152,"[(2, 3), (3, 8), (2, 6), (3, 5), (4, 9), (0, 5), (0, 2), (1, 7), (4, 5), (8, 9), (1, 6), (0, 4), (1, 9), (6, 8), (5, 9), (3, 6), (2, 4), (2, 7), (4, 7), (7, 9), (0, 3), (1, 8), (5, 8), (6, 7)]","[1.0, 1.0, 1.0, 1.0, 1.0, 1.0, 1.0, 1.0, 1.0, 1.0, 1.0, 1.0, 1.0, 1.0, 1.0, 1.0, 1.0, 1.0, 1.0, 1.0, 1.0, 1.0, 1.0, 1.0]"
6d20f333,10,24,2,75.0,False,True,"[1, 1, 1]",10.965055530900734,13.499999996710129,13.499999996710129,,,8.28840058490719,8.288400584907198,8.288400584907194,8.288400584907194,"[8.288400584907194, 8.211213719393832, 8.283654294213825, 8.27404575764524, 8.250403122325464, 8.255821883855814, 8.274206788558905, 8.286586845011422, 8.2867023642966, 8.279064261105127, 8.273031920636381, 8.273944970181224, 8.2804680160497, 8.287861069279565, 8.291117229807748, 8.288154079728972, 8.282945358782632, 8.282505270358246, 8.287494367939047, 8.292179219419452, 8.29248448805507, 8.289551256941493, 8.287713040139662, 8.289692697597257, 8.2937936885924, 8.29573778084315, 8.29396041828003, 8.29280782246408, 8.295525311205997, 8.298433841846732, 8.298691421219942, 8.29881267425952, 8.300781483628267, 8.302749778002067, 8.302984497314846, 8.303913434505185, 8.30666611329699, 8.307186510214919, 8.306105151333794, 8.307193358935166, 8.309235183316577, 8.310847546098557, 8.311834188511659, 8.312019003391347, 8.31434236652665, 8.319691184208112, 8.327573762926924, 8.341044587374364, 8.356258612566636, 8.369716258039006, 8.372592721474826, 8.362855138128214, 8.35281966504567, 8.356500128361986, 8.367078281122737, 8.373931495626675, 8.376328070705924, 8.374372402758032, 8.373585155905001, 8.377308578480442, 8.390951693563093, 8.420374189776446, 8.481480998538139, 8.601395687619034, 8.797309304463273, 9.000366573420113, 9.055879608277884, 9.015237774855029, 9.048553512095275, 9.154481855073778, 9.192254621945304, 9.147965719151426, 9.10527831540617, 9.102829154571712, 9.133021010279474, 9.172925878841252]",75,0.7558922580510031,,0.884525293934054,0.8845252939340611,9.172925878841252,,0.83655991098184,,,,122.09452891349792,122.33031582832336,True,0.23735570907592773,0.0015566349029541016,0.0,0.23735570907592773,Results/warm_start_cache/list_193_graphs_adjacency_listhog_v04-12_planar_clawFree__filehash_62ae5075/hog_idx000152_c782d4969a24_seed42_L1_M1_amplified.npz,122.1149034500122,2026-08-27 09:16:45,x86_64,dacsgpu0002,,64,64,3.11.15,0.76,False,False,False,False,,True,True,True,False,adam,False,hamqaoa,0.05,standard,1,1,42,scs,1e-06,100000,False,False,False,hog,False,False,False,False,False,False,True,1,HOG_graphs/Exp5/list_193_graphs_adjacency_listhog_v04-12_planar_clawFree.txt,True,Results/warm_start_cache,512,60,0,16,1,1,0,0,5,0,5,10,42,True,_Exp8_standardZeroAngles,1,42,42,152,"[(2, 3), (3, 8), (2, 6), (3, 5), (4, 9), (0, 5), (0, 2), (1, 7), (4, 5), (8, 9), (1, 6), (0, 4), (1, 9), (6, 8), (5, 9), (3, 6), (2, 4), (2, 7), (4, 7), (7, 9), (0, 3), (1, 8), (5, 8), (6, 7)]","[1.0, 1.0, 1.0, 1.0, 1.0, 1.0, 1.0, 1.0, 1.0, 1.0, 1.0, 1.0, 1.0, 1.0, 1.0, 1.0, 1.0, 1.0, 1.0, 1.0, 1.0, 1.0, 1.0, 1.0]"
b9419006,10,24,3,75.0,False,True,"[1, 1, 1]",10.965055530900734,13.499999996710129,13.499999996710129,,,8.28840058490719,8.288400584907198,8.288400584907194,8.288400584907194,"[8.288400584907194, 8.127977520339716, 8.277865922895645, 8.253649534800095, 8.210848744077976, 8.228989290252317, 8.263103188219628, 8.283274188710585, 8.283588252121925, 8.270780529893836, 8.261284397030972, 8.266694360891531, 8.279569732284466, 8.286164767318182, 8.282889041031329, 8.278463559955544, 8.281447313325941, 8.289589852941127, 8.295537695296469, 8.297259889299887, 8.297063709981336, 8.298144737856664, 8.303361547020026, 8.313350345714383, 8.324537761960068, 8.33289556513864, 8.342457196563899, 8.362280146476053, 8.395748604246824, 8.450784514910984, 8.526310858918267, 8.57603032123358, 8.601791020922205, 8.639613487122277, 8.66565826378318, 8.741218232962314, 8.85530085905273, 8.9574008995443, 9.040951260368566, 9.062363926046295, 9.01564570431295, 8.999530859393621, 9.04106993672985, 9.055778396615151, 9.03466755044296, 9.025455672589151, 9.036961784031082, 9.07479671924134, 9.113590214940208, 9.118712481896377, 9.109763635087404, 9.113807349410216, 9.116531805744005, 9.115097151744438, 9.127271376353587, 9.145182917788818, 9.14913328990533, 9.148407083936547, 9.157172093537612, 9.16473434403501, 9.161948961318165, 9.159086183589274, 9.16295307100093, 9.170515618040056, 9.177614303800688, 9.182164936928887, 9.183528829178401, 9.180409319405609, 9.18125857218622, 9.188890782142742, 9.193147516524736, 9.194367839007189, 9.19833923870342, 9.2034557122213, 9.203838768335078, 9.20311684127821]",75,0.7558922580510031,,0.9147162563710118,0.9147162563710189,9.20311684127821,,0.8393132907847856,,,,132.11722922325134,132.3531322479248,True,0.23735570907592773,0.0014383792877197266,0.0,0.23735570907592773,Results/warm_start_cache/list_193_graphs_adjacency_listhog_v04-12_planar_clawFree__filehash_62ae5075/hog_idx000152_c782d4969a24_seed42_L1_M1_amplified.npz,132.14218926429749,2026-08-27 09:17:01,x86_64,dacsgpu0002,,64,64,3.11.15,1.03,False,False,False,False,,True,True,True,False,adam,False,hamqaoa,0.05,standard,1,1,42,scs,1e-06,100000,False,False,False,hog,False,False,False,False,False,False,True,1,HOG_graphs/Exp5/list_193_graphs_adjacency_listhog_v04-12_planar_clawFree.txt,True,Results/warm_start_cache,512,60,0,16,1,1,0,0,5,0,5,10,42,True,_Exp8_standardZeroAngles,1,42,42,152,"[(2, 3), (3, 8), (2, 6), (3, 5), (4, 9), (0, 5), (0, 2), (1, 7), (4, 5), (8, 9), (1, 6), (0, 4), (1, 9), (6, 8), (5, 9), (3, 6), (2, 4), (2, 7), (4, 7), (7, 9), (0, 3), (1, 8), (5, 8), (6, 7)]","[1.0, 1.0, 1.0, 1.0, 1.0, 1.0, 1.0, 1.0, 1.0, 1.0, 1.0, 1.0, 1.0, 1.0, 1.0, 1.0, 1.0, 1.0, 1.0, 1.0, 1.0, 1.0, 1.0, 1.0]"
b140880c,10,24,4,75.0,False,True,"[1, 1, 1]",10.965055530900734,13.499999996710129,13.499999996710129,,,8.28840058490719,8.288400584907198,8.288400584907194,8.288400584907194,"[8.288400584907194, 8.024031626783342, 8.269852809413381, 8.221974021666444, 8.165934416355665, 8.198060188369256, 8.243910896008114, 8.274360546809502, 8.285244979780082, 8.283931069660206, 8.30829275189965, 8.36253232155319, 8.40526979465141, 8.477362014981649, 8.553484945659562, 8.665524327906214, 8.817877691572098, 8.933824133173616, 9.002540844213904, 9.029390679249, 9.037337841979143, 9.07692766260636, 9.08257092833945, 9.085284654730582, 9.126696730608927, 9.179067364958266, 9.230832651715783, 9.245858850515708, 9.247946678033369, 9.239479512168732, 9.234120422701247, 9.239299927912183, 9.247409566332706, 9.254747228100774, 9.259168140390441, 9.258411800620888, 9.257381231495042, 9.251282668765406, 9.246055434816657, 9.24566200995896, 9.253859309488991, 9.266035350292066, 9.275294334409354, 9.279901016354252, 9.280795489393379, 9.280491348286379, 9.282391726210816, 9.283727084764068, 9.28533884247289, 9.286176707356113, 9.286390424762079, 9.28689930840691, 9.286960251630575, 9.285993738743263, 9.286478232039622, 9.287806893328433, 9.290385022700946, 9.29324835546932, 9.294360982212426, 9.294865048590756, 9.29417469809331, 9.293592217203337, 9.293735087113111, 9.294200382958373, 9.295562672356589, 9.296306718414224, 9.297055869763069, 9.297673468012167, 9.298560592150627, 9.299719771164193, 9.30057296597489, 9.301508935814748, 9.302234585998614, 9.303089023449232, 9.303659765073265, 9.304247876561893]",75,0.7558922580510031,,1.015847291654696,1.015847291654703,9.304247876561893,,0.848536320709138,,,,141.17823123931885,141.41378021240234,True,0.23735570907592773,0.0017893314361572266,0.0,0.23735570907592773,Results/warm_start_cache/list_193_graphs_adjacency_listhog_v04-12_planar_clawFree__filehash_62ae5075/hog_idx000152_c782d4969a24_seed42_L1_M1_amplified.npz,141.20498490333557,2026-08-27 09:17:10,x86_64,dacsgpu0002,,64,64,3.11.15,1.24,False,False,False,False,,True,True,True,False,adam,False,hamqaoa,0.05,standard,1,1,42,scs,1e-06,100000,False,False,False,hog,False,False,False,False,False,False,True,1,HOG_graphs/Exp5/list_193_graphs_adjacency_listhog_v04-12_planar_clawFree.txt,True,Results/warm_start_cache,512,60,0,16,1,1,0,0,5,0,5,10,42,True,_Exp8_standardZeroAngles,1,42,42,152,"[(2, 3), (3, 8), (2, 6), (3, 5), (4, 9), (0, 5), (0, 2), (1, 7), (4, 5), (8, 9), (1, 6), (0, 4), (1, 9), (6, 8), (5, 9), (3, 6), (2, 4), (2, 7), (4, 7), (7, 9), (0, 3), (1, 8), (5, 8), (6, 7)]","[1.0, 1.0, 1.0, 1.0, 1.0, 1.0, 1.0, 1.0, 1.0, 1.0, 1.0, 1.0, 1.0, 1.0, 1.0, 1.0, 1.0, 1.0, 1.0, 1.0, 1.0, 1.0, 1.0, 1.0]"
0ecefebf,10,24,5,75.0,False,True,"[1, 1, 1]",10.965055530900734,13.499999996710129,13.499999996710129,,,8.28840058490719,8.288400584907198,8.288400584907194,8.288400584907194,"[8.288400584907194, 7.9053259429700535, 8.259828693134835, 8.177588478267054, 8.121583593875457, 8.170137533074241, 8.222881780825675, 8.269166993472695, 8.325646523902487, 8.377843375565268, 8.424575995342575, 8.487672445929817, 8.53799349009051, 8.613204571016578, 8.79499425446355, 8.977496172959572, 8.978652933438443, 9.012090466552726, 9.106954638809606, 9.031641587607076, 9.041039829943614, 9.118267749162218, 9.152233986495144, 9.200504581475329, 9.218629860059881, 9.237568000397241, 9.241894416031442, 9.192524516486538, 9.181941282738206, 9.234575158023073, 9.248915006100672, 9.225434817580034, 9.236226365821215, 9.237978772872395, 9.228273069263468, 9.2509792983639, 9.266799081452614, 9.260919790720134, 9.265638364656759, 9.271863347727333, 9.268308127382808, 9.271540218817986, 9.276323351051381, 9.27414113330622, 9.278725905106285, 9.283398190896497, 9.280049635913715, 9.279188582204258, 9.277570368153508, 9.276049225074171, 9.283367407399028, 9.288680048070992, 9.285872656236554, 9.286486073280978, 9.2885573867605, 9.287358282998165, 9.288884289267642, 9.291118653257877, 9.290388018137342, 9.290704880522384, 9.291785357348624, 9.291130878854561, 9.290849953186125, 9.291465647849812, 9.292716391659551, 9.293652629020698, 9.293797577470473, 9.294262695632094, 9.294569175900188, 9.2949916062529, 9.296150332568951, 9.2963481268617, 9.296050970886023, 9.2967448659347, 9.297255040052748, 9.29777158978678]",75,0.7558922580510031,,1.0093710048795828,1.0093710048795899,9.29777158978678,,0.8479456910714803,,,,149.72991156578064,149.96589851379395,True,0.23735570907592773,0.0013546943664550781,0.0,0.23735570907592773,Results/warm_start_cache/list_193_graphs_adjacency_listhog_v04-12_planar_clawFree__filehash_62ae5075/hog_idx000152_c782d4969a24_seed42_L1_M1_amplified.npz,149.74182200431824,2026-08-27 09:17:19,x86_64,dacsgpu0002,,64,64,3.11.15,1.47,False,False,False,False,,True,True,True,False,adam,False,hamqaoa,0.05,standard,1,1,42,scs,1e-06,100000,False,False,False,hog,False,False,False,False,False,False,True,1,HOG_graphs/Exp5/list_193_graphs_adjacency_listhog_v04-12_planar_clawFree.txt,True,Results/warm_start_cache,512,60,0,16,1,1,0,0,5,0,5,10,42,True,_Exp8_standardZeroAngles,1,42,42,152,"[(2, 3), (3, 8), (2, 6), (3, 5), (4, 9), (0, 5), (0, 2), (1, 7), (4, 5), (8, 9), (1, 6), (0, 4), (1, 9), (6, 8), (5, 9), (3, 6), (2, 4), (2, 7), (4, 7), (7, 9), (0, 3), (1, 8), (5, 8), (6, 7)]","[1.0, 1.0, 1.0, 1.0, 1.0, 1.0, 1.0, 1.0, 1.0, 1.0, 1.0, 1.0, 1.0, 1.0, 1.0, 1.0, 1.0, 1.0, 1.0, 1.0, 1.0, 1.0, 1.0, 1.0]"
b51bf9a3,7,11,1,75.0,False,True,"[1, 1, 1]",5.732764453273304,7.572595565821177,7.572595565821177,,,4.307465014160444,4.307465014160445,4.307465014160445,4.307465014160445,"[4.307465014160445, 4.302210448717294, 4.30754067607597, 4.305317176207973, 4.304534891511355, 4.3066030894682354, 4.30762794953832, 4.306909774268716, 4.3059842115892755, 4.30618575871103, 4.3071068965076265, 4.307702387282715, 4.307465126779391, 4.306902445742974, 4.306857385700952, 4.307388426765997, 4.307853106387305, 4.307786712072927, 4.3074223719497695, 4.30736178124298, 4.307712844082436, 4.308008900061274, 4.307958742285002, 4.307773450558926, 4.307776243478688, 4.307990916485528, 4.308174548501468, 4.308117298202444, 4.3079709245221425, 4.308038646392413, 4.308227222020043, 4.308262250966845, 4.308167183737744, 4.308130401780937, 4.3082318640076975, 4.308317964774507, 4.3082726649904695, 4.308223301744464, 4.308251358699204, 4.308332810587382, 4.308325867085166, 4.3082855805557765, 4.30828217815797, 4.308339155244902, 4.30834815311557, 4.308322480904236, 4.308310478568295, 4.308344688436045, 4.308360591969971, 4.308339481547715, 4.30833290378495, 4.308350301617505, 4.308365494365629, 4.308351658211987, 4.3083438496543645, 4.308359892978288, 4.3083660382878985, 4.308356904581125, 4.308354337635488, 4.308363107769868, 4.308367290420907, 4.308360890104996, 4.308359138062784, 4.308366703202824, 4.308367986548689, 4.308362159780548, 4.30836340831768, 4.308368892192172, 4.3083672838180345, 4.3083638867632095, 4.308366600647572, 4.308369270591967, 4.308366899056043, 4.308365966465871, 4.308368358761262, 4.308368592773492]",75,0.7513765913931735,,0.0009035786130473511,0.0009035786130482393,4.308368592773492,,0.7515342079532837,,,,3.359323740005493,3.5314815044403076,True,0.17487430572509766,0.0027036666870117188,0.0,0.17487430572509766,Results/warm_start_cache/list_193_graphs_adjacency_listhog_v04-12_planar_clawFree__filehash_62ae5075/hog_idx000186_e86ed0e894e0_seed42_L1_M1_amplified.npz,3.380464792251587,2026-08-27 09:21:31,x86_64,dacsgpu0002,,64,64,3.11.15,0.23,False,False,False,False,,True,False,True,True,adam,False,hamqaoa,0.05,standard,1,1,42,scs,1e-06,100000,False,False,False,hog,False,False,False,False,False,False,True,1,HOG_graphs/Exp5/list_193_graphs_adjacency_listhog_v04-12_planar_clawFree.txt,True,Results/warm_start_cache,512,60,0,16,1,1,0,0,5,0,5,10,42,True,_Exp8_standardZeroAngles,1,42,42,186,"[(0, 4), (2, 6), (3, 5), (0, 3), (4, 6), (1, 2), (5, 6), (3, 4), (1, 5), (4, 5), (3, 6)]","[1.0, 1.0, 1.0, 1.0, 1.0, 1.0, 1.0, 1.0, 1.0, 1.0, 1.0]"
5b253776,6,9,1,75.0,False,True,"[1, 1, 1]",4.500000000000007,4.87499970143079,4.87499970143079,,,3.0490702489219275,3.049070248921929,3.049070248921929,3.049070248921929,"[3.049070248921929, 3.050562287230406, 3.052840385989953, 3.055268597780979, 3.054357563022123, 3.0540235758437193, 3.0551025179430784, 3.0571272416608615, 3.0602901934629596, 3.0662442654512767, 3.0781617354352715, 3.099827385202827, 3.1327752811251717, 3.1720796840695393, 3.2042576995570102, 3.2171501509806903, 3.2225045670221473, 3.231074269533592, 3.239319772567547, 3.248238361229392, 3.2598006813955247, 3.2665671982309785, 3.2619497264789827, 3.2511642206427407, 3.2455773856325663, 3.248614729339008, 3.2550421277194093, 3.2579668739178755, 3.255129469523866, 3.250776175764746, 3.2501642809638662, 3.253546912655182, 3.257488817464403, 3.2596502133639103, 3.2605272817623265, 3.261550374994784, 3.2632050732769384, 3.264776132798255, 3.2653820222477874, 3.2652859115621164, 3.2656212606009603, 3.26667681237277, 3.2674127783799416, 3.266851791771219, 3.2654340402950712, 3.264576125066906, 3.2649794311193165, 3.2659652573372555, 3.2664558757340365, 3.2662100980466593, 3.265918857353024, 3.2662013449559666, 3.2669166745703873, 3.2675091055326493, 3.267689005936092, 3.2676388091285045, 3.2676509237998053, 3.267752151823003, 3.2677719864930936, 3.267660551404755, 3.2675690900441, 3.267603530799567, 3.2676637242810225, 3.2676201708159485, 3.2675293406637462, 3.267554917224557, 3.267730178292924, 3.2679073477728644, 3.2679512592231887, 3.2679041836311975, 3.2679054118852053, 3.2679941620908903, 3.268074235107131, 3.2680631880658795, 3.267995556433962, 3.267955947815042]",75,0.6775711664270943,,0.21888569889311338,0.2188856988931147,3.267955947815042,,0.726212432847786,,,,3.358395576477051,3.492523431777954,True,0.1351010799407959,0.0009601116180419922,0.0,0.1351010799407959,Results/warm_start_cache/list_193_graphs_adjacency_listhog_v04-12_planar_clawFree__filehash_62ae5075/hog_idx000046_f0a045a6ee48_seed42_L1_M1_amplified.npz,3.3807520866394043,2026-08-27 09:21:31,x86_64,dacsgpu0002,,64,64,3.11.15,0.22,False,False,False,False,,True,False,True,False,adam,False,hamqaoa,0.05,standard,1,1,42,scs,1e-06,100000,False,False,False,hog,False,False,False,False,False,False,True,1,HOG_graphs/Exp5/list_193_graphs_adjacency_listhog_v04-12_planar_clawFree.txt,True,Results/warm_start_cache,512,60,0,16,1,1,0,0,5,0,5,10,42,True,_Exp8_standardZeroAngles,1,42,42,46,"[(0, 1), (2, 3), (3, 5), (3, 4), (1, 5), (4, 5), (2, 5), (0, 5), (2, 4)]","[1.0, 1.0, 1.0, 1.0, 1.0, 1.0, 1.0, 1.0, 1.0]"
da5ee03e,8,8,1,75.0,False,True,"[1, 1, 1]",5.2685152422993005,6.8749999915641204,6.8749999915641204,,,3.6040045403197833,3.604004540319783,3.6040045403197847,3.6040045403197847,"[3.6040045403197847, 3.5896444212968053, 3.6039059081577425, 3.603174463867662, 3.5989391248692906, 3.5998967281381096, 3.6028156302125587, 3.6047229498665154, 3.6052574248970695, 3.6050127566301455, 3.604571799588325, 3.6043932099875877, 3.604893577394961, 3.6061162816365475, 3.607293348207222, 3.6076368918638324, 3.6077609238697335, 3.6087012918123977, 3.6097864169876908, 3.610371497349213, 3.6117344841460715, 3.6140483630998346, 3.6161770734651055, 3.6186696467810364, 3.6214656558089047, 3.6231836797346744, 3.6243892797516732, 3.6253840617943913, 3.625895467769447, 3.6271291619408523, 3.628491468409037, 3.628984510579049, 3.6289754476747027, 3.6282649039124943, 3.6272267722959746, 3.6266230100915005, 3.62631743211425, 3.6264288538932625, 3.6270192857722328, 3.627577317242327, 3.6280527389252524, 3.6284233258647083, 3.628530611638943, 3.6286921788363853, 3.628885375876569, 3.629025419219181, 3.629171028229756, 3.629086688275277, 3.628930067161552, 3.6287683233063297, 3.628635788231595, 3.628666513085393, 3.6287099108707546, 3.6288092244663988, 3.6288531826569255, 3.628860002186141, 3.6288919415253518, 3.628937851331827, 3.629055309402845, 3.6291435214225536, 3.6292111530596975, 3.629215680020214, 3.6291904196695635, 3.629169096194862, 3.629151434506226, 3.629161742516466, 3.629156246851511, 3.6291538249047566, 3.6291340504948275, 3.6291285004652627, 3.6291382944545725, 3.6291659012136988, 3.6291984837168823, 3.6292170962604686, 3.629225677403663, 3.6292211603807933]",75,0.6840645560601838,,0.025216620061010442,0.025216620061009998,3.6292211603807933,,0.6888508419303573,,,,4.6651928424835205,4.841125249862671,True,0.1778881549835205,0.001941680908203125,0.0,0.1778881549835205,Results/warm_start_cache/list_193_graphs_adjacency_listhog_v04-12_planar_clawFree__filehash_62ae5075/hog_idx000006_25bcbc4e251a_seed42_L1_M1_amplified.npz,4.695127010345459,2026-08-27 09:21:32,x86_64,dacsgpu0002,,64,64,3.11.15,0.24,False,False,False,False,,True,True,True,False,adam,False,hamqaoa,0.05,standard,1,1,42,scs,1e-06,100000,False,False,False,hog,False,False,False,False,False,False,True,1,HOG_graphs/Exp5/list_193_graphs_adjacency_listhog_v04-12_planar_clawFree.txt,True,Results/warm_start_cache,512,60,0,16,1,1,0,0,5,0,5,10,42,True,_Exp8_standardZeroAngles,1,42,42,6,"[(2, 7), (2, 6), (0, 7), (3, 5), (4, 6), (3, 4), (1, 5), (6, 7)]","[1.0, 1.0, 1.0, 1.0, 1.0, 1.0, 1.0, 1.0]"
72f1be52,6,9,2,75.0,False,True,"[1, 1, 1]",4.500000000000007,4.87499970143079,4.87499970143079,,,3.0490702489219275,3.049070248921929,3.049070248921929,3.049070248921929,"[3.049070248921929, 3.0093258805643304, 3.0529899267051324, 3.047680271349229, 3.0375776707488438, 3.0398505231404394, 3.046750295409336, 3.0511769489884277, 3.0520282397910012, 3.051485813831823, 3.0518224787650823, 3.0543349059516625, 3.05978437709981, 3.0692392893778533, 3.0847507849356046, 3.109924047319253, 3.1470005225466644, 3.189364927500334, 3.217742714516762, 3.218647669163831, 3.2161017874128754, 3.228991865336812, 3.245596362496224, 3.25165692800931, 3.2501208397346355, 3.2519810774448175, 3.259384073516376, 3.270186360463427, 3.283718705707184, 3.2974395129545737, 3.306492820812397, 3.3091279136310083, 3.309480546180317, 3.312423780801898, 3.319287993320537, 3.3296061864509348, 3.342609165961024, 3.3562691087333705, 3.3682595768158756, 3.380205764756952, 3.3978736884374032, 3.4250174032521596, 3.4602283811370897, 3.4976550462665803, 3.528312245857887, 3.544404360669693, 3.5448093004649115, 3.537761348467705, 3.5366516209513206, 3.542571450770479, 3.545565035244594, 3.5406599125550606, 3.533097360073237, 3.529087520265689, 3.5306037974757047, 3.537166207765896, 3.5463363012354403, 3.554426527097281, 3.5595371449467805, 3.562536718607699, 3.5641767130461455, 3.5635195974000697, 3.5604850017850342, 3.5578764214011245, 3.558304911344281, 3.560849951630765, 3.562708373811922, 3.562693574079785, 3.5620095154891374, 3.562198816795961, 3.5636458887285833, 3.5658631771913125, 3.5678562085770187, 3.5684195118337994, 3.567353366932528, 3.565991455785743]",75,0.6775711664270943,,0.516921206863814,0.5169212068638154,3.565991455785743,,0.7924425457301638,,,,5.637292861938477,5.771049499511719,True,0.1351010799407959,0.0013327598571777344,0.0,0.1351010799407959,Results/warm_start_cache/list_193_graphs_adjacency_listhog_v04-12_planar_clawFree__filehash_62ae5075/hog_idx000046_f0a045a6ee48_seed42_L1_M1_amplified.npz,5.647774934768677,2026-08-27 09:21:33,x86_64,dacsgpu0002,,64,64,3.11.15,0.23,False,False,False,False,,True,False,True,False,adam,False,hamqaoa,0.05,standard,1,1,42,scs,1e-06,100000,False,False,False,hog,False,False,False,False,False,False,True,1,HOG_graphs/Exp5/list_193_graphs_adjacency_listhog_v04-12_planar_clawFree.txt,True,Results/warm_start_cache,512,60,0,16,1,1,0,0,5,0,5,10,42,True,_Exp8_standardZeroAngles,1,42,42,46,"[(0, 1), (2, 3), (3, 5), (3, 4), (1, 5), (4, 5), (2, 5), (0, 5), (2, 4)]","[1.0, 1.0, 1.0, 1.0, 1.0, 1.0, 1.0, 1.0, 1.0]"
0a9899d1,7,11,2,75.0,False,True,"[1, 1, 1]",5.732764453273304,7.572595565821177,7.572595565821177,,,4.307465014160444,4.307465014160445,4.307465014160445,4.307465014160445,"[4.307465014160445, 4.285225803651175, 4.3071379681621265, 4.299199334441676, 4.294085793820183, 4.30053047016189, 4.306973790402191, 4.307667539121038, 4.3041771127661015, 4.302114012164867, 4.303824334661542, 4.307241130916673, 4.309138451985844, 4.3083945768082605, 4.307062608462424, 4.306965266423759, 4.3086672620394735, 4.312271027888957, 4.317331390242817, 4.32609474146388, 4.3446867764687065, 4.382042636763224, 4.442281567883241, 4.5104112259124225, 4.584264155377955, 4.657880259594098, 4.716252153161278, 4.7497756731379015, 4.780100726352672, 4.830315451282265, 4.881515624192299, 4.895127232853501, 4.865552431148977, 4.837771563250363, 4.834475569797421, 4.837774118163538, 4.836116650117683, 4.844491022717601, 4.869900044892637, 4.892049234832368, 4.897320309171334, 4.896063530552555, 4.8958392291351185, 4.893212991570896, 4.888782300949496, 4.886916904022451, 4.887804046558459, 4.890626388751928, 4.895823740919427, 4.900884138065734, 4.902966262790945, 4.9043165654833185, 4.907318715046783, 4.90953098889315, 4.908280966103054, 4.905217097851914, 4.9038061086225895, 4.9043267708789475, 4.90447943366416, 4.904171073604224, 4.905414680391364, 4.908168158486845, 4.910259318468246, 4.910929604118812, 4.911241658615549, 4.91157684507552, 4.911443871463374, 4.910795174876508, 4.910076873513573, 4.909768496396159, 4.910052968538242, 4.910529692535198, 4.910791816455441, 4.911150221211149, 4.911814844486879, 4.912179323048232]",75,0.7513765913931735,,0.6047143088877869,0.6047143088877878,4.912179323048232,,0.8568604838183204,,,,6.598484039306641,6.771796464920044,True,0.17487430572509766,0.0015475749969482422,0.0,0.17487430572509766,Results/warm_start_cache/list_193_graphs_adjacency_listhog_v04-12_planar_clawFree__filehash_62ae5075/hog_idx000186_e86ed0e894e0_seed42_L1_M1_amplified.npz,6.614840269088745,2026-08-27 09:21:34,x86_64,dacsgpu0002,,64,64,3.11.15,0.23,False,False,False,False,,True,False,True,True,adam,False,hamqaoa,0.05,standard,1,1,42,scs,1e-06,100000,False,False,False,hog,False,False,False,False,False,False,True,1,HOG_graphs/Exp5/list_193_graphs_adjacency_listhog_v04-12_planar_clawFree.txt,True,Results/warm_start_cache,512,60,0,16,1,1,0,0,5,0,5,10,42,True,_Exp8_standardZeroAngles,1,42,42,186,"[(0, 4), (2, 6), (3, 5), (0, 3), (4, 6), (1, 2), (5, 6), (3, 4), (1, 5), (4, 5), (3, 6)]","[1.0, 1.0, 1.0, 1.0, 1.0, 1.0, 1.0, 1.0, 1.0, 1.0, 1.0]"
a67a7724,8,8,2,75.0,False,True,"[1, 1, 1]",5.2685152422993005,6.8749999915641204,6.8749999915641204,,,3.6040045403197833,3.604004540319783,3.6040045403197847,3.6040045403197847,"[3.6040045403197847, 3.537840545797282, 3.6008641087299686, 3.595789965946809, 3.5793004016851473, 3.5833326578406974, 3.5956114732004503, 3.6042478037929144, 3.604537141782906, 3.5994335855329553, 3.5964614724982744, 3.5989916129831565, 3.606528215914944, 3.619930602479569, 3.6389460060384304, 3.665392303422316, 3.7072613015717533, 3.77104791561595, 3.8536846268662597, 3.934715186796006, 3.980894814198138, 3.9945175011599225, 4.0022360103660795, 4.005423465630754, 4.011617981910728, 4.023613785330109, 4.066224025205056, 4.123834518566212, 4.166669381927373, 4.194411040102642, 4.213367906515372, 4.225444880515409, 4.227289866003389, 4.217336227373896, 4.207092553512989, 4.204563665025281, 4.208593722991685, 4.217804372558942, 4.230304129027425, 4.243437265325854, 4.254192542347141, 4.256726830643899, 4.248802900594374, 4.2384143761688335, 4.232836585261085, 4.231840957807435, 4.234874267093305, 4.2411735626794735, 4.24749837269246, 4.252366076027163, 4.25582868921692, 4.255971316912002, 4.253693043368655, 4.253054362917955, 4.254133646140389, 4.2550572770307, 4.256432953963835, 4.257857321475767, 4.258515849225578, 4.259638883475534, 4.260824680973451, 4.261455878039178, 4.2628191292935895, 4.26431599769614, 4.264928535796596, 4.265230325104023, 4.2649770484495475, 4.264317836081273, 4.263863606558019, 4.263194027078521, 4.26284056341923, 4.26324622567744, 4.263751163372322, 4.26441085470779, 4.265068346006323, 4.2654199364477465]",75,0.6840645560601838,,0.6614153961279636,0.6614153961279632,4.2654199364477465,,0.809605693498235,,,,8.1769118309021,8.353353023529053,True,0.1778881549835205,0.0014314651489257812,0.0,0.1778881549835205,Results/warm_start_cache/list_193_graphs_adjacency_listhog_v04-12_planar_clawFree__filehash_62ae5075/hog_idx000006_25bcbc4e251a_seed42_L1_M1_amplified.npz,8.201659679412842,2026-08-27 09:21:36,x86_64,dacsgpu0002,,64,64,3.11.15,0.25,False,False,False,False,,True,True,True,False,adam,False,hamqaoa,0.05,standard,1,1,42,scs,1e-06,100000,False,False,False,hog,False,False,False,False,False,False,True,1,HOG_graphs/Exp5/list_193_graphs_adjacency_listhog_v04-12_planar_clawFree.txt,True,Results/warm_start_cache,512,60,0,16,1,1,0,0,5,0,5,10,42,True,_Exp8_standardZeroAngles,1,42,42,6,"[(2, 7), (2, 6), (0, 7), (3, 5), (4, 6), (3, 4), (1, 5), (6, 7)]","[1.0, 1.0, 1.0, 1.0, 1.0, 1.0, 1.0, 1.0]"
385808ea,6,7,3,75.0,False,True,"[1, 1, 1]",4.350781059358209,5.499999835437399,5.499999835437399,,,2.9999993971882093,2.9999993971882097,2.9999993971882097,2.9999993971882097,"[2.9999993971882097, 2.7495803170032036, 2.984928671268726, 2.962797215279394, 2.9151667152564578, 2.932780283203316, 2.980940880565898, 3.0372433355412647, 3.0906240177735804, 3.147446610368539, 3.219567482903909, 3.286190114524967, 3.29323262680458, 3.2398918199999525, 3.2294492395469474, 3.2952666378827375, 3.3692911800808214, 3.39588785750781, 3.393005039657033, 3.400999618452433, 3.4227550776124116, 3.443096176652247, 3.4632153111383897, 3.498344222739187, 3.54823673200162, 3.5929304616646007, 3.61390996060411, 3.6109877741563685, 3.604999994418372, 3.611685221192192, 3.6174409468636894, 3.613668151908844, 3.619595777560302, 3.6434173066766284, 3.6653060853824986, 3.675305256239451, 3.687121071691883, 3.7053621934952274, 3.7175372052336746, 3.7194139681738942, 3.721931970353046, 3.7324287225361936, 3.746897264066625, 3.7595052879945916, 3.7709688819424283, 3.783599813136568, 3.7939505998588228, 3.797463631803935, 3.7967932452409583, 3.798453767538213, 3.80314682695579, 3.8063811508155534, 3.80628268895107, 3.804661973008661, 3.8035309819940433, 3.804636649189845, 3.8085219048964167, 3.81244708558514, 3.8135829552856846, 3.8129382640671037, 3.812661854166268, 3.812947126986729, 3.8136955667908086, 3.8153447572019523, 3.8172613724306315, 3.818740962219146, 3.8200624389645776, 3.820926698530151, 3.820820578329976, 3.820685259402041, 3.8211966718110535, 3.821419643834253, 3.8211137700597972, 3.8211873682767354, 3.8218108031652744, 3.8228051391292652]",75,0.6895312258325279,,0.8228057419410555,0.8228057419410559,3.8228051391292652,,0.8786480144540241,,,,8.62570595741272,8.775840997695923,True,0.15126395225524902,0.0011153221130371094,0.0,0.15126395225524902,Results/warm_start_cache/list_193_graphs_adjacency_listhog_v04-12_planar_clawFree__filehash_62ae5075/hog_idx000167_3fee9bafe675_seed42_L1_M1_amplified.npz,8.647220134735107,2026-08-27 09:21:36,x86_64,dacsgpu0002,,64,64,3.11.15,0.23,False,False,False,False,,True,False,True,False,adam,False,hamqaoa,0.05,standard,1,1,42,scs,1e-06,100000,False,False,False,hog,False,False,False,False,False,False,True,1,HOG_graphs/Exp5/list_193_graphs_adjacency_listhog_v04-12_planar_clawFree.txt,True,Results/warm_start_cache,512,60,0,16,1,1,0,0,5,0,5,10,42,True,_Exp8_standardZeroAngles,1,42,42,167,"[(0, 1), (2, 3), (3, 5), (3, 4), (1, 5), (4, 5), (2, 4)]","[1.0, 1.0, 1.0, 1.0, 1.0, 1.0, 1.0]"
58bdac2a,6,9,3,75.0,False,True,"[1, 1, 1]",4.500000000000007,4.87499970143079,4.87499970143079,,,3.0490702489219275,3.049070248921929,3.049070248921929,3.049070248921929,"[3.049070248921929, 2.9153622959094343, 3.050293743803418, 3.034699666789912, 3.0087841167630485, 3.0134256871344243, 3.0338815295999217, 3.0535176051119852, 3.0647008985914974, 3.068888808256691, 3.072697011679476, 3.083860894228958, 3.106073284490245, 3.1348391453289204, 3.165415594086316, 3.1957828494781495, 3.218537103536284, 3.2304968552740996, 3.242256621450613, 3.2618957651436, 3.2850149790399117, 3.3025649176702045, 3.309555482767093, 3.3060099184621747, 3.299474075241247, 3.301831851711586, 3.312395435707434, 3.3207617075872635, 3.3208934369677707, 3.3156456755090997, 3.31110188724604, 3.3114113458802397, 3.317652165911183, 3.326588254460383, 3.332090837032893, 3.3316167255969504, 3.3299748152736774, 3.3323668210460333, 3.3373928877719736, 3.3407528352547, 3.341226432362645, 3.3407615836262607, 3.34165062897059, 3.3450237814507577, 3.3503922364495633, 3.356044463127308, 3.360746599985646, 3.3653618614237866, 3.3717393777950595, 3.380064693318954, 3.3888732500201035, 3.397607056794012, 3.4083677666120185, 3.4252505623222276, 3.4529164470003044, 3.49540194115288, 3.548160482820593, 3.5847757051064493, 3.5877478135715575, 3.5911869375725534, 3.615576714396576, 3.644777363919543, 3.650411167267501, 3.6433267792361224, 3.648425833022532, 3.658188533781783, 3.667635065078951, 3.6651383882550403, 3.655821261399544, 3.6534201478974624, 3.6554315848955388, 3.663500003547712, 3.6680917175131413, 3.6714063847185976, 3.673335618597137, 3.6730860655044526]",75,0.6775711664270943,,0.6240158165825238,0.6240158165825251,3.6730860655044526,,0.8162413478898771,,,,9.509089469909668,9.642672777175903,True,0.1351010799407959,0.001506805419921875,0.0,0.1351010799407959,Results/warm_start_cache/list_193_graphs_adjacency_listhog_v04-12_planar_clawFree__filehash_62ae5075/hog_idx000046_f0a045a6ee48_seed42_L1_M1_amplified.npz,9.52251648902893,2026-08-27 09:21:37,x86_64,dacsgpu0002,,64,64,3.11.15,0.23,False,False,False,False,,True,False,True,False,adam,False,hamqaoa,0.05,standard,1,1,42,scs,1e-06,100000,False,False,False,hog,False,False,False,False,False,False,True,1,HOG_graphs/Exp5/list_193_graphs_adjacency_listhog_v04-12_planar_clawFree.txt,True,Results/warm_start_cache,512,60,0,16,1,1,0,0,5,0,5,10,42,True,_Exp8_standardZeroAngles,1,42,42,46,"[(0, 1), (2, 3), (3, 5), (3, 4), (1, 5), (4, 5), (2, 5), (0, 5), (2, 4)]","[1.0, 1.0, 1.0, 1.0, 1.0, 1.0, 1.0, 1.0, 1.0]"
9cbd6a33,7,11,3,75.0,False,True,"[1, 1, 1]",5.732764453273304,7.572595565821177,7.572595565821177,,,4.307465014160444,4.307465014160445,4.307465014160445,4.307465014160445,"[4.307465014160445, 4.2569056292768375, 4.3056558959894, 4.29072521248184, 4.277057697637783, 4.290988338928161, 4.304519005730872, 4.306939578369002, 4.298627124967041, 4.294156782160567, 4.299586299046003, 4.3069037740618, 4.3097304775085306, 4.308628011642718, 4.307184875421472, 4.308806732538884, 4.317132264632669, 4.335476398944656, 4.369435977514265, 4.431620763220418, 4.531598022112088, 4.658265536278791, 4.77515986596158, 4.8482534979487815, 4.883121694187065, 4.898846240397728, 4.9456772825401005, 4.995635475599156, 5.018324921670935, 5.02673838020904, 5.0180511953965174, 4.998418044498648, 4.995039983609613, 5.000510310419413, 5.0089730123806735, 5.031778813543223, 5.056103478146252, 5.0705215226284155, 5.085060227652186, 5.097381102024919, 5.103391101610073, 5.106732140657934, 5.106671489598533, 5.10252692677818, 5.097197082495817, 5.0951161672588565, 5.097059793643329, 5.100896726172147, 5.10609132869628, 5.111152720243941, 5.112271355583328, 5.109437524719371, 5.106139106677425, 5.106084168150124, 5.110325827643358, 5.115465231598118, 5.118390469750529, 5.118885931035646, 5.117770048990881, 5.116816641315307, 5.117745644630158, 5.119865590998076, 5.122010615151282, 5.1245036487312055, 5.126661929681244, 5.127501884753077, 5.128266581523372, 5.129877491136306, 5.131825395106877, 5.133998559686895, 5.1356981635783105, 5.135994108823507, 5.135395381582482, 5.134513847265814, 5.133696809732825, 5.133411206256934]",75,0.7513765913931735,,0.825946192096489,0.8259461920964899,5.133411206256934,,0.8954512692957147,,,,11.330378532409668,11.50390338897705,True,0.17487430572509766,0.0013370513916015625,0.0,0.17487430572509766,Results/warm_start_cache/list_193_graphs_adjacency_listhog_v04-12_planar_clawFree__filehash_62ae5075/hog_idx000186_e86ed0e894e0_seed42_L1_M1_amplified.npz,11.350338220596313,2026-08-27 09:21:39,x86_64,dacsgpu0002,,64,64,3.11.15,0.25,False,False,False,False,,True,False,True,True,adam,False,hamqaoa,0.05,standard,1,1,42,scs,1e-06,100000,False,False,False,hog,False,False,False,False,False,False,True,1,HOG_graphs/Exp5/list_193_graphs_adjacency_listhog_v04-12_planar_clawFree.txt,True,Results/warm_start_cache,512,60,0,16,1,1,0,0,5,0,5,10,42,True,_Exp8_standardZeroAngles,1,42,42,186,"[(0, 4), (2, 6), (3, 5), (0, 3), (4, 6), (1, 2), (5, 6), (3, 4), (1, 5), (4, 5), (3, 6)]","[1.0, 1.0, 1.0, 1.0, 1.0, 1.0, 1.0, 1.0, 1.0, 1.0, 1.0]"
8bc54ea2,5,7,1,75.0,False,True,"[1, 1, 1]",4.0000000000000036,5.499999914325711,5.499999914325711,,,2.9978716656180935,2.997871665618093,2.997871665618093,2.997871665618093,"[2.997871665618093, 2.9347463884393106, 2.993719848730633, 2.984868944478768, 2.9630042110292063, 2.9706859972097646, 2.988873692506048, 2.9977964987508114, 2.9932464952803235, 2.9846634811307164, 2.9823064466780616, 2.9872311716753432, 2.9940751263335885, 2.997710865726735, 2.996825918564113, 2.9936302330740063, 2.9912522140600983, 2.9913363112773386, 2.9934638124027373, 2.9960629581509877, 2.9976531450843784, 2.9976640511258843, 2.9965721284466884, 2.9954102690554265, 2.9950135879774487, 2.995538072137585, 2.9965348764771598, 2.9973952990973647, 2.9977595773307577, 2.997631586815654, 2.997242269124944, 2.996865014338737, 2.9967050885700943, 2.9968457528568244, 2.9972181292378752, 2.997626205930318, 2.9978579491467725, 2.9978259728575805, 2.9976209230702877, 2.9974240293306424, 2.9973637354002114, 2.997447839541418, 2.997604439289148, 2.997754783402808, 2.997845231544855, 2.9978486593111415, 2.9977749812961543, 2.9976810442051893, 2.9976391013687094, 2.997677736314682, 2.997761718632559, 2.997833537179823, 2.9978630069149648, 2.997853460177592, 2.9978208101870947, 2.9977850241571007, 2.997770398475242, 2.9977910536391903, 2.9978333976219735, 2.997866213727252, 2.997871360008872, 2.9978564686177593, 2.9978386620736583, 2.997828435795843, 2.997830266460381, 2.9978448229095984, 2.99786411163423, 2.997874379658408, 2.997870054641279, 2.9978591668900787, 2.9978523706340496, 2.9978530080287045, 2.997859144133207, 2.9978676727208606, 2.997873791404533, 2.997873201018325]",75,0.7494679164045226,,1.5354002318446192e-06,1.53540023140053e-06,2.997873201018325,,0.7494683002545806,,,,2.266819477081299,2.4076147079467773,True,0.14263010025024414,0.0018191337585449219,0.0,0.14263010025024414,Results/warm_start_cache/list_193_graphs_adjacency_listhog_v04-12_planar_clawFree__filehash_62ae5075/hog_idx000023_7d050a98011b_seed42_L1_M1_amplified.npz,2.278877019882202,2026-08-27 09:21:40,x86_64,dacsgpu0002,,64,64,3.11.15,0.22,False,False,False,False,,True,False,True,False,adam,False,hamqaoa,0.05,standard,1,1,42,scs,1e-06,100000,False,False,False,hog,False,False,False,False,False,False,True,1,HOG_graphs/Exp5/list_193_graphs_adjacency_listhog_v04-12_planar_clawFree.txt,True,Results/warm_start_cache,512,60,0,16,1,1,0,0,5,0,5,10,42,True,_Exp8_standardZeroAngles,1,42,42,23,"[(1, 3), (0, 1), (2, 3), (3, 4), (1, 4), (0, 2), (2, 4)]","[1.0, 1.0, 1.0, 1.0, 1.0, 1.0, 1.0]"
20326450,6,7,4,75.0,False,True,"[1, 1, 1]",4.350781059358209,5.499999835437399,5.499999835437399,,,2.9999993971882093,2.9999993971882097,2.9999993971882097,2.9999993971882097,"[2.9999993971882097, 2.593298181101446, 2.974966646223236, 2.9421217583046064, 2.894634088707815, 2.943416215507838, 3.0511919328856285, 3.18062204357675, 3.2713673725258214, 3.2825909283544172, 3.247389335301667, 3.252781949375228, 3.3198325969924327, 3.409522663187497, 3.476139593079488, 3.5084090891697652, 3.5170343584618244, 3.51499789048408, 3.521744426190434, 3.550871157478997, 3.5965622718619934, 3.6464396773847847, 3.6871113918450105, 3.7035125316105613, 3.698297260480668, 3.697183387480178, 3.7040184299100143, 3.7118089851848697, 3.7254334148304484, 3.7437044223826033, 3.762374854889754, 3.7788750205216104, 3.7884639338570043, 3.7891693445983536, 3.78851137517215, 3.7918729556727926, 3.7949097774089493, 3.798576113309291, 3.80573536693183, 3.8137447595877667, 3.822545640174971, 3.8325053826082267, 3.838662549171338, 3.842259643677858, 3.84847374178073, 3.8557336176682386, 3.861772512128655, 3.8653357134492112, 3.8651896145395312, 3.864979162359374, 3.868749747426046, 3.874866839924237, 3.8805924266880947, 3.885924984825631, 3.8920531731951, 3.89953097349492, 3.9072930734909197, 3.914556618055615, 3.922227004749011, 3.9302015111519664, 3.937448905418027, 3.944225473869435, 3.9506892477793674, 3.956621984248015, 3.9623922415372137, 3.9679206164396215, 3.9731206471928164, 3.978303176719134, 3.982709625901833, 3.985462701733983, 3.987201634446322, 3.988799600822803, 3.990651166464924, 3.9926089600645316, 3.9937484517174493, 3.994112974637219]",75,0.6895312258325279,,0.9941135774490091,0.9941135774490095,3.994112974637219,,0.9180220563032416,,,,13.695496320724487,13.844667434692383,True,0.15126395225524902,0.002076864242553711,0.0,0.15126395225524902,Results/warm_start_cache/list_193_graphs_adjacency_listhog_v04-12_planar_clawFree__filehash_62ae5075/hog_idx000167_3fee9bafe675_seed42_L1_M1_amplified.npz,13.71173095703125,2026-08-27 09:21:41,x86_64,dacsgpu0002,,64,64,3.11.15,0.24,False,False,False,False,,True,False,True,False,adam,False,hamqaoa,0.05,standard,1,1,42,scs,1e-06,100000,False,False,False,hog,False,False,False,False,False,False,True,1,HOG_graphs/Exp5/list_193_graphs_adjacency_listhog_v04-12_planar_clawFree.txt,True,Results/warm_start_cache,512,60,0,16,1,1,0,0,5,0,5,10,42,True,_Exp8_standardZeroAngles,1,42,42,167,"[(0, 1), (2, 3), (3, 5), (3, 4), (1, 5), (4, 5), (2, 4)]","[1.0, 1.0, 1.0, 1.0, 1.0, 1.0, 1.0]"
c7c3df3f,8,8,3,75.0,False,True,"[1, 1, 1]",5.2685152422993005,6.8749999915641204,6.8749999915641204,,,3.6040045403197833,3.604004540319783,3.6040045403197847,3.6040045403197847,"[3.6040045403197847, 3.4678810623594387, 3.596388454061335, 3.588230014219269, 3.5602843339540566, 3.5754428424918756, 3.6154759593284265, 3.6565879053337413, 3.702088319315029, 3.7780501832531304, 3.8771924251905223, 3.9266319306311077, 3.9466560771702004, 3.973886991549395, 3.9906350713814938, 4.003783504814164, 4.046336283976055, 4.104882160407692, 4.160026825898986, 4.208513627488188, 4.237071397995171, 4.238594687525071, 4.222387186146055, 4.212465507818586, 4.226706067495193, 4.2630385776095485, 4.315310428385909, 4.374792496234848, 4.425059051872393, 4.455605648612009, 4.471993404937931, 4.48146526248015, 4.4849806158091035, 4.482001176218073, 4.4768188048263475, 4.477096474645563, 4.485940619530892, 4.49987755932383, 4.514797688299132, 4.528081849808973, 4.536247982150719, 4.537633113189827, 4.535422439028045, 4.532097606508017, 4.5275179157506384, 4.525120458258028, 4.5307695472669325, 4.542253519859234, 4.551907437039507, 4.557114099656848, 4.558531292829395, 4.555571030163891, 4.551366633761585, 4.550224155108862, 4.551319442438875, 4.5537182515422945, 4.557594479770681, 4.560408593403231, 4.561056205211031, 4.560841564873624, 4.559358090039461, 4.557459102635351, 4.557513061748126, 4.5587703226200285, 4.559737862473773, 4.560731789143199, 4.561335348632384, 4.561248485953948, 4.560972029592878, 4.560416846389919, 4.5602339362889275, 4.560928057707034, 4.561542124082971, 4.561862935805247, 4.562225380455821, 4.562441433512216]",75,0.6840645560601838,,0.9584368931924332,0.9584368931924327,4.562441433512216,,0.8659823923221797,,,,14.092397928237915,14.268875122070312,True,0.1778881549835205,0.0013964176177978516,0.0,0.1778881549835205,Results/warm_start_cache/list_193_graphs_adjacency_listhog_v04-12_planar_clawFree__filehash_62ae5075/hog_idx000006_25bcbc4e251a_seed42_L1_M1_amplified.npz,14.111552238464355,2026-08-27 09:21:42,x86_64,dacsgpu0002,,64,64,3.11.15,0.27,False,False,False,False,,True,True,True,False,adam,False,hamqaoa,0.05,standard,1,1,42,scs,1e-06,100000,False,False,False,hog,False,False,False,False,False,False,True,1,HOG_graphs/Exp5/list_193_graphs_adjacency_listhog_v04-12_planar_clawFree.txt,True,Results/warm_start_cache,512,60,0,16,1,1,0,0,5,0,5,10,42,True,_Exp8_standardZeroAngles,1,42,42,6,"[(2, 7), (2, 6), (0, 7), (3, 5), (4, 6), (3, 4), (1, 5), (6, 7)]","[1.0, 1.0, 1.0, 1.0, 1.0, 1.0, 1.0, 1.0]"
893b1755,5,7,2,75.0,False,True,"[1, 1, 1]",4.0000000000000036,5.499999914325711,5.499999914325711,,,2.9978716656180935,2.997871665618093,2.997871665618093,2.997871665618093,"[2.997871665618093, 2.754289221532569, 2.981234662831968, 2.944219619708221, 2.863466924567943, 2.896843094963346, 2.967414701401052, 2.99783672135862, 2.9751375140555796, 2.9434879756124364, 2.9405835706387835, 2.9631157943979227, 2.987758832302144, 2.9978238216913327, 2.9930271961769765, 2.983120875128245, 2.9776240314488795, 2.9802905234746127, 2.98914640511371, 2.999573502300327, 3.007757569066567, 3.013272111921829, 3.0202244037153587, 3.0367685701614056, 3.0736021706142314, 3.140967762646068, 3.2396151021947626, 3.361593793971542, 3.4996615695725892, 3.6223040613012634, 3.688451394331557, 3.6932027032952277, 3.668248311720947, 3.649046887990765, 3.6523875678013273, 3.670502594115245, 3.6876592103577095, 3.6934153717492277, 3.6907290347220894, 3.6961242752180223, 3.7119701508043734, 3.725967336826861, 3.72717618396696, 3.7185057257030563, 3.713119356479379, 3.7206338743126097, 3.740082307239084, 3.761479428674823, 3.7730485853403852, 3.7715987420041697, 3.765766862369743, 3.764940801215772, 3.7687983461501613, 3.7710884933877096, 3.768801950176253, 3.76473381742331, 3.762920766157485, 3.764918272784212, 3.769785331106029, 3.774726314419176, 3.777025684172735, 3.7765649308151055, 3.7757929272844177, 3.776969146834166, 3.7798179632298012, 3.78216003421707, 3.7824137147467902, 3.781006347575418, 3.779456204974184, 3.778825949765928, 3.779276272951976, 3.7803338072557593, 3.7811861923900114, 3.781356106836727, 3.7813013853779287, 3.781741786070596]",75,0.7494679164045226,,0.7838701204525029,0.7838701204525025,3.781741786070596,,0.9454354465176481,,,,4.255432844161987,4.396401643753052,True,0.14263010025024414,0.0016455650329589844,0.0,0.14263010025024414,Results/warm_start_cache/list_193_graphs_adjacency_listhog_v04-12_planar_clawFree__filehash_62ae5075/hog_idx000023_7d050a98011b_seed42_L1_M1_amplified.npz,4.26961350440979,2026-08-27 09:21:42,x86_64,dacsgpu0002,,64,64,3.11.15,0.22,False,False,False,False,,True,False,True,False,adam,False,hamqaoa,0.05,standard,1,1,42,scs,1e-06,100000,False,False,False,hog,False,False,False,False,False,False,True,1,HOG_graphs/Exp5/list_193_graphs_adjacency_listhog_v04-12_planar_clawFree.txt,True,Results/warm_start_cache,512,60,0,16,1,1,0,0,5,0,5,10,42,True,_Exp8_standardZeroAngles,1,42,42,23,"[(1, 3), (0, 1), (2, 3), (3, 4), (1, 4), (0, 2), (2, 4)]","[1.0, 1.0, 1.0, 1.0, 1.0, 1.0, 1.0]"
b7cccd97,6,9,4,75.0,False,True,"[1, 1, 1]",4.500000000000007,4.87499970143079,4.87499970143079,,,3.0490702489219275,3.049070248921929,3.049070248921929,3.049070248921929,"[3.049070248921929, 2.767041797349468, 3.0448006054275187, 3.019037036851801, 2.973521570397936, 2.97643874994745, 3.0085422016521997, 3.049254282845986, 3.0822602495540616, 3.0971534759895762, 3.0992180019268547, 3.107869513767796, 3.1363392706254243, 3.1751589841195322, 3.199056992314336, 3.2042324203074326, 3.21716494428723, 3.2496824189174363, 3.2851290050653947, 3.3049798691030357, 3.308033461659386, 3.3018725323696394, 3.2923339983062334, 3.2880833495368327, 3.295959992144114, 3.3127214105557954, 3.3277139868299184, 3.3326340522169913, 3.330370620302049, 3.330291026702489, 3.3365007361050703, 3.345604015816964, 3.3527642871568726, 3.356270645703811, 3.35692350145802, 3.3570919211046046, 3.3608989243217606, 3.37107601485659, 3.384862804103272, 3.3970751232345986, 3.40694381059605, 3.418002397633379, 3.4330962198511314, 3.452196039345628, 3.4729482810812744, 3.4916979060697204, 3.5051906543645486, 3.514324961158995, 3.5258584738287535, 3.5438943173875463, 3.5636979270851117, 3.581788286893557, 3.6006071794856145, 3.6201111438577094, 3.638609164457046, 3.652022428832214, 3.658693451439667, 3.6639003795735934, 3.6673021397017487, 3.6676366932117355, 3.6696016152885402, 3.6770670249401367, 3.689869685275277, 3.7036041211835466, 3.7135991350373865, 3.7228597074611516, 3.736021380826204, 3.749481334978345, 3.7569698921043155, 3.7564733289182946, 3.750726570182012, 3.746536856259861, 3.747258516617137, 3.7504694671868286, 3.7553444136990746, 3.7619362440971096]",75,0.6775711664270943,,0.7128659951751808,0.7128659951751821,3.7619362440971096,,0.8359858320215786,,,,14.5540771484375,14.687834739685059,True,0.1351010799407959,0.0013282299041748047,0.0,0.1351010799407959,Results/warm_start_cache/list_193_graphs_adjacency_listhog_v04-12_planar_clawFree__filehash_62ae5075/hog_idx000046_f0a045a6ee48_seed42_L1_M1_amplified.npz,14.568068027496338,2026-08-27 09:21:42,x86_64,dacsgpu0002,,64,64,3.11.15,0.24,False,False,False,False,,True,False,True,False,adam,False,hamqaoa,0.05,standard,1,1,42,scs,1e-06,100000,False,False,False,hog,False,False,False,False,False,False,True,1,HOG_graphs/Exp5/list_193_graphs_adjacency_listhog_v04-12_planar_clawFree.txt,True,Results/warm_start_cache,512,60,0,16,1,1,0,0,5,0,5,10,42,True,_Exp8_standardZeroAngles,1,42,42,46,"[(0, 1), (2, 3), (3, 5), (3, 4), (1, 5), (4, 5), (2, 5), (0, 5), (2, 4)]","[1.0, 1.0, 1.0, 1.0, 1.0, 1.0, 1.0, 1.0, 1.0]"
8461b9d2,7,11,4,75.0,False,True,"[1, 1, 1]",5.732764453273304,7.572595565821177,7.572595565821177,,,4.307465014160444,4.307465014160445,4.307465014160445,4.307465014160445,"[4.307465014160445, 4.217291147797835, 4.302100917255639, 4.285361262815864, 4.2573235980257325, 4.272503491498656, 4.300011920218149, 4.305308766817523, 4.288940058784793, 4.284181568328956, 4.294830443247153, 4.304097281978607, 4.305880458350782, 4.3018735856843096, 4.296433418009753, 4.297904466665916, 4.304829845589916, 4.309463451563686, 4.310097915393751, 4.308676373890425, 4.3091407063400915, 4.316148455075032, 4.33175656815704, 4.36026443993636, 4.409581818712212, 4.489056563069694, 4.590645195013404, 4.6784623182872584, 4.718730707880661, 4.740522051354605, 4.7816284665705195, 4.836683223836208, 4.896188979383897, 4.943984272484781, 4.964811427541402, 4.956190835285307, 4.936215471984872, 4.919841011789962, 4.919048504966199, 4.934611793701933, 4.96660880131781, 5.008501487537876, 5.046529205939594, 5.070861912528656, 5.083413511130095, 5.094152808504134, 5.107639623614209, 5.119114737781704, 5.1238012335766285, 5.124949349877218, 5.130520222851897, 5.140512956332297, 5.144383947608274, 5.1370638710391106, 5.129076803796998, 5.127701217180942, 5.127716223937447, 5.129054003552455, 5.134804952575475, 5.144312447797777, 5.151646958390346, 5.15346514105243, 5.154487642017979, 5.156982049115072, 5.159797652209763, 5.161544049046739, 5.164119221499313, 5.169434346857675, 5.172719549831363, 5.17367734414102, 5.176150998359661, 5.180432467501294, 5.1839528490364915, 5.188556398425401, 5.194930969806751, 5.198613202766961]",75,0.7513765913931735,,0.8911481886065165,0.8911481886065173,5.198613202766961,,0.9068248390702061,,,,17.809900045394897,17.98298978805542,True,0.17487430572509766,0.0017695426940917969,0.0,0.17487430572509766,Results/warm_start_cache/list_193_graphs_adjacency_listhog_v04-12_planar_clawFree__filehash_62ae5075/hog_idx000186_e86ed0e894e0_seed42_L1_M1_amplified.npz,17.835456371307373,2026-08-27 09:21:45,x86_64,dacsgpu0002,,64,64,3.11.15,0.26,False,False,False,False,,True,False,True,True,adam,False,hamqaoa,0.05,standard,1,1,42,scs,1e-06,100000,False,False,False,hog,False,False,False,False,False,False,True,1,HOG_graphs/Exp5/list_193_graphs_adjacency_listhog_v04-12_planar_clawFree.txt,True,Results/warm_start_cache,512,60,0,16,1,1,0,0,5,0,5,10,42,True,_Exp8_standardZeroAngles,1,42,42,186,"[(0, 4), (2, 6), (3, 5), (0, 3), (4, 6), (1, 2), (5, 6), (3, 4), (1, 5), (4, 5), (3, 6)]","[1.0, 1.0, 1.0, 1.0, 1.0, 1.0, 1.0, 1.0, 1.0, 1.0, 1.0]"
e7a6282f,5,7,3,75.0,False,True,"[1, 1, 1]",4.0000000000000036,5.499999914325711,5.499999914325711,,,2.9978716656180935,2.997871665618093,2.997871665618093,2.997871665618093,"[2.997871665618093, 2.4844508536418006, 2.9605293307046927, 2.8709392129392795, 2.7177354087069507, 2.8012390600717083, 2.9484809977963344, 2.9960370165102796, 2.936304056026525, 2.8814847935213272, 2.892415297886716, 2.943230222160838, 2.9859656420083764, 2.9981605612002116, 2.988648701220385, 2.976621276643818, 2.97697492048241, 2.9971757205762697, 3.037913456537661, 3.0965934990825943, 3.173623473684946, 3.2730300531569263, 3.3796097236436733, 3.4724867773335113, 3.5223417918738336, 3.520123799459133, 3.4748689707599287, 3.4449135882019943, 3.4872601080027987, 3.5864002289222485, 3.6771517094446757, 3.7090231394860242, 3.689156881924633, 3.666218420144292, 3.6790280407224554, 3.7245091380554687, 3.7671142791338506, 3.777480571141043, 3.764062196539695, 3.756859009196713, 3.7691039744772707, 3.789984292834844, 3.8024631878666377, 3.8025239094475745, 3.803338047137461, 3.8179392464811173, 3.8415848267220376, 3.8575470658412865, 3.857972045434715, 3.8521997840878233, 3.852605755765089, 3.8597605561110977, 3.865065312703976, 3.8639532321898047, 3.862128521891011, 3.8674747522669075, 3.8790760890810536, 3.888147855310207, 3.889050198365251, 3.885943357109204, 3.8865197699522427, 3.8921149718242756, 3.8976058356831054, 3.899151993955521, 3.8985879769338228, 3.8999619554734566, 3.9043340423928936, 3.9094376358237373, 3.912993497543264, 3.914760138814912, 3.915766069830942, 3.916831423489735, 3.9181655314225834, 3.9196341752386505, 3.920831617898444, 3.921302538957529]",75,0.7494679164045226,,0.9234308733394361,0.9234308733394356,3.921302538957529,,0.9803256347393814,,,,7.814303874969482,7.955290794372559,True,0.14263010025024414,0.0016260147094726562,0.0,0.14263010025024414,Results/warm_start_cache/list_193_graphs_adjacency_listhog_v04-12_planar_clawFree__filehash_62ae5075/hog_idx000023_7d050a98011b_seed42_L1_M1_amplified.npz,7.8366379737854,2026-08-27 09:21:46,x86_64,dacsgpu0002,,64,64,3.11.15,0.22,False,False,False,False,,True,False,True,False,adam,False,hamqaoa,0.05,standard,1,1,42,scs,1e-06,100000,False,False,False,hog,False,False,False,False,False,False,True,1,HOG_graphs/Exp5/list_193_graphs_adjacency_listhog_v04-12_planar_clawFree.txt,True,Results/warm_start_cache,512,60,0,16,1,1,0,0,5,0,5,10,42,True,_Exp8_standardZeroAngles,1,42,42,23,"[(1, 3), (0, 1), (2, 3), (3, 4), (1, 4), (0, 2), (2, 4)]","[1.0, 1.0, 1.0, 1.0, 1.0, 1.0, 1.0]"
26b696c7,6,7,5,75.0,False,True,"[1, 1, 1]",4.350781059358209,5.499999835437399,5.499999835437399,,,2.9999993971882093,2.9999993971882097,2.9999993971882097,2.9999993971882097,"[2.9999993971882097, 2.434827873461768, 2.960488824219843, 2.8989805594267364, 2.8396663852062507, 2.925554521559613, 3.092023528462641, 3.21610523382442, 3.2591242508350255, 3.23524978620696, 3.222481630147368, 3.2755309632183365, 3.3781716934634125, 3.4719347435704626, 3.507410889750633, 3.5053805968082545, 3.5024058190374525, 3.507322022216631, 3.5265071701132378, 3.5660284811946714, 3.623228769837139, 3.6731518612264815, 3.693754563473143, 3.7033441960088704, 3.717802123458647, 3.7394123662156105, 3.7677988077725453, 3.786976548255028, 3.7892670180018646, 3.7952976331039303, 3.8166099349015794, 3.8434839754711767, 3.8650624847400987, 3.8784891346638153, 3.8849937749518366, 3.889677132333212, 3.897590467833687, 3.909249214749088, 3.9238068715651826, 3.9380681419404353, 3.949300846015779, 3.9570673313200038, 3.962608619899087, 3.9709234364456942, 3.981230365760475, 3.9869632969223474, 3.98928569022748, 3.9930971376384425, 3.9996251306214017, 4.007996683484158, 4.014459487408236, 4.016907985131231, 4.017158709829711, 4.017020939385266, 4.018534651549475, 4.021065601334279, 4.023344118736216, 4.026003892133184, 4.028406614797275, 4.03044295502768, 4.031412436576391, 4.030811082211522, 4.031256943271743, 4.033860749190783, 4.036496167339527, 4.037992912186577, 4.038392315128749, 4.038369465454522, 4.039226571563532, 4.040640806544805, 4.041795156054731, 4.04279578175128, 4.043925771678324, 4.0450678404133145, 4.0459518527699325, 4.046541794774803]",75,0.6895312258325279,,1.046542397586593,1.0465423975865935,4.046541794774803,,0.9300724949307643,,,,19.87220811843872,20.01724672317505,True,0.15126395225524902,0.006209611892700195,0.0,0.15126395225524902,Results/warm_start_cache/list_193_graphs_adjacency_listhog_v04-12_planar_clawFree__filehash_62ae5075/hog_idx000167_3fee9bafe675_seed42_L1_M1_amplified.npz,19.887075662612915,2026-08-27 09:21:47,x86_64,dacsgpu0002,,64,64,3.11.15,0.24,False,False,False,False,,True,False,True,False,adam,False,hamqaoa,0.05,standard,1,1,42,scs,1e-06,100000,False,False,False,hog,False,False,False,False,False,False,True,1,HOG_graphs/Exp5/list_193_graphs_adjacency_listhog_v04-12_planar_clawFree.txt,True,Results/warm_start_cache,512,60,0,16,1,1,0,0,5,0,5,10,42,True,_Exp8_standardZeroAngles,1,42,42,167,"[(0, 1), (2, 3), (3, 5), (3, 4), (1, 5), (4, 5), (2, 4)]","[1.0, 1.0, 1.0, 1.0, 1.0, 1.0, 1.0]"
43a2e840,6,9,5,75.0,False,True,"[1, 1, 1]",4.500000000000007,4.87499970143079,4.87499970143079,,,3.0490702489219275,3.049070248921929,3.049070248921929,3.049070248921929,"[3.049070248921929, 2.573054221868133, 3.035754692817393, 3.0007308277290714, 2.9321192673692287, 2.9249653620036824, 2.9577368154501977, 3.0241170085569666, 3.0918566014558335, 3.112549421145494, 3.097832338194255, 3.0946198609362057, 3.123005982421773, 3.1734744337229035, 3.2097770546687654, 3.2069599363027015, 3.200569263913777, 3.229945802329012, 3.2752765337859833, 3.29720709522469, 3.2917227285700354, 3.281957052760674, 3.2842657527992345, 3.2989034318049155, 3.31453930534697, 3.3233495392110477, 3.330535550512008, 3.3399059727021743, 3.346558925459965, 3.351020515190209, 3.361114716831595, 3.3769484527081057, 3.3892392136499416, 3.3952640973847377, 3.4036845520324492, 3.415264338452288, 3.427627761756629, 3.448072514147528, 3.4731258328952395, 3.487768114964727, 3.4944864971743557, 3.49947155855459, 3.5037028300228448, 3.5164186068988017, 3.5320340211297596, 3.5463207873733786, 3.5653265494313517, 3.5830362241637017, 3.600146956420316, 3.61792159853877, 3.6283637334419687, 3.6333526937757554, 3.6434576363813624, 3.659908465622919, 3.677240124419749, 3.690859443553639, 3.695810036426917, 3.698202385680926, 3.708974120971936, 3.7252128539285754, 3.7357126367036746, 3.7360499413022206, 3.7365037307422844, 3.742575417600956, 3.747810677541315, 3.7490129872738978, 3.74861736189925, 3.749901057496823, 3.752868870507115, 3.7603486099187067, 3.7699197844863614, 3.777216103094074, 3.782843373784759, 3.786820039953617, 3.789456959273267, 3.7922213659475825]",75,0.6775711664270943,,0.7431511170256537,0.7431511170256551,3.7922213659475825,,0.8427158590994615,,,,22.869120121002197,23.0029194355011,True,0.1351010799407959,0.0012865066528320312,0.0,0.1351010799407959,Results/warm_start_cache/list_193_graphs_adjacency_listhog_v04-12_planar_clawFree__filehash_62ae5075/hog_idx000046_f0a045a6ee48_seed42_L1_M1_amplified.npz,22.899278163909912,2026-08-27 09:21:50,x86_64,dacsgpu0002,,64,64,3.11.15,0.24,False,False,False,False,,True,False,True,False,adam,False,hamqaoa,0.05,standard,1,1,42,scs,1e-06,100000,False,False,False,hog,False,False,False,False,False,False,True,1,HOG_graphs/Exp5/list_193_graphs_adjacency_listhog_v04-12_planar_clawFree.txt,True,Results/warm_start_cache,512,60,0,16,1,1,0,0,5,0,5,10,42,True,_Exp8_standardZeroAngles,1,42,42,46,"[(0, 1), (2, 3), (3, 5), (3, 4), (1, 5), (4, 5), (2, 5), (0, 5), (2, 4)]","[1.0, 1.0, 1.0, 1.0, 1.0, 1.0, 1.0, 1.0, 1.0]"
7ea2d6ae,7,10,1,75.0,False,True,"[1, 1, 1]",5.413778412130371,6.999999876268217,6.999999876268217,,,3.9999999157869954,3.9999999157869963,3.9999999157869963,3.9999999157869963,"[3.9999999157869963, 3.9427171142398114, 3.996414230967655, 3.9894036845906338, 3.970680902305823, 3.9755131422079057, 3.9899283252141577, 3.9990270429191903, 3.998853847790302, 3.993592484035429, 3.9894279364989105, 3.9894201200269426, 3.992707594509239, 3.9967315348808685, 3.999382712997523, 3.9999156770724458, 3.998870622956992, 3.9974213475680593, 3.9965417044091915, 3.996513888156394, 3.997056833130056, 3.997799286584061, 3.9985824036462008, 3.9993467676055374, 3.9998891606461724, 3.9999582620333527, 3.999603176191379, 3.999196314022091, 3.9990150636120894, 3.9989982003522084, 3.999014058736388, 3.9991311725376932, 3.9994286541346105, 3.9997494912778735, 3.9998942379620908, 3.99990648946355, 3.999924323879663, 3.999913093476186, 3.9998007136556453, 3.9996886065413753, 3.9996833132002134, 3.999717450613976, 3.9997287042527883, 3.9997813953244807, 3.999884624419581, 3.999946429982523, 3.9999580147480938, 3.999979976403307, 3.9999896636030345, 3.9999519607279423, 3.999918952653182, 3.999917490597048, 3.9999093912153314, 3.9999033779504853, 3.9999295444358522, 3.9999573559938253, 3.9999676493749465, 3.999984957832287, 3.9999995787032936, 3.999992121260809, 3.9999845641742198, 3.999983230969788, 3.9999727685060376, 3.999966836282793, 3.999973228955359, 3.9999762952387146, 3.99998068604706, 3.9999915921886977, 3.999995865925324, 3.9999962946395526, 3.9999990512209074, 3.999996142308648, 3.999991744274289, 3.999991639409836, 3.9999899058448283, 3.9999896214389894]",75,0.7388554926489797,,0.0,8.881784197001252e-16,3.9999999157869963,,0.7388554926489797,,,,4.50409722328186,4.706941366195679,True,0.20431876182556152,0.001459360122680664,0.0,0.20431876182556152,Results/warm_start_cache/list_193_graphs_adjacency_listhog_v04-12_planar_clawFree__filehash_62ae5075/hog_idx000032_7539aa56fe3c_seed42_L1_M1_amplified.npz,4.521531105041504,2026-08-27 09:21:55,x86_64,dacsgpu0002,,64,64,3.11.15,0.23,False,False,False,False,,True,False,True,False,adam,False,hamqaoa,0.05,standard,1,1,42,scs,1e-06,100000,False,False,False,hog,False,False,False,False,False,False,True,1,HOG_graphs/Exp5/list_193_graphs_adjacency_listhog_v04-12_planar_clawFree.txt,True,Results/warm_start_cache,512,60,0,16,1,1,0,0,5,0,5,10,42,True,_Exp8_standardZeroAngles,1,42,42,32,"[(2, 3), (1, 6), (3, 5), (4, 6), (5, 6), (3, 4), (4, 5), (0, 5), (3, 6), (2, 4)]","[1.0, 1.0, 1.0, 1.0, 1.0, 1.0, 1.0, 1.0, 1.0, 1.0]"
91b54b4b,7,11,5,75.0,False,True,"[1, 1, 1]",5.732764453273304,7.572595565821177,7.572595565821177,,,4.307465014160444,4.307465014160445,4.307465014160445,4.307465014160445,"[4.307465014160445, 4.166303213190097, 4.29876721032209, 4.274147748746486, 4.23028460971161, 4.253691300808639, 4.296229448380431, 4.305279666450248, 4.282533838594449, 4.270053859538641, 4.280363071365086, 4.297952708471864, 4.3068907779636545, 4.301068173067243, 4.291769270710794, 4.294546978843245, 4.307341074803953, 4.320166090868233, 4.332425405720149, 4.357883641939741, 4.413477087500393, 4.4953126871104585, 4.611908795358162, 4.730670135504797, 4.867645899099558, 4.956550776079205, 5.000472778349785, 5.021876169011573, 5.045315219744516, 5.072686604374909, 5.075599023637591, 5.053967578780506, 5.033855034776267, 5.029281583168055, 5.032420200230109, 5.044017191325886, 5.0581512773921, 5.084833110254098, 5.107941729770764, 5.120909736098751, 5.123074171343289, 5.1245945697179724, 5.129746751320945, 5.134859768941742, 5.132324359288408, 5.122853800416216, 5.1203389989532875, 5.12569223428227, 5.130496449696442, 5.133768278472626, 5.136500397192962, 5.142747279391908, 5.151182563121579, 5.155246974357085, 5.1554995907685575, 5.156331382671885, 5.159472583743879, 5.162425941525156, 5.164255203767683, 5.166327190864998, 5.170967799093614, 5.1761941286326625, 5.182848758741859, 5.188279056118161, 5.194162396688962, 5.200913388011379, 5.207446711014338, 5.212908269993933, 5.216781818982518, 5.219675571643746, 5.22265145440191, 5.224645066685644, 5.226093531927488, 5.226301882249708, 5.225981479800231, 5.225395110171572]",75,0.7513765913931735,,0.9179300960111272,0.9179300960111281,5.225395110171572,,0.9114965655335737,,,,28.03586459159851,28.208680152893066,True,0.17487430572509766,0.002043485641479492,0.0,0.17487430572509766,Results/warm_start_cache/list_193_graphs_adjacency_listhog_v04-12_planar_clawFree__filehash_62ae5075/hog_idx000186_e86ed0e894e0_seed42_L1_M1_amplified.npz,28.065268754959106,2026-08-27 09:21:56,x86_64,dacsgpu0002,,64,64,3.11.15,0.28,False,False,False,False,,True,False,True,True,adam,False,hamqaoa,0.05,standard,1,1,42,scs,1e-06,100000,False,False,False,hog,False,False,False,False,False,False,True,1,HOG_graphs/Exp5/list_193_graphs_adjacency_listhog_v04-12_planar_clawFree.txt,True,Results/warm_start_cache,512,60,0,16,1,1,0,0,5,0,5,10,42,True,_Exp8_standardZeroAngles,1,42,42,186,"[(0, 4), (2, 6), (3, 5), (0, 3), (4, 6), (1, 2), (5, 6), (3, 4), (1, 5), (4, 5), (3, 6)]","[1.0, 1.0, 1.0, 1.0, 1.0, 1.0, 1.0, 1.0, 1.0, 1.0, 1.0]"
a58eea06,9,9,1,75.0,False,True,"[1, 1, 1]",5.786586640394438,7.874999997837698,7.874999997837698,,,4.077600944013588,4.077600944013587,4.077600944013587,4.077600944013587,"[4.077600944013587, 4.056402009933007, 4.077258592708888, 4.074650414754993, 4.0684799965308045, 4.071376252558276, 4.0764754823338585, 4.078598161290866, 4.077805874346543, 4.076198807055368, 4.075326566939041, 4.075527145994323, 4.076382519264239, 4.0773556875049115, 4.07812667584465, 4.078623313782922, 4.078912694246694, 4.079089115862763, 4.079224269973736, 4.07938240883037, 4.0796365330286815, 4.080039875641911, 4.08060034354588, 4.0813182710341165, 4.0822248169072575, 4.0833473926322075, 4.084695980643343, 4.0863147263749475, 4.088239374652855, 4.090427070973079, 4.092792607523074, 4.095171230728546, 4.097308736017042, 4.099007384772913, 4.100140317280494, 4.100629808567769, 4.100443475113221, 4.099594345075744, 4.098344169025796, 4.097272379204957, 4.096884492487583, 4.0972985179119705, 4.0982121745104685, 4.099204236424018, 4.100049934371725, 4.100614670878239, 4.1008492934134395, 4.100841678438346, 4.100656888485438, 4.100401714271793, 4.100156523093738, 4.0999549364652585, 4.099852806278915, 4.099834381451642, 4.0999044527247515, 4.100037770321829, 4.100208596332119, 4.100401822910651, 4.100580860318669, 4.100736948218748, 4.10083744322134, 4.100875675918426, 4.10085047855791, 4.1007798737592305, 4.100697327080424, 4.100628041029621, 4.100600263984022, 4.100613919019245, 4.100663138807153, 4.100727551544348, 4.100789899156116, 4.100838202587701, 4.100865381169047, 4.1008733057830415, 4.100862576830381, 4.1008423844603925]",75,0.7046642861180146,,0.02324144044680576,0.023241440446804873,4.1008423844603925,,0.7086807196203775,,,,14.52382755279541,14.702015399932861,True,0.18025660514831543,0.0020515918731689453,0.0,0.18025660514831543,Results/warm_start_cache/list_193_graphs_adjacency_listhog_v04-12_planar_clawFree__filehash_62ae5075/hog_idx000149_545adace616c_seed42_L1_M1_amplified.npz,14.54901385307312,2026-08-27 09:21:58,x86_64,dacsgpu0002,,64,64,3.11.15,0.3,False,False,False,False,,True,True,True,False,adam,False,hamqaoa,0.05,standard,1,1,42,scs,1e-06,100000,False,False,False,hog,False,False,False,False,False,False,True,1,HOG_graphs/Exp5/list_193_graphs_adjacency_listhog_v04-12_planar_clawFree.txt,True,Results/warm_start_cache,512,60,0,16,1,1,0,0,5,0,5,10,42,True,_Exp8_standardZeroAngles,1,42,42,149,"[(4, 7), (0, 3), (6, 8), (7, 8), (2, 5), (1, 4), (5, 8), (3, 6), (6, 7)]","[1.0, 1.0, 1.0, 1.0, 1.0, 1.0, 1.0, 1.0, 1.0]"
3f75be95,5,7,4,75.0,False,True,"[1, 1, 1]",4.0000000000000036,5.499999914325711,5.499999914325711,,,2.9978716656180935,2.997871665618093,2.997871665618093,2.997871665618093,"[2.997871665618093, 2.1667902785763475, 2.9318970918175293, 2.7572856418092435, 2.549091467533648, 2.7183884668007896, 2.9532601726532817, 2.977025418938306, 2.850940758295107, 2.7939765139410477, 2.8484936478190344, 2.9392835845502936, 2.9902019048414736, 2.9860197962705897, 2.9599783876199117, 2.9433596099845016, 2.9449766440778555, 2.960476631056014, 2.9834232135400005, 3.007773513617723, 3.0275439404036257, 3.042172074854174, 3.0638530448787793, 3.1172730322553694, 3.228236954828066, 3.384984234921525, 3.4983354610324775, 3.5326569853242624, 3.5036911391587644, 3.49187491452221, 3.5384115370846505, 3.6103074379653566, 3.6761619905290894, 3.7201838313445874, 3.726490970678882, 3.697624529913525, 3.6743717825785702, 3.675461816032364, 3.700766706957026, 3.7449137876622434, 3.784760579556934, 3.7926463074330745, 3.769603270782786, 3.7435682790603115, 3.733098314698302, 3.742310238059222, 3.766545052951045, 3.7927860377976694, 3.807915155946049, 3.8071601232881287, 3.797441915495751, 3.7911580780509913, 3.7949039581313517, 3.8063893814904164, 3.8185831080259316, 3.8267177662680343, 3.83260213290435, 3.8402202835478096, 3.8501334465414545, 3.860186750869936, 3.868923674211198, 3.8771177676782553, 3.8861685705083477, 3.896464456738676, 3.9069244282732187, 3.9149468039807647, 3.918159512155204, 3.91623101295166, 3.911097866379466, 3.905813692552145, 3.9026311956293283, 3.902128171288393, 3.9035087704551352, 3.9056313476283444, 3.908036872253278, 3.9107361158611806]",75,0.7494679164045226,,0.9128644502430876,0.9128644502430872,3.9107361158611806,,0.9776840289652943,,,,15.836607933044434,15.977864980697632,True,0.14263010025024414,0.001356363296508789,0.0,0.14263010025024414,Results/warm_start_cache/list_193_graphs_adjacency_listhog_v04-12_planar_clawFree__filehash_62ae5075/hog_idx000023_7d050a98011b_seed42_L1_M1_amplified.npz,15.852357149124146,2026-08-27 09:21:59,x86_64,dacsgpu0002,,64,64,3.11.15,0.23,False,False,False,False,,True,False,True,False,adam,False,hamqaoa,0.05,standard,1,1,42,scs,1e-06,100000,False,False,False,hog,False,False,False,False,False,False,True,1,HOG_graphs/Exp5/list_193_graphs_adjacency_listhog_v04-12_planar_clawFree.txt,True,Results/warm_start_cache,512,60,0,16,1,1,0,0,5,0,5,10,42,True,_Exp8_standardZeroAngles,1,42,42,23,"[(1, 3), (0, 1), (2, 3), (3, 4), (1, 4), (0, 2), (2, 4)]","[1.0, 1.0, 1.0, 1.0, 1.0, 1.0, 1.0]"
5aafb0d5,7,10,2,75.0,False,True,"[1, 1, 1]",5.413778412130371,6.999999876268217,6.999999876268217,,,3.9999999157869954,3.9999999157869963,3.9999999157869963,3.9999999157869963,"[3.9999999157869963, 3.7792378438208223, 3.985956943654648, 3.958635576645308, 3.892442917537286, 3.9114165807643184, 3.963142698606624, 3.9962590981571324, 3.9972059838747307, 3.9803319689330325, 3.966013230749731, 3.9653551751057474, 3.9770139248539462, 3.9931913251211, 4.00665889946983, 4.014108996767312, 4.018071105555351, 4.029337315494651, 4.0660019445172395, 4.145673993629492, 4.271545966848153, 4.416815100425438, 4.527175680145524, 4.568410549141095, 4.566765246656576, 4.535981641662148, 4.49957369027739, 4.531142509308875, 4.624271091531761, 4.728128462777509, 4.793931317246681, 4.813152276723034, 4.81347987980457, 4.815445005843442, 4.820636834883877, 4.8240893709752495, 4.824818997778166, 4.825801817567596, 4.831011244734567, 4.842930408527872, 4.859756127628751, 4.8738296850206435, 4.878126076215661, 4.8726638451902256, 4.862736874403624, 4.856901233938195, 4.862942794203526, 4.879274496411695, 4.895158866147121, 4.901149244405318, 4.897795992792572, 4.892323224574059, 4.8891287666279775, 4.887489082505107, 4.886359662037045, 4.887491537427582, 4.892649373014182, 4.89968791979372, 4.904116682299692, 4.904087773706704, 4.9017091654870955, 4.8996608287619905, 4.898758226577632, 4.899024460307732, 4.900658815083278, 4.9029565742078445, 4.904258172719066, 4.903975599593933, 4.903229115770502, 4.903090596902053, 4.903424717885749, 4.903721454975174, 4.904149356220127, 4.905085150129547, 4.906041802273198, 4.906058662038221]",75,0.7388554926489797,,0.9060587462512251,0.906058746251226,4.906058662038221,,0.9062171165050773,,,,8.498996496200562,8.701704025268555,True,0.20431876182556152,0.0015857219696044922,0.0,0.20431876182556152,Results/warm_start_cache/list_193_graphs_adjacency_listhog_v04-12_planar_clawFree__filehash_62ae5075/hog_idx000032_7539aa56fe3c_seed42_L1_M1_amplified.npz,8.562941789627075,2026-08-27 09:22:00,x86_64,dacsgpu0002,,64,64,3.11.15,0.24,False,False,False,False,,True,False,True,False,adam,False,hamqaoa,0.05,standard,1,1,42,scs,1e-06,100000,False,False,False,hog,False,False,False,False,False,False,True,1,HOG_graphs/Exp5/list_193_graphs_adjacency_listhog_v04-12_planar_clawFree.txt,True,Results/warm_start_cache,512,60,0,16,1,1,0,0,5,0,5,10,42,True,_Exp8_standardZeroAngles,1,42,42,32,"[(2, 3), (1, 6), (3, 5), (4, 6), (5, 6), (3, 4), (4, 5), (0, 5), (3, 6), (2, 4)]","[1.0, 1.0, 1.0, 1.0, 1.0, 1.0, 1.0, 1.0, 1.0, 1.0]"
b79f0b0c,8,8,4,75.0,False,True,"[1, 1, 1]",5.2685152422993005,6.8749999915641204,6.8749999915641204,,,3.6040045403197833,3.604004540319783,3.6040045403197847,3.6040045403197847,"[3.6040045403197847, 3.395202440971598, 3.590967157611766, 3.5804107134150884, 3.547879825603136, 3.5976990019712902, 3.68353727302901, 3.7682437165791334, 3.847128964048024, 3.9102929138000615, 3.9458838627123223, 4.008650725646167, 4.07130788993674, 4.120190294898768, 4.184701826545653, 4.2208027713091285, 4.2162153027860745, 4.20753209279127, 4.200592981708831, 4.206718715426432, 4.22787103875673, 4.251128536068441, 4.284558540229219, 4.329027492769398, 4.369763813332199, 4.40646788912669, 4.440434372304928, 4.454063713533842, 4.457084240381769, 4.4727876797734405, 4.487951485678889, 4.487444720098443, 4.484334370141011, 4.487347277773089, 4.495099308234498, 4.511609529052611, 4.531962668411038, 4.5390459511766315, 4.540965371164191, 4.55081154509947, 4.552524626179348, 4.543224155355931, 4.544275223401629, 4.553259529753999, 4.557254027826238, 4.563936803502362, 4.573711724286782, 4.576613970399425, 4.577899034414283, 4.5824341650240985, 4.584256538061449, 4.585234826176766, 4.588683625450668, 4.5914461290032484, 4.595385093998653, 4.599923295256413, 4.602924517175319, 4.606875342325495, 4.609494998596967, 4.6101962231259614, 4.612418392085968, 4.614525402787945, 4.616617247729016, 4.619387749909491, 4.621088468627601, 4.623208419741518, 4.625243880331381, 4.626226824379312, 4.62746785740729, 4.628808901248134, 4.630805687494848, 4.632828135961847, 4.635291758914669, 4.638797759750425, 4.642281062425496, 4.646202759171784]",75,0.6840645560601838,,1.042198218852001,1.0421982188520005,4.646202759171784,,0.8818808612090253,,,,24.693274974822998,24.86956787109375,True,0.1778881549835205,0.001581430435180664,0.0,0.1778881549835205,Results/warm_start_cache/list_193_graphs_adjacency_listhog_v04-12_planar_clawFree__filehash_62ae5075/hog_idx000006_25bcbc4e251a_seed42_L1_M1_amplified.npz,24.70801019668579,2026-08-27 09:22:02,x86_64,dacsgpu0002,,64,64,3.11.15,0.28,False,False,False,False,,True,True,True,False,adam,False,hamqaoa,0.05,standard,1,1,42,scs,1e-06,100000,False,False,False,hog,False,False,False,False,False,False,True,1,HOG_graphs/Exp5/list_193_graphs_adjacency_listhog_v04-12_planar_clawFree.txt,True,Results/warm_start_cache,512,60,0,16,1,1,0,0,5,0,5,10,42,True,_Exp8_standardZeroAngles,1,42,42,6,"[(2, 7), (2, 6), (0, 7), (3, 5), (4, 6), (3, 4), (1, 5), (6, 7)]","[1.0, 1.0, 1.0, 1.0, 1.0, 1.0, 1.0, 1.0]"
8c74fa70,9,9,2,75.0,False,True,"[1, 1, 1]",5.786586640394438,7.874999997837698,7.874999997837698,,,4.077600944013588,4.077600944013587,4.077600944013587,4.077600944013587,"[4.077600944013587, 3.9619766891509403, 4.072408419118723, 4.059084710682778, 4.030108681640121, 4.039714616962648, 4.062007341852881, 4.076422452013954, 4.079401169596347, 4.0752595312211675, 4.070644839053234, 4.070313303602284, 4.073069953785092, 4.074322892522147, 4.073322435862276, 4.074138641461938, 4.07773043231595, 4.0800591258130545, 4.079995748164526, 4.0809963699259235, 4.084993793430266, 4.089241893555403, 4.093609730631166, 4.103168854551937, 4.120719135680453, 4.149086439253068, 4.198474537557888, 4.278499736780665, 4.385457867349299, 4.498575756346696, 4.597027623496397, 4.654408838562876, 4.663497111883475, 4.6419675105479845, 4.630591789741357, 4.628510641337616, 4.626118228526853, 4.645773209027067, 4.681610598672682, 4.708477219957244, 4.716041049520992, 4.7000166922452005, 4.674471101844678, 4.665148457297696, 4.679640494193152, 4.701584593989019, 4.714631305634627, 4.721193108375765, 4.72824122479057, 4.73215105100141, 4.7296715596666035, 4.7243510708972245, 4.717709658805008, 4.713873342707035, 4.718880201769016, 4.729804286269141, 4.737015682583918, 4.737497837924669, 4.735767601754195, 4.734156252881524, 4.732343109234297, 4.731730253814734, 4.733121160518444, 4.734909999452939, 4.736272924059615, 4.737846537979792, 4.738988653289764, 4.738542821822303, 4.737479869406428, 4.737187614510114, 4.737466572506098, 4.738255635340737, 4.739676197162368, 4.740619468672977, 4.7403462902254905, 4.739640196017056]",75,0.7046642861180146,,0.6620392520034697,0.6620392520034688,4.739640196017056,,0.8190735731719698,,,,20.59132695198059,20.770238637924194,True,0.18025660514831543,0.0013153553009033203,0.0,0.18025660514831543,Results/warm_start_cache/list_193_graphs_adjacency_listhog_v04-12_planar_clawFree__filehash_62ae5075/hog_idx000149_545adace616c_seed42_L1_M1_amplified.npz,20.60647487640381,2026-08-27 09:22:04,x86_64,dacsgpu0002,,64,64,3.11.15,0.36,False,False,False,False,,True,True,True,False,adam,False,hamqaoa,0.05,standard,1,1,42,scs,1e-06,100000,False,False,False,hog,False,False,False,False,False,False,True,1,HOG_graphs/Exp5/list_193_graphs_adjacency_listhog_v04-12_planar_clawFree.txt,True,Results/warm_start_cache,512,60,0,16,1,1,0,0,5,0,5,10,42,True,_Exp8_standardZeroAngles,1,42,42,149,"[(4, 7), (0, 3), (6, 8), (7, 8), (2, 5), (1, 4), (5, 8), (3, 6), (6, 7)]","[1.0, 1.0, 1.0, 1.0, 1.0, 1.0, 1.0, 1.0, 1.0]"
51fe6688,8,9,1,75.0,False,True,"[1, 1, 1]",5.7373792211586805,7.658145107912542,7.658145107912542,,,4.036988821873323,4.036988821873323,4.036988821873325,4.036988821873325,"[4.036988821873325, 4.007944733835719, 4.035847537071655, 4.033291465944357, 4.02694172192413, 4.028592195628426, 4.033186040458568, 4.036215080608281, 4.037334364268286, 4.038195732960365, 4.040095333308129, 4.044349835506759, 4.0558344679803, 4.085784639209757, 4.148174958040334, 4.247914179584561, 4.37298917632435, 4.493950101834155, 4.56925754697621, 4.5732846079389065, 4.541610323410912, 4.527515697348032, 4.543011771422421, 4.570783217696248, 4.587244464682989, 4.581301187914831, 4.5628796885631635, 4.549971667626777, 4.549043884012952, 4.556538678438996, 4.5680957193139635, 4.581821888590609, 4.596108838023263, 4.607391177361513, 4.611885995387417, 4.609738168429588, 4.606007251780213, 4.60606191071819, 4.610764978506517, 4.616624969232966, 4.619377568934375, 4.617413789204592, 4.61276800603912, 4.609065092924417, 4.608446239251947, 4.6104300245223, 4.613093909575113, 4.614811735287269, 4.615171516413872, 4.6148362309360555, 4.614757288950861, 4.615431555167261, 4.6167246012623835, 4.618194822112408, 4.619433761874829, 4.620136822818128, 4.620121484566453, 4.619533366881277, 4.618938549870184, 4.618918236218169, 4.619496778876698, 4.620103959868353, 4.620163040163734, 4.619668856700301, 4.6191443871249716, 4.619071477306001, 4.61945511630553, 4.619935088621734, 4.620204064774757, 4.620244947337213, 4.620219613920161, 4.620247616471214, 4.620343311680977, 4.620486789183657, 4.62064834858348, 4.620755213952495]",75,0.7036294214238886,,0.5837663920791716,0.5837663920791716,4.620755213952495,,0.8053773396940145,,,,7.135443925857544,7.300123453140259,True,0.16961121559143066,0.0049152374267578125,0.0,0.16961121559143066,Results/warm_start_cache/list_193_graphs_adjacency_listhog_v04-12_planar_clawFree__filehash_62ae5075/hog_idx000146_4397cc0fdb4f_seed42_L1_M1_amplified.npz,7.203925371170044,2026-08-27 09:22:05,x86_64,dacsgpu0002,,64,64,3.11.15,0.24,False,False,False,False,,True,True,True,False,adam,False,hamqaoa,0.05,standard,1,1,42,scs,1e-06,100000,False,False,False,hog,False,False,False,False,False,False,True,1,HOG_graphs/Exp5/list_193_graphs_adjacency_listhog_v04-12_planar_clawFree.txt,True,Results/warm_start_cache,512,60,0,16,1,1,0,0,5,0,5,10,42,True,_Exp8_standardZeroAngles,1,42,42,146,"[(1, 3), (0, 1), (4, 7), (5, 7), (5, 6), (6, 7), (0, 2), (3, 6), (2, 4)]","[1.0, 1.0, 1.0, 1.0, 1.0, 1.0, 1.0, 1.0, 1.0]"
21e004cd,5,7,5,75.0,False,True,"[1, 1, 1]",4.0000000000000036,5.499999914325711,5.499999914325711,,,2.9978716656180935,2.997871665618093,2.997871665618093,2.997871665618093,"[2.997871665618093, 1.84749274653667, 2.897602365654879, 2.606901667224368, 2.409493456158537, 2.6864540462947897, 2.970866696791243, 2.9503639193796243, 2.8128759237831322, 2.773957638156736, 2.832455646910512, 2.9197280369132512, 2.9815027828771035, 2.997557089258438, 2.9783001687322166, 2.952756034789046, 2.949149477804258, 2.9758524934208883, 3.0192014293251885, 3.06106063639315, 3.103901184676803, 3.169663702670701, 3.2745169453105185, 3.4055465821375916, 3.4982072372554422, 3.4836775437977545, 3.4213770366210747, 3.397390014470171, 3.4366461092588434, 3.511744776431762, 3.5780990202382505, 3.6116197102947636, 3.622559900621418, 3.632553096819848, 3.650032061067216, 3.672628193178635, 3.700580018626788, 3.735024023951716, 3.7668590500401997, 3.7870961298765904, 3.8031721381002837, 3.8209988811794053, 3.82956411672254, 3.8234869414910824, 3.8153450649168645, 3.8150534447188895, 3.8230211220311943, 3.838272688747248, 3.8551736667307566, 3.8654366896334444, 3.870365482533671, 3.8741942883048757, 3.8715504578568627, 3.8661791885458334, 3.8692310517129873, 3.8762979975286505, 3.8811775932938515, 3.8845672103002338, 3.888143035668748, 3.8904169329557368, 3.888616031507029, 3.8868794970431386, 3.8895932702683043, 3.893395716432919, 3.898108797391061, 3.904938437629856, 3.910271799081815, 3.912215197029373, 3.9137375623838495, 3.9160660130993814, 3.91657006491276, 3.916798712613538, 3.9196333611846303, 3.9219915386021964, 3.9233799910020903, 3.925978980041628]",75,0.7494679164045226,,0.928107314423535,0.9281073144235346,3.925978980041628,,0.9814947450104061,,,,21.50926947593689,21.6503746509552,True,0.14263010025024414,0.0015065670013427734,0.0,0.14263010025024414,Results/warm_start_cache/list_193_graphs_adjacency_listhog_v04-12_planar_clawFree__filehash_62ae5075/hog_idx000023_7d050a98011b_seed42_L1_M1_amplified.npz,21.5311222076416,2026-08-27 09:22:05,x86_64,dacsgpu0002,,64,64,3.11.15,0.24,False,False,False,False,,True,False,True,False,adam,False,hamqaoa,0.05,standard,1,1,42,scs,1e-06,100000,False,False,False,hog,False,False,False,False,False,False,True,1,HOG_graphs/Exp5/list_193_graphs_adjacency_listhog_v04-12_planar_clawFree.txt,True,Results/warm_start_cache,512,60,0,16,1,1,0,0,5,0,5,10,42,True,_Exp8_standardZeroAngles,1,42,42,23,"[(1, 3), (0, 1), (2, 3), (3, 4), (1, 4), (0, 2), (2, 4)]","[1.0, 1.0, 1.0, 1.0, 1.0, 1.0, 1.0]"
040f3198,7,10,3,75.0,False,True,"[1, 1, 1]",5.413778412130371,6.999999876268217,6.999999876268217,,,3.9999999157869954,3.9999999157869963,3.9999999157869963,3.9999999157869963,"[3.9999999157869963, 3.5334237932969916, 3.969233373435807, 3.908708216525108, 3.788139273314561, 3.834506373868476, 3.9378508682782303, 4.0007095783913496, 3.9999123299169854, 3.9679325147453453, 3.9411456952576347, 3.9365118972355493, 3.9517595471808313, 3.9745127066269554, 3.9925590313309396, 3.999839118234439, 3.997499527309227, 3.9922985328779768, 3.994036756026913, 4.013905915628279, 4.066182556279596, 4.167938578040441, 4.316910892453692, 4.439080489158268, 4.428925758525074, 4.352794124459635, 4.356227261612876, 4.427796192212411, 4.49341813375439, 4.521043638089201, 4.510353311140218, 4.477111799111061, 4.45219139201617, 4.453050287421843, 4.469637647233748, 4.486059219045481, 4.4993888014170205, 4.512289103167857, 4.525162348407866, 4.54188600464158, 4.566140800830007, 4.591603349961317, 4.60728472218143, 4.611886345418837, 4.61584721971671, 4.629217556559567, 4.655262681988961, 4.691942722488105, 4.7313227006765315, 4.762918557134117, 4.78412008270515, 4.799901164323081, 4.812737347759286, 4.825324002830849, 4.8427932858671525, 4.86141632344107, 4.878321296052321, 4.892019437757113, 4.897510818459316, 4.9002202452165, 4.904110855582759, 4.9037446711245956, 4.900406857551222, 4.900561287750611, 4.903466556917737, 4.9074676486817905, 4.913023738000758, 4.917839856563942, 4.920213181243574, 4.920918827468396, 4.921578239159175, 4.9240641753462215, 4.928482748709783, 4.9331742827054255, 4.9374824908075094, 4.94184003074625]",75,0.7388554926489797,,0.9418401149592537,0.9418401149592546,4.94184003074625,,0.9128264318453312,,,,14.466029644012451,14.668738842010498,True,0.20431876182556152,0.0015943050384521484,0.0,0.20431876182556152,Results/warm_start_cache/list_193_graphs_adjacency_listhog_v04-12_planar_clawFree__filehash_62ae5075/hog_idx000032_7539aa56fe3c_seed42_L1_M1_amplified.npz,14.503085374832153,2026-08-27 09:22:06,x86_64,dacsgpu0002,,64,64,3.11.15,0.25,False,False,False,False,,True,False,True,False,adam,False,hamqaoa,0.05,standard,1,1,42,scs,1e-06,100000,False,False,False,hog,False,False,False,False,False,False,True,1,HOG_graphs/Exp5/list_193_graphs_adjacency_listhog_v04-12_planar_clawFree.txt,True,Results/warm_start_cache,512,60,0,16,1,1,0,0,5,0,5,10,42,True,_Exp8_standardZeroAngles,1,42,42,32,"[(2, 3), (1, 6), (3, 5), (4, 6), (5, 6), (3, 4), (4, 5), (0, 5), (3, 6), (2, 4)]","[1.0, 1.0, 1.0, 1.0, 1.0, 1.0, 1.0, 1.0, 1.0, 1.0]"
33366f19,5,6,1,75.0,False,True,"[1, 1, 1]",3.000000000000006,3.749999960511986,3.749999960511986,,,2.105913475244956,2.105913475244956,2.105913475244956,2.105913475244956,"[2.105913475244956, 2.111652469586344, 2.109658567499765, 2.111908614626283, 2.1173840740887777, 2.11830685959208, 2.118824575534392, 2.123318372998008, 2.1273662945050007, 2.130707143781151, 2.136766730848098, 2.14569163792993, 2.155640709402493, 2.165893385371257, 2.1754083705132485, 2.180401872124985, 2.1768919577913737, 2.1676241660275943, 2.162348809327242, 2.1650913739357063, 2.172034831547512, 2.1780213961353505, 2.1803118185378243, 2.1793023737276225, 2.177073223220226, 2.175234200573512, 2.1742711403011565, 2.174246813583838, 2.175200403054115, 2.1769110725679255, 2.1787454819437357, 2.1799565636086076, 2.1801591951859294, 2.179551265829713, 2.178715292572485, 2.178241750437566, 2.178460050350904, 2.179286099950997, 2.180254410983032, 2.1808204472711714, 2.1807445724419017, 2.1802433897115976, 2.179755872760267, 2.1795703750154183, 2.1797150083484778, 2.1800937911019664, 2.180566058992226, 2.180929801913007, 2.1810017258217855, 2.180786694070042, 2.180498279573418, 2.18036099324218, 2.1804361726315107, 2.180640460775329, 2.180851959108237, 2.1809711846377553, 2.1809528021721296, 2.1808413603650543, 2.1807461628668765, 2.1807415283042735, 2.18081246185665, 2.180901819910807, 2.1809645480635775, 2.1809745662608933, 2.180933499454124, 2.180885238234325, 2.1808815631596623, 2.180926138614575, 2.1809775713947883, 2.1810012023045413, 2.18099300274928, 2.180966038626532, 2.1809416907412142, 2.1809423777222015, 2.1809699872856263, 2.1810013198133147]",75,0.7019711584149839,,0.07508784456835871,0.07508784456835871,2.1810013198133147,,0.7270004399377701,,,,3.006251335144043,3.145395040512085,True,0.14148855209350586,0.0023293495178222656,0.0,0.14148855209350586,Results/warm_start_cache/list_193_graphs_adjacency_listhog_v04-12_planar_clawFree__filehash_62ae5075/hog_idx000052_09e737059c5c_seed42_L1_M1_amplified.npz,3.023130178451538,2026-08-27 09:22:07,x86_64,dacsgpu0002,,64,64,3.11.15,0.22,False,False,False,False,,True,False,True,True,adam,False,hamqaoa,0.05,standard,1,1,42,scs,1e-06,100000,False,False,False,hog,False,False,False,False,False,False,True,1,HOG_graphs/Exp5/list_193_graphs_adjacency_listhog_v04-12_planar_clawFree.txt,True,Results/warm_start_cache,512,60,0,16,1,1,0,0,5,0,5,10,42,True,_Exp8_standardZeroAngles,1,42,42,52,"[(0, 1), (2, 3), (0, 4), (3, 4), (1, 4), (2, 4)]","[1.0, 1.0, 1.0, 1.0, 1.0, 1.0]"
5f39331f,9,9,3,75.0,False,True,"[1, 1, 1]",5.786586640394438,7.874999997837698,7.874999997837698,,,4.077600944013588,4.077600944013587,4.077600944013587,4.077600944013587,"[4.077600944013587, 3.789408394703616, 4.062956135965754, 4.034181730920789, 3.972382563721517, 3.988656734358473, 4.031301315404377, 4.066120439907297, 4.081884499981174, 4.07310619663122, 4.054930863044777, 4.0549012194886815, 4.068592925295881, 4.070261077141817, 4.061557943261709, 4.065390190570736, 4.079127538832667, 4.084824170053944, 4.0846665800816035, 4.094802369493612, 4.115278173010874, 4.136772153807467, 4.165098335460867, 4.211651504735416, 4.282560665323842, 4.381313545988483, 4.497806715870561, 4.592931355329673, 4.6362216304820585, 4.608237625925653, 4.553428784227828, 4.551427120181137, 4.621576802150435, 4.697306909928384, 4.7159671651378705, 4.684895431817281, 4.647594506793242, 4.633018422358569, 4.648141599115328, 4.684229581100954, 4.721661985153583, 4.738982400565777, 4.7303462752672045, 4.710792243546298, 4.69821003327313, 4.699584509624396, 4.710706067207318, 4.724168124015034, 4.735937338149154, 4.742158294583818, 4.739223372581598, 4.730844500520752, 4.725404710903448, 4.728299764211313, 4.737425566698945, 4.744411585845785, 4.7447696110587785, 4.742795283805069, 4.742406141117119, 4.743247068163036, 4.745072102931461, 4.747535917481773, 4.75030107071465, 4.752815706466717, 4.753318623687037, 4.752836819130126, 4.754378135725343, 4.757818584947117, 4.76174246592621, 4.765312884952156, 4.768220119344492, 4.771272648441555, 4.775240077116072, 4.780448891598489, 4.7874313403071715, 4.796030397717283]",75,0.7046642861180146,,0.7184294537036964,0.7184294537036955,4.796030397717283,,0.828818558463745,,,,28.50233793258667,28.681222915649414,True,0.18025660514831543,0.0013554096221923828,0.0,0.18025660514831543,Results/warm_start_cache/list_193_graphs_adjacency_listhog_v04-12_planar_clawFree__filehash_62ae5075/hog_idx000149_545adace616c_seed42_L1_M1_amplified.npz,28.51599884033203,2026-08-27 09:22:13,x86_64,dacsgpu0002,,64,64,3.11.15,0.43,False,False,False,False,,True,True,True,False,adam,False,hamqaoa,0.05,standard,1,1,42,scs,1e-06,100000,False,False,False,hog,False,False,False,False,False,False,True,1,HOG_graphs/Exp5/list_193_graphs_adjacency_listhog_v04-12_planar_clawFree.txt,True,Results/warm_start_cache,512,60,0,16,1,1,0,0,5,0,5,10,42,True,_Exp8_standardZeroAngles,1,42,42,149,"[(4, 7), (0, 3), (6, 8), (7, 8), (2, 5), (1, 4), (5, 8), (3, 6), (6, 7)]","[1.0, 1.0, 1.0, 1.0, 1.0, 1.0, 1.0, 1.0, 1.0]"
92986cb7,8,8,5,75.0,False,True,"[1, 1, 1]",5.2685152422993005,6.8749999915641204,6.8749999915641204,,,3.6040045403197833,3.604004540319783,3.6040045403197847,3.6040045403197847,"[3.6040045403197847, 3.3268915090611895, 3.5842963667894083, 3.5651981212353347, 3.547121905965048, 3.633607104190464, 3.7370778345243174, 3.7981268095220257, 3.86356977212905, 3.961094866653665, 4.05434703855414, 4.12792544511911, 4.178538312268007, 4.205716061444989, 4.206911137799119, 4.200188035190014, 4.207125179137288, 4.228859543375453, 4.256431967496823, 4.280776833499068, 4.31912667202957, 4.365739112537884, 4.409343855264293, 4.456178277975917, 4.483704326679371, 4.490929956105971, 4.508137875600568, 4.523871890787831, 4.526331527131613, 4.528817037924472, 4.526335294092678, 4.527133461272829, 4.539740594581971, 4.554392904299492, 4.5685125727531215, 4.572380435535108, 4.5684610488292705, 4.569536622861316, 4.570641999487851, 4.576015213515818, 4.584951028055787, 4.591631126827883, 4.599965655253657, 4.605337644974739, 4.611081900371686, 4.619104729632343, 4.625733201590519, 4.630809313286149, 4.632725780029255, 4.637435069843414, 4.645079188401537, 4.653052082107926, 4.659703681351512, 4.663749060869541, 4.669631644075185, 4.676338102559258, 4.682709702266269, 4.687463764850294, 4.6932072061691565, 4.69990229663881, 4.704200861020208, 4.707807395122448, 4.7111134538233355, 4.714580324210278, 4.716296263118292, 4.717446937786387, 4.719666445994738, 4.721768899002907, 4.723645894626973, 4.725095467850434, 4.726513222686781, 4.727207166833439, 4.727873823017183, 4.72831157865195, 4.72821898286766, 4.728334885421211]",75,0.6840645560601838,,1.1243303451014284,1.124330345101428,4.728334885421211,,0.8974700969751125,,,,35.6264488697052,35.80303144454956,True,0.1778881549835205,0.0012903213500976562,0.0,0.1778881549835205,Results/warm_start_cache/list_193_graphs_adjacency_listhog_v04-12_planar_clawFree__filehash_62ae5075/hog_idx000006_25bcbc4e251a_seed42_L1_M1_amplified.npz,35.66621422767639,2026-08-27 09:22:13,x86_64,dacsgpu0002,,64,64,3.11.15,0.28,False,False,False,False,,True,True,True,False,adam,False,hamqaoa,0.05,standard,1,1,42,scs,1e-06,100000,False,False,False,hog,False,False,False,False,False,False,True,1,HOG_graphs/Exp5/list_193_graphs_adjacency_listhog_v04-12_planar_clawFree.txt,True,Results/warm_start_cache,512,60,0,16,1,1,0,0,5,0,5,10,42,True,_Exp8_standardZeroAngles,1,42,42,6,"[(2, 7), (2, 6), (0, 7), (3, 5), (4, 6), (3, 4), (1, 5), (6, 7)]","[1.0, 1.0, 1.0, 1.0, 1.0, 1.0, 1.0, 1.0]"
314a6612,7,10,4,75.0,False,True,"[1, 1, 1]",5.413778412130371,6.999999876268217,6.999999876268217,,,3.9999999157869954,3.9999999157869963,3.9999999157869963,3.9999999157869963,"[3.9999999157869963, 3.2408228605909115, 3.94539331130047, 3.8260745860036076, 3.656985966447826, 3.762654273064946, 3.9391538650638918, 4.012667447187816, 3.983458804140947, 3.9362493290220635, 3.9141662233927517, 3.9210906134196186, 3.9485050195538296, 3.9818060401163597, 4.002435388415119, 4.002792699988045, 3.9993689108203805, 4.025308065766333, 4.114827412016181, 4.2800198372223175, 4.4342097270464285, 4.397785531854867, 4.304777041335583, 4.36587687102281, 4.467327509389096, 4.4881985792961645, 4.476378276269216, 4.462166828068915, 4.457561888687817, 4.476617323450697, 4.49760452512637, 4.495161032877547, 4.491369863451107, 4.507660241239881, 4.525675876665809, 4.531157112227505, 4.531790853001556, 4.533609967457332, 4.53929125741592, 4.551891979602496, 4.564662682317885, 4.563346736585283, 4.549784745037263, 4.545830959108818, 4.558503654754802, 4.569253974392752, 4.56633937598579, 4.561097080299023, 4.565304058828223, 4.574748105071294, 4.582326328083135, 4.590032187057713, 4.600122732963611, 4.610699380150107, 4.623846437431914, 4.642699138324488, 4.6652297858581, 4.690257035099156, 4.719933640121809, 4.751157685578886, 4.774537184600781, 4.785391338087686, 4.785988290635513, 4.7797214964983095, 4.773121452370411, 4.77545905132001, 4.790003884640966, 4.812350532795897, 4.835426764891017, 4.852998932026956, 4.864253069019577, 4.874476469162704, 4.887312650075416, 4.901799263088364, 4.919453371786619, 4.9440251361783725]",75,0.7388554926489797,,0.9440252203913762,0.944025220391377,4.9440251361783725,,0.9132300511414639,,,,21.494493007659912,21.695790767669678,True,0.20431876182556152,0.0030057430267333984,0.0,0.20431876182556152,Results/warm_start_cache/list_193_graphs_adjacency_listhog_v04-12_planar_clawFree__filehash_62ae5075/hog_idx000032_7539aa56fe3c_seed42_L1_M1_amplified.npz,21.526607513427734,2026-08-27 09:22:13,x86_64,dacsgpu0002,,64,64,3.11.15,0.26,False,False,False,False,,True,False,True,False,adam,False,hamqaoa,0.05,standard,1,1,42,scs,1e-06,100000,False,False,False,hog,False,False,False,False,False,False,True,1,HOG_graphs/Exp5/list_193_graphs_adjacency_listhog_v04-12_planar_clawFree.txt,True,Results/warm_start_cache,512,60,0,16,1,1,0,0,5,0,5,10,42,True,_Exp8_standardZeroAngles,1,42,42,32,"[(2, 3), (1, 6), (3, 5), (4, 6), (5, 6), (3, 4), (4, 5), (0, 5), (3, 6), (2, 4)]","[1.0, 1.0, 1.0, 1.0, 1.0, 1.0, 1.0, 1.0, 1.0, 1.0]"
c00cb26a,8,9,2,75.0,False,True,"[1, 1, 1]",5.7373792211586805,7.658145107912542,7.658145107912542,,,4.036988821873323,4.036988821873323,4.036988821873325,4.036988821873325,"[4.036988821873325, 3.9280971663784205, 4.03265916363218, 4.027361805646797, 4.019388152601152, 4.0493265793935045, 4.12140299925772, 4.234672101128845, 4.360719585153034, 4.450624469714184, 4.508726273839182, 4.590625800695964, 4.6864620021587795, 4.755708747210538, 4.8035385406883115, 4.840449308549736, 4.85567566450191, 4.842798531645133, 4.814200753379216, 4.790643966818434, 4.791235394907167, 4.824619178821742, 4.87197565648852, 4.905990850133543, 4.9202690763594505, 4.921938917869744, 4.913454615351648, 4.899295756741405, 4.888308181923207, 4.883944441362454, 4.885061664234584, 4.892841436300918, 4.907828756363631, 4.924723864967116, 4.936300741508212, 4.940025246806464, 4.937065856688458, 4.929947358162123, 4.923706066722828, 4.92232523269893, 4.925344640709308, 4.931117833571422, 4.937928779780866, 4.942410536355245, 4.9430055748515835, 4.941505454087455, 4.939283628546412, 4.937279050612179, 4.936963025961828, 4.938341226433633, 4.940575095299962, 4.943360958948139, 4.945491402868014, 4.945654734939345, 4.9444498489676425, 4.943077007025399, 4.9424713225481, 4.943190347805807, 4.944483434590298, 4.945540726330803, 4.946263548143973, 4.9463153690081, 4.945732890026719, 4.945082626224914, 4.944755695472288, 4.945090698224078, 4.945855272319649, 4.946389614155458, 4.946565737200305, 4.946443688778896, 4.946130635626343, 4.945893894405121, 4.945823062904732, 4.946022581245036, 4.946402040221038, 4.946624591872007]",75,0.7036294214238886,,0.9096357699986841,0.9096357699986841,4.946624591872007,,0.8621749410653428,,,,11.559997320175171,11.728251457214355,True,0.16961121559143066,0.0013408660888671875,0.0,0.16961121559143066,Results/warm_start_cache/list_193_graphs_adjacency_listhog_v04-12_planar_clawFree__filehash_62ae5075/hog_idx000146_4397cc0fdb4f_seed42_L1_M1_amplified.npz,11.583249568939209,2026-08-27 09:22:14,x86_64,dacsgpu0002,,64,64,3.11.15,0.25,False,False,False,False,,True,True,True,False,adam,False,hamqaoa,0.05,standard,1,1,42,scs,1e-06,100000,False,False,False,hog,False,False,False,False,False,False,True,1,HOG_graphs/Exp5/list_193_graphs_adjacency_listhog_v04-12_planar_clawFree.txt,True,Results/warm_start_cache,512,60,0,16,1,1,0,0,5,0,5,10,42,True,_Exp8_standardZeroAngles,1,42,42,146,"[(1, 3), (0, 1), (4, 7), (5, 7), (5, 6), (6, 7), (0, 2), (3, 6), (2, 4)]","[1.0, 1.0, 1.0, 1.0, 1.0, 1.0, 1.0, 1.0, 1.0]"
bdf901f5,6,11,1,75.0,False,True,"[1, 1, 1]",5.000000000000012,6.499999720393796,6.499999720393796,,,3.999998291208823,3.999998291208823,3.999998291208823,3.999998291208823,"[3.999998291208823, 3.9565097943413026, 3.9974147439740553, 3.993085037348331, 3.980923978957193, 3.9831484420492234, 3.9912110829839635, 3.9971357889411085, 3.9993676518738255, 3.9993512990364013, 3.998557594159065, 3.9976911181295245, 3.9969675472024413, 3.9965940908288657, 3.996925895738445, 3.998018370467154, 3.9991952742134886, 3.9995993360328854, 3.999333153813081, 3.999357746734006, 3.9998600129113844, 3.999963010690354, 3.9995525566681382, 3.999583659257923, 4.000027993815996, 4.000026271423259, 3.9999298050157264, 4.000469526824673, 4.001143473010115, 4.001868040879596, 4.003839588163899, 4.007980811150176, 4.016322419958904, 4.0345775098645, 4.071512235353944, 4.1344933880449535, 4.217805227523371, 4.295090060265426, 4.3353146126868465, 4.336215748433268, 4.324844354561306, 4.336050051758892, 4.371312845684826, 4.409173319303056, 4.424988223180665, 4.412405341233857, 4.390100901051296, 4.377626388327322, 4.380260555598274, 4.393730507545443, 4.410617771348918, 4.422369526482402, 4.42163025367544, 4.40972168442468, 4.399424800632069, 4.4009801053679665, 4.411294991786693, 4.421192140605602, 4.4253091434072624, 4.423867822772883, 4.4195077055966525, 4.415622503956502, 4.415306650437429, 4.418936712296697, 4.423726602341348, 4.42671381367198, 4.427032238135475, 4.425307576057687, 4.422869994697311, 4.421644430908355, 4.422757661357989, 4.425106122443043, 4.426654890454131, 4.426676949165204, 4.42581114766691, 4.4248547721174365]",75,0.7999996582417626,,0.4248564809086135,0.4248564809086135,4.4248547721174365,,0.8849709544234851,,,,4.0599493980407715,4.20084810256958,True,0.1428060531616211,0.0018911361694335938,0.0,0.1428060531616211,Results/warm_start_cache/list_193_graphs_adjacency_listhog_v04-12_planar_clawFree__filehash_62ae5075/hog_idx000048_a6c7ca67e5c8_seed42_L1_M1_amplified.npz,4.088990211486816,2026-08-27 09:22:15,x86_64,dacsgpu0002,,64,64,3.11.15,0.22,False,False,False,False,,True,False,True,False,adam,False,hamqaoa,0.05,standard,1,1,42,scs,1e-06,100000,False,False,False,hog,False,False,False,False,False,False,True,1,HOG_graphs/Exp5/list_193_graphs_adjacency_listhog_v04-12_planar_clawFree.txt,True,Results/warm_start_cache,512,60,0,16,1,1,0,0,5,0,5,10,42,True,_Exp8_standardZeroAngles,1,42,42,48,"[(0, 1), (2, 3), (0, 4), (3, 5), (3, 4), (1, 5), (4, 5), (2, 5), (0, 5), (1, 4), (2, 4)]","[1.0, 1.0, 1.0, 1.0, 1.0, 1.0, 1.0, 1.0, 1.0, 1.0, 1.0]"
9eace1d3,5,6,2,75.0,False,True,"[1, 1, 1]",3.000000000000006,3.749999960511986,3.749999960511986,,,2.105913475244956,2.105913475244956,2.105913475244956,2.105913475244956,"[2.105913475244956, 2.097286915254003, 2.107422764693214, 2.114044335975478, 2.1097852706969715, 2.1102382998936764, 2.1183023404210366, 2.1221034984132947, 2.123045092243789, 2.1296982901551136, 2.1379362514353413, 2.143200251751196, 2.150852160133498, 2.1635358273346816, 2.1781355138490963, 2.1952656494403544, 2.2199937101642413, 2.2507080551040013, 2.2878457918481265, 2.3325132139378395, 2.3784868500951655, 2.411627133758423, 2.421720704921496, 2.408787292500526, 2.3836031935157287, 2.373513157549045, 2.3905159055662413, 2.420087616240185, 2.441474639928773, 2.4454066805980954, 2.438210039908913, 2.4288024957767425, 2.423272329809252, 2.4245799133388712, 2.430896195285015, 2.437560636129054, 2.4425084489868887, 2.4467308582045124, 2.4498891884394403, 2.4492427941734074, 2.445378891318096, 2.443223493740749, 2.444205765607398, 2.4458168641030977, 2.446077854339472, 2.446139262722791, 2.4479735643946188, 2.4510870625823578, 2.4532695039479595, 2.453174192545578, 2.4516139954625253, 2.450464742641949, 2.4506706819592567, 2.451778709482001, 2.452906142344214, 2.4535817522172088, 2.453807343620572, 2.453719933813105, 2.4534055240894457, 2.4529717151590944, 2.452675228369806, 2.4528626511247986, 2.4535880527701606, 2.4543640984115513, 2.454630582101167, 2.45443068658139, 2.4542533612347004, 2.4542956294479237, 2.4543343516106377, 2.454250651615362, 2.4542321762295276, 2.454422070586605, 2.454679023822888, 2.454770829942234, 2.4546600340198292, 2.454525001438198]",75,0.7019711584149839,,0.34861152619324187,0.34861152619324187,2.454525001438198,,0.8181750004793976,,,,6.244228839874268,6.384069919586182,True,0.14148855209350586,0.0016317367553710938,0.0,0.14148855209350586,Results/warm_start_cache/list_193_graphs_adjacency_listhog_v04-12_planar_clawFree__filehash_62ae5075/hog_idx000052_09e737059c5c_seed42_L1_M1_amplified.npz,6.264246463775635,2026-08-27 09:22:16,x86_64,dacsgpu0002,,64,64,3.11.15,0.22,False,False,False,False,,True,False,True,True,adam,False,hamqaoa,0.05,standard,1,1,42,scs,1e-06,100000,False,False,False,hog,False,False,False,False,False,False,True,1,HOG_graphs/Exp5/list_193_graphs_adjacency_listhog_v04-12_planar_clawFree.txt,True,Results/warm_start_cache,512,60,0,16,1,1,0,0,5,0,5,10,42,True,_Exp8_standardZeroAngles,1,42,42,52,"[(0, 1), (2, 3), (0, 4), (3, 4), (1, 4), (2, 4)]","[1.0, 1.0, 1.0, 1.0, 1.0, 1.0]"
4d864ead,6,11,2,75.0,False,True,"[1, 1, 1]",5.000000000000012,6.499999720393796,6.499999720393796,,,3.999998291208823,3.999998291208823,3.999998291208823,3.999998291208823,"[3.999998291208823, 3.8326147503563086, 3.990164383804707, 3.9755130600332205, 3.9384123024236612, 3.947677505225831, 3.9746656711957358, 3.999685167864037, 4.019672521122476, 4.037589092269954, 4.062878215339964, 4.110980971108912, 4.192372550309159, 4.29357580065982, 4.363425105163437, 4.350824370790012, 4.3159233153466525, 4.354715812798359, 4.44586477044835, 4.515259217389869, 4.529344743049845, 4.5194371038756, 4.521690151137351, 4.5348782078284895, 4.543110720703397, 4.550045417874423, 4.577210454972439, 4.630510516659482, 4.684100944846801, 4.70125636450189, 4.681305609819042, 4.666847161516578, 4.6837730903611625, 4.716880198588295, 4.734629116040866, 4.718145201248607, 4.689746654850342, 4.686288895632055, 4.709031693243546, 4.729076185257564, 4.72773972233184, 4.716929335307529, 4.716098858624626, 4.728622189413677, 4.74358426992508, 4.74862615095617, 4.743569826218034, 4.737683778094961, 4.736713840791758, 4.739504550755985, 4.74281808969457, 4.744245712700996, 4.742936346867741, 4.740715694478044, 4.740290419524185, 4.741803186726278, 4.744004559132399, 4.746204327917913, 4.74724039862475, 4.746534141349025, 4.745409469568571, 4.74513546205374, 4.745916660841482, 4.747380922095294, 4.7482895574716695, 4.748001136684909, 4.747633295746591, 4.7478843780655975, 4.748536852508192, 4.749351457049261, 4.749699645440769, 4.749417339499879, 4.74909235554855, 4.748991926265607, 4.74911625650983, 4.749396530524958]",75,0.7999996582417626,,0.7493982393161351,0.7493982393161351,4.749396530524958,,0.9498793061049893,,,,7.00471043586731,7.146084547042847,True,0.1428060531616211,0.0014171600341796875,0.0,0.1428060531616211,Results/warm_start_cache/list_193_graphs_adjacency_listhog_v04-12_planar_clawFree__filehash_62ae5075/hog_idx000048_a6c7ca67e5c8_seed42_L1_M1_amplified.npz,7.026947975158691,2026-08-27 09:22:18,x86_64,dacsgpu0002,,64,64,3.11.15,0.23,False,False,False,False,,True,False,True,False,adam,False,hamqaoa,0.05,standard,1,1,42,scs,1e-06,100000,False,False,False,hog,False,False,False,False,False,False,True,1,HOG_graphs/Exp5/list_193_graphs_adjacency_listhog_v04-12_planar_clawFree.txt,True,Results/warm_start_cache,512,60,0,16,1,1,0,0,5,0,5,10,42,True,_Exp8_standardZeroAngles,1,42,42,48,"[(0, 1), (2, 3), (0, 4), (3, 5), (3, 4), (1, 5), (4, 5), (2, 5), (0, 5), (1, 4), (2, 4)]","[1.0, 1.0, 1.0, 1.0, 1.0, 1.0, 1.0, 1.0, 1.0, 1.0, 1.0]"
14acdc09,5,6,3,75.0,False,True,"[1, 1, 1]",3.000000000000006,3.749999960511986,3.749999960511986,,,2.105913475244956,2.105913475244956,2.105913475244956,2.105913475244956,"[2.105913475244956, 2.0638628186192642, 2.1067308368740756, 2.107885287705256, 2.090345097648387, 2.1036140838868804, 2.1180892277282304, 2.1130572522056084, 2.1076061178603163, 2.113868104776153, 2.12212423502049, 2.12553726729504, 2.1280845337227476, 2.132491244847512, 2.1404936833188537, 2.1533538648535, 2.171343027272467, 2.2007646731394437, 2.247026419295985, 2.2995290537240067, 2.340949745330354, 2.3752153738093034, 2.3944386181588677, 2.3858209835091744, 2.3785807632964726, 2.394758894479758, 2.414519923502567, 2.415187875130344, 2.410359418517054, 2.412656748259099, 2.42116238449886, 2.4324522639047457, 2.437429581166014, 2.432471848428885, 2.427041359835421, 2.430260361112035, 2.4398227318616277, 2.4469779192995134, 2.447472024102699, 2.444285099658912, 2.441954706797777, 2.4431018442417285, 2.4482088033316676, 2.453636129053471, 2.454457777410778, 2.4509292821501987, 2.44782278816212, 2.4482881062069852, 2.4518367729555153, 2.456211379012019, 2.458764170965648, 2.458436488074418, 2.457388862089425, 2.458075761242238, 2.4601756124844236, 2.4622991775238585, 2.4638740813599154, 2.4649343844422993, 2.4661619601320455, 2.468296684299834, 2.470947622360353, 2.4731850217992566, 2.4748620720848113, 2.4763094500262017, 2.4775748268800264, 2.478592417348784, 2.4792375414091534, 2.4792746952001763, 2.478795700234979, 2.478304629253974, 2.4781858256969107, 2.478465534416988, 2.4790537664549035, 2.479879747241404, 2.4808279403759426, 2.481757786076812]",75,0.7019711584149839,,0.3758443108318561,0.3758443108318561,2.481757786076812,,0.8272525953589357,,,,8.94940447807312,9.085105180740356,True,0.14148855209350586,0.0057713985443115234,0.0,0.14148855209350586,Results/warm_start_cache/list_193_graphs_adjacency_listhog_v04-12_planar_clawFree__filehash_62ae5075/hog_idx000052_09e737059c5c_seed42_L1_M1_amplified.npz,8.977693557739258,2026-08-27 09:22:20,x86_64,dacsgpu0002,,64,64,3.11.15,0.23,False,False,False,False,,True,False,True,True,adam,False,hamqaoa,0.05,standard,1,1,42,scs,1e-06,100000,False,False,False,hog,False,False,False,False,False,False,True,1,HOG_graphs/Exp5/list_193_graphs_adjacency_listhog_v04-12_planar_clawFree.txt,True,Results/warm_start_cache,512,60,0,16,1,1,0,0,5,0,5,10,42,True,_Exp8_standardZeroAngles,1,42,42,52,"[(0, 1), (2, 3), (0, 4), (3, 4), (1, 4), (2, 4)]","[1.0, 1.0, 1.0, 1.0, 1.0, 1.0]"
d8f37f55,8,9,3,75.0,False,True,"[1, 1, 1]",5.7373792211586805,7.658145107912542,7.658145107912542,,,4.036988821873323,4.036988821873323,4.036988821873325,4.036988821873325,"[4.036988821873325, 3.8323841724452707, 4.030856131825008, 4.027345320381679, 4.049278145686885, 4.157505505502394, 4.2660361387797785, 4.300300967442438, 4.416362652402375, 4.534117643865878, 4.57552707242184, 4.643338419900773, 4.750284716035705, 4.8443342248135295, 4.877141929504742, 4.859963919333803, 4.836758257096155, 4.829652544110406, 4.845794910627137, 4.882668376862682, 4.926923948681324, 4.960048271118854, 4.96590267961975, 4.95123534543959, 4.940678394588802, 4.946882753191031, 4.968775241857282, 5.000900005522592, 5.031272355592827, 5.045434073052883, 5.043438428104319, 5.041176254291308, 5.05159782370439, 5.072992962282227, 5.09488728883751, 5.108437310564265, 5.11194822837869, 5.110277004333741, 5.109846256351651, 5.115294184593377, 5.126541888826492, 5.137996266630399, 5.143601688123253, 5.143624668861685, 5.14332792066067, 5.145144037407477, 5.1465470968497256, 5.144839116610406, 5.141506934888182, 5.140327761825986, 5.14220857290181, 5.144533956989233, 5.1450052109640385, 5.143978129544634, 5.143532328609833, 5.145200737380041, 5.14798156986257, 5.149391417739993, 5.148883909038827, 5.148274694385457, 5.148710626776579, 5.14936620140126, 5.149153142607023, 5.14832713943987, 5.148091715797762, 5.148886015790433, 5.1497321159374385, 5.149796683069382, 5.149618295337904, 5.149941980224935, 5.150529160435935, 5.15074923663893, 5.150505646635412, 5.150300367105879, 5.15047144733338, 5.150699201290999]",75,0.7036294214238886,,1.1137103794176761,1.1137103794176761,5.150699201290999,,0.8977442492028269,,,,17.391026496887207,17.559024810791016,True,0.16961121559143066,0.0015959739685058594,0.0,0.16961121559143066,Results/warm_start_cache/list_193_graphs_adjacency_listhog_v04-12_planar_clawFree__filehash_62ae5075/hog_idx000146_4397cc0fdb4f_seed42_L1_M1_amplified.npz,17.419588088989258,2026-08-27 09:22:21,x86_64,dacsgpu0002,,64,64,3.11.15,0.26,False,False,False,False,,True,True,True,False,adam,False,hamqaoa,0.05,standard,1,1,42,scs,1e-06,100000,False,False,False,hog,False,False,False,False,False,False,True,1,HOG_graphs/Exp5/list_193_graphs_adjacency_listhog_v04-12_planar_clawFree.txt,True,Results/warm_start_cache,512,60,0,16,1,1,0,0,5,0,5,10,42,True,_Exp8_standardZeroAngles,1,42,42,146,"[(1, 3), (0, 1), (4, 7), (5, 7), (5, 6), (6, 7), (0, 2), (3, 6), (2, 4)]","[1.0, 1.0, 1.0, 1.0, 1.0, 1.0, 1.0, 1.0, 1.0]"
e4abe31b,7,10,5,75.0,False,True,"[1, 1, 1]",5.413778412130371,6.999999876268217,6.999999876268217,,,3.9999999157869954,3.9999999157869963,3.9999999157869963,3.9999999157869963,"[3.9999999157869963, 2.9430755895729255, 3.913603232726473, 3.6888692463416914, 3.5070864259150603, 3.7077555794171473, 3.952073370681716, 3.987798990143612, 3.9073449561301596, 3.8849996678522674, 3.9386787971077384, 4.025532551685373, 4.159255538578518, 4.328187551924141, 4.435719150102323, 4.486627991745439, 4.482859193698112, 4.464201207642146, 4.533531115125637, 4.660985949228889, 4.741378489521528, 4.735656084998197, 4.694890681895581, 4.709930935729083, 4.804052416148536, 4.901451130572115, 4.93054043332806, 4.9070020921841255, 4.900719311640642, 4.9333470916518705, 4.985636603396618, 5.044437743773738, 5.075442696404294, 5.071553812789547, 5.077988402261125, 5.094660739909323, 5.089062732729815, 5.06856277453781, 5.066275335001865, 5.091540544400408, 5.119581526866572, 5.126269069544882, 5.119842482825698, 5.117010094029393, 5.119989562751453, 5.1271611953614284, 5.134103482868968, 5.136535966281076, 5.135621078890182, 5.134653608319793, 5.134612792700773, 5.13483286854063, 5.135808708288106, 5.139570535626983, 5.145824087624585, 5.1503624781546105, 5.149384836444644, 5.146005649247191, 5.1471039949696005, 5.151779390826477, 5.153654626538155, 5.153183775586851, 5.154789486625185, 5.157394179859613, 5.1576594229469865, 5.156797495756889, 5.157902969123802, 5.160237359849698, 5.161408973062651, 5.161625063269549, 5.161724653387204, 5.161508428617081, 5.161559695660511, 5.16248534214439, 5.16354970232754, 5.164236772148622]",75,0.7388554926489797,,1.1642368563616259,1.1642368563616268,5.164236772148622,,0.9539061961932882,,,,30.006446361541748,30.20914340019226,True,0.20431876182556152,0.0016050338745117188,0.0,0.20431876182556152,Results/warm_start_cache/list_193_graphs_adjacency_listhog_v04-12_planar_clawFree__filehash_62ae5075/hog_idx000032_7539aa56fe3c_seed42_L1_M1_amplified.npz,30.032244205474854,2026-08-27 09:22:22,x86_64,dacsgpu0002,,64,64,3.11.15,0.27,False,False,False,False,,True,False,True,False,adam,False,hamqaoa,0.05,standard,1,1,42,scs,1e-06,100000,False,False,False,hog,False,False,False,False,False,False,True,1,HOG_graphs/Exp5/list_193_graphs_adjacency_listhog_v04-12_planar_clawFree.txt,True,Results/warm_start_cache,512,60,0,16,1,1,0,0,5,0,5,10,42,True,_Exp8_standardZeroAngles,1,42,42,32,"[(2, 3), (1, 6), (3, 5), (4, 6), (5, 6), (3, 4), (4, 5), (0, 5), (3, 6), (2, 4)]","[1.0, 1.0, 1.0, 1.0, 1.0, 1.0, 1.0, 1.0, 1.0, 1.0]"
7a151284,9,9,4,75.0,False,True,"[1, 1, 1]",5.786586640394438,7.874999997837698,7.874999997837698,,,4.077600944013588,4.077600944013587,4.077600944013587,4.077600944013587,"[4.077600944013587, 3.546516085396443, 4.048286884301954, 3.999601527999303, 3.904109599992656, 3.923056485038721, 3.9789786032757695, 4.044600192584654, 4.084296704886531, 4.057510351517715, 4.009525588071953, 4.014144793735023, 4.050697060155922, 4.061759963538196, 4.048335120611558, 4.053722719089051, 4.084455405819849, 4.106062936109993, 4.103053039295457, 4.104121602752852, 4.1336999759936575, 4.184881521276878, 4.246963213675275, 4.3269220564553965, 4.431307762766446, 4.548055914946481, 4.661171264617597, 4.760323730281986, 4.819059157531609, 4.82158733762283, 4.815098555750706, 4.855160278962256, 4.90352149309502, 4.887485215269504, 4.836292021115488, 4.825033332408491, 4.862662582461679, 4.915814354996422, 4.958324608987384, 4.979090121949909, 4.970250634632848, 4.941330716489922, 4.926323490490926, 4.938019726390767, 4.954710633893375, 4.959718039233482, 4.961485741610777, 4.970948596231729, 4.98589984060998, 4.999649864265438, 5.008811686794022, 5.013880317954278, 5.016060736582339, 5.017527087600134, 5.022483273585113, 5.0326392834686615, 5.044223436526138, 5.052837498001814, 5.059122987948096, 5.066322396235809, 5.074208210683615, 5.079280363898442, 5.080840448940405, 5.0829672494131195, 5.08824623152962, 5.093861005622249, 5.096482925147256, 5.0969974030550835, 5.09814019513541, 5.100499725764451, 5.102893050059448, 5.104702851729368, 5.106404945886961, 5.108555724565241, 5.11072304925085, 5.1118023617462836]",75,0.7046642861180146,,1.0342014177326968,1.034201417732696,5.1118023617462836,,0.8833882009235486,,,,38.69983625411987,38.87896203994751,True,0.18025660514831543,0.0011148452758789062,0.0,0.18025660514831543,Results/warm_start_cache/list_193_graphs_adjacency_listhog_v04-12_planar_clawFree__filehash_62ae5075/hog_idx000149_545adace616c_seed42_L1_M1_amplified.npz,38.71160578727722,2026-08-27 09:22:23,x86_64,dacsgpu0002,,64,64,3.11.15,0.46,False,False,False,False,,True,True,True,False,adam,False,hamqaoa,0.05,standard,1,1,42,scs,1e-06,100000,False,False,False,hog,False,False,False,False,False,False,True,1,HOG_graphs/Exp5/list_193_graphs_adjacency_listhog_v04-12_planar_clawFree.txt,True,Results/warm_start_cache,512,60,0,16,1,1,0,0,5,0,5,10,42,True,_Exp8_standardZeroAngles,1,42,42,149,"[(4, 7), (0, 3), (6, 8), (7, 8), (2, 5), (1, 4), (5, 8), (3, 6), (6, 7)]","[1.0, 1.0, 1.0, 1.0, 1.0, 1.0, 1.0, 1.0, 1.0]"
ed373e7d,5,6,4,75.0,False,True,"[1, 1, 1]",3.000000000000006,3.749999960511986,3.749999960511986,,,2.105913475244956,2.105913475244956,2.105913475244956,2.105913475244956,"[2.105913475244956, 2.0136472912623873, 2.102644988668323, 2.096220404398964, 2.065017054234583, 2.0862363413001375, 2.1140496588908793, 2.1132600338233516, 2.0994807367185655, 2.097794936211211, 2.1106120349947584, 2.126702330323389, 2.137719975191862, 2.1503557056303904, 2.181376493195776, 2.2417506731190797, 2.330245485172526, 2.4026467576052197, 2.395951931166492, 2.386325542850495, 2.3841076084706794, 2.3712810003384797, 2.3722634304176458, 2.3842952343959767, 2.390305063330698, 2.405057229650664, 2.426741702296972, 2.435428437276783, 2.4299449335986125, 2.4234651552502573, 2.420009292634663, 2.4226398530865296, 2.4322050205174093, 2.4405589933970755, 2.445841919004392, 2.4553731949247277, 2.4652258797611735, 2.4660590174151835, 2.4667270854509313, 2.4745910638942865, 2.486206160322886, 2.5023133692430455, 2.5189733694110035, 2.5316256323396864, 2.5363760755381333, 2.53590272499971, 2.5396921795778145, 2.5457154648579547, 2.5542783591797646, 2.564536730784976, 2.5670934825521297, 2.568157590167411, 2.5727857001490357, 2.5775139887069063, 2.5849541244645295, 2.5915274105003463, 2.594115662091237, 2.5955983381076644, 2.59945677404796, 2.605036446812665, 2.610141759523098, 2.61420928596, 2.6146774058477837, 2.614222751132255, 2.6157502977944, 2.6178088370812937, 2.620887031042801, 2.6232968492467306, 2.6246143179916896, 2.625226990761691, 2.626634816034384, 2.6287300919120837, 2.6309581739009786, 2.6335630390981426, 2.6357874366257974, 2.6383876721597423]",75,0.7019711584149839,,0.5324741969147864,0.5324741969147864,2.6383876721597423,,0.879462557386579,,,,13.082016468048096,13.216519594192505,True,0.14148855209350586,0.0069692134857177734,0.0,0.14148855209350586,Results/warm_start_cache/list_193_graphs_adjacency_listhog_v04-12_planar_clawFree__filehash_62ae5075/hog_idx000052_09e737059c5c_seed42_L1_M1_amplified.npz,13.0958731174469,2026-08-27 09:22:24,x86_64,dacsgpu0002,,64,64,3.11.15,0.23,False,False,False,False,,True,False,True,True,adam,False,hamqaoa,0.05,standard,1,1,42,scs,1e-06,100000,False,False,False,hog,False,False,False,False,False,False,True,1,HOG_graphs/Exp5/list_193_graphs_adjacency_listhog_v04-12_planar_clawFree.txt,True,Results/warm_start_cache,512,60,0,16,1,1,0,0,5,0,5,10,42,True,_Exp8_standardZeroAngles,1,42,42,52,"[(0, 1), (2, 3), (0, 4), (3, 4), (1, 4), (2, 4)]","[1.0, 1.0, 1.0, 1.0, 1.0, 1.0]"
70106e34,7,8,1,75.0,False,True,"[1, 1, 1]",4.80621987058315,6.4999999334843235,6.4999999334843235,,,3.499999995486197,3.4999999954861947,3.4999999954861947,3.4999999954861947,"[3.4999999954861947, 3.4512339642954655, 3.496937090624682, 3.49069183249708, 3.474444855760923, 3.4796152568688115, 3.49264338649702, 3.499663591643305, 3.498200337028945, 3.4933273771390216, 3.49029025148948, 3.490783493042957, 3.4937097676618056, 3.497113291660992, 3.4994021139142752, 3.4998766859232076, 3.498883137436368, 3.497500101179716, 3.4967495448871215, 3.496937586979364, 3.4977017313796317, 3.4985667412739594, 3.4993157232399428, 3.499835027121113, 3.499917821359018, 3.4995315062387236, 3.499059642157887, 3.49889695919734, 3.498973892583254, 3.4990349426669676, 3.4991331513987434, 3.4994310329203304, 3.499772157860276, 3.4999021084013937, 3.4998842768101714, 3.4998933193127524, 3.4998641525862397, 3.4997173789908835, 3.4996100105622405, 3.4996576528320826, 3.4997412820075517, 3.49978613455612, 3.4998711853249955, 3.4999739721191707, 3.4999853068056757, 3.4999472329136885, 3.499941956486746, 3.499920892777974, 3.4998720987900893, 3.499871782837008, 3.4999021716893695, 3.499910878296186, 3.4999355251139916, 3.499978649703706, 3.499988414603245, 3.4999842733390585, 3.4999904144244853, 3.499976833111009, 3.499956980511215, 3.499959603094622, 3.499962273751322, 3.499963645639282, 3.4999807133616434, 3.4999919893255673, 3.4999925107953445, 3.49999780729596, 3.4999955940812892, 3.4999870048875605, 3.4999866165732993, 3.4999849414711974, 3.499983450596601, 3.4999898338635655, 3.4999932810025594, 3.49999540313443, 3.4999996790513572, 3.499998402688186]",75,0.7282230296845599,,0.0,-2.220446049250313e-15,3.4999999954861947,,0.7282230296845599,,,,2.981476306915283,3.128075361251831,True,0.14859628677368164,0.0019817352294921875,0.0,0.14859628677368164,Results/warm_start_cache/list_193_graphs_adjacency_listhog_v04-12_planar_clawFree__filehash_62ae5075/hog_idx000173_3b0b82407cb6_seed42_L1_M1_amplified.npz,2.9965786933898926,2026-08-27 09:22:26,x86_64,dacsgpu0002,,64,64,3.11.15,0.23,False,False,False,False,,True,False,True,False,adam,False,hamqaoa,0.05,standard,1,1,42,scs,1e-06,100000,False,False,False,hog,False,False,False,False,False,False,True,1,HOG_graphs/Exp5/list_193_graphs_adjacency_listhog_v04-12_planar_clawFree.txt,True,Results/warm_start_cache,512,60,0,16,1,1,0,0,5,0,5,10,42,True,_Exp8_standardZeroAngles,1,42,42,173,"[(2, 3), (1, 6), (3, 5), (4, 6), (5, 6), (3, 4), (4, 5), (0, 2)]","[1.0, 1.0, 1.0, 1.0, 1.0, 1.0, 1.0, 1.0]"
14bb3c1f,6,11,3,75.0,False,True,"[1, 1, 1]",5.000000000000012,6.499999720393796,6.499999720393796,,,3.999998291208823,3.999998291208823,3.999998291208823,3.999998291208823,"[3.999998291208823, 3.6471657390321193, 3.978573316829761, 3.948878273452458, 3.8906648407530198, 3.9204637223805316, 3.9919594848449442, 4.0834040067783, 4.181460376318651, 4.274797203197859, 4.332083077375021, 4.31856048570724, 4.305201197802548, 4.362025368598914, 4.453797018047137, 4.519616702635836, 4.541364830268094, 4.538064238046377, 4.525459117710996, 4.5103967117558765, 4.509622748498719, 4.5389646144715465, 4.590000914987588, 4.640004102832911, 4.672701149521207, 4.682765746626201, 4.673253056479964, 4.658337953132436, 4.661283968758905, 4.683778747773222, 4.703981390926387, 4.711070035629694, 4.708753184455689, 4.70670880013117, 4.7131721548776415, 4.726849357058917, 4.740246995824569, 4.748333947377821, 4.751957220212573, 4.755890738738267, 4.7622612177832435, 4.765950725504913, 4.764435555023958, 4.762851688947618, 4.7643176183636395, 4.767495945025892, 4.770368492034408, 4.7706659048813735, 4.7678574159747695, 4.765184278695172, 4.765439123692212, 4.767350969258665, 4.768741661534723, 4.769447143724079, 4.769932693856977, 4.7705321404273535, 4.7715411800885015, 4.772146586920347, 4.771877145883328, 4.772155123865831, 4.77369868359943, 4.775521205502217, 4.776760324861365, 4.777045405030099, 4.77672023984592, 4.776800111057555, 4.777466419326949, 4.778077956337752, 4.778513274635188, 4.778965324126085, 4.779427745724187, 4.7798868767156995, 4.780134092351841, 4.780134609046277, 4.780369051440904, 4.780990787993925]",75,0.7999996582417626,,0.7809924967851023,0.7809924967851023,4.780990787993925,,0.9561981575987827,,,,10.578837633132935,10.72038745880127,True,0.1428060531616211,0.0012428760528564453,0.0,0.1428060531616211,Results/warm_start_cache/list_193_graphs_adjacency_listhog_v04-12_planar_clawFree__filehash_62ae5075/hog_idx000048_a6c7ca67e5c8_seed42_L1_M1_amplified.npz,10.596557378768921,2026-08-27 09:22:27,x86_64,dacsgpu0002,,64,64,3.11.15,0.23,False,False,False,False,,True,False,True,False,adam,False,hamqaoa,0.05,standard,1,1,42,scs,1e-06,100000,False,False,False,hog,False,False,False,False,False,False,True,1,HOG_graphs/Exp5/list_193_graphs_adjacency_listhog_v04-12_planar_clawFree.txt,True,Results/warm_start_cache,512,60,0,16,1,1,0,0,5,0,5,10,42,True,_Exp8_standardZeroAngles,1,42,42,48,"[(0, 1), (2, 3), (0, 4), (3, 5), (3, 4), (1, 5), (4, 5), (2, 5), (0, 5), (1, 4), (2, 4)]","[1.0, 1.0, 1.0, 1.0, 1.0, 1.0, 1.0, 1.0, 1.0, 1.0, 1.0]"
52b30b1d,7,10,1,75.0,False,True,"[1, 1, 1]",5.643959275626138,7.749999998325773,7.749999998325773,,,4.2006154101555016,4.2006154101555016,4.2006154101555016,4.2006154101555016,"[4.2006154101555016, 4.186485854400762, 4.199731955040618, 4.197875752445694, 4.192979636013965, 4.194293743191398, 4.1983081431883456, 4.200554265329269, 4.199538519773315, 4.19734508344658, 4.196763089882943, 4.198170749932983, 4.199985754361689, 4.200610521866254, 4.199816155125475, 4.198774248990162, 4.198658742749659, 4.199470414822568, 4.200339271506189, 4.200517638318179, 4.20004058379243, 4.199571570486259, 4.199633549766445, 4.200123590452267, 4.200549459839532, 4.200560836818813, 4.200253960666522, 4.200016027329647, 4.200097648724991, 4.20038990950828, 4.200601088068926, 4.200570522950048, 4.2004011698098385, 4.200311292154363, 4.200392172644185, 4.200537591545239, 4.200590006807348, 4.200519982012466, 4.200440409416445, 4.200458981500928, 4.200555715327116, 4.200621756171513, 4.200595480835462, 4.200528398418208, 4.200510141937825, 4.20055789020578, 4.200608028880371, 4.200605832276664, 4.20057073782754, 4.200559975068882, 4.200589714492259, 4.2006199457996, 4.200614381578367, 4.20058781270842, 4.2005803687790335, 4.200601039173692, 4.200620360224123, 4.200616098598491, 4.200601750340661, 4.20060183084948, 4.2006158044181845, 4.20062266824588, 4.200614523435977, 4.200606361695159, 4.20061125421418, 4.200621387860567, 4.200622763231868, 4.2006164557515335, 4.20061441717267, 4.200619683873889, 4.200623251957504, 4.200620292072599, 4.20061703203099, 4.20061942294984, 4.200623565471196, 4.200623358568036]",75,0.744267491138034,,7.948412534375393e-06,7.948412534375393e-06,4.200623358568036,,0.744268899442408,,,,2.8753087520599365,3.0269935131073,True,0.15398240089416504,0.002283811569213867,0.0,0.15398240089416504,Results/warm_start_cache/list_193_graphs_adjacency_listhog_v04-12_planar_clawFree__filehash_62ae5075/hog_idx000105_a3b1d0bcd0c0_seed42_L1_M1_amplified.npz,2.8898932933807373,2026-08-27 09:22:27,x86_64,dacsgpu0002,,64,64,3.11.15,0.23,False,False,False,False,,True,True,True,False,adam,False,hamqaoa,0.05,standard,1,1,42,scs,1e-06,100000,False,False,False,hog,False,False,False,False,False,False,True,1,HOG_graphs/Exp5/list_193_graphs_adjacency_listhog_v04-12_planar_clawFree.txt,True,Results/warm_start_cache,512,60,0,16,1,1,0,0,5,0,5,10,42,True,_Exp8_standardZeroAngles,1,42,42,105,"[(2, 6), (3, 5), (0, 3), (4, 6), (5, 6), (1, 5), (1, 4), (0, 2), (3, 6), (2, 4)]","[1.0, 1.0, 1.0, 1.0, 1.0, 1.0, 1.0, 1.0, 1.0, 1.0]"
ae8682c3,7,8,2,75.0,False,True,"[1, 1, 1]",4.80621987058315,6.4999999334843235,6.4999999334843235,,,3.499999995486197,3.4999999954861947,3.4999999954861947,3.4999999954861947,"[3.4999999954861947, 3.3226768853991353, 3.488869967222564, 3.4662526018835815, 3.4130590467773914, 3.434019321357411, 3.4781424987671135, 3.499450399051594, 3.494104869899441, 3.48052336401693, 3.4739753150254096, 3.479784714231786, 3.4968435484103253, 3.5227757207127115, 3.5592537964282522, 3.6162002922992524, 3.7070804922589415, 3.8248140866012212, 3.9323619641180327, 3.969415888633426, 3.9180208395304623, 3.8587858075586903, 3.8522381579386007, 3.887840830624037, 3.9404884787385246, 3.987666001374047, 4.009841215425561, 4.003714240494499, 3.984143923872906, 3.9700962450428077, 3.971953027029588, 3.988266682128768, 4.011498092919122, 4.0352391012059465, 4.054958528491366, 4.0657250873122095, 4.066062634086392, 4.066225370565321, 4.081540897374602, 4.113749163740785, 4.150207824668776, 4.179941797098199, 4.204905804351924, 4.232040821884592, 4.260673188825007, 4.28464402635189, 4.301301542516078, 4.313331566213881, 4.322214579467689, 4.32559470241289, 4.323525239539181, 4.3213504034863925, 4.323865958791008, 4.32980412859036, 4.332930962855403, 4.329126003974922, 4.32265739213701, 4.322274635704174, 4.330495094478902, 4.340853589109162, 4.345519388839458, 4.343100119295842, 4.338902150588248, 4.338550896927931, 4.342778780476085, 4.348610856112162, 4.3535006938459535, 4.356326202187896, 4.356000370373574, 4.352715368048475, 4.349658390618465, 4.349733044671956, 4.35213501684953, 4.354651230873963, 4.356337964310852, 4.356677691652115]",75,0.7282230296845599,,0.8566776961659199,0.8566776961659177,4.356677691652115,,0.906466580590186,,,,5.807520151138306,5.954615354537964,True,0.14859628677368164,0.0014848709106445312,0.0,0.14859628677368164,Results/warm_start_cache/list_193_graphs_adjacency_listhog_v04-12_planar_clawFree__filehash_62ae5075/hog_idx000173_3b0b82407cb6_seed42_L1_M1_amplified.npz,5.826807737350464,2026-08-27 09:22:29,x86_64,dacsgpu0002,,64,64,3.11.15,0.24,False,False,False,False,,True,False,True,False,adam,False,hamqaoa,0.05,standard,1,1,42,scs,1e-06,100000,False,False,False,hog,False,False,False,False,False,False,True,1,HOG_graphs/Exp5/list_193_graphs_adjacency_listhog_v04-12_planar_clawFree.txt,True,Results/warm_start_cache,512,60,0,16,1,1,0,0,5,0,5,10,42,True,_Exp8_standardZeroAngles,1,42,42,173,"[(2, 3), (1, 6), (3, 5), (4, 6), (5, 6), (3, 4), (4, 5), (0, 2)]","[1.0, 1.0, 1.0, 1.0, 1.0, 1.0, 1.0, 1.0]"
392fde53,5,6,5,75.0,False,True,"[1, 1, 1]",3.000000000000006,3.749999960511986,3.749999960511986,,,2.105913475244956,2.105913475244956,2.105913475244956,2.105913475244956,"[2.105913475244956, 1.949890615463927, 2.0973356021839775, 2.0814173527635367, 2.0355138537722417, 2.0708691400908275, 2.1112946022914953, 2.1066011862236222, 2.0884883347905663, 2.0883300195757633, 2.102318863429947, 2.1207002132886936, 2.132012924403097, 2.13260300913273, 2.141743070497276, 2.178997872843006, 2.251237281132838, 2.3415971057739564, 2.381386284833346, 2.3919961993484398, 2.403017600375719, 2.4178434652549647, 2.4095931887764768, 2.411990443196339, 2.42914642996245, 2.4625945722390186, 2.5205531097771576, 2.5772940435052862, 2.5970807041552906, 2.595594152540318, 2.602567876885542, 2.6054269376976276, 2.6122648102757022, 2.635021226804663, 2.642888976687098, 2.644426544558581, 2.6559943641966113, 2.6536073797428994, 2.642927729080046, 2.6508784009863082, 2.6542913132580965, 2.651630849255587, 2.6574037700478677, 2.660608386817348, 2.657465144334596, 2.6571141988388347, 2.658585338928945, 2.661097025330567, 2.667328190337821, 2.673275666989794, 2.6765842014973513, 2.678264479518933, 2.6789437345415283, 2.6808204486376233, 2.683326169392231, 2.686412195376068, 2.6916019694733397, 2.6974371719684327, 2.70265924732342, 2.7078121144812206, 2.7129350610616965, 2.717139270112377, 2.7210134361315053, 2.7259054882894027, 2.731629007001257, 2.7377457287111158, 2.7448222120857455, 2.7529670811840465, 2.761851119873727, 2.771825999103866, 2.7825440261815526, 2.792202063072085, 2.7994832076529295, 2.8045194242238796, 2.809513080162588, 2.816961642749637]",75,0.7019711584149839,,0.7110481675046811,0.7110481675046811,2.816961642749637,,0.9389872142498771,,,,17.902778148651123,18.042431592941284,True,0.14148855209350586,0.0018177032470703125,0.0,0.14148855209350586,Results/warm_start_cache/list_193_graphs_adjacency_listhog_v04-12_planar_clawFree__filehash_62ae5075/hog_idx000052_09e737059c5c_seed42_L1_M1_amplified.npz,17.939326524734497,2026-08-27 09:22:29,x86_64,dacsgpu0002,,64,64,3.11.15,0.24,False,False,False,False,,True,False,True,True,adam,False,hamqaoa,0.05,standard,1,1,42,scs,1e-06,100000,False,False,False,hog,False,False,False,False,False,False,True,1,HOG_graphs/Exp5/list_193_graphs_adjacency_listhog_v04-12_planar_clawFree.txt,True,Results/warm_start_cache,512,60,0,16,1,1,0,0,5,0,5,10,42,True,_Exp8_standardZeroAngles,1,42,42,52,"[(0, 1), (2, 3), (0, 4), (3, 4), (1, 4), (2, 4)]","[1.0, 1.0, 1.0, 1.0, 1.0, 1.0]"
35467ba0,8,9,4,75.0,False,True,"[1, 1, 1]",5.7373792211586805,7.658145107912542,7.658145107912542,,,4.036988821873323,4.036988821873323,4.036988821873325,4.036988821873325,"[4.036988821873325, 3.750364639758502, 4.033259997847235, 4.0271034365016005, 4.073887926333349, 4.160672706294299, 4.170024976904013, 4.312756505698457, 4.407333530629332, 4.4531221376935886, 4.5798103854237695, 4.722069892608772, 4.801456352701965, 4.821446043952916, 4.83269786537594, 4.828972055373911, 4.806996447794985, 4.81527864884043, 4.86945264168879, 4.937120447184082, 4.979180944469141, 4.985487239025536, 4.974881217117628, 4.976847447962577, 5.006062867205108, 5.050281911334155, 5.091543037342594, 5.11941752353898, 5.123187821747211, 5.10604215768078, 5.097045880946221, 5.113039613887786, 5.136826329916873, 5.147155531549572, 5.139778948374038, 5.125963264863075, 5.1226221860093215, 5.133835664691128, 5.146300357009518, 5.149653464053973, 5.14701407854965, 5.145622413816714, 5.150601267612598, 5.160149244931152, 5.165116784287518, 5.16257017230812, 5.159052562135858, 5.160325827136844, 5.166152121425131, 5.1718455133589, 5.174186549375064, 5.173841607344586, 5.174485320125909, 5.178588803089735, 5.183701033699534, 5.186208084089592, 5.185983641499561, 5.18623112699892, 5.188983735387665, 5.192558251888816, 5.194826574729715, 5.196009341693574, 5.197728136271737, 5.200636989128849, 5.203305282897725, 5.204727706854187, 5.2060316101939605, 5.208127102533438, 5.2103105076508065, 5.211660449202598, 5.2124632163345845, 5.213711506010101, 5.215217102527015, 5.216053408954053, 5.216204219229856, 5.216559791012425]",75,0.7036294214238886,,1.1795709691391014,1.1795709691391014,5.216559791012425,,0.9092234607352527,,,,25.170005083084106,25.338004112243652,True,0.16961121559143066,0.0015952587127685547,0.0,0.16961121559143066,Results/warm_start_cache/list_193_graphs_adjacency_listhog_v04-12_planar_clawFree__filehash_62ae5075/hog_idx000146_4397cc0fdb4f_seed42_L1_M1_amplified.npz,25.188206911087036,2026-08-27 09:22:29,x86_64,dacsgpu0002,,64,64,3.11.15,0.28,False,False,False,False,,True,True,True,False,adam,False,hamqaoa,0.05,standard,1,1,42,scs,1e-06,100000,False,False,False,hog,False,False,False,False,False,False,True,1,HOG_graphs/Exp5/list_193_graphs_adjacency_listhog_v04-12_planar_clawFree.txt,True,Results/warm_start_cache,512,60,0,16,1,1,0,0,5,0,5,10,42,True,_Exp8_standardZeroAngles,1,42,42,146,"[(1, 3), (0, 1), (4, 7), (5, 7), (5, 6), (6, 7), (0, 2), (3, 6), (2, 4)]","[1.0, 1.0, 1.0, 1.0, 1.0, 1.0, 1.0, 1.0, 1.0]"
8ebb5a6a,6,11,4,75.0,False,True,"[1, 1, 1]",5.000000000000012,6.499999720393796,6.499999720393796,,,3.999998291208823,3.999998291208823,3.999998291208823,3.999998291208823,"[3.999998291208823, 3.4282943719641636, 3.96237352662915, 3.909984839237294, 3.842829312251095, 3.90918911881593, 4.043151482319091, 4.187915263710011, 4.281037092412253, 4.298098644159488, 4.28052091294329, 4.310375514296401, 4.397439146222054, 4.485833847767199, 4.51243378092146, 4.4899796834828445, 4.4746942001530075, 4.479780959426892, 4.502100727042366, 4.554070526308437, 4.596865457302515, 4.590650166132601, 4.605639764618978, 4.616320388016489, 4.57718135761579, 4.566284835234843, 4.598451033733267, 4.609677558367749, 4.625294081747183, 4.660489820925478, 4.666821137243899, 4.662244165739099, 4.672161805623326, 4.685220770019121, 4.703562514100087, 4.729176276396782, 4.741596401117708, 4.738129862323281, 4.742660902909215, 4.760513923035614, 4.779310111874751, 4.793955926022398, 4.7993186494118545, 4.795639420079932, 4.787493119980601, 4.780778545574523, 4.787080090339104, 4.797828394892005, 4.800133449070964, 4.801765359619601, 4.803698234946706, 4.802360812686409, 4.803862654331575, 4.808236750910678, 4.811557291037291, 4.815628264963597, 4.820575398970715, 4.823776788749275, 4.824547167175596, 4.824371797152485, 4.8254316420793835, 4.827117589689991, 4.8312053531147, 4.8373464894332265, 4.841637460682032, 4.844565979616645, 4.847008661185415, 4.849820858370556, 4.853654323260445, 4.857633952211416, 4.860663239567123, 4.862964624531607, 4.866729263250571, 4.871338952759109, 4.875475374229426, 4.880235722250695]",75,0.7999996582417626,,0.8802374310418717,0.8802374310418717,4.880235722250695,,0.9760471444501365,,,,15.720906972885132,15.86211895942688,True,0.1428060531616211,0.0015780925750732422,0.0,0.1428060531616211,Results/warm_start_cache/list_193_graphs_adjacency_listhog_v04-12_planar_clawFree__filehash_62ae5075/hog_idx000048_a6c7ca67e5c8_seed42_L1_M1_amplified.npz,15.752528429031372,2026-08-27 09:22:32,x86_64,dacsgpu0002,,64,64,3.11.15,0.24,False,False,False,False,,True,False,True,False,adam,False,hamqaoa,0.05,standard,1,1,42,scs,1e-06,100000,False,False,False,hog,False,False,False,False,False,False,True,1,HOG_graphs/Exp5/list_193_graphs_adjacency_listhog_v04-12_planar_clawFree.txt,True,Results/warm_start_cache,512,60,0,16,1,1,0,0,5,0,5,10,42,True,_Exp8_standardZeroAngles,1,42,42,48,"[(0, 1), (2, 3), (0, 4), (3, 5), (3, 4), (1, 5), (4, 5), (2, 5), (0, 5), (1, 4), (2, 4)]","[1.0, 1.0, 1.0, 1.0, 1.0, 1.0, 1.0, 1.0, 1.0, 1.0, 1.0]"
bd203dae,7,8,3,75.0,False,True,"[1, 1, 1]",4.80621987058315,6.4999999334843235,6.4999999334843235,,,3.499999995486197,3.4999999954861947,3.4999999954861947,3.4999999954861947,"[3.4999999954861947, 3.1526083853641964, 3.4780435896572452, 3.432729739108806, 3.3472333271274786, 3.401592787095785, 3.482773776515951, 3.5099630022209745, 3.4942298910972434, 3.47347600002006, 3.46745808325912, 3.4827203716069643, 3.5296920420859235, 3.6244052894395598, 3.756749719790288, 3.8648440830085846, 3.898764178085199, 3.9006523808655564, 3.898563808101636, 3.8896309022904485, 3.9124743352313254, 3.9544092004647378, 3.984580644712476, 3.9990937911517563, 4.003520241961896, 3.9902970457733122, 3.9624542081847793, 3.949462594055066, 3.9616447119716987, 3.9798611119044414, 3.993579747176887, 4.0091469141415, 4.027087310597819, 4.036548779161666, 4.033186702696152, 4.024684396110198, 4.017609142318612, 4.016318840784721, 4.023288473009208, 4.031515111038879, 4.033478236657321, 4.032089839118668, 4.033218571679837, 4.0374228894066935, 4.043277082701077, 4.051514334205471, 4.062349791584533, 4.073360727418845, 4.083500040982761, 4.095970309727689, 4.115725202788256, 4.146041043084748, 4.187086513607103, 4.237432230330847, 4.295303554340083, 4.35444863083377, 4.400628352602128, 4.425236471021118, 4.441611113101878, 4.460666212552785, 4.4732006983505155, 4.47723647445862, 4.489091482894431, 4.504132603103511, 4.504788107397603, 4.495265466181421, 4.488635038399543, 4.489066951636738, 4.496700231611061, 4.509274654109014, 4.521398598231189, 4.529930768264056, 4.534818686166929, 4.5358076719903835, 4.535177263478479, 4.538150814557777]",75,0.7282230296845599,,1.038150819071582,1.0381508190715798,4.538150814557777,,0.9442245541727895,,,,9.552029848098755,9.699269771575928,True,0.14859628677368164,0.0013432502746582031,0.0,0.14859628677368164,Results/warm_start_cache/list_193_graphs_adjacency_listhog_v04-12_planar_clawFree__filehash_62ae5075/hog_idx000173_3b0b82407cb6_seed42_L1_M1_amplified.npz,9.56556224822998,2026-08-27 09:22:33,x86_64,dacsgpu0002,,64,64,3.11.15,0.24,False,False,False,False,,True,False,True,False,adam,False,hamqaoa,0.05,standard,1,1,42,scs,1e-06,100000,False,False,False,hog,False,False,False,False,False,False,True,1,HOG_graphs/Exp5/list_193_graphs_adjacency_listhog_v04-12_planar_clawFree.txt,True,Results/warm_start_cache,512,60,0,16,1,1,0,0,5,0,5,10,42,True,_Exp8_standardZeroAngles,1,42,42,173,"[(2, 3), (1, 6), (3, 5), (4, 6), (5, 6), (3, 4), (4, 5), (0, 2)]","[1.0, 1.0, 1.0, 1.0, 1.0, 1.0, 1.0, 1.0]"
04590df4,8,9,5,75.0,False,True,"[1, 1, 1]",5.7373792211586805,7.658145107912542,7.658145107912542,,,4.036988821873323,4.036988821873323,4.036988821873325,4.036988821873325,"[4.036988821873325, 3.698488254288134, 4.042265709864892, 4.015588457343398, 3.995252842400678, 4.047185837302811, 4.133365438586418, 4.223283905721044, 4.317408816751212, 4.426509691998159, 4.559874995114091, 4.700877024166222, 4.7957128537699445, 4.804645528901734, 4.753976517758086, 4.714069515757314, 4.73642475914189, 4.798780843199171, 4.865407939274113, 4.9146090014422, 4.951690496731693, 4.98426542744579, 5.024613856406746, 5.063484014899806, 5.077339630181074, 5.086126269357608, 5.10640259910059, 5.1174325126004545, 5.106130366958858, 5.092132943390041, 5.104333428635815, 5.127959576420722, 5.140083528614185, 5.137131754407261, 5.129458789128587, 5.131331353651548, 5.13990754657405, 5.145169282365514, 5.148763678047905, 5.151978672004786, 5.153074133611983, 5.158459379483513, 5.163108133620005, 5.166583628033324, 5.168638826256688, 5.167062433542845, 5.168387330865027, 5.1709550735961285, 5.1741298180297095, 5.177546898340552, 5.1804258597299695, 5.185262961602042, 5.188813367662671, 5.191218125506279, 5.194215988473784, 5.19878971101908, 5.2048096567475675, 5.209314720874055, 5.213287955767485, 5.218442113849603, 5.224304603613199, 5.230285576092307, 5.235838670228564, 5.242079705581241, 5.2476841360649145, 5.251791011123213, 5.25531252766978, 5.258754466956572, 5.262366587509298, 5.265884676744379, 5.270237485313573, 5.2756812380950695, 5.281601589860679, 5.287351120035368, 5.29269190420271, 5.296742070182735]",75,0.7036294214238886,,1.259753248309412,1.259753248309412,5.296742070182735,,0.923198879838562,,,,31.59506845474243,31.76274609565735,True,0.16961121559143066,0.0019202232360839844,0.0,0.16961121559143066,Results/warm_start_cache/list_193_graphs_adjacency_listhog_v04-12_planar_clawFree__filehash_62ae5075/hog_idx000146_4397cc0fdb4f_seed42_L1_M1_amplified.npz,31.623921155929565,2026-08-27 09:22:36,x86_64,dacsgpu0002,,64,64,3.11.15,0.29,False,False,False,False,,True,True,True,False,adam,False,hamqaoa,0.05,standard,1,1,42,scs,1e-06,100000,False,False,False,hog,False,False,False,False,False,False,True,1,HOG_graphs/Exp5/list_193_graphs_adjacency_listhog_v04-12_planar_clawFree.txt,True,Results/warm_start_cache,512,60,0,16,1,1,0,0,5,0,5,10,42,True,_Exp8_standardZeroAngles,1,42,42,146,"[(1, 3), (0, 1), (4, 7), (5, 7), (5, 6), (6, 7), (0, 2), (3, 6), (2, 4)]","[1.0, 1.0, 1.0, 1.0, 1.0, 1.0, 1.0, 1.0, 1.0]"
19fd76f3,7,8,4,75.0,False,True,"[1, 1, 1]",4.80621987058315,6.4999999334843235,6.4999999334843235,,,3.499999995486197,3.4999999954861947,3.4999999954861947,3.4999999954861947,"[3.4999999954861947, 2.9836410898571826, 3.4670107760541873, 3.3958055039460473, 3.310686972114622, 3.4303823312521295, 3.5481130692164577, 3.5837379293970093, 3.6086987899533036, 3.7197090911966657, 3.923684493121575, 3.9659967513793624, 3.8257636750581527, 3.8755295833834422, 3.9585358331911413, 3.9394692338589454, 3.934707173795399, 3.978726429788327, 3.998384279752137, 3.964649836226121, 3.939280980899779, 3.956045914619629, 3.9830025842829073, 3.993954188056584, 3.999207207007645, 4.013802640849587, 4.031479878994432, 4.039689172006966, 4.039820547231908, 4.040380067346112, 4.044850979395275, 4.052900092732886, 4.061470372837783, 4.067395564916675, 4.074750988395233, 4.087738795175546, 4.102660394595154, 4.11555114367741, 4.129621160138046, 4.150806433243994, 4.1786668362954025, 4.207442276106068, 4.234872098735739, 4.262620053577039, 4.288572157418093, 4.305987601492359, 4.311617851671546, 4.3091892939280205, 4.3049623463343965, 4.306893983094456, 4.320672026624887, 4.339355516692253, 4.353510915670271, 4.364656204547989, 4.377223130172658, 4.3899880100186195, 4.399457079551909, 4.4045462125599215, 4.407665513282731, 4.413205797350049, 4.423677277325576, 4.435830147853001, 4.442749954621896, 4.441104479182247, 4.435300661747109, 4.433221530777722, 4.438212547575445, 4.446489762105382, 4.452018566885546, 4.452653658892962, 4.452453640060711, 4.4554778933479575, 4.460485644741517, 4.4654209918997525, 4.469469671071179, 4.472669593116645]",75,0.7282230296845599,,0.9726695976304507,0.9726695976304485,4.472669593116645,,0.9306002874508456,,,,13.670987367630005,13.817914962768555,True,0.14859628677368164,0.0016574859619140625,0.0,0.14859628677368164,Results/warm_start_cache/list_193_graphs_adjacency_listhog_v04-12_planar_clawFree__filehash_62ae5075/hog_idx000173_3b0b82407cb6_seed42_L1_M1_amplified.npz,13.68735671043396,2026-08-27 09:22:37,x86_64,dacsgpu0002,,64,64,3.11.15,0.26,False,False,False,False,,True,False,True,False,adam,False,hamqaoa,0.05,standard,1,1,42,scs,1e-06,100000,False,False,False,hog,False,False,False,False,False,False,True,1,HOG_graphs/Exp5/list_193_graphs_adjacency_listhog_v04-12_planar_clawFree.txt,True,Results/warm_start_cache,512,60,0,16,1,1,0,0,5,0,5,10,42,True,_Exp8_standardZeroAngles,1,42,42,173,"[(2, 3), (1, 6), (3, 5), (4, 6), (5, 6), (3, 4), (4, 5), (0, 2)]","[1.0, 1.0, 1.0, 1.0, 1.0, 1.0, 1.0, 1.0]"
921f8083,9,9,5,75.0,False,True,"[1, 1, 1]",5.786586640394438,7.874999997837698,7.874999997837698,,,4.077600944013588,4.077600944013587,4.077600944013587,4.077600944013587,"[4.077600944013587, 3.2532044671252347, 4.027520112543658, 3.9534851575279335, 3.8303683120674465, 3.8397632225165714, 3.910079767433135, 4.032701431272715, 4.08761923734858, 4.011065727281893, 3.9397569817907265, 3.971351629177074, 4.033571240020567, 4.047794481571253, 4.029649929075602, 4.031645210401115, 4.0651986764434636, 4.097109082328224, 4.100555545730833, 4.095555021148336, 4.120375295404724, 4.177370468614955, 4.238150260828138, 4.3005511999284405, 4.397640191605496, 4.5587604320640756, 4.768539521812146, 4.954110935153791, 5.046587936595501, 5.07080473008864, 5.060173250643828, 5.046169047591424, 5.019966227924478, 4.990981318855185, 5.009654420056341, 5.075260806505167, 5.1355723058785605, 5.172322741106036, 5.192590890776292, 5.192924690148206, 5.172316447576906, 5.149960538001591, 5.143765151656509, 5.155279524451453, 5.181391691074369, 5.215626381656762, 5.241239478961483, 5.247221209017682, 5.243284638664816, 5.2415399370349265, 5.242803880728275, 5.247569241148352, 5.256092250648251, 5.2630612532122925, 5.26780093540776, 5.275338610968366, 5.284171641759022, 5.2884206779642, 5.286945356924784, 5.282422928799586, 5.278419464231221, 5.278406166812677, 5.282369970721504, 5.286810935337254, 5.2895114133796, 5.290974265297249, 5.2917960235252535, 5.292331200845497, 5.293774292714701, 5.296334945886436, 5.298444728674277, 5.299684317507529, 5.301219316267395, 5.302933747649596, 5.303490344043341, 5.302685153654271]",75,0.7046642861180146,,1.2250842096406842,1.2250842096406833,5.302685153654271,,0.9163753147041479,,,,47.20220065116882,47.38081407546997,True,0.18025660514831543,0.0016300678253173828,0.0,0.18025660514831543,Results/warm_start_cache/list_193_graphs_adjacency_listhog_v04-12_planar_clawFree__filehash_62ae5075/hog_idx000149_545adace616c_seed42_L1_M1_amplified.npz,47.22794795036316,2026-08-27 09:22:37,x86_64,dacsgpu0002,,64,64,3.11.15,0.49,False,False,False,False,,True,True,True,False,adam,False,hamqaoa,0.05,standard,1,1,42,scs,1e-06,100000,False,False,False,hog,False,False,False,False,False,False,True,1,HOG_graphs/Exp5/list_193_graphs_adjacency_listhog_v04-12_planar_clawFree.txt,True,Results/warm_start_cache,512,60,0,16,1,1,0,0,5,0,5,10,42,True,_Exp8_standardZeroAngles,1,42,42,149,"[(4, 7), (0, 3), (6, 8), (7, 8), (2, 5), (1, 4), (5, 8), (3, 6), (6, 7)]","[1.0, 1.0, 1.0, 1.0, 1.0, 1.0, 1.0, 1.0, 1.0]"
63504118,6,11,5,75.0,False,True,"[1, 1, 1]",5.000000000000012,6.499999720393796,6.499999720393796,,,3.999998291208823,3.999998291208823,3.999998291208823,3.999998291208823,"[3.999998291208823, 3.209017828974766, 3.943361487131352, 3.8448601502168045, 3.781807451812977, 3.9085018527308875, 4.101535331114762, 4.287996137377485, 4.386872194384672, 4.3912411459673795, 4.375482184654331, 4.390888922312994, 4.454753565480699, 4.533004825031386, 4.568510813213004, 4.560803156042883, 4.565485456400525, 4.606012696502547, 4.637993816817215, 4.673005433205234, 4.724694115034856, 4.716269380121202, 4.683400414288304, 4.6842497874685645, 4.71042562740375, 4.732404227252181, 4.720471570246023, 4.699023993472819, 4.703430359218452, 4.727769094932738, 4.744838540474009, 4.752690164856855, 4.757771274745686, 4.754061402176261, 4.755610468763818, 4.767423532409614, 4.773085443242828, 4.772253860300693, 4.771512447317, 4.769099972796403, 4.771520866320354, 4.781888375539915, 4.790258435739835, 4.794370637654797, 4.7970722706902835, 4.798593649149671, 4.804866005883746, 4.814759139479475, 4.821416022677914, 4.8262114837357135, 4.830482529465824, 4.835716807555485, 4.843668732618137, 4.850455287535281, 4.856423462925922, 4.862176674000781, 4.867551706023038, 4.873401384315825, 4.877785419047786, 4.881493864912952, 4.885902119202504, 4.891716569043264, 4.898559568779838, 4.904812916260354, 4.910864858817521, 4.917144667624472, 4.9237502211397, 4.930174322533409, 4.93575738633335, 4.941572969718634, 4.947793889602269, 4.953364647938622, 4.95753545015324, 4.960527334507065, 4.962711715749717, 4.964181105034912]",75,0.7999996582417626,,0.9641828138260893,0.9641828138260893,4.964181105034912,,0.99283622100698,,,,21.47350525856018,21.614707231521606,True,0.1428060531616211,0.0015838146209716797,0.0,0.1428060531616211,Results/warm_start_cache/list_193_graphs_adjacency_listhog_v04-12_planar_clawFree__filehash_62ae5075/hog_idx000048_a6c7ca67e5c8_seed42_L1_M1_amplified.npz,21.496529817581177,2026-08-27 09:22:38,x86_64,dacsgpu0002,,64,64,3.11.15,0.24,False,False,False,False,,True,False,True,False,adam,False,hamqaoa,0.05,standard,1,1,42,scs,1e-06,100000,False,False,False,hog,False,False,False,False,False,False,True,1,HOG_graphs/Exp5/list_193_graphs_adjacency_listhog_v04-12_planar_clawFree.txt,True,Results/warm_start_cache,512,60,0,16,1,1,0,0,5,0,5,10,42,True,_Exp8_standardZeroAngles,1,42,42,48,"[(0, 1), (2, 3), (0, 4), (3, 5), (3, 4), (1, 5), (4, 5), (2, 5), (0, 5), (1, 4), (2, 4)]","[1.0, 1.0, 1.0, 1.0, 1.0, 1.0, 1.0, 1.0, 1.0, 1.0, 1.0]"
43062057,7,8,5,75.0,False,True,"[1, 1, 1]",4.80621987058315,6.4999999334843235,6.4999999334843235,,,3.499999995486197,3.4999999954861947,3.4999999954861947,3.4999999954861947,"[3.4999999954861947, 2.849934308666556, 3.4582620538393516, 3.3606102028589726, 3.3342736198675365, 3.5438722047830407, 3.686582516585265, 3.738500796502638, 3.856217670642044, 3.9354198742101834, 3.8315241302108385, 3.911539157779481, 3.994622366827609, 3.9432461400861216, 3.932652434801633, 3.976767527782301, 3.9696854694367842, 3.9387607715158084, 3.9709712020347903, 4.025054329682874, 4.039818940462619, 4.049216320160531, 4.094768770386078, 4.146081030206342, 4.168146036485198, 4.1903256682548875, 4.238500982135664, 4.281041995284609, 4.2992391615228, 4.307239580621927, 4.309642154048375, 4.302396722128789, 4.2943122381387075, 4.298369933960151, 4.313042609822067, 4.325774450005423, 4.331023093691876, 4.338451264390521, 4.353925935200953, 4.366553492920601, 4.371018112129912, 4.380172780998694, 4.393419077143465, 4.39929319813065, 4.407413261584703, 4.4236928061463345, 4.43691169871252, 4.444779010601961, 4.453138643190094, 4.4643315292493675, 4.471610781828512, 4.474108380727949, 4.477120847031924, 4.477000179071232, 4.477081117228943, 4.483416967658928, 4.489489118954297, 4.496640862070305, 4.507113555032925, 4.515127565101789, 4.5201228680822565, 4.52269845441061, 4.521438429509735, 4.520733201338096, 4.5239952812891655, 4.529493030439253, 4.536979312834597, 4.54391703198107, 4.547374034217713, 4.549165590622359, 4.549204531727364, 4.549295955234563, 4.550867827496881, 4.552861804316415, 4.555601990411999, 4.557353317170083]",75,0.7282230296845599,,1.0573533216838884,1.0573533216838862,4.557353317170083,,0.9482198983579019,,,,21.501192331314087,21.648492574691772,True,0.14859628677368164,0.0012776851654052734,0.0,0.14859628677368164,Results/warm_start_cache/list_193_graphs_adjacency_listhog_v04-12_planar_clawFree__filehash_62ae5075/hog_idx000173_3b0b82407cb6_seed42_L1_M1_amplified.npz,21.52050757408142,2026-08-27 09:22:45,x86_64,dacsgpu0002,,64,64,3.11.15,0.26,False,False,False,False,,True,False,True,False,adam,False,hamqaoa,0.05,standard,1,1,42,scs,1e-06,100000,False,False,False,hog,False,False,False,False,False,False,True,1,HOG_graphs/Exp5/list_193_graphs_adjacency_listhog_v04-12_planar_clawFree.txt,True,Results/warm_start_cache,512,60,0,16,1,1,0,0,5,0,5,10,42,True,_Exp8_standardZeroAngles,1,42,42,173,"[(2, 3), (1, 6), (3, 5), (4, 6), (5, 6), (3, 4), (4, 5), (0, 2)]","[1.0, 1.0, 1.0, 1.0, 1.0, 1.0, 1.0, 1.0]"
