run_id,n,m,p,precision/iterations,singlet_injection,warm_start,parameter_vector,optimal_result,sdp_objective_value_step1,sdp_objective_value_king_normalized_step1,algorithm17_actual_energy,algorithm17_lower_bound_energy,algorithm17_analytic_F_value,algorithm17_F_bound_applicable,initial_ws_energy_prodStates_step2,initial_sdp_statevector_energy,initial_qaoa_input_energy_normalized,adam_initial_point_energy_normalized,adam_energy_history_normalized_json,adam_updates_completed,initial_sdp_statevec_ratio,initial_ws_energy_010101,QAOA_improvement_over_SDP_statevectorEnergy,QAOA_improvement_over_SDP_prodStatesEnergy,result,result_010101,approx_ratio,approx_ratio_010101,diff. approx. ratio,sdp ws greater,duration_seconds,duration_seconds_excluding_warm_start_cache_io,warm_start_cache_used,warm_start_compute_time_seconds,warm_start_load_time_seconds,warm_start_save_time_seconds,warm_start_effective_time_seconds,warm_start_cache_path,full duration_seconds,finished_at,processor,hostname,total_ram_gb,physical_cores,logical_cores,python_version,peak_ram_mb,Instance_is_triangle_free,Instance_is_3_regular,Instance_is_bipartite,Instance_is_regular,Regular_degree,Instance_is_claw_free,Instance_is_twin_free,Instance_is_planar,Instance_is_eulerian,optimiser,optimiser_use_heuristic,circuit_type,learning_rate_adam,warm_start_mode,lasserre_level,initial_solver_level_M,sdp_seed,sdp_solver_mode,sdp_scs_eps,sdp_scs_max_iters,compare_with_010101,init_QAOAparams_close_to_zero,use_correlations_as_initial_params,graph_generation_type,weighted,easiest_first,debug,save_circuit_svg,rerun_exclude_finished_instances,warm_start_cache_producer_only,qaoa_only_from_existing_warm_start_cache,num_repeats,relative_graph_adjList_path,persistent_warm_start_cache,warm_start_cache_dir,warm_start_cache_max_file_mb,warm_start_cache_max_total_gb,sdp_max_parallel,qaoa_max_parallel,sdp_threads,qaoa_threads,sdp_memory_limit_total_gb,sdp_memory_limit_single_gb,sdp_memory_poll_seconds,sdp_max_retries,queue_poll_interval_seconds,max_graph_vertices,qaoa_seed,initialise_standard_warm_start_with_zero_angles,result_name_suffix,benchmark_repeat_idx,qaoa_seed_used,hog_graph_index,edges,weights
f74431ec,8,9,1,75.0,False,True,"[1, 1, 1]",5.847763554161063,8.999999979292337,8.999999979292337,,,,,4.499999859235934,4.499999859235934,4.499999859235934,4.499999859235934,"[4.499999859235934, 4.498824442164375, 4.499922940012998, 4.499757359878154, 4.499334203599961, 4.499481891208657, 4.499836676508422, 4.499999682203874, 4.499887888336622, 4.499712089720136, 4.499686793210369, 4.499811737296117, 4.49995342118602, 4.499998822282708, 4.499939137033664, 4.499857511374002, 4.499838167796109, 4.499891770844101, 4.4999651837457035, 4.49999965831101, 4.499978830619769, 4.499935074202726, 4.499914172031771, 4.499933426989469, 4.4999725558860115, 4.4999980817752245, 4.499993501140325, 4.499970604435195, 4.49995488612249, 4.499960977965134, 4.499981634145541, 4.499997839985513, 4.499997534057169, 4.499985281915502, 4.499975654633795, 4.499978272225411, 4.499989718637434, 4.499998829754345, 4.499998358342014, 4.49999123250798, 4.49998623434913, 4.499988561503584, 4.49999534271472, 4.499999701231932, 4.499998223151657, 4.499993893691625, 4.499992077859161, 4.499994619874302, 4.49999852601927, 4.499999813068331, 4.499997876378129, 4.499995622026181, 4.4999958104006605, 4.499998066500526, 4.4999997710368085, 4.49999931787428, 4.499997773531237, 4.4999972536161, 4.499998337243028, 4.499999635746924, 4.499999722094082, 4.4999988161742985, 4.4999982820887805, 4.499998795695781, 4.499999646204026, 4.4999998167147135, 4.499999291717462, 4.499998912580198, 4.499999190144019, 4.499999720446623, 4.4999998355593895, 4.499999508298601, 4.499999284357435, 4.499999477264099, 4.499999798497294, 4.499999829243901]",75,0.7695249333454824,,0.0,0.0,4.499999859235934,,0.7695249333454824,,,,8.057402849197388,8.16208791732788,True,0.10639691352844238,0.0016942024230957031,0.0,0.10639691352844238,Results/warm_start_cache/random_graphs_8to14vertices_78instances_20260625_143415_AdjacencyList__filehash_a79662a0/hog_idx000001_2d50d1faac03_seed42_L1_M1_amplified.npz,8.067554473876953,2026-08-29 15:55:33,x86_64,dacsgpu0002,,64,64,3.11.15,0.24,True,False,True,False,,False,False,True,False,adam,False,hamqaoa,0.005,standard,1,1,42,scs,1e-06,100000,False,False,False,hog,False,False,False,False,False,False,True,1,HOG_graphs/random_graphs_8to14vertices_78instances_20260625_143415_AdjacencyList.txt,True,Results/warm_start_cache,512,60,0,16,1,1,0,0,5,0,5,10,42,True,_Exp4_v2_standardZeroAngles,1,42,1,"[(2, 7), (1, 3), (3, 5), (0, 3), (4, 5), (3, 7), (1, 4), (0, 2), (3, 6)]","[1.0, 1.0, 1.0, 1.0, 1.0, 1.0, 1.0, 1.0, 1.0]"
ee02dfeb,8,20,1,75.0,False,True,"[1, 1, 1]",9.309016994374973,12.697948987188312,12.697948987188312,,,,,7.527059245331095,7.527059245331097,7.527059245331097,7.527059245331097,"[7.527059245331097, 7.5284691835272355, 7.528147319237204, 7.527857755640326, 7.528142443616952, 7.528531042267131, 7.5286855613837895, 7.528601938099595, 7.528500159491986, 7.528550205726872, 7.52874093017537, 7.528962955369052, 7.529123072486158, 7.529203074198078, 7.52925482386366, 7.529343884739016, 7.529493678475599, 7.5296774544057286, 7.5298495533422996, 7.52998142067947, 7.530079841241116, 7.530177820132629, 7.530306756648053, 7.530475135447175, 7.53066787541086, 7.530862429391303, 7.531045539418195, 7.531220387931838, 7.531401159800633, 7.531600841243528, 7.531822046099978, 7.532057449974253, 7.5322980506066886, 7.532541139053198, 7.532792115741775, 7.533059330192591, 7.533347098412595, 7.533652734620685, 7.533970104998017, 7.534294956304104, 7.534628135057345, 7.534974085770593, 7.535335705040999, 7.535711204318058, 7.536095307224867, 7.536483663998514, 7.536875592386906, 7.537272960158624, 7.537676013526526, 7.538081310311382, 7.538483500107439, 7.538879207186306, 7.5392690278700005, 7.539655477469461, 7.540039593547399, 7.540419790370049, 7.54079395031227, 7.541161204674421, 7.541521410691572, 7.541873112644149, 7.5422136196708305, 7.542541546769706, 7.542858283483597, 7.54316619905953, 7.543466112384915, 7.543757060336118, 7.544038450331231, 7.544310750376662, 7.544574405750472, 7.54482887547826, 7.545073712767299, 7.5453099699227755, 7.545539311006414, 7.545762500650341, 7.545978820850329, 7.546187790206188]",75,0.8085772375192102,,0.01912854487509108,0.019128544875092857,7.546187790206188,,0.8106320779912654,,,,13.478950262069702,13.591012716293335,True,0.11406111717224121,0.001983642578125,0.0,0.11406111717224121,Results/warm_start_cache/random_graphs_8to14vertices_78instances_20260625_143415_AdjacencyList__filehash_a79662a0/hog_idx000005_eaff65c51a14_seed42_L1_M1_amplified.npz,13.503188371658325,2026-08-29 15:55:41,x86_64,dacsgpu0002,,64,64,3.11.15,0.24,False,False,False,True,5,False,False,False,False,adam,False,hamqaoa,0.005,standard,1,1,42,scs,1e-06,100000,False,False,False,hog,False,False,False,False,False,False,True,1,HOG_graphs/random_graphs_8to14vertices_78instances_20260625_143415_AdjacencyList.txt,True,Results/warm_start_cache,512,60,0,16,1,1,0,0,5,0,5,10,42,True,_Exp4_v2_standardZeroAngles,1,42,5,"[(2, 6), (3, 5), (4, 6), (0, 5), (0, 2), (1, 7), (3, 4), (4, 5), (3, 7), (2, 5), (1, 3), (0, 1), (1, 6), (0, 7), (3, 6), (2, 4), (2, 7), (4, 7), (0, 6), (1, 5)]","[1.0, 1.0, 1.0, 1.0, 1.0, 1.0, 1.0, 1.0, 1.0, 1.0, 1.0, 1.0, 1.0, 1.0, 1.0, 1.0, 1.0, 1.0, 1.0, 1.0]"
0aa21c0b,8,9,2,75.0,False,True,"[1, 1, 1]",5.847763554161063,8.999999979292337,8.999999979292337,,,,,4.499999859235934,4.499999859235934,4.499999859235934,4.499999859235934,"[4.499999859235934, 4.495337854684122, 4.499696531178149, 4.499053866692497, 4.49739353334427, 4.497948751627284, 4.499325890285423, 4.499995854051694, 4.499621685870219, 4.498948718191853, 4.498786883942436, 4.4992022622680965, 4.499747410557206, 4.499997972867642, 4.499858228631344, 4.499559114586094, 4.499405488590713, 4.499511960858745, 4.499763339391919, 4.4999616592946365, 4.499988492113869, 4.499873386724133, 4.499744598394142, 4.499714121129489, 4.499796641423741, 4.499919574506905, 4.499994263136875, 4.499983078805441, 4.499917556766097, 4.499863203768832, 4.499864632722378, 4.499915921000832, 4.499974569434202, 4.499999792702902, 4.499982566157452, 4.499947178691878, 4.499927319295404, 4.499938547476788, 4.499969395032541, 4.499994900461475, 4.499998308955682, 4.499982875322005, 4.499966064007183, 4.499963324197279, 4.499975946118111, 4.499992410108275, 4.4999998400380825, 4.499994830298505, 4.4999847878747445, 4.4999800218474455, 4.499984542358839, 4.4999936918330485, 4.499999520675867, 4.499998205869181, 4.499992749771376, 4.499989265153785, 4.499991029805742, 4.4999960162142205, 4.499999570767527, 4.499999062300823, 4.499996016158841, 4.499994038959887, 4.499995113320584, 4.499997961788561, 4.499999785182532, 4.499999218942192, 4.499997434802851, 4.499996593147139, 4.499997532457982, 4.499999164724989, 4.499999860413181, 4.499999200310963, 4.499998217623187, 4.499998098126454, 4.499998916796906, 4.499999736043337]",75,0.7695249333454824,,0.0,0.0,4.499999859235934,,0.7695249333454824,,,,16.63662099838257,16.741729736328125,True,0.10639691352844238,0.0012750625610351562,0.0,0.10639691352844238,Results/warm_start_cache/random_graphs_8to14vertices_78instances_20260625_143415_AdjacencyList__filehash_a79662a0/hog_idx000001_2d50d1faac03_seed42_L1_M1_amplified.npz,16.647580862045288,2026-08-29 15:55:41,x86_64,dacsgpu0002,,64,64,3.11.15,0.26,True,False,True,False,,False,False,True,False,adam,False,hamqaoa,0.005,standard,1,1,42,scs,1e-06,100000,False,False,False,hog,False,False,False,False,False,False,True,1,HOG_graphs/random_graphs_8to14vertices_78instances_20260625_143415_AdjacencyList.txt,True,Results/warm_start_cache,512,60,0,16,1,1,0,0,5,0,5,10,42,True,_Exp4_v2_standardZeroAngles,1,42,1,"[(2, 7), (1, 3), (3, 5), (0, 3), (4, 5), (3, 7), (1, 4), (0, 2), (3, 6)]","[1.0, 1.0, 1.0, 1.0, 1.0, 1.0, 1.0, 1.0, 1.0]"
26e0a464,8,9,3,75.0,False,True,"[1, 1, 1]",5.847763554161063,8.999999979292337,8.999999979292337,,,,,4.499999859235934,4.499999859235934,4.499999859235934,4.499999859235934,"[4.499999859235934, 4.489618564057016, 4.499328645855614, 4.497928038220792, 4.494280217835717, 4.495450771169585, 4.498440993469073, 4.499976178200648, 4.499307865606171, 4.497893887071186, 4.497410451965447, 4.498131823964334, 4.499260357985235, 4.499942487670532, 4.499872869254182, 4.499347435120548, 4.498907341679401, 4.498890703234891, 4.499251984412394, 4.499704666794582, 4.499972912296598, 4.499957984344869, 4.499755332166019, 4.499552865757345, 4.499494978677087, 4.4996035863035555, 4.499793810090897, 4.499949595456113, 4.499998536312407, 4.499944036450145, 4.499847942630327, 4.499783192610132, 4.4997891902446705, 4.499855613101729, 4.499938330500346, 4.499991576271046, 4.4999947511150875, 4.499959639684898, 4.499917872860959, 4.499898925085952, 4.4999131502964955, 4.499949063855816, 4.499984042739326, 4.499999700224272, 4.49999221980845, 4.499972245710628, 4.499956024088136, 4.4999545931644285, 4.499967821623239, 4.499986289685372, 4.499998756906899, 4.499999538976762, 4.49999126703622, 4.4999818852997375, 4.499978657022651, 4.49998358527365, 4.499992918145116, 4.500000592525496, 4.500002640823091, 4.4999995858604525, 4.499995380923035, 4.499994185782027, 4.499997475078952, 4.500003470153848, 4.500008922690587, 4.500011771480914, 4.500012468706623, 4.500013377353598, 4.500016859420218, 4.500023681670898, 4.500032944793936, 4.500043323198471, 4.500054513738174, 4.500067898118086, 4.500085966577089, 4.500111349206776]",75,0.7695249333454824,,0.00011148997084209356,0.00011148997084209356,4.500111349206776,,0.7695439987488302,,,,27.808995246887207,27.910681009292603,True,0.10639691352844238,0.0046939849853515625,0.0,0.10639691352844238,Results/warm_start_cache/random_graphs_8to14vertices_78instances_20260625_143415_AdjacencyList__filehash_a79662a0/hog_idx000001_2d50d1faac03_seed42_L1_M1_amplified.npz,27.82249093055725,2026-08-29 15:55:53,x86_64,dacsgpu0002,,64,64,3.11.15,0.27,True,False,True,False,,False,False,True,False,adam,False,hamqaoa,0.005,standard,1,1,42,scs,1e-06,100000,False,False,False,hog,False,False,False,False,False,False,True,1,HOG_graphs/random_graphs_8to14vertices_78instances_20260625_143415_AdjacencyList.txt,True,Results/warm_start_cache,512,60,0,16,1,1,0,0,5,0,5,10,42,True,_Exp4_v2_standardZeroAngles,1,42,1,"[(2, 7), (1, 3), (3, 5), (0, 3), (4, 5), (3, 7), (1, 4), (0, 2), (3, 6)]","[1.0, 1.0, 1.0, 1.0, 1.0, 1.0, 1.0, 1.0, 1.0]"
74adf740,9,18,1,75.0,False,True,"[1, 1, 1]",8.611677215596796,11.454948838083787,11.454948838083787,,,,,6.467435595244823,6.467435595244825,6.467435595244822,6.467435595244822,"[6.467435595244822, 6.4694488734310305, 6.470626999101515, 6.471025073568063, 6.470914338863563, 6.4707300159172885, 6.470751961934543, 6.470999715264555, 6.471377160619007, 6.4717700170763495, 6.472089795534447, 6.472298359849503, 6.472416108278069, 6.472493606284025, 6.472580104238829, 6.472710780491531, 6.472900670508103, 6.473144655157496, 6.473424158758256, 6.473717465817368, 6.474010892537411, 6.474306423319589, 6.474622504987046, 6.474987073569746, 6.475426837296913, 6.475957962633613, 6.476583808744899, 6.477299136006975, 6.478098225111946, 6.478982363144731, 6.479963180739793, 6.481059845619952, 6.482292754590838, 6.483677084852566, 6.485219823180351, 6.4869201954466496, 6.488771195153525, 6.49076049370247, 6.492869592961972, 6.495072010317988, 6.497331031285634, 6.49959860719326, 6.501815409197799, 6.503912465635733, 6.505816013448456, 6.507455352806479, 6.508774116125919, 6.509744355304604, 6.5103800122839, 6.510743358412646, 6.510938293915155, 6.511089802699112, 6.511314841074361, 6.511695204020578, 6.51226353038167, 6.513005475711558, 6.513872451109107, 6.51479877258229, 6.515715702497259, 6.516562672994877, 6.517294242745382, 6.5178855339511275, 6.518334472670279, 6.518661073530329, 6.518901683112295, 6.519098737076893, 6.5192902143813125, 6.519503853005076, 6.519755904720591, 6.520052222873924, 6.520389451199706, 6.520755187934, 6.5211291103598095, 6.521487476922102, 6.521808867138064, 6.5220801334989496]",75,0.7510076647475258,,0.05464453825412452,0.054644538254126296,6.5220801334989496,,0.7573530649391582,,,,31.603132963180542,31.77943706512451,True,0.1786794662475586,0.00235748291015625,0.0,0.1786794662475586,Results/warm_start_cache/random_graphs_8to14vertices_78instances_20260625_143415_AdjacencyList__filehash_a79662a0/hog_idx000017_1cb58d6ed341_seed42_L1_M1_amplified.npz,31.627196788787842,2026-08-29 15:55:57,x86_64,dacsgpu0002,,64,64,3.11.15,0.3,False,False,False,False,,False,True,False,False,adam,False,hamqaoa,0.005,standard,1,1,42,scs,1e-06,100000,False,False,False,hog,False,False,False,False,False,False,True,1,HOG_graphs/random_graphs_8to14vertices_78instances_20260625_143415_AdjacencyList.txt,True,Results/warm_start_cache,512,60,0,16,1,1,0,0,5,0,5,10,42,True,_Exp4_v2_standardZeroAngles,1,42,17,"[(2, 7), (0, 1), (0, 4), (3, 8), (2, 6), (5, 7), (0, 7), (3, 5), (0, 3), (4, 6), (3, 6), (6, 8), (1, 5), (0, 5), (1, 4), (0, 2), (0, 8), (2, 4)]","[1.0, 1.0, 1.0, 1.0, 1.0, 1.0, 1.0, 1.0, 1.0, 1.0, 1.0, 1.0, 1.0, 1.0, 1.0, 1.0, 1.0, 1.0]"
9fee4adf,8,20,2,75.0,False,True,"[1, 1, 1]",9.309016994374973,12.697948987188312,12.697948987188312,,,,,7.527059245331095,7.527059245331097,7.527059245331097,7.527059245331097,"[7.527059245331097, 7.527817395696819, 7.527497307492517, 7.528496930564512, 7.528624982336433, 7.528234038438963, 7.5283710370768295, 7.528865368679967, 7.529164897231585, 7.529167081927034, 7.529195107408214, 7.529456203789118, 7.529824691335592, 7.5300959736686774, 7.530232466192566, 7.530365196325796, 7.530614392864895, 7.530970417278888, 7.531343018701366, 7.531670122628187, 7.531972054658779, 7.532320001879983, 7.532759015749624, 7.533276909457899, 7.533840088030518, 7.534438473359949, 7.535094285251975, 7.535839350307795, 7.536692875849875, 7.537659465272955, 7.538742907187293, 7.539961899705161, 7.5413566271824894, 7.542983007000307, 7.544903731144299, 7.547188335869534, 7.5499250102646345, 7.553234289130328, 7.557272674163653, 7.562223579701835, 7.56828568870665, 7.575662031265253, 7.584549668723424, 7.595127422313429, 7.607543033247335, 7.621898343909176, 7.638233335472093, 7.656507165348942, 7.676579503893822, 7.698193907237296, 7.720968098599255, 7.7444005089465655, 7.7679050463151995, 7.7908927900688205, 7.812908114102868, 7.833758855151993, 7.853493934722001, 7.872217168231265, 7.889965646036912, 7.906797572827075, 7.922919287652524, 7.9386120673717775, 7.954080187599507, 7.969474693877073, 7.9849727853977095, 8.00072115842008, 8.016815102605385, 8.03338533396596, 8.05058246032296, 8.068449088564531, 8.086889484140025, 8.1057179837232, 8.124650706442921, 8.143334710796, 8.161471811403317, 8.178889740747456]",75,0.8085772375192102,,0.651830495416359,0.6518304954163607,8.178889740747456,,0.8785986474930272,,,,22.364787578582764,22.472989797592163,True,0.11406111717224121,0.005841732025146484,0.0,0.11406111717224121,Results/warm_start_cache/random_graphs_8to14vertices_78instances_20260625_143415_AdjacencyList__filehash_a79662a0/hog_idx000005_eaff65c51a14_seed42_L1_M1_amplified.npz,22.394460439682007,2026-08-29 15:56:04,x86_64,dacsgpu0002,,64,64,3.11.15,0.26,False,False,False,True,5,False,False,False,False,adam,False,hamqaoa,0.005,standard,1,1,42,scs,1e-06,100000,False,False,False,hog,False,False,False,False,False,False,True,1,HOG_graphs/random_graphs_8to14vertices_78instances_20260625_143415_AdjacencyList.txt,True,Results/warm_start_cache,512,60,0,16,1,1,0,0,5,0,5,10,42,True,_Exp4_v2_standardZeroAngles,1,42,5,"[(2, 6), (3, 5), (4, 6), (0, 5), (0, 2), (1, 7), (3, 4), (4, 5), (3, 7), (2, 5), (1, 3), (0, 1), (1, 6), (0, 7), (3, 6), (2, 4), (2, 7), (4, 7), (0, 6), (1, 5)]","[1.0, 1.0, 1.0, 1.0, 1.0, 1.0, 1.0, 1.0, 1.0, 1.0, 1.0, 1.0, 1.0, 1.0, 1.0, 1.0, 1.0, 1.0, 1.0, 1.0]"
aee03b8c,8,9,4,75.0,False,True,"[1, 1, 1]",5.847763554161063,8.999999979292337,8.999999979292337,,,,,4.499999859235934,4.499999859235934,4.499999859235934,4.499999859235934,"[4.499999859235934, 4.481754120553926, 4.498827660619153, 4.496419185423656, 4.49011169510403, 4.4920580175016696, 4.497164806466229, 4.499918849952076, 4.499038122854997, 4.496750503761046, 4.495731294022714, 4.496626844323403, 4.498379707153966, 4.499695762617401, 4.499966554568493, 4.499403441835897, 4.4986586942239, 4.498303326431935, 4.498508106316891, 4.499068477461837, 4.499637973718618, 4.499956818768402, 4.499957579960236, 4.4997440389722945, 4.499496137698081, 4.499364615086233, 4.499406231113658, 4.499579399519771, 4.499787695894954, 4.499937967066639, 4.499982891079869, 4.499933303664049, 4.49984151002096, 4.499768850926314, 4.499755022139877, 4.499803045922791, 4.499884471137721, 4.49995866601666, 4.499994895559408, 4.499986144860709, 4.499949264573353, 4.499912987745472, 4.499901501976773, 4.499922672623352, 4.499966521680752, 4.500013526001336, 4.5000469002897345, 4.500061948301014, 4.5000679969875375, 4.500082868081063, 4.500124118955251, 4.500202738227117, 4.5003231217110695, 4.500489814420347, 4.500718800278371, 4.501049403781588, 4.501557964141942, 4.50237743919937, 4.503733205951519, 4.506015228385419, 4.509892587835547, 4.516430202370842, 4.527148981822743, 4.5438213508506715, 4.567750143589422, 4.598505166061214, 4.632510794505003, 4.662554708363851, 4.681657366281463, 4.689728078546458, 4.695153893965463, 4.706257592693629, 4.724790661429164, 4.747936065529051, 4.771558960065684, 4.792567494850138]",75,0.7695249333454824,,0.29256763561420396,0.29256763561420396,4.792567494850138,,0.8195556216427244,,,,40.03736734390259,40.14180946350098,True,0.10639691352844238,0.0019392967224121094,0.0,0.10639691352844238,Results/warm_start_cache/random_graphs_8to14vertices_78instances_20260625_143415_AdjacencyList__filehash_a79662a0/hog_idx000001_2d50d1faac03_seed42_L1_M1_amplified.npz,40.05190372467041,2026-08-29 15:56:05,x86_64,dacsgpu0002,,64,64,3.11.15,0.28,True,False,True,False,,False,False,True,False,adam,False,hamqaoa,0.005,standard,1,1,42,scs,1e-06,100000,False,False,False,hog,False,False,False,False,False,False,True,1,HOG_graphs/random_graphs_8to14vertices_78instances_20260625_143415_AdjacencyList.txt,True,Results/warm_start_cache,512,60,0,16,1,1,0,0,5,0,5,10,42,True,_Exp4_v2_standardZeroAngles,1,42,1,"[(2, 7), (1, 3), (3, 5), (0, 3), (4, 5), (3, 7), (1, 4), (0, 2), (3, 6)]","[1.0, 1.0, 1.0, 1.0, 1.0, 1.0, 1.0, 1.0, 1.0]"
c36585f9,9,18,2,75.0,False,True,"[1, 1, 1]",8.611677215596796,11.454948838083787,11.454948838083787,,,,,6.467435595244823,6.467435595244825,6.467435595244822,6.467435595244822,"[6.467435595244822, 6.470626554760961, 6.4707780750789095, 6.470232105989516, 6.470575712162841, 6.4713856062472574, 6.472048203120283, 6.472294996478368, 6.472249666645065, 6.472187103210343, 6.472299638310868, 6.472599955603741, 6.472958983066589, 6.473224646347337, 6.473346510607197, 6.47342572899571, 6.47362611057862, 6.474019980008939, 6.47453697726507, 6.475051820576584, 6.475513697976927, 6.476006988707413, 6.4766701967427425, 6.477556946565768, 6.478613287154371, 6.479779018925358, 6.481083133180684, 6.482629002287128, 6.484496633484459, 6.486681627953837, 6.48912928856556, 6.49180140041708, 6.4946901751849, 6.497775439882889, 6.500988398760111, 6.504219855698049, 6.507356173397964, 6.5103068794168335, 6.512996572627258, 6.515334151419315, 6.517225694866821, 6.518654897250042, 6.519755763734708, 6.520793207714778, 6.522071822184196, 6.523873363897158, 6.526425355703624, 6.529861468596685, 6.534222311070528, 6.539518639609624, 6.545788650633027, 6.5531009063671934, 6.561527148106219, 6.571128344459759, 6.581955606708214, 6.594047933458635, 6.607422259797978, 6.622064622891019, 6.637925753367019, 6.654923677081704, 6.672951387046687, 6.6918898588995255, 6.7116182474988095, 6.732015086823653, 6.75294445608154, 6.774236977527507, 6.79568486803443, 6.817063187723884, 6.838160848622846, 6.858799099158236, 6.878826704958737, 6.898107585749164, 6.91652453535567, 6.933998524599394, 6.950499947273066, 6.966033323259412]",75,0.7510076647475258,,0.49859772801458657,0.49859772801458835,6.966033323259412,,0.8089055301147466,,,,40.71074318885803,40.888067960739136,True,0.1786794662475586,0.0013387203216552734,0.0,0.1786794662475586,Results/warm_start_cache/random_graphs_8to14vertices_78instances_20260625_143415_AdjacencyList__filehash_a79662a0/hog_idx000017_1cb58d6ed341_seed42_L1_M1_amplified.npz,40.725401401519775,2026-08-29 15:56:06,x86_64,dacsgpu0002,,64,64,3.11.15,0.37,False,False,False,False,,False,True,False,False,adam,False,hamqaoa,0.005,standard,1,1,42,scs,1e-06,100000,False,False,False,hog,False,False,False,False,False,False,True,1,HOG_graphs/random_graphs_8to14vertices_78instances_20260625_143415_AdjacencyList.txt,True,Results/warm_start_cache,512,60,0,16,1,1,0,0,5,0,5,10,42,True,_Exp4_v2_standardZeroAngles,1,42,17,"[(2, 7), (0, 1), (0, 4), (3, 8), (2, 6), (5, 7), (0, 7), (3, 5), (0, 3), (4, 6), (3, 6), (6, 8), (1, 5), (0, 5), (1, 4), (0, 2), (0, 8), (2, 4)]","[1.0, 1.0, 1.0, 1.0, 1.0, 1.0, 1.0, 1.0, 1.0, 1.0, 1.0, 1.0, 1.0, 1.0, 1.0, 1.0, 1.0, 1.0]"
2115425c,9,18,3,75.0,False,True,"[1, 1, 1]",8.611677215596796,11.454948838083787,11.454948838083787,,,,,6.467435595244823,6.467435595244825,6.467435595244822,6.467435595244822,"[6.467435595244822, 6.4709628230938305, 6.469785847189062, 6.470233525134774, 6.471532375833787, 6.472189005001387, 6.472038531384417, 6.471763532385405, 6.471884971931914, 6.472345862943566, 6.4727468818367, 6.472797393976363, 6.472639893715901, 6.472684092574777, 6.473062727032139, 6.4735003095311106, 6.473709380523159, 6.473760497659148, 6.473987876717572, 6.474509706865056, 6.475086925502922, 6.475522208029381, 6.476002210221479, 6.476818723634655, 6.4779229903556095, 6.479126840726961, 6.480549953042465, 6.482475943403672, 6.484947101885953, 6.487864546015508, 6.491286114798631, 6.495367619296572, 6.500087837855683, 6.505238730894123, 6.510646579704528, 6.516245792743044, 6.521882685758374, 6.527273449566778, 6.532175464508101, 6.536579181606731, 6.540825103104163, 6.5455820849340105, 6.55161949963658, 6.559505779665168, 6.569521029142546, 6.5817468408046444, 6.596158370470871, 6.612682656381224, 6.631232010385918, 6.651711385144578, 6.6740071806464565, 6.697980745322999, 6.723469328418302, 6.750274522399033, 6.778124395286505, 6.806635082640583, 6.835303297407997, 6.863528476431586, 6.8906501391032124, 6.915996466847479, 6.938939808712048, 6.958958824333126, 6.975703175437934, 6.989056636607841, 6.99918815870821, 7.00656141981198, 7.011854925797303, 7.015809065152295, 7.019103531539125, 7.02230986471593, 7.025881035180411, 7.030135390584562, 7.0352443524904915, 7.0412400281804315, 7.048028038405573, 7.055391601169338]",75,0.7510076647475258,,0.5879560059245126,0.5879560059245144,7.055391601169338,,0.8192819382955,,,,52.333946228027344,52.5111665725708,True,0.1786794662475586,0.0014412403106689453,0.0,0.1786794662475586,Results/warm_start_cache/random_graphs_8to14vertices_78instances_20260625_143415_AdjacencyList__filehash_a79662a0/hog_idx000017_1cb58d6ed341_seed42_L1_M1_amplified.npz,52.36622142791748,2026-08-29 15:56:18,x86_64,dacsgpu0002,,64,64,3.11.15,0.43,False,False,False,False,,False,True,False,False,adam,False,hamqaoa,0.005,standard,1,1,42,scs,1e-06,100000,False,False,False,hog,False,False,False,False,False,False,True,1,HOG_graphs/random_graphs_8to14vertices_78instances_20260625_143415_AdjacencyList.txt,True,Results/warm_start_cache,512,60,0,16,1,1,0,0,5,0,5,10,42,True,_Exp4_v2_standardZeroAngles,1,42,17,"[(2, 7), (0, 1), (0, 4), (3, 8), (2, 6), (5, 7), (0, 7), (3, 5), (0, 3), (4, 6), (3, 6), (6, 8), (1, 5), (0, 5), (1, 4), (0, 2), (0, 8), (2, 4)]","[1.0, 1.0, 1.0, 1.0, 1.0, 1.0, 1.0, 1.0, 1.0, 1.0, 1.0, 1.0, 1.0, 1.0, 1.0, 1.0, 1.0, 1.0]"
d6830c5c,8,9,5,75.0,False,True,"[1, 1, 1]",5.847763554161063,8.999999979292337,8.999999979292337,,,,,4.499999859235934,4.499999859235934,4.499999859235934,4.499999859235934,"[4.499999859235934, 4.471840722573979, 4.498202329731984, 4.494569229303233, 4.485016598624361, 4.487855738561708, 4.495488787486043, 4.499793264943016, 4.498878911610213, 4.4957195518001365, 4.4939836476944945, 4.494819083082918, 4.497075341755286, 4.499102108693289, 4.499963774389582, 4.499674355872415, 4.4988351036665915, 4.49812685029923, 4.497946943308919, 4.4983066189694805, 4.498950085080108, 4.499557009163165, 4.499905182040202, 4.499940326560688, 4.499754687679705, 4.499512031187168, 4.499360803254149, 4.499372804027838, 4.499528023031973, 4.499743309821803, 4.499924424729709, 4.5000144917185585, 4.5000181477176735, 4.499993749724083, 4.5000216842276535, 4.500168466183611, 4.500467144301322, 4.500924949097607, 4.501556721317315, 4.502434203821649, 4.503740971016795, 4.505830932422809, 4.509303515145061, 4.515098204335788, 4.524556560269302, 4.539302545424792, 4.560671480579289, 4.588529033853953, 4.619962999454544, 4.649536328486517, 4.671384812820644, 4.683746901477998, 4.691816524680293, 4.702605358564702, 4.719416019029654, 4.741621895646753, 4.766121124614555, 4.79013194172102, 4.813205986081181, 4.836041854815047, 4.859233432368307, 4.883263805255866, 4.908644561861353, 4.935672660292302, 4.964079535938703, 4.993116319816165, 5.022181277470498, 5.051383041632844, 5.081264931200563, 5.11198747257144, 5.142978637258405, 5.173279526941992, 5.202191086678408, 5.229699221959055, 5.256252072122714, 5.282190485427715]",75,0.7695249333454824,,0.782190626191781,0.782190626191781,5.282190485427715,,0.9032838685259587,,,,56.97299909591675,57.07713580131531,True,0.10639691352844238,0.002245187759399414,0.0,0.10639691352844238,Results/warm_start_cache/random_graphs_8to14vertices_78instances_20260625_143415_AdjacencyList__filehash_a79662a0/hog_idx000001_2d50d1faac03_seed42_L1_M1_amplified.npz,56.98365807533264,2026-08-29 15:56:22,x86_64,dacsgpu0002,,64,64,3.11.15,0.29,True,False,True,False,,False,False,True,False,adam,False,hamqaoa,0.005,standard,1,1,42,scs,1e-06,100000,False,False,False,hog,False,False,False,False,False,False,True,1,HOG_graphs/random_graphs_8to14vertices_78instances_20260625_143415_AdjacencyList.txt,True,Results/warm_start_cache,512,60,0,16,1,1,0,0,5,0,5,10,42,True,_Exp4_v2_standardZeroAngles,1,42,1,"[(2, 7), (1, 3), (3, 5), (0, 3), (4, 5), (3, 7), (1, 4), (0, 2), (3, 6)]","[1.0, 1.0, 1.0, 1.0, 1.0, 1.0, 1.0, 1.0, 1.0]"
bbca60a2,8,20,3,75.0,False,True,"[1, 1, 1]",9.309016994374973,12.697948987188312,12.697948987188312,,,,,7.527059245331095,7.527059245331097,7.527059245331097,7.527059245331097,"[7.527059245331097, 7.525204861791408, 7.5276646982341715, 7.528623733124907, 7.527437162729747, 7.52763142895679, 7.528750512178112, 7.529230401605117, 7.528955946969736, 7.528909376831801, 7.529461429942041, 7.5301243302018745, 7.530441202043126, 7.530482342385866, 7.5306155081930495, 7.531024010852107, 7.531575030019104, 7.532036513739337, 7.532324284105333, 7.532576033897205, 7.5329726053979895, 7.533555859642774, 7.534247291893721, 7.534965233186555, 7.535699906425566, 7.536502464375678, 7.537435747996387, 7.538540122572231, 7.539834268768564, 7.541337283376089, 7.543092734751701, 7.545182223556223, 7.547718960076187, 7.550833996249044, 7.554675741362889, 7.559429578495196, 7.565333527596905, 7.572672049421752, 7.581746373035468, 7.592829069847739, 7.60612320241361, 7.621739174735967, 7.6396839603297115, 7.659840339780567, 7.681925392199538, 7.705454083194647, 7.72976188139717, 7.754133818498063, 7.777988166623938, 7.8009849042829025, 7.8230640667107405, 7.844413388386387, 7.865245302720425, 7.885572792496128, 7.905436652878025, 7.925393063904241, 7.946008511119313, 7.967469185225414, 7.990066498926802, 8.013863377393351, 8.03828275470314, 8.062648802751669, 8.086324556485984, 8.108510048313965, 8.128732108083868, 8.147033771582509, 8.163744920071379, 8.179601624121428, 8.195627223923728, 8.212677954416925, 8.23125939899319, 8.251363981955912, 8.272429098909663, 8.29363875159006, 8.314224765514533, 8.333647616462308]",75,0.8085772375192102,,0.8065883711312107,0.8065883711312125,8.333647616462308,,0.895223160672922,,,,34.05084729194641,34.153141021728516,True,0.11406111717224121,0.011751413345336914,0.0,0.11406111717224121,Results/warm_start_cache/random_graphs_8to14vertices_78instances_20260625_143415_AdjacencyList__filehash_a79662a0/hog_idx000005_eaff65c51a14_seed42_L1_M1_amplified.npz,34.09322643280029,2026-08-29 15:56:25,x86_64,dacsgpu0002,,64,64,3.11.15,0.27,False,False,False,True,5,False,False,False,False,adam,False,hamqaoa,0.005,standard,1,1,42,scs,1e-06,100000,False,False,False,hog,False,False,False,False,False,False,True,1,HOG_graphs/random_graphs_8to14vertices_78instances_20260625_143415_AdjacencyList.txt,True,Results/warm_start_cache,512,60,0,16,1,1,0,0,5,0,5,10,42,True,_Exp4_v2_standardZeroAngles,1,42,5,"[(2, 6), (3, 5), (4, 6), (0, 5), (0, 2), (1, 7), (3, 4), (4, 5), (3, 7), (2, 5), (1, 3), (0, 1), (1, 6), (0, 7), (3, 6), (2, 4), (2, 7), (4, 7), (0, 6), (1, 5)]","[1.0, 1.0, 1.0, 1.0, 1.0, 1.0, 1.0, 1.0, 1.0, 1.0, 1.0, 1.0, 1.0, 1.0, 1.0, 1.0, 1.0, 1.0, 1.0, 1.0]"
f1d2316a,9,18,4,75.0,False,True,"[1, 1, 1]",8.611677215596796,11.454948838083787,11.454948838083787,,,,,6.467435595244823,6.467435595244825,6.467435595244822,6.467435595244822,"[6.467435595244822, 6.470454340133831, 6.469505906293333, 6.470971411609358, 6.471994403859184, 6.471779246165568, 6.471404549909289, 6.471628892841874, 6.472207845577944, 6.4724987462231525, 6.472295681566126, 6.472128385457514, 6.472424097743736, 6.472847210900611, 6.472917294861657, 6.47274643935259, 6.472818646515348, 6.473180134352465, 6.473399827890275, 6.473329536221854, 6.4733792098513385, 6.473702398812051, 6.473915934660776, 6.47393351996832, 6.474158059288922, 6.474591138584617, 6.474889068282084, 6.47522454576628, 6.475897665752513, 6.476666520539273, 6.477528783977936, 6.478862366769317, 6.48060265191097, 6.4827268997036205, 6.485626580706566, 6.48939673636766, 6.49407766023909, 6.499935140576134, 6.506924522086187, 6.514737300479643, 6.523150561904511, 6.531980121944046, 6.540796429714183, 6.549232242182183, 6.557492294202794, 6.566557613214814, 6.577795787153717, 6.592387791273879, 6.6110249064856275, 6.633955327498752, 6.661145093878206, 6.6922785731241685, 6.726716341183923, 6.763554135568813, 6.801748730707488, 6.840219995617508, 6.877838939994463, 6.913313483671633, 6.945166106663807, 6.971992298684008, 6.992957366251347, 7.0082223962020995, 7.0188809054789765, 7.026351760759451, 7.0317838988564, 7.035984656728132, 7.039726400087077, 7.0439494558255795, 7.049554560205723, 7.056975575923254, 7.065985929803935, 7.075864157563084, 7.085720558763915, 7.094775806006556, 7.102480313644746, 7.108516857493242]",75,0.7510076647475258,,0.6410812622484166,0.6410812622484183,7.108516857493242,,0.8254509173449804,,,,70.52620840072632,70.70044445991516,True,0.1786794662475586,0.00442814826965332,0.0,0.1786794662475586,Results/warm_start_cache/random_graphs_8to14vertices_78instances_20260625_143415_AdjacencyList__filehash_a79662a0/hog_idx000017_1cb58d6ed341_seed42_L1_M1_amplified.npz,70.55654978752136,2026-08-29 15:56:37,x86_64,dacsgpu0002,,64,64,3.11.15,0.49,False,False,False,False,,False,True,False,False,adam,False,hamqaoa,0.005,standard,1,1,42,scs,1e-06,100000,False,False,False,hog,False,False,False,False,False,False,True,1,HOG_graphs/random_graphs_8to14vertices_78instances_20260625_143415_AdjacencyList.txt,True,Results/warm_start_cache,512,60,0,16,1,1,0,0,5,0,5,10,42,True,_Exp4_v2_standardZeroAngles,1,42,17,"[(2, 7), (0, 1), (0, 4), (3, 8), (2, 6), (5, 7), (0, 7), (3, 5), (0, 3), (4, 6), (3, 6), (6, 8), (1, 5), (0, 5), (1, 4), (0, 2), (0, 8), (2, 4)]","[1.0, 1.0, 1.0, 1.0, 1.0, 1.0, 1.0, 1.0, 1.0, 1.0, 1.0, 1.0, 1.0, 1.0, 1.0, 1.0, 1.0, 1.0]"
8315067b,9,18,1,75.0,False,True,"[1, 1, 1]",9.080080501337052,12.307637621443975,12.307637621443975,,,,,7.0466117399637005,7.046611739963707,7.046611739963702,7.046611739963702,"[7.046611739963702, 7.047814562273885, 7.0481279703512945, 7.047866389448324, 7.04764014618519, 7.047682185807034, 7.04788132415077, 7.048075511524837, 7.048166765090769, 7.048142766118517, 7.04805787286076, 7.047985629541505, 7.047971194860246, 7.04801567292466, 7.0480902537391055, 7.048158394796651, 7.048193877857013, 7.048190798008717, 7.048163856282018, 7.048137838624629, 7.0481321501397, 7.048151402451645, 7.04818612070429, 7.048221139456099, 7.048244550970669, 7.048252775980819, 7.048250596671961, 7.048247151042477, 7.048250628902636, 7.048264671186017, 7.048287783825922, 7.048315405424145, 7.048343027210591, 7.048368497344952, 7.048393036470879, 7.0484203466081485, 7.048454599889644, 7.048498811050873, 7.048553979942729, 7.048620086522956, 7.048697673704858, 7.048789641959342, 7.048902172888705, 7.0490450700122755, 7.049231758067563, 7.049479312483397, 7.049809977116684, 7.050253359482566, 7.050849995510925, 7.051653519733261, 7.052732009808638, 7.0541658065506345, 7.056044119339967, 7.058459459194718, 7.061501721415537, 7.065252865449121, 7.069781500099331, 7.07513789581732, 7.081349079558003, 7.088413618879387, 7.0962957591747635, 7.1049199536785315, 7.114165309367065, 7.1238611683852096, 7.133784860530428, 7.143661690786129, 7.1531700557837885, 7.161953785872516, 7.16964745602931, 7.175917671699732, 7.180524905191802, 7.183394806766315, 7.184669738377557, 7.184703967935742, 7.18399330147606, 7.183060382394569]",75,0.7760516813618651,,0.13644864243086197,0.13644864243086818,7.183060382394569,,0.7910789316611074,,,,30.66885805130005,30.761804819107056,True,0.11328864097595215,0.020326852798461914,0.0,0.11328864097595215,Results/warm_start_cache/random_graphs_8to14vertices_78instances_20260625_143415_AdjacencyList__filehash_a79662a0/hog_idx000013_bb6afa900ad3_seed42_L1_M1_amplified.npz,30.696022033691406,2026-08-29 15:56:38,x86_64,dacsgpu0002,,64,64,3.11.15,0.3,False,False,False,False,,False,True,False,False,adam,False,hamqaoa,0.005,standard,1,1,42,scs,1e-06,100000,False,False,False,hog,False,False,False,False,False,False,True,1,HOG_graphs/random_graphs_8to14vertices_78instances_20260625_143415_AdjacencyList.txt,True,Results/warm_start_cache,512,60,0,16,1,1,0,0,5,0,5,10,42,True,_Exp4_v2_standardZeroAngles,1,42,13,"[(2, 7), (0, 1), (2, 3), (0, 4), (2, 6), (0, 7), (3, 5), (4, 6), (1, 2), (5, 6), (0, 6), (3, 4), (6, 8), (4, 5), (0, 5), (1, 4), (5, 8), (0, 8)]","[1.0, 1.0, 1.0, 1.0, 1.0, 1.0, 1.0, 1.0, 1.0, 1.0, 1.0, 1.0, 1.0, 1.0, 1.0, 1.0, 1.0, 1.0]"
980c0ad3,8,20,4,75.0,False,True,"[1, 1, 1]",9.309016994374973,12.697948987188312,12.697948987188312,,,,,7.527059245331095,7.527059245331097,7.527059245331097,7.527059245331097,"[7.527059245331097, 7.520737120911145, 7.527653231723231, 7.527839080620095, 7.525304930102571, 7.526432608555358, 7.528718540975825, 7.529337238769128, 7.5285237179555775, 7.5282786027627395, 7.529230831740061, 7.530415904676683, 7.53093773248983, 7.530841403266671, 7.530760622614139, 7.531136472200208, 7.53189245766556, 7.532646410859696, 7.533105865111769, 7.533359287388471, 7.5337224731688, 7.534407993681678, 7.53538750629456, 7.536482547824029, 7.5375530478427875, 7.53861323208867, 7.53981848981348, 7.5413668885332825, 7.543398290448683, 7.545952900321379, 7.549011118312579, 7.552593718286615, 7.556866478593173, 7.5621523000183455, 7.568817347658362, 7.577149817753568, 7.5873837994489834, 7.599823726706434, 7.614895038633099, 7.633036382446427, 7.654520402263572, 7.679342254724894, 7.707206135684504, 7.737544909969313, 7.769533330376616, 7.802106866544861, 7.834034241024245, 7.864141093222566, 7.891584094367747, 7.915901902709763, 7.936996227870067, 7.95535917988766, 7.97225448083238, 7.989266391159101, 8.007541235880261, 8.027441013312504, 8.048622325067901, 8.070265123020544, 8.09130288265142, 8.1106438610491, 8.12741696949433, 8.141230844198406, 8.152362915570086, 8.161759171376781, 8.170765229891279, 8.180665864090214, 8.192262755704759, 8.205673136775681, 8.22039044766218, 8.235547224337427, 8.25027115808435, 8.263984093216246, 8.276523441373037, 8.288074488516793, 8.29896003134692, 8.309384432443224]",75,0.8085772375192102,,0.7823251871121268,0.7823251871121286,8.309384432443224,,0.8926167432570181,,,,48.195860862731934,48.30844569206238,True,0.11406111717224121,0.0014603137969970703,0.0,0.11406111717224121,Results/warm_start_cache/random_graphs_8to14vertices_78instances_20260625_143415_AdjacencyList__filehash_a79662a0/hog_idx000005_eaff65c51a14_seed42_L1_M1_amplified.npz,48.205193758010864,2026-08-29 15:56:40,x86_64,dacsgpu0002,,64,64,3.11.15,0.28,False,False,False,True,5,False,False,False,False,adam,False,hamqaoa,0.005,standard,1,1,42,scs,1e-06,100000,False,False,False,hog,False,False,False,False,False,False,True,1,HOG_graphs/random_graphs_8to14vertices_78instances_20260625_143415_AdjacencyList.txt,True,Results/warm_start_cache,512,60,0,16,1,1,0,0,5,0,5,10,42,True,_Exp4_v2_standardZeroAngles,1,42,5,"[(2, 6), (3, 5), (4, 6), (0, 5), (0, 2), (1, 7), (3, 4), (4, 5), (3, 7), (2, 5), (1, 3), (0, 1), (1, 6), (0, 7), (3, 6), (2, 4), (2, 7), (4, 7), (0, 6), (1, 5)]","[1.0, 1.0, 1.0, 1.0, 1.0, 1.0, 1.0, 1.0, 1.0, 1.0, 1.0, 1.0, 1.0, 1.0, 1.0, 1.0, 1.0, 1.0, 1.0, 1.0]"
bc7292f4,9,18,5,75.0,False,True,"[1, 1, 1]",8.611677215596796,11.454948838083787,11.454948838083787,,,,,6.467435595244823,6.467435595244825,6.467435595244822,6.467435595244822,"[6.467435595244822, 6.4691002538737985, 6.469414023535096, 6.471636556203793, 6.471811528219791, 6.471092597375285, 6.471183210751099, 6.47197107777593, 6.472430586736368, 6.472103140439152, 6.47178638387087, 6.472171420576431, 6.472699621597752, 6.4726944568081946, 6.4724138015061445, 6.472504064940798, 6.47292843726241, 6.473105994603656, 6.472912472814297, 6.472896483917464, 6.473202466876702, 6.47333750855811, 6.473202281691655, 6.473266559622552, 6.4735671254022495, 6.473674417693609, 6.473667627823287, 6.4739379343753365, 6.474254172471424, 6.47438604474823, 6.474691369739799, 6.475184956746746, 6.475571937118599, 6.476126261070911, 6.476961303372419, 6.477827504389094, 6.478998675449841, 6.480558071537886, 6.48232660898451, 6.484587573533948, 6.487314461632065, 6.490498235476207, 6.494387420554843, 6.498827123267577, 6.503901734463657, 6.50962776592179, 6.515910315588982, 6.52289132585657, 6.530508491281299, 6.538786594669248, 6.54789218838169, 6.558196165007632, 6.570623255592241, 6.586405214731415, 6.606551532837844, 6.631521630914524, 6.661131225014774, 6.694601046692495, 6.7306015471001155, 6.767277066884875, 6.8023446479944045, 6.833424952584936, 6.85875625933341, 6.878004586387761, 6.892488556043909, 6.904494776566797, 6.916282139201432, 6.929397717868384, 6.944436492591945, 6.961179314880033, 6.978885395599313, 6.996588576750006, 7.013364107446924, 7.028547370408, 7.041857088922394, 7.053400552800681]",75,0.7510076647475258,,0.5859649575558556,0.5859649575558574,7.053400552800681,,0.8190507349748448,,,,86.19864130020142,86.37357807159424,True,0.1786794662475586,0.003710508346557617,0.0,0.1786794662475586,Results/warm_start_cache/random_graphs_8to14vertices_78instances_20260625_143415_AdjacencyList__filehash_a79662a0/hog_idx000017_1cb58d6ed341_seed42_L1_M1_amplified.npz,86.22277665138245,2026-08-29 15:56:52,x86_64,dacsgpu0002,,64,64,3.11.15,0.52,False,False,False,False,,False,True,False,False,adam,False,hamqaoa,0.005,standard,1,1,42,scs,1e-06,100000,False,False,False,hog,False,False,False,False,False,False,True,1,HOG_graphs/random_graphs_8to14vertices_78instances_20260625_143415_AdjacencyList.txt,True,Results/warm_start_cache,512,60,0,16,1,1,0,0,5,0,5,10,42,True,_Exp4_v2_standardZeroAngles,1,42,17,"[(2, 7), (0, 1), (0, 4), (3, 8), (2, 6), (5, 7), (0, 7), (3, 5), (0, 3), (4, 6), (3, 6), (6, 8), (1, 5), (0, 5), (1, 4), (0, 2), (0, 8), (2, 4)]","[1.0, 1.0, 1.0, 1.0, 1.0, 1.0, 1.0, 1.0, 1.0, 1.0, 1.0, 1.0, 1.0, 1.0, 1.0, 1.0, 1.0, 1.0]"
605e8051,9,18,2,75.0,False,True,"[1, 1, 1]",9.080080501337052,12.307637621443975,12.307637621443975,,,,,7.0466117399637005,7.046611739963707,7.046611739963702,7.046611739963702,"[7.046611739963702, 7.048128139057808, 7.047429107506085, 7.047403418983275, 7.047892081107303, 7.0481556031791355, 7.048042941897214, 7.047839798127327, 7.047805452167615, 7.047946004315638, 7.0481254299907565, 7.048218923257769, 7.048197118611663, 7.04813041007356, 7.048112427305546, 7.048174634682214, 7.0482798779506375, 7.048373392643402, 7.0484284486489175, 7.0484575203970765, 7.048495641436328, 7.048575934123952, 7.048717189398743, 7.0489278852933435, 7.049218989578384, 7.04961671010683, 7.050169818924056, 7.05095042885651, 7.052052171706893, 7.05359038208822, 7.055703754954388, 7.0585494088598315, 7.062291415733178, 7.067080790930474, 7.073032264545268, 7.080197536686316, 7.0885293864021675, 7.097836758654596, 7.107737586015077, 7.117623380306347, 7.126677238275116, 7.134036502291273, 7.139230899636785, 7.142639686222739, 7.145255475353389, 7.1480890867851565, 7.151792851195023, 7.156500777745468, 7.16191257797557, 7.167538307767154, 7.172958538511831, 7.1780045938998365, 7.1827907434158185, 7.1876250980639975, 7.192891371238488, 7.1989236802808625, 7.205913892760522, 7.213901021075827, 7.222824721994379, 7.232587669708378, 7.243104293421758, 7.254327239215467, 7.26625778083527, 7.278942884011277, 7.292466643095679, 7.306931923548803, 7.32243216853027, 7.339018114527006, 7.356672801018983, 7.375314448475085, 7.394821602451691, 7.415064243781388, 7.435920631428806, 7.457270950446443, 7.478977406059443, 7.500866550004867]",75,0.7760516813618651,,0.4542548100411601,0.4542548100411663,7.500866550004867,,0.8260793006075613,,,,39.507439613342285,39.61496543884277,True,0.11328864097595215,0.005747318267822266,0.0,0.11328864097595215,Results/warm_start_cache/random_graphs_8to14vertices_78instances_20260625_143415_AdjacencyList__filehash_a79662a0/hog_idx000013_bb6afa900ad3_seed42_L1_M1_amplified.npz,39.55283570289612,2026-08-29 15:56:53,x86_64,dacsgpu0002,,64,64,3.11.15,0.36,False,False,False,False,,False,True,False,False,adam,False,hamqaoa,0.005,standard,1,1,42,scs,1e-06,100000,False,False,False,hog,False,False,False,False,False,False,True,1,HOG_graphs/random_graphs_8to14vertices_78instances_20260625_143415_AdjacencyList.txt,True,Results/warm_start_cache,512,60,0,16,1,1,0,0,5,0,5,10,42,True,_Exp4_v2_standardZeroAngles,1,42,13,"[(2, 7), (0, 1), (2, 3), (0, 4), (2, 6), (0, 7), (3, 5), (4, 6), (1, 2), (5, 6), (0, 6), (3, 4), (6, 8), (4, 5), (0, 5), (1, 4), (5, 8), (0, 8)]","[1.0, 1.0, 1.0, 1.0, 1.0, 1.0, 1.0, 1.0, 1.0, 1.0, 1.0, 1.0, 1.0, 1.0, 1.0, 1.0, 1.0, 1.0]"
21c96635,9,18,3,75.0,False,True,"[1, 1, 1]",9.080080501337052,12.307637621443975,12.307637621443975,,,,,7.0466117399637005,7.046611739963707,7.046611739963702,7.046611739963702,"[7.046611739963702, 7.047631034077672, 7.047007486835673, 7.047822669460838, 7.048142667596205, 7.047821217343304, 7.047629907731613, 7.0478156081987855, 7.048113891697709, 7.048250281681663, 7.048189028903099, 7.0481106059297, 7.048172208245797, 7.0483555307634305, 7.048555868263537, 7.048713640297999, 7.048855928533691, 7.04906601782116, 7.049441307543799, 7.050083887126832, 7.051125970419405, 7.052762661970544, 7.055264684129501, 7.0589521004443005, 7.0641310510033355, 7.071000419301266, 7.079530513890568, 7.089335853825751, 7.099549427825453, 7.108750059764654, 7.115292952159207, 7.118780054273026, 7.120862022088401, 7.123612975182486, 7.127950257387254, 7.133458795277321, 7.139258387006025, 7.144805793890837, 7.150099173636393, 7.155445157732151, 7.16117162848211, 7.1674381885191885, 7.174193259641119, 7.181252091380149, 7.188402651004617, 7.195489047010064, 7.202455340521218, 7.2093520811409055, 7.21631086184945, 7.223497443506025, 7.2310530345596, 7.2390528428753225, 7.2475044221438125, 7.256387122168505, 7.265705360657654, 7.2755122451258405, 7.285895580946245, 7.296955271706536, 7.308785739388764, 7.321455504145751, 7.334988456304796, 7.3493570363327025, 7.364487390032435, 7.380272606742797, 7.396584753283163, 7.413279715845892, 7.430195699453805, 7.447153898232929, 7.463973166804357, 7.480497113953328, 7.496622943887145, 7.512311575890275, 7.527575419595073, 7.542456026919133, 7.557015041886243, 7.5713385909107345]",75,0.7760516813618651,,0.5247268509470278,0.524726850947034,7.5713385909107345,,0.8338404697839238,,,,47.44182753562927,47.548853158950806,True,0.11328864097595215,0.00624847412109375,0.0,0.11328864097595215,Results/warm_start_cache/random_graphs_8to14vertices_78instances_20260625_143415_AdjacencyList__filehash_a79662a0/hog_idx000013_bb6afa900ad3_seed42_L1_M1_amplified.npz,47.47514843940735,2026-08-29 15:57:02,x86_64,dacsgpu0002,,64,64,3.11.15,0.43,False,False,False,False,,False,True,False,False,adam,False,hamqaoa,0.005,standard,1,1,42,scs,1e-06,100000,False,False,False,hog,False,False,False,False,False,False,True,1,HOG_graphs/random_graphs_8to14vertices_78instances_20260625_143415_AdjacencyList.txt,True,Results/warm_start_cache,512,60,0,16,1,1,0,0,5,0,5,10,42,True,_Exp4_v2_standardZeroAngles,1,42,13,"[(2, 7), (0, 1), (2, 3), (0, 4), (2, 6), (0, 7), (3, 5), (4, 6), (1, 2), (5, 6), (0, 6), (3, 4), (6, 8), (4, 5), (0, 5), (1, 4), (5, 8), (0, 8)]","[1.0, 1.0, 1.0, 1.0, 1.0, 1.0, 1.0, 1.0, 1.0, 1.0, 1.0, 1.0, 1.0, 1.0, 1.0, 1.0, 1.0, 1.0]"
c2bc1c2b,8,20,5,75.0,False,True,"[1, 1, 1]",9.309016994374973,12.697948987188312,12.697948987188312,,,,,7.527059245331095,7.527059245331097,7.527059245331097,7.527059245331097,"[7.527059245331097, 7.514523612468544, 7.527496685153479, 7.52657107648138, 7.522273944729182, 7.5243521783373986, 7.52824579198082, 7.529565434201907, 7.528341046246612, 7.527488429091732, 7.528522706461119, 7.5303982373062, 7.531607930482438, 7.531729200753515, 7.531420484560738, 7.531524310501377, 7.532366063393746, 7.533695350393191, 7.535031882142303, 7.536147026945972, 7.5371593792454, 7.5383853756873815, 7.540121599058919, 7.542466973604304, 7.545347219709294, 7.548684737343763, 7.5525585748642285, 7.557250450920972, 7.56316860472907, 7.570718503769704, 7.580210835125304, 7.591880457711479, 7.605998893544266, 7.6229700292314835, 7.643277166547035, 7.667317533740335, 7.695284575852497, 7.72714888493679, 7.762645383077519, 7.801205674076211, 7.841829757085699, 7.882924097710243, 7.922266353854901, 7.957305000993535, 7.985813812210393, 8.006705218219688, 8.020682731242397, 8.030209715841135, 8.038562925732892, 8.048625884961593, 8.062195695378788, 8.079672424310578, 8.10001765694544, 8.121241839328366, 8.141176822924521, 8.158136447637643, 8.171375687899353, 8.181235454902579, 8.1888292046445, 8.195526413704162, 8.202554437693093, 8.210724480041469, 8.220296168607035, 8.231037547323943, 8.242416882103726, 8.25383426607243, 8.264845330497582, 8.27532252595443, 8.285478151759982, 8.295737266910653, 8.306533569100097, 8.318120948078782, 8.330463867655283, 8.343249654707567, 8.356009505053612, 8.368285692303104]",75,0.8085772375192102,,0.8412264469720068,0.8412264469720085,8.368285692303104,,0.8989440772704238,,,,60.62513875961304,60.69850158691406,True,0.11406111717224121,0.04068255424499512,0.0,0.11406111717224121,Results/warm_start_cache/random_graphs_8to14vertices_78instances_20260625_143415_AdjacencyList__filehash_a79662a0/hog_idx000005_eaff65c51a14_seed42_L1_M1_amplified.npz,60.674633502960205,2026-08-29 15:57:03,x86_64,dacsgpu0002,,64,64,3.11.15,0.29,False,False,False,True,5,False,False,False,False,adam,False,hamqaoa,0.005,standard,1,1,42,scs,1e-06,100000,False,False,False,hog,False,False,False,False,False,False,True,1,HOG_graphs/random_graphs_8to14vertices_78instances_20260625_143415_AdjacencyList.txt,True,Results/warm_start_cache,512,60,0,16,1,1,0,0,5,0,5,10,42,True,_Exp4_v2_standardZeroAngles,1,42,5,"[(2, 6), (3, 5), (4, 6), (0, 5), (0, 2), (1, 7), (3, 4), (4, 5), (3, 7), (2, 5), (1, 3), (0, 1), (1, 6), (0, 7), (3, 6), (2, 4), (2, 7), (4, 7), (0, 6), (1, 5)]","[1.0, 1.0, 1.0, 1.0, 1.0, 1.0, 1.0, 1.0, 1.0, 1.0, 1.0, 1.0, 1.0, 1.0, 1.0, 1.0, 1.0, 1.0, 1.0, 1.0]"
d7f427a2,9,18,4,75.0,False,True,"[1, 1, 1]",9.080080501337052,12.307637621443975,12.307637621443975,,,,,7.0466117399637005,7.046611739963707,7.046611739963702,7.046611739963702,"[7.046611739963702, 7.046402565991612, 7.04700849794731, 7.048127213145143, 7.047762641994338, 7.0473304014319424, 7.047576682468944, 7.048058339004944, 7.048283314424426, 7.048196107883869, 7.048106813235466, 7.048259804233999, 7.048608916691808, 7.049006210006429, 7.049407644765508, 7.049919978125224, 7.050764987310485, 7.052250866547763, 7.0547755311871425, 7.0588065915560625, 7.064754060108473, 7.072724436261707, 7.0822262698539244, 7.092039694756273, 7.100820159155874, 7.1075272417094215, 7.112581395023121, 7.117522552501868, 7.122892461695988, 7.128541868050738, 7.134729139032166, 7.141829704240025, 7.150002718623296, 7.159288630964153, 7.169571912376079, 7.180566878396151, 7.191933404134801, 7.203451313030236, 7.215170229463673, 7.2274380859951854, 7.240743268898298, 7.255468238652716, 7.271728553143734, 7.289359149240563, 7.308028060541719, 7.327433916680133, 7.347448520377897, 7.368083456776139, 7.389399110637584, 7.411444765662137, 7.43420854343334, 7.457583465248091, 7.481379659730156, 7.505396005542602, 7.529509403819687, 7.553668715546696, 7.577776064936169, 7.601624268395676, 7.624965556265653, 7.647622852105219, 7.6695207971615975, 7.69058241610034, 7.710624390918574, 7.729372652289864, 7.746564478054872, 7.762041208927589, 7.77573217976274, 7.7875616909725585, 7.797415778484635, 7.805212445818229, 7.811008967790841, 7.8150414142584355, 7.817657351179975, 7.819238736524026, 7.820182794037216, 7.820877739263389]",75,0.7760516813618651,,0.7742659992996819,0.7742659992996881,7.820877739263389,,0.8613225111948903,,,,59.308584451675415,59.4177451133728,True,0.11328864097595215,0.004107952117919922,0.0,0.11328864097595215,Results/warm_start_cache/random_graphs_8to14vertices_78instances_20260625_143415_AdjacencyList__filehash_a79662a0/hog_idx000013_bb6afa900ad3_seed42_L1_M1_amplified.npz,59.362202644348145,2026-08-29 15:57:13,x86_64,dacsgpu0002,,64,64,3.11.15,0.49,False,False,False,False,,False,True,False,False,adam,False,hamqaoa,0.005,standard,1,1,42,scs,1e-06,100000,False,False,False,hog,False,False,False,False,False,False,True,1,HOG_graphs/random_graphs_8to14vertices_78instances_20260625_143415_AdjacencyList.txt,True,Results/warm_start_cache,512,60,0,16,1,1,0,0,5,0,5,10,42,True,_Exp4_v2_standardZeroAngles,1,42,13,"[(2, 7), (0, 1), (2, 3), (0, 4), (2, 6), (0, 7), (3, 5), (4, 6), (1, 2), (5, 6), (0, 6), (3, 4), (6, 8), (4, 5), (0, 5), (1, 4), (5, 8), (0, 8)]","[1.0, 1.0, 1.0, 1.0, 1.0, 1.0, 1.0, 1.0, 1.0, 1.0, 1.0, 1.0, 1.0, 1.0, 1.0, 1.0, 1.0, 1.0]"
b804868b,10,21,1,75.0,False,True,"[1, 1, 1]",10.728389772882371,15.154821324323137,15.154821324323137,,,,,8.524195333558318,8.524195333558314,8.524195333558323,8.524195333558323,"[8.524195333558323, 8.524742417392872, 8.52470239920508, 8.52504710192808, 8.525148404792668, 8.524958529175537, 8.524947604349045, 8.525164782854377, 8.525357624901424, 8.525374756036644, 8.525307711284103, 8.525314930494687, 8.525396568213962, 8.525458498457226, 8.525478849084921, 8.52551860889943, 8.525606186910192, 8.525692912689673, 8.525725777337508, 8.525725395803569, 8.525755570873969, 8.525829389165358, 8.525903428976955, 8.52595126123759, 8.525995482439427, 8.526059472204151, 8.526126576354347, 8.526173781603722, 8.526215263554382, 8.526279130303534, 8.526360791356833, 8.526435776326332, 8.526502523140396, 8.526578930098342, 8.526665400131344, 8.52674666347553, 8.526824148627451, 8.526913700823979, 8.527014904348391, 8.527115009190107, 8.527215568545236, 8.52732677515604, 8.527445552642455, 8.527564688844027, 8.527690471723208, 8.527830243229031, 8.527979053410476, 8.528134701175066, 8.528303928910363, 8.528488126954876, 8.528682920485124, 8.528891183169849, 8.529118198441441, 8.529362651207814, 8.529625188363308, 8.529911921504295, 8.530224993477198, 8.530564748394854, 8.530936880173735, 8.531346918980312, 8.531797725610865, 8.532296384217661, 8.532851685905877, 8.533470473806993, 8.534161820160975, 8.534938031094624, 8.535810814871528, 8.536793596709337, 8.53790316007097, 8.539156566886112, 8.540571422152404, 8.542167163410422, 8.543963173289027, 8.545977156838724, 8.548225204007883, 8.550719929157273]",75,0.7945456414255667,,0.02652459559895881,0.02652459559895526,8.550719929157273,,0.7970180157669617,,,,112.97153663635254,113.10263538360596,True,0.13713550567626953,0.006021261215209961,0.0,0.13713550567626953,Results/warm_start_cache/random_graphs_8to14vertices_78instances_20260625_143415_AdjacencyList__filehash_a79662a0/hog_idx000029_6ab61980f5b9_seed42_L1_M1_amplified.npz,112.99042701721191,2026-08-29 15:57:19,x86_64,dacsgpu0002,,64,64,3.11.15,0.52,False,False,False,False,,False,False,False,False,adam,False,hamqaoa,0.005,standard,1,1,42,scs,1e-06,100000,False,False,False,hog,False,False,False,False,False,False,True,1,HOG_graphs/random_graphs_8to14vertices_78instances_20260625_143415_AdjacencyList.txt,True,Results/warm_start_cache,512,60,0,16,1,1,0,0,5,0,5,10,42,True,_Exp4_v2_standardZeroAngles,1,42,29,"[(4, 6), (4, 9), (7, 8), (0, 5), (1, 4), (0, 2), (5, 7), (3, 7), (2, 5), (4, 8), (0, 1), (0, 4), (6, 8), (5, 6), (2, 4), (3, 9), (4, 7), (0, 3), (0, 6), (1, 5), (0, 9)]","[1.0, 1.0, 1.0, 1.0, 1.0, 1.0, 1.0, 1.0, 1.0, 1.0, 1.0, 1.0, 1.0, 1.0, 1.0, 1.0, 1.0, 1.0, 1.0, 1.0, 1.0]"
8b98b317,10,21,2,75.0,False,True,"[1, 1, 1]",10.728389772882371,15.154821324323137,15.154821324323137,,,,,8.524195333558318,8.524195333558314,8.524195333558323,8.524195333558323,"[8.524195333558323, 8.521648557820004, 8.52443176674696, 8.524962046769263, 8.523638385888999, 8.523948871795618, 8.524987220896833, 8.525164790051894, 8.524715169480892, 8.524720443380389, 8.525206867436422, 8.52546750609245, 8.525269768823419, 8.525132122511986, 8.525409188944284, 8.525837224493934, 8.526018597030179, 8.52595878129797, 8.52601197830734, 8.52634106550758, 8.526747403483718, 8.527028677462917, 8.527261896211877, 8.527652503744113, 8.52823011354375, 8.528867006129005, 8.529523868653637, 8.530320332135434, 8.531363919171843, 8.532633735869167, 8.534068377157215, 8.535695588002755, 8.537622611691049, 8.539930971082155, 8.542635373375294, 8.545736974623722, 8.549272840345294, 8.55330539920704, 8.557886036898493, 8.563047690690844, 8.56881410362791, 8.575199804409916, 8.582194094315549, 8.58974422402212, 8.597753560668222, 8.606090315501964, 8.614597075042218, 8.623096935171292, 8.631392392630502, 8.639263138843368, 8.64646994782498, 8.652769872253053, 8.657947007170916, 8.661857647030512, 8.664481423703627, 8.665963906135268, 8.666623943308744, 8.666902560064912, 8.667253596006368, 8.6680201278431, 8.669353331834019, 8.671206637384358, 8.673396143631994, 8.67568364651608, 8.67784584976883, 8.679712621662985, 8.681180576305845, 8.682216830598131, 8.682855834527306, 8.683184396704082, 8.68331341377811, 8.683349213514298, 8.683377420404053, 8.683459294676995, 8.683631424504407, 8.683905789147746]",75,0.7945456414255667,,0.15971045558943153,0.15971045558942798,8.683905789147746,,0.8094323540609637,,,,126.15885329246521,126.28943204879761,True,0.13713550567626953,0.00654149055480957,0.0,0.13713550567626953,Results/warm_start_cache/random_graphs_8to14vertices_78instances_20260625_143415_AdjacencyList__filehash_a79662a0/hog_idx000029_6ab61980f5b9_seed42_L1_M1_amplified.npz,126.20443296432495,2026-08-29 15:57:33,x86_64,dacsgpu0002,,64,64,3.11.15,0.76,False,False,False,False,,False,False,False,False,adam,False,hamqaoa,0.005,standard,1,1,42,scs,1e-06,100000,False,False,False,hog,False,False,False,False,False,False,True,1,HOG_graphs/random_graphs_8to14vertices_78instances_20260625_143415_AdjacencyList.txt,True,Results/warm_start_cache,512,60,0,16,1,1,0,0,5,0,5,10,42,True,_Exp4_v2_standardZeroAngles,1,42,29,"[(4, 6), (4, 9), (7, 8), (0, 5), (1, 4), (0, 2), (5, 7), (3, 7), (2, 5), (4, 8), (0, 1), (0, 4), (6, 8), (5, 6), (2, 4), (3, 9), (4, 7), (0, 3), (0, 6), (1, 5), (0, 9)]","[1.0, 1.0, 1.0, 1.0, 1.0, 1.0, 1.0, 1.0, 1.0, 1.0, 1.0, 1.0, 1.0, 1.0, 1.0, 1.0, 1.0, 1.0, 1.0, 1.0, 1.0]"
f9af8829,10,21,3,75.0,False,True,"[1, 1, 1]",10.728389772882371,15.154821324323137,15.154821324323137,,,,,8.524195333558318,8.524195333558314,8.524195333558323,8.524195333558323,"[8.524195333558323, 8.514900289198126, 8.524065288234699, 8.523534959522243, 8.52004742884118, 8.521834971323228, 8.524705637553245, 8.524797428774907, 8.523177185081696, 8.522929298800136, 8.52431181156412, 8.525453327825021, 8.52518823089679, 8.524332605185203, 8.5242987858071, 8.525199028629315, 8.52605851331903, 8.526150532895306, 8.525787864144014, 8.525810107196072, 8.526483496397404, 8.527314901783049, 8.527786475683735, 8.52797784004148, 8.52839826877674, 8.529324352928093, 8.530556734737448, 8.531798712190689, 8.533058656394783, 8.53461058849539, 8.536650812172539, 8.539126996904587, 8.541900119108146, 8.544982939106253, 8.54857026311094, 8.55287208660821, 8.557985473929097, 8.563927408260813, 8.570730811822875, 8.578479509034427, 8.587263394444491, 8.597118354650224, 8.607996867831359, 8.619776651861248, 8.632286065565024, 8.645333386551172, 8.658732033555967, 8.672314940318145, 8.685942515756329, 8.6995186735222, 8.713020822951908, 8.726528381949475, 8.740240224955075, 8.754478462018481, 8.769663199030177, 8.786237229595825, 8.804560151536316, 8.824826639680508, 8.847052617799209, 8.871115099994212, 8.896809676712284, 8.923894751209499, 8.952122599828975, 8.981259399985458, 9.011094478976323, 9.0414320018161, 9.07205529110827, 9.10266586864183, 9.132817450059756, 9.161874173425764, 9.189013202089923, 9.213275007141586, 9.23365824970348, 9.249263447248179, 9.259496014316744, 9.264312831660686]",75,0.7945456414255667,,0.7401174981023715,0.7401174981023679,9.264312831660686,,0.8635324617938135,,,,134.58969116210938,134.722576379776,True,0.13713550567626953,0.004238128662109375,0.0,0.13713550567626953,Results/warm_start_cache/random_graphs_8to14vertices_78instances_20260625_143415_AdjacencyList__filehash_a79662a0/hog_idx000029_6ab61980f5b9_seed42_L1_M1_amplified.npz,134.61927151679993,2026-08-29 15:57:41,x86_64,dacsgpu0002,,64,64,3.11.15,1.0,False,False,False,False,,False,False,False,False,adam,False,hamqaoa,0.005,standard,1,1,42,scs,1e-06,100000,False,False,False,hog,False,False,False,False,False,False,True,1,HOG_graphs/random_graphs_8to14vertices_78instances_20260625_143415_AdjacencyList.txt,True,Results/warm_start_cache,512,60,0,16,1,1,0,0,5,0,5,10,42,True,_Exp4_v2_standardZeroAngles,1,42,29,"[(4, 6), (4, 9), (7, 8), (0, 5), (1, 4), (0, 2), (5, 7), (3, 7), (2, 5), (4, 8), (0, 1), (0, 4), (6, 8), (5, 6), (2, 4), (3, 9), (4, 7), (0, 3), (0, 6), (1, 5), (0, 9)]","[1.0, 1.0, 1.0, 1.0, 1.0, 1.0, 1.0, 1.0, 1.0, 1.0, 1.0, 1.0, 1.0, 1.0, 1.0, 1.0, 1.0, 1.0, 1.0, 1.0, 1.0]"
40f07049,10,21,4,75.0,False,True,"[1, 1, 1]",10.728389772882371,15.154821324323137,15.154821324323137,,,,,8.524195333558318,8.524195333558314,8.524195333558323,8.524195333558323,"[8.524195333558323, 8.504494957015984, 8.5234206799229, 8.52115162708724, 8.514279248683707, 8.518102734623927, 8.52403786857039, 8.52456809053623, 8.521160839552909, 8.51988967776961, 8.522216865941203, 8.52498561272105, 8.525337118654347, 8.523679830344935, 8.522638791665644, 8.523557372417965, 8.52536005942337, 8.526290722943235, 8.525846698518485, 8.525124449717493, 8.52536573107571, 8.526570283358016, 8.527765126735787, 8.528226740449027, 8.528231402861781, 8.528627473524745, 8.529834481906963, 8.531510125482482, 8.533100455579262, 8.534490856065796, 8.536070188728608, 8.538236289667038, 8.540991178679656, 8.544063614877194, 8.547314469876913, 8.550949770067747, 8.555353027956482, 8.560779465614258, 8.567263422927565, 8.574773971647545, 8.5833898178335, 8.593308330118354, 8.60472546380488, 8.61774806757321, 8.632426693686263, 8.648805132110484, 8.666867099411292, 8.686467742240861, 8.70736201598953, 8.729283065606717, 8.75201377611979, 8.775454538804388, 8.799703608863439, 8.825139752222013, 8.852471272912332, 8.882655099741742, 8.916600642078812, 8.954775027173234, 8.99695035285045, 9.042218465291034, 9.08917153844359, 9.136024373295616, 9.180590210997304, 9.220259874149399, 9.252136915298193, 9.273426591156946, 9.28231170522354, 9.279386674481602, 9.268296420313636, 9.254442484828393, 9.242919393008817, 9.236864737318347, 9.236978260085445, 9.242061434132824, 9.25003214645954, 9.258910412955057]",75,0.7945456414255667,,0.734715079396743,0.7347150793967394,9.258910412955057,,0.8630288989274377,,,,141.17900395393372,141.31433629989624,True,0.13713550567626953,0.0017864704132080078,0.0,0.13713550567626953,Results/warm_start_cache/random_graphs_8to14vertices_78instances_20260625_143415_AdjacencyList__filehash_a79662a0/hog_idx000029_6ab61980f5b9_seed42_L1_M1_amplified.npz,141.19879984855652,2026-08-29 15:57:48,x86_64,dacsgpu0002,,64,64,3.11.15,1.23,False,False,False,False,,False,False,False,False,adam,False,hamqaoa,0.005,standard,1,1,42,scs,1e-06,100000,False,False,False,hog,False,False,False,False,False,False,True,1,HOG_graphs/random_graphs_8to14vertices_78instances_20260625_143415_AdjacencyList.txt,True,Results/warm_start_cache,512,60,0,16,1,1,0,0,5,0,5,10,42,True,_Exp4_v2_standardZeroAngles,1,42,29,"[(4, 6), (4, 9), (7, 8), (0, 5), (1, 4), (0, 2), (5, 7), (3, 7), (2, 5), (4, 8), (0, 1), (0, 4), (6, 8), (5, 6), (2, 4), (3, 9), (4, 7), (0, 3), (0, 6), (1, 5), (0, 9)]","[1.0, 1.0, 1.0, 1.0, 1.0, 1.0, 1.0, 1.0, 1.0, 1.0, 1.0, 1.0, 1.0, 1.0, 1.0, 1.0, 1.0, 1.0, 1.0, 1.0, 1.0]"
a1cab0f7,10,21,5,75.0,False,True,"[1, 1, 1]",10.728389772882371,15.154821324323137,15.154821324323137,,,,,8.524195333558318,8.524195333558314,8.524195333558323,8.524195333558323,"[8.524195333558323, 8.49044095719106, 8.522509917567021, 8.517976105406094, 8.506397058302618, 8.512673638875597, 8.52284940126872, 8.524456180154797, 8.518870528263513, 8.51581754656216, 8.51889933122478, 8.523790761916121, 8.525444350950883, 8.523237174647779, 8.52076793682058, 8.521098823022312, 8.52366686017365, 8.525814971948687, 8.525824380581039, 8.524434753925288, 8.52370078798545, 8.524622539375196, 8.526351612336798, 8.527426989500578, 8.527343623531909, 8.526928030273252, 8.527285344387725, 8.528630457463969, 8.530281900214929, 8.531559381898987, 8.532500498221111, 8.53371048630097, 8.535630154774141, 8.538132541875287, 8.54084096494015, 8.543651006891954, 8.546829885456303, 8.550714329514074, 8.555482689843414, 8.5611697883615, 8.567832112400717, 8.57562749763453, 8.584756695358916, 8.595418081034847, 8.607865566049242, 8.622450529908912, 8.639490882711716, 8.659147398881695, 8.681463258519232, 8.706431610892563, 8.734138170049734, 8.764775069081207, 8.79866574131155, 8.83641543262712, 8.878977149718587, 8.927317018729319, 8.98161225707559, 9.040575948939043, 9.101417937692498, 9.160225909825154, 9.212508855648192, 9.2539066532814, 9.281307988086382, 9.294448096405405, 9.29571740925736, 9.288988416217284, 9.279082159005721, 9.270051004434002, 9.263656781664713, 9.259966107180325, 9.259082117386837, 9.26198105634475, 9.26980082265487, 9.282499379919203, 9.298310858665909, 9.314390541693017]",75,0.7945456414255667,,0.790195208134703,0.7901952081346995,9.314390541693017,,0.8682002368367104,,,,148.31554293632507,148.45107913017273,True,0.13713550567626953,0.0015876293182373047,0.0,0.13713550567626953,Results/warm_start_cache/random_graphs_8to14vertices_78instances_20260625_143415_AdjacencyList__filehash_a79662a0/hog_idx000029_6ab61980f5b9_seed42_L1_M1_amplified.npz,148.33544898033142,2026-08-29 15:57:56,x86_64,dacsgpu0002,,64,64,3.11.15,1.47,False,False,False,False,,False,False,False,False,adam,False,hamqaoa,0.005,standard,1,1,42,scs,1e-06,100000,False,False,False,hog,False,False,False,False,False,False,True,1,HOG_graphs/random_graphs_8to14vertices_78instances_20260625_143415_AdjacencyList.txt,True,Results/warm_start_cache,512,60,0,16,1,1,0,0,5,0,5,10,42,True,_Exp4_v2_standardZeroAngles,1,42,29,"[(4, 6), (4, 9), (7, 8), (0, 5), (1, 4), (0, 2), (5, 7), (3, 7), (2, 5), (4, 8), (0, 1), (0, 4), (6, 8), (5, 6), (2, 4), (3, 9), (4, 7), (0, 3), (0, 6), (1, 5), (0, 9)]","[1.0, 1.0, 1.0, 1.0, 1.0, 1.0, 1.0, 1.0, 1.0, 1.0, 1.0, 1.0, 1.0, 1.0, 1.0, 1.0, 1.0, 1.0, 1.0, 1.0, 1.0]"
f4077030,8,12,1,75.0,False,True,"[1, 1, 1]",6.52322519319384,9.081275628950586,9.081275628950586,,,,,4.76518324096057,4.765183240960569,4.765183240960571,4.765183240960571,"[4.765183240960571, 4.767724988716908, 4.770241919342659, 4.772767492752669, 4.77525399809403, 4.777687282557873, 4.780066622338501, 4.782397822582598, 4.784690129354794, 4.786954767565218, 4.789203677119567, 4.791449079808433, 4.793703227845697, 4.795978467707112, 4.7982873095697265, 4.800642427470161, 4.80305650356016, 4.805541904865668, 4.808110535039454, 4.810773432754621, 4.813540636613538, 4.816420880290581, 4.819421446516692, 4.822547997015763, 4.825804439758681, 4.829192677656639, 4.832712535555172, 4.836361557988205, 4.840134824675159, 4.844024810365897, 4.848021254964285, 4.852110940318364, 4.856277792729273, 4.860502727170854, 4.864763814135643, 4.869036561464872, 4.873294069930578, 4.8775077573908145, 4.881647793289545, 4.885684042625846, 4.889587080038421, 4.8933292484163005, 4.896885800014552, 4.900236239305844, 4.903365543883586, 4.906265126143091, 4.908933852581223, 4.911378473220773, 4.913613581059337, 4.915660958870878, 4.917548077809976, 4.919306069373749, 4.920967272029951, 4.922562386873133, 4.924118269937384, 4.925655918683034, 4.927189218384824, 4.928724501630191, 4.930261020495776, 4.931791913608531, 4.933305611419355, 4.934787657844281, 4.936222569153093, 4.937595586098912, 4.93889422206543, 4.940109400703919, 4.941236226051306, 4.942274292885795, 4.943227528503144, 4.944103626779777, 4.944913138341264, 4.9456681456591225, 4.946381085763634, 4.947063382593262, 4.947724541255229, 4.948371358273342]",75,0.7304949775354123,,0.18318811731277318,0.1831881173127723,4.948371358273342,,0.7585774232409364,,,,10.435152292251587,10.555905818939209,True,0.12167501449584961,0.0009069442749023438,0.0,0.12167501449584961,Results/warm_start_cache/random_graphs_8to14vertices_78instances_20260625_143415_AdjacencyList__filehash_a79662a0/hog_idx000006_a3b6a38d8f9e_seed42_L1_M1_amplified.npz,10.442283868789673,2026-08-29 16:02:42,x86_64,dacsgpu0002,,64,64,3.11.15,0.24,False,False,False,False,,False,True,True,False,adam,False,hamqaoa,0.005,standard,1,1,42,scs,1e-06,100000,False,False,False,hog,False,False,False,False,False,False,True,1,HOG_graphs/random_graphs_8to14vertices_78instances_20260625_143415_AdjacencyList.txt,True,Results/warm_start_cache,512,60,0,16,1,1,0,0,5,0,5,10,42,True,_Exp4_v2_standardZeroAngles,1,42,6,"[(2, 7), (0, 1), (2, 3), (2, 6), (0, 7), (3, 5), (0, 3), (5, 6), (3, 4), (4, 5), (0, 2), (2, 4)]","[1.0, 1.0, 1.0, 1.0, 1.0, 1.0, 1.0, 1.0, 1.0, 1.0, 1.0, 1.0]"
d0111023,8,12,1,75.0,False,True,"[1, 1, 1]",7.820089374374799,11.999987888256452,11.999987888256452,,,,,5.999997983643309,5.999997983643307,5.999997983643307,5.999997983643307,"[5.999997983643307, 5.998247583539982, 5.999883264271609, 5.999636037833995, 5.999005646002922, 5.999228608048393, 5.9997583877525065, 5.999997891822037, 5.999826101644134, 5.999564158469773, 5.9995322046587924, 5.999723436746697, 5.99993385912554, 5.999995369073622, 5.999900572306602, 5.999779346486208, 5.999756845912282, 5.999842690561506, 5.999952255553964, 5.99999800341358, 5.999960780492934, 5.9998947409998875, 5.999868734367225, 5.999903479034333, 5.999963179655381, 5.999996980150091, 5.999984447326494, 5.999948519545204, 5.999928702516642, 5.999942995937927, 5.999975612002181, 5.999996809699402, 5.999991769036484, 5.999971841384314, 5.999960076403807, 5.999967966815941, 5.999986398240622, 5.999997637573781, 5.999993565758502, 5.999982034392984, 5.9999767980942735, 5.9999830647275605, 5.999993609189131, 5.999997990876066, 5.999993627791244, 5.9999872572488595, 5.999986544705462, 5.999991894763059, 5.999997203541763, 5.9999973467914245, 5.9999935456758475, 5.999991044611739, 5.999992790020298, 5.999996487421884, 5.9999979903555944, 5.999996277467436, 5.999994143147684, 5.999994394259998, 5.99999656543146, 5.999997980779655, 5.999997283772919, 5.999995851118548, 5.999995704884321, 5.9999969508274305, 5.999997959607581, 5.999997639065546, 5.999996724820076, 5.999996582389099, 5.999997357005633, 5.999997981203403, 5.999997756644555, 5.999997190399577, 5.999997157269373, 5.999997672845232, 5.999998003884633, 5.999997788205431]",75,0.7672544003530644,,0.0,-1.7763568394002505e-15,5.999997983643307,,0.7672544003530644,,,,11.419848203659058,11.521607637405396,True,0.10312795639038086,0.0013537406921386719,0.0,0.10312795639038086,Results/warm_start_cache/random_graphs_8to14vertices_78instances_20260625_143415_AdjacencyList__filehash_a79662a0/hog_idx000003_cf7691ce0da7_seed42_L1_M1_amplified.npz,11.431752920150757,2026-08-29 16:02:43,x86_64,dacsgpu0002,,64,64,3.11.15,0.24,True,True,True,True,3,False,True,True,False,adam,False,hamqaoa,0.005,standard,1,1,42,scs,1e-06,100000,False,False,False,hog,False,False,False,False,False,False,True,1,HOG_graphs/random_graphs_8to14vertices_78instances_20260625_143415_AdjacencyList.txt,True,Results/warm_start_cache,512,60,0,16,1,1,0,0,5,0,5,10,42,True,_Exp4_v2_standardZeroAngles,1,42,3,"[(1, 3), (2, 3), (1, 6), (0, 4), (2, 6), (5, 7), (0, 7), (3, 5), (0, 6), (4, 5), (2, 4), (1, 7)]","[1.0, 1.0, 1.0, 1.0, 1.0, 1.0, 1.0, 1.0, 1.0, 1.0, 1.0, 1.0]"
44e60953,8,12,2,75.0,False,True,"[1, 1, 1]",7.820089374374799,11.999987888256452,11.999987888256452,,,,,5.999997983643309,5.999997983643307,5.999997983643307,5.999997983643307,"[5.999997983643307, 5.9929160769831356, 5.999535952783777, 5.9985564248503085, 5.996029327555618, 5.996884058549493, 5.998985639770366, 5.999993672436845, 5.999401550269152, 5.998372259878644, 5.998147170879226, 5.998804001677895, 5.999637754112457, 5.99999733679585, 5.999755171951458, 5.999290933865068, 5.999078079114948, 5.999271705203152, 5.9996690549338645, 5.999957071801378, 5.999967620879154, 5.999771537233252, 5.999581389421067, 5.999561519238347, 5.999711502861085, 5.999901594532679, 5.999996143446002, 5.99995465736685, 5.999845214271083, 5.999774367787243, 5.9997987078099175, 5.999890747557576, 5.9999754731807675, 5.999996194610467, 5.9999546866974125, 5.9999001849666325, 5.999883073921713, 5.999914997081214, 5.999966254712839, 5.999996504595788, 5.9999887474209945, 5.999959154901955, 5.999938677487777, 5.999945285864835, 5.999971226243801, 5.999993716053679, 5.9999965013344605, 5.999982473741671, 5.999968263625874, 5.99996770255577, 5.999980365799279, 5.999994104176131, 5.999997751779811, 5.999990848888797, 5.99998241961941, 5.999981290576889, 5.999988059649629, 5.999995842649384, 5.999997861255725, 5.999993808673216, 5.999989134022695, 5.999988953281111, 5.99999315197783, 5.999997301636587, 5.99999772776378, 5.999995026276747, 5.999992784174498, 5.999993493639034, 5.999996194936008, 5.999998024806602, 5.999997474373635, 5.999995742573325, 5.999995060435641, 5.999996147321269, 5.999997708488926, 5.999998118107397]",75,0.7672544003530644,,1.3446409052875197e-07,1.3446408875239513e-07,5.999998118107397,,0.7672544175477644,,,,18.476926565170288,18.578763008117676,True,0.10312795639038086,0.0012745857238769531,0.0,0.10312795639038086,Results/warm_start_cache/random_graphs_8to14vertices_78instances_20260625_143415_AdjacencyList__filehash_a79662a0/hog_idx000003_cf7691ce0da7_seed42_L1_M1_amplified.npz,18.48486828804016,2026-08-29 16:02:50,x86_64,dacsgpu0002,,64,64,3.11.15,0.26,True,True,True,True,3,False,True,True,False,adam,False,hamqaoa,0.005,standard,1,1,42,scs,1e-06,100000,False,False,False,hog,False,False,False,False,False,False,True,1,HOG_graphs/random_graphs_8to14vertices_78instances_20260625_143415_AdjacencyList.txt,True,Results/warm_start_cache,512,60,0,16,1,1,0,0,5,0,5,10,42,True,_Exp4_v2_standardZeroAngles,1,42,3,"[(1, 3), (2, 3), (1, 6), (0, 4), (2, 6), (5, 7), (0, 7), (3, 5), (0, 6), (4, 5), (2, 4), (1, 7)]","[1.0, 1.0, 1.0, 1.0, 1.0, 1.0, 1.0, 1.0, 1.0, 1.0, 1.0, 1.0]"
c565bd86,8,12,2,75.0,False,True,"[1, 1, 1]",6.52322519319384,9.081275628950586,9.081275628950586,,,,,4.76518324096057,4.765183240960569,4.765183240960571,4.765183240960571,"[4.765183240960571, 4.769342203737107, 4.774020211628832, 4.778551904410164, 4.782775154194487, 4.786634764876868, 4.790117588975938, 4.793235857041358, 4.796020987154735, 4.7985191524481845, 4.800786468480674, 4.8028858341438285, 4.804887411638272, 4.806871494687455, 4.808929456740765, 4.8111587736627355, 4.8136540623288555, 4.8164979330455475, 4.819755436596872, 4.8234727644584785, 4.82767879282221, 4.832387104278995, 4.837598003363246, 4.843299786971356, 4.849469894360202, 4.856075797333865, 4.8630757312264805, 4.8704203046858145, 4.878054896873523, 4.885922823793348, 4.8939684790430285, 4.902138050634731, 4.910377078921035, 4.9186259563390236, 4.926817296936652, 4.934808460680956, 4.942623576004929, 4.950180557133655, 4.957399019218113, 4.964212343900857, 4.970581218017172, 4.9765050954844385, 4.98202883668608, 4.987242057809281, 4.992271805376295, 4.997269136966241, 5.002393074271128, 5.007796795446748, 5.0136183885344625, 5.019977339476026, 5.026972812358317, 5.034679461762626, 5.043141343430761, 5.052367560116484, 5.0623357814929815, 5.073000972479978, 5.084307064830303, 5.096196097630903, 5.108614479395929, 5.121515491982692, 5.134859055790681, 5.148608028787709, 5.162723855350403, 5.177161022511944, 5.191862919158364, 5.206759144790213, 5.221765300177418, 5.236784205976994, 5.251707582948002, 5.266417414014189, 5.280787331064965, 5.294684429607525, 5.307973128856596, 5.320521094562221, 5.332207143422057, 5.34293025153363]",75,0.7304949775354123,,0.5777470105730611,0.5777470105730602,5.34293025153363,,0.8190626711934309,,,,20.078062057495117,20.198348999023438,True,0.12167501449584961,0.0013735294342041016,0.0,0.12167501449584961,Results/warm_start_cache/random_graphs_8to14vertices_78instances_20260625_143415_AdjacencyList__filehash_a79662a0/hog_idx000006_a3b6a38d8f9e_seed42_L1_M1_amplified.npz,20.090845108032227,2026-08-29 16:02:52,x86_64,dacsgpu0002,,64,64,3.11.15,0.26,False,False,False,False,,False,True,True,False,adam,False,hamqaoa,0.005,standard,1,1,42,scs,1e-06,100000,False,False,False,hog,False,False,False,False,False,False,True,1,HOG_graphs/random_graphs_8to14vertices_78instances_20260625_143415_AdjacencyList.txt,True,Results/warm_start_cache,512,60,0,16,1,1,0,0,5,0,5,10,42,True,_Exp4_v2_standardZeroAngles,1,42,6,"[(2, 7), (0, 1), (2, 3), (2, 6), (0, 7), (3, 5), (0, 3), (5, 6), (3, 4), (4, 5), (0, 2), (2, 4)]","[1.0, 1.0, 1.0, 1.0, 1.0, 1.0, 1.0, 1.0, 1.0, 1.0, 1.0, 1.0]"
0884f345,8,12,3,75.0,False,True,"[1, 1, 1]",6.52322519319384,9.081275628950586,9.081275628950586,,,,,4.76518324096057,4.765183240960569,4.765183240960571,4.765183240960571,"[4.765183240960571, 4.770058047532321, 4.776499998359038, 4.782488646455883, 4.7876947957400855, 4.79199422778073, 4.795363058459238, 4.7978723630994065, 4.799693791734958, 4.801075927848465, 4.802288400245004, 4.80359243039913, 4.805254815517262, 4.807541285641828, 4.810662589334382, 4.814733017402552, 4.8197823367655195, 4.825802706689543, 4.832792022001646, 4.84077092102253, 4.849772250377225, 4.859821693107832, 4.870925753450174, 4.88306654365595, 4.896193399130574, 4.910207980980835, 4.924949808076923, 4.940189268318659, 4.955629359652911, 4.970916046695139, 4.985657078436856, 4.9994522245049335, 5.011937995533859, 5.022850165037219, 5.032100028314687, 5.039845501408255, 5.046513894431761, 5.052731836300064, 5.059171595220008, 5.066388904653598, 5.074727575091963, 5.084302457564681, 5.095037664964789, 5.106737484871501, 5.119162259817738, 5.132087200316985, 5.1453290797316384, 5.158746390966651, 5.172228044210824, 5.185687495613571, 5.199063422547732, 5.2123209013254, 5.225445477684275, 5.2384316793129235, 5.251273606855042, 5.26396291349132, 5.276491108753525, 5.288850106326264, 5.301023240287211, 5.3129688275537195, 5.324603498820587, 5.335797757235238, 5.346388439309283, 5.356207047539785, 5.365116041934422, 5.373039513449707, 5.379977501293794, 5.3859956289824895, 5.391195914327016, 5.395682728869139, 5.399542434419846, 5.402843488126754, 5.405652426395987, 5.4080534069686195, 5.410158790921094, 5.412103827320615]",75,0.7304949775354123,,0.6469205863600456,0.6469205863600447,5.412103827320615,,0.8296668698433807,,,,29.15201997756958,29.272642850875854,True,0.12167501449584961,0.0010361671447753906,0.0,0.12167501449584961,Results/warm_start_cache/random_graphs_8to14vertices_78instances_20260625_143415_AdjacencyList__filehash_a79662a0/hog_idx000006_a3b6a38d8f9e_seed42_L1_M1_amplified.npz,29.168705224990845,2026-08-29 16:03:01,x86_64,dacsgpu0002,,64,64,3.11.15,0.27,False,False,False,False,,False,True,True,False,adam,False,hamqaoa,0.005,standard,1,1,42,scs,1e-06,100000,False,False,False,hog,False,False,False,False,False,False,True,1,HOG_graphs/random_graphs_8to14vertices_78instances_20260625_143415_AdjacencyList.txt,True,Results/warm_start_cache,512,60,0,16,1,1,0,0,5,0,5,10,42,True,_Exp4_v2_standardZeroAngles,1,42,6,"[(2, 7), (0, 1), (2, 3), (2, 6), (0, 7), (3, 5), (0, 3), (5, 6), (3, 4), (4, 5), (0, 2), (2, 4)]","[1.0, 1.0, 1.0, 1.0, 1.0, 1.0, 1.0, 1.0, 1.0, 1.0, 1.0, 1.0]"
393c8159,8,12,3,75.0,False,True,"[1, 1, 1]",7.820089374374799,11.999987888256452,11.999987888256452,,,,,5.999997983643309,5.999997983643307,5.999997983643307,5.999997983643307,"[5.999997983643307, 5.9839301544445735, 5.998954592969472, 5.996770392047521, 5.991097973923185, 5.992953386591343, 5.997626180024303, 5.999972326956584, 5.998841464619233, 5.996607272074662, 5.995929137155892, 5.997157164032837, 5.998951692430878, 5.999947738551073, 5.9997193963057205, 5.998829141684117, 5.998183640203946, 5.998275045535431, 5.998937584843553, 5.999653073225798, 5.9999902095393205, 5.999857762244322, 5.9994833140276524, 5.999197823704715, 5.999198715763233, 5.999453628701439, 5.999775402342754, 5.999974051457749, 5.999972670131337, 5.999829647627205, 5.999676278640359, 5.999622628394816, 5.99969454626641, 5.9998352487373285, 5.999956474159033, 5.999997868313507, 5.999957611947677, 5.999882625898704, 5.999831487481406, 5.999836917237704, 5.99989056674951, 5.999955603155513, 5.999994402369173, 5.999991801758296, 5.999960458737481, 5.999928333630519, 5.999918713894996, 5.999936381226502, 5.999967716733406, 5.999992533754549, 5.999998064031652, 5.999985979388437, 5.999968931628718, 5.999960557585481, 5.9999663234608125, 5.999981269258298, 5.999995000657505, 5.999999591217919, 5.999994594288291, 5.999986168239551, 5.999981763171784, 5.99998476432337, 5.999992736488604, 6.000000100224605, 6.000002641482405, 6.000000362857312, 5.99999682914136, 5.999995994649129, 5.999999255950229, 6.000004858693046, 6.000009755295218, 6.000012150536884, 6.000012735068969, 6.000013833043409, 6.000017447207698, 6.000023780006019]",75,0.7672544003530644,,2.5796362712604548e-05,2.579636271082819e-05,6.000023780006019,,0.7672576990829737,,,,31.270015239715576,31.371870756149292,True,0.10312795639038086,0.001257181167602539,0.0,0.10312795639038086,Results/warm_start_cache/random_graphs_8to14vertices_78instances_20260625_143415_AdjacencyList__filehash_a79662a0/hog_idx000003_cf7691ce0da7_seed42_L1_M1_amplified.npz,31.30086040496826,2026-08-29 16:03:03,x86_64,dacsgpu0002,,64,64,3.11.15,0.27,True,True,True,True,3,False,True,True,False,adam,False,hamqaoa,0.005,standard,1,1,42,scs,1e-06,100000,False,False,False,hog,False,False,False,False,False,False,True,1,HOG_graphs/random_graphs_8to14vertices_78instances_20260625_143415_AdjacencyList.txt,True,Results/warm_start_cache,512,60,0,16,1,1,0,0,5,0,5,10,42,True,_Exp4_v2_standardZeroAngles,1,42,3,"[(1, 3), (2, 3), (1, 6), (0, 4), (2, 6), (5, 7), (0, 7), (3, 5), (0, 6), (4, 5), (2, 4), (1, 7)]","[1.0, 1.0, 1.0, 1.0, 1.0, 1.0, 1.0, 1.0, 1.0, 1.0, 1.0, 1.0]"
98d7b3d8,8,12,4,75.0,False,True,"[1, 1, 1]",7.820089374374799,11.999987888256452,11.999987888256452,,,,,5.999997983643309,5.999997983643307,5.999997983643307,5.999997983643307,"[5.999997983643307, 5.971231232438983, 5.998137789523219, 5.994288099285617, 5.984253266847627, 5.987447018217746, 5.995640042771463, 5.999913459299525, 5.998249216615573, 5.994478652959641, 5.993033384293455, 5.994764541382787, 5.997716395777785, 5.999702201337951, 5.999837048787372, 5.998681489244554, 5.99746831146196, 5.9971155496243425, 5.997729803739103, 5.9987942640819645, 5.999671057921352, 5.999993964197291, 5.999782261562649, 5.999323418770114, 5.998956048256517, 5.99888490829363, 5.999111174712653, 5.999484677193584, 5.999816353494667, 5.99997876808367, 5.999950797204895, 5.999802747639912, 5.999644210347938, 5.999565505621139, 5.999599881600628, 5.999719714092944, 5.99986163312165, 5.999962942156906, 5.999990902633019, 5.999952534471873, 5.999884468859095, 5.999830590397936, 5.999819849465568, 5.999854904262749, 5.9999151612240045, 5.999970659228976, 5.999998403632527, 5.999992735053115, 5.999965545158522, 5.9999376987043584, 5.999927055954585, 5.9999398710208105, 5.999969345406803, 6.00000139179734, 6.000023214892431, 6.000030413049354, 6.000028354885246, 6.000028319741879, 6.0000410603647545, 6.0000719175020985, 6.0001199351975965, 6.000181406244908, 6.000255384460189, 6.00034852404134, 6.000477164924386, 6.000667224527017, 6.000955522110439, 6.001394555588879, 6.002069791211095, 6.0031290513186715, 6.00484134589059, 6.007691930993754, 6.0125318341158, 6.020789943579274, 6.034663206750014, 6.057036437520859]",75,0.7672544003530644,,0.05703845387755191,0.05703845387755013,6.057036437520859,,0.7745482369253749,,,,45.06646108627319,45.16819977760315,True,0.10312795639038086,0.0013720989227294922,0.0,0.10312795639038086,Results/warm_start_cache/random_graphs_8to14vertices_78instances_20260625_143415_AdjacencyList__filehash_a79662a0/hog_idx000003_cf7691ce0da7_seed42_L1_M1_amplified.npz,45.07501673698425,2026-08-29 16:03:17,x86_64,dacsgpu0002,,64,64,3.11.15,0.28,True,True,True,True,3,False,True,True,False,adam,False,hamqaoa,0.005,standard,1,1,42,scs,1e-06,100000,False,False,False,hog,False,False,False,False,False,False,True,1,HOG_graphs/random_graphs_8to14vertices_78instances_20260625_143415_AdjacencyList.txt,True,Results/warm_start_cache,512,60,0,16,1,1,0,0,5,0,5,10,42,True,_Exp4_v2_standardZeroAngles,1,42,3,"[(1, 3), (2, 3), (1, 6), (0, 4), (2, 6), (5, 7), (0, 7), (3, 5), (0, 6), (4, 5), (2, 4), (1, 7)]","[1.0, 1.0, 1.0, 1.0, 1.0, 1.0, 1.0, 1.0, 1.0, 1.0, 1.0, 1.0]"
3b0f1c42,8,12,4,75.0,False,True,"[1, 1, 1]",6.52322519319384,9.081275628950586,9.081275628950586,,,,,4.76518324096057,4.765183240960569,4.765183240960571,4.765183240960571,"[4.765183240960571, 4.769897516753327, 4.777583852713657, 4.784170066620811, 4.789367844302828, 4.793012162268294, 4.795175851869665, 4.796239843474041, 4.796751088774402, 4.797151502008445, 4.797742911703137, 4.798860114089539, 4.8008558593060355, 4.803911541192305, 4.807989884804709, 4.812985728664894, 4.818892872024268, 4.82584209518725, 4.83402138796351, 4.843600776474227, 4.854715057572912, 4.8674621923499615, 4.881897687610373, 4.898028022711986, 4.915782565646789, 4.934957840580241, 4.9551716677355016, 4.975858395047902, 4.996302884305073, 5.015712817331585, 5.033338841671447, 5.048655488508862, 5.061568559269496, 5.072519256097963, 5.082363387118617, 5.092121339525902, 5.1027585085652225, 5.115013084100023, 5.129263083164995, 5.145479373745726, 5.163297554240007, 5.182172595552628, 5.20154287635173, 5.220946305461408, 5.240061947539818, 5.258685813567068, 5.276679773612703, 5.293935356638833, 5.310368142757304, 5.325918444771683, 5.340527275539333, 5.35409151092858, 5.366441429269696, 5.377362804623216, 5.386645370843587, 5.394125828670636, 5.399712844551544, 5.403408353170005, 5.405344292785358, 5.405821703245307, 5.405306983018846, 5.404350169502005, 5.403448622573686, 5.402929110881909, 5.4029131807940916, 5.403370534285538, 5.404211857071929, 5.4053619428134345, 5.406780760091914, 5.408440820581172, 5.410293604878692, 5.412255972386223, 5.414224963551779, 5.416106396883086, 5.417836313374462, 5.419385634016331]",75,0.7304949775354123,,0.6542023930557619,0.654202393055761,5.419385634016331,,0.8307831591757363,,,,47.80931115150452,47.92970848083496,True,0.12167501449584961,0.0012476444244384766,0.0,0.12167501449584961,Results/warm_start_cache/random_graphs_8to14vertices_78instances_20260625_143415_AdjacencyList__filehash_a79662a0/hog_idx000006_a3b6a38d8f9e_seed42_L1_M1_amplified.npz,47.83275389671326,2026-08-29 16:03:20,x86_64,dacsgpu0002,,64,64,3.11.15,0.28,False,False,False,False,,False,True,True,False,adam,False,hamqaoa,0.005,standard,1,1,42,scs,1e-06,100000,False,False,False,hog,False,False,False,False,False,False,True,1,HOG_graphs/random_graphs_8to14vertices_78instances_20260625_143415_AdjacencyList.txt,True,Results/warm_start_cache,512,60,0,16,1,1,0,0,5,0,5,10,42,True,_Exp4_v2_standardZeroAngles,1,42,6,"[(2, 7), (0, 1), (2, 3), (2, 6), (0, 7), (3, 5), (0, 3), (5, 6), (3, 4), (4, 5), (0, 2), (2, 4)]","[1.0, 1.0, 1.0, 1.0, 1.0, 1.0, 1.0, 1.0, 1.0, 1.0, 1.0, 1.0]"
1cb318a9,8,16,1,75.0,False,True,"[1, 1, 1]",8.13007668131079,10.537680521562285,10.537680521562285,,,,,6.140917553571734,6.140917553571733,6.140917553571736,6.140917553571736,"[6.140917553571736, 6.144039952016418, 6.14597157840909, 6.146792736103411, 6.146793684101215, 6.146459957102695, 6.1462117658801585, 6.146229461324119, 6.146507580050115, 6.146951412937924, 6.147442963369898, 6.14787911134875, 6.1481910947593414, 6.148354880557754, 6.148392419717719, 6.148360538270718, 6.148327690754833, 6.14834705034667, 6.148439328597302, 6.14859078995111, 6.148764725267687, 6.148918722783067, 6.149021023276907, 6.149061806494861, 6.14905531568061, 6.149032093226442, 6.14902421648277, 6.149051239804151, 6.149112924767986, 6.149192251235425, 6.149265171055853, 6.149312329875058, 6.149327203305417, 6.149317868570098, 6.14930148223441, 6.149294777341403, 6.1493057013745505, 6.14933061966514, 6.149357844882652, 6.149375196916102, 6.149376592598203, 6.149364956338759, 6.1493496207159035, 6.149340243646019, 6.149341342421806, 6.149350442507252, 6.14936067370232, 6.149365589674041, 6.149363057832139, 6.14935600113668, 6.149349873996899, 6.149348863456389, 6.14935342930621, 6.1493605507675575, 6.149366184547983, 6.149368017862562, 6.149366688832707, 6.149364924729352, 6.149365292671412, 6.1493684948966605, 6.1493731134640015, 6.149376940848807, 6.1493785792351305, 6.14937827625885, 6.149377516063373, 6.149377726847078, 6.149379276073601, 6.149381364956591, 6.149382801838211, 6.149382953830015, 6.1493821587957305, 6.149381321483091, 6.149381150305634, 6.149381678332041, 6.149382361647371, 6.149382592792474]",75,0.7553332882687707,,0.0084650392207406,0.008465039220739712,6.149382592792474,,0.7563744886845306,,,,14.515684366226196,14.621931791305542,True,0.11764717102050781,0.01137232780456543,0.0,0.11764717102050781,Results/warm_start_cache/random_graphs_8to14vertices_78instances_20260625_143415_AdjacencyList__filehash_a79662a0/hog_idx000002_76de0eb4d2db_seed42_L1_M1_amplified.npz,14.564924716949463,2026-08-29 16:03:27,x86_64,dacsgpu0002,,64,64,3.11.15,0.24,False,False,False,False,,False,True,False,False,adam,False,hamqaoa,0.005,standard,1,1,42,scs,1e-06,100000,False,False,False,hog,False,False,False,False,False,False,True,1,HOG_graphs/random_graphs_8to14vertices_78instances_20260625_143415_AdjacencyList.txt,True,Results/warm_start_cache,512,60,0,16,1,1,0,0,5,0,5,10,42,True,_Exp4_v2_standardZeroAngles,1,42,2,"[(2, 7), (2, 6), (4, 6), (1, 2), (0, 6), (3, 4), (1, 5), (4, 5), (3, 7), (2, 5), (6, 7), (0, 5), (1, 4), (3, 6), (2, 4), (1, 7)]","[1.0, 1.0, 1.0, 1.0, 1.0, 1.0, 1.0, 1.0, 1.0, 1.0, 1.0, 1.0, 1.0, 1.0, 1.0, 1.0]"
aaf3144a,8,12,5,75.0,False,True,"[1, 1, 1]",7.820089374374799,11.999987888256452,11.999987888256452,,,,,5.999997983643309,5.999997983643307,5.999997983643307,5.999997983643307,"[5.999997983643307, 5.954775637955941, 5.997084211139271, 5.991117079903995, 5.975548784398508, 5.980396938108475, 5.993002133122817, 5.99979210953614, 5.997704947625218, 5.99218982766038, 5.989666693408912, 5.991702464829082, 5.995841972082679, 5.9990773955952355, 5.999976225236135, 5.998926959948259, 5.997281400877656, 5.9962889748406365, 5.996444128025474, 5.997470122491491, 5.99872490903897, 5.999643272667008, 5.999973542168532, 5.999786116620379, 5.999343658847943, 5.99893861637196, 5.998768002273212, 5.998879456997073, 5.999188840699397, 5.999545803744384, 5.999810439010044, 5.999909143721922, 5.999852467956441, 5.9997154361216785, 5.999593929200163, 5.999558876307181, 5.9996290019171585, 5.99977049458119, 5.999920941353574, 6.000023027016028, 6.0000521518322705, 6.000025557590986, 5.999991820826289, 6.000006416570506, 6.000108371726446, 6.000309936275186, 6.00060548386103, 6.000996237402063, 6.001518964199155, 6.002275186190471, 6.003458959891116, 6.005396271788646, 6.008619284803182, 6.013995940288352, 6.022888966450816, 6.0373162091934605, 6.059866599432483, 6.092888476962145, 6.136278650272802, 6.185819314581796, 6.233892271681625, 6.27197916770585, 6.295600390664615, 6.308790107289066, 6.32207391554896, 6.343650398695601, 6.375158898993828, 6.412798241693716, 6.451954198216609, 6.489768473091243, 6.525190906689405, 6.557656912256211, 6.587524443960606, 6.616817236645636, 6.6487165671105135, 6.685340050282362]",75,0.7672544003530644,,0.6853420666390555,0.6853420666390537,6.685340050282362,,0.8548930492008402,,,,64.17856884002686,64.28019213676453,True,0.10312795639038086,0.00148773193359375,0.0,0.10312795639038086,Results/warm_start_cache/random_graphs_8to14vertices_78instances_20260625_143415_AdjacencyList__filehash_a79662a0/hog_idx000003_cf7691ce0da7_seed42_L1_M1_amplified.npz,64.20392560958862,2026-08-29 16:03:36,x86_64,dacsgpu0002,,64,64,3.11.15,0.3,True,True,True,True,3,False,True,True,False,adam,False,hamqaoa,0.005,standard,1,1,42,scs,1e-06,100000,False,False,False,hog,False,False,False,False,False,False,True,1,HOG_graphs/random_graphs_8to14vertices_78instances_20260625_143415_AdjacencyList.txt,True,Results/warm_start_cache,512,60,0,16,1,1,0,0,5,0,5,10,42,True,_Exp4_v2_standardZeroAngles,1,42,3,"[(1, 3), (2, 3), (1, 6), (0, 4), (2, 6), (5, 7), (0, 7), (3, 5), (0, 6), (4, 5), (2, 4), (1, 7)]","[1.0, 1.0, 1.0, 1.0, 1.0, 1.0, 1.0, 1.0, 1.0, 1.0, 1.0, 1.0]"
819b1498,8,12,5,75.0,False,True,"[1, 1, 1]",6.52322519319384,9.081275628950586,9.081275628950586,,,,,4.76518324096057,4.765183240960569,4.765183240960571,4.765183240960571,"[4.765183240960571, 4.7688872987954145, 4.777963513326103, 4.784977733814389, 4.78968232164038, 4.792161596882839, 4.7929570168294315, 4.793013922831541, 4.792970574953793, 4.793027123455868, 4.793489388492188, 4.794830178396453, 4.797201302180124, 4.800302862296274, 4.803761690214073, 4.807513587099731, 4.811813601167687, 4.816960418257225, 4.823213376304504, 4.830971237928597, 4.840803071569299, 4.853260682504373, 4.8687279832895545, 4.887378654531047, 4.909155430577522, 4.933725843149328, 4.960441347347666, 4.988331955916438, 5.01615192072164, 5.042497295391913, 5.066026765786747, 5.085821804094125, 5.1018525171469715, 5.115243755884476, 5.127862971205676, 5.14151486289917, 5.157444523576962, 5.176161556799906, 5.197441386069237, 5.220512055638546, 5.244377003793718, 5.268115198669079, 5.291013111770318, 5.312513603322487, 5.332104625382693, 5.349300418134649, 5.363759476164263, 5.375425652971479, 5.384531389405539, 5.391446948279943, 5.396511240765106, 5.399937132676088, 5.401818358940012, 5.402232947821416, 5.401394729856933, 5.39975585372406, 5.397978691750367, 5.39677601893006, 5.396699389161936, 5.3979835169548185, 5.400518099301332, 5.403944510504343, 5.407813900493905, 5.411730899247044, 5.415433416888674, 5.418800624019069, 5.421813696378242, 5.424507827765195, 5.426937887867152, 5.429162850193699, 5.431240991453057, 5.433227396925292, 5.435169981628087, 5.437105134969642, 5.4390545109631505, 5.441026828585963]",75,0.7304949775354123,,0.6758435876253941,0.6758435876253932,5.441026828585963,,0.834100719727258,,,,65.39909553527832,65.5194480419159,True,0.12167501449584961,0.0013055801391601562,0.0,0.12167501449584961,Results/warm_start_cache/random_graphs_8to14vertices_78instances_20260625_143415_AdjacencyList__filehash_a79662a0/hog_idx000006_a3b6a38d8f9e_seed42_L1_M1_amplified.npz,65.40668106079102,2026-08-29 16:03:37,x86_64,dacsgpu0002,,64,64,3.11.15,0.31,False,False,False,False,,False,True,True,False,adam,False,hamqaoa,0.005,standard,1,1,42,scs,1e-06,100000,False,False,False,hog,False,False,False,False,False,False,True,1,HOG_graphs/random_graphs_8to14vertices_78instances_20260625_143415_AdjacencyList.txt,True,Results/warm_start_cache,512,60,0,16,1,1,0,0,5,0,5,10,42,True,_Exp4_v2_standardZeroAngles,1,42,6,"[(2, 7), (0, 1), (2, 3), (2, 6), (0, 7), (3, 5), (0, 3), (5, 6), (3, 4), (4, 5), (0, 2), (2, 4)]","[1.0, 1.0, 1.0, 1.0, 1.0, 1.0, 1.0, 1.0, 1.0, 1.0, 1.0, 1.0]"
bc74df86,8,16,2,75.0,False,True,"[1, 1, 1]",8.13007668131079,10.537680521562285,10.537680521562285,,,,,6.140917553571734,6.140917553571733,6.140917553571736,6.140917553571736,"[6.140917553571736, 6.146003027448943, 6.146672526687694, 6.1455940523339985, 6.145383980355197, 6.146209741355428, 6.147328175538298, 6.148083593260427, 6.148211031555284, 6.147903278172465, 6.147613566963315, 6.1476603933009475, 6.148021767133857, 6.14844925989933, 6.148691989123486, 6.14866915520502, 6.148512511058129, 6.148442752502689, 6.1485800826777135, 6.148866287644355, 6.149140439798724, 6.1492740915139, 6.1492647556214095, 6.149224268321866, 6.149270915334032, 6.149426021838651, 6.149609497083164, 6.14972393864084, 6.149744746788151, 6.149737665791651, 6.1497886988828, 6.149919775607693, 6.150077115998512, 6.150195862357904, 6.150267077389425, 6.150340086584924, 6.150463656523752, 6.150634867620965, 6.150810069376477, 6.150957553058343, 6.15109128816074, 6.151250789582334, 6.15145451190066, 6.151683839068573, 6.151913096952873, 6.152144376296644, 6.152405330205019, 6.152717059023309, 6.153076028069331, 6.153470130686529, 6.1539050583942165, 6.154407752535567, 6.155005724010605, 6.155712639053222, 6.156539032861461, 6.157510650433502, 6.158671343075655, 6.160070699282773, 6.1617585392555005, 6.163792876374737, 6.166247782953314, 6.169209555648655, 6.172763859904947, 6.176983783778797, 6.1819218656692145, 6.187604300329068, 6.194027041596058, 6.201154811494657, 6.208921616641427, 6.217234586418681, 6.225977242150038, 6.235014298771391, 6.244196170029425, 6.253363962899116, 6.262355549866082, 6.271012548923194]",75,0.7553332882687707,,0.13009499535146052,0.13009499535145963,6.271012548923194,,0.771334981789143,,,,24.939297914505005,25.034539222717285,True,0.11764717102050781,0.022388458251953125,0.0,0.11764717102050781,Results/warm_start_cache/random_graphs_8to14vertices_78instances_20260625_143415_AdjacencyList__filehash_a79662a0/hog_idx000002_76de0eb4d2db_seed42_L1_M1_amplified.npz,25.00778341293335,2026-08-29 16:03:55,x86_64,dacsgpu0002,,64,64,3.11.15,0.26,False,False,False,False,,False,True,False,False,adam,False,hamqaoa,0.005,standard,1,1,42,scs,1e-06,100000,False,False,False,hog,False,False,False,False,False,False,True,1,HOG_graphs/random_graphs_8to14vertices_78instances_20260625_143415_AdjacencyList.txt,True,Results/warm_start_cache,512,60,0,16,1,1,0,0,5,0,5,10,42,True,_Exp4_v2_standardZeroAngles,1,42,2,"[(2, 7), (2, 6), (4, 6), (1, 2), (0, 6), (3, 4), (1, 5), (4, 5), (3, 7), (2, 5), (6, 7), (0, 5), (1, 4), (3, 6), (2, 4), (1, 7)]","[1.0, 1.0, 1.0, 1.0, 1.0, 1.0, 1.0, 1.0, 1.0, 1.0, 1.0, 1.0, 1.0, 1.0, 1.0, 1.0]"
9c2b0d8f,8,16,3,75.0,False,True,"[1, 1, 1]",8.13007668131079,10.537680521562285,10.537680521562285,,,,,6.140917553571734,6.140917553571733,6.140917553571736,6.140917553571736,"[6.140917553571736, 6.146784841666437, 6.145019787329903, 6.144640434274786, 6.146336691205093, 6.147833804270397, 6.147966410941519, 6.147221278755037, 6.146872782876428, 6.147364721315874, 6.148133956082939, 6.148475678284536, 6.148247813806272, 6.147947135213264, 6.148076155725233, 6.148592758421922, 6.1490662239005935, 6.149176790094794, 6.149032137258971, 6.149003067381923, 6.149263937164029, 6.149624137422312, 6.149805122981236, 6.149784650333034, 6.149809962070238, 6.150065340573767, 6.1504528987801415, 6.1507670050420895, 6.150982490480572, 6.1512736029387245, 6.1517630922490065, 6.152379968022337, 6.15300673797337, 6.153676993519898, 6.154547539724587, 6.155708243688665, 6.1571272913173996, 6.158795055163534, 6.160824423668737, 6.163372069495274, 6.166533128231362, 6.170359779792507, 6.174933783959124, 6.180370363153924, 6.186760612396479, 6.194126739565567, 6.202418565363528, 6.21152143791651, 6.2212562939654, 6.231376919296999, 6.241573907423064, 6.25150254952388, 6.260861190548311, 6.2694754261491585, 6.277295159619426, 6.284359503526614, 6.290799658052247, 6.296817119109329, 6.3026360746990795, 6.308454494345019, 6.314395026750701, 6.32047373994426, 6.326611718568819, 6.3326753275072685, 6.338527885736628, 6.34408164665737, 6.349334258717017, 6.354372728016325, 6.359346028011622, 6.364424903416159, 6.369763517340496, 6.375469177944826, 6.381582515653886, 6.3880725960655615, 6.3948472457890935, 6.40177644934297]",75,0.7553332882687707,,0.26085889577123655,0.26085889577123567,6.40177644934297,,0.7874189506796668,,,,35.24829149246216,35.35309290885925,True,0.11764717102050781,0.012827873229980469,0.0,0.11764717102050781,Results/warm_start_cache/random_graphs_8to14vertices_78instances_20260625_143415_AdjacencyList__filehash_a79662a0/hog_idx000002_76de0eb4d2db_seed42_L1_M1_amplified.npz,35.292781352996826,2026-08-29 16:04:05,x86_64,dacsgpu0002,,64,64,3.11.15,0.27,False,False,False,False,,False,True,False,False,adam,False,hamqaoa,0.005,standard,1,1,42,scs,1e-06,100000,False,False,False,hog,False,False,False,False,False,False,True,1,HOG_graphs/random_graphs_8to14vertices_78instances_20260625_143415_AdjacencyList.txt,True,Results/warm_start_cache,512,60,0,16,1,1,0,0,5,0,5,10,42,True,_Exp4_v2_standardZeroAngles,1,42,2,"[(2, 7), (2, 6), (4, 6), (1, 2), (0, 6), (3, 4), (1, 5), (4, 5), (3, 7), (2, 5), (6, 7), (0, 5), (1, 4), (3, 6), (2, 4), (1, 7)]","[1.0, 1.0, 1.0, 1.0, 1.0, 1.0, 1.0, 1.0, 1.0, 1.0, 1.0, 1.0, 1.0, 1.0, 1.0, 1.0]"
956e3e47,9,18,5,75.0,False,True,"[1, 1, 1]",9.080080501337052,12.307637621443975,12.307637621443975,,,,,7.0466117399637005,7.046611739963707,7.046611739963702,7.046611739963702,"[7.046611739963702, 7.044522295052237, 7.047020880096363, 7.048095200364962, 7.047062358790377, 7.046776927269555, 7.047458734675058, 7.048148970859278, 7.048334593753037, 7.048181770518472, 7.04818453757203, 7.048604834285517, 7.0493609942611, 7.050333125840746, 7.051603489149596, 7.053525599741255, 7.056668962983361, 7.061634888049978, 7.068731640031027, 7.077625495471965, 7.087295748885118, 7.096428288464832, 7.104347628724577, 7.111187446865678, 7.117211476145006, 7.122932762886815, 7.129441020322262, 7.137704542118392, 7.14806593447361, 7.160354446833108, 7.174111408367666, 7.1887797419481485, 7.203926353805108, 7.219456059179772, 7.235675625773007, 7.253116975510204, 7.272268090030787, 7.293343217036284, 7.316170339849589, 7.3403230992571915, 7.365458921713752, 7.391567001805758, 7.418983546122598, 7.4481700769946375, 7.479365730593102, 7.512367382748494, 7.546583209848714, 7.58131438419543, 7.616046736434136, 7.650496977124084, 7.684406907250441, 7.717278736800178, 7.748399664045826, 7.777173931623819, 7.803181153336858, 7.825995692330353, 7.845298536297065, 7.861151709955305, 7.873979141540228, 7.884273439693062, 7.89246746835245, 7.899042943894785, 7.904635328318457, 7.909981426266045, 7.915726520957808, 7.922228466786963, 7.929518591995888, 7.937435867338288, 7.945788814715987, 7.954419952484275, 7.963192456924761, 7.971975307936046, 7.980662707805642, 7.989199365875311, 7.997584445483992, 8.005845977502123]",75,0.7760516813618651,,0.959234237538416,0.9592342375384222,8.005845977502123,,0.8816932819398741,,,,99.62958669662476,99.72653198242188,True,0.11328864097595215,0.01632380485534668,0.0,0.11328864097595215,Results/warm_start_cache/random_graphs_8to14vertices_78instances_20260625_143415_AdjacencyList__filehash_a79662a0/hog_idx000013_bb6afa900ad3_seed42_L1_M1_amplified.npz,99.67615604400635,2026-08-29 16:04:14,x86_64,dacsgpu0002,,64,64,3.11.15,0.54,False,False,False,False,,False,True,False,False,adam,False,hamqaoa,0.005,standard,1,1,42,scs,1e-06,100000,False,False,False,hog,False,False,False,False,False,False,True,1,HOG_graphs/random_graphs_8to14vertices_78instances_20260625_143415_AdjacencyList.txt,True,Results/warm_start_cache,512,60,0,16,1,1,0,0,5,0,5,10,42,True,_Exp4_v2_standardZeroAngles,1,42,13,"[(2, 7), (0, 1), (2, 3), (0, 4), (2, 6), (0, 7), (3, 5), (4, 6), (1, 2), (5, 6), (0, 6), (3, 4), (6, 8), (4, 5), (0, 5), (1, 4), (5, 8), (0, 8)]","[1.0, 1.0, 1.0, 1.0, 1.0, 1.0, 1.0, 1.0, 1.0, 1.0, 1.0, 1.0, 1.0, 1.0, 1.0, 1.0, 1.0, 1.0]"
6bf0d778,10,20,1,75.0,False,True,"[1, 1, 1]",10.194364037160504,14.461866255422649,14.461866255422649,,,,,8.11484345822108,8.114843458221083,8.11484345822108,8.11484345822108,"[8.11484345822108, 8.113566967835503, 8.114767043504045, 8.114584382750436, 8.114134215452877, 8.114327480245615, 8.114717779411668, 8.114846723474802, 8.114671475577904, 8.114498455669207, 8.114541736392468, 8.114722619510646, 8.114852283139989, 8.114831292521878, 8.114722860513593, 8.114663984190793, 8.114711768529116, 8.114807603746472, 8.114859603051993, 8.114833852553565, 8.114777152680794, 8.11475838939625, 8.114795475341813, 8.114846986321853, 8.11486386340967, 8.114839023185207, 8.11480863572903, 8.11480878442349, 8.114837645848722, 8.114863960286867, 8.114863858315394, 8.114844664706489, 8.114832700305131, 8.114841871919735, 8.114860585344651, 8.11486861234728, 8.114860690923058, 8.11485044595834, 8.114851775872069, 8.114862880254845, 8.11487079985724, 8.114868081762658, 8.114860913810604, 8.114859753389691, 8.114866160514275, 8.114872210124332, 8.114871623396809, 8.11486735850093, 8.11486636532313, 8.114870238570695, 8.114874000891511, 8.114873543587267, 8.114871051310512, 8.114871019797485, 8.11487390350852, 8.114876160660655, 8.11487567228981, 8.114874288000747, 8.114874779475766, 8.114876900344346, 8.1148781864152, 8.114877759664624, 8.114877264052378, 8.114878103711748, 8.114879530626881, 8.114880039854583, 8.114879700144819, 8.114879783248298, 8.114880766744713, 8.114881725377478, 8.114881971818296, 8.114881991879036, 8.1148825498389, 8.114883435067615, 8.11488400544091, 8.114884220295165]",75,0.7960127212095672,,4.076207408232335e-05,4.0762074085876066e-05,8.114884220295165,,0.7960167197006878,,,,163.65645909309387,163.85067009925842,True,0.1987476348876953,0.004517555236816406,0.0,0.1987476348876953,Results/warm_start_cache/random_graphs_8to14vertices_78instances_20260625_143415_AdjacencyList__filehash_a79662a0/hog_idx000031_612e090dced1_seed42_L1_M1_amplified.npz,163.6656939983368,2026-08-29 16:05:16,x86_64,dacsgpu0002,,64,64,3.11.15,0.52,False,False,False,False,,False,True,False,False,adam,False,hamqaoa,0.005,standard,1,1,42,scs,1e-06,100000,False,False,False,hog,False,False,False,False,False,False,True,1,HOG_graphs/random_graphs_8to14vertices_78instances_20260625_143415_AdjacencyList.txt,True,Results/warm_start_cache,512,60,0,16,1,1,0,0,5,0,5,10,42,True,_Exp4_v2_standardZeroAngles,1,42,31,"[(3, 5), (4, 6), (0, 2), (6, 9), (5, 7), (3, 4), (2, 8), (4, 5), (8, 9), (1, 3), (0, 1), (1, 6), (1, 9), (6, 8), (5, 6), (2, 4), (7, 9), (1, 2), (5, 8), (6, 7)]","[1.0, 1.0, 1.0, 1.0, 1.0, 1.0, 1.0, 1.0, 1.0, 1.0, 1.0, 1.0, 1.0, 1.0, 1.0, 1.0, 1.0, 1.0, 1.0, 1.0]"
e3e817a7,10,20,2,75.0,False,True,"[1, 1, 1]",10.194364037160504,14.461866255422649,14.461866255422649,,,,,8.11484345822108,8.114843458221083,8.11484345822108,8.11484345822108,"[8.11484345822108, 8.109496524897189, 8.114502322824967, 8.113706810654058, 8.111792690179067, 8.112572172090303, 8.114225329626844, 8.114846570118738, 8.114167456337789, 8.113386214932026, 8.113468788432177, 8.114189365989725, 8.114785642795773, 8.114783597354156, 8.11435575526991, 8.11405067656343, 8.11417747057859, 8.11456665697534, 8.114842312607669, 8.114799005596408, 8.114562701652057, 8.114422173499515, 8.11451910987007, 8.114739084525217, 8.114868628165246, 8.114815015250716, 8.114678112745066, 8.114623437025722, 8.114705307775186, 8.11483117189201, 8.114878817064232, 8.114823821814602, 8.114750777826274, 8.11474866990468, 8.114816521913392, 8.114878508118933, 8.11487682583509, 8.114831426521894, 8.114806682715109, 8.1148330852041, 8.114878800726846, 8.114894884561378, 8.114873472992743, 8.114850901386943, 8.114858794479566, 8.114887529808636, 8.114904247675486, 8.114895604246318, 8.11488078684123, 8.11488318393826, 8.114900917002698, 8.114913252661081, 8.11490949193014, 8.114900807075179, 8.114902801097019, 8.114914481843138, 8.114922161585657, 8.114919480118497, 8.114914487970124, 8.114916851267203, 8.114924569637582, 8.11492863491858, 8.114926262987062, 8.114923752065685, 8.114926345288055, 8.114931029996265, 8.114932108314143, 8.11492977512479, 8.114928907885606, 8.11493124859379, 8.114933437247783, 8.114932717470193, 8.114930998042313, 8.114931288563332, 8.114932954299789, 8.114933256601164]",75,0.7960127212095672,,8.979838008116303e-05,8.979838008471575e-05,8.114933256601164,,0.796021529839488,,,,186.14402270317078,186.34113717079163,True,0.1987476348876953,0.0016181468963623047,0.0,0.1987476348876953,Results/warm_start_cache/random_graphs_8to14vertices_78instances_20260625_143415_AdjacencyList__filehash_a79662a0/hog_idx000031_612e090dced1_seed42_L1_M1_amplified.npz,186.16244220733643,2026-08-29 16:05:38,x86_64,dacsgpu0002,,64,64,3.11.15,0.76,False,False,False,False,,False,True,False,False,adam,False,hamqaoa,0.005,standard,1,1,42,scs,1e-06,100000,False,False,False,hog,False,False,False,False,False,False,True,1,HOG_graphs/random_graphs_8to14vertices_78instances_20260625_143415_AdjacencyList.txt,True,Results/warm_start_cache,512,60,0,16,1,1,0,0,5,0,5,10,42,True,_Exp4_v2_standardZeroAngles,1,42,31,"[(3, 5), (4, 6), (0, 2), (6, 9), (5, 7), (3, 4), (2, 8), (4, 5), (8, 9), (1, 3), (0, 1), (1, 6), (1, 9), (6, 8), (5, 6), (2, 4), (7, 9), (1, 2), (5, 8), (6, 7)]","[1.0, 1.0, 1.0, 1.0, 1.0, 1.0, 1.0, 1.0, 1.0, 1.0, 1.0, 1.0, 1.0, 1.0, 1.0, 1.0, 1.0, 1.0, 1.0, 1.0]"
fa954f06,10,25,1,75.0,False,True,"[1, 1, 1]",12.11824304459066,16.44241837766601,16.44241837766601,,,,,9.305243326434816,9.305243326434823,9.305243326434816,9.305243326434816,"[9.305243326434816, 9.304023109986872, 9.305168354488764, 9.304984048368485, 9.30455791722557, 9.30475003623092, 9.305122380733296, 9.305244575434385, 9.305079774305412, 9.304913837697171, 9.304949258758182, 9.305115747593879, 9.30523901467751, 9.305225953665625, 9.305128993334113, 9.30507009328976, 9.30510681268421, 9.305194572557344, 9.305251280423128, 9.30523779941647, 9.305186425464985, 9.30515933511644, 9.305183606552413, 9.305232132733964, 9.30525988281978, 9.305248957046553, 9.305220816802034, 9.305209392855044, 9.30522641762839, 9.305254080195093, 9.305267450682992, 9.305259237068837, 9.305244598638074, 9.305242510831011, 9.305255874020789, 9.305271671442888, 9.305276413608851, 9.305270228851736, 9.305264258710503, 9.305267559789877, 9.305278006326098, 9.305286500817127, 9.305287591755764, 9.305284665136874, 9.30528457985881, 9.305290239557435, 9.305297980030335, 9.305302570896835, 9.30530317210229, 9.30530343445618, 9.305306829775219, 9.305313017908572, 9.305318848809867, 9.30532244460841, 9.305324913573335, 9.305328583513523, 9.305334318307107, 9.305340634260881, 9.305345956673946, 9.305350249972824, 9.305355010303128, 9.305361216335829, 9.305368451291734, 9.305375535474147, 9.3053821864604, 9.305388998365304, 9.305396787676502, 9.30540539290948, 9.30541420660857, 9.305423037032124, 9.305432191406323, 9.305442212290606, 9.305453375631902, 9.305465259820217, 9.305477656652133, 9.30549074904728]",75,0.767870663444772,,0.00024742261245691566,0.0002474226124640211,9.30549074904728,,0.7678910808115096,,,,171.17200899124146,171.27749395370483,True,0.12919902801513672,0.023691415786743164,0.0,0.12919902801513672,Results/warm_start_cache/random_graphs_8to14vertices_78instances_20260625_143415_AdjacencyList__filehash_a79662a0/hog_idx000027_37c8067fe35f_seed42_L1_M1_amplified.npz,171.22876691818237,2026-08-29 16:05:41,x86_64,dacsgpu0002,,64,64,3.11.15,0.52,False,False,False,True,5,False,False,False,False,adam,False,hamqaoa,0.005,standard,1,1,42,scs,1e-06,100000,False,False,False,hog,False,False,False,False,False,False,True,1,HOG_graphs/random_graphs_8to14vertices_78instances_20260625_143415_AdjacencyList.txt,True,Results/warm_start_cache,512,60,0,16,1,1,0,0,5,0,5,10,42,True,_Exp4_v2_standardZeroAngles,1,42,27,"[(2, 6), (2, 9), (4, 6), (7, 8), (0, 5), (1, 7), (6, 9), (3, 4), (2, 8), (4, 5), (2, 5), (4, 8), (1, 3), (0, 1), (1, 9), (0, 7), (6, 8), (3, 6), (3, 9), (2, 7), (4, 7), (0, 3), (1, 5), (0, 9), (5, 8)]","[1.0, 1.0, 1.0, 1.0, 1.0, 1.0, 1.0, 1.0, 1.0, 1.0, 1.0, 1.0, 1.0, 1.0, 1.0, 1.0, 1.0, 1.0, 1.0, 1.0, 1.0, 1.0, 1.0, 1.0, 1.0]"
2dbaca74,10,20,3,75.0,False,True,"[1, 1, 1]",10.194364037160504,14.461866255422649,14.461866255422649,,,,,8.11484345822108,8.114843458221083,8.11484345822108,8.11484345822108,"[8.11484345822108, 8.102646398763147, 8.11405482144115, 8.112235956542937, 8.10785316873021, 8.109599819950818, 8.113371923718855, 8.114846131872133, 8.11335199790783, 8.111544564908982, 8.111655282936212, 8.113254756656065, 8.114648091990173, 8.114724614534095, 8.11379443818217, 8.113056245942975, 8.113260384889402, 8.11410812137099, 8.114783569124576, 8.114774424671115, 8.114274831752166, 8.113899437753382, 8.114029019187937, 8.11449600441418, 8.114848597794007, 8.114816575455155, 8.114532244674281, 8.114342427709637, 8.114440696111883, 8.114709457658966, 8.114886487020069, 8.114839082066098, 8.114673103074015, 8.1145932158324, 8.11468204585025, 8.114837152724327, 8.11490548371237, 8.114846509046979, 8.11475598340938, 8.11474507944624, 8.114822722255262, 8.114903003019466, 8.114910444357683, 8.114858631076828, 8.114822536315474, 8.114847214529881, 8.114902330407482, 8.114928243801174, 8.11490744251979, 8.114877408227226, 8.1148790963174, 8.114909908584075, 8.114933581730465, 8.114927761331902, 8.114907981824688, 8.114903439496215, 8.114919929188178, 8.114936369111508, 8.114935003253615, 8.11492262367397, 8.114918197665377, 8.1149273689585, 8.114937782123546, 8.114937311926663, 8.114929603718194, 8.114927031819583, 8.114932956024301, 8.11493913614896, 8.114938349956294, 8.11493369663435, 8.114932956648746, 8.114937419321413, 8.114941148080534, 8.114940131888558, 8.114937507157046, 8.114938003588312]",75,0.7960127212095672,,9.454536722941498e-05,9.454536723296769e-05,8.114938003588312,,0.7960219954876767,,,,206.68757438659668,206.88505721092224,True,0.1987476348876953,0.001247406005859375,0.0,0.1987476348876953,Results/warm_start_cache/random_graphs_8to14vertices_78instances_20260625_143415_AdjacencyList__filehash_a79662a0/hog_idx000031_612e090dced1_seed42_L1_M1_amplified.npz,206.704204082489,2026-08-29 16:05:59,x86_64,dacsgpu0002,,64,64,3.11.15,1.0,False,False,False,False,,False,True,False,False,adam,False,hamqaoa,0.005,standard,1,1,42,scs,1e-06,100000,False,False,False,hog,False,False,False,False,False,False,True,1,HOG_graphs/random_graphs_8to14vertices_78instances_20260625_143415_AdjacencyList.txt,True,Results/warm_start_cache,512,60,0,16,1,1,0,0,5,0,5,10,42,True,_Exp4_v2_standardZeroAngles,1,42,31,"[(3, 5), (4, 6), (0, 2), (6, 9), (5, 7), (3, 4), (2, 8), (4, 5), (8, 9), (1, 3), (0, 1), (1, 6), (1, 9), (6, 8), (5, 6), (2, 4), (7, 9), (1, 2), (5, 8), (6, 7)]","[1.0, 1.0, 1.0, 1.0, 1.0, 1.0, 1.0, 1.0, 1.0, 1.0, 1.0, 1.0, 1.0, 1.0, 1.0, 1.0, 1.0, 1.0, 1.0, 1.0]"
bf2666e0,10,25,2,75.0,False,True,"[1, 1, 1]",12.11824304459066,16.44241837766601,16.44241837766601,,,,,9.305243326434816,9.305243326434823,9.305243326434816,9.305243326434816,"[9.305243326434816, 9.299992790492519, 9.304908512392146, 9.30414513039226, 9.302290983951192, 9.30300573485382, 9.304587063310201, 9.305249371006886, 9.304692495705616, 9.303934059121183, 9.30389952943113, 9.304499938908958, 9.305102767408814, 9.305239172724368, 9.304937808539579, 9.304599519183549, 9.304564316605402, 9.304830892961414, 9.305146529728136, 9.305270436400376, 9.305160925674901, 9.304977066223177, 9.304910579719094, 9.30501488546015, 9.305188182441778, 9.305290093237122, 9.30526470240215, 9.305171384100682, 9.305115050686453, 9.305149738821179, 9.305242866861471, 9.305318686317472, 9.305329489254712, 9.30529155669428, 9.305261591084061, 9.30528025576789, 9.305340310523382, 9.30540159309629, 9.30543320293256, 9.305439880012177, 9.305453040148413, 9.305500100505853, 9.305583461393216, 9.305686500925457, 9.305794955626338, 9.305912965693308, 9.306060138200076, 9.30625556504467, 9.306506228717867, 9.306809401685559, 9.307164064006761, 9.307580999341305, 9.308080881582326, 9.308685877357563, 9.309411228869916, 9.310264980000815, 9.311252387479799, 9.31238085909631, 9.313660077142595, 9.315097683684913, 9.316694011696567, 9.318440712040658, 9.320321065204276, 9.322310422213379, 9.324373818922698, 9.326462285251951, 9.328511687892501, 9.330445587638323, 9.332185121881931, 9.333665478386493, 9.334856777327714, 9.335776835204992, 9.336479837575713, 9.337027755110443, 9.33747001683623, 9.337844409803441]",75,0.767870663444772,,0.03260108336861833,0.03260108336862544,9.337844409803441,,0.7705609117958455,,,,185.81908321380615,185.94662618637085,True,0.12919902801513672,0.0016367435455322266,0.0,0.12919902801513672,Results/warm_start_cache/random_graphs_8to14vertices_78instances_20260625_143415_AdjacencyList__filehash_a79662a0/hog_idx000027_37c8067fe35f_seed42_L1_M1_amplified.npz,185.82872033119202,2026-08-29 16:06:01,x86_64,dacsgpu0002,,64,64,3.11.15,0.76,False,False,False,True,5,False,False,False,False,adam,False,hamqaoa,0.005,standard,1,1,42,scs,1e-06,100000,False,False,False,hog,False,False,False,False,False,False,True,1,HOG_graphs/random_graphs_8to14vertices_78instances_20260625_143415_AdjacencyList.txt,True,Results/warm_start_cache,512,60,0,16,1,1,0,0,5,0,5,10,42,True,_Exp4_v2_standardZeroAngles,1,42,27,"[(2, 6), (2, 9), (4, 6), (7, 8), (0, 5), (1, 7), (6, 9), (3, 4), (2, 8), (4, 5), (2, 5), (4, 8), (1, 3), (0, 1), (1, 9), (0, 7), (6, 8), (3, 6), (3, 9), (2, 7), (4, 7), (0, 3), (1, 5), (0, 9), (5, 8)]","[1.0, 1.0, 1.0, 1.0, 1.0, 1.0, 1.0, 1.0, 1.0, 1.0, 1.0, 1.0, 1.0, 1.0, 1.0, 1.0, 1.0, 1.0, 1.0, 1.0, 1.0, 1.0, 1.0, 1.0, 1.0]"
603f79aa,10,20,4,75.0,False,True,"[1, 1, 1]",10.194364037160504,14.461866255422649,14.461866255422649,,,,,8.11484345822108,8.114843458221083,8.11484345822108,8.11484345822108,"[8.11484345822108, 8.093039547674465, 8.113424950147056, 8.110170559159918, 8.102332623045006, 8.105429743317329, 8.112164926052621, 8.11484590207455, 8.112242412416215, 8.109010148880536, 8.109126277608771, 8.1119120475914, 8.114421918402142, 8.114672656038856, 8.113109386222504, 8.11175393815786, 8.111971798645957, 8.11337718188375, 8.11463207421528, 8.114794065968313, 8.114035375451765, 8.113305188973218, 8.113335910608521, 8.11402762891983, 8.114718506556706, 8.114873480522823, 8.114516419961486, 8.114103469633356, 8.11404650980449, 8.114367663789139, 8.114759393938956, 8.11490874070448, 8.114762947511245, 8.114532100980295, 8.114462251450323, 8.114609458760249, 8.114825396552016, 8.114928512535068, 8.114868951369719, 8.114746100800055, 8.114693553393183, 8.114758043871024, 8.114876185841496, 8.114948015075232, 8.114930621717889, 8.114867751800626, 8.114836806016472, 8.114872500543651, 8.114940882900699, 8.114983446762814, 8.114976175313949, 8.114945223914658, 8.11493382380986, 8.114960121889318, 8.115005877644643, 8.115039856612455, 8.115050357428604, 8.115053895440766, 8.115075387620289, 8.115124102111157, 8.11518994147031, 8.115260754195448, 8.115340590992439, 8.11545274851302, 8.115632662489885, 8.115923524154729, 8.116387947282087, 8.117137437974016, 8.118374081907135, 8.120459923635748, 8.124041764518177, 8.130252773588374, 8.140969557253523, 8.158947029170008, 8.187503248069548, 8.229545281180535]",75,0.7960127212095672,,0.11470182295945186,0.11470182295945541,8.229545281180535,,0.8072642149311315,,,,217.2421224117279,217.43772268295288,True,0.1987476348876953,0.0031337738037109375,0.0,0.1987476348876953,Results/warm_start_cache/random_graphs_8to14vertices_78instances_20260625_143415_AdjacencyList__filehash_a79662a0/hog_idx000031_612e090dced1_seed42_L1_M1_amplified.npz,217.2535400390625,2026-08-29 16:06:09,x86_64,dacsgpu0002,,64,64,3.11.15,1.24,False,False,False,False,,False,True,False,False,adam,False,hamqaoa,0.005,standard,1,1,42,scs,1e-06,100000,False,False,False,hog,False,False,False,False,False,False,True,1,HOG_graphs/random_graphs_8to14vertices_78instances_20260625_143415_AdjacencyList.txt,True,Results/warm_start_cache,512,60,0,16,1,1,0,0,5,0,5,10,42,True,_Exp4_v2_standardZeroAngles,1,42,31,"[(3, 5), (4, 6), (0, 2), (6, 9), (5, 7), (3, 4), (2, 8), (4, 5), (8, 9), (1, 3), (0, 1), (1, 6), (1, 9), (6, 8), (5, 6), (2, 4), (7, 9), (1, 2), (5, 8), (6, 7)]","[1.0, 1.0, 1.0, 1.0, 1.0, 1.0, 1.0, 1.0, 1.0, 1.0, 1.0, 1.0, 1.0, 1.0, 1.0, 1.0, 1.0, 1.0, 1.0, 1.0]"
bd7fb580,10,25,3,75.0,False,True,"[1, 1, 1]",12.11824304459066,16.44241837766601,16.44241837766601,,,,,9.305243326434816,9.305243326434823,9.305243326434816,9.305243326434816,"[9.305243326434816, 9.293113765137884, 9.30446495684543, 9.302745997592389, 9.298472834172008, 9.300010646973249, 9.303604505180337, 9.305249217742011, 9.304160842117616, 9.302427756142913, 9.302142691086747, 9.303329456414877, 9.304727776896325, 9.305260677584842, 9.304793476605868, 9.304019131215165, 9.303712533806832, 9.304080068534457, 9.30475516429646, 9.305224040340152, 9.305228665113027, 9.304902406181267, 9.304600324882966, 9.304584386469429, 9.30484413645946, 9.305164358887474, 9.305328561664329, 9.305275490687754, 9.305112784634343, 9.305006064129486, 9.305047703805286, 9.305205308423123, 9.305370864861391, 9.305452694661499, 9.305439591111679, 9.305395461350475, 9.305400614625315, 9.30548937715806, 9.305636032828675, 9.305786683865565, 9.305908908225407, 9.306014472458006, 9.30614797796839, 9.30635636131263, 9.306666183358427, 9.307083232602066, 9.307610268184824, 9.308265020734119, 9.309088197751098, 9.31013953783585, 9.311490727886463, 9.31322224064661, 9.315427671682382, 9.318224341248332, 9.32175872975341, 9.32620129647099, 9.331723468597227, 9.33846130582874, 9.346472621554414, 9.355701561524983, 9.36598394402265, 9.377091538224475, 9.388793469167322, 9.400955728880751, 9.41358481786922, 9.426690562074727, 9.44011675795967, 9.453601098641974, 9.466947878447662, 9.480122260804169, 9.493241910540037, 9.50658991991672, 9.520689193923385, 9.536262934002732, 9.554000719769043, 9.574317021965042]",75,0.767870663444772,,0.26907369553021887,0.269073695530226,9.574317021965042,,0.7900746821742303,,,,196.70326471328735,196.80806136131287,True,0.12919902801513672,0.02438521385192871,0.0,0.12919902801513672,Results/warm_start_cache/random_graphs_8to14vertices_78instances_20260625_143415_AdjacencyList__filehash_a79662a0/hog_idx000027_37c8067fe35f_seed42_L1_M1_amplified.npz,196.75476098060608,2026-08-29 16:06:17,x86_64,dacsgpu0002,,64,64,3.11.15,1.0,False,False,False,True,5,False,False,False,False,adam,False,hamqaoa,0.005,standard,1,1,42,scs,1e-06,100000,False,False,False,hog,False,False,False,False,False,False,True,1,HOG_graphs/random_graphs_8to14vertices_78instances_20260625_143415_AdjacencyList.txt,True,Results/warm_start_cache,512,60,0,16,1,1,0,0,5,0,5,10,42,True,_Exp4_v2_standardZeroAngles,1,42,27,"[(2, 6), (2, 9), (4, 6), (7, 8), (0, 5), (1, 7), (6, 9), (3, 4), (2, 8), (4, 5), (2, 5), (4, 8), (1, 3), (0, 1), (1, 9), (0, 7), (6, 8), (3, 6), (3, 9), (2, 7), (4, 7), (0, 3), (1, 5), (0, 9), (5, 8)]","[1.0, 1.0, 1.0, 1.0, 1.0, 1.0, 1.0, 1.0, 1.0, 1.0, 1.0, 1.0, 1.0, 1.0, 1.0, 1.0, 1.0, 1.0, 1.0, 1.0, 1.0, 1.0, 1.0, 1.0, 1.0]"
f307f7fb,10,20,5,75.0,False,True,"[1, 1, 1]",10.194364037160504,14.461866255422649,14.461866255422649,,,,,8.11484345822108,8.114843458221083,8.11484345822108,8.11484345822108,"[8.11484345822108, 8.080707609184246, 8.112613592525229, 8.107515348236607, 8.095277842884833, 8.10010800821233, 8.11061464639154, 8.114846759490971, 8.11088920670448, 8.105876238863738, 8.105937436282044, 8.110136121879403, 8.114058294285416, 8.114666676891435, 8.112467151169554, 8.110325962078107, 8.110355992870392, 8.11225211929538, 8.114236056773183, 8.11486593045113, 8.11407887576961, 8.112949681054726, 8.112586013683817, 8.113216916869877, 8.1142260905315, 8.114846999831075, 8.11477767526616, 8.11428553960731, 8.113872215911064, 8.113861715892348, 8.11421938043885, 8.114662752597178, 8.114910333476926, 8.11486932599828, 8.114661809841394, 8.114502603321768, 8.114531970815165, 8.114729509152022, 8.114959544305433, 8.115091984892363, 8.1150946964368, 8.115040350390395, 8.115040847508437, 8.115170083717425, 8.115432650935967, 8.11579547191103, 8.116262647178367, 8.116948557308774, 8.118106647992118, 8.120138801440646, 8.123673125898621, 8.129792949599336, 8.140396767228811, 8.158526729272266, 8.188241021542678, 8.23355764279576, 8.296377260210553, 8.374377977151505, 8.45991376173969, 8.540700820083792, 8.603961666492372, 8.64271826774454, 8.660693012581225, 8.667729050443384, 8.67137873284759, 8.676087797342232, 8.685034709840117, 8.699381039651325, 8.7178771946942, 8.73812252746856, 8.757696840502323, 8.774648816178154, 8.787773969326848, 8.796841763884022, 8.8026060638849, 8.806427340333011]",75,0.7960127212095672,,0.691583882111928,0.6915838821119316,8.806427340333011,,0.8638525471752642,,,,225.51524424552917,225.7125005722046,True,0.1987476348876953,0.0014770030975341797,0.0,0.1987476348876953,Results/warm_start_cache/random_graphs_8to14vertices_78instances_20260625_143415_AdjacencyList__filehash_a79662a0/hog_idx000031_612e090dced1_seed42_L1_M1_amplified.npz,225.52319622039795,2026-08-29 16:06:18,x86_64,dacsgpu0002,,64,64,3.11.15,1.47,False,False,False,False,,False,True,False,False,adam,False,hamqaoa,0.005,standard,1,1,42,scs,1e-06,100000,False,False,False,hog,False,False,False,False,False,False,True,1,HOG_graphs/random_graphs_8to14vertices_78instances_20260625_143415_AdjacencyList.txt,True,Results/warm_start_cache,512,60,0,16,1,1,0,0,5,0,5,10,42,True,_Exp4_v2_standardZeroAngles,1,42,31,"[(3, 5), (4, 6), (0, 2), (6, 9), (5, 7), (3, 4), (2, 8), (4, 5), (8, 9), (1, 3), (0, 1), (1, 6), (1, 9), (6, 8), (5, 6), (2, 4), (7, 9), (1, 2), (5, 8), (6, 7)]","[1.0, 1.0, 1.0, 1.0, 1.0, 1.0, 1.0, 1.0, 1.0, 1.0, 1.0, 1.0, 1.0, 1.0, 1.0, 1.0, 1.0, 1.0, 1.0, 1.0]"
7217984e,10,25,4,75.0,False,True,"[1, 1, 1]",12.11824304459066,16.44241837766601,16.44241837766601,,,,,9.305243326434816,9.305243326434823,9.305243326434816,9.305243326434816,"[9.305243326434816, 9.283359010125652, 9.30383697567844, 9.300793754845172, 9.293144368896657, 9.295790771001826, 9.302164265641217, 9.305235691372404, 9.303542636864524, 9.300507206744138, 9.299754010909748, 9.301575253128359, 9.304016508296202, 9.305234969972085, 9.30477734959628, 9.303532703064468, 9.302744553709248, 9.302990212622259, 9.303954340811549, 9.30490828144351, 9.305298479876782, 9.305056585490135, 9.304537473197685, 9.304198942816203, 9.304275986568877, 9.304676813177657, 9.305121277701307, 9.305362966214314, 9.305332647370927, 9.305140755256422, 9.30497171263869, 9.304957525292307, 9.305110388097033, 9.30534177160518, 9.305536993667618, 9.305627344067055, 9.305623600410815, 9.30559651528836, 9.305625704053432, 9.305752086366859, 9.305965154667426, 9.306223261443469, 9.306491292179606, 9.306767001070412, 9.307083802054805, 9.307494032139218, 9.308047068944084, 9.3087758086556, 9.30969828364237, 9.310831427628429, 9.312204863928134, 9.313864184683382, 9.31586124341975, 9.318234172335304, 9.320983523654505, 9.324053950708368, 9.327325720739585, 9.330625965410372, 9.333757824176715, 9.336568479490314, 9.339091720659313, 9.341701810524757, 9.344992114076444, 9.34941206610058, 9.355166635998147, 9.36239414028688, 9.371271726124833, 9.381907695609154, 9.39415175873402, 9.407546307468701, 9.42154687019648, 9.435839040987256, 9.4504636742492, 9.465709287582445, 9.481866714809906, 9.499021682815918]",75,0.767870663444772,,0.1937783563810953,0.1937783563811024,9.499021682815918,,0.7838612947324977,,,,198.73766112327576,198.8651704788208,True,0.12919902801513672,0.0016765594482421875,0.0,0.12919902801513672,Results/warm_start_cache/random_graphs_8to14vertices_78instances_20260625_143415_AdjacencyList__filehash_a79662a0/hog_idx000027_37c8067fe35f_seed42_L1_M1_amplified.npz,198.7465648651123,2026-08-29 16:06:21,x86_64,dacsgpu0002,,64,64,3.11.15,1.24,False,False,False,True,5,False,False,False,False,adam,False,hamqaoa,0.005,standard,1,1,42,scs,1e-06,100000,False,False,False,hog,False,False,False,False,False,False,True,1,HOG_graphs/random_graphs_8to14vertices_78instances_20260625_143415_AdjacencyList.txt,True,Results/warm_start_cache,512,60,0,16,1,1,0,0,5,0,5,10,42,True,_Exp4_v2_standardZeroAngles,1,42,27,"[(2, 6), (2, 9), (4, 6), (7, 8), (0, 5), (1, 7), (6, 9), (3, 4), (2, 8), (4, 5), (2, 5), (4, 8), (1, 3), (0, 1), (1, 9), (0, 7), (6, 8), (3, 6), (3, 9), (2, 7), (4, 7), (0, 3), (1, 5), (0, 9), (5, 8)]","[1.0, 1.0, 1.0, 1.0, 1.0, 1.0, 1.0, 1.0, 1.0, 1.0, 1.0, 1.0, 1.0, 1.0, 1.0, 1.0, 1.0, 1.0, 1.0, 1.0, 1.0, 1.0, 1.0, 1.0, 1.0]"
24c58baa,10,25,5,75.0,False,True,"[1, 1, 1]",12.11824304459066,16.44241837766601,16.44241837766601,,,,,9.305243326434816,9.305243326434823,9.305243326434816,9.305243326434816,"[9.305243326434816, 9.270713011265856, 9.303023934149614, 9.298293097017845, 9.286347343215656, 9.29038577652449, 9.300270626297975, 9.305202458670824, 9.3028914896765, 9.298298216929926, 9.296834916993873, 9.29923105858828, 9.302867313397064, 9.305064590243019, 9.304913372809525, 9.303331970967138, 9.301948524399851, 9.301798878508846, 9.30281330837293, 9.30421081005013, 9.305192666583524, 9.305400769080695, 9.304993136654, 9.304427066232872, 9.304142357465215, 9.304336356080801, 9.304930531594083, 9.305698686820444, 9.306440244977445, 9.307097272177058, 9.307779984324112, 9.308709768772733, 9.310127316070114, 9.312206785361521, 9.31502630386138, 9.318598436744594, 9.322932268172444, 9.328074087019875, 9.334086953479575, 9.340971112345708, 9.348581300620326, 9.356615571205744, 9.364676882897735, 9.372420925309687, 9.379783560184975, 9.386871955721384, 9.393603579312849, 9.399873699718658, 9.406014935544484, 9.41292009055546, 9.421513161029244, 9.432055941910791, 9.444189773594667, 9.457410695604734, 9.471301855061238, 9.485458788478006, 9.49943505814604, 9.512898377396745, 9.525841809047284, 9.538583702177696, 9.551548090616928, 9.565064638803642, 9.579317172343305, 9.59437813636696, 9.610249516533596, 9.626882276085365, 9.644157762886898, 9.66188168309268, 9.679846305822485, 9.697916720138858, 9.716011209273354, 9.733967158972, 9.751456876169001, 9.768091716634501, 9.783627914936943, 9.798055061737763]",75,0.767870663444772,,0.49281173530294,0.4928117353029471,9.798055061737763,,0.8085375929237051,,,,200.1387209892273,200.249920129776,True,0.12919902801513672,0.017988204956054688,0.0,0.12919902801513672,Results/warm_start_cache/random_graphs_8to14vertices_78instances_20260625_143415_AdjacencyList__filehash_a79662a0/hog_idx000027_37c8067fe35f_seed42_L1_M1_amplified.npz,200.180979013443,2026-08-29 16:06:32,x86_64,dacsgpu0002,,64,64,3.11.15,1.47,False,False,False,True,5,False,False,False,False,adam,False,hamqaoa,0.005,standard,1,1,42,scs,1e-06,100000,False,False,False,hog,False,False,False,False,False,False,True,1,HOG_graphs/random_graphs_8to14vertices_78instances_20260625_143415_AdjacencyList.txt,True,Results/warm_start_cache,512,60,0,16,1,1,0,0,5,0,5,10,42,True,_Exp4_v2_standardZeroAngles,1,42,27,"[(2, 6), (2, 9), (4, 6), (7, 8), (0, 5), (1, 7), (6, 9), (3, 4), (2, 8), (4, 5), (2, 5), (4, 8), (1, 3), (0, 1), (1, 9), (0, 7), (6, 8), (3, 6), (3, 9), (2, 7), (4, 7), (0, 3), (1, 5), (0, 9), (5, 8)]","[1.0, 1.0, 1.0, 1.0, 1.0, 1.0, 1.0, 1.0, 1.0, 1.0, 1.0, 1.0, 1.0, 1.0, 1.0, 1.0, 1.0, 1.0, 1.0, 1.0, 1.0, 1.0, 1.0, 1.0, 1.0]"
2988f7bf,8,16,1,75.0,False,True,"[1, 1, 1]",9.029354551197121,13.000000025029887,13.000000025029887,,,,,6.999999997078338,6.999999997078337,6.999999997078337,6.999999997078337,"[6.999999997078337, 6.997714789944434, 6.999850039539633, 6.9995275963881705, 6.998702670943452, 6.998991471142405, 6.999684177593765, 6.999999782085085, 6.999776402585391, 6.999432350406151, 6.999388683897458, 6.999638803297339, 6.999915329594549, 6.999996587247397, 6.999872006285098, 6.999712371182148, 6.9996829087707475, 6.999796440447093, 6.9999407530045445, 6.99999998845156, 6.9999496167715165, 6.99986236445524, 6.999829463495645, 6.999877016790107, 6.99995608975724, 6.9999990685638345, 6.999980351656816, 6.999932345062242, 6.99990788414762, 6.999929110845082, 6.999972802936414, 6.999999063724114, 6.999990091486797, 6.999963188358549, 6.999949358616642, 6.9999619344352455, 6.999986701733298, 6.999999869477072, 6.999992525512631, 6.999977099904867, 6.999971865844746, 6.999981766087264, 6.999995579363196, 6.9999997627933785, 6.999992723153536, 6.999984752419058, 6.9999853138903845, 6.999993230344522, 6.999999531577034, 6.999998372457135, 6.999992911555585, 6.999990516232538, 6.999993879435439, 6.999998733032758, 6.99999977994026, 6.9999968778031425, 6.999994433350305, 6.9999955700116105, 6.999998670620676, 6.999999986434947, 6.999998506258602, 6.999996757874618, 6.999997157957251, 6.99999905122389, 6.999999997897435, 6.999999121550437, 6.999997999202846, 6.999998247731206, 6.999999461448594, 6.999999992375398, 6.999999373119378, 6.999998716376224, 6.999999017693239, 6.999999780280654, 6.999999961499245, 6.999999482905405]",75,0.7752492116006531,,0.0,-8.881784197001252e-16,6.999999997078337,,0.7752492116006531,,,,10.258226156234741,10.353740215301514,True,0.09808826446533203,0.002557992935180664,0.0,0.09808826446533203,Results/warm_start_cache/random_graphs_8to14vertices_78instances_20260625_143415_AdjacencyList__filehash_a79662a0/hog_idx000004_4020ac98a4c9_seed42_L1_M1_amplified.npz,10.267462491989136,2026-08-29 16:09:57,x86_64,dacsgpu0002,,64,64,3.11.15,0.24,False,False,False,True,4,False,False,False,True,adam,False,hamqaoa,0.005,standard,1,1,42,scs,1e-06,100000,False,False,False,hog,False,False,False,False,False,False,True,1,HOG_graphs/random_graphs_8to14vertices_78instances_20260625_143415_AdjacencyList.txt,True,Results/warm_start_cache,512,60,0,16,1,1,0,0,5,0,5,10,42,True,_Exp4_v2_standardZeroAngles,1,42,4,"[(1, 3), (0, 1), (2, 3), (1, 6), (4, 7), (2, 6), (5, 7), (0, 7), (3, 5), (4, 6), (5, 6), (3, 7), (0, 5), (1, 4), (0, 2), (2, 4)]","[1.0, 1.0, 1.0, 1.0, 1.0, 1.0, 1.0, 1.0, 1.0, 1.0, 1.0, 1.0, 1.0, 1.0, 1.0, 1.0]"
f97e8713,8,16,2,75.0,False,True,"[1, 1, 1]",9.029354551197121,13.000000025029887,13.000000025029887,,,,,6.999999997078338,6.999999997078337,6.999999997078337,6.999999997078337,"[6.999999997078337, 6.990860981699768, 6.999403438759019, 6.998137164092404, 6.994871187718399, 6.9959749026019855, 6.99869173230089, 6.999994482427056, 6.999224666148964, 6.997891364523955, 6.997604674402098, 6.998460626362724, 6.9995407732400725, 6.999999498177283, 6.999676357381002, 6.9990722786892885, 6.998804126370393, 6.9990662258434035, 6.999585873021329, 6.999953053421364, 6.999954238410514, 6.999691693322426, 6.999448592266405, 6.999435066068299, 6.9996401114977225, 6.999886837382825, 6.999999204096017, 6.999933282924627, 6.999787592003161, 6.999703266778227, 6.999746872845152, 6.9998726241974865, 6.999978329390787, 6.999994387450725, 6.999932497561208, 6.999863199588651, 6.999850117975526, 6.999900136771318, 6.999967534461833, 6.999999744771826, 6.999981271662086, 6.999940504629029, 6.999919233633922, 6.9999355538656545, 6.999972401294333, 6.999997824434791, 6.999994647403934, 6.999973071384417, 6.999957464044232, 6.999962618714745, 6.999982251718899, 6.999997982829596, 6.99999781356351, 6.99998604731366, 6.999976868048867, 6.999979549286168, 6.999990648998474, 6.99999918030768, 6.999998337996474, 6.999991387821289, 6.999986881886482, 6.999989520522178, 6.999996089834733, 6.999999930324547, 6.999998178883899, 6.999994061982233, 6.9999926533289445, 6.999995323118455, 6.999998966413126, 6.99999990393739, 6.999997918726205, 6.999995918007569, 6.999996322503615, 6.999998486547143, 6.999999961919084, 6.999999432703804]",75,0.7752492116006531,,0.0,-8.881784197001252e-16,6.999999997078337,,0.7752492116006531,,,,18.043859004974365,18.14043378829956,True,0.09808826446533203,0.001497030258178711,0.0,0.09808826446533203,Results/warm_start_cache/random_graphs_8to14vertices_78instances_20260625_143415_AdjacencyList__filehash_a79662a0/hog_idx000004_4020ac98a4c9_seed42_L1_M1_amplified.npz,18.06639337539673,2026-08-29 16:10:04,x86_64,dacsgpu0002,,64,64,3.11.15,0.26,False,False,False,True,4,False,False,False,True,adam,False,hamqaoa,0.005,standard,1,1,42,scs,1e-06,100000,False,False,False,hog,False,False,False,False,False,False,True,1,HOG_graphs/random_graphs_8to14vertices_78instances_20260625_143415_AdjacencyList.txt,True,Results/warm_start_cache,512,60,0,16,1,1,0,0,5,0,5,10,42,True,_Exp4_v2_standardZeroAngles,1,42,4,"[(1, 3), (0, 1), (2, 3), (1, 6), (4, 7), (2, 6), (5, 7), (0, 7), (3, 5), (4, 6), (5, 6), (3, 7), (0, 5), (1, 4), (0, 2), (2, 4)]","[1.0, 1.0, 1.0, 1.0, 1.0, 1.0, 1.0, 1.0, 1.0, 1.0, 1.0, 1.0, 1.0, 1.0, 1.0, 1.0]"
f763a6a0,9,10,1,75.0,False,True,"[1, 1, 1]",6.236411627771346,8.587908447643871,8.587908447643871,,,,,4.503349186479177,4.503349186479172,4.503349186479174,4.503349186479174,"[4.503349186479174, 4.503294644209293, 4.503379979190892, 4.503435617615991, 4.503418220560917, 4.5034257620247775, 4.503469721124621, 4.503501910507388, 4.503505355514467, 4.503514520921734, 4.50355580791965, 4.503614488748774, 4.5036688023377405, 4.50372523647163, 4.503809339331887, 4.50393240977308, 4.504091526496492, 4.504292097557446, 4.504554272936311, 4.504901123911168, 4.505352350484665, 4.505926587185298, 4.506644169800508, 4.5075269015324695, 4.508596087812073, 4.50987105618866, 4.511368559204614, 4.513102879137448, 4.515086406385329, 4.517330023708228, 4.519843687997558, 4.522636857120477, 4.525718235707634, 4.529094601558373, 4.53276949919577, 4.5367422849010755, 4.541008148649842, 4.545558571397546, 4.5503810122230215, 4.555457757276945, 4.560764896106855, 4.566272300358922, 4.57194466800143, 4.5777424876184005, 4.583622515886702, 4.5895371312947955, 4.595433754212078, 4.601256055580431, 4.606945497851624, 4.612442285549633, 4.617685844111814, 4.6226162278288445, 4.627176720434147, 4.631316350449892, 4.634991365722406, 4.638166673063982, 4.640818888974249, 4.642939390760217, 4.644536156540862, 4.645634288845476, 4.646276466661518, 4.646522068516982, 4.64644393935845, 4.646123689311304, 4.645646699586365, 4.645096499516898, 4.644548480110991, 4.644064634563283, 4.643690711519672, 4.643455096792858, 4.643369087310015, 4.643428995927514, 4.64361955841018, 4.643917305321155, 4.6442938669712035, 4.644719231912551]",75,0.7221058286828471,,0.14137004543337905,0.14137004543337373,4.644719231912551,,0.7447743204167546,,,,22.27538800239563,22.38388752937317,True,0.109527587890625,0.0010120868682861328,0.0,0.109527587890625,Results/warm_start_cache/random_graphs_8to14vertices_78instances_20260625_143415_AdjacencyList__filehash_a79662a0/hog_idx000012_c06dee67e009_seed42_L1_M1_amplified.npz,22.283883333206177,2026-08-29 16:10:09,x86_64,dacsgpu0002,,64,64,3.11.15,0.3,False,False,False,False,,False,True,True,False,adam,False,hamqaoa,0.005,standard,1,1,42,scs,1e-06,100000,False,False,False,hog,False,False,False,False,False,False,True,1,HOG_graphs/random_graphs_8to14vertices_78instances_20260625_143415_AdjacencyList.txt,True,Results/warm_start_cache,512,60,0,16,1,1,0,0,5,0,5,10,42,True,_Exp4_v2_standardZeroAngles,1,42,12,"[(2, 7), (0, 1), (2, 3), (0, 4), (5, 7), (4, 6), (6, 8), (5, 6), (0, 6), (2, 4)]","[1.0, 1.0, 1.0, 1.0, 1.0, 1.0, 1.0, 1.0, 1.0, 1.0]"
d62335c2,9,21,1,75.0,False,True,"[1, 1, 1]",9.960783523542805,13.499999998623467,13.499999998623467,,,,,7.9999999949675145,7.999999994967515,7.999999994967512,7.999999994967512,"[7.999999994967512, 7.999160367083624, 7.9999456306155245, 7.999829750690659, 7.999531134476664, 7.99963068800973, 7.999878351109616, 7.99999921620252, 7.9999325094905895, 7.999811294533663, 7.999781592688275, 7.99985608610419, 7.9999544058087055, 7.999999675378016, 7.999973959352509, 7.999919317761474, 7.999891711666497, 7.999912139564216, 7.999958570951983, 7.999994044770781, 7.999997122265828, 7.999974522699821, 7.999951125657184, 7.999947541750345, 7.999964944559428, 7.999988001435285, 7.999999737033807, 7.999994748461391, 7.999981339041109, 7.999972788650917, 7.999976264378059, 7.999987872291698, 7.9999979087999895, 7.999999444943856, 7.999993483131268, 7.999986902206203, 7.999985919963647, 7.999991059806966, 7.999997444747516, 7.9999999915295446, 7.9999975855530945, 7.999993578568839, 7.99999214635825, 7.999994504999281, 7.999998219993048, 7.999999991303332, 7.999998754013678, 7.999996453756842, 7.999995616753431, 7.999997005305663, 7.999999116580752, 7.999999993566304, 7.999999159498494, 7.99999786976965, 7.999997621631717, 7.99999860290075, 7.999999736236149, 7.999999931424289, 7.999999239606276, 7.9999986002593015, 7.999998747253774, 7.9999994771965, 7.999999976326963, 7.999999809710359, 7.999999315823127, 7.999999142441055, 7.9999994804485155, 7.999999901486774, 7.999999966479096, 7.99999969462013, 7.999999465531747, 7.999999569796332, 7.9999998603163665, 7.99999999507189, 7.99999988092629, 7.999999725854344]",75,0.8031496695073354,,-3.552713678800501e-15,-2.6645352591003757e-15,7.999999994967512,,0.803149669507335,,,,22.76727318763733,22.881673336029053,True,0.11571168899536133,0.0012950897216796875,0.0,0.11571168899536133,Results/warm_start_cache/random_graphs_8to14vertices_78instances_20260625_143415_AdjacencyList__filehash_a79662a0/hog_idx000014_0210a11e9aa6_seed42_L1_M1_amplified.npz,22.776158571243286,2026-08-29 16:10:09,x86_64,dacsgpu0002,,64,64,3.11.15,0.3,False,False,False,False,,False,True,False,False,adam,False,hamqaoa,0.005,standard,1,1,42,scs,1e-06,100000,False,False,False,hog,False,False,False,False,False,False,True,1,HOG_graphs/random_graphs_8to14vertices_78instances_20260625_143415_AdjacencyList.txt,True,Results/warm_start_cache,512,60,0,16,1,1,0,0,5,0,5,10,42,True,_Exp4_v2_standardZeroAngles,1,42,14,"[(2, 3), (2, 6), (3, 5), (7, 8), (0, 8), (1, 7), (5, 7), (3, 4), (2, 8), (4, 5), (3, 7), (2, 5), (4, 8), (1, 3), (0, 7), (6, 8), (2, 4), (0, 3), (0, 6), (1, 5), (6, 7)]","[1.0, 1.0, 1.0, 1.0, 1.0, 1.0, 1.0, 1.0, 1.0, 1.0, 1.0, 1.0, 1.0, 1.0, 1.0, 1.0, 1.0, 1.0, 1.0, 1.0, 1.0]"
62dc1c6a,8,16,3,75.0,False,True,"[1, 1, 1]",9.029354551197121,13.000000025029887,13.000000025029887,,,,,6.999999997078338,6.999999997078337,6.999999997078337,6.999999997078337,"[6.999999997078337, 6.979466160743966, 6.99866633318241, 6.9958700635908535, 6.988622022308344, 6.9909949269707345, 6.996967839332665, 6.999966961236651, 6.998519872113832, 6.995664470679363, 6.9947997995228155, 6.996370248399394, 6.99866392318689, 6.999936081041429, 6.999642372710575, 6.9985028098143856, 6.997677904146303, 6.997796649412318, 6.99864609916451, 6.9995616700472985, 6.9999905666240725, 6.9998164537757015, 6.999333907303384, 6.998969723519548, 6.998976261538776, 6.999308491871657, 6.999722327998331, 6.999972615741903, 6.999962957629456, 6.999773602824125, 6.999577387457133, 6.999515368182884, 6.999616296193118, 6.999801305105761, 6.999954022521554, 6.9999988523890115, 6.999939015443891, 6.999840260864542, 6.999779496769853, 6.99979525342775, 6.999870783812658, 6.999954410125595, 6.999998048564111, 6.999986594596475, 6.999941868783616, 6.999902627526652, 6.999897033845632, 6.999926263012022, 6.9999683905084, 6.999996507159638, 6.999997212391975, 6.999977256332234, 6.999955804683197, 6.999949612943431, 6.9999620698459815, 6.999983123345787, 6.999998303923195, 6.999999516630432, 6.999989635773619, 6.9999788069985, 6.999976092540547, 6.999983153255637, 6.999994175048044, 7.000001381909534, 7.000001033932995, 6.999995600761564, 6.999990962095707, 6.999991406265029, 6.999996641926494, 7.000002788162243, 7.000005949725401, 7.000005286691674, 7.000003242884688, 7.00000309297708, 7.000006205528933, 7.000011283596723]",75,0.7752492116006531,,1.1286518385666966e-05,1.1286518384778788e-05,7.000011283596723,,0.7752504615812936,,,,28.133307456970215,28.22830080986023,True,0.09808826446533203,0.0030803680419921875,0.0,0.09808826446533203,Results/warm_start_cache/random_graphs_8to14vertices_78instances_20260625_143415_AdjacencyList__filehash_a79662a0/hog_idx000004_4020ac98a4c9_seed42_L1_M1_amplified.npz,28.145939588546753,2026-08-29 16:10:14,x86_64,dacsgpu0002,,64,64,3.11.15,0.27,False,False,False,True,4,False,False,False,True,adam,False,hamqaoa,0.005,standard,1,1,42,scs,1e-06,100000,False,False,False,hog,False,False,False,False,False,False,True,1,HOG_graphs/random_graphs_8to14vertices_78instances_20260625_143415_AdjacencyList.txt,True,Results/warm_start_cache,512,60,0,16,1,1,0,0,5,0,5,10,42,True,_Exp4_v2_standardZeroAngles,1,42,4,"[(1, 3), (0, 1), (2, 3), (1, 6), (4, 7), (2, 6), (5, 7), (0, 7), (3, 5), (4, 6), (5, 6), (3, 7), (0, 5), (1, 4), (0, 2), (2, 4)]","[1.0, 1.0, 1.0, 1.0, 1.0, 1.0, 1.0, 1.0, 1.0, 1.0, 1.0, 1.0, 1.0, 1.0, 1.0, 1.0]"
806f0284,9,10,2,75.0,False,True,"[1, 1, 1]",6.236411627771346,8.587908447643871,8.587908447643871,,,,,4.503349186479177,4.503349186479172,4.503349186479174,4.503349186479174,"[4.503349186479174, 4.502617323588233, 4.50334495476939, 4.503290404142522, 4.503055613768641, 4.5031824626075805, 4.503405468717462, 4.503467642027314, 4.50337223565384, 4.503296729080496, 4.503336557785832, 4.503427660490005, 4.503473884769443, 4.503450244582442, 4.5034047046279815, 4.5033957776538225, 4.503436672567936, 4.503492917725221, 4.50352167270611, 4.503513276784874, 4.503499734761895, 4.503516396231777, 4.50356077278842, 4.5036000056540395, 4.503613962001339, 4.503620573942531, 4.503652553155677, 4.503716140134279, 4.503789789794104, 4.503862737812517, 4.503960613575027, 4.504122056405066, 4.504365619653853, 4.504701492730957, 4.505165422317219, 4.505821289667343, 4.506741654387074, 4.508004775738345, 4.509703020137, 4.511941367570439, 4.514825901528485, 4.518455832871936, 4.522923274497363, 4.528317134722969, 4.534725061252826, 4.542230293936493, 4.550904047202126, 4.560798089651155, 4.571941098526817, 4.584338248962511, 4.597973049475271, 4.612808353116191, 4.628783710639219, 4.645809459246334, 4.663762810032881, 4.682491545861584, 4.701825241535792, 4.721588204625362, 4.7416078670240775, 4.761720301080756, 4.781780345977215, 4.8016764841566335, 4.821338574008498, 4.840728843674529, 4.859828190020452, 4.878624594276471, 4.897101509254844, 4.915233127500219, 4.932998821099413, 4.95041771658335, 4.96758459305233, 4.984672924137198, 5.001885499165763, 5.019387351914556, 5.037273419966921, 5.055581503307535]",75,0.7221058286828471,,0.5522323168283636,0.5522323168283583,5.055581503307535,,0.8106555187593039,,,,31.03988814353943,31.1435866355896,True,0.109527587890625,0.005812644958496094,0.0,0.109527587890625,Results/warm_start_cache/random_graphs_8to14vertices_78instances_20260625_143415_AdjacencyList__filehash_a79662a0/hog_idx000012_c06dee67e009_seed42_L1_M1_amplified.npz,31.048954963684082,2026-08-29 16:10:17,x86_64,dacsgpu0002,,64,64,3.11.15,0.36,False,False,False,False,,False,True,True,False,adam,False,hamqaoa,0.005,standard,1,1,42,scs,1e-06,100000,False,False,False,hog,False,False,False,False,False,False,True,1,HOG_graphs/random_graphs_8to14vertices_78instances_20260625_143415_AdjacencyList.txt,True,Results/warm_start_cache,512,60,0,16,1,1,0,0,5,0,5,10,42,True,_Exp4_v2_standardZeroAngles,1,42,12,"[(2, 7), (0, 1), (2, 3), (0, 4), (5, 7), (4, 6), (6, 8), (5, 6), (0, 6), (2, 4)]","[1.0, 1.0, 1.0, 1.0, 1.0, 1.0, 1.0, 1.0, 1.0, 1.0]"
ca4cc898,9,21,2,75.0,False,True,"[1, 1, 1]",9.960783523542805,13.499999998623467,13.499999998623467,,,,,7.9999999949675145,7.999999994967515,7.999999994967512,7.999999994967512,"[7.999999994967512, 7.996568857323071, 7.999781545759257, 7.99932881318371, 7.998137047480051, 7.99849867531618, 7.999462178784579, 7.999984619398749, 7.99981591530141, 7.999375159736289, 7.999178958715884, 7.999356213690764, 7.999699969759319, 7.999951533615589, 7.999988078149847, 7.999857839177187, 7.999704620698197, 7.999649186200515, 7.999716530253141, 7.999847491498775, 7.999959223793466, 7.999999695747133, 7.999968598402542, 7.99990555126766, 7.999858989904619, 7.99985682801812, 7.999895604563118, 7.999949292384453, 7.999989047917289, 7.999999117522727, 7.999982653373099, 7.999956245612535, 7.999938516977228, 7.999939498146386, 7.9999569556241426, 7.99997985149855, 7.999996156693086, 7.999999424058855, 7.999991392764523, 7.999979601842399, 7.999972288516647, 7.9999736218057595, 7.999982155342518, 7.99999248214651, 7.999999069633932, 7.999999384344722, 7.999994873692378, 7.9999895478351215, 7.9999871157482145, 7.999988936006423, 7.999993553277936, 7.9999980452843085, 8.000000045897318, 7.999999022642148, 7.999996418613244, 7.999994392564198, 7.999994338914794, 7.999996147213803, 7.999998515937363, 8.000000002087145, 7.999999964551295, 7.999998854374371, 7.999997767912434, 7.999997546457838, 7.999998330124596, 7.999999499382104, 8.00000030889915, 8.000000376708, 7.9999998822246745, 7.9999993967559035, 7.999999366146785, 7.999999856014793, 8.0000005649386, 8.000001061429781, 8.00000115206614, 8.00000100345228]",75,0.8031496695073354,,1.0084847641422812e-06,1.0084847650304596e-06,8.00000100345228,,0.8031497707528611,,,,33.29159712791443,33.40624761581421,True,0.11571168899536133,0.0010466575622558594,0.0,0.11571168899536133,Results/warm_start_cache/random_graphs_8to14vertices_78instances_20260625_143415_AdjacencyList__filehash_a79662a0/hog_idx000014_0210a11e9aa6_seed42_L1_M1_amplified.npz,33.299407958984375,2026-08-29 16:10:20,x86_64,dacsgpu0002,,64,64,3.11.15,0.36,False,False,False,False,,False,True,False,False,adam,False,hamqaoa,0.005,standard,1,1,42,scs,1e-06,100000,False,False,False,hog,False,False,False,False,False,False,True,1,HOG_graphs/random_graphs_8to14vertices_78instances_20260625_143415_AdjacencyList.txt,True,Results/warm_start_cache,512,60,0,16,1,1,0,0,5,0,5,10,42,True,_Exp4_v2_standardZeroAngles,1,42,14,"[(2, 3), (2, 6), (3, 5), (7, 8), (0, 8), (1, 7), (5, 7), (3, 4), (2, 8), (4, 5), (3, 7), (2, 5), (4, 8), (1, 3), (0, 7), (6, 8), (2, 4), (0, 3), (0, 6), (1, 5), (6, 7)]","[1.0, 1.0, 1.0, 1.0, 1.0, 1.0, 1.0, 1.0, 1.0, 1.0, 1.0, 1.0, 1.0, 1.0, 1.0, 1.0, 1.0, 1.0, 1.0, 1.0, 1.0]"
a664f3c5,9,10,3,75.0,False,True,"[1, 1, 1]",6.236411627771346,8.587908447643871,8.587908447643871,,,,,4.503349186479177,4.503349186479172,4.503349186479174,4.503349186479174,"[4.503349186479174, 4.501274421610083, 4.503270447086675, 4.503009999748711, 4.502356413637094, 4.502651399552514, 4.503225154431972, 4.503463270321625, 4.503308626755002, 4.503074975506967, 4.50303331979525, 4.503180238071602, 4.503358390784162, 4.503444070114665, 4.50342077354331, 4.5033482429366565, 4.503297727814361, 4.503305545861389, 4.503363720879724, 4.503437834178086, 4.503492653762385, 4.503510146940938, 4.5034946754411465, 4.503466344703733, 4.503447797935255, 4.5034520406473515, 4.503477778371682, 4.50351316539298, 4.5035441873057165, 4.503562266602339, 4.503567851124219, 4.50356900696733, 4.50357648143178, 4.503597431795962, 4.503632237221654, 4.503676154987241, 4.503724574926678, 4.503778318370069, 4.5038459748534985, 4.5039437120263965, 4.504094598783823, 4.504329824723805, 4.504694170432402, 4.505255459998561, 4.506114559265462, 4.507414186766242, 4.509345349312957, 4.512150840179172, 4.516119351683989, 4.521558339724979, 4.528718955323159, 4.537687373796288, 4.54828754491564, 4.560143009482023, 4.572851249905367, 4.585772194510785, 4.59817274243465, 4.609634217387442, 4.620426406622582, 4.6312711164445535, 4.64279512152016, 4.655188484901143, 4.668198609248824, 4.6814788049746845, 4.694983711760969, 4.708930838152763, 4.723487083369265, 4.738697646305477, 4.754564240310951, 4.771108594290588, 4.788407264730099, 4.806579483703575, 4.825741215426548, 4.845971286784692, 4.867308505446902, 4.889763178364735]",75,0.7221058286828471,,0.38641399188556314,0.3864139918855578,4.889763178364735,,0.7840667791378851,,,,39.522706031799316,39.63008236885071,True,0.109527587890625,0.002134561538696289,0.0,0.109527587890625,Results/warm_start_cache/random_graphs_8to14vertices_78instances_20260625_143415_AdjacencyList__filehash_a79662a0/hog_idx000012_c06dee67e009_seed42_L1_M1_amplified.npz,39.531158447265625,2026-08-29 16:10:26,x86_64,dacsgpu0002,,64,64,3.11.15,0.42,False,False,False,False,,False,True,True,False,adam,False,hamqaoa,0.005,standard,1,1,42,scs,1e-06,100000,False,False,False,hog,False,False,False,False,False,False,True,1,HOG_graphs/random_graphs_8to14vertices_78instances_20260625_143415_AdjacencyList.txt,True,Results/warm_start_cache,512,60,0,16,1,1,0,0,5,0,5,10,42,True,_Exp4_v2_standardZeroAngles,1,42,12,"[(2, 7), (0, 1), (2, 3), (0, 4), (5, 7), (4, 6), (6, 8), (5, 6), (0, 6), (2, 4)]","[1.0, 1.0, 1.0, 1.0, 1.0, 1.0, 1.0, 1.0, 1.0, 1.0]"
d9d15ec4,8,16,4,75.0,False,True,"[1, 1, 1]",8.13007668131079,10.537680521562285,10.537680521562285,,,,,6.140917553571734,6.140917553571733,6.140917553571736,6.140917553571736,"[6.140917553571736, 6.146366311791118, 6.143598094479791, 6.145361097503505, 6.147663077056374, 6.147652556623814, 6.146446140282011, 6.146410592123986, 6.147509732928359, 6.148270579462458, 6.147987755914613, 6.1474745785017815, 6.147723780340768, 6.148534268737413, 6.149031177906672, 6.14886912475581, 6.1486188734709115, 6.148867505373584, 6.149398210724504, 6.1496300851880425, 6.149499168597409, 6.149525847578767, 6.149972929738051, 6.150495165077719, 6.150770501014334, 6.151012092765811, 6.151575969263659, 6.15239661748778, 6.153198432250534, 6.154033163823847, 6.155235746985495, 6.156926791725317, 6.158982827980086, 6.161460643978787, 6.164676554218747, 6.168879768290125, 6.174169506044104, 6.180702009125094, 6.188752233350658, 6.198561800797328, 6.210221421113311, 6.223668507761493, 6.238683706401877, 6.254854541905388, 6.271550726681751, 6.287940943538615, 6.30306598472865, 6.315967534284653, 6.325869682815176, 6.332440797258644, 6.336097125023759, 6.338003241221055, 6.3396353809739185, 6.342274436321989, 6.346676565953794, 6.35295793790518, 6.36064823974905, 6.368905477985384, 6.376827645374426, 6.383757667579964, 6.389485198696247, 6.394268161000315, 6.398661999119873, 6.4032418012857635, 6.408366419403098, 6.414089476939453, 6.420218899502898, 6.426454585783326, 6.432522812683586, 6.43824976054119, 6.443566921063021, 6.448476604212824, 6.4530132700251075, 6.457220469510266, 6.461154561650629, 6.464911049371766]",75,0.7553332882687707,,0.3239934958000328,0.3239934958000319,6.464911049371766,,0.7951845108955905,,,,40.895528078079224,41.00856971740723,True,0.11764717102050781,0.004590272903442383,0.0,0.11764717102050781,Results/warm_start_cache/random_graphs_8to14vertices_78instances_20260625_143415_AdjacencyList__filehash_a79662a0/hog_idx000002_76de0eb4d2db_seed42_L1_M1_amplified.npz,40.90635275840759,2026-08-29 16:10:27,x86_64,dacsgpu0002,,64,64,3.11.15,0.28,False,False,False,False,,False,True,False,False,adam,False,hamqaoa,0.005,standard,1,1,42,scs,1e-06,100000,False,False,False,hog,False,False,False,False,False,False,True,1,HOG_graphs/random_graphs_8to14vertices_78instances_20260625_143415_AdjacencyList.txt,True,Results/warm_start_cache,512,60,0,16,1,1,0,0,5,0,5,10,42,True,_Exp4_v2_standardZeroAngles,1,42,2,"[(2, 7), (2, 6), (4, 6), (1, 2), (0, 6), (3, 4), (1, 5), (4, 5), (3, 7), (2, 5), (6, 7), (0, 5), (1, 4), (3, 6), (2, 4), (1, 7)]","[1.0, 1.0, 1.0, 1.0, 1.0, 1.0, 1.0, 1.0, 1.0, 1.0, 1.0, 1.0, 1.0, 1.0, 1.0, 1.0]"
f167e083,8,16,4,75.0,False,True,"[1, 1, 1]",9.029354551197121,13.000000025029887,13.000000025029887,,,,,6.999999997078338,6.999999997078337,6.999999997078337,6.999999997078337,"[6.999999997078337, 6.963576172987352, 6.997645052024397, 6.992765039421322, 6.98008631532276, 6.984122836051366, 6.994473480467235, 6.999888113716511, 6.997814274461193, 6.993067486739186, 6.991221116642163, 6.993367387026966, 6.997075791939317, 6.999602735130366, 6.99981412588709, 6.998385012600215, 6.996849301271254, 6.996371302964633, 6.997112026513199, 6.998442763450847, 6.999561831730088, 6.999992420797819, 6.99974111621833, 6.999162820177868, 6.998689047239085, 6.998588423460616, 6.998870265785762, 6.999345535683526, 6.999769858546097, 6.999975310317765, 6.999932978387691, 6.999736305743826, 6.999531518599999, 6.999437562656855, 6.999494641355822, 6.999660506728928, 6.999846466509142, 6.9999689589243514, 6.999989125335942, 6.99992422025178, 6.999829867832351, 6.999766399503982, 6.999767862140931, 6.999829179879531, 6.999914962992109, 6.999982646601432, 7.000005518865949, 6.999984221336424, 6.999942454304993, 6.999911054622152, 6.999910470728849, 6.999941360230875, 6.999987555240856, 7.000027669196471, 7.000048256486959, 7.000050569317407, 7.000048363655434, 7.00005898465429, 7.000094028745078, 7.000154989832263, 7.000236426156098, 7.000334223089403, 7.000453519227767, 7.000613541220681, 7.000847254687213, 7.00120012158375, 7.001736227629898, 7.002554059547665, 7.003822640600671, 7.005842501468315, 7.009145235529708, 7.014647077074514, 7.023867078755984, 7.039084667034062, 7.063125658221702, 7.098364022161744]",75,0.7752492116006531,,0.09836402508340658,0.09836402508340569,7.098364022161744,,0.7861430163045968,,,,41.963200092315674,42.05993843078613,True,0.09808826446533203,0.0013341903686523438,0.0,0.09808826446533203,Results/warm_start_cache/random_graphs_8to14vertices_78instances_20260625_143415_AdjacencyList__filehash_a79662a0/hog_idx000004_4020ac98a4c9_seed42_L1_M1_amplified.npz,41.977596282958984,2026-08-29 16:10:28,x86_64,dacsgpu0002,,64,64,3.11.15,0.28,False,False,False,True,4,False,False,False,True,adam,False,hamqaoa,0.005,standard,1,1,42,scs,1e-06,100000,False,False,False,hog,False,False,False,False,False,False,True,1,HOG_graphs/random_graphs_8to14vertices_78instances_20260625_143415_AdjacencyList.txt,True,Results/warm_start_cache,512,60,0,16,1,1,0,0,5,0,5,10,42,True,_Exp4_v2_standardZeroAngles,1,42,4,"[(1, 3), (0, 1), (2, 3), (1, 6), (4, 7), (2, 6), (5, 7), (0, 7), (3, 5), (4, 6), (5, 6), (3, 7), (0, 5), (1, 4), (0, 2), (2, 4)]","[1.0, 1.0, 1.0, 1.0, 1.0, 1.0, 1.0, 1.0, 1.0, 1.0, 1.0, 1.0, 1.0, 1.0, 1.0, 1.0]"
63c0b68c,9,21,3,75.0,False,True,"[1, 1, 1]",9.960783523542805,13.499999998623467,13.499999998623467,,,,,7.9999999949675145,7.999999994967515,7.999999994967512,7.999999994967512,"[7.999999994967512, 7.992119082922448, 7.99950589188616, 7.998511504631294, 7.995847538196753, 7.996586557168757, 7.998686517162465, 7.9999211646068655, 7.9997391695251645, 7.998886142638395, 7.998352255273238, 7.998511572369075, 7.999104996968043, 7.999689593571389, 7.999979672542885, 7.999939994405423, 7.9997139934269725, 7.999494168745953, 7.999410485283701, 7.999485881576442, 7.999659241175706, 7.999840636247576, 7.999960666885658, 7.99999319698345, 7.9999542475833785, 7.999884213438599, 7.999825451644289, 7.999805178690857, 7.999828188694877, 7.9998794994556, 7.999935363097429, 7.999974421772704, 7.999986325018501, 7.999974136964342, 7.999950675670683, 7.999931438741553, 7.999927183497317, 7.999939944325691, 7.999963277204937, 7.999986484453374, 8.000000446263202, 8.00000162337113, 7.9999931996264735, 7.999982885935716, 7.999978726636016, 7.999985190714555, 8.000001615808024, 8.00002368797963, 8.000046563269159, 8.000068126825811, 8.000091055099075, 8.000122468056219, 8.00017245615351, 8.000253075731816, 8.000379096352313, 8.000573007300263, 8.000874759786218, 8.001357381053293, 8.002155739285735, 8.003511237266853, 8.005835705478598, 8.0097811313067, 8.01625517215082, 8.026265843705946, 8.040521352671854, 8.05884646813725, 8.079609420808328, 8.099960849957299, 8.117627383870479, 8.131079053582448, 8.141580444707383, 8.152556603536457, 8.165781500061016, 8.180647908810618, 8.195803222486282, 8.210316202289507]",75,0.8031496695073354,,0.2103162073219913,0.2103162073219922,8.210316202289507,,0.8242640935709543,,,,42.65331697463989,42.76778841018677,True,0.11571168899536133,0.0012254714965820312,0.0,0.11571168899536133,Results/warm_start_cache/random_graphs_8to14vertices_78instances_20260625_143415_AdjacencyList__filehash_a79662a0/hog_idx000014_0210a11e9aa6_seed42_L1_M1_amplified.npz,42.66187000274658,2026-08-29 16:10:29,x86_64,dacsgpu0002,,64,64,3.11.15,0.42,False,False,False,False,,False,True,False,False,adam,False,hamqaoa,0.005,standard,1,1,42,scs,1e-06,100000,False,False,False,hog,False,False,False,False,False,False,True,1,HOG_graphs/random_graphs_8to14vertices_78instances_20260625_143415_AdjacencyList.txt,True,Results/warm_start_cache,512,60,0,16,1,1,0,0,5,0,5,10,42,True,_Exp4_v2_standardZeroAngles,1,42,14,"[(2, 3), (2, 6), (3, 5), (7, 8), (0, 8), (1, 7), (5, 7), (3, 4), (2, 8), (4, 5), (3, 7), (2, 5), (4, 8), (1, 3), (0, 7), (6, 8), (2, 4), (0, 3), (0, 6), (1, 5), (6, 7)]","[1.0, 1.0, 1.0, 1.0, 1.0, 1.0, 1.0, 1.0, 1.0, 1.0, 1.0, 1.0, 1.0, 1.0, 1.0, 1.0, 1.0, 1.0, 1.0, 1.0, 1.0]"
2dfb86c4,9,10,4,75.0,False,True,"[1, 1, 1]",6.236411627771346,8.587908447643871,8.587908447643871,,,,,4.503349186479177,4.503349186479172,4.503349186479174,4.503349186479174,"[4.503349186479174, 4.499224051105181, 4.503156982054728, 4.502621017411607, 4.501337622192091, 4.501820886163908, 4.502889585740348, 4.503440386064181, 4.5033069604298985, 4.50291165203948, 4.502705746763514, 4.502811915304911, 4.50307874083462, 4.503313595269458, 4.503422088666095, 4.5034151574449135, 4.503354794360343, 4.503301582527563, 4.503289266289585, 4.503321359984556, 4.503380705246008, 4.503444046953324, 4.503494715665976, 4.503529633782759, 4.503559523004759, 4.503603520753692, 4.503682872849219, 4.503817425726693, 4.504028761161154, 4.504351224187092, 4.504850180081991, 4.505646718727778, 4.506945110660328, 4.509053373367909, 4.512378894178424, 4.517372088871503, 4.524392090315811, 4.533515947557121, 4.544429991740226, 4.55652198018324, 4.568749239177415, 4.579731890703195, 4.588466082881693, 4.595500861045384, 4.602837725386189, 4.611920310388954, 4.622738025315067, 4.6346605861276355, 4.647270619748059, 4.660355956498894, 4.673783539356263, 4.687685221489406, 4.702462888145257, 4.718526649260705, 4.736058008150825, 4.754951645486256, 4.7748881501893665, 4.795487801619905, 4.816506308269043, 4.8379932554353005, 4.860298094184979, 4.8838679496692405, 4.908963275701834, 4.9355193564341535, 4.963252011830935, 4.991912498623338, 5.021495418305922, 5.052236343084223, 5.084404455699306, 5.1180927568318735, 5.153169068491632, 5.189360241629547, 5.226347427470734, 5.263787840233277, 5.301255255304978, 5.338169283961214]",75,0.7221058286828471,,0.8348200974820426,0.8348200974820372,5.338169283961214,,0.8559680794945972,,,,54.836365699768066,54.94447302818298,True,0.109527587890625,0.0014028549194335938,0.0,0.109527587890625,Results/warm_start_cache/random_graphs_8to14vertices_78instances_20260625_143415_AdjacencyList__filehash_a79662a0/hog_idx000012_c06dee67e009_seed42_L1_M1_amplified.npz,54.85920691490173,2026-08-29 16:10:41,x86_64,dacsgpu0002,,64,64,3.11.15,0.47,False,False,False,False,,False,True,True,False,adam,False,hamqaoa,0.005,standard,1,1,42,scs,1e-06,100000,False,False,False,hog,False,False,False,False,False,False,True,1,HOG_graphs/random_graphs_8to14vertices_78instances_20260625_143415_AdjacencyList.txt,True,Results/warm_start_cache,512,60,0,16,1,1,0,0,5,0,5,10,42,True,_Exp4_v2_standardZeroAngles,1,42,12,"[(2, 7), (0, 1), (2, 3), (0, 4), (5, 7), (4, 6), (6, 8), (5, 6), (0, 6), (2, 4)]","[1.0, 1.0, 1.0, 1.0, 1.0, 1.0, 1.0, 1.0, 1.0, 1.0]"
9578a27b,9,27,1,75.0,False,True,"[1, 1, 1]",11.165162775970071,13.898909843885939,13.898909843885939,,,,,8.96362768035657,8.963627680356572,8.963627680356566,8.963627680356566,"[8.963627680356566, 8.968325999527268, 8.972236677083608, 8.975317988522024, 8.977529424910081, 8.978870760561998, 8.97941019796786, 8.979307819604678, 8.978811537382038, 8.978209453535731, 8.977753116099311, 8.977589240039999, 8.9777445688441, 8.97815739387631, 8.978721951492648, 8.979325878626788, 8.97987541490982, 8.980310798254465, 8.980612726935764, 8.980795685874984, 8.980894795923696, 8.980954089242177, 8.98101799582772, 8.981125076230429, 8.981303271741398, 8.981566229969548, 8.98191245683352, 8.98232729423137, 8.982787977012034, 8.98327022374391, 8.983755016356625, 8.98423422967381, 8.984713749310021, 8.98521217984144, 8.985757042127423, 8.986377888878183, 8.987099717009496, 8.987938955633535, 8.98890229895204, 8.989990349078411, 8.991204162149296, 8.992551103341254, 8.9940489841872, 8.995726879392024, 8.997623261237335, 8.9997803801789, 9.002239229346193, 9.005037471865153, 9.008207941383235, 9.01178091948611, 9.015783859416878, 9.02024168281262, 9.025174928014188, 9.030597956385982, 9.036515211150771, 9.042919868696615, 9.049791347236814, 9.057094345786577, 9.064777639553924, 9.072773090650127, 9.080996192356203, 9.089345630327387, 9.097704715842227, 9.105942293235161, 9.113916603107967, 9.12147856459859, 9.128479089066916, 9.134776989633556, 9.140249939692525, 9.14480835203382, 9.148409612668946, 9.151072158711095, 9.152884931829243, 9.154008074311921, 9.154659519770506, 9.155086522059047]",75,0.8028210479517867,,0.19145884170247562,0.1914588417024774,9.155086522059047,,0.8199689252863238,,,,28.704225540161133,28.834671020507812,True,0.13671135902404785,0.006249189376831055,0.0,0.13671135902404785,Results/warm_start_cache/random_graphs_8to14vertices_78instances_20260625_143415_AdjacencyList__filehash_a79662a0/hog_idx000021_a5ae36a42a3c_seed42_L1_M1_amplified.npz,28.742435693740845,2026-08-29 16:10:43,x86_64,dacsgpu0002,,64,64,3.11.15,0.3,False,False,False,False,,False,False,False,False,adam,False,hamqaoa,0.005,standard,1,1,42,scs,1e-06,100000,False,False,False,hog,False,False,False,False,False,False,True,1,HOG_graphs/random_graphs_8to14vertices_78instances_20260625_143415_AdjacencyList.txt,True,Results/warm_start_cache,512,60,0,16,1,1,0,0,5,0,5,10,42,True,_Exp4_v2_standardZeroAngles,1,42,21,"[(2, 3), (2, 6), (3, 5), (7, 8), (0, 5), (1, 4), (0, 2), (0, 8), (1, 7), (5, 7), (3, 4), (2, 8), (4, 5), (2, 5), (4, 8), (1, 3), (0, 1), (1, 6), (0, 4), (6, 8), (2, 4), (2, 7), (0, 3), (1, 2), (1, 8), (0, 6), (1, 5)]","[1.0, 1.0, 1.0, 1.0, 1.0, 1.0, 1.0, 1.0, 1.0, 1.0, 1.0, 1.0, 1.0, 1.0, 1.0, 1.0, 1.0, 1.0, 1.0, 1.0, 1.0, 1.0, 1.0, 1.0, 1.0, 1.0, 1.0]"
e8148e13,8,16,5,75.0,False,True,"[1, 1, 1]",8.13007668131079,10.537680521562285,10.537680521562285,,,,,6.140917553571734,6.140917553571733,6.140917553571736,6.140917553571736,"[6.140917553571736, 6.144731275856852, 6.14312525384248, 6.146432900717096, 6.1475896274718576, 6.146030350976587, 6.145649851273514, 6.147067543850529, 6.1480070492445, 6.147468583234365, 6.146922104445326, 6.14756177359375, 6.148551496836683, 6.148680161828284, 6.148180749569645, 6.148194843802877, 6.14882569836654, 6.149163247887152, 6.148897026532305, 6.148802027862369, 6.149304746360304, 6.149808466213728, 6.149881559338967, 6.150005130375526, 6.150600832507945, 6.151301835787859, 6.15177871266834, 6.15242369582603, 6.153609583611475, 6.155099793635642, 6.15677525804828, 6.159079464339202, 6.162367045921897, 6.166670796239129, 6.172250590418703, 6.1796939367312795, 6.189493009954893, 6.201918133660631, 6.217115056846378, 6.235007800161056, 6.255100830565719, 6.276354680534062, 6.297160745486207, 6.315453644539712, 6.3291232720965205, 6.336973755646962, 6.339694566626992, 6.33962943867631, 6.339662702072495, 6.342126409568663, 6.348010028975776, 6.356890095977824, 6.367420657346648, 6.37789816145121, 6.386787928904811, 6.393239116966149, 6.397445195307523, 6.400543465608217, 6.403941464121289, 6.408552729931044, 6.414510061164778, 6.421384129870914, 6.428593565323597, 6.43572070759472, 6.44258385997193, 6.449101519265733, 6.45514477709496, 6.4605629249290555, 6.465359205431229, 6.469832949293512, 6.47450580235812, 6.4798204905908365, 6.485863532477034, 6.492369255984504, 6.498966400324832, 6.505430399296671]",75,0.7553332882687707,,0.3645128457249376,0.3645128457249367,6.505430399296671,,0.8001683937681899,,,,58.405797481536865,58.521692752838135,True,0.11764717102050781,0.0017359256744384766,0.0,0.11764717102050781,Results/warm_start_cache/random_graphs_8to14vertices_78instances_20260625_143415_AdjacencyList__filehash_a79662a0/hog_idx000002_76de0eb4d2db_seed42_L1_M1_amplified.npz,58.425328493118286,2026-08-29 16:10:45,x86_64,dacsgpu0002,,64,64,3.11.15,0.29,False,False,False,False,,False,True,False,False,adam,False,hamqaoa,0.005,standard,1,1,42,scs,1e-06,100000,False,False,False,hog,False,False,False,False,False,False,True,1,HOG_graphs/random_graphs_8to14vertices_78instances_20260625_143415_AdjacencyList.txt,True,Results/warm_start_cache,512,60,0,16,1,1,0,0,5,0,5,10,42,True,_Exp4_v2_standardZeroAngles,1,42,2,"[(2, 7), (2, 6), (4, 6), (1, 2), (0, 6), (3, 4), (1, 5), (4, 5), (3, 7), (2, 5), (6, 7), (0, 5), (1, 4), (3, 6), (2, 4), (1, 7)]","[1.0, 1.0, 1.0, 1.0, 1.0, 1.0, 1.0, 1.0, 1.0, 1.0, 1.0, 1.0, 1.0, 1.0, 1.0, 1.0]"
30345582,8,16,5,75.0,False,True,"[1, 1, 1]",9.029354551197121,13.000000025029887,13.000000025029887,,,,,6.999999997078338,6.999999997078337,6.999999997078337,6.999999997078337,"[6.999999997078337, 6.943254906644646, 6.9963462616916186, 6.988861557744853, 6.969419352258144, 6.975464105267692, 6.991188149327183, 6.99971818440899, 6.99723426300003, 6.990429566116497, 6.987212591599455, 6.989595582796104, 6.994658073482401, 6.998727559314745, 6.999981414732106, 6.998802435317093, 6.9967911601645145, 6.995490304487488, 6.995571063409558, 6.9967642513236195, 6.998310582372496, 6.999492788334281, 6.999954038314041, 6.999745422375195, 6.999186830744252, 6.998660448840492, 6.9984362747408575, 6.998586138593635, 6.998999329001925, 6.999469530618382, 6.999803548535194, 6.999903216565115, 6.999792528951657, 6.999587246073692, 6.999427875756648, 6.999410547988297, 6.999548725165008, 6.999779599252744, 7.000005924294392, 7.000149656225602, 7.00019017312611, 7.000172256074897, 7.000181910694549, 7.000305468828307, 7.000599438499005, 7.0010848768857565, 7.001774667290311, 7.002723975395907, 7.004090978211, 7.006200097567984, 7.009626270703648, 7.015276261424617, 7.024478342246707, 7.039082802120294, 7.061420982022471, 7.09352310105671, 7.134971638355316, 7.180993523006, 7.223181936073468, 7.253534425014388, 7.26931388899188, 7.276520403029838, 7.28588833069604, 7.3050696851767105, 7.334903753084895, 7.3706612020797, 7.406892007176483, 7.439833982298496, 7.467723545924325, 7.490892282032216, 7.512100795810675, 7.535883155542981, 7.565512903317479, 7.600619508576068, 7.637341869723279, 7.671054215694692]",75,0.7752492116006531,,0.6710542186163551,0.6710542186163542,7.671054215694692,,0.8495683907636183,,,,59.1693639755249,59.26607131958008,True,0.09808826446533203,0.001360177993774414,0.0,0.09808826446533203,Results/warm_start_cache/random_graphs_8to14vertices_78instances_20260625_143415_AdjacencyList__filehash_a79662a0/hog_idx000004_4020ac98a4c9_seed42_L1_M1_amplified.npz,59.18149280548096,2026-08-29 16:10:46,x86_64,dacsgpu0002,,64,64,3.11.15,0.29,False,False,False,True,4,False,False,False,True,adam,False,hamqaoa,0.005,standard,1,1,42,scs,1e-06,100000,False,False,False,hog,False,False,False,False,False,False,True,1,HOG_graphs/random_graphs_8to14vertices_78instances_20260625_143415_AdjacencyList.txt,True,Results/warm_start_cache,512,60,0,16,1,1,0,0,5,0,5,10,42,True,_Exp4_v2_standardZeroAngles,1,42,4,"[(1, 3), (0, 1), (2, 3), (1, 6), (4, 7), (2, 6), (5, 7), (0, 7), (3, 5), (4, 6), (5, 6), (3, 7), (0, 5), (1, 4), (0, 2), (2, 4)]","[1.0, 1.0, 1.0, 1.0, 1.0, 1.0, 1.0, 1.0, 1.0, 1.0, 1.0, 1.0, 1.0, 1.0, 1.0, 1.0]"
27c9fe01,9,21,4,75.0,False,True,"[1, 1, 1]",9.960783523542805,13.499999998623467,13.499999998623467,,,,,7.9999999949675145,7.999999994967515,7.999999994967512,7.999999994967512,"[7.999999994967512, 7.985710177689109, 7.999116864970606, 7.997393142376704, 7.99270055180039, 7.993895112901663, 7.997501714801966, 7.999760132470696, 7.999738677203473, 7.998506934642804, 7.997526298149153, 7.9974869935149995, 7.998194383041239, 7.999094035177175, 7.999743871640735, 7.9999845679165125, 7.9998889747292905, 7.999636688042935, 7.999403984255613, 7.9993003723422085, 7.999351039160241, 7.999513259514553, 7.999711584752887, 7.9998741304863845, 7.999958743625516, 7.999963565154991, 7.999920530217571, 7.999877427801005, 7.99987580126253, 7.999935243872566, 8.0000496809796, 8.000198993049436, 8.000367559097876, 8.000563737934996, 8.00083217219334, 8.001260016732415, 8.001984704127153, 8.003214530403548, 8.005269730774165, 8.00865198856686, 8.01411323249438, 8.022637436296064, 8.035158113057888, 8.051925046901276, 8.071849130384813, 8.09282422560186, 8.112370576046347, 8.128563397671503, 8.141013035230174, 8.150386628751786, 8.157861493466983, 8.165345771140416, 8.174565276369506, 8.186447536306368, 8.201190684946354, 8.218197749942178, 8.236459366861627, 8.254990444801848, 8.273208035680936, 8.291204785991196, 8.309718361655095, 8.329715677012292, 8.351876958505615, 8.376351685452578, 8.402856632322534, 8.430972857762367, 8.460441320850743, 8.491300941787948, 8.52381984111106, 8.558295255782303, 8.594866602446185, 8.63343340483445, 8.673659524289775, 8.71501865617312, 8.756869654678221, 8.798560591393148]",75,0.8031496695073354,,0.7985605964256326,0.7985605964256335,8.798560591393148,,0.8833201294453709,,,,65.07448506355286,65.18752717971802,True,0.11571168899536133,0.0026543140411376953,0.0,0.11571168899536133,Results/warm_start_cache/random_graphs_8to14vertices_78instances_20260625_143415_AdjacencyList__filehash_a79662a0/hog_idx000014_0210a11e9aa6_seed42_L1_M1_amplified.npz,65.09372425079346,2026-08-29 16:10:51,x86_64,dacsgpu0002,,64,64,3.11.15,0.48,False,False,False,False,,False,True,False,False,adam,False,hamqaoa,0.005,standard,1,1,42,scs,1e-06,100000,False,False,False,hog,False,False,False,False,False,False,True,1,HOG_graphs/random_graphs_8to14vertices_78instances_20260625_143415_AdjacencyList.txt,True,Results/warm_start_cache,512,60,0,16,1,1,0,0,5,0,5,10,42,True,_Exp4_v2_standardZeroAngles,1,42,14,"[(2, 3), (2, 6), (3, 5), (7, 8), (0, 8), (1, 7), (5, 7), (3, 4), (2, 8), (4, 5), (3, 7), (2, 5), (4, 8), (1, 3), (0, 7), (6, 8), (2, 4), (0, 3), (0, 6), (1, 5), (6, 7)]","[1.0, 1.0, 1.0, 1.0, 1.0, 1.0, 1.0, 1.0, 1.0, 1.0, 1.0, 1.0, 1.0, 1.0, 1.0, 1.0, 1.0, 1.0, 1.0, 1.0, 1.0]"
eab297d8,9,27,2,75.0,False,True,"[1, 1, 1]",11.165162775970071,13.898909843885939,13.898909843885939,,,,,8.96362768035657,8.963627680356572,8.963627680356566,8.963627680356566,"[8.963627680356566, 8.972057935089095, 8.977284337448998, 8.979324298324025, 8.9788177304639, 8.977307457869612, 8.9763741734547, 8.976621194440225, 8.977826193386935, 8.979447208843075, 8.980954005673242, 8.981991285984831, 8.982455168451544, 8.982500520014726, 8.982455704247696, 8.98265956508093, 8.983311974281026, 8.98441741565934, 8.985830271207524, 8.987350579873397, 8.988828336779216, 8.990235931159697, 8.991682278407172, 8.993353794483065, 8.995417395232405, 8.997944783844611, 9.000902174703617, 9.00419978272671, 9.007768325501551, 9.01161926493185, 9.01585251918041, 9.020603565112753, 9.025967953701041, 9.031957654164668, 9.038512109217939, 9.045546311422921, 9.053000003699413, 9.060862228419275, 9.069154448998889, 9.07788759847856, 9.087025904510085, 9.09648345220941, 9.106151702121211, 9.115933318306404, 9.125751826118377, 9.135535249358261, 9.145189517041743, 9.154588147883352, 9.163585965372533, 9.172048919073656, 9.179879638472578, 9.187028090248809, 9.193484129921607, 9.199267695523183, 9.204427795975892, 9.209051526072098, 9.213271677473028, 9.217260767980637, 9.221213891939296, 9.225327968584432, 9.229784989932591, 9.234740708820215, 9.240318018897973, 9.246603968611838, 9.253654184619926, 9.261507234052566, 9.27020430629076, 9.279777486611202, 9.290229297102421, 9.30153364441802, 9.31364448792377, 9.326499923298163, 9.340019883460032, 9.354102760900007, 9.36862064946283, 9.383418718510177]",75,0.8028210479517867,,0.41979103815360475,0.4197910381536065,9.383418718510177,,0.8404193388658331,,,,43.93794536590576,44.071380376815796,True,0.13671135902404785,0.0032558441162109375,0.0,0.13671135902404785,Results/warm_start_cache/random_graphs_8to14vertices_78instances_20260625_143415_AdjacencyList__filehash_a79662a0/hog_idx000021_a5ae36a42a3c_seed42_L1_M1_amplified.npz,43.97188949584961,2026-08-29 16:10:58,x86_64,dacsgpu0002,,64,64,3.11.15,0.36,False,False,False,False,,False,False,False,False,adam,False,hamqaoa,0.005,standard,1,1,42,scs,1e-06,100000,False,False,False,hog,False,False,False,False,False,False,True,1,HOG_graphs/random_graphs_8to14vertices_78instances_20260625_143415_AdjacencyList.txt,True,Results/warm_start_cache,512,60,0,16,1,1,0,0,5,0,5,10,42,True,_Exp4_v2_standardZeroAngles,1,42,21,"[(2, 3), (2, 6), (3, 5), (7, 8), (0, 5), (1, 4), (0, 2), (0, 8), (1, 7), (5, 7), (3, 4), (2, 8), (4, 5), (2, 5), (4, 8), (1, 3), (0, 1), (1, 6), (0, 4), (6, 8), (2, 4), (2, 7), (0, 3), (1, 2), (1, 8), (0, 6), (1, 5)]","[1.0, 1.0, 1.0, 1.0, 1.0, 1.0, 1.0, 1.0, 1.0, 1.0, 1.0, 1.0, 1.0, 1.0, 1.0, 1.0, 1.0, 1.0, 1.0, 1.0, 1.0, 1.0, 1.0, 1.0, 1.0, 1.0, 1.0]"
9e23d692,9,27,3,75.0,False,True,"[1, 1, 1]",11.165162775970071,13.898909843885939,13.898909843885939,,,,,8.96362768035657,8.963627680356572,8.963627680356566,8.963627680356566,"[8.963627680356566, 8.974856872533476, 8.979024579752286, 8.977657269852884, 8.975255704551586, 8.975141214809, 8.977151622330798, 8.979767328498356, 8.981663003865485, 8.982271787961707, 8.98191470886769, 8.981524109709243, 8.981936934017506, 8.983343228238747, 8.985329605685354, 8.98727990568741, 8.988808773080146, 8.9900291277837, 8.991456519211694, 8.99358404473381, 8.996513939433362, 8.999967763386522, 9.003600340677577, 9.007352845508247, 9.011558022830569, 9.01667395154907, 9.022936279272335, 9.030298922953314, 9.038618906030525, 9.047852458165812, 9.058111985285539, 9.069573628331604, 9.082340636283439, 9.096381203648098, 9.111569223174506, 9.127755744906024, 9.14478721044861, 9.162470625133134, 9.180541198432673, 9.198658096093325, 9.2164317217336, 9.233474381379605, 9.24946197347461, 9.264198121452377, 9.27766854232526, 9.290066932786372, 9.301773875700446, 9.313275095456646, 9.325035738151842, 9.337375562089408, 9.350401344791512, 9.36402196958375, 9.378026067691264, 9.392174430075917, 9.406266605836562, 9.420166377600413, 9.433798797357351, 9.447132507558319, 9.460161139773009, 9.472882038077623, 9.485286543059683, 9.497366303791214, 9.50914323700498, 9.520705294054533, 9.532225723921009, 9.543948914006705, 9.556142728187261, 9.569040553299551, 9.582799726719879, 9.5974892940523, 9.61309999845584, 9.629557777453844, 9.646732323953149, 9.664437774801856, 9.682430327291806, 9.700413986699234]",75,0.8028210479517867,,0.7367863063426618,0.7367863063426636,9.700413986699234,,0.8688107984933902,,,,56.28517270088196,56.42029905319214,True,0.13671135902404785,0.0015692710876464844,0.0,0.13671135902404785,Results/warm_start_cache/random_graphs_8to14vertices_78instances_20260625_143415_AdjacencyList__filehash_a79662a0/hog_idx000021_a5ae36a42a3c_seed42_L1_M1_amplified.npz,56.323726415634155,2026-08-29 16:11:11,x86_64,dacsgpu0002,,64,64,3.11.15,0.43,False,False,False,False,,False,False,False,False,adam,False,hamqaoa,0.005,standard,1,1,42,scs,1e-06,100000,False,False,False,hog,False,False,False,False,False,False,True,1,HOG_graphs/random_graphs_8to14vertices_78instances_20260625_143415_AdjacencyList.txt,True,Results/warm_start_cache,512,60,0,16,1,1,0,0,5,0,5,10,42,True,_Exp4_v2_standardZeroAngles,1,42,21,"[(2, 3), (2, 6), (3, 5), (7, 8), (0, 5), (1, 4), (0, 2), (0, 8), (1, 7), (5, 7), (3, 4), (2, 8), (4, 5), (2, 5), (4, 8), (1, 3), (0, 1), (1, 6), (0, 4), (6, 8), (2, 4), (2, 7), (0, 3), (1, 2), (1, 8), (0, 6), (1, 5)]","[1.0, 1.0, 1.0, 1.0, 1.0, 1.0, 1.0, 1.0, 1.0, 1.0, 1.0, 1.0, 1.0, 1.0, 1.0, 1.0, 1.0, 1.0, 1.0, 1.0, 1.0, 1.0, 1.0, 1.0, 1.0, 1.0, 1.0]"
1a90f112,9,21,5,75.0,False,True,"[1, 1, 1]",9.960783523542805,13.499999998623467,13.499999998623467,,,,,7.9999999949675145,7.999999994967515,7.999999994967512,7.999999994967512,"[7.999999994967512, 7.97724734173776, 7.998612673149104, 7.995983292654062, 7.9887347227263215, 7.99044443613991, 7.995884740750733, 7.999455512862101, 7.999798911902477, 7.998316646712775, 7.996894663574347, 7.996537926317274, 7.997198798220808, 7.99830120489395, 7.999283825720276, 7.999853043642805, 7.999985005624036, 7.999820671335389, 7.99955342301755, 7.999346956618446, 7.999288714337648, 7.999379823145697, 7.999555809408272, 7.999727417205575, 7.999825810890579, 7.999832816258938, 7.999786489638457, 7.9997592145560805, 7.999821533540582, 8.000012176906939, 8.000332948745749, 8.000773049790528, 8.001353419615999, 8.002177876025137, 8.003477846298358, 8.005647402153, 8.00927788292564, 8.015203542163762, 8.02447226657828, 8.038039542871159, 8.056065637153296, 8.077261402427013, 8.098534812090982, 8.11629861342508, 8.129016415352197, 8.137645746533938, 8.144258382020034, 8.152048124114968, 8.16426783250704, 8.18153377076323, 8.202581502387448, 8.225757207915741, 8.24978544456712, 8.274018444339395, 8.29848429335733, 8.323889038225085, 8.351428907257768, 8.382256493002188, 8.417023099242378, 8.455774472371532, 8.498164172781635, 8.54374277691441, 8.592022846105833, 8.642430331680806, 8.694244604239092, 8.746552571067225, 8.798329656190909, 8.848595191301694, 8.896247119067482, 8.939802251914884, 8.977572396695509, 9.008149626314486, 9.030886183354419, 9.046156481823452, 9.055358415483584, 9.060705896337037]",75,0.8031496695073354,,1.0607059013695217,1.0607059013695226,9.060705896337037,,0.9096378688404994,,,,88.289968252182,88.404616355896,True,0.11571168899536133,0.0010476112365722656,0.0,0.11571168899536133,Results/warm_start_cache/random_graphs_8to14vertices_78instances_20260625_143415_AdjacencyList__filehash_a79662a0/hog_idx000014_0210a11e9aa6_seed42_L1_M1_amplified.npz,88.29725360870361,2026-08-29 16:11:15,x86_64,dacsgpu0002,,64,64,3.11.15,0.5,False,False,False,False,,False,True,False,False,adam,False,hamqaoa,0.005,standard,1,1,42,scs,1e-06,100000,False,False,False,hog,False,False,False,False,False,False,True,1,HOG_graphs/random_graphs_8to14vertices_78instances_20260625_143415_AdjacencyList.txt,True,Results/warm_start_cache,512,60,0,16,1,1,0,0,5,0,5,10,42,True,_Exp4_v2_standardZeroAngles,1,42,14,"[(2, 3), (2, 6), (3, 5), (7, 8), (0, 8), (1, 7), (5, 7), (3, 4), (2, 8), (4, 5), (3, 7), (2, 5), (4, 8), (1, 3), (0, 7), (6, 8), (2, 4), (0, 3), (0, 6), (1, 5), (6, 7)]","[1.0, 1.0, 1.0, 1.0, 1.0, 1.0, 1.0, 1.0, 1.0, 1.0, 1.0, 1.0, 1.0, 1.0, 1.0, 1.0, 1.0, 1.0, 1.0, 1.0, 1.0]"
5c829eb1,9,10,5,75.0,False,True,"[1, 1, 1]",6.236411627771346,8.587908447643871,8.587908447643871,,,,,4.503349186479177,4.503349186479172,4.503349186479174,4.503349186479174,"[4.503349186479174, 4.496425408640769, 4.5030036346234565, 4.50212962748479, 4.500017264083515, 4.500696925420036, 4.50238136316308, 4.503366096126038, 4.503348381023003, 4.502846476207556, 4.502458343075705, 4.502441618165865, 4.502706639597854, 4.5030394185962175, 4.503284119721109, 4.503395266539069, 4.503403709407411, 4.503364547164073, 4.503322296936253, 4.503298385731611, 4.503293416633826, 4.503297508763494, 4.503301029993686, 4.503302449281926, 4.5033090936034395, 4.503332144078602, 4.503379404796257, 4.50345184752771, 4.503546664526124, 4.50366730455844, 4.503835564782433, 4.5041043826229314, 4.504570628459545, 4.505396213266364, 4.50684524037388, 4.50933261828944, 4.513430782318797, 4.519740335241563, 4.528597014432534, 4.539781470583864, 4.552301273467417, 4.56433014145076, 4.574344117729215, 4.5824469168872035, 4.59001410167497, 4.598534131220545, 4.608716985447204, 4.620677244281443, 4.634367349354922, 4.649631795732478, 4.666256948601775, 4.684052267800989, 4.702814373659132, 4.722369896054156, 4.742672618778155, 4.763860859491028, 4.7862689616486636, 4.810354606253404, 4.83651363377448, 4.864861394865027, 4.895171392899361, 4.92708461025272, 4.960433815792771, 4.9953993043456695, 5.0323786446164815, 5.071703526270644, 5.1134169071879, 5.157215331428225, 5.202502182140578, 5.248461107034287, 5.294109725831316, 5.338353294606098, 5.380062424851663, 5.418170322936198, 5.451781763181054, 5.48025821218487]",75,0.7221058286828471,,0.976909025705698,0.9769090257056927,5.48025821218487,,0.8787518430920672,,,,74.85944604873657,74.96671175956726,True,0.109527587890625,0.0022420883178710938,0.0,0.109527587890625,Results/warm_start_cache/random_graphs_8to14vertices_78instances_20260625_143415_AdjacencyList__filehash_a79662a0/hog_idx000012_c06dee67e009_seed42_L1_M1_amplified.npz,74.8881983757019,2026-08-29 16:11:18,x86_64,dacsgpu0002,,64,64,3.11.15,0.51,False,False,False,False,,False,True,True,False,adam,False,hamqaoa,0.005,standard,1,1,42,scs,1e-06,100000,False,False,False,hog,False,False,False,False,False,False,True,1,HOG_graphs/random_graphs_8to14vertices_78instances_20260625_143415_AdjacencyList.txt,True,Results/warm_start_cache,512,60,0,16,1,1,0,0,5,0,5,10,42,True,_Exp4_v2_standardZeroAngles,1,42,12,"[(2, 7), (0, 1), (2, 3), (0, 4), (5, 7), (4, 6), (6, 8), (5, 6), (0, 6), (2, 4)]","[1.0, 1.0, 1.0, 1.0, 1.0, 1.0, 1.0, 1.0, 1.0, 1.0]"
cc72819d,9,27,4,75.0,False,True,"[1, 1, 1]",11.165162775970071,13.898909843885939,13.898909843885939,,,,,8.96362768035657,8.963627680356572,8.963627680356566,8.963627680356566,"[8.963627680356566, 8.976757564745135, 8.97809225660952, 8.974272237021255, 8.973763540419316, 8.976804327366565, 8.980278158387048, 8.981912430589837, 8.981438819210583, 8.980453992379719, 8.980753053732025, 8.982678260669132, 8.985239010999202, 8.987222227927733, 8.988259325477944, 8.989174163891207, 8.99109129184175, 8.994261325249553, 8.998012815180005, 9.00163955472057, 9.005271670301227, 9.009822658798742, 9.01601972512837, 9.023862260924705, 9.032977405269138, 9.043163790148613, 9.054601381419689, 9.06765447710301, 9.082506429105594, 9.098994345095385, 9.116781862252724, 9.135616310874012, 9.155341210413614, 9.175697521665843, 9.196193464606498, 9.21614655889122, 9.234850873307831, 9.25178944677405, 9.266812049053533, 9.280185323462284, 9.292451353791455, 9.304201294437938, 9.315910810344889, 9.327875551468098, 9.340238178239927, 9.353066101930896, 9.366429770731328, 9.38041146493151, 9.395020213872337, 9.410085066148696, 9.425253749660289, 9.440104511161454, 9.454306631500636, 9.467747273944179, 9.48053137295529, 9.492835414485238, 9.504743604096968, 9.516228407707805, 9.527277133337764, 9.538029594766213, 9.548800848363648, 9.559971756923172, 9.571854033443435, 9.584643518044116, 9.598455506536899, 9.613356209926511, 9.629348415315297, 9.646341680297159, 9.664144156711812, 9.6824596645735, 9.700856409392477, 9.718766532293724, 9.735607241825724, 9.751017014000947, 9.765014867363478, 9.777872055546794]",75,0.8028210479517867,,0.8142443751902224,0.8142443751902242,9.777872055546794,,0.8757482762894387,,,,73.57801055908203,73.70312595367432,True,0.13671135902404785,0.01157832145690918,0.0,0.13671135902404785,Results/warm_start_cache/random_graphs_8to14vertices_78instances_20260625_143415_AdjacencyList__filehash_a79662a0/hog_idx000021_a5ae36a42a3c_seed42_L1_M1_amplified.npz,73.59401082992554,2026-08-29 16:11:34,x86_64,dacsgpu0002,,64,64,3.11.15,0.48,False,False,False,False,,False,False,False,False,adam,False,hamqaoa,0.005,standard,1,1,42,scs,1e-06,100000,False,False,False,hog,False,False,False,False,False,False,True,1,HOG_graphs/random_graphs_8to14vertices_78instances_20260625_143415_AdjacencyList.txt,True,Results/warm_start_cache,512,60,0,16,1,1,0,0,5,0,5,10,42,True,_Exp4_v2_standardZeroAngles,1,42,21,"[(2, 3), (2, 6), (3, 5), (7, 8), (0, 5), (1, 4), (0, 2), (0, 8), (1, 7), (5, 7), (3, 4), (2, 8), (4, 5), (2, 5), (4, 8), (1, 3), (0, 1), (1, 6), (0, 4), (6, 8), (2, 4), (2, 7), (0, 3), (1, 2), (1, 8), (0, 6), (1, 5)]","[1.0, 1.0, 1.0, 1.0, 1.0, 1.0, 1.0, 1.0, 1.0, 1.0, 1.0, 1.0, 1.0, 1.0, 1.0, 1.0, 1.0, 1.0, 1.0, 1.0, 1.0, 1.0, 1.0, 1.0, 1.0, 1.0, 1.0]"
8ac96138,9,27,5,75.0,False,True,"[1, 1, 1]",11.165162775970071,13.898909843885939,13.898909843885939,,,,,8.96362768035657,8.963627680356572,8.963627680356566,8.963627680356566,"[8.963627680356566, 8.977795978408356, 8.975472642871303, 8.97191166066986, 8.974719201392178, 8.979417181580239, 8.981608451537806, 8.980612193053844, 8.979222574066679, 8.980083948595968, 8.982918918343792, 8.985653815768284, 8.986799852715862, 8.98708281179476, 8.988513375877131, 8.991746523322366, 8.995612017618729, 8.998911912614957, 9.002083210373852, 9.006715854225154, 9.01357489441622, 9.022165481440465, 9.031840336426864, 9.042710656131373, 9.055534505506849, 9.070862336827911, 9.088534924956885, 9.10809192294023, 9.129384982661811, 9.152558235026799, 9.177551646598426, 9.203816906550696, 9.230456146246572, 9.256508229391754, 9.281163242937671, 9.303875309693066, 9.324416719462961, 9.342953173794124, 9.360090653123036, 9.37672633894102, 9.393687289076848, 9.411378767211104, 9.429687601011082, 9.448178814900691, 9.466410455041789, 9.48412004123033, 9.501164903453143, 9.517347429754729, 9.532373188150292, 9.546073863339842, 9.558746537443913, 9.571263168870868, 9.584719175510035, 9.599926738835272, 9.617165789541026, 9.636264490106505, 9.656820379990183, 9.678339381373457, 9.70027703489556, 9.722094790448509, 9.743290450666898, 9.763340959811687, 9.781759027142238, 9.798256983944462, 9.812818965817375, 9.82560286565547, 9.836802228196298, 9.84655905878191, 9.854978850489578, 9.862203528508198, 9.868286745971902, 9.873095842596543, 9.876568361151675, 9.879027681867553, 9.881093899016786, 9.883312528455859]",75,0.8028210479517867,,0.919684848099287,0.9196848480992887,9.883312528455859,,0.8851919785466056,,,,92.54830503463745,92.68352270126343,True,0.13671135902404785,0.0014739036560058594,0.0,0.13671135902404785,Results/warm_start_cache/random_graphs_8to14vertices_78instances_20260625_143415_AdjacencyList__filehash_a79662a0/hog_idx000021_a5ae36a42a3c_seed42_L1_M1_amplified.npz,92.55873823165894,2026-08-29 16:11:59,x86_64,dacsgpu0002,,64,64,3.11.15,0.5,False,False,False,False,,False,False,False,False,adam,False,hamqaoa,0.005,standard,1,1,42,scs,1e-06,100000,False,False,False,hog,False,False,False,False,False,False,True,1,HOG_graphs/random_graphs_8to14vertices_78instances_20260625_143415_AdjacencyList.txt,True,Results/warm_start_cache,512,60,0,16,1,1,0,0,5,0,5,10,42,True,_Exp4_v2_standardZeroAngles,1,42,21,"[(2, 3), (2, 6), (3, 5), (7, 8), (0, 5), (1, 4), (0, 2), (0, 8), (1, 7), (5, 7), (3, 4), (2, 8), (4, 5), (2, 5), (4, 8), (1, 3), (0, 1), (1, 6), (0, 4), (6, 8), (2, 4), (2, 7), (0, 3), (1, 2), (1, 8), (0, 6), (1, 5)]","[1.0, 1.0, 1.0, 1.0, 1.0, 1.0, 1.0, 1.0, 1.0, 1.0, 1.0, 1.0, 1.0, 1.0, 1.0, 1.0, 1.0, 1.0, 1.0, 1.0, 1.0, 1.0, 1.0, 1.0, 1.0, 1.0, 1.0]"
2f00b9cb,10,20,1,75.0,False,True,"[1, 1, 1]",10.007511103462296,13.430860630066569,13.430860630066569,,,,,7.7081104785090515,7.708110478509048,7.70811047850905,7.70811047850905,"[7.70811047850905, 7.709420308276013, 7.7096396673186804, 7.7095751494630935, 7.709698485408891, 7.7099747944500105, 7.710264990886317, 7.710451554877026, 7.7104961047616385, 7.71045829255405, 7.710443335172156, 7.710512340676947, 7.710652927871571, 7.710814267559012, 7.7109501135409655, 7.711044372271015, 7.711112648177688, 7.711183433319965, 7.711274232904008, 7.71138002772131, 7.711480928229457, 7.711559555295508, 7.711614668020935, 7.711661921760823, 7.7117207244362245, 7.711799558164037, 7.711891266884168, 7.711980596949151, 7.71205542790056, 7.712114478575742, 7.712165876579605, 7.712219390843505, 7.712278259859043, 7.712338218811821, 7.7123930788181925, 7.712441004974878, 7.712485991839228, 7.712533548893593, 7.712585271013108, 7.7126375178598545, 7.712684701648011, 7.7127241638356026, 7.712758175606937, 7.71279130113969, 7.712826420460015, 7.712862581139468, 7.7128969730091566, 7.712928127836627, 7.712956857712044, 7.712984812521546, 7.713012328386434, 7.71303821929175, 7.713061359902691, 7.713082201803862, 7.713102520507422, 7.713123495681633, 7.713144598561376, 7.713164277164135, 7.71318169564012, 7.71319739190064, 7.713212501101049, 7.713227478285509, 7.713241901331464, 7.713255327154422, 7.71326788421876, 7.713279984950945, 7.713291761772506, 7.713302815273911, 7.713312814384079, 7.713322006645962, 7.713331000646344, 7.713339967234348, 7.713348600321956, 7.713356565680703, 7.713363858965246, 7.7133707529298965]",75,0.7702325182374542,,0.005260274420848532,0.005260274420844979,7.7133707529298965,,0.7707581508714294,,,,109.75948143005371,109.89030051231384,True,0.13257861137390137,0.0017423629760742188,0.0,0.13257861137390137,Results/warm_start_cache/random_graphs_8to14vertices_78instances_20260625_143415_AdjacencyList__filehash_a79662a0/hog_idx000030_1eaa2b3db787_seed42_L1_M1_amplified.npz,109.76788902282715,2026-08-29 16:12:16,x86_64,dacsgpu0002,,64,64,3.11.15,0.52,False,False,False,False,,False,True,True,False,adam,False,hamqaoa,0.005,standard,1,1,42,scs,1e-06,100000,False,False,False,hog,False,False,False,False,False,False,True,1,HOG_graphs/random_graphs_8to14vertices_78instances_20260625_143415_AdjacencyList.txt,True,Results/warm_start_cache,512,60,0,16,1,1,0,0,5,0,5,10,42,True,_Exp4_v2_standardZeroAngles,1,42,30,"[(2, 3), (3, 5), (4, 6), (7, 8), (0, 2), (0, 8), (1, 7), (5, 7), (3, 4), (4, 5), (8, 9), (1, 3), (0, 1), (6, 8), (2, 4), (7, 9), (1, 2), (1, 5), (0, 9), (6, 7)]","[1.0, 1.0, 1.0, 1.0, 1.0, 1.0, 1.0, 1.0, 1.0, 1.0, 1.0, 1.0, 1.0, 1.0, 1.0, 1.0, 1.0, 1.0, 1.0, 1.0]"
8abacfef,10,20,2,75.0,False,True,"[1, 1, 1]",10.007511103462296,13.430860630066569,13.430860630066569,,,,,7.7081104785090515,7.708110478509048,7.70811047850905,7.70811047850905,"[7.70811047850905, 7.7094341076061115, 7.709135932327136, 7.7096921238760485, 7.710258977361171, 7.710241493160024, 7.710005891435365, 7.710109855605197, 7.710475657631571, 7.710771968670775, 7.7108757937410894, 7.71094049413721, 7.711127747177142, 7.7113998531164665, 7.711613717976018, 7.7117233294612655, 7.711832271215081, 7.712043752963154, 7.712333476628504, 7.712601546970607, 7.7127976035624854, 7.712966726052142, 7.713171135898494, 7.7134010411121094, 7.713596448910701, 7.713734004012716, 7.713854313467204, 7.713994815282948, 7.714134621900133, 7.714229151342621, 7.714275131420315, 7.714308709670858, 7.714345412024605, 7.714363656003171, 7.714354534522682, 7.714347131003928, 7.714365893633833, 7.714398067805188, 7.714425164607334, 7.714456740384781, 7.714508053508777, 7.714569553133089, 7.7146247208248955, 7.7146782967651895, 7.714740829221305, 7.71480407087408, 7.714854927483754, 7.714896812374241, 7.714937586824195, 7.714972774842901, 7.714997455143179, 7.715019234498263, 7.715044654150393, 7.715069677005272, 7.715092462058711, 7.715119126723499, 7.715150712244536, 7.715182515577897, 7.715215026330144, 7.715251445067635, 7.715289208657946, 7.715324788474266, 7.7153597158749605, 7.715394250302622, 7.715425657687301, 7.715454528416724, 7.715483468329553, 7.715511775172946, 7.715539219283504, 7.715567968548061, 7.71559811745131, 7.715628343512424, 7.715659620823951, 7.715691958712374, 7.715723748063297, 7.715755032869113]",75,0.7702325182374542,,0.007644554360065392,0.007644554360061839,7.715755032869113,,0.7709963999140301,,,,120.17414402961731,120.29939460754395,True,0.13257861137390137,0.007309675216674805,0.0,0.13257861137390137,Results/warm_start_cache/random_graphs_8to14vertices_78instances_20260625_143415_AdjacencyList__filehash_a79662a0/hog_idx000030_1eaa2b3db787_seed42_L1_M1_amplified.npz,120.19575643539429,2026-08-29 16:12:32,x86_64,dacsgpu0002,,64,64,3.11.15,0.76,False,False,False,False,,False,True,True,False,adam,False,hamqaoa,0.005,standard,1,1,42,scs,1e-06,100000,False,False,False,hog,False,False,False,False,False,False,True,1,HOG_graphs/random_graphs_8to14vertices_78instances_20260625_143415_AdjacencyList.txt,True,Results/warm_start_cache,512,60,0,16,1,1,0,0,5,0,5,10,42,True,_Exp4_v2_standardZeroAngles,1,42,30,"[(2, 3), (3, 5), (4, 6), (7, 8), (0, 2), (0, 8), (1, 7), (5, 7), (3, 4), (4, 5), (8, 9), (1, 3), (0, 1), (6, 8), (2, 4), (7, 9), (1, 2), (1, 5), (0, 9), (6, 7)]","[1.0, 1.0, 1.0, 1.0, 1.0, 1.0, 1.0, 1.0, 1.0, 1.0, 1.0, 1.0, 1.0, 1.0, 1.0, 1.0, 1.0, 1.0, 1.0, 1.0]"
6293161f,10,20,3,75.0,False,True,"[1, 1, 1]",10.007511103462296,13.430860630066569,13.430860630066569,,,,,7.7081104785090515,7.708110478509048,7.70811047850905,7.70811047850905,"[7.70811047850905, 7.708168280849219, 7.708858494504167, 7.7101708308550405, 7.7099329954721, 7.7094711024046, 7.70995365159512, 7.710580336455478, 7.71068771017532, 7.710652320455126, 7.710992503893222, 7.711529031830278, 7.711830710363328, 7.711904439766329, 7.712134262520082, 7.712637506378673, 7.713155385548204, 7.713495771783677, 7.71378891902291, 7.714223186346558, 7.7147223555236595, 7.7150875549518885, 7.7153183188866885, 7.715584221827691, 7.715919737575277, 7.716198600967031, 7.716397676533475, 7.716647544261682, 7.716992709831821, 7.71734901387015, 7.717716379833953, 7.718206904863502, 7.718850945156999, 7.719583130691391, 7.720399492536979, 7.7213600486517135, 7.722468937673878, 7.723688574035652, 7.725041229092117, 7.726589605850733, 7.7283535655764, 7.730328693857281, 7.732544493809403, 7.735041155128712, 7.7378282982586315, 7.740910881849217, 7.74431648207225, 7.748068699543318, 7.7521634962898025, 7.756589166208821, 7.761349728161297, 7.76646143820276, 7.771936622925031, 7.777782492471765, 7.784008839043316, 7.790629790444058, 7.797662921377696, 7.805131398448359, 7.813073288199775, 7.821542105444049, 7.8306017583267264, 7.840321257068755, 7.850771347438977, 7.862020945843706, 7.874130992412583, 7.887150356935946, 7.901112570438335, 7.916035082562863, 7.931917359055251, 7.9487349173346065, 7.96643534597268, 7.984943952008002, 8.004173132188257, 8.024028482862882, 8.044411552383066, 8.065227988457144]",75,0.7702325182374542,,0.3571175099480959,0.3571175099480923,8.065227988457144,,0.8059174658988706,,,,125.69749784469604,125.82844305038452,True,0.13257861137390137,0.0016214847564697266,0.0,0.13257861137390137,Results/warm_start_cache/random_graphs_8to14vertices_78instances_20260625_143415_AdjacencyList__filehash_a79662a0/hog_idx000030_1eaa2b3db787_seed42_L1_M1_amplified.npz,125.73705506324768,2026-08-29 16:12:44,x86_64,dacsgpu0002,,64,64,3.11.15,1.0,False,False,False,False,,False,True,True,False,adam,False,hamqaoa,0.005,standard,1,1,42,scs,1e-06,100000,False,False,False,hog,False,False,False,False,False,False,True,1,HOG_graphs/random_graphs_8to14vertices_78instances_20260625_143415_AdjacencyList.txt,True,Results/warm_start_cache,512,60,0,16,1,1,0,0,5,0,5,10,42,True,_Exp4_v2_standardZeroAngles,1,42,30,"[(2, 3), (3, 5), (4, 6), (7, 8), (0, 2), (0, 8), (1, 7), (5, 7), (3, 4), (4, 5), (8, 9), (1, 3), (0, 1), (6, 8), (2, 4), (7, 9), (1, 2), (1, 5), (0, 9), (6, 7)]","[1.0, 1.0, 1.0, 1.0, 1.0, 1.0, 1.0, 1.0, 1.0, 1.0, 1.0, 1.0, 1.0, 1.0, 1.0, 1.0, 1.0, 1.0, 1.0, 1.0]"
f5f538de,10,20,4,75.0,False,True,"[1, 1, 1]",10.007511103462296,13.430860630066569,13.430860630066569,,,,,7.7081104785090515,7.708110478509048,7.70811047850905,7.70811047850905,"[7.70811047850905, 7.7056415013741555, 7.708709808756404, 7.710144831151578, 7.708656850967142, 7.708788924893977, 7.710163099830871, 7.71057317519395, 7.710094537238443, 7.710273076104642, 7.71124248860488, 7.711959532091527, 7.71198343468755, 7.712044418227364, 7.712724994655296, 7.7136093785389495, 7.714111046880378, 7.714375120088678, 7.714943744420525, 7.71579894510922, 7.716441113769715, 7.716733900927715, 7.717077725372338, 7.717654183477163, 7.718169377555016, 7.718501663943417, 7.718963096199151, 7.719701672647533, 7.720500121659016, 7.721305415493607, 7.722365524045802, 7.723754515942922, 7.725306694127506, 7.727016009334466, 7.729063356537942, 7.731506479711926, 7.734305157345555, 7.737565418954334, 7.74148098383692, 7.7461408648509735, 7.751566063588823, 7.757809641766396, 7.764903947600277, 7.772775090730447, 7.781256824340275, 7.790155370420483, 7.7992980292704095, 7.808563766455919, 7.8179263868932525, 7.8274799937633945, 7.837385006048536, 7.847794738034826, 7.858831216526645, 7.870577636314544, 7.883085793225262, 7.896399967798886, 7.910576341797184, 7.925706000333023, 7.941918229380997, 7.959303530771953, 7.97782935803788, 7.997347932161164, 8.01765261560634, 8.038525484367712, 8.059769849705498, 8.081232839702892, 8.102811377272714, 8.124438851034743, 8.146063220582949, 8.167642633852926, 8.18917648699212, 8.21075160440221, 8.232550407359312, 8.254794512306939, 8.277651309132347, 8.30116156416641]",75,0.7702325182374542,,0.5930510856573621,0.5930510856573585,8.30116156416641,,0.8294931155554212,,,,131.1243007183075,131.25496172904968,True,0.13257861137390137,0.0019047260284423828,0.0,0.13257861137390137,Results/warm_start_cache/random_graphs_8to14vertices_78instances_20260625_143415_AdjacencyList__filehash_a79662a0/hog_idx000030_1eaa2b3db787_seed42_L1_M1_amplified.npz,131.15451884269714,2026-08-29 16:12:50,x86_64,dacsgpu0002,,64,64,3.11.15,1.24,False,False,False,False,,False,True,True,False,adam,False,hamqaoa,0.005,standard,1,1,42,scs,1e-06,100000,False,False,False,hog,False,False,False,False,False,False,True,1,HOG_graphs/random_graphs_8to14vertices_78instances_20260625_143415_AdjacencyList.txt,True,Results/warm_start_cache,512,60,0,16,1,1,0,0,5,0,5,10,42,True,_Exp4_v2_standardZeroAngles,1,42,30,"[(2, 3), (3, 5), (4, 6), (7, 8), (0, 2), (0, 8), (1, 7), (5, 7), (3, 4), (4, 5), (8, 9), (1, 3), (0, 1), (6, 8), (2, 4), (7, 9), (1, 2), (1, 5), (0, 9), (6, 7)]","[1.0, 1.0, 1.0, 1.0, 1.0, 1.0, 1.0, 1.0, 1.0, 1.0, 1.0, 1.0, 1.0, 1.0, 1.0, 1.0, 1.0, 1.0, 1.0, 1.0]"
e3124e26,10,20,5,75.0,False,True,"[1, 1, 1]",10.007511103462296,13.430860630066569,13.430860630066569,,,,,7.7081104785090515,7.708110478509048,7.70811047850905,7.70811047850905,"[7.70811047850905, 7.701874548167996, 7.708505873552672, 7.709517436272226, 7.706672842332067, 7.707830803667677, 7.710216821917567, 7.710254227583055, 7.709069843526181, 7.709462059518981, 7.7111387354065455, 7.712121330840946, 7.71184495088424, 7.711769008643817, 7.7128332528438195, 7.714158087962162, 7.714680816345815, 7.7147668257278745, 7.715488956304312, 7.716777968092818, 7.717658613990958, 7.717906316105483, 7.718328754016328, 7.719253826730302, 7.720074244068498, 7.720537245284698, 7.7212646200108885, 7.722565145963708, 7.723996888286313, 7.72540664219745, 7.727251303893221, 7.72969439365342, 7.732428608973338, 7.735442678866611, 7.739121508720972, 7.743617196901951, 7.748804693822625, 7.754727042539581, 7.761568974989417, 7.769322860286053, 7.7777672576368655, 7.786659952685319, 7.795785068298501, 7.804912361327731, 7.813931226144597, 7.823094764862159, 7.8329424594580335, 7.843897677443521, 7.856130074893893, 7.869707967008413, 7.884724908576704, 7.901333372357001, 7.919676138330632, 7.939820852991422, 7.961771798927624, 7.985484448375007, 8.010882482243682, 8.037884874731349, 8.066390968772309, 8.096206298903802, 8.126972093033503, 8.15817936025484, 8.189290893709408, 8.219907491309895, 8.24986840902572, 8.27920659932251, 8.30800323410235, 8.33627597293522, 8.363954358146936, 8.390921362999343, 8.417068191931603, 8.442304446995559, 8.4665477391177, 8.489741966087191, 8.511870235030697, 8.532930904580308]",75,0.7702325182374542,,0.8248204260712599,0.8248204260712564,8.532930904580308,,0.8526526542277003,,,,137.8464651107788,137.97470664978027,True,0.13257861137390137,0.004324674606323242,0.0,0.13257861137390137,Results/warm_start_cache/random_graphs_8to14vertices_78instances_20260625_143415_AdjacencyList__filehash_a79662a0/hog_idx000030_1eaa2b3db787_seed42_L1_M1_amplified.npz,137.87211394309998,2026-08-29 16:12:56,x86_64,dacsgpu0002,,64,64,3.11.15,1.47,False,False,False,False,,False,True,True,False,adam,False,hamqaoa,0.005,standard,1,1,42,scs,1e-06,100000,False,False,False,hog,False,False,False,False,False,False,True,1,HOG_graphs/random_graphs_8to14vertices_78instances_20260625_143415_AdjacencyList.txt,True,Results/warm_start_cache,512,60,0,16,1,1,0,0,5,0,5,10,42,True,_Exp4_v2_standardZeroAngles,1,42,30,"[(2, 3), (3, 5), (4, 6), (7, 8), (0, 2), (0, 8), (1, 7), (5, 7), (3, 4), (4, 5), (8, 9), (1, 3), (0, 1), (6, 8), (2, 4), (7, 9), (1, 2), (1, 5), (0, 9), (6, 7)]","[1.0, 1.0, 1.0, 1.0, 1.0, 1.0, 1.0, 1.0, 1.0, 1.0, 1.0, 1.0, 1.0, 1.0, 1.0, 1.0, 1.0, 1.0, 1.0, 1.0]"
d087003d,8,11,1,75.0,False,True,"[1, 1, 1]",6.1405390212315885,7.99999888057927,7.99999888057927,,,,,4.499998818510623,4.499998818510624,4.499998818510627,4.499998818510627,"[4.499998818510627, 4.499495370009635, 4.499965980014247, 4.499893886116137, 4.499713671876636, 4.499780078153204, 4.499932427707395, 4.49999886000961, 4.499947421677312, 4.499872926633869, 4.499866032766993, 4.499922055298711, 4.499981723061117, 4.499997832098539, 4.499969829541245, 4.499935608244411, 4.499930241029952, 4.499955385648144, 4.499986422124263, 4.499998868907476, 4.499987958792621, 4.499969331615629, 4.499962193852663, 4.49997211058382, 4.499988976519531, 4.4999985642967255, 4.499995149142195, 4.499985039686291, 4.49997926016482, 4.49998306246579, 4.499992219098225, 4.4999984324747535, 4.499997317622753, 4.499991763280689, 4.499988202945239, 4.499990101412032, 4.499995237973928, 4.499998679340233, 4.499997862345702, 4.49999468146354, 4.499992937326609, 4.499994376439886, 4.499997337821644, 4.49999886718005, 4.499997910029678, 4.499996063430324, 4.499995555605123, 4.4999968529039265, 4.499998472917678, 4.499998801307771, 4.499997843358842, 4.499996967701283, 4.499997214193493, 4.499998229233553, 4.499998864100598, 4.499998559608442, 4.499997891413667, 4.499997756677976, 4.499998275763006, 4.499998807935054, 4.49999879062641, 4.499998386259529, 4.49999818178615, 4.499998422076232, 4.49999878584344, 4.499998854075347, 4.499998623075556, 4.499998461817428, 4.49999858814771, 4.499998813561443, 4.499998865323176, 4.499998728777796, 4.4999986327349255, 4.499998710672595, 4.499998844749656, 4.499998865682998]",75,0.7328344959540822,,4.717237356288706e-08,4.717237445106548e-08,4.499998865682998,,0.7328345036362048,,,,13.46476149559021,13.573124647140503,True,0.10956525802612305,0.0011866092681884766,0.0,0.10956525802612305,Results/warm_start_cache/random_graphs_8to14vertices_78instances_20260625_143415_AdjacencyList__filehash_a79662a0/hog_idx000000_bd4f8ca3e79e_seed42_L1_M1_amplified.npz,13.482677221298218,2026-08-29 16:17:10,x86_64,dacsgpu0002,,64,64,3.11.15,0.24,False,False,False,False,,False,True,True,False,adam,False,hamqaoa,0.005,standard,1,1,42,scs,1e-06,100000,False,False,False,hog,False,False,False,False,False,False,True,1,HOG_graphs/random_graphs_8to14vertices_78instances_20260625_143415_AdjacencyList.txt,True,Results/warm_start_cache,512,60,0,16,1,1,0,0,5,0,5,10,42,True,_Exp4_v2_standardZeroAngles,1,42,0,"[(1, 3), (1, 6), (0, 7), (3, 5), (0, 3), (5, 6), (1, 5), (1, 4), (0, 2), (3, 6), (6, 7)]","[1.0, 1.0, 1.0, 1.0, 1.0, 1.0, 1.0, 1.0, 1.0, 1.0, 1.0]"
311f02cd,8,11,2,75.0,False,True,"[1, 1, 1]",6.1405390212315885,7.99999888057927,7.99999888057927,,,,,4.499998818510623,4.499998818510624,4.499998818510627,4.499998818510627,"[4.499998818510627, 4.497950620704393, 4.499865393113613, 4.499579055603329, 4.498849838134793, 4.499105156414704, 4.499714263247583, 4.499998210792878, 4.4998191975990744, 4.499522755632053, 4.499465186793148, 4.499660765919799, 4.499901000225068, 4.499998863908056, 4.499922771158874, 4.499787845439808, 4.499731288373514, 4.499793302714725, 4.499910172050525, 4.4999899420070735, 4.499987076588649, 4.499927038937588, 4.49987398353325, 4.499873531710574, 4.49992100663177, 4.499975722325429, 4.499998847704614, 4.499982274631118, 4.4999494258142985, 4.4999319546554934, 4.49994351904286, 4.499972328135054, 4.49999505026379, 4.499996991187446, 4.499982180069022, 4.499967138124131, 4.499965627236263, 4.499977896983831, 4.499992810091181, 4.499998877504811, 4.499993704202306, 4.499984543010376, 4.4999807110160726, 4.499985335241451, 4.499993729041973, 4.499998686549921, 4.499997104059884, 4.499992047354098, 4.499989102935912, 4.499991000832975, 4.499995630749598, 4.499998698699061, 4.499998018066523, 4.499995194929674, 4.499993528466622, 4.49999464530324, 4.4999972563537955, 4.499998837188913, 4.499998245798092, 4.499996622322945, 4.499995910584475, 4.499996820739176, 4.499998296406457, 4.499998884240457, 4.499998249628541, 4.499997364101928, 4.499997288963935, 4.499998050367208, 4.499998786257539, 4.499998796659921, 4.499998265350176, 4.499997914627054, 4.4999981478133, 4.49999866275087, 4.499998897348131, 4.499998686412585]",75,0.7328344959540822,,2.6645352591003757e-15,3.552713678800501e-15,4.499998818510627,,0.7328344959540827,,,,22.145819187164307,22.254146575927734,True,0.10956525802612305,0.001222848892211914,0.0,0.10956525802612305,Results/warm_start_cache/random_graphs_8to14vertices_78instances_20260625_143415_AdjacencyList__filehash_a79662a0/hog_idx000000_bd4f8ca3e79e_seed42_L1_M1_amplified.npz,22.167242527008057,2026-08-29 16:17:18,x86_64,dacsgpu0002,,64,64,3.11.15,0.26,False,False,False,False,,False,True,True,False,adam,False,hamqaoa,0.005,standard,1,1,42,scs,1e-06,100000,False,False,False,hog,False,False,False,False,False,False,True,1,HOG_graphs/random_graphs_8to14vertices_78instances_20260625_143415_AdjacencyList.txt,True,Results/warm_start_cache,512,60,0,16,1,1,0,0,5,0,5,10,42,True,_Exp4_v2_standardZeroAngles,1,42,0,"[(1, 3), (1, 6), (0, 7), (3, 5), (0, 3), (5, 6), (1, 5), (1, 4), (0, 2), (3, 6), (6, 7)]","[1.0, 1.0, 1.0, 1.0, 1.0, 1.0, 1.0, 1.0, 1.0, 1.0, 1.0]"
e23bf347,8,11,3,75.0,False,True,"[1, 1, 1]",6.1405390212315885,7.99999888057927,7.99999888057927,,,,,4.499998818510623,4.499998818510624,4.499998818510627,4.499998818510627,"[4.499998818510627, 4.495344916108557, 4.499696698419301, 4.499057215001485, 4.497413744565365, 4.497970861931219, 4.499331046643848, 4.499994066268618, 4.499643645004653, 4.498992592851664, 4.49881410417533, 4.49919070334153, 4.499716392152573, 4.499990250350664, 4.499899574999512, 4.499628233723126, 4.499451465860455, 4.499503275883633, 4.499715060965531, 4.499921648416795, 4.499998860059323, 4.499935677374041, 4.499816725560133, 4.499745368660959, 4.499769768692228, 4.499862726229454, 4.4999571679607415, 4.499998480723406, 4.499976632411554, 4.499923640747706, 4.499884872606266, 4.499887180194553, 4.4999250950829035, 4.499970932641505, 4.4999969759288225, 4.499993160560799, 4.499970123123971, 4.499948662210474, 4.4999444937923245, 4.499959038295831, 4.49998108281224, 4.499996424097584, 4.4999976253071505, 4.499987699024305, 4.499976375773903, 4.499972490243774, 4.499978279605421, 4.499988954515779, 4.499997186990935, 4.499998491877301, 4.499993848446291, 4.499988094748568, 4.499985964051163, 4.499988801118531, 4.499994176022297, 4.499998198283251, 4.499998586368592, 4.499996024482966, 4.499993195925939, 4.499992500186429, 4.4999943368144475, 4.499997119000469, 4.499998800159902, 4.499998488335708, 4.499996948692202, 4.499995749170722, 4.4999959092475095, 4.499997196561205, 4.499998533820968, 4.499998969083553, 4.4999984174231615, 4.499997592990223, 4.499997308933953, 4.499997796951512, 4.499998616190661, 4.49999911580647]",75,0.7328344959540822,,2.972958457192476e-07,2.9729584660742603e-07,4.49999911580647,,0.7328345443693507,,,,33.271310806274414,33.37974452972412,True,0.10956525802612305,0.0011146068572998047,0.0,0.10956525802612305,Results/warm_start_cache/random_graphs_8to14vertices_78instances_20260625_143415_AdjacencyList__filehash_a79662a0/hog_idx000000_bd4f8ca3e79e_seed42_L1_M1_amplified.npz,33.28325152397156,2026-08-29 16:17:30,x86_64,dacsgpu0002,,64,64,3.11.15,0.27,False,False,False,False,,False,True,True,False,adam,False,hamqaoa,0.005,standard,1,1,42,scs,1e-06,100000,False,False,False,hog,False,False,False,False,False,False,True,1,HOG_graphs/random_graphs_8to14vertices_78instances_20260625_143415_AdjacencyList.txt,True,Results/warm_start_cache,512,60,0,16,1,1,0,0,5,0,5,10,42,True,_Exp4_v2_standardZeroAngles,1,42,0,"[(1, 3), (1, 6), (0, 7), (3, 5), (0, 3), (5, 6), (1, 5), (1, 4), (0, 2), (3, 6), (6, 7)]","[1.0, 1.0, 1.0, 1.0, 1.0, 1.0, 1.0, 1.0, 1.0, 1.0, 1.0]"
2c9e1ab4,8,11,4,75.0,False,True,"[1, 1, 1]",6.1405390212315885,7.99999888057927,7.99999888057927,,,,,4.499998818510623,4.499998818510624,4.499998818510627,4.499998818510627,"[4.499998818510627, 4.491661162795331, 4.499459525002011, 4.498330947543438, 4.495416482596094, 4.496382129046498, 4.498774621501049, 4.499982173652871, 4.49944820105421, 4.498336833939028, 4.497950812860478, 4.498503636190228, 4.499384978542427, 4.499939450952422, 4.49992254160215, 4.499538479501962, 4.499185284530516, 4.499131592435485, 4.499371894913815, 4.499713117104457, 4.499950364973759, 4.499990278520795, 4.499873371174104, 4.499717537136494, 4.499633418257719, 4.499664253150274, 4.499778694551761, 4.49990660479595, 4.499986086228612, 4.499993448736501, 4.499946306676833, 4.499885743676256, 4.4998505622795335, 4.49985814973389, 4.499900012383376, 4.499951819082445, 4.499988907099126, 4.499998567188264, 4.499983790409054, 4.499958826566964, 4.499940063015509, 4.499937547880254, 4.499951159860066, 4.4999725795094125, 4.4999909562799605, 4.4999988029256475, 4.499995168513424, 4.499984999800585, 4.49997562848831, 4.499972594599027, 4.499977085626578, 4.4999861574319695, 4.499994898454632, 4.499999391520826, 4.499998602086193, 4.499994454345527, 4.499990351194509, 4.499989088997555, 4.499991490114674, 4.49999628438722, 4.500001199410749, 4.50000441364015, 4.500005554885445, 4.500005759014785, 4.500006899728547, 4.500010527913692, 4.500017176118938, 4.500026491061035, 4.500037971324538, 4.500051805539645, 4.500069372760277, 4.500093322972367, 4.500127390391207, 4.50017642836804, 4.5002470234093055, 4.500349327810555]",75,0.7328344959540822,,0.00035050929993030167,0.00035050929993118984,4.500349327810555,,0.7328915771482116,,,,55.8610520362854,55.969438552856445,True,0.10956525802612305,0.00115966796875,0.0,0.10956525802612305,Results/warm_start_cache/random_graphs_8to14vertices_78instances_20260625_143415_AdjacencyList__filehash_a79662a0/hog_idx000000_bd4f8ca3e79e_seed42_L1_M1_amplified.npz,55.878824949264526,2026-08-29 16:17:52,x86_64,dacsgpu0002,,64,64,3.11.15,0.28,False,False,False,False,,False,True,True,False,adam,False,hamqaoa,0.005,standard,1,1,42,scs,1e-06,100000,False,False,False,hog,False,False,False,False,False,False,True,1,HOG_graphs/random_graphs_8to14vertices_78instances_20260625_143415_AdjacencyList.txt,True,Results/warm_start_cache,512,60,0,16,1,1,0,0,5,0,5,10,42,True,_Exp4_v2_standardZeroAngles,1,42,0,"[(1, 3), (1, 6), (0, 7), (3, 5), (0, 3), (5, 6), (1, 5), (1, 4), (0, 2), (3, 6), (6, 7)]","[1.0, 1.0, 1.0, 1.0, 1.0, 1.0, 1.0, 1.0, 1.0, 1.0, 1.0]"
dc2ff058,8,11,5,75.0,False,True,"[1, 1, 1]",6.1405390212315885,7.99999888057927,7.99999888057927,,,,,4.499998818510623,4.499998818510624,4.499998818510627,4.499998818510627,"[4.499998818510627, 4.4868848966800625, 4.499153515686309, 4.497402171151833, 4.492868551393579, 4.494342101793039, 4.498035426697196, 4.499956863965448, 4.499254077609265, 4.49760030292911, 4.496913672967341, 4.497605700062664, 4.498880176880804, 4.499805889240879, 4.49996826112152, 4.499543695648416, 4.499010997665302, 4.498773386532825, 4.498937746658485, 4.499345805159496, 4.49975015699294, 4.499973551626649, 4.4999748969880145, 4.499827421195857, 4.499652745033216, 4.499552620197028, 4.499568140832783, 4.499677350102474, 4.499821351441314, 4.499939482650637, 4.499995131355411, 4.4999849426398395, 4.499932569222024, 4.499873401328624, 4.499837896812874, 4.499840203124099, 4.499875750030517, 4.49992704281945, 4.499973318602223, 4.499999679884662, 4.5000019203595585, 4.4999863070862824, 4.499965185594494, 4.499951016509023, 4.49995152676146, 4.499967568388011, 4.499994310240561, 4.500024652205297, 4.500053007395694, 4.500078251877662, 4.50010471319126, 4.500141355618283, 4.50020008147177, 4.500294407779879, 4.500439796451211, 4.500657268388641, 4.500980057038693, 4.501464300882394, 4.5022042708190435, 4.503351384376977, 4.505135420815221, 4.507873522004231, 4.511938781585071, 4.517641668072263, 4.525031991622204, 4.533759555555057, 4.543116307445625, 4.552178382059161, 4.5603094375014255, 4.5675294224057845, 4.5744745155322715, 4.5819980624904115, 4.59065187450971, 4.600610101754016, 4.611714890429088, 4.623493567297544]",75,0.7328344959540822,,0.12349474878691957,0.12349474878692046,4.623493567297544,,0.7529458816744437,,,,76.28693199157715,76.39503955841064,True,0.10956525802612305,0.0014410018920898438,0.0,0.10956525802612305,Results/warm_start_cache/random_graphs_8to14vertices_78instances_20260625_143415_AdjacencyList__filehash_a79662a0/hog_idx000000_bd4f8ca3e79e_seed42_L1_M1_amplified.npz,76.29860591888428,2026-08-29 16:18:13,x86_64,dacsgpu0002,,64,64,3.11.15,0.29,False,False,False,False,,False,True,True,False,adam,False,hamqaoa,0.005,standard,1,1,42,scs,1e-06,100000,False,False,False,hog,False,False,False,False,False,False,True,1,HOG_graphs/random_graphs_8to14vertices_78instances_20260625_143415_AdjacencyList.txt,True,Results/warm_start_cache,512,60,0,16,1,1,0,0,5,0,5,10,42,True,_Exp4_v2_standardZeroAngles,1,42,0,"[(1, 3), (1, 6), (0, 7), (3, 5), (0, 3), (5, 6), (1, 5), (1, 4), (0, 2), (3, 6), (6, 7)]","[1.0, 1.0, 1.0, 1.0, 1.0, 1.0, 1.0, 1.0, 1.0, 1.0, 1.0]"
105a6b15,10,30,1,75.0,False,True,"[1, 1, 1]",13.183472067497764,17.3756795260346,17.3756795260346,,,,,10.710641329364032,10.710641329364039,10.710641329364032,10.710641329364032,"[10.710641329364032, 10.714196157173228, 10.715131267540691, 10.714480892900578, 10.713954499197746, 10.714216464561702, 10.71495594677791, 10.71570093967266, 10.716151073253439, 10.716259663171922, 10.716198458434446, 10.716205321999436, 10.716418216602568, 10.716820802693164, 10.717299032402996, 10.717726448732309, 10.718028634725378, 10.718211524295716, 10.718346097564737, 10.718516451939266, 10.71876721291589, 10.719083503248656, 10.719411812563534, 10.719697891479477, 10.719917771606406, 10.720087969403252, 10.720249679619606, 10.720439965571448, 10.720669454611645, 10.720920424507721, 10.721162241365567, 10.721372059307908, 10.721547182960524, 10.72170347236125, 10.721862154594978, 10.72203507420262, 10.722217876799801, 10.722395210193634, 10.722553020803073, 10.722687435316136, 10.722806274524505, 10.722922199960232, 10.72304332039705, 10.723168737807455, 10.723290820133501, 10.723401633226455, 10.72349902578311, 10.72358736269994, 10.723673320331399, 10.72376067912394, 10.72384804523785, 10.723930821323618, 10.724005586059292, 10.72407271028459, 10.724135609634423, 10.724197951029218, 10.724260864447247, 10.724322443686772, 10.724379947504124, 10.724432078334317, 10.72447987579348, 10.724525688922233, 10.724571075516483, 10.724615945049962, 10.724658833529222, 10.724698641033966, 10.724735592846368, 10.724770846533817, 10.724805328635512, 10.724839094018641, 10.7248714211428, 10.724901658118704, 10.724929955223187, 10.724957073683473, 10.724983655008646, 10.725009680308242]",75,0.8124294779498804,,0.014368350944202746,0.014368350944209851,10.725009680308242,,0.8135193540364408,,,,251.65140414237976,251.79276776313782,True,0.14272737503051758,0.0013484954833984375,0.0,0.14272737503051758,Results/warm_start_cache/random_graphs_8to14vertices_78instances_20260625_143415_AdjacencyList__filehash_a79662a0/hog_idx000033_5cf57437af49_seed42_L1_M1_amplified.npz,251.6672055721283,2026-08-29 16:21:08,x86_64,dacsgpu0002,,64,64,3.11.15,0.52,False,False,False,False,,False,True,False,False,adam,False,hamqaoa,0.005,standard,1,1,42,scs,1e-06,100000,False,False,False,hog,False,False,False,False,False,False,True,1,HOG_graphs/random_graphs_8to14vertices_78instances_20260625_143415_AdjacencyList.txt,True,Results/warm_start_cache,512,60,0,16,1,1,0,0,5,0,5,10,42,True,_Exp4_v2_standardZeroAngles,1,42,33,"[(2, 3), (3, 8), (2, 6), (3, 5), (7, 8), (1, 4), (0, 2), (6, 9), (3, 4), (2, 8), (4, 5), (3, 7), (2, 5), (4, 8), (8, 9), (1, 3), (1, 6), (1, 9), (0, 7), (6, 8), (5, 6), (5, 9), (2, 4), (3, 9), (7, 9), (0, 3), (0, 6), (1, 5), (0, 9), (6, 7)]","[1.0, 1.0, 1.0, 1.0, 1.0, 1.0, 1.0, 1.0, 1.0, 1.0, 1.0, 1.0, 1.0, 1.0, 1.0, 1.0, 1.0, 1.0, 1.0, 1.0, 1.0, 1.0, 1.0, 1.0, 1.0, 1.0, 1.0, 1.0, 1.0, 1.0]"
79a228c6,10,28,1,75.0,False,True,"[1, 1, 1]",12.658576065675938,16.55133585722598,16.55133585722598,,,,,10.143044996229888,10.143044996229888,10.143044996229888,10.143044996229888,"[10.143044996229888, 10.14340379372076, 10.143241038830608, 10.143374644705517, 10.14349603910351, 10.143435973876947, 10.143354294734623, 10.143386801590625, 10.14347680656439, 10.143522133148688, 10.14349474307197, 10.143451686558409, 10.14344929616928, 10.143479722761196, 10.143501683132326, 10.143497197533565, 10.143485803372958, 10.143490749386592, 10.143508584802529, 10.143517695378279, 10.143507897951384, 10.143493536094722, 10.143494136722019, 10.143509472368619, 10.143522639818073, 10.143521717955029, 10.143512387011322, 10.143508246510097, 10.143512907793575, 10.143518592539689, 10.143518780844232, 10.143516459900138, 10.143517667077909, 10.143521734482876, 10.143522988377953, 10.143519716244816, 10.14351709092294, 10.143519239612607, 10.14352340781027, 10.143524427941669, 10.143522278690572, 10.14352091445373, 10.143521913571, 10.143523091625745, 10.143522799209093, 10.143522453830407, 10.143523402736708, 10.143524265139359, 10.143523690667944, 10.143522662211591, 10.143522865630054, 10.143524017191409, 10.143524489362918, 10.143523998227133, 10.143523664573491, 10.143524026332699, 10.143524275983134, 10.1435240832129, 10.143524072398735, 10.14352443458561, 10.143524553474222, 10.143524228259977, 10.143524131820636, 10.143524485087738, 10.143524687519896, 10.143524504277055, 10.143524468662301, 10.143524653912102, 10.143524714273727, 10.143524635435917, 10.143524764788145, 10.143524974990944, 10.143524996961196, 10.143524989385304, 10.143525127426441, 10.143525277448575]",75,0.8012785121806094,,0.00048028121868703977,0.00048028121868703977,10.143525277448575,,0.8013164533531548,,,,254.12699055671692,254.26513624191284,True,0.13984203338623047,0.0016815662384033203,0.0,0.13984203338623047,Results/warm_start_cache/random_graphs_8to14vertices_78instances_20260625_143415_AdjacencyList__filehash_a79662a0/hog_idx000024_c579f9d62b77_seed42_L1_M1_amplified.npz,254.13557410240173,2026-08-29 16:21:10,x86_64,dacsgpu0002,,64,64,3.11.15,0.52,False,False,False,False,,False,True,False,False,adam,False,hamqaoa,0.005,standard,1,1,42,scs,1e-06,100000,False,False,False,hog,False,False,False,False,False,False,True,1,HOG_graphs/random_graphs_8to14vertices_78instances_20260625_143415_AdjacencyList.txt,True,Results/warm_start_cache,512,60,0,16,1,1,0,0,5,0,5,10,42,True,_Exp4_v2_standardZeroAngles,1,42,24,"[(2, 3), (3, 8), (2, 9), (4, 6), (4, 9), (7, 8), (0, 2), (0, 8), (1, 7), (6, 9), (5, 7), (3, 4), (2, 8), (3, 7), (2, 5), (8, 9), (1, 6), (0, 4), (1, 9), (0, 7), (6, 8), (5, 6), (2, 7), (0, 3), (1, 2), (1, 8), (0, 6), (0, 9)]","[1.0, 1.0, 1.0, 1.0, 1.0, 1.0, 1.0, 1.0, 1.0, 1.0, 1.0, 1.0, 1.0, 1.0, 1.0, 1.0, 1.0, 1.0, 1.0, 1.0, 1.0, 1.0, 1.0, 1.0, 1.0, 1.0, 1.0, 1.0]"
4e66cf31,10,20,1,75.0,False,True,"[1, 1, 1]",10.572568715049329,14.794583070439192,14.794583070439192,,,,,8.220255637310254,8.220255637310256,8.220255637310256,8.220255637310256,"[8.220255637310256, 8.2200288314031, 8.22062116510479, 8.220719854719178, 8.220444363226811, 8.22040399140558, 8.22062860946746, 8.220859541813837, 8.220925816356692, 8.220844191457301, 8.220762900368893, 8.220781625992451, 8.220880318099072, 8.220988077152168, 8.22105077247273, 8.221059951465987, 8.221044709152899, 8.221041242705978, 8.221071108997888, 8.221131429624554, 8.221197074508195, 8.221240368509102, 8.221252662786837, 8.221251522073523, 8.221265296645827, 8.221306323530058, 8.22136133723385, 8.221407436012225, 8.221433357276798, 8.221447464352066, 8.221466920927996, 8.2215004699845, 8.221543279707342, 8.221584121031421, 8.221616098087539, 8.221640819672727, 8.22166572749944, 8.221697008924608, 8.221735079391507, 8.221774338101579, 8.22180868928278, 8.221837613904825, 8.22186621881017, 8.221899440454422, 8.221936980501686, 8.221974275847918, 8.222008107812423, 8.222039654271345, 8.222072279709971, 8.222107544343853, 8.22214435530827, 8.222180565593359, 8.222215121981026, 8.222248704668997, 8.2222830789641, 8.222319001493565, 8.222355522221845, 8.222391140460434, 8.222425491711967, 8.222459768165706, 8.222495098436319, 8.222531133807573, 8.222566713812332, 8.222601394235895, 8.222635697212729, 8.22267026339863, 8.22270517634924, 8.222739976467503, 8.22277419349089, 8.222807869153455, 8.222841426879354, 8.222875097602063, 8.222908539462587, 8.222941349956027, 8.22297355798736, 8.223005498324202]",75,0.7775078941420626,,0.002749861013946031,0.0027498610139478075,8.223005498324202,,0.777767988078367,,,,253.94383001327515,254.14784622192383,True,0.20560193061828613,0.0015714168548583984,0.0,0.20560193061828613,Results/warm_start_cache/random_graphs_8to14vertices_78instances_20260625_143415_AdjacencyList__filehash_a79662a0/hog_idx000026_c05f88fc6e70_seed42_L1_M1_amplified.npz,253.9837610721588,2026-08-29 16:21:18,x86_64,dacsgpu0002,,64,64,3.11.15,0.52,False,False,False,True,4,False,True,False,True,adam,False,hamqaoa,0.005,standard,1,1,42,scs,1e-06,100000,False,False,False,hog,False,False,False,False,False,False,True,1,HOG_graphs/random_graphs_8to14vertices_78instances_20260625_143415_AdjacencyList.txt,True,Results/warm_start_cache,512,60,0,16,1,1,0,0,5,0,5,10,42,True,_Exp4_v2_standardZeroAngles,1,42,26,"[(2, 3), (2, 6), (3, 5), (2, 9), (7, 8), (1, 4), (0, 2), (0, 8), (1, 7), (5, 7), (3, 4), (4, 5), (4, 8), (8, 9), (1, 3), (1, 9), (5, 6), (0, 6), (0, 9), (6, 7)]","[1.0, 1.0, 1.0, 1.0, 1.0, 1.0, 1.0, 1.0, 1.0, 1.0, 1.0, 1.0, 1.0, 1.0, 1.0, 1.0, 1.0, 1.0, 1.0, 1.0]"
5c67472b,10,30,2,75.0,False,True,"[1, 1, 1]",13.183472067497764,17.3756795260346,17.3756795260346,,,,,10.710641329364032,10.710641329364039,10.710641329364032,10.710641329364032,"[10.710641329364032, 10.715137356081696, 10.713010199391107, 10.713526389093605, 10.715427024625303, 10.71624694698738, 10.715826269364428, 10.715592129908323, 10.716267224602186, 10.71735055283221, 10.718111695027211, 10.71833324654496, 10.71841000548977, 10.7188127879608, 10.719572305826045, 10.720360388365222, 10.720890929299912, 10.721179358160471, 10.721465959779175, 10.721920834187161, 10.722480701818435, 10.722950457307148, 10.723213729981103, 10.72334116621395, 10.723495969519755, 10.723744531211027, 10.724001543068766, 10.724152401586764, 10.72418493457976, 10.724193083348293, 10.72426080405806, 10.724374641058015, 10.724459942349439, 10.724481433254805, 10.724483396805889, 10.724529611103033, 10.724629458363466, 10.724739355370005, 10.724826111498572, 10.724905118392947, 10.72501149600781, 10.725149477470369, 10.725287242308172, 10.725397638809973, 10.725487814134604, 10.725582827215195, 10.72568993463665, 10.72579310278579, 10.72587968896713, 10.725959192567148, 10.726049368619863, 10.726153377342255, 10.72626065081144, 10.726367247022072, 10.726483938460365, 10.726622757163582, 10.726783719459242, 10.7269602675667, 10.727153472527311, 10.727373267536855, 10.727627039765922, 10.727914889208874, 10.728237198486886, 10.728601174735513, 10.729018464298669, 10.729498552610105, 10.73004986159937, 10.730686756150444, 10.731431627988579, 10.732311507619993, 10.733354752033517, 10.734595600786161, 10.736078613061379, 10.737859995565104, 10.740008538905471, 10.742608577326502]",75,0.8124294779498804,,0.031967247962462864,0.03196724796246997,10.742608577326502,,0.8148542752869397,,,,262.5958948135376,262.7370376586914,True,0.14272737503051758,0.0015697479248046875,0.0,0.14272737503051758,Results/warm_start_cache/random_graphs_8to14vertices_78instances_20260625_143415_AdjacencyList__filehash_a79662a0/hog_idx000033_5cf57437af49_seed42_L1_M1_amplified.npz,262.6034896373749,2026-08-29 16:21:19,x86_64,dacsgpu0002,,64,64,3.11.15,0.76,False,False,False,False,,False,True,False,False,adam,False,hamqaoa,0.005,standard,1,1,42,scs,1e-06,100000,False,False,False,hog,False,False,False,False,False,False,True,1,HOG_graphs/random_graphs_8to14vertices_78instances_20260625_143415_AdjacencyList.txt,True,Results/warm_start_cache,512,60,0,16,1,1,0,0,5,0,5,10,42,True,_Exp4_v2_standardZeroAngles,1,42,33,"[(2, 3), (3, 8), (2, 6), (3, 5), (7, 8), (1, 4), (0, 2), (6, 9), (3, 4), (2, 8), (4, 5), (3, 7), (2, 5), (4, 8), (8, 9), (1, 3), (1, 6), (1, 9), (0, 7), (6, 8), (5, 6), (5, 9), (2, 4), (3, 9), (7, 9), (0, 3), (0, 6), (1, 5), (0, 9), (6, 7)]","[1.0, 1.0, 1.0, 1.0, 1.0, 1.0, 1.0, 1.0, 1.0, 1.0, 1.0, 1.0, 1.0, 1.0, 1.0, 1.0, 1.0, 1.0, 1.0, 1.0, 1.0, 1.0, 1.0, 1.0, 1.0, 1.0, 1.0, 1.0, 1.0, 1.0]"
b8804962,10,20,2,75.0,False,True,"[1, 1, 1]",10.572568715049329,14.794583070439192,14.794583070439192,,,,,8.220255637310254,8.220255637310256,8.220255637310256,8.220255637310256,"[8.220255637310256, 8.217321543892938, 8.220377280339621, 8.220408782472912, 8.219106191449601, 8.219419388986985, 8.22039676569889, 8.220780615182429, 8.220562721157242, 8.220393556144945, 8.220543391990898, 8.220761159462315, 8.22083927893464, 8.22089522007672, 8.22106174275805, 8.221296439365313, 8.22145742716091, 8.221479545615903, 8.22148273197459, 8.22162464129114, 8.22190652204704, 8.222197723185841, 8.222382246281473, 8.222470373776755, 8.222574368532433, 8.222774324432592, 8.22304471618508, 8.223306088414168, 8.223509927797059, 8.223668091361267, 8.223815683882595, 8.223965268520798, 8.224103863613877, 8.224219957813377, 8.224313826350432, 8.224385250599683, 8.22442784686335, 8.224441894129386, 8.224445164656862, 8.224459195158873, 8.224486808554921, 8.224510949641235, 8.224517802750823, 8.224515033605888, 8.224521416942004, 8.22454260228441, 8.224566530036444, 8.224580434516325, 8.22458485557871, 8.22458861500882, 8.224596280180567, 8.224606238389484, 8.224617441004838, 8.224630494330487, 8.224643933745472, 8.22465594743863, 8.22466827635159, 8.224684287479114, 8.224702496194931, 8.224717076544337, 8.224725265888724, 8.224730428291098, 8.224735915377797, 8.224740530168047, 8.224741677935453, 8.224740017343104, 8.224738204684895, 8.224737472270201, 8.224738004357945, 8.224740141514097, 8.224743848604698, 8.224748133565654, 8.224752755380106, 8.224758318575132, 8.224764521501152, 8.22476974748435]",75,0.7775078941420626,,0.004514110174094199,0.0045141101740959755,8.22476974748435,,0.7779348585152209,,,,270.802414894104,271.0066261291504,True,0.20560193061828613,0.0013759136199951172,0.0,0.20560193061828613,Results/warm_start_cache/random_graphs_8to14vertices_78instances_20260625_143415_AdjacencyList__filehash_a79662a0/hog_idx000026_c05f88fc6e70_seed42_L1_M1_amplified.npz,270.8106827735901,2026-08-29 16:21:27,x86_64,dacsgpu0002,,64,64,3.11.15,0.76,False,False,False,True,4,False,True,False,True,adam,False,hamqaoa,0.005,standard,1,1,42,scs,1e-06,100000,False,False,False,hog,False,False,False,False,False,False,True,1,HOG_graphs/random_graphs_8to14vertices_78instances_20260625_143415_AdjacencyList.txt,True,Results/warm_start_cache,512,60,0,16,1,1,0,0,5,0,5,10,42,True,_Exp4_v2_standardZeroAngles,1,42,26,"[(2, 3), (2, 6), (3, 5), (2, 9), (7, 8), (1, 4), (0, 2), (0, 8), (1, 7), (5, 7), (3, 4), (4, 5), (4, 8), (8, 9), (1, 3), (1, 9), (5, 6), (0, 6), (0, 9), (6, 7)]","[1.0, 1.0, 1.0, 1.0, 1.0, 1.0, 1.0, 1.0, 1.0, 1.0, 1.0, 1.0, 1.0, 1.0, 1.0, 1.0, 1.0, 1.0, 1.0, 1.0]"
fcfd885b,10,20,3,75.0,False,True,"[1, 1, 1]",10.572568715049329,14.794583070439192,14.794583070439192,,,,,8.220255637310254,8.220255637310256,8.220255637310256,8.220255637310256,"[8.220255637310256, 8.212141563926806, 8.220084237796124, 8.219278950741627, 8.216289066419503, 8.21760227413144, 8.220015884189914, 8.220522572306315, 8.219523004088007, 8.219059965262135, 8.219764395259261, 8.22067748353348, 8.220851332127772, 8.2204632054915, 8.220337916852916, 8.220824629466199, 8.221546611234865, 8.221931337180848, 8.221845130351452, 8.221708066338419, 8.221952287560207, 8.222549433506016, 8.223130214906949, 8.223410411196205, 8.223457224006367, 8.223556362708882, 8.223862669215174, 8.224260828479096, 8.224544441892567, 8.224644680265547, 8.22466271440438, 8.224712430225793, 8.22478631060511, 8.22480179698275, 8.224737751530842, 8.224671608383904, 8.224679965156936, 8.224748413003738, 8.224804390691391, 8.224818828736133, 8.224838599248486, 8.22491250965632, 8.225018929669794, 8.22509340658747, 8.225111510416104, 8.225112379114606, 8.225139259517473, 8.225186055879076, 8.225220316756733, 8.225236514769563, 8.225260040106619, 8.225305515826768, 8.225358186758024, 8.2254023919096, 8.225444823903867, 8.225497527215676, 8.225554131087964, 8.225599688057276, 8.225635068120235, 8.225675330759136, 8.225726662706954, 8.225779432332581, 8.22582756551201, 8.22587865495525, 8.225940936608183, 8.226009950189667, 8.226076121131007, 8.226138684343503, 8.226202437778284, 8.226267468663515, 8.226330112048057, 8.226391255595225, 8.226455522579384, 8.22652424578717, 8.226595716154158, 8.226670828637578]",75,0.7775078941420626,,0.006415191327322489,0.0064151913273242656,8.226670828637578,,0.7781146711231562,,,,281.9985394477844,282.2025682926178,True,0.20560193061828613,0.001558065414428711,0.0,0.20560193061828613,Results/warm_start_cache/random_graphs_8to14vertices_78instances_20260625_143415_AdjacencyList__filehash_a79662a0/hog_idx000026_c05f88fc6e70_seed42_L1_M1_amplified.npz,282.0074129104614,2026-08-29 16:21:38,x86_64,dacsgpu0002,,64,64,3.11.15,1.0,False,False,False,True,4,False,True,False,True,adam,False,hamqaoa,0.005,standard,1,1,42,scs,1e-06,100000,False,False,False,hog,False,False,False,False,False,False,True,1,HOG_graphs/random_graphs_8to14vertices_78instances_20260625_143415_AdjacencyList.txt,True,Results/warm_start_cache,512,60,0,16,1,1,0,0,5,0,5,10,42,True,_Exp4_v2_standardZeroAngles,1,42,26,"[(2, 3), (2, 6), (3, 5), (2, 9), (7, 8), (1, 4), (0, 2), (0, 8), (1, 7), (5, 7), (3, 4), (4, 5), (4, 8), (8, 9), (1, 3), (1, 9), (5, 6), (0, 6), (0, 9), (6, 7)]","[1.0, 1.0, 1.0, 1.0, 1.0, 1.0, 1.0, 1.0, 1.0, 1.0, 1.0, 1.0, 1.0, 1.0, 1.0, 1.0, 1.0, 1.0, 1.0, 1.0]"
8357def6,10,30,3,75.0,False,True,"[1, 1, 1]",13.183472067497764,17.3756795260346,17.3756795260346,,,,,10.710641329364032,10.710641329364039,10.710641329364032,10.710641329364032,"[10.710641329364032, 10.713454591295688, 10.712319237055151, 10.7154592620098, 10.71615185369547, 10.715122571916622, 10.71576954185771, 10.717539958909335, 10.71853528409159, 10.718520968473834, 10.718815725983443, 10.719993893778245, 10.721290949906502, 10.721971089912465, 10.722245013304606, 10.722754534321252, 10.723578617764481, 10.724222722259206, 10.724364794161012, 10.724288521074515, 10.72443259665012, 10.724763513535423, 10.724935467107368, 10.724863543051015, 10.724828912027562, 10.725028351180681, 10.725307612159206, 10.725448982487759, 10.72551643173717, 10.725724071580512, 10.726081392229137, 10.726417914967243, 10.726684024288875, 10.727001728274608, 10.727423531814557, 10.727842990476189, 10.728181936923763, 10.728516133170523, 10.728938338025339, 10.72942119090468, 10.72991602939718, 10.730472506843794, 10.73116531793297, 10.731982956235932, 10.732881914763789, 10.733888345226612, 10.735060394717362, 10.736405811714071, 10.73791983966624, 10.73965798059338, 10.741698783372632, 10.744085136528051, 10.746856525925903, 10.750097349660559, 10.753907786526652, 10.758371795463134, 10.76358147693922, 10.769651481813135, 10.776687459934136, 10.784762449109051, 10.793925106084881, 10.804205142229447, 10.815594989469483, 10.828031883533201, 10.84139451011777, 10.855507685857656, 10.8701551940224, 10.885116276562918, 10.900231450316307, 10.9154700519767, 10.930941687967648, 10.946848953996852, 10.963445272085442, 10.981001661860736, 10.999755222724163, 11.019856573193387]",75,0.8124294779498804,,0.30921524382934784,0.30921524382935495,11.019856573193387,,0.8358842432989633,,,,282.2824866771698,282.4238884449005,True,0.14272737503051758,0.001310586929321289,0.0,0.14272737503051758,Results/warm_start_cache/random_graphs_8to14vertices_78instances_20260625_143415_AdjacencyList__filehash_a79662a0/hog_idx000033_5cf57437af49_seed42_L1_M1_amplified.npz,282.2917640209198,2026-08-29 16:21:39,x86_64,dacsgpu0002,,64,64,3.11.15,1.0,False,False,False,False,,False,True,False,False,adam,False,hamqaoa,0.005,standard,1,1,42,scs,1e-06,100000,False,False,False,hog,False,False,False,False,False,False,True,1,HOG_graphs/random_graphs_8to14vertices_78instances_20260625_143415_AdjacencyList.txt,True,Results/warm_start_cache,512,60,0,16,1,1,0,0,5,0,5,10,42,True,_Exp4_v2_standardZeroAngles,1,42,33,"[(2, 3), (3, 8), (2, 6), (3, 5), (7, 8), (1, 4), (0, 2), (6, 9), (3, 4), (2, 8), (4, 5), (3, 7), (2, 5), (4, 8), (8, 9), (1, 3), (1, 6), (1, 9), (0, 7), (6, 8), (5, 6), (5, 9), (2, 4), (3, 9), (7, 9), (0, 3), (0, 6), (1, 5), (0, 9), (6, 7)]","[1.0, 1.0, 1.0, 1.0, 1.0, 1.0, 1.0, 1.0, 1.0, 1.0, 1.0, 1.0, 1.0, 1.0, 1.0, 1.0, 1.0, 1.0, 1.0, 1.0, 1.0, 1.0, 1.0, 1.0, 1.0, 1.0, 1.0, 1.0, 1.0, 1.0]"
b29d1632,10,28,2,75.0,False,True,"[1, 1, 1]",12.658576065675938,16.55133585722598,16.55133585722598,,,,,10.143044996229888,10.143044996229888,10.143044996229888,10.143044996229888,"[10.143044996229888, 10.142202399127212, 10.143153775336609, 10.143463210527418, 10.14295621828441, 10.14298757069766, 10.143360647599076, 10.143450531537994, 10.143262791530494, 10.14320716267271, 10.143362595286266, 10.143483264552604, 10.143422478945638, 10.14331432184, 10.143336180754654, 10.143455520173344, 10.143518680627473, 10.143467602175742, 10.143399541530366, 10.143414352493837, 10.14348197030232, 10.14351120007833, 10.143481280758184, 10.143456091537137, 10.143478458710614, 10.143512411062165, 10.14350997747059, 10.143483889113377, 10.143481852498782, 10.143510041795546, 10.143528121125538, 10.14351463997919, 10.143497003510236, 10.143504001793195, 10.143522731717692, 10.143525803501051, 10.143515307877863, 10.14351340442385, 10.143523111780613, 10.14352734558094, 10.143521206809924, 10.143519027911195, 10.143526357081418, 10.143531216106007, 10.143526671969674, 10.143522413392867, 10.143526277290993, 10.143531439942528, 10.143530155386866, 10.14352695679209, 10.143528228988917, 10.143531076832334, 10.143530479049728, 10.143528936059514, 10.143530276572353, 10.143532070068357, 10.143531076613769, 10.143529842834711, 10.14353121069365, 10.14353275625277, 10.143531912709085, 10.1435309581621, 10.143531959061203, 10.14353287743181, 10.143532243143447, 10.143531886647928, 10.143532668420962, 10.143532875474147, 10.143532338189047, 10.14353251827232, 10.143533118135105, 10.143532886182118, 10.14353251172249, 10.143532885869393, 10.143533177589537, 10.143532894646652]",75,0.8012785121806094,,0.00048789841676466494,0.00048789841676466494,10.143532894646652,,0.8013170550952495,,,,263.7999405860901,263.9298951625824,True,0.13984203338623047,0.0098724365234375,0.0,0.13984203338623047,Results/warm_start_cache/random_graphs_8to14vertices_78instances_20260625_143415_AdjacencyList__filehash_a79662a0/hog_idx000024_c579f9d62b77_seed42_L1_M1_amplified.npz,263.8513877391815,2026-08-29 16:21:45,x86_64,dacsgpu0002,,64,64,3.11.15,0.76,False,False,False,False,,False,True,False,False,adam,False,hamqaoa,0.005,standard,1,1,42,scs,1e-06,100000,False,False,False,hog,False,False,False,False,False,False,True,1,HOG_graphs/random_graphs_8to14vertices_78instances_20260625_143415_AdjacencyList.txt,True,Results/warm_start_cache,512,60,0,16,1,1,0,0,5,0,5,10,42,True,_Exp4_v2_standardZeroAngles,1,42,24,"[(2, 3), (3, 8), (2, 9), (4, 6), (4, 9), (7, 8), (0, 2), (0, 8), (1, 7), (6, 9), (5, 7), (3, 4), (2, 8), (3, 7), (2, 5), (8, 9), (1, 6), (0, 4), (1, 9), (0, 7), (6, 8), (5, 6), (2, 7), (0, 3), (1, 2), (1, 8), (0, 6), (0, 9)]","[1.0, 1.0, 1.0, 1.0, 1.0, 1.0, 1.0, 1.0, 1.0, 1.0, 1.0, 1.0, 1.0, 1.0, 1.0, 1.0, 1.0, 1.0, 1.0, 1.0, 1.0, 1.0, 1.0, 1.0, 1.0, 1.0, 1.0, 1.0]"
5cab1230,10,20,4,75.0,False,True,"[1, 1, 1]",10.572568715049329,14.794583070439192,14.794583070439192,,,,,8.220255637310254,8.220255637310256,8.220255637310256,8.220255637310256,"[8.220255637310256, 8.204503630064924, 8.219632527830044, 8.217492770955138, 8.21196567322056, 8.214707801848398, 8.21940193155802, 8.220327134923318, 8.218079093388177, 8.216829999296944, 8.218150963904012, 8.22023075090827, 8.220899462716352, 8.220001106788937, 8.219172158657056, 8.219622286795175, 8.220967212995863, 8.221994197763195, 8.222011577961345, 8.221493689426516, 8.221422139628675, 8.222151601494142, 8.223169155315038, 8.223774734659417, 8.223799057507625, 8.223677320086978, 8.223880189503484, 8.224404938259676, 8.224870235428847, 8.224984929321362, 8.224836326297353, 8.224727804131852, 8.224804787379812, 8.224931180201603, 8.224923732633439, 8.224804472277167, 8.22476081679438, 8.224897086843166, 8.225112318839539, 8.22523952745688, 8.22525116904979, 8.22526989228546, 8.225386152172085, 8.225539836030277, 8.225615114541563, 8.225598583910733, 8.22558549482141, 8.225643813521044, 8.225736455825563, 8.225795781358334, 8.225823952357354, 8.225875979380929, 8.225969705416595, 8.226064417922007, 8.226128692341767, 8.226183294989255, 8.22625905337204, 8.226345955215175, 8.226413916986445, 8.226464485647863, 8.226528238879794, 8.226616499243237, 8.226707391782577, 8.226783325736113, 8.226855828869649, 8.226941164930855, 8.227033293588084, 8.227117324202197, 8.227196946308403, 8.227288900516587, 8.227398530986841, 8.22751876232854, 8.227648389842791, 8.22779528404654, 8.22796111149382, 8.228140050742397]",75,0.7775078941420626,,0.007884413432140747,0.007884413432142523,8.228140050742397,,0.7782536366049059,,,,291.7790353298187,291.9832682609558,True,0.20560193061828613,0.0013537406921386719,0.0,0.20560193061828613,Results/warm_start_cache/random_graphs_8to14vertices_78instances_20260625_143415_AdjacencyList__filehash_a79662a0/hog_idx000026_c05f88fc6e70_seed42_L1_M1_amplified.npz,291.78655219078064,2026-08-29 16:21:48,x86_64,dacsgpu0002,,64,64,3.11.15,1.24,False,False,False,True,4,False,True,False,True,adam,False,hamqaoa,0.005,standard,1,1,42,scs,1e-06,100000,False,False,False,hog,False,False,False,False,False,False,True,1,HOG_graphs/random_graphs_8to14vertices_78instances_20260625_143415_AdjacencyList.txt,True,Results/warm_start_cache,512,60,0,16,1,1,0,0,5,0,5,10,42,True,_Exp4_v2_standardZeroAngles,1,42,26,"[(2, 3), (2, 6), (3, 5), (2, 9), (7, 8), (1, 4), (0, 2), (0, 8), (1, 7), (5, 7), (3, 4), (4, 5), (4, 8), (8, 9), (1, 3), (1, 9), (5, 6), (0, 6), (0, 9), (6, 7)]","[1.0, 1.0, 1.0, 1.0, 1.0, 1.0, 1.0, 1.0, 1.0, 1.0, 1.0, 1.0, 1.0, 1.0, 1.0, 1.0, 1.0, 1.0, 1.0, 1.0]"
90ac4348,10,30,4,75.0,False,True,"[1, 1, 1]",13.183472067497764,17.3756795260346,17.3756795260346,,,,,10.710641329364032,10.710641329364039,10.710641329364032,10.710641329364032,"[10.710641329364032, 10.709142129172273, 10.712851699873807, 10.716320691956696, 10.714194515652888, 10.714425084772323, 10.71731100617866, 10.718794099086972, 10.718325862523836, 10.718675183480974, 10.720611236750601, 10.722334527500314, 10.722770208332317, 10.722859671265393, 10.723656698325113, 10.724715916883925, 10.725026383655472, 10.724615592920259, 10.724480831244465, 10.724957819823565, 10.725367325728904, 10.725286529274968, 10.725184996921653, 10.725543703163043, 10.726080206130803, 10.726309865794143, 10.726373948216326, 10.726726943494187, 10.72732058772119, 10.727777274613548, 10.728077078881139, 10.728509506552308, 10.729097262907532, 10.72958693214906, 10.72994507017265, 10.730417871014696, 10.73108915917406, 10.731807753862586, 10.732557749066082, 10.733504650871584, 10.734681227978385, 10.7359687189573, 10.737387719718766, 10.739105050572487, 10.74119635258698, 10.743699839049558, 10.746812555476852, 10.750791960125339, 10.755810127846665, 10.762056368216252, 10.76981564061361, 10.779375573887192, 10.790969599150257, 10.804817029513284, 10.821103737248034, 10.839894542662165, 10.861072307784422, 10.884337447089734, 10.909238203360532, 10.935220331517334, 10.961704091973935, 10.988176279619381, 11.014254173257617, 11.03968033631151, 11.064271181071398, 11.087867930077515, 11.110336163990757, 11.131613063417456, 11.15180676685121, 11.17128849551887, 11.190716672609193, 11.210882034670622, 11.232376259795252, 11.255314478705795, 11.27933101451837, 11.303738173918815]",75,0.8124294779498804,,0.5930968445547755,0.5930968445547826,11.303738173918815,,0.857417387168195,,,,300.04975175857544,300.19094371795654,True,0.14272737503051758,0.0015213489532470703,0.0,0.14272737503051758,Results/warm_start_cache/random_graphs_8to14vertices_78instances_20260625_143415_AdjacencyList__filehash_a79662a0/hog_idx000033_5cf57437af49_seed42_L1_M1_amplified.npz,300.05872797966003,2026-08-29 16:21:56,x86_64,dacsgpu0002,,64,64,3.11.15,1.24,False,False,False,False,,False,True,False,False,adam,False,hamqaoa,0.005,standard,1,1,42,scs,1e-06,100000,False,False,False,hog,False,False,False,False,False,False,True,1,HOG_graphs/random_graphs_8to14vertices_78instances_20260625_143415_AdjacencyList.txt,True,Results/warm_start_cache,512,60,0,16,1,1,0,0,5,0,5,10,42,True,_Exp4_v2_standardZeroAngles,1,42,33,"[(2, 3), (3, 8), (2, 6), (3, 5), (7, 8), (1, 4), (0, 2), (6, 9), (3, 4), (2, 8), (4, 5), (3, 7), (2, 5), (4, 8), (8, 9), (1, 3), (1, 6), (1, 9), (0, 7), (6, 8), (5, 6), (5, 9), (2, 4), (3, 9), (7, 9), (0, 3), (0, 6), (1, 5), (0, 9), (6, 7)]","[1.0, 1.0, 1.0, 1.0, 1.0, 1.0, 1.0, 1.0, 1.0, 1.0, 1.0, 1.0, 1.0, 1.0, 1.0, 1.0, 1.0, 1.0, 1.0, 1.0, 1.0, 1.0, 1.0, 1.0, 1.0, 1.0, 1.0, 1.0, 1.0, 1.0]"
9b523b87,10,28,3,75.0,False,True,"[1, 1, 1]",12.658576065675938,16.55133585722598,16.55133585722598,,,,,10.143044996229888,10.143044996229888,10.143044996229888,10.143044996229888,"[10.143044996229888, 10.139490100302138, 10.14301524254296, 10.14293855802169, 10.141561758978595, 10.142148730666717, 10.143233709467367, 10.143338924529402, 10.142728428713996, 10.142503631351234, 10.142915461213741, 10.143387307047119, 10.14342917136855, 10.143131537960924, 10.142943786732669, 10.14308931082015, 10.143380918576064, 10.143520409720177, 10.143422291674339, 10.143258680747271, 10.143232294251035, 10.143359381644217, 10.143495441399354, 10.143516621026997, 10.14343960904943, 10.143377005396387, 10.14340061348313, 10.143472996810411, 10.143512546896401, 10.143490515322123, 10.143451423025056, 10.143448985804548, 10.143485236682512, 10.143518040847278, 10.14351661518012, 10.14349512727354, 10.14348876109992, 10.143508626753254, 10.143531766870652, 10.143533248476908, 10.143517009829011, 10.143507731414106, 10.14351816329692, 10.143534980524032, 10.143538577351961, 10.143528187137793, 10.143520682469303, 10.143527200380165, 10.143539883134796, 10.14354437281559, 10.143538665171235, 10.143533697137297, 10.143537579082185, 10.143545575159502, 10.143548343066707, 10.143544949504067, 10.143542538952055, 10.143545588146234, 10.143550608047393, 10.143552366710301, 10.143551069698377, 10.14355123432501, 10.14355447189105, 10.143557922164074, 10.143558961583102, 10.14355915425839, 10.143561029373178, 10.143564348110372, 10.143566923347553, 10.14356836947989, 10.143570289832454, 10.143573668108285, 10.143577615252532, 10.143581005231232, 10.14358423622352, 10.143588486122399]",75,0.8012785121806094,,0.0005434898925109621,0.0005434898925109621,10.143588486122399,,0.801321446701024,,,,270.6485471725464,270.78619408607483,True,0.13984203338623047,0.002180337905883789,0.0,0.13984203338623047,Results/warm_start_cache/random_graphs_8to14vertices_78instances_20260625_143415_AdjacencyList__filehash_a79662a0/hog_idx000024_c579f9d62b77_seed42_L1_M1_amplified.npz,270.6991591453552,2026-08-29 16:21:57,x86_64,dacsgpu0002,,64,64,3.11.15,1.0,False,False,False,False,,False,True,False,False,adam,False,hamqaoa,0.005,standard,1,1,42,scs,1e-06,100000,False,False,False,hog,False,False,False,False,False,False,True,1,HOG_graphs/random_graphs_8to14vertices_78instances_20260625_143415_AdjacencyList.txt,True,Results/warm_start_cache,512,60,0,16,1,1,0,0,5,0,5,10,42,True,_Exp4_v2_standardZeroAngles,1,42,24,"[(2, 3), (3, 8), (2, 9), (4, 6), (4, 9), (7, 8), (0, 2), (0, 8), (1, 7), (6, 9), (5, 7), (3, 4), (2, 8), (3, 7), (2, 5), (8, 9), (1, 6), (0, 4), (1, 9), (0, 7), (6, 8), (5, 6), (2, 7), (0, 3), (1, 2), (1, 8), (0, 6), (0, 9)]","[1.0, 1.0, 1.0, 1.0, 1.0, 1.0, 1.0, 1.0, 1.0, 1.0, 1.0, 1.0, 1.0, 1.0, 1.0, 1.0, 1.0, 1.0, 1.0, 1.0, 1.0, 1.0, 1.0, 1.0, 1.0, 1.0, 1.0, 1.0]"
8bae8383,10,20,5,75.0,False,True,"[1, 1, 1]",10.572568715049329,14.794583070439192,14.794583070439192,,,,,8.220255637310254,8.220255637310256,8.220255637310256,8.220255637310256,"[8.220255637310256, 8.194429331543668, 8.219027812301073, 8.215133163243838, 8.206196151599908, 8.210749144740703, 8.218534359134932, 8.220211723451438, 8.216371239999154, 8.213913668889637, 8.215873486207808, 8.219493951921757, 8.221013930795962, 8.219662864662485, 8.217903678486158, 8.218107732423562, 8.220107487546304, 8.22200537440373, 8.222345223239834, 8.22147308135745, 8.220934456167425, 8.221660688258323, 8.22313570824829, 8.224197748456373, 8.224282791469278, 8.223868179407358, 8.223797639501482, 8.224334952091677, 8.225001679323917, 8.225211168912882, 8.224910003655813, 8.224568436739512, 8.224591978367974, 8.224887022667065, 8.225073995118159, 8.224995659564252, 8.224875944747081, 8.224989443441416, 8.225308447550214, 8.225559190339348, 8.225577077810765, 8.225495819666092, 8.225541338347883, 8.2257295692927, 8.225876442792726, 8.225867250950817, 8.225800094577831, 8.225831699133057, 8.225968035261621, 8.226085390948887, 8.22611686774529, 8.226128250182601, 8.226198269822643, 8.226303053059187, 8.226368216533846, 8.226386860268617, 8.226419953593052, 8.226496692372837, 8.22657792184474, 8.226626735307624, 8.226665712465403, 8.226733937749398, 8.226822018263569, 8.226890026111159, 8.226932733226025, 8.226985830833865, 8.227068865385347, 8.22716204117169, 8.227247836718684, 8.227339610113054, 8.22745393612585, 8.227581382614886, 8.227705199323012, 8.227830683591533, 8.227974464569234, 8.228139655050498]",75,0.7775078941420626,,0.007884017740241944,0.00788401774024372,8.228139655050498,,0.7782535991786276,,,,304.3627417087555,304.5669391155243,True,0.20560193061828613,0.001394033432006836,0.0,0.20560193061828613,Results/warm_start_cache/random_graphs_8to14vertices_78instances_20260625_143415_AdjacencyList__filehash_a79662a0/hog_idx000026_c05f88fc6e70_seed42_L1_M1_amplified.npz,304.3696668148041,2026-08-29 16:22:01,x86_64,dacsgpu0002,,64,64,3.11.15,1.47,False,False,False,True,4,False,True,False,True,adam,False,hamqaoa,0.005,standard,1,1,42,scs,1e-06,100000,False,False,False,hog,False,False,False,False,False,False,True,1,HOG_graphs/random_graphs_8to14vertices_78instances_20260625_143415_AdjacencyList.txt,True,Results/warm_start_cache,512,60,0,16,1,1,0,0,5,0,5,10,42,True,_Exp4_v2_standardZeroAngles,1,42,26,"[(2, 3), (2, 6), (3, 5), (2, 9), (7, 8), (1, 4), (0, 2), (0, 8), (1, 7), (5, 7), (3, 4), (4, 5), (4, 8), (8, 9), (1, 3), (1, 9), (5, 6), (0, 6), (0, 9), (6, 7)]","[1.0, 1.0, 1.0, 1.0, 1.0, 1.0, 1.0, 1.0, 1.0, 1.0, 1.0, 1.0, 1.0, 1.0, 1.0, 1.0, 1.0, 1.0, 1.0, 1.0]"
4029a611,10,30,5,75.0,False,True,"[1, 1, 1]",13.183472067497764,17.3756795260346,17.3756795260346,,,,,10.710641329364032,10.710641329364039,10.710641329364032,10.710641329364032,"[10.710641329364032, 10.702198804086876, 10.713198237434277, 10.715412884607488, 10.710841337306952, 10.713386208127645, 10.71815100685713, 10.718794524147386, 10.717191587919105, 10.718303599630962, 10.721514418368892, 10.72334706125257, 10.72299503563315, 10.72272167736565, 10.723865126925483, 10.725194483574276, 10.725153651756509, 10.724233637098632, 10.724169102192585, 10.725153340847118, 10.72584417902447, 10.725638920962327, 10.725428443938346, 10.725976459643181, 10.726761302673665, 10.726983439052791, 10.726882283133286, 10.727233005002885, 10.728012689489754, 10.728572613275656, 10.728767105866144, 10.729069479257134, 10.729672366029543, 10.730215499303037, 10.73048710146381, 10.730801166344474, 10.731427947286859, 10.732168782310376, 10.73279968298192, 10.733468339842112, 10.734356464779209, 10.73532607467631, 10.736216619054348, 10.737178463591501, 10.738391744962602, 10.739782547542596, 10.741294445670102, 10.743093456214584, 10.745322539896227, 10.747972265004508, 10.751114990085819, 10.75498009291423, 10.759758536745407, 10.765614228982448, 10.772880311250036, 10.782020025001906, 10.793429553116251, 10.807442761132023, 10.824426093889967, 10.844709746620223, 10.868469469140715, 10.89574207162669, 10.926412550912278, 10.960036788473728, 10.995678183102234, 11.031949229698979, 11.067164318977097, 11.099549582958309, 11.127491588044768, 11.14977449205103, 11.165915826899106, 11.176587453496753, 11.183745677308497, 11.190065106981924, 11.197850201445315, 11.208190604121215]",75,0.8124294779498804,,0.49754927475717636,0.49754927475718347,11.208190604121215,,0.8501698601655657,,,,308.1776444911957,308.3189160823822,True,0.14272737503051758,0.0014395713806152344,0.0,0.14272737503051758,Results/warm_start_cache/random_graphs_8to14vertices_78instances_20260625_143415_AdjacencyList__filehash_a79662a0/hog_idx000033_5cf57437af49_seed42_L1_M1_amplified.npz,308.19003200531006,2026-08-29 16:22:05,x86_64,dacsgpu0002,,64,64,3.11.15,1.48,False,False,False,False,,False,True,False,False,adam,False,hamqaoa,0.005,standard,1,1,42,scs,1e-06,100000,False,False,False,hog,False,False,False,False,False,False,True,1,HOG_graphs/random_graphs_8to14vertices_78instances_20260625_143415_AdjacencyList.txt,True,Results/warm_start_cache,512,60,0,16,1,1,0,0,5,0,5,10,42,True,_Exp4_v2_standardZeroAngles,1,42,33,"[(2, 3), (3, 8), (2, 6), (3, 5), (7, 8), (1, 4), (0, 2), (6, 9), (3, 4), (2, 8), (4, 5), (3, 7), (2, 5), (4, 8), (8, 9), (1, 3), (1, 6), (1, 9), (0, 7), (6, 8), (5, 6), (5, 9), (2, 4), (3, 9), (7, 9), (0, 3), (0, 6), (1, 5), (0, 9), (6, 7)]","[1.0, 1.0, 1.0, 1.0, 1.0, 1.0, 1.0, 1.0, 1.0, 1.0, 1.0, 1.0, 1.0, 1.0, 1.0, 1.0, 1.0, 1.0, 1.0, 1.0, 1.0, 1.0, 1.0, 1.0, 1.0, 1.0, 1.0, 1.0, 1.0, 1.0]"
627812cd,10,28,4,75.0,False,True,"[1, 1, 1]",12.658576065675938,16.55133585722598,16.55133585722598,,,,,10.143044996229888,10.143044996229888,10.143044996229888,10.143044996229888,"[10.143044996229888, 10.13531930639473, 10.1427564882885, 10.142062994050727, 10.1393653924421, 10.14063958052025, 10.142885843695682, 10.143321596359293, 10.142183777795218, 10.14143492593012, 10.141938238751523, 10.142952695599286, 10.143469460391024, 10.143200258167312, 10.142659175166246, 10.14249613282968, 10.142839672254931, 10.143322130457122, 10.143536947945119, 10.143393626882482, 10.143124789922343, 10.143015724251455, 10.143146350933646, 10.143373959370127, 10.14350605642912, 10.143472318138258, 10.14335789557119, 10.143296978548976, 10.143344832944775, 10.143447397730194, 10.143515589439673, 10.143513181569245, 10.143475971343467, 10.143459271925956, 10.143482225009084, 10.143519772312606, 10.143539288092322, 10.143536264499277, 10.143531358556865, 10.143542877287556, 10.143566531251961, 10.143585123510565, 10.1435908470037, 10.143593006350653, 10.143604885465685, 10.143626814704549, 10.143646887802962, 10.143656928048031, 10.143662837292416, 10.14367727756207, 10.143704518134106, 10.143735685959332, 10.14376026003513, 10.14377885241376, 10.14380202059483, 10.143838344092336, 10.143884889560644, 10.143932990846869, 10.143980433258497, 10.14403535126525, 10.144108411227924, 10.14420214901795, 10.14431396970665, 10.144445466871613, 10.144608698722678, 10.144820111858582, 10.14509404109618, 10.145444392644627, 10.145894478976127, 10.146481918639173, 10.14725639592564, 10.148277161358184, 10.149619182625225, 10.151378448059685, 10.153666581208105, 10.15659607818588]",75,0.8012785121806094,,0.013551081955991862,0.013551081955991862,10.15659607818588,,0.8023490182063808,,,,268.8325753211975,268.96008801460266,True,0.13984203338623047,0.012316703796386719,0.0,0.13984203338623047,Results/warm_start_cache/random_graphs_8to14vertices_78instances_20260625_143415_AdjacencyList__filehash_a79662a0/hog_idx000024_c579f9d62b77_seed42_L1_M1_amplified.npz,268.87108302116394,2026-08-29 16:22:06,x86_64,dacsgpu0002,,64,64,3.11.15,1.24,False,False,False,False,,False,True,False,False,adam,False,hamqaoa,0.005,standard,1,1,42,scs,1e-06,100000,False,False,False,hog,False,False,False,False,False,False,True,1,HOG_graphs/random_graphs_8to14vertices_78instances_20260625_143415_AdjacencyList.txt,True,Results/warm_start_cache,512,60,0,16,1,1,0,0,5,0,5,10,42,True,_Exp4_v2_standardZeroAngles,1,42,24,"[(2, 3), (3, 8), (2, 9), (4, 6), (4, 9), (7, 8), (0, 2), (0, 8), (1, 7), (6, 9), (5, 7), (3, 4), (2, 8), (3, 7), (2, 5), (8, 9), (1, 6), (0, 4), (1, 9), (0, 7), (6, 8), (5, 6), (2, 7), (0, 3), (1, 2), (1, 8), (0, 6), (0, 9)]","[1.0, 1.0, 1.0, 1.0, 1.0, 1.0, 1.0, 1.0, 1.0, 1.0, 1.0, 1.0, 1.0, 1.0, 1.0, 1.0, 1.0, 1.0, 1.0, 1.0, 1.0, 1.0, 1.0, 1.0, 1.0, 1.0, 1.0, 1.0]"
225bca6f,8,24,1,75.0,False,True,"[1, 1, 1]",9.809016994374945,11.457526910528353,11.457526910528353,,,,,7.759826339167105,7.759826339167111,7.759826339167106,7.759826339167106,"[7.759826339167106, 7.765864154822511, 7.771138476310885, 7.775603756591996, 7.779213826371128, 7.781946780874627, 7.78386409974838, 7.785123558502032, 7.785887212931265, 7.786315121005984, 7.786560277210438, 7.786752520451305, 7.78698669295579, 7.787318658015806, 7.787768655018171, 7.788328467105159, 7.788970699351529, 7.789657036415818, 7.790345265603231, 7.79099517284058, 7.791572795762253, 7.792053496941454, 7.792424244642515, 7.792684148306474, 7.792843960260614, 7.792924367468283, 7.792952798479431, 7.792959102315722, 7.792971430838383, 7.793012333734844, 7.793096969135105, 7.793231869035196, 7.79341523833097, 7.793639555591946, 7.793893361200125, 7.794163993463821, 7.79443972524468, 7.794711451402222, 7.794973442165489, 7.795223735523307, 7.795463633823859, 7.795696864514126, 7.795928328951103, 7.796163051637066, 7.796405105960681, 7.796657190898262, 7.7969202455843805, 7.79719367033548, 7.797475377945049, 7.7977625382506455, 7.798051973096698, 7.798340702116808, 7.798626193950065, 7.798906659036051, 7.799181051528402, 7.799449116476626, 7.7997109577354005, 7.799967178240073, 7.800218407965598, 7.800465045733251, 7.800707303387256, 7.800944886959634, 7.801177235623306, 7.8014034762269215, 7.801622580828842, 7.801833392491749, 7.802034916444779, 7.80222624684978, 7.802406939859811, 7.802576727890884, 7.802735862957694, 7.80288470095452, 7.803023909979671, 7.803154183287921, 7.80327627998114, 7.803390938520716]",75,0.7910911300915313,,0.043564599353604905,0.043564599353610234,7.803390938520716,,0.7955324109434849,,,,12.443689823150635,12.555051803588867,True,0.11385893821716309,0.0024831295013427734,0.0,0.11385893821716309,Results/warm_start_cache/random_graphs_8to14vertices_78instances_20260625_143415_AdjacencyList__filehash_a79662a0/hog_idx000011_df959fde7591_seed42_L1_M1_amplified.npz,12.45118761062622,2026-08-29 16:24:27,x86_64,dacsgpu0002,,64,64,3.11.15,0.24,False,False,False,False,,True,False,False,False,adam,False,hamqaoa,0.005,standard,1,1,42,scs,1e-06,100000,False,False,False,hog,False,False,False,False,False,False,True,1,HOG_graphs/random_graphs_8to14vertices_78instances_20260625_143415_AdjacencyList.txt,True,Results/warm_start_cache,512,60,0,16,1,1,0,0,5,0,5,10,42,True,_Exp4_v2_standardZeroAngles,1,42,11,"[(2, 3), (2, 6), (3, 5), (4, 6), (0, 5), (0, 2), (1, 7), (5, 7), (4, 5), (3, 7), (2, 5), (1, 3), (0, 1), (1, 6), (0, 4), (0, 7), (5, 6), (3, 6), (2, 4), (2, 7), (4, 7), (1, 2), (1, 5), (6, 7)]","[1.0, 1.0, 1.0, 1.0, 1.0, 1.0, 1.0, 1.0, 1.0, 1.0, 1.0, 1.0, 1.0, 1.0, 1.0, 1.0, 1.0, 1.0, 1.0, 1.0, 1.0, 1.0, 1.0, 1.0]"
d3e158af,8,16,1,75.0,False,True,"[1, 1, 1]",7.941043782459287,10.106299519970658,10.106299519970658,,,,,6.018896994166263,6.01889699416626,6.01889699416626,6.01889699416626,"[6.01889699416626, 6.0185787216157625, 6.018966334040778, 6.019097219567659, 6.01901439673808, 6.019028697653889, 6.0191270222217454, 6.01915887757958, 6.0190972260755995, 6.019061156607182, 6.019109404386432, 6.019179691280866, 6.019202796677912, 6.019188329031364, 6.019198011436842, 6.019248284333407, 6.01929460333865, 6.019302831051539, 6.019297834517214, 6.019321236162071, 6.019367676077235, 6.019402318313713, 6.019420762686573, 6.01945500171734, 6.01951933012602, 6.01959336081216, 6.0196643484884635, 6.01975284652242, 6.0198812331907545, 6.020046095120316, 6.020241503778119, 6.0204864815366514, 6.0208103343441906, 6.021231306347428, 6.021768105087017, 6.022455994273739, 6.023341673876263, 6.024473469116321, 6.025900694613677, 6.027676277762896, 6.029854618207096, 6.03248683068026, 6.035617836911692, 6.039284604244964, 6.043515420465424, 6.048329140305841, 6.05373432098067, 6.05972810333706, 6.066294900063976, 6.073404681336112, 6.081011494001438, 6.089051915963848, 6.097443790776071, 6.106085571660893, 6.114856467307393, 6.123617400916116, 6.1322138220753, 6.140480124910918, 6.148247288892031, 6.155353746664192, 6.161660806909229, 6.167072684981277, 6.171559208177184, 6.175176580651782, 6.178076930725396, 6.180495645155036, 6.182712081901598, 6.184992914186148, 6.187539576236736, 6.190457283899423, 6.1937543733894955, 6.1973613090239805, 6.20116006850553, 6.205011686489306, 6.208779795486548, 6.212348136126421]",75,0.7579478414992756,,0.19345114196016056,0.1934511419601579,6.212348136126421,,0.7823087627156362,,,,12.63472318649292,12.733535528182983,True,0.10121774673461914,0.0023894309997558594,0.0,0.10121774673461914,Results/warm_start_cache/random_graphs_8to14vertices_78instances_20260625_143415_AdjacencyList__filehash_a79662a0/hog_idx000009_967d16b64b95_seed42_L1_M1_amplified.npz,12.643718957901001,2026-08-29 16:24:27,x86_64,dacsgpu0002,,64,64,3.11.15,0.24,False,False,False,False,,False,False,False,False,adam,False,hamqaoa,0.005,standard,1,1,42,scs,1e-06,100000,False,False,False,hog,False,False,False,False,False,False,True,1,HOG_graphs/random_graphs_8to14vertices_78instances_20260625_143415_AdjacencyList.txt,True,Results/warm_start_cache,512,60,0,16,1,1,0,0,5,0,5,10,42,True,_Exp4_v2_standardZeroAngles,1,42,9,"[(2, 7), (0, 1), (1, 6), (2, 6), (3, 5), (1, 2), (5, 6), (0, 6), (3, 4), (1, 5), (4, 5), (2, 5), (1, 4), (0, 2), (6, 7), (1, 7)]","[1.0, 1.0, 1.0, 1.0, 1.0, 1.0, 1.0, 1.0, 1.0, 1.0, 1.0, 1.0, 1.0, 1.0, 1.0, 1.0]"
8a372776,8,16,2,75.0,False,True,"[1, 1, 1]",7.941043782459287,10.106299519970658,10.106299519970658,,,,,6.018896994166263,6.01889699416626,6.01889699416626,6.01889699416626,"[6.01889699416626, 6.016784079577639, 6.018842287871293, 6.018706060129939, 6.018039138925382, 6.018359520696896, 6.018982273395482, 6.0191665683285445, 6.018873849475273, 6.018615557710917, 6.0187069345660245, 6.018983175896729, 6.019152180714233, 6.019110447859412, 6.0189854355444306, 6.018954540122817, 6.019062983012049, 6.019217085402252, 6.019299853837594, 6.0192761933141075, 6.019210767993454, 6.019191888317328, 6.019244537748832, 6.019322872213451, 6.019369235105817, 6.019368778443913, 6.019353857658593, 6.019365446202793, 6.019415077434506, 6.0194805073183275, 6.019530861281652, 6.019554317979639, 6.019565180364181, 6.019586872853409, 6.019630141354363, 6.019687328972452, 6.019743994337392, 6.019793934136511, 6.019843512440727, 6.019903668005818, 6.019980784811288, 6.020073973392765, 6.020179255278956, 6.020297063019167, 6.020435991424708, 6.020611384677537, 6.020841441120993, 6.0211455535296885, 6.021546454510176, 6.02207566244887, 6.022779241084279, 6.02372194227794, 6.024989923420374, 6.02669050342395, 6.028949747838478, 6.031904997590277, 6.0356923278127415, 6.040429831896364, 6.04620299728451, 6.053063157176139, 6.06103845946163, 6.070131062458399, 6.080294907059729, 6.091421860879014, 6.103336412305551, 6.115793882629718, 6.128492220514676, 6.141119733504655, 6.153497688433286, 6.165740899338823, 6.17817660119904, 6.191152083360998, 6.204785058419308, 6.2189132296579945, 6.233312132612573, 6.247890059084852]",75,0.7579478414992756,,0.2289930649185914,0.22899306491858873,6.247890059084852,,0.7867844870576853,,,,19.640946626663208,19.737847566604614,True,0.10121774673461914,0.004300594329833984,0.0,0.10121774673461914,Results/warm_start_cache/random_graphs_8to14vertices_78instances_20260625_143415_AdjacencyList__filehash_a79662a0/hog_idx000009_967d16b64b95_seed42_L1_M1_amplified.npz,19.658747911453247,2026-08-29 16:24:34,x86_64,dacsgpu0002,,64,64,3.11.15,0.26,False,False,False,False,,False,False,False,False,adam,False,hamqaoa,0.005,standard,1,1,42,scs,1e-06,100000,False,False,False,hog,False,False,False,False,False,False,True,1,HOG_graphs/random_graphs_8to14vertices_78instances_20260625_143415_AdjacencyList.txt,True,Results/warm_start_cache,512,60,0,16,1,1,0,0,5,0,5,10,42,True,_Exp4_v2_standardZeroAngles,1,42,9,"[(2, 7), (0, 1), (1, 6), (2, 6), (3, 5), (1, 2), (5, 6), (0, 6), (3, 4), (1, 5), (4, 5), (2, 5), (1, 4), (0, 2), (6, 7), (1, 7)]","[1.0, 1.0, 1.0, 1.0, 1.0, 1.0, 1.0, 1.0, 1.0, 1.0, 1.0, 1.0, 1.0, 1.0, 1.0, 1.0]"
6d84729b,8,24,2,75.0,False,True,"[1, 1, 1]",9.809016994374945,11.457526910528353,11.457526910528353,,,,,7.759826339167105,7.759826339167111,7.759826339167106,7.759826339167106,"[7.759826339167106, 7.771107144961702, 7.779257454605228, 7.784130036043797, 7.7861750165042825, 7.786446197253187, 7.786033694595354, 7.785764541402744, 7.786024935305973, 7.786839669547416, 7.788027188330705, 7.789331285933585, 7.7905068827346, 7.791373390598587, 7.791844750904341, 7.791937774714616, 7.791756723135753, 7.791456394647814, 7.791193451307592, 7.791084610404943, 7.791186967912015, 7.791498698161269, 7.7919762965725, 7.792553207859183, 7.793161108865092, 7.793745045485834, 7.794274260521362, 7.794746714957067, 7.79518600999044, 7.795631975759383, 7.796127931394053, 7.796709421252564, 7.797398831151335, 7.798205008320435, 7.79912875493184, 7.800169330101684, 7.801330875554738, 7.802626616432826, 7.804080809878928, 7.805728056342268, 7.807610853656177, 7.809777316145615, 7.812277279543011, 7.815159399518216, 7.818467789344262, 7.822241305426799, 7.8265122227218855, 7.831306711195099, 7.8366482860437605, 7.842561021786767, 7.849075178856608, 7.856231249789851, 7.864080155139334, 7.872678053966108, 7.882076627040954, 7.892310898464527, 7.903389890523898, 7.91528981122995, 7.927953791509009, 7.941293934928655, 7.955196199519436, 7.969525364414968, 7.984127225387674, 7.998828905741624, 8.013434750167503, 8.02772375001219, 8.041449199882678, 8.054342759449039, 8.066127432528369, 8.07653803282632, 8.085353898255283, 8.092440032451037, 8.097790487364533, 8.101559524150321, 8.104057817522643, 8.105697294888014]",75,0.7910911300915313,,0.345870955720903,0.3458709557209083,8.105697294888014,,0.8263516415086535,,,,21.057817220687866,21.169182538986206,True,0.11385893821716309,0.002475261688232422,0.0,0.11385893821716309,Results/warm_start_cache/random_graphs_8to14vertices_78instances_20260625_143415_AdjacencyList__filehash_a79662a0/hog_idx000011_df959fde7591_seed42_L1_M1_amplified.npz,21.067747592926025,2026-08-29 16:24:35,x86_64,dacsgpu0002,,64,64,3.11.15,0.26,False,False,False,False,,True,False,False,False,adam,False,hamqaoa,0.005,standard,1,1,42,scs,1e-06,100000,False,False,False,hog,False,False,False,False,False,False,True,1,HOG_graphs/random_graphs_8to14vertices_78instances_20260625_143415_AdjacencyList.txt,True,Results/warm_start_cache,512,60,0,16,1,1,0,0,5,0,5,10,42,True,_Exp4_v2_standardZeroAngles,1,42,11,"[(2, 3), (2, 6), (3, 5), (4, 6), (0, 5), (0, 2), (1, 7), (5, 7), (4, 5), (3, 7), (2, 5), (1, 3), (0, 1), (1, 6), (0, 4), (0, 7), (5, 6), (3, 6), (2, 4), (2, 7), (4, 7), (1, 2), (1, 5), (6, 7)]","[1.0, 1.0, 1.0, 1.0, 1.0, 1.0, 1.0, 1.0, 1.0, 1.0, 1.0, 1.0, 1.0, 1.0, 1.0, 1.0, 1.0, 1.0, 1.0, 1.0, 1.0, 1.0, 1.0, 1.0]"
65cda079,8,16,3,75.0,False,True,"[1, 1, 1]",7.941043782459287,10.106299519970658,10.106299519970658,,,,,6.018896994166263,6.01889699416626,6.01889699416626,6.01889699416626,"[6.01889699416626, 6.013562852539626, 6.018638066951337, 6.018032572449768, 6.016301102409028, 6.017050998572261, 6.018585585274202, 6.019192482168829, 6.018674068321249, 6.0180024838336585, 6.017985054368621, 6.018517824075512, 6.019054410481214, 6.019224980249761, 6.01905683953827, 6.018828239892224, 6.018780932145872, 6.018951306380425, 6.019207510640637, 6.0193887608248255, 6.019418493233319, 6.01933390714553, 6.019237185265761, 6.019215836685043, 6.019289870031189, 6.019417116958202, 6.019533851087129, 6.019597612414624, 6.019605641467454, 6.019586426084071, 6.019576441896171, 6.019598302640754, 6.019651487651415, 6.019718724861947, 6.019779307974562, 6.019821393527302, 6.019846164280463, 6.019864252327542, 6.01988806770685, 6.019924415790576, 6.019972843498245, 6.020027839268064, 6.020083280605377, 6.020136005169815, 6.020186936917102, 6.020239884179985, 6.020300223339335, 6.020374005816087, 6.020467687745604, 6.020588950794788, 6.020749747379199, 6.020969636318595, 6.021283282565851, 6.021753058313659, 6.022493716323982, 6.023720005003467, 6.025819129525045, 6.029449555258174, 6.035640714668545, 6.045762598764432, 6.061249181240079, 6.083155400178088, 6.111731537593995, 6.146059062250167, 6.1837054263336215, 6.220491679501389, 6.250875816285917, 6.270316849876395, 6.279913440267349, 6.287748691368177, 6.30080695181958, 6.319786547061761, 6.341631716726506, 6.362476569502063, 6.379240012794562, 6.390595895515618]",75,0.7579478414992756,,0.3716989013493581,0.37169890134935546,6.390595895515618,,0.804755151914865,,,,33.46892237663269,33.56705904006958,True,0.10121774673461914,0.0030641555786132812,0.0,0.10121774673461914,Results/warm_start_cache/random_graphs_8to14vertices_78instances_20260625_143415_AdjacencyList__filehash_a79662a0/hog_idx000009_967d16b64b95_seed42_L1_M1_amplified.npz,33.4875328540802,2026-08-29 16:24:48,x86_64,dacsgpu0002,,64,64,3.11.15,0.27,False,False,False,False,,False,False,False,False,adam,False,hamqaoa,0.005,standard,1,1,42,scs,1e-06,100000,False,False,False,hog,False,False,False,False,False,False,True,1,HOG_graphs/random_graphs_8to14vertices_78instances_20260625_143415_AdjacencyList.txt,True,Results/warm_start_cache,512,60,0,16,1,1,0,0,5,0,5,10,42,True,_Exp4_v2_standardZeroAngles,1,42,9,"[(2, 7), (0, 1), (1, 6), (2, 6), (3, 5), (1, 2), (5, 6), (0, 6), (3, 4), (1, 5), (4, 5), (2, 5), (1, 4), (0, 2), (6, 7), (1, 7)]","[1.0, 1.0, 1.0, 1.0, 1.0, 1.0, 1.0, 1.0, 1.0, 1.0, 1.0, 1.0, 1.0, 1.0, 1.0, 1.0]"
7c41fa24,8,15,1,75.0,False,True,"[1, 1, 1]",7.5806979535883885,9.653229031693312,9.653229031693312,,,,,5.5943744218443285,5.5943744218443285,5.5943744218443285,5.5943744218443285,"[5.5943744218443285, 5.597363649066182, 5.599478843669925, 5.600904789891758, 5.602016262635355, 5.603164871496267, 5.604470566213629, 5.605906130623369, 5.607402648678945, 5.6088894133019735, 5.610305509390612, 5.61160560238399, 5.612765117374629, 5.6137849226232746, 5.614691916410467, 5.615530865310294, 5.616348645015497, 5.617179508644973, 5.618039194624566, 5.618928806253626, 5.619841710416965, 5.620770397988842, 5.621710262377771, 5.622661521462636, 5.623628646691512, 5.624619594787173, 5.625644164828089, 5.626712535176917, 5.62783382287007, 5.629015208301026, 5.630261536464239, 5.631575438756622, 5.632957758849276, 5.634408420541353, 5.635927143261283, 5.637514048065994, 5.639169888905803, 5.6408960584951355, 5.642694280339381, 5.6445663801695405, 5.646513787066741, 5.648537196055269, 5.650636302463204, 5.6528096391252545, 5.655054431435099, 5.657366456815689, 5.6597396968796785, 5.662166185831107, 5.664635782430243, 5.667136080576963, 5.669652557873028, 5.672168899692446, 5.674667664408611, 5.677131081509719, 5.679542220857815, 5.681885979504923, 5.6841506665234025, 5.686328841403886, 5.688418084443706, 5.690421027065692, 5.692344900784874, 5.694200084014698, 5.695998288552189, 5.697750344567362, 5.699464362189901, 5.7011443410053255, 5.702789708601559, 5.704395895590921, 5.705955425027981, 5.7074596881622455, 5.708900792760768, 5.71027301281021, 5.711574146179851, 5.712805804940543, 5.713973214204063, 5.715084167204911]",75,0.7379761673786492,,0.12070974536058277,0.12070974536058277,5.715084167204911,,0.7538994697051117,,,,13.037184953689575,13.150684356689453,True,0.12285637855529785,0.009341716766357422,0.0,0.12285637855529785,Results/warm_start_cache/random_graphs_8to14vertices_78instances_20260625_143415_AdjacencyList__filehash_a79662a0/hog_idx000007_21c2570f08f1_seed42_L1_M1_amplified.npz,13.07905101776123,2026-08-29 16:24:51,x86_64,dacsgpu0002,,64,64,3.11.15,0.24,False,False,False,False,,False,False,True,False,adam,False,hamqaoa,0.005,standard,1,1,42,scs,1e-06,100000,False,False,False,hog,False,False,False,False,False,False,True,1,HOG_graphs/random_graphs_8to14vertices_78instances_20260625_143415_AdjacencyList.txt,True,Results/warm_start_cache,512,60,0,16,1,1,0,0,5,0,5,10,42,True,_Exp4_v2_standardZeroAngles,1,42,7,"[(0, 1), (0, 4), (4, 7), (2, 6), (0, 3), (4, 6), (0, 6), (3, 4), (4, 5), (3, 7), (2, 5), (0, 5), (0, 2), (2, 4), (1, 7)]","[1.0, 1.0, 1.0, 1.0, 1.0, 1.0, 1.0, 1.0, 1.0, 1.0, 1.0, 1.0, 1.0, 1.0, 1.0]"
087480a4,8,15,2,75.0,False,True,"[1, 1, 1]",7.5806979535883885,9.653229031693312,9.653229031693312,,,,,5.5943744218443285,5.5943744218443285,5.5943744218443285,5.5943744218443285,"[5.5943744218443285, 5.599490963328847, 5.601733203981285, 5.6035797299330445, 5.6059543395579166, 5.6085935890575715, 5.6111664257638205, 5.613433972383682, 5.615275873077569, 5.616714844149919, 5.617904205608785, 5.619037431650377, 5.620243136808107, 5.621561469474715, 5.622987989342921, 5.624519321890213, 5.626174141006065, 5.6279908793435, 5.630013484410083, 5.632275545219187, 5.634790742801731, 5.63755097555051, 5.640531500298779, 5.643698361068644, 5.647016575505374, 5.650456405663884, 5.65399749854885, 5.657629402696448, 5.661350084881279, 5.66516200865431, 5.669067138449565, 5.673062884424051, 5.6771394816711895, 5.681279525709037, 5.685461366308848, 5.689664942865751, 5.69388009915482, 5.698112860446918, 5.702386581414342, 5.706736152181711, 5.71120094043207, 5.715820311650144, 5.720631872488547, 5.725669481635096, 5.730961888331426, 5.736531612399613, 5.742396401595948, 5.7485720064812895, 5.755075700136393, 5.761929476169417, 5.769159915690487, 5.776795219875059, 5.784860278791981, 5.793372093141394, 5.802337812982921, 5.8117554813337255, 5.821616208844767, 5.831903671720279, 5.8425911987370345, 5.8536376699021, 5.864985534117461, 5.876563022483854, 5.888290039371174, 5.900084330015758, 5.911863489254395, 5.923543884411747, 5.935040973302706, 5.946276493328333, 5.957189506895928, 5.96774456835884, 5.97793199564723, 5.987762711101044, 5.997262421460392, 6.006464471848363, 6.015396696224281, 6.024066748643996]",75,0.7379761673786492,,0.4296923267996675,0.4296923267996675,6.024066748643996,,0.794658590214962,,,,21.74011492729187,21.855643033981323,True,0.12285637855529785,0.007309913635253906,0.0,0.12285637855529785,Results/warm_start_cache/random_graphs_8to14vertices_78instances_20260625_143415_AdjacencyList__filehash_a79662a0/hog_idx000007_21c2570f08f1_seed42_L1_M1_amplified.npz,21.779823541641235,2026-08-29 16:25:00,x86_64,dacsgpu0002,,64,64,3.11.15,0.26,False,False,False,False,,False,False,True,False,adam,False,hamqaoa,0.005,standard,1,1,42,scs,1e-06,100000,False,False,False,hog,False,False,False,False,False,False,True,1,HOG_graphs/random_graphs_8to14vertices_78instances_20260625_143415_AdjacencyList.txt,True,Results/warm_start_cache,512,60,0,16,1,1,0,0,5,0,5,10,42,True,_Exp4_v2_standardZeroAngles,1,42,7,"[(0, 1), (0, 4), (4, 7), (2, 6), (0, 3), (4, 6), (0, 6), (3, 4), (4, 5), (3, 7), (2, 5), (0, 5), (0, 2), (2, 4), (1, 7)]","[1.0, 1.0, 1.0, 1.0, 1.0, 1.0, 1.0, 1.0, 1.0, 1.0, 1.0, 1.0, 1.0, 1.0, 1.0]"
afb4fee5,8,24,3,75.0,False,True,"[1, 1, 1]",9.809016994374945,11.457526910528353,11.457526910528353,,,,,7.759826339167105,7.759826339167111,7.759826339167106,7.759826339167106,"[7.759826339167106, 7.775578232462666, 7.784268356365671, 7.786660486464033, 7.7858085224857, 7.784748007913483, 7.784922185560041, 7.786323135806543, 7.788302547228929, 7.790132646801672, 7.7913005208210775, 7.791633993937215, 7.791300219806414, 7.790680636315772, 7.790173888062403, 7.790041815515724, 7.79036062079254, 7.791057308261262, 7.791975805038538, 7.792940450579564, 7.793809967018115, 7.794513108569349, 7.795064279974597, 7.795550181461405, 7.7960912236656, 7.796793820245415, 7.797721969696555, 7.798894340607361, 7.800305433221115, 7.8019528118308665, 7.803859585959087, 7.8060856061887165, 7.8087274845159875, 7.811909644296716, 7.815770139317161, 7.820444595826075, 7.826048655577984, 7.8326640634651294, 7.84033226931941, 7.84906058580695, 7.858846545393721, 7.8697128983173075, 7.881732665489617, 7.895016659168377, 7.9096637469938935, 7.925636915203962, 7.942944739401987, 7.961406606909983, 7.980737290279227, 8.000575162700397, 8.020515257357971, 8.040133537002518, 8.05899418049491, 8.076646844482005, 8.092637309613654, 8.106555877722752, 8.118124632513606, 8.127281574802252, 8.13420422394229, 8.139254454144671, 8.142899836371171, 8.145658235213462, 8.14806675807948, 8.1506470003072, 8.153851912612959, 8.158000565619806, 8.163231468935273, 8.16950404511513, 8.176651233158356, 8.184456630527595, 8.192724387506171, 8.201320244553898, 8.21018108527183, 8.219301447437315, 8.228719275648565, 8.238502151338215]",75,0.7910911300915313,,0.47867581217110455,0.4786758121711099,8.238502151338215,,0.8398907001652303,,,,41.953195095062256,42.06565046310425,True,0.11385893821716309,0.0013861656188964844,0.0,0.11385893821716309,Results/warm_start_cache/random_graphs_8to14vertices_78instances_20260625_143415_AdjacencyList__filehash_a79662a0/hog_idx000011_df959fde7591_seed42_L1_M1_amplified.npz,41.98315787315369,2026-08-29 16:25:00,x86_64,dacsgpu0002,,64,64,3.11.15,0.27,False,False,False,False,,True,False,False,False,adam,False,hamqaoa,0.005,standard,1,1,42,scs,1e-06,100000,False,False,False,hog,False,False,False,False,False,False,True,1,HOG_graphs/random_graphs_8to14vertices_78instances_20260625_143415_AdjacencyList.txt,True,Results/warm_start_cache,512,60,0,16,1,1,0,0,5,0,5,10,42,True,_Exp4_v2_standardZeroAngles,1,42,11,"[(2, 3), (2, 6), (3, 5), (4, 6), (0, 5), (0, 2), (1, 7), (5, 7), (4, 5), (3, 7), (2, 5), (1, 3), (0, 1), (1, 6), (0, 4), (0, 7), (5, 6), (3, 6), (2, 4), (2, 7), (4, 7), (1, 2), (1, 5), (6, 7)]","[1.0, 1.0, 1.0, 1.0, 1.0, 1.0, 1.0, 1.0, 1.0, 1.0, 1.0, 1.0, 1.0, 1.0, 1.0, 1.0, 1.0, 1.0, 1.0, 1.0, 1.0, 1.0, 1.0, 1.0]"
226addce,8,16,4,75.0,False,True,"[1, 1, 1]",7.941043782459287,10.106299519970658,10.106299519970658,,,,,6.018896994166263,6.01889699416626,6.01889699416626,6.01889699416626,"[6.01889699416626, 6.008968251785448, 6.018352343849078, 6.017133079062696, 6.013895046297668, 6.015143304410387, 6.0179107627893655, 6.0192045768897255, 6.018549659739232, 6.017362243170019, 6.017044652877207, 6.017719041355252, 6.018670498798454, 6.019243569862902, 6.019263530647826, 6.01896409291307, 6.018695386656489, 6.018669713479719, 6.018881776197677, 6.019185686284711, 6.019424397874002, 6.019519724824841, 6.019490699772146, 6.019416302243607, 6.01937908719106, 6.019422546254767, 6.019539206440233, 6.019686559634653, 6.019816591374077, 6.019900797993748, 6.019940694000462, 6.019961851453231, 6.019997386698826, 6.02007063365707, 6.020187365999615, 6.020338058054531, 6.020509967546981, 6.020702307426217, 6.020937258945356, 6.02126610126264, 6.02177132069817, 6.022571200844911, 6.023841878757583, 6.025862236843517, 6.029074309733658, 6.034119424602171, 6.041793078655736, 6.052854213684888, 6.0676807007963385, 6.085856594193497, 6.10587997994322, 6.125513126264499, 6.14319837338383, 6.158625597366129, 6.1732114346742355, 6.1893805449058235, 6.208931578965084, 6.231907180450804, 6.256831516727112, 6.281787011617991, 6.305474434148921, 6.327752708407058, 6.349420931518569, 6.371392011883376, 6.39390527302327, 6.416351562984909, 6.437689686052745, 6.4570405800033, 6.474105748854095, 6.489234459799579, 6.503115644838641, 6.516326941845605, 6.529107935703094, 6.541419200988354, 6.553042413826127, 6.563663113871777]",75,0.7579478414992756,,0.5447661197055167,0.544766119705514,6.563663113871777,,0.8265491657872531,,,,47.25360631942749,47.35169005393982,True,0.10121774673461914,0.0031044483184814453,0.0,0.10121774673461914,Results/warm_start_cache/random_graphs_8to14vertices_78instances_20260625_143415_AdjacencyList__filehash_a79662a0/hog_idx000009_967d16b64b95_seed42_L1_M1_amplified.npz,47.26235103607178,2026-08-29 16:25:02,x86_64,dacsgpu0002,,64,64,3.11.15,0.28,False,False,False,False,,False,False,False,False,adam,False,hamqaoa,0.005,standard,1,1,42,scs,1e-06,100000,False,False,False,hog,False,False,False,False,False,False,True,1,HOG_graphs/random_graphs_8to14vertices_78instances_20260625_143415_AdjacencyList.txt,True,Results/warm_start_cache,512,60,0,16,1,1,0,0,5,0,5,10,42,True,_Exp4_v2_standardZeroAngles,1,42,9,"[(2, 7), (0, 1), (1, 6), (2, 6), (3, 5), (1, 2), (5, 6), (0, 6), (3, 4), (1, 5), (4, 5), (2, 5), (1, 4), (0, 2), (6, 7), (1, 7)]","[1.0, 1.0, 1.0, 1.0, 1.0, 1.0, 1.0, 1.0, 1.0, 1.0, 1.0, 1.0, 1.0, 1.0, 1.0, 1.0]"
991046de,8,24,4,75.0,False,True,"[1, 1, 1]",9.809016994374945,11.457526910528353,11.457526910528353,,,,,7.759826339167105,7.759826339167111,7.759826339167106,7.759826339167106,"[7.759826339167106, 7.779300206379189, 7.786409963555454, 7.785410513212499, 7.783462672322914, 7.7838875487515535, 7.7862768754931935, 7.7890583229959285, 7.790921779500612, 7.791357819021885, 7.790687258292805, 7.789690899035072, 7.789080983990022, 7.789193963424053, 7.7899924259675934, 7.791211393143544, 7.792515919056923, 7.793626789423922, 7.794408448235742, 7.794909702288358, 7.795327039775372, 7.795897869763502, 7.796788406039946, 7.798050063361744, 7.799654299279214, 7.801566681126796, 7.80380966484278, 7.806493290499251, 7.809811650721397, 7.814018257967022, 7.819389795841482, 7.8261869595878935, 7.834613912828285, 7.844789875892267, 7.856751566063438, 7.870491022396573, 7.886013358927574, 7.903370515031468, 7.9226447128383795, 7.94386671769959, 7.966905521277613, 7.991399403464706, 8.016747099788525, 8.042136268867136, 8.066596513354234, 8.08907744337186, 8.108580249715498, 8.12435902376894, 8.136131042944648, 8.1442129289317, 8.149521704500321, 8.153362453942272, 8.157063417557302, 8.161667588114604, 8.16779723719007, 8.175683993728953, 8.185268310742254, 8.19629132706918, 8.20836403666363, 8.221047496616997, 8.233946806213652, 8.246791832641861, 8.259463210689583, 8.271952700982382, 8.284294774906872, 8.296518929196887, 8.3086467123894, 8.32071207526429, 8.332768209438477, 8.344864448088183, 8.35700221327777, 8.36910940471555, 8.381064265505769, 8.392760184185818, 8.404159913749526, 8.41528286508612]",75,0.7910911300915313,,0.6554565259190088,0.6554565259190142,8.41528286508612,,0.857912966193445,,,,55.21776008605957,55.32908511161804,True,0.11385893821716309,0.002517223358154297,0.0,0.11385893821716309,Results/warm_start_cache/random_graphs_8to14vertices_78instances_20260625_143415_AdjacencyList__filehash_a79662a0/hog_idx000011_df959fde7591_seed42_L1_M1_amplified.npz,55.23831653594971,2026-08-29 16:25:10,x86_64,dacsgpu0002,,64,64,3.11.15,0.29,False,False,False,False,,True,False,False,False,adam,False,hamqaoa,0.005,standard,1,1,42,scs,1e-06,100000,False,False,False,hog,False,False,False,False,False,False,True,1,HOG_graphs/random_graphs_8to14vertices_78instances_20260625_143415_AdjacencyList.txt,True,Results/warm_start_cache,512,60,0,16,1,1,0,0,5,0,5,10,42,True,_Exp4_v2_standardZeroAngles,1,42,11,"[(2, 3), (2, 6), (3, 5), (4, 6), (0, 5), (0, 2), (1, 7), (5, 7), (4, 5), (3, 7), (2, 5), (1, 3), (0, 1), (1, 6), (0, 4), (0, 7), (5, 6), (3, 6), (2, 4), (2, 7), (4, 7), (1, 2), (1, 5), (6, 7)]","[1.0, 1.0, 1.0, 1.0, 1.0, 1.0, 1.0, 1.0, 1.0, 1.0, 1.0, 1.0, 1.0, 1.0, 1.0, 1.0, 1.0, 1.0, 1.0, 1.0, 1.0, 1.0, 1.0, 1.0]"
353b5c2b,8,24,1,75.0,False,True,"[1, 1, 1]",10.000000000000002,12.000000353942049,12.000000353942049,,,,,7.805379665397828,7.805379665397826,7.805379665397826,7.805379665397826,"[7.805379665397826, 7.805636615564148, 7.8057129349881045, 7.8058004762633075, 7.805834039354605, 7.8058794491051895, 7.80595373237001, 7.806010814864738, 7.806118634758772, 7.8062218744661305, 7.806342989034841, 7.806508171205939, 7.806689304269234, 7.806929081786455, 7.8072479119093705, 7.807653390990854, 7.808182138323668, 7.808869771735386, 7.809748080074852, 7.810856131302669, 7.812235959532023, 7.813924068554824, 7.815950505361231, 7.818341034199615, 7.821120755368443, 7.824315819702291, 7.827951789755562, 7.832050071328745, 7.8366256070299345, 7.841685283103722, 7.847225808149793, 7.853230347017712, 7.8596663315514075, 7.866484847461034, 7.873620913890433, 7.880993618890774, 7.888506232113297, 7.896045830132655, 7.903484983603424, 7.910686233118661, 7.917508816294288, 7.92381885738812, 7.929503588526499, 7.934491968023566, 7.9387765466465465, 7.9424302901271835, 7.945609897421079, 7.94853517393871, 7.951441816753923, 7.954525958474972, 7.957904656206609, 7.961605269829538, 7.965578374435768, 7.969724426942657, 7.973920736285244, 7.978043638000212, 7.981985241564534, 7.985667004188313, 7.989046267526578, 7.9921182436947245, 7.994913373019512, 7.9974894638637055, 7.999919483268867, 8.002277437404784, 8.00462596518712, 8.007006846149956, 8.009436611753282, 8.011907508180196, 8.014392705879331, 8.016853684468526, 8.019249534301848, 8.02154557698351, 8.023720116601869, 8.025768775220468, 8.027704598855735, 8.029554144196515]",75,0.7805379665397825,,0.22417447879868924,0.22417447879868746,8.029554144196515,,0.8029554144196513,,,,13.109811544418335,13.21494746208191,True,0.10743975639343262,0.0022869110107421875,0.0,0.10743975639343262,Results/warm_start_cache/random_graphs_8to14vertices_78instances_20260625_143415_AdjacencyList__filehash_a79662a0/hog_idx000010_334c57399bd5_seed42_L1_M1_amplified.npz,13.17299509048462,2026-08-29 16:25:13,x86_64,dacsgpu0002,,64,64,3.11.15,0.24,False,False,False,False,,True,False,False,False,adam,False,hamqaoa,0.005,standard,1,1,42,scs,1e-06,100000,False,False,False,hog,False,False,False,False,False,False,True,1,HOG_graphs/random_graphs_8to14vertices_78instances_20260625_143415_AdjacencyList.txt,True,Results/warm_start_cache,512,60,0,16,1,1,0,0,5,0,5,10,42,True,_Exp4_v2_standardZeroAngles,1,42,10,"[(2, 3), (2, 6), (3, 5), (4, 6), (0, 5), (1, 4), (0, 2), (1, 7), (5, 7), (4, 5), (3, 7), (2, 5), (1, 3), (0, 1), (1, 6), (0, 4), (0, 7), (5, 6), (3, 6), (2, 4), (2, 7), (4, 7), (1, 2), (0, 6)]","[1.0, 1.0, 1.0, 1.0, 1.0, 1.0, 1.0, 1.0, 1.0, 1.0, 1.0, 1.0, 1.0, 1.0, 1.0, 1.0, 1.0, 1.0, 1.0, 1.0, 1.0, 1.0, 1.0, 1.0]"
3370ce2a,8,15,3,75.0,False,True,"[1, 1, 1]",7.5806979535883885,9.653229031693312,9.653229031693312,,,,,5.5943744218443285,5.5943744218443285,5.5943744218443285,5.5943744218443285,"[5.5943744218443285, 5.600787072217462, 5.603029027493266, 5.606211326365734, 5.609948384387732, 5.613412126320724, 5.616116331088009, 5.617996650183732, 5.619398040555565, 5.620775654378539, 5.622359481019843, 5.624161184576734, 5.6261468589914205, 5.6283360868848336, 5.630798300988021, 5.6336005960387485, 5.636763634069166, 5.640249923757233, 5.643979450954925, 5.647856439377731, 5.651794996014676, 5.655736548742548, 5.659655953787635, 5.663555168759531, 5.667448149056544, 5.67134308742937, 5.675228406476125, 5.679068832145665, 5.682812466605275, 5.686410386890665, 5.689841833419366, 5.693134189234397, 5.696362005164687, 5.69962213527661, 5.703000101418866, 5.706548984309842, 5.71028998070887, 5.714235416570286, 5.71841867024127, 5.722909238003861, 5.727796716151211, 5.733150264602716, 5.738984687543565, 5.745266846253691, 5.751966955086049, 5.759116558905776, 5.766808854317399, 5.77513032968543, 5.784098596184152, 5.793673380889452, 5.803809541524396, 5.81448060436063, 5.825648199272071, 5.837220233875352, 5.849048436007367, 5.860969493369357, 5.872855521205306, 5.884626282436819, 5.89622030179084, 5.907578768452193, 5.91867584758098, 5.929544762810757, 5.940245482797677, 5.950813585763563, 5.961262050259714, 5.971615231097439, 5.981902535655753, 5.9921193921248, 6.002220559051623, 6.012146100237292, 6.02183522276861, 6.031226101722932, 6.04026290721485, 6.048911770457384, 6.057164673931537, 6.065025627384671]",75,0.7379761673786492,,0.47065120554034223,0.47065120554034223,6.065025627384671,,0.8000616387193924,,,,33.09415411949158,33.21216607093811,True,0.12285637855529785,0.004827022552490234,0.0,0.12285637855529785,Results/warm_start_cache/random_graphs_8to14vertices_78instances_20260625_143415_AdjacencyList__filehash_a79662a0/hog_idx000007_21c2570f08f1_seed42_L1_M1_amplified.npz,33.13313055038452,2026-08-29 16:25:16,x86_64,dacsgpu0002,,64,64,3.11.15,0.27,False,False,False,False,,False,False,True,False,adam,False,hamqaoa,0.005,standard,1,1,42,scs,1e-06,100000,False,False,False,hog,False,False,False,False,False,False,True,1,HOG_graphs/random_graphs_8to14vertices_78instances_20260625_143415_AdjacencyList.txt,True,Results/warm_start_cache,512,60,0,16,1,1,0,0,5,0,5,10,42,True,_Exp4_v2_standardZeroAngles,1,42,7,"[(0, 1), (0, 4), (4, 7), (2, 6), (0, 3), (4, 6), (0, 6), (3, 4), (4, 5), (3, 7), (2, 5), (0, 5), (0, 2), (2, 4), (1, 7)]","[1.0, 1.0, 1.0, 1.0, 1.0, 1.0, 1.0, 1.0, 1.0, 1.0, 1.0, 1.0, 1.0, 1.0, 1.0]"
fe6cc8fb,8,16,5,75.0,False,True,"[1, 1, 1]",7.941043782459287,10.106299519970658,10.106299519970658,,,,,6.018896994166263,6.01889699416626,6.01889699416626,6.01889699416626,"[6.01889699416626, 6.003056715201068, 6.0179894486132355, 6.016036039347611, 6.010908623450115, 6.012691679765459, 6.016941720862947, 6.019163779552763, 6.018529344305046, 6.016830599946443, 6.016048291872402, 6.016657758484308, 6.017918959861217, 6.0189528169363244, 6.019358442853312, 6.019232079001718, 6.018901586366373, 6.018667832675381, 6.018671107762032, 6.018885979062186, 6.019196869843654, 6.019489813202498, 6.019712815385669, 6.019885483127164, 6.020072424305032, 6.020347837777072, 6.020778964052776, 6.021440990846827, 6.022463031654407, 6.024093148248722, 6.026774550303148, 6.031224243323293, 6.038473090668829, 6.049792766023688, 6.066400094975298, 6.088889761180543, 6.116515151906217, 6.146742853556946, 6.17579503431904, 6.199588018147242, 6.216156261968639, 6.228487203284594, 6.242326060480618, 6.261479899590869, 6.285834015185205, 6.312369872079167, 6.337298135442669, 6.357949376783585, 6.373832784306508, 6.3865176458031465, 6.398433773312826, 6.411454616105379, 6.42616158225018, 6.441964347045622, 6.457747502324145, 6.472619691309352, 6.486369392166332, 6.499379174744871, 6.512142106009448, 6.524867687842889, 6.537478661799881, 6.549784504227059, 6.561520485023143, 6.572356203309419, 6.582058229004502, 6.590689747552567, 6.598606983634099, 6.606196803569991, 6.613594885799437, 6.620632192608796, 6.62699952794496, 6.6324940878878245, 6.637189717302298, 6.64140412923101, 6.645483019934012, 6.649613474224135]",75,0.7579478414992756,,0.6307164800578748,0.6307164800578722,6.649613474224135,,0.8373727253477999,,,,63.981823444366455,64.07974672317505,True,0.10121774673461914,0.003278017044067383,0.0,0.10121774673461914,Results/warm_start_cache/random_graphs_8to14vertices_78instances_20260625_143415_AdjacencyList__filehash_a79662a0/hog_idx000009_967d16b64b95_seed42_L1_M1_amplified.npz,63.9942786693573,2026-08-29 16:25:18,x86_64,dacsgpu0002,,64,64,3.11.15,0.29,False,False,False,False,,False,False,False,False,adam,False,hamqaoa,0.005,standard,1,1,42,scs,1e-06,100000,False,False,False,hog,False,False,False,False,False,False,True,1,HOG_graphs/random_graphs_8to14vertices_78instances_20260625_143415_AdjacencyList.txt,True,Results/warm_start_cache,512,60,0,16,1,1,0,0,5,0,5,10,42,True,_Exp4_v2_standardZeroAngles,1,42,9,"[(2, 7), (0, 1), (1, 6), (2, 6), (3, 5), (1, 2), (5, 6), (0, 6), (3, 4), (1, 5), (4, 5), (2, 5), (1, 4), (0, 2), (6, 7), (1, 7)]","[1.0, 1.0, 1.0, 1.0, 1.0, 1.0, 1.0, 1.0, 1.0, 1.0, 1.0, 1.0, 1.0, 1.0, 1.0, 1.0]"
99153e5f,8,15,4,75.0,False,True,"[1, 1, 1]",7.5806979535883885,9.653229031693312,9.653229031693312,,,,,5.5943744218443285,5.5943744218443285,5.5943744218443285,5.5943744218443285,"[5.5943744218443285, 5.601285171557153, 5.60423420682198, 5.608864843234439, 5.613494948590993, 5.616972242572742, 5.619123090365699, 5.620662230145538, 5.622367430528622, 5.624451805885319, 5.626820455526664, 5.6294391093905585, 5.632401359637831, 5.635810821042216, 5.6396706759091915, 5.643866600448162, 5.648217621362496, 5.652545633556167, 5.65673275825627, 5.66075010353804, 5.664645443414587, 5.668494325839228, 5.672341772795412, 5.676167215172674, 5.679889377311584, 5.683412042774185, 5.686686144753117, 5.689751806121161, 5.692718873602976, 5.695691753940761, 5.69870701667652, 5.701750124473339, 5.704852263479509, 5.708185384061233, 5.71206547262126, 5.716845524729137, 5.722783011499361, 5.729981799129819, 5.7384311324717965, 5.748094602089872, 5.758981305978297, 5.771139693506256, 5.784588272602836, 5.7992782898935955, 5.815131419067039, 5.832091172521622, 5.85009944494713, 5.869011940437877, 5.888544261568118, 5.908286423365823, 5.927756985921731, 5.946465589536944, 5.96397008115792, 5.979922306875525, 5.9940939138818585, 6.006378713391277, 6.0167797134205, 6.025401845408196, 6.032467518095126, 6.038343014869612, 6.043530511167931, 6.0485888775765515, 6.054006308719121, 6.060097870581505, 6.066980031628882, 6.074611266554066, 6.08284979309705, 6.0914947689997545, 6.100320332692164, 6.109117403320119, 6.117736767765299, 6.126106298470031, 6.134211081695366, 6.142061292497552, 6.149670210197908, 6.157042160695059]",75,0.7379761673786492,,0.5626677388507302,0.5626677388507302,6.157042160695059,,0.8121999053900532,,,,49.2719612121582,49.38785696029663,True,0.12285637855529785,0.006942033767700195,0.0,0.12285637855529785,Results/warm_start_cache/random_graphs_8to14vertices_78instances_20260625_143415_AdjacencyList__filehash_a79662a0/hog_idx000007_21c2570f08f1_seed42_L1_M1_amplified.npz,49.31431746482849,2026-08-29 16:25:33,x86_64,dacsgpu0002,,64,64,3.11.15,0.29,False,False,False,False,,False,False,True,False,adam,False,hamqaoa,0.005,standard,1,1,42,scs,1e-06,100000,False,False,False,hog,False,False,False,False,False,False,True,1,HOG_graphs/random_graphs_8to14vertices_78instances_20260625_143415_AdjacencyList.txt,True,Results/warm_start_cache,512,60,0,16,1,1,0,0,5,0,5,10,42,True,_Exp4_v2_standardZeroAngles,1,42,7,"[(0, 1), (0, 4), (4, 7), (2, 6), (0, 3), (4, 6), (0, 6), (3, 4), (4, 5), (3, 7), (2, 5), (0, 5), (0, 2), (2, 4), (1, 7)]","[1.0, 1.0, 1.0, 1.0, 1.0, 1.0, 1.0, 1.0, 1.0, 1.0, 1.0, 1.0, 1.0, 1.0, 1.0]"
3af43c97,8,24,5,75.0,False,True,"[1, 1, 1]",9.809016994374945,11.457526910528353,11.457526910528353,,,,,7.759826339167105,7.759826339167111,7.759826339167106,7.759826339167106,"[7.759826339167106, 7.782295613045588, 7.78685319932254, 7.783642492562249, 7.782765619151469, 7.785390384379041, 7.788921841709919, 7.791057601464803, 7.791119839844134, 7.789957161382474, 7.788910885812146, 7.788822691350404, 7.789805682647146, 7.791494318775795, 7.793353447363496, 7.794925496677374, 7.796007281121603, 7.796733568570318, 7.797495797651632, 7.798721291398183, 7.8006839233437635, 7.8034754945811216, 7.807109575152206, 7.811651085842424, 7.817302086728694, 7.824423384253189, 7.833484324049646, 7.844956988148825, 7.859187680054099, 7.876292246678942, 7.896112351314052, 7.918283337768961, 7.942409870728081, 7.968194896880181, 7.995356154105732, 8.023377004249182, 8.051312535620465, 8.07778209522317, 8.101156355777823, 8.119964681393483, 8.133527144477318, 8.142471077780623, 8.148571499467485, 8.153911948647433, 8.160089949337872, 8.167963749603462, 8.17779558868596, 8.189496389941727, 8.202798330934877, 8.217334658316851, 8.232675726020702, 8.248361690763417, 8.263945230418646, 8.279030905552986, 8.29331447071695, 8.306623641618929, 8.318955292471268, 8.330482227529842, 8.34149514412739, 8.352286389660177, 8.363042342755092, 8.373811061278364, 8.384550508287923, 8.39519913520599, 8.40570924131039, 8.41603013014237, 8.426080254314352, 8.435749914274348, 8.444931005812862, 8.453544984142448, 8.46155320980082, 8.46895503062438, 8.475783201869866, 8.482088002962746, 8.487918797995539, 8.493319502629644]",75,0.7910911300915313,,0.7334931634625335,0.7334931634625388,8.493319502629644,,0.865868568430476,,,,75.14968752861023,75.26208996772766,True,0.11385893821716309,0.0014386177062988281,0.0,0.11385893821716309,Results/warm_start_cache/random_graphs_8to14vertices_78instances_20260625_143415_AdjacencyList__filehash_a79662a0/hog_idx000011_df959fde7591_seed42_L1_M1_amplified.npz,75.18412137031555,2026-08-29 16:25:34,x86_64,dacsgpu0002,,64,64,3.11.15,0.3,False,False,False,False,,True,False,False,False,adam,False,hamqaoa,0.005,standard,1,1,42,scs,1e-06,100000,False,False,False,hog,False,False,False,False,False,False,True,1,HOG_graphs/random_graphs_8to14vertices_78instances_20260625_143415_AdjacencyList.txt,True,Results/warm_start_cache,512,60,0,16,1,1,0,0,5,0,5,10,42,True,_Exp4_v2_standardZeroAngles,1,42,11,"[(2, 3), (2, 6), (3, 5), (4, 6), (0, 5), (0, 2), (1, 7), (5, 7), (4, 5), (3, 7), (2, 5), (1, 3), (0, 1), (1, 6), (0, 4), (0, 7), (5, 6), (3, 6), (2, 4), (2, 7), (4, 7), (1, 2), (1, 5), (6, 7)]","[1.0, 1.0, 1.0, 1.0, 1.0, 1.0, 1.0, 1.0, 1.0, 1.0, 1.0, 1.0, 1.0, 1.0, 1.0, 1.0, 1.0, 1.0, 1.0, 1.0, 1.0, 1.0, 1.0, 1.0]"
925f0ec1,8,24,2,75.0,False,True,"[1, 1, 1]",10.000000000000002,12.000000353942049,12.000000353942049,,,,,7.805379665397828,7.805379665397826,7.805379665397826,7.805379665397826,"[7.805379665397826, 7.805697524027817, 7.804701753433541, 7.805767822227474, 7.8053464222688, 7.805314660108989, 7.80588790789266, 7.805930677548803, 7.805687776338619, 7.805926076601778, 7.806287826131876, 7.80629832417979, 7.806272486264639, 7.806593185712576, 7.807006824555513, 7.807262932351492, 7.8076041699319685, 7.808273517508577, 7.809161230435813, 7.810186403144805, 7.811541333751075, 7.813446577239058, 7.815970778083547, 7.819146418329346, 7.823079112476215, 7.8279163113445005, 7.833788176196599, 7.840777945095001, 7.848932130546819, 7.858293222754374, 7.868912872948008, 7.88082470973051, 7.894009024541503, 7.908388857724007, 7.923857550932626, 7.9403031574990015, 7.95759767943703, 7.9755654375302045, 7.993979404895957, 8.012591891028254, 8.03115634063102, 8.049421704243755, 8.067136676721173, 8.084096445939556, 8.100214569577592, 8.115580883519325, 8.13047848991448, 8.145353096623793, 8.160724692695013, 8.177051250157097, 8.19460830757912, 8.21343893376924, 8.233370465124011, 8.254064796058033, 8.27508038722889, 8.295935431983715, 8.316164621824411, 8.335353393013063, 8.353144512209692, 8.369246680351994, 8.383464270260829, 8.39572721878238, 8.406096766074697, 8.414748248333058, 8.42195908540855, 8.428096556464647, 8.433544451453544, 8.438578002163831, 8.443315393481893, 8.447773366632594, 8.451935542760225, 8.455782934006882, 8.459290676057323, 8.462424169731236, 8.465158662058569, 8.467513501819813]",75,0.7805379665397825,,0.6621338364219866,0.6621338364219849,8.467513501819813,,0.8467513501819811,,,,23.22634243965149,23.32562565803528,True,0.10743975639343262,0.00813913345336914,0.0,0.10743975639343262,Results/warm_start_cache/random_graphs_8to14vertices_78instances_20260625_143415_AdjacencyList__filehash_a79662a0/hog_idx000010_334c57399bd5_seed42_L1_M1_amplified.npz,23.25023651123047,2026-08-29 16:25:34,x86_64,dacsgpu0002,,64,64,3.11.15,0.26,False,False,False,False,,True,False,False,False,adam,False,hamqaoa,0.005,standard,1,1,42,scs,1e-06,100000,False,False,False,hog,False,False,False,False,False,False,True,1,HOG_graphs/random_graphs_8to14vertices_78instances_20260625_143415_AdjacencyList.txt,True,Results/warm_start_cache,512,60,0,16,1,1,0,0,5,0,5,10,42,True,_Exp4_v2_standardZeroAngles,1,42,10,"[(2, 3), (2, 6), (3, 5), (4, 6), (0, 5), (1, 4), (0, 2), (1, 7), (5, 7), (4, 5), (3, 7), (2, 5), (1, 3), (0, 1), (1, 6), (0, 4), (0, 7), (5, 6), (3, 6), (2, 4), (2, 7), (4, 7), (1, 2), (0, 6)]","[1.0, 1.0, 1.0, 1.0, 1.0, 1.0, 1.0, 1.0, 1.0, 1.0, 1.0, 1.0, 1.0, 1.0, 1.0, 1.0, 1.0, 1.0, 1.0, 1.0, 1.0, 1.0, 1.0, 1.0]"
0e15592b,8,24,3,75.0,False,True,"[1, 1, 1]",10.000000000000002,12.000000353942049,12.000000353942049,,,,,7.805379665397828,7.805379665397826,7.805379665397826,7.805379665397826,"[7.805379665397826, 7.805562990321911, 7.8023974862354795, 7.805522578153756, 7.804454298156066, 7.803930691168533, 7.805411994582946, 7.805949603517108, 7.805120560168895, 7.805011405809601, 7.805877118422089, 7.806318588302777, 7.805912463589097, 7.8057916691191505, 7.806449659671929, 7.807081609361131, 7.8072063421355935, 7.807469675523019, 7.808410051638837, 7.809668669025063, 7.8109228935082795, 7.812618227102509, 7.815343278606347, 7.819214458688345, 7.8242697408569395, 7.8308870093030665, 7.839627643632119, 7.850954743656758, 7.865170215440331, 7.8824604920076204, 7.902911599774475, 7.9264862881339395, 7.952986913008286, 7.982024107210503, 8.01299556196868, 8.045077186174929, 8.077242788937745, 8.108329616556402, 8.137187896095094, 8.162940347744337, 8.185311084254977, 8.20483344635814, 8.22270122804559, 8.240303534147351, 8.258736605900747, 8.278513917541158, 8.299527712834044, 8.32115107143676, 8.34238899793804, 8.362078829503956, 8.379134148025127, 8.392793892165669, 8.402818338082872, 8.409558294188573, 8.413830471251808, 8.416631007461406, 8.418837939733015, 8.421051339201119, 8.423597532646115, 8.426625265362318, 8.430209298953239, 8.434400908163054, 8.43922109777931, 8.444621222936343, 8.450450962709635, 8.456459951300145, 8.462337262412365, 8.467775855036914, 8.472537174768629, 8.47650305809071, 8.479696619842121, 8.48226342286751, 8.48441327095608, 8.4863462544132, 8.48819727993189, 8.490019632966302]",75,0.7805379665397825,,0.6846399675684758,0.684639967568474,8.490019632966302,,0.84900196329663,,,,35.75188493728638,35.857648849487305,True,0.10743975639343262,0.0016570091247558594,0.0,0.10743975639343262,Results/warm_start_cache/random_graphs_8to14vertices_78instances_20260625_143415_AdjacencyList__filehash_a79662a0/hog_idx000010_334c57399bd5_seed42_L1_M1_amplified.npz,35.77438473701477,2026-08-29 16:25:47,x86_64,dacsgpu0002,,64,64,3.11.15,0.27,False,False,False,False,,True,False,False,False,adam,False,hamqaoa,0.005,standard,1,1,42,scs,1e-06,100000,False,False,False,hog,False,False,False,False,False,False,True,1,HOG_graphs/random_graphs_8to14vertices_78instances_20260625_143415_AdjacencyList.txt,True,Results/warm_start_cache,512,60,0,16,1,1,0,0,5,0,5,10,42,True,_Exp4_v2_standardZeroAngles,1,42,10,"[(2, 3), (2, 6), (3, 5), (4, 6), (0, 5), (1, 4), (0, 2), (1, 7), (5, 7), (4, 5), (3, 7), (2, 5), (1, 3), (0, 1), (1, 6), (0, 4), (0, 7), (5, 6), (3, 6), (2, 4), (2, 7), (4, 7), (1, 2), (0, 6)]","[1.0, 1.0, 1.0, 1.0, 1.0, 1.0, 1.0, 1.0, 1.0, 1.0, 1.0, 1.0, 1.0, 1.0, 1.0, 1.0, 1.0, 1.0, 1.0, 1.0, 1.0, 1.0, 1.0, 1.0]"
dd2fd560,8,15,5,75.0,False,True,"[1, 1, 1]",7.5806979535883885,9.653229031693312,9.653229031693312,,,,,5.5943744218443285,5.5943744218443285,5.5943744218443285,5.5943744218443285,"[5.5943744218443285, 5.601020768990304, 5.605157329189779, 5.611222811071235, 5.616299961008652, 5.619290966314536, 5.621037195022563, 5.62294317734555, 5.62541808556619, 5.628233988823908, 5.631299460118073, 5.634777368582907, 5.6388158784683835, 5.6433519294784515, 5.648132689704366, 5.652848620547884, 5.657275881685119, 5.661373014727226, 5.665274272519704, 5.669166421271871, 5.673140421308046, 5.6771284789278615, 5.680959629497699, 5.684492119146647, 5.687732024348993, 5.690826217855484, 5.693913676847559, 5.6970012722724, 5.7000253542850805, 5.703038017577968, 5.706303217018348, 5.7101795112324565, 5.714918355968412, 5.720586619213053, 5.727142293423115, 5.73455392176951, 5.742865051131028, 5.75218223198638, 5.762644835321396, 5.7744376239059365, 5.7878270457619365, 5.8031634003034425, 5.820846740357024, 5.841285337533358, 5.864837275732175, 5.891685682913116, 5.92165819686285, 5.9541380712847864, 5.988183317133695, 6.022708094812173, 6.05653834283852, 6.088493175407058, 6.117643186711177, 6.143570589397728, 6.166443724153354, 6.18662656299359, 6.204007983652789, 6.217915163465613, 6.22762594862004, 6.232935260418937, 6.234711512512047, 6.235097712702867, 6.236700731446956, 6.241264975070603, 6.24900226366274, 6.258862074943537, 6.269264379015947, 6.27878791361922, 6.286533404161547, 6.292142240774464, 6.295649514840788, 6.297344437013776, 6.297682675886375, 6.297219746784951, 6.296535486286721, 6.296137982829961]",75,0.7379761673786492,,0.7017635609856328,0.7017635609856328,6.296137982829961,,0.8305485881876655,,,,59.48385214805603,59.60486888885498,True,0.12285637855529785,0.001821756362915039,0.0,0.12285637855529785,Results/warm_start_cache/random_graphs_8to14vertices_78instances_20260625_143415_AdjacencyList__filehash_a79662a0/hog_idx000007_21c2570f08f1_seed42_L1_M1_amplified.npz,59.536600828170776,2026-08-29 16:25:54,x86_64,dacsgpu0002,,64,64,3.11.15,0.29,False,False,False,False,,False,False,True,False,adam,False,hamqaoa,0.005,standard,1,1,42,scs,1e-06,100000,False,False,False,hog,False,False,False,False,False,False,True,1,HOG_graphs/random_graphs_8to14vertices_78instances_20260625_143415_AdjacencyList.txt,True,Results/warm_start_cache,512,60,0,16,1,1,0,0,5,0,5,10,42,True,_Exp4_v2_standardZeroAngles,1,42,7,"[(0, 1), (0, 4), (4, 7), (2, 6), (0, 3), (4, 6), (0, 6), (3, 4), (4, 5), (3, 7), (2, 5), (0, 5), (0, 2), (2, 4), (1, 7)]","[1.0, 1.0, 1.0, 1.0, 1.0, 1.0, 1.0, 1.0, 1.0, 1.0, 1.0, 1.0, 1.0, 1.0, 1.0]"
dec9c9d8,8,24,4,75.0,False,True,"[1, 1, 1]",10.000000000000002,12.000000353942049,12.000000353942049,,,,,7.805379665397828,7.805379665397826,7.805379665397826,7.805379665397826,"[7.805379665397826, 7.805233761629305, 7.798933962549951, 7.804976200672525, 7.803203213987925, 7.801843455583953, 7.804360940829089, 7.805811873618261, 7.80463595264355, 7.803712132050558, 7.8046486604234415, 7.8058419573335325, 7.805689183438573, 7.804796531759024, 7.804796193299201, 7.805676604592702, 7.8061882675101195, 7.80588355833202, 7.805662660176418, 7.806233034337127, 7.807093617389124, 7.8075229998537266, 7.807796069485568, 7.808755816137681, 7.810501154013039, 7.812554368141306, 7.815048486838436, 7.8188068932685955, 7.8244273928542505, 7.832195391520186, 7.8426897616383675, 7.856831519976899, 7.8754182151004795, 7.898864971406354, 7.92718876038379, 7.96000692929537, 7.996539715341767, 8.035662699077413, 8.076002502767855, 8.116063412137958, 8.154385798157307, 8.189706835043573, 8.22115281339347, 8.24852147035197, 8.272493988710709, 8.294332985762091, 8.315032609843739, 8.334619070537777, 8.352172743382413, 8.366546276390352, 8.377375775758228, 8.385562635420474, 8.392594279542214, 8.399530716022701, 8.406759550942754, 8.414366248299142, 8.422489543039262, 8.431373906762433, 8.44116384841584, 8.451698920868289, 8.462504498291493, 8.47294885219827, 8.48241898433122, 8.490453089258802, 8.496862945624505, 8.50181157533473, 8.505724645875139, 8.509054755364188, 8.512087114808516, 8.514900370448007, 8.517446631989332, 8.519667897114068, 8.5215725391417, 8.523240968937081, 8.524784547594404, 8.526302078303827]",75,0.7805379665397825,,0.7209224129060008,0.720922412905999,8.526302078303827,,0.8526302078303826,,,,50.01277828216553,50.11150407791138,True,0.10743975639343262,0.00869441032409668,0.0,0.10743975639343262,Results/warm_start_cache/random_graphs_8to14vertices_78instances_20260625_143415_AdjacencyList__filehash_a79662a0/hog_idx000010_334c57399bd5_seed42_L1_M1_amplified.npz,50.045164823532104,2026-08-29 16:26:02,x86_64,dacsgpu0002,,64,64,3.11.15,0.28,False,False,False,False,,True,False,False,False,adam,False,hamqaoa,0.005,standard,1,1,42,scs,1e-06,100000,False,False,False,hog,False,False,False,False,False,False,True,1,HOG_graphs/random_graphs_8to14vertices_78instances_20260625_143415_AdjacencyList.txt,True,Results/warm_start_cache,512,60,0,16,1,1,0,0,5,0,5,10,42,True,_Exp4_v2_standardZeroAngles,1,42,10,"[(2, 3), (2, 6), (3, 5), (4, 6), (0, 5), (1, 4), (0, 2), (1, 7), (5, 7), (4, 5), (3, 7), (2, 5), (1, 3), (0, 1), (1, 6), (0, 4), (0, 7), (5, 6), (3, 6), (2, 4), (2, 7), (4, 7), (1, 2), (0, 6)]","[1.0, 1.0, 1.0, 1.0, 1.0, 1.0, 1.0, 1.0, 1.0, 1.0, 1.0, 1.0, 1.0, 1.0, 1.0, 1.0, 1.0, 1.0, 1.0, 1.0, 1.0, 1.0, 1.0, 1.0]"
db0db797,10,21,1,75.0,False,True,"[1, 1, 1]",10.158893971297971,14.249999742643656,14.249999742643656,,,,,8.128665896255068,8.128665896255066,8.12866589625507,8.12866589625507,"[8.12866589625507, 8.130812154365243, 8.131359431779673, 8.13088471575021, 8.130438812562453, 8.130486681785312, 8.13084488230335, 8.13120714071739, 8.131374171333864, 8.131312551496835, 8.131136448882707, 8.131006807781244, 8.13101404001426, 8.13114061135152, 8.131302792343794, 8.131411936134846, 8.131423358891613, 8.131356579280212, 8.131277390502982, 8.131249463207803, 8.131292092459685, 8.131376228013321, 8.13145112548926, 8.131478987807476, 8.131457323786588, 8.131417008060652, 8.131397100313496, 8.131416300297843, 8.131462476824067, 8.131505936521952, 8.131523047718392, 8.131512543961323, 8.131494243355123, 8.131491201210258, 8.131510884672167, 8.131541247408636, 8.131562879259778, 8.131566205107566, 8.131558138162148, 8.131554392163226, 8.131564457574743, 8.131584233743336, 8.131601230117866, 8.131607219274311, 8.1316052134725, 8.131605182227664, 8.131613653584965, 8.131627633465124, 8.131638967597587, 8.131643242120017, 8.131643955618467, 8.131647798168759, 8.131656989639943, 8.131667532590226, 8.131674393075786, 8.131677123728126, 8.131680024389183, 8.131686415213299, 8.1316949929781, 8.13170196411999, 8.131705990370556, 8.131709360187022, 8.131714723736502, 8.13172177137365, 8.131727997792051, 8.131732214484073, 8.131735909120852, 8.131740972620957, 8.131747112955578, 8.131752521629549, 8.13175665226202, 8.131760691640373, 8.131765647873634, 8.131771023096988, 8.13177566625535, 8.131779550159575]",75,0.8001526464614229,,0.00311365390450824,0.0031136539045064637,8.131779550159575,,0.8004591418253184,,,,125.80325722694397,125.95317244529724,True,0.15128612518310547,0.0013551712036132812,0.0,0.15128612518310547,Results/warm_start_cache/random_graphs_8to14vertices_78instances_20260625_143415_AdjacencyList__filehash_a79662a0/hog_idx000023_9df8db74bf84_seed42_L1_M1_amplified.npz,125.82244920730591,2026-08-29 16:26:20,x86_64,dacsgpu0002,,64,64,3.11.15,0.52,False,False,False,False,,False,True,False,False,adam,False,hamqaoa,0.005,standard,1,1,42,scs,1e-06,100000,False,False,False,hog,False,False,False,False,False,False,True,1,HOG_graphs/random_graphs_8to14vertices_78instances_20260625_143415_AdjacencyList.txt,True,Results/warm_start_cache,512,60,0,16,1,1,0,0,5,0,5,10,42,True,_Exp4_v2_standardZeroAngles,1,42,23,"[(4, 6), (0, 5), (1, 7), (6, 9), (4, 5), (2, 5), (4, 8), (8, 9), (1, 3), (0, 1), (1, 6), (6, 8), (5, 9), (3, 6), (2, 4), (4, 7), (7, 9), (0, 6), (1, 5), (0, 9), (5, 8)]","[1.0, 1.0, 1.0, 1.0, 1.0, 1.0, 1.0, 1.0, 1.0, 1.0, 1.0, 1.0, 1.0, 1.0, 1.0, 1.0, 1.0, 1.0, 1.0, 1.0, 1.0]"
8d71d173,10,21,2,75.0,False,True,"[1, 1, 1]",10.158893971297971,14.249999742643656,14.249999742643656,,,,,8.128665896255068,8.128665896255066,8.12866589625507,8.12866589625507,"[8.12866589625507, 8.13133144293078, 8.129991669666971, 8.130212452872396, 8.131300135107969, 8.131733896062379, 8.131409310408058, 8.131220965531561, 8.131618268310465, 8.132293860882742, 8.132807907837362, 8.133057440409566, 8.133323904511178, 8.133903304359105, 8.13480310997995, 8.135835325251547, 8.136865744790176, 8.137948343325451, 8.139254047708192, 8.140898133107735, 8.142869114748253, 8.145087251823492, 8.14748944830204, 8.150067062727581, 8.152845971847798, 8.15583584721861, 8.15899569653564, 8.162245022359357, 8.16550444574576, 8.168722255169538, 8.171862810226735, 8.17487934336554, 8.1777034010187, 8.180258240839173, 8.18248764340017, 8.18438432435516, 8.186002995019798, 8.187451382043523, 8.188870160686248, 8.190423058600624, 8.192286866444833, 8.194627002249337, 8.197563955530963, 8.201154778329174, 8.20539675484788, 8.21024949259974, 8.215662239229632, 8.221597856880534, 8.228049010923234, 8.235042387283789, 8.242633282756668, 8.25089467059209, 8.259908703705367, 8.269763454643932, 8.280552376260292, 8.292364055456792, 8.305274425199563, 8.31934807723475, 8.33463767151669, 8.351174967236771, 8.36896326774817, 8.387972655798658, 8.408141836419281, 8.429380970892723, 8.451572663581809, 8.474574167457234, 8.4982240077158, 8.522350940283935, 8.546782503243135, 8.57134814901489, 8.595878970244343, 8.620206388152129, 8.644156513831264, 8.667539870024653, 8.690145299228742, 8.711749655519391]",75,0.8001526464614229,,0.5830837592643245,0.5830837592643228,8.711749655519391,,0.8575490284801464,,,,141.98955750465393,142.13857245445251,True,0.15128612518310547,0.0022602081298828125,0.0,0.15128612518310547,Results/warm_start_cache/random_graphs_8to14vertices_78instances_20260625_143415_AdjacencyList__filehash_a79662a0/hog_idx000023_9df8db74bf84_seed42_L1_M1_amplified.npz,141.99746298789978,2026-08-29 16:26:36,x86_64,dacsgpu0002,,64,64,3.11.15,0.76,False,False,False,False,,False,True,False,False,adam,False,hamqaoa,0.005,standard,1,1,42,scs,1e-06,100000,False,False,False,hog,False,False,False,False,False,False,True,1,HOG_graphs/random_graphs_8to14vertices_78instances_20260625_143415_AdjacencyList.txt,True,Results/warm_start_cache,512,60,0,16,1,1,0,0,5,0,5,10,42,True,_Exp4_v2_standardZeroAngles,1,42,23,"[(4, 6), (0, 5), (1, 7), (6, 9), (4, 5), (2, 5), (4, 8), (8, 9), (1, 3), (0, 1), (1, 6), (6, 8), (5, 9), (3, 6), (2, 4), (4, 7), (7, 9), (0, 6), (1, 5), (0, 9), (5, 8)]","[1.0, 1.0, 1.0, 1.0, 1.0, 1.0, 1.0, 1.0, 1.0, 1.0, 1.0, 1.0, 1.0, 1.0, 1.0, 1.0, 1.0, 1.0, 1.0, 1.0, 1.0]"
ac375e31,10,21,3,75.0,False,True,"[1, 1, 1]",10.158893971297971,14.249999742643656,14.249999742643656,,,,,8.128665896255068,8.128665896255066,8.12866589625507,8.12866589625507,"[8.12866589625507, 8.130211197569805, 8.129486236263968, 8.131348030816037, 8.131720851105992, 8.131055960521195, 8.131473981369139, 8.13266216247803, 8.133497223431265, 8.133884473810024, 8.13465424885094, 8.136175699684136, 8.138066592412486, 8.139966873764847, 8.142029172948572, 8.14464858718327, 8.147962437060126, 8.15179706270368, 8.155913576593903, 8.160202038510471, 8.164680827780348, 8.16933304757974, 8.1739810664023, 8.178350728613095, 8.18222023942377, 8.185494675813061, 8.188176264310341, 8.190310235185008, 8.191996551598741, 8.193486772519257, 8.19522281272681, 8.197670884298104, 8.201097581916615, 8.205522891847792, 8.210816123670867, 8.216791592220787, 8.223252097086313, 8.230016882856864, 8.236964449549998, 8.244082940027626, 8.251486226032993, 8.259377585781476, 8.267985738918242, 8.277519378158843, 8.28814414235503, 8.29996299519267, 8.31300619161727, 8.327242020041375, 8.342606429004762, 8.35903125916424, 8.37645610526261, 8.394829755213845, 8.414113611251345, 8.434283590512775, 8.455314133629452, 8.477154483223423, 8.499716592571044, 8.522876395399225, 8.546475418889269, 8.570330410220853, 8.594254708749862, 8.61807887352241, 8.64165384078167, 8.664840656726334, 8.687500981899484, 8.709497045761928, 8.730704082454452, 8.75103256483947, 8.77044493946745, 8.788947297515797, 8.806564547783669, 8.823322730343591, 8.839243064783778, 8.854338124095872, 8.868608640674074, 8.882042252312395]",75,0.8001526464614229,,0.7533763560573288,0.753376356057327,8.882042252312395,,0.8743119356700564,,,,153.0235140323639,153.17368865013123,True,0.15128612518310547,0.0010943412780761719,0.0,0.15128612518310547,Results/warm_start_cache/random_graphs_8to14vertices_78instances_20260625_143415_AdjacencyList__filehash_a79662a0/hog_idx000023_9df8db74bf84_seed42_L1_M1_amplified.npz,153.03077244758606,2026-08-29 16:26:47,x86_64,dacsgpu0002,,64,64,3.11.15,1.0,False,False,False,False,,False,True,False,False,adam,False,hamqaoa,0.005,standard,1,1,42,scs,1e-06,100000,False,False,False,hog,False,False,False,False,False,False,True,1,HOG_graphs/random_graphs_8to14vertices_78instances_20260625_143415_AdjacencyList.txt,True,Results/warm_start_cache,512,60,0,16,1,1,0,0,5,0,5,10,42,True,_Exp4_v2_standardZeroAngles,1,42,23,"[(4, 6), (0, 5), (1, 7), (6, 9), (4, 5), (2, 5), (4, 8), (8, 9), (1, 3), (0, 1), (1, 6), (6, 8), (5, 9), (3, 6), (2, 4), (4, 7), (7, 9), (0, 6), (1, 5), (0, 9), (5, 8)]","[1.0, 1.0, 1.0, 1.0, 1.0, 1.0, 1.0, 1.0, 1.0, 1.0, 1.0, 1.0, 1.0, 1.0, 1.0, 1.0, 1.0, 1.0, 1.0, 1.0, 1.0]"
4f475e1c,10,21,4,75.0,False,True,"[1, 1, 1]",10.158893971297971,14.249999742643656,14.249999742643656,,,,,8.128665896255068,8.128665896255066,8.12866589625507,8.12866589625507,"[8.12866589625507, 8.127442136290917, 8.12973718658498, 8.131865169449862, 8.130499309912642, 8.130643470615171, 8.132585801365924, 8.133869427041855, 8.134195766366844, 8.13527525768309, 8.137676289922933, 8.14049624544436, 8.143153536929972, 8.146143230260229, 8.150153651427685, 8.15514391776229, 8.160541265363245, 8.165837931961503, 8.170889023095175, 8.175672117129626, 8.179863895391494, 8.182886603806145, 8.184421980253601, 8.184847603177351, 8.184998259861379, 8.185527520376114, 8.186849310003652, 8.189382945743882, 8.193269346698155, 8.198142748939604, 8.203414095766979, 8.208655323002938, 8.213732299098192, 8.218688780056997, 8.223619093293692, 8.228692187260041, 8.234214047655351, 8.240535474524703, 8.247883942079087, 8.256330234991074, 8.26587721282212, 8.276504142973403, 8.288128316577541, 8.300587380675717, 8.313722721793988, 8.327486620727385, 8.341959899722823, 8.357285045796239, 8.373604302641755, 8.391009192586843, 8.409465231325093, 8.428798165289793, 8.448799148569572, 8.469343132876142, 8.490404227767947, 8.511998844974944, 8.53412456629523, 8.556704818323075, 8.579568968633003, 8.602499979464062, 8.625308691165811, 8.647881465228755, 8.670193301992187, 8.692259365255815, 8.714048273339632, 8.735454306006234, 8.7563437150779, 8.776621510623189, 8.796285711291455, 8.815390345085802, 8.83395424168545, 8.851950418469087, 8.869338751524444, 8.886070794484581, 8.902094883140746, 8.91732530700497]",75,0.8001526464614229,,0.7886594107499043,0.7886594107499025,8.91732530700497,,0.8777850553612611,,,,161.98008728027344,162.13042092323303,True,0.15128612518310547,0.0009357929229736328,0.0,0.15128612518310547,Results/warm_start_cache/random_graphs_8to14vertices_78instances_20260625_143415_AdjacencyList__filehash_a79662a0/hog_idx000023_9df8db74bf84_seed42_L1_M1_amplified.npz,161.98888683319092,2026-08-29 16:26:56,x86_64,dacsgpu0002,,64,64,3.11.15,1.24,False,False,False,False,,False,True,False,False,adam,False,hamqaoa,0.005,standard,1,1,42,scs,1e-06,100000,False,False,False,hog,False,False,False,False,False,False,True,1,HOG_graphs/random_graphs_8to14vertices_78instances_20260625_143415_AdjacencyList.txt,True,Results/warm_start_cache,512,60,0,16,1,1,0,0,5,0,5,10,42,True,_Exp4_v2_standardZeroAngles,1,42,23,"[(4, 6), (0, 5), (1, 7), (6, 9), (4, 5), (2, 5), (4, 8), (8, 9), (1, 3), (0, 1), (1, 6), (6, 8), (5, 9), (3, 6), (2, 4), (4, 7), (7, 9), (0, 6), (1, 5), (0, 9), (5, 8)]","[1.0, 1.0, 1.0, 1.0, 1.0, 1.0, 1.0, 1.0, 1.0, 1.0, 1.0, 1.0, 1.0, 1.0, 1.0, 1.0, 1.0, 1.0, 1.0, 1.0, 1.0]"
8b9fff78,10,21,5,75.0,False,True,"[1, 1, 1]",10.158893971297971,14.249999742643656,14.249999742643656,,,,,8.128665896255068,8.128665896255066,8.12866589625507,8.12866589625507,"[8.12866589625507, 8.123018300253607, 8.129874172706202, 8.131309231259614, 8.12836606293189, 8.129969642955468, 8.13323453889201, 8.134242298904882, 8.134148640519996, 8.136040077838578, 8.139788925612892, 8.143497607119432, 8.146630493204427, 8.15040313211112, 8.15576112821704, 8.162193852067265, 8.168430588070544, 8.173585524323338, 8.177607373371693, 8.180542512198896, 8.181816441589564, 8.181089299696527, 8.179540796439266, 8.179039351324066, 8.180229076937426, 8.182796789443083, 8.18646021406058, 8.190893523348363, 8.195466494965881, 8.199546142987046, 8.202971227532396, 8.206090952693145, 8.209344569117059, 8.212965306144158, 8.217123988130156, 8.222113997667856, 8.228210787893667, 8.23544924892702, 8.24366372692084, 8.252689997579362, 8.262440395721521, 8.272818769125001, 8.283710765856542, 8.29514822817613, 8.307378908972314, 8.320662337379572, 8.335068190157212, 8.350518642960287, 8.366889753866745, 8.38401407784278, 8.401748527466353, 8.420134488547331, 8.439367029880286, 8.45955054974928, 8.480574266538731, 8.502188513809504, 8.524138839114816, 8.546295585743453, 8.568689516531933, 8.591389585080881, 8.614365314032531, 8.637502896707623, 8.66059820991609, 8.683507200903756, 8.706242288652328, 8.728813417413637, 8.751184473855492, 8.773313648351051, 8.795104047154817, 8.816478531567238, 8.837381576425626, 8.857721593182761, 8.877358715773338, 8.896100793444093, 8.913747175952267, 8.930120712450396]",75,0.8001526464614229,,0.8014548161953297,0.8014548161953279,8.930120712450396,,0.8790445827745382,,,,170.0365810394287,170.18695259094238,True,0.15128612518310547,0.0009036064147949219,0.0,0.15128612518310547,Results/warm_start_cache/random_graphs_8to14vertices_78instances_20260625_143415_AdjacencyList__filehash_a79662a0/hog_idx000023_9df8db74bf84_seed42_L1_M1_amplified.npz,170.04444122314453,2026-08-29 16:27:04,x86_64,dacsgpu0002,,64,64,3.11.15,1.47,False,False,False,False,,False,True,False,False,adam,False,hamqaoa,0.005,standard,1,1,42,scs,1e-06,100000,False,False,False,hog,False,False,False,False,False,False,True,1,HOG_graphs/random_graphs_8to14vertices_78instances_20260625_143415_AdjacencyList.txt,True,Results/warm_start_cache,512,60,0,16,1,1,0,0,5,0,5,10,42,True,_Exp4_v2_standardZeroAngles,1,42,23,"[(4, 6), (0, 5), (1, 7), (6, 9), (4, 5), (2, 5), (4, 8), (8, 9), (1, 3), (0, 1), (1, 6), (6, 8), (5, 9), (3, 6), (2, 4), (4, 7), (7, 9), (0, 6), (1, 5), (0, 9), (5, 8)]","[1.0, 1.0, 1.0, 1.0, 1.0, 1.0, 1.0, 1.0, 1.0, 1.0, 1.0, 1.0, 1.0, 1.0, 1.0, 1.0, 1.0, 1.0, 1.0, 1.0, 1.0]"
a8112af5,10,28,5,75.0,False,True,"[1, 1, 1]",12.658576065675938,16.55133585722598,16.55133585722598,,,,,10.143044996229888,10.143044996229888,10.143044996229888,10.143044996229888,"[10.143044996229888, 10.129745181112725, 10.142399097858215, 10.140937695362389, 10.136462493619614, 10.138498561606546, 10.142272559801178, 10.14336220859321, 10.141759344892034, 10.14024673445827, 10.140557409677905, 10.142060654743307, 10.143285459055615, 10.143408070572915, 10.14270520061224, 10.142067865864112, 10.142101010833304, 10.142692897348036, 10.14331100052923, 10.14352719514617, 10.14331345282681, 10.142969790211692, 10.14282004903502, 10.142961011932371, 10.143249949887908, 10.14347180492423, 10.143515260525003, 10.143428139028911, 10.143337169656869, 10.143330074655385, 10.143399503298903, 10.143482004138757, 10.143530883965166, 10.143549916548343, 10.143568403679309, 10.143598615465944, 10.143627055433042, 10.143640837228173, 10.143650664327351, 10.143681184014936, 10.143740101962429, 10.143805450617272, 10.143847646357921, 10.143862680851925, 10.14387834082593, 10.143926393658079, 10.14401065344188, 10.144105335161766, 10.144183806460859, 10.144248594764743, 10.144329349911645, 10.144453096837262, 10.144622499197816, 10.144822403667163, 10.14504652519318, 10.145312904542493, 10.145653182438855, 10.14609158115363, 10.146638798540996, 10.147306489210749, 10.148120452519718, 10.14912603929771, 10.15038640805294, 10.15197737731106, 10.153984376736437, 10.156506077328558, 10.159645571371753, 10.163494737246499, 10.168134112437762, 10.173651597130336, 10.18011686971927, 10.187566708073717, 10.196002798620354, 10.20540475472795, 10.21574199051147, 10.226941793452168]",75,0.8012785121806094,,0.08389679722228038,0.08389679722228038,10.226941793452168,,0.8079061768394938,,,,174.19507217407227,174.33226227760315,True,0.13984203338623047,0.0026395320892333984,0.0,0.13984203338623047,Results/warm_start_cache/random_graphs_8to14vertices_78instances_20260625_143415_AdjacencyList__filehash_a79662a0/hog_idx000024_c579f9d62b77_seed42_L1_M1_amplified.npz,174.20313811302185,2026-08-29 16:27:09,x86_64,dacsgpu0002,,64,64,3.11.15,1.47,False,False,False,False,,False,True,False,False,adam,False,hamqaoa,0.005,standard,1,1,42,scs,1e-06,100000,False,False,False,hog,False,False,False,False,False,False,True,1,HOG_graphs/random_graphs_8to14vertices_78instances_20260625_143415_AdjacencyList.txt,True,Results/warm_start_cache,512,60,0,16,1,1,0,0,5,0,5,10,42,True,_Exp4_v2_standardZeroAngles,1,42,24,"[(2, 3), (3, 8), (2, 9), (4, 6), (4, 9), (7, 8), (0, 2), (0, 8), (1, 7), (6, 9), (5, 7), (3, 4), (2, 8), (3, 7), (2, 5), (8, 9), (1, 6), (0, 4), (1, 9), (0, 7), (6, 8), (5, 6), (2, 7), (0, 3), (1, 2), (1, 8), (0, 6), (0, 9)]","[1.0, 1.0, 1.0, 1.0, 1.0, 1.0, 1.0, 1.0, 1.0, 1.0, 1.0, 1.0, 1.0, 1.0, 1.0, 1.0, 1.0, 1.0, 1.0, 1.0, 1.0, 1.0, 1.0, 1.0, 1.0, 1.0, 1.0, 1.0]"
ed096886,8,16,1,75.0,False,True,"[1, 1, 1]",8.115104877307424,10.494950574322633,10.494950574322633,,,,,6.127843685196258,6.127843685196258,6.127843685196258,6.127843685196258,"[6.127843685196258, 6.128136259933413, 6.127963439221999, 6.1281388118248215, 6.1282552585213965, 6.12818374902993, 6.128115969743869, 6.128161061653585, 6.128233952115253, 6.12824293264065, 6.12819966509444, 6.128180573114132, 6.128212798957921, 6.128255733713686, 6.128265986120466, 6.128245645763833, 6.1282301610481875, 6.128240286615299, 6.128262484578497, 6.128272341207331, 6.128264433298095, 6.128255417350015, 6.128260753875945, 6.128276864890105, 6.128288581940375, 6.128288080792348, 6.128282237474149, 6.128282463006063, 6.128291095819451, 6.128300944554722, 6.128305232392876, 6.128305074224772, 6.1283067617947005, 6.128313507681189, 6.128322406046926, 6.12832873772302, 6.128331724918614, 6.128334687215007, 6.1283406971544965, 6.128349568982622, 6.128358847499322, 6.128366994495839, 6.128374893928689, 6.128384183703311, 6.128395302026631, 6.12840740698825, 6.128419940293816, 6.12843348268927, 6.128449193131686, 6.128467508813057, 6.128488105319399, 6.128510904171528, 6.128536834996233, 6.128567385570202, 6.128603716664732, 6.128646494271917, 6.128697004299472, 6.128757967640861, 6.128833420145947, 6.1289282172625335, 6.129048116432181, 6.129201648012566, 6.1294017465056925, 6.12966754943047, 6.130026420522885, 6.130518194071634, 6.131199867981453, 6.132149182283282, 6.133462818494338, 6.135251205767938, 6.137628538589365, 6.140703368831857, 6.144575128574032, 6.149330878131627, 6.155043192912418, 6.161766079260919]",75,0.7551157721118036,,0.033922394064660466,0.033922394064660466,6.161766079260919,,0.7592959268451723,,,,13.478718519210815,13.604624271392822,True,0.12738370895385742,0.0014591217041015625,0.0,0.12738370895385742,Results/warm_start_cache/random_graphs_8to14vertices_78instances_20260625_143415_AdjacencyList__filehash_a79662a0/hog_idx000008_bff8598791e4_seed42_L1_M1_amplified.npz,13.491903066635132,2026-08-29 16:31:42,x86_64,dacsgpu0002,,64,64,3.11.15,0.24,False,False,False,False,,False,True,False,False,adam,False,hamqaoa,0.005,standard,1,1,42,scs,1e-06,100000,False,False,False,hog,False,False,False,False,False,False,True,1,HOG_graphs/random_graphs_8to14vertices_78instances_20260625_143415_AdjacencyList.txt,True,Results/warm_start_cache,512,60,0,16,1,1,0,0,5,0,5,10,42,True,_Exp4_v2_standardZeroAngles,1,42,8,"[(1, 3), (0, 1), (2, 3), (5, 7), (0, 7), (3, 5), (4, 6), (1, 2), (5, 6), (0, 6), (3, 4), (2, 5), (1, 4), (0, 2), (6, 7), (1, 7)]","[1.0, 1.0, 1.0, 1.0, 1.0, 1.0, 1.0, 1.0, 1.0, 1.0, 1.0, 1.0, 1.0, 1.0, 1.0, 1.0]"
2cedc557,8,16,2,75.0,False,True,"[1, 1, 1]",8.115104877307424,10.494950574322633,10.494950574322633,,,,,6.127843685196258,6.127843685196258,6.127843685196258,6.127843685196258,"[6.127843685196258, 6.126860739794929, 6.127950913083697, 6.1281402112862216, 6.127644897011512, 6.12778845746061, 6.1281765037443, 6.128206320207088, 6.127969902193253, 6.127918848165037, 6.128103348439224, 6.1282512072878195, 6.128210704713008, 6.128099873591772, 6.128093766684739, 6.128193610605422, 6.128273266067347, 6.128254695630349, 6.1281902875107095, 6.12817737158692, 6.12823235541739, 6.128289380982827, 6.128294403961965, 6.128264042756817, 6.128252152008371, 6.128280538785609, 6.128321267220942, 6.12833832971448, 6.128329952749165, 6.128324730877241, 6.128343158812836, 6.1283759016384485, 6.128401166964409, 6.128411952271114, 6.128420915839852, 6.12844287029949, 6.12847962430011, 6.12852262573797, 6.128566189595627, 6.128614651065912, 6.128677316643397, 6.128760334899803, 6.128865358168689, 6.1289950520743295, 6.1291605261215345, 6.129383514678488, 6.12969517880099, 6.130135950618729, 6.130760700098087, 6.13164687435238, 6.132902168128435, 6.134668995466867, 6.137124094308589, 6.140470802752389, 6.144927421932868, 6.150710712857345, 6.158017552373861, 6.166999574656797, 6.177728801894617, 6.190158545147779, 6.204092057716097, 6.219189596253256, 6.23506199476545, 6.2514557784166795, 6.268324560089354, 6.28564807859792, 6.303318409015287, 6.321185234940608, 6.339106039505974, 6.3569590941982, 6.3746349180303294, 6.392019774482973, 6.408982479739227, 6.425370091408678, 6.441014754797162, 6.45574670705373]",75,0.7551157721118036,,0.32790302185747144,0.32790302185747144,6.45574670705373,,0.7955222766259226,,,,22.621357917785645,22.7473623752594,True,0.12738370895385742,0.0013628005981445312,0.0,0.12738370895385742,Results/warm_start_cache/random_graphs_8to14vertices_78instances_20260625_143415_AdjacencyList__filehash_a79662a0/hog_idx000008_bff8598791e4_seed42_L1_M1_amplified.npz,22.632847785949707,2026-08-29 16:31:51,x86_64,dacsgpu0002,,64,64,3.11.15,0.26,False,False,False,False,,False,True,False,False,adam,False,hamqaoa,0.005,standard,1,1,42,scs,1e-06,100000,False,False,False,hog,False,False,False,False,False,False,True,1,HOG_graphs/random_graphs_8to14vertices_78instances_20260625_143415_AdjacencyList.txt,True,Results/warm_start_cache,512,60,0,16,1,1,0,0,5,0,5,10,42,True,_Exp4_v2_standardZeroAngles,1,42,8,"[(1, 3), (0, 1), (2, 3), (5, 7), (0, 7), (3, 5), (4, 6), (1, 2), (5, 6), (0, 6), (3, 4), (2, 5), (1, 4), (0, 2), (6, 7), (1, 7)]","[1.0, 1.0, 1.0, 1.0, 1.0, 1.0, 1.0, 1.0, 1.0, 1.0, 1.0, 1.0, 1.0, 1.0, 1.0, 1.0]"
6c81dc91,8,16,3,75.0,False,True,"[1, 1, 1]",8.115104877307424,10.494950574322633,10.494950574322633,,,,,6.127843685196258,6.127843685196258,6.127843685196258,6.127843685196258,"[6.127843685196258, 6.123975566119989, 6.127816402742848, 6.127508795979449, 6.126127057153056, 6.126863328052089, 6.128037163529606, 6.128150500848466, 6.127478879247266, 6.12718978428789, 6.127596178129846, 6.128124425447527, 6.128249151754886, 6.127992164475236, 6.127751988824362, 6.127802659523736, 6.128062499687893, 6.1282734331348845, 6.128277545749912, 6.128138078314426, 6.128039197244177, 6.128087895894694, 6.128230928859505, 6.128342319643906, 6.12835194866202, 6.128293776956993, 6.128253695280729, 6.128284727990953, 6.128369954859099, 6.128452407893903, 6.128491071527194, 6.12849369142731, 6.1285023325028005, 6.128551474736504, 6.1286400822671885, 6.128741259775771, 6.128833693691743, 6.12892290520916, 6.12903615129626, 6.1292061349243045, 6.129460294753337, 6.12982464623455, 6.130338629255084, 6.131070736665869, 6.132132407081372, 6.133690595045993, 6.135987120076976, 6.139358180455894, 6.144237001693085, 6.151116677544036, 6.160458053410468, 6.172544027967548, 6.187300255040429, 6.204120947638245, 6.221758247500294, 6.238429076519202, 6.252571975657719, 6.264453939532112, 6.276161954702426, 6.289280651524165, 6.303874192795024, 6.318980396106718, 6.333475696708586, 6.346741785303769, 6.35886979040968, 6.370370696394905, 6.381734115405836, 6.393195626948917, 6.40473278137031, 6.416156654399001, 6.427220998679344, 6.437720733040529, 6.44756366288361, 6.4567917740326966, 6.4655413968695115, 6.473951477720704]",75,0.7551157721118036,,0.346107792524446,0.346107792524446,6.473951477720704,,0.7977655958364828,,,,36.720134258270264,36.84621524810791,True,0.12738370895385742,0.0012853145599365234,0.0,0.12738370895385742,Results/warm_start_cache/random_graphs_8to14vertices_78instances_20260625_143415_AdjacencyList__filehash_a79662a0/hog_idx000008_bff8598791e4_seed42_L1_M1_amplified.npz,36.74446392059326,2026-08-29 16:32:05,x86_64,dacsgpu0002,,64,64,3.11.15,0.27,False,False,False,False,,False,True,False,False,adam,False,hamqaoa,0.005,standard,1,1,42,scs,1e-06,100000,False,False,False,hog,False,False,False,False,False,False,True,1,HOG_graphs/random_graphs_8to14vertices_78instances_20260625_143415_AdjacencyList.txt,True,Results/warm_start_cache,512,60,0,16,1,1,0,0,5,0,5,10,42,True,_Exp4_v2_standardZeroAngles,1,42,8,"[(1, 3), (0, 1), (2, 3), (5, 7), (0, 7), (3, 5), (4, 6), (1, 2), (5, 6), (0, 6), (3, 4), (2, 5), (1, 4), (0, 2), (6, 7), (1, 7)]","[1.0, 1.0, 1.0, 1.0, 1.0, 1.0, 1.0, 1.0, 1.0, 1.0, 1.0, 1.0, 1.0, 1.0, 1.0, 1.0]"
cf936a9a,8,16,4,75.0,False,True,"[1, 1, 1]",8.115104877307424,10.494950574322633,10.494950574322633,,,,,6.127843685196258,6.127843685196258,6.127843685196258,6.127843685196258,"[6.127843685196258, 6.119443282442397, 6.1275630305183615, 6.126509345617642, 6.123705148101765, 6.12519222075326, 6.1276401103794385, 6.128170076591858, 6.126990212609039, 6.126126987996327, 6.126563850854761, 6.127609561110702, 6.128241086016514, 6.128104274128245, 6.127591113848078, 6.1272927147597045, 6.1274530507181435, 6.127884868754541, 6.1282446659605085, 6.1283237887587205, 6.128162970516724, 6.127969860015912, 6.127930912622621, 6.128076558159908, 6.12829628487741, 6.128455001868883, 6.128492706749131, 6.128445923536052, 6.1284001488199555, 6.128426323822355, 6.128542476828572, 6.128718011744882, 6.128905137511353, 6.129077756770881, 6.1292580172379045, 6.129509013882362, 6.12989943148838, 6.1304893364862965, 6.131343586377544, 6.132571491621427, 6.134375422463339, 6.137099127938131, 6.141261189876055, 6.14754560239195, 6.156695638512938, 6.169253065119383, 6.185166439380004, 6.203438111060689, 6.222323583511073, 6.239983486102244, 6.2550987956215565, 6.268191489579751, 6.2810638430798535, 6.294895427647247, 6.309909960240208, 6.325826163180973, 6.3421250207194, 6.358469028144424, 6.374883870230641, 6.3914872443013095, 6.408218192698524, 6.424817999679911, 6.440966215518898, 6.456446678405055, 6.471272020481325, 6.4857095397532865, 6.500162755858621, 6.514972222577159, 6.530299250754593, 6.546143971619557, 6.5623674307366375, 6.5786890182325735, 6.594769234867478, 6.610352747172513, 6.625370718520555, 6.639923950838603]",75,0.7551157721118036,,0.5120802656423447,0.5120802656423447,6.639923950838603,,0.8182178851940749,,,,56.912497758865356,57.03861045837402,True,0.12738370895385742,0.0012531280517578125,0.0,0.12738370895385742,Results/warm_start_cache/random_graphs_8to14vertices_78instances_20260625_143415_AdjacencyList__filehash_a79662a0/hog_idx000008_bff8598791e4_seed42_L1_M1_amplified.npz,56.924023151397705,2026-08-29 16:32:25,x86_64,dacsgpu0002,,64,64,3.11.15,0.28,False,False,False,False,,False,True,False,False,adam,False,hamqaoa,0.005,standard,1,1,42,scs,1e-06,100000,False,False,False,hog,False,False,False,False,False,False,True,1,HOG_graphs/random_graphs_8to14vertices_78instances_20260625_143415_AdjacencyList.txt,True,Results/warm_start_cache,512,60,0,16,1,1,0,0,5,0,5,10,42,True,_Exp4_v2_standardZeroAngles,1,42,8,"[(1, 3), (0, 1), (2, 3), (5, 7), (0, 7), (3, 5), (4, 6), (1, 2), (5, 6), (0, 6), (3, 4), (2, 5), (1, 4), (0, 2), (6, 7), (1, 7)]","[1.0, 1.0, 1.0, 1.0, 1.0, 1.0, 1.0, 1.0, 1.0, 1.0, 1.0, 1.0, 1.0, 1.0, 1.0, 1.0]"
55996b86,9,14,1,75.0,False,True,"[1, 1, 1]",7.4758416116024,10.109353298627228,10.109353298627228,,,,,5.624384012812429,5.624384012812433,5.624384012812433,5.624384012812433,"[5.624384012812433, 5.627535214096011, 5.63000231756964, 5.631749961265993, 5.632767138658081, 5.633112953638576, 5.632970270245326, 5.632644356709631, 5.632396491612093, 5.632354342877634, 5.632534013949204, 5.632884865628698, 5.633328191533648, 5.633783687667762, 5.63418466545003, 5.634486217110158, 5.634669246563544, 5.6347401903480305, 5.634727326437399, 5.634672704076022, 5.634621118471358, 5.634608186090461, 5.634651963439603, 5.634750953902265, 5.634887142437056, 5.635033156924951, 5.6351603255586005, 5.635246370240955, 5.635281213990128, 5.635269637765369, 5.635229331327773, 5.635184326226718, 5.635155984691786, 5.635155653123205, 5.635182152787514, 5.635224040324546, 5.635265807876603, 5.63529395835781, 5.6353018705964475, 5.635291383051349, 5.635271095786909, 5.635252290154422, 5.635244353581045, 5.635251496553671, 5.635272036994048, 5.635300028067284, 5.6353285004198, 5.635352581549378, 5.6353714436185145, 5.635388313815723, 5.635408937004768, 5.635439067418034, 5.635482642579134, 5.635541231628935, 5.635614838137765, 5.635703396398485, 5.63580835531093, 5.635933532490034, 5.636085348451763, 5.636272327236283, 5.6365046411333015, 5.636793663611696, 5.637151961640093, 5.637593668773281, 5.63813511288194, 5.638795627082395, 5.6395981863181985, 5.640570348566028, 5.64174499986059, 5.643160589642985, 5.644860728116367, 5.646892569041465, 5.649303445157425, 5.652136146118546, 5.655423670958072, 5.659182640688553]",75,0.7523412486539935,,0.034798627876120314,0.03479862787612387,5.659182640688553,,0.7569960594009352,,,,41.81367325782776,41.914692640304565,True,0.10822582244873047,0.00718998908996582,0.0,0.10822582244873047,Results/warm_start_cache/random_graphs_8to14vertices_78instances_20260625_143415_AdjacencyList__filehash_a79662a0/hog_idx000016_6c2ea510a127_seed42_L1_M1_amplified.npz,41.86194181442261,2026-08-29 16:32:34,x86_64,dacsgpu0002,,64,64,3.11.15,0.3,False,False,False,False,,False,False,True,False,adam,False,hamqaoa,0.005,standard,1,1,42,scs,1e-06,100000,False,False,False,hog,False,False,False,False,False,False,True,1,HOG_graphs/random_graphs_8to14vertices_78instances_20260625_143415_AdjacencyList.txt,True,Results/warm_start_cache,512,60,0,16,1,1,0,0,5,0,5,10,42,True,_Exp4_v2_standardZeroAngles,1,42,16,"[(0, 1), (2, 3), (1, 6), (0, 4), (3, 8), (5, 7), (0, 7), (0, 3), (0, 6), (1, 5), (2, 8), (4, 5), (1, 4), (0, 2)]","[1.0, 1.0, 1.0, 1.0, 1.0, 1.0, 1.0, 1.0, 1.0, 1.0, 1.0, 1.0, 1.0, 1.0]"
285373ac,8,16,5,75.0,False,True,"[1, 1, 1]",8.115104877307424,10.494950574322633,10.494950574322633,,,,,6.127843685196258,6.127843685196258,6.127843685196258,6.127843685196258,"[6.127843685196258, 6.113230717477166, 6.1272031121426425, 6.125192923767611, 6.120415501537872, 6.122782230476869, 6.126938454656436, 6.128218634518677, 6.126592335011697, 6.124941015309908, 6.125141264235218, 6.126626180661844, 6.12794247640998, 6.128262368882468, 6.127747578470965, 6.127087707712374, 6.1268478781577596, 6.127134065611143, 6.12768457304921, 6.128155513498414, 6.128345359274032, 6.128262859876955, 6.128067200044013, 6.127945683313769, 6.128003821715279, 6.128226394756652, 6.128518017751462, 6.128768002563506, 6.128956395382357, 6.129106818345346, 6.129293365536467, 6.1296114289317405, 6.130156579770428, 6.131027869989406, 6.132372558499815, 6.134453481482345, 6.13770543831851, 6.14276545258329, 6.150421670095198, 6.161398269142425, 6.175912209131705, 6.193097140898285, 6.21095736692736, 6.227610181997366, 6.242076401570631, 6.2555488801951915, 6.2704732349390016, 6.28797023258611, 6.3074870732657535, 6.32787185370569, 6.348179804809882, 6.36823560203304, 6.38860019269569, 6.4098120786572075, 6.4318866128404135, 6.454488694682302, 6.477343306430258, 6.500451961313267, 6.523933190806933, 6.54774161345017, 6.571578322554131, 6.594941815050659, 6.617243667984529, 6.63790529511956, 6.656453648330416, 6.672647494899211, 6.68655257730349, 6.698461501761544, 6.708702428754022, 6.717534328054621, 6.725218182624609, 6.732115244289959, 6.738647668896853, 6.745176289501821, 6.751862872274329, 6.75862688680465]",75,0.7551157721118036,,0.6307832016083914,0.6307832016083914,6.75862688680465,,0.832845291464323,,,,80.8226888179779,80.94875836372375,True,0.12738370895385742,0.0012989044189453125,0.0,0.12738370895385742,Results/warm_start_cache/random_graphs_8to14vertices_78instances_20260625_143415_AdjacencyList__filehash_a79662a0/hog_idx000008_bff8598791e4_seed42_L1_M1_amplified.npz,80.8402578830719,2026-08-29 16:32:49,x86_64,dacsgpu0002,,64,64,3.11.15,0.32,False,False,False,False,,False,True,False,False,adam,False,hamqaoa,0.005,standard,1,1,42,scs,1e-06,100000,False,False,False,hog,False,False,False,False,False,False,True,1,HOG_graphs/random_graphs_8to14vertices_78instances_20260625_143415_AdjacencyList.txt,True,Results/warm_start_cache,512,60,0,16,1,1,0,0,5,0,5,10,42,True,_Exp4_v2_standardZeroAngles,1,42,8,"[(1, 3), (0, 1), (2, 3), (5, 7), (0, 7), (3, 5), (4, 6), (1, 2), (5, 6), (0, 6), (3, 4), (2, 5), (1, 4), (0, 2), (6, 7), (1, 7)]","[1.0, 1.0, 1.0, 1.0, 1.0, 1.0, 1.0, 1.0, 1.0, 1.0, 1.0, 1.0, 1.0, 1.0, 1.0, 1.0]"
647c991f,9,14,2,75.0,False,True,"[1, 1, 1]",7.4758416116024,10.109353298627228,10.109353298627228,,,,,5.624384012812429,5.624384012812433,5.624384012812433,5.624384012812433,"[5.624384012812433, 5.629932395371557, 5.632753438558751, 5.63300328478563, 5.632055848131415, 5.631588522401718, 5.631972446956134, 5.632864774391633, 5.633809247247385, 5.634477981660037, 5.634743895762949, 5.634672302780726, 5.634450795141045, 5.6342814233919, 5.63428899701977, 5.6344892545818785, 5.634810060196402, 5.635136988110557, 5.635362795458097, 5.635431362890268, 5.63536370185907, 5.635247736013341, 5.6351869436237045, 5.635238278222469, 5.635385551186548, 5.635561963298509, 5.635697187723573, 5.635756314190418, 5.635752578649357, 5.635731945982169, 5.635742812624701, 5.635810419044415, 5.635928196003123, 5.636067958765823, 5.636200041341539, 5.636311223585554, 5.6364121997687935, 5.636530143550446, 5.636692756380685, 5.6369161499446365, 5.637203422715827, 5.637552628345652, 5.637967873321995, 5.6384664047799795, 5.639080618876805, 5.639856035097107, 5.640849032562922, 5.6421260404741025, 5.643762789338293, 5.64584242847118, 5.64844892808409, 5.651655149455961, 5.6555040073093865, 5.6599867926475484, 5.665021020981824, 5.670436327705274, 5.6759701180490785, 5.681265984965846, 5.685889668625888, 5.689424854117281, 5.691667482713794, 5.692831354618673, 5.693577365048813, 5.694756736762195, 5.696999955737092, 5.700448818737981, 5.704790851806022, 5.709477378117691, 5.713964115066902, 5.7179065850854816, 5.721289145383878, 5.724435511820947, 5.72785551416264, 5.732009900305758, 5.737157398943415, 5.743339312580535]",75,0.7523412486539935,,0.11895529976810248,0.11895529976810604,5.743339312580535,,0.7682532096007698,,,,55.96141481399536,56.068042039871216,True,0.10822582244873047,0.0015795230865478516,0.0,0.10822582244873047,Results/warm_start_cache/random_graphs_8to14vertices_78instances_20260625_143415_AdjacencyList__filehash_a79662a0/hog_idx000016_6c2ea510a127_seed42_L1_M1_amplified.npz,56.015591859817505,2026-08-29 16:32:55,x86_64,dacsgpu0002,,64,64,3.11.15,0.37,False,False,False,False,,False,False,True,False,adam,False,hamqaoa,0.005,standard,1,1,42,scs,1e-06,100000,False,False,False,hog,False,False,False,False,False,False,True,1,HOG_graphs/random_graphs_8to14vertices_78instances_20260625_143415_AdjacencyList.txt,True,Results/warm_start_cache,512,60,0,16,1,1,0,0,5,0,5,10,42,True,_Exp4_v2_standardZeroAngles,1,42,16,"[(0, 1), (2, 3), (1, 6), (0, 4), (3, 8), (5, 7), (0, 7), (0, 3), (0, 6), (1, 5), (2, 8), (4, 5), (1, 4), (0, 2)]","[1.0, 1.0, 1.0, 1.0, 1.0, 1.0, 1.0, 1.0, 1.0, 1.0, 1.0, 1.0, 1.0, 1.0]"
fcc5309c,8,24,5,75.0,False,True,"[1, 1, 1]",10.000000000000002,12.000000353942049,12.000000353942049,,,,,7.805379665397828,7.805379665397826,7.805379665397826,7.805379665397826,"[7.805379665397826, 7.804710731285951, 7.794440140068188, 7.8042486556676565, 7.801653838158587, 7.799301942672836, 7.802952432728629, 7.805584907274344, 7.804375117355017, 7.8025908670611335, 7.803177609609924, 7.80495043557402, 7.805628243215006, 7.804762575934049, 7.803842603128735, 7.804078900762508, 7.805006686470183, 7.805520925051946, 7.805251917793463, 7.804746053942461, 7.80466346725202, 7.805066378242233, 7.80551269313162, 7.80561435209541, 7.805392790817212, 7.805179452296061, 7.805237545591309, 7.805515331182393, 7.805763379591554, 7.805818686167121, 7.805752400167387, 7.805774526546472, 7.806003816708964, 7.806351703299893, 7.8066557208546286, 7.806897309063557, 7.807249582594412, 7.807903071413026, 7.808896155720188, 7.81018762550694, 7.8119008004213715, 7.814405478445068, 7.8181215645408, 7.823432248624208, 7.8308928607786745, 7.841344476940987, 7.8556904236337175, 7.87462639895054, 7.8985493399060385, 7.927474914860446, 7.96093006749794, 7.998039771679294, 8.03774006996944, 8.078798600989739, 8.119688270635882, 8.158760616138705, 8.194495338492127, 8.225335839837589, 8.25033084652583, 8.269862775019893, 8.285555301201601, 8.29975477568331, 8.314938957460262, 8.332934980356683, 8.35429855264813, 8.37842720390483, 8.40402351814691, 8.429520730418828, 8.453415107336307, 8.474511182275902, 8.492057577051561, 8.505759347121439, 8.51568029246694, 8.522087237963047, 8.525351598856219, 8.525962334155086]",75,0.7805379665397825,,0.7205826687572596,0.7205826687572578,8.525962334155086,,0.8525962334155084,,,,89.49398303031921,89.59978127479553,True,0.10743975639343262,0.0016260147094726562,0.0,0.10743975639343262,Results/warm_start_cache/random_graphs_8to14vertices_78instances_20260625_143415_AdjacencyList__filehash_a79662a0/hog_idx000010_334c57399bd5_seed42_L1_M1_amplified.npz,89.53158593177795,2026-08-29 16:32:58,x86_64,dacsgpu0002,,64,64,3.11.15,0.3,False,False,False,False,,True,False,False,False,adam,False,hamqaoa,0.005,standard,1,1,42,scs,1e-06,100000,False,False,False,hog,False,False,False,False,False,False,True,1,HOG_graphs/random_graphs_8to14vertices_78instances_20260625_143415_AdjacencyList.txt,True,Results/warm_start_cache,512,60,0,16,1,1,0,0,5,0,5,10,42,True,_Exp4_v2_standardZeroAngles,1,42,10,"[(2, 3), (2, 6), (3, 5), (4, 6), (0, 5), (1, 4), (0, 2), (1, 7), (5, 7), (4, 5), (3, 7), (2, 5), (1, 3), (0, 1), (1, 6), (0, 4), (0, 7), (5, 6), (3, 6), (2, 4), (2, 7), (4, 7), (1, 2), (0, 6)]","[1.0, 1.0, 1.0, 1.0, 1.0, 1.0, 1.0, 1.0, 1.0, 1.0, 1.0, 1.0, 1.0, 1.0, 1.0, 1.0, 1.0, 1.0, 1.0, 1.0, 1.0, 1.0, 1.0, 1.0]"
8056a7fe,9,14,3,75.0,False,True,"[1, 1, 1]",7.4758416116024,10.109353298627228,10.109353298627228,,,,,5.624384012812429,5.624384012812433,5.624384012812433,5.624384012812433,"[5.624384012812433, 5.631631888641659, 5.633027901576242, 5.631429691700392, 5.631124818087677, 5.6323080057976, 5.633795911078211, 5.634718823057969, 5.634862195462524, 5.634539373197952, 5.634229947239599, 5.634246038148873, 5.634625063503618, 5.635202906190267, 5.635742928460437, 5.6360620592195065, 5.63613360932927, 5.636106641133497, 5.636194173988923, 5.636514250699512, 5.637037245586647, 5.637655452087529, 5.638284142402152, 5.638920924936206, 5.639645509266821, 5.640580765954386, 5.641851591413382, 5.643566011958224, 5.645817277677632, 5.648686214243906, 5.652228786305132, 5.656437995074061, 5.6611957570446805, 5.666241986399094, 5.671175589923784, 5.675456646280804, 5.678464128126628, 5.679808821104138, 5.679885720574686, 5.680031465913954, 5.681595345707632, 5.684892770144396, 5.689224886168348, 5.6935225700393, 5.696934430432228, 5.699182893641766, 5.70063980320383, 5.702073838578169, 5.70421289303645, 5.707432257432302, 5.711690899916614, 5.716630197908995, 5.721760887895189, 5.726707185360504, 5.731438879844815, 5.736327962692833, 5.74190986178346, 5.74849733012566, 5.755980327275088, 5.7639556591449255, 5.772048305089001, 5.780187159290763, 5.78864751622944, 5.797815905469416, 5.8078664736825365, 5.818650874922508, 5.829918674102216, 5.841685393319885, 5.854351192021212, 5.868379084551491, 5.883926879282113, 5.900858103332242, 5.919013861034077, 5.938384682671634, 5.959015194409113, 5.980784966274015]",75,0.7523412486539935,,0.3564009534615824,0.35640095346158596,5.980784966274015,,0.8000149383839168,,,,64.86463165283203,64.95735788345337,True,0.10822582244873047,0.015479803085327148,0.0,0.10822582244873047,Results/warm_start_cache/random_graphs_8to14vertices_78instances_20260625_143415_AdjacencyList__filehash_a79662a0/hog_idx000016_6c2ea510a127_seed42_L1_M1_amplified.npz,64.91424465179443,2026-08-29 16:33:23,x86_64,dacsgpu0002,,64,64,3.11.15,0.43,False,False,False,False,,False,False,True,False,adam,False,hamqaoa,0.005,standard,1,1,42,scs,1e-06,100000,False,False,False,hog,False,False,False,False,False,False,True,1,HOG_graphs/random_graphs_8to14vertices_78instances_20260625_143415_AdjacencyList.txt,True,Results/warm_start_cache,512,60,0,16,1,1,0,0,5,0,5,10,42,True,_Exp4_v2_standardZeroAngles,1,42,16,"[(0, 1), (2, 3), (1, 6), (0, 4), (3, 8), (5, 7), (0, 7), (0, 3), (0, 6), (1, 5), (2, 8), (4, 5), (1, 4), (0, 2)]","[1.0, 1.0, 1.0, 1.0, 1.0, 1.0, 1.0, 1.0, 1.0, 1.0, 1.0, 1.0, 1.0, 1.0]"
b8362583,10,30,1,75.0,False,True,"[1, 1, 1]",13.11746614058643,16.913229448031963,16.913229448031963,,,,,10.597365778610552,10.597365778610563,10.597365778610557,10.597365778610557,"[10.597365778610557, 10.596814150550667, 10.59746611195242, 10.597577333219569, 10.59728307638019, 10.597266202995232, 10.59745566385956, 10.597572819654406, 10.59757068440641, 10.597557197491637, 10.597585474119185, 10.597605395087028, 10.597580698068565, 10.597566809503894, 10.597609786631072, 10.597682848890175, 10.597728299114008, 10.597719453080142, 10.597689552929529, 10.597686770619507, 10.597714296527402, 10.597743563882394, 10.597759539239188, 10.597772912631607, 10.59779328411624, 10.597810104371138, 10.59781162244004, 10.59780805043608, 10.597818961427121, 10.597845047143384, 10.597868893853652, 10.597881414348326, 10.59789080534194, 10.597904316804804, 10.597917673879412, 10.597926982124692, 10.597939309149277, 10.597959340834043, 10.597979946967902, 10.597994005195309, 10.598005601194483, 10.598020658384412, 10.598037006858098, 10.598051685782012, 10.598068374371817, 10.598088830858563, 10.59810828918108, 10.598124680080467, 10.598142053294803, 10.598161483720817, 10.59818050113857, 10.59819973486636, 10.598221473205884, 10.598243794230623, 10.598264805637596, 10.598286548534535, 10.598309647085058, 10.598332790675743, 10.598356820461657, 10.598382760017726, 10.59840941385399, 10.598436300433775, 10.598464362076102, 10.598493360399162, 10.598522756902238, 10.598553764615051, 10.598586225847988, 10.598619543734316, 10.59865412751247, 10.59869023045709, 10.598727324559812, 10.598765966866901, 10.598806628658691, 10.598848899440837, 10.598893184916308, 10.598939835619202]",75,0.8078820760833918,,0.001574057008639329,0.0015740570086499872,10.598939835619202,,0.8080020731157279,,,,189.5402135848999,189.75969767570496,True,0.2209761142730713,0.001474618911743164,0.0,0.2209761142730713,Results/warm_start_cache/random_graphs_8to14vertices_78instances_20260625_143415_AdjacencyList__filehash_a79662a0/hog_idx000032_8a2cd1945660_seed42_L1_M1_amplified.npz,189.5923557281494,2026-08-29 16:34:38,x86_64,dacsgpu0002,,64,64,3.11.15,0.52,False,False,False,False,,False,True,False,False,adam,False,hamqaoa,0.005,standard,1,1,42,scs,1e-06,100000,False,False,False,hog,False,False,False,False,False,False,True,1,HOG_graphs/random_graphs_8to14vertices_78instances_20260625_143415_AdjacencyList.txt,True,Results/warm_start_cache,512,60,0,16,1,1,0,0,5,0,5,10,42,True,_Exp4_v2_standardZeroAngles,1,42,32,"[(2, 3), (3, 5), (2, 9), (4, 6), (7, 8), (0, 5), (1, 4), (0, 8), (6, 9), (5, 7), (3, 4), (4, 5), (4, 8), (8, 9), (1, 3), (0, 1), (1, 9), (0, 7), (5, 6), (3, 6), (2, 4), (2, 7), (4, 7), (7, 9), (0, 3), (1, 2), (1, 8), (0, 6), (0, 9), (6, 7)]","[1.0, 1.0, 1.0, 1.0, 1.0, 1.0, 1.0, 1.0, 1.0, 1.0, 1.0, 1.0, 1.0, 1.0, 1.0, 1.0, 1.0, 1.0, 1.0, 1.0, 1.0, 1.0, 1.0, 1.0, 1.0, 1.0, 1.0, 1.0, 1.0, 1.0]"
9cb55956,10,9,1,75.0,False,True,"[1, 1, 1]",6.271621605910759,9.000000022081963,9.000000022081963,,,,,4.499998605472315,4.499998605472315,4.499998605472315,4.499998605472315,"[4.499998605472315, 4.499661880677075, 4.499976904683198, 4.499931047324219, 4.499812430067208, 4.499851640070719, 4.499949550406369, 4.499998154936489, 4.4999736379102195, 4.499926476637745, 4.499912921760796, 4.499939726292728, 4.499977852011975, 4.49999795918868, 4.499991400714174, 4.499971430682861, 4.4999584757919635, 4.499962498448117, 4.499978310635447, 4.499993435455396, 4.499998541492897, 4.499993070570936, 4.499983951480727, 4.499979259040711, 4.499982210513122, 4.499989936085356, 4.499996694092507, 4.499998465528368, 4.4999954022066495, 4.499991018863647, 4.499989124829248, 4.4999910019708205, 4.49999493908791, 4.49999802649448, 4.499998436352144, 4.499996557850425, 4.4999943977352865, 4.499993834917055, 4.499995202745945, 4.499997310034819, 4.499998560470382, 4.499998270020851, 4.499997053390635, 4.499996142939265, 4.49999632322632, 4.499997370710475, 4.49999837542888, 4.4999985993611435, 4.499998064020682, 4.499997418457395, 4.499997291113845, 4.4999977617311835, 4.499998375081899, 4.499998629243618, 4.499998400295404, 4.499998012313974, 4.499997879662584, 4.499998116885654, 4.499998472255584, 4.4999986290803955, 4.499998500882059, 4.499998282898075, 4.499998224946871, 4.499998375395067, 4.499998567736156, 4.499998627179159, 4.499998533377937, 4.499998420251013, 4.49999842345614, 4.499998526102476, 4.499998618219948, 4.4999986160388055, 4.499998549086079, 4.499998505659818, 4.49999853775295, 4.4999986028346]",75,0.7175175557835379,,0.0,0.0,4.499998605472315,,0.7175175557835379,,,,192.2901635169983,192.41762781143188,True,0.12906837463378906,0.0015881061553955078,0.0,0.12906837463378906,Results/warm_start_cache/random_graphs_8to14vertices_78instances_20260625_143415_AdjacencyList__filehash_a79662a0/hog_idx000022_edcec7e94746_seed42_L1_M1_amplified.npz,192.3082458972931,2026-08-29 16:34:41,x86_64,dacsgpu0002,,64,64,3.11.15,0.52,True,False,True,False,,False,True,True,False,adam,False,hamqaoa,0.005,standard,1,1,42,scs,1e-06,100000,False,False,False,hog,False,False,False,False,False,False,True,1,HOG_graphs/random_graphs_8to14vertices_78instances_20260625_143415_AdjacencyList.txt,True,Results/warm_start_cache,512,60,0,16,1,1,0,0,5,0,5,10,42,True,_Exp4_v2_standardZeroAngles,1,42,22,"[(3, 9), (2, 3), (0, 7), (7, 9), (6, 8), (0, 6), (4, 9), (4, 5), (1, 7)]","[1.0, 1.0, 1.0, 1.0, 1.0, 1.0, 1.0, 1.0, 1.0]"
8bd8d168,10,9,2,75.0,False,True,"[1, 1, 1]",6.271621605910759,9.000000022081963,9.000000022081963,,,,,4.499998605472315,4.499998605472315,4.499998605472315,4.499998605472315,"[4.499998605472315, 4.498674936706357, 4.499914620184623, 4.499744739083911, 4.499291213601331, 4.499423746710504, 4.499786190198469, 4.499989758375192, 4.499940377612745, 4.499782281952133, 4.499699645946146, 4.499749172896483, 4.499867675133441, 4.4999668455821356, 4.499998077458282, 4.499967256843656, 4.49991483060256, 4.499882373652282, 4.499887994864469, 4.499922852425577, 4.4999641825884655, 4.499991584135849, 4.499996648025544, 4.499984039043956, 4.499965986617833, 4.499954459283895, 4.499955253171978, 4.499966580161954, 4.499981585120294, 4.4999929501283304, 4.499996558885603, 4.499992953972906, 4.4999862016383725, 4.499981153463852, 4.499980808571981, 4.49998499642496, 4.499991147299731, 4.499995968004064, 4.499997399786049, 4.499995541332345, 4.499992330053085, 4.49999012558945, 4.499990377043405, 4.499992897916735, 4.499996167879867, 4.499998419533788, 4.499998719925086, 4.4999974061780215, 4.4999957456895014, 4.499995034860943, 4.4999958207760855, 4.499997692088158, 4.499999676622111, 4.500000977245879, 4.50000145426475, 4.500001663857177, 4.50000243036403, 4.500004431493187, 4.50000781030385, 4.500012410998882, 4.500018211699589, 4.5000258597800835, 4.5000367856563726, 4.50005347461494, 4.500079968342142, 4.500122954596816, 4.500194624617755, 4.5003174190889474, 4.5005323444674, 4.500913864886256, 4.501589342550572, 4.502757595210247, 4.50469122045042, 4.507718276266944, 4.512195230276165, 4.518469830979974]",75,0.7175175557835379,,0.01847122550765956,0.01847122550765956,4.518469830979974,,0.7204627630470392,,,,211.64191699028015,211.76927137374878,True,0.12906837463378906,0.0016925334930419922,0.0,0.12906837463378906,Results/warm_start_cache/random_graphs_8to14vertices_78instances_20260625_143415_AdjacencyList__filehash_a79662a0/hog_idx000022_edcec7e94746_seed42_L1_M1_amplified.npz,211.65026545524597,2026-08-29 16:35:00,x86_64,dacsgpu0002,,64,64,3.11.15,0.76,True,False,True,False,,False,True,True,False,adam,False,hamqaoa,0.005,standard,1,1,42,scs,1e-06,100000,False,False,False,hog,False,False,False,False,False,False,True,1,HOG_graphs/random_graphs_8to14vertices_78instances_20260625_143415_AdjacencyList.txt,True,Results/warm_start_cache,512,60,0,16,1,1,0,0,5,0,5,10,42,True,_Exp4_v2_standardZeroAngles,1,42,22,"[(3, 9), (2, 3), (0, 7), (7, 9), (6, 8), (0, 6), (4, 9), (4, 5), (1, 7)]","[1.0, 1.0, 1.0, 1.0, 1.0, 1.0, 1.0, 1.0, 1.0]"
f14464ba,10,30,2,75.0,False,True,"[1, 1, 1]",13.11746614058643,16.913229448031963,16.913229448031963,,,,,10.597365778610552,10.597365778610563,10.597365778610557,10.597365778610557,"[10.597365778610557, 10.593799385152435, 10.597262320221075, 10.596958597871636, 10.595650542705393, 10.59616597658768, 10.597198981413174, 10.59740923981537, 10.5969175526207, 10.596681114157445, 10.597025088267937, 10.597488381354717, 10.59755774846991, 10.597259252537961, 10.59705916764415, 10.597219243567954, 10.597551078230143, 10.597719223476597, 10.597612084691931, 10.597434310139187, 10.597431269185435, 10.597599843098372, 10.597745783711993, 10.597743886236824, 10.59767120890852, 10.597680685808314, 10.597794612109302, 10.597896658742842, 10.597900612894836, 10.597863068214572, 10.597895660512384, 10.598012185491607, 10.598123086555766, 10.598166986854713, 10.598187382216041, 10.598257690772984, 10.598377116920263, 10.598486959239791, 10.598567007469029, 10.598658567996923, 10.598791504439324, 10.598939348339515, 10.599067837365274, 10.599190894100072, 10.599343447491425, 10.599523205867854, 10.599697846399268, 10.599856932614372, 10.600022892594597, 10.600211803040981, 10.600412079758094, 10.600614020325988, 10.600830023891643, 10.601076436786265, 10.601350853642089, 10.6016457305215, 10.601968904576918, 10.602334516512938, 10.602744895428732, 10.603195309060435, 10.603691064396266, 10.60424873329479, 10.604884280296263, 10.605612432836967, 10.606458179711062, 10.607459916032198, 10.60866444352999, 10.610126356128687, 10.611913149817633, 10.614107666895105, 10.616804055496852, 10.620102485193918, 10.624107580503331, 10.628921443252656, 10.634636603126221, 10.641325645346157]",75,0.8078820760833918,,0.04395986673559449,0.043959866735605146,10.641325645346157,,0.8112333229068602,,,,215.95661234855652,216.17592191696167,True,0.2209761142730713,0.0016269683837890625,0.0,0.2209761142730713,Results/warm_start_cache/random_graphs_8to14vertices_78instances_20260625_143415_AdjacencyList__filehash_a79662a0/hog_idx000032_8a2cd1945660_seed42_L1_M1_amplified.npz,215.9895248413086,2026-08-29 16:35:09,x86_64,dacsgpu0002,,64,64,3.11.15,0.76,False,False,False,False,,False,True,False,False,adam,False,hamqaoa,0.005,standard,1,1,42,scs,1e-06,100000,False,False,False,hog,False,False,False,False,False,False,True,1,HOG_graphs/random_graphs_8to14vertices_78instances_20260625_143415_AdjacencyList.txt,True,Results/warm_start_cache,512,60,0,16,1,1,0,0,5,0,5,10,42,True,_Exp4_v2_standardZeroAngles,1,42,32,"[(2, 3), (3, 5), (2, 9), (4, 6), (7, 8), (0, 5), (1, 4), (0, 8), (6, 9), (5, 7), (3, 4), (4, 5), (4, 8), (8, 9), (1, 3), (0, 1), (1, 9), (0, 7), (5, 6), (3, 6), (2, 4), (2, 7), (4, 7), (7, 9), (0, 3), (1, 2), (1, 8), (0, 6), (0, 9), (6, 7)]","[1.0, 1.0, 1.0, 1.0, 1.0, 1.0, 1.0, 1.0, 1.0, 1.0, 1.0, 1.0, 1.0, 1.0, 1.0, 1.0, 1.0, 1.0, 1.0, 1.0, 1.0, 1.0, 1.0, 1.0, 1.0, 1.0, 1.0, 1.0, 1.0, 1.0]"
be7b593d,10,9,3,75.0,False,True,"[1, 1, 1]",6.271621605910759,9.000000022081963,9.000000022081963,,,,,4.499998605472315,4.499998605472315,4.499998605472315,4.499998605472315,"[4.499998605472315, 4.497087564117188, 4.49981720228284, 4.4994649841657175, 4.498499286006911, 4.498750334640053, 4.499497486304564, 4.499956268368441, 4.4999323511407985, 4.499660096967382, 4.4994593495529225, 4.499472648444445, 4.499643290485547, 4.4998402996854265, 4.499966088813604, 4.499993056907089, 4.499948604583706, 4.499882363018426, 4.499836973212199, 4.499832134409185, 4.499863403028459, 4.499911304697863, 4.499954146423669, 4.499978019766825, 4.499980896697154, 4.499970710883503, 4.499959497448969, 4.499956593604385, 4.499964683351886, 4.499979924849582, 4.499995656643139, 4.500007241451232, 4.500015424007256, 4.500026829519675, 4.500051864899825, 4.5001020897466475, 4.500189808369932, 4.50033295316493, 4.500566232076534, 4.5009598535095305, 4.501648625252236, 4.502869092764629, 4.504988413432665, 4.508491906098054, 4.513899652934326, 4.521623418102898, 4.531809768368213, 4.54418380743511, 4.557882536814931, 4.571345614227359, 4.5828701238589495, 4.591799127900007, 4.598421825366136, 4.60387494496297, 4.609306681290441, 4.615240717192026, 4.621657613710014, 4.628455775987683, 4.6356696789776946, 4.643491685259203, 4.6521115847447625, 4.661532688638301, 4.6715604496344545, 4.681892871974181, 4.692215140698559, 4.702283459243276, 4.711989342822795, 4.721385860627634, 4.730664108742341, 4.740091581874884, 4.749940981301069, 4.760432636227158, 4.771708136090574, 4.783830534504965, 4.796814059309739, 4.810669020320079]",75,0.7175175557835379,,0.31067041484776414,0.31067041484776414,4.810669020320079,,0.7670534548490954,,,,224.1264364719391,224.25388407707214,True,0.12906837463378906,0.0016050338745117188,0.0,0.12906837463378906,Results/warm_start_cache/random_graphs_8to14vertices_78instances_20260625_143415_AdjacencyList__filehash_a79662a0/hog_idx000022_edcec7e94746_seed42_L1_M1_amplified.npz,224.14006114006042,2026-08-29 16:35:13,x86_64,dacsgpu0002,,64,64,3.11.15,1.0,True,False,True,False,,False,True,True,False,adam,False,hamqaoa,0.005,standard,1,1,42,scs,1e-06,100000,False,False,False,hog,False,False,False,False,False,False,True,1,HOG_graphs/random_graphs_8to14vertices_78instances_20260625_143415_AdjacencyList.txt,True,Results/warm_start_cache,512,60,0,16,1,1,0,0,5,0,5,10,42,True,_Exp4_v2_standardZeroAngles,1,42,22,"[(3, 9), (2, 3), (0, 7), (7, 9), (6, 8), (0, 6), (4, 9), (4, 5), (1, 7)]","[1.0, 1.0, 1.0, 1.0, 1.0, 1.0, 1.0, 1.0, 1.0]"
ebeb67d6,10,9,4,75.0,False,True,"[1, 1, 1]",6.271621605910759,9.000000022081963,9.000000022081963,,,,,4.499998605472315,4.499998605472315,4.499998605472315,4.499998605472315,"[4.499998605472315, 4.494950358842802, 4.499690085210692, 4.499116685779751, 4.497508300709357, 4.4978825911430205, 4.499085729667244, 4.499876143969381, 4.499953296081175, 4.499624857011313, 4.4993089889234, 4.499232260850707, 4.499386081670505, 4.4996388183437395, 4.499859837593891, 4.499980345082178, 4.499999198200234, 4.499957635835129, 4.499908257353274, 4.499890410664561, 4.499918619328269, 4.499986642253509, 4.500082724938734, 4.500208145857682, 4.500393406575416, 4.500708081155823, 4.501270902074051, 4.502273292557697, 4.5040244934668445, 4.506998753607664, 4.511808472659489, 4.5190338252560736, 4.528942990590429, 4.541187960592743, 4.554567092781216, 4.567577164919118, 4.578963722548608, 4.588035705359179, 4.595429940311215, 4.602132429498096, 4.608530266940479, 4.61497401356495, 4.622282096620429, 4.6310162834475745, 4.641268578345714, 4.6529234224255065, 4.665769527992333, 4.679523502755058, 4.6938449382912415, 4.708443542280102, 4.723198787759893, 4.738236469294238, 4.753907550694044, 4.770654870245252, 4.788874134794195, 4.808833012546061, 4.830637149581385, 4.854242481208993, 4.879523217316731, 4.906364395766839, 4.93472144130762, 4.964616324835515, 4.996097780304426, 5.029181843100543, 5.063821911845736, 5.099934392989341, 5.137408555584645, 5.176086433330334, 5.215778822423427, 5.256282969718546, 5.297323031572745, 5.3386330479769475, 5.379945180097348, 5.4209984496512025, 5.461566075179157, 5.501398824046782]",75,0.7175175557835379,,1.0014002185744673,1.0014002185744673,5.501398824046782,,0.8771892135300268,,,,231.2923605442047,231.42011165618896,True,0.12906837463378906,0.0013031959533691406,0.0,0.12906837463378906,Results/warm_start_cache/random_graphs_8to14vertices_78instances_20260625_143415_AdjacencyList__filehash_a79662a0/hog_idx000022_edcec7e94746_seed42_L1_M1_amplified.npz,231.30110454559326,2026-08-29 16:35:20,x86_64,dacsgpu0002,,64,64,3.11.15,1.23,True,False,True,False,,False,True,True,False,adam,False,hamqaoa,0.005,standard,1,1,42,scs,1e-06,100000,False,False,False,hog,False,False,False,False,False,False,True,1,HOG_graphs/random_graphs_8to14vertices_78instances_20260625_143415_AdjacencyList.txt,True,Results/warm_start_cache,512,60,0,16,1,1,0,0,5,0,5,10,42,True,_Exp4_v2_standardZeroAngles,1,42,22,"[(3, 9), (2, 3), (0, 7), (7, 9), (6, 8), (0, 6), (4, 9), (4, 5), (1, 7)]","[1.0, 1.0, 1.0, 1.0, 1.0, 1.0, 1.0, 1.0, 1.0]"
c533eb97,10,30,3,75.0,False,True,"[1, 1, 1]",13.11746614058643,16.913229448031963,16.913229448031963,,,,,10.597365778610552,10.597365778610563,10.597365778610557,10.597365778610557,"[10.597365778610557, 10.588322148287496, 10.59690670503767, 10.595739774849465, 10.592564797207539, 10.593969137478428, 10.596637430087386, 10.597332681650967, 10.596044097314792, 10.595056534278969, 10.595605468088024, 10.59688194752187, 10.597543720250922, 10.597126700277096, 10.59635717096364, 10.596187644814531, 10.596743748492026, 10.597408129052722, 10.597580968418786, 10.597243008921613, 10.596881915768016, 10.596910781596412, 10.597261298577553, 10.597552776544713, 10.597536042033022, 10.597327856609114, 10.59722956937191, 10.597368843614792, 10.597586244966466, 10.597655948419424, 10.597549577492277, 10.597445601271286, 10.597496318565875, 10.597653842138586, 10.59775395636298, 10.597722754178857, 10.597651921602871, 10.597667127100467, 10.597771597037276, 10.597863459096228, 10.597878843651886, 10.597864605798428, 10.597902000399566, 10.597998343297796, 10.598093495883266, 10.59815382237004, 10.598214906287414, 10.598323850826555, 10.598475599940949, 10.598631525719012, 10.598783243018715, 10.598966782949386, 10.599214558904732, 10.59951934653589, 10.599858455067148, 10.600233360873311, 10.600669794652568, 10.601186065732675, 10.601780690202036, 10.602453429995375, 10.603231522052756, 10.604169595314183, 10.605331073228738, 10.606777168278091, 10.608575418198841, 10.610813315123051, 10.613601291935515, 10.617072956190695, 10.62138433731066, 10.626719882832829, 10.633288864859386, 10.641306751390752, 10.650974747346792, 10.662463705287756, 10.675906301403955, 10.691364211430933]",75,0.8078820760833918,,0.09399843282037068,0.09399843282038134,10.691364211430933,,0.8150479747266925,,,,228.57888555526733,228.79114770889282,True,0.2209761142730713,0.008697032928466797,0.0,0.2209761142730713,Results/warm_start_cache/random_graphs_8to14vertices_78instances_20260625_143415_AdjacencyList__filehash_a79662a0/hog_idx000032_8a2cd1945660_seed42_L1_M1_amplified.npz,228.60723114013672,2026-08-29 16:35:21,x86_64,dacsgpu0002,,64,64,3.11.15,1.0,False,False,False,False,,False,True,False,False,adam,False,hamqaoa,0.005,standard,1,1,42,scs,1e-06,100000,False,False,False,hog,False,False,False,False,False,False,True,1,HOG_graphs/random_graphs_8to14vertices_78instances_20260625_143415_AdjacencyList.txt,True,Results/warm_start_cache,512,60,0,16,1,1,0,0,5,0,5,10,42,True,_Exp4_v2_standardZeroAngles,1,42,32,"[(2, 3), (3, 5), (2, 9), (4, 6), (7, 8), (0, 5), (1, 4), (0, 8), (6, 9), (5, 7), (3, 4), (4, 5), (4, 8), (8, 9), (1, 3), (0, 1), (1, 9), (0, 7), (5, 6), (3, 6), (2, 4), (2, 7), (4, 7), (7, 9), (0, 3), (1, 2), (1, 8), (0, 6), (0, 9), (6, 7)]","[1.0, 1.0, 1.0, 1.0, 1.0, 1.0, 1.0, 1.0, 1.0, 1.0, 1.0, 1.0, 1.0, 1.0, 1.0, 1.0, 1.0, 1.0, 1.0, 1.0, 1.0, 1.0, 1.0, 1.0, 1.0, 1.0, 1.0, 1.0, 1.0, 1.0]"
72f8edcd,10,30,4,75.0,False,True,"[1, 1, 1]",13.11746614058643,16.913229448031963,16.913229448031963,,,,,10.597365778610552,10.597365778610563,10.597365778610557,10.597365778610557,"[10.597365778610557, 10.580391081182572, 10.596391483348553, 10.594003509696886, 10.588077109161155, 10.590699571544175, 10.595762334183872, 10.597297892246551, 10.595004514157864, 10.592885735365567, 10.593527135515425, 10.595829977428384, 10.597416610105185, 10.597112219705734, 10.595752736856214, 10.595023344423593, 10.595611824020791, 10.59681025715084, 10.597521945614604, 10.597309311583345, 10.596645514423418, 10.59630940602756, 10.59660909630443, 10.597213660499735, 10.59759012204075, 10.597515636967742, 10.59722657677147, 10.597123428000684, 10.597360358832349, 10.597739197983234, 10.597963032860115, 10.597940657605575, 10.597843728975743, 10.597901579291465, 10.598173632235918, 10.59852313556125, 10.598781120711456, 10.59891231128984, 10.599027913038853, 10.599247134072248, 10.599572058862718, 10.599898952431806, 10.600133308167637, 10.600279762583844, 10.6004250469753, 10.600646699130776, 10.600952140371437, 10.601296620752814, 10.601646781882353, 10.60202637756994, 10.602501791505809, 10.603132022828945, 10.6039517045979, 10.605011390304355, 10.606431438503952, 10.608424521199085, 10.611283544289547, 10.615370064817585, 10.621146103903154, 10.62924366937245, 10.640398001564144, 10.655288992935617, 10.674286093912666, 10.697116311992781, 10.722606281947144, 10.748818102286616, 10.773859548820685, 10.796882350019656, 10.818971433176246, 10.8422145098375, 10.867536292335531, 10.894630229909708, 10.922965283129207, 10.952007531078367, 10.980786177777205, 11.008194668960545]",75,0.8078820760833918,,0.4108288903499826,0.41082889034999326,11.008194668960545,,0.8392013023689354,,,,236.70431661605835,236.92380738258362,True,0.2209761142730713,0.0014750957489013672,0.0,0.2209761142730713,Results/warm_start_cache/random_graphs_8to14vertices_78instances_20260625_143415_AdjacencyList__filehash_a79662a0/hog_idx000032_8a2cd1945660_seed42_L1_M1_amplified.npz,236.712096452713,2026-08-29 16:35:25,x86_64,dacsgpu0002,,64,64,3.11.15,1.24,False,False,False,False,,False,True,False,False,adam,False,hamqaoa,0.005,standard,1,1,42,scs,1e-06,100000,False,False,False,hog,False,False,False,False,False,False,True,1,HOG_graphs/random_graphs_8to14vertices_78instances_20260625_143415_AdjacencyList.txt,True,Results/warm_start_cache,512,60,0,16,1,1,0,0,5,0,5,10,42,True,_Exp4_v2_standardZeroAngles,1,42,32,"[(2, 3), (3, 5), (2, 9), (4, 6), (7, 8), (0, 5), (1, 4), (0, 8), (6, 9), (5, 7), (3, 4), (4, 5), (4, 8), (8, 9), (1, 3), (0, 1), (1, 9), (0, 7), (5, 6), (3, 6), (2, 4), (2, 7), (4, 7), (7, 9), (0, 3), (1, 2), (1, 8), (0, 6), (0, 9), (6, 7)]","[1.0, 1.0, 1.0, 1.0, 1.0, 1.0, 1.0, 1.0, 1.0, 1.0, 1.0, 1.0, 1.0, 1.0, 1.0, 1.0, 1.0, 1.0, 1.0, 1.0, 1.0, 1.0, 1.0, 1.0, 1.0, 1.0, 1.0, 1.0, 1.0, 1.0]"
64f67475,10,9,5,75.0,False,True,"[1, 1, 1]",6.271621605910759,9.000000022081963,9.000000022081963,,,,,4.499998605472315,4.499998605472315,4.499998605472315,4.499998605472315,"[4.499998605472315, 4.4923145003103, 4.499538492742672, 4.4987233024696, 4.496390531018658, 4.496885027524378, 4.498579743039966, 4.499744457429396, 4.499978645071434, 4.499661716812259, 4.49928230716322, 4.4991248384167735, 4.49923553013057, 4.499514205074599, 4.49982591578419, 4.500080712209439, 4.500270226197413, 4.5004669951782725, 4.500800460204602, 4.501435964605655, 4.502588417667815, 4.5045852462351705, 4.507939795338754, 4.513337294615704, 4.521423368626255, 4.532433242185278, 4.545875985548887, 4.560530295497065, 4.574665523221799, 4.586850146395675, 4.596622030246629, 4.604467177750932, 4.61135132208338, 4.618624026647701, 4.627608681183312, 4.639103705489661, 4.653219103491773, 4.669598833518019, 4.687774230112978, 4.707249242907903, 4.727647296907755, 4.748768486723851, 4.770629666248537, 4.79344684555679, 4.817572271364429, 4.8434946779147525, 4.8717217104875, 4.902598632338582, 4.936208410947809, 4.972407995226933, 5.010998938121977, 5.051882901151988, 5.095063481273539, 5.140583179918022, 5.188407740732141, 5.2383381346672095, 5.289978850984536, 5.342767983395828, 5.396036576857023, 5.449072285701072, 5.501156185018525, 5.551569096207452, 5.599605950005243, 5.644606323630988, 5.686000023025267, 5.723362723992233, 5.756464881204892, 5.785313472050021, 5.810170993294343, 5.831530678425455, 5.850036813679905, 5.8663619231444155, 5.881073852581216, 5.894542456039729, 5.906919289337521, 5.918198887607477]",75,0.7175175557835379,,1.418200282135162,1.418200282135162,5.918198887607477,,0.943647314759839,,,,238.4028024673462,238.53034925460815,True,0.12906837463378906,0.0015034675598144531,0.0,0.12906837463378906,Results/warm_start_cache/random_graphs_8to14vertices_78instances_20260625_143415_AdjacencyList__filehash_a79662a0/hog_idx000022_edcec7e94746_seed42_L1_M1_amplified.npz,238.41389346122742,2026-08-29 16:35:27,x86_64,dacsgpu0002,,64,64,3.11.15,1.48,True,False,True,False,,False,True,True,False,adam,False,hamqaoa,0.005,standard,1,1,42,scs,1e-06,100000,False,False,False,hog,False,False,False,False,False,False,True,1,HOG_graphs/random_graphs_8to14vertices_78instances_20260625_143415_AdjacencyList.txt,True,Results/warm_start_cache,512,60,0,16,1,1,0,0,5,0,5,10,42,True,_Exp4_v2_standardZeroAngles,1,42,22,"[(3, 9), (2, 3), (0, 7), (7, 9), (6, 8), (0, 6), (4, 9), (4, 5), (1, 7)]","[1.0, 1.0, 1.0, 1.0, 1.0, 1.0, 1.0, 1.0, 1.0]"
f991c030,10,30,5,75.0,False,True,"[1, 1, 1]",13.11746614058643,16.913229448031963,16.913229448031963,,,,,10.597365778610552,10.597365778610563,10.597365778610557,10.597365778610557,"[10.597365778610557, 10.570022711480759, 10.595714238170338, 10.591754771797467, 10.582220703976096, 10.586383813899403, 10.594572594661608, 10.59728353447522, 10.593773558071504, 10.590173857116591, 10.59082385962568, 10.594357163962629, 10.597154147274724, 10.597148665242889, 10.595211793911783, 10.593792549891917, 10.594273623930958, 10.5959889314863, 10.597382167721747, 10.597527970365393, 10.596731298528951, 10.595994933866004, 10.59603494736377, 10.596779678377702, 10.597627228691314, 10.59803494223448, 10.597928887198554, 10.597682271675241, 10.597729320704367, 10.598177537327418, 10.598778047286688, 10.599206855226441, 10.599352644033479, 10.599372576566134, 10.599509409187698, 10.599875454187162, 10.600387068465077, 10.600903344787316, 10.601393972921441, 10.601937766841912, 10.602679573142154, 10.60375510910955, 10.605260698242928, 10.607306056796341, 10.61011404002165, 10.614107461642062, 10.619947729581625, 10.628510562636183, 10.640801139581912, 10.65775968875029, 10.67990297341882, 10.706859581284865, 10.737135511609237, 10.768492481790968, 10.79905934080928, 10.828708098564046, 10.85993952341227, 10.895653234208247, 10.93604644878278, 10.97823012150089, 11.01781185790654, 11.051125546972349, 11.077277872990171, 11.098125600218031, 11.115687801558575, 11.129976898366909, 11.139466122970637, 11.143241793220504, 11.14266997431535, 11.141009126719979, 11.141139130926517, 11.143774923658787, 11.147704521995657, 11.151340312301828, 11.154096302426534, 11.156632216900817]",75,0.8078820760833918,,0.5592664382902548,0.5592664382902655,11.156632216900817,,0.8505173253225603,,,,246.79800629615784,247.01774215698242,True,0.2209761142730713,0.001230001449584961,0.0,0.2209761142730713,Results/warm_start_cache/random_graphs_8to14vertices_78instances_20260625_143415_AdjacencyList__filehash_a79662a0/hog_idx000032_8a2cd1945660_seed42_L1_M1_amplified.npz,246.8054177761078,2026-08-29 16:35:35,x86_64,dacsgpu0002,,64,64,3.11.15,1.48,False,False,False,False,,False,True,False,False,adam,False,hamqaoa,0.005,standard,1,1,42,scs,1e-06,100000,False,False,False,hog,False,False,False,False,False,False,True,1,HOG_graphs/random_graphs_8to14vertices_78instances_20260625_143415_AdjacencyList.txt,True,Results/warm_start_cache,512,60,0,16,1,1,0,0,5,0,5,10,42,True,_Exp4_v2_standardZeroAngles,1,42,32,"[(2, 3), (3, 5), (2, 9), (4, 6), (7, 8), (0, 5), (1, 4), (0, 8), (6, 9), (5, 7), (3, 4), (4, 5), (4, 8), (8, 9), (1, 3), (0, 1), (1, 9), (0, 7), (5, 6), (3, 6), (2, 4), (2, 7), (4, 7), (7, 9), (0, 3), (1, 2), (1, 8), (0, 6), (0, 9), (6, 7)]","[1.0, 1.0, 1.0, 1.0, 1.0, 1.0, 1.0, 1.0, 1.0, 1.0, 1.0, 1.0, 1.0, 1.0, 1.0, 1.0, 1.0, 1.0, 1.0, 1.0, 1.0, 1.0, 1.0, 1.0, 1.0, 1.0, 1.0, 1.0, 1.0, 1.0]"
5d393988,9,27,1,75.0,False,True,"[1, 1, 1]",11.151517664061469,14.130861042927465,14.130861042927465,,,,,9.128882050086158,9.128882050086155,9.128882050086155,9.128882050086155,"[9.128882050086155, 9.133189066424833, 9.135896737347286, 9.137037501263048, 9.136894157687292, 9.136105951143305, 9.135430709682336, 9.135279710779585, 9.135626882458778, 9.136242489497494, 9.136878195126888, 9.137353486861358, 9.137590863268606, 9.137614414028203, 9.137516536654413, 9.137412878626288, 9.137401222702124, 9.137533130341968, 9.137806132177472, 9.138174677286997, 9.138573978668209, 9.138946056743647, 9.139262292126862, 9.139534878029043, 9.139812106484584, 9.140159334336342, 9.140633474521334, 9.141264564434962, 9.142053670329545, 9.142985780640275, 9.144049480478364, 9.145254923121342, 9.146641528709985, 9.14827359084031, 9.150225518736592, 9.15256921837905, 9.155370162922196, 9.158689716193697, 9.162592151392543, 9.167146193931394, 9.172423207466222, 9.17849211965407, 9.185413697129974, 9.19323663044797, 9.20199521642606, 9.211707626551808, 9.222374750529674, 9.23397903888799, 9.246483096629909, 9.259828333664002, 9.27393368336397, 9.288694202942517, 9.303980697302729, 9.319639301184669, 9.335492215627736, 9.351339102226264, 9.366959949704832, 9.38211861272907, 9.396569022101714, 9.410062469831836, 9.422356646132465, 9.43322828754465, 9.44248653202771, 9.449989311448586, 9.455661003148146, 9.459509784836477, 9.461642145860317, 9.4622689384355, 9.461698624595218, 9.460313510230685, 9.458529471233627, 9.456746423640178, 9.45529947080648, 9.454425650581065, 9.454249411313542, 9.45478842748594]",75,0.8186223906998992,,0.3259063773997859,0.32590637739978234,9.45478842748594,,0.8478476842624157,,,,48.770878314971924,48.91894173622131,True,0.14992761611938477,0.001848459243774414,0.0,0.14992761611938477,Results/warm_start_cache/random_graphs_8to14vertices_78instances_20260625_143415_AdjacencyList__filehash_a79662a0/hog_idx000020_ff6498e8ff43_seed42_L1_M1_amplified.npz,48.77798867225647,2026-08-29 16:39:29,x86_64,dacsgpu0002,,64,64,3.11.15,0.3,False,False,False,False,,True,True,False,False,adam,False,hamqaoa,0.005,standard,1,1,42,scs,1e-06,100000,False,False,False,hog,False,False,False,False,False,False,True,1,HOG_graphs/random_graphs_8to14vertices_78instances_20260625_143415_AdjacencyList.txt,True,Results/warm_start_cache,512,60,0,16,1,1,0,0,5,0,5,10,42,True,_Exp4_v2_standardZeroAngles,1,42,20,"[(2, 3), (2, 6), (3, 5), (7, 8), (0, 2), (0, 8), (1, 7), (5, 7), (2, 8), (4, 5), (3, 7), (4, 8), (1, 3), (0, 1), (1, 6), (6, 8), (5, 6), (3, 6), (2, 4), (2, 7), (4, 7), (0, 3), (1, 8), (0, 6), (1, 5), (5, 8), (6, 7)]","[1.0, 1.0, 1.0, 1.0, 1.0, 1.0, 1.0, 1.0, 1.0, 1.0, 1.0, 1.0, 1.0, 1.0, 1.0, 1.0, 1.0, 1.0, 1.0, 1.0, 1.0, 1.0, 1.0, 1.0, 1.0, 1.0, 1.0]"
6bdc3bfc,9,27,2,75.0,False,True,"[1, 1, 1]",11.151517664061469,14.130861042927465,14.130861042927465,,,,,9.128882050086158,9.128882050086155,9.128882050086155,9.128882050086155,"[9.128882050086155, 9.13598148817653, 9.13692017617316, 9.134839491453393, 9.134178547766414, 9.135375520885544, 9.137013475656396, 9.137993824580981, 9.138025532220754, 9.137573424456203, 9.137391626432784, 9.137875695083167, 9.138865489936846, 9.139915117584849, 9.140660822469165, 9.14108226686069, 9.141508887230872, 9.142334440920035, 9.143703334416946, 9.145465873318884, 9.147381870727632, 9.149372784747328, 9.151627341927421, 9.154459861402945, 9.158071559166984, 9.162467168835427, 9.167545093098735, 9.173223610019441, 9.179514515727892, 9.186522072247733, 9.194362144312041, 9.203064020754843, 9.212562293492827, 9.222791605233759, 9.23375995597728, 9.245527006700263, 9.258119005584124, 9.271468947769371, 9.285438594302704, 9.299889812910875, 9.314729059673168, 9.329879264617379, 9.345215125473707, 9.360542948886032, 9.375644055738476, 9.390320420720219, 9.404392929537345, 9.41767469401347, 9.429973301172033, 9.44113086369853, 9.45106994944215, 9.45981264116314, 9.467467455848459, 9.474225966097281, 9.480379153705329, 9.486329481369689, 9.4925653712623, 9.499605616246823, 9.507943148147149, 9.518006230304254, 9.530132349329667, 9.544546415712707, 9.561344515508925, 9.580487738037837, 9.601802740199675, 9.624986954933217, 9.649620076699303, 9.675185899667255, 9.701114044979825, 9.726843292637529, 9.751902891934233, 9.775980123822295, 9.798926271919271, 9.820688443939863, 9.841217738611235, 9.860430767109406]",75,0.8186223906998992,,0.7315487170232515,0.731548717023248,9.860430767109406,,0.8842232119567984,,,,58.91996717453003,59.068559646606445,True,0.14992761611938477,0.0013175010681152344,0.0,0.14992761611938477,Results/warm_start_cache/random_graphs_8to14vertices_78instances_20260625_143415_AdjacencyList__filehash_a79662a0/hog_idx000020_ff6498e8ff43_seed42_L1_M1_amplified.npz,58.92819166183472,2026-08-29 16:39:40,x86_64,dacsgpu0002,,64,64,3.11.15,0.36,False,False,False,False,,True,True,False,False,adam,False,hamqaoa,0.005,standard,1,1,42,scs,1e-06,100000,False,False,False,hog,False,False,False,False,False,False,True,1,HOG_graphs/random_graphs_8to14vertices_78instances_20260625_143415_AdjacencyList.txt,True,Results/warm_start_cache,512,60,0,16,1,1,0,0,5,0,5,10,42,True,_Exp4_v2_standardZeroAngles,1,42,20,"[(2, 3), (2, 6), (3, 5), (7, 8), (0, 2), (0, 8), (1, 7), (5, 7), (2, 8), (4, 5), (3, 7), (4, 8), (1, 3), (0, 1), (1, 6), (6, 8), (5, 6), (3, 6), (2, 4), (2, 7), (4, 7), (0, 3), (1, 8), (0, 6), (1, 5), (5, 8), (6, 7)]","[1.0, 1.0, 1.0, 1.0, 1.0, 1.0, 1.0, 1.0, 1.0, 1.0, 1.0, 1.0, 1.0, 1.0, 1.0, 1.0, 1.0, 1.0, 1.0, 1.0, 1.0, 1.0, 1.0, 1.0, 1.0, 1.0, 1.0]"
e508ce21,9,27,3,75.0,False,True,"[1, 1, 1]",11.151517664061469,14.130861042927465,14.130861042927465,,,,,9.128882050086158,9.128882050086155,9.128882050086155,9.128882050086155,"[9.128882050086155, 9.137183990558292, 9.13414639977312, 9.13319749316087, 9.135764181791023, 9.13785419893756, 9.137822308083543, 9.136803502142964, 9.13677763879345, 9.138112217218245, 9.139711058789961, 9.140499218821848, 9.140537793188338, 9.140909632933408, 9.142345290911802, 9.144481974054361, 9.146541283286187, 9.148365095576963, 9.150665897509457, 9.154132083430577, 9.158732131512465, 9.16406848078705, 9.170027196206215, 9.176973498828627, 9.185373805906659, 9.195387830940673, 9.206973780016911, 9.220223817366428, 9.235443612925364, 9.252956733598044, 9.272903875580695, 9.2952260047103, 9.31974949082349, 9.346266715792432, 9.374559587732204, 9.404354331144113, 9.435259952196736, 9.466759291004319, 9.498253750169777, 9.529129520764963, 9.55882352445341, 9.58688514546662, 9.613034515252961, 9.637206776047407, 9.65957041011894, 9.680496278056555, 9.700467130257708, 9.71994772257828, 9.739256778032358, 9.758501767702098, 9.777602412716492, 9.796378950589377, 9.814650269423886, 9.83228932126691, 9.849228704771969, 9.865433225655242, 9.880875604050177, 9.895522561229416, 9.909323664898915, 9.922210021648862, 9.934106809681904, 9.944969330148975, 9.95483165350349, 9.963832982526034, 9.97219505897776, 9.980156102723187, 9.987903668357943, 9.99554180277765, 10.003103872643148, 10.010582674857876, 10.017951970582383, 10.02517253406825, 10.032192839054927, 10.038956304244055, 10.045413117020345, 10.05152615115765]",75,0.8186223906998992,,0.9226441010714961,0.9226441010714925,10.05152615115765,,0.9013594789479809,,,,82.81444835662842,82.96311664581299,True,0.14992761611938477,0.0012426376342773438,0.0,0.14992761611938477,Results/warm_start_cache/random_graphs_8to14vertices_78instances_20260625_143415_AdjacencyList__filehash_a79662a0/hog_idx000020_ff6498e8ff43_seed42_L1_M1_amplified.npz,82.8228120803833,2026-08-29 16:40:03,x86_64,dacsgpu0002,,64,64,3.11.15,0.44,False,False,False,False,,True,True,False,False,adam,False,hamqaoa,0.005,standard,1,1,42,scs,1e-06,100000,False,False,False,hog,False,False,False,False,False,False,True,1,HOG_graphs/random_graphs_8to14vertices_78instances_20260625_143415_AdjacencyList.txt,True,Results/warm_start_cache,512,60,0,16,1,1,0,0,5,0,5,10,42,True,_Exp4_v2_standardZeroAngles,1,42,20,"[(2, 3), (2, 6), (3, 5), (7, 8), (0, 2), (0, 8), (1, 7), (5, 7), (2, 8), (4, 5), (3, 7), (4, 8), (1, 3), (0, 1), (1, 6), (6, 8), (5, 6), (3, 6), (2, 4), (2, 7), (4, 7), (0, 3), (1, 8), (0, 6), (1, 5), (5, 8), (6, 7)]","[1.0, 1.0, 1.0, 1.0, 1.0, 1.0, 1.0, 1.0, 1.0, 1.0, 1.0, 1.0, 1.0, 1.0, 1.0, 1.0, 1.0, 1.0, 1.0, 1.0, 1.0, 1.0, 1.0, 1.0, 1.0, 1.0, 1.0]"
8215785e,9,14,4,75.0,False,True,"[1, 1, 1]",7.4758416116024,10.109353298627228,10.109353298627228,,,,,5.624384012812429,5.624384012812433,5.624384012812433,5.624384012812433,"[5.624384012812433, 5.632691984937444, 5.63160295746138, 5.630270185682513, 5.6318114841300995, 5.633884111543091, 5.634857643196206, 5.634660649466521, 5.634118428079448, 5.633968826518236, 5.634414064731926, 5.63523337812591, 5.636042848930798, 5.636537865118164, 5.6366900081257025, 5.636775505741955, 5.637135193705757, 5.637900294538161, 5.638978513656899, 5.640229231171035, 5.641618466990039, 5.643262941497363, 5.645380653502509, 5.648201695977372, 5.651877477415521, 5.656391156354061, 5.661469271356351, 5.6665537479514665, 5.670872562221772, 5.6735562703892475, 5.674249092955749, 5.674147768800996, 5.675365902877714, 5.678723677697248, 5.683343075640007, 5.6877567382265815, 5.690937226747759, 5.692843034977191, 5.694333163068374, 5.69647678885492, 5.699862069456343, 5.704419692732285, 5.709619440366863, 5.714811611426859, 5.719651439013399, 5.724419404612843, 5.729855512872382, 5.736501775101987, 5.744241015900036, 5.752533511292859, 5.761017572204693, 5.769857940909861, 5.779584463076885, 5.790663866978743, 5.803237456403339, 5.8171960313667075, 5.832454931807792, 5.849173675638293, 5.867696459313519, 5.888264981835062, 5.910810075483422, 5.935038439589333, 5.960696458638514, 5.987687885536282, 6.015888268756173, 6.04490678941302, 6.07409903110727, 6.102780205786583, 6.130393428076672, 6.156478922627421, 6.180554956319678, 6.2021425981307, 6.220941059176603, 6.236925042529836, 6.250267450749258, 6.261262512121414]",75,0.7523412486539935,,0.6368784993089811,0.6368784993089847,6.261262512121414,,0.837532793953797,,,,89.14131188392639,89.24797463417053,True,0.10822582244873047,0.0015463829040527344,0.0,0.10822582244873047,Results/warm_start_cache/random_graphs_8to14vertices_78instances_20260625_143415_AdjacencyList__filehash_a79662a0/hog_idx000016_6c2ea510a127_seed42_L1_M1_amplified.npz,89.15680360794067,2026-08-29 16:40:10,x86_64,dacsgpu0002,,64,64,3.11.15,0.5,False,False,False,False,,False,False,True,False,adam,False,hamqaoa,0.005,standard,1,1,42,scs,1e-06,100000,False,False,False,hog,False,False,False,False,False,False,True,1,HOG_graphs/random_graphs_8to14vertices_78instances_20260625_143415_AdjacencyList.txt,True,Results/warm_start_cache,512,60,0,16,1,1,0,0,5,0,5,10,42,True,_Exp4_v2_standardZeroAngles,1,42,16,"[(0, 1), (2, 3), (1, 6), (0, 4), (3, 8), (5, 7), (0, 7), (0, 3), (0, 6), (1, 5), (2, 8), (4, 5), (1, 4), (0, 2)]","[1.0, 1.0, 1.0, 1.0, 1.0, 1.0, 1.0, 1.0, 1.0, 1.0, 1.0, 1.0, 1.0, 1.0]"
6a1e1f9e,9,27,4,75.0,False,True,"[1, 1, 1]",11.151517664061469,14.130861042927465,14.130861042927465,,,,,9.128882050086158,9.128882050086155,9.128882050086155,9.128882050086155,"[9.128882050086155, 9.136725292231688, 9.131688800473201, 9.134418968510067, 9.137737138473899, 9.13738748895162, 9.135819964994866, 9.136494216963543, 9.138757687834698, 9.140126014734655, 9.139860836855641, 9.139889884483967, 9.141685486927827, 9.144270115764485, 9.146170926330864, 9.14778821959942, 9.150796654950888, 9.155566242831535, 9.161195270370305, 9.167339867369877, 9.174833618953985, 9.184508935116995, 9.196310138688872, 9.210057197177107, 9.22622410477249, 9.245590543932652, 9.268568687570841, 9.295145447361762, 9.325174925604639, 9.358509247789074, 9.394857797876957, 9.433607947571543, 9.473795211553451, 9.514195529370953, 9.55347094995374, 9.590345420903242, 9.623798053412061, 9.653247417441527, 9.678676550983342, 9.700651045304381, 9.720196688507766, 9.738519603652028, 9.756651345055293, 9.775217931760029, 9.794450422124592, 9.814337162134459, 9.834751644862672, 9.855476318338997, 9.876164960748836, 9.896330174885028, 9.915393564847076, 9.932795843502817, 9.948131851045153, 9.961283224252591, 9.972481825774755, 9.982237766734537, 9.991141383844974, 9.999652799121346, 10.007998326537622, 10.01619633740503, 10.024152586281287, 10.031753835392228, 10.038923466768516, 10.045636540712888, 10.051908382573565, 10.057779318008206, 10.063308852408241, 10.068575966076486, 10.073670642172623, 10.07867143040142, 10.083619663797514, 10.088504503770736, 10.09326312920447, 10.097799136749822, 10.102022288775085, 10.105895752205674]",75,0.8186223906998992,,0.9770137021195193,0.9770137021195158,10.105895752205674,,0.9062350127260641,,,,96.0340428352356,96.1825954914093,True,0.14992761611938477,0.0013582706451416016,0.0,0.14992761611938477,Results/warm_start_cache/random_graphs_8to14vertices_78instances_20260625_143415_AdjacencyList__filehash_a79662a0/hog_idx000020_ff6498e8ff43_seed42_L1_M1_amplified.npz,96.04878616333008,2026-08-29 16:40:17,x86_64,dacsgpu0002,,64,64,3.11.15,0.5,False,False,False,False,,True,True,False,False,adam,False,hamqaoa,0.005,standard,1,1,42,scs,1e-06,100000,False,False,False,hog,False,False,False,False,False,False,True,1,HOG_graphs/random_graphs_8to14vertices_78instances_20260625_143415_AdjacencyList.txt,True,Results/warm_start_cache,512,60,0,16,1,1,0,0,5,0,5,10,42,True,_Exp4_v2_standardZeroAngles,1,42,20,"[(2, 3), (2, 6), (3, 5), (7, 8), (0, 2), (0, 8), (1, 7), (5, 7), (2, 8), (4, 5), (3, 7), (4, 8), (1, 3), (0, 1), (1, 6), (6, 8), (5, 6), (3, 6), (2, 4), (2, 7), (4, 7), (0, 3), (1, 8), (0, 6), (1, 5), (5, 8), (6, 7)]","[1.0, 1.0, 1.0, 1.0, 1.0, 1.0, 1.0, 1.0, 1.0, 1.0, 1.0, 1.0, 1.0, 1.0, 1.0, 1.0, 1.0, 1.0, 1.0, 1.0, 1.0, 1.0, 1.0, 1.0, 1.0, 1.0, 1.0]"
63f9967d,9,14,5,75.0,False,True,"[1, 1, 1]",7.4758416116024,10.109353298627228,10.109353298627228,,,,,5.624384012812429,5.624384012812433,5.624384012812433,5.624384012812433,"[5.624384012812433, 5.633172443316873, 5.630487031361408, 5.630522384831666, 5.633198959197905, 5.6350068590088735, 5.635035960938871, 5.6343980330210774, 5.634309301875794, 5.635099218474863, 5.636438936288381, 5.637814323573787, 5.638924430526616, 5.639939747591737, 5.6413904940515405, 5.64372375316069, 5.647067143381918, 5.651325029677606, 5.656296445780315, 5.661647035672212, 5.666791201180022, 5.670865250058851, 5.673082622533938, 5.673888619248461, 5.675397151187176, 5.679080001550512, 5.684343068355263, 5.689608621590452, 5.693707900770863, 5.696679289992316, 5.699649549901228, 5.703828421907817, 5.7097247113159515, 5.717153833745528, 5.725569598617102, 5.734458518909993, 5.743741050683257, 5.753910597689136, 5.76570034086133, 5.779552758477515, 5.795354301674006, 5.812660680620416, 5.8312157921763115, 5.851277973533103, 5.873410761832887, 5.897988160616316, 5.924938888959785, 5.953876435694782, 5.984398789589317, 6.016233814561176, 6.0490903974302155, 6.082459323086107, 6.11566038254728, 6.148082534631834, 6.179337108680939, 6.2091436258666235, 6.237168432066796, 6.263098643029394, 6.286800285565611, 6.308305431413525, 6.327681220235921, 6.3449711225596195, 6.360239015142688, 6.373629414511697, 6.385380581860491, 6.395798571699656, 6.405221667188103, 6.4139952981349255, 6.422439953404041, 6.430807524720084, 6.439237787957923, 6.447750115967656, 6.45627514407218, 6.464704013963562, 6.472920010424651, 6.480806981642809]",75,0.7523412486539935,,0.8564229688303762,0.8564229688303797,6.480806981642809,,0.8668999850912691,,,,106.65906000137329,106.76498508453369,True,0.10822582244873047,0.002285003662109375,0.0,0.10822582244873047,Results/warm_start_cache/random_graphs_8to14vertices_78instances_20260625_143415_AdjacencyList__filehash_a79662a0/hog_idx000016_6c2ea510a127_seed42_L1_M1_amplified.npz,106.68508529663086,2026-08-29 16:40:27,x86_64,dacsgpu0002,,64,64,3.11.15,0.52,False,False,False,False,,False,False,True,False,adam,False,hamqaoa,0.005,standard,1,1,42,scs,1e-06,100000,False,False,False,hog,False,False,False,False,False,False,True,1,HOG_graphs/random_graphs_8to14vertices_78instances_20260625_143415_AdjacencyList.txt,True,Results/warm_start_cache,512,60,0,16,1,1,0,0,5,0,5,10,42,True,_Exp4_v2_standardZeroAngles,1,42,16,"[(0, 1), (2, 3), (1, 6), (0, 4), (3, 8), (5, 7), (0, 7), (0, 3), (0, 6), (1, 5), (2, 8), (4, 5), (1, 4), (0, 2)]","[1.0, 1.0, 1.0, 1.0, 1.0, 1.0, 1.0, 1.0, 1.0, 1.0, 1.0, 1.0, 1.0, 1.0]"
87ae6048,9,27,5,75.0,False,True,"[1, 1, 1]",11.151517664061469,14.130861042927465,14.130861042927465,,,,,9.128882050086158,9.128882050086155,9.128882050086155,9.128882050086155,"[9.128882050086155, 9.134538452923561, 9.131534269299621, 9.136158704424528, 9.137451161595566, 9.135402477930846, 9.135506804060936, 9.138006463414039, 9.139316590862618, 9.138439802676942, 9.138461060785081, 9.140594436577715, 9.142457435084472, 9.142876066977133, 9.144121992564072, 9.147452548249866, 9.151219325368768, 9.154722949072333, 9.159787633040256, 9.167335730292216, 9.176339572594376, 9.186931718824766, 9.200754815508366, 9.218572269360827, 9.240337499949502, 9.266342650389971, 9.297318540451673, 9.333701154794298, 9.37526208950242, 9.421253920341108, 9.470498414679138, 9.521348832682113, 9.571747702531088, 9.619433680484986, 9.662280340483663, 9.69873374239058, 9.728230046211534, 9.75139736949849, 9.76987668181903, 9.785798670134692, 9.801179992324832, 9.817499360914946, 9.835589756937141, 9.85567842838787, 9.877400771406762, 9.899851753538012, 9.921785096290051, 9.941919539542326, 9.95924777173361, 9.973273366218438, 9.984117841962465, 9.992425750961788, 9.999102320563576, 10.005026670328053, 10.010865370651839, 10.017016295301424, 10.02366159316221, 10.030856036261072, 10.038559350375786, 10.046599226468356, 10.054653149727953, 10.062328106381923, 10.06931774698749, 10.075535167807832, 10.081122331526316, 10.086332301164687, 10.091371734041786, 10.096312524654602, 10.101109686432734, 10.10569227047964, 10.110060369450524, 10.114314446146794, 10.118587295814786, 10.12293909614539, 10.127319320091344, 10.131620492249601]",75,0.8186223906998992,,1.0027384421634462,1.0027384421634427,10.131620492249601,,0.908541850308076,,,,122.13271594047546,122.28120517730713,True,0.14992761611938477,0.001422882080078125,0.0,0.14992761611938477,Results/warm_start_cache/random_graphs_8to14vertices_78instances_20260625_143415_AdjacencyList__filehash_a79662a0/hog_idx000020_ff6498e8ff43_seed42_L1_M1_amplified.npz,122.16565752029419,2026-08-29 16:40:43,x86_64,dacsgpu0002,,64,64,3.11.15,0.52,False,False,False,False,,True,True,False,False,adam,False,hamqaoa,0.005,standard,1,1,42,scs,1e-06,100000,False,False,False,hog,False,False,False,False,False,False,True,1,HOG_graphs/random_graphs_8to14vertices_78instances_20260625_143415_AdjacencyList.txt,True,Results/warm_start_cache,512,60,0,16,1,1,0,0,5,0,5,10,42,True,_Exp4_v2_standardZeroAngles,1,42,20,"[(2, 3), (2, 6), (3, 5), (7, 8), (0, 2), (0, 8), (1, 7), (5, 7), (2, 8), (4, 5), (3, 7), (4, 8), (1, 3), (0, 1), (1, 6), (6, 8), (5, 6), (3, 6), (2, 4), (2, 7), (4, 7), (0, 3), (1, 8), (0, 6), (1, 5), (5, 8), (6, 7)]","[1.0, 1.0, 1.0, 1.0, 1.0, 1.0, 1.0, 1.0, 1.0, 1.0, 1.0, 1.0, 1.0, 1.0, 1.0, 1.0, 1.0, 1.0, 1.0, 1.0, 1.0, 1.0, 1.0, 1.0, 1.0, 1.0, 1.0]"
b99f381f,10,16,1,75.0,False,True,"[1, 1, 1]",8.15217594877853,11.12499996411893,11.12499996411893,,,,,6.326384366415339,6.326384366415338,6.326384366415338,6.326384366415338,"[6.326384366415338, 6.326760680164795, 6.326742594890826, 6.326891106774298, 6.327103825610767, 6.3272605554508825, 6.3273324122241394, 6.3273742929033805, 6.327441279862829, 6.327528385537754, 6.3275952169223375, 6.327619969772747, 6.32762451611681, 6.3276450676681595, 6.327687586214985, 6.327728662477759, 6.3277496630316765, 6.327758022238325, 6.327774582936753, 6.327805735099373, 6.327838653452074, 6.327859627283384, 6.327871024505866, 6.327885455433585, 6.327907243095952, 6.3279275210574815, 6.3279372037000305, 6.327939074653828, 6.327942715484376, 6.327950459568784, 6.327955408594916, 6.327953290419007, 6.32794913350041, 6.3279492224729985, 6.327952037467114, 6.327952224373387, 6.327949782453161, 6.327949400738228, 6.3279521480849255, 6.327954099916176, 6.32795308492336, 6.327951917385543, 6.3279527683175285, 6.327953524524077, 6.327952167104816, 6.327950486530443, 6.327950579058355, 6.327951304784142, 6.327950988772966, 6.327950605921663, 6.327951522930132, 6.327952789761047, 6.327953111633327, 6.327953191061744, 6.327953950866159, 6.327954701625294, 6.327954698805674, 6.327954653830406, 6.3279551947114925, 6.327955694486422, 6.32795578213628, 6.327956099733255, 6.327956767326957, 6.327957190094839, 6.327957341057662, 6.327957684640131, 6.327958063061056, 6.327958121444963, 6.327958114402213, 6.327958283175358, 6.327958399806667, 6.327958348859352, 6.327958394516052, 6.327958550342155, 6.3279585800141245, 6.327958553579032]",75,0.7760362884909573,,0.001574187163694063,0.0015741871636931748,6.327958553579032,,0.7762293887348167,,,,184.45646047592163,184.60946917533875,True,0.15432310104370117,0.0012984275817871094,0.0,0.15432310104370117,Results/warm_start_cache/random_graphs_8to14vertices_78instances_20260625_143415_AdjacencyList__filehash_a79662a0/hog_idx000028_2372fdc40c8a_seed42_L1_M1_amplified.npz,184.4696662425995,2026-08-29 16:41:45,x86_64,dacsgpu0002,,64,64,3.11.15,0.52,False,False,False,False,,False,True,True,False,adam,False,hamqaoa,0.005,standard,1,1,42,scs,1e-06,100000,False,False,False,hog,False,False,False,False,False,False,True,1,HOG_graphs/random_graphs_8to14vertices_78instances_20260625_143415_AdjacencyList.txt,True,Results/warm_start_cache,512,60,0,16,1,1,0,0,5,0,5,10,42,True,_Exp4_v2_standardZeroAngles,1,42,28,"[(3, 9), (1, 3), (0, 1), (0, 4), (3, 8), (5, 7), (7, 9), (0, 3), (1, 8), (0, 6), (1, 5), (3, 7), (0, 5), (1, 4), (0, 2), (3, 6)]","[1.0, 1.0, 1.0, 1.0, 1.0, 1.0, 1.0, 1.0, 1.0, 1.0, 1.0, 1.0, 1.0, 1.0, 1.0, 1.0]"
f665e64b,10,15,1,75.0,False,True,"[1, 1, 1]",8.907724921400755,12.55645791531469,12.55645791531469,,,,,6.640309084208024,6.640309084208026,6.640309084208028,6.640309084208028,"[6.640309084208028, 6.638992360932522, 6.640222597377686, 6.640035693054315, 6.639559896195958, 6.639728578753338, 6.640129292507645, 6.640309046405464, 6.640175994744442, 6.639977462391597, 6.639956907698419, 6.64010532156379, 6.640264175303731, 6.64030596510166, 6.640229374100295, 6.640137912480845, 6.640126271575622, 6.64019653443821, 6.640279507059086, 6.6403087827630625, 6.640274844566148, 6.640224351104886, 6.640209849089962, 6.640241965349138, 6.640288125564988, 6.640309063376951, 6.640293855657164, 6.640265460521945, 6.64025483916212, 6.640271093840043, 6.640296977008518, 6.640309071573018, 6.640300371102336, 6.640284393757763, 6.6402792620699085, 6.640289493825534, 6.640303942187331, 6.6403089815381104, 6.6403023189358406, 6.640293675039659, 6.640293104966048, 6.6403006962822415, 6.64030800093935, 6.640308174802828, 6.64030289721594, 6.640299325359744, 6.640301558869988, 6.640306712974077, 6.64030908837643, 6.640306957421067, 6.6403038627754825, 6.640303819640541, 6.640306684019793, 6.6403089575561, 6.640308395676492, 6.640306393693739, 6.6403057916209, 6.6403072793883995, 6.640308886994766, 6.640308805893692, 6.640307553456357, 6.640307036465046, 6.6403079074934395, 6.640308954754792, 6.64030891097456, 6.640308120545753, 6.640307834121423, 6.6403084315739545, 6.640309041846023, 6.640308922688413, 6.640308415765517, 6.640308340428351, 6.640308779058608, 6.640309087952962, 6.640308897323348, 6.64030859884]",75,0.7454551125905026,,2.6645352591003757e-15,4.440892098500626e-15,6.640309084208028,,0.7454551125905029,,,,185.60186457633972,185.73768186569214,True,0.13733839988708496,0.0015053749084472656,0.0,0.13733839988708496,Results/warm_start_cache/random_graphs_8to14vertices_78instances_20260625_143415_AdjacencyList__filehash_a79662a0/hog_idx000025_30d35430afb5_seed42_L1_M1_amplified.npz,185.61285614967346,2026-08-29 16:41:46,x86_64,dacsgpu0002,,64,64,3.11.15,0.52,False,True,False,True,3,False,True,True,False,adam,False,hamqaoa,0.005,standard,1,1,42,scs,1e-06,100000,False,False,False,hog,False,False,False,False,False,False,True,1,HOG_graphs/random_graphs_8to14vertices_78instances_20260625_143415_AdjacencyList.txt,True,Results/warm_start_cache,512,60,0,16,1,1,0,0,5,0,5,10,42,True,_Exp4_v2_standardZeroAngles,1,42,25,"[(8, 9), (3, 9), (1, 3), (0, 1), (2, 7), (4, 7), (4, 6), (0, 6), (4, 9), (1, 5), (2, 8), (7, 8), (2, 5), (0, 5), (3, 6)]","[1.0, 1.0, 1.0, 1.0, 1.0, 1.0, 1.0, 1.0, 1.0, 1.0, 1.0, 1.0, 1.0, 1.0, 1.0]"
63e3d3fb,10,15,2,75.0,False,True,"[1, 1, 1]",8.907724921400755,12.55645791531469,12.55645791531469,,,,,6.640309084208024,6.640309084208026,6.640309084208028,6.640309084208028,"[6.640309084208028, 6.6350167659770865, 6.639961979090798, 6.639217908725522, 6.637311976216576, 6.637975593068407, 6.639573097405684, 6.640308297424168, 6.639806523732907, 6.639015829542081, 6.638900564144548, 6.639460517554367, 6.640097567636736, 6.6403049946654615, 6.640041596216358, 6.639675808837428, 6.639583961531267, 6.639818118313698, 6.640146029946122, 6.640307192615474, 6.64022372542441, 6.640031297436938, 6.639930357615138, 6.640004663171546, 6.64017469476286, 6.640296005757874, 6.640289232870861, 6.640194108480348, 6.640117126971767, 6.640129790489324, 6.640213514744502, 6.640291799921502, 6.640305267329231, 6.640259773502856, 6.640211248693883, 6.6402083510590995, 6.6402503973225375, 6.6402962855517975, 6.640308005737764, 6.640284374495307, 6.640256444725029, 6.640253820682524, 6.640277349600648, 6.640302856357836, 6.640308035634282, 6.640293475620757, 6.640278562351101, 6.640279670438522, 6.640294560503634, 6.640307467459043, 6.640307147442125, 6.640297408762092, 6.640290923446799, 6.64029484301231, 6.640304210424934, 6.640309076971837, 6.640305832804383, 6.640300059130601, 6.640299050465019, 6.640303672698442, 6.640308407985204, 6.64030846153904, 6.640305023575131, 6.640302969707161, 6.640304758154355, 6.640308016577885, 6.640309030554168, 6.640307282570862, 6.64030558416362, 6.6403061794104685, 6.640308170023107, 6.640309094769114, 6.640308186394034, 6.640307052022067, 6.64030728331081, 6.640308495601423]",75,0.7454551125905026,,2.6645352591003757e-15,4.440892098500626e-15,6.640309084208028,,0.7454551125905029,,,,197.38658714294434,197.52198028564453,True,0.13733839988708496,0.0019092559814453125,0.0,0.13733839988708496,Results/warm_start_cache/random_graphs_8to14vertices_78instances_20260625_143415_AdjacencyList__filehash_a79662a0/hog_idx000025_30d35430afb5_seed42_L1_M1_amplified.npz,197.3937783241272,2026-08-29 16:41:58,x86_64,dacsgpu0002,,64,64,3.11.15,0.76,False,True,False,True,3,False,True,True,False,adam,False,hamqaoa,0.005,standard,1,1,42,scs,1e-06,100000,False,False,False,hog,False,False,False,False,False,False,True,1,HOG_graphs/random_graphs_8to14vertices_78instances_20260625_143415_AdjacencyList.txt,True,Results/warm_start_cache,512,60,0,16,1,1,0,0,5,0,5,10,42,True,_Exp4_v2_standardZeroAngles,1,42,25,"[(8, 9), (3, 9), (1, 3), (0, 1), (2, 7), (4, 7), (4, 6), (0, 6), (4, 9), (1, 5), (2, 8), (7, 8), (2, 5), (0, 5), (3, 6)]","[1.0, 1.0, 1.0, 1.0, 1.0, 1.0, 1.0, 1.0, 1.0, 1.0, 1.0, 1.0, 1.0, 1.0, 1.0]"
43728ac7,10,16,2,75.0,False,True,"[1, 1, 1]",8.15217594877853,11.12499996411893,11.12499996411893,,,,,6.326384366415339,6.326384366415338,6.326384366415338,6.326384366415338,"[6.326384366415338, 6.326132556345142, 6.32666669123947, 6.3271345129612, 6.3270740038101225, 6.327097928181812, 6.327359283562699, 6.32751999717588, 6.327452896637676, 6.327411230795643, 6.327538682203941, 6.327679243412135, 6.327700342620045, 6.327690198592765, 6.327776591711767, 6.3279146404993964, 6.327987740247011, 6.3280001484520705, 6.3280525175521785, 6.3281548773852565, 6.328220660978179, 6.328226975682906, 6.3282475023617355, 6.328310505347691, 6.328359169872974, 6.328373176167839, 6.328408650869835, 6.3284865046456735, 6.328563585166114, 6.328628324979807, 6.328719933005217, 6.328845678723064, 6.328973377402138, 6.329099899920966, 6.32925199799415, 6.3294286885117765, 6.329607030438094, 6.329788979178234, 6.329989840709971, 6.330202421225677, 6.330412305924017, 6.330629097526569, 6.330870992220476, 6.331143612023344, 6.331455318582248, 6.331830011717336, 6.332289122601579, 6.33284349817271, 6.333510646285935, 6.334316916662872, 6.335285428731879, 6.336440858429044, 6.337819511367454, 6.3394612969269835, 6.341403301988927, 6.343684208593081, 6.346345061967732, 6.349425461671471, 6.352963022935775, 6.356996022638131, 6.361563219343358, 6.366696425774654, 6.372410331377713, 6.378697595288018, 6.385535623161116, 6.39290090848517, 6.40078336733659, 6.409194029293221, 6.418175266275631, 6.427817793115389, 6.438245721373166, 6.4495519400776145, 6.461762044496432, 6.47485605456914, 6.488800091044271, 6.5035735734800015]",75,0.7760362884909573,,0.17718920706466346,0.17718920706466257,6.5035735734800015,,0.7977714924632431,,,,208.33178424835205,208.48376154899597,True,0.15432310104370117,0.0023343563079833984,0.0,0.15432310104370117,Results/warm_start_cache/random_graphs_8to14vertices_78instances_20260625_143415_AdjacencyList__filehash_a79662a0/hog_idx000028_2372fdc40c8a_seed42_L1_M1_amplified.npz,208.33966207504272,2026-08-29 16:42:09,x86_64,dacsgpu0002,,64,64,3.11.15,0.76,False,False,False,False,,False,True,True,False,adam,False,hamqaoa,0.005,standard,1,1,42,scs,1e-06,100000,False,False,False,hog,False,False,False,False,False,False,True,1,HOG_graphs/random_graphs_8to14vertices_78instances_20260625_143415_AdjacencyList.txt,True,Results/warm_start_cache,512,60,0,16,1,1,0,0,5,0,5,10,42,True,_Exp4_v2_standardZeroAngles,1,42,28,"[(3, 9), (1, 3), (0, 1), (0, 4), (3, 8), (5, 7), (7, 9), (0, 3), (1, 8), (0, 6), (1, 5), (3, 7), (0, 5), (1, 4), (0, 2), (3, 6)]","[1.0, 1.0, 1.0, 1.0, 1.0, 1.0, 1.0, 1.0, 1.0, 1.0, 1.0, 1.0, 1.0, 1.0, 1.0, 1.0]"
7d02d0ad,10,16,3,75.0,False,True,"[1, 1, 1]",8.15217594877853,11.12499996411893,11.12499996411893,,,,,6.326384366415339,6.326384366415338,6.326384366415338,6.326384366415338,"[6.326384366415338, 6.324470019317414, 6.326591558014516, 6.3268342392186945, 6.326158557233275, 6.3265986050977725, 6.327340353733697, 6.327369668770241, 6.326955595392249, 6.326984514547614, 6.327429437780143, 6.327685561835044, 6.327559559259803, 6.327468522647014, 6.32771061904066, 6.3280510373967624, 6.328156791337864, 6.328102451149582, 6.328215537218373, 6.328501955415251, 6.328683249020353, 6.32868594088081, 6.328732878859163, 6.328931420369816, 6.329118336874566, 6.329183962920384, 6.32926901691452, 6.329490373963447, 6.329741601512977, 6.329929504396404, 6.3301472516562285, 6.330483074748814, 6.330872371246171, 6.331255749707896, 6.3317116040684125, 6.3323150542443525, 6.333029766089844, 6.333846499926611, 6.334863370855374, 6.336154736355605, 6.337719911180185, 6.33959513003267, 6.341875620227371, 6.3446288678450085, 6.347904065889475, 6.351800942155374, 6.356438136341807, 6.361884706170206, 6.36816775414037, 6.3753074525043525, 6.383316738617716, 6.392180476509517, 6.401849497633523, 6.412247524271137, 6.423264791179066, 6.4347432438784375, 6.446478584059741, 6.458245739667958, 6.46983964644491, 6.481128612635019, 6.49211933958054, 6.502997125487496, 6.514078321883394, 6.525674999896474, 6.537975173639765, 6.551014289881155, 6.564722764056884, 6.57900453739695, 6.593804457668737, 6.609145933643125, 6.625135254013902, 6.641931180764581, 6.659686495736411, 6.6784870798737375, 6.698320287861487, 6.719082195038497]",75,0.7760362884909573,,0.3926978286231586,0.3926978286231577,6.719082195038497,,0.824207210106308,,,,216.47480130195618,216.62453055381775,True,0.15432310104370117,0.004582405090332031,0.0,0.15432310104370117,Results/warm_start_cache/random_graphs_8to14vertices_78instances_20260625_143415_AdjacencyList__filehash_a79662a0/hog_idx000028_2372fdc40c8a_seed42_L1_M1_amplified.npz,216.48364901542664,2026-08-29 16:42:17,x86_64,dacsgpu0002,,64,64,3.11.15,1.0,False,False,False,False,,False,True,True,False,adam,False,hamqaoa,0.005,standard,1,1,42,scs,1e-06,100000,False,False,False,hog,False,False,False,False,False,False,True,1,HOG_graphs/random_graphs_8to14vertices_78instances_20260625_143415_AdjacencyList.txt,True,Results/warm_start_cache,512,60,0,16,1,1,0,0,5,0,5,10,42,True,_Exp4_v2_standardZeroAngles,1,42,28,"[(3, 9), (1, 3), (0, 1), (0, 4), (3, 8), (5, 7), (7, 9), (0, 3), (1, 8), (0, 6), (1, 5), (3, 7), (0, 5), (1, 4), (0, 2), (3, 6)]","[1.0, 1.0, 1.0, 1.0, 1.0, 1.0, 1.0, 1.0, 1.0, 1.0, 1.0, 1.0, 1.0, 1.0, 1.0, 1.0]"
472d20b8,10,15,3,75.0,False,True,"[1, 1, 1]",8.907724921400755,12.55645791531469,12.55645791531469,,,,,6.640309084208024,6.640309084208026,6.640309084208028,6.640309084208028,"[6.640309084208028, 6.6283616000781285, 6.639526720105804, 6.637857604447851, 6.633579925483702, 6.635051992274116, 6.638624526678373, 6.640304747076658, 6.639249336337464, 6.637498206106174, 6.63717008886201, 6.638336622607046, 6.639750912059351, 6.640308825636983, 6.639842956397222, 6.639050422215785, 6.638736312001923, 6.639116618615987, 6.639803750263338, 6.64026149532044, 6.640235871089812, 6.639884639285159, 6.639580108697047, 6.6395798760275815, 6.639853561960195, 6.640169312630152, 6.640308408875095, 6.640222557769578, 6.640038069621688, 6.639929955207961, 6.639980941617269, 6.640136995917022, 6.640274497268939, 6.640305495366254, 6.640236661816018, 6.640147801763977, 6.640118717294094, 6.640168406001189, 6.640251551616605, 6.640304708311892, 6.640298014926849, 6.64025259471426, 6.640215535216791, 6.640218760321004, 6.640256397472146, 6.640296017874797, 6.640308890595306, 6.640292301733606, 6.640267485945363, 6.64025851418525, 6.640272150409699, 6.64029517788888, 6.640308603948203, 6.64030448087328, 6.640290825248919, 6.64028230683404, 6.640286617465323, 6.640298951084517, 6.640308176136386, 6.640307669221091, 6.640300442783913, 6.640294900356253, 6.640296470377826, 6.640303160589015, 6.640308574308665, 6.640308492260904, 6.640304457424957, 6.640301428982965, 6.640302533846103, 6.640306393239353, 6.640309184164363, 6.640308724628112, 6.6403063417178725, 6.640304999426354, 6.6403061165750765, 6.640308417968206]",75,0.7454551125905026,,2.6645352591003757e-15,4.440892098500626e-15,6.640309084208028,,0.7454551125905029,,,,218.89388871192932,219.0299789905548,True,0.13733839988708496,0.0012373924255371094,0.0,0.13733839988708496,Results/warm_start_cache/random_graphs_8to14vertices_78instances_20260625_143415_AdjacencyList__filehash_a79662a0/hog_idx000025_30d35430afb5_seed42_L1_M1_amplified.npz,218.90017294883728,2026-08-29 16:42:20,x86_64,dacsgpu0002,,64,64,3.11.15,1.0,False,True,False,True,3,False,True,True,False,adam,False,hamqaoa,0.005,standard,1,1,42,scs,1e-06,100000,False,False,False,hog,False,False,False,False,False,False,True,1,HOG_graphs/random_graphs_8to14vertices_78instances_20260625_143415_AdjacencyList.txt,True,Results/warm_start_cache,512,60,0,16,1,1,0,0,5,0,5,10,42,True,_Exp4_v2_standardZeroAngles,1,42,25,"[(8, 9), (3, 9), (1, 3), (0, 1), (2, 7), (4, 7), (4, 6), (0, 6), (4, 9), (1, 5), (2, 8), (7, 8), (2, 5), (0, 5), (3, 6)]","[1.0, 1.0, 1.0, 1.0, 1.0, 1.0, 1.0, 1.0, 1.0, 1.0, 1.0, 1.0, 1.0, 1.0, 1.0]"
849bf327,10,16,4,75.0,False,True,"[1, 1, 1]",8.15217594877853,11.12499996411893,11.12499996411893,,,,,6.326384366415339,6.326384366415338,6.326384366415338,6.326384366415338,"[6.326384366415338, 6.3217441243006975, 6.326402084943988, 6.326167183543087, 6.32459917406232, 6.32548260130262, 6.326918451061626, 6.327054877210105, 6.326201535635058, 6.325874677666604, 6.326468180403197, 6.327137085565379, 6.327148079935404, 6.326704484994302, 6.326551040051886, 6.32693206357395, 6.327390753940373, 6.32744385203861, 6.327198912051764, 6.327172042796613, 6.327515536324997, 6.327850142533265, 6.327875874403018, 6.327801116140942, 6.327977356883222, 6.328343796442031, 6.328569052220637, 6.328607869509201, 6.3287695773842625, 6.329156576564575, 6.3295091650757485, 6.329719143322564, 6.3300120313302015, 6.3305001919018995, 6.331009260975553, 6.331469820154333, 6.332076295525497, 6.332906542362041, 6.333825358280525, 6.3348471698076905, 6.3361568627567895, 6.337795732942578, 6.339706981987793, 6.341983187897728, 6.344764887790868, 6.348078019397065, 6.352003632214254, 6.35677418331161, 6.362603391042716, 6.36962509964845, 6.377963455474713, 6.387707266361529, 6.398834030407407, 6.411215104272401, 6.424660963707475, 6.438945179210967, 6.4538213273370735, 6.4690525244478385, 6.484450052821376, 6.499907507080679, 6.51540926830188, 6.53100640698226, 6.5467905590902875, 6.562885067849099, 6.579436404375847, 6.59657591067046, 6.614359843823537, 6.632741834029825, 6.651610926878277, 6.670864378344149, 6.69047051482089, 6.710517486219976, 6.7312330136291045, 6.752954659429552, 6.776067353535656, 6.800943138740553]",75,0.7760362884909573,,0.4745587723252145,0.4745587723252136,6.800943138740553,,0.8342488166928688,,,,224.65794849395752,224.81022572517395,True,0.15432310104370117,0.0020334720611572266,0.0,0.15432310104370117,Results/warm_start_cache/random_graphs_8to14vertices_78instances_20260625_143415_AdjacencyList__filehash_a79662a0/hog_idx000028_2372fdc40c8a_seed42_L1_M1_amplified.npz,224.66664099693298,2026-08-29 16:42:25,x86_64,dacsgpu0002,,64,64,3.11.15,1.24,False,False,False,False,,False,True,True,False,adam,False,hamqaoa,0.005,standard,1,1,42,scs,1e-06,100000,False,False,False,hog,False,False,False,False,False,False,True,1,HOG_graphs/random_graphs_8to14vertices_78instances_20260625_143415_AdjacencyList.txt,True,Results/warm_start_cache,512,60,0,16,1,1,0,0,5,0,5,10,42,True,_Exp4_v2_standardZeroAngles,1,42,28,"[(3, 9), (1, 3), (0, 1), (0, 4), (3, 8), (5, 7), (7, 9), (0, 3), (1, 8), (0, 6), (1, 5), (3, 7), (0, 5), (1, 4), (0, 2), (3, 6)]","[1.0, 1.0, 1.0, 1.0, 1.0, 1.0, 1.0, 1.0, 1.0, 1.0, 1.0, 1.0, 1.0, 1.0, 1.0, 1.0]"
18441763,10,15,4,75.0,False,True,"[1, 1, 1]",8.907724921400755,12.55645791531469,12.55645791531469,,,,,6.640309084208024,6.640309084208026,6.640309084208028,6.640309084208028,"[6.640309084208028, 6.61901466726822, 6.638916361408999, 6.63595858458939, 6.628379616805014, 6.6309645897465685, 6.637272271183378, 6.640295240846247, 6.638545100890668, 6.635492555899058, 6.634801316028262, 6.63670788895108, 6.639168548790927, 6.64029891090146, 6.639700716537407, 6.638389988676533, 6.637684812915992, 6.638094726390464, 6.639161098143867, 6.640066783394254, 6.640295242731058, 6.639902989718526, 6.63935166561786, 6.639104359870659, 6.639308814407492, 6.639773620184258, 6.640177864878131, 6.640307623775623, 6.640165642572305, 6.639922584010523, 6.639774979986803, 6.639816264845731, 6.640000030926188, 6.640199611644636, 6.640303288016281, 6.640279161858631, 6.640178134431052, 6.640086882632424, 6.640068285160237, 6.64012778861408, 6.64022133195126, 6.640291942924559, 6.640306758270343, 6.640272434418531, 6.640223872109666, 6.6401979607452954, 6.640210535559668, 6.640250275245543, 6.6402906571246865, 6.640309149012428, 6.640300688164274, 6.640277840146866, 6.640259926808317, 6.640259564823318, 6.640275766748973, 6.640296870238421, 6.640309890547773, 6.640309265779672, 6.640299303370941, 6.6402897818890345, 6.640288534867496, 6.640296471679759, 6.640308141775749, 6.640316499819783, 6.640318126630664, 6.640315055923917, 6.64031254904941, 6.640314953839934, 6.640322859638934, 6.6403334462347745, 6.640343259554757, 6.640351030655333, 6.640358613125193, 6.640369594514422, 6.640386838956154, 6.640411288117421]",75,0.7454551125905026,,0.00010220390939519319,0.00010220390939696955,6.640411288117421,,0.7454665862170792,,,,225.32988619804382,225.46397829055786,True,0.13733839988708496,0.0032346248626708984,0.0,0.13733839988708496,Results/warm_start_cache/random_graphs_8to14vertices_78instances_20260625_143415_AdjacencyList__filehash_a79662a0/hog_idx000025_30d35430afb5_seed42_L1_M1_amplified.npz,225.34244441986084,2026-08-29 16:42:26,x86_64,dacsgpu0002,,64,64,3.11.15,1.24,False,True,False,True,3,False,True,True,False,adam,False,hamqaoa,0.005,standard,1,1,42,scs,1e-06,100000,False,False,False,hog,False,False,False,False,False,False,True,1,HOG_graphs/random_graphs_8to14vertices_78instances_20260625_143415_AdjacencyList.txt,True,Results/warm_start_cache,512,60,0,16,1,1,0,0,5,0,5,10,42,True,_Exp4_v2_standardZeroAngles,1,42,25,"[(8, 9), (3, 9), (1, 3), (0, 1), (2, 7), (4, 7), (4, 6), (0, 6), (4, 9), (1, 5), (2, 8), (7, 8), (2, 5), (0, 5), (3, 6)]","[1.0, 1.0, 1.0, 1.0, 1.0, 1.0, 1.0, 1.0, 1.0, 1.0, 1.0, 1.0, 1.0, 1.0, 1.0]"
c747d980,10,16,5,75.0,False,True,"[1, 1, 1]",8.15217594877853,11.12499996411893,11.12499996411893,,,,,6.326384366415339,6.326384366415338,6.326384366415338,6.326384366415338,"[6.326384366415338, 6.31792714794065, 6.3261854156218735, 6.325309862317776, 6.322532432087656, 6.323980892109904, 6.326480733895605, 6.326943505774782, 6.3255685814641405, 6.324703703514136, 6.32539273874212, 6.326624479079457, 6.327065977094204, 6.326498930775032, 6.325868221182563, 6.326003436379024, 6.32670651743047, 6.327190958227506, 6.327028554679412, 6.326584127835082, 6.326496668132254, 6.326870436680876, 6.327241239022565, 6.32721693544145, 6.326936545778525, 6.326830236846585, 6.327040765524634, 6.327292066621914, 6.327298561076265, 6.327131625788217, 6.327081950484468, 6.327241686822212, 6.327412495496903, 6.327417561638902, 6.327336283715257, 6.32735737750565, 6.327501045345183, 6.327618428693058, 6.3276263574904394, 6.327617206574868, 6.327702690914686, 6.327851707730929, 6.327961157288874, 6.328021579215632, 6.328120025773303, 6.328298243111905, 6.328501532300995, 6.3286860946231505, 6.32889855036393, 6.329202872731073, 6.3295858412016175, 6.329997769138525, 6.330449152131143, 6.330985990243034, 6.331593807120197, 6.33221368265105, 6.332831800638233, 6.333463969263381, 6.334087581466124, 6.3347054156899425, 6.335391669823976, 6.336204282009815, 6.337187883907814, 6.33846221448418, 6.340177953256914, 6.342471035516228, 6.345540788598428, 6.349633647363081, 6.355000991485764, 6.361941056971721, 6.370716093764557, 6.381423081661547, 6.394026493149301, 6.408423161285281, 6.424521690791139, 6.44273362754546]",75,0.7760362884909573,,0.11634926113012156,0.11634926113012067,6.44273362754546,,0.7903084609589172,,,,232.47366046905518,232.6267430782318,True,0.15432310104370117,0.0012257099151611328,0.0,0.15432310104370117,Results/warm_start_cache/random_graphs_8to14vertices_78instances_20260625_143415_AdjacencyList__filehash_a79662a0/hog_idx000028_2372fdc40c8a_seed42_L1_M1_amplified.npz,232.48081922531128,2026-08-29 16:42:33,x86_64,dacsgpu0002,,64,64,3.11.15,1.47,False,False,False,False,,False,True,True,False,adam,False,hamqaoa,0.005,standard,1,1,42,scs,1e-06,100000,False,False,False,hog,False,False,False,False,False,False,True,1,HOG_graphs/random_graphs_8to14vertices_78instances_20260625_143415_AdjacencyList.txt,True,Results/warm_start_cache,512,60,0,16,1,1,0,0,5,0,5,10,42,True,_Exp4_v2_standardZeroAngles,1,42,28,"[(3, 9), (1, 3), (0, 1), (0, 4), (3, 8), (5, 7), (7, 9), (0, 3), (1, 8), (0, 6), (1, 5), (3, 7), (0, 5), (1, 4), (0, 2), (3, 6)]","[1.0, 1.0, 1.0, 1.0, 1.0, 1.0, 1.0, 1.0, 1.0, 1.0, 1.0, 1.0, 1.0, 1.0, 1.0, 1.0]"
f730cac7,10,15,5,75.0,False,True,"[1, 1, 1]",8.907724921400755,12.55645791531469,12.55645791531469,,,,,6.640309084208024,6.640309084208026,6.640309084208028,6.640309084208028,"[6.640309084208028, 6.606972297684736, 6.638130482202776, 6.633521580723277, 6.621737933919455, 6.625733831214568, 6.635513616578663, 6.640276002181895, 6.637737228024767, 6.63309234933497, 6.63186882713896, 6.634569801138695, 6.638283318551517, 6.640232982098173, 6.6396869541676224, 6.637883331235293, 6.636628609731946, 6.636833759959897, 6.638137389034109, 6.6395478829690635, 6.640269527635201, 6.640125504190119, 6.63948565346539, 6.6389075608748955, 6.6387674602148765, 6.639092669041944, 6.639640478838641, 6.640105952611924, 6.640300071287797, 6.6402153462872215, 6.639982865822611, 6.639774256531227, 6.639708056630766, 6.6398032985188244, 6.639993632425199, 6.64017934355721, 6.6402837132420025, 6.6402848917642645, 6.640214317899631, 6.640130184694045, 6.640083990054588, 6.640097010170903, 6.640156302295059, 6.640228314199161, 6.640279917468113, 6.64029524794639, 6.640280528954719, 6.640256620559468, 6.6402424328617, 6.640252349896083, 6.640284427094069, 6.640326137116883, 6.640364375488142, 6.640394474100985, 6.64042337811299, 6.640466054591911, 6.640538743453766, 6.640654233363793, 6.640823268064389, 6.641062198691608, 6.641405778120672, 6.641921776939139, 6.64273112425951, 6.64403788042312, 6.646180303612812, 6.649716702060098, 6.6555594369122995, 6.665118109395059, 6.680300678086414, 6.703067064901074, 6.734292994902486, 6.772294859752595, 6.812456307011504, 6.848744989902123, 6.876558347457949, 6.8966090264999425]",75,0.7454551125905026,,0.25629994229191677,0.25629994229191855,6.8966090264999425,,0.7742278850496249,,,,180.7278356552124,180.85635828971863,True,0.13733839988708496,0.008803844451904297,0.0,0.13733839988708496,Results/warm_start_cache/random_graphs_8to14vertices_78instances_20260625_143415_AdjacencyList__filehash_a79662a0/hog_idx000025_30d35430afb5_seed42_L1_M1_amplified.npz,180.77720761299133,2026-08-29 16:42:46,x86_64,dacsgpu0002,,64,64,3.11.15,1.47,False,True,False,True,3,False,True,True,False,adam,False,hamqaoa,0.005,standard,1,1,42,scs,1e-06,100000,False,False,False,hog,False,False,False,False,False,False,True,1,HOG_graphs/random_graphs_8to14vertices_78instances_20260625_143415_AdjacencyList.txt,True,Results/warm_start_cache,512,60,0,16,1,1,0,0,5,0,5,10,42,True,_Exp4_v2_standardZeroAngles,1,42,25,"[(8, 9), (3, 9), (1, 3), (0, 1), (2, 7), (4, 7), (4, 6), (0, 6), (4, 9), (1, 5), (2, 8), (7, 8), (2, 5), (0, 5), (3, 6)]","[1.0, 1.0, 1.0, 1.0, 1.0, 1.0, 1.0, 1.0, 1.0, 1.0, 1.0, 1.0, 1.0, 1.0, 1.0]"
438c7ed8,9,18,1,75.0,False,True,"[1, 1, 1]",9.318472851988224,13.307131888582061,13.307131888582061,,,,,7.282926091542325,7.282926091542327,7.282926091542325,7.282926091542325,"[7.282926091542325, 7.284859024737979, 7.285637304307786, 7.285505142720379, 7.285124468367657, 7.285027417615437, 7.285241146948047, 7.285583508353025, 7.285872672945412, 7.286005415566657, 7.285980951490366, 7.285877740096182, 7.285793114469521, 7.285790130190988, 7.285875735891092, 7.286011490678951, 7.286141945465316, 7.286224108943502, 7.2862482765180685, 7.286241707522249, 7.286250779562612, 7.286310540544684, 7.286424605964661, 7.2865673209464745, 7.286703625345668, 7.286811901996983, 7.286897703704752, 7.286989319480312, 7.287117376652112, 7.287293875419961, 7.287507642212329, 7.28773833786904, 7.287976535130317, 7.2882354336761965, 7.288544267147164, 7.288930482688486, 7.289406727918748, 7.289974227847982, 7.290637790812331, 7.2914181977331625, 7.2923512616572586, 7.293477459019702, 7.294834323602436, 7.296457702042629, 7.29838667714091, 7.300665393271299, 7.30334010763808, 7.3064543709229595, 7.310044909936263, 7.314139662532912, 7.318756126520907, 7.323899783740605, 7.329562856632245, 7.335722298758798, 7.34233831411289, 7.349353059021765, 7.356689383179782, 7.364250668182879, 7.371921203007394, 7.379566950074889, 7.387038293188023, 7.394173002374501, 7.400801425064202, 7.406754185677764, 7.411873183056834, 7.4160281227892835, 7.419138152195481, 7.421197095716619, 7.422295530373142, 7.422628854251996, 7.422479752430558, 7.422171972788145, 7.422006654773099, 7.422206203684894, 7.422883223212097, 7.424043350007708]",75,0.7815579019461772,,0.14111725846538103,0.1411172584653837,7.424043350007708,,0.7967017201132572,,,,28.158656120300293,28.275564432144165,True,0.11843085289001465,0.0015044212341308594,0.0,0.11843085289001465,Results/warm_start_cache/random_graphs_8to14vertices_78instances_20260625_143415_AdjacencyList__filehash_a79662a0/hog_idx000015_fc4efa18fa8e_seed42_L1_M1_amplified.npz,28.172433376312256,2026-08-29 16:46:20,x86_64,dacsgpu0002,,64,64,3.11.15,0.3,False,False,False,True,4,False,True,False,True,adam,False,hamqaoa,0.005,standard,1,1,42,scs,1e-06,100000,False,False,False,hog,False,False,False,False,False,False,True,1,HOG_graphs/random_graphs_8to14vertices_78instances_20260625_143415_AdjacencyList.txt,True,Results/warm_start_cache,512,60,0,16,1,1,0,0,5,0,5,10,42,True,_Exp4_v2_standardZeroAngles,1,42,15,"[(1, 3), (2, 7), (1, 6), (0, 4), (3, 8), (4, 7), (5, 7), (1, 2), (3, 6), (0, 6), (3, 4), (1, 5), (2, 8), (4, 5), (5, 6), (7, 8), (0, 2), (0, 8)]","[1.0, 1.0, 1.0, 1.0, 1.0, 1.0, 1.0, 1.0, 1.0, 1.0, 1.0, 1.0, 1.0, 1.0, 1.0, 1.0, 1.0, 1.0]"
3e7b56fe,9,18,1,75.0,False,True,"[1, 1, 1]",8.668163939107135,11.279112702742205,11.279112702742205,,,,,6.535575909620358,6.535575909620357,6.535575909620359,6.535575909620359,"[6.535575909620359, 6.536274131436544, 6.53626121672632, 6.536284590220462, 6.536485615123076, 6.53676230559801, 6.536992853191313, 6.537130753831126, 6.53722779337775, 6.537368174146848, 6.537582586556839, 6.537839603417037, 6.5380938736342715, 6.538335098826516, 6.538599540952906, 6.538934203027556, 6.539355373607711, 6.539847993328836, 6.540397237044026, 6.541016637092916, 6.54174422612974, 6.542617807536682, 6.54366139460374, 6.544891459558594, 6.546326471824505, 6.547988813591439, 6.549902032516287, 6.552088271416203, 6.554567344556057, 6.557356616830128, 6.560470760594449, 6.563921393676961, 6.567716592421587, 6.571860227928405, 6.576351109237425, 6.5811818755974985, 6.586338072056893, 6.591797281979309, 6.5975291011724035, 6.603495070634849, 6.609649135761559, 6.615937881588426, 6.622301014447885, 6.628671416159428, 6.634976071416228, 6.641137412654371, 6.647075583769777, 6.652711706521925, 6.657971604655136, 6.662790425115503, 6.667118165674558, 6.670925535419806, 6.674209915874114, 6.676999327070948, 6.679353406539967, 6.681359954347353, 6.683126182058947, 6.684765924543459, 6.6863843749867815, 6.688065124374812, 6.689861728900991, 6.69179559963834, 6.693859157173439, 6.696023032113601, 6.69824355491315, 6.700470861612125, 6.702655133452801, 6.7047519773993285, 6.706726346330857, 6.7085545266195625, 6.710225563373028, 6.7117407452979485, 6.713112121845516, 6.714360238572307, 6.715511039508672, 6.716592334712281]",75,0.7539746543249567,,0.18101642509192395,0.18101642509192306,6.716592334712281,,0.7748575571361569,,,,28.847758531570435,28.960458278656006,True,0.11404037475585938,0.001322031021118164,0.0,0.11404037475585938,Results/warm_start_cache/random_graphs_8to14vertices_78instances_20260625_143415_AdjacencyList__filehash_a79662a0/hog_idx000019_2dd22b6b742d_seed42_L1_M1_amplified.npz,28.856646060943604,2026-08-29 16:46:21,x86_64,dacsgpu0002,,64,64,3.11.15,0.3,False,False,False,False,,False,True,False,False,adam,False,hamqaoa,0.005,standard,1,1,42,scs,1e-06,100000,False,False,False,hog,False,False,False,False,False,False,True,1,HOG_graphs/random_graphs_8to14vertices_78instances_20260625_143415_AdjacencyList.txt,True,Results/warm_start_cache,512,60,0,16,1,1,0,0,5,0,5,10,42,True,_Exp4_v2_standardZeroAngles,1,42,19,"[(2, 7), (2, 3), (1, 6), (4, 7), (0, 7), (0, 3), (4, 6), (1, 2), (1, 8), (0, 6), (3, 4), (2, 8), (5, 6), (6, 7), (0, 5), (1, 4), (2, 4), (1, 7)]","[1.0, 1.0, 1.0, 1.0, 1.0, 1.0, 1.0, 1.0, 1.0, 1.0, 1.0, 1.0, 1.0, 1.0, 1.0, 1.0, 1.0, 1.0]"
0e0fc3fe,9,18,1,75.0,False,True,"[1, 1, 1]",9.11474866234564,12.40174505261295,12.40174505261295,,,,,6.982784644394997,6.982784644395001,6.982784644395004,6.982784644395004,"[6.982784644395004, 6.983319575310876, 6.983203696144488, 6.983089606317931, 6.983181823599178, 6.983315805047794, 6.983354693135985, 6.983294159418997, 6.983234134956263, 6.9832455555118464, 6.983310133593442, 6.983369314420173, 6.9833819606768905, 6.983353838498232, 6.983326247732049, 6.983331450417513, 6.983364215467856, 6.983394751690541, 6.98340071977234, 6.983386652527289, 6.983376491127884, 6.983386995742533, 6.983411412519253, 6.98342965934249, 6.983430095381136, 6.983421048933082, 6.983419883754148, 6.983432504513323, 6.983448366297109, 6.9834549531071675, 6.9834525745407525, 6.983452740533803, 6.983462303666355, 6.983475097818632, 6.983481307569203, 6.9834806065135755, 6.983481847103363, 6.983489804058826, 6.983499162381505, 6.983503271902731, 6.98350404703512, 6.983508212358321, 6.983516285375328, 6.983522550136713, 6.9835246707566565, 6.983527146659343, 6.983533008953094, 6.983538932256304, 6.983541735361883, 6.983543954664999, 6.983548614474582, 6.983553693407861, 6.983556468249433, 6.983558706814327, 6.983562731590465, 6.983566822359376, 6.983569121344109, 6.983571363228118, 6.983574872553201, 6.983577909205238, 6.98357978507816, 6.983582256510031, 6.983585376157511, 6.983587581677368, 6.98358937331911, 6.9835918566850745, 6.983594132506813, 6.983595732772448, 6.983597635165448, 6.983599793685845, 6.983601392899832, 6.983602915622859, 6.98360475868799, 6.983606229824146, 6.983607475637266, 6.9836089322661445]",75,0.7660973333518132,,0.0008242878711435253,0.0008242878711479662,6.9836089322661445,,0.7661877678664311,,,,28.993093490600586,29.113446950912476,True,0.12166905403137207,0.0012996196746826172,0.0,0.12166905403137207,Results/warm_start_cache/random_graphs_8to14vertices_78instances_20260625_143415_AdjacencyList__filehash_a79662a0/hog_idx000018_676d54605e7a_seed42_L1_M1_amplified.npz,29.005722284317017,2026-08-29 16:46:21,x86_64,dacsgpu0002,,64,64,3.11.15,0.3,False,False,False,False,,False,True,False,False,adam,False,hamqaoa,0.005,standard,1,1,42,scs,1e-06,100000,False,False,False,hog,False,False,False,False,False,False,True,1,HOG_graphs/random_graphs_8to14vertices_78instances_20260625_143415_AdjacencyList.txt,True,Results/warm_start_cache,512,60,0,16,1,1,0,0,5,0,5,10,42,True,_Exp4_v2_standardZeroAngles,1,42,18,"[(1, 3), (0, 1), (2, 7), (2, 3), (0, 4), (5, 7), (0, 7), (3, 5), (4, 6), (1, 2), (1, 8), (0, 6), (3, 4), (5, 6), (6, 8), (7, 8), (0, 8), (6, 7)]","[1.0, 1.0, 1.0, 1.0, 1.0, 1.0, 1.0, 1.0, 1.0, 1.0, 1.0, 1.0, 1.0, 1.0, 1.0, 1.0, 1.0, 1.0]"
22fbca21,9,18,2,75.0,False,True,"[1, 1, 1]",8.668163939107135,11.279112702742205,11.279112702742205,,,,,6.535575909620358,6.535575909620357,6.535575909620359,6.535575909620359,"[6.535575909620359, 6.535967101498531, 6.536046495332829, 6.536672698750671, 6.536924078789934, 6.53684703663498, 6.53702493345974, 6.537395022457895, 6.537615514382531, 6.537746753866424, 6.538107064145677, 6.538692515324066, 6.53930903285958, 6.539971583685542, 6.540877100291995, 6.542102391102917, 6.543593196336372, 6.545317969011487, 6.547327975549259, 6.549711574057174, 6.552514181321343, 6.555730888347738, 6.559368178493244, 6.563469067842379, 6.568079529661499, 6.573214979881863, 6.578861849575375, 6.585006251720459, 6.591652743874506, 6.5988152993114735, 6.606507429460963, 6.614736062798485, 6.6234939923884495, 6.632763152049545, 6.642516155441761, 6.652714396583294, 6.663310437026208, 6.674254935899535, 6.685500644136785, 6.697001864104148, 6.708717421784786, 6.720619985190049, 6.732712530925254, 6.745041864152138, 6.757705657726599, 6.770852023562035, 6.784669263648111, 6.799365910594206, 6.815139143826989, 6.832140161290688, 6.850445483216938, 6.870042310184479, 6.890832866133131, 6.912657571207708, 6.935334174811523, 6.958698284838124, 6.982616790021678, 7.006960214755151, 7.031564575670467, 7.056222869308986, 7.0807111123656545, 7.104823189254662, 7.128388060508029, 7.151257854824328, 7.173284919279174, 7.194318687747107, 7.214230951865755, 7.2329486586386755, 7.250462239683168, 7.266805094784318, 7.282028677852804, 7.296192909768234, 7.309362363828454, 7.321588368279143, 7.332890840262807, 7.343264532731143]",75,0.7539746543249567,,0.8076886231107858,0.8076886231107849,7.343264532731143,,0.8471533976879926,,,,36.50316572189331,36.61612415313721,True,0.11404037475585938,0.0010662078857421875,0.0,0.11404037475585938,Results/warm_start_cache/random_graphs_8to14vertices_78instances_20260625_143415_AdjacencyList__filehash_a79662a0/hog_idx000019_2dd22b6b742d_seed42_L1_M1_amplified.npz,36.51151204109192,2026-08-29 16:46:28,x86_64,dacsgpu0002,,64,64,3.11.15,0.36,False,False,False,False,,False,True,False,False,adam,False,hamqaoa,0.005,standard,1,1,42,scs,1e-06,100000,False,False,False,hog,False,False,False,False,False,False,True,1,HOG_graphs/random_graphs_8to14vertices_78instances_20260625_143415_AdjacencyList.txt,True,Results/warm_start_cache,512,60,0,16,1,1,0,0,5,0,5,10,42,True,_Exp4_v2_standardZeroAngles,1,42,19,"[(2, 7), (2, 3), (1, 6), (4, 7), (0, 7), (0, 3), (4, 6), (1, 2), (1, 8), (0, 6), (3, 4), (2, 8), (5, 6), (6, 7), (0, 5), (1, 4), (2, 4), (1, 7)]","[1.0, 1.0, 1.0, 1.0, 1.0, 1.0, 1.0, 1.0, 1.0, 1.0, 1.0, 1.0, 1.0, 1.0, 1.0, 1.0, 1.0, 1.0]"
b3a9bd86,9,18,2,75.0,False,True,"[1, 1, 1]",9.318472851988224,13.307131888582061,13.307131888582061,,,,,7.282926091542325,7.282926091542327,7.282926091542325,7.282926091542325,"[7.282926091542325, 7.285647344935601, 7.284748660716777, 7.284545629963776, 7.285327313183797, 7.28593205622526, 7.285898856078674, 7.285544897188808, 7.285383918573563, 7.285572976768263, 7.285901820200454, 7.286083674145592, 7.2860206178359395, 7.285885205290129, 7.285916275322671, 7.28614635751664, 7.2864006530400305, 7.286508438696095, 7.286485198764602, 7.286508439529181, 7.28669471679545, 7.2869668777990695, 7.2871744230105, 7.287297392478508, 7.287479522595994, 7.287832369665168, 7.288299393964779, 7.288779856732046, 7.28931233318941, 7.290037941321375, 7.291016218082643, 7.292204243891191, 7.293598635614817, 7.295299730054193, 7.297413905795025, 7.2999634477690245, 7.302941763316268, 7.306398038838502, 7.310405177406462, 7.314981747324451, 7.320097809082671, 7.3257431341124075, 7.3319517225782995, 7.3387427579396585, 7.346081713572004, 7.353925073382232, 7.362247411381322, 7.371005711411318, 7.380117211087271, 7.3894820281196285, 7.399005410623259, 7.408586788883167, 7.418112360353536, 7.427474743812776, 7.436613015754547, 7.445551222237549, 7.45443078127143, 7.463533743219543, 7.473282741438952, 7.484198648074969, 7.496812270231441, 7.511558148377077, 7.528690442992056, 7.548245854341106, 7.570055815224359, 7.593788473164442, 7.619014353472516, 7.645285332953661, 7.672212583958668, 7.699505644639818, 7.726941234554014, 7.75428948076857, 7.781278158307712, 7.807635647130653, 7.83317152004084, 7.85782586441775]",75,0.7815579019461772,,0.5748997728754226,0.5748997728754253,7.85782586441775,,0.8432525360355775,,,,37.720205307006836,37.837332248687744,True,0.11843085289001465,0.0012907981872558594,0.0,0.11843085289001465,Results/warm_start_cache/random_graphs_8to14vertices_78instances_20260625_143415_AdjacencyList__filehash_a79662a0/hog_idx000015_fc4efa18fa8e_seed42_L1_M1_amplified.npz,37.729437828063965,2026-08-29 16:46:30,x86_64,dacsgpu0002,,64,64,3.11.15,0.36,False,False,False,True,4,False,True,False,True,adam,False,hamqaoa,0.005,standard,1,1,42,scs,1e-06,100000,False,False,False,hog,False,False,False,False,False,False,True,1,HOG_graphs/random_graphs_8to14vertices_78instances_20260625_143415_AdjacencyList.txt,True,Results/warm_start_cache,512,60,0,16,1,1,0,0,5,0,5,10,42,True,_Exp4_v2_standardZeroAngles,1,42,15,"[(1, 3), (2, 7), (1, 6), (0, 4), (3, 8), (4, 7), (5, 7), (1, 2), (3, 6), (0, 6), (3, 4), (1, 5), (2, 8), (4, 5), (5, 6), (7, 8), (0, 2), (0, 8)]","[1.0, 1.0, 1.0, 1.0, 1.0, 1.0, 1.0, 1.0, 1.0, 1.0, 1.0, 1.0, 1.0, 1.0, 1.0, 1.0, 1.0, 1.0]"
1f4ca3dd,9,18,2,75.0,False,True,"[1, 1, 1]",9.11474866234564,12.40174505261295,12.40174505261295,,,,,6.982784644394997,6.982784644395001,6.982784644395004,6.982784644395004,"[6.982784644395004, 6.9830322161226945, 6.982902737880886, 6.983284491915317, 6.983308145164967, 6.983101877513487, 6.983158113584891, 6.983351594045469, 6.983391099448964, 6.983290661943446, 6.983277928362005, 6.98338495990967, 6.9834529067545414, 6.983416666656387, 6.983393742827685, 6.983465526470444, 6.983552047100242, 6.983563996396694, 6.983549912341013, 6.9836017048995185, 6.98369192820468, 6.983743733086857, 6.983776297268772, 6.983858798106219, 6.983976633397612, 6.984072414316475, 6.984164578361882, 6.984308303871679, 6.984489032496884, 6.9846686136741045, 6.984868226724702, 6.985120600443669, 6.985408106938252, 6.985711516616004, 6.9860551339715, 6.986460006281282, 6.986912608934962, 6.987410533958411, 6.987975755265549, 6.988619005499243, 6.989336593104239, 6.990134552620283, 6.991029877040261, 6.992035202033213, 6.99316047495785, 6.994427697261397, 6.995870098859495, 6.997519692586102, 6.999404696056708, 7.001557154178402, 7.004012457964443, 7.006801944672984, 7.009948907133254, 7.013473123935916, 7.0173901530167795, 7.021704658627895, 7.026412376446946, 7.031510205331928, 7.036994094903082, 7.042854300383105, 7.049084764703988, 7.055668703322135, 7.062573840118968, 7.069769228737367, 7.077223279213828, 7.08492040674942, 7.092864807401437, 7.1010847029810975, 7.10963760449712, 7.118592235704583, 7.128000770256934, 7.137874583879615, 7.1481775259296, 7.158837887234111, 7.169748563729653, 7.180755736762819]",75,0.7660973333518132,,0.19797109236781818,0.19797109236782262,7.180755736762819,,0.7878171963674184,,,,37.97132229804993,38.09169554710388,True,0.12166905403137207,0.0012803077697753906,0.0,0.12166905403137207,Results/warm_start_cache/random_graphs_8to14vertices_78instances_20260625_143415_AdjacencyList__filehash_a79662a0/hog_idx000018_676d54605e7a_seed42_L1_M1_amplified.npz,37.980098485946655,2026-08-29 16:46:30,x86_64,dacsgpu0002,,64,64,3.11.15,0.36,False,False,False,False,,False,True,False,False,adam,False,hamqaoa,0.005,standard,1,1,42,scs,1e-06,100000,False,False,False,hog,False,False,False,False,False,False,True,1,HOG_graphs/random_graphs_8to14vertices_78instances_20260625_143415_AdjacencyList.txt,True,Results/warm_start_cache,512,60,0,16,1,1,0,0,5,0,5,10,42,True,_Exp4_v2_standardZeroAngles,1,42,18,"[(1, 3), (0, 1), (2, 7), (2, 3), (0, 4), (5, 7), (0, 7), (3, 5), (4, 6), (1, 2), (1, 8), (0, 6), (3, 4), (5, 6), (6, 8), (7, 8), (0, 8), (6, 7)]","[1.0, 1.0, 1.0, 1.0, 1.0, 1.0, 1.0, 1.0, 1.0, 1.0, 1.0, 1.0, 1.0, 1.0, 1.0, 1.0, 1.0, 1.0]"
3c3fb146,9,18,3,75.0,False,True,"[1, 1, 1]",8.668163939107135,11.279112702742205,11.279112702742205,,,,,6.535575909620358,6.535575909620357,6.535575909620359,6.535575909620359,"[6.535575909620359, 6.53459454669371, 6.535970828155298, 6.536563717117657, 6.536021447435346, 6.5360680251176735, 6.536651676020896, 6.536821842260147, 6.53656151047029, 6.536693565683889, 6.537245004374976, 6.537596540140567, 6.53768430289579, 6.53808741456576, 6.538877544173635, 6.539649516719257, 6.540437908859313, 6.541706507017191, 6.543563534962655, 6.545849645471861, 6.5487232259251, 6.552550047530293, 6.557519765151696, 6.563684727041163, 6.571111891855506, 6.579890410285287, 6.590101798797622, 6.60184269124057, 6.615205265090674, 6.630230586303361, 6.646894057817906, 6.665099931305016, 6.684673864662357, 6.705363362911914, 6.726849040149689, 6.748761583572248, 6.770704249715399, 6.792281770640209, 6.813149328685841, 6.833081460437161, 6.852037362629282, 6.87017609107342, 6.887792979456083, 6.905203102141817, 6.922640938086898, 6.940227621168939, 6.958000711796914, 6.975971389082052, 6.994176414231225, 7.012695124669522, 7.031610102894152, 7.050932989847945, 7.070553550437845, 7.090244856654948, 7.109720813528317, 7.1287192986139445, 7.147079063058538, 7.164763034498385, 7.181810161837389, 7.198256490813816, 7.214093437297112, 7.229293827941575, 7.243866966607271, 7.25788715706136, 7.271457072540915, 7.284635457722512, 7.297390531797983, 7.309604899437585, 7.321113096727529, 7.331744422574729, 7.341363760236135, 7.349901021309733, 7.357364188495046, 7.363837177982927, 7.369462898731613, 7.374408655070948]",75,0.7539746543249567,,0.8388327454505902,0.8388327454505893,7.374408655070948,,0.8507463295428339,,,,44.75710463523865,44.86950063705444,True,0.11404037475585938,0.0016260147094726562,0.0,0.11404037475585938,Results/warm_start_cache/random_graphs_8to14vertices_78instances_20260625_143415_AdjacencyList__filehash_a79662a0/hog_idx000019_2dd22b6b742d_seed42_L1_M1_amplified.npz,44.76767110824585,2026-08-29 16:46:37,x86_64,dacsgpu0002,,64,64,3.11.15,0.43,False,False,False,False,,False,True,False,False,adam,False,hamqaoa,0.005,standard,1,1,42,scs,1e-06,100000,False,False,False,hog,False,False,False,False,False,False,True,1,HOG_graphs/random_graphs_8to14vertices_78instances_20260625_143415_AdjacencyList.txt,True,Results/warm_start_cache,512,60,0,16,1,1,0,0,5,0,5,10,42,True,_Exp4_v2_standardZeroAngles,1,42,19,"[(2, 7), (2, 3), (1, 6), (4, 7), (0, 7), (0, 3), (4, 6), (1, 2), (1, 8), (0, 6), (3, 4), (2, 8), (5, 6), (6, 7), (0, 5), (1, 4), (2, 4), (1, 7)]","[1.0, 1.0, 1.0, 1.0, 1.0, 1.0, 1.0, 1.0, 1.0, 1.0, 1.0, 1.0, 1.0, 1.0, 1.0, 1.0, 1.0, 1.0]"
c7783710,9,18,3,75.0,False,True,"[1, 1, 1]",9.11474866234564,12.40174505261295,12.40174505261295,,,,,6.982784644394997,6.982784644395001,6.982784644395004,6.982784644395004,"[6.982784644395004, 6.981942981514813, 6.9828882387567175, 6.983312018477877, 6.982750791432289, 6.982795485441892, 6.983250009685043, 6.983320789883765, 6.983063523806077, 6.9830485187305795, 6.983296249837147, 6.983414886232117, 6.983284687510443, 6.983203925855113, 6.983344831251365, 6.983501580653463, 6.9834722089406975, 6.983385652563102, 6.983453538856456, 6.983592722619543, 6.983618517128888, 6.9835857189914625, 6.9836609083739205, 6.983795444061802, 6.983843933290778, 6.98385825891819, 6.983971710279276, 6.9841243567590015, 6.984216424849735, 6.984324186188137, 6.9845217561836925, 6.984737172393885, 6.984939208269189, 6.9852120078535815, 6.985572811298929, 6.985971900353444, 6.98645101387611, 6.987091156400739, 6.987903405538509, 6.988895041807266, 6.990136222275655, 6.991703841867481, 6.993652451321735, 6.99606314358511, 6.999046796790028, 7.002693755012183, 7.007071456069318, 7.012272756945587, 7.01839960409083, 7.025532466609299, 7.03373072138296, 7.04303339285343, 7.0534476333557805, 7.064927272400642, 7.077356454890398, 7.090545060500574, 7.104235991324939, 7.118118830647531, 7.131862112391229, 7.145185970703616, 7.15797441206836, 7.170367787817949, 7.1827240493936015, 7.195431146205364, 7.2087181415275765, 7.222608460018949, 7.236979614484813, 7.251599138241419, 7.266104420173797, 7.2800250075847215, 7.292914695809334, 7.304498874177918, 7.314728798463444, 7.323730275352263, 7.33170345776313, 7.338839300524823]",75,0.7660973333518132,,0.3560546561298219,0.35605465612982634,7.338839300524823,,0.8051609070519565,,,,45.60141587257385,45.72164583206177,True,0.12166905403137207,0.001420736312866211,0.0,0.12166905403137207,Results/warm_start_cache/random_graphs_8to14vertices_78instances_20260625_143415_AdjacencyList__filehash_a79662a0/hog_idx000018_676d54605e7a_seed42_L1_M1_amplified.npz,45.614365339279175,2026-08-29 16:46:38,x86_64,dacsgpu0002,,64,64,3.11.15,0.43,False,False,False,False,,False,True,False,False,adam,False,hamqaoa,0.005,standard,1,1,42,scs,1e-06,100000,False,False,False,hog,False,False,False,False,False,False,True,1,HOG_graphs/random_graphs_8to14vertices_78instances_20260625_143415_AdjacencyList.txt,True,Results/warm_start_cache,512,60,0,16,1,1,0,0,5,0,5,10,42,True,_Exp4_v2_standardZeroAngles,1,42,18,"[(1, 3), (0, 1), (2, 7), (2, 3), (0, 4), (5, 7), (0, 7), (3, 5), (4, 6), (1, 2), (1, 8), (0, 6), (3, 4), (5, 6), (6, 8), (7, 8), (0, 8), (6, 7)]","[1.0, 1.0, 1.0, 1.0, 1.0, 1.0, 1.0, 1.0, 1.0, 1.0, 1.0, 1.0, 1.0, 1.0, 1.0, 1.0, 1.0, 1.0]"
ebf9f715,9,18,3,75.0,False,True,"[1, 1, 1]",9.318472851988224,13.307131888582061,13.307131888582061,,,,,7.282926091542325,7.282926091542327,7.282926091542325,7.282926091542325,"[7.282926091542325, 7.285209135187911, 7.284085890947685, 7.2851859796094445, 7.285892759289168, 7.285486467471052, 7.2850429645540125, 7.285242078129289, 7.285722679203987, 7.285888555658619, 7.285661646572105, 7.285531295604883, 7.285781618608373, 7.28611195514894, 7.286147545782354, 7.2859719557937925, 7.285974233849181, 7.286221155359129, 7.286391572086503, 7.286323699098415, 7.286291746620369, 7.286504136437764, 7.286737528909004, 7.286798846422141, 7.2869050663815695, 7.287239695528867, 7.287608544383089, 7.287910096888585, 7.288404566511521, 7.289190764812543, 7.2901105831631, 7.2912872643553, 7.292989887279995, 7.295234807597488, 7.298093245264456, 7.301866453514718, 7.306772003084131, 7.312954742493136, 7.320721010540125, 7.330437760178595, 7.342328051184547, 7.3564643292048, 7.3728091497608395, 7.391241912642283, 7.411568934581677, 7.433503594288499, 7.456628744556609, 7.480391145317114, 7.50416216583104, 7.5273459950222685, 7.549508622473322, 7.570507646207646, 7.590571027247667, 7.610228862501402, 7.630059650775997, 7.650396203915834, 7.671219326220318, 7.6922848078282255, 7.713360624482201, 7.734367506130961, 7.755339139011931, 7.7763432513938575, 7.7974434590094965, 7.818642030128364, 7.839825395433695, 7.860779064215077, 7.881264047219148, 7.901095168617603, 7.9201717926274675, 7.938466685920584, 7.955984306220095, 7.972701524734138, 7.988537797771734, 8.003411334029506, 8.017339816930406, 8.03048565990886]",75,0.7815579019461772,,0.7475595683665333,0.7475595683665359,8.03048565990886,,0.8617813012349386,,,,46.368162631988525,46.485337018966675,True,0.11843085289001465,0.0012392997741699219,0.0,0.11843085289001465,Results/warm_start_cache/random_graphs_8to14vertices_78instances_20260625_143415_AdjacencyList__filehash_a79662a0/hog_idx000015_fc4efa18fa8e_seed42_L1_M1_amplified.npz,46.3772406578064,2026-08-29 16:46:38,x86_64,dacsgpu0002,,64,64,3.11.15,0.43,False,False,False,True,4,False,True,False,True,adam,False,hamqaoa,0.005,standard,1,1,42,scs,1e-06,100000,False,False,False,hog,False,False,False,False,False,False,True,1,HOG_graphs/random_graphs_8to14vertices_78instances_20260625_143415_AdjacencyList.txt,True,Results/warm_start_cache,512,60,0,16,1,1,0,0,5,0,5,10,42,True,_Exp4_v2_standardZeroAngles,1,42,15,"[(1, 3), (2, 7), (1, 6), (0, 4), (3, 8), (4, 7), (5, 7), (1, 2), (3, 6), (0, 6), (3, 4), (1, 5), (2, 8), (4, 5), (5, 6), (7, 8), (0, 2), (0, 8)]","[1.0, 1.0, 1.0, 1.0, 1.0, 1.0, 1.0, 1.0, 1.0, 1.0, 1.0, 1.0, 1.0, 1.0, 1.0, 1.0, 1.0, 1.0]"
4c8e9db9,9,18,4,75.0,False,True,"[1, 1, 1]",9.11474866234564,12.40174505261295,12.40174505261295,,,,,6.982784644394997,6.982784644395001,6.982784644395004,6.982784644395004,"[6.982784644395004, 6.980072886333301, 6.982774967309755, 6.9829776259802046, 6.981805696956472, 6.982185079880156, 6.9830841298448485, 6.983189280324099, 6.982680029490881, 6.982501413521328, 6.982876189333444, 6.983282611484234, 6.983285333959548, 6.983019324031251, 6.982929914081897, 6.9831449996502, 6.983392467469366, 6.983417660578744, 6.983272451670929, 6.9831947786629245, 6.983291771928472, 6.983447668711646, 6.983504461318929, 6.9834472485414, 6.983394365519715, 6.9834334402557205, 6.98352659660765, 6.983582731528962, 6.983573082921212, 6.983551373754773, 6.983576884269382, 6.983647447611211, 6.983713819646517, 6.983742151914791, 6.983747188620872, 6.983766353933109, 6.983813901089043, 6.983869460444568, 6.983908729292917, 6.983931653433628, 6.983958321190729, 6.9840030282834125, 6.984059357003331, 6.984111386594692, 6.984153160884412, 6.984193525979102, 6.984243191040495, 6.984303855090711, 6.984370972816351, 6.984443647103512, 6.984527191301314, 6.984629083796081, 6.984754133936151, 6.984907302087977, 6.985096705451413, 6.9853345729025795, 6.985640626297886, 6.986045660392789, 6.986594652377895, 6.987351768336156, 6.988411663437572, 6.989912500917422, 6.992044568486902, 6.995059228469082, 6.999273892083893, 7.005063618912633, 7.01283437355918, 7.022987282990864, 7.035873911866667, 7.051761433355664, 7.07083060123106, 7.093171911370781, 7.118690185499257, 7.147053968147921, 7.177771704160703, 7.210334872871808]",75,0.7660973333518132,,0.22755022847680717,0.2275502284768116,7.210334872871808,,0.7910623912932186,,,,54.73690581321716,54.857319593429565,True,0.12166905403137207,0.0012395381927490234,0.0,0.12166905403137207,Results/warm_start_cache/random_graphs_8to14vertices_78instances_20260625_143415_AdjacencyList__filehash_a79662a0/hog_idx000018_676d54605e7a_seed42_L1_M1_amplified.npz,54.74559307098389,2026-08-29 16:46:47,x86_64,dacsgpu0002,,64,64,3.11.15,0.46,False,False,False,False,,False,True,False,False,adam,False,hamqaoa,0.005,standard,1,1,42,scs,1e-06,100000,False,False,False,hog,False,False,False,False,False,False,True,1,HOG_graphs/random_graphs_8to14vertices_78instances_20260625_143415_AdjacencyList.txt,True,Results/warm_start_cache,512,60,0,16,1,1,0,0,5,0,5,10,42,True,_Exp4_v2_standardZeroAngles,1,42,18,"[(1, 3), (0, 1), (2, 7), (2, 3), (0, 4), (5, 7), (0, 7), (3, 5), (4, 6), (1, 2), (1, 8), (0, 6), (3, 4), (5, 6), (6, 8), (7, 8), (0, 8), (6, 7)]","[1.0, 1.0, 1.0, 1.0, 1.0, 1.0, 1.0, 1.0, 1.0, 1.0, 1.0, 1.0, 1.0, 1.0, 1.0, 1.0, 1.0, 1.0]"
26e2acbb,9,18,4,75.0,False,True,"[1, 1, 1]",8.668163939107135,11.279112702742205,11.279112702742205,,,,,6.535575909620358,6.535575909620357,6.535575909620359,6.535575909620359,"[6.535575909620359, 6.532098603653087, 6.535890202178195, 6.536083025674756, 6.534730085421646, 6.535175166113745, 6.536200162676884, 6.536331935362995, 6.535717886716385, 6.5354622125486, 6.535954680419334, 6.5365590788093035, 6.5366079564647475, 6.536260297381688, 6.53624435830562, 6.536695723721275, 6.53701895363391, 6.536881959423891, 6.5367708878124855, 6.537144883884223, 6.537662841950112, 6.537908742527021, 6.538224563806084, 6.539070255138471, 6.540225183790993, 6.541451760399636, 6.54318778087752, 6.545859503476795, 6.549374844998916, 6.553803628094499, 6.5596170279212735, 6.567158201311171, 6.5765883499197395, 6.588266280148637, 6.602750349483575, 6.620512499940643, 6.641799399927217, 6.666618855056356, 6.694727662274708, 6.725596499433715, 6.758379333043335, 6.791929454818339, 6.824920432311201, 6.856119564774088, 6.884776432987046, 6.910948240637394, 6.935510742184356, 6.959785295857899, 6.985018951409509, 7.011967049290207, 7.040696553247088, 7.070698531464476, 7.101218716656362, 7.13156956645986, 7.161281870470047, 7.190074096545937, 7.2177152152895205, 7.243909565586727, 7.2682931773945025, 7.290544989399398, 7.310549526357187, 7.328516798769102, 7.344932772230958, 7.360269877022925, 7.374597798064536, 7.387435012823788, 7.3980224021246, 7.405798612486446, 7.410692737730234, 7.413065858654098, 7.413504943653951, 7.412736489995925, 7.411588248152809, 7.410805227042246, 7.410824107443288, 7.4117308538771685]",75,0.7539746543249567,,0.8761549442568111,0.8761549442568102,7.4117308538771685,,0.8550519932414447,,,,54.953500509262085,55.066250801086426,True,0.11404037475585938,0.0012767314910888672,0.0,0.11404037475585938,Results/warm_start_cache/random_graphs_8to14vertices_78instances_20260625_143415_AdjacencyList__filehash_a79662a0/hog_idx000019_2dd22b6b742d_seed42_L1_M1_amplified.npz,54.96244764328003,2026-08-29 16:46:47,x86_64,dacsgpu0002,,64,64,3.11.15,0.48,False,False,False,False,,False,True,False,False,adam,False,hamqaoa,0.005,standard,1,1,42,scs,1e-06,100000,False,False,False,hog,False,False,False,False,False,False,True,1,HOG_graphs/random_graphs_8to14vertices_78instances_20260625_143415_AdjacencyList.txt,True,Results/warm_start_cache,512,60,0,16,1,1,0,0,5,0,5,10,42,True,_Exp4_v2_standardZeroAngles,1,42,19,"[(2, 7), (2, 3), (1, 6), (4, 7), (0, 7), (0, 3), (4, 6), (1, 2), (1, 8), (0, 6), (3, 4), (2, 8), (5, 6), (6, 7), (0, 5), (1, 4), (2, 4), (1, 7)]","[1.0, 1.0, 1.0, 1.0, 1.0, 1.0, 1.0, 1.0, 1.0, 1.0, 1.0, 1.0, 1.0, 1.0, 1.0, 1.0, 1.0, 1.0]"
46e9f0d9,9,18,4,75.0,False,True,"[1, 1, 1]",9.318472851988224,13.307131888582061,13.307131888582061,,,,,7.282926091542325,7.282926091542327,7.282926091542325,7.282926091542325,"[7.282926091542325, 7.283465906809302, 7.284123180751841, 7.2858575253454045, 7.285353960384964, 7.284621896167941, 7.285017725781664, 7.2856961511056335, 7.285691867402653, 7.285237457132081, 7.285242633713976, 7.285748500324553, 7.286042555832055, 7.285836138921119, 7.285631829635726, 7.285846904666412, 7.286157121708596, 7.2861051438541935, 7.285898245202736, 7.286012172827266, 7.286283983516828, 7.2862866973988405, 7.286178760275376, 7.286341006084285, 7.286576219640839, 7.28657453702529, 7.286607782701118, 7.286893608392861, 7.287115888350209, 7.2872615200450275, 7.287675276797847, 7.2882158433051485, 7.288753317912372, 7.289649863580621, 7.290905664835235, 7.292474946629586, 7.294788770628916, 7.297970091729082, 7.302185014449713, 7.307919794412166, 7.31543519623999, 7.325169342716536, 7.337769563683991, 7.353646839619073, 7.373096802905208, 7.396319867529156, 7.423216322261469, 7.4532606682157185, 7.485490260804851, 7.518562946179203, 7.5509169725220415, 7.581082470325209, 7.608140254439934, 7.632118099712278, 7.653887250697378, 7.674432860813457, 7.694249737269328, 7.713556383693922, 7.73277993736674, 7.7525952442455885, 7.773589269140785, 7.7959914640797425, 7.819707109435774, 7.844443752482331, 7.869656261248768, 7.894469943508277, 7.917930586305028, 7.9395244363625554, 7.959443437272585, 7.97823236312297, 7.996236497474721, 8.013481714353992, 8.02994379108197, 8.045751623755445, 8.061091989467622, 8.075990761693584]",75,0.7815579019461772,,0.7930646701512565,0.7930646701512591,8.075990761693584,,0.8666646230525273,,,,56.33917856216431,56.456225633621216,True,0.11843085289001465,0.001371622085571289,0.0,0.11843085289001465,Results/warm_start_cache/random_graphs_8to14vertices_78instances_20260625_143415_AdjacencyList__filehash_a79662a0/hog_idx000015_fc4efa18fa8e_seed42_L1_M1_amplified.npz,56.3468861579895,2026-08-29 16:46:48,x86_64,dacsgpu0002,,64,64,3.11.15,0.47,False,False,False,True,4,False,True,False,True,adam,False,hamqaoa,0.005,standard,1,1,42,scs,1e-06,100000,False,False,False,hog,False,False,False,False,False,False,True,1,HOG_graphs/random_graphs_8to14vertices_78instances_20260625_143415_AdjacencyList.txt,True,Results/warm_start_cache,512,60,0,16,1,1,0,0,5,0,5,10,42,True,_Exp4_v2_standardZeroAngles,1,42,15,"[(1, 3), (2, 7), (1, 6), (0, 4), (3, 8), (4, 7), (5, 7), (1, 2), (3, 6), (0, 6), (3, 4), (1, 5), (2, 8), (4, 5), (5, 6), (7, 8), (0, 2), (0, 8)]","[1.0, 1.0, 1.0, 1.0, 1.0, 1.0, 1.0, 1.0, 1.0, 1.0, 1.0, 1.0, 1.0, 1.0, 1.0, 1.0, 1.0, 1.0]"
a2e2b237,9,18,5,75.0,False,True,"[1, 1, 1]",8.668163939107135,11.279112702742205,11.279112702742205,,,,,6.535575909620358,6.535575909620357,6.535575909620359,6.535575909620359,"[6.535575909620359, 6.528424132186574, 6.535728605441221, 6.535299426466277, 6.532936639447436, 6.533945727221027, 6.535767809285952, 6.536147039493203, 6.5352975422798245, 6.534591483143395, 6.534805935598683, 6.535640201309696, 6.536360687107391, 6.536499117467498, 6.536168781463027, 6.53589539922946, 6.536037623748154, 6.536453935731615, 6.53677853053065, 6.53683031009004, 6.536722833563683, 6.536698772278967, 6.5369241747709, 6.537407581088315, 6.538059699468426, 6.538825224276719, 6.539790744281095, 6.5411845588704125, 6.543283208081862, 6.546331353320656, 6.550524445933361, 6.556025703752886, 6.563065414656951, 6.5719854259055825, 6.583009767995323, 6.596024351865113, 6.610473343417539, 6.625825399441219, 6.642173060314877, 6.6600421410296935, 6.679867262726884, 6.701858684610701, 6.725934498465814, 6.751698509943679, 6.7784841481229545, 6.805433877257173, 6.8316968254275645, 6.856738321196668, 6.8804865845306, 6.903111284661326, 6.924678506473742, 6.9451118532626275, 6.96450369221499, 6.983397872991027, 7.002602516855657, 7.022626133728747, 7.043395185276463, 7.064472546662814, 7.085421452920872, 7.10602543547677, 7.126249538081088, 7.145985445860917, 7.164931232096392, 7.182817406381085, 7.199693155103642, 7.215866977084276, 7.231529565610616, 7.246467668823643, 7.260147031172745, 7.2720141052738665, 7.281701814890046, 7.289056311747177, 7.294183303739914, 7.297588387699272, 7.300140643580196, 7.302708165164929]",75,0.7539746543249567,,0.7671322555445714,0.7671322555445705,7.302708165164929,,0.8424746251300301,,,,64.45243811607361,64.56519436836243,True,0.11404037475585938,0.0012729167938232422,0.0,0.11404037475585938,Results/warm_start_cache/random_graphs_8to14vertices_78instances_20260625_143415_AdjacencyList__filehash_a79662a0/hog_idx000019_2dd22b6b742d_seed42_L1_M1_amplified.npz,64.46161794662476,2026-08-29 16:46:56,x86_64,dacsgpu0002,,64,64,3.11.15,0.49,False,False,False,False,,False,True,False,False,adam,False,hamqaoa,0.005,standard,1,1,42,scs,1e-06,100000,False,False,False,hog,False,False,False,False,False,False,True,1,HOG_graphs/random_graphs_8to14vertices_78instances_20260625_143415_AdjacencyList.txt,True,Results/warm_start_cache,512,60,0,16,1,1,0,0,5,0,5,10,42,True,_Exp4_v2_standardZeroAngles,1,42,19,"[(2, 7), (2, 3), (1, 6), (4, 7), (0, 7), (0, 3), (4, 6), (1, 2), (1, 8), (0, 6), (3, 4), (2, 8), (5, 6), (6, 7), (0, 5), (1, 4), (2, 4), (1, 7)]","[1.0, 1.0, 1.0, 1.0, 1.0, 1.0, 1.0, 1.0, 1.0, 1.0, 1.0, 1.0, 1.0, 1.0, 1.0, 1.0, 1.0, 1.0]"
9a071ae3,9,18,5,75.0,False,True,"[1, 1, 1]",9.11474866234564,12.40174505261295,12.40174505261295,,,,,6.982784644394997,6.982784644395001,6.982784644395004,6.982784644395004,"[6.982784644395004, 6.9774433950231325, 6.982604500539009, 6.982472974440357, 6.980500047910716, 6.981257042954617, 6.982829158076745, 6.9831586030412005, 6.982376870349698, 6.981878868202359, 6.982287307234196, 6.983055596462691, 6.983426650641668, 6.983211124276562, 6.982859543440325, 6.982852148839032, 6.983185849583887, 6.983511334836148, 6.98355904499504, 6.983375109713933, 6.983213126934075, 6.983252536148147, 6.983450550590925, 6.983636991361711, 6.983696556530116, 6.983661131315449, 6.98364702104456, 6.983721611895884, 6.983845666031663, 6.983935833994488, 6.983963501634056, 6.983980749131161, 6.984051150105253, 6.9841746928437125, 6.9842987275496355, 6.9843948643051075, 6.984501461947381, 6.9846723630679355, 6.984904505821876, 6.985155456815484, 6.985438109120705, 6.985847532497344, 6.986465829684154, 6.98730996283956, 6.988430647359696, 6.989999584146123, 6.992239790514094, 6.995386424444678, 6.999800112405624, 7.005985601456892, 7.014460932458173, 7.025689072029781, 7.04006645958424, 7.057884905417018, 7.079218735000386, 7.103872267187649, 7.131386397476315, 7.1610584545885505, 7.192001861529263, 7.223262171665631, 7.254007611412917, 7.283674962609506, 7.311853287729834, 7.338029215363824, 7.361743510496479, 7.382985370960533, 7.402408017800116, 7.421032601770818, 7.439694138484, 7.458815109177711, 7.478527833476064, 7.498758682244194, 7.519217704254733, 7.53950952908416, 7.559375410256182, 7.578816283952873]",75,0.7660973333518132,,0.5960316395578724,0.5960316395578769,7.578816283952873,,0.8314893328065174,,,,64.9235475063324,65.04366064071655,True,0.12166905403137207,0.001543283462524414,0.0,0.12166905403137207,Results/warm_start_cache/random_graphs_8to14vertices_78instances_20260625_143415_AdjacencyList__filehash_a79662a0/hog_idx000018_676d54605e7a_seed42_L1_M1_amplified.npz,64.93223309516907,2026-08-29 16:46:57,x86_64,dacsgpu0002,,64,64,3.11.15,0.49,False,False,False,False,,False,True,False,False,adam,False,hamqaoa,0.005,standard,1,1,42,scs,1e-06,100000,False,False,False,hog,False,False,False,False,False,False,True,1,HOG_graphs/random_graphs_8to14vertices_78instances_20260625_143415_AdjacencyList.txt,True,Results/warm_start_cache,512,60,0,16,1,1,0,0,5,0,5,10,42,True,_Exp4_v2_standardZeroAngles,1,42,18,"[(1, 3), (0, 1), (2, 7), (2, 3), (0, 4), (5, 7), (0, 7), (3, 5), (4, 6), (1, 2), (1, 8), (0, 6), (3, 4), (5, 6), (6, 8), (7, 8), (0, 8), (6, 7)]","[1.0, 1.0, 1.0, 1.0, 1.0, 1.0, 1.0, 1.0, 1.0, 1.0, 1.0, 1.0, 1.0, 1.0, 1.0, 1.0, 1.0, 1.0]"
326149ab,9,18,5,75.0,False,True,"[1, 1, 1]",9.318472851988224,13.307131888582061,13.307131888582061,,,,,7.282926091542325,7.282926091542327,7.282926091542325,7.282926091542325,"[7.282926091542325, 7.280343096086987, 7.2842585070671575, 7.285766242756484, 7.283970910474929, 7.283771764090257, 7.285037442775607, 7.285683197175773, 7.285097704377326, 7.284471572057954, 7.284793042648326, 7.2855517691824305, 7.285836915598977, 7.285519262939663, 7.28521522150884, 7.2853888141837215, 7.2858053913031835, 7.28594306415405, 7.285697622541085, 7.28549840982351, 7.285658467378592, 7.285941564080917, 7.285978180746313, 7.2858102658829615, 7.285777307450329, 7.28596473545175, 7.286098747694064, 7.286012790634503, 7.285914971327912, 7.28600988567941, 7.28614477132019, 7.286120713487412, 7.2860614192540565, 7.286152722681653, 7.286275671112329, 7.286265614756459, 7.286253416298726, 7.2863664579743075, 7.286452945962395, 7.286454593945546, 7.2865426573858505, 7.286701084820768, 7.2867936708843715, 7.286930644852304, 7.287181039786516, 7.287419960385159, 7.287724085773295, 7.288191582804497, 7.288734631170059, 7.289457379690234, 7.290459416436171, 7.291712100427354, 7.293400470824905, 7.295599868677223, 7.298387313626171, 7.301981220054993, 7.306474148559943, 7.312149892254463, 7.319205623700543, 7.327906127355389, 7.3386057253086605, 7.3516631987604075, 7.367470014025078, 7.3861466703966325, 7.40777344672888, 7.432384122255415, 7.45987121674786, 7.489899429946908, 7.521823032159269, 7.554826022171652, 7.588092844861008, 7.62101328347068, 7.653409196470965, 7.685530161389882, 7.717650581227621, 7.74957232518537]",75,0.7815579019461772,,0.4666462336430426,0.46664623364304525,7.74957232518537,,0.8316354458801576,,,,65.00231623649597,65.11940455436707,True,0.11843085289001465,0.0013301372528076172,0.0,0.11843085289001465,Results/warm_start_cache/random_graphs_8to14vertices_78instances_20260625_143415_AdjacencyList__filehash_a79662a0/hog_idx000015_fc4efa18fa8e_seed42_L1_M1_amplified.npz,65.01022362709045,2026-08-29 16:46:57,x86_64,dacsgpu0002,,64,64,3.11.15,0.52,False,False,False,True,4,False,True,False,True,adam,False,hamqaoa,0.005,standard,1,1,42,scs,1e-06,100000,False,False,False,hog,False,False,False,False,False,False,True,1,HOG_graphs/random_graphs_8to14vertices_78instances_20260625_143415_AdjacencyList.txt,True,Results/warm_start_cache,512,60,0,16,1,1,0,0,5,0,5,10,42,True,_Exp4_v2_standardZeroAngles,1,42,15,"[(1, 3), (2, 7), (1, 6), (0, 4), (3, 8), (4, 7), (5, 7), (1, 2), (3, 6), (0, 6), (3, 4), (1, 5), (2, 8), (4, 5), (5, 6), (7, 8), (0, 2), (0, 8)]","[1.0, 1.0, 1.0, 1.0, 1.0, 1.0, 1.0, 1.0, 1.0, 1.0, 1.0, 1.0, 1.0, 1.0, 1.0, 1.0, 1.0, 1.0]"
