run_id,n,m,p,precision/iterations,singlet_injection,warm_start,parameter_vector,optimal_result,sdp_objective_value_step1,sdp_objective_value_king_normalized_step1,algorithm17_actual_energy,algorithm17_lower_bound_energy,initial_ws_energy_prodStates_step2,initial_sdp_statevector_energy,initial_sdp_statevec_ratio,initial_ws_energy_010101,QAOA_improvement_over_SDP_statevectorEnergy,QAOA_improvement_over_SDP_prodStatesEnergy,result,result_010101,approx_ratio,approx_ratio_010101,diff. approx. ratio,sdp ws greater,duration_seconds,duration_seconds_excluding_warm_start_cache_io,warm_start_cache_used,warm_start_compute_time_seconds,warm_start_load_time_seconds,warm_start_save_time_seconds,warm_start_effective_time_seconds,warm_start_cache_path,full duration_seconds,finished_at,processor,hostname,total_ram_gb,physical_cores,logical_cores,python_version,peak_ram_mb,Instance_is_triangle_free,Instance_is_3_regular,optimiser,optimiser_use_heuristic,heuristic_optimiser_iterations,heuristic_optimiser_sampleSize,circuit_type,learning_rate_adam,n_end,compare_with_010101,init_QAOAparams_close_to_zero,graph_generation_type,weighted,easiest_first,debug,save_circuit_svg,rerun_exclude_finished_instances,warm_start_cache_producer_only,qaoa_only_from_existing_warm_start_cache,num_repeats,relative_graph_adjList_path,persistent_warm_start_cache,sdp_max_parallel,qaoa_max_parallel,qaoa_threads,queue_poll_interval_seconds,benchmark_repeat_idx,sdp_seed,hog_graph_index,edges,weights
4570178b,8,11,1,5.0,False,False,"[1, 1, 1]",6.1405390212315885,,,,,,,,,,,2.9550399470530238,,0.48123461748808183,,,,0.7581782341003418,0.7581782341003418,False,,0.0,0.0,,,0.7655670642852783,2026-07-21 18:02:56,x86_64,dacsgpu0002,,64,64,3.11.15,0.2,False,False,adam,True,1,20,hamqaoa,0.005,44,False,False,hog,False,True,False,False,False,False,False,1,HOG_graphs/random_graphs_8to14vertices_78instances_20260625_143415_AdjacencyList.txt,False,0,32,1,5,1,,0,"[(1, 3), (1, 6), (0, 7), (3, 5), (0, 3), (5, 6), (1, 5), (1, 4), (0, 2), (3, 6), (6, 7)]","[1.0, 1.0, 1.0, 1.0, 1.0, 1.0, 1.0, 1.0, 1.0, 1.0, 1.0]"
2a7e2829,8,9,1,5.0,False,False,"[1, 1, 1]",5.847763554161063,,,,,,,,,,,2.796111797564269,,0.478150624878575,,,,0.7512099742889404,0.7512099742889404,False,,0.0,0.0,,,0.7573401927947998,2026-07-21 18:02:56,x86_64,dacsgpu0002,,64,64,3.11.15,0.2,True,False,adam,True,1,20,hamqaoa,0.005,44,False,False,hog,False,True,False,False,False,False,False,1,HOG_graphs/random_graphs_8to14vertices_78instances_20260625_143415_AdjacencyList.txt,False,0,32,1,5,1,,1,"[(2, 7), (1, 3), (3, 5), (0, 3), (4, 5), (3, 7), (1, 4), (0, 2), (3, 6)]","[1.0, 1.0, 1.0, 1.0, 1.0, 1.0, 1.0, 1.0, 1.0]"
95c17e0a,8,11,1,10.0,False,False,"[1, 1, 1]",6.1405390212315885,,,,,,,,,,,3.7800063245748885,,0.6155821681948607,,,,0.9041340351104736,0.9041340351104736,False,,0.0,0.0,,,0.9108011722564697,2026-07-21 18:02:56,x86_64,dacsgpu0002,,64,64,3.11.15,0.2,False,False,adam,True,1,20,hamqaoa,0.005,44,False,False,hog,False,True,False,False,False,False,False,1,HOG_graphs/random_graphs_8to14vertices_78instances_20260625_143415_AdjacencyList.txt,False,0,32,1,5,1,,0,"[(1, 3), (1, 6), (0, 7), (3, 5), (0, 3), (5, 6), (1, 5), (1, 4), (0, 2), (3, 6), (6, 7)]","[1.0, 1.0, 1.0, 1.0, 1.0, 1.0, 1.0, 1.0, 1.0, 1.0, 1.0]"
856f4855,8,11,1,25.0,False,False,"[1, 1, 1]",6.1405390212315885,,,,,,,,,,,3.6168585445240655,,0.5890132009614106,,,,1.3111121654510498,1.3111121654510498,False,,0.0,0.0,,,1.3176274299621582,2026-07-21 18:02:56,x86_64,dacsgpu0002,,64,64,3.11.15,0.21,False,False,adam,True,1,20,hamqaoa,0.005,44,False,False,hog,False,True,False,False,False,False,False,1,HOG_graphs/random_graphs_8to14vertices_78instances_20260625_143415_AdjacencyList.txt,False,0,32,1,5,1,,0,"[(1, 3), (1, 6), (0, 7), (3, 5), (0, 3), (5, 6), (1, 5), (1, 4), (0, 2), (3, 6), (6, 7)]","[1.0, 1.0, 1.0, 1.0, 1.0, 1.0, 1.0, 1.0, 1.0, 1.0, 1.0]"
002a99fb,8,9,1,10.0,False,False,"[1, 1, 1]",5.847763554161063,,,,,,,,,,,3.2024253168253254,,0.5476324901246378,,,,0.9077048301696777,0.9077048301696777,False,,0.0,0.0,,,0.9146382808685303,2026-07-21 18:02:57,x86_64,dacsgpu0002,,64,64,3.11.15,0.2,True,False,adam,True,1,20,hamqaoa,0.005,44,False,False,hog,False,True,False,False,False,False,False,1,HOG_graphs/random_graphs_8to14vertices_78instances_20260625_143415_AdjacencyList.txt,False,0,32,1,5,1,,1,"[(2, 7), (1, 3), (3, 5), (0, 3), (4, 5), (3, 7), (1, 4), (0, 2), (3, 6)]","[1.0, 1.0, 1.0, 1.0, 1.0, 1.0, 1.0, 1.0, 1.0]"
bdf7a5f3,8,11,2,5.0,False,False,"[1, 1, 1]",6.1405390212315885,,,,,,,,,,,3.720510562463612,,0.6058931552424858,,,,1.766606092453003,1.766606092453003,False,,0.0,0.0,,,1.772397518157959,2026-07-21 18:02:57,x86_64,dacsgpu0002,,64,64,3.11.15,0.21,False,False,adam,True,1,20,hamqaoa,0.005,44,False,False,hog,False,True,False,False,False,False,False,1,HOG_graphs/random_graphs_8to14vertices_78instances_20260625_143415_AdjacencyList.txt,False,0,32,1,5,1,,0,"[(1, 3), (1, 6), (0, 7), (3, 5), (0, 3), (5, 6), (1, 5), (1, 4), (0, 2), (3, 6), (6, 7)]","[1.0, 1.0, 1.0, 1.0, 1.0, 1.0, 1.0, 1.0, 1.0, 1.0, 1.0]"
1abc1bda,8,9,2,5.0,False,False,"[1, 1, 1]",5.847763554161063,,,,,,,,,,,2.942144121364191,,0.5031229621571591,,,,1.6464641094207764,1.6464641094207764,False,,0.0,0.0,,,1.6535124778747559,2026-07-21 18:02:57,x86_64,dacsgpu0002,,64,64,3.11.15,0.21,True,False,adam,True,1,20,hamqaoa,0.005,44,False,False,hog,False,True,False,False,False,False,False,1,HOG_graphs/random_graphs_8to14vertices_78instances_20260625_143415_AdjacencyList.txt,False,0,32,1,5,1,,1,"[(2, 7), (1, 3), (3, 5), (0, 3), (4, 5), (3, 7), (1, 4), (0, 2), (3, 6)]","[1.0, 1.0, 1.0, 1.0, 1.0, 1.0, 1.0, 1.0, 1.0]"
73898fc8,8,11,2,10.0,False,False,"[1, 1, 1]",6.1405390212315885,,,,,,,,,,,3.436828534751116,,0.5596949262707889,,,,2.0679078102111816,2.0679078102111816,False,,0.0,0.0,,,2.0735294818878174,2026-07-21 18:02:57,x86_64,dacsgpu0002,,64,64,3.11.15,0.2,False,False,adam,True,1,20,hamqaoa,0.005,44,False,False,hog,False,True,False,False,False,False,False,1,HOG_graphs/random_graphs_8to14vertices_78instances_20260625_143415_AdjacencyList.txt,False,0,32,1,5,1,,0,"[(1, 3), (1, 6), (0, 7), (3, 5), (0, 3), (5, 6), (1, 5), (1, 4), (0, 2), (3, 6), (6, 7)]","[1.0, 1.0, 1.0, 1.0, 1.0, 1.0, 1.0, 1.0, 1.0, 1.0, 1.0]"
fb1ec850,8,9,1,25.0,False,False,"[1, 1, 1]",5.847763554161063,,,,,,,,,,,2.6921614068852526,,0.4603745315539656,,,,1.357604742050171,1.357604742050171,False,,0.0,0.0,,,1.364558219909668,2026-07-21 18:02:57,x86_64,dacsgpu0002,,64,64,3.11.15,0.21,True,False,adam,True,1,20,hamqaoa,0.005,44,False,False,hog,False,True,False,False,False,False,False,1,HOG_graphs/random_graphs_8to14vertices_78instances_20260625_143415_AdjacencyList.txt,False,0,32,1,5,1,,1,"[(2, 7), (1, 3), (3, 5), (0, 3), (4, 5), (3, 7), (1, 4), (0, 2), (3, 6)]","[1.0, 1.0, 1.0, 1.0, 1.0, 1.0, 1.0, 1.0, 1.0]"
9f313c70,8,16,1,5.0,False,False,"[1, 1, 1]",8.13007668131079,,,,,,,,,,,5.332333569659884,,0.6558774017369006,,,,0.8621072769165039,0.8621072769165039,False,,0.0,0.0,,,0.8696527481079102,2026-07-21 18:02:57,x86_64,dacsgpu0002,,64,64,3.11.15,0.2,False,False,adam,True,1,20,hamqaoa,0.005,44,False,False,hog,False,True,False,False,False,False,False,1,HOG_graphs/random_graphs_8to14vertices_78instances_20260625_143415_AdjacencyList.txt,False,0,32,1,5,1,,2,"[(2, 7), (2, 6), (4, 6), (1, 2), (0, 6), (3, 4), (1, 5), (4, 5), (3, 7), (2, 5), (6, 7), (0, 5), (1, 4), (3, 6), (2, 4), (1, 7)]","[1.0, 1.0, 1.0, 1.0, 1.0, 1.0, 1.0, 1.0, 1.0, 1.0, 1.0, 1.0, 1.0, 1.0, 1.0, 1.0]"
57260e9c,8,11,1,50.0,False,False,"[1, 1, 1]",6.1405390212315885,,,,,,,,,,,3.5136589278486947,,0.5722069212002127,,,,2.128256320953369,2.128256320953369,False,,0.0,0.0,,,2.134634256362915,2026-07-21 18:02:57,x86_64,dacsgpu0002,,64,64,3.11.15,0.21,False,False,adam,True,1,20,hamqaoa,0.005,44,False,False,hog,False,True,False,False,False,False,False,1,HOG_graphs/random_graphs_8to14vertices_78instances_20260625_143415_AdjacencyList.txt,False,0,32,1,5,1,,0,"[(1, 3), (1, 6), (0, 7), (3, 5), (0, 3), (5, 6), (1, 5), (1, 4), (0, 2), (3, 6), (6, 7)]","[1.0, 1.0, 1.0, 1.0, 1.0, 1.0, 1.0, 1.0, 1.0, 1.0, 1.0]"
7e273d13,8,16,1,10.0,False,False,"[1, 1, 1]",8.13007668131079,,,,,,,,,,,4.069789776963637,,0.5005844269979844,,,,1.015758991241455,1.015758991241455,False,,0.0,0.0,,,1.0233726501464844,2026-07-21 18:02:58,x86_64,dacsgpu0002,,64,64,3.11.15,0.2,False,False,adam,True,1,20,hamqaoa,0.005,44,False,False,hog,False,True,False,False,False,False,False,1,HOG_graphs/random_graphs_8to14vertices_78instances_20260625_143415_AdjacencyList.txt,False,0,32,1,5,1,,2,"[(2, 7), (2, 6), (4, 6), (1, 2), (0, 6), (3, 4), (1, 5), (4, 5), (3, 7), (2, 5), (6, 7), (0, 5), (1, 4), (3, 6), (2, 4), (1, 7)]","[1.0, 1.0, 1.0, 1.0, 1.0, 1.0, 1.0, 1.0, 1.0, 1.0, 1.0, 1.0, 1.0, 1.0, 1.0, 1.0]"
35f76166,8,9,2,10.0,False,False,"[1, 1, 1]",5.847763554161063,,,,,,,,,,,3.0978921549179086,,0.5297567396878687,,,,2.0108401775360107,2.0108401775360107,False,,0.0,0.0,,,2.0172677040100098,2026-07-21 18:02:58,x86_64,dacsgpu0002,,64,64,3.11.15,0.21,True,False,adam,True,1,20,hamqaoa,0.005,44,False,False,hog,False,True,False,False,False,False,False,1,HOG_graphs/random_graphs_8to14vertices_78instances_20260625_143415_AdjacencyList.txt,False,0,32,1,5,1,,1,"[(2, 7), (1, 3), (3, 5), (0, 3), (4, 5), (3, 7), (1, 4), (0, 2), (3, 6)]","[1.0, 1.0, 1.0, 1.0, 1.0, 1.0, 1.0, 1.0, 1.0]"
5f3baefc,8,11,2,25.0,False,False,"[1, 1, 1]",6.1405390212315885,,,,,,,,,,,3.4044337447070143,,0.5544193649671162,,,,3.1397604942321777,3.1397604942321777,False,,0.0,0.0,,,3.1466362476348877,2026-07-21 18:02:58,x86_64,dacsgpu0002,,64,64,3.11.15,0.21,False,False,adam,True,1,20,hamqaoa,0.005,44,False,False,hog,False,True,False,False,False,False,False,1,HOG_graphs/random_graphs_8to14vertices_78instances_20260625_143415_AdjacencyList.txt,False,0,32,1,5,1,,0,"[(1, 3), (1, 6), (0, 7), (3, 5), (0, 3), (5, 6), (1, 5), (1, 4), (0, 2), (3, 6), (6, 7)]","[1.0, 1.0, 1.0, 1.0, 1.0, 1.0, 1.0, 1.0, 1.0, 1.0, 1.0]"
cf789cb5,8,12,1,5.0,False,False,"[1, 1, 1]",7.820089374374799,,,,,,,,,,,3.271581725263295,,0.4183560530629935,,,,0.8378880023956299,0.8378880023956299,False,,0.0,0.0,,,0.8472890853881836,2026-07-21 18:02:58,x86_64,dacsgpu0002,,64,64,3.11.15,0.2,True,True,adam,True,1,20,hamqaoa,0.005,44,False,False,hog,False,True,False,False,False,False,False,1,HOG_graphs/random_graphs_8to14vertices_78instances_20260625_143415_AdjacencyList.txt,False,0,32,1,5,1,,3,"[(1, 3), (2, 3), (1, 6), (0, 4), (2, 6), (5, 7), (0, 7), (3, 5), (0, 6), (4, 5), (2, 4), (1, 7)]","[1.0, 1.0, 1.0, 1.0, 1.0, 1.0, 1.0, 1.0, 1.0, 1.0, 1.0, 1.0]"
6104c605,8,9,1,50.0,False,False,"[1, 1, 1]",5.847763554161063,,,,,,,,,,,2.290450346248455,,0.391679712258313,,,,2.1637492179870605,2.1637492179870605,False,,0.0,0.0,,,2.1709749698638916,2026-07-21 18:02:58,x86_64,dacsgpu0002,,64,64,3.11.15,0.2,True,False,adam,True,1,20,hamqaoa,0.005,44,False,False,hog,False,True,False,False,False,False,False,1,HOG_graphs/random_graphs_8to14vertices_78instances_20260625_143415_AdjacencyList.txt,False,0,32,1,5,1,,1,"[(2, 7), (1, 3), (3, 5), (0, 3), (4, 5), (3, 7), (1, 4), (0, 2), (3, 6)]","[1.0, 1.0, 1.0, 1.0, 1.0, 1.0, 1.0, 1.0, 1.0]"
b10d8577,8,16,1,25.0,False,False,"[1, 1, 1]",8.13007668131079,,,,,,,,,,,5.892431953839711,,0.724769542135449,,,,1.6074302196502686,1.6074302196502686,False,,0.0,0.0,,,1.6142477989196777,2026-07-21 18:02:58,x86_64,dacsgpu0002,,64,64,3.11.15,0.2,False,False,adam,True,1,20,hamqaoa,0.005,44,False,False,hog,False,True,False,False,False,False,False,1,HOG_graphs/random_graphs_8to14vertices_78instances_20260625_143415_AdjacencyList.txt,False,0,32,1,5,1,,2,"[(2, 7), (2, 6), (4, 6), (1, 2), (0, 6), (3, 4), (1, 5), (4, 5), (3, 7), (2, 5), (6, 7), (0, 5), (1, 4), (3, 6), (2, 4), (1, 7)]","[1.0, 1.0, 1.0, 1.0, 1.0, 1.0, 1.0, 1.0, 1.0, 1.0, 1.0, 1.0, 1.0, 1.0, 1.0, 1.0]"
0aeeaa14,8,16,2,5.0,False,False,"[1, 1, 1]",8.13007668131079,,,,,,,,,,,5.2209534148276155,,0.6421776349083408,,,,2.1890976428985596,2.1890976428985596,False,,0.0,0.0,,,2.1955466270446777,2026-07-21 18:02:59,x86_64,dacsgpu0002,,64,64,3.11.15,0.21,False,False,adam,True,1,20,hamqaoa,0.005,44,False,False,hog,False,True,False,False,False,False,False,1,HOG_graphs/random_graphs_8to14vertices_78instances_20260625_143415_AdjacencyList.txt,False,0,32,1,5,1,,2,"[(2, 7), (2, 6), (4, 6), (1, 2), (0, 6), (3, 4), (1, 5), (4, 5), (3, 7), (2, 5), (6, 7), (0, 5), (1, 4), (3, 6), (2, 4), (1, 7)]","[1.0, 1.0, 1.0, 1.0, 1.0, 1.0, 1.0, 1.0, 1.0, 1.0, 1.0, 1.0, 1.0, 1.0, 1.0, 1.0]"
84150fa5,8,12,1,10.0,False,False,"[1, 1, 1]",7.820089374374799,,,,,,,,,,,3.9035935475478896,,0.49917505551015195,,,,0.9905803203582764,0.9905803203582764,False,,0.0,0.0,,,0.9974887371063232,2026-07-21 18:02:59,x86_64,dacsgpu0002,,64,64,3.11.15,0.2,True,True,adam,True,1,20,hamqaoa,0.005,44,False,False,hog,False,True,False,False,False,False,False,1,HOG_graphs/random_graphs_8to14vertices_78instances_20260625_143415_AdjacencyList.txt,False,0,32,1,5,1,,3,"[(1, 3), (2, 3), (1, 6), (0, 4), (2, 6), (5, 7), (0, 7), (3, 5), (0, 6), (4, 5), (2, 4), (1, 7)]","[1.0, 1.0, 1.0, 1.0, 1.0, 1.0, 1.0, 1.0, 1.0, 1.0, 1.0, 1.0]"
ef3b45b8,8,9,2,25.0,False,False,"[1, 1, 1]",5.847763554161063,,,,,,,,,,,3.4113881645971755,,0.583366296020938,,,,2.9795258045196533,2.9795258045196533,False,,0.0,0.0,,,2.9858851432800293,2026-07-21 18:02:59,x86_64,dacsgpu0002,,64,64,3.11.15,0.2,True,False,adam,True,1,20,hamqaoa,0.005,44,False,False,hog,False,True,False,False,False,False,False,1,HOG_graphs/random_graphs_8to14vertices_78instances_20260625_143415_AdjacencyList.txt,False,0,32,1,5,1,,1,"[(2, 7), (1, 3), (3, 5), (0, 3), (4, 5), (3, 7), (1, 4), (0, 2), (3, 6)]","[1.0, 1.0, 1.0, 1.0, 1.0, 1.0, 1.0, 1.0, 1.0]"
0088b7af,8,16,2,10.0,False,False,"[1, 1, 1]",8.13007668131079,,,,,,,,,,,4.998322974171533,,0.6147940751483376,,,,2.5354292392730713,2.5354292392730713,False,,0.0,0.0,,,2.5444724559783936,2026-07-21 18:02:59,x86_64,dacsgpu0002,,64,64,3.11.15,0.2,False,False,adam,True,1,20,hamqaoa,0.005,44,False,False,hog,False,True,False,False,False,False,False,1,HOG_graphs/random_graphs_8to14vertices_78instances_20260625_143415_AdjacencyList.txt,False,0,32,1,5,1,,2,"[(2, 7), (2, 6), (4, 6), (1, 2), (0, 6), (3, 4), (1, 5), (4, 5), (3, 7), (2, 5), (6, 7), (0, 5), (1, 4), (3, 6), (2, 4), (1, 7)]","[1.0, 1.0, 1.0, 1.0, 1.0, 1.0, 1.0, 1.0, 1.0, 1.0, 1.0, 1.0, 1.0, 1.0, 1.0, 1.0]"
c3ef05d7,8,12,1,25.0,False,False,"[1, 1, 1]",7.820089374374799,,,,,,,,,,,3.2380620337884785,,0.4140696964921012,,,,1.4274513721466064,1.4274513721466064,False,,0.0,0.0,,,1.434659481048584,2026-07-21 18:02:59,x86_64,dacsgpu0002,,64,64,3.11.15,0.2,True,True,adam,True,1,20,hamqaoa,0.005,44,False,False,hog,False,True,False,False,False,False,False,1,HOG_graphs/random_graphs_8to14vertices_78instances_20260625_143415_AdjacencyList.txt,False,0,32,1,5,1,,3,"[(1, 3), (2, 3), (1, 6), (0, 4), (2, 6), (5, 7), (0, 7), (3, 5), (0, 6), (4, 5), (2, 4), (1, 7)]","[1.0, 1.0, 1.0, 1.0, 1.0, 1.0, 1.0, 1.0, 1.0, 1.0, 1.0, 1.0]"
b06e1a53,8,16,1,5.0,False,False,"[1, 1, 1]",9.029354551197121,,,,,,,,,,,4.5247665303652935,,0.5011173838295446,,,,0.8963592052459717,0.8963592052459717,False,,0.0,0.0,,,0.9038515090942383,2026-07-21 18:03:00,x86_64,dacsgpu0002,,64,64,3.11.15,0.2,False,False,adam,True,1,20,hamqaoa,0.005,44,False,False,hog,False,True,False,False,False,False,False,1,HOG_graphs/random_graphs_8to14vertices_78instances_20260625_143415_AdjacencyList.txt,False,0,32,1,5,1,,4,"[(1, 3), (0, 1), (2, 3), (1, 6), (4, 7), (2, 6), (5, 7), (0, 7), (3, 5), (4, 6), (5, 6), (3, 7), (0, 5), (1, 4), (0, 2), (2, 4)]","[1.0, 1.0, 1.0, 1.0, 1.0, 1.0, 1.0, 1.0, 1.0, 1.0, 1.0, 1.0, 1.0, 1.0, 1.0, 1.0]"
d6ecf568,8,12,2,5.0,False,False,"[1, 1, 1]",7.820089374374799,,,,,,,,,,,4.037697615423689,,0.516323717303614,,,,1.970224142074585,1.970224142074585,False,,0.0,0.0,,,1.976741075515747,2026-07-21 18:03:00,x86_64,dacsgpu0002,,64,64,3.11.15,0.2,True,True,adam,True,1,20,hamqaoa,0.005,44,False,False,hog,False,True,False,False,False,False,False,1,HOG_graphs/random_graphs_8to14vertices_78instances_20260625_143415_AdjacencyList.txt,False,0,32,1,5,1,,3,"[(1, 3), (2, 3), (1, 6), (0, 4), (2, 6), (5, 7), (0, 7), (3, 5), (0, 6), (4, 5), (2, 4), (1, 7)]","[1.0, 1.0, 1.0, 1.0, 1.0, 1.0, 1.0, 1.0, 1.0, 1.0, 1.0, 1.0]"
207b60e9,8,16,1,50.0,False,False,"[1, 1, 1]",8.13007668131079,,,,,,,,,,,4.9545956486036244,,0.6094156110474481,,,,2.4004526138305664,2.4004526138305664,False,,0.0,0.0,,,2.4086921215057373,2026-07-21 18:03:00,x86_64,dacsgpu0002,,64,64,3.11.15,0.2,False,False,adam,True,1,20,hamqaoa,0.005,44,False,False,hog,False,True,False,False,False,False,False,1,HOG_graphs/random_graphs_8to14vertices_78instances_20260625_143415_AdjacencyList.txt,False,0,32,1,5,1,,2,"[(2, 7), (2, 6), (4, 6), (1, 2), (0, 6), (3, 4), (1, 5), (4, 5), (3, 7), (2, 5), (6, 7), (0, 5), (1, 4), (3, 6), (2, 4), (1, 7)]","[1.0, 1.0, 1.0, 1.0, 1.0, 1.0, 1.0, 1.0, 1.0, 1.0, 1.0, 1.0, 1.0, 1.0, 1.0, 1.0]"
dadc510c,8,11,2,50.0,False,False,"[1, 1, 1]",6.1405390212315885,,,,,,,,,,,4.1108249206379845,,0.6694566888060406,,,,4.826288223266602,4.826288223266602,False,,0.0,0.0,,,4.832455158233643,2026-07-21 18:03:00,x86_64,dacsgpu0002,,64,64,3.11.15,0.21,False,False,adam,True,1,20,hamqaoa,0.005,44,False,False,hog,False,True,False,False,False,False,False,1,HOG_graphs/random_graphs_8to14vertices_78instances_20260625_143415_AdjacencyList.txt,False,0,32,1,5,1,,0,"[(1, 3), (1, 6), (0, 7), (3, 5), (0, 3), (5, 6), (1, 5), (1, 4), (0, 2), (3, 6), (6, 7)]","[1.0, 1.0, 1.0, 1.0, 1.0, 1.0, 1.0, 1.0, 1.0, 1.0, 1.0]"
60aa8cf9,8,16,1,10.0,False,False,"[1, 1, 1]",9.029354551197121,,,,,,,,,,,5.014035552446604,,0.5553038729420408,,,,1.0579185485839844,1.0579185485839844,False,,0.0,0.0,,,1.0646460056304932,2026-07-21 18:03:00,x86_64,dacsgpu0002,,64,64,3.11.15,0.2,False,False,adam,True,1,20,hamqaoa,0.005,44,False,False,hog,False,True,False,False,False,False,False,1,HOG_graphs/random_graphs_8to14vertices_78instances_20260625_143415_AdjacencyList.txt,False,0,32,1,5,1,,4,"[(1, 3), (0, 1), (2, 3), (1, 6), (4, 7), (2, 6), (5, 7), (0, 7), (3, 5), (4, 6), (5, 6), (3, 7), (0, 5), (1, 4), (0, 2), (2, 4)]","[1.0, 1.0, 1.0, 1.0, 1.0, 1.0, 1.0, 1.0, 1.0, 1.0, 1.0, 1.0, 1.0, 1.0, 1.0, 1.0]"
a443adf0,8,12,2,10.0,False,False,"[1, 1, 1]",7.820089374374799,,,,,,,,,,,3.8282066198617075,,0.48953489360443087,,,,2.2739670276641846,2.2739670276641846,False,,0.0,0.0,,,2.281554698944092,2026-07-21 18:03:00,x86_64,dacsgpu0002,,64,64,3.11.15,0.2,True,True,adam,True,1,20,hamqaoa,0.005,44,False,False,hog,False,True,False,False,False,False,False,1,HOG_graphs/random_graphs_8to14vertices_78instances_20260625_143415_AdjacencyList.txt,False,0,32,1,5,1,,3,"[(1, 3), (2, 3), (1, 6), (0, 4), (2, 6), (5, 7), (0, 7), (3, 5), (0, 6), (4, 5), (2, 4), (1, 7)]","[1.0, 1.0, 1.0, 1.0, 1.0, 1.0, 1.0, 1.0, 1.0, 1.0, 1.0, 1.0]"
381fb12a,8,12,1,50.0,False,False,"[1, 1, 1]",7.820089374374799,,,,,,,,,,,5.070049330840961,,0.6483364943954111,,,,2.3112435340881348,2.3112435340881348,False,,0.0,0.0,,,2.3178977966308594,2026-07-21 18:03:01,x86_64,dacsgpu0002,,64,64,3.11.15,0.2,True,True,adam,True,1,20,hamqaoa,0.005,44,False,False,hog,False,True,False,False,False,False,False,1,HOG_graphs/random_graphs_8to14vertices_78instances_20260625_143415_AdjacencyList.txt,False,0,32,1,5,1,,3,"[(1, 3), (2, 3), (1, 6), (0, 4), (2, 6), (5, 7), (0, 7), (3, 5), (0, 6), (4, 5), (2, 4), (1, 7)]","[1.0, 1.0, 1.0, 1.0, 1.0, 1.0, 1.0, 1.0, 1.0, 1.0, 1.0, 1.0]"
7cbdc40c,8,16,2,25.0,False,False,"[1, 1, 1]",8.13007668131079,,,,,,,,,,,5.399457041588565,,0.6641335934752863,,,,3.690908670425415,3.690908670425415,False,,0.0,0.0,,,3.6990914344787598,2026-07-21 18:03:01,x86_64,dacsgpu0002,,64,64,3.11.15,0.21,False,False,adam,True,1,20,hamqaoa,0.005,44,False,False,hog,False,True,False,False,False,False,False,1,HOG_graphs/random_graphs_8to14vertices_78instances_20260625_143415_AdjacencyList.txt,False,0,32,1,5,1,,2,"[(2, 7), (2, 6), (4, 6), (1, 2), (0, 6), (3, 4), (1, 5), (4, 5), (3, 7), (2, 5), (6, 7), (0, 5), (1, 4), (3, 6), (2, 4), (1, 7)]","[1.0, 1.0, 1.0, 1.0, 1.0, 1.0, 1.0, 1.0, 1.0, 1.0, 1.0, 1.0, 1.0, 1.0, 1.0, 1.0]"
92c4647a,8,16,2,5.0,False,False,"[1, 1, 1]",9.029354551197121,,,,,,,,,,,4.887570747937585,,0.5412979100803595,,,,2.2126338481903076,2.2126338481903076,False,,0.0,0.0,,,2.2202048301696777,2026-07-21 18:03:01,x86_64,dacsgpu0002,,64,64,3.11.15,0.21,False,False,adam,True,1,20,hamqaoa,0.005,44,False,False,hog,False,True,False,False,False,False,False,1,HOG_graphs/random_graphs_8to14vertices_78instances_20260625_143415_AdjacencyList.txt,False,0,32,1,5,1,,4,"[(1, 3), (0, 1), (2, 3), (1, 6), (4, 7), (2, 6), (5, 7), (0, 7), (3, 5), (4, 6), (5, 6), (3, 7), (0, 5), (1, 4), (0, 2), (2, 4)]","[1.0, 1.0, 1.0, 1.0, 1.0, 1.0, 1.0, 1.0, 1.0, 1.0, 1.0, 1.0, 1.0, 1.0, 1.0, 1.0]"
59ab0a81,8,16,1,25.0,False,False,"[1, 1, 1]",9.029354551197121,,,,,,,,,,,3.999626689457726,,0.4429582055704581,,,,1.6523683071136475,1.6523683071136475,False,,0.0,0.0,,,1.6599156856536865,2026-07-21 18:03:01,x86_64,dacsgpu0002,,64,64,3.11.15,0.21,False,False,adam,True,1,20,hamqaoa,0.005,44,False,False,hog,False,True,False,False,False,False,False,1,HOG_graphs/random_graphs_8to14vertices_78instances_20260625_143415_AdjacencyList.txt,False,0,32,1,5,1,,4,"[(1, 3), (0, 1), (2, 3), (1, 6), (4, 7), (2, 6), (5, 7), (0, 7), (3, 5), (4, 6), (5, 6), (3, 7), (0, 5), (1, 4), (0, 2), (2, 4)]","[1.0, 1.0, 1.0, 1.0, 1.0, 1.0, 1.0, 1.0, 1.0, 1.0, 1.0, 1.0, 1.0, 1.0, 1.0, 1.0]"
9ef84d0e,8,20,1,5.0,False,False,"[1, 1, 1]",9.309016994374973,,,,,,,,,,,5.455719479641333,,0.5860682693927816,,,,1.0220966339111328,1.0220966339111328,False,,0.0,0.0,,,1.030229091644287,2026-07-21 18:03:01,x86_64,dacsgpu0002,,64,64,3.11.15,0.2,False,False,adam,True,1,20,hamqaoa,0.005,44,False,False,hog,False,True,False,False,False,False,False,1,HOG_graphs/random_graphs_8to14vertices_78instances_20260625_143415_AdjacencyList.txt,False,0,32,1,5,1,,5,"[(2, 6), (3, 5), (4, 6), (0, 5), (0, 2), (1, 7), (3, 4), (4, 5), (3, 7), (2, 5), (1, 3), (0, 1), (1, 6), (0, 7), (3, 6), (2, 4), (2, 7), (4, 7), (0, 6), (1, 5)]","[1.0, 1.0, 1.0, 1.0, 1.0, 1.0, 1.0, 1.0, 1.0, 1.0, 1.0, 1.0, 1.0, 1.0, 1.0, 1.0, 1.0, 1.0, 1.0, 1.0]"
ed078c4f,8,9,2,50.0,False,False,"[1, 1, 1]",5.847763554161063,,,,,,,,,,,3.9348604305894974,,0.6728829567313112,,,,4.671814918518066,4.671814918518066,False,,0.0,0.0,,,4.677535772323608,2026-07-21 18:03:01,x86_64,dacsgpu0002,,64,64,3.11.15,0.21,True,False,adam,True,1,20,hamqaoa,0.005,44,False,False,hog,False,True,False,False,False,False,False,1,HOG_graphs/random_graphs_8to14vertices_78instances_20260625_143415_AdjacencyList.txt,False,0,32,1,5,1,,1,"[(2, 7), (1, 3), (3, 5), (0, 3), (4, 5), (3, 7), (1, 4), (0, 2), (3, 6)]","[1.0, 1.0, 1.0, 1.0, 1.0, 1.0, 1.0, 1.0, 1.0]"
968a4f82,8,12,2,25.0,False,False,"[1, 1, 1]",7.820089374374799,,,,,,,,,,,5.359695585691245,,0.6853752341059072,,,,3.2619478702545166,3.2619478702545166,False,,0.0,0.0,,,3.2677760124206543,2026-07-21 18:03:01,x86_64,dacsgpu0002,,64,64,3.11.15,0.21,True,True,adam,True,1,20,hamqaoa,0.005,44,False,False,hog,False,True,False,False,False,False,False,1,HOG_graphs/random_graphs_8to14vertices_78instances_20260625_143415_AdjacencyList.txt,False,0,32,1,5,1,,3,"[(1, 3), (2, 3), (1, 6), (0, 4), (2, 6), (5, 7), (0, 7), (3, 5), (0, 6), (4, 5), (2, 4), (1, 7)]","[1.0, 1.0, 1.0, 1.0, 1.0, 1.0, 1.0, 1.0, 1.0, 1.0, 1.0, 1.0]"
18c33c26,8,20,1,10.0,False,False,"[1, 1, 1]",9.309016994374973,,,,,,,,,,,4.999993377539081,,0.5371129283102991,,,,1.1996967792510986,1.1996967792510986,False,,0.0,0.0,,,1.207331895828247,2026-07-21 18:03:02,x86_64,dacsgpu0002,,64,64,3.11.15,0.2,False,False,adam,True,1,20,hamqaoa,0.005,44,False,False,hog,False,True,False,False,False,False,False,1,HOG_graphs/random_graphs_8to14vertices_78instances_20260625_143415_AdjacencyList.txt,False,0,32,1,5,1,,5,"[(2, 6), (3, 5), (4, 6), (0, 5), (0, 2), (1, 7), (3, 4), (4, 5), (3, 7), (2, 5), (1, 3), (0, 1), (1, 6), (0, 7), (3, 6), (2, 4), (2, 7), (4, 7), (0, 6), (1, 5)]","[1.0, 1.0, 1.0, 1.0, 1.0, 1.0, 1.0, 1.0, 1.0, 1.0, 1.0, 1.0, 1.0, 1.0, 1.0, 1.0, 1.0, 1.0, 1.0, 1.0]"
93d3e454,8,16,2,10.0,False,False,"[1, 1, 1]",9.029354551197121,,,,,,,,,,,5.208400196147918,,0.5768297353499517,,,,2.6150801181793213,2.6150801181793213,False,,0.0,0.0,,,2.6222894191741943,2026-07-21 18:03:02,x86_64,dacsgpu0002,,64,64,3.11.15,0.2,False,False,adam,True,1,20,hamqaoa,0.005,44,False,False,hog,False,True,False,False,False,False,False,1,HOG_graphs/random_graphs_8to14vertices_78instances_20260625_143415_AdjacencyList.txt,False,0,32,1,5,1,,4,"[(1, 3), (0, 1), (2, 3), (1, 6), (4, 7), (2, 6), (5, 7), (0, 7), (3, 5), (4, 6), (5, 6), (3, 7), (0, 5), (1, 4), (0, 2), (2, 4)]","[1.0, 1.0, 1.0, 1.0, 1.0, 1.0, 1.0, 1.0, 1.0, 1.0, 1.0, 1.0, 1.0, 1.0, 1.0, 1.0]"
8ead6967,8,16,1,50.0,False,False,"[1, 1, 1]",9.029354551197121,,,,,,,,,,,6.0463549484763055,,0.6696331298314865,,,,2.385650396347046,2.385650396347046,False,,0.0,0.0,,,2.393930196762085,2026-07-21 18:03:02,x86_64,dacsgpu0002,,64,64,3.11.15,0.2,False,False,adam,True,1,20,hamqaoa,0.005,44,False,False,hog,False,True,False,False,False,False,False,1,HOG_graphs/random_graphs_8to14vertices_78instances_20260625_143415_AdjacencyList.txt,False,0,32,1,5,1,,4,"[(1, 3), (0, 1), (2, 3), (1, 6), (4, 7), (2, 6), (5, 7), (0, 7), (3, 5), (4, 6), (5, 6), (3, 7), (0, 5), (1, 4), (0, 2), (2, 4)]","[1.0, 1.0, 1.0, 1.0, 1.0, 1.0, 1.0, 1.0, 1.0, 1.0, 1.0, 1.0, 1.0, 1.0, 1.0, 1.0]"
87bedb96,8,12,1,5.0,False,False,"[1, 1, 1]",6.52322519319384,,,,,,,,,,,3.999962596930378,,0.6131878753938823,,,,0.8629457950592041,0.8629457950592041,False,,0.0,0.0,,,0.8721103668212891,2026-07-21 18:03:02,x86_64,dacsgpu0002,,64,64,3.11.15,0.2,False,False,adam,True,1,20,hamqaoa,0.005,44,False,False,hog,False,True,False,False,False,False,False,1,HOG_graphs/random_graphs_8to14vertices_78instances_20260625_143415_AdjacencyList.txt,False,0,32,1,5,1,,6,"[(2, 7), (0, 1), (2, 3), (2, 6), (0, 7), (3, 5), (0, 3), (5, 6), (3, 4), (4, 5), (0, 2), (2, 4)]","[1.0, 1.0, 1.0, 1.0, 1.0, 1.0, 1.0, 1.0, 1.0, 1.0, 1.0, 1.0]"
e98e8178,8,20,1,25.0,False,False,"[1, 1, 1]",9.309016994374973,,,,,,,,,,,4.999916334452547,,0.5371046521317745,,,,1.8206758499145508,1.8206758499145508,False,,0.0,0.0,,,1.829982042312622,2026-07-21 18:03:02,x86_64,dacsgpu0002,,64,64,3.11.15,0.2,False,False,adam,True,1,20,hamqaoa,0.005,44,False,False,hog,False,True,False,False,False,False,False,1,HOG_graphs/random_graphs_8to14vertices_78instances_20260625_143415_AdjacencyList.txt,False,0,32,1,5,1,,5,"[(2, 6), (3, 5), (4, 6), (0, 5), (0, 2), (1, 7), (3, 4), (4, 5), (3, 7), (2, 5), (1, 3), (0, 1), (1, 6), (0, 7), (3, 6), (2, 4), (2, 7), (4, 7), (0, 6), (1, 5)]","[1.0, 1.0, 1.0, 1.0, 1.0, 1.0, 1.0, 1.0, 1.0, 1.0, 1.0, 1.0, 1.0, 1.0, 1.0, 1.0, 1.0, 1.0, 1.0, 1.0]"
3a361eb6,8,20,2,5.0,False,False,"[1, 1, 1]",9.309016994374973,,,,,,,,,,,6.009765494726918,,0.6455854037390149,,,,2.3909575939178467,2.3909575939178467,False,,0.0,0.0,,,2.3988029956817627,2026-07-21 18:03:03,x86_64,dacsgpu0002,,64,64,3.11.15,0.2,False,False,adam,True,1,20,hamqaoa,0.005,44,False,False,hog,False,True,False,False,False,False,False,1,HOG_graphs/random_graphs_8to14vertices_78instances_20260625_143415_AdjacencyList.txt,False,0,32,1,5,1,,5,"[(2, 6), (3, 5), (4, 6), (0, 5), (0, 2), (1, 7), (3, 4), (4, 5), (3, 7), (2, 5), (1, 3), (0, 1), (1, 6), (0, 7), (3, 6), (2, 4), (2, 7), (4, 7), (0, 6), (1, 5)]","[1.0, 1.0, 1.0, 1.0, 1.0, 1.0, 1.0, 1.0, 1.0, 1.0, 1.0, 1.0, 1.0, 1.0, 1.0, 1.0, 1.0, 1.0, 1.0, 1.0]"
ce8c577d,8,12,1,10.0,False,False,"[1, 1, 1]",6.52322519319384,,,,,,,,,,,4.658949608507715,,0.7142095314092084,,,,1.0381064414978027,1.0381064414978027,False,,0.0,0.0,,,1.045792818069458,2026-07-21 18:03:03,x86_64,dacsgpu0002,,64,64,3.11.15,0.2,False,False,adam,True,1,20,hamqaoa,0.005,44,False,False,hog,False,True,False,False,False,False,False,1,HOG_graphs/random_graphs_8to14vertices_78instances_20260625_143415_AdjacencyList.txt,False,0,32,1,5,1,,6,"[(2, 7), (0, 1), (2, 3), (2, 6), (0, 7), (3, 5), (0, 3), (5, 6), (3, 4), (4, 5), (0, 2), (2, 4)]","[1.0, 1.0, 1.0, 1.0, 1.0, 1.0, 1.0, 1.0, 1.0, 1.0, 1.0, 1.0]"
b04e8271,8,16,2,50.0,False,False,"[1, 1, 1]",8.13007668131079,,,,,,,,,,,5.065493527301455,,0.6230560578777664,,,,5.724386215209961,5.724386215209961,False,,0.0,0.0,,,5.737529754638672,2026-07-21 18:03:03,x86_64,dacsgpu0002,,64,64,3.11.15,0.21,False,False,adam,True,1,20,hamqaoa,0.005,44,False,False,hog,False,True,False,False,False,False,False,1,HOG_graphs/random_graphs_8to14vertices_78instances_20260625_143415_AdjacencyList.txt,False,0,32,1,5,1,,2,"[(2, 7), (2, 6), (4, 6), (1, 2), (0, 6), (3, 4), (1, 5), (4, 5), (3, 7), (2, 5), (6, 7), (0, 5), (1, 4), (3, 6), (2, 4), (1, 7)]","[1.0, 1.0, 1.0, 1.0, 1.0, 1.0, 1.0, 1.0, 1.0, 1.0, 1.0, 1.0, 1.0, 1.0, 1.0, 1.0]"
677bb13e,8,20,2,10.0,False,False,"[1, 1, 1]",9.309016994374973,,,,,,,,,,,5.9191279329074185,,0.6358488695942961,,,,2.846796989440918,2.846796989440918,False,,0.0,0.0,,,2.854215621948242,2026-07-21 18:03:03,x86_64,dacsgpu0002,,64,64,3.11.15,0.21,False,False,adam,True,1,20,hamqaoa,0.005,44,False,False,hog,False,True,False,False,False,False,False,1,HOG_graphs/random_graphs_8to14vertices_78instances_20260625_143415_AdjacencyList.txt,False,0,32,1,5,1,,5,"[(2, 6), (3, 5), (4, 6), (0, 5), (0, 2), (1, 7), (3, 4), (4, 5), (3, 7), (2, 5), (1, 3), (0, 1), (1, 6), (0, 7), (3, 6), (2, 4), (2, 7), (4, 7), (0, 6), (1, 5)]","[1.0, 1.0, 1.0, 1.0, 1.0, 1.0, 1.0, 1.0, 1.0, 1.0, 1.0, 1.0, 1.0, 1.0, 1.0, 1.0, 1.0, 1.0, 1.0, 1.0]"
3af72bbe,8,16,2,25.0,False,False,"[1, 1, 1]",9.029354551197121,,,,,,,,,,,5.411477732458398,,0.5993205496334107,,,,3.859095573425293,3.859095573425293,False,,0.0,0.0,,,3.871306896209717,2026-07-21 18:03:03,x86_64,dacsgpu0002,,64,64,3.11.15,0.21,False,False,adam,True,1,20,hamqaoa,0.005,44,False,False,hog,False,True,False,False,False,False,False,1,HOG_graphs/random_graphs_8to14vertices_78instances_20260625_143415_AdjacencyList.txt,False,0,32,1,5,1,,4,"[(1, 3), (0, 1), (2, 3), (1, 6), (4, 7), (2, 6), (5, 7), (0, 7), (3, 5), (4, 6), (5, 6), (3, 7), (0, 5), (1, 4), (0, 2), (2, 4)]","[1.0, 1.0, 1.0, 1.0, 1.0, 1.0, 1.0, 1.0, 1.0, 1.0, 1.0, 1.0, 1.0, 1.0, 1.0, 1.0]"
51069ce3,8,12,1,25.0,False,False,"[1, 1, 1]",6.52322519319384,,,,,,,,,,,3.8964420714174306,,0.5973183442268519,,,,1.4619567394256592,1.4619567394256592,False,,0.0,0.0,,,1.4682762622833252,2026-07-21 18:03:03,x86_64,dacsgpu0002,,64,64,3.11.15,0.2,False,False,adam,True,1,20,hamqaoa,0.005,44,False,False,hog,False,True,False,False,False,False,False,1,HOG_graphs/random_graphs_8to14vertices_78instances_20260625_143415_AdjacencyList.txt,False,0,32,1,5,1,,6,"[(2, 7), (0, 1), (2, 3), (2, 6), (0, 7), (3, 5), (0, 3), (5, 6), (3, 4), (4, 5), (0, 2), (2, 4)]","[1.0, 1.0, 1.0, 1.0, 1.0, 1.0, 1.0, 1.0, 1.0, 1.0, 1.0, 1.0]"
6fa0caa5,8,12,2,5.0,False,False,"[1, 1, 1]",6.52322519319384,,,,,,,,,,,3.700796449469493,,0.5673261829640354,,,,2.0079360008239746,2.0079360008239746,False,,0.0,0.0,,,2.014868974685669,2026-07-21 18:03:03,x86_64,dacsgpu0002,,64,64,3.11.15,0.2,False,False,adam,True,1,20,hamqaoa,0.005,44,False,False,hog,False,True,False,False,False,False,False,1,HOG_graphs/random_graphs_8to14vertices_78instances_20260625_143415_AdjacencyList.txt,False,0,32,1,5,1,,6,"[(2, 7), (0, 1), (2, 3), (2, 6), (0, 7), (3, 5), (0, 3), (5, 6), (3, 4), (4, 5), (0, 2), (2, 4)]","[1.0, 1.0, 1.0, 1.0, 1.0, 1.0, 1.0, 1.0, 1.0, 1.0, 1.0, 1.0]"
30dd71c0,8,15,1,5.0,False,False,"[1, 1, 1]",7.5806979535883885,,,,,,,,,,,4.405329135560277,,0.5811244772620147,,,,0.9441783428192139,0.9441783428192139,False,,0.0,0.0,,,0.9521567821502686,2026-07-21 18:03:04,x86_64,dacsgpu0002,,64,64,3.11.15,0.2,False,False,adam,True,1,20,hamqaoa,0.005,44,False,False,hog,False,True,False,False,False,False,False,1,HOG_graphs/random_graphs_8to14vertices_78instances_20260625_143415_AdjacencyList.txt,False,0,32,1,5,1,,7,"[(0, 1), (0, 4), (4, 7), (2, 6), (0, 3), (4, 6), (0, 6), (3, 4), (4, 5), (3, 7), (2, 5), (0, 5), (0, 2), (2, 4), (1, 7)]","[1.0, 1.0, 1.0, 1.0, 1.0, 1.0, 1.0, 1.0, 1.0, 1.0, 1.0, 1.0, 1.0, 1.0, 1.0]"
33f4d14e,8,20,1,50.0,False,False,"[1, 1, 1]",9.309016994374973,,,,,,,,,,,5.287575704769527,,0.5680058064094817,,,,2.68923020362854,2.68923020362854,False,,0.0,0.0,,,2.6974945068359375,2026-07-21 18:03:04,x86_64,dacsgpu0002,,64,64,3.11.15,0.21,False,False,adam,True,1,20,hamqaoa,0.005,44,False,False,hog,False,True,False,False,False,False,False,1,HOG_graphs/random_graphs_8to14vertices_78instances_20260625_143415_AdjacencyList.txt,False,0,32,1,5,1,,5,"[(2, 6), (3, 5), (4, 6), (0, 5), (0, 2), (1, 7), (3, 4), (4, 5), (3, 7), (2, 5), (1, 3), (0, 1), (1, 6), (0, 7), (3, 6), (2, 4), (2, 7), (4, 7), (0, 6), (1, 5)]","[1.0, 1.0, 1.0, 1.0, 1.0, 1.0, 1.0, 1.0, 1.0, 1.0, 1.0, 1.0, 1.0, 1.0, 1.0, 1.0, 1.0, 1.0, 1.0, 1.0]"
ea157c2f,8,12,2,50.0,False,False,"[1, 1, 1]",7.820089374374799,,,,,,,,,,,4.5112182030369254,,0.5768755300699602,,,,5.163010120391846,5.163010120391846,False,,0.0,0.0,,,5.169654369354248,2026-07-21 18:03:04,x86_64,dacsgpu0002,,64,64,3.11.15,0.21,True,True,adam,True,1,20,hamqaoa,0.005,44,False,False,hog,False,True,False,False,False,False,False,1,HOG_graphs/random_graphs_8to14vertices_78instances_20260625_143415_AdjacencyList.txt,False,0,32,1,5,1,,3,"[(1, 3), (2, 3), (1, 6), (0, 4), (2, 6), (5, 7), (0, 7), (3, 5), (0, 6), (4, 5), (2, 4), (1, 7)]","[1.0, 1.0, 1.0, 1.0, 1.0, 1.0, 1.0, 1.0, 1.0, 1.0, 1.0, 1.0]"
7baca764,8,15,1,10.0,False,False,"[1, 1, 1]",7.5806979535883885,,,,,,,,,,,4.804596373023534,,0.6337934056255647,,,,1.0604052543640137,1.0604052543640137,False,,0.0,0.0,,,1.068650245666504,2026-07-21 18:03:04,x86_64,dacsgpu0002,,64,64,3.11.15,0.2,False,False,adam,True,1,20,hamqaoa,0.005,44,False,False,hog,False,True,False,False,False,False,False,1,HOG_graphs/random_graphs_8to14vertices_78instances_20260625_143415_AdjacencyList.txt,False,0,32,1,5,1,,7,"[(0, 1), (0, 4), (4, 7), (2, 6), (0, 3), (4, 6), (0, 6), (3, 4), (4, 5), (3, 7), (2, 5), (0, 5), (0, 2), (2, 4), (1, 7)]","[1.0, 1.0, 1.0, 1.0, 1.0, 1.0, 1.0, 1.0, 1.0, 1.0, 1.0, 1.0, 1.0, 1.0, 1.0]"
dde388f0,8,12,2,10.0,False,False,"[1, 1, 1]",6.52322519319384,,,,,,,,,,,3.617846952097414,,0.5546101575447954,,,,2.35262131690979,2.35262131690979,False,,0.0,0.0,,,2.3608086109161377,2026-07-21 18:03:04,x86_64,dacsgpu0002,,64,64,3.11.15,0.2,False,False,adam,True,1,20,hamqaoa,0.005,44,False,False,hog,False,True,False,False,False,False,False,1,HOG_graphs/random_graphs_8to14vertices_78instances_20260625_143415_AdjacencyList.txt,False,0,32,1,5,1,,6,"[(2, 7), (0, 1), (2, 3), (2, 6), (0, 7), (3, 5), (0, 3), (5, 6), (3, 4), (4, 5), (0, 2), (2, 4)]","[1.0, 1.0, 1.0, 1.0, 1.0, 1.0, 1.0, 1.0, 1.0, 1.0, 1.0, 1.0]"
c1265aa1,8,12,1,50.0,False,False,"[1, 1, 1]",6.52322519319384,,,,,,,,,,,4.85271700264963,,0.7439137633501947,,,,2.283832550048828,2.283832550048828,False,,0.0,0.0,,,2.2899045944213867,2026-07-21 18:03:05,x86_64,dacsgpu0002,,64,64,3.11.15,0.2,False,False,adam,True,1,20,hamqaoa,0.005,44,False,False,hog,False,True,False,False,False,False,False,1,HOG_graphs/random_graphs_8to14vertices_78instances_20260625_143415_AdjacencyList.txt,False,0,32,1,5,1,,6,"[(2, 7), (0, 1), (2, 3), (2, 6), (0, 7), (3, 5), (0, 3), (5, 6), (3, 4), (4, 5), (0, 2), (2, 4)]","[1.0, 1.0, 1.0, 1.0, 1.0, 1.0, 1.0, 1.0, 1.0, 1.0, 1.0, 1.0]"
23755627,8,15,1,25.0,False,False,"[1, 1, 1]",7.5806979535883885,,,,,,,,,,,4.998288135187664,,0.6593440558889015,,,,1.5044209957122803,1.5044209957122803,False,,0.0,0.0,,,1.5114152431488037,2026-07-21 18:03:05,x86_64,dacsgpu0002,,64,64,3.11.15,0.2,False,False,adam,True,1,20,hamqaoa,0.005,44,False,False,hog,False,True,False,False,False,False,False,1,HOG_graphs/random_graphs_8to14vertices_78instances_20260625_143415_AdjacencyList.txt,False,0,32,1,5,1,,7,"[(0, 1), (0, 4), (4, 7), (2, 6), (0, 3), (4, 6), (0, 6), (3, 4), (4, 5), (3, 7), (2, 5), (0, 5), (0, 2), (2, 4), (1, 7)]","[1.0, 1.0, 1.0, 1.0, 1.0, 1.0, 1.0, 1.0, 1.0, 1.0, 1.0, 1.0, 1.0, 1.0, 1.0]"
85a7ad11,8,15,2,5.0,False,False,"[1, 1, 1]",7.5806979535883885,,,,,,,,,,,5.076250557673453,,0.6696283889362148,,,,2.069047212600708,2.069047212600708,False,,0.0,0.0,,,2.0779976844787598,2026-07-21 18:03:05,x86_64,dacsgpu0002,,64,64,3.11.15,0.21,False,False,adam,True,1,20,hamqaoa,0.005,44,False,False,hog,False,True,False,False,False,False,False,1,HOG_graphs/random_graphs_8to14vertices_78instances_20260625_143415_AdjacencyList.txt,False,0,32,1,5,1,,7,"[(0, 1), (0, 4), (4, 7), (2, 6), (0, 3), (4, 6), (0, 6), (3, 4), (4, 5), (3, 7), (2, 5), (0, 5), (0, 2), (2, 4), (1, 7)]","[1.0, 1.0, 1.0, 1.0, 1.0, 1.0, 1.0, 1.0, 1.0, 1.0, 1.0, 1.0, 1.0, 1.0, 1.0]"
db191722,8,16,1,5.0,False,False,"[1, 1, 1]",8.115104877307424,,,,,,,,,,,4.80710912289107,,0.5923656188761494,,,,0.9107060432434082,0.9107060432434082,False,,0.0,0.0,,,0.9170808792114258,2026-07-21 18:03:05,x86_64,dacsgpu0002,,64,64,3.11.15,0.2,False,False,adam,True,1,20,hamqaoa,0.005,44,False,False,hog,False,True,False,False,False,False,False,1,HOG_graphs/random_graphs_8to14vertices_78instances_20260625_143415_AdjacencyList.txt,False,0,32,1,5,1,,8,"[(1, 3), (0, 1), (2, 3), (5, 7), (0, 7), (3, 5), (4, 6), (1, 2), (5, 6), (0, 6), (3, 4), (2, 5), (1, 4), (0, 2), (6, 7), (1, 7)]","[1.0, 1.0, 1.0, 1.0, 1.0, 1.0, 1.0, 1.0, 1.0, 1.0, 1.0, 1.0, 1.0, 1.0, 1.0, 1.0]"
d619844d,8,20,2,25.0,False,False,"[1, 1, 1]",9.309016994374973,,,,,,,,,,,6.0144156672957365,,0.6460849379617614,,,,4.293549299240112,4.293549299240112,False,,0.0,0.0,,,4.301817893981934,2026-07-21 18:03:05,x86_64,dacsgpu0002,,64,64,3.11.15,0.21,False,False,adam,True,1,20,hamqaoa,0.005,44,False,False,hog,False,True,False,False,False,False,False,1,HOG_graphs/random_graphs_8to14vertices_78instances_20260625_143415_AdjacencyList.txt,False,0,32,1,5,1,,5,"[(2, 6), (3, 5), (4, 6), (0, 5), (0, 2), (1, 7), (3, 4), (4, 5), (3, 7), (2, 5), (1, 3), (0, 1), (1, 6), (0, 7), (3, 6), (2, 4), (2, 7), (4, 7), (0, 6), (1, 5)]","[1.0, 1.0, 1.0, 1.0, 1.0, 1.0, 1.0, 1.0, 1.0, 1.0, 1.0, 1.0, 1.0, 1.0, 1.0, 1.0, 1.0, 1.0, 1.0, 1.0]"
7da218cc,8,16,1,10.0,False,False,"[1, 1, 1]",8.115104877307424,,,,,,,,,,,4.432583777484246,,0.5462139854629912,,,,1.0514285564422607,1.0514285564422607,False,,0.0,0.0,,,1.0582289695739746,2026-07-21 18:03:05,x86_64,dacsgpu0002,,64,64,3.11.15,0.2,False,False,adam,True,1,20,hamqaoa,0.005,44,False,False,hog,False,True,False,False,False,False,False,1,HOG_graphs/random_graphs_8to14vertices_78instances_20260625_143415_AdjacencyList.txt,False,0,32,1,5,1,,8,"[(1, 3), (0, 1), (2, 3), (5, 7), (0, 7), (3, 5), (4, 6), (1, 2), (5, 6), (0, 6), (3, 4), (2, 5), (1, 4), (0, 2), (6, 7), (1, 7)]","[1.0, 1.0, 1.0, 1.0, 1.0, 1.0, 1.0, 1.0, 1.0, 1.0, 1.0, 1.0, 1.0, 1.0, 1.0, 1.0]"
87fa7647,8,12,2,25.0,False,False,"[1, 1, 1]",6.52322519319384,,,,,,,,,,,4.255022895640577,,0.6522882116778914,,,,3.2942264080047607,3.2942264080047607,False,,0.0,0.0,,,3.3016631603240967,2026-07-21 18:03:05,x86_64,dacsgpu0002,,64,64,3.11.15,0.21,False,False,adam,True,1,20,hamqaoa,0.005,44,False,False,hog,False,True,False,False,False,False,False,1,HOG_graphs/random_graphs_8to14vertices_78instances_20260625_143415_AdjacencyList.txt,False,0,32,1,5,1,,6,"[(2, 7), (0, 1), (2, 3), (2, 6), (0, 7), (3, 5), (0, 3), (5, 6), (3, 4), (4, 5), (0, 2), (2, 4)]","[1.0, 1.0, 1.0, 1.0, 1.0, 1.0, 1.0, 1.0, 1.0, 1.0, 1.0, 1.0]"
47c3c583,8,16,2,50.0,False,False,"[1, 1, 1]",9.029354551197121,,,,,,,,,,,6.1287798765735575,,0.678761681338673,,,,5.739115238189697,5.739115238189697,False,,0.0,0.0,,,5.745989561080933,2026-07-21 18:03:06,x86_64,dacsgpu0002,,64,64,3.11.15,0.21,False,False,adam,True,1,20,hamqaoa,0.005,44,False,False,hog,False,True,False,False,False,False,False,1,HOG_graphs/random_graphs_8to14vertices_78instances_20260625_143415_AdjacencyList.txt,False,0,32,1,5,1,,4,"[(1, 3), (0, 1), (2, 3), (1, 6), (4, 7), (2, 6), (5, 7), (0, 7), (3, 5), (4, 6), (5, 6), (3, 7), (0, 5), (1, 4), (0, 2), (2, 4)]","[1.0, 1.0, 1.0, 1.0, 1.0, 1.0, 1.0, 1.0, 1.0, 1.0, 1.0, 1.0, 1.0, 1.0, 1.0, 1.0]"
9aad9afc,8,15,2,10.0,False,False,"[1, 1, 1]",7.5806979535883885,,,,,,,,,,,4.717298417858099,,0.622277585354146,,,,2.4574344158172607,2.4574344158172607,False,,0.0,0.0,,,2.4666757583618164,2026-07-21 18:03:06,x86_64,dacsgpu0002,,64,64,3.11.15,0.2,False,False,adam,True,1,20,hamqaoa,0.005,44,False,False,hog,False,True,False,False,False,False,False,1,HOG_graphs/random_graphs_8to14vertices_78instances_20260625_143415_AdjacencyList.txt,False,0,32,1,5,1,,7,"[(0, 1), (0, 4), (4, 7), (2, 6), (0, 3), (4, 6), (0, 6), (3, 4), (4, 5), (3, 7), (2, 5), (0, 5), (0, 2), (2, 4), (1, 7)]","[1.0, 1.0, 1.0, 1.0, 1.0, 1.0, 1.0, 1.0, 1.0, 1.0, 1.0, 1.0, 1.0, 1.0, 1.0]"
193632a8,8,15,1,50.0,False,False,"[1, 1, 1]",7.5806979535883885,,,,,,,,,,,4.991281225444348,,0.6584197465725016,,,,2.3194942474365234,2.3194942474365234,False,,0.0,0.0,,,2.3297312259674072,2026-07-21 18:03:06,x86_64,dacsgpu0002,,64,64,3.11.15,0.2,False,False,adam,True,1,20,hamqaoa,0.005,44,False,False,hog,False,True,False,False,False,False,False,1,HOG_graphs/random_graphs_8to14vertices_78instances_20260625_143415_AdjacencyList.txt,False,0,32,1,5,1,,7,"[(0, 1), (0, 4), (4, 7), (2, 6), (0, 3), (4, 6), (0, 6), (3, 4), (4, 5), (3, 7), (2, 5), (0, 5), (0, 2), (2, 4), (1, 7)]","[1.0, 1.0, 1.0, 1.0, 1.0, 1.0, 1.0, 1.0, 1.0, 1.0, 1.0, 1.0, 1.0, 1.0, 1.0]"
da4fed5e,8,16,1,5.0,False,False,"[1, 1, 1]",7.941043782459287,,,,,,,,,,,4.085647195646966,,0.5144975027932246,,,,0.8758628368377686,0.8758628368377686,False,,0.0,0.0,,,0.8829555511474609,2026-07-21 18:03:06,x86_64,dacsgpu0002,,64,64,3.11.15,0.2,False,False,adam,True,1,20,hamqaoa,0.005,44,False,False,hog,False,True,False,False,False,False,False,1,HOG_graphs/random_graphs_8to14vertices_78instances_20260625_143415_AdjacencyList.txt,False,0,32,1,5,1,,9,"[(2, 7), (0, 1), (1, 6), (2, 6), (3, 5), (1, 2), (5, 6), (0, 6), (3, 4), (1, 5), (4, 5), (2, 5), (1, 4), (0, 2), (6, 7), (1, 7)]","[1.0, 1.0, 1.0, 1.0, 1.0, 1.0, 1.0, 1.0, 1.0, 1.0, 1.0, 1.0, 1.0, 1.0, 1.0, 1.0]"
27a8198f,8,16,2,5.0,False,False,"[1, 1, 1]",8.115104877307424,,,,,,,,,,,4.7268809281692565,,0.5824793394090585,,,,2.1425843238830566,2.1425843238830566,False,,0.0,0.0,,,2.1495769023895264,2026-07-21 18:03:06,x86_64,dacsgpu0002,,64,64,3.11.15,0.2,False,False,adam,True,1,20,hamqaoa,0.005,44,False,False,hog,False,True,False,False,False,False,False,1,HOG_graphs/random_graphs_8to14vertices_78instances_20260625_143415_AdjacencyList.txt,False,0,32,1,5,1,,8,"[(1, 3), (0, 1), (2, 3), (5, 7), (0, 7), (3, 5), (4, 6), (1, 2), (5, 6), (0, 6), (3, 4), (2, 5), (1, 4), (0, 2), (6, 7), (1, 7)]","[1.0, 1.0, 1.0, 1.0, 1.0, 1.0, 1.0, 1.0, 1.0, 1.0, 1.0, 1.0, 1.0, 1.0, 1.0, 1.0]"
cd8aa16a,8,16,1,25.0,False,False,"[1, 1, 1]",8.115104877307424,,,,,,,,,,,5.502102721343102,,0.6780075925733063,,,,1.6571824550628662,1.6571824550628662,False,,0.0,0.0,,,1.6640441417694092,2026-07-21 18:03:06,x86_64,dacsgpu0002,,64,64,3.11.15,0.2,False,False,adam,True,1,20,hamqaoa,0.005,44,False,False,hog,False,True,False,False,False,False,False,1,HOG_graphs/random_graphs_8to14vertices_78instances_20260625_143415_AdjacencyList.txt,False,0,32,1,5,1,,8,"[(1, 3), (0, 1), (2, 3), (5, 7), (0, 7), (3, 5), (4, 6), (1, 2), (5, 6), (0, 6), (3, 4), (2, 5), (1, 4), (0, 2), (6, 7), (1, 7)]","[1.0, 1.0, 1.0, 1.0, 1.0, 1.0, 1.0, 1.0, 1.0, 1.0, 1.0, 1.0, 1.0, 1.0, 1.0, 1.0]"
fabb47d5,8,16,1,10.0,False,False,"[1, 1, 1]",7.941043782459287,,,,,,,,,,,3.98161708937996,,0.5013971964459917,,,,1.0704491138458252,1.0704491138458252,False,,0.0,0.0,,,1.0781745910644531,2026-07-21 18:03:07,x86_64,dacsgpu0002,,64,64,3.11.15,0.2,False,False,adam,True,1,20,hamqaoa,0.005,44,False,False,hog,False,True,False,False,False,False,False,1,HOG_graphs/random_graphs_8to14vertices_78instances_20260625_143415_AdjacencyList.txt,False,0,32,1,5,1,,9,"[(2, 7), (0, 1), (1, 6), (2, 6), (3, 5), (1, 2), (5, 6), (0, 6), (3, 4), (1, 5), (4, 5), (2, 5), (1, 4), (0, 2), (6, 7), (1, 7)]","[1.0, 1.0, 1.0, 1.0, 1.0, 1.0, 1.0, 1.0, 1.0, 1.0, 1.0, 1.0, 1.0, 1.0, 1.0, 1.0]"
ffaf472a,8,15,2,25.0,False,False,"[1, 1, 1]",7.5806979535883885,,,,,,,,,,,4.701337052220253,,0.6201720581671288,,,,3.5371954441070557,3.5371954441070557,False,,0.0,0.0,,,3.5449182987213135,2026-07-21 18:03:07,x86_64,dacsgpu0002,,64,64,3.11.15,0.21,False,False,adam,True,1,20,hamqaoa,0.005,44,False,False,hog,False,True,False,False,False,False,False,1,HOG_graphs/random_graphs_8to14vertices_78instances_20260625_143415_AdjacencyList.txt,False,0,32,1,5,1,,7,"[(0, 1), (0, 4), (4, 7), (2, 6), (0, 3), (4, 6), (0, 6), (3, 4), (4, 5), (3, 7), (2, 5), (0, 5), (0, 2), (2, 4), (1, 7)]","[1.0, 1.0, 1.0, 1.0, 1.0, 1.0, 1.0, 1.0, 1.0, 1.0, 1.0, 1.0, 1.0, 1.0, 1.0]"
cf63f620,8,16,2,10.0,False,False,"[1, 1, 1]",8.115104877307424,,,,,,,,,,,5.34988382180723,,0.6592501147788384,,,,2.5468616485595703,2.5468616485595703,False,,0.0,0.0,,,2.5528104305267334,2026-07-21 18:03:07,x86_64,dacsgpu0002,,64,64,3.11.15,0.2,False,False,adam,True,1,20,hamqaoa,0.005,44,False,False,hog,False,True,False,False,False,False,False,1,HOG_graphs/random_graphs_8to14vertices_78instances_20260625_143415_AdjacencyList.txt,False,0,32,1,5,1,,8,"[(1, 3), (0, 1), (2, 3), (5, 7), (0, 7), (3, 5), (4, 6), (1, 2), (5, 6), (0, 6), (3, 4), (2, 5), (1, 4), (0, 2), (6, 7), (1, 7)]","[1.0, 1.0, 1.0, 1.0, 1.0, 1.0, 1.0, 1.0, 1.0, 1.0, 1.0, 1.0, 1.0, 1.0, 1.0, 1.0]"
0002b365,8,16,1,50.0,False,False,"[1, 1, 1]",8.115104877307424,,,,,,,,,,,4.386311004443051,,0.5405119306231839,,,,2.49219012260437,2.49219012260437,False,,0.0,0.0,,,2.4997847080230713,2026-07-21 18:03:07,x86_64,dacsgpu0002,,64,64,3.11.15,0.21,False,False,adam,True,1,20,hamqaoa,0.005,44,False,False,hog,False,True,False,False,False,False,False,1,HOG_graphs/random_graphs_8to14vertices_78instances_20260625_143415_AdjacencyList.txt,False,0,32,1,5,1,,8,"[(1, 3), (0, 1), (2, 3), (5, 7), (0, 7), (3, 5), (4, 6), (1, 2), (5, 6), (0, 6), (3, 4), (2, 5), (1, 4), (0, 2), (6, 7), (1, 7)]","[1.0, 1.0, 1.0, 1.0, 1.0, 1.0, 1.0, 1.0, 1.0, 1.0, 1.0, 1.0, 1.0, 1.0, 1.0, 1.0]"
6e99c0a8,8,16,1,25.0,False,False,"[1, 1, 1]",7.941043782459287,,,,,,,,,,,5.359587846516375,,0.6749223393472522,,,,1.6018297672271729,1.6018297672271729,False,,0.0,0.0,,,1.6089270114898682,2026-07-21 18:03:07,x86_64,dacsgpu0002,,64,64,3.11.15,0.2,False,False,adam,True,1,20,hamqaoa,0.005,44,False,False,hog,False,True,False,False,False,False,False,1,HOG_graphs/random_graphs_8to14vertices_78instances_20260625_143415_AdjacencyList.txt,False,0,32,1,5,1,,9,"[(2, 7), (0, 1), (1, 6), (2, 6), (3, 5), (1, 2), (5, 6), (0, 6), (3, 4), (1, 5), (4, 5), (2, 5), (1, 4), (0, 2), (6, 7), (1, 7)]","[1.0, 1.0, 1.0, 1.0, 1.0, 1.0, 1.0, 1.0, 1.0, 1.0, 1.0, 1.0, 1.0, 1.0, 1.0, 1.0]"
9a573800,8,12,2,50.0,False,False,"[1, 1, 1]",6.52322519319384,,,,,,,,,,,4.880848387101354,,0.7482262596413047,,,,5.105279922485352,5.105279922485352,False,,0.0,0.0,,,5.112187147140503,2026-07-21 18:03:08,x86_64,dacsgpu0002,,64,64,3.11.15,0.21,False,False,adam,True,1,20,hamqaoa,0.005,44,False,False,hog,False,True,False,False,False,False,False,1,HOG_graphs/random_graphs_8to14vertices_78instances_20260625_143415_AdjacencyList.txt,False,0,32,1,5,1,,6,"[(2, 7), (0, 1), (2, 3), (2, 6), (0, 7), (3, 5), (0, 3), (5, 6), (3, 4), (4, 5), (0, 2), (2, 4)]","[1.0, 1.0, 1.0, 1.0, 1.0, 1.0, 1.0, 1.0, 1.0, 1.0, 1.0, 1.0]"
e8b48f56,8,16,2,5.0,False,False,"[1, 1, 1]",7.941043782459287,,,,,,,,,,,5.3131689893922305,,0.6690769041128216,,,,2.1270060539245605,2.1270060539245605,False,,0.0,0.0,,,2.1344993114471436,2026-07-21 18:03:08,x86_64,dacsgpu0002,,64,64,3.11.15,0.2,False,False,adam,True,1,20,hamqaoa,0.005,44,False,False,hog,False,True,False,False,False,False,False,1,HOG_graphs/random_graphs_8to14vertices_78instances_20260625_143415_AdjacencyList.txt,False,0,32,1,5,1,,9,"[(2, 7), (0, 1), (1, 6), (2, 6), (3, 5), (1, 2), (5, 6), (0, 6), (3, 4), (1, 5), (4, 5), (2, 5), (1, 4), (0, 2), (6, 7), (1, 7)]","[1.0, 1.0, 1.0, 1.0, 1.0, 1.0, 1.0, 1.0, 1.0, 1.0, 1.0, 1.0, 1.0, 1.0, 1.0, 1.0]"
676abaa2,8,20,2,50.0,False,False,"[1, 1, 1]",9.309016994374973,,,,,,,,,,,5.945943510816173,,0.6387294721246125,,,,6.375960111618042,6.375960111618042,False,,0.0,0.0,,,6.384030342102051,2026-07-21 18:03:08,x86_64,dacsgpu0002,,64,64,3.11.15,0.21,False,False,adam,True,1,20,hamqaoa,0.005,44,False,False,hog,False,True,False,False,False,False,False,1,HOG_graphs/random_graphs_8to14vertices_78instances_20260625_143415_AdjacencyList.txt,False,0,32,1,5,1,,5,"[(2, 6), (3, 5), (4, 6), (0, 5), (0, 2), (1, 7), (3, 4), (4, 5), (3, 7), (2, 5), (1, 3), (0, 1), (1, 6), (0, 7), (3, 6), (2, 4), (2, 7), (4, 7), (0, 6), (1, 5)]","[1.0, 1.0, 1.0, 1.0, 1.0, 1.0, 1.0, 1.0, 1.0, 1.0, 1.0, 1.0, 1.0, 1.0, 1.0, 1.0, 1.0, 1.0, 1.0, 1.0]"
515a61b0,8,24,1,5.0,False,False,"[1, 1, 1]",10.000000000000002,,,,,,,,,,,6.390131465219156,,0.6390131465219154,,,,1.1338841915130615,1.1338841915130615,False,,0.0,0.0,,,1.1419472694396973,2026-07-21 18:03:08,x86_64,dacsgpu0002,,64,64,3.11.15,0.2,False,False,adam,True,1,20,hamqaoa,0.005,44,False,False,hog,False,True,False,False,False,False,False,1,HOG_graphs/random_graphs_8to14vertices_78instances_20260625_143415_AdjacencyList.txt,False,0,32,1,5,1,,10,"[(2, 3), (2, 6), (3, 5), (4, 6), (0, 5), (1, 4), (0, 2), (1, 7), (5, 7), (4, 5), (3, 7), (2, 5), (1, 3), (0, 1), (1, 6), (0, 4), (0, 7), (5, 6), (3, 6), (2, 4), (2, 7), (4, 7), (1, 2), (0, 6)]","[1.0, 1.0, 1.0, 1.0, 1.0, 1.0, 1.0, 1.0, 1.0, 1.0, 1.0, 1.0, 1.0, 1.0, 1.0, 1.0, 1.0, 1.0, 1.0, 1.0, 1.0, 1.0, 1.0, 1.0]"
6ba8981e,8,24,1,10.0,False,False,"[1, 1, 1]",10.000000000000002,,,,,,,,,,,6.5665929125489795,,0.6566592912548979,,,,1.30820894241333,1.30820894241333,False,,0.0,0.0,,,1.3164238929748535,2026-07-21 18:03:08,x86_64,dacsgpu0002,,64,64,3.11.15,0.2,False,False,adam,True,1,20,hamqaoa,0.005,44,False,False,hog,False,True,False,False,False,False,False,1,HOG_graphs/random_graphs_8to14vertices_78instances_20260625_143415_AdjacencyList.txt,False,0,32,1,5,1,,10,"[(2, 3), (2, 6), (3, 5), (4, 6), (0, 5), (1, 4), (0, 2), (1, 7), (5, 7), (4, 5), (3, 7), (2, 5), (1, 3), (0, 1), (1, 6), (0, 4), (0, 7), (5, 6), (3, 6), (2, 4), (2, 7), (4, 7), (1, 2), (0, 6)]","[1.0, 1.0, 1.0, 1.0, 1.0, 1.0, 1.0, 1.0, 1.0, 1.0, 1.0, 1.0, 1.0, 1.0, 1.0, 1.0, 1.0, 1.0, 1.0, 1.0, 1.0, 1.0, 1.0, 1.0]"
2463d5fa,8,16,2,10.0,False,False,"[1, 1, 1]",7.941043782459287,,,,,,,,,,,5.139006611940915,,0.6471449790129982,,,,2.5127298831939697,2.5127298831939697,False,,0.0,0.0,,,2.520380973815918,2026-07-21 18:03:08,x86_64,dacsgpu0002,,64,64,3.11.15,0.2,False,False,adam,True,1,20,hamqaoa,0.005,44,False,False,hog,False,True,False,False,False,False,False,1,HOG_graphs/random_graphs_8to14vertices_78instances_20260625_143415_AdjacencyList.txt,False,0,32,1,5,1,,9,"[(2, 7), (0, 1), (1, 6), (2, 6), (3, 5), (1, 2), (5, 6), (0, 6), (3, 4), (1, 5), (4, 5), (2, 5), (1, 4), (0, 2), (6, 7), (1, 7)]","[1.0, 1.0, 1.0, 1.0, 1.0, 1.0, 1.0, 1.0, 1.0, 1.0, 1.0, 1.0, 1.0, 1.0, 1.0, 1.0]"
3e35f233,8,16,2,25.0,False,False,"[1, 1, 1]",8.115104877307424,,,,,,,,,,,5.4029082775069694,,0.6657841591937188,,,,3.6367104053497314,3.6367104053497314,False,,0.0,0.0,,,3.6451432704925537,2026-07-21 18:03:08,x86_64,dacsgpu0002,,64,64,3.11.15,0.21,False,False,adam,True,1,20,hamqaoa,0.005,44,False,False,hog,False,True,False,False,False,False,False,1,HOG_graphs/random_graphs_8to14vertices_78instances_20260625_143415_AdjacencyList.txt,False,0,32,1,5,1,,8,"[(1, 3), (0, 1), (2, 3), (5, 7), (0, 7), (3, 5), (4, 6), (1, 2), (5, 6), (0, 6), (3, 4), (2, 5), (1, 4), (0, 2), (6, 7), (1, 7)]","[1.0, 1.0, 1.0, 1.0, 1.0, 1.0, 1.0, 1.0, 1.0, 1.0, 1.0, 1.0, 1.0, 1.0, 1.0, 1.0]"
40585218,8,16,1,50.0,False,False,"[1, 1, 1]",7.941043782459287,,,,,,,,,,,3.999853017387901,,0.503693610936014,,,,2.4724154472351074,2.4724154472351074,False,,0.0,0.0,,,2.4808595180511475,2026-07-21 18:03:09,x86_64,dacsgpu0002,,64,64,3.11.15,0.2,False,False,adam,True,1,20,hamqaoa,0.005,44,False,False,hog,False,True,False,False,False,False,False,1,HOG_graphs/random_graphs_8to14vertices_78instances_20260625_143415_AdjacencyList.txt,False,0,32,1,5,1,,9,"[(2, 7), (0, 1), (1, 6), (2, 6), (3, 5), (1, 2), (5, 6), (0, 6), (3, 4), (1, 5), (4, 5), (2, 5), (1, 4), (0, 2), (6, 7), (1, 7)]","[1.0, 1.0, 1.0, 1.0, 1.0, 1.0, 1.0, 1.0, 1.0, 1.0, 1.0, 1.0, 1.0, 1.0, 1.0, 1.0]"
ab4661eb,8,24,1,5.0,False,False,"[1, 1, 1]",9.809016994374945,,,,,,,,,,,6.547951641915783,,0.6675441224814633,,,,1.112419843673706,1.112419843673706,False,,0.0,0.0,,,1.1186845302581787,2026-07-21 18:03:09,x86_64,dacsgpu0002,,64,64,3.11.15,0.2,False,False,adam,True,1,20,hamqaoa,0.005,44,False,False,hog,False,True,False,False,False,False,False,1,HOG_graphs/random_graphs_8to14vertices_78instances_20260625_143415_AdjacencyList.txt,False,0,32,1,5,1,,11,"[(2, 3), (2, 6), (3, 5), (4, 6), (0, 5), (0, 2), (1, 7), (5, 7), (4, 5), (3, 7), (2, 5), (1, 3), (0, 1), (1, 6), (0, 4), (0, 7), (5, 6), (3, 6), (2, 4), (2, 7), (4, 7), (1, 2), (1, 5), (6, 7)]","[1.0, 1.0, 1.0, 1.0, 1.0, 1.0, 1.0, 1.0, 1.0, 1.0, 1.0, 1.0, 1.0, 1.0, 1.0, 1.0, 1.0, 1.0, 1.0, 1.0, 1.0, 1.0, 1.0, 1.0]"
34b23025,8,24,1,25.0,False,False,"[1, 1, 1]",10.000000000000002,,,,,,,,,,,7.239857166779155,,0.7239857166779153,,,,1.9590764045715332,1.9590764045715332,False,,0.0,0.0,,,1.9650142192840576,2026-07-21 18:03:09,x86_64,dacsgpu0002,,64,64,3.11.15,0.2,False,False,adam,True,1,20,hamqaoa,0.005,44,False,False,hog,False,True,False,False,False,False,False,1,HOG_graphs/random_graphs_8to14vertices_78instances_20260625_143415_AdjacencyList.txt,False,0,32,1,5,1,,10,"[(2, 3), (2, 6), (3, 5), (4, 6), (0, 5), (1, 4), (0, 2), (1, 7), (5, 7), (4, 5), (3, 7), (2, 5), (1, 3), (0, 1), (1, 6), (0, 4), (0, 7), (5, 6), (3, 6), (2, 4), (2, 7), (4, 7), (1, 2), (0, 6)]","[1.0, 1.0, 1.0, 1.0, 1.0, 1.0, 1.0, 1.0, 1.0, 1.0, 1.0, 1.0, 1.0, 1.0, 1.0, 1.0, 1.0, 1.0, 1.0, 1.0, 1.0, 1.0, 1.0, 1.0]"
f649d319,8,24,2,5.0,False,False,"[1, 1, 1]",10.000000000000002,,,,,,,,,,,6.336874301799035,,0.6336874301799035,,,,2.5761666297912598,2.5761666297912598,False,,0.0,0.0,,,2.5827138423919678,2026-07-21 18:03:09,x86_64,dacsgpu0002,,64,64,3.11.15,0.2,False,False,adam,True,1,20,hamqaoa,0.005,44,False,False,hog,False,True,False,False,False,False,False,1,HOG_graphs/random_graphs_8to14vertices_78instances_20260625_143415_AdjacencyList.txt,False,0,32,1,5,1,,10,"[(2, 3), (2, 6), (3, 5), (4, 6), (0, 5), (1, 4), (0, 2), (1, 7), (5, 7), (4, 5), (3, 7), (2, 5), (1, 3), (0, 1), (1, 6), (0, 4), (0, 7), (5, 6), (3, 6), (2, 4), (2, 7), (4, 7), (1, 2), (0, 6)]","[1.0, 1.0, 1.0, 1.0, 1.0, 1.0, 1.0, 1.0, 1.0, 1.0, 1.0, 1.0, 1.0, 1.0, 1.0, 1.0, 1.0, 1.0, 1.0, 1.0, 1.0, 1.0, 1.0, 1.0]"
22fa9b34,8,15,2,50.0,False,False,"[1, 1, 1]",7.5806979535883885,,,,,,,,,,,4.993783167217793,,0.6587497876569456,,,,5.478670358657837,5.478670358657837,False,,0.0,0.0,,,5.488006591796875,2026-07-21 18:03:09,x86_64,dacsgpu0002,,64,64,3.11.15,0.21,False,False,adam,True,1,20,hamqaoa,0.005,44,False,False,hog,False,True,False,False,False,False,False,1,HOG_graphs/random_graphs_8to14vertices_78instances_20260625_143415_AdjacencyList.txt,False,0,32,1,5,1,,7,"[(0, 1), (0, 4), (4, 7), (2, 6), (0, 3), (4, 6), (0, 6), (3, 4), (4, 5), (3, 7), (2, 5), (0, 5), (0, 2), (2, 4), (1, 7)]","[1.0, 1.0, 1.0, 1.0, 1.0, 1.0, 1.0, 1.0, 1.0, 1.0, 1.0, 1.0, 1.0, 1.0, 1.0]"
d67c27d8,8,24,1,10.0,False,False,"[1, 1, 1]",9.809016994374945,,,,,,,,,,,5.628161768998976,,0.573774290759868,,,,1.3288028240203857,1.3288028240203857,False,,0.0,0.0,,,1.3366682529449463,2026-07-21 18:03:09,x86_64,dacsgpu0002,,64,64,3.11.15,0.2,False,False,adam,True,1,20,hamqaoa,0.005,44,False,False,hog,False,True,False,False,False,False,False,1,HOG_graphs/random_graphs_8to14vertices_78instances_20260625_143415_AdjacencyList.txt,False,0,32,1,5,1,,11,"[(2, 3), (2, 6), (3, 5), (4, 6), (0, 5), (0, 2), (1, 7), (5, 7), (4, 5), (3, 7), (2, 5), (1, 3), (0, 1), (1, 6), (0, 4), (0, 7), (5, 6), (3, 6), (2, 4), (2, 7), (4, 7), (1, 2), (1, 5), (6, 7)]","[1.0, 1.0, 1.0, 1.0, 1.0, 1.0, 1.0, 1.0, 1.0, 1.0, 1.0, 1.0, 1.0, 1.0, 1.0, 1.0, 1.0, 1.0, 1.0, 1.0, 1.0, 1.0, 1.0, 1.0]"
095605ec,8,16,2,25.0,False,False,"[1, 1, 1]",7.941043782459287,,,,,,,,,,,5.765098209977829,,0.7259874605794475,,,,3.7035484313964844,3.7035484313964844,False,,0.0,0.0,,,3.7112932205200195,2026-07-21 18:03:10,x86_64,dacsgpu0002,,64,64,3.11.15,0.2,False,False,adam,True,1,20,hamqaoa,0.005,44,False,False,hog,False,True,False,False,False,False,False,1,HOG_graphs/random_graphs_8to14vertices_78instances_20260625_143415_AdjacencyList.txt,False,0,32,1,5,1,,9,"[(2, 7), (0, 1), (1, 6), (2, 6), (3, 5), (1, 2), (5, 6), (0, 6), (3, 4), (1, 5), (4, 5), (2, 5), (1, 4), (0, 2), (6, 7), (1, 7)]","[1.0, 1.0, 1.0, 1.0, 1.0, 1.0, 1.0, 1.0, 1.0, 1.0, 1.0, 1.0, 1.0, 1.0, 1.0, 1.0]"
39817d8d,8,24,2,10.0,False,False,"[1, 1, 1]",10.000000000000002,,,,,,,,,,,6.94771991249959,,0.6947719912499588,,,,3.072927713394165,3.072927713394165,False,,0.0,0.0,,,3.0789899826049805,2026-07-21 18:03:10,x86_64,dacsgpu0002,,64,64,3.11.15,0.21,False,False,adam,True,1,20,hamqaoa,0.005,44,False,False,hog,False,True,False,False,False,False,False,1,HOG_graphs/random_graphs_8to14vertices_78instances_20260625_143415_AdjacencyList.txt,False,0,32,1,5,1,,10,"[(2, 3), (2, 6), (3, 5), (4, 6), (0, 5), (1, 4), (0, 2), (1, 7), (5, 7), (4, 5), (3, 7), (2, 5), (1, 3), (0, 1), (1, 6), (0, 4), (0, 7), (5, 6), (3, 6), (2, 4), (2, 7), (4, 7), (1, 2), (0, 6)]","[1.0, 1.0, 1.0, 1.0, 1.0, 1.0, 1.0, 1.0, 1.0, 1.0, 1.0, 1.0, 1.0, 1.0, 1.0, 1.0, 1.0, 1.0, 1.0, 1.0, 1.0, 1.0, 1.0, 1.0]"
41d1d67d,9,10,1,5.0,False,False,"[1, 1, 1]",6.236411627771346,,,,,,,,,,,3.299661739945339,,0.5290962073849688,,,,0.8782100677490234,0.8782100677490234,False,,0.0,0.0,,,0.8865315914154053,2026-07-21 18:03:10,x86_64,dacsgpu0002,,64,64,3.11.15,0.2,False,False,adam,True,1,20,hamqaoa,0.005,44,False,False,hog,False,True,False,False,False,False,False,1,HOG_graphs/random_graphs_8to14vertices_78instances_20260625_143415_AdjacencyList.txt,False,0,32,1,5,1,,12,"[(2, 7), (0, 1), (2, 3), (0, 4), (5, 7), (4, 6), (6, 8), (5, 6), (0, 6), (2, 4)]","[1.0, 1.0, 1.0, 1.0, 1.0, 1.0, 1.0, 1.0, 1.0, 1.0]"
dc25b177,8,24,1,25.0,False,False,"[1, 1, 1]",9.809016994374945,,,,,,,,,,,7.508496609441792,,0.765468814433454,,,,1.988572359085083,1.988572359085083,False,,0.0,0.0,,,1.995302438735962,2026-07-21 18:03:10,x86_64,dacsgpu0002,,64,64,3.11.15,0.2,False,False,adam,True,1,20,hamqaoa,0.005,44,False,False,hog,False,True,False,False,False,False,False,1,HOG_graphs/random_graphs_8to14vertices_78instances_20260625_143415_AdjacencyList.txt,False,0,32,1,5,1,,11,"[(2, 3), (2, 6), (3, 5), (4, 6), (0, 5), (0, 2), (1, 7), (5, 7), (4, 5), (3, 7), (2, 5), (1, 3), (0, 1), (1, 6), (0, 4), (0, 7), (5, 6), (3, 6), (2, 4), (2, 7), (4, 7), (1, 2), (1, 5), (6, 7)]","[1.0, 1.0, 1.0, 1.0, 1.0, 1.0, 1.0, 1.0, 1.0, 1.0, 1.0, 1.0, 1.0, 1.0, 1.0, 1.0, 1.0, 1.0, 1.0, 1.0, 1.0, 1.0, 1.0, 1.0]"
c275bf24,8,24,1,50.0,False,False,"[1, 1, 1]",10.000000000000002,,,,,,,,,,,7.365941606922056,,0.7365941606922055,,,,3.0371522903442383,3.0371522903442383,False,,0.0,0.0,,,3.046844720840454,2026-07-21 18:03:10,x86_64,dacsgpu0002,,64,64,3.11.15,0.2,False,False,adam,True,1,20,hamqaoa,0.005,44,False,False,hog,False,True,False,False,False,False,False,1,HOG_graphs/random_graphs_8to14vertices_78instances_20260625_143415_AdjacencyList.txt,False,0,32,1,5,1,,10,"[(2, 3), (2, 6), (3, 5), (4, 6), (0, 5), (1, 4), (0, 2), (1, 7), (5, 7), (4, 5), (3, 7), (2, 5), (1, 3), (0, 1), (1, 6), (0, 4), (0, 7), (5, 6), (3, 6), (2, 4), (2, 7), (4, 7), (1, 2), (0, 6)]","[1.0, 1.0, 1.0, 1.0, 1.0, 1.0, 1.0, 1.0, 1.0, 1.0, 1.0, 1.0, 1.0, 1.0, 1.0, 1.0, 1.0, 1.0, 1.0, 1.0, 1.0, 1.0, 1.0, 1.0]"
50c2c131,8,24,2,5.0,False,False,"[1, 1, 1]",9.809016994374945,,,,,,,,,,,6.607573614431456,,0.6736224045916751,,,,2.601201295852661,2.601201295852661,False,,0.0,0.0,,,2.607109785079956,2026-07-21 18:03:11,x86_64,dacsgpu0002,,64,64,3.11.15,0.2,False,False,adam,True,1,20,hamqaoa,0.005,44,False,False,hog,False,True,False,False,False,False,False,1,HOG_graphs/random_graphs_8to14vertices_78instances_20260625_143415_AdjacencyList.txt,False,0,32,1,5,1,,11,"[(2, 3), (2, 6), (3, 5), (4, 6), (0, 5), (0, 2), (1, 7), (5, 7), (4, 5), (3, 7), (2, 5), (1, 3), (0, 1), (1, 6), (0, 4), (0, 7), (5, 6), (3, 6), (2, 4), (2, 7), (4, 7), (1, 2), (1, 5), (6, 7)]","[1.0, 1.0, 1.0, 1.0, 1.0, 1.0, 1.0, 1.0, 1.0, 1.0, 1.0, 1.0, 1.0, 1.0, 1.0, 1.0, 1.0, 1.0, 1.0, 1.0, 1.0, 1.0, 1.0, 1.0]"
7cf99b94,9,10,1,10.0,False,False,"[1, 1, 1]",6.236411627771346,,,,,,,,,,,3.2813136785738526,,0.5261541210592714,,,,1.0264501571655273,1.0264501571655273,False,,0.0,0.0,,,1.0350968837738037,2026-07-21 18:03:11,x86_64,dacsgpu0002,,64,64,3.11.15,0.2,False,False,adam,True,1,20,hamqaoa,0.005,44,False,False,hog,False,True,False,False,False,False,False,1,HOG_graphs/random_graphs_8to14vertices_78instances_20260625_143415_AdjacencyList.txt,False,0,32,1,5,1,,12,"[(2, 7), (0, 1), (2, 3), (0, 4), (5, 7), (4, 6), (6, 8), (5, 6), (0, 6), (2, 4)]","[1.0, 1.0, 1.0, 1.0, 1.0, 1.0, 1.0, 1.0, 1.0, 1.0]"
228b02b1,8,16,2,50.0,False,False,"[1, 1, 1]",8.115104877307424,,,,,,,,,,,5.725129855931525,,0.705490556498034,,,,5.798956632614136,5.798956632614136,False,,0.0,0.0,,,5.807217359542847,2026-07-21 18:03:11,x86_64,dacsgpu0002,,64,64,3.11.15,0.21,False,False,adam,True,1,20,hamqaoa,0.005,44,False,False,hog,False,True,False,False,False,False,False,1,HOG_graphs/random_graphs_8to14vertices_78instances_20260625_143415_AdjacencyList.txt,False,0,32,1,5,1,,8,"[(1, 3), (0, 1), (2, 3), (5, 7), (0, 7), (3, 5), (4, 6), (1, 2), (5, 6), (0, 6), (3, 4), (2, 5), (1, 4), (0, 2), (6, 7), (1, 7)]","[1.0, 1.0, 1.0, 1.0, 1.0, 1.0, 1.0, 1.0, 1.0, 1.0, 1.0, 1.0, 1.0, 1.0, 1.0, 1.0]"
fc4bcaa9,8,24,2,10.0,False,False,"[1, 1, 1]",9.809016994374945,,,,,,,,,,,6.9243026443898055,,0.7059119836738584,,,,3.0564072132110596,3.0564072132110596,False,,0.0,0.0,,,3.064448356628418,2026-07-21 18:03:11,x86_64,dacsgpu0002,,64,64,3.11.15,0.21,False,False,adam,True,1,20,hamqaoa,0.005,44,False,False,hog,False,True,False,False,False,False,False,1,HOG_graphs/random_graphs_8to14vertices_78instances_20260625_143415_AdjacencyList.txt,False,0,32,1,5,1,,11,"[(2, 3), (2, 6), (3, 5), (4, 6), (0, 5), (0, 2), (1, 7), (5, 7), (4, 5), (3, 7), (2, 5), (1, 3), (0, 1), (1, 6), (0, 4), (0, 7), (5, 6), (3, 6), (2, 4), (2, 7), (4, 7), (1, 2), (1, 5), (6, 7)]","[1.0, 1.0, 1.0, 1.0, 1.0, 1.0, 1.0, 1.0, 1.0, 1.0, 1.0, 1.0, 1.0, 1.0, 1.0, 1.0, 1.0, 1.0, 1.0, 1.0, 1.0, 1.0, 1.0, 1.0]"
922a82ff,9,10,1,25.0,False,False,"[1, 1, 1]",6.236411627771346,,,,,,,,,,,2.8011501399070675,,0.4491605601261588,,,,1.5555739402770996,1.5555739402770996,False,,0.0,0.0,,,1.5624799728393555,2026-07-21 18:03:11,x86_64,dacsgpu0002,,64,64,3.11.15,0.2,False,False,adam,True,1,20,hamqaoa,0.005,44,False,False,hog,False,True,False,False,False,False,False,1,HOG_graphs/random_graphs_8to14vertices_78instances_20260625_143415_AdjacencyList.txt,False,0,32,1,5,1,,12,"[(2, 7), (0, 1), (2, 3), (0, 4), (5, 7), (4, 6), (6, 8), (5, 6), (0, 6), (2, 4)]","[1.0, 1.0, 1.0, 1.0, 1.0, 1.0, 1.0, 1.0, 1.0, 1.0]"
a46bb739,9,10,2,5.0,False,False,"[1, 1, 1]",6.236411627771346,,,,,,,,,,,3.3630613340925826,,0.5392622448326765,,,,2.1502060890197754,2.1502060890197754,False,,0.0,0.0,,,2.156388521194458,2026-07-21 18:03:11,x86_64,dacsgpu0002,,64,64,3.11.15,0.21,False,False,adam,True,1,20,hamqaoa,0.005,44,False,False,hog,False,True,False,False,False,False,False,1,HOG_graphs/random_graphs_8to14vertices_78instances_20260625_143415_AdjacencyList.txt,False,0,32,1,5,1,,12,"[(2, 7), (0, 1), (2, 3), (0, 4), (5, 7), (4, 6), (6, 8), (5, 6), (0, 6), (2, 4)]","[1.0, 1.0, 1.0, 1.0, 1.0, 1.0, 1.0, 1.0, 1.0, 1.0]"
cfb9fa94,9,18,1,5.0,False,False,"[1, 1, 1]",9.080080501337052,,,,,,,,,,,4.523986911363095,,0.4982320267641826,,,,1.0770237445831299,1.0770237445831299,False,,0.0,0.0,,,1.085078477859497,2026-07-21 18:03:12,x86_64,dacsgpu0002,,64,64,3.11.15,0.2,False,False,adam,True,1,20,hamqaoa,0.005,44,False,False,hog,False,True,False,False,False,False,False,1,HOG_graphs/random_graphs_8to14vertices_78instances_20260625_143415_AdjacencyList.txt,False,0,32,1,5,1,,13,"[(2, 7), (0, 1), (2, 3), (0, 4), (2, 6), (0, 7), (3, 5), (4, 6), (1, 2), (5, 6), (0, 6), (3, 4), (6, 8), (4, 5), (0, 5), (1, 4), (5, 8), (0, 8)]","[1.0, 1.0, 1.0, 1.0, 1.0, 1.0, 1.0, 1.0, 1.0, 1.0, 1.0, 1.0, 1.0, 1.0, 1.0, 1.0, 1.0, 1.0]"
83b3172b,8,24,1,50.0,False,False,"[1, 1, 1]",9.809016994374945,,,,,,,,,,,6.602224126003293,,0.6730770402160979,,,,3.042619228363037,3.042619228363037,False,,0.0,0.0,,,3.051072120666504,2026-07-21 18:03:12,x86_64,dacsgpu0002,,64,64,3.11.15,0.21,False,False,adam,True,1,20,hamqaoa,0.005,44,False,False,hog,False,True,False,False,False,False,False,1,HOG_graphs/random_graphs_8to14vertices_78instances_20260625_143415_AdjacencyList.txt,False,0,32,1,5,1,,11,"[(2, 3), (2, 6), (3, 5), (4, 6), (0, 5), (0, 2), (1, 7), (5, 7), (4, 5), (3, 7), (2, 5), (1, 3), (0, 1), (1, 6), (0, 4), (0, 7), (5, 6), (3, 6), (2, 4), (2, 7), (4, 7), (1, 2), (1, 5), (6, 7)]","[1.0, 1.0, 1.0, 1.0, 1.0, 1.0, 1.0, 1.0, 1.0, 1.0, 1.0, 1.0, 1.0, 1.0, 1.0, 1.0, 1.0, 1.0, 1.0, 1.0, 1.0, 1.0, 1.0, 1.0]"
cf6af8c4,8,24,2,25.0,False,False,"[1, 1, 1]",10.000000000000002,,,,,,,,,,,7.815557989188234,,0.7815557989188232,,,,4.647384166717529,4.647384166717529,False,,0.0,0.0,,,4.653891324996948,2026-07-21 18:03:12,x86_64,dacsgpu0002,,64,64,3.11.15,0.21,False,False,adam,True,1,20,hamqaoa,0.005,44,False,False,hog,False,True,False,False,False,False,False,1,HOG_graphs/random_graphs_8to14vertices_78instances_20260625_143415_AdjacencyList.txt,False,0,32,1,5,1,,10,"[(2, 3), (2, 6), (3, 5), (4, 6), (0, 5), (1, 4), (0, 2), (1, 7), (5, 7), (4, 5), (3, 7), (2, 5), (1, 3), (0, 1), (1, 6), (0, 4), (0, 7), (5, 6), (3, 6), (2, 4), (2, 7), (4, 7), (1, 2), (0, 6)]","[1.0, 1.0, 1.0, 1.0, 1.0, 1.0, 1.0, 1.0, 1.0, 1.0, 1.0, 1.0, 1.0, 1.0, 1.0, 1.0, 1.0, 1.0, 1.0, 1.0, 1.0, 1.0, 1.0, 1.0]"
114a850d,8,16,2,50.0,False,False,"[1, 1, 1]",7.941043782459287,,,,,,,,,,,6.368334420470482,,0.8019518082166086,,,,5.770936965942383,5.770936965942383,False,,0.0,0.0,,,5.776822328567505,2026-07-21 18:03:12,x86_64,dacsgpu0002,,64,64,3.11.15,0.21,False,False,adam,True,1,20,hamqaoa,0.005,44,False,False,hog,False,True,False,False,False,False,False,1,HOG_graphs/random_graphs_8to14vertices_78instances_20260625_143415_AdjacencyList.txt,False,0,32,1,5,1,,9,"[(2, 7), (0, 1), (1, 6), (2, 6), (3, 5), (1, 2), (5, 6), (0, 6), (3, 4), (1, 5), (4, 5), (2, 5), (1, 4), (0, 2), (6, 7), (1, 7)]","[1.0, 1.0, 1.0, 1.0, 1.0, 1.0, 1.0, 1.0, 1.0, 1.0, 1.0, 1.0, 1.0, 1.0, 1.0, 1.0]"
40bb3db0,9,18,1,10.0,False,False,"[1, 1, 1]",9.080080501337052,,,,,,,,,,,6.441861437143445,,0.7094498155820176,,,,1.2980926036834717,1.2980926036834717,False,,0.0,0.0,,,1.3075568675994873,2026-07-21 18:03:12,x86_64,dacsgpu0002,,64,64,3.11.15,0.2,False,False,adam,True,1,20,hamqaoa,0.005,44,False,False,hog,False,True,False,False,False,False,False,1,HOG_graphs/random_graphs_8to14vertices_78instances_20260625_143415_AdjacencyList.txt,False,0,32,1,5,1,,13,"[(2, 7), (0, 1), (2, 3), (0, 4), (2, 6), (0, 7), (3, 5), (4, 6), (1, 2), (5, 6), (0, 6), (3, 4), (6, 8), (4, 5), (0, 5), (1, 4), (5, 8), (0, 8)]","[1.0, 1.0, 1.0, 1.0, 1.0, 1.0, 1.0, 1.0, 1.0, 1.0, 1.0, 1.0, 1.0, 1.0, 1.0, 1.0, 1.0, 1.0]"
98ec909c,9,10,2,10.0,False,False,"[1, 1, 1]",6.236411627771346,,,,,,,,,,,3.745458492048883,,0.6005791015092706,,,,2.459094762802124,2.459094762802124,False,,0.0,0.0,,,2.4667420387268066,2026-07-21 18:03:12,x86_64,dacsgpu0002,,64,64,3.11.15,0.2,False,False,adam,True,1,20,hamqaoa,0.005,44,False,False,hog,False,True,False,False,False,False,False,1,HOG_graphs/random_graphs_8to14vertices_78instances_20260625_143415_AdjacencyList.txt,False,0,32,1,5,1,,12,"[(2, 7), (0, 1), (2, 3), (0, 4), (5, 7), (4, 6), (6, 8), (5, 6), (0, 6), (2, 4)]","[1.0, 1.0, 1.0, 1.0, 1.0, 1.0, 1.0, 1.0, 1.0, 1.0]"
21c7c73a,9,10,1,50.0,False,False,"[1, 1, 1]",6.236411627771346,,,,,,,,,,,2.7126948272533062,,0.4349768727858522,,,,2.3624699115753174,2.3624699115753174,False,,0.0,0.0,,,2.3686130046844482,2026-07-21 18:03:13,x86_64,dacsgpu0002,,64,64,3.11.15,0.2,False,False,adam,True,1,20,hamqaoa,0.005,44,False,False,hog,False,True,False,False,False,False,False,1,HOG_graphs/random_graphs_8to14vertices_78instances_20260625_143415_AdjacencyList.txt,False,0,32,1,5,1,,12,"[(2, 7), (0, 1), (2, 3), (0, 4), (5, 7), (4, 6), (6, 8), (5, 6), (0, 6), (2, 4)]","[1.0, 1.0, 1.0, 1.0, 1.0, 1.0, 1.0, 1.0, 1.0, 1.0]"
156c3e73,9,21,1,5.0,False,False,"[1, 1, 1]",9.960783523542805,,,,,,,,,,,5.899910976774221,,0.5923139442624659,,,,1.133713960647583,1.133713960647583,False,,0.0,0.0,,,1.141016960144043,2026-07-21 18:03:13,x86_64,dacsgpu0002,,64,64,3.11.15,0.2,False,False,adam,True,1,20,hamqaoa,0.005,44,False,False,hog,False,True,False,False,False,False,False,1,HOG_graphs/random_graphs_8to14vertices_78instances_20260625_143415_AdjacencyList.txt,False,0,32,1,5,1,,14,"[(2, 3), (2, 6), (3, 5), (7, 8), (0, 8), (1, 7), (5, 7), (3, 4), (2, 8), (4, 5), (3, 7), (2, 5), (4, 8), (1, 3), (0, 7), (6, 8), (2, 4), (0, 3), (0, 6), (1, 5), (6, 7)]","[1.0, 1.0, 1.0, 1.0, 1.0, 1.0, 1.0, 1.0, 1.0, 1.0, 1.0, 1.0, 1.0, 1.0, 1.0, 1.0, 1.0, 1.0, 1.0, 1.0, 1.0]"
ef92c978,8,24,2,25.0,False,False,"[1, 1, 1]",9.809016994374945,,,,,,,,,,,6.817560753817504,,0.6950299665835105,,,,4.72661018371582,4.72661018371582,False,,0.0,0.0,,,4.7343831062316895,2026-07-21 18:03:13,x86_64,dacsgpu0002,,64,64,3.11.15,0.21,False,False,adam,True,1,20,hamqaoa,0.005,44,False,False,hog,False,True,False,False,False,False,False,1,HOG_graphs/random_graphs_8to14vertices_78instances_20260625_143415_AdjacencyList.txt,False,0,32,1,5,1,,11,"[(2, 3), (2, 6), (3, 5), (4, 6), (0, 5), (0, 2), (1, 7), (5, 7), (4, 5), (3, 7), (2, 5), (1, 3), (0, 1), (1, 6), (0, 4), (0, 7), (5, 6), (3, 6), (2, 4), (2, 7), (4, 7), (1, 2), (1, 5), (6, 7)]","[1.0, 1.0, 1.0, 1.0, 1.0, 1.0, 1.0, 1.0, 1.0, 1.0, 1.0, 1.0, 1.0, 1.0, 1.0, 1.0, 1.0, 1.0, 1.0, 1.0, 1.0, 1.0, 1.0, 1.0]"
fad76544,9,18,1,25.0,False,False,"[1, 1, 1]",9.080080501337052,,,,,,,,,,,5.4962730804881,,0.6053110519976962,,,,1.9675252437591553,1.9675252437591553,False,,0.0,0.0,,,1.9760034084320068,2026-07-21 18:03:13,x86_64,dacsgpu0002,,64,64,3.11.15,0.2,False,False,adam,True,1,20,hamqaoa,0.005,44,False,False,hog,False,True,False,False,False,False,False,1,HOG_graphs/random_graphs_8to14vertices_78instances_20260625_143415_AdjacencyList.txt,False,0,32,1,5,1,,13,"[(2, 7), (0, 1), (2, 3), (0, 4), (2, 6), (0, 7), (3, 5), (4, 6), (1, 2), (5, 6), (0, 6), (3, 4), (6, 8), (4, 5), (0, 5), (1, 4), (5, 8), (0, 8)]","[1.0, 1.0, 1.0, 1.0, 1.0, 1.0, 1.0, 1.0, 1.0, 1.0, 1.0, 1.0, 1.0, 1.0, 1.0, 1.0, 1.0, 1.0]"
96ed42ba,9,18,2,5.0,False,False,"[1, 1, 1]",9.080080501337052,,,,,,,,,,,5.555091393108903,,0.611788782301094,,,,2.6699368953704834,2.6699368953704834,False,,0.0,0.0,,,2.6772263050079346,2026-07-21 18:03:13,x86_64,dacsgpu0002,,64,64,3.11.15,0.21,False,False,adam,True,1,20,hamqaoa,0.005,44,False,False,hog,False,True,False,False,False,False,False,1,HOG_graphs/random_graphs_8to14vertices_78instances_20260625_143415_AdjacencyList.txt,False,0,32,1,5,1,,13,"[(2, 7), (0, 1), (2, 3), (0, 4), (2, 6), (0, 7), (3, 5), (4, 6), (1, 2), (5, 6), (0, 6), (3, 4), (6, 8), (4, 5), (0, 5), (1, 4), (5, 8), (0, 8)]","[1.0, 1.0, 1.0, 1.0, 1.0, 1.0, 1.0, 1.0, 1.0, 1.0, 1.0, 1.0, 1.0, 1.0, 1.0, 1.0, 1.0, 1.0]"
bdbf4b8d,9,21,1,10.0,False,False,"[1, 1, 1]",9.960783523542805,,,,,,,,,,,5.967013261412264,,0.5990505914829826,,,,1.3799431324005127,1.3799431324005127,False,,0.0,0.0,,,1.3877949714660645,2026-07-21 18:03:14,x86_64,dacsgpu0002,,64,64,3.11.15,0.2,False,False,adam,True,1,20,hamqaoa,0.005,44,False,False,hog,False,True,False,False,False,False,False,1,HOG_graphs/random_graphs_8to14vertices_78instances_20260625_143415_AdjacencyList.txt,False,0,32,1,5,1,,14,"[(2, 3), (2, 6), (3, 5), (7, 8), (0, 8), (1, 7), (5, 7), (3, 4), (2, 8), (4, 5), (3, 7), (2, 5), (4, 8), (1, 3), (0, 7), (6, 8), (2, 4), (0, 3), (0, 6), (1, 5), (6, 7)]","[1.0, 1.0, 1.0, 1.0, 1.0, 1.0, 1.0, 1.0, 1.0, 1.0, 1.0, 1.0, 1.0, 1.0, 1.0, 1.0, 1.0, 1.0, 1.0, 1.0, 1.0]"
dd4f318e,9,10,2,25.0,False,False,"[1, 1, 1]",6.236411627771346,,,,,,,,,,,3.2445898727766562,,0.5202655094683267,,,,3.7157204151153564,3.7157204151153564,False,,0.0,0.0,,,3.7224390506744385,2026-07-21 18:03:14,x86_64,dacsgpu0002,,64,64,3.11.15,0.2,False,False,adam,True,1,20,hamqaoa,0.005,44,False,False,hog,False,True,False,False,False,False,False,1,HOG_graphs/random_graphs_8to14vertices_78instances_20260625_143415_AdjacencyList.txt,False,0,32,1,5,1,,12,"[(2, 7), (0, 1), (2, 3), (0, 4), (5, 7), (4, 6), (6, 8), (5, 6), (0, 6), (2, 4)]","[1.0, 1.0, 1.0, 1.0, 1.0, 1.0, 1.0, 1.0, 1.0, 1.0]"
30b34c7d,9,18,2,10.0,False,False,"[1, 1, 1]",9.080080501337052,,,,,,,,,,,5.045747596241615,,0.5556941478105423,,,,3.2221181392669678,3.2221181392669678,False,,0.0,0.0,,,3.2298877239227295,2026-07-21 18:03:14,x86_64,dacsgpu0002,,64,64,3.11.15,0.21,False,False,adam,True,1,20,hamqaoa,0.005,44,False,False,hog,False,True,False,False,False,False,False,1,HOG_graphs/random_graphs_8to14vertices_78instances_20260625_143415_AdjacencyList.txt,False,0,32,1,5,1,,13,"[(2, 7), (0, 1), (2, 3), (0, 4), (2, 6), (0, 7), (3, 5), (4, 6), (1, 2), (5, 6), (0, 6), (3, 4), (6, 8), (4, 5), (0, 5), (1, 4), (5, 8), (0, 8)]","[1.0, 1.0, 1.0, 1.0, 1.0, 1.0, 1.0, 1.0, 1.0, 1.0, 1.0, 1.0, 1.0, 1.0, 1.0, 1.0, 1.0, 1.0]"
6d948306,9,18,1,5.0,False,False,"[1, 1, 1]",9.318472851988224,,,,,,,,,,,5.998840738809674,,0.6437579240819207,,,,1.0931777954101562,1.0931777954101562,False,,0.0,0.0,,,1.1023952960968018,2026-07-21 18:03:14,x86_64,dacsgpu0002,,64,64,3.11.15,0.2,False,False,adam,True,1,20,hamqaoa,0.005,44,False,False,hog,False,True,False,False,False,False,False,1,HOG_graphs/random_graphs_8to14vertices_78instances_20260625_143415_AdjacencyList.txt,False,0,32,1,5,1,,15,"[(1, 3), (2, 7), (1, 6), (0, 4), (3, 8), (4, 7), (5, 7), (1, 2), (3, 6), (0, 6), (3, 4), (1, 5), (2, 8), (4, 5), (5, 6), (7, 8), (0, 2), (0, 8)]","[1.0, 1.0, 1.0, 1.0, 1.0, 1.0, 1.0, 1.0, 1.0, 1.0, 1.0, 1.0, 1.0, 1.0, 1.0, 1.0, 1.0, 1.0]"
e5d530cc,9,18,1,50.0,False,False,"[1, 1, 1]",9.080080501337052,,,,,,,,,,,6.530491722057688,,0.7192107736375317,,,,2.928229808807373,2.928229808807373,False,,0.0,0.0,,,2.9378631114959717,2026-07-21 18:03:15,x86_64,dacsgpu0002,,64,64,3.11.15,0.2,False,False,adam,True,1,20,hamqaoa,0.005,44,False,False,hog,False,True,False,False,False,False,False,1,HOG_graphs/random_graphs_8to14vertices_78instances_20260625_143415_AdjacencyList.txt,False,0,32,1,5,1,,13,"[(2, 7), (0, 1), (2, 3), (0, 4), (2, 6), (0, 7), (3, 5), (4, 6), (1, 2), (5, 6), (0, 6), (3, 4), (6, 8), (4, 5), (0, 5), (1, 4), (5, 8), (0, 8)]","[1.0, 1.0, 1.0, 1.0, 1.0, 1.0, 1.0, 1.0, 1.0, 1.0, 1.0, 1.0, 1.0, 1.0, 1.0, 1.0, 1.0, 1.0]"
9a2ecd4c,9,21,1,25.0,False,False,"[1, 1, 1]",9.960783523542805,,,,,,,,,,,6.367249460367998,,0.6392317878727801,,,,2.0851263999938965,2.0851263999938965,False,,0.0,0.0,,,2.0916566848754883,2026-07-21 18:03:15,x86_64,dacsgpu0002,,64,64,3.11.15,0.2,False,False,adam,True,1,20,hamqaoa,0.005,44,False,False,hog,False,True,False,False,False,False,False,1,HOG_graphs/random_graphs_8to14vertices_78instances_20260625_143415_AdjacencyList.txt,False,0,32,1,5,1,,14,"[(2, 3), (2, 6), (3, 5), (7, 8), (0, 8), (1, 7), (5, 7), (3, 4), (2, 8), (4, 5), (3, 7), (2, 5), (4, 8), (1, 3), (0, 7), (6, 8), (2, 4), (0, 3), (0, 6), (1, 5), (6, 7)]","[1.0, 1.0, 1.0, 1.0, 1.0, 1.0, 1.0, 1.0, 1.0, 1.0, 1.0, 1.0, 1.0, 1.0, 1.0, 1.0, 1.0, 1.0, 1.0, 1.0, 1.0]"
ede9c0f7,8,24,2,50.0,False,False,"[1, 1, 1]",10.000000000000002,,,,,,,,,,,6.97442402126071,,0.6974424021260708,,,,7.159356117248535,7.159356117248535,False,,0.0,0.0,,,7.166056394577026,2026-07-21 18:03:15,x86_64,dacsgpu0002,,64,64,3.11.15,0.21,False,False,adam,True,1,20,hamqaoa,0.005,44,False,False,hog,False,True,False,False,False,False,False,1,HOG_graphs/random_graphs_8to14vertices_78instances_20260625_143415_AdjacencyList.txt,False,0,32,1,5,1,,10,"[(2, 3), (2, 6), (3, 5), (4, 6), (0, 5), (1, 4), (0, 2), (1, 7), (5, 7), (4, 5), (3, 7), (2, 5), (1, 3), (0, 1), (1, 6), (0, 4), (0, 7), (5, 6), (3, 6), (2, 4), (2, 7), (4, 7), (1, 2), (0, 6)]","[1.0, 1.0, 1.0, 1.0, 1.0, 1.0, 1.0, 1.0, 1.0, 1.0, 1.0, 1.0, 1.0, 1.0, 1.0, 1.0, 1.0, 1.0, 1.0, 1.0, 1.0, 1.0, 1.0, 1.0]"
6e6d62cf,9,18,1,10.0,False,False,"[1, 1, 1]",9.318472851988224,,,,,,,,,,,5.952884923596096,,0.6388262345289729,,,,1.3250298500061035,1.3250298500061035,False,,0.0,0.0,,,1.3326258659362793,2026-07-21 18:03:15,x86_64,dacsgpu0002,,64,64,3.11.15,0.21,False,False,adam,True,1,20,hamqaoa,0.005,44,False,False,hog,False,True,False,False,False,False,False,1,HOG_graphs/random_graphs_8to14vertices_78instances_20260625_143415_AdjacencyList.txt,False,0,32,1,5,1,,15,"[(1, 3), (2, 7), (1, 6), (0, 4), (3, 8), (4, 7), (5, 7), (1, 2), (3, 6), (0, 6), (3, 4), (1, 5), (2, 8), (4, 5), (5, 6), (7, 8), (0, 2), (0, 8)]","[1.0, 1.0, 1.0, 1.0, 1.0, 1.0, 1.0, 1.0, 1.0, 1.0, 1.0, 1.0, 1.0, 1.0, 1.0, 1.0, 1.0, 1.0]"
74d8dead,9,21,2,5.0,False,False,"[1, 1, 1]",9.960783523542805,,,,,,,,,,,5.494273746987454,,0.5515905183564592,,,,2.9175071716308594,2.9175071716308594,False,,0.0,0.0,,,2.9273617267608643,2026-07-21 18:03:15,x86_64,dacsgpu0002,,64,64,3.11.15,0.2,False,False,adam,True,1,20,hamqaoa,0.005,44,False,False,hog,False,True,False,False,False,False,False,1,HOG_graphs/random_graphs_8to14vertices_78instances_20260625_143415_AdjacencyList.txt,False,0,32,1,5,1,,14,"[(2, 3), (2, 6), (3, 5), (7, 8), (0, 8), (1, 7), (5, 7), (3, 4), (2, 8), (4, 5), (3, 7), (2, 5), (4, 8), (1, 3), (0, 7), (6, 8), (2, 4), (0, 3), (0, 6), (1, 5), (6, 7)]","[1.0, 1.0, 1.0, 1.0, 1.0, 1.0, 1.0, 1.0, 1.0, 1.0, 1.0, 1.0, 1.0, 1.0, 1.0, 1.0, 1.0, 1.0, 1.0, 1.0, 1.0]"
5474a976,9,14,1,5.0,False,False,"[1, 1, 1]",7.4758416116024,,,,,,,,,,,3.9291203052673476,,0.5255756487897508,,,,0.945504903793335,0.945504903793335,False,,0.0,0.0,,,0.952934980392456,2026-07-21 18:03:16,x86_64,dacsgpu0002,,64,64,3.11.15,0.2,False,False,adam,True,1,20,hamqaoa,0.005,44,False,False,hog,False,True,False,False,False,False,False,1,HOG_graphs/random_graphs_8to14vertices_78instances_20260625_143415_AdjacencyList.txt,False,0,32,1,5,1,,16,"[(0, 1), (2, 3), (1, 6), (0, 4), (3, 8), (5, 7), (0, 7), (0, 3), (0, 6), (1, 5), (2, 8), (4, 5), (1, 4), (0, 2)]","[1.0, 1.0, 1.0, 1.0, 1.0, 1.0, 1.0, 1.0, 1.0, 1.0, 1.0, 1.0, 1.0, 1.0]"
0992d004,9,21,2,10.0,False,False,"[1, 1, 1]",9.960783523542805,,,,,,,,,,,5.698760138676125,,0.5721196656073112,,,,3.3105242252349854,3.3105242252349854,False,,0.0,0.0,,,3.320376396179199,2026-07-21 18:03:16,x86_64,dacsgpu0002,,64,64,3.11.15,0.21,False,False,adam,True,1,20,hamqaoa,0.005,44,False,False,hog,False,True,False,False,False,False,False,1,HOG_graphs/random_graphs_8to14vertices_78instances_20260625_143415_AdjacencyList.txt,False,0,32,1,5,1,,14,"[(2, 3), (2, 6), (3, 5), (7, 8), (0, 8), (1, 7), (5, 7), (3, 4), (2, 8), (4, 5), (3, 7), (2, 5), (4, 8), (1, 3), (0, 7), (6, 8), (2, 4), (0, 3), (0, 6), (1, 5), (6, 7)]","[1.0, 1.0, 1.0, 1.0, 1.0, 1.0, 1.0, 1.0, 1.0, 1.0, 1.0, 1.0, 1.0, 1.0, 1.0, 1.0, 1.0, 1.0, 1.0, 1.0, 1.0]"
cf2ab157,9,18,1,25.0,False,False,"[1, 1, 1]",9.318472851988224,,,,,,,,,,,4.686735996832588,,0.5029510812850206,,,,1.963233470916748,1.963233470916748,False,,0.0,0.0,,,1.9759588241577148,2026-07-21 18:03:16,x86_64,dacsgpu0002,,64,64,3.11.15,0.2,False,False,adam,True,1,20,hamqaoa,0.005,44,False,False,hog,False,True,False,False,False,False,False,1,HOG_graphs/random_graphs_8to14vertices_78instances_20260625_143415_AdjacencyList.txt,False,0,32,1,5,1,,15,"[(1, 3), (2, 7), (1, 6), (0, 4), (3, 8), (4, 7), (5, 7), (1, 2), (3, 6), (0, 6), (3, 4), (1, 5), (2, 8), (4, 5), (5, 6), (7, 8), (0, 2), (0, 8)]","[1.0, 1.0, 1.0, 1.0, 1.0, 1.0, 1.0, 1.0, 1.0, 1.0, 1.0, 1.0, 1.0, 1.0, 1.0, 1.0, 1.0, 1.0]"
a3b6a7da,9,18,2,25.0,False,False,"[1, 1, 1]",9.080080501337052,,,,,,,,,,,5.644619209262709,,0.6216485865330745,,,,4.670828342437744,4.670828342437744,False,,0.0,0.0,,,4.679171085357666,2026-07-21 18:03:16,x86_64,dacsgpu0002,,64,64,3.11.15,0.21,False,False,adam,True,1,20,hamqaoa,0.005,44,False,False,hog,False,True,False,False,False,False,False,1,HOG_graphs/random_graphs_8to14vertices_78instances_20260625_143415_AdjacencyList.txt,False,0,32,1,5,1,,13,"[(2, 7), (0, 1), (2, 3), (0, 4), (2, 6), (0, 7), (3, 5), (4, 6), (1, 2), (5, 6), (0, 6), (3, 4), (6, 8), (4, 5), (0, 5), (1, 4), (5, 8), (0, 8)]","[1.0, 1.0, 1.0, 1.0, 1.0, 1.0, 1.0, 1.0, 1.0, 1.0, 1.0, 1.0, 1.0, 1.0, 1.0, 1.0, 1.0, 1.0]"
584a873c,9,10,2,50.0,False,False,"[1, 1, 1]",6.236411627771346,,,,,,,,,,,3.630572941990711,,0.5821573620675418,,,,5.710501670837402,5.710501670837402,False,,0.0,0.0,,,5.717505216598511,2026-07-21 18:03:16,x86_64,dacsgpu0002,,64,64,3.11.15,0.21,False,False,adam,True,1,20,hamqaoa,0.005,44,False,False,hog,False,True,False,False,False,False,False,1,HOG_graphs/random_graphs_8to14vertices_78instances_20260625_143415_AdjacencyList.txt,False,0,32,1,5,1,,12,"[(2, 7), (0, 1), (2, 3), (0, 4), (5, 7), (4, 6), (6, 8), (5, 6), (0, 6), (2, 4)]","[1.0, 1.0, 1.0, 1.0, 1.0, 1.0, 1.0, 1.0, 1.0, 1.0]"
03977dd9,9,18,2,5.0,False,False,"[1, 1, 1]",9.318472851988224,,,,,,,,,,,5.934315624957102,,0.6368334939872615,,,,2.6026463508605957,2.6026463508605957,False,,0.0,0.0,,,2.610851287841797,2026-07-21 18:03:16,x86_64,dacsgpu0002,,64,64,3.11.15,0.2,False,False,adam,True,1,20,hamqaoa,0.005,44,False,False,hog,False,True,False,False,False,False,False,1,HOG_graphs/random_graphs_8to14vertices_78instances_20260625_143415_AdjacencyList.txt,False,0,32,1,5,1,,15,"[(1, 3), (2, 7), (1, 6), (0, 4), (3, 8), (4, 7), (5, 7), (1, 2), (3, 6), (0, 6), (3, 4), (1, 5), (2, 8), (4, 5), (5, 6), (7, 8), (0, 2), (0, 8)]","[1.0, 1.0, 1.0, 1.0, 1.0, 1.0, 1.0, 1.0, 1.0, 1.0, 1.0, 1.0, 1.0, 1.0, 1.0, 1.0, 1.0, 1.0]"
d6e6b995,9,21,1,50.0,False,False,"[1, 1, 1]",9.960783523542805,,,,,,,,,,,7.117958360806809,,0.714598238580646,,,,3.152817487716675,3.152817487716675,False,,0.0,0.0,,,3.1597347259521484,2026-07-21 18:03:16,x86_64,dacsgpu0002,,64,64,3.11.15,0.2,False,False,adam,True,1,20,hamqaoa,0.005,44,False,False,hog,False,True,False,False,False,False,False,1,HOG_graphs/random_graphs_8to14vertices_78instances_20260625_143415_AdjacencyList.txt,False,0,32,1,5,1,,14,"[(2, 3), (2, 6), (3, 5), (7, 8), (0, 8), (1, 7), (5, 7), (3, 4), (2, 8), (4, 5), (3, 7), (2, 5), (4, 8), (1, 3), (0, 7), (6, 8), (2, 4), (0, 3), (0, 6), (1, 5), (6, 7)]","[1.0, 1.0, 1.0, 1.0, 1.0, 1.0, 1.0, 1.0, 1.0, 1.0, 1.0, 1.0, 1.0, 1.0, 1.0, 1.0, 1.0, 1.0, 1.0, 1.0, 1.0]"
cde145da,8,24,2,50.0,False,False,"[1, 1, 1]",9.809016994374945,,,,,,,,,,,7.239359192782169,,0.7380310582532006,,,,7.1730968952178955,7.1730968952178955,False,,0.0,0.0,,,7.181410789489746,2026-07-21 18:03:16,x86_64,dacsgpu0002,,64,64,3.11.15,0.21,False,False,adam,True,1,20,hamqaoa,0.005,44,False,False,hog,False,True,False,False,False,False,False,1,HOG_graphs/random_graphs_8to14vertices_78instances_20260625_143415_AdjacencyList.txt,False,0,32,1,5,1,,11,"[(2, 3), (2, 6), (3, 5), (4, 6), (0, 5), (0, 2), (1, 7), (5, 7), (4, 5), (3, 7), (2, 5), (1, 3), (0, 1), (1, 6), (0, 4), (0, 7), (5, 6), (3, 6), (2, 4), (2, 7), (4, 7), (1, 2), (1, 5), (6, 7)]","[1.0, 1.0, 1.0, 1.0, 1.0, 1.0, 1.0, 1.0, 1.0, 1.0, 1.0, 1.0, 1.0, 1.0, 1.0, 1.0, 1.0, 1.0, 1.0, 1.0, 1.0, 1.0, 1.0, 1.0]"
b8f1eb3f,9,14,1,10.0,False,False,"[1, 1, 1]",7.4758416116024,,,,,,,,,,,3.998417469499014,,0.534845128780354,,,,1.1270675659179688,1.1270675659179688,False,,0.0,0.0,,,1.1336321830749512,2026-07-21 18:03:16,x86_64,dacsgpu0002,,64,64,3.11.15,0.2,False,False,adam,True,1,20,hamqaoa,0.005,44,False,False,hog,False,True,False,False,False,False,False,1,HOG_graphs/random_graphs_8to14vertices_78instances_20260625_143415_AdjacencyList.txt,False,0,32,1,5,1,,16,"[(0, 1), (2, 3), (1, 6), (0, 4), (3, 8), (5, 7), (0, 7), (0, 3), (0, 6), (1, 5), (2, 8), (4, 5), (1, 4), (0, 2)]","[1.0, 1.0, 1.0, 1.0, 1.0, 1.0, 1.0, 1.0, 1.0, 1.0, 1.0, 1.0, 1.0, 1.0]"
912474ba,9,18,2,10.0,False,False,"[1, 1, 1]",9.318472851988224,,,,,,,,,,,4.786726655701516,,0.5136814509987226,,,,3.175015449523926,3.175015449523926,False,,0.0,0.0,,,3.188656806945801,2026-07-21 18:03:17,x86_64,dacsgpu0002,,64,64,3.11.15,0.2,False,False,adam,True,1,20,hamqaoa,0.005,44,False,False,hog,False,True,False,False,False,False,False,1,HOG_graphs/random_graphs_8to14vertices_78instances_20260625_143415_AdjacencyList.txt,False,0,32,1,5,1,,15,"[(1, 3), (2, 7), (1, 6), (0, 4), (3, 8), (4, 7), (5, 7), (1, 2), (3, 6), (0, 6), (3, 4), (1, 5), (2, 8), (4, 5), (5, 6), (7, 8), (0, 2), (0, 8)]","[1.0, 1.0, 1.0, 1.0, 1.0, 1.0, 1.0, 1.0, 1.0, 1.0, 1.0, 1.0, 1.0, 1.0, 1.0, 1.0, 1.0, 1.0]"
90859dad,9,14,1,25.0,False,False,"[1, 1, 1]",7.4758416116024,,,,,,,,,,,4.585814723036101,,0.6134178546424769,,,,1.6473779678344727,1.6473779678344727,False,,0.0,0.0,,,1.6554248332977295,2026-07-21 18:03:17,x86_64,dacsgpu0002,,64,64,3.11.15,0.2,False,False,adam,True,1,20,hamqaoa,0.005,44,False,False,hog,False,True,False,False,False,False,False,1,HOG_graphs/random_graphs_8to14vertices_78instances_20260625_143415_AdjacencyList.txt,False,0,32,1,5,1,,16,"[(0, 1), (2, 3), (1, 6), (0, 4), (3, 8), (5, 7), (0, 7), (0, 3), (0, 6), (1, 5), (2, 8), (4, 5), (1, 4), (0, 2)]","[1.0, 1.0, 1.0, 1.0, 1.0, 1.0, 1.0, 1.0, 1.0, 1.0, 1.0, 1.0, 1.0, 1.0]"
67449a70,9,18,1,50.0,False,False,"[1, 1, 1]",9.318472851988224,,,,,,,,,,,4.499988915471397,,0.48291055701377744,,,,2.8435733318328857,2.8435733318328857,False,,0.0,0.0,,,2.8520584106445312,2026-07-21 18:03:17,x86_64,dacsgpu0002,,64,64,3.11.15,0.2,False,False,adam,True,1,20,hamqaoa,0.005,44,False,False,hog,False,True,False,False,False,False,False,1,HOG_graphs/random_graphs_8to14vertices_78instances_20260625_143415_AdjacencyList.txt,False,0,32,1,5,1,,15,"[(1, 3), (2, 7), (1, 6), (0, 4), (3, 8), (4, 7), (5, 7), (1, 2), (3, 6), (0, 6), (3, 4), (1, 5), (2, 8), (4, 5), (5, 6), (7, 8), (0, 2), (0, 8)]","[1.0, 1.0, 1.0, 1.0, 1.0, 1.0, 1.0, 1.0, 1.0, 1.0, 1.0, 1.0, 1.0, 1.0, 1.0, 1.0, 1.0, 1.0]"
17a49fa8,9,14,2,5.0,False,False,"[1, 1, 1]",7.4758416116024,,,,,,,,,,,4.408013159142987,,0.5896343700355842,,,,2.3588805198669434,2.3588805198669434,False,,0.0,0.0,,,2.365597724914551,2026-07-21 18:03:17,x86_64,dacsgpu0002,,64,64,3.11.15,0.21,False,False,adam,True,1,20,hamqaoa,0.005,44,False,False,hog,False,True,False,False,False,False,False,1,HOG_graphs/random_graphs_8to14vertices_78instances_20260625_143415_AdjacencyList.txt,False,0,32,1,5,1,,16,"[(0, 1), (2, 3), (1, 6), (0, 4), (3, 8), (5, 7), (0, 7), (0, 3), (0, 6), (1, 5), (2, 8), (4, 5), (1, 4), (0, 2)]","[1.0, 1.0, 1.0, 1.0, 1.0, 1.0, 1.0, 1.0, 1.0, 1.0, 1.0, 1.0, 1.0, 1.0]"
bf21b12f,9,18,1,5.0,False,False,"[1, 1, 1]",8.611677215596796,,,,,,,,,,,4.7414374195202775,,0.5505823431158052,,,,1.0251131057739258,1.0251131057739258,False,,0.0,0.0,,,1.0321149826049805,2026-07-21 18:03:17,x86_64,dacsgpu0002,,64,64,3.11.15,0.2,False,False,adam,True,1,20,hamqaoa,0.005,44,False,False,hog,False,True,False,False,False,False,False,1,HOG_graphs/random_graphs_8to14vertices_78instances_20260625_143415_AdjacencyList.txt,False,0,32,1,5,1,,17,"[(2, 7), (0, 1), (0, 4), (3, 8), (2, 6), (5, 7), (0, 7), (3, 5), (0, 3), (4, 6), (3, 6), (6, 8), (1, 5), (0, 5), (1, 4), (0, 2), (0, 8), (2, 4)]","[1.0, 1.0, 1.0, 1.0, 1.0, 1.0, 1.0, 1.0, 1.0, 1.0, 1.0, 1.0, 1.0, 1.0, 1.0, 1.0, 1.0, 1.0]"
48a59b91,9,21,2,25.0,False,False,"[1, 1, 1]",9.960783523542805,,,,,,,,,,,6.732439107519735,,0.6758945309480204,,,,5.020179986953735,5.020179986953735,False,,0.0,0.0,,,5.030141353607178,2026-07-21 18:03:18,x86_64,dacsgpu0002,,64,64,3.11.15,0.21,False,False,adam,True,1,20,hamqaoa,0.005,44,False,False,hog,False,True,False,False,False,False,False,1,HOG_graphs/random_graphs_8to14vertices_78instances_20260625_143415_AdjacencyList.txt,False,0,32,1,5,1,,14,"[(2, 3), (2, 6), (3, 5), (7, 8), (0, 8), (1, 7), (5, 7), (3, 4), (2, 8), (4, 5), (3, 7), (2, 5), (4, 8), (1, 3), (0, 7), (6, 8), (2, 4), (0, 3), (0, 6), (1, 5), (6, 7)]","[1.0, 1.0, 1.0, 1.0, 1.0, 1.0, 1.0, 1.0, 1.0, 1.0, 1.0, 1.0, 1.0, 1.0, 1.0, 1.0, 1.0, 1.0, 1.0, 1.0, 1.0]"
26d2cb24,9,14,2,10.0,False,False,"[1, 1, 1]",7.4758416116024,,,,,,,,,,,4.783818931966978,,0.6399037299750384,,,,2.7979226112365723,2.7979226112365723,False,,0.0,0.0,,,2.806694746017456,2026-07-21 18:03:18,x86_64,dacsgpu0002,,64,64,3.11.15,0.21,False,False,adam,True,1,20,hamqaoa,0.005,44,False,False,hog,False,True,False,False,False,False,False,1,HOG_graphs/random_graphs_8to14vertices_78instances_20260625_143415_AdjacencyList.txt,False,0,32,1,5,1,,16,"[(0, 1), (2, 3), (1, 6), (0, 4), (3, 8), (5, 7), (0, 7), (0, 3), (0, 6), (1, 5), (2, 8), (4, 5), (1, 4), (0, 2)]","[1.0, 1.0, 1.0, 1.0, 1.0, 1.0, 1.0, 1.0, 1.0, 1.0, 1.0, 1.0, 1.0, 1.0]"
ae63d17f,9,18,1,10.0,False,False,"[1, 1, 1]",8.611677215596796,,,,,,,,,,,5.5839886268261765,,0.6484205674491483,,,,1.1980915069580078,1.1980915069580078,False,,0.0,0.0,,,1.2039473056793213,2026-07-21 18:03:18,x86_64,dacsgpu0002,,64,64,3.11.15,0.2,False,False,adam,True,1,20,hamqaoa,0.005,44,False,False,hog,False,True,False,False,False,False,False,1,HOG_graphs/random_graphs_8to14vertices_78instances_20260625_143415_AdjacencyList.txt,False,0,32,1,5,1,,17,"[(2, 7), (0, 1), (0, 4), (3, 8), (2, 6), (5, 7), (0, 7), (3, 5), (0, 3), (4, 6), (3, 6), (6, 8), (1, 5), (0, 5), (1, 4), (0, 2), (0, 8), (2, 4)]","[1.0, 1.0, 1.0, 1.0, 1.0, 1.0, 1.0, 1.0, 1.0, 1.0, 1.0, 1.0, 1.0, 1.0, 1.0, 1.0, 1.0, 1.0]"
a40cb1b6,9,18,1,5.0,False,False,"[1, 1, 1]",9.11474866234564,,,,,,,,,,,5.833989636605257,,0.6400603958182985,,,,1.0304150581359863,1.0304150581359863,False,,0.0,0.0,,,1.0373330116271973,2026-07-21 18:03:18,x86_64,dacsgpu0002,,64,64,3.11.15,0.21,False,False,adam,True,1,20,hamqaoa,0.005,44,False,False,hog,False,True,False,False,False,False,False,1,HOG_graphs/random_graphs_8to14vertices_78instances_20260625_143415_AdjacencyList.txt,False,0,32,1,5,1,,18,"[(1, 3), (0, 1), (2, 7), (2, 3), (0, 4), (5, 7), (0, 7), (3, 5), (4, 6), (1, 2), (1, 8), (0, 6), (3, 4), (5, 6), (6, 8), (7, 8), (0, 8), (6, 7)]","[1.0, 1.0, 1.0, 1.0, 1.0, 1.0, 1.0, 1.0, 1.0, 1.0, 1.0, 1.0, 1.0, 1.0, 1.0, 1.0, 1.0, 1.0]"
d566da16,9,14,1,50.0,False,False,"[1, 1, 1]",7.4758416116024,,,,,,,,,,,3.998067344598518,,0.5347982946018511,,,,2.334763526916504,2.334763526916504,False,,0.0,0.0,,,2.343096971511841,2026-07-21 18:03:19,x86_64,dacsgpu0002,,64,64,3.11.15,0.2,False,False,adam,True,1,20,hamqaoa,0.005,44,False,False,hog,False,True,False,False,False,False,False,1,HOG_graphs/random_graphs_8to14vertices_78instances_20260625_143415_AdjacencyList.txt,False,0,32,1,5,1,,16,"[(0, 1), (2, 3), (1, 6), (0, 4), (3, 8), (5, 7), (0, 7), (0, 3), (0, 6), (1, 5), (2, 8), (4, 5), (1, 4), (0, 2)]","[1.0, 1.0, 1.0, 1.0, 1.0, 1.0, 1.0, 1.0, 1.0, 1.0, 1.0, 1.0, 1.0, 1.0]"
24942b45,9,18,2,25.0,False,False,"[1, 1, 1]",9.318472851988224,,,,,,,,,,,7.259785837577221,,0.7790746351778282,,,,4.569341421127319,4.569341421127319,False,,0.0,0.0,,,4.578085422515869,2026-07-21 18:03:19,x86_64,dacsgpu0002,,64,64,3.11.15,0.21,False,False,adam,True,1,20,hamqaoa,0.005,44,False,False,hog,False,True,False,False,False,False,False,1,HOG_graphs/random_graphs_8to14vertices_78instances_20260625_143415_AdjacencyList.txt,False,0,32,1,5,1,,15,"[(1, 3), (2, 7), (1, 6), (0, 4), (3, 8), (4, 7), (5, 7), (1, 2), (3, 6), (0, 6), (3, 4), (1, 5), (2, 8), (4, 5), (5, 6), (7, 8), (0, 2), (0, 8)]","[1.0, 1.0, 1.0, 1.0, 1.0, 1.0, 1.0, 1.0, 1.0, 1.0, 1.0, 1.0, 1.0, 1.0, 1.0, 1.0, 1.0, 1.0]"
8f2ea468,9,18,2,50.0,False,False,"[1, 1, 1]",9.080080501337052,,,,,,,,,,,5.76484768932133,,0.634889491174935,,,,7.029377698898315,7.029377698898315,False,,0.0,0.0,,,7.037211656570435,2026-07-21 18:03:19,x86_64,dacsgpu0002,,64,64,3.11.15,0.21,False,False,adam,True,1,20,hamqaoa,0.005,44,False,False,hog,False,True,False,False,False,False,False,1,HOG_graphs/random_graphs_8to14vertices_78instances_20260625_143415_AdjacencyList.txt,False,0,32,1,5,1,,13,"[(2, 7), (0, 1), (2, 3), (0, 4), (2, 6), (0, 7), (3, 5), (4, 6), (1, 2), (5, 6), (0, 6), (3, 4), (6, 8), (4, 5), (0, 5), (1, 4), (5, 8), (0, 8)]","[1.0, 1.0, 1.0, 1.0, 1.0, 1.0, 1.0, 1.0, 1.0, 1.0, 1.0, 1.0, 1.0, 1.0, 1.0, 1.0, 1.0, 1.0]"
4dd804fd,9,18,1,25.0,False,False,"[1, 1, 1]",8.611677215596796,,,,,,,,,,,5.995171208005902,,0.6961676637331364,,,,1.7507750988006592,1.7507750988006592,False,,0.0,0.0,,,1.757810115814209,2026-07-21 18:03:19,x86_64,dacsgpu0002,,64,64,3.11.15,0.2,False,False,adam,True,1,20,hamqaoa,0.005,44,False,False,hog,False,True,False,False,False,False,False,1,HOG_graphs/random_graphs_8to14vertices_78instances_20260625_143415_AdjacencyList.txt,False,0,32,1,5,1,,17,"[(2, 7), (0, 1), (0, 4), (3, 8), (2, 6), (5, 7), (0, 7), (3, 5), (0, 3), (4, 6), (3, 6), (6, 8), (1, 5), (0, 5), (1, 4), (0, 2), (0, 8), (2, 4)]","[1.0, 1.0, 1.0, 1.0, 1.0, 1.0, 1.0, 1.0, 1.0, 1.0, 1.0, 1.0, 1.0, 1.0, 1.0, 1.0, 1.0, 1.0]"
c42d2a72,9,18,2,5.0,False,False,"[1, 1, 1]",8.611677215596796,,,,,,,,,,,5.344781472641784,,0.6206434982214305,,,,2.4788918495178223,2.4788918495178223,False,,0.0,0.0,,,2.486102342605591,2026-07-21 18:03:19,x86_64,dacsgpu0002,,64,64,3.11.15,0.2,False,False,adam,True,1,20,hamqaoa,0.005,44,False,False,hog,False,True,False,False,False,False,False,1,HOG_graphs/random_graphs_8to14vertices_78instances_20260625_143415_AdjacencyList.txt,False,0,32,1,5,1,,17,"[(2, 7), (0, 1), (0, 4), (3, 8), (2, 6), (5, 7), (0, 7), (3, 5), (0, 3), (4, 6), (3, 6), (6, 8), (1, 5), (0, 5), (1, 4), (0, 2), (0, 8), (2, 4)]","[1.0, 1.0, 1.0, 1.0, 1.0, 1.0, 1.0, 1.0, 1.0, 1.0, 1.0, 1.0, 1.0, 1.0, 1.0, 1.0, 1.0, 1.0]"
cc1f963a,9,18,2,5.0,False,False,"[1, 1, 1]",9.11474866234564,,,,,,,,,,,5.310477936809709,,0.5826247254351696,,,,2.2339041233062744,2.2339041233062744,False,,0.0,0.0,,,2.240321159362793,2026-07-21 18:03:20,x86_64,dacsgpu0002,,64,64,3.11.15,0.21,False,False,adam,True,1,20,hamqaoa,0.005,44,False,False,hog,False,True,False,False,False,False,False,1,HOG_graphs/random_graphs_8to14vertices_78instances_20260625_143415_AdjacencyList.txt,False,0,32,1,5,1,,18,"[(1, 3), (0, 1), (2, 7), (2, 3), (0, 4), (5, 7), (0, 7), (3, 5), (4, 6), (1, 2), (1, 8), (0, 6), (3, 4), (5, 6), (6, 8), (7, 8), (0, 8), (6, 7)]","[1.0, 1.0, 1.0, 1.0, 1.0, 1.0, 1.0, 1.0, 1.0, 1.0, 1.0, 1.0, 1.0, 1.0, 1.0, 1.0, 1.0, 1.0]"
de84bb04,9,18,2,10.0,False,False,"[1, 1, 1]",8.611677215596796,,,,,,,,,,,5.665748205225731,,0.6579146040174813,,,,2.785121202468872,2.785121202468872,False,,0.0,0.0,,,2.79256010055542,2026-07-21 18:03:20,x86_64,dacsgpu0002,,64,64,3.11.15,0.2,False,False,adam,True,1,20,hamqaoa,0.005,44,False,False,hog,False,True,False,False,False,False,False,1,HOG_graphs/random_graphs_8to14vertices_78instances_20260625_143415_AdjacencyList.txt,False,0,32,1,5,1,,17,"[(2, 7), (0, 1), (0, 4), (3, 8), (2, 6), (5, 7), (0, 7), (3, 5), (0, 3), (4, 6), (3, 6), (6, 8), (1, 5), (0, 5), (1, 4), (0, 2), (0, 8), (2, 4)]","[1.0, 1.0, 1.0, 1.0, 1.0, 1.0, 1.0, 1.0, 1.0, 1.0, 1.0, 1.0, 1.0, 1.0, 1.0, 1.0, 1.0, 1.0]"
5f44102e,9,18,1,50.0,False,False,"[1, 1, 1]",8.611677215596796,,,,,,,,,,,5.528813397736442,,0.6420135426956189,,,,2.515066623687744,2.515066623687744,False,,0.0,0.0,,,2.519963502883911,2026-07-21 18:03:20,x86_64,dacsgpu0002,,64,64,3.11.15,0.2,False,False,adam,True,1,20,hamqaoa,0.005,44,False,False,hog,False,True,False,False,False,False,False,1,HOG_graphs/random_graphs_8to14vertices_78instances_20260625_143415_AdjacencyList.txt,False,0,32,1,5,1,,17,"[(2, 7), (0, 1), (0, 4), (3, 8), (2, 6), (5, 7), (0, 7), (3, 5), (0, 3), (4, 6), (3, 6), (6, 8), (1, 5), (0, 5), (1, 4), (0, 2), (0, 8), (2, 4)]","[1.0, 1.0, 1.0, 1.0, 1.0, 1.0, 1.0, 1.0, 1.0, 1.0, 1.0, 1.0, 1.0, 1.0, 1.0, 1.0, 1.0, 1.0]"
4f04460f,9,14,2,25.0,False,False,"[1, 1, 1]",7.4758416116024,,,,,,,,,,,4.778535750845365,,0.6391970294594184,,,,3.7142577171325684,3.7142577171325684,False,,0.0,0.0,,,3.721306085586548,2026-07-21 18:03:20,x86_64,dacsgpu0002,,64,64,3.11.15,0.21,False,False,adam,True,1,20,hamqaoa,0.005,44,False,False,hog,False,True,False,False,False,False,False,1,HOG_graphs/random_graphs_8to14vertices_78instances_20260625_143415_AdjacencyList.txt,False,0,32,1,5,1,,16,"[(0, 1), (2, 3), (1, 6), (0, 4), (3, 8), (5, 7), (0, 7), (0, 3), (0, 6), (1, 5), (2, 8), (4, 5), (1, 4), (0, 2)]","[1.0, 1.0, 1.0, 1.0, 1.0, 1.0, 1.0, 1.0, 1.0, 1.0, 1.0, 1.0, 1.0, 1.0]"
653570a1,9,21,2,50.0,False,False,"[1, 1, 1]",9.960783523542805,,,,,,,,,,,7.532931284356776,,0.7562589094073092,,,,7.07891583442688,7.07891583442688,False,,0.0,0.0,,,7.086411476135254,2026-07-21 18:03:20,x86_64,dacsgpu0002,,64,64,3.11.15,0.21,False,False,adam,True,1,20,hamqaoa,0.005,44,False,False,hog,False,True,False,False,False,False,False,1,HOG_graphs/random_graphs_8to14vertices_78instances_20260625_143415_AdjacencyList.txt,False,0,32,1,5,1,,14,"[(2, 3), (2, 6), (3, 5), (7, 8), (0, 8), (1, 7), (5, 7), (3, 4), (2, 8), (4, 5), (3, 7), (2, 5), (4, 8), (1, 3), (0, 7), (6, 8), (2, 4), (0, 3), (0, 6), (1, 5), (6, 7)]","[1.0, 1.0, 1.0, 1.0, 1.0, 1.0, 1.0, 1.0, 1.0, 1.0, 1.0, 1.0, 1.0, 1.0, 1.0, 1.0, 1.0, 1.0, 1.0, 1.0, 1.0]"
59e1c146,9,18,2,50.0,False,False,"[1, 1, 1]",9.318472851988224,,,,,,,,,,,6.75751148863579,,0.7251737056028427,,,,6.584839105606079,6.584839105606079,False,,0.0,0.0,,,6.592827081680298,2026-07-21 18:03:21,x86_64,dacsgpu0002,,64,64,3.11.15,0.21,False,False,adam,True,1,20,hamqaoa,0.005,44,False,False,hog,False,True,False,False,False,False,False,1,HOG_graphs/random_graphs_8to14vertices_78instances_20260625_143415_AdjacencyList.txt,False,0,32,1,5,1,,15,"[(1, 3), (2, 7), (1, 6), (0, 4), (3, 8), (4, 7), (5, 7), (1, 2), (3, 6), (0, 6), (3, 4), (1, 5), (2, 8), (4, 5), (5, 6), (7, 8), (0, 2), (0, 8)]","[1.0, 1.0, 1.0, 1.0, 1.0, 1.0, 1.0, 1.0, 1.0, 1.0, 1.0, 1.0, 1.0, 1.0, 1.0, 1.0, 1.0, 1.0]"
91d5308b,9,14,2,50.0,False,False,"[1, 1, 1]",7.4758416116024,,,,,,,,,,,4.856843615699216,,0.6496718186433302,,,,5.687052965164185,5.687052965164185,False,,0.0,0.0,,,5.695844411849976,2026-07-21 18:03:22,x86_64,dacsgpu0002,,64,64,3.11.15,0.21,False,False,adam,True,1,20,hamqaoa,0.005,44,False,False,hog,False,True,False,False,False,False,False,1,HOG_graphs/random_graphs_8to14vertices_78instances_20260625_143415_AdjacencyList.txt,False,0,32,1,5,1,,16,"[(0, 1), (2, 3), (1, 6), (0, 4), (3, 8), (5, 7), (0, 7), (0, 3), (0, 6), (1, 5), (2, 8), (4, 5), (1, 4), (0, 2)]","[1.0, 1.0, 1.0, 1.0, 1.0, 1.0, 1.0, 1.0, 1.0, 1.0, 1.0, 1.0, 1.0, 1.0]"
2d0feb1e,9,18,1,10.0,False,False,"[1, 1, 1]",9.11474866234564,,,,,,,,,,,5.940095483781358,,0.6517015118936589,,,,1.189777135848999,1.189777135848999,False,,0.0,0.0,,,1.1958162784576416,2026-07-21 18:03:24,x86_64,dacsgpu0002,,64,64,3.11.15,0.21,False,False,adam,True,1,20,hamqaoa,0.005,44,False,False,hog,False,True,False,False,False,False,False,1,HOG_graphs/random_graphs_8to14vertices_78instances_20260625_143415_AdjacencyList.txt,False,0,32,1,5,1,,18,"[(1, 3), (0, 1), (2, 7), (2, 3), (0, 4), (5, 7), (0, 7), (3, 5), (4, 6), (1, 2), (1, 8), (0, 6), (3, 4), (5, 6), (6, 8), (7, 8), (0, 8), (6, 7)]","[1.0, 1.0, 1.0, 1.0, 1.0, 1.0, 1.0, 1.0, 1.0, 1.0, 1.0, 1.0, 1.0, 1.0, 1.0, 1.0, 1.0, 1.0]"
2ed70a19,9,18,2,50.0,False,False,"[1, 1, 1]",8.611677215596796,,,,,,,,,,,7.201634292441736,,0.8362638440974889,,,,6.285680055618286,6.285680055618286,False,,0.0,0.0,,,6.291848182678223,2026-07-21 18:03:24,x86_64,dacsgpu0002,,64,64,3.11.15,0.21,False,False,adam,True,1,20,hamqaoa,0.005,44,False,False,hog,False,True,False,False,False,False,False,1,HOG_graphs/random_graphs_8to14vertices_78instances_20260625_143415_AdjacencyList.txt,False,0,32,1,5,1,,17,"[(2, 7), (0, 1), (0, 4), (3, 8), (2, 6), (5, 7), (0, 7), (3, 5), (0, 3), (4, 6), (3, 6), (6, 8), (1, 5), (0, 5), (1, 4), (0, 2), (0, 8), (2, 4)]","[1.0, 1.0, 1.0, 1.0, 1.0, 1.0, 1.0, 1.0, 1.0, 1.0, 1.0, 1.0, 1.0, 1.0, 1.0, 1.0, 1.0, 1.0]"
ba68c0b8,9,18,1,5.0,False,False,"[1, 1, 1]",8.668163939107135,,,,,,,,,,,4.563041778285153,,0.5264138761495516,,,,1.0423529148101807,1.0423529148101807,False,,0.0,0.0,,,1.0491786003112793,2026-07-21 18:03:24,x86_64,dacsgpu0002,,64,64,3.11.15,0.21,False,False,adam,True,1,20,hamqaoa,0.005,44,False,False,hog,False,True,False,False,False,False,False,1,HOG_graphs/random_graphs_8to14vertices_78instances_20260625_143415_AdjacencyList.txt,False,0,32,1,5,1,,19,"[(2, 7), (2, 3), (1, 6), (4, 7), (0, 7), (0, 3), (4, 6), (1, 2), (1, 8), (0, 6), (3, 4), (2, 8), (5, 6), (6, 7), (0, 5), (1, 4), (2, 4), (1, 7)]","[1.0, 1.0, 1.0, 1.0, 1.0, 1.0, 1.0, 1.0, 1.0, 1.0, 1.0, 1.0, 1.0, 1.0, 1.0, 1.0, 1.0, 1.0]"
7281bc9e,9,18,1,25.0,False,False,"[1, 1, 1]",9.11474866234564,,,,,,,,,,,5.591820729252544,,0.6134914890580772,,,,1.8251965045928955,1.8251965045928955,False,,0.0,0.0,,,1.8320436477661133,2026-07-21 18:03:25,x86_64,dacsgpu0002,,64,64,3.11.15,0.21,False,False,adam,True,1,20,hamqaoa,0.005,44,False,False,hog,False,True,False,False,False,False,False,1,HOG_graphs/random_graphs_8to14vertices_78instances_20260625_143415_AdjacencyList.txt,False,0,32,1,5,1,,18,"[(1, 3), (0, 1), (2, 7), (2, 3), (0, 4), (5, 7), (0, 7), (3, 5), (4, 6), (1, 2), (1, 8), (0, 6), (3, 4), (5, 6), (6, 8), (7, 8), (0, 8), (6, 7)]","[1.0, 1.0, 1.0, 1.0, 1.0, 1.0, 1.0, 1.0, 1.0, 1.0, 1.0, 1.0, 1.0, 1.0, 1.0, 1.0, 1.0, 1.0]"
088e6417,9,18,1,10.0,False,False,"[1, 1, 1]",8.668163939107135,,,,,,,,,,,4.538891147255905,,0.523627746214896,,,,1.207143783569336,1.207143783569336,False,,0.0,0.0,,,1.2156782150268555,2026-07-21 18:03:25,x86_64,dacsgpu0002,,64,64,3.11.15,0.21,False,False,adam,True,1,20,hamqaoa,0.005,44,False,False,hog,False,True,False,False,False,False,False,1,HOG_graphs/random_graphs_8to14vertices_78instances_20260625_143415_AdjacencyList.txt,False,0,32,1,5,1,,19,"[(2, 7), (2, 3), (1, 6), (4, 7), (0, 7), (0, 3), (4, 6), (1, 2), (1, 8), (0, 6), (3, 4), (2, 8), (5, 6), (6, 7), (0, 5), (1, 4), (2, 4), (1, 7)]","[1.0, 1.0, 1.0, 1.0, 1.0, 1.0, 1.0, 1.0, 1.0, 1.0, 1.0, 1.0, 1.0, 1.0, 1.0, 1.0, 1.0, 1.0]"
6287e025,9,18,2,10.0,False,False,"[1, 1, 1]",9.11474866234564,,,,,,,,,,,5.903235603188083,,0.6476575297764614,,,,2.9729397296905518,2.9729397296905518,False,,0.0,0.0,,,2.9784185886383057,2026-07-21 18:03:25,x86_64,dacsgpu0002,,64,64,3.11.15,0.21,False,False,adam,True,1,20,hamqaoa,0.005,44,False,False,hog,False,True,False,False,False,False,False,1,HOG_graphs/random_graphs_8to14vertices_78instances_20260625_143415_AdjacencyList.txt,False,0,32,1,5,1,,18,"[(1, 3), (0, 1), (2, 7), (2, 3), (0, 4), (5, 7), (0, 7), (3, 5), (4, 6), (1, 2), (1, 8), (0, 6), (3, 4), (5, 6), (6, 8), (7, 8), (0, 8), (6, 7)]","[1.0, 1.0, 1.0, 1.0, 1.0, 1.0, 1.0, 1.0, 1.0, 1.0, 1.0, 1.0, 1.0, 1.0, 1.0, 1.0, 1.0, 1.0]"
ac5ef137,9,27,1,5.0,False,False,"[1, 1, 1]",11.151517664061469,,,,,,,,,,,7.760472114957019,,0.6959117448172157,,,,1.249739646911621,1.249739646911621,False,,0.0,0.0,,,1.2575953006744385,2026-07-21 18:03:26,x86_64,dacsgpu0002,,64,64,3.11.15,0.21,False,False,adam,True,1,20,hamqaoa,0.005,44,False,False,hog,False,True,False,False,False,False,False,1,HOG_graphs/random_graphs_8to14vertices_78instances_20260625_143415_AdjacencyList.txt,False,0,32,1,5,1,,20,"[(2, 3), (2, 6), (3, 5), (7, 8), (0, 2), (0, 8), (1, 7), (5, 7), (2, 8), (4, 5), (3, 7), (4, 8), (1, 3), (0, 1), (1, 6), (6, 8), (5, 6), (3, 6), (2, 4), (2, 7), (4, 7), (0, 3), (1, 8), (0, 6), (1, 5), (5, 8), (6, 7)]","[1.0, 1.0, 1.0, 1.0, 1.0, 1.0, 1.0, 1.0, 1.0, 1.0, 1.0, 1.0, 1.0, 1.0, 1.0, 1.0, 1.0, 1.0, 1.0, 1.0, 1.0, 1.0, 1.0, 1.0, 1.0, 1.0, 1.0]"
d462e5e6,9,18,1,25.0,False,False,"[1, 1, 1]",8.668163939107135,,,,,,,,,,,5.361486645132945,,0.6185262164856108,,,,1.9497079849243164,1.9497079849243164,False,,0.0,0.0,,,1.9557936191558838,2026-07-21 18:03:26,x86_64,dacsgpu0002,,64,64,3.11.15,0.2,False,False,adam,True,1,20,hamqaoa,0.005,44,False,False,hog,False,True,False,False,False,False,False,1,HOG_graphs/random_graphs_8to14vertices_78instances_20260625_143415_AdjacencyList.txt,False,0,32,1,5,1,,19,"[(2, 7), (2, 3), (1, 6), (4, 7), (0, 7), (0, 3), (4, 6), (1, 2), (1, 8), (0, 6), (3, 4), (2, 8), (5, 6), (6, 7), (0, 5), (1, 4), (2, 4), (1, 7)]","[1.0, 1.0, 1.0, 1.0, 1.0, 1.0, 1.0, 1.0, 1.0, 1.0, 1.0, 1.0, 1.0, 1.0, 1.0, 1.0, 1.0, 1.0]"
ef72cc6d,9,18,1,50.0,False,False,"[1, 1, 1]",9.11474866234564,,,,,,,,,,,7.07399365896474,,0.7761040837240464,,,,2.8118088245391846,2.8118088245391846,False,,0.0,0.0,,,2.8186352252960205,2026-07-21 18:03:26,x86_64,dacsgpu0002,,64,64,3.11.15,0.2,False,False,adam,True,1,20,hamqaoa,0.005,44,False,False,hog,False,True,False,False,False,False,False,1,HOG_graphs/random_graphs_8to14vertices_78instances_20260625_143415_AdjacencyList.txt,False,0,32,1,5,1,,18,"[(1, 3), (0, 1), (2, 7), (2, 3), (0, 4), (5, 7), (0, 7), (3, 5), (4, 6), (1, 2), (1, 8), (0, 6), (3, 4), (5, 6), (6, 8), (7, 8), (0, 8), (6, 7)]","[1.0, 1.0, 1.0, 1.0, 1.0, 1.0, 1.0, 1.0, 1.0, 1.0, 1.0, 1.0, 1.0, 1.0, 1.0, 1.0, 1.0, 1.0]"
37fcc88a,9,18,2,5.0,False,False,"[1, 1, 1]",8.668163939107135,,,,,,,,,,,5.914916683489128,,0.6823724983792121,,,,2.616037368774414,2.616037368774414,False,,0.0,0.0,,,2.6232995986938477,2026-07-21 18:03:26,x86_64,dacsgpu0002,,64,64,3.11.15,0.22,False,False,adam,True,1,20,hamqaoa,0.005,44,False,False,hog,False,True,False,False,False,False,False,1,HOG_graphs/random_graphs_8to14vertices_78instances_20260625_143415_AdjacencyList.txt,False,0,32,1,5,1,,19,"[(2, 7), (2, 3), (1, 6), (4, 7), (0, 7), (0, 3), (4, 6), (1, 2), (1, 8), (0, 6), (3, 4), (2, 8), (5, 6), (6, 7), (0, 5), (1, 4), (2, 4), (1, 7)]","[1.0, 1.0, 1.0, 1.0, 1.0, 1.0, 1.0, 1.0, 1.0, 1.0, 1.0, 1.0, 1.0, 1.0, 1.0, 1.0, 1.0, 1.0]"
60408ac7,9,27,1,10.0,False,False,"[1, 1, 1]",11.151517664061469,,,,,,,,,,,7.782610111562979,,0.6978969451525302,,,,1.5086033344268799,1.5086033344268799,False,,0.0,0.0,,,1.516467571258545,2026-07-21 18:03:26,x86_64,dacsgpu0002,,64,64,3.11.15,0.2,False,False,adam,True,1,20,hamqaoa,0.005,44,False,False,hog,False,True,False,False,False,False,False,1,HOG_graphs/random_graphs_8to14vertices_78instances_20260625_143415_AdjacencyList.txt,False,0,32,1,5,1,,20,"[(2, 3), (2, 6), (3, 5), (7, 8), (0, 2), (0, 8), (1, 7), (5, 7), (2, 8), (4, 5), (3, 7), (4, 8), (1, 3), (0, 1), (1, 6), (6, 8), (5, 6), (3, 6), (2, 4), (2, 7), (4, 7), (0, 3), (1, 8), (0, 6), (1, 5), (5, 8), (6, 7)]","[1.0, 1.0, 1.0, 1.0, 1.0, 1.0, 1.0, 1.0, 1.0, 1.0, 1.0, 1.0, 1.0, 1.0, 1.0, 1.0, 1.0, 1.0, 1.0, 1.0, 1.0, 1.0, 1.0, 1.0, 1.0, 1.0, 1.0]"
5f0822bc,9,18,2,25.0,False,False,"[1, 1, 1]",8.611677215596796,,,,,,,,,,,5.5728888839725546,,0.6471316497881939,,,,4.495314359664917,4.495314359664917,False,,0.0,0.0,,,4.502382040023804,2026-07-21 18:03:27,x86_64,dacsgpu0002,,64,64,3.11.15,0.21,False,False,adam,True,1,20,hamqaoa,0.005,44,False,False,hog,False,True,False,False,False,False,False,1,HOG_graphs/random_graphs_8to14vertices_78instances_20260625_143415_AdjacencyList.txt,False,0,32,1,5,1,,17,"[(2, 7), (0, 1), (0, 4), (3, 8), (2, 6), (5, 7), (0, 7), (3, 5), (0, 3), (4, 6), (3, 6), (6, 8), (1, 5), (0, 5), (1, 4), (0, 2), (0, 8), (2, 4)]","[1.0, 1.0, 1.0, 1.0, 1.0, 1.0, 1.0, 1.0, 1.0, 1.0, 1.0, 1.0, 1.0, 1.0, 1.0, 1.0, 1.0, 1.0]"
e4ac100e,9,18,2,10.0,False,False,"[1, 1, 1]",8.668163939107135,,,,,,,,,,,5.178389954983784,,0.5974033245519332,,,,3.0902044773101807,3.0902044773101807,False,,0.0,0.0,,,3.0986037254333496,2026-07-21 18:03:27,x86_64,dacsgpu0002,,64,64,3.11.15,0.21,False,False,adam,True,1,20,hamqaoa,0.005,44,False,False,hog,False,True,False,False,False,False,False,1,HOG_graphs/random_graphs_8to14vertices_78instances_20260625_143415_AdjacencyList.txt,False,0,32,1,5,1,,19,"[(2, 7), (2, 3), (1, 6), (4, 7), (0, 7), (0, 3), (4, 6), (1, 2), (1, 8), (0, 6), (3, 4), (2, 8), (5, 6), (6, 7), (0, 5), (1, 4), (2, 4), (1, 7)]","[1.0, 1.0, 1.0, 1.0, 1.0, 1.0, 1.0, 1.0, 1.0, 1.0, 1.0, 1.0, 1.0, 1.0, 1.0, 1.0, 1.0, 1.0]"
adffea35,9,27,1,5.0,False,False,"[1, 1, 1]",11.165162775970071,,,,,,,,,,,8.287068771507505,,0.7422255221700065,,,,1.3366904258728027,1.3366904258728027,False,,0.0,0.0,,,1.345506191253662,2026-07-21 18:03:27,x86_64,dacsgpu0002,,64,64,3.11.15,0.2,False,False,adam,True,1,20,hamqaoa,0.005,44,False,False,hog,False,True,False,False,False,False,False,1,HOG_graphs/random_graphs_8to14vertices_78instances_20260625_143415_AdjacencyList.txt,False,0,32,1,5,1,,21,"[(2, 3), (2, 6), (3, 5), (7, 8), (0, 5), (1, 4), (0, 2), (0, 8), (1, 7), (5, 7), (3, 4), (2, 8), (4, 5), (2, 5), (4, 8), (1, 3), (0, 1), (1, 6), (0, 4), (6, 8), (2, 4), (2, 7), (0, 3), (1, 2), (1, 8), (0, 6), (1, 5)]","[1.0, 1.0, 1.0, 1.0, 1.0, 1.0, 1.0, 1.0, 1.0, 1.0, 1.0, 1.0, 1.0, 1.0, 1.0, 1.0, 1.0, 1.0, 1.0, 1.0, 1.0, 1.0, 1.0, 1.0, 1.0, 1.0, 1.0]"
41e0b1b1,9,18,1,50.0,False,False,"[1, 1, 1]",8.668163939107135,,,,,,,,,,,6.530256879356763,,0.753361026075542,,,,3.003295421600342,3.003295421600342,False,,0.0,0.0,,,3.010396718978882,2026-07-21 18:03:27,x86_64,dacsgpu0002,,64,64,3.11.15,0.21,False,False,adam,True,1,20,hamqaoa,0.005,44,False,False,hog,False,True,False,False,False,False,False,1,HOG_graphs/random_graphs_8to14vertices_78instances_20260625_143415_AdjacencyList.txt,False,0,32,1,5,1,,19,"[(2, 7), (2, 3), (1, 6), (4, 7), (0, 7), (0, 3), (4, 6), (1, 2), (1, 8), (0, 6), (3, 4), (2, 8), (5, 6), (6, 7), (0, 5), (1, 4), (2, 4), (1, 7)]","[1.0, 1.0, 1.0, 1.0, 1.0, 1.0, 1.0, 1.0, 1.0, 1.0, 1.0, 1.0, 1.0, 1.0, 1.0, 1.0, 1.0, 1.0]"
05f7dec8,9,27,1,25.0,False,False,"[1, 1, 1]",11.151517664061469,,,,,,,,,,,7.98798248857545,,0.7163134856808508,,,,2.346949338912964,2.346949338912964,False,,0.0,0.0,,,2.3596673011779785,2026-07-21 18:03:27,x86_64,dacsgpu0002,,64,64,3.11.15,0.21,False,False,adam,True,1,20,hamqaoa,0.005,44,False,False,hog,False,True,False,False,False,False,False,1,HOG_graphs/random_graphs_8to14vertices_78instances_20260625_143415_AdjacencyList.txt,False,0,32,1,5,1,,20,"[(2, 3), (2, 6), (3, 5), (7, 8), (0, 2), (0, 8), (1, 7), (5, 7), (2, 8), (4, 5), (3, 7), (4, 8), (1, 3), (0, 1), (1, 6), (6, 8), (5, 6), (3, 6), (2, 4), (2, 7), (4, 7), (0, 3), (1, 8), (0, 6), (1, 5), (5, 8), (6, 7)]","[1.0, 1.0, 1.0, 1.0, 1.0, 1.0, 1.0, 1.0, 1.0, 1.0, 1.0, 1.0, 1.0, 1.0, 1.0, 1.0, 1.0, 1.0, 1.0, 1.0, 1.0, 1.0, 1.0, 1.0, 1.0, 1.0, 1.0]"
189cccf8,9,18,2,25.0,False,False,"[1, 1, 1]",9.11474866234564,,,,,,,,,,,6.117574294262904,,0.6711731196204562,,,,4.612386226654053,4.612386226654053,False,,0.0,0.0,,,4.618815660476685,2026-07-21 18:03:27,x86_64,dacsgpu0002,,64,64,3.11.15,0.21,False,False,adam,True,1,20,hamqaoa,0.005,44,False,False,hog,False,True,False,False,False,False,False,1,HOG_graphs/random_graphs_8to14vertices_78instances_20260625_143415_AdjacencyList.txt,False,0,32,1,5,1,,18,"[(1, 3), (0, 1), (2, 7), (2, 3), (0, 4), (5, 7), (0, 7), (3, 5), (4, 6), (1, 2), (1, 8), (0, 6), (3, 4), (5, 6), (6, 8), (7, 8), (0, 8), (6, 7)]","[1.0, 1.0, 1.0, 1.0, 1.0, 1.0, 1.0, 1.0, 1.0, 1.0, 1.0, 1.0, 1.0, 1.0, 1.0, 1.0, 1.0, 1.0]"
c43f2d20,9,27,1,10.0,False,False,"[1, 1, 1]",11.165162775970071,,,,,,,,,,,7.864408638210988,,0.704370262754875,,,,1.5823380947113037,1.5823380947113037,False,,0.0,0.0,,,1.5905275344848633,2026-07-21 18:03:28,x86_64,dacsgpu0002,,64,64,3.11.15,0.2,False,False,adam,True,1,20,hamqaoa,0.005,44,False,False,hog,False,True,False,False,False,False,False,1,HOG_graphs/random_graphs_8to14vertices_78instances_20260625_143415_AdjacencyList.txt,False,0,32,1,5,1,,21,"[(2, 3), (2, 6), (3, 5), (7, 8), (0, 5), (1, 4), (0, 2), (0, 8), (1, 7), (5, 7), (3, 4), (2, 8), (4, 5), (2, 5), (4, 8), (1, 3), (0, 1), (1, 6), (0, 4), (6, 8), (2, 4), (2, 7), (0, 3), (1, 2), (1, 8), (0, 6), (1, 5)]","[1.0, 1.0, 1.0, 1.0, 1.0, 1.0, 1.0, 1.0, 1.0, 1.0, 1.0, 1.0, 1.0, 1.0, 1.0, 1.0, 1.0, 1.0, 1.0, 1.0, 1.0, 1.0, 1.0, 1.0, 1.0, 1.0, 1.0]"
dc1805e4,9,27,2,5.0,False,False,"[1, 1, 1]",11.151517664061469,,,,,,,,,,,7.963011188740342,,0.7140742120153851,,,,3.2367920875549316,3.2367920875549316,False,,0.0,0.0,,,3.243619441986084,2026-07-21 18:03:28,x86_64,dacsgpu0002,,64,64,3.11.15,0.21,False,False,adam,True,1,20,hamqaoa,0.005,44,False,False,hog,False,True,False,False,False,False,False,1,HOG_graphs/random_graphs_8to14vertices_78instances_20260625_143415_AdjacencyList.txt,False,0,32,1,5,1,,20,"[(2, 3), (2, 6), (3, 5), (7, 8), (0, 2), (0, 8), (1, 7), (5, 7), (2, 8), (4, 5), (3, 7), (4, 8), (1, 3), (0, 1), (1, 6), (6, 8), (5, 6), (3, 6), (2, 4), (2, 7), (4, 7), (0, 3), (1, 8), (0, 6), (1, 5), (5, 8), (6, 7)]","[1.0, 1.0, 1.0, 1.0, 1.0, 1.0, 1.0, 1.0, 1.0, 1.0, 1.0, 1.0, 1.0, 1.0, 1.0, 1.0, 1.0, 1.0, 1.0, 1.0, 1.0, 1.0, 1.0, 1.0, 1.0, 1.0, 1.0]"
b019fc1c,10,9,1,5.0,False,False,"[1, 1, 1]",6.271621605910759,,,,,,,,,,,3.4096629320220355,,0.5436652824858823,,,,0.958676815032959,0.958676815032959,False,,0.0,0.0,,,0.9670062065124512,2026-07-21 18:03:28,x86_64,dacsgpu0002,,64,64,3.11.15,0.2,True,False,adam,True,1,20,hamqaoa,0.005,44,False,False,hog,False,True,False,False,False,False,False,1,HOG_graphs/random_graphs_8to14vertices_78instances_20260625_143415_AdjacencyList.txt,False,0,32,1,5,1,,22,"[(3, 9), (2, 3), (0, 7), (7, 9), (6, 8), (0, 6), (4, 9), (4, 5), (1, 7)]","[1.0, 1.0, 1.0, 1.0, 1.0, 1.0, 1.0, 1.0, 1.0]"
1ad9e80d,10,9,1,10.0,False,False,"[1, 1, 1]",6.271621605910759,,,,,,,,,,,3.6260647468375575,,0.578170204564021,,,,1.1114654541015625,1.1114654541015625,False,,0.0,0.0,,,1.1240918636322021,2026-07-21 18:03:29,x86_64,dacsgpu0002,,64,64,3.11.15,0.2,True,False,adam,True,1,20,hamqaoa,0.005,44,False,False,hog,False,True,False,False,False,False,False,1,HOG_graphs/random_graphs_8to14vertices_78instances_20260625_143415_AdjacencyList.txt,False,0,32,1,5,1,,22,"[(3, 9), (2, 3), (0, 7), (7, 9), (6, 8), (0, 6), (4, 9), (4, 5), (1, 7)]","[1.0, 1.0, 1.0, 1.0, 1.0, 1.0, 1.0, 1.0, 1.0]"
4bcb5b79,9,18,2,25.0,False,False,"[1, 1, 1]",8.668163939107135,,,,,,,,,,,5.032410027344821,,0.5805623962233443,,,,4.6540303230285645,4.6540303230285645,False,,0.0,0.0,,,4.662929058074951,2026-07-21 18:03:29,x86_64,dacsgpu0002,,64,64,3.11.15,0.21,False,False,adam,True,1,20,hamqaoa,0.005,44,False,False,hog,False,True,False,False,False,False,False,1,HOG_graphs/random_graphs_8to14vertices_78instances_20260625_143415_AdjacencyList.txt,False,0,32,1,5,1,,19,"[(2, 7), (2, 3), (1, 6), (4, 7), (0, 7), (0, 3), (4, 6), (1, 2), (1, 8), (0, 6), (3, 4), (2, 8), (5, 6), (6, 7), (0, 5), (1, 4), (2, 4), (1, 7)]","[1.0, 1.0, 1.0, 1.0, 1.0, 1.0, 1.0, 1.0, 1.0, 1.0, 1.0, 1.0, 1.0, 1.0, 1.0, 1.0, 1.0, 1.0]"
cf4d3467,9,27,2,10.0,False,False,"[1, 1, 1]",11.151517664061469,,,,,,,,,,,8.599403812964757,,0.7711420160036574,,,,3.7987139225006104,3.7987139225006104,False,,0.0,0.0,,,3.8061416149139404,2026-07-21 18:03:29,x86_64,dacsgpu0002,,64,64,3.11.15,0.21,False,False,adam,True,1,20,hamqaoa,0.005,44,False,False,hog,False,True,False,False,False,False,False,1,HOG_graphs/random_graphs_8to14vertices_78instances_20260625_143415_AdjacencyList.txt,False,0,32,1,5,1,,20,"[(2, 3), (2, 6), (3, 5), (7, 8), (0, 2), (0, 8), (1, 7), (5, 7), (2, 8), (4, 5), (3, 7), (4, 8), (1, 3), (0, 1), (1, 6), (6, 8), (5, 6), (3, 6), (2, 4), (2, 7), (4, 7), (0, 3), (1, 8), (0, 6), (1, 5), (5, 8), (6, 7)]","[1.0, 1.0, 1.0, 1.0, 1.0, 1.0, 1.0, 1.0, 1.0, 1.0, 1.0, 1.0, 1.0, 1.0, 1.0, 1.0, 1.0, 1.0, 1.0, 1.0, 1.0, 1.0, 1.0, 1.0, 1.0, 1.0, 1.0]"
fc09e76e,9,27,1,25.0,False,False,"[1, 1, 1]",11.165162775970071,,,,,,,,,,,7.545588016076073,,0.6758153165770111,,,,2.3853957653045654,2.3853957653045654,False,,0.0,0.0,,,2.394685983657837,2026-07-21 18:03:29,x86_64,dacsgpu0002,,64,64,3.11.15,0.2,False,False,adam,True,1,20,hamqaoa,0.005,44,False,False,hog,False,True,False,False,False,False,False,1,HOG_graphs/random_graphs_8to14vertices_78instances_20260625_143415_AdjacencyList.txt,False,0,32,1,5,1,,21,"[(2, 3), (2, 6), (3, 5), (7, 8), (0, 5), (1, 4), (0, 2), (0, 8), (1, 7), (5, 7), (3, 4), (2, 8), (4, 5), (2, 5), (4, 8), (1, 3), (0, 1), (1, 6), (0, 4), (6, 8), (2, 4), (2, 7), (0, 3), (1, 2), (1, 8), (0, 6), (1, 5)]","[1.0, 1.0, 1.0, 1.0, 1.0, 1.0, 1.0, 1.0, 1.0, 1.0, 1.0, 1.0, 1.0, 1.0, 1.0, 1.0, 1.0, 1.0, 1.0, 1.0, 1.0, 1.0, 1.0, 1.0, 1.0, 1.0, 1.0]"
2ccd5aa0,9,27,1,50.0,False,False,"[1, 1, 1]",11.151517664061469,,,,,,,,,,,7.974196956211904,,0.7150772833289527,,,,3.48952579498291,3.48952579498291,False,,0.0,0.0,,,3.4964616298675537,2026-07-21 18:03:29,x86_64,dacsgpu0002,,64,64,3.11.15,0.2,False,False,adam,True,1,20,hamqaoa,0.005,44,False,False,hog,False,True,False,False,False,False,False,1,HOG_graphs/random_graphs_8to14vertices_78instances_20260625_143415_AdjacencyList.txt,False,0,32,1,5,1,,20,"[(2, 3), (2, 6), (3, 5), (7, 8), (0, 2), (0, 8), (1, 7), (5, 7), (2, 8), (4, 5), (3, 7), (4, 8), (1, 3), (0, 1), (1, 6), (6, 8), (5, 6), (3, 6), (2, 4), (2, 7), (4, 7), (0, 3), (1, 8), (0, 6), (1, 5), (5, 8), (6, 7)]","[1.0, 1.0, 1.0, 1.0, 1.0, 1.0, 1.0, 1.0, 1.0, 1.0, 1.0, 1.0, 1.0, 1.0, 1.0, 1.0, 1.0, 1.0, 1.0, 1.0, 1.0, 1.0, 1.0, 1.0, 1.0, 1.0, 1.0]"
8ae0c6c9,9,27,2,5.0,False,False,"[1, 1, 1]",11.165162775970071,,,,,,,,,,,7.173779653071311,,0.6425145604245815,,,,3.135636329650879,3.135636329650879,False,,0.0,0.0,,,3.1477293968200684,2026-07-21 18:03:29,x86_64,dacsgpu0002,,64,64,3.11.15,0.21,False,False,adam,True,1,20,hamqaoa,0.005,44,False,False,hog,False,True,False,False,False,False,False,1,HOG_graphs/random_graphs_8to14vertices_78instances_20260625_143415_AdjacencyList.txt,False,0,32,1,5,1,,21,"[(2, 3), (2, 6), (3, 5), (7, 8), (0, 5), (1, 4), (0, 2), (0, 8), (1, 7), (5, 7), (3, 4), (2, 8), (4, 5), (2, 5), (4, 8), (1, 3), (0, 1), (1, 6), (0, 4), (6, 8), (2, 4), (2, 7), (0, 3), (1, 2), (1, 8), (0, 6), (1, 5)]","[1.0, 1.0, 1.0, 1.0, 1.0, 1.0, 1.0, 1.0, 1.0, 1.0, 1.0, 1.0, 1.0, 1.0, 1.0, 1.0, 1.0, 1.0, 1.0, 1.0, 1.0, 1.0, 1.0, 1.0, 1.0, 1.0, 1.0]"
b7de1004,10,9,1,25.0,False,False,"[1, 1, 1]",6.271621605910759,,,,,,,,,,,4.036292184434274,,0.6435803111320086,,,,1.5553245544433594,1.5553245544433594,False,,0.0,0.0,,,1.5654399394989014,2026-07-21 18:03:29,x86_64,dacsgpu0002,,64,64,3.11.15,0.2,True,False,adam,True,1,20,hamqaoa,0.005,44,False,False,hog,False,True,False,False,False,False,False,1,HOG_graphs/random_graphs_8to14vertices_78instances_20260625_143415_AdjacencyList.txt,False,0,32,1,5,1,,22,"[(3, 9), (2, 3), (0, 7), (7, 9), (6, 8), (0, 6), (4, 9), (4, 5), (1, 7)]","[1.0, 1.0, 1.0, 1.0, 1.0, 1.0, 1.0, 1.0, 1.0]"
b2d5104f,10,9,2,5.0,False,False,"[1, 1, 1]",6.271621605910759,,,,,,,,,,,4.299796993672669,,0.6855957300772544,,,,2.2969870567321777,2.2969870567321777,False,,0.0,0.0,,,2.3118278980255127,2026-07-21 18:03:30,x86_64,dacsgpu0002,,64,64,3.11.15,0.2,True,False,adam,True,1,20,hamqaoa,0.005,44,False,False,hog,False,True,False,False,False,False,False,1,HOG_graphs/random_graphs_8to14vertices_78instances_20260625_143415_AdjacencyList.txt,False,0,32,1,5,1,,22,"[(3, 9), (2, 3), (0, 7), (7, 9), (6, 8), (0, 6), (4, 9), (4, 5), (1, 7)]","[1.0, 1.0, 1.0, 1.0, 1.0, 1.0, 1.0, 1.0, 1.0]"
9937c045,10,21,1,5.0,False,False,"[1, 1, 1]",10.158893971297971,,,,,,,,,,,5.890746132469728,,0.5798609719830637,,,,1.1543691158294678,1.1543691158294678,False,,0.0,0.0,,,1.1614034175872803,2026-07-21 18:03:30,x86_64,dacsgpu0002,,64,64,3.11.15,0.2,False,False,adam,True,1,20,hamqaoa,0.005,44,False,False,hog,False,True,False,False,False,False,False,1,HOG_graphs/random_graphs_8to14vertices_78instances_20260625_143415_AdjacencyList.txt,False,0,32,1,5,1,,23,"[(4, 6), (0, 5), (1, 7), (6, 9), (4, 5), (2, 5), (4, 8), (8, 9), (1, 3), (0, 1), (1, 6), (6, 8), (5, 9), (3, 6), (2, 4), (4, 7), (7, 9), (0, 6), (1, 5), (0, 9), (5, 8)]","[1.0, 1.0, 1.0, 1.0, 1.0, 1.0, 1.0, 1.0, 1.0, 1.0, 1.0, 1.0, 1.0, 1.0, 1.0, 1.0, 1.0, 1.0, 1.0, 1.0, 1.0]"
d0574fd9,10,21,1,10.0,False,False,"[1, 1, 1]",10.158893971297971,,,,,,,,,,,5.904265300401982,,0.5811917436173036,,,,1.349449634552002,1.349449634552002,False,,0.0,0.0,,,1.357703447341919,2026-07-21 18:03:30,x86_64,dacsgpu0002,,64,64,3.11.15,0.2,False,False,adam,True,1,20,hamqaoa,0.005,44,False,False,hog,False,True,False,False,False,False,False,1,HOG_graphs/random_graphs_8to14vertices_78instances_20260625_143415_AdjacencyList.txt,False,0,32,1,5,1,,23,"[(4, 6), (0, 5), (1, 7), (6, 9), (4, 5), (2, 5), (4, 8), (8, 9), (1, 3), (0, 1), (1, 6), (6, 8), (5, 9), (3, 6), (2, 4), (4, 7), (7, 9), (0, 6), (1, 5), (0, 9), (5, 8)]","[1.0, 1.0, 1.0, 1.0, 1.0, 1.0, 1.0, 1.0, 1.0, 1.0, 1.0, 1.0, 1.0, 1.0, 1.0, 1.0, 1.0, 1.0, 1.0, 1.0, 1.0]"
3a88dbba,9,18,2,50.0,False,False,"[1, 1, 1]",9.11474866234564,,,,,,,,,,,6.043217177673635,,0.6630152296616855,,,,6.968072414398193,6.968072414398193,False,,0.0,0.0,,,6.974198341369629,2026-07-21 18:03:30,x86_64,dacsgpu0002,,64,64,3.11.15,0.22,False,False,adam,True,1,20,hamqaoa,0.005,44,False,False,hog,False,True,False,False,False,False,False,1,HOG_graphs/random_graphs_8to14vertices_78instances_20260625_143415_AdjacencyList.txt,False,0,32,1,5,1,,18,"[(1, 3), (0, 1), (2, 7), (2, 3), (0, 4), (5, 7), (0, 7), (3, 5), (4, 6), (1, 2), (1, 8), (0, 6), (3, 4), (5, 6), (6, 8), (7, 8), (0, 8), (6, 7)]","[1.0, 1.0, 1.0, 1.0, 1.0, 1.0, 1.0, 1.0, 1.0, 1.0, 1.0, 1.0, 1.0, 1.0, 1.0, 1.0, 1.0, 1.0]"
f2692144,9,27,2,10.0,False,False,"[1, 1, 1]",11.165162775970071,,,,,,,,,,,7.033141583063123,,0.6299184099850311,,,,3.9462924003601074,3.9462924003601074,False,,0.0,0.0,,,3.952883005142212,2026-07-21 18:03:30,x86_64,dacsgpu0002,,64,64,3.11.15,0.21,False,False,adam,True,1,20,hamqaoa,0.005,44,False,False,hog,False,True,False,False,False,False,False,1,HOG_graphs/random_graphs_8to14vertices_78instances_20260625_143415_AdjacencyList.txt,False,0,32,1,5,1,,21,"[(2, 3), (2, 6), (3, 5), (7, 8), (0, 5), (1, 4), (0, 2), (0, 8), (1, 7), (5, 7), (3, 4), (2, 8), (4, 5), (2, 5), (4, 8), (1, 3), (0, 1), (1, 6), (0, 4), (6, 8), (2, 4), (2, 7), (0, 3), (1, 2), (1, 8), (0, 6), (1, 5)]","[1.0, 1.0, 1.0, 1.0, 1.0, 1.0, 1.0, 1.0, 1.0, 1.0, 1.0, 1.0, 1.0, 1.0, 1.0, 1.0, 1.0, 1.0, 1.0, 1.0, 1.0, 1.0, 1.0, 1.0, 1.0, 1.0, 1.0]"
e3defb29,9,27,1,50.0,False,False,"[1, 1, 1]",11.165162775970071,,,,,,,,,,,8.269996507776519,,0.7406964568018123,,,,3.4035484790802,3.4035484790802,False,,0.0,0.0,,,3.4125547409057617,2026-07-21 18:03:30,x86_64,dacsgpu0002,,64,64,3.11.15,0.2,False,False,adam,True,1,20,hamqaoa,0.005,44,False,False,hog,False,True,False,False,False,False,False,1,HOG_graphs/random_graphs_8to14vertices_78instances_20260625_143415_AdjacencyList.txt,False,0,32,1,5,1,,21,"[(2, 3), (2, 6), (3, 5), (7, 8), (0, 5), (1, 4), (0, 2), (0, 8), (1, 7), (5, 7), (3, 4), (2, 8), (4, 5), (2, 5), (4, 8), (1, 3), (0, 1), (1, 6), (0, 4), (6, 8), (2, 4), (2, 7), (0, 3), (1, 2), (1, 8), (0, 6), (1, 5)]","[1.0, 1.0, 1.0, 1.0, 1.0, 1.0, 1.0, 1.0, 1.0, 1.0, 1.0, 1.0, 1.0, 1.0, 1.0, 1.0, 1.0, 1.0, 1.0, 1.0, 1.0, 1.0, 1.0, 1.0, 1.0, 1.0, 1.0]"
7a3bc9ef,10,9,2,10.0,False,False,"[1, 1, 1]",6.271621605910759,,,,,,,,,,,3.104912290917173,,0.49507328184323407,,,,2.6798553466796875,2.6798553466796875,False,,0.0,0.0,,,2.6905672550201416,2026-07-21 18:03:30,x86_64,dacsgpu0002,,64,64,3.11.15,0.21,True,False,adam,True,1,20,hamqaoa,0.005,44,False,False,hog,False,True,False,False,False,False,False,1,HOG_graphs/random_graphs_8to14vertices_78instances_20260625_143415_AdjacencyList.txt,False,0,32,1,5,1,,22,"[(3, 9), (2, 3), (0, 7), (7, 9), (6, 8), (0, 6), (4, 9), (4, 5), (1, 7)]","[1.0, 1.0, 1.0, 1.0, 1.0, 1.0, 1.0, 1.0, 1.0]"
dff6c0f6,10,9,1,50.0,False,False,"[1, 1, 1]",6.271621605910759,,,,,,,,,,,2.9993896653970125,,0.4782478685528803,,,,2.2373428344726562,2.2373428344726562,False,,0.0,0.0,,,2.2440335750579834,2026-07-21 18:03:30,x86_64,dacsgpu0002,,64,64,3.11.15,0.21,True,False,adam,True,1,20,hamqaoa,0.005,44,False,False,hog,False,True,False,False,False,False,False,1,HOG_graphs/random_graphs_8to14vertices_78instances_20260625_143415_AdjacencyList.txt,False,0,32,1,5,1,,22,"[(3, 9), (2, 3), (0, 7), (7, 9), (6, 8), (0, 6), (4, 9), (4, 5), (1, 7)]","[1.0, 1.0, 1.0, 1.0, 1.0, 1.0, 1.0, 1.0, 1.0]"
c650e704,9,27,2,25.0,False,False,"[1, 1, 1]",11.151517664061469,,,,,,,,,,,8.422077528394663,,0.7552404777635691,,,,5.626080274581909,5.626080274581909,False,,0.0,0.0,,,5.633863210678101,2026-07-21 18:03:31,x86_64,dacsgpu0002,,64,64,3.11.15,0.21,False,False,adam,True,1,20,hamqaoa,0.005,44,False,False,hog,False,True,False,False,False,False,False,1,HOG_graphs/random_graphs_8to14vertices_78instances_20260625_143415_AdjacencyList.txt,False,0,32,1,5,1,,20,"[(2, 3), (2, 6), (3, 5), (7, 8), (0, 2), (0, 8), (1, 7), (5, 7), (2, 8), (4, 5), (3, 7), (4, 8), (1, 3), (0, 1), (1, 6), (6, 8), (5, 6), (3, 6), (2, 4), (2, 7), (4, 7), (0, 3), (1, 8), (0, 6), (1, 5), (5, 8), (6, 7)]","[1.0, 1.0, 1.0, 1.0, 1.0, 1.0, 1.0, 1.0, 1.0, 1.0, 1.0, 1.0, 1.0, 1.0, 1.0, 1.0, 1.0, 1.0, 1.0, 1.0, 1.0, 1.0, 1.0, 1.0, 1.0, 1.0, 1.0]"
24c1d002,10,21,1,25.0,False,False,"[1, 1, 1]",10.158893971297971,,,,,,,,,,,6.647509194169129,,0.6543536346525918,,,,1.9472377300262451,1.9472377300262451,False,,0.0,0.0,,,1.954066514968872,2026-07-21 18:03:31,x86_64,dacsgpu0002,,64,64,3.11.15,0.2,False,False,adam,True,1,20,hamqaoa,0.005,44,False,False,hog,False,True,False,False,False,False,False,1,HOG_graphs/random_graphs_8to14vertices_78instances_20260625_143415_AdjacencyList.txt,False,0,32,1,5,1,,23,"[(4, 6), (0, 5), (1, 7), (6, 9), (4, 5), (2, 5), (4, 8), (8, 9), (1, 3), (0, 1), (1, 6), (6, 8), (5, 9), (3, 6), (2, 4), (4, 7), (7, 9), (0, 6), (1, 5), (0, 9), (5, 8)]","[1.0, 1.0, 1.0, 1.0, 1.0, 1.0, 1.0, 1.0, 1.0, 1.0, 1.0, 1.0, 1.0, 1.0, 1.0, 1.0, 1.0, 1.0, 1.0, 1.0, 1.0]"
f915f216,10,28,1,5.0,False,False,"[1, 1, 1]",12.658576065675938,,,,,,,,,,,8.469787941533086,,0.6690948411250724,,,,1.320586919784546,1.320586919784546,False,,0.0,0.0,,,1.327348232269287,2026-07-21 18:03:31,x86_64,dacsgpu0002,,64,64,3.11.15,0.2,False,False,adam,True,1,20,hamqaoa,0.005,44,False,False,hog,False,True,False,False,False,False,False,1,HOG_graphs/random_graphs_8to14vertices_78instances_20260625_143415_AdjacencyList.txt,False,0,32,1,5,1,,24,"[(2, 3), (3, 8), (2, 9), (4, 6), (4, 9), (7, 8), (0, 2), (0, 8), (1, 7), (6, 9), (5, 7), (3, 4), (2, 8), (3, 7), (2, 5), (8, 9), (1, 6), (0, 4), (1, 9), (0, 7), (6, 8), (5, 6), (2, 7), (0, 3), (1, 2), (1, 8), (0, 6), (0, 9)]","[1.0, 1.0, 1.0, 1.0, 1.0, 1.0, 1.0, 1.0, 1.0, 1.0, 1.0, 1.0, 1.0, 1.0, 1.0, 1.0, 1.0, 1.0, 1.0, 1.0, 1.0, 1.0, 1.0, 1.0, 1.0, 1.0, 1.0, 1.0]"
25524812,9,18,2,50.0,False,False,"[1, 1, 1]",8.668163939107135,,,,,,,,,,,5.892831756614762,,0.6798246777531245,,,,7.082406997680664,7.082406997680664,False,,0.0,0.0,,,7.0904381275177,2026-07-21 18:03:31,x86_64,dacsgpu0002,,64,64,3.11.15,0.21,False,False,adam,True,1,20,hamqaoa,0.005,44,False,False,hog,False,True,False,False,False,False,False,1,HOG_graphs/random_graphs_8to14vertices_78instances_20260625_143415_AdjacencyList.txt,False,0,32,1,5,1,,19,"[(2, 7), (2, 3), (1, 6), (4, 7), (0, 7), (0, 3), (4, 6), (1, 2), (1, 8), (0, 6), (3, 4), (2, 8), (5, 6), (6, 7), (0, 5), (1, 4), (2, 4), (1, 7)]","[1.0, 1.0, 1.0, 1.0, 1.0, 1.0, 1.0, 1.0, 1.0, 1.0, 1.0, 1.0, 1.0, 1.0, 1.0, 1.0, 1.0, 1.0]"
dd9d515f,10,21,2,5.0,False,False,"[1, 1, 1]",10.158893971297971,,,,,,,,,,,5.824115940253492,,0.5733021681994543,,,,2.9250550270080566,2.9250550270080566,False,,0.0,0.0,,,2.9315402507781982,2026-07-21 18:03:32,x86_64,dacsgpu0002,,64,64,3.11.15,0.2,False,False,adam,True,1,20,hamqaoa,0.005,44,False,False,hog,False,True,False,False,False,False,False,1,HOG_graphs/random_graphs_8to14vertices_78instances_20260625_143415_AdjacencyList.txt,False,0,32,1,5,1,,23,"[(4, 6), (0, 5), (1, 7), (6, 9), (4, 5), (2, 5), (4, 8), (8, 9), (1, 3), (0, 1), (1, 6), (6, 8), (5, 9), (3, 6), (2, 4), (4, 7), (7, 9), (0, 6), (1, 5), (0, 9), (5, 8)]","[1.0, 1.0, 1.0, 1.0, 1.0, 1.0, 1.0, 1.0, 1.0, 1.0, 1.0, 1.0, 1.0, 1.0, 1.0, 1.0, 1.0, 1.0, 1.0, 1.0, 1.0]"
23d17e44,10,9,2,25.0,False,False,"[1, 1, 1]",6.271621605910759,,,,,,,,,,,4.0406273756090245,,0.6442715504074562,,,,3.7891290187835693,3.7891290187835693,False,,0.0,0.0,,,3.7962589263916016,2026-07-21 18:03:32,x86_64,dacsgpu0002,,64,64,3.11.15,0.21,True,False,adam,True,1,20,hamqaoa,0.005,44,False,False,hog,False,True,False,False,False,False,False,1,HOG_graphs/random_graphs_8to14vertices_78instances_20260625_143415_AdjacencyList.txt,False,0,32,1,5,1,,22,"[(3, 9), (2, 3), (0, 7), (7, 9), (6, 8), (0, 6), (4, 9), (4, 5), (1, 7)]","[1.0, 1.0, 1.0, 1.0, 1.0, 1.0, 1.0, 1.0, 1.0]"
30dc8989,9,27,2,25.0,False,False,"[1, 1, 1]",11.165162775970071,,,,,,,,,,,8.069384707440843,,0.7227288011248671,,,,5.360915184020996,5.360915184020996,False,,0.0,0.0,,,5.370558977127075,2026-07-21 18:03:32,x86_64,dacsgpu0002,,64,64,3.11.15,0.21,False,False,adam,True,1,20,hamqaoa,0.005,44,False,False,hog,False,True,False,False,False,False,False,1,HOG_graphs/random_graphs_8to14vertices_78instances_20260625_143415_AdjacencyList.txt,False,0,32,1,5,1,,21,"[(2, 3), (2, 6), (3, 5), (7, 8), (0, 5), (1, 4), (0, 2), (0, 8), (1, 7), (5, 7), (3, 4), (2, 8), (4, 5), (2, 5), (4, 8), (1, 3), (0, 1), (1, 6), (0, 4), (6, 8), (2, 4), (2, 7), (0, 3), (1, 2), (1, 8), (0, 6), (1, 5)]","[1.0, 1.0, 1.0, 1.0, 1.0, 1.0, 1.0, 1.0, 1.0, 1.0, 1.0, 1.0, 1.0, 1.0, 1.0, 1.0, 1.0, 1.0, 1.0, 1.0, 1.0, 1.0, 1.0, 1.0, 1.0, 1.0, 1.0]"
4fdcacac,10,21,1,50.0,False,False,"[1, 1, 1]",10.158893971297971,,,,,,,,,,,7.2436127550491,,0.7130316327264125,,,,2.827157735824585,2.827157735824585,False,,0.0,0.0,,,2.8342320919036865,2026-07-21 18:03:32,x86_64,dacsgpu0002,,64,64,3.11.15,0.2,False,False,adam,True,1,20,hamqaoa,0.005,44,False,False,hog,False,True,False,False,False,False,False,1,HOG_graphs/random_graphs_8to14vertices_78instances_20260625_143415_AdjacencyList.txt,False,0,32,1,5,1,,23,"[(4, 6), (0, 5), (1, 7), (6, 9), (4, 5), (2, 5), (4, 8), (8, 9), (1, 3), (0, 1), (1, 6), (6, 8), (5, 9), (3, 6), (2, 4), (4, 7), (7, 9), (0, 6), (1, 5), (0, 9), (5, 8)]","[1.0, 1.0, 1.0, 1.0, 1.0, 1.0, 1.0, 1.0, 1.0, 1.0, 1.0, 1.0, 1.0, 1.0, 1.0, 1.0, 1.0, 1.0, 1.0, 1.0, 1.0]"
33f704e0,10,21,2,10.0,False,False,"[1, 1, 1]",10.158893971297971,,,,,,,,,,,5.87429169784072,,0.5782412646925361,,,,3.329824686050415,3.329824686050415,False,,0.0,0.0,,,3.336725950241089,2026-07-21 18:03:32,x86_64,dacsgpu0002,,64,64,3.11.15,0.2,False,False,adam,True,1,20,hamqaoa,0.005,44,False,False,hog,False,True,False,False,False,False,False,1,HOG_graphs/random_graphs_8to14vertices_78instances_20260625_143415_AdjacencyList.txt,False,0,32,1,5,1,,23,"[(4, 6), (0, 5), (1, 7), (6, 9), (4, 5), (2, 5), (4, 8), (8, 9), (1, 3), (0, 1), (1, 6), (6, 8), (5, 9), (3, 6), (2, 4), (4, 7), (7, 9), (0, 6), (1, 5), (0, 9), (5, 8)]","[1.0, 1.0, 1.0, 1.0, 1.0, 1.0, 1.0, 1.0, 1.0, 1.0, 1.0, 1.0, 1.0, 1.0, 1.0, 1.0, 1.0, 1.0, 1.0, 1.0, 1.0]"
2ae3e739,9,27,2,50.0,False,False,"[1, 1, 1]",11.151517664061469,,,,,,,,,,,8.285693483462893,,0.7430103895333992,,,,7.888895750045776,7.888895750045776,False,,0.0,0.0,,,7.900119066238403,2026-07-21 18:03:33,x86_64,dacsgpu0002,,64,64,3.11.15,0.21,False,False,adam,True,1,20,hamqaoa,0.005,44,False,False,hog,False,True,False,False,False,False,False,1,HOG_graphs/random_graphs_8to14vertices_78instances_20260625_143415_AdjacencyList.txt,False,0,32,1,5,1,,20,"[(2, 3), (2, 6), (3, 5), (7, 8), (0, 2), (0, 8), (1, 7), (5, 7), (2, 8), (4, 5), (3, 7), (4, 8), (1, 3), (0, 1), (1, 6), (6, 8), (5, 6), (3, 6), (2, 4), (2, 7), (4, 7), (0, 3), (1, 8), (0, 6), (1, 5), (5, 8), (6, 7)]","[1.0, 1.0, 1.0, 1.0, 1.0, 1.0, 1.0, 1.0, 1.0, 1.0, 1.0, 1.0, 1.0, 1.0, 1.0, 1.0, 1.0, 1.0, 1.0, 1.0, 1.0, 1.0, 1.0, 1.0, 1.0, 1.0, 1.0]"
feaada9e,10,9,2,50.0,False,False,"[1, 1, 1]",6.271621605910759,,,,,,,,,,,3.4984817404000705,,0.5578272989401797,,,,5.414124965667725,5.414124965667725,False,,0.0,0.0,,,5.421390533447266,2026-07-21 18:03:34,x86_64,dacsgpu0002,,64,64,3.11.15,0.21,True,False,adam,True,1,20,hamqaoa,0.005,44,False,False,hog,False,True,False,False,False,False,False,1,HOG_graphs/random_graphs_8to14vertices_78instances_20260625_143415_AdjacencyList.txt,False,0,32,1,5,1,,22,"[(3, 9), (2, 3), (0, 7), (7, 9), (6, 8), (0, 6), (4, 9), (4, 5), (1, 7)]","[1.0, 1.0, 1.0, 1.0, 1.0, 1.0, 1.0, 1.0, 1.0]"
327222cc,10,21,2,25.0,False,False,"[1, 1, 1]",10.158893971297971,,,,,,,,,,,6.829146963288293,,0.6722333142350686,,,,4.7777228355407715,4.7777228355407715,False,,0.0,0.0,,,4.785234689712524,2026-07-21 18:03:34,x86_64,dacsgpu0002,,64,64,3.11.15,0.21,False,False,adam,True,1,20,hamqaoa,0.005,44,False,False,hog,False,True,False,False,False,False,False,1,HOG_graphs/random_graphs_8to14vertices_78instances_20260625_143415_AdjacencyList.txt,False,0,32,1,5,1,,23,"[(4, 6), (0, 5), (1, 7), (6, 9), (4, 5), (2, 5), (4, 8), (8, 9), (1, 3), (0, 1), (1, 6), (6, 8), (5, 9), (3, 6), (2, 4), (4, 7), (7, 9), (0, 6), (1, 5), (0, 9), (5, 8)]","[1.0, 1.0, 1.0, 1.0, 1.0, 1.0, 1.0, 1.0, 1.0, 1.0, 1.0, 1.0, 1.0, 1.0, 1.0, 1.0, 1.0, 1.0, 1.0, 1.0, 1.0]"
48c1d678,9,27,2,50.0,False,False,"[1, 1, 1]",11.165162775970071,,,,,,,,,,,8.876861547664339,,0.7950498999234773,,,,8.460691690444946,8.460691690444946,False,,0.0,0.0,,,8.471144437789917,2026-07-21 18:03:35,x86_64,dacsgpu0002,,64,64,3.11.15,0.21,False,False,adam,True,1,20,hamqaoa,0.005,44,False,False,hog,False,True,False,False,False,False,False,1,HOG_graphs/random_graphs_8to14vertices_78instances_20260625_143415_AdjacencyList.txt,False,0,32,1,5,1,,21,"[(2, 3), (2, 6), (3, 5), (7, 8), (0, 5), (1, 4), (0, 2), (0, 8), (1, 7), (5, 7), (3, 4), (2, 8), (4, 5), (2, 5), (4, 8), (1, 3), (0, 1), (1, 6), (0, 4), (6, 8), (2, 4), (2, 7), (0, 3), (1, 2), (1, 8), (0, 6), (1, 5)]","[1.0, 1.0, 1.0, 1.0, 1.0, 1.0, 1.0, 1.0, 1.0, 1.0, 1.0, 1.0, 1.0, 1.0, 1.0, 1.0, 1.0, 1.0, 1.0, 1.0, 1.0, 1.0, 1.0, 1.0, 1.0, 1.0, 1.0]"
a6db1f35,10,21,2,50.0,False,False,"[1, 1, 1]",10.158893971297971,,,,,,,,,,,6.473646540839964,,0.6372393056891849,,,,8.352625370025635,8.352625370025635,False,,0.0,0.0,,,8.360099792480469,2026-07-21 18:03:38,x86_64,dacsgpu0002,,64,64,3.11.15,0.21,False,False,adam,True,1,20,hamqaoa,0.005,44,False,False,hog,False,True,False,False,False,False,False,1,HOG_graphs/random_graphs_8to14vertices_78instances_20260625_143415_AdjacencyList.txt,False,0,32,1,5,1,,23,"[(4, 6), (0, 5), (1, 7), (6, 9), (4, 5), (2, 5), (4, 8), (8, 9), (1, 3), (0, 1), (1, 6), (6, 8), (5, 9), (3, 6), (2, 4), (4, 7), (7, 9), (0, 6), (1, 5), (0, 9), (5, 8)]","[1.0, 1.0, 1.0, 1.0, 1.0, 1.0, 1.0, 1.0, 1.0, 1.0, 1.0, 1.0, 1.0, 1.0, 1.0, 1.0, 1.0, 1.0, 1.0, 1.0, 1.0]"
0520073f,10,15,1,5.0,False,False,"[1, 1, 1]",8.907724921400755,,,,,,,,,,,4.166361653605622,,0.46772455260668905,,,,1.1997926235198975,1.1997926235198975,False,,0.0,0.0,,,1.2174315452575684,2026-07-21 18:09:45,x86_64,dacsgpu0002,,64,64,3.11.15,0.2,False,True,adam,True,1,20,hamqaoa,0.005,44,False,False,hog,False,True,False,False,False,False,False,1,HOG_graphs/random_graphs_8to14vertices_78instances_20260625_143415_AdjacencyList.txt,False,0,32,1,5,1,,25,"[(8, 9), (3, 9), (1, 3), (0, 1), (2, 7), (4, 7), (4, 6), (0, 6), (4, 9), (1, 5), (2, 8), (7, 8), (2, 5), (0, 5), (3, 6)]","[1.0, 1.0, 1.0, 1.0, 1.0, 1.0, 1.0, 1.0, 1.0, 1.0, 1.0, 1.0, 1.0, 1.0, 1.0]"
3cc90611,10,20,1,5.0,False,False,"[1, 1, 1]",10.572568715049329,,,,,,,,,,,5.73974707183936,,0.5428904958233303,,,,1.240365743637085,1.240365743637085,False,,0.0,0.0,,,1.2465336322784424,2026-07-21 18:09:45,x86_64,dacsgpu0002,,64,64,3.11.15,0.2,False,False,adam,True,1,20,hamqaoa,0.005,44,False,False,hog,False,True,False,False,False,False,False,1,HOG_graphs/random_graphs_8to14vertices_78instances_20260625_143415_AdjacencyList.txt,False,0,32,1,5,1,,26,"[(2, 3), (2, 6), (3, 5), (2, 9), (7, 8), (1, 4), (0, 2), (0, 8), (1, 7), (5, 7), (3, 4), (4, 5), (4, 8), (8, 9), (1, 3), (1, 9), (5, 6), (0, 6), (0, 9), (6, 7)]","[1.0, 1.0, 1.0, 1.0, 1.0, 1.0, 1.0, 1.0, 1.0, 1.0, 1.0, 1.0, 1.0, 1.0, 1.0, 1.0, 1.0, 1.0, 1.0, 1.0]"
8117ceaf,10,15,1,10.0,False,False,"[1, 1, 1]",8.907724921400755,,,,,,,,,,,6.511533573228412,,0.7309985019389735,,,,1.3453638553619385,1.3453638553619385,False,,0.0,0.0,,,1.3551340103149414,2026-07-21 18:09:45,x86_64,dacsgpu0002,,64,64,3.11.15,0.2,False,True,adam,True,1,20,hamqaoa,0.005,44,False,False,hog,False,True,False,False,False,False,False,1,HOG_graphs/random_graphs_8to14vertices_78instances_20260625_143415_AdjacencyList.txt,False,0,32,1,5,1,,25,"[(8, 9), (3, 9), (1, 3), (0, 1), (2, 7), (4, 7), (4, 6), (0, 6), (4, 9), (1, 5), (2, 8), (7, 8), (2, 5), (0, 5), (3, 6)]","[1.0, 1.0, 1.0, 1.0, 1.0, 1.0, 1.0, 1.0, 1.0, 1.0, 1.0, 1.0, 1.0, 1.0, 1.0]"
b7f797fb,10,20,1,10.0,False,False,"[1, 1, 1]",10.572568715049329,,,,,,,,,,,6.090090861776939,,0.5760275507226651,,,,1.5692226886749268,1.5692226886749268,False,,0.0,0.0,,,1.5755102634429932,2026-07-21 18:09:45,x86_64,dacsgpu0002,,64,64,3.11.15,0.21,False,False,adam,True,1,20,hamqaoa,0.005,44,False,False,hog,False,True,False,False,False,False,False,1,HOG_graphs/random_graphs_8to14vertices_78instances_20260625_143415_AdjacencyList.txt,False,0,32,1,5,1,,26,"[(2, 3), (2, 6), (3, 5), (2, 9), (7, 8), (1, 4), (0, 2), (0, 8), (1, 7), (5, 7), (3, 4), (4, 5), (4, 8), (8, 9), (1, 3), (1, 9), (5, 6), (0, 6), (0, 9), (6, 7)]","[1.0, 1.0, 1.0, 1.0, 1.0, 1.0, 1.0, 1.0, 1.0, 1.0, 1.0, 1.0, 1.0, 1.0, 1.0, 1.0, 1.0, 1.0, 1.0, 1.0]"
fe5604d4,10,28,1,10.0,False,False,"[1, 1, 1]",12.658576065675938,,,,,,,,,,,9.019281934610358,,0.7125036724364582,,,,1.9113659858703613,1.9113659858703613,False,,0.0,0.0,,,1.9188807010650635,2026-07-21 18:09:45,x86_64,dacsgpu0002,,64,64,3.11.15,0.2,False,False,adam,True,1,20,hamqaoa,0.005,44,False,False,hog,False,True,False,False,False,False,False,1,HOG_graphs/random_graphs_8to14vertices_78instances_20260625_143415_AdjacencyList.txt,False,0,32,1,5,1,,24,"[(2, 3), (3, 8), (2, 9), (4, 6), (4, 9), (7, 8), (0, 2), (0, 8), (1, 7), (6, 9), (5, 7), (3, 4), (2, 8), (3, 7), (2, 5), (8, 9), (1, 6), (0, 4), (1, 9), (0, 7), (6, 8), (5, 6), (2, 7), (0, 3), (1, 2), (1, 8), (0, 6), (0, 9)]","[1.0, 1.0, 1.0, 1.0, 1.0, 1.0, 1.0, 1.0, 1.0, 1.0, 1.0, 1.0, 1.0, 1.0, 1.0, 1.0, 1.0, 1.0, 1.0, 1.0, 1.0, 1.0, 1.0, 1.0, 1.0, 1.0, 1.0, 1.0]"
fc53dc7c,10,15,1,25.0,False,False,"[1, 1, 1]",8.907724921400755,,,,,,,,,,,5.269130165626049,,0.5915236732296253,,,,2.1391777992248535,2.1391777992248535,False,,0.0,0.0,,,2.1467700004577637,2026-07-21 18:09:45,x86_64,dacsgpu0002,,64,64,3.11.15,0.2,False,True,adam,True,1,20,hamqaoa,0.005,44,False,False,hog,False,True,False,False,False,False,False,1,HOG_graphs/random_graphs_8to14vertices_78instances_20260625_143415_AdjacencyList.txt,False,0,32,1,5,1,,25,"[(8, 9), (3, 9), (1, 3), (0, 1), (2, 7), (4, 7), (4, 6), (0, 6), (4, 9), (1, 5), (2, 8), (7, 8), (2, 5), (0, 5), (3, 6)]","[1.0, 1.0, 1.0, 1.0, 1.0, 1.0, 1.0, 1.0, 1.0, 1.0, 1.0, 1.0, 1.0, 1.0, 1.0]"
fe2956b1,10,25,1,5.0,False,False,"[1, 1, 1]",12.11824304459066,,,,,,,,,,,6.619094066947336,,0.5462090537870476,,,,1.3750455379486084,1.3750455379486084,False,,0.0,0.0,,,1.3821492195129395,2026-07-21 18:09:46,x86_64,dacsgpu0002,,64,64,3.11.15,0.2,False,False,adam,True,1,20,hamqaoa,0.005,44,False,False,hog,False,True,False,False,False,False,False,1,HOG_graphs/random_graphs_8to14vertices_78instances_20260625_143415_AdjacencyList.txt,False,0,32,1,5,1,,27,"[(2, 6), (2, 9), (4, 6), (7, 8), (0, 5), (1, 7), (6, 9), (3, 4), (2, 8), (4, 5), (2, 5), (4, 8), (1, 3), (0, 1), (1, 9), (0, 7), (6, 8), (3, 6), (3, 9), (2, 7), (4, 7), (0, 3), (1, 5), (0, 9), (5, 8)]","[1.0, 1.0, 1.0, 1.0, 1.0, 1.0, 1.0, 1.0, 1.0, 1.0, 1.0, 1.0, 1.0, 1.0, 1.0, 1.0, 1.0, 1.0, 1.0, 1.0, 1.0, 1.0, 1.0, 1.0, 1.0]"
101336ac,10,28,1,25.0,False,False,"[1, 1, 1]",12.658576065675938,,,,,,,,,,,9.498136222719529,,0.7503321205671762,,,,2.5784735679626465,2.5784735679626465,False,,0.0,0.0,,,2.585801124572754,2026-07-21 18:09:46,x86_64,dacsgpu0002,,64,64,3.11.15,0.2,False,False,adam,True,1,20,hamqaoa,0.005,44,False,False,hog,False,True,False,False,False,False,False,1,HOG_graphs/random_graphs_8to14vertices_78instances_20260625_143415_AdjacencyList.txt,False,0,32,1,5,1,,24,"[(2, 3), (3, 8), (2, 9), (4, 6), (4, 9), (7, 8), (0, 2), (0, 8), (1, 7), (6, 9), (5, 7), (3, 4), (2, 8), (3, 7), (2, 5), (8, 9), (1, 6), (0, 4), (1, 9), (0, 7), (6, 8), (5, 6), (2, 7), (0, 3), (1, 2), (1, 8), (0, 6), (0, 9)]","[1.0, 1.0, 1.0, 1.0, 1.0, 1.0, 1.0, 1.0, 1.0, 1.0, 1.0, 1.0, 1.0, 1.0, 1.0, 1.0, 1.0, 1.0, 1.0, 1.0, 1.0, 1.0, 1.0, 1.0, 1.0, 1.0, 1.0, 1.0]"
90d57662,10,20,1,25.0,False,False,"[1, 1, 1]",10.572568715049329,,,,,,,,,,,7.136725059290941,,0.675022811545533,,,,2.332434892654419,2.332434892654419,False,,0.0,0.0,,,2.341351270675659,2026-07-21 18:09:46,x86_64,dacsgpu0002,,64,64,3.11.15,0.21,False,False,adam,True,1,20,hamqaoa,0.005,44,False,False,hog,False,True,False,False,False,False,False,1,HOG_graphs/random_graphs_8to14vertices_78instances_20260625_143415_AdjacencyList.txt,False,0,32,1,5,1,,26,"[(2, 3), (2, 6), (3, 5), (2, 9), (7, 8), (1, 4), (0, 2), (0, 8), (1, 7), (5, 7), (3, 4), (4, 5), (4, 8), (8, 9), (1, 3), (1, 9), (5, 6), (0, 6), (0, 9), (6, 7)]","[1.0, 1.0, 1.0, 1.0, 1.0, 1.0, 1.0, 1.0, 1.0, 1.0, 1.0, 1.0, 1.0, 1.0, 1.0, 1.0, 1.0, 1.0, 1.0, 1.0]"
a71a8646,10,15,2,5.0,False,False,"[1, 1, 1]",8.907724921400755,,,,,,,,,,,4.925815293543394,,0.5529824211016163,,,,2.8442728519439697,2.8442728519439697,False,,0.0,0.0,,,2.8515355587005615,2026-07-21 18:09:46,x86_64,dacsgpu0002,,64,64,3.11.15,0.21,False,True,adam,True,1,20,hamqaoa,0.005,44,False,False,hog,False,True,False,False,False,False,False,1,HOG_graphs/random_graphs_8to14vertices_78instances_20260625_143415_AdjacencyList.txt,False,0,32,1,5,1,,25,"[(8, 9), (3, 9), (1, 3), (0, 1), (2, 7), (4, 7), (4, 6), (0, 6), (4, 9), (1, 5), (2, 8), (7, 8), (2, 5), (0, 5), (3, 6)]","[1.0, 1.0, 1.0, 1.0, 1.0, 1.0, 1.0, 1.0, 1.0, 1.0, 1.0, 1.0, 1.0, 1.0, 1.0]"
1ae49174,10,25,1,10.0,False,False,"[1, 1, 1]",12.11824304459066,,,,,,,,,,,6.6748869215478575,,0.5508130920453351,,,,1.708195447921753,1.708195447921753,False,,0.0,0.0,,,1.7203044891357422,2026-07-21 18:09:46,x86_64,dacsgpu0002,,64,64,3.11.15,0.2,False,False,adam,True,1,20,hamqaoa,0.005,44,False,False,hog,False,True,False,False,False,False,False,1,HOG_graphs/random_graphs_8to14vertices_78instances_20260625_143415_AdjacencyList.txt,False,0,32,1,5,1,,27,"[(2, 6), (2, 9), (4, 6), (7, 8), (0, 5), (1, 7), (6, 9), (3, 4), (2, 8), (4, 5), (2, 5), (4, 8), (1, 3), (0, 1), (1, 9), (0, 7), (6, 8), (3, 6), (3, 9), (2, 7), (4, 7), (0, 3), (1, 5), (0, 9), (5, 8)]","[1.0, 1.0, 1.0, 1.0, 1.0, 1.0, 1.0, 1.0, 1.0, 1.0, 1.0, 1.0, 1.0, 1.0, 1.0, 1.0, 1.0, 1.0, 1.0, 1.0, 1.0, 1.0, 1.0, 1.0, 1.0]"
ae4d8845,10,15,1,50.0,False,False,"[1, 1, 1]",8.907724921400755,,,,,,,,,,,4.895632785612648,,0.549594069059196,,,,3.1277897357940674,3.1277897357940674,False,,0.0,0.0,,,3.1348698139190674,2026-07-21 18:09:46,x86_64,dacsgpu0002,,64,64,3.11.15,0.2,False,True,adam,True,1,20,hamqaoa,0.005,44,False,False,hog,False,True,False,False,False,False,False,1,HOG_graphs/random_graphs_8to14vertices_78instances_20260625_143415_AdjacencyList.txt,False,0,32,1,5,1,,25,"[(8, 9), (3, 9), (1, 3), (0, 1), (2, 7), (4, 7), (4, 6), (0, 6), (4, 9), (1, 5), (2, 8), (7, 8), (2, 5), (0, 5), (3, 6)]","[1.0, 1.0, 1.0, 1.0, 1.0, 1.0, 1.0, 1.0, 1.0, 1.0, 1.0, 1.0, 1.0, 1.0, 1.0]"
e3751a51,10,20,2,5.0,False,False,"[1, 1, 1]",10.572568715049329,,,,,,,,,,,6.068498283927875,,0.5739852298419951,,,,3.1456375122070312,3.1456375122070312,False,,0.0,0.0,,,3.1523616313934326,2026-07-21 18:09:47,x86_64,dacsgpu0002,,64,64,3.11.15,0.21,False,False,adam,True,1,20,hamqaoa,0.005,44,False,False,hog,False,True,False,False,False,False,False,1,HOG_graphs/random_graphs_8to14vertices_78instances_20260625_143415_AdjacencyList.txt,False,0,32,1,5,1,,26,"[(2, 3), (2, 6), (3, 5), (2, 9), (7, 8), (1, 4), (0, 2), (0, 8), (1, 7), (5, 7), (3, 4), (4, 5), (4, 8), (8, 9), (1, 3), (1, 9), (5, 6), (0, 6), (0, 9), (6, 7)]","[1.0, 1.0, 1.0, 1.0, 1.0, 1.0, 1.0, 1.0, 1.0, 1.0, 1.0, 1.0, 1.0, 1.0, 1.0, 1.0, 1.0, 1.0, 1.0, 1.0]"
44dcc7a5,10,15,2,10.0,False,False,"[1, 1, 1]",8.907724921400755,,,,,,,,,,,4.885456441730186,,0.5484516512171258,,,,3.2316501140594482,3.2316501140594482,False,,0.0,0.0,,,3.23919677734375,2026-07-21 18:09:47,x86_64,dacsgpu0002,,64,64,3.11.15,0.21,False,True,adam,True,1,20,hamqaoa,0.005,44,False,False,hog,False,True,False,False,False,False,False,1,HOG_graphs/random_graphs_8to14vertices_78instances_20260625_143415_AdjacencyList.txt,False,0,32,1,5,1,,25,"[(8, 9), (3, 9), (1, 3), (0, 1), (2, 7), (4, 7), (4, 6), (0, 6), (4, 9), (1, 5), (2, 8), (7, 8), (2, 5), (0, 5), (3, 6)]","[1.0, 1.0, 1.0, 1.0, 1.0, 1.0, 1.0, 1.0, 1.0, 1.0, 1.0, 1.0, 1.0, 1.0, 1.0]"
8b0e20be,10,16,1,5.0,False,False,"[1, 1, 1]",8.15217594877853,,,,,,,,,,,5.499411439757523,,0.674594301486037,,,,1.077397108078003,1.077397108078003,False,,0.0,0.0,,,1.083294153213501,2026-07-21 18:09:47,x86_64,dacsgpu0002,,64,64,3.11.15,0.2,False,False,adam,True,1,20,hamqaoa,0.005,44,False,False,hog,False,True,False,False,False,False,False,1,HOG_graphs/random_graphs_8to14vertices_78instances_20260625_143415_AdjacencyList.txt,False,0,32,1,5,1,,28,"[(3, 9), (1, 3), (0, 1), (0, 4), (3, 8), (5, 7), (7, 9), (0, 3), (1, 8), (0, 6), (1, 5), (3, 7), (0, 5), (1, 4), (0, 2), (3, 6)]","[1.0, 1.0, 1.0, 1.0, 1.0, 1.0, 1.0, 1.0, 1.0, 1.0, 1.0, 1.0, 1.0, 1.0, 1.0, 1.0]"
11639227,10,28,2,5.0,False,False,"[1, 1, 1]",12.658576065675938,,,,,,,,,,,8.051678985906639,,0.6360651422507922,,,,3.6948347091674805,3.6948347091674805,False,,0.0,0.0,,,3.703024387359619,2026-07-21 18:09:47,x86_64,dacsgpu0002,,64,64,3.11.15,0.21,False,False,adam,True,1,20,hamqaoa,0.005,44,False,False,hog,False,True,False,False,False,False,False,1,HOG_graphs/random_graphs_8to14vertices_78instances_20260625_143415_AdjacencyList.txt,False,0,32,1,5,1,,24,"[(2, 3), (3, 8), (2, 9), (4, 6), (4, 9), (7, 8), (0, 2), (0, 8), (1, 7), (6, 9), (5, 7), (3, 4), (2, 8), (3, 7), (2, 5), (8, 9), (1, 6), (0, 4), (1, 9), (0, 7), (6, 8), (5, 6), (2, 7), (0, 3), (1, 2), (1, 8), (0, 6), (0, 9)]","[1.0, 1.0, 1.0, 1.0, 1.0, 1.0, 1.0, 1.0, 1.0, 1.0, 1.0, 1.0, 1.0, 1.0, 1.0, 1.0, 1.0, 1.0, 1.0, 1.0, 1.0, 1.0, 1.0, 1.0, 1.0, 1.0, 1.0, 1.0]"
62843ed7,10,28,1,50.0,False,False,"[1, 1, 1]",12.658576065675938,,,,,,,,,,,7.999605817641944,,0.6319514751215254,,,,3.8438069820404053,3.8438069820404053,False,,0.0,0.0,,,3.8523247241973877,2026-07-21 18:09:47,x86_64,dacsgpu0002,,64,64,3.11.15,0.2,False,False,adam,True,1,20,hamqaoa,0.005,44,False,False,hog,False,True,False,False,False,False,False,1,HOG_graphs/random_graphs_8to14vertices_78instances_20260625_143415_AdjacencyList.txt,False,0,32,1,5,1,,24,"[(2, 3), (3, 8), (2, 9), (4, 6), (4, 9), (7, 8), (0, 2), (0, 8), (1, 7), (6, 9), (5, 7), (3, 4), (2, 8), (3, 7), (2, 5), (8, 9), (1, 6), (0, 4), (1, 9), (0, 7), (6, 8), (5, 6), (2, 7), (0, 3), (1, 2), (1, 8), (0, 6), (0, 9)]","[1.0, 1.0, 1.0, 1.0, 1.0, 1.0, 1.0, 1.0, 1.0, 1.0, 1.0, 1.0, 1.0, 1.0, 1.0, 1.0, 1.0, 1.0, 1.0, 1.0, 1.0, 1.0, 1.0, 1.0, 1.0, 1.0, 1.0, 1.0]"
32f63514,10,25,1,25.0,False,False,"[1, 1, 1]",12.11824304459066,,,,,,,,,,,9.157488753703309,,0.7556779245974132,,,,2.2975454330444336,2.2975454330444336,False,,0.0,0.0,,,2.3046460151672363,2026-07-21 18:09:47,x86_64,dacsgpu0002,,64,64,3.11.15,0.2,False,False,adam,True,1,20,hamqaoa,0.005,44,False,False,hog,False,True,False,False,False,False,False,1,HOG_graphs/random_graphs_8to14vertices_78instances_20260625_143415_AdjacencyList.txt,False,0,32,1,5,1,,27,"[(2, 6), (2, 9), (4, 6), (7, 8), (0, 5), (1, 7), (6, 9), (3, 4), (2, 8), (4, 5), (2, 5), (4, 8), (1, 3), (0, 1), (1, 9), (0, 7), (6, 8), (3, 6), (3, 9), (2, 7), (4, 7), (0, 3), (1, 5), (0, 9), (5, 8)]","[1.0, 1.0, 1.0, 1.0, 1.0, 1.0, 1.0, 1.0, 1.0, 1.0, 1.0, 1.0, 1.0, 1.0, 1.0, 1.0, 1.0, 1.0, 1.0, 1.0, 1.0, 1.0, 1.0, 1.0, 1.0]"
399661e1,10,20,1,50.0,False,False,"[1, 1, 1]",10.572568715049329,,,,,,,,,,,7.304896739185773,,0.6909292278978288,,,,3.215925931930542,3.215925931930542,False,,0.0,0.0,,,3.2231504917144775,2026-07-21 18:09:47,x86_64,dacsgpu0002,,64,64,3.11.15,0.2,False,False,adam,True,1,20,hamqaoa,0.005,44,False,False,hog,False,True,False,False,False,False,False,1,HOG_graphs/random_graphs_8to14vertices_78instances_20260625_143415_AdjacencyList.txt,False,0,32,1,5,1,,26,"[(2, 3), (2, 6), (3, 5), (2, 9), (7, 8), (1, 4), (0, 2), (0, 8), (1, 7), (5, 7), (3, 4), (4, 5), (4, 8), (8, 9), (1, 3), (1, 9), (5, 6), (0, 6), (0, 9), (6, 7)]","[1.0, 1.0, 1.0, 1.0, 1.0, 1.0, 1.0, 1.0, 1.0, 1.0, 1.0, 1.0, 1.0, 1.0, 1.0, 1.0, 1.0, 1.0, 1.0, 1.0]"
1ce6340a,10,20,2,10.0,False,False,"[1, 1, 1]",10.572568715049329,,,,,,,,,,,6.412483049861423,,0.6065208203124461,,,,3.799760580062866,3.799760580062866,False,,0.0,0.0,,,3.806574583053589,2026-07-21 18:09:47,x86_64,dacsgpu0002,,64,64,3.11.15,0.21,False,False,adam,True,1,20,hamqaoa,0.005,44,False,False,hog,False,True,False,False,False,False,False,1,HOG_graphs/random_graphs_8to14vertices_78instances_20260625_143415_AdjacencyList.txt,False,0,32,1,5,1,,26,"[(2, 3), (2, 6), (3, 5), (2, 9), (7, 8), (1, 4), (0, 2), (0, 8), (1, 7), (5, 7), (3, 4), (4, 5), (4, 8), (8, 9), (1, 3), (1, 9), (5, 6), (0, 6), (0, 9), (6, 7)]","[1.0, 1.0, 1.0, 1.0, 1.0, 1.0, 1.0, 1.0, 1.0, 1.0, 1.0, 1.0, 1.0, 1.0, 1.0, 1.0, 1.0, 1.0, 1.0, 1.0]"
ea9b9a22,10,28,2,10.0,False,False,"[1, 1, 1]",12.658576065675938,,,,,,,,,,,7.266345454167398,,0.5740254999036017,,,,4.467766523361206,4.467766523361206,False,,0.0,0.0,,,4.475427865982056,2026-07-21 18:09:48,x86_64,dacsgpu0002,,64,64,3.11.15,0.21,False,False,adam,True,1,20,hamqaoa,0.005,44,False,False,hog,False,True,False,False,False,False,False,1,HOG_graphs/random_graphs_8to14vertices_78instances_20260625_143415_AdjacencyList.txt,False,0,32,1,5,1,,24,"[(2, 3), (3, 8), (2, 9), (4, 6), (4, 9), (7, 8), (0, 2), (0, 8), (1, 7), (6, 9), (5, 7), (3, 4), (2, 8), (3, 7), (2, 5), (8, 9), (1, 6), (0, 4), (1, 9), (0, 7), (6, 8), (5, 6), (2, 7), (0, 3), (1, 2), (1, 8), (0, 6), (0, 9)]","[1.0, 1.0, 1.0, 1.0, 1.0, 1.0, 1.0, 1.0, 1.0, 1.0, 1.0, 1.0, 1.0, 1.0, 1.0, 1.0, 1.0, 1.0, 1.0, 1.0, 1.0, 1.0, 1.0, 1.0, 1.0, 1.0, 1.0, 1.0]"
28a6d0c0,10,25,2,5.0,False,False,"[1, 1, 1]",12.11824304459066,,,,,,,,,,,7.389460305668781,,0.6097798400707343,,,,3.43315052986145,3.43315052986145,False,,0.0,0.0,,,3.440054178237915,2026-07-21 18:09:48,x86_64,dacsgpu0002,,64,64,3.11.15,0.21,False,False,adam,True,1,20,hamqaoa,0.005,44,False,False,hog,False,True,False,False,False,False,False,1,HOG_graphs/random_graphs_8to14vertices_78instances_20260625_143415_AdjacencyList.txt,False,0,32,1,5,1,,27,"[(2, 6), (2, 9), (4, 6), (7, 8), (0, 5), (1, 7), (6, 9), (3, 4), (2, 8), (4, 5), (2, 5), (4, 8), (1, 3), (0, 1), (1, 9), (0, 7), (6, 8), (3, 6), (3, 9), (2, 7), (4, 7), (0, 3), (1, 5), (0, 9), (5, 8)]","[1.0, 1.0, 1.0, 1.0, 1.0, 1.0, 1.0, 1.0, 1.0, 1.0, 1.0, 1.0, 1.0, 1.0, 1.0, 1.0, 1.0, 1.0, 1.0, 1.0, 1.0, 1.0, 1.0, 1.0, 1.0]"
9b61d4d8,10,15,2,25.0,False,False,"[1, 1, 1]",8.907724921400755,,,,,,,,,,,5.412343320516848,,0.6076010842581955,,,,4.899122953414917,4.899122953414917,False,,0.0,0.0,,,4.906169652938843,2026-07-21 18:09:48,x86_64,dacsgpu0002,,64,64,3.11.15,0.21,False,True,adam,True,1,20,hamqaoa,0.005,44,False,False,hog,False,True,False,False,False,False,False,1,HOG_graphs/random_graphs_8to14vertices_78instances_20260625_143415_AdjacencyList.txt,False,0,32,1,5,1,,25,"[(8, 9), (3, 9), (1, 3), (0, 1), (2, 7), (4, 7), (4, 6), (0, 6), (4, 9), (1, 5), (2, 8), (7, 8), (2, 5), (0, 5), (3, 6)]","[1.0, 1.0, 1.0, 1.0, 1.0, 1.0, 1.0, 1.0, 1.0, 1.0, 1.0, 1.0, 1.0, 1.0, 1.0]"
217ce7d0,10,25,1,50.0,False,False,"[1, 1, 1]",12.11824304459066,,,,,,,,,,,8.730942290733784,,0.7204792195211088,,,,3.223235607147217,3.223235607147217,False,,0.0,0.0,,,3.230055093765259,2026-07-21 18:09:49,x86_64,dacsgpu0002,,64,64,3.11.15,0.2,False,False,adam,True,1,20,hamqaoa,0.005,44,False,False,hog,False,True,False,False,False,False,False,1,HOG_graphs/random_graphs_8to14vertices_78instances_20260625_143415_AdjacencyList.txt,False,0,32,1,5,1,,27,"[(2, 6), (2, 9), (4, 6), (7, 8), (0, 5), (1, 7), (6, 9), (3, 4), (2, 8), (4, 5), (2, 5), (4, 8), (1, 3), (0, 1), (1, 9), (0, 7), (6, 8), (3, 6), (3, 9), (2, 7), (4, 7), (0, 3), (1, 5), (0, 9), (5, 8)]","[1.0, 1.0, 1.0, 1.0, 1.0, 1.0, 1.0, 1.0, 1.0, 1.0, 1.0, 1.0, 1.0, 1.0, 1.0, 1.0, 1.0, 1.0, 1.0, 1.0, 1.0, 1.0, 1.0, 1.0, 1.0]"
d7704217,10,25,2,10.0,False,False,"[1, 1, 1]",12.11824304459066,,,,,,,,,,,7.56690915767763,,0.6244229571757389,,,,3.7990763187408447,3.7990763187408447,False,,0.0,0.0,,,3.8072423934936523,2026-07-21 18:09:49,x86_64,dacsgpu0002,,64,64,3.11.15,0.2,False,False,adam,True,1,20,hamqaoa,0.005,44,False,False,hog,False,True,False,False,False,False,False,1,HOG_graphs/random_graphs_8to14vertices_78instances_20260625_143415_AdjacencyList.txt,False,0,32,1,5,1,,27,"[(2, 6), (2, 9), (4, 6), (7, 8), (0, 5), (1, 7), (6, 9), (3, 4), (2, 8), (4, 5), (2, 5), (4, 8), (1, 3), (0, 1), (1, 9), (0, 7), (6, 8), (3, 6), (3, 9), (2, 7), (4, 7), (0, 3), (1, 5), (0, 9), (5, 8)]","[1.0, 1.0, 1.0, 1.0, 1.0, 1.0, 1.0, 1.0, 1.0, 1.0, 1.0, 1.0, 1.0, 1.0, 1.0, 1.0, 1.0, 1.0, 1.0, 1.0, 1.0, 1.0, 1.0, 1.0, 1.0]"
a9d35f0d,10,20,2,25.0,False,False,"[1, 1, 1]",10.572568715049329,,,,,,,,,,,6.371148754079876,,0.6026112410138306,,,,5.144432067871094,5.144432067871094,False,,0.0,0.0,,,5.155299663543701,2026-07-21 18:09:49,x86_64,dacsgpu0002,,64,64,3.11.15,0.21,False,False,adam,True,1,20,hamqaoa,0.005,44,False,False,hog,False,True,False,False,False,False,False,1,HOG_graphs/random_graphs_8to14vertices_78instances_20260625_143415_AdjacencyList.txt,False,0,32,1,5,1,,26,"[(2, 3), (2, 6), (3, 5), (2, 9), (7, 8), (1, 4), (0, 2), (0, 8), (1, 7), (5, 7), (3, 4), (4, 5), (4, 8), (8, 9), (1, 3), (1, 9), (5, 6), (0, 6), (0, 9), (6, 7)]","[1.0, 1.0, 1.0, 1.0, 1.0, 1.0, 1.0, 1.0, 1.0, 1.0, 1.0, 1.0, 1.0, 1.0, 1.0, 1.0, 1.0, 1.0, 1.0, 1.0]"
995785b1,10,28,2,25.0,False,False,"[1, 1, 1]",12.658576065675938,,,,,,,,,,,8.808949619031111,,0.695887876592756,,,,5.91789436340332,5.91789436340332,False,,0.0,0.0,,,5.927006959915161,2026-07-21 18:09:49,x86_64,dacsgpu0002,,64,64,3.11.15,0.21,False,False,adam,True,1,20,hamqaoa,0.005,44,False,False,hog,False,True,False,False,False,False,False,1,HOG_graphs/random_graphs_8to14vertices_78instances_20260625_143415_AdjacencyList.txt,False,0,32,1,5,1,,24,"[(2, 3), (3, 8), (2, 9), (4, 6), (4, 9), (7, 8), (0, 2), (0, 8), (1, 7), (6, 9), (5, 7), (3, 4), (2, 8), (3, 7), (2, 5), (8, 9), (1, 6), (0, 4), (1, 9), (0, 7), (6, 8), (5, 6), (2, 7), (0, 3), (1, 2), (1, 8), (0, 6), (0, 9)]","[1.0, 1.0, 1.0, 1.0, 1.0, 1.0, 1.0, 1.0, 1.0, 1.0, 1.0, 1.0, 1.0, 1.0, 1.0, 1.0, 1.0, 1.0, 1.0, 1.0, 1.0, 1.0, 1.0, 1.0, 1.0, 1.0, 1.0, 1.0]"
4db60b83,10,15,2,50.0,False,False,"[1, 1, 1]",8.907724921400755,,,,,,,,,,,5.108976151892731,,0.5735444456326269,,,,6.785292625427246,6.785292625427246,False,,0.0,0.0,,,6.79481840133667,2026-07-21 18:09:50,x86_64,dacsgpu0002,,64,64,3.11.15,0.21,False,True,adam,True,1,20,hamqaoa,0.005,44,False,False,hog,False,True,False,False,False,False,False,1,HOG_graphs/random_graphs_8to14vertices_78instances_20260625_143415_AdjacencyList.txt,False,0,32,1,5,1,,25,"[(8, 9), (3, 9), (1, 3), (0, 1), (2, 7), (4, 7), (4, 6), (0, 6), (4, 9), (1, 5), (2, 8), (7, 8), (2, 5), (0, 5), (3, 6)]","[1.0, 1.0, 1.0, 1.0, 1.0, 1.0, 1.0, 1.0, 1.0, 1.0, 1.0, 1.0, 1.0, 1.0, 1.0]"
6f1c046e,10,25,2,25.0,False,False,"[1, 1, 1]",12.11824304459066,,,,,,,,,,,7.734056097807853,,0.6382159583158534,,,,5.354300260543823,5.354300260543823,False,,0.0,0.0,,,5.363065958023071,2026-07-21 18:09:51,x86_64,dacsgpu0002,,64,64,3.11.15,0.21,False,False,adam,True,1,20,hamqaoa,0.005,44,False,False,hog,False,True,False,False,False,False,False,1,HOG_graphs/random_graphs_8to14vertices_78instances_20260625_143415_AdjacencyList.txt,False,0,32,1,5,1,,27,"[(2, 6), (2, 9), (4, 6), (7, 8), (0, 5), (1, 7), (6, 9), (3, 4), (2, 8), (4, 5), (2, 5), (4, 8), (1, 3), (0, 1), (1, 9), (0, 7), (6, 8), (3, 6), (3, 9), (2, 7), (4, 7), (0, 3), (1, 5), (0, 9), (5, 8)]","[1.0, 1.0, 1.0, 1.0, 1.0, 1.0, 1.0, 1.0, 1.0, 1.0, 1.0, 1.0, 1.0, 1.0, 1.0, 1.0, 1.0, 1.0, 1.0, 1.0, 1.0, 1.0, 1.0, 1.0, 1.0]"
7579f56a,10,20,2,50.0,False,False,"[1, 1, 1]",10.572568715049329,,,,,,,,,,,6.307041609285427,,0.5965477056023089,,,,7.346564531326294,7.346564531326294,False,,0.0,0.0,,,7.357887029647827,2026-07-21 18:09:52,x86_64,dacsgpu0002,,64,64,3.11.15,0.21,False,False,adam,True,1,20,hamqaoa,0.005,44,False,False,hog,False,True,False,False,False,False,False,1,HOG_graphs/random_graphs_8to14vertices_78instances_20260625_143415_AdjacencyList.txt,False,0,32,1,5,1,,26,"[(2, 3), (2, 6), (3, 5), (2, 9), (7, 8), (1, 4), (0, 2), (0, 8), (1, 7), (5, 7), (3, 4), (4, 5), (4, 8), (8, 9), (1, 3), (1, 9), (5, 6), (0, 6), (0, 9), (6, 7)]","[1.0, 1.0, 1.0, 1.0, 1.0, 1.0, 1.0, 1.0, 1.0, 1.0, 1.0, 1.0, 1.0, 1.0, 1.0, 1.0, 1.0, 1.0, 1.0, 1.0]"
5769656d,10,28,2,50.0,False,False,"[1, 1, 1]",12.658576065675938,,,,,,,,,,,9.151742157092556,,0.7229677421544866,,,,8.682276010513306,8.682276010513306,False,,0.0,0.0,,,8.689037799835205,2026-07-21 18:09:52,x86_64,dacsgpu0002,,64,64,3.11.15,0.21,False,False,adam,True,1,20,hamqaoa,0.005,44,False,False,hog,False,True,False,False,False,False,False,1,HOG_graphs/random_graphs_8to14vertices_78instances_20260625_143415_AdjacencyList.txt,False,0,32,1,5,1,,24,"[(2, 3), (3, 8), (2, 9), (4, 6), (4, 9), (7, 8), (0, 2), (0, 8), (1, 7), (6, 9), (5, 7), (3, 4), (2, 8), (3, 7), (2, 5), (8, 9), (1, 6), (0, 4), (1, 9), (0, 7), (6, 8), (5, 6), (2, 7), (0, 3), (1, 2), (1, 8), (0, 6), (0, 9)]","[1.0, 1.0, 1.0, 1.0, 1.0, 1.0, 1.0, 1.0, 1.0, 1.0, 1.0, 1.0, 1.0, 1.0, 1.0, 1.0, 1.0, 1.0, 1.0, 1.0, 1.0, 1.0, 1.0, 1.0, 1.0, 1.0, 1.0, 1.0]"
54168146,10,16,1,10.0,False,False,"[1, 1, 1]",8.15217594877853,,,,,,,,,,,5.513138946114103,,0.6762782085119442,,,,1.2646989822387695,1.2646989822387695,False,,0.0,0.0,,,1.270554542541504,2026-07-21 18:09:53,x86_64,dacsgpu0002,,64,64,3.11.15,0.21,False,False,adam,True,1,20,hamqaoa,0.005,44,False,False,hog,False,True,False,False,False,False,False,1,HOG_graphs/random_graphs_8to14vertices_78instances_20260625_143415_AdjacencyList.txt,False,0,32,1,5,1,,28,"[(3, 9), (1, 3), (0, 1), (0, 4), (3, 8), (5, 7), (7, 9), (0, 3), (1, 8), (0, 6), (1, 5), (3, 7), (0, 5), (1, 4), (0, 2), (3, 6)]","[1.0, 1.0, 1.0, 1.0, 1.0, 1.0, 1.0, 1.0, 1.0, 1.0, 1.0, 1.0, 1.0, 1.0, 1.0, 1.0]"
0784b428,10,25,2,50.0,False,False,"[1, 1, 1]",12.11824304459066,,,,,,,,,,,7.829243413293293,,0.6460708358864043,,,,7.884124755859375,7.884124755859375,False,,0.0,0.0,,,7.891635417938232,2026-07-21 18:09:53,x86_64,dacsgpu0002,,64,64,3.11.15,0.21,False,False,adam,True,1,20,hamqaoa,0.005,44,False,False,hog,False,True,False,False,False,False,False,1,HOG_graphs/random_graphs_8to14vertices_78instances_20260625_143415_AdjacencyList.txt,False,0,32,1,5,1,,27,"[(2, 6), (2, 9), (4, 6), (7, 8), (0, 5), (1, 7), (6, 9), (3, 4), (2, 8), (4, 5), (2, 5), (4, 8), (1, 3), (0, 1), (1, 9), (0, 7), (6, 8), (3, 6), (3, 9), (2, 7), (4, 7), (0, 3), (1, 5), (0, 9), (5, 8)]","[1.0, 1.0, 1.0, 1.0, 1.0, 1.0, 1.0, 1.0, 1.0, 1.0, 1.0, 1.0, 1.0, 1.0, 1.0, 1.0, 1.0, 1.0, 1.0, 1.0, 1.0, 1.0, 1.0, 1.0, 1.0]"
3d857791,10,21,1,5.0,False,False,"[1, 1, 1]",10.728389772882371,,,,,,,,,,,5.780772592613082,,0.538829471616035,,,,1.1914658546447754,1.1914658546447754,False,,0.0,0.0,,,1.198197841644287,2026-07-21 18:09:54,x86_64,dacsgpu0002,,64,64,3.11.15,0.21,False,False,adam,True,1,20,hamqaoa,0.005,44,False,False,hog,False,True,False,False,False,False,False,1,HOG_graphs/random_graphs_8to14vertices_78instances_20260625_143415_AdjacencyList.txt,False,0,32,1,5,1,,29,"[(4, 6), (4, 9), (7, 8), (0, 5), (1, 4), (0, 2), (5, 7), (3, 7), (2, 5), (4, 8), (0, 1), (0, 4), (6, 8), (5, 6), (2, 4), (3, 9), (4, 7), (0, 3), (0, 6), (1, 5), (0, 9)]","[1.0, 1.0, 1.0, 1.0, 1.0, 1.0, 1.0, 1.0, 1.0, 1.0, 1.0, 1.0, 1.0, 1.0, 1.0, 1.0, 1.0, 1.0, 1.0, 1.0, 1.0]"
61406707,10,16,1,25.0,False,False,"[1, 1, 1]",8.15217594877853,,,,,,,,,,,6.5570967187186575,,0.804336996639668,,,,1.9314298629760742,1.9314298629760742,False,,0.0,0.0,,,1.9387526512145996,2026-07-21 18:09:54,x86_64,dacsgpu0002,,64,64,3.11.15,0.2,False,False,adam,True,1,20,hamqaoa,0.005,44,False,False,hog,False,True,False,False,False,False,False,1,HOG_graphs/random_graphs_8to14vertices_78instances_20260625_143415_AdjacencyList.txt,False,0,32,1,5,1,,28,"[(3, 9), (1, 3), (0, 1), (0, 4), (3, 8), (5, 7), (7, 9), (0, 3), (1, 8), (0, 6), (1, 5), (3, 7), (0, 5), (1, 4), (0, 2), (3, 6)]","[1.0, 1.0, 1.0, 1.0, 1.0, 1.0, 1.0, 1.0, 1.0, 1.0, 1.0, 1.0, 1.0, 1.0, 1.0, 1.0]"
656208f4,10,21,1,10.0,False,False,"[1, 1, 1]",10.728389772882371,,,,,,,,,,,6.304359964376297,,0.5876333818809902,,,,1.368668794631958,1.368668794631958,False,,0.0,0.0,,,1.3753042221069336,2026-07-21 18:09:54,x86_64,dacsgpu0002,,64,64,3.11.15,0.21,False,False,adam,True,1,20,hamqaoa,0.005,44,False,False,hog,False,True,False,False,False,False,False,1,HOG_graphs/random_graphs_8to14vertices_78instances_20260625_143415_AdjacencyList.txt,False,0,32,1,5,1,,29,"[(4, 6), (4, 9), (7, 8), (0, 5), (1, 4), (0, 2), (5, 7), (3, 7), (2, 5), (4, 8), (0, 1), (0, 4), (6, 8), (5, 6), (2, 4), (3, 9), (4, 7), (0, 3), (0, 6), (1, 5), (0, 9)]","[1.0, 1.0, 1.0, 1.0, 1.0, 1.0, 1.0, 1.0, 1.0, 1.0, 1.0, 1.0, 1.0, 1.0, 1.0, 1.0, 1.0, 1.0, 1.0, 1.0, 1.0]"
a9a6a93d,10,16,2,5.0,False,False,"[1, 1, 1]",8.15217594877853,,,,,,,,,,,4.526973040659028,,0.555308554317614,,,,2.753166437149048,2.753166437149048,False,,0.0,0.0,,,2.759561538696289,2026-07-21 18:09:55,x86_64,dacsgpu0002,,64,64,3.11.15,0.21,False,False,adam,True,1,20,hamqaoa,0.005,44,False,False,hog,False,True,False,False,False,False,False,1,HOG_graphs/random_graphs_8to14vertices_78instances_20260625_143415_AdjacencyList.txt,False,0,32,1,5,1,,28,"[(3, 9), (1, 3), (0, 1), (0, 4), (3, 8), (5, 7), (7, 9), (0, 3), (1, 8), (0, 6), (1, 5), (3, 7), (0, 5), (1, 4), (0, 2), (3, 6)]","[1.0, 1.0, 1.0, 1.0, 1.0, 1.0, 1.0, 1.0, 1.0, 1.0, 1.0, 1.0, 1.0, 1.0, 1.0, 1.0]"
40c9e19d,10,20,1,5.0,False,False,"[1, 1, 1]",10.007511103462296,,,,,,,,,,,5.0095425002165745,,0.50057826051109,,,,1.2287302017211914,1.2287302017211914,False,,0.0,0.0,,,1.236051321029663,2026-07-21 18:09:55,x86_64,dacsgpu0002,,64,64,3.11.15,0.2,False,False,adam,True,1,20,hamqaoa,0.005,44,False,False,hog,False,True,False,False,False,False,False,1,HOG_graphs/random_graphs_8to14vertices_78instances_20260625_143415_AdjacencyList.txt,False,0,32,1,5,1,,30,"[(2, 3), (3, 5), (4, 6), (7, 8), (0, 2), (0, 8), (1, 7), (5, 7), (3, 4), (4, 5), (8, 9), (1, 3), (0, 1), (6, 8), (2, 4), (7, 9), (1, 2), (1, 5), (0, 9), (6, 7)]","[1.0, 1.0, 1.0, 1.0, 1.0, 1.0, 1.0, 1.0, 1.0, 1.0, 1.0, 1.0, 1.0, 1.0, 1.0, 1.0, 1.0, 1.0, 1.0, 1.0]"
d8863db4,10,16,1,50.0,False,False,"[1, 1, 1]",8.15217594877853,,,,,,,,,,,4.153195207209562,,0.5094584848640136,,,,2.8521690368652344,2.8521690368652344,False,,0.0,0.0,,,2.8587541580200195,2026-07-21 18:09:55,x86_64,dacsgpu0002,,64,64,3.11.15,0.21,False,False,adam,True,1,20,hamqaoa,0.005,44,False,False,hog,False,True,False,False,False,False,False,1,HOG_graphs/random_graphs_8to14vertices_78instances_20260625_143415_AdjacencyList.txt,False,0,32,1,5,1,,28,"[(3, 9), (1, 3), (0, 1), (0, 4), (3, 8), (5, 7), (7, 9), (0, 3), (1, 8), (0, 6), (1, 5), (3, 7), (0, 5), (1, 4), (0, 2), (3, 6)]","[1.0, 1.0, 1.0, 1.0, 1.0, 1.0, 1.0, 1.0, 1.0, 1.0, 1.0, 1.0, 1.0, 1.0, 1.0, 1.0]"
ed456d75,10,21,1,25.0,False,False,"[1, 1, 1]",10.728389772882371,,,,,,,,,,,7.317377792845715,,0.6820574147428438,,,,2.088550090789795,2.088550090789795,False,,0.0,0.0,,,2.0959761142730713,2026-07-21 18:09:55,x86_64,dacsgpu0002,,64,64,3.11.15,0.21,False,False,adam,True,1,20,hamqaoa,0.005,44,False,False,hog,False,True,False,False,False,False,False,1,HOG_graphs/random_graphs_8to14vertices_78instances_20260625_143415_AdjacencyList.txt,False,0,32,1,5,1,,29,"[(4, 6), (4, 9), (7, 8), (0, 5), (1, 4), (0, 2), (5, 7), (3, 7), (2, 5), (4, 8), (0, 1), (0, 4), (6, 8), (5, 6), (2, 4), (3, 9), (4, 7), (0, 3), (0, 6), (1, 5), (0, 9)]","[1.0, 1.0, 1.0, 1.0, 1.0, 1.0, 1.0, 1.0, 1.0, 1.0, 1.0, 1.0, 1.0, 1.0, 1.0, 1.0, 1.0, 1.0, 1.0, 1.0, 1.0]"
9ad0a971,10,16,2,10.0,False,False,"[1, 1, 1]",8.15217594877853,,,,,,,,,,,5.613375763657931,,0.6885739217268739,,,,3.3010337352752686,3.3010337352752686,False,,0.0,0.0,,,3.305893659591675,2026-07-21 18:09:55,x86_64,dacsgpu0002,,64,64,3.11.15,0.21,False,False,adam,True,1,20,hamqaoa,0.005,44,False,False,hog,False,True,False,False,False,False,False,1,HOG_graphs/random_graphs_8to14vertices_78instances_20260625_143415_AdjacencyList.txt,False,0,32,1,5,1,,28,"[(3, 9), (1, 3), (0, 1), (0, 4), (3, 8), (5, 7), (7, 9), (0, 3), (1, 8), (0, 6), (1, 5), (3, 7), (0, 5), (1, 4), (0, 2), (3, 6)]","[1.0, 1.0, 1.0, 1.0, 1.0, 1.0, 1.0, 1.0, 1.0, 1.0, 1.0, 1.0, 1.0, 1.0, 1.0, 1.0]"
eb1c2583,10,20,1,10.0,False,False,"[1, 1, 1]",10.007511103462296,,,,,,,,,,,6.1023680372555305,,0.6097787925655457,,,,1.4494023323059082,1.4494023323059082,False,,0.0,0.0,,,1.4575366973876953,2026-07-21 18:09:56,x86_64,dacsgpu0002,,64,64,3.11.15,0.2,False,False,adam,True,1,20,hamqaoa,0.005,44,False,False,hog,False,True,False,False,False,False,False,1,HOG_graphs/random_graphs_8to14vertices_78instances_20260625_143415_AdjacencyList.txt,False,0,32,1,5,1,,30,"[(2, 3), (3, 5), (4, 6), (7, 8), (0, 2), (0, 8), (1, 7), (5, 7), (3, 4), (4, 5), (8, 9), (1, 3), (0, 1), (6, 8), (2, 4), (7, 9), (1, 2), (1, 5), (0, 9), (6, 7)]","[1.0, 1.0, 1.0, 1.0, 1.0, 1.0, 1.0, 1.0, 1.0, 1.0, 1.0, 1.0, 1.0, 1.0, 1.0, 1.0, 1.0, 1.0, 1.0, 1.0]"
6e3dc8a1,10,21,2,5.0,False,False,"[1, 1, 1]",10.728389772882371,,,,,,,,,,,6.030136659749203,,0.5620728541193839,,,,3.107023000717163,3.107023000717163,False,,0.0,0.0,,,3.1132869720458984,2026-07-21 18:09:56,x86_64,dacsgpu0002,,64,64,3.11.15,0.21,False,False,adam,True,1,20,hamqaoa,0.005,44,False,False,hog,False,True,False,False,False,False,False,1,HOG_graphs/random_graphs_8to14vertices_78instances_20260625_143415_AdjacencyList.txt,False,0,32,1,5,1,,29,"[(4, 6), (4, 9), (7, 8), (0, 5), (1, 4), (0, 2), (5, 7), (3, 7), (2, 5), (4, 8), (0, 1), (0, 4), (6, 8), (5, 6), (2, 4), (3, 9), (4, 7), (0, 3), (0, 6), (1, 5), (0, 9)]","[1.0, 1.0, 1.0, 1.0, 1.0, 1.0, 1.0, 1.0, 1.0, 1.0, 1.0, 1.0, 1.0, 1.0, 1.0, 1.0, 1.0, 1.0, 1.0, 1.0, 1.0]"
3772cd26,10,20,1,5.0,False,False,"[1, 1, 1]",10.194364037160504,,,,,,,,,,,5.797631143289794,,0.568709447902416,,,,1.2792210578918457,1.2792210578918457,False,,0.0,0.0,,,1.2876253128051758,2026-07-21 18:09:57,x86_64,dacsgpu0002,,64,64,3.11.15,0.2,False,False,adam,True,1,20,hamqaoa,0.005,44,False,False,hog,False,True,False,False,False,False,False,1,HOG_graphs/random_graphs_8to14vertices_78instances_20260625_143415_AdjacencyList.txt,False,0,32,1,5,1,,31,"[(3, 5), (4, 6), (0, 2), (6, 9), (5, 7), (3, 4), (2, 8), (4, 5), (8, 9), (1, 3), (0, 1), (1, 6), (1, 9), (6, 8), (5, 6), (2, 4), (7, 9), (1, 2), (5, 8), (6, 7)]","[1.0, 1.0, 1.0, 1.0, 1.0, 1.0, 1.0, 1.0, 1.0, 1.0, 1.0, 1.0, 1.0, 1.0, 1.0, 1.0, 1.0, 1.0, 1.0, 1.0]"
4dba9839,10,20,1,25.0,False,False,"[1, 1, 1]",10.007511103462296,,,,,,,,,,,5.902683942303336,,0.5898253702922385,,,,2.1485674381256104,2.1485674381256104,False,,0.0,0.0,,,2.1582086086273193,2026-07-21 18:09:57,x86_64,dacsgpu0002,,64,64,3.11.15,0.2,False,False,adam,True,1,20,hamqaoa,0.005,44,False,False,hog,False,True,False,False,False,False,False,1,HOG_graphs/random_graphs_8to14vertices_78instances_20260625_143415_AdjacencyList.txt,False,0,32,1,5,1,,30,"[(2, 3), (3, 5), (4, 6), (7, 8), (0, 2), (0, 8), (1, 7), (5, 7), (3, 4), (4, 5), (8, 9), (1, 3), (0, 1), (6, 8), (2, 4), (7, 9), (1, 2), (1, 5), (0, 9), (6, 7)]","[1.0, 1.0, 1.0, 1.0, 1.0, 1.0, 1.0, 1.0, 1.0, 1.0, 1.0, 1.0, 1.0, 1.0, 1.0, 1.0, 1.0, 1.0, 1.0, 1.0]"
296cf2c3,10,21,1,50.0,False,False,"[1, 1, 1]",10.728389772882371,,,,,,,,,,,6.537894106465463,,0.6094012470530275,,,,3.274282217025757,3.274282217025757,False,,0.0,0.0,,,3.2825303077697754,2026-07-21 18:09:57,x86_64,dacsgpu0002,,64,64,3.11.15,0.21,False,False,adam,True,1,20,hamqaoa,0.005,44,False,False,hog,False,True,False,False,False,False,False,1,HOG_graphs/random_graphs_8to14vertices_78instances_20260625_143415_AdjacencyList.txt,False,0,32,1,5,1,,29,"[(4, 6), (4, 9), (7, 8), (0, 5), (1, 4), (0, 2), (5, 7), (3, 7), (2, 5), (4, 8), (0, 1), (0, 4), (6, 8), (5, 6), (2, 4), (3, 9), (4, 7), (0, 3), (0, 6), (1, 5), (0, 9)]","[1.0, 1.0, 1.0, 1.0, 1.0, 1.0, 1.0, 1.0, 1.0, 1.0, 1.0, 1.0, 1.0, 1.0, 1.0, 1.0, 1.0, 1.0, 1.0, 1.0, 1.0]"
a15d10d9,10,21,2,10.0,False,False,"[1, 1, 1]",10.728389772882371,,,,,,,,,,,6.0171979365567925,,0.5608668275425797,,,,3.81054425239563,3.81054425239563,False,,0.0,0.0,,,3.8172574043273926,2026-07-21 18:09:57,x86_64,dacsgpu0002,,64,64,3.11.15,0.21,False,False,adam,True,1,20,hamqaoa,0.005,44,False,False,hog,False,True,False,False,False,False,False,1,HOG_graphs/random_graphs_8to14vertices_78instances_20260625_143415_AdjacencyList.txt,False,0,32,1,5,1,,29,"[(4, 6), (4, 9), (7, 8), (0, 5), (1, 4), (0, 2), (5, 7), (3, 7), (2, 5), (4, 8), (0, 1), (0, 4), (6, 8), (5, 6), (2, 4), (3, 9), (4, 7), (0, 3), (0, 6), (1, 5), (0, 9)]","[1.0, 1.0, 1.0, 1.0, 1.0, 1.0, 1.0, 1.0, 1.0, 1.0, 1.0, 1.0, 1.0, 1.0, 1.0, 1.0, 1.0, 1.0, 1.0, 1.0, 1.0]"
510daaad,10,20,1,10.0,False,False,"[1, 1, 1]",10.194364037160504,,,,,,,,,,,7.123690187725049,,0.6987871103835185,,,,1.4790542125701904,1.4790542125701904,False,,0.0,0.0,,,1.4870193004608154,2026-07-21 18:09:57,x86_64,dacsgpu0002,,64,64,3.11.15,0.21,False,False,adam,True,1,20,hamqaoa,0.005,44,False,False,hog,False,True,False,False,False,False,False,1,HOG_graphs/random_graphs_8to14vertices_78instances_20260625_143415_AdjacencyList.txt,False,0,32,1,5,1,,31,"[(3, 5), (4, 6), (0, 2), (6, 9), (5, 7), (3, 4), (2, 8), (4, 5), (8, 9), (1, 3), (0, 1), (1, 6), (1, 9), (6, 8), (5, 6), (2, 4), (7, 9), (1, 2), (5, 8), (6, 7)]","[1.0, 1.0, 1.0, 1.0, 1.0, 1.0, 1.0, 1.0, 1.0, 1.0, 1.0, 1.0, 1.0, 1.0, 1.0, 1.0, 1.0, 1.0, 1.0, 1.0]"
05e3e75f,10,20,2,5.0,False,False,"[1, 1, 1]",10.007511103462296,,,,,,,,,,,5.6623561434597,,0.5658106281291755,,,,3.135035514831543,3.135035514831543,False,,0.0,0.0,,,3.141996383666992,2026-07-21 18:09:57,x86_64,dacsgpu0002,,64,64,3.11.15,0.21,False,False,adam,True,1,20,hamqaoa,0.005,44,False,False,hog,False,True,False,False,False,False,False,1,HOG_graphs/random_graphs_8to14vertices_78instances_20260625_143415_AdjacencyList.txt,False,0,32,1,5,1,,30,"[(2, 3), (3, 5), (4, 6), (7, 8), (0, 2), (0, 8), (1, 7), (5, 7), (3, 4), (4, 5), (8, 9), (1, 3), (0, 1), (6, 8), (2, 4), (7, 9), (1, 2), (1, 5), (0, 9), (6, 7)]","[1.0, 1.0, 1.0, 1.0, 1.0, 1.0, 1.0, 1.0, 1.0, 1.0, 1.0, 1.0, 1.0, 1.0, 1.0, 1.0, 1.0, 1.0, 1.0, 1.0]"
6ab17615,10,16,2,25.0,False,False,"[1, 1, 1]",8.15217594877853,,,,,,,,,,,5.169981142028621,,0.6341841950557088,,,,5.046206474304199,5.046206474304199,False,,0.0,0.0,,,5.0529093742370605,2026-07-21 18:09:58,x86_64,dacsgpu0002,,64,64,3.11.15,0.21,False,False,adam,True,1,20,hamqaoa,0.005,44,False,False,hog,False,True,False,False,False,False,False,1,HOG_graphs/random_graphs_8to14vertices_78instances_20260625_143415_AdjacencyList.txt,False,0,32,1,5,1,,28,"[(3, 9), (1, 3), (0, 1), (0, 4), (3, 8), (5, 7), (7, 9), (0, 3), (1, 8), (0, 6), (1, 5), (3, 7), (0, 5), (1, 4), (0, 2), (3, 6)]","[1.0, 1.0, 1.0, 1.0, 1.0, 1.0, 1.0, 1.0, 1.0, 1.0, 1.0, 1.0, 1.0, 1.0, 1.0, 1.0]"
bbd92d90,10,20,2,10.0,False,False,"[1, 1, 1]",10.007511103462296,,,,,,,,,,,6.315160419245137,,0.6310420597045636,,,,3.651278018951416,3.651278018951416,False,,0.0,0.0,,,3.6585843563079834,2026-07-21 18:09:58,x86_64,dacsgpu0002,,64,64,3.11.15,0.21,False,False,adam,True,1,20,hamqaoa,0.005,44,False,False,hog,False,True,False,False,False,False,False,1,HOG_graphs/random_graphs_8to14vertices_78instances_20260625_143415_AdjacencyList.txt,False,0,32,1,5,1,,30,"[(2, 3), (3, 5), (4, 6), (7, 8), (0, 2), (0, 8), (1, 7), (5, 7), (3, 4), (4, 5), (8, 9), (1, 3), (0, 1), (6, 8), (2, 4), (7, 9), (1, 2), (1, 5), (0, 9), (6, 7)]","[1.0, 1.0, 1.0, 1.0, 1.0, 1.0, 1.0, 1.0, 1.0, 1.0, 1.0, 1.0, 1.0, 1.0, 1.0, 1.0, 1.0, 1.0, 1.0, 1.0]"
b9387bd4,10,20,1,25.0,False,False,"[1, 1, 1]",10.194364037160504,,,,,,,,,,,6.3828045285755115,,0.6261111046563481,,,,2.2279086112976074,2.2279086112976074,False,,0.0,0.0,,,2.236670732498169,2026-07-21 18:09:58,x86_64,dacsgpu0002,,64,64,3.11.15,0.2,False,False,adam,True,1,20,hamqaoa,0.005,44,False,False,hog,False,True,False,False,False,False,False,1,HOG_graphs/random_graphs_8to14vertices_78instances_20260625_143415_AdjacencyList.txt,False,0,32,1,5,1,,31,"[(3, 5), (4, 6), (0, 2), (6, 9), (5, 7), (3, 4), (2, 8), (4, 5), (8, 9), (1, 3), (0, 1), (1, 6), (1, 9), (6, 8), (5, 6), (2, 4), (7, 9), (1, 2), (5, 8), (6, 7)]","[1.0, 1.0, 1.0, 1.0, 1.0, 1.0, 1.0, 1.0, 1.0, 1.0, 1.0, 1.0, 1.0, 1.0, 1.0, 1.0, 1.0, 1.0, 1.0, 1.0]"
e2648888,10,30,1,5.0,False,False,"[1, 1, 1]",13.11746614058643,,,,,,,,,,,9.3254029415283,,0.7109149618976183,,,,1.4983465671539307,1.4983465671539307,False,,0.0,0.0,,,1.50874924659729,2026-07-21 18:09:58,x86_64,dacsgpu0002,,64,64,3.11.15,0.2,False,False,adam,True,1,20,hamqaoa,0.005,44,False,False,hog,False,True,False,False,False,False,False,1,HOG_graphs/random_graphs_8to14vertices_78instances_20260625_143415_AdjacencyList.txt,False,0,32,1,5,1,,32,"[(2, 3), (3, 5), (2, 9), (4, 6), (7, 8), (0, 5), (1, 4), (0, 8), (6, 9), (5, 7), (3, 4), (4, 5), (4, 8), (8, 9), (1, 3), (0, 1), (1, 9), (0, 7), (5, 6), (3, 6), (2, 4), (2, 7), (4, 7), (7, 9), (0, 3), (1, 2), (1, 8), (0, 6), (0, 9), (6, 7)]","[1.0, 1.0, 1.0, 1.0, 1.0, 1.0, 1.0, 1.0, 1.0, 1.0, 1.0, 1.0, 1.0, 1.0, 1.0, 1.0, 1.0, 1.0, 1.0, 1.0, 1.0, 1.0, 1.0, 1.0, 1.0, 1.0, 1.0, 1.0, 1.0, 1.0]"
ae3dbe23,10,20,1,50.0,False,False,"[1, 1, 1]",10.007511103462296,,,,,,,,,,,5.786288018204052,,0.5781945139388526,,,,3.3083994388580322,3.3083994388580322,False,,0.0,0.0,,,3.317045211791992,2026-07-21 18:09:58,x86_64,dacsgpu0002,,64,64,3.11.15,0.2,False,False,adam,True,1,20,hamqaoa,0.005,44,False,False,hog,False,True,False,False,False,False,False,1,HOG_graphs/random_graphs_8to14vertices_78instances_20260625_143415_AdjacencyList.txt,False,0,32,1,5,1,,30,"[(2, 3), (3, 5), (4, 6), (7, 8), (0, 2), (0, 8), (1, 7), (5, 7), (3, 4), (4, 5), (8, 9), (1, 3), (0, 1), (6, 8), (2, 4), (7, 9), (1, 2), (1, 5), (0, 9), (6, 7)]","[1.0, 1.0, 1.0, 1.0, 1.0, 1.0, 1.0, 1.0, 1.0, 1.0, 1.0, 1.0, 1.0, 1.0, 1.0, 1.0, 1.0, 1.0, 1.0, 1.0]"
39382595,10,20,2,5.0,False,False,"[1, 1, 1]",10.194364037160504,,,,,,,,,,,6.042522476953052,,0.5927316755539477,,,,3.147557258605957,3.147557258605957,False,,0.0,0.0,,,3.1602609157562256,2026-07-21 18:09:59,x86_64,dacsgpu0002,,64,64,3.11.15,0.2,False,False,adam,True,1,20,hamqaoa,0.005,44,False,False,hog,False,True,False,False,False,False,False,1,HOG_graphs/random_graphs_8to14vertices_78instances_20260625_143415_AdjacencyList.txt,False,0,32,1,5,1,,31,"[(3, 5), (4, 6), (0, 2), (6, 9), (5, 7), (3, 4), (2, 8), (4, 5), (8, 9), (1, 3), (0, 1), (1, 6), (1, 9), (6, 8), (5, 6), (2, 4), (7, 9), (1, 2), (5, 8), (6, 7)]","[1.0, 1.0, 1.0, 1.0, 1.0, 1.0, 1.0, 1.0, 1.0, 1.0, 1.0, 1.0, 1.0, 1.0, 1.0, 1.0, 1.0, 1.0, 1.0, 1.0]"
e0a42bd3,10,30,1,10.0,False,False,"[1, 1, 1]",13.11746614058643,,,,,,,,,,,8.221837014463256,,0.626785457370023,,,,1.7539656162261963,1.7539656162261963,False,,0.0,0.0,,,1.7634844779968262,2026-07-21 18:09:59,x86_64,dacsgpu0002,,64,64,3.11.15,0.2,False,False,adam,True,1,20,hamqaoa,0.005,44,False,False,hog,False,True,False,False,False,False,False,1,HOG_graphs/random_graphs_8to14vertices_78instances_20260625_143415_AdjacencyList.txt,False,0,32,1,5,1,,32,"[(2, 3), (3, 5), (2, 9), (4, 6), (7, 8), (0, 5), (1, 4), (0, 8), (6, 9), (5, 7), (3, 4), (4, 5), (4, 8), (8, 9), (1, 3), (0, 1), (1, 9), (0, 7), (5, 6), (3, 6), (2, 4), (2, 7), (4, 7), (7, 9), (0, 3), (1, 2), (1, 8), (0, 6), (0, 9), (6, 7)]","[1.0, 1.0, 1.0, 1.0, 1.0, 1.0, 1.0, 1.0, 1.0, 1.0, 1.0, 1.0, 1.0, 1.0, 1.0, 1.0, 1.0, 1.0, 1.0, 1.0, 1.0, 1.0, 1.0, 1.0, 1.0, 1.0, 1.0, 1.0, 1.0, 1.0]"
816143b7,10,21,2,25.0,False,False,"[1, 1, 1]",10.728389772882371,,,,,,,,,,,6.392234068526592,,0.5958241827383948,,,,5.59128737449646,5.59128737449646,False,,0.0,0.0,,,5.59912896156311,2026-07-21 18:09:59,x86_64,dacsgpu0002,,64,64,3.11.15,0.21,False,False,adam,True,1,20,hamqaoa,0.005,44,False,False,hog,False,True,False,False,False,False,False,1,HOG_graphs/random_graphs_8to14vertices_78instances_20260625_143415_AdjacencyList.txt,False,0,32,1,5,1,,29,"[(4, 6), (4, 9), (7, 8), (0, 5), (1, 4), (0, 2), (5, 7), (3, 7), (2, 5), (4, 8), (0, 1), (0, 4), (6, 8), (5, 6), (2, 4), (3, 9), (4, 7), (0, 3), (0, 6), (1, 5), (0, 9)]","[1.0, 1.0, 1.0, 1.0, 1.0, 1.0, 1.0, 1.0, 1.0, 1.0, 1.0, 1.0, 1.0, 1.0, 1.0, 1.0, 1.0, 1.0, 1.0, 1.0, 1.0]"
a6d002d0,10,20,2,10.0,False,False,"[1, 1, 1]",10.194364037160504,,,,,,,,,,,6.630270259164761,,0.6503858636984214,,,,3.6212878227233887,3.6212878227233887,False,,0.0,0.0,,,3.6287107467651367,2026-07-21 18:09:59,x86_64,dacsgpu0002,,64,64,3.11.15,0.2,False,False,adam,True,1,20,hamqaoa,0.005,44,False,False,hog,False,True,False,False,False,False,False,1,HOG_graphs/random_graphs_8to14vertices_78instances_20260625_143415_AdjacencyList.txt,False,0,32,1,5,1,,31,"[(3, 5), (4, 6), (0, 2), (6, 9), (5, 7), (3, 4), (2, 8), (4, 5), (8, 9), (1, 3), (0, 1), (1, 6), (1, 9), (6, 8), (5, 6), (2, 4), (7, 9), (1, 2), (5, 8), (6, 7)]","[1.0, 1.0, 1.0, 1.0, 1.0, 1.0, 1.0, 1.0, 1.0, 1.0, 1.0, 1.0, 1.0, 1.0, 1.0, 1.0, 1.0, 1.0, 1.0, 1.0]"
c8c27ec8,10,30,1,5.0,False,False,"[1, 1, 1]",13.183472067497764,,,,,,,,,,,8.16152067381926,,0.6190721709753904,,,,1.4956202507019043,1.4956202507019043,False,,0.0,0.0,,,1.5033986568450928,2026-07-21 18:10:00,x86_64,dacsgpu0002,,64,64,3.11.15,0.2,False,False,adam,True,1,20,hamqaoa,0.005,44,False,False,hog,False,True,False,False,False,False,False,1,HOG_graphs/random_graphs_8to14vertices_78instances_20260625_143415_AdjacencyList.txt,False,0,32,1,5,1,,33,"[(2, 3), (3, 8), (2, 6), (3, 5), (7, 8), (1, 4), (0, 2), (6, 9), (3, 4), (2, 8), (4, 5), (3, 7), (2, 5), (4, 8), (8, 9), (1, 3), (1, 6), (1, 9), (0, 7), (6, 8), (5, 6), (5, 9), (2, 4), (3, 9), (7, 9), (0, 3), (0, 6), (1, 5), (0, 9), (6, 7)]","[1.0, 1.0, 1.0, 1.0, 1.0, 1.0, 1.0, 1.0, 1.0, 1.0, 1.0, 1.0, 1.0, 1.0, 1.0, 1.0, 1.0, 1.0, 1.0, 1.0, 1.0, 1.0, 1.0, 1.0, 1.0, 1.0, 1.0, 1.0, 1.0, 1.0]"
689d5604,10,20,1,50.0,False,False,"[1, 1, 1]",10.194364037160504,,,,,,,,,,,5.965450684917927,,0.5851714401381647,,,,3.102592706680298,3.102592706680298,False,,0.0,0.0,,,3.1097655296325684,2026-07-21 18:10:00,x86_64,dacsgpu0002,,64,64,3.11.15,0.2,False,False,adam,True,1,20,hamqaoa,0.005,44,False,False,hog,False,True,False,False,False,False,False,1,HOG_graphs/random_graphs_8to14vertices_78instances_20260625_143415_AdjacencyList.txt,False,0,32,1,5,1,,31,"[(3, 5), (4, 6), (0, 2), (6, 9), (5, 7), (3, 4), (2, 8), (4, 5), (8, 9), (1, 3), (0, 1), (1, 6), (1, 9), (6, 8), (5, 6), (2, 4), (7, 9), (1, 2), (5, 8), (6, 7)]","[1.0, 1.0, 1.0, 1.0, 1.0, 1.0, 1.0, 1.0, 1.0, 1.0, 1.0, 1.0, 1.0, 1.0, 1.0, 1.0, 1.0, 1.0, 1.0, 1.0]"
2d4f1011,10,30,1,25.0,False,False,"[1, 1, 1]",13.11746614058643,,,,,,,,,,,8.436991926708906,,0.6431876275711677,,,,2.4468791484832764,2.4468791484832764,False,,0.0,0.0,,,2.4547300338745117,2026-07-21 18:10:00,x86_64,dacsgpu0002,,64,64,3.11.15,0.21,False,False,adam,True,1,20,hamqaoa,0.005,44,False,False,hog,False,True,False,False,False,False,False,1,HOG_graphs/random_graphs_8to14vertices_78instances_20260625_143415_AdjacencyList.txt,False,0,32,1,5,1,,32,"[(2, 3), (3, 5), (2, 9), (4, 6), (7, 8), (0, 5), (1, 4), (0, 8), (6, 9), (5, 7), (3, 4), (4, 5), (4, 8), (8, 9), (1, 3), (0, 1), (1, 9), (0, 7), (5, 6), (3, 6), (2, 4), (2, 7), (4, 7), (7, 9), (0, 3), (1, 2), (1, 8), (0, 6), (0, 9), (6, 7)]","[1.0, 1.0, 1.0, 1.0, 1.0, 1.0, 1.0, 1.0, 1.0, 1.0, 1.0, 1.0, 1.0, 1.0, 1.0, 1.0, 1.0, 1.0, 1.0, 1.0, 1.0, 1.0, 1.0, 1.0, 1.0, 1.0, 1.0, 1.0, 1.0, 1.0]"
eb74a029,10,30,1,10.0,False,False,"[1, 1, 1]",13.183472067497764,,,,,,,,,,,8.250200193877925,,0.6257987388783401,,,,1.7087085247039795,1.7087085247039795,False,,0.0,0.0,,,1.7171947956085205,2026-07-21 18:10:00,x86_64,dacsgpu0002,,64,64,3.11.15,0.2,False,False,adam,True,1,20,hamqaoa,0.005,44,False,False,hog,False,True,False,False,False,False,False,1,HOG_graphs/random_graphs_8to14vertices_78instances_20260625_143415_AdjacencyList.txt,False,0,32,1,5,1,,33,"[(2, 3), (3, 8), (2, 6), (3, 5), (7, 8), (1, 4), (0, 2), (6, 9), (3, 4), (2, 8), (4, 5), (3, 7), (2, 5), (4, 8), (8, 9), (1, 3), (1, 6), (1, 9), (0, 7), (6, 8), (5, 6), (5, 9), (2, 4), (3, 9), (7, 9), (0, 3), (0, 6), (1, 5), (0, 9), (6, 7)]","[1.0, 1.0, 1.0, 1.0, 1.0, 1.0, 1.0, 1.0, 1.0, 1.0, 1.0, 1.0, 1.0, 1.0, 1.0, 1.0, 1.0, 1.0, 1.0, 1.0, 1.0, 1.0, 1.0, 1.0, 1.0, 1.0, 1.0, 1.0, 1.0, 1.0]"
69f00e63,10,16,2,50.0,False,False,"[1, 1, 1]",8.15217594877853,,,,,,,,,,,5.300113772327883,,0.6501471270528721,,,,7.527116060256958,7.527116060256958,False,,0.0,0.0,,,7.534212589263916,2026-07-21 18:10:00,x86_64,dacsgpu0002,,64,64,3.11.15,0.21,False,False,adam,True,1,20,hamqaoa,0.005,44,False,False,hog,False,True,False,False,False,False,False,1,HOG_graphs/random_graphs_8to14vertices_78instances_20260625_143415_AdjacencyList.txt,False,0,32,1,5,1,,28,"[(3, 9), (1, 3), (0, 1), (0, 4), (3, 8), (5, 7), (7, 9), (0, 3), (1, 8), (0, 6), (1, 5), (3, 7), (0, 5), (1, 4), (0, 2), (3, 6)]","[1.0, 1.0, 1.0, 1.0, 1.0, 1.0, 1.0, 1.0, 1.0, 1.0, 1.0, 1.0, 1.0, 1.0, 1.0, 1.0]"
c64a4e66,10,20,2,25.0,False,False,"[1, 1, 1]",10.007511103462296,,,,,,,,,,,5.75160114618106,,0.5747284301479496,,,,5.416155815124512,5.416155815124512,False,,0.0,0.0,,,5.428723573684692,2026-07-21 18:10:00,x86_64,dacsgpu0002,,64,64,3.11.15,0.21,False,False,adam,True,1,20,hamqaoa,0.005,44,False,False,hog,False,True,False,False,False,False,False,1,HOG_graphs/random_graphs_8to14vertices_78instances_20260625_143415_AdjacencyList.txt,False,0,32,1,5,1,,30,"[(2, 3), (3, 5), (4, 6), (7, 8), (0, 2), (0, 8), (1, 7), (5, 7), (3, 4), (4, 5), (8, 9), (1, 3), (0, 1), (6, 8), (2, 4), (7, 9), (1, 2), (1, 5), (0, 9), (6, 7)]","[1.0, 1.0, 1.0, 1.0, 1.0, 1.0, 1.0, 1.0, 1.0, 1.0, 1.0, 1.0, 1.0, 1.0, 1.0, 1.0, 1.0, 1.0, 1.0, 1.0]"
32f75f11,10,30,2,5.0,False,False,"[1, 1, 1]",13.11746614058643,,,,,,,,,,,8.563107335920549,,0.6528019393490675,,,,3.644172430038452,3.644172430038452,False,,0.0,0.0,,,3.656768321990967,2026-07-21 18:10:00,x86_64,dacsgpu0002,,64,64,3.11.15,0.21,False,False,adam,True,1,20,hamqaoa,0.005,44,False,False,hog,False,True,False,False,False,False,False,1,HOG_graphs/random_graphs_8to14vertices_78instances_20260625_143415_AdjacencyList.txt,False,0,32,1,5,1,,32,"[(2, 3), (3, 5), (2, 9), (4, 6), (7, 8), (0, 5), (1, 4), (0, 8), (6, 9), (5, 7), (3, 4), (4, 5), (4, 8), (8, 9), (1, 3), (0, 1), (1, 9), (0, 7), (5, 6), (3, 6), (2, 4), (2, 7), (4, 7), (7, 9), (0, 3), (1, 2), (1, 8), (0, 6), (0, 9), (6, 7)]","[1.0, 1.0, 1.0, 1.0, 1.0, 1.0, 1.0, 1.0, 1.0, 1.0, 1.0, 1.0, 1.0, 1.0, 1.0, 1.0, 1.0, 1.0, 1.0, 1.0, 1.0, 1.0, 1.0, 1.0, 1.0, 1.0, 1.0, 1.0, 1.0, 1.0]"
79bba781,10,30,1,50.0,False,False,"[1, 1, 1]",13.11746614058643,,,,,,,,,,,8.048132604839955,,0.6135432345381419,,,,3.6084814071655273,3.6084814071655273,False,,0.0,0.0,,,3.6153628826141357,2026-07-21 18:10:01,x86_64,dacsgpu0002,,64,64,3.11.15,0.2,False,False,adam,True,1,20,hamqaoa,0.005,44,False,False,hog,False,True,False,False,False,False,False,1,HOG_graphs/random_graphs_8to14vertices_78instances_20260625_143415_AdjacencyList.txt,False,0,32,1,5,1,,32,"[(2, 3), (3, 5), (2, 9), (4, 6), (7, 8), (0, 5), (1, 4), (0, 8), (6, 9), (5, 7), (3, 4), (4, 5), (4, 8), (8, 9), (1, 3), (0, 1), (1, 9), (0, 7), (5, 6), (3, 6), (2, 4), (2, 7), (4, 7), (7, 9), (0, 3), (1, 2), (1, 8), (0, 6), (0, 9), (6, 7)]","[1.0, 1.0, 1.0, 1.0, 1.0, 1.0, 1.0, 1.0, 1.0, 1.0, 1.0, 1.0, 1.0, 1.0, 1.0, 1.0, 1.0, 1.0, 1.0, 1.0, 1.0, 1.0, 1.0, 1.0, 1.0, 1.0, 1.0, 1.0, 1.0, 1.0]"
7dc22c81,10,20,2,25.0,False,False,"[1, 1, 1]",10.194364037160504,,,,,,,,,,,6.951965598790356,,0.6819420587148983,,,,5.086038827896118,5.086038827896118,False,,0.0,0.0,,,5.093932867050171,2026-07-21 18:10:01,x86_64,dacsgpu0002,,64,64,3.11.15,0.21,False,False,adam,True,1,20,hamqaoa,0.005,44,False,False,hog,False,True,False,False,False,False,False,1,HOG_graphs/random_graphs_8to14vertices_78instances_20260625_143415_AdjacencyList.txt,False,0,32,1,5,1,,31,"[(3, 5), (4, 6), (0, 2), (6, 9), (5, 7), (3, 4), (2, 8), (4, 5), (8, 9), (1, 3), (0, 1), (1, 6), (1, 9), (6, 8), (5, 6), (2, 4), (7, 9), (1, 2), (5, 8), (6, 7)]","[1.0, 1.0, 1.0, 1.0, 1.0, 1.0, 1.0, 1.0, 1.0, 1.0, 1.0, 1.0, 1.0, 1.0, 1.0, 1.0, 1.0, 1.0, 1.0, 1.0]"
d9dc7e47,10,30,2,10.0,False,False,"[1, 1, 1]",13.11746614058643,,,,,,,,,,,8.512823450884099,,0.6489685858265554,,,,4.229564428329468,4.229564428329468,False,,0.0,0.0,,,4.240281343460083,2026-07-21 18:10:01,x86_64,dacsgpu0002,,64,64,3.11.15,0.21,False,False,adam,True,1,20,hamqaoa,0.005,44,False,False,hog,False,True,False,False,False,False,False,1,HOG_graphs/random_graphs_8to14vertices_78instances_20260625_143415_AdjacencyList.txt,False,0,32,1,5,1,,32,"[(2, 3), (3, 5), (2, 9), (4, 6), (7, 8), (0, 5), (1, 4), (0, 8), (6, 9), (5, 7), (3, 4), (4, 5), (4, 8), (8, 9), (1, 3), (0, 1), (1, 9), (0, 7), (5, 6), (3, 6), (2, 4), (2, 7), (4, 7), (7, 9), (0, 3), (1, 2), (1, 8), (0, 6), (0, 9), (6, 7)]","[1.0, 1.0, 1.0, 1.0, 1.0, 1.0, 1.0, 1.0, 1.0, 1.0, 1.0, 1.0, 1.0, 1.0, 1.0, 1.0, 1.0, 1.0, 1.0, 1.0, 1.0, 1.0, 1.0, 1.0, 1.0, 1.0, 1.0, 1.0, 1.0, 1.0]"
565f6f85,10,30,2,5.0,False,False,"[1, 1, 1]",13.183472067497764,,,,,,,,,,,8.486971297925766,,0.6437584313505207,,,,3.376469135284424,3.376469135284424,False,,0.0,0.0,,,3.3829498291015625,2026-07-21 18:10:02,x86_64,dacsgpu0002,,64,64,3.11.15,0.21,False,False,adam,True,1,20,hamqaoa,0.005,44,False,False,hog,False,True,False,False,False,False,False,1,HOG_graphs/random_graphs_8to14vertices_78instances_20260625_143415_AdjacencyList.txt,False,0,32,1,5,1,,33,"[(2, 3), (3, 8), (2, 6), (3, 5), (7, 8), (1, 4), (0, 2), (6, 9), (3, 4), (2, 8), (4, 5), (3, 7), (2, 5), (4, 8), (8, 9), (1, 3), (1, 6), (1, 9), (0, 7), (6, 8), (5, 6), (5, 9), (2, 4), (3, 9), (7, 9), (0, 3), (0, 6), (1, 5), (0, 9), (6, 7)]","[1.0, 1.0, 1.0, 1.0, 1.0, 1.0, 1.0, 1.0, 1.0, 1.0, 1.0, 1.0, 1.0, 1.0, 1.0, 1.0, 1.0, 1.0, 1.0, 1.0, 1.0, 1.0, 1.0, 1.0, 1.0, 1.0, 1.0, 1.0, 1.0, 1.0]"
7800d7de,10,21,2,50.0,False,False,"[1, 1, 1]",10.728389772882371,,,,,,,,,,,6.088804193388623,,0.5675412920566139,,,,7.981001138687134,7.981001138687134,False,,0.0,0.0,,,7.990129232406616,2026-07-21 18:10:02,x86_64,dacsgpu0002,,64,64,3.11.15,0.21,False,False,adam,True,1,20,hamqaoa,0.005,44,False,False,hog,False,True,False,False,False,False,False,1,HOG_graphs/random_graphs_8to14vertices_78instances_20260625_143415_AdjacencyList.txt,False,0,32,1,5,1,,29,"[(4, 6), (4, 9), (7, 8), (0, 5), (1, 4), (0, 2), (5, 7), (3, 7), (2, 5), (4, 8), (0, 1), (0, 4), (6, 8), (5, 6), (2, 4), (3, 9), (4, 7), (0, 3), (0, 6), (1, 5), (0, 9)]","[1.0, 1.0, 1.0, 1.0, 1.0, 1.0, 1.0, 1.0, 1.0, 1.0, 1.0, 1.0, 1.0, 1.0, 1.0, 1.0, 1.0, 1.0, 1.0, 1.0, 1.0]"
b9808e0a,10,30,2,10.0,False,False,"[1, 1, 1]",13.183472067497764,,,,,,,,,,,8.878902416223536,,0.6734874068655542,,,,3.851346969604492,3.851346969604492,False,,0.0,0.0,,,3.85850191116333,2026-07-21 18:10:02,x86_64,dacsgpu0002,,64,64,3.11.15,0.21,False,False,adam,True,1,20,hamqaoa,0.005,44,False,False,hog,False,True,False,False,False,False,False,1,HOG_graphs/random_graphs_8to14vertices_78instances_20260625_143415_AdjacencyList.txt,False,0,32,1,5,1,,33,"[(2, 3), (3, 8), (2, 6), (3, 5), (7, 8), (1, 4), (0, 2), (6, 9), (3, 4), (2, 8), (4, 5), (3, 7), (2, 5), (4, 8), (8, 9), (1, 3), (1, 6), (1, 9), (0, 7), (6, 8), (5, 6), (5, 9), (2, 4), (3, 9), (7, 9), (0, 3), (0, 6), (1, 5), (0, 9), (6, 7)]","[1.0, 1.0, 1.0, 1.0, 1.0, 1.0, 1.0, 1.0, 1.0, 1.0, 1.0, 1.0, 1.0, 1.0, 1.0, 1.0, 1.0, 1.0, 1.0, 1.0, 1.0, 1.0, 1.0, 1.0, 1.0, 1.0, 1.0, 1.0, 1.0, 1.0]"
b241ff14,10,20,2,50.0,False,False,"[1, 1, 1]",10.007511103462296,,,,,,,,,,,7.096279976633803,,0.7090953887804037,,,,7.614386558532715,7.614386558532715,False,,0.0,0.0,,,7.630099058151245,2026-07-21 18:10:03,x86_64,dacsgpu0002,,64,64,3.11.15,0.21,False,False,adam,True,1,20,hamqaoa,0.005,44,False,False,hog,False,True,False,False,False,False,False,1,HOG_graphs/random_graphs_8to14vertices_78instances_20260625_143415_AdjacencyList.txt,False,0,32,1,5,1,,30,"[(2, 3), (3, 5), (4, 6), (7, 8), (0, 2), (0, 8), (1, 7), (5, 7), (3, 4), (4, 5), (8, 9), (1, 3), (0, 1), (6, 8), (2, 4), (7, 9), (1, 2), (1, 5), (0, 9), (6, 7)]","[1.0, 1.0, 1.0, 1.0, 1.0, 1.0, 1.0, 1.0, 1.0, 1.0, 1.0, 1.0, 1.0, 1.0, 1.0, 1.0, 1.0, 1.0, 1.0, 1.0]"
e123b485,10,30,2,25.0,False,False,"[1, 1, 1]",13.11746614058643,,,,,,,,,,,8.98354066991715,,0.6848533530512725,,,,5.694570779800415,5.694570779800415,False,,0.0,0.0,,,5.70181941986084,2026-07-21 18:10:03,x86_64,dacsgpu0002,,64,64,3.11.15,0.21,False,False,adam,True,1,20,hamqaoa,0.005,44,False,False,hog,False,True,False,False,False,False,False,1,HOG_graphs/random_graphs_8to14vertices_78instances_20260625_143415_AdjacencyList.txt,False,0,32,1,5,1,,32,"[(2, 3), (3, 5), (2, 9), (4, 6), (7, 8), (0, 5), (1, 4), (0, 8), (6, 9), (5, 7), (3, 4), (4, 5), (4, 8), (8, 9), (1, 3), (0, 1), (1, 9), (0, 7), (5, 6), (3, 6), (2, 4), (2, 7), (4, 7), (7, 9), (0, 3), (1, 2), (1, 8), (0, 6), (0, 9), (6, 7)]","[1.0, 1.0, 1.0, 1.0, 1.0, 1.0, 1.0, 1.0, 1.0, 1.0, 1.0, 1.0, 1.0, 1.0, 1.0, 1.0, 1.0, 1.0, 1.0, 1.0, 1.0, 1.0, 1.0, 1.0, 1.0, 1.0, 1.0, 1.0, 1.0, 1.0]"
66eb8a79,10,20,2,50.0,False,False,"[1, 1, 1]",10.194364037160504,,,,,,,,,,,5.968774980934395,,0.585497531692709,,,,7.388749599456787,7.388749599456787,False,,0.0,0.0,,,7.397707462310791,2026-07-21 18:10:04,x86_64,dacsgpu0002,,64,64,3.11.15,0.21,False,False,adam,True,1,20,hamqaoa,0.005,44,False,False,hog,False,True,False,False,False,False,False,1,HOG_graphs/random_graphs_8to14vertices_78instances_20260625_143415_AdjacencyList.txt,False,0,32,1,5,1,,31,"[(3, 5), (4, 6), (0, 2), (6, 9), (5, 7), (3, 4), (2, 8), (4, 5), (8, 9), (1, 3), (0, 1), (1, 6), (1, 9), (6, 8), (5, 6), (2, 4), (7, 9), (1, 2), (5, 8), (6, 7)]","[1.0, 1.0, 1.0, 1.0, 1.0, 1.0, 1.0, 1.0, 1.0, 1.0, 1.0, 1.0, 1.0, 1.0, 1.0, 1.0, 1.0, 1.0, 1.0, 1.0]"
52d24f99,11,14,1,5.0,False,False,"[1, 1, 1]",7.910386739873229,,,,,,,,,,,3.9778924028011775,,0.5028695225165346,,,,1.066890001296997,1.066890001296997,False,,0.0,0.0,,,1.0736396312713623,2026-07-21 18:10:05,x86_64,dacsgpu0002,,64,64,3.11.15,0.21,False,False,adam,True,1,20,hamqaoa,0.005,44,False,False,hog,False,True,False,False,False,False,False,1,HOG_graphs/random_graphs_8to14vertices_78instances_20260625_143415_AdjacencyList.txt,False,0,32,1,5,1,,34,"[(3, 9), (0, 4), (0, 10), (1, 9), (2, 9), (7, 8), (5, 9), (0, 9), (7, 10), (4, 8), (6, 10), (1, 10), (0, 8), (6, 7)]","[1.0, 1.0, 1.0, 1.0, 1.0, 1.0, 1.0, 1.0, 1.0, 1.0, 1.0, 1.0, 1.0, 1.0]"
4fc37d66,11,14,1,10.0,False,False,"[1, 1, 1]",7.910386739873229,,,,,,,,,,,4.251137974997342,,0.5374121537660079,,,,1.2826545238494873,1.2826545238494873,False,,0.0,0.0,,,1.2887654304504395,2026-07-21 18:10:05,x86_64,dacsgpu0002,,64,64,3.11.15,0.21,False,False,adam,True,1,20,hamqaoa,0.005,44,False,False,hog,False,True,False,False,False,False,False,1,HOG_graphs/random_graphs_8to14vertices_78instances_20260625_143415_AdjacencyList.txt,False,0,32,1,5,1,,34,"[(3, 9), (0, 4), (0, 10), (1, 9), (2, 9), (7, 8), (5, 9), (0, 9), (7, 10), (4, 8), (6, 10), (1, 10), (0, 8), (6, 7)]","[1.0, 1.0, 1.0, 1.0, 1.0, 1.0, 1.0, 1.0, 1.0, 1.0, 1.0, 1.0, 1.0, 1.0]"
36d9df54,10,30,1,25.0,False,False,"[1, 1, 1]",13.183472067497764,,,,,,,,,,,7.514097995831868,,0.569963508653912,,,,2.4458937644958496,2.4458937644958496,False,,0.0,0.0,,,2.4536798000335693,2026-07-21 18:10:06,x86_64,dacsgpu0002,,64,64,3.11.15,0.21,False,False,adam,True,1,20,hamqaoa,0.005,44,False,False,hog,False,True,False,False,False,False,False,1,HOG_graphs/random_graphs_8to14vertices_78instances_20260625_143415_AdjacencyList.txt,False,0,32,1,5,1,,33,"[(2, 3), (3, 8), (2, 6), (3, 5), (7, 8), (1, 4), (0, 2), (6, 9), (3, 4), (2, 8), (4, 5), (3, 7), (2, 5), (4, 8), (8, 9), (1, 3), (1, 6), (1, 9), (0, 7), (6, 8), (5, 6), (5, 9), (2, 4), (3, 9), (7, 9), (0, 3), (0, 6), (1, 5), (0, 9), (6, 7)]","[1.0, 1.0, 1.0, 1.0, 1.0, 1.0, 1.0, 1.0, 1.0, 1.0, 1.0, 1.0, 1.0, 1.0, 1.0, 1.0, 1.0, 1.0, 1.0, 1.0, 1.0, 1.0, 1.0, 1.0, 1.0, 1.0, 1.0, 1.0, 1.0, 1.0]"
6888541f,11,25,1,5.0,False,False,"[1, 1, 1]",11.640646219934219,,,,,,,,,,,7.4708419268846615,,0.6417892774793803,,,,1.471768856048584,1.471768856048584,False,,0.0,0.0,,,1.478905439376831,2026-07-21 18:10:06,x86_64,dacsgpu0002,,64,64,3.11.15,0.21,False,False,adam,True,1,20,hamqaoa,0.005,44,False,False,hog,False,True,False,False,False,False,False,1,HOG_graphs/random_graphs_8to14vertices_78instances_20260625_143415_AdjacencyList.txt,False,0,32,1,5,1,,35,"[(2, 3), (2, 6), (4, 9), (0, 5), (0, 2), (0, 8), (1, 7), (5, 7), (4, 5), (2, 5), (0, 1), (1, 6), (0, 7), (6, 8), (5, 6), (5, 9), (2, 4), (3, 9), (2, 7), (4, 10), (7, 9), (0, 3), (0, 6), (5, 8), (6, 7)]","[1.0, 1.0, 1.0, 1.0, 1.0, 1.0, 1.0, 1.0, 1.0, 1.0, 1.0, 1.0, 1.0, 1.0, 1.0, 1.0, 1.0, 1.0, 1.0, 1.0, 1.0, 1.0, 1.0, 1.0, 1.0]"
b0171f32,11,14,1,25.0,False,False,"[1, 1, 1]",7.910386739873229,,,,,,,,,,,3.6781301579546057,,0.46497475773397534,,,,2.099792957305908,2.099792957305908,False,,0.0,0.0,,,2.106774091720581,2026-07-21 18:10:06,x86_64,dacsgpu0002,,64,64,3.11.15,0.21,False,False,adam,True,1,20,hamqaoa,0.005,44,False,False,hog,False,True,False,False,False,False,False,1,HOG_graphs/random_graphs_8to14vertices_78instances_20260625_143415_AdjacencyList.txt,False,0,32,1,5,1,,34,"[(3, 9), (0, 4), (0, 10), (1, 9), (2, 9), (7, 8), (5, 9), (0, 9), (7, 10), (4, 8), (6, 10), (1, 10), (0, 8), (6, 7)]","[1.0, 1.0, 1.0, 1.0, 1.0, 1.0, 1.0, 1.0, 1.0, 1.0, 1.0, 1.0, 1.0, 1.0]"
3488e8ea,11,25,1,10.0,False,False,"[1, 1, 1]",11.640646219934219,,,,,,,,,,,8.70249176141919,,0.7475952448856715,,,,1.7907967567443848,1.7907967567443848,False,,0.0,0.0,,,1.7990813255310059,2026-07-21 18:10:07,x86_64,dacsgpu0002,,64,64,3.11.15,0.21,False,False,adam,True,1,20,hamqaoa,0.005,44,False,False,hog,False,True,False,False,False,False,False,1,HOG_graphs/random_graphs_8to14vertices_78instances_20260625_143415_AdjacencyList.txt,False,0,32,1,5,1,,35,"[(2, 3), (2, 6), (4, 9), (0, 5), (0, 2), (0, 8), (1, 7), (5, 7), (4, 5), (2, 5), (0, 1), (1, 6), (0, 7), (6, 8), (5, 6), (5, 9), (2, 4), (3, 9), (2, 7), (4, 10), (7, 9), (0, 3), (0, 6), (5, 8), (6, 7)]","[1.0, 1.0, 1.0, 1.0, 1.0, 1.0, 1.0, 1.0, 1.0, 1.0, 1.0, 1.0, 1.0, 1.0, 1.0, 1.0, 1.0, 1.0, 1.0, 1.0, 1.0, 1.0, 1.0, 1.0, 1.0]"
2489aa3b,11,14,2,5.0,False,False,"[1, 1, 1]",7.910386739873229,,,,,,,,,,,5.067861964287215,,0.6406591903708152,,,,3.0067880153656006,3.0067880153656006,False,,0.0,0.0,,,3.014197826385498,2026-07-21 18:10:07,x86_64,dacsgpu0002,,64,64,3.11.15,0.21,False,False,adam,True,1,20,hamqaoa,0.005,44,False,False,hog,False,True,False,False,False,False,False,1,HOG_graphs/random_graphs_8to14vertices_78instances_20260625_143415_AdjacencyList.txt,False,0,32,1,5,1,,34,"[(3, 9), (0, 4), (0, 10), (1, 9), (2, 9), (7, 8), (5, 9), (0, 9), (7, 10), (4, 8), (6, 10), (1, 10), (0, 8), (6, 7)]","[1.0, 1.0, 1.0, 1.0, 1.0, 1.0, 1.0, 1.0, 1.0, 1.0, 1.0, 1.0, 1.0, 1.0]"
38f685ec,10,30,2,50.0,False,False,"[1, 1, 1]",13.11746614058643,,,,,,,,,,,8.974414423111458,,0.684157620605091,,,,9.136484146118164,9.136484146118164,False,,0.0,0.0,,,9.14426589012146,2026-07-21 18:10:07,x86_64,dacsgpu0002,,64,64,3.11.15,0.21,False,False,adam,True,1,20,hamqaoa,0.005,44,False,False,hog,False,True,False,False,False,False,False,1,HOG_graphs/random_graphs_8to14vertices_78instances_20260625_143415_AdjacencyList.txt,False,0,32,1,5,1,,32,"[(2, 3), (3, 5), (2, 9), (4, 6), (7, 8), (0, 5), (1, 4), (0, 8), (6, 9), (5, 7), (3, 4), (4, 5), (4, 8), (8, 9), (1, 3), (0, 1), (1, 9), (0, 7), (5, 6), (3, 6), (2, 4), (2, 7), (4, 7), (7, 9), (0, 3), (1, 2), (1, 8), (0, 6), (0, 9), (6, 7)]","[1.0, 1.0, 1.0, 1.0, 1.0, 1.0, 1.0, 1.0, 1.0, 1.0, 1.0, 1.0, 1.0, 1.0, 1.0, 1.0, 1.0, 1.0, 1.0, 1.0, 1.0, 1.0, 1.0, 1.0, 1.0, 1.0, 1.0, 1.0, 1.0, 1.0]"
5ec9ac79,10,30,1,50.0,False,False,"[1, 1, 1]",13.183472067497764,,,,,,,,,,,8.861605098125256,,0.672175361145753,,,,3.827910900115967,3.827910900115967,False,,0.0,0.0,,,3.834299325942993,2026-07-21 18:10:07,x86_64,dacsgpu0002,,64,64,3.11.15,0.21,False,False,adam,True,1,20,hamqaoa,0.005,44,False,False,hog,False,True,False,False,False,False,False,1,HOG_graphs/random_graphs_8to14vertices_78instances_20260625_143415_AdjacencyList.txt,False,0,32,1,5,1,,33,"[(2, 3), (3, 8), (2, 6), (3, 5), (7, 8), (1, 4), (0, 2), (6, 9), (3, 4), (2, 8), (4, 5), (3, 7), (2, 5), (4, 8), (8, 9), (1, 3), (1, 6), (1, 9), (0, 7), (6, 8), (5, 6), (5, 9), (2, 4), (3, 9), (7, 9), (0, 3), (0, 6), (1, 5), (0, 9), (6, 7)]","[1.0, 1.0, 1.0, 1.0, 1.0, 1.0, 1.0, 1.0, 1.0, 1.0, 1.0, 1.0, 1.0, 1.0, 1.0, 1.0, 1.0, 1.0, 1.0, 1.0, 1.0, 1.0, 1.0, 1.0, 1.0, 1.0, 1.0, 1.0, 1.0, 1.0]"
2d3e6b23,11,14,1,50.0,False,False,"[1, 1, 1]",7.910386739873229,,,,,,,,,,,3.891397955597728,,0.49193523446618376,,,,3.137985944747925,3.137985944747925,False,,0.0,0.0,,,3.14440655708313,2026-07-21 18:10:08,x86_64,dacsgpu0002,,64,64,3.11.15,0.21,False,False,adam,True,1,20,hamqaoa,0.005,44,False,False,hog,False,True,False,False,False,False,False,1,HOG_graphs/random_graphs_8to14vertices_78instances_20260625_143415_AdjacencyList.txt,False,0,32,1,5,1,,34,"[(3, 9), (0, 4), (0, 10), (1, 9), (2, 9), (7, 8), (5, 9), (0, 9), (7, 10), (4, 8), (6, 10), (1, 10), (0, 8), (6, 7)]","[1.0, 1.0, 1.0, 1.0, 1.0, 1.0, 1.0, 1.0, 1.0, 1.0, 1.0, 1.0, 1.0, 1.0]"
791ce76e,11,14,2,10.0,False,False,"[1, 1, 1]",7.910386739873229,,,,,,,,,,,4.799450932218402,,0.6067277226821551,,,,3.5593631267547607,3.5593631267547607,False,,0.0,0.0,,,3.5658421516418457,2026-07-21 18:10:08,x86_64,dacsgpu0002,,64,64,3.11.15,0.21,False,False,adam,True,1,20,hamqaoa,0.005,44,False,False,hog,False,True,False,False,False,False,False,1,HOG_graphs/random_graphs_8to14vertices_78instances_20260625_143415_AdjacencyList.txt,False,0,32,1,5,1,,34,"[(3, 9), (0, 4), (0, 10), (1, 9), (2, 9), (7, 8), (5, 9), (0, 9), (7, 10), (4, 8), (6, 10), (1, 10), (0, 8), (6, 7)]","[1.0, 1.0, 1.0, 1.0, 1.0, 1.0, 1.0, 1.0, 1.0, 1.0, 1.0, 1.0, 1.0, 1.0]"
e85f45c5,11,34,1,5.0,False,False,"[1, 1, 1]",14.24851682406329,,,,,,,,,,,9.995034825891873,,0.7014789643938225,,,,1.8199832439422607,1.8199832439422607,False,,0.0,0.0,,,1.8289473056793213,2026-07-21 18:10:08,x86_64,dacsgpu0002,,64,64,3.11.15,0.21,False,False,adam,True,1,20,hamqaoa,0.005,44,False,False,hog,False,True,False,False,False,False,False,1,HOG_graphs/random_graphs_8to14vertices_78instances_20260625_143415_AdjacencyList.txt,False,0,32,1,5,1,,36,"[(2, 3), (4, 6), (8, 10), (1, 4), (1, 10), (1, 7), (5, 10), (5, 7), (3, 4), (2, 8), (3, 7), (2, 5), (4, 8), (7, 10), (8, 9), (1, 3), (9, 10), (1, 6), (0, 4), (0, 10), (1, 9), (0, 7), (6, 8), (5, 9), (2, 4), (3, 9), (2, 7), (4, 10), (4, 7), (1, 2), (1, 8), (6, 10), (5, 8), (6, 7)]","[1.0, 1.0, 1.0, 1.0, 1.0, 1.0, 1.0, 1.0, 1.0, 1.0, 1.0, 1.0, 1.0, 1.0, 1.0, 1.0, 1.0, 1.0, 1.0, 1.0, 1.0, 1.0, 1.0, 1.0, 1.0, 1.0, 1.0, 1.0, 1.0, 1.0, 1.0, 1.0, 1.0, 1.0]"
6264f949,11,25,1,25.0,False,False,"[1, 1, 1]",11.640646219934219,,,,,,,,,,,7.960168080379059,,0.6838252730975998,,,,2.626760244369507,2.626760244369507,False,,0.0,0.0,,,2.639423131942749,2026-07-21 18:10:08,x86_64,dacsgpu0002,,64,64,3.11.15,0.21,False,False,adam,True,1,20,hamqaoa,0.005,44,False,False,hog,False,True,False,False,False,False,False,1,HOG_graphs/random_graphs_8to14vertices_78instances_20260625_143415_AdjacencyList.txt,False,0,32,1,5,1,,35,"[(2, 3), (2, 6), (4, 9), (0, 5), (0, 2), (0, 8), (1, 7), (5, 7), (4, 5), (2, 5), (0, 1), (1, 6), (0, 7), (6, 8), (5, 6), (5, 9), (2, 4), (3, 9), (2, 7), (4, 10), (7, 9), (0, 3), (0, 6), (5, 8), (6, 7)]","[1.0, 1.0, 1.0, 1.0, 1.0, 1.0, 1.0, 1.0, 1.0, 1.0, 1.0, 1.0, 1.0, 1.0, 1.0, 1.0, 1.0, 1.0, 1.0, 1.0, 1.0, 1.0, 1.0, 1.0, 1.0]"
3677d2b8,11,34,1,10.0,False,False,"[1, 1, 1]",14.24851682406329,,,,,,,,,,,9.235498695117839,,0.6481726350296806,,,,2.1019673347473145,2.1019673347473145,False,,0.0,0.0,,,2.11041522026062,2026-07-21 18:10:08,x86_64,dacsgpu0002,,64,64,3.11.15,0.21,False,False,adam,True,1,20,hamqaoa,0.005,44,False,False,hog,False,True,False,False,False,False,False,1,HOG_graphs/random_graphs_8to14vertices_78instances_20260625_143415_AdjacencyList.txt,False,0,32,1,5,1,,36,"[(2, 3), (4, 6), (8, 10), (1, 4), (1, 10), (1, 7), (5, 10), (5, 7), (3, 4), (2, 8), (3, 7), (2, 5), (4, 8), (7, 10), (8, 9), (1, 3), (9, 10), (1, 6), (0, 4), (0, 10), (1, 9), (0, 7), (6, 8), (5, 9), (2, 4), (3, 9), (2, 7), (4, 10), (4, 7), (1, 2), (1, 8), (6, 10), (5, 8), (6, 7)]","[1.0, 1.0, 1.0, 1.0, 1.0, 1.0, 1.0, 1.0, 1.0, 1.0, 1.0, 1.0, 1.0, 1.0, 1.0, 1.0, 1.0, 1.0, 1.0, 1.0, 1.0, 1.0, 1.0, 1.0, 1.0, 1.0, 1.0, 1.0, 1.0, 1.0, 1.0, 1.0, 1.0, 1.0]"
17369eeb,11,25,2,5.0,False,False,"[1, 1, 1]",11.640646219934219,,,,,,,,,,,7.43226110677866,,0.638474958035505,,,,3.813739776611328,3.813739776611328,False,,0.0,0.0,,,3.821406364440918,2026-07-21 18:10:09,x86_64,dacsgpu0002,,64,64,3.11.15,0.21,False,False,adam,True,1,20,hamqaoa,0.005,44,False,False,hog,False,True,False,False,False,False,False,1,HOG_graphs/random_graphs_8to14vertices_78instances_20260625_143415_AdjacencyList.txt,False,0,32,1,5,1,,35,"[(2, 3), (2, 6), (4, 9), (0, 5), (0, 2), (0, 8), (1, 7), (5, 7), (4, 5), (2, 5), (0, 1), (1, 6), (0, 7), (6, 8), (5, 6), (5, 9), (2, 4), (3, 9), (2, 7), (4, 10), (7, 9), (0, 3), (0, 6), (5, 8), (6, 7)]","[1.0, 1.0, 1.0, 1.0, 1.0, 1.0, 1.0, 1.0, 1.0, 1.0, 1.0, 1.0, 1.0, 1.0, 1.0, 1.0, 1.0, 1.0, 1.0, 1.0, 1.0, 1.0, 1.0, 1.0, 1.0]"
b81df856,11,22,1,5.0,False,False,"[1, 1, 1]",11.845835456182591,,,,,,,,,,,6.389045492761326,,0.5393495052665744,,,,1.3078951835632324,1.3078951835632324,False,,0.0,0.0,,,1.3154029846191406,2026-07-21 18:10:09,x86_64,dacsgpu0002,,64,64,3.11.15,0.2,False,False,adam,True,1,20,hamqaoa,0.005,44,False,False,hog,False,True,False,False,False,False,False,1,HOG_graphs/random_graphs_8to14vertices_78instances_20260625_143415_AdjacencyList.txt,False,0,32,1,5,1,,37,"[(2, 3), (0, 5), (8, 10), (1, 10), (6, 9), (3, 4), (2, 8), (4, 5), (2, 5), (4, 8), (7, 10), (1, 3), (9, 10), (1, 6), (0, 4), (0, 7), (6, 8), (3, 9), (2, 7), (7, 9), (0, 6), (1, 5)]","[1.0, 1.0, 1.0, 1.0, 1.0, 1.0, 1.0, 1.0, 1.0, 1.0, 1.0, 1.0, 1.0, 1.0, 1.0, 1.0, 1.0, 1.0, 1.0, 1.0, 1.0, 1.0]"
dc39bae4,11,22,1,10.0,False,False,"[1, 1, 1]",11.845835456182591,,,,,,,,,,,6.502070817512009,,0.5488908605528908,,,,1.697171688079834,1.697171688079834,False,,0.0,0.0,,,1.703885793685913,2026-07-21 18:10:09,x86_64,dacsgpu0002,,64,64,3.11.15,0.21,False,False,adam,True,1,20,hamqaoa,0.005,44,False,False,hog,False,True,False,False,False,False,False,1,HOG_graphs/random_graphs_8to14vertices_78instances_20260625_143415_AdjacencyList.txt,False,0,32,1,5,1,,37,"[(2, 3), (0, 5), (8, 10), (1, 10), (6, 9), (3, 4), (2, 8), (4, 5), (2, 5), (4, 8), (7, 10), (1, 3), (9, 10), (1, 6), (0, 4), (0, 7), (6, 8), (3, 9), (2, 7), (7, 9), (0, 6), (1, 5)]","[1.0, 1.0, 1.0, 1.0, 1.0, 1.0, 1.0, 1.0, 1.0, 1.0, 1.0, 1.0, 1.0, 1.0, 1.0, 1.0, 1.0, 1.0, 1.0, 1.0, 1.0, 1.0]"
f0e1232a,11,14,2,25.0,False,False,"[1, 1, 1]",7.910386739873229,,,,,,,,,,,4.730237451686679,,0.5979780265158673,,,,5.2602379322052,5.2602379322052,False,,0.0,0.0,,,5.266918897628784,2026-07-21 18:10:10,x86_64,dacsgpu0002,,64,64,3.11.15,0.21,False,False,adam,True,1,20,hamqaoa,0.005,44,False,False,hog,False,True,False,False,False,False,False,1,HOG_graphs/random_graphs_8to14vertices_78instances_20260625_143415_AdjacencyList.txt,False,0,32,1,5,1,,34,"[(3, 9), (0, 4), (0, 10), (1, 9), (2, 9), (7, 8), (5, 9), (0, 9), (7, 10), (4, 8), (6, 10), (1, 10), (0, 8), (6, 7)]","[1.0, 1.0, 1.0, 1.0, 1.0, 1.0, 1.0, 1.0, 1.0, 1.0, 1.0, 1.0, 1.0, 1.0]"
bbcef081,11,25,1,50.0,False,False,"[1, 1, 1]",11.640646219934219,,,,,,,,,,,6.830860742928312,,0.5868111283401681,,,,3.998760223388672,3.998760223388672,False,,0.0,0.0,,,4.007541179656982,2026-07-21 18:10:10,x86_64,dacsgpu0002,,64,64,3.11.15,0.21,False,False,adam,True,1,20,hamqaoa,0.005,44,False,False,hog,False,True,False,False,False,False,False,1,HOG_graphs/random_graphs_8to14vertices_78instances_20260625_143415_AdjacencyList.txt,False,0,32,1,5,1,,35,"[(2, 3), (2, 6), (4, 9), (0, 5), (0, 2), (0, 8), (1, 7), (5, 7), (4, 5), (2, 5), (0, 1), (1, 6), (0, 7), (6, 8), (5, 6), (5, 9), (2, 4), (3, 9), (2, 7), (4, 10), (7, 9), (0, 3), (0, 6), (5, 8), (6, 7)]","[1.0, 1.0, 1.0, 1.0, 1.0, 1.0, 1.0, 1.0, 1.0, 1.0, 1.0, 1.0, 1.0, 1.0, 1.0, 1.0, 1.0, 1.0, 1.0, 1.0, 1.0, 1.0, 1.0, 1.0, 1.0]"
ec5c4f2c,11,34,1,25.0,False,False,"[1, 1, 1]",14.24851682406329,,,,,,,,,,,9.95918623789178,,0.6989630121411957,,,,3.0093555450439453,3.0093555450439453,False,,0.0,0.0,,,3.0200133323669434,2026-07-21 18:10:10,x86_64,dacsgpu0002,,64,64,3.11.15,0.2,False,False,adam,True,1,20,hamqaoa,0.005,44,False,False,hog,False,True,False,False,False,False,False,1,HOG_graphs/random_graphs_8to14vertices_78instances_20260625_143415_AdjacencyList.txt,False,0,32,1,5,1,,36,"[(2, 3), (4, 6), (8, 10), (1, 4), (1, 10), (1, 7), (5, 10), (5, 7), (3, 4), (2, 8), (3, 7), (2, 5), (4, 8), (7, 10), (8, 9), (1, 3), (9, 10), (1, 6), (0, 4), (0, 10), (1, 9), (0, 7), (6, 8), (5, 9), (2, 4), (3, 9), (2, 7), (4, 10), (4, 7), (1, 2), (1, 8), (6, 10), (5, 8), (6, 7)]","[1.0, 1.0, 1.0, 1.0, 1.0, 1.0, 1.0, 1.0, 1.0, 1.0, 1.0, 1.0, 1.0, 1.0, 1.0, 1.0, 1.0, 1.0, 1.0, 1.0, 1.0, 1.0, 1.0, 1.0, 1.0, 1.0, 1.0, 1.0, 1.0, 1.0, 1.0, 1.0, 1.0, 1.0]"
aef04642,10,30,2,25.0,False,False,"[1, 1, 1]",13.183472067497764,,,,,,,,,,,9.032393292675911,,0.6851300815468916,,,,6.503461122512817,6.503461122512817,False,,0.0,0.0,,,6.510318279266357,2026-07-21 18:10:10,x86_64,dacsgpu0002,,64,64,3.11.15,0.21,False,False,adam,True,1,20,hamqaoa,0.005,44,False,False,hog,False,True,False,False,False,False,False,1,HOG_graphs/random_graphs_8to14vertices_78instances_20260625_143415_AdjacencyList.txt,False,0,32,1,5,1,,33,"[(2, 3), (3, 8), (2, 6), (3, 5), (7, 8), (1, 4), (0, 2), (6, 9), (3, 4), (2, 8), (4, 5), (3, 7), (2, 5), (4, 8), (8, 9), (1, 3), (1, 6), (1, 9), (0, 7), (6, 8), (5, 6), (5, 9), (2, 4), (3, 9), (7, 9), (0, 3), (0, 6), (1, 5), (0, 9), (6, 7)]","[1.0, 1.0, 1.0, 1.0, 1.0, 1.0, 1.0, 1.0, 1.0, 1.0, 1.0, 1.0, 1.0, 1.0, 1.0, 1.0, 1.0, 1.0, 1.0, 1.0, 1.0, 1.0, 1.0, 1.0, 1.0, 1.0, 1.0, 1.0, 1.0, 1.0]"
e9b279d2,11,25,2,10.0,False,False,"[1, 1, 1]",11.640646219934219,,,,,,,,,,,7.3635684239658845,,0.6325738524168889,,,,4.678494930267334,4.678494930267334,False,,0.0,0.0,,,4.6863532066345215,2026-07-21 18:10:10,x86_64,dacsgpu0002,,64,64,3.11.15,0.22,False,False,adam,True,1,20,hamqaoa,0.005,44,False,False,hog,False,True,False,False,False,False,False,1,HOG_graphs/random_graphs_8to14vertices_78instances_20260625_143415_AdjacencyList.txt,False,0,32,1,5,1,,35,"[(2, 3), (2, 6), (4, 9), (0, 5), (0, 2), (0, 8), (1, 7), (5, 7), (4, 5), (2, 5), (0, 1), (1, 6), (0, 7), (6, 8), (5, 6), (5, 9), (2, 4), (3, 9), (2, 7), (4, 10), (7, 9), (0, 3), (0, 6), (5, 8), (6, 7)]","[1.0, 1.0, 1.0, 1.0, 1.0, 1.0, 1.0, 1.0, 1.0, 1.0, 1.0, 1.0, 1.0, 1.0, 1.0, 1.0, 1.0, 1.0, 1.0, 1.0, 1.0, 1.0, 1.0, 1.0, 1.0]"
9bfcde06,11,22,1,25.0,False,False,"[1, 1, 1]",11.845835456182591,,,,,,,,,,,7.510031731368116,,0.6339807571316949,,,,2.3717260360717773,2.3717260360717773,False,,0.0,0.0,,,2.3788700103759766,2026-07-21 18:10:10,x86_64,dacsgpu0002,,64,64,3.11.15,0.2,False,False,adam,True,1,20,hamqaoa,0.005,44,False,False,hog,False,True,False,False,False,False,False,1,HOG_graphs/random_graphs_8to14vertices_78instances_20260625_143415_AdjacencyList.txt,False,0,32,1,5,1,,37,"[(2, 3), (0, 5), (8, 10), (1, 10), (6, 9), (3, 4), (2, 8), (4, 5), (2, 5), (4, 8), (7, 10), (1, 3), (9, 10), (1, 6), (0, 4), (0, 7), (6, 8), (3, 9), (2, 7), (7, 9), (0, 6), (1, 5)]","[1.0, 1.0, 1.0, 1.0, 1.0, 1.0, 1.0, 1.0, 1.0, 1.0, 1.0, 1.0, 1.0, 1.0, 1.0, 1.0, 1.0, 1.0, 1.0, 1.0, 1.0, 1.0]"
25f1444c,11,34,2,5.0,False,False,"[1, 1, 1]",14.24851682406329,,,,,,,,,,,9.761930472889274,,0.6851190614031529,,,,4.526202917098999,4.526202917098999,False,,0.0,0.0,,,4.534111738204956,2026-07-21 18:10:11,x86_64,dacsgpu0002,,64,64,3.11.15,0.21,False,False,adam,True,1,20,hamqaoa,0.005,44,False,False,hog,False,True,False,False,False,False,False,1,HOG_graphs/random_graphs_8to14vertices_78instances_20260625_143415_AdjacencyList.txt,False,0,32,1,5,1,,36,"[(2, 3), (4, 6), (8, 10), (1, 4), (1, 10), (1, 7), (5, 10), (5, 7), (3, 4), (2, 8), (3, 7), (2, 5), (4, 8), (7, 10), (8, 9), (1, 3), (9, 10), (1, 6), (0, 4), (0, 10), (1, 9), (0, 7), (6, 8), (5, 9), (2, 4), (3, 9), (2, 7), (4, 10), (4, 7), (1, 2), (1, 8), (6, 10), (5, 8), (6, 7)]","[1.0, 1.0, 1.0, 1.0, 1.0, 1.0, 1.0, 1.0, 1.0, 1.0, 1.0, 1.0, 1.0, 1.0, 1.0, 1.0, 1.0, 1.0, 1.0, 1.0, 1.0, 1.0, 1.0, 1.0, 1.0, 1.0, 1.0, 1.0, 1.0, 1.0, 1.0, 1.0, 1.0, 1.0]"
1a4e33ca,11,22,2,5.0,False,False,"[1, 1, 1]",11.845835456182591,,,,,,,,,,,6.375776009331731,,0.5382293239607747,,,,3.4353187084198,3.4353187084198,False,,0.0,0.0,,,3.4430434703826904,2026-07-21 18:10:11,x86_64,dacsgpu0002,,64,64,3.11.15,0.21,False,False,adam,True,1,20,hamqaoa,0.005,44,False,False,hog,False,True,False,False,False,False,False,1,HOG_graphs/random_graphs_8to14vertices_78instances_20260625_143415_AdjacencyList.txt,False,0,32,1,5,1,,37,"[(2, 3), (0, 5), (8, 10), (1, 10), (6, 9), (3, 4), (2, 8), (4, 5), (2, 5), (4, 8), (7, 10), (1, 3), (9, 10), (1, 6), (0, 4), (0, 7), (6, 8), (3, 9), (2, 7), (7, 9), (0, 6), (1, 5)]","[1.0, 1.0, 1.0, 1.0, 1.0, 1.0, 1.0, 1.0, 1.0, 1.0, 1.0, 1.0, 1.0, 1.0, 1.0, 1.0, 1.0, 1.0, 1.0, 1.0, 1.0, 1.0]"
3e282565,11,34,1,50.0,False,False,"[1, 1, 1]",14.24851682406329,,,,,,,,,,,10.289575290248955,,0.722150622222773,,,,4.285308122634888,4.285308122634888,False,,0.0,0.0,,,4.294293165206909,2026-07-21 18:10:11,x86_64,dacsgpu0002,,64,64,3.11.15,0.21,False,False,adam,True,1,20,hamqaoa,0.005,44,False,False,hog,False,True,False,False,False,False,False,1,HOG_graphs/random_graphs_8to14vertices_78instances_20260625_143415_AdjacencyList.txt,False,0,32,1,5,1,,36,"[(2, 3), (4, 6), (8, 10), (1, 4), (1, 10), (1, 7), (5, 10), (5, 7), (3, 4), (2, 8), (3, 7), (2, 5), (4, 8), (7, 10), (8, 9), (1, 3), (9, 10), (1, 6), (0, 4), (0, 10), (1, 9), (0, 7), (6, 8), (5, 9), (2, 4), (3, 9), (2, 7), (4, 10), (4, 7), (1, 2), (1, 8), (6, 10), (5, 8), (6, 7)]","[1.0, 1.0, 1.0, 1.0, 1.0, 1.0, 1.0, 1.0, 1.0, 1.0, 1.0, 1.0, 1.0, 1.0, 1.0, 1.0, 1.0, 1.0, 1.0, 1.0, 1.0, 1.0, 1.0, 1.0, 1.0, 1.0, 1.0, 1.0, 1.0, 1.0, 1.0, 1.0, 1.0, 1.0]"
bf347374,11,34,2,10.0,False,False,"[1, 1, 1]",14.24851682406329,,,,,,,,,,,9.470895961100833,,0.6646934609436768,,,,5.180213928222656,5.180213928222656,False,,0.0,0.0,,,5.188420057296753,2026-07-21 18:10:12,x86_64,dacsgpu0002,,64,64,3.11.15,0.21,False,False,adam,True,1,20,hamqaoa,0.005,44,False,False,hog,False,True,False,False,False,False,False,1,HOG_graphs/random_graphs_8to14vertices_78instances_20260625_143415_AdjacencyList.txt,False,0,32,1,5,1,,36,"[(2, 3), (4, 6), (8, 10), (1, 4), (1, 10), (1, 7), (5, 10), (5, 7), (3, 4), (2, 8), (3, 7), (2, 5), (4, 8), (7, 10), (8, 9), (1, 3), (9, 10), (1, 6), (0, 4), (0, 10), (1, 9), (0, 7), (6, 8), (5, 9), (2, 4), (3, 9), (2, 7), (4, 10), (4, 7), (1, 2), (1, 8), (6, 10), (5, 8), (6, 7)]","[1.0, 1.0, 1.0, 1.0, 1.0, 1.0, 1.0, 1.0, 1.0, 1.0, 1.0, 1.0, 1.0, 1.0, 1.0, 1.0, 1.0, 1.0, 1.0, 1.0, 1.0, 1.0, 1.0, 1.0, 1.0, 1.0, 1.0, 1.0, 1.0, 1.0, 1.0, 1.0, 1.0, 1.0]"
08bf1124,11,22,2,10.0,False,False,"[1, 1, 1]",11.845835456182591,,,,,,,,,,,6.516106711056903,,0.5500757405553873,,,,3.9571261405944824,3.9571261405944824,False,,0.0,0.0,,,3.963890790939331,2026-07-21 18:10:12,x86_64,dacsgpu0002,,64,64,3.11.15,0.21,False,False,adam,True,1,20,hamqaoa,0.005,44,False,False,hog,False,True,False,False,False,False,False,1,HOG_graphs/random_graphs_8to14vertices_78instances_20260625_143415_AdjacencyList.txt,False,0,32,1,5,1,,37,"[(2, 3), (0, 5), (8, 10), (1, 10), (6, 9), (3, 4), (2, 8), (4, 5), (2, 5), (4, 8), (7, 10), (1, 3), (9, 10), (1, 6), (0, 4), (0, 7), (6, 8), (3, 9), (2, 7), (7, 9), (0, 6), (1, 5)]","[1.0, 1.0, 1.0, 1.0, 1.0, 1.0, 1.0, 1.0, 1.0, 1.0, 1.0, 1.0, 1.0, 1.0, 1.0, 1.0, 1.0, 1.0, 1.0, 1.0, 1.0, 1.0]"
ad0df81b,11,25,2,25.0,False,False,"[1, 1, 1]",11.640646219934219,,,,,,,,,,,7.7907879116492476,,0.669274520026885,,,,6.390454530715942,6.390454530715942,False,,0.0,0.0,,,6.3980090618133545,2026-07-21 18:10:12,x86_64,dacsgpu0002,,64,64,3.11.15,0.21,False,False,adam,True,1,20,hamqaoa,0.005,44,False,False,hog,False,True,False,False,False,False,False,1,HOG_graphs/random_graphs_8to14vertices_78instances_20260625_143415_AdjacencyList.txt,False,0,32,1,5,1,,35,"[(2, 3), (2, 6), (4, 9), (0, 5), (0, 2), (0, 8), (1, 7), (5, 7), (4, 5), (2, 5), (0, 1), (1, 6), (0, 7), (6, 8), (5, 6), (5, 9), (2, 4), (3, 9), (2, 7), (4, 10), (7, 9), (0, 3), (0, 6), (5, 8), (6, 7)]","[1.0, 1.0, 1.0, 1.0, 1.0, 1.0, 1.0, 1.0, 1.0, 1.0, 1.0, 1.0, 1.0, 1.0, 1.0, 1.0, 1.0, 1.0, 1.0, 1.0, 1.0, 1.0, 1.0, 1.0, 1.0]"
b42d2029,11,14,2,50.0,False,False,"[1, 1, 1]",7.910386739873229,,,,,,,,,,,5.563220715894226,,0.7032804967489341,,,,7.602770566940308,7.602770566940308,False,,0.0,0.0,,,7.609288454055786,2026-07-21 18:10:12,x86_64,dacsgpu0002,,64,64,3.11.15,0.21,False,False,adam,True,1,20,hamqaoa,0.005,44,False,False,hog,False,True,False,False,False,False,False,1,HOG_graphs/random_graphs_8to14vertices_78instances_20260625_143415_AdjacencyList.txt,False,0,32,1,5,1,,34,"[(3, 9), (0, 4), (0, 10), (1, 9), (2, 9), (7, 8), (5, 9), (0, 9), (7, 10), (4, 8), (6, 10), (1, 10), (0, 8), (6, 7)]","[1.0, 1.0, 1.0, 1.0, 1.0, 1.0, 1.0, 1.0, 1.0, 1.0, 1.0, 1.0, 1.0, 1.0]"
8aef1e7d,10,30,2,50.0,False,False,"[1, 1, 1]",13.183472067497764,,,,,,,,,,,10.321878845075547,,0.7829408514106747,,,,9.196365118026733,9.196365118026733,False,,0.0,0.0,,,9.20169973373413,2026-07-21 18:10:13,x86_64,dacsgpu0002,,64,64,3.11.15,0.21,False,False,adam,True,1,20,hamqaoa,0.005,44,False,False,hog,False,True,False,False,False,False,False,1,HOG_graphs/random_graphs_8to14vertices_78instances_20260625_143415_AdjacencyList.txt,False,0,32,1,5,1,,33,"[(2, 3), (3, 8), (2, 6), (3, 5), (7, 8), (1, 4), (0, 2), (6, 9), (3, 4), (2, 8), (4, 5), (3, 7), (2, 5), (4, 8), (8, 9), (1, 3), (1, 6), (1, 9), (0, 7), (6, 8), (5, 6), (5, 9), (2, 4), (3, 9), (7, 9), (0, 3), (0, 6), (1, 5), (0, 9), (6, 7)]","[1.0, 1.0, 1.0, 1.0, 1.0, 1.0, 1.0, 1.0, 1.0, 1.0, 1.0, 1.0, 1.0, 1.0, 1.0, 1.0, 1.0, 1.0, 1.0, 1.0, 1.0, 1.0, 1.0, 1.0, 1.0, 1.0, 1.0, 1.0, 1.0, 1.0]"
7da6b22c,11,22,2,25.0,False,False,"[1, 1, 1]",11.845835456182591,,,,,,,,,,,7.08485132263122,,0.5980879397521504,,,,5.6255106925964355,5.6255106925964355,False,,0.0,0.0,,,5.633250713348389,2026-07-21 18:10:14,x86_64,dacsgpu0002,,64,64,3.11.15,0.21,False,False,adam,True,1,20,hamqaoa,0.005,44,False,False,hog,False,True,False,False,False,False,False,1,HOG_graphs/random_graphs_8to14vertices_78instances_20260625_143415_AdjacencyList.txt,False,0,32,1,5,1,,37,"[(2, 3), (0, 5), (8, 10), (1, 10), (6, 9), (3, 4), (2, 8), (4, 5), (2, 5), (4, 8), (7, 10), (1, 3), (9, 10), (1, 6), (0, 4), (0, 7), (6, 8), (3, 9), (2, 7), (7, 9), (0, 6), (1, 5)]","[1.0, 1.0, 1.0, 1.0, 1.0, 1.0, 1.0, 1.0, 1.0, 1.0, 1.0, 1.0, 1.0, 1.0, 1.0, 1.0, 1.0, 1.0, 1.0, 1.0, 1.0, 1.0]"
72f5533d,11,34,2,25.0,False,False,"[1, 1, 1]",14.24851682406329,,,,,,,,,,,10.916526484391238,,0.7661517770014564,,,,7.224717378616333,7.224717378616333,False,,0.0,0.0,,,7.234154939651489,2026-07-21 18:10:14,x86_64,dacsgpu0002,,64,64,3.11.15,0.21,False,False,adam,True,1,20,hamqaoa,0.005,44,False,False,hog,False,True,False,False,False,False,False,1,HOG_graphs/random_graphs_8to14vertices_78instances_20260625_143415_AdjacencyList.txt,False,0,32,1,5,1,,36,"[(2, 3), (4, 6), (8, 10), (1, 4), (1, 10), (1, 7), (5, 10), (5, 7), (3, 4), (2, 8), (3, 7), (2, 5), (4, 8), (7, 10), (8, 9), (1, 3), (9, 10), (1, 6), (0, 4), (0, 10), (1, 9), (0, 7), (6, 8), (5, 9), (2, 4), (3, 9), (2, 7), (4, 10), (4, 7), (1, 2), (1, 8), (6, 10), (5, 8), (6, 7)]","[1.0, 1.0, 1.0, 1.0, 1.0, 1.0, 1.0, 1.0, 1.0, 1.0, 1.0, 1.0, 1.0, 1.0, 1.0, 1.0, 1.0, 1.0, 1.0, 1.0, 1.0, 1.0, 1.0, 1.0, 1.0, 1.0, 1.0, 1.0, 1.0, 1.0, 1.0, 1.0, 1.0, 1.0]"
ff18d369,11,18,1,5.0,False,False,"[1, 1, 1]",9.429890288066767,,,,,,,,,,,5.666572729805797,,0.6009160824465443,,,,1.1998183727264404,1.1998183727264404,False,,0.0,0.0,,,1.2054693698883057,2026-07-21 18:10:14,x86_64,dacsgpu0002,,64,64,3.11.15,0.21,False,False,adam,True,1,20,hamqaoa,0.005,44,False,False,hog,False,True,False,False,False,False,False,1,HOG_graphs/random_graphs_8to14vertices_78instances_20260625_143415_AdjacencyList.txt,False,0,32,1,5,1,,38,"[(3, 9), (1, 3), (0, 1), (9, 10), (1, 6), (0, 4), (5, 8), (1, 10), (7, 9), (0, 3), (0, 6), (4, 5), (3, 7), (0, 5), (1, 4), (0, 2), (0, 8), (1, 7)]","[1.0, 1.0, 1.0, 1.0, 1.0, 1.0, 1.0, 1.0, 1.0, 1.0, 1.0, 1.0, 1.0, 1.0, 1.0, 1.0, 1.0, 1.0]"
7bd3ab6d,11,18,1,10.0,False,False,"[1, 1, 1]",9.429890288066767,,,,,,,,,,,4.996465194595278,,0.5298540112304541,,,,1.3855395317077637,1.3855395317077637,False,,0.0,0.0,,,1.3919830322265625,2026-07-21 18:10:15,x86_64,dacsgpu0002,,64,64,3.11.15,0.2,False,False,adam,True,1,20,hamqaoa,0.005,44,False,False,hog,False,True,False,False,False,False,False,1,HOG_graphs/random_graphs_8to14vertices_78instances_20260625_143415_AdjacencyList.txt,False,0,32,1,5,1,,38,"[(3, 9), (1, 3), (0, 1), (9, 10), (1, 6), (0, 4), (5, 8), (1, 10), (7, 9), (0, 3), (0, 6), (4, 5), (3, 7), (0, 5), (1, 4), (0, 2), (0, 8), (1, 7)]","[1.0, 1.0, 1.0, 1.0, 1.0, 1.0, 1.0, 1.0, 1.0, 1.0, 1.0, 1.0, 1.0, 1.0, 1.0, 1.0, 1.0, 1.0]"
64067104,11,25,2,50.0,False,False,"[1, 1, 1]",11.640646219934219,,,,,,,,,,,8.071967675259554,,0.693429516089629,,,,9.748997449874878,9.748997449874878,False,,0.0,0.0,,,9.756475448608398,2026-07-21 18:10:16,x86_64,dacsgpu0002,,64,64,3.11.15,0.21,False,False,adam,True,1,20,hamqaoa,0.005,44,False,False,hog,False,True,False,False,False,False,False,1,HOG_graphs/random_graphs_8to14vertices_78instances_20260625_143415_AdjacencyList.txt,False,0,32,1,5,1,,35,"[(2, 3), (2, 6), (4, 9), (0, 5), (0, 2), (0, 8), (1, 7), (5, 7), (4, 5), (2, 5), (0, 1), (1, 6), (0, 7), (6, 8), (5, 6), (5, 9), (2, 4), (3, 9), (2, 7), (4, 10), (7, 9), (0, 3), (0, 6), (5, 8), (6, 7)]","[1.0, 1.0, 1.0, 1.0, 1.0, 1.0, 1.0, 1.0, 1.0, 1.0, 1.0, 1.0, 1.0, 1.0, 1.0, 1.0, 1.0, 1.0, 1.0, 1.0, 1.0, 1.0, 1.0, 1.0, 1.0]"
70fb9fcd,11,24,1,5.0,False,False,"[1, 1, 1]",11.799588746433798,,,,,,,,,,,6.933016448052215,,0.587564244571455,,,,1.5010738372802734,1.5010738372802734,False,,0.0,0.0,,,1.5128824710845947,2026-07-21 18:10:16,x86_64,dacsgpu0002,,64,64,3.11.15,0.21,False,False,adam,True,1,20,hamqaoa,0.005,44,False,False,hog,False,True,False,False,False,False,False,1,HOG_graphs/random_graphs_8to14vertices_78instances_20260625_143415_AdjacencyList.txt,False,0,32,1,5,1,,39,"[(2, 6), (4, 6), (4, 9), (0, 5), (1, 4), (0, 2), (0, 8), (1, 7), (5, 10), (6, 9), (4, 5), (4, 8), (7, 10), (8, 9), (0, 1), (1, 6), (0, 4), (2, 4), (2, 10), (4, 7), (0, 3), (1, 8), (1, 5), (6, 7)]","[1.0, 1.0, 1.0, 1.0, 1.0, 1.0, 1.0, 1.0, 1.0, 1.0, 1.0, 1.0, 1.0, 1.0, 1.0, 1.0, 1.0, 1.0, 1.0, 1.0, 1.0, 1.0, 1.0, 1.0]"
a3636886,11,18,1,25.0,False,False,"[1, 1, 1]",9.429890288066767,,,,,,,,,,,5.999203919139263,,0.6361902138703638,,,,2.287858486175537,2.287858486175537,False,,0.0,0.0,,,2.294736623764038,2026-07-21 18:10:16,x86_64,dacsgpu0002,,64,64,3.11.15,0.21,False,False,adam,True,1,20,hamqaoa,0.005,44,False,False,hog,False,True,False,False,False,False,False,1,HOG_graphs/random_graphs_8to14vertices_78instances_20260625_143415_AdjacencyList.txt,False,0,32,1,5,1,,38,"[(3, 9), (1, 3), (0, 1), (9, 10), (1, 6), (0, 4), (5, 8), (1, 10), (7, 9), (0, 3), (0, 6), (4, 5), (3, 7), (0, 5), (1, 4), (0, 2), (0, 8), (1, 7)]","[1.0, 1.0, 1.0, 1.0, 1.0, 1.0, 1.0, 1.0, 1.0, 1.0, 1.0, 1.0, 1.0, 1.0, 1.0, 1.0, 1.0, 1.0]"
f8271d91,11,24,1,10.0,False,False,"[1, 1, 1]",11.799588746433798,,,,,,,,,,,6.320814474029863,,0.5356809131115022,,,,1.817319393157959,1.817319393157959,False,,0.0,0.0,,,1.825709581375122,2026-07-21 18:10:17,x86_64,dacsgpu0002,,64,64,3.11.15,0.21,False,False,adam,True,1,20,hamqaoa,0.005,44,False,False,hog,False,True,False,False,False,False,False,1,HOG_graphs/random_graphs_8to14vertices_78instances_20260625_143415_AdjacencyList.txt,False,0,32,1,5,1,,39,"[(2, 6), (4, 6), (4, 9), (0, 5), (1, 4), (0, 2), (0, 8), (1, 7), (5, 10), (6, 9), (4, 5), (4, 8), (7, 10), (8, 9), (0, 1), (1, 6), (0, 4), (2, 4), (2, 10), (4, 7), (0, 3), (1, 8), (1, 5), (6, 7)]","[1.0, 1.0, 1.0, 1.0, 1.0, 1.0, 1.0, 1.0, 1.0, 1.0, 1.0, 1.0, 1.0, 1.0, 1.0, 1.0, 1.0, 1.0, 1.0, 1.0, 1.0, 1.0, 1.0, 1.0]"
0207f451,11,22,1,50.0,False,False,"[1, 1, 1]",11.845835456182591,,,,,,,,,,,6.835616751023703,,0.5770480922437641,,,,3.58716082572937,3.58716082572937,False,,0.0,0.0,,,3.60383677482605,2026-07-21 18:10:17,x86_64,dacsgpu0002,,64,64,3.11.15,0.21,False,False,adam,True,1,20,hamqaoa,0.005,44,False,False,hog,False,True,False,False,False,False,False,1,HOG_graphs/random_graphs_8to14vertices_78instances_20260625_143415_AdjacencyList.txt,False,0,32,1,5,1,,37,"[(2, 3), (0, 5), (8, 10), (1, 10), (6, 9), (3, 4), (2, 8), (4, 5), (2, 5), (4, 8), (7, 10), (1, 3), (9, 10), (1, 6), (0, 4), (0, 7), (6, 8), (3, 9), (2, 7), (7, 9), (0, 6), (1, 5)]","[1.0, 1.0, 1.0, 1.0, 1.0, 1.0, 1.0, 1.0, 1.0, 1.0, 1.0, 1.0, 1.0, 1.0, 1.0, 1.0, 1.0, 1.0, 1.0, 1.0, 1.0, 1.0]"
2571dc94,11,18,2,5.0,False,False,"[1, 1, 1]",9.429890288066767,,,,,,,,,,,5.915196790318,,0.6272816130006833,,,,3.2328124046325684,3.2328124046325684,False,,0.0,0.0,,,3.238966941833496,2026-07-21 18:10:17,x86_64,dacsgpu0002,,64,64,3.11.15,0.21,False,False,adam,True,1,20,hamqaoa,0.005,44,False,False,hog,False,True,False,False,False,False,False,1,HOG_graphs/random_graphs_8to14vertices_78instances_20260625_143415_AdjacencyList.txt,False,0,32,1,5,1,,38,"[(3, 9), (1, 3), (0, 1), (9, 10), (1, 6), (0, 4), (5, 8), (1, 10), (7, 9), (0, 3), (0, 6), (4, 5), (3, 7), (0, 5), (1, 4), (0, 2), (0, 8), (1, 7)]","[1.0, 1.0, 1.0, 1.0, 1.0, 1.0, 1.0, 1.0, 1.0, 1.0, 1.0, 1.0, 1.0, 1.0, 1.0, 1.0, 1.0, 1.0]"
d705d8b1,11,22,1,5.0,False,False,"[1, 1, 1]",11.400436437426087,,,,,,,,,,,5.716641960614275,,0.5014406239613174,,,,1.4935798645019531,1.4935798645019531,False,,0.0,0.0,,,1.501887321472168,2026-07-21 18:10:17,x86_64,dacsgpu0002,,64,64,3.11.15,0.2,False,False,adam,True,1,20,hamqaoa,0.005,44,False,False,hog,False,True,False,False,False,False,False,1,HOG_graphs/random_graphs_8to14vertices_78instances_20260625_143415_AdjacencyList.txt,False,0,32,1,5,1,,40,"[(3, 5), (2, 9), (4, 6), (7, 8), (0, 5), (8, 10), (1, 10), (0, 8), (5, 7), (3, 4), (4, 5), (8, 9), (0, 1), (9, 10), (1, 6), (0, 10), (6, 8), (2, 4), (7, 9), (1, 2), (0, 9), (6, 7)]","[1.0, 1.0, 1.0, 1.0, 1.0, 1.0, 1.0, 1.0, 1.0, 1.0, 1.0, 1.0, 1.0, 1.0, 1.0, 1.0, 1.0, 1.0, 1.0, 1.0, 1.0, 1.0]"
9d2cbdf1,11,18,2,10.0,False,False,"[1, 1, 1]",9.429890288066767,,,,,,,,,,,5.733652823080513,,0.6080296427558942,,,,3.9122021198272705,3.9122021198272705,False,,0.0,0.0,,,3.919267416000366,2026-07-21 18:10:18,x86_64,dacsgpu0002,,64,64,3.11.15,0.21,False,False,adam,True,1,20,hamqaoa,0.005,44,False,False,hog,False,True,False,False,False,False,False,1,HOG_graphs/random_graphs_8to14vertices_78instances_20260625_143415_AdjacencyList.txt,False,0,32,1,5,1,,38,"[(3, 9), (1, 3), (0, 1), (9, 10), (1, 6), (0, 4), (5, 8), (1, 10), (7, 9), (0, 3), (0, 6), (4, 5), (3, 7), (0, 5), (1, 4), (0, 2), (0, 8), (1, 7)]","[1.0, 1.0, 1.0, 1.0, 1.0, 1.0, 1.0, 1.0, 1.0, 1.0, 1.0, 1.0, 1.0, 1.0, 1.0, 1.0, 1.0, 1.0]"
8e50447e,11,18,1,50.0,False,False,"[1, 1, 1]",9.429890288066767,,,,,,,,,,,5.804972534263217,,0.6155927966213169,,,,3.490874767303467,3.490874767303467,False,,0.0,0.0,,,3.498107671737671,2026-07-21 18:10:18,x86_64,dacsgpu0002,,64,64,3.11.15,0.2,False,False,adam,True,1,20,hamqaoa,0.005,44,False,False,hog,False,True,False,False,False,False,False,1,HOG_graphs/random_graphs_8to14vertices_78instances_20260625_143415_AdjacencyList.txt,False,0,32,1,5,1,,38,"[(3, 9), (1, 3), (0, 1), (9, 10), (1, 6), (0, 4), (5, 8), (1, 10), (7, 9), (0, 3), (0, 6), (4, 5), (3, 7), (0, 5), (1, 4), (0, 2), (0, 8), (1, 7)]","[1.0, 1.0, 1.0, 1.0, 1.0, 1.0, 1.0, 1.0, 1.0, 1.0, 1.0, 1.0, 1.0, 1.0, 1.0, 1.0, 1.0, 1.0]"
5722f50e,11,24,1,25.0,False,False,"[1, 1, 1]",11.799588746433798,,,,,,,,,,,8.285898642222275,,0.7022192739324521,,,,2.631686210632324,2.631686210632324,False,,0.0,0.0,,,2.6380486488342285,2026-07-21 18:10:18,x86_64,dacsgpu0002,,64,64,3.11.15,0.21,False,False,adam,True,1,20,hamqaoa,0.005,44,False,False,hog,False,True,False,False,False,False,False,1,HOG_graphs/random_graphs_8to14vertices_78instances_20260625_143415_AdjacencyList.txt,False,0,32,1,5,1,,39,"[(2, 6), (4, 6), (4, 9), (0, 5), (1, 4), (0, 2), (0, 8), (1, 7), (5, 10), (6, 9), (4, 5), (4, 8), (7, 10), (8, 9), (0, 1), (1, 6), (0, 4), (2, 4), (2, 10), (4, 7), (0, 3), (1, 8), (1, 5), (6, 7)]","[1.0, 1.0, 1.0, 1.0, 1.0, 1.0, 1.0, 1.0, 1.0, 1.0, 1.0, 1.0, 1.0, 1.0, 1.0, 1.0, 1.0, 1.0, 1.0, 1.0, 1.0, 1.0, 1.0, 1.0]"
661ee44b,11,22,1,10.0,False,False,"[1, 1, 1]",11.400436437426087,,,,,,,,,,,5.744272634912235,,0.503864274533786,,,,1.7967307567596436,1.7967307567596436,False,,0.0,0.0,,,1.8066039085388184,2026-07-21 18:10:18,x86_64,dacsgpu0002,,64,64,3.11.15,0.21,False,False,adam,True,1,20,hamqaoa,0.005,44,False,False,hog,False,True,False,False,False,False,False,1,HOG_graphs/random_graphs_8to14vertices_78instances_20260625_143415_AdjacencyList.txt,False,0,32,1,5,1,,40,"[(3, 5), (2, 9), (4, 6), (7, 8), (0, 5), (8, 10), (1, 10), (0, 8), (5, 7), (3, 4), (4, 5), (8, 9), (0, 1), (9, 10), (1, 6), (0, 10), (6, 8), (2, 4), (7, 9), (1, 2), (0, 9), (6, 7)]","[1.0, 1.0, 1.0, 1.0, 1.0, 1.0, 1.0, 1.0, 1.0, 1.0, 1.0, 1.0, 1.0, 1.0, 1.0, 1.0, 1.0, 1.0, 1.0, 1.0, 1.0, 1.0]"
779d3244,11,24,2,5.0,False,False,"[1, 1, 1]",11.799588746433798,,,,,,,,,,,6.550423749547432,,0.5551400044791538,,,,3.771777629852295,3.771777629852295,False,,0.0,0.0,,,3.779337167739868,2026-07-21 18:10:18,x86_64,dacsgpu0002,,64,64,3.11.15,0.21,False,False,adam,True,1,20,hamqaoa,0.005,44,False,False,hog,False,True,False,False,False,False,False,1,HOG_graphs/random_graphs_8to14vertices_78instances_20260625_143415_AdjacencyList.txt,False,0,32,1,5,1,,39,"[(2, 6), (4, 6), (4, 9), (0, 5), (1, 4), (0, 2), (0, 8), (1, 7), (5, 10), (6, 9), (4, 5), (4, 8), (7, 10), (8, 9), (0, 1), (1, 6), (0, 4), (2, 4), (2, 10), (4, 7), (0, 3), (1, 8), (1, 5), (6, 7)]","[1.0, 1.0, 1.0, 1.0, 1.0, 1.0, 1.0, 1.0, 1.0, 1.0, 1.0, 1.0, 1.0, 1.0, 1.0, 1.0, 1.0, 1.0, 1.0, 1.0, 1.0, 1.0, 1.0, 1.0]"
03bdc664,11,22,1,5.0,False,False,"[1, 1, 1]",11.317674756174846,,,,,,,,,,,6.090828948695806,,0.5381696399583042,,,,1.4054439067840576,1.4054439067840576,False,,0.0,0.0,,,1.4160096645355225,2026-07-21 18:10:18,x86_64,dacsgpu0002,,64,64,3.11.15,0.2,False,False,adam,True,1,20,hamqaoa,0.005,44,False,False,hog,False,True,False,False,False,False,False,1,HOG_graphs/random_graphs_8to14vertices_78instances_20260625_143415_AdjacencyList.txt,False,0,32,1,5,1,,41,"[(2, 3), (3, 5), (2, 9), (4, 6), (4, 9), (7, 8), (8, 10), (1, 4), (0, 2), (5, 10), (5, 7), (3, 4), (7, 10), (8, 9), (1, 3), (9, 10), (0, 4), (6, 8), (5, 6), (2, 10), (7, 9), (6, 7)]","[1.0, 1.0, 1.0, 1.0, 1.0, 1.0, 1.0, 1.0, 1.0, 1.0, 1.0, 1.0, 1.0, 1.0, 1.0, 1.0, 1.0, 1.0, 1.0, 1.0, 1.0, 1.0]"
088dcbfb,11,22,1,25.0,False,False,"[1, 1, 1]",11.400436437426087,,,,,,,,,,,7.867754612207959,,0.6901274925211799,,,,2.3960750102996826,2.3960750102996826,False,,0.0,0.0,,,2.4046478271484375,2026-07-21 18:10:19,x86_64,dacsgpu0002,,64,64,3.11.15,0.21,False,False,adam,True,1,20,hamqaoa,0.005,44,False,False,hog,False,True,False,False,False,False,False,1,HOG_graphs/random_graphs_8to14vertices_78instances_20260625_143415_AdjacencyList.txt,False,0,32,1,5,1,,40,"[(3, 5), (2, 9), (4, 6), (7, 8), (0, 5), (8, 10), (1, 10), (0, 8), (5, 7), (3, 4), (4, 5), (8, 9), (0, 1), (9, 10), (1, 6), (0, 10), (6, 8), (2, 4), (7, 9), (1, 2), (0, 9), (6, 7)]","[1.0, 1.0, 1.0, 1.0, 1.0, 1.0, 1.0, 1.0, 1.0, 1.0, 1.0, 1.0, 1.0, 1.0, 1.0, 1.0, 1.0, 1.0, 1.0, 1.0, 1.0, 1.0]"
cc17d129,11,34,2,50.0,False,False,"[1, 1, 1]",14.24851682406329,,,,,,,,,,,10.023205490043301,,0.7034560588871843,,,,11.772895336151123,11.772895336151123,False,,0.0,0.0,,,11.778995275497437,2026-07-21 18:10:19,x86_64,dacsgpu0002,,64,64,3.11.15,0.21,False,False,adam,True,1,20,hamqaoa,0.005,44,False,False,hog,False,True,False,False,False,False,False,1,HOG_graphs/random_graphs_8to14vertices_78instances_20260625_143415_AdjacencyList.txt,False,0,32,1,5,1,,36,"[(2, 3), (4, 6), (8, 10), (1, 4), (1, 10), (1, 7), (5, 10), (5, 7), (3, 4), (2, 8), (3, 7), (2, 5), (4, 8), (7, 10), (8, 9), (1, 3), (9, 10), (1, 6), (0, 4), (0, 10), (1, 9), (0, 7), (6, 8), (5, 9), (2, 4), (3, 9), (2, 7), (4, 10), (4, 7), (1, 2), (1, 8), (6, 10), (5, 8), (6, 7)]","[1.0, 1.0, 1.0, 1.0, 1.0, 1.0, 1.0, 1.0, 1.0, 1.0, 1.0, 1.0, 1.0, 1.0, 1.0, 1.0, 1.0, 1.0, 1.0, 1.0, 1.0, 1.0, 1.0, 1.0, 1.0, 1.0, 1.0, 1.0, 1.0, 1.0, 1.0, 1.0, 1.0, 1.0]"
6faf06a0,11,22,1,10.0,False,False,"[1, 1, 1]",11.317674756174846,,,,,,,,,,,5.938755886418136,,0.5247328638047308,,,,1.7125611305236816,1.7125611305236816,False,,0.0,0.0,,,1.7189643383026123,2026-07-21 18:10:19,x86_64,dacsgpu0002,,64,64,3.11.15,0.2,False,False,adam,True,1,20,hamqaoa,0.005,44,False,False,hog,False,True,False,False,False,False,False,1,HOG_graphs/random_graphs_8to14vertices_78instances_20260625_143415_AdjacencyList.txt,False,0,32,1,5,1,,41,"[(2, 3), (3, 5), (2, 9), (4, 6), (4, 9), (7, 8), (8, 10), (1, 4), (0, 2), (5, 10), (5, 7), (3, 4), (7, 10), (8, 9), (1, 3), (9, 10), (0, 4), (6, 8), (5, 6), (2, 10), (7, 9), (6, 7)]","[1.0, 1.0, 1.0, 1.0, 1.0, 1.0, 1.0, 1.0, 1.0, 1.0, 1.0, 1.0, 1.0, 1.0, 1.0, 1.0, 1.0, 1.0, 1.0, 1.0, 1.0, 1.0]"
81fbe0b0,11,24,1,50.0,False,False,"[1, 1, 1]",11.799588746433798,,,,,,,,,,,6.708634444164159,,0.5685481577645422,,,,3.8351023197174072,3.8351023197174072,False,,0.0,0.0,,,3.842942953109741,2026-07-21 18:10:19,x86_64,dacsgpu0002,,64,64,3.11.15,0.21,False,False,adam,True,1,20,hamqaoa,0.005,44,False,False,hog,False,True,False,False,False,False,False,1,HOG_graphs/random_graphs_8to14vertices_78instances_20260625_143415_AdjacencyList.txt,False,0,32,1,5,1,,39,"[(2, 6), (4, 6), (4, 9), (0, 5), (1, 4), (0, 2), (0, 8), (1, 7), (5, 10), (6, 9), (4, 5), (4, 8), (7, 10), (8, 9), (0, 1), (1, 6), (0, 4), (2, 4), (2, 10), (4, 7), (0, 3), (1, 8), (1, 5), (6, 7)]","[1.0, 1.0, 1.0, 1.0, 1.0, 1.0, 1.0, 1.0, 1.0, 1.0, 1.0, 1.0, 1.0, 1.0, 1.0, 1.0, 1.0, 1.0, 1.0, 1.0, 1.0, 1.0, 1.0, 1.0]"
a8f3605d,11,24,2,10.0,False,False,"[1, 1, 1]",11.799588746433798,,,,,,,,,,,6.586408170452376,,0.5581896379603054,,,,4.501508712768555,4.501508712768555,False,,0.0,0.0,,,4.509617567062378,2026-07-21 18:10:19,x86_64,dacsgpu0002,,64,64,3.11.15,0.21,False,False,adam,True,1,20,hamqaoa,0.005,44,False,False,hog,False,True,False,False,False,False,False,1,HOG_graphs/random_graphs_8to14vertices_78instances_20260625_143415_AdjacencyList.txt,False,0,32,1,5,1,,39,"[(2, 6), (4, 6), (4, 9), (0, 5), (1, 4), (0, 2), (0, 8), (1, 7), (5, 10), (6, 9), (4, 5), (4, 8), (7, 10), (8, 9), (0, 1), (1, 6), (0, 4), (2, 4), (2, 10), (4, 7), (0, 3), (1, 8), (1, 5), (6, 7)]","[1.0, 1.0, 1.0, 1.0, 1.0, 1.0, 1.0, 1.0, 1.0, 1.0, 1.0, 1.0, 1.0, 1.0, 1.0, 1.0, 1.0, 1.0, 1.0, 1.0, 1.0, 1.0, 1.0, 1.0]"
b1997db6,11,22,2,5.0,False,False,"[1, 1, 1]",11.400436437426087,,,,,,,,,,,5.994221929991068,,0.5257888119364317,,,,3.5490684509277344,3.5490684509277344,False,,0.0,0.0,,,3.559934616088867,2026-07-21 18:10:19,x86_64,dacsgpu0002,,64,64,3.11.15,0.21,False,False,adam,True,1,20,hamqaoa,0.005,44,False,False,hog,False,True,False,False,False,False,False,1,HOG_graphs/random_graphs_8to14vertices_78instances_20260625_143415_AdjacencyList.txt,False,0,32,1,5,1,,40,"[(3, 5), (2, 9), (4, 6), (7, 8), (0, 5), (8, 10), (1, 10), (0, 8), (5, 7), (3, 4), (4, 5), (8, 9), (0, 1), (9, 10), (1, 6), (0, 10), (6, 8), (2, 4), (7, 9), (1, 2), (0, 9), (6, 7)]","[1.0, 1.0, 1.0, 1.0, 1.0, 1.0, 1.0, 1.0, 1.0, 1.0, 1.0, 1.0, 1.0, 1.0, 1.0, 1.0, 1.0, 1.0, 1.0, 1.0, 1.0, 1.0]"
eda4e4bc,11,18,2,25.0,False,False,"[1, 1, 1]",9.429890288066767,,,,,,,,,,,6.553406729131596,,0.6949610789666056,,,,5.775383472442627,5.775383472442627,False,,0.0,0.0,,,5.7813005447387695,2026-07-21 18:10:20,x86_64,dacsgpu0002,,64,64,3.11.15,0.21,False,False,adam,True,1,20,hamqaoa,0.005,44,False,False,hog,False,True,False,False,False,False,False,1,HOG_graphs/random_graphs_8to14vertices_78instances_20260625_143415_AdjacencyList.txt,False,0,32,1,5,1,,38,"[(3, 9), (1, 3), (0, 1), (9, 10), (1, 6), (0, 4), (5, 8), (1, 10), (7, 9), (0, 3), (0, 6), (4, 5), (3, 7), (0, 5), (1, 4), (0, 2), (0, 8), (1, 7)]","[1.0, 1.0, 1.0, 1.0, 1.0, 1.0, 1.0, 1.0, 1.0, 1.0, 1.0, 1.0, 1.0, 1.0, 1.0, 1.0, 1.0, 1.0]"
c6cc28d9,11,33,1,5.0,False,False,"[1, 1, 1]",13.965647609088416,,,,,,,,,,,8.87323930328336,,0.6353618214961207,,,,1.6295366287231445,1.6295366287231445,False,,0.0,0.0,,,1.6364023685455322,2026-07-21 18:10:20,x86_64,dacsgpu0002,,64,64,3.11.15,0.21,False,False,adam,True,1,20,hamqaoa,0.005,44,False,False,hog,False,True,False,False,False,False,False,1,HOG_graphs/random_graphs_8to14vertices_78instances_20260625_143415_AdjacencyList.txt,False,0,32,1,5,1,,42,"[(2, 3), (3, 5), (4, 6), (7, 8), (8, 10), (1, 4), (1, 10), (0, 2), (0, 8), (6, 9), (5, 7), (3, 4), (3, 7), (4, 8), (8, 9), (1, 3), (0, 1), (9, 10), (0, 10), (1, 9), (0, 7), (6, 8), (5, 6), (5, 9), (3, 6), (2, 4), (2, 10), (2, 7), (4, 7), (0, 3), (1, 2), (5, 8), (6, 7)]","[1.0, 1.0, 1.0, 1.0, 1.0, 1.0, 1.0, 1.0, 1.0, 1.0, 1.0, 1.0, 1.0, 1.0, 1.0, 1.0, 1.0, 1.0, 1.0, 1.0, 1.0, 1.0, 1.0, 1.0, 1.0, 1.0, 1.0, 1.0, 1.0, 1.0, 1.0, 1.0, 1.0]"
33e85dce,11,22,1,25.0,False,False,"[1, 1, 1]",11.317674756174846,,,,,,,,,,,6.687337532036775,,0.5908755708312089,,,,2.3371238708496094,2.3371238708496094,False,,0.0,0.0,,,2.344607353210449,2026-07-21 18:10:20,x86_64,dacsgpu0002,,64,64,3.11.15,0.2,False,False,adam,True,1,20,hamqaoa,0.005,44,False,False,hog,False,True,False,False,False,False,False,1,HOG_graphs/random_graphs_8to14vertices_78instances_20260625_143415_AdjacencyList.txt,False,0,32,1,5,1,,41,"[(2, 3), (3, 5), (2, 9), (4, 6), (4, 9), (7, 8), (8, 10), (1, 4), (0, 2), (5, 10), (5, 7), (3, 4), (7, 10), (8, 9), (1, 3), (9, 10), (0, 4), (6, 8), (5, 6), (2, 10), (7, 9), (6, 7)]","[1.0, 1.0, 1.0, 1.0, 1.0, 1.0, 1.0, 1.0, 1.0, 1.0, 1.0, 1.0, 1.0, 1.0, 1.0, 1.0, 1.0, 1.0, 1.0, 1.0, 1.0, 1.0]"
6492b4ec,11,22,1,50.0,False,False,"[1, 1, 1]",11.400436437426087,,,,,,,,,,,7.54572621644257,,0.6618804690380952,,,,3.603222131729126,3.603222131729126,False,,0.0,0.0,,,3.611562728881836,2026-07-21 18:10:20,x86_64,dacsgpu0002,,64,64,3.11.15,0.21,False,False,adam,True,1,20,hamqaoa,0.005,44,False,False,hog,False,True,False,False,False,False,False,1,HOG_graphs/random_graphs_8to14vertices_78instances_20260625_143415_AdjacencyList.txt,False,0,32,1,5,1,,40,"[(3, 5), (2, 9), (4, 6), (7, 8), (0, 5), (8, 10), (1, 10), (0, 8), (5, 7), (3, 4), (4, 5), (8, 9), (0, 1), (9, 10), (1, 6), (0, 10), (6, 8), (2, 4), (7, 9), (1, 2), (0, 9), (6, 7)]","[1.0, 1.0, 1.0, 1.0, 1.0, 1.0, 1.0, 1.0, 1.0, 1.0, 1.0, 1.0, 1.0, 1.0, 1.0, 1.0, 1.0, 1.0, 1.0, 1.0, 1.0, 1.0]"
760c9166,11,22,2,10.0,False,False,"[1, 1, 1]",11.400436437426087,,,,,,,,,,,6.567147266171598,,0.576043496423746,,,,4.287944316864014,4.287944316864014,False,,0.0,0.0,,,4.294950246810913,2026-07-21 18:10:20,x86_64,dacsgpu0002,,64,64,3.11.15,0.21,False,False,adam,True,1,20,hamqaoa,0.005,44,False,False,hog,False,True,False,False,False,False,False,1,HOG_graphs/random_graphs_8to14vertices_78instances_20260625_143415_AdjacencyList.txt,False,0,32,1,5,1,,40,"[(3, 5), (2, 9), (4, 6), (7, 8), (0, 5), (8, 10), (1, 10), (0, 8), (5, 7), (3, 4), (4, 5), (8, 9), (0, 1), (9, 10), (1, 6), (0, 10), (6, 8), (2, 4), (7, 9), (1, 2), (0, 9), (6, 7)]","[1.0, 1.0, 1.0, 1.0, 1.0, 1.0, 1.0, 1.0, 1.0, 1.0, 1.0, 1.0, 1.0, 1.0, 1.0, 1.0, 1.0, 1.0, 1.0, 1.0, 1.0, 1.0]"
5b4ae6d4,11,22,2,5.0,False,False,"[1, 1, 1]",11.317674756174846,,,,,,,,,,,6.7704434128374755,,0.5982185880667377,,,,3.471381187438965,3.471381187438965,False,,0.0,0.0,,,3.479304313659668,2026-07-21 18:10:21,x86_64,dacsgpu0002,,64,64,3.11.15,0.21,False,False,adam,True,1,20,hamqaoa,0.005,44,False,False,hog,False,True,False,False,False,False,False,1,HOG_graphs/random_graphs_8to14vertices_78instances_20260625_143415_AdjacencyList.txt,False,0,32,1,5,1,,41,"[(2, 3), (3, 5), (2, 9), (4, 6), (4, 9), (7, 8), (8, 10), (1, 4), (0, 2), (5, 10), (5, 7), (3, 4), (7, 10), (8, 9), (1, 3), (9, 10), (0, 4), (6, 8), (5, 6), (2, 10), (7, 9), (6, 7)]","[1.0, 1.0, 1.0, 1.0, 1.0, 1.0, 1.0, 1.0, 1.0, 1.0, 1.0, 1.0, 1.0, 1.0, 1.0, 1.0, 1.0, 1.0, 1.0, 1.0, 1.0, 1.0]"
4750b906,11,22,2,10.0,False,False,"[1, 1, 1]",11.317674756174846,,,,,,,,,,,6.881226451430922,,0.6080070862326709,,,,3.9104535579681396,3.9104535579681396,False,,0.0,0.0,,,3.917689800262451,2026-07-21 18:10:21,x86_64,dacsgpu0002,,64,64,3.11.15,0.21,False,False,adam,True,1,20,hamqaoa,0.005,44,False,False,hog,False,True,False,False,False,False,False,1,HOG_graphs/random_graphs_8to14vertices_78instances_20260625_143415_AdjacencyList.txt,False,0,32,1,5,1,,41,"[(2, 3), (3, 5), (2, 9), (4, 6), (4, 9), (7, 8), (8, 10), (1, 4), (0, 2), (5, 10), (5, 7), (3, 4), (7, 10), (8, 9), (1, 3), (9, 10), (0, 4), (6, 8), (5, 6), (2, 10), (7, 9), (6, 7)]","[1.0, 1.0, 1.0, 1.0, 1.0, 1.0, 1.0, 1.0, 1.0, 1.0, 1.0, 1.0, 1.0, 1.0, 1.0, 1.0, 1.0, 1.0, 1.0, 1.0, 1.0, 1.0]"
72b666ac,11,24,2,25.0,False,False,"[1, 1, 1]",11.799588746433798,,,,,,,,,,,7.219746933019396,,0.6118642851176849,,,,6.403185606002808,6.403185606002808,False,,0.0,0.0,,,6.410327196121216,2026-07-21 18:10:22,x86_64,dacsgpu0002,,64,64,3.11.15,0.21,False,False,adam,True,1,20,hamqaoa,0.005,44,False,False,hog,False,True,False,False,False,False,False,1,HOG_graphs/random_graphs_8to14vertices_78instances_20260625_143415_AdjacencyList.txt,False,0,32,1,5,1,,39,"[(2, 6), (4, 6), (4, 9), (0, 5), (1, 4), (0, 2), (0, 8), (1, 7), (5, 10), (6, 9), (4, 5), (4, 8), (7, 10), (8, 9), (0, 1), (1, 6), (0, 4), (2, 4), (2, 10), (4, 7), (0, 3), (1, 8), (1, 5), (6, 7)]","[1.0, 1.0, 1.0, 1.0, 1.0, 1.0, 1.0, 1.0, 1.0, 1.0, 1.0, 1.0, 1.0, 1.0, 1.0, 1.0, 1.0, 1.0, 1.0, 1.0, 1.0, 1.0, 1.0, 1.0]"
83d08cde,11,22,1,50.0,False,False,"[1, 1, 1]",11.317674756174846,,,,,,,,,,,5.945163374012198,,0.5252990125704539,,,,3.4163124561309814,3.4163124561309814,False,,0.0,0.0,,,3.423124313354492,2026-07-21 18:10:22,x86_64,dacsgpu0002,,64,64,3.11.15,0.21,False,False,adam,True,1,20,hamqaoa,0.005,44,False,False,hog,False,True,False,False,False,False,False,1,HOG_graphs/random_graphs_8to14vertices_78instances_20260625_143415_AdjacencyList.txt,False,0,32,1,5,1,,41,"[(2, 3), (3, 5), (2, 9), (4, 6), (4, 9), (7, 8), (8, 10), (1, 4), (0, 2), (5, 10), (5, 7), (3, 4), (7, 10), (8, 9), (1, 3), (9, 10), (0, 4), (6, 8), (5, 6), (2, 10), (7, 9), (6, 7)]","[1.0, 1.0, 1.0, 1.0, 1.0, 1.0, 1.0, 1.0, 1.0, 1.0, 1.0, 1.0, 1.0, 1.0, 1.0, 1.0, 1.0, 1.0, 1.0, 1.0, 1.0, 1.0]"
81f8d2da,11,22,2,25.0,False,False,"[1, 1, 1]",11.400436437426087,,,,,,,,,,,6.793766320983404,,0.5959215998679129,,,,5.810585975646973,5.810585975646973,False,,0.0,0.0,,,5.820855617523193,2026-07-21 18:10:22,x86_64,dacsgpu0002,,64,64,3.11.15,0.21,False,False,adam,True,1,20,hamqaoa,0.005,44,False,False,hog,False,True,False,False,False,False,False,1,HOG_graphs/random_graphs_8to14vertices_78instances_20260625_143415_AdjacencyList.txt,False,0,32,1,5,1,,40,"[(3, 5), (2, 9), (4, 6), (7, 8), (0, 5), (8, 10), (1, 10), (0, 8), (5, 7), (3, 4), (4, 5), (8, 9), (0, 1), (9, 10), (1, 6), (0, 10), (6, 8), (2, 4), (7, 9), (1, 2), (0, 9), (6, 7)]","[1.0, 1.0, 1.0, 1.0, 1.0, 1.0, 1.0, 1.0, 1.0, 1.0, 1.0, 1.0, 1.0, 1.0, 1.0, 1.0, 1.0, 1.0, 1.0, 1.0, 1.0, 1.0]"
1597c7a1,11,22,2,50.0,False,False,"[1, 1, 1]",11.845835456182591,,,,,,,,,,,7.4344278050033985,,0.6275984359653767,,,,9.151408672332764,9.151408672332764,False,,0.0,0.0,,,9.158390760421753,2026-07-21 18:10:22,x86_64,dacsgpu0002,,64,64,3.11.15,0.22,False,False,adam,True,1,20,hamqaoa,0.005,44,False,False,hog,False,True,False,False,False,False,False,1,HOG_graphs/random_graphs_8to14vertices_78instances_20260625_143415_AdjacencyList.txt,False,0,32,1,5,1,,37,"[(2, 3), (0, 5), (8, 10), (1, 10), (6, 9), (3, 4), (2, 8), (4, 5), (2, 5), (4, 8), (7, 10), (1, 3), (9, 10), (1, 6), (0, 4), (0, 7), (6, 8), (3, 9), (2, 7), (7, 9), (0, 6), (1, 5)]","[1.0, 1.0, 1.0, 1.0, 1.0, 1.0, 1.0, 1.0, 1.0, 1.0, 1.0, 1.0, 1.0, 1.0, 1.0, 1.0, 1.0, 1.0, 1.0, 1.0, 1.0, 1.0]"
fba27684,11,18,2,50.0,False,False,"[1, 1, 1]",9.429890288066767,,,,,,,,,,,7.175453476678989,,0.7609265068289609,,,,8.270748853683472,8.270748853683472,False,,0.0,0.0,,,8.276794910430908,2026-07-21 18:10:23,x86_64,dacsgpu0002,,64,64,3.11.15,0.21,False,False,adam,True,1,20,hamqaoa,0.005,44,False,False,hog,False,True,False,False,False,False,False,1,HOG_graphs/random_graphs_8to14vertices_78instances_20260625_143415_AdjacencyList.txt,False,0,32,1,5,1,,38,"[(3, 9), (1, 3), (0, 1), (9, 10), (1, 6), (0, 4), (5, 8), (1, 10), (7, 9), (0, 3), (0, 6), (4, 5), (3, 7), (0, 5), (1, 4), (0, 2), (0, 8), (1, 7)]","[1.0, 1.0, 1.0, 1.0, 1.0, 1.0, 1.0, 1.0, 1.0, 1.0, 1.0, 1.0, 1.0, 1.0, 1.0, 1.0, 1.0, 1.0]"
9937fe49,11,22,2,25.0,False,False,"[1, 1, 1]",11.317674756174846,,,,,,,,,,,7.108028980737429,,0.6280467617130752,,,,5.4971373081207275,5.4971373081207275,False,,0.0,0.0,,,5.503830432891846,2026-07-21 18:10:23,x86_64,dacsgpu0002,,64,64,3.11.15,0.21,False,False,adam,True,1,20,hamqaoa,0.005,44,False,False,hog,False,True,False,False,False,False,False,1,HOG_graphs/random_graphs_8to14vertices_78instances_20260625_143415_AdjacencyList.txt,False,0,32,1,5,1,,41,"[(2, 3), (3, 5), (2, 9), (4, 6), (4, 9), (7, 8), (8, 10), (1, 4), (0, 2), (5, 10), (5, 7), (3, 4), (7, 10), (8, 9), (1, 3), (9, 10), (0, 4), (6, 8), (5, 6), (2, 10), (7, 9), (6, 7)]","[1.0, 1.0, 1.0, 1.0, 1.0, 1.0, 1.0, 1.0, 1.0, 1.0, 1.0, 1.0, 1.0, 1.0, 1.0, 1.0, 1.0, 1.0, 1.0, 1.0, 1.0, 1.0]"
d58c578d,11,24,2,50.0,False,False,"[1, 1, 1]",11.799588746433798,,,,,,,,,,,8.085057725838059,,0.6851982640735351,,,,9.321350574493408,9.321350574493408,False,,0.0,0.0,,,9.329401731491089,2026-07-21 18:10:25,x86_64,dacsgpu0002,,64,64,3.11.15,0.21,False,False,adam,True,1,20,hamqaoa,0.005,44,False,False,hog,False,True,False,False,False,False,False,1,HOG_graphs/random_graphs_8to14vertices_78instances_20260625_143415_AdjacencyList.txt,False,0,32,1,5,1,,39,"[(2, 6), (4, 6), (4, 9), (0, 5), (1, 4), (0, 2), (0, 8), (1, 7), (5, 10), (6, 9), (4, 5), (4, 8), (7, 10), (8, 9), (0, 1), (1, 6), (0, 4), (2, 4), (2, 10), (4, 7), (0, 3), (1, 8), (1, 5), (6, 7)]","[1.0, 1.0, 1.0, 1.0, 1.0, 1.0, 1.0, 1.0, 1.0, 1.0, 1.0, 1.0, 1.0, 1.0, 1.0, 1.0, 1.0, 1.0, 1.0, 1.0, 1.0, 1.0, 1.0, 1.0]"
bcd8e240,11,33,1,10.0,False,False,"[1, 1, 1]",13.965647609088416,,,,,,,,,,,9.367681020627332,,0.6707659596488122,,,,1.90751314163208,1.90751314163208,False,,0.0,0.0,,,1.9133121967315674,2026-07-21 18:10:25,x86_64,dacsgpu0002,,64,64,3.11.15,0.21,False,False,adam,True,1,20,hamqaoa,0.005,44,False,False,hog,False,True,False,False,False,False,False,1,HOG_graphs/random_graphs_8to14vertices_78instances_20260625_143415_AdjacencyList.txt,False,0,32,1,5,1,,42,"[(2, 3), (3, 5), (4, 6), (7, 8), (8, 10), (1, 4), (1, 10), (0, 2), (0, 8), (6, 9), (5, 7), (3, 4), (3, 7), (4, 8), (8, 9), (1, 3), (0, 1), (9, 10), (0, 10), (1, 9), (0, 7), (6, 8), (5, 6), (5, 9), (3, 6), (2, 4), (2, 10), (2, 7), (4, 7), (0, 3), (1, 2), (5, 8), (6, 7)]","[1.0, 1.0, 1.0, 1.0, 1.0, 1.0, 1.0, 1.0, 1.0, 1.0, 1.0, 1.0, 1.0, 1.0, 1.0, 1.0, 1.0, 1.0, 1.0, 1.0, 1.0, 1.0, 1.0, 1.0, 1.0, 1.0, 1.0, 1.0, 1.0, 1.0, 1.0, 1.0, 1.0]"
ae4928a7,11,22,2,50.0,False,False,"[1, 1, 1]",11.400436437426087,,,,,,,,,,,7.30081899038783,,0.6403982014600977,,,,8.751412153244019,8.751412153244019,False,,0.0,0.0,,,8.760474443435669,2026-07-21 18:10:26,x86_64,dacsgpu0002,,64,64,3.11.15,0.21,False,False,adam,True,1,20,hamqaoa,0.005,44,False,False,hog,False,True,False,False,False,False,False,1,HOG_graphs/random_graphs_8to14vertices_78instances_20260625_143415_AdjacencyList.txt,False,0,32,1,5,1,,40,"[(3, 5), (2, 9), (4, 6), (7, 8), (0, 5), (8, 10), (1, 10), (0, 8), (5, 7), (3, 4), (4, 5), (8, 9), (0, 1), (9, 10), (1, 6), (0, 10), (6, 8), (2, 4), (7, 9), (1, 2), (0, 9), (6, 7)]","[1.0, 1.0, 1.0, 1.0, 1.0, 1.0, 1.0, 1.0, 1.0, 1.0, 1.0, 1.0, 1.0, 1.0, 1.0, 1.0, 1.0, 1.0, 1.0, 1.0, 1.0, 1.0]"
2f2cb443,11,33,1,5.0,False,False,"[1, 1, 1]",14.27146488133341,,,,,,,,,,,8.999951332243066,,0.6306256160161033,,,,1.6725096702575684,1.6725096702575684,False,,0.0,0.0,,,1.679164171218872,2026-07-21 18:10:26,x86_64,dacsgpu0002,,64,64,3.11.15,0.2,False,False,adam,True,1,20,hamqaoa,0.005,44,False,False,hog,False,True,False,False,False,False,False,1,HOG_graphs/random_graphs_8to14vertices_78instances_20260625_143415_AdjacencyList.txt,False,0,32,1,5,1,,43,"[(3, 8), (2, 6), (2, 9), (4, 9), (7, 8), (0, 5), (0, 2), (1, 10), (6, 9), (4, 5), (3, 10), (7, 10), (8, 9), (1, 3), (9, 10), (1, 6), (0, 10), (1, 9), (6, 8), (5, 6), (3, 6), (2, 10), (3, 9), (2, 7), (4, 7), (7, 9), (0, 3), (1, 2), (1, 8), (0, 6), (1, 5), (0, 9), (5, 8)]","[1.0, 1.0, 1.0, 1.0, 1.0, 1.0, 1.0, 1.0, 1.0, 1.0, 1.0, 1.0, 1.0, 1.0, 1.0, 1.0, 1.0, 1.0, 1.0, 1.0, 1.0, 1.0, 1.0, 1.0, 1.0, 1.0, 1.0, 1.0, 1.0, 1.0, 1.0, 1.0, 1.0]"
c19b8593,11,33,1,25.0,False,False,"[1, 1, 1]",13.965647609088416,,,,,,,,,,,9.857072098626197,,0.705808450458933,,,,2.7802696228027344,2.7802696228027344,False,,0.0,0.0,,,2.786832571029663,2026-07-21 18:10:26,x86_64,dacsgpu0002,,64,64,3.11.15,0.21,False,False,adam,True,1,20,hamqaoa,0.005,44,False,False,hog,False,True,False,False,False,False,False,1,HOG_graphs/random_graphs_8to14vertices_78instances_20260625_143415_AdjacencyList.txt,False,0,32,1,5,1,,42,"[(2, 3), (3, 5), (4, 6), (7, 8), (8, 10), (1, 4), (1, 10), (0, 2), (0, 8), (6, 9), (5, 7), (3, 4), (3, 7), (4, 8), (8, 9), (1, 3), (0, 1), (9, 10), (0, 10), (1, 9), (0, 7), (6, 8), (5, 6), (5, 9), (3, 6), (2, 4), (2, 10), (2, 7), (4, 7), (0, 3), (1, 2), (5, 8), (6, 7)]","[1.0, 1.0, 1.0, 1.0, 1.0, 1.0, 1.0, 1.0, 1.0, 1.0, 1.0, 1.0, 1.0, 1.0, 1.0, 1.0, 1.0, 1.0, 1.0, 1.0, 1.0, 1.0, 1.0, 1.0, 1.0, 1.0, 1.0, 1.0, 1.0, 1.0, 1.0, 1.0, 1.0]"
3cc74d02,11,33,1,10.0,False,False,"[1, 1, 1]",14.27146488133341,,,,,,,,,,,8.950143206418076,,0.6271355660290037,,,,1.9107112884521484,1.9107112884521484,False,,0.0,0.0,,,1.9194416999816895,2026-07-21 18:10:27,x86_64,dacsgpu0002,,64,64,3.11.15,0.2,False,False,adam,True,1,20,hamqaoa,0.005,44,False,False,hog,False,True,False,False,False,False,False,1,HOG_graphs/random_graphs_8to14vertices_78instances_20260625_143415_AdjacencyList.txt,False,0,32,1,5,1,,43,"[(3, 8), (2, 6), (2, 9), (4, 9), (7, 8), (0, 5), (0, 2), (1, 10), (6, 9), (4, 5), (3, 10), (7, 10), (8, 9), (1, 3), (9, 10), (1, 6), (0, 10), (1, 9), (6, 8), (5, 6), (3, 6), (2, 10), (3, 9), (2, 7), (4, 7), (7, 9), (0, 3), (1, 2), (1, 8), (0, 6), (1, 5), (0, 9), (5, 8)]","[1.0, 1.0, 1.0, 1.0, 1.0, 1.0, 1.0, 1.0, 1.0, 1.0, 1.0, 1.0, 1.0, 1.0, 1.0, 1.0, 1.0, 1.0, 1.0, 1.0, 1.0, 1.0, 1.0, 1.0, 1.0, 1.0, 1.0, 1.0, 1.0, 1.0, 1.0, 1.0, 1.0]"
e10ac43f,12,21,1,5.0,False,False,"[1, 1, 1]",10.90973972171772,,,,,,,,,,,6.155231683338889,,0.5641960157019913,,,,1.5012950897216797,1.5012950897216797,False,,0.0,0.0,,,1.508080244064331,2026-07-21 18:10:27,x86_64,dacsgpu0002,,64,64,3.11.15,0.21,False,False,adam,True,1,20,hamqaoa,0.005,44,False,False,hog,False,True,False,False,False,False,False,1,HOG_graphs/random_graphs_8to14vertices_78instances_20260625_143415_AdjacencyList.txt,False,0,32,1,5,1,,44,"[(3, 8), (3, 5), (1, 4), (0, 8), (0, 11), (5, 7), (2, 8), (2, 5), (9, 10), (1, 9), (5, 6), (6, 11), (3, 6), (2, 10), (2, 7), (0, 3), (10, 11), (1, 8), (1, 5), (6, 10), (5, 8)]","[1.0, 1.0, 1.0, 1.0, 1.0, 1.0, 1.0, 1.0, 1.0, 1.0, 1.0, 1.0, 1.0, 1.0, 1.0, 1.0, 1.0, 1.0, 1.0, 1.0, 1.0]"
2d5bdaf5,11,22,2,50.0,False,False,"[1, 1, 1]",11.317674756174846,,,,,,,,,,,8.301116412573855,,0.7334648319032867,,,,8.907604217529297,8.907604217529297,False,,0.0,0.0,,,8.915884494781494,2026-07-21 18:10:27,x86_64,dacsgpu0002,,64,64,3.11.15,0.22,False,False,adam,True,1,20,hamqaoa,0.005,44,False,False,hog,False,True,False,False,False,False,False,1,HOG_graphs/random_graphs_8to14vertices_78instances_20260625_143415_AdjacencyList.txt,False,0,32,1,5,1,,41,"[(2, 3), (3, 5), (2, 9), (4, 6), (4, 9), (7, 8), (8, 10), (1, 4), (0, 2), (5, 10), (5, 7), (3, 4), (7, 10), (8, 9), (1, 3), (9, 10), (0, 4), (6, 8), (5, 6), (2, 10), (7, 9), (6, 7)]","[1.0, 1.0, 1.0, 1.0, 1.0, 1.0, 1.0, 1.0, 1.0, 1.0, 1.0, 1.0, 1.0, 1.0, 1.0, 1.0, 1.0, 1.0, 1.0, 1.0, 1.0, 1.0]"
e4fc4e18,11,33,1,25.0,False,False,"[1, 1, 1]",14.27146488133341,,,,,,,,,,,8.868976665922125,,0.6214482353190277,,,,2.8093769550323486,2.8093769550323486,False,,0.0,0.0,,,2.8163113594055176,2026-07-21 18:10:28,x86_64,dacsgpu0002,,64,64,3.11.15,0.2,False,False,adam,True,1,20,hamqaoa,0.005,44,False,False,hog,False,True,False,False,False,False,False,1,HOG_graphs/random_graphs_8to14vertices_78instances_20260625_143415_AdjacencyList.txt,False,0,32,1,5,1,,43,"[(3, 8), (2, 6), (2, 9), (4, 9), (7, 8), (0, 5), (0, 2), (1, 10), (6, 9), (4, 5), (3, 10), (7, 10), (8, 9), (1, 3), (9, 10), (1, 6), (0, 10), (1, 9), (6, 8), (5, 6), (3, 6), (2, 10), (3, 9), (2, 7), (4, 7), (7, 9), (0, 3), (1, 2), (1, 8), (0, 6), (1, 5), (0, 9), (5, 8)]","[1.0, 1.0, 1.0, 1.0, 1.0, 1.0, 1.0, 1.0, 1.0, 1.0, 1.0, 1.0, 1.0, 1.0, 1.0, 1.0, 1.0, 1.0, 1.0, 1.0, 1.0, 1.0, 1.0, 1.0, 1.0, 1.0, 1.0, 1.0, 1.0, 1.0, 1.0, 1.0, 1.0]"
a61953ec,12,21,1,10.0,False,False,"[1, 1, 1]",10.90973972171772,,,,,,,,,,,5.879222307136697,,0.5388966608830356,,,,1.862501859664917,1.862501859664917,False,,0.0,0.0,,,1.8696441650390625,2026-07-21 18:10:28,x86_64,dacsgpu0002,,64,64,3.11.15,0.21,False,False,adam,True,1,20,hamqaoa,0.005,44,False,False,hog,False,True,False,False,False,False,False,1,HOG_graphs/random_graphs_8to14vertices_78instances_20260625_143415_AdjacencyList.txt,False,0,32,1,5,1,,44,"[(3, 8), (3, 5), (1, 4), (0, 8), (0, 11), (5, 7), (2, 8), (2, 5), (9, 10), (1, 9), (5, 6), (6, 11), (3, 6), (2, 10), (2, 7), (0, 3), (10, 11), (1, 8), (1, 5), (6, 10), (5, 8)]","[1.0, 1.0, 1.0, 1.0, 1.0, 1.0, 1.0, 1.0, 1.0, 1.0, 1.0, 1.0, 1.0, 1.0, 1.0, 1.0, 1.0, 1.0, 1.0, 1.0, 1.0]"
ba99b600,11,33,2,5.0,False,False,"[1, 1, 1]",13.965647609088416,,,,,,,,,,,8.758851756966466,,0.6271711847624218,,,,4.431725740432739,4.431725740432739,False,,0.0,0.0,,,4.439204931259155,2026-07-21 18:10:28,x86_64,dacsgpu0002,,64,64,3.11.15,0.21,False,False,adam,True,1,20,hamqaoa,0.005,44,False,False,hog,False,True,False,False,False,False,False,1,HOG_graphs/random_graphs_8to14vertices_78instances_20260625_143415_AdjacencyList.txt,False,0,32,1,5,1,,42,"[(2, 3), (3, 5), (4, 6), (7, 8), (8, 10), (1, 4), (1, 10), (0, 2), (0, 8), (6, 9), (5, 7), (3, 4), (3, 7), (4, 8), (8, 9), (1, 3), (0, 1), (9, 10), (0, 10), (1, 9), (0, 7), (6, 8), (5, 6), (5, 9), (3, 6), (2, 4), (2, 10), (2, 7), (4, 7), (0, 3), (1, 2), (5, 8), (6, 7)]","[1.0, 1.0, 1.0, 1.0, 1.0, 1.0, 1.0, 1.0, 1.0, 1.0, 1.0, 1.0, 1.0, 1.0, 1.0, 1.0, 1.0, 1.0, 1.0, 1.0, 1.0, 1.0, 1.0, 1.0, 1.0, 1.0, 1.0, 1.0, 1.0, 1.0, 1.0, 1.0, 1.0]"
e787d0fa,11,33,1,50.0,False,False,"[1, 1, 1]",13.965647609088416,,,,,,,,,,,9.001384193792305,,0.6445375428157359,,,,4.2715630531311035,4.2715630531311035,False,,0.0,0.0,,,4.278551340103149,2026-07-21 18:10:28,x86_64,dacsgpu0002,,64,64,3.11.15,0.21,False,False,adam,True,1,20,hamqaoa,0.005,44,False,False,hog,False,True,False,False,False,False,False,1,HOG_graphs/random_graphs_8to14vertices_78instances_20260625_143415_AdjacencyList.txt,False,0,32,1,5,1,,42,"[(2, 3), (3, 5), (4, 6), (7, 8), (8, 10), (1, 4), (1, 10), (0, 2), (0, 8), (6, 9), (5, 7), (3, 4), (3, 7), (4, 8), (8, 9), (1, 3), (0, 1), (9, 10), (0, 10), (1, 9), (0, 7), (6, 8), (5, 6), (5, 9), (3, 6), (2, 4), (2, 10), (2, 7), (4, 7), (0, 3), (1, 2), (5, 8), (6, 7)]","[1.0, 1.0, 1.0, 1.0, 1.0, 1.0, 1.0, 1.0, 1.0, 1.0, 1.0, 1.0, 1.0, 1.0, 1.0, 1.0, 1.0, 1.0, 1.0, 1.0, 1.0, 1.0, 1.0, 1.0, 1.0, 1.0, 1.0, 1.0, 1.0, 1.0, 1.0, 1.0, 1.0]"
c2fe6a4a,12,21,1,25.0,False,False,"[1, 1, 1]",10.90973972171772,,,,,,,,,,,5.704922812947671,,0.5229201574434482,,,,2.563971996307373,2.563971996307373,False,,0.0,0.0,,,2.5707242488861084,2026-07-21 18:10:28,x86_64,dacsgpu0002,,64,64,3.11.15,0.21,False,False,adam,True,1,20,hamqaoa,0.005,44,False,False,hog,False,True,False,False,False,False,False,1,HOG_graphs/random_graphs_8to14vertices_78instances_20260625_143415_AdjacencyList.txt,False,0,32,1,5,1,,44,"[(3, 8), (3, 5), (1, 4), (0, 8), (0, 11), (5, 7), (2, 8), (2, 5), (9, 10), (1, 9), (5, 6), (6, 11), (3, 6), (2, 10), (2, 7), (0, 3), (10, 11), (1, 8), (1, 5), (6, 10), (5, 8)]","[1.0, 1.0, 1.0, 1.0, 1.0, 1.0, 1.0, 1.0, 1.0, 1.0, 1.0, 1.0, 1.0, 1.0, 1.0, 1.0, 1.0, 1.0, 1.0, 1.0, 1.0]"
23f19c2d,11,33,2,10.0,False,False,"[1, 1, 1]",13.965647609088416,,,,,,,,,,,9.073089065079369,,0.6496719177687743,,,,5.237110376358032,5.237110376358032,False,,0.0,0.0,,,5.243177890777588,2026-07-21 18:10:29,x86_64,dacsgpu0002,,64,64,3.11.15,0.21,False,False,adam,True,1,20,hamqaoa,0.005,44,False,False,hog,False,True,False,False,False,False,False,1,HOG_graphs/random_graphs_8to14vertices_78instances_20260625_143415_AdjacencyList.txt,False,0,32,1,5,1,,42,"[(2, 3), (3, 5), (4, 6), (7, 8), (8, 10), (1, 4), (1, 10), (0, 2), (0, 8), (6, 9), (5, 7), (3, 4), (3, 7), (4, 8), (8, 9), (1, 3), (0, 1), (9, 10), (0, 10), (1, 9), (0, 7), (6, 8), (5, 6), (5, 9), (3, 6), (2, 4), (2, 10), (2, 7), (4, 7), (0, 3), (1, 2), (5, 8), (6, 7)]","[1.0, 1.0, 1.0, 1.0, 1.0, 1.0, 1.0, 1.0, 1.0, 1.0, 1.0, 1.0, 1.0, 1.0, 1.0, 1.0, 1.0, 1.0, 1.0, 1.0, 1.0, 1.0, 1.0, 1.0, 1.0, 1.0, 1.0, 1.0, 1.0, 1.0, 1.0, 1.0, 1.0]"
dce8b377,11,33,2,5.0,False,False,"[1, 1, 1]",14.27146488133341,,,,,,,,,,,9.003635810882745,,0.6308837870357089,,,,4.308152675628662,4.308152675628662,False,,0.0,0.0,,,4.315448760986328,2026-07-21 18:10:29,x86_64,dacsgpu0002,,64,64,3.11.15,0.21,False,False,adam,True,1,20,hamqaoa,0.005,44,False,False,hog,False,True,False,False,False,False,False,1,HOG_graphs/random_graphs_8to14vertices_78instances_20260625_143415_AdjacencyList.txt,False,0,32,1,5,1,,43,"[(3, 8), (2, 6), (2, 9), (4, 9), (7, 8), (0, 5), (0, 2), (1, 10), (6, 9), (4, 5), (3, 10), (7, 10), (8, 9), (1, 3), (9, 10), (1, 6), (0, 10), (1, 9), (6, 8), (5, 6), (3, 6), (2, 10), (3, 9), (2, 7), (4, 7), (7, 9), (0, 3), (1, 2), (1, 8), (0, 6), (1, 5), (0, 9), (5, 8)]","[1.0, 1.0, 1.0, 1.0, 1.0, 1.0, 1.0, 1.0, 1.0, 1.0, 1.0, 1.0, 1.0, 1.0, 1.0, 1.0, 1.0, 1.0, 1.0, 1.0, 1.0, 1.0, 1.0, 1.0, 1.0, 1.0, 1.0, 1.0, 1.0, 1.0, 1.0, 1.0, 1.0]"
628c9771,11,33,1,50.0,False,False,"[1, 1, 1]",14.27146488133341,,,,,,,,,,,9.285009395122893,,0.6505996036375614,,,,4.2638256549835205,4.2638256549835205,False,,0.0,0.0,,,4.271237134933472,2026-07-21 18:10:29,x86_64,dacsgpu0002,,64,64,3.11.15,0.2,False,False,adam,True,1,20,hamqaoa,0.005,44,False,False,hog,False,True,False,False,False,False,False,1,HOG_graphs/random_graphs_8to14vertices_78instances_20260625_143415_AdjacencyList.txt,False,0,32,1,5,1,,43,"[(3, 8), (2, 6), (2, 9), (4, 9), (7, 8), (0, 5), (0, 2), (1, 10), (6, 9), (4, 5), (3, 10), (7, 10), (8, 9), (1, 3), (9, 10), (1, 6), (0, 10), (1, 9), (6, 8), (5, 6), (3, 6), (2, 10), (3, 9), (2, 7), (4, 7), (7, 9), (0, 3), (1, 2), (1, 8), (0, 6), (1, 5), (0, 9), (5, 8)]","[1.0, 1.0, 1.0, 1.0, 1.0, 1.0, 1.0, 1.0, 1.0, 1.0, 1.0, 1.0, 1.0, 1.0, 1.0, 1.0, 1.0, 1.0, 1.0, 1.0, 1.0, 1.0, 1.0, 1.0, 1.0, 1.0, 1.0, 1.0, 1.0, 1.0, 1.0, 1.0, 1.0]"
5b3ac14d,12,21,2,5.0,False,False,"[1, 1, 1]",10.90973972171772,,,,,,,,,,,5.8680953334182515,,0.5378767489509209,,,,3.823960781097412,3.823960781097412,False,,0.0,0.0,,,3.8318870067596436,2026-07-21 18:10:30,x86_64,dacsgpu0002,,64,64,3.11.15,0.21,False,False,adam,True,1,20,hamqaoa,0.005,44,False,False,hog,False,True,False,False,False,False,False,1,HOG_graphs/random_graphs_8to14vertices_78instances_20260625_143415_AdjacencyList.txt,False,0,32,1,5,1,,44,"[(3, 8), (3, 5), (1, 4), (0, 8), (0, 11), (5, 7), (2, 8), (2, 5), (9, 10), (1, 9), (5, 6), (6, 11), (3, 6), (2, 10), (2, 7), (0, 3), (10, 11), (1, 8), (1, 5), (6, 10), (5, 8)]","[1.0, 1.0, 1.0, 1.0, 1.0, 1.0, 1.0, 1.0, 1.0, 1.0, 1.0, 1.0, 1.0, 1.0, 1.0, 1.0, 1.0, 1.0, 1.0, 1.0, 1.0]"
0b275ec5,11,33,2,10.0,False,False,"[1, 1, 1]",14.27146488133341,,,,,,,,,,,9.589453311365261,,0.6719319559064985,,,,5.037909507751465,5.037909507751465,False,,0.0,0.0,,,5.043035507202148,2026-07-21 18:10:30,x86_64,dacsgpu0002,,64,64,3.11.15,0.21,False,False,adam,True,1,20,hamqaoa,0.005,44,False,False,hog,False,True,False,False,False,False,False,1,HOG_graphs/random_graphs_8to14vertices_78instances_20260625_143415_AdjacencyList.txt,False,0,32,1,5,1,,43,"[(3, 8), (2, 6), (2, 9), (4, 9), (7, 8), (0, 5), (0, 2), (1, 10), (6, 9), (4, 5), (3, 10), (7, 10), (8, 9), (1, 3), (9, 10), (1, 6), (0, 10), (1, 9), (6, 8), (5, 6), (3, 6), (2, 10), (3, 9), (2, 7), (4, 7), (7, 9), (0, 3), (1, 2), (1, 8), (0, 6), (1, 5), (0, 9), (5, 8)]","[1.0, 1.0, 1.0, 1.0, 1.0, 1.0, 1.0, 1.0, 1.0, 1.0, 1.0, 1.0, 1.0, 1.0, 1.0, 1.0, 1.0, 1.0, 1.0, 1.0, 1.0, 1.0, 1.0, 1.0, 1.0, 1.0, 1.0, 1.0, 1.0, 1.0, 1.0, 1.0, 1.0]"
7c6240b8,12,21,1,50.0,False,False,"[1, 1, 1]",10.90973972171772,,,,,,,,,,,5.993895371854114,,0.54940773334145,,,,3.801525354385376,3.801525354385376,False,,0.0,0.0,,,3.808596134185791,2026-07-21 18:10:30,x86_64,dacsgpu0002,,64,64,3.11.15,0.21,False,False,adam,True,1,20,hamqaoa,0.005,44,False,False,hog,False,True,False,False,False,False,False,1,HOG_graphs/random_graphs_8to14vertices_78instances_20260625_143415_AdjacencyList.txt,False,0,32,1,5,1,,44,"[(3, 8), (3, 5), (1, 4), (0, 8), (0, 11), (5, 7), (2, 8), (2, 5), (9, 10), (1, 9), (5, 6), (6, 11), (3, 6), (2, 10), (2, 7), (0, 3), (10, 11), (1, 8), (1, 5), (6, 10), (5, 8)]","[1.0, 1.0, 1.0, 1.0, 1.0, 1.0, 1.0, 1.0, 1.0, 1.0, 1.0, 1.0, 1.0, 1.0, 1.0, 1.0, 1.0, 1.0, 1.0, 1.0, 1.0]"
8a3fa8b7,12,21,2,10.0,False,False,"[1, 1, 1]",10.90973972171772,,,,,,,,,,,6.809687042571822,,0.6241841891989379,,,,4.466225624084473,4.466225624084473,False,,0.0,0.0,,,4.472698450088501,2026-07-21 18:10:30,x86_64,dacsgpu0002,,64,64,3.11.15,0.21,False,False,adam,True,1,20,hamqaoa,0.005,44,False,False,hog,False,True,False,False,False,False,False,1,HOG_graphs/random_graphs_8to14vertices_78instances_20260625_143415_AdjacencyList.txt,False,0,32,1,5,1,,44,"[(3, 8), (3, 5), (1, 4), (0, 8), (0, 11), (5, 7), (2, 8), (2, 5), (9, 10), (1, 9), (5, 6), (6, 11), (3, 6), (2, 10), (2, 7), (0, 3), (10, 11), (1, 8), (1, 5), (6, 10), (5, 8)]","[1.0, 1.0, 1.0, 1.0, 1.0, 1.0, 1.0, 1.0, 1.0, 1.0, 1.0, 1.0, 1.0, 1.0, 1.0, 1.0, 1.0, 1.0, 1.0, 1.0, 1.0]"
0c23f5fb,11,33,2,25.0,False,False,"[1, 1, 1]",13.965647609088416,,,,,,,,,,,9.630473391505271,,0.6895830154870909,,,,7.23762059211731,7.23762059211731,False,,0.0,0.0,,,7.2446370124816895,2026-07-21 18:10:31,x86_64,dacsgpu0002,,64,64,3.11.15,0.21,False,False,adam,True,1,20,hamqaoa,0.005,44,False,False,hog,False,True,False,False,False,False,False,1,HOG_graphs/random_graphs_8to14vertices_78instances_20260625_143415_AdjacencyList.txt,False,0,32,1,5,1,,42,"[(2, 3), (3, 5), (4, 6), (7, 8), (8, 10), (1, 4), (1, 10), (0, 2), (0, 8), (6, 9), (5, 7), (3, 4), (3, 7), (4, 8), (8, 9), (1, 3), (0, 1), (9, 10), (0, 10), (1, 9), (0, 7), (6, 8), (5, 6), (5, 9), (3, 6), (2, 4), (2, 10), (2, 7), (4, 7), (0, 3), (1, 2), (5, 8), (6, 7)]","[1.0, 1.0, 1.0, 1.0, 1.0, 1.0, 1.0, 1.0, 1.0, 1.0, 1.0, 1.0, 1.0, 1.0, 1.0, 1.0, 1.0, 1.0, 1.0, 1.0, 1.0, 1.0, 1.0, 1.0, 1.0, 1.0, 1.0, 1.0, 1.0, 1.0, 1.0, 1.0, 1.0]"
e2b77f0e,11,33,2,25.0,False,False,"[1, 1, 1]",14.27146488133341,,,,,,,,,,,10.944123081180916,,0.7668535200962766,,,,6.91012716293335,6.91012716293335,False,,0.0,0.0,,,6.918181896209717,2026-07-21 18:10:32,x86_64,dacsgpu0002,,64,64,3.11.15,0.21,False,False,adam,True,1,20,hamqaoa,0.005,44,False,False,hog,False,True,False,False,False,False,False,1,HOG_graphs/random_graphs_8to14vertices_78instances_20260625_143415_AdjacencyList.txt,False,0,32,1,5,1,,43,"[(3, 8), (2, 6), (2, 9), (4, 9), (7, 8), (0, 5), (0, 2), (1, 10), (6, 9), (4, 5), (3, 10), (7, 10), (8, 9), (1, 3), (9, 10), (1, 6), (0, 10), (1, 9), (6, 8), (5, 6), (3, 6), (2, 10), (3, 9), (2, 7), (4, 7), (7, 9), (0, 3), (1, 2), (1, 8), (0, 6), (1, 5), (0, 9), (5, 8)]","[1.0, 1.0, 1.0, 1.0, 1.0, 1.0, 1.0, 1.0, 1.0, 1.0, 1.0, 1.0, 1.0, 1.0, 1.0, 1.0, 1.0, 1.0, 1.0, 1.0, 1.0, 1.0, 1.0, 1.0, 1.0, 1.0, 1.0, 1.0, 1.0, 1.0, 1.0, 1.0, 1.0]"
afff5e33,12,21,2,25.0,False,False,"[1, 1, 1]",10.90973972171772,,,,,,,,,,,7.346179343830537,,0.6733597254576751,,,,6.206858158111572,6.206858158111572,False,,0.0,0.0,,,6.213848352432251,2026-07-21 18:10:32,x86_64,dacsgpu0002,,64,64,3.11.15,0.21,False,False,adam,True,1,20,hamqaoa,0.005,44,False,False,hog,False,True,False,False,False,False,False,1,HOG_graphs/random_graphs_8to14vertices_78instances_20260625_143415_AdjacencyList.txt,False,0,32,1,5,1,,44,"[(3, 8), (3, 5), (1, 4), (0, 8), (0, 11), (5, 7), (2, 8), (2, 5), (9, 10), (1, 9), (5, 6), (6, 11), (3, 6), (2, 10), (2, 7), (0, 3), (10, 11), (1, 8), (1, 5), (6, 10), (5, 8)]","[1.0, 1.0, 1.0, 1.0, 1.0, 1.0, 1.0, 1.0, 1.0, 1.0, 1.0, 1.0, 1.0, 1.0, 1.0, 1.0, 1.0, 1.0, 1.0, 1.0, 1.0]"
0d00a713,11,33,2,50.0,False,False,"[1, 1, 1]",13.965647609088416,,,,,,,,,,,9.388648463908462,,0.6722673181155321,,,,11.757184743881226,11.757184743881226,False,,0.0,0.0,,,11.765238285064697,2026-07-21 18:10:36,x86_64,dacsgpu0002,,64,64,3.11.15,0.22,False,False,adam,True,1,20,hamqaoa,0.005,44,False,False,hog,False,True,False,False,False,False,False,1,HOG_graphs/random_graphs_8to14vertices_78instances_20260625_143415_AdjacencyList.txt,False,0,32,1,5,1,,42,"[(2, 3), (3, 5), (4, 6), (7, 8), (8, 10), (1, 4), (1, 10), (0, 2), (0, 8), (6, 9), (5, 7), (3, 4), (3, 7), (4, 8), (8, 9), (1, 3), (0, 1), (9, 10), (0, 10), (1, 9), (0, 7), (6, 8), (5, 6), (5, 9), (3, 6), (2, 4), (2, 10), (2, 7), (4, 7), (0, 3), (1, 2), (5, 8), (6, 7)]","[1.0, 1.0, 1.0, 1.0, 1.0, 1.0, 1.0, 1.0, 1.0, 1.0, 1.0, 1.0, 1.0, 1.0, 1.0, 1.0, 1.0, 1.0, 1.0, 1.0, 1.0, 1.0, 1.0, 1.0, 1.0, 1.0, 1.0, 1.0, 1.0, 1.0, 1.0, 1.0, 1.0]"
1b94180d,12,21,2,50.0,False,False,"[1, 1, 1]",10.90973972171772,,,,,,,,,,,6.203614510906944,,0.5686308444698803,,,,10.628317594528198,10.628317594528198,False,,0.0,0.0,,,10.635769128799438,2026-07-21 18:10:37,x86_64,dacsgpu0002,,64,64,3.11.15,0.21,False,False,adam,True,1,20,hamqaoa,0.005,44,False,False,hog,False,True,False,False,False,False,False,1,HOG_graphs/random_graphs_8to14vertices_78instances_20260625_143415_AdjacencyList.txt,False,0,32,1,5,1,,44,"[(3, 8), (3, 5), (1, 4), (0, 8), (0, 11), (5, 7), (2, 8), (2, 5), (9, 10), (1, 9), (5, 6), (6, 11), (3, 6), (2, 10), (2, 7), (0, 3), (10, 11), (1, 8), (1, 5), (6, 10), (5, 8)]","[1.0, 1.0, 1.0, 1.0, 1.0, 1.0, 1.0, 1.0, 1.0, 1.0, 1.0, 1.0, 1.0, 1.0, 1.0, 1.0, 1.0, 1.0, 1.0, 1.0, 1.0]"
073b1182,11,33,2,50.0,False,False,"[1, 1, 1]",14.27146488133341,,,,,,,,,,,9.64705430394296,,0.675968051223738,,,,11.925845861434937,11.925845861434937,False,,0.0,0.0,,,11.932339429855347,2026-07-21 18:10:37,x86_64,dacsgpu0002,,64,64,3.11.15,0.21,False,False,adam,True,1,20,hamqaoa,0.005,44,False,False,hog,False,True,False,False,False,False,False,1,HOG_graphs/random_graphs_8to14vertices_78instances_20260625_143415_AdjacencyList.txt,False,0,32,1,5,1,,43,"[(3, 8), (2, 6), (2, 9), (4, 9), (7, 8), (0, 5), (0, 2), (1, 10), (6, 9), (4, 5), (3, 10), (7, 10), (8, 9), (1, 3), (9, 10), (1, 6), (0, 10), (1, 9), (6, 8), (5, 6), (3, 6), (2, 10), (3, 9), (2, 7), (4, 7), (7, 9), (0, 3), (1, 2), (1, 8), (0, 6), (1, 5), (0, 9), (5, 8)]","[1.0, 1.0, 1.0, 1.0, 1.0, 1.0, 1.0, 1.0, 1.0, 1.0, 1.0, 1.0, 1.0, 1.0, 1.0, 1.0, 1.0, 1.0, 1.0, 1.0, 1.0, 1.0, 1.0, 1.0, 1.0, 1.0, 1.0, 1.0, 1.0, 1.0, 1.0, 1.0, 1.0]"
