run_id,n,m,p,precision/iterations,singlet_injection,warm_start,parameter_vector,optimal_result,sdp_objective_value_step1,sdp_objective_value_king_normalized_step1,algorithm17_actual_energy,algorithm17_lower_bound_energy,initial_ws_energy_prodStates_step2,initial_sdp_statevector_energy,initial_sdp_statevec_ratio,initial_ws_energy_010101,QAOA_improvement_over_SDP_statevectorEnergy,QAOA_improvement_over_SDP_prodStatesEnergy,result,result_010101,approx_ratio,approx_ratio_010101,diff. approx. ratio,sdp ws greater,duration_seconds,duration_seconds_excluding_warm_start_cache_io,warm_start_cache_used,warm_start_compute_time_seconds,warm_start_load_time_seconds,warm_start_save_time_seconds,warm_start_effective_time_seconds,warm_start_cache_path,full duration_seconds,finished_at,processor,hostname,total_ram_gb,physical_cores,logical_cores,python_version,peak_ram_mb,Instance_is_triangle_free,Instance_is_3_regular,optimiser,optimiser_use_heuristic,heuristic_optimiser_iterations,heuristic_optimiser_sampleSize,circuit_type,learning_rate_adam,n_end,warm_start_mode,lasserre_level,initial_solver_level_M,sdp_seed,sdp_solver_mode,sdp_scs_eps,sdp_scs_max_iters,compare_with_010101,init_QAOAparams_close_to_zero,use_correlations_as_initial_params,graph_generation_type,weighted,easiest_first,debug,save_circuit_svg,rerun_exclude_finished_instances,warm_start_cache_producer_only,qaoa_only_from_existing_warm_start_cache,num_repeats,relative_graph_adjList_path,persistent_warm_start_cache,warm_start_cache_dir,warm_start_cache_max_file_mb,warm_start_cache_max_total_gb,sdp_max_parallel,qaoa_max_parallel,sdp_threads,qaoa_threads,sdp_memory_limit_total_gb,sdp_memory_limit_single_gb,sdp_memory_poll_seconds,sdp_max_retries,queue_poll_interval_seconds,benchmark_repeat_idx,sdp_seed,hog_graph_index,edges,weights
3fc77534,8,11,1,5.0,False,True,"[1, 1, 1]",6.1405390212315885,12.329105459935207,6.164552729967603,3.5969234195986597,3.742452690253659,3.348836168117458,3.130472034081806,0.5098041105606291,,0.8260612147708848,0.3893329466995805,3.5435026414672484,,0.5770670342155955,,,,1.8438730239868164,1124.3420441150665,True,1122.500388622284,0.002207517623901367,0.0,1122.500388622284,Results/warm_start_cache/experiment_3/random_graphs_8to14vertices_78instances_20260625_143415_AdjacencyList__filehash_a79662a0/hog_idx000000_bd4f8ca3e79e_seed42_L2_M2_amplified.npz,1.8500795364379883,2026-07-22 20:15:10,x86_64,dacsgpu0002,,64,64,3.11.15,0.23,False,False,adam,True,2,20,hamqaoa,0.01,44,standard,2,2,42,scs,1e-06,100000,False,False,False,hog,False,True,False,False,False,False,True,1,HOG_graphs/random_graphs_8to14vertices_78instances_20260625_143415_AdjacencyList.txt,True,Results/warm_start_cache/experiment_3,512,60,0,32,1,1,100,100,5,3,5,1,42,0,"[(1, 3), (1, 6), (0, 7), (3, 5), (0, 3), (5, 6), (1, 5), (1, 4), (0, 2), (3, 6), (6, 7)]","[1.0, 1.0, 1.0, 1.0, 1.0, 1.0, 1.0, 1.0, 1.0, 1.0, 1.0]"
7f73cc08,8,11,1,10.0,False,True,"[1, 1, 1]",6.1405390212315885,12.329105459935207,6.164552729967603,3.5969234195986597,3.742452690253659,3.348836168117458,3.130472034081806,0.5098041105606291,,0.9580387046221972,0.5213104365508929,3.6094913863929046,,0.5878134433984853,,,,1.999871015548706,1124.497879266739,True,1122.500388622284,0.002369403839111328,0.0,1122.500388622284,Results/warm_start_cache/experiment_3/random_graphs_8to14vertices_78instances_20260625_143415_AdjacencyList__filehash_a79662a0/hog_idx000000_bd4f8ca3e79e_seed42_L2_M2_amplified.npz,2.005211591720581,2026-07-22 20:15:10,x86_64,dacsgpu0002,,64,64,3.11.15,0.23,False,False,adam,True,2,20,hamqaoa,0.01,44,standard,2,2,42,scs,1e-06,100000,False,False,False,hog,False,True,False,False,False,False,True,1,HOG_graphs/random_graphs_8to14vertices_78instances_20260625_143415_AdjacencyList.txt,True,Results/warm_start_cache/experiment_3,512,60,0,32,1,1,100,100,5,3,5,1,42,0,"[(1, 3), (1, 6), (0, 7), (3, 5), (0, 3), (5, 6), (1, 5), (1, 4), (0, 2), (3, 6), (6, 7)]","[1.0, 1.0, 1.0, 1.0, 1.0, 1.0, 1.0, 1.0, 1.0, 1.0, 1.0]"
34996649,8,11,1,25.0,False,True,"[1, 1, 1]",6.1405390212315885,12.329105459935207,6.164552729967603,3.5969234195986597,3.742452690253659,3.348836168117458,3.130472034081806,0.5098041105606291,,1.175905024750957,0.7391767566796528,3.7184245464572845,,0.6055534430447267,,,,2.5647456645965576,1125.0627493858337,True,1122.500388622284,0.0023729801177978516,0.0,1122.500388622284,Results/warm_start_cache/experiment_3/random_graphs_8to14vertices_78instances_20260625_143415_AdjacencyList__filehash_a79662a0/hog_idx000000_bd4f8ca3e79e_seed42_L2_M2_amplified.npz,2.5705292224884033,2026-07-22 20:15:11,x86_64,dacsgpu0002,,64,64,3.11.15,0.23,False,False,adam,True,2,20,hamqaoa,0.01,44,standard,2,2,42,scs,1e-06,100000,False,False,False,hog,False,True,False,False,False,False,True,1,HOG_graphs/random_graphs_8to14vertices_78instances_20260625_143415_AdjacencyList.txt,True,Results/warm_start_cache/experiment_3,512,60,0,32,1,1,100,100,5,3,5,1,42,0,"[(1, 3), (1, 6), (0, 7), (3, 5), (0, 3), (5, 6), (1, 5), (1, 4), (0, 2), (3, 6), (6, 7)]","[1.0, 1.0, 1.0, 1.0, 1.0, 1.0, 1.0, 1.0, 1.0, 1.0, 1.0]"
c0d01c05,8,11,2,5.0,False,True,"[1, 1, 1]",6.1405390212315885,12.329105459935207,6.164552729967603,3.5969234195986597,3.742452690253659,3.348836168117458,3.130472034081806,0.5098041105606291,,0.9540205061588569,0.5172922380875526,3.6074822871612344,,0.5874862572630787,,,,3.422532320022583,1125.9205601215363,True,1122.500388622284,0.0023415088653564453,0.0,1122.500388622284,Results/warm_start_cache/experiment_3/random_graphs_8to14vertices_78instances_20260625_143415_AdjacencyList__filehash_a79662a0/hog_idx000000_bd4f8ca3e79e_seed42_L2_M2_amplified.npz,3.4288666248321533,2026-07-22 20:15:12,x86_64,dacsgpu0002,,64,64,3.11.15,0.24,False,False,adam,True,2,20,hamqaoa,0.01,44,standard,2,2,42,scs,1e-06,100000,False,False,False,hog,False,True,False,False,False,False,True,1,HOG_graphs/random_graphs_8to14vertices_78instances_20260625_143415_AdjacencyList.txt,True,Results/warm_start_cache/experiment_3,512,60,0,32,1,1,100,100,5,3,5,1,42,0,"[(1, 3), (1, 6), (0, 7), (3, 5), (0, 3), (5, 6), (1, 5), (1, 4), (0, 2), (3, 6), (6, 7)]","[1.0, 1.0, 1.0, 1.0, 1.0, 1.0, 1.0, 1.0, 1.0, 1.0, 1.0]"
b1a70c15,8,11,1,50.0,False,True,"[1, 1, 1]",6.1405390212315885,12.329105459935207,6.164552729967603,3.5969234195986597,3.742452690253659,3.348836168117458,3.130472034081806,0.5098041105606291,,1.1946843806494867,0.7579561125781824,3.7278142244065493,,0.6070825723144535,,,,3.556352376937866,1126.0542392730713,True,1122.500388622284,0.002490997314453125,0.0,1122.500388622284,Results/warm_start_cache/experiment_3/random_graphs_8to14vertices_78instances_20260625_143415_AdjacencyList__filehash_a79662a0/hog_idx000000_bd4f8ca3e79e_seed42_L2_M2_amplified.npz,3.5618886947631836,2026-07-22 20:15:12,x86_64,dacsgpu0002,,64,64,3.11.15,0.23,False,False,adam,True,2,20,hamqaoa,0.01,44,standard,2,2,42,scs,1e-06,100000,False,False,False,hog,False,True,False,False,False,False,True,1,HOG_graphs/random_graphs_8to14vertices_78instances_20260625_143415_AdjacencyList.txt,True,Results/warm_start_cache/experiment_3,512,60,0,32,1,1,100,100,5,3,5,1,42,0,"[(1, 3), (1, 6), (0, 7), (3, 5), (0, 3), (5, 6), (1, 5), (1, 4), (0, 2), (3, 6), (6, 7)]","[1.0, 1.0, 1.0, 1.0, 1.0, 1.0, 1.0, 1.0, 1.0, 1.0, 1.0]"
0e302588,8,11,2,10.0,False,True,"[1, 1, 1]",6.1405390212315885,12.329105459935207,6.164552729967603,3.5969234195986597,3.742452690253659,3.348836168117458,3.130472034081806,0.5098041105606291,,1.5894899530583881,1.1527616849870839,3.925217010611,,0.6392300410500008,,,,4.029236793518066,1126.526290178299,True,1122.500388622284,0.003316164016723633,0.0,1122.500388622284,Results/warm_start_cache/experiment_3/random_graphs_8to14vertices_78instances_20260625_143415_AdjacencyList__filehash_a79662a0/hog_idx000000_bd4f8ca3e79e_seed42_L2_M2_amplified.npz,4.03720760345459,2026-07-22 20:15:12,x86_64,dacsgpu0002,,64,64,3.11.15,0.25,False,False,adam,True,2,20,hamqaoa,0.01,44,standard,2,2,42,scs,1e-06,100000,False,False,False,hog,False,True,False,False,False,False,True,1,HOG_graphs/random_graphs_8to14vertices_78instances_20260625_143415_AdjacencyList.txt,True,Results/warm_start_cache/experiment_3,512,60,0,32,1,1,100,100,5,3,5,1,42,0,"[(1, 3), (1, 6), (0, 7), (3, 5), (0, 3), (5, 6), (1, 5), (1, 4), (0, 2), (3, 6), (6, 7)]","[1.0, 1.0, 1.0, 1.0, 1.0, 1.0, 1.0, 1.0, 1.0, 1.0, 1.0]"
6c1a5ff3,8,11,2,25.0,False,True,"[1, 1, 1]",6.1405390212315885,12.329105459935207,6.164552729967603,3.5969234195986597,3.742452690253659,3.348836168117458,3.130472034081806,0.5098041105606291,,1.4012811871896371,0.9645529191183329,3.8311126276766245,,0.6239049396852836,,,,5.513599872589111,1128.0104966163635,True,1122.500388622284,0.0034732818603515625,0.0,1122.500388622284,Results/warm_start_cache/experiment_3/random_graphs_8to14vertices_78instances_20260625_143415_AdjacencyList__filehash_a79662a0/hog_idx000000_bd4f8ca3e79e_seed42_L2_M2_amplified.npz,5.521245241165161,2026-07-22 20:15:14,x86_64,dacsgpu0002,,64,64,3.11.15,0.25,False,False,adam,True,2,20,hamqaoa,0.01,44,standard,2,2,42,scs,1e-06,100000,False,False,False,hog,False,True,False,False,False,False,True,1,HOG_graphs/random_graphs_8to14vertices_78instances_20260625_143415_AdjacencyList.txt,True,Results/warm_start_cache/experiment_3,512,60,0,32,1,1,100,100,5,3,5,1,42,0,"[(1, 3), (1, 6), (0, 7), (3, 5), (0, 3), (5, 6), (1, 5), (1, 4), (0, 2), (3, 6), (6, 7)]","[1.0, 1.0, 1.0, 1.0, 1.0, 1.0, 1.0, 1.0, 1.0, 1.0, 1.0]"
8342e839,8,9,1,5.0,False,True,"[1, 1, 1]",5.847763554161063,11.708745401211686,5.854372700605843,3.428934667148583,3.4252922766153886,3.2548005617301587,2.842676550606901,0.48611345590129956,,0.110190707036395,-0.7140573152101206,2.8977719041250984,,0.49553506691684646,,,,3.214728832244873,1272.1724560260773,True,1268.9629075527191,0.005166053771972656,0.0,1268.9629075527191,Results/warm_start_cache/experiment_3/random_graphs_8to14vertices_78instances_20260625_143415_AdjacencyList__filehash_a79662a0/hog_idx000001_2d50d1faac03_seed42_L2_M2_amplified.npz,3.2269392013549805,2026-07-22 20:21:26,x86_64,dacsgpu0002,,64,64,3.11.15,0.22,True,False,adam,True,2,20,hamqaoa,0.01,44,standard,2,2,42,scs,1e-06,100000,False,False,False,hog,False,True,False,False,False,False,True,1,HOG_graphs/random_graphs_8to14vertices_78instances_20260625_143415_AdjacencyList.txt,True,Results/warm_start_cache/experiment_3,512,60,0,32,1,1,100,100,5,3,5,1,42,1,"[(2, 7), (1, 3), (3, 5), (0, 3), (4, 5), (3, 7), (1, 4), (0, 2), (3, 6)]","[1.0, 1.0, 1.0, 1.0, 1.0, 1.0, 1.0, 1.0, 1.0]"
44cb44ed,8,12,1,5.0,False,True,"[1, 1, 1]",7.820089374374799,15.679266567683005,7.839633283841502,4.936955911082656,4.569342365744066,4.634838050207391,4.791931822951758,0.612772002153091,,0.17953373707522147,0.4937212825639552,4.881698691489369,,0.6242510101592862,,,,3.4145190715789795,1183.9645538330078,True,1180.553341627121,0.003293275833129883,0.0,1180.553341627121,Results/warm_start_cache/experiment_3/random_graphs_8to14vertices_78instances_20260625_143415_AdjacencyList__filehash_a79662a0/hog_idx000003_cf7691ce0da7_seed42_L2_M2_amplified.npz,3.4229140281677246,2026-07-22 20:21:26,x86_64,dacsgpu0002,,64,64,3.11.15,0.22,True,True,adam,True,2,20,hamqaoa,0.01,44,standard,2,2,42,scs,1e-06,100000,False,False,False,hog,False,True,False,False,False,False,True,1,HOG_graphs/random_graphs_8to14vertices_78instances_20260625_143415_AdjacencyList.txt,True,Results/warm_start_cache/experiment_3,512,60,0,32,1,1,100,100,5,3,5,1,42,3,"[(1, 3), (2, 3), (1, 6), (0, 4), (2, 6), (5, 7), (0, 7), (3, 5), (0, 6), (4, 5), (2, 4), (1, 7)]","[1.0, 1.0, 1.0, 1.0, 1.0, 1.0, 1.0, 1.0, 1.0, 1.0, 1.0, 1.0]"
df748057,8,16,1,5.0,False,True,"[1, 1, 1]",8.13007668131079,16.29232577502577,8.146162887512885,5.257763650450013,4.9641796394134055,5.006185435897796,4.723742792326882,0.5810206935914516,,0.9031308708782291,0.33824558373640023,5.1753082277659965,,0.6365632737096886,,,,3.4810965061187744,1153.7663533687592,True,1150.29070520401,0.0054340362548828125,0.0,1150.29070520401,Results/warm_start_cache/experiment_3/random_graphs_8to14vertices_78instances_20260625_143415_AdjacencyList__filehash_a79662a0/hog_idx000002_76de0eb4d2db_seed42_L2_M2_amplified.npz,3.489936351776123,2026-07-22 20:21:26,x86_64,dacsgpu0002,,64,64,3.11.15,0.22,False,False,adam,True,2,20,hamqaoa,0.01,44,standard,2,2,42,scs,1e-06,100000,False,False,False,hog,False,True,False,False,False,False,True,1,HOG_graphs/random_graphs_8to14vertices_78instances_20260625_143415_AdjacencyList.txt,True,Results/warm_start_cache/experiment_3,512,60,0,32,1,1,100,100,5,3,5,1,42,2,"[(2, 7), (2, 6), (4, 6), (1, 2), (0, 6), (3, 4), (1, 5), (4, 5), (3, 7), (2, 5), (6, 7), (0, 5), (1, 4), (3, 6), (2, 4), (1, 7)]","[1.0, 1.0, 1.0, 1.0, 1.0, 1.0, 1.0, 1.0, 1.0, 1.0, 1.0, 1.0, 1.0, 1.0, 1.0, 1.0]"
7807512b,8,9,1,10.0,False,True,"[1, 1, 1]",5.847763554161063,11.708745401211686,5.854372700605843,3.428934667148583,3.4252922766153886,3.2548005617301587,2.842676550606901,0.48611345590129956,,0.33468963967318643,-0.4895583825733292,3.010021370443494,,0.514730348203232,,,,3.7169177532196045,1272.6762278079987,True,1268.9629075527191,0.0035839080810546875,0.0,1268.9629075527191,Results/warm_start_cache/experiment_3/random_graphs_8to14vertices_78instances_20260625_143415_AdjacencyList__filehash_a79662a0/hog_idx000001_2d50d1faac03_seed42_L2_M2_amplified.npz,3.724355697631836,2026-07-22 20:21:26,x86_64,dacsgpu0002,,64,64,3.11.15,0.22,True,False,adam,True,2,20,hamqaoa,0.01,44,standard,2,2,42,scs,1e-06,100000,False,False,False,hog,False,True,False,False,False,False,True,1,HOG_graphs/random_graphs_8to14vertices_78instances_20260625_143415_AdjacencyList.txt,True,Results/warm_start_cache/experiment_3,512,60,0,32,1,1,100,100,5,3,5,1,42,1,"[(2, 7), (1, 3), (3, 5), (0, 3), (4, 5), (3, 7), (1, 4), (0, 2), (3, 6)]","[1.0, 1.0, 1.0, 1.0, 1.0, 1.0, 1.0, 1.0, 1.0]"
93c3b925,8,12,1,10.0,False,True,"[1, 1, 1]",7.820089374374799,15.679266567683005,7.839633283841502,4.936955911082656,4.569342365744066,4.634838050207391,4.791931822951758,0.612772002153091,,0.4847468697396202,0.798934415228354,5.034305257821568,,0.6437656933075718,,,,3.7777388095855713,1184.326824426651,True,1180.553341627121,0.004244327545166016,0.0,1180.553341627121,Results/warm_start_cache/experiment_3/random_graphs_8to14vertices_78instances_20260625_143415_AdjacencyList__filehash_a79662a0/hog_idx000003_cf7691ce0da7_seed42_L2_M2_amplified.npz,3.7849268913269043,2026-07-22 20:21:26,x86_64,dacsgpu0002,,64,64,3.11.15,0.22,True,True,adam,True,2,20,hamqaoa,0.01,44,standard,2,2,42,scs,1e-06,100000,False,False,False,hog,False,True,False,False,False,False,True,1,HOG_graphs/random_graphs_8to14vertices_78instances_20260625_143415_AdjacencyList.txt,True,Results/warm_start_cache/experiment_3,512,60,0,32,1,1,100,100,5,3,5,1,42,3,"[(1, 3), (2, 3), (1, 6), (0, 4), (2, 6), (5, 7), (0, 7), (3, 5), (0, 6), (4, 5), (2, 4), (1, 7)]","[1.0, 1.0, 1.0, 1.0, 1.0, 1.0, 1.0, 1.0, 1.0, 1.0, 1.0, 1.0]"
aef31f47,8,16,1,10.0,False,True,"[1, 1, 1]",8.13007668131079,16.29232577502577,8.146162887512885,5.257763650450013,4.9641796394134055,5.006185435897796,4.723742792326882,0.5810206935914516,,0.1894843786494711,-0.37540090849235774,4.8184849816516175,,0.5926739894997824,,,,3.898831844329834,1154.186247587204,True,1150.29070520401,0.0032732486724853516,0.0,1150.29070520401,Results/warm_start_cache/experiment_3/random_graphs_8to14vertices_78instances_20260625_143415_AdjacencyList__filehash_a79662a0/hog_idx000002_76de0eb4d2db_seed42_L2_M2_amplified.npz,3.9105193614959717,2026-07-22 20:21:26,x86_64,dacsgpu0002,,64,64,3.11.15,0.22,False,False,adam,True,2,20,hamqaoa,0.01,44,standard,2,2,42,scs,1e-06,100000,False,False,False,hog,False,True,False,False,False,False,True,1,HOG_graphs/random_graphs_8to14vertices_78instances_20260625_143415_AdjacencyList.txt,True,Results/warm_start_cache/experiment_3,512,60,0,32,1,1,100,100,5,3,5,1,42,2,"[(2, 7), (2, 6), (4, 6), (1, 2), (0, 6), (3, 4), (1, 5), (4, 5), (3, 7), (2, 5), (6, 7), (0, 5), (1, 4), (3, 6), (2, 4), (1, 7)]","[1.0, 1.0, 1.0, 1.0, 1.0, 1.0, 1.0, 1.0, 1.0, 1.0, 1.0, 1.0, 1.0, 1.0, 1.0, 1.0]"
c5f53bf9,8,16,1,5.0,False,True,"[1, 1, 1]",9.029354551197121,18.06133305214692,9.03066652607346,6.185804954987345,5.388883018483287,5.867975677631053,4.17361119239422,0.46222696968310745,,0.5017107733443247,-2.8870181971293416,4.424466579066382,,0.4900091755151847,,,,3.6595442295074463,1292.4052774906158,True,1288.7501392364502,0.00439143180847168,0.0,1288.7501392364502,Results/warm_start_cache/experiment_3/random_graphs_8to14vertices_78instances_20260625_143415_AdjacencyList__filehash_a79662a0/hog_idx000004_4020ac98a4c9_seed42_L2_M2_amplified.npz,3.6795172691345215,2026-07-22 20:21:26,x86_64,dacsgpu0002,,64,64,3.11.15,0.22,False,False,adam,True,2,20,hamqaoa,0.01,44,standard,2,2,42,scs,1e-06,100000,False,False,False,hog,False,True,False,False,False,False,True,1,HOG_graphs/random_graphs_8to14vertices_78instances_20260625_143415_AdjacencyList.txt,True,Results/warm_start_cache/experiment_3,512,60,0,32,1,1,100,100,5,3,5,1,42,4,"[(1, 3), (0, 1), (2, 3), (1, 6), (4, 7), (2, 6), (5, 7), (0, 7), (3, 5), (4, 6), (5, 6), (3, 7), (0, 5), (1, 4), (0, 2), (2, 4)]","[1.0, 1.0, 1.0, 1.0, 1.0, 1.0, 1.0, 1.0, 1.0, 1.0, 1.0, 1.0, 1.0, 1.0, 1.0, 1.0]"
d632497a,8,12,1,25.0,False,True,"[1, 1, 1]",7.820089374374799,15.679266567683005,7.839633283841502,4.936955911082656,4.569342365744066,4.634838050207391,4.791931822951758,0.612772002153091,,0.042258132483988575,0.3564456779727223,4.8130608891937525,,0.6154738979026755,,,,4.5774455070495605,1185.1263182163239,True,1180.553341627121,0.004453897476196289,0.0,1180.553341627121,Results/warm_start_cache/experiment_3/random_graphs_8to14vertices_78instances_20260625_143415_AdjacencyList__filehash_a79662a0/hog_idx000003_cf7691ce0da7_seed42_L2_M2_amplified.npz,4.5846734046936035,2026-07-22 20:21:27,x86_64,dacsgpu0002,,64,64,3.11.15,0.22,True,True,adam,True,2,20,hamqaoa,0.01,44,standard,2,2,42,scs,1e-06,100000,False,False,False,hog,False,True,False,False,False,False,True,1,HOG_graphs/random_graphs_8to14vertices_78instances_20260625_143415_AdjacencyList.txt,True,Results/warm_start_cache/experiment_3,512,60,0,32,1,1,100,100,5,3,5,1,42,3,"[(1, 3), (2, 3), (1, 6), (0, 4), (2, 6), (5, 7), (0, 7), (3, 5), (0, 6), (4, 5), (2, 4), (1, 7)]","[1.0, 1.0, 1.0, 1.0, 1.0, 1.0, 1.0, 1.0, 1.0, 1.0, 1.0, 1.0]"
3abbb194,8,9,1,25.0,False,True,"[1, 1, 1]",5.847763554161063,11.708745401211686,5.854372700605843,3.428934667148583,3.4252922766153886,3.2548005617301587,2.842676550606901,0.48611345590129956,,1.431985877118712,0.6077378548721963,3.558669489166257,,0.6085522193581224,,,,4.644710302352905,1273.6037902832031,True,1268.9629075527191,0.003802776336669922,0.0,1268.9629075527191,Results/warm_start_cache/experiment_3/random_graphs_8to14vertices_78instances_20260625_143415_AdjacencyList__filehash_a79662a0/hog_idx000001_2d50d1faac03_seed42_L2_M2_amplified.npz,4.650923252105713,2026-07-22 20:21:27,x86_64,dacsgpu0002,,64,64,3.11.15,0.22,True,False,adam,True,2,20,hamqaoa,0.01,44,standard,2,2,42,scs,1e-06,100000,False,False,False,hog,False,True,False,False,False,False,True,1,HOG_graphs/random_graphs_8to14vertices_78instances_20260625_143415_AdjacencyList.txt,True,Results/warm_start_cache/experiment_3,512,60,0,32,1,1,100,100,5,3,5,1,42,1,"[(2, 7), (1, 3), (3, 5), (0, 3), (4, 5), (3, 7), (1, 4), (0, 2), (3, 6)]","[1.0, 1.0, 1.0, 1.0, 1.0, 1.0, 1.0, 1.0, 1.0]"
ad531aed,8,16,1,10.0,False,True,"[1, 1, 1]",9.029354551197121,18.06133305214692,9.03066652607346,6.185804954987345,5.388883018483287,5.867975677631053,4.17361119239422,0.46222696968310745,,0.6338870795881277,-2.7548418908855385,4.490554732188284,,0.4973284310330821,,,,3.968670606613159,1292.7157616615295,True,1288.7501392364502,0.0030357837677001953,0.0,1288.7501392364502,Results/warm_start_cache/experiment_3/random_graphs_8to14vertices_78instances_20260625_143415_AdjacencyList__filehash_a79662a0/hog_idx000004_4020ac98a4c9_seed42_L2_M2_amplified.npz,3.9774057865142822,2026-07-22 20:21:27,x86_64,dacsgpu0002,,64,64,3.11.15,0.22,False,False,adam,True,2,20,hamqaoa,0.01,44,standard,2,2,42,scs,1e-06,100000,False,False,False,hog,False,True,False,False,False,False,True,1,HOG_graphs/random_graphs_8to14vertices_78instances_20260625_143415_AdjacencyList.txt,True,Results/warm_start_cache/experiment_3,512,60,0,32,1,1,100,100,5,3,5,1,42,4,"[(1, 3), (0, 1), (2, 3), (1, 6), (4, 7), (2, 6), (5, 7), (0, 7), (3, 5), (4, 6), (5, 6), (3, 7), (0, 5), (1, 4), (0, 2), (2, 4)]","[1.0, 1.0, 1.0, 1.0, 1.0, 1.0, 1.0, 1.0, 1.0, 1.0, 1.0, 1.0, 1.0, 1.0, 1.0, 1.0]"
9e58d8db,8,9,2,5.0,False,True,"[1, 1, 1]",5.847763554161063,11.708745401211686,5.854372700605843,3.428934667148583,3.4252922766153886,3.2548005617301587,2.842676550606901,0.48611345590129956,,0.6046163251271617,-0.21963169711935393,3.144984713170482,,0.5378098283287499,,,,5.795398950576782,1274.7537813186646,True,1268.9629075527191,0.0045108795166015625,0.0,1268.9629075527191,Results/warm_start_cache/experiment_3/random_graphs_8to14vertices_78instances_20260625_143415_AdjacencyList__filehash_a79662a0/hog_idx000001_2d50d1faac03_seed42_L2_M2_amplified.npz,5.802278280258179,2026-07-22 20:21:28,x86_64,dacsgpu0002,,64,64,3.11.15,0.24,True,False,adam,True,2,20,hamqaoa,0.01,44,standard,2,2,42,scs,1e-06,100000,False,False,False,hog,False,True,False,False,False,False,True,1,HOG_graphs/random_graphs_8to14vertices_78instances_20260625_143415_AdjacencyList.txt,True,Results/warm_start_cache/experiment_3,512,60,0,32,1,1,100,100,5,3,5,1,42,1,"[(2, 7), (1, 3), (3, 5), (0, 3), (4, 5), (3, 7), (1, 4), (0, 2), (3, 6)]","[1.0, 1.0, 1.0, 1.0, 1.0, 1.0, 1.0, 1.0, 1.0]"
25db5704,8,16,1,25.0,False,True,"[1, 1, 1]",9.029354551197121,18.06133305214692,9.03066652607346,6.185804954987345,5.388883018483287,5.867975677631053,4.17361119239422,0.46222696968310745,,0.331348393959388,-3.0573805765142783,4.339285389373914,,0.4805753683466341,,,,4.6774070262908936,1293.4239892959595,True,1288.7501392364502,0.003543376922607422,0.0,1288.7501392364502,Results/warm_start_cache/experiment_3/random_graphs_8to14vertices_78instances_20260625_143415_AdjacencyList__filehash_a79662a0/hog_idx000004_4020ac98a4c9_seed42_L2_M2_amplified.npz,4.68790602684021,2026-07-22 20:21:28,x86_64,dacsgpu0002,,64,64,3.11.15,0.22,False,False,adam,True,2,20,hamqaoa,0.01,44,standard,2,2,42,scs,1e-06,100000,False,False,False,hog,False,True,False,False,False,False,True,1,HOG_graphs/random_graphs_8to14vertices_78instances_20260625_143415_AdjacencyList.txt,True,Results/warm_start_cache/experiment_3,512,60,0,32,1,1,100,100,5,3,5,1,42,4,"[(1, 3), (0, 1), (2, 3), (1, 6), (4, 7), (2, 6), (5, 7), (0, 7), (3, 5), (4, 6), (5, 6), (3, 7), (0, 5), (1, 4), (0, 2), (2, 4)]","[1.0, 1.0, 1.0, 1.0, 1.0, 1.0, 1.0, 1.0, 1.0, 1.0, 1.0, 1.0, 1.0, 1.0, 1.0, 1.0]"
9e987b47,8,12,2,5.0,False,True,"[1, 1, 1]",7.820089374374799,15.679266567683005,7.839633283841502,4.936955911082656,4.569342365744066,4.634838050207391,4.791931822951758,0.612772002153091,,0.0,0.31418754548873373,4.791931822951758,,0.612772002153091,,,,5.959301710128784,1186.50838971138,True,1180.553341627121,0.004239320755004883,0.0,1180.553341627121,Results/warm_start_cache/experiment_3/random_graphs_8to14vertices_78instances_20260625_143415_AdjacencyList__filehash_a79662a0/hog_idx000003_cf7691ce0da7_seed42_L2_M2_amplified.npz,5.965928792953491,2026-07-22 20:21:28,x86_64,dacsgpu0002,,64,64,3.11.15,0.24,True,True,adam,True,2,20,hamqaoa,0.01,44,standard,2,2,42,scs,1e-06,100000,False,False,False,hog,False,True,False,False,False,False,True,1,HOG_graphs/random_graphs_8to14vertices_78instances_20260625_143415_AdjacencyList.txt,True,Results/warm_start_cache/experiment_3,512,60,0,32,1,1,100,100,5,3,5,1,42,3,"[(1, 3), (2, 3), (1, 6), (0, 4), (2, 6), (5, 7), (0, 7), (3, 5), (0, 6), (4, 5), (2, 4), (1, 7)]","[1.0, 1.0, 1.0, 1.0, 1.0, 1.0, 1.0, 1.0, 1.0, 1.0, 1.0, 1.0]"
4d732b6a,8,9,1,50.0,False,True,"[1, 1, 1]",5.847763554161063,11.708745401211686,5.854372700605843,3.428934667148583,3.4252922766153886,3.2548005617301587,2.842676550606901,0.48611345590129956,,1.4246233286963905,0.6003753064498749,3.554988214955096,,0.6079227010513261,,,,5.990865707397461,1274.949976682663,True,1268.9629075527191,0.0037813186645507812,0.0,1268.9629075527191,Results/warm_start_cache/experiment_3/random_graphs_8to14vertices_78instances_20260625_143415_AdjacencyList__filehash_a79662a0/hog_idx000001_2d50d1faac03_seed42_L2_M2_amplified.npz,6.002166509628296,2026-07-22 20:21:28,x86_64,dacsgpu0002,,64,64,3.11.15,0.22,True,False,adam,True,2,20,hamqaoa,0.01,44,standard,2,2,42,scs,1e-06,100000,False,False,False,hog,False,True,False,False,False,False,True,1,HOG_graphs/random_graphs_8to14vertices_78instances_20260625_143415_AdjacencyList.txt,True,Results/warm_start_cache/experiment_3,512,60,0,32,1,1,100,100,5,3,5,1,42,1,"[(2, 7), (1, 3), (3, 5), (0, 3), (4, 5), (3, 7), (1, 4), (0, 2), (3, 6)]","[1.0, 1.0, 1.0, 1.0, 1.0, 1.0, 1.0, 1.0, 1.0]"
2517a3f8,8,9,2,10.0,False,True,"[1, 1, 1]",5.847763554161063,11.708745401211686,5.854372700605843,3.428934667148583,3.4252922766153886,3.2548005617301587,2.842676550606901,0.48611345590129956,,1.6394020135710123,0.8151539913244967,3.662377557392407,,0.6262868741993489,,,,6.035075426101685,1274.9917945861816,True,1268.9629075527191,0.00617527961730957,0.0,1268.9629075527191,Results/warm_start_cache/experiment_3/random_graphs_8to14vertices_78instances_20260625_143415_AdjacencyList__filehash_a79662a0/hog_idx000001_2d50d1faac03_seed42_L2_M2_amplified.npz,6.047442674636841,2026-07-22 20:21:28,x86_64,dacsgpu0002,,64,64,3.11.15,0.23,True,False,adam,True,2,20,hamqaoa,0.01,44,standard,2,2,42,scs,1e-06,100000,False,False,False,hog,False,True,False,False,False,False,True,1,HOG_graphs/random_graphs_8to14vertices_78instances_20260625_143415_AdjacencyList.txt,True,Results/warm_start_cache/experiment_3,512,60,0,32,1,1,100,100,5,3,5,1,42,1,"[(2, 7), (1, 3), (3, 5), (0, 3), (4, 5), (3, 7), (1, 4), (0, 2), (3, 6)]","[1.0, 1.0, 1.0, 1.0, 1.0, 1.0, 1.0, 1.0, 1.0]"
85cf7f6d,8,12,1,50.0,False,True,"[1, 1, 1]",7.820089374374799,15.679266567683005,7.839633283841502,4.936955911082656,4.569342365744066,4.634838050207391,4.791931822951758,0.612772002153091,,0.5613409030124092,0.875528448501143,5.072602274457963,,0.648662954042454,,,,6.174105882644653,1186.723738193512,True,1180.553341627121,0.003694295883178711,0.0,1180.553341627121,Results/warm_start_cache/experiment_3/random_graphs_8to14vertices_78instances_20260625_143415_AdjacencyList__filehash_a79662a0/hog_idx000003_cf7691ce0da7_seed42_L2_M2_amplified.npz,6.184248208999634,2026-07-22 20:21:29,x86_64,dacsgpu0002,,64,64,3.11.15,0.22,True,True,adam,True,2,20,hamqaoa,0.01,44,standard,2,2,42,scs,1e-06,100000,False,False,False,hog,False,True,False,False,False,False,True,1,HOG_graphs/random_graphs_8to14vertices_78instances_20260625_143415_AdjacencyList.txt,True,Results/warm_start_cache/experiment_3,512,60,0,32,1,1,100,100,5,3,5,1,42,3,"[(1, 3), (2, 3), (1, 6), (0, 4), (2, 6), (5, 7), (0, 7), (3, 5), (0, 6), (4, 5), (2, 4), (1, 7)]","[1.0, 1.0, 1.0, 1.0, 1.0, 1.0, 1.0, 1.0, 1.0, 1.0, 1.0, 1.0]"
b0125727,8,16,1,50.0,False,True,"[1, 1, 1]",8.13007668131079,16.29232577502577,8.146162887512885,5.257763650450013,4.9641796394134055,5.006185435897796,4.723742792326882,0.5810206935914516,,0.447043789861004,-0.11784149728082483,4.947264687257384,,0.6085139022895107,,,,6.2826409339904785,1156.5690031051636,True,1150.29070520401,0.004332065582275391,0.0,1150.29070520401,Results/warm_start_cache/experiment_3/random_graphs_8to14vertices_78instances_20260625_143415_AdjacencyList__filehash_a79662a0/hog_idx000002_76de0eb4d2db_seed42_L2_M2_amplified.npz,6.2917938232421875,2026-07-22 20:21:29,x86_64,dacsgpu0002,,64,64,3.11.15,0.22,False,False,adam,True,2,20,hamqaoa,0.01,44,standard,2,2,42,scs,1e-06,100000,False,False,False,hog,False,True,False,False,False,False,True,1,HOG_graphs/random_graphs_8to14vertices_78instances_20260625_143415_AdjacencyList.txt,True,Results/warm_start_cache/experiment_3,512,60,0,32,1,1,100,100,5,3,5,1,42,2,"[(2, 7), (2, 6), (4, 6), (1, 2), (0, 6), (3, 4), (1, 5), (4, 5), (3, 7), (2, 5), (6, 7), (0, 5), (1, 4), (3, 6), (2, 4), (1, 7)]","[1.0, 1.0, 1.0, 1.0, 1.0, 1.0, 1.0, 1.0, 1.0, 1.0, 1.0, 1.0, 1.0, 1.0, 1.0, 1.0]"
2624d910,8,12,2,10.0,False,True,"[1, 1, 1]",7.820089374374799,15.679266567683005,7.839633283841502,4.936955911082656,4.569342365744066,4.634838050207391,4.791931822951758,0.612772002153091,,0.0,0.31418754548873373,4.791931822951758,,0.612772002153091,,,,6.492860555648804,1187.0430195331573,True,1180.553341627121,0.003168821334838867,0.0,1180.553341627121,Results/warm_start_cache/experiment_3/random_graphs_8to14vertices_78instances_20260625_143415_AdjacencyList__filehash_a79662a0/hog_idx000003_cf7691ce0da7_seed42_L2_M2_amplified.npz,6.500582456588745,2026-07-22 20:21:29,x86_64,dacsgpu0002,,64,64,3.11.15,0.23,True,True,adam,True,2,20,hamqaoa,0.01,44,standard,2,2,42,scs,1e-06,100000,False,False,False,hog,False,True,False,False,False,False,True,1,HOG_graphs/random_graphs_8to14vertices_78instances_20260625_143415_AdjacencyList.txt,True,Results/warm_start_cache/experiment_3,512,60,0,32,1,1,100,100,5,3,5,1,42,3,"[(1, 3), (2, 3), (1, 6), (0, 4), (2, 6), (5, 7), (0, 7), (3, 5), (0, 6), (4, 5), (2, 4), (1, 7)]","[1.0, 1.0, 1.0, 1.0, 1.0, 1.0, 1.0, 1.0, 1.0, 1.0, 1.0, 1.0]"
d59c6584,8,16,2,10.0,False,True,"[1, 1, 1]",8.13007668131079,16.29232577502577,8.146162887512885,5.257763650450013,4.9641796394134055,5.006185435897796,4.723742792326882,0.5810206935914516,,0.5477570720418914,-0.01712821509993745,4.997621328347828,,0.6147077726629849,,,,6.938958168029785,1157.2203822135925,True,1150.29070520401,0.009266853332519531,0.0,1150.29070520401,Results/warm_start_cache/experiment_3/random_graphs_8to14vertices_78instances_20260625_143415_AdjacencyList__filehash_a79662a0/hog_idx000002_76de0eb4d2db_seed42_L2_M2_amplified.npz,6.947754621505737,2026-07-22 20:21:29,x86_64,dacsgpu0002,,64,64,3.11.15,0.23,False,False,adam,True,2,20,hamqaoa,0.01,44,standard,2,2,42,scs,1e-06,100000,False,False,False,hog,False,True,False,False,False,False,True,1,HOG_graphs/random_graphs_8to14vertices_78instances_20260625_143415_AdjacencyList.txt,True,Results/warm_start_cache/experiment_3,512,60,0,32,1,1,100,100,5,3,5,1,42,2,"[(2, 7), (2, 6), (4, 6), (1, 2), (0, 6), (3, 4), (1, 5), (4, 5), (3, 7), (2, 5), (6, 7), (0, 5), (1, 4), (3, 6), (2, 4), (1, 7)]","[1.0, 1.0, 1.0, 1.0, 1.0, 1.0, 1.0, 1.0, 1.0, 1.0, 1.0, 1.0, 1.0, 1.0, 1.0, 1.0]"
a7d4e2f6,8,16,2,5.0,False,True,"[1, 1, 1]",9.029354551197121,18.06133305214692,9.03066652607346,6.185804954987345,5.388883018483287,5.867975677631053,4.17361119239422,0.46222696968310745,,0.5745193724484174,-2.814209598025249,4.460870878618429,,0.49404094759209577,,,,6.415566444396973,1295.1614878177643,True,1288.7501392364502,0.004204988479614258,0.0,1288.7501392364502,Results/warm_start_cache/experiment_3/random_graphs_8to14vertices_78instances_20260625_143415_AdjacencyList__filehash_a79662a0/hog_idx000004_4020ac98a4c9_seed42_L2_M2_amplified.npz,6.433847427368164,2026-07-22 20:21:29,x86_64,dacsgpu0002,,64,64,3.11.15,0.23,False,False,adam,True,2,20,hamqaoa,0.01,44,standard,2,2,42,scs,1e-06,100000,False,False,False,hog,False,True,False,False,False,False,True,1,HOG_graphs/random_graphs_8to14vertices_78instances_20260625_143415_AdjacencyList.txt,True,Results/warm_start_cache/experiment_3,512,60,0,32,1,1,100,100,5,3,5,1,42,4,"[(1, 3), (0, 1), (2, 3), (1, 6), (4, 7), (2, 6), (5, 7), (0, 7), (3, 5), (4, 6), (5, 6), (3, 7), (0, 5), (1, 4), (0, 2), (2, 4)]","[1.0, 1.0, 1.0, 1.0, 1.0, 1.0, 1.0, 1.0, 1.0, 1.0, 1.0, 1.0, 1.0, 1.0, 1.0, 1.0]"
1913d08f,8,16,1,50.0,False,True,"[1, 1, 1]",9.029354551197121,18.06133305214692,9.03066652607346,6.185804954987345,5.388883018483287,5.867975677631053,4.17361119239422,0.46222696968310745,,0.6831301071807339,-2.7055988632929324,4.515176245984587,,0.5000552609140771,,,,5.953990697860718,1294.70054769516,True,1288.7501392364502,0.0035686492919921875,0.0,1288.7501392364502,Results/warm_start_cache/experiment_3/random_graphs_8to14vertices_78instances_20260625_143415_AdjacencyList__filehash_a79662a0/hog_idx000004_4020ac98a4c9_seed42_L2_M2_amplified.npz,5.963080644607544,2026-07-22 20:21:30,x86_64,dacsgpu0002,,64,64,3.11.15,0.22,False,False,adam,True,2,20,hamqaoa,0.01,44,standard,2,2,42,scs,1e-06,100000,False,False,False,hog,False,True,False,False,False,False,True,1,HOG_graphs/random_graphs_8to14vertices_78instances_20260625_143415_AdjacencyList.txt,True,Results/warm_start_cache/experiment_3,512,60,0,32,1,1,100,100,5,3,5,1,42,4,"[(1, 3), (0, 1), (2, 3), (1, 6), (4, 7), (2, 6), (5, 7), (0, 7), (3, 5), (4, 6), (5, 6), (3, 7), (0, 5), (1, 4), (0, 2), (2, 4)]","[1.0, 1.0, 1.0, 1.0, 1.0, 1.0, 1.0, 1.0, 1.0, 1.0, 1.0, 1.0, 1.0, 1.0, 1.0, 1.0]"
496a944f,8,9,2,25.0,False,True,"[1, 1, 1]",5.847763554161063,11.708745401211686,5.854372700605843,3.428934667148583,3.4252922766153886,3.2548005617301587,2.842676550606901,0.48611345590129956,,1.477003647244401,0.6527556249978854,3.5811783742291015,,0.6124013635402308,,,,7.638938665390015,1276.598795890808,True,1268.9629075527191,0.003038644790649414,0.0,1268.9629075527191,Results/warm_start_cache/experiment_3/random_graphs_8to14vertices_78instances_20260625_143415_AdjacencyList__filehash_a79662a0/hog_idx000001_2d50d1faac03_seed42_L2_M2_amplified.npz,7.646261692047119,2026-07-22 20:21:30,x86_64,dacsgpu0002,,64,64,3.11.15,0.24,True,False,adam,True,2,20,hamqaoa,0.01,44,standard,2,2,42,scs,1e-06,100000,False,False,False,hog,False,True,False,False,False,False,True,1,HOG_graphs/random_graphs_8to14vertices_78instances_20260625_143415_AdjacencyList.txt,True,Results/warm_start_cache/experiment_3,512,60,0,32,1,1,100,100,5,3,5,1,42,1,"[(2, 7), (1, 3), (3, 5), (0, 3), (4, 5), (3, 7), (1, 4), (0, 2), (3, 6)]","[1.0, 1.0, 1.0, 1.0, 1.0, 1.0, 1.0, 1.0, 1.0]"
9539683a,8,16,2,10.0,False,True,"[1, 1, 1]",9.029354551197121,18.06133305214692,9.03066652607346,6.185804954987345,5.388883018483287,5.867975677631053,4.17361119239422,0.46222696968310745,,0.5729220756007063,-2.81580689487296,4.460072230194573,,0.49395249736906743,,,,6.834388971328735,1295.5806996822357,True,1288.7501392364502,0.003814220428466797,0.0,1288.7501392364502,Results/warm_start_cache/experiment_3/random_graphs_8to14vertices_78instances_20260625_143415_AdjacencyList__filehash_a79662a0/hog_idx000004_4020ac98a4c9_seed42_L2_M2_amplified.npz,6.846723318099976,2026-07-22 20:21:30,x86_64,dacsgpu0002,,64,64,3.11.15,0.23,False,False,adam,True,2,20,hamqaoa,0.01,44,standard,2,2,42,scs,1e-06,100000,False,False,False,hog,False,True,False,False,False,False,True,1,HOG_graphs/random_graphs_8to14vertices_78instances_20260625_143415_AdjacencyList.txt,True,Results/warm_start_cache/experiment_3,512,60,0,32,1,1,100,100,5,3,5,1,42,4,"[(1, 3), (0, 1), (2, 3), (1, 6), (4, 7), (2, 6), (5, 7), (0, 7), (3, 5), (4, 6), (5, 6), (3, 7), (0, 5), (1, 4), (0, 2), (2, 4)]","[1.0, 1.0, 1.0, 1.0, 1.0, 1.0, 1.0, 1.0, 1.0, 1.0, 1.0, 1.0, 1.0, 1.0, 1.0, 1.0]"
3d663387,8,12,2,25.0,False,True,"[1, 1, 1]",7.820089374374799,15.679266567683005,7.839633283841502,4.936955911082656,4.569342365744066,4.634838050207391,4.791931822951758,0.612772002153091,,0.1760529407613678,0.4902404862501015,4.879958293332442,,0.6240284553937832,,,,8.143712997436523,1188.693400144577,True,1180.553341627121,0.003640890121459961,0.0,1180.553341627121,Results/warm_start_cache/experiment_3/random_graphs_8to14vertices_78instances_20260625_143415_AdjacencyList__filehash_a79662a0/hog_idx000003_cf7691ce0da7_seed42_L2_M2_amplified.npz,8.150405645370483,2026-07-22 20:21:31,x86_64,dacsgpu0002,,64,64,3.11.15,0.24,True,True,adam,True,2,20,hamqaoa,0.01,44,standard,2,2,42,scs,1e-06,100000,False,False,False,hog,False,True,False,False,False,False,True,1,HOG_graphs/random_graphs_8to14vertices_78instances_20260625_143415_AdjacencyList.txt,True,Results/warm_start_cache/experiment_3,512,60,0,32,1,1,100,100,5,3,5,1,42,3,"[(1, 3), (2, 3), (1, 6), (0, 4), (2, 6), (5, 7), (0, 7), (3, 5), (0, 6), (4, 5), (2, 4), (1, 7)]","[1.0, 1.0, 1.0, 1.0, 1.0, 1.0, 1.0, 1.0, 1.0, 1.0, 1.0, 1.0]"
2d487517,8,16,1,25.0,False,True,"[1, 1, 1]",8.13007668131079,16.29232577502577,8.146162887512885,5.257763650450013,4.9641796394134055,5.006185435897796,4.723742792326882,0.5810206935914516,,0.8590727979536794,0.29418751081185057,5.153279191303722,,0.6338537006852527,,,,3.9973206520080566,1154.284126996994,True,1150.29070520401,0.0038857460021972656,0.0,1150.29070520401,Results/warm_start_cache/experiment_3/random_graphs_8to14vertices_78instances_20260625_143415_AdjacencyList__filehash_a79662a0/hog_idx000002_76de0eb4d2db_seed42_L2_M2_amplified.npz,4.006180047988892,2026-07-22 20:21:31,x86_64,dacsgpu0002,,64,64,3.11.15,0.22,False,False,adam,True,2,20,hamqaoa,0.01,44,standard,2,2,42,scs,1e-06,100000,False,False,False,hog,False,True,False,False,False,False,True,1,HOG_graphs/random_graphs_8to14vertices_78instances_20260625_143415_AdjacencyList.txt,True,Results/warm_start_cache/experiment_3,512,60,0,32,1,1,100,100,5,3,5,1,42,2,"[(2, 7), (2, 6), (4, 6), (1, 2), (0, 6), (3, 4), (1, 5), (4, 5), (3, 7), (2, 5), (6, 7), (0, 5), (1, 4), (3, 6), (2, 4), (1, 7)]","[1.0, 1.0, 1.0, 1.0, 1.0, 1.0, 1.0, 1.0, 1.0, 1.0, 1.0, 1.0, 1.0, 1.0, 1.0, 1.0]"
abb56ae5,8,16,2,25.0,False,True,"[1, 1, 1]",8.13007668131079,16.29232577502577,8.146162887512885,5.257763650450013,4.9641796394134055,5.006185435897796,4.723742792326882,0.5810206935914516,,0.6987691073897881,0.1338838202479593,5.073127346021776,,0.623995018113882,,,,8.778401374816895,1159.0644528865814,True,1150.29070520401,0.004641056060791016,0.0,1150.29070520401,Results/warm_start_cache/experiment_3/random_graphs_8to14vertices_78instances_20260625_143415_AdjacencyList__filehash_a79662a0/hog_idx000002_76de0eb4d2db_seed42_L2_M2_amplified.npz,8.786401987075806,2026-07-22 20:21:31,x86_64,dacsgpu0002,,64,64,3.11.15,0.24,False,False,adam,True,2,20,hamqaoa,0.01,44,standard,2,2,42,scs,1e-06,100000,False,False,False,hog,False,True,False,False,False,False,True,1,HOG_graphs/random_graphs_8to14vertices_78instances_20260625_143415_AdjacencyList.txt,True,Results/warm_start_cache/experiment_3,512,60,0,32,1,1,100,100,5,3,5,1,42,2,"[(2, 7), (2, 6), (4, 6), (1, 2), (0, 6), (3, 4), (1, 5), (4, 5), (3, 7), (2, 5), (6, 7), (0, 5), (1, 4), (3, 6), (2, 4), (1, 7)]","[1.0, 1.0, 1.0, 1.0, 1.0, 1.0, 1.0, 1.0, 1.0, 1.0, 1.0, 1.0, 1.0, 1.0, 1.0, 1.0]"
e38baa96,8,16,2,5.0,False,True,"[1, 1, 1]",8.13007668131079,16.29232577502577,8.146162887512885,5.257763650450013,4.9641796394134055,5.006185435897796,4.723742792326882,0.5810206935914516,,0.5857784872430951,0.020893200101266274,5.0166320359484295,,0.6170460910264886,,,,5.8708906173706055,1156.15296459198,True,1150.29070520401,0.008619070053100586,0.0,1150.29070520401,Results/warm_start_cache/experiment_3/random_graphs_8to14vertices_78instances_20260625_143415_AdjacencyList__filehash_a79662a0/hog_idx000002_76de0eb4d2db_seed42_L2_M2_amplified.npz,5.8993916511535645,2026-07-22 20:21:32,x86_64,dacsgpu0002,,64,64,3.11.15,0.23,False,False,adam,True,2,20,hamqaoa,0.01,44,standard,2,2,42,scs,1e-06,100000,False,False,False,hog,False,True,False,False,False,False,True,1,HOG_graphs/random_graphs_8to14vertices_78instances_20260625_143415_AdjacencyList.txt,True,Results/warm_start_cache/experiment_3,512,60,0,32,1,1,100,100,5,3,5,1,42,2,"[(2, 7), (2, 6), (4, 6), (1, 2), (0, 6), (3, 4), (1, 5), (4, 5), (3, 7), (2, 5), (6, 7), (0, 5), (1, 4), (3, 6), (2, 4), (1, 7)]","[1.0, 1.0, 1.0, 1.0, 1.0, 1.0, 1.0, 1.0, 1.0, 1.0, 1.0, 1.0, 1.0, 1.0, 1.0, 1.0]"
17ec68ce,8,16,2,25.0,False,True,"[1, 1, 1]",9.029354551197121,18.06133305214692,9.03066652607346,6.185804954987345,5.388883018483287,5.867975677631053,4.17361119239422,0.46222696968310745,,0.702739202071589,-2.6859897684020773,4.524980793430014,,0.5011411134398402,,,,8.680729389190674,1297.4270431995392,True,1288.7501392364502,0.0038111209869384766,0.0,1288.7501392364502,Results/warm_start_cache/experiment_3/random_graphs_8to14vertices_78instances_20260625_143415_AdjacencyList__filehash_a79662a0/hog_idx000004_4020ac98a4c9_seed42_L2_M2_amplified.npz,8.692412376403809,2026-07-22 20:21:33,x86_64,dacsgpu0002,,64,64,3.11.15,0.23,False,False,adam,True,2,20,hamqaoa,0.01,44,standard,2,2,42,scs,1e-06,100000,False,False,False,hog,False,True,False,False,False,False,True,1,HOG_graphs/random_graphs_8to14vertices_78instances_20260625_143415_AdjacencyList.txt,True,Results/warm_start_cache/experiment_3,512,60,0,32,1,1,100,100,5,3,5,1,42,4,"[(1, 3), (0, 1), (2, 3), (1, 6), (4, 7), (2, 6), (5, 7), (0, 7), (3, 5), (4, 6), (5, 6), (3, 7), (0, 5), (1, 4), (0, 2), (2, 4)]","[1.0, 1.0, 1.0, 1.0, 1.0, 1.0, 1.0, 1.0, 1.0, 1.0, 1.0, 1.0, 1.0, 1.0, 1.0, 1.0]"
57f17f70,8,9,2,50.0,False,True,"[1, 1, 1]",5.847763554161063,11.708745401211686,5.854372700605843,3.428934667148583,3.4252922766153886,3.2548005617301587,2.842676550606901,0.48611345590129956,,1.750207716540812,0.9259596942942965,3.717780408877307,,0.6357610690726141,,,,10.286267518997192,1279.244769334793,True,1268.9629075527191,0.004391908645629883,0.0,1268.9629075527191,Results/warm_start_cache/experiment_3/random_graphs_8to14vertices_78instances_20260625_143415_AdjacencyList__filehash_a79662a0/hog_idx000001_2d50d1faac03_seed42_L2_M2_amplified.npz,10.292681455612183,2026-07-22 20:21:33,x86_64,dacsgpu0002,,64,64,3.11.15,0.25,True,False,adam,True,2,20,hamqaoa,0.01,44,standard,2,2,42,scs,1e-06,100000,False,False,False,hog,False,True,False,False,False,False,True,1,HOG_graphs/random_graphs_8to14vertices_78instances_20260625_143415_AdjacencyList.txt,True,Results/warm_start_cache/experiment_3,512,60,0,32,1,1,100,100,5,3,5,1,42,1,"[(2, 7), (1, 3), (3, 5), (0, 3), (4, 5), (3, 7), (1, 4), (0, 2), (3, 6)]","[1.0, 1.0, 1.0, 1.0, 1.0, 1.0, 1.0, 1.0, 1.0]"
752160b7,8,11,2,50.0,False,True,"[1, 1, 1]",6.1405390212315885,12.329105459935207,6.164552729967603,3.5969234195986597,3.742452690253659,3.348836168117458,3.130472034081806,0.5098041105606291,,1.969478512206912,1.5327502441356078,4.115211290185262,,0.670171018530534,,,,10.595961093902588,1133.092741727829,True,1122.500388622284,0.003593921661376953,0.0,1122.500388622284,Results/warm_start_cache/experiment_3/random_graphs_8to14vertices_78instances_20260625_143415_AdjacencyList__filehash_a79662a0/hog_idx000000_bd4f8ca3e79e_seed42_L2_M2_amplified.npz,10.604505777359009,2026-07-22 20:21:33,x86_64,dacsgpu0002,,64,64,3.11.15,0.24,False,False,adam,True,2,20,hamqaoa,0.01,44,standard,2,2,42,scs,1e-06,100000,False,False,False,hog,False,True,False,False,False,False,True,1,HOG_graphs/random_graphs_8to14vertices_78instances_20260625_143415_AdjacencyList.txt,True,Results/warm_start_cache/experiment_3,512,60,0,32,1,1,100,100,5,3,5,1,42,0,"[(1, 3), (1, 6), (0, 7), (3, 5), (0, 3), (5, 6), (1, 5), (1, 4), (0, 2), (3, 6), (6, 7)]","[1.0, 1.0, 1.0, 1.0, 1.0, 1.0, 1.0, 1.0, 1.0, 1.0, 1.0]"
6177cf80,8,20,1,5.0,False,True,"[1, 1, 1]",9.309016994374973,18.61803300377861,9.309016501889305,6.366839584301354,5.603577063950946,6.3668394806256146,4.988575853010685,0.535886426679107,,0.5069219863289671,-2.2496052689008916,5.242036846175169,,0.5631138979918825,,,,3.4177346229553223,1144.8164732456207,True,1141.4027750492096,0.004024505615234375,0.0,1141.4027750492096,Results/warm_start_cache/experiment_3/random_graphs_8to14vertices_78instances_20260625_143415_AdjacencyList__filehash_a79662a0/hog_idx000005_eaff65c51a14_seed42_L2_M2_amplified.npz,3.427863836288452,2026-07-22 20:21:33,x86_64,dacsgpu0002,,64,64,3.11.15,0.22,False,False,adam,True,2,20,hamqaoa,0.01,44,standard,2,2,42,scs,1e-06,100000,False,False,False,hog,False,True,False,False,False,False,True,1,HOG_graphs/random_graphs_8to14vertices_78instances_20260625_143415_AdjacencyList.txt,True,Results/warm_start_cache/experiment_3,512,60,0,32,1,1,100,100,5,3,5,1,42,5,"[(2, 6), (3, 5), (4, 6), (0, 5), (0, 2), (1, 7), (3, 4), (4, 5), (3, 7), (2, 5), (1, 3), (0, 1), (1, 6), (0, 7), (3, 6), (2, 4), (2, 7), (4, 7), (0, 6), (1, 5)]","[1.0, 1.0, 1.0, 1.0, 1.0, 1.0, 1.0, 1.0, 1.0, 1.0, 1.0, 1.0, 1.0, 1.0, 1.0, 1.0, 1.0, 1.0, 1.0, 1.0]"
64b0463d,8,12,2,50.0,False,True,"[1, 1, 1]",7.820089374374799,15.679266567683005,7.839633283841502,4.936955911082656,4.569342365744066,4.634838050207391,4.791931822951758,0.612772002153091,,0.552726205620429,0.8669137511091627,5.068294925761973,,0.648112148483875,,,,11.157614469528198,1191.7069849967957,True,1180.553341627121,0.00395655632019043,0.0,1180.553341627121,Results/warm_start_cache/experiment_3/random_graphs_8to14vertices_78instances_20260625_143415_AdjacencyList__filehash_a79662a0/hog_idx000003_cf7691ce0da7_seed42_L2_M2_amplified.npz,11.166134357452393,2026-07-22 20:21:34,x86_64,dacsgpu0002,,64,64,3.11.15,0.24,True,True,adam,True,2,20,hamqaoa,0.01,44,standard,2,2,42,scs,1e-06,100000,False,False,False,hog,False,True,False,False,False,False,True,1,HOG_graphs/random_graphs_8to14vertices_78instances_20260625_143415_AdjacencyList.txt,True,Results/warm_start_cache/experiment_3,512,60,0,32,1,1,100,100,5,3,5,1,42,3,"[(1, 3), (2, 3), (1, 6), (0, 4), (2, 6), (5, 7), (0, 7), (3, 5), (0, 6), (4, 5), (2, 4), (1, 7)]","[1.0, 1.0, 1.0, 1.0, 1.0, 1.0, 1.0, 1.0, 1.0, 1.0, 1.0, 1.0]"
e3362aad,8,20,1,10.0,False,True,"[1, 1, 1]",9.309016994374973,18.61803300377861,9.309016501889305,6.366839584301354,5.603577063950946,6.3668394806256146,4.988575853010685,0.535886426679107,,1.0107141014463874,-1.7458131537834713,5.493932903733879,,0.5901732596528312,,,,3.677968978881836,1145.0771667957306,True,1141.4027750492096,0.003562450408935547,0.0,1141.4027750492096,Results/warm_start_cache/experiment_3/random_graphs_8to14vertices_78instances_20260625_143415_AdjacencyList__filehash_a79662a0/hog_idx000005_eaff65c51a14_seed42_L2_M2_amplified.npz,3.6880290508270264,2026-07-22 20:21:34,x86_64,dacsgpu0002,,64,64,3.11.15,0.22,False,False,adam,True,2,20,hamqaoa,0.01,44,standard,2,2,42,scs,1e-06,100000,False,False,False,hog,False,True,False,False,False,False,True,1,HOG_graphs/random_graphs_8to14vertices_78instances_20260625_143415_AdjacencyList.txt,True,Results/warm_start_cache/experiment_3,512,60,0,32,1,1,100,100,5,3,5,1,42,5,"[(2, 6), (3, 5), (4, 6), (0, 5), (0, 2), (1, 7), (3, 4), (4, 5), (3, 7), (2, 5), (1, 3), (0, 1), (1, 6), (0, 7), (3, 6), (2, 4), (2, 7), (4, 7), (0, 6), (1, 5)]","[1.0, 1.0, 1.0, 1.0, 1.0, 1.0, 1.0, 1.0, 1.0, 1.0, 1.0, 1.0, 1.0, 1.0, 1.0, 1.0, 1.0, 1.0, 1.0, 1.0]"
15cb0799,8,16,2,50.0,False,True,"[1, 1, 1]",8.13007668131079,16.29232577502577,8.146162887512885,5.257763650450013,4.9641796394134055,5.006185435897796,4.723742792326882,0.5810206935914516,,1.0185124681597966,0.45362718101796773,5.23299902640678,,0.6436592459744277,,,,12.09477186203003,1162.3813304901123,True,1150.29070520401,0.00413203239440918,0.0,1150.29070520401,Results/warm_start_cache/experiment_3/random_graphs_8to14vertices_78instances_20260625_143415_AdjacencyList__filehash_a79662a0/hog_idx000002_76de0eb4d2db_seed42_L2_M2_amplified.npz,12.102839469909668,2026-07-22 20:21:35,x86_64,dacsgpu0002,,64,64,3.11.15,0.24,False,False,adam,True,2,20,hamqaoa,0.01,44,standard,2,2,42,scs,1e-06,100000,False,False,False,hog,False,True,False,False,False,False,True,1,HOG_graphs/random_graphs_8to14vertices_78instances_20260625_143415_AdjacencyList.txt,True,Results/warm_start_cache/experiment_3,512,60,0,32,1,1,100,100,5,3,5,1,42,2,"[(2, 7), (2, 6), (4, 6), (1, 2), (0, 6), (3, 4), (1, 5), (4, 5), (3, 7), (2, 5), (6, 7), (0, 5), (1, 4), (3, 6), (2, 4), (1, 7)]","[1.0, 1.0, 1.0, 1.0, 1.0, 1.0, 1.0, 1.0, 1.0, 1.0, 1.0, 1.0, 1.0, 1.0, 1.0, 1.0]"
7033f758,8,12,1,5.0,False,True,"[1, 1, 1]",6.52322519319384,13.138861381570495,6.569430690785247,4.3607894882724425,3.9295344562979233,4.13315605308932,3.7487564680410643,0.5746783771856316,,0.6017152718410612,-0.16708389825545034,4.049614103961595,,0.6207993720938616,,,,3.283137321472168,1140.4737153053284,True,1137.1946284770966,0.0040361881256103516,0.0,1137.1946284770966,Results/warm_start_cache/experiment_3/random_graphs_8to14vertices_78instances_20260625_143415_AdjacencyList__filehash_a79662a0/hog_idx000006_a3b6a38d8f9e_seed42_L2_M2_amplified.npz,3.292361259460449,2026-07-22 20:21:35,x86_64,dacsgpu0002,,64,64,3.11.15,0.22,False,False,adam,True,2,20,hamqaoa,0.01,44,standard,2,2,42,scs,1e-06,100000,False,False,False,hog,False,True,False,False,False,False,True,1,HOG_graphs/random_graphs_8to14vertices_78instances_20260625_143415_AdjacencyList.txt,True,Results/warm_start_cache/experiment_3,512,60,0,32,1,1,100,100,5,3,5,1,42,6,"[(2, 7), (0, 1), (2, 3), (2, 6), (0, 7), (3, 5), (0, 3), (5, 6), (3, 4), (4, 5), (0, 2), (2, 4)]","[1.0, 1.0, 1.0, 1.0, 1.0, 1.0, 1.0, 1.0, 1.0, 1.0, 1.0, 1.0]"
56b590ae,8,12,1,10.0,False,True,"[1, 1, 1]",6.52322519319384,13.138861381570495,6.569430690785247,4.3607894882724425,3.9295344562979233,4.13315605308932,3.7487564680410643,0.5746783771856316,,0.35557366698273984,-0.4132255031137717,3.9265433015324342,,0.6019328147109325,,,,3.539306402206421,1140.728842496872,True,1137.1946284770966,0.005080223083496094,0.0,1137.1946284770966,Results/warm_start_cache/experiment_3/random_graphs_8to14vertices_78instances_20260625_143415_AdjacencyList__filehash_a79662a0/hog_idx000006_a3b6a38d8f9e_seed42_L2_M2_amplified.npz,3.5507733821868896,2026-07-22 20:21:36,x86_64,dacsgpu0002,,64,64,3.11.15,0.22,False,False,adam,True,2,20,hamqaoa,0.01,44,standard,2,2,42,scs,1e-06,100000,False,False,False,hog,False,True,False,False,False,False,True,1,HOG_graphs/random_graphs_8to14vertices_78instances_20260625_143415_AdjacencyList.txt,True,Results/warm_start_cache/experiment_3,512,60,0,32,1,1,100,100,5,3,5,1,42,6,"[(2, 7), (0, 1), (2, 3), (2, 6), (0, 7), (3, 5), (0, 3), (5, 6), (3, 4), (4, 5), (0, 2), (2, 4)]","[1.0, 1.0, 1.0, 1.0, 1.0, 1.0, 1.0, 1.0, 1.0, 1.0, 1.0, 1.0]"
09abb3d9,8,20,1,25.0,False,True,"[1, 1, 1]",9.309016994374973,18.61803300377861,9.309016501889305,6.366839584301354,5.603577063950946,6.3668394806256146,4.988575853010685,0.535886426679107,,1.0429116039388049,-1.7136156512910539,5.510031654980088,,0.5919026314281686,,,,4.916032552719116,1146.313972711563,True,1141.4027750492096,0.004821062088012695,0.0,1141.4027750492096,Results/warm_start_cache/experiment_3/random_graphs_8to14vertices_78instances_20260625_143415_AdjacencyList__filehash_a79662a0/hog_idx000005_eaff65c51a14_seed42_L2_M2_amplified.npz,4.923514127731323,2026-07-22 20:21:36,x86_64,dacsgpu0002,,64,64,3.11.15,0.22,False,False,adam,True,2,20,hamqaoa,0.01,44,standard,2,2,42,scs,1e-06,100000,False,False,False,hog,False,True,False,False,False,False,True,1,HOG_graphs/random_graphs_8to14vertices_78instances_20260625_143415_AdjacencyList.txt,True,Results/warm_start_cache/experiment_3,512,60,0,32,1,1,100,100,5,3,5,1,42,5,"[(2, 6), (3, 5), (4, 6), (0, 5), (0, 2), (1, 7), (3, 4), (4, 5), (3, 7), (2, 5), (1, 3), (0, 1), (1, 6), (0, 7), (3, 6), (2, 4), (2, 7), (4, 7), (0, 6), (1, 5)]","[1.0, 1.0, 1.0, 1.0, 1.0, 1.0, 1.0, 1.0, 1.0, 1.0, 1.0, 1.0, 1.0, 1.0, 1.0, 1.0, 1.0, 1.0, 1.0, 1.0]"
49dd09b9,8,15,1,5.0,False,True,"[1, 1, 1]",7.5806979535883885,15.172563024004521,7.586281512002261,4.958848140362963,4.676639108626789,4.710448510417178,3.657196466181467,0.4824353230496806,,1.7864258334789715,-0.3200782549924508,4.550409382920953,,0.6002625893789869,,,,3.365152359008789,1205.3547945022583,True,1201.99880194664,0.009145498275756836,0.0,1201.99880194664,Results/warm_start_cache/experiment_3/random_graphs_8to14vertices_78instances_20260625_143415_AdjacencyList__filehash_a79662a0/hog_idx000007_21c2570f08f1_seed42_L2_M2_amplified.npz,3.3738784790039062,2026-07-22 20:21:37,x86_64,dacsgpu0002,,64,64,3.11.15,0.22,False,False,adam,True,2,20,hamqaoa,0.01,44,standard,2,2,42,scs,1e-06,100000,False,False,False,hog,False,True,False,False,False,False,True,1,HOG_graphs/random_graphs_8to14vertices_78instances_20260625_143415_AdjacencyList.txt,True,Results/warm_start_cache/experiment_3,512,60,0,32,1,1,100,100,5,3,5,1,42,7,"[(0, 1), (0, 4), (4, 7), (2, 6), (0, 3), (4, 6), (0, 6), (3, 4), (4, 5), (3, 7), (2, 5), (0, 5), (0, 2), (2, 4), (1, 7)]","[1.0, 1.0, 1.0, 1.0, 1.0, 1.0, 1.0, 1.0, 1.0, 1.0, 1.0, 1.0, 1.0, 1.0, 1.0]"
073337d2,8,20,2,5.0,False,True,"[1, 1, 1]",9.309016994374973,18.61803300377861,9.309016501889305,6.366839584301354,5.603577063950946,6.3668394806256146,4.988575853010685,0.535886426679107,,0.6181374695664825,-2.1383897856633762,5.297644587793926,,0.569087433291298,,,,6.7581706047058105,1148.1572897434235,True,1141.4027750492096,0.003641366958618164,0.0,1141.4027750492096,Results/warm_start_cache/experiment_3/random_graphs_8to14vertices_78instances_20260625_143415_AdjacencyList__filehash_a79662a0/hog_idx000005_eaff65c51a14_seed42_L2_M2_amplified.npz,6.768376588821411,2026-07-22 20:21:37,x86_64,dacsgpu0002,,64,64,3.11.15,0.24,False,False,adam,True,2,20,hamqaoa,0.01,44,standard,2,2,42,scs,1e-06,100000,False,False,False,hog,False,True,False,False,False,False,True,1,HOG_graphs/random_graphs_8to14vertices_78instances_20260625_143415_AdjacencyList.txt,True,Results/warm_start_cache/experiment_3,512,60,0,32,1,1,100,100,5,3,5,1,42,5,"[(2, 6), (3, 5), (4, 6), (0, 5), (0, 2), (1, 7), (3, 4), (4, 5), (3, 7), (2, 5), (1, 3), (0, 1), (1, 6), (0, 7), (3, 6), (2, 4), (2, 7), (4, 7), (0, 6), (1, 5)]","[1.0, 1.0, 1.0, 1.0, 1.0, 1.0, 1.0, 1.0, 1.0, 1.0, 1.0, 1.0, 1.0, 1.0, 1.0, 1.0, 1.0, 1.0, 1.0, 1.0]"
378905b9,8,12,1,25.0,False,True,"[1, 1, 1]",6.52322519319384,13.138861381570495,6.569430690785247,4.3607894882724425,3.9295344562979233,4.13315605308932,3.7487564680410643,0.5746783771856316,,0.5178134917729844,-0.25098567832352714,4.0076632139275565,,0.6143683676763215,,,,4.638603448867798,1141.8282959461212,True,1137.1946284770966,0.004921674728393555,0.0,1137.1946284770966,Results/warm_start_cache/experiment_3/random_graphs_8to14vertices_78instances_20260625_143415_AdjacencyList__filehash_a79662a0/hog_idx000006_a3b6a38d8f9e_seed42_L2_M2_amplified.npz,4.66077446937561,2026-07-22 20:21:37,x86_64,dacsgpu0002,,64,64,3.11.15,0.22,False,False,adam,True,2,20,hamqaoa,0.01,44,standard,2,2,42,scs,1e-06,100000,False,False,False,hog,False,True,False,False,False,False,True,1,HOG_graphs/random_graphs_8to14vertices_78instances_20260625_143415_AdjacencyList.txt,True,Results/warm_start_cache/experiment_3,512,60,0,32,1,1,100,100,5,3,5,1,42,6,"[(2, 7), (0, 1), (2, 3), (2, 6), (0, 7), (3, 5), (0, 3), (5, 6), (3, 4), (4, 5), (0, 2), (2, 4)]","[1.0, 1.0, 1.0, 1.0, 1.0, 1.0, 1.0, 1.0, 1.0, 1.0, 1.0, 1.0]"
b04c76b8,8,15,1,10.0,False,True,"[1, 1, 1]",7.5806979535883885,15.172563024004521,7.586281512002261,4.958848140362963,4.676639108626789,4.710448510417178,3.657196466181467,0.4824353230496806,,1.969527390669989,-0.1369766978014333,4.641960161516462,,0.6123394164938533,,,,3.6213648319244385,1205.616792678833,True,1201.99880194664,0.003360748291015625,0.0,1201.99880194664,Results/warm_start_cache/experiment_3/random_graphs_8to14vertices_78instances_20260625_143415_AdjacencyList__filehash_a79662a0/hog_idx000007_21c2570f08f1_seed42_L2_M2_amplified.npz,3.6382758617401123,2026-07-22 20:21:37,x86_64,dacsgpu0002,,64,64,3.11.15,0.22,False,False,adam,True,2,20,hamqaoa,0.01,44,standard,2,2,42,scs,1e-06,100000,False,False,False,hog,False,True,False,False,False,False,True,1,HOG_graphs/random_graphs_8to14vertices_78instances_20260625_143415_AdjacencyList.txt,True,Results/warm_start_cache/experiment_3,512,60,0,32,1,1,100,100,5,3,5,1,42,7,"[(0, 1), (0, 4), (4, 7), (2, 6), (0, 3), (4, 6), (0, 6), (3, 4), (4, 5), (3, 7), (2, 5), (0, 5), (0, 2), (2, 4), (1, 7)]","[1.0, 1.0, 1.0, 1.0, 1.0, 1.0, 1.0, 1.0, 1.0, 1.0, 1.0, 1.0, 1.0, 1.0, 1.0]"
9091b153,8,12,2,5.0,False,True,"[1, 1, 1]",6.52322519319384,13.138861381570495,6.569430690785247,4.3607894882724425,3.9295344562979233,4.13315605308932,3.7487564680410643,0.5746783771856316,,0.41183576265569766,-0.3569634074408139,3.954674349368913,,0.6062452593994633,,,,5.792797327041626,1142.9835934638977,True,1137.1946284770966,0.0038204193115234375,0.0,1137.1946284770966,Results/warm_start_cache/experiment_3/random_graphs_8to14vertices_78instances_20260625_143415_AdjacencyList__filehash_a79662a0/hog_idx000006_a3b6a38d8f9e_seed42_L2_M2_amplified.npz,5.801473617553711,2026-07-22 20:21:38,x86_64,dacsgpu0002,,64,64,3.11.15,0.23,False,False,adam,True,2,20,hamqaoa,0.01,44,standard,2,2,42,scs,1e-06,100000,False,False,False,hog,False,True,False,False,False,False,True,1,HOG_graphs/random_graphs_8to14vertices_78instances_20260625_143415_AdjacencyList.txt,True,Results/warm_start_cache/experiment_3,512,60,0,32,1,1,100,100,5,3,5,1,42,6,"[(2, 7), (0, 1), (2, 3), (2, 6), (0, 7), (3, 5), (0, 3), (5, 6), (3, 4), (4, 5), (0, 2), (2, 4)]","[1.0, 1.0, 1.0, 1.0, 1.0, 1.0, 1.0, 1.0, 1.0, 1.0, 1.0, 1.0]"
81620c9d,8,20,1,50.0,False,True,"[1, 1, 1]",9.309016994374973,18.61803300377861,9.309016501889305,6.366839584301354,5.603577063950946,6.3668394806256146,4.988575853010685,0.535886426679107,,1.0769981697906115,-1.6795290854392473,5.527074937905991,,0.593733467373167,,,,6.675150632858276,1148.075012922287,True,1141.4027750492096,0.0028994083404541016,0.0,1141.4027750492096,Results/warm_start_cache/experiment_3/random_graphs_8to14vertices_78instances_20260625_143415_AdjacencyList__filehash_a79662a0/hog_idx000005_eaff65c51a14_seed42_L2_M2_amplified.npz,6.683263540267944,2026-07-22 20:21:38,x86_64,dacsgpu0002,,64,64,3.11.15,0.22,False,False,adam,True,2,20,hamqaoa,0.01,44,standard,2,2,42,scs,1e-06,100000,False,False,False,hog,False,True,False,False,False,False,True,1,HOG_graphs/random_graphs_8to14vertices_78instances_20260625_143415_AdjacencyList.txt,True,Results/warm_start_cache/experiment_3,512,60,0,32,1,1,100,100,5,3,5,1,42,5,"[(2, 6), (3, 5), (4, 6), (0, 5), (0, 2), (1, 7), (3, 4), (4, 5), (3, 7), (2, 5), (1, 3), (0, 1), (1, 6), (0, 7), (3, 6), (2, 4), (2, 7), (4, 7), (0, 6), (1, 5)]","[1.0, 1.0, 1.0, 1.0, 1.0, 1.0, 1.0, 1.0, 1.0, 1.0, 1.0, 1.0, 1.0, 1.0, 1.0, 1.0, 1.0, 1.0, 1.0, 1.0]"
94c0c653,8,20,2,10.0,False,True,"[1, 1, 1]",9.309016994374973,18.61803300377861,9.309016501889305,6.366839584301354,5.603577063950946,6.3668394806256146,4.988575853010685,0.535886426679107,,1.0909831888283605,-1.6655440664014982,5.5340674474248654,,0.5944846218208494,,,,7.377225637435913,1148.776466846466,True,1141.4027750492096,0.0035223960876464844,0.0,1141.4027750492096,Results/warm_start_cache/experiment_3/random_graphs_8to14vertices_78instances_20260625_143415_AdjacencyList__filehash_a79662a0/hog_idx000005_eaff65c51a14_seed42_L2_M2_amplified.npz,7.384601831436157,2026-07-22 20:21:38,x86_64,dacsgpu0002,,64,64,3.11.15,0.24,False,False,adam,True,2,20,hamqaoa,0.01,44,standard,2,2,42,scs,1e-06,100000,False,False,False,hog,False,True,False,False,False,False,True,1,HOG_graphs/random_graphs_8to14vertices_78instances_20260625_143415_AdjacencyList.txt,True,Results/warm_start_cache/experiment_3,512,60,0,32,1,1,100,100,5,3,5,1,42,5,"[(2, 6), (3, 5), (4, 6), (0, 5), (0, 2), (1, 7), (3, 4), (4, 5), (3, 7), (2, 5), (1, 3), (0, 1), (1, 6), (0, 7), (3, 6), (2, 4), (2, 7), (4, 7), (0, 6), (1, 5)]","[1.0, 1.0, 1.0, 1.0, 1.0, 1.0, 1.0, 1.0, 1.0, 1.0, 1.0, 1.0, 1.0, 1.0, 1.0, 1.0, 1.0, 1.0, 1.0, 1.0]"
236b0966,8,16,1,5.0,False,True,"[1, 1, 1]",8.115104877307424,16.318573130548774,8.159286565274387,5.536866439202001,4.945264386778509,5.400127212253312,5.503635807083054,0.6781965101243583,,0.07385652367189621,0.28087371333137945,5.540564068919002,,0.6827470689149431,,,,3.1462323665618896,1213.992877960205,True,1210.8498258590698,0.0031681060791015625,0.0,1210.8498258590698,Results/warm_start_cache/experiment_3/random_graphs_8to14vertices_78instances_20260625_143415_AdjacencyList__filehash_a79662a0/hog_idx000008_bff8598791e4_seed42_L2_M2_amplified.npz,3.1528782844543457,2026-07-22 20:21:38,x86_64,dacsgpu0002,,64,64,3.11.15,0.22,False,False,adam,True,2,20,hamqaoa,0.01,44,standard,2,2,42,scs,1e-06,100000,False,False,False,hog,False,True,False,False,False,False,True,1,HOG_graphs/random_graphs_8to14vertices_78instances_20260625_143415_AdjacencyList.txt,True,Results/warm_start_cache/experiment_3,512,60,0,32,1,1,100,100,5,3,5,1,42,8,"[(1, 3), (0, 1), (2, 3), (5, 7), (0, 7), (3, 5), (4, 6), (1, 2), (5, 6), (0, 6), (3, 4), (2, 5), (1, 4), (0, 2), (6, 7), (1, 7)]","[1.0, 1.0, 1.0, 1.0, 1.0, 1.0, 1.0, 1.0, 1.0, 1.0, 1.0, 1.0, 1.0, 1.0, 1.0, 1.0]"
111460a8,8,12,1,50.0,False,True,"[1, 1, 1]",6.52322519319384,13.138861381570495,6.569430690785247,4.3607894882724425,3.9295344562979233,4.13315605308932,3.7487564680410643,0.5746783771856316,,1.0437402235808362,0.2749410534843246,4.270626579831482,,0.6546802315344472,,,,5.651917219161987,1142.8434927463531,True,1137.1946284770966,0.003039121627807617,0.0,1137.1946284770966,Results/warm_start_cache/experiment_3/random_graphs_8to14vertices_78instances_20260625_143415_AdjacencyList__filehash_a79662a0/hog_idx000006_a3b6a38d8f9e_seed42_L2_M2_amplified.npz,5.672370910644531,2026-07-22 20:21:39,x86_64,dacsgpu0002,,64,64,3.11.15,0.22,False,False,adam,True,2,20,hamqaoa,0.01,44,standard,2,2,42,scs,1e-06,100000,False,False,False,hog,False,True,False,False,False,False,True,1,HOG_graphs/random_graphs_8to14vertices_78instances_20260625_143415_AdjacencyList.txt,True,Results/warm_start_cache/experiment_3,512,60,0,32,1,1,100,100,5,3,5,1,42,6,"[(2, 7), (0, 1), (2, 3), (2, 6), (0, 7), (3, 5), (0, 3), (5, 6), (3, 4), (4, 5), (0, 2), (2, 4)]","[1.0, 1.0, 1.0, 1.0, 1.0, 1.0, 1.0, 1.0, 1.0, 1.0, 1.0, 1.0]"
ed86723e,8,15,1,25.0,False,True,"[1, 1, 1]",7.5806979535883885,15.172563024004521,7.586281512002261,4.958848140362963,4.676639108626789,4.710448510417178,3.657196466181467,0.4824353230496806,,2.1134974817888645,0.006993393317442198,4.713945207075899,,0.6218352499910003,,,,4.396989583969116,1206.392272233963,True,1201.99880194664,0.0035047531127929688,0.0,1201.99880194664,Results/warm_start_cache/experiment_3/random_graphs_8to14vertices_78instances_20260625_143415_AdjacencyList__filehash_a79662a0/hog_idx000007_21c2570f08f1_seed42_L2_M2_amplified.npz,4.404595851898193,2026-07-22 20:21:39,x86_64,dacsgpu0002,,64,64,3.11.15,0.22,False,False,adam,True,2,20,hamqaoa,0.01,44,standard,2,2,42,scs,1e-06,100000,False,False,False,hog,False,True,False,False,False,False,True,1,HOG_graphs/random_graphs_8to14vertices_78instances_20260625_143415_AdjacencyList.txt,True,Results/warm_start_cache/experiment_3,512,60,0,32,1,1,100,100,5,3,5,1,42,7,"[(0, 1), (0, 4), (4, 7), (2, 6), (0, 3), (4, 6), (0, 6), (3, 4), (4, 5), (3, 7), (2, 5), (0, 5), (0, 2), (2, 4), (1, 7)]","[1.0, 1.0, 1.0, 1.0, 1.0, 1.0, 1.0, 1.0, 1.0, 1.0, 1.0, 1.0, 1.0, 1.0, 1.0]"
06f60ea2,8,12,2,10.0,False,True,"[1, 1, 1]",6.52322519319384,13.138861381570495,6.569430690785247,4.3607894882724425,3.9295344562979233,4.13315605308932,3.7487564680410643,0.5746783771856316,,0.17320618625826967,-0.5955929838382419,3.835359561170199,,0.5879544929971008,,,,6.4787938594818115,1143.669608592987,True,1137.1946284770966,0.0037996768951416016,0.0,1137.1946284770966,Results/warm_start_cache/experiment_3/random_graphs_8to14vertices_78instances_20260625_143415_AdjacencyList__filehash_a79662a0/hog_idx000006_a3b6a38d8f9e_seed42_L2_M2_amplified.npz,6.4927685260772705,2026-07-22 20:21:39,x86_64,dacsgpu0002,,64,64,3.11.15,0.24,False,False,adam,True,2,20,hamqaoa,0.01,44,standard,2,2,42,scs,1e-06,100000,False,False,False,hog,False,True,False,False,False,False,True,1,HOG_graphs/random_graphs_8to14vertices_78instances_20260625_143415_AdjacencyList.txt,True,Results/warm_start_cache/experiment_3,512,60,0,32,1,1,100,100,5,3,5,1,42,6,"[(2, 7), (0, 1), (2, 3), (2, 6), (0, 7), (3, 5), (0, 3), (5, 6), (3, 4), (4, 5), (0, 2), (2, 4)]","[1.0, 1.0, 1.0, 1.0, 1.0, 1.0, 1.0, 1.0, 1.0, 1.0, 1.0, 1.0]"
b660b495,8,16,1,10.0,False,True,"[1, 1, 1]",8.115104877307424,16.318573130548774,8.159286565274387,5.536866439202001,4.945264386778509,5.400127212253312,5.503635807083054,0.6781965101243583,,0.13079227930422732,0.33780946896371056,5.569031946735167,,0.6862550799938597,,,,3.2714433670043945,1214.1176776885986,True,1210.8498258590698,0.003577709197998047,0.0,1210.8498258590698,Results/warm_start_cache/experiment_3/random_graphs_8to14vertices_78instances_20260625_143415_AdjacencyList__filehash_a79662a0/hog_idx000008_bff8598791e4_seed42_L2_M2_amplified.npz,3.28192400932312,2026-07-22 20:21:39,x86_64,dacsgpu0002,,64,64,3.11.15,0.22,False,False,adam,True,2,20,hamqaoa,0.01,44,standard,2,2,42,scs,1e-06,100000,False,False,False,hog,False,True,False,False,False,False,True,1,HOG_graphs/random_graphs_8to14vertices_78instances_20260625_143415_AdjacencyList.txt,True,Results/warm_start_cache/experiment_3,512,60,0,32,1,1,100,100,5,3,5,1,42,8,"[(1, 3), (0, 1), (2, 3), (5, 7), (0, 7), (3, 5), (4, 6), (1, 2), (5, 6), (0, 6), (3, 4), (2, 5), (1, 4), (0, 2), (6, 7), (1, 7)]","[1.0, 1.0, 1.0, 1.0, 1.0, 1.0, 1.0, 1.0, 1.0, 1.0, 1.0, 1.0, 1.0, 1.0, 1.0, 1.0]"
66d3d334,8,15,2,5.0,False,True,"[1, 1, 1]",7.5806979535883885,15.172563024004521,7.586281512002261,4.958848140362963,4.676639108626789,4.710448510417178,3.657196466181467,0.4824353230496806,,1.8958848212155806,-0.2106192672558418,4.605138876789257,,0.6074821744624946,,,,5.991700649261475,1207.9868042469025,True,1201.99880194664,0.0036835670471191406,0.0,1201.99880194664,Results/warm_start_cache/experiment_3/random_graphs_8to14vertices_78instances_20260625_143415_AdjacencyList__filehash_a79662a0/hog_idx000007_21c2570f08f1_seed42_L2_M2_amplified.npz,6.004004240036011,2026-07-22 20:21:39,x86_64,dacsgpu0002,,64,64,3.11.15,0.24,False,False,adam,True,2,20,hamqaoa,0.01,44,standard,2,2,42,scs,1e-06,100000,False,False,False,hog,False,True,False,False,False,False,True,1,HOG_graphs/random_graphs_8to14vertices_78instances_20260625_143415_AdjacencyList.txt,True,Results/warm_start_cache/experiment_3,512,60,0,32,1,1,100,100,5,3,5,1,42,7,"[(0, 1), (0, 4), (4, 7), (2, 6), (0, 3), (4, 6), (0, 6), (3, 4), (4, 5), (3, 7), (2, 5), (0, 5), (0, 2), (2, 4), (1, 7)]","[1.0, 1.0, 1.0, 1.0, 1.0, 1.0, 1.0, 1.0, 1.0, 1.0, 1.0, 1.0, 1.0, 1.0, 1.0]"
f2bd6478,8,20,2,25.0,False,True,"[1, 1, 1]",9.309016994374973,18.61803300377861,9.309016501889305,6.366839584301354,5.603577063950946,6.3668394806256146,4.988575853010685,0.535886426679107,,1.443072255417988,-1.3134549998118707,5.710111980719679,,0.6133958058267642,,,,8.9791579246521,1150.3783988952637,True,1141.4027750492096,0.0035216808319091797,0.0,1141.4027750492096,Results/warm_start_cache/experiment_3/random_graphs_8to14vertices_78instances_20260625_143415_AdjacencyList__filehash_a79662a0/hog_idx000005_eaff65c51a14_seed42_L2_M2_amplified.npz,8.986154556274414,2026-07-22 20:21:40,x86_64,dacsgpu0002,,64,64,3.11.15,0.24,False,False,adam,True,2,20,hamqaoa,0.01,44,standard,2,2,42,scs,1e-06,100000,False,False,False,hog,False,True,False,False,False,False,True,1,HOG_graphs/random_graphs_8to14vertices_78instances_20260625_143415_AdjacencyList.txt,True,Results/warm_start_cache/experiment_3,512,60,0,32,1,1,100,100,5,3,5,1,42,5,"[(2, 6), (3, 5), (4, 6), (0, 5), (0, 2), (1, 7), (3, 4), (4, 5), (3, 7), (2, 5), (1, 3), (0, 1), (1, 6), (0, 7), (3, 6), (2, 4), (2, 7), (4, 7), (0, 6), (1, 5)]","[1.0, 1.0, 1.0, 1.0, 1.0, 1.0, 1.0, 1.0, 1.0, 1.0, 1.0, 1.0, 1.0, 1.0, 1.0, 1.0, 1.0, 1.0, 1.0, 1.0]"
a0722209,8,16,1,25.0,False,True,"[1, 1, 1]",8.115104877307424,16.318573130548774,8.159286565274387,5.536866439202001,4.945264386778509,5.400127212253312,5.503635807083054,0.6781965101243583,,0.15228756218558281,0.35930475184506605,5.579779588175845,,0.6875794795676388,,,,3.82000994682312,1214.6668193340302,True,1210.8498258590698,0.0030019283294677734,0.0,1210.8498258590698,Results/warm_start_cache/experiment_3/random_graphs_8to14vertices_78instances_20260625_143415_AdjacencyList__filehash_a79662a0/hog_idx000008_bff8598791e4_seed42_L2_M2_amplified.npz,3.833869457244873,2026-07-22 20:21:40,x86_64,dacsgpu0002,,64,64,3.11.15,0.22,False,False,adam,True,2,20,hamqaoa,0.01,44,standard,2,2,42,scs,1e-06,100000,False,False,False,hog,False,True,False,False,False,False,True,1,HOG_graphs/random_graphs_8to14vertices_78instances_20260625_143415_AdjacencyList.txt,True,Results/warm_start_cache/experiment_3,512,60,0,32,1,1,100,100,5,3,5,1,42,8,"[(1, 3), (0, 1), (2, 3), (5, 7), (0, 7), (3, 5), (4, 6), (1, 2), (5, 6), (0, 6), (3, 4), (2, 5), (1, 4), (0, 2), (6, 7), (1, 7)]","[1.0, 1.0, 1.0, 1.0, 1.0, 1.0, 1.0, 1.0, 1.0, 1.0, 1.0, 1.0, 1.0, 1.0, 1.0, 1.0]"
1d4777bf,8,15,1,50.0,False,True,"[1, 1, 1]",7.5806979535883885,15.172563024004521,7.586281512002261,4.958848140362963,4.676639108626789,4.710448510417178,3.657196466181467,0.4824353230496806,,2.1301174642151066,0.023613375743684273,4.72225519828902,,0.6229314539637739,,,,5.324603080749512,1207.3195254802704,True,1201.99880194664,0.003864765167236328,0.0,1201.99880194664,Results/warm_start_cache/experiment_3/random_graphs_8to14vertices_78instances_20260625_143415_AdjacencyList__filehash_a79662a0/hog_idx000007_21c2570f08f1_seed42_L2_M2_amplified.npz,5.343504905700684,2026-07-22 20:21:40,x86_64,dacsgpu0002,,64,64,3.11.15,0.22,False,False,adam,True,2,20,hamqaoa,0.01,44,standard,2,2,42,scs,1e-06,100000,False,False,False,hog,False,True,False,False,False,False,True,1,HOG_graphs/random_graphs_8to14vertices_78instances_20260625_143415_AdjacencyList.txt,True,Results/warm_start_cache/experiment_3,512,60,0,32,1,1,100,100,5,3,5,1,42,7,"[(0, 1), (0, 4), (4, 7), (2, 6), (0, 3), (4, 6), (0, 6), (3, 4), (4, 5), (3, 7), (2, 5), (0, 5), (0, 2), (2, 4), (1, 7)]","[1.0, 1.0, 1.0, 1.0, 1.0, 1.0, 1.0, 1.0, 1.0, 1.0, 1.0, 1.0, 1.0, 1.0, 1.0]"
1845c91c,8,15,2,10.0,False,True,"[1, 1, 1]",7.5806979535883885,15.172563024004521,7.586281512002261,4.958848140362963,4.676639108626789,4.710448510417178,3.657196466181467,0.4824353230496806,,1.8966602508229018,-0.20984383764852055,4.605526591592918,,0.6075333194633948,,,,6.152439594268799,1208.1475760936737,True,1201.99880194664,0.003649473190307617,0.0,1201.99880194664,Results/warm_start_cache/experiment_3/random_graphs_8to14vertices_78instances_20260625_143415_AdjacencyList__filehash_a79662a0/hog_idx000007_21c2570f08f1_seed42_L2_M2_amplified.npz,6.163679599761963,2026-07-22 20:21:40,x86_64,dacsgpu0002,,64,64,3.11.15,0.24,False,False,adam,True,2,20,hamqaoa,0.01,44,standard,2,2,42,scs,1e-06,100000,False,False,False,hog,False,True,False,False,False,False,True,1,HOG_graphs/random_graphs_8to14vertices_78instances_20260625_143415_AdjacencyList.txt,True,Results/warm_start_cache/experiment_3,512,60,0,32,1,1,100,100,5,3,5,1,42,7,"[(0, 1), (0, 4), (4, 7), (2, 6), (0, 3), (4, 6), (0, 6), (3, 4), (4, 5), (3, 7), (2, 5), (0, 5), (0, 2), (2, 4), (1, 7)]","[1.0, 1.0, 1.0, 1.0, 1.0, 1.0, 1.0, 1.0, 1.0, 1.0, 1.0, 1.0, 1.0, 1.0, 1.0]"
2f5e6326,8,12,2,25.0,False,True,"[1, 1, 1]",6.52322519319384,13.138861381570495,6.569430690785247,4.3607894882724425,3.9295344562979233,4.13315605308932,3.7487564680410643,0.5746783771856316,,0.936604914591995,0.16780574449548347,4.217058925337062,,0.6464683956851635,,,,7.564048528671265,1144.7549238204956,True,1137.1946284770966,0.003740072250366211,0.0,1137.1946284770966,Results/warm_start_cache/experiment_3/random_graphs_8to14vertices_78instances_20260625_143415_AdjacencyList__filehash_a79662a0/hog_idx000006_a3b6a38d8f9e_seed42_L2_M2_amplified.npz,7.571686029434204,2026-07-22 20:21:40,x86_64,dacsgpu0002,,64,64,3.11.15,0.24,False,False,adam,True,2,20,hamqaoa,0.01,44,standard,2,2,42,scs,1e-06,100000,False,False,False,hog,False,True,False,False,False,False,True,1,HOG_graphs/random_graphs_8to14vertices_78instances_20260625_143415_AdjacencyList.txt,True,Results/warm_start_cache/experiment_3,512,60,0,32,1,1,100,100,5,3,5,1,42,6,"[(2, 7), (0, 1), (2, 3), (2, 6), (0, 7), (3, 5), (0, 3), (5, 6), (3, 4), (4, 5), (0, 2), (2, 4)]","[1.0, 1.0, 1.0, 1.0, 1.0, 1.0, 1.0, 1.0, 1.0, 1.0, 1.0, 1.0]"
d98e02a4,8,16,2,5.0,False,True,"[1, 1, 1]",8.115104877307424,16.318573130548774,8.159286565274387,5.536866439202001,4.945264386778509,5.400127212253312,5.503635807083054,0.6781965101243583,,0.0,0.20701718965948324,5.503635807083054,,0.6781965101243583,,,,5.470391035079956,1216.3163423538208,True,1210.8498258590698,0.003861665725708008,0.0,1210.8498258590698,Results/warm_start_cache/experiment_3/random_graphs_8to14vertices_78instances_20260625_143415_AdjacencyList__filehash_a79662a0/hog_idx000008_bff8598791e4_seed42_L2_M2_amplified.npz,5.48405122756958,2026-07-22 20:21:41,x86_64,dacsgpu0002,,64,64,3.11.15,0.24,False,False,adam,True,2,20,hamqaoa,0.01,44,standard,2,2,42,scs,1e-06,100000,False,False,False,hog,False,True,False,False,False,False,True,1,HOG_graphs/random_graphs_8to14vertices_78instances_20260625_143415_AdjacencyList.txt,True,Results/warm_start_cache/experiment_3,512,60,0,32,1,1,100,100,5,3,5,1,42,8,"[(1, 3), (0, 1), (2, 3), (5, 7), (0, 7), (3, 5), (4, 6), (1, 2), (5, 6), (0, 6), (3, 4), (2, 5), (1, 4), (0, 2), (6, 7), (1, 7)]","[1.0, 1.0, 1.0, 1.0, 1.0, 1.0, 1.0, 1.0, 1.0, 1.0, 1.0, 1.0, 1.0, 1.0, 1.0, 1.0]"
bb0591e3,8,16,2,50.0,False,True,"[1, 1, 1]",9.029354551197121,18.06133305214692,9.03066652607346,6.185804954987345,5.388883018483287,5.867975677631053,4.17361119239422,0.46222696968310745,,0.9454351834214592,-2.443293787052207,4.646328784104949,,0.514580389745459,,,,11.353909969329834,1300.0990600585938,True,1288.7501392364502,0.0049746036529541016,0.0,1288.7501392364502,Results/warm_start_cache/experiment_3/random_graphs_8to14vertices_78instances_20260625_143415_AdjacencyList__filehash_a79662a0/hog_idx000004_4020ac98a4c9_seed42_L2_M2_amplified.npz,11.361998558044434,2026-07-22 20:21:41,x86_64,dacsgpu0002,,64,64,3.11.15,0.25,False,False,adam,True,2,20,hamqaoa,0.01,44,standard,2,2,42,scs,1e-06,100000,False,False,False,hog,False,True,False,False,False,False,True,1,HOG_graphs/random_graphs_8to14vertices_78instances_20260625_143415_AdjacencyList.txt,True,Results/warm_start_cache/experiment_3,512,60,0,32,1,1,100,100,5,3,5,1,42,4,"[(1, 3), (0, 1), (2, 3), (1, 6), (4, 7), (2, 6), (5, 7), (0, 7), (3, 5), (4, 6), (5, 6), (3, 7), (0, 5), (1, 4), (0, 2), (2, 4)]","[1.0, 1.0, 1.0, 1.0, 1.0, 1.0, 1.0, 1.0, 1.0, 1.0, 1.0, 1.0, 1.0, 1.0, 1.0, 1.0]"
1522c605,8,15,2,25.0,False,True,"[1, 1, 1]",7.5806979535883885,15.172563024004521,7.586281512002261,4.958848140362963,4.676639108626789,4.710448510417178,3.657196466181467,0.4824353230496806,,2.0162522308248887,-0.09025185764653365,4.665322581593911,,0.6154212461908657,,,,7.395727157592773,1209.390563249588,True,1201.99880194664,0.003952503204345703,0.0,1201.99880194664,Results/warm_start_cache/experiment_3/random_graphs_8to14vertices_78instances_20260625_143415_AdjacencyList__filehash_a79662a0/hog_idx000007_21c2570f08f1_seed42_L2_M2_amplified.npz,7.4043989181518555,2026-07-22 20:21:42,x86_64,dacsgpu0002,,64,64,3.11.15,0.24,False,False,adam,True,2,20,hamqaoa,0.01,44,standard,2,2,42,scs,1e-06,100000,False,False,False,hog,False,True,False,False,False,False,True,1,HOG_graphs/random_graphs_8to14vertices_78instances_20260625_143415_AdjacencyList.txt,True,Results/warm_start_cache/experiment_3,512,60,0,32,1,1,100,100,5,3,5,1,42,7,"[(0, 1), (0, 4), (4, 7), (2, 6), (0, 3), (4, 6), (0, 6), (3, 4), (4, 5), (3, 7), (2, 5), (0, 5), (0, 2), (2, 4), (1, 7)]","[1.0, 1.0, 1.0, 1.0, 1.0, 1.0, 1.0, 1.0, 1.0, 1.0, 1.0, 1.0, 1.0, 1.0, 1.0]"
57520acd,8,16,2,10.0,False,True,"[1, 1, 1]",8.115104877307424,16.318573130548774,8.159286565274387,5.536866439202001,4.945264386778509,5.400127212253312,5.503635807083054,0.6781965101243583,,0.46250404315048677,0.66952123280997,5.734887828658297,,0.7066930021687067,,,,5.865998983383179,1216.712017774582,True,1210.8498258590698,0.0037937164306640625,0.0,1210.8498258590698,Results/warm_start_cache/experiment_3/random_graphs_8to14vertices_78instances_20260625_143415_AdjacencyList__filehash_a79662a0/hog_idx000008_bff8598791e4_seed42_L2_M2_amplified.npz,5.887794017791748,2026-07-22 20:21:42,x86_64,dacsgpu0002,,64,64,3.11.15,0.24,False,False,adam,True,2,20,hamqaoa,0.01,44,standard,2,2,42,scs,1e-06,100000,False,False,False,hog,False,True,False,False,False,False,True,1,HOG_graphs/random_graphs_8to14vertices_78instances_20260625_143415_AdjacencyList.txt,True,Results/warm_start_cache/experiment_3,512,60,0,32,1,1,100,100,5,3,5,1,42,8,"[(1, 3), (0, 1), (2, 3), (5, 7), (0, 7), (3, 5), (4, 6), (1, 2), (5, 6), (0, 6), (3, 4), (2, 5), (1, 4), (0, 2), (6, 7), (1, 7)]","[1.0, 1.0, 1.0, 1.0, 1.0, 1.0, 1.0, 1.0, 1.0, 1.0, 1.0, 1.0, 1.0, 1.0, 1.0, 1.0]"
9a74591e,8,12,2,50.0,False,True,"[1, 1, 1]",6.52322519319384,13.138861381570495,6.569430690785247,4.3607894882724425,3.9295344562979233,4.13315605308932,3.7487564680410643,0.5746783771856316,,1.0454767010978996,0.27667753100138803,4.271494818590014,,0.6548133311489505,,,,10.124158382415771,1147.3151307106018,True,1137.1946284770966,0.003641843795776367,0.0,1137.1946284770966,Results/warm_start_cache/experiment_3/random_graphs_8to14vertices_78instances_20260625_143415_AdjacencyList__filehash_a79662a0/hog_idx000006_a3b6a38d8f9e_seed42_L2_M2_amplified.npz,10.131490707397461,2026-07-22 20:21:43,x86_64,dacsgpu0002,,64,64,3.11.15,0.24,False,False,adam,True,2,20,hamqaoa,0.01,44,standard,2,2,42,scs,1e-06,100000,False,False,False,hog,False,True,False,False,False,False,True,1,HOG_graphs/random_graphs_8to14vertices_78instances_20260625_143415_AdjacencyList.txt,True,Results/warm_start_cache/experiment_3,512,60,0,32,1,1,100,100,5,3,5,1,42,6,"[(2, 7), (0, 1), (2, 3), (2, 6), (0, 7), (3, 5), (0, 3), (5, 6), (3, 4), (4, 5), (0, 2), (2, 4)]","[1.0, 1.0, 1.0, 1.0, 1.0, 1.0, 1.0, 1.0, 1.0, 1.0, 1.0, 1.0]"
2a1ae3d5,8,20,2,50.0,False,True,"[1, 1, 1]",9.309016994374973,18.61803300377861,9.309016501889305,6.366839584301354,5.603577063950946,6.3668394806256146,4.988575853010685,0.535886426679107,,0.6569534640300834,-2.0995737911997754,5.317052585025727,,0.5711722932978408,,,,11.822765588760376,1153.221542596817,True,1141.4027750492096,0.003984689712524414,0.0,1141.4027750492096,Results/warm_start_cache/experiment_3/random_graphs_8to14vertices_78instances_20260625_143415_AdjacencyList__filehash_a79662a0/hog_idx000005_eaff65c51a14_seed42_L2_M2_amplified.npz,11.83245587348938,2026-07-22 20:21:43,x86_64,dacsgpu0002,,64,64,3.11.15,0.24,False,False,adam,True,2,20,hamqaoa,0.01,44,standard,2,2,42,scs,1e-06,100000,False,False,False,hog,False,True,False,False,False,False,True,1,HOG_graphs/random_graphs_8to14vertices_78instances_20260625_143415_AdjacencyList.txt,True,Results/warm_start_cache/experiment_3,512,60,0,32,1,1,100,100,5,3,5,1,42,5,"[(2, 6), (3, 5), (4, 6), (0, 5), (0, 2), (1, 7), (3, 4), (4, 5), (3, 7), (2, 5), (1, 3), (0, 1), (1, 6), (0, 7), (3, 6), (2, 4), (2, 7), (4, 7), (0, 6), (1, 5)]","[1.0, 1.0, 1.0, 1.0, 1.0, 1.0, 1.0, 1.0, 1.0, 1.0, 1.0, 1.0, 1.0, 1.0, 1.0, 1.0, 1.0, 1.0, 1.0, 1.0]"
0e441922,8,16,2,25.0,False,True,"[1, 1, 1]",8.115104877307424,16.318573130548774,8.159286565274387,5.536866439202001,4.945264386778509,5.400127212253312,5.503635807083054,0.6781965101243583,,0.1933192764300955,0.40033646608957874,5.6002954452981015,,0.690107587020646,,,,7.530223369598389,1218.3764612674713,True,1210.8498258590698,0.0035729408264160156,0.0,1210.8498258590698,Results/warm_start_cache/experiment_3/random_graphs_8to14vertices_78instances_20260625_143415_AdjacencyList__filehash_a79662a0/hog_idx000008_bff8598791e4_seed42_L2_M2_amplified.npz,7.541252136230469,2026-07-22 20:21:44,x86_64,dacsgpu0002,,64,64,3.11.15,0.24,False,False,adam,True,2,20,hamqaoa,0.01,44,standard,2,2,42,scs,1e-06,100000,False,False,False,hog,False,True,False,False,False,False,True,1,HOG_graphs/random_graphs_8to14vertices_78instances_20260625_143415_AdjacencyList.txt,True,Results/warm_start_cache/experiment_3,512,60,0,32,1,1,100,100,5,3,5,1,42,8,"[(1, 3), (0, 1), (2, 3), (5, 7), (0, 7), (3, 5), (4, 6), (1, 2), (5, 6), (0, 6), (3, 4), (2, 5), (1, 4), (0, 2), (6, 7), (1, 7)]","[1.0, 1.0, 1.0, 1.0, 1.0, 1.0, 1.0, 1.0, 1.0, 1.0, 1.0, 1.0, 1.0, 1.0, 1.0, 1.0]"
672a917c,8,16,1,5.0,False,True,"[1, 1, 1]",7.941043782459287,15.883833202096097,7.941916601048049,5.0539320726040335,4.930273925720918,4.8227820308474385,4.483513150773566,0.5645999787429774,,0.22821675266598795,-0.4503210074817563,4.59762152710656,,0.5789694217858484,,,,2.8472726345062256,1217.1308312416077,True,1214.2877655029297,0.0041921138763427734,0.0,1214.2877655029297,Results/warm_start_cache/experiment_3/random_graphs_8to14vertices_78instances_20260625_143415_AdjacencyList__filehash_a79662a0/hog_idx000009_967d16b64b95_seed42_L2_M2_amplified.npz,2.858009099960327,2026-07-22 20:21:44,x86_64,dacsgpu0002,,64,64,3.11.15,0.22,False,False,adam,True,2,20,hamqaoa,0.01,44,standard,2,2,42,scs,1e-06,100000,False,False,False,hog,False,True,False,False,False,False,True,1,HOG_graphs/random_graphs_8to14vertices_78instances_20260625_143415_AdjacencyList.txt,True,Results/warm_start_cache/experiment_3,512,60,0,32,1,1,100,100,5,3,5,1,42,9,"[(2, 7), (0, 1), (1, 6), (2, 6), (3, 5), (1, 2), (5, 6), (0, 6), (3, 4), (1, 5), (4, 5), (2, 5), (1, 4), (0, 2), (6, 7), (1, 7)]","[1.0, 1.0, 1.0, 1.0, 1.0, 1.0, 1.0, 1.0, 1.0, 1.0, 1.0, 1.0, 1.0, 1.0, 1.0, 1.0]"
75aea809,8,16,1,10.0,False,True,"[1, 1, 1]",7.941043782459287,15.883833202096097,7.941916601048049,5.0539320726040335,4.930273925720918,4.8227820308474385,4.483513150773566,0.5645999787429774,,0.9248070039266878,0.24626924377894355,4.94591665273691,,0.6228295408296053,,,,3.344364643096924,1217.6291313171387,True,1214.2877655029297,0.0029861927032470703,0.0,1214.2877655029297,Results/warm_start_cache/experiment_3/random_graphs_8to14vertices_78instances_20260625_143415_AdjacencyList__filehash_a79662a0/hog_idx000009_967d16b64b95_seed42_L2_M2_amplified.npz,3.3512978553771973,2026-07-22 20:21:45,x86_64,dacsgpu0002,,64,64,3.11.15,0.22,False,False,adam,True,2,20,hamqaoa,0.01,44,standard,2,2,42,scs,1e-06,100000,False,False,False,hog,False,True,False,False,False,False,True,1,HOG_graphs/random_graphs_8to14vertices_78instances_20260625_143415_AdjacencyList.txt,True,Results/warm_start_cache/experiment_3,512,60,0,32,1,1,100,100,5,3,5,1,42,9,"[(2, 7), (0, 1), (1, 6), (2, 6), (3, 5), (1, 2), (5, 6), (0, 6), (3, 4), (1, 5), (4, 5), (2, 5), (1, 4), (0, 2), (6, 7), (1, 7)]","[1.0, 1.0, 1.0, 1.0, 1.0, 1.0, 1.0, 1.0, 1.0, 1.0, 1.0, 1.0, 1.0, 1.0, 1.0, 1.0]"
f37ba82f,8,15,2,50.0,False,True,"[1, 1, 1]",7.5806979535883885,15.172563024004521,7.586281512002261,4.958848140362963,4.676639108626789,4.710448510417178,3.657196466181467,0.4824353230496806,,2.2146288657594626,0.10812477728804026,4.764510899061198,,0.6285055714171908,,,,10.656728982925415,1212.6517839431763,True,1201.99880194664,0.003733396530151367,0.0,1201.99880194664,Results/warm_start_cache/experiment_3/random_graphs_8to14vertices_78instances_20260625_143415_AdjacencyList__filehash_a79662a0/hog_idx000007_21c2570f08f1_seed42_L2_M2_amplified.npz,10.667352437973022,2026-07-22 20:21:46,x86_64,dacsgpu0002,,64,64,3.11.15,0.24,False,False,adam,True,2,20,hamqaoa,0.01,44,standard,2,2,42,scs,1e-06,100000,False,False,False,hog,False,True,False,False,False,False,True,1,HOG_graphs/random_graphs_8to14vertices_78instances_20260625_143415_AdjacencyList.txt,True,Results/warm_start_cache/experiment_3,512,60,0,32,1,1,100,100,5,3,5,1,42,7,"[(0, 1), (0, 4), (4, 7), (2, 6), (0, 3), (4, 6), (0, 6), (3, 4), (4, 5), (3, 7), (2, 5), (0, 5), (0, 2), (2, 4), (1, 7)]","[1.0, 1.0, 1.0, 1.0, 1.0, 1.0, 1.0, 1.0, 1.0, 1.0, 1.0, 1.0, 1.0, 1.0, 1.0]"
7cdec9f4,8,16,1,25.0,False,True,"[1, 1, 1]",7.941043782459287,15.883833202096097,7.941916601048049,5.0539320726040335,4.930273925720918,4.8227820308474385,4.483513150773566,0.5645999787429774,,0.9834144589496532,0.30487669880190893,4.975220380248393,,0.6265197015080052,,,,4.47588038444519,1218.7593545913696,True,1214.2877655029297,0.004276752471923828,0.0,1214.2877655029297,Results/warm_start_cache/experiment_3/random_graphs_8to14vertices_78instances_20260625_143415_AdjacencyList__filehash_a79662a0/hog_idx000009_967d16b64b95_seed42_L2_M2_amplified.npz,4.483766794204712,2026-07-22 20:21:47,x86_64,dacsgpu0002,,64,64,3.11.15,0.22,False,False,adam,True,2,20,hamqaoa,0.01,44,standard,2,2,42,scs,1e-06,100000,False,False,False,hog,False,True,False,False,False,False,True,1,HOG_graphs/random_graphs_8to14vertices_78instances_20260625_143415_AdjacencyList.txt,True,Results/warm_start_cache/experiment_3,512,60,0,32,1,1,100,100,5,3,5,1,42,9,"[(2, 7), (0, 1), (1, 6), (2, 6), (3, 5), (1, 2), (5, 6), (0, 6), (3, 4), (1, 5), (4, 5), (2, 5), (1, 4), (0, 2), (6, 7), (1, 7)]","[1.0, 1.0, 1.0, 1.0, 1.0, 1.0, 1.0, 1.0, 1.0, 1.0, 1.0, 1.0, 1.0, 1.0, 1.0, 1.0]"
26a3be19,8,24,1,5.0,False,True,"[1, 1, 1]",10.000000000000002,20.000000316985155,10.000000158492577,7.659386811470095,6.204753691389071,7.604133320394422,6.951785098688197,0.6951785098688196,,0.20450900343380596,-1.1001874399786438,7.0540396004051,,0.7054039600405099,,,,3.7355189323425293,1176.418217420578,True,1172.6871845722198,0.004473209381103516,0.0,1172.6871845722198,Results/warm_start_cache/experiment_3/random_graphs_8to14vertices_78instances_20260625_143415_AdjacencyList__filehash_a79662a0/hog_idx000010_334c57399bd5_seed42_L2_M2_amplified.npz,3.7437498569488525,2026-07-22 20:21:47,x86_64,dacsgpu0002,,64,64,3.11.15,0.22,False,False,adam,True,2,20,hamqaoa,0.01,44,standard,2,2,42,scs,1e-06,100000,False,False,False,hog,False,True,False,False,False,False,True,1,HOG_graphs/random_graphs_8to14vertices_78instances_20260625_143415_AdjacencyList.txt,True,Results/warm_start_cache/experiment_3,512,60,0,32,1,1,100,100,5,3,5,1,42,10,"[(2, 3), (2, 6), (3, 5), (4, 6), (0, 5), (1, 4), (0, 2), (1, 7), (5, 7), (4, 5), (3, 7), (2, 5), (1, 3), (0, 1), (1, 6), (0, 4), (0, 7), (5, 6), (3, 6), (2, 4), (2, 7), (4, 7), (1, 2), (0, 6)]","[1.0, 1.0, 1.0, 1.0, 1.0, 1.0, 1.0, 1.0, 1.0, 1.0, 1.0, 1.0, 1.0, 1.0, 1.0, 1.0, 1.0, 1.0, 1.0, 1.0, 1.0, 1.0, 1.0, 1.0]"
aa562726,8,16,1,50.0,False,True,"[1, 1, 1]",8.115104877307424,16.318573130548774,8.159286565274387,5.536866439202001,4.945264386778509,5.400127212253312,5.503635807083054,0.6781965101243583,,0.36377818817050844,0.5707953778299917,5.685524901168308,,0.7006101568775726,,,,5.899545431137085,1216.7465071678162,True,1210.8498258590698,0.0028486251831054688,0.0,1210.8498258590698,Results/warm_start_cache/experiment_3/random_graphs_8to14vertices_78instances_20260625_143415_AdjacencyList__filehash_a79662a0/hog_idx000008_bff8598791e4_seed42_L2_M2_amplified.npz,5.905735969543457,2026-07-22 20:21:47,x86_64,dacsgpu0002,,64,64,3.11.15,0.22,False,False,adam,True,2,20,hamqaoa,0.01,44,standard,2,2,42,scs,1e-06,100000,False,False,False,hog,False,True,False,False,False,False,True,1,HOG_graphs/random_graphs_8to14vertices_78instances_20260625_143415_AdjacencyList.txt,True,Results/warm_start_cache/experiment_3,512,60,0,32,1,1,100,100,5,3,5,1,42,8,"[(1, 3), (0, 1), (2, 3), (5, 7), (0, 7), (3, 5), (4, 6), (1, 2), (5, 6), (0, 6), (3, 4), (2, 5), (1, 4), (0, 2), (6, 7), (1, 7)]","[1.0, 1.0, 1.0, 1.0, 1.0, 1.0, 1.0, 1.0, 1.0, 1.0, 1.0, 1.0, 1.0, 1.0, 1.0, 1.0]"
1f806c6a,8,24,1,10.0,False,True,"[1, 1, 1]",10.000000000000002,20.000000316985155,10.000000158492577,7.659386811470095,6.204753691389071,7.604133320394422,6.951785098688197,0.6951785098688196,,0.2350777674861444,-1.0696186759263053,7.0693239824312695,,0.7069323982431268,,,,4.263623237609863,1176.9449598789215,True,1172.6871845722198,0.0058329105377197266,0.0,1172.6871845722198,Results/warm_start_cache/experiment_3/random_graphs_8to14vertices_78instances_20260625_143415_AdjacencyList__filehash_a79662a0/hog_idx000010_334c57399bd5_seed42_L2_M2_amplified.npz,4.272098541259766,2026-07-22 20:21:48,x86_64,dacsgpu0002,,64,64,3.11.15,0.22,False,False,adam,True,2,20,hamqaoa,0.01,44,standard,2,2,42,scs,1e-06,100000,False,False,False,hog,False,True,False,False,False,False,True,1,HOG_graphs/random_graphs_8to14vertices_78instances_20260625_143415_AdjacencyList.txt,True,Results/warm_start_cache/experiment_3,512,60,0,32,1,1,100,100,5,3,5,1,42,10,"[(2, 3), (2, 6), (3, 5), (4, 6), (0, 5), (1, 4), (0, 2), (1, 7), (5, 7), (4, 5), (3, 7), (2, 5), (1, 3), (0, 1), (1, 6), (0, 4), (0, 7), (5, 6), (3, 6), (2, 4), (2, 7), (4, 7), (1, 2), (0, 6)]","[1.0, 1.0, 1.0, 1.0, 1.0, 1.0, 1.0, 1.0, 1.0, 1.0, 1.0, 1.0, 1.0, 1.0, 1.0, 1.0, 1.0, 1.0, 1.0, 1.0, 1.0, 1.0, 1.0, 1.0]"
90b15999,8,16,2,5.0,False,True,"[1, 1, 1]",7.941043782459287,15.883833202096097,7.941916601048049,5.0539320726040335,4.930273925720918,4.8227820308474385,4.483513150773566,0.5645999787429774,,0.5598106635710582,-0.11872709657668601,4.7634184825590955,,0.5998479057728979,,,,5.993350505828857,1220.2775130271912,True,1214.2877655029297,0.003588438034057617,0.0,1214.2877655029297,Results/warm_start_cache/experiment_3/random_graphs_8to14vertices_78instances_20260625_143415_AdjacencyList__filehash_a79662a0/hog_idx000009_967d16b64b95_seed42_L2_M2_amplified.npz,6.001004219055176,2026-07-22 20:21:48,x86_64,dacsgpu0002,,64,64,3.11.15,0.24,False,False,adam,True,2,20,hamqaoa,0.01,44,standard,2,2,42,scs,1e-06,100000,False,False,False,hog,False,True,False,False,False,False,True,1,HOG_graphs/random_graphs_8to14vertices_78instances_20260625_143415_AdjacencyList.txt,True,Results/warm_start_cache/experiment_3,512,60,0,32,1,1,100,100,5,3,5,1,42,9,"[(2, 7), (0, 1), (1, 6), (2, 6), (3, 5), (1, 2), (5, 6), (0, 6), (3, 4), (1, 5), (4, 5), (2, 5), (1, 4), (0, 2), (6, 7), (1, 7)]","[1.0, 1.0, 1.0, 1.0, 1.0, 1.0, 1.0, 1.0, 1.0, 1.0, 1.0, 1.0, 1.0, 1.0, 1.0, 1.0]"
6db5e74f,8,24,1,5.0,False,True,"[1, 1, 1]",9.809016994374945,19.618033183031965,9.809016591515983,7.132485172516191,6.241314273575745,6.9661061009524445,7.076183457129463,0.7213957791272412,,0.3878504238692919,0.6080051362233281,7.270108669064109,,0.7411658755646164,,,,3.8194494247436523,1084.8018612861633,True,1080.986644744873,0.004217624664306641,0.0,1080.986644744873,Results/warm_start_cache/experiment_3/random_graphs_8to14vertices_78instances_20260625_143415_AdjacencyList__filehash_a79662a0/hog_idx000011_df959fde7591_seed42_L2_M2_amplified.npz,3.832024097442627,2026-07-22 20:21:48,x86_64,dacsgpu0002,,64,64,3.11.15,0.22,False,False,adam,True,2,20,hamqaoa,0.01,44,standard,2,2,42,scs,1e-06,100000,False,False,False,hog,False,True,False,False,False,False,True,1,HOG_graphs/random_graphs_8to14vertices_78instances_20260625_143415_AdjacencyList.txt,True,Results/warm_start_cache/experiment_3,512,60,0,32,1,1,100,100,5,3,5,1,42,11,"[(2, 3), (2, 6), (3, 5), (4, 6), (0, 5), (0, 2), (1, 7), (5, 7), (4, 5), (3, 7), (2, 5), (1, 3), (0, 1), (1, 6), (0, 4), (0, 7), (5, 6), (3, 6), (2, 4), (2, 7), (4, 7), (1, 2), (1, 5), (6, 7)]","[1.0, 1.0, 1.0, 1.0, 1.0, 1.0, 1.0, 1.0, 1.0, 1.0, 1.0, 1.0, 1.0, 1.0, 1.0, 1.0, 1.0, 1.0, 1.0, 1.0, 1.0, 1.0, 1.0, 1.0]"
97113a51,8,16,1,50.0,False,True,"[1, 1, 1]",7.941043782459287,15.883833202096097,7.941916601048049,5.0539320726040335,4.930273925720918,4.8227820308474385,4.483513150773566,0.5645999787429774,,0.9996083982133399,0.32107063806559566,4.983317349880236,,0.6275393369430506,,,,6.601409196853638,1220.8861668109894,True,1214.2877655029297,0.0029964447021484375,0.0,1214.2877655029297,Results/warm_start_cache/experiment_3/random_graphs_8to14vertices_78instances_20260625_143415_AdjacencyList__filehash_a79662a0/hog_idx000009_967d16b64b95_seed42_L2_M2_amplified.npz,6.608451843261719,2026-07-22 20:21:49,x86_64,dacsgpu0002,,64,64,3.11.15,0.22,False,False,adam,True,2,20,hamqaoa,0.01,44,standard,2,2,42,scs,1e-06,100000,False,False,False,hog,False,True,False,False,False,False,True,1,HOG_graphs/random_graphs_8to14vertices_78instances_20260625_143415_AdjacencyList.txt,True,Results/warm_start_cache/experiment_3,512,60,0,32,1,1,100,100,5,3,5,1,42,9,"[(2, 7), (0, 1), (1, 6), (2, 6), (3, 5), (1, 2), (5, 6), (0, 6), (3, 4), (1, 5), (4, 5), (2, 5), (1, 4), (0, 2), (6, 7), (1, 7)]","[1.0, 1.0, 1.0, 1.0, 1.0, 1.0, 1.0, 1.0, 1.0, 1.0, 1.0, 1.0, 1.0, 1.0, 1.0, 1.0]"
ff488255,8,16,2,10.0,False,True,"[1, 1, 1]",7.941043782459287,15.883833202096097,7.941916601048049,5.0539320726040335,4.930273925720918,4.8227820308474385,4.483513150773566,0.5645999787429774,,0.8351730464326135,0.15663528628486922,4.901099673989873,,0.6171858269835702,,,,7.216814994812012,1221.5012192726135,True,1214.2877655029297,0.0033495426177978516,0.0,1214.2877655029297,Results/warm_start_cache/experiment_3/random_graphs_8to14vertices_78instances_20260625_143415_AdjacencyList__filehash_a79662a0/hog_idx000009_967d16b64b95_seed42_L2_M2_amplified.npz,7.224684238433838,2026-07-22 20:21:49,x86_64,dacsgpu0002,,64,64,3.11.15,0.24,False,False,adam,True,2,20,hamqaoa,0.01,44,standard,2,2,42,scs,1e-06,100000,False,False,False,hog,False,True,False,False,False,False,True,1,HOG_graphs/random_graphs_8to14vertices_78instances_20260625_143415_AdjacencyList.txt,True,Results/warm_start_cache/experiment_3,512,60,0,32,1,1,100,100,5,3,5,1,42,9,"[(2, 7), (0, 1), (1, 6), (2, 6), (3, 5), (1, 2), (5, 6), (0, 6), (3, 4), (1, 5), (4, 5), (2, 5), (1, 4), (0, 2), (6, 7), (1, 7)]","[1.0, 1.0, 1.0, 1.0, 1.0, 1.0, 1.0, 1.0, 1.0, 1.0, 1.0, 1.0, 1.0, 1.0, 1.0, 1.0]"
8e721e92,8,24,1,25.0,False,True,"[1, 1, 1]",10.000000000000002,20.000000316985155,10.000000158492577,7.659386811470095,6.204753691389071,7.604133320394422,6.951785098688197,0.6951785098688196,,0.41705953366736814,-0.8876369097450816,7.160314865521881,,0.716031486552188,,,,5.646583795547485,1178.3306903839111,True,1172.6871845722198,0.0030639171600341797,0.0,1172.6871845722198,Results/warm_start_cache/experiment_3/random_graphs_8to14vertices_78instances_20260625_143415_AdjacencyList__filehash_a79662a0/hog_idx000010_334c57399bd5_seed42_L2_M2_amplified.npz,5.658517837524414,2026-07-22 20:21:49,x86_64,dacsgpu0002,,64,64,3.11.15,0.22,False,False,adam,True,2,20,hamqaoa,0.01,44,standard,2,2,42,scs,1e-06,100000,False,False,False,hog,False,True,False,False,False,False,True,1,HOG_graphs/random_graphs_8to14vertices_78instances_20260625_143415_AdjacencyList.txt,True,Results/warm_start_cache/experiment_3,512,60,0,32,1,1,100,100,5,3,5,1,42,10,"[(2, 3), (2, 6), (3, 5), (4, 6), (0, 5), (1, 4), (0, 2), (1, 7), (5, 7), (4, 5), (3, 7), (2, 5), (1, 3), (0, 1), (1, 6), (0, 4), (0, 7), (5, 6), (3, 6), (2, 4), (2, 7), (4, 7), (1, 2), (0, 6)]","[1.0, 1.0, 1.0, 1.0, 1.0, 1.0, 1.0, 1.0, 1.0, 1.0, 1.0, 1.0, 1.0, 1.0, 1.0, 1.0, 1.0, 1.0, 1.0, 1.0, 1.0, 1.0, 1.0, 1.0]"
c3431a21,8,24,1,10.0,False,True,"[1, 1, 1]",9.809016994374945,19.618033183031965,9.809016591515983,7.132485172516191,6.241314273575745,6.9661061009524445,7.076183457129463,0.7213957791272412,,0.46749418456887426,0.6876488969229104,7.3099305494139,,0.7452255973871628,,,,4.399455308914185,1085.381724357605,True,1080.986644744873,0.004361629486083984,0.0,1080.986644744873,Results/warm_start_cache/experiment_3/random_graphs_8to14vertices_78instances_20260625_143415_AdjacencyList__filehash_a79662a0/hog_idx000011_df959fde7591_seed42_L2_M2_amplified.npz,4.418275594711304,2026-07-22 20:21:49,x86_64,dacsgpu0002,,64,64,3.11.15,0.22,False,False,adam,True,2,20,hamqaoa,0.01,44,standard,2,2,42,scs,1e-06,100000,False,False,False,hog,False,True,False,False,False,False,True,1,HOG_graphs/random_graphs_8to14vertices_78instances_20260625_143415_AdjacencyList.txt,True,Results/warm_start_cache/experiment_3,512,60,0,32,1,1,100,100,5,3,5,1,42,11,"[(2, 3), (2, 6), (3, 5), (4, 6), (0, 5), (0, 2), (1, 7), (5, 7), (4, 5), (3, 7), (2, 5), (1, 3), (0, 1), (1, 6), (0, 4), (0, 7), (5, 6), (3, 6), (2, 4), (2, 7), (4, 7), (1, 2), (1, 5), (6, 7)]","[1.0, 1.0, 1.0, 1.0, 1.0, 1.0, 1.0, 1.0, 1.0, 1.0, 1.0, 1.0, 1.0, 1.0, 1.0, 1.0, 1.0, 1.0, 1.0, 1.0, 1.0, 1.0, 1.0, 1.0]"
ca672cc8,8,24,2,5.0,False,True,"[1, 1, 1]",10.000000000000002,20.000000316985155,10.000000158492577,7.659386811470095,6.204753691389071,7.604133320394422,6.951785098688197,0.6951785098688196,,1.0873143864777575,-0.21738205693469226,7.495442291927076,,0.7495442291927075,,,,7.543636083602905,1180.2268357276917,True,1172.6871845722198,0.0039691925048828125,0.0,1172.6871845722198,Results/warm_start_cache/experiment_3/random_graphs_8to14vertices_78instances_20260625_143415_AdjacencyList__filehash_a79662a0/hog_idx000010_334c57399bd5_seed42_L2_M2_amplified.npz,7.551753044128418,2026-07-22 20:21:51,x86_64,dacsgpu0002,,64,64,3.11.15,0.23,False,False,adam,True,2,20,hamqaoa,0.01,44,standard,2,2,42,scs,1e-06,100000,False,False,False,hog,False,True,False,False,False,False,True,1,HOG_graphs/random_graphs_8to14vertices_78instances_20260625_143415_AdjacencyList.txt,True,Results/warm_start_cache/experiment_3,512,60,0,32,1,1,100,100,5,3,5,1,42,10,"[(2, 3), (2, 6), (3, 5), (4, 6), (0, 5), (1, 4), (0, 2), (1, 7), (5, 7), (4, 5), (3, 7), (2, 5), (1, 3), (0, 1), (1, 6), (0, 4), (0, 7), (5, 6), (3, 6), (2, 4), (2, 7), (4, 7), (1, 2), (0, 6)]","[1.0, 1.0, 1.0, 1.0, 1.0, 1.0, 1.0, 1.0, 1.0, 1.0, 1.0, 1.0, 1.0, 1.0, 1.0, 1.0, 1.0, 1.0, 1.0, 1.0, 1.0, 1.0, 1.0, 1.0]"
61379c1d,8,24,1,25.0,False,True,"[1, 1, 1]",9.809016994374945,19.618033183031965,9.809016591515983,7.132485172516191,6.241314273575745,6.9661061009524445,7.076183457129463,0.7213957791272412,,1.108757460603952,1.3289121729579882,7.630562187431439,,0.7779130357106367,,,,5.546036005020142,1086.529055595398,True,1080.986644744873,0.0036094188690185547,0.0,1080.986644744873,Results/warm_start_cache/experiment_3/random_graphs_8to14vertices_78instances_20260625_143415_AdjacencyList__filehash_a79662a0/hog_idx000011_df959fde7591_seed42_L2_M2_amplified.npz,5.556661128997803,2026-07-22 20:21:51,x86_64,dacsgpu0002,,64,64,3.11.15,0.22,False,False,adam,True,2,20,hamqaoa,0.01,44,standard,2,2,42,scs,1e-06,100000,False,False,False,hog,False,True,False,False,False,False,True,1,HOG_graphs/random_graphs_8to14vertices_78instances_20260625_143415_AdjacencyList.txt,True,Results/warm_start_cache/experiment_3,512,60,0,32,1,1,100,100,5,3,5,1,42,11,"[(2, 3), (2, 6), (3, 5), (4, 6), (0, 5), (0, 2), (1, 7), (5, 7), (4, 5), (3, 7), (2, 5), (1, 3), (0, 1), (1, 6), (0, 4), (0, 7), (5, 6), (3, 6), (2, 4), (2, 7), (4, 7), (1, 2), (1, 5), (6, 7)]","[1.0, 1.0, 1.0, 1.0, 1.0, 1.0, 1.0, 1.0, 1.0, 1.0, 1.0, 1.0, 1.0, 1.0, 1.0, 1.0, 1.0, 1.0, 1.0, 1.0, 1.0, 1.0, 1.0, 1.0]"
59902859,8,16,2,25.0,False,True,"[1, 1, 1]",7.941043782459287,15.883833202096097,7.941916601048049,5.0539320726040335,4.930273925720918,4.8227820308474385,4.483513150773566,0.5645999787429774,,1.080125895845402,0.40158813569765783,5.023576098696267,,0.6326090418733972,,,,9.153364896774292,1223.4375658035278,True,1214.2877655029297,0.0035543441772460938,0.0,1214.2877655029297,Results/warm_start_cache/experiment_3/random_graphs_8to14vertices_78instances_20260625_143415_AdjacencyList__filehash_a79662a0/hog_idx000009_967d16b64b95_seed42_L2_M2_amplified.npz,9.1611967086792,2026-07-22 20:21:52,x86_64,dacsgpu0002,,64,64,3.11.15,0.24,False,False,adam,True,2,20,hamqaoa,0.01,44,standard,2,2,42,scs,1e-06,100000,False,False,False,hog,False,True,False,False,False,False,True,1,HOG_graphs/random_graphs_8to14vertices_78instances_20260625_143415_AdjacencyList.txt,True,Results/warm_start_cache/experiment_3,512,60,0,32,1,1,100,100,5,3,5,1,42,9,"[(2, 7), (0, 1), (1, 6), (2, 6), (3, 5), (1, 2), (5, 6), (0, 6), (3, 4), (1, 5), (4, 5), (2, 5), (1, 4), (0, 2), (6, 7), (1, 7)]","[1.0, 1.0, 1.0, 1.0, 1.0, 1.0, 1.0, 1.0, 1.0, 1.0, 1.0, 1.0, 1.0, 1.0, 1.0, 1.0]"
275e991d,8,24,1,50.0,False,True,"[1, 1, 1]",10.000000000000002,20.000000316985155,10.000000158492577,7.659386811470095,6.204753691389071,7.604133320394422,6.951785098688197,0.6951785098688196,,0.38258182970579035,-0.9221146137066594,7.1430760135410925,,0.7143076013541091,,,,7.5084898471832275,1180.1923859119415,True,1172.6871845722198,0.0032749176025390625,0.0,1172.6871845722198,Results/warm_start_cache/experiment_3/random_graphs_8to14vertices_78instances_20260625_143415_AdjacencyList__filehash_a79662a0/hog_idx000010_334c57399bd5_seed42_L2_M2_amplified.npz,7.523259162902832,2026-07-22 20:21:52,x86_64,dacsgpu0002,,64,64,3.11.15,0.22,False,False,adam,True,2,20,hamqaoa,0.01,44,standard,2,2,42,scs,1e-06,100000,False,False,False,hog,False,True,False,False,False,False,True,1,HOG_graphs/random_graphs_8to14vertices_78instances_20260625_143415_AdjacencyList.txt,True,Results/warm_start_cache/experiment_3,512,60,0,32,1,1,100,100,5,3,5,1,42,10,"[(2, 3), (2, 6), (3, 5), (4, 6), (0, 5), (1, 4), (0, 2), (1, 7), (5, 7), (4, 5), (3, 7), (2, 5), (1, 3), (0, 1), (1, 6), (0, 4), (0, 7), (5, 6), (3, 6), (2, 4), (2, 7), (4, 7), (1, 2), (0, 6)]","[1.0, 1.0, 1.0, 1.0, 1.0, 1.0, 1.0, 1.0, 1.0, 1.0, 1.0, 1.0, 1.0, 1.0, 1.0, 1.0, 1.0, 1.0, 1.0, 1.0, 1.0, 1.0, 1.0, 1.0]"
37b31988,8,24,2,10.0,False,True,"[1, 1, 1]",10.000000000000002,20.000000316985155,10.000000158492577,7.659386811470095,6.204753691389071,7.604133320394422,6.951785098688197,0.6951785098688196,,0.5663849425252376,-0.7383115008872121,7.234977569950816,,0.7234977569950815,,,,8.310160160064697,1180.9935591220856,True,1172.6871845722198,0.003770589828491211,0.0,1172.6871845722198,Results/warm_start_cache/experiment_3/random_graphs_8to14vertices_78instances_20260625_143415_AdjacencyList__filehash_a79662a0/hog_idx000010_334c57399bd5_seed42_L2_M2_amplified.npz,8.320358037948608,2026-07-22 20:21:52,x86_64,dacsgpu0002,,64,64,3.11.15,0.23,False,False,adam,True,2,20,hamqaoa,0.01,44,standard,2,2,42,scs,1e-06,100000,False,False,False,hog,False,True,False,False,False,False,True,1,HOG_graphs/random_graphs_8to14vertices_78instances_20260625_143415_AdjacencyList.txt,True,Results/warm_start_cache/experiment_3,512,60,0,32,1,1,100,100,5,3,5,1,42,10,"[(2, 3), (2, 6), (3, 5), (4, 6), (0, 5), (1, 4), (0, 2), (1, 7), (5, 7), (4, 5), (3, 7), (2, 5), (1, 3), (0, 1), (1, 6), (0, 4), (0, 7), (5, 6), (3, 6), (2, 4), (2, 7), (4, 7), (1, 2), (0, 6)]","[1.0, 1.0, 1.0, 1.0, 1.0, 1.0, 1.0, 1.0, 1.0, 1.0, 1.0, 1.0, 1.0, 1.0, 1.0, 1.0, 1.0, 1.0, 1.0, 1.0, 1.0, 1.0, 1.0, 1.0]"
566799bf,8,24,2,5.0,False,True,"[1, 1, 1]",9.809016994374945,19.618033183031965,9.809016591515983,7.132485172516191,6.241314273575745,6.9661061009524445,7.076183457129463,0.7213957791272412,,0.828837717635432,1.0489924299894682,7.490602315947179,,0.7636445446309983,,,,7.486647844314575,1088.4690072536469,True,1080.986644744873,0.004271030426025391,0.0,1080.986644744873,Results/warm_start_cache/experiment_3/random_graphs_8to14vertices_78instances_20260625_143415_AdjacencyList__filehash_a79662a0/hog_idx000011_df959fde7591_seed42_L2_M2_amplified.npz,7.499741554260254,2026-07-22 20:21:52,x86_64,dacsgpu0002,,64,64,3.11.15,0.24,False,False,adam,True,2,20,hamqaoa,0.01,44,standard,2,2,42,scs,1e-06,100000,False,False,False,hog,False,True,False,False,False,False,True,1,HOG_graphs/random_graphs_8to14vertices_78instances_20260625_143415_AdjacencyList.txt,True,Results/warm_start_cache/experiment_3,512,60,0,32,1,1,100,100,5,3,5,1,42,11,"[(2, 3), (2, 6), (3, 5), (4, 6), (0, 5), (0, 2), (1, 7), (5, 7), (4, 5), (3, 7), (2, 5), (1, 3), (0, 1), (1, 6), (0, 4), (0, 7), (5, 6), (3, 6), (2, 4), (2, 7), (4, 7), (1, 2), (1, 5), (6, 7)]","[1.0, 1.0, 1.0, 1.0, 1.0, 1.0, 1.0, 1.0, 1.0, 1.0, 1.0, 1.0, 1.0, 1.0, 1.0, 1.0, 1.0, 1.0, 1.0, 1.0, 1.0, 1.0, 1.0, 1.0]"
44bf15e7,8,24,1,50.0,False,True,"[1, 1, 1]",9.809016994374945,19.618033183031965,9.809016591515983,7.132485172516191,6.241314273575745,6.9661061009524445,7.076183457129463,0.7213957791272412,,1.1442791872221552,1.3644338995761913,7.64832305074054,,0.7797237027040048,,,,7.395803213119507,1088.3786673545837,True,1080.986644744873,0.0037648677825927734,0.0,1080.986644744873,Results/warm_start_cache/experiment_3/random_graphs_8to14vertices_78instances_20260625_143415_AdjacencyList__filehash_a79662a0/hog_idx000011_df959fde7591_seed42_L2_M2_amplified.npz,7.409586429595947,2026-07-22 20:21:53,x86_64,dacsgpu0002,,64,64,3.11.15,0.22,False,False,adam,True,2,20,hamqaoa,0.01,44,standard,2,2,42,scs,1e-06,100000,False,False,False,hog,False,True,False,False,False,False,True,1,HOG_graphs/random_graphs_8to14vertices_78instances_20260625_143415_AdjacencyList.txt,True,Results/warm_start_cache/experiment_3,512,60,0,32,1,1,100,100,5,3,5,1,42,11,"[(2, 3), (2, 6), (3, 5), (4, 6), (0, 5), (0, 2), (1, 7), (5, 7), (4, 5), (3, 7), (2, 5), (1, 3), (0, 1), (1, 6), (0, 4), (0, 7), (5, 6), (3, 6), (2, 4), (2, 7), (4, 7), (1, 2), (1, 5), (6, 7)]","[1.0, 1.0, 1.0, 1.0, 1.0, 1.0, 1.0, 1.0, 1.0, 1.0, 1.0, 1.0, 1.0, 1.0, 1.0, 1.0, 1.0, 1.0, 1.0, 1.0, 1.0, 1.0, 1.0, 1.0]"
c2d4a087,8,24,2,10.0,False,True,"[1, 1, 1]",9.809016994374945,19.618033183031965,9.809016591515983,7.132485172516191,6.241314273575745,6.9661061009524445,7.076183457129463,0.7213957791272412,,0.9736575320577927,1.1938122444118289,7.563012223158359,,0.7710265185079632,,,,8.322413444519043,1089.3052051067352,True,1080.986644744873,0.0038390159606933594,0.0,1080.986644744873,Results/warm_start_cache/experiment_3/random_graphs_8to14vertices_78instances_20260625_143415_AdjacencyList__filehash_a79662a0/hog_idx000011_df959fde7591_seed42_L2_M2_amplified.npz,8.334903001785278,2026-07-22 20:21:53,x86_64,dacsgpu0002,,64,64,3.11.15,0.24,False,False,adam,True,2,20,hamqaoa,0.01,44,standard,2,2,42,scs,1e-06,100000,False,False,False,hog,False,True,False,False,False,False,True,1,HOG_graphs/random_graphs_8to14vertices_78instances_20260625_143415_AdjacencyList.txt,True,Results/warm_start_cache/experiment_3,512,60,0,32,1,1,100,100,5,3,5,1,42,11,"[(2, 3), (2, 6), (3, 5), (4, 6), (0, 5), (0, 2), (1, 7), (5, 7), (4, 5), (3, 7), (2, 5), (1, 3), (0, 1), (1, 6), (0, 4), (0, 7), (5, 6), (3, 6), (2, 4), (2, 7), (4, 7), (1, 2), (1, 5), (6, 7)]","[1.0, 1.0, 1.0, 1.0, 1.0, 1.0, 1.0, 1.0, 1.0, 1.0, 1.0, 1.0, 1.0, 1.0, 1.0, 1.0, 1.0, 1.0, 1.0, 1.0, 1.0, 1.0, 1.0, 1.0]"
c89cc5e6,8,16,2,50.0,False,True,"[1, 1, 1]",8.115104877307424,16.318573130548774,8.159286565274387,5.536866439202001,4.945264386778509,5.400127212253312,5.503635807083054,0.6781965101243583,,1.124980866372546,1.3319980560320293,6.066126240269327,,0.7475105167441848,,,,12.058797121047974,1222.904938697815,True,1210.8498258590698,0.003670930862426758,0.0,1210.8498258590698,Results/warm_start_cache/experiment_3/random_graphs_8to14vertices_78instances_20260625_143415_AdjacencyList__filehash_a79662a0/hog_idx000008_bff8598791e4_seed42_L2_M2_amplified.npz,12.06723427772522,2026-07-22 20:21:53,x86_64,dacsgpu0002,,64,64,3.11.15,0.24,False,False,adam,True,2,20,hamqaoa,0.01,44,standard,2,2,42,scs,1e-06,100000,False,False,False,hog,False,True,False,False,False,False,True,1,HOG_graphs/random_graphs_8to14vertices_78instances_20260625_143415_AdjacencyList.txt,True,Results/warm_start_cache/experiment_3,512,60,0,32,1,1,100,100,5,3,5,1,42,8,"[(1, 3), (0, 1), (2, 3), (5, 7), (0, 7), (3, 5), (4, 6), (1, 2), (5, 6), (0, 6), (3, 4), (2, 5), (1, 4), (0, 2), (6, 7), (1, 7)]","[1.0, 1.0, 1.0, 1.0, 1.0, 1.0, 1.0, 1.0, 1.0, 1.0, 1.0, 1.0, 1.0, 1.0, 1.0, 1.0]"
c23febb7,9,10,1,5.0,False,True,"[1, 1, 1]",6.236411627771346,12.558639310671188,6.279319655335594,4.15009448973705,3.747474772188024,3.9642877151469653,2.808724703029501,0.45037513087205105,,0.923254082200784,-1.3878719420341445,3.270351744129893,,0.5243963899956025,,,,7.488210916519165,3017.1608171463013,True,3009.678169965744,0.005549430847167969,0.0,3009.678169965744,Results/warm_start_cache/experiment_3/random_graphs_8to14vertices_78instances_20260625_143415_AdjacencyList__filehash_a79662a0/hog_idx000012_c06dee67e009_seed42_L2_M2_amplified.npz,7.498031854629517,2026-07-22 20:21:54,x86_64,dacsgpu0002,,64,64,3.11.15,0.28,False,False,adam,True,2,20,hamqaoa,0.01,44,standard,2,2,42,scs,1e-06,100000,False,False,False,hog,False,True,False,False,False,False,True,1,HOG_graphs/random_graphs_8to14vertices_78instances_20260625_143415_AdjacencyList.txt,True,Results/warm_start_cache/experiment_3,512,60,0,32,1,1,100,100,5,3,5,1,42,12,"[(2, 7), (0, 1), (2, 3), (0, 4), (5, 7), (4, 6), (6, 8), (5, 6), (0, 6), (2, 4)]","[1.0, 1.0, 1.0, 1.0, 1.0, 1.0, 1.0, 1.0, 1.0, 1.0]"
0aeeee38,8,24,2,25.0,False,True,"[1, 1, 1]",10.000000000000002,20.000000316985155,10.000000158492577,7.659386811470095,6.204753691389071,7.604133320394422,6.951785098688197,0.6951785098688196,,0.7277750215420618,-0.576921421870388,7.315672609459228,,0.7315672609459227,,,,10.650122165679932,1183.3334636688232,True,1172.6871845722198,0.003827333450317383,0.0,1172.6871845722198,Results/warm_start_cache/experiment_3/random_graphs_8to14vertices_78instances_20260625_143415_AdjacencyList__filehash_a79662a0/hog_idx000010_334c57399bd5_seed42_L2_M2_amplified.npz,10.662890434265137,2026-07-22 20:21:55,x86_64,dacsgpu0002,,64,64,3.11.15,0.24,False,False,adam,True,2,20,hamqaoa,0.01,44,standard,2,2,42,scs,1e-06,100000,False,False,False,hog,False,True,False,False,False,False,True,1,HOG_graphs/random_graphs_8to14vertices_78instances_20260625_143415_AdjacencyList.txt,True,Results/warm_start_cache/experiment_3,512,60,0,32,1,1,100,100,5,3,5,1,42,10,"[(2, 3), (2, 6), (3, 5), (4, 6), (0, 5), (1, 4), (0, 2), (1, 7), (5, 7), (4, 5), (3, 7), (2, 5), (1, 3), (0, 1), (1, 6), (0, 4), (0, 7), (5, 6), (3, 6), (2, 4), (2, 7), (4, 7), (1, 2), (0, 6)]","[1.0, 1.0, 1.0, 1.0, 1.0, 1.0, 1.0, 1.0, 1.0, 1.0, 1.0, 1.0, 1.0, 1.0, 1.0, 1.0, 1.0, 1.0, 1.0, 1.0, 1.0, 1.0, 1.0, 1.0]"
668a8e19,8,16,2,50.0,False,True,"[1, 1, 1]",7.941043782459287,15.883833202096097,7.941916601048049,5.0539320726040335,4.930273925720918,4.8227820308474385,4.483513150773566,0.5645999787429774,,1.0504210363866537,0.3718832762389095,5.008723668966893,,0.6307387046562443,,,,12.93173623085022,1227.216076850891,True,1214.2877655029297,0.0034148693084716797,0.0,1214.2877655029297,Results/warm_start_cache/experiment_3/random_graphs_8to14vertices_78instances_20260625_143415_AdjacencyList__filehash_a79662a0/hog_idx000009_967d16b64b95_seed42_L2_M2_amplified.npz,12.938410997390747,2026-07-22 20:21:56,x86_64,dacsgpu0002,,64,64,3.11.15,0.24,False,False,adam,True,2,20,hamqaoa,0.01,44,standard,2,2,42,scs,1e-06,100000,False,False,False,hog,False,True,False,False,False,False,True,1,HOG_graphs/random_graphs_8to14vertices_78instances_20260625_143415_AdjacencyList.txt,True,Results/warm_start_cache/experiment_3,512,60,0,32,1,1,100,100,5,3,5,1,42,9,"[(2, 7), (0, 1), (1, 6), (2, 6), (3, 5), (1, 2), (5, 6), (0, 6), (3, 4), (1, 5), (4, 5), (2, 5), (1, 4), (0, 2), (6, 7), (1, 7)]","[1.0, 1.0, 1.0, 1.0, 1.0, 1.0, 1.0, 1.0, 1.0, 1.0, 1.0, 1.0, 1.0, 1.0, 1.0, 1.0]"
d58b33af,9,10,1,10.0,False,True,"[1, 1, 1]",6.236411627771346,12.558639310671188,6.279319655335594,4.15009448973705,3.747474772188024,3.9642877151469653,2.808724703029501,0.45037513087205105,,0.9961155553697516,-1.315010468865177,3.306782480714377,,0.5302380083426427,,,,9.04889464378357,3018.7230043411255,True,3009.678169965744,0.004045963287353516,0.0,3009.678169965744,Results/warm_start_cache/experiment_3/random_graphs_8to14vertices_78instances_20260625_143415_AdjacencyList__filehash_a79662a0/hog_idx000012_c06dee67e009_seed42_L2_M2_amplified.npz,9.057562828063965,2026-07-22 20:21:56,x86_64,dacsgpu0002,,64,64,3.11.15,0.28,False,False,adam,True,2,20,hamqaoa,0.01,44,standard,2,2,42,scs,1e-06,100000,False,False,False,hog,False,True,False,False,False,False,True,1,HOG_graphs/random_graphs_8to14vertices_78instances_20260625_143415_AdjacencyList.txt,True,Results/warm_start_cache/experiment_3,512,60,0,32,1,1,100,100,5,3,5,1,42,12,"[(2, 7), (0, 1), (2, 3), (0, 4), (5, 7), (4, 6), (6, 8), (5, 6), (0, 6), (2, 4)]","[1.0, 1.0, 1.0, 1.0, 1.0, 1.0, 1.0, 1.0, 1.0, 1.0]"
9a696ff2,8,24,2,25.0,False,True,"[1, 1, 1]",9.809016994374945,19.618033183031965,9.809016591515983,7.132485172516191,6.241314273575745,6.9661061009524445,7.076183457129463,0.7213957791272412,,0.615397117511522,0.8355518298655582,7.383882015885224,,0.7527647286287267,,,,10.825759649276733,1091.808764219284,True,1080.986644744873,0.0036246776580810547,0.0,1080.986644744873,Results/warm_start_cache/experiment_3/random_graphs_8to14vertices_78instances_20260625_143415_AdjacencyList__filehash_a79662a0/hog_idx000011_df959fde7591_seed42_L2_M2_amplified.npz,10.835283517837524,2026-07-22 20:21:56,x86_64,dacsgpu0002,,64,64,3.11.15,0.24,False,False,adam,True,2,20,hamqaoa,0.01,44,standard,2,2,42,scs,1e-06,100000,False,False,False,hog,False,True,False,False,False,False,True,1,HOG_graphs/random_graphs_8to14vertices_78instances_20260625_143415_AdjacencyList.txt,True,Results/warm_start_cache/experiment_3,512,60,0,32,1,1,100,100,5,3,5,1,42,11,"[(2, 3), (2, 6), (3, 5), (4, 6), (0, 5), (0, 2), (1, 7), (5, 7), (4, 5), (3, 7), (2, 5), (1, 3), (0, 1), (1, 6), (0, 4), (0, 7), (5, 6), (3, 6), (2, 4), (2, 7), (4, 7), (1, 2), (1, 5), (6, 7)]","[1.0, 1.0, 1.0, 1.0, 1.0, 1.0, 1.0, 1.0, 1.0, 1.0, 1.0, 1.0, 1.0, 1.0, 1.0, 1.0, 1.0, 1.0, 1.0, 1.0, 1.0, 1.0, 1.0, 1.0]"
799f34f1,9,10,2,5.0,False,True,"[1, 1, 1]",6.236411627771346,12.558639310671188,6.279319655335594,4.15009448973705,3.747474772188024,3.9642877151469653,2.808724703029501,0.45037513087205105,,1.1397744100332892,-1.1713516142016394,3.3786119080461456,,0.5417557579106643,,,,11.36859130859375,3021.042060136795,True,3009.678169965744,0.0046842098236083984,0.0,3009.678169965744,Results/warm_start_cache/experiment_3/random_graphs_8to14vertices_78instances_20260625_143415_AdjacencyList__filehash_a79662a0/hog_idx000012_c06dee67e009_seed42_L2_M2_amplified.npz,11.380156755447388,2026-07-22 20:21:58,x86_64,dacsgpu0002,,64,64,3.11.15,0.35,False,False,adam,True,2,20,hamqaoa,0.01,44,standard,2,2,42,scs,1e-06,100000,False,False,False,hog,False,True,False,False,False,False,True,1,HOG_graphs/random_graphs_8to14vertices_78instances_20260625_143415_AdjacencyList.txt,True,Results/warm_start_cache/experiment_3,512,60,0,32,1,1,100,100,5,3,5,1,42,12,"[(2, 7), (0, 1), (2, 3), (0, 4), (5, 7), (4, 6), (6, 8), (5, 6), (0, 6), (2, 4)]","[1.0, 1.0, 1.0, 1.0, 1.0, 1.0, 1.0, 1.0, 1.0, 1.0]"
cacc4dd9,8,24,2,50.0,False,True,"[1, 1, 1]",10.000000000000002,20.000000316985155,10.000000158492577,7.659386811470095,6.204753691389071,7.604133320394422,6.951785098688197,0.6951785098688196,,0.6308676495641361,-0.6738287938483136,7.267218923470265,,0.7267218923470264,,,,15.612920761108398,1188.2964975833893,True,1172.6871845722198,0.003591775894165039,0.0,1172.6871845722198,Results/warm_start_cache/experiment_3/random_graphs_8to14vertices_78instances_20260625_143415_AdjacencyList__filehash_a79662a0/hog_idx000010_334c57399bd5_seed42_L2_M2_amplified.npz,15.621815919876099,2026-07-22 20:22:00,x86_64,dacsgpu0002,,64,64,3.11.15,0.24,False,False,adam,True,2,20,hamqaoa,0.01,44,standard,2,2,42,scs,1e-06,100000,False,False,False,hog,False,True,False,False,False,False,True,1,HOG_graphs/random_graphs_8to14vertices_78instances_20260625_143415_AdjacencyList.txt,True,Results/warm_start_cache/experiment_3,512,60,0,32,1,1,100,100,5,3,5,1,42,10,"[(2, 3), (2, 6), (3, 5), (4, 6), (0, 5), (1, 4), (0, 2), (1, 7), (5, 7), (4, 5), (3, 7), (2, 5), (1, 3), (0, 1), (1, 6), (0, 4), (0, 7), (5, 6), (3, 6), (2, 4), (2, 7), (4, 7), (1, 2), (0, 6)]","[1.0, 1.0, 1.0, 1.0, 1.0, 1.0, 1.0, 1.0, 1.0, 1.0, 1.0, 1.0, 1.0, 1.0, 1.0, 1.0, 1.0, 1.0, 1.0, 1.0, 1.0, 1.0, 1.0, 1.0]"
573af5fc,9,10,1,25.0,False,True,"[1, 1, 1]",6.236411627771346,12.558639310671188,6.279319655335594,4.15009448973705,3.747474772188024,3.9642877151469653,2.808724703029501,0.45037513087205105,,0.9628337772249553,-1.3482922470099732,3.2901415916419787,,0.5275696647396813,,,,12.72256088256836,3022.396811246872,True,3009.678169965744,0.0039038658142089844,0.0,3009.678169965744,Results/warm_start_cache/experiment_3/random_graphs_8to14vertices_78instances_20260625_143415_AdjacencyList__filehash_a79662a0/hog_idx000012_c06dee67e009_seed42_L2_M2_amplified.npz,12.735063791275024,2026-07-22 20:22:00,x86_64,dacsgpu0002,,64,64,3.11.15,0.28,False,False,adam,True,2,20,hamqaoa,0.01,44,standard,2,2,42,scs,1e-06,100000,False,False,False,hog,False,True,False,False,False,False,True,1,HOG_graphs/random_graphs_8to14vertices_78instances_20260625_143415_AdjacencyList.txt,True,Results/warm_start_cache/experiment_3,512,60,0,32,1,1,100,100,5,3,5,1,42,12,"[(2, 7), (0, 1), (2, 3), (0, 4), (5, 7), (4, 6), (6, 8), (5, 6), (0, 6), (2, 4)]","[1.0, 1.0, 1.0, 1.0, 1.0, 1.0, 1.0, 1.0, 1.0, 1.0]"
4c390f9e,9,10,2,10.0,False,True,"[1, 1, 1]",6.236411627771346,12.558639310671188,6.279319655335594,4.15009448973705,3.747474772188024,3.9642877151469653,2.808724703029501,0.45037513087205105,,1.045779126387691,-1.2653468978472375,3.3316142662233466,,0.53421975088805,,,,13.5921630859375,3023.265543937683,True,3009.678169965744,0.004775285720825195,0.0,3009.678169965744,Results/warm_start_cache/experiment_3/random_graphs_8to14vertices_78instances_20260625_143415_AdjacencyList__filehash_a79662a0/hog_idx000012_c06dee67e009_seed42_L2_M2_amplified.npz,13.608954429626465,2026-07-22 20:22:01,x86_64,dacsgpu0002,,64,64,3.11.15,0.34,False,False,adam,True,2,20,hamqaoa,0.01,44,standard,2,2,42,scs,1e-06,100000,False,False,False,hog,False,True,False,False,False,False,True,1,HOG_graphs/random_graphs_8to14vertices_78instances_20260625_143415_AdjacencyList.txt,True,Results/warm_start_cache/experiment_3,512,60,0,32,1,1,100,100,5,3,5,1,42,12,"[(2, 7), (0, 1), (2, 3), (0, 4), (5, 7), (4, 6), (6, 8), (5, 6), (0, 6), (2, 4)]","[1.0, 1.0, 1.0, 1.0, 1.0, 1.0, 1.0, 1.0, 1.0, 1.0]"
43d1647a,8,24,2,50.0,False,True,"[1, 1, 1]",9.809016994374945,19.618033183031965,9.809016591515983,7.132485172516191,6.241314273575745,6.9661061009524445,7.076183457129463,0.7213957791272412,,1.6549261323080486,1.8750808446620848,7.903646523283487,,0.8057531685199335,,,,17.13892960548401,1098.1222336292267,True,1080.986644744873,0.0033261775970458984,0.0,1080.986644744873,Results/warm_start_cache/experiment_3/random_graphs_8to14vertices_78instances_20260625_143415_AdjacencyList__filehash_a79662a0/hog_idx000011_df959fde7591_seed42_L2_M2_amplified.npz,17.168925523757935,2026-07-22 20:22:03,x86_64,dacsgpu0002,,64,64,3.11.15,0.24,False,False,adam,True,2,20,hamqaoa,0.01,44,standard,2,2,42,scs,1e-06,100000,False,False,False,hog,False,True,False,False,False,False,True,1,HOG_graphs/random_graphs_8to14vertices_78instances_20260625_143415_AdjacencyList.txt,True,Results/warm_start_cache/experiment_3,512,60,0,32,1,1,100,100,5,3,5,1,42,11,"[(2, 3), (2, 6), (3, 5), (4, 6), (0, 5), (0, 2), (1, 7), (5, 7), (4, 5), (3, 7), (2, 5), (1, 3), (0, 1), (1, 6), (0, 4), (0, 7), (5, 6), (3, 6), (2, 4), (2, 7), (4, 7), (1, 2), (1, 5), (6, 7)]","[1.0, 1.0, 1.0, 1.0, 1.0, 1.0, 1.0, 1.0, 1.0, 1.0, 1.0, 1.0, 1.0, 1.0, 1.0, 1.0, 1.0, 1.0, 1.0, 1.0, 1.0, 1.0, 1.0, 1.0]"
8ff032f2,9,18,1,5.0,False,True,"[1, 1, 1]",9.080080501337052,18.3279040590441,9.16395202952205,5.8643393216599105,5.533522579371357,5.756653474333593,4.586808485094982,0.5051506409463628,,0.5433742232771195,-1.7963157552001014,4.858495596733542,,0.5350718637371247,,,,12.821487665176392,2977.927199602127,True,2965.111493587494,0.005767107009887695,0.0,2965.111493587494,Results/warm_start_cache/experiment_3/random_graphs_8to14vertices_78instances_20260625_143415_AdjacencyList__filehash_a79662a0/hog_idx000013_bb6afa900ad3_seed42_L2_M2_amplified.npz,12.836519718170166,2026-07-22 20:22:06,x86_64,dacsgpu0002,,64,64,3.11.15,0.28,False,False,adam,True,2,20,hamqaoa,0.01,44,standard,2,2,42,scs,1e-06,100000,False,False,False,hog,False,True,False,False,False,False,True,1,HOG_graphs/random_graphs_8to14vertices_78instances_20260625_143415_AdjacencyList.txt,True,Results/warm_start_cache/experiment_3,512,60,0,32,1,1,100,100,5,3,5,1,42,13,"[(2, 7), (0, 1), (2, 3), (0, 4), (2, 6), (0, 7), (3, 5), (4, 6), (1, 2), (5, 6), (0, 6), (3, 4), (6, 8), (4, 5), (0, 5), (1, 4), (5, 8), (0, 8)]","[1.0, 1.0, 1.0, 1.0, 1.0, 1.0, 1.0, 1.0, 1.0, 1.0, 1.0, 1.0, 1.0, 1.0, 1.0, 1.0, 1.0, 1.0]"
08b47e39,9,10,2,25.0,False,True,"[1, 1, 1]",6.236411627771346,12.558639310671188,6.279319655335594,4.15009448973705,3.747474772188024,3.9642877151469653,2.808724703029501,0.45037513087205105,,1.2379708179112185,-1.07315520632371,3.4277101119851103,,0.5496285871704145,,,,19.584303379058838,3029.2574858665466,True,3009.678169965744,0.004971981048583984,0.0,3009.678169965744,Results/warm_start_cache/experiment_3/random_graphs_8to14vertices_78instances_20260625_143415_AdjacencyList__filehash_a79662a0/hog_idx000012_c06dee67e009_seed42_L2_M2_amplified.npz,19.597649335861206,2026-07-22 20:22:07,x86_64,dacsgpu0002,,64,64,3.11.15,0.35,False,False,adam,True,2,20,hamqaoa,0.01,44,standard,2,2,42,scs,1e-06,100000,False,False,False,hog,False,True,False,False,False,False,True,1,HOG_graphs/random_graphs_8to14vertices_78instances_20260625_143415_AdjacencyList.txt,True,Results/warm_start_cache/experiment_3,512,60,0,32,1,1,100,100,5,3,5,1,42,12,"[(2, 7), (0, 1), (2, 3), (0, 4), (5, 7), (4, 6), (6, 8), (5, 6), (0, 6), (2, 4)]","[1.0, 1.0, 1.0, 1.0, 1.0, 1.0, 1.0, 1.0, 1.0, 1.0]"
b44b7b99,9,18,1,10.0,False,True,"[1, 1, 1]",9.080080501337052,18.3279040590441,9.16395202952205,5.8643393216599105,5.533522579371357,5.756653474333593,4.586808485094982,0.5051506409463628,,1.1863049187574184,-1.1533850597198025,5.179960944473692,,0.5704752225171281,,,,14.40680456161499,2979.51074385643,True,2965.111493587494,0.0075359344482421875,0.0,2965.111493587494,Results/warm_start_cache/experiment_3/random_graphs_8to14vertices_78instances_20260625_143415_AdjacencyList__filehash_a79662a0/hog_idx000013_bb6afa900ad3_seed42_L2_M2_amplified.npz,14.428530216217041,2026-07-22 20:22:08,x86_64,dacsgpu0002,,64,64,3.11.15,0.28,False,False,adam,True,2,20,hamqaoa,0.01,44,standard,2,2,42,scs,1e-06,100000,False,False,False,hog,False,True,False,False,False,False,True,1,HOG_graphs/random_graphs_8to14vertices_78instances_20260625_143415_AdjacencyList.txt,True,Results/warm_start_cache/experiment_3,512,60,0,32,1,1,100,100,5,3,5,1,42,13,"[(2, 7), (0, 1), (2, 3), (0, 4), (2, 6), (0, 7), (3, 5), (4, 6), (1, 2), (5, 6), (0, 6), (3, 4), (6, 8), (4, 5), (0, 5), (1, 4), (5, 8), (0, 8)]","[1.0, 1.0, 1.0, 1.0, 1.0, 1.0, 1.0, 1.0, 1.0, 1.0, 1.0, 1.0, 1.0, 1.0, 1.0, 1.0, 1.0, 1.0]"
8e3536f0,9,21,1,5.0,False,True,"[1, 1, 1]",9.960783523542805,20.05605681970448,10.02802840985224,7.4299098119304645,6.170989684851687,7.138327232775514,6.336499194100858,0.6361446545971237,,0.6335841460432583,-0.9700719313060535,6.653291267122487,,0.6679485857108634,,,,14.692270278930664,2958.770459651947,True,2944.1148681640625,0.03666186332702637,0.0,2944.1148681640625,Results/warm_start_cache/experiment_3/random_graphs_8to14vertices_78instances_20260625_143415_AdjacencyList__filehash_a79662a0/hog_idx000014_0210a11e9aa6_seed42_L2_M2_amplified.npz,14.715436220169067,2026-07-22 20:22:10,x86_64,dacsgpu0002,,64,64,3.11.15,0.28,False,False,adam,True,2,20,hamqaoa,0.01,44,standard,2,2,42,scs,1e-06,100000,False,False,False,hog,False,True,False,False,False,False,True,1,HOG_graphs/random_graphs_8to14vertices_78instances_20260625_143415_AdjacencyList.txt,True,Results/warm_start_cache/experiment_3,512,60,0,32,1,1,100,100,5,3,5,1,42,14,"[(2, 3), (2, 6), (3, 5), (7, 8), (0, 8), (1, 7), (5, 7), (3, 4), (2, 8), (4, 5), (3, 7), (2, 5), (4, 8), (1, 3), (0, 7), (6, 8), (2, 4), (0, 3), (0, 6), (1, 5), (6, 7)]","[1.0, 1.0, 1.0, 1.0, 1.0, 1.0, 1.0, 1.0, 1.0, 1.0, 1.0, 1.0, 1.0, 1.0, 1.0, 1.0, 1.0, 1.0, 1.0, 1.0, 1.0]"
7f26f30a,9,18,2,5.0,False,True,"[1, 1, 1]",9.080080501337052,18.3279040590441,9.16395202952205,5.8643393216599105,5.533522579371357,5.756653474333593,4.586808485094982,0.5051506409463628,,0.8340784474795342,-1.5056115309976867,5.0038477088347495,,0.5510796636767622,,,,18.00953769683838,2983.116687297821,True,2965.111493587494,0.004328250885009766,0.0,2965.111493587494,Results/warm_start_cache/experiment_3/random_graphs_8to14vertices_78instances_20260625_143415_AdjacencyList__filehash_a79662a0/hog_idx000013_bb6afa900ad3_seed42_L2_M2_amplified.npz,18.018149852752686,2026-07-22 20:22:12,x86_64,dacsgpu0002,,64,64,3.11.15,0.35,False,False,adam,True,2,20,hamqaoa,0.01,44,standard,2,2,42,scs,1e-06,100000,False,False,False,hog,False,True,False,False,False,False,True,1,HOG_graphs/random_graphs_8to14vertices_78instances_20260625_143415_AdjacencyList.txt,True,Results/warm_start_cache/experiment_3,512,60,0,32,1,1,100,100,5,3,5,1,42,13,"[(2, 7), (0, 1), (2, 3), (0, 4), (2, 6), (0, 7), (3, 5), (4, 6), (1, 2), (5, 6), (0, 6), (3, 4), (6, 8), (4, 5), (0, 5), (1, 4), (5, 8), (0, 8)]","[1.0, 1.0, 1.0, 1.0, 1.0, 1.0, 1.0, 1.0, 1.0, 1.0, 1.0, 1.0, 1.0, 1.0, 1.0, 1.0, 1.0, 1.0]"
1502f5bd,9,21,1,10.0,False,True,"[1, 1, 1]",9.960783523542805,20.05605681970448,10.02802840985224,7.4299098119304645,6.170989684851687,7.138327232775514,6.336499194100858,0.6361446545971237,,0.6599080054823379,-0.943748071866974,6.666453196842027,,0.6692699606497355,,,,16.118866443634033,2960.228329181671,True,2944.1148681640625,0.005393028259277344,0.0,2944.1148681640625,Results/warm_start_cache/experiment_3/random_graphs_8to14vertices_78instances_20260625_143415_AdjacencyList__filehash_a79662a0/hog_idx000014_0210a11e9aa6_seed42_L2_M2_amplified.npz,16.14340090751648,2026-07-22 20:22:12,x86_64,dacsgpu0002,,64,64,3.11.15,0.28,False,False,adam,True,2,20,hamqaoa,0.01,44,standard,2,2,42,scs,1e-06,100000,False,False,False,hog,False,True,False,False,False,False,True,1,HOG_graphs/random_graphs_8to14vertices_78instances_20260625_143415_AdjacencyList.txt,True,Results/warm_start_cache/experiment_3,512,60,0,32,1,1,100,100,5,3,5,1,42,14,"[(2, 3), (2, 6), (3, 5), (7, 8), (0, 8), (1, 7), (5, 7), (3, 4), (2, 8), (4, 5), (3, 7), (2, 5), (4, 8), (1, 3), (0, 7), (6, 8), (2, 4), (0, 3), (0, 6), (1, 5), (6, 7)]","[1.0, 1.0, 1.0, 1.0, 1.0, 1.0, 1.0, 1.0, 1.0, 1.0, 1.0, 1.0, 1.0, 1.0, 1.0, 1.0, 1.0, 1.0, 1.0, 1.0, 1.0]"
a89d4f2f,9,18,1,5.0,False,True,"[1, 1, 1]",9.318472851988224,19.196198652317076,9.598099326158538,7.036701971288181,5.715148547002359,6.806697090286029,4.8964752383853485,0.5254589798306509,,0.292922924863678,-3.5275207789376832,5.0429367008171875,,0.5411763044135722,,,,14.234495401382446,2807.6405806541443,True,2793.4222383499146,0.01613903045654297,0.0,2793.4222383499146,Results/warm_start_cache/experiment_3/random_graphs_8to14vertices_78instances_20260625_143415_AdjacencyList__filehash_a79662a0/hog_idx000015_fc4efa18fa8e_seed42_L2_M2_amplified.npz,14.266506671905518,2026-07-22 20:22:13,x86_64,dacsgpu0002,,64,64,3.11.15,0.28,False,False,adam,True,2,20,hamqaoa,0.01,44,standard,2,2,42,scs,1e-06,100000,False,False,False,hog,False,True,False,False,False,False,True,1,HOG_graphs/random_graphs_8to14vertices_78instances_20260625_143415_AdjacencyList.txt,True,Results/warm_start_cache/experiment_3,512,60,0,32,1,1,100,100,5,3,5,1,42,15,"[(1, 3), (2, 7), (1, 6), (0, 4), (3, 8), (4, 7), (5, 7), (1, 2), (3, 6), (0, 6), (3, 4), (1, 5), (2, 8), (4, 5), (5, 6), (7, 8), (0, 2), (0, 8)]","[1.0, 1.0, 1.0, 1.0, 1.0, 1.0, 1.0, 1.0, 1.0, 1.0, 1.0, 1.0, 1.0, 1.0, 1.0, 1.0, 1.0, 1.0]"
b369d011,9,18,1,25.0,False,True,"[1, 1, 1]",9.080080501337052,18.3279040590441,9.16395202952205,5.8643393216599105,5.533522579371357,5.756653474333593,4.586808485094982,0.5051506409463628,,2.0583288122217542,-0.2813611662554667,5.6159728912058595,,0.6184937336600597,,,,18.67432141304016,2983.770791053772,True,2965.111493587494,0.01500701904296875,0.0,2965.111493587494,Results/warm_start_cache/experiment_3/random_graphs_8to14vertices_78instances_20260625_143415_AdjacencyList__filehash_a79662a0/hog_idx000013_bb6afa900ad3_seed42_L2_M2_amplified.npz,18.715991497039795,2026-07-22 20:22:13,x86_64,dacsgpu0002,,64,64,3.11.15,0.28,False,False,adam,True,2,20,hamqaoa,0.01,44,standard,2,2,42,scs,1e-06,100000,False,False,False,hog,False,True,False,False,False,False,True,1,HOG_graphs/random_graphs_8to14vertices_78instances_20260625_143415_AdjacencyList.txt,True,Results/warm_start_cache/experiment_3,512,60,0,32,1,1,100,100,5,3,5,1,42,13,"[(2, 7), (0, 1), (2, 3), (0, 4), (2, 6), (0, 7), (3, 5), (4, 6), (1, 2), (5, 6), (0, 6), (3, 4), (6, 8), (4, 5), (0, 5), (1, 4), (5, 8), (0, 8)]","[1.0, 1.0, 1.0, 1.0, 1.0, 1.0, 1.0, 1.0, 1.0, 1.0, 1.0, 1.0, 1.0, 1.0, 1.0, 1.0, 1.0, 1.0]"
98fcf8e3,9,18,2,10.0,False,True,"[1, 1, 1]",9.080080501337052,18.3279040590441,9.16395202952205,5.8643393216599105,5.533522579371357,5.756653474333593,4.586808485094982,0.5051506409463628,,1.8457055712910044,-0.4939844071862165,5.509661270740485,,0.6067855092175869,,,,19.935285329818726,2985.0415885448456,True,2965.111493587494,0.005174160003662109,0.0,2965.111493587494,Results/warm_start_cache/experiment_3/random_graphs_8to14vertices_78instances_20260625_143415_AdjacencyList__filehash_a79662a0/hog_idx000013_bb6afa900ad3_seed42_L2_M2_amplified.npz,19.952115774154663,2026-07-22 20:22:14,x86_64,dacsgpu0002,,64,64,3.11.15,0.35,False,False,adam,True,2,20,hamqaoa,0.01,44,standard,2,2,42,scs,1e-06,100000,False,False,False,hog,False,True,False,False,False,False,True,1,HOG_graphs/random_graphs_8to14vertices_78instances_20260625_143415_AdjacencyList.txt,True,Results/warm_start_cache/experiment_3,512,60,0,32,1,1,100,100,5,3,5,1,42,13,"[(2, 7), (0, 1), (2, 3), (0, 4), (2, 6), (0, 7), (3, 5), (4, 6), (1, 2), (5, 6), (0, 6), (3, 4), (6, 8), (4, 5), (0, 5), (1, 4), (5, 8), (0, 8)]","[1.0, 1.0, 1.0, 1.0, 1.0, 1.0, 1.0, 1.0, 1.0, 1.0, 1.0, 1.0, 1.0, 1.0, 1.0, 1.0, 1.0, 1.0]"
aa883374,9,18,1,10.0,False,True,"[1, 1, 1]",9.318472851988224,19.196198652317076,9.598099326158538,7.036701971288181,5.715148547002359,6.806697090286029,4.8964752383853485,0.5254589798306509,,0.4887638099200444,-3.331679893881317,5.140857143345371,,0.5516845115075373,,,,15.615605592727661,2809.034018278122,True,2793.4222383499146,0.003810405731201172,0.0,2793.4222383499146,Results/warm_start_cache/experiment_3/random_graphs_8to14vertices_78instances_20260625_143415_AdjacencyList__filehash_a79662a0/hog_idx000015_fc4efa18fa8e_seed42_L2_M2_amplified.npz,15.63136887550354,2026-07-22 20:22:15,x86_64,dacsgpu0002,,64,64,3.11.15,0.28,False,False,adam,True,2,20,hamqaoa,0.01,44,standard,2,2,42,scs,1e-06,100000,False,False,False,hog,False,True,False,False,False,False,True,1,HOG_graphs/random_graphs_8to14vertices_78instances_20260625_143415_AdjacencyList.txt,True,Results/warm_start_cache/experiment_3,512,60,0,32,1,1,100,100,5,3,5,1,42,15,"[(1, 3), (2, 7), (1, 6), (0, 4), (3, 8), (4, 7), (5, 7), (1, 2), (3, 6), (0, 6), (3, 4), (1, 5), (2, 8), (4, 5), (5, 6), (7, 8), (0, 2), (0, 8)]","[1.0, 1.0, 1.0, 1.0, 1.0, 1.0, 1.0, 1.0, 1.0, 1.0, 1.0, 1.0, 1.0, 1.0, 1.0, 1.0, 1.0, 1.0]"
7e39aca2,9,21,2,5.0,False,True,"[1, 1, 1]",9.960783523542805,20.05605681970448,10.02802840985224,7.4299098119304645,6.170989684851687,7.138327232775514,6.336499194100858,0.6361446545971237,,0.12528313486520126,-1.4783729424841106,6.399140761533459,,0.6424334738736941,,,,19.71423101425171,2963.8241441249847,True,2944.1148681640625,0.004940509796142578,0.0,2944.1148681640625,Results/warm_start_cache/experiment_3/random_graphs_8to14vertices_78instances_20260625_143415_AdjacencyList__filehash_a79662a0/hog_idx000014_0210a11e9aa6_seed42_L2_M2_amplified.npz,19.730045795440674,2026-07-22 20:22:15,x86_64,dacsgpu0002,,64,64,3.11.15,0.35,False,False,adam,True,2,20,hamqaoa,0.01,44,standard,2,2,42,scs,1e-06,100000,False,False,False,hog,False,True,False,False,False,False,True,1,HOG_graphs/random_graphs_8to14vertices_78instances_20260625_143415_AdjacencyList.txt,True,Results/warm_start_cache/experiment_3,512,60,0,32,1,1,100,100,5,3,5,1,42,14,"[(2, 3), (2, 6), (3, 5), (7, 8), (0, 8), (1, 7), (5, 7), (3, 4), (2, 8), (4, 5), (3, 7), (2, 5), (4, 8), (1, 3), (0, 7), (6, 8), (2, 4), (0, 3), (0, 6), (1, 5), (6, 7)]","[1.0, 1.0, 1.0, 1.0, 1.0, 1.0, 1.0, 1.0, 1.0, 1.0, 1.0, 1.0, 1.0, 1.0, 1.0, 1.0, 1.0, 1.0, 1.0, 1.0, 1.0]"
3b913ae7,9,21,1,25.0,False,True,"[1, 1, 1]",9.960783523542805,20.05605681970448,10.02802840985224,7.4299098119304645,6.170989684851687,7.138327232775514,6.336499194100858,0.6361446545971237,,0.511745270816343,-1.0919108065329688,6.5923718295090294,,0.6618326574337885,,,,19.37420964241028,2963.4839582443237,True,2944.1148681640625,0.005106687545776367,0.0,2944.1148681640625,Results/warm_start_cache/experiment_3/random_graphs_8to14vertices_78instances_20260625_143415_AdjacencyList__filehash_a79662a0/hog_idx000014_0210a11e9aa6_seed42_L2_M2_amplified.npz,19.390494108200073,2026-07-22 20:22:16,x86_64,dacsgpu0002,,64,64,3.11.15,0.28,False,False,adam,True,2,20,hamqaoa,0.01,44,standard,2,2,42,scs,1e-06,100000,False,False,False,hog,False,True,False,False,False,False,True,1,HOG_graphs/random_graphs_8to14vertices_78instances_20260625_143415_AdjacencyList.txt,True,Results/warm_start_cache/experiment_3,512,60,0,32,1,1,100,100,5,3,5,1,42,14,"[(2, 3), (2, 6), (3, 5), (7, 8), (0, 8), (1, 7), (5, 7), (3, 4), (2, 8), (4, 5), (3, 7), (2, 5), (4, 8), (1, 3), (0, 7), (6, 8), (2, 4), (0, 3), (0, 6), (1, 5), (6, 7)]","[1.0, 1.0, 1.0, 1.0, 1.0, 1.0, 1.0, 1.0, 1.0, 1.0, 1.0, 1.0, 1.0, 1.0, 1.0, 1.0, 1.0, 1.0, 1.0, 1.0, 1.0]"
dd0c1e87,9,10,1,50.0,False,True,"[1, 1, 1]",6.236411627771346,12.558639310671188,6.279319655335594,4.15009448973705,3.747474772188024,3.9642877151469653,2.808724703029501,0.45037513087205105,,1.058334056371483,-1.2527919678634456,3.3378917312152425,,0.535226333738345,,,,23.661590576171875,3033.3349690437317,True,3009.678169965744,0.004775047302246094,0.0,3009.678169965744,Results/warm_start_cache/experiment_3/random_graphs_8to14vertices_78instances_20260625_143415_AdjacencyList__filehash_a79662a0/hog_idx000012_c06dee67e009_seed42_L2_M2_amplified.npz,23.669883489608765,2026-07-22 20:22:16,x86_64,dacsgpu0002,,64,64,3.11.15,0.28,False,False,adam,True,2,20,hamqaoa,0.01,44,standard,2,2,42,scs,1e-06,100000,False,False,False,hog,False,True,False,False,False,False,True,1,HOG_graphs/random_graphs_8to14vertices_78instances_20260625_143415_AdjacencyList.txt,True,Results/warm_start_cache/experiment_3,512,60,0,32,1,1,100,100,5,3,5,1,42,12,"[(2, 7), (0, 1), (2, 3), (0, 4), (5, 7), (4, 6), (6, 8), (5, 6), (0, 6), (2, 4)]","[1.0, 1.0, 1.0, 1.0, 1.0, 1.0, 1.0, 1.0, 1.0, 1.0]"
ab48ae74,9,18,2,5.0,False,True,"[1, 1, 1]",9.318472851988224,19.196198652317076,9.598099326158538,7.036701971288181,5.715148547002359,6.806697090286029,4.8964752383853485,0.5254589798306509,,0.6869578018421798,-3.1334859019591814,5.239954139306438,,0.5623189789288727,,,,18.84398579597473,2812.2505526542664,True,2793.4222383499146,0.0156552791595459,0.0,2793.4222383499146,Results/warm_start_cache/experiment_3/random_graphs_8to14vertices_78instances_20260625_143415_AdjacencyList__filehash_a79662a0/hog_idx000015_fc4efa18fa8e_seed42_L2_M2_amplified.npz,18.88046884536743,2026-07-22 20:22:17,x86_64,dacsgpu0002,,64,64,3.11.15,0.35,False,False,adam,True,2,20,hamqaoa,0.01,44,standard,2,2,42,scs,1e-06,100000,False,False,False,hog,False,True,False,False,False,False,True,1,HOG_graphs/random_graphs_8to14vertices_78instances_20260625_143415_AdjacencyList.txt,True,Results/warm_start_cache/experiment_3,512,60,0,32,1,1,100,100,5,3,5,1,42,15,"[(1, 3), (2, 7), (1, 6), (0, 4), (3, 8), (4, 7), (5, 7), (1, 2), (3, 6), (0, 6), (3, 4), (1, 5), (2, 8), (4, 5), (5, 6), (7, 8), (0, 2), (0, 8)]","[1.0, 1.0, 1.0, 1.0, 1.0, 1.0, 1.0, 1.0, 1.0, 1.0, 1.0, 1.0, 1.0, 1.0, 1.0, 1.0, 1.0, 1.0]"
2eba01f7,9,21,2,10.0,False,True,"[1, 1, 1]",9.960783523542805,20.05605681970448,10.02802840985224,7.4299098119304645,6.170989684851687,7.138327232775514,6.336499194100858,0.6361446545971237,,0.4376372637789405,-1.1660188135703713,6.555317825990328,,0.6581126685964522,,,,21.014776468276978,2965.121989250183,True,2944.1148681640625,0.007639408111572266,0.0,2944.1148681640625,Results/warm_start_cache/experiment_3/random_graphs_8to14vertices_78instances_20260625_143415_AdjacencyList__filehash_a79662a0/hog_idx000014_0210a11e9aa6_seed42_L2_M2_amplified.npz,21.03584623336792,2026-07-22 20:22:18,x86_64,dacsgpu0002,,64,64,3.11.15,0.35,False,False,adam,True,2,20,hamqaoa,0.01,44,standard,2,2,42,scs,1e-06,100000,False,False,False,hog,False,True,False,False,False,False,True,1,HOG_graphs/random_graphs_8to14vertices_78instances_20260625_143415_AdjacencyList.txt,True,Results/warm_start_cache/experiment_3,512,60,0,32,1,1,100,100,5,3,5,1,42,14,"[(2, 3), (2, 6), (3, 5), (7, 8), (0, 8), (1, 7), (5, 7), (3, 4), (2, 8), (4, 5), (3, 7), (2, 5), (4, 8), (1, 3), (0, 7), (6, 8), (2, 4), (0, 3), (0, 6), (1, 5), (6, 7)]","[1.0, 1.0, 1.0, 1.0, 1.0, 1.0, 1.0, 1.0, 1.0, 1.0, 1.0, 1.0, 1.0, 1.0, 1.0, 1.0, 1.0, 1.0, 1.0, 1.0, 1.0]"
ade679f3,9,18,2,10.0,False,True,"[1, 1, 1]",9.318472851988224,19.196198652317076,9.598099326158538,7.036701971288181,5.715148547002359,6.806697090286029,4.8964752383853485,0.5254589798306509,,1.2434754219796158,-2.5769682818217454,5.518212949375156,,0.5921799673642629,,,,19.696486473083496,2813.1099994182587,True,2793.4222383499146,0.008708715438842773,0.0,2793.4222383499146,Results/warm_start_cache/experiment_3/random_graphs_8to14vertices_78instances_20260625_143415_AdjacencyList__filehash_a79662a0/hog_idx000015_fc4efa18fa8e_seed42_L2_M2_amplified.npz,19.731558799743652,2026-07-22 20:22:19,x86_64,dacsgpu0002,,64,64,3.11.15,0.35,False,False,adam,True,2,20,hamqaoa,0.01,44,standard,2,2,42,scs,1e-06,100000,False,False,False,hog,False,True,False,False,False,False,True,1,HOG_graphs/random_graphs_8to14vertices_78instances_20260625_143415_AdjacencyList.txt,True,Results/warm_start_cache/experiment_3,512,60,0,32,1,1,100,100,5,3,5,1,42,15,"[(1, 3), (2, 7), (1, 6), (0, 4), (3, 8), (4, 7), (5, 7), (1, 2), (3, 6), (0, 6), (3, 4), (1, 5), (2, 8), (4, 5), (5, 6), (7, 8), (0, 2), (0, 8)]","[1.0, 1.0, 1.0, 1.0, 1.0, 1.0, 1.0, 1.0, 1.0, 1.0, 1.0, 1.0, 1.0, 1.0, 1.0, 1.0, 1.0, 1.0]"
ec57c94a,9,18,1,25.0,False,True,"[1, 1, 1]",9.318472851988224,19.196198652317076,9.598099326158538,7.036701971288181,5.715148547002359,6.806697090286029,4.8964752383853485,0.5254589798306509,,0.520821856641831,-3.29962184715953,5.156886166706264,,0.5534046456556422,,,,19.922794818878174,2813.323886871338,True,2793.4222383499146,0.021129131317138672,0.0,2793.4222383499146,Results/warm_start_cache/experiment_3/random_graphs_8to14vertices_78instances_20260625_143415_AdjacencyList__filehash_a79662a0/hog_idx000015_fc4efa18fa8e_seed42_L2_M2_amplified.npz,19.959867238998413,2026-07-22 20:22:20,x86_64,dacsgpu0002,,64,64,3.11.15,0.28,False,False,adam,True,2,20,hamqaoa,0.01,44,standard,2,2,42,scs,1e-06,100000,False,False,False,hog,False,True,False,False,False,False,True,1,HOG_graphs/random_graphs_8to14vertices_78instances_20260625_143415_AdjacencyList.txt,True,Results/warm_start_cache/experiment_3,512,60,0,32,1,1,100,100,5,3,5,1,42,15,"[(1, 3), (2, 7), (1, 6), (0, 4), (3, 8), (4, 7), (5, 7), (1, 2), (3, 6), (0, 6), (3, 4), (1, 5), (2, 8), (4, 5), (5, 6), (7, 8), (0, 2), (0, 8)]","[1.0, 1.0, 1.0, 1.0, 1.0, 1.0, 1.0, 1.0, 1.0, 1.0, 1.0, 1.0, 1.0, 1.0, 1.0, 1.0, 1.0, 1.0]"
3131a507,9,18,2,25.0,False,True,"[1, 1, 1]",9.080080501337052,18.3279040590441,9.16395202952205,5.8643393216599105,5.533522579371357,5.756653474333593,4.586808485094982,0.5051506409463628,,1.2054080869199861,-1.1342818915572348,5.1895125285549755,,0.5715271497637949,,,,25.65556025505066,2990.756103992462,True,2965.111493587494,0.010933876037597656,0.0,2965.111493587494,Results/warm_start_cache/experiment_3/random_graphs_8to14vertices_78instances_20260625_143415_AdjacencyList__filehash_a79662a0/hog_idx000013_bb6afa900ad3_seed42_L2_M2_amplified.npz,25.673746585845947,2026-07-22 20:22:20,x86_64,dacsgpu0002,,64,64,3.11.15,0.35,False,False,adam,True,2,20,hamqaoa,0.01,44,standard,2,2,42,scs,1e-06,100000,False,False,False,hog,False,True,False,False,False,False,True,1,HOG_graphs/random_graphs_8to14vertices_78instances_20260625_143415_AdjacencyList.txt,True,Results/warm_start_cache/experiment_3,512,60,0,32,1,1,100,100,5,3,5,1,42,13,"[(2, 7), (0, 1), (2, 3), (0, 4), (2, 6), (0, 7), (3, 5), (4, 6), (1, 2), (5, 6), (0, 6), (3, 4), (6, 8), (4, 5), (0, 5), (1, 4), (5, 8), (0, 8)]","[1.0, 1.0, 1.0, 1.0, 1.0, 1.0, 1.0, 1.0, 1.0, 1.0, 1.0, 1.0, 1.0, 1.0, 1.0, 1.0, 1.0, 1.0]"
a99fbbc3,9,14,1,5.0,False,True,"[1, 1, 1]",7.4758416116024,15.002762098567485,7.501381049283743,5.458439401056454,4.580866756950405,5.136661232886119,3.1864064019320946,0.4262271149494175,,2.888748090991834,-1.0117615709162155,4.630780447428012,,0.6194326589585721,,,,14.081860542297363,3087.4063663482666,True,3073.3349933624268,0.010473012924194336,0.0,3073.3349933624268,Results/warm_start_cache/experiment_3/random_graphs_8to14vertices_78instances_20260625_143415_AdjacencyList__filehash_a79662a0/hog_idx000016_6c2ea510a127_seed42_L2_M2_amplified.npz,14.117819786071777,2026-07-22 20:22:21,x86_64,dacsgpu0002,,64,64,3.11.15,0.28,False,False,adam,True,2,20,hamqaoa,0.01,44,standard,2,2,42,scs,1e-06,100000,False,False,False,hog,False,True,False,False,False,False,True,1,HOG_graphs/random_graphs_8to14vertices_78instances_20260625_143415_AdjacencyList.txt,True,Results/warm_start_cache/experiment_3,512,60,0,32,1,1,100,100,5,3,5,1,42,16,"[(0, 1), (2, 3), (1, 6), (0, 4), (3, 8), (5, 7), (0, 7), (0, 3), (0, 6), (1, 5), (2, 8), (4, 5), (1, 4), (0, 2)]","[1.0, 1.0, 1.0, 1.0, 1.0, 1.0, 1.0, 1.0, 1.0, 1.0, 1.0, 1.0, 1.0, 1.0]"
47611f8b,9,18,1,50.0,False,True,"[1, 1, 1]",9.080080501337052,18.3279040590441,9.16395202952205,5.8643393216599105,5.533522579371357,5.756653474333593,4.586808485094982,0.5051506409463628,,1.192729850474798,-1.1469601280024229,5.183173410332381,,0.5708290151798933,,,,26.105048179626465,2991.2115607261658,True,2965.111493587494,0.004966020584106445,0.0,2965.111493587494,Results/warm_start_cache/experiment_3/random_graphs_8to14vertices_78instances_20260625_143415_AdjacencyList__filehash_a79662a0/hog_idx000013_bb6afa900ad3_seed42_L2_M2_amplified.npz,26.13260769844055,2026-07-22 20:22:21,x86_64,dacsgpu0002,,64,64,3.11.15,0.29,False,False,adam,True,2,20,hamqaoa,0.01,44,standard,2,2,42,scs,1e-06,100000,False,False,False,hog,False,True,False,False,False,False,True,1,HOG_graphs/random_graphs_8to14vertices_78instances_20260625_143415_AdjacencyList.txt,True,Results/warm_start_cache/experiment_3,512,60,0,32,1,1,100,100,5,3,5,1,42,13,"[(2, 7), (0, 1), (2, 3), (0, 4), (2, 6), (0, 7), (3, 5), (4, 6), (1, 2), (5, 6), (0, 6), (3, 4), (6, 8), (4, 5), (0, 5), (1, 4), (5, 8), (0, 8)]","[1.0, 1.0, 1.0, 1.0, 1.0, 1.0, 1.0, 1.0, 1.0, 1.0, 1.0, 1.0, 1.0, 1.0, 1.0, 1.0, 1.0, 1.0]"
a4879e6b,9,14,1,10.0,False,True,"[1, 1, 1]",7.4758416116024,15.002762098567485,7.501381049283743,5.458439401056454,4.580866756950405,5.136661232886119,3.1864064019320946,0.4262271149494175,,2.74726970635537,-1.1532399555526798,4.5600412551097795,,0.609970287229288,,,,14.940205097198486,3088.2604331970215,True,3073.3349933624268,0.01474618911743164,0.0,3073.3349933624268,Results/warm_start_cache/experiment_3/random_graphs_8to14vertices_78instances_20260625_143415_AdjacencyList__filehash_a79662a0/hog_idx000016_6c2ea510a127_seed42_L2_M2_amplified.npz,14.963007688522339,2026-07-22 20:22:22,x86_64,dacsgpu0002,,64,64,3.11.15,0.28,False,False,adam,True,2,20,hamqaoa,0.01,44,standard,2,2,42,scs,1e-06,100000,False,False,False,hog,False,True,False,False,False,False,True,1,HOG_graphs/random_graphs_8to14vertices_78instances_20260625_143415_AdjacencyList.txt,True,Results/warm_start_cache/experiment_3,512,60,0,32,1,1,100,100,5,3,5,1,42,16,"[(0, 1), (2, 3), (1, 6), (0, 4), (3, 8), (5, 7), (0, 7), (0, 3), (0, 6), (1, 5), (2, 8), (4, 5), (1, 4), (0, 2)]","[1.0, 1.0, 1.0, 1.0, 1.0, 1.0, 1.0, 1.0, 1.0, 1.0, 1.0, 1.0, 1.0, 1.0]"
13413d43,9,21,2,25.0,False,True,"[1, 1, 1]",9.960783523542805,20.05605681970448,10.02802840985224,7.4299098119304645,6.170989684851687,7.138327232775514,6.336499194100858,0.6361446545971237,,0.1265621041024314,-1.4770939732468804,6.399780246152074,,0.6424976741062464,,,,25.51245927810669,2969.6226456165314,True,2944.1148681640625,0.0046656131744384766,0.0,2944.1148681640625,Results/warm_start_cache/experiment_3/random_graphs_8to14vertices_78instances_20260625_143415_AdjacencyList__filehash_a79662a0/hog_idx000014_0210a11e9aa6_seed42_L2_M2_amplified.npz,25.524495124816895,2026-07-22 20:22:23,x86_64,dacsgpu0002,,64,64,3.11.15,0.35,False,False,adam,True,2,20,hamqaoa,0.01,44,standard,2,2,42,scs,1e-06,100000,False,False,False,hog,False,True,False,False,False,False,True,1,HOG_graphs/random_graphs_8to14vertices_78instances_20260625_143415_AdjacencyList.txt,True,Results/warm_start_cache/experiment_3,512,60,0,32,1,1,100,100,5,3,5,1,42,14,"[(2, 3), (2, 6), (3, 5), (7, 8), (0, 8), (1, 7), (5, 7), (3, 4), (2, 8), (4, 5), (3, 7), (2, 5), (4, 8), (1, 3), (0, 7), (6, 8), (2, 4), (0, 3), (0, 6), (1, 5), (6, 7)]","[1.0, 1.0, 1.0, 1.0, 1.0, 1.0, 1.0, 1.0, 1.0, 1.0, 1.0, 1.0, 1.0, 1.0, 1.0, 1.0, 1.0, 1.0, 1.0, 1.0, 1.0]"
66b36fe4,9,14,2,5.0,False,True,"[1, 1, 1]",7.4758416116024,15.002762098567485,7.501381049283743,5.458439401056454,4.580866756950405,5.136661232886119,3.1864064019320946,0.4262271149494175,,2.3562857922739795,-1.5442238696340702,4.364549298069084,,0.5838204612702557,,,,16.97982907295227,3090.309659719467,True,3073.3349933624268,0.005144596099853516,0.0,3073.3349933624268,Results/warm_start_cache/experiment_3/random_graphs_8to14vertices_78instances_20260625_143415_AdjacencyList__filehash_a79662a0/hog_idx000016_6c2ea510a127_seed42_L2_M2_amplified.npz,17.00216817855835,2026-07-22 20:22:24,x86_64,dacsgpu0002,,64,64,3.11.15,0.35,False,False,adam,True,2,20,hamqaoa,0.01,44,standard,2,2,42,scs,1e-06,100000,False,False,False,hog,False,True,False,False,False,False,True,1,HOG_graphs/random_graphs_8to14vertices_78instances_20260625_143415_AdjacencyList.txt,True,Results/warm_start_cache/experiment_3,512,60,0,32,1,1,100,100,5,3,5,1,42,16,"[(0, 1), (2, 3), (1, 6), (0, 4), (3, 8), (5, 7), (0, 7), (0, 3), (0, 6), (1, 5), (2, 8), (4, 5), (1, 4), (0, 2)]","[1.0, 1.0, 1.0, 1.0, 1.0, 1.0, 1.0, 1.0, 1.0, 1.0, 1.0, 1.0, 1.0, 1.0]"
8d790f82,9,21,1,50.0,False,True,"[1, 1, 1]",9.960783523542805,20.05605681970448,10.02802840985224,7.4299098119304645,6.170989684851687,7.138327232775514,6.336499194100858,0.6361446545971237,,0.0,-1.6036560773493118,6.336499194100858,,0.6361446545971237,,,,26.462969303131104,2970.5727169513702,True,2944.1148681640625,0.005105018615722656,0.0,2944.1148681640625,Results/warm_start_cache/experiment_3/random_graphs_8to14vertices_78instances_20260625_143415_AdjacencyList__filehash_a79662a0/hog_idx000014_0210a11e9aa6_seed42_L2_M2_amplified.npz,26.497863054275513,2026-07-22 20:22:24,x86_64,dacsgpu0002,,64,64,3.11.15,0.29,False,False,adam,True,2,20,hamqaoa,0.01,44,standard,2,2,42,scs,1e-06,100000,False,False,False,hog,False,True,False,False,False,False,True,1,HOG_graphs/random_graphs_8to14vertices_78instances_20260625_143415_AdjacencyList.txt,True,Results/warm_start_cache/experiment_3,512,60,0,32,1,1,100,100,5,3,5,1,42,14,"[(2, 3), (2, 6), (3, 5), (7, 8), (0, 8), (1, 7), (5, 7), (3, 4), (2, 8), (4, 5), (3, 7), (2, 5), (4, 8), (1, 3), (0, 7), (6, 8), (2, 4), (0, 3), (0, 6), (1, 5), (6, 7)]","[1.0, 1.0, 1.0, 1.0, 1.0, 1.0, 1.0, 1.0, 1.0, 1.0, 1.0, 1.0, 1.0, 1.0, 1.0, 1.0, 1.0, 1.0, 1.0, 1.0, 1.0]"
01a20936,9,10,2,50.0,False,True,"[1, 1, 1]",6.236411627771346,12.558639310671188,6.279319655335594,4.15009448973705,3.747474772188024,3.9642877151469653,2.808724703029501,0.45037513087205105,,1.3745849406607382,-0.9365410835741903,3.49601717335987,,0.560581530217115,,,,31.556023120880127,3041.229261159897,True,3009.678169965744,0.004914760589599609,0.0,3009.678169965744,Results/warm_start_cache/experiment_3/random_graphs_8to14vertices_78instances_20260625_143415_AdjacencyList__filehash_a79662a0/hog_idx000012_c06dee67e009_seed42_L2_M2_amplified.npz,31.568153381347656,2026-07-22 20:22:25,x86_64,dacsgpu0002,,64,64,3.11.15,0.35,False,False,adam,True,2,20,hamqaoa,0.01,44,standard,2,2,42,scs,1e-06,100000,False,False,False,hog,False,True,False,False,False,False,True,1,HOG_graphs/random_graphs_8to14vertices_78instances_20260625_143415_AdjacencyList.txt,True,Results/warm_start_cache/experiment_3,512,60,0,32,1,1,100,100,5,3,5,1,42,12,"[(2, 7), (0, 1), (2, 3), (0, 4), (5, 7), (4, 6), (6, 8), (5, 6), (0, 6), (2, 4)]","[1.0, 1.0, 1.0, 1.0, 1.0, 1.0, 1.0, 1.0, 1.0, 1.0]"
8bb6f9d8,9,18,1,50.0,False,True,"[1, 1, 1]",9.318472851988224,19.196198652317076,9.598099326158538,7.036701971288181,5.715148547002359,6.806697090286029,4.8964752383853485,0.5254589798306509,,0.5207629718374527,-3.2996807319639085,5.156856724304075,,0.5534014860818948,,,,24.244898080825806,2817.6553275585175,True,2793.4222383499146,0.01179361343383789,0.0,2793.4222383499146,Results/warm_start_cache/experiment_3/random_graphs_8to14vertices_78instances_20260625_143415_AdjacencyList__filehash_a79662a0/hog_idx000015_fc4efa18fa8e_seed42_L2_M2_amplified.npz,24.260704517364502,2026-07-22 20:22:25,x86_64,dacsgpu0002,,64,64,3.11.15,0.28,False,False,adam,True,2,20,hamqaoa,0.01,44,standard,2,2,42,scs,1e-06,100000,False,False,False,hog,False,True,False,False,False,False,True,1,HOG_graphs/random_graphs_8to14vertices_78instances_20260625_143415_AdjacencyList.txt,True,Results/warm_start_cache/experiment_3,512,60,0,32,1,1,100,100,5,3,5,1,42,15,"[(1, 3), (2, 7), (1, 6), (0, 4), (3, 8), (4, 7), (5, 7), (1, 2), (3, 6), (0, 6), (3, 4), (1, 5), (2, 8), (4, 5), (5, 6), (7, 8), (0, 2), (0, 8)]","[1.0, 1.0, 1.0, 1.0, 1.0, 1.0, 1.0, 1.0, 1.0, 1.0, 1.0, 1.0, 1.0, 1.0, 1.0, 1.0, 1.0, 1.0]"
b1f9f8ed,9,18,2,25.0,False,True,"[1, 1, 1]",9.318472851988224,19.196198652317076,9.598099326158538,7.036701971288181,5.715148547002359,6.806697090286029,4.8964752383853485,0.5254589798306509,,2.1679522869078305,-1.6524914168935307,5.980451381839264,,0.6417844937503093,,,,25.054579734802246,2818.472162246704,True,2793.4222383499146,0.004642486572265625,0.0,2793.4222383499146,Results/warm_start_cache/experiment_3/random_graphs_8to14vertices_78instances_20260625_143415_AdjacencyList__filehash_a79662a0/hog_idx000015_fc4efa18fa8e_seed42_L2_M2_amplified.npz,25.08018708229065,2026-07-22 20:22:25,x86_64,dacsgpu0002,,64,64,3.11.15,0.35,False,False,adam,True,2,20,hamqaoa,0.01,44,standard,2,2,42,scs,1e-06,100000,False,False,False,hog,False,True,False,False,False,False,True,1,HOG_graphs/random_graphs_8to14vertices_78instances_20260625_143415_AdjacencyList.txt,True,Results/warm_start_cache/experiment_3,512,60,0,32,1,1,100,100,5,3,5,1,42,15,"[(1, 3), (2, 7), (1, 6), (0, 4), (3, 8), (4, 7), (5, 7), (1, 2), (3, 6), (0, 6), (3, 4), (1, 5), (2, 8), (4, 5), (5, 6), (7, 8), (0, 2), (0, 8)]","[1.0, 1.0, 1.0, 1.0, 1.0, 1.0, 1.0, 1.0, 1.0, 1.0, 1.0, 1.0, 1.0, 1.0, 1.0, 1.0, 1.0, 1.0]"
a8e2da9a,9,14,2,10.0,False,True,"[1, 1, 1]",7.4758416116024,15.002762098567485,7.501381049283743,5.458439401056454,4.580866756950405,5.136661232886119,3.1864064019320946,0.4262271149494175,,3.003639629972314,-0.8968700319357357,4.688226216918252,,0.6271168465691128,,,,17.688526391983032,3091.0047945976257,True,3073.3349933624268,0.018708467483520508,0.0,3073.3349933624268,Results/warm_start_cache/experiment_3/random_graphs_8to14vertices_78instances_20260625_143415_AdjacencyList__filehash_a79662a0/hog_idx000016_6c2ea510a127_seed42_L2_M2_amplified.npz,17.710359573364258,2026-07-22 20:22:26,x86_64,dacsgpu0002,,64,64,3.11.15,0.35,False,False,adam,True,2,20,hamqaoa,0.01,44,standard,2,2,42,scs,1e-06,100000,False,False,False,hog,False,True,False,False,False,False,True,1,HOG_graphs/random_graphs_8to14vertices_78instances_20260625_143415_AdjacencyList.txt,True,Results/warm_start_cache/experiment_3,512,60,0,32,1,1,100,100,5,3,5,1,42,16,"[(0, 1), (2, 3), (1, 6), (0, 4), (3, 8), (5, 7), (0, 7), (0, 3), (0, 6), (1, 5), (2, 8), (4, 5), (1, 4), (0, 2)]","[1.0, 1.0, 1.0, 1.0, 1.0, 1.0, 1.0, 1.0, 1.0, 1.0, 1.0, 1.0, 1.0, 1.0]"
2f8053bf,9,18,1,5.0,False,True,"[1, 1, 1]",8.611677215596796,17.792499408619754,8.896249704309877,5.639666154694418,5.3568777998626755,5.453777912062453,4.318386291206381,0.501457054542785,,1.154544319768613,-1.1162389219435305,4.8956584510906875,,0.5684907049493279,,,,10.944727897644043,2905.378092765808,True,2894.442602157593,0.009224176406860352,0.0,2894.442602157593,Results/warm_start_cache/experiment_3/random_graphs_8to14vertices_78instances_20260625_143415_AdjacencyList__filehash_a79662a0/hog_idx000017_1cb58d6ed341_seed42_L2_M2_amplified.npz,10.963611364364624,2026-07-22 20:22:26,x86_64,dacsgpu0002,,64,64,3.11.15,0.28,False,False,adam,True,2,20,hamqaoa,0.01,44,standard,2,2,42,scs,1e-06,100000,False,False,False,hog,False,True,False,False,False,False,True,1,HOG_graphs/random_graphs_8to14vertices_78instances_20260625_143415_AdjacencyList.txt,True,Results/warm_start_cache/experiment_3,512,60,0,32,1,1,100,100,5,3,5,1,42,17,"[(2, 7), (0, 1), (0, 4), (3, 8), (2, 6), (5, 7), (0, 7), (3, 5), (0, 3), (4, 6), (3, 6), (6, 8), (1, 5), (0, 5), (1, 4), (0, 2), (0, 8), (2, 4)]","[1.0, 1.0, 1.0, 1.0, 1.0, 1.0, 1.0, 1.0, 1.0, 1.0, 1.0, 1.0, 1.0, 1.0, 1.0, 1.0, 1.0, 1.0]"
27968dc8,9,14,1,25.0,False,True,"[1, 1, 1]",7.4758416116024,15.002762098567485,7.501381049283743,5.458439401056454,4.580866756950405,5.136661232886119,3.1864064019320946,0.4262271149494175,,2.5497479224875708,-1.350761739420479,4.46128036317588,,0.5967596151652058,,,,17.73686122894287,3091.066975593567,True,3073.3349933624268,0.004862070083618164,0.0,3073.3349933624268,Results/warm_start_cache/experiment_3/random_graphs_8to14vertices_78instances_20260625_143415_AdjacencyList__filehash_a79662a0/hog_idx000016_6c2ea510a127_seed42_L2_M2_amplified.npz,17.752963304519653,2026-07-22 20:22:26,x86_64,dacsgpu0002,,64,64,3.11.15,0.28,False,False,adam,True,2,20,hamqaoa,0.01,44,standard,2,2,42,scs,1e-06,100000,False,False,False,hog,False,True,False,False,False,False,True,1,HOG_graphs/random_graphs_8to14vertices_78instances_20260625_143415_AdjacencyList.txt,True,Results/warm_start_cache/experiment_3,512,60,0,32,1,1,100,100,5,3,5,1,42,16,"[(0, 1), (2, 3), (1, 6), (0, 4), (3, 8), (5, 7), (0, 7), (0, 3), (0, 6), (1, 5), (2, 8), (4, 5), (1, 4), (0, 2)]","[1.0, 1.0, 1.0, 1.0, 1.0, 1.0, 1.0, 1.0, 1.0, 1.0, 1.0, 1.0, 1.0, 1.0]"
b584d1d0,9,18,2,50.0,False,True,"[1, 1, 1]",9.080080501337052,18.3279040590441,9.16395202952205,5.8643393216599105,5.533522579371357,5.756653474333593,4.586808485094982,0.5051506409463628,,1.929781945220956,-0.409908033256265,5.55169945770546,,0.611415224445198,,,,32.753034591674805,2997.859300851822,True,2965.111493587494,0.005210399627685547,0.0,2965.111493587494,Results/warm_start_cache/experiment_3/random_graphs_8to14vertices_78instances_20260625_143415_AdjacencyList__filehash_a79662a0/hog_idx000013_bb6afa900ad3_seed42_L2_M2_amplified.npz,32.76491093635559,2026-07-22 20:22:28,x86_64,dacsgpu0002,,64,64,3.11.15,0.35,False,False,adam,True,2,20,hamqaoa,0.01,44,standard,2,2,42,scs,1e-06,100000,False,False,False,hog,False,True,False,False,False,False,True,1,HOG_graphs/random_graphs_8to14vertices_78instances_20260625_143415_AdjacencyList.txt,True,Results/warm_start_cache/experiment_3,512,60,0,32,1,1,100,100,5,3,5,1,42,13,"[(2, 7), (0, 1), (2, 3), (0, 4), (2, 6), (0, 7), (3, 5), (4, 6), (1, 2), (5, 6), (0, 6), (3, 4), (6, 8), (4, 5), (0, 5), (1, 4), (5, 8), (0, 8)]","[1.0, 1.0, 1.0, 1.0, 1.0, 1.0, 1.0, 1.0, 1.0, 1.0, 1.0, 1.0, 1.0, 1.0, 1.0, 1.0, 1.0, 1.0]"
742b5892,9,21,2,50.0,False,True,"[1, 1, 1]",9.960783523542805,20.05605681970448,10.02802840985224,7.4299098119304645,6.170989684851687,7.138327232775514,6.336499194100858,0.6361446545971237,,1.6580180965833744,0.054362019234062586,7.165508242392545,,0.7193719475437361,,,,30.90710163116455,2975.0171263217926,True,2944.1148681640625,0.004831075668334961,0.0,2944.1148681640625,Results/warm_start_cache/experiment_3/random_graphs_8to14vertices_78instances_20260625_143415_AdjacencyList__filehash_a79662a0/hog_idx000014_0210a11e9aa6_seed42_L2_M2_amplified.npz,30.918081283569336,2026-07-22 20:22:29,x86_64,dacsgpu0002,,64,64,3.11.15,0.35,False,False,adam,True,2,20,hamqaoa,0.01,44,standard,2,2,42,scs,1e-06,100000,False,False,False,hog,False,True,False,False,False,False,True,1,HOG_graphs/random_graphs_8to14vertices_78instances_20260625_143415_AdjacencyList.txt,True,Results/warm_start_cache/experiment_3,512,60,0,32,1,1,100,100,5,3,5,1,42,14,"[(2, 3), (2, 6), (3, 5), (7, 8), (0, 8), (1, 7), (5, 7), (3, 4), (2, 8), (4, 5), (3, 7), (2, 5), (4, 8), (1, 3), (0, 7), (6, 8), (2, 4), (0, 3), (0, 6), (1, 5), (6, 7)]","[1.0, 1.0, 1.0, 1.0, 1.0, 1.0, 1.0, 1.0, 1.0, 1.0, 1.0, 1.0, 1.0, 1.0, 1.0, 1.0, 1.0, 1.0, 1.0, 1.0, 1.0]"
e216c147,9,18,2,50.0,False,True,"[1, 1, 1]",9.318472851988224,19.196198652317076,9.598099326158538,7.036701971288181,5.715148547002359,6.806697090286029,4.8964752383853485,0.5254589798306509,,1.8336294155046957,-1.9868142882966655,5.813289946137696,,0.6238457780018484,,,,28.69319224357605,2822.1055603027344,True,2793.4222383499146,0.009857416152954102,0.0,2793.4222383499146,Results/warm_start_cache/experiment_3/random_graphs_8to14vertices_78instances_20260625_143415_AdjacencyList__filehash_a79662a0/hog_idx000015_fc4efa18fa8e_seed42_L2_M2_amplified.npz,28.724031448364258,2026-07-22 20:22:30,x86_64,dacsgpu0002,,64,64,3.11.15,0.35,False,False,adam,True,2,20,hamqaoa,0.01,44,standard,2,2,42,scs,1e-06,100000,False,False,False,hog,False,True,False,False,False,False,True,1,HOG_graphs/random_graphs_8to14vertices_78instances_20260625_143415_AdjacencyList.txt,True,Results/warm_start_cache/experiment_3,512,60,0,32,1,1,100,100,5,3,5,1,42,15,"[(1, 3), (2, 7), (1, 6), (0, 4), (3, 8), (4, 7), (5, 7), (1, 2), (3, 6), (0, 6), (3, 4), (1, 5), (2, 8), (4, 5), (5, 6), (7, 8), (0, 2), (0, 8)]","[1.0, 1.0, 1.0, 1.0, 1.0, 1.0, 1.0, 1.0, 1.0, 1.0, 1.0, 1.0, 1.0, 1.0, 1.0, 1.0, 1.0, 1.0]"
37411bb9,9,18,1,10.0,False,True,"[1, 1, 1]",8.611677215596796,17.792499408619754,8.896249704309877,5.639666154694418,5.3568777998626755,5.453777912062453,4.318386291206381,0.501457054542785,,1.3632005088236578,-0.9075827328884856,4.99998654561821,,0.58060542916804,,,,9.234852313995361,2903.672892332077,True,2894.442602157593,0.004546642303466797,0.0,2894.442602157593,Results/warm_start_cache/experiment_3/random_graphs_8to14vertices_78instances_20260625_143415_AdjacencyList__filehash_a79662a0/hog_idx000017_1cb58d6ed341_seed42_L2_M2_amplified.npz,9.249604940414429,2026-07-22 20:22:30,x86_64,dacsgpu0002,,64,64,3.11.15,0.28,False,False,adam,True,2,20,hamqaoa,0.01,44,standard,2,2,42,scs,1e-06,100000,False,False,False,hog,False,True,False,False,False,False,True,1,HOG_graphs/random_graphs_8to14vertices_78instances_20260625_143415_AdjacencyList.txt,True,Results/warm_start_cache/experiment_3,512,60,0,32,1,1,100,100,5,3,5,1,42,17,"[(2, 7), (0, 1), (0, 4), (3, 8), (2, 6), (5, 7), (0, 7), (3, 5), (0, 3), (4, 6), (3, 6), (6, 8), (1, 5), (0, 5), (1, 4), (0, 2), (0, 8), (2, 4)]","[1.0, 1.0, 1.0, 1.0, 1.0, 1.0, 1.0, 1.0, 1.0, 1.0, 1.0, 1.0, 1.0, 1.0, 1.0, 1.0, 1.0, 1.0]"
12a2feef,9,14,1,50.0,False,True,"[1, 1, 1]",7.4758416116024,15.002762098567485,7.501381049283743,5.458439401056454,4.580866756950405,5.136661232886119,3.1864064019320946,0.4262271149494175,,2.956124386541271,-0.9443852753667787,4.66446859520273,,0.6239389272190493,,,,17.03385043144226,3090.363714694977,True,3073.3349933624268,0.0051152706146240234,0.0,3073.3349933624268,Results/warm_start_cache/experiment_3/random_graphs_8to14vertices_78instances_20260625_143415_AdjacencyList__filehash_a79662a0/hog_idx000016_6c2ea510a127_seed42_L2_M2_amplified.npz,17.071824312210083,2026-07-22 20:22:31,x86_64,dacsgpu0002,,64,64,3.11.15,0.29,False,False,adam,True,2,20,hamqaoa,0.01,44,standard,2,2,42,scs,1e-06,100000,False,False,False,hog,False,True,False,False,False,False,True,1,HOG_graphs/random_graphs_8to14vertices_78instances_20260625_143415_AdjacencyList.txt,True,Results/warm_start_cache/experiment_3,512,60,0,32,1,1,100,100,5,3,5,1,42,16,"[(0, 1), (2, 3), (1, 6), (0, 4), (3, 8), (5, 7), (0, 7), (0, 3), (0, 6), (1, 5), (2, 8), (4, 5), (1, 4), (0, 2)]","[1.0, 1.0, 1.0, 1.0, 1.0, 1.0, 1.0, 1.0, 1.0, 1.0, 1.0, 1.0, 1.0, 1.0]"
e25d34ff,9,18,2,5.0,False,True,"[1, 1, 1]",8.611677215596796,17.792499408619754,8.896249704309877,5.639666154694418,5.3568777998626755,5.453777912062453,4.318386291206381,0.501457054542785,,1.0963958567143681,-1.1743873849977753,4.866584219563565,,0.5651145645298443,,,,11.215253591537476,2905.651782989502,True,2894.442602157593,0.006056070327758789,0.0,2894.442602157593,Results/warm_start_cache/experiment_3/random_graphs_8to14vertices_78instances_20260625_143415_AdjacencyList__filehash_a79662a0/hog_idx000017_1cb58d6ed341_seed42_L2_M2_amplified.npz,11.254782438278198,2026-07-22 20:22:31,x86_64,dacsgpu0002,,64,64,3.11.15,0.35,False,False,adam,True,2,20,hamqaoa,0.01,44,standard,2,2,42,scs,1e-06,100000,False,False,False,hog,False,True,False,False,False,False,True,1,HOG_graphs/random_graphs_8to14vertices_78instances_20260625_143415_AdjacencyList.txt,True,Results/warm_start_cache/experiment_3,512,60,0,32,1,1,100,100,5,3,5,1,42,17,"[(2, 7), (0, 1), (0, 4), (3, 8), (2, 6), (5, 7), (0, 7), (3, 5), (0, 3), (4, 6), (3, 6), (6, 8), (1, 5), (0, 5), (1, 4), (0, 2), (0, 8), (2, 4)]","[1.0, 1.0, 1.0, 1.0, 1.0, 1.0, 1.0, 1.0, 1.0, 1.0, 1.0, 1.0, 1.0, 1.0, 1.0, 1.0, 1.0, 1.0]"
9c6bbee5,9,14,2,25.0,False,True,"[1, 1, 1]",7.4758416116024,15.002762098567485,7.501381049283743,5.458439401056454,4.580866756950405,5.136661232886119,3.1864064019320946,0.4262271149494175,,3.0781752225776575,-0.8223344393303922,4.725494013220923,,0.6321019436643794,,,,17.86106848716736,3091.1783759593964,True,3073.3349933624268,0.01767253875732422,0.0,3073.3349933624268,Results/warm_start_cache/experiment_3/random_graphs_8to14vertices_78instances_20260625_143415_AdjacencyList__filehash_a79662a0/hog_idx000016_6c2ea510a127_seed42_L2_M2_amplified.npz,17.88034677505493,2026-07-22 20:22:32,x86_64,dacsgpu0002,,64,64,3.11.15,0.35,False,False,adam,True,2,20,hamqaoa,0.01,44,standard,2,2,42,scs,1e-06,100000,False,False,False,hog,False,True,False,False,False,False,True,1,HOG_graphs/random_graphs_8to14vertices_78instances_20260625_143415_AdjacencyList.txt,True,Results/warm_start_cache/experiment_3,512,60,0,32,1,1,100,100,5,3,5,1,42,16,"[(0, 1), (2, 3), (1, 6), (0, 4), (3, 8), (5, 7), (0, 7), (0, 3), (0, 6), (1, 5), (2, 8), (4, 5), (1, 4), (0, 2)]","[1.0, 1.0, 1.0, 1.0, 1.0, 1.0, 1.0, 1.0, 1.0, 1.0, 1.0, 1.0, 1.0, 1.0]"
9dbd788e,9,18,1,25.0,False,True,"[1, 1, 1]",8.611677215596796,17.792499408619754,8.896249704309877,5.639666154694418,5.3568777998626755,5.453777912062453,4.318386291206381,0.501457054542785,,1.7450226440301204,-0.525760597682023,5.190897613221441,,0.6027742892894422,,,,10.091729879379272,2904.5058691501617,True,2894.442602157593,0.02844977378845215,0.0,2894.442602157593,Results/warm_start_cache/experiment_3/random_graphs_8to14vertices_78instances_20260625_143415_AdjacencyList__filehash_a79662a0/hog_idx000017_1cb58d6ed341_seed42_L2_M2_amplified.npz,10.11614441871643,2026-07-22 20:22:32,x86_64,dacsgpu0002,,64,64,3.11.15,0.28,False,False,adam,True,2,20,hamqaoa,0.01,44,standard,2,2,42,scs,1e-06,100000,False,False,False,hog,False,True,False,False,False,False,True,1,HOG_graphs/random_graphs_8to14vertices_78instances_20260625_143415_AdjacencyList.txt,True,Results/warm_start_cache/experiment_3,512,60,0,32,1,1,100,100,5,3,5,1,42,17,"[(2, 7), (0, 1), (0, 4), (3, 8), (2, 6), (5, 7), (0, 7), (3, 5), (0, 3), (4, 6), (3, 6), (6, 8), (1, 5), (0, 5), (1, 4), (0, 2), (0, 8), (2, 4)]","[1.0, 1.0, 1.0, 1.0, 1.0, 1.0, 1.0, 1.0, 1.0, 1.0, 1.0, 1.0, 1.0, 1.0, 1.0, 1.0, 1.0, 1.0]"
e359215f,9,18,2,10.0,False,True,"[1, 1, 1]",8.611677215596796,17.792499408619754,8.896249704309877,5.639666154694418,5.3568777998626755,5.453777912062453,4.318386291206381,0.501457054542785,,2.326905720945808,0.056122479233664535,5.481839151679285,,0.6365588275592827,,,,11.486890316009521,2905.9151723384857,True,2894.442602157593,0.01430654525756836,0.0,2894.442602157593,Results/warm_start_cache/experiment_3/random_graphs_8to14vertices_78instances_20260625_143415_AdjacencyList__filehash_a79662a0/hog_idx000017_1cb58d6ed341_seed42_L2_M2_amplified.npz,11.518276691436768,2026-07-22 20:22:33,x86_64,dacsgpu0002,,64,64,3.11.15,0.35,False,False,adam,True,2,20,hamqaoa,0.01,44,standard,2,2,42,scs,1e-06,100000,False,False,False,hog,False,True,False,False,False,False,True,1,HOG_graphs/random_graphs_8to14vertices_78instances_20260625_143415_AdjacencyList.txt,True,Results/warm_start_cache/experiment_3,512,60,0,32,1,1,100,100,5,3,5,1,42,17,"[(2, 7), (0, 1), (0, 4), (3, 8), (2, 6), (5, 7), (0, 7), (3, 5), (0, 3), (4, 6), (3, 6), (6, 8), (1, 5), (0, 5), (1, 4), (0, 2), (0, 8), (2, 4)]","[1.0, 1.0, 1.0, 1.0, 1.0, 1.0, 1.0, 1.0, 1.0, 1.0, 1.0, 1.0, 1.0, 1.0, 1.0, 1.0, 1.0, 1.0]"
ee7ab29a,9,18,1,50.0,False,True,"[1, 1, 1]",8.611677215596796,17.792499408619754,8.896249704309877,5.639666154694418,5.3568777998626755,5.453777912062453,4.318386291206381,0.501457054542785,,1.8140261186238131,-0.4567571230883303,5.225399350518288,,0.606780679268198,,,,12.689571619033813,2907.1269595623016,True,2894.442602157593,0.005201101303100586,0.0,2894.442602157593,Results/warm_start_cache/experiment_3/random_graphs_8to14vertices_78instances_20260625_143415_AdjacencyList__filehash_a79662a0/hog_idx000017_1cb58d6ed341_seed42_L2_M2_amplified.npz,12.704775094985962,2026-07-22 20:22:35,x86_64,dacsgpu0002,,64,64,3.11.15,0.28,False,False,adam,True,2,20,hamqaoa,0.01,44,standard,2,2,42,scs,1e-06,100000,False,False,False,hog,False,True,False,False,False,False,True,1,HOG_graphs/random_graphs_8to14vertices_78instances_20260625_143415_AdjacencyList.txt,True,Results/warm_start_cache/experiment_3,512,60,0,32,1,1,100,100,5,3,5,1,42,17,"[(2, 7), (0, 1), (0, 4), (3, 8), (2, 6), (5, 7), (0, 7), (3, 5), (0, 3), (4, 6), (3, 6), (6, 8), (1, 5), (0, 5), (1, 4), (0, 2), (0, 8), (2, 4)]","[1.0, 1.0, 1.0, 1.0, 1.0, 1.0, 1.0, 1.0, 1.0, 1.0, 1.0, 1.0, 1.0, 1.0, 1.0, 1.0, 1.0, 1.0]"
98af5be8,9,14,2,50.0,False,True,"[1, 1, 1]",7.4758416116024,15.002762098567485,7.501381049283743,5.458439401056454,4.580866756950405,5.136661232886119,3.1864064019320946,0.4262271149494175,,3.1691234872957548,-0.7313861746122949,4.770968145579972,,0.6381847547673425,,,,20.77269220352173,3094.096288204193,True,3073.3349933624268,0.011385679244995117,0.0,3073.3349933624268,Results/warm_start_cache/experiment_3/random_graphs_8to14vertices_78instances_20260625_143415_AdjacencyList__filehash_a79662a0/hog_idx000016_6c2ea510a127_seed42_L2_M2_amplified.npz,20.79111886024475,2026-07-22 20:22:35,x86_64,dacsgpu0002,,64,64,3.11.15,0.35,False,False,adam,True,2,20,hamqaoa,0.01,44,standard,2,2,42,scs,1e-06,100000,False,False,False,hog,False,True,False,False,False,False,True,1,HOG_graphs/random_graphs_8to14vertices_78instances_20260625_143415_AdjacencyList.txt,True,Results/warm_start_cache/experiment_3,512,60,0,32,1,1,100,100,5,3,5,1,42,16,"[(0, 1), (2, 3), (1, 6), (0, 4), (3, 8), (5, 7), (0, 7), (0, 3), (0, 6), (1, 5), (2, 8), (4, 5), (1, 4), (0, 2)]","[1.0, 1.0, 1.0, 1.0, 1.0, 1.0, 1.0, 1.0, 1.0, 1.0, 1.0, 1.0, 1.0, 1.0]"
a6367e04,9,18,2,25.0,False,True,"[1, 1, 1]",8.611677215596796,17.792499408619754,8.896249704309877,5.639666154694418,5.3568777998626755,5.453777912062453,4.318386291206381,0.501457054542785,,2.8334592389893913,0.5626759972772479,5.735115910701077,,0.6659696789742751,,,,13.54859185218811,2907.973828315735,True,2894.442602157593,0.017351388931274414,0.0,2894.442602157593,Results/warm_start_cache/experiment_3/random_graphs_8to14vertices_78instances_20260625_143415_AdjacencyList__filehash_a79662a0/hog_idx000017_1cb58d6ed341_seed42_L2_M2_amplified.npz,13.564432621002197,2026-07-22 20:22:36,x86_64,dacsgpu0002,,64,64,3.11.15,0.35,False,False,adam,True,2,20,hamqaoa,0.01,44,standard,2,2,42,scs,1e-06,100000,False,False,False,hog,False,True,False,False,False,False,True,1,HOG_graphs/random_graphs_8to14vertices_78instances_20260625_143415_AdjacencyList.txt,True,Results/warm_start_cache/experiment_3,512,60,0,32,1,1,100,100,5,3,5,1,42,17,"[(2, 7), (0, 1), (0, 4), (3, 8), (2, 6), (5, 7), (0, 7), (3, 5), (0, 3), (4, 6), (3, 6), (6, 8), (1, 5), (0, 5), (1, 4), (0, 2), (0, 8), (2, 4)]","[1.0, 1.0, 1.0, 1.0, 1.0, 1.0, 1.0, 1.0, 1.0, 1.0, 1.0, 1.0, 1.0, 1.0, 1.0, 1.0, 1.0, 1.0]"
6e27b5dd,9,27,1,5.0,False,True,"[1, 1, 1]",11.151517664061469,22.803388300948697,11.401694150474349,9.04262591204307,7.110783482816056,8.849779387361174,7.570594331523004,0.6788846648130346,,0.20967347458066143,-2.348696637095678,7.675431068813335,,0.6882857831584049,,,,14.603630542755127,3018.6956040859222,True,3004.0957436561584,0.0037527084350585938,0.0,3004.0957436561584,Results/warm_start_cache/experiment_3/random_graphs_8to14vertices_78instances_20260625_143415_AdjacencyList__filehash_a79662a0/hog_idx000020_ff6498e8ff43_seed42_L2_M2_amplified.npz,14.615478277206421,2026-07-22 20:28:49,x86_64,dacsgpu0002,,64,64,3.11.15,0.29,False,False,adam,True,2,20,hamqaoa,0.01,44,standard,2,2,42,scs,1e-06,100000,False,False,False,hog,False,True,False,False,False,False,True,1,HOG_graphs/random_graphs_8to14vertices_78instances_20260625_143415_AdjacencyList.txt,True,Results/warm_start_cache/experiment_3,512,60,0,32,1,1,100,100,5,3,5,1,42,20,"[(2, 3), (2, 6), (3, 5), (7, 8), (0, 2), (0, 8), (1, 7), (5, 7), (2, 8), (4, 5), (3, 7), (4, 8), (1, 3), (0, 1), (1, 6), (6, 8), (5, 6), (3, 6), (2, 4), (2, 7), (4, 7), (0, 3), (1, 8), (0, 6), (1, 5), (5, 8), (6, 7)]","[1.0, 1.0, 1.0, 1.0, 1.0, 1.0, 1.0, 1.0, 1.0, 1.0, 1.0, 1.0, 1.0, 1.0, 1.0, 1.0, 1.0, 1.0, 1.0, 1.0, 1.0, 1.0, 1.0, 1.0, 1.0, 1.0, 1.0]"
f88c3614,9,18,1,5.0,False,True,"[1, 1, 1]",8.668163939107135,17.77932315232038,8.88966157616019,6.324351165747333,5.387074250528953,6.1012978690111614,5.803643349053078,0.6695354852334372,,0.0,-0.5953090399161667,5.803643349053078,,0.6695354852334372,,,,15.570241451263428,2949.7994928359985,True,2934.2334582805634,0.004192829132080078,0.0,2934.2334582805634,Results/warm_start_cache/experiment_3/random_graphs_8to14vertices_78instances_20260625_143415_AdjacencyList__filehash_a79662a0/hog_idx000019_2dd22b6b742d_seed42_L2_M2_amplified.npz,15.578983068466187,2026-07-22 20:28:50,x86_64,dacsgpu0002,,64,64,3.11.15,0.28,False,False,adam,True,2,20,hamqaoa,0.01,44,standard,2,2,42,scs,1e-06,100000,False,False,False,hog,False,True,False,False,False,False,True,1,HOG_graphs/random_graphs_8to14vertices_78instances_20260625_143415_AdjacencyList.txt,True,Results/warm_start_cache/experiment_3,512,60,0,32,1,1,100,100,5,3,5,1,42,19,"[(2, 7), (2, 3), (1, 6), (4, 7), (0, 7), (0, 3), (4, 6), (1, 2), (1, 8), (0, 6), (3, 4), (2, 8), (5, 6), (6, 7), (0, 5), (1, 4), (2, 4), (1, 7)]","[1.0, 1.0, 1.0, 1.0, 1.0, 1.0, 1.0, 1.0, 1.0, 1.0, 1.0, 1.0, 1.0, 1.0, 1.0, 1.0, 1.0, 1.0]"
521eb70d,9,18,1,10.0,False,True,"[1, 1, 1]",8.668163939107135,17.77932315232038,8.88966157616019,6.324351165747333,5.387074250528953,6.1012978690111614,5.803643349053078,0.6695354852334372,,0.0,-0.5953090399161667,5.803643349053078,,0.6695354852334372,,,,16.447407007217407,2950.676518678665,True,2934.2334582805634,0.004331111907958984,0.0,2934.2334582805634,Results/warm_start_cache/experiment_3/random_graphs_8to14vertices_78instances_20260625_143415_AdjacencyList__filehash_a79662a0/hog_idx000019_2dd22b6b742d_seed42_L2_M2_amplified.npz,16.45842671394348,2026-07-22 20:28:50,x86_64,dacsgpu0002,,64,64,3.11.15,0.28,False,False,adam,True,2,20,hamqaoa,0.01,44,standard,2,2,42,scs,1e-06,100000,False,False,False,hog,False,True,False,False,False,False,True,1,HOG_graphs/random_graphs_8to14vertices_78instances_20260625_143415_AdjacencyList.txt,True,Results/warm_start_cache/experiment_3,512,60,0,32,1,1,100,100,5,3,5,1,42,19,"[(2, 7), (2, 3), (1, 6), (4, 7), (0, 7), (0, 3), (4, 6), (1, 2), (1, 8), (0, 6), (3, 4), (2, 8), (5, 6), (6, 7), (0, 5), (1, 4), (2, 4), (1, 7)]","[1.0, 1.0, 1.0, 1.0, 1.0, 1.0, 1.0, 1.0, 1.0, 1.0, 1.0, 1.0, 1.0, 1.0, 1.0, 1.0, 1.0, 1.0]"
56c1561b,9,27,1,5.0,False,True,"[1, 1, 1]",11.165162775970071,22.609957267762635,11.304978633881317,8.826457906082151,7.119091203949427,8.620646385488591,7.56900606263907,0.6779127375490902,,0.5835418302372908,-1.5197388154617517,7.860776977757715,,0.704044995624772,,,,15.537309885025024,2907.7707240581512,True,2892.2399413585663,0.00650787353515625,0.0,2892.2399413585663,Results/warm_start_cache/experiment_3/random_graphs_8to14vertices_78instances_20260625_143415_AdjacencyList__filehash_a79662a0/hog_idx000021_a5ae36a42a3c_seed42_L2_M2_amplified.npz,15.546146154403687,2026-07-22 20:28:51,x86_64,dacsgpu0002,,64,64,3.11.15,0.28,False,False,adam,True,2,20,hamqaoa,0.01,44,standard,2,2,42,scs,1e-06,100000,False,False,False,hog,False,True,False,False,False,False,True,1,HOG_graphs/random_graphs_8to14vertices_78instances_20260625_143415_AdjacencyList.txt,True,Results/warm_start_cache/experiment_3,512,60,0,32,1,1,100,100,5,3,5,1,42,21,"[(2, 3), (2, 6), (3, 5), (7, 8), (0, 5), (1, 4), (0, 2), (0, 8), (1, 7), (5, 7), (3, 4), (2, 8), (4, 5), (2, 5), (4, 8), (1, 3), (0, 1), (1, 6), (0, 4), (6, 8), (2, 4), (2, 7), (0, 3), (1, 2), (1, 8), (0, 6), (1, 5)]","[1.0, 1.0, 1.0, 1.0, 1.0, 1.0, 1.0, 1.0, 1.0, 1.0, 1.0, 1.0, 1.0, 1.0, 1.0, 1.0, 1.0, 1.0, 1.0, 1.0, 1.0, 1.0, 1.0, 1.0, 1.0, 1.0, 1.0]"
5fb610c7,9,27,1,10.0,False,True,"[1, 1, 1]",11.151517664061469,22.803388300948697,11.401694150474349,9.04262591204307,7.110783482816056,8.849779387361174,7.570594331523004,0.6788846648130346,,1.1359945933198823,-1.422375518356457,8.138591628182946,,0.7298191935265973,,,,17.080170392990112,3021.171610355377,True,3004.0957436561584,0.004286527633666992,0.0,3004.0957436561584,Results/warm_start_cache/experiment_3/random_graphs_8to14vertices_78instances_20260625_143415_AdjacencyList__filehash_a79662a0/hog_idx000020_ff6498e8ff43_seed42_L2_M2_amplified.npz,17.08793830871582,2026-07-22 20:28:51,x86_64,dacsgpu0002,,64,64,3.11.15,0.29,False,False,adam,True,2,20,hamqaoa,0.01,44,standard,2,2,42,scs,1e-06,100000,False,False,False,hog,False,True,False,False,False,False,True,1,HOG_graphs/random_graphs_8to14vertices_78instances_20260625_143415_AdjacencyList.txt,True,Results/warm_start_cache/experiment_3,512,60,0,32,1,1,100,100,5,3,5,1,42,20,"[(2, 3), (2, 6), (3, 5), (7, 8), (0, 2), (0, 8), (1, 7), (5, 7), (2, 8), (4, 5), (3, 7), (4, 8), (1, 3), (0, 1), (1, 6), (6, 8), (5, 6), (3, 6), (2, 4), (2, 7), (4, 7), (0, 3), (1, 8), (0, 6), (1, 5), (5, 8), (6, 7)]","[1.0, 1.0, 1.0, 1.0, 1.0, 1.0, 1.0, 1.0, 1.0, 1.0, 1.0, 1.0, 1.0, 1.0, 1.0, 1.0, 1.0, 1.0, 1.0, 1.0, 1.0, 1.0, 1.0, 1.0, 1.0, 1.0, 1.0]"
4c01e038,9,27,1,10.0,False,True,"[1, 1, 1]",11.165162775970071,22.609957267762635,11.304978633881317,8.826457906082151,7.119091203949427,8.620646385488591,7.56900606263907,0.6779127375490902,,0.882491816277982,-1.2207888294210605,8.01025197077806,,0.7174326188972288,,,,17.034637928009033,2909.2673609256744,True,2892.2399413585663,0.007201671600341797,0.0,2892.2399413585663,Results/warm_start_cache/experiment_3/random_graphs_8to14vertices_78instances_20260625_143415_AdjacencyList__filehash_a79662a0/hog_idx000021_a5ae36a42a3c_seed42_L2_M2_amplified.npz,17.05788826942444,2026-07-22 20:28:53,x86_64,dacsgpu0002,,64,64,3.11.15,0.28,False,False,adam,True,2,20,hamqaoa,0.01,44,standard,2,2,42,scs,1e-06,100000,False,False,False,hog,False,True,False,False,False,False,True,1,HOG_graphs/random_graphs_8to14vertices_78instances_20260625_143415_AdjacencyList.txt,True,Results/warm_start_cache/experiment_3,512,60,0,32,1,1,100,100,5,3,5,1,42,21,"[(2, 3), (2, 6), (3, 5), (7, 8), (0, 5), (1, 4), (0, 2), (0, 8), (1, 7), (5, 7), (3, 4), (2, 8), (4, 5), (2, 5), (4, 8), (1, 3), (0, 1), (1, 6), (0, 4), (6, 8), (2, 4), (2, 7), (0, 3), (1, 2), (1, 8), (0, 6), (1, 5)]","[1.0, 1.0, 1.0, 1.0, 1.0, 1.0, 1.0, 1.0, 1.0, 1.0, 1.0, 1.0, 1.0, 1.0, 1.0, 1.0, 1.0, 1.0, 1.0, 1.0, 1.0, 1.0, 1.0, 1.0, 1.0, 1.0, 1.0]"
6a7148bf,9,18,2,5.0,False,True,"[1, 1, 1]",8.668163939107135,17.77932315232038,8.88966157616019,6.324351165747333,5.387074250528953,6.1012978690111614,5.803643349053078,0.6695354852334372,,0.0,-0.5953090399161667,5.803643349053078,,0.6695354852334372,,,,19.782766580581665,2954.011859893799,True,2934.2334582805634,0.0043489933013916016,0.0,2934.2334582805634,Results/warm_start_cache/experiment_3/random_graphs_8to14vertices_78instances_20260625_143415_AdjacencyList__filehash_a79662a0/hog_idx000019_2dd22b6b742d_seed42_L2_M2_amplified.npz,19.79101872444153,2026-07-22 20:28:54,x86_64,dacsgpu0002,,64,64,3.11.15,0.35,False,False,adam,True,2,20,hamqaoa,0.01,44,standard,2,2,42,scs,1e-06,100000,False,False,False,hog,False,True,False,False,False,False,True,1,HOG_graphs/random_graphs_8to14vertices_78instances_20260625_143415_AdjacencyList.txt,True,Results/warm_start_cache/experiment_3,512,60,0,32,1,1,100,100,5,3,5,1,42,19,"[(2, 7), (2, 3), (1, 6), (4, 7), (0, 7), (0, 3), (4, 6), (1, 2), (1, 8), (0, 6), (3, 4), (2, 8), (5, 6), (6, 7), (0, 5), (1, 4), (2, 4), (1, 7)]","[1.0, 1.0, 1.0, 1.0, 1.0, 1.0, 1.0, 1.0, 1.0, 1.0, 1.0, 1.0, 1.0, 1.0, 1.0, 1.0, 1.0, 1.0]"
9f653599,9,27,2,5.0,False,True,"[1, 1, 1]",11.151517664061469,22.803388300948697,11.401694150474349,9.04262591204307,7.110783482816056,8.849779387361174,7.570594331523004,0.6788846648130346,,0.2985414116083742,-2.259828700067965,7.7198650373271915,,0.692270350089331,,,,19.882267236709595,3023.973617553711,True,3004.0957436561584,0.004377841949462891,0.0,3004.0957436561584,Results/warm_start_cache/experiment_3/random_graphs_8to14vertices_78instances_20260625_143415_AdjacencyList__filehash_a79662a0/hog_idx000020_ff6498e8ff43_seed42_L2_M2_amplified.npz,19.890275955200195,2026-07-22 20:28:54,x86_64,dacsgpu0002,,64,64,3.11.15,0.35,False,False,adam,True,2,20,hamqaoa,0.01,44,standard,2,2,42,scs,1e-06,100000,False,False,False,hog,False,True,False,False,False,False,True,1,HOG_graphs/random_graphs_8to14vertices_78instances_20260625_143415_AdjacencyList.txt,True,Results/warm_start_cache/experiment_3,512,60,0,32,1,1,100,100,5,3,5,1,42,20,"[(2, 3), (2, 6), (3, 5), (7, 8), (0, 2), (0, 8), (1, 7), (5, 7), (2, 8), (4, 5), (3, 7), (4, 8), (1, 3), (0, 1), (1, 6), (6, 8), (5, 6), (3, 6), (2, 4), (2, 7), (4, 7), (0, 3), (1, 8), (0, 6), (1, 5), (5, 8), (6, 7)]","[1.0, 1.0, 1.0, 1.0, 1.0, 1.0, 1.0, 1.0, 1.0, 1.0, 1.0, 1.0, 1.0, 1.0, 1.0, 1.0, 1.0, 1.0, 1.0, 1.0, 1.0, 1.0, 1.0, 1.0, 1.0, 1.0, 1.0]"
46cd2c66,9,18,1,5.0,False,True,"[1, 1, 1]",9.11474866234564,18.526903647255796,9.263451823627898,6.470884161481638,5.578297548723015,6.294743589611784,5.595352114003556,0.6138789253859269,,0.13344854651379734,-1.2653344047026582,5.662076387260455,,0.6211993985803822,,,,15.365832567214966,2919.515355825424,True,2904.154711008072,0.005172252655029297,0.0,2904.154711008072,Results/warm_start_cache/experiment_3/random_graphs_8to14vertices_78instances_20260625_143415_AdjacencyList__filehash_a79662a0/hog_idx000018_676d54605e7a_seed42_L2_M2_amplified.npz,15.383936882019043,2026-07-22 20:28:54,x86_64,dacsgpu0002,,64,64,3.11.15,0.28,False,False,adam,True,2,20,hamqaoa,0.01,44,standard,2,2,42,scs,1e-06,100000,False,False,False,hog,False,True,False,False,False,False,True,1,HOG_graphs/random_graphs_8to14vertices_78instances_20260625_143415_AdjacencyList.txt,True,Results/warm_start_cache/experiment_3,512,60,0,32,1,1,100,100,5,3,5,1,42,18,"[(1, 3), (0, 1), (2, 7), (2, 3), (0, 4), (5, 7), (0, 7), (3, 5), (4, 6), (1, 2), (1, 8), (0, 6), (3, 4), (5, 6), (6, 8), (7, 8), (0, 8), (6, 7)]","[1.0, 1.0, 1.0, 1.0, 1.0, 1.0, 1.0, 1.0, 1.0, 1.0, 1.0, 1.0, 1.0, 1.0, 1.0, 1.0, 1.0, 1.0]"
806a9d1d,9,18,2,10.0,False,True,"[1, 1, 1]",8.668163939107135,17.77932315232038,8.88966157616019,6.324351165747333,5.387074250528953,6.1012978690111614,5.803643349053078,0.6695354852334372,,0.0,-0.5953090399161667,5.803643349053078,,0.6695354852334372,,,,20.97671866416931,2955.2050580978394,True,2934.2334582805634,0.0051038265228271484,0.0,2934.2334582805634,Results/warm_start_cache/experiment_3/random_graphs_8to14vertices_78instances_20260625_143415_AdjacencyList__filehash_a79662a0/hog_idx000019_2dd22b6b742d_seed42_L2_M2_amplified.npz,20.98821783065796,2026-07-22 20:28:55,x86_64,dacsgpu0002,,64,64,3.11.15,0.35,False,False,adam,True,2,20,hamqaoa,0.01,44,standard,2,2,42,scs,1e-06,100000,False,False,False,hog,False,True,False,False,False,False,True,1,HOG_graphs/random_graphs_8to14vertices_78instances_20260625_143415_AdjacencyList.txt,True,Results/warm_start_cache/experiment_3,512,60,0,32,1,1,100,100,5,3,5,1,42,19,"[(2, 7), (2, 3), (1, 6), (4, 7), (0, 7), (0, 3), (4, 6), (1, 2), (1, 8), (0, 6), (3, 4), (2, 8), (5, 6), (6, 7), (0, 5), (1, 4), (2, 4), (1, 7)]","[1.0, 1.0, 1.0, 1.0, 1.0, 1.0, 1.0, 1.0, 1.0, 1.0, 1.0, 1.0, 1.0, 1.0, 1.0, 1.0, 1.0, 1.0]"
60d25a29,9,27,1,25.0,False,True,"[1, 1, 1]",11.151517664061469,22.803388300948697,11.401694150474349,9.04262591204307,7.110783482816056,8.849779387361174,7.570594331523004,0.6788846648130346,,1.2131610400761197,-1.3452090716002196,8.177174851561064,,0.7332791013651925,,,,20.687248468399048,3024.777997970581,True,3004.0957436561584,0.004981040954589844,0.0,3004.0957436561584,Results/warm_start_cache/experiment_3/random_graphs_8to14vertices_78instances_20260625_143415_AdjacencyList__filehash_a79662a0/hog_idx000020_ff6498e8ff43_seed42_L2_M2_amplified.npz,20.72209644317627,2026-07-22 20:28:55,x86_64,dacsgpu0002,,64,64,3.11.15,0.29,False,False,adam,True,2,20,hamqaoa,0.01,44,standard,2,2,42,scs,1e-06,100000,False,False,False,hog,False,True,False,False,False,False,True,1,HOG_graphs/random_graphs_8to14vertices_78instances_20260625_143415_AdjacencyList.txt,True,Results/warm_start_cache/experiment_3,512,60,0,32,1,1,100,100,5,3,5,1,42,20,"[(2, 3), (2, 6), (3, 5), (7, 8), (0, 2), (0, 8), (1, 7), (5, 7), (2, 8), (4, 5), (3, 7), (4, 8), (1, 3), (0, 1), (1, 6), (6, 8), (5, 6), (3, 6), (2, 4), (2, 7), (4, 7), (0, 3), (1, 8), (0, 6), (1, 5), (5, 8), (6, 7)]","[1.0, 1.0, 1.0, 1.0, 1.0, 1.0, 1.0, 1.0, 1.0, 1.0, 1.0, 1.0, 1.0, 1.0, 1.0, 1.0, 1.0, 1.0, 1.0, 1.0, 1.0, 1.0, 1.0, 1.0, 1.0, 1.0, 1.0]"
f24dc8a9,9,18,1,10.0,False,True,"[1, 1, 1]",9.11474866234564,18.526903647255796,9.263451823627898,6.470884161481638,5.578297548723015,6.294743589611784,5.595352114003556,0.6138789253859269,,0.16737517988267037,-1.2314077713337852,5.679039703944891,,0.6230604829956349,,,,16.78086543083191,2920.9308321475983,True,2904.154711008072,0.0047261714935302734,0.0,2904.154711008072,Results/warm_start_cache/experiment_3/random_graphs_8to14vertices_78instances_20260625_143415_AdjacencyList__filehash_a79662a0/hog_idx000018_676d54605e7a_seed42_L2_M2_amplified.npz,16.814225912094116,2026-07-22 20:28:56,x86_64,dacsgpu0002,,64,64,3.11.15,0.28,False,False,adam,True,2,20,hamqaoa,0.01,44,standard,2,2,42,scs,1e-06,100000,False,False,False,hog,False,True,False,False,False,False,True,1,HOG_graphs/random_graphs_8to14vertices_78instances_20260625_143415_AdjacencyList.txt,True,Results/warm_start_cache/experiment_3,512,60,0,32,1,1,100,100,5,3,5,1,42,18,"[(1, 3), (0, 1), (2, 7), (2, 3), (0, 4), (5, 7), (0, 7), (3, 5), (4, 6), (1, 2), (1, 8), (0, 6), (3, 4), (5, 6), (6, 8), (7, 8), (0, 8), (6, 7)]","[1.0, 1.0, 1.0, 1.0, 1.0, 1.0, 1.0, 1.0, 1.0, 1.0, 1.0, 1.0, 1.0, 1.0, 1.0, 1.0, 1.0, 1.0]"
dbccb468,9,18,2,10.0,False,True,"[1, 1, 1]",9.11474866234564,18.526903647255796,9.263451823627898,6.470884161481638,5.578297548723015,6.294743589611784,5.595352114003556,0.6138789253859269,,0.877086900819311,-0.5216960503971446,6.0338955644132115,,0.6619925340717421,,,,21.627530813217163,2925.7777903079987,True,2904.154711008072,0.004436016082763672,0.0,2904.154711008072,Results/warm_start_cache/experiment_3/random_graphs_8to14vertices_78instances_20260625_143415_AdjacencyList__filehash_a79662a0/hog_idx000018_676d54605e7a_seed42_L2_M2_amplified.npz,21.637139081954956,2026-07-22 20:28:56,x86_64,dacsgpu0002,,64,64,3.11.15,0.35,False,False,adam,True,2,20,hamqaoa,0.01,44,standard,2,2,42,scs,1e-06,100000,False,False,False,hog,False,True,False,False,False,False,True,1,HOG_graphs/random_graphs_8to14vertices_78instances_20260625_143415_AdjacencyList.txt,True,Results/warm_start_cache/experiment_3,512,60,0,32,1,1,100,100,5,3,5,1,42,18,"[(1, 3), (0, 1), (2, 7), (2, 3), (0, 4), (5, 7), (0, 7), (3, 5), (4, 6), (1, 2), (1, 8), (0, 6), (3, 4), (5, 6), (6, 8), (7, 8), (0, 8), (6, 7)]","[1.0, 1.0, 1.0, 1.0, 1.0, 1.0, 1.0, 1.0, 1.0, 1.0, 1.0, 1.0, 1.0, 1.0, 1.0, 1.0, 1.0, 1.0]"
6a4c4f27,9,27,2,10.0,False,True,"[1, 1, 1]",11.151517664061469,22.803388300948697,11.401694150474349,9.04262591204307,7.110783482816056,8.849779387361174,7.570594331523004,0.6788846648130346,,0.0,-2.5583701116763393,7.570594331523004,,0.6788846648130346,,,,22.640742540359497,3026.72904586792,True,3004.0957436561584,0.007423877716064453,0.0,3004.0957436561584,Results/warm_start_cache/experiment_3/random_graphs_8to14vertices_78instances_20260625_143415_AdjacencyList__filehash_a79662a0/hog_idx000020_ff6498e8ff43_seed42_L2_M2_amplified.npz,22.679834127426147,2026-07-22 20:28:57,x86_64,dacsgpu0002,,64,64,3.11.15,0.35,False,False,adam,True,2,20,hamqaoa,0.01,44,standard,2,2,42,scs,1e-06,100000,False,False,False,hog,False,True,False,False,False,False,True,1,HOG_graphs/random_graphs_8to14vertices_78instances_20260625_143415_AdjacencyList.txt,True,Results/warm_start_cache/experiment_3,512,60,0,32,1,1,100,100,5,3,5,1,42,20,"[(2, 3), (2, 6), (3, 5), (7, 8), (0, 2), (0, 8), (1, 7), (5, 7), (2, 8), (4, 5), (3, 7), (4, 8), (1, 3), (0, 1), (1, 6), (6, 8), (5, 6), (3, 6), (2, 4), (2, 7), (4, 7), (0, 3), (1, 8), (0, 6), (1, 5), (5, 8), (6, 7)]","[1.0, 1.0, 1.0, 1.0, 1.0, 1.0, 1.0, 1.0, 1.0, 1.0, 1.0, 1.0, 1.0, 1.0, 1.0, 1.0, 1.0, 1.0, 1.0, 1.0, 1.0, 1.0, 1.0, 1.0, 1.0, 1.0, 1.0]"
088f7fbf,9,27,2,5.0,False,True,"[1, 1, 1]",11.165162775970071,22.609957267762635,11.304978633881317,8.826457906082151,7.119091203949427,8.620646385488591,7.56900606263907,0.6779127375490902,,0.2921769831420118,-1.8111036625570307,7.715094554210076,,0.6909970511862743,,,,21.09613060951233,2913.3312981128693,True,2892.2399413585663,0.0047588348388671875,0.0,2892.2399413585663,Results/warm_start_cache/experiment_3/random_graphs_8to14vertices_78instances_20260625_143415_AdjacencyList__filehash_a79662a0/hog_idx000021_a5ae36a42a3c_seed42_L2_M2_amplified.npz,21.110133171081543,2026-07-22 20:28:57,x86_64,dacsgpu0002,,64,64,3.11.15,0.35,False,False,adam,True,2,20,hamqaoa,0.01,44,standard,2,2,42,scs,1e-06,100000,False,False,False,hog,False,True,False,False,False,False,True,1,HOG_graphs/random_graphs_8to14vertices_78instances_20260625_143415_AdjacencyList.txt,True,Results/warm_start_cache/experiment_3,512,60,0,32,1,1,100,100,5,3,5,1,42,21,"[(2, 3), (2, 6), (3, 5), (7, 8), (0, 5), (1, 4), (0, 2), (0, 8), (1, 7), (5, 7), (3, 4), (2, 8), (4, 5), (2, 5), (4, 8), (1, 3), (0, 1), (1, 6), (0, 4), (6, 8), (2, 4), (2, 7), (0, 3), (1, 2), (1, 8), (0, 6), (1, 5)]","[1.0, 1.0, 1.0, 1.0, 1.0, 1.0, 1.0, 1.0, 1.0, 1.0, 1.0, 1.0, 1.0, 1.0, 1.0, 1.0, 1.0, 1.0, 1.0, 1.0, 1.0, 1.0, 1.0, 1.0, 1.0, 1.0, 1.0]"
d4304d3b,9,27,1,25.0,False,True,"[1, 1, 1]",11.165162775970071,22.609957267762635,11.304978633881317,8.826457906082151,7.119091203949427,8.620646385488591,7.56900606263907,0.6779127375490902,,0.782594240566965,-1.3206864051320775,7.960303182922552,,0.7129589906252783,,,,21.258217811584473,2913.4895207881927,True,2892.2399413585663,0.008620500564575195,0.0,2892.2399413585663,Results/warm_start_cache/experiment_3/random_graphs_8to14vertices_78instances_20260625_143415_AdjacencyList__filehash_a79662a0/hog_idx000021_a5ae36a42a3c_seed42_L2_M2_amplified.npz,21.27852988243103,2026-07-22 20:28:58,x86_64,dacsgpu0002,,64,64,3.11.15,0.28,False,False,adam,True,2,20,hamqaoa,0.01,44,standard,2,2,42,scs,1e-06,100000,False,False,False,hog,False,True,False,False,False,False,True,1,HOG_graphs/random_graphs_8to14vertices_78instances_20260625_143415_AdjacencyList.txt,True,Results/warm_start_cache/experiment_3,512,60,0,32,1,1,100,100,5,3,5,1,42,21,"[(2, 3), (2, 6), (3, 5), (7, 8), (0, 5), (1, 4), (0, 2), (0, 8), (1, 7), (5, 7), (3, 4), (2, 8), (4, 5), (2, 5), (4, 8), (1, 3), (0, 1), (1, 6), (0, 4), (6, 8), (2, 4), (2, 7), (0, 3), (1, 2), (1, 8), (0, 6), (1, 5)]","[1.0, 1.0, 1.0, 1.0, 1.0, 1.0, 1.0, 1.0, 1.0, 1.0, 1.0, 1.0, 1.0, 1.0, 1.0, 1.0, 1.0, 1.0, 1.0, 1.0, 1.0, 1.0, 1.0, 1.0, 1.0, 1.0, 1.0]"
57c8ab94,9,18,2,5.0,False,True,"[1, 1, 1]",9.11474866234564,18.526903647255796,9.263451823627898,6.470884161481638,5.578297548723015,6.294743589611784,5.595352114003556,0.6138789253859269,,0.31920075160584993,-1.0795821996106056,5.754952489806481,,0.6313890490015409,,,,19.322483777999878,2923.4721777439117,True,2904.154711008072,0.005001544952392578,0.0,2904.154711008072,Results/warm_start_cache/experiment_3/random_graphs_8to14vertices_78instances_20260625_143415_AdjacencyList__filehash_a79662a0/hog_idx000018_676d54605e7a_seed42_L2_M2_amplified.npz,19.345683097839355,2026-07-22 20:28:58,x86_64,dacsgpu0002,,64,64,3.11.15,0.35,False,False,adam,True,2,20,hamqaoa,0.01,44,standard,2,2,42,scs,1e-06,100000,False,False,False,hog,False,True,False,False,False,False,True,1,HOG_graphs/random_graphs_8to14vertices_78instances_20260625_143415_AdjacencyList.txt,True,Results/warm_start_cache/experiment_3,512,60,0,32,1,1,100,100,5,3,5,1,42,18,"[(1, 3), (0, 1), (2, 7), (2, 3), (0, 4), (5, 7), (0, 7), (3, 5), (4, 6), (1, 2), (1, 8), (0, 6), (3, 4), (5, 6), (6, 8), (7, 8), (0, 8), (6, 7)]","[1.0, 1.0, 1.0, 1.0, 1.0, 1.0, 1.0, 1.0, 1.0, 1.0, 1.0, 1.0, 1.0, 1.0, 1.0, 1.0, 1.0, 1.0]"
77ec1c44,9,27,2,10.0,False,True,"[1, 1, 1]",11.165162775970071,22.609957267762635,11.304978633881317,8.826457906082151,7.119091203949427,8.620646385488591,7.56900606263907,0.6779127375490902,,0.0,-2.1032806456990425,7.56900606263907,,0.6779127375490902,,,,22.604005813598633,2914.834135055542,True,2892.2399413585663,0.009790897369384766,0.0,2892.2399413585663,Results/warm_start_cache/experiment_3/random_graphs_8to14vertices_78instances_20260625_143415_AdjacencyList__filehash_a79662a0/hog_idx000021_a5ae36a42a3c_seed42_L2_M2_amplified.npz,22.633330821990967,2026-07-22 20:28:59,x86_64,dacsgpu0002,,64,64,3.11.15,0.35,False,False,adam,True,2,20,hamqaoa,0.01,44,standard,2,2,42,scs,1e-06,100000,False,False,False,hog,False,True,False,False,False,False,True,1,HOG_graphs/random_graphs_8to14vertices_78instances_20260625_143415_AdjacencyList.txt,True,Results/warm_start_cache/experiment_3,512,60,0,32,1,1,100,100,5,3,5,1,42,21,"[(2, 3), (2, 6), (3, 5), (7, 8), (0, 5), (1, 4), (0, 2), (0, 8), (1, 7), (5, 7), (3, 4), (2, 8), (4, 5), (2, 5), (4, 8), (1, 3), (0, 1), (1, 6), (0, 4), (6, 8), (2, 4), (2, 7), (0, 3), (1, 2), (1, 8), (0, 6), (1, 5)]","[1.0, 1.0, 1.0, 1.0, 1.0, 1.0, 1.0, 1.0, 1.0, 1.0, 1.0, 1.0, 1.0, 1.0, 1.0, 1.0, 1.0, 1.0, 1.0, 1.0, 1.0, 1.0, 1.0, 1.0, 1.0, 1.0, 1.0]"
dbdb7bf3,9,18,1,25.0,False,True,"[1, 1, 1]",8.668163939107135,17.77932315232038,8.88966157616019,6.324351165747333,5.387074250528953,6.1012978690111614,5.803643349053078,0.6695354852334372,,0.06564124570056329,-0.5296677942156034,5.83646397190336,,0.6733218260411149,,,,20.042835235595703,2954.2710564136505,True,2934.2334582805634,0.0052187442779541016,0.0,2934.2334582805634,Results/warm_start_cache/experiment_3/random_graphs_8to14vertices_78instances_20260625_143415_AdjacencyList__filehash_a79662a0/hog_idx000019_2dd22b6b742d_seed42_L2_M2_amplified.npz,20.067304134368896,2026-07-22 20:28:59,x86_64,dacsgpu0002,,64,64,3.11.15,0.29,False,False,adam,True,2,20,hamqaoa,0.01,44,standard,2,2,42,scs,1e-06,100000,False,False,False,hog,False,True,False,False,False,False,True,1,HOG_graphs/random_graphs_8to14vertices_78instances_20260625_143415_AdjacencyList.txt,True,Results/warm_start_cache/experiment_3,512,60,0,32,1,1,100,100,5,3,5,1,42,19,"[(2, 7), (2, 3), (1, 6), (4, 7), (0, 7), (0, 3), (4, 6), (1, 2), (1, 8), (0, 6), (3, 4), (2, 8), (5, 6), (6, 7), (0, 5), (1, 4), (2, 4), (1, 7)]","[1.0, 1.0, 1.0, 1.0, 1.0, 1.0, 1.0, 1.0, 1.0, 1.0, 1.0, 1.0, 1.0, 1.0, 1.0, 1.0, 1.0, 1.0]"
7d2333f5,9,18,1,25.0,False,True,"[1, 1, 1]",9.11474866234564,18.526903647255796,9.263451823627898,6.470884161481638,5.578297548723015,6.294743589611784,5.595352114003556,0.6138789253859269,,0.16413234536329036,-1.2346506058531652,5.677418286685201,,0.6228825935858711,,,,19.96016764640808,2924.1051647663116,True,2904.154711008072,0.009696245193481445,0.0,2904.154711008072,Results/warm_start_cache/experiment_3/random_graphs_8to14vertices_78instances_20260625_143415_AdjacencyList__filehash_a79662a0/hog_idx000018_676d54605e7a_seed42_L2_M2_amplified.npz,19.99188542366028,2026-07-22 20:28:59,x86_64,dacsgpu0002,,64,64,3.11.15,0.28,False,False,adam,True,2,20,hamqaoa,0.01,44,standard,2,2,42,scs,1e-06,100000,False,False,False,hog,False,True,False,False,False,False,True,1,HOG_graphs/random_graphs_8to14vertices_78instances_20260625_143415_AdjacencyList.txt,True,Results/warm_start_cache/experiment_3,512,60,0,32,1,1,100,100,5,3,5,1,42,18,"[(1, 3), (0, 1), (2, 7), (2, 3), (0, 4), (5, 7), (0, 7), (3, 5), (4, 6), (1, 2), (1, 8), (0, 6), (3, 4), (5, 6), (6, 8), (7, 8), (0, 8), (6, 7)]","[1.0, 1.0, 1.0, 1.0, 1.0, 1.0, 1.0, 1.0, 1.0, 1.0, 1.0, 1.0, 1.0, 1.0, 1.0, 1.0, 1.0, 1.0]"
a0ce3433,9,18,1,50.0,False,True,"[1, 1, 1]",8.668163939107135,17.77932315232038,8.88966157616019,6.324351165747333,5.387074250528953,6.1012978690111614,5.803643349053078,0.6695354852334372,,0.17466002101254574,-0.42064901890362094,5.890973359559351,,0.6796102843627287,,,,25.127336740493774,2959.356473684311,True,2934.2334582805634,0.004301786422729492,0.0,2934.2334582805634,Results/warm_start_cache/experiment_3/random_graphs_8to14vertices_78instances_20260625_143415_AdjacencyList__filehash_a79662a0/hog_idx000019_2dd22b6b742d_seed42_L2_M2_amplified.npz,25.13660764694214,2026-07-22 20:28:59,x86_64,dacsgpu0002,,64,64,3.11.15,0.29,False,False,adam,True,2,20,hamqaoa,0.01,44,standard,2,2,42,scs,1e-06,100000,False,False,False,hog,False,True,False,False,False,False,True,1,HOG_graphs/random_graphs_8to14vertices_78instances_20260625_143415_AdjacencyList.txt,True,Results/warm_start_cache/experiment_3,512,60,0,32,1,1,100,100,5,3,5,1,42,19,"[(2, 7), (2, 3), (1, 6), (4, 7), (0, 7), (0, 3), (4, 6), (1, 2), (1, 8), (0, 6), (3, 4), (2, 8), (5, 6), (6, 7), (0, 5), (1, 4), (2, 4), (1, 7)]","[1.0, 1.0, 1.0, 1.0, 1.0, 1.0, 1.0, 1.0, 1.0, 1.0, 1.0, 1.0, 1.0, 1.0, 1.0, 1.0, 1.0, 1.0]"
dcb40590,9,18,2,25.0,False,True,"[1, 1, 1]",9.11474866234564,18.526903647255796,9.263451823627898,6.470884161481638,5.578297548723015,6.294743589611784,5.595352114003556,0.6138789253859269,,0.9503716757250587,-0.4484112754913969,6.070537951866085,,0.6660126545172184,,,,25.800800800323486,2929.951188802719,True,2904.154711008072,0.00430750846862793,0.0,2904.154711008072,Results/warm_start_cache/experiment_3/random_graphs_8to14vertices_78instances_20260625_143415_AdjacencyList__filehash_a79662a0/hog_idx000018_676d54605e7a_seed42_L2_M2_amplified.npz,25.808987617492676,2026-07-22 20:29:00,x86_64,dacsgpu0002,,64,64,3.11.15,0.35,False,False,adam,True,2,20,hamqaoa,0.01,44,standard,2,2,42,scs,1e-06,100000,False,False,False,hog,False,True,False,False,False,False,True,1,HOG_graphs/random_graphs_8to14vertices_78instances_20260625_143415_AdjacencyList.txt,True,Results/warm_start_cache/experiment_3,512,60,0,32,1,1,100,100,5,3,5,1,42,18,"[(1, 3), (0, 1), (2, 7), (2, 3), (0, 4), (5, 7), (0, 7), (3, 5), (4, 6), (1, 2), (1, 8), (0, 6), (3, 4), (5, 6), (6, 8), (7, 8), (0, 8), (6, 7)]","[1.0, 1.0, 1.0, 1.0, 1.0, 1.0, 1.0, 1.0, 1.0, 1.0, 1.0, 1.0, 1.0, 1.0, 1.0, 1.0, 1.0, 1.0]"
5bb7a9a5,9,18,1,50.0,False,True,"[1, 1, 1]",9.11474866234564,18.526903647255796,9.263451823627898,6.470884161481638,5.578297548723015,6.294743589611784,5.595352114003556,0.6138789253859269,,0.09696559653981929,-1.3018173546766363,5.643834912273466,,0.619198084483555,,,,26.133996963500977,2930.284384727478,True,2904.154711008072,0.004306793212890625,0.0,2904.154711008072,Results/warm_start_cache/experiment_3/random_graphs_8to14vertices_78instances_20260625_143415_AdjacencyList__filehash_a79662a0/hog_idx000018_676d54605e7a_seed42_L2_M2_amplified.npz,26.14103674888611,2026-07-22 20:29:00,x86_64,dacsgpu0002,,64,64,3.11.15,0.28,False,False,adam,True,2,20,hamqaoa,0.01,44,standard,2,2,42,scs,1e-06,100000,False,False,False,hog,False,True,False,False,False,False,True,1,HOG_graphs/random_graphs_8to14vertices_78instances_20260625_143415_AdjacencyList.txt,True,Results/warm_start_cache/experiment_3,512,60,0,32,1,1,100,100,5,3,5,1,42,18,"[(1, 3), (0, 1), (2, 7), (2, 3), (0, 4), (5, 7), (0, 7), (3, 5), (4, 6), (1, 2), (1, 8), (0, 6), (3, 4), (5, 6), (6, 8), (7, 8), (0, 8), (6, 7)]","[1.0, 1.0, 1.0, 1.0, 1.0, 1.0, 1.0, 1.0, 1.0, 1.0, 1.0, 1.0, 1.0, 1.0, 1.0, 1.0, 1.0, 1.0]"
e8e6c1e6,9,18,2,25.0,False,True,"[1, 1, 1]",8.668163939107135,17.77932315232038,8.88966157616019,6.324351165747333,5.387074250528953,6.1012978690111614,5.803643349053078,0.6695354852334372,,0.6772621925782492,0.08195315266208247,6.142274445342203,,0.7086015548957059,,,,26.835307121276855,2961.0653126239777,True,2934.2334582805634,0.0034377574920654297,0.0,2934.2334582805634,Results/warm_start_cache/experiment_3/random_graphs_8to14vertices_78instances_20260625_143415_AdjacencyList__filehash_a79662a0/hog_idx000019_2dd22b6b742d_seed42_L2_M2_amplified.npz,26.85584044456482,2026-07-22 20:29:01,x86_64,dacsgpu0002,,64,64,3.11.15,0.35,False,False,adam,True,2,20,hamqaoa,0.01,44,standard,2,2,42,scs,1e-06,100000,False,False,False,hog,False,True,False,False,False,False,True,1,HOG_graphs/random_graphs_8to14vertices_78instances_20260625_143415_AdjacencyList.txt,True,Results/warm_start_cache/experiment_3,512,60,0,32,1,1,100,100,5,3,5,1,42,19,"[(2, 7), (2, 3), (1, 6), (4, 7), (0, 7), (0, 3), (4, 6), (1, 2), (1, 8), (0, 6), (3, 4), (2, 8), (5, 6), (6, 7), (0, 5), (1, 4), (2, 4), (1, 7)]","[1.0, 1.0, 1.0, 1.0, 1.0, 1.0, 1.0, 1.0, 1.0, 1.0, 1.0, 1.0, 1.0, 1.0, 1.0, 1.0, 1.0, 1.0]"
d3feed12,9,27,2,25.0,False,True,"[1, 1, 1]",11.151517664061469,22.803388300948697,11.401694150474349,9.04262591204307,7.110783482816056,8.849779387361174,7.570594331523004,0.6788846648130346,,1.1483972891257395,-1.4099728225505999,8.144792976085874,,0.7303752925339023,,,,27.636109352111816,3031.726606607437,True,3004.0957436561584,0.0052297115325927734,0.0,3004.0957436561584,Results/warm_start_cache/experiment_3/random_graphs_8to14vertices_78instances_20260625_143415_AdjacencyList__filehash_a79662a0/hog_idx000020_ff6498e8ff43_seed42_L2_M2_amplified.npz,27.656080961227417,2026-07-22 20:29:02,x86_64,dacsgpu0002,,64,64,3.11.15,0.35,False,False,adam,True,2,20,hamqaoa,0.01,44,standard,2,2,42,scs,1e-06,100000,False,False,False,hog,False,True,False,False,False,False,True,1,HOG_graphs/random_graphs_8to14vertices_78instances_20260625_143415_AdjacencyList.txt,True,Results/warm_start_cache/experiment_3,512,60,0,32,1,1,100,100,5,3,5,1,42,20,"[(2, 3), (2, 6), (3, 5), (7, 8), (0, 2), (0, 8), (1, 7), (5, 7), (2, 8), (4, 5), (3, 7), (4, 8), (1, 3), (0, 1), (1, 6), (6, 8), (5, 6), (3, 6), (2, 4), (2, 7), (4, 7), (0, 3), (1, 8), (0, 6), (1, 5), (5, 8), (6, 7)]","[1.0, 1.0, 1.0, 1.0, 1.0, 1.0, 1.0, 1.0, 1.0, 1.0, 1.0, 1.0, 1.0, 1.0, 1.0, 1.0, 1.0, 1.0, 1.0, 1.0, 1.0, 1.0, 1.0, 1.0, 1.0, 1.0, 1.0]"
395ba575,9,27,1,50.0,False,True,"[1, 1, 1]",11.151517664061469,22.803388300948697,11.401694150474349,9.04262591204307,7.110783482816056,8.849779387361174,7.570594331523004,0.6788846648130346,,1.2652936155585195,-1.2930764961178198,8.203241139302264,,0.735616566858809,,,,27.761163473129272,3031.851961374283,True,3004.0957436561584,0.004929780960083008,0.0,3004.0957436561584,Results/warm_start_cache/experiment_3/random_graphs_8to14vertices_78instances_20260625_143415_AdjacencyList__filehash_a79662a0/hog_idx000020_ff6498e8ff43_seed42_L2_M2_amplified.npz,27.774580478668213,2026-07-22 20:29:03,x86_64,dacsgpu0002,,64,64,3.11.15,0.29,False,False,adam,True,2,20,hamqaoa,0.01,44,standard,2,2,42,scs,1e-06,100000,False,False,False,hog,False,True,False,False,False,False,True,1,HOG_graphs/random_graphs_8to14vertices_78instances_20260625_143415_AdjacencyList.txt,True,Results/warm_start_cache/experiment_3,512,60,0,32,1,1,100,100,5,3,5,1,42,20,"[(2, 3), (2, 6), (3, 5), (7, 8), (0, 2), (0, 8), (1, 7), (5, 7), (2, 8), (4, 5), (3, 7), (4, 8), (1, 3), (0, 1), (1, 6), (6, 8), (5, 6), (3, 6), (2, 4), (2, 7), (4, 7), (0, 3), (1, 8), (0, 6), (1, 5), (5, 8), (6, 7)]","[1.0, 1.0, 1.0, 1.0, 1.0, 1.0, 1.0, 1.0, 1.0, 1.0, 1.0, 1.0, 1.0, 1.0, 1.0, 1.0, 1.0, 1.0, 1.0, 1.0, 1.0, 1.0, 1.0, 1.0, 1.0, 1.0, 1.0]"
88bb1197,9,27,1,50.0,False,True,"[1, 1, 1]",11.165162775970071,22.609957267762635,11.304978633881317,8.826457906082151,7.119091203949427,8.620646385488591,7.56900606263907,0.6779127375490902,,1.326259511438602,-0.7770211342604405,8.23213581835837,,0.7373054906172769,,,,26.45743179321289,2918.692142009735,True,2892.2399413585663,0.005212545394897461,0.0,2892.2399413585663,Results/warm_start_cache/experiment_3/random_graphs_8to14vertices_78instances_20260625_143415_AdjacencyList__filehash_a79662a0/hog_idx000021_a5ae36a42a3c_seed42_L2_M2_amplified.npz,26.479437828063965,2026-07-22 20:29:03,x86_64,dacsgpu0002,,64,64,3.11.15,0.29,False,False,adam,True,2,20,hamqaoa,0.01,44,standard,2,2,42,scs,1e-06,100000,False,False,False,hog,False,True,False,False,False,False,True,1,HOG_graphs/random_graphs_8to14vertices_78instances_20260625_143415_AdjacencyList.txt,True,Results/warm_start_cache/experiment_3,512,60,0,32,1,1,100,100,5,3,5,1,42,21,"[(2, 3), (2, 6), (3, 5), (7, 8), (0, 5), (1, 4), (0, 2), (0, 8), (1, 7), (5, 7), (3, 4), (2, 8), (4, 5), (2, 5), (4, 8), (1, 3), (0, 1), (1, 6), (0, 4), (6, 8), (2, 4), (2, 7), (0, 3), (1, 2), (1, 8), (0, 6), (1, 5)]","[1.0, 1.0, 1.0, 1.0, 1.0, 1.0, 1.0, 1.0, 1.0, 1.0, 1.0, 1.0, 1.0, 1.0, 1.0, 1.0, 1.0, 1.0, 1.0, 1.0, 1.0, 1.0, 1.0, 1.0, 1.0, 1.0, 1.0]"
190a17a6,9,27,2,25.0,False,True,"[1, 1, 1]",11.165162775970071,22.609957267762635,11.304978633881317,8.826457906082151,7.119091203949427,8.620646385488591,7.56900606263907,0.6779127375490902,,0.7883198890013787,-1.3149607566976638,7.963166007139759,,0.7132153974752857,,,,27.7721951007843,2920.005224466324,True,2892.2399413585663,0.006894111633300781,0.0,2892.2399413585663,Results/warm_start_cache/experiment_3/random_graphs_8to14vertices_78instances_20260625_143415_AdjacencyList__filehash_a79662a0/hog_idx000021_a5ae36a42a3c_seed42_L2_M2_amplified.npz,27.783987283706665,2026-07-22 20:29:04,x86_64,dacsgpu0002,,64,64,3.11.15,0.35,False,False,adam,True,2,20,hamqaoa,0.01,44,standard,2,2,42,scs,1e-06,100000,False,False,False,hog,False,True,False,False,False,False,True,1,HOG_graphs/random_graphs_8to14vertices_78instances_20260625_143415_AdjacencyList.txt,True,Results/warm_start_cache/experiment_3,512,60,0,32,1,1,100,100,5,3,5,1,42,21,"[(2, 3), (2, 6), (3, 5), (7, 8), (0, 5), (1, 4), (0, 2), (0, 8), (1, 7), (5, 7), (3, 4), (2, 8), (4, 5), (2, 5), (4, 8), (1, 3), (0, 1), (1, 6), (0, 4), (6, 8), (2, 4), (2, 7), (0, 3), (1, 2), (1, 8), (0, 6), (1, 5)]","[1.0, 1.0, 1.0, 1.0, 1.0, 1.0, 1.0, 1.0, 1.0, 1.0, 1.0, 1.0, 1.0, 1.0, 1.0, 1.0, 1.0, 1.0, 1.0, 1.0, 1.0, 1.0, 1.0, 1.0, 1.0, 1.0, 1.0]"
a510c57d,9,18,2,50.0,False,True,"[1, 1, 1]",8.668163939107135,17.77932315232038,8.88966157616019,6.324351165747333,5.387074250528953,6.1012978690111614,5.803643349053078,0.6695354852334372,,0.7601567424725957,0.164847702556429,6.183721720289376,,0.7133831067027939,,,,37.94524073600769,2972.173586130142,True,2934.2334582805634,0.0050945281982421875,0.0,2934.2334582805634,Results/warm_start_cache/experiment_3/random_graphs_8to14vertices_78instances_20260625_143415_AdjacencyList__filehash_a79662a0/hog_idx000019_2dd22b6b742d_seed42_L2_M2_amplified.npz,37.9528169631958,2026-07-22 20:29:12,x86_64,dacsgpu0002,,64,64,3.11.15,0.35,False,False,adam,True,2,20,hamqaoa,0.01,44,standard,2,2,42,scs,1e-06,100000,False,False,False,hog,False,True,False,False,False,False,True,1,HOG_graphs/random_graphs_8to14vertices_78instances_20260625_143415_AdjacencyList.txt,True,Results/warm_start_cache/experiment_3,512,60,0,32,1,1,100,100,5,3,5,1,42,19,"[(2, 7), (2, 3), (1, 6), (4, 7), (0, 7), (0, 3), (4, 6), (1, 2), (1, 8), (0, 6), (3, 4), (2, 8), (5, 6), (6, 7), (0, 5), (1, 4), (2, 4), (1, 7)]","[1.0, 1.0, 1.0, 1.0, 1.0, 1.0, 1.0, 1.0, 1.0, 1.0, 1.0, 1.0, 1.0, 1.0, 1.0, 1.0, 1.0, 1.0]"
376a82f7,9,18,2,50.0,False,True,"[1, 1, 1]",8.611677215596796,17.792499408619754,8.896249704309877,5.639666154694418,5.3568777998626755,5.453777912062453,4.318386291206381,0.501457054542785,,2.7501768312616424,0.47939358954949896,5.693474706837202,,0.6611342441546261,,,,38.208739280700684,2932.6470177173615,True,2894.442602157593,0.004308223724365234,0.0,2894.442602157593,Results/warm_start_cache/experiment_3/random_graphs_8to14vertices_78instances_20260625_143415_AdjacencyList__filehash_a79662a0/hog_idx000017_1cb58d6ed341_seed42_L2_M2_amplified.npz,38.21845841407776,2026-07-22 20:29:12,x86_64,dacsgpu0002,,64,64,3.11.15,0.35,False,False,adam,True,2,20,hamqaoa,0.01,44,standard,2,2,42,scs,1e-06,100000,False,False,False,hog,False,True,False,False,False,False,True,1,HOG_graphs/random_graphs_8to14vertices_78instances_20260625_143415_AdjacencyList.txt,True,Results/warm_start_cache/experiment_3,512,60,0,32,1,1,100,100,5,3,5,1,42,17,"[(2, 7), (0, 1), (0, 4), (3, 8), (2, 6), (5, 7), (0, 7), (3, 5), (0, 3), (4, 6), (3, 6), (6, 8), (1, 5), (0, 5), (1, 4), (0, 2), (0, 8), (2, 4)]","[1.0, 1.0, 1.0, 1.0, 1.0, 1.0, 1.0, 1.0, 1.0, 1.0, 1.0, 1.0, 1.0, 1.0, 1.0, 1.0, 1.0, 1.0]"
a15412a5,9,18,2,50.0,False,True,"[1, 1, 1]",9.11474866234564,18.526903647255796,9.263451823627898,6.470884161481638,5.578297548723015,6.294743589611784,5.595352114003556,0.6138789253859269,,1.2070671664456665,-0.1917157847707891,6.198885697226389,,0.6800939803019356,,,,38.7996129989624,2942.949868440628,True,2904.154711008072,0.004438161849975586,0.0,2904.154711008072,Results/warm_start_cache/experiment_3/random_graphs_8to14vertices_78instances_20260625_143415_AdjacencyList__filehash_a79662a0/hog_idx000018_676d54605e7a_seed42_L2_M2_amplified.npz,38.81541204452515,2026-07-22 20:29:13,x86_64,dacsgpu0002,,64,64,3.11.15,0.35,False,False,adam,True,2,20,hamqaoa,0.01,44,standard,2,2,42,scs,1e-06,100000,False,False,False,hog,False,True,False,False,False,False,True,1,HOG_graphs/random_graphs_8to14vertices_78instances_20260625_143415_AdjacencyList.txt,True,Results/warm_start_cache/experiment_3,512,60,0,32,1,1,100,100,5,3,5,1,42,18,"[(1, 3), (0, 1), (2, 7), (2, 3), (0, 4), (5, 7), (0, 7), (3, 5), (4, 6), (1, 2), (1, 8), (0, 6), (3, 4), (5, 6), (6, 8), (7, 8), (0, 8), (6, 7)]","[1.0, 1.0, 1.0, 1.0, 1.0, 1.0, 1.0, 1.0, 1.0, 1.0, 1.0, 1.0, 1.0, 1.0, 1.0, 1.0, 1.0, 1.0]"
bad06c71,9,27,2,50.0,False,True,"[1, 1, 1]",11.151517664061469,22.803388300948697,11.401694150474349,9.04262591204307,7.110783482816056,8.849779387361174,7.570594331523004,0.6788846648130346,,1.4260041742166685,-1.1323659374596708,8.283596418631339,,0.7428223375664177,,,,40.88583517074585,3044.976662874222,True,3004.0957436561584,0.004897356033325195,0.0,3004.0957436561584,Results/warm_start_cache/experiment_3/random_graphs_8to14vertices_78instances_20260625_143415_AdjacencyList__filehash_a79662a0/hog_idx000020_ff6498e8ff43_seed42_L2_M2_amplified.npz,40.93566083908081,2026-07-22 20:29:16,x86_64,dacsgpu0002,,64,64,3.11.15,0.35,False,False,adam,True,2,20,hamqaoa,0.01,44,standard,2,2,42,scs,1e-06,100000,False,False,False,hog,False,True,False,False,False,False,True,1,HOG_graphs/random_graphs_8to14vertices_78instances_20260625_143415_AdjacencyList.txt,True,Results/warm_start_cache/experiment_3,512,60,0,32,1,1,100,100,5,3,5,1,42,20,"[(2, 3), (2, 6), (3, 5), (7, 8), (0, 2), (0, 8), (1, 7), (5, 7), (2, 8), (4, 5), (3, 7), (4, 8), (1, 3), (0, 1), (1, 6), (6, 8), (5, 6), (3, 6), (2, 4), (2, 7), (4, 7), (0, 3), (1, 8), (0, 6), (1, 5), (5, 8), (6, 7)]","[1.0, 1.0, 1.0, 1.0, 1.0, 1.0, 1.0, 1.0, 1.0, 1.0, 1.0, 1.0, 1.0, 1.0, 1.0, 1.0, 1.0, 1.0, 1.0, 1.0, 1.0, 1.0, 1.0, 1.0, 1.0, 1.0, 1.0]"
03c756e9,9,27,2,50.0,False,True,"[1, 1, 1]",11.165162775970071,22.609957267762635,11.304978633881317,8.826457906082151,7.119091203949427,8.620646385488591,7.56900606263907,0.6779127375490902,,1.5383859787273853,-0.5648946669716572,8.338199052002762,,0.746804970004417,,,,48.60453653335571,2940.8241403102875,True,2892.2399413585663,0.020319700241088867,0.0,2892.2399413585663,Results/warm_start_cache/experiment_3/random_graphs_8to14vertices_78instances_20260625_143415_AdjacencyList__filehash_a79662a0/hog_idx000021_a5ae36a42a3c_seed42_L2_M2_amplified.npz,48.63118767738342,2026-07-22 20:29:42,x86_64,dacsgpu0002,,64,64,3.11.15,0.35,False,False,adam,True,2,20,hamqaoa,0.01,44,standard,2,2,42,scs,1e-06,100000,False,False,False,hog,False,True,False,False,False,False,True,1,HOG_graphs/random_graphs_8to14vertices_78instances_20260625_143415_AdjacencyList.txt,True,Results/warm_start_cache/experiment_3,512,60,0,32,1,1,100,100,5,3,5,1,42,21,"[(2, 3), (2, 6), (3, 5), (7, 8), (0, 5), (1, 4), (0, 2), (0, 8), (1, 7), (5, 7), (3, 4), (2, 8), (4, 5), (2, 5), (4, 8), (1, 3), (0, 1), (1, 6), (0, 4), (6, 8), (2, 4), (2, 7), (0, 3), (1, 2), (1, 8), (0, 6), (1, 5)]","[1.0, 1.0, 1.0, 1.0, 1.0, 1.0, 1.0, 1.0, 1.0, 1.0, 1.0, 1.0, 1.0, 1.0, 1.0, 1.0, 1.0, 1.0, 1.0, 1.0, 1.0, 1.0, 1.0, 1.0, 1.0, 1.0, 1.0]"
bce34f7c,10,9,1,5.0,False,True,"[1, 1, 1]",6.271621605910759,12.573133918432692,6.286566959216346,3.6307990527747886,3.6991992707087884,3.235210737155572,3.3789328409496573,0.5387654187818259,,0.49648443721209023,0.7839286448002607,3.6271750595557024,,0.578347242145035,,,,109.32525849342346,8840.919902324677,True,8731.62443971634,0.02977442741394043,0.0,8731.62443971634,Results/warm_start_cache/experiment_3/random_graphs_8to14vertices_78instances_20260625_143415_AdjacencyList__filehash_a79662a0/hog_idx000022_edcec7e94746_seed42_L2_M2_amplified.npz,109.34953808784485,2026-07-22 20:30:48,x86_64,dacsgpu0002,,64,64,3.11.15,0.5,True,False,adam,True,2,20,hamqaoa,0.01,44,standard,2,2,42,scs,1e-06,100000,False,False,False,hog,False,True,False,False,False,False,True,1,HOG_graphs/random_graphs_8to14vertices_78instances_20260625_143415_AdjacencyList.txt,True,Results/warm_start_cache/experiment_3,512,60,0,32,1,1,100,100,5,3,5,1,42,22,"[(3, 9), (2, 3), (0, 7), (7, 9), (6, 8), (0, 6), (4, 9), (4, 5), (1, 7)]","[1.0, 1.0, 1.0, 1.0, 1.0, 1.0, 1.0, 1.0, 1.0]"
2e21e6d5,10,21,1,5.0,False,True,"[1, 1, 1]",10.158893971297971,20.8831794854,10.4415897427,6.708639760065432,6.252832969161957,6.526653422791099,6.416423145601758,0.6316064685516106,,0.45395366290556183,0.233493108526881,6.643399977054539,,0.6539491401154699,,,,108.57554244995117,7224.494690418243,True,7115.932384252548,0.013217449188232422,0.0,7115.932384252548,Results/warm_start_cache/experiment_3/random_graphs_8to14vertices_78instances_20260625_143415_AdjacencyList__filehash_a79662a0/hog_idx000023_9df8db74bf84_seed42_L2_M2_amplified.npz,108.59298610687256,2026-07-22 20:30:50,x86_64,dacsgpu0002,,64,64,3.11.15,0.5,False,False,adam,True,2,20,hamqaoa,0.01,44,standard,2,2,42,scs,1e-06,100000,False,False,False,hog,False,True,False,False,False,False,True,1,HOG_graphs/random_graphs_8to14vertices_78instances_20260625_143415_AdjacencyList.txt,True,Results/warm_start_cache/experiment_3,512,60,0,32,1,1,100,100,5,3,5,1,42,23,"[(4, 6), (0, 5), (1, 7), (6, 9), (4, 5), (2, 5), (4, 8), (8, 9), (1, 3), (0, 1), (1, 6), (6, 8), (5, 9), (3, 6), (2, 4), (4, 7), (7, 9), (0, 6), (1, 5), (0, 9), (5, 8)]","[1.0, 1.0, 1.0, 1.0, 1.0, 1.0, 1.0, 1.0, 1.0, 1.0, 1.0, 1.0, 1.0, 1.0, 1.0, 1.0, 1.0, 1.0, 1.0, 1.0, 1.0]"
dd946337,10,9,2,5.0,False,True,"[1, 1, 1]",6.271621605910759,12.573133918432692,6.286566959216346,3.6307990527747886,3.6991992707087884,3.235210737155572,3.3789328409496573,0.5387654187818259,,0.3137105010024479,0.6011547085906184,3.5357880914508812,,0.5637757367438334,,,,116.26563048362732,8847.88278055191,True,8731.62443971634,0.0072710514068603516,0.0,8731.62443971634,Results/warm_start_cache/experiment_3/random_graphs_8to14vertices_78instances_20260625_143415_AdjacencyList__filehash_a79662a0/hog_idx000022_edcec7e94746_seed42_L2_M2_amplified.npz,116.2926242351532,2026-07-22 20:30:55,x86_64,dacsgpu0002,,64,64,3.11.15,0.75,True,False,adam,True,2,20,hamqaoa,0.01,44,standard,2,2,42,scs,1e-06,100000,False,False,False,hog,False,True,False,False,False,False,True,1,HOG_graphs/random_graphs_8to14vertices_78instances_20260625_143415_AdjacencyList.txt,True,Results/warm_start_cache/experiment_3,512,60,0,32,1,1,100,100,5,3,5,1,42,22,"[(3, 9), (2, 3), (0, 7), (7, 9), (6, 8), (0, 6), (4, 9), (4, 5), (1, 7)]","[1.0, 1.0, 1.0, 1.0, 1.0, 1.0, 1.0, 1.0, 1.0]"
07646ca0,10,28,1,5.0,False,True,"[1, 1, 1]",12.658576065675938,25.387301008679852,12.693650504339926,8.26491200191151,7.8832691463310995,7.897704475431594,8.848002044002435,0.6989729332980844,,0.0,1.900595137141682,8.848002044002435,,0.6989729332980844,,,,111.85319185256958,7538.471843242645,True,7426.667370796204,0.048700809478759766,0.0,7426.667370796204,Results/warm_start_cache/experiment_3/random_graphs_8to14vertices_78instances_20260625_143415_AdjacencyList__filehash_a79662a0/hog_idx000024_c579f9d62b77_seed42_L2_M2_amplified.npz,111.88052821159363,2026-07-22 20:30:57,x86_64,dacsgpu0002,,64,64,3.11.15,0.5,False,False,adam,True,2,20,hamqaoa,0.01,44,standard,2,2,42,scs,1e-06,100000,False,False,False,hog,False,True,False,False,False,False,True,1,HOG_graphs/random_graphs_8to14vertices_78instances_20260625_143415_AdjacencyList.txt,True,Results/warm_start_cache/experiment_3,512,60,0,32,1,1,100,100,5,3,5,1,42,24,"[(2, 3), (3, 8), (2, 9), (4, 6), (4, 9), (7, 8), (0, 2), (0, 8), (1, 7), (6, 9), (5, 7), (3, 4), (2, 8), (3, 7), (2, 5), (8, 9), (1, 6), (0, 4), (1, 9), (0, 7), (6, 8), (5, 6), (2, 7), (0, 3), (1, 2), (1, 8), (0, 6), (0, 9)]","[1.0, 1.0, 1.0, 1.0, 1.0, 1.0, 1.0, 1.0, 1.0, 1.0, 1.0, 1.0, 1.0, 1.0, 1.0, 1.0, 1.0, 1.0, 1.0, 1.0, 1.0, 1.0, 1.0, 1.0, 1.0, 1.0, 1.0, 1.0]"
fe98d08c,10,9,1,10.0,False,True,"[1, 1, 1]",6.271621605910759,12.573133918432692,6.286566959216346,3.6307990527747886,3.6991992707087884,3.235210737155572,3.3789328409496573,0.5387654187818259,,0.2838638333638688,0.5713080409520392,3.5208647576315917,,0.5613962351161802,,,,120.69452619552612,8852.310775279999,True,8731.62443971634,0.008170604705810547,0.0,8731.62443971634,Results/warm_start_cache/experiment_3/random_graphs_8to14vertices_78instances_20260625_143415_AdjacencyList__filehash_a79662a0/hog_idx000022_edcec7e94746_seed42_L2_M2_amplified.npz,120.70542621612549,2026-07-22 20:31:00,x86_64,dacsgpu0002,,64,64,3.11.15,0.5,True,False,adam,True,2,20,hamqaoa,0.01,44,standard,2,2,42,scs,1e-06,100000,False,False,False,hog,False,True,False,False,False,False,True,1,HOG_graphs/random_graphs_8to14vertices_78instances_20260625_143415_AdjacencyList.txt,True,Results/warm_start_cache/experiment_3,512,60,0,32,1,1,100,100,5,3,5,1,42,22,"[(3, 9), (2, 3), (0, 7), (7, 9), (6, 8), (0, 6), (4, 9), (4, 5), (1, 7)]","[1.0, 1.0, 1.0, 1.0, 1.0, 1.0, 1.0, 1.0, 1.0]"
5fea902f,10,21,1,10.0,False,True,"[1, 1, 1]",10.158893971297971,20.8831794854,10.4415897427,6.708639760065432,6.252832969161957,6.526653422791099,6.416423145601758,0.6316064685516106,,0.2004861123945716,-0.019974441984109248,6.516666201799044,,0.6414739852793669,,,,119.55689907073975,7235.474378108978,True,7115.932384252548,0.014885425567626953,0.0,7115.932384252548,Results/warm_start_cache/experiment_3/random_graphs_8to14vertices_78instances_20260625_143415_AdjacencyList__filehash_a79662a0/hog_idx000023_9df8db74bf84_seed42_L2_M2_amplified.npz,119.58015871047974,2026-07-22 20:31:02,x86_64,dacsgpu0002,,64,64,3.11.15,0.5,False,False,adam,True,2,20,hamqaoa,0.01,44,standard,2,2,42,scs,1e-06,100000,False,False,False,hog,False,True,False,False,False,False,True,1,HOG_graphs/random_graphs_8to14vertices_78instances_20260625_143415_AdjacencyList.txt,True,Results/warm_start_cache/experiment_3,512,60,0,32,1,1,100,100,5,3,5,1,42,23,"[(4, 6), (0, 5), (1, 7), (6, 9), (4, 5), (2, 5), (4, 8), (8, 9), (1, 3), (0, 1), (1, 6), (6, 8), (5, 9), (3, 6), (2, 4), (4, 7), (7, 9), (0, 6), (1, 5), (0, 9), (5, 8)]","[1.0, 1.0, 1.0, 1.0, 1.0, 1.0, 1.0, 1.0, 1.0, 1.0, 1.0, 1.0, 1.0, 1.0, 1.0, 1.0, 1.0, 1.0, 1.0, 1.0, 1.0]"
3bb4ac72,10,15,1,5.0,False,True,"[1, 1, 1]",8.907724921400755,17.90484470869442,8.95242235434721,5.709489270655766,5.320341609329279,5.274598792671916,5.155952740906125,0.5788181366623681,,0.0696031509446815,-0.1676889525869001,5.190754316378466,,0.5827250349758455,,,,113.88646268844604,7455.570432901382,True,7341.709368944168,0.025380611419677734,0.0,7341.709368944168,Results/warm_start_cache/experiment_3/random_graphs_8to14vertices_78instances_20260625_143415_AdjacencyList__filehash_a79662a0/hog_idx000025_30d35430afb5_seed42_L2_M2_amplified.npz,113.93824481964111,2026-07-22 20:31:03,x86_64,dacsgpu0002,,64,64,3.11.15,0.51,False,True,adam,True,2,20,hamqaoa,0.01,44,standard,2,2,42,scs,1e-06,100000,False,False,False,hog,False,True,False,False,False,False,True,1,HOG_graphs/random_graphs_8to14vertices_78instances_20260625_143415_AdjacencyList.txt,True,Results/warm_start_cache/experiment_3,512,60,0,32,1,1,100,100,5,3,5,1,42,25,"[(8, 9), (3, 9), (1, 3), (0, 1), (2, 7), (4, 7), (4, 6), (0, 6), (4, 9), (1, 5), (2, 8), (7, 8), (2, 5), (0, 5), (3, 6)]","[1.0, 1.0, 1.0, 1.0, 1.0, 1.0, 1.0, 1.0, 1.0, 1.0, 1.0, 1.0, 1.0, 1.0, 1.0]"
3acac336,10,21,2,5.0,False,True,"[1, 1, 1]",10.158893971297971,20.8831794854,10.4415897427,6.708639760065432,6.252832969161957,6.526653422791099,6.416423145601758,0.6316064685516106,,0.0,-0.22046055437868084,6.416423145601758,,0.6316064685516106,,,,121.71360731124878,7237.625286579132,True,7115.932384252548,0.02068805694580078,0.0,7115.932384252548,Results/warm_start_cache/experiment_3/random_graphs_8to14vertices_78instances_20260625_143415_AdjacencyList__filehash_a79662a0/hog_idx000023_9df8db74bf84_seed42_L2_M2_amplified.npz,121.74319195747375,2026-07-22 20:31:03,x86_64,dacsgpu0002,,64,64,3.11.15,0.74,False,False,adam,True,2,20,hamqaoa,0.01,44,standard,2,2,42,scs,1e-06,100000,False,False,False,hog,False,True,False,False,False,False,True,1,HOG_graphs/random_graphs_8to14vertices_78instances_20260625_143415_AdjacencyList.txt,True,Results/warm_start_cache/experiment_3,512,60,0,32,1,1,100,100,5,3,5,1,42,23,"[(4, 6), (0, 5), (1, 7), (6, 9), (4, 5), (2, 5), (4, 8), (8, 9), (1, 3), (0, 1), (1, 6), (6, 8), (5, 9), (3, 6), (2, 4), (4, 7), (7, 9), (0, 6), (1, 5), (0, 9), (5, 8)]","[1.0, 1.0, 1.0, 1.0, 1.0, 1.0, 1.0, 1.0, 1.0, 1.0, 1.0, 1.0, 1.0, 1.0, 1.0, 1.0, 1.0, 1.0, 1.0, 1.0, 1.0]"
77a695b8,10,9,2,10.0,False,True,"[1, 1, 1]",6.271621605910759,12.573133918432692,6.286566959216346,3.6307990527747886,3.6991992707087884,3.235210737155572,3.3789328409496573,0.5387654187818259,,0.6772676465897831,0.9647118541779536,3.717566664244549,,0.5927600384469763,,,,127.10241174697876,8858.710348844528,True,8731.62443971634,0.016483545303344727,0.0,8731.62443971634,Results/warm_start_cache/experiment_3/random_graphs_8to14vertices_78instances_20260625_143415_AdjacencyList__filehash_a79662a0/hog_idx000022_edcec7e94746_seed42_L2_M2_amplified.npz,127.12935018539429,2026-07-22 20:31:07,x86_64,dacsgpu0002,,64,64,3.11.15,0.74,True,False,adam,True,2,20,hamqaoa,0.01,44,standard,2,2,42,scs,1e-06,100000,False,False,False,hog,False,True,False,False,False,False,True,1,HOG_graphs/random_graphs_8to14vertices_78instances_20260625_143415_AdjacencyList.txt,True,Results/warm_start_cache/experiment_3,512,60,0,32,1,1,100,100,5,3,5,1,42,22,"[(3, 9), (2, 3), (0, 7), (7, 9), (6, 8), (0, 6), (4, 9), (4, 5), (1, 7)]","[1.0, 1.0, 1.0, 1.0, 1.0, 1.0, 1.0, 1.0, 1.0]"
3ef1e49e,10,28,2,5.0,False,True,"[1, 1, 1]",12.658576065675938,25.387301008679852,12.693650504339926,8.26491200191151,7.8832691463310995,7.897704475431594,8.848002044002435,0.6989729332980844,,0.0,1.900595137141682,8.848002044002435,,0.6989729332980844,,,,122.00571131706238,7548.653624534607,True,7426.667370796204,0.0194399356842041,0.0,7426.667370796204,Results/warm_start_cache/experiment_3/random_graphs_8to14vertices_78instances_20260625_143415_AdjacencyList__filehash_a79662a0/hog_idx000024_c579f9d62b77_seed42_L2_M2_amplified.npz,122.03084635734558,2026-07-22 20:31:07,x86_64,dacsgpu0002,,64,64,3.11.15,0.74,False,False,adam,True,2,20,hamqaoa,0.01,44,standard,2,2,42,scs,1e-06,100000,False,False,False,hog,False,True,False,False,False,False,True,1,HOG_graphs/random_graphs_8to14vertices_78instances_20260625_143415_AdjacencyList.txt,True,Results/warm_start_cache/experiment_3,512,60,0,32,1,1,100,100,5,3,5,1,42,24,"[(2, 3), (3, 8), (2, 9), (4, 6), (4, 9), (7, 8), (0, 2), (0, 8), (1, 7), (6, 9), (5, 7), (3, 4), (2, 8), (3, 7), (2, 5), (8, 9), (1, 6), (0, 4), (1, 9), (0, 7), (6, 8), (5, 6), (2, 7), (0, 3), (1, 2), (1, 8), (0, 6), (0, 9)]","[1.0, 1.0, 1.0, 1.0, 1.0, 1.0, 1.0, 1.0, 1.0, 1.0, 1.0, 1.0, 1.0, 1.0, 1.0, 1.0, 1.0, 1.0, 1.0, 1.0, 1.0, 1.0, 1.0, 1.0, 1.0, 1.0, 1.0, 1.0]"
2e9c3746,10,28,1,10.0,False,True,"[1, 1, 1]",12.658576065675938,25.387301008679852,12.693650504339926,8.26491200191151,7.8832691463310995,7.897704475431594,8.848002044002435,0.6989729332980844,,0.0,1.900595137141682,8.848002044002435,,0.6989729332980844,,,,122.67961287498474,7549.325236797333,True,7426.667370796204,0.021728515625,0.0,7426.667370796204,Results/warm_start_cache/experiment_3/random_graphs_8to14vertices_78instances_20260625_143415_AdjacencyList__filehash_a79662a0/hog_idx000024_c579f9d62b77_seed42_L2_M2_amplified.npz,122.70365929603577,2026-07-22 20:31:08,x86_64,dacsgpu0002,,64,64,3.11.15,0.51,False,False,adam,True,2,20,hamqaoa,0.01,44,standard,2,2,42,scs,1e-06,100000,False,False,False,hog,False,True,False,False,False,False,True,1,HOG_graphs/random_graphs_8to14vertices_78instances_20260625_143415_AdjacencyList.txt,True,Results/warm_start_cache/experiment_3,512,60,0,32,1,1,100,100,5,3,5,1,42,24,"[(2, 3), (3, 8), (2, 9), (4, 6), (4, 9), (7, 8), (0, 2), (0, 8), (1, 7), (6, 9), (5, 7), (3, 4), (2, 8), (3, 7), (2, 5), (8, 9), (1, 6), (0, 4), (1, 9), (0, 7), (6, 8), (5, 6), (2, 7), (0, 3), (1, 2), (1, 8), (0, 6), (0, 9)]","[1.0, 1.0, 1.0, 1.0, 1.0, 1.0, 1.0, 1.0, 1.0, 1.0, 1.0, 1.0, 1.0, 1.0, 1.0, 1.0, 1.0, 1.0, 1.0, 1.0, 1.0, 1.0, 1.0, 1.0, 1.0, 1.0, 1.0, 1.0]"
1191453a,10,21,2,10.0,False,True,"[1, 1, 1]",10.158893971297971,20.8831794854,10.4415897427,6.708639760065432,6.252832969161957,6.526653422791099,6.416423145601758,0.6316064685516106,,0.0,-0.22046055437868084,6.416423145601758,,0.6316064685516106,,,,128.450918674469,7244.36034488678,True,7115.932384252548,0.022939443588256836,0.0,7115.932384252548,Results/warm_start_cache/experiment_3/random_graphs_8to14vertices_78instances_20260625_143415_AdjacencyList__filehash_a79662a0/hog_idx000023_9df8db74bf84_seed42_L2_M2_amplified.npz,128.47502326965332,2026-07-22 20:31:11,x86_64,dacsgpu0002,,64,64,3.11.15,0.75,False,False,adam,True,2,20,hamqaoa,0.01,44,standard,2,2,42,scs,1e-06,100000,False,False,False,hog,False,True,False,False,False,False,True,1,HOG_graphs/random_graphs_8to14vertices_78instances_20260625_143415_AdjacencyList.txt,True,Results/warm_start_cache/experiment_3,512,60,0,32,1,1,100,100,5,3,5,1,42,23,"[(4, 6), (0, 5), (1, 7), (6, 9), (4, 5), (2, 5), (4, 8), (8, 9), (1, 3), (0, 1), (1, 6), (6, 8), (5, 9), (3, 6), (2, 4), (4, 7), (7, 9), (0, 6), (1, 5), (0, 9), (5, 8)]","[1.0, 1.0, 1.0, 1.0, 1.0, 1.0, 1.0, 1.0, 1.0, 1.0, 1.0, 1.0, 1.0, 1.0, 1.0, 1.0, 1.0, 1.0, 1.0, 1.0, 1.0]"
ac182f52,10,15,2,5.0,False,True,"[1, 1, 1]",8.907724921400755,17.90484470869442,8.95242235434721,5.709489270655766,5.320341609329279,5.274598792671916,5.155952740906125,0.5788181366623681,,-7.105427357601002e-15,-0.2372921035315887,5.155952740906121,,0.5788181366623678,,,,120.90376472473145,7462.589464664459,True,7341.709368944168,0.023648977279663086,0.0,7341.709368944168,Results/warm_start_cache/experiment_3/random_graphs_8to14vertices_78instances_20260625_143415_AdjacencyList__filehash_a79662a0/hog_idx000025_30d35430afb5_seed42_L2_M2_amplified.npz,120.92169713973999,2026-07-22 20:31:14,x86_64,dacsgpu0002,,64,64,3.11.15,0.75,False,True,adam,True,2,20,hamqaoa,0.01,44,standard,2,2,42,scs,1e-06,100000,False,False,False,hog,False,True,False,False,False,False,True,1,HOG_graphs/random_graphs_8to14vertices_78instances_20260625_143415_AdjacencyList.txt,True,Results/warm_start_cache/experiment_3,512,60,0,32,1,1,100,100,5,3,5,1,42,25,"[(8, 9), (3, 9), (1, 3), (0, 1), (2, 7), (4, 7), (4, 6), (0, 6), (4, 9), (1, 5), (2, 8), (7, 8), (2, 5), (0, 5), (3, 6)]","[1.0, 1.0, 1.0, 1.0, 1.0, 1.0, 1.0, 1.0, 1.0, 1.0, 1.0, 1.0, 1.0, 1.0, 1.0]"
8b848d08,10,15,1,10.0,False,True,"[1, 1, 1]",8.907724921400755,17.90484470869442,8.95242235434721,5.709489270655766,5.320341609329279,5.274598792671916,5.155952740906125,0.5788181366623681,,-7.105427357601002e-15,-0.2372921035315887,5.155952740906121,,0.5788181366623678,,,,121.29492497444153,7462.984959125519,True,7341.709368944168,0.01931905746459961,0.0,7341.709368944168,Results/warm_start_cache/experiment_3/random_graphs_8to14vertices_78instances_20260625_143415_AdjacencyList__filehash_a79662a0/hog_idx000025_30d35430afb5_seed42_L2_M2_amplified.npz,121.31840085983276,2026-07-22 20:31:15,x86_64,dacsgpu0002,,64,64,3.11.15,0.5,False,True,adam,True,2,20,hamqaoa,0.01,44,standard,2,2,42,scs,1e-06,100000,False,False,False,hog,False,True,False,False,False,False,True,1,HOG_graphs/random_graphs_8to14vertices_78instances_20260625_143415_AdjacencyList.txt,True,Results/warm_start_cache/experiment_3,512,60,0,32,1,1,100,100,5,3,5,1,42,25,"[(8, 9), (3, 9), (1, 3), (0, 1), (2, 7), (4, 7), (4, 6), (0, 6), (4, 9), (1, 5), (2, 8), (7, 8), (2, 5), (0, 5), (3, 6)]","[1.0, 1.0, 1.0, 1.0, 1.0, 1.0, 1.0, 1.0, 1.0, 1.0, 1.0, 1.0, 1.0, 1.0, 1.0]"
da44ff8a,10,28,2,10.0,False,True,"[1, 1, 1]",12.658576065675938,25.387301008679852,12.693650504339926,8.26491200191151,7.8832691463310995,7.897704475431594,8.848002044002435,0.6989729332980844,,0.0,1.900595137141682,8.848002044002435,,0.6989729332980844,,,,133.17206406593323,7559.8320100307465,True,7426.667370796204,0.0074079036712646484,0.0,7426.667370796204,Results/warm_start_cache/experiment_3/random_graphs_8to14vertices_78instances_20260625_143415_AdjacencyList__filehash_a79662a0/hog_idx000024_c579f9d62b77_seed42_L2_M2_amplified.npz,133.19251823425293,2026-07-22 20:31:19,x86_64,dacsgpu0002,,64,64,3.11.15,0.75,False,False,adam,True,2,20,hamqaoa,0.01,44,standard,2,2,42,scs,1e-06,100000,False,False,False,hog,False,True,False,False,False,False,True,1,HOG_graphs/random_graphs_8to14vertices_78instances_20260625_143415_AdjacencyList.txt,True,Results/warm_start_cache/experiment_3,512,60,0,32,1,1,100,100,5,3,5,1,42,24,"[(2, 3), (3, 8), (2, 9), (4, 6), (4, 9), (7, 8), (0, 2), (0, 8), (1, 7), (6, 9), (5, 7), (3, 4), (2, 8), (3, 7), (2, 5), (8, 9), (1, 6), (0, 4), (1, 9), (0, 7), (6, 8), (5, 6), (2, 7), (0, 3), (1, 2), (1, 8), (0, 6), (0, 9)]","[1.0, 1.0, 1.0, 1.0, 1.0, 1.0, 1.0, 1.0, 1.0, 1.0, 1.0, 1.0, 1.0, 1.0, 1.0, 1.0, 1.0, 1.0, 1.0, 1.0, 1.0, 1.0, 1.0, 1.0, 1.0, 1.0, 1.0, 1.0]"
e3a98440,10,9,1,25.0,False,True,"[1, 1, 1]",6.271621605910759,12.573133918432692,6.286566959216346,3.6307990527747886,3.6991992707087884,3.235210737155572,3.3789328409496573,0.5387654187818259,,0.5396404545600406,0.8270846621482111,3.6487530682296776,,0.5817878209984592,,,,143.17763781547546,8874.788895130157,True,8731.62443971634,0.01316070556640625,0.0,8731.62443971634,Results/warm_start_cache/experiment_3/random_graphs_8to14vertices_78instances_20260625_143415_AdjacencyList__filehash_a79662a0/hog_idx000022_edcec7e94746_seed42_L2_M2_amplified.npz,143.2070291042328,2026-07-22 20:31:23,x86_64,dacsgpu0002,,64,64,3.11.15,0.5,True,False,adam,True,2,20,hamqaoa,0.01,44,standard,2,2,42,scs,1e-06,100000,False,False,False,hog,False,True,False,False,False,False,True,1,HOG_graphs/random_graphs_8to14vertices_78instances_20260625_143415_AdjacencyList.txt,True,Results/warm_start_cache/experiment_3,512,60,0,32,1,1,100,100,5,3,5,1,42,22,"[(3, 9), (2, 3), (0, 7), (7, 9), (6, 8), (0, 6), (4, 9), (4, 5), (1, 7)]","[1.0, 1.0, 1.0, 1.0, 1.0, 1.0, 1.0, 1.0, 1.0]"
0f7ef2a8,10,21,1,25.0,False,True,"[1, 1, 1]",10.158893971297971,20.8831794854,10.4415897427,6.708639760065432,6.252832969161957,6.526653422791099,6.416423145601758,0.6316064685516106,,0.9202256240421569,0.6997650696634761,6.876535957622837,,0.6768980931439176,,,,142.11333966255188,7258.036856889725,True,7115.932384252548,0.008551597595214844,0.0,7115.932384252548,Results/warm_start_cache/experiment_3/random_graphs_8to14vertices_78instances_20260625_143415_AdjacencyList__filehash_a79662a0/hog_idx000023_9df8db74bf84_seed42_L2_M2_amplified.npz,142.1449749469757,2026-07-22 20:31:25,x86_64,dacsgpu0002,,64,64,3.11.15,0.51,False,False,adam,True,2,20,hamqaoa,0.01,44,standard,2,2,42,scs,1e-06,100000,False,False,False,hog,False,True,False,False,False,False,True,1,HOG_graphs/random_graphs_8to14vertices_78instances_20260625_143415_AdjacencyList.txt,True,Results/warm_start_cache/experiment_3,512,60,0,32,1,1,100,100,5,3,5,1,42,23,"[(4, 6), (0, 5), (1, 7), (6, 9), (4, 5), (2, 5), (4, 8), (8, 9), (1, 3), (0, 1), (1, 6), (6, 8), (5, 9), (3, 6), (2, 4), (4, 7), (7, 9), (0, 6), (1, 5), (0, 9), (5, 8)]","[1.0, 1.0, 1.0, 1.0, 1.0, 1.0, 1.0, 1.0, 1.0, 1.0, 1.0, 1.0, 1.0, 1.0, 1.0, 1.0, 1.0, 1.0, 1.0, 1.0, 1.0]"
b661e339,10,15,2,10.0,False,True,"[1, 1, 1]",8.907724921400755,17.90484470869442,8.95242235434721,5.709489270655766,5.320341609329279,5.274598792671916,5.155952740906125,0.5788181366623681,,-7.105427357601002e-15,-0.2372921035315887,5.155952740906121,,0.5788181366623678,,,,124.7706573009491,7466.462875843048,True,7341.709368944168,0.0171356201171875,0.0,7341.709368944168,Results/warm_start_cache/experiment_3/random_graphs_8to14vertices_78instances_20260625_143415_AdjacencyList__filehash_a79662a0/hog_idx000025_30d35430afb5_seed42_L2_M2_amplified.npz,124.811838388443,2026-07-22 20:31:26,x86_64,dacsgpu0002,,64,64,3.11.15,0.74,False,True,adam,True,2,20,hamqaoa,0.01,44,standard,2,2,42,scs,1e-06,100000,False,False,False,hog,False,True,False,False,False,False,True,1,HOG_graphs/random_graphs_8to14vertices_78instances_20260625_143415_AdjacencyList.txt,True,Results/warm_start_cache/experiment_3,512,60,0,32,1,1,100,100,5,3,5,1,42,25,"[(8, 9), (3, 9), (1, 3), (0, 1), (2, 7), (4, 7), (4, 6), (0, 6), (4, 9), (1, 5), (2, 8), (7, 8), (2, 5), (0, 5), (3, 6)]","[1.0, 1.0, 1.0, 1.0, 1.0, 1.0, 1.0, 1.0, 1.0, 1.0, 1.0, 1.0, 1.0, 1.0, 1.0]"
149c8016,10,28,1,25.0,False,True,"[1, 1, 1]",12.658576065675938,25.387301008679852,12.693650504339926,8.26491200191151,7.8832691463310995,7.897704475431594,8.848002044002435,0.6989729332980844,,0.026641845104951045,1.927236982246633,8.86132296655491,,0.7000252572311526,,,,140.91997838020325,7567.571949958801,True,7426.667370796204,0.015380382537841797,0.0,7426.667370796204,Results/warm_start_cache/experiment_3/random_graphs_8to14vertices_78instances_20260625_143415_AdjacencyList__filehash_a79662a0/hog_idx000024_c579f9d62b77_seed42_L2_M2_amplified.npz,140.95650053024292,2026-07-22 20:31:27,x86_64,dacsgpu0002,,64,64,3.11.15,0.5,False,False,adam,True,2,20,hamqaoa,0.01,44,standard,2,2,42,scs,1e-06,100000,False,False,False,hog,False,True,False,False,False,False,True,1,HOG_graphs/random_graphs_8to14vertices_78instances_20260625_143415_AdjacencyList.txt,True,Results/warm_start_cache/experiment_3,512,60,0,32,1,1,100,100,5,3,5,1,42,24,"[(2, 3), (3, 8), (2, 9), (4, 6), (4, 9), (7, 8), (0, 2), (0, 8), (1, 7), (6, 9), (5, 7), (3, 4), (2, 8), (3, 7), (2, 5), (8, 9), (1, 6), (0, 4), (1, 9), (0, 7), (6, 8), (5, 6), (2, 7), (0, 3), (1, 2), (1, 8), (0, 6), (0, 9)]","[1.0, 1.0, 1.0, 1.0, 1.0, 1.0, 1.0, 1.0, 1.0, 1.0, 1.0, 1.0, 1.0, 1.0, 1.0, 1.0, 1.0, 1.0, 1.0, 1.0, 1.0, 1.0, 1.0, 1.0, 1.0, 1.0, 1.0, 1.0]"
9e01e0dc,10,9,2,25.0,False,True,"[1, 1, 1]",6.271621605910759,12.573133918432692,6.286566959216346,3.6307990527747886,3.6991992707087884,3.235210737155572,3.3789328409496573,0.5387654187818259,,0.8716893560077548,1.1591335635959252,3.8147775189535347,,0.6082601532207006,,,,149.69527173042297,8881.312479019165,True,8731.62443971634,0.0072138309478759766,0.0,8731.62443971634,Results/warm_start_cache/experiment_3/random_graphs_8to14vertices_78instances_20260625_143415_AdjacencyList__filehash_a79662a0/hog_idx000022_edcec7e94746_seed42_L2_M2_amplified.npz,149.70783638954163,2026-07-22 20:31:30,x86_64,dacsgpu0002,,64,64,3.11.15,0.74,True,False,adam,True,2,20,hamqaoa,0.01,44,standard,2,2,42,scs,1e-06,100000,False,False,False,hog,False,True,False,False,False,False,True,1,HOG_graphs/random_graphs_8to14vertices_78instances_20260625_143415_AdjacencyList.txt,True,Results/warm_start_cache/experiment_3,512,60,0,32,1,1,100,100,5,3,5,1,42,22,"[(3, 9), (2, 3), (0, 7), (7, 9), (6, 8), (0, 6), (4, 9), (4, 5), (1, 7)]","[1.0, 1.0, 1.0, 1.0, 1.0, 1.0, 1.0, 1.0, 1.0]"
0c7ee8c7,10,15,1,25.0,False,True,"[1, 1, 1]",8.907724921400755,17.90484470869442,8.95242235434721,5.709489270655766,5.320341609329279,5.274598792671916,5.155952740906125,0.5788181366623681,,0.08850536428007238,-0.1487867392515092,5.200205423046161,,0.5837860361575266,,,,131.7282750606537,7473.428196668625,True,7341.709368944168,0.009429693222045898,0.0,7341.709368944168,Results/warm_start_cache/experiment_3/random_graphs_8to14vertices_78instances_20260625_143415_AdjacencyList__filehash_a79662a0/hog_idx000025_30d35430afb5_seed42_L2_M2_amplified.npz,131.76678013801575,2026-07-22 20:31:33,x86_64,dacsgpu0002,,64,64,3.11.15,0.5,False,True,adam,True,2,20,hamqaoa,0.01,44,standard,2,2,42,scs,1e-06,100000,False,False,False,hog,False,True,False,False,False,False,True,1,HOG_graphs/random_graphs_8to14vertices_78instances_20260625_143415_AdjacencyList.txt,True,Results/warm_start_cache/experiment_3,512,60,0,32,1,1,100,100,5,3,5,1,42,25,"[(8, 9), (3, 9), (1, 3), (0, 1), (2, 7), (4, 7), (4, 6), (0, 6), (4, 9), (1, 5), (2, 8), (7, 8), (2, 5), (0, 5), (3, 6)]","[1.0, 1.0, 1.0, 1.0, 1.0, 1.0, 1.0, 1.0, 1.0, 1.0, 1.0, 1.0, 1.0, 1.0, 1.0]"
f9a68572,10,28,2,25.0,False,True,"[1, 1, 1]",12.658576065675938,25.387301008679852,12.693650504339926,8.26491200191151,7.8832691463310995,7.897704475431594,8.848002044002435,0.6989729332980844,,0.0,1.900595137141682,8.848002044002435,,0.6989729332980844,,,,147.65846371650696,7574.309998750687,True,7426.667370796204,0.015819549560546875,0.0,7426.667370796204,Results/warm_start_cache/experiment_3/random_graphs_8to14vertices_78instances_20260625_143415_AdjacencyList__filehash_a79662a0/hog_idx000024_c579f9d62b77_seed42_L2_M2_amplified.npz,147.7032175064087,2026-07-22 20:31:34,x86_64,dacsgpu0002,,64,64,3.11.15,0.75,False,False,adam,True,2,20,hamqaoa,0.01,44,standard,2,2,42,scs,1e-06,100000,False,False,False,hog,False,True,False,False,False,False,True,1,HOG_graphs/random_graphs_8to14vertices_78instances_20260625_143415_AdjacencyList.txt,True,Results/warm_start_cache/experiment_3,512,60,0,32,1,1,100,100,5,3,5,1,42,24,"[(2, 3), (3, 8), (2, 9), (4, 6), (4, 9), (7, 8), (0, 2), (0, 8), (1, 7), (6, 9), (5, 7), (3, 4), (2, 8), (3, 7), (2, 5), (8, 9), (1, 6), (0, 4), (1, 9), (0, 7), (6, 8), (5, 6), (2, 7), (0, 3), (1, 2), (1, 8), (0, 6), (0, 9)]","[1.0, 1.0, 1.0, 1.0, 1.0, 1.0, 1.0, 1.0, 1.0, 1.0, 1.0, 1.0, 1.0, 1.0, 1.0, 1.0, 1.0, 1.0, 1.0, 1.0, 1.0, 1.0, 1.0, 1.0, 1.0, 1.0, 1.0, 1.0]"
5796d250,10,21,2,25.0,False,True,"[1, 1, 1]",10.158893971297971,20.8831794854,10.4415897427,6.708639760065432,6.252832969161957,6.526653422791099,6.416423145601758,0.6316064685516106,,1.506974318202417,1.286513763823736,7.169910304702967,,0.7057766647589973,,,,151.90857195854187,7267.833165645599,True,7115.932384252548,0.007774829864501953,0.0,7115.932384252548,Results/warm_start_cache/experiment_3/random_graphs_8to14vertices_78instances_20260625_143415_AdjacencyList__filehash_a79662a0/hog_idx000023_9df8db74bf84_seed42_L2_M2_amplified.npz,151.93286204338074,2026-07-22 20:31:35,x86_64,dacsgpu0002,,64,64,3.11.15,0.74,False,False,adam,True,2,20,hamqaoa,0.01,44,standard,2,2,42,scs,1e-06,100000,False,False,False,hog,False,True,False,False,False,False,True,1,HOG_graphs/random_graphs_8to14vertices_78instances_20260625_143415_AdjacencyList.txt,True,Results/warm_start_cache/experiment_3,512,60,0,32,1,1,100,100,5,3,5,1,42,23,"[(4, 6), (0, 5), (1, 7), (6, 9), (4, 5), (2, 5), (4, 8), (8, 9), (1, 3), (0, 1), (1, 6), (6, 8), (5, 9), (3, 6), (2, 4), (4, 7), (7, 9), (0, 6), (1, 5), (0, 9), (5, 8)]","[1.0, 1.0, 1.0, 1.0, 1.0, 1.0, 1.0, 1.0, 1.0, 1.0, 1.0, 1.0, 1.0, 1.0, 1.0, 1.0, 1.0, 1.0, 1.0, 1.0, 1.0]"
a3a639a9,10,15,2,25.0,False,True,"[1, 1, 1]",8.907724921400755,17.90484470869442,8.95242235434721,5.709489270655766,5.320341609329279,5.274598792671916,5.155952740906125,0.5788181366623681,,0.09655297196336221,-0.14073913156821938,5.204229226887806,,0.5842377568692851,,,,137.3598611354828,7479.026021003723,True,7341.709368944168,0.04319620132446289,0.0,7341.709368944168,Results/warm_start_cache/experiment_3/random_graphs_8to14vertices_78instances_20260625_143415_AdjacencyList__filehash_a79662a0/hog_idx000025_30d35430afb5_seed42_L2_M2_amplified.npz,137.40610909461975,2026-07-22 20:31:39,x86_64,dacsgpu0002,,64,64,3.11.15,0.75,False,True,adam,True,2,20,hamqaoa,0.01,44,standard,2,2,42,scs,1e-06,100000,False,False,False,hog,False,True,False,False,False,False,True,1,HOG_graphs/random_graphs_8to14vertices_78instances_20260625_143415_AdjacencyList.txt,True,Results/warm_start_cache/experiment_3,512,60,0,32,1,1,100,100,5,3,5,1,42,25,"[(8, 9), (3, 9), (1, 3), (0, 1), (2, 7), (4, 7), (4, 6), (0, 6), (4, 9), (1, 5), (2, 8), (7, 8), (2, 5), (0, 5), (3, 6)]","[1.0, 1.0, 1.0, 1.0, 1.0, 1.0, 1.0, 1.0, 1.0, 1.0, 1.0, 1.0, 1.0, 1.0, 1.0]"
f04571ce,10,9,1,50.0,False,True,"[1, 1, 1]",6.271621605910759,12.573133918432692,6.286566959216346,3.6307990527747886,3.6991992707087884,3.235210737155572,3.3789328409496573,0.5387654187818259,,0.5799578309069853,0.8674020384951557,3.66891175640315,,0.5850020914758862,,,,159.20250964164734,8890.780093193054,True,8731.62443971634,0.04683947563171387,0.0,8731.62443971634,Results/warm_start_cache/experiment_3/random_graphs_8to14vertices_78instances_20260625_143415_AdjacencyList__filehash_a79662a0/hog_idx000022_edcec7e94746_seed42_L2_M2_amplified.npz,159.2257125377655,2026-07-22 20:31:39,x86_64,dacsgpu0002,,64,64,3.11.15,0.5,True,False,adam,True,2,20,hamqaoa,0.01,44,standard,2,2,42,scs,1e-06,100000,False,False,False,hog,False,True,False,False,False,False,True,1,HOG_graphs/random_graphs_8to14vertices_78instances_20260625_143415_AdjacencyList.txt,True,Results/warm_start_cache/experiment_3,512,60,0,32,1,1,100,100,5,3,5,1,42,22,"[(3, 9), (2, 3), (0, 7), (7, 9), (6, 8), (0, 6), (4, 9), (4, 5), (1, 7)]","[1.0, 1.0, 1.0, 1.0, 1.0, 1.0, 1.0, 1.0, 1.0]"
1ac4c6b3,10,21,1,50.0,False,True,"[1, 1, 1]",10.158893971297971,20.8831794854,10.4415897427,6.708639760065432,6.252832969161957,6.526653422791099,6.416423145601758,0.6316064685516106,,0.0,-0.22046055437868084,6.416423145601758,,0.6316064685516106,,,,158.44174909591675,7274.3572816848755,True,7115.932384252548,0.016838550567626953,0.0,7115.932384252548,Results/warm_start_cache/experiment_3/random_graphs_8to14vertices_78instances_20260625_143415_AdjacencyList__filehash_a79662a0/hog_idx000023_9df8db74bf84_seed42_L2_M2_amplified.npz,158.48272919654846,2026-07-22 20:31:42,x86_64,dacsgpu0002,,64,64,3.11.15,0.5,False,False,adam,True,2,20,hamqaoa,0.01,44,standard,2,2,42,scs,1e-06,100000,False,False,False,hog,False,True,False,False,False,False,True,1,HOG_graphs/random_graphs_8to14vertices_78instances_20260625_143415_AdjacencyList.txt,True,Results/warm_start_cache/experiment_3,512,60,0,32,1,1,100,100,5,3,5,1,42,23,"[(4, 6), (0, 5), (1, 7), (6, 9), (4, 5), (2, 5), (4, 8), (8, 9), (1, 3), (0, 1), (1, 6), (6, 8), (5, 9), (3, 6), (2, 4), (4, 7), (7, 9), (0, 6), (1, 5), (0, 9), (5, 8)]","[1.0, 1.0, 1.0, 1.0, 1.0, 1.0, 1.0, 1.0, 1.0, 1.0, 1.0, 1.0, 1.0, 1.0, 1.0, 1.0, 1.0, 1.0, 1.0, 1.0, 1.0]"
07c8dfc0,10,28,1,50.0,False,True,"[1, 1, 1]",12.658576065675938,25.387301008679852,12.693650504339926,8.26491200191151,7.8832691463310995,7.897704475431594,8.848002044002435,0.6989729332980844,,0.0705573090590903,1.9711524462007723,8.88328069853198,,0.7017598703395423,,,,156.1319398880005,7582.780767917633,True,7426.667370796204,0.01853013038635254,0.0,7426.667370796204,Results/warm_start_cache/experiment_3/random_graphs_8to14vertices_78instances_20260625_143415_AdjacencyList__filehash_a79662a0/hog_idx000024_c579f9d62b77_seed42_L2_M2_amplified.npz,156.14756536483765,2026-07-22 20:31:44,x86_64,dacsgpu0002,,64,64,3.11.15,0.51,False,False,adam,True,2,20,hamqaoa,0.01,44,standard,2,2,42,scs,1e-06,100000,False,False,False,hog,False,True,False,False,False,False,True,1,HOG_graphs/random_graphs_8to14vertices_78instances_20260625_143415_AdjacencyList.txt,True,Results/warm_start_cache/experiment_3,512,60,0,32,1,1,100,100,5,3,5,1,42,24,"[(2, 3), (3, 8), (2, 9), (4, 6), (4, 9), (7, 8), (0, 2), (0, 8), (1, 7), (6, 9), (5, 7), (3, 4), (2, 8), (3, 7), (2, 5), (8, 9), (1, 6), (0, 4), (1, 9), (0, 7), (6, 8), (5, 6), (2, 7), (0, 3), (1, 2), (1, 8), (0, 6), (0, 9)]","[1.0, 1.0, 1.0, 1.0, 1.0, 1.0, 1.0, 1.0, 1.0, 1.0, 1.0, 1.0, 1.0, 1.0, 1.0, 1.0, 1.0, 1.0, 1.0, 1.0, 1.0, 1.0, 1.0, 1.0, 1.0, 1.0, 1.0, 1.0]"
536b0aeb,10,9,2,50.0,False,True,"[1, 1, 1]",6.271621605910759,12.573133918432692,6.286566959216346,3.6307990527747886,3.6991992707087884,3.235210737155572,3.3789328409496573,0.5387654187818259,,0.7171919424754165,1.004636150063587,3.7375288121873655,,0.5959429709000444,,,,165.3056619167328,8896.924450159073,True,8731.62443971634,0.0056400299072265625,0.0,8731.62443971634,Results/warm_start_cache/experiment_3/random_graphs_8to14vertices_78instances_20260625_143415_AdjacencyList__filehash_a79662a0/hog_idx000022_edcec7e94746_seed42_L2_M2_amplified.npz,165.31532096862793,2026-07-22 20:31:46,x86_64,dacsgpu0002,,64,64,3.11.15,0.75,True,False,adam,True,2,20,hamqaoa,0.01,44,standard,2,2,42,scs,1e-06,100000,False,False,False,hog,False,True,False,False,False,False,True,1,HOG_graphs/random_graphs_8to14vertices_78instances_20260625_143415_AdjacencyList.txt,True,Results/warm_start_cache/experiment_3,512,60,0,32,1,1,100,100,5,3,5,1,42,22,"[(3, 9), (2, 3), (0, 7), (7, 9), (6, 8), (0, 6), (4, 9), (4, 5), (1, 7)]","[1.0, 1.0, 1.0, 1.0, 1.0, 1.0, 1.0, 1.0, 1.0]"
7d341750,10,15,1,50.0,False,True,"[1, 1, 1]",8.907724921400755,17.90484470869442,8.95242235434721,5.709489270655766,5.320341609329279,5.274598792671916,5.155952740906125,0.5788181366623681,,0.2883694785940243,0.0510773750624427,5.300137480203137,,0.5950046198069711,,,,141.2170159816742,7482.904835700989,True,7341.709368944168,0.021536827087402344,0.0,7341.709368944168,Results/warm_start_cache/experiment_3/random_graphs_8to14vertices_78instances_20260625_143415_AdjacencyList__filehash_a79662a0/hog_idx000025_30d35430afb5_seed42_L2_M2_amplified.npz,141.25097942352295,2026-07-22 20:31:48,x86_64,dacsgpu0002,,64,64,3.11.15,0.51,False,True,adam,True,2,20,hamqaoa,0.01,44,standard,2,2,42,scs,1e-06,100000,False,False,False,hog,False,True,False,False,False,False,True,1,HOG_graphs/random_graphs_8to14vertices_78instances_20260625_143415_AdjacencyList.txt,True,Results/warm_start_cache/experiment_3,512,60,0,32,1,1,100,100,5,3,5,1,42,25,"[(8, 9), (3, 9), (1, 3), (0, 1), (2, 7), (4, 7), (4, 6), (0, 6), (4, 9), (1, 5), (2, 8), (7, 8), (2, 5), (0, 5), (3, 6)]","[1.0, 1.0, 1.0, 1.0, 1.0, 1.0, 1.0, 1.0, 1.0, 1.0, 1.0, 1.0, 1.0, 1.0, 1.0]"
5c22d305,10,21,2,50.0,False,True,"[1, 1, 1]",10.158893971297971,20.8831794854,10.4415897427,6.708639760065432,6.252832969161957,6.526653422791099,6.416423145601758,0.6316064685516106,,0.9919356238249364,0.7714750694462555,6.912390957514226,,0.680427512782777,,,,164.69333052635193,7280.597509384155,True,7115.932384252548,0.028193950653076172,0.0,7115.932384252548,Results/warm_start_cache/experiment_3/random_graphs_8to14vertices_78instances_20260625_143415_AdjacencyList__filehash_a79662a0/hog_idx000023_9df8db74bf84_seed42_L2_M2_amplified.npz,164.71360421180725,2026-07-22 20:31:49,x86_64,dacsgpu0002,,64,64,3.11.15,0.75,False,False,adam,True,2,20,hamqaoa,0.01,44,standard,2,2,42,scs,1e-06,100000,False,False,False,hog,False,True,False,False,False,False,True,1,HOG_graphs/random_graphs_8to14vertices_78instances_20260625_143415_AdjacencyList.txt,True,Results/warm_start_cache/experiment_3,512,60,0,32,1,1,100,100,5,3,5,1,42,23,"[(4, 6), (0, 5), (1, 7), (6, 9), (4, 5), (2, 5), (4, 8), (8, 9), (1, 3), (0, 1), (1, 6), (6, 8), (5, 9), (3, 6), (2, 4), (4, 7), (7, 9), (0, 6), (1, 5), (0, 9), (5, 8)]","[1.0, 1.0, 1.0, 1.0, 1.0, 1.0, 1.0, 1.0, 1.0, 1.0, 1.0, 1.0, 1.0, 1.0, 1.0, 1.0, 1.0, 1.0, 1.0, 1.0, 1.0]"
d212a533,10,28,2,50.0,False,True,"[1, 1, 1]",12.658576065675938,25.387301008679852,12.693650504339926,8.26491200191151,7.8832691463310995,7.897704475431594,8.848002044002435,0.6989729332980844,,0.0,1.900595137141682,8.848002044002435,,0.6989729332980844,,,,162.21319723129272,7588.835637807846,True,7426.667370796204,0.04491853713989258,0.0,7426.667370796204,Results/warm_start_cache/experiment_3/random_graphs_8to14vertices_78instances_20260625_143415_AdjacencyList__filehash_a79662a0/hog_idx000024_c579f9d62b77_seed42_L2_M2_amplified.npz,162.23051166534424,2026-07-22 20:31:50,x86_64,dacsgpu0002,,64,64,3.11.15,0.75,False,False,adam,True,2,20,hamqaoa,0.01,44,standard,2,2,42,scs,1e-06,100000,False,False,False,hog,False,True,False,False,False,False,True,1,HOG_graphs/random_graphs_8to14vertices_78instances_20260625_143415_AdjacencyList.txt,True,Results/warm_start_cache/experiment_3,512,60,0,32,1,1,100,100,5,3,5,1,42,24,"[(2, 3), (3, 8), (2, 9), (4, 6), (4, 9), (7, 8), (0, 2), (0, 8), (1, 7), (6, 9), (5, 7), (3, 4), (2, 8), (3, 7), (2, 5), (8, 9), (1, 6), (0, 4), (1, 9), (0, 7), (6, 8), (5, 6), (2, 7), (0, 3), (1, 2), (1, 8), (0, 6), (0, 9)]","[1.0, 1.0, 1.0, 1.0, 1.0, 1.0, 1.0, 1.0, 1.0, 1.0, 1.0, 1.0, 1.0, 1.0, 1.0, 1.0, 1.0, 1.0, 1.0, 1.0, 1.0, 1.0, 1.0, 1.0, 1.0, 1.0, 1.0, 1.0]"
6ebdbf0b,10,25,1,5.0,False,True,"[1, 1, 1]",12.11824304459066,24.34424768633666,12.17212384316833,8.1544874867105,7.456747770897083,7.818424777147496,7.094698695346376,0.5854560491352174,,0.5490078813063857,-0.8984442822958538,7.369202635999569,,0.6081081728501091,,,,108.86305093765259,7492.659312009811,True,7383.804226636887,0.007946014404296875,0.0,7383.804226636887,Results/warm_start_cache/experiment_3/random_graphs_8to14vertices_78instances_20260625_143415_AdjacencyList__filehash_a79662a0/hog_idx000027_37c8067fe35f_seed42_L2_M2_amplified.npz,108.87374639511108,2026-07-22 20:37:52,x86_64,dacsgpu0002,,64,64,3.11.15,0.5,False,False,adam,True,2,20,hamqaoa,0.01,44,standard,2,2,42,scs,1e-06,100000,False,False,False,hog,False,True,False,False,False,False,True,1,HOG_graphs/random_graphs_8to14vertices_78instances_20260625_143415_AdjacencyList.txt,True,Results/warm_start_cache/experiment_3,512,60,0,32,1,1,100,100,5,3,5,1,42,27,"[(2, 6), (2, 9), (4, 6), (7, 8), (0, 5), (1, 7), (6, 9), (3, 4), (2, 8), (4, 5), (2, 5), (4, 8), (1, 3), (0, 1), (1, 9), (0, 7), (6, 8), (3, 6), (3, 9), (2, 7), (4, 7), (0, 3), (1, 5), (0, 9), (5, 8)]","[1.0, 1.0, 1.0, 1.0, 1.0, 1.0, 1.0, 1.0, 1.0, 1.0, 1.0, 1.0, 1.0, 1.0, 1.0, 1.0, 1.0, 1.0, 1.0, 1.0, 1.0, 1.0, 1.0, 1.0, 1.0]"
585aa3e7,10,20,1,5.0,False,True,"[1, 1, 1]",10.572568715049329,21.32303914361655,10.661519571808276,6.99471648794708,6.400215099850539,6.6655358158878295,4.788530955348888,0.45292029632616543,,0.6291297772446764,-3.124879943833207,5.103095843971226,,0.4826732255433174,,,,114.20757532119751,7218.441596746445,True,7104.240926265717,0.006886720657348633,0.0,7104.240926265717,Results/warm_start_cache/experiment_3/random_graphs_8to14vertices_78instances_20260625_143415_AdjacencyList__filehash_a79662a0/hog_idx000026_c05f88fc6e70_seed42_L2_M2_amplified.npz,114.2172920703888,2026-07-22 20:37:57,x86_64,dacsgpu0002,,64,64,3.11.15,0.5,False,False,adam,True,2,20,hamqaoa,0.01,44,standard,2,2,42,scs,1e-06,100000,False,False,False,hog,False,True,False,False,False,False,True,1,HOG_graphs/random_graphs_8to14vertices_78instances_20260625_143415_AdjacencyList.txt,True,Results/warm_start_cache/experiment_3,512,60,0,32,1,1,100,100,5,3,5,1,42,26,"[(2, 3), (2, 6), (3, 5), (2, 9), (7, 8), (1, 4), (0, 2), (0, 8), (1, 7), (5, 7), (3, 4), (4, 5), (4, 8), (8, 9), (1, 3), (1, 9), (5, 6), (0, 6), (0, 9), (6, 7)]","[1.0, 1.0, 1.0, 1.0, 1.0, 1.0, 1.0, 1.0, 1.0, 1.0, 1.0, 1.0, 1.0, 1.0, 1.0, 1.0, 1.0, 1.0, 1.0, 1.0]"
eb2c7fdf,10,21,1,5.0,False,True,"[1, 1, 1]",10.728389772882371,21.53806010303666,10.76903005151833,6.414864972090608,6.570702775798184,6.025932736742903,6.392332811378727,0.59583338662213,,1.0857236192915352,1.8185237685631837,6.935194621024495,,0.6464338794396014,,,,115.87621998786926,7358.646599531174,True,7242.810950040817,0.04055356979370117,0.0,7242.810950040817,Results/warm_start_cache/experiment_3/random_graphs_8to14vertices_78instances_20260625_143415_AdjacencyList__filehash_a79662a0/hog_idx000029_6ab61980f5b9_seed42_L2_M2_amplified.npz,115.90936517715454,2026-07-22 20:38:00,x86_64,dacsgpu0002,,64,64,3.11.15,0.5,False,False,adam,True,2,20,hamqaoa,0.01,44,standard,2,2,42,scs,1e-06,100000,False,False,False,hog,False,True,False,False,False,False,True,1,HOG_graphs/random_graphs_8to14vertices_78instances_20260625_143415_AdjacencyList.txt,True,Results/warm_start_cache/experiment_3,512,60,0,32,1,1,100,100,5,3,5,1,42,29,"[(4, 6), (4, 9), (7, 8), (0, 5), (1, 4), (0, 2), (5, 7), (3, 7), (2, 5), (4, 8), (0, 1), (0, 4), (6, 8), (5, 6), (2, 4), (3, 9), (4, 7), (0, 3), (0, 6), (1, 5), (0, 9)]","[1.0, 1.0, 1.0, 1.0, 1.0, 1.0, 1.0, 1.0, 1.0, 1.0, 1.0, 1.0, 1.0, 1.0, 1.0, 1.0, 1.0, 1.0, 1.0, 1.0, 1.0]"
f7ee5cc1,10,16,1,5.0,False,True,"[1, 1, 1]",8.15217594877853,16.596287892396532,8.298143946198266,5.695667399002045,4.992461100010826,5.531723217135096,4.781796940557886,0.5865669448994608,,1.3386251443640518,-0.1612274087903689,5.451109512739912,,0.668669266584791,,,,118.11176013946533,8175.380595207214,True,8057.275047540665,0.006195068359375,0.0,8057.275047540665,Results/warm_start_cache/experiment_3/random_graphs_8to14vertices_78instances_20260625_143415_AdjacencyList__filehash_a79662a0/hog_idx000028_2372fdc40c8a_seed42_L2_M2_amplified.npz,118.12560892105103,2026-07-22 20:38:01,x86_64,dacsgpu0002,,64,64,3.11.15,0.51,False,False,adam,True,2,20,hamqaoa,0.01,44,standard,2,2,42,scs,1e-06,100000,False,False,False,hog,False,True,False,False,False,False,True,1,HOG_graphs/random_graphs_8to14vertices_78instances_20260625_143415_AdjacencyList.txt,True,Results/warm_start_cache/experiment_3,512,60,0,32,1,1,100,100,5,3,5,1,42,28,"[(3, 9), (1, 3), (0, 1), (0, 4), (3, 8), (5, 7), (7, 9), (0, 3), (1, 8), (0, 6), (1, 5), (3, 7), (0, 5), (1, 4), (0, 2), (3, 6)]","[1.0, 1.0, 1.0, 1.0, 1.0, 1.0, 1.0, 1.0, 1.0, 1.0, 1.0, 1.0, 1.0, 1.0, 1.0, 1.0]"
b477f3d9,10,25,1,10.0,False,True,"[1, 1, 1]",12.11824304459066,24.34424768633666,12.17212384316833,8.1544874867105,7.456747770897083,7.818424777147496,7.094698695346376,0.5854560491352174,,0.5501433164602236,-0.8973088471420159,7.369770353576488,,0.6081550210256103,,,,123.24315404891968,7507.040521144867,True,7383.804226636887,0.006840944290161133,0.0,7383.804226636887,Results/warm_start_cache/experiment_3/random_graphs_8to14vertices_78instances_20260625_143415_AdjacencyList__filehash_a79662a0/hog_idx000027_37c8067fe35f_seed42_L2_M2_amplified.npz,123.25356698036194,2026-07-22 20:38:06,x86_64,dacsgpu0002,,64,64,3.11.15,0.5,False,False,adam,True,2,20,hamqaoa,0.01,44,standard,2,2,42,scs,1e-06,100000,False,False,False,hog,False,True,False,False,False,False,True,1,HOG_graphs/random_graphs_8to14vertices_78instances_20260625_143415_AdjacencyList.txt,True,Results/warm_start_cache/experiment_3,512,60,0,32,1,1,100,100,5,3,5,1,42,27,"[(2, 6), (2, 9), (4, 6), (7, 8), (0, 5), (1, 7), (6, 9), (3, 4), (2, 8), (4, 5), (2, 5), (4, 8), (1, 3), (0, 1), (1, 9), (0, 7), (6, 8), (3, 6), (3, 9), (2, 7), (4, 7), (0, 3), (1, 5), (0, 9), (5, 8)]","[1.0, 1.0, 1.0, 1.0, 1.0, 1.0, 1.0, 1.0, 1.0, 1.0, 1.0, 1.0, 1.0, 1.0, 1.0, 1.0, 1.0, 1.0, 1.0, 1.0, 1.0, 1.0, 1.0, 1.0, 1.0]"
ca46a285,10,16,1,10.0,False,True,"[1, 1, 1]",8.15217594877853,16.596287892396532,8.298143946198266,5.695667399002045,4.992461100010826,5.531723217135096,4.781796940557886,0.5865669448994608,,1.3561990303146079,-0.1436535228398128,5.45989645571519,,0.6697471313205975,,,,125.70275950431824,8182.9724860191345,True,8057.275047540665,0.005297660827636719,0.0,8057.275047540665,Results/warm_start_cache/experiment_3/random_graphs_8to14vertices_78instances_20260625_143415_AdjacencyList__filehash_a79662a0/hog_idx000028_2372fdc40c8a_seed42_L2_M2_amplified.npz,125.71456170082092,2026-07-22 20:38:08,x86_64,dacsgpu0002,,64,64,3.11.15,0.5,False,False,adam,True,2,20,hamqaoa,0.01,44,standard,2,2,42,scs,1e-06,100000,False,False,False,hog,False,True,False,False,False,False,True,1,HOG_graphs/random_graphs_8to14vertices_78instances_20260625_143415_AdjacencyList.txt,True,Results/warm_start_cache/experiment_3,512,60,0,32,1,1,100,100,5,3,5,1,42,28,"[(3, 9), (1, 3), (0, 1), (0, 4), (3, 8), (5, 7), (7, 9), (0, 3), (1, 8), (0, 6), (1, 5), (3, 7), (0, 5), (1, 4), (0, 2), (3, 6)]","[1.0, 1.0, 1.0, 1.0, 1.0, 1.0, 1.0, 1.0, 1.0, 1.0, 1.0, 1.0, 1.0, 1.0, 1.0, 1.0]"
c5bf3eb8,10,16,2,5.0,False,True,"[1, 1, 1]",8.15217594877853,16.596287892396532,8.298143946198266,5.695667399002045,4.992461100010826,5.531723217135096,4.781796940557886,0.5865669448994608,,1.2051448135341403,-0.2947077396202804,5.384369347324956,,0.6604824750049361,,,,127.74638199806213,8185.0139055252075,True,8057.275047540665,0.0075016021728515625,0.0,8057.275047540665,Results/warm_start_cache/experiment_3/random_graphs_8to14vertices_78instances_20260625_143415_AdjacencyList__filehash_a79662a0/hog_idx000028_2372fdc40c8a_seed42_L2_M2_amplified.npz,127.76142835617065,2026-07-22 20:38:10,x86_64,dacsgpu0002,,64,64,3.11.15,0.74,False,False,adam,True,2,20,hamqaoa,0.01,44,standard,2,2,42,scs,1e-06,100000,False,False,False,hog,False,True,False,False,False,False,True,1,HOG_graphs/random_graphs_8to14vertices_78instances_20260625_143415_AdjacencyList.txt,True,Results/warm_start_cache/experiment_3,512,60,0,32,1,1,100,100,5,3,5,1,42,28,"[(3, 9), (1, 3), (0, 1), (0, 4), (3, 8), (5, 7), (7, 9), (0, 3), (1, 8), (0, 6), (1, 5), (3, 7), (0, 5), (1, 4), (0, 2), (3, 6)]","[1.0, 1.0, 1.0, 1.0, 1.0, 1.0, 1.0, 1.0, 1.0, 1.0, 1.0, 1.0, 1.0, 1.0, 1.0, 1.0]"
e7ef94fa,10,20,1,10.0,False,True,"[1, 1, 1]",10.572568715049329,21.32303914361655,10.661519571808276,6.99471648794708,6.400215099850539,6.6655358158878295,4.788530955348888,0.45292029632616543,,0.6641699873976759,-3.0898397336802077,5.120615949047726,,0.48433035405661434,,,,128.02541995048523,7232.256134271622,True,7104.240926265717,0.01019287109375,0.0,7104.240926265717,Results/warm_start_cache/experiment_3/random_graphs_8to14vertices_78instances_20260625_143415_AdjacencyList__filehash_a79662a0/hog_idx000026_c05f88fc6e70_seed42_L2_M2_amplified.npz,128.04322719573975,2026-07-22 20:38:11,x86_64,dacsgpu0002,,64,64,3.11.15,0.5,False,False,adam,True,2,20,hamqaoa,0.01,44,standard,2,2,42,scs,1e-06,100000,False,False,False,hog,False,True,False,False,False,False,True,1,HOG_graphs/random_graphs_8to14vertices_78instances_20260625_143415_AdjacencyList.txt,True,Results/warm_start_cache/experiment_3,512,60,0,32,1,1,100,100,5,3,5,1,42,26,"[(2, 3), (2, 6), (3, 5), (2, 9), (7, 8), (1, 4), (0, 2), (0, 8), (1, 7), (5, 7), (3, 4), (4, 5), (4, 8), (8, 9), (1, 3), (1, 9), (5, 6), (0, 6), (0, 9), (6, 7)]","[1.0, 1.0, 1.0, 1.0, 1.0, 1.0, 1.0, 1.0, 1.0, 1.0, 1.0, 1.0, 1.0, 1.0, 1.0, 1.0, 1.0, 1.0, 1.0, 1.0]"
4e9d146b,10,25,2,5.0,False,True,"[1, 1, 1]",12.11824304459066,24.34424768633666,12.17212384316833,8.1544874867105,7.456747770897083,7.818424777147496,7.094698695346376,0.5854560491352174,,0.34557972000181714,-1.1018724436004224,7.267488555347285,,0.5997147052262948,,,,128.07515215873718,7511.871951580048,True,7383.804226636887,0.0074100494384765625,0.0,7383.804226636887,Results/warm_start_cache/experiment_3/random_graphs_8to14vertices_78instances_20260625_143415_AdjacencyList__filehash_a79662a0/hog_idx000027_37c8067fe35f_seed42_L2_M2_amplified.npz,128.08560490608215,2026-07-22 20:38:11,x86_64,dacsgpu0002,,64,64,3.11.15,0.75,False,False,adam,True,2,20,hamqaoa,0.01,44,standard,2,2,42,scs,1e-06,100000,False,False,False,hog,False,True,False,False,False,False,True,1,HOG_graphs/random_graphs_8to14vertices_78instances_20260625_143415_AdjacencyList.txt,True,Results/warm_start_cache/experiment_3,512,60,0,32,1,1,100,100,5,3,5,1,42,27,"[(2, 6), (2, 9), (4, 6), (7, 8), (0, 5), (1, 7), (6, 9), (3, 4), (2, 8), (4, 5), (2, 5), (4, 8), (1, 3), (0, 1), (1, 9), (0, 7), (6, 8), (3, 6), (3, 9), (2, 7), (4, 7), (0, 3), (1, 5), (0, 9), (5, 8)]","[1.0, 1.0, 1.0, 1.0, 1.0, 1.0, 1.0, 1.0, 1.0, 1.0, 1.0, 1.0, 1.0, 1.0, 1.0, 1.0, 1.0, 1.0, 1.0, 1.0, 1.0, 1.0, 1.0, 1.0, 1.0]"
5f9d5e02,10,21,2,5.0,False,True,"[1, 1, 1]",10.728389772882371,21.53806010303666,10.76903005151833,6.414864972090608,6.570702775798184,6.025932736742903,6.392332811378727,0.59583338662213,,1.7763568394002505e-15,0.7328001492716503,6.392332811378728,,0.59583338662213,,,,126.46030831336975,7369.258010387421,True,7242.810950040817,0.013229846954345703,0.0,7242.810950040817,Results/warm_start_cache/experiment_3/random_graphs_8to14vertices_78instances_20260625_143415_AdjacencyList__filehash_a79662a0/hog_idx000029_6ab61980f5b9_seed42_L2_M2_amplified.npz,126.50465822219849,2026-07-22 20:38:11,x86_64,dacsgpu0002,,64,64,3.11.15,0.75,False,False,adam,True,2,20,hamqaoa,0.01,44,standard,2,2,42,scs,1e-06,100000,False,False,False,hog,False,True,False,False,False,False,True,1,HOG_graphs/random_graphs_8to14vertices_78instances_20260625_143415_AdjacencyList.txt,True,Results/warm_start_cache/experiment_3,512,60,0,32,1,1,100,100,5,3,5,1,42,29,"[(4, 6), (4, 9), (7, 8), (0, 5), (1, 4), (0, 2), (5, 7), (3, 7), (2, 5), (4, 8), (0, 1), (0, 4), (6, 8), (5, 6), (2, 4), (3, 9), (4, 7), (0, 3), (0, 6), (1, 5), (0, 9)]","[1.0, 1.0, 1.0, 1.0, 1.0, 1.0, 1.0, 1.0, 1.0, 1.0, 1.0, 1.0, 1.0, 1.0, 1.0, 1.0, 1.0, 1.0, 1.0, 1.0, 1.0]"
a8740f94,10,20,2,5.0,False,True,"[1, 1, 1]",10.572568715049329,21.32303914361655,10.661519571808276,6.99471648794708,6.400215099850539,6.6655358158878295,4.788530955348888,0.45292029632616543,,2.0009267022633246,-1.753083018814559,5.78899430648055,,0.5475485156450497,,,,132.11779713630676,7236.352126836777,True,7104.240926265717,0.006575107574462891,0.0,7104.240926265717,Results/warm_start_cache/experiment_3/random_graphs_8to14vertices_78instances_20260625_143415_AdjacencyList__filehash_a79662a0/hog_idx000026_c05f88fc6e70_seed42_L2_M2_amplified.npz,132.12578082084656,2026-07-22 20:38:15,x86_64,dacsgpu0002,,64,64,3.11.15,0.74,False,False,adam,True,2,20,hamqaoa,0.01,44,standard,2,2,42,scs,1e-06,100000,False,False,False,hog,False,True,False,False,False,False,True,1,HOG_graphs/random_graphs_8to14vertices_78instances_20260625_143415_AdjacencyList.txt,True,Results/warm_start_cache/experiment_3,512,60,0,32,1,1,100,100,5,3,5,1,42,26,"[(2, 3), (2, 6), (3, 5), (2, 9), (7, 8), (1, 4), (0, 2), (0, 8), (1, 7), (5, 7), (3, 4), (4, 5), (4, 8), (8, 9), (1, 3), (1, 9), (5, 6), (0, 6), (0, 9), (6, 7)]","[1.0, 1.0, 1.0, 1.0, 1.0, 1.0, 1.0, 1.0, 1.0, 1.0, 1.0, 1.0, 1.0, 1.0, 1.0, 1.0, 1.0, 1.0, 1.0, 1.0]"
5ff5b29e,10,21,1,10.0,False,True,"[1, 1, 1]",10.728389772882371,21.53806010303666,10.76903005151833,6.414864972090608,6.570702775798184,6.025932736742903,6.392332811378727,0.59583338662213,,1.0489493524724463,1.7817495017440947,6.916807487614951,,0.6447200030985292,,,,130.51257133483887,7373.313254833221,True,7242.810950040817,0.010250329971313477,0.0,7242.810950040817,Results/warm_start_cache/experiment_3/random_graphs_8to14vertices_78instances_20260625_143415_AdjacencyList__filehash_a79662a0/hog_idx000029_6ab61980f5b9_seed42_L2_M2_amplified.npz,130.54642868041992,2026-07-22 20:38:15,x86_64,dacsgpu0002,,64,64,3.11.15,0.5,False,False,adam,True,2,20,hamqaoa,0.01,44,standard,2,2,42,scs,1e-06,100000,False,False,False,hog,False,True,False,False,False,False,True,1,HOG_graphs/random_graphs_8to14vertices_78instances_20260625_143415_AdjacencyList.txt,True,Results/warm_start_cache/experiment_3,512,60,0,32,1,1,100,100,5,3,5,1,42,29,"[(4, 6), (4, 9), (7, 8), (0, 5), (1, 4), (0, 2), (5, 7), (3, 7), (2, 5), (4, 8), (0, 1), (0, 4), (6, 8), (5, 6), (2, 4), (3, 9), (4, 7), (0, 3), (0, 6), (1, 5), (0, 9)]","[1.0, 1.0, 1.0, 1.0, 1.0, 1.0, 1.0, 1.0, 1.0, 1.0, 1.0, 1.0, 1.0, 1.0, 1.0, 1.0, 1.0, 1.0, 1.0, 1.0, 1.0]"
bfa74ead,10,20,2,10.0,False,True,"[1, 1, 1]",10.572568715049329,21.32303914361655,10.661519571808276,6.99471648794708,6.400215099850539,6.6655358158878295,4.788530955348888,0.45292029632616543,,0.8175414190421613,-2.9364683020357223,5.197301664869968,,0.4915836259803131,,,,138.8783094882965,7243.113905906677,True,7104.240926265717,0.005312681198120117,0.0,7104.240926265717,Results/warm_start_cache/experiment_3/random_graphs_8to14vertices_78instances_20260625_143415_AdjacencyList__filehash_a79662a0/hog_idx000026_c05f88fc6e70_seed42_L2_M2_amplified.npz,138.88536071777344,2026-07-22 20:38:22,x86_64,dacsgpu0002,,64,64,3.11.15,0.74,False,False,adam,True,2,20,hamqaoa,0.01,44,standard,2,2,42,scs,1e-06,100000,False,False,False,hog,False,True,False,False,False,False,True,1,HOG_graphs/random_graphs_8to14vertices_78instances_20260625_143415_AdjacencyList.txt,True,Results/warm_start_cache/experiment_3,512,60,0,32,1,1,100,100,5,3,5,1,42,26,"[(2, 3), (2, 6), (3, 5), (2, 9), (7, 8), (1, 4), (0, 2), (0, 8), (1, 7), (5, 7), (3, 4), (4, 5), (4, 8), (8, 9), (1, 3), (1, 9), (5, 6), (0, 6), (0, 9), (6, 7)]","[1.0, 1.0, 1.0, 1.0, 1.0, 1.0, 1.0, 1.0, 1.0, 1.0, 1.0, 1.0, 1.0, 1.0, 1.0, 1.0, 1.0, 1.0, 1.0, 1.0]"
c6ac5d66,10,21,2,10.0,False,True,"[1, 1, 1]",10.728389772882371,21.53806010303666,10.76903005151833,6.414864972090608,6.570702775798184,6.025932736742903,6.392332811378727,0.59583338662213,,1.7861958635906916,2.51899601286234,7.285430743174073,,0.679079610025831,,,,138.09801650047302,7380.889765739441,True,7242.810950040817,0.01917719841003418,0.0,7242.810950040817,Results/warm_start_cache/experiment_3/random_graphs_8to14vertices_78instances_20260625_143415_AdjacencyList__filehash_a79662a0/hog_idx000029_6ab61980f5b9_seed42_L2_M2_amplified.npz,138.12035632133484,2026-07-22 20:38:23,x86_64,dacsgpu0002,,64,64,3.11.15,0.74,False,False,adam,True,2,20,hamqaoa,0.01,44,standard,2,2,42,scs,1e-06,100000,False,False,False,hog,False,True,False,False,False,False,True,1,HOG_graphs/random_graphs_8to14vertices_78instances_20260625_143415_AdjacencyList.txt,True,Results/warm_start_cache/experiment_3,512,60,0,32,1,1,100,100,5,3,5,1,42,29,"[(4, 6), (4, 9), (7, 8), (0, 5), (1, 4), (0, 2), (5, 7), (3, 7), (2, 5), (4, 8), (0, 1), (0, 4), (6, 8), (5, 6), (2, 4), (3, 9), (4, 7), (0, 3), (0, 6), (1, 5), (0, 9)]","[1.0, 1.0, 1.0, 1.0, 1.0, 1.0, 1.0, 1.0, 1.0, 1.0, 1.0, 1.0, 1.0, 1.0, 1.0, 1.0, 1.0, 1.0, 1.0, 1.0, 1.0]"
a7e06ac8,10,25,2,10.0,False,True,"[1, 1, 1]",12.11824304459066,24.34424768633666,12.17212384316833,8.1544874867105,7.456747770897083,7.818424777147496,7.094698695346376,0.5854560491352174,,0.5355809606097033,-0.9118712029925362,7.362489175651228,,0.6075541766706598,,,,141.35726070404053,7525.154023170471,True,7383.804226636887,0.007446765899658203,0.0,7383.804226636887,Results/warm_start_cache/experiment_3/random_graphs_8to14vertices_78instances_20260625_143415_AdjacencyList__filehash_a79662a0/hog_idx000027_37c8067fe35f_seed42_L2_M2_amplified.npz,141.36527061462402,2026-07-22 20:38:24,x86_64,dacsgpu0002,,64,64,3.11.15,0.75,False,False,adam,True,2,20,hamqaoa,0.01,44,standard,2,2,42,scs,1e-06,100000,False,False,False,hog,False,True,False,False,False,False,True,1,HOG_graphs/random_graphs_8to14vertices_78instances_20260625_143415_AdjacencyList.txt,True,Results/warm_start_cache/experiment_3,512,60,0,32,1,1,100,100,5,3,5,1,42,27,"[(2, 6), (2, 9), (4, 6), (7, 8), (0, 5), (1, 7), (6, 9), (3, 4), (2, 8), (4, 5), (2, 5), (4, 8), (1, 3), (0, 1), (1, 9), (0, 7), (6, 8), (3, 6), (3, 9), (2, 7), (4, 7), (0, 3), (1, 5), (0, 9), (5, 8)]","[1.0, 1.0, 1.0, 1.0, 1.0, 1.0, 1.0, 1.0, 1.0, 1.0, 1.0, 1.0, 1.0, 1.0, 1.0, 1.0, 1.0, 1.0, 1.0, 1.0, 1.0, 1.0, 1.0, 1.0, 1.0]"
194f8197,10,16,2,10.0,False,True,"[1, 1, 1]",8.15217594877853,16.596287892396532,8.298143946198266,5.695667399002045,4.992461100010826,5.531723217135096,4.781796940557886,0.5865669448994608,,1.5758920375332597,0.076039484378839,5.569742959324516,,0.6832216323985317,,,,143.19583368301392,8200.461823940277,True,8057.275047540665,0.009037256240844727,0.0,8057.275047540665,Results/warm_start_cache/experiment_3/random_graphs_8to14vertices_78instances_20260625_143415_AdjacencyList__filehash_a79662a0/hog_idx000028_2372fdc40c8a_seed42_L2_M2_amplified.npz,143.204341173172,2026-07-22 20:38:26,x86_64,dacsgpu0002,,64,64,3.11.15,0.75,False,False,adam,True,2,20,hamqaoa,0.01,44,standard,2,2,42,scs,1e-06,100000,False,False,False,hog,False,True,False,False,False,False,True,1,HOG_graphs/random_graphs_8to14vertices_78instances_20260625_143415_AdjacencyList.txt,True,Results/warm_start_cache/experiment_3,512,60,0,32,1,1,100,100,5,3,5,1,42,28,"[(3, 9), (1, 3), (0, 1), (0, 4), (3, 8), (5, 7), (7, 9), (0, 3), (1, 8), (0, 6), (1, 5), (3, 7), (0, 5), (1, 4), (0, 2), (3, 6)]","[1.0, 1.0, 1.0, 1.0, 1.0, 1.0, 1.0, 1.0, 1.0, 1.0, 1.0, 1.0, 1.0, 1.0, 1.0, 1.0]"
601669f8,10,20,1,25.0,False,True,"[1, 1, 1]",10.572568715049329,21.32303914361655,10.661519571808276,6.99471648794708,6.400215099850539,6.6655358158878295,4.788530955348888,0.45292029632616543,,1.1571082886018367,-2.596901432476047,5.367085099649806,,0.5076424891909312,,,,150.1025984287262,7254.3349776268005,True,7104.240926265717,0.008529424667358398,0.0,7104.240926265717,Results/warm_start_cache/experiment_3/random_graphs_8to14vertices_78instances_20260625_143415_AdjacencyList__filehash_a79662a0/hog_idx000026_c05f88fc6e70_seed42_L2_M2_amplified.npz,150.1099729537964,2026-07-22 20:38:33,x86_64,dacsgpu0002,,64,64,3.11.15,0.5,False,False,adam,True,2,20,hamqaoa,0.01,44,standard,2,2,42,scs,1e-06,100000,False,False,False,hog,False,True,False,False,False,False,True,1,HOG_graphs/random_graphs_8to14vertices_78instances_20260625_143415_AdjacencyList.txt,True,Results/warm_start_cache/experiment_3,512,60,0,32,1,1,100,100,5,3,5,1,42,26,"[(2, 3), (2, 6), (3, 5), (2, 9), (7, 8), (1, 4), (0, 2), (0, 8), (1, 7), (5, 7), (3, 4), (4, 5), (4, 8), (8, 9), (1, 3), (1, 9), (5, 6), (0, 6), (0, 9), (6, 7)]","[1.0, 1.0, 1.0, 1.0, 1.0, 1.0, 1.0, 1.0, 1.0, 1.0, 1.0, 1.0, 1.0, 1.0, 1.0, 1.0, 1.0, 1.0, 1.0, 1.0]"
124b871c,10,25,1,25.0,False,True,"[1, 1, 1]",12.11824304459066,24.34424768633666,12.17212384316833,8.1544874867105,7.456747770897083,7.818424777147496,7.094698695346376,0.5854560491352174,,0.5781294730724387,-0.8693226905298008,7.3837634318825955,,0.6093097328311599,,,,151.4318654537201,7535.226569414139,True,7383.804226636887,0.009505748748779297,0.0,7383.804226636887,Results/warm_start_cache/experiment_3/random_graphs_8to14vertices_78instances_20260625_143415_AdjacencyList__filehash_a79662a0/hog_idx000027_37c8067fe35f_seed42_L2_M2_amplified.npz,151.4400281906128,2026-07-22 20:38:34,x86_64,dacsgpu0002,,64,64,3.11.15,0.51,False,False,adam,True,2,20,hamqaoa,0.01,44,standard,2,2,42,scs,1e-06,100000,False,False,False,hog,False,True,False,False,False,False,True,1,HOG_graphs/random_graphs_8to14vertices_78instances_20260625_143415_AdjacencyList.txt,True,Results/warm_start_cache/experiment_3,512,60,0,32,1,1,100,100,5,3,5,1,42,27,"[(2, 6), (2, 9), (4, 6), (7, 8), (0, 5), (1, 7), (6, 9), (3, 4), (2, 8), (4, 5), (2, 5), (4, 8), (1, 3), (0, 1), (1, 9), (0, 7), (6, 8), (3, 6), (3, 9), (2, 7), (4, 7), (0, 3), (1, 5), (0, 9), (5, 8)]","[1.0, 1.0, 1.0, 1.0, 1.0, 1.0, 1.0, 1.0, 1.0, 1.0, 1.0, 1.0, 1.0, 1.0, 1.0, 1.0, 1.0, 1.0, 1.0, 1.0, 1.0, 1.0, 1.0, 1.0, 1.0]"
a62a5e45,10,21,1,25.0,False,True,"[1, 1, 1]",10.728389772882371,21.53806010303666,10.76903005151833,6.414864972090608,6.570702775798184,6.025932736742903,6.392332811378727,0.59583338662213,,1.2083408055290619,1.9411409548007104,6.996503214143258,,0.6521484922022482,,,,151.94545602798462,7394.7493052482605,True,7242.810950040817,0.0070819854736328125,0.0,7242.810950040817,Results/warm_start_cache/experiment_3/random_graphs_8to14vertices_78instances_20260625_143415_AdjacencyList__filehash_a79662a0/hog_idx000029_6ab61980f5b9_seed42_L2_M2_amplified.npz,151.95391011238098,2026-07-22 20:38:37,x86_64,dacsgpu0002,,64,64,3.11.15,0.51,False,False,adam,True,2,20,hamqaoa,0.01,44,standard,2,2,42,scs,1e-06,100000,False,False,False,hog,False,True,False,False,False,False,True,1,HOG_graphs/random_graphs_8to14vertices_78instances_20260625_143415_AdjacencyList.txt,True,Results/warm_start_cache/experiment_3,512,60,0,32,1,1,100,100,5,3,5,1,42,29,"[(4, 6), (4, 9), (7, 8), (0, 5), (1, 4), (0, 2), (5, 7), (3, 7), (2, 5), (4, 8), (0, 1), (0, 4), (6, 8), (5, 6), (2, 4), (3, 9), (4, 7), (0, 3), (0, 6), (1, 5), (0, 9)]","[1.0, 1.0, 1.0, 1.0, 1.0, 1.0, 1.0, 1.0, 1.0, 1.0, 1.0, 1.0, 1.0, 1.0, 1.0, 1.0, 1.0, 1.0, 1.0, 1.0, 1.0]"
e4af04af,10,16,1,25.0,False,True,"[1, 1, 1]",8.15217594877853,16.596287892396532,8.298143946198266,5.695667399002045,4.992461100010826,5.531723217135096,4.781796940557886,0.5865669448994608,,1.8415053098565028,0.34165275670208217,5.702549595486137,,0.6995125756995678,,,,153.87722277641296,8211.14682173729,True,8057.275047540665,0.005431175231933594,0.0,8057.275047540665,Results/warm_start_cache/experiment_3/random_graphs_8to14vertices_78instances_20260625_143415_AdjacencyList__filehash_a79662a0/hog_idx000028_2372fdc40c8a_seed42_L2_M2_amplified.npz,153.88403797149658,2026-07-22 20:38:37,x86_64,dacsgpu0002,,64,64,3.11.15,0.5,False,False,adam,True,2,20,hamqaoa,0.01,44,standard,2,2,42,scs,1e-06,100000,False,False,False,hog,False,True,False,False,False,False,True,1,HOG_graphs/random_graphs_8to14vertices_78instances_20260625_143415_AdjacencyList.txt,True,Results/warm_start_cache/experiment_3,512,60,0,32,1,1,100,100,5,3,5,1,42,28,"[(3, 9), (1, 3), (0, 1), (0, 4), (3, 8), (5, 7), (7, 9), (0, 3), (1, 8), (0, 6), (1, 5), (3, 7), (0, 5), (1, 4), (0, 2), (3, 6)]","[1.0, 1.0, 1.0, 1.0, 1.0, 1.0, 1.0, 1.0, 1.0, 1.0, 1.0, 1.0, 1.0, 1.0, 1.0, 1.0]"
d6e0b9cb,10,16,2,25.0,False,True,"[1, 1, 1]",8.15217594877853,16.596287892396532,8.298143946198266,5.695667399002045,4.992461100010826,5.531723217135096,4.781796940557886,0.5865669448994608,,2.065102859680584,0.5652503065261634,5.814348370398178,,0.7132265553308332,,,,156.21462845802307,8213.47864985466,True,8057.275047540665,0.011007070541381836,0.0,8057.275047540665,Results/warm_start_cache/experiment_3/random_graphs_8to14vertices_78instances_20260625_143415_AdjacencyList__filehash_a79662a0/hog_idx000028_2372fdc40c8a_seed42_L2_M2_amplified.npz,156.22440147399902,2026-07-22 20:38:39,x86_64,dacsgpu0002,,64,64,3.11.15,0.74,False,False,adam,True,2,20,hamqaoa,0.01,44,standard,2,2,42,scs,1e-06,100000,False,False,False,hog,False,True,False,False,False,False,True,1,HOG_graphs/random_graphs_8to14vertices_78instances_20260625_143415_AdjacencyList.txt,True,Results/warm_start_cache/experiment_3,512,60,0,32,1,1,100,100,5,3,5,1,42,28,"[(3, 9), (1, 3), (0, 1), (0, 4), (3, 8), (5, 7), (7, 9), (0, 3), (1, 8), (0, 6), (1, 5), (3, 7), (0, 5), (1, 4), (0, 2), (3, 6)]","[1.0, 1.0, 1.0, 1.0, 1.0, 1.0, 1.0, 1.0, 1.0, 1.0, 1.0, 1.0, 1.0, 1.0, 1.0, 1.0]"
5c3f7e74,10,25,2,25.0,False,True,"[1, 1, 1]",12.11824304459066,24.34424768633666,12.17212384316833,8.1544874867105,7.456747770897083,7.818424777147496,7.094698695346376,0.5854560491352174,,0.5305674980938999,-0.9168846655083396,7.359982444393326,,0.60734732067275,,,,158.39625883102417,7542.19326043129,True,7383.804226636887,0.007206439971923828,0.0,7383.804226636887,Results/warm_start_cache/experiment_3/random_graphs_8to14vertices_78instances_20260625_143415_AdjacencyList__filehash_a79662a0/hog_idx000027_37c8067fe35f_seed42_L2_M2_amplified.npz,158.40439200401306,2026-07-22 20:38:41,x86_64,dacsgpu0002,,64,64,3.11.15,0.75,False,False,adam,True,2,20,hamqaoa,0.01,44,standard,2,2,42,scs,1e-06,100000,False,False,False,hog,False,True,False,False,False,False,True,1,HOG_graphs/random_graphs_8to14vertices_78instances_20260625_143415_AdjacencyList.txt,True,Results/warm_start_cache/experiment_3,512,60,0,32,1,1,100,100,5,3,5,1,42,27,"[(2, 6), (2, 9), (4, 6), (7, 8), (0, 5), (1, 7), (6, 9), (3, 4), (2, 8), (4, 5), (2, 5), (4, 8), (1, 3), (0, 1), (1, 9), (0, 7), (6, 8), (3, 6), (3, 9), (2, 7), (4, 7), (0, 3), (1, 5), (0, 9), (5, 8)]","[1.0, 1.0, 1.0, 1.0, 1.0, 1.0, 1.0, 1.0, 1.0, 1.0, 1.0, 1.0, 1.0, 1.0, 1.0, 1.0, 1.0, 1.0, 1.0, 1.0, 1.0, 1.0, 1.0, 1.0, 1.0]"
38708ab3,10,20,2,25.0,False,True,"[1, 1, 1]",10.572568715049329,21.32303914361655,10.661519571808276,6.99471648794708,6.400215099850539,6.6655358158878295,4.788530955348888,0.45292029632616543,,1.8414627249608149,-1.9125469961170687,5.709262317829295,,0.5400071138532825,,,,154.0013701915741,7258.177250146866,True,7104.240926265717,0.06502676010131836,0.0,7104.240926265717,Results/warm_start_cache/experiment_3/random_graphs_8to14vertices_78instances_20260625_143415_AdjacencyList__filehash_a79662a0/hog_idx000026_c05f88fc6e70_seed42_L2_M2_amplified.npz,154.05249500274658,2026-07-22 20:38:41,x86_64,dacsgpu0002,,64,64,3.11.15,0.78,False,False,adam,True,2,20,hamqaoa,0.01,44,standard,2,2,42,scs,1e-06,100000,False,False,False,hog,False,True,False,False,False,False,True,1,HOG_graphs/random_graphs_8to14vertices_78instances_20260625_143415_AdjacencyList.txt,True,Results/warm_start_cache/experiment_3,512,60,0,32,1,1,100,100,5,3,5,1,42,26,"[(2, 3), (2, 6), (3, 5), (2, 9), (7, 8), (1, 4), (0, 2), (0, 8), (1, 7), (5, 7), (3, 4), (4, 5), (4, 8), (8, 9), (1, 3), (1, 9), (5, 6), (0, 6), (0, 9), (6, 7)]","[1.0, 1.0, 1.0, 1.0, 1.0, 1.0, 1.0, 1.0, 1.0, 1.0, 1.0, 1.0, 1.0, 1.0, 1.0, 1.0, 1.0, 1.0, 1.0, 1.0]"
a56526f9,10,21,2,25.0,False,True,"[1, 1, 1]",10.728389772882371,21.53806010303666,10.76903005151833,6.414864972090608,6.570702775798184,6.025932736742903,6.392332811378727,0.59583338662213,,1.7763568394002505e-15,0.7328001492716503,6.392332811378728,,0.59583338662213,,,,159.65596437454224,7402.456105232239,True,7242.810950040817,0.010795116424560547,0.0,7242.810950040817,Results/warm_start_cache/experiment_3/random_graphs_8to14vertices_78instances_20260625_143415_AdjacencyList__filehash_a79662a0/hog_idx000029_6ab61980f5b9_seed42_L2_M2_amplified.npz,159.68156743049622,2026-07-22 20:38:44,x86_64,dacsgpu0002,,64,64,3.11.15,0.75,False,False,adam,True,2,20,hamqaoa,0.01,44,standard,2,2,42,scs,1e-06,100000,False,False,False,hog,False,True,False,False,False,False,True,1,HOG_graphs/random_graphs_8to14vertices_78instances_20260625_143415_AdjacencyList.txt,True,Results/warm_start_cache/experiment_3,512,60,0,32,1,1,100,100,5,3,5,1,42,29,"[(4, 6), (4, 9), (7, 8), (0, 5), (1, 4), (0, 2), (5, 7), (3, 7), (2, 5), (4, 8), (0, 1), (0, 4), (6, 8), (5, 6), (2, 4), (3, 9), (4, 7), (0, 3), (0, 6), (1, 5), (0, 9)]","[1.0, 1.0, 1.0, 1.0, 1.0, 1.0, 1.0, 1.0, 1.0, 1.0, 1.0, 1.0, 1.0, 1.0, 1.0, 1.0, 1.0, 1.0, 1.0, 1.0, 1.0]"
21bfcc17,10,25,1,50.0,False,True,"[1, 1, 1]",12.11824304459066,24.34424768633666,12.17212384316833,8.1544874867105,7.456747770897083,7.818424777147496,7.094698695346376,0.5854560491352174,,0.4849599508391389,-0.9624922127631006,7.337178670765946,,0.6054655484105936,,,,168.74284410476685,7552.539890766144,True,7383.804226636887,0.007166862487792969,0.0,7383.804226636887,Results/warm_start_cache/experiment_3/random_graphs_8to14vertices_78instances_20260625_143415_AdjacencyList__filehash_a79662a0/hog_idx000027_37c8067fe35f_seed42_L2_M2_amplified.npz,168.7505328655243,2026-07-22 20:38:51,x86_64,dacsgpu0002,,64,64,3.11.15,0.51,False,False,adam,True,2,20,hamqaoa,0.01,44,standard,2,2,42,scs,1e-06,100000,False,False,False,hog,False,True,False,False,False,False,True,1,HOG_graphs/random_graphs_8to14vertices_78instances_20260625_143415_AdjacencyList.txt,True,Results/warm_start_cache/experiment_3,512,60,0,32,1,1,100,100,5,3,5,1,42,27,"[(2, 6), (2, 9), (4, 6), (7, 8), (0, 5), (1, 7), (6, 9), (3, 4), (2, 8), (4, 5), (2, 5), (4, 8), (1, 3), (0, 1), (1, 9), (0, 7), (6, 8), (3, 6), (3, 9), (2, 7), (4, 7), (0, 3), (1, 5), (0, 9), (5, 8)]","[1.0, 1.0, 1.0, 1.0, 1.0, 1.0, 1.0, 1.0, 1.0, 1.0, 1.0, 1.0, 1.0, 1.0, 1.0, 1.0, 1.0, 1.0, 1.0, 1.0, 1.0, 1.0, 1.0, 1.0, 1.0]"
428c7b7b,10,20,1,50.0,False,True,"[1, 1, 1]",10.572568715049329,21.32303914361655,10.661519571808276,6.99471648794708,6.400215099850539,6.6655358158878295,4.788530955348888,0.45292029632616543,,0.7064456092077318,-3.0475641118701517,5.141753759952754,,0.48632966108168385,,,,169.63992762565613,7273.874785900116,True,7104.240926265717,0.006051778793334961,0.0,7104.240926265717,Results/warm_start_cache/experiment_3/random_graphs_8to14vertices_78instances_20260625_143415_AdjacencyList__filehash_a79662a0/hog_idx000026_c05f88fc6e70_seed42_L2_M2_amplified.npz,169.64864587783813,2026-07-22 20:38:52,x86_64,dacsgpu0002,,64,64,3.11.15,0.51,False,False,adam,True,2,20,hamqaoa,0.01,44,standard,2,2,42,scs,1e-06,100000,False,False,False,hog,False,True,False,False,False,False,True,1,HOG_graphs/random_graphs_8to14vertices_78instances_20260625_143415_AdjacencyList.txt,True,Results/warm_start_cache/experiment_3,512,60,0,32,1,1,100,100,5,3,5,1,42,26,"[(2, 3), (2, 6), (3, 5), (2, 9), (7, 8), (1, 4), (0, 2), (0, 8), (1, 7), (5, 7), (3, 4), (4, 5), (4, 8), (8, 9), (1, 3), (1, 9), (5, 6), (0, 6), (0, 9), (6, 7)]","[1.0, 1.0, 1.0, 1.0, 1.0, 1.0, 1.0, 1.0, 1.0, 1.0, 1.0, 1.0, 1.0, 1.0, 1.0, 1.0, 1.0, 1.0, 1.0, 1.0]"
37ee0cce,10,21,1,50.0,False,True,"[1, 1, 1]",10.728389772882371,21.53806010303666,10.76903005151833,6.414864972090608,6.570702775798184,6.025932736742903,6.392332811378727,0.59583338662213,,1.149174633386929,1.8819747826585775,6.966920128072192,,0.649391034028437,,,,168.2169063091278,7411.020056247711,True,7242.810950040817,0.007781982421875,0.0,7242.810950040817,Results/warm_start_cache/experiment_3/random_graphs_8to14vertices_78instances_20260625_143415_AdjacencyList__filehash_a79662a0/hog_idx000029_6ab61980f5b9_seed42_L2_M2_amplified.npz,168.22579097747803,2026-07-22 20:38:53,x86_64,dacsgpu0002,,64,64,3.11.15,0.51,False,False,adam,True,2,20,hamqaoa,0.01,44,standard,2,2,42,scs,1e-06,100000,False,False,False,hog,False,True,False,False,False,False,True,1,HOG_graphs/random_graphs_8to14vertices_78instances_20260625_143415_AdjacencyList.txt,True,Results/warm_start_cache/experiment_3,512,60,0,32,1,1,100,100,5,3,5,1,42,29,"[(4, 6), (4, 9), (7, 8), (0, 5), (1, 4), (0, 2), (5, 7), (3, 7), (2, 5), (4, 8), (0, 1), (0, 4), (6, 8), (5, 6), (2, 4), (3, 9), (4, 7), (0, 3), (0, 6), (1, 5), (0, 9)]","[1.0, 1.0, 1.0, 1.0, 1.0, 1.0, 1.0, 1.0, 1.0, 1.0, 1.0, 1.0, 1.0, 1.0, 1.0, 1.0, 1.0, 1.0, 1.0, 1.0, 1.0]"
1f7ea787,10,16,1,50.0,False,True,"[1, 1, 1]",8.15217594877853,16.596287892396532,8.298143946198266,5.695667399002045,4.992461100010826,5.531723217135096,4.781796940557886,0.5865669448994608,,0.498874643317059,-1.0009779098373617,5.031234262216415,,0.6171645820488287,,,,170.360821723938,8227.619623184204,True,8057.275047540665,0.016225814819335938,0.0,8057.275047540665,Results/warm_start_cache/experiment_3/random_graphs_8to14vertices_78instances_20260625_143415_AdjacencyList__filehash_a79662a0/hog_idx000028_2372fdc40c8a_seed42_L2_M2_amplified.npz,170.37771344184875,2026-07-22 20:38:54,x86_64,dacsgpu0002,,64,64,3.11.15,0.5,False,False,adam,True,2,20,hamqaoa,0.01,44,standard,2,2,42,scs,1e-06,100000,False,False,False,hog,False,True,False,False,False,False,True,1,HOG_graphs/random_graphs_8to14vertices_78instances_20260625_143415_AdjacencyList.txt,True,Results/warm_start_cache/experiment_3,512,60,0,32,1,1,100,100,5,3,5,1,42,28,"[(3, 9), (1, 3), (0, 1), (0, 4), (3, 8), (5, 7), (7, 9), (0, 3), (1, 8), (0, 6), (1, 5), (3, 7), (0, 5), (1, 4), (0, 2), (3, 6)]","[1.0, 1.0, 1.0, 1.0, 1.0, 1.0, 1.0, 1.0, 1.0, 1.0, 1.0, 1.0, 1.0, 1.0, 1.0, 1.0]"
d011ea79,10,15,2,50.0,False,True,"[1, 1, 1]",8.907724921400755,17.90484470869442,8.95242235434721,5.709489270655766,5.320341609329279,5.274598792671916,5.155952740906125,0.5788181366623681,,0.7959407317931273,0.5586486282615457,5.553923106802689,,0.6234951298798442,,,,174.2316665649414,7515.928896188736,True,7341.709368944168,0.012126445770263672,0.0,7341.709368944168,Results/warm_start_cache/experiment_3/random_graphs_8to14vertices_78instances_20260625_143415_AdjacencyList__filehash_a79662a0/hog_idx000025_30d35430afb5_seed42_L2_M2_amplified.npz,174.23913264274597,2026-07-22 20:38:57,x86_64,dacsgpu0002,,64,64,3.11.15,0.75,False,True,adam,True,2,20,hamqaoa,0.01,44,standard,2,2,42,scs,1e-06,100000,False,False,False,hog,False,True,False,False,False,False,True,1,HOG_graphs/random_graphs_8to14vertices_78instances_20260625_143415_AdjacencyList.txt,True,Results/warm_start_cache/experiment_3,512,60,0,32,1,1,100,100,5,3,5,1,42,25,"[(8, 9), (3, 9), (1, 3), (0, 1), (2, 7), (4, 7), (4, 6), (0, 6), (4, 9), (1, 5), (2, 8), (7, 8), (2, 5), (0, 5), (3, 6)]","[1.0, 1.0, 1.0, 1.0, 1.0, 1.0, 1.0, 1.0, 1.0, 1.0, 1.0, 1.0, 1.0, 1.0, 1.0]"
955ff8e2,10,16,2,50.0,False,True,"[1, 1, 1]",8.15217594877853,16.596287892396532,8.298143946198266,5.695667399002045,4.992461100010826,5.531723217135096,4.781796940557886,0.5865669448994608,,1.6058295144200248,0.10597696126560407,5.584711697767898,,0.6850577971890653,,,,174.71006989479065,8231.977124929428,True,8057.275047540665,0.007980585098266602,0.0,8057.275047540665,Results/warm_start_cache/experiment_3/random_graphs_8to14vertices_78instances_20260625_143415_AdjacencyList__filehash_a79662a0/hog_idx000028_2372fdc40c8a_seed42_L2_M2_amplified.npz,174.74046659469604,2026-07-22 20:38:58,x86_64,dacsgpu0002,,64,64,3.11.15,0.74,False,False,adam,True,2,20,hamqaoa,0.01,44,standard,2,2,42,scs,1e-06,100000,False,False,False,hog,False,True,False,False,False,False,True,1,HOG_graphs/random_graphs_8to14vertices_78instances_20260625_143415_AdjacencyList.txt,True,Results/warm_start_cache/experiment_3,512,60,0,32,1,1,100,100,5,3,5,1,42,28,"[(3, 9), (1, 3), (0, 1), (0, 4), (3, 8), (5, 7), (7, 9), (0, 3), (1, 8), (0, 6), (1, 5), (3, 7), (0, 5), (1, 4), (0, 2), (3, 6)]","[1.0, 1.0, 1.0, 1.0, 1.0, 1.0, 1.0, 1.0, 1.0, 1.0, 1.0, 1.0, 1.0, 1.0, 1.0, 1.0]"
8bdcd292,10,20,2,50.0,False,True,"[1, 1, 1]",10.572568715049329,21.32303914361655,10.661519571808276,6.99471648794708,6.400215099850539,6.6655358158878295,4.788530955348888,0.45292029632616543,,1.2120301136267528,-2.5419796074511307,5.394546012162264,,0.5102398629467877,,,,176.14777994155884,7280.382089853287,True,7104.240926265717,0.006605386734008789,0.0,7104.240926265717,Results/warm_start_cache/experiment_3/random_graphs_8to14vertices_78instances_20260625_143415_AdjacencyList__filehash_a79662a0/hog_idx000026_c05f88fc6e70_seed42_L2_M2_amplified.npz,176.155091047287,2026-07-22 20:38:59,x86_64,dacsgpu0002,,64,64,3.11.15,0.75,False,False,adam,True,2,20,hamqaoa,0.01,44,standard,2,2,42,scs,1e-06,100000,False,False,False,hog,False,True,False,False,False,False,True,1,HOG_graphs/random_graphs_8to14vertices_78instances_20260625_143415_AdjacencyList.txt,True,Results/warm_start_cache/experiment_3,512,60,0,32,1,1,100,100,5,3,5,1,42,26,"[(2, 3), (2, 6), (3, 5), (2, 9), (7, 8), (1, 4), (0, 2), (0, 8), (1, 7), (5, 7), (3, 4), (4, 5), (4, 8), (8, 9), (1, 3), (1, 9), (5, 6), (0, 6), (0, 9), (6, 7)]","[1.0, 1.0, 1.0, 1.0, 1.0, 1.0, 1.0, 1.0, 1.0, 1.0, 1.0, 1.0, 1.0, 1.0, 1.0, 1.0, 1.0, 1.0, 1.0, 1.0]"
50ecae05,10,25,2,50.0,False,True,"[1, 1, 1]",12.11824304459066,24.34424768633666,12.17212384316833,8.1544874867105,7.456747770897083,7.818424777147496,7.094698695346376,0.5854560491352174,,0.6177818330499196,-0.8296703305523199,7.403589611871336,,0.6109457934313465,,,,176.8350486755371,7560.631027460098,True,7383.804226636887,0.00823664665222168,0.0,7383.804226636887,Results/warm_start_cache/experiment_3/random_graphs_8to14vertices_78instances_20260625_143415_AdjacencyList__filehash_a79662a0/hog_idx000027_37c8067fe35f_seed42_L2_M2_amplified.npz,176.84278273582458,2026-07-22 20:39:00,x86_64,dacsgpu0002,,64,64,3.11.15,0.75,False,False,adam,True,2,20,hamqaoa,0.01,44,standard,2,2,42,scs,1e-06,100000,False,False,False,hog,False,True,False,False,False,False,True,1,HOG_graphs/random_graphs_8to14vertices_78instances_20260625_143415_AdjacencyList.txt,True,Results/warm_start_cache/experiment_3,512,60,0,32,1,1,100,100,5,3,5,1,42,27,"[(2, 6), (2, 9), (4, 6), (7, 8), (0, 5), (1, 7), (6, 9), (3, 4), (2, 8), (4, 5), (2, 5), (4, 8), (1, 3), (0, 1), (1, 9), (0, 7), (6, 8), (3, 6), (3, 9), (2, 7), (4, 7), (0, 3), (1, 5), (0, 9), (5, 8)]","[1.0, 1.0, 1.0, 1.0, 1.0, 1.0, 1.0, 1.0, 1.0, 1.0, 1.0, 1.0, 1.0, 1.0, 1.0, 1.0, 1.0, 1.0, 1.0, 1.0, 1.0, 1.0, 1.0, 1.0, 1.0]"
7740bac8,10,20,1,5.0,False,True,"[1, 1, 1]",10.007511103462296,20.22149392275839,10.110746961379196,7.149055159050906,6.090759150971098,6.901126552374718,6.820789682590647,0.6815670362065209,,0.0,-0.1606737395681428,6.820789682590647,,0.6815670362065209,,,,116.77754402160645,7389.799247264862,True,7273.030387878418,0.008666276931762695,0.0,7273.030387878418,Results/warm_start_cache/experiment_3/random_graphs_8to14vertices_78instances_20260625_143415_AdjacencyList__filehash_a79662a0/hog_idx000030_1eaa2b3db787_seed42_L2_M2_amplified.npz,116.79562616348267,2026-07-22 20:46:07,x86_64,dacsgpu0002,,64,64,3.11.15,0.5,False,False,adam,True,2,20,hamqaoa,0.01,44,standard,2,2,42,scs,1e-06,100000,False,False,False,hog,False,True,False,False,False,False,True,1,HOG_graphs/random_graphs_8to14vertices_78instances_20260625_143415_AdjacencyList.txt,True,Results/warm_start_cache/experiment_3,512,60,0,32,1,1,100,100,5,3,5,1,42,30,"[(2, 3), (3, 5), (4, 6), (7, 8), (0, 2), (0, 8), (1, 7), (5, 7), (3, 4), (4, 5), (8, 9), (1, 3), (0, 1), (6, 8), (2, 4), (7, 9), (1, 2), (1, 5), (0, 9), (6, 7)]","[1.0, 1.0, 1.0, 1.0, 1.0, 1.0, 1.0, 1.0, 1.0, 1.0, 1.0, 1.0, 1.0, 1.0, 1.0, 1.0, 1.0, 1.0, 1.0, 1.0]"
12dad6ab,10,30,1,5.0,False,True,"[1, 1, 1]",13.11746614058643,26.375889852264635,13.187944926132317,9.45675987428786,8.22648192320201,9.249531317381312,8.387120374219363,0.6393857079050488,,0.462768784985677,-1.2620531013382212,8.618504766712201,,0.6570251201217815,,,,117.27014517784119,7288.015493392944,True,7170.753071784973,0.007704973220825195,0.0,7170.753071784973,Results/warm_start_cache/experiment_3/random_graphs_8to14vertices_78instances_20260625_143415_AdjacencyList__filehash_a79662a0/hog_idx000032_8a2cd1945660_seed42_L2_M2_amplified.npz,117.27805542945862,2026-07-22 20:46:07,x86_64,dacsgpu0002,,64,64,3.11.15,0.51,False,False,adam,True,2,20,hamqaoa,0.01,44,standard,2,2,42,scs,1e-06,100000,False,False,False,hog,False,True,False,False,False,False,True,1,HOG_graphs/random_graphs_8to14vertices_78instances_20260625_143415_AdjacencyList.txt,True,Results/warm_start_cache/experiment_3,512,60,0,32,1,1,100,100,5,3,5,1,42,32,"[(2, 3), (3, 5), (2, 9), (4, 6), (7, 8), (0, 5), (1, 4), (0, 8), (6, 9), (5, 7), (3, 4), (4, 5), (4, 8), (8, 9), (1, 3), (0, 1), (1, 9), (0, 7), (5, 6), (3, 6), (2, 4), (2, 7), (4, 7), (7, 9), (0, 3), (1, 2), (1, 8), (0, 6), (0, 9), (6, 7)]","[1.0, 1.0, 1.0, 1.0, 1.0, 1.0, 1.0, 1.0, 1.0, 1.0, 1.0, 1.0, 1.0, 1.0, 1.0, 1.0, 1.0, 1.0, 1.0, 1.0, 1.0, 1.0, 1.0, 1.0, 1.0, 1.0, 1.0, 1.0, 1.0, 1.0]"
c3be4d92,10,20,1,5.0,False,True,"[1, 1, 1]",10.194364037160504,20.712763745817313,10.356381872908656,6.9580219735709825,6.202589807374618,6.732815915621717,6.410519663423412,0.62882977692927,,1.3072849093236556,0.6626924049270464,7.06416211808524,,0.6929477986400083,,,,119.00534224510193,7375.8794713020325,True,7256.880020618439,0.005868196487426758,0.0,7256.880020618439,Results/warm_start_cache/experiment_3/random_graphs_8to14vertices_78instances_20260625_143415_AdjacencyList__filehash_a79662a0/hog_idx000031_612e090dced1_seed42_L2_M2_amplified.npz,119.0194480419159,2026-07-22 20:46:09,x86_64,dacsgpu0002,,64,64,3.11.15,0.5,False,False,adam,True,2,20,hamqaoa,0.01,44,standard,2,2,42,scs,1e-06,100000,False,False,False,hog,False,True,False,False,False,False,True,1,HOG_graphs/random_graphs_8to14vertices_78instances_20260625_143415_AdjacencyList.txt,True,Results/warm_start_cache/experiment_3,512,60,0,32,1,1,100,100,5,3,5,1,42,31,"[(3, 5), (4, 6), (0, 2), (6, 9), (5, 7), (3, 4), (2, 8), (4, 5), (8, 9), (1, 3), (0, 1), (1, 6), (1, 9), (6, 8), (5, 6), (2, 4), (7, 9), (1, 2), (5, 8), (6, 7)]","[1.0, 1.0, 1.0, 1.0, 1.0, 1.0, 1.0, 1.0, 1.0, 1.0, 1.0, 1.0, 1.0, 1.0, 1.0, 1.0, 1.0, 1.0, 1.0, 1.0]"
8ac0178a,10,30,1,5.0,False,True,"[1, 1, 1]",13.183472067497764,26.465226829674,13.232613414837,8.945867212581511,8.218353798191236,8.813452416562615,7.284578975769759,0.5525539052590703,,2.2743727159865923,-0.7833741655991204,8.421765333763055,,0.6388123925658314,,,,117.97665071487427,7464.584768772125,True,7346.624039649963,0.015903472900390625,0.0,7346.624039649963,Results/warm_start_cache/experiment_3/random_graphs_8to14vertices_78instances_20260625_143415_AdjacencyList__filehash_a79662a0/hog_idx000033_5cf57437af49_seed42_L2_M2_amplified.npz,118.00397825241089,2026-07-22 20:46:10,x86_64,dacsgpu0002,,64,64,3.11.15,0.51,False,False,adam,True,2,20,hamqaoa,0.01,44,standard,2,2,42,scs,1e-06,100000,False,False,False,hog,False,True,False,False,False,False,True,1,HOG_graphs/random_graphs_8to14vertices_78instances_20260625_143415_AdjacencyList.txt,True,Results/warm_start_cache/experiment_3,512,60,0,32,1,1,100,100,5,3,5,1,42,33,"[(2, 3), (3, 8), (2, 6), (3, 5), (7, 8), (1, 4), (0, 2), (6, 9), (3, 4), (2, 8), (4, 5), (3, 7), (2, 5), (4, 8), (8, 9), (1, 3), (1, 6), (1, 9), (0, 7), (6, 8), (5, 6), (5, 9), (2, 4), (3, 9), (7, 9), (0, 3), (0, 6), (1, 5), (0, 9), (6, 7)]","[1.0, 1.0, 1.0, 1.0, 1.0, 1.0, 1.0, 1.0, 1.0, 1.0, 1.0, 1.0, 1.0, 1.0, 1.0, 1.0, 1.0, 1.0, 1.0, 1.0, 1.0, 1.0, 1.0, 1.0, 1.0, 1.0, 1.0, 1.0, 1.0, 1.0]"
5b74bbf6,10,20,2,5.0,False,True,"[1, 1, 1]",10.007511103462296,20.22149392275839,10.110746961379196,7.149055159050906,6.090759150971098,6.901126552374718,6.820789682590647,0.6815670362065209,,0.0,-0.1606737395681428,6.820789682590647,,0.6815670362065209,,,,126.99857234954834,7400.022274971008,True,7273.030387878418,0.006666660308837891,0.0,7273.030387878418,Results/warm_start_cache/experiment_3/random_graphs_8to14vertices_78instances_20260625_143415_AdjacencyList__filehash_a79662a0/hog_idx000030_1eaa2b3db787_seed42_L2_M2_amplified.npz,127.00655269622803,2026-07-22 20:46:17,x86_64,dacsgpu0002,,64,64,3.11.15,0.74,False,False,adam,True,2,20,hamqaoa,0.01,44,standard,2,2,42,scs,1e-06,100000,False,False,False,hog,False,True,False,False,False,False,True,1,HOG_graphs/random_graphs_8to14vertices_78instances_20260625_143415_AdjacencyList.txt,True,Results/warm_start_cache/experiment_3,512,60,0,32,1,1,100,100,5,3,5,1,42,30,"[(2, 3), (3, 5), (4, 6), (7, 8), (0, 2), (0, 8), (1, 7), (5, 7), (3, 4), (4, 5), (8, 9), (1, 3), (0, 1), (6, 8), (2, 4), (7, 9), (1, 2), (1, 5), (0, 9), (6, 7)]","[1.0, 1.0, 1.0, 1.0, 1.0, 1.0, 1.0, 1.0, 1.0, 1.0, 1.0, 1.0, 1.0, 1.0, 1.0, 1.0, 1.0, 1.0, 1.0, 1.0]"
3e6a2d9d,10,30,1,10.0,False,True,"[1, 1, 1]",13.11746614058643,26.375889852264635,13.187944926132317,9.45675987428786,8.22648192320201,9.249531317381312,8.387120374219363,0.6393857079050488,,0.0,-1.7248218863238982,8.387120374219363,,0.6393857079050488,,,,127.51509761810303,7298.259002447128,True,7170.753071784973,0.009148120880126953,0.0,7170.753071784973,Results/warm_start_cache/experiment_3/random_graphs_8to14vertices_78instances_20260625_143415_AdjacencyList__filehash_a79662a0/hog_idx000032_8a2cd1945660_seed42_L2_M2_amplified.npz,127.52710247039795,2026-07-22 20:46:18,x86_64,dacsgpu0002,,64,64,3.11.15,0.51,False,False,adam,True,2,20,hamqaoa,0.01,44,standard,2,2,42,scs,1e-06,100000,False,False,False,hog,False,True,False,False,False,False,True,1,HOG_graphs/random_graphs_8to14vertices_78instances_20260625_143415_AdjacencyList.txt,True,Results/warm_start_cache/experiment_3,512,60,0,32,1,1,100,100,5,3,5,1,42,32,"[(2, 3), (3, 5), (2, 9), (4, 6), (7, 8), (0, 5), (1, 4), (0, 8), (6, 9), (5, 7), (3, 4), (4, 5), (4, 8), (8, 9), (1, 3), (0, 1), (1, 9), (0, 7), (5, 6), (3, 6), (2, 4), (2, 7), (4, 7), (7, 9), (0, 3), (1, 2), (1, 8), (0, 6), (0, 9), (6, 7)]","[1.0, 1.0, 1.0, 1.0, 1.0, 1.0, 1.0, 1.0, 1.0, 1.0, 1.0, 1.0, 1.0, 1.0, 1.0, 1.0, 1.0, 1.0, 1.0, 1.0, 1.0, 1.0, 1.0, 1.0, 1.0, 1.0, 1.0, 1.0, 1.0, 1.0]"
e23de998,10,20,1,10.0,False,True,"[1, 1, 1]",10.194364037160504,20.712763745817313,10.356381872908656,6.9580219735709825,6.202589807374618,6.732815915621717,6.410519663423412,0.62882977692927,,0.5623247341377091,-0.08226777025890009,6.691682030492267,,0.6564099541766159,,,,127.86015367507935,7384.735176324844,True,7256.880020618439,0.004971981048583984,0.0,7256.880020618439,Results/warm_start_cache/experiment_3/random_graphs_8to14vertices_78instances_20260625_143415_AdjacencyList__filehash_a79662a0/hog_idx000031_612e090dced1_seed42_L2_M2_amplified.npz,127.86812138557434,2026-07-22 20:46:18,x86_64,dacsgpu0002,,64,64,3.11.15,0.51,False,False,adam,True,2,20,hamqaoa,0.01,44,standard,2,2,42,scs,1e-06,100000,False,False,False,hog,False,True,False,False,False,False,True,1,HOG_graphs/random_graphs_8to14vertices_78instances_20260625_143415_AdjacencyList.txt,True,Results/warm_start_cache/experiment_3,512,60,0,32,1,1,100,100,5,3,5,1,42,31,"[(3, 5), (4, 6), (0, 2), (6, 9), (5, 7), (3, 4), (2, 8), (4, 5), (8, 9), (1, 3), (0, 1), (1, 6), (1, 9), (6, 8), (5, 6), (2, 4), (7, 9), (1, 2), (5, 8), (6, 7)]","[1.0, 1.0, 1.0, 1.0, 1.0, 1.0, 1.0, 1.0, 1.0, 1.0, 1.0, 1.0, 1.0, 1.0, 1.0, 1.0, 1.0, 1.0, 1.0, 1.0]"
f381bc85,10,20,1,10.0,False,True,"[1, 1, 1]",10.007511103462296,20.22149392275839,10.110746961379196,7.149055159050906,6.090759150971098,6.901126552374718,6.820789682590647,0.6815670362065209,,0.0,-0.1606737395681428,6.820789682590647,,0.6815670362065209,,,,129.723397731781,7402.748225927353,True,7273.030387878418,0.005529642105102539,0.0,7273.030387878418,Results/warm_start_cache/experiment_3/random_graphs_8to14vertices_78instances_20260625_143415_AdjacencyList__filehash_a79662a0/hog_idx000030_1eaa2b3db787_seed42_L2_M2_amplified.npz,129.73143982887268,2026-07-22 20:46:20,x86_64,dacsgpu0002,,64,64,3.11.15,0.5,False,False,adam,True,2,20,hamqaoa,0.01,44,standard,2,2,42,scs,1e-06,100000,False,False,False,hog,False,True,False,False,False,False,True,1,HOG_graphs/random_graphs_8to14vertices_78instances_20260625_143415_AdjacencyList.txt,True,Results/warm_start_cache/experiment_3,512,60,0,32,1,1,100,100,5,3,5,1,42,30,"[(2, 3), (3, 5), (4, 6), (7, 8), (0, 2), (0, 8), (1, 7), (5, 7), (3, 4), (4, 5), (8, 9), (1, 3), (0, 1), (6, 8), (2, 4), (7, 9), (1, 2), (1, 5), (0, 9), (6, 7)]","[1.0, 1.0, 1.0, 1.0, 1.0, 1.0, 1.0, 1.0, 1.0, 1.0, 1.0, 1.0, 1.0, 1.0, 1.0, 1.0, 1.0, 1.0, 1.0, 1.0]"
16466bca,10,20,2,5.0,False,True,"[1, 1, 1]",10.194364037160504,20.712763745817313,10.356381872908656,6.9580219735709825,6.202589807374618,6.732815915621717,6.410519663423412,0.62882977692927,,0.8654962807742042,0.22090377637759495,6.843267803810514,,0.6712795206121175,,,,130.37175154685974,7387.244228601456,True,7256.880020618439,0.007526874542236328,0.0,7256.880020618439,Results/warm_start_cache/experiment_3/random_graphs_8to14vertices_78instances_20260625_143415_AdjacencyList__filehash_a79662a0/hog_idx000031_612e090dced1_seed42_L2_M2_amplified.npz,130.3835461139679,2026-07-22 20:46:20,x86_64,dacsgpu0002,,64,64,3.11.15,0.74,False,False,adam,True,2,20,hamqaoa,0.01,44,standard,2,2,42,scs,1e-06,100000,False,False,False,hog,False,True,False,False,False,False,True,1,HOG_graphs/random_graphs_8to14vertices_78instances_20260625_143415_AdjacencyList.txt,True,Results/warm_start_cache/experiment_3,512,60,0,32,1,1,100,100,5,3,5,1,42,31,"[(3, 5), (4, 6), (0, 2), (6, 9), (5, 7), (3, 4), (2, 8), (4, 5), (8, 9), (1, 3), (0, 1), (1, 6), (1, 9), (6, 8), (5, 6), (2, 4), (7, 9), (1, 2), (5, 8), (6, 7)]","[1.0, 1.0, 1.0, 1.0, 1.0, 1.0, 1.0, 1.0, 1.0, 1.0, 1.0, 1.0, 1.0, 1.0, 1.0, 1.0, 1.0, 1.0, 1.0, 1.0]"
233b9b3e,10,30,2,5.0,False,True,"[1, 1, 1]",13.11746614058643,26.375889852264635,13.187944926132317,9.45675987428786,8.22648192320201,9.249531317381312,8.387120374219363,0.6393857079050488,,0.0,-1.7248218863238982,8.387120374219363,,0.6393857079050488,,,,130.50512862205505,7301.250595569611,True,7170.753071784973,0.007588863372802734,0.0,7170.753071784973,Results/warm_start_cache/experiment_3/random_graphs_8to14vertices_78instances_20260625_143415_AdjacencyList__filehash_a79662a0/hog_idx000032_8a2cd1945660_seed42_L2_M2_amplified.npz,130.5127546787262,2026-07-22 20:46:21,x86_64,dacsgpu0002,,64,64,3.11.15,0.75,False,False,adam,True,2,20,hamqaoa,0.01,44,standard,2,2,42,scs,1e-06,100000,False,False,False,hog,False,True,False,False,False,False,True,1,HOG_graphs/random_graphs_8to14vertices_78instances_20260625_143415_AdjacencyList.txt,True,Results/warm_start_cache/experiment_3,512,60,0,32,1,1,100,100,5,3,5,1,42,32,"[(2, 3), (3, 5), (2, 9), (4, 6), (7, 8), (0, 5), (1, 4), (0, 8), (6, 9), (5, 7), (3, 4), (4, 5), (4, 8), (8, 9), (1, 3), (0, 1), (1, 9), (0, 7), (5, 6), (3, 6), (2, 4), (2, 7), (4, 7), (7, 9), (0, 3), (1, 2), (1, 8), (0, 6), (0, 9), (6, 7)]","[1.0, 1.0, 1.0, 1.0, 1.0, 1.0, 1.0, 1.0, 1.0, 1.0, 1.0, 1.0, 1.0, 1.0, 1.0, 1.0, 1.0, 1.0, 1.0, 1.0, 1.0, 1.0, 1.0, 1.0, 1.0, 1.0, 1.0, 1.0, 1.0, 1.0]"
b8768de9,10,30,2,5.0,False,True,"[1, 1, 1]",13.183472067497764,26.465226829674,13.232613414837,8.945867212581511,8.218353798191236,8.813452416562615,7.284578975769759,0.5525539052590703,,2.4597857540815564,-0.5979611275041563,8.514471852810537,,0.6458444186188194,,,,132.02287578582764,7478.639034748077,True,7346.624039649963,0.007861137390136719,0.0,7346.624039649963,Results/warm_start_cache/experiment_3/random_graphs_8to14vertices_78instances_20260625_143415_AdjacencyList__filehash_a79662a0/hog_idx000033_5cf57437af49_seed42_L2_M2_amplified.npz,132.0378975868225,2026-07-22 20:46:24,x86_64,dacsgpu0002,,64,64,3.11.15,0.75,False,False,adam,True,2,20,hamqaoa,0.01,44,standard,2,2,42,scs,1e-06,100000,False,False,False,hog,False,True,False,False,False,False,True,1,HOG_graphs/random_graphs_8to14vertices_78instances_20260625_143415_AdjacencyList.txt,True,Results/warm_start_cache/experiment_3,512,60,0,32,1,1,100,100,5,3,5,1,42,33,"[(2, 3), (3, 8), (2, 6), (3, 5), (7, 8), (1, 4), (0, 2), (6, 9), (3, 4), (2, 8), (4, 5), (3, 7), (2, 5), (4, 8), (8, 9), (1, 3), (1, 6), (1, 9), (0, 7), (6, 8), (5, 6), (5, 9), (2, 4), (3, 9), (7, 9), (0, 3), (0, 6), (1, 5), (0, 9), (6, 7)]","[1.0, 1.0, 1.0, 1.0, 1.0, 1.0, 1.0, 1.0, 1.0, 1.0, 1.0, 1.0, 1.0, 1.0, 1.0, 1.0, 1.0, 1.0, 1.0, 1.0, 1.0, 1.0, 1.0, 1.0, 1.0, 1.0, 1.0, 1.0, 1.0, 1.0]"
eaaf931c,10,30,1,10.0,False,True,"[1, 1, 1]",13.183472067497764,26.465226829674,13.232613414837,8.945867212581511,8.218353798191236,8.813452416562615,7.284578975769759,0.5525539052590703,,2.4035892427668077,-0.654157638818905,8.486373597153163,,0.6437130942216108,,,,132.13786149024963,7478.7465307712555,True,7346.624039649963,0.015351295471191406,0.0,7346.624039649963,Results/warm_start_cache/experiment_3/random_graphs_8to14vertices_78instances_20260625_143415_AdjacencyList__filehash_a79662a0/hog_idx000033_5cf57437af49_seed42_L2_M2_amplified.npz,132.1695454120636,2026-07-22 20:46:25,x86_64,dacsgpu0002,,64,64,3.11.15,0.5,False,False,adam,True,2,20,hamqaoa,0.01,44,standard,2,2,42,scs,1e-06,100000,False,False,False,hog,False,True,False,False,False,False,True,1,HOG_graphs/random_graphs_8to14vertices_78instances_20260625_143415_AdjacencyList.txt,True,Results/warm_start_cache/experiment_3,512,60,0,32,1,1,100,100,5,3,5,1,42,33,"[(2, 3), (3, 8), (2, 6), (3, 5), (7, 8), (1, 4), (0, 2), (6, 9), (3, 4), (2, 8), (4, 5), (3, 7), (2, 5), (4, 8), (8, 9), (1, 3), (1, 6), (1, 9), (0, 7), (6, 8), (5, 6), (5, 9), (2, 4), (3, 9), (7, 9), (0, 3), (0, 6), (1, 5), (0, 9), (6, 7)]","[1.0, 1.0, 1.0, 1.0, 1.0, 1.0, 1.0, 1.0, 1.0, 1.0, 1.0, 1.0, 1.0, 1.0, 1.0, 1.0, 1.0, 1.0, 1.0, 1.0, 1.0, 1.0, 1.0, 1.0, 1.0, 1.0, 1.0, 1.0, 1.0, 1.0]"
3f430bb1,10,30,2,10.0,False,True,"[1, 1, 1]",13.11746614058643,26.375889852264635,13.187944926132317,9.45675987428786,8.22648192320201,9.249531317381312,8.387120374219363,0.6393857079050488,,0.41671907546892584,-1.3081028108549724,8.595479911953825,,0.655269837926912,,,,137.92617917060852,7308.671784877777,True,7170.753071784973,0.0074465274810791016,0.0,7170.753071784973,Results/warm_start_cache/experiment_3/random_graphs_8to14vertices_78instances_20260625_143415_AdjacencyList__filehash_a79662a0/hog_idx000032_8a2cd1945660_seed42_L2_M2_amplified.npz,137.94097232818604,2026-07-22 20:46:28,x86_64,dacsgpu0002,,64,64,3.11.15,0.75,False,False,adam,True,2,20,hamqaoa,0.01,44,standard,2,2,42,scs,1e-06,100000,False,False,False,hog,False,True,False,False,False,False,True,1,HOG_graphs/random_graphs_8to14vertices_78instances_20260625_143415_AdjacencyList.txt,True,Results/warm_start_cache/experiment_3,512,60,0,32,1,1,100,100,5,3,5,1,42,32,"[(2, 3), (3, 5), (2, 9), (4, 6), (7, 8), (0, 5), (1, 4), (0, 8), (6, 9), (5, 7), (3, 4), (4, 5), (4, 8), (8, 9), (1, 3), (0, 1), (1, 9), (0, 7), (5, 6), (3, 6), (2, 4), (2, 7), (4, 7), (7, 9), (0, 3), (1, 2), (1, 8), (0, 6), (0, 9), (6, 7)]","[1.0, 1.0, 1.0, 1.0, 1.0, 1.0, 1.0, 1.0, 1.0, 1.0, 1.0, 1.0, 1.0, 1.0, 1.0, 1.0, 1.0, 1.0, 1.0, 1.0, 1.0, 1.0, 1.0, 1.0, 1.0, 1.0, 1.0, 1.0, 1.0, 1.0]"
4d5fdd0b,10,20,2,10.0,False,True,"[1, 1, 1]",10.194364037160504,20.712763745817313,10.356381872908656,6.9580219735709825,6.202589807374618,6.732815915621717,6.410519663423412,0.62882977692927,,1.2754047454322297,0.6308122410356205,7.048222036139527,,0.6913841815386759,,,,138.7141978740692,7395.587713479996,True,7256.880020618439,0.006483554840087891,0.0,7256.880020618439,Results/warm_start_cache/experiment_3/random_graphs_8to14vertices_78instances_20260625_143415_AdjacencyList__filehash_a79662a0/hog_idx000031_612e090dced1_seed42_L2_M2_amplified.npz,138.7244791984558,2026-07-22 20:46:29,x86_64,dacsgpu0002,,64,64,3.11.15,0.75,False,False,adam,True,2,20,hamqaoa,0.01,44,standard,2,2,42,scs,1e-06,100000,False,False,False,hog,False,True,False,False,False,False,True,1,HOG_graphs/random_graphs_8to14vertices_78instances_20260625_143415_AdjacencyList.txt,True,Results/warm_start_cache/experiment_3,512,60,0,32,1,1,100,100,5,3,5,1,42,31,"[(3, 5), (4, 6), (0, 2), (6, 9), (5, 7), (3, 4), (2, 8), (4, 5), (8, 9), (1, 3), (0, 1), (1, 6), (1, 9), (6, 8), (5, 6), (2, 4), (7, 9), (1, 2), (5, 8), (6, 7)]","[1.0, 1.0, 1.0, 1.0, 1.0, 1.0, 1.0, 1.0, 1.0, 1.0, 1.0, 1.0, 1.0, 1.0, 1.0, 1.0, 1.0, 1.0, 1.0, 1.0]"
b67efc87,10,20,2,10.0,False,True,"[1, 1, 1]",10.007511103462296,20.22149392275839,10.110746961379196,7.149055159050906,6.090759150971098,6.901126552374718,6.820789682590647,0.6815670362065209,,0.0,-0.1606737395681428,6.820789682590647,,0.6815670362065209,,,,141.06969928741455,7414.092523097992,True,7273.030387878418,0.00754547119140625,0.0,7273.030387878418,Results/warm_start_cache/experiment_3/random_graphs_8to14vertices_78instances_20260625_143415_AdjacencyList__filehash_a79662a0/hog_idx000030_1eaa2b3db787_seed42_L2_M2_amplified.npz,141.08274006843567,2026-07-22 20:46:31,x86_64,dacsgpu0002,,64,64,3.11.15,0.74,False,False,adam,True,2,20,hamqaoa,0.01,44,standard,2,2,42,scs,1e-06,100000,False,False,False,hog,False,True,False,False,False,False,True,1,HOG_graphs/random_graphs_8to14vertices_78instances_20260625_143415_AdjacencyList.txt,True,Results/warm_start_cache/experiment_3,512,60,0,32,1,1,100,100,5,3,5,1,42,30,"[(2, 3), (3, 5), (4, 6), (7, 8), (0, 2), (0, 8), (1, 7), (5, 7), (3, 4), (4, 5), (8, 9), (1, 3), (0, 1), (6, 8), (2, 4), (7, 9), (1, 2), (1, 5), (0, 9), (6, 7)]","[1.0, 1.0, 1.0, 1.0, 1.0, 1.0, 1.0, 1.0, 1.0, 1.0, 1.0, 1.0, 1.0, 1.0, 1.0, 1.0, 1.0, 1.0, 1.0, 1.0]"
52321b51,10,30,2,10.0,False,True,"[1, 1, 1]",13.183472067497764,26.465226829674,13.232613414837,8.945867212581511,8.218353798191236,8.813452416562615,7.284578975769759,0.5525539052590703,,2.0894390334664745,-0.9683078481192382,8.329298492502996,,0.6317985466846675,,,,141.86900329589844,7488.467277765274,True,7346.624039649963,0.025746822357177734,0.0,7346.624039649963,Results/warm_start_cache/experiment_3/random_graphs_8to14vertices_78instances_20260625_143415_AdjacencyList__filehash_a79662a0/hog_idx000033_5cf57437af49_seed42_L2_M2_amplified.npz,141.90314197540283,2026-07-22 20:46:35,x86_64,dacsgpu0002,,64,64,3.11.15,0.74,False,False,adam,True,2,20,hamqaoa,0.01,44,standard,2,2,42,scs,1e-06,100000,False,False,False,hog,False,True,False,False,False,False,True,1,HOG_graphs/random_graphs_8to14vertices_78instances_20260625_143415_AdjacencyList.txt,True,Results/warm_start_cache/experiment_3,512,60,0,32,1,1,100,100,5,3,5,1,42,33,"[(2, 3), (3, 8), (2, 6), (3, 5), (7, 8), (1, 4), (0, 2), (6, 9), (3, 4), (2, 8), (4, 5), (3, 7), (2, 5), (4, 8), (8, 9), (1, 3), (1, 6), (1, 9), (0, 7), (6, 8), (5, 6), (5, 9), (2, 4), (3, 9), (7, 9), (0, 3), (0, 6), (1, 5), (0, 9), (6, 7)]","[1.0, 1.0, 1.0, 1.0, 1.0, 1.0, 1.0, 1.0, 1.0, 1.0, 1.0, 1.0, 1.0, 1.0, 1.0, 1.0, 1.0, 1.0, 1.0, 1.0, 1.0, 1.0, 1.0, 1.0, 1.0, 1.0, 1.0, 1.0, 1.0, 1.0]"
e4524613,10,20,1,25.0,False,True,"[1, 1, 1]",10.194364037160504,20.712763745817313,10.356381872908656,6.9580219735709825,6.202589807374618,6.732815915621717,6.410519663423412,0.62882977692927,,1.101342789228248,0.4567502848316387,6.961191058037536,,0.6828470155335435,,,,149.65063309669495,7406.52432847023,True,7256.880020618439,0.0063054561614990234,0.0,7256.880020618439,Results/warm_start_cache/experiment_3/random_graphs_8to14vertices_78instances_20260625_143415_AdjacencyList__filehash_a79662a0/hog_idx000031_612e090dced1_seed42_L2_M2_amplified.npz,149.66046023368835,2026-07-22 20:46:40,x86_64,dacsgpu0002,,64,64,3.11.15,0.51,False,False,adam,True,2,20,hamqaoa,0.01,44,standard,2,2,42,scs,1e-06,100000,False,False,False,hog,False,True,False,False,False,False,True,1,HOG_graphs/random_graphs_8to14vertices_78instances_20260625_143415_AdjacencyList.txt,True,Results/warm_start_cache/experiment_3,512,60,0,32,1,1,100,100,5,3,5,1,42,31,"[(3, 5), (4, 6), (0, 2), (6, 9), (5, 7), (3, 4), (2, 8), (4, 5), (8, 9), (1, 3), (0, 1), (1, 6), (1, 9), (6, 8), (5, 6), (2, 4), (7, 9), (1, 2), (5, 8), (6, 7)]","[1.0, 1.0, 1.0, 1.0, 1.0, 1.0, 1.0, 1.0, 1.0, 1.0, 1.0, 1.0, 1.0, 1.0, 1.0, 1.0, 1.0, 1.0, 1.0, 1.0]"
5f4bbbfe,10,20,1,25.0,False,True,"[1, 1, 1]",10.007511103462296,20.22149392275839,10.110746961379196,7.149055159050906,6.090759150971098,6.901126552374718,6.820789682590647,0.6815670362065209,,0.0,-0.1606737395681428,6.820789682590647,,0.6815670362065209,,,,151.7205729484558,7424.743870258331,True,7273.030387878418,0.007073163986206055,0.0,7273.030387878418,Results/warm_start_cache/experiment_3/random_graphs_8to14vertices_78instances_20260625_143415_AdjacencyList__filehash_a79662a0/hog_idx000030_1eaa2b3db787_seed42_L2_M2_amplified.npz,151.72871685028076,2026-07-22 20:46:42,x86_64,dacsgpu0002,,64,64,3.11.15,0.5,False,False,adam,True,2,20,hamqaoa,0.01,44,standard,2,2,42,scs,1e-06,100000,False,False,False,hog,False,True,False,False,False,False,True,1,HOG_graphs/random_graphs_8to14vertices_78instances_20260625_143415_AdjacencyList.txt,True,Results/warm_start_cache/experiment_3,512,60,0,32,1,1,100,100,5,3,5,1,42,30,"[(2, 3), (3, 5), (4, 6), (7, 8), (0, 2), (0, 8), (1, 7), (5, 7), (3, 4), (4, 5), (8, 9), (1, 3), (0, 1), (6, 8), (2, 4), (7, 9), (1, 2), (1, 5), (0, 9), (6, 7)]","[1.0, 1.0, 1.0, 1.0, 1.0, 1.0, 1.0, 1.0, 1.0, 1.0, 1.0, 1.0, 1.0, 1.0, 1.0, 1.0, 1.0, 1.0, 1.0, 1.0]"
cc924361,10,30,1,25.0,False,True,"[1, 1, 1]",13.11746614058643,26.375889852264635,13.187944926132317,9.45675987428786,8.22648192320201,9.249531317381312,8.387120374219363,0.6393857079050488,,0.1362762637904531,-1.5885456225334451,8.455258506114589,,0.6445801662832871,,,,151.38819432258606,7322.134485721588,True,7170.753071784973,0.006762504577636719,0.0,7170.753071784973,Results/warm_start_cache/experiment_3/random_graphs_8to14vertices_78instances_20260625_143415_AdjacencyList__filehash_a79662a0/hog_idx000032_8a2cd1945660_seed42_L2_M2_amplified.npz,151.40167021751404,2026-07-22 20:46:42,x86_64,dacsgpu0002,,64,64,3.11.15,0.51,False,False,adam,True,2,20,hamqaoa,0.01,44,standard,2,2,42,scs,1e-06,100000,False,False,False,hog,False,True,False,False,False,False,True,1,HOG_graphs/random_graphs_8to14vertices_78instances_20260625_143415_AdjacencyList.txt,True,Results/warm_start_cache/experiment_3,512,60,0,32,1,1,100,100,5,3,5,1,42,32,"[(2, 3), (3, 5), (2, 9), (4, 6), (7, 8), (0, 5), (1, 4), (0, 8), (6, 9), (5, 7), (3, 4), (4, 5), (4, 8), (8, 9), (1, 3), (0, 1), (1, 9), (0, 7), (5, 6), (3, 6), (2, 4), (2, 7), (4, 7), (7, 9), (0, 3), (1, 2), (1, 8), (0, 6), (0, 9), (6, 7)]","[1.0, 1.0, 1.0, 1.0, 1.0, 1.0, 1.0, 1.0, 1.0, 1.0, 1.0, 1.0, 1.0, 1.0, 1.0, 1.0, 1.0, 1.0, 1.0, 1.0, 1.0, 1.0, 1.0, 1.0, 1.0, 1.0, 1.0, 1.0, 1.0, 1.0]"
f6226c04,10,30,1,25.0,False,True,"[1, 1, 1]",13.183472067497764,26.465226829674,13.232613414837,8.945867212581511,8.218353798191236,8.813452416562615,7.284578975769759,0.5525539052590703,,2.1632498632311954,-0.8944970183545173,8.366203907385357,,0.6345979165846005,,,,149.48598980903625,7496.089077711105,True,7346.624039649963,0.02092885971069336,0.0,7346.624039649963,Results/warm_start_cache/experiment_3/random_graphs_8to14vertices_78instances_20260625_143415_AdjacencyList__filehash_a79662a0/hog_idx000033_5cf57437af49_seed42_L2_M2_amplified.npz,149.51344418525696,2026-07-22 20:46:42,x86_64,dacsgpu0002,,64,64,3.11.15,0.51,False,False,adam,True,2,20,hamqaoa,0.01,44,standard,2,2,42,scs,1e-06,100000,False,False,False,hog,False,True,False,False,False,False,True,1,HOG_graphs/random_graphs_8to14vertices_78instances_20260625_143415_AdjacencyList.txt,True,Results/warm_start_cache/experiment_3,512,60,0,32,1,1,100,100,5,3,5,1,42,33,"[(2, 3), (3, 8), (2, 6), (3, 5), (7, 8), (1, 4), (0, 2), (6, 9), (3, 4), (2, 8), (4, 5), (3, 7), (2, 5), (4, 8), (8, 9), (1, 3), (1, 6), (1, 9), (0, 7), (6, 8), (5, 6), (5, 9), (2, 4), (3, 9), (7, 9), (0, 3), (0, 6), (1, 5), (0, 9), (6, 7)]","[1.0, 1.0, 1.0, 1.0, 1.0, 1.0, 1.0, 1.0, 1.0, 1.0, 1.0, 1.0, 1.0, 1.0, 1.0, 1.0, 1.0, 1.0, 1.0, 1.0, 1.0, 1.0, 1.0, 1.0, 1.0, 1.0, 1.0, 1.0, 1.0, 1.0]"
cafc9983,10,30,2,25.0,False,True,"[1, 1, 1]",13.11746614058643,26.375889852264635,13.187944926132317,9.45675987428786,8.22648192320201,9.249531317381312,8.387120374219363,0.6393857079050488,,0.6316981941896067,-1.0931236921342915,8.702969471314166,,0.6634642222850129,,,,155.11057329177856,7325.855777978897,True,7170.753071784973,0.007847309112548828,0.0,7170.753071784973,Results/warm_start_cache/experiment_3/random_graphs_8to14vertices_78instances_20260625_143415_AdjacencyList__filehash_a79662a0/hog_idx000032_8a2cd1945660_seed42_L2_M2_amplified.npz,155.1232590675354,2026-07-22 20:46:46,x86_64,dacsgpu0002,,64,64,3.11.15,0.75,False,False,adam,True,2,20,hamqaoa,0.01,44,standard,2,2,42,scs,1e-06,100000,False,False,False,hog,False,True,False,False,False,False,True,1,HOG_graphs/random_graphs_8to14vertices_78instances_20260625_143415_AdjacencyList.txt,True,Results/warm_start_cache/experiment_3,512,60,0,32,1,1,100,100,5,3,5,1,42,32,"[(2, 3), (3, 5), (2, 9), (4, 6), (7, 8), (0, 5), (1, 4), (0, 8), (6, 9), (5, 7), (3, 4), (4, 5), (4, 8), (8, 9), (1, 3), (0, 1), (1, 9), (0, 7), (5, 6), (3, 6), (2, 4), (2, 7), (4, 7), (7, 9), (0, 3), (1, 2), (1, 8), (0, 6), (0, 9), (6, 7)]","[1.0, 1.0, 1.0, 1.0, 1.0, 1.0, 1.0, 1.0, 1.0, 1.0, 1.0, 1.0, 1.0, 1.0, 1.0, 1.0, 1.0, 1.0, 1.0, 1.0, 1.0, 1.0, 1.0, 1.0, 1.0, 1.0, 1.0, 1.0, 1.0, 1.0]"
78341803,10,20,2,25.0,False,True,"[1, 1, 1]",10.194364037160504,20.712763745817313,10.356381872908656,6.9580219735709825,6.202589807374618,6.732815915621717,6.410519663423412,0.62882977692927,,1.6598685367517945,1.0152760323551853,7.240453931799309,,0.7102408649923037,,,,156.4476068019867,7413.321061134338,True,7256.880020618439,0.006548643112182617,0.0,7256.880020618439,Results/warm_start_cache/experiment_3/random_graphs_8to14vertices_78instances_20260625_143415_AdjacencyList__filehash_a79662a0/hog_idx000031_612e090dced1_seed42_L2_M2_amplified.npz,156.45525574684143,2026-07-22 20:46:46,x86_64,dacsgpu0002,,64,64,3.11.15,0.75,False,False,adam,True,2,20,hamqaoa,0.01,44,standard,2,2,42,scs,1e-06,100000,False,False,False,hog,False,True,False,False,False,False,True,1,HOG_graphs/random_graphs_8to14vertices_78instances_20260625_143415_AdjacencyList.txt,True,Results/warm_start_cache/experiment_3,512,60,0,32,1,1,100,100,5,3,5,1,42,31,"[(3, 5), (4, 6), (0, 2), (6, 9), (5, 7), (3, 4), (2, 8), (4, 5), (8, 9), (1, 3), (0, 1), (1, 6), (1, 9), (6, 8), (5, 6), (2, 4), (7, 9), (1, 2), (5, 8), (6, 7)]","[1.0, 1.0, 1.0, 1.0, 1.0, 1.0, 1.0, 1.0, 1.0, 1.0, 1.0, 1.0, 1.0, 1.0, 1.0, 1.0, 1.0, 1.0, 1.0, 1.0]"
3344f8b8,10,20,2,25.0,False,True,"[1, 1, 1]",10.007511103462296,20.22149392275839,10.110746961379196,7.149055159050906,6.090759150971098,6.901126552374718,6.820789682590647,0.6815670362065209,,0.04248579484558768,-0.11818794472255512,6.8420325800134405,,0.6836897315703506,,,,158.1532437801361,7431.176221609116,True,7273.030387878418,0.007394313812255859,0.0,7273.030387878418,Results/warm_start_cache/experiment_3/random_graphs_8to14vertices_78instances_20260625_143415_AdjacencyList__filehash_a79662a0/hog_idx000030_1eaa2b3db787_seed42_L2_M2_amplified.npz,158.16096997261047,2026-07-22 20:46:48,x86_64,dacsgpu0002,,64,64,3.11.15,0.74,False,False,adam,True,2,20,hamqaoa,0.01,44,standard,2,2,42,scs,1e-06,100000,False,False,False,hog,False,True,False,False,False,False,True,1,HOG_graphs/random_graphs_8to14vertices_78instances_20260625_143415_AdjacencyList.txt,True,Results/warm_start_cache/experiment_3,512,60,0,32,1,1,100,100,5,3,5,1,42,30,"[(2, 3), (3, 5), (4, 6), (7, 8), (0, 2), (0, 8), (1, 7), (5, 7), (3, 4), (4, 5), (8, 9), (1, 3), (0, 1), (6, 8), (2, 4), (7, 9), (1, 2), (1, 5), (0, 9), (6, 7)]","[1.0, 1.0, 1.0, 1.0, 1.0, 1.0, 1.0, 1.0, 1.0, 1.0, 1.0, 1.0, 1.0, 1.0, 1.0, 1.0, 1.0, 1.0, 1.0, 1.0]"
1c999018,10,30,2,25.0,False,True,"[1, 1, 1]",13.183472067497764,26.465226829674,13.232613414837,8.945867212581511,8.218353798191236,8.813452416562615,7.284578975769759,0.5525539052590703,,2.986908451977884,-0.0708384296078286,8.778033201758701,,0.6658362195342961,,,,158.5161473751068,7505.100928783417,True,7346.624039649963,0.03923654556274414,0.0,7346.624039649963,Results/warm_start_cache/experiment_3/random_graphs_8to14vertices_78instances_20260625_143415_AdjacencyList__filehash_a79662a0/hog_idx000033_5cf57437af49_seed42_L2_M2_amplified.npz,158.55318307876587,2026-07-22 20:46:52,x86_64,dacsgpu0002,,64,64,3.11.15,0.75,False,False,adam,True,2,20,hamqaoa,0.01,44,standard,2,2,42,scs,1e-06,100000,False,False,False,hog,False,True,False,False,False,False,True,1,HOG_graphs/random_graphs_8to14vertices_78instances_20260625_143415_AdjacencyList.txt,True,Results/warm_start_cache/experiment_3,512,60,0,32,1,1,100,100,5,3,5,1,42,33,"[(2, 3), (3, 8), (2, 6), (3, 5), (7, 8), (1, 4), (0, 2), (6, 9), (3, 4), (2, 8), (4, 5), (3, 7), (2, 5), (4, 8), (8, 9), (1, 3), (1, 6), (1, 9), (0, 7), (6, 8), (5, 6), (5, 9), (2, 4), (3, 9), (7, 9), (0, 3), (0, 6), (1, 5), (0, 9), (6, 7)]","[1.0, 1.0, 1.0, 1.0, 1.0, 1.0, 1.0, 1.0, 1.0, 1.0, 1.0, 1.0, 1.0, 1.0, 1.0, 1.0, 1.0, 1.0, 1.0, 1.0, 1.0, 1.0, 1.0, 1.0, 1.0, 1.0, 1.0, 1.0, 1.0, 1.0]"
3b46e913,10,20,1,50.0,False,True,"[1, 1, 1]",10.194364037160504,20.712763745817313,10.356381872908656,6.9580219735709825,6.202589807374618,6.732815915621717,6.410519663423412,0.62882977692927,,0.6671889110447342,0.02259640664812501,6.744114118945779,,0.6615531968803673,,,,169.1573178768158,7426.030593395233,True,7256.880020618439,0.006732940673828125,0.0,7256.880020618439,Results/warm_start_cache/experiment_3/random_graphs_8to14vertices_78instances_20260625_143415_AdjacencyList__filehash_a79662a0/hog_idx000031_612e090dced1_seed42_L2_M2_amplified.npz,169.16425943374634,2026-07-22 20:46:59,x86_64,dacsgpu0002,,64,64,3.11.15,0.51,False,False,adam,True,2,20,hamqaoa,0.01,44,standard,2,2,42,scs,1e-06,100000,False,False,False,hog,False,True,False,False,False,False,True,1,HOG_graphs/random_graphs_8to14vertices_78instances_20260625_143415_AdjacencyList.txt,True,Results/warm_start_cache/experiment_3,512,60,0,32,1,1,100,100,5,3,5,1,42,31,"[(3, 5), (4, 6), (0, 2), (6, 9), (5, 7), (3, 4), (2, 8), (4, 5), (8, 9), (1, 3), (0, 1), (1, 6), (1, 9), (6, 8), (5, 6), (2, 4), (7, 9), (1, 2), (5, 8), (6, 7)]","[1.0, 1.0, 1.0, 1.0, 1.0, 1.0, 1.0, 1.0, 1.0, 1.0, 1.0, 1.0, 1.0, 1.0, 1.0, 1.0, 1.0, 1.0, 1.0, 1.0]"
4114eb0c,10,30,1,50.0,False,True,"[1, 1, 1]",13.11746614058643,26.375889852264635,13.187944926132317,9.45675987428786,8.22648192320201,9.249531317381312,8.387120374219363,0.6393857079050488,,0.13868145737212245,-1.5861404289517758,8.456461102905424,,0.644671845329983,,,,168.4376299381256,7339.161814689636,True,7170.753071784973,0.028872966766357422,0.0,7170.753071784973,Results/warm_start_cache/experiment_3/random_graphs_8to14vertices_78instances_20260625_143415_AdjacencyList__filehash_a79662a0/hog_idx000032_8a2cd1945660_seed42_L2_M2_amplified.npz,168.4641854763031,2026-07-22 20:46:59,x86_64,dacsgpu0002,,64,64,3.11.15,0.51,False,False,adam,True,2,20,hamqaoa,0.01,44,standard,2,2,42,scs,1e-06,100000,False,False,False,hog,False,True,False,False,False,False,True,1,HOG_graphs/random_graphs_8to14vertices_78instances_20260625_143415_AdjacencyList.txt,True,Results/warm_start_cache/experiment_3,512,60,0,32,1,1,100,100,5,3,5,1,42,32,"[(2, 3), (3, 5), (2, 9), (4, 6), (7, 8), (0, 5), (1, 4), (0, 8), (6, 9), (5, 7), (3, 4), (4, 5), (4, 8), (8, 9), (1, 3), (0, 1), (1, 9), (0, 7), (5, 6), (3, 6), (2, 4), (2, 7), (4, 7), (7, 9), (0, 3), (1, 2), (1, 8), (0, 6), (0, 9), (6, 7)]","[1.0, 1.0, 1.0, 1.0, 1.0, 1.0, 1.0, 1.0, 1.0, 1.0, 1.0, 1.0, 1.0, 1.0, 1.0, 1.0, 1.0, 1.0, 1.0, 1.0, 1.0, 1.0, 1.0, 1.0, 1.0, 1.0, 1.0, 1.0, 1.0, 1.0]"
9a9c880d,10,20,1,50.0,False,True,"[1, 1, 1]",10.007511103462296,20.22149392275839,10.110746961379196,7.149055159050906,6.090759150971098,6.901126552374718,6.820789682590647,0.6815670362065209,,0.02781686477881884,-0.13285687478932395,6.834698114980056,,0.6829568355527937,,,,170.54847931861877,7443.571799039841,True,7273.030387878418,0.007049083709716797,0.0,7273.030387878418,Results/warm_start_cache/experiment_3/random_graphs_8to14vertices_78instances_20260625_143415_AdjacencyList__filehash_a79662a0/hog_idx000030_1eaa2b3db787_seed42_L2_M2_amplified.npz,170.55926275253296,2026-07-22 20:47:01,x86_64,dacsgpu0002,,64,64,3.11.15,0.51,False,False,adam,True,2,20,hamqaoa,0.01,44,standard,2,2,42,scs,1e-06,100000,False,False,False,hog,False,True,False,False,False,False,True,1,HOG_graphs/random_graphs_8to14vertices_78instances_20260625_143415_AdjacencyList.txt,True,Results/warm_start_cache/experiment_3,512,60,0,32,1,1,100,100,5,3,5,1,42,30,"[(2, 3), (3, 5), (4, 6), (7, 8), (0, 2), (0, 8), (1, 7), (5, 7), (3, 4), (4, 5), (8, 9), (1, 3), (0, 1), (6, 8), (2, 4), (7, 9), (1, 2), (1, 5), (0, 9), (6, 7)]","[1.0, 1.0, 1.0, 1.0, 1.0, 1.0, 1.0, 1.0, 1.0, 1.0, 1.0, 1.0, 1.0, 1.0, 1.0, 1.0, 1.0, 1.0, 1.0, 1.0]"
bf9b05f2,10,30,1,50.0,False,True,"[1, 1, 1]",13.183472067497764,26.465226829674,13.232613414837,8.945867212581511,8.218353798191236,8.813452416562615,7.284578975769759,0.5525539052590703,,1.9367703016343985,-1.1209765799513143,8.252964126586958,,0.6260083902277633,,,,166.65537691116333,7513.264615058899,True,7346.624039649963,0.014783143997192383,0.0,7346.624039649963,Results/warm_start_cache/experiment_3/random_graphs_8to14vertices_78instances_20260625_143415_AdjacencyList__filehash_a79662a0/hog_idx000033_5cf57437af49_seed42_L2_M2_amplified.npz,166.69108867645264,2026-07-22 20:47:01,x86_64,dacsgpu0002,,64,64,3.11.15,0.51,False,False,adam,True,2,20,hamqaoa,0.01,44,standard,2,2,42,scs,1e-06,100000,False,False,False,hog,False,True,False,False,False,False,True,1,HOG_graphs/random_graphs_8to14vertices_78instances_20260625_143415_AdjacencyList.txt,True,Results/warm_start_cache/experiment_3,512,60,0,32,1,1,100,100,5,3,5,1,42,33,"[(2, 3), (3, 8), (2, 6), (3, 5), (7, 8), (1, 4), (0, 2), (6, 9), (3, 4), (2, 8), (4, 5), (3, 7), (2, 5), (4, 8), (8, 9), (1, 3), (1, 6), (1, 9), (0, 7), (6, 8), (5, 6), (5, 9), (2, 4), (3, 9), (7, 9), (0, 3), (0, 6), (1, 5), (0, 9), (6, 7)]","[1.0, 1.0, 1.0, 1.0, 1.0, 1.0, 1.0, 1.0, 1.0, 1.0, 1.0, 1.0, 1.0, 1.0, 1.0, 1.0, 1.0, 1.0, 1.0, 1.0, 1.0, 1.0, 1.0, 1.0, 1.0, 1.0, 1.0, 1.0, 1.0, 1.0]"
9aad9b49,10,20,2,50.0,False,True,"[1, 1, 1]",10.007511103462296,20.22149392275839,10.110746961379196,7.149055159050906,6.090759150971098,6.901126552374718,6.820789682590647,0.6815670362065209,,0.0,-0.1606737395681428,6.820789682590647,,0.6815670362065209,,,,175.47382378578186,7448.494932174683,True,7273.030387878418,0.009266376495361328,0.0,7273.030387878418,Results/warm_start_cache/experiment_3/random_graphs_8to14vertices_78instances_20260625_143415_AdjacencyList__filehash_a79662a0/hog_idx000030_1eaa2b3db787_seed42_L2_M2_amplified.npz,175.4826741218567,2026-07-22 20:47:06,x86_64,dacsgpu0002,,64,64,3.11.15,0.75,False,False,adam,True,2,20,hamqaoa,0.01,44,standard,2,2,42,scs,1e-06,100000,False,False,False,hog,False,True,False,False,False,False,True,1,HOG_graphs/random_graphs_8to14vertices_78instances_20260625_143415_AdjacencyList.txt,True,Results/warm_start_cache/experiment_3,512,60,0,32,1,1,100,100,5,3,5,1,42,30,"[(2, 3), (3, 5), (4, 6), (7, 8), (0, 2), (0, 8), (1, 7), (5, 7), (3, 4), (4, 5), (8, 9), (1, 3), (0, 1), (6, 8), (2, 4), (7, 9), (1, 2), (1, 5), (0, 9), (6, 7)]","[1.0, 1.0, 1.0, 1.0, 1.0, 1.0, 1.0, 1.0, 1.0, 1.0, 1.0, 1.0, 1.0, 1.0, 1.0, 1.0, 1.0, 1.0, 1.0, 1.0]"
574f8cd7,10,30,2,50.0,False,True,"[1, 1, 1]",13.11746614058643,26.375889852264635,13.187944926132317,9.45675987428786,8.22648192320201,9.249531317381312,8.387120374219363,0.6393857079050488,,0.14144507305508824,-1.58337681326881,8.457842910746907,,0.6447771863940782,,,,174.07310461997986,7344.808793306351,True,7170.753071784973,0.017369747161865234,0.0,7170.753071784973,Results/warm_start_cache/experiment_3/random_graphs_8to14vertices_78instances_20260625_143415_AdjacencyList__filehash_a79662a0/hog_idx000032_8a2cd1945660_seed42_L2_M2_amplified.npz,174.12254667282104,2026-07-22 20:47:06,x86_64,dacsgpu0002,,64,64,3.11.15,0.74,False,False,adam,True,2,20,hamqaoa,0.01,44,standard,2,2,42,scs,1e-06,100000,False,False,False,hog,False,True,False,False,False,False,True,1,HOG_graphs/random_graphs_8to14vertices_78instances_20260625_143415_AdjacencyList.txt,True,Results/warm_start_cache/experiment_3,512,60,0,32,1,1,100,100,5,3,5,1,42,32,"[(2, 3), (3, 5), (2, 9), (4, 6), (7, 8), (0, 5), (1, 4), (0, 8), (6, 9), (5, 7), (3, 4), (4, 5), (4, 8), (8, 9), (1, 3), (0, 1), (1, 9), (0, 7), (5, 6), (3, 6), (2, 4), (2, 7), (4, 7), (7, 9), (0, 3), (1, 2), (1, 8), (0, 6), (0, 9), (6, 7)]","[1.0, 1.0, 1.0, 1.0, 1.0, 1.0, 1.0, 1.0, 1.0, 1.0, 1.0, 1.0, 1.0, 1.0, 1.0, 1.0, 1.0, 1.0, 1.0, 1.0, 1.0, 1.0, 1.0, 1.0, 1.0, 1.0, 1.0, 1.0, 1.0, 1.0]"
f8eec842,10,20,2,50.0,False,True,"[1, 1, 1]",10.194364037160504,20.712763745817313,10.356381872908656,6.9580219735709825,6.202589807374618,6.732815915621717,6.410519663423412,0.62882977692927,,2.319678855025714,1.6750863506291047,7.570359090936269,,0.7426023892555523,,,,175.9149775505066,7432.786831378937,True,7256.880020618439,0.008153915405273438,0.0,7256.880020618439,Results/warm_start_cache/experiment_3/random_graphs_8to14vertices_78instances_20260625_143415_AdjacencyList__filehash_a79662a0/hog_idx000031_612e090dced1_seed42_L2_M2_amplified.npz,175.92540431022644,2026-07-22 20:47:06,x86_64,dacsgpu0002,,64,64,3.11.15,0.75,False,False,adam,True,2,20,hamqaoa,0.01,44,standard,2,2,42,scs,1e-06,100000,False,False,False,hog,False,True,False,False,False,False,True,1,HOG_graphs/random_graphs_8to14vertices_78instances_20260625_143415_AdjacencyList.txt,True,Results/warm_start_cache/experiment_3,512,60,0,32,1,1,100,100,5,3,5,1,42,31,"[(3, 5), (4, 6), (0, 2), (6, 9), (5, 7), (3, 4), (2, 8), (4, 5), (8, 9), (1, 3), (0, 1), (1, 6), (1, 9), (6, 8), (5, 6), (2, 4), (7, 9), (1, 2), (5, 8), (6, 7)]","[1.0, 1.0, 1.0, 1.0, 1.0, 1.0, 1.0, 1.0, 1.0, 1.0, 1.0, 1.0, 1.0, 1.0, 1.0, 1.0, 1.0, 1.0, 1.0, 1.0]"
d8c01c74,10,21,2,50.0,False,True,"[1, 1, 1]",10.728389772882371,21.53806010303666,10.76903005151833,6.414864972090608,6.570702775798184,6.025932736742903,6.392332811378727,0.59583338662213,,1.3079711393339366,2.040771288605585,7.046318381045696,,0.656791795433862,,,,176.46457266807556,7419.267465829849,True,7242.810950040817,0.008045196533203125,0.0,7242.810950040817,Results/warm_start_cache/experiment_3/random_graphs_8to14vertices_78instances_20260625_143415_AdjacencyList__filehash_a79662a0/hog_idx000029_6ab61980f5b9_seed42_L2_M2_amplified.npz,176.47291445732117,2026-07-22 20:47:06,x86_64,dacsgpu0002,,64,64,3.11.15,0.74,False,False,adam,True,2,20,hamqaoa,0.01,44,standard,2,2,42,scs,1e-06,100000,False,False,False,hog,False,True,False,False,False,False,True,1,HOG_graphs/random_graphs_8to14vertices_78instances_20260625_143415_AdjacencyList.txt,True,Results/warm_start_cache/experiment_3,512,60,0,32,1,1,100,100,5,3,5,1,42,29,"[(4, 6), (4, 9), (7, 8), (0, 5), (1, 4), (0, 2), (5, 7), (3, 7), (2, 5), (4, 8), (0, 1), (0, 4), (6, 8), (5, 6), (2, 4), (3, 9), (4, 7), (0, 3), (0, 6), (1, 5), (0, 9)]","[1.0, 1.0, 1.0, 1.0, 1.0, 1.0, 1.0, 1.0, 1.0, 1.0, 1.0, 1.0, 1.0, 1.0, 1.0, 1.0, 1.0, 1.0, 1.0, 1.0, 1.0]"
ee99a2bd,10,30,2,50.0,False,True,"[1, 1, 1]",13.183472067497764,26.465226829674,13.232613414837,8.945867212581511,8.218353798191236,8.813452416562615,7.284578975769759,0.5525539052590703,,3.135042556135504,0.07729567454979147,8.852100253837511,,0.6714543944505545,,,,266.7087564468384,7613.325170040131,True,7346.624039649963,0.007607221603393555,0.0,7346.624039649963,Results/warm_start_cache/experiment_3/random_graphs_8to14vertices_78instances_20260625_143415_AdjacencyList__filehash_a79662a0/hog_idx000033_5cf57437af49_seed42_L2_M2_amplified.npz,266.71713042259216,2026-07-22 20:56:54,x86_64,dacsgpu0002,,64,64,3.11.15,0.75,False,False,adam,True,2,20,hamqaoa,0.01,44,standard,2,2,42,scs,1e-06,100000,False,False,False,hog,False,True,False,False,False,False,True,1,HOG_graphs/random_graphs_8to14vertices_78instances_20260625_143415_AdjacencyList.txt,True,Results/warm_start_cache/experiment_3,512,60,0,32,1,1,100,100,5,3,5,1,42,33,"[(2, 3), (3, 8), (2, 6), (3, 5), (7, 8), (1, 4), (0, 2), (6, 9), (3, 4), (2, 8), (4, 5), (3, 7), (2, 5), (4, 8), (8, 9), (1, 3), (1, 6), (1, 9), (0, 7), (6, 8), (5, 6), (5, 9), (2, 4), (3, 9), (7, 9), (0, 3), (0, 6), (1, 5), (0, 9), (6, 7)]","[1.0, 1.0, 1.0, 1.0, 1.0, 1.0, 1.0, 1.0, 1.0, 1.0, 1.0, 1.0, 1.0, 1.0, 1.0, 1.0, 1.0, 1.0, 1.0, 1.0, 1.0, 1.0, 1.0, 1.0, 1.0, 1.0, 1.0, 1.0, 1.0, 1.0]"
c793ff4b,11,22,1,5.0,False,True,"[1, 1, 1]",11.845835456182591,24.497378763883574,12.248689381941787,6.836557402358389,7.222301638405985,6.596787059253376,5.365472547646068,0.45294167452289863,,0.664182740346348,-1.7984462828682695,5.697563917819242,,0.4809761150992151,,,,946.4872229099274,17783.273606300354,True,16836.798031568527,0.011627197265625,0.0,16836.798031568527,Results/warm_start_cache/experiment_3/random_graphs_8to14vertices_78instances_20260625_143415_AdjacencyList__filehash_a79662a0/hog_idx000037_16671258e77c_seed42_L2_M2_amplified.npz,946.4989330768585,2026-07-22 21:08:16,x86_64,dacsgpu0002,,64,64,3.11.15,1.1,False,False,adam,True,2,20,hamqaoa,0.01,44,standard,2,2,42,scs,1e-06,100000,False,False,False,hog,False,True,False,False,False,False,True,1,HOG_graphs/random_graphs_8to14vertices_78instances_20260625_143415_AdjacencyList.txt,True,Results/warm_start_cache/experiment_3,512,60,0,32,1,1,100,100,5,3,5,1,42,37,"[(2, 3), (0, 5), (8, 10), (1, 10), (6, 9), (3, 4), (2, 8), (4, 5), (2, 5), (4, 8), (7, 10), (1, 3), (9, 10), (1, 6), (0, 4), (0, 7), (6, 8), (3, 9), (2, 7), (7, 9), (0, 6), (1, 5)]","[1.0, 1.0, 1.0, 1.0, 1.0, 1.0, 1.0, 1.0, 1.0, 1.0, 1.0, 1.0, 1.0, 1.0, 1.0, 1.0, 1.0, 1.0, 1.0, 1.0, 1.0, 1.0]"
054e712f,11,25,1,5.0,False,True,"[1, 1, 1]",11.640646219934219,23.711954830171575,11.855977415085787,8.046831035480547,7.219064274706059,7.823445384339624,6.530117992535755,0.5609755566106928,,0.5213878660410529,-2.065266917566685,6.790811925556281,,0.5833706992939311,,,,947.7407562732697,18587.370197057724,True,17639.648475170135,0.019011735916137695,0.0,17639.648475170135,Results/warm_start_cache/experiment_3/random_graphs_8to14vertices_78instances_20260625_143415_AdjacencyList__filehash_a79662a0/hog_idx000035_fe0f89ed78b4_seed42_L2_M2_amplified.npz,947.759402513504,2026-07-22 21:08:17,x86_64,dacsgpu0002,,64,64,3.11.15,1.1,False,False,adam,True,2,20,hamqaoa,0.01,44,standard,2,2,42,scs,1e-06,100000,False,False,False,hog,False,True,False,False,False,False,True,1,HOG_graphs/random_graphs_8to14vertices_78instances_20260625_143415_AdjacencyList.txt,True,Results/warm_start_cache/experiment_3,512,60,0,32,1,1,100,100,5,3,5,1,42,35,"[(2, 3), (2, 6), (4, 9), (0, 5), (0, 2), (0, 8), (1, 7), (5, 7), (4, 5), (2, 5), (0, 1), (1, 6), (0, 7), (6, 8), (5, 6), (5, 9), (2, 4), (3, 9), (2, 7), (4, 10), (7, 9), (0, 3), (0, 6), (5, 8), (6, 7)]","[1.0, 1.0, 1.0, 1.0, 1.0, 1.0, 1.0, 1.0, 1.0, 1.0, 1.0, 1.0, 1.0, 1.0, 1.0, 1.0, 1.0, 1.0, 1.0, 1.0, 1.0, 1.0, 1.0, 1.0, 1.0]"
3f717c24,11,34,1,5.0,False,True,"[1, 1, 1]",14.24851682406329,29.051774411354003,14.525887205677002,9.892015036390225,9.019190298295024,9.771682759712096,8.926098226661049,0.6264580613461751,,1.1296995872338549,-0.56146947886824,9.490948020277976,,0.6661007694674158,,,,950.2038350105286,17882.666137695312,True,16932.470155000687,0.007825613021850586,0.0,16932.470155000687,Results/warm_start_cache/experiment_3/random_graphs_8to14vertices_78instances_20260625_143415_AdjacencyList__filehash_a79662a0/hog_idx000036_8bd98c4a5102_seed42_L2_M2_amplified.npz,950.2110714912415,2026-07-22 21:08:18,x86_64,dacsgpu0002,,64,64,3.11.15,1.1,False,False,adam,True,2,20,hamqaoa,0.01,44,standard,2,2,42,scs,1e-06,100000,False,False,False,hog,False,True,False,False,False,False,True,1,HOG_graphs/random_graphs_8to14vertices_78instances_20260625_143415_AdjacencyList.txt,True,Results/warm_start_cache/experiment_3,512,60,0,32,1,1,100,100,5,3,5,1,42,36,"[(2, 3), (4, 6), (8, 10), (1, 4), (1, 10), (1, 7), (5, 10), (5, 7), (3, 4), (2, 8), (3, 7), (2, 5), (4, 8), (7, 10), (8, 9), (1, 3), (9, 10), (1, 6), (0, 4), (0, 10), (1, 9), (0, 7), (6, 8), (5, 9), (2, 4), (3, 9), (2, 7), (4, 10), (4, 7), (1, 2), (1, 8), (6, 10), (5, 8), (6, 7)]","[1.0, 1.0, 1.0, 1.0, 1.0, 1.0, 1.0, 1.0, 1.0, 1.0, 1.0, 1.0, 1.0, 1.0, 1.0, 1.0, 1.0, 1.0, 1.0, 1.0, 1.0, 1.0, 1.0, 1.0, 1.0, 1.0, 1.0, 1.0, 1.0, 1.0, 1.0, 1.0, 1.0, 1.0]"
3d1eeb30,11,14,1,5.0,False,True,"[1, 1, 1]",7.910386739873229,15.920925233176272,7.960462616588136,3.685023110400792,4.718348486609782,3.5343076275457816,3.5100072252891192,0.44372131739103443,,1.553892173881823,1.5052913693684982,4.286953312230031,,0.5419397879273261,,,,967.5403563976288,19931.947638511658,True,18964.42018175125,0.012877702713012695,0.0,18964.42018175125,Results/warm_start_cache/experiment_3/random_graphs_8to14vertices_78instances_20260625_143415_AdjacencyList__filehash_a79662a0/hog_idx000034_b5b865ab4251_seed42_L2_M2_amplified.npz,967.5581891536713,2026-07-22 21:08:37,x86_64,dacsgpu0002,,64,64,3.11.15,1.1,False,False,adam,True,2,20,hamqaoa,0.01,44,standard,2,2,42,scs,1e-06,100000,False,False,False,hog,False,True,False,False,False,False,True,1,HOG_graphs/random_graphs_8to14vertices_78instances_20260625_143415_AdjacencyList.txt,True,Results/warm_start_cache/experiment_3,512,60,0,32,1,1,100,100,5,3,5,1,42,34,"[(3, 9), (0, 4), (0, 10), (1, 9), (2, 9), (7, 8), (5, 9), (0, 9), (7, 10), (4, 8), (6, 10), (1, 10), (0, 8), (6, 7)]","[1.0, 1.0, 1.0, 1.0, 1.0, 1.0, 1.0, 1.0, 1.0, 1.0, 1.0, 1.0, 1.0, 1.0]"
d890848c,11,22,2,5.0,False,True,"[1, 1, 1]",11.845835456182591,24.497378763883574,12.248689381941787,6.836557402358389,7.222301638405985,6.596787059253376,5.365472547646068,0.45294167452289863,,1.5881219066376389,-0.8745071165769787,6.159533500964887,,0.5199745956077836,,,,973.8942263126373,17810.680522441864,True,16836.798031568527,0.011714935302734375,0.0,16836.798031568527,Results/warm_start_cache/experiment_3/random_graphs_8to14vertices_78instances_20260625_143415_AdjacencyList__filehash_a79662a0/hog_idx000037_16671258e77c_seed42_L2_M2_amplified.npz,973.9182295799255,2026-07-22 21:08:43,x86_64,dacsgpu0002,,64,64,3.11.15,2.0,False,False,adam,True,2,20,hamqaoa,0.01,44,standard,2,2,42,scs,1e-06,100000,False,False,False,hog,False,True,False,False,False,False,True,1,HOG_graphs/random_graphs_8to14vertices_78instances_20260625_143415_AdjacencyList.txt,True,Results/warm_start_cache/experiment_3,512,60,0,32,1,1,100,100,5,3,5,1,42,37,"[(2, 3), (0, 5), (8, 10), (1, 10), (6, 9), (3, 4), (2, 8), (4, 5), (2, 5), (4, 8), (7, 10), (1, 3), (9, 10), (1, 6), (0, 4), (0, 7), (6, 8), (3, 9), (2, 7), (7, 9), (0, 6), (1, 5)]","[1.0, 1.0, 1.0, 1.0, 1.0, 1.0, 1.0, 1.0, 1.0, 1.0, 1.0, 1.0, 1.0, 1.0, 1.0, 1.0, 1.0, 1.0, 1.0, 1.0, 1.0, 1.0]"
ed8ab0eb,11,14,2,5.0,False,True,"[1, 1, 1]",7.910386739873229,15.920925233176272,7.960462616588136,3.685023110400792,4.718348486609782,3.5343076275457816,3.5100072252891192,0.44372131739103443,,1.331621383751906,1.2830205792385811,4.175817917165072,,0.5278904880991941,,,,983.6553015708923,19948.06480026245,True,18964.42018175125,0.010662555694580078,0.0,18964.42018175125,Results/warm_start_cache/experiment_3/random_graphs_8to14vertices_78instances_20260625_143415_AdjacencyList__filehash_a79662a0/hog_idx000034_b5b865ab4251_seed42_L2_M2_amplified.npz,983.6669249534607,2026-07-22 21:08:53,x86_64,dacsgpu0002,,64,64,3.11.15,2.0,False,False,adam,True,2,20,hamqaoa,0.01,44,standard,2,2,42,scs,1e-06,100000,False,False,False,hog,False,True,False,False,False,False,True,1,HOG_graphs/random_graphs_8to14vertices_78instances_20260625_143415_AdjacencyList.txt,True,Results/warm_start_cache/experiment_3,512,60,0,32,1,1,100,100,5,3,5,1,42,34,"[(3, 9), (0, 4), (0, 10), (1, 9), (2, 9), (7, 8), (5, 9), (0, 9), (7, 10), (4, 8), (6, 10), (1, 10), (0, 8), (6, 7)]","[1.0, 1.0, 1.0, 1.0, 1.0, 1.0, 1.0, 1.0, 1.0, 1.0, 1.0, 1.0, 1.0, 1.0]"
069d38c1,11,34,2,5.0,False,True,"[1, 1, 1]",14.24851682406329,29.051774411354003,14.525887205677002,9.892015036390225,9.019190298295024,9.771682759712096,8.926098226661049,0.6264580613461751,,2.2114419743168696,0.5202729082147748,10.031819213819483,,0.7040605936526299,,,,985.9727921485901,17918.431269168854,True,16932.470155000687,0.011657476425170898,0.0,16932.470155000687,Results/warm_start_cache/experiment_3/random_graphs_8to14vertices_78instances_20260625_143415_AdjacencyList__filehash_a79662a0/hog_idx000036_8bd98c4a5102_seed42_L2_M2_amplified.npz,985.9956998825073,2026-07-22 21:08:54,x86_64,dacsgpu0002,,64,64,3.11.15,1.99,False,False,adam,True,2,20,hamqaoa,0.01,44,standard,2,2,42,scs,1e-06,100000,False,False,False,hog,False,True,False,False,False,False,True,1,HOG_graphs/random_graphs_8to14vertices_78instances_20260625_143415_AdjacencyList.txt,True,Results/warm_start_cache/experiment_3,512,60,0,32,1,1,100,100,5,3,5,1,42,36,"[(2, 3), (4, 6), (8, 10), (1, 4), (1, 10), (1, 7), (5, 10), (5, 7), (3, 4), (2, 8), (3, 7), (2, 5), (4, 8), (7, 10), (8, 9), (1, 3), (9, 10), (1, 6), (0, 4), (0, 10), (1, 9), (0, 7), (6, 8), (5, 9), (2, 4), (3, 9), (2, 7), (4, 10), (4, 7), (1, 2), (1, 8), (6, 10), (5, 8), (6, 7)]","[1.0, 1.0, 1.0, 1.0, 1.0, 1.0, 1.0, 1.0, 1.0, 1.0, 1.0, 1.0, 1.0, 1.0, 1.0, 1.0, 1.0, 1.0, 1.0, 1.0, 1.0, 1.0, 1.0, 1.0, 1.0, 1.0, 1.0, 1.0, 1.0, 1.0, 1.0, 1.0, 1.0, 1.0]"
10bf38b6,11,25,2,5.0,False,True,"[1, 1, 1]",11.640646219934219,23.711954830171575,11.855977415085787,8.046831035480547,7.219064274706059,7.823445384339624,6.530117992535755,0.5609755566106928,,1.8283047331640638,-0.7583500504436742,7.444270359117787,,0.6395066234699,,,,994.7818458080292,18634.41980266571,True,17639.648475170135,0.010497331619262695,0.0,17639.648475170135,Results/warm_start_cache/experiment_3/random_graphs_8to14vertices_78instances_20260625_143415_AdjacencyList__filehash_a79662a0/hog_idx000035_fe0f89ed78b4_seed42_L2_M2_amplified.npz,994.7962510585785,2026-07-22 21:09:02,x86_64,dacsgpu0002,,64,64,3.11.15,2.0,False,False,adam,True,2,20,hamqaoa,0.01,44,standard,2,2,42,scs,1e-06,100000,False,False,False,hog,False,True,False,False,False,False,True,1,HOG_graphs/random_graphs_8to14vertices_78instances_20260625_143415_AdjacencyList.txt,True,Results/warm_start_cache/experiment_3,512,60,0,32,1,1,100,100,5,3,5,1,42,35,"[(2, 3), (2, 6), (4, 9), (0, 5), (0, 2), (0, 8), (1, 7), (5, 7), (4, 5), (2, 5), (0, 1), (1, 6), (0, 7), (6, 8), (5, 6), (5, 9), (2, 4), (3, 9), (2, 7), (4, 10), (7, 9), (0, 3), (0, 6), (5, 8), (6, 7)]","[1.0, 1.0, 1.0, 1.0, 1.0, 1.0, 1.0, 1.0, 1.0, 1.0, 1.0, 1.0, 1.0, 1.0, 1.0, 1.0, 1.0, 1.0, 1.0, 1.0, 1.0, 1.0, 1.0, 1.0, 1.0]"
76096819,11,34,1,10.0,False,True,"[1, 1, 1]",14.24851682406329,29.051774411354003,14.525887205677002,9.892015036390225,9.019190298295024,9.771682759712096,8.926098226661049,0.6264580613461751,,0.881529154746417,-0.8096399113556778,9.366862804034257,,0.6573921285768664,,,,1018.5922026634216,17951.05104970932,True,16932.470155000687,0.01128840446472168,0.0,16932.470155000687,Results/warm_start_cache/experiment_3/random_graphs_8to14vertices_78instances_20260625_143415_AdjacencyList__filehash_a79662a0/hog_idx000036_8bd98c4a5102_seed42_L2_M2_amplified.npz,1018.6025767326355,2026-07-22 21:09:27,x86_64,dacsgpu0002,,64,64,3.11.15,1.1,False,False,adam,True,2,20,hamqaoa,0.01,44,standard,2,2,42,scs,1e-06,100000,False,False,False,hog,False,True,False,False,False,False,True,1,HOG_graphs/random_graphs_8to14vertices_78instances_20260625_143415_AdjacencyList.txt,True,Results/warm_start_cache/experiment_3,512,60,0,32,1,1,100,100,5,3,5,1,42,36,"[(2, 3), (4, 6), (8, 10), (1, 4), (1, 10), (1, 7), (5, 10), (5, 7), (3, 4), (2, 8), (3, 7), (2, 5), (4, 8), (7, 10), (8, 9), (1, 3), (9, 10), (1, 6), (0, 4), (0, 10), (1, 9), (0, 7), (6, 8), (5, 9), (2, 4), (3, 9), (2, 7), (4, 10), (4, 7), (1, 2), (1, 8), (6, 10), (5, 8), (6, 7)]","[1.0, 1.0, 1.0, 1.0, 1.0, 1.0, 1.0, 1.0, 1.0, 1.0, 1.0, 1.0, 1.0, 1.0, 1.0, 1.0, 1.0, 1.0, 1.0, 1.0, 1.0, 1.0, 1.0, 1.0, 1.0, 1.0, 1.0, 1.0, 1.0, 1.0, 1.0, 1.0, 1.0, 1.0]"
673c9372,11,25,1,10.0,False,True,"[1, 1, 1]",11.640646219934219,23.711954830171575,11.855977415085787,8.046831035480547,7.219064274706059,7.823445384339624,6.530117992535755,0.5609755566106928,,0.8688831818109737,-1.7177716017967644,6.9645595834412415,,0.5982966453799331,,,,1020.6969130039215,18660.335159540176,True,17639.648475170135,0.010210275650024414,0.0,17639.648475170135,Results/warm_start_cache/experiment_3/random_graphs_8to14vertices_78instances_20260625_143415_AdjacencyList__filehash_a79662a0/hog_idx000035_fe0f89ed78b4_seed42_L2_M2_amplified.npz,1020.7067923545837,2026-07-22 21:09:28,x86_64,dacsgpu0002,,64,64,3.11.15,1.1,False,False,adam,True,2,20,hamqaoa,0.01,44,standard,2,2,42,scs,1e-06,100000,False,False,False,hog,False,True,False,False,False,False,True,1,HOG_graphs/random_graphs_8to14vertices_78instances_20260625_143415_AdjacencyList.txt,True,Results/warm_start_cache/experiment_3,512,60,0,32,1,1,100,100,5,3,5,1,42,35,"[(2, 3), (2, 6), (4, 9), (0, 5), (0, 2), (0, 8), (1, 7), (5, 7), (4, 5), (2, 5), (0, 1), (1, 6), (0, 7), (6, 8), (5, 6), (5, 9), (2, 4), (3, 9), (2, 7), (4, 10), (7, 9), (0, 3), (0, 6), (5, 8), (6, 7)]","[1.0, 1.0, 1.0, 1.0, 1.0, 1.0, 1.0, 1.0, 1.0, 1.0, 1.0, 1.0, 1.0, 1.0, 1.0, 1.0, 1.0, 1.0, 1.0, 1.0, 1.0, 1.0, 1.0, 1.0, 1.0]"
7c1d9842,11,14,1,10.0,False,True,"[1, 1, 1]",7.910386739873229,15.920925233176272,7.960462616588136,3.685023110400792,4.718348486609782,3.5343076275457816,3.5100072252891192,0.44372131739103443,,1.152717992220043,1.1041171877067182,4.086366221399141,,0.5165823563089949,,,,1020.7587563991547,19985.16977405548,True,18964.42018175125,0.00914454460144043,0.0,18964.42018175125,Results/warm_start_cache/experiment_3/random_graphs_8to14vertices_78instances_20260625_143415_AdjacencyList__filehash_a79662a0/hog_idx000034_b5b865ab4251_seed42_L2_M2_amplified.npz,1020.7720422744751,2026-07-22 21:09:28,x86_64,dacsgpu0002,,64,64,3.11.15,1.1,False,False,adam,True,2,20,hamqaoa,0.01,44,standard,2,2,42,scs,1e-06,100000,False,False,False,hog,False,True,False,False,False,False,True,1,HOG_graphs/random_graphs_8to14vertices_78instances_20260625_143415_AdjacencyList.txt,True,Results/warm_start_cache/experiment_3,512,60,0,32,1,1,100,100,5,3,5,1,42,34,"[(3, 9), (0, 4), (0, 10), (1, 9), (2, 9), (7, 8), (5, 9), (0, 9), (7, 10), (4, 8), (6, 10), (1, 10), (0, 8), (6, 7)]","[1.0, 1.0, 1.0, 1.0, 1.0, 1.0, 1.0, 1.0, 1.0, 1.0, 1.0, 1.0, 1.0, 1.0]"
e3e90146,11,22,1,10.0,False,True,"[1, 1, 1]",11.845835456182591,24.497378763883574,12.248689381941787,6.836557402358389,7.222301638405985,6.596787059253376,5.365472547646068,0.45294167452289863,,0.49580630217560895,-1.9668227210390086,5.613375698733872,,0.47386912636914374,,,,1045.1642332077026,17881.94288301468,True,16836.798031568527,0.019361019134521484,0.0,16836.798031568527,Results/warm_start_cache/experiment_3/random_graphs_8to14vertices_78instances_20260625_143415_AdjacencyList__filehash_a79662a0/hog_idx000037_16671258e77c_seed42_L2_M2_amplified.npz,1045.1765887737274,2026-07-22 21:09:55,x86_64,dacsgpu0002,,64,64,3.11.15,1.1,False,False,adam,True,2,20,hamqaoa,0.01,44,standard,2,2,42,scs,1e-06,100000,False,False,False,hog,False,True,False,False,False,False,True,1,HOG_graphs/random_graphs_8to14vertices_78instances_20260625_143415_AdjacencyList.txt,True,Results/warm_start_cache/experiment_3,512,60,0,32,1,1,100,100,5,3,5,1,42,37,"[(2, 3), (0, 5), (8, 10), (1, 10), (6, 9), (3, 4), (2, 8), (4, 5), (2, 5), (4, 8), (7, 10), (1, 3), (9, 10), (1, 6), (0, 4), (0, 7), (6, 8), (3, 9), (2, 7), (7, 9), (0, 6), (1, 5)]","[1.0, 1.0, 1.0, 1.0, 1.0, 1.0, 1.0, 1.0, 1.0, 1.0, 1.0, 1.0, 1.0, 1.0, 1.0, 1.0, 1.0, 1.0, 1.0, 1.0, 1.0, 1.0]"
21b6cb3a,11,34,2,10.0,False,True,"[1, 1, 1]",14.24851682406329,29.051774411354003,14.525887205677002,9.892015036390225,9.019190298295024,9.771682759712096,8.926098226661049,0.6264580613461751,,1.2384868360441033,-0.4526822300579916,9.5453416446831,,0.6699182632512785,,,,1053.0926904678345,17985.55391740799,True,16932.470155000687,0.008907794952392578,0.0,16932.470155000687,Results/warm_start_cache/experiment_3/random_graphs_8to14vertices_78instances_20260625_143415_AdjacencyList__filehash_a79662a0/hog_idx000036_8bd98c4a5102_seed42_L2_M2_amplified.npz,1053.1016256809235,2026-07-22 21:10:01,x86_64,dacsgpu0002,,64,64,3.11.15,2.0,False,False,adam,True,2,20,hamqaoa,0.01,44,standard,2,2,42,scs,1e-06,100000,False,False,False,hog,False,True,False,False,False,False,True,1,HOG_graphs/random_graphs_8to14vertices_78instances_20260625_143415_AdjacencyList.txt,True,Results/warm_start_cache/experiment_3,512,60,0,32,1,1,100,100,5,3,5,1,42,36,"[(2, 3), (4, 6), (8, 10), (1, 4), (1, 10), (1, 7), (5, 10), (5, 7), (3, 4), (2, 8), (3, 7), (2, 5), (4, 8), (7, 10), (8, 9), (1, 3), (9, 10), (1, 6), (0, 4), (0, 10), (1, 9), (0, 7), (6, 8), (5, 9), (2, 4), (3, 9), (2, 7), (4, 10), (4, 7), (1, 2), (1, 8), (6, 10), (5, 8), (6, 7)]","[1.0, 1.0, 1.0, 1.0, 1.0, 1.0, 1.0, 1.0, 1.0, 1.0, 1.0, 1.0, 1.0, 1.0, 1.0, 1.0, 1.0, 1.0, 1.0, 1.0, 1.0, 1.0, 1.0, 1.0, 1.0, 1.0, 1.0, 1.0, 1.0, 1.0, 1.0, 1.0, 1.0, 1.0]"
8bfc253f,11,22,2,10.0,False,True,"[1, 1, 1]",11.845835456182591,24.497378763883574,12.248689381941787,6.836557402358389,7.222301638405985,6.596787059253376,5.365472547646068,0.45294167452289863,,1.8767714382739271,-0.5858575849406904,6.303858266783031,,0.5321581825191498,,,,1058.438348531723,17895.217058181763,True,16836.798031568527,0.019301652908325195,0.0,16836.798031568527,Results/warm_start_cache/experiment_3/random_graphs_8to14vertices_78instances_20260625_143415_AdjacencyList__filehash_a79662a0/hog_idx000037_16671258e77c_seed42_L2_M2_amplified.npz,1058.4691014289856,2026-07-22 21:10:08,x86_64,dacsgpu0002,,64,64,3.11.15,2.0,False,False,adam,True,2,20,hamqaoa,0.01,44,standard,2,2,42,scs,1e-06,100000,False,False,False,hog,False,True,False,False,False,False,True,1,HOG_graphs/random_graphs_8to14vertices_78instances_20260625_143415_AdjacencyList.txt,True,Results/warm_start_cache/experiment_3,512,60,0,32,1,1,100,100,5,3,5,1,42,37,"[(2, 3), (0, 5), (8, 10), (1, 10), (6, 9), (3, 4), (2, 8), (4, 5), (2, 5), (4, 8), (7, 10), (1, 3), (9, 10), (1, 6), (0, 4), (0, 7), (6, 8), (3, 9), (2, 7), (7, 9), (0, 6), (1, 5)]","[1.0, 1.0, 1.0, 1.0, 1.0, 1.0, 1.0, 1.0, 1.0, 1.0, 1.0, 1.0, 1.0, 1.0, 1.0, 1.0, 1.0, 1.0, 1.0, 1.0, 1.0, 1.0]"
0f081bb0,11,14,2,10.0,False,True,"[1, 1, 1]",7.910386739873229,15.920925233176272,7.960462616588136,3.685023110400792,4.718348486609782,3.5343076275457816,3.5100072252891192,0.44372131739103443,,1.9145746478848702,1.8659738433715454,4.467294549231554,,0.5647378182805695,,,,1073.792412519455,20038.204834222794,True,18964.42018175125,0.007740020751953125,0.0,18964.42018175125,Results/warm_start_cache/experiment_3/random_graphs_8to14vertices_78instances_20260625_143415_AdjacencyList__filehash_a79662a0/hog_idx000034_b5b865ab4251_seed42_L2_M2_amplified.npz,1073.8044245243073,2026-07-22 21:10:21,x86_64,dacsgpu0002,,64,64,3.11.15,2.0,False,False,adam,True,2,20,hamqaoa,0.01,44,standard,2,2,42,scs,1e-06,100000,False,False,False,hog,False,True,False,False,False,False,True,1,HOG_graphs/random_graphs_8to14vertices_78instances_20260625_143415_AdjacencyList.txt,True,Results/warm_start_cache/experiment_3,512,60,0,32,1,1,100,100,5,3,5,1,42,34,"[(3, 9), (0, 4), (0, 10), (1, 9), (2, 9), (7, 8), (5, 9), (0, 9), (7, 10), (4, 8), (6, 10), (1, 10), (0, 8), (6, 7)]","[1.0, 1.0, 1.0, 1.0, 1.0, 1.0, 1.0, 1.0, 1.0, 1.0, 1.0, 1.0, 1.0, 1.0]"
e570d759,11,25,2,10.0,False,True,"[1, 1, 1]",11.640646219934219,23.711954830171575,11.855977415085787,8.046831035480547,7.219064274706059,7.823445384339624,6.530117992535755,0.5609755566106928,,1.8751798198451919,-0.7114749637625462,7.467707902458351,,0.6415200463415983,,,,1074.3384847640991,18713.976669549942,True,17639.648475170135,0.010270357131958008,0.0,17639.648475170135,Results/warm_start_cache/experiment_3/random_graphs_8to14vertices_78instances_20260625_143415_AdjacencyList__filehash_a79662a0/hog_idx000035_fe0f89ed78b4_seed42_L2_M2_amplified.npz,1074.3471338748932,2026-07-22 21:10:21,x86_64,dacsgpu0002,,64,64,3.11.15,2.0,False,False,adam,True,2,20,hamqaoa,0.01,44,standard,2,2,42,scs,1e-06,100000,False,False,False,hog,False,True,False,False,False,False,True,1,HOG_graphs/random_graphs_8to14vertices_78instances_20260625_143415_AdjacencyList.txt,True,Results/warm_start_cache/experiment_3,512,60,0,32,1,1,100,100,5,3,5,1,42,35,"[(2, 3), (2, 6), (4, 9), (0, 5), (0, 2), (0, 8), (1, 7), (5, 7), (4, 5), (2, 5), (0, 1), (1, 6), (0, 7), (6, 8), (5, 6), (5, 9), (2, 4), (3, 9), (2, 7), (4, 10), (7, 9), (0, 3), (0, 6), (5, 8), (6, 7)]","[1.0, 1.0, 1.0, 1.0, 1.0, 1.0, 1.0, 1.0, 1.0, 1.0, 1.0, 1.0, 1.0, 1.0, 1.0, 1.0, 1.0, 1.0, 1.0, 1.0, 1.0, 1.0, 1.0, 1.0, 1.0]"
60bf09cb,11,22,1,25.0,False,True,"[1, 1, 1]",11.845835456182591,24.497378763883574,12.248689381941787,6.836557402358389,7.222301638405985,6.596787059253376,5.365472547646068,0.45294167452289863,,0.6071197852870984,-1.855509237927519,5.669032440289617,,0.47856754901409926,,,,1185.20725107193,18021.986133098602,True,16836.798031568527,0.019129037857055664,0.0,16836.798031568527,Results/warm_start_cache/experiment_3/random_graphs_8to14vertices_78instances_20260625_143415_AdjacencyList__filehash_a79662a0/hog_idx000037_16671258e77c_seed42_L2_M2_amplified.npz,1185.2363584041595,2026-07-22 21:12:15,x86_64,dacsgpu0002,,64,64,3.11.15,1.1,False,False,adam,True,2,20,hamqaoa,0.01,44,standard,2,2,42,scs,1e-06,100000,False,False,False,hog,False,True,False,False,False,False,True,1,HOG_graphs/random_graphs_8to14vertices_78instances_20260625_143415_AdjacencyList.txt,True,Results/warm_start_cache/experiment_3,512,60,0,32,1,1,100,100,5,3,5,1,42,37,"[(2, 3), (0, 5), (8, 10), (1, 10), (6, 9), (3, 4), (2, 8), (4, 5), (2, 5), (4, 8), (7, 10), (1, 3), (9, 10), (1, 6), (0, 4), (0, 7), (6, 8), (3, 9), (2, 7), (7, 9), (0, 6), (1, 5)]","[1.0, 1.0, 1.0, 1.0, 1.0, 1.0, 1.0, 1.0, 1.0, 1.0, 1.0, 1.0, 1.0, 1.0, 1.0, 1.0, 1.0, 1.0, 1.0, 1.0, 1.0, 1.0]"
2086f70f,11,25,1,25.0,False,True,"[1, 1, 1]",11.640646219934219,23.711954830171575,11.855977415085787,8.046831035480547,7.219064274706059,7.823445384339624,6.530117992535755,0.5609755566106928,,0.8892411832700304,-1.6974136003377076,6.97473858417077,,0.5991710814324691,,,,1192.8963763713837,18832.537054777145,True,17639.648475170135,0.00777745246887207,0.0,17639.648475170135,Results/warm_start_cache/experiment_3/random_graphs_8to14vertices_78instances_20260625_143415_AdjacencyList__filehash_a79662a0/hog_idx000035_fe0f89ed78b4_seed42_L2_M2_amplified.npz,1192.9332480430603,2026-07-22 21:12:20,x86_64,dacsgpu0002,,64,64,3.11.15,1.11,False,False,adam,True,2,20,hamqaoa,0.01,44,standard,2,2,42,scs,1e-06,100000,False,False,False,hog,False,True,False,False,False,False,True,1,HOG_graphs/random_graphs_8to14vertices_78instances_20260625_143415_AdjacencyList.txt,True,Results/warm_start_cache/experiment_3,512,60,0,32,1,1,100,100,5,3,5,1,42,35,"[(2, 3), (2, 6), (4, 9), (0, 5), (0, 2), (0, 8), (1, 7), (5, 7), (4, 5), (2, 5), (0, 1), (1, 6), (0, 7), (6, 8), (5, 6), (5, 9), (2, 4), (3, 9), (2, 7), (4, 10), (7, 9), (0, 3), (0, 6), (5, 8), (6, 7)]","[1.0, 1.0, 1.0, 1.0, 1.0, 1.0, 1.0, 1.0, 1.0, 1.0, 1.0, 1.0, 1.0, 1.0, 1.0, 1.0, 1.0, 1.0, 1.0, 1.0, 1.0, 1.0, 1.0, 1.0, 1.0]"
778b2f4f,11,14,1,25.0,False,True,"[1, 1, 1]",7.910386739873229,15.920925233176272,7.960462616588136,3.685023110400792,4.718348486609782,3.5343076275457816,3.5100072252891192,0.44372131739103443,,1.842307763969404,1.7937069594560793,4.431161107273821,,0.560169970570217,,,,1203.3854808807373,20167.794763565063,True,18964.42018175125,0.010879993438720703,0.0,18964.42018175125,Results/warm_start_cache/experiment_3/random_graphs_8to14vertices_78instances_20260625_143415_AdjacencyList__filehash_a79662a0/hog_idx000034_b5b865ab4251_seed42_L2_M2_amplified.npz,1203.4050197601318,2026-07-22 21:12:31,x86_64,dacsgpu0002,,64,64,3.11.15,1.1,False,False,adam,True,2,20,hamqaoa,0.01,44,standard,2,2,42,scs,1e-06,100000,False,False,False,hog,False,True,False,False,False,False,True,1,HOG_graphs/random_graphs_8to14vertices_78instances_20260625_143415_AdjacencyList.txt,True,Results/warm_start_cache/experiment_3,512,60,0,32,1,1,100,100,5,3,5,1,42,34,"[(3, 9), (0, 4), (0, 10), (1, 9), (2, 9), (7, 8), (5, 9), (0, 9), (7, 10), (4, 8), (6, 10), (1, 10), (0, 8), (6, 7)]","[1.0, 1.0, 1.0, 1.0, 1.0, 1.0, 1.0, 1.0, 1.0, 1.0, 1.0, 1.0, 1.0, 1.0]"
e2426a51,11,34,1,25.0,False,True,"[1, 1, 1]",14.24851682406329,29.051774411354003,14.525887205677002,9.892015036390225,9.019190298295024,9.771682759712096,8.926098226661049,0.6264580613461751,,1.8071386103685718,0.11596954426647699,9.829667531845335,,0.6898730340300908,,,,1203.939100265503,18136.398339509964,True,16932.470155000687,0.010894775390625,0.0,16932.470155000687,Results/warm_start_cache/experiment_3/random_graphs_8to14vertices_78instances_20260625_143415_AdjacencyList__filehash_a79662a0/hog_idx000036_8bd98c4a5102_seed42_L2_M2_amplified.npz,1203.9490134716034,2026-07-22 21:12:33,x86_64,dacsgpu0002,,64,64,3.11.15,1.1,False,False,adam,True,2,20,hamqaoa,0.01,44,standard,2,2,42,scs,1e-06,100000,False,False,False,hog,False,True,False,False,False,False,True,1,HOG_graphs/random_graphs_8to14vertices_78instances_20260625_143415_AdjacencyList.txt,True,Results/warm_start_cache/experiment_3,512,60,0,32,1,1,100,100,5,3,5,1,42,36,"[(2, 3), (4, 6), (8, 10), (1, 4), (1, 10), (1, 7), (5, 10), (5, 7), (3, 4), (2, 8), (3, 7), (2, 5), (4, 8), (7, 10), (8, 9), (1, 3), (9, 10), (1, 6), (0, 4), (0, 10), (1, 9), (0, 7), (6, 8), (5, 9), (2, 4), (3, 9), (2, 7), (4, 10), (4, 7), (1, 2), (1, 8), (6, 10), (5, 8), (6, 7)]","[1.0, 1.0, 1.0, 1.0, 1.0, 1.0, 1.0, 1.0, 1.0, 1.0, 1.0, 1.0, 1.0, 1.0, 1.0, 1.0, 1.0, 1.0, 1.0, 1.0, 1.0, 1.0, 1.0, 1.0, 1.0, 1.0, 1.0, 1.0, 1.0, 1.0, 1.0, 1.0, 1.0, 1.0]"
3b2ac357,11,25,2,25.0,False,True,"[1, 1, 1]",11.640646219934219,23.711954830171575,11.855977415085787,8.046831035480547,7.219064274706059,7.823445384339624,6.530117992535755,0.5609755566106928,,2.514172398152885,-0.07248238545485286,7.787204191612197,,0.6689666573902804,,,,1268.9280848503113,18908.566046714783,True,17639.648475170135,0.010495901107788086,0.0,17639.648475170135,Results/warm_start_cache/experiment_3/random_graphs_8to14vertices_78instances_20260625_143415_AdjacencyList__filehash_a79662a0/hog_idx000035_fe0f89ed78b4_seed42_L2_M2_amplified.npz,1268.949145078659,2026-07-22 21:13:36,x86_64,dacsgpu0002,,64,64,3.11.15,2.0,False,False,adam,True,2,20,hamqaoa,0.01,44,standard,2,2,42,scs,1e-06,100000,False,False,False,hog,False,True,False,False,False,False,True,1,HOG_graphs/random_graphs_8to14vertices_78instances_20260625_143415_AdjacencyList.txt,True,Results/warm_start_cache/experiment_3,512,60,0,32,1,1,100,100,5,3,5,1,42,35,"[(2, 3), (2, 6), (4, 9), (0, 5), (0, 2), (0, 8), (1, 7), (5, 7), (4, 5), (2, 5), (0, 1), (1, 6), (0, 7), (6, 8), (5, 6), (5, 9), (2, 4), (3, 9), (2, 7), (4, 10), (7, 9), (0, 3), (0, 6), (5, 8), (6, 7)]","[1.0, 1.0, 1.0, 1.0, 1.0, 1.0, 1.0, 1.0, 1.0, 1.0, 1.0, 1.0, 1.0, 1.0, 1.0, 1.0, 1.0, 1.0, 1.0, 1.0, 1.0, 1.0, 1.0, 1.0, 1.0]"
203e68b8,11,22,2,25.0,False,True,"[1, 1, 1]",11.845835456182591,24.497378763883574,12.248689381941787,6.836557402358389,7.222301638405985,6.596787059253376,5.365472547646068,0.45294167452289863,,2.321317857568344,-0.14131116564627355,6.52613147643024,,0.5509220097282471,,,,1266.0827572345734,18102.869936704636,True,16836.798031568527,0.010830879211425781,0.0,16836.798031568527,Results/warm_start_cache/experiment_3/random_graphs_8to14vertices_78instances_20260625_143415_AdjacencyList__filehash_a79662a0/hog_idx000037_16671258e77c_seed42_L2_M2_amplified.npz,1266.1110169887543,2026-07-22 21:13:37,x86_64,dacsgpu0002,,64,64,3.11.15,2.0,False,False,adam,True,2,20,hamqaoa,0.01,44,standard,2,2,42,scs,1e-06,100000,False,False,False,hog,False,True,False,False,False,False,True,1,HOG_graphs/random_graphs_8to14vertices_78instances_20260625_143415_AdjacencyList.txt,True,Results/warm_start_cache/experiment_3,512,60,0,32,1,1,100,100,5,3,5,1,42,37,"[(2, 3), (0, 5), (8, 10), (1, 10), (6, 9), (3, 4), (2, 8), (4, 5), (2, 5), (4, 8), (7, 10), (1, 3), (9, 10), (1, 6), (0, 4), (0, 7), (6, 8), (3, 9), (2, 7), (7, 9), (0, 6), (1, 5)]","[1.0, 1.0, 1.0, 1.0, 1.0, 1.0, 1.0, 1.0, 1.0, 1.0, 1.0, 1.0, 1.0, 1.0, 1.0, 1.0, 1.0, 1.0, 1.0, 1.0, 1.0, 1.0]"
59db8dfa,11,14,2,25.0,False,True,"[1, 1, 1]",7.910386739873229,15.920925233176272,7.960462616588136,3.685023110400792,4.718348486609782,3.5343076275457816,3.5100072252891192,0.44372131739103443,,2.0849354314593613,2.0363346269460365,4.5524749410188,,0.5755059886100786,,,,1269.962474822998,20234.372811079025,True,18964.42018175125,0.009825944900512695,0.0,18964.42018175125,Results/warm_start_cache/experiment_3/random_graphs_8to14vertices_78instances_20260625_143415_AdjacencyList__filehash_a79662a0/hog_idx000034_b5b865ab4251_seed42_L2_M2_amplified.npz,1269.9709107875824,2026-07-22 21:13:37,x86_64,dacsgpu0002,,64,64,3.11.15,2.0,False,False,adam,True,2,20,hamqaoa,0.01,44,standard,2,2,42,scs,1e-06,100000,False,False,False,hog,False,True,False,False,False,False,True,1,HOG_graphs/random_graphs_8to14vertices_78instances_20260625_143415_AdjacencyList.txt,True,Results/warm_start_cache/experiment_3,512,60,0,32,1,1,100,100,5,3,5,1,42,34,"[(3, 9), (0, 4), (0, 10), (1, 9), (2, 9), (7, 8), (5, 9), (0, 9), (7, 10), (4, 8), (6, 10), (1, 10), (0, 8), (6, 7)]","[1.0, 1.0, 1.0, 1.0, 1.0, 1.0, 1.0, 1.0, 1.0, 1.0, 1.0, 1.0, 1.0, 1.0]"
69d7e3b1,11,34,2,25.0,False,True,"[1, 1, 1]",14.24851682406329,29.051774411354003,14.525887205677002,9.892015036390225,9.019190298295024,9.771682759712096,8.926098226661049,0.6264580613461751,,1.6227032644605863,-0.0684658016415085,9.737449858891342,,0.6834009447528228,,,,1273.5277044773102,18205.986355304718,True,16932.470155000687,0.011487960815429688,0.0,16932.470155000687,Results/warm_start_cache/experiment_3/random_graphs_8to14vertices_78instances_20260625_143415_AdjacencyList__filehash_a79662a0/hog_idx000036_8bd98c4a5102_seed42_L2_M2_amplified.npz,1273.542421579361,2026-07-22 21:13:43,x86_64,dacsgpu0002,,64,64,3.11.15,2.0,False,False,adam,True,2,20,hamqaoa,0.01,44,standard,2,2,42,scs,1e-06,100000,False,False,False,hog,False,True,False,False,False,False,True,1,HOG_graphs/random_graphs_8to14vertices_78instances_20260625_143415_AdjacencyList.txt,True,Results/warm_start_cache/experiment_3,512,60,0,32,1,1,100,100,5,3,5,1,42,36,"[(2, 3), (4, 6), (8, 10), (1, 4), (1, 10), (1, 7), (5, 10), (5, 7), (3, 4), (2, 8), (3, 7), (2, 5), (4, 8), (7, 10), (8, 9), (1, 3), (9, 10), (1, 6), (0, 4), (0, 10), (1, 9), (0, 7), (6, 8), (5, 9), (2, 4), (3, 9), (2, 7), (4, 10), (4, 7), (1, 2), (1, 8), (6, 10), (5, 8), (6, 7)]","[1.0, 1.0, 1.0, 1.0, 1.0, 1.0, 1.0, 1.0, 1.0, 1.0, 1.0, 1.0, 1.0, 1.0, 1.0, 1.0, 1.0, 1.0, 1.0, 1.0, 1.0, 1.0, 1.0, 1.0, 1.0, 1.0, 1.0, 1.0, 1.0, 1.0, 1.0, 1.0, 1.0, 1.0]"
18698cfa,11,22,1,50.0,False,True,"[1, 1, 1]",11.845835456182591,24.497378763883574,12.248689381941787,6.836557402358389,7.222301638405985,6.596787059253376,5.365472547646068,0.45294167452289863,,0.5337328357244413,-1.9288961874901762,5.632338965508288,,0.4754699646421859,,,,1572.8183407783508,18409.60466980934,True,16836.798031568527,0.011683940887451172,0.0,16836.798031568527,Results/warm_start_cache/experiment_3/random_graphs_8to14vertices_78instances_20260625_143415_AdjacencyList__filehash_a79662a0/hog_idx000037_16671258e77c_seed42_L2_M2_amplified.npz,1572.8306305408478,2026-07-22 21:18:44,x86_64,dacsgpu0002,,64,64,3.11.15,1.11,False,False,adam,True,2,20,hamqaoa,0.01,44,standard,2,2,42,scs,1e-06,100000,False,False,False,hog,False,True,False,False,False,False,True,1,HOG_graphs/random_graphs_8to14vertices_78instances_20260625_143415_AdjacencyList.txt,True,Results/warm_start_cache/experiment_3,512,60,0,32,1,1,100,100,5,3,5,1,42,37,"[(2, 3), (0, 5), (8, 10), (1, 10), (6, 9), (3, 4), (2, 8), (4, 5), (2, 5), (4, 8), (7, 10), (1, 3), (9, 10), (1, 6), (0, 4), (0, 7), (6, 8), (3, 9), (2, 7), (7, 9), (0, 6), (1, 5)]","[1.0, 1.0, 1.0, 1.0, 1.0, 1.0, 1.0, 1.0, 1.0, 1.0, 1.0, 1.0, 1.0, 1.0, 1.0, 1.0, 1.0, 1.0, 1.0, 1.0, 1.0, 1.0]"
1f54eebf,11,14,1,50.0,False,True,"[1, 1, 1]",7.910386739873229,15.920925233176272,7.960462616588136,3.685023110400792,4.718348486609782,3.5343076275457816,3.5100072252891192,0.44372131739103443,,1.8412755262757594,1.7926747217624346,4.430644988426999,,0.5601047248541989,,,,1588.324815273285,20552.73472094536,True,18964.42018175125,0.010256290435791016,0.0,18964.42018175125,Results/warm_start_cache/experiment_3/random_graphs_8to14vertices_78instances_20260625_143415_AdjacencyList__filehash_a79662a0/hog_idx000034_b5b865ab4251_seed42_L2_M2_amplified.npz,1588.332862854004,2026-07-22 21:18:55,x86_64,dacsgpu0002,,64,64,3.11.15,1.1,False,False,adam,True,2,20,hamqaoa,0.01,44,standard,2,2,42,scs,1e-06,100000,False,False,False,hog,False,True,False,False,False,False,True,1,HOG_graphs/random_graphs_8to14vertices_78instances_20260625_143415_AdjacencyList.txt,True,Results/warm_start_cache/experiment_3,512,60,0,32,1,1,100,100,5,3,5,1,42,34,"[(3, 9), (0, 4), (0, 10), (1, 9), (2, 9), (7, 8), (5, 9), (0, 9), (7, 10), (4, 8), (6, 10), (1, 10), (0, 8), (6, 7)]","[1.0, 1.0, 1.0, 1.0, 1.0, 1.0, 1.0, 1.0, 1.0, 1.0, 1.0, 1.0, 1.0, 1.0]"
d1e90c87,11,25,1,50.0,False,True,"[1, 1, 1]",11.640646219934219,23.711954830171575,11.855977415085787,8.046831035480547,7.219064274706059,7.823445384339624,6.530117992535755,0.5609755566106928,,1.1212487958658812,-1.4654059877418568,7.090742390468695,,0.6091364909214435,,,,1592.233162164688,19231.87003469467,True,17639.648475170135,0.011583089828491211,0.0,17639.648475170135,Results/warm_start_cache/experiment_3/random_graphs_8to14vertices_78instances_20260625_143415_AdjacencyList__filehash_a79662a0/hog_idx000035_fe0f89ed78b4_seed42_L2_M2_amplified.npz,1592.2469878196716,2026-07-22 21:19:00,x86_64,dacsgpu0002,,64,64,3.11.15,1.1,False,False,adam,True,2,20,hamqaoa,0.01,44,standard,2,2,42,scs,1e-06,100000,False,False,False,hog,False,True,False,False,False,False,True,1,HOG_graphs/random_graphs_8to14vertices_78instances_20260625_143415_AdjacencyList.txt,True,Results/warm_start_cache/experiment_3,512,60,0,32,1,1,100,100,5,3,5,1,42,35,"[(2, 3), (2, 6), (4, 9), (0, 5), (0, 2), (0, 8), (1, 7), (5, 7), (4, 5), (2, 5), (0, 1), (1, 6), (0, 7), (6, 8), (5, 6), (5, 9), (2, 4), (3, 9), (2, 7), (4, 10), (7, 9), (0, 3), (0, 6), (5, 8), (6, 7)]","[1.0, 1.0, 1.0, 1.0, 1.0, 1.0, 1.0, 1.0, 1.0, 1.0, 1.0, 1.0, 1.0, 1.0, 1.0, 1.0, 1.0, 1.0, 1.0, 1.0, 1.0, 1.0, 1.0, 1.0, 1.0]"
180beeee,11,34,1,50.0,False,True,"[1, 1, 1]",14.24851682406329,29.051774411354003,14.525887205677002,9.892015036390225,9.019190298295024,9.771682759712096,8.926098226661049,0.6264580613461751,,1.4787741631161175,-0.2123949029859773,9.665485308219107,,0.6783502751595709,,,,1625.2632584571838,18557.722327709198,True,16932.470155000687,0.011065006256103516,0.0,16932.470155000687,Results/warm_start_cache/experiment_3/random_graphs_8to14vertices_78instances_20260625_143415_AdjacencyList__filehash_a79662a0/hog_idx000036_8bd98c4a5102_seed42_L2_M2_amplified.npz,1625.2784469127655,2026-07-22 21:19:34,x86_64,dacsgpu0002,,64,64,3.11.15,1.1,False,False,adam,True,2,20,hamqaoa,0.01,44,standard,2,2,42,scs,1e-06,100000,False,False,False,hog,False,True,False,False,False,False,True,1,HOG_graphs/random_graphs_8to14vertices_78instances_20260625_143415_AdjacencyList.txt,True,Results/warm_start_cache/experiment_3,512,60,0,32,1,1,100,100,5,3,5,1,42,36,"[(2, 3), (4, 6), (8, 10), (1, 4), (1, 10), (1, 7), (5, 10), (5, 7), (3, 4), (2, 8), (3, 7), (2, 5), (4, 8), (7, 10), (8, 9), (1, 3), (9, 10), (1, 6), (0, 4), (0, 10), (1, 9), (0, 7), (6, 8), (5, 9), (2, 4), (3, 9), (2, 7), (4, 10), (4, 7), (1, 2), (1, 8), (6, 10), (5, 8), (6, 7)]","[1.0, 1.0, 1.0, 1.0, 1.0, 1.0, 1.0, 1.0, 1.0, 1.0, 1.0, 1.0, 1.0, 1.0, 1.0, 1.0, 1.0, 1.0, 1.0, 1.0, 1.0, 1.0, 1.0, 1.0, 1.0, 1.0, 1.0, 1.0, 1.0, 1.0, 1.0, 1.0, 1.0, 1.0]"
05acc6ed,11,34,2,50.0,False,True,"[1, 1, 1]",14.24851682406329,29.051774411354003,14.525887205677002,9.892015036390225,9.019190298295024,9.771682759712096,8.926098226661049,0.6264580613461751,,3.046279443279211,1.355110377177116,10.449237948300654,,0.7333561855823262,,,,1674.5009455680847,18606.959406137466,True,16932.470155000687,0.011675596237182617,0.0,16932.470155000687,Results/warm_start_cache/experiment_3/random_graphs_8to14vertices_78instances_20260625_143415_AdjacencyList__filehash_a79662a0/hog_idx000036_8bd98c4a5102_seed42_L2_M2_amplified.npz,1674.51988530159,2026-07-22 21:20:24,x86_64,dacsgpu0002,,64,64,3.11.15,2.0,False,False,adam,True,2,20,hamqaoa,0.01,44,standard,2,2,42,scs,1e-06,100000,False,False,False,hog,False,True,False,False,False,False,True,1,HOG_graphs/random_graphs_8to14vertices_78instances_20260625_143415_AdjacencyList.txt,True,Results/warm_start_cache/experiment_3,512,60,0,32,1,1,100,100,5,3,5,1,42,36,"[(2, 3), (4, 6), (8, 10), (1, 4), (1, 10), (1, 7), (5, 10), (5, 7), (3, 4), (2, 8), (3, 7), (2, 5), (4, 8), (7, 10), (8, 9), (1, 3), (9, 10), (1, 6), (0, 4), (0, 10), (1, 9), (0, 7), (6, 8), (5, 9), (2, 4), (3, 9), (2, 7), (4, 10), (4, 7), (1, 2), (1, 8), (6, 10), (5, 8), (6, 7)]","[1.0, 1.0, 1.0, 1.0, 1.0, 1.0, 1.0, 1.0, 1.0, 1.0, 1.0, 1.0, 1.0, 1.0, 1.0, 1.0, 1.0, 1.0, 1.0, 1.0, 1.0, 1.0, 1.0, 1.0, 1.0, 1.0, 1.0, 1.0, 1.0, 1.0, 1.0, 1.0, 1.0, 1.0]"
f4bf0a60,11,25,2,50.0,False,True,"[1, 1, 1]",11.640646219934219,23.711954830171575,11.855977415085787,8.046831035480547,7.219064274706059,7.823445384339624,6.530117992535755,0.5609755566106928,,0.6879552950972823,-1.8986994885104558,6.874095640084396,,0.5905252603856938,,,,1698.3927536010742,19338.03353357315,True,17639.648475170135,0.007675647735595703,0.0,17639.648475170135,Results/warm_start_cache/experiment_3/random_graphs_8to14vertices_78instances_20260625_143415_AdjacencyList__filehash_a79662a0/hog_idx000035_fe0f89ed78b4_seed42_L2_M2_amplified.npz,1698.3991630077362,2026-07-22 21:20:46,x86_64,dacsgpu0002,,64,64,3.11.15,2.0,False,False,adam,True,2,20,hamqaoa,0.01,44,standard,2,2,42,scs,1e-06,100000,False,False,False,hog,False,True,False,False,False,False,True,1,HOG_graphs/random_graphs_8to14vertices_78instances_20260625_143415_AdjacencyList.txt,True,Results/warm_start_cache/experiment_3,512,60,0,32,1,1,100,100,5,3,5,1,42,35,"[(2, 3), (2, 6), (4, 9), (0, 5), (0, 2), (0, 8), (1, 7), (5, 7), (4, 5), (2, 5), (0, 1), (1, 6), (0, 7), (6, 8), (5, 6), (5, 9), (2, 4), (3, 9), (2, 7), (4, 10), (7, 9), (0, 3), (0, 6), (5, 8), (6, 7)]","[1.0, 1.0, 1.0, 1.0, 1.0, 1.0, 1.0, 1.0, 1.0, 1.0, 1.0, 1.0, 1.0, 1.0, 1.0, 1.0, 1.0, 1.0, 1.0, 1.0, 1.0, 1.0, 1.0, 1.0, 1.0]"
7df4c8cb,11,14,2,50.0,False,True,"[1, 1, 1]",7.910386739873229,15.920925233176272,7.960462616588136,3.685023110400792,4.718348486609782,3.5343076275457816,3.5100072252891192,0.44372131739103443,,2.1611838167332627,2.112583012219938,4.590599133655751,,0.5803254991966826,,,,1706.0965838432312,20670.509410858154,True,18964.42018175125,0.0073375701904296875,0.0,18964.42018175125,Results/warm_start_cache/experiment_3/random_graphs_8to14vertices_78instances_20260625_143415_AdjacencyList__filehash_a79662a0/hog_idx000034_b5b865ab4251_seed42_L2_M2_amplified.npz,1706.1203708648682,2026-07-22 21:20:53,x86_64,dacsgpu0002,,64,64,3.11.15,2.0,False,False,adam,True,2,20,hamqaoa,0.01,44,standard,2,2,42,scs,1e-06,100000,False,False,False,hog,False,True,False,False,False,False,True,1,HOG_graphs/random_graphs_8to14vertices_78instances_20260625_143415_AdjacencyList.txt,True,Results/warm_start_cache/experiment_3,512,60,0,32,1,1,100,100,5,3,5,1,42,34,"[(3, 9), (0, 4), (0, 10), (1, 9), (2, 9), (7, 8), (5, 9), (0, 9), (7, 10), (4, 8), (6, 10), (1, 10), (0, 8), (6, 7)]","[1.0, 1.0, 1.0, 1.0, 1.0, 1.0, 1.0, 1.0, 1.0, 1.0, 1.0, 1.0, 1.0, 1.0]"
c1951f07,11,18,1,5.0,False,True,"[1, 1, 1]",9.429890288066767,18.97011062865777,9.485055314328886,5.761061433381212,5.7150951089596385,5.457486504816245,4.7028141772220415,0.4987135622535616,,1.5398293581015796,0.030484702913172512,5.472728856272831,,0.5803597591372192,,,,923.0484545230865,19785.233662605286,True,18862.211487054825,0.026259660720825195,0.0,18862.211487054825,Results/warm_start_cache/experiment_3/random_graphs_8to14vertices_78instances_20260625_143415_AdjacencyList__filehash_a79662a0/hog_idx000038_36d1725e8833_seed42_L2_M2_amplified.npz,923.0724272727966,2026-07-22 21:27:07,x86_64,dacsgpu0002,,64,64,3.11.15,1.1,False,False,adam,True,2,20,hamqaoa,0.01,44,standard,2,2,42,scs,1e-06,100000,False,False,False,hog,False,True,False,False,False,False,True,1,HOG_graphs/random_graphs_8to14vertices_78instances_20260625_143415_AdjacencyList.txt,True,Results/warm_start_cache/experiment_3,512,60,0,32,1,1,100,100,5,3,5,1,42,38,"[(3, 9), (1, 3), (0, 1), (9, 10), (1, 6), (0, 4), (5, 8), (1, 10), (7, 9), (0, 3), (0, 6), (4, 5), (3, 7), (0, 5), (1, 4), (0, 2), (0, 8), (1, 7)]","[1.0, 1.0, 1.0, 1.0, 1.0, 1.0, 1.0, 1.0, 1.0, 1.0, 1.0, 1.0, 1.0, 1.0, 1.0, 1.0, 1.0, 1.0]"
6d18d989,11,24,1,5.0,False,True,"[1, 1, 1]",11.799588746433798,23.86884757117305,11.934423785586525,8.78017660648317,7.239662988447046,8.434860566895686,7.716357082713689,0.653951357842519,,0.24347769271064124,-1.1935292756533542,7.838095929069009,,0.66426856880397,,,,924.6941661834717,18299.000921964645,True,17374.333897829056,0.02712249755859375,0.0,17374.333897829056,Results/warm_start_cache/experiment_3/random_graphs_8to14vertices_78instances_20260625_143415_AdjacencyList__filehash_a79662a0/hog_idx000039_3fc7c6adb282_seed42_L2_M2_amplified.npz,924.7171378135681,2026-07-22 21:27:09,x86_64,dacsgpu0002,,64,64,3.11.15,1.1,False,False,adam,True,2,20,hamqaoa,0.01,44,standard,2,2,42,scs,1e-06,100000,False,False,False,hog,False,True,False,False,False,False,True,1,HOG_graphs/random_graphs_8to14vertices_78instances_20260625_143415_AdjacencyList.txt,True,Results/warm_start_cache/experiment_3,512,60,0,32,1,1,100,100,5,3,5,1,42,39,"[(2, 6), (4, 6), (4, 9), (0, 5), (1, 4), (0, 2), (0, 8), (1, 7), (5, 10), (6, 9), (4, 5), (4, 8), (7, 10), (8, 9), (0, 1), (1, 6), (0, 4), (2, 4), (2, 10), (4, 7), (0, 3), (1, 8), (1, 5), (6, 7)]","[1.0, 1.0, 1.0, 1.0, 1.0, 1.0, 1.0, 1.0, 1.0, 1.0, 1.0, 1.0, 1.0, 1.0, 1.0, 1.0, 1.0, 1.0, 1.0, 1.0, 1.0, 1.0, 1.0, 1.0]"
6fe70a2b,11,22,1,5.0,False,True,"[1, 1, 1]",11.400436437426087,23.088620953052768,11.544310476526384,8.186267904484481,6.951568535899478,7.850315131611026,7.141433315094939,0.6264175371085428,,-3.552713678800501e-15,-1.4177636330321786,7.141433315094937,,0.6264175371085425,,,,917.4612636566162,17760.649369478226,True,16843.245135307312,0.0570073127746582,0.0,16843.245135307312,Results/warm_start_cache/experiment_3/random_graphs_8to14vertices_78instances_20260625_143415_AdjacencyList__filehash_a79662a0/hog_idx000040_4fdefa5fa42d_seed42_L2_M2_amplified.npz,917.4933807849884,2026-07-22 21:27:42,x86_64,dacsgpu0002,,64,64,3.11.15,1.1,False,False,adam,True,2,20,hamqaoa,0.01,44,standard,2,2,42,scs,1e-06,100000,False,False,False,hog,False,True,False,False,False,False,True,1,HOG_graphs/random_graphs_8to14vertices_78instances_20260625_143415_AdjacencyList.txt,True,Results/warm_start_cache/experiment_3,512,60,0,32,1,1,100,100,5,3,5,1,42,40,"[(3, 5), (2, 9), (4, 6), (7, 8), (0, 5), (8, 10), (1, 10), (0, 8), (5, 7), (3, 4), (4, 5), (8, 9), (0, 1), (9, 10), (1, 6), (0, 10), (6, 8), (2, 4), (7, 9), (1, 2), (0, 9), (6, 7)]","[1.0, 1.0, 1.0, 1.0, 1.0, 1.0, 1.0, 1.0, 1.0, 1.0, 1.0, 1.0, 1.0, 1.0, 1.0, 1.0, 1.0, 1.0, 1.0, 1.0, 1.0, 1.0]"
9e99e651,11,24,2,5.0,False,True,"[1, 1, 1]",11.799588746433798,23.86884757117305,11.934423785586525,8.78017660648317,7.239662988447046,8.434860566895686,7.716357082713689,0.653951357842519,,0.1395886565859712,-1.2974183117780242,7.786151411006674,,0.659866337575527,,,,959.3126871585846,18333.601501226425,True,17374.333897829056,0.04506540298461914,0.0,17374.333897829056,Results/warm_start_cache/experiment_3/random_graphs_8to14vertices_78instances_20260625_143415_AdjacencyList__filehash_a79662a0/hog_idx000039_3fc7c6adb282_seed42_L2_M2_amplified.npz,959.3513069152832,2026-07-22 21:27:44,x86_64,dacsgpu0002,,64,64,3.11.15,1.99,False,False,adam,True,2,20,hamqaoa,0.01,44,standard,2,2,42,scs,1e-06,100000,False,False,False,hog,False,True,False,False,False,False,True,1,HOG_graphs/random_graphs_8to14vertices_78instances_20260625_143415_AdjacencyList.txt,True,Results/warm_start_cache/experiment_3,512,60,0,32,1,1,100,100,5,3,5,1,42,39,"[(2, 6), (4, 6), (4, 9), (0, 5), (1, 4), (0, 2), (0, 8), (1, 7), (5, 10), (6, 9), (4, 5), (4, 8), (7, 10), (8, 9), (0, 1), (1, 6), (0, 4), (2, 4), (2, 10), (4, 7), (0, 3), (1, 8), (1, 5), (6, 7)]","[1.0, 1.0, 1.0, 1.0, 1.0, 1.0, 1.0, 1.0, 1.0, 1.0, 1.0, 1.0, 1.0, 1.0, 1.0, 1.0, 1.0, 1.0, 1.0, 1.0, 1.0, 1.0, 1.0, 1.0]"
08d944ee,11,18,2,5.0,False,True,"[1, 1, 1]",9.429890288066767,18.97011062865777,9.485055314328886,5.761061433381212,5.7150951089596385,5.457486504816245,4.7028141772220415,0.4987135622535616,,1.433853506910289,-0.0754911482781182,5.419740930677186,,0.5747406136353145,,,,964.6575202941895,19826.842916488647,True,18862.211487054825,0.026070117950439453,0.0,18862.211487054825,Results/warm_start_cache/experiment_3/random_graphs_8to14vertices_78instances_20260625_143415_AdjacencyList__filehash_a79662a0/hog_idx000038_36d1725e8833_seed42_L2_M2_amplified.npz,964.6778399944305,2026-07-22 21:27:50,x86_64,dacsgpu0002,,64,64,3.11.15,2.0,False,False,adam,True,2,20,hamqaoa,0.01,44,standard,2,2,42,scs,1e-06,100000,False,False,False,hog,False,True,False,False,False,False,True,1,HOG_graphs/random_graphs_8to14vertices_78instances_20260625_143415_AdjacencyList.txt,True,Results/warm_start_cache/experiment_3,512,60,0,32,1,1,100,100,5,3,5,1,42,38,"[(3, 9), (1, 3), (0, 1), (9, 10), (1, 6), (0, 4), (5, 8), (1, 10), (7, 9), (0, 3), (0, 6), (4, 5), (3, 7), (0, 5), (1, 4), (0, 2), (0, 8), (1, 7)]","[1.0, 1.0, 1.0, 1.0, 1.0, 1.0, 1.0, 1.0, 1.0, 1.0, 1.0, 1.0, 1.0, 1.0, 1.0, 1.0, 1.0, 1.0]"
8d704444,11,24,1,10.0,False,True,"[1, 1, 1]",11.799588746433798,23.86884757117305,11.934423785586525,8.78017660648317,7.239662988447046,8.434860566895686,7.716357082713689,0.653951357842519,,1.2087880360762924,-0.22821893228770307,8.320751100751835,,0.7051729750553064,,,,981.5431354045868,18355.84957242012,True,17374.333897829056,0.02744150161743164,0.0,17374.333897829056,Results/warm_start_cache/experiment_3/random_graphs_8to14vertices_78instances_20260625_143415_AdjacencyList__filehash_a79662a0/hog_idx000039_3fc7c6adb282_seed42_L2_M2_amplified.npz,981.5987348556519,2026-07-22 21:28:08,x86_64,dacsgpu0002,,64,64,3.11.15,1.1,False,False,adam,True,2,20,hamqaoa,0.01,44,standard,2,2,42,scs,1e-06,100000,False,False,False,hog,False,True,False,False,False,False,True,1,HOG_graphs/random_graphs_8to14vertices_78instances_20260625_143415_AdjacencyList.txt,True,Results/warm_start_cache/experiment_3,512,60,0,32,1,1,100,100,5,3,5,1,42,39,"[(2, 6), (4, 6), (4, 9), (0, 5), (1, 4), (0, 2), (0, 8), (1, 7), (5, 10), (6, 9), (4, 5), (4, 8), (7, 10), (8, 9), (0, 1), (1, 6), (0, 4), (2, 4), (2, 10), (4, 7), (0, 3), (1, 8), (1, 5), (6, 7)]","[1.0, 1.0, 1.0, 1.0, 1.0, 1.0, 1.0, 1.0, 1.0, 1.0, 1.0, 1.0, 1.0, 1.0, 1.0, 1.0, 1.0, 1.0, 1.0, 1.0, 1.0, 1.0, 1.0, 1.0]"
a15aa856,11,22,2,5.0,False,True,"[1, 1, 1]",11.400436437426087,23.088620953052768,11.544310476526384,8.186267904484481,6.951568535899478,7.850315131611026,7.141433315094939,0.6264175371085428,,-3.552713678800501e-15,-1.4177636330321786,7.141433315094937,,0.6264175371085425,,,,939.5388629436493,17782.758979797363,True,16843.245135307312,0.02499675750732422,0.0,16843.245135307312,Results/warm_start_cache/experiment_3/random_graphs_8to14vertices_78instances_20260625_143415_AdjacencyList__filehash_a79662a0/hog_idx000040_4fdefa5fa42d_seed42_L2_M2_amplified.npz,939.5818431377411,2026-07-22 21:28:10,x86_64,dacsgpu0002,,64,64,3.11.15,1.99,False,False,adam,True,2,20,hamqaoa,0.01,44,standard,2,2,42,scs,1e-06,100000,False,False,False,hog,False,True,False,False,False,False,True,1,HOG_graphs/random_graphs_8to14vertices_78instances_20260625_143415_AdjacencyList.txt,True,Results/warm_start_cache/experiment_3,512,60,0,32,1,1,100,100,5,3,5,1,42,40,"[(3, 5), (2, 9), (4, 6), (7, 8), (0, 5), (8, 10), (1, 10), (0, 8), (5, 7), (3, 4), (4, 5), (8, 9), (0, 1), (9, 10), (1, 6), (0, 10), (6, 8), (2, 4), (7, 9), (1, 2), (0, 9), (6, 7)]","[1.0, 1.0, 1.0, 1.0, 1.0, 1.0, 1.0, 1.0, 1.0, 1.0, 1.0, 1.0, 1.0, 1.0, 1.0, 1.0, 1.0, 1.0, 1.0, 1.0, 1.0, 1.0]"
0598839f,11,18,1,10.0,False,True,"[1, 1, 1]",9.429890288066767,18.97011062865777,9.485055314328886,5.761061433381212,5.7150951089596385,5.457486504816245,4.7028141772220415,0.4987135622535616,,2.0622777906149494,0.5529331354265423,5.733953072529516,,0.6080614829406504,,,,991.5983662605286,19853.7695813179,True,18862.211487054825,0.04025149345397949,0.0,18862.211487054825,Results/warm_start_cache/experiment_3/random_graphs_8to14vertices_78instances_20260625_143415_AdjacencyList__filehash_a79662a0/hog_idx000038_36d1725e8833_seed42_L2_M2_amplified.npz,991.639466047287,2026-07-22 21:28:16,x86_64,dacsgpu0002,,64,64,3.11.15,1.1,False,False,adam,True,2,20,hamqaoa,0.01,44,standard,2,2,42,scs,1e-06,100000,False,False,False,hog,False,True,False,False,False,False,True,1,HOG_graphs/random_graphs_8to14vertices_78instances_20260625_143415_AdjacencyList.txt,True,Results/warm_start_cache/experiment_3,512,60,0,32,1,1,100,100,5,3,5,1,42,38,"[(3, 9), (1, 3), (0, 1), (9, 10), (1, 6), (0, 4), (5, 8), (1, 10), (7, 9), (0, 3), (0, 6), (4, 5), (3, 7), (0, 5), (1, 4), (0, 2), (0, 8), (1, 7)]","[1.0, 1.0, 1.0, 1.0, 1.0, 1.0, 1.0, 1.0, 1.0, 1.0, 1.0, 1.0, 1.0, 1.0, 1.0, 1.0, 1.0, 1.0]"
4eb31e09,11,24,2,10.0,False,True,"[1, 1, 1]",11.799588746433798,23.86884757117305,11.934423785586525,8.78017660648317,7.239662988447046,8.434860566895686,7.716357082713689,0.653951357842519,,2.269445276442273,0.8324383080782773,8.851079720934825,,0.7501176448721483,,,,1031.992439508438,18406.302312612534,True,17374.333897829056,0.024004220962524414,0.0,17374.333897829056,Results/warm_start_cache/experiment_3/random_graphs_8to14vertices_78instances_20260625_143415_AdjacencyList__filehash_a79662a0/hog_idx000039_3fc7c6adb282_seed42_L2_M2_amplified.npz,1032.044659614563,2026-07-22 21:28:58,x86_64,dacsgpu0002,,64,64,3.11.15,2.0,False,False,adam,True,2,20,hamqaoa,0.01,44,standard,2,2,42,scs,1e-06,100000,False,False,False,hog,False,True,False,False,False,False,True,1,HOG_graphs/random_graphs_8to14vertices_78instances_20260625_143415_AdjacencyList.txt,True,Results/warm_start_cache/experiment_3,512,60,0,32,1,1,100,100,5,3,5,1,42,39,"[(2, 6), (4, 6), (4, 9), (0, 5), (1, 4), (0, 2), (0, 8), (1, 7), (5, 10), (6, 9), (4, 5), (4, 8), (7, 10), (8, 9), (0, 1), (1, 6), (0, 4), (2, 4), (2, 10), (4, 7), (0, 3), (1, 8), (1, 5), (6, 7)]","[1.0, 1.0, 1.0, 1.0, 1.0, 1.0, 1.0, 1.0, 1.0, 1.0, 1.0, 1.0, 1.0, 1.0, 1.0, 1.0, 1.0, 1.0, 1.0, 1.0, 1.0, 1.0, 1.0, 1.0]"
984bbb7b,11,18,2,10.0,False,True,"[1, 1, 1]",9.429890288066767,18.97011062865777,9.485055314328886,5.761061433381212,5.7150951089596385,5.457486504816245,4.7028141772220415,0.4987135622535616,,2.4108026581820123,0.9014580029936052,5.908215506313048,,0.6265412773454756,,,,1051.2752542495728,19913.460292339325,True,18862.211487054825,0.026430368423461914,0.0,18862.211487054825,Results/warm_start_cache/experiment_3/random_graphs_8to14vertices_78instances_20260625_143415_AdjacencyList__filehash_a79662a0/hog_idx000038_36d1725e8833_seed42_L2_M2_amplified.npz,1051.3174576759338,2026-07-22 21:29:15,x86_64,dacsgpu0002,,64,64,3.11.15,2.0,False,False,adam,True,2,20,hamqaoa,0.01,44,standard,2,2,42,scs,1e-06,100000,False,False,False,hog,False,True,False,False,False,False,True,1,HOG_graphs/random_graphs_8to14vertices_78instances_20260625_143415_AdjacencyList.txt,True,Results/warm_start_cache/experiment_3,512,60,0,32,1,1,100,100,5,3,5,1,42,38,"[(3, 9), (1, 3), (0, 1), (9, 10), (1, 6), (0, 4), (5, 8), (1, 10), (7, 9), (0, 3), (0, 6), (4, 5), (3, 7), (0, 5), (1, 4), (0, 2), (0, 8), (1, 7)]","[1.0, 1.0, 1.0, 1.0, 1.0, 1.0, 1.0, 1.0, 1.0, 1.0, 1.0, 1.0, 1.0, 1.0, 1.0, 1.0, 1.0, 1.0]"
3e3b4eca,11,22,2,50.0,False,True,"[1, 1, 1]",11.845835456182591,24.497378763883574,12.248689381941787,6.836557402358389,7.222301638405985,6.596787059253376,5.365472547646068,0.45294167452289863,,1.7191341603964947,-0.7434948628181228,6.225039627844315,,0.5255044822182918,,,,1741.3414583206177,18578.110026836395,True,16836.798031568527,0.029444217681884766,0.0,16836.798031568527,Results/warm_start_cache/experiment_3/random_graphs_8to14vertices_78instances_20260625_143415_AdjacencyList__filehash_a79662a0/hog_idx000037_16671258e77c_seed42_L2_M2_amplified.npz,1741.3840687274933,2026-07-22 21:29:35,x86_64,dacsgpu0002,,64,64,3.11.15,2.0,False,False,adam,True,2,20,hamqaoa,0.01,44,standard,2,2,42,scs,1e-06,100000,False,False,False,hog,False,True,False,False,False,False,True,1,HOG_graphs/random_graphs_8to14vertices_78instances_20260625_143415_AdjacencyList.txt,True,Results/warm_start_cache/experiment_3,512,60,0,32,1,1,100,100,5,3,5,1,42,37,"[(2, 3), (0, 5), (8, 10), (1, 10), (6, 9), (3, 4), (2, 8), (4, 5), (2, 5), (4, 8), (7, 10), (1, 3), (9, 10), (1, 6), (0, 4), (0, 7), (6, 8), (3, 9), (2, 7), (7, 9), (0, 6), (1, 5)]","[1.0, 1.0, 1.0, 1.0, 1.0, 1.0, 1.0, 1.0, 1.0, 1.0, 1.0, 1.0, 1.0, 1.0, 1.0, 1.0, 1.0, 1.0, 1.0, 1.0, 1.0, 1.0]"
ee2252c9,11,22,1,10.0,False,True,"[1, 1, 1]",11.400436437426087,23.088620953052768,11.544310476526384,8.186267904484481,6.951568535899478,7.850315131611026,7.141433315094939,0.6264175371085428,,-3.552713678800501e-15,-1.4177636330321786,7.141433315094937,,0.6264175371085425,,,,1016.2400538921356,17859.462003469467,True,16843.245135307312,0.023166656494140625,0.0,16843.245135307312,Results/warm_start_cache/experiment_3/random_graphs_8to14vertices_78instances_20260625_143415_AdjacencyList__filehash_a79662a0/hog_idx000040_4fdefa5fa42d_seed42_L2_M2_amplified.npz,1016.2836050987244,2026-07-22 21:29:36,x86_64,dacsgpu0002,,64,64,3.11.15,1.1,False,False,adam,True,2,20,hamqaoa,0.01,44,standard,2,2,42,scs,1e-06,100000,False,False,False,hog,False,True,False,False,False,False,True,1,HOG_graphs/random_graphs_8to14vertices_78instances_20260625_143415_AdjacencyList.txt,True,Results/warm_start_cache/experiment_3,512,60,0,32,1,1,100,100,5,3,5,1,42,40,"[(3, 5), (2, 9), (4, 6), (7, 8), (0, 5), (8, 10), (1, 10), (0, 8), (5, 7), (3, 4), (4, 5), (8, 9), (0, 1), (9, 10), (1, 6), (0, 10), (6, 8), (2, 4), (7, 9), (1, 2), (0, 9), (6, 7)]","[1.0, 1.0, 1.0, 1.0, 1.0, 1.0, 1.0, 1.0, 1.0, 1.0, 1.0, 1.0, 1.0, 1.0, 1.0, 1.0, 1.0, 1.0, 1.0, 1.0, 1.0, 1.0]"
468915ef,11,22,2,10.0,False,True,"[1, 1, 1]",11.400436437426087,23.088620953052768,11.544310476526384,8.186267904484481,6.951568535899478,7.850315131611026,7.141433315094939,0.6264175371085428,,0.18754341223997173,-1.2302202207922033,7.235205021214925,,0.634642810468442,,,,1042.6573495864868,17885.890465021133,True,16843.245135307312,0.011998414993286133,0.0,16843.245135307312,Results/warm_start_cache/experiment_3/random_graphs_8to14vertices_78instances_20260625_143415_AdjacencyList__filehash_a79662a0/hog_idx000040_4fdefa5fa42d_seed42_L2_M2_amplified.npz,1042.6895139217377,2026-07-22 21:30:03,x86_64,dacsgpu0002,,64,64,3.11.15,2.0,False,False,adam,True,2,20,hamqaoa,0.01,44,standard,2,2,42,scs,1e-06,100000,False,False,False,hog,False,True,False,False,False,False,True,1,HOG_graphs/random_graphs_8to14vertices_78instances_20260625_143415_AdjacencyList.txt,True,Results/warm_start_cache/experiment_3,512,60,0,32,1,1,100,100,5,3,5,1,42,40,"[(3, 5), (2, 9), (4, 6), (7, 8), (0, 5), (8, 10), (1, 10), (0, 8), (5, 7), (3, 4), (4, 5), (8, 9), (0, 1), (9, 10), (1, 6), (0, 10), (6, 8), (2, 4), (7, 9), (1, 2), (0, 9), (6, 7)]","[1.0, 1.0, 1.0, 1.0, 1.0, 1.0, 1.0, 1.0, 1.0, 1.0, 1.0, 1.0, 1.0, 1.0, 1.0, 1.0, 1.0, 1.0, 1.0, 1.0, 1.0, 1.0]"
9512bcea,11,24,1,25.0,False,True,"[1, 1, 1]",11.799588746433798,23.86884757117305,11.934423785586525,8.78017660648317,7.239662988447046,8.434860566895686,7.716357082713689,0.653951357842519,,1.3090864175673538,-0.12792055079664166,8.370900291497366,,0.7094230545981792,,,,1194.4578788280487,18568.767541885376,True,17374.333897829056,0.024214982986450195,0.0,17374.333897829056,Results/warm_start_cache/experiment_3/random_graphs_8to14vertices_78instances_20260625_143415_AdjacencyList__filehash_a79662a0/hog_idx000039_3fc7c6adb282_seed42_L2_M2_amplified.npz,1194.4929251670837,2026-07-22 21:31:42,x86_64,dacsgpu0002,,64,64,3.11.15,1.1,False,False,adam,True,2,20,hamqaoa,0.01,44,standard,2,2,42,scs,1e-06,100000,False,False,False,hog,False,True,False,False,False,False,True,1,HOG_graphs/random_graphs_8to14vertices_78instances_20260625_143415_AdjacencyList.txt,True,Results/warm_start_cache/experiment_3,512,60,0,32,1,1,100,100,5,3,5,1,42,39,"[(2, 6), (4, 6), (4, 9), (0, 5), (1, 4), (0, 2), (0, 8), (1, 7), (5, 10), (6, 9), (4, 5), (4, 8), (7, 10), (8, 9), (0, 1), (1, 6), (0, 4), (2, 4), (2, 10), (4, 7), (0, 3), (1, 8), (1, 5), (6, 7)]","[1.0, 1.0, 1.0, 1.0, 1.0, 1.0, 1.0, 1.0, 1.0, 1.0, 1.0, 1.0, 1.0, 1.0, 1.0, 1.0, 1.0, 1.0, 1.0, 1.0, 1.0, 1.0, 1.0, 1.0]"
00954427,11,18,1,25.0,False,True,"[1, 1, 1]",9.429890288066767,18.97011062865777,9.485055314328886,5.761061433381212,5.7150951089596385,5.457486504816245,4.7028141772220415,0.4987135622535616,,2.3610968486331902,0.8517521934447831,5.883362601538637,,0.6239057318603005,,,,1244.0464398860931,20106.238667726517,True,18862.211487054825,0.019240856170654297,0.0,18862.211487054825,Results/warm_start_cache/experiment_3/random_graphs_8to14vertices_78instances_20260625_143415_AdjacencyList__filehash_a79662a0/hog_idx000038_36d1725e8833_seed42_L2_M2_amplified.npz,1244.0950255393982,2026-07-22 21:32:28,x86_64,dacsgpu0002,,64,64,3.11.15,1.1,False,False,adam,True,2,20,hamqaoa,0.01,44,standard,2,2,42,scs,1e-06,100000,False,False,False,hog,False,True,False,False,False,False,True,1,HOG_graphs/random_graphs_8to14vertices_78instances_20260625_143415_AdjacencyList.txt,True,Results/warm_start_cache/experiment_3,512,60,0,32,1,1,100,100,5,3,5,1,42,38,"[(3, 9), (1, 3), (0, 1), (9, 10), (1, 6), (0, 4), (5, 8), (1, 10), (7, 9), (0, 3), (0, 6), (4, 5), (3, 7), (0, 5), (1, 4), (0, 2), (0, 8), (1, 7)]","[1.0, 1.0, 1.0, 1.0, 1.0, 1.0, 1.0, 1.0, 1.0, 1.0, 1.0, 1.0, 1.0, 1.0, 1.0, 1.0, 1.0, 1.0]"
1257318e,11,24,2,25.0,False,True,"[1, 1, 1]",11.799588746433798,23.86884757117305,11.934423785586525,8.78017660648317,7.239662988447046,8.434860566895686,7.716357082713689,0.653951357842519,,0.6168436676593743,-0.8201633007046212,8.024778916543376,,0.6800897123612646,,,,1266.6706442832947,18640.9688873291,True,17374.333897829056,0.03563427925109863,0.0,17374.333897829056,Results/warm_start_cache/experiment_3/random_graphs_8to14vertices_78instances_20260625_143415_AdjacencyList__filehash_a79662a0/hog_idx000039_3fc7c6adb282_seed42_L2_M2_amplified.npz,1266.6968448162079,2026-07-22 21:32:52,x86_64,dacsgpu0002,,64,64,3.11.15,2.0,False,False,adam,True,2,20,hamqaoa,0.01,44,standard,2,2,42,scs,1e-06,100000,False,False,False,hog,False,True,False,False,False,False,True,1,HOG_graphs/random_graphs_8to14vertices_78instances_20260625_143415_AdjacencyList.txt,True,Results/warm_start_cache/experiment_3,512,60,0,32,1,1,100,100,5,3,5,1,42,39,"[(2, 6), (4, 6), (4, 9), (0, 5), (1, 4), (0, 2), (0, 8), (1, 7), (5, 10), (6, 9), (4, 5), (4, 8), (7, 10), (8, 9), (0, 1), (1, 6), (0, 4), (2, 4), (2, 10), (4, 7), (0, 3), (1, 8), (1, 5), (6, 7)]","[1.0, 1.0, 1.0, 1.0, 1.0, 1.0, 1.0, 1.0, 1.0, 1.0, 1.0, 1.0, 1.0, 1.0, 1.0, 1.0, 1.0, 1.0, 1.0, 1.0, 1.0, 1.0, 1.0, 1.0]"
1a1d6296,11,18,2,25.0,False,True,"[1, 1, 1]",9.429890288066767,18.97011062865777,9.485055314328886,5.761061433381212,5.7150951089596385,5.457486504816245,4.7028141772220415,0.4987135622535616,,2.1318023062621716,0.6224576510737645,5.768715330353127,,0.6117478734247054,,,,1270.3807361125946,20132.557611227036,True,18862.211487054825,0.03459286689758301,0.0,18862.211487054825,Results/warm_start_cache/experiment_3/random_graphs_8to14vertices_78instances_20260625_143415_AdjacencyList__filehash_a79662a0/hog_idx000038_36d1725e8833_seed42_L2_M2_amplified.npz,1270.4091534614563,2026-07-22 21:32:54,x86_64,dacsgpu0002,,64,64,3.11.15,2.0,False,False,adam,True,2,20,hamqaoa,0.01,44,standard,2,2,42,scs,1e-06,100000,False,False,False,hog,False,True,False,False,False,False,True,1,HOG_graphs/random_graphs_8to14vertices_78instances_20260625_143415_AdjacencyList.txt,True,Results/warm_start_cache/experiment_3,512,60,0,32,1,1,100,100,5,3,5,1,42,38,"[(3, 9), (1, 3), (0, 1), (9, 10), (1, 6), (0, 4), (5, 8), (1, 10), (7, 9), (0, 3), (0, 6), (4, 5), (3, 7), (0, 5), (1, 4), (0, 2), (0, 8), (1, 7)]","[1.0, 1.0, 1.0, 1.0, 1.0, 1.0, 1.0, 1.0, 1.0, 1.0, 1.0, 1.0, 1.0, 1.0, 1.0, 1.0, 1.0, 1.0]"
fbe7f247,11,22,1,5.0,False,True,"[1, 1, 1]",11.317674756174846,22.948996308007736,11.474498154003868,6.901072919066139,6.907184403708756,6.705807528622433,6.998288936625686,0.6183504197986841,,0.0,0.5849628160065059,6.998288936625686,,0.6183504197986841,,,,858.6681036949158,17632.45432162285,True,16773.812178850174,0.02594137191772461,0.0,16773.812178850174,Results/warm_start_cache/experiment_3/random_graphs_8to14vertices_78instances_20260625_143415_AdjacencyList__filehash_a79662a0/hog_idx000041_c69e785c934e_seed42_L2_M2_amplified.npz,858.6908218860626,2026-07-22 21:34:19,x86_64,dacsgpu0002,,64,64,3.11.15,1.1,False,False,adam,True,2,20,hamqaoa,0.01,44,standard,2,2,42,scs,1e-06,100000,False,False,False,hog,False,True,False,False,False,False,True,1,HOG_graphs/random_graphs_8to14vertices_78instances_20260625_143415_AdjacencyList.txt,True,Results/warm_start_cache/experiment_3,512,60,0,32,1,1,100,100,5,3,5,1,42,41,"[(2, 3), (3, 5), (2, 9), (4, 6), (4, 9), (7, 8), (8, 10), (1, 4), (0, 2), (5, 10), (5, 7), (3, 4), (7, 10), (8, 9), (1, 3), (9, 10), (0, 4), (6, 8), (5, 6), (2, 10), (7, 9), (6, 7)]","[1.0, 1.0, 1.0, 1.0, 1.0, 1.0, 1.0, 1.0, 1.0, 1.0, 1.0, 1.0, 1.0, 1.0, 1.0, 1.0, 1.0, 1.0, 1.0, 1.0, 1.0, 1.0]"
17fa89a8,11,22,2,5.0,False,True,"[1, 1, 1]",11.317674756174846,22.948996308007736,11.474498154003868,6.901072919066139,6.907184403708756,6.705807528622433,6.998288936625686,0.6183504197986841,,0.0,0.5849628160065059,6.998288936625686,,0.6183504197986841,,,,871.9006946086884,17645.698227643967,True,16773.812178850174,0.014623403549194336,0.0,16773.812178850174,Results/warm_start_cache/experiment_3/random_graphs_8to14vertices_78instances_20260625_143415_AdjacencyList__filehash_a79662a0/hog_idx000041_c69e785c934e_seed42_L2_M2_amplified.npz,871.9340977668762,2026-07-22 21:34:32,x86_64,dacsgpu0002,,64,64,3.11.15,2.0,False,False,adam,True,2,20,hamqaoa,0.01,44,standard,2,2,42,scs,1e-06,100000,False,False,False,hog,False,True,False,False,False,False,True,1,HOG_graphs/random_graphs_8to14vertices_78instances_20260625_143415_AdjacencyList.txt,True,Results/warm_start_cache/experiment_3,512,60,0,32,1,1,100,100,5,3,5,1,42,41,"[(2, 3), (3, 5), (2, 9), (4, 6), (4, 9), (7, 8), (8, 10), (1, 4), (0, 2), (5, 10), (5, 7), (3, 4), (7, 10), (8, 9), (1, 3), (9, 10), (0, 4), (6, 8), (5, 6), (2, 10), (7, 9), (6, 7)]","[1.0, 1.0, 1.0, 1.0, 1.0, 1.0, 1.0, 1.0, 1.0, 1.0, 1.0, 1.0, 1.0, 1.0, 1.0, 1.0, 1.0, 1.0, 1.0, 1.0, 1.0, 1.0]"
c67b4713,11,22,1,10.0,False,True,"[1, 1, 1]",11.317674756174846,22.948996308007736,11.474498154003868,6.901072919066139,6.907184403708756,6.705807528622433,6.998288936625686,0.6183504197986841,,0.07242555549358975,0.6573883715000957,7.034501714372481,,0.6215500856776702,,,,924.2143023014069,17698.006831407547,True,16773.812178850174,0.01962900161743164,0.0,16773.812178850174,Results/warm_start_cache/experiment_3/random_graphs_8to14vertices_78instances_20260625_143415_AdjacencyList__filehash_a79662a0/hog_idx000041_c69e785c934e_seed42_L2_M2_amplified.npz,924.2394270896912,2026-07-22 21:35:25,x86_64,dacsgpu0002,,64,64,3.11.15,1.1,False,False,adam,True,2,20,hamqaoa,0.01,44,standard,2,2,42,scs,1e-06,100000,False,False,False,hog,False,True,False,False,False,False,True,1,HOG_graphs/random_graphs_8to14vertices_78instances_20260625_143415_AdjacencyList.txt,True,Results/warm_start_cache/experiment_3,512,60,0,32,1,1,100,100,5,3,5,1,42,41,"[(2, 3), (3, 5), (2, 9), (4, 6), (4, 9), (7, 8), (8, 10), (1, 4), (0, 2), (5, 10), (5, 7), (3, 4), (7, 10), (8, 9), (1, 3), (9, 10), (0, 4), (6, 8), (5, 6), (2, 10), (7, 9), (6, 7)]","[1.0, 1.0, 1.0, 1.0, 1.0, 1.0, 1.0, 1.0, 1.0, 1.0, 1.0, 1.0, 1.0, 1.0, 1.0, 1.0, 1.0, 1.0, 1.0, 1.0, 1.0, 1.0]"
1c9315d1,11,22,2,10.0,False,True,"[1, 1, 1]",11.317674756174846,22.948996308007736,11.474498154003868,6.901072919066139,6.907184403708756,6.705807528622433,6.998288936625686,0.6183504197986841,,0.0,0.5849628160065059,6.998288936625686,,0.6183504197986841,,,,999.715749502182,17773.483657836914,True,16773.812178850174,0.044249534606933594,0.0,16773.812178850174,Results/warm_start_cache/experiment_3/random_graphs_8to14vertices_78instances_20260625_143415_AdjacencyList__filehash_a79662a0/hog_idx000041_c69e785c934e_seed42_L2_M2_amplified.npz,999.7673447132111,2026-07-22 21:36:40,x86_64,dacsgpu0002,,64,64,3.11.15,2.0,False,False,adam,True,2,20,hamqaoa,0.01,44,standard,2,2,42,scs,1e-06,100000,False,False,False,hog,False,True,False,False,False,False,True,1,HOG_graphs/random_graphs_8to14vertices_78instances_20260625_143415_AdjacencyList.txt,True,Results/warm_start_cache/experiment_3,512,60,0,32,1,1,100,100,5,3,5,1,42,41,"[(2, 3), (3, 5), (2, 9), (4, 6), (4, 9), (7, 8), (8, 10), (1, 4), (0, 2), (5, 10), (5, 7), (3, 4), (7, 10), (8, 9), (1, 3), (9, 10), (0, 4), (6, 8), (5, 6), (2, 10), (7, 9), (6, 7)]","[1.0, 1.0, 1.0, 1.0, 1.0, 1.0, 1.0, 1.0, 1.0, 1.0, 1.0, 1.0, 1.0, 1.0, 1.0, 1.0, 1.0, 1.0, 1.0, 1.0, 1.0, 1.0]"
1b70e069,11,24,1,50.0,False,True,"[1, 1, 1]",11.799588746433798,23.86884757117305,11.934423785586525,8.78017660648317,7.239662988447046,8.434860566895686,7.716357082713689,0.653951357842519,,1.396454234740574,-0.04055273362342149,8.414584200083976,,0.7131252097770886,,,,1571.5273253917694,18945.83701634407,True,17374.333897829056,0.02418661117553711,0.0,17374.333897829056,Results/warm_start_cache/experiment_3/random_graphs_8to14vertices_78instances_20260625_143415_AdjacencyList__filehash_a79662a0/hog_idx000039_3fc7c6adb282_seed42_L2_M2_amplified.npz,1571.578165769577,2026-07-22 21:37:59,x86_64,dacsgpu0002,,64,64,3.11.15,1.1,False,False,adam,True,2,20,hamqaoa,0.01,44,standard,2,2,42,scs,1e-06,100000,False,False,False,hog,False,True,False,False,False,False,True,1,HOG_graphs/random_graphs_8to14vertices_78instances_20260625_143415_AdjacencyList.txt,True,Results/warm_start_cache/experiment_3,512,60,0,32,1,1,100,100,5,3,5,1,42,39,"[(2, 6), (4, 6), (4, 9), (0, 5), (1, 4), (0, 2), (0, 8), (1, 7), (5, 10), (6, 9), (4, 5), (4, 8), (7, 10), (8, 9), (0, 1), (1, 6), (0, 4), (2, 4), (2, 10), (4, 7), (0, 3), (1, 8), (1, 5), (6, 7)]","[1.0, 1.0, 1.0, 1.0, 1.0, 1.0, 1.0, 1.0, 1.0, 1.0, 1.0, 1.0, 1.0, 1.0, 1.0, 1.0, 1.0, 1.0, 1.0, 1.0, 1.0, 1.0, 1.0, 1.0]"
3be31b96,11,18,1,50.0,False,True,"[1, 1, 1]",9.429890288066767,18.97011062865777,9.485055314328886,5.761061433381212,5.7150951089596385,5.457486504816245,4.7028141772220415,0.4987135622535616,,2.4071996622967173,0.8978550071083102,5.9064140083704,,0.6263502361045264,,,,1592.6483626365662,20454.832547664642,True,18862.211487054825,0.02728104591369629,0.0,18862.211487054825,Results/warm_start_cache/experiment_3/random_graphs_8to14vertices_78instances_20260625_143415_AdjacencyList__filehash_a79662a0/hog_idx000038_36d1725e8833_seed42_L2_M2_amplified.npz,1592.687077999115,2026-07-22 21:38:17,x86_64,dacsgpu0002,,64,64,3.11.15,1.1,False,False,adam,True,2,20,hamqaoa,0.01,44,standard,2,2,42,scs,1e-06,100000,False,False,False,hog,False,True,False,False,False,False,True,1,HOG_graphs/random_graphs_8to14vertices_78instances_20260625_143415_AdjacencyList.txt,True,Results/warm_start_cache/experiment_3,512,60,0,32,1,1,100,100,5,3,5,1,42,38,"[(3, 9), (1, 3), (0, 1), (9, 10), (1, 6), (0, 4), (5, 8), (1, 10), (7, 9), (0, 3), (0, 6), (4, 5), (3, 7), (0, 5), (1, 4), (0, 2), (0, 8), (1, 7)]","[1.0, 1.0, 1.0, 1.0, 1.0, 1.0, 1.0, 1.0, 1.0, 1.0, 1.0, 1.0, 1.0, 1.0, 1.0, 1.0, 1.0, 1.0]"
97bfb29d,11,18,2,50.0,False,True,"[1, 1, 1]",9.429890288066767,18.97011062865777,9.485055314328886,5.761061433381212,5.7150951089596385,5.457486504816245,4.7028141772220415,0.4987135622535616,,2.4244522890762656,0.9151076338878585,5.915040321760174,,0.6272650201715999,,,,1636.0997350215912,20498.28125667572,True,18862.211487054825,0.029942989349365234,0.0,18862.211487054825,Results/warm_start_cache/experiment_3/random_graphs_8to14vertices_78instances_20260625_143415_AdjacencyList__filehash_a79662a0/hog_idx000038_36d1725e8833_seed42_L2_M2_amplified.npz,1636.1280303001404,2026-07-22 21:39:01,x86_64,dacsgpu0002,,64,64,3.11.15,2.0,False,False,adam,True,2,20,hamqaoa,0.01,44,standard,2,2,42,scs,1e-06,100000,False,False,False,hog,False,True,False,False,False,False,True,1,HOG_graphs/random_graphs_8to14vertices_78instances_20260625_143415_AdjacencyList.txt,True,Results/warm_start_cache/experiment_3,512,60,0,32,1,1,100,100,5,3,5,1,42,38,"[(3, 9), (1, 3), (0, 1), (9, 10), (1, 6), (0, 4), (5, 8), (1, 10), (7, 9), (0, 3), (0, 6), (4, 5), (3, 7), (0, 5), (1, 4), (0, 2), (0, 8), (1, 7)]","[1.0, 1.0, 1.0, 1.0, 1.0, 1.0, 1.0, 1.0, 1.0, 1.0, 1.0, 1.0, 1.0, 1.0, 1.0, 1.0, 1.0, 1.0]"
987db527,11,24,2,50.0,False,True,"[1, 1, 1]",11.799588746433798,23.86884757117305,11.934423785586525,8.78017660648317,7.239662988447046,8.434860566895686,7.716357082713689,0.653951357842519,,0.9239503945464662,-0.5130565738175292,8.178332279986922,,0.6931031628079977,,,,1648.6802263259888,19022.994711637497,True,17374.333897829056,0.01937413215637207,0.0,17374.333897829056,Results/warm_start_cache/experiment_3/random_graphs_8to14vertices_78instances_20260625_143415_AdjacencyList__filehash_a79662a0/hog_idx000039_3fc7c6adb282_seed42_L2_M2_amplified.npz,1648.714602947235,2026-07-22 21:39:17,x86_64,dacsgpu0002,,64,64,3.11.15,2.0,False,False,adam,True,2,20,hamqaoa,0.01,44,standard,2,2,42,scs,1e-06,100000,False,False,False,hog,False,True,False,False,False,False,True,1,HOG_graphs/random_graphs_8to14vertices_78instances_20260625_143415_AdjacencyList.txt,True,Results/warm_start_cache/experiment_3,512,60,0,32,1,1,100,100,5,3,5,1,42,39,"[(2, 6), (4, 6), (4, 9), (0, 5), (1, 4), (0, 2), (0, 8), (1, 7), (5, 10), (6, 9), (4, 5), (4, 8), (7, 10), (8, 9), (0, 1), (1, 6), (0, 4), (2, 4), (2, 10), (4, 7), (0, 3), (1, 8), (1, 5), (6, 7)]","[1.0, 1.0, 1.0, 1.0, 1.0, 1.0, 1.0, 1.0, 1.0, 1.0, 1.0, 1.0, 1.0, 1.0, 1.0, 1.0, 1.0, 1.0, 1.0, 1.0, 1.0, 1.0, 1.0, 1.0]"
73fb628c,11,22,1,25.0,False,True,"[1, 1, 1]",11.400436437426087,23.088620953052768,11.544310476526384,8.186267904484481,6.951568535899478,7.850315131611026,7.141433315094939,0.6264175371085428,,0.4652228248952337,-0.9525408081369413,7.374044727542556,,0.6468212658363294,,,,1160.0678751468658,18003.29137325287,True,16843.245135307312,0.02161121368408203,0.0,16843.245135307312,Results/warm_start_cache/experiment_3/random_graphs_8to14vertices_78instances_20260625_143415_AdjacencyList__filehash_a79662a0/hog_idx000040_4fdefa5fa42d_seed42_L2_M2_amplified.npz,1160.1118824481964,2026-07-22 21:39:19,x86_64,dacsgpu0002,,64,64,3.11.15,1.1,False,False,adam,True,2,20,hamqaoa,0.01,44,standard,2,2,42,scs,1e-06,100000,False,False,False,hog,False,True,False,False,False,False,True,1,HOG_graphs/random_graphs_8to14vertices_78instances_20260625_143415_AdjacencyList.txt,True,Results/warm_start_cache/experiment_3,512,60,0,32,1,1,100,100,5,3,5,1,42,40,"[(3, 5), (2, 9), (4, 6), (7, 8), (0, 5), (8, 10), (1, 10), (0, 8), (5, 7), (3, 4), (4, 5), (8, 9), (0, 1), (9, 10), (1, 6), (0, 10), (6, 8), (2, 4), (7, 9), (1, 2), (0, 9), (6, 7)]","[1.0, 1.0, 1.0, 1.0, 1.0, 1.0, 1.0, 1.0, 1.0, 1.0, 1.0, 1.0, 1.0, 1.0, 1.0, 1.0, 1.0, 1.0, 1.0, 1.0, 1.0, 1.0]"
6dbe3742,11,22,1,25.0,False,True,"[1, 1, 1]",11.317674756174846,22.948996308007736,11.474498154003868,6.901072919066139,6.907184403708756,6.705807528622433,6.998288936625686,0.6183504197986841,,0.16126621635135052,0.7462290323578564,7.078922044801361,,0.6254749493432076,,,,1179.5505831241608,17953.310830831528,True,16773.812178850174,0.05190920829772949,0.0,16773.812178850174,Results/warm_start_cache/experiment_3/random_graphs_8to14vertices_78instances_20260625_143415_AdjacencyList__filehash_a79662a0/hog_idx000041_c69e785c934e_seed42_L2_M2_amplified.npz,1179.5892355442047,2026-07-22 21:40:12,x86_64,dacsgpu0002,,64,64,3.11.15,1.1,False,False,adam,True,2,20,hamqaoa,0.01,44,standard,2,2,42,scs,1e-06,100000,False,False,False,hog,False,True,False,False,False,False,True,1,HOG_graphs/random_graphs_8to14vertices_78instances_20260625_143415_AdjacencyList.txt,True,Results/warm_start_cache/experiment_3,512,60,0,32,1,1,100,100,5,3,5,1,42,41,"[(2, 3), (3, 5), (2, 9), (4, 6), (4, 9), (7, 8), (8, 10), (1, 4), (0, 2), (5, 10), (5, 7), (3, 4), (7, 10), (8, 9), (1, 3), (9, 10), (0, 4), (6, 8), (5, 6), (2, 10), (7, 9), (6, 7)]","[1.0, 1.0, 1.0, 1.0, 1.0, 1.0, 1.0, 1.0, 1.0, 1.0, 1.0, 1.0, 1.0, 1.0, 1.0, 1.0, 1.0, 1.0, 1.0, 1.0, 1.0, 1.0]"
06afbf39,11,22,2,25.0,False,True,"[1, 1, 1]",11.400436437426087,23.088620953052768,11.544310476526384,8.186267904484481,6.951568535899478,7.850315131611026,7.141433315094939,0.6264175371085428,,0.22393722961902007,-1.193826403413155,7.253401929904449,,0.6362389694216015,,,,1228.6544725894928,18071.875452518463,True,16843.245135307312,0.024132966995239258,0.0,16843.245135307312,Results/warm_start_cache/experiment_3/random_graphs_8to14vertices_78instances_20260625_143415_AdjacencyList__filehash_a79662a0/hog_idx000040_4fdefa5fa42d_seed42_L2_M2_amplified.npz,1228.689270734787,2026-07-22 21:40:28,x86_64,dacsgpu0002,,64,64,3.11.15,2.0,False,False,adam,True,2,20,hamqaoa,0.01,44,standard,2,2,42,scs,1e-06,100000,False,False,False,hog,False,True,False,False,False,False,True,1,HOG_graphs/random_graphs_8to14vertices_78instances_20260625_143415_AdjacencyList.txt,True,Results/warm_start_cache/experiment_3,512,60,0,32,1,1,100,100,5,3,5,1,42,40,"[(3, 5), (2, 9), (4, 6), (7, 8), (0, 5), (8, 10), (1, 10), (0, 8), (5, 7), (3, 4), (4, 5), (8, 9), (0, 1), (9, 10), (1, 6), (0, 10), (6, 8), (2, 4), (7, 9), (1, 2), (0, 9), (6, 7)]","[1.0, 1.0, 1.0, 1.0, 1.0, 1.0, 1.0, 1.0, 1.0, 1.0, 1.0, 1.0, 1.0, 1.0, 1.0, 1.0, 1.0, 1.0, 1.0, 1.0, 1.0, 1.0]"
b7947c7a,11,33,1,5.0,False,True,"[1, 1, 1]",13.965647609088416,28.971608106572482,14.485804053286241,10.278026371762353,8.935186977008241,10.148071926480158,9.212925719632608,0.6596848193160135,,1.0389625056656087,-0.8313299080294918,9.732406972465412,,0.6968818951247101,,,,825.720584154129,17502.735167980194,True,16677.071393966675,0.056780338287353516,0.0,16677.071393966675,Results/warm_start_cache/experiment_3/random_graphs_8to14vertices_78instances_20260625_143415_AdjacencyList__filehash_a79662a0/hog_idx000042_1f0e337be952_seed42_L2_M2_amplified.npz,825.7557690143585,2026-07-22 21:41:06,x86_64,dacsgpu0002,,64,64,3.11.15,1.1,False,False,adam,True,2,20,hamqaoa,0.01,44,standard,2,2,42,scs,1e-06,100000,False,False,False,hog,False,True,False,False,False,False,True,1,HOG_graphs/random_graphs_8to14vertices_78instances_20260625_143415_AdjacencyList.txt,True,Results/warm_start_cache/experiment_3,512,60,0,32,1,1,100,100,5,3,5,1,42,42,"[(2, 3), (3, 5), (4, 6), (7, 8), (8, 10), (1, 4), (1, 10), (0, 2), (0, 8), (6, 9), (5, 7), (3, 4), (3, 7), (4, 8), (8, 9), (1, 3), (0, 1), (9, 10), (0, 10), (1, 9), (0, 7), (6, 8), (5, 6), (5, 9), (3, 6), (2, 4), (2, 10), (2, 7), (4, 7), (0, 3), (1, 2), (5, 8), (6, 7)]","[1.0, 1.0, 1.0, 1.0, 1.0, 1.0, 1.0, 1.0, 1.0, 1.0, 1.0, 1.0, 1.0, 1.0, 1.0, 1.0, 1.0, 1.0, 1.0, 1.0, 1.0, 1.0, 1.0, 1.0, 1.0, 1.0, 1.0, 1.0, 1.0, 1.0, 1.0, 1.0, 1.0]"
4961f33e,11,22,2,25.0,False,True,"[1, 1, 1]",11.317674756174846,22.948996308007736,11.474498154003868,6.901072919066139,6.907184403708756,6.705807528622433,6.998288936625686,0.6183504197986841,,1.8622230389824175,2.4471858549889234,7.929400456116895,,0.7006209868145105,,,,1209.4512135982513,17983.234847545624,True,16773.812178850174,0.028522968292236328,0.0,16773.812178850174,Results/warm_start_cache/experiment_3/random_graphs_8to14vertices_78instances_20260625_143415_AdjacencyList__filehash_a79662a0/hog_idx000041_c69e785c934e_seed42_L2_M2_amplified.npz,1209.4886162281036,2026-07-22 21:41:06,x86_64,dacsgpu0002,,64,64,3.11.15,2.0,False,False,adam,True,2,20,hamqaoa,0.01,44,standard,2,2,42,scs,1e-06,100000,False,False,False,hog,False,True,False,False,False,False,True,1,HOG_graphs/random_graphs_8to14vertices_78instances_20260625_143415_AdjacencyList.txt,True,Results/warm_start_cache/experiment_3,512,60,0,32,1,1,100,100,5,3,5,1,42,41,"[(2, 3), (3, 5), (2, 9), (4, 6), (4, 9), (7, 8), (8, 10), (1, 4), (0, 2), (5, 10), (5, 7), (3, 4), (7, 10), (8, 9), (1, 3), (9, 10), (0, 4), (6, 8), (5, 6), (2, 10), (7, 9), (6, 7)]","[1.0, 1.0, 1.0, 1.0, 1.0, 1.0, 1.0, 1.0, 1.0, 1.0, 1.0, 1.0, 1.0, 1.0, 1.0, 1.0, 1.0, 1.0, 1.0, 1.0, 1.0, 1.0]"
a0288a28,11,33,2,5.0,False,True,"[1, 1, 1]",13.965647609088416,28.971608106572482,14.485804053286241,10.278026371762353,8.935186977008241,10.148071926480158,9.212925719632608,0.6596848193160135,,0.3930886018676283,-1.4772038118274722,9.409470020566422,,0.6737582304771192,,,,832.1937038898468,17509.237607717514,True,16677.071393966675,0.027468204498291016,0.0,16677.071393966675,Results/warm_start_cache/experiment_3/random_graphs_8to14vertices_78instances_20260625_143415_AdjacencyList__filehash_a79662a0/hog_idx000042_1f0e337be952_seed42_L2_M2_amplified.npz,832.230078458786,2026-07-22 21:41:45,x86_64,dacsgpu0002,,64,64,3.11.15,2.0,False,False,adam,True,2,20,hamqaoa,0.01,44,standard,2,2,42,scs,1e-06,100000,False,False,False,hog,False,True,False,False,False,False,True,1,HOG_graphs/random_graphs_8to14vertices_78instances_20260625_143415_AdjacencyList.txt,True,Results/warm_start_cache/experiment_3,512,60,0,32,1,1,100,100,5,3,5,1,42,42,"[(2, 3), (3, 5), (4, 6), (7, 8), (8, 10), (1, 4), (1, 10), (0, 2), (0, 8), (6, 9), (5, 7), (3, 4), (3, 7), (4, 8), (8, 9), (1, 3), (0, 1), (9, 10), (0, 10), (1, 9), (0, 7), (6, 8), (5, 6), (5, 9), (3, 6), (2, 4), (2, 10), (2, 7), (4, 7), (0, 3), (1, 2), (5, 8), (6, 7)]","[1.0, 1.0, 1.0, 1.0, 1.0, 1.0, 1.0, 1.0, 1.0, 1.0, 1.0, 1.0, 1.0, 1.0, 1.0, 1.0, 1.0, 1.0, 1.0, 1.0, 1.0, 1.0, 1.0, 1.0, 1.0, 1.0, 1.0, 1.0, 1.0, 1.0, 1.0, 1.0, 1.0]"
5f3cab50,11,33,1,10.0,False,True,"[1, 1, 1]",13.965647609088416,28.971608106572482,14.485804053286241,10.278026371762353,8.935186977008241,10.148071926480158,9.212925719632608,0.6596848193160135,,0.553542681574406,-1.3167497321206945,9.489697060419811,,0.679502829087869,,,,869.9236533641815,17546.983033418655,True,16677.071393966675,0.011981964111328125,0.0,16677.071393966675,Results/warm_start_cache/experiment_3/random_graphs_8to14vertices_78instances_20260625_143415_AdjacencyList__filehash_a79662a0/hog_idx000042_1f0e337be952_seed42_L2_M2_amplified.npz,869.9331848621368,2026-07-22 21:42:27,x86_64,dacsgpu0002,,64,64,3.11.15,1.1,False,False,adam,True,2,20,hamqaoa,0.01,44,standard,2,2,42,scs,1e-06,100000,False,False,False,hog,False,True,False,False,False,False,True,1,HOG_graphs/random_graphs_8to14vertices_78instances_20260625_143415_AdjacencyList.txt,True,Results/warm_start_cache/experiment_3,512,60,0,32,1,1,100,100,5,3,5,1,42,42,"[(2, 3), (3, 5), (4, 6), (7, 8), (8, 10), (1, 4), (1, 10), (0, 2), (0, 8), (6, 9), (5, 7), (3, 4), (3, 7), (4, 8), (8, 9), (1, 3), (0, 1), (9, 10), (0, 10), (1, 9), (0, 7), (6, 8), (5, 6), (5, 9), (3, 6), (2, 4), (2, 10), (2, 7), (4, 7), (0, 3), (1, 2), (5, 8), (6, 7)]","[1.0, 1.0, 1.0, 1.0, 1.0, 1.0, 1.0, 1.0, 1.0, 1.0, 1.0, 1.0, 1.0, 1.0, 1.0, 1.0, 1.0, 1.0, 1.0, 1.0, 1.0, 1.0, 1.0, 1.0, 1.0, 1.0, 1.0, 1.0, 1.0, 1.0, 1.0, 1.0, 1.0]"
64773ac4,11,33,2,10.0,False,True,"[1, 1, 1]",13.965647609088416,28.971608106572482,14.485804053286241,10.278026371762353,8.935186977008241,10.148071926480158,9.212925719632608,0.6596848193160135,,1.1341030043936904,-0.7361894093014101,9.779977221829453,,0.7002881280968986,,,,890.5868158340454,17567.63521552086,True,16677.071393966675,0.022974729537963867,0.0,16677.071393966675,Results/warm_start_cache/experiment_3/random_graphs_8to14vertices_78instances_20260625_143415_AdjacencyList__filehash_a79662a0/hog_idx000042_1f0e337be952_seed42_L2_M2_amplified.npz,890.6293280124664,2026-07-22 21:42:49,x86_64,dacsgpu0002,,64,64,3.11.15,2.0,False,False,adam,True,2,20,hamqaoa,0.01,44,standard,2,2,42,scs,1e-06,100000,False,False,False,hog,False,True,False,False,False,False,True,1,HOG_graphs/random_graphs_8to14vertices_78instances_20260625_143415_AdjacencyList.txt,True,Results/warm_start_cache/experiment_3,512,60,0,32,1,1,100,100,5,3,5,1,42,42,"[(2, 3), (3, 5), (4, 6), (7, 8), (8, 10), (1, 4), (1, 10), (0, 2), (0, 8), (6, 9), (5, 7), (3, 4), (3, 7), (4, 8), (8, 9), (1, 3), (0, 1), (9, 10), (0, 10), (1, 9), (0, 7), (6, 8), (5, 6), (5, 9), (3, 6), (2, 4), (2, 10), (2, 7), (4, 7), (0, 3), (1, 2), (5, 8), (6, 7)]","[1.0, 1.0, 1.0, 1.0, 1.0, 1.0, 1.0, 1.0, 1.0, 1.0, 1.0, 1.0, 1.0, 1.0, 1.0, 1.0, 1.0, 1.0, 1.0, 1.0, 1.0, 1.0, 1.0, 1.0, 1.0, 1.0, 1.0, 1.0, 1.0, 1.0, 1.0, 1.0, 1.0]"
ea7a69b9,11,22,1,50.0,False,True,"[1, 1, 1]",11.400436437426087,23.088620953052768,11.544310476526384,8.186267904484481,6.951568535899478,7.850315131611026,7.141433315094939,0.6264175371085428,,-3.552713678800501e-15,-1.4177636330321786,7.141433315094937,,0.6264175371085425,,,,1507.0320534706116,18350.253331899643,True,16843.245135307312,0.02383899688720703,0.0,16843.245135307312,Results/warm_start_cache/experiment_3/random_graphs_8to14vertices_78instances_20260625_143415_AdjacencyList__filehash_a79662a0/hog_idx000040_4fdefa5fa42d_seed42_L2_M2_amplified.npz,1507.0651848316193,2026-07-22 21:45:06,x86_64,dacsgpu0002,,64,64,3.11.15,1.1,False,False,adam,True,2,20,hamqaoa,0.01,44,standard,2,2,42,scs,1e-06,100000,False,False,False,hog,False,True,False,False,False,False,True,1,HOG_graphs/random_graphs_8to14vertices_78instances_20260625_143415_AdjacencyList.txt,True,Results/warm_start_cache/experiment_3,512,60,0,32,1,1,100,100,5,3,5,1,42,40,"[(3, 5), (2, 9), (4, 6), (7, 8), (0, 5), (8, 10), (1, 10), (0, 8), (5, 7), (3, 4), (4, 5), (8, 9), (0, 1), (9, 10), (1, 6), (0, 10), (6, 8), (2, 4), (7, 9), (1, 2), (0, 9), (6, 7)]","[1.0, 1.0, 1.0, 1.0, 1.0, 1.0, 1.0, 1.0, 1.0, 1.0, 1.0, 1.0, 1.0, 1.0, 1.0, 1.0, 1.0, 1.0, 1.0, 1.0, 1.0, 1.0]"
4be3befe,11,22,2,50.0,False,True,"[1, 1, 1]",11.400436437426087,23.088620953052768,11.544310476526384,8.186267904484481,6.951568535899478,7.850315131611026,7.141433315094939,0.6264175371085428,,0.3325614514141435,-1.0852021816180315,7.3077140408020105,,0.6410030072894206,,,,1592.4822227954865,18435.699830293655,True,16843.245135307312,0.027508258819580078,0.0,16843.245135307312,Results/warm_start_cache/experiment_3/random_graphs_8to14vertices_78instances_20260625_143415_AdjacencyList__filehash_a79662a0/hog_idx000040_4fdefa5fa42d_seed42_L2_M2_amplified.npz,1592.5291562080383,2026-07-22 21:46:32,x86_64,dacsgpu0002,,64,64,3.11.15,2.0,False,False,adam,True,2,20,hamqaoa,0.01,44,standard,2,2,42,scs,1e-06,100000,False,False,False,hog,False,True,False,False,False,False,True,1,HOG_graphs/random_graphs_8to14vertices_78instances_20260625_143415_AdjacencyList.txt,True,Results/warm_start_cache/experiment_3,512,60,0,32,1,1,100,100,5,3,5,1,42,40,"[(3, 5), (2, 9), (4, 6), (7, 8), (0, 5), (8, 10), (1, 10), (0, 8), (5, 7), (3, 4), (4, 5), (8, 9), (0, 1), (9, 10), (1, 6), (0, 10), (6, 8), (2, 4), (7, 9), (1, 2), (0, 9), (6, 7)]","[1.0, 1.0, 1.0, 1.0, 1.0, 1.0, 1.0, 1.0, 1.0, 1.0, 1.0, 1.0, 1.0, 1.0, 1.0, 1.0, 1.0, 1.0, 1.0, 1.0, 1.0, 1.0]"
212f9ed5,11,33,1,5.0,False,True,"[1, 1, 1]",14.27146488133341,29.15456356300019,14.577281781500094,11.322396783816556,8.993649105318188,11.044831637721568,8.917726706696593,0.6248641454011267,,1.148133322331386,-3.106076539718565,9.491793367862286,,0.6650889342324787,,,,789.1937899589539,17727.571315288544,True,16938.399592399597,0.022045612335205078,0.0,16938.399592399597,Results/warm_start_cache/experiment_3/random_graphs_8to14vertices_78instances_20260625_143415_AdjacencyList__filehash_a79662a0/hog_idx000043_2544577900d4_seed42_L2_M2_amplified.npz,789.2230949401855,2026-07-22 21:47:44,x86_64,dacsgpu0002,,64,64,3.11.15,1.1,False,False,adam,True,2,20,hamqaoa,0.01,44,standard,2,2,42,scs,1e-06,100000,False,False,False,hog,False,True,False,False,False,False,True,1,HOG_graphs/random_graphs_8to14vertices_78instances_20260625_143415_AdjacencyList.txt,True,Results/warm_start_cache/experiment_3,512,60,0,32,1,1,100,100,5,3,5,1,42,43,"[(3, 8), (2, 6), (2, 9), (4, 9), (7, 8), (0, 5), (0, 2), (1, 10), (6, 9), (4, 5), (3, 10), (7, 10), (8, 9), (1, 3), (9, 10), (1, 6), (0, 10), (1, 9), (6, 8), (5, 6), (3, 6), (2, 10), (3, 9), (2, 7), (4, 7), (7, 9), (0, 3), (1, 2), (1, 8), (0, 6), (1, 5), (0, 9), (5, 8)]","[1.0, 1.0, 1.0, 1.0, 1.0, 1.0, 1.0, 1.0, 1.0, 1.0, 1.0, 1.0, 1.0, 1.0, 1.0, 1.0, 1.0, 1.0, 1.0, 1.0, 1.0, 1.0, 1.0, 1.0, 1.0, 1.0, 1.0, 1.0, 1.0, 1.0, 1.0, 1.0, 1.0]"
d478e7a0,11,33,2,5.0,False,True,"[1, 1, 1]",14.27146488133341,29.15456356300019,14.577281781500094,11.322396783816556,8.993649105318188,11.044831637721568,8.917726706696593,0.6248641454011267,,0.0,-4.254209862049951,8.917726706696593,,0.6248641454011267,,,,809.0301113128662,17747.402422189713,True,16938.399592399597,0.02726149559020996,0.0,16938.399592399597,Results/warm_start_cache/experiment_3/random_graphs_8to14vertices_78instances_20260625_143415_AdjacencyList__filehash_a79662a0/hog_idx000043_2544577900d4_seed42_L2_M2_amplified.npz,809.0726025104523,2026-07-22 21:47:59,x86_64,dacsgpu0002,,64,64,3.11.15,2.0,False,False,adam,True,2,20,hamqaoa,0.01,44,standard,2,2,42,scs,1e-06,100000,False,False,False,hog,False,True,False,False,False,False,True,1,HOG_graphs/random_graphs_8to14vertices_78instances_20260625_143415_AdjacencyList.txt,True,Results/warm_start_cache/experiment_3,512,60,0,32,1,1,100,100,5,3,5,1,42,43,"[(3, 8), (2, 6), (2, 9), (4, 9), (7, 8), (0, 5), (0, 2), (1, 10), (6, 9), (4, 5), (3, 10), (7, 10), (8, 9), (1, 3), (9, 10), (1, 6), (0, 10), (1, 9), (6, 8), (5, 6), (3, 6), (2, 10), (3, 9), (2, 7), (4, 7), (7, 9), (0, 3), (1, 2), (1, 8), (0, 6), (1, 5), (0, 9), (5, 8)]","[1.0, 1.0, 1.0, 1.0, 1.0, 1.0, 1.0, 1.0, 1.0, 1.0, 1.0, 1.0, 1.0, 1.0, 1.0, 1.0, 1.0, 1.0, 1.0, 1.0, 1.0, 1.0, 1.0, 1.0, 1.0, 1.0, 1.0, 1.0, 1.0, 1.0, 1.0, 1.0, 1.0]"
186a6c7f,11,33,1,10.0,False,True,"[1, 1, 1]",14.27146488133341,29.15456356300019,14.577281781500094,11.322396783816556,8.993649105318188,11.044831637721568,8.917726706696593,0.6248641454011267,,0.184566301235229,-4.069643560814722,9.010009857314207,,0.6313304157794617,,,,830.2290985584259,17768.617442131042,True,16938.399592399597,0.011228561401367188,0.0,16938.399592399597,Results/warm_start_cache/experiment_3/random_graphs_8to14vertices_78instances_20260625_143415_AdjacencyList__filehash_a79662a0/hog_idx000043_2544577900d4_seed42_L2_M2_amplified.npz,830.2488453388214,2026-07-22 21:48:21,x86_64,dacsgpu0002,,64,64,3.11.15,1.1,False,False,adam,True,2,20,hamqaoa,0.01,44,standard,2,2,42,scs,1e-06,100000,False,False,False,hog,False,True,False,False,False,False,True,1,HOG_graphs/random_graphs_8to14vertices_78instances_20260625_143415_AdjacencyList.txt,True,Results/warm_start_cache/experiment_3,512,60,0,32,1,1,100,100,5,3,5,1,42,43,"[(3, 8), (2, 6), (2, 9), (4, 9), (7, 8), (0, 5), (0, 2), (1, 10), (6, 9), (4, 5), (3, 10), (7, 10), (8, 9), (1, 3), (9, 10), (1, 6), (0, 10), (1, 9), (6, 8), (5, 6), (3, 6), (2, 10), (3, 9), (2, 7), (4, 7), (7, 9), (0, 3), (1, 2), (1, 8), (0, 6), (1, 5), (0, 9), (5, 8)]","[1.0, 1.0, 1.0, 1.0, 1.0, 1.0, 1.0, 1.0, 1.0, 1.0, 1.0, 1.0, 1.0, 1.0, 1.0, 1.0, 1.0, 1.0, 1.0, 1.0, 1.0, 1.0, 1.0, 1.0, 1.0, 1.0, 1.0, 1.0, 1.0, 1.0, 1.0, 1.0, 1.0]"
4712f945,11,33,2,10.0,False,True,"[1, 1, 1]",14.27146488133341,29.15456356300019,14.577281781500094,11.322396783816556,8.993649105318188,11.044831637721568,8.917726706696593,0.6248641454011267,,1.2060450127791214,-3.0481648492708295,9.520749213086154,,0.6671178671741658,,,,874.4691798686981,17812.846352100372,True,16938.399592399597,0.022401094436645508,0.0,16938.399592399597,Results/warm_start_cache/experiment_3/random_graphs_8to14vertices_78instances_20260625_143415_AdjacencyList__filehash_a79662a0/hog_idx000043_2544577900d4_seed42_L2_M2_amplified.npz,874.5029356479645,2026-07-22 21:49:05,x86_64,dacsgpu0002,,64,64,3.11.15,2.0,False,False,adam,True,2,20,hamqaoa,0.01,44,standard,2,2,42,scs,1e-06,100000,False,False,False,hog,False,True,False,False,False,False,True,1,HOG_graphs/random_graphs_8to14vertices_78instances_20260625_143415_AdjacencyList.txt,True,Results/warm_start_cache/experiment_3,512,60,0,32,1,1,100,100,5,3,5,1,42,43,"[(3, 8), (2, 6), (2, 9), (4, 9), (7, 8), (0, 5), (0, 2), (1, 10), (6, 9), (4, 5), (3, 10), (7, 10), (8, 9), (1, 3), (9, 10), (1, 6), (0, 10), (1, 9), (6, 8), (5, 6), (3, 6), (2, 10), (3, 9), (2, 7), (4, 7), (7, 9), (0, 3), (1, 2), (1, 8), (0, 6), (1, 5), (0, 9), (5, 8)]","[1.0, 1.0, 1.0, 1.0, 1.0, 1.0, 1.0, 1.0, 1.0, 1.0, 1.0, 1.0, 1.0, 1.0, 1.0, 1.0, 1.0, 1.0, 1.0, 1.0, 1.0, 1.0, 1.0, 1.0, 1.0, 1.0, 1.0, 1.0, 1.0, 1.0, 1.0, 1.0, 1.0]"
929f4d64,11,22,1,50.0,False,True,"[1, 1, 1]",11.317674756174846,22.948996308007736,11.474498154003868,6.901072919066139,6.907184403708756,6.705807528622433,6.998288936625686,0.6183504197986841,,0.0,0.5849628160065059,6.998288936625686,,0.6183504197986841,,,,1395.582438468933,18169.37498998642,True,16773.812178850174,0.0196073055267334,0.0,16773.812178850174,Results/warm_start_cache/experiment_3/random_graphs_8to14vertices_78instances_20260625_143415_AdjacencyList__filehash_a79662a0/hog_idx000041_c69e785c934e_seed42_L2_M2_amplified.npz,1395.6248247623444,2026-07-22 21:50:32,x86_64,dacsgpu0002,,64,64,3.11.15,1.1,False,False,adam,True,2,20,hamqaoa,0.01,44,standard,2,2,42,scs,1e-06,100000,False,False,False,hog,False,True,False,False,False,False,True,1,HOG_graphs/random_graphs_8to14vertices_78instances_20260625_143415_AdjacencyList.txt,True,Results/warm_start_cache/experiment_3,512,60,0,32,1,1,100,100,5,3,5,1,42,41,"[(2, 3), (3, 5), (2, 9), (4, 6), (4, 9), (7, 8), (8, 10), (1, 4), (0, 2), (5, 10), (5, 7), (3, 4), (7, 10), (8, 9), (1, 3), (9, 10), (0, 4), (6, 8), (5, 6), (2, 10), (7, 9), (6, 7)]","[1.0, 1.0, 1.0, 1.0, 1.0, 1.0, 1.0, 1.0, 1.0, 1.0, 1.0, 1.0, 1.0, 1.0, 1.0, 1.0, 1.0, 1.0, 1.0, 1.0, 1.0, 1.0]"
f5902d41,11,22,2,50.0,False,True,"[1, 1, 1]",11.317674756174846,22.948996308007736,11.474498154003868,6.901072919066139,6.907184403708756,6.705807528622433,6.998288936625686,0.6183504197986841,,0.3222600503124351,0.907222866318941,7.1594189617819035,,0.6325874453916228,,,,1415.6785123348236,18189.466069221497,True,16773.812178850174,0.024602651596069336,0.0,16773.812178850174,Results/warm_start_cache/experiment_3/random_graphs_8to14vertices_78instances_20260625_143415_AdjacencyList__filehash_a79662a0/hog_idx000041_c69e785c934e_seed42_L2_M2_amplified.npz,1415.7041203975677,2026-07-22 21:50:52,x86_64,dacsgpu0002,,64,64,3.11.15,2.0,False,False,adam,True,2,20,hamqaoa,0.01,44,standard,2,2,42,scs,1e-06,100000,False,False,False,hog,False,True,False,False,False,False,True,1,HOG_graphs/random_graphs_8to14vertices_78instances_20260625_143415_AdjacencyList.txt,True,Results/warm_start_cache/experiment_3,512,60,0,32,1,1,100,100,5,3,5,1,42,41,"[(2, 3), (3, 5), (2, 9), (4, 6), (4, 9), (7, 8), (8, 10), (1, 4), (0, 2), (5, 10), (5, 7), (3, 4), (7, 10), (8, 9), (1, 3), (9, 10), (0, 4), (6, 8), (5, 6), (2, 10), (7, 9), (6, 7)]","[1.0, 1.0, 1.0, 1.0, 1.0, 1.0, 1.0, 1.0, 1.0, 1.0, 1.0, 1.0, 1.0, 1.0, 1.0, 1.0, 1.0, 1.0, 1.0, 1.0, 1.0, 1.0]"
0faa83db,11,33,1,25.0,False,True,"[1, 1, 1]",14.27146488133341,29.15456356300019,14.577281781500094,11.322396783816556,8.993649105318188,11.044831637721568,8.917726706696593,0.6248641454011267,,1.3323867882767715,-2.9218230737731794,9.583920100834979,,0.6715442444433591,,,,987.7724120616913,17926.149424552917,True,16938.399592399597,0.022563457489013672,0.0,16938.399592399597,Results/warm_start_cache/experiment_3/random_graphs_8to14vertices_78instances_20260625_143415_AdjacencyList__filehash_a79662a0/hog_idx000043_2544577900d4_seed42_L2_M2_amplified.npz,987.8002412319183,2026-07-22 21:50:59,x86_64,dacsgpu0002,,64,64,3.11.15,1.1,False,False,adam,True,2,20,hamqaoa,0.01,44,standard,2,2,42,scs,1e-06,100000,False,False,False,hog,False,True,False,False,False,False,True,1,HOG_graphs/random_graphs_8to14vertices_78instances_20260625_143415_AdjacencyList.txt,True,Results/warm_start_cache/experiment_3,512,60,0,32,1,1,100,100,5,3,5,1,42,43,"[(3, 8), (2, 6), (2, 9), (4, 9), (7, 8), (0, 5), (0, 2), (1, 10), (6, 9), (4, 5), (3, 10), (7, 10), (8, 9), (1, 3), (9, 10), (1, 6), (0, 10), (1, 9), (6, 8), (5, 6), (3, 6), (2, 10), (3, 9), (2, 7), (4, 7), (7, 9), (0, 3), (1, 2), (1, 8), (0, 6), (1, 5), (0, 9), (5, 8)]","[1.0, 1.0, 1.0, 1.0, 1.0, 1.0, 1.0, 1.0, 1.0, 1.0, 1.0, 1.0, 1.0, 1.0, 1.0, 1.0, 1.0, 1.0, 1.0, 1.0, 1.0, 1.0, 1.0, 1.0, 1.0, 1.0, 1.0, 1.0, 1.0, 1.0, 1.0, 1.0, 1.0]"
5b0c507b,11,33,1,25.0,False,True,"[1, 1, 1]",13.965647609088416,28.971608106572482,14.485804053286241,10.278026371762353,8.935186977008241,10.148071926480158,9.212925719632608,0.6596848193160135,,0.29344543419299995,-1.5768469795021005,9.359648436729108,,0.670190792343789,,,,993.4215061664581,17670.467866182327,True,16677.071393966675,0.025019168853759766,0.0,16677.071393966675,Results/warm_start_cache/experiment_3/random_graphs_8to14vertices_78instances_20260625_143415_AdjacencyList__filehash_a79662a0/hog_idx000042_1f0e337be952_seed42_L2_M2_amplified.npz,993.4376714229584,2026-07-22 21:51:03,x86_64,dacsgpu0002,,64,64,3.11.15,1.1,False,False,adam,True,2,20,hamqaoa,0.01,44,standard,2,2,42,scs,1e-06,100000,False,False,False,hog,False,True,False,False,False,False,True,1,HOG_graphs/random_graphs_8to14vertices_78instances_20260625_143415_AdjacencyList.txt,True,Results/warm_start_cache/experiment_3,512,60,0,32,1,1,100,100,5,3,5,1,42,42,"[(2, 3), (3, 5), (4, 6), (7, 8), (8, 10), (1, 4), (1, 10), (0, 2), (0, 8), (6, 9), (5, 7), (3, 4), (3, 7), (4, 8), (8, 9), (1, 3), (0, 1), (9, 10), (0, 10), (1, 9), (0, 7), (6, 8), (5, 6), (5, 9), (3, 6), (2, 4), (2, 10), (2, 7), (4, 7), (0, 3), (1, 2), (5, 8), (6, 7)]","[1.0, 1.0, 1.0, 1.0, 1.0, 1.0, 1.0, 1.0, 1.0, 1.0, 1.0, 1.0, 1.0, 1.0, 1.0, 1.0, 1.0, 1.0, 1.0, 1.0, 1.0, 1.0, 1.0, 1.0, 1.0, 1.0, 1.0, 1.0, 1.0, 1.0, 1.0, 1.0, 1.0]"
a8817353,11,33,2,25.0,False,True,"[1, 1, 1]",13.965647609088416,28.971608106572482,14.485804053286241,10.278026371762353,8.935186977008241,10.148071926480158,9.212925719632608,0.6596848193160135,,1.579836853093603,-0.29045556060149735,10.00284414617941,,0.7162463514881948,,,,1023.1953227519989,17700.242005825043,True,16677.071393966675,0.024689912796020508,0.0,16677.071393966675,Results/warm_start_cache/experiment_3/random_graphs_8to14vertices_78instances_20260625_143415_AdjacencyList__filehash_a79662a0/hog_idx000042_1f0e337be952_seed42_L2_M2_amplified.npz,1023.220769405365,2026-07-22 21:51:33,x86_64,dacsgpu0002,,64,64,3.11.15,2.0,False,False,adam,True,2,20,hamqaoa,0.01,44,standard,2,2,42,scs,1e-06,100000,False,False,False,hog,False,True,False,False,False,False,True,1,HOG_graphs/random_graphs_8to14vertices_78instances_20260625_143415_AdjacencyList.txt,True,Results/warm_start_cache/experiment_3,512,60,0,32,1,1,100,100,5,3,5,1,42,42,"[(2, 3), (3, 5), (4, 6), (7, 8), (8, 10), (1, 4), (1, 10), (0, 2), (0, 8), (6, 9), (5, 7), (3, 4), (3, 7), (4, 8), (8, 9), (1, 3), (0, 1), (9, 10), (0, 10), (1, 9), (0, 7), (6, 8), (5, 6), (5, 9), (3, 6), (2, 4), (2, 10), (2, 7), (4, 7), (0, 3), (1, 2), (5, 8), (6, 7)]","[1.0, 1.0, 1.0, 1.0, 1.0, 1.0, 1.0, 1.0, 1.0, 1.0, 1.0, 1.0, 1.0, 1.0, 1.0, 1.0, 1.0, 1.0, 1.0, 1.0, 1.0, 1.0, 1.0, 1.0, 1.0, 1.0, 1.0, 1.0, 1.0, 1.0, 1.0, 1.0, 1.0]"
0d955386,11,33,2,25.0,False,True,"[1, 1, 1]",14.27146488133341,29.15456356300019,14.577281781500094,11.322396783816556,8.993649105318188,11.044831637721568,8.917726706696593,0.6248641454011267,,1.3099303267589626,-2.9442795352909883,9.572691870076074,,0.6707574835290264,,,,1036.3264043331146,17974.70424556732,True,16938.399592399597,0.021731853485107422,0.0,16938.399592399597,Results/warm_start_cache/experiment_3/random_graphs_8to14vertices_78instances_20260625_143415_AdjacencyList__filehash_a79662a0/hog_idx000043_2544577900d4_seed42_L2_M2_amplified.npz,1036.3536534309387,2026-07-22 21:51:47,x86_64,dacsgpu0002,,64,64,3.11.15,2.0,False,False,adam,True,2,20,hamqaoa,0.01,44,standard,2,2,42,scs,1e-06,100000,False,False,False,hog,False,True,False,False,False,False,True,1,HOG_graphs/random_graphs_8to14vertices_78instances_20260625_143415_AdjacencyList.txt,True,Results/warm_start_cache/experiment_3,512,60,0,32,1,1,100,100,5,3,5,1,42,43,"[(3, 8), (2, 6), (2, 9), (4, 9), (7, 8), (0, 5), (0, 2), (1, 10), (6, 9), (4, 5), (3, 10), (7, 10), (8, 9), (1, 3), (9, 10), (1, 6), (0, 10), (1, 9), (6, 8), (5, 6), (3, 6), (2, 10), (3, 9), (2, 7), (4, 7), (7, 9), (0, 3), (1, 2), (1, 8), (0, 6), (1, 5), (0, 9), (5, 8)]","[1.0, 1.0, 1.0, 1.0, 1.0, 1.0, 1.0, 1.0, 1.0, 1.0, 1.0, 1.0, 1.0, 1.0, 1.0, 1.0, 1.0, 1.0, 1.0, 1.0, 1.0, 1.0, 1.0, 1.0, 1.0, 1.0, 1.0, 1.0, 1.0, 1.0, 1.0, 1.0, 1.0]"
2756a775,11,33,1,50.0,False,True,"[1, 1, 1]",13.965647609088416,28.971608106572482,14.485804053286241,10.278026371762353,8.935186977008241,10.148071926480158,9.212925719632608,0.6596848193160135,,1.0838312714919667,-0.7864611422031338,9.754841355378591,,0.6984882927326935,,,,1185.3279175758362,17862.37836766243,True,16677.071393966675,0.020924091339111328,0.0,16677.071393966675,Results/warm_start_cache/experiment_3/random_graphs_8to14vertices_78instances_20260625_143415_AdjacencyList__filehash_a79662a0/hog_idx000042_1f0e337be952_seed42_L2_M2_amplified.npz,1185.3536350727081,2026-07-22 21:54:15,x86_64,dacsgpu0002,,64,64,3.11.15,1.1,False,False,adam,True,2,20,hamqaoa,0.01,44,standard,2,2,42,scs,1e-06,100000,False,False,False,hog,False,True,False,False,False,False,True,1,HOG_graphs/random_graphs_8to14vertices_78instances_20260625_143415_AdjacencyList.txt,True,Results/warm_start_cache/experiment_3,512,60,0,32,1,1,100,100,5,3,5,1,42,42,"[(2, 3), (3, 5), (4, 6), (7, 8), (8, 10), (1, 4), (1, 10), (0, 2), (0, 8), (6, 9), (5, 7), (3, 4), (3, 7), (4, 8), (8, 9), (1, 3), (0, 1), (9, 10), (0, 10), (1, 9), (0, 7), (6, 8), (5, 6), (5, 9), (3, 6), (2, 4), (2, 10), (2, 7), (4, 7), (0, 3), (1, 2), (5, 8), (6, 7)]","[1.0, 1.0, 1.0, 1.0, 1.0, 1.0, 1.0, 1.0, 1.0, 1.0, 1.0, 1.0, 1.0, 1.0, 1.0, 1.0, 1.0, 1.0, 1.0, 1.0, 1.0, 1.0, 1.0, 1.0, 1.0, 1.0, 1.0, 1.0, 1.0, 1.0, 1.0, 1.0, 1.0]"
3c05cc87,11,33,1,50.0,False,True,"[1, 1, 1]",14.27146488133341,29.15456356300019,14.577281781500094,11.322396783816556,8.993649105318188,11.044831637721568,8.917726706696593,0.6248641454011267,,0.17714878511111465,-4.077061076938836,9.00630109925215,,0.6310705435033572,,,,1194.1546747684479,18132.506529331207,True,16938.399592399597,0.04771852493286133,0.0,16938.399592399597,Results/warm_start_cache/experiment_3/random_graphs_8to14vertices_78instances_20260625_143415_AdjacencyList__filehash_a79662a0/hog_idx000043_2544577900d4_seed42_L2_M2_amplified.npz,1194.1837410926819,2026-07-22 21:54:25,x86_64,dacsgpu0002,,64,64,3.11.15,1.1,False,False,adam,True,2,20,hamqaoa,0.01,44,standard,2,2,42,scs,1e-06,100000,False,False,False,hog,False,True,False,False,False,False,True,1,HOG_graphs/random_graphs_8to14vertices_78instances_20260625_143415_AdjacencyList.txt,True,Results/warm_start_cache/experiment_3,512,60,0,32,1,1,100,100,5,3,5,1,42,43,"[(3, 8), (2, 6), (2, 9), (4, 9), (7, 8), (0, 5), (0, 2), (1, 10), (6, 9), (4, 5), (3, 10), (7, 10), (8, 9), (1, 3), (9, 10), (1, 6), (0, 10), (1, 9), (6, 8), (5, 6), (3, 6), (2, 10), (3, 9), (2, 7), (4, 7), (7, 9), (0, 3), (1, 2), (1, 8), (0, 6), (1, 5), (0, 9), (5, 8)]","[1.0, 1.0, 1.0, 1.0, 1.0, 1.0, 1.0, 1.0, 1.0, 1.0, 1.0, 1.0, 1.0, 1.0, 1.0, 1.0, 1.0, 1.0, 1.0, 1.0, 1.0, 1.0, 1.0, 1.0, 1.0, 1.0, 1.0, 1.0, 1.0, 1.0, 1.0, 1.0, 1.0]"
1d471627,11,33,2,50.0,False,True,"[1, 1, 1]",13.965647609088416,28.971608106572482,14.485804053286241,10.278026371762353,8.935186977008241,10.148071926480158,9.212925719632608,0.6596848193160135,,1.5659239127386506,-0.30436850095644985,9.995887676001933,,0.7157482385204189,,,,1230.2468593120575,17907.291936159134,True,16677.071393966675,0.026297807693481445,0.0,16677.071393966675,Results/warm_start_cache/experiment_3/random_graphs_8to14vertices_78instances_20260625_143415_AdjacencyList__filehash_a79662a0/hog_idx000042_1f0e337be952_seed42_L2_M2_amplified.npz,1230.2731492519379,2026-07-22 21:55:00,x86_64,dacsgpu0002,,64,64,3.11.15,2.0,False,False,adam,True,2,20,hamqaoa,0.01,44,standard,2,2,42,scs,1e-06,100000,False,False,False,hog,False,True,False,False,False,False,True,1,HOG_graphs/random_graphs_8to14vertices_78instances_20260625_143415_AdjacencyList.txt,True,Results/warm_start_cache/experiment_3,512,60,0,32,1,1,100,100,5,3,5,1,42,42,"[(2, 3), (3, 5), (4, 6), (7, 8), (8, 10), (1, 4), (1, 10), (0, 2), (0, 8), (6, 9), (5, 7), (3, 4), (3, 7), (4, 8), (8, 9), (1, 3), (0, 1), (9, 10), (0, 10), (1, 9), (0, 7), (6, 8), (5, 6), (5, 9), (3, 6), (2, 4), (2, 10), (2, 7), (4, 7), (0, 3), (1, 2), (5, 8), (6, 7)]","[1.0, 1.0, 1.0, 1.0, 1.0, 1.0, 1.0, 1.0, 1.0, 1.0, 1.0, 1.0, 1.0, 1.0, 1.0, 1.0, 1.0, 1.0, 1.0, 1.0, 1.0, 1.0, 1.0, 1.0, 1.0, 1.0, 1.0, 1.0, 1.0, 1.0, 1.0, 1.0, 1.0]"
f7cd1dfa,11,33,2,50.0,False,True,"[1, 1, 1]",14.27146488133341,29.15456356300019,14.577281781500094,11.322396783816556,8.993649105318188,11.044831637721568,8.917726706696593,0.6248641454011267,,2.594956161340555,-1.659253700709396,10.21520478736687,,0.7157782941208797,,,,1229.3691635131836,18167.745229959488,True,16938.399592399597,0.02351093292236328,0.0,16938.399592399597,Results/warm_start_cache/experiment_3/random_graphs_8to14vertices_78instances_20260625_143415_AdjacencyList__filehash_a79662a0/hog_idx000043_2544577900d4_seed42_L2_M2_amplified.npz,1229.4031805992126,2026-07-22 21:55:01,x86_64,dacsgpu0002,,64,64,3.11.15,2.0,False,False,adam,True,2,20,hamqaoa,0.01,44,standard,2,2,42,scs,1e-06,100000,False,False,False,hog,False,True,False,False,False,False,True,1,HOG_graphs/random_graphs_8to14vertices_78instances_20260625_143415_AdjacencyList.txt,True,Results/warm_start_cache/experiment_3,512,60,0,32,1,1,100,100,5,3,5,1,42,43,"[(3, 8), (2, 6), (2, 9), (4, 9), (7, 8), (0, 5), (0, 2), (1, 10), (6, 9), (4, 5), (3, 10), (7, 10), (8, 9), (1, 3), (9, 10), (1, 6), (0, 10), (1, 9), (6, 8), (5, 6), (3, 6), (2, 10), (3, 9), (2, 7), (4, 7), (7, 9), (0, 3), (1, 2), (1, 8), (0, 6), (1, 5), (0, 9), (5, 8)]","[1.0, 1.0, 1.0, 1.0, 1.0, 1.0, 1.0, 1.0, 1.0, 1.0, 1.0, 1.0, 1.0, 1.0, 1.0, 1.0, 1.0, 1.0, 1.0, 1.0, 1.0, 1.0, 1.0, 1.0, 1.0, 1.0, 1.0, 1.0, 1.0, 1.0, 1.0, 1.0, 1.0]"
ae345b8d,12,21,1,5.0,False,True,"[1, 1, 1]",10.90973972171772,22.18549543047153,11.092747715235765,7.4678009024104695,6.666808075889344,7.274926405119418,5.516180537348798,0.5056198111095068,,1.2649475283071947,-2.2525442072340454,6.148654301502395,,0.56359312489027,,,,2870.1315491199493,37964.29713654518,True,35094.20888710022,0.043287038803100586,0.0,35094.20888710022,Results/warm_start_cache/experiment_3/random_graphs_8to14vertices_78instances_20260625_143415_AdjacencyList__filehash_a79662a0/hog_idx000044_7dbf7eeda2e7_seed42_L2_M2_amplified.npz,2870.1556429862976,2026-07-22 22:22:22,x86_64,dacsgpu0002,,64,64,3.11.15,3.74,False,False,adam,True,2,20,hamqaoa,0.01,44,standard,2,2,42,scs,1e-06,100000,False,False,False,hog,False,True,False,False,False,False,True,1,HOG_graphs/random_graphs_8to14vertices_78instances_20260625_143415_AdjacencyList.txt,True,Results/warm_start_cache/experiment_3,512,60,0,32,1,1,100,100,5,3,5,1,42,44,"[(3, 8), (3, 5), (1, 4), (0, 8), (0, 11), (5, 7), (2, 8), (2, 5), (9, 10), (1, 9), (5, 6), (6, 11), (3, 6), (2, 10), (2, 7), (0, 3), (10, 11), (1, 8), (1, 5), (6, 10), (5, 8)]","[1.0, 1.0, 1.0, 1.0, 1.0, 1.0, 1.0, 1.0, 1.0, 1.0, 1.0, 1.0, 1.0, 1.0, 1.0, 1.0, 1.0, 1.0, 1.0, 1.0, 1.0]"
2f9af1cf,12,21,2,5.0,False,True,"[1, 1, 1]",10.90973972171772,22.18549543047153,11.092747715235765,7.4678009024104695,6.666808075889344,7.274926405119418,5.516180537348798,0.5056198111095068,,1.822588173436083,-1.6949035621051571,6.427474624066839,,0.5891501344685466,,,,2865.7846388816833,37959.94300198555,True,35094.20888710022,0.05051112174987793,0.0,35094.20888710022,Results/warm_start_cache/experiment_3/random_graphs_8to14vertices_78instances_20260625_143415_AdjacencyList__filehash_a79662a0/hog_idx000044_7dbf7eeda2e7_seed42_L2_M2_amplified.npz,2865.8001079559326,2026-07-22 22:22:24,x86_64,dacsgpu0002,,64,64,3.11.15,7.28,False,False,adam,True,2,20,hamqaoa,0.01,44,standard,2,2,42,scs,1e-06,100000,False,False,False,hog,False,True,False,False,False,False,True,1,HOG_graphs/random_graphs_8to14vertices_78instances_20260625_143415_AdjacencyList.txt,True,Results/warm_start_cache/experiment_3,512,60,0,32,1,1,100,100,5,3,5,1,42,44,"[(3, 8), (3, 5), (1, 4), (0, 8), (0, 11), (5, 7), (2, 8), (2, 5), (9, 10), (1, 9), (5, 6), (6, 11), (3, 6), (2, 10), (2, 7), (0, 3), (10, 11), (1, 8), (1, 5), (6, 10), (5, 8)]","[1.0, 1.0, 1.0, 1.0, 1.0, 1.0, 1.0, 1.0, 1.0, 1.0, 1.0, 1.0, 1.0, 1.0, 1.0, 1.0, 1.0, 1.0, 1.0, 1.0, 1.0]"
7ea900ca,12,21,1,10.0,False,True,"[1, 1, 1]",10.90973972171772,22.18549543047153,11.092747715235765,7.4678009024104695,6.666808075889344,7.274926405119418,5.516180537348798,0.5056198111095068,,1.579746675733972,-1.937745059807268,6.306053875215784,,0.5780205610829097,,,,2657.282037258148,37751.449487924576,True,35094.20888710022,0.04141545295715332,0.0,35094.20888710022,Results/warm_start_cache/experiment_3/random_graphs_8to14vertices_78instances_20260625_143415_AdjacencyList__filehash_a79662a0/hog_idx000044_7dbf7eeda2e7_seed42_L2_M2_amplified.npz,2657.3217141628265,2026-07-22 22:26:06,x86_64,dacsgpu0002,,64,64,3.11.15,3.74,False,False,adam,True,2,20,hamqaoa,0.01,44,standard,2,2,42,scs,1e-06,100000,False,False,False,hog,False,True,False,False,False,False,True,1,HOG_graphs/random_graphs_8to14vertices_78instances_20260625_143415_AdjacencyList.txt,True,Results/warm_start_cache/experiment_3,512,60,0,32,1,1,100,100,5,3,5,1,42,44,"[(3, 8), (3, 5), (1, 4), (0, 8), (0, 11), (5, 7), (2, 8), (2, 5), (9, 10), (1, 9), (5, 6), (6, 11), (3, 6), (2, 10), (2, 7), (0, 3), (10, 11), (1, 8), (1, 5), (6, 10), (5, 8)]","[1.0, 1.0, 1.0, 1.0, 1.0, 1.0, 1.0, 1.0, 1.0, 1.0, 1.0, 1.0, 1.0, 1.0, 1.0, 1.0, 1.0, 1.0, 1.0, 1.0, 1.0]"
757cffce,12,21,2,10.0,False,True,"[1, 1, 1]",10.90973972171772,22.18549543047153,11.092747715235765,7.4678009024104695,6.666808075889344,7.274926405119418,5.516180537348798,0.5056198111095068,,1.2791330120061168,-2.238358723535123,6.155747043351856,,0.564243254227026,,,,2685.649382829666,37779.81106877327,True,35094.20888710022,0.047185659408569336,0.0,35094.20888710022,Results/warm_start_cache/experiment_3/random_graphs_8to14vertices_78instances_20260625_143415_AdjacencyList__filehash_a79662a0/hog_idx000044_7dbf7eeda2e7_seed42_L2_M2_amplified.npz,2685.6717977523804,2026-07-22 22:26:34,x86_64,dacsgpu0002,,64,64,3.11.15,7.28,False,False,adam,True,2,20,hamqaoa,0.01,44,standard,2,2,42,scs,1e-06,100000,False,False,False,hog,False,True,False,False,False,False,True,1,HOG_graphs/random_graphs_8to14vertices_78instances_20260625_143415_AdjacencyList.txt,True,Results/warm_start_cache/experiment_3,512,60,0,32,1,1,100,100,5,3,5,1,42,44,"[(3, 8), (3, 5), (1, 4), (0, 8), (0, 11), (5, 7), (2, 8), (2, 5), (9, 10), (1, 9), (5, 6), (6, 11), (3, 6), (2, 10), (2, 7), (0, 3), (10, 11), (1, 8), (1, 5), (6, 10), (5, 8)]","[1.0, 1.0, 1.0, 1.0, 1.0, 1.0, 1.0, 1.0, 1.0, 1.0, 1.0, 1.0, 1.0, 1.0, 1.0, 1.0, 1.0, 1.0, 1.0, 1.0, 1.0]"
4d516d72,12,21,1,25.0,False,True,"[1, 1, 1]",10.90973972171772,22.18549543047153,11.092747715235765,7.4678009024104695,6.666808075889344,7.274926405119418,5.516180537348798,0.5056198111095068,,1.6662569633176947,-1.8512347722235454,6.349309019007645,,0.5819853801249034,,,,3096.470063686371,38190.63136577606,True,35094.20888710022,0.047571659088134766,0.0,35094.20888710022,Results/warm_start_cache/experiment_3/random_graphs_8to14vertices_78instances_20260625_143415_AdjacencyList__filehash_a79662a0/hog_idx000044_7dbf7eeda2e7_seed42_L2_M2_amplified.npz,3096.496028661728,2026-07-22 22:33:25,x86_64,dacsgpu0002,,64,64,3.11.15,3.74,False,False,adam,True,2,20,hamqaoa,0.01,44,standard,2,2,42,scs,1e-06,100000,False,False,False,hog,False,True,False,False,False,False,True,1,HOG_graphs/random_graphs_8to14vertices_78instances_20260625_143415_AdjacencyList.txt,True,Results/warm_start_cache/experiment_3,512,60,0,32,1,1,100,100,5,3,5,1,42,44,"[(3, 8), (3, 5), (1, 4), (0, 8), (0, 11), (5, 7), (2, 8), (2, 5), (9, 10), (1, 9), (5, 6), (6, 11), (3, 6), (2, 10), (2, 7), (0, 3), (10, 11), (1, 8), (1, 5), (6, 10), (5, 8)]","[1.0, 1.0, 1.0, 1.0, 1.0, 1.0, 1.0, 1.0, 1.0, 1.0, 1.0, 1.0, 1.0, 1.0, 1.0, 1.0, 1.0, 1.0, 1.0, 1.0, 1.0]"
23add658,12,21,2,25.0,False,True,"[1, 1, 1]",10.90973972171772,22.18549543047153,11.092747715235765,7.4678009024104695,6.666808075889344,7.274926405119418,5.516180537348798,0.5056198111095068,,2.165481893686346,-1.352009841854894,6.598921484191971,,0.6048651620034232,,,,3157.8738117218018,38252.02863764763,True,35094.20888710022,0.054049015045166016,0.0,35094.20888710022,Results/warm_start_cache/experiment_3/random_graphs_8to14vertices_78instances_20260625_143415_AdjacencyList__filehash_a79662a0/hog_idx000044_7dbf7eeda2e7_seed42_L2_M2_amplified.npz,3157.9023094177246,2026-07-22 22:34:26,x86_64,dacsgpu0002,,64,64,3.11.15,7.28,False,False,adam,True,2,20,hamqaoa,0.01,44,standard,2,2,42,scs,1e-06,100000,False,False,False,hog,False,True,False,False,False,False,True,1,HOG_graphs/random_graphs_8to14vertices_78instances_20260625_143415_AdjacencyList.txt,True,Results/warm_start_cache/experiment_3,512,60,0,32,1,1,100,100,5,3,5,1,42,44,"[(3, 8), (3, 5), (1, 4), (0, 8), (0, 11), (5, 7), (2, 8), (2, 5), (9, 10), (1, 9), (5, 6), (6, 11), (3, 6), (2, 10), (2, 7), (0, 3), (10, 11), (1, 8), (1, 5), (6, 10), (5, 8)]","[1.0, 1.0, 1.0, 1.0, 1.0, 1.0, 1.0, 1.0, 1.0, 1.0, 1.0, 1.0, 1.0, 1.0, 1.0, 1.0, 1.0, 1.0, 1.0, 1.0, 1.0]"
848786c7,12,21,1,50.0,False,True,"[1, 1, 1]",10.90973972171772,22.18549543047153,11.092747715235765,7.4678009024104695,6.666808075889344,7.274926405119418,5.516180537348798,0.5056198111095068,,1.7471819771928683,-1.7703097583483718,6.389771525945232,,0.5856942226793265,,,,3739.739329099655,38833.93050837517,True,35094.20888710022,0.017694711685180664,0.0,35094.20888710022,Results/warm_start_cache/experiment_3/random_graphs_8to14vertices_78instances_20260625_143415_AdjacencyList__filehash_a79662a0/hog_idx000044_7dbf7eeda2e7_seed42_L2_M2_amplified.npz,3739.7672307491302,2026-07-22 22:44:08,x86_64,dacsgpu0002,,64,64,3.11.15,3.75,False,False,adam,True,2,20,hamqaoa,0.01,44,standard,2,2,42,scs,1e-06,100000,False,False,False,hog,False,True,False,False,False,False,True,1,HOG_graphs/random_graphs_8to14vertices_78instances_20260625_143415_AdjacencyList.txt,True,Results/warm_start_cache/experiment_3,512,60,0,32,1,1,100,100,5,3,5,1,42,44,"[(3, 8), (3, 5), (1, 4), (0, 8), (0, 11), (5, 7), (2, 8), (2, 5), (9, 10), (1, 9), (5, 6), (6, 11), (3, 6), (2, 10), (2, 7), (0, 3), (10, 11), (1, 8), (1, 5), (6, 10), (5, 8)]","[1.0, 1.0, 1.0, 1.0, 1.0, 1.0, 1.0, 1.0, 1.0, 1.0, 1.0, 1.0, 1.0, 1.0, 1.0, 1.0, 1.0, 1.0, 1.0, 1.0, 1.0]"
d8b30817,12,21,2,50.0,False,True,"[1, 1, 1]",10.90973972171772,22.18549543047153,11.092747715235765,7.4678009024104695,6.666808075889344,7.274926405119418,5.516180537348798,0.5056198111095068,,2.0239598482776913,-1.4935318872635488,6.528160461487643,,0.5983791206761985,,,,3768.0744388103485,38862.26385140419,True,35094.20888710022,0.01946258544921875,0.0,35094.20888710022,Results/warm_start_cache/experiment_3/random_graphs_8to14vertices_78instances_20260625_143415_AdjacencyList__filehash_a79662a0/hog_idx000044_7dbf7eeda2e7_seed42_L2_M2_amplified.npz,3768.088152885437,2026-07-22 22:44:36,x86_64,dacsgpu0002,,64,64,3.11.15,7.29,False,False,adam,True,2,20,hamqaoa,0.01,44,standard,2,2,42,scs,1e-06,100000,False,False,False,hog,False,True,False,False,False,False,True,1,HOG_graphs/random_graphs_8to14vertices_78instances_20260625_143415_AdjacencyList.txt,True,Results/warm_start_cache/experiment_3,512,60,0,32,1,1,100,100,5,3,5,1,42,44,"[(3, 8), (3, 5), (1, 4), (0, 8), (0, 11), (5, 7), (2, 8), (2, 5), (9, 10), (1, 9), (5, 6), (6, 11), (3, 6), (2, 10), (2, 7), (0, 3), (10, 11), (1, 8), (1, 5), (6, 10), (5, 8)]","[1.0, 1.0, 1.0, 1.0, 1.0, 1.0, 1.0, 1.0, 1.0, 1.0, 1.0, 1.0, 1.0, 1.0, 1.0, 1.0, 1.0, 1.0, 1.0, 1.0, 1.0]"
