run_id,n,m,p,precision/iterations,singlet_injection,warm_start,parameter_vector,optimal_result,sdp_objective_value_step1,sdp_objective_value_king_normalized_step1,algorithm17_actual_energy,algorithm17_lower_bound_energy,initial_ws_energy_prodStates_step2,initial_sdp_statevector_energy,initial_qaoa_input_energy_normalized,adam_energy_history_normalized_json,adam_updates_completed,initial_sdp_statevec_ratio,initial_ws_energy_010101,QAOA_improvement_over_SDP_statevectorEnergy,QAOA_improvement_over_SDP_prodStatesEnergy,result,result_010101,approx_ratio,approx_ratio_010101,diff. approx. ratio,sdp ws greater,duration_seconds,duration_seconds_excluding_warm_start_cache_io,warm_start_cache_used,warm_start_compute_time_seconds,warm_start_load_time_seconds,warm_start_save_time_seconds,warm_start_effective_time_seconds,warm_start_cache_path,full duration_seconds,finished_at,processor,hostname,total_ram_gb,physical_cores,logical_cores,python_version,peak_ram_mb,Instance_is_triangle_free,Instance_is_3_regular,Instance_is_bipartite,Instance_is_regular,Regular_degree,Instance_is_claw_free,Instance_is_twin_free,Instance_is_planar,Instance_is_eulerian,optimiser,optimiser_use_heuristic,heuristic_optimiser_iterations,heuristic_optimiser_sampleSize,circuit_type,learning_rate_adam,warm_start_mode,lasserre_level,initial_solver_level_M,sdp_solver_mode,sdp_scs_eps,sdp_scs_max_iters,compare_with_010101,init_QAOAparams_close_to_zero,use_correlations_as_initial_params,graph_generation_type,weighted,easiest_first,debug,save_circuit_svg,rerun_exclude_finished_instances,warm_start_cache_producer_only,qaoa_only_from_existing_warm_start_cache,num_repeats,relative_graph_adjList_path,persistent_warm_start_cache,warm_start_cache_dir,warm_start_cache_max_file_mb,warm_start_cache_max_total_gb,sdp_max_parallel,qaoa_max_parallel,sdp_threads,qaoa_threads,sdp_memory_limit_total_gb,sdp_memory_limit_single_gb,sdp_memory_poll_seconds,sdp_max_retries,queue_poll_interval_seconds,max_graph_vertices,qaoa_seed,initialise_standard_warm_start_with_zero_angles,result_name_suffix,benchmark_repeat_idx,sdp_seed,qaoa_seed_used,hog_graph_index,edges,weights
aa7d13c9,2,1,1,50.0,False,True,"[1, 1, 1]",,1.9999998910740424,0.9999999455370212,0.6881434850017558,0.624140795695786,0.49999999548263896,0.6881434850017561,0.6881434850017561,"[0.6995957286853353, 0.6998786267253918, 0.7001513249274824, 0.7004136836390393, 0.700665585139415, 0.7009069349377266, 0.7011376647792389, 0.7013577339565424, 0.7015671314352411, 0.7017658777799012, 0.7019540268340027, 0.7021316671597648, 0.7022989232806873, 0.7024559575737371, 0.7026029709724294, 0.7027402023893407, 0.702867928947992, 0.7029864661115408, 0.7030961663624917, 0.7031974170977464, 0.7032906395573172, 0.70337628415733, 0.7034548278115037, 0.703526768668068, 0.7035926209491755, 0.7036529104763688, 0.7037081680863577, 0.7037589222617114, 0.70380569319878, 0.7038489868004787, 0.7038892877261653, 0.7039270548054631, 0.7039627152499119, 0.7039966607777146, 0.7040292438236284, 0.7040607761334399, 0.7040915278466938, 0.7041217267166404, 0.7041515597005644, 0.70418117405623, 0.7042106806665223, 0.7042401569502039, 0.7042696500403315, 0.7042991809971137, 0.7043287484566289, 0.7043583327654525, 0.7043878993782478, 0.7044174035984444, 0.704446793041826, 0.7044760103812656, 0.7045049972436414]",50,0.6881434850017561,,0.0327230244837704,0.4090100035220048,0.7045049972436414,,0.7045049972436414,,,,1.8817801475524902,2.0404138565063477,True,0.15995550155639648,0.0013082027435302734,0.0,0.15995550155639648,Results/warm_start_cache/path_graphs_2to12vertices_11instances_AdjacencyList__filehash_01292d61/hog_idx000000_cd0336d2cdf0_noseed_L2_M2_amplified.npz,1.8903348445892334,2026-08-20 07:50:40,x86_64,dacsgpu0003,,64,64,3.11.15,0.22,True,False,True,True,1,True,False,True,False,adam,True,1,50,hamqaoa,0.001,amplified_king,2,2,scs,1e-06,100000,False,False,False,hog,False,False,False,False,True,False,True,1,HOG_graphs/Exp5/path_graphs_2to12vertices_11instances_AdjacencyList.txt,True,Results/warm_start_cache,512,60,0,16,1,1,0,0,5,0,5,11,1,False,_Exp6_KingAmplifiedWithHeuristic,1,,1,0,"[(0, 1)]",[1.0]
76496bee,2,1,2,50.0,False,True,"[1, 1, 1]",,1.9999998910740424,0.9999999455370212,0.6881434850017558,0.624140795695786,0.49999999548263896,0.6881434850017561,0.6881434850017561,"[0.7536854992611615, 0.7560252561444201, 0.7583451170194968, 0.7606450037428707, 0.7629254923768204, 0.7651880581553749, 0.7674343120128568, 0.7696650928278503, 0.771880588816972, 0.7740807026892265, 0.7762652362584979, 0.778433953252835, 0.7805866065711022, 0.7827229489021129, 0.7848427371828667, 0.7869457398280852, 0.7890317359806477, 0.7911005195847759, 0.7931519022836148, 0.7951857142452224, 0.7972018036005574, 0.7992000390762031, 0.8011803075747873, 0.8031425138354025, 0.8050865775793152, 0.8070124311498834, 0.8089200158944932, 0.8108092779294624, 0.8126801652190325, 0.8145326232422858, 0.8163665936937523, 0.8181820118489789, 0.8199788064524562, 0.8217568983694521, 0.8235162020844664, 0.8252566254589433, 0.8269780730823831, 0.8286804481156771, 0.8303636537204742, 0.8320275932877162, 0.8336721734718774, 0.8352973038883349, 0.8369029016052267, 0.8384888908552346, 0.8400552026586181, 0.8416017763628705, 0.8431285610615861, 0.844635515403577, 0.8461226072874419, 0.8475898164678055, 0.8490371325366606]",50,0.6881434850017561,,0.32178729506980885,0.6980742741080432,0.8490371325366606,,0.8490371325366606,,,,3.4395360946655273,3.597215175628662,True,0.15995550155639648,0.0022623538970947266,0.0,0.15995550155639648,Results/warm_start_cache/path_graphs_2to12vertices_11instances_AdjacencyList__filehash_01292d61/hog_idx000000_cd0336d2cdf0_noseed_L2_M2_amplified.npz,3.4465060234069824,2026-08-20 07:50:41,x86_64,dacsgpu0003,,64,64,3.11.15,0.22,True,False,True,True,1,True,False,True,False,adam,True,1,50,hamqaoa,0.001,amplified_king,2,2,scs,1e-06,100000,False,False,False,hog,False,False,False,False,True,False,True,1,HOG_graphs/Exp5/path_graphs_2to12vertices_11instances_AdjacencyList.txt,True,Results/warm_start_cache,512,60,0,16,1,1,0,0,5,0,5,11,1,False,_Exp6_KingAmplifiedWithHeuristic,1,,101,0,"[(0, 1)]",[1.0]
97a1e2a2,4,3,1,50.0,False,True,"[1, 1, 1]",,4.732050798956174,2.366025399478087,1.6896945600412203,1.4283297381365814,1.4270660353482523,1.6896945600412203,1.6896945600412203,"[1.5980256062369709, 1.5995159778891135, 1.6009746031995087, 1.602400858242674, 1.6037941571585488, 1.6051539606674867, 1.606479776990454, 1.6077711698408925, 1.6090277609113242, 1.6102492379606936, 1.6114353560534824, 1.6125859380652527, 1.6137008862726587, 1.6147801821895866, 1.6158238876940272, 1.6168321511506125, 1.6178052089886088, 1.6187433882961462, 1.6196471003485613, 1.6205168493399118, 1.621353222969061, 1.6221568940462767, 1.6229286155015539, 1.6236692167969546, 1.6243795925499034, 1.625060700999998, 1.6257135490683654, 1.6263391848623483, 1.6269386860506452, 1.6275131508884986, 1.628063682437033, 1.6285913785252533, 1.6290973189010234, 1.6295825552721537, 1.630048101769505, 1.6304949260489066, 1.630923941603451, 1.6313360036639544, 1.631731906365207, 1.6321123812943132, 1.632478096197123, 1.6328296568154028, 1.6331676110776165, 1.6334924536300475, 1.6338046282163967, 1.6341045380310157, 1.6343925482882462, 1.6346689911348111, 1.6349341739142316, 1.6351883842947958, 1.6354318955325697]",50,0.7141566187832714,,0.0,0.5252570493859361,1.6896945600412203,,0.7141566187832714,,,,2.597956895828247,6.094287872314453,True,3.4987218379974365,0.0023763179779052734,0.0,3.4987218379974365,Results/warm_start_cache/path_graphs_2to12vertices_11instances_AdjacencyList__filehash_01292d61/hog_idx000002_f26a0b535d4f_noseed_L2_M2_amplified.npz,2.6071937084198,2026-08-20 07:50:42,x86_64,dacsgpu0003,,64,64,3.11.15,0.22,True,False,True,False,,True,True,True,False,adam,True,1,50,hamqaoa,0.001,amplified_king,2,2,scs,1e-06,100000,False,False,False,hog,False,False,False,False,True,False,True,1,HOG_graphs/Exp5/path_graphs_2to12vertices_11instances_AdjacencyList.txt,True,Results/warm_start_cache,512,60,0,16,1,1,0,0,5,0,5,11,1,False,_Exp6_KingAmplifiedWithHeuristic,1,,200001,2,"[(1, 2), (0, 1), (2, 3)]","[1.0, 1.0, 1.0]"
cb85e8cf,7,6,1,50.0,False,True,"[1, 1, 1]",,8.67465685114911,4.337328425574555,2.4346154024101,2.551278933151205,2.1784665874773386,2.4346154024101003,2.4346154024101003,"[2.385211271290516, 2.3862357716415303, 2.387238188089678, 2.3882181706540955, 2.389175392491342, 2.390109559001069, 2.3910204008881992, 2.3919076766385317, 2.3927711741308992, 2.393610718323347, 2.3944261648838623, 2.3952174050839963, 2.3959843692532465, 2.396727021740238, 2.3974453670493574, 2.3981394430651015, 2.3988093274494307, 2.3994551323284274, 2.400077014392983, 2.400675162936615, 2.401249805738909, 2.401801203651962, 2.4023296565102394, 2.402835497928745, 2.4033190904803146, 2.4037808347200387, 2.4042211586789666, 2.4046405235189043, 2.4050394102489574, 2.4054183312257402, 2.4057778188756633, 2.4061184268379914, 2.406440731045212, 2.40674532346728, 2.4070328122448448, 2.407303815224208, 2.4075589598744744, 2.407798888817387, 2.40802424835668, 2.4082356872897623, 2.4084338564774326, 2.408619408617022, 2.408792995324404, 2.408955258726368, 2.409106834736645, 2.4092483529116753, 2.4093804329448174, 2.409503682228343, 2.4096186922409175, 2.409726041334194, 2.409826290460315]",50,0.56148879206875,,0.0,0.5122976298655235,2.4346154024101003,,0.56148879206875,,,,3.6629574298858643,226.08199167251587,True,222.4215428829193,0.0024967193603515625,0.0,222.4215428829193,Results/warm_start_cache/path_graphs_2to12vertices_11instances_AdjacencyList__filehash_01292d61/hog_idx000005_800a0f5af338_noseed_L2_M2_amplified.npz,3.671898365020752,2026-08-20 07:50:42,x86_64,dacsgpu0003,,64,64,3.11.15,0.23,True,False,True,False,,True,True,True,False,adam,True,1,50,hamqaoa,0.001,amplified_king,2,2,scs,1e-06,100000,False,False,False,hog,False,False,False,False,True,False,True,1,HOG_graphs/Exp5/path_graphs_2to12vertices_11instances_AdjacencyList.txt,True,Results/warm_start_cache,512,60,0,16,1,1,0,0,5,0,5,11,1,False,_Exp6_KingAmplifiedWithHeuristic,1,,500001,5,"[(0, 1), (2, 3), (1, 2), (5, 6), (3, 4), (4, 5)]","[1.0, 1.0, 1.0, 1.0, 1.0, 1.0]"
bc3050cd,5,4,1,50.0,False,True,"[1, 1, 1]",,5.855772201512295,2.9278861007561474,1.7804721166955204,1.7211705821283105,1.5918825688175973,1.78047211669552,1.78047211669552,"[1.5508944845203052, 1.5526988599562381, 1.5544972239351136, 1.5562893906594006, 1.5580751733972815, 1.5598543837854109, 1.5616268351082625, 1.5633923383019044, 1.5651507039786037, 1.5669017446158562, 1.5686452728486726, 1.5703811014000628, 1.572109046657012, 1.5738289244649866, 1.5755405537448437, 1.5772437526771712, 1.5789383422961782, 1.5806241479030003, 1.5823009957646617, 1.5839687142473755, 1.585627136648877, 1.587276098109998, 1.5889154354720134, 1.5905449914684484, 1.5921646111657506, 1.5937741436621824, 1.5953734392722079, 1.5969623563160589, 1.5985407527586382, 1.6001084917655264, 1.6016654384737297, 1.603211464779344, 1.604746445635169, 1.6062702592313496, 1.607782788058862, 1.609283919059369, 1.610773542510589, 1.6122515508156492, 1.613717840035055, 1.6151723146859684, 1.6166148788650023, 1.6180454435096283, 1.6194639200643617, 1.6208702246237894, 1.6222642796507964, 1.6236460088571711, 1.6250153426418323, 1.6263722117950499, 1.627716550776059, 1.6290483000182192, 1.6303674014053844]",50,0.6080847393085792,,0.0,0.3771790957558454,1.78047211669552,,0.6080847393085792,,,,2.960310459136963,18.082006692886353,True,15.124108076095581,0.002397775650024414,0.0,15.124108076095581,Results/warm_start_cache/path_graphs_2to12vertices_11instances_AdjacencyList__filehash_01292d61/hog_idx000003_3fe097836279_noseed_L2_M2_amplified.npz,2.968611478805542,2026-08-20 07:50:43,x86_64,dacsgpu0003,,64,64,3.11.15,0.22,True,False,True,False,,True,True,True,False,adam,True,1,50,hamqaoa,0.001,amplified_king,2,2,scs,1e-06,100000,False,False,False,hog,False,False,False,False,True,False,True,1,HOG_graphs/Exp5/path_graphs_2to12vertices_11instances_AdjacencyList.txt,True,Results/warm_start_cache,512,60,0,16,1,1,0,0,5,0,5,11,1,False,_Exp6_KingAmplifiedWithHeuristic,1,,300001,3,"[(1, 2), (3, 4), (0, 1), (2, 3)]","[1.0, 1.0, 1.0, 1.0]"
7a0af019,2,1,3,50.0,False,True,"[1, 1, 1]",,1.9999998910740424,0.9999999455370212,0.6881434850017558,0.624140795695786,0.49999999548263896,0.6881434850017561,0.6881434850017561,"[0.7735678839080294, 0.7766527402170211, 0.7796964959134145, 0.7826978684215072, 0.7856556036832247, 0.7885684792758758, 0.7914353115877726, 0.7942549592683396, 0.7970263312094329, 0.7997483888096806, 0.802420150402194, 0.8050406990947108, 0.8076091848585248, 0.8101248310750173, 0.8125869343822851, 0.8149948725991449, 0.8173481042631126, 0.8196461740913105, 0.8218887133368591, 0.8240754409166516, 0.8262061634786383, 0.8282807801649025, 0.8302992799848437, 0.8322617413119537, 0.8341683341033017, 0.8360193190458418, 0.8378150479885682, 0.8395559648305877, 0.8412426022689893, 0.8428755846698697, 0.8444556235032383, 0.8459835186424789, 0.8474601546581729, 0.8488864969386982, 0.8502635888475445, 0.8515925458040824, 0.8528745491364697, 0.8541108408881395, 0.855302718637499, 0.8564515277872812, 0.857558655716121, 0.8586255221786888, 0.8596535763919093, 0.8606442878565144, 0.861599141329559, 0.8625196335056151, 0.863407261824658, 0.8642635227412971, 0.8650899041810316, 0.8658878835548827, 0.8666589199706011]",50,0.6881434850017561,,0.35703086993768984,0.7333178489759242,0.8666589199706011,,0.8666589199706011,,,,5.152345657348633,5.310923337936401,True,0.15995550155639648,0.001363515853881836,0.0,0.15995550155639648,Results/warm_start_cache/path_graphs_2to12vertices_11instances_AdjacencyList__filehash_01292d61/hog_idx000000_cd0336d2cdf0_noseed_L2_M2_amplified.npz,5.161306142807007,2026-08-20 07:50:43,x86_64,dacsgpu0003,,64,64,3.11.15,0.22,True,False,True,True,1,True,False,True,False,adam,True,1,50,hamqaoa,0.001,amplified_king,2,2,scs,1e-06,100000,False,False,False,hog,False,False,False,False,True,False,True,1,HOG_graphs/Exp5/path_graphs_2to12vertices_11instances_AdjacencyList.txt,True,Results/warm_start_cache,512,60,0,16,1,1,0,0,5,0,5,11,1,False,_Exp6_KingAmplifiedWithHeuristic,1,,201,0,"[(0, 1)]",[1.0]
55b240ff,4,3,2,50.0,False,True,"[1, 1, 1]",,4.732050798956174,2.366025399478087,1.6896945600412203,1.4283297381365814,1.4270660353482523,1.6896945600412203,1.6896945600412203,"[1.5524460822311716, 1.5566453651086505, 1.5607813060660762, 1.5648522214408773, 1.5688565559155119, 1.5727929076758498, 1.5766600622735918, 1.5804570331680208, 1.5841830967033892, 1.587837838386997, 1.5914211951015131, 1.594933509120453, 1.5983755755993896, 1.6017486790206288, 1.60505462057756, 1.6082957297383065, 1.6114748439322246, 1.6145952560366585, 1.6176606145002896, 1.6206748083823563, 1.623641808845236, 1.626565518094008, 1.6294496142010078, 1.632297437875101, 1.635111907149013, 1.6378954811226074, 1.6406501514803322, 1.6433774845971816, 1.6460786610653912, 1.6487545468505023, 1.6514057387769303, 1.6540326325813657, 1.6566354717619416, 1.6592143847926597, 1.6617694250813684, 1.6643005934538875, 1.666807861485767, 1.6692911890580588, 1.6717505271124664, 1.674185832742128, 1.6765970722601597, 1.678984219807837, 1.681347274448046, 1.6836862432095197, 1.686001154407969, 1.6882920503982444, 1.6905589941080805, 1.6928020610707033, 1.6950213479322533, 1.6972169630224412, 1.6993890286171398]",50,0.7141566187832714,,0.01938893715183898,0.5446459865377751,1.6993890286171398,,0.71825402731071,,,,4.965510129928589,8.46271562576294,True,3.4987218379974365,0.0015015602111816406,0.0,3.4987218379974365,Results/warm_start_cache/path_graphs_2to12vertices_11instances_AdjacencyList__filehash_01292d61/hog_idx000002_f26a0b535d4f_noseed_L2_M2_amplified.npz,4.972973585128784,2026-08-20 07:50:44,x86_64,dacsgpu0003,,64,64,3.11.15,0.22,True,False,True,False,,True,True,True,False,adam,True,1,50,hamqaoa,0.001,amplified_king,2,2,scs,1e-06,100000,False,False,False,hog,False,False,False,False,True,False,True,1,HOG_graphs/Exp5/path_graphs_2to12vertices_11instances_AdjacencyList.txt,True,Results/warm_start_cache,512,60,0,16,1,1,0,0,5,0,5,11,1,False,_Exp6_KingAmplifiedWithHeuristic,1,,200101,2,"[(1, 2), (0, 1), (2, 3)]","[1.0, 1.0, 1.0]"
1ad42de1,2,1,4,50.0,False,True,"[1, 1, 1]",,1.9999998910740424,0.9999999455370212,0.6881434850017558,0.624140795695786,0.49999999548263896,0.6881434850017561,0.6881434850017561,"[0.9050298539810565, 0.9085091333939432, 0.9118460924141942, 0.915040174030973, 0.9180956034860657, 0.9210201388275223, 0.923819422373583, 0.9264964184522095, 0.9290534448801048, 0.9314929279827648, 0.9338173676774723, 0.9360292783777806, 0.9381312814764957, 0.9401262748205164, 0.9420175614705784, 0.9438089133260018, 0.9455045861735171, 0.9471092719179042, 0.9486280315528788, 0.9500662021386241, 0.9514292793816606, 0.9527228091157409, 0.9539522676765451, 0.9551229625399679, 0.9562399438691661, 0.9573079379294959, 0.9583313038517736, 0.9593140107629959, 0.9602596360297223, 0.961171376931248, 0.9620520736774497, 0.9629042381751816, 0.9637300807478146, 0.9645315454079897, 0.965310335037666, 0.966067937813473, 0.9668056492970685, 0.9675245920732911, 0.9682257413036428, 0.9689099383922842, 0.9695779105539073, 0.9702302953549736, 0.9708676497916617, 0.9714904702364182, 0.9720992080485878, 0.9726942772215132, 0.9732760666615858, 0.9738449481473012, 0.9744012781636437, 0.9749454058981147, 0.9754776714448535]",50,0.6881434850017561,,0.5746683728861948,0.9509553519244291,0.9754776714448535,,0.9754776714448535,,,,7.373996257781982,7.532874584197998,True,0.15995550155639648,0.0010645389556884766,0.0,0.15995550155639648,Results/warm_start_cache/path_graphs_2to12vertices_11instances_AdjacencyList__filehash_01292d61/hog_idx000000_cd0336d2cdf0_noseed_L2_M2_amplified.npz,7.379831075668335,2026-08-20 07:50:45,x86_64,dacsgpu0003,,64,64,3.11.15,0.23,True,False,True,True,1,True,False,True,False,adam,True,1,50,hamqaoa,0.001,amplified_king,2,2,scs,1e-06,100000,False,False,False,hog,False,False,False,False,True,False,True,1,HOG_graphs/Exp5/path_graphs_2to12vertices_11instances_AdjacencyList.txt,True,Results/warm_start_cache,512,60,0,16,1,1,0,0,5,0,5,11,1,False,_Exp6_KingAmplifiedWithHeuristic,1,,301,0,"[(0, 1)]",[1.0]
9cb1539c,7,6,2,50.0,False,True,"[1, 1, 1]",,8.67465685114911,4.337328425574555,2.4346154024101,2.551278933151205,2.1784665874773386,2.4346154024101003,2.4346154024101003,"[2.2644301539453817, 2.267909668856297, 2.271355747115737, 2.2747674016474333, 2.278143665165041, 2.281483590662242, 2.284786258685883, 2.2880507771732774, 2.2912762956888413, 2.2944619890499123, 2.2976070775947735, 2.3007108139433865, 2.3037725009435497, 2.3067914853971008, 2.30976716386015, 2.3126989868640155, 2.315586454956411, 2.318429128380053, 2.3212266320159576, 2.323978639621824, 2.326684885912683, 2.3293451635436, 2.331959332798666, 2.3345273166529603, 2.3370490942049345, 2.3395247094898144, 2.3419542691278386, 2.344337942033637, 2.346675954745355, 2.34896859542491, 2.351216215891527, 2.3534192164984686, 2.355578054060554, 2.3576932471430485, 2.3597653614358984, 2.3617949997709853, 2.3637828217471255, 2.3657295237657383, 2.3676358507748785, 2.369502582347391, 2.3713305314181166, 2.373120544025561, 2.37487348348657, 2.376590251500068, 2.3782717543670215, 2.379918931928782, 2.381532724489002, 2.3831140885643247, 2.384663984861785, 2.3861833797724774, 2.387673234518571]",50,0.56148879206875,,0.0,0.5122976298655235,2.4346154024101003,,0.56148879206875,,,,8.152868509292603,230.57150053977966,True,222.4215428829193,0.0028951168060302734,0.0,222.4215428829193,Results/warm_start_cache/path_graphs_2to12vertices_11instances_AdjacencyList__filehash_01292d61/hog_idx000005_800a0f5af338_noseed_L2_M2_amplified.npz,8.160533905029297,2026-08-20 07:50:47,x86_64,dacsgpu0003,,64,64,3.11.15,0.25,True,False,True,False,,True,True,True,False,adam,True,1,50,hamqaoa,0.001,amplified_king,2,2,scs,1e-06,100000,False,False,False,hog,False,False,False,False,True,False,True,1,HOG_graphs/Exp5/path_graphs_2to12vertices_11instances_AdjacencyList.txt,True,Results/warm_start_cache,512,60,0,16,1,1,0,0,5,0,5,11,1,False,_Exp6_KingAmplifiedWithHeuristic,1,,500101,5,"[(0, 1), (2, 3), (1, 2), (5, 6), (3, 4), (4, 5)]","[1.0, 1.0, 1.0, 1.0, 1.0, 1.0]"
65236c14,4,3,3,50.0,False,True,"[1, 1, 1]",,4.732050798956174,2.366025399478087,1.6896945600412203,1.4283297381365814,1.4270660353482523,1.6896945600412203,1.6896945600412203,"[1.3914319237125088, 1.39513228823864, 1.3987972738827432, 1.4024272825110884, 1.4060264930743946, 1.4096039196288725, 1.4131688095300305, 1.4167262381700876, 1.4202780811812044, 1.4238249084131622, 1.4273668416476084, 1.4309038492668689, 1.434435841107824, 1.4379627099743078, 1.4414843389844196, 1.445000612441576, 1.4485114197905067, 1.4520166517578719, 1.455516216997936, 1.459010029863988, 1.462498014672169, 1.4659801048466443, 1.4694562479053073, 1.4729264024831834, 1.4763905318415134, 1.4798486076819921, 1.4833006062354075, 1.4867465137512255, 1.490186309902767, 1.4936199795142449, 1.497047503319072, 1.5004688547667309, 1.5038839972701705, 1.50729289006046, 1.5106954747896055, 1.514091678448557, 1.517481406273414, 1.5208645587574185, 1.5242410149464447, 1.5276106387507944, 1.5309732836998922, 1.5343287902052853, 1.537676981428572, 1.5410176742015282, 1.5443506763517596, 1.5476757875290124, 1.550992804399742, 1.55430152282613, 1.5576017385650465, 1.56089324150399, 1.5641758291099144]",50,0.7141566187832714,,0.0,0.5252570493859361,1.6896945600412203,,0.7141566187832714,,,,8.630228042602539,12.1270751953125,True,3.4987218379974365,0.0018591880798339844,0.0,3.4987218379974365,Results/warm_start_cache/path_graphs_2to12vertices_11instances_AdjacencyList__filehash_01292d61/hog_idx000002_f26a0b535d4f_noseed_L2_M2_amplified.npz,8.638538837432861,2026-08-20 07:50:48,x86_64,dacsgpu0003,,64,64,3.11.15,0.23,True,False,True,False,,True,True,True,False,adam,True,1,50,hamqaoa,0.001,amplified_king,2,2,scs,1e-06,100000,False,False,False,hog,False,False,False,False,True,False,True,1,HOG_graphs/Exp5/path_graphs_2to12vertices_11instances_AdjacencyList.txt,True,Results/warm_start_cache,512,60,0,16,1,1,0,0,5,0,5,11,1,False,_Exp6_KingAmplifiedWithHeuristic,1,,200201,2,"[(1, 2), (0, 1), (2, 3)]","[1.0, 1.0, 1.0]"
55ff0bb0,2,1,5,50.0,False,True,"[1, 1, 1]",,1.9999998910740424,0.9999999455370212,0.6881434850017558,0.624140795695786,0.49999999548263896,0.6881434850017561,0.6881434850017561,"[0.8430542816939925, 0.8484342979832444, 0.8537139675528772, 0.8588898847090185, 0.8639591037807701, 0.8689193373496045, 0.8737691665583076, 0.8785081262801804, 0.883136505928581, 0.8876549667157377, 0.8920642913884852, 0.8963653917910819, 0.9005593822361746, 0.9046475825291199, 0.9086314011957779, 0.9125121670346155, 0.9162909745247423, 0.9199686059434703, 0.9235455132885427, 0.9270218805199741, 0.9303977103514695, 0.9336729008405888, 0.9368473273895438, 0.9399209010567078, 0.9428936146646864, 0.9457655735315544, 0.9485370221571489, 0.9512083588764838, 0.9537801419325853, 0.9562531010974835, 0.9586281378333172, 0.9609063284707653, 0.9630889241262782, 0.9651773489514017, 0.9671731978981268, 0.9690782317648999, 0.97089437366421, 0.9726236993797587, 0.9742684305323333, 0.9758309200952624, 0.9773136440160672, 0.9787191833643232, 0.9800502113937652, 0.9813094707608802, 0.9824997615377928, 0.983623914827779, 0.9846847758157671, 0.985685182711492, 0.9866279532872757, 0.9875158613254478, 0.9883516279280296]",50,0.6881434850017561,,0.6004162858525468,0.9767032648907812,0.9883516279280296,,0.9883516279280296,,,,10.567721843719482,10.725937366485596,True,0.15995550155639648,0.0017251968383789062,0.0,0.15995550155639648,Results/warm_start_cache/path_graphs_2to12vertices_11instances_AdjacencyList__filehash_01292d61/hog_idx000000_cd0336d2cdf0_noseed_L2_M2_amplified.npz,10.575869798660278,2026-08-20 07:50:49,x86_64,dacsgpu0003,,64,64,3.11.15,0.23,True,False,True,True,1,True,False,True,False,adam,True,1,50,hamqaoa,0.001,amplified_king,2,2,scs,1e-06,100000,False,False,False,hog,False,False,False,False,True,False,True,1,HOG_graphs/Exp5/path_graphs_2to12vertices_11instances_AdjacencyList.txt,True,Results/warm_start_cache,512,60,0,16,1,1,0,0,5,0,5,11,1,False,_Exp6_KingAmplifiedWithHeuristic,1,,401,0,"[(0, 1)]",[1.0]
a53b274a,5,4,2,50.0,False,True,"[1, 1, 1]",,5.855772201512295,2.9278861007561474,1.7804721166955204,1.7211705821283105,1.5918825688175973,1.78047211669552,1.78047211669552,"[1.4878957555838837, 1.494105574748809, 1.5003026814135363, 1.5064870067704081, 1.5126604047359766, 1.5188269941931236, 1.5249905995961275, 1.5311528601113074, 1.537313938754453, 1.543473449472901, 1.5496308231104554, 1.5557854277786827, 1.5619366036756397, 1.5680836777056568, 1.5742259542603916, 1.580362726746533, 1.586493273278587, 1.5926168550548119, 1.598732719124149, 1.6048400993803364, 1.61093821640867, 1.6170262798230552, 1.6231034822802823, 1.6291690115183666, 1.635222044541308, 1.641261749342507, 1.647287290419383, 1.65329782422995, 1.6592925052152778, 1.6652704837223613, 1.671230913594131, 1.6771729445344579, 1.683095731695949, 1.6889984335858208, 1.6948802148757718, 1.700740253433148, 1.7065777316354733, 1.7123918467411134, 1.718181808624347, 1.7239468454825586, 1.7296861979708749, 1.7353991308804253, 1.7410849283260197, 1.7467428946919477, 1.752372358769215, 1.7579726704139909, 1.763543211405494, 1.7690833833930342, 1.7745926206265419, 1.780070381930454, 1.7855161477322345]",50,0.6080847393085792,,0.01008806207342916,0.38726715782927457,1.7855161477322345,,0.6098074275041785,,,,7.317379951477051,22.4393572807312,True,15.124108076095581,0.0021162033081054688,0.0,15.124108076095581,Results/warm_start_cache/path_graphs_2to12vertices_11instances_AdjacencyList__filehash_01292d61/hog_idx000003_3fe097836279_noseed_L2_M2_amplified.npz,7.326295375823975,2026-08-20 07:50:53,x86_64,dacsgpu0003,,64,64,3.11.15,0.22,True,False,True,False,,True,True,True,False,adam,True,1,50,hamqaoa,0.001,amplified_king,2,2,scs,1e-06,100000,False,False,False,hog,False,False,False,False,True,False,True,1,HOG_graphs/Exp5/path_graphs_2to12vertices_11instances_AdjacencyList.txt,True,Results/warm_start_cache,512,60,0,16,1,1,0,0,5,0,5,11,1,False,_Exp6_KingAmplifiedWithHeuristic,1,,300101,3,"[(1, 2), (3, 4), (0, 1), (2, 3)]","[1.0, 1.0, 1.0, 1.0]"
113c7c9e,4,3,4,50.0,False,True,"[1, 1, 1]",,4.732050798956174,2.366025399478087,1.6896945600412203,1.4283297381365814,1.4270660353482523,1.6896945600412203,1.6896945600412203,"[1.3870416623600517, 1.398330222529971, 1.4094140229679695, 1.4202853229588217, 1.4309368266180893, 1.4413617863329717, 1.4515540981204578, 1.4615084171416186, 1.4712203014820273, 1.4806863510140713, 1.489904357211536, 1.4988734281308687, 1.50759408838606, 1.516068291885382, 1.5242993242817775, 1.5322915852555097, 1.540050281334476, 1.5475810731744988, 1.554889790266846, 1.5619822272190538, 1.5688640848266635, 1.5755409940460101, 1.58201859426448, 1.5883026202823756, 1.5943989927628048, 1.6003138605659184, 1.6060536220686465, 1.6116249371431375, 1.6170346949280812, 1.6222899819866523, 1.6273980275228745, 1.6323661424266205, 1.637201662837995, 1.6419118796079026, 1.646503977295275, 1.650984969408209, 1.6553616491006389, 1.659640540681784, 1.6638278563913764, 1.6679294664647164, 1.6719508710757864, 1.6758971822709845, 1.6797731175491812, 1.6835829997896306, 1.6873307573040366, 1.6910199376395605, 1.6946537108299131, 1.6982349026298362, 1.701766006541492, 1.705249202521993, 1.7086863891067827]",50,0.7141566187832714,,0.03798365813112481,0.5632407075170609,1.7086863891067827,,0.7221835964103054,,,,14.626932382583618,18.12382459640503,True,3.4987218379974365,0.001813650131225586,0.0,3.4987218379974365,Results/warm_start_cache/path_graphs_2to12vertices_11instances_AdjacencyList__filehash_01292d61/hog_idx000002_f26a0b535d4f_noseed_L2_M2_amplified.npz,14.638779640197754,2026-08-20 07:50:54,x86_64,dacsgpu0003,,64,64,3.11.15,0.23,True,False,True,False,,True,True,True,False,adam,True,1,50,hamqaoa,0.001,amplified_king,2,2,scs,1e-06,100000,False,False,False,hog,False,False,False,False,True,False,True,1,HOG_graphs/Exp5/path_graphs_2to12vertices_11instances_AdjacencyList.txt,True,Results/warm_start_cache,512,60,0,16,1,1,0,0,5,0,5,11,1,False,_Exp6_KingAmplifiedWithHeuristic,1,,200301,2,"[(1, 2), (0, 1), (2, 3)]","[1.0, 1.0, 1.0]"
edefdac8,7,6,3,50.0,False,True,"[1, 1, 1]",,8.67465685114911,4.337328425574555,2.4346154024101,2.551278933151205,2.1784665874773386,2.4346154024101003,2.4346154024101003,"[2.4570004565725703, 2.4641882052709487, 2.4711742786882596, 2.477952789047995, 2.4845191749476, 2.490870785002027, 2.497007024887956, 2.5029288091565043, 2.508637743846342, 2.514136000847249, 2.5194269042867807, 2.524515554124153, 2.5294093347996225, 2.5341181384421008, 2.538654347149333, 2.543032276172061, 2.5472671811111383, 2.5513741338268403, 2.5553670921860645, 2.5592584104889826, 2.563058559898221, 2.5667761206153585, 2.5704178923382437, 2.573989145844554, 2.577493843397902, 2.580934953142543, 2.5843146805372026, 2.587634637148068, 2.590896024056292, 2.5940996847955646, 2.5972461837577483, 2.6003359073278207, 2.6033690914869267, 2.6063459291178757, 2.60926660252598, 2.612131338025728, 2.6149404124481235, 2.617694139384977, 2.620392889808205, 2.62303703266297, 2.6256269533718086, 2.6281630425847458, 2.630645722263402, 2.6330754494737256, 2.6354527465656346, 2.637778183083336, 2.640052392901453, 2.6422760756064463, 2.644449961627489, 2.6465748152490547, 2.6486514238807777]",50,0.56148879206875,,0.4280720429413547,0.9403696728068782,2.6486514238807777,,0.6108513431459358,,,,16.808454275131226,239.22707343101501,True,222.4215428829193,0.0029070377349853516,0.0,222.4215428829193,Results/warm_start_cache/path_graphs_2to12vertices_11instances_AdjacencyList__filehash_01292d61/hog_idx000005_800a0f5af338_noseed_L2_M2_amplified.npz,16.82453727722168,2026-08-20 07:50:55,x86_64,dacsgpu0003,,64,64,3.11.15,0.25,True,False,True,False,,True,True,True,False,adam,True,1,50,hamqaoa,0.001,amplified_king,2,2,scs,1e-06,100000,False,False,False,hog,False,False,False,False,True,False,True,1,HOG_graphs/Exp5/path_graphs_2to12vertices_11instances_AdjacencyList.txt,True,Results/warm_start_cache,512,60,0,16,1,1,0,0,5,0,5,11,1,False,_Exp6_KingAmplifiedWithHeuristic,1,,500201,5,"[(0, 1), (2, 3), (1, 2), (5, 6), (3, 4), (4, 5)]","[1.0, 1.0, 1.0, 1.0, 1.0, 1.0]"
0d827f45,5,4,3,50.0,False,True,"[1, 1, 1]",,5.855772201512295,2.9278861007561474,1.7804721166955204,1.7211705821283105,1.5918825688175973,1.78047211669552,1.78047211669552,"[1.6751030892171848, 1.6789618563287203, 1.6827872766066574, 1.6865872752169482, 1.690369408557707, 1.6941339207574484, 1.6978799512308875, 1.7016080839761138, 1.7053206441313937, 1.7090210442080787, 1.7127125707395283, 1.7163973817880485, 1.7200825754470646, 1.7237594904398852, 1.727427449496486, 1.7310856102639212, 1.7347330016548717, 1.738368567766863, 1.7419911900312737, 1.7455997194670367, 1.7491929859906654, 1.752769809740684, 1.756329009017433, 1.759869415579512, 1.763389883304543, 1.7668892800002387, 1.7703665131033894, 1.7738205173352646, 1.7772502627626776, 1.780654761943005, 1.7840330818408188, 1.7873843302168888, 1.790707670215677, 1.7940023186783407, 1.7972675478970133, 1.800502688291857, 1.8037071296279388, 1.806880326565093, 1.8100217945630692, 1.8131311146350484, 1.8162079315541277, 1.8192519633328128, 1.8222629951387825, 1.825240874778081, 1.8281855320175437, 1.831096957937495, 1.8339752278622707, 1.836820487520029, 1.8396329614199276, 1.8424129502145372, 1.8451608350604678]",50,0.6080847393085792,,0.12937743672989566,0.5065565324857411,1.8451608350604678,,0.6301778808266625,,,,14.23418664932251,29.356326580047607,True,15.124108076095581,0.0019288063049316406,0.0,15.124108076095581,Results/warm_start_cache/path_graphs_2to12vertices_11instances_AdjacencyList__filehash_01292d61/hog_idx000003_3fe097836279_noseed_L2_M2_amplified.npz,14.242862701416016,2026-08-20 07:51:00,x86_64,dacsgpu0003,,64,64,3.11.15,0.23,True,False,True,False,,True,True,True,False,adam,True,1,50,hamqaoa,0.001,amplified_king,2,2,scs,1e-06,100000,False,False,False,hog,False,False,False,False,True,False,True,1,HOG_graphs/Exp5/path_graphs_2to12vertices_11instances_AdjacencyList.txt,True,Results/warm_start_cache,512,60,0,16,1,1,0,0,5,0,5,11,1,False,_Exp6_KingAmplifiedWithHeuristic,1,,300201,3,"[(1, 2), (3, 4), (0, 1), (2, 3)]","[1.0, 1.0, 1.0, 1.0]"
d8d69d11,4,3,5,50.0,False,True,"[1, 1, 1]",,4.732050798956174,2.366025399478087,1.6896945600412203,1.4283297381365814,1.4270660353482523,1.6896945600412203,1.6896945600412203,"[1.6101025028542366, 1.6179064468949982, 1.6254689471784196, 1.632782123098879, 1.6398389185710245, 1.6466332238909411, 1.653160025213667, 1.6594155682081533, 1.6653974989244815, 1.6711050452410032, 1.6765391620072028, 1.681702651104203, 1.6866002678630978, 1.6912387518122478, 1.6956267678731587, 1.6997747776074863, 1.70369480647853, 1.7074001648278458, 1.7109051166518463, 1.7142244993709042, 1.7173733553262913, 1.7203665848263754, 1.7232186441478348, 1.7259432892162172, 1.7285533963290565, 1.7310608488783843, 1.7334764507624365, 1.7356746679262753, 1.7376426773837146, 1.7395729585437278, 1.7414695519734753, 1.7433361259104403, 1.7451759381450322, 1.7469918162346079, 1.7487862017632296, 1.7505611177803542, 1.7523182021127772, 1.7540587288099392, 1.7557836336270545, 1.7574935332673498, 1.7591887607377834, 1.7608694197533725, 1.7623821697821331, 1.7638501596924083, 1.7653227216683562, 1.7667979194160677, 1.7682738334566097, 1.769748569244389, 1.7712202805359474, 1.7726871817847991, 1.7741476050415201]",50,0.7141566187832714,,0.16890609000059964,0.6941631393865357,1.7741476050415201,,0.7498510587664919,,,,25.036300659179688,28.533700466156006,True,3.4987218379974365,0.001306772232055664,0.0,3.4987218379974365,Results/warm_start_cache/path_graphs_2to12vertices_11instances_AdjacencyList__filehash_01292d61/hog_idx000002_f26a0b535d4f_noseed_L2_M2_amplified.npz,25.04377508163452,2026-08-20 07:51:05,x86_64,dacsgpu0003,,64,64,3.11.15,0.24,True,False,True,False,,True,True,True,False,adam,True,1,50,hamqaoa,0.001,amplified_king,2,2,scs,1e-06,100000,False,False,False,hog,False,False,False,False,True,False,True,1,HOG_graphs/Exp5/path_graphs_2to12vertices_11instances_AdjacencyList.txt,True,Results/warm_start_cache,512,60,0,16,1,1,0,0,5,0,5,11,1,False,_Exp6_KingAmplifiedWithHeuristic,1,,200401,2,"[(1, 2), (0, 1), (2, 3)]","[1.0, 1.0, 1.0]"
431ba8f5,7,6,4,50.0,False,True,"[1, 1, 1]",,8.67465685114911,4.337328425574555,2.4346154024101,2.551278933151205,2.1784665874773386,2.4346154024101003,2.4346154024101003,"[2.0301296632128136, 2.039463101106549, 2.048725717246949, 2.057938377464745, 2.06712531609696, 2.0762909784191925, 2.085433403890719, 2.094550220932619, 2.1036396926311167, 2.112700943853107, 2.121733950506734, 2.130739274270615, 2.139717560353866, 2.1486690556595285, 2.1575933327014334, 2.166489271262176, 2.175355195757277, 2.184189043253549, 2.192988554404767, 2.2017513961678, 2.210475241829088, 2.2191578319781526, 2.227797002755607, 2.2363907275996957, 2.244937123154592, 2.2534344701115114, 2.2618812109906417, 2.2702759740916023, 2.2786175517669096, 2.286904918560153, 2.295137216282441, 2.3033137576711065, 2.3114339858565023, 2.31949746649331, 2.3275038853159598, 2.3354530041286776, 2.3433446488839165, 2.3511786933950707, 2.3589550115596025, 2.366673468211369, 2.3743338912514416, 2.381936061647423, 2.3894797100014604, 2.3969644612551484, 2.4043898800799623, 2.411755433285548, 2.419060502237897, 2.42630437696497, 2.433486261187529, 2.4406052912956056, 2.4476605358639185]",50,0.56148879206875,,0.026090266907636384,0.5383878967731599,2.4476605358639185,,0.5644973560571768,,,,31.79554581642151,254.2144420146942,True,222.4215428829193,0.0026302337646484375,0.0,222.4215428829193,Results/warm_start_cache/path_graphs_2to12vertices_11instances_AdjacencyList__filehash_01292d61/hog_idx000005_800a0f5af338_noseed_L2_M2_amplified.npz,31.81646227836609,2026-08-20 07:51:11,x86_64,dacsgpu0003,,64,64,3.11.15,0.26,True,False,True,False,,True,True,True,False,adam,True,1,50,hamqaoa,0.001,amplified_king,2,2,scs,1e-06,100000,False,False,False,hog,False,False,False,False,True,False,True,1,HOG_graphs/Exp5/path_graphs_2to12vertices_11instances_AdjacencyList.txt,True,Results/warm_start_cache,512,60,0,16,1,1,0,0,5,0,5,11,1,False,_Exp6_KingAmplifiedWithHeuristic,1,,500301,5,"[(0, 1), (2, 3), (1, 2), (5, 6), (3, 4), (4, 5)]","[1.0, 1.0, 1.0, 1.0, 1.0, 1.0]"
803adefe,5,4,4,50.0,False,True,"[1, 1, 1]",,5.855772201512295,2.9278861007561474,1.7804721166955204,1.7211705821283105,1.5918825688175973,1.78047211669552,1.78047211669552,"[1.7296104621990795, 1.7351735448749201, 1.7405513781782502, 1.745764968345823, 1.7508554673996548, 1.7558446460104273, 1.7607376908305274, 1.7655345446694237, 1.770233842782294, 1.7748344773802642, 1.779336359909556, 1.7837407973834898, 1.7880506969827379, 1.792270597103088, 1.7964065157428404, 1.8004655544549846, 1.8044553598696704, 1.8083835479860564, 1.812257246536032, 1.8160828317963569, 1.8198657835751104, 1.8236106834120043, 1.8273212609596934, 1.8310004806765765, 1.8346506800604927, 1.8382736488136018, 1.8418706997228813, 1.8454427070588488, 1.8489901520867542, 1.8525131892101911, 1.85601173626507, 1.8594856008110312, 1.8629346083705676, 1.86635874445254, 1.8697582260032486, 1.8731335472446846, 1.8764854693228963, 1.8798149731965215, 1.8831232101820194, 1.8864114438059512, 1.8896810417849792, 1.8929334761264087, 1.896170330093003, 1.899393312424233, 1.90260424878875, 1.905805090245002, 1.9089978725793089, 1.9121847151929987, 1.9153677972409637, 1.9185493245470624, 1.921731523989494]",50,0.6080847393085792,,0.28251881458794825,0.6596979103437937,1.921731523989494,,0.6563290724007835,,,,25.36910319328308,40.49133920669556,True,15.124108076095581,0.0018541812896728516,0.0,15.124108076095581,Results/warm_start_cache/path_graphs_2to12vertices_11instances_AdjacencyList__filehash_01292d61/hog_idx000003_3fe097836279_noseed_L2_M2_amplified.npz,25.385540008544922,2026-08-20 07:51:11,x86_64,dacsgpu0003,,64,64,3.11.15,0.24,True,False,True,False,,True,True,True,False,adam,True,1,50,hamqaoa,0.001,amplified_king,2,2,scs,1e-06,100000,False,False,False,hog,False,False,False,False,True,False,True,1,HOG_graphs/Exp5/path_graphs_2to12vertices_11instances_AdjacencyList.txt,True,Results/warm_start_cache,512,60,0,16,1,1,0,0,5,0,5,11,1,False,_Exp6_KingAmplifiedWithHeuristic,1,,300301,3,"[(1, 2), (3, 4), (0, 1), (2, 3)]","[1.0, 1.0, 1.0, 1.0]"
1ec46e73,3,2,1,50.0,False,True,"[1, 1, 1]",,2.999999956551125,1.4999999782755624,1.0029603021565907,0.8777626883832925,0.8790093274096714,1.0029603021565905,1.0029603021565905,"[1.1351944892915626, 1.135921861117987, 1.1366504770679633, 1.1373803092900414, 1.1381113286754083, 1.1388435049855812, 1.1395768073985473, 1.140311204065475, 1.141046660751206, 1.141783142761314, 1.1425206151891825, 1.1432590405705465, 1.1439983806959795, 1.1447385963725063, 1.1454796469366744, 1.146221489741655, 1.146964082231476, 1.1477073783160534, 1.1484513323198677, 1.1491958973352956, 1.1499410239721624, 1.1506866634279729, 1.1514327648850944, 1.152179275650473, 1.1529261429295912, 1.153673312231195, 1.1544207273122509, 1.1551683327195124, 1.1559160692068906, 1.1566638783682488, 1.157411701645245, 1.1581594790168657, 1.1589071494085423, 1.1596546512618953, 1.160401921961644, 1.1611488986994767, 1.161895518852027, 1.1626417190439038, 1.163387434158209, 1.164132601199322, 1.164877154881378, 1.1656210293477176, 1.1663641588130067, 1.1671064778052218, 1.1678479210171715, 1.1685884225795697, 1.1693279173537356, 1.1700663382363612, 1.1708036215664488, 1.1715397014882933, 1.1722745139619033]",50,0.668640201437727,,0.3386284236106256,0.5865303731044638,1.1722745139619033,,0.7815163426412689,,,,5.845981121063232,6.651489973068237,True,0.809912919998169,0.004389286041259766,0.0,0.809912919998169,Results/warm_start_cache/path_graphs_2to12vertices_11instances_AdjacencyList__filehash_01292d61/hog_idx000001_9f99b1afad88_noseed_L2_M2_amplified.npz,5.868419885635376,2026-08-20 07:51:12,x86_64,dacsgpu0003,,64,64,3.11.15,0.22,True,False,True,False,,True,False,True,False,adam,True,1,50,hamqaoa,0.001,amplified_king,2,2,scs,1e-06,100000,False,False,False,hog,False,False,False,False,True,False,True,1,HOG_graphs/Exp5/path_graphs_2to12vertices_11instances_AdjacencyList.txt,True,Results/warm_start_cache,512,60,0,16,1,1,0,0,5,0,5,11,1,False,_Exp6_KingAmplifiedWithHeuristic,1,,100001,1,"[(1, 2), (0, 1)]","[1.0, 1.0]"
b8a851c0,3,2,2,50.0,False,True,"[1, 1, 1]",,2.999999956551125,1.4999999782755624,1.0029603021565907,0.8777626883832925,0.8790093274096714,1.0029603021565905,1.0029603021565905,"[0.9726233802920077, 0.9749777961934998, 0.9773074582406927, 0.9796116928359246, 0.9818898631851932, 0.9841413744889019, 0.9863656802704583, 0.9885622823999166, 0.9907307419935352, 0.9928706815074518, 0.9949817921137503, 0.9970638390695554, 0.9991166634594404, 1.0011401931848611, 1.003134442864391, 1.0050995208935278, 1.007035636632171, 1.0089431014010177, 1.0108223321077405, 1.0126738548891194, 1.0144983047643277, 1.016296424970597, 1.0180690667097927, 1.0198171811436738, 1.0215418165751637, 1.0232441027133639, 1.0249252444918777, 1.026586503880256, 1.0282291827183068, 1.0298546047876596, 1.0314640934150987, 1.033058951691013, 1.034640440070008, 1.0362097591946922, 1.0377680302645518, 1.03931628032129, 1.0408554311561842, 1.0423862955361276, 1.0439095692249065, 1.0454258293644325, 1.0469355391399922, 1.0484390544969833, 1.049936625952211, 1.051428408686528, 1.0529144742167316, 1.054394816424275, 1.055869363564481, 1.057337982226473, 1.0588004916251836, 1.0602566704115013, 1.0617062626201537]",50,0.668640201437727,,0.11749192092712635,0.3653938704209645,1.0617062626201537,,0.7078041750801024,,,,13.566052913665771,14.37431526184082,True,0.809912919998169,0.0016353130340576172,0.0,0.809912919998169,Results/warm_start_cache/path_graphs_2to12vertices_11instances_AdjacencyList__filehash_01292d61/hog_idx000001_9f99b1afad88_noseed_L2_M2_amplified.npz,13.598320245742798,2026-08-20 07:51:26,x86_64,dacsgpu0003,,64,64,3.11.15,0.22,True,False,True,False,,True,False,True,False,adam,True,1,50,hamqaoa,0.001,amplified_king,2,2,scs,1e-06,100000,False,False,False,hog,False,False,False,False,True,False,True,1,HOG_graphs/Exp5/path_graphs_2to12vertices_11instances_AdjacencyList.txt,True,Results/warm_start_cache,512,60,0,16,1,1,0,0,5,0,5,11,1,False,_Exp6_KingAmplifiedWithHeuristic,1,,100101,1,"[(1, 2), (0, 1)]","[1.0, 1.0]"
676ecda8,5,4,5,50.0,False,True,"[1, 1, 1]",,5.855772201512295,2.9278861007561474,1.7804721166955204,1.7211705821283105,1.5918825688175973,1.78047211669552,1.78047211669552,"[1.5434553574481271, 1.5507977788412888, 1.5580132097446742, 1.5651278510767983, 1.5721584778527369, 1.5791064098244232, 1.585970471296075, 1.5927493640721837, 1.5994419710292587, 1.6060474380567686, 1.612565226102023, 1.6189951613259637, 1.6253374764641746, 1.6315928588303894, 1.6377624734497687, 1.643848003882949, 1.649851660416629, 1.6557537730555956, 1.661303120018278, 1.6667703080453289, 1.672226887424778, 1.6776693742498914, 1.6830948469280123, 1.68850082293223, 1.6938851468321394, 1.699245916342116, 1.7045813957413374, 1.7098900022949428, 1.7151702883873199, 1.7204209316619683, 1.7256407166167833, 1.7308285658222466, 1.7359835148042797, 1.7411047174503613, 1.7461914516854407, 1.751219295512951, 1.7561196506536896, 1.7609993953236043, 1.7658569065179008, 1.7706907030666428, 1.7754994310398877, 1.780281847844771, 1.7850368206053453, 1.7897633238687176, 1.7944604138612976, 1.7991272434996748, 1.8037567080810255, 1.8083012810221055, 1.812820956748088, 1.8173147473217892, 1.821781730349818]",50,0.6080847393085792,,0.08261922730859617,0.45979832306444157,1.821781730349818,,0.6221932139172875,,,,40.44831156730652,55.570390701293945,True,15.124108076095581,0.002012014389038086,0.0,15.124108076095581,Results/warm_start_cache/path_graphs_2to12vertices_11instances_AdjacencyList__filehash_01292d61/hog_idx000003_3fe097836279_noseed_L2_M2_amplified.npz,40.46212339401245,2026-08-20 07:51:26,x86_64,dacsgpu0003,,64,64,3.11.15,0.24,True,False,True,False,,True,True,True,False,adam,True,1,50,hamqaoa,0.001,amplified_king,2,2,scs,1e-06,100000,False,False,False,hog,False,False,False,False,True,False,True,1,HOG_graphs/Exp5/path_graphs_2to12vertices_11instances_AdjacencyList.txt,True,Results/warm_start_cache,512,60,0,16,1,1,0,0,5,0,5,11,1,False,_Exp6_KingAmplifiedWithHeuristic,1,,300401,3,"[(1, 2), (3, 4), (0, 1), (2, 3)]","[1.0, 1.0, 1.0, 1.0]"
97143532,7,6,5,50.0,False,True,"[1, 1, 1]",,8.67465685114911,4.337328425574555,2.4346154024101,2.551278933151205,2.1784665874773386,2.4346154024101003,2.4346154024101003,"[2.017618400060715, 2.029596277079979, 2.0416262446991404, 2.0537034847849327, 2.065819497320504, 2.0779693944725284, 2.0901546712761094, 2.1023848061197716, 2.114674878771326, 2.1270388339888364, 2.1394836787615588, 2.1520084531368724, 2.164606292613845, 2.177266752110482, 2.18997738424366, 2.202724667784462, 2.2154945355986335, 2.228272736879974, 2.2410451548758314, 2.2537980785991967, 2.2665184678056463, 2.2791942330210393, 2.2918145221739974, 2.304369902197071, 2.3168525680193204, 2.329256356175648, 2.341576666886066, 2.3538102312487794, 2.3659548036300952, 2.378008747492, 2.389970708767075, 2.4018393459783414, 2.4136131783436685, 2.4252905131207556, 2.4368694473903783, 2.448347939179651, 2.4597238386484097, 2.4709949452103794, 2.482159043878128, 2.493213934649408, 2.5041574383734457, 2.514987416675676, 2.52570176949385, 2.536298437430885, 2.546775425772164, 2.557130818894512, 2.567362796790445, 2.577469667955865, 2.5874499012753542, 2.5973021691779326, 2.6070253798706458]",50,0.56148879206875,,0.34481995492109085,0.8571175847866144,2.6070253798706458,,0.6012512407450751,,,,54.07985758781433,276.4983956813812,True,222.4215428829193,0.0029914379119873047,0.0,222.4215428829193,Results/warm_start_cache/path_graphs_2to12vertices_11instances_AdjacencyList__filehash_01292d61/hog_idx000005_800a0f5af338_noseed_L2_M2_amplified.npz,54.097110748291016,2026-08-20 07:51:33,x86_64,dacsgpu0003,,64,64,3.11.15,0.28,True,False,True,False,,True,True,True,False,adam,True,1,50,hamqaoa,0.001,amplified_king,2,2,scs,1e-06,100000,False,False,False,hog,False,False,False,False,True,False,True,1,HOG_graphs/Exp5/path_graphs_2to12vertices_11instances_AdjacencyList.txt,True,Results/warm_start_cache,512,60,0,16,1,1,0,0,5,0,5,11,1,False,_Exp6_KingAmplifiedWithHeuristic,1,,500401,5,"[(0, 1), (2, 3), (1, 2), (5, 6), (3, 4), (4, 5)]","[1.0, 1.0, 1.0, 1.0, 1.0, 1.0]"
c0f3ee92,3,2,3,50.0,False,True,"[1, 1, 1]",,2.999999956551125,1.4999999782755624,1.0029603021565907,0.8777626883832925,0.8790093274096714,1.0029603021565905,1.0029603021565905,"[0.8934410242350095, 0.8969607779026629, 0.9004697558996837, 0.9039672379870414, 0.9074525562924157, 0.9109251016277324, 0.914384333664064, 0.917829791541235, 0.921261106379446, 0.9246780159679007, 0.9280803771459408, 0.9314681867292505, 0.9348415942065762, 0.9382009271450769, 0.9415467038669676, 0.9448796540977046, 0.9482007350560302, 0.9515111385077839, 0.9548122888304726, 0.9581058385659668, 0.9613936381016909, 0.9646776950648247, 0.9679601171824396, 0.9712430463558582, 0.9745285849216371, 0.97781872814523, 0.9811153007371536, 0.9844199143253957, 0.9877339441530635, 0.991058516746488, 0.9943945220035577, 0.9977426260399861, 1.0011032966443574, 1.0044768316050725, 1.0078633809979516, 1.0112629696054756, 1.0146755229132067, 1.0181008814784454, 1.0215388127115863, 1.0249890210456276, 1.0284511568749382, 1.0319248224258177, 1.0354095720001386, 1.0389049167101738, 1.0424103241966576, 1.0459252165857373, 1.0494489687976345, 1.0529809123549847, 1.0565203296717156, 1.0600664537878077, 1.0636184708332952]",50,0.668640201437727,,0.12131633735340941,0.36921828684724756,1.0636184708332952,,0.7090789805555301,,,,16.952471256256104,17.760799407958984,True,0.809912919998169,0.0015687942504882812,0.0,0.809912919998169,Results/warm_start_cache/path_graphs_2to12vertices_11instances_AdjacencyList__filehash_01292d61/hog_idx000001_9f99b1afad88_noseed_L2_M2_amplified.npz,17.011009216308594,2026-08-20 07:51:35,x86_64,dacsgpu0003,,64,64,3.11.15,0.23,True,False,True,False,,True,False,True,False,adam,True,1,50,hamqaoa,0.001,amplified_king,2,2,scs,1e-06,100000,False,False,False,hog,False,False,False,False,True,False,True,1,HOG_graphs/Exp5/path_graphs_2to12vertices_11instances_AdjacencyList.txt,True,Results/warm_start_cache,512,60,0,16,1,1,0,0,5,0,5,11,1,False,_Exp6_KingAmplifiedWithHeuristic,1,,100201,1,"[(1, 2), (0, 1)]","[1.0, 1.0]"
1cd3dc28,3,2,4,50.0,False,True,"[1, 1, 1]",,2.999999956551125,1.4999999782755624,1.0029603021565907,0.8777626883832925,0.8790093274096714,1.0029603021565905,1.0029603021565905,"[0.954361771310896, 0.9596954214121631, 0.9649812233449628, 0.9702195542202545, 0.9754171340415336, 0.9805831482514983, 0.9857232135500815, 0.9908391210434766, 0.9959303268756682, 1.0009952476919206, 1.00603196817263, 1.011038523558056, 1.0160129901031456, 1.0209535111886723, 1.0258583052889203, 1.030725658073922, 1.0355539203416533, 1.0403415084455596, 1.0450868998929552, 1.0497886376291548, 1.05444532588727, 1.0590556355026528, 1.0636183037719773, 1.0681321382968514, 1.0725960148290241, 1.0770088854863105, 1.0813697782249727, 1.0856778042135893, 1.089932152107957, 1.0941320953932838, 1.0982769958943894, 1.1023663079591273, 1.1063995746800828, 1.1103764298418797, 1.114296600565466, 1.118159910003243, 1.1219662781659703, 1.1257157159999536, 1.1294083290198218, 1.1330443197790077, 1.1366239777769693, 1.1401476793663032, 1.1436158955588869, 1.1470291769653143, 1.1503881581406148, 1.1536935491817337, 1.1569461275464148, 1.160146739655518, 1.1632962974826628, 1.166395770529232, 1.1694461743918902]",50,0.668640201437727,,0.3329717444705995,0.5808736939644377,1.1694461743918902,,0.7796307829279269,,,,25.876530647277832,26.68485379219055,True,0.809912919998169,0.0015735626220703125,0.0,0.809912919998169,Results/warm_start_cache/path_graphs_2to12vertices_11instances_AdjacencyList__filehash_01292d61/hog_idx000001_9f99b1afad88_noseed_L2_M2_amplified.npz,25.93032956123352,2026-08-20 07:51:45,x86_64,dacsgpu0003,,64,64,3.11.15,0.23,True,False,True,False,,True,False,True,False,adam,True,1,50,hamqaoa,0.001,amplified_king,2,2,scs,1e-06,100000,False,False,False,hog,False,False,False,False,True,False,True,1,HOG_graphs/Exp5/path_graphs_2to12vertices_11instances_AdjacencyList.txt,True,Results/warm_start_cache,512,60,0,16,1,1,0,0,5,0,5,11,1,False,_Exp6_KingAmplifiedWithHeuristic,1,,100301,1,"[(1, 2), (0, 1)]","[1.0, 1.0]"
bd6ad98d,8,7,1,50.0,False,True,"[1, 1, 1]",,10.249997980679638,5.124998990339819,1.9752215055060747,3.0476573166266814,1.807105703076383,1.9752215055060751,1.9752215055060751,"[2.2858052794727146, 2.291163210019121, 2.296515196715184, 2.301860785023867, 2.3071995134521974, 2.3125309137386525, 2.3178545093135283, 2.323169813240962, 2.3284763363975753, 2.333773582496455, 2.3390610501663387, 2.344338231684768, 2.349604615337671, 2.3548596857592594, 2.360102921468508, 2.365333803552818, 2.370551803696562, 2.375756396492677, 2.3809470559144774, 2.3861232479511605, 2.3912844475005355, 2.3964301243187345, 2.4015597490113096, 2.4066727983232514, 2.4117687469672684, 2.41684707042437, 2.4219072449341525, 2.4269487539869186, 2.431971079309233, 2.43697371648677, 2.4419561640810454, 2.446917919464239, 2.4518584837948634, 2.4567773692317343, 2.4616740909711563, 2.4665481736564256, 2.471399146075147, 2.476226541939643, 2.4810299060201935, 2.485808787420238, 2.4905627388484586, 2.49529132944512, 2.499994132869758, 2.5046707300540305, 2.509320709136208, 2.513943670480232, 2.518539215053013, 2.523106968283936, 2.5276465425459054, 2.532157574028633, 2.5366397052390814]",50,0.3854090742450878,,1.1228363994660127,1.4590680043253967,2.5366397052390814,,0.4949540888271378,,,,20.592647314071655,700.2644131183624,True,679.6791460514069,0.0073621273040771484,0.0,679.6791460514069,Results/warm_start_cache/path_graphs_2to12vertices_11instances_AdjacencyList__filehash_01292d61/hog_idx000006_749a375e0266_noseed_L2_M2_amplified.npz,20.612001180648804,2026-08-20 07:51:54,x86_64,dacsgpu0003,,64,64,3.11.15,0.25,True,False,True,False,,True,True,True,False,adam,True,1,50,hamqaoa,0.001,amplified_king,2,2,scs,1e-06,100000,False,False,False,hog,False,False,False,False,True,False,True,1,HOG_graphs/Exp5/path_graphs_2to12vertices_11instances_AdjacencyList.txt,True,Results/warm_start_cache,512,60,0,16,1,1,0,0,5,0,5,11,1,False,_Exp6_KingAmplifiedWithHeuristic,1,,600001,6,"[(0, 1), (2, 3), (1, 2), (5, 6), (3, 4), (4, 5), (6, 7)]","[1.0, 1.0, 1.0, 1.0, 1.0, 1.0, 1.0]"
a5bb0b1b,3,2,5,50.0,False,True,"[1, 1, 1]",,2.999999956551125,1.4999999782755624,1.0029603021565907,0.8777626883832925,0.8790093274096714,1.0029603021565905,1.0029603021565905,"[1.0210916451887053, 1.0299611192859734, 1.0387633439491075, 1.0474919233592341, 1.0561404930061495, 1.0647027619014107, 1.073172562209517, 1.081543891143156, 1.0898109668395874, 1.0979682886757758, 1.1060107106499468, 1.113933500222117, 1.121732417331274, 1.1294037842285847, 1.1369445569721996, 1.144352400533654, 1.151625734236752, 1.1587637814477627, 1.1657665826493042, 1.17263496709785, 1.1793705000962147, 1.1859753722425885, 1.1924522299889226, 1.198803985904121, 1.2050335810073778, 1.2111437488777113, 1.2171368369509192, 1.2230146361958119, 1.2287783074975505, 1.234428363917288, 1.2399647126945683, 1.2453867155482796, 1.2506933153817485, 1.2558831409259401, 1.2609546166407049, 1.2659060690072392, 1.270735831161423, 1.2754423259304537, 1.2800241387262001, 1.2844800627412527, 1.2880597195498058, 1.291597438729709, 1.2950988027676233, 1.2985583627519817, 1.3019707797162983, 1.3053309071635355, 1.3086338702599885, 1.3118751382323952, 1.3150505851529202, 1.3181565332880643, 1.3211897964803474]",50,0.668640201437727,,0.6364589886475138,0.884360938141352,1.3211897964803474,,0.8807931976535649,,,,31.529910564422607,32.338244915008545,True,0.809912919998169,0.001562356948852539,0.0,0.809912919998169,Results/warm_start_cache/path_graphs_2to12vertices_11instances_AdjacencyList__filehash_01292d61/hog_idx000001_9f99b1afad88_noseed_L2_M2_amplified.npz,31.56354331970215,2026-08-20 07:51:57,x86_64,dacsgpu0003,,64,64,3.11.15,0.23,True,False,True,False,,True,False,True,False,adam,True,1,50,hamqaoa,0.001,amplified_king,2,2,scs,1e-06,100000,False,False,False,hog,False,False,False,False,True,False,True,1,HOG_graphs/Exp5/path_graphs_2to12vertices_11instances_AdjacencyList.txt,True,Results/warm_start_cache,512,60,0,16,1,1,0,0,5,0,5,11,1,False,_Exp6_KingAmplifiedWithHeuristic,1,,100401,1,"[(1, 2), (0, 1)]","[1.0, 1.0]"
ab4c3f62,8,7,2,50.0,False,True,"[1, 1, 1]",,10.249997980679638,5.124998990339819,1.9752215055060747,3.0476573166266814,1.807105703076383,1.9752215055060751,1.9752215055060751,"[2.66657051942122, 2.6689878969187903, 2.671281859757711, 2.6734518179692572, 2.67550077721575, 2.677437663266988, 2.6792788979976154, 2.68104625497389, 2.6827608203279896, 2.68443864727729, 2.6860905902153953, 2.6877239171288396, 2.6893435641781496, 2.6909527922396808, 2.692553541936926, 2.694146681414242, 2.695732260589952, 2.6973097310378273, 2.698878162743144, 2.7004364065824804, 2.7019832467881892, 2.703517500239846, 2.7050380887482737, 2.7065441112091624, 2.7080348611859724, 2.709509847014874, 2.710968785097313, 2.712411597520668, 2.713838387625312, 2.7152494033985106, 2.716645015171416, 2.7180256727886962, 2.7193918687905914, 2.720744111171311, 2.722082885033545, 2.7234086357195078, 2.724721755872439, 2.7260225669251215, 2.7273113250558594, 2.7285882246437785, 2.729853406071764, 2.7311069685465523, 2.73234899564085, 2.7335795617208825, 2.734798760084445, 2.7360067116420645, 2.737203576289869, 2.7383895541454195, 2.7395648868663907, 2.7407298598372063, 2.7418847963659188]",50,0.3854090742450878,,1.5333265817196873,1.8695581865790714,2.7418847963659188,,0.5350019114860329,,,,31.683836698532104,711.3546395301819,True,679.6791460514069,0.008325338363647461,0.0,679.6791460514069,Results/warm_start_cache/path_graphs_2to12vertices_11instances_AdjacencyList__filehash_01292d61/hog_idx000006_749a375e0266_noseed_L2_M2_amplified.npz,31.739717483520508,2026-08-20 07:52:06,x86_64,dacsgpu0003,,64,64,3.11.15,0.27,True,False,True,False,,True,True,True,False,adam,True,1,50,hamqaoa,0.001,amplified_king,2,2,scs,1e-06,100000,False,False,False,hog,False,False,False,False,True,False,True,1,HOG_graphs/Exp5/path_graphs_2to12vertices_11instances_AdjacencyList.txt,True,Results/warm_start_cache,512,60,0,16,1,1,0,0,5,0,5,11,1,False,_Exp6_KingAmplifiedWithHeuristic,1,,600101,6,"[(0, 1), (2, 3), (1, 2), (5, 6), (3, 4), (4, 5), (6, 7)]","[1.0, 1.0, 1.0, 1.0, 1.0, 1.0, 1.0]"
dbd39493,10,9,1,50.0,False,True,"[1, 1, 1]",,13.017205894269532,6.508602947134766,3.439594894458054,3.8575128743835814,2.936295389303153,3.439594894458055,3.439594894458053,"[3.3940588889961583, 3.3953586751741582, 3.3966418057325853, 3.3979079792162548, 3.3991568961680003, 3.4003882824100233, 3.401601890774973, 3.4027974871574442, 3.4039748631640045, 3.4051338420561543, 3.406274262909578, 3.4073960050701215, 3.4084989692023244, 3.409583094630459, 3.410648344106455, 3.4116947106569118, 3.4127222241954067, 3.413730946415943, 3.414720970206208, 3.415692422873783, 3.416645464438845, 3.4175802810580227, 3.4184970963015933, 3.4193961590336746, 3.4202777562321622, 3.4211421931633423, 3.4219898118460494, 3.4228209777284313, 3.423636077212923, 3.4244355191702467, 3.425219729762775, 3.4259891486102947, 3.426744238208693, 3.427485466905357, 3.4282133186143398, 3.4289282802169607, 3.4296308394255153, 3.430321496088626, 3.431000738712377, 3.431669053686876, 3.4323269168688397, 3.432974797251452, 3.4336131579761626, 3.4342424366209654, 3.4348630641329296, 3.4354754506017477, 3.4360799859508955, 3.436677037622874, 3.4372669608734427, 3.43785007513296, 3.4384266863754016]",50,0.5285179616561241,,-4.440892098500626e-15,1.0065990103097997,3.439594894458053,,0.5285179616561237,,,,247.6501064300537,3927.7850000858307,True,3680.1450746059418,0.010162115097045898,0.0,3680.1450746059418,Results/warm_start_cache/path_graphs_2to12vertices_11instances_AdjacencyList__filehash_01292d61/hog_idx000008_1b5b4b14c875_noseed_L2_M2_amplified.npz,247.66497445106506,2026-08-20 07:54:54,x86_64,dacsgpu0003,,64,64,3.11.15,0.52,True,False,True,False,,True,True,True,False,adam,True,1,50,hamqaoa,0.001,amplified_king,2,2,scs,1e-06,100000,False,False,False,hog,False,False,False,False,True,False,True,1,HOG_graphs/Exp5/path_graphs_2to12vertices_11instances_AdjacencyList.txt,True,Results/warm_start_cache,512,60,0,16,1,1,0,0,5,0,5,11,1,False,_Exp6_KingAmplifiedWithHeuristic,1,,800001,8,"[(8, 9), (0, 1), (2, 3), (1, 2), (5, 6), (3, 4), (7, 8), (4, 5), (6, 7)]","[1.0, 1.0, 1.0, 1.0, 1.0, 1.0, 1.0, 1.0, 1.0]"
a2f75eac,10,9,2,50.0,False,True,"[1, 1, 1]",,13.017205894269532,6.508602947134766,3.439594894458054,3.8575128743835814,2.936295389303153,3.439594894458055,3.439594894458053,"[3.5353656938979885, 3.5387304090902365, 3.5420379503636625, 3.5452869612669455, 3.548476155120042, 3.551604350747909, 3.5546704550469364, 3.5576734927719778, 3.560612582236256, 3.5634869772954523, 3.5662960744592755, 3.569039372442122, 3.5717165367733403, 3.5743274029937413, 3.5768719330366237, 3.5793502698928195, 3.5817627362944413, 3.584109792829631, 3.5863920993289042, 3.5886104659074682, 3.590765900652132, 3.592859583428262, 3.594892842837417, 3.5968671632300353, 3.5987841817806223, 3.6006456888623775, 3.6024535930047645, 3.604209926623578, 3.605916819273591, 3.6075764748299317, 3.609191164282075, 3.6107631921177825, 3.6122948997803612, 3.613788632090293, 3.615246715033628, 3.6166714331918093, 3.618065024354727, 3.619429651368911, 3.6207673927532764, 3.6220802216281216, 3.6233699983979113, 3.624638471242653, 3.625887263682686, 3.6271178614839057, 3.6283316242866785, 3.6295297877748864, 3.6307134667919647, 3.6318836548902076, 3.6330412211471534, 3.6341869370916973, 3.6353214796438476]",50,0.5285179616561241,,0.39145317037158467,1.3980521806813888,3.6353214796438476,,0.5585927288942605,,,,280.7822268009186,3960.920954465866,True,3680.1450746059418,0.006329059600830078,0.0,3680.1450746059418,Results/warm_start_cache/path_graphs_2to12vertices_11instances_AdjacencyList__filehash_01292d61/hog_idx000008_1b5b4b14c875_noseed_L2_M2_amplified.npz,280.8003807067871,2026-08-20 07:55:27,x86_64,dacsgpu0003,,64,64,3.11.15,0.76,True,False,True,False,,True,True,True,False,adam,True,1,50,hamqaoa,0.001,amplified_king,2,2,scs,1e-06,100000,False,False,False,hog,False,False,False,False,True,False,True,1,HOG_graphs/Exp5/path_graphs_2to12vertices_11instances_AdjacencyList.txt,True,Results/warm_start_cache,512,60,0,16,1,1,0,0,5,0,5,11,1,False,_Exp6_KingAmplifiedWithHeuristic,1,,800101,8,"[(8, 9), (0, 1), (2, 3), (1, 2), (5, 6), (3, 4), (7, 8), (4, 5), (6, 7)]","[1.0, 1.0, 1.0, 1.0, 1.0, 1.0, 1.0, 1.0, 1.0]"
cb82e90e,10,9,3,50.0,False,True,"[1, 1, 1]",,13.017205894269532,6.508602947134766,3.439594894458054,3.8575128743835814,2.936295389303153,3.439594894458055,3.439594894458053,"[3.33466673487967, 3.3410514555462556, 3.3473891913864393, 3.353682986568153, 3.3599315147084923, 3.366132361696773, 3.3722837131171555, 3.3783844733579116, 3.384433962168347, 3.390431287040228, 3.3963751935754862, 3.4022644323781255, 3.408098107144031, 3.4138756590114805, 3.419596687996544, 3.4252606879874117, 3.430867130637128, 3.4364155942349477, 3.441905877055605, 3.4473380227378723, 3.4527122243296158, 3.4580287440778648, 3.4632878680591315, 3.46849001232318, 3.4736358201743798, 3.478726132946422, 3.4837618820579634, 3.488744109585419, 3.493673884549348, 3.4985524263039274, 3.5033811168916515, 3.5081614680015436, 3.512895043157092, 3.517583438010116, 3.522228340756365, 3.5268314944452945, 3.5313947031350543, 3.535919799988882, 3.5404086045087295, 3.544862913551358, 3.549284526785058, 3.553675223597917, 3.5580367273924773, 3.562370684545587, 3.566678673007839, 3.5709622023155183, 3.575222674809, 3.5794613693028476, 3.5836794581279934, 3.5878780014809046, 3.5920579518595437]",50,0.5285179616561241,,0.30492611480297693,1.311525125112781,3.5920579518595437,,0.5519449833834579,,,,314.10876655578613,3994.246911048889,True,3680.1450746059418,0.006912708282470703,0.0,3680.1450746059418,Results/warm_start_cache/path_graphs_2to12vertices_11instances_AdjacencyList__filehash_01292d61/hog_idx000008_1b5b4b14c875_noseed_L2_M2_amplified.npz,314.12760305404663,2026-08-20 07:56:06,x86_64,dacsgpu0003,,64,64,3.11.15,1.0,True,False,True,False,,True,True,True,False,adam,True,1,50,hamqaoa,0.001,amplified_king,2,2,scs,1e-06,100000,False,False,False,hog,False,False,False,False,True,False,True,1,HOG_graphs/Exp5/path_graphs_2to12vertices_11instances_AdjacencyList.txt,True,Results/warm_start_cache,512,60,0,16,1,1,0,0,5,0,5,11,1,False,_Exp6_KingAmplifiedWithHeuristic,1,,800201,8,"[(8, 9), (0, 1), (2, 3), (1, 2), (5, 6), (3, 4), (7, 8), (4, 5), (6, 7)]","[1.0, 1.0, 1.0, 1.0, 1.0, 1.0, 1.0, 1.0, 1.0]"
3895ff82,10,9,4,50.0,False,True,"[1, 1, 1]",,13.017205894269532,6.508602947134766,3.439594894458054,3.8575128743835814,2.936295389303153,3.439594894458055,3.439594894458053,"[3.1932180670473382, 3.2036159374504427, 3.2138565862308703, 3.223933076704946, 3.233840512336877, 3.2435774805741167, 3.253147263435739, 3.262557119966014, 3.2718148271832077, 3.2809249802352953, 3.289888175959489, 3.2987022620341007, 3.3073638487191843, 3.3158692248165473, 3.324214866452908, 3.3323977447711974, 3.3404154330920504, 3.3482661989007476, 3.3559490359920496, 3.3634637443133153, 3.370810870435037, 3.37799171966087, 3.3850083234798065, 3.3918634259385145, 3.3985603574584315, 3.4051029937605355, 3.4114956231594884, 3.417742875464702, 3.4238495458552842, 3.4298205797700816, 3.435660892539141, 3.4413753029947465, 3.446968475005476, 3.4524448462048816, 3.457808578540755, 3.463063531330634, 3.4682132723036045, 3.473261069528666, 3.4782099081144295, 3.483062535973037, 3.4878214651715314, 3.4924890313831045, 3.497067431206574, 3.5015587342837327, 3.505964947659663, 3.5102880507863166, 3.5145300077540558, 3.518692815197537, 3.5227785203751987, 3.526789244935861, 3.530727183353807]",50,0.5285179616561241,,0.1822645777915035,1.1888635881013077,3.530727183353807,,0.5425210791877393,,,,331.6705107688904,4011.8007340431213,True,3680.1450746059418,0.014836549758911133,0.0,3680.1450746059418,Results/warm_start_cache/path_graphs_2to12vertices_11instances_AdjacencyList__filehash_01292d61/hog_idx000008_1b5b4b14c875_noseed_L2_M2_amplified.npz,331.69993114471436,2026-08-20 07:56:24,x86_64,dacsgpu0003,,64,64,3.11.15,1.24,True,False,True,False,,True,True,True,False,adam,True,1,50,hamqaoa,0.001,amplified_king,2,2,scs,1e-06,100000,False,False,False,hog,False,False,False,False,True,False,True,1,HOG_graphs/Exp5/path_graphs_2to12vertices_11instances_AdjacencyList.txt,True,Results/warm_start_cache,512,60,0,16,1,1,0,0,5,0,5,11,1,False,_Exp6_KingAmplifiedWithHeuristic,1,,800301,8,"[(8, 9), (0, 1), (2, 3), (1, 2), (5, 6), (3, 4), (7, 8), (4, 5), (6, 7)]","[1.0, 1.0, 1.0, 1.0, 1.0, 1.0, 1.0, 1.0, 1.0]"
c2dd1a31,10,9,5,50.0,False,True,"[1, 1, 1]",,13.017205894269532,6.508602947134766,3.439594894458054,3.8575128743835814,2.936295389303153,3.439594894458055,3.439594894458053,"[2.8702699347396696, 2.8801726692692924, 2.890168253477972, 2.9002527902845907, 2.910422749577331, 2.9206747025916764, 2.931005268706284, 2.9414111611193343, 2.9518893019691106, 2.9624371723978435, 2.9730531992161344, 2.9837370124950695, 2.994488963613121, 3.0053088620056227, 3.01619503538139, 3.027144202536492, 3.038151837360706, 3.0492125837856148, 3.0603204784917635, 3.0714691101941742, 3.082651730681421, 3.093861321141852, 3.105090692772743, 3.1163325283951178, 3.127579456139676, 3.138824149259542, 3.150059390552331, 3.161278182014245, 3.1724738309105915, 3.18364003289937, 3.1947709733293443, 3.2058614218753454, 3.216906786393167, 3.227903207991446, 3.2388476120277065, 3.2497377154136964, 3.2605720790974173, 3.271350054081569, 3.282071776871198, 3.2927380224878404, 3.3033501385867945, 3.313909860292699, 3.3244191804843424, 3.3348800858931504, 3.3452944300385483, 3.3556637446835462, 3.365989116102707, 3.3762710915646217, 3.3865096577297207, 3.3967041977658186, 3.4068535441904837]",50,0.5285179616561241,,-4.440892098500626e-15,1.0065990103097997,3.439594894458053,,0.5285179616561237,,,,348.9254744052887,4029.0550796985626,True,3680.1450746059418,0.015451431274414062,0.0,3680.1450746059418,Results/warm_start_cache/path_graphs_2to12vertices_11instances_AdjacencyList__filehash_01292d61/hog_idx000008_1b5b4b14c875_noseed_L2_M2_amplified.npz,348.954304933548,2026-08-20 07:56:41,x86_64,dacsgpu0003,,64,64,3.11.15,1.48,True,False,True,False,,True,True,True,False,adam,True,1,50,hamqaoa,0.001,amplified_king,2,2,scs,1e-06,100000,False,False,False,hog,False,False,False,False,True,False,True,1,HOG_graphs/Exp5/path_graphs_2to12vertices_11instances_AdjacencyList.txt,True,Results/warm_start_cache,512,60,0,16,1,1,0,0,5,0,5,11,1,False,_Exp6_KingAmplifiedWithHeuristic,1,,800401,8,"[(8, 9), (0, 1), (2, 3), (1, 2), (5, 6), (3, 4), (7, 8), (4, 5), (6, 7)]","[1.0, 1.0, 1.0, 1.0, 1.0, 1.0, 1.0, 1.0, 1.0]"
78961d4e,6,5,1,50.0,False,True,"[1, 1, 1]",,7.487153667307896,3.743576833653948,2.4990773579274688,2.2377460484799525,2.1283158971759306,2.499077357927468,2.499077357927468,"[2.5097854385437683, 2.5121121222863634, 2.5144134887682568, 2.5166889907319048, 2.5189380917429256, 2.5211602745475727, 2.5233550366708144, 2.5255219014859644, 2.5276604105739446, 2.529770129798315, 2.5318506530366522, 2.5339015943387952, 2.5359226024223225, 2.537913350532363, 2.5398735427778734, 2.541802912819136, 2.5437012267888433, 2.5455682815279883, 2.547403906824506, 2.549207965816895, 2.5509803576292085, 2.5527210086484295, 2.554429887080949, 2.5561069849863176, 2.5577523317584294, 2.5593659874937704, 2.560948047784307, 2.5624986361810302, 2.5640179098245537, 2.5655060477138156, 2.566963264776811, 2.5683898006867993, 2.569785923352735, 2.571151927056727, 2.5724881274293314, 2.573794864468461, 2.5750725014465865, 2.576321418090889, 2.577542013460676, 2.5787347032025987, 2.579899917993085, 2.5810381017839394, 2.5821497155678332, 2.583235226818407, 2.584295114371618, 2.585329863484192, 2.586339967323019, 2.587325923582181, 2.588288230134687, 2.589227389092639, 2.5901439071379015]",50,0.6674886105575502,,0.18213309842086733,0.9236560199239419,2.5901439071379015,,0.6918119410090549,,,,6.688165664672852,62.680466175079346,True,55.99598932266235,0.0036733150482177734,0.0,55.99598932266235,Results/warm_start_cache/path_graphs_2to12vertices_11instances_AdjacencyList__filehash_01292d61/hog_idx000004_2a8a9b462e5e_noseed_L2_M2_amplified.npz,6.71893572807312,2026-08-20 07:58:00,x86_64,dacsgpu0003,,64,64,3.11.15,0.22,True,False,True,False,,True,True,True,False,adam,True,1,50,hamqaoa,0.001,amplified_king,2,2,scs,1e-06,100000,False,False,False,hog,False,False,False,False,True,False,True,1,HOG_graphs/Exp5/path_graphs_2to12vertices_11instances_AdjacencyList.txt,True,Results/warm_start_cache,512,60,0,16,1,1,0,0,5,0,5,11,1,False,_Exp6_KingAmplifiedWithHeuristic,1,,400001,4,"[(0, 1), (2, 3), (1, 2), (3, 4), (4, 5)]","[1.0, 1.0, 1.0, 1.0, 1.0]"
13d0c0df,6,5,2,50.0,False,True,"[1, 1, 1]",,7.487153667307896,3.743576833653948,2.4990773579274688,2.2377460484799525,2.1283158971759306,2.499077357927468,2.499077357927468,"[2.1994564084439414, 2.205762973377831, 2.2119602399030156, 2.218045247947729, 2.2240151463430307, 2.229867225187329, 2.235598921252694, 2.2412078374219866, 2.2466917555980896, 2.252048673373539, 2.257276807323465, 2.262374604925655, 2.2673407645324315, 2.272174249059442, 2.2768743086564043, 2.281440477898366, 2.285872601156385, 2.290170831789733, 2.294335641284575, 2.2983678252151942, 2.3022685028387526, 2.306039116369122, 2.309681434539046, 2.3131975307337993, 2.31658978202753, 2.3198608481130454, 2.3230136665293664, 2.3260514128626504, 2.3289774927851457, 2.331795507745984, 2.3345092244020655, 2.3371225551003345, 2.3396395046338365, 2.3420641657578747, 2.3444006709893257, 2.346653153232284, 2.348825734492727, 2.350922491847008, 2.352947443749883, 2.3549045114398175, 2.356797508100945, 2.358630124302827, 2.3604059173432663, 2.3621282932504535, 2.3638005094173535, 2.365425668037729, 2.3670067141539968, 2.3685464354314614, 2.370047458356948, 2.3715122576356684, 2.3729431539527495]",50,0.6674886105575502,,0.0,0.7415229215030745,2.499077357927468,,0.6674886105575502,,,,14.397395133972168,70.39133977890015,True,55.99598932266235,0.0020284652709960938,0.0,55.99598932266235,Results/warm_start_cache/path_graphs_2to12vertices_11instances_AdjacencyList__filehash_01292d61/hog_idx000004_2a8a9b462e5e_noseed_L2_M2_amplified.npz,14.416045904159546,2026-08-20 07:58:08,x86_64,dacsgpu0003,,64,64,3.11.15,0.23,True,False,True,False,,True,True,True,False,adam,True,1,50,hamqaoa,0.001,amplified_king,2,2,scs,1e-06,100000,False,False,False,hog,False,False,False,False,True,False,True,1,HOG_graphs/Exp5/path_graphs_2to12vertices_11instances_AdjacencyList.txt,True,Results/warm_start_cache,512,60,0,16,1,1,0,0,5,0,5,11,1,False,_Exp6_KingAmplifiedWithHeuristic,1,,400101,4,"[(0, 1), (2, 3), (1, 2), (3, 4), (4, 5)]","[1.0, 1.0, 1.0, 1.0, 1.0]"
2016185d,6,5,3,50.0,False,True,"[1, 1, 1]",,7.487153667307896,3.743576833653948,2.4990773579274688,2.2377460484799525,2.1283158971759306,2.499077357927468,2.499077357927468,"[2.1444512356344214, 2.150620785438279, 2.1567280814305416, 2.1627706642145346, 2.1687462848814016, 2.174652929681667, 2.1804888723393616, 2.1862527228000546, 2.191943479182413, 2.197560583683996, 2.2031039748105816, 2.2085741438701634, 2.2139721664096883, 2.2192997278533566, 2.2245590800054806, 2.229752988186851, 2.234884626590818, 2.2399574120351144, 2.244974804698526, 2.2499401285589955, 2.2548563888917466, 2.259726133930017, 2.2645513833302755, 2.2693335945832773, 2.274073678043586, 2.278772060906988, 2.2834287439890044, 2.2880433775213906, 2.2926153629297166, 2.297143906518178, 2.3016280895674455, 2.306066949454814, 2.3104595024716494, 2.3148048008958275, 2.319101959270728, 2.323350197066516, 2.327548861235121, 2.3316974109713646, 2.3357954569431736, 2.3398427484630626, 2.3438391597423576, 2.347784692750858, 2.3516794633526774, 2.3555236796131505, 2.3593176219911833, 2.3630616315096966, 2.366756076535213, 2.3704013428758857, 2.3739978163651223, 2.377545866272641, 2.3810458351343597]",50,0.6674886105575502,,0.0,0.7415229215030745,2.499077357927468,,0.6674886105575502,,,,23.437361478805542,79.42568039894104,True,55.99598932266235,0.007654905319213867,0.0,55.99598932266235,Results/warm_start_cache/path_graphs_2to12vertices_11instances_AdjacencyList__filehash_01292d61/hog_idx000004_2a8a9b462e5e_noseed_L2_M2_amplified.npz,23.454893589019775,2026-08-20 07:58:17,x86_64,dacsgpu0003,,64,64,3.11.15,0.23,True,False,True,False,,True,True,True,False,adam,True,1,50,hamqaoa,0.001,amplified_king,2,2,scs,1e-06,100000,False,False,False,hog,False,False,False,False,True,False,True,1,HOG_graphs/Exp5/path_graphs_2to12vertices_11instances_AdjacencyList.txt,True,Results/warm_start_cache,512,60,0,16,1,1,0,0,5,0,5,11,1,False,_Exp6_KingAmplifiedWithHeuristic,1,,400201,4,"[(0, 1), (2, 3), (1, 2), (3, 4), (4, 5)]","[1.0, 1.0, 1.0, 1.0, 1.0]"
fdd24c91,6,5,4,50.0,False,True,"[1, 1, 1]",,7.487153667307896,3.743576833653948,2.4990773579274688,2.2377460484799525,2.1283158971759306,2.499077357927468,2.499077357927468,"[2.1159271206069605, 2.127434146698718, 2.138833873363286, 2.1501206289956407, 2.1612889061408582, 2.1723333826328517, 2.183248990142146, 2.1940309700925975, 2.2046749307441837, 2.2151769245624005, 2.225533520223883, 2.2357418856368594, 2.2457998663605854, 2.25570606787798, 2.2654598835382203, 2.2750615432973085, 2.284512105307585, 2.2938133829387333, 2.302967883722423, 2.3119786801972566, 2.3208493325377955, 2.32958379860159, 2.33818639497198, 2.346661765288024, 2.355014922473084, 2.363251228235122, 2.3713764256363157, 2.379396627758703, 2.3873182778921436, 2.3951481081357517, 2.402893072953904, 2.410560248272854, 2.418156734186301, 2.4256895486185317, 2.433165510014589, 2.44059113192587, 2.4479725184220964, 2.455315286254099, 2.4626244947164864, 2.4699045968984543, 2.477159413676258, 2.484392118900645, 2.4916052462422025, 2.498800719974984, 2.50597989222257, 2.5131435845591925, 2.520292134142702, 2.527425489598695, 2.5345432370821497, 2.541644657932906, 2.5487287906292257]",50,0.6674886105575502,,0.09930286540351574,0.8408257869065903,2.5487287906292257,,0.6807502111723359,,,,36.041319131851196,92.03506422042847,True,55.99598932266235,0.002229452133178711,0.0,55.99598932266235,Results/warm_start_cache/path_graphs_2to12vertices_11instances_AdjacencyList__filehash_01292d61/hog_idx000004_2a8a9b462e5e_noseed_L2_M2_amplified.npz,36.06903672218323,2026-08-20 07:58:30,x86_64,dacsgpu0003,,64,64,3.11.15,0.24,True,False,True,False,,True,True,True,False,adam,True,1,50,hamqaoa,0.001,amplified_king,2,2,scs,1e-06,100000,False,False,False,hog,False,False,False,False,True,False,True,1,HOG_graphs/Exp5/path_graphs_2to12vertices_11instances_AdjacencyList.txt,True,Results/warm_start_cache,512,60,0,16,1,1,0,0,5,0,5,11,1,False,_Exp6_KingAmplifiedWithHeuristic,1,,400301,4,"[(0, 1), (2, 3), (1, 2), (3, 4), (4, 5)]","[1.0, 1.0, 1.0, 1.0, 1.0]"
83833839,8,7,3,50.0,False,True,"[1, 1, 1]",,10.249997980679638,5.124998990339819,1.9752215055060747,3.0476573166266814,1.807105703076383,1.9752215055060751,1.9752215055060751,"[2.453808204811302, 2.4621113186982315, 2.4702632657012638, 2.4782577793899256, 2.486088872611185, 2.493750894033578, 2.5012386008753733, 2.5085472248002754, 2.51567257909679, 2.5226111448407624, 2.529360127206357, 2.535917596574687, 2.542282569638993, 2.548455101574914, 2.5544363708745332, 2.5602287610605847, 2.5658359161026176, 2.5712627612670165, 2.576515489463043, 2.581601503396489, 2.5865293248471066, 2.591308448241264, 2.595949173553782, 2.6004624048591403, 2.6048594643318514, 2.609151836795733, 2.613350972129733, 2.617468043977737, 2.6215137418997085, 2.625498050807651, 2.629430107957674, 2.633318030710564, 2.6371688303686076, 2.6409883413142565, 2.64478120586449, 2.648550930802171, 2.652299932898454, 2.65602960721917, 2.6597404597746976, 2.6634322529306727, 2.667104092614264, 2.6707545928101304, 2.6743819922903955, 2.677984267308422, 2.681559249957216, 2.6851047191107877, 2.688618494566301, 2.6920984852031236, 2.695542767380624, 2.698949610185803, 2.7023175174409553]",50,0.3854090742450878,,1.4541920238697603,1.7904236287291444,2.7023175174409553,,0.5272814668177473,,,,42.02919864654541,721.7017860412598,True,679.6791460514069,0.006540775299072266,0.0,679.6791460514069,Results/warm_start_cache/path_graphs_2to12vertices_11instances_AdjacencyList__filehash_01292d61/hog_idx000006_749a375e0266_noseed_L2_M2_amplified.npz,42.04525899887085,2026-08-20 07:58:34,x86_64,dacsgpu0003,,64,64,3.11.15,0.28,True,False,True,False,,True,True,True,False,adam,True,1,50,hamqaoa,0.001,amplified_king,2,2,scs,1e-06,100000,False,False,False,hog,False,False,False,False,True,False,True,1,HOG_graphs/Exp5/path_graphs_2to12vertices_11instances_AdjacencyList.txt,True,Results/warm_start_cache,512,60,0,16,1,1,0,0,5,0,5,11,1,False,_Exp6_KingAmplifiedWithHeuristic,1,,600201,6,"[(0, 1), (2, 3), (1, 2), (5, 6), (3, 4), (4, 5), (6, 7)]","[1.0, 1.0, 1.0, 1.0, 1.0, 1.0, 1.0]"
c71e9861,6,5,5,50.0,False,True,"[1, 1, 1]",,7.487153667307896,3.743576833653948,2.4990773579274688,2.2377460484799525,2.1283158971759306,2.499077357927468,2.499077357927468,"[2.2519997295220753, 2.267053983802851, 2.2819871837256094, 2.296787226833127, 2.311442192563762, 2.325940309536338, 2.3402699886511136, 2.3544198650157457, 2.3683788712153917, 2.382136294644894, 2.3956818786144405, 2.409005885800149, 2.422099190745175, 2.434953358867099, 2.4475607453195867, 2.4599145600060623, 2.4720089350206145, 2.483838973534122, 2.495400812981389, 2.5066916201491596, 2.5177096366641583, 2.528454169762193, 2.5389256192527125, 2.5491254342691287, 2.5590560941258613, 2.5687210888987195, 2.5781248125631113, 2.5872725002426797, 2.596170124284536, 2.60482425939688, 2.613241964464051, 2.6214306372440417, 2.6293979093741373, 2.63715151540398, 2.644699208107695, 2.6520486984973695, 2.6592075826687562, 2.666183342698951, 2.6729832923879453, 2.679614580520047, 2.686084179846331, 2.6923989004176394, 2.6985653495894053, 2.7045899414089964, 2.7104788658148355, 2.716238080113088, 2.7218733029319764, 2.7273899628181137, 2.732793234790637, 2.7380879861396563, 2.743278789340338]",50,0.6674886105575502,,0.4884028628257404,1.229925784328815,2.743278789340338,,0.7327133518537228,,,,50.93841767311096,106.93223667144775,True,55.99598932266235,0.0021543502807617188,0.0,55.99598932266235,Results/warm_start_cache/path_graphs_2to12vertices_11instances_AdjacencyList__filehash_01292d61/hog_idx000004_2a8a9b462e5e_noseed_L2_M2_amplified.npz,50.97588086128235,2026-08-20 07:58:45,x86_64,dacsgpu0003,,64,64,3.11.15,0.25,True,False,True,False,,True,True,True,False,adam,True,1,50,hamqaoa,0.001,amplified_king,2,2,scs,1e-06,100000,False,False,False,hog,False,False,False,False,True,False,True,1,HOG_graphs/Exp5/path_graphs_2to12vertices_11instances_AdjacencyList.txt,True,Results/warm_start_cache,512,60,0,16,1,1,0,0,5,0,5,11,1,False,_Exp6_KingAmplifiedWithHeuristic,1,,400401,4,"[(0, 1), (2, 3), (1, 2), (3, 4), (4, 5)]","[1.0, 1.0, 1.0, 1.0, 1.0]"
52631e6d,9,8,1,50.0,False,True,"[1, 1, 1]",,11.481763886857221,5.740881943428611,3.6794063082219415,3.375775688253351,3.2477415393665705,3.6794063082219415,3.6794063082219415,"[3.8991092504867164, 3.900414206799583, 3.9016705915281777, 3.902877892510296, 3.904035821295474, 3.905144377716562, 3.906203893074027, 3.9072150895282114, 3.908179152562069, 3.9090977862975267, 3.909973258065781, 3.9108084401683247, 3.9116068127806276, 3.912372413551522, 3.913109749830745, 3.9138236332004843, 3.914518971695159, 3.9152005390338633, 3.91587272565613, 3.916539364181706, 3.9172035654940522, 3.917867649865326, 3.918533171532319, 3.919200959229155, 3.9198712364691333, 3.9205437230216273, 3.9212177665449506, 3.9218924669247013, 3.9225667626546312, 3.923239509993673, 3.9239095747674715, 3.9245758590695363, 3.9252373643476606, 3.925893198906435, 3.9265425792938196, 3.927184875353242, 3.9278195947291885, 3.92844638402843, 3.929065011783034, 3.929675365234902, 3.9302774381744863, 3.930871314257802, 3.9314571308800126, 3.9320350758048668, 3.932605376807545, 3.933168266895859, 3.933723963962875, 3.9342726764940177, 3.9348145737997227, 3.935349792334396, 3.9358784333649153]",50,0.6414585614054988,,0.5129442502859476,1.3762737879966895,3.9358784333649153,,0.6861712749938834,,,,52.23349905014038,1596.4103169441223,True,1544.1881566047668,0.011321544647216797,0.0,1544.1881566047668,Results/warm_start_cache/path_graphs_2to12vertices_11instances_AdjacencyList__filehash_01292d61/hog_idx000007_7fe36149e5ca_noseed_L2_M2_amplified.npz,52.31982374191284,2026-08-20 07:58:47,x86_64,dacsgpu0003,,64,64,3.11.15,0.3,True,False,True,False,,True,True,True,False,adam,True,1,50,hamqaoa,0.001,amplified_king,2,2,scs,1e-06,100000,False,False,False,hog,False,False,False,False,True,False,True,1,HOG_graphs/Exp5/path_graphs_2to12vertices_11instances_AdjacencyList.txt,True,Results/warm_start_cache,512,60,0,16,1,1,0,0,5,0,5,11,1,False,_Exp6_KingAmplifiedWithHeuristic,1,,700001,7,"[(0, 1), (2, 3), (1, 2), (5, 6), (3, 4), (7, 8), (4, 5), (6, 7)]","[1.0, 1.0, 1.0, 1.0, 1.0, 1.0, 1.0, 1.0]"
4cda4965,8,7,4,50.0,False,True,"[1, 1, 1]",,10.249997980679638,5.124998990339819,1.9752215055060747,3.0476573166266814,1.807105703076383,1.9752215055060751,1.9752215055060751,"[2.7081849910068834, 2.714131094322353, 2.7199031655432893, 2.725495390178328, 2.7309029219484637, 2.7361223141283, 2.7411519696952773, 2.745992754566374, 2.750648587203708, 2.7551269297739553, 2.759438940066923, 2.763598961146646, 2.7676232822783664, 2.7715285683479185, 2.775330323413984, 2.779041949058644, 2.7826745006832105, 2.786236936354194, 2.789736665450336, 2.7931800323748157, 2.7965724567755608, 2.7999182244158956, 2.8032203920148784, 2.8064809252902467, 2.8097009869634175, 2.8128811988517106, 2.8160218252339906, 2.8191229366905195, 2.8221845299227253, 2.8252065991730273, 2.8281892039484204, 2.831132456032217, 2.834036585916434, 2.836901936175417, 2.839728991055148, 2.8425184063133924, 2.8452710315789322, 2.847987941396248, 2.8506704133581366, 2.85331991581513, 2.8559380618891033, 2.8585265280586687, 2.8610870179372405, 2.863621184723921, 2.866130621707032, 2.8686168231286593, 2.871081179426128, 2.8735250153786005, 2.8759496034287575, 2.878356189815586, 2.8807460131624696]",50,0.3854090742450878,,1.811049015312789,2.147280620172173,2.8807460131624696,,0.5620967830560917,,,,62.008185625076294,741.6794533729553,True,679.6791460514069,0.007861852645874023,0.0,679.6791460514069,Results/warm_start_cache/path_graphs_2to12vertices_11instances_AdjacencyList__filehash_01292d61/hog_idx000006_749a375e0266_noseed_L2_M2_amplified.npz,62.033243894577026,2026-08-20 07:58:54,x86_64,dacsgpu0003,,64,64,3.11.15,0.29,True,False,True,False,,True,True,True,False,adam,True,1,50,hamqaoa,0.001,amplified_king,2,2,scs,1e-06,100000,False,False,False,hog,False,False,False,False,True,False,True,1,HOG_graphs/Exp5/path_graphs_2to12vertices_11instances_AdjacencyList.txt,True,Results/warm_start_cache,512,60,0,16,1,1,0,0,5,0,5,11,1,False,_Exp6_KingAmplifiedWithHeuristic,1,,600301,6,"[(0, 1), (2, 3), (1, 2), (5, 6), (3, 4), (4, 5), (6, 7)]","[1.0, 1.0, 1.0, 1.0, 1.0, 1.0, 1.0]"
f9dc8451,9,8,2,50.0,False,True,"[1, 1, 1]",,11.481763886857221,5.740881943428611,3.6794063082219415,3.375775688253351,3.2477415393665705,3.6794063082219415,3.6794063082219415,"[3.9076636966350806, 3.9118988991333734, 3.916081044048668, 3.9202096019770316, 3.924284079451121, 3.9283040481652742, 3.932269131435399, 3.9361790200781557, 3.940033450660886, 3.9438322275701867, 3.9475752086323266, 3.9512623206255535, 3.954893519207124, 3.958468850500546, 3.961988385533951, 3.9654522542482376, 3.9688606328910003, 3.9722137428237607, 3.9755118462068872, 3.9787552363684187, 3.9819442556788927, 3.9850792747570316, 3.9881606971734858, 3.9911889365472244, 3.994164461363526, 3.99708775382905, 3.999959319078554, 4.002779686211405, 4.005549413123103, 4.00826907592981, 4.010939274799407, 4.01356063273421, 4.016133781465857, 4.018659381550531, 4.021138114146912, 4.023570663549224, 4.02595774571251, 4.028300073587632, 4.030598386685479, 4.032853452076803, 4.03506600496765, 4.037236805015355, 4.039366620716066, 4.041456217350011, 4.043506362294383, 4.045517831336184, 4.0474913914721995, 4.049427796698778, 4.051327808838928, 4.053192181758664, 4.055021654443342]",50,0.6414585614054988,,0.7512306924428014,1.6145602301535433,4.055021654443342,,0.7069424083757571,,,,62.33674192428589,1606.520190000534,True,1544.1881566047668,0.004690885543823242,0.0,1544.1881566047668,Results/warm_start_cache/path_graphs_2to12vertices_11instances_AdjacencyList__filehash_01292d61/hog_idx000007_7fe36149e5ca_noseed_L2_M2_amplified.npz,62.37850785255432,2026-08-20 07:58:58,x86_64,dacsgpu0003,,64,64,3.11.15,0.37,True,False,True,False,,True,True,True,False,adam,True,1,50,hamqaoa,0.001,amplified_king,2,2,scs,1e-06,100000,False,False,False,hog,False,False,False,False,True,False,True,1,HOG_graphs/Exp5/path_graphs_2to12vertices_11instances_AdjacencyList.txt,True,Results/warm_start_cache,512,60,0,16,1,1,0,0,5,0,5,11,1,False,_Exp6_KingAmplifiedWithHeuristic,1,,700101,7,"[(0, 1), (2, 3), (1, 2), (5, 6), (3, 4), (7, 8), (4, 5), (6, 7)]","[1.0, 1.0, 1.0, 1.0, 1.0, 1.0, 1.0, 1.0]"
d4dbb574,9,8,3,50.0,False,True,"[1, 1, 1]",,11.481763886857221,5.740881943428611,3.6794063082219415,3.375775688253351,3.2477415393665705,3.6794063082219415,3.6794063082219415,"[3.5664857693140815, 3.574565203395481, 3.5824299151464567, 3.5900766418471104, 3.59750323830976, 3.6047089969099124, 3.6116950341076146, 3.6184647220179444, 3.6250241225565083, 3.6313822939878313, 3.6375512859935206, 3.6435456472372434, 3.649381371920023, 3.655074496553555, 3.6606397086764395, 3.6660894755521687, 3.6714336661998415, 3.676679718150963, 3.681833102128231, 3.6868977856519756, 3.6918767054708894, 3.6967721142648187, 3.7015858243895186, 3.7063193833067047, 3.71097422887088, 3.7155517533677442, 3.72005338764778, 3.7244806105149197, 3.728835018321599, 3.7331183335718996, 3.737332416240891, 3.741479285223961, 3.7455611008920195, 3.749580183877305, 3.753538988018995, 3.757440106103224, 3.7612862498135176, 3.765080191872305, 3.7688247884093404, 3.7725229138122103, 3.776177475904902, 3.7797913189692736, 3.7833672777810166, 3.786908082998229, 3.7904163924116716, 3.7938947250411315, 3.797345470639993, 3.800770907926397, 3.804173171525462, 3.8075542402618727, 3.8109159223058393]",50,0.6414585614054988,,0.26301922816779566,1.1263487658785376,3.8109159223058393,,0.6643856210435564,,,,76.66187644004822,1620.8449759483337,True,1544.1881566047668,0.00503849983215332,0.0,1544.1881566047668,Results/warm_start_cache/path_graphs_2to12vertices_11instances_AdjacencyList__filehash_01292d61/hog_idx000007_7fe36149e5ca_noseed_L2_M2_amplified.npz,76.67874193191528,2026-08-20 07:59:11,x86_64,dacsgpu0003,,64,64,3.11.15,0.44,True,False,True,False,,True,True,True,False,adam,True,1,50,hamqaoa,0.001,amplified_king,2,2,scs,1e-06,100000,False,False,False,hog,False,False,False,False,True,False,True,1,HOG_graphs/Exp5/path_graphs_2to12vertices_11instances_AdjacencyList.txt,True,Results/warm_start_cache,512,60,0,16,1,1,0,0,5,0,5,11,1,False,_Exp6_KingAmplifiedWithHeuristic,1,,700201,7,"[(0, 1), (2, 3), (1, 2), (5, 6), (3, 4), (7, 8), (4, 5), (6, 7)]","[1.0, 1.0, 1.0, 1.0, 1.0, 1.0, 1.0, 1.0]"
2e86de4c,8,7,5,50.0,False,True,"[1, 1, 1]",,10.249997980679638,5.124998990339819,1.9752215055060747,3.0476573166266814,1.807105703076383,1.9752215055060751,1.9752215055060751,"[2.239190207387751, 2.252078756767408, 2.2648680594169264, 2.277541193813835, 2.2900825818144273, 2.302478932263889, 2.3147186522580108, 2.3267893305604366, 2.3386765130775826, 2.350364525142837, 2.3618375890208316, 2.373080430594166, 2.3840786063397887, 2.394818751299347, 2.4052887366923366, 2.4154778627115667, 2.4253770276483517, 2.434978929958963, 2.444278174214162, 2.4532714073933133, 2.461957359974417, 2.470336850931946, 2.478412694817803, 2.486189558365791, 2.4936737673729823, 2.5008730916061097, 2.507796512542425, 2.5144540076220308, 2.5208563522035377, 2.527014887043289, 2.5329414093003364, 2.538648029227572, 2.5441470402883692, 2.5494508521552772, 2.554571884536035, 2.55952254079247, 2.564315150407667, 2.56896188741546, 2.57347471879393, 2.577865323722213, 2.582145051274753, 2.5863248139093304, 2.5904150387444584, 2.594425600879504, 2.5983657381618976, 2.602244023882404, 2.6060683300258396, 2.6098458137751757, 2.6135828965682855, 2.617285289655714, 2.6209580209611536]",50,0.3854090742450878,,1.291473030910157,1.627704635769541,2.6209580209611536,,0.5114064431143714,,,,80.14500570297241,759.8205525875092,True,679.6791460514069,0.003582477569580078,0.0,679.6791460514069,Results/warm_start_cache/path_graphs_2to12vertices_11instances_AdjacencyList__filehash_01292d61/hog_idx000006_749a375e0266_noseed_L2_M2_amplified.npz,80.1694164276123,2026-08-20 07:59:13,x86_64,dacsgpu0003,,64,64,3.11.15,0.3,True,False,True,False,,True,True,True,False,adam,True,1,50,hamqaoa,0.001,amplified_king,2,2,scs,1e-06,100000,False,False,False,hog,False,False,False,False,True,False,True,1,HOG_graphs/Exp5/path_graphs_2to12vertices_11instances_AdjacencyList.txt,True,Results/warm_start_cache,512,60,0,16,1,1,0,0,5,0,5,11,1,False,_Exp6_KingAmplifiedWithHeuristic,1,,600401,6,"[(0, 1), (2, 3), (1, 2), (5, 6), (3, 4), (4, 5), (6, 7)]","[1.0, 1.0, 1.0, 1.0, 1.0, 1.0, 1.0]"
4a0a0277,9,8,4,50.0,False,True,"[1, 1, 1]",,11.481763886857221,5.740881943428611,3.6794063082219415,3.375775688253351,3.2477415393665705,3.6794063082219415,3.6794063082219415,"[3.1220549933063326, 3.134527262579656, 3.146728086702954, 3.158651657114302, 3.1702963747231343, 3.1816676610671206, 3.1927801954839077, 3.203656117332265, 3.214319079423106, 3.224789569388139, 3.235083411284406, 3.2452117472851056, 3.25518155250001, 3.264996707759186, 3.274659094535487, 3.284169505841712, 3.2935281803738037, 3.3027351445057764, 3.311790381253805, 3.3206939624688303, 3.3294460919392455, 3.3380471353995365, 3.346497648591, 3.3547983584809455, 3.362950216489357, 3.3709543427518813, 3.3788120725267707, 3.3865249205297308, 3.3940945789925565, 3.401522964330364, 3.4088121442232113, 3.415964358582487, 3.4229820156317308, 3.4298676791450986, 3.436624054730374, 3.4432539692481408, 3.4497603669271752, 3.456146305340347, 3.4624149410279204, 3.468569484225831, 3.4746132170697552, 3.480549469904201, 3.486381597379115, 3.492112974903739, 3.497746984376027, 3.5032870007274517, 3.508736346957765, 3.5140983420118603, 3.5193762077531305, 3.524573141795452, 3.5296922608040333]",50,0.6414585614054988,,0.0,0.863329537710742,3.6794063082219415,,0.6414585614054988,,,,88.9517867565155,1633.1352620124817,True,1544.1881566047668,0.004663228988647461,0.0,1544.1881566047668,Results/warm_start_cache/path_graphs_2to12vertices_11instances_AdjacencyList__filehash_01292d61/hog_idx000007_7fe36149e5ca_noseed_L2_M2_amplified.npz,88.97698140144348,2026-08-20 07:59:36,x86_64,dacsgpu0003,,64,64,3.11.15,0.5,True,False,True,False,,True,True,True,False,adam,True,1,50,hamqaoa,0.001,amplified_king,2,2,scs,1e-06,100000,False,False,False,hog,False,False,False,False,True,False,True,1,HOG_graphs/Exp5/path_graphs_2to12vertices_11instances_AdjacencyList.txt,True,Results/warm_start_cache,512,60,0,16,1,1,0,0,5,0,5,11,1,False,_Exp6_KingAmplifiedWithHeuristic,1,,700301,7,"[(0, 1), (2, 3), (1, 2), (5, 6), (3, 4), (7, 8), (4, 5), (6, 7)]","[1.0, 1.0, 1.0, 1.0, 1.0, 1.0, 1.0, 1.0]"
87611fb5,9,8,5,50.0,False,True,"[1, 1, 1]",,11.481763886857221,5.740881943428611,3.6794063082219415,3.375775688253351,3.2477415393665705,3.6794063082219415,3.6794063082219415,"[2.7918972569848335, 2.8116284348044185, 2.831287113850531, 2.850861641601988, 2.870340801087137, 2.8897138842405914, 2.9089707974902015, 2.928102186488414, 2.947099550529037, 2.965955344534372, 2.9846630893312978, 3.0032174119315584, 3.0216139816296956, 3.039849331341342, 3.0579205825508975, 3.075825028339298, 3.093559765500309, 3.1111213139468363, 3.1285054206764706, 3.145706960408098, 3.1627200209079778, 3.1795380475159596, 3.1961540984354793, 3.212561012788786, 3.2287517093067346, 3.2447193031743864, 3.2604572865598382, 3.2759596638059962, 3.2912210336194105, 3.3062366843963877, 3.3210026629780507, 3.335515829316001, 3.3497738880229946, 3.363775470333922, 3.377520165864342, 3.3910085404292487, 3.404242179275299, 3.4172236871247534, 3.429956705537341, 3.442445860876509, 3.45469676245887, 3.466715940460544, 3.478510764089382, 3.4900893489976745, 3.501460443802209, 3.512633308499981, 3.5236175684171647, 3.5344231025983004, 3.545059819234948, 3.5555375853969684, 3.5658660184541624]",50,0.6414585614054988,,0.0,0.863329537710742,3.6794063082219415,,0.6414585614054988,,,,107.14339828491211,1651.326419353485,True,1544.1881566047668,0.005116939544677734,0.0,1544.1881566047668,Results/warm_start_cache/path_graphs_2to12vertices_11instances_AdjacencyList__filehash_01292d61/hog_idx000007_7fe36149e5ca_noseed_L2_M2_amplified.npz,107.17109942436218,2026-08-20 08:00:05,x86_64,dacsgpu0003,,64,64,3.11.15,0.53,True,False,True,False,,True,True,True,False,adam,True,1,50,hamqaoa,0.001,amplified_king,2,2,scs,1e-06,100000,False,False,False,hog,False,False,False,False,True,False,True,1,HOG_graphs/Exp5/path_graphs_2to12vertices_11instances_AdjacencyList.txt,True,Results/warm_start_cache,512,60,0,16,1,1,0,0,5,0,5,11,1,False,_Exp6_KingAmplifiedWithHeuristic,1,,700401,7,"[(0, 1), (2, 3), (1, 2), (5, 6), (3, 4), (7, 8), (4, 5), (6, 7)]","[1.0, 1.0, 1.0, 1.0, 1.0, 1.0, 1.0, 1.0]"
5a2c5e91,11,10,1,50.0,False,True,"[1, 1, 1]",,14.2824653082953,7.14123265414765,4.080739163719131,4.197174577479904,3.580427645001349,4.080739163719128,4.080739163719128,"[3.8197831876349766, 3.820364569619917, 3.8209269568012303, 3.821470754606362, 3.8219976506118183, 3.822510422259513, 3.823011216584679, 3.8235006815704957, 3.8239786292189035, 3.824444618332082, 3.824898197105503, 3.825338994933877, 3.825766728460572, 3.826181218978806, 3.8265823718028162, 3.826970212603902, 3.82734488399174, 3.8277066331983294, 3.8280558047776125, 3.8283928412071178, 3.828718244216538, 3.8290325331284816, 3.8293362203134254, 3.8296297895506206, 3.8299136832457825, 3.83018829686289, 3.8304539954627987, 3.8307111226152397, 3.8309600172352822, 3.8312010380278356, 3.831434570670782, 3.8316609565399213, 3.8318805739021546, 3.8320937381703617, 3.8323007259029422, 3.8325017873466534, 3.832697131745537, 3.8328869339094838, 3.8330713487979633, 3.8332505186357433, 3.8334245998955567, 3.8335937620186016, 3.8337581687702182, 3.83391800281744, 3.834073448055686, 3.834224669542493, 3.8343718369683852, 3.8345150918736666, 3.8346545713814453, 3.834790403209266, 3.834922716558889]",50,0.5721731861636468,,0.0,1.0006230374355587,4.080739163719128,,0.5721731861636468,,,,1199.5961380004883,9764.885471105576,True,8565.310515403748,0.021165847778320312,0.0,8565.310515403748,Results/warm_start_cache/path_graphs_2to12vertices_11instances_AdjacencyList__filehash_01292d61/hog_idx000009_79d4a30419fc_noseed_L2_M2_amplified.npz,1199.628177165985,2026-08-20 08:10:52,x86_64,dacsgpu0003,,64,64,3.11.15,1.12,True,False,True,False,,True,True,True,False,adam,True,1,50,hamqaoa,0.001,amplified_king,2,2,scs,1e-06,100000,False,False,False,hog,False,False,False,False,True,False,True,1,HOG_graphs/Exp5/path_graphs_2to12vertices_11instances_AdjacencyList.txt,True,Results/warm_start_cache,512,60,0,16,1,1,0,0,5,0,5,11,1,False,_Exp6_KingAmplifiedWithHeuristic,1,,900001,9,"[(8, 9), (0, 1), (9, 10), (2, 3), (1, 2), (5, 6), (3, 4), (7, 8), (4, 5), (6, 7)]","[1.0, 1.0, 1.0, 1.0, 1.0, 1.0, 1.0, 1.0, 1.0, 1.0]"
c5e25ee2,11,10,2,50.0,False,True,"[1, 1, 1]",,14.2824653082953,7.14123265414765,4.080739163719131,4.197174577479904,3.580427645001349,4.080739163719128,4.080739163719128,"[4.111964820794143, 4.114962704472281, 4.1178882476221075, 4.1207404039976865, 4.123518843925173, 4.126224229626578, 4.128858639459951, 4.131425826422987, 4.133930978409651, 4.136379872511601, 4.138777822784332, 4.141128988659314, 4.143436341956284, 4.145702053383093, 4.147927931202204, 4.150115722260638, 4.152267170349669, 4.15438396100546, 4.156467611856008, 4.158519359791386, 4.16054011191789, 4.162530366687262, 4.164490284221269, 4.166419767110865, 4.168318511484356, 4.170186111765914, 4.17202216813685, 4.173826329589977, 4.17559836653114, 4.177338224696147, 4.17904605220575, 4.180722236311753, 4.18236736893969, 4.183982265862037, 4.185567919108411, 4.187125474172255, 4.1886561594259675, 4.1901612548088645, 4.191642019415561, 4.1930996437370665, 4.194535260802298, 4.195949892878535, 4.197344483731369, 4.198719876223957, 4.200076812883918, 4.2014159779470575, 4.2027379499447575, 4.204043282977394, 4.205332451772576, 4.206605888242654, 4.207863963026757]",50,0.5721731861636468,,0.25424959861525664,1.2548726360508153,4.207863963026757,,0.589997751405883,,,,1239.3981914520264,9804.698877096176,True,8565.310515403748,0.00980520248413086,0.0,8565.310515403748,Results/warm_start_cache/path_graphs_2to12vertices_11instances_AdjacencyList__filehash_01292d61/hog_idx000009_79d4a30419fc_noseed_L2_M2_amplified.npz,1239.4140148162842,2026-08-20 08:11:32,x86_64,dacsgpu0003,,64,64,3.11.15,2.02,True,False,True,False,,True,True,True,False,adam,True,1,50,hamqaoa,0.001,amplified_king,2,2,scs,1e-06,100000,False,False,False,hog,False,False,False,False,True,False,True,1,HOG_graphs/Exp5/path_graphs_2to12vertices_11instances_AdjacencyList.txt,True,Results/warm_start_cache,512,60,0,16,1,1,0,0,5,0,5,11,1,False,_Exp6_KingAmplifiedWithHeuristic,1,,900101,9,"[(8, 9), (0, 1), (9, 10), (2, 3), (1, 2), (5, 6), (3, 4), (7, 8), (4, 5), (6, 7)]","[1.0, 1.0, 1.0, 1.0, 1.0, 1.0, 1.0, 1.0, 1.0, 1.0]"
55dbb796,11,10,3,50.0,False,True,"[1, 1, 1]",,14.2824653082953,7.14123265414765,4.080739163719131,4.197174577479904,3.580427645001349,4.080739163719128,4.080739163719128,"[3.3145653456622806, 3.3226252131490575, 3.3306149348232488, 3.3385317585945766, 3.3463732024756676, 3.3541371467049896, 3.361821996160552, 3.3694268427048466, 3.376951722906432, 3.384397886386001, 3.3917681190104476, 3.399066930574689, 3.406300548977752, 3.4134765362956068, 3.4206030317926297, 3.427687891048311, 3.434737916967941, 3.44175851934541, 3.4487537145973692, 3.455726370614562, 3.4626784444191885, 3.469611287338146, 3.476525795376148, 3.4834225605618916, 3.4903019880160047, 3.4971643073918925, 3.50400963271112, 3.5108379943523524, 3.517649346494736, 3.5244435745796063, 3.5312205251489113, 3.5379799459692083, 3.544721552243165, 3.5514450169723437, 3.5581499288528002, 3.564835834845368, 3.571502239001627, 3.5781486094531485, 3.5847743425624055, 3.591378800167119, 3.597961279264488, 3.6045210545275275, 3.6110573219403816, 3.617569269615558, 3.624056018945977, 3.6305166471475516, 3.6369502195952137, 3.643355749970268, 3.649732198273793, 3.656078517667972, 3.6623936215057076]",50,0.5721731861636468,,0.0,1.0006230374355587,4.080739163719128,,0.5721731861636468,,,,1320.8874225616455,9886.175512075424,True,8565.310515403748,0.022411823272705078,0.0,8565.310515403748,Results/warm_start_cache/path_graphs_2to12vertices_11instances_AdjacencyList__filehash_01292d61/hog_idx000009_79d4a30419fc_noseed_L2_M2_amplified.npz,1320.920240163803,2026-08-20 08:13:00,x86_64,dacsgpu0003,,64,64,3.11.15,2.91,True,False,True,False,,True,True,True,False,adam,True,1,50,hamqaoa,0.001,amplified_king,2,2,scs,1e-06,100000,False,False,False,hog,False,False,False,False,True,False,True,1,HOG_graphs/Exp5/path_graphs_2to12vertices_11instances_AdjacencyList.txt,True,Results/warm_start_cache,512,60,0,16,1,1,0,0,5,0,5,11,1,False,_Exp6_KingAmplifiedWithHeuristic,1,,900201,9,"[(8, 9), (0, 1), (9, 10), (2, 3), (1, 2), (5, 6), (3, 4), (7, 8), (4, 5), (6, 7)]","[1.0, 1.0, 1.0, 1.0, 1.0, 1.0, 1.0, 1.0, 1.0, 1.0]"
f49348e7,11,10,4,50.0,False,True,"[1, 1, 1]",,14.2824653082953,7.14123265414765,4.080739163719131,4.197174577479904,3.580427645001349,4.080739163719128,4.080739163719128,"[3.627022411500547, 3.637003490176768, 3.6469496621683395, 3.6568561392992236, 3.6667181774051802, 3.676531175066694, 3.6862907091024937, 3.6959926724772996, 3.7056333715725565, 3.715209617260828, 3.72471869195843, 3.734158151285869, 3.743525559917024, 3.75281823581474, 3.762033108920488, 3.7711667413675602, 3.780215460467641, 3.789175528820499, 3.7980432225856853, 3.8068150244873538, 3.8154876461371425, 3.8240581675888397, 3.832524019407718, 3.8408829689114135, 3.8491332642187417, 3.8572735599169214, 3.8653028564049334, 3.873220556355616, 3.881026390538719, 3.8887203642083, 3.8963027164927344, 3.903773855468924, 3.911134298596612, 3.9183846349429183, 3.925525471178173, 3.9325574928459996, 3.93948140217642, 3.9462979346505573, 3.953007906764334, 3.9596122369023616, 3.9661120034354282, 3.9725084224304177, 3.978802883039397, 3.9849969223977078, 3.991092242153455, 3.9970907272838203, 4.0029944207182915, 4.00880550659838, 4.014526284426058, 4.02015914416031, 4.0257065413694955]",50,0.5721731861636468,,0.0,1.0006230374355587,4.080739163719128,,0.5721731861636468,,,,1348.699116230011,9913.992462873459,True,8565.310515403748,0.017148733139038086,0.0,8565.310515403748,Results/warm_start_cache/path_graphs_2to12vertices_11instances_AdjacencyList__filehash_01292d61/hog_idx000009_79d4a30419fc_noseed_L2_M2_amplified.npz,1348.725826740265,2026-08-20 08:13:29,x86_64,dacsgpu0003,,64,64,3.11.15,3.81,True,False,True,False,,True,True,True,False,adam,True,1,50,hamqaoa,0.001,amplified_king,2,2,scs,1e-06,100000,False,False,False,hog,False,False,False,False,True,False,True,1,HOG_graphs/Exp5/path_graphs_2to12vertices_11instances_AdjacencyList.txt,True,Results/warm_start_cache,512,60,0,16,1,1,0,0,5,0,5,11,1,False,_Exp6_KingAmplifiedWithHeuristic,1,,900301,9,"[(8, 9), (0, 1), (9, 10), (2, 3), (1, 2), (5, 6), (3, 4), (7, 8), (4, 5), (6, 7)]","[1.0, 1.0, 1.0, 1.0, 1.0, 1.0, 1.0, 1.0, 1.0, 1.0]"
301e13e4,11,10,5,50.0,False,True,"[1, 1, 1]",,14.2824653082953,7.14123265414765,4.080739163719131,4.197174577479904,3.580427645001349,4.080739163719128,4.080739163719128,"[3.489556706513118, 3.5005641451026452, 3.511432259860912, 3.5221527617345587, 3.532719061949607, 3.543127878835814, 3.5533806382060926, 3.563481793771158, 3.5734347191748763, 3.5832396696636146, 3.592894723449796, 3.602397152120323, 3.611744211503056, 3.6209334666732813, 3.629963053564668, 3.6388316893044665, 3.647538817654917, 3.6560845876183405, 3.6644698493084125, 3.6726961575200163, 3.680765763687761, 3.688681521272562, 3.6964468184554082, 3.704065453383601, 3.7115415184930707, 3.718879361678644, 3.7260833782014195, 3.733157932410815, 3.74010730611939, 3.7469356028315124, 3.753646691461687, 3.760244222329641, 3.7667316099340042, 3.773112015717497, 3.7793883942418103, 3.785563531642471, 3.791640008696484, 3.797620293127598, 3.8035067593241756, 3.8093017061161225, 3.8150074156460825, 3.820626184429581, 3.8261603407684794, 3.831612210525456, 3.836984217864836, 3.8422788253404896, 3.847498531507612, 3.8526458845044695, 3.857723455597182, 3.8627337932615444, 3.8676793918344723]",50,0.5721731861636468,,0.0,1.0006230374355587,4.080739163719128,,0.5721731861636468,,,,1373.8351302146912,9939.136018037796,True,8565.310515403748,0.009615659713745117,0.0,8565.310515403748,Results/warm_start_cache/path_graphs_2to12vertices_11instances_AdjacencyList__filehash_01292d61/hog_idx000009_79d4a30419fc_noseed_L2_M2_amplified.npz,1373.8447449207306,2026-08-20 08:13:59,x86_64,dacsgpu0003,,64,64,3.11.15,4.7,True,False,True,False,,True,True,True,False,adam,True,1,50,hamqaoa,0.001,amplified_king,2,2,scs,1e-06,100000,False,False,False,hog,False,False,False,False,True,False,True,1,HOG_graphs/Exp5/path_graphs_2to12vertices_11instances_AdjacencyList.txt,True,Results/warm_start_cache,512,60,0,16,1,1,0,0,5,0,5,11,1,False,_Exp6_KingAmplifiedWithHeuristic,1,,900401,9,"[(8, 9), (0, 1), (9, 10), (2, 3), (1, 2), (5, 6), (3, 4), (7, 8), (4, 5), (6, 7)]","[1.0, 1.0, 1.0, 1.0, 1.0, 1.0, 1.0, 1.0, 1.0, 1.0]"
