run_id,n,m,p,precision/iterations,singlet_injection,warm_start,parameter_vector,optimal_result,sdp_objective_value_step1,sdp_objective_value_king_normalized_step1,algorithm17_actual_energy,algorithm17_lower_bound_energy,initial_ws_energy_prodStates_step2,initial_sdp_statevector_energy,initial_qaoa_input_energy_normalized,adam_energy_history_normalized_json,adam_updates_completed,initial_sdp_statevec_ratio,initial_ws_energy_010101,QAOA_improvement_over_SDP_statevectorEnergy,QAOA_improvement_over_SDP_prodStatesEnergy,result,result_010101,approx_ratio,approx_ratio_010101,diff. approx. ratio,sdp ws greater,duration_seconds,duration_seconds_excluding_warm_start_cache_io,warm_start_cache_used,warm_start_compute_time_seconds,warm_start_load_time_seconds,warm_start_save_time_seconds,warm_start_effective_time_seconds,warm_start_cache_path,full duration_seconds,finished_at,processor,hostname,total_ram_gb,physical_cores,logical_cores,python_version,peak_ram_mb,Instance_is_triangle_free,Instance_is_3_regular,Instance_is_bipartite,Instance_is_regular,Regular_degree,Instance_is_claw_free,Instance_is_twin_free,Instance_is_planar,Instance_is_eulerian,optimiser,optimiser_use_heuristic,circuit_type,learning_rate_adam,warm_start_mode,lasserre_level,initial_solver_level_M,sdp_solver_mode,sdp_scs_eps,sdp_scs_max_iters,compare_with_010101,init_QAOAparams_close_to_zero,use_correlations_as_initial_params,graph_generation_type,weighted,easiest_first,debug,save_circuit_svg,rerun_exclude_finished_instances,warm_start_cache_producer_only,qaoa_only_from_existing_warm_start_cache,num_repeats,relative_graph_adjList_path,persistent_warm_start_cache,warm_start_cache_dir,warm_start_cache_max_file_mb,warm_start_cache_max_total_gb,sdp_max_parallel,qaoa_max_parallel,sdp_threads,qaoa_threads,sdp_memory_limit_total_gb,sdp_memory_limit_single_gb,sdp_memory_poll_seconds,sdp_max_retries,queue_poll_interval_seconds,max_graph_vertices,qaoa_seed,initialise_standard_warm_start_with_zero_angles,result_name_suffix,benchmark_repeat_idx,sdp_seed,qaoa_seed_used,hog_graph_index,edges,weights
c6f4830e,10,15,1,50.0,False,True,"[1, 1, 1]",8.943588601838165,18.154861637165347,9.077430818582673,5.540114227967943,5.317404459801606,5.358824391369585,5.54011422796794,5.540114227967944,"[5.52423079818019, 5.550673012339741, 5.576265283336023, 5.6009789863556785, 5.624787334522722, 5.647665616849909, 5.669591514446328, 5.690545555365164, 5.710511149803728, 5.729475140696393, 5.747427979385692, 5.764364021231117, 5.780281735149047, 5.795184021211492, 5.809078488887016, 5.821977490863134, 5.833898162625573, 5.844862681475422, 5.854898195316105, 5.864036554004692, 5.872314282590738, 5.8797722758894455, 5.886455406828854, 5.892411960841117, 5.897693195283028, 5.902352667429429, 5.906445557916621, 5.910027878864939, 5.913155716856906, 5.915884411654928, 5.918267832520262, 5.9203576910633515, 5.922202753450305, 5.923848421217255, 5.9253361191535605, 5.926702991646802, 5.927981663053234, 5.92920012335884, 5.9303817019405765, 5.931545150895569, 5.932704851018759, 5.933871213788777, 5.93505085014591, 5.936247172822784, 5.9374607084666815, 5.938689640831833, 5.939930184607969, 5.941177148659338, 5.942424367208205, 5.943665037351702, 5.944892086107558]",50,0.6194509245236622,,0.8095557162792364,1.1721353894759456,5.944892086107558,,0.6647099224673316,,,,165.3669948577881,4667.578627347946,True,4502.218005895615,0.006354570388793945,0.0,4502.218005895615,Results/warm_start_cache/list_388_graphs_adjacency_list_hog_v04-12_regular__filehash_5b7f8d46/hog_idx000163_ad33026960cc_noseed_L2_M2_amplified.npz,165.51749920845032,2026-08-25 15:09:13,x86_64,dacsgpu0002,,64,64,3.11.15,0.52,True,True,False,True,3,False,True,False,False,adam,False,hamqaoa,0.005,amplified_king,2,2,scs,1e-06,100000,False,False,False,hog,False,False,False,False,False,False,True,1,HOG_graphs/Exp5/list_388_graphs_adjacency_list_hog_v04-12_regular.txt,True,Results/warm_start_cache,512,60,0,16,1,1,0,0,5,0,5,10,1,False,_Exp6_KingAmplifiedWithHeuristic_rerun2508,1,,1,163,"[(0, 1), (4, 7), (1, 9), (3, 5), (2, 9), (0, 3), (6, 8), (2, 8), (4, 5), (5, 9), (4, 8), (0, 2), (3, 6), (6, 7), (1, 7)]","[1.0, 1.0, 1.0, 1.0, 1.0, 1.0, 1.0, 1.0, 1.0, 1.0, 1.0, 1.0, 1.0, 1.0, 1.0]"
a3eaa0a2,10,20,1,50.0,False,True,"[1, 1, 1]",10.024394480683538,20.578984220815997,10.289492110407998,7.439200245725058,6.130875579323029,7.247525707021422,7.439200245725066,7.439200245725066,"[7.007161626826322, 7.023548519015732, 7.03862589688092, 7.052676962076983, 7.066236698045568, 7.079637779673954, 7.092905196538112, 7.105970349074805, 7.118769984614512, 7.131267596297201, 7.143456269485024, 7.1553593368484885, 7.16702559176621, 7.17851570002729, 7.189883327979888, 7.201160116050398, 7.212353022129503, 7.223452096059806, 7.234441001827169, 7.245305872478513, 7.256040137225915, 7.266645189181952, 7.277127251115556, 7.287492207812648, 7.297741130605214, 7.307867734548379, 7.3178596829026805, 7.327701922525311, 7.337380437539451, 7.346885194829048, 7.356211092114874, 7.365356701032304, 7.374321857547162, 7.383105342505811, 7.391703530240053, 7.400110659175545, 7.408320640289827, 7.416328547917687, 7.424131950996836, 7.431731098852704, 7.439127794555918, 7.446324162102677, 7.453321162314822, 7.460118640216911, 7.466715513295208, 7.473110725461737, 7.47930413209846, 7.4852969397852975, 7.491091488404983, 7.496690812568348, 7.502097933706066]",50,0.7421096865311914,,0.1257953759620012,0.5091444533692879,7.502097933706066,,0.748384149103689,,,,172.11273407936096,5031.094977855682,True,4859.052687883377,0.07043170928955078,0.0,4859.052687883377,Results/warm_start_cache/list_388_graphs_adjacency_list_hog_v04-12_regular__filehash_5b7f8d46/hog_idx000307_9e63001a852c_noseed_L2_M2_amplified.npz,172.509770154953,2026-08-25 15:09:23,x86_64,dacsgpu0002,,64,64,3.11.15,0.52,False,False,False,True,4,False,True,False,True,adam,False,hamqaoa,0.005,amplified_king,2,2,scs,1e-06,100000,False,False,False,hog,False,False,False,False,False,False,True,1,HOG_graphs/Exp5/list_388_graphs_adjacency_list_hog_v04-12_regular.txt,True,Results/warm_start_cache,512,60,0,16,1,1,0,0,5,0,5,10,1,False,_Exp6_KingAmplifiedWithHeuristic_rerun2508,1,,1,307,"[(0, 2), (1, 7), (6, 9), (5, 7), (3, 4), (2, 8), (2, 5), (8, 9), (0, 1), (0, 4), (1, 9), (5, 6), (3, 6), (2, 4), (3, 9), (4, 7), (0, 3), (1, 8), (5, 8), (6, 7)]","[1.0, 1.0, 1.0, 1.0, 1.0, 1.0, 1.0, 1.0, 1.0, 1.0, 1.0, 1.0, 1.0, 1.0, 1.0, 1.0, 1.0, 1.0, 1.0, 1.0]"
f291dd01,10,25,1,50.0,False,True,"[1, 1, 1]",11.54089257376802,23.550875803466276,11.775437901733138,8.437349152950336,7.080907621415965,8.349640675474419,8.437349152950341,8.437349152950341,"[7.737308098405278, 7.7766826559394655, 7.815433320458483, 7.8535059380531145, 7.890845001938125, 7.927393856351408, 7.9630953425332285, 7.997891946238683, 8.031726298631355, 8.064541882476847, 8.09628340430028, 8.126897373059595, 8.156333051863967, 8.184542871191514, 8.211483303675628, 8.237115432358912, 8.261405655298377, 8.284327050132983, 8.305859060232853, 8.325988819053785, 8.344711680478003, 8.362031350829557, 8.377960526295174, 8.392521148517012, 8.405744531381805, 8.417671019787075, 8.428349802777387, 8.43783866692262, 8.446202984608686, 8.453514892168757, 8.4598522080264, 8.465297277826501, 8.469935547766356, 8.473853996848407, 8.477139782125604, 8.479878735019842, 8.482153799433059, 8.48404379382088, 8.485622333214073, 8.486956814991965, 8.488107689959147, 8.48912803294776, 8.490063223879005, 8.490951206207502, 8.49182246538332, 8.492700379191389, 8.49360191713522, 8.494538283199738, 8.495515580332288, 8.496535497224105, 8.497596052228515]",50,0.7310828949338021,,0.12049379855634612,0.29591075350819196,8.497596052228515,,0.7363031930080699,,,,176.24068355560303,4991.721058130264,True,4815.487107515335,0.006714582443237305,0.0,4815.487107515335,Results/warm_start_cache/list_388_graphs_adjacency_list_hog_v04-12_regular__filehash_5b7f8d46/hog_idx000364_4bf0b17a511a_noseed_L2_M2_amplified.npz,176.50013756752014,2026-08-25 15:09:24,x86_64,dacsgpu0002,,64,64,3.11.15,0.52,False,False,False,True,5,False,True,False,False,adam,False,hamqaoa,0.005,amplified_king,2,2,scs,1e-06,100000,False,False,False,hog,False,False,False,False,False,False,True,1,HOG_graphs/Exp5/list_388_graphs_adjacency_list_hog_v04-12_regular.txt,True,Results/warm_start_cache,512,60,0,16,1,1,0,0,5,0,5,10,1,False,_Exp6_KingAmplifiedWithHeuristic_rerun2508,1,,1,364,"[(2, 6), (3, 5), (7, 8), (0, 5), (0, 2), (1, 7), (6, 9), (2, 8), (4, 5), (3, 7), (4, 8), (8, 9), (1, 3), (0, 1), (1, 6), (0, 4), (6, 8), (5, 6), (5, 9), (2, 4), (3, 9), (4, 7), (7, 9), (0, 3), (1, 2)]","[1.0, 1.0, 1.0, 1.0, 1.0, 1.0, 1.0, 1.0, 1.0, 1.0, 1.0, 1.0, 1.0, 1.0, 1.0, 1.0, 1.0, 1.0, 1.0, 1.0, 1.0, 1.0, 1.0, 1.0, 1.0]"
dd70ad72,10,20,1,50.0,False,True,"[1, 1, 1]",10.468868467035792,21.076154042693975,10.538077021346988,6.579603132030834,6.360176347589937,6.249119257254813,6.579603132030838,6.579603132030838,"[6.984851200235595, 6.9939963842772395, 7.002419430241782, 7.010117271250449, 7.017092638201457, 7.023356206956729, 7.028928579055386, 7.033841915704697, 7.038140538507975, 7.0418789654614935, 7.045117763510044, 7.047917320947648, 7.050331661182618, 7.052404923640025, 7.054170975684262, 7.055656053292843, 7.056882413385572, 7.057872060473935, 7.058649639253541, 7.059243667469794, 7.05968648085799, 7.060012895414423, 7.060257759532299, 7.060453175212431, 7.060625638297828, 7.060794578569752, 7.060971497965248, 7.061160765349807, 7.061361053678165, 7.061567504136108, 7.0617738706294295, 7.061974260071167, 7.062164352010066, 7.062341731635024, 7.062505584256989, 7.062656031661561, 7.0627931664133445, 7.062916603112061, 7.063025150466104, 7.063117002126573, 7.063190435449955, 7.0632444077014025, 7.063279095180327, 7.063296155502841, 7.063298629192375, 7.0632904495002595, 7.063275788129733, 7.063258467809832, 7.063241492594145, 7.063226834824379, 7.06321557169866]",50,0.6284922914781659,,0.9672248793356442,1.6281926288876942,7.06321557169866,,0.6746875838529448,,,,176.45114612579346,4941.805556297302,True,4765.360872745514,0.0064470767974853516,0.0,4765.360872745514,Results/warm_start_cache/list_388_graphs_adjacency_list_hog_v04-12_regular__filehash_5b7f8d46/hog_idx000277_636dd24995f4_noseed_L2_M2_amplified.npz,176.65989327430725,2026-08-25 15:09:26,x86_64,dacsgpu0002,,64,64,3.11.15,0.52,False,False,False,True,4,False,False,False,True,adam,False,hamqaoa,0.005,amplified_king,2,2,scs,1e-06,100000,False,False,False,hog,False,False,False,False,False,False,True,1,HOG_graphs/Exp5/list_388_graphs_adjacency_list_hog_v04-12_regular.txt,True,Results/warm_start_cache,512,60,0,16,1,1,0,0,5,0,5,10,1,False,_Exp6_KingAmplifiedWithHeuristic_rerun2508,1,,1,277,"[(7, 8), (0, 2), (6, 9), (5, 7), (3, 4), (2, 8), (4, 5), (1, 3), (0, 1), (1, 6), (0, 4), (1, 9), (6, 8), (5, 9), (2, 4), (3, 9), (2, 7), (0, 3), (5, 8), (6, 7)]","[1.0, 1.0, 1.0, 1.0, 1.0, 1.0, 1.0, 1.0, 1.0, 1.0, 1.0, 1.0, 1.0, 1.0, 1.0, 1.0, 1.0, 1.0, 1.0, 1.0]"
0d632871,10,15,2,50.0,False,True,"[1, 1, 1]",8.943588601838165,18.154861637165347,9.077430818582673,5.540114227967943,5.317404459801606,5.358824391369585,5.54011422796794,5.540114227967944,"[4.0039936693456175, 4.067287447185953, 4.132672216562456, 4.199865969001843, 4.268564476386065, 4.338441164098265, 4.4091482682786785, 4.480318487247048, 4.551568072458296, 4.622500884430401, 4.692713874046419, 4.761803960136012, 4.82937658160921, 4.895055699740927, 4.958495483515944, 5.0193933228206, 5.07750329821871, 5.132648693846709, 5.1847310611425295, 5.233732801305942, 5.279710638754351, 5.322779192921254, 5.3630879346017455, 5.400797606659581, 5.436061799659164, 5.469016042976016, 5.499774567826479, 5.528431463578101, 5.555064610360558, 5.579740082199322, 5.602516329388217, 5.623447981262664, 5.64258932848915, 5.6599967824438036, 5.675731386752514, 5.6898603879140435, 5.702458598639746, 5.713609029800465, 5.723403023293065, 5.731939809381164, 5.739325571606787, 5.745671754491675, 5.751093414469668, 5.75570656856392, 5.759625759128283, 5.762961533027016, 5.76581785987949, 5.768290078293136, 5.770463149237232, 5.772410586249767, 5.774194019455566]",50,0.6194509245236622,,0.46815958297525206,0.8307392561719613,5.774194019455566,,0.6456238403305807,,,,187.67620182037354,4689.888159990311,True,4502.218005895615,0.006030559539794922,0.0,4502.218005895615,Results/warm_start_cache/list_388_graphs_adjacency_list_hog_v04-12_regular__filehash_5b7f8d46/hog_idx000163_ad33026960cc_noseed_L2_M2_amplified.npz,187.7930953502655,2026-08-25 15:09:35,x86_64,dacsgpu0002,,64,64,3.11.15,0.76,True,True,False,True,3,False,True,False,False,adam,False,hamqaoa,0.005,amplified_king,2,2,scs,1e-06,100000,False,False,False,hog,False,False,False,False,False,False,True,1,HOG_graphs/Exp5/list_388_graphs_adjacency_list_hog_v04-12_regular.txt,True,Results/warm_start_cache,512,60,0,16,1,1,0,0,5,0,5,10,1,False,_Exp6_KingAmplifiedWithHeuristic_rerun2508,1,,1,163,"[(0, 1), (4, 7), (1, 9), (3, 5), (2, 9), (0, 3), (6, 8), (2, 8), (4, 5), (5, 9), (4, 8), (0, 2), (3, 6), (6, 7), (1, 7)]","[1.0, 1.0, 1.0, 1.0, 1.0, 1.0, 1.0, 1.0, 1.0, 1.0, 1.0, 1.0, 1.0, 1.0, 1.0]"
ba007c4e,10,20,2,50.0,False,True,"[1, 1, 1]",10.468868467035792,21.076154042693975,10.538077021346988,6.579603132030834,6.360176347589937,6.249119257254813,6.579603132030838,6.579603132030838,"[5.344805926145708, 5.411903369276875, 5.478739747863321, 5.544947111405425, 5.610153295975513, 5.673987843744443, 5.736089599511393, 5.796115523852563, 5.853752178672655, 5.908728484004902, 5.960830416319321, 6.009916001697172, 6.055928183050938, 6.098901985280169, 6.138962433235278, 6.176309974198719, 6.211197072798584, 6.243902258940971, 6.274708149981024, 6.303888773256574, 6.331702244061404, 6.358387382467625, 6.384161412091077, 6.409217642278339, 6.43372289588062, 6.457815030283943, 6.481601304770225, 6.505158132815276, 6.528531436379493, 6.551738753865559, 6.574771464455711, 6.597598736381814, 6.620171841529602, 6.642428436448658, 6.664297071545432, 6.6857022890908615, 6.706568337658084, 6.726823106224706, 6.746401079518837, 6.7652458805103715, 6.78331192817879, 6.800565075430163, 6.816983014688946, 6.832554402450189, 6.847277921641353, 6.861161000836951, 6.874218148097301, 6.886468594022783, 6.897935070237774, 6.908642418426351, 6.91861636966148]",50,0.6284922914781659,,0.6780264752612837,1.3389942248133337,6.91861636966148,,0.6608752790663777,,,,188.2828767299652,4953.637430667877,True,4765.360872745514,0.006305217742919922,0.0,4765.360872745514,Results/warm_start_cache/list_388_graphs_adjacency_list_hog_v04-12_regular__filehash_5b7f8d46/hog_idx000277_636dd24995f4_noseed_L2_M2_amplified.npz,188.45143508911133,2026-08-25 15:09:38,x86_64,dacsgpu0002,,64,64,3.11.15,0.76,False,False,False,True,4,False,False,False,True,adam,False,hamqaoa,0.005,amplified_king,2,2,scs,1e-06,100000,False,False,False,hog,False,False,False,False,False,False,True,1,HOG_graphs/Exp5/list_388_graphs_adjacency_list_hog_v04-12_regular.txt,True,Results/warm_start_cache,512,60,0,16,1,1,0,0,5,0,5,10,1,False,_Exp6_KingAmplifiedWithHeuristic_rerun2508,1,,1,277,"[(7, 8), (0, 2), (6, 9), (5, 7), (3, 4), (2, 8), (4, 5), (1, 3), (0, 1), (1, 6), (0, 4), (1, 9), (6, 8), (5, 9), (2, 4), (3, 9), (2, 7), (0, 3), (5, 8), (6, 7)]","[1.0, 1.0, 1.0, 1.0, 1.0, 1.0, 1.0, 1.0, 1.0, 1.0, 1.0, 1.0, 1.0, 1.0, 1.0, 1.0, 1.0, 1.0, 1.0, 1.0]"
69bef39c,10,15,3,50.0,False,True,"[1, 1, 1]",8.943588601838165,18.154861637165347,9.077430818582673,5.540114227967943,5.317404459801606,5.358824391369585,5.54011422796794,5.540114227967944,"[4.746183663813969, 4.775454454136576, 4.803421242030066, 4.829953096603856, 4.854963308634736, 4.8784214891029904, 4.90036420750872, 4.920900779734418, 4.940204630763198, 4.958486203584922, 4.975951817263482, 4.9927658250520155, 5.009031503234929, 5.024792257616434, 5.040044941526458, 5.054757242860135, 5.0688834181402544, 5.082377173884586, 5.09520157610597, 5.10733534623276, 5.118776189126003, 5.129540967422798, 5.139663348908284, 5.149189287346115, 5.158171378043217, 5.166662581965022, 5.174712671602404, 5.1823664068625055, 5.189665899710697, 5.196654268232429, 5.203379480995154, 5.209895579487133, 5.216262796631446, 5.222547817379499, 5.228826245249487, 5.235186527441228, 5.2417333768426735, 5.248588798018662, 5.255891452310666, 5.263794793363181, 5.272465456889432, 5.282080102278692, 5.292821613645762, 5.304873759943754, 5.318411611234715, 5.333589394397307, 5.350524439934924, 5.369278694207406, 5.389838833886598, 5.412095588518974, 5.435824963084146]",50,0.6194509245236622,,8.881784197001252e-15,0.36257967319671813,5.540114227967944,,0.6194509245236628,,,,196.37217354774475,4698.583953142166,True,4502.218005895615,0.006194114685058594,0.0,4502.218005895615,Results/warm_start_cache/list_388_graphs_adjacency_list_hog_v04-12_regular__filehash_5b7f8d46/hog_idx000163_ad33026960cc_noseed_L2_M2_amplified.npz,196.52289867401123,2026-08-25 15:09:44,x86_64,dacsgpu0002,,64,64,3.11.15,1.01,True,True,False,True,3,False,True,False,False,adam,False,hamqaoa,0.005,amplified_king,2,2,scs,1e-06,100000,False,False,False,hog,False,False,False,False,False,False,True,1,HOG_graphs/Exp5/list_388_graphs_adjacency_list_hog_v04-12_regular.txt,True,Results/warm_start_cache,512,60,0,16,1,1,0,0,5,0,5,10,1,False,_Exp6_KingAmplifiedWithHeuristic_rerun2508,1,,1,163,"[(0, 1), (4, 7), (1, 9), (3, 5), (2, 9), (0, 3), (6, 8), (2, 8), (4, 5), (5, 9), (4, 8), (0, 2), (3, 6), (6, 7), (1, 7)]","[1.0, 1.0, 1.0, 1.0, 1.0, 1.0, 1.0, 1.0, 1.0, 1.0, 1.0, 1.0, 1.0, 1.0, 1.0]"
85d1564f,10,25,2,50.0,False,True,"[1, 1, 1]",11.54089257376802,23.550875803466276,11.775437901733138,8.437349152950336,7.080907621415965,8.349640675474419,8.437349152950341,8.437349152950341,"[6.5213738930827025, 6.5777201600254065, 6.633214874274668, 6.6877214027742555, 6.741118063636506, 6.793315166840462, 6.8442878073533056, 6.894127121049877, 6.9430595316811745, 6.9913473001733735, 7.039142943039755, 7.086454654594078, 7.13319700113426, 7.179240446362462, 7.22444056978265, 7.268655319713149, 7.311757573652723, 7.353645879475967, 7.394254166649944, 7.433560457910759, 7.471594097415114, 7.508440916167498, 7.54424433224096, 7.579201495412658, 7.613553753300272, 7.647569890133592, 7.681526597540221, 7.715685174778572, 7.750270377341786, 7.785451966918789, 7.8213313384463286, 7.857934054066915, 7.895207131112965, 7.933020662108503, 7.971172400198003, 8.009395603425672, 8.04736885582676, 8.084728602688731, 8.121083929488481, 8.156032972660604, 8.189181115545269, 8.220160960924364, 8.248653004759326, 8.274405015186954, 8.297250139673844, 8.317121002455712, 8.334057982015533, 8.348209955842716, 8.359826306915915, 8.369239845836786, 8.376841897159002]",50,0.7310828949338021,,0.0,0.17541695495184584,8.437349152950341,,0.7310828949338021,,,,196.02165389060974,5011.498411655426,True,4815.487107515335,0.010332822799682617,0.0,4815.487107515335,Results/warm_start_cache/list_388_graphs_adjacency_list_hog_v04-12_regular__filehash_5b7f8d46/hog_idx000364_4bf0b17a511a_noseed_L2_M2_amplified.npz,196.24228882789612,2026-08-25 15:09:44,x86_64,dacsgpu0002,,64,64,3.11.15,0.77,False,False,False,True,5,False,True,False,False,adam,False,hamqaoa,0.005,amplified_king,2,2,scs,1e-06,100000,False,False,False,hog,False,False,False,False,False,False,True,1,HOG_graphs/Exp5/list_388_graphs_adjacency_list_hog_v04-12_regular.txt,True,Results/warm_start_cache,512,60,0,16,1,1,0,0,5,0,5,10,1,False,_Exp6_KingAmplifiedWithHeuristic_rerun2508,1,,1,364,"[(2, 6), (3, 5), (7, 8), (0, 5), (0, 2), (1, 7), (6, 9), (2, 8), (4, 5), (3, 7), (4, 8), (8, 9), (1, 3), (0, 1), (1, 6), (0, 4), (6, 8), (5, 6), (5, 9), (2, 4), (3, 9), (4, 7), (7, 9), (0, 3), (1, 2)]","[1.0, 1.0, 1.0, 1.0, 1.0, 1.0, 1.0, 1.0, 1.0, 1.0, 1.0, 1.0, 1.0, 1.0, 1.0, 1.0, 1.0, 1.0, 1.0, 1.0, 1.0, 1.0, 1.0, 1.0, 1.0]"
f6fe4475,10,25,3,50.0,False,True,"[1, 1, 1]",11.54089257376802,23.550875803466276,11.775437901733138,8.437349152950336,7.080907621415965,8.349640675474419,8.437349152950341,8.437349152950341,"[6.668268623261877, 6.6901438977622485, 6.712095836897885, 6.733989632433126, 6.755684123846291, 6.777034096049265, 6.797894181423276, 6.81812549976444, 6.8376063303204555, 6.8562486767444755, 6.874022397426132, 6.8909813252862735, 6.907278394849251, 6.923145987565173, 6.938841153907459, 6.954592999311307, 6.9705788533165824, 6.986923950910843, 7.003710190732605, 7.0209851321351655, 7.038770129003617, 7.05706664663099, 7.075861017875519, 7.095127568344467, 7.114830654190818, 7.1349251333655905, 7.155356265700628, 7.176059673826067, 7.196961557658511, 7.217981132217547, 7.2390342518086594, 7.260039313304911, 7.280923965717883, 7.301631812898244, 7.322129335472638, 7.342411191093345, 7.362503047775892, 7.382461776694631, 7.4023725335328345, 7.422343133429999, 7.442496706418525, 7.4629625615123185, 7.4838675581184155, 7.50532688899654, 7.5274366334083185, 7.550267936562535, 7.573861858594777, 7.598226182290821, 7.62333324677339, 7.649119610865737, 7.675486958623704]",50,0.7310828949338021,,0.0,0.17541695495184584,8.437349152950341,,0.7310828949338021,,,,202.07585668563843,5017.541406154633,True,4815.487107515335,0.02154397964477539,0.0,4815.487107515335,Results/warm_start_cache/list_388_graphs_adjacency_list_hog_v04-12_regular__filehash_5b7f8d46/hog_idx000364_4bf0b17a511a_noseed_L2_M2_amplified.npz,202.3122181892395,2026-08-25 15:09:50,x86_64,dacsgpu0002,,64,64,3.11.15,1.01,False,False,False,True,5,False,True,False,False,adam,False,hamqaoa,0.005,amplified_king,2,2,scs,1e-06,100000,False,False,False,hog,False,False,False,False,False,False,True,1,HOG_graphs/Exp5/list_388_graphs_adjacency_list_hog_v04-12_regular.txt,True,Results/warm_start_cache,512,60,0,16,1,1,0,0,5,0,5,10,1,False,_Exp6_KingAmplifiedWithHeuristic_rerun2508,1,,1,364,"[(2, 6), (3, 5), (7, 8), (0, 5), (0, 2), (1, 7), (6, 9), (2, 8), (4, 5), (3, 7), (4, 8), (8, 9), (1, 3), (0, 1), (1, 6), (0, 4), (6, 8), (5, 6), (5, 9), (2, 4), (3, 9), (4, 7), (7, 9), (0, 3), (1, 2)]","[1.0, 1.0, 1.0, 1.0, 1.0, 1.0, 1.0, 1.0, 1.0, 1.0, 1.0, 1.0, 1.0, 1.0, 1.0, 1.0, 1.0, 1.0, 1.0, 1.0, 1.0, 1.0, 1.0, 1.0, 1.0]"
d1d6cbb1,10,20,3,50.0,False,True,"[1, 1, 1]",10.468868467035792,21.076154042693975,10.538077021346988,6.579603132030834,6.360176347589937,6.249119257254813,6.579603132030838,6.579603132030838,"[5.48426050649402, 5.513965253907546, 5.541699753949947, 5.567353465199371, 5.590809124982325, 5.611983478268544, 5.630838461290016, 5.647392967948136, 5.661733154544459, 5.6740210023538395, 5.684495011021303, 5.693460279385901, 5.701265967423317, 5.708275801563176, 5.714840709240169, 5.721281270797372, 5.727878767053564, 5.734873771075565, 5.742466485623154, 5.750818388475987, 5.760053689493627, 5.770261528808575, 5.781498221067215, 5.793790044332575, 5.807136905006138, 5.821515201176956, 5.836880465012351, 5.853168559189405, 5.870297244476258, 5.888166753748436, 5.906661649725825, 5.925652606190124, 5.944999414361433, 5.964554573899441, 5.984167539577235, 6.00369085141022, 6.022986106618861, 6.041931667432322, 6.06042853416072, 6.07840457014236, 6.095813286842845, 6.1126287207477805, 6.128835341966239, 6.1444164562706085, 6.1593444433880995, 6.173574675893843, 6.187045319008856, 6.199682180338253, 6.2114077965544645, 6.222151930897904, 6.231861895107807]",50,0.6284922914781659,,0.0,0.6609677495520501,6.579603132030838,,0.6284922914781659,,,,203.94074320793152,4969.260493993759,True,4765.360872745514,0.041106462478637695,0.0,4765.360872745514,Results/warm_start_cache/list_388_graphs_adjacency_list_hog_v04-12_regular__filehash_5b7f8d46/hog_idx000277_636dd24995f4_noseed_L2_M2_amplified.npz,204.4239330291748,2026-08-25 15:09:55,x86_64,dacsgpu0002,,64,64,3.11.15,1.05,False,False,False,True,4,False,False,False,True,adam,False,hamqaoa,0.005,amplified_king,2,2,scs,1e-06,100000,False,False,False,hog,False,False,False,False,False,False,True,1,HOG_graphs/Exp5/list_388_graphs_adjacency_list_hog_v04-12_regular.txt,True,Results/warm_start_cache,512,60,0,16,1,1,0,0,5,0,5,10,1,False,_Exp6_KingAmplifiedWithHeuristic_rerun2508,1,,1,277,"[(7, 8), (0, 2), (6, 9), (5, 7), (3, 4), (2, 8), (4, 5), (1, 3), (0, 1), (1, 6), (0, 4), (1, 9), (6, 8), (5, 9), (2, 4), (3, 9), (2, 7), (0, 3), (5, 8), (6, 7)]","[1.0, 1.0, 1.0, 1.0, 1.0, 1.0, 1.0, 1.0, 1.0, 1.0, 1.0, 1.0, 1.0, 1.0, 1.0, 1.0, 1.0, 1.0, 1.0, 1.0]"
1fe7bd8f,10,20,4,50.0,False,True,"[1, 1, 1]",10.468868467035792,21.076154042693975,10.538077021346988,6.579603132030834,6.360176347589937,6.249119257254813,6.579603132030838,6.579603132030838,"[4.983131678033719, 5.023016004468155, 5.061603682889455, 5.097876132434844, 5.1309225666348155, 5.160133907115001, 5.185456918698552, 5.20745002062319, 5.226941055291967, 5.244694523232895, 5.261344382135562, 5.277410364792302, 5.29330720728965, 5.309350801449746, 5.325770581867443, 5.3427293695303675, 5.360350625500194, 5.378749088193989, 5.398057960142846, 5.418444172889956, 5.440111267865818, 5.46328861971763, 5.488215141498737, 5.515119553176132, 5.544200448615866, 5.575606229510211, 5.609417220658175, 5.6456323856469375, 5.684161530349532, 5.724823285418837, 5.767347528755288, 5.811384522436768, 5.856521842690279, 5.9023133406531985, 5.9483225873200345, 5.994176042886568, 6.039613201435196, 6.084518421619685, 6.128920418574887, 6.172962001862968, 6.216851301691966, 6.260809497989023, 6.305021095867289, 6.349599707158325, 6.394574953442199, 6.439914129468087, 6.485316161478508, 6.52937637731227, 6.574309426150956, 6.620053721004, 6.666517140201512]",50,0.6284922914781659,,0.17382801634134815,0.8347957658933982,6.666517140201512,,0.6367944311453465,,,,209.361261844635,4974.711579322815,True,4765.360872745514,0.01053619384765625,0.0,4765.360872745514,Results/warm_start_cache/list_388_graphs_adjacency_list_hog_v04-12_regular__filehash_5b7f8d46/hog_idx000277_636dd24995f4_noseed_L2_M2_amplified.npz,209.99217128753662,2026-08-25 15:10:00,x86_64,dacsgpu0002,,64,64,3.11.15,1.25,False,False,False,True,4,False,False,False,True,adam,False,hamqaoa,0.005,amplified_king,2,2,scs,1e-06,100000,False,False,False,hog,False,False,False,False,False,False,True,1,HOG_graphs/Exp5/list_388_graphs_adjacency_list_hog_v04-12_regular.txt,True,Results/warm_start_cache,512,60,0,16,1,1,0,0,5,0,5,10,1,False,_Exp6_KingAmplifiedWithHeuristic_rerun2508,1,,1,277,"[(7, 8), (0, 2), (6, 9), (5, 7), (3, 4), (2, 8), (4, 5), (1, 3), (0, 1), (1, 6), (0, 4), (1, 9), (6, 8), (5, 9), (2, 4), (3, 9), (2, 7), (0, 3), (5, 8), (6, 7)]","[1.0, 1.0, 1.0, 1.0, 1.0, 1.0, 1.0, 1.0, 1.0, 1.0, 1.0, 1.0, 1.0, 1.0, 1.0, 1.0, 1.0, 1.0, 1.0, 1.0]"
4e906a26,10,15,4,50.0,False,True,"[1, 1, 1]",8.943588601838165,18.154861637165347,9.077430818582673,5.540114227967943,5.317404459801606,5.358824391369585,5.54011422796794,5.540114227967944,"[3.4200724532945084, 3.454111015181196, 3.4897556179306553, 3.527007600622697, 3.566137599976512, 3.6074253575585384, 3.6508110692676294, 3.696025163527572, 3.7427172062720238, 3.7904921062560213, 3.838918395350382, 3.88753195628948, 3.935846999303388, 3.9833776432496157, 4.029670992141349, 4.074351812926064, 4.117167018815077, 4.1579958824466345, 4.196810445626117, 4.233632061202019, 4.268519806931841, 4.301573703272033, 4.332935037497266, 4.362783410881027, 4.391332310985537, 4.41882443027312, 4.445523895773142, 4.47170300812855, 4.497623371040984, 4.523512753233346, 4.5495451860839236, 4.575828989571561, 4.602407151269074, 4.629270368922809, 4.656381548077931, 4.683707748181609, 4.711254266488414, 4.739089025487183, 4.767345455451905, 4.79619905507552, 4.825828847484164, 4.856384859841427, 4.887976508622713, 4.920681470715823, 4.954564111497443, 4.9896973415571715, 5.026176848398343, 5.064127485587315, 5.10369984083625, 5.145057681380256, 5.188355565430208]",50,0.6194509245236622,,8.881784197001252e-15,0.36257967319671813,5.540114227967944,,0.6194509245236628,,,,213.64801788330078,4715.859928846359,True,4502.218005895615,0.006079196929931641,0.0,4502.218005895615,Results/warm_start_cache/list_388_graphs_adjacency_list_hog_v04-12_regular__filehash_5b7f8d46/hog_idx000163_ad33026960cc_noseed_L2_M2_amplified.npz,213.76413750648499,2026-08-25 15:10:01,x86_64,dacsgpu0002,,64,64,3.11.15,1.25,True,True,False,True,3,False,True,False,False,adam,False,hamqaoa,0.005,amplified_king,2,2,scs,1e-06,100000,False,False,False,hog,False,False,False,False,False,False,True,1,HOG_graphs/Exp5/list_388_graphs_adjacency_list_hog_v04-12_regular.txt,True,Results/warm_start_cache,512,60,0,16,1,1,0,0,5,0,5,10,1,False,_Exp6_KingAmplifiedWithHeuristic_rerun2508,1,,1,163,"[(0, 1), (4, 7), (1, 9), (3, 5), (2, 9), (0, 3), (6, 8), (2, 8), (4, 5), (5, 9), (4, 8), (0, 2), (3, 6), (6, 7), (1, 7)]","[1.0, 1.0, 1.0, 1.0, 1.0, 1.0, 1.0, 1.0, 1.0, 1.0, 1.0, 1.0, 1.0, 1.0, 1.0]"
5a2cb6f7,10,25,4,50.0,False,True,"[1, 1, 1]",11.54089257376802,23.550875803466276,11.775437901733138,8.437349152950336,7.080907621415965,8.349640675474419,8.437349152950341,8.437349152950341,"[6.009146963101722, 6.049415452611358, 6.086800980046237, 6.12145592625882, 6.153751195334984, 6.184089818468274, 6.212893314688814, 6.240657923599814, 6.267943038821767, 6.295324758586489, 6.32333732694289, 6.352419856325585, 6.38288739165769, 6.414928747647843, 6.448622800267361, 6.48396043009876, 6.520868576775323, 6.559233847306296, 6.598928290977952, 6.639838602716743, 6.681893986557426, 6.725080403424916, 6.7694226090738265, 6.814939203104435, 6.861604505550344, 6.909344765311837, 6.958062255619493, 7.007666461641561, 7.05809635793943, 7.109333447617921, 7.16139854856611, 7.214337464421886, 7.268197632122615, 7.323003383988144, 7.378732572525242, 7.4353021209301104, 7.492563658234496, 7.550315641806774, 7.60833096533688, 7.666395013130828, 7.724343587628445, 7.782086671240559, 7.839610434461247, 7.896960013115901, 7.954208433668093, 8.011418179671544, 8.068604180164082, 8.125711745362471, 8.18260730857626, 8.23908464538266, 8.294885465663054]",50,0.7310828949338021,,0.0,0.17541695495184584,8.437349152950341,,0.7310828949338021,,,,212.81172847747803,5028.28736615181,True,4815.487107515335,0.011450767517089844,0.0,4815.487107515335,Results/warm_start_cache/list_388_graphs_adjacency_list_hog_v04-12_regular__filehash_5b7f8d46/hog_idx000364_4bf0b17a511a_noseed_L2_M2_amplified.npz,213.36930108070374,2026-08-25 15:10:02,x86_64,dacsgpu0002,,64,64,3.11.15,1.25,False,False,False,True,5,False,True,False,False,adam,False,hamqaoa,0.005,amplified_king,2,2,scs,1e-06,100000,False,False,False,hog,False,False,False,False,False,False,True,1,HOG_graphs/Exp5/list_388_graphs_adjacency_list_hog_v04-12_regular.txt,True,Results/warm_start_cache,512,60,0,16,1,1,0,0,5,0,5,10,1,False,_Exp6_KingAmplifiedWithHeuristic_rerun2508,1,,1,364,"[(2, 6), (3, 5), (7, 8), (0, 5), (0, 2), (1, 7), (6, 9), (2, 8), (4, 5), (3, 7), (4, 8), (8, 9), (1, 3), (0, 1), (1, 6), (0, 4), (6, 8), (5, 6), (5, 9), (2, 4), (3, 9), (4, 7), (7, 9), (0, 3), (1, 2)]","[1.0, 1.0, 1.0, 1.0, 1.0, 1.0, 1.0, 1.0, 1.0, 1.0, 1.0, 1.0, 1.0, 1.0, 1.0, 1.0, 1.0, 1.0, 1.0, 1.0, 1.0, 1.0, 1.0, 1.0, 1.0]"
259100cf,10,15,5,50.0,False,True,"[1, 1, 1]",8.943588601838165,18.154861637165347,9.077430818582673,5.540114227967943,5.317404459801606,5.358824391369585,5.54011422796794,5.540114227967944,"[3.4191478080323514, 3.474413184236449, 3.5266854043215607, 3.5752193899744023, 3.619443084689171, 3.659049649695733, 3.6940842439545505, 3.724937571925361, 3.752236333952606, 3.776738709997288, 3.79924940526689, 3.8205358893020596, 3.8412666209617465, 3.8619772741181877, 3.883061883691968, 3.9047824238288658, 3.9272920941066882, 3.950663526341825, 3.974915965826023, 4.000037595043705, 4.026001631365141, 4.052776448193794, 4.080331262101569, 4.108640086070501, 4.1376853257852595, 4.167461139296113, 4.197971585463893, 4.2292235947993015, 4.261215270427617, 4.293922037854648, 4.3272852183526895, 4.3612046872156, 4.395536620822376, 4.4300966942144955, 4.464669382668876, 4.4990258621660955, 4.532946698600503, 4.566243653951249, 4.598777562267615, 4.630466423618943, 4.661280303881964, 4.691226950568369, 4.720339881976361, 4.748672322182558, 4.776295061110437, 4.803285243498358, 4.829702943267854, 4.855565426016089, 4.880834080092802, 4.905418352755513, 4.929190634231014]",50,0.6194509245236622,,8.881784197001252e-15,0.36257967319671813,5.540114227967944,,0.6194509245236628,,,,215.01335644721985,4717.225053310394,True,4502.218005895615,0.006297111511230469,0.0,4502.218005895615,Results/warm_start_cache/list_388_graphs_adjacency_list_hog_v04-12_regular__filehash_5b7f8d46/hog_idx000163_ad33026960cc_noseed_L2_M2_amplified.npz,215.1286106109619,2026-08-25 15:10:03,x86_64,dacsgpu0002,,64,64,3.11.15,1.48,True,True,False,True,3,False,True,False,False,adam,False,hamqaoa,0.005,amplified_king,2,2,scs,1e-06,100000,False,False,False,hog,False,False,False,False,False,False,True,1,HOG_graphs/Exp5/list_388_graphs_adjacency_list_hog_v04-12_regular.txt,True,Results/warm_start_cache,512,60,0,16,1,1,0,0,5,0,5,10,1,False,_Exp6_KingAmplifiedWithHeuristic_rerun2508,1,,1,163,"[(0, 1), (4, 7), (1, 9), (3, 5), (2, 9), (0, 3), (6, 8), (2, 8), (4, 5), (5, 9), (4, 8), (0, 2), (3, 6), (6, 7), (1, 7)]","[1.0, 1.0, 1.0, 1.0, 1.0, 1.0, 1.0, 1.0, 1.0, 1.0, 1.0, 1.0, 1.0, 1.0, 1.0]"
d2329ae2,10,25,5,50.0,False,True,"[1, 1, 1]",11.54089257376802,23.550875803466276,11.775437901733138,8.437349152950336,7.080907621415965,8.349640675474419,8.437349152950341,8.437349152950341,"[6.423929920502642, 6.449000531529038, 6.472123098127268, 6.494954441935429, 6.517671978707838, 6.5401346958678515, 6.5621728029612, 6.583624526557316, 6.604367667474646, 6.6243438484042185, 6.643566898269476, 6.66211905249863, 6.680137256225567, 6.697788379060625, 6.715241973898539, 6.732641359007128, 6.750083442985201, 6.7676161303136855, 6.785236604426144, 6.802874027457729, 6.8203830439257285, 6.837575284894525, 6.854280036483539, 6.87040272008353, 6.885953154548945, 6.901027439072037, 6.915752476557452, 6.930230505225121, 6.944510239284699, 6.958594614432091, 6.972471254290998, 6.986147680396369, 6.999689520087057, 7.013254497005898, 7.027106459815197, 7.041603060669785, 7.057181287309629, 7.074366423702665, 7.093795805343843, 7.116242123519505, 7.142629319571788, 7.174033358009543, 7.211653695127328, 7.256733617565828, 7.310404843422374, 7.373451216185958, 7.446017450526458, 7.527320470125265, 7.615460135920345, 7.707487593427619, 7.799945197888232]",50,0.7310828949338021,,0.0,0.17541695495184584,8.437349152950341,,0.7310828949338021,,,,218.66711139678955,5034.137599468231,True,4815.487107515335,0.016607999801635742,0.0,4815.487107515335,Results/warm_start_cache/list_388_graphs_adjacency_list_hog_v04-12_regular__filehash_5b7f8d46/hog_idx000364_4bf0b17a511a_noseed_L2_M2_amplified.npz,219.06853199005127,2026-08-25 15:10:08,x86_64,dacsgpu0002,,64,64,3.11.15,1.49,False,False,False,True,5,False,True,False,False,adam,False,hamqaoa,0.005,amplified_king,2,2,scs,1e-06,100000,False,False,False,hog,False,False,False,False,False,False,True,1,HOG_graphs/Exp5/list_388_graphs_adjacency_list_hog_v04-12_regular.txt,True,Results/warm_start_cache,512,60,0,16,1,1,0,0,5,0,5,10,1,False,_Exp6_KingAmplifiedWithHeuristic_rerun2508,1,,1,364,"[(2, 6), (3, 5), (7, 8), (0, 5), (0, 2), (1, 7), (6, 9), (2, 8), (4, 5), (3, 7), (4, 8), (8, 9), (1, 3), (0, 1), (1, 6), (0, 4), (6, 8), (5, 6), (5, 9), (2, 4), (3, 9), (4, 7), (7, 9), (0, 3), (1, 2)]","[1.0, 1.0, 1.0, 1.0, 1.0, 1.0, 1.0, 1.0, 1.0, 1.0, 1.0, 1.0, 1.0, 1.0, 1.0, 1.0, 1.0, 1.0, 1.0, 1.0, 1.0, 1.0, 1.0, 1.0, 1.0]"
71c22f69,10,20,5,50.0,False,True,"[1, 1, 1]",10.468868467035792,21.076154042693975,10.538077021346988,6.579603132030834,6.360176347589937,6.249119257254813,6.579603132030838,6.579603132030838,"[5.246196321793498, 5.302765833704928, 5.355360200639621, 5.403128685666229, 5.445610128732509, 5.482898089723505, 5.515315003356201, 5.543177737959296, 5.566916717264233, 5.587148330058179, 5.604672164867732, 5.620392351487358, 5.635184985721086, 5.649758541361777, 5.66456267475785, 5.679779128008037, 5.695370181338835, 5.711145601031755, 5.72682582464337, 5.742091125841092, 5.756619038341184, 5.7701167257430335, 5.7823516441514995, 5.793176555294374, 5.802542139465023, 5.810498228386804, 5.817184503217225, 5.822812817587148, 5.827642944196381, 5.831951340132857, 5.8359979613254875, 5.839998596889926, 5.844112711454916, 5.848442426357646, 5.853039637344406, 5.857915852414689, 5.863055693514306, 5.868431249961085, 5.874018572046117, 5.879810493132409, 5.885826093113184, 5.892116658833319, 5.898768451251644, 5.905901393520135, 5.913663550713994, 5.922221910546659, 5.931751206087605, 5.942423203569004, 5.954399409653655, 5.96782543737738, 5.982826925197263]",50,0.6284922914781659,,0.0,0.6609677495520501,6.579603132030838,,0.6284922914781659,,,,217.99854493141174,4983.311970233917,True,4765.360872745514,0.04743456840515137,0.0,4765.360872745514,Results/warm_start_cache/list_388_graphs_adjacency_list_hog_v04-12_regular__filehash_5b7f8d46/hog_idx000277_636dd24995f4_noseed_L2_M2_amplified.npz,218.5974862575531,2026-08-25 15:10:09,x86_64,dacsgpu0002,,64,64,3.11.15,1.48,False,False,False,True,4,False,False,False,True,adam,False,hamqaoa,0.005,amplified_king,2,2,scs,1e-06,100000,False,False,False,hog,False,False,False,False,False,False,True,1,HOG_graphs/Exp5/list_388_graphs_adjacency_list_hog_v04-12_regular.txt,True,Results/warm_start_cache,512,60,0,16,1,1,0,0,5,0,5,10,1,False,_Exp6_KingAmplifiedWithHeuristic_rerun2508,1,,1,277,"[(7, 8), (0, 2), (6, 9), (5, 7), (3, 4), (2, 8), (4, 5), (1, 3), (0, 1), (1, 6), (0, 4), (1, 9), (6, 8), (5, 9), (2, 4), (3, 9), (2, 7), (0, 3), (5, 8), (6, 7)]","[1.0, 1.0, 1.0, 1.0, 1.0, 1.0, 1.0, 1.0, 1.0, 1.0, 1.0, 1.0, 1.0, 1.0, 1.0, 1.0, 1.0, 1.0, 1.0, 1.0]"
87305b54,10,20,1,50.0,False,True,"[1, 1, 1]",11.433265260813764,22.956639821473164,11.478319910736582,7.892623037274872,6.790102698355371,7.455835584575919,7.8926230372748725,7.8926230372748725,"[6.3945543634902196, 6.440080020866789, 6.485600699817539, 6.5310272872431225, 6.576267289010747, 6.621225383850711, 6.665804981745036, 6.709909097535855, 6.753442525192301, 6.7963136118765295, 6.838437101351771, 6.87973696429165, 6.920149744513182, 6.959628449059843, 6.998145828945264, 7.0356979239884465, 7.072306143310343, 7.108017855499168, 7.142904536541019, 7.177057118959413, 7.210578176337009, 7.243572497774676, 7.276136296663523, 7.308347788958798, 7.34026012921676, 7.371897247380798, 7.403253791992156, 7.434297567711805, 7.464974244876924, 7.495213532712561, 7.5249357269488, 7.554057710279499, 7.5825001254065265, 7.61019224611906, 7.63707721910944, 7.663115298586938, 7.688286562055794, 7.712591078205799, 7.7360475905149375, 7.758689929100279, 7.780561771083099, 7.801710506282096, 7.822180959079022, 7.842010099695278, 7.861223092522062, 7.879832009821405, 7.897836753540057, 7.915227357701148, 7.931988008827049, 7.948101686214711, 7.963554319738116]",50,0.6903209938044518,,0.14186256492648752,1.015437470324395,7.963554319738116,,0.6965249329981267,,,,180.70102739334106,4811.756390810013,True,4631.059499740601,0.004118680953979492,0.0,4631.059499740601,Results/warm_start_cache/list_388_graphs_adjacency_list_hog_v04-12_regular__filehash_5b7f8d46/hog_idx000318_7582824f45ac_noseed_L2_M2_amplified.npz,180.84352898597717,2026-08-25 15:16:33,x86_64,dacsgpu0002,,64,64,3.11.15,0.52,False,False,False,True,4,False,True,False,True,adam,False,hamqaoa,0.005,amplified_king,2,2,scs,1e-06,100000,False,False,False,hog,False,False,False,False,False,False,True,1,HOG_graphs/Exp5/list_388_graphs_adjacency_list_hog_v04-12_regular.txt,True,Results/warm_start_cache,512,60,0,16,1,1,0,0,5,0,5,10,1,False,_Exp6_KingAmplifiedWithHeuristic_rerun2508,1,,1,318,"[(2, 9), (4, 6), (0, 2), (5, 7), (3, 4), (2, 8), (4, 5), (3, 7), (0, 1), (1, 6), (0, 4), (1, 9), (6, 8), (5, 9), (3, 9), (2, 7), (0, 3), (1, 8), (5, 8), (6, 7)]","[1.0, 1.0, 1.0, 1.0, 1.0, 1.0, 1.0, 1.0, 1.0, 1.0, 1.0, 1.0, 1.0, 1.0, 1.0, 1.0, 1.0, 1.0, 1.0, 1.0]"
93a4e6ed,10,30,1,50.0,False,True,"[1, 1, 1]",12.903019361490777,26.241980560236993,13.120990280118496,9.788709290501629,8.038643804238026,9.714736231944785,9.78870929050163,9.788709290501625,"[9.059684601873274, 9.091380306413605, 9.122069522811916, 9.151719635904852, 9.180302779485094, 9.207796778508623, 9.2341852699246, 9.259458230003107, 9.28361234913641, 9.30665157973908, 9.3285874092583, 9.34943896815024, 9.369233344259797, 9.388005461035586, 9.405798110174366, 9.422661180638215, 9.438651232977389, 9.453830585234753, 9.468266172450226, 9.482028175077916, 9.495188397092711, 9.507818598404787, 9.519988581844666, 9.531764429792114, 9.54320685081658, 9.554369738104581, 9.565299080160978, 9.576032200742782, 9.58659758946154, 9.59701470105846, 9.607294515944552, 9.617440222156906, 9.62744838738458, 9.637309839696611, 9.647011096933877, 9.656535226740395, 9.66586342682328, 9.674976339588877, 9.683854532783826, 9.692479977129107, 9.700836644957972, 9.708910896100265, 9.716692126123212, 9.724172784785637, 9.731348852971143, 9.738219370850167, 9.744786301509746, 9.75105413390844, 9.7570295983636, 9.762721087036365, 9.768138023673913]",50,0.7586371078164973,,-1.0658141036401503e-14,0.14794611711367978,9.788709290501625,,0.7586371078164968,,,,184.38803696632385,4756.717559576035,True,4572.335458755493,0.005919456481933594,0.0,4572.335458755493,Results/warm_start_cache/list_388_graphs_adjacency_list_hog_v04-12_regular__filehash_5b7f8d46/hog_idx000166_5bdf4b15f014_noseed_L2_M2_amplified.npz,184.49684500694275,2026-08-25 15:16:37,x86_64,dacsgpu0002,,64,64,3.11.15,0.52,False,False,False,True,6,True,True,False,True,adam,False,hamqaoa,0.005,amplified_king,2,2,scs,1e-06,100000,False,False,False,hog,False,False,False,False,False,False,True,1,HOG_graphs/Exp5/list_388_graphs_adjacency_list_hog_v04-12_regular.txt,True,Results/warm_start_cache,512,60,0,16,1,1,0,0,5,0,5,10,1,False,_Exp6_KingAmplifiedWithHeuristic_rerun2508,1,,1,166,"[(2, 6), (3, 5), (4, 9), (7, 8), (0, 5), (1, 4), (0, 2), (1, 7), (6, 9), (2, 8), (4, 5), (3, 7), (4, 8), (8, 9), (1, 3), (0, 1), (0, 4), (6, 8), (5, 9), (3, 6), (2, 4), (3, 9), (2, 7), (7, 9), (0, 3), (1, 2), (0, 6), (1, 5), (5, 8), (6, 7)]","[1.0, 1.0, 1.0, 1.0, 1.0, 1.0, 1.0, 1.0, 1.0, 1.0, 1.0, 1.0, 1.0, 1.0, 1.0, 1.0, 1.0, 1.0, 1.0, 1.0, 1.0, 1.0, 1.0, 1.0, 1.0, 1.0, 1.0, 1.0, 1.0, 1.0]"
35d1d88a,10,20,1,50.0,False,True,"[1, 1, 1]",9.895812584322002,20.460379777385892,10.230189888692946,7.104250653172062,6.107079928367677,6.944440102348383,7.1042506531720635,7.104250653172061,"[5.117802146606799, 5.197020761136429, 5.2762641258289715, 5.355347788086273, 5.434082628999062, 5.512275721361053, 5.589731330539404, 5.666252227580724, 5.741640940571917, 5.815701461709924, 5.888241059448014, 5.959072339392774, 6.028015232215763, 6.094899564179153, 6.159567287944872, 6.2218750385925885, 6.281696732464768, 6.338925797661889, 6.393477658248485, 6.4452918132987325, 6.494333540467857, 6.540595032462611, 6.5840957360361845, 6.624881955659823, 6.663025273846341, 6.698619857785998, 6.731778500023994, 6.762627893520844, 6.791303443963761, 6.817943936220399, 6.842686919405744, 6.865664660356132, 6.887001794290931, 6.906814112605127, 6.9252081881271454, 6.942281980510658, 6.958125733493347, 6.97282318408596, 6.98645276245074, 6.999088714676413, 7.01080175481246, 7.021659752737138, 7.031728004081253, 7.041069610975165, 7.049745484342516, 7.057814202483007, 7.065331924090136, 7.072352130877789, 7.078925404162579, 7.085099323788469, 7.09091798258894]",50,0.7179047291606323,,-5.329070518200751e-15,0.31962110164735513,7.104250653172061,,0.7179047291606321,,,,187.46921968460083,4716.954285144806,True,4529.493427038193,0.008345603942871094,0.0,4529.493427038193,Results/warm_start_cache/list_388_graphs_adjacency_list_hog_v04-12_regular__filehash_5b7f8d46/hog_idx000283_4a2e6840a3ce_noseed_L2_M2_amplified.npz,187.73344540596008,2026-08-25 15:16:40,x86_64,dacsgpu0002,,64,64,3.11.15,0.52,False,False,False,True,4,False,False,False,True,adam,False,hamqaoa,0.005,amplified_king,2,2,scs,1e-06,100000,False,False,False,hog,False,False,False,False,False,False,True,1,HOG_graphs/Exp5/list_388_graphs_adjacency_list_hog_v04-12_regular.txt,True,Results/warm_start_cache,512,60,0,16,1,1,0,0,5,0,5,10,1,False,_Exp6_KingAmplifiedWithHeuristic_rerun2508,1,,1,283,"[(2, 3), (2, 9), (7, 8), (0, 2), (6, 9), (5, 7), (3, 4), (3, 7), (4, 8), (0, 1), (1, 6), (0, 4), (1, 9), (6, 8), (5, 9), (2, 4), (0, 3), (1, 5), (5, 8), (6, 7)]","[1.0, 1.0, 1.0, 1.0, 1.0, 1.0, 1.0, 1.0, 1.0, 1.0, 1.0, 1.0, 1.0, 1.0, 1.0, 1.0, 1.0, 1.0, 1.0, 1.0]"
f70598a5,10,20,2,50.0,False,True,"[1, 1, 1]",9.895812584322002,20.460379777385892,10.230189888692946,7.104250653172062,6.107079928367677,6.944440102348383,7.1042506531720635,7.104250653172061,"[4.772568021646186, 4.873549959089645, 4.97795758026579, 5.085205050630329, 5.194641218486463, 5.305547999278364, 5.417141188669885, 5.528574719371776, 5.638949076921634, 5.747325033838267, 5.85274391225875, 5.954255951556713, 6.050956931876652, 6.142034989795266, 6.226826402870624, 6.304877773304496, 6.3760079187059455, 6.4403573196506985, 6.498407343056368, 6.55095061260738, 6.5990030549947845, 6.643667879655119, 6.685983885849405, 6.726802448171087, 6.766719544334188, 6.806065677571673, 6.844937650194371, 6.883250347719348, 6.920793654404584, 6.957283721986501, 6.992406508223107, 7.025854238774839, 7.057353177897425, 7.086684888042626, 7.113700935413632, 7.13833144898601, 7.160587169334371, 7.180555093895681, 7.198388424542951, 7.214291774865822, 7.228502840953559, 7.241272725065383, 7.252846812632027, 7.263448390602174, 7.2732663520628815, 7.282447860655874, 7.291096330901094, 7.299274210496133, 7.3070095720416575, 7.314304824559276, 7.321147354386579]",50,0.7179047291606323,,0.4337934024290302,0.7534145040763907,7.321147354386579,,0.7398227575556068,,,,191.25944900512695,4720.746958971024,True,4529.493427038193,0.0059015750885009766,0.0,4529.493427038193,Results/warm_start_cache/list_388_graphs_adjacency_list_hog_v04-12_regular__filehash_5b7f8d46/hog_idx000283_4a2e6840a3ce_noseed_L2_M2_amplified.npz,191.4623682498932,2026-08-25 15:16:44,x86_64,dacsgpu0002,,64,64,3.11.15,0.76,False,False,False,True,4,False,False,False,True,adam,False,hamqaoa,0.005,amplified_king,2,2,scs,1e-06,100000,False,False,False,hog,False,False,False,False,False,False,True,1,HOG_graphs/Exp5/list_388_graphs_adjacency_list_hog_v04-12_regular.txt,True,Results/warm_start_cache,512,60,0,16,1,1,0,0,5,0,5,10,1,False,_Exp6_KingAmplifiedWithHeuristic_rerun2508,1,,1,283,"[(2, 3), (2, 9), (7, 8), (0, 2), (6, 9), (5, 7), (3, 4), (3, 7), (4, 8), (0, 1), (1, 6), (0, 4), (1, 9), (6, 8), (5, 9), (2, 4), (0, 3), (1, 5), (5, 8), (6, 7)]","[1.0, 1.0, 1.0, 1.0, 1.0, 1.0, 1.0, 1.0, 1.0, 1.0, 1.0, 1.0, 1.0, 1.0, 1.0, 1.0, 1.0, 1.0, 1.0, 1.0]"
61e7409b,10,20,2,50.0,False,True,"[1, 1, 1]",11.433265260813764,22.956639821473164,11.478319910736582,7.892623037274872,6.790102698355371,7.455835584575919,7.8926230372748725,7.8926230372748725,"[5.116065575061885, 5.165776016930907, 5.217552386502346, 5.271170179405817, 5.326397685060706, 5.3829908849352615, 5.440691339358149, 5.499226320636551, 5.558310188830932, 5.617647341584911, 5.676936023035176, 5.735873256147806, 5.7941600541484135, 5.85150821781956, 5.907647012383159, 5.9623301169473315, 6.015342516987406, 6.066507013426905, 6.115689178396749, 6.162801822587041, 6.207806718905207, 6.250714592725573, 6.2915820069230275, 6.330506268683894, 6.367617350778172, 6.403067890936393, 6.437022856115988, 6.46964815996182, 6.50110086650543, 6.531520889817367, 6.561024539928739, 6.589701062712494, 6.617611335475155, 6.6447886604647, 6.671240835061379, 6.696954228628033, 6.721897357678834, 6.746025860662102, 6.769286896115262, 6.7916237663807255, 6.812979862970907, 6.833302711426448, 6.852546974342384, 6.87067757795671, 6.8876720546006105, 6.903522201900109, 6.918235433924086, 6.931834868678159, 6.944359259215671, 6.95586214712315, 6.966409795941136]",50,0.6903209938044518,,0.0,0.8735749053979074,7.8926230372748725,,0.6903209938044518,,,,193.9277901649475,4824.979226350784,True,4631.059499740601,0.008049249649047852,0.0,4631.059499740601,Results/warm_start_cache/list_388_graphs_adjacency_list_hog_v04-12_regular__filehash_5b7f8d46/hog_idx000318_7582824f45ac_noseed_L2_M2_amplified.npz,194.03940415382385,2026-08-25 15:16:47,x86_64,dacsgpu0002,,64,64,3.11.15,0.76,False,False,False,True,4,False,True,False,True,adam,False,hamqaoa,0.005,amplified_king,2,2,scs,1e-06,100000,False,False,False,hog,False,False,False,False,False,False,True,1,HOG_graphs/Exp5/list_388_graphs_adjacency_list_hog_v04-12_regular.txt,True,Results/warm_start_cache,512,60,0,16,1,1,0,0,5,0,5,10,1,False,_Exp6_KingAmplifiedWithHeuristic_rerun2508,1,,1,318,"[(2, 9), (4, 6), (0, 2), (5, 7), (3, 4), (2, 8), (4, 5), (3, 7), (0, 1), (1, 6), (0, 4), (1, 9), (6, 8), (5, 9), (3, 9), (2, 7), (0, 3), (1, 8), (5, 8), (6, 7)]","[1.0, 1.0, 1.0, 1.0, 1.0, 1.0, 1.0, 1.0, 1.0, 1.0, 1.0, 1.0, 1.0, 1.0, 1.0, 1.0, 1.0, 1.0, 1.0, 1.0]"
571da604,10,30,2,50.0,False,True,"[1, 1, 1]",12.903019361490777,26.241980560236993,13.120990280118496,9.788709290501629,8.038643804238026,9.714736231944785,9.78870929050163,9.788709290501625,"[8.025663690212323, 8.065812950351148, 8.106846414767197, 8.148615172195946, 8.190972585623001, 8.23377346988622, 8.276875265868426, 8.320141148734297, 8.363444915895878, 8.406677471098005, 8.449752697650615, 8.492605143953906, 8.535178759149403, 8.577411245286964, 8.619229422757464, 8.66055795333797, 8.701334457714639, 8.741523243885661, 8.78112263287605, 8.820163975081545, 8.858700509081148, 8.89679348846656, 8.934499252738924, 8.971860840483302, 9.008906672244613, 9.045650487335067, 9.082094074889952, 9.118228229666348, 9.154034058655599, 9.189483247601848, 9.22453726865606, 9.259147579622411, 9.29325561987411, 9.326793634126803, 9.359685654432152, 9.391849230616053, 9.423197141986394, 9.453640817945166, 9.48309294900002, 9.511471104530239, 9.538700560102921, 9.564717497410959, 9.58947218375227, 9.612930573221655, 9.635076200784027, 9.655910513578563, 9.67545296367836, 9.693738991338046, 9.710817464714761, 9.726746888391332, 9.741592164644763]",50,0.7586371078164973,,-1.0658141036401503e-14,0.14794611711367978,9.788709290501625,,0.7586371078164968,,,,197.79160809516907,4770.121596336365,True,4572.335458755493,0.005450725555419922,0.0,4572.335458755493,Results/warm_start_cache/list_388_graphs_adjacency_list_hog_v04-12_regular__filehash_5b7f8d46/hog_idx000166_5bdf4b15f014_noseed_L2_M2_amplified.npz,197.9048810005188,2026-08-25 15:16:51,x86_64,dacsgpu0002,,64,64,3.11.15,0.77,False,False,False,True,6,True,True,False,True,adam,False,hamqaoa,0.005,amplified_king,2,2,scs,1e-06,100000,False,False,False,hog,False,False,False,False,False,False,True,1,HOG_graphs/Exp5/list_388_graphs_adjacency_list_hog_v04-12_regular.txt,True,Results/warm_start_cache,512,60,0,16,1,1,0,0,5,0,5,10,1,False,_Exp6_KingAmplifiedWithHeuristic_rerun2508,1,,1,166,"[(2, 6), (3, 5), (4, 9), (7, 8), (0, 5), (1, 4), (0, 2), (1, 7), (6, 9), (2, 8), (4, 5), (3, 7), (4, 8), (8, 9), (1, 3), (0, 1), (0, 4), (6, 8), (5, 9), (3, 6), (2, 4), (3, 9), (2, 7), (7, 9), (0, 3), (1, 2), (0, 6), (1, 5), (5, 8), (6, 7)]","[1.0, 1.0, 1.0, 1.0, 1.0, 1.0, 1.0, 1.0, 1.0, 1.0, 1.0, 1.0, 1.0, 1.0, 1.0, 1.0, 1.0, 1.0, 1.0, 1.0, 1.0, 1.0, 1.0, 1.0, 1.0, 1.0, 1.0, 1.0, 1.0, 1.0]"
e4f785c3,10,20,2,50.0,False,True,"[1, 1, 1]",10.024394480683538,20.578984220815997,10.289492110407998,7.439200245725058,6.130875579323029,7.247525707021422,7.439200245725066,7.439200245725066,"[5.1731666637129115, 5.256484996788935, 5.341921896359633, 5.429044868180195, 5.517401496088433, 5.6065196213867035, 5.6959087296465585, 5.785063368936447, 5.873467876040247, 5.960603068967835, 6.045954587557169, 6.129023276555924, 6.209337105895859, 6.286464863718967, 6.360031486308682, 6.429733079977785, 6.495352041554388, 6.556770129387898, 6.6139772889511805, 6.6670741071347885, 6.7162659815240655, 6.761848791290615, 6.804187441664507, 6.843689721167871, 6.880778882308566, 6.915868986168626, 6.949344476741787, 6.981545108058502, 7.0127573604274165, 7.04321094353968, 7.0730794487463715, 7.102484375452095, 7.131500873687103, 7.160164656516102, 7.188478685588089, 7.216420914652586, 7.243950442001868, 7.2710131851483935, 7.2975476196011515, 7.323489185205675, 7.348773374898677, 7.373339016672988, 7.397130304638309, 7.4200984342439, 7.442202417740865, 7.463409961696321, 7.483697350011097, 7.503049560864015, 7.521459731515728, 7.538928756532757, 7.555464545453487]",50,0.7421096865311914,,0.2325285994568418,0.6158776768641285,7.555464545453487,,0.7537078234513271,,,,197.93524193763733,5056.981710195541,True,4859.052687883377,0.006200551986694336,0.0,4859.052687883377,Results/warm_start_cache/list_388_graphs_adjacency_list_hog_v04-12_regular__filehash_5b7f8d46/hog_idx000307_9e63001a852c_noseed_L2_M2_amplified.npz,198.0891556739807,2026-08-25 15:16:51,x86_64,dacsgpu0002,,64,64,3.11.15,0.76,False,False,False,True,4,False,True,False,True,adam,False,hamqaoa,0.005,amplified_king,2,2,scs,1e-06,100000,False,False,False,hog,False,False,False,False,False,False,True,1,HOG_graphs/Exp5/list_388_graphs_adjacency_list_hog_v04-12_regular.txt,True,Results/warm_start_cache,512,60,0,16,1,1,0,0,5,0,5,10,1,False,_Exp6_KingAmplifiedWithHeuristic_rerun2508,1,,1,307,"[(0, 2), (1, 7), (6, 9), (5, 7), (3, 4), (2, 8), (2, 5), (8, 9), (0, 1), (0, 4), (1, 9), (5, 6), (3, 6), (2, 4), (3, 9), (4, 7), (0, 3), (1, 8), (5, 8), (6, 7)]","[1.0, 1.0, 1.0, 1.0, 1.0, 1.0, 1.0, 1.0, 1.0, 1.0, 1.0, 1.0, 1.0, 1.0, 1.0, 1.0, 1.0, 1.0, 1.0, 1.0]"
baa8b99d,10,20,3,50.0,False,True,"[1, 1, 1]",11.433265260813764,22.956639821473164,11.478319910736582,7.892623037274872,6.790102698355371,7.455835584575919,7.8926230372748725,7.8926230372748725,"[5.4323458886653, 5.4795468603638895, 5.527678629739099, 5.576342385734571, 5.625178423175659, 5.67388135324724, 5.72221841803577, 5.770047731728829, 5.817324669796933, 5.864082642644001, 5.910390495491492, 5.956315965958621, 6.001910969573885, 6.04721558836987, 6.0922753237472325, 6.137167822009159, 6.1820336304425485, 6.227096308482592, 6.27265107359115, 6.319009026164798, 6.366430633908193, 6.4150837489817185, 6.46502557689902, 6.5161933714942855, 6.568402425251642, 6.6213507666471765, 6.674635843862927, 6.727781237712112, 6.78027030258529, 6.831577972020418, 6.881191070001388, 6.92862684022948, 6.973462988714146, 7.015382942306987, 7.054218513608508, 7.089967504235651, 7.122778716422995, 7.152912299708299, 7.180693343712136, 7.206468691732945, 7.230566123688727, 7.253252174625465, 7.27469398685218, 7.294942461913971, 7.31394727797069, 7.331595089610273, 7.34776069863, 7.362353380020688, 7.375347989319869, 7.386795158015885, 7.396808500445895]",50,0.6903209938044518,,0.0,0.8735749053979074,7.8926230372748725,,0.6903209938044518,,,,204.08753442764282,4835.140826225281,True,4631.059499740601,0.0061914920806884766,0.0,4631.059499740601,Results/warm_start_cache/list_388_graphs_adjacency_list_hog_v04-12_regular__filehash_5b7f8d46/hog_idx000318_7582824f45ac_noseed_L2_M2_amplified.npz,204.24643564224243,2026-08-25 15:16:57,x86_64,dacsgpu0002,,64,64,3.11.15,1.01,False,False,False,True,4,False,True,False,True,adam,False,hamqaoa,0.005,amplified_king,2,2,scs,1e-06,100000,False,False,False,hog,False,False,False,False,False,False,True,1,HOG_graphs/Exp5/list_388_graphs_adjacency_list_hog_v04-12_regular.txt,True,Results/warm_start_cache,512,60,0,16,1,1,0,0,5,0,5,10,1,False,_Exp6_KingAmplifiedWithHeuristic_rerun2508,1,,1,318,"[(2, 9), (4, 6), (0, 2), (5, 7), (3, 4), (2, 8), (4, 5), (3, 7), (0, 1), (1, 6), (0, 4), (1, 9), (6, 8), (5, 9), (3, 9), (2, 7), (0, 3), (1, 8), (5, 8), (6, 7)]","[1.0, 1.0, 1.0, 1.0, 1.0, 1.0, 1.0, 1.0, 1.0, 1.0, 1.0, 1.0, 1.0, 1.0, 1.0, 1.0, 1.0, 1.0, 1.0, 1.0]"
d99edf55,10,30,3,50.0,False,True,"[1, 1, 1]",12.903019361490777,26.241980560236993,13.120990280118496,9.788709290501629,8.038643804238026,9.714736231944785,9.78870929050163,9.788709290501625,"[7.8286399592053355, 7.8478343063815, 7.867222936231221, 7.886274749208842, 7.904473821096645, 7.921369693720442, 7.936649328247856, 7.950172489851099, 7.961909508891933, 7.971908790137301, 7.980358537532013, 7.987641672596138, 7.99431171710751, 8.000973900490395, 8.008133514863449, 8.01610748959505, 8.025028734860708, 8.034892965523383, 8.045602756315436, 8.057002915661034, 8.06890094501118, 8.081087466753205, 8.093354155912795, 8.105518231399369, 8.117448295222589, 8.129090874985396, 8.140487944622917, 8.151777048685483, 8.163169515729674, 8.174912434908826, 8.187248026016807, 8.20038197025966, 8.214468299807907, 8.229606207155514, 8.245844255570498, 8.263188224373332, 8.281612479455582, 8.301073915821505, 8.321529641678564, 8.342957306101392, 8.365377636402004, 8.388869560771417, 8.413575006109898, 8.439684938744797, 8.467408810761317, 8.496934345461927, 8.528388931816687, 8.561813943414801, 8.597153206970498, 8.634252986203174, 8.6728693799935]",50,0.7586371078164973,,-1.0658141036401503e-14,0.14794611711367978,9.788709290501625,,0.7586371078164968,,,,207.16148281097412,4779.48866724968,True,4572.335458755493,0.008257865905761719,0.0,4572.335458755493,Results/warm_start_cache/list_388_graphs_adjacency_list_hog_v04-12_regular__filehash_5b7f8d46/hog_idx000166_5bdf4b15f014_noseed_L2_M2_amplified.npz,207.27119421958923,2026-08-25 15:17:00,x86_64,dacsgpu0002,,64,64,3.11.15,1.02,False,False,False,True,6,True,True,False,True,adam,False,hamqaoa,0.005,amplified_king,2,2,scs,1e-06,100000,False,False,False,hog,False,False,False,False,False,False,True,1,HOG_graphs/Exp5/list_388_graphs_adjacency_list_hog_v04-12_regular.txt,True,Results/warm_start_cache,512,60,0,16,1,1,0,0,5,0,5,10,1,False,_Exp6_KingAmplifiedWithHeuristic_rerun2508,1,,1,166,"[(2, 6), (3, 5), (4, 9), (7, 8), (0, 5), (1, 4), (0, 2), (1, 7), (6, 9), (2, 8), (4, 5), (3, 7), (4, 8), (8, 9), (1, 3), (0, 1), (0, 4), (6, 8), (5, 9), (3, 6), (2, 4), (3, 9), (2, 7), (7, 9), (0, 3), (1, 2), (0, 6), (1, 5), (5, 8), (6, 7)]","[1.0, 1.0, 1.0, 1.0, 1.0, 1.0, 1.0, 1.0, 1.0, 1.0, 1.0, 1.0, 1.0, 1.0, 1.0, 1.0, 1.0, 1.0, 1.0, 1.0, 1.0, 1.0, 1.0, 1.0, 1.0, 1.0, 1.0, 1.0, 1.0, 1.0]"
9dd129ef,10,20,3,50.0,False,True,"[1, 1, 1]",10.024394480683538,20.578984220815997,10.289492110407998,7.439200245725058,6.130875579323029,7.247525707021422,7.439200245725066,7.439200245725066,"[5.697326631742597, 5.7343078939388175, 5.770306839873367, 5.805460317918562, 5.839601453804242, 5.87255994174459, 5.904254804486829, 5.934782472427218, 5.964404016518607, 5.993432190786328, 6.022096215602346, 6.050481844227724, 6.078551833501145, 6.106161194841982, 6.13306689736002, 6.158944582917069, 6.183412337424426, 6.20606426935628, 6.2265118056367506, 6.244435157973052, 6.2596460708785795, 6.2721622546437885, 6.282279750740458, 6.290602397942103, 6.29795450146902, 6.305169448207551, 6.312888102508439, 6.321487387825406, 6.331109741558938, 6.341726513065131, 6.353196509511366, 6.365315024051696, 6.377850979489925, 6.390577297149611, 6.403293106453803, 6.415841899001532, 6.428122500642894, 6.4400950293403545, 6.45178062340551, 6.463255614328889, 6.474639495422532, 6.486078478562793, 6.497725227639508, 6.5097188983103385, 6.522168229811173, 6.535141446768035, 6.548664489086632, 6.562727356765679, 6.577297595731142, 6.592337392863708, 6.607821118810451]",50,0.7421096865311914,,0.0,0.38334907740728674,7.439200245725066,,0.7421096865311914,,,,208.21696639060974,5067.263885498047,True,4859.052687883377,0.005753517150878906,0.0,4859.052687883377,Results/warm_start_cache/list_388_graphs_adjacency_list_hog_v04-12_regular__filehash_5b7f8d46/hog_idx000307_9e63001a852c_noseed_L2_M2_amplified.npz,208.4223198890686,2026-08-25 15:17:01,x86_64,dacsgpu0002,,64,64,3.11.15,1.0,False,False,False,True,4,False,True,False,True,adam,False,hamqaoa,0.005,amplified_king,2,2,scs,1e-06,100000,False,False,False,hog,False,False,False,False,False,False,True,1,HOG_graphs/Exp5/list_388_graphs_adjacency_list_hog_v04-12_regular.txt,True,Results/warm_start_cache,512,60,0,16,1,1,0,0,5,0,5,10,1,False,_Exp6_KingAmplifiedWithHeuristic_rerun2508,1,,1,307,"[(0, 2), (1, 7), (6, 9), (5, 7), (3, 4), (2, 8), (2, 5), (8, 9), (0, 1), (0, 4), (1, 9), (5, 6), (3, 6), (2, 4), (3, 9), (4, 7), (0, 3), (1, 8), (5, 8), (6, 7)]","[1.0, 1.0, 1.0, 1.0, 1.0, 1.0, 1.0, 1.0, 1.0, 1.0, 1.0, 1.0, 1.0, 1.0, 1.0, 1.0, 1.0, 1.0, 1.0, 1.0]"
193ce49f,10,20,4,50.0,False,True,"[1, 1, 1]",11.433265260813764,22.956639821473164,11.478319910736582,7.892623037274872,6.790102698355371,7.455835584575919,7.8926230372748725,7.8926230372748725,"[4.596200406150875, 4.645407614524841, 4.695041125695866, 4.744714752109043, 4.794101138417059, 4.843006230166672, 4.8914255781319715, 4.939568789154854, 4.987805578716369, 5.036508394633546, 5.085962874263706, 5.136388571550861, 5.187969556925514, 5.240860149512902, 5.295196190234469, 5.351120691093409, 5.408810033190787, 5.468479057576886, 5.530351038316033, 5.5945973872594426, 5.661268961910412, 5.730246938832158, 5.801226780655159, 5.873732914804182, 5.947150026815751, 6.020762687148272, 6.093796762387306, 6.165463269010449, 6.235001547876546, 6.301723086165313, 6.3650540185542805, 6.4245726774576175, 6.480038975121092, 6.5314095034073665, 6.578835121734217, 6.622636722366538, 6.663263498919526, 6.701240707386748, 6.737117911968079, 6.771425991767798, 6.804648759048066, 6.837207858548705, 6.869459532770871, 6.901698094682479, 6.934164818834537, 6.967057433724577, 7.000541372516899, 7.034758557341014, 7.069834179363904, 7.105880363852719, 7.142994998659743]",50,0.6903209938044518,,0.0,0.8735749053979074,7.8926230372748725,,0.6903209938044518,,,,212.63330626487732,4843.687117576599,True,4631.059499740601,0.0056722164154052734,0.0,4631.059499740601,Results/warm_start_cache/list_388_graphs_adjacency_list_hog_v04-12_regular__filehash_5b7f8d46/hog_idx000318_7582824f45ac_noseed_L2_M2_amplified.npz,212.7430076599121,2026-08-25 15:17:05,x86_64,dacsgpu0002,,64,64,3.11.15,1.25,False,False,False,True,4,False,True,False,True,adam,False,hamqaoa,0.005,amplified_king,2,2,scs,1e-06,100000,False,False,False,hog,False,False,False,False,False,False,True,1,HOG_graphs/Exp5/list_388_graphs_adjacency_list_hog_v04-12_regular.txt,True,Results/warm_start_cache,512,60,0,16,1,1,0,0,5,0,5,10,1,False,_Exp6_KingAmplifiedWithHeuristic_rerun2508,1,,1,318,"[(2, 9), (4, 6), (0, 2), (5, 7), (3, 4), (2, 8), (4, 5), (3, 7), (0, 1), (1, 6), (0, 4), (1, 9), (6, 8), (5, 9), (3, 9), (2, 7), (0, 3), (1, 8), (5, 8), (6, 7)]","[1.0, 1.0, 1.0, 1.0, 1.0, 1.0, 1.0, 1.0, 1.0, 1.0, 1.0, 1.0, 1.0, 1.0, 1.0, 1.0, 1.0, 1.0, 1.0, 1.0]"
7ccb4c9e,10,20,4,50.0,False,True,"[1, 1, 1]",10.024394480683538,20.578984220815997,10.289492110407998,7.439200245725058,6.130875579323029,7.247525707021422,7.439200245725066,7.439200245725066,"[4.512032942231625, 4.565501385565456, 4.619277923709818, 4.672007437009003, 4.722468243935712, 4.76963214158465, 4.812726726060017, 4.851288792349229, 4.885201409368119, 4.914703522737706, 4.940359797360878, 4.9629789935877175, 4.983483616673028, 5.002761192215037, 5.02154882602674, 5.040381559247866, 5.059595777100061, 5.07936241611953, 5.099727809178052, 5.120650987902143, 5.142031880524181, 5.163734338378364, 5.185601097581221, 5.207466022174198, 5.229164081073668, 5.250540339378561, 5.271458280463985, 5.291808459847041, 5.311515311962772, 5.33054286906666, 5.348897290092352, 5.366625290964919, 5.383811677620762, 5.400574520929094, 5.41706028283397, 5.433439645400526, 5.449904377997133, 5.466663601721221, 5.483940464778652, 5.501969609994888, 5.52099510095497, 5.541269418295809, 5.563053985472806, 5.58661965540269, 5.6122491322279915, 5.640237531043686, 5.670892395642526, 5.704529761291092, 5.741466389880066, 5.782008721756637, 5.8264399585091]",50,0.7421096865311914,,0.0,0.38334907740728674,7.439200245725066,,0.7421096865311914,,,,215.68016171455383,5074.727848529816,True,4859.052687883377,0.004984855651855469,0.0,4859.052687883377,Results/warm_start_cache/list_388_graphs_adjacency_list_hog_v04-12_regular__filehash_5b7f8d46/hog_idx000307_9e63001a852c_noseed_L2_M2_amplified.npz,215.83422660827637,2026-08-25 15:17:08,x86_64,dacsgpu0002,,64,64,3.11.15,1.24,False,False,False,True,4,False,True,False,True,adam,False,hamqaoa,0.005,amplified_king,2,2,scs,1e-06,100000,False,False,False,hog,False,False,False,False,False,False,True,1,HOG_graphs/Exp5/list_388_graphs_adjacency_list_hog_v04-12_regular.txt,True,Results/warm_start_cache,512,60,0,16,1,1,0,0,5,0,5,10,1,False,_Exp6_KingAmplifiedWithHeuristic_rerun2508,1,,1,307,"[(0, 2), (1, 7), (6, 9), (5, 7), (3, 4), (2, 8), (2, 5), (8, 9), (0, 1), (0, 4), (1, 9), (5, 6), (3, 6), (2, 4), (3, 9), (4, 7), (0, 3), (1, 8), (5, 8), (6, 7)]","[1.0, 1.0, 1.0, 1.0, 1.0, 1.0, 1.0, 1.0, 1.0, 1.0, 1.0, 1.0, 1.0, 1.0, 1.0, 1.0, 1.0, 1.0, 1.0, 1.0]"
5e274823,10,30,4,50.0,False,True,"[1, 1, 1]",12.903019361490777,26.241980560236993,13.120990280118496,9.788709290501629,8.038643804238026,9.714736231944785,9.78870929050163,9.788709290501625,"[7.422648262542865, 7.44598774921879, 7.469062733899997, 7.491801844848452, 7.514195678130411, 7.536296744775773, 7.558210772764563, 7.5800803334568085, 7.6020581859475636, 7.624274643680668, 7.646790671585281, 7.669540336908744, 7.692268116366995, 7.714486533198809, 7.735503999427369, 7.754584090727433, 7.771247064458217, 7.7855718264401235, 7.798224271088098, 7.810092979352457, 7.821833348435324, 7.833738184059134, 7.845859981809445, 7.85814235338244, 7.870485890612452, 7.882771403155632, 7.8948633125303465, 7.906621766548372, 7.9179228367610195, 7.928691282889119, 7.938928056913091, 7.948724958302922, 7.958251239828802, 7.967714331098905, 7.977308649887637, 7.987176497839117, 7.9973938733668275, 8.007980720720376, 8.018925202898236, 8.030213059033706, 8.041851876790464, 8.05388665846053, 8.066407932572522, 8.079549206107751, 8.09347935923387, 8.108386962134247, 8.124464830233013, 8.141895993592442, 8.160851036887703, 8.181492927462703, 8.203987044636868]",50,0.7586371078164973,,-1.0658141036401503e-14,0.14794611711367978,9.788709290501625,,0.7586371078164968,,,,219.58759760856628,4791.913168668747,True,4572.335458755493,0.009868860244750977,0.0,4572.335458755493,Results/warm_start_cache/list_388_graphs_adjacency_list_hog_v04-12_regular__filehash_5b7f8d46/hog_idx000166_5bdf4b15f014_noseed_L2_M2_amplified.npz,219.7025911808014,2026-08-25 15:17:12,x86_64,dacsgpu0002,,64,64,3.11.15,1.25,False,False,False,True,6,True,True,False,True,adam,False,hamqaoa,0.005,amplified_king,2,2,scs,1e-06,100000,False,False,False,hog,False,False,False,False,False,False,True,1,HOG_graphs/Exp5/list_388_graphs_adjacency_list_hog_v04-12_regular.txt,True,Results/warm_start_cache,512,60,0,16,1,1,0,0,5,0,5,10,1,False,_Exp6_KingAmplifiedWithHeuristic_rerun2508,1,,1,166,"[(2, 6), (3, 5), (4, 9), (7, 8), (0, 5), (1, 4), (0, 2), (1, 7), (6, 9), (2, 8), (4, 5), (3, 7), (4, 8), (8, 9), (1, 3), (0, 1), (0, 4), (6, 8), (5, 9), (3, 6), (2, 4), (3, 9), (2, 7), (7, 9), (0, 3), (1, 2), (0, 6), (1, 5), (5, 8), (6, 7)]","[1.0, 1.0, 1.0, 1.0, 1.0, 1.0, 1.0, 1.0, 1.0, 1.0, 1.0, 1.0, 1.0, 1.0, 1.0, 1.0, 1.0, 1.0, 1.0, 1.0, 1.0, 1.0, 1.0, 1.0, 1.0, 1.0, 1.0, 1.0, 1.0, 1.0]"
3e9111f1,10,20,5,50.0,False,True,"[1, 1, 1]",11.433265260813764,22.956639821473164,11.478319910736582,7.892623037274872,6.790102698355371,7.455835584575919,7.8926230372748725,7.8926230372748725,"[5.252792120260732, 5.270495641120184, 5.286444142241006, 5.3015085118118765, 5.3155875035376345, 5.328607813268486, 5.340780306545551, 5.352543312442826, 5.36433482665564, 5.3764683088493594, 5.38911494851924, 5.402303173965735, 5.415949622729963, 5.429872101991729, 5.443777255548606, 5.457285094823551, 5.469998977391176, 5.481594341663592, 5.491864035839468, 5.500757390389646, 5.508382759523508, 5.514972805952929, 5.52085121610339, 5.526384782724725, 5.531930093398986, 5.537789955254287, 5.544166822593596, 5.55114853542408, 5.5587401965664665, 5.5669110352599, 5.5756393829421915, 5.584947259580641, 5.594925791796785, 5.605774233399095, 5.617848640391485, 5.631663437579976, 5.647810230032051, 5.666843404152894, 5.689202729728647, 5.715204740392751, 5.745092447448874, 5.779125942568564, 5.817637295897742, 5.860952569622233, 5.909306030833035, 5.962859348851352, 6.02173553575189, 6.085508293796893, 6.1517779642509165, 6.223042697363439, 6.29868015280707]",50,0.6903209938044518,,0.0,0.8735749053979074,7.8926230372748725,,0.6903209938044518,,,,221.20972394943237,4852.26380777359,True,4631.059499740601,0.005399465560913086,0.0,4631.059499740601,Results/warm_start_cache/list_388_graphs_adjacency_list_hog_v04-12_regular__filehash_5b7f8d46/hog_idx000318_7582824f45ac_noseed_L2_M2_amplified.npz,221.32034254074097,2026-08-25 15:17:14,x86_64,dacsgpu0002,,64,64,3.11.15,1.48,False,False,False,True,4,False,True,False,True,adam,False,hamqaoa,0.005,amplified_king,2,2,scs,1e-06,100000,False,False,False,hog,False,False,False,False,False,False,True,1,HOG_graphs/Exp5/list_388_graphs_adjacency_list_hog_v04-12_regular.txt,True,Results/warm_start_cache,512,60,0,16,1,1,0,0,5,0,5,10,1,False,_Exp6_KingAmplifiedWithHeuristic_rerun2508,1,,1,318,"[(2, 9), (4, 6), (0, 2), (5, 7), (3, 4), (2, 8), (4, 5), (3, 7), (0, 1), (1, 6), (0, 4), (1, 9), (6, 8), (5, 9), (3, 9), (2, 7), (0, 3), (1, 8), (5, 8), (6, 7)]","[1.0, 1.0, 1.0, 1.0, 1.0, 1.0, 1.0, 1.0, 1.0, 1.0, 1.0, 1.0, 1.0, 1.0, 1.0, 1.0, 1.0, 1.0, 1.0, 1.0]"
840589d5,10,20,5,50.0,False,True,"[1, 1, 1]",10.024394480683538,20.578984220815997,10.289492110407998,7.439200245725058,6.130875579323029,7.247525707021422,7.439200245725066,7.439200245725066,"[4.998297877032517, 5.041079510749118, 5.080719551452558, 5.1172909036589855, 5.151181459410693, 5.182816928275032, 5.212552742412101, 5.240668663127148, 5.267324242458137, 5.292545630724287, 5.316289355851358, 5.338515027726657, 5.359219483073917, 5.378442091821985, 5.396258585113719, 5.412779193926216, 5.4281491688414505, 5.4425500062372265, 5.456199986790355, 5.4693489566463045, 5.482269519122268, 5.495240943969019, 5.508528396211854, 5.522356610486051, 5.536886453521873, 5.5522002603218406, 5.568298247994493, 5.585107448437968, 5.602497870190749, 5.620303964165819, 5.638346095625748, 5.6564493493914165, 5.674457142010223, 5.6922370887325, 5.709679707335769, 5.726692775686311, 5.7431953273917, 5.759114688440304, 5.774386641225911, 5.788960341077808, 5.802805475258933, 5.81592042346164, 5.8283415717873925, 5.84015274442533, 5.851491067699741, 5.862543906458004, 5.873534305445832, 5.884697628826741, 5.896255312315875, 5.908394184837725, 5.921254931781499]",50,0.7421096865311914,,0.0,0.38334907740728674,7.439200245725066,,0.7421096865311914,,,,223.13058876991272,5082.176580667496,True,4859.052687883377,0.006677865982055664,0.0,4859.052687883377,Results/warm_start_cache/list_388_graphs_adjacency_list_hog_v04-12_regular__filehash_5b7f8d46/hog_idx000307_9e63001a852c_noseed_L2_M2_amplified.npz,223.25783443450928,2026-08-25 15:17:16,x86_64,dacsgpu0002,,64,64,3.11.15,1.48,False,False,False,True,4,False,True,False,True,adam,False,hamqaoa,0.005,amplified_king,2,2,scs,1e-06,100000,False,False,False,hog,False,False,False,False,False,False,True,1,HOG_graphs/Exp5/list_388_graphs_adjacency_list_hog_v04-12_regular.txt,True,Results/warm_start_cache,512,60,0,16,1,1,0,0,5,0,5,10,1,False,_Exp6_KingAmplifiedWithHeuristic_rerun2508,1,,1,307,"[(0, 2), (1, 7), (6, 9), (5, 7), (3, 4), (2, 8), (2, 5), (8, 9), (0, 1), (0, 4), (1, 9), (5, 6), (3, 6), (2, 4), (3, 9), (4, 7), (0, 3), (1, 8), (5, 8), (6, 7)]","[1.0, 1.0, 1.0, 1.0, 1.0, 1.0, 1.0, 1.0, 1.0, 1.0, 1.0, 1.0, 1.0, 1.0, 1.0, 1.0, 1.0, 1.0, 1.0, 1.0]"
4ccb51ea,10,30,5,50.0,False,True,"[1, 1, 1]",12.903019361490777,26.241980560236993,13.120990280118496,9.788709290501629,8.038643804238026,9.714736231944785,9.78870929050163,9.788709290501625,"[7.42137822561928, 7.459442876998995, 7.498249931463262, 7.537570740024977, 7.57804931706124, 7.619935667461433, 7.662930542525926, 7.70649454167016, 7.749722098008731, 7.791391075093838, 7.830167682721579, 7.8648532071109, 7.894725570007164, 7.919849326648238, 7.940916421131013, 7.958859468305316, 7.974642882750204, 7.989090825563758, 8.002758410616263, 8.01590598446386, 8.028563226301554, 8.040650449485932, 8.052120116764229, 8.063054246822979, 8.073647606960998, 8.084089504958722, 8.094474157848271, 8.104800334345143, 8.11501386769605, 8.125047923044455, 8.134849207601707, 8.144398667186486, 8.153729721560081, 8.16294402576914, 8.17221951148838, 8.181799912106658, 8.19196658692203, 8.202999893954308, 8.215156184041385, 8.2286646676169, 8.243746654982361, 8.260642069456113, 8.279633870621922, 8.30106635289156, 8.325351355538077, 8.352960119440695, 8.384393650901918, 8.420137114956749, 8.460599284008719, 8.506054832860334, 8.556592031647122]",50,0.7586371078164973,,-1.0658141036401503e-14,0.14794611711367978,9.788709290501625,,0.7586371078164968,,,,226.96382117271423,4799.293040037155,True,4572.335458755493,0.006227731704711914,0.0,4572.335458755493,Results/warm_start_cache/list_388_graphs_adjacency_list_hog_v04-12_regular__filehash_5b7f8d46/hog_idx000166_5bdf4b15f014_noseed_L2_M2_amplified.npz,227.11423206329346,2026-08-25 15:17:20,x86_64,dacsgpu0002,,64,64,3.11.15,1.49,False,False,False,True,6,True,True,False,True,adam,False,hamqaoa,0.005,amplified_king,2,2,scs,1e-06,100000,False,False,False,hog,False,False,False,False,False,False,True,1,HOG_graphs/Exp5/list_388_graphs_adjacency_list_hog_v04-12_regular.txt,True,Results/warm_start_cache,512,60,0,16,1,1,0,0,5,0,5,10,1,False,_Exp6_KingAmplifiedWithHeuristic_rerun2508,1,,1,166,"[(2, 6), (3, 5), (4, 9), (7, 8), (0, 5), (1, 4), (0, 2), (1, 7), (6, 9), (2, 8), (4, 5), (3, 7), (4, 8), (8, 9), (1, 3), (0, 1), (0, 4), (6, 8), (5, 9), (3, 6), (2, 4), (3, 9), (2, 7), (7, 9), (0, 3), (1, 2), (0, 6), (1, 5), (5, 8), (6, 7)]","[1.0, 1.0, 1.0, 1.0, 1.0, 1.0, 1.0, 1.0, 1.0, 1.0, 1.0, 1.0, 1.0, 1.0, 1.0, 1.0, 1.0, 1.0, 1.0, 1.0, 1.0, 1.0, 1.0, 1.0, 1.0, 1.0, 1.0, 1.0, 1.0, 1.0]"
f855f549,9,18,1,50.0,False,True,"[1, 1, 1]",10.02203520869047,20.39751130575934,10.19875565287967,6.754053433071467,6.00407349908681,6.516507131754793,6.75405343307147,6.75405343307147,"[6.334913042851105, 6.36863696320758, 6.401693130083144, 6.433995112743236, 6.465458169030916, 6.496000376595115, 6.5255437603063395, 6.554015344344057, 6.581349159304078, 6.607487956096558, 6.63238527141175, 6.6560075141706125, 6.678336033282534, 6.699369283361355, 6.719124168656931, 6.737636973352224, 6.754963283392827, 6.771176779915132, 6.7863666912957665, 6.800633475680115, 6.814083841043067, 6.826824792865766, 6.838957714914947, 6.850573138385593, 6.861746575098705, 6.872536151119689, 6.8829818807299805, 6.893106513180071, 6.902917265063554, 6.912408735724465, 6.921565915120627, 6.930367677954477, 6.93878951193762, 6.946806582141584, 6.954396066508706, 6.961539059379721, 6.968222041777192, 6.974437820157636, 6.980186241650291, 6.985474141919426, 6.990315064361022, 6.994728677275465, 6.998739634634868, 7.002376324211827, 7.005669494337494, 7.0086506709980885, 7.011350896631302, 7.013799407128442, 7.016022727593586, 7.018044034477603, 7.0198828446108035]",50,0.6739203457611869,,0.5316588230786667,1.0067514257120216,7.0198828446108035,,0.7004448396393188,,,,36.910218238830566,1809.7020471096039,True,1772.7963652610779,0.004514217376708984,0.0,1772.7963652610779,Results/warm_start_cache/list_388_graphs_adjacency_list_hog_v04-12_regular__filehash_5b7f8d46/hog_idx000186_1a0f891b2117_noseed_L2_M2_amplified.npz,37.06788492202759,2026-08-25 15:21:24,x86_64,dacsgpu0002,,64,64,3.11.15,0.31,False,False,False,True,4,False,False,False,True,adam,False,hamqaoa,0.005,amplified_king,2,2,scs,1e-06,100000,False,False,False,hog,False,False,False,False,False,False,True,1,HOG_graphs/Exp5/list_388_graphs_adjacency_list_hog_v04-12_regular.txt,True,Results/warm_start_cache,512,60,0,16,1,1,0,0,5,0,5,10,1,False,_Exp6_KingAmplifiedWithHeuristic_rerun2508,1,,1,186,"[(2, 7), (0, 1), (1, 6), (0, 4), (4, 7), (3, 5), (0, 3), (4, 6), (6, 8), (1, 8), (7, 8), (1, 5), (2, 8), (3, 7), (2, 5), (4, 5), (0, 2), (3, 6)]","[1.0, 1.0, 1.0, 1.0, 1.0, 1.0, 1.0, 1.0, 1.0, 1.0, 1.0, 1.0, 1.0, 1.0, 1.0, 1.0, 1.0, 1.0]"
3d6d81aa,9,18,2,50.0,False,True,"[1, 1, 1]",10.02203520869047,20.39751130575934,10.19875565287967,6.754053433071467,6.00407349908681,6.516507131754793,6.75405343307147,6.75405343307147,"[4.359693156317698, 4.394531315995745, 4.4326844127198, 4.4738846141407835, 4.517849165417578, 4.564285332581846, 4.612926133212879, 4.6636379695025685, 4.716599751350495, 4.772239251910148, 4.830766819236065, 4.891985769008295, 4.955415276731125, 5.020392718111044, 5.086122992249936, 5.151712324242964, 5.216205259021393, 5.278632778803581, 5.338075555166787, 5.393744577841223, 5.44507657453318, 5.491833110234321, 5.534178839004446, 5.572702727647022, 5.6083487548985715, 5.6422581784023285, 5.675571048682055, 5.709259603727538, 5.744035541481549, 5.780334019190591, 5.818347422186518, 5.8580801894126004, 5.89940533655523, 5.942112539312384, 5.98594558726273, 6.030628857347477, 6.0758854699369635, 6.121447880718612, 6.167063368849362, 6.212495581936807, 6.257523060443043, 6.301936409547849, 6.345534292678748, 6.388120130386038, 6.4295002222014705, 6.469484022151808, 6.507886562656075, 6.544533476209652, 6.579267340812282, 6.611955484189696, 6.642497348093433]",50,0.6739203457611869,,0.0,0.47509260263335484,6.75405343307147,,0.6739203457611869,,,,47.47177481651306,1820.2632806301117,True,1772.7963652610779,0.004838705062866211,0.0,1772.7963652610779,Results/warm_start_cache/list_388_graphs_adjacency_list_hog_v04-12_regular__filehash_5b7f8d46/hog_idx000186_1a0f891b2117_noseed_L2_M2_amplified.npz,47.60237979888916,2026-08-25 15:21:35,x86_64,dacsgpu0002,,64,64,3.11.15,0.37,False,False,False,True,4,False,False,False,True,adam,False,hamqaoa,0.005,amplified_king,2,2,scs,1e-06,100000,False,False,False,hog,False,False,False,False,False,False,True,1,HOG_graphs/Exp5/list_388_graphs_adjacency_list_hog_v04-12_regular.txt,True,Results/warm_start_cache,512,60,0,16,1,1,0,0,5,0,5,10,1,False,_Exp6_KingAmplifiedWithHeuristic_rerun2508,1,,1,186,"[(2, 7), (0, 1), (1, 6), (0, 4), (4, 7), (3, 5), (0, 3), (4, 6), (6, 8), (1, 8), (7, 8), (1, 5), (2, 8), (3, 7), (2, 5), (4, 5), (0, 2), (3, 6)]","[1.0, 1.0, 1.0, 1.0, 1.0, 1.0, 1.0, 1.0, 1.0, 1.0, 1.0, 1.0, 1.0, 1.0, 1.0, 1.0, 1.0, 1.0]"
7ac536dc,9,18,3,50.0,False,True,"[1, 1, 1]",10.02203520869047,20.39751130575934,10.19875565287967,6.754053433071467,6.00407349908681,6.516507131754793,6.75405343307147,6.75405343307147,"[4.809267384325288, 4.835741921033771, 4.862395617735287, 4.889074537811917, 4.915682476932431, 4.942207298592416, 4.968708302174016, 4.9953076757451855, 5.0221772895753904, 5.04945688678959, 5.077181785049184, 5.105294903775847, 5.133684538498599, 5.162205922469441, 5.190695615131933, 5.218982619529269, 5.246896955406119, 5.274276110484769, 5.300973316883712, 5.326867909605423, 5.351877778990751, 5.375971033373895, 5.3991699005638365, 5.421539022996165, 5.443159477973757, 5.464103689112867, 5.484423967605866, 5.504154845050978, 5.52331827452512, 5.541929804562969, 5.560002212502866, 5.577547273599423, 5.594574966838129, 5.611090825106853, 5.627097273106664, 5.642599428784617, 5.657616189149321, 5.672194888560068, 5.686431986306325, 5.700498235921306, 5.714662741693988, 5.729299372678386, 5.744861624799171, 5.761836768036649, 5.780713228232089, 5.801975090472873, 5.8261087139002825, 5.853599302546698, 5.884908298487031, 5.920432195997046, 5.960427983325329]",50,0.6739203457611869,,0.0,0.47509260263335484,6.75405343307147,,0.6739203457611869,,,,59.62651062011719,1832.4185011386871,True,1772.7963652610779,0.004357576370239258,0.0,1772.7963652610779,Results/warm_start_cache/list_388_graphs_adjacency_list_hog_v04-12_regular__filehash_5b7f8d46/hog_idx000186_1a0f891b2117_noseed_L2_M2_amplified.npz,59.825862646102905,2026-08-25 15:21:47,x86_64,dacsgpu0002,,64,64,3.11.15,0.44,False,False,False,True,4,False,False,False,True,adam,False,hamqaoa,0.005,amplified_king,2,2,scs,1e-06,100000,False,False,False,hog,False,False,False,False,False,False,True,1,HOG_graphs/Exp5/list_388_graphs_adjacency_list_hog_v04-12_regular.txt,True,Results/warm_start_cache,512,60,0,16,1,1,0,0,5,0,5,10,1,False,_Exp6_KingAmplifiedWithHeuristic_rerun2508,1,,1,186,"[(2, 7), (0, 1), (1, 6), (0, 4), (4, 7), (3, 5), (0, 3), (4, 6), (6, 8), (1, 8), (7, 8), (1, 5), (2, 8), (3, 7), (2, 5), (4, 5), (0, 2), (3, 6)]","[1.0, 1.0, 1.0, 1.0, 1.0, 1.0, 1.0, 1.0, 1.0, 1.0, 1.0, 1.0, 1.0, 1.0, 1.0, 1.0, 1.0, 1.0]"
c0200ef6,9,18,4,50.0,False,True,"[1, 1, 1]",10.02203520869047,20.39751130575934,10.19875565287967,6.754053433071467,6.00407349908681,6.516507131754793,6.75405343307147,6.75405343307147,"[4.083796362300475, 4.1217168816486875, 4.158623119639147, 4.194182672033466, 4.22813376056698, 4.260298119842563, 4.290597631221543, 4.3190741319853325, 4.345904704109909, 4.371390988833232, 4.395905888696763, 4.419808700124876, 4.443369597868795, 4.4667341197761665, 4.489923948805195, 4.512859347810873, 4.535387176853925, 4.557308428424836, 4.578404208111164, 4.598462099654999, 4.617304566023609, 4.634820219973571, 4.650996118153495, 4.665944969903393, 4.679913261862877, 4.693257094197134, 4.706378510822191, 4.7196421365546035, 4.73330823607049, 4.747507787591814, 4.762256390663222, 4.777494865388698, 4.793140616026248, 4.809140577689622, 4.825511676727175, 4.842360361546968, 4.859876165329476, 4.878302170718031, 4.897894489404597, 4.918883657378213, 4.941445475611332, 4.965683780677566, 4.991624448228122, 5.0192186145314945, 5.048354985500167, 5.078877583664201, 5.110604714666659, 5.143344379465167, 5.176902608783023, 5.211085355425515, 5.245699160593098]",50,0.6739203457611869,,0.0,0.47509260263335484,6.75405343307147,,0.6739203457611869,,,,71.4140305519104,1844.205619096756,True,1772.7963652610779,0.004759073257446289,0.0,1772.7963652610779,Results/warm_start_cache/list_388_graphs_adjacency_list_hog_v04-12_regular__filehash_5b7f8d46/hog_idx000186_1a0f891b2117_noseed_L2_M2_amplified.npz,71.7725875377655,2026-08-25 15:22:50,x86_64,dacsgpu0002,,64,64,3.11.15,0.48,False,False,False,True,4,False,False,False,True,adam,False,hamqaoa,0.005,amplified_king,2,2,scs,1e-06,100000,False,False,False,hog,False,False,False,False,False,False,True,1,HOG_graphs/Exp5/list_388_graphs_adjacency_list_hog_v04-12_regular.txt,True,Results/warm_start_cache,512,60,0,16,1,1,0,0,5,0,5,10,1,False,_Exp6_KingAmplifiedWithHeuristic_rerun2508,1,,1,186,"[(2, 7), (0, 1), (1, 6), (0, 4), (4, 7), (3, 5), (0, 3), (4, 6), (6, 8), (1, 8), (7, 8), (1, 5), (2, 8), (3, 7), (2, 5), (4, 5), (0, 2), (3, 6)]","[1.0, 1.0, 1.0, 1.0, 1.0, 1.0, 1.0, 1.0, 1.0, 1.0, 1.0, 1.0, 1.0, 1.0, 1.0, 1.0, 1.0, 1.0]"
b20147dd,10,15,1,50.0,False,True,"[1, 1, 1]",9.070201589156996,18.245194932247962,9.122597466123981,6.6357472120703225,5.3690879613558815,6.29832595459922,6.635747212070326,6.635747212070326,"[5.864638646521757, 5.90588945293574, 5.945967274800364, 5.984798539963992, 6.022315674160942, 6.05845856616612, 6.09317670410763, 6.126431397983216, 6.158198514142139, 6.188470937448243, 6.217261232959886, 6.244603705824972, 6.270555839307308, 6.295198291287395, 6.318633319199593, 6.340980697099279, 6.362371740151812, 6.382941117504789, 6.402817991366849, 6.422117694010525, 6.440934837438542, 6.459339019161511, 6.477373635673696, 6.495056995653798, 6.512385830556153, 6.529340124968725, 6.545888121942435, 6.561991650535875, 6.577610982978706, 6.5927089029264945, 6.607254253069886, 6.621224478088277, 6.63460720598063, 6.647401045039039, 6.659615331977876, 6.6712690619595465, 6.682388786098788, 6.693006126460658, 6.70315498973274, 6.712868555983319, 6.7221767737348275, 6.73110446878613, 6.739670124946847, 6.747885673425979, 6.755756913350483, 6.763284604027108, 6.7704659089796975, 6.777296290172828, 6.783771195283239, 6.789887568212579, 6.795645031025193]",50,0.731598647157198,,0.3197956379097331,0.9946381528519446,6.795645031025193,,0.7492275628304744,,,,162.07515501976013,4707.917185544968,True,4545.8491423130035,0.0070934295654296875,0.0,4545.8491423130035,Results/warm_start_cache/list_388_graphs_adjacency_list_hog_v04-12_regular__filehash_5b7f8d46/hog_idx000224_91566bd7bc7e_noseed_L2_M2_amplified.npz,162.2180666923523,2026-08-25 15:23:29,x86_64,dacsgpu0002,,64,64,3.11.15,0.52,False,True,False,True,3,False,False,False,False,adam,False,hamqaoa,0.005,amplified_king,2,2,scs,1e-06,100000,False,False,False,hog,False,False,False,False,False,False,True,1,HOG_graphs/Exp5/list_388_graphs_adjacency_list_hog_v04-12_regular.txt,True,Results/warm_start_cache,512,60,0,16,1,1,0,0,5,0,5,10,1,False,_Exp6_KingAmplifiedWithHeuristic_rerun2508,1,,1,224,"[(3, 9), (0, 1), (5, 8), (2, 6), (1, 9), (5, 7), (2, 9), (0, 3), (4, 6), (1, 8), (4, 5), (3, 7), (4, 8), (0, 2), (6, 7)]","[1.0, 1.0, 1.0, 1.0, 1.0, 1.0, 1.0, 1.0, 1.0, 1.0, 1.0, 1.0, 1.0, 1.0, 1.0]"
616726c4,10,20,1,50.0,False,True,"[1, 1, 1]",10.398717886651689,20.965354794033928,10.482677397016964,6.5595867806999335,6.324523524995064,6.23789560651344,6.559586780699938,6.559586780699933,"[6.316230809328916, 6.3324068227237476, 6.348347059394489, 6.364042490240487, 6.379482839372626, 6.3946563472239335, 6.409550105360041, 6.424150074968605, 6.43844145316555, 6.4524089638030935, 6.466037140205734, 6.479310900922336, 6.492215958046205, 6.504739592337396, 6.5168710130680205, 6.528602326020515, 6.53992880137028, 6.5508497195161866, 6.561368721452959, 6.571493942064873, 6.58123798442041, 6.59061742642553, 6.599652045558424, 6.608363836929914, 6.6167756250194, 6.624909630954262, 6.632786224969481, 6.640422885211404, 6.647833185505736, 6.6550266595174286, 6.662008906956429, 6.668781726502284, 6.67534425979253, 6.681693430195849, 6.687825208034511, 6.693735419647236, 6.699420759410793, 6.704879361464006, 6.710111295015687, 6.7151188089217015, 6.719906454826989, 6.724480813426065, 6.728850182182452, 6.733024087384626, 6.737012720052221, 6.74082638291903, 6.7444747651989, 6.747966729375567, 6.75130983881979, 6.754510377764082, 6.757573286079265]",50,0.6308072641455299,,0.3959730107586541,1.0393553591316493,6.757573286079265,,0.6498467753177171,,,,164.91381168365479,4667.932873725891,True,4503.024321556091,0.0052433013916015625,0.0,4503.024321556091,Results/warm_start_cache/list_388_graphs_adjacency_list_hog_v04-12_regular__filehash_5b7f8d46/hog_idx000134_74033d211f54_noseed_L2_M2_amplified.npz,165.03587460517883,2026-08-25 15:23:32,x86_64,dacsgpu0002,,64,64,3.11.15,0.52,False,False,False,True,4,False,True,True,True,adam,False,hamqaoa,0.005,amplified_king,2,2,scs,1e-06,100000,False,False,False,hog,False,False,False,False,False,False,True,1,HOG_graphs/Exp5/list_388_graphs_adjacency_list_hog_v04-12_regular.txt,True,Results/warm_start_cache,512,60,0,16,1,1,0,0,5,0,5,10,1,False,_Exp6_KingAmplifiedWithHeuristic_rerun2508,1,,1,134,"[(2, 6), (4, 9), (0, 2), (1, 7), (5, 7), (3, 4), (2, 8), (3, 7), (4, 8), (8, 9), (0, 1), (1, 6), (0, 4), (5, 6), (5, 9), (3, 9), (0, 3), (1, 2), (5, 8), (6, 7)]","[1.0, 1.0, 1.0, 1.0, 1.0, 1.0, 1.0, 1.0, 1.0, 1.0, 1.0, 1.0, 1.0, 1.0, 1.0, 1.0, 1.0, 1.0, 1.0, 1.0]"
278892d5,10,20,2,50.0,False,True,"[1, 1, 1]",10.398717886651689,20.965354794033928,10.482677397016964,6.5595867806999335,6.324523524995064,6.23789560651344,6.559586780699938,6.559586780699933,"[5.364665310459571, 5.409630946175058, 5.4551227624727465, 5.500904976287841, 5.54674615095964, 5.592411922405036, 5.637665851861539, 5.682272011522626, 5.7259993312457995, 5.768627077408445, 5.809950967734825, 5.849790009854479, 5.887993930640313, 5.924450497915207, 5.959092610576646, 5.991904345179319, 6.022924408686407, 6.052246051217638, 6.080012135729312, 6.106405052021457, 6.131632052982559, 6.155908271296441, 6.179440149655418, 6.202411735848289, 6.2249762589466435, 6.2472519763452325, 6.26932214247426, 6.291238116280694, 6.31302326785997, 6.334677609252202, 6.3561827259571855, 6.377506322155383, 6.3986062115209394, 6.419433758508151, 6.439937213164979, 6.460064249702709, 6.479764067480961, 6.498989151207483, 6.51769650146292, 6.53584807783973, 6.553411638544803, 6.570360793358248, 6.586674889972248, 6.602338795971467, 6.617342281937721, 6.631679624135663, 6.6453488485608325, 6.658351134663953, 6.670690061684624, 6.682371057563071, 6.693400902395515]",50,0.6308072641455299,,0.26762824339115454,0.9110105917641498,6.693400902395515,,0.6436755930255111,,,,178.2527916431427,4681.271807670593,True,4503.024321556091,0.005289554595947266,0.0,4503.024321556091,Results/warm_start_cache/list_388_graphs_adjacency_list_hog_v04-12_regular__filehash_5b7f8d46/hog_idx000134_74033d211f54_noseed_L2_M2_amplified.npz,178.45310926437378,2026-08-25 15:23:46,x86_64,dacsgpu0002,,64,64,3.11.15,0.76,False,False,False,True,4,False,True,True,True,adam,False,hamqaoa,0.005,amplified_king,2,2,scs,1e-06,100000,False,False,False,hog,False,False,False,False,False,False,True,1,HOG_graphs/Exp5/list_388_graphs_adjacency_list_hog_v04-12_regular.txt,True,Results/warm_start_cache,512,60,0,16,1,1,0,0,5,0,5,10,1,False,_Exp6_KingAmplifiedWithHeuristic_rerun2508,1,,1,134,"[(2, 6), (4, 9), (0, 2), (1, 7), (5, 7), (3, 4), (2, 8), (3, 7), (4, 8), (8, 9), (0, 1), (1, 6), (0, 4), (5, 6), (5, 9), (3, 9), (0, 3), (1, 2), (5, 8), (6, 7)]","[1.0, 1.0, 1.0, 1.0, 1.0, 1.0, 1.0, 1.0, 1.0, 1.0, 1.0, 1.0, 1.0, 1.0, 1.0, 1.0, 1.0, 1.0, 1.0, 1.0]"
0bc3b32a,10,15,2,50.0,False,True,"[1, 1, 1]",9.070201589156996,18.245194932247962,9.122597466123981,6.6357472120703225,5.3690879613558815,6.29832595459922,6.635747212070326,6.635747212070326,"[4.648449541354132, 4.717446851663984, 4.787939845243686, 4.859770933916088, 4.932796656821968, 5.006920436286625, 5.082127322005269, 5.158455329189065, 5.235883475805227, 5.314259212639658, 5.393312945341145, 5.4726932003462405, 5.55199065765751, 5.630753135088797, 5.708498098929341, 5.784727759011015, 5.858947887461274, 5.930694483897564, 5.999569988174052, 6.065288987457153, 6.127722039261746, 6.186907379913653, 6.2430038027590875, 6.296204515592719, 6.346672131207218, 6.39451891331864, 6.4398118026145745, 6.482582010430285, 6.5228325896612835, 6.560545845147915, 6.595691527361959, 6.62823635752051, 6.658154586054468, 6.6854390984616145, 6.710111127303105, 6.73222872248327, 6.751891921354568, 6.769243931974919, 6.7844676097355965, 6.797776169460871, 6.809399630537012, 6.819569624901187, 6.828505201380487, 6.836402877906514, 6.843431837310768, 6.849734297184603, 6.855429117013443, 6.860616603665468, 6.865383057675938, 6.869804793073057, 6.873949695174871]",50,0.731598647157198,,0.4764049662090901,1.1512474811513016,6.873949695174871,,0.7578607407571137,,,,180.1841368675232,4726.028013467789,True,4545.8491423130035,0.005250692367553711,0.0,4545.8491423130035,Results/warm_start_cache/list_388_graphs_adjacency_list_hog_v04-12_regular__filehash_5b7f8d46/hog_idx000224_91566bd7bc7e_noseed_L2_M2_amplified.npz,180.2974534034729,2026-08-25 15:23:47,x86_64,dacsgpu0002,,64,64,3.11.15,0.76,False,True,False,True,3,False,False,False,False,adam,False,hamqaoa,0.005,amplified_king,2,2,scs,1e-06,100000,False,False,False,hog,False,False,False,False,False,False,True,1,HOG_graphs/Exp5/list_388_graphs_adjacency_list_hog_v04-12_regular.txt,True,Results/warm_start_cache,512,60,0,16,1,1,0,0,5,0,5,10,1,False,_Exp6_KingAmplifiedWithHeuristic_rerun2508,1,,1,224,"[(3, 9), (0, 1), (5, 8), (2, 6), (1, 9), (5, 7), (2, 9), (0, 3), (4, 6), (1, 8), (4, 5), (3, 7), (4, 8), (0, 2), (6, 7)]","[1.0, 1.0, 1.0, 1.0, 1.0, 1.0, 1.0, 1.0, 1.0, 1.0, 1.0, 1.0, 1.0, 1.0, 1.0]"
d0486f68,10,15,3,50.0,False,True,"[1, 1, 1]",9.070201589156996,18.245194932247962,9.122597466123981,6.6357472120703225,5.3690879613558815,6.29832595459922,6.635747212070326,6.635747212070326,"[4.359414296787937, 4.379178289321387, 4.398679422957272, 4.418415012768959, 4.438916668837291, 4.460440499399649, 4.483085818844958, 4.506893835081791, 4.531871787886918, 4.557999539923825, 4.585234399451473, 4.613517459244529, 4.642779921784777, 4.672947345074492, 4.7039360175122376, 4.735639176171973, 4.767907407079809, 4.800535456254748, 4.833263783061207, 4.865796141589549, 4.897832254446624, 4.929111872281779, 4.959462110614724, 4.98882128301623, 5.01723271820642, 5.044830314343779, 5.071814503736997, 5.0984122843648505, 5.124830845791657, 5.151221857245642, 5.1776656861379315, 5.204174791053421, 5.230706907972887, 5.257181948422613, 5.283497042948677, 5.309536238448785, 5.335175092369041, 5.3602825918795265, 5.384725051549857, 5.408374539188572, 5.431123515063808, 5.452901117459141, 5.473685613629185, 5.493507972822782, 5.5124429627215665, 5.530589522717349, 5.548047775850123, 5.564900328564304, 5.581203604327366, 5.596989603213144, 5.612274961571528]",50,0.731598647157198,,0.0,0.6748425149422115,6.635747212070326,,0.731598647157198,,,,185.6038680076599,4731.446387767792,True,4545.8491423130035,0.006605625152587891,0.0,4545.8491423130035,Results/warm_start_cache/list_388_graphs_adjacency_list_hog_v04-12_regular__filehash_5b7f8d46/hog_idx000224_91566bd7bc7e_noseed_L2_M2_amplified.npz,185.79421663284302,2026-08-25 15:23:53,x86_64,dacsgpu0002,,64,64,3.11.15,1.0,False,True,False,True,3,False,False,False,False,adam,False,hamqaoa,0.005,amplified_king,2,2,scs,1e-06,100000,False,False,False,hog,False,False,False,False,False,False,True,1,HOG_graphs/Exp5/list_388_graphs_adjacency_list_hog_v04-12_regular.txt,True,Results/warm_start_cache,512,60,0,16,1,1,0,0,5,0,5,10,1,False,_Exp6_KingAmplifiedWithHeuristic_rerun2508,1,,1,224,"[(3, 9), (0, 1), (5, 8), (2, 6), (1, 9), (5, 7), (2, 9), (0, 3), (4, 6), (1, 8), (4, 5), (3, 7), (4, 8), (0, 2), (6, 7)]","[1.0, 1.0, 1.0, 1.0, 1.0, 1.0, 1.0, 1.0, 1.0, 1.0, 1.0, 1.0, 1.0, 1.0, 1.0]"
1421f27a,10,20,3,50.0,False,True,"[1, 1, 1]",10.398717886651689,20.965354794033928,10.482677397016964,6.5595867806999335,6.324523524995064,6.23789560651344,6.559586780699938,6.559586780699933,"[5.804316893990228, 5.830234458703262, 5.856248655957051, 5.882200798556533, 5.907916183595296, 5.93321001116971, 5.957898757489461, 5.981817416755657, 6.00483896725369, 6.026886179483075, 6.047926762760543, 6.067957165392857, 6.086977915782597, 6.104979125353813, 6.121951303149415, 6.137906905305392, 6.152892821316181, 6.166995729662453, 6.180339842464818, 6.19307410911227, 6.205347371989614, 6.2172866065445564, 6.2289904324282785, 6.240532150118947, 6.251964359918742, 6.263324199477626, 6.2746377839297045, 6.285924089107475, 6.297198370882103, 6.308474320447317, 6.319763850977, 6.331077349664169, 6.342421945910377, 6.353800678862423, 6.365212450824992, 6.376652765642338, 6.388115778765515, 6.399597092566502, 6.4110954048848106, 6.422614773839928, 6.434165116692594, 6.445761948311106, 6.457425776988102, 6.469179875278046, 6.481047439093, 6.493048206624812, 6.505196051812651, 6.517496679524737, 6.529947484865675, 6.542538570045288, 6.555254223579772]",50,0.6308072641455299,,-1.0658141036401503e-14,0.6433823483729846,6.559586780699933,,0.6308072641455293,,,,194.15543031692505,4697.174229860306,True,4503.024321556091,0.005504608154296875,0.0,4503.024321556091,Results/warm_start_cache/list_388_graphs_adjacency_list_hog_v04-12_regular__filehash_5b7f8d46/hog_idx000134_74033d211f54_noseed_L2_M2_amplified.npz,194.26683831214905,2026-08-25 15:24:01,x86_64,dacsgpu0002,,64,64,3.11.15,1.0,False,False,False,True,4,False,True,True,True,adam,False,hamqaoa,0.005,amplified_king,2,2,scs,1e-06,100000,False,False,False,hog,False,False,False,False,False,False,True,1,HOG_graphs/Exp5/list_388_graphs_adjacency_list_hog_v04-12_regular.txt,True,Results/warm_start_cache,512,60,0,16,1,1,0,0,5,0,5,10,1,False,_Exp6_KingAmplifiedWithHeuristic_rerun2508,1,,1,134,"[(2, 6), (4, 9), (0, 2), (1, 7), (5, 7), (3, 4), (2, 8), (3, 7), (4, 8), (8, 9), (0, 1), (1, 6), (0, 4), (5, 6), (5, 9), (3, 9), (0, 3), (1, 2), (5, 8), (6, 7)]","[1.0, 1.0, 1.0, 1.0, 1.0, 1.0, 1.0, 1.0, 1.0, 1.0, 1.0, 1.0, 1.0, 1.0, 1.0, 1.0, 1.0, 1.0, 1.0, 1.0]"
bed0f703,10,20,3,50.0,False,True,"[1, 1, 1]",9.895812584322002,20.460379777385892,10.230189888692946,7.104250653172062,6.107079928367677,6.944440102348383,7.1042506531720635,7.104250653172061,"[5.427193560605638, 5.466302619756208, 5.50463566056917, 5.542110209878628, 5.578729243230061, 5.61457032654474, 5.649769037490749, 5.684502954726851, 5.718973082054259, 5.753386256324906, 5.787935128192704, 5.822775888991759, 5.858002619513625, 5.893626868217868, 5.929569285462867, 5.965667476804487, 6.001695633368464, 6.037392326684608, 6.072490398489793, 6.106747128885578, 6.139970060715186, 6.1720355776400755, 6.202896935647039, 6.2325814519148555, 6.2611782137242695, 6.2888218364952735, 6.315675834284821, 6.34191810798064, 6.367727649104899, 6.393272733055996, 6.418700034308445, 6.444125341399758, 6.469626632008924, 6.495240772260067, 6.520964231943461, 6.546758311481953, 6.572555371064785, 6.598268178686746, 6.6237987696380385, 6.649046160571741, 6.6739135910852285, 6.698312843392331, 6.722166454803641, 6.745407845925184, 6.767980091218436, 6.789833502229518, 6.810923065989084, 6.831207023664346, 6.850646000940918, 6.869204537472387, 6.886853759940218]",50,0.7179047291606323,,-5.329070518200751e-15,0.31962110164735513,7.104250653172061,,0.7179047291606321,,,,196.52205967903137,4726.010456562042,True,4529.493427038193,0.005015850067138672,0.0,4529.493427038193,Results/warm_start_cache/list_388_graphs_adjacency_list_hog_v04-12_regular__filehash_5b7f8d46/hog_idx000283_4a2e6840a3ce_noseed_L2_M2_amplified.npz,196.64351320266724,2026-08-25 15:24:04,x86_64,dacsgpu0002,,64,64,3.11.15,1.0,False,False,False,True,4,False,False,False,True,adam,False,hamqaoa,0.005,amplified_king,2,2,scs,1e-06,100000,False,False,False,hog,False,False,False,False,False,False,True,1,HOG_graphs/Exp5/list_388_graphs_adjacency_list_hog_v04-12_regular.txt,True,Results/warm_start_cache,512,60,0,16,1,1,0,0,5,0,5,10,1,False,_Exp6_KingAmplifiedWithHeuristic_rerun2508,1,,1,283,"[(2, 3), (2, 9), (7, 8), (0, 2), (6, 9), (5, 7), (3, 4), (3, 7), (4, 8), (0, 1), (1, 6), (0, 4), (1, 9), (6, 8), (5, 9), (2, 4), (0, 3), (1, 5), (5, 8), (6, 7)]","[1.0, 1.0, 1.0, 1.0, 1.0, 1.0, 1.0, 1.0, 1.0, 1.0, 1.0, 1.0, 1.0, 1.0, 1.0, 1.0, 1.0, 1.0, 1.0, 1.0]"
586f89f3,10,15,4,50.0,False,True,"[1, 1, 1]",9.070201589156996,18.245194932247962,9.122597466123981,6.6357472120703225,5.3690879613558815,6.29832595459922,6.635747212070326,6.635747212070326,"[3.6458939530445256, 3.7094295618133306, 3.7732125602953537, 3.83659108370034, 3.8989957824175696, 3.9601531450977743, 4.020248850299909, 4.079698092600855, 4.138813744361503, 4.197710218837584, 4.256276179809447, 4.314200869103842, 4.371055924278257, 4.4263938399814915, 4.47984144789572, 4.531178511659368, 4.580387004965739, 4.627649905594516, 4.673294718959443, 4.71770373018586, 4.761231995430387, 4.804157942651006, 4.8466602648400485, 4.888807560239083, 4.9305537832577135, 4.97174062727148, 5.012112735540248, 5.051346466117054, 5.089091047270655, 5.125018519244442, 5.158876229672209, 5.190534944331801, 5.220025639287264, 5.24755583275103, 5.27349911378177, 5.298356123806382, 5.322692065390718, 5.347063232736382, 5.371947076032029, 5.3974783864513505, 5.423563687017218, 5.450671559173933, 5.47879461641287, 5.507847615323739, 5.537684984995729, 5.568112151721987, 5.5988930648897215, 5.629758105175836, 5.660417746759131, 5.690581487725962, 5.719977535485481]",50,0.731598647157198,,0.0,0.6748425149422115,6.635747212070326,,0.731598647157198,,,,199.0234854221344,4744.866851091385,True,4545.8491423130035,0.005760908126831055,0.0,4545.8491423130035,Results/warm_start_cache/list_388_graphs_adjacency_list_hog_v04-12_regular__filehash_5b7f8d46/hog_idx000224_91566bd7bc7e_noseed_L2_M2_amplified.npz,199.13488912582397,2026-08-25 15:24:06,x86_64,dacsgpu0002,,64,64,3.11.15,1.24,False,True,False,True,3,False,False,False,False,adam,False,hamqaoa,0.005,amplified_king,2,2,scs,1e-06,100000,False,False,False,hog,False,False,False,False,False,False,True,1,HOG_graphs/Exp5/list_388_graphs_adjacency_list_hog_v04-12_regular.txt,True,Results/warm_start_cache,512,60,0,16,1,1,0,0,5,0,5,10,1,False,_Exp6_KingAmplifiedWithHeuristic_rerun2508,1,,1,224,"[(3, 9), (0, 1), (5, 8), (2, 6), (1, 9), (5, 7), (2, 9), (0, 3), (4, 6), (1, 8), (4, 5), (3, 7), (4, 8), (0, 2), (6, 7)]","[1.0, 1.0, 1.0, 1.0, 1.0, 1.0, 1.0, 1.0, 1.0, 1.0, 1.0, 1.0, 1.0, 1.0, 1.0]"
d42897c0,10,20,4,50.0,False,True,"[1, 1, 1]",9.895812584322002,20.460379777385892,10.230189888692946,7.104250653172062,6.107079928367677,6.944440102348383,7.1042506531720635,7.104250653172061,"[4.361259744366803, 4.4194994147907725, 4.476386305745572, 4.532969702210265, 4.589875800929615, 4.64712871241187, 4.70470516512049, 4.7626904148532025, 4.821276722795841, 4.880654642214064, 4.940873375387921, 5.001781839278263, 5.063063342535157, 5.1243015965823995, 5.185044183748741, 5.244854609600733, 5.303354238033465, 5.360257481497677, 5.4154018122948955, 5.4687708404872355, 5.520509065762223, 5.570921719564506, 5.6204445981025275, 5.669581990170831, 5.718829834808172, 5.768615762311972, 5.81927363241943, 5.871046479176857, 5.924099685883615, 5.978533146116897, 6.034388458955499, 6.091649296534949, 6.150237430188107, 6.210005540771763, 6.27073044061801, 6.33211191237244, 6.393784322569423, 6.45534762819637, 6.516423481891621, 6.576734493410493, 6.636188123136958, 6.694927986768062, 6.753311291467019, 6.811801199700089, 6.870813045681996, 6.93057574270252, 6.9910555529121625, 7.051956962206377, 7.112787500817891, 7.172955797485075, 7.231875226440809]",50,0.7179047291606323,,0.25524914653749065,0.5748702481848511,7.231875226440809,,0.7308015551848985,,,,203.33722925186157,4732.824254512787,True,4529.493427038193,0.006384611129760742,0.0,4529.493427038193,Results/warm_start_cache/list_388_graphs_adjacency_list_hog_v04-12_regular__filehash_5b7f8d46/hog_idx000283_4a2e6840a3ce_noseed_L2_M2_amplified.npz,203.49849677085876,2026-08-25 15:24:11,x86_64,dacsgpu0002,,64,64,3.11.15,1.24,False,False,False,True,4,False,False,False,True,adam,False,hamqaoa,0.005,amplified_king,2,2,scs,1e-06,100000,False,False,False,hog,False,False,False,False,False,False,True,1,HOG_graphs/Exp5/list_388_graphs_adjacency_list_hog_v04-12_regular.txt,True,Results/warm_start_cache,512,60,0,16,1,1,0,0,5,0,5,10,1,False,_Exp6_KingAmplifiedWithHeuristic_rerun2508,1,,1,283,"[(2, 3), (2, 9), (7, 8), (0, 2), (6, 9), (5, 7), (3, 4), (3, 7), (4, 8), (0, 1), (1, 6), (0, 4), (1, 9), (6, 8), (5, 9), (2, 4), (0, 3), (1, 5), (5, 8), (6, 7)]","[1.0, 1.0, 1.0, 1.0, 1.0, 1.0, 1.0, 1.0, 1.0, 1.0, 1.0, 1.0, 1.0, 1.0, 1.0, 1.0, 1.0, 1.0, 1.0, 1.0]"
13ec6026,10,20,4,50.0,False,True,"[1, 1, 1]",10.398717886651689,20.965354794033928,10.482677397016964,6.5595867806999335,6.324523524995064,6.23789560651344,6.559586780699938,6.559586780699933,"[4.853954608408344, 4.887672421079072, 4.923203271520994, 4.960252026061964, 4.998481305727935, 5.0375610829388275, 5.077262790895981, 5.117446796957019, 5.157926549670156, 5.19845258475598, 5.2387406288298966, 5.278478612371249, 5.317347653609906, 5.355063437779449, 5.391420329438679, 5.426325267388797, 5.4598120581560075, 5.492030509543607, 5.523210289765944, 5.553612287716446, 5.5834829371314845, 5.613022160658635, 5.642368644746434, 5.671603957597774, 5.7007685092331215, 5.729879540616128, 5.758944686660298, 5.787963829831721, 5.8169254846589915, 5.845801075345528, 5.874546135446034, 5.903108800669061, 5.9314435576438935, 5.959520478621049, 5.9873207367109895, 6.0148131328884356, 6.041925128946771, 6.068524770674931, 6.094424370270269, 6.119404532463855, 6.143247884426465, 6.165774394613897, 6.186869446529023, 6.206501022423057, 6.224720434665995, 6.241645520737602, 6.2574301683218, 6.272227606207977, 6.286159970782622, 6.299301282903495, 6.31167890944186]",50,0.6308072641455299,,-1.0658141036401503e-14,0.6433823483729846,6.559586780699933,,0.6308072641455293,,,,203.95334911346436,4706.968216657639,True,4503.024321556091,0.009437799453735352,0.0,4503.024321556091,Results/warm_start_cache/list_388_graphs_adjacency_list_hog_v04-12_regular__filehash_5b7f8d46/hog_idx000134_74033d211f54_noseed_L2_M2_amplified.npz,204.11833310127258,2026-08-25 15:24:11,x86_64,dacsgpu0002,,64,64,3.11.15,1.24,False,False,False,True,4,False,True,True,True,adam,False,hamqaoa,0.005,amplified_king,2,2,scs,1e-06,100000,False,False,False,hog,False,False,False,False,False,False,True,1,HOG_graphs/Exp5/list_388_graphs_adjacency_list_hog_v04-12_regular.txt,True,Results/warm_start_cache,512,60,0,16,1,1,0,0,5,0,5,10,1,False,_Exp6_KingAmplifiedWithHeuristic_rerun2508,1,,1,134,"[(2, 6), (4, 9), (0, 2), (1, 7), (5, 7), (3, 4), (2, 8), (3, 7), (4, 8), (8, 9), (0, 1), (1, 6), (0, 4), (5, 6), (5, 9), (3, 9), (0, 3), (1, 2), (5, 8), (6, 7)]","[1.0, 1.0, 1.0, 1.0, 1.0, 1.0, 1.0, 1.0, 1.0, 1.0, 1.0, 1.0, 1.0, 1.0, 1.0, 1.0, 1.0, 1.0, 1.0, 1.0]"
426ebe51,10,15,5,50.0,False,True,"[1, 1, 1]",9.070201589156996,18.245194932247962,9.122597466123981,6.6357472120703225,5.3690879613558815,6.29832595459922,6.635747212070326,6.635747212070326,"[4.116872780217859, 4.19009074935897, 4.25863039829623, 4.321690494742051, 4.379022083425185, 4.430351285093457, 4.475580916458108, 4.515045944388732, 4.549405899617774, 4.579440728384248, 4.605929841689251, 4.629605950563577, 4.6511270426890325, 4.671066212348594, 4.689924326903002, 4.708155181036893, 4.726186223792443, 4.7444275690765725, 4.763271934863925, 4.7830863484558455, 4.804194559947955, 4.826849298109854, 4.851204627030116, 4.877306052752891, 4.905103457212518, 4.934482363589475, 4.96530000413684, 4.997417772205274, 5.030721359114261, 5.065125424915944, 5.100561901756379, 5.136955265109192, 5.17419143913633, 5.212088476823991, 5.250378265476929, 5.288705280638196, 5.326645919340463, 5.363745862913891, 5.399570310962675, 5.433754634144678, 5.4660444951218325, 5.496315054193111, 5.524564600977187, 5.550889486934469, 5.575447960991476, 5.598423923098446, 5.619997159694211, 5.640323244884218, 5.65952875707786, 5.677720198158293, 5.695004443947717]",50,0.731598647157198,,0.0,0.6748425149422115,6.635747212070326,,0.731598647157198,,,,206.18603944778442,4752.029572725296,True,4545.8491423130035,0.005593776702880859,0.0,4545.8491423130035,Results/warm_start_cache/list_388_graphs_adjacency_list_hog_v04-12_regular__filehash_5b7f8d46/hog_idx000224_91566bd7bc7e_noseed_L2_M2_amplified.npz,206.29694485664368,2026-08-25 15:24:13,x86_64,dacsgpu0002,,64,64,3.11.15,1.48,False,True,False,True,3,False,False,False,False,adam,False,hamqaoa,0.005,amplified_king,2,2,scs,1e-06,100000,False,False,False,hog,False,False,False,False,False,False,True,1,HOG_graphs/Exp5/list_388_graphs_adjacency_list_hog_v04-12_regular.txt,True,Results/warm_start_cache,512,60,0,16,1,1,0,0,5,0,5,10,1,False,_Exp6_KingAmplifiedWithHeuristic_rerun2508,1,,1,224,"[(3, 9), (0, 1), (5, 8), (2, 6), (1, 9), (5, 7), (2, 9), (0, 3), (4, 6), (1, 8), (4, 5), (3, 7), (4, 8), (0, 2), (6, 7)]","[1.0, 1.0, 1.0, 1.0, 1.0, 1.0, 1.0, 1.0, 1.0, 1.0, 1.0, 1.0, 1.0, 1.0, 1.0]"
ba5149cd,10,20,5,50.0,False,True,"[1, 1, 1]",9.895812584322002,20.460379777385892,10.230189888692946,7.104250653172062,6.107079928367677,6.944440102348383,7.1042506531720635,7.104250653172061,"[5.124560151210534, 5.1672932341232825, 5.2038877995488235, 5.2354438646405, 5.263247073325735, 5.288643633152162, 5.3130408620297445, 5.337501019154508, 5.362452949718565, 5.387790743925431, 5.413183633493367, 5.438363373050923, 5.463313452612119, 5.488305839223124, 5.513766675812738, 5.540074686854156, 5.567433072637893, 5.595853151819918, 5.625205694805667, 5.655286136339706, 5.68586776382786, 5.716731927242332, 5.7476766290223695, 5.778504943626108, 5.809004801565032, 5.838934161100955, 5.868021500293806, 5.895981826421172, 5.922543709172056, 5.947476453619098, 5.970613804117151, 5.991866518708036, 6.011222398158305, 6.028738807287313, 6.0445368778649184, 6.0588077796380135, 6.071822899143319, 6.083920987625139, 6.095450995803159, 6.106687534285442, 6.117769740866325, 6.1287024116931645, 6.139416769873186, 6.14985241789198, 6.160023127496835, 6.170036571496812, 6.180063440743463, 6.190280302038908, 6.2008207560428135, 6.211758033227021, 6.223117322492675]",50,0.7179047291606323,,-5.329070518200751e-15,0.31962110164735513,7.104250653172061,,0.7179047291606321,,,,206.7071671485901,4736.194135189056,True,4529.493427038193,0.006445407867431641,0.0,4529.493427038193,Results/warm_start_cache/list_388_graphs_adjacency_list_hog_v04-12_regular__filehash_5b7f8d46/hog_idx000283_4a2e6840a3ce_noseed_L2_M2_amplified.npz,206.80993843078613,2026-08-25 15:24:14,x86_64,dacsgpu0002,,64,64,3.11.15,1.48,False,False,False,True,4,False,False,False,True,adam,False,hamqaoa,0.005,amplified_king,2,2,scs,1e-06,100000,False,False,False,hog,False,False,False,False,False,False,True,1,HOG_graphs/Exp5/list_388_graphs_adjacency_list_hog_v04-12_regular.txt,True,Results/warm_start_cache,512,60,0,16,1,1,0,0,5,0,5,10,1,False,_Exp6_KingAmplifiedWithHeuristic_rerun2508,1,,1,283,"[(2, 3), (2, 9), (7, 8), (0, 2), (6, 9), (5, 7), (3, 4), (3, 7), (4, 8), (0, 1), (1, 6), (0, 4), (1, 9), (6, 8), (5, 9), (2, 4), (0, 3), (1, 5), (5, 8), (6, 7)]","[1.0, 1.0, 1.0, 1.0, 1.0, 1.0, 1.0, 1.0, 1.0, 1.0, 1.0, 1.0, 1.0, 1.0, 1.0, 1.0, 1.0, 1.0, 1.0, 1.0]"
42cf55da,10,20,5,50.0,False,True,"[1, 1, 1]",10.398717886651689,20.965354794033928,10.482677397016964,6.5595867806999335,6.324523524995064,6.23789560651344,6.559586780699938,6.559586780699933,"[5.000616424545026, 5.0237625878923255, 5.044938213944125, 5.063720676500968, 5.079977513348711, 5.093952995897052, 5.106102684902159, 5.116914828552125, 5.12684278269186, 5.136325345613452, 5.1457865133759295, 5.155594105729854, 5.166022719151966, 5.177243003404413, 5.189337886973511, 5.202328979608946, 5.21619307640805, 5.230860042563554, 5.246205368365579, 5.262058078120994, 5.278225189393504, 5.294517858853195, 5.31076475297449, 5.326811113204303, 5.342521828271077, 5.35780334000222, 5.3726393713293366, 5.387116917501847, 5.401427476377436, 5.4158409266722245, 5.430666269231099, 5.446200194897036, 5.46266582566126, 5.48016235009987, 5.498643812098408, 5.517934650553198, 5.537276821890007, 5.556353151865752, 5.575665273767525, 5.5951352657592395, 5.614855882649507, 5.6350760641628375, 5.656123752459416, 5.67830767962862, 5.701858654578382, 5.726922540694531, 5.7534401010200735, 5.7813416793450685, 5.81106019042515, 5.842699130280905, 5.87640882875967]",50,0.6308072641455299,,-1.0658141036401503e-14,0.6433823483729846,6.559586780699933,,0.6308072641455293,,,,208.3878345489502,4711.406574726105,True,4503.024321556091,0.005568981170654297,0.0,4503.024321556091,Results/warm_start_cache/list_388_graphs_adjacency_list_hog_v04-12_regular__filehash_5b7f8d46/hog_idx000134_74033d211f54_noseed_L2_M2_amplified.npz,208.49699759483337,2026-08-25 15:24:16,x86_64,dacsgpu0002,,64,64,3.11.15,1.48,False,False,False,True,4,False,True,True,True,adam,False,hamqaoa,0.005,amplified_king,2,2,scs,1e-06,100000,False,False,False,hog,False,False,False,False,False,False,True,1,HOG_graphs/Exp5/list_388_graphs_adjacency_list_hog_v04-12_regular.txt,True,Results/warm_start_cache,512,60,0,16,1,1,0,0,5,0,5,10,1,False,_Exp6_KingAmplifiedWithHeuristic_rerun2508,1,,1,134,"[(2, 6), (4, 9), (0, 2), (1, 7), (5, 7), (3, 4), (2, 8), (3, 7), (4, 8), (8, 9), (0, 1), (1, 6), (0, 4), (5, 6), (5, 9), (3, 9), (0, 3), (1, 2), (5, 8), (6, 7)]","[1.0, 1.0, 1.0, 1.0, 1.0, 1.0, 1.0, 1.0, 1.0, 1.0, 1.0, 1.0, 1.0, 1.0, 1.0, 1.0, 1.0, 1.0, 1.0, 1.0]"
2bb8e9b0,7,14,1,50.0,False,True,"[1, 1, 1]",6.865192044167243,14.297057414033722,7.148528707016861,4.776358616960669,4.3027249496419495,4.639231377116082,4.776358616960672,4.776358616960672,"[4.481151064051922, 4.502029233106953, 4.522325057368229, 4.541992695779229, 4.560990414788038, 4.579282413598634, 4.596841120004717, 4.613649971143591, 4.629706079338986, 4.6450231565302476, 4.659633613056803, 4.673588920121857, 4.686957239369673, 4.6998179414645, 4.712253137742831, 4.7243380931735635, 4.736132390639612, 4.747674746203544, 4.758981385162206, 4.77004826182029, 4.780855405041252, 4.791372087881902, 4.801561865795576, 4.811387339004188, 4.820813825366883, 4.829812276082866, 4.838361225438453, 4.846448124364757, 4.854069859589039, 4.861232315790344, 4.867949413076351, 4.874241425007582, 4.88013268045856, 4.885649270598342, 4.890816807075774, 4.895658543951734, 4.900194236170914, 4.904439603923493, 4.908406504768771, 4.912103699387102, 4.915537863036151, 4.918714813431309, 4.921640645809292, 4.924322794419538, 4.9267706254374515, 4.928995877075255, 4.931012602529103, 4.932836860041566, 4.934486197180717, 4.9359789099989575, 4.937333283782633]",50,0.6957356161680471,,0.3219493336439214,0.5962038133331014,4.937333283782633,,0.7191835642787963,,,,5.044283866882324,220.73650097846985,True,215.69498014450073,0.00274658203125,0.0,215.69498014450073,Results/warm_start_cache/list_388_graphs_adjacency_list_hog_v04-12_regular__filehash_5b7f8d46/hog_idx000026_97c73c6b2a75_noseed_L2_M2_amplified.npz,5.166391611099243,2026-08-25 15:28:05,x86_64,dacsgpu0002,,64,64,3.11.15,0.22,False,False,False,True,4,True,True,False,True,adam,False,hamqaoa,0.005,amplified_king,2,2,scs,1e-06,100000,False,False,False,hog,False,False,False,False,False,False,True,1,HOG_graphs/Exp5/list_388_graphs_adjacency_list_hog_v04-12_regular.txt,True,Results/warm_start_cache,512,60,0,16,1,1,0,0,5,0,5,10,1,False,_Exp6_KingAmplifiedWithHeuristic_rerun2508,1,,1,26,"[(1, 3), (0, 1), (0, 4), (2, 6), (3, 5), (0, 3), (4, 6), (1, 2), (5, 6), (1, 5), (4, 5), (0, 2), (3, 6), (2, 4)]","[1.0, 1.0, 1.0, 1.0, 1.0, 1.0, 1.0, 1.0, 1.0, 1.0, 1.0, 1.0, 1.0, 1.0]"
fd369520,7,14,2,50.0,False,True,"[1, 1, 1]",6.865192044167243,14.297057414033722,7.148528707016861,4.776358616960669,4.3027249496419495,4.639231377116082,4.776358616960672,4.776358616960672,"[4.140398598910169, 4.1788793046671655, 4.214858701065034, 4.250266007383276, 4.285656590693684, 4.321008803033048, 4.3562290805617945, 4.391201755979415, 4.425797240143952, 4.459875490933658, 4.49328929489362, 4.525887346608805, 4.5575183351456845, 4.588035165305141, 4.617299864554453, 4.645188906001226, 4.671598865937995, 4.696451674973065, 4.719699725192853, 4.7413295857049444, 4.761364201933853, 4.779862378469559, 4.796915954495419, 4.812643649227352, 4.827182582827527, 4.840678237817176, 4.853273596797924, 4.865099138371271, 4.876264574227843, 4.886853119593722, 4.896919064060852, 4.906488130552848, 4.915560796961386, 4.9241175642794195, 4.932125800396383, 4.939547444747901, 4.946346286525984, 4.952494693951025, 4.957979303911182, 4.962804627450098, 4.966994706823167, 4.9705925437809935, 4.973657614830288, 4.976261591820753, 4.978483102182054, 4.98040211529154, 4.982094974618955, 4.983630256997053, 4.985066129200219, 4.986449249741308, 4.987814770122859]",50,0.6957356161680471,,0.42291230632437404,0.697166786013554,4.987814770122859,,0.7265368161638788,,,,12.468368768692017,228.1601758003235,True,215.69498014450073,0.0031528472900390625,0.0,215.69498014450073,Results/warm_start_cache/list_388_graphs_adjacency_list_hog_v04-12_regular__filehash_5b7f8d46/hog_idx000026_97c73c6b2a75_noseed_L2_M2_amplified.npz,12.601665496826172,2026-08-25 15:28:12,x86_64,dacsgpu0002,,64,64,3.11.15,0.24,False,False,False,True,4,True,True,False,True,adam,False,hamqaoa,0.005,amplified_king,2,2,scs,1e-06,100000,False,False,False,hog,False,False,False,False,False,False,True,1,HOG_graphs/Exp5/list_388_graphs_adjacency_list_hog_v04-12_regular.txt,True,Results/warm_start_cache,512,60,0,16,1,1,0,0,5,0,5,10,1,False,_Exp6_KingAmplifiedWithHeuristic_rerun2508,1,,1,26,"[(1, 3), (0, 1), (0, 4), (2, 6), (3, 5), (0, 3), (4, 6), (1, 2), (5, 6), (1, 5), (4, 5), (0, 2), (3, 6), (2, 4)]","[1.0, 1.0, 1.0, 1.0, 1.0, 1.0, 1.0, 1.0, 1.0, 1.0, 1.0, 1.0, 1.0, 1.0]"
0405ed3a,7,14,3,50.0,False,True,"[1, 1, 1]",6.865192044167243,14.297057414033722,7.148528707016861,4.776358616960669,4.3027249496419495,4.639231377116082,4.776358616960672,4.776358616960672,"[3.8024976793270664, 3.8363175767828452, 3.869954505679718, 3.903279376987477, 3.9361604879571006, 3.968465655378775, 4.000065485851821, 4.030837076816249, 4.060668320864956, 4.08946251966065, 4.117142103567667, 4.1436510697921385, 4.168955325341057, 4.193041485442285, 4.215914771913265, 4.237597555850105, 4.258129104515216, 4.277565739860579, 4.295980795554283, 4.313463185695165, 4.330114280446701, 4.346043629513708, 4.361364047165972, 4.376186148068255, 4.390612386507977, 4.40473050756911, 4.418607204755688, 4.432283757768675, 4.445774353982778, 4.459069960951159, 4.472146970887667, 4.484979075063109, 4.497550969240835, 4.509870284913623, 4.52197370825972, 4.533924933267738, 4.54580328976797, 4.557686062195099, 4.5696309767995755, 4.581664988794845, 4.59378278190478, 4.605953679787917, 4.618134051712875, 4.630281082107513, 4.642364536179792, 4.654374621550133, 4.666324283034858, 4.678246390075391, 4.690186464717036, 4.702193365149498, 4.714310740041202]",50,0.6957356161680471,,0.0,0.27425447968917993,4.776358616960672,,0.6957356161680471,,,,22.624647617340088,238.31694722175598,True,215.69498014450073,0.002662181854248047,0.0,215.69498014450073,Results/warm_start_cache/list_388_graphs_adjacency_list_hog_v04-12_regular__filehash_5b7f8d46/hog_idx000026_97c73c6b2a75_noseed_L2_M2_amplified.npz,22.757407903671265,2026-08-25 15:28:22,x86_64,dacsgpu0002,,64,64,3.11.15,0.26,False,False,False,True,4,True,True,False,True,adam,False,hamqaoa,0.005,amplified_king,2,2,scs,1e-06,100000,False,False,False,hog,False,False,False,False,False,False,True,1,HOG_graphs/Exp5/list_388_graphs_adjacency_list_hog_v04-12_regular.txt,True,Results/warm_start_cache,512,60,0,16,1,1,0,0,5,0,5,10,1,False,_Exp6_KingAmplifiedWithHeuristic_rerun2508,1,,1,26,"[(1, 3), (0, 1), (0, 4), (2, 6), (3, 5), (0, 3), (4, 6), (1, 2), (5, 6), (1, 5), (4, 5), (0, 2), (3, 6), (2, 4)]","[1.0, 1.0, 1.0, 1.0, 1.0, 1.0, 1.0, 1.0, 1.0, 1.0, 1.0, 1.0, 1.0, 1.0]"
3af256d9,7,14,4,50.0,False,True,"[1, 1, 1]",6.865192044167243,14.297057414033722,7.148528707016861,4.776358616960669,4.3027249496419495,4.639231377116082,4.776358616960672,4.776358616960672,"[3.2407504898998596, 3.2893237981085366, 3.336959220448346, 3.382643077932851, 3.425459285588655, 3.4648018384317574, 3.500567894810783, 3.5331362808236824, 3.5631867536938486, 3.5914392216118034, 3.618426994334165, 3.6444243251701747, 3.6695076427729556, 3.6936512940830704, 3.7168010023383395, 3.738915525596445, 3.759985648820489, 3.78003937655731, 3.799138709848719, 3.8173714280964632, 3.834840943780463, 3.85165583350508, 3.8679217328172837, 3.88373627214846, 3.899187669454551, 3.91435569883198, 3.9293139495712084, 3.9441315475779337, 3.958873711822412, 3.9736020304150297, 3.9883754721661315, 4.003253053165463, 4.018297573837612, 4.033579430997916, 4.049179392715466, 4.065189559587033, 4.081711749769615, 4.098853007688182, 4.116717896112807, 4.135398847590556, 4.154965415162506, 4.175454376985536, 4.196863862743448, 4.219152121121025, 4.242242368673412, 4.266032905898669, 4.290410332328824, 4.315261948675516, 4.340483327805207, 4.365978767740052, 4.391655508833451]",50,0.6957356161680471,,0.0,0.27425447968917993,4.776358616960672,,0.6957356161680471,,,,31.760395765304565,247.4526846408844,True,215.69498014450073,0.0026738643646240234,0.0,215.69498014450073,Results/warm_start_cache/list_388_graphs_adjacency_list_hog_v04-12_regular__filehash_5b7f8d46/hog_idx000026_97c73c6b2a75_noseed_L2_M2_amplified.npz,31.954426288604736,2026-08-25 15:28:31,x86_64,dacsgpu0002,,64,64,3.11.15,0.27,False,False,False,True,4,True,True,False,True,adam,False,hamqaoa,0.005,amplified_king,2,2,scs,1e-06,100000,False,False,False,hog,False,False,False,False,False,False,True,1,HOG_graphs/Exp5/list_388_graphs_adjacency_list_hog_v04-12_regular.txt,True,Results/warm_start_cache,512,60,0,16,1,1,0,0,5,0,5,10,1,False,_Exp6_KingAmplifiedWithHeuristic_rerun2508,1,,1,26,"[(1, 3), (0, 1), (0, 4), (2, 6), (3, 5), (0, 3), (4, 6), (1, 2), (5, 6), (1, 5), (4, 5), (0, 2), (3, 6), (2, 4)]","[1.0, 1.0, 1.0, 1.0, 1.0, 1.0, 1.0, 1.0, 1.0, 1.0, 1.0, 1.0, 1.0, 1.0]"
4b81ddb0,7,14,5,50.0,False,True,"[1, 1, 1]",6.865192044167243,14.297057414033722,7.148528707016861,4.776358616960669,4.3027249496419495,4.639231377116082,4.776358616960672,4.776358616960672,"[3.0719048507645743, 3.1164817186014466, 3.162465733885087, 3.2099767311724627, 3.258514263934703, 3.3074948916593745, 3.3563044678451486, 3.4042680584273612, 3.45067866713165, 3.4948685756054383, 3.5362835063708933, 3.574544155941965, 3.6094923532733327, 3.64122458244741, 3.6700666497277163, 3.69645228828078, 3.720792641346274, 3.7434290410926443, 3.764644226764051, 3.7846800641708866, 3.8037479432514125, 3.822036677887099, 3.8397173023487174, 3.8569389135032637, 3.873815359988478, 3.890415790656206, 3.906773923273419, 3.9229147720031254, 3.9388832285554582, 3.954761920680745, 3.9706668212766196, 3.986721320005906, 4.003024788963777, 4.0196306191754285, 4.036537963334833, 4.053694455469423, 4.071003446773572, 4.088334503483469, 4.105535053977132, 4.122444308062671, 4.1389081379965855, 4.154794545233248, 4.170009315003928, 4.184510463239088, 4.198320938616904, 4.211536833885443, 4.224327740886933, 4.236926578862883, 4.249611116830023, 4.262682326678956, 4.276446825749284]",50,0.6957356161680471,,0.0,0.27425447968917993,4.776358616960672,,0.6957356161680471,,,,48.77013349533081,264.46283411979675,True,215.69498014450073,0.0022611618041992188,0.0,215.69498014450073,Results/warm_start_cache/list_388_graphs_adjacency_list_hog_v04-12_regular__filehash_5b7f8d46/hog_idx000026_97c73c6b2a75_noseed_L2_M2_amplified.npz,48.94369983673096,2026-08-25 15:28:48,x86_64,dacsgpu0002,,64,64,3.11.15,0.29,False,False,False,True,4,True,True,False,True,adam,False,hamqaoa,0.005,amplified_king,2,2,scs,1e-06,100000,False,False,False,hog,False,False,False,False,False,False,True,1,HOG_graphs/Exp5/list_388_graphs_adjacency_list_hog_v04-12_regular.txt,True,Results/warm_start_cache,512,60,0,16,1,1,0,0,5,0,5,10,1,False,_Exp6_KingAmplifiedWithHeuristic_rerun2508,1,,1,26,"[(1, 3), (0, 1), (0, 4), (2, 6), (3, 5), (0, 3), (4, 6), (1, 2), (5, 6), (1, 5), (4, 5), (0, 2), (3, 6), (2, 4)]","[1.0, 1.0, 1.0, 1.0, 1.0, 1.0, 1.0, 1.0, 1.0, 1.0, 1.0, 1.0, 1.0, 1.0]"
7390c074,9,18,5,50.0,False,True,"[1, 1, 1]",10.02203520869047,20.39751130575934,10.19875565287967,6.754053433071467,6.00407349908681,6.516507131754793,6.75405343307147,6.75405343307147,"[4.505830234891198, 4.544649266545549, 4.582791486873029, 4.620529986190002, 4.657662055966966, 4.694046845926944, 4.729914942254906, 4.765719473013493, 4.801600811441565, 4.837287145773723, 4.8723158972377965, 4.906207819087647, 4.938549600572063, 4.96902944181772, 4.9974477868878475, 5.023710595340735, 5.047822017651237, 5.069893955072381, 5.090158717588376, 5.10896200315844, 5.126717479608936, 5.14383082737625, 5.160619850172428, 5.1772687978440395, 5.193831076592428, 5.210266793703851, 5.226492680448332, 5.242428499652116, 5.2580325380832695, 5.273327495419981, 5.28841474191194, 5.303472390528394, 5.318732232262142, 5.334440037023943, 5.350809640565509, 5.367983878228166, 5.386017887066661, 5.404888039272915, 5.424524062463024, 5.444848424262995, 5.46580665812939, 5.487374714100153, 5.5095457084779085, 5.532305700893705, 5.555615097218071, 5.579406659792371, 5.603598394266136, 5.628112367788028, 5.652888437669917, 5.677884874500756, 5.703067022191907]",50,0.6739203457611869,,0.0,0.47509260263335484,6.75405343307147,,0.6739203457611869,,,,95.8155369758606,1868.6069736480713,True,1772.7963652610779,0.0049092769622802734,0.0,1772.7963652610779,Results/warm_start_cache/list_388_graphs_adjacency_list_hog_v04-12_regular__filehash_5b7f8d46/hog_idx000186_1a0f891b2117_noseed_L2_M2_amplified.npz,95.95310807228088,2026-08-25 15:29:35,x86_64,dacsgpu0002,,64,64,3.11.15,0.51,False,False,False,True,4,False,False,False,True,adam,False,hamqaoa,0.005,amplified_king,2,2,scs,1e-06,100000,False,False,False,hog,False,False,False,False,False,False,True,1,HOG_graphs/Exp5/list_388_graphs_adjacency_list_hog_v04-12_regular.txt,True,Results/warm_start_cache,512,60,0,16,1,1,0,0,5,0,5,10,1,False,_Exp6_KingAmplifiedWithHeuristic_rerun2508,1,,1,186,"[(2, 7), (0, 1), (1, 6), (0, 4), (4, 7), (3, 5), (0, 3), (4, 6), (6, 8), (1, 8), (7, 8), (1, 5), (2, 8), (3, 7), (2, 5), (4, 5), (0, 2), (3, 6)]","[1.0, 1.0, 1.0, 1.0, 1.0, 1.0, 1.0, 1.0, 1.0, 1.0, 1.0, 1.0, 1.0, 1.0, 1.0, 1.0, 1.0, 1.0]"
5e37f486,10,25,1,50.0,False,True,"[1, 1, 1]",12.343143507956343,24.86608448628393,12.433042243141966,9.15036277349573,7.504553070086259,8.897431082813956,9.150362773495733,9.150362773495734,"[7.575578915972653, 7.646850494130264, 7.718190641261352, 7.789466307953769, 7.860536158432913, 7.93125089902536, 8.001453597164485, 8.070980429871579, 8.139661747916858, 8.207322780885509, 8.273785198331918, 8.33886826476698, 8.402390723802574, 8.464172905885999, 8.524038865449754, 8.581818491752177, 8.637350351983345, 8.690483925181391, 8.741082352717774, 8.789025350585991, 8.834211625620659, 8.876561217595727, 8.916017931405138, 8.95255108321568, 8.98615676745869, 9.01685887417333, 9.04470936528169, 9.069788094045911, 9.09220127607883, 9.112080009992274, 9.12957728827606, 9.144865002763245, 9.158130074823285, 9.169570093730066, 9.179388835796964, 9.187791544371649, 9.19498071395511, 9.201151446589906, 9.20648806518546, 9.211160741287173, 9.215323119200226, 9.219110629936347, 9.222639473411087, 9.22600617262165, 9.22928843480151, 9.23254546799086, 9.23581968392835, 9.239138183082991, 9.242514717941347, 9.24595163962898, 9.249442277602554]",50,0.7413316362721898,,0.19815900821364352,0.7040223895771973,9.249442277602554,,0.7493587246749905,,,,145.7053656578064,4800.994115352631,True,4655.294118881226,0.00535273551940918,0.0,4655.294118881226,Results/warm_start_cache/list_388_graphs_adjacency_list_hog_v04-12_regular__filehash_5b7f8d46/hog_idx000328_cc841fc12e6c_noseed_L2_M2_amplified.npz,145.8127076625824,2026-08-25 15:30:25,x86_64,dacsgpu0002,,64,64,3.11.15,0.52,False,False,False,True,5,False,True,False,False,adam,False,hamqaoa,0.005,amplified_king,2,2,scs,1e-06,100000,False,False,False,hog,False,False,False,False,False,False,True,1,HOG_graphs/Exp5/list_388_graphs_adjacency_list_hog_v04-12_regular.txt,True,Results/warm_start_cache,512,60,0,16,1,1,0,0,5,0,5,10,1,False,_Exp6_KingAmplifiedWithHeuristic_rerun2508,1,,1,328,"[(2, 3), (3, 8), (2, 9), (4, 6), (4, 9), (7, 8), (0, 5), (1, 4), (0, 2), (1, 7), (6, 9), (5, 7), (3, 7), (4, 8), (8, 9), (0, 1), (1, 6), (0, 4), (5, 6), (5, 9), (3, 6), (2, 7), (0, 3), (1, 2), (5, 8)]","[1.0, 1.0, 1.0, 1.0, 1.0, 1.0, 1.0, 1.0, 1.0, 1.0, 1.0, 1.0, 1.0, 1.0, 1.0, 1.0, 1.0, 1.0, 1.0, 1.0, 1.0, 1.0, 1.0, 1.0, 1.0]"
91eb0b53,10,30,1,50.0,False,True,"[1, 1, 1]",13.598083639760393,27.213959085083513,13.606979542541756,10.480680525703944,8.51280745100424,10.068959330028196,10.480680525703947,10.48068052570395,"[8.220998328501572, 8.307705754249326, 8.395878668997923, 8.48532399891438, 8.575839322495064, 8.667211411383489, 8.759215811410442, 8.851615921990911, 8.94416357440933, 9.03659934490655, 9.128653522595364, 9.220047948888348, 9.310497388658835, 9.399712407421596, 9.487402011910717, 9.573276669962938, 9.657051945822358, 9.738451896555175, 9.817212583214044, 9.893086367566827, 9.96584542384112, 10.035285064234355, 10.101227162489115, 10.163523416273923, 10.222057382713551, 10.276746331705628, 10.327542761616606, 10.374434624786874, 10.417445360912533, 10.456633001001226, 10.492088142207184, 10.52393186602679, 10.552312423087768, 10.577402078781581, 10.599392962628336, 10.618493264709883, 10.63492283528266, 10.648908485914045, 10.660680298134992, 10.670467504814265, 10.678495033433425, 10.684980384562499, 10.690130977897496, 10.694141905109694, 10.697194519877083, 10.699455101607379, 10.701074310452038, 10.702186909499929, 10.702911807036454, 10.703352588653935, 10.703598103801756]",50,0.7707468789983575,,0.4458351561956171,1.2692775475471194,10.703598103801756,,0.7871401873499846,,,,150.86831068992615,5673.77006149292,True,5522.90674495697,0.004974842071533203,0.0,5522.90674495697,Results/warm_start_cache/list_388_graphs_adjacency_list_hog_v04-12_regular__filehash_5b7f8d46/hog_idx000058_7c22981fd547_noseed_L2_M2_amplified.npz,150.966326713562,2026-08-25 15:30:30,x86_64,dacsgpu0002,,64,64,3.11.15,0.52,False,False,False,True,6,True,False,False,True,adam,False,hamqaoa,0.005,amplified_king,2,2,scs,1e-06,100000,False,False,False,hog,False,False,False,False,False,False,True,1,HOG_graphs/Exp5/list_388_graphs_adjacency_list_hog_v04-12_regular.txt,True,Results/warm_start_cache,512,60,0,16,1,1,0,0,5,0,5,10,1,False,_Exp6_KingAmplifiedWithHeuristic_rerun2508,1,,1,58,"[(2, 3), (3, 8), (2, 6), (4, 9), (7, 8), (0, 5), (1, 4), (0, 2), (1, 7), (6, 9), (5, 7), (3, 4), (4, 8), (8, 9), (1, 3), (0, 1), (0, 4), (6, 8), (5, 6), (5, 9), (2, 4), (3, 9), (2, 7), (7, 9), (0, 3), (1, 2), (0, 6), (1, 5), (5, 8), (6, 7)]","[1.0, 1.0, 1.0, 1.0, 1.0, 1.0, 1.0, 1.0, 1.0, 1.0, 1.0, 1.0, 1.0, 1.0, 1.0, 1.0, 1.0, 1.0, 1.0, 1.0, 1.0, 1.0, 1.0, 1.0, 1.0, 1.0, 1.0, 1.0, 1.0, 1.0]"
918cb836,10,25,2,50.0,False,True,"[1, 1, 1]",12.343143507956343,24.86608448628393,12.433042243141966,9.15036277349573,7.504553070086259,8.897431082813956,9.150362773495733,9.150362773495734,"[6.967608518320391, 7.02000091810821, 7.07416319870525, 7.130083238964156, 7.187760226704501, 7.247199367896619, 7.308406705150381, 7.371385300040076, 7.436131109975073, 7.502629417611784, 7.57085111221818, 7.640749198133162, 7.712255511943522, 7.785278238230481, 7.859699465368137, 7.93537399158944, 8.012128853808115, 8.089763286500277, 8.168049789734905, 8.246735664865728, 8.325544877131303, 8.404180983606437, 8.482330460828061, 8.559666575438948, 8.635854600083208, 8.710556230498018, 8.783435789544502, 8.854166018043365, 8.92243444920383, 8.987949098640575, 9.050444804141922, 9.109690445513236, 9.165496041755382, 9.217719376834506, 9.266272096887542, 9.311122639931977, 9.352295005288854, 9.389862484643078, 9.423937776302358, 9.454659677355963, 9.482180669217241, 9.506656881337175, 9.52824168568408, 9.547086380408512, 9.563343355941543, 9.577173532394173, 9.588751933486243, 9.59827232793763, 9.605947850703746, 9.612007664840364, 9.616688872131386]",50,0.7413316362721898,,0.932652197271306,1.4385155786348598,9.616688872131386,,0.7791118093970555,,,,158.42323446273804,4813.711629629135,True,4655.294118881226,0.005704402923583984,0.0,4655.294118881226,Results/warm_start_cache/list_388_graphs_adjacency_list_hog_v04-12_regular__filehash_5b7f8d46/hog_idx000328_cc841fc12e6c_noseed_L2_M2_amplified.npz,158.55997109413147,2026-08-25 15:30:38,x86_64,dacsgpu0002,,64,64,3.11.15,0.76,False,False,False,True,5,False,True,False,False,adam,False,hamqaoa,0.005,amplified_king,2,2,scs,1e-06,100000,False,False,False,hog,False,False,False,False,False,False,True,1,HOG_graphs/Exp5/list_388_graphs_adjacency_list_hog_v04-12_regular.txt,True,Results/warm_start_cache,512,60,0,16,1,1,0,0,5,0,5,10,1,False,_Exp6_KingAmplifiedWithHeuristic_rerun2508,1,,1,328,"[(2, 3), (3, 8), (2, 9), (4, 6), (4, 9), (7, 8), (0, 5), (1, 4), (0, 2), (1, 7), (6, 9), (5, 7), (3, 7), (4, 8), (8, 9), (0, 1), (1, 6), (0, 4), (5, 6), (5, 9), (3, 6), (2, 7), (0, 3), (1, 2), (5, 8)]","[1.0, 1.0, 1.0, 1.0, 1.0, 1.0, 1.0, 1.0, 1.0, 1.0, 1.0, 1.0, 1.0, 1.0, 1.0, 1.0, 1.0, 1.0, 1.0, 1.0, 1.0, 1.0, 1.0, 1.0, 1.0]"
27d2b7ad,10,30,2,50.0,False,True,"[1, 1, 1]",13.598083639760393,27.213959085083513,13.606979542541756,10.480680525703944,8.51280745100424,10.068959330028196,10.480680525703947,10.48068052570395,"[6.225338186277805, 6.296642413047094, 6.369087821498927, 6.442383078092757, 6.516908692026507, 6.593595111374431, 6.673022328432939, 6.755237208133585, 6.8400731291819925, 6.927323959834361, 7.016799247126375, 7.108337644203209, 7.201801897953956, 7.297063011073056, 7.393981995897295, 7.492395408367546, 7.592112348893922, 7.692921492547299, 7.794606321219572, 7.896962276335861, 7.9998139658447585, 8.103026135265406, 8.206507607808115, 8.310204946628819, 8.414085936155216, 8.518116260274084, 8.622234074719197, 8.726328913715504, 8.83022889034564, 8.933698263523794, 9.036445175617159, 9.138131996384741, 9.238390299508207, 9.336834783233291, 9.433074046860535, 9.526722192295685, 9.617407840346056, 9.704781726057131, 9.788522822438305, 9.868342853046043, 9.943990789617292, 10.015255683721087, 10.08196944605924, 10.144009836865035, 10.201302489451196, 10.253822454454516, 10.301596200835924, 10.344700960505628, 10.38326347269579, 10.417457908625858, 10.447502352079367]",50,0.7707468789983575,,3.552713678800501e-15,0.8234423913515059,10.48068052570395,,0.7707468789983576,,,,162.66378021240234,5685.56435251236,True,5522.90674495697,0.006153583526611328,0.0,5522.90674495697,Results/warm_start_cache/list_388_graphs_adjacency_list_hog_v04-12_regular__filehash_5b7f8d46/hog_idx000058_7c22981fd547_noseed_L2_M2_amplified.npz,162.83143401145935,2026-08-25 15:30:42,x86_64,dacsgpu0002,,64,64,3.11.15,0.76,False,False,False,True,6,True,False,False,True,adam,False,hamqaoa,0.005,amplified_king,2,2,scs,1e-06,100000,False,False,False,hog,False,False,False,False,False,False,True,1,HOG_graphs/Exp5/list_388_graphs_adjacency_list_hog_v04-12_regular.txt,True,Results/warm_start_cache,512,60,0,16,1,1,0,0,5,0,5,10,1,False,_Exp6_KingAmplifiedWithHeuristic_rerun2508,1,,1,58,"[(2, 3), (3, 8), (2, 6), (4, 9), (7, 8), (0, 5), (1, 4), (0, 2), (1, 7), (6, 9), (5, 7), (3, 4), (4, 8), (8, 9), (1, 3), (0, 1), (0, 4), (6, 8), (5, 6), (5, 9), (2, 4), (3, 9), (2, 7), (7, 9), (0, 3), (1, 2), (0, 6), (1, 5), (5, 8), (6, 7)]","[1.0, 1.0, 1.0, 1.0, 1.0, 1.0, 1.0, 1.0, 1.0, 1.0, 1.0, 1.0, 1.0, 1.0, 1.0, 1.0, 1.0, 1.0, 1.0, 1.0, 1.0, 1.0, 1.0, 1.0, 1.0, 1.0, 1.0, 1.0, 1.0, 1.0]"
165f3d7a,10,25,1,50.0,False,True,"[1, 1, 1]",11.480121374408286,23.51438743883609,11.757193719418044,7.108068742964285,7.072029524995152,7.046884703297202,7.108068742964277,7.108068742964283,"[7.233847296907956, 7.248210875467911, 7.261876563630077, 7.274815519249487, 7.287003414078304, 7.298421265915953, 7.309056540760898, 7.318903882858434, 7.327965740239363, 7.336252005190552, 7.343779163158148, 7.350569380268404, 7.356649023738237, 7.362047502840659, 7.366796627381438, 7.37093065006272, 7.374486250593406, 7.377502746106947, 7.3800218260266535, 7.382087464929144, 7.383745025573981, 7.385040777909127, 7.386020721382796, 7.386729879391742, 7.387211248488426, 7.387505171354876, 7.387648848723646, 7.387675776440359, 7.387615613056506, 7.387494256964143, 7.387333785860803, 7.387152782106935, 7.386966529631462, 7.3867873299030125, 7.38662486559668, 7.386486492614104, 7.386377507370552, 7.386301383842552, 7.386260147262763, 7.38625435802654, 7.386283198223567, 7.386344873533188, 7.386436454839413, 7.386554221359772, 7.386693760658961, 7.38685001880098, 7.3870177668625745, 7.3871916208352655, 7.387366316601226, 7.387537040904318, 7.387699388550306]",50,0.6191632049126,,0.5592612911720583,0.681629370506208,7.387699388550306,,0.6435210175581516,,,,146.2018632888794,4784.334566116333,True,4638.142688035965,0.00996708869934082,0.0,4638.142688035965,Results/warm_start_cache/list_388_graphs_adjacency_list_hog_v04-12_regular__filehash_5b7f8d46/hog_idx000362_16e1cf527813_noseed_L2_M2_amplified.npz,146.42706441879272,2026-08-25 15:30:44,x86_64,dacsgpu0002,,64,64,3.11.15,0.52,False,False,False,True,5,False,True,False,False,adam,False,hamqaoa,0.005,amplified_king,2,2,scs,1e-06,100000,False,False,False,hog,False,False,False,False,False,False,True,1,HOG_graphs/Exp5/list_388_graphs_adjacency_list_hog_v04-12_regular.txt,True,Results/warm_start_cache,512,60,0,16,1,1,0,0,5,0,5,10,1,False,_Exp6_KingAmplifiedWithHeuristic_rerun2508,1,,1,362,"[(3, 8), (2, 6), (3, 5), (4, 6), (4, 9), (7, 8), (0, 5), (0, 2), (1, 7), (6, 9), (8, 9), (1, 3), (0, 1), (0, 4), (5, 6), (5, 9), (3, 6), (2, 4), (2, 7), (4, 7), (7, 9), (0, 3), (1, 2), (1, 8), (5, 8)]","[1.0, 1.0, 1.0, 1.0, 1.0, 1.0, 1.0, 1.0, 1.0, 1.0, 1.0, 1.0, 1.0, 1.0, 1.0, 1.0, 1.0, 1.0, 1.0, 1.0, 1.0, 1.0, 1.0, 1.0, 1.0]"
4318c0e2,10,30,3,50.0,False,True,"[1, 1, 1]",13.598083639760393,27.213959085083513,13.606979542541756,10.480680525703944,8.51280745100424,10.068959330028196,10.480680525703947,10.48068052570395,"[7.6824533911855735, 7.729672348301393, 7.775707265048347, 7.822020130329562, 7.869646970694021, 7.918730414755959, 7.969181249932619, 8.020846224236596, 8.07353014398262, 8.12699455293021, 8.180956538063286, 8.235093040343832, 8.28905080113456, 8.342463383325807, 8.394971456087063, 8.44624546736088, 8.496006956499862, 8.544041993899981, 8.590207203427065, 8.634422865843835, 8.676656608322817, 8.716902411342106, 8.755163184592487, 8.791442181333224, 8.825743963041806, 8.858084348104168, 8.888502567341886, 8.917072353174667, 8.943908828908485, 8.969167835710673, 8.993039962855681, 9.015741005029431, 9.037498411916696, 9.058536563515633, 9.079063292425195, 9.099258451144506, 9.11926621345072, 9.13919160984903, 9.159102340124562, 9.179032574196514, 9.198988743229362, 9.218956086377604, 9.238904648555545, 9.258793784182926, 9.278573977243303, 9.298189724782533, 9.317579853379714, 9.33667793786447, 9.35541432132661, 9.373716503767497, 9.391512860043216]",50,0.7707468789983575,,3.552713678800501e-15,0.8234423913515059,10.48068052570395,,0.7707468789983576,,,,178.1212477684021,5701.022046804428,True,5522.90674495697,0.00592494010925293,0.0,5522.90674495697,Results/warm_start_cache/list_388_graphs_adjacency_list_hog_v04-12_regular__filehash_5b7f8d46/hog_idx000058_7c22981fd547_noseed_L2_M2_amplified.npz,178.23012590408325,2026-08-25 15:30:58,x86_64,dacsgpu0002,,64,64,3.11.15,1.01,False,False,False,True,6,True,False,False,True,adam,False,hamqaoa,0.005,amplified_king,2,2,scs,1e-06,100000,False,False,False,hog,False,False,False,False,False,False,True,1,HOG_graphs/Exp5/list_388_graphs_adjacency_list_hog_v04-12_regular.txt,True,Results/warm_start_cache,512,60,0,16,1,1,0,0,5,0,5,10,1,False,_Exp6_KingAmplifiedWithHeuristic_rerun2508,1,,1,58,"[(2, 3), (3, 8), (2, 6), (4, 9), (7, 8), (0, 5), (1, 4), (0, 2), (1, 7), (6, 9), (5, 7), (3, 4), (4, 8), (8, 9), (1, 3), (0, 1), (0, 4), (6, 8), (5, 6), (5, 9), (2, 4), (3, 9), (2, 7), (7, 9), (0, 3), (1, 2), (0, 6), (1, 5), (5, 8), (6, 7)]","[1.0, 1.0, 1.0, 1.0, 1.0, 1.0, 1.0, 1.0, 1.0, 1.0, 1.0, 1.0, 1.0, 1.0, 1.0, 1.0, 1.0, 1.0, 1.0, 1.0, 1.0, 1.0, 1.0, 1.0, 1.0, 1.0, 1.0, 1.0, 1.0, 1.0]"
ddd2558d,10,25,3,50.0,False,True,"[1, 1, 1]",12.343143507956343,24.86608448628393,12.433042243141966,9.15036277349573,7.504553070086259,8.897431082813956,9.150362773495733,9.150362773495734,"[7.023966285759211, 7.055419011578727, 7.085615175142095, 7.114722111101819, 7.142745311893305, 7.16954416137499, 7.19507574498517, 7.219396047520858, 7.24256907286511, 7.264637506874823, 7.2856548769377625, 7.305708521155732, 7.324917165166167, 7.34341293499974, 7.361319250615927, 7.378733394479413, 7.3957185558670915, 7.412306442704337, 7.428508056837145, 7.444329662798777, 7.459790468599868, 7.474938607410235, 7.4898651220779495, 7.504713032355872, 7.519680988798573, 7.53501987861746, 7.551023626141905, 7.5680151641220945, 7.586333079579797, 7.606316447655345, 7.628286792213073, 7.652521502832536, 7.679211859516327, 7.708407561994063, 7.739953578910544, 7.7734378508284605, 7.808176256452022, 7.843272995725632, 7.87779444506802, 7.911065740981901, 7.942980248693651, 7.9740866337510585, 8.005355457383969, 8.037812916098323, 8.072214793356121, 8.108831226812754, 8.147407996660808, 8.18730097381139, 8.227702022806977, 8.267882809279412, 8.307388433500229]",50,0.7413316362721898,,3.552713678800501e-15,0.5058633813635574,9.150362773495734,,0.7413316362721899,,,,180.19008588790894,4835.478475809097,True,4655.294118881226,0.005711555480957031,0.0,4655.294118881226,Results/warm_start_cache/list_388_graphs_adjacency_list_hog_v04-12_regular__filehash_5b7f8d46/hog_idx000328_cc841fc12e6c_noseed_L2_M2_amplified.npz,180.29949140548706,2026-08-25 15:31:00,x86_64,dacsgpu0002,,64,64,3.11.15,1.04,False,False,False,True,5,False,True,False,False,adam,False,hamqaoa,0.005,amplified_king,2,2,scs,1e-06,100000,False,False,False,hog,False,False,False,False,False,False,True,1,HOG_graphs/Exp5/list_388_graphs_adjacency_list_hog_v04-12_regular.txt,True,Results/warm_start_cache,512,60,0,16,1,1,0,0,5,0,5,10,1,False,_Exp6_KingAmplifiedWithHeuristic_rerun2508,1,,1,328,"[(2, 3), (3, 8), (2, 9), (4, 6), (4, 9), (7, 8), (0, 5), (1, 4), (0, 2), (1, 7), (6, 9), (5, 7), (3, 7), (4, 8), (8, 9), (0, 1), (1, 6), (0, 4), (5, 6), (5, 9), (3, 6), (2, 7), (0, 3), (1, 2), (5, 8)]","[1.0, 1.0, 1.0, 1.0, 1.0, 1.0, 1.0, 1.0, 1.0, 1.0, 1.0, 1.0, 1.0, 1.0, 1.0, 1.0, 1.0, 1.0, 1.0, 1.0, 1.0, 1.0, 1.0, 1.0, 1.0]"
bc64c960,10,25,2,50.0,False,True,"[1, 1, 1]",11.480121374408286,23.51438743883609,11.757193719418044,7.108068742964285,7.072029524995152,7.046884703297202,7.108068742964277,7.108068742964283,"[6.367476587119955, 6.403570077747389, 6.440596920868858, 6.478366223553384, 6.516688358714828, 6.555372339548239, 6.594224980156745, 6.633052258551124, 6.671661140175084, 6.709862281803789, 6.747472751557235, 6.784319855040707, 6.820244543468206, 6.8551056460983535, 6.888784561194401, 6.921189520728191, 6.952260221700737, 6.981971001148613, 7.010332585085464, 7.037389605067415, 7.063213830547029, 7.087893538363497, 7.111520526454002, 7.134178340026135, 7.15593477255213, 7.1768376899160025, 7.196915181207779, 7.2161770363736295, 7.234617985268632, 7.252221410356415, 7.26896338990785, 7.284816443266081, 7.299753781813729, 7.31375342326861, 7.326801138205562, 7.338893395210497, 7.350038967012513, 7.360259467733414, 7.369588884365375, 7.378070757984489, 7.385755741574806, 7.3926981853624705, 7.398952373019066, 7.404571156516818, 7.409604042146837, 7.414097557375266, 7.418096415936094, 7.421644418982975, 7.424786089177463, 7.427567532173605, 7.4300371108513605]",50,0.6191632049126,,0.643936735774167,0.7663048151083167,7.4300371108513605,,0.6472089334712564,,,,158.83007407188416,4796.965963602066,True,4638.142688035965,0.006778717041015625,0.0,4638.142688035965,Results/warm_start_cache/list_388_graphs_adjacency_list_hog_v04-12_regular__filehash_5b7f8d46/hog_idx000362_16e1cf527813_noseed_L2_M2_amplified.npz,159.12099361419678,2026-08-25 15:31:00,x86_64,dacsgpu0002,,64,64,3.11.15,0.77,False,False,False,True,5,False,True,False,False,adam,False,hamqaoa,0.005,amplified_king,2,2,scs,1e-06,100000,False,False,False,hog,False,False,False,False,False,False,True,1,HOG_graphs/Exp5/list_388_graphs_adjacency_list_hog_v04-12_regular.txt,True,Results/warm_start_cache,512,60,0,16,1,1,0,0,5,0,5,10,1,False,_Exp6_KingAmplifiedWithHeuristic_rerun2508,1,,1,362,"[(3, 8), (2, 6), (3, 5), (4, 6), (4, 9), (7, 8), (0, 5), (0, 2), (1, 7), (6, 9), (8, 9), (1, 3), (0, 1), (0, 4), (5, 6), (5, 9), (3, 6), (2, 4), (2, 7), (4, 7), (7, 9), (0, 3), (1, 2), (1, 8), (5, 8)]","[1.0, 1.0, 1.0, 1.0, 1.0, 1.0, 1.0, 1.0, 1.0, 1.0, 1.0, 1.0, 1.0, 1.0, 1.0, 1.0, 1.0, 1.0, 1.0, 1.0, 1.0, 1.0, 1.0, 1.0, 1.0]"
4ba89b47,10,25,4,50.0,False,True,"[1, 1, 1]",12.343143507956343,24.86608448628393,12.433042243141966,9.15036277349573,7.504553070086259,8.897431082813956,9.150362773495733,9.150362773495734,"[6.062425791370317, 6.096732827701555, 6.1302800414821865, 6.163372386286518, 6.196241035581653, 6.228886792867408, 6.2613011909426195, 6.293572471825612, 6.325783159457117, 6.357898226949141, 6.3898883692452015, 6.421769157387181, 6.453570330785147, 6.485328899068539, 6.517108611375223, 6.548994028515746, 6.5810852304620715, 6.613511502326635, 6.646440671760759, 6.680062669727471, 6.714548825698217, 6.749992877198007, 6.786349205637085, 6.823395058195747, 6.860747477686324, 6.897963149498116, 6.934716580934436, 6.970980261741626, 7.007114006011348, 7.043822108981095, 7.081991840567664, 7.122531816059853, 7.166293089773179, 7.214038360530138, 7.266351587723318, 7.323519083279727, 7.385499947674383, 7.451968519704873, 7.522337787189855, 7.595772068599348, 7.671223436174681, 7.747492482187993, 7.823306077921479, 7.897401254663644, 7.9686185364565985, 8.036004698942888, 8.098914868742527, 8.157094460970628, 8.210700348219065, 8.260218540973922, 8.306282183215226]",50,0.7413316362721898,,3.552713678800501e-15,0.5058633813635574,9.150362773495734,,0.7413316362721899,,,,186.08139562606812,4841.371108055115,True,4655.294118881226,0.004391193389892578,0.0,4655.294118881226,Results/warm_start_cache/list_388_graphs_adjacency_list_hog_v04-12_regular__filehash_5b7f8d46/hog_idx000328_cc841fc12e6c_noseed_L2_M2_amplified.npz,186.1869673728943,2026-08-25 15:31:06,x86_64,dacsgpu0002,,64,64,3.11.15,1.25,False,False,False,True,5,False,True,False,False,adam,False,hamqaoa,0.005,amplified_king,2,2,scs,1e-06,100000,False,False,False,hog,False,False,False,False,False,False,True,1,HOG_graphs/Exp5/list_388_graphs_adjacency_list_hog_v04-12_regular.txt,True,Results/warm_start_cache,512,60,0,16,1,1,0,0,5,0,5,10,1,False,_Exp6_KingAmplifiedWithHeuristic_rerun2508,1,,1,328,"[(2, 3), (3, 8), (2, 9), (4, 6), (4, 9), (7, 8), (0, 5), (1, 4), (0, 2), (1, 7), (6, 9), (5, 7), (3, 7), (4, 8), (8, 9), (0, 1), (1, 6), (0, 4), (5, 6), (5, 9), (3, 6), (2, 7), (0, 3), (1, 2), (5, 8)]","[1.0, 1.0, 1.0, 1.0, 1.0, 1.0, 1.0, 1.0, 1.0, 1.0, 1.0, 1.0, 1.0, 1.0, 1.0, 1.0, 1.0, 1.0, 1.0, 1.0, 1.0, 1.0, 1.0, 1.0, 1.0]"
e0bffabf,10,30,4,50.0,False,True,"[1, 1, 1]",13.598083639760393,27.213959085083513,13.606979542541756,10.480680525703944,8.51280745100424,10.068959330028196,10.480680525703947,10.48068052570395,"[6.521025174330826, 6.610144171284055, 6.690831489959698, 6.761428799292955, 6.821482446696241, 6.87213631839902, 6.915386663898884, 6.953081192718322, 6.986633063066722, 7.017124533011061, 7.045362894832187, 7.071868664298738, 7.096906217624847, 7.120579643735367, 7.1429616028366345, 7.164207638243557, 7.184626017134514, 7.204690798797841, 7.224999651757361, 7.246201129150474, 7.268922874684229, 7.293728345942947, 7.321103161480585, 7.351463816377764, 7.38517314055079, 7.422550142862126, 7.463871984735986, 7.50936976324346, 7.559220461284828, 7.613536275432641, 7.672354356375061, 7.73562350625054, 7.803192665566755, 7.874801285148223, 7.950077743867033, 8.028549584680523, 8.109669236406349, 8.192858100352105, 8.27756643415211, 8.363339502976597, 8.44986996434834, 8.537016631592675, 8.62476847442447, 8.713163535908091, 8.802190050561546, 8.891717194634479, 8.981463127455346, 9.07100318399844, 9.159793456357121, 9.247203661282297, 9.332553487845805]",50,0.7707468789983575,,3.552713678800501e-15,0.8234423913515059,10.48068052570395,,0.7707468789983576,,,,191.2601809501648,5714.161171197891,True,5522.90674495697,0.005735158920288086,0.0,5522.90674495697,Results/warm_start_cache/list_388_graphs_adjacency_list_hog_v04-12_regular__filehash_5b7f8d46/hog_idx000058_7c22981fd547_noseed_L2_M2_amplified.npz,191.37003326416016,2026-08-25 15:31:11,x86_64,dacsgpu0002,,64,64,3.11.15,1.25,False,False,False,True,6,True,False,False,True,adam,False,hamqaoa,0.005,amplified_king,2,2,scs,1e-06,100000,False,False,False,hog,False,False,False,False,False,False,True,1,HOG_graphs/Exp5/list_388_graphs_adjacency_list_hog_v04-12_regular.txt,True,Results/warm_start_cache,512,60,0,16,1,1,0,0,5,0,5,10,1,False,_Exp6_KingAmplifiedWithHeuristic_rerun2508,1,,1,58,"[(2, 3), (3, 8), (2, 6), (4, 9), (7, 8), (0, 5), (1, 4), (0, 2), (1, 7), (6, 9), (5, 7), (3, 4), (4, 8), (8, 9), (1, 3), (0, 1), (0, 4), (6, 8), (5, 6), (5, 9), (2, 4), (3, 9), (2, 7), (7, 9), (0, 3), (1, 2), (0, 6), (1, 5), (5, 8), (6, 7)]","[1.0, 1.0, 1.0, 1.0, 1.0, 1.0, 1.0, 1.0, 1.0, 1.0, 1.0, 1.0, 1.0, 1.0, 1.0, 1.0, 1.0, 1.0, 1.0, 1.0, 1.0, 1.0, 1.0, 1.0, 1.0, 1.0, 1.0, 1.0, 1.0, 1.0]"
a81cda4a,10,25,3,50.0,False,True,"[1, 1, 1]",11.480121374408286,23.51438743883609,11.757193719418044,7.108068742964285,7.072029524995152,7.046884703297202,7.108068742964277,7.108068742964283,"[6.649536687171888, 6.675642540915594, 6.701126773938319, 6.725735912998411, 6.7493039889753765, 6.771834046088373, 6.793552532560013, 6.814812599383641, 6.835966257196852, 6.857303645199512, 6.8789969127428705, 6.9010974635093465, 6.92358098678201, 6.946394626774376, 6.969479597451965, 6.992773751971652, 7.016203106043352, 7.039671935590097, 7.0630572151500965, 7.086210925688801, 7.108968321228863, 7.131159798990836, 7.152625023972865, 7.173227464301699, 7.192869334638497, 7.211503696096933, 7.229141650491121, 7.245849640463977, 7.261736303401038, 7.2769295247220365, 7.291551832963468, 7.305698032995949, 7.319422827133569, 7.332740798498301, 7.34563644774173, 7.358083541591081, 7.37006767074133, 7.381603794566648, 7.392744994825534, 7.403576181118056, 7.414197282650477, 7.424701150717475, 7.435158310291022, 7.4456110489565575, 7.4560770601533, 7.466558245482919, 7.477051858639079, 7.487558858259393, 7.498089253360723, 7.5086625114864125, 7.519304036673017]",50,0.6191632049126,,0.8224705874174791,0.9448386667516289,7.519304036673017,,0.65498471587898,,,,159.0243215560913,4797.160784482956,True,4638.142688035965,0.006203889846801758,0.0,4638.142688035965,Results/warm_start_cache/list_388_graphs_adjacency_list_hog_v04-12_regular__filehash_5b7f8d46/hog_idx000362_16e1cf527813_noseed_L2_M2_amplified.npz,159.16265177726746,2026-08-25 15:31:14,x86_64,dacsgpu0002,,64,64,3.11.15,1.01,False,False,False,True,5,False,True,False,False,adam,False,hamqaoa,0.005,amplified_king,2,2,scs,1e-06,100000,False,False,False,hog,False,False,False,False,False,False,True,1,HOG_graphs/Exp5/list_388_graphs_adjacency_list_hog_v04-12_regular.txt,True,Results/warm_start_cache,512,60,0,16,1,1,0,0,5,0,5,10,1,False,_Exp6_KingAmplifiedWithHeuristic_rerun2508,1,,1,362,"[(3, 8), (2, 6), (3, 5), (4, 6), (4, 9), (7, 8), (0, 5), (0, 2), (1, 7), (6, 9), (8, 9), (1, 3), (0, 1), (0, 4), (5, 6), (5, 9), (3, 6), (2, 4), (2, 7), (4, 7), (7, 9), (0, 3), (1, 2), (1, 8), (5, 8)]","[1.0, 1.0, 1.0, 1.0, 1.0, 1.0, 1.0, 1.0, 1.0, 1.0, 1.0, 1.0, 1.0, 1.0, 1.0, 1.0, 1.0, 1.0, 1.0, 1.0, 1.0, 1.0, 1.0, 1.0, 1.0]"
3747c83a,10,25,5,50.0,False,True,"[1, 1, 1]",12.343143507956343,24.86608448628393,12.433042243141966,9.15036277349573,7.504553070086259,8.897431082813956,9.150362773495733,9.150362773495734,"[6.373028464018162, 6.39961411220045, 6.424574561177961, 6.449093273618971, 6.473450658605684, 6.497561358158489, 6.521315123141333, 6.544512167251569, 6.566902821216012, 6.588258082351517, 6.6083997701977735, 6.627170433453384, 6.644390187204147, 6.659885818212007, 6.673574689380649, 6.685527375531799, 6.695954818982297, 6.705139138504674, 6.713355356374161, 6.7208125547718645, 6.727635319953517, 6.733889811950668, 6.7396315792920225, 6.744952125134238, 6.750010250377241, 6.755028077570811, 6.760238997035318, 6.765817572318365, 6.77184081678296, 6.778303039680116, 6.785168552726182, 6.792426540012767, 6.800112462449366, 6.808282032946584, 6.8169634612176795, 6.826137500130497, 6.835749362741822, 6.845739553365684, 6.856078843769414, 6.8667932229591235, 6.877967130278395, 6.889722126779827, 6.902197262436407, 6.915556349622608, 6.9300151180257785, 6.945868317057027, 6.9635067284138925, 6.983423292039118, 7.006221332219569, 7.032628871085901, 7.063513280834169]",50,0.7413316362721898,,3.552713678800501e-15,0.5058633813635574,9.150362773495734,,0.7413316362721899,,,,196.78211975097656,4852.0700006484985,True,4655.294118881226,0.006224870681762695,0.0,4655.294118881226,Results/warm_start_cache/list_388_graphs_adjacency_list_hog_v04-12_regular__filehash_5b7f8d46/hog_idx000328_cc841fc12e6c_noseed_L2_M2_amplified.npz,196.89303016662598,2026-08-25 15:31:16,x86_64,dacsgpu0002,,64,64,3.11.15,1.49,False,False,False,True,5,False,True,False,False,adam,False,hamqaoa,0.005,amplified_king,2,2,scs,1e-06,100000,False,False,False,hog,False,False,False,False,False,False,True,1,HOG_graphs/Exp5/list_388_graphs_adjacency_list_hog_v04-12_regular.txt,True,Results/warm_start_cache,512,60,0,16,1,1,0,0,5,0,5,10,1,False,_Exp6_KingAmplifiedWithHeuristic_rerun2508,1,,1,328,"[(2, 3), (3, 8), (2, 9), (4, 6), (4, 9), (7, 8), (0, 5), (1, 4), (0, 2), (1, 7), (6, 9), (5, 7), (3, 7), (4, 8), (8, 9), (0, 1), (1, 6), (0, 4), (5, 6), (5, 9), (3, 6), (2, 7), (0, 3), (1, 2), (5, 8)]","[1.0, 1.0, 1.0, 1.0, 1.0, 1.0, 1.0, 1.0, 1.0, 1.0, 1.0, 1.0, 1.0, 1.0, 1.0, 1.0, 1.0, 1.0, 1.0, 1.0, 1.0, 1.0, 1.0, 1.0, 1.0]"
1a13429b,10,30,5,50.0,False,True,"[1, 1, 1]",13.598083639760393,27.213959085083513,13.606979542541756,10.480680525703944,8.51280745100424,10.068959330028196,10.480680525703947,10.48068052570395,"[7.012005626706726, 7.076290216132586, 7.1326013772730095, 7.181213301988151, 7.224311964659141, 7.263101261272042, 7.296939824609361, 7.3248494584931745, 7.346437024568965, 7.362242367930926, 7.373582810929689, 7.382072250756095, 7.3891719828891, 7.395992467858861, 7.403231509649495, 7.41120087713755, 7.419940724577296, 7.429332214928474, 7.439187918451007, 7.449319942728585, 7.459592661840538, 7.469966145500361, 7.480529175819682, 7.491517067086957, 7.503298941339829, 7.5163256767741755, 7.531049988651241, 7.547843230214459, 7.566940000916529, 7.588414414621915, 7.612185028172359, 7.638039489020517, 7.66566937250493, 7.694710710454652, 7.724790353107737, 7.755572593030107, 7.7868022260962935, 7.818330053178979, 7.850114140462471, 7.882196559801616, 7.914665255290216, 7.947615427626077, 7.981117897570224, 8.015204389044285, 8.049871346598668, 8.085110310797955, 8.120958241383725, 8.157550922931826, 8.195149566316019, 8.234120500254564, 8.274887997687953]",50,0.7707468789983575,,3.552713678800501e-15,0.8234423913515059,10.48068052570395,,0.7707468789983576,,,,200.3875379562378,5723.289212703705,True,5522.90674495697,0.005057573318481445,0.0,5522.90674495697,Results/warm_start_cache/list_388_graphs_adjacency_list_hog_v04-12_regular__filehash_5b7f8d46/hog_idx000058_7c22981fd547_noseed_L2_M2_amplified.npz,200.4978003501892,2026-08-25 15:31:20,x86_64,dacsgpu0002,,64,64,3.11.15,1.49,False,False,False,True,6,True,False,False,True,adam,False,hamqaoa,0.005,amplified_king,2,2,scs,1e-06,100000,False,False,False,hog,False,False,False,False,False,False,True,1,HOG_graphs/Exp5/list_388_graphs_adjacency_list_hog_v04-12_regular.txt,True,Results/warm_start_cache,512,60,0,16,1,1,0,0,5,0,5,10,1,False,_Exp6_KingAmplifiedWithHeuristic_rerun2508,1,,1,58,"[(2, 3), (3, 8), (2, 6), (4, 9), (7, 8), (0, 5), (1, 4), (0, 2), (1, 7), (6, 9), (5, 7), (3, 4), (4, 8), (8, 9), (1, 3), (0, 1), (0, 4), (6, 8), (5, 6), (5, 9), (2, 4), (3, 9), (2, 7), (7, 9), (0, 3), (1, 2), (0, 6), (1, 5), (5, 8), (6, 7)]","[1.0, 1.0, 1.0, 1.0, 1.0, 1.0, 1.0, 1.0, 1.0, 1.0, 1.0, 1.0, 1.0, 1.0, 1.0, 1.0, 1.0, 1.0, 1.0, 1.0, 1.0, 1.0, 1.0, 1.0, 1.0, 1.0, 1.0, 1.0, 1.0, 1.0]"
a285acd7,10,25,4,50.0,False,True,"[1, 1, 1]",11.480121374408286,23.51438743883609,11.757193719418044,7.108068742964285,7.072029524995152,7.046884703297202,7.108068742964277,7.108068742964283,"[5.821400739609401, 5.858386217586582, 5.894829008597463, 5.930319599357575, 5.9647895002409115, 5.9984042770449415, 6.031300793778447, 6.0635752060602925, 6.095272523688762, 6.126309682886991, 6.156436929696333, 6.185272349804662, 6.212377011956161, 6.237337145101115, 6.259835017487388, 6.279702218400804, 6.296945964859227, 6.311743057292295, 6.324401263949821, 6.335300331404345, 6.344830213976442, 6.353350277955211, 6.361168815277853, 6.368541635358239, 6.375678511987686, 6.382753139424676, 6.3899115527918555, 6.3972793566559165, 6.404967932905215, 6.41307942287705, 6.4217115598775, 6.430963273814541, 6.440940557229728, 6.451762019403885, 6.4635645058725455, 6.47650456478252, 6.490755377624746, 6.506499072394977, 6.523914910197399, 6.543167878259686, 6.564398764230244, 6.587717425602233, 6.6131992768432895, 6.6408814825072975, 6.670758145349556, 6.702772084713281, 6.736807247124279, 6.7726840225573115, 6.810162767835871, 6.848960017600025, 6.888774541020005]",50,0.6191632049126,,1.2434497875801753e-14,0.12236807933416216,7.108068742964283,,0.6191632049126006,,,,160.30227541923523,4798.430658578873,True,4638.142688035965,0.014292240142822266,0.0,4638.142688035965,Results/warm_start_cache/list_388_graphs_adjacency_list_hog_v04-12_regular__filehash_5b7f8d46/hog_idx000362_16e1cf527813_noseed_L2_M2_amplified.npz,160.90264344215393,2026-08-25 15:31:25,x86_64,dacsgpu0002,,64,64,3.11.15,1.25,False,False,False,True,5,False,True,False,False,adam,False,hamqaoa,0.005,amplified_king,2,2,scs,1e-06,100000,False,False,False,hog,False,False,False,False,False,False,True,1,HOG_graphs/Exp5/list_388_graphs_adjacency_list_hog_v04-12_regular.txt,True,Results/warm_start_cache,512,60,0,16,1,1,0,0,5,0,5,10,1,False,_Exp6_KingAmplifiedWithHeuristic_rerun2508,1,,1,362,"[(3, 8), (2, 6), (3, 5), (4, 6), (4, 9), (7, 8), (0, 5), (0, 2), (1, 7), (6, 9), (8, 9), (1, 3), (0, 1), (0, 4), (5, 6), (5, 9), (3, 6), (2, 4), (2, 7), (4, 7), (7, 9), (0, 3), (1, 2), (1, 8), (5, 8)]","[1.0, 1.0, 1.0, 1.0, 1.0, 1.0, 1.0, 1.0, 1.0, 1.0, 1.0, 1.0, 1.0, 1.0, 1.0, 1.0, 1.0, 1.0, 1.0, 1.0, 1.0, 1.0, 1.0, 1.0, 1.0]"
5d66ddcc,10,20,1,50.0,False,True,"[1, 1, 1]",9.966962559826932,20.38809060771579,10.194045303857894,6.606443244132263,6.0871278131670055,6.459933745483872,6.606443244132266,6.606443244132266,"[5.373617882874726, 5.40199696693021, 5.430579632319633, 5.45936188721278, 5.488338067422998, 5.517500640452844, 5.546840073276285, 5.576344655903002, 5.606000253259525, 5.635790234366463, 5.665695227427847, 5.695693058484594, 5.725758682604751, 5.755864042810837, 5.785977890393655, 5.8160662779545405, 5.846092192876723, 5.8760158798365225, 5.905794802135719, 5.9353841560445195, 5.9647370792409244, 5.9938049253773515, 6.022537571802875, 6.050884356407891, 6.078794353470083, 6.1062167746177485, 6.1331018513499, 6.159401666413735, 6.185070797185068, 6.2100668784963355, 6.23435145130122, 6.257890992842573, 6.280657418708281, 6.302628846145943, 6.32379021860093, 6.344133807394604, 6.363659539645402, 6.382375235623449, 6.4002968138961585, 6.417447982829864, 6.433859729380933, 6.4495698902853, 6.464622347512663, 6.479065646968443, 6.492952029291376, 6.506336025701433, 6.519272894484698, 6.53181728253468, 6.5440217183111224, 6.5559354339356695, 6.567603220362265]",50,0.6628341587998281,,0.0,0.2930189972967874,6.606443244132266,,0.6628341587998281,,,,180.754896402359,4974.931728363037,True,4794.1861300468445,0.009279966354370117,0.0,4794.1861300468445,Results/warm_start_cache/list_388_graphs_adjacency_list_hog_v04-12_regular__filehash_5b7f8d46/hog_idx000285_3a09f1e2e58c_noseed_L2_M2_amplified.npz,180.87279152870178,2026-08-25 15:38:13,x86_64,dacsgpu0002,,64,64,3.11.15,0.52,False,False,False,True,4,False,True,False,True,adam,False,hamqaoa,0.005,amplified_king,2,2,scs,1e-06,100000,False,False,False,hog,False,False,False,False,False,False,True,1,HOG_graphs/Exp5/list_388_graphs_adjacency_list_hog_v04-12_regular.txt,True,Results/warm_start_cache,512,60,0,16,1,1,0,0,5,0,5,10,1,False,_Exp6_KingAmplifiedWithHeuristic_rerun2508,1,,1,285,"[(3, 8), (2, 9), (4, 9), (7, 8), (0, 2), (6, 9), (5, 7), (3, 4), (1, 3), (0, 1), (1, 6), (0, 4), (5, 6), (5, 9), (2, 4), (2, 7), (0, 3), (1, 8), (5, 8), (6, 7)]","[1.0, 1.0, 1.0, 1.0, 1.0, 1.0, 1.0, 1.0, 1.0, 1.0, 1.0, 1.0, 1.0, 1.0, 1.0, 1.0, 1.0, 1.0, 1.0, 1.0]"
d6cfa5e4,10,25,1,50.0,False,True,"[1, 1, 1]",12.53228022680831,25.207901033608287,12.603950516804144,9.119890420666072,7.582689160098534,8.797922763057763,9.119890420666078,9.11989042066607,"[7.907605669728401, 7.942720017562294, 7.977255602312692, 8.011112177876905, 8.04419635076659, 8.076427059807987, 8.107742167441597, 8.138106060126448, 8.167517282092792, 8.196010987425426, 8.223653870061007, 8.250533815303914, 8.276748819044872, 8.302402073211315, 8.327600337142396, 8.352452864299707, 8.377068210637036, 8.401548741507513, 8.425984739485466, 8.450448017716433, 8.474987498169128, 8.4996271680835, 8.524366282023516, 8.549181772119962, 8.574033188115322, 8.59886753293426, 8.623625352637868, 8.648246052382937, 8.67267221409924, 8.696853785125123, 8.72075035381494, 8.74433262250027, 8.767582343966641, 8.790491586834419, 8.813060443822605, 8.835294504736817, 8.857201897444918, 8.87878999042894, 8.900063198376385, 8.921020657203684, 8.94165547255304, 8.961954548535182, 8.981899341251761, 9.001467522290437, 9.020634742803116, 9.039376773766127, 9.05767162470506, 9.07550101238246, 9.092851414334566, 9.10971430960187, 9.126086207358131]",50,0.727711977039689,,0.012391573384107346,0.6563268886007378,9.126086207358131,,0.7282063632630995,,,,178.033367395401,4727.511355876923,True,4549.582579612732,0.10457444190979004,0.0,4549.582579612732,Results/warm_start_cache/list_388_graphs_adjacency_list_hog_v04-12_regular__filehash_5b7f8d46/hog_idx000351_1c4868c93b70_noseed_L2_M2_amplified.npz,179.68853282928467,2026-08-25 15:38:13,x86_64,dacsgpu0002,,64,64,3.11.15,0.52,False,False,False,True,5,False,False,False,False,adam,False,hamqaoa,0.005,amplified_king,2,2,scs,1e-06,100000,False,False,False,hog,False,False,False,False,False,False,True,1,HOG_graphs/Exp5/list_388_graphs_adjacency_list_hog_v04-12_regular.txt,True,Results/warm_start_cache,512,60,0,16,1,1,0,0,5,0,5,10,1,False,_Exp6_KingAmplifiedWithHeuristic_rerun2508,1,,1,351,"[(2, 3), (2, 6), (4, 6), (4, 9), (7, 8), (0, 5), (0, 2), (1, 7), (6, 9), (5, 7), (2, 8), (3, 7), (4, 8), (8, 9), (1, 3), (0, 1), (1, 6), (0, 4), (5, 6), (5, 9), (3, 9), (4, 7), (0, 3), (1, 2), (5, 8)]","[1.0, 1.0, 1.0, 1.0, 1.0, 1.0, 1.0, 1.0, 1.0, 1.0, 1.0, 1.0, 1.0, 1.0, 1.0, 1.0, 1.0, 1.0, 1.0, 1.0, 1.0, 1.0, 1.0, 1.0, 1.0]"
1eb9d0f9,10,25,1,50.0,False,True,"[1, 1, 1]",12.056142283450553,24.26375366729817,12.131876833649086,8.450255107970527,7.4028568139080235,8.091522204370158,8.450255107970525,8.450255107970522,"[7.509078441707226, 7.54388893727914, 7.578844879932815, 7.6139100545993585, 7.649043774738498, 7.684200338026743, 7.719329359044293, 7.754375273375802, 7.789277484443525, 7.823970714911787, 7.858385047009918, 7.892446675779246, 7.92607834646679, 7.959200329501515, 7.991731395928969, 8.02358984644564, 8.0546951046534, 8.08496904774086, 8.114338010730798, 8.142734573175415, 8.170099149649209, 8.196382115930538, 8.221545213277256, 8.245563528274996, 8.268426865696679, 8.290140219400376, 8.310724455954007, 8.330215832079912, 8.348664871372113, 8.366134560005491, 8.382697721974317, 8.398433821263126, 8.413425449017147, 8.427754872440493, 8.441500515670429, 8.454733698024826, 8.46751646939285, 8.479900419673815, 8.491925541305184, 8.503620779140224, 8.515004587820206, 8.526085868480248, 8.536865984454192, 8.547340551306581, 8.557501048168556, 8.567336325582627, 8.576834559707965, 8.58598424850449, 8.594775529100223, 8.603200794492972, 8.611255479382937]",50,0.7009087077190667,,0.32200074282482305,1.0394665500255584,8.611255479382937,,0.7142629273049965,,,,182.31524968147278,4943.87929391861,True,4761.569727182388,0.005667686462402344,0.0,4761.569727182388,Results/warm_start_cache/list_388_graphs_adjacency_list_hog_v04-12_regular__filehash_5b7f8d46/hog_idx000331_d8d20635affc_noseed_L2_M2_amplified.npz,182.55199646949768,2026-08-25 15:38:15,x86_64,dacsgpu0002,,64,64,3.11.15,0.52,False,False,False,True,5,False,True,False,False,adam,False,hamqaoa,0.005,amplified_king,2,2,scs,1e-06,100000,False,False,False,hog,False,False,False,False,False,False,True,1,HOG_graphs/Exp5/list_388_graphs_adjacency_list_hog_v04-12_regular.txt,True,Results/warm_start_cache,512,60,0,16,1,1,0,0,5,0,5,10,1,False,_Exp6_KingAmplifiedWithHeuristic_rerun2508,1,,1,331,"[(3, 8), (2, 6), (4, 9), (7, 8), (0, 5), (0, 2), (1, 7), (6, 9), (5, 7), (4, 8), (8, 9), (1, 3), (0, 1), (1, 6), (0, 4), (5, 6), (5, 9), (3, 6), (2, 4), (3, 9), (2, 7), (4, 7), (0, 3), (1, 2), (5, 8)]","[1.0, 1.0, 1.0, 1.0, 1.0, 1.0, 1.0, 1.0, 1.0, 1.0, 1.0, 1.0, 1.0, 1.0, 1.0, 1.0, 1.0, 1.0, 1.0, 1.0, 1.0, 1.0, 1.0, 1.0, 1.0]"
