run_id,n,m,p,precision/iterations,singlet_injection,warm_start,parameter_vector,optimal_result,sdp_objective_value_step1,sdp_objective_value_king_normalized_step1,algorithm17_actual_energy,algorithm17_lower_bound_energy,algorithm17_analytic_F_value,algorithm17_F_bound_applicable,algorithm17_beta_mode,algorithm17_beta_star,algorithm17_beta_optimisation_time_seconds,initial_ws_energy_prodStates_step2,initial_sdp_statevector_energy,initial_qaoa_input_energy_normalized,adam_initial_point_energy_normalized,adam_energy_history_normalized_json,adam_updates_completed,initial_sdp_statevec_ratio,initial_ws_energy_010101,QAOA_improvement_over_SDP_statevectorEnergy,QAOA_improvement_over_SDP_prodStatesEnergy,result,result_010101,approx_ratio,approx_ratio_010101,diff. approx. ratio,sdp ws greater,duration_seconds,duration_seconds_excluding_warm_start_cache_io,warm_start_cache_used,warm_start_compute_time_seconds,warm_start_load_time_seconds,warm_start_save_time_seconds,warm_start_effective_time_seconds,warm_start_cache_path,full duration_seconds,finished_at,processor,hostname,total_ram_gb,physical_cores,logical_cores,python_version,peak_ram_mb,Instance_is_triangle_free,Instance_is_3_regular,Instance_is_bipartite,Instance_is_regular,Regular_degree,Instance_is_claw_free,Instance_is_twin_free,Instance_is_planar,Instance_is_eulerian,optimiser,optimiser_use_heuristic,heuristic_optimiser_iterations,heuristic_optimiser_sampleSize,circuit_type,learning_rate_adam,compare_with_010101,init_QAOAparams_close_to_zero,graph_generation_type,weighted,easiest_first,debug,save_circuit_svg,rerun_exclude_finished_instances,warm_start_cache_producer_only,qaoa_only_from_existing_warm_start_cache,num_repeats,relative_graph_adjList_path,persistent_warm_start_cache,sdp_max_parallel,qaoa_max_parallel,sdp_threads,qaoa_threads,sdp_memory_limit_total_gb,sdp_memory_limit_single_gb,sdp_max_retries,queue_poll_interval_seconds,max_graph_vertices,qaoa_seed,initialise_standard_warm_start_with_zero_angles,result_name_suffix,benchmark_repeat_idx,sdp_seed,qaoa_seed_used,hog_graph_index,edges,weights
20e850ea,2,1,1,75.0,False,False,"[1, 1, 1]",,,,,,,,,,,,,,0.6165792916627437,"[0.6165792916627437, 0.7229043835901869, 0.8094195980960202, 0.8749292064821839, 0.9287605360205853, 0.9704497514672034, 0.9944657214288535, 0.9993955360907676, 0.9903281637817138, 0.9755131343504208, 0.9615085606119815, 0.9516484426484647, 0.9468967129956671, 0.9467989149908173, 0.9505728099922016, 0.9577009006526036, 0.9674810671650658, 0.9783608718566708, 0.9881946898876296, 0.9952016301151322, 0.9987100234936876, 0.9991532465092051, 0.9975363094276647, 0.9948931409044071, 0.9920160910856748, 0.9894285937064138, 0.9875406346703548, 0.9867990080990874, 0.9875447923496541, 0.9896751820210973, 0.99257000420932, 0.9954277749633272, 0.9976645707876048, 0.9990544365112977, 0.9996389196035145, 0.9995762579350596, 0.9990302620563187, 0.9981570610021391, 0.9971900480259165, 0.9964658558912662, 0.996263891879813, 0.9966187264928207, 0.9973357837375352, 0.9981615978898921, 0.9989097497573083, 0.999482406502224, 0.9998383091534975, 0.9999509827727013, 0.999811372959515, 0.9994875659682572, 0.9991387204930192, 0.9989198840047848, 0.9988877015363331, 0.9990092580188573, 0.9992221775674931, 0.9994711726860293, 0.999713691182136, 0.9999053303636031, 0.9999961691980861, 0.9999673571909338, 0.9998605883693286, 0.9997453304094197, 0.999668161967288, 0.9996428540528991, 0.9996659882917791, 0.9997294728400173, 0.9998215869452042, 0.9999170051851222, 0.9999809881651649, 0.9999964397189482, 0.999975067530613, 0.9999389749452405, 0.9999045134284491, 0.9998809905839192, 0.9998747210423038, 0.9998906303604117]",75,,,,,0.9998906303604117,,0.9998906303604117,,,,1.5146503448486328,1.5146503448486328,False,,0.0,0.0,,,1.5242114067077637,2026-09-07 11:52:18,x86_64,dacsgpu0002,,64,64,3.11.15,0.22,True,False,True,True,1,True,False,True,False,adam,True,1,10,hamqaoa,0.05,False,False,hog,False,False,False,False,True,False,False,1,HOG_graphs/Exp5/complete_graphs_2to12vertices_11instances_AdjacencyList.txt,False,0,16,1,1,0,0,0,5,10,42,True,_FINAL_BENCHMARKS_STANDARD,1,,42,0,"[(0, 1)]",[1.0]
35353442,4,6,1,75.0,False,False,"[1, 1, 1]",,,,,,,,,,,,,,1.4667766057263183,"[1.4667766057263183, 1.5618305206441305, 1.6339096066421186, 1.6822504942189904, 1.721395583602482, 1.761480240922186, 1.8007362381096166, 1.830254130643402, 1.8419798925873323, 1.834332089448216, 1.8149061812294445, 1.7958159660595971, 1.7859509493927057, 1.7879695129013349, 1.7995711918704689, 1.8158846111086244, 1.8316084267719277, 1.842662086575939, 1.847265936477859, 1.8461696946697268, 1.8418373061221645, 1.83701980880212, 1.833608704025782, 1.8322695411777847, 1.8327064881103121, 1.8342280669946847, 1.836284106273415, 1.8386693298933667, 1.8413387332797675, 1.8440971775652613, 1.8464722487008522, 1.847871941960348, 1.8479135865450818, 1.846707807646469, 1.8448938321259307, 1.8433635510346715, 1.8428265382843347, 1.8434839783903116, 1.8449909686664097, 1.8466903949717395, 1.847960662848786, 1.8484923348576996, 1.8483628889223156, 1.847894576746659, 1.8474193779112922, 1.8471229362213286, 1.8470357375534665, 1.8471117112347957, 1.847307720916303, 1.8476099054339477, 1.8479954203250302, 1.8483825933782034, 1.8486435448127791, 1.848681790466379, 1.8485049236655386, 1.8482320713621323, 1.8480284417658372, 1.8480073084559345, 1.8481668809248402, 1.8484075740259462, 1.8486090378396178, 1.8487025171024198, 1.8486932065519963, 1.848632563614244, 1.8485714777789857, 1.8485328527818625, 1.848518633203437, 1.848529155398243, 1.8485680816532806, 1.8486322022779138, 1.8487020158241094, 1.8487468440422803, 1.848745873190682, 1.8487064557289894, 1.8486598948576491, 1.8486383727085574]",75,,,,,1.8486383727085574,,0.6162127909028524,,,,1.9356410503387451,1.9356410503387451,False,,0.0,0.0,,,1.9429655075073242,2026-09-07 11:52:18,x86_64,dacsgpu0002,,64,64,3.11.15,0.22,False,True,False,True,3,True,False,True,False,adam,True,1,10,hamqaoa,0.05,False,False,hog,False,False,False,False,True,False,False,1,HOG_graphs/Exp5/complete_graphs_2to12vertices_11instances_AdjacencyList.txt,False,0,16,1,1,0,0,0,5,10,42,True,_FINAL_BENCHMARKS_STANDARD,1,,42,2,"[(1, 3), (0, 1), (2, 3), (0, 3), (1, 2), (0, 2)]","[1.0, 1.0, 1.0, 1.0, 1.0, 1.0]"
eaa2a04a,2,1,2,75.0,False,False,"[1, 1, 1]",,,,,,,,,,,,,,0.42245263957116064,"[0.42245263957116064, 0.5262083292923463, 0.6281810068977918, 0.7230315494298956, 0.804687757789473, 0.87506651759991, 0.9313860424586805, 0.9705730193923597, 0.9933505115300645, 0.9999510366198013, 0.9928202551041541, 0.9782115666309974, 0.9618026160692557, 0.9471088077457109, 0.9367970341747538, 0.9323659299287751, 0.9333818681667523, 0.938624272368485, 0.9472109943603738, 0.9581195302742391, 0.9697190567877465, 0.9805130500422745, 0.9895748397543616, 0.9960579758993804, 0.9993344122436238, 0.9996724405520745, 0.997949486115489, 0.9949645438155998, 0.991539594777046, 0.9885841252797442, 0.9866274514597726, 0.9857949948687293, 0.9861859056740523, 0.9877647173856803, 0.9901510950044162, 0.9928896721835232, 0.9956007194060223, 0.9978396496743096, 0.9992708831795982, 0.9998828718547461, 0.9997995122602743, 0.9991834598685649, 0.9983246767425112, 0.9974914589358762, 0.9968283681935033, 0.996479304258775, 0.9965363931912621, 0.9969446442108051, 0.9976048596157094, 0.9983867424851631, 0.9991003360593393, 0.9996215414957119, 0.9999142750667742, 0.9999676301920408, 0.9998365128481919, 0.9996097732928308, 0.9993497294015572, 0.9991335275425448, 0.9990269891604286, 0.9990438436477868, 0.9991797728655052, 0.9993949969439767, 0.9996211542468922, 0.9998140081485798, 0.9999412276488424, 0.999988794780643, 0.9999726276058917, 0.9999086073348786, 0.9998231174322056, 0.9997500250157417, 0.999708620174624, 0.999712743934493, 0.9997581881543172, 0.9998250311069526, 0.9998964179959066, 0.9999538303115949]",75,,,,,0.9999538303115949,,0.9999538303115949,,,,2.547694206237793,2.547694206237793,False,,0.0,0.0,,,2.554564952850342,2026-09-07 11:52:19,x86_64,dacsgpu0002,,64,64,3.11.15,0.22,True,False,True,True,1,True,False,True,False,adam,True,1,10,hamqaoa,0.05,False,False,hog,False,False,False,False,True,False,False,1,HOG_graphs/Exp5/complete_graphs_2to12vertices_11instances_AdjacencyList.txt,False,0,16,1,1,0,0,0,5,10,42,True,_FINAL_BENCHMARKS_STANDARD,1,,42,0,"[(0, 1)]",[1.0]
4ebde6e8,6,15,1,75.0,False,False,"[1, 1, 1]",,,,,,,,,,,,,,3.840079918376061,"[3.840079918376061, 3.939283172466763, 4.108519913103009, 4.20699946203787, 4.2454858906086335, 4.2953998951086705, 4.379334122636574, 4.475664425208273, 4.553764565569942, 4.591616496279832, 4.584215821096387, 4.5469156901228365, 4.506867466496734, 4.485037607431902, 4.486845204894756, 4.505755691500775, 4.530653238781874, 4.551688238706548, 4.56375219212143, 4.56744976916206, 4.567442127467896, 4.568899849313149, 4.574071233342288, 4.581053187295207, 4.585480759360296, 4.584099069299922, 4.577713976162108, 4.570878124913071, 4.568393602474435, 4.571975197697494, 4.579724900707261, 4.58796480735121, 4.593555344043536, 4.595291083560033, 4.5939436549600074, 4.59134822269629, 4.589248371310327, 4.588516106082731, 4.5890301511882265, 4.590106187945284, 4.591096123967839, 4.591780843529694, 4.592375747197881, 4.59321958097775, 4.5943969540129315, 4.595584417493996, 4.596247220248623, 4.596047367300179, 4.595140949597935, 4.594119144307311, 4.593625369475708, 4.593939799312796, 4.5948414986386, 4.5958171808496875, 4.596426256487381, 4.596548542281542, 4.596369658679051, 4.596168755851498, 4.596101642416206, 4.596137749781505, 4.596162292564182, 4.596124798018665, 4.596094714084907, 4.596184508509643, 4.596423738923357, 4.596708526422865, 4.596877097980582, 4.59684336002974, 4.5966671218338915, 4.596500239056519, 4.59646164381727, 4.596554205363814, 4.596688891452008, 4.596777085149545, 4.596799078312044, 4.596794459603052]",75,,,,,4.596794459603052,,0.7661324099338419,,,,2.769407033920288,2.769407033920288,False,,0.0,0.0,,,2.777392625808716,2026-09-07 11:52:19,x86_64,dacsgpu0002,,64,64,3.11.15,0.22,False,False,False,True,5,True,False,False,False,adam,True,1,10,hamqaoa,0.05,False,False,hog,False,False,False,False,True,False,False,1,HOG_graphs/Exp5/complete_graphs_2to12vertices_11instances_AdjacencyList.txt,False,0,16,1,1,0,0,0,5,10,42,True,_FINAL_BENCHMARKS_STANDARD,1,,42,4,"[(1, 3), (0, 1), (2, 3), (0, 4), (3, 5), (0, 3), (1, 2), (3, 4), (1, 5), (4, 5), (2, 5), (0, 5), (1, 4), (0, 2), (2, 4)]","[1.0, 1.0, 1.0, 1.0, 1.0, 1.0, 1.0, 1.0, 1.0, 1.0, 1.0, 1.0, 1.0, 1.0, 1.0]"
38aea1c6,2,1,3,75.0,False,False,"[1, 1, 1]",,,,,,,,,,,,,,0.7346489709258064,"[0.7346489709258064, 0.8449874424543213, 0.8806970426643116, 0.8999784139101924, 0.9328469069455999, 0.9698120284447679, 0.9908583526051341, 0.9899445258840647, 0.9807169185741437, 0.9777052404806952, 0.9812307061236503, 0.9841249021978633, 0.9834748659288963, 0.9821443307505284, 0.9824237901598762, 0.9833194774193409, 0.9832283351552893, 0.9826927730720558, 0.9840598635599812, 0.9882536919262407, 0.9929351933456394, 0.9949117743287113, 0.9939016702959284, 0.9928424877697177, 0.9940498443800714, 0.9965946019694245, 0.9980862614482062, 0.9978054727352302, 0.9972230571655467, 0.9977072032854115, 0.9988277877325182, 0.9992817894437094, 0.9988014933782846, 0.9984025781657013, 0.998777291740641, 0.9993857366925843, 0.9994873154617292, 0.9992391568479925, 0.9991893419424827, 0.9993246774555015, 0.9992847511259616, 0.9991258444327987, 0.9992398620855847, 0.9996035390643735, 0.9997199928940406, 0.9994276272454847, 0.9992034176087778, 0.9993927752902747, 0.9996873727563453, 0.9996982790038744, 0.9995504609156827, 0.9995555952705204, 0.999683176277662, 0.9997182662244609, 0.9996756467114705, 0.9997119393402121, 0.9998026341689261, 0.9998213318458762, 0.9997954820739796, 0.9998199126592809, 0.9998624798399132, 0.9998631380818415, 0.9998709021801077, 0.9999227457682113, 0.9999468616290408, 0.9999107120414462, 0.9998994598321979, 0.9999508832628294, 0.9999848759459788, 0.9999630853521926, 0.9999477633502776, 0.9999678381111934, 0.9999814248732121, 0.9999767163562915, 0.9999805806348712, 0.9999881280431937]",75,,,,,0.9999881280431937,,0.9999881280431937,,,,3.4854588508605957,3.4854588508605957,False,,0.0,0.0,,,3.494004964828491,2026-09-07 11:52:20,x86_64,dacsgpu0002,,64,64,3.11.15,0.22,True,False,True,True,1,True,False,True,False,adam,True,1,10,hamqaoa,0.05,False,False,hog,False,False,False,False,True,False,False,1,HOG_graphs/Exp5/complete_graphs_2to12vertices_11instances_AdjacencyList.txt,False,0,16,1,1,0,0,0,5,10,42,True,_FINAL_BENCHMARKS_STANDARD,1,,42,0,"[(0, 1)]",[1.0]
a500b2b1,4,6,2,75.0,False,False,"[1, 1, 1]",,,,,,,,,,,,,,0.8578833731996324,"[0.8578833731996324, 1.1265411602585735, 1.3731000666938549, 1.5427746765555066, 1.612125245401721, 1.615830797085997, 1.6605488043133636, 1.7435767011215522, 1.7789709458491199, 1.7464896698446408, 1.7181303380467012, 1.7206777131931341, 1.7348342045229064, 1.749545675984045, 1.7674734467959905, 1.7973559238395755, 1.8362971670836072, 1.8697522000454778, 1.892051086468425, 1.9095164649683412, 1.9302185921860702, 1.9533074304827744, 1.9692877039885437, 1.973473354371551, 1.9712754932637684, 1.968106660364755, 1.9643864105539293, 1.9598929294780927, 1.9571097786737632, 1.9593510701194834, 1.9667661398340228, 1.9755276401247903, 1.980781950778413, 1.9804519804885385, 1.976820153569271, 1.9744323980417093, 1.9762954613279906, 1.9820063662979, 1.9888334203583662, 1.9940095398925024, 1.9963694889061314, 1.9964767157898056, 1.9955212529051494, 1.9942362315219124, 1.9928575354055804, 1.9917604150745059, 1.9916017942051234, 1.9926418212180677, 1.9942522308726713, 1.9954310468436318, 1.995751750191308, 1.995654836077378, 1.995837170376862, 1.9965226661011821, 1.997396612879651, 1.9980989542122296, 1.9985899512972074, 1.9990042532359409, 1.9993049695935672, 1.9992753274849802, 1.9988607896524284, 1.9983545335672215, 1.9981348646705857, 1.9982951083906484, 1.99863088658325, 1.998932233190351, 1.9991612148832127, 1.9993496721869122, 1.9994680195385826, 1.9994814560517673, 1.9994612317376705, 1.9995303914801803, 1.9997020494665059, 1.9998495148860682, 1.9998582065961994, 1.9997518759085975]",75,,,,,1.9997518759085975,,0.6665839586361991,,,,3.8268485069274902,3.8268485069274902,False,,0.0,0.0,,,3.8350818157196045,2026-09-07 11:52:20,x86_64,dacsgpu0002,,64,64,3.11.15,0.22,False,True,False,True,3,True,False,True,False,adam,True,1,10,hamqaoa,0.05,False,False,hog,False,False,False,False,True,False,False,1,HOG_graphs/Exp5/complete_graphs_2to12vertices_11instances_AdjacencyList.txt,False,0,16,1,1,0,0,0,5,10,42,True,_FINAL_BENCHMARKS_STANDARD,1,,42,2,"[(1, 3), (0, 1), (2, 3), (0, 3), (1, 2), (0, 2)]","[1.0, 1.0, 1.0, 1.0, 1.0, 1.0]"
8baf9224,2,1,4,75.0,False,False,"[1, 1, 1]",,,,,,,,,,,,,,0.44923566820978295,"[0.44923566820978295, 0.697051838424038, 0.8848953184107557, 0.9587346934244796, 0.9419654505568792, 0.9079639722766206, 0.8971609217588411, 0.9134966430659792, 0.9445989283842849, 0.9745816726066241, 0.9922970791535937, 0.9943936157319909, 0.9849110191100146, 0.971569102765681, 0.9617137822161274, 0.9594781873688509, 0.9648160417377319, 0.9746244231888437, 0.9848263109313282, 0.992035765618623, 0.9945701469064842, 0.9931540021149108, 0.99016036883914, 0.9874778430669892, 0.9856570678722734, 0.9849931970207058, 0.9860345374232548, 0.9888475806095527, 0.9927047092865271, 0.9963240399419908, 0.998257239483991, 0.9979125135898466, 0.9962329081541085, 0.9947746345916124, 0.9943888539952251, 0.9950085986109248, 0.9961318763684275, 0.997274819783573, 0.9982802826344142, 0.9991538219698705, 0.999612041583744, 0.9993256527961895, 0.9985386493838473, 0.9979002503309435, 0.9978855406063442, 0.9984889344821557, 0.9992239153516201, 0.9996435836889441, 0.9997504593080648, 0.9996974155161589, 0.9995483152611113, 0.9993437985737206, 0.9991528712056846, 0.9991375602578272, 0.9993913034667548, 0.9997347329211631, 0.9999249571242018, 0.9998907127903307, 0.9997337769637376, 0.999622337491693, 0.999602382517419, 0.9996298836189447, 0.999703941511086, 0.9998162469302387, 0.9999225401759341, 0.9999535592905042, 0.9998870704714806, 0.9998064106284441, 0.9997881451950202, 0.9998344409512625, 0.9998985436413135, 0.9999400095572073, 0.999963363934969, 0.9999678484907909, 0.9999469818565403, 0.9999169367178662]",75,,,,,0.9999169367178662,,0.9999169367178662,,,,4.864026308059692,4.864026308059692,False,,0.0,0.0,,,4.873986482620239,2026-09-07 11:52:22,x86_64,dacsgpu0002,,64,64,3.11.15,0.22,True,False,True,True,1,True,False,True,False,adam,True,1,10,hamqaoa,0.05,False,False,hog,False,False,False,False,True,False,False,1,HOG_graphs/Exp5/complete_graphs_2to12vertices_11instances_AdjacencyList.txt,False,0,16,1,1,0,0,0,5,10,42,True,_FINAL_BENCHMARKS_STANDARD,1,,42,0,"[(0, 1)]",[1.0]
9f770a46,9,36,1,75.0,False,False,"[1, 1, 1]",,,,,,,,,,,,,,5.902345701921827,"[5.902345701921827, 6.8828325003055735, 6.7929226709056865, 6.639019510666931, 6.737501369531291, 6.899927414718307, 6.968143478190489, 6.941113384327613, 6.937622693108867, 7.012073473696663, 7.125295107880941, 7.221694580107991, 7.282484873457096, 7.328614357574207, 7.388004032077957, 7.46838190791799, 7.556456397078783, 7.630622337987786, 7.673169662334931, 7.677891981605816, 7.652686440994042, 7.616307578471102, 7.588992222135129, 7.582044314563139, 7.5944222519542075, 7.616842267179672, 7.638203620951007, 7.650599824821035, 7.65170067776393, 7.644594997139559, 7.635675476796674, 7.631371212249777, 7.635116157781815, 7.646206848284276, 7.660926823326712, 7.674734200322147, 7.684162412255625, 7.687813914049006, 7.686396775693389, 7.6820487744086865, 7.677365075751768, 7.674569005659104, 7.674919536622109, 7.678315623124891, 7.683270600614633, 7.687519220782178, 7.689180052678828, 7.687856198913669, 7.684896287067756, 7.682542033172142, 7.682515143710305, 7.685020418719691, 7.688776661184993, 7.691948378337388, 7.693274108158361, 7.692686699914138, 7.691126334627241, 7.6898093795733935, 7.689496032020806, 7.69019098105654, 7.691340407984359, 7.692280692106914, 7.692623905497838, 7.692390953563816, 7.691903016300921, 7.69155075862952, 7.691585656545272, 7.692020460363293, 7.692656927512739, 7.693206597160254, 7.693443962224664, 7.69332162111571, 7.692992367235038, 7.69271329087317, 7.692681548222993, 7.692909468042801]",75,,,,,7.692909468042801,,0.6410757890035668,,,,5.027293920516968,5.027293920516968,False,,0.0,0.0,,,5.034548759460449,2026-09-07 11:52:22,x86_64,dacsgpu0002,,64,64,3.11.15,0.22,False,False,False,True,8,True,False,False,True,adam,True,1,10,hamqaoa,0.05,False,False,hog,False,False,False,False,True,False,False,1,HOG_graphs/Exp5/complete_graphs_2to12vertices_11instances_AdjacencyList.txt,False,0,16,1,1,0,0,0,5,10,42,True,_FINAL_BENCHMARKS_STANDARD,1,,42,7,"[(2, 3), (3, 8), (2, 6), (3, 5), (4, 6), (7, 8), (0, 5), (1, 4), (0, 2), (0, 8), (1, 7), (5, 7), (3, 4), (2, 8), (4, 5), (3, 7), (2, 5), (4, 8), (1, 3), (0, 1), (1, 6), (0, 4), (0, 7), (6, 8), (5, 6), (3, 6), (2, 4), (2, 7), (4, 7), (0, 3), (1, 2), (1, 8), (0, 6), (1, 5), (5, 8), (6, 7)]","[1.0, 1.0, 1.0, 1.0, 1.0, 1.0, 1.0, 1.0, 1.0, 1.0, 1.0, 1.0, 1.0, 1.0, 1.0, 1.0, 1.0, 1.0, 1.0, 1.0, 1.0, 1.0, 1.0, 1.0, 1.0, 1.0, 1.0, 1.0, 1.0, 1.0, 1.0, 1.0, 1.0, 1.0, 1.0, 1.0]"
0d66de6f,6,15,2,75.0,False,False,"[1, 1, 1]",,,,,,,,,,,,,,2.676354887690554,"[2.676354887690554, 3.3592389716884643, 3.80116631852523, 3.9871277552629785, 4.028934765216647, 4.034706294347575, 4.0825689663697124, 4.1931591318266666, 4.316497808193124, 4.401531897211747, 4.458449024697816, 4.51036685093993, 4.565737616635519, 4.617347846903736, 4.641976194331491, 4.62176421432302, 4.579772873619249, 4.561141202174805, 4.580175645082795, 4.617853258585275, 4.651142596577426, 4.669362086993485, 4.673109217759562, 4.668811884530467, 4.663218489052397, 4.659750878747933, 4.657464570324556, 4.6534026246372475, 4.647744996480343, 4.645535209770773, 4.651302561904219, 4.664064517934641, 4.678491554723208, 4.689196604182301, 4.693703036635254, 4.69282959010274, 4.689485188750622, 4.686817392432444, 4.686514942561631, 4.688305751379298, 4.69088111492481, 4.69330684195487, 4.695565037602278, 4.697793687457579, 4.6994567644168415, 4.6997539185895825, 4.698672502516544, 4.697229714515983, 4.696672651901489, 4.6975370269227605, 4.69931091106918, 4.700868694769198, 4.701373207507922, 4.700943325067607, 4.700431543988283, 4.700511273564791, 4.701092105183055, 4.701635658139569, 4.701828065138037, 4.701791630018809, 4.701785088038621, 4.701893332443137, 4.702013252847023, 4.70204576218669, 4.70204956744163, 4.70218025242634, 4.702474435411983, 4.702754719855807, 4.702802429084051, 4.702605022821172, 4.702382159285347, 4.702365470105885, 4.702579403173743, 4.702846927285417, 4.702985590566892, 4.702969281970377]",75,,,,,4.702969281970377,,0.7838282136617295,,,,5.967912673950195,5.967912673950195,False,,0.0,0.0,,,5.974458932876587,2026-09-07 11:52:22,x86_64,dacsgpu0002,,64,64,3.11.15,0.22,False,False,False,True,5,True,False,False,False,adam,True,1,10,hamqaoa,0.05,False,False,hog,False,False,False,False,True,False,False,1,HOG_graphs/Exp5/complete_graphs_2to12vertices_11instances_AdjacencyList.txt,False,0,16,1,1,0,0,0,5,10,42,True,_FINAL_BENCHMARKS_STANDARD,1,,42,4,"[(1, 3), (0, 1), (2, 3), (0, 4), (3, 5), (0, 3), (1, 2), (3, 4), (1, 5), (4, 5), (2, 5), (0, 5), (1, 4), (0, 2), (2, 4)]","[1.0, 1.0, 1.0, 1.0, 1.0, 1.0, 1.0, 1.0, 1.0, 1.0, 1.0, 1.0, 1.0, 1.0, 1.0]"
a8b99f49,4,6,3,75.0,False,False,"[1, 1, 1]",,,,,,,,,,,,,,1.5452114098768832,"[1.5452114098768832, 1.7844360731493105, 1.8515425472656695, 1.860614816014457, 1.8757732234241158, 1.8792835528924179, 1.8801740984838191, 1.8980154080565974, 1.9325189973578196, 1.9549982089979736, 1.9528992413980246, 1.9519343998782024, 1.9656472293631224, 1.9785395941993988, 1.9793674152291894, 1.9783824806811086, 1.9815958457909746, 1.9841261694437666, 1.981479395271078, 1.9759698029441406, 1.9742512450937593, 1.9787584697982596, 1.985011598633051, 1.9891161803543962, 1.9921198143333196, 1.9956210575086808, 1.9976102554398907, 1.9956752591398101, 1.991798002679402, 1.9900644479021619, 1.9911662596219346, 1.9925656083997838, 1.9931302579604087, 1.9942527054186923, 1.9963786813909246, 1.9977503443861209, 1.9976114423772142, 1.9975610463936528, 1.9984011600587495, 1.9986796826632929, 1.9977336342162992, 1.9971037167335564, 1.9976625508811614, 1.9982632163908178, 1.9982667207136058, 1.998557093118663, 1.9992743219765092, 1.9994227767005432, 1.9990514616432726, 1.9991201380535109, 1.9994716071009138, 1.99934941679, 1.999072367270044, 1.9991906887698714, 1.9993367060983762, 1.9992899238885702, 1.9994722838532901, 1.9998205754303184, 1.9998642574473946, 1.9997261172850267, 1.9997222878996093, 1.999711980964501, 1.999627942021069, 1.999683024756934, 1.9998240567579362, 1.9998510516001704, 1.99985075441141, 1.9999127947633608, 1.9999164882143643, 1.9998643583587468, 1.999870576864733, 1.9998933133072554, 1.9998859083177674, 1.9999137106529123, 1.9999545921233217, 1.9999401454716235]",75,,,,,1.9999401454716235,,0.6666467151572079,,,,6.497231960296631,6.497231960296631,False,,0.0,0.0,,,6.504920959472656,2026-09-07 11:52:23,x86_64,dacsgpu0002,,64,64,3.11.15,0.23,False,True,False,True,3,True,False,True,False,adam,True,1,10,hamqaoa,0.05,False,False,hog,False,False,False,False,True,False,False,1,HOG_graphs/Exp5/complete_graphs_2to12vertices_11instances_AdjacencyList.txt,False,0,16,1,1,0,0,0,5,10,42,True,_FINAL_BENCHMARKS_STANDARD,1,,42,2,"[(1, 3), (0, 1), (2, 3), (0, 3), (1, 2), (0, 2)]","[1.0, 1.0, 1.0, 1.0, 1.0, 1.0]"
8d680f3c,2,1,5,75.0,False,False,"[1, 1, 1]",,,,,,,,,,,,,,0.3594052710959712,"[0.3594052710959712, 0.6786927579789063, 0.8102200367415717, 0.880939740895188, 0.9075464741270258, 0.9243905499014851, 0.9365703085154425, 0.9406815834374299, 0.9447762597322377, 0.9558785036440749, 0.9677237001097636, 0.969243637211084, 0.9627861555167792, 0.9621630257207295, 0.9723908544972749, 0.9848215208225768, 0.9905872585860809, 0.9905104957675135, 0.9895109204821202, 0.9890086332034925, 0.9882331666345651, 0.9873006828745943, 0.986442152259031, 0.9858539682418297, 0.9873327698942653, 0.9919903546766751, 0.9964401520372255, 0.9964801054409382, 0.993997981506872, 0.9940323377100464, 0.9968532325752684, 0.9987214514687343, 0.9981889927407673, 0.9969315127662945, 0.9962596169404812, 0.9964419567039583, 0.997137707425842, 0.9973642604916656, 0.9971690120199364, 0.997738424815508, 0.9988589801241894, 0.9991800875698869, 0.998810299317294, 0.9987384152834052, 0.9990611172513293, 0.9995149049943908, 0.9997829996181189, 0.9994429988723493, 0.9989511646112729, 0.9990917828247821, 0.9994722722000478, 0.9994806426015166, 0.999394233602624, 0.999479133087385, 0.99962185117962, 0.999712850132879, 0.9996724644937695, 0.9996784984702745, 0.9998758216572157, 0.9999413843718847, 0.9997886496792353, 0.9997292317473676, 0.9997925097520718, 0.9998594070665252, 0.9998792342709231, 0.9998212011687091, 0.9998166488607609, 0.9998936811405174, 0.9999151146144818, 0.9999142166071452, 0.9999436530789554, 0.9999648859948911, 0.9999622664447014, 0.9999343652171173, 0.9999449027840857, 0.9999844303125918]",75,,,,,0.9999844303125918,,0.9999844303125918,,,,6.626482009887695,6.626482009887695,False,,0.0,0.0,,,6.633424282073975,2026-09-07 11:52:24,x86_64,dacsgpu0002,,64,64,3.11.15,0.23,True,False,True,True,1,True,False,True,False,adam,True,1,10,hamqaoa,0.05,False,False,hog,False,False,False,False,True,False,False,1,HOG_graphs/Exp5/complete_graphs_2to12vertices_11instances_AdjacencyList.txt,False,0,16,1,1,0,0,0,5,10,42,True,_FINAL_BENCHMARKS_STANDARD,1,,42,0,"[(0, 1)]",[1.0]
a3d4c0f7,4,6,4,75.0,False,False,"[1, 1, 1]",,,,,,,,,,,,,,1.4466333424208317,"[1.4466333424208317, 1.9559451713324114, 2.1810782158777724, 2.2448259245769804, 2.279414494234113, 2.332505203771237, 2.4045101074854514, 2.4784040266019858, 2.5306405441809745, 2.5567428555071965, 2.5662058566615458, 2.565882506722876, 2.5559239409096555, 2.547854482611479, 2.550456071397636, 2.5510340745344644, 2.5532116846071697, 2.563691604423555, 2.575379825822858, 2.590386900654631, 2.605000245507002, 2.613817825681537, 2.620928084721289, 2.628145749668356, 2.6351846718578695, 2.6406032773500066, 2.643275868881458, 2.645275240175416, 2.6457654708445655, 2.645449166686714, 2.6450792918519257, 2.644765900685719, 2.6468601073526568, 2.649483131359331, 2.651930250310347, 2.6545298994754276, 2.655731009843483, 2.6570021155861574, 2.657756874865211, 2.6582211442584613, 2.659444480580452, 2.6605553700362266, 2.6619017739837196, 2.663065210919014, 2.663277434379684, 2.662914491051979, 2.6626524395021893, 2.662868741827177, 2.6636395194834264, 2.664206363797208, 2.6648235948247674, 2.6653013984836913, 2.6654823844637137, 2.6654103420976933, 2.6653904522823004, 2.6656240463243255, 2.6656584656027964, 2.665586115637605, 2.665387040930714, 2.665356338108527, 2.6654121148842886, 2.6656267066229007, 2.6659220158702666, 2.666060613800627, 2.666148122373817, 2.666163088480624, 2.666232338538179, 2.6662888443222656, 2.6664018427481215, 2.66644626745976, 2.666438336531764, 2.6664081102963317, 2.6664229835617514, 2.6664386760812717, 2.6664629263969477, 2.6665004729778845]",75,,,,,2.6665004729778845,,0.8888334909926282,,,,9.675130128860474,9.675130128860474,False,,0.0,0.0,,,9.681939840316772,2026-09-07 11:52:26,x86_64,dacsgpu0002,,64,64,3.11.15,0.23,False,True,False,True,3,True,False,True,False,adam,True,1,10,hamqaoa,0.05,False,False,hog,False,False,False,False,True,False,False,1,HOG_graphs/Exp5/complete_graphs_2to12vertices_11instances_AdjacencyList.txt,False,0,16,1,1,0,0,0,5,10,42,True,_FINAL_BENCHMARKS_STANDARD,1,,42,2,"[(1, 3), (0, 1), (2, 3), (0, 3), (1, 2), (0, 2)]","[1.0, 1.0, 1.0, 1.0, 1.0, 1.0]"
dc62b2d5,6,15,3,75.0,False,False,"[1, 1, 1]",,,,,,,,,,,,,,4.395030166668535,"[4.395030166668535, 4.545817176864367, 4.607316026126631, 4.690098584633089, 4.743627309906249, 4.768927315616696, 4.793871949387684, 4.819312731396547, 4.843451754429563, 4.874594958121052, 4.922199866539612, 4.983694806337194, 5.046088584591445, 5.094051121667513, 5.11651148830207, 5.119431649205035, 5.128618659096719, 5.158624431440325, 5.18777979833798, 5.192297254566668, 5.193405820217675, 5.197385470454511, 5.195628638607421, 5.206454284523667, 5.218249788818072, 5.218292748933033, 5.225329196454969, 5.237433927582525, 5.249792252239126, 5.26498258442041, 5.267324630025235, 5.261910969624812, 5.264727709669218, 5.26717934511917, 5.263242240348169, 5.262535847337436, 5.264066224473594, 5.265033403992116, 5.269139576672809, 5.272116548375444, 5.272880994919002, 5.276202768356264, 5.277020220920002, 5.27597355226068, 5.27782143112238, 5.278416791635266, 5.2783115086006145, 5.279815002662893, 5.279817106907968, 5.28014121513337, 5.280928964824094, 5.279919282346295, 5.2797804652345235, 5.280245906607464, 5.280219229786366, 5.281293067496882, 5.282366525410685, 5.283285536968846, 5.284356763430282, 5.284108221217946, 5.283611040715985, 5.2835008381477735, 5.283051160706448, 5.282979571047037, 5.283149479972127, 5.2834320347336305, 5.284006010555242, 5.284130436419273, 5.284228220719337, 5.284405112828784, 5.284323596501257, 5.28439379115708, 5.2843851673328155, 5.284425037148031, 5.284470272207671, 5.284360451639276]",75,,,,,5.284360451639276,,0.8807267419398793,,,,11.015515089035034,11.015515089035034,False,,0.0,0.0,,,11.026180267333984,2026-09-07 11:52:28,x86_64,dacsgpu0002,,64,64,3.11.15,0.23,False,False,False,True,5,True,False,False,False,adam,True,1,10,hamqaoa,0.05,False,False,hog,False,False,False,False,True,False,False,1,HOG_graphs/Exp5/complete_graphs_2to12vertices_11instances_AdjacencyList.txt,False,0,16,1,1,0,0,0,5,10,42,True,_FINAL_BENCHMARKS_STANDARD,1,,42,4,"[(1, 3), (0, 1), (2, 3), (0, 4), (3, 5), (0, 3), (1, 2), (3, 4), (1, 5), (4, 5), (2, 5), (0, 5), (1, 4), (0, 2), (2, 4)]","[1.0, 1.0, 1.0, 1.0, 1.0, 1.0, 1.0, 1.0, 1.0, 1.0, 1.0, 1.0, 1.0, 1.0, 1.0]"
e04b179e,10,45,1,75.0,False,False,"[1, 1, 1]",,,,,,,,,,,,,,9.727879956410494,"[9.727879956410494, 10.340521473944415, 10.427336435399184, 10.658976506811905, 10.712822001270101, 10.696504866324823, 10.783114643695987, 10.965032182131752, 11.156840695955024, 11.291287485884393, 11.347231097025597, 11.341518969226673, 11.307723352392262, 11.277593431080744, 11.270758439186292, 11.291248080018644, 11.328841980352214, 11.365394604702411, 11.384316491652237, 11.379034166527095, 11.35606264260836, 11.330918722959357, 11.319332852378587, 11.328954116798064, 11.356203650425002, 11.38934331912904, 11.41532277497598, 11.42641999803638, 11.423292822692177, 11.413053700815896, 11.40417878471288, 11.401966624053179, 11.406896106250754, 11.415643651845116, 11.423432773102212, 11.426585143003132, 11.424440256962521, 11.419646660905306, 11.416404895053406, 11.417599606022943, 11.422959661682187, 11.42957754170047, 11.434162933776221, 11.435159347381358, 11.43335291567393, 11.4308834344121, 11.429660194114819, 11.430320729768743, 11.432196016179722, 11.434037049157403, 11.434899594893727, 11.434652835548112, 11.433932645247934, 11.433611554185237, 11.434160937664503, 11.43535591943905, 11.436519196695466, 11.437057556125893, 11.436858428190481, 11.436287585492769, 11.435863514694706, 11.435897164541895, 11.43633662593262, 11.43687430344142, 11.437196410254893, 11.43720243905483, 11.437044770575067, 11.43697014932564, 11.43710851280405, 11.437384975224582, 11.437608588867198, 11.437642414861411, 11.43750793067962, 11.437353068331767, 11.437326622257498, 11.437461483624427]",75,,,,,11.437461483624427,,0.7624974322416285,,,,5.724316120147705,5.724316120147705,False,,0.0,0.0,,,5.730863332748413,2026-09-07 11:52:29,x86_64,dacsgpu0002,,64,64,3.11.15,0.22,False,False,False,True,9,True,False,False,False,adam,True,1,10,hamqaoa,0.05,False,False,hog,False,False,False,False,True,False,False,1,HOG_graphs/Exp5/complete_graphs_2to12vertices_11instances_AdjacencyList.txt,False,0,16,1,1,0,0,0,5,10,42,True,_FINAL_BENCHMARKS_STANDARD,1,,42,8,"[(2, 3), (3, 8), (2, 6), (3, 5), (2, 9), (4, 6), (4, 9), (7, 8), (0, 5), (1, 4), (0, 2), (0, 8), (1, 7), (6, 9), (5, 7), (3, 4), (2, 8), (4, 5), (3, 7), (2, 5), (4, 8), (8, 9), (1, 3), (0, 1), (1, 6), (0, 4), (1, 9), (0, 7), (6, 8), (5, 6), (5, 9), (3, 6), (2, 4), (3, 9), (2, 7), (4, 7), (7, 9), (0, 3), (1, 2), (1, 8), (0, 6), (1, 5), (0, 9), (5, 8), (6, 7)]","[1.0, 1.0, 1.0, 1.0, 1.0, 1.0, 1.0, 1.0, 1.0, 1.0, 1.0, 1.0, 1.0, 1.0, 1.0, 1.0, 1.0, 1.0, 1.0, 1.0, 1.0, 1.0, 1.0, 1.0, 1.0, 1.0, 1.0, 1.0, 1.0, 1.0, 1.0, 1.0, 1.0, 1.0, 1.0, 1.0, 1.0, 1.0, 1.0, 1.0, 1.0, 1.0, 1.0, 1.0, 1.0]"
efaa5596,4,6,5,75.0,False,False,"[1, 1, 1]",,,,,,,,,,,,,,1.763763490601245,"[1.763763490601245, 2.3971351100015807, 2.4198503378656295, 2.386606204885596, 2.4642776096546997, 2.5744442020783436, 2.6115713730390056, 2.5637626345316415, 2.538078807135252, 2.545898305228276, 2.5690637985402427, 2.6004759341612282, 2.6260796909839423, 2.6292132753357547, 2.612138408478647, 2.594854741315902, 2.5948281074350774, 2.6128347007357653, 2.6362095464328563, 2.651735224361959, 2.655406956447603, 2.6501481172907395, 2.640871900380476, 2.6343208840466823, 2.6355996230400796, 2.643842986281522, 2.654028404912822, 2.6611411896580335, 2.6623844960029306, 2.6586260487070974, 2.654249909058788, 2.6535459661129615, 2.6566991880339033, 2.660464952810986, 2.66249584009862, 2.662858991377272, 2.662183998288455, 2.6608955841954685, 2.6599478419624467, 2.6605218708815723, 2.662623611694785, 2.6646389044189145, 2.665203109756847, 2.6647827037653053, 2.6643779287420633, 2.6640751339804214, 2.6638059614081895, 2.6640115127606574, 2.6648485038891807, 2.6657334573192197, 2.6660882964101376, 2.665899448252097, 2.6654931420914423, 2.6652473632454665, 2.6653987168481925, 2.665836624179073, 2.666195161679328, 2.6662296441600537, 2.6660202751516944, 2.665834660788006, 2.6658801881221836, 2.6661544615855584, 2.66643788258499, 2.6665086994303744, 2.6664035031723845, 2.6663078271015004, 2.666284089695592, 2.6663105386898205, 2.6664020717480574, 2.6665177649563643, 2.666553078920734, 2.6665098833018868, 2.6664775740963647, 2.6664793284655914, 2.666506067284656, 2.666569883585634]",75,,,,,2.666569883585634,,0.888856627861878,,,,14.537054061889648,14.537054061889648,False,,0.0,0.0,,,14.546811580657959,2026-09-07 11:52:31,x86_64,dacsgpu0002,,64,64,3.11.15,0.23,False,True,False,True,3,True,False,True,False,adam,True,1,10,hamqaoa,0.05,False,False,hog,False,False,False,False,True,False,False,1,HOG_graphs/Exp5/complete_graphs_2to12vertices_11instances_AdjacencyList.txt,False,0,16,1,1,0,0,0,5,10,42,True,_FINAL_BENCHMARKS_STANDARD,1,,42,2,"[(1, 3), (0, 1), (2, 3), (0, 3), (1, 2), (0, 2)]","[1.0, 1.0, 1.0, 1.0, 1.0, 1.0]"
c055dba0,8,28,1,75.0,False,False,"[1, 1, 1]",,,,,,,,,,,,,,5.657404974766205,"[5.657404974766205, 5.908897080783515, 6.050118754263906, 6.177564746375325, 6.204252839773551, 6.230359061583064, 6.315937012475492, 6.437903871235501, 6.551553750890515, 6.624557279447841, 6.645725345967637, 6.624552252653648, 6.5856225476701065, 6.555778010749708, 6.549783239488533, 6.565908163949871, 6.591763723203623, 6.613182328302757, 6.621450923780254, 6.616843463174773, 6.607319276978708, 6.603118152385459, 6.610499277112809, 6.628389627410208, 6.64942347912507, 6.664262589580042, 6.666885152513004, 6.658059298865515, 6.6447255699987515, 6.635474765868046, 6.635365237420566, 6.64355536317322, 6.6547045199025705, 6.662733776490438, 6.664539625580689, 6.661404019187067, 6.6573693038399435, 6.65605257140575, 6.658359925971202, 6.662453513300031, 6.665509560254065, 6.665797982396338, 6.663704217662694, 6.661176443693582, 6.660213732213882, 6.6615525481504125, 6.664369012283381, 6.667004550631006, 6.668117199945154, 6.667502128338316, 6.666072892820952, 6.665076439057025, 6.665174156018503, 6.666085642827968, 6.666992521410952, 6.667278433387612, 6.666971935773256, 6.666595675965811, 6.666645838476947, 6.6671813484775315, 6.667833040838312, 6.668153541284965, 6.667984685713161, 6.667550256377355, 6.667235772755624, 6.667271289291252, 6.667584207224732, 6.667914142718636, 6.668052376920376, 6.667994199059015, 6.667892946062076, 6.6678918504775515, 6.667998867413558, 6.668106777708673, 6.66811511712577, 6.668029083667166]",75,,,,,6.668029083667166,,0.6668029083667166,,,,4.0608954429626465,4.0608954429626465,False,,0.0,0.0,,,4.076711177825928,2026-09-07 11:52:33,x86_64,dacsgpu0002,,64,64,3.11.15,0.22,False,False,False,True,7,True,False,False,False,adam,True,1,10,hamqaoa,0.05,False,False,hog,False,False,False,False,True,False,False,1,HOG_graphs/Exp5/complete_graphs_2to12vertices_11instances_AdjacencyList.txt,False,0,16,1,1,0,0,0,5,10,42,True,_FINAL_BENCHMARKS_STANDARD,1,,42,6,"[(2, 3), (2, 6), (3, 5), (4, 6), (0, 5), (1, 4), (0, 2), (1, 7), (5, 7), (3, 4), (4, 5), (3, 7), (2, 5), (1, 3), (0, 1), (1, 6), (0, 4), (0, 7), (5, 6), (3, 6), (2, 4), (2, 7), (4, 7), (0, 3), (1, 2), (0, 6), (1, 5), (6, 7)]","[1.0, 1.0, 1.0, 1.0, 1.0, 1.0, 1.0, 1.0, 1.0, 1.0, 1.0, 1.0, 1.0, 1.0, 1.0, 1.0, 1.0, 1.0, 1.0, 1.0, 1.0, 1.0, 1.0, 1.0, 1.0, 1.0, 1.0, 1.0]"
74fe3b31,6,15,4,75.0,False,False,"[1, 1, 1]",,,,,,,,,,,,,,4.219684038517741,"[4.219684038517741, 4.854230377920194, 5.050520379407483, 5.0719404818444955, 5.035522978849247, 5.042045713258215, 5.015905249556919, 5.0370842813598165, 5.073780427318699, 5.094876353823214, 5.117514422451934, 5.1389086572786935, 5.158569510843934, 5.176802158415361, 5.191048613615848, 5.204503221831882, 5.217428790582271, 5.226719047112049, 5.234602582347125, 5.245261456011029, 5.258429984649152, 5.274247388733727, 5.293538567809579, 5.311566196788798, 5.320578065427076, 5.317742417517533, 5.309619519633717, 5.3047430923596695, 5.304947442668546, 5.306081487306439, 5.306715638652334, 5.311105132164189, 5.319382141175156, 5.325712197454538, 5.326795155016513, 5.325525141351735, 5.325710903526042, 5.327731735903349, 5.329270672000173, 5.328761172368226, 5.327879071002506, 5.328952902119601, 5.331906814246951, 5.335000221902819, 5.336798570161683, 5.337636322689372, 5.338499864295019, 5.3386093263462575, 5.337040974500148, 5.335259735379829, 5.335141023208842, 5.336492927294984, 5.338021140108937, 5.339291390488409, 5.340519762212992, 5.34106188859101, 5.340374753984006, 5.33935083404137, 5.338931155578828, 5.339113602094233, 5.339491713673724, 5.3399346882064345, 5.340529053030707, 5.340913903542518, 5.340805773758033, 5.340549667973073, 5.340499589725526, 5.340635660516496, 5.340771629387907, 5.340949780644316, 5.341179188521207, 5.34123477488827, 5.341119781789766, 5.3410236965601, 5.341034064238135, 5.341089800832796]",75,,,,,5.341089800832796,,0.8901816334721326,,,,18.007465839385986,18.007465839385986,False,,0.0,0.0,,,18.022668838500977,2026-09-07 11:52:35,x86_64,dacsgpu0002,,64,64,3.11.15,0.23,False,False,False,True,5,True,False,False,False,adam,True,1,10,hamqaoa,0.05,False,False,hog,False,False,False,False,True,False,False,1,HOG_graphs/Exp5/complete_graphs_2to12vertices_11instances_AdjacencyList.txt,False,0,16,1,1,0,0,0,5,10,42,True,_FINAL_BENCHMARKS_STANDARD,1,,42,4,"[(1, 3), (0, 1), (2, 3), (0, 4), (3, 5), (0, 3), (1, 2), (3, 4), (1, 5), (4, 5), (2, 5), (0, 5), (1, 4), (0, 2), (2, 4)]","[1.0, 1.0, 1.0, 1.0, 1.0, 1.0, 1.0, 1.0, 1.0, 1.0, 1.0, 1.0, 1.0, 1.0, 1.0]"
bf24b9a9,9,36,2,75.0,False,False,"[1, 1, 1]",,,,,,,,,,,,,,6.607805458076044,"[6.607805458076044, 7.979442403989694, 7.836062637868005, 8.135903321080344, 8.373485790015735, 8.437916678859695, 8.586952367425727, 8.938501244860824, 9.344367385452516, 9.5405249305637, 9.579239827385042, 9.615606275142412, 9.626223523273655, 9.581381799177564, 9.538750868363465, 9.54238174193231, 9.60754241988926, 9.745971100416442, 9.93703886220817, 10.081407153260542, 10.085238557998688, 10.000084733669837, 9.92967772718978, 9.918076005629471, 9.960066896036242, 10.019179122421093, 10.045574264614785, 10.02694452565863, 10.008153870723651, 10.028790568631704, 10.078414226324742, 10.11773320221044, 10.123786481103302, 10.106198115320392, 10.087454165214396, 10.084156851513569, 10.099598743614912, 10.121471337466973, 10.13228980544412, 10.128644448937589, 10.122545331393521, 10.12332150301967, 10.128264993258181, 10.131030759383462, 10.131681053028384, 10.135103731802369, 10.143447469920588, 10.152397486733868, 10.154564412929629, 10.148267094707311, 10.140973140315143, 10.140504071469207, 10.146216241434672, 10.151875643081354, 10.153882144751124, 10.153488672749889, 10.153241523003986, 10.153944299273201, 10.15463671031014, 10.15477312015409, 10.155325272433672, 10.156931926626115, 10.158473814859141, 10.15869049924757, 10.157973938707078, 10.157680087338896, 10.158488492012678, 10.15988177231424, 10.161005986112158, 10.161722153834747, 10.162352642928798, 10.16282801907378, 10.162972779491945, 10.16316413007201, 10.163898958304188, 10.165071992498117]",75,,,,,10.165071992498117,,0.8470893327081764,,,,12.138264894485474,12.138264894485474,False,,0.0,0.0,,,12.149503946304321,2026-09-07 11:52:35,x86_64,dacsgpu0002,,64,64,3.11.15,0.23,False,False,False,True,8,True,False,False,True,adam,True,1,10,hamqaoa,0.05,False,False,hog,False,False,False,False,True,False,False,1,HOG_graphs/Exp5/complete_graphs_2to12vertices_11instances_AdjacencyList.txt,False,0,16,1,1,0,0,0,5,10,42,True,_FINAL_BENCHMARKS_STANDARD,1,,42,7,"[(2, 3), (3, 8), (2, 6), (3, 5), (4, 6), (7, 8), (0, 5), (1, 4), (0, 2), (0, 8), (1, 7), (5, 7), (3, 4), (2, 8), (4, 5), (3, 7), (2, 5), (4, 8), (1, 3), (0, 1), (1, 6), (0, 4), (0, 7), (6, 8), (5, 6), (3, 6), (2, 4), (2, 7), (4, 7), (0, 3), (1, 2), (1, 8), (0, 6), (1, 5), (5, 8), (6, 7)]","[1.0, 1.0, 1.0, 1.0, 1.0, 1.0, 1.0, 1.0, 1.0, 1.0, 1.0, 1.0, 1.0, 1.0, 1.0, 1.0, 1.0, 1.0, 1.0, 1.0, 1.0, 1.0, 1.0, 1.0, 1.0, 1.0, 1.0, 1.0, 1.0, 1.0, 1.0, 1.0, 1.0, 1.0, 1.0, 1.0]"
df0885cd,7,21,1,75.0,False,False,"[1, 1, 1]",,,,,,,,,,,,,,4.295078021693969,"[4.295078021693969, 4.916334527501202, 4.904529635958668, 4.797431766308254, 4.835301279830917, 4.9355123306727515, 5.006199288177985, 5.023052856108169, 5.0354181282717185, 5.084183864724291, 5.162573571851127, 5.246239835596664, 5.322000295009692, 5.392116655263695, 5.4628441967431085, 5.533299920127729, 5.5934686009924155, 5.629802764453149, 5.633816323561251, 5.609478148849561, 5.573576782226135, 5.545561895701009, 5.535579878298001, 5.541864836935179, 5.555791562328326, 5.568130602692445, 5.573520943630336, 5.572273391175965, 5.569240757138233, 5.570413077343859, 5.579204097669345, 5.59462113057296, 5.612113969500321, 5.626236788580999, 5.633433125297354, 5.633473709137184, 5.628924992331636, 5.623307024639317, 5.619310642524428, 5.618024904945957, 5.619156206464547, 5.621662708360664, 5.624342459000636, 5.626259217079047, 5.627055424291119, 5.627077443318149, 5.62715579103195, 5.628081681164412, 5.630101038661592, 5.632748263682108, 5.635089930125899, 5.636235770993476, 5.635848108056792, 5.634357944421187, 5.632732110777537, 5.6319163025721375, 5.632300540174263, 5.633546316725627, 5.634868009165706, 5.635577581665353, 5.635518746450591, 5.635097355696901, 5.634908145755797, 5.6352657403239474, 5.636000088634444, 5.636642530768148, 5.636811940315552, 5.636485893841128, 5.635972100897234, 5.635648803924309, 5.6357004798499375, 5.636037274333876, 5.636415735953658, 5.636634011082953, 5.636652140365402, 5.636572071924339]",75,,,,,5.636572071924339,,0.7515429429232452,,,,3.275078058242798,3.275078058242798,False,,0.0,0.0,,,3.2846474647521973,2026-09-07 11:52:38,x86_64,dacsgpu0002,,64,64,3.11.15,0.22,False,False,False,True,6,True,False,False,True,adam,True,1,10,hamqaoa,0.05,False,False,hog,False,False,False,False,True,False,False,1,HOG_graphs/Exp5/complete_graphs_2to12vertices_11instances_AdjacencyList.txt,False,0,16,1,1,0,0,0,5,10,42,True,_FINAL_BENCHMARKS_STANDARD,1,,42,5,"[(2, 3), (2, 6), (3, 5), (4, 6), (0, 5), (1, 4), (0, 2), (3, 4), (4, 5), (2, 5), (1, 3), (0, 1), (1, 6), (0, 4), (5, 6), (3, 6), (2, 4), (0, 3), (1, 2), (0, 6), (1, 5)]","[1.0, 1.0, 1.0, 1.0, 1.0, 1.0, 1.0, 1.0, 1.0, 1.0, 1.0, 1.0, 1.0, 1.0, 1.0, 1.0, 1.0, 1.0, 1.0, 1.0, 1.0]"
b48bf5fe,10,45,2,75.0,False,False,"[1, 1, 1]",,,,,,,,,,,,,,9.726116658847086,"[9.726116658847086, 11.06347115402043, 11.975547868637472, 12.12353509391349, 12.224877161257192, 12.274810421845691, 12.34932182924864, 12.438431454000833, 12.489198744816317, 12.476610323942298, 12.430183754692301, 12.399749868324214, 12.406704955423137, 12.438140795178063, 12.472513484118759, 12.501057238214006, 12.531721216361007, 12.578686815709773, 12.646139754143594, 12.717142125138148, 12.763603085983695, 12.794397931289582, 12.879924678628422, 13.060635078727971, 13.240298735043964, 13.275129981466597, 13.29738535501307, 13.402352278069133, 13.408681311600766, 13.296180026196781, 13.261973440275032, 13.346649402122672, 13.42188122652917, 13.410969074723974, 13.390210534158877, 13.416447926915614, 13.425011790875061, 13.405791319935268, 13.427418179629846, 13.471610467718277, 13.489935212880411, 13.48380401195501, 13.472404271095117, 13.466388919808837, 13.469022219431931, 13.475569792936016, 13.481496316314939, 13.489078544097195, 13.500534434122248, 13.506224075463281, 13.500074308708081, 13.496313941515902, 13.503452343283973, 13.510840079877415, 13.51013376293471, 13.508538231930652, 13.513443640343487, 13.51490114478362, 13.509162324533875, 13.50977149744061, 13.516323631255064, 13.517441956140514, 13.51577894918738, 13.518018864116423, 13.520019848043688, 13.51821268089224, 13.517550130795197, 13.520478260503896, 13.522092505841922, 13.520820776886268, 13.520251814638058, 13.520820509738261, 13.520745567793801, 13.520794246772114, 13.522018131782229, 13.523019093726562]",75,,,,,13.523019093726562,,0.9015346062484375,,,,15.361976146697998,15.361976146697998,False,,0.0,0.0,,,15.370298147201538,2026-09-07 11:52:39,x86_64,dacsgpu0002,,64,64,3.11.15,0.23,False,False,False,True,9,True,False,False,False,adam,True,1,10,hamqaoa,0.05,False,False,hog,False,False,False,False,True,False,False,1,HOG_graphs/Exp5/complete_graphs_2to12vertices_11instances_AdjacencyList.txt,False,0,16,1,1,0,0,0,5,10,42,True,_FINAL_BENCHMARKS_STANDARD,1,,42,8,"[(2, 3), (3, 8), (2, 6), (3, 5), (2, 9), (4, 6), (4, 9), (7, 8), (0, 5), (1, 4), (0, 2), (0, 8), (1, 7), (6, 9), (5, 7), (3, 4), (2, 8), (4, 5), (3, 7), (2, 5), (4, 8), (8, 9), (1, 3), (0, 1), (1, 6), (0, 4), (1, 9), (0, 7), (6, 8), (5, 6), (5, 9), (3, 6), (2, 4), (3, 9), (2, 7), (4, 7), (7, 9), (0, 3), (1, 2), (1, 8), (0, 6), (1, 5), (0, 9), (5, 8), (6, 7)]","[1.0, 1.0, 1.0, 1.0, 1.0, 1.0, 1.0, 1.0, 1.0, 1.0, 1.0, 1.0, 1.0, 1.0, 1.0, 1.0, 1.0, 1.0, 1.0, 1.0, 1.0, 1.0, 1.0, 1.0, 1.0, 1.0, 1.0, 1.0, 1.0, 1.0, 1.0, 1.0, 1.0, 1.0, 1.0, 1.0, 1.0, 1.0, 1.0, 1.0, 1.0, 1.0, 1.0, 1.0, 1.0]"
3bd72905,8,28,2,75.0,False,False,"[1, 1, 1]",,,,,,,,,,,,,,4.344647644070386,"[4.344647644070386, 6.017040013527292, 6.10235437103593, 5.85405440707751, 6.008410371833809, 6.244405373989556, 6.29754528700249, 6.2427423863745615, 6.2103276737171695, 6.238004066609537, 6.292458821252543, 6.334942705646527, 6.343535278170483, 6.323732151228271, 6.29806803247932, 6.2845167707184855, 6.287458821025257, 6.301926415269652, 6.323198801419891, 6.349533876010057, 6.373478948925106, 6.381331335906969, 6.370254884277249, 6.357152098978888, 6.3598340186814575, 6.378750658223891, 6.401645411186288, 6.4182213579918574, 6.422434271571162, 6.411301376604667, 6.3991612591646385, 6.405102008964242, 6.420366342682748, 6.427762131470005, 6.425857977940473, 6.418388574944024, 6.417038990298916, 6.425736395166513, 6.42871850575126, 6.423052774442519, 6.4200796631446355, 6.423088111235759, 6.4303210538854945, 6.432315806485975, 6.4268694652653595, 6.424775314045812, 6.427734759330358, 6.431163452614262, 6.4319082608640645, 6.429739999423886, 6.430140394690277, 6.432527209863997, 6.433015219320046, 6.432380903393439, 6.43185089565152, 6.43288985770004, 6.434290891989717, 6.433640867118884, 6.432755387854706, 6.432946121692053, 6.433774315906934, 6.434361040984429, 6.4337617186085, 6.433368156868054, 6.433765620105628, 6.434067621102607, 6.434080547934951, 6.433834286275505, 6.434050817344145, 6.434477923372555, 6.434386405052759, 6.434200629183782, 6.434239672575636, 6.434612338165013, 6.434739057611016, 6.434493782004178]",75,,,,,6.434493782004178,,0.6434493782004178,,,,9.631745100021362,9.631745100021362,False,,0.0,0.0,,,9.63936185836792,2026-09-07 11:52:39,x86_64,dacsgpu0002,,64,64,3.11.15,0.22,False,False,False,True,7,True,False,False,False,adam,True,1,10,hamqaoa,0.05,False,False,hog,False,False,False,False,True,False,False,1,HOG_graphs/Exp5/complete_graphs_2to12vertices_11instances_AdjacencyList.txt,False,0,16,1,1,0,0,0,5,10,42,True,_FINAL_BENCHMARKS_STANDARD,1,,42,6,"[(2, 3), (2, 6), (3, 5), (4, 6), (0, 5), (1, 4), (0, 2), (1, 7), (5, 7), (3, 4), (4, 5), (3, 7), (2, 5), (1, 3), (0, 1), (1, 6), (0, 4), (0, 7), (5, 6), (3, 6), (2, 4), (2, 7), (4, 7), (0, 3), (1, 2), (0, 6), (1, 5), (6, 7)]","[1.0, 1.0, 1.0, 1.0, 1.0, 1.0, 1.0, 1.0, 1.0, 1.0, 1.0, 1.0, 1.0, 1.0, 1.0, 1.0, 1.0, 1.0, 1.0, 1.0, 1.0, 1.0, 1.0, 1.0, 1.0, 1.0, 1.0, 1.0]"
d5368d2a,6,15,5,75.0,False,False,"[1, 1, 1]",,,,,,,,,,,,,,3.913467391224624,"[3.913467391224624, 4.522701494254558, 4.720310695905192, 4.885707768695618, 4.981660628528352, 5.0206203753392336, 5.030687116302874, 5.034112853029346, 5.053082614223227, 5.089714070082639, 5.128988014371125, 5.153539429568492, 5.158603064598288, 5.153110127601886, 5.150098549512682, 5.156744715654975, 5.170587649513058, 5.183707564663386, 5.191038841056934, 5.193708685609833, 5.195183074694044, 5.19748406409415, 5.19991959269159, 5.201619889811501, 5.204845588184474, 5.212991082312286, 5.226097132948065, 5.240682937550419, 5.2539295022907275, 5.266806042312763, 5.281423170660994, 5.29560351229294, 5.303286206145724, 5.302981698340781, 5.30166603893395, 5.302450478163243, 5.300604737204065, 5.296663331392487, 5.296509401711137, 5.300604916104409, 5.304664305089277, 5.30741528199659, 5.311735108454591, 5.317969775231065, 5.323460266713575, 5.327566440288895, 5.3307498376179625, 5.3320657993653064, 5.331159176134138, 5.3300549103660195, 5.330752026856578, 5.333000842130841, 5.335625877044368, 5.338028288590035, 5.339532323306703, 5.339414897768795, 5.3384947251541135, 5.33812198511044, 5.338134307623338, 5.3383078793026195, 5.339052375443373, 5.339975731069405, 5.340532918402557, 5.3409731278292325, 5.34122134972328, 5.340978644527282, 5.340650446870061, 5.340627215116577, 5.3408106742549455, 5.341187304515219, 5.34171432245089, 5.342021325268195, 5.3419949207611985, 5.341845948533967, 5.3416653356045884, 5.341600010864126]",75,,,,,5.341600010864126,,0.8902666684773544,,,,26.432178497314453,26.432178497314453,False,,0.0,0.0,,,26.439131259918213,2026-09-07 11:52:43,x86_64,dacsgpu0002,,64,64,3.11.15,0.24,False,False,False,True,5,True,False,False,False,adam,True,1,10,hamqaoa,0.05,False,False,hog,False,False,False,False,True,False,False,1,HOG_graphs/Exp5/complete_graphs_2to12vertices_11instances_AdjacencyList.txt,False,0,16,1,1,0,0,0,5,10,42,True,_FINAL_BENCHMARKS_STANDARD,1,,42,4,"[(1, 3), (0, 1), (2, 3), (0, 4), (3, 5), (0, 3), (1, 2), (3, 4), (1, 5), (4, 5), (2, 5), (0, 5), (1, 4), (0, 2), (2, 4)]","[1.0, 1.0, 1.0, 1.0, 1.0, 1.0, 1.0, 1.0, 1.0, 1.0, 1.0, 1.0, 1.0, 1.0, 1.0]"
e3a51932,9,36,3,75.0,False,False,"[1, 1, 1]",,,,,,,,,,,,,,9.39127805390451,"[9.39127805390451, 9.741755088628318, 10.04296242575892, 10.101284623085224, 10.234318221217233, 10.347048815908629, 10.41061722313139, 10.399586509503266, 10.428622023213501, 10.481557346664452, 10.544869619821744, 10.63975299081433, 10.760779517785156, 10.868922121245514, 10.94316062973594, 11.00622444916997, 11.006464359786893, 11.05366773251414, 11.092606533649043, 11.114011347682709, 11.141486565545671, 11.138116475999391, 11.101164559239125, 11.09023691456233, 11.102217152759618, 11.111367966432107, 11.137175138144576, 11.159602141174734, 11.156473528151862, 11.159603926587486, 11.158886837081582, 11.151537455535589, 11.154983800925931, 11.160718328101977, 11.16758727277146, 11.177857664646723, 11.186331230195252, 11.197211605988844, 11.204202381028187, 11.2051210119101, 11.2109320361095, 11.213186038454985, 11.212869233625685, 11.219053618530083, 11.218708979690325, 11.220780984523154, 11.219849761564623, 11.217563000976831, 11.218162869039098, 11.216947472130625, 11.219530571809043, 11.219657816609917, 11.222009739582818, 11.221814738046023, 11.221788833329967, 11.222017855056006, 11.222093215601594, 11.223252300580105, 11.22401716365784, 11.225790400402218, 11.225995116305036, 11.226781294687132, 11.226385507853532, 11.227119728672173, 11.22702253411779, 11.227963986873911, 11.22834913158666, 11.229057552099674, 11.229171002162035, 11.229705290776247, 11.229658323869131, 11.229991045067667, 11.229986441375424, 11.23027460489312, 11.230226547689888, 11.230463524235928]",75,,,,,11.230463524235928,,0.935871960352994,,,,24.049558401107788,24.049558401107788,False,,0.0,0.0,,,24.056371212005615,2026-09-07 11:52:47,x86_64,dacsgpu0002,,64,64,3.11.15,0.23,False,False,False,True,8,True,False,False,True,adam,True,1,10,hamqaoa,0.05,False,False,hog,False,False,False,False,True,False,False,1,HOG_graphs/Exp5/complete_graphs_2to12vertices_11instances_AdjacencyList.txt,False,0,16,1,1,0,0,0,5,10,42,True,_FINAL_BENCHMARKS_STANDARD,1,,42,7,"[(2, 3), (3, 8), (2, 6), (3, 5), (4, 6), (7, 8), (0, 5), (1, 4), (0, 2), (0, 8), (1, 7), (5, 7), (3, 4), (2, 8), (4, 5), (3, 7), (2, 5), (4, 8), (1, 3), (0, 1), (1, 6), (0, 4), (0, 7), (6, 8), (5, 6), (3, 6), (2, 4), (2, 7), (4, 7), (0, 3), (1, 2), (1, 8), (0, 6), (1, 5), (5, 8), (6, 7)]","[1.0, 1.0, 1.0, 1.0, 1.0, 1.0, 1.0, 1.0, 1.0, 1.0, 1.0, 1.0, 1.0, 1.0, 1.0, 1.0, 1.0, 1.0, 1.0, 1.0, 1.0, 1.0, 1.0, 1.0, 1.0, 1.0, 1.0, 1.0, 1.0, 1.0, 1.0, 1.0, 1.0, 1.0, 1.0, 1.0]"
e229576a,8,28,3,75.0,False,False,"[1, 1, 1]",,,,,,,,,,,,,,6.473825342474336,"[6.473825342474336, 7.182707492106094, 7.204134016051862, 7.385418140557601, 7.629423477962965, 7.828703669562893, 7.920562635189973, 8.010427041416689, 8.107056030626913, 8.198381876291673, 8.294774243550435, 8.383790550370708, 8.445148058418807, 8.472349036969272, 8.476147180844375, 8.467816170297702, 8.464396231570378, 8.49219489955961, 8.550643538359058, 8.603523177460215, 8.619671199185877, 8.605655182484389, 8.593454150386133, 8.606561834259617, 8.646817070933777, 8.699746867011983, 8.743064071232194, 8.75910898377788, 8.751735197819619, 8.748323531587937, 8.769176124795274, 8.80517362736462, 8.8354982031423, 8.851204115508102, 8.857727429307296, 8.865007722455486, 8.878012337351992, 8.894703578628858, 8.911285460088882, 8.925780142685058, 8.937973140203725, 8.948901293867804, 8.95924693457155, 8.967087466132009, 8.969180899783835, 8.965796609955431, 8.962108392896383, 8.962975725331011, 8.967242551235309, 8.968918212672135, 8.96583086149024, 8.964227716497481, 8.968558052234465, 8.973571698430574, 8.9742061535868, 8.974023331009903, 8.977554238843041, 8.981921143141278, 8.982665458495337, 8.98164249353461, 8.982798841818388, 8.984840568999468, 8.984461150058255, 8.98266084580936, 8.982529644636136, 8.983531157379442, 8.983162120917633, 8.982053066176466, 8.982297284173923, 8.983271842532414, 8.983311322402544, 8.983111523216868, 8.983956745079471, 8.9850242211617, 8.985280760827045, 8.985367257246438]",75,,,,,8.985367257246438,,0.8985367257246437,,,,17.910293102264404,17.910293102264404,False,,0.0,0.0,,,17.916764497756958,2026-09-07 11:52:47,x86_64,dacsgpu0002,,64,64,3.11.15,0.23,False,False,False,True,7,True,False,False,False,adam,True,1,10,hamqaoa,0.05,False,False,hog,False,False,False,False,True,False,False,1,HOG_graphs/Exp5/complete_graphs_2to12vertices_11instances_AdjacencyList.txt,False,0,16,1,1,0,0,0,5,10,42,True,_FINAL_BENCHMARKS_STANDARD,1,,42,6,"[(2, 3), (2, 6), (3, 5), (4, 6), (0, 5), (1, 4), (0, 2), (1, 7), (5, 7), (3, 4), (4, 5), (3, 7), (2, 5), (1, 3), (0, 1), (1, 6), (0, 4), (0, 7), (5, 6), (3, 6), (2, 4), (2, 7), (4, 7), (0, 3), (1, 2), (0, 6), (1, 5), (6, 7)]","[1.0, 1.0, 1.0, 1.0, 1.0, 1.0, 1.0, 1.0, 1.0, 1.0, 1.0, 1.0, 1.0, 1.0, 1.0, 1.0, 1.0, 1.0, 1.0, 1.0, 1.0, 1.0, 1.0, 1.0, 1.0, 1.0, 1.0, 1.0]"
4a659fce,7,21,2,75.0,False,False,"[1, 1, 1]",,,,,,,,,,,,,,3.629762306666057,"[3.629762306666057, 4.212103995149171, 4.708046412408333, 5.035269458009732, 5.1901618805480885, 5.345392422667953, 5.6220369895939, 5.957843764352156, 6.201007149833982, 6.291733614511539, 6.283863379641495, 6.2290551632273905, 6.1633786617739865, 6.107485016207621, 6.071082653391844, 6.057179285982584, 6.063396543386228, 6.084242476999809, 6.114565256925555, 6.153545340107825, 6.204089838345996, 6.260628871827621, 6.300835699588022, 6.306533464078335, 6.288094229070034, 6.270667657436812, 6.26784409249267, 6.277005486438711, 6.289337473768753, 6.300706277095116, 6.313900153069847, 6.331288028247977, 6.347786864140793, 6.353606625413881, 6.3451910105131475, 6.330998831271116, 6.322538679802457, 6.3229753001892695, 6.3276567549641705, 6.331893353639513, 6.335743561614044, 6.341355372044652, 6.347859814929177, 6.351759619652037, 6.3517011667405185, 6.349943268604658, 6.349001303925189, 6.34938154932536, 6.350638072871368, 6.352804173414533, 6.355894700133643, 6.358565763061743, 6.3589311008561635, 6.357087654684068, 6.355366522923845, 6.3553819311861615, 6.356282100358443, 6.356712429131456, 6.357005120203887, 6.358187536074496, 6.359889042821457, 6.360800965187534, 6.360645175285425, 6.360300436689451, 6.360343453597429, 6.360639167459856, 6.361094595113036, 6.361786004999383, 6.3624101529627906, 6.362496990314199, 6.362194693316899, 6.362100620547883, 6.362338555043089, 6.362544233883971, 6.362661456521051, 6.362981497462539]",75,,,,,6.362981497462539,,0.8483975329950052,,,,7.835025072097778,7.835025072097778,False,,0.0,0.0,,,7.844816446304321,2026-09-07 11:52:48,x86_64,dacsgpu0002,,64,64,3.11.15,0.23,False,False,False,True,6,True,False,False,True,adam,True,1,10,hamqaoa,0.05,False,False,hog,False,False,False,False,True,False,False,1,HOG_graphs/Exp5/complete_graphs_2to12vertices_11instances_AdjacencyList.txt,False,0,16,1,1,0,0,0,5,10,42,True,_FINAL_BENCHMARKS_STANDARD,1,,42,5,"[(2, 3), (2, 6), (3, 5), (4, 6), (0, 5), (1, 4), (0, 2), (3, 4), (4, 5), (2, 5), (1, 3), (0, 1), (1, 6), (0, 4), (5, 6), (3, 6), (2, 4), (0, 3), (1, 2), (0, 6), (1, 5)]","[1.0, 1.0, 1.0, 1.0, 1.0, 1.0, 1.0, 1.0, 1.0, 1.0, 1.0, 1.0, 1.0, 1.0, 1.0, 1.0, 1.0, 1.0, 1.0, 1.0, 1.0]"
12db5ed7,5,10,1,75.0,False,False,"[1, 1, 1]",,,,,,,,,,,,,,1.7510528741575526,"[1.7510528741575526, 1.9665440481279226, 1.9851363997520786, 1.9491664807995783, 1.952227114208221, 1.9861819900476387, 2.0256183774454355, 2.055443817348076, 2.0799937402791837, 2.1101939964507017, 2.14899026014267, 2.1928354268663255, 2.2377664931247847, 2.280719750548219, 2.3179561961030495, 2.3446417158879767, 2.3567251725578737, 2.353890354081272, 2.3409235859079067, 2.325361013225738, 2.3133267426581448, 2.307320642240049, 2.30664167918227, 2.309001770592137, 2.312171969316421, 2.3150958154367998, 2.3181925647774495, 2.322770952725046, 2.329873367878461, 2.3392598249115153, 2.3492038794689196, 2.3572334634327063, 2.3613714911852117, 2.3611451850151246, 2.3577661953698312, 2.3534143699327106, 2.350131666828503, 2.3489812775874004, 2.3498298317526034, 2.3517175551775518, 2.3535483447213377, 2.3547268742398595, 2.355391777809855, 2.356125162982843, 2.3573835640609464, 2.3590949324695454, 2.3607005047484373, 2.3615564409502072, 2.361375087635375, 2.360405012195254, 2.3592586785702845, 2.358536380035747, 2.3585127801490784, 2.3590704474587882, 2.359865702918588, 2.3605668466448595, 2.361011074298162, 2.361222664834641, 2.361323949915816, 2.3614194240744513, 2.361529978672637, 2.3616056428597205, 2.3615865731994377, 2.3614620038386906, 2.36128993205384, 2.3611711717496333, 2.3611934327219526, 2.361376510754085, 2.361652875024654, 2.3619025331587267, 2.3620264843546064, 2.362007621312361, 2.361912667673552, 2.361833823358301, 2.361819635108467, 2.3618514831508146]",75,,,,,2.3618514831508146,,0.5904628707877037,,,,2.703557014465332,2.703557014465332,False,,0.0,0.0,,,2.715743064880371,2026-09-07 11:52:49,x86_64,dacsgpu0002,,64,64,3.11.15,0.22,False,False,False,True,4,True,False,False,True,adam,True,1,10,hamqaoa,0.05,False,False,hog,False,False,False,False,True,False,False,1,HOG_graphs/Exp5/complete_graphs_2to12vertices_11instances_AdjacencyList.txt,False,0,16,1,1,0,0,0,5,10,42,True,_FINAL_BENCHMARKS_STANDARD,1,,42,3,"[(1, 3), (0, 1), (2, 3), (0, 4), (0, 3), (1, 2), (3, 4), (1, 4), (0, 2), (2, 4)]","[1.0, 1.0, 1.0, 1.0, 1.0, 1.0, 1.0, 1.0, 1.0, 1.0]"
bbdf722f,5,10,2,75.0,False,False,"[1, 1, 1]",,,,,,,,,,,,,,2.8867624233324545,"[2.8867624233324545, 3.3313860438807423, 3.4182631997584116, 3.5135252772184904, 3.4680673208318202, 3.4160930608884668, 3.459860437293971, 3.5360224907491515, 3.568434097203935, 3.5556407367646945, 3.5281475013964867, 3.5094935217345427, 3.5097537285146765, 3.5268510580491257, 3.548647003871185, 3.5628351817487807, 3.5701249238347246, 3.579456211173769, 3.588798471780295, 3.58701508499473, 3.5748460606414776, 3.5677095013478732, 3.574654779003127, 3.5865009429228416, 3.5894046929192047, 3.5840662574081517, 3.582029050203121, 3.5859683384630454, 3.5884208136971587, 3.58677491431519, 3.586771744093759, 3.591626177119272, 3.596791287945349, 3.597277871240463, 3.5947661200294796, 3.5936772084910626, 3.594351722014765, 3.5946868909615137, 3.5947268427454087, 3.59584926785339, 3.5974903303506673, 3.5976257398217215, 3.596238673596379, 3.5958313686769943, 3.597532779292304, 3.5992798889074105, 3.599292080979538, 3.598625537460031, 3.598678076459939, 3.5988784632992705, 3.5985402063957563, 3.5984513708697614, 3.5990339089193264, 3.599377286188092, 3.599143931233031, 3.599077500197885, 3.5993414835440323, 3.5993985525663996, 3.599349527278294, 3.59964214702269, 3.5999225999709283, 3.59971330923179, 3.5994117121305806, 3.5994863279014293, 3.599685668963347, 3.599720334750845, 3.5997392610615515, 3.5997974367870875, 3.5997594471591023, 3.599733750907885, 3.5998636813178475, 3.599962123044561, 3.5998972842518073, 3.5998543224554105, 3.5998922243619744, 3.5998771888860497]",75,,,,,3.5998771888860497,,0.8999692972215124,,,,5.0163562297821045,5.0163562297821045,False,,0.0,0.0,,,5.0229597091674805,2026-09-07 11:52:51,x86_64,dacsgpu0002,,64,64,3.11.15,0.22,False,False,False,True,4,True,False,False,True,adam,True,1,10,hamqaoa,0.05,False,False,hog,False,False,False,False,True,False,False,1,HOG_graphs/Exp5/complete_graphs_2to12vertices_11instances_AdjacencyList.txt,False,0,16,1,1,0,0,0,5,10,42,True,_FINAL_BENCHMARKS_STANDARD,1,,42,3,"[(1, 3), (0, 1), (2, 3), (0, 4), (0, 3), (1, 2), (3, 4), (1, 4), (0, 2), (2, 4)]","[1.0, 1.0, 1.0, 1.0, 1.0, 1.0, 1.0, 1.0, 1.0, 1.0]"
145b836c,3,3,1,75.0,False,False,"[1, 1, 1]",,,,,,,,,,,,,,0.8927541057048545,"[0.8927541057048545, 0.9832771410589418, 1.0067720149120767, 1.0035026310141721, 1.0078268880569992, 1.0292131756461576, 1.0654898953882446, 1.1106580398797077, 1.1594686963117529, 1.2076537964110559, 1.2510930017493744, 1.2862499132689058, 1.3108370048513815, 1.3235158753638454, 1.3241418579041084, 1.3149762585775813, 1.3006993605513981, 1.2865384022957864, 1.2764283710453181, 1.2724795976083048, 1.2751510113869562, 1.283482366984019, 1.2954148806121326, 1.3083130201756175, 1.319626709249226, 1.3275319492651245, 1.3313220028016652, 1.331375800708153, 1.3287879430966543, 1.3249337817311697, 1.321126963077877, 1.318373590323437, 1.3172474068240165, 1.3178983149066377, 1.3201126461783752, 1.3233640618676519, 1.3269040520356172, 1.3299512097398187, 1.3319322573268901, 1.332653242226149, 1.3323090968883244, 1.3313371871224466, 1.3302121773712308, 1.3292972132275884, 1.328800286605584, 1.3288039520760884, 1.3293039052137996, 1.330212995651283, 1.3313415752896536, 1.3324085753305563, 1.333124557423793, 1.333319965820845, 1.3330342674424458, 1.33249484754431, 1.3319915923075716, 1.3317310525466244, 1.3317635613694652, 1.3320125827849905, 1.3323588397578723, 1.3327069068137378, 1.3329989268946671, 1.333195487606027, 1.3332658476033332, 1.333204319135958, 1.333050939254441, 1.3328851815585474, 1.3327879386453896, 1.3327991081739348, 1.3329030823848445, 1.3330490123872478, 1.3331843822354605, 1.333276130170988, 1.3333122462798968, 1.3332954722319017, 1.33324096018604, 1.3331761191889215]",75,,,,,1.3331761191889215,,0.8887840794592811,,,,1.7066500186920166,1.7066500186920166,False,,0.0,0.0,,,1.720318078994751,2026-09-07 11:52:54,x86_64,dacsgpu0002,,64,64,3.11.15,0.22,False,False,False,True,2,True,False,True,True,adam,True,1,10,hamqaoa,0.05,False,False,hog,False,False,False,False,True,False,False,1,HOG_graphs/Exp5/complete_graphs_2to12vertices_11instances_AdjacencyList.txt,False,0,16,1,1,0,0,0,5,10,42,True,_FINAL_BENCHMARKS_STANDARD,1,,42,1,"[(1, 2), (0, 1), (0, 2)]","[1.0, 1.0, 1.0]"
92b73262,7,21,3,75.0,False,False,"[1, 1, 1]",,,,,,,,,,,,,,4.637735258103615,"[4.637735258103615, 5.088550016866713, 5.548029086578552, 5.554515409467981, 5.85371418879429, 6.134640461210476, 6.2358141821524935, 6.194071259875012, 6.134716541122321, 6.125679095135384, 6.183671575062345, 6.289722115808465, 6.395671294278913, 6.459893514128013, 6.482508212478551, 6.500224294645908, 6.547530073883321, 6.624944649606675, 6.706403667505252, 6.7660742581769195, 6.793573921539748, 6.792750118100135, 6.774468977630075, 6.752183323810263, 6.738582138492714, 6.740239595831016, 6.754760993319129, 6.773729508858641, 6.788605662859688, 6.795614439983564, 6.796974838204858, 6.797646665973324, 6.800272536939488, 6.803122576382421, 6.803096477706577, 6.800535205575668, 6.799965047905966, 6.805433868755636, 6.816178432659068, 6.827466518837149, 6.83483239117149, 6.8368423813492, 6.834645321552462, 6.830726308961175, 6.828219026076874, 6.829592176097924, 6.83485879341321, 6.841320951047875, 6.845607190069422, 6.846225944778162, 6.8443196474549515, 6.842284467348027, 6.841888652253986, 6.843366289032442, 6.845695196651132, 6.84759233903413, 6.848495446488393, 6.848754531759952, 6.848977381440426, 6.849372970196851, 6.8497819945588025, 6.850149272175373, 6.850688624993145, 6.851514253832237, 6.8523348147527985, 6.852719177628862, 6.8526237706431115, 6.852481954004151, 6.852736111441803, 6.853364944051486, 6.853934475984702, 6.854080382526365, 6.8538646148421, 6.853658337762859, 6.8537628983695456, 6.8541633731476495]",75,,,,,6.8541633731476495,,0.91388844975302,,,,14.248309135437012,14.248309135437012,False,,0.0,0.0,,,14.256175518035889,2026-09-07 11:52:55,x86_64,dacsgpu0002,,64,64,3.11.15,0.23,False,False,False,True,6,True,False,False,True,adam,True,1,10,hamqaoa,0.05,False,False,hog,False,False,False,False,True,False,False,1,HOG_graphs/Exp5/complete_graphs_2to12vertices_11instances_AdjacencyList.txt,False,0,16,1,1,0,0,0,5,10,42,True,_FINAL_BENCHMARKS_STANDARD,1,,42,5,"[(2, 3), (2, 6), (3, 5), (4, 6), (0, 5), (1, 4), (0, 2), (3, 4), (4, 5), (2, 5), (1, 3), (0, 1), (1, 6), (0, 4), (5, 6), (3, 6), (2, 4), (0, 3), (1, 2), (0, 6), (1, 5)]","[1.0, 1.0, 1.0, 1.0, 1.0, 1.0, 1.0, 1.0, 1.0, 1.0, 1.0, 1.0, 1.0, 1.0, 1.0, 1.0, 1.0, 1.0, 1.0, 1.0, 1.0]"
aaa6fc8a,5,10,3,75.0,False,False,"[1, 1, 1]",,,,,,,,,,,,,,2.98104272751074,"[2.98104272751074, 3.17705811898655, 3.3347568886184136, 3.4047345245001965, 3.431944867008667, 3.470670611168213, 3.5162473452535354, 3.5472622454719356, 3.5591931436809623, 3.565451431254523, 3.573979348745132, 3.5846982418003397, 3.5935029278424055, 3.5931069528990642, 3.5862243256431467, 3.5831328663913355, 3.5865108014255744, 3.597120061977811, 3.6072102982031877, 3.612086391229454, 3.61782165196536, 3.6272920761951113, 3.6399125688506024, 3.6513543540381304, 3.655116417120918, 3.6551787707428796, 3.6572865492042608, 3.6618351037117987, 3.6655034576835654, 3.663817609968878, 3.6605233546752185, 3.660378024785101, 3.663608554084903, 3.667176070726575, 3.6677540283124332, 3.6682748475345406, 3.671043376800449, 3.674568138603794, 3.6762118363464107, 3.6759502787603977, 3.6768036355486147, 3.678500585065934, 3.679361032624612, 3.678430412431914, 3.6775198011620094, 3.6776986260959874, 3.6780035234429698, 3.6776089655891853, 3.6769128553953228, 3.67697622762669, 3.677273296805602, 3.6772545006698523, 3.6769191111920327, 3.677123976476975, 3.677602326736699, 3.6778415920017737, 3.6777162956875005, 3.6778368265275856, 3.678177491649217, 3.678406003830117, 3.678410011116198, 3.678572521952452, 3.678828909040086, 3.6789440723407707, 3.678915314811802, 3.6790556046966185, 3.6792448057399674, 3.6792976939341058, 3.6792524686766397, 3.6793255762123853, 3.6793964423054977, 3.6793741840647067, 3.679346276514168, 3.6793924154345086, 3.6793985272944507, 3.6793323209798614]",75,,,,,3.6793323209798614,,0.9198330802449654,,,,8.626797914505005,8.626797914505005,False,,0.0,0.0,,,8.647584676742554,2026-09-07 11:52:55,x86_64,dacsgpu0002,,64,64,3.11.15,0.23,False,False,False,True,4,True,False,False,True,adam,True,1,10,hamqaoa,0.05,False,False,hog,False,False,False,False,True,False,False,1,HOG_graphs/Exp5/complete_graphs_2to12vertices_11instances_AdjacencyList.txt,False,0,16,1,1,0,0,0,5,10,42,True,_FINAL_BENCHMARKS_STANDARD,1,,42,3,"[(1, 3), (0, 1), (2, 3), (0, 4), (0, 3), (1, 2), (3, 4), (1, 4), (0, 2), (2, 4)]","[1.0, 1.0, 1.0, 1.0, 1.0, 1.0, 1.0, 1.0, 1.0, 1.0]"
10e6a682,3,3,2,75.0,False,False,"[1, 1, 1]",,,,,,,,,,,,,,0.7193115009714238,"[0.7193115009714238, 0.9704815193799164, 1.1445528814696184, 1.2411379776574492, 1.2404344979256778, 1.2076699797997403, 1.1957068944445821, 1.209032433235302, 1.2381108068820443, 1.2665749969805427, 1.285912755629676, 1.2946267941894611, 1.2954635203401907, 1.2929717057081997, 1.2903746736198949, 1.2891846719795184, 1.290703223623445, 1.2957697482980273, 1.3035282059666675, 1.3117680011421393, 1.3181494824231232, 1.321089994924602, 1.3203250442097862, 1.3172306116995864, 1.314437212744407, 1.3144311330555793, 1.3178851250871921, 1.3231741413669178, 1.3275855911205148, 1.3291972680728306, 1.3280018937871758, 1.325652003196575, 1.3242079217448444, 1.3247995552905871, 1.3270531228404194, 1.3295588668890301, 1.3309506100357085, 1.3308223576146414, 1.329875647564791, 1.3292473256220594, 1.3295772598821411, 1.330582812870963, 1.3314600220736537, 1.3316787923507656, 1.331405366448026, 1.3312131593210643, 1.3314670179043886, 1.332015018465817, 1.332418941937445, 1.3324151481906497, 1.3321449595223047, 1.3319811957504317, 1.332163983698248, 1.3325931501694095, 1.332943661432754, 1.3329759434722024, 1.332747653816607, 1.3325371664819496, 1.3325710482221724, 1.3328282529842528, 1.3330939302714675, 1.3331797572870918, 1.3330832015485112, 1.332951148872728, 1.3329211827324128, 1.3330106821869883, 1.3331373963065218, 1.33321498783254, 1.33321908999135, 1.3331812908254992, 1.3331467350270838, 1.3331444493800682, 1.3331801581818503, 1.3332369176211378, 1.3332813707648705, 1.3332852132976558]",75,,,,,1.3332852132976558,,0.8888568088651039,,,,2.962771415710449,2.962771415710449,False,,0.0,0.0,,,2.970004081726074,2026-09-07 11:52:55,x86_64,dacsgpu0002,,64,64,3.11.15,0.22,False,False,False,True,2,True,False,True,True,adam,True,1,10,hamqaoa,0.05,False,False,hog,False,False,False,False,True,False,False,1,HOG_graphs/Exp5/complete_graphs_2to12vertices_11instances_AdjacencyList.txt,False,0,16,1,1,0,0,0,5,10,42,True,_FINAL_BENCHMARKS_STANDARD,1,,42,1,"[(1, 2), (0, 1), (0, 2)]","[1.0, 1.0, 1.0]"
fe35e63e,10,45,3,75.0,False,False,"[1, 1, 1]",,,,,,,,,,,,,,10.78917885903836,"[10.78917885903836, 11.19790569463041, 11.531820171212424, 11.89139892442833, 12.178104789250442, 12.326162868313608, 12.326845898418762, 12.234617667874993, 12.247220094659536, 12.322164956699872, 12.348061045996591, 12.392441546814291, 12.486339982897453, 12.641392816344203, 12.809138248288251, 12.885416718266994, 12.863767238986023, 12.905806827416587, 13.05397377434236, 13.223553608433324, 13.363796784688999, 13.475082225478793, 13.550220963073121, 13.5225801311228, 13.539213051527991, 13.58104940854445, 13.543865811790889, 13.513941223587814, 13.531632276390615, 13.539243218818081, 13.540092291435244, 13.593583176806112, 13.665239672697151, 13.705030069946394, 13.713162767546926, 13.708636590685762, 13.696604579989575, 13.679111819224465, 13.665368715455378, 13.665789658903275, 13.68254566765799, 13.70568501455416, 13.723025578888958, 13.736718751282154, 13.755005754467803, 13.771120711620664, 13.774817520603989, 13.772400818685298, 13.772352687282972, 13.770756421162195, 13.765747862994544, 13.765994222787619, 13.771221214031971, 13.773445491450381, 13.77520128468232, 13.779807579828713, 13.78320365531561, 13.78457304469101, 13.788274741274808, 13.793376992432638, 13.7961626991551, 13.797077500102318, 13.797641078876218, 13.797085764132468, 13.79524713997017, 13.794375675793338, 13.795349899029375, 13.796796175701926, 13.79855627088888, 13.801095150865308, 13.80337887948152, 13.804506292077164, 13.805018226353784, 13.805157133072385, 13.804602787033618, 13.803982182391067]",75,,,,,13.803982182391067,,0.9202654788260711,,,,28.69923710823059,28.69923710823059,False,,0.0,0.0,,,28.70725655555725,2026-09-07 11:52:57,x86_64,dacsgpu0002,,64,64,3.11.15,0.24,False,False,False,True,9,True,False,False,False,adam,True,1,10,hamqaoa,0.05,False,False,hog,False,False,False,False,True,False,False,1,HOG_graphs/Exp5/complete_graphs_2to12vertices_11instances_AdjacencyList.txt,False,0,16,1,1,0,0,0,5,10,42,True,_FINAL_BENCHMARKS_STANDARD,1,,42,8,"[(2, 3), (3, 8), (2, 6), (3, 5), (2, 9), (4, 6), (4, 9), (7, 8), (0, 5), (1, 4), (0, 2), (0, 8), (1, 7), (6, 9), (5, 7), (3, 4), (2, 8), (4, 5), (3, 7), (2, 5), (4, 8), (8, 9), (1, 3), (0, 1), (1, 6), (0, 4), (1, 9), (0, 7), (6, 8), (5, 6), (5, 9), (3, 6), (2, 4), (3, 9), (2, 7), (4, 7), (7, 9), (0, 3), (1, 2), (1, 8), (0, 6), (1, 5), (0, 9), (5, 8), (6, 7)]","[1.0, 1.0, 1.0, 1.0, 1.0, 1.0, 1.0, 1.0, 1.0, 1.0, 1.0, 1.0, 1.0, 1.0, 1.0, 1.0, 1.0, 1.0, 1.0, 1.0, 1.0, 1.0, 1.0, 1.0, 1.0, 1.0, 1.0, 1.0, 1.0, 1.0, 1.0, 1.0, 1.0, 1.0, 1.0, 1.0, 1.0, 1.0, 1.0, 1.0, 1.0, 1.0, 1.0, 1.0, 1.0]"
a20720d3,3,3,3,75.0,False,False,"[1, 1, 1]",,,,,,,,,,,,,,1.116360804800675,"[1.116360804800675, 1.2318306260581349, 1.2880100511701853, 1.2875915887279843, 1.2822914761612088, 1.294597410582116, 1.3138507971513103, 1.3279608012786797, 1.3312798474683647, 1.3264994280860036, 1.3210202944317173, 1.3204465278902573, 1.3255375592163734, 1.3329771763629679, 1.3386673809725087, 1.3415663625046725, 1.3446472476140972, 1.351649161600689, 1.363756144939819, 1.3795496182222675, 1.3970850314659393, 1.4156272032176758, 1.4355135621362165, 1.4566155035196517, 1.4769181753820062, 1.4922949860664028, 1.4986190680535894, 1.4957287111277398, 1.4887328040788876, 1.482825697817045, 1.47903517402864, 1.4762435876534123, 1.474698532803634, 1.4748403030673325, 1.4754301341174392, 1.4758110774229203, 1.4774623658472146, 1.4817123707424413, 1.487495511582061, 1.4926440075851408, 1.4960517367203219, 1.4978553277547935, 1.498365416584795, 1.4977842877808891, 1.4965950441552907, 1.4955521280688941, 1.4951194201120062, 1.4951307007926993, 1.4951348336847328, 1.4949655289567727, 1.4949006970097471, 1.4953196034494098, 1.4962945282146638, 1.4975410623509253, 1.4986907056060392, 1.499503302615946, 1.499835244827149, 1.49962526876289, 1.4990503545650582, 1.498536578398692, 1.498417052769214, 1.4986231245944897, 1.498841319834549, 1.4989084779850783, 1.4989194677838453, 1.499015213893649, 1.499230186994636, 1.49952067317166, 1.499801339470265, 1.4999547764791932, 1.4999104880959342, 1.4997321822289909, 1.4995712321608168, 1.4995264420753611, 1.4995819385484583, 1.4996682921296716]",75,,,,,1.4996682921296716,,0.999778861419781,,,,4.573688268661499,4.573688268661499,False,,0.0,0.0,,,4.584092617034912,2026-09-07 11:53:02,x86_64,dacsgpu0002,,64,64,3.11.15,0.22,False,False,False,True,2,True,False,True,True,adam,True,1,10,hamqaoa,0.05,False,False,hog,False,False,False,False,True,False,False,1,HOG_graphs/Exp5/complete_graphs_2to12vertices_11instances_AdjacencyList.txt,False,0,16,1,1,0,0,0,5,10,42,True,_FINAL_BENCHMARKS_STANDARD,1,,42,1,"[(1, 2), (0, 1), (0, 2)]","[1.0, 1.0, 1.0]"
4adf8c3d,9,36,4,75.0,False,False,"[1, 1, 1]",,,,,,,,,,,,,,8.61199667646586,"[8.61199667646586, 9.628886953886491, 9.452577090806656, 9.487244123882412, 9.679998780702581, 9.893719567520746, 10.012644317020582, 10.13937223077852, 10.189110505705253, 10.16472739723963, 10.120776653149656, 10.118288972725411, 10.176555616050695, 10.242771528850584, 10.297221258838468, 10.338492760033464, 10.35490004011111, 10.346402515986238, 10.348963738114364, 10.389024135573095, 10.440445870201767, 10.48530465344167, 10.531826663737414, 10.579563933369718, 10.616652867642351, 10.644033327115057, 10.672345783905161, 10.7027202692182, 10.731222000090611, 10.755773613471103, 10.779268717304275, 10.80725255404035, 10.843406067827669, 10.889195338901253, 10.942417230531213, 10.996587980650077, 11.045352839581241, 11.082891799794277, 11.103196992853322, 11.110793070150981, 11.117819145582164, 11.123100213116983, 11.120548444573815, 11.11699976921845, 11.11693504159296, 11.119636678700939, 11.128357889521574, 11.142530022745358, 11.160220846286357, 11.179905288051174, 11.19243736077738, 11.19166216506272, 11.184763095809455, 11.178894654002663, 11.176277379870923, 11.180497672812704, 11.18995218957244, 11.197449698724416, 11.201195230778154, 11.202209523643191, 11.200422876395194, 11.199495025539521, 11.202240774199664, 11.205908338843363, 11.209557705731156, 11.21280967638411, 11.213533569268433, 11.21301008306055, 11.21194342041198, 11.210997681201, 11.212160342638438, 11.213877138078262, 11.215430597411263, 11.216595266745244, 11.216614272631295, 11.216446728649302]",75,,,,,11.216446728649302,,0.9347038940541085,,,,39.3323028087616,39.3323028087616,False,,0.0,0.0,,,39.34144592285156,2026-09-07 11:53:02,x86_64,dacsgpu0002,,64,64,3.11.15,0.25,False,False,False,True,8,True,False,False,True,adam,True,1,10,hamqaoa,0.05,False,False,hog,False,False,False,False,True,False,False,1,HOG_graphs/Exp5/complete_graphs_2to12vertices_11instances_AdjacencyList.txt,False,0,16,1,1,0,0,0,5,10,42,True,_FINAL_BENCHMARKS_STANDARD,1,,42,7,"[(2, 3), (3, 8), (2, 6), (3, 5), (4, 6), (7, 8), (0, 5), (1, 4), (0, 2), (0, 8), (1, 7), (5, 7), (3, 4), (2, 8), (4, 5), (3, 7), (2, 5), (4, 8), (1, 3), (0, 1), (1, 6), (0, 4), (0, 7), (6, 8), (5, 6), (3, 6), (2, 4), (2, 7), (4, 7), (0, 3), (1, 2), (1, 8), (0, 6), (1, 5), (5, 8), (6, 7)]","[1.0, 1.0, 1.0, 1.0, 1.0, 1.0, 1.0, 1.0, 1.0, 1.0, 1.0, 1.0, 1.0, 1.0, 1.0, 1.0, 1.0, 1.0, 1.0, 1.0, 1.0, 1.0, 1.0, 1.0, 1.0, 1.0, 1.0, 1.0, 1.0, 1.0, 1.0, 1.0, 1.0, 1.0, 1.0, 1.0]"
6de4289c,8,28,4,75.0,False,False,"[1, 1, 1]",,,,,,,,,,,,,,5.369778972750473,"[5.369778972750473, 7.072657788419907, 7.623440130512358, 7.888890643764318, 8.198485916076788, 8.25015877415345, 8.309403235774145, 8.275422976909773, 8.361420026901534, 8.411771471262528, 8.345733411752303, 8.378517502738491, 8.570604130688986, 8.729097741601578, 8.739755676279813, 8.666797922678953, 8.621014501453693, 8.634230294953104, 8.682424772005737, 8.72835690391742, 8.739060352559605, 8.722617050466011, 8.71831098508907, 8.74067449879116, 8.775734009949353, 8.812667492285868, 8.850725217359384, 8.879477995233275, 8.8850988819721, 8.898350809308795, 8.939156257781239, 8.96266719788023, 8.962436651933004, 8.979797834644721, 8.994368988744672, 9.000749858682749, 9.025970301051181, 9.04193616769565, 9.050544489752314, 9.068492859165737, 9.077209072184651, 9.085992201333172, 9.092307274558783, 9.093174966366542, 9.099296958054946, 9.098288293618978, 9.100483434906174, 9.103131191517914, 9.105589792072845, 9.106085735813629, 9.104166172927302, 9.107784204549233, 9.110239976363902, 9.1113501359723, 9.110495053228126, 9.110754630062237, 9.110195906852184, 9.111132787447424, 9.112519613604382, 9.111910310652295, 9.111796789151857, 9.114005125813126, 9.11613791605884, 9.116734098712744, 9.117926887967215, 9.118702318033593, 9.119633034844544, 9.120261825996693, 9.120612164480791, 9.119996474620192, 9.120574077831142, 9.121109077575236, 9.121236886420686, 9.121078488914135, 9.121496238714348, 9.121640254963546]",75,,,,,9.121640254963546,,0.9121640254963547,,,,28.572656869888306,28.572656869888306,False,,0.0,0.0,,,28.58503746986389,2026-09-07 11:53:03,x86_64,dacsgpu0002,,64,64,3.11.15,0.26,False,False,False,True,7,True,False,False,False,adam,True,1,10,hamqaoa,0.05,False,False,hog,False,False,False,False,True,False,False,1,HOG_graphs/Exp5/complete_graphs_2to12vertices_11instances_AdjacencyList.txt,False,0,16,1,1,0,0,0,5,10,42,True,_FINAL_BENCHMARKS_STANDARD,1,,42,6,"[(2, 3), (2, 6), (3, 5), (4, 6), (0, 5), (1, 4), (0, 2), (1, 7), (5, 7), (3, 4), (4, 5), (3, 7), (2, 5), (1, 3), (0, 1), (1, 6), (0, 4), (0, 7), (5, 6), (3, 6), (2, 4), (2, 7), (4, 7), (0, 3), (1, 2), (0, 6), (1, 5), (6, 7)]","[1.0, 1.0, 1.0, 1.0, 1.0, 1.0, 1.0, 1.0, 1.0, 1.0, 1.0, 1.0, 1.0, 1.0, 1.0, 1.0, 1.0, 1.0, 1.0, 1.0, 1.0, 1.0, 1.0, 1.0, 1.0, 1.0, 1.0, 1.0]"
95c54c26,7,21,4,75.0,False,False,"[1, 1, 1]",,,,,,,,,,,,,,5.01927529553647,"[5.01927529553647, 5.515825913508718, 5.7042131558236715, 5.807133325354126, 5.890789726555606, 6.035758100714006, 6.238460179852004, 6.4472981897596, 6.5950709581373355, 6.607473556924721, 6.5875883990552735, 6.594141056211862, 6.62195208832039, 6.652325436341561, 6.657044283293113, 6.644277369850021, 6.640392190317991, 6.6436949907420235, 6.64379997807649, 6.642950299451163, 6.6513930739947655, 6.673372219154506, 6.703783857093615, 6.734208276583917, 6.7581223798138375, 6.771436609871677, 6.7753087737396225, 6.7789173335903, 6.789676716437123, 6.8071758519952485, 6.825767170568359, 6.839362834889811, 6.848220831669098, 6.8602312335613576, 6.880429892482432, 6.904808430475183, 6.928072636994818, 6.949074665161318, 6.966856114447894, 6.978059286961627, 6.981391615348854, 6.98291428645016, 6.991465366145396, 7.0075368372475415, 7.026940648246575, 7.048655413131403, 7.068280445849365, 7.077654254413809, 7.075017544639774, 7.0664821940647995, 7.059526973080238, 7.058491939233983, 7.063132565421978, 7.070053454288973, 7.076487437430613, 7.081407630844678, 7.084346001115544, 7.085951643089529, 7.087023463920598, 7.088646468940196, 7.093517546930432, 7.100595594039735, 7.104566245741944, 7.104663149560047, 7.104220540186733, 7.104461701965694, 7.105067400636985, 7.106105590015607, 7.107190531487608, 7.107431441996349, 7.106904561768883, 7.106412293492186, 7.106180921895297, 7.106352472745936, 7.107403172351061, 7.108925631434246]",75,,,,,7.108925631434246,,0.9478567508578996,,,,22.764423370361328,22.764423370361328,False,,0.0,0.0,,,22.774598836898804,2026-09-07 11:53:03,x86_64,dacsgpu0002,,64,64,3.11.15,0.24,False,False,False,True,6,True,False,False,True,adam,True,1,10,hamqaoa,0.05,False,False,hog,False,False,False,False,True,False,False,1,HOG_graphs/Exp5/complete_graphs_2to12vertices_11instances_AdjacencyList.txt,False,0,16,1,1,0,0,0,5,10,42,True,_FINAL_BENCHMARKS_STANDARD,1,,42,5,"[(2, 3), (2, 6), (3, 5), (4, 6), (0, 5), (1, 4), (0, 2), (3, 4), (4, 5), (2, 5), (1, 3), (0, 1), (1, 6), (0, 4), (5, 6), (3, 6), (2, 4), (0, 3), (1, 2), (0, 6), (1, 5)]","[1.0, 1.0, 1.0, 1.0, 1.0, 1.0, 1.0, 1.0, 1.0, 1.0, 1.0, 1.0, 1.0, 1.0, 1.0, 1.0, 1.0, 1.0, 1.0, 1.0, 1.0]"
59c07204,3,3,4,75.0,False,False,"[1, 1, 1]",,,,,,,,,,,,,,0.9974199320273333,"[0.9974199320273333, 1.1862217109858901, 1.3367759601712252, 1.411039265702134, 1.3869287007854176, 1.368804618769227, 1.3837445625673999, 1.4036359959536595, 1.4174119136919792, 1.4293958567152503, 1.4451918472953154, 1.4640099098472608, 1.480763259855709, 1.4907151336229867, 1.4919748342481838, 1.4862739808856602, 1.4777913116860384, 1.4710659836626803, 1.4690430030403756, 1.4718386284470524, 1.4775998634530358, 1.4843885491296034, 1.4907398619309007, 1.4951308090964528, 1.49633651851582, 1.4945239991638877, 1.4915180589924133, 1.4896763599004776, 1.4902618305427913, 1.4927965118918438, 1.4958186913018847, 1.4980670209977043, 1.4990331424872203, 1.4988275896073378, 1.4979180013152893, 1.4969264321628697, 1.496332509633814, 1.496257308861196, 1.49659973660268, 1.4972685380933688, 1.4981508530205874, 1.498952887823827, 1.4992989849914742, 1.4990733502362885, 1.49856034368889, 1.498177662953876, 1.4981471032900566, 1.4984572571258141, 1.4989865786825256, 1.499533342802598, 1.4998422400136153, 1.4997854211063355, 1.4995038246528722, 1.4992748338370219, 1.4992606400245112, 1.499432832459147, 1.4996721829064348, 1.4998561646825292, 1.4999013874674276, 1.4998170298204039, 1.4997032173017482, 1.4996502164961296, 1.4996691698279265, 1.4997334314497717, 1.4998211435512505, 1.4998985669355775, 1.4999263460331462, 1.4999041815141305, 1.4998690770010328, 1.4998504660936576, 1.4998595496517322, 1.4999004619776304, 1.4999560065939626, 1.499988354544596, 1.4999806447333837, 1.499953473608099]",75,,,,,1.499953473608099,,0.9999689824053993,,,,6.6882946491241455,6.6882946491241455,False,,0.0,0.0,,,6.694837331771851,2026-09-07 11:53:04,x86_64,dacsgpu0002,,64,64,3.11.15,0.23,False,False,False,True,2,True,False,True,True,adam,True,1,10,hamqaoa,0.05,False,False,hog,False,False,False,False,True,False,False,1,HOG_graphs/Exp5/complete_graphs_2to12vertices_11instances_AdjacencyList.txt,False,0,16,1,1,0,0,0,5,10,42,True,_FINAL_BENCHMARKS_STANDARD,1,,42,1,"[(1, 2), (0, 1), (0, 2)]","[1.0, 1.0, 1.0]"
c7cb9690,5,10,4,75.0,False,False,"[1, 1, 1]",,,,,,,,,,,,,,3.013074669952435,"[3.013074669952435, 3.364885555259421, 3.479077975450474, 3.4413881762223726, 3.4489040411998584, 3.482230686898598, 3.4983545363574953, 3.5065867990534585, 3.521908609686476, 3.541235658793975, 3.56131820327488, 3.577683155809646, 3.5873750523489756, 3.5951564962634524, 3.605241262856011, 3.615308745410147, 3.6208916182870228, 3.6217301292697406, 3.622517627298321, 3.628767604885824, 3.6418609386514476, 3.657860644265983, 3.670642781754802, 3.676328792781532, 3.675513087023809, 3.6719100409770924, 3.669862381702861, 3.671752127229455, 3.676647223630263, 3.682258359609232, 3.686167589337086, 3.6869056336574095, 3.68624086530017, 3.68792905865779, 3.692905360518652, 3.6985625626534944, 3.70246224839513, 3.7043521957332106, 3.7049939579833304, 3.705078767358474, 3.7055169260657346, 3.7072839231879073, 3.710407345761878, 3.7137353682199876, 3.715991189025715, 3.716843702352488, 3.717018113565699, 3.7175459526733716, 3.71889596780777, 3.7207018021693075, 3.7222620234072603, 3.7232463027875187, 3.7238158245573483, 3.72426464340401, 3.7248660281467822, 3.7259001892897317, 3.72734811001738, 3.7286176770348165, 3.7291817078977103, 3.729381001059206, 3.7299001840400954, 3.730818857608726, 3.7318616881637516, 3.7329090151560713, 3.73386161806458, 3.7347056830451577, 3.735652079413465, 3.7367966718602967, 3.738049699603635, 3.7394077248700115, 3.7408912598175528, 3.7425086294366987, 3.7444156682396312, 3.74671811264278, 3.749347845576664, 3.7523633994503736]",75,,,,,3.7523633994503736,,0.9380908498625934,,,,12.988707065582275,12.988707065582275,False,,0.0,0.0,,,13.000457525253296,2026-09-07 11:53:04,x86_64,dacsgpu0002,,64,64,3.11.15,0.23,False,False,False,True,4,True,False,False,True,adam,True,1,10,hamqaoa,0.05,False,False,hog,False,False,False,False,True,False,False,1,HOG_graphs/Exp5/complete_graphs_2to12vertices_11instances_AdjacencyList.txt,False,0,16,1,1,0,0,0,5,10,42,True,_FINAL_BENCHMARKS_STANDARD,1,,42,3,"[(1, 3), (0, 1), (2, 3), (0, 4), (0, 3), (1, 2), (3, 4), (1, 4), (0, 2), (2, 4)]","[1.0, 1.0, 1.0, 1.0, 1.0, 1.0, 1.0, 1.0, 1.0, 1.0]"
c31f7011,3,3,5,75.0,False,False,"[1, 1, 1]",,,,,,,,,,,,,,1.1859158736770037,"[1.1859158736770037, 1.3704443925926948, 1.3392086940195564, 1.390523738865378, 1.3934524654640923, 1.4282972665460842, 1.4730773661327767, 1.4679104071745337, 1.4501054481412599, 1.4482139666898954, 1.4573632700608852, 1.4738988379873064, 1.4844835803851986, 1.48076723167786, 1.4752315833909182, 1.477501923896843, 1.4829202658194185, 1.4869002802886306, 1.491348401407521, 1.4948696870529037, 1.4924526193782226, 1.4861394470879952, 1.4840422698316629, 1.4882335970279, 1.493466410512528, 1.496164987904767, 1.497407590569272, 1.497169046079008, 1.4948652673971743, 1.4932076553856906, 1.4944709200315476, 1.4967042756361997, 1.497378602276351, 1.4971333416009869, 1.4973227007293812, 1.4975763764997156, 1.497736159448976, 1.4983535677207542, 1.498787925921013, 1.4983027934089135, 1.4978201390232564, 1.4981662026067428, 1.4986750308298953, 1.4989587091446304, 1.4994436089339578, 1.499753806626713, 1.4993606148445338, 1.4989173491370102, 1.4990118143609612, 1.4992893552383408, 1.499526266284739, 1.4997864419557638, 1.499784812023508, 1.4995263674345445, 1.4994904973592784, 1.4996569941863493, 1.4996977694675842, 1.4996959109612804, 1.4997417525010253, 1.4997477542904474, 1.4998023406732428, 1.499896403811721, 1.4998690542604491, 1.4998120374079589, 1.4998266965456655, 1.4998335436331858, 1.4998760474704202, 1.4999686239525636, 1.4999699434663398, 1.4999073068080282, 1.4998905009327497, 1.4999009583776892, 1.4999366008951713, 1.4999780688898825, 1.4999656151231011, 1.499948422185676]",75,,,,,1.499948422185676,,0.9999656147904507,,,,9.083293199539185,9.083293199539185,False,,0.0,0.0,,,9.089957475662231,2026-09-07 11:53:07,x86_64,dacsgpu0002,,64,64,3.11.15,0.23,False,False,False,True,2,True,False,True,True,adam,True,1,10,hamqaoa,0.05,False,False,hog,False,False,False,False,True,False,False,1,HOG_graphs/Exp5/complete_graphs_2to12vertices_11instances_AdjacencyList.txt,False,0,16,1,1,0,0,0,5,10,42,True,_FINAL_BENCHMARKS_STANDARD,1,,42,1,"[(1, 2), (0, 1), (0, 2)]","[1.0, 1.0, 1.0]"
b861926a,5,10,5,75.0,False,False,"[1, 1, 1]",,,,,,,,,,,,,,2.935702509611452,"[2.935702509611452, 3.4399522700018896, 3.4908127962637203, 3.546332794452761, 3.6204869306446303, 3.614186827745927, 3.601884339604039, 3.636326790297125, 3.6980722849167855, 3.7530490656474553, 3.7722497831422874, 3.7573532201642466, 3.7371907448026107, 3.7327938810855814, 3.7428173195577332, 3.755360192576189, 3.7635719359004782, 3.770886181853696, 3.7819730555037783, 3.7950128257709044, 3.8052266502147534, 3.8114939341566236, 3.816552335345094, 3.822034297316272, 3.826724466194077, 3.829321188139344, 3.830536255664627, 3.831644300732239, 3.8325343891667853, 3.832594339653176, 3.8325531507159516, 3.8339142950054406, 3.836759936257939, 3.839650698446368, 3.8416695141100785, 3.8432647829820454, 3.84504932592665, 3.8470803697712537, 3.849343663592477, 3.851750415078976, 3.8536459863287527, 3.8542155199598005, 3.8535791786398517, 3.852836390041305, 3.8529322731060827, 3.8539793828653894, 3.8555136482229067, 3.8569470370787555, 3.857928178287392, 3.8586197824041517, 3.859510246459018, 3.8608100716091283, 3.8622734247867214, 3.8636528874630303, 3.865019770729809, 3.866577217298499, 3.8684193895275425, 3.8705143286082997, 3.8727603262998977, 3.8751266650593874, 3.877763293549916, 3.8807641529581542, 3.8838977417179925, 3.8868688954043766, 3.8897209338090066, 3.8926252089119924, 3.895409269006898, 3.897661357919143, 3.8991893083248033, 3.8999826647774807, 3.8999781373523343, 3.8993789643964045, 3.8987764440446937, 3.8986349941869687, 3.899132747872121, 3.9003122532432672]",75,,,,,3.9003122532432672,,0.9750780633108168,,,,17.864675998687744,17.864675998687744,False,,0.0,0.0,,,17.8722722530365,2026-09-07 11:53:10,x86_64,dacsgpu0002,,64,64,3.11.15,0.24,False,False,False,True,4,True,False,False,True,adam,True,1,10,hamqaoa,0.05,False,False,hog,False,False,False,False,True,False,False,1,HOG_graphs/Exp5/complete_graphs_2to12vertices_11instances_AdjacencyList.txt,False,0,16,1,1,0,0,0,5,10,42,True,_FINAL_BENCHMARKS_STANDARD,1,,42,3,"[(1, 3), (0, 1), (2, 3), (0, 4), (0, 3), (1, 2), (3, 4), (1, 4), (0, 2), (2, 4)]","[1.0, 1.0, 1.0, 1.0, 1.0, 1.0, 1.0, 1.0, 1.0, 1.0]"
a2bf146c,7,21,5,75.0,False,False,"[1, 1, 1]",,,,,,,,,,,,,,5.0496969958499465,"[5.0496969958499465, 5.779313087188097, 6.121960232877154, 6.199063967757159, 6.270775605363473, 6.383064020424984, 6.5090982452971105, 6.616320604846862, 6.650721599455607, 6.6039143573894235, 6.5690221622165526, 6.611404227339252, 6.698544828538966, 6.7657353370299855, 6.775248325555842, 6.746506854953477, 6.724106758581528, 6.730856009658621, 6.76019181954839, 6.791133498111975, 6.811760901144234, 6.827636815819969, 6.845129835772523, 6.857722591310442, 6.860926804680362, 6.868187695301289, 6.889433374588578, 6.908789903127742, 6.911038166016369, 6.908961107606252, 6.91442958788177, 6.926994238734708, 6.94185284243461, 6.954312641749072, 6.964836728562009, 6.971237646261105, 6.972229414073659, 6.9721328076726525, 6.968433117393853, 6.965280496711134, 6.972624342294888, 6.980052049374214, 6.982760073850356, 6.9852852086654105, 6.984370225866328, 6.983683641329475, 6.983821691665627, 6.982380448482154, 6.983795680076674, 6.985043295784135, 6.984484151347177, 6.987194170126837, 6.989354146383803, 6.989108277356518, 6.989021230211501, 6.988557634613871, 6.989373016769741, 6.9906260553254365, 6.990272694510903, 6.990747637106521, 6.991389751947065, 6.991599274904202, 6.992013549376961, 6.991986890805759, 6.992745939816522, 6.993229395376268, 6.993331824998919, 6.993621303956306, 6.993558594195008, 6.993683074778623, 6.9938450439635185, 6.994176578854165, 6.99411665795188, 6.994252432687513, 6.994469898794465, 6.994569160982043]",75,,,,,6.994569160982043,,0.9326092214642724,,,,30.858479976654053,30.858479976654053,False,,0.0,0.0,,,30.868385076522827,2026-09-07 11:53:12,x86_64,dacsgpu0002,,64,64,3.11.15,0.24,False,False,False,True,6,True,False,False,True,adam,True,1,10,hamqaoa,0.05,False,False,hog,False,False,False,False,True,False,False,1,HOG_graphs/Exp5/complete_graphs_2to12vertices_11instances_AdjacencyList.txt,False,0,16,1,1,0,0,0,5,10,42,True,_FINAL_BENCHMARKS_STANDARD,1,,42,5,"[(2, 3), (2, 6), (3, 5), (4, 6), (0, 5), (1, 4), (0, 2), (3, 4), (4, 5), (2, 5), (1, 3), (0, 1), (1, 6), (0, 4), (5, 6), (3, 6), (2, 4), (0, 3), (1, 2), (0, 6), (1, 5)]","[1.0, 1.0, 1.0, 1.0, 1.0, 1.0, 1.0, 1.0, 1.0, 1.0, 1.0, 1.0, 1.0, 1.0, 1.0, 1.0, 1.0, 1.0, 1.0, 1.0, 1.0]"
133dfe65,8,28,5,75.0,False,False,"[1, 1, 1]",,,,,,,,,,,,,,6.936501069919613,"[6.936501069919613, 6.969899912174249, 7.438054878107531, 7.533666003140352, 7.463500912484101, 7.476910554043711, 7.447239034666292, 7.485115817538871, 7.580930290443766, 7.7042081780367235, 7.855147623251887, 7.8383246849394395, 7.799958501545952, 7.861718469735386, 7.97512395147581, 8.0707808185501, 8.110548902062613, 8.146735195427912, 8.23244077039331, 8.348499543824346, 8.44352799018358, 8.489988320469429, 8.506571548979275, 8.508420625654532, 8.50667662968951, 8.527173621330011, 8.564381444513305, 8.607247747128234, 8.651122641996695, 8.692174823158167, 8.72858614061526, 8.757053504458558, 8.775959044699428, 8.799531111742334, 8.837900235333988, 8.875055653414954, 8.895436905996364, 8.908304260531603, 8.928434327365052, 8.955444855147958, 8.97558385973832, 8.980649421999951, 8.985540601351717, 8.996849717933857, 9.003891102367335, 9.008014509086566, 9.014984898337344, 9.021773313712707, 9.024225800620448, 9.025110829020514, 9.02734802725329, 9.027922650646225, 9.02516986418874, 9.02298878646106, 9.024791431618715, 9.028937817090007, 9.031898691191465, 9.03367088001681, 9.036917010838707, 9.040703847004144, 9.041809578577553, 9.04170162827545, 9.043547296373218, 9.045998285894521, 9.047088035573344, 9.048417446654259, 9.050861715508617, 9.052960389290504, 9.054405413008814, 9.055934724068534, 9.05738517880287, 9.058586877444522, 9.060129801321654, 9.061944628816649, 9.063562550476945, 9.065480364819953]",75,,,,,9.065480364819953,,0.9065480364819953,,,,39.54076790809631,39.54076790809631,False,,0.0,0.0,,,39.548521995544434,2026-09-07 11:53:14,x86_64,dacsgpu0002,,64,64,3.11.15,0.25,False,False,False,True,7,True,False,False,False,adam,True,1,10,hamqaoa,0.05,False,False,hog,False,False,False,False,True,False,False,1,HOG_graphs/Exp5/complete_graphs_2to12vertices_11instances_AdjacencyList.txt,False,0,16,1,1,0,0,0,5,10,42,True,_FINAL_BENCHMARKS_STANDARD,1,,42,6,"[(2, 3), (2, 6), (3, 5), (4, 6), (0, 5), (1, 4), (0, 2), (1, 7), (5, 7), (3, 4), (4, 5), (3, 7), (2, 5), (1, 3), (0, 1), (1, 6), (0, 4), (0, 7), (5, 6), (3, 6), (2, 4), (2, 7), (4, 7), (0, 3), (1, 2), (0, 6), (1, 5), (6, 7)]","[1.0, 1.0, 1.0, 1.0, 1.0, 1.0, 1.0, 1.0, 1.0, 1.0, 1.0, 1.0, 1.0, 1.0, 1.0, 1.0, 1.0, 1.0, 1.0, 1.0, 1.0, 1.0, 1.0, 1.0, 1.0, 1.0, 1.0, 1.0]"
9062d817,10,45,4,75.0,False,False,"[1, 1, 1]",,,,,,,,,,,,,,10.74438669996154,"[10.74438669996154, 12.195108173710286, 12.524555653255176, 12.368234129097143, 12.482301257994095, 12.763834251915194, 12.988632410968753, 13.090716629161706, 13.081308007532519, 13.042671979405313, 13.098166845378527, 13.192599347938438, 13.227230816400036, 13.19917259707764, 13.193084391211695, 13.21689286102604, 13.21773245616279, 13.21781499164038, 13.251004461246088, 13.309434618826542, 13.366046962746504, 13.407546332511677, 13.438858618606531, 13.460055607611134, 13.466510756625604, 13.469850458200906, 13.480832771627776, 13.498634926111192, 13.52766533680162, 13.563963372014289, 13.589992179853764, 13.602471873143056, 13.609955676553822, 13.62247244258694, 13.648405110628413, 13.678700095885272, 13.70184918966241, 13.717144991482707, 13.72268244171622, 13.734717055432135, 13.751675794655224, 13.76202118932656, 13.768408940294941, 13.7670272529921, 13.765598363343129, 13.768616606448882, 13.77204087226092, 13.775224516134026, 13.774090315132689, 13.771776766798785, 13.772045274805764, 13.77632467402255, 13.781628991851857, 13.786196229557177, 13.78840499873657, 13.78928377881317, 13.791516693079188, 13.7945089779601, 13.798211687262217, 13.800691823349705, 13.80183924632486, 13.802979034474275, 13.804855715132613, 13.80689805237544, 13.808865539238221, 13.81014382988627, 13.811437398334654, 13.813001909134078, 13.814372710859933, 13.81541090584789, 13.816211739371361, 13.817227059344118, 13.818450158922918, 13.819297815721665, 13.819880143334734, 13.820492871881411]",75,,,,,13.820492871881411,,0.9213661914587608,,,,46.391916036605835,46.391916036605835,False,,0.0,0.0,,,46.408509254455566,2026-09-07 11:53:15,x86_64,dacsgpu0002,,64,64,3.11.15,0.24,False,False,False,True,9,True,False,False,False,adam,True,1,10,hamqaoa,0.05,False,False,hog,False,False,False,False,True,False,False,1,HOG_graphs/Exp5/complete_graphs_2to12vertices_11instances_AdjacencyList.txt,False,0,16,1,1,0,0,0,5,10,42,True,_FINAL_BENCHMARKS_STANDARD,1,,42,8,"[(2, 3), (3, 8), (2, 6), (3, 5), (2, 9), (4, 6), (4, 9), (7, 8), (0, 5), (1, 4), (0, 2), (0, 8), (1, 7), (6, 9), (5, 7), (3, 4), (2, 8), (4, 5), (3, 7), (2, 5), (4, 8), (8, 9), (1, 3), (0, 1), (1, 6), (0, 4), (1, 9), (0, 7), (6, 8), (5, 6), (5, 9), (3, 6), (2, 4), (3, 9), (2, 7), (4, 7), (7, 9), (0, 3), (1, 2), (1, 8), (0, 6), (1, 5), (0, 9), (5, 8), (6, 7)]","[1.0, 1.0, 1.0, 1.0, 1.0, 1.0, 1.0, 1.0, 1.0, 1.0, 1.0, 1.0, 1.0, 1.0, 1.0, 1.0, 1.0, 1.0, 1.0, 1.0, 1.0, 1.0, 1.0, 1.0, 1.0, 1.0, 1.0, 1.0, 1.0, 1.0, 1.0, 1.0, 1.0, 1.0, 1.0, 1.0, 1.0, 1.0, 1.0, 1.0, 1.0, 1.0, 1.0, 1.0, 1.0]"
aea3716e,9,36,5,75.0,False,False,"[1, 1, 1]",,,,,,,,,,,,,,9.331500379226112,"[9.331500379226112, 9.467757769346525, 9.458336164487793, 9.544040572992818, 9.614442107964845, 9.724700275869372, 9.855977017589524, 9.877009564825546, 9.95244809841913, 9.901725899091494, 9.900805213040746, 9.938077092636862, 9.990536009281763, 10.027145193839074, 10.005250020570752, 9.981400712549664, 9.98614843905542, 10.003438900173327, 10.048067678668763, 10.074488349786922, 10.087465150841018, 10.08971306425779, 10.091900872721267, 10.096239973966611, 10.08507876602492, 10.08388161168203, 10.084960799719415, 10.089837107983445, 10.106962036604463, 10.120955795621871, 10.124325868881149, 10.1288414161356, 10.128772491928306, 10.134951588770583, 10.145839916970216, 10.148235809841703, 10.160434444097753, 10.177157240438524, 10.191351445338865, 10.199713663359445, 10.20515593349205, 10.218700629446234, 10.230740668906869, 10.246491949075194, 10.268185827921144, 10.290160341181537, 10.304630694143505, 10.329224596381739, 10.352752211697172, 10.329214615363405, 10.275982744690955, 10.305114199598716, 10.416703627371703, 10.52178694725788, 10.558418415133865, 10.624117920848558, 10.70255907147227, 10.917055890752076, 10.75837073252714, 10.98053611477555, 10.822748555800523, 10.92530947954276, 10.82481027026694, 10.907491590103673, 10.8676244497447, 10.93697919881304, 10.868676626320264, 10.969780094115292, 10.873740223010126, 10.964355836912514, 10.951335742566167, 10.999530676140203, 10.947205772377178, 11.036600643474902, 10.977425672191501, 10.989621792698768]",75,,,,,10.989621792698768,,0.9158018160582307,,,,57.62645721435547,57.62645721435547,False,,0.0,0.0,,,57.63500642776489,2026-09-07 11:53:20,x86_64,dacsgpu0002,,64,64,3.11.15,0.25,False,False,False,True,8,True,False,False,True,adam,True,1,10,hamqaoa,0.05,False,False,hog,False,False,False,False,True,False,False,1,HOG_graphs/Exp5/complete_graphs_2to12vertices_11instances_AdjacencyList.txt,False,0,16,1,1,0,0,0,5,10,42,True,_FINAL_BENCHMARKS_STANDARD,1,,42,7,"[(2, 3), (3, 8), (2, 6), (3, 5), (4, 6), (7, 8), (0, 5), (1, 4), (0, 2), (0, 8), (1, 7), (5, 7), (3, 4), (2, 8), (4, 5), (3, 7), (2, 5), (4, 8), (1, 3), (0, 1), (1, 6), (0, 4), (0, 7), (6, 8), (5, 6), (3, 6), (2, 4), (2, 7), (4, 7), (0, 3), (1, 2), (1, 8), (0, 6), (1, 5), (5, 8), (6, 7)]","[1.0, 1.0, 1.0, 1.0, 1.0, 1.0, 1.0, 1.0, 1.0, 1.0, 1.0, 1.0, 1.0, 1.0, 1.0, 1.0, 1.0, 1.0, 1.0, 1.0, 1.0, 1.0, 1.0, 1.0, 1.0, 1.0, 1.0, 1.0, 1.0, 1.0, 1.0, 1.0, 1.0, 1.0, 1.0, 1.0]"
c6d0fce7,10,45,5,75.0,False,False,"[1, 1, 1]",,,,,,,,,,,,,,11.308825200948135,"[11.308825200948135, 12.234837295377169, 12.35702011898168, 12.393479786621091, 12.373144110168338, 12.568910517270837, 12.724142784696314, 12.886916154488734, 12.893291857706904, 12.925315331253223, 13.04165730444992, 13.094673409827443, 13.164494175884991, 13.267727828619666, 13.342392445492743, 13.377758269092249, 13.385217782419128, 13.446186274666694, 13.452254964514243, 13.480717625567435, 13.528027126240874, 13.517223465784417, 13.524246284723299, 13.549973425890716, 13.55492792667591, 13.574286856340146, 13.578866206522681, 13.60343463081716, 13.632488964042118, 13.64553365525679, 13.675611931793172, 13.69382904440235, 13.719120662113712, 13.736770815855614, 13.762445677946262, 13.799332164143426, 13.824610596036704, 13.862079233859369, 13.8827494338875, 13.894775193684982, 13.899313078912831, 13.893275523792548, 13.8996413943006, 13.90785766259674, 13.924938229498029, 13.93589910636035, 13.933643796990447, 13.933064951757924, 13.932356973977235, 13.943165806519083, 13.951234930572548, 13.961868979777453, 13.964649173013697, 13.959752361986352, 13.958154631166682, 13.957201499224059, 13.960563831049729, 13.966483276954285, 13.967860073353798, 13.967149245040066, 13.965617536227148, 13.963915081990203, 13.965424003250044, 13.969989720612912, 13.97316852732425, 13.973510837290533, 13.972956242768635, 13.972486576875843, 13.972867968720028, 13.97459984773517, 13.976742666925409, 13.976963743705292, 13.976903721168924, 13.976701445667528, 13.976620491350316, 13.97726137059636]",75,,,,,13.97726137059636,,0.9318174247064239,,,,81.5603518486023,81.5603518486023,False,,0.0,0.0,,,81.56862783432007,2026-09-07 11:53:50,x86_64,dacsgpu0002,,64,64,3.11.15,0.25,False,False,False,True,9,True,False,False,False,adam,True,1,10,hamqaoa,0.05,False,False,hog,False,False,False,False,True,False,False,1,HOG_graphs/Exp5/complete_graphs_2to12vertices_11instances_AdjacencyList.txt,False,0,16,1,1,0,0,0,5,10,42,True,_FINAL_BENCHMARKS_STANDARD,1,,42,8,"[(2, 3), (3, 8), (2, 6), (3, 5), (2, 9), (4, 6), (4, 9), (7, 8), (0, 5), (1, 4), (0, 2), (0, 8), (1, 7), (6, 9), (5, 7), (3, 4), (2, 8), (4, 5), (3, 7), (2, 5), (4, 8), (8, 9), (1, 3), (0, 1), (1, 6), (0, 4), (1, 9), (0, 7), (6, 8), (5, 6), (5, 9), (3, 6), (2, 4), (3, 9), (2, 7), (4, 7), (7, 9), (0, 3), (1, 2), (1, 8), (0, 6), (1, 5), (0, 9), (5, 8), (6, 7)]","[1.0, 1.0, 1.0, 1.0, 1.0, 1.0, 1.0, 1.0, 1.0, 1.0, 1.0, 1.0, 1.0, 1.0, 1.0, 1.0, 1.0, 1.0, 1.0, 1.0, 1.0, 1.0, 1.0, 1.0, 1.0, 1.0, 1.0, 1.0, 1.0, 1.0, 1.0, 1.0, 1.0, 1.0, 1.0, 1.0, 1.0, 1.0, 1.0, 1.0, 1.0, 1.0, 1.0, 1.0, 1.0]"
