2026-05-01 09:38:41.071 system_profiler[61839:3056898] hw.cpufamily: 0x6f5129ac
Starting QAOA benchmark with global start time: 1777621120.920916
Benchmark parameters: {'optimiser': 'adam', 'circuit_type': 'hamqaoa', 'parameter_vector': [1, 1, 1], 'iterations_list': [50, 100, 200, 500], 'learning_rate_adam': 0.05, 'depth_list': [1, 2, 5, 10], 'n_start': 0, 'n_end': 30, 'singlet_injection': False, 'start_index_singlet': 0, 'warm_start': True, 'compare_with_010101': False, 'warm_start_correlations': False, 'init_QAOAparams_close_to_zero': False, 'use_correlations_as_initial_params': False, 'time_limit': 10800, 'failed_instance_termination_thrsh': 10, 'graph_generation_type': 'HOG', 'weighted': False, 'easiest_first': True, 'cpu_util_threshold': 90, 'debug': False, 'save_circuit_svg': False, 'rerun_exclude_finished_instances': False, 'optimiser_debug_iterations': 1, 'relative_graph_adjList_path': '/Users/julian_dev/Projects/MasterThesis/QAOA/HOG_graphs/list_27_graphs_adjacency_list.txt'}, Running QAOA with equal superposition
Benchmark run ID: 3b625715
Processor: Apple M4
Hostname: Mac-mini-som-tillhor-Julian.local
Total RAM (GB): 16.0
Physical cores: 10
Logical cores: 10
Python version: 3.13.1
Initialisation time: 0.17 seconds; started at {'initialisation': 0.16909098625183105} and finished at 1777621121.090017
Loaded HOG graph index 6 with 15 edges.
Instance generation for n=6 took 0.00 seconds; started at 1777621121.0900218 and finished at 1777621121.090401
Running QAOA for n=10 nodes, m=15 edges...; Max iterations: 500
Warm-start: using parameter_vector=[1, 1, 1]
Warm-start: starting SDP solve for n_vertices=10
Starting SDP solve (solver preference: MOSEK, fallback: SCS) for n_vertices=10, matrix_dim=30, edges=15
Finished SDP solve with MOSEK. status=optimal. elapsed_seconds=0.07
Rounding...
n_vertices: 10 for n = 30
Using seed None to generate random matrix for x.
r_0: [ 0.51244145 -0.09845087  0.85305989]
Product state qubit 0: [[0.92652995+0.j         0.25622073+0.04922543j]
 [0.25622073-0.04922543j 0.07347005+0.j        ]]
Diagonal entries of product state 0: [0.92652995 0.07347005]
r_1: [-0.51243424  0.09845487 -0.85306377]
Product state qubit 1: [[ 0.07346812+0.j         -0.25621712-0.04922744j]
 [-0.25621712+0.04922744j  0.92653188+0.j        ]]
Diagonal entries of product state 1: [0.07346812 0.92653188]
r_2: [-0.25737322  0.13147125 -0.95732666]
Product state qubit 2: [[ 0.02133667+0.j         -0.12868661-0.06573562j]
 [-0.12868661+0.06573562j  0.97866333+0.j        ]]
Diagonal entries of product state 2: [0.02133667 0.97866333]
r_3: [-0.12222374 -0.16000104  0.97952081]
Product state qubit 3: [[ 0.98976041+0.j         -0.06111187+0.08000052j]
 [-0.06111187-0.08000052j  0.01023959+0.j        ]]
Diagonal entries of product state 3: [0.98976041 0.01023959]
r_4: [-0.25736745  0.1314691  -0.95732851]
Product state qubit 4: [[ 0.02133575+0.j         -0.12868373-0.06573455j]
 [-0.12868373+0.06573455j  0.97866425+0.j        ]]
Diagonal entries of product state 4: [0.02133575 0.97866425]
r_5: [-0.12224477 -0.16001177  0.97951644]
Product state qubit 5: [[ 0.98975822+0.j         -0.06112239+0.08000588j]
 [-0.06112239-0.08000588j  0.01024178+0.j        ]]
Diagonal entries of product state 5: [0.98975822 0.01024178]
r_6: [ 0.51243993 -0.09844976  0.85306094]
Product state qubit 6: [[0.92653047+0.j         0.25621996+0.04922488j]
 [0.25621996-0.04922488j 0.07346953+0.j        ]]
Diagonal entries of product state 6: [0.92653047 0.07346953]
r_7: [ 0.51243986 -0.09844967  0.85306099]
Product state qubit 7: [[0.9265305 +0.j         0.25621993+0.04922484j]
 [0.25621993-0.04922484j 0.0734695 +0.j        ]]
Diagonal entries of product state 7: [0.9265305 0.0734695]
r_8: [-0.1222466  -0.15995418  0.97952561]
Product state qubit 8: [[ 0.98976281+0.j         -0.0611233 +0.07997709j]
 [-0.0611233 -0.07997709j  0.01023719+0.j        ]]
Diagonal entries of product state 8: [0.98976281 0.01023719]
r_9: [-0.25738075  0.1314829  -0.95732304]
Product state qubit 9: [[ 0.02133848+0.j         -0.12869037-0.06574145j]
 [-0.12869037+0.06574145j  0.97866152+0.j        ]]
Diagonal entries of product state 9: [0.02133848 0.97866152]
y_scalar: False
[1, -1, -1, 1, -1, 1, 1, 1, 1, -1]
Hamiltonian equals product state? [[False False False False]
 [False False False False]
 [False False False False]
 [False False False False]]
Hamiltonian: [[ 0. +0.j  0. +0.j  0. +0.j  0. +0.j]
 [ 0. +0.j  0.5+0.j -0.5+0.j  0. +0.j]
 [ 0. +0.j -0.5+0.j  0.5+0.j  0. +0.j]
 [ 0. +0.j  0. +0.j  0. +0.j  0. +0.j]], product state: [[ 2.11199838e-02+0.j         -1.27372636e-01-0.06506828j
  -1.30403448e-03+0.00170709j  1.31238596e-02-0.00627771j]
 [-1.27372636e-01+0.06506828j  9.68640423e-01+0.j
   2.60515904e-03-0.01431288j -5.98078351e-02+0.07829343j]
 [-1.30403448e-03-0.00170709j  2.60515904e-03+0.01431288j
   2.18497368e-04+0.j         -1.31773708e-03-0.00067317j]
 [ 1.31238596e-02+0.00627771j -5.98078351e-02-0.07829343j
  -1.31773708e-03+0.00067317j  1.00210959e-02+0.j        ]]
Hamiltonian equals product state? [[False False False False]
 [False False False False]
 [False False False False]
 [False False False False]]
Hamiltonian: [[ 0. +0.j  0. +0.j  0. +0.j  0. +0.j]
 [ 0. +0.j  0.5+0.j -0.5+0.j  0. +0.j]
 [ 0. +0.j -0.5+0.j  0.5+0.j  0. +0.j]
 [ 0. +0.j  0. +0.j  0. +0.j  0. +0.j]], product state: [[ 0.06807041+0.00000000e+00j -0.23739283-4.56106935e-02j
   0.01882405+3.61649984e-03j -0.06322489-2.52254880e-02j]
 [-0.23739283+4.56106935e-02j  0.85845954+0.00000000e+00j
  -0.06807138+6.90828182e-07j  0.23739667+4.56089330e-02j]
 [ 0.01882405-3.61649984e-03j -0.06807138-6.90828182e-07j
   0.00539771+0.00000000e+00j -0.01882429-3.61674232e-03j]
 [-0.06322489+2.52254880e-02j  0.23739667-4.56089330e-02j
  -0.01882429+3.61674232e-03j  0.06807235+0.00000000e+00j]]
Hamiltonian equals product state? [[False False False False]
 [False False False False]
 [False False False False]
 [False False False False]]
Hamiltonian: [[ 0. +0.j  0. +0.j  0. +0.j  0. +0.j]
 [ 0. +0.j  0.5+0.j -0.5+0.j  0. +0.j]
 [ 0. +0.j -0.5+0.j  0.5+0.j  0. +0.j]
 [ 0. +0.j  0. +0.j  0. +0.j  0. +0.j]], product state: [[ 2.11181905e-02+0.j         -1.30392375e-03+0.00170694j
  -1.27368912e-01-0.06506252j  1.31231634e-02-0.00627777j]
 [-1.30392375e-03-0.00170694j  2.18478815e-04+0.j
   2.60539528e-03+0.01431222j -1.31769855e-03-0.00067311j]
 [-1.27368912e-01+0.06506252j  2.60539528e-03-0.01431222j
   9.68642216e-01+0.j         -5.98079459e-02+0.07829358j]
 [ 1.31231634e-02+0.00627777j -1.31769855e-03+0.00067311j
  -5.98079459e-02-0.07829358j  1.00211144e-02+0.j        ]]
Hamiltonian equals product state? [[False False False False]
 [False False False False]
 [False False False False]
 [False False False False]]
Hamiltonian: [[ 0. +0.j  0. +0.j  0. +0.j  0. +0.j]
 [ 0. +0.j  0.5+0.j -0.5+0.j  0. +0.j]
 [ 0. +0.j -0.5+0.j  0.5+0.j  0. +0.j]
 [ 0. +0.j  0. +0.j  0. +0.j  0. +0.j]], product state: [[ 0.06807045+0.00000000e+00j  0.018824  +3.61645932e-03j
  -0.23739297-4.56107192e-02j -0.06322473-2.52253091e-02j]
 [ 0.018824  -3.61645932e-03j  0.00539767+0.00000000e+00j
  -0.06807116-7.94511394e-07j -0.01882415-3.61671660e-03j]
 [-0.23739297+4.56107192e-02j -0.06807116+7.94511394e-07j
   0.85846002+0.00000000e+00j  0.23739597+4.56084221e-02j]
 [-0.06322473+2.52253091e-02j -0.01882415+3.61671660e-03j
   0.23739597-4.56084221e-02j  0.06807186+0.00000000e+00j]]
Hamiltonian equals product state? [[False False False False]
 [False False False False]
 [False False False False]
 [False False False False]]
Hamiltonian: [[ 0. +0.j  0. +0.j  0. +0.j  0. +0.j]
 [ 0. +0.j  0.5+0.j -0.5+0.j  0. +0.j]
 [ 0. +0.j -0.5+0.j  0.5+0.j  0. +0.j]
 [ 0. +0.j  0. +0.j  0. +0.j  0. +0.j]], product state: [[ 9.17041173e-01+0.j          2.53595780e-01+0.04872069j
  -5.66317558e-02+0.07412789j -1.95990502e-02+0.01749036j]
 [ 2.53595780e-01-0.04872069j  7.27170457e-02+0.j
  -1.17224972e-02+0.02350784j -4.49063150e-03+0.00587799j]
 [-5.66317558e-02-0.07412789j -1.17224972e-02-0.02350784j
   9.48932304e-03+0.j          2.62414856e-03+0.00050415j]
 [-1.95990502e-02-0.01749036j -4.49063150e-03-0.00587799j
   2.62414856e-03-0.00050415j  7.52458622e-04+0.j        ]]
Hamiltonian equals product state? [[False False False False]
 [False False False False]
 [False False False False]
 [False False False False]]
Hamiltonian: [[ 0. +0.j  0. +0.j  0. +0.j  0. +0.j]
 [ 0. +0.j  0.5+0.j -0.5+0.j  0. +0.j]
 [ 0. +0.j -0.5+0.j  0.5+0.j  0. +0.j]
 [ 0. +0.j  0. +0.j  0. +0.j  0. +0.j]], product state: [[ 0.01977075+0.j         -0.11923556-0.06091146j  0.00546734+0.00105038j
  -0.02973693-0.02317903j]
 [-0.11923556+0.06091146j  0.90675974+0.j         -0.03620915+0.01050951j
   0.25075258+0.04817445j]
 [ 0.00546734-0.00105038j -0.03620915-0.01050951j  0.00156773+0.j
  -0.00945482-0.00482999j]
 [-0.02973693+0.02317903j  0.25075258-0.04817445j -0.00945482+0.00482999j
   0.07190178+0.j        ]]
Hamiltonian equals product state? [[False False False False]
 [False False False False]
 [False False False False]
 [False False False False]]
Hamiltonian: [[ 0. +0.j  0. +0.j  0. +0.j  0. +0.j]
 [ 0. +0.j  0.5+0.j -0.5+0.j  0. +0.j]
 [ 0. +0.j -0.5+0.j  0.5+0.j  0. +0.j]
 [ 0. +0.j  0. +0.j  0. +0.j  0. +0.j]], product state: [[ 9.17042657e-01+0.j         -5.66219773e-02+0.07412288j
   2.53597131e-01+0.04872138j -1.95961880e-02+0.01748953j]
 [-5.66219773e-02-0.07412288j  9.48728980e-03+0.j
  -1.17200674e-02-0.02350605j  2.62359603e-03+0.00050405j]
 [ 2.53597131e-01-0.04872138j -1.17200674e-02+0.02350605j
   7.27177496e-02+0.j         -4.48989231e-03+0.00587764j]
 [-1.95961880e-02-0.01748953j  2.62359603e-03-0.00050405j
  -4.48989231e-03-0.00587764j  7.52303461e-04+0.j        ]]
Hamiltonian equals product state? [[False False False False]
 [False False False False]
 [False False False False]
 [False False False False]]
Hamiltonian: [[ 0. +0.j  0. +0.j  0. +0.j  0. +0.j]
 [ 0. +0.j  0.5+0.j -0.5+0.j  0. +0.j]
 [ 0. +0.j -0.5+0.j  0.5+0.j  0. +0.j]
 [ 0. +0.j  0. +0.j  0. +0.j  0. +0.j]], product state: [[ 0.01976822+0.j          0.00546664+0.00105025j -0.11922939-0.06090506j
  -0.02973556-0.02317695j]
 [ 0.00546664-0.00105025j  0.00156753+0.j         -0.03620712-0.01050806j
  -0.00945433-0.00482949j]
 [-0.11922939+0.06090506j -0.03620712+0.01050806j  0.90676225+0.j
   0.25075332+0.04817463j]
 [-0.02973556+0.02317695j -0.00945433+0.00482949j  0.25075332-0.04817463j
   0.071902  +0.j        ]]
Hamiltonian equals product state? [[False False False False]
 [False False False False]
 [False False False False]
 [False False False False]]
Hamiltonian: [[ 0. +0.j  0. +0.j  0. +0.j  0. +0.j]
 [ 0. +0.j  0.5+0.j -0.5+0.j  0. +0.j]
 [ 0. +0.j -0.5+0.j  0.5+0.j  0. +0.j]
 [ 0. +0.j  0. +0.j  0. +0.j  0. +0.j]], product state: [[ 9.17045398e-01+0.j         -5.66326012e-02+0.07410121j
   2.53596990e-01+0.04872096j -1.95978728e-02+0.01748294j]
 [-5.66326012e-02-0.07410121j  9.48507110e-03+0.j
  -1.17241473e-02-0.02350051j  2.62297318e-03+0.00050392j]
 [ 2.53596990e-01-0.04872096j -1.17241473e-02+0.02350051j
   7.27174087e-02+0.j         -4.49070026e-03+0.00587588j]
 [-1.95978728e-02-0.01748294j  2.62297318e-03-0.00050392j
  -4.49070026e-03-0.00587588j  7.52121753e-04+0.j        ]]
Hamiltonian equals product state? [[False False False False]
 [False False False False]
 [False False False False]
 [False False False False]]
Hamiltonian: [[ 0. +0.j  0. +0.j  0. +0.j  0. +0.j]
 [ 0. +0.j  0.5+0.j -0.5+0.j  0. +0.j]
 [ 0. +0.j -0.5+0.j  0.5+0.j  0. +0.j]
 [ 0. +0.j  0. +0.j  0. +0.j  0. +0.j]], product state: [[ 2.11182417e-02+0.j         -1.30416767e-03+0.00170644j
  -1.27369221e-01-0.06506267j  1.31230942e-02-0.006274j  ]
 [-1.30416767e-03-0.00170644j  2.18427598e-04+0.j
   2.60840674e-03+0.01430996j -1.31738965e-03-0.00067295j]
 [-1.27369221e-01+0.06506267j  2.60840674e-03-0.01430996j
   9.68644565e-01+0.j         -5.98191338e-02+0.07827064j]
 [ 1.31230942e-02+0.006274j   -1.31738965e-03+0.00067295j
  -5.98191338e-02-0.07827064j  1.00187653e-02+0.j        ]]
Hamiltonian equals product state? [[False False False False]
 [False False False False]
 [False False False False]
 [False False False False]]
Hamiltonian: [[ 0. +0.j  0. +0.j  0. +0.j  0. +0.j]
 [ 0. +0.j  0.5+0.j -0.5+0.j  0. +0.j]
 [ 0. +0.j -0.5+0.j  0.5+0.j  0. +0.j]
 [ 0. +0.j  0. +0.j  0. +0.j  0. +0.j]], product state: [[ 2.11172307e-02+0.j         -1.30409178e-03+0.00170699j
  -1.27365776e-01-0.06506131j  1.31246074e-02-0.0062776j ]
 [-1.30409178e-03-0.00170699j  2.18516060e-04+0.j
   2.60630575e-03+0.01431331j -1.31795063e-03-0.00067324j]
 [-1.27365776e-01+0.06506131j  2.60630575e-03-0.01431331j
   9.68640988e-01+0.j         -5.98182956e-02+0.0782989j ]
 [ 1.31246074e-02+0.0062776j  -1.31795063e-03+0.00067324j
  -5.98182956e-02-0.0782989j   1.00232656e-02+0.j        ]]
Hamiltonian equals product state? [[False False False False]
 [False False False False]
 [False False False False]
 [False False False False]]
Hamiltonian: [[ 0. +0.j  0. +0.j  0. +0.j  0. +0.j]
 [ 0. +0.j  0.5+0.j -0.5+0.j  0. +0.j]
 [ 0. +0.j -0.5+0.j  0.5+0.j  0. +0.j]
 [ 0. +0.j  0. +0.j  0. +0.j  0. +0.j]], product state: [[ 2.11199371e-02+0.j         -1.27372354e-01-0.06506814j
  -1.30425891e-03+0.0017072j   1.31255656e-02-0.00627771j]
 [-1.27372354e-01+0.06506814j  9.68638281e-01+0.j
   2.60616006e-03-0.01431426j -5.98181284e-02+0.07829868j]
 [-1.30425891e-03-0.0017072j   2.60616006e-03+0.01431426j
   2.18544065e-04+0.j         -1.31801870e-03-0.00067331j]
 [ 1.31255656e-02+0.00627771j -5.98181284e-02-0.07829868j
  -1.31801870e-03+0.00067331j  1.00232376e-02+0.j        ]]
Hamiltonian equals product state? [[False False False False]
 [False False False False]
 [False False False False]
 [False False False False]]
Hamiltonian: [[ 0. +0.j  0. +0.j  0. +0.j  0. +0.j]
 [ 0. +0.j  0.5+0.j -0.5+0.j  0. +0.j]
 [ 0. +0.j -0.5+0.j  0.5+0.j  0. +0.j]
 [ 0. +0.j  0. +0.j  0. +0.j  0. +0.j]], product state: [[ 2.11173286e-02+0.j         -1.30411128e-03+0.00170637j
  -1.27366366e-01-0.06506161j  1.31228323e-02-0.00627384j]
 [-1.30411128e-03-0.00170637j  2.18418155e-04+0.j
   2.60831616e-03+0.01430966j -1.31736013e-03-0.00067294j]
 [-1.27366366e-01+0.06506161j  2.60831616e-03-0.01430966j
   9.68645479e-01+0.j         -5.98191902e-02+0.07827072j]
 [ 1.31228323e-02+0.00627384j -1.31736013e-03+0.00067294j
  -5.98191902e-02-0.07827072j  1.00187747e-02+0.j        ]]
Hamiltonian equals product state? [[False False False False]
 [False False False False]
 [False False False False]
 [False False False False]]
Hamiltonian: [[ 0. +0.j  0. +0.j  0. +0.j  0. +0.j]
 [ 0. +0.j  0.5+0.j -0.5+0.j  0. +0.j]
 [ 0. +0.j -0.5+0.j  0.5+0.j  0. +0.j]
 [ 0. +0.j  0. +0.j  0. +0.j  0. +0.j]], product state: [[ 0.01976906+0.j         -0.119232  -0.06090602j  0.0054669 +0.00105031j
  -0.02973631-0.02317748j]
 [-0.119232  +0.06090602j  0.90676088+0.j         -0.03620804+0.01050817j
   0.25075383+0.04817513j]
 [ 0.0054669 -0.00105031j -0.03620804-0.01050817j  0.00156761+0.j
  -0.00945461-0.0048296j ]
 [-0.02973631+0.02317748j  0.25075383-0.04817513j -0.00945461+0.0048296j
   0.07190245+0.j        ]]
Hamiltonian equals product state? [[False False False False]
 [False False False False]
 [False False False False]
 [False False False False]]
Hamiltonian: [[ 0. +0.j  0. +0.j  0. +0.j  0. +0.j]
 [ 0. +0.j  0.5+0.j -0.5+0.j  0. +0.j]
 [ 0. +0.j -0.5+0.j  0.5+0.j  0. +0.j]
 [ 0. +0.j  0. +0.j  0. +0.j  0. +0.j]], product state: [[ 0.06807045+0.00000000e+00j  0.018824  +3.61645602e-03j
  -0.23739297-4.56107205e-02j -0.06322472-2.52252958e-02j]
 [ 0.018824  -3.61645602e-03j  0.00539767+0.00000000e+00j
  -0.06807114-8.04325295e-07j -0.01882414-3.61671531e-03j]
 [-0.23739297+4.56107205e-02j -0.06807114+8.04325295e-07j
   0.85846005+0.00000000e+00j  0.23739593+4.56083804e-02j]
 [-0.06322472+2.52252958e-02j -0.01882414+3.61671531e-03j
   0.23739593-4.56083804e-02j  0.06807184+0.00000000e+00j]]
Energy of rounded cut: 6.0205325054873
Check the cut: [1, -1, -1, 1, -1, 1, 1, 1, 1, -1]
12 in cut out of a total of 15 edges
Warm-start: SDP solve + rounding finished in 0.08 seconds
Warm-start: statevector build finished in 0.00 seconds
warm_start_correlations: None
Edges: [(3, 9), (0, 1), (2, 3), (1, 6), (5, 7), (7, 9), (0, 3), (4, 6), (6, 8), (2, 8), (4, 5), (5, 9), (4, 8), (0, 2), (1, 7)], weights: [1.0, 1.0, 1.0, 1.0, 1.0, 1.0, 1.0, 1.0, 1.0, 1.0, 1.0, 1.0, 1.0, 1.0, 1.0], set of nodes: {0, 1, 2, 3, 4, 5, 6, 7, 8, 9}, n: 10 nodes, p: 10 layers, N_bayes: 500 iterations
Initial state injected as warm start
Initial state energy for vector-normalised SDP solution used as warm start: 4.801313034724079
Running ADAM optimization with a single iteration (no debug loop)
ADAM optimizer configured with maxiter=500 and learning_rate=0.05
Generated 4 random initial parameter sets for ADAM optimization
Using random initial parameters with:
Param_type 1:  [-2.92232399  1.8337134   1.87543697 -2.97956567  0.45380429 -1.98031841
 -2.60136634  0.91788756 -0.74244975  2.16506132]
Param_type 2:  [-1.54698217 -1.28986497  0.65303849 -1.89670998 -0.96651834  2.34978965
 -2.60379857  0.66926911  1.92041447  1.86643379]
Param_type 3:  [ 0.19441224  1.2302579  -2.95411633 -3.04843815  3.11717235  0.16734985
  0.71314203 -2.97674267 -0.25163311  1.59408476]
Param_type 4:  [-0.55973712 -1.60849392  2.3401239  -2.42234095  0.23730202 -2.25439869
  0.69643934 -1.39659779  0.17871416 -2.86568673]
Energies observed during ADAM optimization: [3.74087755518208, 3.7408775551894236, 3.7408775551881965, 3.740877555204716, 3.7408775552087246, 3.740877555177666, 3.7408775551841256, 3.7408775552271565, 3.7408775551929536, 3.740877555187029, 3.7408775551823945, 3.7408775551840465, 3.740877555142307, 3.7408775551960187, 3.7408775551879407, 3.740877555141691, 3.7408775551730913, 3.740877555161753, 3.7408775551942144, 3.740877555191007, 3.740877555189982, 3.7408775551680113, 3.7408775551988778, 3.740877555165462, 3.740877555169583, 3.7408775551909255, 3.740877555191043, 3.740877555199406, 3.740877555159146, 3.7408775551886113, 3.7408775551820774, 3.740877555184378, 3.740877555184081, 3.7408775551907163, 3.740877555148284, 3.740877555214662, 3.7408775551851434, 3.7408775551511044, 3.740877555205127, 3.7408775551723377, 3.740877555202422, 3.8269082114189543, 3.8269082113961974, 3.8269082114100645, 3.8269082114188153, 3.826908211409617, 3.8269082113914537, 3.8269082114146853, 3.8269082114060993, 3.826908211431983, 3.826908211421975, 3.8269082114395356, 3.82690821146583, 3.826908211441114, 3.8269082113829316, 3.8269082114154767, 3.826908211426234, 3.8269082113799486, 3.8269082114263875, 3.8269082113718973, 3.826908211396057, 3.8269082114211503, 3.82690821144062, 3.8269082113987483, 3.826908211428127, 3.8269082114024955, 3.826908211429746, 3.8269082113931234, 3.8269082113907444, 3.8269082113963044, 3.8269082114253514, 3.8269082114189583, 3.8269082114198114, 3.8269082114116704, 3.8269082114312205, 3.8269082114125776, 3.826908211432486, 3.8269082114322024, 3.8269082114472472, 3.82690821139809, 3.826908211430006, 3.826908211406977, 3.9580734949386875, 3.9580734949343777, 3.9580734949374095, 3.9580734949302063, 3.958073494911819, 3.9580734949183696, 3.9580734949390695, 3.958073494881932, 3.9580734949031045, 3.958073494912114, 3.95807349493476, 3.9580734949741863, 3.958073494924489, 3.9580734949141103, 3.9580734949347014, 3.958073494945243, 3.9580734948950047, 3.9580734949317407, 3.95807349491532, 3.958073494899983, 3.9580734949526675, 3.9580734949545056, 3.9580734949286573, 3.9580734949111553, 3.9580734949347733, 3.9580734949466123, 3.958073494906482, 3.95807349491232, 3.9580734949158214, 3.9580734949621488, 3.958073494938686, 3.9580734949349514, 3.958073494941284, 3.9580734949213534, 3.958073494951164, 3.958073494931802, 3.9580734949671785, 3.9580734949598693, 3.9580734949058183, 3.958073494959865, 3.9580734949262695, 4.09462448135592, 4.094624481369189, 4.094624481354369, 4.094624481347332, 4.094624481351407, 4.094624481364224, 4.094624481363462, 4.094624481334518, 4.094624481358105, 4.094624481373611, 4.094624481374242, 4.094624481352957, 4.094624481318596, 4.094624481333723, 4.094624481350972, 4.094624481368587, 4.094624481338058, 4.0946244813180614, 4.094624481360761, 4.094624481316481, 4.094624481361098, 4.094624481363916, 4.094624481361543, 4.094624481342615, 4.094624481362539, 4.094624481346414, 4.094624481349003, 4.094624481328559, 4.094624481340791, 4.094624481385764, 4.094624481355918, 4.0946244813604435, 4.094624481360533, 4.09462448133884, 4.094624481372467, 4.0946244813452815, 4.09462448135616, 4.09462448135047, 4.094624481338198, 4.094624481352337, 4.094624481369332, 4.148162781533669, 4.148162781559629, 4.148162781529136, 4.148162781530319, 4.148162781564763, 4.148162781565699, 4.1481627815472875, 4.148162781573748, 4.148162781567461, 4.14816278158036, 4.148162781567235, 4.148162781517423, 4.1481627814765725, 4.148162781519353, 4.148162781542006, 4.14816278151833, 4.1481627815483275, 4.148162781475939, 4.148162781569587, 4.148162781504175, 4.148162781530859, 4.148162781540975, 4.14816278154086, 4.14816278154811, 4.148162781568811, 4.14816278151077, 4.14816278155144, 4.148162781511557, 4.148162781552308, 4.148162781576224, 4.148162781533672, 4.148162781561214, 4.148162781522701, 4.148162781527954, 4.148162781535747, 4.148162781527575, 4.148162781517555, 4.148162781520175, 4.148162781521916, 4.148162781532056, 4.148162781531482, 4.308452703116635, 4.308452703154621, 4.308452703112331, 4.3084527031134305, 4.308452703137281, 4.308452703138195, 4.308452703143253, 4.308452703173991, 4.308452703115415, 4.308452703162929, 4.30845270314957, 4.3084527031184425, 4.308452703072205, 4.30845270309023, 4.308452703104364, 4.308452703097489, 4.308452703118061, 4.308452703046371, 4.308452703146109, 4.308452703053015, 4.308452703107051, 4.308452703141584, 4.308452703109846, 4.308452703125672, 4.308452703161541, 4.308452703088901, 4.308452703110972, 4.308452703074093, 4.308452703167936, 4.3084527031884745, 4.308452703116633, 4.308452703147638, 4.308452703100442, 4.308452703090882, 4.308452703141072, 4.308452703101797, 4.308452703135179, 4.3084527031505, 4.308452703097329, 4.308452703128395, 4.308452703075302, 4.651026148965822, 4.651026148993634, 4.651026148945395, 4.65102614894592, 4.651026148973972, 4.651026148965758, 4.651026149009475, 4.651026148999193, 4.651026148907119, 4.651026148983033, 4.651026148963133, 4.6510261489587075, 4.65102614893769, 4.651026148937356, 4.651026148929969, 4.651026148953959, 4.651026148926694, 4.651026148832672, 4.651026148968239, 4.651026148834886, 4.651026148961404, 4.651026148986955, 4.651026148954956, 4.651026148947936, 4.6510261489978815, 4.651026148922026, 4.651026148932034, 4.651026148901809, 4.6510261490555065, 4.651026149068612, 4.6510261489658244, 4.651026148997547, 4.651026148943145, 4.651026148943335, 4.651026148988611, 4.6510261489581195, 4.65102614899936, 4.651026149025732, 4.651026148945289, 4.65102614897269, 4.651026148942386, 4.977120338694773, 4.977120338697007, 4.977120338681488, 4.977120338685228, 4.977120338729055, 4.97712033872623, 4.9771203387070875, 4.977120338701067, 4.9771203386656975, 4.977120338588907, 4.977120338586727, 4.977120338626606, 4.977120338683691, 4.977120338694003, 4.977120338695967, 4.97712033870311, 4.9771203386538385, 4.977120338557897, 4.977120338707058, 4.977120338520202, 4.977120338721294, 4.977120338674925, 4.977120338710662, 4.977120338671509, 4.977120338694072, 4.977120338625744, 4.977120338685726, 4.977120338662591, 4.977120338785146, 4.977120338790218, 4.977120338694766, 4.977120338699202, 4.97712033869284, 4.977120338733124, 4.977120338656993, 4.977120338700737, 4.977120338686853, 4.977120338698649, 4.977120338678582, 4.977120338688447, 4.977120338775576, 5.2118626200064835, 5.211862619975797, 5.211862620026511, 5.21186262002867, 5.2118626199498985, 5.211862620069105, 5.211862619964932, 5.211862620014764, 5.211862620035415, 5.211862619957617, 5.2118626199624565, 5.2118626198715745, 5.211862620044901, 5.211862620038165, 5.211862620003913, 5.211862620008869, 5.211862619981885, 5.211862619923177, 5.211862620022864, 5.2118626198079605, 5.211862620043428, 5.211862619982959, 5.211862620025369, 5.211862620016506, 5.211862620034019, 5.211862619936444, 5.211862620018874, 5.211862620013854, 5.2118626200453715, 5.21186262004595, 5.2118626200064835, 5.2118626199619955, 5.211862620052156, 5.2118626200086515, 5.2118626199628295, 5.211862619958189, 5.211862620031895, 5.211862619995951, 5.21186262001371, 5.211862619988125, 5.211862620147915, 5.45371390119038, 5.4537139011390146, 5.453713901219523, 5.453713901218996, 5.453713901134587, 5.453713901253073, 5.4537139011621365, 5.45371390116311, 5.453713901198108, 5.453713901179178, 5.4537139011897295, 5.453713901036581, 5.453713901248713, 5.453713901215147, 5.453713901189006, 5.4537139011999525, 5.453713901175917, 5.453713901135787, 5.453713901177935, 5.45371390101045, 5.453713901191388, 5.453713901174855, 5.453713901208509, 5.453713901192773, 5.453713901232901, 5.453713901123964, 5.45371390120983, 5.453713901215799, 5.453713901164942, 5.453713901213974, 5.453713901190388, 5.453713901139253, 5.453713901240933, 5.4537139011783555, 5.453713901165532, 5.453713901144555, 5.453713901238519, 5.453713901184054, 5.453713901240602, 5.453713901133596, 5.453713901331828, 5.742151945814516, 5.742151945759555, 5.742151945836143, 5.742151945837823, 5.742151945812805, 5.742151945871499, 5.742151945807013, 5.7421519457571994, 5.742151945786919, 5.742151945813356, 5.742151945819867, 5.742151945727515, 5.742151945834735, 5.742151945824332, 5.742151945832813, 5.74215194582642, 5.74215194578274, 5.742151945746462, 5.7421519457858885, 5.742151945698001, 5.742151945794384, 5.742151945807637, 5.742151945826988, 5.742151945806616, 5.742151945853171, 5.742151945772653, 5.742151945835371, 5.742151945849861, 5.742151945788958, 5.742151945839274, 5.7421519458145145, 5.742151945778655, 5.742151945850269, 5.7421519458273105, 5.742151945778783, 5.742151945800788, 5.7421519458488595, 5.742151945800509, 5.742151945865986, 5.74215194576119, 5.74215194590267, 5.933694646318539, 5.933694646275023, 5.933694646316902, 5.933694646322498, 5.933694646347907, 5.933694646358833, 5.933694646312482, 5.93369464626806, 5.933694646277917, 5.933694646332244, 5.933694646328831, 5.933694646367105, 5.933694646260514, 5.933694646308659, 5.933694646361121, 5.93369464632096, 5.933694646255519, 5.933694646263979, 5.933694646323061, 5.933694646323516, 5.933694646322981, 5.933694646328608, 5.933694646314171, 5.933694646302076, 5.933694646321721, 5.9336946463194815, 5.933694646316207, 5.933694646333318, 5.933694646299141, 5.933694646337953, 5.933694646318529, 5.933694646308674, 5.933694646330588, 5.9336946463653835, 5.933694646250252, 5.933694646317346, 5.933694646318982, 5.9336946462918165, 5.933694646314145, 5.933694646322522, 5.933694646319206, 5.975492978119678, 5.97549297808758, 5.975492978106555, 5.975492978118952, 5.9754929781187025, 5.975492978148461, 5.975492978109444, 5.975492978099945, 5.975492978093367, 5.9754929781643025, 5.975492978149139, 5.975492978236917, 5.975492978039089, 5.975492978082898, 5.975492978142581, 5.975492978117181, 5.975492978056404, 5.975492978138154, 5.975492978153473, 5.975492978230663, 5.975492978146228, 5.975492978149797, 5.975492978097917, 5.975492978098039, 5.975492978095262, 5.975492978152387, 5.975492978093777, 5.9754929781054615, 5.975492978108809, 5.975492978130727, 5.975492978119678, 5.975492978115417, 5.9754929781297195, 5.975492978163695, 5.975492978053265, 5.975492978096224, 5.975492978124672, 5.975492978115948, 5.975492978067307, 5.975492978165924, 5.975492978041107, 5.999161183224068, 5.999161183201895, 5.999161183210296, 5.999161183227656, 5.999161183195163, 5.999161183249981, 5.999161183247461, 5.999161183247382, 5.999161183240179, 5.9991611832584475, 5.999161183234159, 5.999161183325881, 5.999161183147789, 5.999161183189722, 5.999161183255506, 5.999161183220408, 5.999161183197943, 5.9991611832911, 5.999161183243891, 5.999161183398019, 5.9991611832405995, 5.999161183259448, 5.999161183200299, 5.999161183210156, 5.999161183191519, 5.999161183275875, 5.999161183180419, 5.999161183185235, 5.999161183211797, 5.999161183237998, 5.999161183224073, 5.999161183218015, 5.999161183237283, 5.999161183253383, 5.999161183178835, 5.999161183210568, 5.999161183231457, 5.999161183231223, 5.999161183178696, 5.9991611832568825, 5.999161183148197, 6.049154780261521, 6.049154780240758, 6.049154780245004, 6.049154780261388, 6.049154780212533, 6.049154780279056, 6.0491547803192995, 6.049154780315675, 6.049154780313737, 6.049154780284182, 6.049154780255361, 6.049154780329888, 6.049154780189686, 6.049154780243761, 6.049154780318131, 6.049154780249944, 6.049154780276731, 6.049154780224392, 6.049154780247898, 6.049154780458395, 6.04915478023549, 6.049154780294274, 6.049154780239367, 6.049154780271015, 6.049154780222414, 6.049154780303707, 6.049154780219333, 6.049154780220467, 6.049154780254265, 6.049154780274441, 6.049154780261513, 6.049154780263562, 6.049154780261536, 6.049154780268656, 6.049154780243907, 6.049154780272057, 6.049154780260805, 6.049154780261186, 6.049154780267082, 6.049154780242331, 6.049154780257671, 6.089565470736356, 6.089565470715931, 6.0895654707207605, 6.089565470729855, 6.089565470698957, 6.089565470731099, 6.089565470767339, 6.089565470752515, 6.0895654707474725, 6.0895654707304185, 6.089565470695872, 6.0895654707394, 6.089565470684865, 6.089565470706983, 6.089565470754936, 6.089565470694554, 6.089565470796054, 6.089565470819731, 6.089565470690026, 6.08956547091327, 6.089565470662833, 6.089565470754778, 6.089565470720667, 6.089565470774153, 6.089565470699899, 6.089565470720192, 6.089565470744201, 6.089565470748258, 6.089565470760083, 6.08956547072365, 6.089565470736356, 6.089565470753059, 6.089565470706235, 6.089565470707788, 6.0895654707592435, 6.089565470740612, 6.089565470750418, 6.089565470752893, 6.089565470800371, 6.089565470668967, 6.089565470804541, 6.0982537775514345, 6.0982537775609265, 6.098253777572117, 6.098253777555542, 6.098253777543191, 6.098253777526455, 6.098253777491425, 6.09825377748982, 6.098253777496483, 6.098253777498658, 6.098253777459782, 6.098253777454635, 6.098253777561754, 6.098253777508766, 6.098253777479006, 6.098253777520778, 6.098253777599503, 6.098253777686536, 6.098253777503016, 6.098253777695771, 6.098253777497113, 6.098253777552337, 6.098253777554715, 6.098253777576394, 6.098253777541623, 6.098253777509998, 6.098253777589431, 6.098253777593847, 6.098253777601412, 6.09825377751005, 6.098253777551427, 6.098253777546922, 6.0982537775214585, 6.098253777501615, 6.098253777591457, 6.098253777513555, 6.098253777600748, 6.098253777601708, 6.0982537776043, 6.098253777504822, 6.098253777593264, 6.135996852478203, 6.1359968524995, 6.135996852527801, 6.135996852503034, 6.1359968524297805, 6.135996852499924, 6.13599685251904, 6.135996852555389, 6.135996852554454, 6.135996852480252, 6.135996852455878, 6.135996852348193, 6.135996852531095, 6.1359968524793675, 6.135996852432296, 6.135996852505405, 6.135996852491662, 6.13599685261924, 6.13599685244744, 6.135996852617158, 6.135996852526541, 6.135996852477016, 6.135996852503454, 6.135996852494654, 6.1359968524765485, 6.13599685250572, 6.135996852462302, 6.1359968524717825, 6.135996852510719, 6.135996852450898, 6.135996852478208, 6.135996852452521, 6.135996852463579, 6.135996852432143, 6.1359968524789785, 6.135996852502495, 6.135996852458679, 6.135996852457584, 6.135996852460781, 6.1359968524997495, 6.135996852518221, 6.182336398024706, 6.182336398039396, 6.182336398066233, 6.182336398027736, 6.182336398004689, 6.182336398033919, 6.182336397983237, 6.182336398045575, 6.182336398049437, 6.182336398073152, 6.18233639805482, 6.1823363979269255, 6.182336398047592, 6.1823363980524215, 6.18233639799379, 6.182336398103952, 6.182336398003443, 6.182336398113642, 6.182336398026255, 6.1823363980983705, 6.182336398082068, 6.182336398045782, 6.182336398043557, 6.1823363980284505, 6.182336398032801, 6.182336398048864, 6.182336398009442, 6.18233639801737, 6.182336398066613, 6.182336397982636, 6.182336398024708, 6.182336397997801, 6.182336398003138, 6.182336397988672, 6.182336398021209, 6.182336398034513, 6.182336398010838, 6.182336398004182, 6.182336397994984, 6.182336398055763, 6.182336398036855, 6.224837833831836, 6.224837833861491, 6.224837833874167, 6.224837833807974, 6.224837833863404, 6.224837833804959, 6.224837833695631, 6.224837833744799, 6.224837833750225, 6.224837833882643, 6.2248378338701755, 6.224837833778743, 6.224837833809483, 6.224837833866349, 6.224837833853085, 6.2248378338929875, 6.224837833827406, 6.224837833870079, 6.224837833822808, 6.224837833817112, 6.224837833832969, 6.224837833860774, 6.224837833832859, 6.2248378338270856, 6.224837833847285, 6.224837833821145, 6.224837833846774, 6.224837833850741, 6.224837833875559, 6.224837833785114, 6.224837833831849, 6.224837833809074, 6.224837833799, 6.224837833818661, 6.2248378338364345, 6.224837833824133, 6.224837833838519, 6.224837833831732, 6.224837833833858, 6.224837833830282, 6.224837833840673, 6.2721552785288806, 6.272155278555058, 6.2721552785658865, 6.272155278528975, 6.2721552785605486, 6.272155278540762, 6.272155278519492, 6.2721552785458625, 6.272155278544094, 6.272155278572348, 6.27215527857008, 6.272155278525671, 6.272155278514021, 6.272155278560802, 6.272155278599721, 6.272155278530004, 6.272155278561376, 6.27215527855239, 6.272155278513277, 6.272155278477263, 6.272155278553992, 6.272155278554564, 6.272155278530441, 6.2721552785211925, 6.272155278524343, 6.272155278562667, 6.272155278508042, 6.27215527850977, 6.272155278523831, 6.272155278532313, 6.272155278528879, 6.272155278510727, 6.272155278517363, 6.272155278549714, 6.2721552785031625, 6.272155278583149, 6.272155278478104, 6.27215527847573, 6.27215527852749, 6.27215527852932, 6.27215527858057, 6.304036271861079, 6.304036271882458, 6.304036271887119, 6.304036271879188, 6.30403627189313, 6.304036271854531, 6.304036271861865, 6.304036271876569, 6.304036271875914, 6.304036271850141, 6.304036271849538, 6.304036271896419, 6.304036271870921, 6.3040362718548755, 6.304036271888633, 6.30403627185129, 6.304036271879851, 6.30403627186941, 6.304036271847171, 6.30403627177137, 6.304036271875237, 6.304036271884527, 6.304036271860905, 6.304036271850183, 6.304036271843658, 6.304036271910355, 6.304036271823176, 6.304036271823453, 6.304036271823252, 6.304036271898118, 6.3040362718610705, 6.304036271841841, 6.3040362718719845, 6.304036271889646, 6.304036271843504, 6.3040362718939065, 6.304036271833372, 6.304036271833198, 6.304036271854086, 6.304036271866541, 6.304036271866051, 6.302954177647142, 6.302954177651691, 6.302954177652838, 6.302954177686553, 6.302954177687102, 6.302954177597717, 6.302954177620696, 6.3029541776310625, 6.302954177630506, 6.302954177588085, 6.30295417758715, 6.302954177705538, 6.302954177680283, 6.302954177583291, 6.302954177615141, 6.30295417764185, 6.30295417764056, 6.302954177578734, 6.3029541776329845, 6.302954177532987, 6.3029541776206655, 6.302954177663194, 6.302954177648109, 6.30295417763721, 6.302954177628319, 6.3029541776607605, 6.302954177637564, 6.302954177637932, 6.302954177636139, 6.302954177657973, 6.302954177647145, 6.30295417763593, 6.302954177674041, 6.302954177674519, 6.302954177653724, 6.30295417762518, 6.302954177671381, 6.302954177671586, 6.302954177647462, 6.302954177645749, 6.302954177598654, 6.290724451795918, 6.29072445174414, 6.290724451744491, 6.290724451832608, 6.2907244517990115, 6.29072445174809, 6.290724451848768, 6.290724451858409, 6.290724451856904, 6.290724451760775, 6.290724451760751, 6.290724451880149, 6.2907244518393375, 6.290724451736679, 6.290724451758874, 6.290724451780044, 6.290724451789683, 6.290724451663387, 6.290724451779175, 6.290724451705279, 6.29072445177703, 6.290724451818759, 6.290724451790957, 6.290724451802839, 6.290724451779826, 6.2907244517856595, 6.290724451808897, 6.2907244518096235, 6.290724451825075, 6.290724451767093, 6.290724451795913, 6.290724451814509, 6.290724451815042, 6.2907244518058505, 6.290724451807657, 6.290724451779527, 6.29072445181241, 6.290724451813313, 6.290724451795124, 6.290724451795983, 6.290724451756994, 6.313385855571844, 6.31338585550704, 6.313385855506826, 6.313385855577813, 6.313385855559865, 6.313385855544118, 6.313385855615081, 6.313385855626726, 6.313385855625905, 6.313385855570917, 6.313385855570811, 6.313385855648772, 6.313385855594769, 6.313385855565085, 6.3133858555740785, 6.313385855561667, 6.313385855569717, 6.313385855465822, 6.313385855556796, 6.313385855495586, 6.313385855545825, 6.313385855596748, 6.313385855559641, 6.313385855587748, 6.313385855561479, 6.313385855541458, 6.313385855604103, 6.313385855605139, 6.31338585562258, 6.313385855521266, 6.313385855571847, 6.313385855601171, 6.313385855566452, 6.313385855563328, 6.313385855580484, 6.313385855555289, 6.313385855588548, 6.3133858555889955, 6.313385855576283, 6.313385855566604, 6.313385855547799, 6.350229812453718, 6.3502298124246215, 6.3502298124235725, 6.350229812432015, 6.350229812446543, 6.350229812437895, 6.350229812397603, 6.350229812418634, 6.350229812418617, 6.350229812477921, 6.350229812476016, 6.3502298125172105, 6.350229812467673, 6.350229812503478, 6.350229812483001, 6.350229812478014, 6.350229812441237, 6.350229812445634, 6.350229812455428, 6.350229812386163, 6.350229812421321, 6.350229812473839, 6.35022981244056, 6.35022981246132, 6.350229812444144, 6.350229812431047, 6.350229812477309, 6.3502298124778696, 6.350229812482839, 6.350229812423642, 6.3502298124537155, 6.350229812469506, 6.350229812432119, 6.350229812434648, 6.350229812457675, 6.350229812422936, 6.350229812483535, 6.350229812483442, 6.35022981245759, 6.350229812448296, 6.350229812421276, 6.376382117859441, 6.376382117839212, 6.376382117837713, 6.37638211784271, 6.376382117851762, 6.376382117864364, 6.376382117826673, 6.376382117854968, 6.376382117854669, 6.3763821179169575, 6.376382117915428, 6.376382117927456, 6.376382117885999, 6.376382117919563, 6.376382117889473, 6.376382117888743, 6.376382117853119, 6.376382117822135, 6.3763821178827, 6.376382117821848, 6.376382117868651, 6.376382117878271, 6.376382117856684, 6.376382117855208, 6.376382117844633, 6.37638211788557, 6.376382117837881, 6.376382117838239, 6.376382117838093, 6.3763821178795554, 6.376382117859443, 6.376382117866592, 6.376382117850732, 6.376382117853332, 6.376382117845754, 6.37638211785485, 6.376382117859498, 6.376382117859528, 6.376382117851416, 6.376382117865229, 6.376382117848333, 6.398245164908309, 6.398245164915768, 6.398245164914305, 6.39824516490628, 6.398245164916478, 6.398245164907504, 6.398245164916421, 6.398245164934293, 6.398245164932186, 6.398245164930957, 6.398245164929885, 6.398245164921074, 6.398245164948243, 6.39824516493046, 6.398245164942286, 6.398245164899725, 6.398245164915973, 6.398245164911805, 6.398245164920861, 6.398245164895882, 6.398245164922623, 6.39824516490442, 6.39824516491971, 6.398245164897039, 6.398245164893033, 6.398245164941267, 6.398245164880939, 6.3982451648826455, 6.398245164881724, 6.398245164934469, 6.398245164908314, 6.398245164901918, 6.398245164920677, 6.398245164930327, 6.398245164883462, 6.398245164917229, 6.398245164896218, 6.398245164897685, 6.398245164904822, 6.398245164910238, 6.398245164922365, 6.393717563073746, 6.393717563119901, 6.393717563114494, 6.393717563072624, 6.393717563096448, 6.393717563041909, 6.393717563046489, 6.3937175630511405, 6.3937175630482175, 6.393717563036301, 6.393717563031125, 6.393717563013879, 6.393717563109834, 6.3937175630566445, 6.39371756310164, 6.393717563039505, 6.393717563074814, 6.393717563117154, 6.393717563067254, 6.393717563079261, 6.393717563056795, 6.393717563043357, 6.39371756308737, 6.393717563064066, 6.393717563065514, 6.393717563067657, 6.393717563082586, 6.393717563085682, 6.393717563086545, 6.393717563060757, 6.393717563073736, 6.393717563057635, 6.393717563090832, 6.393717563106044, 6.393717563057284, 6.393717563059585, 6.393717563088185, 6.393717563091707, 6.393717563082361, 6.393717563064975, 6.393717563084785, 6.393453235624673, 6.393453235647791, 6.39345323563882, 6.393453235624007, 6.393453235623883, 6.393453235581279, 6.393453235643962, 6.393453235655106, 6.393453235652337, 6.393453235621947, 6.393453235617423, 6.39345323556957, 6.393453235623038, 6.393453235591821, 6.393453235617585, 6.3934532355971925, 6.393453235628004, 6.393453235700348, 6.393453235634142, 6.393453235671425, 6.393453235638445, 6.393453235599108, 6.393453235638856, 6.393453235618134, 6.393453235624602, 6.393453235615424, 6.393453235636357, 6.393453235640045, 6.393453235646849, 6.393453235604706, 6.3934532356246585, 6.39345323561869, 6.39345323564, 6.393453235647236, 6.393453235613514, 6.393453235625232, 6.39345323562009, 6.393453235623804, 6.393453235624466, 6.393453235626503, 6.393453235636676, 6.393728669623304, 6.393728669619616, 6.393728669606083, 6.393728669608288, 6.393728669590432, 6.3937286695698665, 6.393728669635412, 6.39372866965499, 6.393728669654523, 6.393728669651279, 6.393728669645382, 6.393728669598545, 6.393728669593743, 6.393728669598324, 6.393728669575437, 6.393728669621112, 6.393728669625632, 6.393728669690037, 6.393728669648063, 6.393728669695108, 6.393728669650622, 6.393728669613981, 6.393728669627958, 6.3937286696246005, 6.393728669629675, 6.393728669621759, 6.393728669626351, 6.393728669629411, 6.39372866962808, 6.3937286696224005, 6.3937286696233, 6.393728669630851, 6.393728669623219, 6.3937286696165865, 6.393728669630482, 6.39372866962626, 6.39372866961307, 6.393728669614853, 6.393728669615127, 6.393728669633762, 6.39372866961953, 6.398437423090111, 6.398437423082483, 6.398437423068705, 6.398437423070189, 6.398437423056021, 6.398437423046702, 6.398437423041092, 6.3984374230542915, 6.3984374230548235, 6.398437423087366, 6.398437423077704, 6.398437423078554, 6.398437423069484, 6.398437423091214, 6.398437423040294, 6.398437423095047, 6.39843742309347, 6.39843742310538, 6.398437423103167, 6.398437423155996, 6.398437423089874, 6.398437423087946, 6.398437423088988, 6.398437423094211, 6.398437423090584, 6.39843742309453, 6.398437423086099, 6.398437423088045, 6.398437423072655, 6.398437423110722, 6.3984374230901135, 6.398437423102251, 6.398437423078619, 6.398437423066516, 6.398437423106953, 6.398437423082057, 6.3984374230938625, 6.398437423094386, 6.398437423089091, 6.3984374230926555, 6.398437423079903, 6.403171209801989, 6.4031712097896, 6.40317120978574, 6.403171209808697, 6.403171209796579, 6.403171209813333, 6.403171209796217, 6.403171209795851, 6.403171209794515, 6.403171209781455, 6.403171209775962, 6.403171209799071, 6.403171209796098, 6.403171209846084, 6.403171209799248, 6.40317120978561, 6.403171209821872, 6.403171209771236, 6.403171209799463, 6.40317120985533, 6.403171209808006, 6.40317120980111, 6.403171209810992, 6.403171209795904, 6.403171209787246, 6.4031712098216245, 6.403171209784221, 6.40317120978559, 6.403171209769207, 6.40317120983813, 6.403171209801989, 6.40317120981081, 6.40317120980062, 6.403171209794731, 6.403171209792006, 6.403171209820266, 6.40317120978181, 6.4031712097824345, 6.40317120980898, 6.40317120979613, 6.403171209833358, 6.406361254473493, 6.406361254477526, 6.406361254477061, 6.406361254488751, 6.406361254489308, 6.4063612545072735, 6.40636125448175, 6.406361254473146, 6.406361254471133, 6.4063612544490365, 6.406361254444805, 6.406361254453388, 6.406361254466265, 6.406361254540701, 6.406361254505971, 6.40636125445067, 6.406361254487175, 6.406361254421582, 6.40636125446159, 6.40636125450444, 6.406361254476736, 6.406361254470872, 6.406361254477874, 6.406361254469674, 6.406361254461516, 6.406361254469468, 6.406361254479895, 6.4063612544809345, 6.406361254467325, 6.406361254482621, 6.406361254473504, 6.406361254476952, 6.406361254471216, 6.406361254473087, 6.406361254453394, 6.406361254492891, 6.4063612544539055, 6.406361254454463, 6.4063612544827135, 6.4063612544651605, 6.4063612545115936, 6.414700286384663, 6.414700286399225, 6.414700286392601, 6.414700286375369, 6.414700286381983, 6.414700286385816, 6.414700286361508, 6.4147002863589195, 6.414700286357422, 6.414700286377197, 6.414700286371932, 6.41470028635804, 6.4147002863630735, 6.414700286439089, 6.414700286401429, 6.41470028638066, 6.41470028637545, 6.414700286340678, 6.414700286370438, 6.414700286390455, 6.414700286373637, 6.414700286387486, 6.414700286367885, 6.414700286398991, 6.41470028639271, 6.414700286348745, 6.4147002864211204, 6.414700286421996, 6.41470028640669, 6.414700286365372, 6.4147002863846705, 6.414700286389409, 6.414700286365899, 6.414700286365802, 6.414700286387056, 6.414700286377, 6.414700286392955, 6.414700286393292, 6.414700286386388, 6.414700286383494, 6.414700286375152, 6.424679647918033, 6.424679647926563, 6.4246796479204145, 6.424679647910877, 6.4246796479011765, 6.424679647918911, 6.424679647955127, 6.424679647963888, 6.424679647961579, 6.424679647954592, 6.424679647955396, 6.424679647913779, 6.4246796478990245, 6.424679647956418, 6.424679647917371, 6.424679647919543, 6.4246796479143065, 6.424679647897048, 6.424679647902325, 6.424679647913831, 6.424679647926299, 6.424679647924684, 6.424679647902845, 6.424679647933063, 6.424679647927684, 6.424679647919695, 6.424679647916959, 6.424679647918046, 6.424679647903287, 6.424679647937343, 6.424679647918039, 6.424679647919687, 6.424679647904814, 6.42467964789975, 6.424679647921035, 6.4246796479214145, 6.424679647914335, 6.424679647915294, 6.42467964791014, 6.424679647926183, 6.424679647894378, 6.435915004122203, 6.435915004148375, 6.435915004142962, 6.435915004121178, 6.43591500411314, 6.435915004112831, 6.4359150041343, 6.435915004140845, 6.435915004138269, 6.435915004130751, 6.435915004132779, 6.435915004109796, 6.435915004125661, 6.435915004130174, 6.435915004110905, 6.435915004116531, 6.435915004112581, 6.435915004111649, 6.435915004095099, 6.435915004100015, 6.4359150041156274, 6.435915004119722, 6.435915004115632, 6.435915004127656, 6.435915004124011, 6.435915004150138, 6.4359150040944355, 6.4359150040964375, 6.435915004079404, 6.435915004169178, 6.435915004122206, 6.435915004112312, 6.435915004120469, 6.435915004114181, 6.435915004126929, 6.435915004116096, 6.435915004131636, 6.435915004133948, 6.435915004116169, 6.435915004128293, 6.435915004088015, 6.449108045169756, 6.449108045203137, 6.449108045197691, 6.449108045165051, 6.449108045169709, 6.449108045142957, 6.4491080451347615, 6.449108045136904, 6.449108045135567, 6.44910804514067, 6.449108045140866, 6.449108045135708, 6.449108045167309, 6.449108045158139, 6.449108045165306, 6.4491080451612754, 6.449108045150653, 6.449108045173681, 6.449108045155122, 6.449108045137479, 6.449108045160245, 6.44910804515967, 6.449108045165841, 6.4491080451705045, 6.4491080451724825, 6.449108045178073, 6.449108045161441, 6.449108045165083, 6.449108045154327, 6.4491080451880745, 6.4491080451697576, 6.449108045156574, 6.449108045171924, 6.449108045172605, 6.449108045172897, 6.449108045153287, 6.449108045187934, 6.449108045190449, 6.449108045167097, 6.449108045173164, 6.4491080451430465, 6.457634065106715, 6.457634065120528, 6.457634065118415, 6.457634065117469, 6.457634065114826, 6.45763406510232, 6.457634065131012, 6.457634065136185, 6.457634065136209, 6.45763406511493, 6.45763406511659, 6.457634065072229, 6.457634065080227, 6.457634065112175, 6.457634065125313, 6.457634065097119, 6.457634065110948, 6.457634065137165, 6.457634065127697, 6.457634065087368, 6.457634065144025, 6.457634065096393, 6.457634065112603, 6.457634065100009, 6.457634065109283, 6.457634065103854, 6.457634065112658, 6.4576340651178405, 6.457634065121423, 6.457634065095176, 6.457634065106706, 6.457634065098787, 6.457634065115847, 6.4576340651274595, 6.457634065085707, 6.457634065120017, 6.457634065085424, 6.457634065086971, 6.457634065102672, 6.457634065112963, 6.4576340651283015, 6.462439347391569, 6.462439347384722, 6.4624393473825545, 6.462439347391891, 6.462439347382292, 6.4624393473631345, 6.462439347369375, 6.462439347376272, 6.462439347379715, 6.462439347415003, 6.462439347413805, 6.462439347377557, 6.46243934735971, 6.46243934738826, 6.462439347386203, 6.462439347390569, 6.4624393473939765, 6.462439347431557, 6.462439347419333, 6.462439347365477, 6.462439347413615, 6.462439347388006, 6.46243934739326, 6.46243934738571, 6.462439347388855, 6.4624393473681305, 6.462439347418535, 6.4624393474245, 6.462439347427736, 6.46243934735771, 6.46243934739157, 6.4624393473922055, 6.462439347392514, 6.462439347394016, 6.462439347390729, 6.462439347390369, 6.462439347382938, 6.462439347382951, 6.46243934738997, 6.462439347396078, 6.462439347401718, 6.4706902977448895, 6.470690297736151, 6.470690297735625, 6.47069029775188, 6.470690297743053, 6.470690297730504, 6.470690297713388, 6.470690297715128, 6.470690297718596, 6.470690297756414, 6.4706902977555325, 6.470690297747739, 6.4706902977464, 6.470690297739803, 6.470690297724547, 6.47069029773971, 6.470690297755019, 6.470690297772209, 6.4706902977475504, 6.4706902977185665, 6.4706902977408, 6.470690297742694, 6.470690297753586, 6.470690297726838, 6.470690297756135, 6.470690297750682, 6.470690297743633, 6.4706902977487974, 6.470690297739836, 6.470690297752425, 6.470690297744883, 6.470690297743361, 6.470690297748057, 6.470690297739516, 6.470690297752695, 6.470690297743574, 6.470690297741895, 6.470690297742398, 6.470690297750972, 6.470690297741927, 6.470690297753263, 6.471426084643687, 6.471426084636561, 6.471426084636641, 6.4714260846552065, 6.471426084661775, 6.4714260846666, 6.47142608465776, 6.471426084655384, 6.47142608465705, 6.471426084646382, 6.471426084647556, 6.471426084652777, 6.471426084677846, 6.471426084654489, 6.471426084636787, 6.471426084637112, 6.471426084659563, 6.47142608465677, 6.471426084629067, 6.471426084626195, 6.471426084643594, 6.471426084641701, 6.4714260846568985, 6.471426084617364, 6.47142608466473, 6.471426084672542, 6.471426084620197, 6.47142608462406, 6.471426084605919, 6.471426084685304, 6.4714260846436815, 6.471426084640065, 6.471426084647074, 6.471426084642988, 6.471426084642712, 6.471426084656578, 6.471426084630732, 6.471426084631693, 6.471426084650465, 6.471426084640375, 6.471426084661276, 6.474699806461276, 6.474699806443864, 6.474699806444996, 6.474699806456452, 6.474699806469958, 6.47469980646515, 6.474699806441598, 6.4746998064405314, 6.474699806443439, 6.474699806439182, 6.4746998064363295, 6.474699806484482, 6.47469980649081, 6.474699806469246, 6.474699806452692, 6.474699806476044, 6.474699806448348, 6.474699806465674, 6.474699806453116, 6.474699806438968, 6.474699806457819, 6.474699806465304, 6.474699806460702, 6.474699806451058, 6.474699806464902, 6.474699806446116, 6.4746998064809995, 6.474699806484582, 6.474699806464562, 6.47469980646173, 6.474699806461284, 6.474699806463865, 6.474699806450867, 6.474699806445543, 6.474699806475471, 6.474699806448826, 6.474699806474144, 6.474699806474047, 6.474699806464164, 6.474699806462529, 6.474699806447913, 6.4756828320138915, 6.475682831993563, 6.475682831995203, 6.475682832004797, 6.475682832033803, 6.475682832041014, 6.475682832046153, 6.475682832048138, 6.4756828320500865, 6.475682832013468, 6.47568283201103, 6.475682832040493, 6.4756828320388475, 6.4756828320357585, 6.4756828320317075, 6.475682832034418, 6.475682832007342, 6.475682832020929, 6.475682832013918, 6.475682832005753, 6.475682832032351, 6.4756828320209845, 6.475682832007542, 6.4756828320126685, 6.475682832009015, 6.475682831986859, 6.475682832045441, 6.475682832048314, 6.475682832032571, 6.475682832000301, 6.4756828320139, 6.475682832018436, 6.475682831997082, 6.475682832006554, 6.475682832015531, 6.475682832014589, 6.475682832011982, 6.475682832011608, 6.475682832012477, 6.475682832020019, 6.4756828320099755, 6.487149766010113, 6.487149766006192, 6.487149766008458, 6.487149766004832, 6.4871497660308926, 6.487149766020629, 6.487149766012144, 6.487149766014243, 6.487149766015358, 6.487149765995881, 6.487149765993016, 6.487149766031118, 6.487149766026108, 6.48714976600372, 6.487149766020102, 6.487149766024833, 6.4871497660063575, 6.487149766021635, 6.487149765999278, 6.4871497660042055, 6.487149766005655, 6.487149766012808, 6.487149766005175, 6.487149766003367, 6.487149766012575, 6.487149766002874, 6.487149766018909, 6.4871497660211395, 6.487149766000648, 6.4871497660243715, 6.487149766010114, 6.48714976600786, 6.487149766000797, 6.487149766008374, 6.487149766016902, 6.487149766005006, 6.487149766017771, 6.487149766017795, 6.487149766014174, 6.487149766010394, 6.4871497659986606, 6.492621262797022, 6.492621262802594, 6.492621262805091, 6.492621262799107, 6.492621262810243, 6.492621262790838, 6.492621262780539, 6.492621262785013, 6.492621262785551, 6.49262126278632, 6.492621262783254, 6.492621262814287, 6.492621262798181, 6.49262126276885, 6.492621262797127, 6.492621262804848, 6.492621262804031, 6.492621262817994, 6.492621262787921, 6.492621262797254, 6.4926212627807205, 6.492621262796988, 6.492621262795412, 6.492621262785058, 6.492621262805688, 6.492621262811588, 6.492621262781286, 6.492621262782852, 6.492621262762911, 6.492621262835313, 6.492621262797025, 6.492621262790134, 6.492621262797054, 6.492621262801513, 6.492621262805216, 6.492621262792451, 6.4926212628046605, 6.492621262804671, 6.492621262804295, 6.492621262793455, 6.492621262786384, 6.4975467955339905, 6.497546795532423, 6.497546795534855, 6.497546795538219, 6.497546795537742, 6.497546795529731, 6.497546795546558, 6.497546795554713, 6.497546795554989, 6.4975467955616395, 6.497546795557443, 6.4975467955535695, 6.4975467955160715, 6.497546795515847, 6.497546795540994, 6.4975467955399, 6.497546795553229, 6.497546795562568, 6.497546795548838, 6.497546795543487, 6.497546795538441, 6.497546795537652, 6.497546795530482, 6.49754679553223, 6.497546795531939, 6.497546795536379, 6.497546795530115, 6.497546795531063, 6.4975467955247215, 6.497546795547388, 6.497546795533983, 6.497546795529885, 6.4975467955342365, 6.497546795544546, 6.497546795531232, 6.497546795540903, 6.49754679552405, 6.497546795523663, 6.497546795537313, 6.497546795534575, 6.49754679554059, 6.498930381482383, 6.498930381479293, 6.4989303814816, 6.498930381484363, 6.498930381471488, 6.498930381456902, 6.49893038145673, 6.4989303814632455, 6.498930381463366, 6.49893038149821, 6.498930381488436, 6.498930381497273, 6.498930381454333, 6.498930381459156, 6.498930381473796, 6.4989303814940005, 6.49893038148258, 6.4989303814999895, 6.498930381510472, 6.498930381480387, 6.4989303814838255, 6.498930381487346, 6.498930381475348, 6.498930381492939, 6.498930381468344, 6.49893038145635, 6.498930381506461, 6.498930381506892, 6.498930381506764, 6.498930381460729, 6.498930381482385, 6.49893038147914, 6.498930381482891, 6.498930381486802, 6.498930381484945, 6.498930381474895, 6.49893038148405, 6.4989303814837935, 6.498930381485927, 6.498930381482889, 6.4989303814818555, 6.503086764849195, 6.503086764863673, 6.503086764864723, 6.503086764863822, 6.503086764859904, 6.503086764850728, 6.5030867648697015, 6.503086764867711, 6.503086764867565, 6.503086764856642, 6.50308676485249, 6.503086764838516, 6.503086764845842, 6.503086764828839, 6.503086764849442, 6.503086764836699, 6.503086764851615, 6.50308676482844, 6.503086764861951, 6.503086764864006, 6.5030867648553645, 6.503086764845221, 6.503086764850959, 6.503086764851064, 6.503086764845208, 6.503086764849697, 6.5030867648461905, 6.503086764846409, 6.503086764848715, 6.503086764852979, 6.50308676484918, 6.503086764838356, 6.503086764860019, 6.503086764869251, 6.503086764835958, 6.503086764859433, 6.503086764837636, 6.503086764837555, 6.503086764853743, 6.50308676484875, 6.503086764872466, 6.504069661237919, 6.5040696612529265, 6.504069661253605, 6.50406966125128, 6.504069661234198, 6.504069661221621, 6.50406966122975, 6.504069661225536, 6.504069661225554, 6.504069661223912, 6.504069661220387, 6.504069661224638, 6.504069661246606, 6.504069661207778, 6.504069661210429, 6.504069661224204, 6.504069661226208, 6.504069661206144, 6.5040696612367945, 6.504069661254217, 6.504069661223886, 6.5040696612307025, 6.504069661242793, 6.5040696612366675, 6.504069661239259, 6.504069661246673, 6.504069661225651, 6.5040696612262945, 6.504069661226398, 6.504069661251795, 6.504069661237921, 6.504069661227418, 6.504069661249688, 6.504069661241008, 6.504069661243049, 6.504069661231444, 6.504069661246834, 6.504069661246659, 6.50406966124633, 6.504069661233614, 6.504069661238237, 6.507068794845902, 6.507068794841449, 6.507068794841883, 6.5070687948494905, 6.50706879483601, 6.507068794844595, 6.507068794865102, 6.507068794863514, 6.507068794864191, 6.507068794859434, 6.507068794857033, 6.507068794850031, 6.507068794849139, 6.507068794849854, 6.507068794831402, 6.507068794848834, 6.5070687948407775, 6.50706879482392, 6.5070687948515955, 6.50706879486867, 6.507068794842192, 6.507068794846055, 6.507068794846934, 6.507068794853222, 6.507068794840324, 6.5070687948455745, 6.507068794843056, 6.507068794843748, 6.507068794852757, 6.507068794841253, 6.507068794845906, 6.5070687948452015, 6.507068794845036, 6.50706879483618, 6.507068794852613, 6.5070687948441766, 6.50706879484643, 6.507068794845859, 6.507068794850033, 6.50706879484527, 6.507068794840317, 6.505626950244448, 6.505626950229574, 6.505626950229688, 6.505626950237995, 6.505626950239386, 6.505626950251193, 6.505626950254248, 6.505626950250067, 6.505626950251047, 6.505626950251021, 6.505626950248154, 6.5056269502574295, 6.5056269502382635, 6.505626950270914, 6.505626950244611, 6.505626950261862, 6.505626950235163, 6.505626950242498, 6.505626950255891, 6.505626950260403, 6.505626950242467, 6.505626950249241, 6.505626950241891, 6.505626950255214, 6.505626950236054, 6.505626950237157, 6.505626950247676, 6.505626950248354, 6.505626950260904, 6.505626950228688, 6.505626950244448, 6.505626950250457, 6.505626950233675, 6.505626950230621, 6.50562695024945, 6.505626950243662, 6.505626950242492, 6.505626950241635, 6.505626950246402, 6.505626950244661, 6.505626950235138, 6.504505780660049, 6.5045057806556725, 6.5045057806552276, 6.504505780653884, 6.5045057806736875, 6.50450578066912, 6.5045057806510505, 6.504505780638904, 6.504505780639284, 6.504505780635924, 6.504505780635176, 6.504505780659081, 6.504505780660199, 6.504505780681256, 6.50450578066449, 6.50450578066636, 6.504505780642467, 6.50450578066561, 6.504505780659343, 6.504505780666692, 6.504505780645844, 6.504505780659274, 6.504505780660552, 6.5045057806609705, 6.504505780660747, 6.504505780665472, 6.504505780648466, 6.504505780649247, 6.504505780656679, 6.504505780662363, 6.504505780660039, 6.504505780663366, 6.5045057806520274, 6.50450578065541, 6.504505780660683, 6.50450578066272, 6.504505780658687, 6.5045057806580875, 6.5045057806650775, 6.504505780656026, 6.504505780657401, 6.505650297027534, 6.505650297026579, 6.505650297025753, 6.505650297025586, 6.505650297053854, 6.505650297048673, 6.5056502970467465, 6.505650297033322, 6.50565029703319, 6.505650297018841, 6.505650297021572, 6.505650297013457, 6.505650297032831, 6.50565029704732, 6.505650297042266, 6.505650297019232, 6.505650297021265, 6.5056502970247845, 6.505650297015653, 6.505650297035038, 6.505650297011426, 6.505650297022735, 6.505650297030228, 6.50565029702451, 6.50565029703116, 6.505650297039075, 6.5056502970105745, 6.505650297011453, 6.505650297019193, 6.505650297034955, 6.505650297027536, 6.505650297029467, 6.505650297023396, 6.5056502970332595, 6.50565029701991, 6.505650297043338, 6.505650297014354, 6.505650297013936, 6.505650297034446, 6.505650297021522, 6.505650297040199, 6.509215747487113, 6.509215747480134, 6.509215747478661, 6.509215747480221, 6.5092157474780175, 6.509215747478532, 6.509215747462597, 6.509215747457835, 6.5092157474588666, 6.5092157474890575, 6.509215747487655, 6.5092157474750865, 6.509215747478041, 6.509215747491008, 6.5092157474723065, 6.509215747495311, 6.509215747477075, 6.509215747474552, 6.509215747482277, 6.509215747475431, 6.509215747465538, 6.50921574748317, 6.5092157474848245, 6.5092157474936325, 6.509215747482195, 6.509215747476693, 6.509215747494079, 6.50921574749532, 6.509215747503899, 6.509215747468751, 6.50921574748711, 6.509215747491816, 6.509215747481402, 6.509215747476238, 6.509215747496386, 6.509215747479907, 6.509215747494194, 6.509215747493585, 6.509215747493032, 6.509215747482495, 6.509215747470106, 6.510278079850402, 6.510278079843064, 6.510278079841913, 6.510278079854219, 6.510278079841198, 6.510278079859926, 6.51027807988756, 6.51027807988976, 6.510278079890643, 6.510278079876599, 6.510278079878856, 6.510278079836418, 6.510278079845837, 6.510278079861169, 6.510278079855423, 6.510278079858535, 6.5102780798625055, 6.510278079826295, 6.510278079858003, 6.510278079855323, 6.510278079864094, 6.510278079845121, 6.510278079852637, 6.510278079853271, 6.5102780798453255, 6.510278079858348, 6.510278079840011, 6.510278079840963, 6.510278079860583, 6.510278079840549, 6.510278079850395, 6.510278079852183, 6.51027807985278, 6.510278079856444, 6.510278079839949, 6.510278079862946, 6.51027807983619, 6.510278079835714, 6.5102780798473265, 6.510278079854821, 6.510278079847916, 6.511582606088755, 6.511582606097434, 6.511582606096501, 6.511582606089734, 6.511582606065105, 6.511582606063727, 6.51158260604773, 6.511582606050049, 6.511582606050676, 6.511582606066423, 6.511582606064468, 6.511582606064851, 6.511582606087015, 6.511582606066881, 6.511582606058138, 6.511582606102014, 6.51158260607183, 6.511582606068878, 6.511582606092485, 6.511582606071504, 6.5115826060882815, 6.511582606078444, 6.51158260609002, 6.51158260608839, 6.511582606086981, 6.511582606093458, 6.511582606081264, 6.511582606082266, 6.511582606090894, 6.511582606085405, 6.511582606088758, 6.511582606083897, 6.511582606095664, 6.511582606088105, 6.511582606094312, 6.511582606073799, 6.5115826061042075, 6.511582606104091, 6.511582606086329, 6.5115826060927455, 6.511582606059402, 6.514664227200519, 6.514664227210661, 6.514664227210729, 6.51466422720883, 6.51466422721907, 6.51466422722083, 6.514664227246017, 6.514664227244628, 6.514664227244242, 6.514664227217413, 6.514664227219287, 6.514664227174315, 6.514664227206882, 6.514664227202356, 6.514664227218656, 6.514664227187264, 6.514664227210929, 6.514664227187826, 6.514664227199959, 6.514664227199905, 6.514664227212834, 6.514664227192514, 6.514664227201699, 6.514664227196083, 6.514664227199958, 6.5146642272133235, 6.514664227186508, 6.514664227187028, 6.514664227199377, 6.514664227201951, 6.514664227200526, 6.514664227194469, 6.514664227207503, 6.514664227223078, 6.5146642271816955, 6.5146642272191135, 6.514664227182341, 6.514664227182421, 6.514664227202281, 6.51466422720109, 6.514664227221914, 6.51613423455036, 6.5161342345531335, 6.516134234554987, 6.516134234541864, 6.5161342345416955, 6.516134234536013, 6.516134234496758, 6.516134234496548, 6.516134234496527, 6.516134234550016, 6.516134234543852, 6.516134234542589, 6.516134234539303, 6.516134234540557, 6.516134234533955, 6.516134234558561, 6.516134234534448, 6.516134234560793, 6.516134234545242, 6.516134234518732, 6.516134234531483, 6.516134234549703, 6.516134234541332, 6.516134234556276, 6.516134234543977, 6.51613423452944, 6.516134234571247, 6.516134234571422, 6.516134234568503, 6.516134234530149, 6.516134234550361, 6.5161342345486215, 6.516134234545513, 6.516134234541668, 6.516134234564532, 6.516134234531406, 6.516134234569089, 6.516134234569078, 6.51613423455676, 6.51613423454704, 6.516134234533745, 6.517369869143137, 6.517369869135415, 6.517369869137775, 6.517369869145898, 6.517369869158583, 6.517369869171202, 6.51736986919098, 6.517369869191664, 6.517369869191518, 6.517369869174639, 6.5173698691739395, 6.517369869151941, 6.517369869143883, 6.517369869163396, 6.517369869173962, 6.517369869138605, 6.517369869165256, 6.5173698691367035, 6.517369869148156, 6.517369869147292, 6.517369869159055, 6.5173698691477355, 6.517369869140589, 6.5173698691389275, 6.517369869144385, 6.517369869159894, 6.517369869126476, 6.5173698691266475, 6.517369869133945, 6.51736986915286, 6.517369869143139, 6.517369869143887, 6.517369869141311, 6.517369869154459, 6.517369869132147, 6.5173698691616115, 6.517369869124346, 6.517369869124362, 6.5173698691452495, 6.517369869144338, 6.517369869165992, 6.517094811399324, 6.517094811396583, 6.517094811400848, 6.517094811397447, 6.517094811383244, 6.517094811380834, 6.517094811351018, 6.517094811351754, 6.517094811351809, 6.517094811367846, 6.517094811360436, 6.517094811405648, 6.517094811398761, 6.517094811383669, 6.517094811374462, 6.517094811408864, 6.517094811380916, 6.517094811403846, 6.51709481139545, 6.517094811384038, 6.517094811391182, 6.517094811400268, 6.517094811396839, 6.517094811398695, 6.517094811402817, 6.5170948113975316, 6.517094811401723, 6.517094811402458, 6.517094811393288, 6.517094811404514, 6.517094811399329, 6.517094811398436, 6.517094811398994, 6.517094811386795, 6.5170948114185565, 6.517094811375984, 6.517094811424335, 6.517094811424433, 6.517094811402909, 6.517094811400432, 6.517094811378111, 6.517246362378123, 6.51724636236682, 6.517246362370312, 6.517246362384616, 6.517246362387118, 6.517246362393829, 6.51724636242967, 6.517246362429825, 6.5172463624294945, 6.517246362385132, 6.517246362381893, 6.517246362386734, 6.5172463623844745, 6.517246362384521, 6.517246362396043, 6.517246362364835, 6.517246362392681, 6.5172463624009485, 6.517246362379476, 6.517246362390779, 6.517246362394448, 6.517246362382514, 6.517246362378497, 6.517246362376203, 6.517246362380796, 6.517246362385071, 6.517246362372583, 6.517246362373598, 6.517246362376343, 6.517246362381773, 6.517246362378126, 6.517246362380561, 6.5172463623792245, 6.517246362386578, 6.517246362373073, 6.517246362388008, 6.517246362369216, 6.517246362369458, 6.51724636238307, 6.5172463623792645, 6.517246362401143, 6.519029676364772, 6.519029676356654, 6.519029676361838, 6.519029676363935, 6.519029676356386, 6.519029676354036, 6.519029676348699, 6.519029676349134, 6.519029676349109, 6.519029676354744, 6.519029676346303, 6.519029676372902, 6.5190296763625915, 6.519029676352984, 6.519029676352813, 6.519029676361515, 6.519029676361619, 6.519029676385183, 6.519029676361591, 6.519029676358715, 6.5190296763595414, 6.519029676369102, 6.5190296763617726, 6.519029676369022, 6.519029676364507, 6.519029676349367, 6.519029676381728, 6.51902967638306, 6.5190296763757125, 6.519029676354129, 6.519029676364768, 6.519029676366137, 6.519029676362566, 6.519029676357347, 6.519029676378512, 6.519029676351252, 6.519029676379309, 6.519029676379502, 6.519029676372371, 6.519029676363394, 6.519029676362849, 6.521295576374269, 6.521295576369598, 6.521295576374165, 6.521295576374741, 6.521295576374796, 6.521295576374507, 6.5212955763724585, 6.521295576373812, 6.521295576373619, 6.521295576378042, 6.521295576372292, 6.521295576388125, 6.521295576375027, 6.521295576372171, 6.521295576378937, 6.521295576372952, 6.521295576389436, 6.521295576382569, 6.5212955763773355, 6.5212955763748015, 6.5212955763777805, 6.521295576380244, 6.521295576374421, 6.521295576371718, 6.521295576377765, 6.521295576381217, 6.521295576367524, 6.521295576368448, 6.521295576364731, 6.521295576384076, 6.5212955763742695, 6.521295576373547, 6.521295576373301, 6.521295576377029, 6.521295576377275, 6.5212955763767075, 6.521295576372493, 6.521295576372633, 6.521295576378861, 6.521295576373742, 6.5212955763831895, 6.522041455836246, 6.522041455837424, 6.522041455841712, 6.522041455835693, 6.522041455842835, 6.52204145584198, 6.522041455836699, 6.522041455838603, 6.522041455838344, 6.522041455843089, 6.52204145583853, 6.5220414558463755, 6.522041455839546, 6.522041455839165, 6.522041455849182, 6.5220414558386715, 6.522041455853823, 6.522041455833926, 6.522041455841093, 6.52204145583682, 6.522041455843498, 6.522041455841655, 6.522041455836344, 6.522041455833096, 6.522041455838304, 6.522041455844822, 6.522041455827227, 6.5220414558278605, 6.522041455826022, 6.522041455846769, 6.522041455836249, 6.52204145583298, 6.522041455834673, 6.522041455844187, 6.52204145583333, 6.522041455843658, 6.522041455829303, 6.522041455829437, 6.522041455838117, 6.522041455836804, 6.52204145584601, 6.522321996524028, 6.522321996530596, 6.522321996535772, 6.522321996517643, 6.522321996521766, 6.52232199651683, 6.5223219964931, 6.522321996495281, 6.522321996495103, 6.5223219965199215, 6.522321996512909, 6.522321996521231, 6.522321996526943, 6.522321996517302, 6.5223219965194295, 6.522321996532166, 6.5223219965198425, 6.522321996520185, 6.522321996520661, 6.522321996513052, 6.5223219965212795, 6.522321996526474, 6.52232199651996, 6.52232199652856, 6.522321996519605, 6.522321996507053, 6.522321996540879, 6.522321996541459, 6.522321996535385, 6.522321996512426, 6.522321996524025, 6.522321996518686, 6.522321996519694, 6.522321996522347, 6.522321996531202, 6.522321996515045, 6.522321996533683, 6.5223219965338135, 6.522321996524883, 6.522321996525231, 6.522321996512798, 6.522484403162976, 6.522484403166873, 6.522484403170656, 6.522484403167383, 6.5224844031747935, 6.522484403181081, 6.522484403204555, 6.522484403206579, 6.522484403206316, 6.522484403182504, 6.522484403181894, 6.522484403156081, 6.522484403176247, 6.52248440317186, 6.522484403183853, 6.52248440315814, 6.522484403178615, 6.522484403165587, 6.522484403158704, 6.522484403176223, 6.522484403174325, 6.522484403163976, 6.522484403164302, 6.522484403161728, 6.522484403161969, 6.522484403167653, 6.522484403157736, 6.522484403158153, 6.522484403161513, 6.522484403166402, 6.522484403162989, 6.522484403158456, 6.522484403163856, 6.522484403174727, 6.52248440315353, 6.5224844031789475, 6.522484403147871, 6.522484403148017, 6.522484403163123, 6.52248440316404, 6.522484403177112, 6.522161742146157, 6.5221617421485405, 6.5221617421542994, 6.522161742141943, 6.522161742124631, 6.5221617421253875, 6.522161742096592, 6.522161742100122, 6.522161742100078, 6.522161742129737, 6.522161742124102, 6.522161742138301, 6.522161742150607, 6.522161742130996, 6.522161742117423, 6.522161742159991, 6.522161742124987, 6.52216174214693, 6.522161742136297, 6.522161742139787, 6.522161742144666, 6.522161742145221, 6.5221617421463085, 6.5221617421471825, 6.522161742146777, 6.522161742140209, 6.522161742151079, 6.522161742151428, 6.522161742144318, 6.522161742147252, 6.522161742146159, 6.522161742141963, 6.522161742146504, 6.522161742133436, 6.522161742163005, 6.522161742127092, 6.5221617421666895, 6.522161742166788, 6.522161742141072, 6.522161742151599, 6.522161742112662, 6.52232991404368, 6.522329914032931, 6.522329914036834, 6.522329914050766, 6.522329914052887, 6.5223299140603554, 6.522329914094826, 6.522329914095806, 6.522329914095688, 6.522329914068846, 6.522329914070618, 6.522329914041469, 6.522329914043628, 6.522329914060671, 6.522329914067205, 6.52232991403458, 6.522329914060093, 6.522329914046818, 6.522329914043954, 6.522329914064207, 6.522329914057176, 6.5223299140464235, 6.5223299140487025, 6.522329914038911, 6.522329914046368, 6.522329914057159, 6.522329914029015, 6.522329914029177, 6.52232991403706, 6.522329914051731, 6.52232991404368, 6.5223299140461215, 6.522329914046832, 6.522329914057102, 6.522329914029833, 6.522329914066263, 6.522329914021337, 6.522329914021386, 6.522329914043262, 6.522329914044207, 6.52232991406607, 6.522317365220086, 6.522317365212524, 6.522317365218903, 6.52231736521548, 6.522317365210819, 6.522317365199479, 6.522317365167398, 6.522317365167147, 6.522317365167135, 6.522317365203333, 6.522317365197434, 6.522317365209683, 6.522317365205168, 6.522317365211511, 6.522317365197504, 6.5223173652214665, 6.522317365192878, 6.522317365222455, 6.522317365214052, 6.5223173652069315, 6.5223173652096795, 6.522317365221301, 6.5223173652191315, 6.522317365222705, 6.52231736521958, 6.52231736519971, 6.522317365239809, 6.522317365239841, 6.522317365234592, 6.522317365203348, 6.5223173652200765, 6.5223173652226345, 6.522317365218472, 6.522317365212476, 6.522317365231351, 6.52231736520326, 6.522317365237712, 6.522317365237695, 6.522317365220689, 6.522317365219719, 6.522317365201358, 6.523122769484193, 6.523122769501548, 6.52312276947129, 6.523122769490159, 6.523122769495983, 6.523122769495253, 6.523122769525134, 6.523122769524096, 6.523122769523966, 6.523122769500293, 6.523122769502495, 6.523122769484063, 6.523122769476716, 6.523122769502275, 6.5231227695049645, 6.523122769471069, 6.523122769494962, 6.523122769479052, 6.523122769487111, 6.523122769502043, 6.523122769491284, 6.523122769488154, 6.523122769490117, 6.523122769478735, 6.523122769488734, 6.523122769496197, 6.52312276947063, 6.523122769470864, 6.523122769478265, 6.523122769490388, 6.523122769484193, 6.523122769490727, 6.523122769487042, 6.523122769498121, 6.523122769470099, 6.523122769505156, 6.523122769463485, 6.523122769463564, 6.52312276948563, 6.523122769482539, 6.523122769509938, 6.524898959082982, 6.524898959096749, 6.524898959076132, 6.5248989590816056, 6.524898959068292, 6.524898959065877, 6.52489895904878, 6.5248989590497155, 6.524898959049646, 6.524898959066827, 6.52489895906451, 6.524898959080763, 6.524898959076693, 6.524898959079925, 6.524898959062137, 6.524898959087006, 6.524898959064734, 6.524898959076856, 6.5248989590798425, 6.524898959080307, 6.52489895907728, 6.524898959084986, 6.524898959086051, 6.524898959082588, 6.5248989590866175, 6.524898959080379, 6.524898959084172, 6.5248989590845525, 6.524898959080974, 6.524898959083365, 6.524898959082982, 6.52489895908748, 6.524898959083415, 6.524898959073878, 6.52489895909299, 6.524898959071622, 6.524898959095635, 6.524898959095758, 6.524898959081796, 6.5248989590836715, 6.524898959065623, 6.527526442795731, 6.527526442806056, 6.527526442791177, 6.527526442797258, 6.527526442798403, 6.527526442799452, 6.527526442817255, 6.527526442818178, 6.527526442818008, 6.5275264428026745, 6.527526442804457, 6.527526442790986, 6.527526442799287, 6.527526442805885, 6.527526442801356, 6.527526442790675, 6.52752644279652, 6.527526442786937, 6.527526442792961, 6.527526442805746, 6.527526442795542, 6.527526442797828, 6.527526442798527, 6.527526442795598, 6.5275264427967175, 6.527526442796756, 6.5275264427934285, 6.527526442793785, 6.527526442796438, 6.527526442795423, 6.527526442795738, 6.52752644279884, 6.52752644279565, 6.527526442798673, 6.527526442792736, 6.527526442802998, 6.527526442789615, 6.527526442789769, 6.52752644279611, 6.527526442794857, 6.5275264428014985, 6.528332863545911, 6.528332863535393, 6.528332863542355, 6.528332863543302, 6.528332863542899, 6.528332863545645, 6.528332863547943, 6.528332863550344, 6.528332863550242, 6.528332863548729, 6.528332863549366, 6.5283328635445335, 6.52833286354824, 6.528332863554123, 6.5283328635471785, 6.5283328635505, 6.528332863544003, 6.528332863543275, 6.5283328635459315, 6.528332863547067, 6.528332863544393, 6.528332863548993, 6.528332863546276, 6.528332863549287, 6.5283328635437865, 6.528332863538881, 6.528332863551766, 6.528332863552017, 6.528332863552302, 6.528332863539604, 6.528332863545916, 6.528332863548506, 6.528332863543043, 6.528332863544505, 6.528332863546751, 6.528332863546293, 6.528332863546424, 6.528332863546509, 6.528332863544743, 6.528332863546068, 6.528332863541196, 6.528407222006032, 6.528407222002681, 6.528407222010145, 6.528407222002194, 6.528407222003239, 6.528407221999987, 6.528407221985628, 6.528407221988477, 6.528407221988417, 6.528407221993492, 6.528407221994542, 6.528407222003851, 6.528407222012776, 6.528407222005748, 6.528407221999745, 6.528407222013911, 6.5284072220012375, 6.528407222009222, 6.528407222005493, 6.528407222001158, 6.528407222000914, 6.528407222007708, 6.528407222006802, 6.528407222005842, 6.528407222006369, 6.528407222006232, 6.528407222004, 6.5284072220041125, 6.5284072220004825, 6.528407222011005, 6.5284072220060345, 6.5284072220051, 6.52840722200464, 6.52840722200572, 6.528407222008934, 6.528407222002167, 6.528407222011368, 6.528407222011401, 6.528407222004516, 6.528407222005773, 6.528407221995459, 6.52781986314882, 6.5278198631470605, 6.5278198631535576, 6.5278198631494835, 6.527819863163957, 6.527819863159691, 6.527819863173665, 6.52781986317593, 6.527819863175885, 6.527819863159662, 6.527819863163665, 6.527819863145749, 6.527819863157038, 6.527819863155473, 6.527819863164288, 6.527819863144319, 6.527819863164165, 6.527819863149783, 6.527819863151584, 6.527819863154197, 6.527819863148583, 6.527819863150975, 6.527819863150307, 6.527819863145851, 6.52781986314884, 6.527819863156467, 6.527819863139498, 6.527819863139519, 6.527819863141744, 6.527819863156656, 6.527819863148819, 6.52781986314721, 6.527819863148763, 6.527819863163, 6.5278198631387125, 6.527819863162772, 6.527819863135786, 6.527819863135816, 6.527819863149577, 6.52781986314671, 6.527819863164161, 6.5266333247627575, 6.526633324760389, 6.5266333247707085, 6.526633324754745, 6.526633324748723, 6.526633324743336, 6.526633324717566, 6.5266333247213995, 6.526633324721379, 6.526633324750699, 6.52663332474899, 6.526633324759939, 6.526633324759315, 6.526633324747775, 6.526633324740578, 6.526633324772518, 6.5266333247497, 6.52663332476488, 6.52663332476213, 6.526633324742448, 6.526633324751568, 6.5266333247645045, 6.5266333247591675, 6.5266333247681, 6.526633324758393, 6.526633324744147, 6.526633324780572, 6.526633324780604, 6.526633324774433, 6.526633324750155, 6.5266333247627495, 6.526633324760358, 6.526633324759336, 6.52663332475516, 6.526633324775236, 6.526633324745004, 6.526633324781161, 6.526633324781174, 6.5266333247630195, 6.526633324761858, 6.526633324741756, 6.525249938761682, 6.525249938757799, 6.525249938764166, 6.525249938767206, 6.5252499387783915, 6.525249938779993, 6.525249938820678, 6.5252499388236735, 6.525249938823626, 6.525249938786971, 6.525249938792153, 6.525249938762225, 6.525249938766055, 6.525249938771516, 6.52524993878606, 6.525249938753977, 6.525249938788205, 6.525249938768767, 6.525249938772036, 6.525249938777315, 6.525249938775827, 6.525249938764652, 6.525249938765025, 6.525249938756279, 6.525249938761866, 6.525249938778325, 6.52524993874382, 6.525249938743844, 6.525249938752443, 6.525249938773026, 6.52524993876168, 6.525249938760246, 6.525249938763632, 6.525249938781748, 6.5252499387454845, 6.5252499387828555, 6.525249938740676, 6.525249938740695, 6.525249938760816, 6.5252499387624665, 6.525249938790106, 6.52345514840377, 6.523455148400409, 6.523455148412409, 6.523455148397398, 6.523455148377904, 6.523455148373753, 6.523455148332948, 6.523455148336755, 6.523455148336742, 6.523455148367371, 6.523455148364332, 6.523455148402137, 6.52345514839872, 6.523455148378616, 6.5234551483626415, 6.523455148418415, 6.5234551483748255, 6.5234551483990275, 6.523455148398896, 6.5234551483789645, 6.523455148391731, 6.523455148404702, 6.523455148401499, 6.523455148407002, 6.52345514840329, 6.523455148388956, 6.52345514841814, 6.523455148418202, 6.523455148407311, 6.52345514839873, 6.523455148403757, 6.523455148400818, 6.523455148402399, 6.5234551483861924, 6.523455148426651, 6.523455148372835, 6.523455148436197, 6.5234551484362235, 6.523455148403163, 6.523455148404585, 6.523455148368571, 6.522670908627192, 6.522670908620666, 6.522670908625962, 6.522670908635641, 6.522670908659732, 6.522670908658782, 6.5226709087113255, 6.522670908712028, 6.522670908711988, 6.522670908663103, 6.5226709086691015, 6.522670908626832, 6.522670908630623, 6.522670908647494, 6.522670908664377, 6.522670908610289, 6.5226709086603245, 6.522670908621761, 6.522670908635282, 6.522670908648933, 6.522670908639733, 6.522670908631253, 6.522670908630491, 6.522670908620833, 6.522670908628106, 6.522670908643559, 6.522670908610133, 6.52267090861017, 6.522670908620989, 6.5226709086360355, 6.522670908627186, 6.522670908627729, 6.5226709086280446, 6.522670908650778, 6.522670908607391, 6.522670908657299, 6.52267090859738, 6.522670908597401, 6.522670908630077, 6.522670908625128, 6.5226709086719925, 6.523863035123125, 6.523863035112984, 6.523863035125915, 6.52386303511607, 6.52386303509813, 6.523863035097944, 6.523863035044579, 6.523863035046872, 6.523863035046893, 6.52386303508811, 6.523863035083656, 6.523863035124297, 6.523863035111343, 6.5238630351051405, 6.523863035084701, 6.523863035139999, 6.523863035091471, 6.5238630351206846, 6.523863035116254, 6.52386303509439, 6.523863035106451, 6.523863035126359, 6.523863035118854, 6.523863035129966, 6.523863035121558, 6.523863035099176, 6.523863035147234, 6.523863035147266, 6.523863035134531, 6.5238630351098, 6.523863035123127, 6.523863035123171, 6.523863035118324, 6.5238630350992555, 6.523863035149564, 6.52386303509124, 6.523863035156621, 6.523863035156643, 6.523863035123975, 6.523863035122665, 6.5238630350864995, 6.527237502373347, 6.527237502386849, 6.527237502365503, 6.527237502381865, 6.52723750239263, 6.527237502398594, 6.527237502431726, 6.527237502432276, 6.527237502432243, 6.527237502399113, 6.527237502404105, 6.527237502377318, 6.527237502375446, 6.5272375023957725, 6.5272375024031515, 6.527237502368109, 6.527237502402987, 6.52723750237187, 6.527237502382091, 6.5272375023936045, 6.527237502385419, 6.527237502378385, 6.527237502377973, 6.527237502366208, 6.5272375023770515, 6.527237502395935, 6.527237502349615, 6.527237502349717, 6.527237502357565, 6.527237502390813, 6.527237502373338, 6.52723750237608, 6.527237502374944, 6.527237502388647, 6.527237502359474, 6.5272375023993625, 6.527237502347893, 6.527237502347926, 6.527237502373785, 6.527237502372733, 6.527237502405553, 6.531573520446585, 6.531573520462681, 6.531573520441755, 6.531573520446792, 6.531573520432883, 6.531573520437594, 6.531573520413836, 6.531573520414542, 6.531573520414492, 6.531573520432324, 6.531573520430271, 6.531573520441192, 6.531573520441667, 6.531573520440006, 6.531573520428144, 6.531573520453855, 6.531573520432582, 6.531573520448787, 6.5315735204424294, 6.5315735204344785, 6.531573520438329, 6.531573520448788, 6.531573520445548, 6.531573520451015, 6.53157352044696, 6.531573520433249, 6.531573520459753, 6.531573520460004, 6.531573520453639, 6.531573520438749, 6.531573520446583, 6.531573520448961, 6.531573520445948, 6.531573520434837, 6.53157352045969, 6.531573520434543, 6.531573520460153, 6.531573520460238, 6.531573520447742, 6.531573520445931, 6.531573520432308, 6.534083581556366, 6.5340835815641745, 6.534083581557857, 6.534083581560345, 6.534083581561618, 6.5340835815588365, 6.534083581559296, 6.534083581558666, 6.53408358155852, 6.534083581550205, 6.534083581550711, 6.534083581538664, 6.534083581561464, 6.534083581553792, 6.534083581552963, 6.534083581551942, 6.534083581551549, 6.53408358156152, 6.534083581552633, 6.534083581556931, 6.534083581552883, 6.534083581555285, 6.534083581556997, 6.534083581556104, 6.534083581558276, 6.534083581552804, 6.534083581559122, 6.534083581559448, 6.534083581557932, 6.534083581554808, 6.534083581556367, 6.5340835815558975, 6.534083581558906, 6.534083581559914, 6.534083581557072, 6.5340835815584315, 6.534083581556044, 6.534083581556172, 6.534083581558921, 6.5340835815542935, 6.534083581562604, 6.533820645754528, 6.533820645743589, 6.533820645752401, 6.533820645758525, 6.5338206457626455, 6.533820645765774, 6.5338206457820975, 6.533820645782627, 6.533820645782514, 6.533820645767358, 6.533820645769858, 6.533820645745381, 6.533820645756368, 6.533820645764293, 6.53382064576878, 6.5338206457553465, 6.533820645765368, 6.533820645756, 6.533820645761012, 6.533820645768005, 6.533820645764624, 6.533820645755454, 6.533820645756349, 6.533820645751025, 6.5338206457562, 6.533820645764847, 6.533820645742512, 6.533820645742791, 6.533820645748256, 6.533820645761391, 6.533820645754526, 6.533820645755078, 6.5338206457560135, 6.533820645765339, 6.5338206457465136, 6.533820645767825, 6.53382064574188, 6.533820645741971, 6.533820645753114, 6.533820645755466, 6.533820645769846, 6.5318151548274574, 6.531815154810769, 6.531815154826966, 6.531815154819377, 6.531815154802472, 6.531815154810329, 6.5318151547720245, 6.531815154774275, 6.531815154774293, 6.531815154817192, 6.531815154813829, 6.5318151548248, 6.531815154815556, 6.531815154817974, 6.531815154803571, 6.531815154846841, 6.531815154805879, 6.531815154827324, 6.531815154826086, 6.531815154813785, 6.5318151548239625, 6.53181515482939, 6.5318151548232875, 6.531815154832903, 6.531815154825769, 6.531815154812205, 6.531815154841585, 6.531815154841863, 6.531815154835597, 6.531815154817497, 6.531815154827459, 6.531815154828283, 6.531815154822584, 6.531815154810328, 6.531815154845481, 6.531815154807946, 6.531815154847665, 6.531815154847731, 6.531815154823308, 6.531815154831001, 6.531815154796925, 6.531832035851531, 6.531832035847583, 6.531832035856125, 6.531832035856035, 6.531832035883414, 6.531832035873213, 6.5318320359103295, 6.531832035908836, 6.531832035908665, 6.531832035877201, 6.531832035882814, 6.531832035835361, 6.531832035859866, 6.531832035863096, 6.531832035878752, 6.5318320358353725, 6.531832035873318, 6.5318320358537045, 6.531832035851464, 6.53183203587353, 6.531832035854464, 6.5318320358510285, 6.531832035852946, 6.531832035842801, 6.531832035854811, 6.531832035868723, 6.531832035832381, 6.531832035832587, 6.531832035840286, 6.5318320358640545, 6.53183203585154, 6.5318320358497886, 6.531832035852519, 6.531832035874263, 6.531832035836909, 6.531832035877715, 6.5318320358264215, 6.531832035826518, 6.531832035855878, 6.531832035847091, 6.531832035886377, 6.533308003351431, 6.533308003366998, 6.533308003354352, 6.533308003343552, 6.533308003331966, 6.533308003334921, 6.5333080032961215, 6.533308003297652, 6.53330800329762, 6.533308003326706, 6.533308003322999, 6.533308003344812, 6.533308003342699, 6.533308003338836, 6.533308003324802, 6.533308003366239, 6.533308003324324, 6.533308003352029, 6.53330800334705, 6.533308003333528, 6.533308003345618, 6.53330800335242, 6.533308003347808, 6.533308003356762, 6.533308003349466, 6.533308003331164, 6.533308003371078, 6.533308003371287, 6.53330800336284, 6.53330800333831, 6.533308003351433, 6.533308003351064, 6.533308003346822, 6.533308003336545, 6.53330800336816, 6.533308003330043, 6.533308003374448, 6.533308003374505, 6.533308003349194, 6.533308003354004, 6.533308003322939, 6.5366270988822865, 6.536627098898934, 6.536627098876965, 6.536627098885095, 6.536627098891942, 6.536627098894813, 6.5366270989210395, 6.536627098921522, 6.5366270989214525, 6.536627098895441, 6.536627098898818, 6.536627098880436, 6.536627098884288, 6.536627098895051, 6.536627098900058, 6.536627098880209, 6.536627098900383, 6.5366270988825725, 6.536627098889383, 6.536627098896761, 6.53662709889381, 6.536627098886045, 6.5366270988853055, 6.536627098877247, 6.536627098883247, 6.536627098897036, 6.536627098866212, 6.5366270988663215, 6.536627098872861, 6.536627098892768, 6.536627098882291, 6.5366270988838595, 6.536627098882064, 6.536627098895117, 6.5366270988726765, 6.536627098899241, 6.536627098866336, 6.536627098866372, 6.536627098882205, 6.536627098882686, 6.536627098902786, 6.539829473049815, 6.539829473033864, 6.539829473050674, 6.5398294730488, 6.5398294730439295, 6.539829473045274, 6.5398294730380675, 6.539829473038427, 6.53982947303842, 6.539829473042545, 6.539829473041744, 6.53982947304302, 6.5398294730521656, 6.539829473044327, 6.539829473037048, 6.539829473048608, 6.539829473044213, 6.539829473053972, 6.539829473045217, 6.539829473042954, 6.539829473043323, 6.539829473052531, 6.539829473049392, 6.539829473050917, 6.539829473049842, 6.539829473043032, 6.5398294730563205, 6.53982947305637, 6.5398294730521505, 6.539829473047171, 6.539829473049812, 6.539829473049242, 6.539829473048332, 6.539829473045166, 6.539829473057682, 6.539829473045407, 6.539829473056112, 6.539829473056121, 6.539829473052553, 6.539829473048317, 6.539829473046553, 6.540912596040671, 6.54091259602138, 6.540912596038883, 6.540912596039647, 6.540912596033589, 6.54091259603665, 6.5409125960311165, 6.540912596031759, 6.5409125960317, 6.5409125960374, 6.54091259603641, 6.540912596038786, 6.540912596039985, 6.540912596037347, 6.540912596030199, 6.540912596040558, 6.540912596038615, 6.540912596036361, 6.540912596039337, 6.5409125960337215, 6.540912596036121, 6.540912596045092, 6.540912596040508, 6.540912596042124, 6.54091259603991, 6.5409125960340315, 6.540912596047172, 6.540912596047279, 6.540912596044403, 6.5409125960366765, 6.5409125960406636, 6.540912596041101, 6.5409125960384635, 6.540912596036458, 6.540912596047479, 6.5409125960372085, 6.540912596045745, 6.540912596045774, 6.540912596043077, 6.540912596039602, 6.540912596038657, 6.540313416410978, 6.540313416432119, 6.5403134164036025, 6.540313416412936, 6.5403134164166, 6.5403134164196555, 6.540313416441076, 6.540313416441763, 6.540313416441682, 6.540313416422764, 6.540313416425079, 6.540313416415409, 6.540313416410158, 6.540313416422273, 6.5403134164250565, 6.540313416409579, 6.540313416429785, 6.540313416411172, 6.5403134164202745, 6.540313416420132, 6.540313416420752, 6.540313416417536, 6.540313416413992, 6.540313416406583, 6.540313416410892, 6.540313416423767, 6.5403134163973435, 6.540313416397456, 6.54031341640333, 6.540313416419377, 6.540313416410981, 6.540313416413233, 6.540313416409536, 6.5403134164218955, 6.540313416403355, 6.54031341642502, 6.540313416397986, 6.540313416398016, 6.540313416411564, 6.5403134164111245, 6.540313416428976, 6.540576405778257, 6.54057640579612, 6.5405764057831774, 6.540576405773262, 6.540576405767363, 6.540576405766532, 6.5405764057354565, 6.5405764057364415, 6.540576405736342, 6.540576405753388, 6.540576405750009, 6.540576405773582, 6.540576405776192, 6.540576405765425, 6.540576405754012, 6.5405764057845035, 6.540576405757022, 6.540576405776323, 6.540576405773162, 6.540576405760619, 6.540576405769579, 6.540576405781269, 6.540576405776195, 6.540576405780431, 6.540576405777355, 6.540576405762246, 6.540576405794139, 6.540576405794348, 6.540576405785567, 6.5405764057695075, 6.540576405778266, 6.5405764057762985, 6.540576405774614, 6.540576405768871, 6.540576405791094, 6.540576405761564, 6.540576405797335, 6.540576405797401, 6.540576405778957, 6.540576405778658, 6.540576405758978, 6.5415183967409405, 6.541518396725157, 6.541518396740188, 6.541518396743259, 6.54151839675963, 6.541518396754883, 6.541518396787141, 6.541518396786762, 6.541518396786623, 6.5415183967624815, 6.54151839676593, 6.54151839673489, 6.541518396747134, 6.541518396751071, 6.541518396761374, 6.541518396730551, 6.5415183967625765, 6.541518396741015, 6.541518396743765, 6.541518396755753, 6.541518396744017, 6.54151839674506, 6.541518396741844, 6.541518396735137, 6.541518396741141, 6.541518396753503, 6.541518396727319, 6.541518396727491, 6.541518396733634, 6.541518396749415, 6.541518396740952, 6.541518396740268, 6.541518396739599, 6.541518396758407, 6.541518396730983, 6.54151839676112, 6.541518396722141, 6.541518396722224, 6.541518396744518, 6.541518396738021, 6.541518396765652, 6.5434617543041025, 6.543461754278668, 6.5434617543041576, 6.5434617542982485, 6.543461754285247, 6.543461754295116, 6.543461754264513, 6.543461754266424, 6.543461754266363, 6.543461754292958, 6.54346175428931, 6.543461754305645, 6.543461754297976, 6.543461754296159, 6.5434617542854685, 6.543461754318525, 6.543461754287333, 6.543461754304882, 6.543461754301979, 6.5434617542929825, 6.543461754302413, 6.543461754308713, 6.543461754301495, 6.54346175430753, 6.543461754302302, 6.54346175429204, 6.543461754315646, 6.54346175431586, 6.543461754309274, 6.543461754297492, 6.5434617543041, 6.543461754303161, 6.543461754299142, 6.543461754292642, 6.54346175431669, 6.54346175428927, 6.54346175432081, 6.5434617543208615, 6.5434617543008295, 6.543461754307542, 6.543461754278832, 6.546752289966702, 6.546752289980793, 6.546752289970121, 6.546752289969173, 6.546752289976473, 6.5467522899742185, 6.54675228999142, 6.546752289991373, 6.546752289991236, 6.54675228997505, 6.546752289976178, 6.546752289953415, 6.54675228997529, 6.546752289971108, 6.54675228997604, 6.546752289962312, 6.5467522899753225, 6.54675228996657, 6.546752289968872, 6.5467522899775, 6.546752289970667, 6.546752289968681, 6.546752289967451, 6.546752289962925, 6.546752289967209, 6.546752289975459, 6.5467522899568475, 6.546752289957067, 6.546752289959989, 6.546752289973803, 6.546752289966697, 6.546752289963784, 6.546752289967091, 6.546752289979292, 6.546752289960381, 6.546752289978433, 6.546752289956782, 6.54675228995688, 6.5467522899678325, 6.546752289965819, 6.546752289979574, 6.548727378686163, 6.548727378708698, 6.548727378685097, 6.548727378685452, 6.548727378682505, 6.5487273786854185, 6.548727378677091, 6.548727378677507, 6.548727378677401, 6.548727378685719, 6.548727378683449, 6.548727378678059, 6.548727378684407, 6.548727378684014, 6.548727378681018, 6.548727378688499, 6.548727378680165, 6.548727378685382, 6.548727378685495, 6.548727378684492, 6.5487273786850135, 6.5487273786892, 6.548727378685132, 6.548727378687875, 6.548727378685098, 6.548727378679017, 6.548727378692858, 6.548727378693114, 6.548727378691304, 6.548727378680302, 6.548727378686169, 6.548727378685496, 6.548727378684303, 6.548727378686802, 6.548727378688928, 6.548727378684322, 6.5487273786898506, 6.548727378689935, 6.548727378686182, 6.548727378686596, 6.548727378681275, 6.550621446037221, 6.550621446014144, 6.550621446034568, 6.550621446037612, 6.550621446033809, 6.55062144603702, 6.5506214460292655, 6.550621446029533, 6.550621446029409, 6.5506214460366685, 6.5506214460348575, 6.550621446031285, 6.5506214460345, 6.550621446037227, 6.550621446033042, 6.550621446039251, 6.550621446033687, 6.550621446037164, 6.550621446037052, 6.550621446038028, 6.550621446037027, 6.550621446040824, 6.5506214460374865, 6.550621446036966, 6.550621446037688, 6.550621446036929, 6.550621446036958, 6.5506214460372005, 6.550621446035666, 6.550621446038011, 6.550621446037222, 6.550621446037262, 6.550621446035476, 6.550621446037257, 6.550621446040194, 6.550621446037335, 6.550621446039047, 6.550621446039149, 6.5506214460371455, 6.550621446037611, 6.550621446034381, 6.552014263390338, 6.552014263409608, 6.552014263388368, 6.552014263393163, 6.552014263396924, 6.552014263396133, 6.552014263406656, 6.552014263406398, 6.552014263406275, 6.552014263397242, 6.552014263397166, 6.552014263381621, 6.552014263390812, 6.552014263396659, 6.552014263396917, 6.552014263385996, 6.552014263397081, 6.552014263390033, 6.552014263391502, 6.552014263398957, 6.552014263392342, 6.552014263393067, 6.552014263392053, 6.552014263387656, 6.552014263391217, 6.5520142633974325, 6.552014263382649, 6.552014263382904, 6.552014263384927, 6.5520142633957885, 6.552014263390338, 6.552014263390127, 6.552014263389203, 6.552014263397222, 6.552014263387844, 6.5520142633995535, 6.552014263382988, 6.552014263383089, 6.552014263391965, 6.55201426338922, 6.5520142634012135, 6.552040856781933, 6.552040856752529, 6.552040856776961, 6.5520408567790245, 6.552040856770915, 6.552040856778548, 6.55204085675533, 6.552040856756216, 6.552040856756146, 6.55204085677237, 6.552040856768164, 6.552040856781777, 6.552040856771876, 6.55204085677842, 6.552040856768776, 6.552040856788457, 6.552040856767835, 6.552040856780973, 6.552040856778024, 6.552040856774246, 6.552040856779103, 6.552040856785469, 6.552040856781074, 6.552040856785766, 6.552040856780623, 6.552040856768583, 6.552040856795517, 6.552040856795792, 6.552040856790504, 6.552040856772262, 6.552040856781934, 6.552040856783219, 6.552040856776711, 6.552040856772232, 6.55204085679185, 6.552040856771207, 6.552040856794857, 6.552040856794928, 6.5520408567812325, 6.552040856783471, 6.5520408567668245, 6.5528944570436956, 6.552894457058988, 6.552894457046191, 6.552894457048815, 6.552894457057272, 6.552894457053531, 6.5528944570827345, 6.552894457082386, 6.552894457082246, 6.552894457056103, 6.552894457057543, 6.552894457030461, 6.552894457051802, 6.552894457053717, 6.552894457057568, 6.552894457032986, 6.552894457060028, 6.552894457042974, 6.552894457046047, 6.552894457058912, 6.552894457047865, 6.5528944570439345, 6.55289445704674, 6.5528944570388195, 6.552894457044898, 6.552894457058537, 6.5528944570282555, 6.552894457028457, 6.552894457032964, 6.552894457055383, 6.55289445704371, 6.552894457040554, 6.552894457044152, 6.552894457057218, 6.552894457036103, 6.552894457060768, 6.552894457028459, 6.55289445702856, 6.552894457046782, 6.552894457041215, 6.552894457067272, 6.553437712536587, 6.5534377125658985, 6.5534377125368435, 6.553437712531999, 6.55343771251966, 6.553437712528718, 6.553437712490984, 6.553437712492755, 6.553437712492673, 6.553437712518253, 6.553437712512691, 6.55343771253832, 6.553437712528719, 6.553437712528389, 6.553437712514909, 6.5534377125482655, 6.553437712515242, 6.553437712537233, 6.553437712533741, 6.55343771252135, 6.553437712533436, 6.553437712539185, 6.553437712534929, 6.55343771254167, 6.553437712535382, 6.553437712520424, 6.553437712553079, 6.553437712553292, 6.553437712544004, 6.553437712527618, 6.553437712536597, 6.5534377125347625, 6.553437712531385, 6.553437712522863, 6.553437712549385, 6.553437712518835, 6.55343771255662, 6.553437712556691, 6.553437712534226, 6.553437712539253, 6.553437712513452, 6.5536324301962186, 6.553632430175057, 6.553632430195701, 6.553632430200207, 6.553632430206447, 6.553632430206218, 6.55363243023911, 6.553632430239386, 6.553632430239274, 6.553632430223879, 6.553632430225648, 6.55363243019063, 6.553632430199348, 6.5536324302082845, 6.553632430216013, 6.55363243018644, 6.553632430221895, 6.553632430198431, 6.553632430202646, 6.5536324302119295, 6.553632430200797, 6.553632430197455, 6.553632430197943, 6.553632430193067, 6.55363243019568, 6.553632430210424, 6.553632430181406, 6.553632430181542, 6.553632430188151, 6.553632430205436, 6.55363243019623, 6.553632430193393, 6.553632430195936, 6.553632430212789, 6.553632430186357, 6.55363243021692, 6.553632430176551, 6.553632430176621, 6.553632430198929, 6.553632430193524, 6.553632430222115, 6.554990122803155, 6.5549901227701435, 6.554990122804656, 6.554990122798773, 6.554990122789711, 6.554990122794915, 6.554990122761444, 6.554990122763088, 6.554990122763011, 6.55499012278387, 6.554990122779285, 6.554990122805065, 6.554990122796483, 6.554990122791796, 6.554990122781248, 6.554990122811195, 6.5549901227832175, 6.554990122803566, 6.554990122798121, 6.554990122788083, 6.554990122797845, 6.554990122803879, 6.554990122801314, 6.5549901228066165, 6.554990122803034, 6.554990122787574, 6.554990122818966, 6.55499012281918, 6.5549901228091985, 6.5549901227956155, 6.554990122803158, 6.5549901228001906, 6.5549901227991345, 6.554990122793052, 6.554990122814351, 6.554990122787618, 6.554990122821098, 6.554990122821194, 6.554990122801583, 6.554990122804913, 6.554990122781965, 6.557633100380498, 6.5576331003935495, 6.557633100390058, 6.557633100386933, 6.557633100398228, 6.557633100388236, 6.55763310041799, 6.557633100418198, 6.557633100418049, 6.557633100387917, 6.557633100389374, 6.557633100366578, 6.55763310039267, 6.557633100389265, 6.557633100394851, 6.557633100369504, 6.557633100395684, 6.557633100380726, 6.557633100385661, 6.557633100392611, 6.557633100385862, 6.557633100376817, 6.557633100383516, 6.557633100375554, 6.55763310038203, 6.557633100394036, 6.557633100366456, 6.557633100366672, 6.557633100370716, 6.557633100391079, 6.5576331003804995, 6.557633100373524, 6.557633100382792, 6.557633100399353, 6.557633100369588, 6.5576331003972586, 6.5576331003655195, 6.557633100365623, 6.5576331003828745, 6.557633100378226, 6.557633100405194, 6.557417984713837, 6.557417984753508, 6.557417984703191, 6.557417984709099, 6.5574179846942675, 6.557417984708575, 6.557417984675411, 6.557417984677691, 6.557417984677634, 6.5574179847088185, 6.557417984704826, 6.557417984730247, 6.557417984695377, 6.557417984709997, 6.557417984700535, 6.557417984729028, 6.557417984700858, 6.5574179847146, 6.557417984711399, 6.557417984703151, 6.557417984713495, 6.557417984718126, 6.5574179847122185, 6.557417984719292, 6.5574179847126475, 6.557417984699059, 6.557417984729021, 6.5574179847293195, 6.557417984722906, 6.557417984703481, 6.557417984713844, 6.557417984716809, 6.55741798470569, 6.557417984699023, 6.557417984726933, 6.55741798469923, 6.557417984730221, 6.55741798473029, 6.557417984710054, 6.557417984717576, 6.5574179846875875, 6.558912429233967, 6.55891242921193, 6.558912429233855, 6.55891242924021, 6.558912429245139, 6.558912429239575, 6.558912429271306, 6.558912429271149, 6.558912429270908, 6.558912429252808, 6.5589124292551535, 6.5589124292281324, 6.55891242924127, 6.558912429242042, 6.558912429247252, 6.5589124292205465, 6.558912429252204, 6.558912429230473, 6.558912429233389, 6.55891242924867, 6.558912429232565, 6.5589124292320315, 6.55891242923603, 6.55891242923011, 6.558912429236755, 6.558912429247529, 6.558912429220044, 6.558912429220352, 6.5589124292244145, 6.558912429244192, 6.558912429233967, 6.558912429231167, 6.558912429234544, 6.558912429246353, 6.558912429228891, 6.55891242925206, 6.558912429217457, 6.558912429217598, 6.558912429237585, 6.558912429230656, 6.5589124292546535, 6.559277157078272, 6.559277157046608, 6.559277157077882, 6.559277157078191, 6.559277157070959, 6.559277157070105, 6.559277157042823, 6.55927715704415, 6.559277157043994, 6.5592771570526684, 6.559277157049293, 6.559277157078035, 6.559277157077225, 6.559277157070149, 6.5592771570593715, 6.5592771570841375, 6.559277157055871, 6.559277157075408, 6.559277157074251, 6.559277157065195, 6.559277157075391, 6.559277157075998, 6.5592771570785136, 6.559277157080868, 6.55927715708036, 6.559277157064919, 6.559277157092017, 6.55927715709234, 6.559277157084676, 6.559277157070097, 6.5592771570782755, 6.55927715707622, 6.559277157076509, 6.5592771570702055, 6.559277157086445, 6.559277157064143, 6.559277157095026, 6.559277157095149, 6.559277157076754, 6.5592771570801265, 6.559277157060235, 6.560249530288113, 6.560249530311866, 6.560249530284739, 6.5602495302933725, 6.560249530297462, 6.560249530293888, 6.5602495303188215, 6.560249530319476, 6.560249530319361, 6.560249530302303, 6.560249530304144, 6.560249530286451, 6.560249530292574, 6.560249530302349, 6.560249530305961, 6.5602495302827535, 6.560249530303927, 6.560249530290634, 6.560249530296836, 6.5602495303008785, 6.5602495302964, 6.560249530286671, 6.560249530291, 6.560249530285775, 6.560249530288783, 6.560249530300321, 6.560249530275412, 6.5602495302756, 6.560249530283551, 6.560249530292804, 6.56024953028811, 6.5602495302862796, 6.560249530289125, 6.560249530303892, 6.560249530277391, 6.560249530303474, 6.560249530273894, 6.5602495302739685, 6.560249530288584, 6.560249530287432, 6.560249530307258, 6.5609875410269245, 6.5609875410652, 6.560987541021542, 6.560987541024173, 6.560987541015704, 6.560987541020227, 6.560987540995512, 6.560987540997006, 6.56098754099693, 6.5609875410234215, 6.560987541021478, 6.560987541037749, 6.5609875410180445, 6.560987541022294, 6.560987541014049, 6.560987541033562, 6.56098754101393, 6.560987541026005, 6.560987541021015, 6.560987541017786, 6.56098754102046, 6.5609875410274965, 6.560987541024659, 6.560987541031131, 6.560987541028032, 6.560987541015937, 6.560987541038111, 6.5609875410383, 6.560987541032577, 6.560987541019698, 6.560987541026932, 6.560987541027035, 6.560987541021779, 6.5609875410156295, 6.560987541038139, 6.560987541016674, 6.5609875410391245, 6.5609875410391725, 6.560987541025603, 6.5609875410281076, 6.560987541006987, 6.561934474434359, 6.561934474407551, 6.561934474438558, 6.561934474437673, 6.561934474443038, 6.56193447443573, 6.561934474457287, 6.561934474457778, 6.56193447445768, 6.561934474443589, 6.5619344744461205, 6.561934474430816, 6.5619344744426655, 6.561934474438762, 6.561934474440371, 6.561934474424347, 6.561934474444211, 6.561934474432796, 6.5619344744319, 6.561934474443779, 6.561934474432156, 6.561934474430216, 6.561934474434877, 6.561934474431948, 6.5619344744368755, 6.56193447444443, 6.561934474423814, 6.561934474423933, 6.56193447442661, 6.561934474442067, 6.56193447443435, 6.561934474429087, 6.561934474435104, 6.561934474444056, 6.561934474430872, 6.561934474445989, 6.561934474424492, 6.561934474424548, 6.5619344744364785, 6.5619344744322, 6.56193447444611, 6.562295707088675, 6.562295707053657, 6.562295707087094, 6.562295707086326, 6.5622957070827646, 6.562295707084764, 6.562295707071121, 6.562295707073457, 6.562295707073426, 6.56229570707371, 6.56229570707281, 6.562295707093522, 6.562295707083756, 6.562295707088316, 6.56229570708162, 6.562295707097303, 6.562295707079392, 6.562295707090604, 6.562295707089753, 6.562295707081839, 6.562295707094269, 6.562295707086196, 6.562295707088979, 6.562295707091727, 6.562295707087663, 6.562295707081144, 6.56229570709624, 6.562295707096299, 6.56229570709568, 6.562295707080539, 6.562295707088673, 6.5622957070868555, 6.56229570708612, 6.562295707087565, 6.562295707089468, 6.5622957070804935, 6.562295707098761, 6.562295707098779, 6.562295707085476, 6.562295707091796, 6.562295707076028, 6.5646638254403396, 6.56466382546506, 6.5646638254422784, 6.564663825443923, 6.564663825448862, 6.564663825441591, 6.564663825457305, 6.564663825458496, 6.564663825458493, 6.564663825446417, 6.564663825448415, 6.56466382543732, 6.564663825445062, 6.564663825447982, 6.564663825447807, 6.564663825434882, 6.564663825450108, 6.564663825440766, 6.564663825444061, 6.564663825444006, 6.564663825443024, 6.564663825437351, 6.56466382544132, 6.564663825440082, 6.5646638254409035, 6.564663825447022, 6.564663825433456, 6.5646638254334775, 6.564663825438364, 6.564663825442136, 6.5646638254403324, 6.564663825437153, 6.5646638254410234, 6.5646638254509195, 6.564663825434063, 6.564663825448942, 6.564663825433155, 6.56466382543317, 6.564663825441177, 6.564663825439492, 6.5646638254513165, 6.564741650675976, 6.564741650713545, 6.564741650671176, 6.564741650674374, 6.564741650666287, 6.564741650668003, 6.564741650650006, 6.564741650651491, 6.564741650651494, 6.564741650674995, 6.564741650674996, 6.564741650684308, 6.564741650669077, 6.564741650670469, 6.564741650662198, 6.5647416506785925, 6.564741650669672, 6.564741650673604, 6.5647416506692, 6.564741650665692, 6.564741650666945, 6.564741650676863, 6.564741650673729, 6.564741650679285, 6.564741650678102, 6.564741650671439, 6.564741650680733, 6.564741650680738, 6.564741650675995, 6.5647416506746685, 6.56474165067598, 6.564741650676998, 6.564741650671723, 6.564741650664303, 6.5647416506873935, 6.564741650668708, 6.564741650685046, 6.5647416506850504, 6.5647416506762575, 6.56474165067584, 6.5647416506604594, 6.563912226867877, 6.563912226834269, 6.563912226861622, 6.563912226869388, 6.56391222687249, 6.563912226869922, 6.563912226891053, 6.563912226892115, 6.5639122268920715, 6.563912226879761, 6.5639122268825805, 6.563912226869387, 6.56391222686691, 6.563912226874929, 6.563912226875976, 6.563912226861112, 6.5639122268815955, 6.563912226868353, 6.563912226869324, 6.5639122268744625, 6.563912226869911, 6.563912226867052, 6.563912226868825, 6.563912226866848, 6.563912226868263, 6.563912226875885, 6.563912226859608, 6.563912226859655, 6.563912226866226, 6.563912226869606, 6.563912226867885, 6.563912226868889, 6.563912226866743, 6.56391222687677, 6.563912226863074, 6.563912226877769, 6.563912226859183, 6.563912226859209, 6.5639122268694745, 6.563912226866822, 6.56391222687927, 6.564413879328157, 6.564413879295357, 6.564413879330472, 6.564413879327058, 6.5644138793280264, 6.564413879323197, 6.5644138793109885, 6.564413879312827, 6.564413879312771, 6.564413879303138, 6.564413879302428, 6.56441387932415, 6.564413879330916, 6.564413879325147, 6.564413879316788, 6.564413879332404, 6.564413879313455, 6.5644138793286535, 6.564413879328967, 6.564413879316679, 6.56441387933204, 6.56441387932391, 6.564413879328946, 6.5644138793303615, 6.564413879328519, 6.564413879319569, 6.5644138793368985, 6.564413879337029, 6.564413879335783, 6.5644138793193125, 6.5644138793281535, 6.564413879325697, 6.564413879327645, 6.564413879327255, 6.5644138793281055, 6.5644138793180415, 6.5644138793404405, 6.564413879340492, 6.564413879326775, 6.564413879330244, 6.564413879319853, 6.566895910305448, 6.56689591032908, 6.566895910309843, 6.566895910310099, 6.5668959103170375, 6.566895910308485, 6.566895910327326, 6.566895910327891, 6.566895910327774, 6.566895910314021, 6.566895910316814, 6.566895910298725, 6.566895910316209, 6.566895910314539, 6.566895910313814, 6.566895910298743, 6.566895910315666, 6.566895910304605, 6.566895910309815, 6.566895910311258, 6.5668959103076485, 6.5668959103031, 6.566895910306041, 6.56689591030373, 6.5668959103076245, 6.566895910317973, 6.566895910292457, 6.566895910292579, 6.56689591029734, 6.566895910313506, 6.566895910305442, 6.566895910301638, 6.566895910306784, 6.566895910315473, 6.566895910299528, 6.566895910316395, 6.56689591029585, 6.566895910295919, 6.56689591030706, 6.566895910303976, 6.566895910320516, 6.565227013774251, 6.5652270138196265, 6.565227013763868, 6.565227013768264, 6.565227013755155, 6.56522701376794, 6.565227013734598, 6.565227013736317, 6.5652270137362505, 6.565227013779836, 6.565227013778431, 6.565227013790732, 6.565227013756712, 6.565227013768873, 6.565227013760799, 6.565227013787404, 6.565227013764232, 6.565227013773448, 6.565227013767455, 6.565227013760998, 6.565227013765853, 6.565227013778161, 6.565227013769643, 6.56522701378242, 6.565227013774018, 6.565227013760971, 6.565227013787848, 6.565227013788058, 6.565227013781933, 6.565227013765264, 6.565227013774251, 6.565227013778955, 6.5652270137656, 6.565227013754159, 6.565227013790816, 6.565227013761244, 6.565227013788754, 6.565227013788797, 6.56522701377261, 6.565227013775845, 6.565227013746243, 6.564005393606613, 6.564005393581875, 6.56400539361031, 6.56400539361265, 6.564005393626336, 6.564005393616201, 6.564005393658249, 6.564005393658102, 6.564005393657911, 6.564005393623999, 6.564005393628866, 6.5640053935947025, 6.564005393617998, 6.5640053936179665, 6.564005393625469, 6.564005393592502, 6.564005393630293, 6.564005393604564, 6.564005393610005, 6.564005393624754, 6.564005393609664, 6.564005393602643, 6.564005393607956, 6.564005393601237, 6.564005393608688, 6.564005393625266, 6.56400539358718, 6.564005393587411, 6.564005393596769, 6.564005393617534, 6.564005393606622, 6.564005393603842, 6.5640053936094525, 6.564005393629949, 6.564005393592569, 6.564005393629631, 6.564005393584816, 6.5640053935849485, 6.56400539361008, 6.564005393603489, 6.564005393635639, 6.55904107476253, 6.55904107471769, 6.559041074763145, 6.55904107475476, 6.559041074741893, 6.559041074748954, 6.559041074693236, 6.559041074695707, 6.559041074695586, 6.559041074712035, 6.559041074707343, 6.559041074764896, 6.559041074754209, 6.559041074742484, 6.559041074727264, 6.559041074782161, 6.559041074723454, 6.559041074761736, 6.559041074756959, 6.559041074735525, 6.559041074762685, 6.559041074759432, 6.559041074761447, 6.559041074768376, 6.559041074763059, 6.55904107473714, 6.559041074788501, 6.559041074788929, 6.559041074777497, 6.559041074745176, 6.5590410747625345, 6.559041074762349, 6.559041074758502, 6.559041074742591, 6.559041074775504, 6.559041074731707, 6.559041074796463, 6.559041074796609, 6.559041074757995, 6.559041074767769, 6.559041074723929, 6.553464561364249, 6.553464561354518, 6.553464561370892, 6.553464561379083, 6.553464561404272, 6.553464561385539, 6.553464561469697, 6.553464561468424, 6.553464561467981, 6.553464561410975, 6.553464561419151, 6.5534645613446205, 6.553464561384991, 6.553464561393965, 6.553464561409369, 6.55346456133762, 6.553464561413542, 6.553464561361369, 6.553464561380036, 6.553464561401449, 6.55346456137384, 6.55346456136122, 6.553464561368215, 6.553464561352777, 6.553464561366583, 6.553464561403463, 6.553464561323892, 6.5534645613242635, 6.553464561345398, 6.553464561385895, 6.553464561364244, 6.553464561360574, 6.553464561371346, 6.5534645614094345, 6.553464561334396, 6.5534645614102445, 6.55346456131824, 6.5534645613184885, 6.553464561371055, 6.553464561357921, 6.553464561429593, 6.531610757686804, 6.531610757762902, 6.531610757666153, 6.531610757665761, 6.531610757619933, 6.531610757662529, 6.531610757536851, 6.531610757539863, 6.531610757540063, 6.53161075765281, 6.531610757642302, 6.531610757729496, 6.5316107576376625, 6.531610757647947, 6.531610757623046, 6.531610757728922, 6.531610757626407, 6.531610757688946, 6.531610757664757, 6.5316107576371, 6.531610757666415, 6.531610757695707, 6.531610757678599, 6.531610757703954, 6.5316107576860905, 6.531610757634143, 6.53161075774141, 6.531610757742314, 6.531610757715292, 6.531610757654511, 6.5316107576868045, 6.53161075769834, 6.531610757667711, 6.531610757618122, 6.531610757736698, 6.531610757626979, 6.531610757749505, 6.531610757749575, 6.531610757680355, 6.5316107576940015, 6.531610757591687, 6.5297432566781, 6.529743256670403, 6.529743256701929, 6.5297432567040845, 6.529743256743354, 6.529743256710542, 6.529743256838549, 6.529743256835127, 6.529743256834182, 6.529743256729796, 6.529743256742241, 6.529743256634769, 6.52974325672785, 6.529743256719126, 6.529743256739934, 6.529743256631919, 6.529743256746091, 6.529743256674752, 6.529743256697911, 6.529743256733467, 6.529743256687828, 6.529743256669125, 6.529743256685344, 6.5297432566581275, 6.529743256684019, 6.52974325674101, 6.529743256613553, 6.529743256614024, 6.52974325664033, 6.52974325672033, 6.529743256678101, 6.5297432566654585, 6.529743256694744, 6.5297432567470075, 6.52974325663091, 6.529743256747963, 6.529743256608341, 6.529743256608868, 6.5297432566904705, 6.529743256666549, 6.5297432567812255, 6.54921617874818, 6.549216178696739, 6.549216178743052, 6.549216178736321, 6.549216178710131, 6.549216178726278, 6.54921617864081, 6.549216178643896, 6.549216178643921, 6.549216178686184, 6.549216178675826, 6.549216178758892, 6.549216178729889, 6.549216178719052, 6.549216178697651, 6.549216178779265, 6.5492161786885275, 6.549216178753327, 6.549216178741925, 6.549216178705179, 6.549216178747521, 6.549216178748831, 6.549216178745361, 6.549216178762264, 6.549216178749036, 6.549216178700574, 6.549216178797419, 6.549216178798676, 6.549216178779902, 6.549216178713507, 6.54921617874818, 6.549216178751576, 6.549216178740817, 6.549216178708871, 6.54921617877313, 6.5492161786981, 6.549216178801832, 6.549216178802115, 6.549216178741351, 6.5492161787565495, 6.549216178686306, 6.57102738909354, 6.5710273891301, 6.571027389081675, 6.571027389096136, 6.571027389088533, 6.571027389090982, 6.571027389104317, 6.571027389104821, 6.571027389104467, 6.5710273891120465, 6.571027389112298, 6.571027389099335, 6.5710273890910935, 6.571027389099982, 6.5710273890990125, 6.571027389094037, 6.571027389103077, 6.571027389095519, 6.57102738909936, 6.5710273891031035, 6.571027389096863, 6.571027389100595, 6.571027389093349, 6.571027389090541, 6.571027389087657, 6.5710273891071385, 6.571027389079299, 6.571027389080332, 6.57102738908306, 6.5710273891041515, 6.571027389093541, 6.571027389098729, 6.571027389092861, 6.571027389093888, 6.571027389095996, 6.5710273891004, 6.571027389087573, 6.57102738908791, 6.571027389094139, 6.57102738909352, 6.571027389099828, 6.561222371564604, 6.5612223715423985, 6.561222371565058, 6.561222371573173, 6.56122237159882, 6.561222371577911, 6.561222371646095, 6.561222371644219, 6.561222371643427, 6.56122237161209, 6.561222371618275, 6.5612223715513, 6.561222371577456, 6.561222371583775, 6.56122237159902, 6.561222371538306, 6.561222371605096, 6.5612223715635665, 6.561222371564659, 6.561222371596236, 6.561222371555878, 6.561222371564309, 6.561222371563647, 6.561222371554245, 6.561222371557485, 6.561222371591033, 6.561222371537188, 6.561222371538113, 6.561222371548069, 6.561222371583734, 6.5612223715646065, 6.561222371565167, 6.561222371567964, 6.561222371596229, 6.561222371551012, 6.56122237160306, 6.561222371526718, 6.561222371527205, 6.561222371573872, 6.5612223715560996, 6.56122237160989, 6.549013723551777, 6.5490137236033785, 6.549013723553079, 6.549013723532679, 6.549013723519603, 6.549013723533746, 6.549013723438408, 6.549013723441724, 6.549013723441789, 6.549013723487753, 6.549013723477005, 6.549013723566282, 6.549013723525841, 6.54901372352367, 6.549013723507156, 6.5490137235882955, 6.549013723494276, 6.549013723549143, 6.549013723537321, 6.549013723508704, 6.549013723549844, 6.5490137235497485, 6.549013723546995, 6.549013723566321, 6.549013723552589, 6.549013723496789, 6.5490137236084, 6.549013723609713, 6.549013723585911, 6.549013723515104, 6.54901372355177, 6.549013723553668, 6.549013723539961, 6.549013723512342, 6.549013723579126, 6.549013723501509, 6.549013723606118, 6.549013723606409, 6.5490137235423385, 6.549013723561794, 6.549013723478597, 6.560026857025704, 6.5600268570014375, 6.560026857030872, 6.560026857033902, 6.560026857041294, 6.560026857037134, 6.560026857092814, 6.560026857092792, 6.560026857092149, 6.560026857046535, 6.560026857052578, 6.56002685701204, 6.560026857048341, 6.560026857047522, 6.560026857053571, 6.560026857017435, 6.560026857062786, 6.560026857016065, 6.5600268570405085, 6.5600268570591025, 6.560026857042559, 6.560026857025283, 6.560026857032088, 6.560026857010405, 6.560026857017905, 6.560026857072328, 6.560026856977385, 6.560026856978277, 6.560026856990429, 6.560026857062965, 6.560026857025708, 6.560026857019652, 6.560026857033747, 6.560026857056467, 6.560026857003523, 6.560026857059254, 6.560026856992842, 6.560026856993427, 6.560026857026617, 6.560026857023903, 6.560026857066926, 6.568357282077452, 6.56835728203647, 6.568357282076465, 6.568357282077437, 6.568357282081931, 6.568357282077539, 6.568357282096505, 6.568357282096008, 6.568357282095136, 6.568357282105964, 6.568357282105365, 6.568357282070913, 6.568357282080038, 6.5683572820759135, 6.568357282078266, 6.568357282063397, 6.568357282086616, 6.568357282081733, 6.568357282073843, 6.568357282079628, 6.568357282066548, 6.568357282076975, 6.568357282075007, 6.568357282082878, 6.56835728207555, 6.5683572820690665, 6.568357282085729, 6.56835728208729, 6.5683572820895, 6.56835728206624, 6.568357282077452, 6.568357282075716, 6.568357282079265, 6.568357282083893, 6.56835728207578, 6.568357282087249, 6.568357282068413, 6.568357282069119, 6.568357282082828, 6.56835728207291, 6.568357282089613, 6.5622900240096, 6.5622900239591155, 6.562290024005002, 6.562290023998091, 6.5622900239849455, 6.562290023996784, 6.562290023932028, 6.5622900239340565, 6.562290023933868, 6.5622900239804505, 6.562290023972597, 6.562290024022667, 6.562290023990461, 6.562290023990062, 6.562290023975442, 6.562290024029153, 6.562290023971806, 6.562290024012654, 6.5622900240029285, 6.562290023976446, 6.562290024007838, 6.562290024012297, 6.562290024007854, 6.562290024022934, 6.562290024010489, 6.562290023973022, 6.562290024047205, 6.562290024049176, 6.562290024036249, 6.562290023981066, 6.562290024009592, 6.562290024011447, 6.562290024002623, 6.5622900239793545, 6.562290024028168, 6.562290023976615, 6.562290024045054, 6.562290024045595, 6.562290024004321, 6.562290024015363, 6.562290023966655, 6.5589965174413924, 6.5589965174684135, 6.558996517443888, 6.558996517450662, 6.5589965174608205, 6.5589965174520515, 6.558996517506034, 6.558996517505059, 6.558996517503997, 6.558996517459443, 6.558996517466542, 6.558996517434003, 6.558996517461663, 6.55899651746196, 6.558996517464718, 6.558996517429183, 6.5589965174764195, 6.558996517433604, 6.558996517452963, 6.55899651747187, 6.558996517455748, 6.558996517444588, 6.558996517449142, 6.5589965174227896, 6.558996517449671, 6.558996517496555, 6.558996517384485, 6.5589965173858396, 6.558996517397828, 6.5589965174866744, 6.558996517441386, 6.558996517437267, 6.558996517447893, 6.558996517466168, 6.558996517423993, 6.558996517475007, 6.5589965174086355, 6.558996517409605, 6.558996517443534, 6.558996517438631, 6.558996517485461, 6.565394240972442, 6.565394241025051, 6.565394240966062, 6.565394240966403, 6.565394240973529, 6.5653942409709725, 6.565394240958706, 6.565394240958261, 6.565394240957313, 6.565394240967834, 6.565394240964903, 6.565394240978178, 6.565394240959589, 6.565394240963466, 6.565394240961752, 6.565394240967933, 6.565394240961714, 6.565394240974292, 6.565394240959621, 6.565394240961865, 6.565394240961278, 6.5653942409731085, 6.565394240969344, 6.565394240979227, 6.565394240973396, 6.565394240950389, 6.565394240994806, 6.565394240997089, 6.565394240991798, 6.565394240952795, 6.565394240972435, 6.565394240975813, 6.565394240968, 6.565394240964496, 6.565394240980624, 6.565394240965427, 6.565394240981621, 6.565394240982606, 6.56539424097497, 6.565394240971135, 6.565394240961423, 6.566488384523509, 6.566488384567853, 6.566488384523126, 6.566488384519227, 6.56648838452316, 6.566488384522474, 6.566488384501368, 6.5664883845017314, 6.566488384501056, 6.566488384506233, 6.566488384501484, 6.5664883845237, 6.5664883845166, 6.566488384519701, 6.566488384514037, 6.566488384527874, 6.566488384506621, 6.566488384524518, 6.56648838451977, 6.56648838450882, 6.5664883845217314, 6.566488384522211, 6.566488384521044, 6.566488384533975, 6.566488384522731, 6.566488384497527, 6.566488384549929, 6.566488384552378, 6.566488384547301, 6.566488384499001, 6.566488384523513, 6.566488384523406, 6.566488384521486, 6.5664883845165685, 6.566488384526536, 6.566488384511494, 6.566488384537825, 6.5664883845388315, 6.56648838452264, 6.566488384525021, 6.566488384509622, 6.563735785320577, 6.563735785334198, 6.563735785334543, 6.563735785336158, 6.563735785336438, 6.5637357853308975, 6.563735785373945, 6.563735785373411, 6.563735785372488, 6.5637357853346545, 6.56373578533913, 6.563735785303309, 6.563735785349928, 6.56373578534639, 6.563735785345651, 6.563735785316809, 6.563735785350012, 6.563735785316404, 6.563735785339711, 6.5637357853463785, 6.563735785337356, 6.563735785320424, 6.563735785326235, 6.563735785309329, 6.563735785328242, 6.56373578536799, 6.563735785271751, 6.563735785273593, 6.563735785283408, 6.563735785358813, 6.563735785320577, 6.563735785311023, 6.563735785330833, 6.563735785342635, 6.563735785301913, 6.563735785349061, 6.563735785293083, 6.563735785294324, 6.563735785320166, 6.563735785319521, 6.563735785358024, 6.564735527170222, 6.564735527114948, 6.564735527157616, 6.5647355271613375, 6.56473552713772, 6.564735527157219, 6.564735527101791, 6.56473552710224, 6.564735527102285, 6.564735527166833, 6.5647355271607735, 6.564735527192197, 6.564735527146093, 6.564735527150933, 6.564735527142241, 6.5647355271854995, 6.564735527145214, 6.564735527179279, 6.56473552715519, 6.564735527149344, 6.564735527157301, 6.564735527177893, 6.5647355271639345, 6.56473552717867, 6.564735527164373, 6.564735527149456, 6.564735527191467, 6.564735527194631, 6.564735527179081, 6.5647355271594146, 6.56473552717022, 6.564735527176834, 6.564735527161433, 6.564735527133723, 6.564735527199779, 6.564735527145933, 6.5647355271968815, 6.564735527197765, 6.564735527167058, 6.564735527173297, 6.564735527123005, 6.570034498349938, 6.570034498319936, 6.570034498355214, 6.570034498354414, 6.570034498371585, 6.570034498353026, 6.570034498381701, 6.5700344983807355, 6.57003449837945, 6.570034498370876, 6.570034498369764, 6.570034498336286, 6.570034498348899, 6.570034498354205, 6.570034498361816, 6.570034498333921, 6.570034498359789, 6.570034498357828, 6.570034498346274, 6.570034498353392, 6.570034498339138, 6.570034498344484, 6.570034498346889, 6.5700344983515935, 6.57003449834707, 6.570034498337447, 6.570034498362649, 6.570034498365639, 6.5700344983704415, 6.570034498330417, 6.570034498349935, 6.57003449835093, 6.570034498351972, 6.570034498367218, 6.5700344983441425, 6.57003449836109, 6.570034498339928, 6.570034498341318, 6.570034498355982, 6.570034498345156, 6.57003449836533, 6.5702339832841705, 6.570233983264242, 6.570233983290694, 6.570233983292004, 6.570233983296252, 6.570233983291341, 6.570233983317362, 6.570233983318477, 6.570233983317916, 6.570233983273288, 6.570233983274436, 6.57023398327014, 6.570233983294516, 6.570233983302547, 6.570233983304034, 6.570233983290084, 6.5702339833003505, 6.570233983278141, 6.5702339833017005, 6.570233983300814, 6.570233983309358, 6.570233983280407, 6.5702339832920265, 6.570233983271197, 6.570233983278486, 6.570233983311286, 6.570233983256233, 6.570233983258499, 6.570233983268547, 6.570233983300523, 6.570233983284163, 6.570233983282726, 6.570233983289891, 6.570233983308233, 6.570233983264533, 6.570233983297727, 6.570233983272016, 6.570233983273203, 6.570233983280356, 6.570233983287399, 6.570233983306476, 6.565307183225749, 6.565307183282738, 6.565307183215912, 6.565307183214544, 6.565307183188789, 6.565307183212592, 6.565307183149519, 6.5653071831505265, 6.565307183150292, 6.565307183194182, 6.565307183188143, 6.565307183245581, 6.565307183204561, 6.565307183201442, 6.565307183192453, 6.565307183244762, 6.565307183195255, 6.565307183225045, 6.565307183209484, 6.565307183202857, 6.56530718321978, 6.565307183229333, 6.5653071832236085, 6.565307183227858, 6.565307183219144, 6.56530718320912, 6.565307183242942, 6.565307183245779, 6.5653071832280325, 6.565307183221389, 6.565307183225742, 6.565307183231356, 6.565307183216963, 6.565307183191128, 6.565307183251952, 6.565307183197439, 6.56530718325736, 6.565307183258292, 6.565307183220577, 6.56530718323067, 6.565307183176528, 6.567255897059731, 6.567255897082415, 6.567255897073221, 6.567255897071782, 6.5672558970906145, 6.567255897063988, 6.5672558971266435, 6.5672558971233865, 6.5672558971213, 6.567255897105383, 6.567255897108127, 6.56725589703765, 6.567255897079621, 6.567255897065789, 6.567255897079138, 6.567255897024584, 6.567255897086186, 6.567255897062307, 6.567255897053971, 6.567255897076244, 6.567255897035172, 6.5672558970526955, 6.567255897056257, 6.5672558970564285, 6.567255897067758, 6.567255897069185, 6.567255897050071, 6.567255897052542, 6.567255897057262, 6.567255897064343, 6.567255897059734, 6.567255897053789, 6.567255897066907, 6.567255897085931, 6.567255897051725, 6.567255897091844, 6.567255897028197, 6.567255897029729, 6.567255897072542, 6.567255897048077, 6.567255897102583, 6.571934819512743, 6.571934819468157, 6.571934819493796, 6.571934819508579, 6.571934819492427, 6.571934819513065, 6.5719348194931335, 6.571934819495583, 6.571934819495693, 6.571934819512852, 6.571934819508055, 6.57193481953242, 6.571934819494462, 6.571934819525685, 6.571934819522046, 6.571934819536116, 6.5719348195061915, 6.571934819501489, 6.571934819530778, 6.571934819510998, 6.571934819535401, 6.571934819520577, 6.571934819516339, 6.571934819518464, 6.571934819513905, 6.571934819508661, 6.571934819516633, 6.571934819519028, 6.57193481952181, 6.571934819503288, 6.571934819512751, 6.571934819520627, 6.571934819508232, 6.571934819507961, 6.5719348195104335, 6.571934819503606, 6.57193481952236, 6.571934819522932, 6.571934819505332, 6.571934819519676, 6.571934819503942, 6.572678533224762, 6.572678533186235, 6.572678533234608, 6.572678533222691, 6.57267853321571, 6.572678533217732, 6.572678533196542, 6.572678533196855, 6.572678533195767, 6.572678533192661, 6.572678533188837, 6.572678533223278, 6.572678533235605, 6.572678533213102, 6.572678533205283, 6.572678533230821, 6.572678533202318, 6.572678533222136, 6.57267853322203, 6.572678533214519, 6.572678533226412, 6.572678533221606, 6.572678533225907, 6.57267853322588, 6.572678533233073, 6.572678533221759, 6.5726785332277196, 6.572678533230475, 6.572678533219829, 6.572678533228558, 6.572678533224751, 6.572678533217115, 6.5726785332255275, 6.572678533211203, 6.572678533232078, 6.572678533211374, 6.572678533241034, 6.572678533242448, 6.572678533222862, 6.572678533226786, 6.572678533212603, 6.570583131272814, 6.570583131302335, 6.570583131287716, 6.570583131279242, 6.5705831313013, 6.570583131278469, 6.570583131326741, 6.570583131324588, 6.570583131322249, 6.570583131293558, 6.5705831312968055, 6.570583131257781, 6.570583131291348, 6.570583131273811, 6.570583131282569, 6.570583131247978, 6.570583131292298, 6.570583131272386, 6.570583131265332, 6.57058313128816, 6.570583131257699, 6.570583131265572, 6.57058313127243, 6.5705831312677505, 6.570583131280351, 6.57058313128507, 6.570583131259962, 6.570583131262813, 6.570583131264753, 6.570583131282841, 6.570583131272823, 6.570583131265119, 6.570583131276437, 6.570583131291106, 6.570583131266952, 6.570583131296327, 6.570583131250544, 6.57058313125251, 6.570583131281386, 6.5705831312650655, 6.570583131303606, 6.569500449205908, 6.569500449265749, 6.5695004491760525, 6.569500449194443, 6.569500449182422, 6.569500449207089, 6.569500449170594, 6.569500449173154, 6.569500449173517, 6.569500449210817, 6.569500449207441, 6.569500449240071, 6.5695004491658455, 6.569500449209923, 6.569500449209172, 6.569500449231157, 6.569500449203131, 6.569500449198457, 6.569500449210327, 6.569500449199086, 6.5695004492187286, 6.569500449217072, 6.569500449207771, 6.569500449215352, 6.569500449206997, 6.569500449191289, 6.56950044922034, 6.569500449223721, 6.569500449223397, 6.569500449188422, 6.569500449205921, 6.569500449222184, 6.569500449192855, 6.5695004491903335, 6.56950044921479, 6.569500449192833, 6.569500449219551, 6.569500449220275, 6.5695004491985385, 6.569500449212721, 6.569500449178367, 6.575058983805714, 6.575058983778856, 6.575058983822243, 6.575058983813114, 6.575058983820746, 6.5750589838017826, 6.575058983817119, 6.575058983815822, 6.575058983813603, 6.575058983795393, 6.575058983796837, 6.575058983784888, 6.575058983831749, 6.5750589837969295, 6.57505898379492, 6.575058983792666, 6.575058983808043, 6.575058983810555, 6.575058983803838, 6.575058983806236, 6.575058983796604, 6.575058983800455, 6.575058983806898, 6.575058983800712, 6.575058983794498, 6.57505898381897, 6.575058983791769, 6.5750589837954765, 6.575058983791397, 6.575058983819991, 6.575058983805709, 6.575058983796203, 6.575058983813718, 6.575058983811677, 6.575058983803544, 6.575058983814997, 6.575058983798523, 6.575058983801065, 6.57505898380961, 6.575058983801853, 6.5750589838181135, 6.576002671014041, 6.576002670979882, 6.5760026710195705, 6.576002671016848, 6.576002671019027, 6.576002671011637, 6.576002671015187, 6.576002671015177, 6.576002671013838, 6.576002671008567, 6.576002671008134, 6.576002671004257, 6.576002671023732, 6.57600267101165, 6.576002671009132, 6.576002671012503, 6.576002671013339, 6.576002671017549, 6.576002671018395, 6.576002671012009, 6.576002671014519, 6.576002671012424, 6.576002671014966, 6.576002671014043, 6.576002671006931, 6.576002671016363, 6.576002671011069, 6.576002671015139, 6.576002671014739, 6.576002671013144, 6.576002671014045, 6.576002671010568, 6.576002671018078, 6.57600267101774, 6.576002671010834, 6.576002671016203, 6.576002671013284, 6.576002671015531, 6.57600267101426, 6.576002671013818, 6.5760026710166235, 6.576232436463476, 6.5762324364207325, 6.576232436448545, 6.576232436459004, 6.576232436454862, 6.5762324364665945, 6.576232436450591, 6.576232436452527, 6.576232436452956, 6.576232436473509, 6.576232436471107, 6.576232436478198, 6.5762324364406375, 6.576232436474374, 6.576232436473925, 6.576232436481297, 6.576232436464654, 6.576232436462729, 6.576232436473404, 6.576232436460321, 6.576232436476633, 6.576232436469488, 6.576232436464087, 6.576232436470754, 6.576232436463118, 6.576232436453219, 6.576232436473364, 6.576232436477602, 6.576232436481857, 6.576232436445358, 6.576232436463476, 6.576232436472695, 6.5762324364570235, 6.576232436460305, 6.576232436463614, 6.5762324364573, 6.5762324364700095, 6.576232436471273, 6.576232436458061, 6.576232436468559, 6.576232436449574, 6.572671050828595, 6.5726710508795385, 6.572671050833071, 6.5726710508260755, 6.572671050824873, 6.572671050826875, 6.572671050842958, 6.572671050840756, 6.5726710508385535, 6.572671050843118, 6.572671050845736, 6.572671050829849, 6.572671050830831, 6.572671050817525, 6.572671050822448, 6.572671050817109, 6.5726710508373785, 6.572671050829594, 6.572671050810864, 6.572671050836512, 6.572671050810862, 6.572671050827709, 6.572671050824009, 6.572671050822601, 6.572671050818925, 6.572671050840455, 6.572671050815767, 6.572671050819993, 6.572671050814477, 6.572671050843386, 6.57267105082859, 6.572671050825478, 6.572671050826526, 6.5726710508242645, 6.572671050839764, 6.572671050839018, 6.572671050820015, 6.572671050822792, 6.572671050832732, 6.572671050824694, 6.572671050824772, 6.5734175730882365, 6.573417573128809, 6.5734175730998965, 6.573417573088377, 6.573417573094597, 6.573417573088077, 6.5734175730958, 6.573417573094443, 6.573417573092444, 6.57341757306926, 6.573417573069135, 6.573417573076012, 6.573417573102197, 6.57341757308477, 6.573417573083106, 6.573417573083251, 6.573417573082419, 6.57341757308364, 6.57341757308634, 6.573417573087376, 6.573417573087302, 6.573417573082815, 6.573417573087566, 6.573417573083336, 6.57341757309594, 6.5734175730924935, 6.573417573083159, 6.573417573087434, 6.573417573084582, 6.573417573091559, 6.5734175730882365, 6.57341757308116, 6.573417573092095, 6.573417573094015, 6.5734175730839475, 6.573417573090828, 6.573417573087913, 6.573417573090821, 6.573417573089339, 6.573417573087518, 6.573417573092016, 6.574755671335524, 6.574755671371785, 6.5747556713265825, 6.57475567133526, 6.574755671338172, 6.574755671339476, 6.574755671322835, 6.574755671324228, 6.574755671324461, 6.574755671320394, 6.574755671316415, 6.5747556713355415, 6.574755671329364, 6.574755671352764, 6.574755671347529, 6.5747556713518, 6.574755671323922, 6.574755671327502, 6.574755671357854, 6.574755671326985, 6.574755671358257, 6.574755671338186, 6.574755671338282, 6.574755671340606, 6.574755671336553, 6.5747556713261, 6.574755671344466, 6.574755671349, 6.574755671354254, 6.574755671316042, 6.574755671335516, 6.574755671340298, 6.574755671336396, 6.574755671343052, 6.57475567132235, 6.574755671327714, 6.574755671343916, 6.574755671345691, 6.574755671329754, 6.574755671341226, 6.574755671335502, 6.574608028331175, 6.574608028282473, 6.574608028325026, 6.574608028333054, 6.574608028326594, 6.574608028325515, 6.574608028336941, 6.574608028333765, 6.574608028331761, 6.5746080283577815, 6.5746080283586155, 6.574608028333803, 6.574608028332777, 6.574608028324233, 6.5746080283270425, 6.574608028318691, 6.574608028335022, 6.574608028334575, 6.574608028321689, 6.5746080283342545, 6.574608028311798, 6.574608028335434, 6.5746080283259065, 6.574608028329473, 6.574608028343083, 6.574608028341569, 6.574608028319894, 6.574608028325152, 6.574608028319625, 6.57460802834289, 6.574608028331179, 6.5746080283326584, 6.574608028331302, 6.574608028322989, 6.57460802834444, 6.574608028341455, 6.57460802832178, 6.574608028324934, 6.574608028336862, 6.574608028326104, 6.574608028332692, 6.575916687344398, 6.575916687295382, 6.575916687343329, 6.575916687342837, 6.575916687338246, 6.575916687342945, 6.575916687347232, 6.575916687345413, 6.575916687343796, 6.575916687352426, 6.575916687352182, 6.575916687346064, 6.57591668734286, 6.57591668733706, 6.575916687338567, 6.575916687339378, 6.575916687345306, 6.57591668734764, 6.575916687333714, 6.575916687345175, 6.575916687334732, 6.575916687343772, 6.575916687341395, 6.575916687345663, 6.57591668735222, 6.575916687346153, 6.575916687342136, 6.57591668734755, 6.575916687342357, 6.575916687347125, 6.575916687344393, 6.575916687344194, 6.575916687342294, 6.575916687335745, 6.575916687354103, 6.575916687347769, 6.5759166873424775, 6.575916687345868, 6.575916687346707, 6.575916687342701, 6.575916687338672, 6.576516510421865, 6.576516510394219, 6.576516510429359, 6.576516510422615, 6.576516510433827, 6.576516510433037, 6.576516510429483, 6.576516510431475, 6.576516510431647, 6.576516510395358, 6.57651651039284, 6.576516510412767, 6.576516510422794, 6.576516510438278, 6.57651651043473, 6.576516510437235, 6.576516510421386, 6.576516510418485, 6.576516510438987, 6.576516510419929, 6.576516510450662, 6.576516510415356, 6.576516510427905, 6.57651651042587, 6.576516510424594, 6.576516510416329, 6.576516510427204, 6.576516510432081, 6.576516510438541, 6.576516510406202, 6.5765165104218575, 6.576516510419792, 6.576516510422123, 6.576516510434804, 6.576516510403443, 6.576516510418142, 6.5765165104267025, 6.576516510429458, 6.576516510415056, 6.57651651042843, 6.576516510427313, 6.577706055048648, 6.577706055094289, 6.577706055052205, 6.57770605504835, 6.577706055043521, 6.577706055043884, 6.577706055040555, 6.577706055038755, 6.5777060550367095, 6.577706055047095, 6.577706055047187, 6.577706055050475, 6.577706055051746, 6.577706055035846, 6.577706055034967, 6.577706055044232, 6.577706055047794, 6.577706055050188, 6.5777060550391315, 6.577706055047463, 6.577706055039099, 6.577706055048863, 6.5777060550471775, 6.577706055042919, 6.577706055037546, 6.577706055061571, 6.577706055035038, 6.577706055040759, 6.57770605503177, 6.577706055065752, 6.577706055048647, 6.577706055045979, 6.577706055048189, 6.577706055038731, 6.577706055060211, 6.577706055051367, 6.577706055047736, 6.577706055051699, 6.577706055050256, 6.57770605504695, 6.577706055042914, 6.577248114987692, 6.577248115037095, 6.5772481149790565, 6.577248114987239, 6.577248114986947, 6.577248114983285, 6.57724811498721, 6.57724811498552, 6.577248114983802, 6.577248115015015, 6.577248115014025, 6.577248114995292, 6.577248114977253, 6.57724811498154, 6.577248114986142, 6.577248114979309, 6.577248114994395, 6.577248114988734, 6.577248114982422, 6.577248114986157, 6.577248114972513, 6.577248114991839, 6.577248114983485, 6.5772481149886115, 6.577248114979414, 6.577248114987614, 6.577248114987198, 6.57724811499334, 6.5772481149894855, 6.577248114986678, 6.5772481149877, 6.577248114992523, 6.577248114985694, 6.577248114985299, 6.577248114996884, 6.57724811499516, 6.5772481149805255, 6.577248114984107, 6.5772481149920985, 6.577248114983601, 6.577248114988919, 6.5802593278235735, 6.5802593278507855, 6.580259327824692, 6.5802593278273225, 6.580259327837111, 6.580259327829257, 6.580259327831687, 6.580259327833183, 6.5802593278331605, 6.580259327818993, 6.580259327815245, 6.58025932781509, 6.58025932782327, 6.580259327839116, 6.580259327838408, 6.580259327831356, 6.580259327826809, 6.580259327821019, 6.580259327843679, 6.580259327820631, 6.5802593278411825, 6.580259327820994, 6.580259327826821, 6.58025932782941, 6.580259327823434, 6.580259327815092, 6.580259327831777, 6.580259327837481, 6.580259327843536, 6.58025932780468, 6.580259327823566, 6.580259327824487, 6.580259327826372, 6.580259327840293, 6.58025932780658, 6.580259327824635, 6.580259327822553, 6.580259327825557, 6.5802593278206585, 6.5802593278264165, 6.5802593278361785, 6.577563558028762, 6.577563557976334, 6.57756355802986, 6.577563558024378, 6.5775635580059495, 6.57756355802433, 6.577563558007158, 6.577563558006384, 6.577563558005002, 6.5775635580080705, 6.577563558005794, 6.577563558035683, 6.57756355803014, 6.57756355801545, 6.577563558010755, 6.577563558034912, 6.577563558020234, 6.577563558026082, 6.577563558019897, 6.57756355802706, 6.577563558028263, 6.577563558028858, 6.577563558029035, 6.577563558025011, 6.577563558019317, 6.577563558037827, 6.577563558019032, 6.5775635580248535, 6.577563558012993, 6.5775635580445675, 6.577563558028756, 6.577563558025223, 6.577563558026846, 6.577563558011648, 6.577563558040042, 6.577563558021488, 6.5775635580385305, 6.5775635580427165, 6.577563558026227, 6.577563558030908, 6.577563558011487, 6.578407205590075, 6.578407205547943, 6.578407205599413, 6.578407205592894, 6.578407205600981, 6.578407205591875, 6.578407205626895, 6.578407205624713, 6.578407205621657, 6.5784072056064495, 6.5784072056073155, 6.5784072055828995, 6.5784072056005884, 6.578407205588245, 6.578407205594305, 6.578407205575826, 6.578407205605705, 6.578407205588227, 6.5784072055823195, 6.578407205601766, 6.578407205578394, 6.578407205585354, 6.5784072055877525, 6.5784072055856875, 6.578407205596681, 6.578407205600856, 6.5784072055784435, 6.578407205584261, 6.578407205582927, 6.578407205599426, 6.578407205590085, 6.578407205584303, 6.578407205591325, 6.578407205598601, 6.578407205589857, 6.578407205607345, 6.578407205573722, 6.578407205578706, 6.578407205595806, 6.578407205584896, 6.5784072056067275, 6.58082972637797, 6.580829726334502, 6.580829726363587, 6.5808297263740165, 6.580829726376093, 6.580829726380314, 6.580829726355209, 6.580829726356443, 6.580829726357625, 6.580829726378707, 6.5808297263725, 6.580829726390091, 6.5808297263587505, 6.580829726389275, 6.580829726387134, 6.580829726391554, 6.58082972636741, 6.580829726376529, 6.580829726389365, 6.58082972636833, 6.580829726389704, 6.5808297263829125, 6.580829726378429, 6.580829726387865, 6.580829726377772, 6.580829726358414, 6.580829726397189, 6.580829726403544, 6.580829726404316, 6.5808297263519675, 6.58082972637797, 6.580829726386729, 6.580829726372376, 6.580829726375169, 6.580829726376263, 6.580829726366056, 6.580829726389972, 6.580829726392805, 6.58082972637379, 6.580829726382215, 6.580829726368796, 6.581884869371497, 6.581884869412164, 6.581884869375143, 6.581884869375139, 6.581884869373931, 6.581884869367227, 6.581884869377893, 6.581884869375407, 6.581884869373203, 6.581884869372798, 6.581884869372349, 6.5818848693658705, 6.58188486938535, 6.581884869366912, 6.58188486936565, 6.581884869365202, 6.581884869371081, 6.58188486937049, 6.581884869369871, 6.581884869375973, 6.581884869364809, 6.581884869372057, 6.581884869370975, 6.581884869364269, 6.5818848693823035, 6.581884869388067, 6.581884869353692, 6.5818848693599765, 6.581884869353489, 6.5818848693899845, 6.5818848693715, 6.581884869367556, 6.581884869374836, 6.581884869370301, 6.581884869375373, 6.581884869379588, 6.581884869364752, 6.581884869370091, 6.581884869373908, 6.581884869368901, 6.581884869378181, 6.581865402388704, 6.581865402435187, 6.581865402390271, 6.581865402388636, 6.58186540238605, 6.581865402386457, 6.581865402390269, 6.581865402388472, 6.581865402387182, 6.581865402384768, 6.581865402383383, 6.581865402384901, 6.581865402393774, 6.581865402383601, 6.581865402383189, 6.581865402386748, 6.581865402387038, 6.581865402388392, 6.581865402384421, 6.581865402389705, 6.581865402384857, 6.5818654023873915, 6.581865402387992, 6.581865402386918, 6.581865402395792, 6.5818654023929275, 6.581865402383475, 6.581865402389736, 6.581865402383951, 6.581865402394345, 6.581865402388715, 6.581865402386729, 6.581865402389802, 6.581865402387481, 6.581865402390688, 6.58186540239237, 6.5818654023864775, 6.581865402391798, 6.581865402389279, 6.58186540238793, 6.581865402387003, 6.583136389941685, 6.583136389982323, 6.583136389937603, 6.583136389939874, 6.583136389945276, 6.583136389946324, 6.58313638994075, 6.583136389941526, 6.583136389942875, 6.583136389940684, 6.583136389937004, 6.583136389940534, 6.583136389932061, 6.583136389951831, 6.583136389952742, 6.583136389951251, 6.583136389941164, 6.583136389943459, 6.583136389949454, 6.583136389938703, 6.583136389952956, 6.583136389940457, 6.583136389942698, 6.583136389949662, 6.583136389942281, 6.58313638992815, 6.583136389954548, 6.583136389960812, 6.583136389963071, 6.583136389921855, 6.583136389941683, 6.583136389945607, 6.5831363899397735, 6.583136389949159, 6.583136389933038, 6.583136389939684, 6.583136389943879, 6.58313638994803, 6.5831363899380655, 6.583136389944958, 6.583136389938818, 6.58714612293728, 6.587146122904481, 6.587146122945958, 6.587146122942214, 6.587146122945105, 6.587146122935821, 6.587146122952557, 6.587146122950385, 6.587146122949045, 6.587146122946475, 6.587146122947059, 6.587146122928344, 6.587146122948495, 6.587146122935196, 6.587146122936696, 6.587146122932111, 6.587146122944354, 6.587146122940911, 6.587146122933182, 6.587146122942876, 6.587146122929947, 6.587146122935614, 6.587146122936622, 6.587146122931651, 6.5871461229279396, 6.587146122952237, 6.587146122921274, 6.58714612292787, 6.587146122922755, 6.587146122953493, 6.5871461229372805, 6.587146122933106, 6.587146122939772, 6.587146122939478, 6.587146122940235, 6.587146122949094, 6.5871461229265265, 6.587146122932495, 6.587146122939569, 6.587146122934658, 6.5871461229429915, 6.585308326560338, 6.585308326507047, 6.5853083265483185, 6.585308326553933, 6.585308326537069, 6.585308326555266, 6.585308326520421, 6.585308326519455, 6.585308326520502, 6.585308326556445, 6.585308326552758, 6.585308326578657, 6.585308326542946, 6.58530832655138, 6.585308326547146, 6.585308326570583, 6.585308326545994, 6.585308326561743, 6.5853083265523, 6.585308326550387, 6.585308326557797, 6.585308326567773, 6.585308326559607, 6.5853083265606775, 6.585308326552624, 6.58530832655748, 6.585308326562494, 6.5853083265693, 6.585308326558227, 6.585308326562585, 6.585308326560332, 6.585308326566471, 6.58530832655384, 6.5853083265388515, 6.585308326576054, 6.585308326546822, 6.585308326575474, 6.585308326579944, 6.5853083265571435, 6.585308326563165, 6.585308326533073, 6.584601111437911, 6.5846011114576735, 6.584601111457896, 6.5846011114470935, 6.58460111147642, 6.584601111444689, 6.584601111496495, 6.584601111496166, 6.584601111494637, 6.584601111448318, 6.584601111448826, 6.584601111410186, 6.584601111456795, 6.584601111452156, 6.584601111458004, 6.584601111425506, 6.584601111458113, 6.584601111436765, 6.584601111449889, 6.584601111447629, 6.584601111441241, 6.584601111427451, 6.584601111439765, 6.584601111436019, 6.584601111436541, 6.5846011114424075, 6.584601111432456, 6.584601111438563, 6.584601111448619, 6.5846011114305405, 6.584601111437919, 6.584601111430158, 6.58460111144578, 6.584601111472337, 6.584601111414291, 6.584601111460878, 6.584601111414152, 6.584601111419904, 6.584601111442735, 6.584601111433805, 6.584601111475997, 6.584366433263201, 6.5843664333226055, 6.584366433240863, 6.584366433252726, 6.584366433224152, 6.5843664332610725, 6.584366433200867, 6.584366433201709, 6.5843664332043135, 6.584366433244401, 6.584366433238333, 6.584366433291594, 6.584366433234218, 6.584366433257764, 6.584366433249268, 6.5843664332837335, 6.584366433241367, 6.584366433260981, 6.5843664332602545, 6.5843664332462, 6.584366433271379, 6.584366433274092, 6.584366433265027, 6.584366433269788, 6.584366433260621, 6.584366433249874, 6.584366433276137, 6.584366433282266, 6.5843664332721765, 6.5843664332541225, 6.5843664332632, 6.584366433273793, 6.584366433253638, 6.584366433236014, 6.58436643327576, 6.584366433237322, 6.5843664332906195, 6.584366433293727, 6.584366433255962, 6.584366433270128, 6.58436643322627, 6.583026465042015, 6.583026465007284, 6.583026465062545, 6.583026465052103, 6.583026465061531, 6.583026465040039, 6.583026465104128, 6.5830264650996835, 6.583026465094779, 6.583026465064753, 6.583026465069568, 6.583026465021034, 6.583026465073426, 6.583026465033568, 6.583026465040146, 6.583026465013977, 6.583026465068123, 6.583026465035493, 6.583026465031119, 6.583026465060702, 6.583026465018203, 6.583026465035506, 6.58302646503905, 6.5830264650292385, 6.5830264650527734, 6.583026465073402, 6.583026465009146, 6.58302646501488, 6.583026465011705, 6.583026465075771, 6.5830264650420105, 6.583026465028424, 6.583026465050414, 6.583026465057509, 6.583026465040259, 6.583026465076942, 6.583026465007626, 6.583026465015145, 6.5830264650534325, 6.583026465031336, 6.583026465077211, 6.584213584483938, 6.584213584430614, 6.584213584462343, 6.584213584473547, 6.5842135844614385, 6.584213584486918, 6.584213584430239, 6.58421358443297, 6.58421358443738, 6.584213584465039, 6.584213584456365, 6.584213584506837, 6.5842135844537575, 6.584213584492607, 6.584213584484613, 6.584213584507225, 6.584213584458483, 6.584213584485719, 6.584213584495643, 6.5842135844660215, 6.584213584505262, 6.584213584492204, 6.584213584486281, 6.5842135844995955, 6.584213584479962, 6.584213584453837, 6.584213584513565, 6.584213584519266, 6.584213584517735, 6.584213584450386, 6.584213584483933, 6.584213584494783, 6.584213584475432, 6.584213584471118, 6.584213584481825, 6.584213584455583, 6.584213584512369, 6.584213584514431, 6.58421358447507, 6.584213584492969, 6.584213584458257, 6.589565521862692, 6.589565521886725, 6.589565521883753, 6.5895655218723155, 6.589565521895919, 6.589565521866234, 6.5895655219163425, 6.589565521914491, 6.589565521912011, 6.589565521876065, 6.589565521877907, 6.5895655218384395, 6.589565521891298, 6.589565521869812, 6.58956552187301, 6.589565521846157, 6.5895655218793365, 6.589565521862279, 6.589565521868374, 6.589565521877761, 6.589565521858203, 6.589565521854572, 6.589565521862289, 6.589565521856604, 6.58956552186767, 6.589565521879983, 6.589565521843859, 6.589565521849462, 6.589565521852931, 6.589565521875562, 6.589565521862698, 6.5895655218508065, 6.589565521870194, 6.589565521885385, 6.589565521849776, 6.589565521887503, 6.589565521837417, 6.589565521843879, 6.589565521869101, 6.589565521856804, 6.5895655218986064, 6.5894347803512705, 6.589434780411996, 6.5894347803342175, 6.589434780342595, 6.58943478031833, 6.589434780345879, 6.5894347802993165, 6.589434780297637, 6.589434780299556, 6.589434780345535, 6.589434780342407, 6.589434780376471, 6.589434780332752, 6.589434780338046, 6.58943478033223, 6.589434780362171, 6.589434780333835, 6.589434780353929, 6.589434780336854, 6.589434780342748, 6.58943478034627, 6.589434780360745, 6.5894347803495394, 6.589434780351415, 6.589434780358329, 6.589434780350628, 6.589434780351086, 6.589434780356931, 6.5894347803413424, 6.589434780361543, 6.5894347803512625, 6.589434780358029, 6.589434780341761, 6.589434780319503, 6.589434780374075, 6.58943478033487, 6.589434780369689, 6.589434780373867, 6.589434780347554, 6.589434780354542, 6.589434780316414, 6.593039893609336, 6.593039893576263, 6.593039893617767, 6.59303989361345, 6.593039893631437, 6.593039893611631, 6.593039893644391, 6.593039893643509, 6.593039893643506, 6.593039893618463, 6.5930398936191725, 6.593039893591158, 6.593039893620919, 6.593039893613679, 6.5930398936196175, 6.593039893600073, 6.59303989362347, 6.593039893610838, 6.593039893610084, 6.593039893619093, 6.593039893606227, 6.593039893601841, 6.593039893608583, 6.593039893608079, 6.593039893605245, 6.593039893612688, 6.59303989360474, 6.593039893610355, 6.59303989361245, 6.593039893609524, 6.593039893609325, 6.593039893606318, 6.593039893613061, 6.593039893628772, 6.593039893599174, 6.5930398936268055, 6.5930398935915555, 6.5930398935971075, 6.593039893613154, 6.593039893606047, 6.593039893628123, 6.593851978558307, 6.593851978516337, 6.593851978549777, 6.593851978555117, 6.59385197855688, 6.5938519785598695, 6.593851978546405, 6.593851978548148, 6.593851978551521, 6.593851978548679, 6.593851978544992, 6.593851978558178, 6.593851978549506, 6.593851978565967, 6.593851978564862, 6.593851978568843, 6.593851978552097, 6.593851978561853, 6.593851978567763, 6.593851978554481, 6.593851978573342, 6.593851978558341, 6.593851978560407, 6.593851978562773, 6.593851978557142, 6.593851978547279, 6.593851978568335, 6.593851978573843, 6.5938519785745076, 6.593851978543718, 6.593851978558305, 6.593851978563742, 6.593851978557221, 6.59385197856484, 6.5938519785493614, 6.593851978551345, 6.59385197856508, 6.593851978568501, 6.593851978553782, 6.5938519785629035, 6.593851978552738, 6.596692075110061, 6.596692075151727, 6.596692075113453, 6.596692075111581, 6.596692075105658, 6.5966920751045555, 6.596692075107227, 6.596692075105525, 6.596692075105201, 6.59669207511258, 6.596692075112846, 6.5966920751071925, 6.59669207511964, 6.596692075100815, 6.596692075099309, 6.596692075105129, 6.596692075110001, 6.596692075109335, 6.596692075103581, 6.596692075110478, 6.596692075101043, 6.596692075110738, 6.596692075107983, 6.596692075103441, 6.596692075099988, 6.5966920751221405, 6.596692075096812, 6.59669207510249, 6.596692075093354, 6.596692075128161, 6.596692075110061, 6.596692075106052, 6.596692075111958, 6.596692075104746, 6.5966920751175815, 6.596692075114392, 6.596692075106696, 6.596692075112035, 6.596692075112024, 6.596692075108118, 6.59669207510742, 6.5983404913337855, 6.598340491291653, 6.598340491334012, 6.598340491332998, 6.598340491332801, 6.598340491333072, 6.598340491331559, 6.598340491331429, 6.598340491332237, 6.59834049134271, 6.598340491341694, 6.598340491336562, 6.598340491332474, 6.598340491333493, 6.598340491332861, 6.598340491332281, 6.598340491334648, 6.598340491333388, 6.598340491331757, 6.598340491331497, 6.598340491330109, 6.598340491335116, 6.598340491331678, 6.598340491333649, 6.5983404913290515, 6.598340491333758, 6.598340491332738, 6.598340491338183, 6.598340491334611, 6.5983404913347306, 6.598340491333783, 6.59834049133273, 6.598340491332416, 6.598340491331567, 6.598340491336605, 6.598340491334667, 6.598340491332875, 6.598340491337168, 6.59834049133468, 6.598340491333124, 6.598340491331628, 6.597484227781629, 6.597484227822045, 6.597484227779678, 6.5974842277787715, 6.5974842277853, 6.59748422778807, 6.597484227783336, 6.597484227785551, 6.597484227787922, 6.597484227780745, 6.597484227778612, 6.597484227784699, 6.597484227772955, 6.597484227793134, 6.597484227792351, 6.597484227788128, 6.597484227783177, 6.597484227781139, 6.597484227789288, 6.597484227779172, 6.597484227793474, 6.597484227781111, 6.597484227782818, 6.597484227787091, 6.5974842277794785, 6.597484227772082, 6.597484227790137, 6.597484227795024, 6.597484227799128, 6.597484227766427, 6.5974842277816235, 6.597484227783335, 6.597484227778573, 6.597484227788214, 6.597484227772141, 6.597484227778447, 6.59748422778403, 6.597484227787188, 6.597484227779007, 6.597484227784511, 6.597484227782618, 6.598577379669175, 6.598577379709918, 6.598577379676694, 6.598577379671751, 6.598577379670122, 6.59857737966753, 6.598577379682878, 6.598577379681443, 6.598577379680314, 6.598577379666502, 6.598577379668524, 6.5985773796630145, 6.59857737968172, 6.598577379661431, 6.598577379660735, 6.598577379660382, 6.598577379675942, 6.59857737966257, 6.598577379661558, 6.598577379674241, 6.598577379659635, 6.598577379666861, 6.598577379668259, 6.598577379662781, 6.598577379677553, 6.598577379683645, 6.59857737965343, 6.598577379658476, 6.598577379652492, 6.598577379687954, 6.598577379669179, 6.598577379663396, 6.598577379671379, 6.59857737966799, 6.598577379672031, 6.59857737967865, 6.5985773796604, 6.598577379665543, 6.598577379672801, 6.598577379665931, 6.598577379675428, 6.59721130674022, 6.597211306687008, 6.597211306723599, 6.59721130673494, 6.597211306719197, 6.597211306737476, 6.597211306706382, 6.597211306706667, 6.597211306709189, 6.597211306731326, 6.597211306728843, 6.597211306755329, 6.597211306725876, 6.597211306734943, 6.597211306730022, 6.597211306747938, 6.597211306726679, 6.597211306739553, 6.597211306737727, 6.59721130673175, 6.597211306741071, 6.597211306747563, 6.597211306740066, 6.597211306744165, 6.597211306745227, 6.597211306733401, 6.59721130674601, 6.597211306751162, 6.597211306744519, 6.59721130673651, 6.597211306740217, 6.597211306747467, 6.597211306735815, 6.597211306725003, 6.597211306747352, 6.597211306727666, 6.597211306753195, 6.597211306756051, 6.5972113067379174, 6.597211306742755, 6.597211306722459, 6.595297678715059, 6.595297678690669, 6.5952976787336945, 6.595297678724405, 6.595297678752424, 6.5952976787208115, 6.595297678767994, 6.595297678768678, 6.595297678768475, 6.595297678732828, 6.595297678734693, 6.595297678690512, 6.595297678733548, 6.5952976787291595, 6.595297678733651, 6.595297678701408, 6.595297678731031, 6.595297678713981, 6.5952976787293895, 6.595297678728001, 6.595297678715977, 6.595297678705232, 6.595297678715246, 6.595297678715623, 6.595297678716972, 6.595297678721399, 6.595297678706834, 6.595297678711881, 6.595297678722485, 6.595297678710965, 6.595297678715061, 6.595297678707256, 6.595297678722915, 6.595297678745498, 6.595297678694087, 6.595297678738543, 6.595297678689326, 6.595297678694165, 6.59529767872048, 6.595297678710203, 6.595297678753939, 6.596016081676082, 6.59601608172866, 6.5960160816528575, 6.596016081666644, 6.596016081640561, 6.596016081674789, 6.596016081606345, 6.596016081607896, 6.596016081613127, 6.5960160816549855, 6.596016081651025, 6.596016081704762, 6.59601608164924, 6.596016081671211, 6.596016081661781, 6.596016081699008, 6.5960160816503866, 6.596016081684954, 6.596016081671758, 6.596016081658449, 6.5960160816853435, 6.596016081687722, 6.59601608167721, 6.596016081683412, 6.596016081679039, 6.596016081661946, 6.596016081689696, 6.596016081694942, 6.596016081683899, 6.596016081668145, 6.5960160816760816, 6.596016081687598, 6.59601608166565, 6.596016081644597, 6.59601608169141, 6.596016081646978, 6.596016081706407, 6.59601608170802, 6.5960160816678775, 6.596016081683845, 6.596016081634652, 6.592708749667521, 6.592708749637201, 6.592708749699361, 6.5927087496780725, 6.5927087496988355, 6.592708749669059, 6.592708749737979, 6.592708749734713, 6.592708749731281, 6.592708749689937, 6.592708749697848, 6.592708749641225, 6.592708749699844, 6.592708749659233, 6.592708749668583, 6.5927087496384145, 6.5927087496992876, 6.592708749660391, 6.592708749654225, 6.592708749690431, 6.592708749642501, 6.592708749653863, 6.592708749664219, 6.592708749653161, 6.592708749677789, 6.592708749699559, 6.592708749633657, 6.592708749638358, 6.59270874963727, 6.592708749702246, 6.592708749667517, 6.592708749651021, 6.592708749674861, 6.592708749686503, 6.592708749665968, 6.592708749706467, 6.592708749628262, 6.592708749635488, 6.592708749678901, 6.592708749656712, 6.592708749702827, 6.59233112293637, 6.5923311228859145, 6.592331122904738, 6.59233112292419, 6.592331122903617, 6.592331122936833, 6.592331122861722, 6.592331122866378, 6.592331122874711, 6.5923311229107, 6.592331122903384, 6.592331122965092, 6.592331122898301, 6.5923311229432695, 6.592331122934267, 6.592331122967405, 6.592331122903751, 6.592331122949178, 6.592331122945719, 6.592331122911975, 6.592331122962078, 6.592331122948357, 6.592331122940309, 6.592331122950207, 6.592331122938066, 6.592331122903096, 6.592331122969246, 6.592331122974519, 6.592331122971536, 6.592331122900996, 6.5923311229363675, 6.592331122954595, 6.59233112292619, 6.592331122916636, 6.592331122938532, 6.592331122897912, 6.592331122974703, 6.592331122974268, 6.592331122924526, 6.592331122948414, 6.592331122895188, 6.591788707549561, 6.591788707576682, 6.591788707575487, 6.591788707561853, 6.591788707584895, 6.591788707546867, 6.591788707623512, 6.591788707622055, 6.591788707619627, 6.59178870757812, 6.591788707583536, 6.591788707516594, 6.5917887075829995, 6.5917887075507515, 6.591788707560725, 6.591788707522097, 6.591788707574924, 6.591788707539116, 6.59178870755387, 6.591788707572965, 6.591788707533566, 6.591788707536681, 6.5917887075475115, 6.591788707536814, 6.591788707537181, 6.591788707576652, 6.591788707520182, 6.591788707525134, 6.591788707529925, 6.5917887075727, 6.591788707549561, 6.59178870753643, 6.591788707562733, 6.591788707582586, 6.591788707536291, 6.591788707587191, 6.59178870751014, 6.591788707515983, 6.591788707560606, 6.591788707539413, 6.59178870759611, 6.592431645442664, 6.592431645506885, 6.592431645413643, 6.592431645429699, 6.592431645399114, 6.592431645435767, 6.592431645373043, 6.592431645374325, 6.592431645379521, 6.592431645420503, 6.592431645415788, 6.592431645472729, 6.592431645416572, 6.592431645431243, 6.592431645423747, 6.592431645462484, 6.592431645415027, 6.592431645445846, 6.592431645433755, 6.592431645423104, 6.592431645445669, 6.592431645455512, 6.592431645441728, 6.592431645448123, 6.592431645434702, 6.592431645423409, 6.592431645461386, 6.592431645466008, 6.592431645450995, 6.592431645433651, 6.592431645442653, 6.5924316454550755, 6.5924316454342495, 6.592431645411222, 6.5924316454600955, 6.592431645411253, 6.592431645475476, 6.592431645475854, 6.592431645436012, 6.592431645449523, 6.5924316453971175, 6.597619421922591, 6.597619421942071, 6.597619421951007, 6.597619421932927, 6.597619421961346, 6.597619421929337, 6.597619421980003, 6.597619421981797, 6.597619421981224, 6.5976194219334126, 6.597619421936439, 6.597619421893689, 6.597619421951832, 6.597619421940537, 6.597619421944442, 6.597619421911152, 6.597619421943575, 6.597619421916757, 6.5976194219365745, 6.597619421937462, 6.597619421924568, 6.597619421909112, 6.597619421923477, 6.597619421918867, 6.597619421917264, 6.597619421936371, 6.5976194219069795, 6.597619421911453, 6.59761942191821, 6.597619421930183, 6.597619421922602, 6.597619421908974, 6.5976194219323006, 6.597619421952308, 6.597619421902379, 6.597619421946894, 6.597619421896488, 6.59761942190071, 6.597619421927122, 6.5976194219180355, 6.597619421959613, 6.60109236467521, 6.601092364624285, 6.601092364657136, 6.601092364666621, 6.601092364653565, 6.601092364676379, 6.601092364629992, 6.601092364632097, 6.601092364636715, 6.6010923646671795, 6.601092364665022, 6.601092364699271, 6.601092364654105, 6.6010923646742885, 6.601092364670297, 6.601092364690457, 6.60109236466452, 6.601092364679344, 6.601092364668196, 6.601092364661227, 6.601092364678577, 6.601092364683895, 6.601092364674754, 6.601092364682583, 6.601092364671997, 6.60109236465995, 6.6010923646899, 6.601092364694574, 6.601092364685844, 6.601092364665405, 6.601092364675214, 6.601092364684046, 6.601092364665816, 6.601092364652727, 6.6010923646876485, 6.601092364655908, 6.6010923646948445, 6.601092364695766, 6.601092364669987, 6.601092364680281, 6.6010923646443995, 6.603496974101462, 6.603496974062488, 6.603496974110824, 6.603496974104977, 6.603496974112076, 6.603496974101515, 6.603496974123585, 6.603496974123273, 6.603496974123068, 6.60349697411543, 6.6034969741199125, 6.603496974096565, 6.603496974113054, 6.603496974095037, 6.603496974097954, 6.603496974087576, 6.603496974116897, 6.603496974095624, 6.603496974093612, 6.603496974108998, 6.603496974089097, 6.60349697409878, 6.603496974100022, 6.60349697409499, 6.603496974094569, 6.603496974117372, 6.603496974084123, 6.603496974088688, 6.603496974087014, 6.6034969741185305, 6.60349697410146, 6.603496974095645, 6.603496974102453, 6.603496974103551, 6.603496974105599, 6.603496974117228, 6.603496974085117, 6.603496974089451, 6.603496974106451, 6.603496974096602, 6.603496974114172, 6.606225052912755, 6.606225052945769, 6.606225052912184, 6.6062250529144, 6.606225052916644, 6.606225052912381, 6.6062250529048026, 6.606225052907757, 6.606225052910995, 6.60622505290027, 6.606225052900045, 6.606225052909033, 6.606225052914411, 6.60622505291514, 6.6062250529108555, 6.606225052915789, 6.606225052906891, 6.60622505291621, 6.606225052922514, 6.60622505290799, 6.606225052925375, 6.606225052912864, 6.606225052916517, 6.606225052915363, 6.6062250529145725, 6.606225052909887, 6.606225052914373, 6.606225052919318, 6.606225052922668, 6.606225052903938, 6.6062250529127535, 6.606225052913787, 6.606225052914394, 6.606225052916438, 6.606225052905014, 6.606225052907054, 6.606225052917549, 6.606225052919861, 6.60622505291017, 6.606225052915472, 6.606225052916278, 6.606423816795857, 6.606423816837226, 6.6064238167871725, 6.606423816795532, 6.606423816787865, 6.606423816790928, 6.606423816780582, 6.606423816782105, 6.606423816785734, 6.606423816791477, 6.60642381679112, 6.606423816799221, 6.606423816789859, 6.6064238167896985, 6.606423816788779, 6.606423816797596, 6.606423816788186, 6.60642381679868, 6.606423816795697, 6.6064238167933365, 6.606423816797124, 6.606423816799143, 6.60642381679615, 6.606423816798834, 6.6064238168024785, 6.606423816792171, 6.606423816798258, 6.606423816803265, 6.606423816800977, 6.606423816791747, 6.606423816795857, 6.606423816800875, 6.606423816795885, 6.606423816792063, 6.60642381679808, 6.6064238167906035, 6.606423816800638, 6.606423816802562, 6.606423816794987, 6.606423816797024, 6.606423816789827, 6.604102946357236, 6.604102946316153, 6.604102946363312, 6.604102946359688, 6.604102946364458, 6.604102946355098, 6.604102946384102, 6.6041029463836525, 6.604102946384954, 6.604102946374338, 6.604102946377811, 6.604102946351548, 6.604102946361756, 6.6041029463523095, 6.604102946360481, 6.604102946346442, 6.60410294636927, 6.604102946352354, 6.604102946350519, 6.604102946372971, 6.604102946344109, 6.604102946353729, 6.604102946353902, 6.604102946352901, 6.604102946367682, 6.604102946370142, 6.60410294634246, 6.604102946346802, 6.6041029463451535, 6.604102946371882, 6.604102946357232, 6.604102946354994, 6.604102946359367, 6.604102946365902, 6.604102946358948, 6.6041029463751055, 6.604102946338585, 6.604102946341844, 6.6041029463623, 6.604102946352209, 6.604102946369454, 6.603631223725971, 6.603631223682335, 6.603631223716125, 6.603631223717639, 6.6036312237118056, 6.603631223730868, 6.603631223689537, 6.60363122369313, 6.603631223699752, 6.6036312237040375, 6.603631223700703, 6.603631223741462, 6.603631223706962, 6.60363122373525, 6.603631223731271, 6.603631223746608, 6.603631223710427, 6.603631223733257, 6.603631223731074, 6.60363122371688, 6.603631223742702, 6.603631223729916, 6.603631223727429, 6.603631223734657, 6.603631223726941, 6.603631223707394, 6.603631223743605, 6.603631223747484, 6.603631223744674, 6.603631223707612, 6.603631223725967, 6.603631223732387, 6.6036312237198125, 6.603631223718058, 6.6036312237234736, 6.603631223705427, 6.603631223746348, 6.603631223745896, 6.603631223717977, 6.603631223733318, 6.603631223704112, 6.603484175427693, 6.603484175456697, 6.603484175455963, 6.603484175435317, 6.603484175453426, 6.603484175430353, 6.603484175468813, 6.603484175468677, 6.603484175468077, 6.603484175440658, 6.60348417544522, 6.603484175407109, 6.603484175455007, 6.6034841754309594, 6.603484175434478, 6.603484175410544, 6.603484175443547, 6.603484175418969, 6.603484175429505, 6.603484175439913, 6.6034841754157565, 6.6034841754178375, 6.603484175425078, 6.603484175419196, 6.603484175435947, 6.603484175446914, 6.603484175406628, 6.6034841754102835, 6.603484175411464, 6.603484175446019, 6.6034841754277, 6.603484175412428, 6.6034841754349545, 6.603484175443936, 6.603484175420984, 6.60348417545042, 6.603484175403823, 6.603484175407757, 6.603484175434406, 6.603484175420669, 6.603484175456575, 6.601620573557568, 6.601620573615251, 6.601620573530814, 6.601620573546655, 6.601620573520169, 6.601620573555736, 6.601620573491704, 6.601620573493555, 6.601620573500107, 6.601620573547871, 6.601620573545277, 6.601620573587087, 6.60162057353325, 6.601620573550725, 6.601620573543614, 6.601620573572536, 6.601620573536083, 6.601620573561779, 6.60162057355, 6.601620573536439, 6.601620573560004, 6.601620573571301, 6.601620573557325, 6.601620573562569, 6.60162057356036, 6.601620573539863, 6.6016205735747056, 6.6016205735787, 6.60162057356981, 6.601620573544679, 6.601620573557562, 6.601620573569125, 6.601620573547828, 6.601620573528423, 6.60162057357258, 6.6016205735304, 6.601620573584814, 6.601620573584349, 6.60162057355175, 6.601620573563292, 6.601620573520819, 6.601944676708218, 6.601944676688425, 6.601944676734726, 6.601944676720862, 6.601944676746123, 6.601944676713395, 6.6019446767754815, 6.601944676776882, 6.601944676776479, 6.601944676729424, 6.601944676735302, 6.601944676674636, 6.601944676739177, 6.601944676720491, 6.601944676725903, 6.601944676686208, 6.601944676734171, 6.601944676698524, 6.601944676720012, 6.601944676724544, 6.601944676705554, 6.6019446766954495, 6.60194467670977, 6.601944676700372, 6.601944676704537, 6.6019446767305405, 6.601944676683805, 6.601944676687959, 6.601944676699854, 6.601944676720139, 6.601944676708212, 6.601944676696332, 6.601944676718501, 6.601944676740077, 6.601944676688588, 6.601944676741059, 6.6019446766726935, 6.601944676677557, 6.6019446767158465, 6.601944676700875, 6.601944676755676, 6.599690744136721, 6.599690744077442, 6.599690744103095, 6.59969074412543, 6.599690744094661, 6.5996907441320944, 6.599690744066349, 6.599690744069029, 6.599690744077097, 6.599690744102829, 6.599690744099478, 6.59969074416612, 6.599690744105974, 6.5996907441227295, 6.599690744115803, 6.5996907441571935, 6.599690744110976, 6.59969074414668, 6.59969074412309, 6.5996907441135, 6.599690744145508, 6.599690744149357, 6.599690744138118, 6.599690744145344, 6.599690744133832, 6.599690744110338, 6.599690744162816, 6.599690744166839, 6.599690744153824, 6.599690744119571, 6.5996907441367165, 6.599690744153767, 6.5996907441264625, 6.599690744105732, 6.599690744151929, 6.599690744101609, 6.599690744172639, 6.5996907441714985, 6.599690744127995, 6.599690744145827, 6.599690744088442, 6.60110744518181, 6.601107445207002, 6.601107445207614, 6.6011074451943825, 6.601107445216505, 6.601107445182019, 6.601107445252192, 6.601107445252327, 6.601107445250607, 6.601107445207596, 6.601107445214454, 6.60110744515296, 6.601107445211239, 6.601107445184195, 6.601107445193302, 6.6011074451582274, 6.601107445206455, 6.601107445173123, 6.601107445185352, 6.60110744520756, 6.6011074451701655, 6.601107445170642, 6.601107445179989, 6.601107445170415, 6.601107445171337, 6.601107445213664, 6.6011074451476235, 6.601107445151619, 6.601107445155185, 6.601107445211993, 6.601107445181821, 6.601107445169849, 6.60110744519205, 6.601107445209451, 6.601107445171902, 6.601107445218832, 6.60110744514286, 6.6011074451482505, 6.60110744519055, 6.601107445172862, 6.601107445224519, 6.6025205450807425, 6.602520545129995, 6.602520545056161, 6.602520545070597, 6.602520545058291, 6.602520545080422, 6.602520545016752, 6.602520545021278, 6.6025205450299955, 6.6025205450610205, 6.6025205450553575, 6.602520545108426, 6.602520545050132, 6.602520545083851, 6.602520545076206, 6.602520545104236, 6.60252054505203, 6.602520545095501, 6.602520545083284, 6.602520545060436, 6.602520545096683, 6.602520545092833, 6.602520545080803, 6.602520545095476, 6.602520545081663, 6.602520545048421, 6.602520545112414, 6.602520545116471, 6.6025205451090825, 6.602520545051814, 6.602520545080738, 6.6025205450939435, 6.6025205450718385, 6.6025205450606235, 6.602520545086004, 6.602520545047038, 6.602520545113966, 6.602520545112163, 6.602520545070815, 6.602520545090027, 6.602520545044137, 6.606732497145784, 6.606732497117783, 6.606732497171704, 6.606732497154175, 6.606732497173377, 6.60673249714754, 6.606732497188904, 6.6067324971898165, 6.606732497188726, 6.606732497165623, 6.606732497170283, 6.606732497125447, 6.6067324971712935, 6.606732497148655, 6.606732497152616, 6.606732497128042, 6.606732497163555, 6.606732497138802, 6.606732497148927, 6.6067324971622625, 6.6067324971343036, 6.6067324971367, 6.60673249714353, 6.606732497138269, 6.6067324971379, 6.606732497167604, 6.606732497121984, 6.606732497125657, 6.606732497126657, 6.606732497167047, 6.606732497145784, 6.606732497132076, 6.606732497152939, 6.6067324971621995, 6.606732497139804, 6.606732497170904, 6.606732497119156, 6.606732497123458, 6.606732497151801, 6.606732497138735, 6.606732497175788, 6.609480578537189, 6.609480578488251, 6.609480578525691, 6.609480578529799, 6.609480578515581, 6.609480578535914, 6.6094805784976804, 6.609480578500241, 6.609480578504804, 6.609480578522601, 6.609480578521614, 6.609480578552114, 6.609480578525948, 6.609480578530417, 6.609480578525699, 6.609480578547493, 6.609480578529373, 6.609480578537695, 6.609480578529663, 6.609480578528903, 6.609480578538561, 6.609480578542299, 6.609480578537893, 6.609480578538362, 6.609480578540822, 6.609480578529339, 6.609480578544169, 6.609480578547851, 6.60948057853978, 6.609480578534539, 6.609480578537191, 6.609480578541758, 6.609480578531416, 6.609480578519047, 6.6094805785461315, 6.609480578521039, 6.6094805785533115, 6.609480578553689, 6.609480578532462, 6.6094805785409285, 6.609480578512764, 6.6112430903743995, 6.611243090410864, 6.6112430903773785, 6.611243090374557, 6.61124309038029, 6.611243090375533, 6.611243090386468, 6.61124309038927, 6.611243090392059, 6.611243090378747, 6.611243090379695, 6.611243090366601, 6.611243090377446, 6.611243090379394, 6.611243090381175, 6.611243090370479, 6.61124309038326, 6.6112430903689585, 6.611243090378652, 6.611243090380215, 6.611243090375577, 6.611243090370235, 6.611243090376275, 6.61124309037289, 6.611243090378377, 6.611243090376439, 6.61124309037087, 6.611243090374953, 6.611243090378661, 6.611243090371596, 6.611243090374404, 6.611243090374148, 6.611243090376064, 6.611243090383363, 6.611243090366991, 6.611243090380618, 6.611243090366631, 6.611243090368488, 6.6112430903752255, 6.611243090373329, 6.611243090384326, 6.6118162728460295, 6.611816272884785, 6.61181627284595, 6.61181627284643, 6.611816272848809, 6.611816272844299, 6.611816272852858, 6.611816272855357, 6.6118162728581344, 6.611816272850451, 6.611816272850907, 6.611816272841449, 6.611816272847207, 6.611816272847415, 6.6118162728489365, 6.611816272841389, 6.6118162728495955, 6.611816272842586, 6.611816272848493, 6.61181627284912, 6.611816272844405, 6.611816272844359, 6.61181627284628, 6.611816272845731, 6.611816272851212, 6.611816272845926, 6.611816272844663, 6.611816272848842, 6.611816272849922, 6.611816272843254, 6.611816272846019, 6.611816272846872, 6.611816272847701, 6.611816272851662, 6.611816272842173, 6.611816272849604, 6.611816272841006, 6.611816272842702, 6.6118162728474035, 6.611816272844654, 6.61181627285297, 6.612120030257365, 6.612120030213097, 6.612120030247738, 6.612120030254648, 6.61212003024243, 6.612120030253783, 6.612120030229315, 6.612120030231847, 6.612120030235624, 6.612120030246337, 6.612120030245552, 6.612120030268532, 6.612120030250432, 6.61212003025242, 6.6121200302488585, 6.612120030264529, 6.6121200302465555, 6.6121200302602094, 6.612120030254765, 6.6121200302504946, 6.61212003025877, 6.61212003026321, 6.612120030256817, 6.612120030259178, 6.612120030262831, 6.612120030252902, 6.612120030260763, 6.612120030264815, 6.6121200302569445, 6.612120030257644, 6.612120030257359, 6.612120030261203, 6.612120030254824, 6.612120030244766, 6.612120030264179, 6.612120030244909, 6.612120030269292, 6.612120030270035, 6.612120030254201, 6.612120030259893, 6.61212003024185, 6.612245854537018, 6.612245854508735, 6.612245854555609, 6.612245854544009, 6.612245854559096, 6.612245854539787, 6.612245854569967, 6.61224585457186, 6.61224585457187, 6.6122458545470675, 6.612245854550396, 6.612245854523866, 6.612245854552628, 6.6122458545432945, 6.61224585454629, 6.61224585452709, 6.612245854547373, 6.612245854535015, 6.6122458545424045, 6.612245854546477, 6.612245854534189, 6.612245854530946, 6.61224585453566, 6.612245854534104, 6.612245854542039, 6.612245854550835, 6.612245854521471, 6.612245854525361, 6.612245854526472, 6.612245854549389, 6.612245854537012, 6.612245854528196, 6.612245854541506, 6.612245854550386, 6.612245854530617, 6.612245854553858, 6.612245854518515, 6.612245854522366, 6.612245854540142, 6.612245854533093, 6.612245854559792, 6.609023617318731, 6.60902361737241, 6.609023617298622, 6.609023617310531, 6.609023617296426, 6.609023617316429, 6.609023617274345, 6.609023617276818, 6.609023617283197, 6.609023617305449, 6.609023617303248, 6.6090236173424275, 6.609023617296015, 6.609023617310226, 6.609023617308296, 6.6090236173305765, 6.6090236173015136, 6.609023617326123, 6.609023617307832, 6.609023617305044, 6.609023617317353, 6.6090236173276855, 6.609023617316403, 6.60902361732594, 6.6090236173146355, 6.609023617298938, 6.609023617337813, 6.609023617341765, 6.609023617330758, 6.609023617306646, 6.609023617318725, 6.6090236173287265, 6.6090236173109025, 6.609023617298335, 6.609023617331644, 6.609023617297596, 6.6090236173394405, 6.60902361733885, 6.609023617314555, 6.609023617322809, 6.609023617287604, 6.608429452252674, 6.608429452277426, 6.608429452274102, 6.608429452261891, 6.608429452280655, 6.6084294522573845, 6.608429452304147, 6.608429452306216, 6.6084294523055025, 6.608429452270973, 6.608429452275757, 6.608429452228204, 6.608429452274825, 6.608429452263922, 6.608429452270066, 6.6084294522407765, 6.608429452270505, 6.608429452245489, 6.608429452266662, 6.608429452271509, 6.608429452255143, 6.608429452241921, 6.608429452254882, 6.608429452243374, 6.608429452245119, 6.608429452277987, 6.608429452225306, 6.608429452229548, 6.608429452237568, 6.608429452269905, 6.60842945225266, 6.608429452243493, 6.608429452261203, 6.60842945227914, 6.608429452237365, 6.608429452280068, 6.608429452222939, 6.608429452227605, 6.608429452256857, 6.608429452248005, 6.608429452289309, 6.606794820578599, 6.606794820526024, 6.606794820553348, 6.606794820569543, 6.6067948205467175, 6.606794820575396, 6.606794820513299, 6.606794820516641, 6.6067948205244535, 6.606794820551272, 6.606794820547642, 6.606794820600383, 6.606794820556092, 6.60679482056677, 6.606794820560463, 6.606794820594705, 6.606794820555654, 6.606794820585982, 6.606794820568674, 6.606794820554734, 6.606794820580899, 6.606794820587575, 6.606794820579264, 6.606794820588219, 6.606794820575651, 6.606794820549064, 6.606794820607889, 6.606794820612151, 6.6067948206015945, 6.606794820554727, 6.6067948205786, 6.606794820590648, 6.606794820571507, 6.60679482055314, 6.60679482059027, 6.606794820546751, 6.606794820610084, 6.6067948206084655, 6.606794820572527, 6.6067948205851526, 6.606794820537582, 6.607395616411086, 6.607395616386108, 6.607395616437907, 6.607395616421846, 6.607395616440142, 6.60739561641552, 6.607395616471255, 6.6073956164725, 6.607395616469833, 6.6073956164399785, 6.607395616446345, 6.60739561638358, 6.607395616440099, 6.607395616416943, 6.607395616424343, 6.607395616390239, 6.607395616436725, 6.607395616400117, 6.6073956164188035, 6.607395616431572, 6.607395616403066, 6.607395616398929, 6.607395616411641, 6.607395616398808, 6.607395616402172, 6.607395616442905, 6.607395616377302, 6.607395616381651, 6.607395616388984, 6.607395616435545, 6.607395616411084, 6.60739561639784, 6.60739561642044, 6.607395616435474, 6.6073956164004874, 6.607395616446089, 6.607395616373833, 6.607395616379727, 6.607395616418955, 6.607395616402977, 6.607395616452661, 6.60752474035264, 6.607524740406541, 6.6075247403256805, 6.607524740340606, 6.607524740320634, 6.607524740353869, 6.607524740285782, 6.607524740289841, 6.6075247402984205, 6.607524740327756, 6.607524740323895, 6.6075247403842186, 6.607524740322508, 6.607524740349103, 6.607524740341885, 6.607524740375235, 6.60752474033113, 6.607524740361006, 6.607524740346122, 6.60752474033091, 6.607524740362977, 6.607524740364872, 6.607524740353844, 6.607524740362582, 6.607524740353849, 6.607524740324453, 6.607524740380543, 6.607524740384575, 6.607524740376262, 6.607524740328156, 6.607524740352638, 6.607524740365646, 6.607524740341709, 6.607524740325909, 6.607524740363007, 6.60752474031841, 6.607524740386243, 6.6075247403845285, 6.607524740343534, 6.607524740361663, 6.607524740309919, 6.609756308873184, 6.609756308899411, 6.609756308902183, 6.609756308883462, 6.609756308906042, 6.6097563088751805, 6.609756308932667, 6.609756308933941, 6.6097563089306695, 6.609756308894398, 6.609756308899755, 6.6097563088481035, 6.6097563089005105, 6.609756308877832, 6.609756308884227, 6.6097563088513125, 6.60975630889344, 6.609756308865645, 6.609756308878864, 6.609756308891435, 6.609756308863347, 6.609756308862427, 6.609756308870967, 6.6097563088644105, 6.609756308881419, 6.609756308899764, 6.6097563088447036, 6.609756308848664, 6.60975630885263, 6.609756308895739, 6.609756308873197, 6.609756308858935, 6.609756308882326, 6.609756308896395, 6.609756308863951, 6.6097563089045295, 6.60975630883997, 6.609756308845745, 6.6097563088811935, 6.609756308864804, 6.6097563089128135, 6.6105226074812915, 6.6105226074269074, 6.610522607458222, 6.610522607472734, 6.610522607454317, 6.610522607476329, 6.610522607427578, 6.61052260743095, 6.610522607437229, 6.610522607458907, 6.610522607455568, 6.610522607505477, 6.61052260745936, 6.610522607472862, 6.610522607467201, 6.610522607496363, 6.610522607459991, 6.610522607488573, 6.610522607473781, 6.610522607465942, 6.610522607484097, 6.61052260749271, 6.61052260747994, 6.610522607489312, 6.610522607484502, 6.610522607460595, 6.610522607501369, 6.610522607505217, 6.610522607493789, 6.610522607467737, 6.610522607481304, 6.610522607491882, 6.6105226074748655, 6.61052260745923, 6.6105226074919505, 6.610522607453887, 6.610522607508192, 6.61052260750703, 6.610522607475227, 6.610522607487225, 6.6105226074468275, 6.61393041006234, 6.613930410032876, 6.613930410074836, 6.613930410068351, 6.613930410081833, 6.613930410064662, 6.6139304100986855, 6.613930410101456, 6.613930410101031, 6.613930410077057, 6.613930410079788, 6.613930410045502, 6.6139304100762315, 6.613930410074797, 6.613930410078246, 6.613930410053886, 6.613930410075273, 6.613930410057104, 6.6139304100761525, 6.613930410076579, 6.613930410066997, 6.613930410056672, 6.613930410063516, 6.613930410058916, 6.613930410067232, 6.613930410079179, 6.613930410043726, 6.613930410047777, 6.613930410054519, 6.613930410071348, 6.613930410062344, 6.613930410057217, 6.6139304100687974, 6.613930410082597, 6.613930410048445, 6.613930410081566, 6.613930410040967, 6.613930410045152, 6.613930410064687, 6.613930410059306, 6.613930410090125, 6.616327863460516, 6.616327863507306, 6.616327863452458, 6.616327863456563, 6.61632786345066, 6.61632786345682, 6.616327863438063, 6.616327863440651, 6.616327863444427, 6.6163278634526215, 6.616327863451701, 6.616327863467137, 6.616327863453273, 6.616327863451616, 6.616327863450555, 6.616327863460805, 6.61632786345518, 6.616327863461663, 6.6163278634504845, 6.616327863452556, 6.616327863453338, 6.61632786346307, 6.6163278634585465, 6.616327863465465, 6.616327863456708, 6.616327863448185, 6.616327863472037, 6.616327863476025, 6.616327863468408, 6.61632786345262, 6.616327863460514, 6.616327863464299, 6.616327863457745, 6.616327863449455, 6.616327863467832, 6.616327863450958, 6.6163278634691, 6.616327863470139, 6.61632786346001, 6.616327863460992, 6.61632786344515, 6.617946163131298, 6.617946163170204, 6.617946163132238, 6.6179461631307515, 6.6179461631291465, 6.617946163131892, 6.617946163128933, 6.617946163131601, 6.617946163132871, 6.617946163132025, 6.617946163133534, 6.617946163130188, 6.617946163135148, 6.617946163131305, 6.617946163131133, 6.617946163132259, 6.617946163134538, 6.617946163128012, 6.617946163131552, 6.617946163135124, 6.617946163133391, 6.6179461631306635, 6.617946163132741, 6.6179461631273, 6.61794616312604, 6.617946163140214, 6.61794616312119, 6.6179461631252945, 6.617946163123277, 6.617946163139536, 6.617946163131295, 6.617946163130545, 6.617946163131158, 6.617946163129591, 6.617946163131874, 6.617946163133079, 6.617946163128149, 6.617946163131075, 6.617946163129947, 6.617946163131842, 6.6179461631312035, 6.6174334797692795, 6.61743347973157, 6.617433479774983, 6.617433479768304, 6.617433479778594, 6.617433479772217, 6.61743347977641, 6.617433479779344, 6.617433479781517, 6.617433479772458, 6.617433479773143, 6.617433479765628, 6.617433479771608, 6.6174334797745775, 6.61743347977558, 6.617433479767254, 6.61743347977258, 6.617433479767648, 6.6174334797735765, 6.61743347977245, 6.617433479772947, 6.617433479766144, 6.61743347977016, 6.617433479768034, 6.617433479766851, 6.617433479770989, 6.617433479766367, 6.61743347977031, 6.6174334797721235, 6.617433479766901, 6.617433479769285, 6.617433479767326, 6.617433479769379, 6.617433479775246, 6.617433479764084, 6.6174334797728, 6.617433479764038, 6.617433479766867, 6.617433479768915, 6.617433479769141, 6.617433479776264, 6.617154761435222, 6.617154761389213, 6.617154761429745, 6.617154761431659, 6.6171547614294095, 6.6171547614326, 6.617154761414832, 6.61715476141757, 6.6171547614214346, 6.6171547614308, 6.617154761429564, 6.6171547614423, 6.617154761429, 6.617154761429048, 6.6171547614284085, 6.617154761436195, 6.617154761426996, 6.617154761438373, 6.6171547614291315, 6.61715476142782, 6.617154761429928, 6.617154761437765, 6.617154761432867, 6.61715476143929, 6.617154761439102, 6.61715476142366, 6.617154761445919, 6.617154761449888, 6.617154761442649, 6.617154761427549, 6.617154761435216, 6.61715476143771, 6.617154761432854, 6.617154761427138, 6.617154761440767, 6.617154761426251, 6.617154761442867, 6.617154761443987, 6.617154761434556, 6.617154761435719, 6.617154761423228, 6.61824242974523, 6.6182424297751705, 6.618242429755622, 6.6182424297511435, 6.618242429754145, 6.618242429747662, 6.6182424297654565, 6.6182424297681, 6.618242429766864, 6.618242429754985, 6.618242429757701, 6.618242429733514, 6.618242429759281, 6.618242429753005, 6.618242429754931, 6.618242429742754, 6.6182424297540825, 6.618242429742313, 6.618242429755866, 6.618242429754763, 6.618242429750337, 6.618242429741667, 6.618242429746646, 6.618242429740292, 6.618242429751448, 6.618242429764341, 6.618242429724618, 6.6182424297288085, 6.618242429730081, 6.618242429760987, 6.618242429745226, 6.618242429740298, 6.618242429749996, 6.6182424297563545, 6.618242429737565, 6.618242429759296, 6.61824242972925, 6.618242429733869, 6.618242429745497, 6.618242429743826, 6.618242429762479, 6.6172228382562315, 6.617222838304177, 6.617222838240931, 6.617222838251206, 6.617222838239317, 6.617222838252755, 6.61722283821915, 6.617222838222329, 6.617222838227862, 6.617222838238471, 6.6172228382360005, 6.6172228382716, 6.617222838240481, 6.617222838246623, 6.617222838244664, 6.61722283826401, 6.61722283824353, 6.617222838261449, 6.617222838245497, 6.617222838241732, 6.617222838252416, 6.617222838262351, 6.617222838254541, 6.617222838264074, 6.617222838253717, 6.617222838234938, 6.617222838277022, 6.617222838281238, 6.617222838270452, 6.61722283824169, 6.61722283825623, 6.617222838264316, 6.61722283825084, 6.617222838240315, 6.617222838265443, 6.61722283823663, 6.617222838274641, 6.617222838274469, 6.617222838253272, 6.617222838259427, 6.617222838229868, 6.615672471962972, 6.615672471930301, 6.61567247197946, 6.6156724719688, 6.615672471983458, 6.615672471966464, 6.615672472011978, 6.615672472013965, 6.615672472011382, 6.615672471983454, 6.615672471987504, 6.615672471946957, 6.615672471977077, 6.615672471969015, 6.615672471976399, 6.6156724719484155, 6.615672471979873, 6.615672471955398, 6.61567247196973, 6.615672471980455, 6.6156724719611155, 6.6156724719550715, 6.6156724719632685, 6.615672471953624, 6.615672471956337, 6.61567247198591, 6.615672471938342, 6.615672471942665, 6.615672471948333, 6.615672471979181, 6.615672471962971, 6.615672471956309, 6.615672471968024, 6.615672471983371, 6.615672471953502, 6.615672471988598, 6.615672471935111, 6.61567247194103, 6.615672471968294, 6.615672471957402, 6.615672471994591, 6.6149035742693965, 6.6149035742192215, 6.6149035742467435, 6.61490357426143, 6.6149035742430105, 6.614903574267406, 6.614903574212637, 6.614903574216632, 6.614903574223512, 6.614903574244904, 6.614903574241054, 6.6149035742928515, 6.6149035742489914, 6.614903574263347, 6.614903574256558, 6.614903574286981, 6.614903574248623, 6.614903574275304, 6.614903574265168, 6.614903574252206, 6.6149035742759015, 6.614903574279816, 6.614903574270596, 6.61490357427604, 6.614903574269978, 6.614903574246561, 6.6149035742918265, 6.614903574295897, 6.614903574286943, 6.614903574250539, 6.614903574269407, 6.614903574280071, 6.614903574262329, 6.614903574248499, 6.614903574276871, 6.614903574239266, 6.61490357429819, 6.614903574296914, 6.614903574262151, 6.614903574276694, 6.614903574235217, 6.614888045057554, 6.61488804508322, 6.6148880450855785, 6.614888045068014, 6.614888045085744, 6.614888045061182, 6.61488804511027, 6.614888045112065, 6.61488804510684, 6.614888045082549, 6.614888045086936, 6.61488804503128, 6.614888045085678, 6.614888045064347, 6.61488804506973, 6.614888045037695, 6.614888045076105, 6.614888045050932, 6.614888045067473, 6.614888045073624, 6.6148880450502086, 6.614888045046487, 6.614888045056423, 6.614888045050005, 6.614888045065385, 6.614888045083488, 6.6148880450299465, 6.614888045034237, 6.614888045038672, 6.614888045077489, 6.614888045057558, 6.614888045043816, 6.61488804506702, 6.61488804507959, 6.614888045046864, 6.614888045088915, 6.614888045023952, 6.614888045030871, 6.614888045065339, 6.61488804504912, 6.614888045097644, 6.614103097658115, 6.614103097711376, 6.614103097633112, 6.614103097648521, 6.6141030976277895, 6.614103097655713, 6.614103097593696, 6.614103097597394, 6.6141030976047865, 6.614103097633378, 6.614103097629245, 6.61410309768535, 6.61410309763459, 6.6141030976480755, 6.614103097641695, 6.614103097676613, 6.61410309763848, 6.6141030976652875, 6.614103097646009, 6.61410309763859, 6.614103097656893, 6.614103097669286, 6.614103097657285, 6.614103097667861, 6.6141030976570665, 6.6141030976300765, 6.614103097685964, 6.614103097689938, 6.61410309767592, 6.614103097639035, 6.614103097658112, 6.614103097669741, 6.614103097649214, 6.614103097630577, 6.6141030976712845, 6.614103097625855, 6.614103097689224, 6.614103097687332, 6.614103097651372, 6.614103097664857, 6.6141030976154545, 6.615154200527114, 6.615154200505202, 6.615154200553294, 6.615154200536109, 6.615154200556999, 6.615154200535161, 6.615154200588184, 6.615154200590555, 6.615154200585243, 6.6151542005516095, 6.615154200556545, 6.615154200501769, 6.615154200549073, 6.615154200545304, 6.615154200551361, 6.615154200514854, 6.615154200551335, 6.615154200517404, 6.615154200544745, 6.6151542005496085, 6.615154200534152, 6.615154200515257, 6.61515420053015, 6.615154200516614, 6.615154200521058, 6.615154200559669, 6.6151542004928725, 6.615154200497419, 6.6151542005078445, 6.6151542005479165, 6.615154200527122, 6.615154200516618, 6.615154200534937, 6.61515420055481, 6.6151542005096005, 6.6151542005602915, 6.615154200491558, 6.615154200499195, 6.615154200531319, 6.615154200521887, 6.615154200568941, 6.6145226946976985, 6.614522694642022, 6.61452269467344, 6.614522694688498, 6.61452269467145, 6.614522694688278, 6.614522694636262, 6.614522694639686, 6.614522694647537, 6.614522694671399, 6.614522694666902, 6.614522694722888, 6.6145226946728695, 6.614522694675954, 6.614522694671592, 6.614522694707078, 6.614522694674027, 6.614522694704851, 6.614522694675598, 6.614522694675551, 6.61452269468523, 6.614522694707743, 6.614522694694101, 6.6145226947078966, 6.614522694694831, 6.614522694662982, 6.614522694732381, 6.614522694736889, 6.614522694718938, 6.614522694675436, 6.6145226946977065, 6.614522694709582, 6.614522694689439, 6.614522694668621, 6.614522694716839, 6.6145226946639495, 6.614522694730349, 6.614522694727946, 6.61452269469441, 6.6145226947019236, 6.614522694653333, 6.615767594142248, 6.615767594169813, 6.615767594161521, 6.6157675941498155, 6.615767594163006, 6.6157675941465435, 6.615767594195414, 6.615767594197788, 6.6157675941925245, 6.615767594167632, 6.615767594172369, 6.615767594121207, 6.615767594162094, 6.6157675941564476, 6.615767594161443, 6.615767594131163, 6.615767594160391, 6.615767594133599, 6.615767594160851, 6.615767594165135, 6.615767594152217, 6.615767594133887, 6.6157675941454945, 6.615767594129414, 6.615767594149665, 6.615767594178484, 6.615767594104296, 6.615767594108642, 6.615767594118753, 6.615767594166757, 6.615767594142254, 6.615767594133625, 6.615767594150617, 6.615767594167677, 6.615767594125996, 6.615767594172442, 6.615767594109675, 6.615767594117374, 6.615767594145381, 6.615767594138009, 6.61576759418134, 6.618192598574736, 6.618192598624231, 6.6181925985569, 6.618192598567873, 6.618192598557317, 6.618192598569566, 6.618192598527129, 6.618192598530895, 6.618192598538106, 6.6181925985534775, 6.618192598549494, 6.618192598591326, 6.61819259855797, 6.618192598566333, 6.61819259856125, 6.6181925985855345, 6.618192598557608, 6.618192598582919, 6.6181925985669565, 6.618192598557321, 6.618192598573244, 6.618192598582229, 6.618192598572992, 6.618192598585512, 6.618192598575923, 6.618192598547489, 6.61819259860178, 6.618192598605818, 6.618192598594332, 6.618192598554192, 6.61819259857473, 6.618192598583119, 6.618192598570201, 6.618192598557511, 6.618192598581859, 6.618192598549413, 6.6181925985986, 6.618192598597188, 6.61819259856999, 6.61819259857973, 6.618192598544374, 6.6226932778708, 6.622693277898181, 6.622693277888316, 6.622693277877222, 6.622693277889449, 6.6226932778740375, 6.622693277900032, 6.622693277902473, 6.62269327789954, 6.622693277885724, 6.6226932778882, 6.622693277853542, 6.622693277888374, 6.6226932778790495, 6.6226932778815835, 6.622693277860438, 6.622693277884689, 6.622693277867761, 6.622693277877889, 6.622693277877849, 6.622693277868385, 6.622693277863743, 6.622693277870119, 6.6226932778697325, 6.622693277865633, 6.622693277884963, 6.622693277855542, 6.62269327786006, 6.622693277861275, 6.622693277880966, 6.622693277870796, 6.622693277862718, 6.6226932778764285, 6.622693277883188, 6.62269327786326, 6.62269327789011, 6.622693277849512, 6.622693277855313, 6.622693277874635, 6.6226932778660705, 6.6226932778937355, 6.620322207848312, 6.620322207792992, 6.620322207832349, 6.620322207840141, 6.620322207827723, 6.620322207847068, 6.620322207820015, 6.620322207822679, 6.620322207825971, 6.620322207841058, 6.620322207840961, 6.620322207867683, 6.620322207835765, 6.620322207838349, 6.620322207837156, 6.6203222078564075, 6.620322207841875, 6.620322207848834, 6.620322207835612, 6.620322207845774, 6.620322207845315, 6.620322207855182, 6.620322207847485, 6.62032220784551, 6.620322207852991, 6.620322207846479, 6.62032220784956, 6.620322207853359, 6.620322207843477, 6.6203222078526816, 6.620322207848316, 6.6203222078545405, 6.620322207842019, 6.620322207831343, 6.620322207859522, 6.620322207836254, 6.620322207859022, 6.62032220786026, 6.620322207844796, 6.620322207851428, 6.620322207826626, 6.621536340272633, 6.621536340235712, 6.621536340282299, 6.621536340271874, 6.621536340290368, 6.621536340277013, 6.6215363402930585, 6.621536340296073, 6.621536340296571, 6.621536340272155, 6.621536340272711, 6.621536340264693, 6.621536340277041, 6.621536340282179, 6.6215363402832494, 6.621536340267118, 6.621536340277466, 6.621536340269446, 6.621536340282092, 6.621536340277717, 6.621536340280825, 6.6215363402669025, 6.621536340274418, 6.621536340269802, 6.621536340271401, 6.6215363402758385, 6.621536340268484, 6.621536340272154, 6.621536340278017, 6.621536340267445, 6.621536340272632, 6.621536340269118, 6.621536340274752, 6.621536340286543, 6.621536340260681, 6.621536340280046, 6.621536340263173, 6.6215363402671095, 6.621536340273222, 6.621536340271854, 6.621536340288747, 6.624664605744753, 6.624664605708634, 6.624664605745137, 6.624664605746721, 6.624664605745487, 6.6246646057421446, 6.6246646057327085, 6.62466460573585, 6.624664605737085, 6.62466460574428, 6.624664605742986, 6.624664605741487, 6.624664605749963, 6.624664605743118, 6.624664605740786, 6.624664605742095, 6.624664605739167, 6.624664605745776, 6.624664605746008, 6.6246646057372525, 6.62466460574067, 6.624664605745248, 6.624664605743283, 6.624664605750411, 6.624664605740991, 6.62466460573708, 6.624664605751779, 6.624664605756288, 6.624664605751634, 6.624664605737141, 6.62466460574475, 6.6246646057439, 6.624664605747209, 6.624664605742152, 6.6246646057443845, 6.624664605740913, 6.624664605746618, 6.624664605748685, 6.624664605745609, 6.624664605743867, 6.624664605743598, 6.623823433722055, 6.6238234337667885, 6.62382343371207, 6.62382343372156, 6.623823433703047, 6.623823433720543, 6.623823433704785, 6.623823433707365, 6.623823433706722, 6.623823433727628, 6.6238234337285755, 6.623823433730672, 6.623823433722103, 6.623823433715582, 6.623823433714763, 6.623823433727214, 6.623823433720113, 6.623823433720899, 6.623823433716527, 6.623823433722734, 6.623823433718508, 6.623823433727524, 6.6238234337212125, 6.623823433720168, 6.623823433729012, 6.623823433730759, 6.6238234337125315, 6.623823433716888, 6.62382343370848, 6.623823433735072, 6.623823433722052, 6.623823433724774, 6.6238234337210375, 6.623823433710665, 6.623823433729337, 6.623823433720122, 6.623823433722281, 6.62382343372533, 6.623823433720245, 6.623823433722985, 6.623823433711894, 6.623152242444571, 6.623152242481363, 6.623152242454092, 6.6231522424447995, 6.623152242460637, 6.623152242448282, 6.62315224247152, 6.623152242474188, 6.623152242473203, 6.623152242442562, 6.62315224244383, 6.623152242437416, 6.62315224244604, 6.62315224245115, 6.623152242455762, 6.623152242439553, 6.623152242453232, 6.623152242441429, 6.623152242448256, 6.623152242452476, 6.623152242447669, 6.623152242438337, 6.623152242444895, 6.623152242441963, 6.623152242440929, 6.62315224244991, 6.623152242438351, 6.623152242442321, 6.6231522424439255, 6.623152242445887, 6.623152242444578, 6.623152242442512, 6.623152242446074, 6.62315224245814, 6.623152242435969, 6.623152242455129, 6.623152242432151, 6.623152242436352, 6.623152242445843, 6.623152242442997, 6.62315224245733, 6.624024108314134, 6.6240241083540905, 6.624024108306999, 6.62402410831074, 6.624024108311884, 6.624024108312126, 6.624024108289962, 6.624024108293592, 6.624024108298248, 6.624024108296503, 6.6240241082934075, 6.624024108322887, 6.624024108302779, 6.624024108312285, 6.624024108310204, 6.6240241083203895, 6.624024108304151, 6.624024108317512, 6.624024108311603, 6.624024108303023, 6.624024108314563, 6.624024108316761, 6.62402410831355, 6.624024108321279, 6.624024108312624, 6.624024108293615, 6.624024108334361, 6.624024108339055, 6.624024108332347, 6.624024108295362, 6.624024108314131, 6.6240241083194675, 6.62402410831126, 6.6240241083075375, 6.624024108315557, 6.624024108297248, 6.624024108329169, 6.624024108328813, 6.6240241083112315, 6.624024108317497, 6.624024108297074, 6.623989159601458, 6.623989159572391, 6.623989159612349, 6.623989159609005, 6.623989159601533, 6.623989159602891, 6.6239891596201295, 6.623989159622362, 6.623989159615884, 6.6239891596320755, 6.623989159635229, 6.62398915959234, 6.6239891596184215, 6.6239891596049665, 6.623989159606621, 6.623989159594715, 6.623989159610341, 6.6239891595946645, 6.623989159609749, 6.6239891596135925, 6.623989159601211, 6.623989159599762, 6.623989159601997, 6.623989159592374, 6.623989159591931, 6.623989159631468, 6.623989159570243, 6.623989159575937, 6.623989159577171, 6.62398915962556, 6.623989159601462, 6.6239891595951415, 6.623989159606804, 6.623989159606197, 6.623989159599783, 6.623989159620366, 6.623989159580309, 6.623989159587395, 6.6239891596044815, 6.623989159597427, 6.623989159622185, 6.6230392461788465, 6.623039246131618, 6.623039246164681, 6.623039246173236, 6.623039246164191, 6.623039246172423, 6.623039246138931, 6.6230392461422785, 6.623039246148214, 6.6230392461568774, 6.623039246153742, 6.62303924619402, 6.623039246165367, 6.623039246163057, 6.6230392461606655, 6.623039246185252, 6.6230392461646606, 6.623039246185175, 6.623039246164518, 6.623039246164461, 6.623039246168718, 6.623039246184229, 6.623039246176534, 6.623039246184872, 6.623039246182886, 6.6230392461554155, 6.623039246202183, 6.623039246207074, 6.623039246192526, 6.6230392461644705, 6.623039246178844, 6.623039246186146, 6.623039246173997, 6.623039246160771, 6.623039246190782, 6.623039246155535, 6.623039246200512, 6.623039246198646, 6.623039246176846, 6.623039246181635, 6.623039246150097, 6.621745369552339, 6.621745369533727, 6.62174536957901, 6.621745369558429, 6.621745369585343, 6.621745369562649, 6.621745369606994, 6.62174536960968, 6.62174536960408, 6.621745369562126, 6.621745369564734, 6.621745369528274, 6.621745369565096, 6.621745369578299, 6.621745369583057, 6.62174536954638, 6.621745369573534, 6.621745369544954, 6.621745369577191, 6.621745369568536, 6.621745369571119, 6.621745369538754, 6.621745369557778, 6.621745369545276, 6.621745369555516, 6.621745369574383, 6.621745369529224, 6.621745369534026, 6.621745369547753, 6.621745369557979, 6.621745369552348, 6.6217453695445885, 6.621745369558652, 6.621745369582927, 6.621745369528426, 6.62174536957843, 6.621745369524033, 6.621745369531561, 6.6217453695537465, 6.62174536955013, 6.621745369589052, 6.6194056469237585, 6.619405646979199, 6.6194056468928455, 6.619405646916725, 6.6194056468857045, 6.619405646913577, 6.619405646857476, 6.619405646860595, 6.619405646868603, 6.619405646909934, 6.619405646906023, 6.619405646953363, 6.619405646901759, 6.619405646896622, 6.619405646894091, 6.619405646935183, 6.619405646902624, 6.619405646932866, 6.619405646895727, 6.619405646905695, 6.619405646900063, 6.61940564693737, 6.619405646918508, 6.619405646933664, 6.619405646931581, 6.619405646895535, 6.619405646952053, 6.619405646957777, 6.619405646932358, 6.619405646914336, 6.619405646923751, 6.619405646937596, 6.619405646915508, 6.619405646887312, 6.619405646949958, 6.619405646892056, 6.619405646953817, 6.619405646949576, 6.619405646922104, 6.619405646926571, 6.619405646876261, 6.619955361011676, 6.61995536103006, 6.619955361041165, 6.619955361021012, 6.619955361038268, 6.619955361021655, 6.619955361074838, 6.619955361077, 6.619955361066664, 6.619955361042373, 6.61995536104766, 6.6199553609854025, 6.619955361036037, 6.619955361033815, 6.619955361038226, 6.619955360999594, 6.6199553610330675, 6.61995536100069, 6.619955361038011, 6.619955361035125, 6.619955361028959, 6.619955360999897, 6.619955361016798, 6.619955360997434, 6.6199553610177, 6.619955361054599, 6.6199553609673965, 6.619955360972191, 6.619955360987862, 6.61995536103646, 6.619955361011676, 6.619955360999153, 6.619955361020744, 6.619955361041336, 6.619955360990212, 6.6199553610491835, 6.619955360971791, 6.619955360982496, 6.619955361015577, 6.619955361006361, 6.619955361060669, 6.618051091445701, 6.618051091393899, 6.6180510914226165, 6.6180510914355235, 6.618051091426928, 6.6180510914374775, 6.618051091379708, 6.6180510913838875, 6.618051091396811, 6.618051091400549, 6.6180510913946184, 6.618051091471385, 6.6180510914206545, 6.618051091425186, 6.618051091418762, 6.618051091457983, 6.61805109141907, 6.618051091459306, 6.6180510914275175, 6.6180510914180894, 6.618051091436371, 6.618051091455051, 6.618051091443275, 6.61805109146046, 6.618051091447237, 6.6180510913971675, 6.618051091494759, 6.618051091498644, 6.618051091479625, 6.618051091411063, 6.618051091445706, 6.618051091456891, 6.618051091437632, 6.618051091420284, 6.618051091458723, 6.618051091403209, 6.618051091486556, 6.618051091480023, 6.618051091440232, 6.618051091452748, 6.618051091398909, 6.619990111293259, 6.619990111269777, 6.619990111318156, 6.619990111303151, 6.619990111313696, 6.619990111299181, 6.619990111354319, 6.619990111355948, 6.6199901113446336, 6.619990111336701, 6.619990111342626, 6.61999011126864, 6.619990111319414, 6.619990111307358, 6.6199901113144675, 6.619990111275258, 6.619990111314785, 6.6199901112814, 6.619990111309239, 6.619990111317488, 6.6199901112961, 6.619990111284398, 6.619990111293945, 6.619990111279253, 6.619990111283038, 6.619990111338773, 6.619990111246396, 6.619990111251371, 6.619990111260563, 6.619990111326824, 6.619990111293266, 6.619990111281492, 6.619990111303003, 6.6199901113179145, 6.619990111280179, 6.619990111334971, 6.6199901112493675, 6.619990111259945, 6.6199901113012505, 6.6199901112839274, 6.619990111341361, 6.622620699151924, 6.622620699204258, 6.622620699122413, 6.622620699142628, 6.622620699119917, 6.622620699147884, 6.622620699089524, 6.6226206990931695, 6.6226206991022485, 6.622620699125254, 6.622620699121377, 6.622620699180756, 6.622620699128661, 6.622620699140534, 6.62262069913444, 6.622620699172629, 6.622620699135645, 6.622620699159417, 6.622620699137063, 6.622620699134502, 6.6226206991495875, 6.6226206991646155, 6.622620699151365, 6.622620699160994, 6.62262069914958, 6.622620699124261, 6.622620699179725, 6.622620699183986, 6.622620699166895, 6.622620699136151, 6.622620699151931, 6.6226206991654015, 6.6226206991440755, 6.6226206991249645, 6.622620699164151, 6.622620699117599, 6.622620699184623, 6.622620699179932, 6.622620699143217, 6.622620699161166, 6.62262069910559, 6.626988359550435, 6.626988359574911, 6.626988359574636, 6.626988359554356, 6.626988359584893, 6.626988359555368, 6.626988359598099, 6.6269883596006345, 6.626988359596734, 6.62698835955798, 6.626988359559617, 6.626988359526833, 6.626988359566312, 6.626988359564657, 6.626988359568755, 6.626988359533788, 6.626988359564859, 6.6269883595439, 6.626988359563093, 6.626988359558982, 6.626988359554224, 6.626988359538926, 6.62698835955073, 6.6269883595480295, 6.626988359547563, 6.626988359560143, 6.626988359540038, 6.62698835954404, 6.62698835955145, 6.6269883595502, 6.626988359550449, 6.626988359541283, 6.626988359556979, 6.62698835957462, 6.626988359534184, 6.626988359572036, 6.626988359526959, 6.626988359532778, 6.626988359556135, 6.626988359544441, 6.626988359582974, 6.6309503539298635, 6.630950353887811, 6.6309503539214445, 6.63095035392754, 6.630950353914593, 6.63095035392749, 6.6309503539047014, 6.630950353907645, 6.630950353909047, 6.630950353928156, 6.630950353927934, 6.630950353939209, 6.630950353929468, 6.630950353922056, 6.630950353918171, 6.630950353935251, 6.630950353923442, 6.630950353929856, 6.63095035392329, 6.6309503539262105, 6.63095035392798, 6.6309503539351695, 6.630950353929353, 6.630950353929515, 6.6309503539249, 6.63095035392991, 6.630950353929501, 6.630950353933922, 6.630950353925352, 6.630950353933757, 6.630950353929863, 6.630950353931736, 6.630950353928544, 6.630950353916614, 6.63095035393642, 6.630950353920235, 6.630950353937743, 6.630950353938714, 6.6309503539268695, 6.630950353932404, 6.630950353915904, 6.632657241126941, 6.632657241087886, 6.632657241121299, 6.632657241124556, 6.632657241118412, 6.632657241128082, 6.632657241110525, 6.632657241113448, 6.632657241114693, 6.632657241128414, 6.632657241128523, 6.632657241135266, 6.632657241124053, 6.632657241125311, 6.632657241122545, 6.632657241130907, 6.632657241124193, 6.632657241125341, 6.632657241124104, 6.632657241125793, 6.632657241128253, 6.632657241130847, 6.632657241127076, 6.632657241127395, 6.632657241124847, 6.632657241127294, 6.632657241126232, 6.632657241130558, 6.632657241126388, 6.632657241127175, 6.632657241126943, 6.632657241128647, 6.632657241124926, 6.632657241118997, 6.632657241129027, 6.6326572411221925, 6.632657241129843, 6.632657241132008, 6.632657241124146, 6.632657241129014, 6.632657241119164, 6.6299328546682705, 6.6299328547021315, 6.629932854682429, 6.629932854669206, 6.629932854692469, 6.629932854669787, 6.629932854703855, 6.629932854706189, 6.629932854703937, 6.629932854675479, 6.6299328546772145, 6.629932854654733, 6.629932854674392, 6.629932854672515, 6.629932854678424, 6.62993285465187, 6.629932854675445, 6.629932854664792, 6.629932854671054, 6.629932854677767, 6.629932854663571, 6.629932854660946, 6.629932854666078, 6.629932854665753, 6.629932854672371, 6.6299328546757765, 6.629932854660159, 6.629932854664024, 6.62993285466579, 6.629932854671424, 6.629932854668262, 6.629932854663573, 6.629932854671877, 6.629932854685275, 6.629932854659922, 6.629932854686726, 6.629932854648008, 6.629932854652911, 6.62993285467442, 6.629932854661672, 6.629932854692064, 6.628518685207294, 6.62851868525244, 6.6285186851876, 6.62851868520112, 6.628518685185056, 6.628518685203276, 6.628518685162304, 6.62851868516574, 6.628518685171125, 6.628518685181568, 6.6285186851790945, 6.62851868522463, 6.628518685193167, 6.628518685202143, 6.628518685196028, 6.62851868522598, 6.628518685194745, 6.62851868521509, 6.628518685203243, 6.628518685196967, 6.6285186852130655, 6.628518685215387, 6.628518685208323, 6.628518685211586, 6.62851868520975, 6.628518685192319, 6.628518685222277, 6.62851868522603, 6.628518685215153, 6.628518685198602, 6.628518685207298, 6.6285186852165, 6.628518685203623, 6.628518685192474, 6.628518685210292, 6.628518685182961, 6.628518685229974, 6.6285186852270135, 6.628518685198272, 6.62851868521602, 6.628518685175929, 6.629766134062146, 6.629766134082756, 6.6297661340814695, 6.629766134070595, 6.629766134075481, 6.6297661340639396, 6.629766134098924, 6.629766134101084, 6.629766134092251, 6.629766134094565, 6.629766134096848, 6.629766134040478, 6.629766134082937, 6.629766134074872, 6.629766134078166, 6.629766134048094, 6.6297661340753695, 6.629766134054943, 6.629766134075743, 6.629766134074186, 6.629766134062552, 6.629766134055032, 6.629766134061599, 6.6297661340581096, 6.629766134070436, 6.6297661340874114, 6.629766134036122, 6.629766134041745, 6.629766134046954, 6.629766134077587, 6.629766134062144, 6.629766134053922, 6.629766134070391, 6.629766134077575, 6.629766134051984, 6.62976613408885, 6.6297661340334555, 6.629766134041058, 6.629766134068727, 6.629766134054718, 6.629766134095627, 6.628334532177246, 6.628334532129022, 6.628334532159304, 6.628334532169254, 6.628334532160848, 6.628334532171023, 6.62833453213703, 6.628334532140313, 6.628334532149075, 6.628334532153295, 6.6283345321497675, 6.6283345321973375, 6.628334532160014, 6.628334532159373, 6.62833453215685, 6.628334532183615, 6.628334532165259, 6.628334532183686, 6.628334532158039, 6.628334532162397, 6.628334532162832, 6.628334532183534, 6.628334532174044, 6.628334532184632, 6.628334532179547, 6.628334532147122, 6.628334532207642, 6.628334532212752, 6.628334532195078, 6.628334532159353, 6.628334532177242, 6.628334532185829, 6.628334532170349, 6.628334532155625, 6.6283345321913165, 6.62833453215016, 6.6283345322026435, 6.628334532197696, 6.628334532175003, 6.628334532180713, 6.628334532143654, 6.628911917220608, 6.6289119171961675, 6.628911917239469, 6.6289119172215605, 6.628911917237181, 6.6289119172339035, 6.628911917260829, 6.628911917263196, 6.628911917253601, 6.628911917231171, 6.628911917235094, 6.628911917211321, 6.628911917229836, 6.628911917242737, 6.628911917242591, 6.628911917220344, 6.628911917235787, 6.628911917209923, 6.628911917242997, 6.628911917236854, 6.628911917247631, 6.628911917212938, 6.628911917227742, 6.628911917205275, 6.628911917221031, 6.6289119172528155, 6.628911917187739, 6.6289119171911, 6.628911917207192, 6.628911917234594, 6.6289119172206075, 6.628911917213155, 6.628911917222773, 6.628911917240663, 6.628911917201053, 6.628911917242015, 6.628911917197331, 6.628911917206833, 6.628911917217804, 6.628911917221689, 6.628911917249016, 6.631678614803521, 6.631678614764287, 6.631678614794949, 6.631678614804361, 6.631678614796588, 6.63167861479343, 6.631678614771097, 6.631678614774139, 6.631678614778114, 6.631678614799903, 6.631678614797403, 6.631678614810821, 6.63167861480207, 6.631678614779189, 6.631678614779852, 6.631678614798207, 6.631678614789171, 6.631678614811507, 6.631678614783006, 6.631678614787452, 6.631678614773588, 6.631678614808074, 6.631678614796368, 6.631678614814643, 6.631678614796191, 6.631678614780407, 6.631678614826791, 6.6316786148325475, 6.631678614809183, 6.631678614797506, 6.631678614803511, 6.631678614807025, 6.631678614802176, 6.631678614784755, 6.631678614821294, 6.63167861478875, 6.631678614816423, 6.631678614813011, 6.63167861480858, 6.631678614799127, 6.631678614784906, 6.634624085026394, 6.634624085051056, 6.634624085029718, 6.634624085029297, 6.634624085026642, 6.6346240850310885, 6.634624085030463, 6.634624085033166, 6.6346240850269, 6.634624085031601, 6.634624085032468, 6.634624085023535, 6.634624085029516, 6.634624085039791, 6.634624085037666, 6.634624085033847, 6.6346240850304525, 6.634624085022796, 6.634624085040793, 6.6346240850295475, 6.634624085042027, 6.634624085025582, 6.6346240850305245, 6.63462408502362, 6.6346240850235505, 6.634624085039664, 6.634624085012733, 6.634624085016894, 6.634624085021004, 6.634624085031564, 6.634624085026407, 6.634624085026385, 6.634624085028476, 6.634624085033177, 6.634624085015137, 6.634624085031988, 6.634624085018897, 6.634624085023594, 6.634624085022003, 6.634624085029461, 6.634624085032433, 6.634588041085407, 6.634588041120291, 6.634588041084806, 6.6345880410836, 6.634588041090234, 6.634588041086801, 6.634588041097503, 6.634588041100099, 6.634588041098942, 6.634588041080973, 6.634588041081116, 6.6345880410863645, 6.634588041079168, 6.634588041088148, 6.634588041090565, 6.634588041083237, 6.6345880410886995, 6.634588041082788, 6.634588041086815, 6.6345880410894695, 6.63458804108739, 6.634588041083486, 6.634588041085964, 6.634588041083997, 6.6345880410832105, 6.634588041085422, 6.634588041085167, 6.63458804108937, 6.634588041088555, 6.634588041082778, 6.634588041085401, 6.634588041087809, 6.634588041084637, 6.634588041091435, 6.634588041080114, 6.634588041088513, 6.634588041080547, 6.634588041082921, 6.634588041085276, 6.634588041085339, 6.634588041088105, 6.634771590098545, 6.634771590138129, 6.634771590091523, 6.634771590097293, 6.634771590090187, 6.634771590091586, 6.634771590085172, 6.634771590087953, 6.6347715900902, 6.634771590093839, 6.6347715900924715, 6.634771590103713, 6.634771590096046, 6.6347715900828526, 6.634771590083849, 6.634771590094644, 6.634771590092226, 6.634771590102145, 6.634771590085416, 6.634771590094675, 6.634771590081784, 6.6347715901005255, 6.634771590094514, 6.634771590102032, 6.634771590104707, 6.634771590088149, 6.634771590108947, 6.634771590114235, 6.634771590099941, 6.634771590097175, 6.63477159009854, 6.634771590101514, 6.634771590097583, 6.634771590088282, 6.6347715901081274, 6.634771590090399, 6.634771590104926, 6.634771590103516, 6.634771590101282, 6.6347715900962525, 6.634771590087687, 6.635489255436905, 6.635489255450876, 6.6354892554526534, 6.635489255442712, 6.635489255439698, 6.63548925544358, 6.635489255449547, 6.6354892554521445, 6.635489255441361, 6.635489255450038, 6.6354892554513345, 6.635489255425775, 6.63548925545179, 6.635489255458328, 6.635489255453334, 6.635489255443203, 6.635489255445328, 6.635489255430573, 6.635489255459834, 6.63548925544414, 6.63548925546003, 6.635489255432862, 6.635489255442632, 6.635489255430523, 6.635489255439702, 6.635489255461886, 6.6354892554115485, 6.635489255415976, 6.635489255426587, 6.635489255446779, 6.635489255436916, 6.635489255430398, 6.635489255441664, 6.635489255446519, 6.6354892554215725, 6.6354892554482445, 6.635489255423742, 6.635489255431048, 6.635489255432683, 6.635489255439487, 6.635489255453747, 6.633095582810345, 6.633095582767577, 6.6330955827977665, 6.633095582805179, 6.633095582806605, 6.633095582801822, 6.633095582780431, 6.633095582783428, 6.63309558279245, 6.633095582794167, 6.633095582790515, 6.633095582825035, 6.633095582795889, 6.633095582789918, 6.6330955827918165, 6.633095582807568, 6.633095582798456, 6.633095582818139, 6.633095582788108, 6.633095582797999, 6.633095582782722, 6.633095582814938, 6.633095582803802, 6.6330955828195135, 6.633095582806013, 6.6330955827791245, 6.63309558284189, 6.6330955828475995, 6.633095582825649, 6.633095582795148, 6.633095582810336, 6.6330955828173614, 6.633095582805188, 6.633095582793467, 6.633095582826668, 6.633095582789389, 6.633095582829601, 6.633095582823409, 6.633095582814072, 6.633095582808112, 6.633095582786183, 6.632950552487312, 6.632950552462294, 6.6329505525022565, 6.632950552488344, 6.632950552500358, 6.632950552497197, 6.6329505525256245, 6.632950552527617, 6.632950552517109, 6.632950552505962, 6.632950552510001, 6.632950552478552, 6.632950552493442, 6.632950552505862, 6.632950552508235, 6.632950552483188, 6.632950552500106, 6.632950552476542, 6.6329505525037025, 6.6329505525059345, 6.632950552505876, 6.632950552481465, 6.632950552491523, 6.632950552471522, 6.632950552484053, 6.632950552521469, 6.632950552452631, 6.632950552456149, 6.632950552469557, 6.632950552505586, 6.632950552487324, 6.632950552482032, 6.632950552490028, 6.632950552506621, 6.632950552472014, 6.632950552512321, 6.632950552460641, 6.632950552470499, 6.632950552487562, 6.632950552485586, 6.632950552515775, 6.6353953282119535, 6.635395328176634, 6.635395328197359, 6.635395328208908, 6.635395328196241, 6.635395328207006, 6.635395328170915, 6.635395328174067, 6.635395328181097, 6.635395328188423, 6.635395328185303, 6.635395328223737, 6.635395328204166, 6.635395328200234, 6.635395328195205, 6.635395328223804, 6.635395328203761, 6.635395328220894, 6.63539532820305, 6.635395328196803, 6.635395328206595, 6.635395328217168, 6.635395328211706, 6.635395328220716, 6.63539532821308, 6.635395328187645, 6.635395328236645, 6.635395328241207, 6.635395328226365, 6.635395328197495, 6.635395328211956, 6.635395328218378, 6.635395328209159, 6.635395328196396, 6.635395328217871, 6.635395328187676, 6.6353953282345515, 6.635395328229515, 6.635395328206696, 6.635395328217908, 6.635395328182004, 6.637725429994542, 6.637725430013507, 6.6377254300095165, 6.637725430001745, 6.637725430006028, 6.637725429993362, 6.63772543001974, 6.637725430022057, 6.6377254300159025, 6.637725430020577, 6.637725430021485, 6.637725429975577, 6.637725430012169, 6.63772542999745, 6.637725430000785, 6.63772542997761, 6.637725429998557, 6.637725429990075, 6.637725429999708, 6.637725429999003, 6.637725429987497, 6.637725429989025, 6.637725429992003, 6.637725429996314, 6.637725430001063, 6.6377254300066415, 6.637725429982252, 6.637725429987554, 6.6377254299868635, 6.637725430002815, 6.637725429994543, 6.6377254299880075, 6.637725430001188, 6.6377254300038775, 6.637725429990278, 6.637725430013875, 6.637725429973392, 6.637725429979025, 6.63772543000285, 6.637725429986055, 6.6377254300197315, 6.638417689335843, 6.638417689371032, 6.638417689324917, 6.6384176893312254, 6.638417689322825, 6.638417689338442, 6.638417689318115, 6.638417689320823, 6.638417689321021, 6.638417689318615, 6.638417689318933, 6.638417689349973, 6.6384176893251485, 6.638417689337185, 6.638417689332664, 6.6384176893514475, 6.638417689332671, 6.63841768933585, 6.638417689335466, 6.6384176893344815, 6.638417689348852, 6.638417689340477, 6.638417689339393, 6.638417689332073, 6.638417689335701, 6.638417689336164, 6.638417689335645, 6.63841768933905, 6.6384176893359506, 6.638417689336027, 6.638417689335843, 6.638417689341181, 6.63841768933217, 6.638417689329668, 6.638417689333657, 6.638417689324191, 6.638417689345874, 6.638417689346231, 6.638417689326754, 6.6384176893445, 6.638417689317261, 6.640155932999995, 6.640155933031221, 6.640155933002449, 6.640155932998637, 6.640155933011097, 6.640155932998464, 6.6401559330120365, 6.640155933014493, 6.640155933014968, 6.640155933000894, 6.640155933000726, 6.640155933000006, 6.64015593299547, 6.640155932997097, 6.640155933001425, 6.640155932990274, 6.640155932998343, 6.640155932998225, 6.640155932994034, 6.640155933001683, 6.640155932989652, 6.640155932998945, 6.640155932996865, 6.640155933000183, 6.640155932995909, 6.64015593299668, 6.640155933003356, 6.640155933008085, 6.640155933001233, 6.640155932999654, 6.640155932999996, 6.6401559330008375, 6.6401559329993045, 6.64015593300248, 6.6401559330022675, 6.640155933003134, 6.640155932995196, 6.64015593299597, 6.640155933004952, 6.640155932995618, 6.640155933005037, 6.6416618657403985, 6.6416618657196045, 6.641661865746929, 6.641661865742991, 6.641661865742135, 6.641661865741319, 6.6416618657406605, 6.641661865743034, 6.641661865738974, 6.641661865749445, 6.641661865749408, 6.6416618657354105, 6.641661865747981, 6.641661865746509, 6.641661865744166, 6.641661865740189, 6.64166186574295, 6.6416618657388025, 6.641661865746913, 6.641661865741107, 6.641661865744616, 6.641661865739718, 6.6416618657412165, 6.641661865739656, 6.641661865736771, 6.64166186574852, 6.64166186573229, 6.641661865736959, 6.64166186573688, 6.64166186574409, 6.641661865740402, 6.641661865737891, 6.641661865742833, 6.641661865741775, 6.641661865736345, 6.641661865744518, 6.641661865734697, 6.64166186573781, 6.641661865740927, 6.641661865739687, 6.641661865747804, 6.640865942620842, 6.640865942590292, 6.640865942613082, 6.640865942618394, 6.640865942608081, 6.640865942620165, 6.640865942593389, 6.640865942596004, 6.6408659425993015, 6.640865942608483, 6.640865942606962, 6.640865942629263, 6.640865942617958, 6.640865942615984, 6.6408659426104935, 6.6408659426309615, 6.640865942619987, 6.640865942625902, 6.640865942617784, 6.640865942614518, 6.640865942621965, 6.6408659426245205, 6.640865942622137, 6.640865942623593, 6.6408659426200085, 6.640865942611728, 6.640865942630253, 6.640865942634409, 6.640865942626645, 6.640865942615128, 6.640865942620838, 6.640865942623756, 6.640865942619036, 6.640865942610266, 6.640865942622616, 6.640865942606992, 6.640865942633193, 6.6408659426312004, 6.640865942616441, 6.640865942625616, 6.640865942604178, 6.640665909994186, 6.640665909973212, 6.640665910009398, 6.640665909996764, 6.640665910012098, 6.640665909994886, 6.640665910027012, 6.640665910029133, 6.640665910023603, 6.640665910011936, 6.640665910013355, 6.640665909979734, 6.6406659100025385, 6.640665909998931, 6.64066591000408, 6.640665909977101, 6.640665909999495, 6.640665909988121, 6.640665909998552, 6.640665910003914, 6.640665909989924, 6.640665909988271, 6.640665909992325, 6.640665909989995, 6.640665909998993, 6.640665910007849, 6.6406659099803935, 6.64066590998467, 6.640665909986929, 6.640665910002336, 6.640665909994191, 6.640665909988882, 6.6406659099977885, 6.6406659100070735, 6.640665909989496, 6.640665910013725, 6.640665909973081, 6.640665909978635, 6.640665910002615, 6.640665909985804, 6.640665910020845, 6.639850024577976, 6.63985002461507, 6.6398500245604914, 6.639850024572241, 6.6398500245596015, 6.639850024576533, 6.639850024545103, 6.639850024547838, 6.63985002455254, 6.639850024552761, 6.639850024551391, 6.639850024596961, 6.639850024562027, 6.639850024570355, 6.639850024565681, 6.639850024595548, 6.6398500245716985, 6.639850024583478, 6.639850024569296, 6.639850024571621, 6.639850024579478, 6.639850024584792, 6.639850024579622, 6.639850024579421, 6.6398500245783865, 6.639850024563345, 6.639850024593021, 6.639850024596536, 6.63985002458526, 6.639850024570887, 6.639850024577962, 6.639850024586206, 6.639850024572978, 6.63985002456451, 6.639850024582015, 6.6398500245559235, 6.639850024598474, 6.639850024593782, 6.6398500245696495, 6.63985002458676, 6.639850024547117, 6.641130867184769, 6.641130867204273, 6.641130867197493, 6.641130867187874, 6.6411308671962255, 6.641130867187594, 6.641130867212771, 6.641130867214971, 6.641130867206779, 6.641130867209147, 6.641130867210953, 6.641130867172796, 6.641130867193487, 6.641130867195287, 6.641130867197583, 6.641130867173396, 6.641130867186314, 6.641130867177709, 6.64113086719439, 6.6411308671951295, 6.641130867188496, 6.641130867181037, 6.641130867184705, 6.641130867179588, 6.6411308671885285, 6.641130867203858, 6.641130867165563, 6.6411308671688385, 6.641130867175218, 6.641130867194844, 6.641130867184769, 6.641130867179879, 6.641130867188833, 6.641130867197688, 6.641130867176127, 6.641130867204782, 6.64113086716309, 6.641130867170057, 6.6411308671901805, 6.641130867178874, 6.641130867210465, 6.643168273496556, 6.643168273473043, 6.643168273493066, 6.643168273497295, 6.643168273492519, 6.643168273491361, 6.643168273476265, 6.6431682734790165, 6.643168273481821, 6.64316827348234, 6.64316827347994, 6.643168273497522, 6.643168273497578, 6.643168273488628, 6.643168273486449, 6.643168273501039, 6.643168273493698, 6.643168273504154, 6.6431682734910975, 6.643168273484129, 6.643168273486843, 6.643168273498293, 6.643168273495233, 6.643168273506261, 6.643168273494164, 6.643168273477274, 6.643168273516316, 6.643168273520367, 6.643168273506471, 6.6431682734868955, 6.643168273496549, 6.6431682734985165, 6.643168273496669, 6.64316827348791, 6.643168273500575, 6.643168273481733, 6.643168273509861, 6.643168273505172, 6.643168273495917, 6.643168273497956, 6.643168273480763, 6.644609051427832, 6.644609051407214, 6.644609051431241, 6.644609051429137, 6.644609051423412, 6.644609051430285, 6.644609051428099, 6.644609051430276, 6.644609051423114, 6.6446090514319796, 6.644609051433775, 6.644609051426948, 6.644609051432517, 6.644609051433203, 6.644609051430303, 6.644609051434115, 6.644609051431732, 6.6446090514234095, 6.644609051433359, 6.644609051430612, 6.644609051439071, 6.6446090514282075, 6.644609051430842, 6.644609051420866, 6.6446090514249985, 6.644609051442981, 6.644609051412794, 6.6446090514159755, 6.644609051418283, 6.64460905143754, 6.644609051427832, 6.64460905142648, 6.644609051428697, 6.644609051428852, 6.644609051423777, 6.644609051431428, 6.644609051422806, 6.644609051426728, 6.644609051424624, 6.644609051430536, 6.644609051430213, 6.644118389682812, 6.644118389713472, 6.644118389682032, 6.644118389679619, 6.64411838969205, 6.64411838968378, 6.644118389696824, 6.644118389699003, 6.644118389700601, 6.644118389686048, 6.644118389686183, 6.644118389686573, 6.64411838967314, 6.644118389678854, 6.644118389684382, 6.64411838967154, 6.644118389683416, 6.644118389677987, 6.644118389674738, 6.644118389686888, 6.64411838967074, 6.644118389682456, 6.644118389680155, 6.64411838968131, 6.644118389681019, 6.6441183896778595, 6.644118389687975, 6.644118389691876, 6.644118389686767, 6.644118389679979, 6.6441183896828075, 6.644118389685008, 6.6441183896799, 6.644118389684784, 6.644118389686252, 6.644118389686697, 6.644118389677447, 6.644118389677874, 6.644118389689036, 6.644118389677682, 6.644118389688183, 6.645164841431695, 6.645164841455998, 6.645164841428414, 6.645164841430072, 6.645164841425666, 6.6451648414338305, 6.645164841415635, 6.645164841418171, 6.645164841416786, 6.645164841419824, 6.645164841419735, 6.645164841437723, 6.645164841428719, 6.645164841433854, 6.645164841428269, 6.6451648414429405, 6.645164841430045, 6.6451648414346645, 6.645164841434934, 6.645164841428901, 6.645164841441184, 6.645164841434153, 6.645164841434879, 6.645164841430422, 6.645164841432769, 6.645164841430095, 6.645164841433651, 6.645164841435962, 6.645164841434952, 6.645164841428525, 6.645164841431695, 6.645164841433191, 6.645164841430391, 6.6451648414285724, 6.6451648414276026, 6.6451648414238385, 6.645164841438106, 6.645164841438233, 6.645164841425861, 6.645164841437471, 6.645164841421427, 6.6448880034730475, 6.644888003453057, 6.644888003480807, 6.64488800347697, 6.644888003475089, 6.644888003469906, 6.644888003476944, 6.644888003479339, 6.644888003474961, 6.644888003489698, 6.644888003490256, 6.6448880034624365, 6.644888003486219, 6.644888003470989, 6.644888003471112, 6.644888003464823, 6.644888003469629, 6.644888003475528, 6.644888003475812, 6.644888003475848, 6.64488800346807, 6.644888003471557, 6.644888003471182, 6.644888003473711, 6.644888003478219, 6.64488800348261, 6.6448880034636835, 6.644888003466763, 6.644888003464111, 6.6448880034821345, 6.6448880034730555, 6.644888003468767, 6.6448880034775115, 6.6448880034755, 6.644888003471986, 6.644888003483016, 6.644888003461601, 6.644888003465017, 6.644888003478418, 6.644888003467457, 6.644888003487469, 6.645190609309469, 6.645190609284114, 6.645190609304946, 6.645190609306953, 6.645190609306315, 6.645190609308235, 6.645190609305021, 6.645190609307404, 6.645190609308685, 6.645190609294695, 6.645190609293074, 6.64519060931353, 6.6451906093031825, 6.645190609310187, 6.645190609308523, 6.645190609313492, 6.6451906093124515, 6.645190609312695, 6.645190609307317, 6.645190609305119, 6.645190609306736, 6.6451906093106485, 6.645190609309259, 6.645190609314647, 6.645190609309802, 6.645190609295431, 6.645190609323936, 6.645190609326858, 6.645190609320009, 6.645190609299603, 6.64519060930947, 6.645190609312512, 6.645190609307887, 6.645190609306131, 6.645190609308454, 6.645190609300339, 6.64519060931729, 6.645190609314683, 6.645190609307901, 6.6451906093119675, 6.645190609297869, 6.64598082269064, 6.645980822671347, 6.6459808226946295, 6.6459808226917705, 6.645980822688834, 6.645980822691764, 6.64598082269876, 6.645980822700873, 6.645980822692292, 6.645980822699669, 6.645980822701368, 6.645980822689573, 6.6459808226926755, 6.645980822699536, 6.6459808226977, 6.645980822693703, 6.645980822693184, 6.645980822683782, 6.645980822696618, 6.645980822696645, 6.645980822701167, 6.64598082269103, 6.645980822692532, 6.645980822682873, 6.645980822687561, 6.645980822707319, 6.645980822674117, 6.645980822676793, 6.645980822681213, 6.645980822700382, 6.645980822690638, 6.645980822689726, 6.6459808226915875, 6.645980822693918, 6.64598082268624, 6.645980822697158, 6.645980822682777, 6.645980822687433, 6.645980822689028, 6.6459808226920565, 6.645980822696713, 6.646206874867785, 6.646206874894557, 6.646206874863734, 6.646206874867183, 6.646206874871035, 6.646206874862777, 6.646206874862575, 6.646206874865003, 6.646206874867624, 6.646206874864472, 6.646206874863234, 6.646206874871001, 6.646206874863013, 6.646206874855931, 6.6462068748598, 6.646206874862331, 6.646206874864404, 6.6462068748693195, 6.6462068748561425, 6.6462068748633545, 6.646206874849822, 6.646206874869306, 6.64620687486408, 6.646206874872072, 6.646206874863246, 6.646206874854212, 6.646206874881841, 6.646206874885803, 6.646206874871538, 6.6462068748646965, 6.646206874867783, 6.646206874870757, 6.646206874866216, 6.646206874861421, 6.646206874877022, 6.646206874860727, 6.646206874873434, 6.64620687486966, 6.64620687487247, 6.646206874864342, 6.646206874860841, 6.646569463823751, 6.646569463840966, 6.646569463829073, 6.646569463823254, 6.646569463827619, 6.646569463830177, 6.646569463822477, 6.6465694638247514, 6.6465694638183175, 6.646569463821173, 6.64656946382255, 6.646569463823166, 6.646569463825476, 6.646569463834596, 6.6465694638287225, 6.646569463831226, 6.646569463826008, 6.646569463820981, 6.646569463835042, 6.646569463826221, 6.6465694638434885, 6.6465694638229955, 6.646569463829094, 6.646569463816396, 6.646569463826317, 6.646569463834993, 6.646569463812793, 6.646569463813487, 6.6465694638228126, 6.646569463824913, 6.646569463823746, 6.646569463821551, 6.646569463823888, 6.6465694638295885, 6.64656946381304, 6.646569463827251, 6.646569463818927, 6.646569463823995, 6.646569463818425, 6.64656946382872, 6.646569463827229, 6.64771595121663, 6.647715951236669, 6.647715951218473, 6.647715951218278, 6.647715951218152, 6.647715951215576, 6.64771595121463, 6.647715951217093, 6.64771595121809, 6.647715951224286, 6.647715951223405, 6.647715951212647, 6.647715951221359, 6.647715951209509, 6.6477159512117225, 6.647715951208765, 6.647715951216478, 6.647715951218588, 6.6477159512117945, 6.647715951214905, 6.647715951203624, 6.6477159512157264, 6.647715951214108, 6.647715951224054, 6.647715951214439, 6.647715951208753, 6.647715951224924, 6.6477159512281165, 6.647715951219745, 6.647715951214283, 6.6477159512166395, 6.647715951215609, 6.64771595121697, 6.647715951212633, 6.647715951220686, 6.647715951218728, 6.64771595121314, 6.647715951213356, 6.647715951222292, 6.647715951211778, 6.647715951219689, 6.647748022261291, 6.647748022235024, 6.64774802225633, 6.647748022260243, 6.647748022251096, 6.647748022261011, 6.6477480222537455, 6.6477480222561285, 6.647748022254208, 6.647748022254697, 6.647748022255739, 6.647748022266479, 6.64774802225865, 6.6477480222572165, 6.64774802225543, 6.64774802226708, 6.647748022260099, 6.647748022262773, 6.647748022257991, 6.647748022262597, 6.647748022263477, 6.647748022263366, 6.647748022262235, 6.647748022259137, 6.64774802226266, 6.647748022263437, 6.647748022259558, 6.6477480222612755, 6.647748022256925, 6.647748022266099, 6.647748022261301, 6.64774802226297, 6.647748022260189, 6.647748022257239, 6.647748022261838, 6.647748022258612, 6.647748022262608, 6.647748022263434, 6.647748022258336, 6.647748022264303, 6.647748022253358, 6.647597448332608, 6.647597448313619, 6.647597448337843, 6.647597448332061, 6.647597448340405, 6.647597448332376, 6.647597448350076, 6.647597448352459, 6.64759744834652, 6.647597448331688, 6.647597448332491, 6.6475974483305595, 6.647597448329158, 6.64759744834358, 6.647597448343353, 6.647597448329893, 6.6475974483313935, 6.64759744832849, 6.647597448339943, 6.647597448337117, 6.647597448340606, 6.64759744833162, 6.647597448333731, 6.647597448326696, 6.647597448332598, 6.647597448339201, 6.64759744832633, 6.647597448327199, 6.647597448333156, 6.647597448332615, 6.647597448332611, 6.647597448331981, 6.6475974483332125, 6.647597448342026, 6.647597448325073, 6.647597448338157, 6.647597448325698, 6.64759744832918, 6.647597448332921, 6.647597448332517, 6.647597448341154, 6.648208229202506, 6.648208229182163, 6.648208229198309, 6.648208229204448, 6.648208229196183, 6.648208229196343, 6.648208229189957, 6.648208229192441, 6.648208229193386, 6.648208229204761, 6.648208229203034, 6.648208229203325, 6.648208229204137, 6.648208229196028, 6.648208229197166, 6.648208229202389, 6.648208229201966, 6.648208229207167, 6.648208229195958, 6.6482082291958235, 6.648208229187866, 6.648208229205062, 6.648208229199493, 6.64820822921076, 6.648208229207669, 6.648208229190584, 6.6482082292149265, 6.648208229218556, 6.648208229205465, 6.648208229199762, 6.648208229202507, 6.648208229204878, 6.648208229202788, 6.648208229193431, 6.648208229209401, 6.648208229194392, 6.64820822920928, 6.648208229205648, 6.6482082292055384, 6.648208229200409, 6.648208229194375, 6.648489489472015, 6.6484894894891875, 6.648489489476313, 6.648489489472234, 6.64848948947044, 6.648489489475831, 6.648489489466322, 6.648489489468518, 6.648489489462528, 6.648489489475104, 6.648489489476895, 6.6484894894716495, 6.648489489476586, 6.64848948947887, 6.648489489473567, 6.648489489478693, 6.648489489475659, 6.648489489470808, 6.6484894894796, 6.648489489474334, 6.6484894894870115, 6.648489489472403, 6.648489489475925, 6.648489489464124, 6.648489489471728, 6.648489489486208, 6.648489489458127, 6.648489489458577, 6.64848948946525, 6.64848948947878, 6.648489489472021, 6.648489489469602, 6.648489489472449, 6.648489489474282, 6.64848948946555, 6.648489489475943, 6.648489489466874, 6.648489489471942, 6.64848948946802, 6.648489489475568, 6.648489489475567, 6.64805792777376, 6.64805792779904, 6.6480579277743335, 6.6480579277701395, 6.648057927786793, 6.648057927774409, 6.648057927786051, 6.64805792778847, 6.6480579277925305, 6.648057927767092, 6.648057927766275, 6.648057927774881, 6.648057927767011, 6.648057927767102, 6.648057927772113, 6.648057927761353, 6.648057927775496, 6.648057927773858, 6.648057927766812, 6.648057927773447, 6.6480579277593055, 6.648057927772086, 6.648057927771239, 6.648057927776266, 6.648057927774298, 6.648057927759225, 6.648057927788785, 6.648057927790174, 6.648057927783221, 6.648057927765393, 6.648057927773755, 6.648057927774418, 6.648057927771083, 6.648057927775261, 6.648057927776984, 6.648057927773359, 6.648057927772856, 6.648057927771555, 6.648057927780218, 6.648057927768526, 6.648057927776291, 6.648757683193288, 6.648757683211996, 6.648757683191986, 6.648757683195289, 6.648757683179685, 6.648757683193918, 6.648757683177059, 6.648757683179618, 6.648757683172671, 6.648757683199527, 6.648757683201577, 6.648757683194896, 6.648757683199836, 6.648757683193902, 6.648757683188259, 6.648757683204804, 6.648757683189618, 6.648757683192315, 6.64875768319652, 6.648757683195999, 6.6487576832056625, 6.648757683195781, 6.648757683196646, 6.648757683187581, 6.648757683190247, 6.648757683208728, 6.64875768317826, 6.648757683179195, 6.648757683181119, 6.648757683205218, 6.648757683193293, 6.648757683192382, 6.648757683194392, 6.648757683188657, 6.648757683191231, 6.648757683193546, 6.648757683191641, 6.648757683195502, 6.64875768318752, 6.648757683198391, 6.648757683189042, 6.649475371173543, 6.649475371160978, 6.64947537117729, 6.649475371174611, 6.649475371183775, 6.649475371170739, 6.6494753711863765, 6.649475371189079, 6.649475371187175, 6.649475371169556, 6.6494753711675205, 6.64947537116885, 6.649475371171867, 6.649475371179018, 6.649475371181987, 6.649475371167757, 6.649475371174279, 6.649475371172003, 6.649475371175226, 6.649475371169418, 6.649475371164717, 6.649475371171766, 6.649475371171585, 6.649475371182843, 6.649475371173039, 6.6494753711574885, 6.649475371190151, 6.649475371192017, 6.649475371187361, 6.649475371160575, 6.649475371173553, 6.649475371174016, 6.649475371173855, 6.649475371175876, 6.649475371172317, 6.649475371170934, 6.649475371174756, 6.649475371173461, 6.649475371177382, 6.649475371170786, 6.649475371173637, 6.649799916457758, 6.649799916435811, 6.649799916455673, 6.6497999164590444, 6.649799916449577, 6.649799916457081, 6.649799916448873, 6.6497999164513475, 6.649799916446723, 6.649799916461618, 6.649799916464226, 6.649799916459783, 6.649799916459067, 6.649799916453165, 6.649799916452983, 6.649799916462851, 6.649799916455399, 6.649799916457775, 6.649799916456254, 6.649799916461589, 6.649799916462002, 6.649799916459562, 6.649799916458967, 6.649799916452337, 6.649799916454093, 6.649799916470858, 6.64979991644508, 6.649799916445754, 6.649799916444587, 6.649799916471041, 6.64979991645776, 6.649799916458141, 6.649799916458059, 6.6497999164561765, 6.649799916458741, 6.649799916462002, 6.649799916452174, 6.649799916456014, 6.6497999164557395, 6.649799916459228, 6.649799916457249, 6.650574619832666, 6.650574619812587, 6.650574619832031, 6.650574619830205, 6.6505746198374105, 6.650574619835466, 6.65057461983662, 6.650574619839077, 6.650574619839894, 6.650574619822306, 6.650574619822346, 6.650574619836181, 6.650574619825119, 6.650574619833652, 6.6505746198339235, 6.6505746198310804, 6.650574619837493, 6.650574619831846, 6.650574619832236, 6.650574619832351, 6.650574619832387, 6.65057461983243, 6.650574619833468, 6.650574619832932, 6.6505746198352425, 6.650574619825024, 6.650574619840841, 6.65057461984125, 6.65057461984109, 6.650574619825047, 6.650574619832664, 6.650574619833888, 6.6505746198302464, 6.650574619834415, 6.650574619830489, 6.650574619831165, 6.650574619832897, 6.650574619833719, 6.650574619832859, 6.65057461983315, 6.650574619830797, 6.650762992031096, 6.65076299204939, 6.650762992033042, 6.650762992032348, 6.650762992030205, 6.6507629920291444, 6.650762992026753, 6.650762992029448, 6.650762992029011, 6.650762992043457, 6.650762992044061, 6.650762992028878, 6.650762992035944, 6.650762992027167, 6.650762992027468, 6.650762992025943, 6.650762992027856, 6.650762992031267, 6.650762992031124, 6.6507629920330915, 6.650762992027429, 6.650762992031728, 6.650762992030571, 6.650762992030109, 6.650762992034328, 6.650762992035727, 6.650762992026969, 6.650762992028128, 6.650762992027684, 6.65076299203477, 6.650762992031107, 6.6507629920296925, 6.650762992031851, 6.650762992028951, 6.650762992033099, 6.650762992034673, 6.650762992026129, 6.650762992028679, 6.650762992034731, 6.650762992027678, 6.650762992038494, 6.650773456372499, 6.650773456389337, 6.650773456372238, 6.650773456371499, 6.650773456368822, 6.650773456372205, 6.650773456365183, 6.650773456367912, 6.650773456365762, 6.6507734563623515, 6.650773456362479, 6.65077345637434, 6.6507734563725425, 6.650773456376632, 6.650773456372065, 6.6507734563808025, 6.650773456374422, 6.650773456375262, 6.650773456375554, 6.650773456368965, 6.650773456378782, 6.650773456373614, 6.650773456374646, 6.6507734563717795, 6.650773456372492, 6.650773456369874, 6.650773456375699, 6.650773456375714, 6.650773456375162, 6.650773456370019, 6.650773456372496, 6.650773456372585, 6.650773456372181, 6.650773456370601, 6.6507734563689995, 6.650773456365917, 6.65077345637779, 6.650773456377824, 6.65077345636804, 6.650773456376944, 6.650773456364541, 6.6511543369384185, 6.6511543369529065, 6.6511543369441055, 6.651154336939588, 6.651154336945978, 6.651154336934106, 6.6511543369493875, 6.6511543369521995, 6.651154336949374, 6.651154336947003, 6.651154336947105, 6.651154336933193, 6.651154336942128, 6.6511543369396815, 6.651154336943961, 6.651154336931619, 6.651154336936536, 6.651154336937093, 6.651154336938776, 6.651154336938439, 6.651154336930186, 6.651154336937469, 6.651154336935846, 6.651154336939846, 6.651154336934181, 6.6511543369382595, 6.651154336939073, 6.651154336939995, 6.65115433693675, 6.651154336940609, 6.651154336938405, 6.651154336936968, 6.651154336939275, 6.651154336940178, 6.651154336940835, 6.651154336942734, 6.6511543369326995, 6.6511543369345105, 6.651154336943587, 6.651154336933413, 6.651154336946302, 6.651430552285291, 6.651430552265005, 6.6514305522795585, 6.651430552283644, 6.6514305522749275, 6.651430552289406, 6.651430552274645, 6.6514305522772545, 6.651430552274985, 6.651430552277959, 6.651430552279486, 6.651430552292864, 6.651430552280346, 6.651430552286721, 6.651430552283701, 6.651430552296392, 6.651430552289484, 6.651430552284241, 6.651430552283955, 6.651430552285151, 6.6514305522927275, 6.6514305522876676, 6.651430552287896, 6.651430552283406, 6.651430552286056, 6.651430552286943, 6.651430552284184, 6.651430552283913, 6.651430552282999, 6.651430552287975, 6.651430552285308, 6.651430552287549, 6.651430552282945, 6.651430552281452, 6.6514305522834585, 6.651430552281842, 6.651430552287417, 6.6514305522892085, 6.651430552279222, 6.65143055229111, 6.651430552274159, 6.651682947488517, 6.651682947469686, 6.65168294749013, 6.651682947488694, 6.651682947497763, 6.651682947486548, 6.651682947495461, 6.651682947498476, 6.651682947500104, 6.6516829474934065, 6.651682947493834, 6.6516829474853525, 6.651682947488292, 6.651682947481679, 6.6516829474862265, 6.651682947477004, 6.651682947484669, 6.651682947487395, 6.651682947486686, 6.651682947490358, 6.651682947479559, 6.651682947487435, 6.651682947487304, 6.6516829474889665, 6.651682947490582, 6.651682947485545, 6.651682947492059, 6.6516829474919446, 6.651682947490322, 6.651682947487455, 6.651682947488525, 6.65168294748811, 6.65168294748884, 6.651682947491521, 6.651682947490211, 6.651682947493203, 6.651682947482358, 6.651682947484077, 6.651682947494531, 6.651682947482838, 6.6516829474976875, 6.652180667392021, 6.652180667405247, 6.652180667392733, 6.652180667392811, 6.652180667388806, 6.65218066739328, 6.652180667381522, 6.652180667384458, 6.652180667381691, 6.652180667387064, 6.652180667387954, 6.652180667391482, 6.652180667394143, 6.6521806673959, 6.652180667390556, 6.652180667399321, 6.652180667392747, 6.6521806673923285, 6.652180667398023, 6.6521806673914, 6.652180667403558, 6.652180667392171, 6.6521806673959505, 6.6521806673895165, 6.652180667392431, 6.6521806673956725, 6.652180667388986, 6.65218066738805, 6.652180667392836, 6.6521806673913755, 6.652180667392033, 6.652180667391284, 6.652180667392904, 6.652180667392717, 6.6521806673858395, 6.6521806673899855, 6.652180667392689, 6.652180667395221, 6.652180667387172, 6.652180667396526, 6.652180667389271, 6.6523723090858935, 6.652372309102573, 6.652372309085018, 6.652372309086303, 6.6523723090844955, 6.652372309083004, 6.652372309085671, 6.65237230908865, 6.652372309089805, 6.6523723090906195, 6.652372309090067, 6.6523723090861315, 6.652372309086828, 6.65237230908137, 6.652372309085618, 6.652372309082263, 6.652372309086218, 6.6523723090861555, 6.652372309081409, 6.652372309085193, 6.652372309073247, 6.6523723090862745, 6.652372309083257, 6.652372309092185, 6.6523723090817795, 6.652372309078678, 6.652372309093753, 6.652372309094991, 6.652372309087173, 6.652372309085251, 6.65237230908589, 6.652372309086602, 6.652372309085239, 6.652372309080565, 6.652372309091504, 6.652372309084996, 6.652372309085371, 6.652372309085117, 6.652372309090008, 6.652372309082092, 6.652372309085298, 6.652549891264432, 6.652549891251128, 6.652549891269139, 6.652549891263787, 6.652549891266275, 6.652549891264922, 6.6525498912665935, 6.65254989126946, 6.652549891264225, 6.652549891261828, 6.652549891263553, 6.652549891265615, 6.652549891263174, 6.652549891271949, 6.652549891269775, 6.652549891270308, 6.652549891264624, 6.652549891261481, 6.652549891269655, 6.652549891267456, 6.6525498912750365, 6.652549891264278, 6.652549891266373, 6.652549891256856, 6.65254989126527, 6.652549891274616, 6.65254989125476, 6.652549891253896, 6.652549891259629, 6.652549891269633, 6.652549891264429, 6.6525498912630585, 6.652549891264021, 6.652549891268007, 6.6525498912605805, 6.652549891267337, 6.6525498912601675, 6.652549891264676, 6.652549891261107, 6.652549891267148, 6.65254989126641, 6.652797362944152, 6.652797362925761, 6.652797362940845, 6.652797362943445, 6.652797362944053, 6.652797362941305, 6.652797362943555, 6.652797362946589, 6.6527973629496415, 6.652797362939917, 6.6527973629392285, 6.6527973629468, 6.652797362940938, 6.652797362937935, 6.652797362941856, 6.652797362941505, 6.65279736294614, 6.652797362945911, 6.652797362938778, 6.65279736294134, 6.652797362931949, 6.652797362944755, 6.652797362942139, 6.652797362949253, 6.6527973629477675, 6.6527973629330255, 6.652797362955986, 6.652797362956937, 6.652797362948356, 6.652797362940684, 6.652797362944144, 6.65279736294628, 6.652797362942825, 6.652797362939345, 6.6527973629493475, 6.652797362939391, 6.652797362947483, 6.652797362945509, 6.6527973629469015, 6.65279736294187, 6.652797362939217, 6.652741165202441, 6.652741165217012, 6.6527411652029755, 6.652741165203137, 6.652741165198967, 6.652741165204284, 6.652741165191747, 6.652741165194838, 6.65274116519274, 6.652741165211958, 6.652741165213832, 6.65274116520208, 6.65274116520513, 6.6527411652046, 6.652741165200557, 6.652741165204912, 6.652741165198895, 6.652741165200987, 6.652741165208573, 6.652741165206411, 6.65274116521419, 6.652741165202948, 6.652741165206205, 6.652741165195723, 6.652741165203617, 6.652741165215651, 6.652741165189786, 6.6527411651886235, 6.652741165197604, 6.652741165207528, 6.652741165202441, 6.652741165201427, 6.652741165203542, 6.652741165204457, 6.65274116519691, 6.652741165207704, 6.652741165195744, 6.65274116520131, 6.652741165200034, 6.652741165204311, 6.652741165208131, 6.652580270819657, 6.652580270835061, 6.652580270819231, 6.65258027081721, 6.6525802708285315, 6.652580270819942, 6.65258027082938, 6.652580270832506, 6.652580270836542, 6.652580270807047, 6.65258027080558, 6.652580270819461, 6.652580270815283, 6.652580270818261, 6.652580270820816, 6.652580270812939, 6.652580270825327, 6.652580270821235, 6.652580270818429, 6.652580270814411, 6.652580270809555, 6.65258027081773, 6.652580270818524, 6.652580270827766, 6.6525802708206125, 6.652580270800339, 6.652580270839728, 6.6525802708391994, 6.652580270833782, 6.652580270806696, 6.652580270819655, 6.652580270820629, 6.6525802708184285, 6.6525802708204305, 6.652580270818602, 6.65258027081538, 6.652580270822547, 6.652580270820807, 6.652580270822349, 6.652580270817567, 6.652580270816208, 6.65170645425551, 6.651706454266812, 6.651706454258561, 6.6517064542601165, 6.65170645424123, 6.651706454250945, 6.65170645423416, 6.65170645423743, 6.651706454230106, 6.6517064542758835, 6.651706454279366, 6.6517064542527695, 6.651706454269228, 6.651706454251625, 6.651706454250702, 6.65170645426592, 6.651706454247137, 6.65170645425661, 6.651706454258091, 6.651706454259061, 6.651706454265648, 6.651706454256977, 6.651706454257919, 6.651706454246979, 6.651706454246276, 6.651706454282992, 6.6517064542286, 6.651706454228358, 6.6517064542304825, 6.651706454280338, 6.651706454255522, 6.651706454252711, 6.651706454258416, 6.651706454251624, 6.651706454257684, 6.651706454263614, 6.651706454245936, 6.651706454252584, 6.651706454252214, 6.651706454257046, 6.6517064542606, 6.6478646919985565, 6.647864691981278, 6.647864691994542, 6.647864691989884, 6.647864692015662, 6.647864692003545, 6.647864692030757, 6.647864692033698, 6.647864692039726, 6.647864691960375, 6.647864691956164, 6.647864692009467, 6.647864691975037, 6.647864692008417, 6.647864692011274, 6.647864691991261, 6.647864692012194, 6.64786469199252, 6.647864691994144, 6.647864691990439, 6.64786469198287, 6.647864691996779, 6.647864691994964, 6.647864692011987, 6.647864691990976, 6.64786469195514, 6.647864692042828, 6.6478646920428535, 6.647864692034112, 6.647864691964995, 6.647864691998566, 6.647864692003564, 6.647864691991742, 6.647864691999744, 6.647864691996438, 6.647864691981917, 6.647864692013769, 6.647864692006766, 6.647864691999767, 6.647864691999254, 6.647864691981155, 6.637864281192341, 6.637864281180136, 6.637864281197973, 6.637864281204157, 6.637864281166632, 6.637864281177668, 6.637864281142534, 6.637864281145973, 6.637864281134874, 6.63786428126097, 6.637864281268235, 6.63786428118269, 6.637864281224121, 6.63786428117306, 6.637864281176261, 6.637864281199683, 6.637864281163338, 6.637864281196775, 6.637864281197024, 6.637864281209684, 6.637864281208456, 6.637864281196142, 6.63786428119648, 6.6378642811670385, 6.637864281215148, 6.637864281263823, 6.637864281121144, 6.637864281121887, 6.637864281133604, 6.637864281249665, 6.637864281192343, 6.637864281186432, 6.637864281201157, 6.637864281188293, 6.637864281201716, 6.637864281220203, 6.6378642811629325, 6.637864281177836, 6.637864281194941, 6.637864281186904, 6.637864281224068, 6.618115191286811, 6.618115191278089, 6.618115191281707, 6.618115191269329, 6.618115191325732, 6.618115191305125, 6.618115191345486, 6.6181151913474885, 6.61811519135983, 6.6181151911799905, 6.618115191169029, 6.6181151913043275, 6.618115191237974, 6.618115191321641, 6.618115191315411, 6.618115191282569, 6.618115191338136, 6.618115191282505, 6.618115191290722, 6.618115191260429, 6.618115191275621, 6.618115191279453, 6.6181151912838985, 6.618115191320498, 6.618115191260579, 6.618115191186313, 6.618115191388175, 6.618115191386902, 6.618115191376601, 6.618115191200491, 6.618115191286817, 6.618115191295945, 6.618115191274463, 6.618115191293666, 6.618115191268287, 6.618115191241713, 6.618115191330944, 6.6181151913129685, 6.618115191278755, 6.618115191299558, 6.618115191237501, 6.610499721458851, 6.610499721468291, 6.61049972146885, 6.61049972148125, 6.610499721420643, 6.610499721433179, 6.610499721381869, 6.610499721385951, 6.610499721374687, 6.610499721581901, 6.6104997215932535, 6.6104997214351675, 6.610499721521469, 6.610499721406404, 6.610499721424951, 6.610499721451545, 6.610499721406197, 6.610499721471144, 6.610499721455883, 6.610499721486705, 6.610499721460431, 6.610499721462632, 6.610499721460779, 6.610499721432347, 6.6104997214965495, 6.610499721562504, 6.610499721355286, 6.610499721357859, 6.610499721366926, 6.610499721548476, 6.610499721458848, 6.610499721447742, 6.610499721473987, 6.6104997214486465, 6.610499721485744, 6.610499721513023, 6.610499721402952, 6.610499721425722, 6.6104997214759145, 6.610499721437944, 6.610499721522825, 6.632310128047335, 6.63231012806064, 6.6323101280388705, 6.632310128028013, 6.632310128067993, 6.632310128076217, 6.632310128097237, 6.632310128099339, 6.632310128098737, 6.632310127960804, 6.632310127956174, 6.6323101280713574, 6.632310127998668, 6.632310128093256, 6.632310128076555, 6.632310128060203, 6.632310128080244, 6.632310128025223, 6.632310128053988, 6.6323101280334384, 6.632310128071244, 6.632310128043014, 6.632310128050872, 6.632310128059375, 6.632310128017378, 6.632310127988939, 6.632310128106481, 6.632310128101818, 6.6323101281091255, 6.632310127988324, 6.632310128047328, 6.632310128055469, 6.632310128033157, 6.632310128057618, 6.632310128019482, 6.632310128014216, 6.632310128079117, 6.632310128071531, 6.632310128025411, 6.632310128071226, 6.632310127998662, 6.651272569763262, 6.651272569743649, 6.65127256976175, 6.651272569764334, 6.651272569774162, 6.651272569750148, 6.651272569784117, 6.651272569787973, 6.651272569794609, 6.651272569767956, 6.651272569767352, 6.651272569754711, 6.651272569771689, 6.651272569733784, 6.651272569751519, 6.651272569742114, 6.65127256975613, 6.651272569767402, 6.651272569745848, 6.651272569755893, 6.651272569720636, 6.651272569761112, 6.651272569755365, 6.651272569775843, 6.651272569774568, 6.651272569741362, 6.651272569786062, 6.6512725697856725, 6.6512725697584605, 6.651272569768834, 6.651272569763268, 6.651272569764505, 6.651272569763689, 6.65127256975834, 6.6512725697800725, 6.65127256976362, 6.651272569761226, 6.651272569754558, 6.651272569777548, 6.651272569748513, 6.651272569766708, 6.633290505574479, 6.633290505580577, 6.633290505573416, 6.63329050558658, 6.633290505523241, 6.633290505567551, 6.633290505491427, 6.633290505494558, 6.633290505478687, 6.633290505639199, 6.633290505648714, 6.6332905055679845, 6.633290505606497, 6.63329050556903, 6.633290505558457, 6.633290505607503, 6.6332905055457605, 6.633290505586785, 6.633290505586107, 6.63329050559329, 6.6332905056171185, 6.633290505578652, 6.6332905055877625, 6.633290505541868, 6.633290505592378, 6.633290505655533, 6.633290505493523, 6.633290505489963, 6.633290505511638, 6.633290505634758, 6.633290505574468, 6.633290505570186, 6.6332905055845135, 6.633290505574436, 6.6332905055680955, 6.633290505596081, 6.633290505551487, 6.63329050556703, 6.63329050556233, 6.633290505582186, 6.63329050559223, 6.62801857900413, 6.628018579007313, 6.628018579017397, 6.628018578990936, 6.628018579072309, 6.628018579003173, 6.628018579089739, 6.6280185790918935, 6.628018579103186, 6.628018578939754, 6.628018578928429, 6.6280185790066835, 6.628018578970347, 6.628018579032307, 6.628018579035435, 6.628018578973778, 6.62801857904186, 6.6280185789948245, 6.628018579010228, 6.628018578982302, 6.628018578968556, 6.6280185789967145, 6.628018578991799, 6.628018579031337, 6.628018579017905, 6.628018578919349, 6.628018579089576, 6.628018579089669, 6.62801857907898, 6.628018578931861, 6.62801857900413, 6.628018579006927, 6.628018578995308, 6.628018579013778, 6.628018578998418, 6.628018578973428, 6.628018579033739, 6.6280185790169845, 6.62801857901524, 6.628018578996794, 6.628018578991555, 6.6509898894014015, 6.65098988942069, 6.65098988938615, 6.650989889405154, 6.6509898893627275, 6.650989889397599, 6.6509898893485575, 6.650989889351156, 6.650989889352858, 6.650989889423669, 6.650989889426204, 6.650989889410399, 6.650989889410689, 6.650989889388149, 6.650989889387643, 6.650989889417403, 6.650989889398159, 6.650989889411066, 6.650989889392191, 6.650989889405098, 6.650989889398931, 6.650989889406026, 6.650989889404822, 6.650989889395263, 6.650989889385285, 6.650989889424546, 6.650989889378856, 6.650989889381523, 6.650989889373549, 6.650989889428306, 6.650989889401403, 6.650989889406453, 6.650989889401451, 6.650989889382825, 6.650989889411579, 6.650989889399065, 6.65098988940248, 6.650989889401604, 6.6509898893998765, 6.650989889401896, 6.650989889397588, 6.648215874887849, 6.648215874882273, 6.64821587489466, 6.648215874893123, 6.648215874879482, 6.648215874885046, 6.648215874861752, 6.64821587486464, 6.64821587485156, 6.6482158749191544, 6.64821587492576, 6.64821587488098, 6.648215874903046, 6.6482158748856675, 6.6482158748822915, 6.648215874895422, 6.648215874866628, 6.648215874883994, 6.64821587489826, 6.648215874903594, 6.648215874915803, 6.648215874885846, 6.6482158748967475, 6.648215874859651, 6.648215874878213, 6.6482158749435625, 6.648215874832429, 6.648215874831071, 6.648215874854214, 6.648215874920855, 6.648215874887856, 6.6482158748838955, 6.648215874892529, 6.648215874896811, 6.648215874882058, 6.648215874912796, 6.648215874861629, 6.648215874876552, 6.648215874886006, 6.648215874887507, 6.648215874914779, 6.6363793220071905, 6.63637932199334, 6.636379322009952, 6.636379321995906, 6.6363793220511, 6.636379322015502, 6.636379322085619, 6.636379322087988, 6.6363793220971266, 6.63637932194211, 6.636379321933708, 6.636379322014621, 6.636379321978161, 6.636379322014908, 6.6363793220200655, 6.636379321979831, 6.636379322033962, 6.63637932199309, 6.636379322002783, 6.636379321992395, 6.636379321975125, 6.636379322000348, 6.6363793219964125, 6.636379322039975, 6.636379322019061, 6.636379321936016, 6.636379322079272, 6.63637932208079, 6.636379322062898, 6.636379321954878, 6.636379322007198, 6.636379322011195, 6.636379321996642, 6.636379322004868, 6.636379322006306, 6.636379321985749, 6.636379322027382, 6.636379322016153, 6.636379322012768, 6.636379322004777, 6.636379321984388, 6.649467249993975, 6.649467249983351, 6.64946724997995, 6.649467250002179, 6.649467249943458, 6.6494672499985, 6.64946724993003, 6.64946724993258, 6.649467249928492, 6.649467250022987, 6.6494672500274135, 6.6494672499969205, 6.649467250009722, 6.649467249986972, 6.649467249983876, 6.649467250018633, 6.649467249978732, 6.649467250006094, 6.649467249989538, 6.649467249997935, 6.649467250008882, 6.6494672499953795, 6.649467250001087, 6.649467249993641, 6.649467249983151, 6.649467250021286, 6.649467249967371, 6.6494672499678975, 6.649467249965693, 6.649467250021692, 6.649467249993972, 6.649467249996761, 6.649467249997359, 6.649467249983507, 6.649467249991318, 6.649467250000388, 6.649467249986397, 6.649467249990971, 6.649467249982604, 6.649467250003352, 6.649467249981034, 6.652247323333822, 6.652247323331131, 6.652247323351128, 6.652247323341439, 6.652247323353961, 6.652247323322691, 6.652247323333161, 6.6522473233363355, 6.65224732332649, 6.652247323369718, 6.652247323372038, 6.6522473233185275, 6.652247323350897, 6.65224732332706, 6.652247323331813, 6.652247323321629, 6.65224732331296, 6.65224732333529, 6.652247323346098, 6.652247323336393, 6.652247323340868, 6.652247323329981, 6.652247323335705, 6.6522473233215536, 6.6522473233244535, 6.652247323363218, 6.652247323304917, 6.652247323304485, 6.652247323318505, 6.652247323349034, 6.65224732333381, 6.652247323326594, 6.652247323341465, 6.652247323350513, 6.6522473233294575, 6.652247323359656, 6.652247323306844, 6.652247323319337, 6.6522473233418165, 6.652247323324383, 6.652247323366513, 6.644661353577707, 6.6446613535934125, 6.644661353574412, 6.644661353565834, 6.644661353595033, 6.644661353584688, 6.644661353623672, 6.64466135362536, 6.644661353633724, 6.6446613535161685, 6.644661353508069, 6.6446613535971775, 6.644661353542725, 6.644661353593864, 6.644661353587593, 6.644661353570963, 6.644661353611908, 6.644661353566681, 6.64466135357539, 6.644661353561637, 6.644661353566623, 6.6446613535760335, 6.64466135357081, 6.64466135359689, 6.644661353588494, 6.644661353523635, 6.64466135363256, 6.64466135363526, 6.644661353621574, 6.6446613535363035, 6.644661353577721, 6.644661353582972, 6.644661353565733, 6.644661353570061, 6.644661353575077, 6.644661353545072, 6.64466135360935, 6.644661353597395, 6.644661353571191, 6.644661353586961, 6.644661353541902, 6.651995516593873, 6.6519955166096825, 6.651995516586412, 6.65199551659692, 6.651995516556371, 6.651995516590558, 6.651995516545408, 6.651995516547617, 6.6519955165480065, 6.651995516633403, 6.6519955166365525, 6.651995516603682, 6.6519955166051385, 6.651995516576416, 6.651995516580108, 6.651995516605229, 6.651995516583534, 6.651995516601278, 6.651995516584119, 6.65199551660548, 6.651995516597705, 6.651995516597664, 6.651995516596946, 6.65199551657894, 6.651995516580296, 6.651995516629289, 6.651995516558998, 6.651995516562258, 6.651995516561949, 6.651995516625169, 6.651995516593883, 6.65199551659402, 6.651995516593377, 6.65199551658451, 6.651995516604807, 6.6519955166047025, 6.651995516582021, 6.65199551658843, 6.651995516594817, 6.651995516592066, 6.651995516602304, 6.655951797264798, 6.655951797259194, 6.6559517972837465, 6.65595179726572, 6.655951797291977, 6.655951797259464, 6.65595179727512, 6.6559517972776385, 6.655951797267117, 6.6559517972808235, 6.655951797280755, 6.655951797249758, 6.655951797274174, 6.65595179726949, 6.655951797270433, 6.655951797254255, 6.655951797256935, 6.655951797263044, 6.655951797278875, 6.655951797266719, 6.655951797272674, 6.655951797259905, 6.655951797265262, 6.655951797253683, 6.655951797263561, 6.655951797280484, 6.655951797249596, 6.655951797247718, 6.655951797262734, 6.655951797266659, 6.655951797264803, 6.655951797258322, 6.655951797267979, 6.655951797283485, 6.655951797257309, 6.655951797284145, 6.655951797244618, 6.655951797255137, 6.655951797271876, 6.655951797256761, 6.655951797294003, 6.651137541177859, 6.651137541167029, 6.651137541168643, 6.651137541171389, 6.651137541174574, 6.651137541186417, 6.6511375411925595, 6.6511375411940525, 6.651137541196743, 6.651137541126969, 6.651137541120226, 6.651137541185169, 6.651137541159888, 6.651137541195894, 6.651137541186279, 6.6511375411821785, 6.651137541200254, 6.65113754117616, 6.651137541175974, 6.6511375411622335, 6.651137541170035, 6.651137541176298, 6.65113754117294, 6.651137541202129, 6.6511375411874205, 6.651137541129464, 6.651137541227222, 6.651137541226896, 6.651137541209786, 6.651137541146919, 6.65113754117786, 6.6511375411843705, 6.651137541169932, 6.651137541168977, 6.651137541170655, 6.651137541148193, 6.651137541206699, 6.65113754119436, 6.651137541167915, 6.651137541188827, 6.651137541140554, 6.65419822071793, 6.6541982207050125, 6.654198220709784, 6.654198220725614, 6.6541982206947905, 6.6541982207115264, 6.654198220688521, 6.654198220690987, 6.654198220686129, 6.654198220755961, 6.6541982207600805, 6.654198220715379, 6.654198220740543, 6.654198220690709, 6.65419822069989, 6.654198220714888, 6.6541982206897625, 6.654198220724234, 6.654198220705174, 6.654198220729598, 6.6541982207087305, 6.654198220720607, 6.6541982207199055, 6.654198220709823, 6.654198220706021, 6.65419822074333, 6.65419822069327, 6.654198220692777, 6.654198220687416, 6.6541982207471255, 6.654198220717934, 6.654198220719174, 6.654198220720433, 6.654198220716701, 6.654198220727549, 6.6541982207358386, 6.65419822069908, 6.654198220704973, 6.654198220725627, 6.654198220708199, 6.654198220736285, 6.657864276480608, 6.657864276480529, 6.657864276488973, 6.657864276477074, 6.657864276501074, 6.657864276482637, 6.657864276499986, 6.6578642765018445, 6.6578642764857126, 6.657864276476323, 6.657864276477333, 6.6578642764755696, 6.6578642764762845, 6.657864276497161, 6.657864276486996, 6.657864276478892, 6.657864276475538, 6.657864276468813, 6.657864276492843, 6.657864276486178, 6.657864276503317, 6.657864276477813, 6.657864276484485, 6.657864276464973, 6.65786427648824, 6.657864276494028, 6.657864276467671, 6.657864276462897, 6.657864276481269, 6.657864276479655, 6.657864276480609, 6.657864276479466, 6.657864276478642, 6.65786427649787, 6.657864276465447, 6.657864276489659, 6.657864276470798, 6.65786427647977, 6.657864276475282, 6.6578642764840215, 6.657864276491588, 6.655874403169308, 6.655874403180011, 6.6558744031634305, 6.655874403164178, 6.655874403169185, 6.65587440317004, 6.6558744031844315, 6.655874403185725, 6.655874403189898, 6.655874403142535, 6.655874403135725, 6.655874403177792, 6.655874403160669, 6.655874403174384, 6.655874403170883, 6.655874403167903, 6.655874403199452, 6.655874403170557, 6.655874403162162, 6.655874403156914, 6.655874403150673, 6.655874403170399, 6.655874403161892, 6.655874403188919, 6.655874403171333, 6.65587440313186, 6.655874403207466, 6.655874403209488, 6.6558744031867345, 6.655874403152132, 6.655874403169309, 6.655874403173853, 6.655874403160926, 6.655874403154035, 6.65587440317502, 6.655874403144731, 6.655874403193213, 6.655874403181614, 6.6558744031670205, 6.65587440317223, 6.655874403144607, 6.657042467314826, 6.657042467318579, 6.657042467314599, 6.6570424673209425, 6.657042467300025, 6.657042467309113, 6.657042467278486, 6.6570424672803385, 6.657042467275686, 6.657042467355516, 6.657042467357648, 6.657042467314025, 6.657042467331953, 6.657042467300801, 6.657042467305563, 6.657042467318505, 6.6570424673042226, 6.657042467329432, 6.657042467310012, 6.657042467321442, 6.657042467313046, 6.657042467316848, 6.657042467316189, 6.657042467304904, 6.657042467303437, 6.657042467340312, 6.657042467289857, 6.657042467290409, 6.657042467289284, 6.6570424673385435, 6.657042467314823, 6.657042467313712, 6.6570424673169475, 6.657042467315449, 6.657042467321874, 6.657042467328444, 6.657042467300556, 6.657042467306408, 6.657042467320349, 6.6570424673074, 6.657042467333273, 6.659307292849674, 6.659307292845, 6.659307292861785, 6.659307292847388, 6.659307292879649, 6.6593072928538835, 6.659307292868798, 6.65930729287023, 6.6593072928571075, 6.659307292838681, 6.659307292837439, 6.659307292844248, 6.659307292836838, 6.659307292872459, 6.659307292858483, 6.659307292844893, 6.659307292844473, 6.65930729284218, 6.659307292867394, 6.6593072928503245, 6.659307292871835, 6.65930729284612, 6.659307292851686, 6.659307292839873, 6.659307292860058, 6.6593072928536845, 6.659307292846186, 6.659307292842511, 6.659307292863064, 6.659307292835925, 6.6593072928496815, 6.659307292847915, 6.659307292848067, 6.659307292866092, 6.659307292832589, 6.65930729285406, 6.659307292844681, 6.659307292852076, 6.65930729284459, 6.659307292853516, 6.659307292858901, 6.659392431280041, 6.65939243129339, 6.659392431270658, 6.659392431280049, 6.659392431267128, 6.6593924312794455, 6.659392431287119, 6.659392431288175, 6.659392431294464, 6.659392431263037, 6.659392431258506, 6.659392431287343, 6.659392431280047, 6.659392431268608, 6.659392431270167, 6.659392431272884, 6.659392431287719, 6.659392431279176, 6.659392431266248, 6.659392431273081, 6.659392431256188, 6.65939243128168, 6.659392431273251, 6.659392431297506, 6.659392431278194, 6.659392431251802, 6.659392431309177, 6.659392431313381, 6.659392431290364, 6.659392431269825, 6.659392431280041, 6.6593924312842265, 6.6593924312732735, 6.659392431262292, 6.659392431291998, 6.659392431262168, 6.65939243129716, 6.659392431287408, 6.659392431281835, 6.659392431279123, 6.6593924312614385, 6.660436764878145, 6.66043676488051, 6.660436764877702, 6.660436764884336, 6.660436764853542, 6.6604367648766925, 6.66043676485055, 6.660436764851491, 6.660436764841281, 6.660436764898399, 6.660436764903086, 6.660436764873478, 6.660436764893209, 6.660436764871113, 6.66043676487302, 6.660436764887706, 6.660436764864747, 6.660436764881554, 6.660436764873306, 6.660436764884889, 6.660436764888202, 6.660436764877269, 6.660436764881629, 6.660436764863844, 6.660436764871811, 6.6604367649054055, 6.660436764851282, 6.660436764851688, 6.660436764854992, 6.660436764899804, 6.660436764878158, 6.660436764877159, 6.6604367648794005, 6.660436764883955, 6.660436764878839, 6.660436764891689, 6.66043676486402, 6.660436764871649, 6.660436764875145, 6.660436764879154, 6.660436764884182, 6.661538803499048, 6.661538803505516, 6.6615388035153416, 6.661538803498432, 6.661538803536884, 6.661538803500481, 6.661538803533462, 6.66153880353462, 6.661538803522267, 6.661538803485247, 6.661538803483022, 6.661538803490234, 6.661538803489375, 6.6615388035165966, 6.661538803512077, 6.661538803489469, 6.661538803502788, 6.6615388034896785, 6.661538803512732, 6.661538803494871, 6.661538803505869, 6.661538803495079, 6.661538803496448, 6.6615388034976055, 6.66153880350684, 6.6615388034941985, 6.661538803504238, 6.661538803503416, 6.661538803512586, 6.661538803485328, 6.6615388034990515, 6.661538803496363, 6.661538803497451, 6.661538803513926, 6.6615388034894405, 6.661538803506497, 6.661538803491007, 6.661538803497535, 6.661538803498834, 6.661538803498372, 6.66153880350679, 6.662479466947194, 6.662479466931127, 6.662479466933637, 6.6624794669486995, 6.6624794669243395, 6.66247946694691, 6.662479466931055, 6.66247946693178, 6.662479466940523, 6.662479466945936, 6.662479466941966, 6.662479466962161, 6.662479466945776, 6.662479466939311, 6.662479466941778, 6.662479466949959, 6.662479466956684, 6.6624794669542196, 6.662479466933926, 6.662479466945264, 6.66247946692814, 6.66247946695149, 6.662479466942771, 6.662479466960593, 6.662479466940214, 6.662479466930612, 6.6624794669643155, 6.662479466969795, 6.662479466949433, 6.66247946694443, 6.662479466947184, 6.662479466952954, 6.6624794669416865, 6.6624794669290335, 6.662479466958427, 6.662479466930643, 6.662479466963007, 6.6624794669533935, 6.662479466947388, 6.662479466947723, 6.662479466929191, 6.663822445413803, 6.66382244540596, 6.663822445412162, 6.663822445417818, 6.66382244540892, 6.663822445412927, 6.66382244539481, 6.663822445395794, 6.663822445392547, 6.663822445430642, 6.663822445433314, 6.663822445415554, 6.663822445416461, 6.663822445412895, 6.663822445408887, 6.663822445415273, 6.6638224454031105, 6.6638224454171775, 6.6638224454164146, 6.663822445423538, 6.663822445427488, 6.66382244541419, 6.663822445419061, 6.66382244539612, 6.663822445409634, 6.663822445438314, 6.6638224453894335, 6.663822445389227, 6.663822445401457, 6.663822445424926, 6.663822445413813, 6.663822445414334, 6.66382244541479, 6.663822445421914, 6.66382244540927, 6.663822445424048, 6.663822445402863, 6.663822445409287, 6.663822445412265, 6.6638224454138735, 6.663822445425383, 6.664136854415852, 6.664136854416304, 6.664136854428671, 6.664136854415027, 6.664136854452479, 6.664136854412778, 6.664136854449382, 6.664136854450588, 6.6641368544465305, 6.66413685440334, 6.664136854399272, 6.664136854407044, 6.664136854413602, 6.664136854424217, 6.664136854420569, 6.664136854401321, 6.664136854422557, 6.664136854410321, 6.664136854427934, 6.664136854410468, 6.664136854414023, 6.664136854412099, 6.664136854413701, 6.664136854417632, 6.664136854414565, 6.664136854405399, 6.664136854426546, 6.664136854427083, 6.66413685442982, 6.664136854401839, 6.664136854415839, 6.66413685441321, 6.664136854415234, 6.664136854421816, 6.664136854411635, 6.664136854415869, 6.664136854415153, 6.664136854415466, 6.664136854419105, 6.664136854412404, 6.664136854423394, 6.664072012011439, 6.664072012002057, 6.664072012003798, 6.664072012012924, 6.664072011974735, 6.6640720120083365, 6.664072011982557, 6.664072011983021, 6.664072011984757, 6.664072012016334, 6.664072012014004, 6.6640720120161765, 6.66407201202617, 6.664072012009799, 6.664072012011859, 6.664072012028674, 6.6640720120181856, 6.664072012020088, 6.664072012001776, 6.664072012007004, 6.664072012002252, 6.664072012012133, 6.664072012010951, 6.664072012020245, 6.664072012025785, 6.664072012005966, 6.664072012017194, 6.6640720120224906, 6.664072012002516, 6.664072012019361, 6.6640720120114345, 6.664072012013386, 6.664072012008921, 6.664072011992081, 6.664072012020517, 6.664072011994211, 6.664072012027877, 6.6640720120173365, 6.664072012006426, 6.66407201201643, 6.664072011990458, 6.665748304499319, 6.665748304512311, 6.665748304500293, 6.665748304500421, 6.665748304514784, 6.6657483045072485, 6.665748304506622, 6.665748304507498, 6.665748304505381, 6.665748304505445, 6.665748304507434, 6.665748304495684, 6.665748304496537, 6.665748304494131, 6.665748304496656, 6.665748304491865, 6.66574830448412, 6.665748304494767, 6.6657483045000285, 6.665748304508916, 6.665748304502851, 6.6657483044977885, 6.665748304501579, 6.665748304488411, 6.665748304499221, 6.66574830451264, 6.665748304485955, 6.665748304485676, 6.665748304492638, 6.665748304505826, 6.665748304499309, 6.665748304499899, 6.665748304498564, 6.665748304511682, 6.665748304495126, 6.6657483045160175, 6.6657483044817925, 6.665748304488799, 6.665748304502403, 6.665748304494897, 6.665748304513812, 6.666353892535289, 6.666353892548484, 6.6663538925345796, 6.666353892533887, 6.666353892551007, 6.666353892542378, 6.66635389255209, 6.666353892552571, 6.666353892554209, 6.666353892516935, 6.666353892514616, 6.666353892535438, 6.66635389252103, 6.666353892543385, 6.666353892538761, 6.666353892529168, 6.666353892539824, 6.666353892527936, 6.666353892540361, 6.666353892534658, 6.666353892539515, 6.666353892534118, 6.666353892535133, 6.666353892536964, 6.666353892531421, 6.666353892526658, 6.666353892543962, 6.666353892544564, 6.666353892547622, 6.666353892523634, 6.666353892535282, 6.666353892537492, 6.6663538925329195, 6.666353892539795, 6.66635389252796, 6.66635389253436, 6.666353892535379, 6.666353892535237, 6.666353892532886, 6.666353892537767, 6.66635389253241, 6.665970784900888, 6.665970784890295, 6.665970784895022, 6.665970784905104, 6.665970784867597, 6.6659707848934815, 6.665970784870806, 6.665970784871073, 6.665970784875999, 6.665970784914754, 6.66597078491297, 6.665970784906035, 6.665970784913934, 6.665970784894961, 6.665970784899789, 6.665970784911471, 6.6659707849086764, 6.665970784908259, 6.6659707848937915, 6.665970784895009, 6.665970784894023, 6.665970784903374, 6.6659707848999705, 6.665970784907031, 6.66597078491614, 6.665970784900041, 6.6659707849018375, 6.665970784907078, 6.665970784893653, 6.665970784907706, 6.665970784900895, 6.665970784900893, 6.665970784902125, 6.66597078488822, 6.665970784909305, 6.665970784889839, 6.665970784911111, 6.665970784903352, 6.665970784900486, 6.665970784901865, 6.665970784892621, 6.666621453027308, 6.66662145302175, 6.666621453037593, 6.666621453031474, 6.666621453048119, 6.666621453016186, 6.666621453039585, 6.666621453040511, 6.666621453037413, 6.6666214530365995, 6.666621453035271, 6.666621453020831, 6.666621453032772, 6.66662145302369, 6.666621453028261, 6.666621453018153, 6.666621453020271, 6.666621453027465, 6.666621453034837, 6.666621453023903, 6.666621453026796, 6.666621453026395, 6.6666214530272825, 6.666621453019801, 6.666621453016059, 6.666621453035107, 6.666621453019507, 6.666621453021242, 6.666621453023433, 6.66662145303089, 6.666621453027317, 6.66662145302276, 6.66662145303226, 6.666621453035335, 6.666621453028525, 6.666621453032394, 6.666621453021325, 6.666621453021818, 6.666621453033718, 6.666621453020387, 6.666621453044521, 6.6665036284134676, 6.666503628427898, 6.666503628412979, 6.666503628408873, 6.666503628418287, 6.666503628420645, 6.666503628421596, 6.666503628421824, 6.666503628421782, 6.666503628394629, 6.666503628392343, 6.666503628416937, 6.666503628396378, 6.666503628428144, 6.666503628419233, 6.666503628418455, 6.666503628416858, 6.666503628408089, 6.666503628419882, 6.666503628415429, 6.666503628425795, 6.666503628412661, 6.66650362841513, 6.666503628411569, 6.666503628414537, 6.666503628409611, 6.666503628417319, 6.66650362841843, 6.666503628423303, 6.6665036284043335, 6.66650362841346, 6.666503628414537, 6.666503628410203, 6.666503628411964, 6.66650362840623, 6.66650362840627, 6.666503628419638, 6.666503628418002, 6.666503628404646, 6.666503628422086, 6.6665036284017605, 6.665679783366906, 6.665679783341595, 6.665679783356488, 6.665679783365523, 6.6656797833476285, 6.66567978337629, 6.665679783350213, 6.665679783350521, 6.665679783361357, 6.665679783383537, 6.66567978338352, 6.665679783373942, 6.665679783369525, 6.665679783345352, 6.665679783357029, 6.665679783366341, 6.665679783363744, 6.665679783372285, 6.665679783351391, 6.665679783376018, 6.665679783350098, 6.665679783370277, 6.665679783363723, 6.665679783373791, 6.665679783358155, 6.665679783366447, 6.665679783367401, 6.665679783372005, 6.665679783358481, 6.665679783375589, 6.665679783366908, 6.665679783368919, 6.665679783363751, 6.665679783358198, 6.665679783377819, 6.665679783371462, 6.665679783361293, 6.665679783359741, 6.665679783372604, 6.665679783361176, 6.665679783367641, 6.666777336652831, 6.6667773366616485, 6.666777336658618, 6.666777336652753, 6.666777336666584, 6.666777336654498, 6.666777336662965, 6.666777336663444, 6.666777336657069, 6.666777336644082, 6.6667773366447625, 6.666777336641415, 6.666777336650765, 6.666777336662555, 6.6667773366571375, 6.6667773366528715, 6.666777336655129, 6.666777336651314, 6.666777336662551, 6.666777336651011, 6.666777336666752, 6.666777336650298, 6.666777336655498, 6.666777336646203, 6.6667773366510135, 6.66677733665866, 6.666777336646865, 6.6667773366454055, 6.6667773366538245, 6.666777336651695, 6.6667773366528476, 6.666777336650122, 6.666777336656516, 6.666777336664057, 6.666777336641946, 6.666777336659854, 6.666777336644891, 6.666777336648932, 6.666777336647981, 6.666777336656217, 6.666777336655603, 6.667249534528803, 6.6672495345399225, 6.667249534529148, 6.667249534529095, 6.667249534528001, 6.667249534521438, 6.667249534536127, 6.6672495345364275, 6.66724953453456, 6.667249534525086, 6.667249534522473, 6.667249534527315, 6.667249534533697, 6.667249534533656, 6.667249534532214, 6.667249534527739, 6.667249534533398, 6.667249534524618, 6.667249534532326, 6.667249534521666, 6.667249534526376, 6.667249534529885, 6.667249534528088, 6.667249534535441, 6.667249534519684, 6.667249534519836, 6.66724953453785, 6.667249534539899, 6.667249534535571, 6.667249534521983, 6.667249534528797, 6.667249534527177, 6.667249534531544, 6.6672495345232505, 6.667249534528507, 6.667249534519295, 6.667249534537246, 6.66724953453165, 6.667249534527746, 6.667249534529848, 6.667249534524185, 6.665805260382783, 6.6658052603998135, 6.665805260378084, 6.665805260385729, 6.665805260365105, 6.6658052603719185, 6.665805260363867, 6.665805260364319, 6.665805260365991, 6.665805260405314, 6.66580526040566, 6.665805260389351, 6.665805260396903, 6.665805260368295, 6.6658052603778195, 6.665805260385993, 6.665805260371449, 6.665805260388539, 6.665805260374962, 6.6658052603836415, 6.665805260371937, 6.665805260387353, 6.665805260382777, 6.665805260381752, 6.665805260402945, 6.665805260390562, 6.6658052603750315, 6.665805260379371, 6.665805260370099, 6.665805260394426, 6.66580526038279, 6.665805260381262, 6.6658052603862865, 6.665805260373964, 6.66580526039391, 6.665805260378202, 6.665805260386124, 6.665805260380635, 6.665805260388667, 6.665805260376424, 6.665805260389922, 6.665268364691055, 6.665268364677388, 6.665268364695372, 6.665268364685095, 6.6652683647153665, 6.665268364705171, 6.665268364708888, 6.6652683647092905, 6.6652683647058355, 6.66526836466431, 6.665268364664475, 6.665268364687278, 6.665268364667608, 6.665268364708232, 6.665268364697229, 6.66526836469133, 6.665268364697079, 6.665268364685588, 6.665268364702899, 6.6652683646932385, 6.6652683647096245, 6.665268364688858, 6.665268364693771, 6.6652683646838575, 6.665268364682993, 6.665268364691809, 6.6652683646901165, 6.665268364688159, 6.6652683647034605, 6.665268364678953, 6.665268364691053, 6.665268364690706, 6.665268364689202, 6.665268364702365, 6.665268364676998, 6.6652683646961535, 6.665268364684922, 6.665268364691336, 6.665268364683389, 6.665268364697506, 6.66526836468987, 6.666673894099519, 6.6666738940757915, 6.6666738940921215, 6.666673894096991, 6.666673894090983, 6.66667389410626, 6.6666738940935035, 6.666673894093848, 6.6666738941024235, 6.66667389410742, 6.666673894107106, 6.666673894104985, 6.666673894099028, 6.666673894082137, 6.666673894093536, 6.666673894097472, 6.666673894104154, 6.666673894102444, 6.666673894087776, 6.666673894103059, 6.666673894081866, 6.666673894102723, 6.666673894095709, 6.6666738941079515, 6.666673894107017, 6.666673894093484, 6.666673894105562, 6.666673894109395, 6.666673894096755, 6.666673894102225, 6.666673894099521, 6.666673894100811, 6.666673894097281, 6.666673894093578, 6.666673894109037, 6.666673894101661, 6.666673894096247, 6.666673894094792, 6.6666738941061165, 6.666673894092879, 6.666673894101896, 6.6674828645863204, 6.667482864591157, 6.667482864590469, 6.667482864588013, 6.6674828645726985, 6.667482864578849, 6.6674828645736754, 6.667482864573946, 6.667482864564748, 6.667482864595624, 6.66748286459727, 6.66748286458061, 6.6674828645971855, 6.667482864594542, 6.667482864592283, 6.667482864598835, 6.667482864584909, 6.6674828645859145, 6.667482864590083, 6.6674828645829844, 6.6674828645982975, 6.667482864585858, 6.667482864589868, 6.6674828645797, 6.667482864597063, 6.667482864597166, 6.667482864575301, 6.667482864575738, 6.667482864579448, 6.667482864592154, 6.667482864586325, 6.667482864582316, 6.667482864590553, 6.667482864587038, 6.667482864583345, 6.6674828645837545, 6.667482864587785, 6.667482864588092, 6.6674828645801565, 6.667482864591205, 6.667482864583705, 6.666431259222557, 6.666431259235101, 6.666431259226074, 6.666431259224456, 6.6664312592450115, 6.666431259209317, 6.666431259250366, 6.6664312592510475, 6.6664312592499275, 6.66643125921417, 6.666431259211318, 6.666431259219168, 6.666431259225489, 6.666431259217296, 6.666431259221583, 6.666431259208141, 6.6664312592185615, 6.6664312592188715, 6.666431259227057, 6.666431259214715, 6.66643125921137, 6.666431259223318, 6.666431259220664, 6.666431259227786, 6.666431259210121, 6.666431259210619, 6.666431259234581, 6.666431259236162, 6.666431259229881, 6.666431259214798, 6.666431259222556, 6.666431259220634, 6.6664312592268145, 6.666431259221451, 6.666431259225836, 6.666431259214218, 6.666431259229654, 6.666431259223316, 6.666431259227409, 6.666431259217412, 6.666431259226457, 6.667056264695582, 6.667056264714969, 6.667056264686899, 6.667056264693821, 6.667056264676163, 6.667056264705261, 6.667056264672867, 6.66705626467286, 6.667056264674164, 6.667056264696789, 6.667056264699577, 6.667056264699358, 6.66705626468777, 6.6670562646994505, 6.66705626469414, 6.6670562647065585, 6.667056264691609, 6.667056264699403, 6.667056264692943, 6.667056264704584, 6.667056264708828, 6.667056264696903, 6.66705626469985, 6.667056264689187, 6.667056264692664, 6.667056264705791, 6.667056264685145, 6.66705626468478, 6.6670562646918246, 6.667056264698904, 6.66705626469559, 6.667056264697838, 6.667056264694744, 6.667056264695815, 6.667056264689336, 6.667056264696491, 6.6670562646935725, 6.667056264696208, 6.667056264687617, 6.667056264702518, 6.6670562646887985, 6.667237823111035, 6.667237823092109, 6.66723782311011, 6.667237823107905, 6.66723782312119, 6.66723782312452, 6.667237823118434, 6.66723782311893, 6.667237823126758, 6.6672378231153, 6.667237823114444, 6.667237823109829, 6.667237823104755, 6.667237823099331, 6.667237823107858, 6.667237823101491, 6.667237823117277, 6.667237823111419, 6.667237823106014, 6.667237823116735, 6.667237823098283, 6.667237823111581, 6.66723782310674, 6.667237823119129, 6.667237823110911, 6.667237823104713, 6.667237823117164, 6.6672378231192, 6.667237823115052, 6.667237823107274, 6.667237823111035, 6.667237823111362, 6.667237823108321, 6.667237823112436, 6.667237823114648, 6.6672378231211615, 6.667237823099842, 6.667237823104215, 6.6672378231187714, 6.6672378231033695, 6.6672378231200256, 6.667874910434359, 6.66787491042858, 6.6678749104393775, 6.667874910433991, 6.6678749104315544, 6.667874910428325, 6.667874910435542, 6.6678749104357395, 6.667874910428828, 6.667874910426312, 6.667874910426106, 6.667874910430847, 6.667874910434754, 6.66787491044909, 6.667874910444377, 6.6678749104441115, 6.667874910442065, 6.667874910432577, 6.667874910441009, 6.667874910428257, 6.667874910445596, 6.667874910433078, 6.6678749104367165, 6.667874910430614, 6.667874910427248, 6.66787491043649, 6.667874910432024, 6.6678749104322685, 6.667874910434517, 6.667874910433691, 6.667874910434358, 6.6678749104319435, 6.667874910436199, 6.667874910434931, 6.6678749104296475, 6.6678749104272, 6.667874910440489, 6.667874910439689, 6.6678749104270825, 6.667874910441048, 6.66787491042658, 6.668534534103377, 6.668534534093659, 6.668534534106128, 6.668534534106116, 6.668534534101853, 6.668534534093672, 6.668534534104452, 6.6685345341049915, 6.668534534103936, 6.668534534113917, 6.668534534114356, 6.6685345341035625, 6.668534534113858, 6.668534534094807, 6.668534534100656, 6.668534534099486, 6.668534534094439, 6.668534534102494, 6.668534534101498, 6.668534534100664, 6.668534534097781, 6.668534534104841, 6.668534534102804, 6.668534534102402, 6.66853453409111, 6.66853453410688, 6.6685345340998055, 6.668534534101793, 6.668534534097371, 6.66853453410887, 6.668534534103379, 6.668534534100514, 6.668534534105455, 6.668534534100872, 6.668534534109505, 6.668534534101659, 6.668534534103946, 6.6685345341028635, 6.668534534108077, 6.668534534098224, 6.668534534111771, 6.668331853680131, 6.668331853696392, 6.668331853674956, 6.668331853682156, 6.668331853674881, 6.668331853674019, 6.668331853675928, 6.668331853676204, 6.668331853679664, 6.668331853676613, 6.668331853676527, 6.668331853685375, 6.668331853681104, 6.668331853673952, 6.668331853676596, 6.668331853679277, 6.668331853674253, 6.668331853683921, 6.66833185367681, 6.668331853677932, 6.668331853674626, 6.668331853682541, 6.668331853680445, 6.6683318536820595, 6.668331853692063, 6.668331853677914, 6.668331853682347, 6.668331853684432, 6.668331853677742, 6.668331853682032, 6.668331853680119, 6.668331853681415, 6.668331853681115, 6.668331853674103, 6.668331853684229, 6.6683318536715745, 6.668331853687544, 6.668331853682837, 6.66833185368074, 6.668331853679303, 6.6683318536779215, 6.667374368601404, 6.667374368612966, 6.667374368602486, 6.667374368598592, 6.66737436861312, 6.667374368614264, 6.667374368604562, 6.6673743686048415, 6.667374368603019, 6.667374368587277, 6.667374368587934, 6.667374368597251, 6.667374368586607, 6.667374368615535, 6.66737436860705, 6.667374368603208, 6.6673743686064455, 6.66737436860013, 6.667374368609138, 6.667374368605026, 6.667374368616843, 6.66737436859909, 6.667374368603945, 6.66737436859784, 6.667374368596673, 6.6673743686043325, 6.667374368598127, 6.667374368596434, 6.66737436860941, 6.667374368593329, 6.667374368601395, 6.667374368602619, 6.667374368600225, 6.667374368609219, 6.667374368589811, 6.667374368606835, 6.667374368595003, 6.667374368601955, 6.667374368594927, 6.667374368607514, 6.6673743685981535, 6.666746434568212, 6.666746434550801, 6.666746434564815, 6.666746434568818, 6.6667464345653595, 6.666746434572328, 6.666746434564145, 6.666746434564708, 6.666746434572099, 6.666746434590179, 6.666746434589625, 6.666746434566802, 6.666746434576609, 6.6667464345496565, 6.666746434564711, 6.666746434561134, 6.666746434570799, 6.666746434569776, 6.666746434557536, 6.666746434573831, 6.66674643454836, 6.666746434569203, 6.6667464345641765, 6.666746434576268, 6.666746434578064, 6.666746434566386, 6.666746434569798, 6.666746434573555, 6.666746434562592, 6.666746434573479, 6.666746434568207, 6.666746434569086, 6.666746434567136, 6.666746434563179, 6.666746434579022, 6.666746434575748, 6.666746434559593, 6.666746434560687, 6.666746434579248, 6.666746434558053, 6.6667464345781875, 6.666749775932448, 6.666749775926251, 6.666749775933617, 6.666749775931895, 6.666749775922174, 6.666749775927223, 6.666749775929023, 6.666749775928926, 6.66674977592047, 6.66674977591888, 6.666749775918919, 6.666749775929454, 6.666749775930299, 6.666749775954022, 6.6667497759428676, 6.666749775946878, 6.666749775939523, 6.6667497759283485, 6.666749775940155, 6.666749775927965, 6.66674977595148, 6.666749775929931, 6.666749775937222, 6.6667497759261884, 6.666749775938217, 6.6667497759355925, 6.66674977592902, 6.666749775928228, 6.6667497759344085, 6.6667497759299135, 6.66674977593245, 6.666749775932351, 6.666749775933333, 6.666749775931466, 6.666749775923539, 6.666749775920487, 6.666749775943372, 6.666749775941668, 6.666749775919006, 6.666749775945865, 6.666749775913811, 6.666997845700501, 6.666997845714933, 6.666997845704874, 6.6669978457021335, 6.666997845724828, 6.666997845697995, 6.6669978457218555, 6.666997845722831, 6.666997845727196, 6.666997845704151, 6.666997845703495, 6.66699784569792, 6.6669978457024435, 6.666997845681838, 6.666997845691315, 6.666997845680146, 6.666997845689768, 6.666997845699718, 6.666997845699358, 6.666997845700581, 6.666997845685869, 6.666997845700471, 6.66699784569666, 6.66699784570299, 6.666997845706477, 6.66699784569683, 6.6669978457040955, 6.666997845705163, 6.666997845701286, 6.666997845699656, 6.66699784570049, 6.666997845698644, 6.666997845700941, 6.666997845704703, 6.666997845706836, 6.6669978457086865, 6.666997845691188, 6.666997845693658, 6.666997845712215, 6.6669978456890355, 6.666997845717702, 6.666906205783185, 6.666906205769259, 6.666906205774953, 6.666906205782458, 6.666906205751006, 6.666906205792664, 6.666906205750616, 6.6669062057503545, 6.666906205750458, 6.666906205782237, 6.66690620578463, 6.66690620579179, 6.6669062057763, 6.666906205792745, 6.666906205783568, 6.666906205801679, 6.6669062057819035, 6.666906205788546, 6.666906205780248, 6.666906205787069, 6.666906205798274, 6.666906205784164, 6.666906205786406, 6.666906205781697, 6.666906205782104, 6.66690620578904, 6.666906205777122, 6.666906205775741, 6.666906205780336, 6.66690620578585, 6.6669062057831905, 6.66690620578508, 6.666906205780198, 6.666906205780432, 6.666906205776263, 6.666906205778987, 6.666906205786444, 6.666906205789126, 6.66690620577205, 6.666906205794139, 6.666906205767635, 6.6672624521176065, 6.667262452127438, 6.667262452125332, 6.667262452116869, 6.667262452141092, 6.667262452117357, 6.667262452143555, 6.667262452144382, 6.667262452147817, 6.667262452115496, 6.667262452112943, 6.667262452115975, 6.667262452116777, 6.667262452109598, 6.667262452116114, 6.667262452100965, 6.667262452123509, 6.667262452113545, 6.667262452119244, 6.667262452112399, 6.667262452102676, 6.6672624521170984, 6.6672624521113475, 6.667262452126999, 6.667262452116442, 6.667262452103471, 6.667262452131628, 6.6672624521317685, 6.667262452126438, 6.667262452109156, 6.667262452117594, 6.6672624521147945, 6.667262452115866, 6.667262452121865, 6.667262452121346, 6.667262452123055, 6.667262452111165, 6.667262452113988, 6.66726245212773, 6.667262452108299, 6.667262452129278, 6.667406211470975, 6.667406211476501, 6.667406211472725, 6.667406211473344, 6.667406211454575, 6.667406211459572, 6.667406211454607, 6.667406211454888, 6.667406211445472, 6.667406211478022, 6.667406211480996, 6.667406211471513, 6.667406211479131, 6.667406211480774, 6.667406211474235, 6.667406211485604, 6.6674062114679975, 6.667406211472896, 6.667406211474556, 6.667406211469106, 6.667406211488292, 6.66740621147085, 6.667406211475963, 6.667406211457212, 6.667406211463224, 6.667406211486803, 6.667406211454842, 6.667406211452144, 6.667406211458857, 6.667406211481934, 6.667406211470975, 6.667406211468773, 6.667406211473011, 6.667406211475699, 6.667406211466072, 6.667406211468128, 6.667406211472911, 6.667406211474917, 6.667406211463757, 6.667406211477242, 6.667406211468577, 6.668358214697017, 6.66835821471071, 6.668358214694752, 6.668358214696073, 6.668358214701038, 6.668358214693063, 6.668358214707929, 6.668358214708408, 6.668358214712459, 6.668358214692953, 6.6683582146904445, 6.668358214701499, 6.668358214699758, 6.668358214690415, 6.668358214694271, 6.668358214689712, 6.6683582147007865, 6.6683582146935, 6.668358214693308, 6.668358214693528, 6.6683582146799925, 6.668358214698558, 6.668358214692899, 6.668358214707307, 6.668358214692172, 6.668358214681476, 6.668358214712565, 6.668358214713822, 6.6683582147028755, 6.668358214690876, 6.668358214697022, 6.668358214698062, 6.668358214694068, 6.668358214689009, 6.668358214704359, 6.668358214688945, 6.668358214704042, 6.668358214699504, 6.6683582147029306, 6.668358214691882, 6.668358214696812, 6.668017074438773, 6.6680170744202, 6.6680170744317335, 6.668017074437264, 6.668017074442137, 6.668017074446975, 6.6680170744304075, 6.66801707443087, 6.668017074431344, 6.668017074435833, 6.668017074438783, 6.668017074440515, 6.668017074431251, 6.668017074439406, 6.668017074434223, 6.66801707443993, 6.668017074430514, 6.668017074442712, 6.668017074438263, 6.668017074448255, 6.668017074446678, 6.668017074438824, 6.668017074441916, 6.668017074430742, 6.668017074437517, 6.668017074447078, 6.668017074430196, 6.6680170744267935, 6.668017074435442, 6.668017074441253, 6.668017074438762, 6.668017074442453, 6.668017074437216, 6.668017074446247, 6.668017074432269, 6.668017074446292, 6.668017074430317, 6.668017074435636, 6.668017074436524, 6.668017074440046, 6.668017074441591, 6.668554712331011, 6.668554712322318, 6.668554712331773, 6.668554712330281, 6.668554712335707, 6.668554712330909, 6.66855471233097, 6.6685547123312725, 6.668554712328264, 6.668554712330822, 6.668554712330439, 6.668554712324762, 6.6685547123353865, 6.668554712337264, 6.668554712335556, 6.668554712333585, 6.668554712335759, 6.668554712332455, 6.668554712333534, 6.6685547123299385, 6.668554712330318, 6.668554712329187, 6.668554712331314, 6.668554712332137, 6.668554712335905, 6.668554712328969, 6.668554712332813, 6.668554712331937, 6.668554712332086, 6.668554712328847, 6.668554712331014, 6.6685547123316695, 6.668554712331388, 6.668554712331033, 6.668554712329241, 6.668554712330248, 6.668554712330872, 6.668554712330869, 6.668554712330551, 6.668554712331465, 6.668554712329351, 6.668391794565731, 6.668391794560645, 6.668391794569861, 6.668391794566149, 6.668391794567752, 6.668391794560759, 6.6683917945711215, 6.668391794571287, 6.6683917945694136, 6.668391794571212, 6.668391794569499, 6.668391794559615, 6.668391794577245, 6.668391794566052, 6.668391794568909, 6.668391794563763, 6.66839179457262, 6.668391794561937, 6.668391794565326, 6.668391794560794, 6.668391794555801, 6.668391794564275, 6.668391794563214, 6.668391794572598, 6.668391794574818, 6.668391794558636, 6.668391794572679, 6.668391794574567, 6.668391794568014, 6.668391794562618, 6.668391794565739, 6.668391794564279, 6.668391794565798, 6.668391794557724, 6.668391794571698, 6.668391794560239, 6.668391794570222, 6.668391794567113, 6.668391794569248, 6.6683917945630755, 6.668391794564831, 6.668523399011655, 6.668523399022803, 6.668523399010272, 6.668523399011814, 6.668523399008025, 6.668523399017665, 6.668523399001492, 6.6685233990014625, 6.668523398998722, 6.668523399009177, 6.668523399013291, 6.668523399012649, 6.668523399004813, 6.668523399015608, 6.668523399007705, 6.668523399015229, 6.668523399003828, 6.668523399010574, 6.668523399012211, 6.668523399017526, 6.668523399027948, 6.668523399010951, 6.668523399014928, 6.668523399000862, 6.668523399011205, 6.668523399025681, 6.668523398997367, 6.6685233989951875, 6.668523399007199, 6.668523399015645, 6.668523399011662, 6.668523399012328, 6.668523399010466, 6.668523399016635, 6.668523399005991, 6.6685233990169035, 6.668523399005463, 6.668523399011845, 6.668523399005555, 6.66852339901706, 6.668523399010413, 6.668093622690984, 6.668093622708475, 6.668093622687894, 6.668093622692685, 6.66809362270077, 6.668093622691283, 6.668093622703779, 6.668093622703883, 6.6680936227122904, 6.668093622682147, 6.668093622680994, 6.6680936226983665, 6.668093622682936, 6.66809362267641, 6.668093622683584, 6.668093622678343, 6.6680936226912415, 6.668093622692822, 6.668093622684391, 6.668093622687671, 6.6680936226733785, 6.6680936226933945, 6.668093622685286, 6.668093622701113, 6.668093622687227, 6.6680936226768885, 6.668093622705114, 6.66809362270659, 6.668093622694545, 6.668093622687687, 6.668093622690979, 6.668093622692787, 6.6680936226887635, 6.668093622688017, 6.668093622698677, 6.668093622688751, 6.668093622692234, 6.668093622689612, 6.668093622697182, 6.668093622685502, 6.668093622691428, 6.6677985584708175, 6.667798558465762, 6.667798558472779, 6.667798558474682, 6.667798558452995, 6.667798558464729, 6.667798558452756, 6.667798558452347, 6.667798558444292, 6.667798558477932, 6.667798558479872, 6.667798558471006, 6.667798558471341, 6.667798558485213, 6.66779855847942, 6.6677985584864965, 6.667798558468306, 6.667798558475155, 6.66779855847447, 6.667798558469925, 6.66779855848775, 6.667798558470341, 6.667798558474466, 6.667798558461685, 6.667798558463381, 6.667798558483387, 6.667798558457889, 6.667798558456089, 6.667798558462965, 6.667798558477863, 6.667798558470816, 6.667798558469594, 6.667798558473434, 6.667798558474153, 6.667798558465085, 6.6677985584675366, 6.66779855847323, 6.667798558474277, 6.667798558462679, 6.66779855847882, 6.667798558463684, 6.667460734231965, 6.667460734222237, 6.667460734239774, 6.667460734231239, 6.667460734252601, 6.667460734233456, 6.667460734259013, 6.667460734259218, 6.667460734262908, 6.6674607342364975, 6.667460734232996, 6.667460734227321, 6.667460734232708, 6.667460734225954, 6.667460734232252, 6.667460734213268, 6.667460734238654, 6.667460734223315, 6.667460734234121, 6.667460734231483, 6.667460734217888, 6.6674607342303895, 6.667460734226026, 6.667460734240799, 6.667460734231241, 6.667460734219718, 6.667460734243971, 6.66746073424496, 6.66746073424332, 6.66746073422117, 6.667460734231956, 6.667460734229466, 6.667460734230671, 6.667460734232724, 6.667460734236498, 6.667460734237217, 6.667460734225807, 6.667460734227565, 6.667460734243192, 6.667460734222618, 6.667460734244502, 6.667156031767772, 6.667156031753299, 6.667156031758987, 6.667156031768141, 6.667156031733858, 6.667156031769099, 6.667156031736213, 6.667156031735599, 6.667156031735027, 6.667156031766255, 6.667156031769261, 6.667156031771528, 6.667156031769511, 6.667156031774178, 6.66715603176686, 6.667156031786069, 6.667156031767596, 6.66715603177529, 6.667156031764875, 6.667156031771261, 6.667156031783283, 6.66715603176778, 6.667156031773193, 6.667156031759624, 6.667156031774789, 6.667156031778998, 6.66715603175626, 6.667156031754988, 6.667156031758688, 6.667156031776255, 6.667156031767774, 6.667156031769723, 6.667156031767242, 6.667156031763994, 6.667156031763479, 6.6671560317612135, 6.667156031773543, 6.667156031772565, 6.667156031757537, 6.667156031777914, 6.667156031754412, 6.667493251711228, 6.667493251700046, 6.667493251718904, 6.667493251710522, 6.667493251745684, 6.667493251711788, 6.667493251742809, 6.667493251743507, 6.667493251745744, 6.66749325170236, 6.667493251700292, 6.667493251705283, 6.667493251713243, 6.667493251700027, 6.667493251707097, 6.667493251691498, 6.667493251707893, 6.667493251709739, 6.667493251714429, 6.667493251706637, 6.667493251696163, 6.6674932517097, 6.667493251707038, 6.66749325171778, 6.667493251714402, 6.667493251699615, 6.667493251722794, 6.6674932517229575, 6.667493251718045, 6.667493251704409, 6.667493251711223, 6.667493251709055, 6.66749325171104, 6.667493251714476, 6.667493251716042, 6.6674932517164285, 6.667493251705087, 6.667493251705852, 6.667493251721588, 6.667493251701116, 6.667493251724868, 6.667468609531836, 6.667468609547767, 6.667468609521907, 6.667468609531091, 6.6674686095061375, 6.667468609534483, 6.667468609505484, 6.667468609505051, 6.667468609500679, 6.66746860953578, 6.667468609538399, 6.667468609539745, 6.667468609530134, 6.667468609543463, 6.6674686095361855, 6.6674686095511415, 6.667468609525452, 6.667468609534296, 6.667468609529236, 6.667468609536879, 6.667468609546422, 6.667468609533342, 6.667468609538064, 6.66746860952437, 6.66746860952564, 6.667468609542559, 6.667468609520858, 6.667468609519168, 6.667468609523326, 6.6674686095396085, 6.667468609531836, 6.667468609535285, 6.667468609530754, 6.667468609528241, 6.667468609526252, 6.66746860952525, 6.667468609537433, 6.667468609536561, 6.6674686095213564, 6.6674686095417455, 6.667468609518385, 6.667753501398277, 6.667753501412983, 6.667753501400529, 6.667753501398, 6.667753501420441, 6.667753501397183, 6.667753501420454, 6.6677535014208615, 6.667753501424851, 6.667753501402671, 6.667753501400153, 6.6677535013962865, 6.667753501401308, 6.667753501387845, 6.667753501397738, 6.667753501382817, 6.667753501406251, 6.667753501393386, 6.667753501396757, 6.66775350139524, 6.667753501380194, 6.667753501398567, 6.667753501393934, 6.667753501407215, 6.667753501393143, 6.667753501386072, 6.667753501410338, 6.667753501411515, 6.6677535014037534, 6.6677535013928955, 6.667753501398274, 6.667753501397946, 6.6677535013983755, 6.667753501398896, 6.667753501404372, 6.667753501402035, 6.667753501393565, 6.667753501393055, 6.667753501409058, 6.667753501388502, 6.6677535014088445, 6.667974205724303, 6.667974205730568, 6.667974205726021, 6.667974205725911, 6.667974205713298, 6.667974205718675, 6.667974205707252, 6.667974205707063, 6.667974205699874, 6.667974205722628, 6.667974205724716, 6.667974205720335, 6.667974205727601, 6.667974205738169, 6.667974205730733, 6.667974205738472, 6.667974205729271, 6.667974205727546, 6.667974205730666, 6.66797420572166, 6.667974205743953, 6.667974205722751, 6.667974205729966, 6.667974205713725, 6.667974205731762, 6.667974205736788, 6.667974205711499, 6.667974205709708, 6.667974205719602, 6.667974205728143, 6.667974205724299, 6.667974205722818, 6.667974205727794, 6.66797420572823, 6.667974205717182, 6.667974205721535, 6.667974205726267, 6.667974205727898, 6.667974205715521, 6.667974205732719, 6.6679742057183145, 6.6687467591561065, 6.6687467591712295, 6.668746759156645, 6.668746759155026, 6.668746759164286, 6.668746759159625, 6.668746759165736, 6.668746759165778, 6.668746759172541, 6.668746759155397, 6.668746759153074, 6.668746759158549, 6.668746759155352, 6.668746759142845, 6.668746759149661, 6.6687467591440726, 6.66874675915378, 6.668746759153091, 6.668746759152067, 6.66874675915725, 6.668746759139939, 6.668746759157013, 6.66874675915131, 6.668746759166853, 6.668746759160168, 6.668746759144268, 6.668746759167963, 6.668746759170596, 6.66874675916377, 6.668746759148843, 6.6687467591561065, 6.668746759155317, 6.668746759153907, 6.668746759149414, 6.668746759164893, 6.668746759155329, 6.66874675915584, 6.668746759154602, 6.668746759164289, 6.668746759149003, 6.668746759161473, 6.668191120288651, 6.66819112026747, 6.66819112028108, 6.668191120286574, 6.668191120277525, 6.6681911202958135, 6.668191120276517, 6.668191120276008, 6.668191120276697, 6.6681911202838515, 6.668191120286725, 6.668191120295469, 6.668191120275967, 6.668191120289103, 6.66819112028446, 6.668191120295375, 6.668191120276639, 6.668191120291038, 6.668191120285663, 6.668191120298157, 6.668191120300122, 6.668191120289491, 6.668191120291562, 6.668191120280676, 6.668191120288485, 6.668191120297443, 6.668191120279596, 6.668191120277704, 6.668191120283923, 6.668191120293528, 6.66819112028865, 6.668191120291231, 6.668191120286487, 6.668191120293005, 6.668191120283536, 6.668191120291873, 6.668191120284493, 6.6681911202880295, 6.668191120282026, 6.668191120294529, 6.66819112028277, 6.668233494042901, 6.66823349403528, 6.668233494050583, 6.668233494044483, 6.6682334940537675, 6.668233494032133, 6.668233494059443, 6.668233494059372, 6.668233494054908, 6.668233494043361, 6.66823349404141, 6.668233494036143, 6.6682334940492725, 6.668233494044789, 6.66823349404959, 6.6682334940402885, 6.668233494049593, 6.6682334940426555, 6.668233494046888, 6.668233494034432, 6.6682334940370005, 6.668233494041526, 6.668233494040712, 6.668233494046371, 6.6682334940336485, 6.668233494036358, 6.668233494049239, 6.668233494049416, 6.6682334940430135, 6.668233494042508, 6.668233494042903, 6.668233494039544, 6.668233494046296, 6.668233494045814, 6.668233494044519, 6.668233494041337, 6.668233494043617, 6.668233494041484, 6.668233494045229, 6.6682334940407735, 6.668233494043725, 6.668902767727591, 6.668902767719675, 6.668902767729977, 6.668902767727976, 6.668902767716434, 6.66890276772663, 6.668902767720027, 6.668902767719687, 6.668902767717408, 6.668902767739141, 6.668902767738819, 6.668902767724181, 6.6689027677348225, 6.668902767732884, 6.668902767731558, 6.668902767732018, 6.668902767735222, 6.668902767725235, 6.668902767728281, 6.668902767725922, 6.668902767730173, 6.668902767727128, 6.668902767727617, 6.668902767729868, 6.6689027677216295, 6.6689027677287545, 6.668902767726165, 6.668902767726562, 6.668902767727776, 6.668902767727193, 6.668902767727594, 6.668902767725254, 6.668902767728677, 6.668902767723953, 6.6689027677273325, 6.668902767726094, 6.668902767728247, 6.668902767728716, 6.668902767726895, 6.668902767728847, 6.668902767726434, 6.6691362110567995, 6.66913621103934, 6.669136211053252, 6.669136211056517, 6.669136211057854, 6.669136211059315, 6.669136211053339, 6.669136211053182, 6.669136211057708, 6.669136211054476, 6.669136211055543, 6.669136211060267, 6.669136211053994, 6.669136211050062, 6.669136211048945, 6.669136211051615, 6.669136211050737, 6.66913621105875, 6.6691362110547185, 6.669136211059361, 6.669136211056254, 6.66913621105845, 6.66913621105742, 6.669136211055171, 6.669136211062901, 6.669136211059522, 6.669136211053964, 6.669136211054468, 6.669136211056421, 6.669136211057035, 6.66913621105681, 6.669136211057432, 6.669136211056435, 6.669136211053826, 6.669136211058677, 6.669136211055952, 6.669136211056691, 6.669136211056585, 6.669136211058809, 6.669136211054734, 6.6691362110614705, 6.668697982013811, 6.668697982032152, 6.668697982010727, 6.668697982012032, 6.6686979820250745, 6.668697982018049, 6.6686979820217545, 6.6686979820215315, 6.668697982023233, 6.668697981995371, 6.668697981995832, 6.668697982017052, 6.668697982001584, 6.668697982015711, 6.668697982012156, 6.668697982011169, 6.668697982010376, 6.668697982015634, 6.668697982015598, 6.668697982013737, 6.668697982016299, 6.668697982014521, 6.668697982014716, 6.668697982012444, 6.668697982016368, 6.668697982011616, 6.668697982015845, 6.66869798201522, 6.66869798201697, 6.66869798201053, 6.668697982013811, 6.6686979820161145, 6.6686979820128105, 6.668697982015343, 6.668697982010846, 6.6686979820116346, 6.668697982015047, 6.6686979820148125, 6.668697982011609, 6.668697982015474, 6.6686979820115475, 6.6685349167564425, 6.66853491676883, 6.668534916755467, 6.66853491675741, 6.668534916745924, 6.668534916756481, 6.66853491674717, 6.668534916746857, 6.668534916743828, 6.668534916773714, 6.668534916774655, 6.668534916754189, 6.668534916764148, 6.668534916755785, 6.668534916761722, 6.668534916763797, 6.668534916756181, 6.668534916757648, 6.668534916751957, 6.668534916758324, 6.668534916753222, 6.66853491675693, 6.66853491675667, 6.668534916756192, 6.668534916765649, 6.668534916761694, 6.668534916750852, 6.668534916751748, 6.668534916747392, 6.668534916764791, 6.6685349167564345, 6.6685349167562995, 6.668534916757396, 6.668534916755524, 6.668534916759094, 6.6685349167593975, 6.668534916752573, 6.6685349167533055, 6.668534916757954, 6.668534916754786, 6.668534916758122, 6.668680499118817, 6.668680499124899, 6.668680499125543, 6.668680499117162, 6.6686804991272215, 6.668680499120541, 6.668680499135847, 6.668680499135523, 6.668680499132134, 6.668680499114296, 6.668680499112007, 6.668680499110502, 6.668680499120035, 6.66868049912839, 6.668680499126727, 6.6686804991156645, 6.668680499132883, 6.668680499109227, 6.6686804991245685, 6.66868049911372, 6.668680499118418, 6.668680499116158, 6.668680499116671, 6.668680499125824, 6.668680499118639, 6.66868049910909, 6.6686804991282465, 6.668680499128539, 6.6686804991299775, 6.668680499107846, 6.668680499118805, 6.668680499116808, 6.668680499118587, 6.668680499118909, 6.668680499116208, 6.6686804991181035, 6.668680499118719, 6.668680499120292, 6.668680499118644, 6.668680499119803, 6.668680499116039, 6.668854931391916, 6.668854931407232, 6.668854931386847, 6.668854931395285, 6.668854931377268, 6.668854931387398, 6.668854931372697, 6.668854931372444, 6.6688549313741765, 6.668854931397318, 6.668854931400939, 6.668854931394221, 6.668854931396267, 6.668854931381512, 6.668854931381536, 6.668854931395034, 6.6688549313795935, 6.668854931400404, 6.668854931388146, 6.668854931395184, 6.668854931398189, 6.668854931393536, 6.6688549313951, 6.6688549313826515, 6.668854931382606, 6.668854931404682, 6.668854931378986, 6.668854931378459, 6.668854931380909, 6.66885493140221, 6.668854931391909, 6.668854931391834, 6.668854931393828, 6.6688549313938585, 6.668854931393111, 6.668854931393055, 6.668854931389941, 6.668854931391165, 6.66885493139031, 6.668854931392563, 6.66885493139507, 6.667699028681262, 6.6676990286576565, 6.667699028675175, 6.667699028678607, 6.667699028694356, 6.667699028682361, 6.667699028699587, 6.667699028699346, 6.667699028708955, 6.667699028661763, 6.667699028658851, 6.667699028691795, 6.6676990286656315, 6.6676990286737565, 6.667699028674317, 6.667699028669341, 6.667699028679593, 6.667699028680597, 6.667699028679734, 6.667699028681328, 6.66769902866911, 6.667699028683544, 6.667699028678168, 6.667699028689074, 6.667699028679872, 6.6676990286638915, 6.667699028698627, 6.667699028699531, 6.667699028692654, 6.667699028670486, 6.667699028681263, 6.667699028684425, 6.667699028677793, 6.667699028677661, 6.6676990286842415, 6.667699028672885, 6.667699028688655, 6.667699028684034, 6.667699028683891, 6.667699028679179, 6.667699028677101, 6.666835982627985, 6.6668359826259, 6.66683598263636, 6.666835982628809, 6.666835982618275, 6.666835982628095, 6.666835982609735, 6.6668359826096175, 6.6668359825971395, 6.66683598265075, 6.666835982653349, 6.666835982620768, 6.666835982634858, 6.666835982645386, 6.666835982640807, 6.666835982645781, 6.666835982624674, 6.66683598262989, 6.666835982635135, 6.666835982632403, 6.666835982649298, 6.6668359826254795, 6.666835982633164, 6.666835982613776, 6.666835982632156, 6.666835982649908, 6.666835982605452, 6.6668359826029535, 6.666835982617047, 6.666835982637816, 6.666835982627987, 6.666835982623959, 6.666835982630748, 6.666835982637947, 6.666835982619434, 6.666835982637169, 6.666835982618018, 6.666835982626375, 6.666835982621999, 6.666835982632879, 6.666835982632143, 6.665762857450823, 6.665762857439326, 6.6657628574542676, 6.665762857449402, 6.665762857462874, 6.665762857449977, 6.665762857476033, 6.665762857475959, 6.665762857484476, 6.665762857448402, 6.665762857442677, 6.665762857448952, 6.665762857458985, 6.665762857438567, 6.665762857451805, 6.665762857436564, 6.665762857473469, 6.665762857443491, 6.665762857445277, 6.665762857440125, 6.6657628574177075, 6.665762857451073, 6.665762857441237, 6.6657628574763494, 6.665762857455905, 6.66576285742024, 6.665762857481413, 6.665762857486218, 6.665762857463909, 6.665762857438264, 6.665762857450829, 6.665762857449317, 6.66576285744832, 6.6657628574386, 6.665762857464258, 6.665762857444264, 6.665762857456532, 6.665762857450852, 6.665762857463027, 6.665762857440567, 6.665762857450962, 6.6636967539660334, 6.663696753953744, 6.6636967539586385, 6.663696753968904, 6.663696753940239, 6.663696753964309, 6.663696753926251, 6.663696753925711, 6.663696753916721, 6.663696753960045, 6.663696753968945, 6.663696753967338, 6.663696753964074, 6.663696753977903, 6.663696753961437, 6.6636967539878675, 6.6636967539454925, 6.66369675397483, 6.6636967539696235, 6.663696753973977, 6.663696754006771, 6.6636967539659455, 6.663696753979051, 6.6636967539363585, 6.663696753960004, 6.663696754002779, 6.663696753928887, 6.663696753924098, 6.663696753946367, 6.663696753984349, 6.6636967539660334, 6.66369675396758, 6.663696753969322, 6.663696753977088, 6.663696753951207, 6.6636967539690835, 6.66369675396228, 6.663696753969251, 6.663696753948427, 6.663696753980701, 6.663696753960526, 6.660329267623551, 6.660329267646721, 6.660329267624207, 6.660329267620714, 6.6603292676729, 6.660329267627994, 6.660329267679861, 6.660329267680181, 6.660329267696337, 6.660329267606894, 6.660329267599976, 6.660329267628661, 6.660329267614786, 6.66032926759756, 6.660329267611549, 6.66032926758279, 6.660329267623856, 6.660329267611708, 6.660329267618843, 6.66032926762074, 6.660329267580517, 6.6603292676258805, 6.660329267611811, 6.660329267649009, 6.66032926762283, 6.6603292675865005, 6.660329267660786, 6.660329267665214, 6.660329267646616, 6.660329267601719, 6.660329267623547, 6.660329267625168, 6.660329267618963, 6.660329267614957, 6.660329267638379, 6.660329267621313, 6.660329267624704, 6.660329267619069, 6.660329267644016, 6.660329267604899, 6.660329267637174, 6.657014883496557, 6.657014883498113, 6.657014883491211, 6.657014883499858, 6.657014883432695, 6.657014883498642, 6.657014883424031, 6.657014883422927, 6.657014883405995, 6.657014883523492, 6.6570148835302145, 6.657014883496163, 6.657014883503866, 6.657014883531933, 6.657014883515806, 6.657014883548421, 6.657014883495282, 6.657014883509888, 6.657014883499138, 6.657014883504184, 6.65701488354092, 6.657014883495762, 6.657014883509296, 6.657014883475426, 6.657014883488333, 6.657014883533206, 6.657014883459209, 6.6570148834553695, 6.657014883472769, 6.657014883518445, 6.657014883496549, 6.657014883496948, 6.6570148834999525, 6.657014883498997, 6.657014883480089, 6.6570148834937894, 6.6570148834987135, 6.657014883504158, 6.657014883472241, 6.657014883518939, 6.657014883474436, 6.655976474532079, 6.6559764745412, 6.655976474551174, 6.655976474530445, 6.655976474602685, 6.6559764745247945, 6.655976474610223, 6.655976474610998, 6.655976474620948, 6.655976474522778, 6.655976474514891, 6.655976474518371, 6.655976474538802, 6.655976474506486, 6.655976474529554, 6.655976474486301, 6.655976474552633, 6.655976474521435, 6.6559764745351035, 6.655976474517461, 6.655976474484243, 6.655976474529464, 6.655976474516619, 6.6559764745568515, 6.655976474535639, 6.655976474494058, 6.65597647457008, 6.655976474574925, 6.655976474552872, 6.655976474512317, 6.655976474532072, 6.655976474526749, 6.655976474532037, 6.6559764745348975, 6.655976474549304, 6.655976474540461, 6.655976474522901, 6.655976474521001, 6.65597647455878, 6.655976474507324, 6.6559764745573, 6.660475035715151, 6.660475035734045, 6.660475035695916, 6.660475035716464, 6.66047503565604, 6.660475035713483, 6.660475035652441, 6.660475035650951, 6.66047503564837, 6.660475035713269, 6.660475035721122, 6.660475035729383, 6.660475035707461, 6.660475035729847, 6.660475035709954, 6.660475035748897, 6.6604750356971385, 6.660475035724056, 6.660475035710843, 6.660475035727598, 6.6604750357547795, 6.660475035717896, 6.660475035728634, 6.660475035688941, 6.660475035724608, 6.6604750357483855, 6.660475035681551, 6.660475035679515, 6.660475035696508, 6.660475035732892, 6.660475035715147, 6.66047503572096, 6.660475035714752, 6.66047503571077, 6.6604750357044935, 6.660475035702345, 6.660475035727145, 6.660475035726382, 6.660475035692383, 6.660475035736289, 6.6604750356925555, 6.66625162104116, 6.666251621018312, 6.666251621039572, 6.666251621037987, 6.666251621070568, 6.666251621051665, 6.666251621071243, 6.6662516210710825, 6.666251621082634, 6.666251621029268, 6.666251621026765, 6.666251621042388, 6.666251621027649, 6.666251621026522, 6.666251621031287, 6.666251621015838, 6.6662516210379605, 6.666251621034134, 6.666251621039061, 6.666251621044838, 6.666251621023881, 6.66625162104125, 6.666251621035196, 6.66625162105125, 6.666251621037071, 6.666251621024885, 6.666251621057326, 6.666251621058394, 6.666251621055799, 6.6662516210276745, 6.66625162104116, 6.666251621043401, 6.666251621037516, 6.666251621043292, 6.666251621044247, 6.666251621047779, 6.666251621033702, 6.666251621035234, 6.666251621051924, 6.666251621031454, 6.666251621052186, 6.667832588627669, 6.667832588627173, 6.667832588639892, 6.667832588630397, 6.6678325886334315, 6.667832588623577, 6.667832588632364, 6.667832588632162, 6.667832588625619, 6.66783258864457, 6.667832588642828, 6.6678325886139245, 6.667832588642063, 6.667832588635041, 6.667832588640852, 6.667832588630771, 6.66783258863637, 6.667832588629561, 6.667832588632517, 6.667832588617909, 6.667832588622744, 6.667832588624602, 6.667832588624951, 6.6678325886341625, 6.667832588634218, 6.667832588624083, 6.667832588630914, 6.667832588631073, 6.667832588626647, 6.667832588628222, 6.667832588627675, 6.667832588622608, 6.667832588631676, 6.667832588632405, 6.667832588627043, 6.667832588633092, 6.667832588621628, 6.667832588623336, 6.667832588631747, 6.6678325886238055, 6.667832588633539, 6.665910171243985, 6.665910171234099, 6.665910171237975, 6.665910171244176, 6.665910171203124, 6.665910171239158, 6.665910171209038, 6.665910171207954, 6.665910171201603, 6.665910171247694, 6.665910171249983, 6.665910171249164, 6.665910171247471, 6.665910171261942, 6.665910171251372, 6.665910171272304, 6.665910171247054, 6.665910171248362, 6.66591017124315, 6.665910171241336, 6.665910171263832, 6.665910171244549, 6.6659101712501645, 6.665910171235977, 6.665910171234944, 6.665910171255881, 6.665910171231842, 6.665910171231094, 6.665910171232442, 6.665910171254896, 6.665910171243979, 6.665910171244587, 6.665910171243857, 6.665910171237398, 6.6659101712384565, 6.665910171230821, 6.665910171256475, 6.665910171253405, 6.6659101712291795, 6.665910171258213, 6.665910171223543, 6.662054146217486, 6.6620541461955245, 6.662054146223981, 6.662054146214159, 6.662054146271653, 6.662054146220565, 6.662054146272382, 6.662054146273046, 6.66205414628517, 6.662054146203399, 6.662054146200569, 6.662054146219255, 6.662054146210417, 6.662054146186509, 6.662054146197751, 6.6620541461751195, 6.662054146209642, 6.662054146207535, 6.662054146215484, 6.66205414621864, 6.662054146189462, 6.662054146218064, 6.662054146208995, 6.662054146225022, 6.662054146217087, 6.6620541462012595, 6.662054146233867, 6.6620541462360725, 6.662054146228997, 6.662054146207199, 6.662054146217489, 6.662054146215609, 6.662054146213768, 6.662054146220233, 6.662054146229549, 6.662054146227573, 6.662054146206505, 6.662054146208402, 6.662054146237398, 6.662054146198293, 6.662054146244015, 6.664582704010632, 6.664582704018181, 6.664582704002869, 6.664582704013098, 6.66458270396879, 6.664582704011175, 6.664582703960604, 6.664582703959599, 6.664582703950981, 6.664582704013597, 6.6645827040182155, 6.664582704016006, 6.664582704009172, 6.664582704033093, 6.664582704016792, 6.6645827040418695, 6.664582704005367, 6.66458270402084, 6.664582704013154, 6.664582704015353, 6.664582704043618, 6.664582704011661, 6.664582704020424, 6.664582703995947, 6.664582704016831, 6.664582704033975, 6.664582703987046, 6.664582703984479, 6.664582703999096, 6.664582704020973, 6.66458270401063, 6.664582704012534, 6.664582704012334, 6.664582704009559, 6.664582703998642, 6.664582704003403, 6.664582704017242, 6.664582704019338, 6.664582703992321, 6.664582704027537, 6.664582703993522, 6.667287558987381, 6.66728755900011, 6.667287558989008, 6.667287558987601, 6.667287559004271, 6.667287558989458, 6.66728755901039, 6.667287559010193, 6.667287559015415, 6.667287558987527, 6.667287558982428, 6.66728755898472, 6.667287558988755, 6.667287558980465, 6.6672875589910054, 6.667287558974038, 6.6672875590040706, 6.667287558983797, 6.6672875589851435, 6.667287558982541, 6.667287558962318, 6.667287558987814, 6.667287558979448, 6.667287559008456, 6.667287558989117, 6.667287558962774, 6.667287559011959, 6.667287559014454, 6.667287559000368, 6.667287558974766, 6.667287558987379, 6.667287558987906, 6.667287558986613, 6.667287558984214, 6.6672875589938005, 6.667287558988193, 6.667287558985853, 6.667287558983945, 6.66728755899736, 6.667287558978833, 6.667287558989594, 6.668370828454101, 6.66837082846586, 6.668370828457335, 6.668370828456398, 6.668370828463875, 6.668370828447924, 6.668370828459212, 6.668370828459215, 6.6683708284529795, 6.668370828467655, 6.668370828469683, 6.668370828447723, 6.66837082846171, 6.668370828448561, 6.668370828453478, 6.6683708284507635, 6.668370828442407, 6.668370828454089, 6.6683708284554255, 6.668370828459795, 6.668370828457317, 6.668370828453317, 6.668370828456014, 6.668370828442357, 6.66837082844607, 6.668370828468571, 6.668370828439334, 6.6683708284381495, 6.668370828443249, 6.6683708284640675, 6.668370828454101, 6.66837082845281, 6.668370828457233, 6.668370828465303, 6.668370828453737, 6.668370828466182, 6.6683708284412715, 6.668370828446445, 6.66837082845757, 6.668370828449677, 6.668370828467679, 6.666570473462214, 6.666570473475991, 6.666570473453564, 6.666570473457618, 6.666570473435564, 6.666570473463405, 6.666570473447008, 6.666570473445722, 6.666570473443571, 6.666570473436583, 6.6665704734359785, 6.666570473471309, 6.666570473450189, 6.666570473484125, 6.666570473467322, 6.666570473481305, 6.666570473468996, 6.6665704734575995, 6.666570473464974, 6.666570473461714, 6.666570473480355, 6.666570473461918, 6.666570473467374, 6.666570473460059, 6.666570473460217, 6.6665704734589735, 6.666570473465426, 6.666570473465555, 6.666570473470275, 6.666570473454107, 6.666570473462214, 6.666570473466109, 6.6665704734578, 6.666570473449998, 6.666570473455727, 6.666570473440065, 6.666570473483596, 6.666570473477762, 6.666570473445218, 6.666570473479534, 6.666570473432586, 6.664713167921918, 6.664713167912423, 6.664713167933707, 6.664713167925376, 6.664713167954334, 6.6647131679233205, 6.664713167939691, 6.664713167940552, 6.66471316794572, 6.664713167950084, 6.664713167950387, 6.664713167911155, 6.664713167941431, 6.664713167885858, 6.664713167908401, 6.664713167896753, 6.664713167910451, 6.664713167928473, 6.664713167915295, 6.664713167922018, 6.6647131678932094, 6.664713167921562, 6.6647131679145115, 6.664713167927497, 6.664713167930664, 6.6647131679223595, 6.6647131679214136, 6.664713167923984, 6.664713167913248, 6.6647131679299285, 6.664713167921924, 6.664713167915699, 6.664713167924191, 6.664713167928538, 6.664713167937985, 6.664713167944466, 6.664713167898602, 6.664713167904789, 6.664713167944549, 6.6647131678989675, 6.664713167957576, 6.665622623763895, 6.665622623751674, 6.665622623756155, 6.665622623760634, 6.6656226237428715, 6.6656226237698295, 6.665622623747379, 6.665622623746139, 6.665622623743182, 6.665622623733235, 6.665622623732642, 6.665622623772983, 6.665622623742425, 6.665622623795632, 6.6656226237754925, 6.665622623785281, 6.665622623778637, 6.665622623763503, 6.665622623770965, 6.665622623759069, 6.665622623787975, 6.665622623763634, 6.665622623769158, 6.665622623763768, 6.665622623760789, 6.6656226237580425, 6.665622623769615, 6.665622623767555, 6.665622623776363, 6.6656226237514105, 6.665622623763902, 6.665622623768701, 6.665622623760883, 6.665622623758673, 6.665622623749573, 6.665622623743862, 6.665622623783238, 6.665622623779345, 6.665622623744128, 6.665622623783899, 6.665622623732077, 6.668040521977484, 6.668040521965451, 6.66804052198113, 6.668040521982193, 6.668040521985745, 6.668040521972477, 6.668040521981128, 6.668040521981116, 6.668040521978254, 6.668040522007391, 6.668040522009869, 6.668040521974409, 6.6680405219884, 6.668040521962346, 6.6680405219724985, 6.668040521967866, 6.668040521963391, 6.66804052197578, 6.668040521973359, 6.668040521983238, 6.668040521972784, 6.668040521978738, 6.668040521977191, 6.668040521969097, 6.668040521968475, 6.668040521991875, 6.668040521962756, 6.668040521962046, 6.668040521963728, 6.668040521990467, 6.668040521977477, 6.668040521975044, 6.668040521980459, 6.668040521986407, 6.668040521981957, 6.668040521992069, 6.668040521962037, 6.668040521967052, 6.668040521986902, 6.668040521967408, 6.668040521999245, 6.668040815731162, 6.66804081574467, 6.668040815730598, 6.668040815731818, 6.668040815735159, 6.668040815721009, 6.668040815751022, 6.6680408157503965, 6.668040815754534, 6.668040815716791, 6.66804081571226, 6.6680408157332165, 6.668040815732711, 6.66804081572798, 6.66804081573303, 6.668040815723669, 6.668040815745235, 6.668040815726664, 6.668040815729607, 6.668040815720983, 6.668040815712922, 6.668040815732035, 6.668040815726829, 6.668040815744986, 6.66804081574113, 6.668040815708988, 6.6680408157534, 6.668040815756218, 6.6680408157405395, 6.668040815721826, 6.668040815731162, 6.668040815731812, 6.668040815730475, 6.668040815719986, 6.6680408157392925, 6.668040815714875, 6.668040815746675, 6.668040815736459, 6.668040815734627, 6.668040815729115, 6.668040815722276, 6.666245437685236, 6.666245437697679, 6.6662454376825, 6.666245437684209, 6.66624543766679, 6.666245437698932, 6.666245437654557, 6.666245437653792, 6.66624543764765, 6.666245437684435, 6.666245437690027, 6.666245437682046, 6.666245437676367, 6.6662454377004146, 6.666245437687995, 6.666245437703819, 6.666245437675099, 6.66624543769422, 6.6662454376899705, 6.6662454376979134, 6.6662454377175075, 6.666245437682897, 6.666245437693127, 6.666245437666003, 6.666245437682194, 6.66624543771127, 6.666245437658632, 6.666245437653839, 6.666245437675853, 6.666245437693865, 6.666245437685241, 6.666245437686585, 6.666245437685309, 6.666245437697899, 6.6662454376696925, 6.666245437696554, 6.666245437673391, 6.66624543768375, 6.666245437672639, 6.666245437696098, 6.6662454376826314, 6.6665632166325635, 6.666563216616199, 6.666563216636322, 6.666563216630116, 6.666563216654873, 6.666563216637102, 6.666563216663006, 6.666563216662824, 6.666563216673124, 6.666563216632882, 6.666563216627666, 6.666563216631109, 6.666563216635706, 6.666563216615119, 6.666563216626862, 6.666563216609892, 6.666563216637916, 6.666563216625889, 6.666563216627817, 6.666563216630798, 6.666563216601078, 6.66656321663266, 6.666563216623608, 6.666563216652829, 6.666563216635803, 6.666563216607934, 6.666563216657211, 6.666563216660963, 6.66656321664586, 6.666563216620001, 6.666563216632563, 6.666563216631224, 6.666563216629123, 6.666563216622948, 6.666563216645246, 6.66656321663193, 6.666563216632346, 6.666563216628533, 6.666563216647494, 6.666563216619319, 6.666563216641611, 6.668369350162161, 6.668369350154335, 6.668369350160883, 6.668369350165537, 6.668369350139823, 6.668369350151602, 6.668369350138693, 6.668369350137969, 6.668369350130591, 6.668369350168263, 6.668369350171086, 6.66836935016252, 6.668369350169827, 6.668369350173343, 6.668369350166911, 6.668369350179515, 6.668369350157629, 6.668369350167571, 6.668369350164407, 6.668369350158785, 6.668369350179051, 6.668369350162806, 6.668369350168266, 6.668369350150859, 6.6683693501739425, 6.668369350177292, 6.668369350146783, 6.668369350145367, 6.6683693501499155, 6.668369350173372, 6.668369350162158, 6.668369350161203, 6.668369350165444, 6.668369350162052, 6.668369350157594, 6.668369350155282, 6.668369350168319, 6.66836935016684, 6.668369350152737, 6.668369350170491, 6.6683693501541335, 6.6695007001435815, 6.669500700160788, 6.66950070014304, 6.6695007001433835, 6.6695007001574105, 6.669500700138761, 6.669500700156901, 6.669500700156654, 6.6695007001579825, 6.6695007001333275, 6.6695007001332565, 6.669500700145529, 6.6695007001376725, 6.669500700143133, 6.669500700142954, 6.669500700137409, 6.669500700145282, 6.669500700141796, 6.669500700145647, 6.669500700140054, 6.6695007001431765, 6.669500700144373, 6.66950070014379, 6.669500700141122, 6.669500700138604, 6.669500700141549, 6.669500700145486, 6.669500700145157, 6.669500700145071, 6.669500700142177, 6.66950070014358, 6.6695007001445985, 6.669500700144111, 6.669500700147494, 6.669500700142313, 6.669500700142435, 6.66950070014393, 6.669500700143206, 6.669500700143799, 6.669500700143207, 6.669500700144199, 6.669168763247716, 6.669168763265842, 6.669168763246424, 6.669168763246489, 6.669168763254893, 6.66916876325446, 6.669168763251708, 6.669168763251456, 6.669168763258008, 6.669168763258579, 6.669168763257312, 6.6691687632489565, 6.669168763247053, 6.669168763238037, 6.669168763245178, 6.669168763239018, 6.6691687632493135, 6.669168763244769, 6.669168763242592, 6.6691687632517125, 6.669168763234343, 6.669168763248776, 6.669168763244309, 6.669168763255154, 6.6691687632442385, 6.66916876324252, 6.669168763252724, 6.669168763255017, 6.669168763250901, 6.669168763244815, 6.6691687632477175, 6.669168763248259, 6.669168763245914, 6.669168763244432, 6.669168763253412, 6.6691687632527685, 6.6691687632417676, 6.66916876324302, 6.669168763255622, 6.6691687632406556, 6.66916876325518, 6.667845820278995, 6.667845820263826, 6.667845820273242, 6.667845820277398, 6.667845820257794, 6.6678458202835555, 6.6678458202543895, 6.667845820253459, 6.667845820251809, 6.667845820274585, 6.667845820275955, 6.6678458202798065, 6.667845820273865, 6.66784582029299, 6.6678458202844295, 6.667845820296261, 6.667845820280191, 6.6678458202838335, 6.6678458202809745, 6.66784582028183, 6.667845820295867, 6.667845820278139, 6.667845820283938, 6.667845820272623, 6.66784582027536, 6.667845820287368, 6.667845820270319, 6.667845820269324, 6.667845820276922, 6.667845820280828, 6.667845820278993, 6.6678458202810384, 6.667845820278887, 6.667845820278925, 6.667845820270887, 6.667845820275299, 6.667845820282025, 6.667845820282817, 6.66784582026871, 6.667845820289162, 6.6678458202664235, 6.667256059307081, 6.667256059294742, 6.667256059317106, 6.667256059306253, 6.667256059336135, 6.667256059301842, 6.667256059338716, 6.667256059338685, 6.667256059339465, 6.667256059302357, 6.66725605929963, 6.6672560592972125, 6.66725605931384, 6.667256059297424, 6.667256059304653, 6.667256059289272, 6.667256059306055, 6.667256059302639, 6.667256059311354, 6.667256059301169, 6.667256059294029, 6.667256059304357, 6.667256059302875, 6.667256059312009, 6.66725605930102, 6.667256059297565, 6.667256059316497, 6.667256059317669, 6.667256059312589, 6.667256059301948, 6.667256059307086, 6.667256059302793, 6.6672560593088095, 6.667256059311053, 6.667256059311202, 6.667256059311923, 6.667256059301518, 6.667256059301531, 6.6672560593163395, 6.667256059298371, 6.667256059318898, 6.668441755687317, 6.668441755671493, 6.668441755680481, 6.668441755687568, 6.668441755658321, 6.668441755687476, 6.668441755662303, 6.668441755661272, 6.668441755660675, 6.668441755697163, 6.668441755698561, 6.668441755693771, 6.6684417556889715, 6.668441755689644, 6.668441755686075, 6.668441755700343, 6.668441755681764, 6.66844175568835, 6.668441755682388, 6.66844175569088, 6.668441755695331, 6.668441755688932, 6.6684417556902895, 6.6684417556845315, 6.668441755680428, 6.668441755694948, 6.668441755679551, 6.6684417556798214, 6.66844175567994, 6.668441755694657, 6.66844175568731, 6.668441755687823, 6.668441755686363, 6.66844175568109, 6.668441755686727, 6.668441755682012, 6.668441755691842, 6.668441755690946, 6.668441755681273, 6.668441755693308, 6.668441755678488, 6.669367868404076, 6.669367868414779, 6.669367868409632, 6.669367868402175, 6.669367868418512, 6.669367868412585, 6.669367868418769, 6.669367868418393, 6.669367868417964, 6.669367868392385, 6.669367868391159, 6.6693678684033415, 6.669367868393702, 6.669367868409785, 6.669367868405766, 6.669367868398669, 6.669367868412295, 6.669367868399811, 6.669367868409286, 6.66936786840118, 6.669367868407584, 6.6693678684027935, 6.669367868401449, 6.6693678684101565, 6.669367868397043, 6.6693678683961295, 6.669367868411929, 6.669367868410577, 6.669367868414745, 6.66936786839421, 6.669367868404076, 6.669367868402449, 6.669367868402228, 6.669367868409863, 6.669367868398329, 6.6693678684089495, 6.669367868398554, 6.669367868404114, 6.669367868402967, 6.6693678684052005, 6.6693678684039375, 6.666816545170186, 6.666816545188495, 6.666816545165526, 6.666816545177122, 6.666816545163398, 6.666816545149585, 6.666816545161245, 6.666816545161137, 6.66681654516261, 6.666816545189775, 6.666816545190718, 6.666816545176853, 6.666816545185062, 6.666816545148392, 6.666816545162413, 6.666816545168652, 6.66681654515859, 6.666816545182356, 6.666816545161375, 6.666816545167586, 6.666816545156133, 6.666816545175432, 6.666816545170225, 6.666816545165799, 6.666816545192722, 6.666816545177737, 6.66681654516266, 6.6668165451645685, 6.66681654514942, 6.66681654518982, 6.666816545170176, 6.666816545169281, 6.66681654517497, 6.66681654516829, 6.666816545182624, 6.666816545167336, 6.666816545172196, 6.666816545166282, 6.66681654517825, 6.666816545161404, 6.6668165451813755, 6.666210737310497, 6.666210737317697, 6.666210737314907, 6.666210737303972, 6.6662107373188295, 6.666210737319426, 6.666210737325766, 6.666210737324872, 6.666210737318628, 6.666210737280252, 6.666210737276499, 6.666210737309021, 6.666210737291975, 6.666210737343865, 6.666210737325138, 6.666210737315828, 6.666210737327875, 6.666210737295441, 6.666210737325983, 6.666210737310278, 6.666210737330973, 6.666210737306768, 6.666210737312515, 6.6662107373122, 6.666210737302302, 6.6662107373014035, 6.666210737319343, 6.666210737318243, 6.666210737335456, 6.6662107372860975, 6.666210737310496, 6.666210737311863, 6.6662107373066295, 6.666210737308108, 6.666210737297185, 6.6662107372994726, 6.666210737320795, 6.66621073732237, 6.666210737298713, 6.666210737323428, 6.66621073729387, 6.66433263176678, 6.664332631746504, 6.6643326317619005, 6.664332631770086, 6.664332631760568, 6.664332631778831, 6.6643326317463965, 6.664332631746347, 6.664332631751053, 6.6643326318088985, 6.664332631814043, 6.664332631760805, 6.664332631782806, 6.66433263173458, 6.664332631752906, 6.664332631760838, 6.664332631747546, 6.664332631777052, 6.664332631751154, 6.664332631784596, 6.664332631754178, 6.6643326317681115, 6.664332631765476, 6.6643326317615825, 6.664332631773965, 6.664332631786183, 6.664332631746912, 6.664332631747615, 6.664332631744785, 6.664332631787842, 6.664332631766774, 6.664332631766738, 6.664332631767861, 6.6643326317746885, 6.664332631775772, 6.6643326317944895, 6.664332631738297, 6.66433263174844, 6.664332631780418, 6.66433263175198, 6.664332631794324, 6.662488627292075, 6.662488627281019, 6.662488627289036, 6.662488627288327, 6.66248862729089, 6.662488627285205, 6.662488627313813, 6.662488627312591, 6.662488627313731, 6.662488627237639, 6.66248862723133, 6.662488627295536, 6.66248862727984, 6.662488627314905, 6.662488627304231, 6.66248862729797, 6.662488627320948, 6.662488627286372, 6.662488627299947, 6.662488627270505, 6.662488627287424, 6.6624886272906485, 6.662488627289864, 6.6624886273122685, 6.662488627295267, 6.662488627254402, 6.662488627329989, 6.662488627332111, 6.662488627318153, 6.6624886272663515, 6.6624886272920705, 6.662488627295581, 6.662488627288974, 6.662488627274952, 6.662488627290141, 6.6624886272570985, 6.662488627326393, 6.662488627311452, 6.662488627279659, 6.662488627305885, 6.662488627253561, 6.658635458019657, 6.658635458028424, 6.658635458028395, 6.658635458026167, 6.6586354580269695, 6.658635458016634, 6.658635458002347, 6.658635458002741, 6.658635457988275, 6.6586354580714575, 6.658635458081892, 6.6586354580089315, 6.658635458038051, 6.6586354580039435, 6.6586354580111635, 6.6586354580199965, 6.658635457975085, 6.658635458029656, 6.658635458020472, 6.658635458037525, 6.658635458041804, 6.658635458019188, 6.658635458027289, 6.65863545798237, 6.65863545802953, 6.658635458073589, 6.658635457964702, 6.658635457959464, 6.658635457982448, 6.658635458054712, 6.65863545801966, 6.6586354580138964, 6.658635458026699, 6.6586354580485105, 6.658635458015344, 6.6586354580565565, 6.658635457981952, 6.658635458000236, 6.658635458025158, 6.658635458010427, 6.658635458060213, 6.655798788991921, 6.655798789015043, 6.65579878897954, 6.655798788985253, 6.655798788984833, 6.655798788989806, 6.655798789019807, 6.655798789018506, 6.655798789036297, 6.655798788950533, 6.655798788939197, 6.655798789013541, 6.655798788972524, 6.655798788999815, 6.655798788997467, 6.655798788983631, 6.655798789032976, 6.655798788974536, 6.655798788986927, 6.655798788974328, 6.655798788956417, 6.655798788995839, 6.655798788982602, 6.655798789032174, 6.655798788988378, 6.655798788931379, 6.655798789052801, 6.655798789060347, 6.655798789031279, 6.655798788953944, 6.655798788991914, 6.655798788998378, 6.6557987889823105, 6.65579878895347, 6.655798789005129, 6.655798788944782, 6.65579878903811, 6.655798789014827, 6.655798788991357, 6.655798788996793, 6.655798788951782, 6.657287852928625, 6.657287852927275, 6.657287852940646, 6.657287852937657, 6.657287852928308, 6.6572878529283495, 6.657287852888546, 6.657287852888914, 6.657287852874516, 6.657287852972267, 6.657287852983614, 6.657287852908418, 6.657287852949597, 6.657287852922213, 6.6572878529270785, 6.6572878529414865, 6.6572878529048145, 6.657287852952813, 6.6572878529338855, 6.657287852938911, 6.657287852959835, 6.657287852925618, 6.65728785293765, 6.657287852892358, 6.65728785291818, 6.657287852984882, 6.6572878528713, 6.6572878528653705, 6.657287852891638, 6.657287852962751, 6.657287852928624, 6.65728785292142, 6.657287852939818, 6.657287852961419, 6.65728785291864, 6.6572878529670705, 6.657287852889711, 6.65728785290984, 6.657287852929482, 6.657287852924043, 6.657287852964438, 6.662213499055139, 6.66221349903169, 6.66221349905099, 6.662213499046516, 6.6622134990752375, 6.66221349906606, 6.662213499092941, 6.662213499091893, 6.66221349910368, 6.662213499009514, 6.662213499002731, 6.662213499064267, 6.662213499027669, 6.6622134990640856, 6.6622134990565165, 6.662213499039325, 6.662213499076195, 6.662213499036744, 6.662213499057079, 6.662213499050173, 6.662213499040805, 6.662213499054344, 6.662213499048995, 6.662213499076804, 6.662213499062569, 6.662213499017817, 6.662213499092465, 6.662213499095122, 6.662213499088514, 6.662213499023267, 6.66221349905514, 6.662213499059992, 6.662213499046905, 6.662213499041354, 6.662213499054742, 6.662213499035921, 6.662213499073463, 6.662213499065439, 6.662213499053881, 6.662213499058795, 6.662213499034728, 6.666656088551727, 6.666656088535538, 6.666656088544399, 6.666656088556844, 6.666656088520581, 6.666656088544878, 6.666656088523146, 6.6666560885220525, 6.666656088520891, 6.666656088581537, 6.666656088584657, 6.666656088553667, 6.666656088568518, 6.666656088539929, 6.666656088547659, 6.666656088561821, 6.6666560885327435, 6.666656088555985, 6.666656088538264, 6.666656088557968, 6.666656088546612, 6.666656088554391, 6.666656088553982, 6.66665608854733, 6.666656088534558, 6.6666560885652615, 6.666656088537872, 6.666656088539305, 6.6666560885300346, 6.666656088572203, 6.666656088551737, 6.66665608855167, 6.666656088553842, 6.666656088544932, 6.666656088559111, 6.666656088550728, 6.66665608855175, 6.666656088548322, 6.666656088553347, 6.6666560885493364, 6.666656088553792, 6.667759036023168, 6.667759036031185, 6.667759036035265, 6.667759036022275, 6.667759036048681, 6.6677590360249095, 6.667759036043119, 6.6677590360429075, 6.667759036035491, 6.667759036014102, 6.667759036014886, 6.667759036009106, 6.6677590360209384, 6.667759036034165, 6.667759036029284, 6.667759036019527, 6.667759036022213, 6.667759036022657, 6.667759036034831, 6.667759036020429, 6.667759036035854, 6.667759036018141, 6.667759036023673, 6.667759036016062, 6.667759036026183, 6.667759036028176, 6.6677590360176575, 6.667759036013974, 6.667759036024634, 6.667759036021526, 6.66775903602317, 6.667759036019534, 6.6677590360259735, 6.667759036041639, 6.66775903601082, 6.667759036036599, 6.66775903600923, 6.667759036017215, 6.6677590360207395, 6.6677590360242505, 6.66775903603026, 6.666894776830019, 6.666894776855901, 6.666894776817749, 6.666894776825462, 6.66689477681512, 6.6668947768340345, 6.666894776827998, 6.666894776827037, 6.6668947768408975, 6.6668947768140905, 6.666894776810444, 6.666894776843517, 6.666894776815992, 6.6668947768305316, 6.666894776826471, 6.666894776829464, 6.666894776847931, 6.666894776827884, 6.6668947768237175, 6.666894776828048, 6.666894776819172, 6.6668947768324704, 6.666894776826745, 6.666894776845113, 6.6668947768298965, 6.666894776807695, 6.666894776852341, 6.666894776854718, 6.666894776843298, 6.666894776817948, 6.666894776830014, 6.6668947768343845, 6.666894776824403, 6.6668947768161955, 6.666894776832138, 6.66689477681412, 6.666894776845223, 6.666894776837945, 6.6668947768276805, 6.666894776834039, 6.666894776811448, 6.665622585363822, 6.665622585370844, 6.665622585371438, 6.665622585367979, 6.665622585358354, 6.665622585357464, 6.665622585342424, 6.665622585342481, 6.665622585339155, 6.6656225854054485, 6.665622585409471, 6.665622585358861, 6.665622585384278, 6.6656225853519535, 6.665622585357612, 6.665622585364243, 6.665622585345208, 6.665622585372208, 6.665622585362948, 6.665622585370746, 6.665622585371049, 6.6656225853644715, 6.665622585366228, 6.665622585348833, 6.665622585353234, 6.665622585391746, 6.665622585335388, 6.665622585334864, 6.6656225853440185, 6.665622585382853, 6.665622585363818, 6.665622585357012, 6.665622585368063, 6.665622585372292, 6.665622585366945, 6.66562258538188, 6.665622585345113, 6.665622585354254, 6.665622585371267, 6.665622585355212, 6.6656225853910875, 6.665121964072712, 6.665121964075819, 6.665121964082358, 6.6651219640692245, 6.665121964092165, 6.665121964063495, 6.665121964105048, 6.665121964104443, 6.665121964100982, 6.665121964031759, 6.665121964025744, 6.665121964073027, 6.665121964064606, 6.665121964097417, 6.665121964086435, 6.66512196407067, 6.665121964090872, 6.665121964061496, 6.665121964088047, 6.66512196405352, 6.665121964074294, 6.665121964070859, 6.665121964070319, 6.665121964085379, 6.665121964073361, 6.665121964046956, 6.6651219640986685, 6.665121964100577, 6.665121964098226, 6.665121964048041, 6.665121964072717, 6.665121964071025, 6.665121964070798, 6.665121964063555, 6.66512196406998, 6.665121964050067, 6.665121964094659, 6.665121964087785, 6.665121964066054, 6.665121964080472, 6.665121964054389, 6.663783398688526, 6.663783398657064, 6.663783398667305, 6.663783398693063, 6.663783398663336, 6.663783398690894, 6.663783398650738, 6.663783398650317, 6.663783398657384, 6.663783398713598, 6.663783398720633, 6.663783398700437, 6.663783398693191, 6.66378339865783, 6.663783398671364, 6.663783398694675, 6.663783398663448, 6.663783398705183, 6.663783398667355, 6.663783398704642, 6.663783398682194, 6.663783398695327, 6.663783398691567, 6.663783398677414, 6.663783398701951, 6.663783398711057, 6.663783398665802, 6.663783398666608, 6.663783398657577, 6.663783398718693, 6.663783398688518, 6.663783398695229, 6.663783398688726, 6.663783398690972, 6.663783398697287, 6.663783398701582, 6.663783398674616, 6.663783398677778, 6.663783398693039, 6.663783398682085, 6.663783398699877, 6.665488578030134, 6.665488578025652, 6.665488578042725, 6.6654885780242665, 6.665488578066761, 6.665488578043756, 6.66548857807024, 6.66548857806982, 6.665488578063097, 6.66548857800807, 6.665488578003764, 6.665488578016658, 6.665488578020395, 6.6654885780508435, 6.665488578043465, 6.665488578021162, 6.665488578049284, 6.665488578011747, 6.665488578044655, 6.665488578027471, 6.665488578034643, 6.665488578024169, 6.665488578026814, 6.665488578039199, 6.665488578019491, 6.6654885780152595, 6.665488578044664, 6.665488578044544, 6.665488578054934, 6.665488578005911, 6.665488578030128, 6.665488578029518, 6.6654885780273965, 6.6654885780350535, 6.665488578021111, 6.665488578034638, 6.665488578024875, 6.665488578031319, 6.6654885780283895, 6.66548857803272, 6.665488578027076, 6.6671974485875936, 6.667197448599526, 6.667197448579701, 6.667197448592184, 6.667197448554368, 6.667197448578933, 6.667197448557282, 6.667197448556234, 6.667197448554242, 6.6671974486043855, 6.667197448605299, 6.66719744858649, 6.6671974486020185, 6.667197448587698, 6.667197448590014, 6.667197448604447, 6.667197448588442, 6.667197448594452, 6.6671974485813985, 6.66719744858792, 6.667197448589211, 6.667197448588682, 6.667197448591444, 6.667197448584704, 6.6671974486045755, 6.667197448594982, 6.667197448579947, 6.667197448581512, 6.667197448575237, 6.667197448598582, 6.6671974485876015, 6.6671974485891825, 6.667197448590395, 6.667197448578963, 6.667197448591373, 6.667197448577682, 6.667197448596694, 6.667197448590942, 6.667197448583531, 6.667197448591794, 6.667197448578241, 6.6683672686411, 6.668367268660159, 6.668367268643056, 6.668367268641699, 6.668367268664627, 6.6683672686417275, 6.668367268659359, 6.668367268659214, 6.6683672686649675, 6.66836726864113, 6.668367268640365, 6.668367268640786, 6.66836726863802, 6.668367268624853, 6.668367268630505, 6.668367268623967, 6.668367268632488, 6.668367268643588, 6.668367268640982, 6.668367268643373, 6.66836726863118, 6.668367268641208, 6.668367268638483, 6.66836726864057, 6.668367268645549, 6.668367268638554, 6.668367268643456, 6.668367268643621, 6.66836726864241, 6.668367268639694, 6.668367268641114, 6.668367268640324, 6.6683672686414, 6.668367268646331, 6.668367268644911, 6.668367268647408, 6.668367268633967, 6.668367268635058, 6.668367268649665, 6.668367268632603, 6.668367268654949, 6.6685906385152816, 6.668590638523461, 6.668590638519848, 6.668590638512357, 6.668590638513082, 6.668590638524109, 6.668590638514273, 6.668590638513286, 6.668590638509927, 6.668590638497401, 6.6685906384966795, 6.668590638517941, 6.6685906384978635, 6.668590638536624, 6.668590638521854, 6.668590638523836, 6.668590638521226, 6.668590638511919, 6.668590638524608, 6.668590638513721, 6.668590638534457, 6.6685906385126845, 6.668590638517148, 6.668590638513839, 6.66859063850871, 6.668590638513258, 6.668590638517032, 6.668590638514902, 6.668590638527877, 6.6685906385029075, 6.668590638515285, 6.668590638514677, 6.668590638512287, 6.668590638516795, 6.6685906385041775, 6.668590638508843, 6.668590638521003, 6.66859063852371, 6.6685906385042655, 6.668590638526429, 6.668590638501902, 6.6672109797757555, 6.667210979756122, 6.667210979770089, 6.66721097978021, 6.667210979754755, 6.667210979771771, 6.66721097975884, 6.667210979758143, 6.667210979763777, 6.667210979805875, 6.667210979808233, 6.667210979782742, 6.667210979786923, 6.667210979750516, 6.667210979765541, 6.667210979775841, 6.667210979768276, 6.667210979782222, 6.667210979759515, 6.667210979778872, 6.667210979759734, 6.667210979779633, 6.667210979773328, 6.667210979776086, 6.667210979787316, 6.667210979781087, 6.667210979770205, 6.66721097977161, 6.667210979756563, 6.667210979794525, 6.6672109797757475, 6.667210979774371, 6.667210979775931, 6.667210979774239, 6.667210979787307, 6.667210979781242, 6.66721097976947, 6.667210979768753, 6.6672109797843015, 6.667210979767124, 6.667210979785194, 6.667397749401716, 6.667397749395596, 6.667397749413051, 6.667397749400709, 6.667397749421088, 6.667397749392555, 6.667397749434719, 6.667397749434063, 6.667397749428454, 6.667397749378076, 6.667397749374789, 6.667397749395309, 6.667397749399708, 6.667397749417269, 6.667397749412423, 6.66739774939567, 6.667397749414974, 6.6673977493909495, 6.667397749413441, 6.6673977493879715, 6.667397749403086, 6.667397749398597, 6.667397749399649, 6.667397749406059, 6.667397749401002, 6.667397749386969, 6.667397749416308, 6.6673977494154695, 6.667397749415824, 6.667397749387843, 6.667397749401711, 6.667397749398413, 6.667397749402644, 6.667397749405568, 6.667397749396363, 6.6673977493942225, 6.66739774940858, 6.667397749406508, 6.667397749399477, 6.6673977494045085, 6.667397749395632, 6.667347425391402, 6.6673474253768, 6.667347425384242, 6.667347425394631, 6.667347425366821, 6.667347425388322, 6.667347425358347, 6.667347425357422, 6.667347425353925, 6.667347425405383, 6.667347425409553, 6.667347425392849, 6.667347425399243, 6.667347425393758, 6.667347425390348, 6.6673474254051355, 6.667347425374965, 6.667347425400612, 6.667347425389193, 6.667347425399845, 6.667347425405242, 6.667347425393472, 6.66734742539819, 6.667347425376647, 6.667347425379939, 6.667347425413591, 6.667347425368817, 6.667347425367593, 6.667347425376181, 6.6673474254052545, 6.667347425391405, 6.66734742539275, 6.667347425394205, 6.667347425392809, 6.667347425388256, 6.667347425392945, 6.667347425389117, 6.667347425390812, 6.667347425387228, 6.667347425394396, 6.667347425394617, 6.666665480787926, 6.666665480805671, 6.666665480789723, 6.666665480783134, 6.666665480816245, 6.666665480802516, 6.666665480815714, 6.66666548081543, 6.666665480826575, 6.666665480776452, 6.666665480771743, 6.666665480787682, 6.666665480782311, 6.666665480778714, 6.66666548078303, 6.666665480766428, 6.666665480797256, 6.666665480780402, 6.66666548078643, 6.666665480790391, 6.6666654807635295, 6.666665480787967, 6.666665480780555, 6.666665480807564, 6.666665480791059, 6.666665480764566, 6.6666654808113055, 6.6666654808149595, 6.666665480808607, 6.666665480767944, 6.666665480787927, 6.666665480788908, 6.666665480783007, 6.666665480778406, 6.666665480795546, 6.666665480788758, 6.666665480786229, 6.666665480786014, 6.666665480799287, 6.66666548077799, 6.666665480794164, 6.667746547072589, 6.6677465470852155, 6.66774654706667, 6.667746547073685, 6.667746547052957, 6.667746547072982, 6.667746547042418, 6.667746547041847, 6.667746547035517, 6.667746547074615, 6.667746547079636, 6.667746547072009, 6.667746547074024, 6.667746547083371, 6.667746547077096, 6.66774654709396, 6.667746547071152, 6.667746547083874, 6.667746547072737, 6.667746547076166, 6.667746547092839, 6.667746547073046, 6.667746547079822, 6.667746547058084, 6.6677465470649855, 6.667746547092871, 6.667746547051972, 6.667746547049856, 6.667746547057285, 6.667746547086615, 6.667746547072575, 6.667746547075187, 6.667746547074418, 6.66774654707741, 6.667746547065242, 6.667746547074445, 6.667746547070063, 6.667746547073753, 6.667746547061042, 6.667746547082089, 6.667746547064107, 6.668699739710514, 6.668699739695899, 6.668699739715345, 6.668699739709666, 6.668699739734561, 6.668699739702863, 6.668699739741455, 6.6686997397413075, 6.668699739741427, 6.668699739707125, 6.668699739705174, 6.668699739707707, 6.668699739713129, 6.668699739705205, 6.668699739710875, 6.668699739697149, 6.6686997397154375, 6.668699739701917, 6.668699739711381, 6.668699739704705, 6.668699739697776, 6.668699739710339, 6.668699739707144, 6.668699739714997, 6.668699739704052, 6.668699739700183, 6.668699739720772, 6.668699739722126, 6.668699739714089, 6.668699739707167, 6.668699739710524, 6.6686997397095835, 6.668699739710421, 6.668699739710624, 6.668699739715526, 6.668699739709403, 6.668699739710743, 6.66869973970858, 6.668699739715454, 6.668699739705665, 6.668699739712949, 6.670078617304807, 6.67007861728984, 6.6700786173003435, 6.670078617305083, 6.670078617290026, 6.670078617308252, 6.670078617291637, 6.67007861729062, 6.670078617292031, 6.670078617314797, 6.670078617315461, 6.67007861730852, 6.6700786173018765, 6.6700786173064515, 6.670078617303365, 6.670078617309047, 6.670078617301303, 6.670078617302274, 6.670078617301901, 6.6700786173083015, 6.670078617309238, 6.67007861730568, 6.670078617305525, 6.670078617305879, 6.670078617303162, 6.670078617306202, 6.670078617303192, 6.6700786173028845, 6.6700786173052835, 6.67007861730472, 6.670078617304794, 6.6700786173059345, 6.670078617303446, 6.670078617301904, 6.670078617303477, 6.67007861730302, 6.670078617305763, 6.670078617306505, 6.670078617301726, 6.670078617307986, 6.670078617300147, 6.6701780511266, 6.670178051138873, 6.670178051128527, 6.670178051127877, 6.670178051123887, 6.670178051127891, 6.670178051118436, 6.6701780511177535, 6.670178051119482, 6.670178051125363, 6.670178051126125, 6.670178051124082, 6.670178051124126, 6.670178051125686, 6.670178051124062, 6.670178051127685, 6.670178051122724, 6.670178051133369, 6.670178051129115, 6.67017805112442, 6.670178051132478, 6.670178051125374, 6.670178051126412, 6.670178051125633, 6.670178051127465, 6.67017805112793, 6.670178051125127, 6.670178051123486, 6.670178051127019, 6.670178051126554, 6.670178051126604, 6.670178051125033, 6.670178051127714, 6.670178051132633, 6.670178051123248, 6.670178051130015, 6.670178051122689, 6.670178051125348, 6.6701780511255455, 6.670178051127336, 6.670178051129283, 6.66925702467237, 6.669257024686119, 6.669257024677643, 6.669257024672531, 6.669257024681183, 6.669257024660778, 6.6692570246875755, 6.669257024687103, 6.669257024690292, 6.669257024665165, 6.669257024662443, 6.669257024672324, 6.669257024675409, 6.669257024665782, 6.669257024671295, 6.669257024664733, 6.669257024674518, 6.66925702467168, 6.669257024673777, 6.669257024664817, 6.669257024661368, 6.669257024672071, 6.669257024669231, 6.669257024676176, 6.669257024681986, 6.669257024662502, 6.669257024682234, 6.669257024683974, 6.669257024674991, 6.669257024670182, 6.669257024672364, 6.669257024669474, 6.669257024672709, 6.669257024669293, 6.6692570246796645, 6.669257024665249, 6.669257024678799, 6.669257024673527, 6.669257024677924, 6.669257024667513, 6.669257024676115, 6.669322609021146, 6.669322609033418, 6.6693226090200595, 6.669322609019799, 6.6693226090035544, 6.669322609026493, 6.669322609002709, 6.66932260900171, 6.669322608996719, 6.66932260903031, 6.6693226090326965, 6.669322609023017, 6.669322609018137, 6.669322609032164, 6.669322609026224, 6.669322609034388, 6.669322609017966, 6.669322609017636, 6.669322609021533, 6.669322609030649, 6.6693226090382085, 6.669322609020675, 6.669322609025293, 6.669322609010906, 6.669322609022771, 6.6693226090369, 6.669322609004952, 6.66932260900364, 6.669322609014904, 6.6693226090273035, 6.6693226090211395, 6.669322609021647, 6.669322609019445, 6.669322609022327, 6.669322609016054, 6.6693226090239115, 6.6693226090175965, 6.669322609022495, 6.669322609014899, 6.669322609026901, 6.669322609019777, 6.668255548812204, 6.668255548788431, 6.668255548807668, 6.668255548809992, 6.668255548830851, 6.668255548822055, 6.66825554883447, 6.668255548834024, 6.66825554884257, 6.668255548802215, 6.668255548800156, 6.668255548814486, 6.668255548803735, 6.668255548802214, 6.668255548808051, 6.66825554879722, 6.668255548821193, 6.668255548808291, 6.668255548807272, 6.66825554881319, 6.668255548794322, 6.668255548813177, 6.668255548807008, 6.668255548825915, 6.668255548809931, 6.668255548794504, 6.668255548829873, 6.668255548830428, 6.668255548820955, 6.668255548804299, 6.668255548812201, 6.668255548815537, 6.66825554880932, 6.668255548812136, 6.6682555488143365, 6.6682555488163, 6.668255548807357, 6.668255548807423, 6.668255548818904, 6.668255548805918, 6.668255548814308, 6.668564538070901, 6.668564538062478, 6.668564538068919, 6.668564538076238, 6.668564538055303, 6.668564538061864, 6.668564538049929, 6.668564538049168, 6.668564538041095, 6.668564538078364, 6.668564538081478, 6.668564538065156, 6.668564538085012, 6.6685645380785585, 6.668564538075035, 6.668564538084612, 6.668564538064833, 6.668564538082035, 6.6685645380735545, 6.668564538066138, 6.668564538083582, 6.66856453807133, 6.668564538076901, 6.668564538062082, 6.668564538083446, 6.66856453808451, 6.668564538057055, 6.668564538054639, 6.668564538057273, 6.6685645380831575, 6.668564538070897, 6.66856453807032, 6.668564538076651, 6.668564538074629, 6.668564538065069, 6.668564538069499, 6.6685645380717125, 6.668564538071411, 6.668564538064305, 6.6685645380758, 6.668564538068238, 6.669608128266638, 6.6696081282590445, 6.669608128275582, 6.669608128264147, 6.669608128283432, 6.669608128264819, 6.669608128289681, 6.669608128289113, 6.669608128288434, 6.669608128260644, 6.669608128257213, 6.669608128264316, 6.669608128270631, 6.669608128271342, 6.669608128267631, 6.669608128255717, 6.6696081282693465, 6.669608128255255, 6.669608128273154, 6.669608128262523, 6.669608128260824, 6.669608128265346, 6.669608128264631, 6.669608128273422, 6.669608128263146, 6.6696081282560185, 6.669608128277275, 6.669608128279305, 6.669608128280799, 6.669608128252686, 6.669608128266635, 6.669608128263099, 6.669608128264865, 6.6696081282571384, 6.669608128270553, 6.669608128258625, 6.669608128273748, 6.669608128271556, 6.669608128269647, 6.669608128264465, 6.669608128267711, 6.668126916673977, 6.66812691670285, 6.668126916660339, 6.668126916672948, 6.668126916657933, 6.668126916678334, 6.6681269166508965, 6.668126916650255, 6.668126916659201, 6.668126916684613, 6.668126916688158, 6.668126916687297, 6.668126916667087, 6.668126916656774, 6.668126916661887, 6.668126916677755, 6.668126916662548, 6.668126916684442, 6.66812691666172, 6.668126916686724, 6.6681269166710315, 6.668126916678197, 6.668126916676, 6.66812691666565, 6.668126916665959, 6.668126916686196, 6.668126916661564, 6.668126916662478, 6.66812691665943, 6.6681269166882915, 6.668126916673977, 6.668126916678361, 6.668126916671184, 6.668126916672511, 6.668126916679795, 6.668126916677689, 6.668126916669409, 6.668126916670432, 6.668126916675313, 6.668126916671938, 6.668126916676916, 6.668027474402679, 6.6680274744067365, 6.668027474415933, 6.66802747440123, 6.6680274744258625, 6.668027474404886, 6.6680274744260934, 6.668027474425566, 6.6680274744182375, 6.668027474380034, 6.668027474377815, 6.668027474390456, 6.668027474395372, 6.668027474423058, 6.6680274744186185, 6.668027474404157, 6.668027474423096, 6.668027474399545, 6.668027474416863, 6.668027474391382, 6.668027474410312, 6.66802747439728, 6.668027474400988, 6.668027474406287, 6.668027474406449, 6.668027474392942, 6.668027474412136, 6.668027474410951, 6.668027474417247, 6.668027474388131, 6.66802747440269, 6.6680274744003, 6.668027474404349, 6.6680274744129555, 6.668027474393314, 6.668027474404702, 6.668027474400134, 6.668027474404236, 6.668027474397867, 6.66802747440773, 6.668027474395709, 6.668223814519851, 6.668223814503403, 6.6682238145129675, 6.668223814525268, 6.66822381449478, 6.668223814514831, 6.668223814498333, 6.668223814497031, 6.668223814498744, 6.668223814551087, 6.668223814552719, 6.668223814521865, 6.668223814533887, 6.668223814504129, 6.6682238145151995, 6.668223814522573, 6.66822381450917, 6.668223814520317, 6.668223814507525, 6.668223814525494, 6.668223814509868, 6.6682238145228405, 6.668223814519978, 6.668223814519725, 6.668223814505737, 6.668223814527372, 6.6682238145120305, 6.668223814514356, 6.6682238145067565, 6.668223814532301, 6.668223814519845, 6.6682238145199335, 6.668223814521776, 6.668223814513929, 6.668223814529291, 6.668223814520935, 6.668223814517816, 6.668223814515807, 6.668223814525708, 6.6682238145144845, 6.6682238145258275, 6.66896031764659, 6.668960317629782, 6.668960317646908, 6.668960317642912, 6.668960317659114, 6.668960317652712, 6.668960317666885, 6.668960317665773, 6.668960317667636, 6.668960317620133, 6.6689603176181524, 6.668960317649406, 6.668960317629321, 6.668960317654681, 6.668960317644576, 6.668960317637292, 6.668960317647323, 6.668960317634855, 6.668960317652548, 6.668960317646132, 6.668960317652288, 6.668960317644839, 6.66896031764577, 6.668960317650351, 6.668960317652444, 6.668960317635162, 6.6689603176579855, 6.668960317657147, 6.668960317664686, 6.668960317629446, 6.66896031764659, 6.668960317648068, 6.668960317643176, 6.668960317645893, 6.6689603176407, 6.668960317640404, 6.668960317651989, 6.668960317652021, 6.668960317642225, 6.6689603176515835, 6.668960317638306, 6.669186358926098, 6.669186358940129, 6.669186358927048, 6.66918635892947, 6.669186358921073, 6.669186358923455, 6.6691863589109115, 6.669186358910452, 6.669186358907678, 6.669186358937584, 6.669186358941721, 6.669186358922743, 6.669186358932636, 6.669186358917676, 6.669186358921354, 6.669186358932025, 6.669186358914398, 6.66918635894061, 6.669186358924582, 6.669186358926864, 6.669186358933661, 6.669186358926023, 6.6691863589285685, 6.669186358914555, 6.669186358933485, 6.669186358942568, 6.669186358909316, 6.66918635890656, 6.669186358908071, 6.669186358943332, 6.669186358926103, 6.669186358923886, 6.669186358929444, 6.669186358938159, 6.669186358924016, 6.669186358937297, 6.669186358914402, 6.669186358919493, 6.669186358925646, 6.669186358924689, 6.669186358935468, 6.668193539792441, 6.668193539806069, 6.668193539793391, 6.668193539790402, 6.668193539789443, 6.668193539786344, 6.668193539804773, 6.668193539803971, 6.668193539808425, 6.668193539788792, 6.668193539782721, 6.668193539797966, 6.668193539794953, 6.6681935397961345, 6.66819353979921, 6.668193539792343, 6.668193539813053, 6.66819353978715, 6.6681935397908525, 6.668193539782874, 6.6681935397729415, 6.668193539793545, 6.668193539787694, 6.668193539810542, 6.66819353978422, 6.668193539767728, 6.66819353981724, 6.6681935398207655, 6.668193539803388, 6.66819353978184, 6.668193539792451, 6.668193539791448, 6.668193539789584, 6.668193539775015, 6.668193539801493, 6.668193539773253, 6.6681935398108445, 6.668193539800527, 6.668193539795327, 6.668193539791321, 6.6681935397802095, 6.668152993609739, 6.668152993618881, 6.668152993616361, 6.668152993609723, 6.668152993617172, 6.6681529936153785, 6.668152993601843, 6.668152993601453, 6.668152993592271, 6.668152993627024, 6.668152993631331, 6.6681529936017325, 6.6681529936140285, 6.668152993616547, 6.668152993610583, 6.668152993612549, 6.668152993595405, 6.6681529936104225, 6.668152993616911, 6.668152993621677, 6.668152993632694, 6.668152993607921, 6.668152993615221, 6.66815299358958, 6.6681529936105655, 6.668152993638233, 6.668152993580566, 6.668152993576803, 6.668152993599287, 6.668152993619395, 6.66815299360975, 6.668152993607215, 6.668152993611897, 6.668152993624226, 6.668152993600529, 6.668152993628009, 6.668152993590742, 6.668152993603081, 6.668152993608164, 6.66815299360953, 6.668152993627898, 6.667268661706135, 6.6672686616768395, 6.667268661689364, 6.667268661703815, 6.667268661703218, 6.667268661707836, 6.667268661713316, 6.667268661712299, 6.667268661725914, 6.6672686616757435, 6.6672686616723436, 6.667268661719534, 6.6672686616918675, 6.667268661700436, 6.667268661699628, 6.667268661698801, 6.667268661717389, 6.667268661705027, 6.667268661698841, 6.667268661701632, 6.667268661688529, 6.667268661710099, 6.6672686617034636, 6.6672686617230195, 6.667268661710281, 6.667268661679991, 6.667268661732651, 6.6672686617353305, 6.667268661719529, 6.667268661693527, 6.667268661706127, 6.6672686617138694, 6.667268661702032, 6.667268661691138, 6.667268661711016, 6.667268661687557, 6.667268661723957, 6.667268661713535, 6.6672686617059265, 6.667268661707462, 6.667268661689196, 6.668001968978723, 6.668001968975123, 6.6680019689888725, 6.668001968984228, 6.668001968983669, 6.668001968975337, 6.668001968970863, 6.6680019689704535, 6.668001968959589, 6.668001969003611, 6.66800196900797, 6.6680019689611285, 6.668001969000672, 6.66800196897453, 6.668001968981502, 6.668001968981632, 6.668001968964809, 6.668001968985578, 6.6680019689812084, 6.668001968979803, 6.668001968986863, 6.668001968976315, 6.668001968981056, 6.668001968966237, 6.66800196898737, 6.668001969001324, 6.668001968955571, 6.668001968953667, 6.668001968960837, 6.6680019689952665, 6.668001968978727, 6.668001968973432, 6.668001968985452, 6.668001968994257, 6.668001968976503, 6.668001968999357, 6.668001968957557, 6.668001968967246, 6.668001968982439, 6.668001968973131, 6.668001968999141, 6.667463230217838, 6.667463230235951, 6.667463230212913, 6.667463230211474, 6.667463230208935, 6.667463230220184, 6.667463230227749, 6.667463230226325, 6.667463230230054, 6.667463230195353, 6.667463230190216, 6.667463230228514, 6.667463230200761, 6.6674632302360015, 6.6674632302267876, 6.667463230223125, 6.667463230234901, 6.667463230203393, 6.667463230219312, 6.667463230215013, 6.667463230215857, 6.667463230217779, 6.667463230216237, 6.6674632302303465, 6.667463230218815, 6.667463230195978, 6.667463230239751, 6.667463230242316, 6.667463230237834, 6.667463230198935, 6.667463230217846, 6.667463230221489, 6.667463230211249, 6.667463230201665, 6.667463230217511, 6.667463230195465, 6.667463230239346, 6.66746323023156, 6.6674632302097905, 6.667463230227765, 6.667463230191144, 6.666357460705038, 6.66635746072215, 6.6663574607093325, 6.666357460709237, 6.666357460714287, 6.66635746069964, 6.666357460696581, 6.666357460696545, 6.6663574606980625, 6.666357460737467, 6.666357460742079, 6.666357460700778, 6.6663574607190785, 6.666357460677401, 6.6663574606922635, 6.666357460697242, 6.666357460682248, 6.666357460718716, 6.666357460698808, 6.666357460712455, 6.666357460700691, 6.666357460706314, 6.666357460705126, 6.666357460690146, 6.666357460692177, 6.6663574607287, 6.66635746068088, 6.666357460680704, 6.66635746068105, 6.666357460728089, 6.666357460705051, 6.666357460700535, 6.6663574607092135, 6.666357460718243, 6.666357460712803, 6.666357460726449, 6.66635746068289, 6.666357460690148, 6.666357460716488, 6.6663574606921365, 6.666357460734389, 6.665224955091738, 6.6652249550773695, 6.665224955088633, 6.665224955087123, 6.665224955088864, 6.665224955096113, 6.6652249550996885, 6.665224955098421, 6.665224955102206, 6.665224955047646, 6.66522495504287, 6.6652249550974565, 6.665224955067421, 6.665224955119784, 6.665224955101938, 6.665224955097832, 6.665224955118684, 6.6652249550857805, 6.665224955101851, 6.665224955079883, 6.665224955101342, 6.6652249550896, 6.665224955091506, 6.665224955104705, 6.6652249550971, 6.665224955066362, 6.665224955117209, 6.6652249551172735, 6.665224955120016, 6.665224955064462, 6.665224955091735, 6.665224955095527, 6.665224955088239, 6.6652249550825955, 6.66522495508131, 6.665224955067996, 6.665224955114888, 6.665224955108082, 6.665224955077595, 6.665224955107651, 6.6652249550588385, 6.664456724925574, 6.664456724910896, 6.664456724928841, 6.664456724931651, 6.664456724925004, 6.664456724927196, 6.664456724912073, 6.6644567249114495, 6.664456724910507, 6.664456724975993, 6.66445672498128, 6.6644567249168, 6.6644567249479945, 6.664456724897382, 6.664456724913924, 6.6644567249171285, 6.664456724901083, 6.664456724931244, 6.664456724915336, 6.664456724938529, 6.6644567249200515, 6.664456724926573, 6.66445672492539, 6.664456724914242, 6.664456724915377, 6.664456724951391, 6.664456724899034, 6.664456724898521, 6.664456724901017, 6.66445672494918, 6.6644567249255715, 6.664456724920851, 6.664456724930141, 6.6644567249378, 6.664456724932095, 6.664456724953261, 6.664456724897052, 6.664456724907068, 6.664456724939568, 6.66445672491052, 6.664456724959486, 6.6654214035234265, 6.665421403512232, 6.665421403522941, 6.665421403518743, 6.6654214035194945, 6.665421403522544, 6.665421403543233, 6.665421403541729, 6.665421403540502, 6.665421403483471, 6.665421403477475, 6.665421403529796, 6.6654214035074855, 6.665421403551639, 6.665421403537796, 6.665421403529446, 6.665421403546803, 6.66542140350741, 6.665421403531199, 6.66542140351001, 6.665421403525096, 6.6654214035218935, 6.665421403521729, 6.665421403540663, 6.665421403525969, 6.66542140349381, 6.6654214035532515, 6.665421403554701, 6.665421403549508, 6.665421403498351, 6.6654214035234265, 6.665421403525904, 6.665421403518404, 6.665421403507676, 6.665421403518624, 6.6654214034953245, 6.665421403550797, 6.665421403541264, 6.665421403511326, 6.665421403537217, 6.665421403489696, 6.665380277674213, 6.6653802776947355, 6.665380277671292, 6.665380277679478, 6.665380277672936, 6.665380277669353, 6.665380277655445, 6.665380277655277, 6.6653802776535835, 6.665380277699807, 6.665380277707092, 6.665380277672258, 6.665380277687366, 6.665380277648644, 6.665380277660965, 6.665380277675015, 6.665380277645184, 6.665380277693791, 6.665380277666407, 6.665380277683918, 6.66538027767764, 6.6653802776768085, 6.665380277677781, 6.665380277652916, 6.665380277687387, 6.6653802777054, 6.665380277642519, 6.665380277639855, 6.665380277640745, 6.6653802777062925, 6.665380277674205, 6.665380277672866, 6.665380277678787, 6.665380277691819, 6.665380277676986, 6.665380277696772, 6.665380277651022, 6.665380277659107, 6.665380277680698, 6.665380277664848, 6.665380277700653, 6.6668692681138095, 6.6668692681281065, 6.6668692681162325, 6.666869268108173, 6.666869268127088, 6.666869268117253, 6.666869268140367, 6.666869268139497, 6.666869268145096, 6.666869268087922, 6.666869268080625, 6.666869268117571, 6.666869268102958, 6.6668692681276855, 6.666869268121447, 6.666869268106568, 6.666869268137718, 6.666869268100905, 6.666869268120365, 6.66686926810712, 6.666869268102337, 6.666869268112688, 6.666869268109184, 6.666869268132563, 6.66686926811534, 6.666869268084449, 6.666869268143242, 6.666869268146035, 6.666869268141282, 6.666869268087214, 6.6668692681138175, 6.6668692681148185, 6.666869268108833, 6.666869268098736, 6.666869268115554, 6.666869268095172, 6.666869268131652, 6.666869268124382, 6.666869268114038, 6.666869268115949, 6.666869268099503, 6.66706028565318, 6.6670602856458085, 6.667060285652158, 6.66706028565793, 6.667060285627571, 6.667060285651792, 6.667060285614801, 6.667060285613844, 6.667060285606441, 6.667060285683363, 6.667060285687961, 6.667060285646827, 6.6670602856691685, 6.667060285657504, 6.667060285656026, 6.667060285670441, 6.6670602856446255, 6.667060285662513, 6.667060285652759, 6.667060285661258, 6.66706028567078, 6.6670602856534105, 6.667060285660099, 6.667060285637144, 6.667060285641604, 6.667060285681349, 6.667060285624361, 6.667060285622934, 6.667060285635466, 6.667060285669186, 6.6670602856531715, 6.667060285651762, 6.667060285657647, 6.667060285656835, 6.667060285649786, 6.667060285660459, 6.6670602856451735, 6.667060285650591, 6.6670602856500825, 6.667060285655266, 6.667060285661385, 6.665865905187316, 6.66586590516363, 6.665865905189903, 6.665865905183599, 6.665865905231225, 6.665865905193631, 6.6658659052352105, 6.665865905235022, 6.6658659052446, 6.665865905163718, 6.665865905159872, 6.665865905187783, 6.665865905175253, 6.66586590517404, 6.665865905179762, 6.66586590515959, 6.665865905194158, 6.665865905178943, 6.665865905187725, 6.66586590518311, 6.665865905164243, 6.6658659051869025, 6.6658659051796745, 6.665865905202062, 6.665865905190507, 6.66586590516238, 6.665865905212324, 6.665865905213821, 6.665865905204228, 6.665865905171331, 6.6658659051873155, 6.665865905188644, 6.665865905184161, 6.6658659051887925, 6.665865905191519, 6.665865905189737, 6.665865905184052, 6.665865905182981, 6.66586590519692, 6.665865905178397, 6.665865905192351, 6.664825038223089, 6.6648250382399, 6.664825038206452, 6.664825038226005, 6.664825038169291, 6.664825038219256, 6.6648250381703065, 6.664825038168518, 6.6648250381620855, 6.664825038228781, 6.6648250382344685, 6.664825038232303, 6.664825038219847, 6.664825038237002, 6.664825038227261, 6.664825038257912, 6.664825038214151, 6.664825038234293, 6.6648250382173755, 6.664825038226368, 6.664825038248984, 6.664825038225678, 6.6648250382327, 6.6648250382080025, 6.664825038212996, 6.664825038244112, 6.664825038201761, 6.664825038199529, 6.66482503820348, 6.664825038241673, 6.664825038223084, 6.66482503822861, 6.6648250382238805, 6.664825038221607, 6.664825038214675, 6.664825038212869, 6.664825038232577, 6.664825038230969, 6.664825038204478, 6.664825038240006, 6.664825038199785, 6.662093940450419, 6.662093940454166, 6.662093940479519, 6.662093940448111, 6.662093940512745, 6.662093940451604, 6.662093940517127, 6.662093940517202, 6.6620939405166, 6.6620939404585595, 6.662093940453445, 6.662093940430838, 6.662093940464862, 6.6620939404361605, 6.662093940450166, 6.6620939404136745, 6.66209394045333, 6.662093940432522, 6.662093940458534, 6.662093940442625, 6.66209394042302, 6.662093940444584, 6.662093940438359, 6.662093940464733, 6.6620939404472415, 6.6620939404314665, 6.662093940469118, 6.662093940471634, 6.662093940467118, 6.662093940434541, 6.66209394045042, 6.662093940439005, 6.662093940450939, 6.662093940458911, 6.662093940459185, 6.662093940468751, 6.662093940431299, 6.662093940437612, 6.662093940471676, 6.662093940430309, 6.662093940480571, 6.659869755414164, 6.659869755434223, 6.6598697553875414, 6.659869755416734, 6.6598697553356, 6.659869755405241, 6.65986975533795, 6.65986975533592, 6.65986975533889, 6.659869755413388, 6.659869755417292, 6.659869755436573, 6.659869755405382, 6.659869755429481, 6.659869755414757, 6.659869755455665, 6.6598697554136015, 6.659869755430472, 6.659869755404712, 6.659869755416836, 6.659869755437356, 6.659869755420271, 6.659869755425257, 6.65986975540363, 6.659869755430328, 6.659869755429194, 6.6598697553991775, 6.659869755400174, 6.65986975539979, 6.659869755427738, 6.659869755414161, 6.659869755422275, 6.659869755413315, 6.659869755395956, 6.6598697554111315, 6.6598697553847686, 6.6598697554427995, 6.659869755432209, 6.659869755393039, 6.659869755434953, 6.659869755379143, 6.659819156918217, 6.659819156895858, 6.659819156934328, 6.659819156913767, 6.6598191569969725, 6.659819156929714, 6.659819156985422, 6.659819156985983, 6.65981915699473, 6.659819156902532, 6.659819156899917, 6.659819156906945, 6.659819156906702, 6.659819156896162, 6.6598191569059715, 6.659819156873528, 6.659819156915689, 6.659819156911851, 6.65981915692683, 6.659819156921957, 6.659819156900499, 6.659819156914145, 6.659819156908788, 6.659819156921865, 6.6598191569085525, 6.659819156907146, 6.6598191569289495, 6.659819156928249, 6.659819156933754, 6.659819156903941, 6.659819156918222, 6.659819156914627, 6.6598191569180285, 6.659819156941467, 6.659819156917768, 6.659819156947285, 6.659819156888519, 6.65981915689987, 6.659819156937802, 6.659819156898747, 6.659819156953958, 6.665556511302944, 6.6655565112923565, 6.665556511292458, 6.66555651130639, 6.665556511252596, 6.665556511295157, 6.665556511260082, 6.665556511258339, 6.665556511251563, 6.665556511317893, 6.665556511318544, 6.665556511306457, 6.665556511310922, 6.665556511324108, 6.665556511318022, 6.665556511334068, 6.665556511309845, 6.665556511305556, 6.6655565113000215, 6.665556511302807, 6.6655565113172885, 6.665556511305042, 6.665556511309611, 6.665556511299067, 6.665556511316942, 6.665556511312353, 6.665556511293211, 6.665556511293839, 6.665556511293253, 6.665556511311713, 6.665556511302938, 6.665556511305867, 6.665556511304995, 6.665556511292168, 6.665556511299074, 6.665556511286622, 6.665556511318511, 6.665556511312707, 6.665556511290814, 6.665556511315418, 6.6655565112822766, 6.670133538390489, 6.670133538383079, 6.670133538398285, 6.670133538390374, 6.670133538395323, 6.670133538392227, 6.670133538402751, 6.670133538401838, 6.670133538400052, 6.670133538394998, 6.670133538392711, 6.6701335383832525, 6.670133538401409, 6.670133538391235, 6.670133538394589, 6.670133538386339, 6.670133538395288, 6.670133538381683, 6.670133538390548, 6.670133538385843, 6.670133538381071, 6.670133538388636, 6.670133538387059, 6.670133538400882, 6.6701335383939595, 6.670133538381408, 6.6701335383994955, 6.670133538401776, 6.670133538395833, 6.670133538385375, 6.6701335383904805, 6.67013353838673, 6.670133538389949, 6.670133538384277, 6.670133538394821, 6.670133538390032, 6.670133538390192, 6.670133538390427, 6.670133538394646, 6.670133538386975, 6.670133538392211, 6.669202022896907, 6.669202022916871, 6.6692020228994355, 6.669202022895733, 6.669202022924491, 6.669202022900908, 6.669202022913538, 6.669202022913614, 6.6692020229171005, 6.669202022884157, 6.669202022886976, 6.669202022896757, 6.669202022892451, 6.669202022879594, 6.6692020228818745, 6.669202022881269, 6.66920202287857, 6.669202022902896, 6.669202022896753, 6.669202022899233, 6.66920202289618, 6.669202022897101, 6.669202022896117, 6.669202022890145, 6.66920202289557, 6.66920202290377, 6.669202022890051, 6.669202022889114, 6.669202022890842, 6.669202022903121, 6.669202022896916, 6.669202022895979, 6.669202022896277, 6.669202022906881, 6.669202022897954, 6.669202022909788, 6.669202022883347, 6.669202022889685, 6.669202022901132, 6.66920202289079, 6.669202022911826, 6.667307605271748, 6.667307605253998, 6.667307605256051, 6.667307605272385, 6.667307605234941, 6.667307605265237, 6.667307605238385, 6.6673076052371885, 6.667307605237852, 6.667307605262427, 6.6673076052629465, 6.667307605288284, 6.667307605261456, 6.667307605287444, 6.667307605276255, 6.667307605294832, 6.667307605276702, 6.667307605279017, 6.667307605268771, 6.667307605270591, 6.667307605284707, 6.66730760527628, 6.6673076052782525, 6.667307605268972, 6.667307605260552, 6.667307605273818, 6.667307605269781, 6.667307605270512, 6.6673076052682365, 6.667307605274786, 6.667307605271744, 6.667307605278051, 6.667307605270274, 6.667307605257841, 6.667307605269206, 6.667307605247939, 6.667307605294672, 6.667307605286208, 6.667307605256689, 6.667307605286472, 6.667307605244352, 6.66489570258837, 6.66489570259673, 6.664895702607881, 6.664895702588472, 6.664895702635576, 6.664895702594713, 6.664895702631777, 6.6648957026317, 6.664895702631557, 6.664895702614848, 6.664895702611112, 6.6648957025706554, 6.664895702600998, 6.664895702576078, 6.664895702590908, 6.664895702561099, 6.6648957025973825, 6.664895702576686, 6.6648957025928715, 6.664895702591128, 6.66489570256824, 6.664895702584428, 6.664895702579716, 6.664895702597685, 6.6648957025900355, 6.664895702580646, 6.664895702595539, 6.664895702596904, 6.664895702598003, 6.664895702579027, 6.664895702588378, 6.664895702581563, 6.6648957025904885, 6.664895702599916, 6.664895702592977, 6.664895702612138, 6.664895702563812, 6.664895702572981, 6.664895702607646, 6.664895702570262, 6.664895702618844, 6.666604317151396, 6.666604317170413, 6.666604317135409, 6.666604317151757, 6.6666043171079075, 6.666604317151142, 6.666604317111285, 6.6666043171097185, 6.666604317109044, 6.666604317142232, 6.666604317144503, 6.666604317159334, 6.666604317140432, 6.66660431716822, 6.666604317156572, 6.666604317177727, 6.666604317157401, 6.666604317159157, 6.666604317149769, 6.666604317154356, 6.666604317174032, 6.666604317152473, 6.66660431715875, 6.66660431714295, 6.666604317146059, 6.666604317159736, 6.666604317142855, 6.6666043171410525, 6.666604317147126, 6.666604317155395, 6.666604317151394, 6.6666043171580975, 6.6666043171509335, 6.666604317148755, 6.666604317141662, 6.6666043171381215, 6.666604317164091, 6.666604317161194, 6.6666043171346425, 6.666604317168012, 6.66660431712655, 6.669456433836431, 6.669456433849858, 6.669456433845154, 6.669456433836373, 6.6694564338583024, 6.669456433832115, 6.669456433862693, 6.669456433862216, 6.669456433865248, 6.669456433826256, 6.669456433824746, 6.669456433830816, 6.669456433842256, 6.669456433820324, 6.669456433828409, 6.669456433818731, 6.669456433827447, 6.669456433833579, 6.669456433837019, 6.669456433830136, 6.669456433821975, 6.669456433834604, 6.669456433831584, 6.669456433841615, 6.6694564338316855, 6.669456433826549, 6.669456433846442, 6.669456433848168, 6.669456433840588, 6.669456433832676, 6.669456433836426, 6.669456433832128, 6.6694564338361735, 6.669456433837438, 6.669456433844633, 6.669456433838856, 6.6694564338333375, 6.669456433832852, 6.669456433845423, 6.669456433827612, 6.669456433847739, 6.669939272446483, 6.669939272424611, 6.669939272442053, 6.669939272445038, 6.669939272439987, 6.6699392724495885, 6.669939272439814, 6.669939272438732, 6.669939272440623, 6.669939272454361, 6.6699392724560935, 6.669939272453155, 6.669939272441857, 6.66993927243931, 6.669939272441255, 6.669939272447431, 6.669939272430582, 6.669939272446861, 6.669939272441372, 6.669939272454045, 6.669939272447968, 6.669939272447842, 6.669939272447422, 6.669939272440482, 6.6699392724499, 6.669939272453934, 6.669939272438749, 6.669939272438131, 6.669939272439013, 6.669939272454137, 6.669939272446481, 6.66993927244756, 6.669939272444091, 6.669939272448515, 6.66993927244753, 6.669939272450106, 6.669939272442, 6.66993927244394, 6.669939272447376, 6.669939272445054, 6.669939272451259, 6.66843913093151, 6.668439130923882, 6.668439130932795, 6.6684391309323, 6.668439130917361, 6.668439130926679, 6.668439130923707, 6.668439130922636, 6.668439130916274, 6.668439130927129, 6.668439130925149, 6.66843913093027, 6.668439130932128, 6.668439130956527, 6.668439130948789, 6.668439130947605, 6.668439130950284, 6.668439130929477, 6.668439130938302, 6.66843913092117, 6.668439130940691, 6.668439130930691, 6.668439130933968, 6.66843913093484, 6.668439130937245, 6.6684391309256865, 6.668439130937163, 6.668439130936535, 6.66843913093771, 6.6684391309249085, 6.668439130931507, 6.668439130931596, 6.668439130933056, 6.668439130927137, 6.668439130924417, 6.668439130917744, 6.668439130944632, 6.6684391309405315, 6.6684391309227316, 6.668439130941006, 6.668439130914387, 6.667883945205167, 6.66788394519064, 6.667883945213916, 6.667883945206418, 6.667883945234628, 6.6678839452098755, 6.667883945224307, 6.667883945224287, 6.667883945228017, 6.667883945222363, 6.667883945223217, 6.667883945195901, 6.667883945217509, 6.667883945184575, 6.667883945196161, 6.66788394518432, 6.667883945204841, 6.6678839452059355, 6.667883945203079, 6.667883945206727, 6.667883945190273, 6.667883945204624, 6.6678839452007646, 6.667883945207109, 6.667883945208565, 6.6678839452071825, 6.667883945202839, 6.667883945203218, 6.667883945201938, 6.667883945208102, 6.667883945205179, 6.667883945200522, 6.667883945207414, 6.667883945213837, 6.66788394521053, 6.667883945224966, 6.667883945184664, 6.667883945191843, 6.667883945220013, 6.6678839451901295, 6.667883945232037, 6.6681208185588385, 6.668120818539815, 6.668120818544195, 6.668120818555963, 6.668120818530496, 6.66812081856316, 6.668120818532991, 6.668120818531679, 6.668120818534159, 6.668120818535031, 6.668120818536359, 6.668120818574171, 6.668120818541121, 6.668120818574777, 6.668120818556964, 6.668120818574123, 6.66812081856113, 6.668120818560416, 6.668120818557926, 6.668120818562375, 6.668120818576111, 6.668120818561457, 6.668120818564869, 6.6681208185564165, 6.668120818560479, 6.668120818559942, 6.668120818557927, 6.668120818557415, 6.668120818563799, 6.668120818553913, 6.668120818558847, 6.668120818565298, 6.668120818554517, 6.66812081854643, 6.668120818552466, 6.668120818540045, 6.668120818576821, 6.668120818572927, 6.6681208185433345, 6.668120818573846, 6.668120818533798, 6.668446758297005, 6.668446758317481, 6.66844675830022, 6.66844675829734, 6.66844675832037, 6.668446758292131, 6.668446758320237, 6.668446758319879, 6.668446758321337, 6.668446758304702, 6.668446758304905, 6.668446758294153, 6.66844675830386, 6.6684467582771765, 6.668446758289452, 6.668446758281419, 6.668446758281514, 6.668446758298684, 6.668446758293524, 6.6684467583009175, 6.668446758281675, 6.6684467582975655, 6.668446758293587, 6.668446758295245, 6.668446758289539, 6.668446758297537, 6.668446758296313, 6.668446758296418, 6.668446758288297, 6.6684467583055325, 6.668446758297017, 6.668446758295108, 6.668446758298013, 6.668446758305329, 6.668446758303388, 6.668446758309121, 6.6684467582840945, 6.668446758286101, 6.668446758307328, 6.668446758285695, 6.668446758314146, 6.668750039792774, 6.6687500398003925, 6.6687500397966435, 6.66875003979387, 6.668750039781802, 6.668750039785916, 6.668750039790893, 6.668750039789641, 6.668750039782385, 6.668750039796198, 6.668750039793766, 6.668750039785234, 6.668750039799803, 6.668750039810645, 6.668750039808765, 6.66875003980544, 6.668750039804288, 6.668750039790298, 6.668750039798656, 6.668750039787144, 6.668750039797041, 6.668750039790306, 6.668750039793451, 6.668750039795353, 6.668750039799789, 6.668750039788487, 6.6687500397967865, 6.668750039796574, 6.668750039795785, 6.6687500397893755, 6.668750039792776, 6.6687500397915525, 6.668750039795253, 6.668750039791858, 6.668750039788669, 6.6687500397857296, 6.6687500397992405, 6.6687500397965565, 6.668750039787964, 6.668750039798287, 6.6687500397819885, 6.66938094540031, 6.669380945418651, 6.669380945395288, 6.669380945398549, 6.669380945387526, 6.669380945406898, 6.669380945385338, 6.66938094538415, 6.669380945388789, 6.669380945404937, 6.669380945405302, 6.669380945402084, 6.669380945396623, 6.669380945400392, 6.6693809453983075, 6.66938094540417, 6.669380945403695, 6.669380945400412, 6.669380945397879, 6.66938094540551, 6.6693809454034865, 6.669380945400146, 6.669380945400961, 6.669380945399617, 6.669380945397746, 6.6693809454028745, 6.669380945397495, 6.669380945398152, 6.66938094540213, 6.669380945398698, 6.669380945400318, 6.669380945401804, 6.669380945398848, 6.669380945397329, 6.669380945399922, 6.669380945400057, 6.669380945399909, 6.669380945401069, 6.669380945399577, 6.669380945401917, 6.669380945398617, 6.668860274170002, 6.668860274184826, 6.668860274177307, 6.6688602741693295, 6.668860274198216, 6.668860274172615, 6.668860274189397, 6.6688602741890906, 6.668860274193793, 6.668860274163244, 6.6688602741636815, 6.668860274167186, 6.6688602741696315, 6.668860274155428, 6.668860274159343, 6.668860274151304, 6.668860274163102, 6.668860274169425, 6.668860274172097, 6.668860274166575, 6.668860274163039, 6.668860274169159, 6.668860274166826, 6.668860274170072, 6.668860274167174, 6.668860274169161, 6.668860274170847, 6.668860274171938, 6.668860274173542, 6.668860274166747, 6.668860274169993, 6.668860274166574, 6.668860274170349, 6.668860274174107, 6.668860274174588, 6.668860274178153, 6.668860274161149, 6.6688602741648175, 6.668860274178664, 6.668860274161412, 6.6688602741864775, 6.668997124128964, 6.668997124132016, 6.668997124128, 6.668997124132685, 6.668997124104167, 6.668997124123842, 6.668997124105224, 6.668997124103906, 6.668997124095386, 6.668997124124073, 6.6689971241258545, 6.668997124132938, 6.668997124128007, 6.668997124148128, 6.668997124138182, 6.668997124149584, 6.668997124130461, 6.668997124131018, 6.668997124131474, 6.668997124120337, 6.668997124145188, 6.668997124129968, 6.668997124133719, 6.66899712412702, 6.66899712412087, 6.668997124134727, 6.668997124123295, 6.668997124123181, 6.668997124125364, 6.668997124131835, 6.668997124128968, 6.668997124129195, 6.668997124130308, 6.668997124121167, 6.668997124125059, 6.668997124114336, 6.668997124142813, 6.668997124140168, 6.668997124116011, 6.668997124141116, 6.668997124110334, 6.668178598087021, 6.668178598061836, 6.66817859808318, 6.668178598087616, 6.668178598106275, 6.668178598089929, 6.668178598109403, 6.6681785981088435, 6.668178598115418, 6.668178598098414, 6.668178598097785, 6.668178598093682, 6.6681785980838235, 6.668178598063336, 6.668178598078487, 6.668178598069969, 6.668178598081356, 6.668178598083759, 6.668178598075827, 6.668178598094428, 6.668178598063182, 6.668178598090603, 6.668178598081064, 6.66817859809426, 6.668178598091659, 6.668178598079811, 6.668178598094125, 6.668178598095711, 6.668178598081378, 6.668178598092966, 6.668178598087028, 6.668178598089026, 6.668178598085019, 6.668178598088875, 6.668178598096806, 6.668178598096416, 6.668178598076583, 6.668178598077253, 6.668178598098427, 6.668178598075403, 6.6681785980984865, 6.668958102211944, 6.668958102201798, 6.668958102213341, 6.668958102211716, 6.6689581022078315, 6.668958102211253, 6.668958102209607, 6.668958102208688, 6.668958102200904, 6.6689581022012066, 6.668958102201422, 6.668958102204395, 6.668958102207632, 6.6689581022320334, 6.668958102221802, 6.668958102222582, 6.668958102220935, 6.668958102212253, 6.66895810222211, 6.668958102214902, 6.668958102233254, 6.668958102208602, 6.668958102216148, 6.66895810220274, 6.668958102213396, 6.668958102219348, 6.668958102204115, 6.668958102200964, 6.668958102214804, 6.668958102208543, 6.668958102211942, 6.668958102213504, 6.668958102213905, 6.6689581022198405, 6.668958102199717, 6.668958102211329, 6.668958102212035, 6.6689581022150985, 6.668958102201508, 6.668958102222049, 6.668958102202404, 6.670026784577399, 6.670026784567244, 6.670026784578791, 6.670026784579206, 6.670026784566481, 6.670026784574897, 6.670026784570486, 6.670026784569488, 6.670026784573028, 6.670026784586606, 6.670026784584252, 6.670026784571245, 6.670026784590762, 6.670026784572512, 6.67002678457642, 6.670026784576833, 6.670026784582668, 6.670026784579661, 6.670026784576123, 6.6700267845777175, 6.67002678456826, 6.670026784576321, 6.670026784575989, 6.670026784584332, 6.670026784587253, 6.670026784571723, 6.670026784582966, 6.670026784585399, 6.670026784580885, 6.670026784573496, 6.670026784577391, 6.670026784575314, 6.670026784578174, 6.67002678456742, 6.670026784584521, 6.670026784571692, 6.670026784582409, 6.670026784578765, 6.670026784581884, 6.67002678457417, 6.670026784578677, 6.670848140587002, 6.670848140603369, 6.6708481405898405, 6.670848140584882, 6.670848140599917, 6.670848140596087, 6.670848140593793, 6.6708481405932245, 6.670848140597655, 6.670848140585071, 6.670848140585721, 6.670848140588066, 6.670848140582604, 6.6708481405775775, 6.670848140578744, 6.670848140577721, 6.6708481405753135, 6.670848140588238, 6.670848140586523, 6.670848140591602, 6.670848140583906, 6.670848140586581, 6.67084814058512, 6.670848140587393, 6.670848140585745, 6.670848140587482, 6.670848140586369, 6.670848140586342, 6.670848140589518, 6.6708481405847495, 6.670848140586994, 6.670848140586046, 6.670848140584186, 6.670848140588727, 6.670848140589333, 6.670848140593857, 6.6708481405793005, 6.67084814058363, 6.670848140591503, 6.670848140582024, 6.670848140597321, 6.67019944770495, 6.6701994477219975, 6.670199447698218, 6.670199447704652, 6.670199447693578, 6.670199447701605, 6.6701994476957465, 6.670199447694941, 6.670199447691249, 6.670199447690279, 6.6701994476930455, 6.670199447715648, 6.670199447692206, 6.670199447717407, 6.670199447709997, 6.670199447718759, 6.670199447703548, 6.670199447706762, 6.6701994477055555, 6.670199447698868, 6.6701994477189865, 6.67019944770734, 6.6701994477091775, 6.67019944769818, 6.670199447702225, 6.67019944770899, 6.67019944770087, 6.670199447698624, 6.670199447699965, 6.670199447709797, 6.670199447704945, 6.670199447709038, 6.670199447703358, 6.670199447707547, 6.670199447698017, 6.670199447696607, 6.670199447712489, 6.670199447711582, 6.6701994476934825, 6.670199447715002, 6.670199447690026, 6.668878453494325, 6.6688784534806524, 6.668878453500241, 6.668878453498016, 6.668878453508048, 6.668878453485098, 6.6688784535144405, 6.668878453514091, 6.668878453514802, 6.668878453516368, 6.668878453515901, 6.668878453489352, 6.668878453511143, 6.668878453478991, 6.668878453494776, 6.668878453481617, 6.668878453499598, 6.668878453487789, 6.668878453488408, 6.668878453486834, 6.668878453472782, 6.668878453495767, 6.668878453489476, 6.668878453501042, 6.668878453485031, 6.668878453487522, 6.668878453500879, 6.668878453502271, 6.668878453488608, 6.668878453499787, 6.668878453494328, 6.668878453490638, 6.668878453496625, 6.66887845349677, 6.668878453503325, 6.6688784535009065, 6.668878453486827, 6.668878453486208, 6.668878453506844, 6.668878453482068, 6.6688784535090395, 6.669229121134674, 6.669229121119137, 6.6692291211287715, 6.66922912113137, 6.669229121115353, 6.6692291211426, 6.66922912111405, 6.669229121112871, 6.669229121113743, 6.669229121123738, 6.669229121124485, 6.669229121136382, 6.669229121123875, 6.6692291211542285, 6.669229121138286, 6.66922912114662, 6.669229121142387, 6.669229121133487, 6.669229121140341, 6.669229121139869, 6.669229121156247, 6.669229121132909, 6.669229121139876, 6.669229121129245, 6.669229121131198, 6.669229121139078, 6.66922912112992, 6.669229121127416, 6.6692291211442205, 6.66922912112523, 6.669229121134682, 6.669229121137899, 6.66922912113254, 6.6692291211337995, 6.669229121122589, 6.669229121128589, 6.669229121140139, 6.66922912114212, 6.669229121123583, 6.669229121146101, 6.669229121122066, 6.670187179924654, 6.67018717991085, 6.670187179932108, 6.670187179924899, 6.670187179940796, 6.670187179921118, 6.6701871799332535, 6.6701871799329835, 6.670187179937453, 6.670187179927892, 6.670187179926815, 6.670187179917054, 6.670187179937533, 6.670187179909504, 6.670187179916917, 6.670187179912553, 6.6701871799125545, 6.670187179932546, 6.670187179925574, 6.67018717992499, 6.6701871799118, 6.670187179923415, 6.670187179922066, 6.670187179926478, 6.670187179933316, 6.670187179922717, 6.670187179926515, 6.6701871799275585, 6.670187179923629, 6.670187179925127, 6.670187179924651, 6.670187179919941, 6.6701871799260335, 6.670187179924944, 6.670187179932154, 6.670187179929686, 6.670187179918881, 6.6701871799187895, 6.6701871799346755, 6.670187179914299, 6.67018717994124, 6.669255888976466, 6.669255889006875, 6.669255888962897, 6.669255888972162, 6.669255888965317, 6.669255888977101, 6.669255888970748, 6.66925588896979, 6.669255888977017, 6.6692558889651234, 6.669255888964225, 6.6692558889903895, 6.669255888961969, 6.669255888975697, 6.669255888974273, 6.669255888981747, 6.669255888975038, 6.669255888978738, 6.669255888969727, 6.669255888982838, 6.669255888971905, 6.669255888979351, 6.669255888977446, 6.6692558889776254, 6.669255888981903, 6.669255888970146, 6.66925588898278, 6.669255888983015, 6.669255888974972, 6.669255888978154, 6.669255888976462, 6.669255888982532, 6.669255888972106, 6.66925588897026, 6.669255888977151, 6.669255888966099, 6.669255888985909, 6.669255888979949, 6.669255888972395, 6.669255888980389, 6.669255888962979, 6.668252047619494, 6.66825204762151, 6.66825204763501, 6.6682520476209035, 6.668252047632781, 6.668252047621465, 6.668252047630207, 6.668252047629493, 6.668252047614474, 6.668252047633814, 6.668252047635536, 6.668252047601849, 6.668252047629709, 6.668252047637544, 6.668252047634209, 6.6682520476239535, 6.668252047626387, 6.668252047610231, 6.668252047629889, 6.668252047617868, 6.66825204763641, 6.668252047614451, 6.668252047621432, 6.6682520476107285, 6.668252047618416, 6.668252047633084, 6.668252047605169, 6.668252047601857, 6.668252047616671, 6.668252047621623, 6.668252047619503, 6.668252047614335, 6.668252047623884, 6.668252047635391, 6.668252047607445, 6.66825204763522, 6.668252047603115, 6.668252047613555, 6.668252047616557, 6.6682520476215466, 6.668252047627023, 6.668807020034491, 6.6688070200538565, 6.668807020024728, 6.668807020036997, 6.668807020020611, 6.668807020033887, 6.668807020029679, 6.668807020028567, 6.66880702003942, 6.668807020032214, 6.668807020029957, 6.668807020044799, 6.668807020034546, 6.66880702002263, 6.668807020028067, 6.668807020029567, 6.668807020047436, 6.6688070200315135, 6.668807020022432, 6.668807020024609, 6.66880702001112, 6.668807020039002, 6.668807020029918, 6.668807020055898, 6.668807020042005, 6.668807020011911, 6.668807020057557, 6.6688070200616725, 6.668807020040758, 6.6688070200287655, 6.6688070200344916, 6.6688070200363025, 6.6688070200327605, 6.668807020016017, 6.668807020045356, 6.668807020019526, 6.668807020048599, 6.6688070200399086, 6.668807020038452, 6.668807020031991, 6.668807020023177, 6.6676711400778865, 6.667671140059715, 6.667671140077425, 6.667671140079148, 6.667671140083613, 6.667671140073888, 6.667671140064263, 6.667671140063758, 6.6676711400619695, 6.66767114007742, 6.667671140083529, 6.667671140080284, 6.667671140074764, 6.667671140068869, 6.6676711400650275, 6.667671140077442, 6.667671140045755, 6.66767114009156, 6.667671140081151, 6.66767114008547, 6.66767114009894, 6.667671140079034, 6.667671140083842, 6.6676711400529465, 6.667671140070119, 6.6676711401080455, 6.667671140047362, 6.667671140044608, 6.667671140060586, 6.667671140094578, 6.667671140077874, 6.667671140076876, 6.667671140080305, 6.667671140091991, 6.667671140073825, 6.66767114008974, 6.667671140065333, 6.66767114007298, 6.667671140075479, 6.667671140077827, 6.667671140093835, 6.665462323091096, 6.665462323080593, 6.66546232310068, 6.665462323085619, 6.665462323109769, 6.66546232309262, 6.665462323126751, 6.665462323125734, 6.6654623231279855, 6.665462323062773, 6.665462323053455, 6.6654623230912655, 6.665462323079081, 6.665462323110196, 6.665462323104644, 6.665462323083795, 6.665462323116566, 6.6654623230748955, 6.66546232310271, 6.66546232308316, 6.665462323080632, 6.66546232308779, 6.665462323084796, 6.665462323111854, 6.665462323093051, 6.665462323058648, 6.665462323123686, 6.6654623231273495, 6.665462323124112, 6.665462323059374, 6.665462323091088, 6.665462323089937, 6.665462323086944, 6.665462323076671, 6.665462323093203, 6.665462323072085, 6.665462323109308, 6.665462323102503, 6.665462323090715, 6.665462323094552, 6.665462323074475, 6.657530077234214, 6.657530077222795, 6.65753007722856, 6.657530077243823, 6.657530077191155, 6.65753007723613, 6.657530077175041, 6.657530077173566, 6.657530077165744, 6.657530077305142, 6.657530077314614, 6.657530077225933, 6.657530077263616, 6.657530077212547, 6.657530077232609, 6.657530077257264, 6.657530077214943, 6.657530077255988, 6.657530077217035, 6.657530077253549, 6.657530077242223, 6.657530077236967, 6.657530077239274, 6.657530077213726, 6.657530077217331, 6.6575300772785, 6.657530077188674, 6.65753007718745, 6.657530077188532, 6.657530077277712, 6.657530077234206, 6.657530077232633, 6.657530077240583, 6.657530077246907, 6.6575300772394135, 6.657530077262463, 6.657530077205211, 6.657530077216986, 6.657530077238609, 6.657530077227697, 6.657530077256786, 6.644893559390383, 6.644893559406754, 6.644893559397106, 6.644893559379481, 6.6448935594420515, 6.644893559398323, 6.644893559474353, 6.644893559473595, 6.644893559481007, 6.644893559295445, 6.644893559282696, 6.6448935593959, 6.644893559350426, 6.644893559417265, 6.644893559401349, 6.644893559363489, 6.644893559438639, 6.644893559360598, 6.6448935594097716, 6.64489355936695, 6.644893559375808, 6.644893559385616, 6.644893559379055, 6.644893559430025, 6.644893559408314, 6.644893559321955, 6.644893559459607, 6.644893559461986, 6.644893559454644, 6.644893559329032, 6.644893559390386, 6.644893559394979, 6.6448935593812175, 6.644893559374303, 6.644893559385957, 6.644893559358097, 6.644893559422056, 6.644893559410858, 6.644893559382622, 6.644893559401956, 6.644893559350018, 6.6339016069389976, 6.633901606958259, 6.633901606923657, 6.633901606955122, 6.633901606891521, 6.633901606925804, 6.633901606857329, 6.633901606855555, 6.633901606841045, 6.63390160702069, 6.633901607041431, 6.633901606938605, 6.6339016069746375, 6.633901606896169, 6.633901606913894, 6.633901606960264, 6.633901606864146, 6.633901606977453, 6.633901606920987, 6.63390160697017, 6.633901606974655, 6.633901606947181, 6.63390160695494, 6.633901606880553, 6.633901606911028, 6.633901607030069, 6.633901606845724, 6.633901606838, 6.633901606857819, 6.633901607016562, 6.633901606939002, 6.633901606938421, 6.633901606950354, 6.633901606970475, 6.633901606939626, 6.63390160698078, 6.633901606896188, 6.633901606914098, 6.633901606940506, 6.633901606931211, 6.6339016069859, 6.6418447823069755, 6.641844782289487, 6.641844782311455, 6.641844782298328, 6.641844782334645, 6.641844782298877, 6.64184478237995, 6.641844782378675, 6.641844782391804, 6.641844782250382, 6.641844782232776, 6.641844782317049, 6.641844782291927, 6.6418447823288105, 6.641844782326499, 6.641844782284315, 6.641844782357444, 6.641844782272392, 6.641844782316544, 6.641844782276944, 6.641844782257499, 6.641844782305763, 6.641844782293223, 6.641844782361438, 6.641844782310209, 6.641844782222262, 6.641844782392546, 6.641844782400932, 6.641844782370053, 6.641844782245721, 6.641844782306974, 6.641844782308681, 6.641844782298052, 6.641844782262989, 6.6418447823216225, 6.641844782250365, 6.64184478236239, 6.641844782332713, 6.6418447823118685, 6.641844782308102, 6.64184478226581, 6.660598877583665, 6.660598877575563, 6.66059887759429, 6.660598877583888, 6.660598877584772, 6.6605988776016956, 6.660598877552975, 6.660598877552145, 6.66059887753967, 6.660598877612921, 6.660598877620395, 6.660598877558374, 6.660598877595316, 6.66059887759746, 6.66059887759127, 6.660598877602104, 6.660598877571148, 6.660598877598707, 6.660598877593956, 6.660598877592146, 6.6605988776197105, 6.660598877575812, 6.660598877592856, 6.660598877554461, 6.660598877583911, 6.660598877624785, 6.660598877540869, 6.660598877534026, 6.660598877565138, 6.66059887760001, 6.660598877583648, 6.660598877579777, 6.660598877589944, 6.660598877610524, 6.660598877564022, 6.660598877612725, 6.660598877554086, 6.660598877570575, 6.66059887757904, 6.660598877585853, 6.660598877605785, 6.6652207188030985, 6.665220718765697, 6.665220718786129, 6.665220718801845, 6.665220718783022, 6.665220718807999, 6.665220718767181, 6.665220718766591, 6.665220718781683, 6.665220718821638, 6.665220718827522, 6.665220718814178, 6.665220718799825, 6.665220718775372, 6.665220718784415, 6.6652207188063946, 6.6652207187921055, 6.665220718819351, 6.66522071878285, 6.665220718812833, 6.665220718794991, 6.6652207188075945, 6.665220718805993, 6.665220718791963, 6.665220718816892, 6.665220718819851, 6.665220718785792, 6.6652207187863715, 6.665220718777318, 6.665220718827903, 6.665220718803104, 6.665220718807255, 6.665220718801726, 6.665220718801719, 6.665220718810321, 6.665220718808283, 6.665220718796944, 6.665220718794739, 6.665220718809029, 6.665220718796385, 6.665220718814062, 6.649990656483014, 6.649990656513241, 6.64999065648687, 6.64999065647298, 6.649990656521501, 6.64999065647118, 6.649990656556074, 6.649990656555562, 6.649990656570089, 6.649990656417414, 6.649990656405042, 6.649990656497453, 6.6499906564531575, 6.64999065649641, 6.649990656491277, 6.649990656454685, 6.6499906565202656, 6.649990656454084, 6.64999065649067, 6.649990656461703, 6.649990656450892, 6.649990656482022, 6.649990656473118, 6.649990656513013, 6.649990656485589, 6.649990656423557, 6.649990656543081, 6.649990656548441, 6.649990656527908, 6.649990656439881, 6.649990656483013, 6.6499906564847775, 6.649990656476047, 6.649990656462251, 6.649990656488113, 6.649990656444862, 6.649990656520117, 6.6499906564996225, 6.649990656484755, 6.649990656485404, 6.649990656452261, 6.647210961932276, 6.647210961936601, 6.647210961939766, 6.647210961943151, 6.647210961903607, 6.647210961930567, 6.647210961875098, 6.647210961872941, 6.647210961848042, 6.647210961994675, 6.647210962006738, 6.647210961909212, 6.647210961961846, 6.647210961940061, 6.647210961939416, 6.647210961959994, 6.647210961893919, 6.6472109619504955, 6.64721096193613, 6.647210961952462, 6.64721096198083, 6.647210961929037, 6.647210961946038, 6.647210961888834, 6.6472109619429895, 6.6472109620010045, 6.647210961861142, 6.6472109618531015, 6.647210961888519, 6.647210961972825, 6.6472109619322755, 6.6472109619250395, 6.647210961945788, 6.647210961966815, 6.647210961911357, 6.64721096197123, 6.647210961892799, 6.6472109619133, 6.647210961925154, 6.647210961935391, 6.647210961961135, 6.663451089886742, 6.6634510899156965, 6.663451089877292, 6.663451089883354, 6.663451089879344, 6.663451089901528, 6.663451089895922, 6.66345108989412, 6.663451089910782, 6.663451089880542, 6.663451089873984, 6.663451089896244, 6.663451089874864, 6.663451089878332, 6.663451089880849, 6.663451089872806, 6.663451089900125, 6.663451089874253, 6.663451089874073, 6.6634510898853145, 6.663451089854959, 6.663451089888421, 6.663451089876581, 6.663451089922207, 6.6634510898810735, 6.663451089848112, 6.663451089925801, 6.663451089930997, 6.663451089910354, 6.66345108986511, 6.663451089886735, 6.663451089888456, 6.663451089881304, 6.663451089868345, 6.663451089892103, 6.6634510898778965, 6.663451089894755, 6.66345108988932, 6.663451089893489, 6.663451089882991, 6.663451089872035, 6.6657723130461415, 6.665772313056074, 6.665772313057968, 6.665772313042423, 6.665772313063525, 6.665772313038896, 6.665772313077333, 6.665772313077133, 6.665772313079737, 6.665772313007475, 6.665772313002148, 6.665772313047459, 6.665772313041072, 6.665772313054046, 6.6657723130468804, 6.665772313035967, 6.665772313056958, 6.665772313038821, 6.665772313055088, 6.6657723130258955, 6.665772313038395, 6.665772313043931, 6.665772313040469, 6.665772313062725, 6.6657723130462365, 6.665772313020375, 6.665772313072692, 6.665772313077265, 6.665772313067464, 6.665772313026352, 6.665772313046142, 6.665772313040219, 6.665772313043714, 6.665772313036004, 6.665772313049192, 6.665772313031695, 6.6657723130600735, 6.6657723130568325, 6.66577231304386, 6.66577231304953, 6.66577231303173, 6.653801564008255, 6.6538015639963835, 6.653801564005201, 6.653801564013188, 6.65380156398159, 6.653801563997728, 6.653801563952417, 6.6538015639520705, 6.653801563936513, 6.653801564049221, 6.653801564062434, 6.6538015640098145, 6.653801564023187, 6.653801563997195, 6.653801563998245, 6.653801564033588, 6.653801563966677, 6.653801564036085, 6.653801564006228, 6.653801564026086, 6.653801564051582, 6.6538015640121575, 6.6538015640205295, 6.653801563962142, 6.65380156402198, 6.653801564078008, 6.653801563937288, 6.653801563933649, 6.6538015639574635, 6.653801564057641, 6.653801564008251, 6.653801564005438, 6.653801564013617, 6.653801564033194, 6.653801564002964, 6.653801564039387, 6.653801563976604, 6.653801563997259, 6.653801564000802, 6.653801564010778, 6.653801564034858, 6.657190108327637, 6.657190108303892, 6.657190108325276, 6.657190108318687, 6.657190108359802, 6.657190108338893, 6.657190108386528, 6.6571901083860645, 6.657190108398888, 6.657190108294347, 6.657190108281982, 6.657190108341081, 6.65719010830322, 6.657190108332139, 6.657190108332436, 6.657190108303874, 6.657190108365506, 6.657190108300328, 6.657190108330004, 6.657190108323496, 6.657190108295762, 6.6571901083295, 6.65719010831441, 6.657190108366101, 6.657190108314742, 6.657190108274493, 6.6571901083812595, 6.6571901083882015, 6.657190108371476, 6.657190108286899, 6.657190108327638, 6.657190108332872, 6.657190108316895, 6.657190108308212, 6.657190108336314, 6.657190108312235, 6.657190108342103, 6.65719010833768, 6.657190108334867, 6.6571901083242455, 6.657190108311575, 6.668592382165496, 6.668592382159644, 6.66859238215914, 6.668592382172124, 6.668592382144889, 6.668592382161651, 6.668592382146065, 6.668592382145071, 6.6685923821376605, 6.668592382184642, 6.668592382184387, 6.668592382153836, 6.668592382185375, 6.668592382171303, 6.668592382173645, 6.668592382179335, 6.668592382174178, 6.668592382171315, 6.66859238216542, 6.668592382160818, 6.66859238216948, 6.668592382166268, 6.668592382166931, 6.668592382170012, 6.6685923821585416, 6.668592382167605, 6.668592382163135, 6.668592382163414, 6.668592382160152, 6.6685923821702895, 6.66859238216548, 6.6685923821682085, 6.668592382170226, 6.668592382166603, 6.668592382163223, 6.6685923821677475, 6.668592382162772, 6.668592382165508, 6.668592382163954, 6.6685923821666195, 6.668592382165723, 6.665038726978962, 6.665038726975097, 6.665038726980654, 6.665038726985392, 6.665038726969608, 6.66503872696918, 6.665038726951772, 6.665038726951237, 6.665038726937621, 6.665038727001554, 6.665038727007859, 6.665038726964032, 6.665038727003221, 6.665038726974644, 6.665038726974942, 6.665038726992742, 6.665038726951207, 6.665038726997292, 6.665038726983116, 6.6650387269835685, 6.665038727003702, 6.665038726977585, 6.665038726987429, 6.665038726953024, 6.665038726992518, 6.6650387270155145, 6.665038726941611, 6.665038726938014, 6.665038726950607, 6.665038727005259, 6.665038726978968, 6.665038726977074, 6.665038726985525, 6.665038726994807, 6.6650387269750215, 6.66503872699323, 6.665038726964164, 6.665038726972979, 6.665038726976078, 6.665038726978272, 6.6650387269999225, 6.659106594843956, 6.659106594867113, 6.6591065948465555, 6.659106594832075, 6.659106594882492, 6.6591065948463175, 6.659106594899159, 6.659106594899162, 6.6591065949133865, 6.659106594791857, 6.659106594781119, 6.659106594863743, 6.659106594816127, 6.659106594842376, 6.659106594835878, 6.659106594819198, 6.659106594856201, 6.659106594823849, 6.659106594848424, 6.659106594839609, 6.659106594818124, 6.659106594844532, 6.659106594836207, 6.659106594864248, 6.659106594846015, 6.659106594801538, 6.659106594887074, 6.659106594892954, 6.65910659487853, 6.659106594810443, 6.659106594843959, 6.659106594846765, 6.659106594830881, 6.659106594817194, 6.659106594859652, 6.659106594811758, 6.659106594874741, 6.659106594860491, 6.659106594848124, 6.65910659484166, 6.659106594829699, 6.666583855720518, 6.666583855707145, 6.666583855713271, 6.6665838557254204, 6.666583855696143, 6.666583855730484, 6.666583855680889, 6.666583855679768, 6.666583855675058, 6.666583855750674, 6.6665838557569606, 6.666583855720111, 6.666583855723451, 6.6665838557177, 6.666583855721427, 6.66658385574207, 6.666583855709965, 6.666583855734935, 6.666583855709557, 6.6665838557333235, 6.666583855731149, 6.666583855721491, 6.666583855725853, 6.666583855706333, 6.666583855713276, 6.666583855744878, 6.666583855695148, 6.666583855692346, 6.666583855694272, 6.666583855744457, 6.666583855720522, 6.6665838557239585, 6.666583855722042, 6.6665838557287485, 6.66658385571729, 6.666583855730199, 6.666583855709898, 6.666583855714979, 6.6665838557166515, 6.666583855721894, 6.666583855725227, 6.668092194462772, 6.668092194465204, 6.66809219447849, 6.66809219447215, 6.668092194474881, 6.668092194464639, 6.668092194467306, 6.6680921944664115, 6.668092194454512, 6.668092194479321, 6.668092194481758, 6.668092194438598, 6.668092194478822, 6.668092194472672, 6.668092194476792, 6.668092194466203, 6.66809219447487, 6.668092194463873, 6.66809219446746, 6.668092194453134, 6.668092194466459, 6.66809219445724, 6.668092194462784, 6.66809219446134, 6.668092194459854, 6.668092194468537, 6.668092194456092, 6.668092194453005, 6.6680921944575235, 6.668092194465532, 6.668092194462775, 6.668092194457918, 6.668092194471685, 6.668092194481014, 6.668092194452453, 6.668092194477608, 6.668092194447392, 6.668092194453715, 6.668092194463674, 6.668092194460665, 6.668092194471104, 6.664140483552966, 6.664140483580232, 6.6641404835443705, 6.6641404835495095, 6.664140483558712, 6.664140483547319, 6.664140483580013, 6.6641404835790565, 6.664140483597128, 6.664140483515403, 6.664140483509535, 6.664140483572097, 6.6641404835268565, 6.664140483550757, 6.66414048354454, 6.66414048353334, 6.6641404835732345, 6.664140483535222, 6.664140483547472, 6.664140483547083, 6.664140483530724, 6.66414048355565, 6.664140483548395, 6.664140483569389, 6.664140483550642, 6.664140483517757, 6.664140483588552, 6.66414048359249, 6.664140483579406, 6.664140483526897, 6.664140483552957, 6.664140483558195, 6.6641404835464755, 6.664140483533758, 6.664140483559919, 6.664140483523003, 6.66414048358171, 6.664140483566233, 6.664140483552813, 6.664140483555727, 6.664140483528632, 6.6639073677252565, 6.663907367697337, 6.663907367715479, 6.663907367725824, 6.663907367706256, 6.663907367726922, 6.663907367690592, 6.663907367689002, 6.663907367694742, 6.663907367750309, 6.663907367758769, 6.663907367732872, 6.663907367720999, 6.6639073677071945, 6.663907367708033, 6.663907367729058, 6.663907367689401, 6.663907367737563, 6.663907367715467, 6.663907367750369, 6.663907367741977, 6.663907367727481, 6.663907367731958, 6.663907367695106, 6.66390736771807, 6.663907367762956, 6.663907367686145, 6.663907367683204, 6.663907367699199, 6.663907367750083, 6.663907367725252, 6.663907367726672, 6.663907367725268, 6.66390736773941, 6.66390736772261, 6.663907367741486, 6.663907367708019, 6.663907367715227, 6.663907367724868, 6.663907367723763, 6.663907367741946, 6.666382930691135, 6.666382930697668, 6.666382930721949, 6.666382930692067, 6.666382930710894, 6.666382930689916, 6.666382930712119, 6.666382930711058, 6.666382930701025, 6.66638293068884, 6.666382930685519, 6.666382930666259, 6.666382930705562, 6.666382930718159, 6.66638293071444, 6.666382930694518, 6.666382930698449, 6.666382930689347, 6.666382930710569, 6.666382930674427, 6.666382930695716, 6.666382930681277, 6.666382930688069, 6.666382930696704, 6.666382930693437, 6.666382930683152, 6.66638293069848, 6.6663829306980515, 6.666382930706608, 6.666382930675123, 6.6663829306911335, 6.66638293067927, 6.666382930695887, 6.666382930701088, 6.666382930681817, 6.666382930697043, 6.666382930684942, 6.666382930689666, 6.666382930691123, 6.666382930691676, 6.666382930693216, 6.666138239479662]
Total optimisation time observed during ADAM optimization: 1322.950239 seconds
Median time per evaluation during ADAM optimization: 2.639686 seconds
6.666138239479662
QAOA optimisation for n=6 took 1356.33 seconds; started at 1777621121.090403 and finished at 1777622477.416827
Finished QAOA for n=10 nodes, m=15 edges at 2026-05-01 10:01:17 on Apple M4. Time taken: 1356.33 seconds. Hours: 0.38 hours. Peak RAM: 377.56 MB.
Unknown graph type for approximation ratio calculation; skipping approx ratio computation.
CSV writing for n=6 took 0.00 seconds; started at 1777622477.4168289 and finished at 1777622477.417326
results: {6: 6.666138239479662}
durations: {10: 1356.326426744461}
Results saved to: logs/adam/qaoa_results_adam_20260430_200911.csv
Global end time: 1777622477.41733
Finalisation time: 0.00 seconds; started at 1777622477.4173272 and finished at 1777622477.417332
Sum of all section times: 1356.50 seconds
