2026-05-01 07:13:10.506 system_profiler[96132:2716162] hw.cpufamily: 0x6f5129ac
Starting QAOA benchmark with global start time: 1777612390.427223
Benchmark parameters: {'optimiser': 'adam', 'circuit_type': 'hamqaoa', 'parameter_vector': [1, 1, 1], 'iterations_list': [50, 100, 200, 500], 'learning_rate_adam': 0.05, 'depth_list': [1, 2, 5, 10], 'n_start': 0, 'n_end': 30, 'singlet_injection': False, 'start_index_singlet': 0, 'warm_start': True, 'compare_with_010101': False, 'warm_start_correlations': False, 'init_QAOAparams_close_to_zero': False, 'use_correlations_as_initial_params': False, 'time_limit': 10800, 'failed_instance_termination_thrsh': 10, 'graph_generation_type': 'HOG', 'weighted': False, 'easiest_first': True, 'cpu_util_threshold': 90, 'debug': False, 'save_circuit_svg': False, 'rerun_exclude_finished_instances': False, 'optimiser_debug_iterations': 1, 'relative_graph_adjList_path': '/Users/julian_dev/Projects/MasterThesis/QAOA/HOG_graphs/list_27_graphs_adjacency_list.txt'}, Running QAOA with equal superposition
Benchmark run ID: e2b75cf9
Processor: Apple M4
Hostname: Mac-mini-som-tillhor-Julian.local
Total RAM (GB): 16.0
Physical cores: 10
Logical cores: 10
Python version: 3.13.1
Initialisation time: 0.10 seconds; started at {'initialisation': 0.09600687026977539} and finished at 1777612390.523238
Loaded HOG graph index 16 with 15 edges.
Instance generation for n=16 took 0.00 seconds; started at 1777612390.5232441 and finished at 1777612390.523531
Running QAOA for n=10 nodes, m=15 edges...; Max iterations: 500
Warm-start: using parameter_vector=[1, 1, 1]
Warm-start: starting SDP solve for n_vertices=10
Starting SDP solve (solver preference: MOSEK, fallback: SCS) for n_vertices=10, matrix_dim=30, edges=15
Finished SDP solve with MOSEK. status=optimal. elapsed_seconds=0.07
Rounding...
n_vertices: 10 for n = 30
Using seed None to generate random matrix for x.
r_0: [-0.21267922 -0.52243114 -0.82573195]
Product state qubit 0: [[ 0.08713402+0.j         -0.10633961+0.26121557j]
 [-0.10633961-0.26121557j  0.91286598+0.j        ]]
Diagonal entries of product state 0: [0.08713402 0.91286598]
r_1: [0.21267798 0.52243661 0.82572881]
Product state qubit 1: [[0.9128644 +0.j        0.10633899-0.2612183j]
 [0.10633899+0.2612183j 0.0871356 +0.j       ]]
Diagonal entries of product state 1: [0.9128644 0.0871356]
r_2: [-0.28904389  0.61703083  0.73193345]
Product state qubit 2: [[ 0.86596673+0.j         -0.14452194-0.30851542j]
 [-0.14452194+0.30851542j  0.13403327+0.j        ]]
Diagonal entries of product state 2: [0.86596673 0.13403327]
r_3: [ 0.95121819 -0.09711531  0.29283541]
Product state qubit 3: [[0.6464177 +0.j         0.47560909+0.04855765j]
 [0.47560909-0.04855765j 0.3535823 +0.j        ]]
Diagonal entries of product state 3: [0.6464177 0.3535823]
r_4: [ 0.93087582 -0.35669373 -0.07899231]
Product state qubit 4: [[0.46050384+0.j         0.46543791+0.17834686j]
 [0.46543791-0.17834686j 0.53949616+0.j        ]]
Diagonal entries of product state 4: [0.46050384 0.53949616]
r_5: [-0.78405843  0.50802759  0.3565955 ]
Product state qubit 5: [[ 0.67829775+0.j         -0.39202921-0.25401379j]
 [-0.39202921+0.25401379j  0.32170225+0.j        ]]
Diagonal entries of product state 5: [0.67829775 0.32170225]
r_6: [-0.93087506  0.35669508  0.07899525]
Product state qubit 6: [[ 0.53949762+0.j         -0.46543753-0.17834754j]
 [-0.46543753+0.17834754j  0.46050238+0.j        ]]
Diagonal entries of product state 6: [0.53949762 0.46050238]
r_7: [ 0.78403531 -0.50803812 -0.35663132]
Product state qubit 7: [[0.32168434+0.j         0.39201765+0.25401906j]
 [0.39201765-0.25401906j 0.67831566+0.j        ]]
Diagonal entries of product state 7: [0.32168434 0.67831566]
r_8: [-0.95122918  0.09714387 -0.29279021]
Product state qubit 8: [[ 0.35360489+0.j         -0.47561459-0.04857193j]
 [-0.47561459+0.04857193j  0.64639511+0.j        ]]
Diagonal entries of product state 8: [0.35360489 0.64639511]
r_9: [ 0.28906186 -0.61703423 -0.7319235 ]
Product state qubit 9: [[0.13403825+0.j         0.14453093+0.30851711j]
 [0.14453093-0.30851711j 0.86596175+0.j        ]]
Diagonal entries of product state 9: [0.13403825 0.86596175]
y_scalar: False
[-1, 1, 1, 1, -1, 1, 1, -1, -1, -1]
Hamiltonian equals product state? [[False False False False]
 [False False False False]
 [False False False False]
 [False False False False]]
Hamiltonian: [[ 0. +0.j  0. +0.j  0. +0.j  0. +0.j]
 [ 0. +0.j  0.5+0.j -0.5+0.j  0. +0.j]
 [ 0. +0.j -0.5+0.j  0.5+0.j  0. +0.j]
 [ 0. +0.j  0. +0.j  0. +0.j  0. +0.j]], product state: [[ 0.27856793+0.j          0.33947425+0.21997205j -0.04649045-0.09924458j
   0.02171364-0.15765482j]
 [ 0.33947425-0.21997205j  0.58739879+0.j         -0.13502395-0.08423216j
  -0.0980315 -0.20927084j]
 [-0.04649045+0.09924458j -0.13502395+0.08423216j  0.0431164 +0.j
   0.05254341+0.03404701j]
 [ 0.02171364+0.15765482j -0.0980315 +0.20927084j  0.05254341-0.03404701j
   0.09091687+0.j        ]]
Hamiltonian equals product state? [[False False False False]
 [False False False False]
 [False False False False]
 [False False False False]]
Hamiltonian: [[ 0. +0.j  0. +0.j  0. +0.j  0. +0.j]
 [ 0. +0.j  0.5+0.j -0.5+0.j  0. +0.j]
 [ 0. +0.j -0.5+0.j  0.5+0.j  0. +0.j]
 [ 0. +0.j  0. +0.j  0. +0.j  0. +0.j]], product state: [[ 0.07954155+0.00000000e+00j  0.00926574-2.27610021e-02j
  -0.09707365+2.38454395e-01j  0.05692624+5.55552531e-02j]
 [ 0.00926574+2.27610021e-02j  0.00759248+0.00000000e+00j
  -0.07954234-4.52293191e-07j -0.00926597+2.27611742e-02j]
 [-0.09707365-2.38454395e-01j -0.07954234+4.52293191e-07j
   0.83332285+0.00000000e+00j  0.09707325-2.38457302e-01j]
 [ 0.05692624-5.55552531e-02j -0.00926597-2.27611742e-02j
   0.09707325+2.38457302e-01j  0.07954312+0.00000000e+00j]]
Hamiltonian equals product state? [[False False False False]
 [False False False False]
 [False False False False]
 [False False False False]]
Hamiltonian: [[ 0. +0.j  0. +0.j  0. +0.j  0. +0.j]
 [ 0. +0.j  0.5+0.j -0.5+0.j  0. +0.j]
 [ 0. +0.j -0.5+0.j  0.5+0.j  0. +0.j]
 [ 0. +0.j  0. +0.j  0. +0.j  0. +0.j]], product state: [[ 0.12235875+0.j          0.13193714+0.28163429j  0.01425349-0.03501324j
   0.09595959-0.00494672j]
 [ 0.13193714-0.28163429j  0.79050565+0.j         -0.06522104-0.07056152j
   0.0920855 -0.22620506j]
 [ 0.01425349+0.03501324j -0.06522104+0.07056152j  0.0116795 +0.j
   0.01259379+0.02688282j]
 [ 0.09595959+0.00494672j  0.0920855 +0.22620506j  0.01259379-0.02688282j
   0.07545609+0.j        ]]
Hamiltonian equals product state? [[False False False False]
 [False False False False]
 [False False False False]
 [False False False False]]
Hamiltonian: [[ 0. +0.j  0. +0.j  0. +0.j  0. +0.j]
 [ 0. +0.j  0.5+0.j -0.5+0.j  0. +0.j]
 [ 0. +0.j -0.5+0.j  0.5+0.j  0. +0.j]
 [ 0. +0.j  0. +0.j  0. +0.j  0. +0.j]], product state: [[ 0.43846367+0.j         -0.25341462-0.16419901j  0.32260458+0.03293655j
  -0.17411835-0.13984729j]
 [-0.25341462+0.16419901j  0.20795403+0.j         -0.19878697+0.10177525j
   0.15300452+0.01562111j]
 [ 0.32260458-0.03293655j -0.19878697-0.10177525j  0.23983408+0.j
  -0.13861459-0.08981478j]
 [-0.17411835+0.13984729j  0.15300452-0.01562111j -0.13861459+0.08981478j
   0.11374822+0.j        ]]
Hamiltonian equals product state? [[False False False False]
 [False False False False]
 [False False False False]
 [False False False False]]
Hamiltonian: [[ 0. +0.j  0. +0.j  0. +0.j  0. +0.j]
 [ 0. +0.j  0.5+0.j -0.5+0.j  0. +0.j]
 [ 0. +0.j -0.5+0.j  0.5+0.j  0. +0.j]
 [ 0. +0.j  0. +0.j  0. +0.j  0. +0.j]], product state: [[ 0.11607267+0.00000000e+00j  0.12515897+2.67165556e-01j
  -0.01937147-4.13528673e-02j  0.0742944 -8.91775124e-02j]
 [ 0.12515897-2.67165556e-01j  0.74989406+0.00000000e+00j
  -0.11607018-2.52663086e-06j -0.12515047-2.67162550e-01j]
 [-0.01937147+4.13528673e-02j -0.11607018+2.52663086e-06j
   0.01796559+0.00000000e+00j  0.01937195+4.13515586e-02j]
 [ 0.0742944 +8.91775124e-02j -0.12515047+2.67162550e-01j
   0.01937195-4.13515586e-02j  0.11606769+0.00000000e+00j]]
Hamiltonian equals product state? [[False False False False]
 [False False False False]
 [False False False False]
 [False False False False]]
Hamiltonian: [[ 0. +0.j  0. +0.j  0. +0.j  0. +0.j]
 [ 0. +0.j  0.5+0.j -0.5+0.j  0. +0.j]
 [ 0. +0.j -0.5+0.j  0.5+0.j  0. +0.j]
 [ 0. +0.j  0. +0.j  0. +0.j  0. +0.j]], product state: [[ 0.05632498+0.j          0.04144173+0.00423102j -0.06873981+0.16885437j
  -0.0632601 +0.1190729j ]
 [ 0.04144173-0.00423102j  0.03080905+0.j         -0.03789207+0.1294001j
  -0.0375998 +0.0923612j ]
 [-0.06873981-0.16885437j -0.03789207-0.1294001j   0.59009273+0.j
   0.43416736+0.04432663j]
 [-0.0632601 -0.1190729j  -0.0375998 -0.0923612j   0.43416736-0.04432663j
   0.32277325+0.j        ]]
Hamiltonian equals product state? [[False False False False]
 [False False False False]
 [False False False False]
 [False False False False]]
Hamiltonian: [[ 0. +0.j  0. +0.j  0. +0.j  0. +0.j]
 [ 0. +0.j  0.5+0.j -0.5+0.j  0. +0.j]
 [ 0. +0.j -0.5+0.j  0.5+0.j  0. +0.j]
 [ 0. +0.j  0. +0.j  0. +0.j  0. +0.j]], product state: [[ 0.24844073+0.00000000e+00j -0.21433577-8.21297267e-02j
   0.25110265+9.62177095e-02j -0.18482455-1.66019029e-01j]
 [-0.21433577+8.21297267e-02j  0.21206312+0.00000000e+00j
  -0.24844   +3.81419219e-07j  0.21433526+8.21291551e-02j]
 [ 0.25110265-9.62177095e-02j -0.24844   -3.81419219e-07j
   0.29105689+0.00000000e+00j -0.25110176-9.62178108e-02j]
 [-0.18482455+1.66019029e-01j  0.21433526-8.21291551e-02j
  -0.25110176+9.62178108e-02j  0.24843926+0.00000000e+00j]]
Hamiltonian equals product state? [[False False False False]
 [False False False False]
 [False False False False]
 [False False False False]]
Hamiltonian: [[ 0. +0.j  0. +0.j  0. +0.j  0. +0.j]
 [ 0. +0.j  0.5+0.j -0.5+0.j  0. +0.j]
 [ 0. +0.j -0.5+0.j  0.5+0.j  0. +0.j]
 [ 0. +0.j  0. +0.j  0. +0.j  0. +0.j]], product state: [[ 0.32279332+0.j         -0.43417163-0.04433959j  0.03760199-0.09236807j
  -0.06326425+0.11907415j]
 [-0.43417163+0.04433959j  0.59007108+0.j         -0.0378885 +0.12940433j
   0.068737  -0.16885023j]
 [ 0.03760199+0.09236807j -0.0378885 -0.12940433j  0.03081157+0.j
  -0.04144296-0.00423234j]
 [-0.06326425-0.11907415j  0.068737  +0.16885023j -0.04144296+0.00423234j
   0.05632402+0.j        ]]
Hamiltonian equals product state? [[False False False False]
 [False False False False]
 [False False False False]
 [False False False False]]
Hamiltonian: [[ 0. +0.j  0. +0.j  0. +0.j  0. +0.j]
 [ 0. +0.j  0.5+0.j -0.5+0.j  0. +0.j]
 [ 0. +0.j -0.5+0.j  0.5+0.j  0. +0.j]
 [ 0. +0.j  0. +0.j  0. +0.j  0. +0.j]], product state: [[ 0.11374916+0.j         -0.15299777-0.01562483j  0.13861936+0.08982238j
  -0.17411112-0.13985623j]
 [-0.15299777+0.01562483j  0.20793518+0.j         -0.19878751-0.10177412j
   0.25339829+0.16419668j]
 [ 0.13861936-0.08982238j -0.19878751+0.10177412j  0.23985574+0.j
  -0.32261683-0.0329471j ]
 [-0.17411112+0.13985623j  0.25339829-0.16419668j -0.32261683+0.0329471j
   0.43845992+0.j        ]]
Hamiltonian equals product state? [[False False False False]
 [False False False False]
 [False False False False]
 [False False False False]]
Hamiltonian: [[ 0. +0.j  0. +0.j  0. +0.j  0. +0.j]
 [ 0. +0.j  0.5+0.j -0.5+0.j  0. +0.j]
 [ 0. +0.j -0.5+0.j  0.5+0.j  0. +0.j]
 [ 0. +0.j  0. +0.j  0. +0.j  0. +0.j]], product state: [[ 0.31235872+0.j         -0.18053096-0.11697433j  0.31570549+0.12097228j
  -0.1371627 -0.18814483j]
 [-0.18053096+0.11697433j  0.14814512+0.j         -0.22776782+0.04831047j
   0.14973242+0.05737459j]
 [ 0.31570549-0.12097228j -0.22776782-0.04831047j  0.36593903+0.j
  -0.21149825-0.13703947j]
 [-0.1371627 +0.18814483j  0.14973242-0.05737459j -0.21149825+0.13703947j
   0.17355713+0.j        ]]
Hamiltonian equals product state? [[False False False False]
 [False False False False]
 [False False False False]
 [False False False False]]
Hamiltonian: [[ 0. +0.j  0. +0.j  0. +0.j  0. +0.j]
 [ 0. +0.j  0.5+0.j -0.5+0.j  0. +0.j]
 [ 0. +0.j -0.5+0.j  0.5+0.j  0. +0.j]
 [ 0. +0.j  0. +0.j  0. +0.j  0. +0.j]], product state: [[ 0.09091784+0.j          0.098035  +0.20926646j -0.05254691-0.03404757j
   0.02170726-0.15766057j]
 [ 0.098035  -0.20926646j  0.5873799 +0.j         -0.13502795+0.08423487j
  -0.3394823 -0.21996623j]
 [-0.05254691+0.03404757j -0.13502795-0.08423487j  0.04312041+0.j
   0.04649593+0.09925065j]
 [ 0.02170726+0.15766057j -0.3394823 +0.21996623j  0.04649593-0.09925065j
   0.27858184+0.j        ]]
Hamiltonian equals product state? [[False False False False]
 [False False False False]
 [False False False False]
 [False False False False]]
Hamiltonian: [[ 0. +0.j  0. +0.j  0. +0.j  0. +0.j]
 [ 0. +0.j  0.5+0.j -0.5+0.j  0. +0.j]
 [ 0. +0.j -0.5+0.j  0.5+0.j  0. +0.j]
 [ 0. +0.j  0. +0.j  0. +0.j  0. +0.j]], product state: [[ 0.16283641+0.j         -0.21902235-0.02236756j  0.16458112+0.06306432j
  -0.21270641-0.10743159j]
 [-0.21902235+0.02236756j  0.29766743+0.j         -0.23003171-0.06221715j
   0.30085679+0.11528254j]
 [ 0.16458112-0.06306432j -0.23003171+0.06221715j  0.19076848+0.j
  -0.25659224-0.02620437j]
 [-0.21270641+0.10743159j  0.30085679-0.11528254j -0.25659224+0.02620437j
   0.34872767+0.j        ]]
Hamiltonian equals product state? [[False False False False]
 [False False False False]
 [False False False False]
 [False False False False]]
Hamiltonian: [[ 0. +0.j  0. +0.j  0. +0.j  0. +0.j]
 [ 0. +0.j  0.5+0.j -0.5+0.j  0. +0.j]
 [ 0. +0.j -0.5+0.j  0.5+0.j  0. +0.j]
 [ 0. +0.j  0. +0.j  0. +0.j  0. +0.j]], product state: [[ 0.07545517+0.j         -0.01259278-0.02688219j -0.09208656+0.22620399j
   0.09595744-0.00494397j]
 [-0.01259278+0.02688219j  0.01167886+0.j         -0.06522062-0.07055879j
  -0.01425305+0.03501158j]
 [-0.09208656-0.22620399j -0.06522062+0.07055879j  0.79051156+0.j
  -0.13192916-0.28163323j]
 [ 0.09595744+0.00494397j -0.01425305-0.03501158j -0.13192916+0.28163323j
   0.12235441+0.j        ]]
Hamiltonian equals product state? [[False False False False]
 [False False False False]
 [False False False False]
 [False False False False]]
Hamiltonian: [[ 0. +0.j  0. +0.j  0. +0.j  0. +0.j]
 [ 0. +0.j  0.5+0.j -0.5+0.j  0. +0.j]
 [ 0. +0.j -0.5+0.j  0.5+0.j  0. +0.j]
 [ 0. +0.j  0. +0.j  0. +0.j  0. +0.j]], product state: [[ 0.34874081+0.j         -0.30086706-0.11528701j  0.25658998+0.02619674j
  -0.21270618-0.10742426j]
 [-0.30086706+0.11528701j  0.29767689+0.j         -0.23002646+0.06222316j
   0.21901912+0.02236091j]
 [ 0.25658998-0.02619674j -0.23002646-0.06222316j  0.19075681+0.j
  -0.16457047-0.06306053j]
 [-0.21270618+0.10742426j  0.21901912-0.02236091j -0.16457047+0.06306053j
   0.16282549+0.j        ]]
Hamiltonian equals product state? [[False False False False]
 [False False False False]
 [False False False False]
 [False False False False]]
Hamiltonian: [[ 0. +0.j  0. +0.j  0. +0.j  0. +0.j]
 [ 0. +0.j  0.5+0.j -0.5+0.j  0. +0.j]
 [ 0. +0.j -0.5+0.j  0.5+0.j  0. +0.j]
 [ 0. +0.j  0. +0.j  0. +0.j  0. +0.j]], product state: [[ 0.17354794+0.j          0.21149259+0.13704268j -0.14972396-0.05737161j
  -0.13715605-0.18814539j]
 [ 0.21149259-0.13704268j  0.36594969+0.j         -0.2277634 +0.04831462j
  -0.31571357-0.12097593j]
 [-0.14972396+0.05737161j -0.2277634 -0.04831462j  0.1481364 +0.j
   0.18052506+0.11697638j]
 [-0.13715605+0.18814539j -0.31571357+0.12097593j  0.18052506-0.11697638j
   0.31236597+0.j        ]]
Energy of rounded cut: 6.7933352201000705
Check the cut: [-1, 1, 1, 1, -1, 1, 1, -1, -1, -1]
11 in cut out of a total of 15 edges
Warm-start: SDP solve + rounding finished in 0.08 seconds
Warm-start: statevector build finished in 0.00 seconds
warm_start_correlations: None
Edges: [(2, 7), (0, 1), (1, 9), (3, 5), (2, 9), (0, 3), (4, 6), (1, 8), (7, 8), (4, 5), (5, 9), (4, 8), (0, 2), (3, 6), (6, 7)], weights: [1.0, 1.0, 1.0, 1.0, 1.0, 1.0, 1.0, 1.0, 1.0, 1.0, 1.0, 1.0, 1.0, 1.0, 1.0], set of nodes: {0, 1, 2, 3, 4, 5, 6, 7, 8, 9}, n: 10 nodes, p: 5 layers, N_bayes: 500 iterations
Initial state injected as warm start
Initial state energy for vector-normalised SDP solution used as warm start: 4.402482171696574
Running ADAM optimization with a single iteration (no debug loop)
ADAM optimizer configured with maxiter=500 and learning_rate=0.05
Generated 4 random initial parameter sets for ADAM optimization
Using random initial parameters with:
Param_type 1:  [ 3.09010648 -2.9544869   2.57583502 -1.69569226 -1.78495602]
Param_type 2:  [ 2.10372973 -0.21724774  1.06003815 -1.12926046 -1.38821488]
Param_type 3:  [ 2.97801592  2.94575407  2.32944573 -2.49565019 -1.65136272]
Param_type 4:  [ 2.89425838 -2.86918309 -2.83664353 -1.97133069 -2.04235457]
Energies observed during ADAM optimization: [3.5868609379054877, 3.586860937794778, 3.5868609378691123, 3.5868609379448215, 3.58686093797477, 3.5868609379498215, 3.586860937823516, 3.5868609376979483, 3.586860937903737, 3.586860937952647, 3.5868609379715655, 3.586860937982115, 3.5868609379860112, 3.5868609378890497, 3.586860937928094, 3.586860937905497, 3.58686093780296, 3.5868609378618665, 3.5868609378737975, 3.5868609378260286, 3.58686093797223, 4.171371552265171, 4.171371552251712, 4.17137155227989, 4.171371552316531, 4.171371552304881, 4.171371552353296, 4.17137155224655, 4.17137155202482, 4.17137155223341, 4.171371552308126, 4.171371552312674, 4.17137155228603, 4.171371552299842, 4.171371552266972, 4.171371552298097, 4.171371552265162, 4.171371552096717, 4.171371552236918, 4.171371552220918, 4.171371552251057, 4.171371552259734, 4.418702810255847, 4.418702810376974, 4.418702810310811, 4.418702810285446, 4.4187028101354215, 4.418702810252375, 4.4187028103019115, 4.418702810034459, 4.4187028102065735, 4.418702810276624, 4.418702810296927, 4.418702810211732, 4.418702810237125, 4.418702810298448, 4.418702810268898, 4.418702810255851, 4.4187028100982495, 4.418702810296068, 4.418702810204087, 4.418702810332136, 4.418702810139538, 4.731402317168313, 4.731402317394077, 4.731402317292801, 4.731402317277857, 4.731402317003701, 4.731402317048002, 4.731402317205053, 4.731402316946494, 4.7314023171373485, 4.731402317207019, 4.731402317223344, 4.7314023171191675, 4.731402317147899, 4.731402317245069, 4.731402317151345, 4.73140231716831, 4.731402317058745, 4.731402317245904, 4.731402317174271, 4.73140231722403, 4.731402317057511, 5.129746978768776, 5.129746978915242, 5.1297469788711885, 5.129746978902503, 5.129746978688258, 5.129746978558107, 5.1297469788232295, 5.129746978677665, 5.129746978823627, 5.129746978846526, 5.129746978800568, 5.129746978741452, 5.129746978755834, 5.129746978830146, 5.129746978718705, 5.129746978768778, 5.129746978751936, 5.129746978818616, 5.12974697884901, 5.129746978780117, 5.12974697872789, 5.29311443131547, 5.293114431165369, 5.293114431203034, 5.293114431319563, 5.293114431309518, 5.293114431093772, 5.2931144314204746, 5.2931144314280525, 5.2931144314301175, 5.293114431442694, 5.293114431276179, 5.293114431328941, 5.293114431314116, 5.29311443134362, 5.293114431268856, 5.2931144313154705, 5.29311443138111, 5.293114431278368, 5.293114431420745, 5.293114431323765, 5.293114431336301, 5.3092931074898155, 5.309293107171988, 5.309293107282106, 5.309293107405084, 5.309293107505746, 5.309293107339763, 5.309293107616777, 5.309293107701042, 5.309293107610015, 5.309293107635791, 5.309293107384231, 5.3092931075256455, 5.309293107497532, 5.309293107494513, 5.309293107465154, 5.309293107489804, 5.3092931076001895, 5.309293107393648, 5.309293107611861, 5.309293107514939, 5.309293107541048, 5.482724464721069, 5.4827244644305715, 5.482724464572678, 5.482724464664823, 5.482724464786052, 5.482724464703337, 5.482724464830786, 5.482724464927715, 5.482724464802079, 5.482724464864789, 5.482724464592817, 5.482724464757203, 5.48272446473354, 5.482724464700522, 5.482724464723219, 5.4827244647210645, 5.482724464873345, 5.482724464631353, 5.482724464867459, 5.482724464748621, 5.482724464783276, 5.688419492422755, 5.688419492274701, 5.688419492379577, 5.688419492449299, 5.688419492546099, 5.688419492557395, 5.688419492487184, 5.688419492551666, 5.688419492432329, 5.688419492533307, 5.6884194923172755, 5.688419492433009, 5.688419492434386, 5.688419492366284, 5.688419492449053, 5.68841949242276, 5.688419492597546, 5.688419492373807, 5.688419492573209, 5.688419492438609, 5.688419492480305, 5.812455454977091, 5.812455455016242, 5.8124554550200465, 5.812455455065849, 5.81245545511403, 5.812455455186494, 5.812455454988549, 5.812455454991082, 5.812455454922555, 5.812455455022865, 5.812455454929132, 5.812455454946451, 5.812455454973296, 5.8124554549025325, 5.812455455016418, 5.812455454977079, 5.8124554551276795, 5.812455454970688, 5.812455455089466, 5.812455454979856, 5.812455455008078, 5.853281494050062, 5.853281494238567, 5.853281494115128, 5.853281494139863, 5.853281494144279, 5.853281494222905, 5.853281494028209, 5.853281493967753, 5.853281493964198, 5.8532814940273665, 5.853281494070602, 5.853281493987861, 5.853281494014542, 5.853281493990054, 5.853281494095941, 5.853281494050048, 5.853281494144799, 5.853281494074431, 5.853281494089792, 5.8532814940416324, 5.853281494047978, 5.8452542695201455, 5.845254269771756, 5.8452542695398435, 5.845254269558637, 5.845254269526814, 5.845254269591271, 5.845254269487018, 5.845254269386332, 5.845254269429199, 5.845254269449736, 5.845254269593454, 5.845254269445724, 5.845254269450703, 5.845254269489927, 5.84525426957092, 5.845254269520153, 5.845254269560347, 5.845254269563613, 5.845254269478232, 5.845254269500762, 5.845254269498702, 5.830127671350514, 5.830127671586708, 5.830127671300906, 5.830127671321176, 5.830127671259308, 5.8301276713115415, 5.830127671315224, 5.830127671210305, 5.830127671274311, 5.830127671257182, 5.830127671444864, 5.830127671277673, 5.830127671257326, 5.830127671346852, 5.830127671401353, 5.830127671350523, 5.830127671351053, 5.830127671397444, 5.830127671248626, 5.830127671323803, 5.830127671326074, 5.8546460317309865, 5.85464603190741, 5.854646031642763, 5.854646031654349, 5.854646031585337, 5.854646031622206, 5.854646031697003, 5.854646031624758, 5.854646031691779, 5.854646031626799, 5.8546460318134335, 5.854646031668564, 5.854646031625613, 5.854646031748429, 5.854646031770918, 5.8546460317309785, 5.85464603170868, 5.854646031765618, 5.854646031612894, 5.854646031704757, 5.8546460317133215, 5.9290661216165255, 5.9290661217190195, 5.929066121544231, 5.929066121528184, 5.929066121481566, 5.929066121495835, 5.929066121585642, 5.929066121572672, 5.929066121634186, 5.929066121503461, 5.929066121662296, 5.929066121576551, 5.929066121508329, 5.929066121655306, 5.929066121633507, 5.929066121616523, 5.929066121592984, 5.929066121633234, 5.929066121525057, 5.929066121596948, 5.929066121613165, 6.005547504637919, 6.005547504675512, 6.0055475046236815, 6.005547504569454, 6.005547504559876, 6.005547504551461, 6.005547504610303, 6.005547504660626, 6.005547504715427, 6.00554750452055, 6.005547504636656, 6.00554750463353, 6.005547504537054, 6.00554750469705, 6.005547504628104, 6.005547504637915, 6.005547504633938, 6.005547504641433, 6.005547504597869, 6.0055475046269216, 6.005547504654179, 6.051649969268844, 6.051649969264677, 6.051649969318694, 6.051649969239303, 6.05164996925955, 6.051649969240349, 6.051649969242026, 6.051649969331881, 6.0516499693804064, 6.051649969160177, 6.051649969226355, 6.051649969302398, 6.051649969186243, 6.051649969338295, 6.051649969242694, 6.0516499692688335, 6.051649969291492, 6.051649969265918, 6.051649969279836, 6.051649969266851, 6.0516499693019545, 6.081522083353464, 6.081522083319545, 6.081522083436141, 6.081522083363587, 6.081522083392876, 6.081522083384182, 6.081522083324854, 6.081522083416243, 6.081522083454661, 6.081522083271933, 6.081522083283346, 6.081522083411063, 6.081522083298848, 6.08152208341537, 6.081522083329754, 6.081522083353463, 6.081522083393045, 6.081522083346344, 6.081522083394336, 6.081522083361769, 6.081522083393261, 6.108351842974619, 6.108351842902075, 6.108351843046457, 6.108351843007361, 6.108351843021873, 6.10835184304884, 6.108351842946678, 6.108351843004288, 6.108351843025204, 6.108351842939598, 6.108351842891827, 6.108351843031682, 6.1083518429566235, 6.108351843008056, 6.108351842967704, 6.108351842974627, 6.1083518430137715, 6.108351842964443, 6.108351843016587, 6.108351842993635, 6.108351843010244, 6.116101747438837, 6.116101747315766, 6.1161017474693855, 6.116101747469318, 6.116101747450375, 6.116101747533928, 6.1161017474195205, 6.116101747422266, 6.116101747419139, 6.116101747462652, 6.116101747359539, 6.116101747469158, 6.116101747462444, 6.116101747425397, 6.116101747451237, 6.116101747438831, 6.116101747458911, 6.116101747427761, 6.11610174745784, 6.116101747465151, 6.116101747462875, 6.097109409705644, 6.097109409544911, 6.097109409693268, 6.097109409720178, 6.097109409671, 6.097109409803693, 6.097109409701543, 6.0971094096547445, 6.097109409626923, 6.097109409780761, 6.09710940964368, 6.0971094096967136, 6.097109409762126, 6.097109409645159, 6.097109409728857, 6.097109409705649, 6.097109409691841, 6.097109409693965, 6.0971094096928224, 6.0971094097331955, 6.097109409715574, 6.087598841206139, 6.087598841052435, 6.0875988411750805, 6.087598841213364, 6.087598841166306, 6.087598841291992, 6.087598841213977, 6.087598841147466, 6.087598841105784, 6.087598841305274, 6.087598841167558, 6.087598841171263, 6.087598841270335, 6.08759884112671, 6.087598841227622, 6.087598841206137, 6.08759884115738, 6.087598841192357, 6.0875988411705455, 6.087598841228513, 6.08759884120566, 6.108054581901991, 6.108054581802426, 6.108054581882917, 6.108054581918419, 6.108054581910714, 6.108054581955848, 6.108054581911665, 6.108054581857828, 6.108054581820153, 6.108054581996273, 6.108054581886702, 6.10805458186807, 6.108054581947877, 6.108054581839542, 6.108054581912118, 6.108054581901992, 6.108054581832335, 6.108054581885793, 6.108054581861285, 6.108054581911957, 6.108054581900436, 6.130044108858972, 6.130044108831499, 6.1300441088678514, 6.13004410888655, 6.130044108932625, 6.130044108863954, 6.130044108863051, 6.130044108839741, 6.130044108821874, 6.130044108931399, 6.130044108864759, 6.130044108849466, 6.13004410887472, 6.1300441088342295, 6.130044108853213, 6.1300441088589706, 6.130044108789538, 6.130044108843465, 6.130044108828405, 6.130044108851294, 6.13004410886444, 6.132012318570414, 6.132012318596841, 6.132012318596456, 6.1320123185897275, 6.132012318673972, 6.132012318524937, 6.132012318569057, 6.132012318573445, 6.132012318582816, 6.132012318618797, 6.1320123185936675, 6.13201231859564, 6.132012318561588, 6.1320123185829924, 6.132012318549176, 6.132012318570402, 6.132012318520022, 6.132012318561386, 6.132012318557237, 6.132012318547695, 6.132012318581996, 6.12375561120075, 6.123755611248203, 6.123755611218511, 6.123755611188616, 6.123755611280544, 6.1237556111211155, 6.123755611199875, 6.1237556112141425, 6.123755611246093, 6.123755611231597, 6.1237556112366, 6.1237556112538005, 6.123755611181443, 6.123755611236203, 6.1237556111676295, 6.123755611200747, 6.123755611177086, 6.12375561120243, 6.123755611205181, 6.123755611173175, 6.12375561120913, 6.12013267642673, 6.120132676471551, 6.120132676420936, 6.120132676377023, 6.120132676448115, 6.120132676337895, 6.120132676432644, 6.120132676437562, 6.120132676477029, 6.120132676447881, 6.120132676470605, 6.120132676486448, 6.120132676409486, 6.120132676465427, 6.120132676386628, 6.120132676426731, 6.120132676424821, 6.120132676438929, 6.120132676444828, 6.120132676403771, 6.120132676423458, 6.12618054001419, 6.126180540050959, 6.126180539992927, 6.126180539942937, 6.1261805399779705, 6.1261805399400835, 6.126180540029716, 6.126180540016674, 6.12618054004425, 6.126180540029406, 6.126180540061831, 6.126180540055488, 6.126180540005738, 6.12618054003778, 6.12618053997198, 6.126180540014188, 6.126180540023013, 6.126180540032602, 6.126180540040586, 6.126180539998518, 6.126180539998809, 6.139377527737829, 6.139377527775286, 6.139377527725831, 6.139377527672988, 6.139377527677424, 6.139377527697908, 6.139377527761705, 6.139377527736009, 6.139377527734886, 6.139377527744039, 6.139377527783998, 6.1393775277436, 6.139377527737816, 6.139377527735233, 6.1393775276973965, 6.139377527737827, 6.1393775277470475, 6.139377527755199, 6.13937752776868, 6.1393775277278095, 6.139377527715794, 6.15229314019576, 6.152293140242242, 6.152293140211868, 6.15229314015983, 6.152293140154735, 6.152293140201747, 6.152293140223085, 6.152293140197752, 6.152293140162227, 6.15229314018625, 6.152293140235056, 6.152293140167143, 6.152293140198566, 6.152293140169298, 6.152293140159991, 6.152293140195766, 6.152293140199961, 6.152293140204503, 6.152293140229817, 6.15229314019184, 6.152293140170622, 6.162278297680173, 6.162278297730149, 6.162278297718817, 6.162278297677583, 6.162278297683041, 6.162278297727339, 6.162278297702583, 6.162278297689079, 6.162278297630214, 6.1622782976531925, 6.162278297709221, 6.162278297638674, 6.162278297680728, 6.162278297645448, 6.1622782976515085, 6.162278297680178, 6.162278297681192, 6.162278297675486, 6.162278297716403, 6.162278297685486, 6.162278297651075, 6.174547782976528, 6.174547783010135, 6.174547783012955, 6.1745477829941136, 6.1745477830146225, 6.174547783039578, 6.174547782984894, 6.174547782987881, 6.174547782927031, 6.174547782940346, 6.174547782994543, 6.174547782950352, 6.174547782975588, 6.174547782950427, 6.174547782957222, 6.174547782976524, 6.174547782980725, 6.1745477829571165, 6.174547783010649, 6.17454778299158, 6.174547782943781, 6.188969131553662, 6.1889691315501105, 6.18896913156633, 6.188969131572501, 6.188969131595215, 6.1889691315976885, 6.188969131542842, 6.188969131560554, 6.188969131516304, 6.188969131521387, 6.1889691315608175, 6.1889691315598245, 6.188969131556094, 6.188969131542198, 6.188969131545174, 6.188969131553663, 6.188969131564612, 6.1889691315204844, 6.1889691315778395, 6.188969131572616, 6.1889691315244635, 6.198295260701864, 6.198295260656866, 6.198295260690292, 6.198295260710736, 6.198295260717525, 6.198295260702942, 6.198295260674223, 6.198295260700927, 6.198295260679823, 6.198295260681796, 6.19829526069855, 6.198295260738495, 6.198295260710587, 6.198295260699197, 6.198295260703886, 6.1982952607018635, 6.198295260714821, 6.198295260657689, 6.198295260707843, 6.198295260715121, 6.1982952606879, 6.202562457131807, 6.20256245706544, 6.2025624571145395, 6.202562457132089, 6.2025624571150875, 6.202562457092666, 6.202562457096776, 6.202562457124459, 6.2025624571200115, 6.20256245712379, 6.202562457119817, 6.2025624571836, 6.202562457144587, 6.202562457129029, 6.202562457141914, 6.202562457131807, 6.202562457136096, 6.202562457083079, 6.202562457115564, 6.202562457132636, 6.20256245714026, 6.210317512928293, 6.210317512873547, 6.210317512923546, 6.210317512928046, 6.2103175128965225, 6.210317512878452, 6.210317512898692, 6.210317512917778, 6.210317512917299, 6.210317512927265, 6.210317512911717, 6.210317512978819, 6.210317512938889, 6.210317512922927, 6.210317512941798, 6.210317512928288, 6.210317512915812, 6.210317512886569, 6.210317512894016, 6.210317512918552, 6.210317512953813, 6.223509867823664, 6.223509867805673, 6.223509867834908, 6.223509867828681, 6.223509867800791, 6.223509867801751, 6.223509867811306, 6.223509867812794, 6.223509867805003, 6.2235098678242755, 6.223509867807112, 6.223509867862662, 6.223509867825661, 6.2235098678198115, 6.223509867834447, 6.223509867823667, 6.22350986779434, 6.223509867802182, 6.223509867783195, 6.223509867812718, 6.2235098678507725, 6.233826091849673, 6.233826091871917, 6.23382609186795, 6.233826091858644, 6.233826091845846, 6.233826091877976, 6.23382609186071, 6.233826091840517, 6.233826091820916, 6.233826091848786, 6.233826091835678, 6.233826091874124, 6.233826091840821, 6.233826091851531, 6.23382609185279, 6.233826091849674, 6.233826091810951, 6.233826091855851, 6.23382609181612, 6.233826091846816, 6.233826091864398, 6.238886981054159, 6.238886981099863, 6.238886981068914, 6.238886981059413, 6.238886981059508, 6.2388869811228735, 6.238886981086041, 6.238886981048414, 6.238886981019997, 6.238886981051379, 6.2388869810427705, 6.238886981066933, 6.238886981037783, 6.238886981061156, 6.238886981048791, 6.238886981054167, 6.238886981017501, 6.238886981084073, 6.2388869810348835, 6.238886981061754, 6.238886981053343, 6.247095342016944, 6.247095342062734, 6.247095342025048, 6.247095342010198, 6.247095342013993, 6.24709534209143, 6.247095342060029, 6.247095342016737, 6.2470953419859425, 6.2470953420131865, 6.247095342006658, 6.247095342024591, 6.247095341998836, 6.247095342024404, 6.2470953420066335, 6.247095342016941, 6.247095341993161, 6.247095342056424, 6.247095342011833, 6.247095342030067, 6.24709534200807, 6.2643759219666055, 6.264375921986223, 6.26437592197659, 6.2643759219465, 6.264375921946811, 6.264375921996869, 6.264375922004501, 6.264375921982021, 6.2643759219502435, 6.264375921960324, 6.264375921951766, 6.264375921977975, 6.264375921950891, 6.26437592196483, 6.264375921960672, 6.2643759219666, 6.264375921963866, 6.264375921949646, 6.264375921966567, 6.264375921975993, 6.264375921966176, 6.275638912119305, 6.275638912112057, 6.2756389121345135, 6.275638912092205, 6.275638912089399, 6.275638912094804, 6.275638912143939, 6.275638912147131, 6.27563891211925, 6.27563891211064, 6.275638912099719, 6.275638912139765, 6.275638912106184, 6.275638912110704, 6.275638912120012, 6.275638912119321, 6.275638912137299, 6.275638912130768, 6.275638912120358, 6.2756389121218605, 6.2756389121313285, 6.282612313628536, 6.282612313605513, 6.2826123136444645, 6.282612313605192, 6.282612313606449, 6.282612313571529, 6.2826123136401915, 6.282612313659119, 6.282612313637033, 6.2826123136186185, 6.2826123136087615, 6.282612313656291, 6.2826123136172045, 6.282612313620739, 6.2826123136343535, 6.282612313628546, 6.282612313661008, 6.282612313658504, 6.282612313630827, 6.282612313627212, 6.282612313645526, 6.291670361103779, 6.291670361078055, 6.291670361110972, 6.291670361093577, 6.291670361105407, 6.2916703610517555, 6.291670361108909, 6.291670361126187, 6.291670361107675, 6.29167036109491, 6.2916703610916, 6.291670361129442, 6.29167036109463, 6.291670361103922, 6.291670361111836, 6.291670361103776, 6.291670361141051, 6.291670361134898, 6.291670361109715, 6.291670361103731, 6.291670361113145, 6.2991790389272015, 6.299179038907824, 6.299179038921123, 6.29917903893415, 6.2991790389540085, 6.299179038906131, 6.299179038932402, 6.299179038935298, 6.299179038916656, 6.29917903892218, 6.299179038929273, 6.299179038938955, 6.2991790389224, 6.2991790389368525, 6.299179038935049, 6.299179038927195, 6.2991790389592195, 6.299179038945813, 6.299179038937922, 6.2991790389295375, 6.299179038922699, 6.300290001235239, 6.3002900012268075, 6.300290001221298, 6.300290001257053, 6.30029000127181, 6.300290001244876, 6.300290001242536, 6.30029000122968, 6.300290001209611, 6.30029000123685, 6.300290001253601, 6.300290001226393, 6.300290001237619, 6.300290001249631, 6.300290001241231, 6.300290001235241, 6.300290001255104, 6.300290001237413, 6.300290001249129, 6.300290001234984, 6.300290001221784, 6.298009784496358, 6.298009784499604, 6.2980097844839245, 6.298009784526293, 6.29800978452105, 6.298009784517065, 6.298009784502195, 6.298009784481914, 6.298009784463722, 6.2980097845067515, 6.298009784527405, 6.298009784470491, 6.298009784507446, 6.298009784509006, 6.298009784499759, 6.298009784496357, 6.2980097845032095, 6.298009784487312, 6.298009784510233, 6.298009784487484, 6.298009784484216, 6.297322916447177, 6.297322916458374, 6.297322916439849, 6.297322916476228, 6.297322916447083, 6.297322916458371, 6.297322916445529, 6.297322916429238, 6.297322916419436, 6.297322916466817, 6.297322916482602, 6.297322916416559, 6.297322916465323, 6.297322916455235, 6.297322916448025, 6.29732291644717, 6.297322916446439, 6.29732291643661, 6.297322916458071, 6.297322916429389, 6.297322916442922, 6.299556647204442, 6.299556647214888, 6.2995566471986155, 6.299556647223487, 6.299556647183302, 6.2995566471942706, 6.299556647190207, 6.2995566471891, 6.299556647192317, 6.2995566472308315, 6.299556647233104, 6.299556647182769, 6.29955664722331, 6.2995566472084406, 6.299556647203862, 6.299556647204446, 6.299556647204602, 6.299556647203634, 6.2995566472089655, 6.299556647184393, 6.29955664720796, 6.3018819537936706, 6.30188195379679, 6.301881953782553, 6.301881953797486, 6.301881953768491, 6.30188195377065, 6.30188195377007, 6.301881953785038, 6.301881953799847, 6.301881953821049, 6.301881953808032, 6.3018819537847754, 6.301881953804663, 6.301881953797398, 6.3018819537913, 6.301881953793666, 6.3018819538003, 6.3018819537799144, 6.301881953792765, 6.301881953781607, 6.301881953797809, 6.302459977668907, 6.302459977665973, 6.30245997765369, 6.302459977660495, 6.302459977658888, 6.302459977650974, 6.302459977644297, 6.302459977669231, 6.3024599776892725, 6.302459977690141, 6.302459977666967, 6.302459977666735, 6.302459977665587, 6.302459977674451, 6.3024599776636165, 6.30245997766891, 6.302459977681736, 6.302459977648255, 6.302459977665764, 6.302459977671091, 6.3024599776676435, 6.300990236223568, 6.300990236223025, 6.300990236215587, 6.300990236211881, 6.300990236236848, 6.300990236222248, 6.300990236204926, 6.300990236233413, 6.300990236251553, 6.3009902362342505, 6.300990236208069, 6.300990236219092, 6.300990236205432, 6.300990236228329, 6.300990236214903, 6.300990236223562, 6.30099023623713, 6.3009902362455215, 6.300990236220028, 6.3009902362371895, 6.300990236218658, 6.299126134850098, 6.299126134858055, 6.299126134858912, 6.299126134841015, 6.299126134877621, 6.299126134861998, 6.299126134839034, 6.2991261348688665, 6.299126134879972, 6.299126134852205, 6.299126134826487, 6.299126134838707, 6.299126134822888, 6.299126134848894, 6.299126134839534, 6.299126134850101, 6.299126134857709, 6.299126134874044, 6.299126134844244, 6.299126134865768, 6.299126134849306, 6.299794672975252, 6.299794672988996, 6.299794672994703, 6.299794672967035, 6.299794672996671, 6.2997946729909025, 6.299794672969386, 6.299794672999471, 6.299794673002368, 6.2997946729762795, 6.29979467295058, 6.299794672959215, 6.299794672949237, 6.299794672967163, 6.2997946729652625, 6.299794672975262, 6.299794672973739, 6.2997946729476535, 6.2997946729648, 6.299794672984764, 6.299794672983358, 6.304429673909142, 6.304429673921996, 6.304429673920099, 6.304429673897976, 6.304429673908441, 6.304429673928567, 6.3044296739068075, 6.30442967393101, 6.304429673929902, 6.304429673916005, 6.304429673891323, 6.304429673894131, 6.304429673895463, 6.304429673901813, 6.3044296739006285, 6.304429673909136, 6.304429673900405, 6.304429673885757, 6.304429673897637, 6.304429673910533, 6.304429673922064, 6.308662043072747, 6.3086620430797815, 6.308662043066471, 6.308662043058946, 6.30866204305101, 6.3086620430943485, 6.308662043070765, 6.308662043086949, 6.308662043087444, 6.308662043087467, 6.308662043065123, 6.308662043064091, 6.308662043075324, 6.30866204307294, 6.308662043067429, 6.308662043072749, 6.308662043061682, 6.308662043091155, 6.308662043062288, 6.30866204306786, 6.308662043085364, 6.311656486721723, 6.311656486725604, 6.31165648670651, 6.311656486711955, 6.311656486695354, 6.311656486744081, 6.311656486718349, 6.311656486726682, 6.311656486732328, 6.311656486739565, 6.311656486723483, 6.311656486719667, 6.311656486736264, 6.3116564867320735, 6.311656486720435, 6.311656486721731, 6.311656486713803, 6.3116564867371485, 6.311656486714063, 6.311656486713678, 6.3116564867306035, 6.314951060942696, 6.314951060950565, 6.314951060932668, 6.314951060943986, 6.314951060929408, 6.314951060966826, 6.314951060939577, 6.314951060939732, 6.3149510609498165, 6.314951060955599, 6.314951060951462, 6.3149510609421275, 6.314951060961147, 6.314951060962464, 6.314951060944041, 6.314951060942698, 6.3149510609419615, 6.314951060953036, 6.31495106094106, 6.314951060934734, 6.314951060945575, 6.317863698749006, 6.317863698762134, 6.317863698752267, 6.317863698760034, 6.3178636987534516, 6.317863698767824, 6.317863698746949, 6.317863698744065, 6.317863698752639, 6.3178636987526104, 6.317863698760314, 6.317863698745031, 6.317863698763285, 6.3178636987717, 6.317863698752142, 6.317863698749004, 6.317863698757015, 6.317863698739032, 6.317863698752179, 6.317863698742641, 6.3178636987475505, 6.320264919779402, 6.320264919791113, 6.320264919790572, 6.3202649197900955, 6.320264919792496, 6.320264919784205, 6.320264919778374, 6.320264919778852, 6.320264919778898, 6.32026491977509, 6.320264919789065, 6.320264919770271, 6.320264919785245, 6.3202649197976974, 6.320264919783796, 6.320264919779405, 6.320264919795419, 6.32026491976346, 6.320264919784061, 6.320264919775255, 6.320264919776367, 6.322764246564867, 6.322764246568131, 6.32276424657082, 6.3227642465653195, 6.322764246573958, 6.322764246555805, 6.322764246565684, 6.322764246570193, 6.3227642465596325, 6.32276424655676, 6.322764246571608, 6.322764246551827, 6.322764246563154, 6.322764246576413, 6.3227642465691085, 6.3227642465648675, 6.322764246586046, 6.322764246544696, 6.322764246570053, 6.322764246563089, 6.32276424656122, 6.32329915344901, 6.323299153439979, 6.32329915344646, 6.32329915343639, 6.323299153446917, 6.323299153422654, 6.323299153448501, 6.323299153461757, 6.32329915344109, 6.32329915344235, 6.323299153450213, 6.3232991534370555, 6.3232991534414165, 6.323299153451282, 6.323299153454074, 6.323299153449018, 6.323299153471634, 6.323299153481414, 6.323299153449492, 6.323299153447929, 6.3232991534493275, 6.325576123776839, 6.3255761237648445, 6.325576123769673, 6.325576123761534, 6.325576123769761, 6.325576123748943, 6.325576123776247, 6.325576123791323, 6.325576123767494, 6.325576123772439, 6.325576123774634, 6.32557612376872, 6.325576123767745, 6.325576123775336, 6.325576123781053, 6.325576123776827, 6.325576123796384, 6.3255761238112695, 6.325576123775758, 6.325576123775507, 6.325576123780527, 6.3282626100122235, 6.328262610006929, 6.328262610009899, 6.328262610006314, 6.328262610009655, 6.3282626099938595, 6.328262610010983, 6.328262610025084, 6.328262610003273, 6.3282626100102135, 6.3282626100073935, 6.3282626100103165, 6.328262610004074, 6.328262610010742, 6.328262610015559, 6.3282626100122155, 6.328262610025384, 6.328262609978487, 6.328262610010663, 6.328262610010427, 6.3282626100189985, 6.329984077272508, 6.329984077278071, 6.329984077276894, 6.329984077280578, 6.329984077278226, 6.329984077272118, 6.329984077270905, 6.329984077281285, 6.329984077264781, 6.329984077273186, 6.329984077266226, 6.329984077277624, 6.329984077266831, 6.329984077274474, 6.329984077274825, 6.329984077272504, 6.329984077277698, 6.329984077242658, 6.329984077272466, 6.329984077271888, 6.3299840772792, 6.331132975109338, 6.331132975122893, 6.3311329751127, 6.331132975125666, 6.331132975117516, 6.331132975129304, 6.331132975109102, 6.331132975112585, 6.331132975102281, 6.331132975113009, 6.331132975103768, 6.331132975120147, 6.3311329751070975, 6.3311329751168035, 6.33113297510959, 6.33113297510933, 6.331132975106607, 6.331132975129831, 6.33113297511357, 6.331132975111547, 6.33113297511182, 6.331405318814711, 6.331405318826457, 6.331405318812122, 6.331405318826851, 6.331405318811609, 6.331405318838904, 6.331405318814861, 6.3314053188167065, 6.331405318808089, 6.331405318823258, 6.331405318809356, 6.331405318828314, 6.3314053188142205, 6.331405318822518, 6.331405318813787, 6.3314053188147135, 6.331405318805948, 6.331405318834481, 6.331405318819335, 6.331405318818616, 6.3314053188149035, 6.332585006778109, 6.332585006785415, 6.332585006771586, 6.332585006780725, 6.332585006759733, 6.332585006795287, 6.3325850067793565, 6.332585006781127, 6.3325850067718985, 6.332585006788656, 6.332585006773626, 6.332585006790214, 6.3325850067770535, 6.332585006782737, 6.332585006775352, 6.332585006778108, 6.332585006765783, 6.332585006757758, 6.332585006782405, 6.3325850067812075, 6.33258500677857, 6.334403481233527, 6.334403481239058, 6.3344034812310595, 6.334403481229807, 6.334403481209273, 6.334403481239165, 6.334403481235919, 6.334403481238892, 6.334403481228981, 6.334403481240512, 6.334403481229719, 6.334403481241177, 6.334403481228716, 6.334403481233698, 6.334403481228569, 6.334403481233522, 6.334403481221029, 6.334403481212102, 6.334403481238015, 6.334403481234356, 6.334403481236248, 6.334981682543158, 6.334981682546104, 6.334981682549749, 6.334981682536734, 6.334981682525899, 6.334981682535676, 6.334981682544337, 6.3349816825531375, 6.334981682541841, 6.334981682543977, 6.334981682538069, 6.334981682546448, 6.334981682531653, 6.334981682538638, 6.3349816825379, 6.334981682543161, 6.334981682534513, 6.334981682573522, 6.334981682546038, 6.334981682542764, 6.334981682548745, 6.336932396355388, 6.336932396357505, 6.336932396363884, 6.336932396351456, 6.336932396357197, 6.336932396349897, 6.336932396356531, 6.336932396365026, 6.336932396356989, 6.336932396347582, 6.336932396351258, 6.336932396356643, 6.336932396340751, 6.336932396354187, 6.336932396349382, 6.336932396355386, 6.3369323963534425, 6.336932396383309, 6.336932396362521, 6.336932396356431, 6.336932396358241, 6.338648852716436, 6.338648852714163, 6.338648852719176, 6.3386488527143845, 6.338648852731968, 6.338648852716094, 6.338648852716496, 6.3386488527227565, 6.338648852718652, 6.3386488527044555, 6.338648852714475, 6.338648852718204, 6.338648852704144, 6.33864885272161, 6.338648852711034, 6.338648852716439, 6.33864885272059, 6.338648852692425, 6.338648852727443, 6.338648852718821, 6.338648852715421, 6.339825318067628, 6.339825318058925, 6.339825318064958, 6.339825318065894, 6.339825318080806, 6.339825318065044, 6.339825318065113, 6.339825318070046, 6.339825318067235, 6.339825318058924, 6.339825318068141, 6.339825318070276, 6.339825318062047, 6.339825318076653, 6.3398253180645, 6.3398253180676285, 6.339825318073585, 6.3398253180422905, 6.339825318077587, 6.339825318067861, 6.339825318066807, 6.341767429123521, 6.341767429113767, 6.341767429120728, 6.341767429125095, 6.341767429125863, 6.34176742911794, 6.341767429120364, 6.341767429120659, 6.341767429118537, 6.341767429120133, 6.341767429127413, 6.3417674291251815, 6.341767429126968, 6.341767429134956, 6.341767429121939, 6.341767429123518, 6.341767429126572, 6.3417674291458095, 6.341767429132142, 6.3417674291187645, 6.341767429125447, 6.342749000545801, 6.342749000536383, 6.342749000547531, 6.342749000548996, 6.34274900053704, 6.342749000536171, 6.342749000542998, 6.3427490005419, 6.342749000536639, 6.3427490005483635, 6.3427490005505005, 6.342749000544161, 6.342749000554027, 6.34274900055598, 6.3427490005460045, 6.342749000545801, 6.342749000544034, 6.3427490005204, 6.342749000550936, 6.342749000537819, 6.342749000550807, 6.343386675462192, 6.343386675452378, 6.343386675466791, 6.343386675463326, 6.3433866754520505, 6.343386675454072, 6.343386675460982, 6.34338667546185, 6.343386675452041, 6.343386675467885, 6.343386675464651, 6.343386675456619, 6.3433866754689205, 6.343386675470202, 6.343386675463815, 6.343386675462199, 6.343386675457524, 6.343386675494748, 6.343386675464849, 6.343386675456798, 6.343386675466259, 6.345748274761484, 6.345748274754035, 6.34574827476498, 6.345748274761491, 6.345748274762793, 6.345748274764156, 6.345748274763489, 6.345748274764292, 6.345748274755319, 6.34574827476369, 6.345748274761396, 6.345748274754065, 6.345748274764356, 6.345748274770634, 6.345748274762377, 6.345748274761496, 6.345748274757343, 6.34574827479294, 6.345748274767296, 6.3457482747627445, 6.345748274760022, 6.3448615155098365, 6.344861515502267, 6.344861515513955, 6.3448615155063335, 6.344861515516884, 6.344861515512662, 6.344861515511119, 6.344861515518796, 6.344861515510184, 6.344861515511374, 6.344861515505441, 6.344861515504005, 6.3448615155067305, 6.344861515515465, 6.344861515511045, 6.3448615155098365, 6.3448615155066985, 6.344861515467114, 6.344861515512779, 6.344861515516137, 6.344861515506845, 6.3460975246542795, 6.346097524651809, 6.346097524659533, 6.346097524653209, 6.346097524662156, 6.3460975246541675, 6.346097524654298, 6.3460975246646205, 6.346097524661779, 6.346097524653196, 6.346097524648794, 6.3460975246534, 6.34609752465031, 6.346097524658049, 6.346097524654216, 6.346097524654278, 6.346097524651686, 6.346097524610008, 6.346097524655941, 6.346097524659844, 6.3460975246534455, 6.3485463315591435, 6.34854633156224, 6.348546331562284, 6.34854633156161, 6.348546331561463, 6.348546331554388, 6.348546331557893, 6.34854633156811, 6.3485463315707085, 6.348546331555884, 6.348546331554918, 6.348546331563645, 6.34854633155832, 6.348546331561962, 6.3485463315573964, 6.348546331559145, 6.348546331556058, 6.348546331600094, 6.3485463315599855, 6.348546331560298, 6.348546331562402, 6.349139415160061, 6.349139415163214, 6.349139415156899, 6.349139415160608, 6.349139415152413, 6.349139415151158, 6.349139415157785, 6.349139415169699, 6.349139415170122, 6.3491394151582785, 6.34913941515682, 6.349139415166214, 6.349139415161478, 6.349139415160656, 6.349139415158115, 6.349139415160063, 6.349139415155512, 6.349139415203607, 6.349139415158279, 6.349139415158136, 6.349139415166015, 6.349106269583073, 6.34910626958528, 6.349106269575147, 6.349106269580772, 6.349106269572154, 6.349106269577318, 6.34910626958105, 6.349106269594384, 6.349106269588042, 6.349106269582609, 6.349106269580248, 6.349106269586069, 6.349106269584244, 6.3491062695821014, 6.34910626958181, 6.349106269583075, 6.349106269577558, 6.349106269535685, 6.349106269580417, 6.34910626958203, 6.349106269587518, 6.3507660564998725, 6.350766056506171, 6.350766056494452, 6.3507660565007535, 6.35076605649734, 6.350766056504424, 6.350766056498974, 6.350766056510354, 6.350766056499926, 6.350766056496468, 6.350766056497655, 6.3507660564978385, 6.350766056500361, 6.3507660565001745, 6.3507660564988235, 6.350766056499868, 6.350766056495328, 6.35076605645543, 6.350766056500767, 6.350766056501955, 6.350766056499838, 6.3500887436495095, 6.350088743658082, 6.350088743651336, 6.350088743653244, 6.3500887436519475, 6.350088743657557, 6.350088743647104, 6.350088743659376, 6.350088743645547, 6.350088743646169, 6.350088743647111, 6.3500887436439095, 6.350088743648815, 6.350088743649317, 6.350088743649688, 6.350088743649513, 6.350088743646405, 6.350088743697596, 6.350088743650384, 6.350088743653825, 6.350088743646996, 6.350832006933238, 6.350832006941171, 6.3508320069376625, 6.350832006938245, 6.350832006935242, 6.3508320069386395, 6.35083200692831, 6.350832006940032, 6.350832006927687, 6.350832006929944, 6.350832006931588, 6.350832006928735, 6.350832006934355, 6.3508320069342155, 6.350832006934026, 6.350832006933235, 6.350832006932798, 6.3508320069813955, 6.350832006933929, 6.350832006937338, 6.350832006930163, 6.3533889471669, 6.353388947171064, 6.353388947166945, 6.3533889471703695, 6.353388947164831, 6.353388947166446, 6.353388947160496, 6.353388947169539, 6.353388947161855, 6.353388947162475, 6.353388947166735, 6.3533889471663745, 6.353388947171686, 6.353388947170506, 6.35338894716728, 6.353388947166903, 6.353388947169533, 6.353388947123381, 6.353388947168173, 6.353388947169003, 6.353388947164543, 6.354132444137077, 6.354132444135259, 6.354132444132915, 6.354132444136117, 6.354132444129071, 6.354132444129078, 6.354132444130831, 6.354132444139497, 6.354132444132672, 6.354132444133584, 6.35413244413719, 6.354132444138151, 6.354132444142266, 6.354132444140052, 6.354132444137297, 6.3541324441370755, 6.35413244414028, 6.354132444092248, 6.354132444135866, 6.354132444137024, 6.354132444137001, 6.353443640062438, 6.353443640057796, 6.353443640060354, 6.353443640059602, 6.353443640054844, 6.353443640051508, 6.353443640058494, 6.353443640067985, 6.353443640059155, 6.353443640059775, 6.353443640061439, 6.353443640061203, 6.353443640064095, 6.353443640062324, 6.353443640062619, 6.353443640062434, 6.3534436400639125, 6.353443640112237, 6.353443640057766, 6.353443640061539, 6.353443640064614, 6.354875068240459, 6.354875068238811, 6.354875068243272, 6.354875068241596, 6.354875068244314, 6.35487506823619, 6.354875068240588, 6.354875068247076, 6.354875068240216, 6.35487506823414, 6.354875068238688, 6.354875068236803, 6.354875068239409, 6.35487506824046, 6.354875068239712, 6.354875068240457, 6.35487506824113, 6.354875068287031, 6.3548750682373685, 6.354875068240773, 6.354875068242079, 6.354836229636412, 6.354836229634591, 6.35483622963994, 6.354836229638238, 6.354836229645488, 6.3548362296380905, 6.354836229638792, 6.354836229643711, 6.354836229638378, 6.3548362296305285, 6.354836229633931, 6.354836229632445, 6.354836229634229, 6.354836229637272, 6.354836229635519, 6.354836229636421, 6.3548362296357945, 6.3548362295893215, 6.354836229633532, 6.354836229638771, 6.35483622963641, 6.355253006314927, 6.355253006310802, 6.355253006314923, 6.355253006315288, 6.355253006319439, 6.355253006317926, 6.355253006317474, 6.355253006320405, 6.355253006317861, 6.355253006312436, 6.355253006312864, 6.355253006313981, 6.355253006315229, 6.355253006317931, 6.355253006314088, 6.355253006314925, 6.355253006313098, 6.355253006267818, 6.355253006311816, 6.355253006317775, 6.355253006313884, 6.357361273141897, 6.35736127313857, 6.357361273140552, 6.357361273143486, 6.357361273139153, 6.357361273143117, 6.357361273144208, 6.357361273142838, 6.357361273144972, 6.3573612731412315, 6.357361273141276, 6.357361273144743, 6.357361273146596, 6.357361273147578, 6.357361273140515, 6.3573612731418985, 6.3573612731395865, 6.3573612731839235, 6.3573612731403095, 6.35736127314295, 6.357361273141347, 6.357875669767412, 6.357875669765258, 6.357875669768879, 6.357875669769239, 6.357875669757488, 6.357875669764876, 6.357875669769645, 6.357875669766795, 6.3578756697686964, 6.357875669769442, 6.35787566976724, 6.357875669769624, 6.357875669772397, 6.3578756697716114, 6.357875669765826, 6.357875669767412, 6.35787566976353, 6.357875669809809, 6.357875669765267, 6.357875669766696, 6.357875669768471, 6.356602082717506, 6.356602082714813, 6.356602082721686, 6.356602082716982, 6.356602082706751, 6.356602082714068, 6.356602082719879, 6.356602082719098, 6.356602082716625, 6.35660208272147, 6.356602082716393, 6.356602082715259, 6.356602082718068, 6.356602082717698, 6.356602082716076, 6.35660208271751, 6.356602082712309, 6.356602082669443, 6.356602082713787, 6.3566020827176635, 6.356602082718546, 6.357688762868259, 6.357688762866816, 6.357688762872023, 6.357688762868618, 6.357688762868988, 6.357688762869953, 6.357688762870948, 6.357688762869705, 6.357688762868302, 6.357688762867263, 6.357688762866799, 6.357688762864172, 6.357688762866194, 6.357688762868964, 6.357688762866043, 6.357688762868256, 6.357688762866238, 6.3576887628236305, 6.357688762868538, 6.357688762871252, 6.357688762866405, 6.358128037571519, 6.358128037569797, 6.358128037572181, 6.358128037572838, 6.358128037578999, 6.358128037574327, 6.358128037572708, 6.358128037572039, 6.35812803757289, 6.3581280375673055, 6.358128037570186, 6.3581280375688625, 6.358128037569243, 6.358128037573497, 6.358128037568821, 6.358128037571522, 6.358128037572606, 6.35812803761434, 6.358128037573956, 6.358128037575505, 6.358128037568356, 6.358231599530476, 6.358231599528282, 6.358231599528457, 6.358231599532938, 6.358231599534045, 6.358231599527759, 6.358231599529348, 6.358231599529669, 6.358231599531708, 6.358231599527114, 6.358231599529789, 6.358231599530575, 6.358231599530004, 6.358231599532537, 6.358231599527635, 6.358231599530479, 6.358231599532263, 6.35823159957426, 6.358231599531832, 6.358231599531903, 6.358231599529567, 6.3597480568087, 6.359748056808051, 6.3597480568057305, 6.359748056813304, 6.3597480568067954, 6.359748056801118, 6.359748056807029, 6.359748056805723, 6.359748056808745, 6.359748056805724, 6.359748056808886, 6.359748056810538, 6.359748056810734, 6.359748056810863, 6.359748056805295, 6.359748056808703, 6.359748056810294, 6.359748056767492, 6.359748056810648, 6.359748056806849, 6.359748056810621, 6.360445606215086, 6.360445606214644, 6.360445606211721, 6.360445606217782, 6.36044560620918, 6.360445606207261, 6.3604456062146415, 6.3604456062127, 6.360445606212554, 6.3604456062139665, 6.360445606215018, 6.360445606214464, 6.360445606216268, 6.36044560621544, 6.360445606211483, 6.360445606215091, 6.360445606214841, 6.360445606172618, 6.360445606217155, 6.360445606212951, 6.360445606217623, 6.358289119927638, 6.358289119925732, 6.358289119925507, 6.358289119925519, 6.358289119920508, 6.358289119923445, 6.358289119927866, 6.358289119928958, 6.3582891199231035, 6.358289119930993, 6.35828911992605, 6.358289119922399, 6.358289119924789, 6.3582891199243505, 6.358289119924712, 6.358289119927635, 6.358289119924316, 6.3582891199794025, 6.3582891199268, 6.358289119928272, 6.358289119928596, 6.359336681463604, 6.359336681465359, 6.359336681465562, 6.359336681465031, 6.359336681467384, 6.359336681467167, 6.3593366814636125, 6.359336681463711, 6.359336681462495, 6.359336681464261, 6.3593366814615075, 6.359336681460154, 6.359336681461574, 6.359336681462748, 6.359336681460474, 6.359336681463608, 6.359336681462373, 6.359336681513211, 6.3593366814656145, 6.359336681467551, 6.359336681461286, 6.3603288425792694, 6.360328842583197, 6.3603288425822635, 6.360328842583981, 6.360328842587285, 6.360328842584677, 6.360328842578059, 6.360328842577356, 6.360328842582094, 6.3603288425783475, 6.3603288425776, 6.3603288425806825, 6.360328842580548, 6.360328842581658, 6.360328842575946, 6.360328842579263, 6.360328842579934, 6.360328842531385, 6.360328842582519, 6.360328842583706, 6.360328842575916, 6.36052862503003, 6.360528625031887, 6.3605286250290805, 6.360528625032225, 6.360528625029406, 6.3605286250298105, 6.360528625028921, 6.360528625028728, 6.360528625033097, 6.360528625031541, 6.360528625029166, 6.360528625033291, 6.360528625033186, 6.3605286250322575, 6.360528625026707, 6.360528625030035, 6.360528625029188, 6.360528624978798, 6.36052862503099, 6.36052862503187, 6.360528625028817, 6.36167077984813, 6.361670779848686, 6.361670779844667, 6.361670779847585, 6.3616707798406615, 6.361670779843031, 6.361670779849333, 6.361670779848267, 6.361670779849674, 6.361670779850148, 6.3616707798479, 6.3616707798492715, 6.361670779850746, 6.3616707798484855, 6.361670779844369, 6.361670779848128, 6.361670779845299, 6.361670779900837, 6.36167077984832, 6.361670779847157, 6.361670779849474, 6.362883548957875, 6.3628835489591875, 6.362883548956641, 6.3628835489571784, 6.362883548952665, 6.362883548952981, 6.362883548961313, 6.362883548959297, 6.3628835489585045, 6.362883548957927, 6.362883548957561, 6.362883548955095, 6.3628835489580355, 6.362883548956293, 6.362883548953744, 6.362883548957882, 6.362883548954471, 6.3628835490110385, 6.36288354895885, 6.3628835489563915, 6.362883548959885, 6.359878489104243, 6.359878489103835, 6.3598784891057125, 6.359878489102235, 6.359878489101605, 6.359878489101216, 6.359878489106397, 6.359878489108234, 6.359878489104353, 6.359878489106301, 6.359878489103037, 6.359878489098553, 6.359878489101095, 6.3598784891004065, 6.359878489100954, 6.35987848910424, 6.359878489099916, 6.359878489042023, 6.359878489101807, 6.359878489104364, 6.35987848910531, 6.360843805552876, 6.360843805552181, 6.36084380555472, 6.360843805554802, 6.3608438055604175, 6.360843805555167, 6.360843805551888, 6.360843805553363, 6.360843805555998, 6.360843805551343, 6.360843805552004, 6.360843805552133, 6.360843805552931, 6.3608438055544205, 6.360843805549984, 6.360843805552875, 6.3608438055531, 6.360843805492923, 6.360843805553117, 6.360843805555958, 6.360843805550256, 6.363640344198833, 6.363640344197464, 6.363640344198733, 6.363640344203881, 6.363640344208896, 6.363640344202281, 6.363640344196171, 6.363640344194966, 6.363640344203015, 6.363640344194346, 6.363640344198993, 6.363640344202951, 6.363640344203471, 6.36364034420559, 6.363640344195993, 6.363640344198831, 6.3636403442023495, 6.363640344253852, 6.36364034420247, 6.3636403442023814, 6.363640344194663, 6.36404921441046, 6.36404921440705, 6.364049214408987, 6.364049214412431, 6.364049214406719, 6.364049214407264, 6.3640492144094205, 6.364049214408265, 6.364049214409758, 6.364049214410309, 6.364049214410964, 6.364049214410465, 6.364049214413714, 6.364049214413646, 6.364049214407822, 6.36404921441046, 6.364049214409893, 6.364049214470833, 6.364049214411316, 6.364049214410653, 6.364049214409745, 6.363211500907003, 6.3632115009035175, 6.363211500907437, 6.36321150090599, 6.363211500893387, 6.363211500899355, 6.363211500908705, 6.363211500908574, 6.363211500902042, 6.363211500910511, 6.363211500907195, 6.363211500900032, 6.363211500905946, 6.363211500904239, 6.363211500904341, 6.363211500907003, 6.3632115009016985, 6.363211500839576, 6.363211500904635, 6.363211500904504, 6.363211500909628, 6.36529625974369, 6.365296259742252, 6.365296259746049, 6.365296259744784, 6.365296259739667, 6.3652962597409175, 6.365296259745847, 6.365296259744901, 6.365296259741494, 6.365296259742638, 6.36529625974382, 6.365296259737381, 6.365296259742328, 6.365296259742386, 6.365296259740693, 6.365296259743692, 6.365296259740803, 6.365296259678456, 6.365296259744183, 6.365296259743192, 6.365296259744149, 6.362413515298543, 6.362413515296149, 6.362413515299246, 6.362413515299398, 6.362413515301165, 6.3624135152996955, 6.36241351529776, 6.362413515300889, 6.362413515300649, 6.362413515297205, 6.3624135152984795, 6.3624135152962955, 6.362413515298085, 6.362413515299386, 6.362413515296061, 6.362413515298556, 6.36241351529759, 6.362413515369514, 6.362413515297468, 6.362413515300814, 6.362413515296038, 6.362702402887302, 6.362702402885563, 6.362702402886634, 6.362702402890451, 6.362702402895328, 6.362702402890618, 6.362702402884437, 6.362702402888195, 6.36270240289345, 6.362702402883937, 6.362702402887739, 6.3627024028906956, 6.362702402890182, 6.362702402892093, 6.362702402884959, 6.362702402887312, 6.362702402888892, 6.3627024029581305, 6.362702402887306, 6.362702402890782, 6.3627024028830075, 6.368125010881381, 6.368125010881796, 6.368125010881256, 6.368125010886786, 6.368125010888947, 6.36812501088336, 6.368125010880755, 6.3681250108800596, 6.368125010887303, 6.368125010875027, 6.368125010882391, 6.368125010885482, 6.368125010886117, 6.368125010887518, 6.368125010878348, 6.368125010881367, 6.368125010883416, 6.368125010816419, 6.368125010885283, 6.368125010883389, 6.3681250108782015, 6.369082090413727, 6.369082090413132, 6.369082090413674, 6.369082090414018, 6.369082090404829, 6.369082090408268, 6.369082090417364, 6.369082090416236, 6.369082090412764, 6.369082090413603, 6.36908209041413, 6.369082090409036, 6.369082090413957, 6.369082090412614, 6.3690820904104495, 6.369082090413717, 6.369082090408964, 6.369082090342115, 6.369082090414859, 6.369082090412085, 6.369082090415198, 6.363486668141912, 6.36348666813908, 6.363486668142078, 6.363486668136804, 6.363486668121248, 6.3634866681321, 6.363486668145784, 6.36348666814948, 6.3634866681365825, 6.363486668150321, 6.363486668141081, 6.363486668130794, 6.363486668137536, 6.363486668134228, 6.363486668139225, 6.363486668141924, 6.363486668131145, 6.363486668227521, 6.363486668136658, 6.363486668138982, 6.363486668145941, 6.366598642263781, 6.366598642263163, 6.366598642265924, 6.366598642265738, 6.366598642265925, 6.366598642264488, 6.366598642262804, 6.3665986422654255, 6.366598642265771, 6.366598642263903, 6.366598642263177, 6.366598642262881, 6.366598642265119, 6.3665986422655045, 6.3665986422613505, 6.3665986422637895, 6.366598642261463, 6.3665986423423435, 6.366598642264355, 6.366598642266125, 6.3665986422617005, 6.36724730241321, 6.367247302413464, 6.367247302415177, 6.367247302419576, 6.367247302431315, 6.367247302420989, 6.3672473024084235, 6.367247302410738, 6.367247302420622, 6.367247302407334, 6.3672473024130865, 6.367247302420368, 6.367247302419118, 6.367247302422141, 6.3672473024110685, 6.367247302413213, 6.367247302416992, 6.367247302338551, 6.367247302417784, 6.367247302418982, 6.36724730240685, 6.367315379242795, 6.367315379241142, 6.3673153792422585, 6.367315379244748, 6.36731537924993, 6.367315379244678, 6.3673153792404396, 6.367315379243447, 6.36731537924604, 6.367315379240817, 6.367315379242695, 6.367315379244433, 6.367315379245737, 6.367315379247168, 6.367315379240487, 6.3673153792428066, 6.3673153792423, 6.367315379162013, 6.367315379245459, 6.367315379245791, 6.367315379239518, 6.372276416396152, 6.372276416394293, 6.372276416395736, 6.3722764163953185, 6.37227641638992, 6.372276416390327, 6.372276416398948, 6.372276416398638, 6.372276416393911, 6.3722764163961, 6.372276416396063, 6.372276416390134, 6.37227641639531, 6.372276416394915, 6.372276416393022, 6.372276416396157, 6.372276416390905, 6.37227641647735, 6.372276416399383, 6.372276416394993, 6.372276416397519, 6.37329504744253, 6.3732950474411645, 6.373295047443638, 6.373295047441502, 6.373295047428642, 6.373295047432267, 6.3732950474462, 6.373295047446173, 6.373295047438706, 6.3732950474450565, 6.37329504744239, 6.3732950474339445, 6.373295047440001, 6.373295047438498, 6.373295047439296, 6.373295047442537, 6.373295047434472, 6.373295047357701, 6.373295047443981, 6.373295047439046, 6.3732950474465575, 6.369174592080957, 6.369174592079134, 6.369174592081419, 6.36917459208072, 6.369174592072088, 6.369174592074159, 6.369174592080181, 6.369174592084696, 6.36917459208093, 6.369174592084669, 6.3691745920809755, 6.3691745920774085, 6.369174592080465, 6.369174592079566, 6.369174592078525, 6.36917459208096, 6.369174592074435, 6.369174592172181, 6.3691745920797915, 6.369174592079363, 6.36917459208273, 6.372295548421493, 6.372295548420085, 6.372295548421773, 6.372295548425358, 6.372295548436377, 6.372295548428296, 6.372295548416678, 6.372295548419455, 6.372295548428527, 6.372295548415196, 6.372295548422095, 6.372295548428572, 6.372295548426679, 6.372295548429884, 6.37229554841942, 6.372295548421498, 6.372295548424232, 6.372295548504238, 6.372295548426654, 6.3722955484259645, 6.372295548416015, 6.369380335617537, 6.369380335615915, 6.369380335618588, 6.369380335618251, 6.369380335627839, 6.36938033562445, 6.369380335613811, 6.369380335619212, 6.36938033562216, 6.369380335615194, 6.369380335617678, 6.369380335619609, 6.369380335619218, 6.369380335621351, 6.369380335615651, 6.369380335617541, 6.369380335616989, 6.369380335526868, 6.36938033561977, 6.369380335621265, 6.369380335613243, 6.369320718169426, 6.369320718168024, 6.36932071817194, 6.369320718167548, 6.369320718164662, 6.369320718169437, 6.369320718169277, 6.369320718175136, 6.369320718169002, 6.369320718173017, 6.369320718169041, 6.369320718163479, 6.369320718166543, 6.369320718166088, 6.3693207181673435, 6.36932071816943, 6.369320718162729, 6.369320718071873, 6.36932071816825, 6.3693207181691145, 6.369320718170068, 6.377530019413772, 6.377530019412338, 6.377530019415765, 6.377530019414868, 6.3775300194094715, 6.377530019412469, 6.377530019414803, 6.377530019415493, 6.377530019413677, 6.377530019412594, 6.377530019413828, 6.377530019411385, 6.37753001941372, 6.377530019414182, 6.3775300194115525, 6.3775300194137765, 6.377530019409942, 6.3775300195029745, 6.377530019416792, 6.37753001941282, 6.377530019414796, 6.3782890181026595, 6.378289018100065, 6.378289018101796, 6.378289018103634, 6.378289018096534, 6.378289018099572, 6.378289018103001, 6.378289018103747, 6.378289018103106, 6.378289018101564, 6.378289018103052, 6.378289018102912, 6.37828901810432, 6.378289018104966, 6.378289018100831, 6.378289018102661, 6.378289018099529, 6.378289018012867, 6.378289018105575, 6.378289018101476, 6.378289018103695, 6.371794752304503, 6.371794752302142, 6.371794752303363, 6.371794752302989, 6.371794752296679, 6.371794752300855, 6.371794752303713, 6.3717947523093645, 6.371794752304639, 6.3717947523078555, 6.371794752304798, 6.371794752302585, 6.37179475230414, 6.371794752303833, 6.371794752303199, 6.3717947523044955, 6.371794752299081, 6.371794752403771, 6.371794752303443, 6.37179475230301, 6.37179475230593, 6.374477113670675, 6.374477113670287, 6.374477113673085, 6.374477113671476, 6.374477113680541, 6.3744771136751845, 6.374477113668586, 6.374477113672498, 6.374477113673583, 6.374477113666473, 6.37447711367099, 6.374477113672625, 6.374477113671628, 6.374477113673741, 6.374477113669561, 6.374477113670684, 6.374477113671578, 6.374477113763646, 6.374477113673704, 6.3744771136723415, 6.374477113668582, 6.374842752230209, 6.374842752230027, 6.374842752232991, 6.374842752230412, 6.374842752240826, 6.374842752235402, 6.374842752228366, 6.374842752231993, 6.374842752232094, 6.374842752225981, 6.374842752230133, 6.374842752231416, 6.374842752230292, 6.374842752232848, 6.3748427522293865, 6.374842752230214, 6.374842752231522, 6.374842752136851, 6.374842752233272, 6.374842752232336, 6.374842752227909, 6.374324418097761, 6.374324418096488, 6.374324418097937, 6.374324418096155, 6.374324418093931, 6.3743244180963, 6.374324418097143, 6.374324418101386, 6.374324418096279, 6.374324418099694, 6.374324418097076, 6.374324418095742, 6.374324418096159, 6.37432441809756, 6.37432441809728, 6.3743244180977605, 6.374324418094651, 6.374324417999366, 6.374324418097544, 6.374324418097712, 6.374324418098309, 6.378949186455426, 6.378949186454331, 6.378949186455185, 6.378949186455949, 6.378949186449202, 6.378949186451778, 6.3789491864551735, 6.378949186456705, 6.378949186453815, 6.378949186456079, 6.37894918645454, 6.378949186455723, 6.37894918645532, 6.378949186457276, 6.378949186455195, 6.378949186455428, 6.378949186453598, 6.378949186549391, 6.378949186456101, 6.378949186454741, 6.37894918645682, 6.380301708207867, 6.38030170820774, 6.38030170820844, 6.3803017082088695, 6.380301708204675, 6.380301708205574, 6.380301708208017, 6.380301708208998, 6.38030170820668, 6.380301708207107, 6.3803017082070275, 6.380301708208617, 6.380301708207696, 6.380301708209752, 6.380301708207735, 6.380301708207854, 6.380301708207301, 6.380301708300151, 6.380301708209069, 6.380301708207132, 6.3803017082093, 6.372383579274503, 6.3723835792752155, 6.372383579274332, 6.372383579271823, 6.372383579268886, 6.372383579273121, 6.372383579274993, 6.372383579281076, 6.3723835792726, 6.372383579279438, 6.37238357927398, 6.3723835792708625, 6.3723835792714345, 6.3723835792714425, 6.372383579274578, 6.372383579274489, 6.372383579270042, 6.372383579172156, 6.372383579272111, 6.372383579273034, 6.372383579276539, 6.373211255929771, 6.37321125593109, 6.373211255930152, 6.373211255928811, 6.373211255938732, 6.373211255935074, 6.373211255928249, 6.373211255933403, 6.373211255931211, 6.373211255928391, 6.373211255930136, 6.37321125593231, 6.37321125593029, 6.373211255931407, 6.373211255930331, 6.373211255929771, 6.373211255931407, 6.373211255833125, 6.373211255930623, 6.373211255930749, 6.37321125592845, 6.379705688887277, 6.379705688888216, 6.379705688888843, 6.379705688889262, 6.379705688904253, 6.379705688894693, 6.379705688885024, 6.379705688885429, 6.3797056888903745, 6.379705688878384, 6.379705688887717, 6.379705688895632, 6.379705688891027, 6.379705688893981, 6.379705688888154, 6.379705688887284, 6.379705688895359, 6.379705688972941, 6.379705688892192, 6.37970568888987, 6.379705688884074, 6.379522130763862, 6.379522130763979, 6.379522130764521, 6.379522130762959, 6.379522130757069, 6.379522130760935, 6.379522130764834, 6.379522130766133, 6.379522130761376, 6.379522130764867, 6.379522130763077, 6.3795221307629175, 6.379522130761555, 6.379522130762982, 6.3795221307646495, 6.379522130763855, 6.37952213076363, 6.3795221308572, 6.379522130763848, 6.379522130762997, 6.3795221307653875, 6.374975190160676, 6.374975190160642, 6.374975190159965, 6.374975190157366, 6.374975190137194, 6.374975190151527, 6.37497519016336, 6.374975190167302, 6.374975190154648, 6.374975190171044, 6.374975190159336, 6.3749751901527265, 6.374975190153878, 6.374975190153797, 6.374975190161448, 6.37497519016067, 6.3749751901527505, 6.374975190058023, 6.374975190155684, 6.374975190157108, 6.374975190165614, 6.377726380183075, 6.377726380183513, 6.377726380182848, 6.3777263801837165, 6.3777263801829545, 6.377726380183602, 6.377726380182287, 6.377726380184036, 6.377726380182188, 6.377726380183398, 6.377726380183121, 6.377726380185408, 6.3777263801829065, 6.3777263801845825, 6.377726380184357, 6.377726380183073, 6.37772638018423, 6.377726380090471, 6.377726380182932, 6.377726380182596, 6.37772638018358, 6.3752105749376735, 6.375210574938617, 6.375210574937683, 6.375210574939261, 6.375210574954588, 6.375210574946125, 6.375210574934628, 6.37521057493665, 6.3752105749401, 6.375210574932522, 6.375210574938985, 6.375210574945292, 6.375210574940971, 6.375210574943145, 6.375210574939235, 6.375210574937676, 6.375210574943754, 6.375210575026993, 6.375210574940117, 6.375210574939398, 6.375210574934814, 6.374418709692667, 6.374418709693403, 6.3744187096930744, 6.374418709691846, 6.3744187097030185, 6.374418709698246, 6.374418709691519, 6.3744187096939635, 6.374418709692918, 6.374418709690465, 6.374418709693691, 6.3744187096951705, 6.374418709692289, 6.374418709693822, 6.374418709693999, 6.374418709692662, 6.374418709695685, 6.374418709785066, 6.374418709693884, 6.37441870969343, 6.3744187096910885, 6.380506544104132, 6.3805065441041116, 6.380506544105571, 6.380506544103308, 6.380506544102463, 6.380506544102238, 6.380506544105506, 6.380506544104464, 6.380506544101813, 6.380506544102762, 6.380506544104152, 6.380506544103329, 6.380506544100985, 6.380506544102888, 6.380506544105194, 6.380506544104136, 6.38050654410572, 6.380506544192895, 6.380506544105133, 6.380506544103444, 6.3805065441049, 6.368460258878252, 6.368460258878742, 6.368460258876603, 6.368460258874799, 6.368460258849626, 6.368460258866474, 6.368460258880315, 6.368460258886103, 6.368460258872505, 6.368460258893398, 6.368460258877882, 6.368460258869783, 6.368460258870762, 6.36846025886951, 6.3684602588795345, 6.368460258878263, 6.368460258866456, 6.368460258770516, 6.368460258870583, 6.368460258873655, 6.368460258883618, 6.3668392768429065, 6.366839276843539, 6.366839276840985, 6.366839276843364, 6.366839276839882, 6.366839276842269, 6.366839276840245, 6.366839276845462, 6.366839276842971, 6.366839276848079, 6.366839276844315, 6.366839276846711, 6.366839276844394, 6.366839276843772, 6.366839276844943, 6.366839276842901, 6.3668392768403335, 6.366839276742674, 6.3668392768402775, 6.366839276842165, 6.366839276842706, 6.370564142345122, 6.370564142345175, 6.3705641423468915, 6.370564142348628, 6.370564142379033, 6.370564142359795, 6.370564142340461, 6.370564142339371, 6.3705641423502986, 6.370564142330837, 6.370564142347638, 6.37056414235953, 6.3705641423535395, 6.370564142355404, 6.370564142347295, 6.370564142345114, 6.370564142357743, 6.370564142263389, 6.370564142352792, 6.370564142349964, 6.370564142337909, 6.379212506753953, 6.379212506752836, 6.379212506758299, 6.379212506754777, 6.379212506777125, 6.379212506762319, 6.37921250675538, 6.3792125067486944, 6.379212506753885, 6.37921250673832, 6.379212506754622, 6.379212506758593, 6.3792125067546825, 6.379212506757641, 6.379212506755096, 6.379212506753953, 6.379212506764773, 6.3792125068304895, 6.379212506763008, 6.379212506757171, 6.3792125067498935, 6.374810034544544, 6.3748100345440495, 6.374810034545534, 6.374810034540617, 6.374810034510754, 6.37481003452889, 6.374810034552138, 6.374810034550465, 6.3748100345346534, 6.374810034554776, 6.3748100345424366, 6.374810034529363, 6.374810034531332, 6.374810034532265, 6.374810034544931, 6.374810034544549, 6.3748100345323495, 6.374810034643549, 6.374810034539961, 6.374810034539128, 6.374810034552087, 6.379325275095837, 6.379325275094408, 6.3793252750917615, 6.379325275096405, 6.379325275065699, 6.379325275080256, 6.37932527509922, 6.379325275096626, 6.379325275090733, 6.379325275103644, 6.379325275094393, 6.379325275092686, 6.37932527509164, 6.379325275093028, 6.379325275096768, 6.379325275095841, 6.3793252750871785, 6.379325275188157, 6.379325275090911, 6.379325275091127, 6.379325275102123, 6.372751925662175, 6.372751925661774, 6.372751925656904, 6.372751925664435, 6.372751925665413, 6.372751925664872, 6.372751925658908, 6.3727519256606655, 6.372751925664948, 6.372751925663194, 6.372751925662961, 6.372751925671191, 6.372751925667474, 6.3727519256678065, 6.372751925663618, 6.372751925662178, 6.3727519256608245, 6.372751925571395, 6.372751925659499, 6.372751925662126, 6.37275192566167, 6.369131995411217, 6.36913199541315, 6.369131995413322, 6.369131995412338, 6.369131995447078, 6.36913199543114, 6.369131995406685, 6.369131995409225, 6.369131995417535, 6.369131995402188, 6.369131995412675, 6.369131995420823, 6.369131995416313, 6.3691319954165175, 6.369131995412163, 6.36913199541122, 6.3691319954176855, 6.369131995325488, 6.36913199541364, 6.369131995415793, 6.369131995405043, 6.373945292885828, 6.373945292887487, 6.373945292891837, 6.373945292883351, 6.37394529290909, 6.373945292897989, 6.373945292885524, 6.373945292886549, 6.373945292888088, 6.373945292878947, 6.373945292885928, 6.37394529288599, 6.373945292883342, 6.373945292882996, 6.373945292886058, 6.373945292885832, 6.37394529288954, 6.373945292799837, 6.373945292888281, 6.373945292889251, 6.373945292881919, 6.379384909580087, 6.379384909579415, 6.379384909581332, 6.379384909576948, 6.379384909561676, 6.379384909568964, 6.379384909582584, 6.379384909582182, 6.379384909577036, 6.379384909584821, 6.379384909578916, 6.3793849095755375, 6.379384909574494, 6.379384909573659, 6.379384909580527, 6.379384909580096, 6.379384909575038, 6.379384909669934, 6.379384909577991, 6.379384909578694, 6.379384909582485, 6.376382162455161, 6.37638216245337, 6.376382162450399, 6.37638216245437, 6.376382162416751, 6.37638216243463, 6.376382162456412, 6.376382162457367, 6.376382162450744, 6.37638216246838, 6.376382162454236, 6.376382162452999, 6.376382162452745, 6.376382162451212, 6.376382162456303, 6.376382162455164, 6.376382162444207, 6.376382162550537, 6.376382162449514, 6.376382162450871, 6.376382162460619, 6.381085644316173, 6.3810856443144, 6.381085644313968, 6.381085644319692, 6.381085644321223, 6.38108564431634, 6.381085644315, 6.381085644310588, 6.381085644317109, 6.381085644311042, 6.381085644316928, 6.381085644324013, 6.381085644321899, 6.381085644322342, 6.38108564431723, 6.381085644316169, 6.381085644319929, 6.381085644238138, 6.381085644320722, 6.381085644316798, 6.381085644314918, 6.3800196645118685, 6.380019664512355, 6.380019664515783, 6.38001966451425, 6.380019664544018, 6.380019664528336, 6.380019664512609, 6.380019664507011, 6.3800196645131075, 6.380019664498509, 6.380019664512678, 6.380019664514221, 6.3800196645133465, 6.38001966451502, 6.3800196645119165, 6.3800196645118605, 6.380019664519958, 6.380019664585467, 6.380019664520699, 6.380019664514649, 6.380019664508165, 6.378760251243073, 6.378760251244582, 6.378760251245366, 6.378760251241865, 6.378760251250984, 6.378760251249599, 6.378760251245865, 6.378760251244888, 6.378760251240515, 6.378760251242159, 6.378760251242854, 6.37876025123571, 6.378760251236923, 6.378760251237881, 6.378760251242685, 6.378760251243078, 6.3787602512406565, 6.378760251157829, 6.378760251244703, 6.378760251242334, 6.37876025124407, 6.380661057951597, 6.380661057951361, 6.380661057946843, 6.380661057951288, 6.380661057931877, 6.380661057941363, 6.3806610579512135, 6.380661057952966, 6.380661057950578, 6.380661057959583, 6.3806610579514285, 6.380661057950677, 6.380661057949934, 6.38066105794995, 6.380661057951998, 6.3806610579515946, 6.380661057944917, 6.380661057863156, 6.3806610579470355, 6.380661057948835, 6.380661057954815, 6.374533890020165, 6.37453389001998, 6.37453389001446, 6.374533890020026, 6.374533889996095, 6.374533890007929, 6.374533890016005, 6.374533890022959, 6.374533890021433, 6.374533890032773, 6.374533890020431, 6.374533890023134, 6.374533890021381, 6.374533890019768, 6.374533890021217, 6.374533890020154, 6.3745338900115955, 6.374533890115211, 6.374533890011854, 6.374533890017913, 6.374533890022485, 6.374298536723676, 6.374298536724036, 6.3742985367259, 6.374298536723066, 6.374298536738254, 6.374298536730867, 6.374298536719243, 6.374298536723484, 6.374298536728093, 6.374298536720825, 6.374298536724572, 6.374298536728282, 6.374298536725959, 6.374298536725237, 6.374298536724389, 6.374298536723691, 6.374298536726923, 6.374298536808431, 6.374298536724109, 6.37429853672707, 6.374298536719217, 6.377992647627425, 6.377992647627592, 6.37799264763535, 6.377992647626401, 6.377992647662404, 6.37799264764424, 6.377992647626738, 6.377992647624627, 6.377992647631224, 6.377992647612559, 6.377992647628105, 6.377992647629385, 6.3779926476280195, 6.377992647628517, 6.377992647627429, 6.377992647627431, 6.377992647638413, 6.377992647700594, 6.377992647635956, 6.377992647632858, 6.377992647620854, 6.375932573772557, 6.37593257377286, 6.375932573775033, 6.3759325737711094, 6.37593257376491, 6.37593257377016, 6.375932573775356, 6.375932573776285, 6.375932573769307, 6.375932573775779, 6.375932573772153, 6.375932573765791, 6.375932573767975, 6.375932573766963, 6.375932573772729, 6.375932573772552, 6.375932573768166, 6.375932573684712, 6.375932573772799, 6.3759325737705375, 6.375932573775126, 6.372464408503248, 6.372464408501502, 6.3724644084958815, 6.372464408503696, 6.372464408468438, 6.372464408487363, 6.372464408504577, 6.372464408507302, 6.372464408498674, 6.372464408517017, 6.37246440850306, 6.372464408501054, 6.372464408503329, 6.372464408501869, 6.372464408504357, 6.372464408503252, 6.372464408491385, 6.372464408408563, 6.372464408497992, 6.372464408497505, 6.372464408509809, 6.377204864423078, 6.377204864420632, 6.3772048644178465, 6.377204864426256, 6.3772048644229775, 6.377204864420913, 6.377204864421827, 6.377204864419163, 6.377204864424189, 6.37720486441956, 6.377204864424039, 6.377204864431093, 6.377204864430437, 6.37720486443151, 6.3772048644242085, 6.377204864423076, 6.3772048644256625, 6.377204864344891, 6.377204864426241, 6.377204864422761, 6.377204864422703, 6.377684754898648, 6.377684754899847, 6.377684754905574, 6.377684754900601, 6.377684754926893, 6.377684754910322, 6.377684754899614, 6.377684754894968, 6.377684754900374, 6.37768475488395, 6.377684754898675, 6.377684754899399, 6.3776847548986675, 6.377684754901585, 6.377684754898574, 6.377684754898652, 6.37768475490798, 6.3776847549701134, 6.37768475490619, 6.377684754901843, 6.377684754895071, 6.375529476378269, 6.37552947638031, 6.375529476384478, 6.375529476375242, 6.375529476384172, 6.375529476381581, 6.375529476381495, 6.375529476381735, 6.375529476375589, 6.375529476375488, 6.375529476376643, 6.375529476368319, 6.375529476369104, 6.375529476371646, 6.3755294763777535, 6.375529476378277, 6.375529476377375, 6.3755294764617485, 6.375529476378656, 6.3755294763791035, 6.3755294763785475, 6.377917977297809, 6.377917977296425, 6.377917977292494, 6.3779179772959695, 6.377917977280074, 6.377917977287901, 6.377917977297264, 6.377917977299056, 6.3779179772974075, 6.377917977303105, 6.377917977296708, 6.377917977298879, 6.3779179772973675, 6.377917977298862, 6.37791797729822, 6.377917977297809, 6.377917977294, 6.377917977382335, 6.3779179772932935, 6.377917977297193, 6.377917977299333, 6.37831243248071, 6.378312432480214, 6.3783124324757, 6.378312432483792, 6.3783124324662746, 6.378312432472027, 6.378312432477058, 6.378312432479675, 6.378312432483656, 6.378312432486191, 6.3783124324802385, 6.37831243248926, 6.378312432486642, 6.3783124324864655, 6.3783124324814136, 6.378312432480705, 6.378312432478679, 6.378312432398334, 6.3783124324753215, 6.378312432479728, 6.3783124324821685, 6.3770574942325835, 6.377057494233827, 6.377057494235287, 6.377057494232545, 6.377057494240764, 6.377057494239682, 6.377057494232499, 6.3770574942345215, 6.377057494233517, 6.377057494232477, 6.377057494231618, 6.377057494231515, 6.377057494231426, 6.377057494231265, 6.377057494232158, 6.3770574942325835, 6.377057494232704, 6.377057494151245, 6.3770574942316, 6.377057494233434, 6.3770574942323215, 6.379877681406483, 6.3798776814065095, 6.379877681410983, 6.379877681403216, 6.379877681429034, 6.379877681421363, 6.3798776814094795, 6.379877681407571, 6.379877681406558, 6.37987768139891, 6.379877681405837, 6.379877681402113, 6.379877681403115, 6.379877681403624, 6.3798776814053495, 6.379877681406485, 6.379877681411664, 6.379877681332544, 6.379877681411788, 6.379877681409271, 6.37987768140386, 6.376106926760841, 6.376106926761858, 6.376106926761484, 6.376106926760907, 6.376106926752954, 6.376106926758802, 6.37610692676117, 6.376106926764501, 6.376106926759967, 6.37610692676708, 6.376106926760891, 6.37610692675881, 6.376106926759923, 6.376106926757965, 6.376106926760604, 6.3761069267608415, 6.3761069267568145, 6.3761069268462025, 6.376106926758749, 6.376106926758912, 6.376106926762956, 6.37410041820826, 6.374100418207405, 6.3741004182026515, 6.374100418209851, 6.374100418188293, 6.374100418197115, 6.374100418205161, 6.374100418209676, 6.374100418208818, 6.374100418217874, 6.374100418209615, 6.374100418213816, 6.374100418213488, 6.374100418211304, 6.374100418208961, 6.374100418208255, 6.374100418203439, 6.374100418295246, 6.374100418204544, 6.374100418205796, 6.37410041821, 6.378019127677267, 6.378019127675534, 6.378019127675808, 6.378019127676814, 6.378019127684177, 6.3780191276772635, 6.37801912767584, 6.378019127674522, 6.378019127678654, 6.378019127672414, 6.378019127679052, 6.378019127681733, 6.378019127680903, 6.378019127681747, 6.3780191276773595, 6.378019127677262, 6.378019127682681, 6.378019127751893, 6.37801912768191, 6.378019127679064, 6.378019127673929, 6.377851702294813, 6.377851702297008, 6.3778517023036265, 6.3778517022946435, 6.3778517023110055, 6.3778517023006955, 6.377851702297137, 6.377851702294627, 6.377851702293129, 6.377851702286882, 6.377851702295299, 6.3778517022876535, 6.37785170228865, 6.377851702290823, 6.377851702293879, 6.377851702294807, 6.377851702299505, 6.377851702220308, 6.377851702300324, 6.37785170229593, 6.377851702293188, 6.375769181190719, 6.375769181191371, 6.37576918119183, 6.375769181189978, 6.375769181185842, 6.375769181188901, 6.375769181192185, 6.375769181192688, 6.3757691811871675, 6.375769181192834, 6.375769181190718, 6.37576918118414, 6.375769181185372, 6.375769181187396, 6.375769181190223, 6.375769181190735, 6.37576918118753, 6.375769181108036, 6.375769181190171, 6.375769181189327, 6.375769181192293, 6.378065313807833, 6.378065313804598, 6.37806531379867, 6.37806531380947, 6.378065313797351, 6.378065313801967, 6.378065313805102, 6.378065313804839, 6.378065313808565, 6.3780653138100005, 6.378065313808668, 6.378065313815689, 6.378065313814284, 6.378065313815752, 6.378065313808194, 6.3780653138078325, 6.378065313807293, 6.378065313729917, 6.378065313806266, 6.378065313807009, 6.378065313808134, 6.378851961005721, 6.378851961006084, 6.378851961005632, 6.378851961009331, 6.378851961004717, 6.3788519610048615, 6.378851961004062, 6.37885196100424, 6.378851961007264, 6.378851961005253, 6.3788519610055765, 6.378851961009782, 6.378851961008605, 6.378851961008825, 6.378851961005425, 6.378851961005709, 6.378851961006362, 6.37885196108245, 6.378851961003915, 6.3788519610047985, 6.378851961006864, 6.377012870426812, 6.3770128704280085, 6.377012870432053, 6.377012870423516, 6.37701287043287, 6.377012870433838, 6.377012870429731, 6.377012870430925, 6.377012870424946, 6.377012870425887, 6.377012870425098, 6.377012870418286, 6.377012870419166, 6.377012870419433, 6.377012870425488, 6.377012870426823, 6.377012870425429, 6.377012870507189, 6.377012870426017, 6.377012870427326, 6.377012870427526, 6.380148181677857, 6.38014818167654, 6.380148181678157, 6.38014818167433, 6.380148181685988, 6.38014818168339, 6.380148181678928, 6.380148181677857, 6.38014818167908, 6.380148181673395, 6.380148181677064, 6.380148181678368, 6.3801481816774706, 6.380148181677389, 6.380148181677003, 6.380148181677859, 6.380148181681499, 6.380148181751592, 6.38014818167964, 6.380148181680387, 6.380148181675638, 6.376508801087707, 6.376508801089208, 6.376508801087413, 6.3765088010908455, 6.376508801075807, 6.376508801081259, 6.376508801084978, 6.37650880108814, 6.376508801090076, 6.376508801093854, 6.376508801087489, 6.3765088010938245, 6.376508801092337, 6.376508801089781, 6.376508801087877, 6.376508801087718, 6.376508801084946, 6.376508801005734, 6.376508801083074, 6.376508801086429, 6.376508801089286, 6.375060247762177, 6.3750602477621, 6.375060247759217, 6.375060247761068, 6.375060247753327, 6.375060247759253, 6.375060247761589, 6.375060247763884, 6.375060247761821, 6.37506024776802, 6.375060247762058, 6.3750602477634555, 6.375060247763466, 6.375060247762431, 6.375060247762204, 6.375060247762176, 6.375060247758373, 6.375060247678685, 6.375060247759707, 6.375060247761772, 6.375060247762721, 6.378146664775279, 6.3781466647750555, 6.3781466647770415, 6.378146664773091, 6.378146664790404, 6.378146664782497, 6.378146664777467, 6.378146664774326, 6.37814666477478, 6.378146664769033, 6.378146664775529, 6.3781466647731175, 6.378146664773757, 6.378146664775016, 6.378146664774621, 6.378146664775289, 6.3781466647794085, 6.378146664701983, 6.378146664780492, 6.3781466647773675, 6.378146664772735, 6.37840320485098, 6.378403204853505, 6.378403204856866, 6.37840320485407, 6.378403204859904, 6.378403204852188, 6.378403204852434, 6.378403204849935, 6.378403204850639, 6.378403204846851, 6.378403204851419, 6.378403204848537, 6.378403204849175, 6.378403204849937, 6.378403204850473, 6.378403204850978, 6.37840320485348, 6.37840320492538, 6.378403204854112, 6.378403204850376, 6.378403204851344, 6.376180916444094, 6.376180916442391, 6.376180916438374, 6.376180916443657, 6.376180916429663, 6.376180916435626, 6.376180916444137, 6.376180916444714, 6.376180916442009, 6.37618091644952, 6.376180916444652, 6.376180916443811, 6.37618091644427, 6.376180916445241, 6.37618091644433, 6.376180916444081, 6.376180916439972, 6.37618091652619, 6.376180916442547, 6.376180916442214, 6.376180916445775, 6.378930178428306, 6.378930178425757, 6.378930178423453, 6.378930178428843, 6.378930178423126, 6.37893017842371, 6.378930178427094, 6.378930178426108, 6.378930178428424, 6.378930178428363, 6.378930178428959, 6.378930178431905, 6.378930178431198, 6.378930178432402, 6.378930178428588, 6.378930178428312, 6.378930178429175, 6.378930178504303, 6.378930178428708, 6.378930178428236, 6.378930178427891, 6.37824859633064, 6.378248596332541, 6.378248596337415, 6.378248596333364, 6.378248596338386, 6.378248596334321, 6.378248596330432, 6.378248596330528, 6.37824859633089, 6.378248596327874, 6.378248596330227, 6.378248596327834, 6.378248596327825, 6.378248596328171, 6.378248596330226, 6.378248596330644, 6.37824859633231, 6.378248596254302, 6.378248596330783, 6.378248596330741, 6.378248596330821, 6.37657612724364, 6.376576127242284, 6.3765761272435455, 6.376576127239883, 6.376576127248073, 6.3765761272498755, 6.376576127244206, 6.376576127245775, 6.37657612724273, 6.376576127243389, 6.376576127243017, 6.376576127239559, 6.376576127240071, 6.376576127240521, 6.376576127243247, 6.376576127243634, 6.376576127243014, 6.376576127163719, 6.376576127243313, 6.3765761272451105, 6.376576127242462, 6.379440340759547, 6.379440340758362, 6.379440340756815, 6.379440340760092, 6.379440340759477, 6.379440340759795, 6.379440340757354, 6.379440340757957, 6.379440340762554, 6.379440340758565, 6.3794403407599605, 6.379440340765813, 6.379440340764595, 6.379440340763334, 6.379440340759731, 6.379440340759535, 6.3794403407616525, 6.379440340684355, 6.3794403407589435, 6.379440340760141, 6.379440340758548, 6.3774933679993255, 6.37749336800183, 6.377493368000986, 6.377493368001753, 6.3774933679888495, 6.377493367994624, 6.377493367998444, 6.377493368001084, 6.377493368000373, 6.377493368004371, 6.377493367999202, 6.377493368000311, 6.3774933680003105, 6.377493367997929, 6.377493367999424, 6.377493367999323, 6.377493367995821, 6.37749336808085, 6.377493367995504, 6.37749336799695, 6.37749336800208, 6.375957521867045, 6.375957521866272, 6.375957521864621, 6.375957521861438, 6.375957521864606, 6.375957521869692, 6.3759575218693625, 6.375957521870245, 6.375957521864713, 6.375957521869483, 6.375957521866648, 6.3759575218616655, 6.375957521863214, 6.375957521863269, 6.375957521866813, 6.375957521867043, 6.375957521863863, 6.375957521948988, 6.375957521867146, 6.375957521867434, 6.375957521866921, 6.378807396247355, 6.378807396248427, 6.378807396250774, 6.37880739624929, 6.3788073962627, 6.378807396252786, 6.378807396246875, 6.3788073962438565, 6.3788073962494, 6.378807396239952, 6.378807396247919, 6.378807396250637, 6.3788073962503455, 6.378807396250509, 6.378807396247453, 6.378807396247364, 6.378807396253328, 6.378807396318251, 6.378807396251652, 6.378807396249101, 6.378807396244979, 6.378107549567843, 6.378107549569412, 6.378107549570064, 6.3781075495711566, 6.378107549567784, 6.378107549564576, 6.378107549567231, 6.378107549565931, 6.378107549568185, 6.378107549567033, 6.3781075495680515, 6.378107549569609, 6.378107549569528, 6.37810754956961, 6.378107549568221, 6.378107549567839, 6.378107549568857, 6.378107549491766, 6.378107549568537, 6.378107549567191, 6.378107549568404, 6.376010706668078, 6.376010706665561, 6.376010706661587, 6.376010706663453, 6.3760107066526555, 6.376010706661336, 6.376010706670046, 6.376010706670619, 6.376010706663992, 6.376010706674429, 6.376010706667467, 6.37601070666313, 6.376010706664349, 6.376010706665836, 6.376010706668326, 6.376010706668092, 6.376010706662365, 6.376010706584445, 6.3760107066664204, 6.37601070666712, 6.376010706669612, 6.3791969193663265, 6.3791969193669695, 6.379196919368784, 6.379196919369654, 6.379196919370713, 6.379196919365498, 6.379196919365785, 6.37919691936449, 6.379196919367174, 6.379196919363604, 6.379196919366234, 6.379196919367733, 6.379196919367289, 6.379196919367673, 6.379196919366472, 6.379196919366334, 6.379196919368738, 6.379196919292064, 6.379196919367064, 6.37919691936618, 6.379196919366573, 6.377885152387222, 6.377885152387266, 6.377885152389165, 6.3778851523888855, 6.37788515239665, 6.377885152391479, 6.377885152386469, 6.377885152386291, 6.37788515238851, 6.377885152383888, 6.377885152387062, 6.377885152388244, 6.377885152387876, 6.377885152388005, 6.377885152387234, 6.377885152387233, 6.377885152389833, 6.37788515246252, 6.377885152387946, 6.37788515238818, 6.377885152386264, 6.375993189928167, 6.375993189926238, 6.375993189924342, 6.375993189924548, 6.375993189925155, 6.375993189930023, 6.375993189928645, 6.3759931899306554, 6.3759931899272795, 6.375993189930938, 6.37599318992779, 6.375993189926089, 6.37599318992648, 6.375993189926434, 6.375993189928231, 6.375993189928167, 6.375993189925598, 6.375993190009849, 6.375993189926643, 6.375993189928762, 6.375993189927795, 6.378741257123169, 6.378741257124905, 6.378741257125615, 6.378741257126287, 6.378741257120898, 6.378741257121274, 6.378741257122071, 6.3787412571228455, 6.378741257125281, 6.378741257123603, 6.378741257123371, 6.378741257126062, 6.378741257125314, 6.378741257123597, 6.378741257123387, 6.3787412571231705, 6.378741257123602, 6.378741257200123, 6.378741257121722, 6.37874125712238, 6.378741257123912, 6.378494280915416, 6.378494280915203, 6.378494280914697, 6.3784942809138565, 6.378494280913232, 6.378494280915435, 6.378494280916052, 6.378494280915768, 6.3784942809155805, 6.378494280915563, 6.378494280915595, 6.378494280915374, 6.378494280915459, 6.378494280914851, 6.378494280915499, 6.378494280915425, 6.378494280915325, 6.378494280838019, 6.378494280915663, 6.378494280915659, 6.378494280915011, 6.376728666648137, 6.37672866664818, 6.376728666647968, 6.376728666645824, 6.376728666647115, 6.376728666649761, 6.3767286666492655, 6.376728666649263, 6.376728666646889, 6.376728666649273, 6.376728666648139, 6.376728666645323, 6.376728666646166, 6.376728666646213, 6.376728666648155, 6.376728666648133, 6.3767286666465015, 6.376728666568426, 6.376728666648283, 6.376728666648225, 6.376728666648027, 6.379339732356066, 6.37933973235726, 6.379339732358989, 6.379339732359376, 6.3793397323635475, 6.3793397323574625, 6.379339732355054, 6.379339732352811, 6.379339732357799, 6.379339732351979, 6.3793397323566845, 6.3793397323595675, 6.379339732359115, 6.379339732359039, 6.379339732356267, 6.379339732356062, 6.37933973235969, 6.379339732283447, 6.379339732357939, 6.3793397323561685, 6.379339732355485, 6.378009575216301, 6.378009575215065, 6.378009575213497, 6.378009575214552, 6.378009575212399, 6.378009575214276, 6.378009575216907, 6.37800957521626, 6.378009575214771, 6.378009575217776, 6.378009575216292, 6.378009575214901, 6.378009575215421, 6.3780095752163035, 6.378009575216371, 6.378009575216298, 6.378009575214838, 6.378009575294692, 6.3780095752162005, 6.378009575215853, 6.3780095752168044, 6.376440394613716, 6.376440394613894, 6.3764403946132635, 6.376440394613176, 6.376440394606994, 6.376440394610441, 6.376440394614027, 6.376440394615425, 6.376440394611838, 6.3764403946177595, 6.376440394613311, 6.3764403946103565, 6.376440394610992, 6.376440394611308, 6.3764403946137165, 6.376440394613708, 6.3764403946100705, 6.376440394695519, 6.376440394611486, 6.3764403946124055, 6.376440394615478, 6.379403884893089, 6.379403884892746, 6.379403884894106, 6.379403884895214, 6.379403884902788, 6.37940388489523, 6.379403884891488, 6.379403884890097, 6.379403884895255, 6.379403884888038, 6.379403884893453, 6.379403884897398, 6.379403884896307, 6.379403884896337, 6.379403884893188, 6.3794038848930885, 6.379403884897956, 6.37940388496509, 6.379403884895018, 6.379403884894431, 6.379403884891311, 6.37767548605634, 6.377675486055985, 6.37767548605603, 6.377675486055266, 6.377675486057069, 6.377675486057447, 6.377675486056602, 6.377675486057158, 6.377675486055906, 6.377675486056401, 6.377675486056093, 6.377675486055154, 6.377675486055193, 6.377675486055023, 6.377675486056263, 6.377675486056345, 6.3776754860562574, 6.377675485978282, 6.377675486056313, 6.377675486056947, 6.377675486055863, 6.375782324796036, 6.3757823247970995, 6.375782324796088, 6.375782324795574, 6.375782324787411, 6.375782324793955, 6.375782324796661, 6.3757823247990855, 6.3757823247946535, 6.375782324801169, 6.375782324795604, 6.375782324792982, 6.3757823247935965, 6.375782324792531, 6.375782324796003, 6.375782324796035, 6.375782324791676, 6.37578232471288, 6.375782324793326, 6.375782324794884, 6.375782324797661, 6.378694920211716, 6.378694920211161, 6.378694920210232, 6.378694920212755, 6.378694920216573, 6.378694920213572, 6.378694920210702, 6.378694920209545, 6.378694920213862, 6.378694920208493, 6.378694920212394, 6.378694920216907, 6.378694920216079, 6.378694920215404, 6.378694920211954, 6.378694920211716, 6.378694920215037, 6.3786949201380505, 6.378694920213445, 6.378694920212774, 6.378694920210008, 6.378506865129336, 6.378506865130181, 6.3785068651312296, 6.3785068651298635, 6.37850686513307, 6.378506865131021, 6.378506865130122, 6.378506865128891, 6.378506865129682, 6.3785068651271395, 6.378506865129475, 6.378506865129087, 6.378506865129199, 6.378506865128955, 6.378506865129203, 6.378506865129334, 6.378506865130718, 6.378506865204832, 6.3785068651306345, 6.378506865129423, 6.378506865129141, 6.376565676317359, 6.37656567631775, 6.37656567631749, 6.37656567631524, 6.376565676310334, 6.376565676315454, 6.37656567631931, 6.376565676319789, 6.3765656763148835, 6.376565676321007, 6.3765656763168295, 6.37656567631198, 6.3765656763130485, 6.376565676313466, 6.3765656763171545, 6.376565676317363, 6.376565676313354, 6.376565676399094, 6.376565676315861, 6.376565676316167, 6.376565676319093, 6.3793073628445365, 6.379307362843305, 6.379307362842699, 6.379307362845541, 6.379307362846919, 6.37930736284368, 6.379307362843201, 6.3793073628413035, 6.379307362846024, 6.379307362842112, 6.3793073628449575, 6.379307362849309, 6.379307362848347, 6.3793073628489765, 6.3793073628448225, 6.379307362844527, 6.379307362847312, 6.3793073629180554, 6.379307362845496, 6.379307362845141, 6.379307362843532, 6.378084997822265, 6.378084997822798, 6.3780849978240575, 6.378084997823829, 6.378084997823634, 6.37808499782196, 6.37808499782154, 6.378084997821269, 6.378084997822627, 6.3780849978220955, 6.378084997822099, 6.378084997822724, 6.3780849978224, 6.3780849978227625, 6.378084997822301, 6.37808499782226, 6.378084997822642, 6.378084997745287, 6.378084997821595, 6.378084997822049, 6.378084997822642, 6.376372778265505, 6.376372778264597, 6.376372778264524, 6.376372778262027, 6.3763727782629775, 6.376372778266588, 6.376372778266882, 6.376372778267993, 6.376372778263259, 6.376372778268152, 6.3763727782648525, 6.376372778260257, 6.376372778261159, 6.376372778261887, 6.376372778265233, 6.3763727782655195, 6.376372778262596, 6.376372778184075, 6.376372778264407, 6.376372778265567, 6.376372778265943, 6.379251899591932, 6.379251899592193, 6.379251899592916, 6.379251899594526, 6.379251899597354, 6.379251899592638, 6.3792518995904155, 6.379251899589732, 6.379251899594366, 6.379251899588813, 6.379251899592424, 6.379251899596477, 6.379251899595524, 6.379251899594853, 6.379251899592019, 6.3792518995919405, 6.379251899595438, 6.379251899518429, 6.379251899592947, 6.379251899592399, 6.379251899591018, 6.377996597809498, 6.377996597809591, 6.377996597808501, 6.377996597809573, 6.377996597806098, 6.3779965978080915, 6.377996597809515, 6.377996597810175, 6.377996597809654, 6.377996597810807, 6.377996597809679, 6.377996597809992, 6.377996597810045, 6.377996597809255, 6.37799659780951, 6.377996597809511, 6.37799659780887, 6.377996597887811, 6.377996597809119, 6.377996597809108, 6.37799659780979, 6.376215820482332, 6.376215820482592, 6.376215820481486, 6.376215820480072, 6.376215820476614, 6.37621582048217, 6.376215820483828, 6.376215820485262, 6.376215820480275, 6.376215820485933, 6.376215820482063, 6.376215820477972, 6.376215820479076, 6.3762158204787305, 6.376215820482181, 6.376215820482335, 6.376215820478858, 6.376215820564423, 6.3762158204813835, 6.376215820481797, 6.376215820483163, 6.37900237780679, 6.3790023778076295, 6.37900237780889, 6.37900237780973, 6.379002377815977, 6.379002377809644, 6.379002377805484, 6.379002377803922, 6.3790023778090585, 6.379002377802007, 6.379002377807415, 6.379002377811152, 6.379002377810428, 6.379002377810097, 6.379002377806901, 6.379002377806781, 6.379002377811298, 6.379002377879293, 6.379002377809144, 6.379002377807787, 6.3790023778052, 6.378281492817403, 6.378281492816799, 6.378281492816149, 6.37828149281637, 6.378281492816874, 6.378281492817007, 6.378281492817735, 6.378281492817147, 6.378281492816917, 6.378281492817097, 6.378281492817426, 6.378281492817026, 6.378281492817191, 6.378281492817668, 6.37828149281739, 6.378281492817403, 6.378281492817583, 6.378281492740268, 6.378281492817975, 6.378281492817626, 6.378281492817125, 6.376438227168697, 6.376438227169343, 6.376438227168857, 6.376438227167781, 6.376438227159235, 6.376438227164647, 6.376438227169598, 6.376438227171192, 6.376438227166558, 6.37643822717369, 6.37643822716806, 6.376438227164195, 6.376438227165064, 6.376438227165238, 6.376438227168577, 6.37643822716871, 6.3764382271640825, 6.376438227085862, 6.3764382271659015, 6.3764382271670055, 6.376438227171069, 6.379351199874441, 6.379351199873205, 6.379351199873466, 6.379351199875347, 6.379351199881939, 6.379351199876258, 6.379351199873014, 6.379351199871331, 6.379351199876425, 6.379351199870156, 6.379351199874801, 6.379351199879106, 6.379351199878193, 6.3793511998787, 6.379351199874578, 6.379351199874443, 6.379351199878576, 6.379351199801753, 6.379351199876174, 6.379351199875697, 6.3793511998727865, 6.377911924726005, 6.377911924726538, 6.377911924727971, 6.377911924726473, 6.377911924728552, 6.377911924727414, 6.377911924726063, 6.377911924726104, 6.377911924726039, 6.3779119247254314, 6.377911924725699, 6.377911924725001, 6.377911924725151, 6.377911924725198, 6.377911924725876, 6.377911924725997, 6.377911924726213, 6.377911924803595, 6.377911924725795, 6.37791192472602, 6.377911924726224, 6.376095587700116, 6.376095587699864, 6.37609558769888, 6.37609558769771, 6.376095587692794, 6.376095587698942, 6.376095587701249, 6.376095587702957, 6.376095587698182, 6.376095587704438, 6.376095587699593, 6.376095587696129, 6.37609558769703, 6.376095587696892, 6.376095587700005, 6.376095587700106, 6.376095587696041, 6.376095587782962, 6.37609558769814, 6.376095587699427, 6.37609558770126, 6.378961231177971, 6.37896123117789, 6.378961231177822, 6.378961231180364, 6.378961231182598, 6.378961231178559, 6.378961231176366, 6.378961231175347, 6.378961231180678, 6.378961231174669, 6.378961231178692, 6.378961231183894, 6.3789612311828385, 6.378961231182119, 6.378961231178231, 6.378961231177977, 6.378961231181631, 6.378961231251565, 6.37896123117939, 6.3789612311787565, 6.378961231176536, 6.378302846977895, 6.3783028469784355, 6.37830284697908, 6.378302846977589, 6.378302846978815, 6.378302846978549, 6.3783028469789285, 6.378302846978463, 6.378302846977646, 6.378302846977029, 6.378302846977925, 6.378302846976406, 6.37830284697674, 6.378302846976555, 6.378302846977712, 6.378302846977889, 6.3783028469782, 6.378302846900637, 6.378302846978733, 6.3783028469779275, 6.378302846977812, 6.376455442548551, 6.376455442548709, 6.376455442547947, 6.376455442546436, 6.376455442542266, 6.37645544254736, 6.376455442550245, 6.376455442551319, 6.3764554425462086, 6.3764554425521816, 6.376455442548112, 6.376455442543552, 6.376455442544665, 6.376455442544882, 6.376455442548353, 6.376455442548553, 6.3764554425447555, 6.376455442466313, 6.376455442547291, 6.376455442547718, 6.376455442549789, 6.379183927940736, 6.379183927940441, 6.379183927940309, 6.379183927944053, 6.37918392794678, 6.379183927941158, 6.379183927938428, 6.379183927937038, 6.379183927943433, 6.379183927937155, 6.379183927941427, 6.3791839279474045, 6.379183927946192, 6.379183927946189, 6.379183927941056, 6.379183927940729, 6.3791839279447675, 6.379183927867805, 6.379183927942042, 6.379183927941479, 6.379183927939396, 6.378144288056057, 6.378144288055621, 6.378144288055893, 6.37814428805492, 6.378144288055932, 6.378144288056239, 6.378144288056664, 6.378144288056552, 6.378144288055093, 6.3781442880564, 6.3781442880557355, 6.378144288053928, 6.3781442880543056, 6.378144288054905, 6.3781442880559025, 6.37814428805606, 6.378144288055464, 6.378144288134351, 6.378144288055972, 6.378144288056131, 6.37814428805623, 6.376427480921445, 6.376427480922082, 6.376427480922574, 6.3764274809199355, 6.3764274809157175, 6.376427480919936, 6.376427480922567, 6.376427480924279, 6.376427480919364, 6.3764274809254164, 6.376427480920754, 6.376427480916148, 6.376427480917109, 6.376427480917165, 6.376427480921192, 6.376427480921439, 6.376427480917533, 6.376427481004126, 6.376427480919273, 6.376427480920403, 6.376427480923152, 6.379266354307557, 6.379266354306234, 6.379266354305757, 6.379266354309199, 6.379266354315022, 6.379266354309067, 6.37926635430517, 6.379266354303827, 6.379266354310701, 6.379266354303024, 6.379266354308389, 6.3792663543151376, 6.3792663543137476, 6.379266354313483, 6.379266354307879, 6.379266354307566, 6.379266354312532, 6.379266354379841, 6.37926635430952, 6.379266354309066, 6.379266354305255, 6.377903648641375, 6.377903648642651, 6.377903648643571, 6.377903648641702, 6.377903648639544, 6.377903648640922, 6.377903648642133, 6.37790364864259, 6.3779036486408085, 6.377903648642409, 6.3779036486411735, 6.377903648639102, 6.377903648639608, 6.377903648639071, 6.3779036486411975, 6.3779036486413645, 6.377903648640194, 6.377903648562251, 6.377903648640845, 6.377903648640622, 6.3779036486423575, 6.376127501731442, 6.376127501731005, 6.37612750172961, 6.376127501727741, 6.376127501724252, 6.376127501731112, 6.37612750173346, 6.376127501734722, 6.376127501728661, 6.37612750173554, 6.376127501730988, 6.376127501725923, 6.376127501727267, 6.37612750172741, 6.376127501731238, 6.37612750173143, 6.376127501727138, 6.376127501648377, 6.376127501730287, 6.376127501730886, 6.3761275017324035, 6.378889596191549, 6.37888959619246, 6.378889596193222, 6.378889596196739, 6.378889596200738, 6.378889596193098, 6.378889596188573, 6.378889596187176, 6.378889596195526, 6.378889596186376, 6.37888959619256, 6.378889596200088, 6.378889596198491, 6.378889596197785, 6.3788895961919625, 6.378889596191561, 6.378889596197, 6.378889596119683, 6.378889596193333, 6.378889596192345, 6.378889596189897, 6.378258344831506, 6.378258344830032, 6.378258344829374, 6.378258344828113, 6.378258344830629, 6.378258344832031, 6.378258344833196, 6.3782583448325, 6.378258344829895, 6.378258344831216, 6.378258344831272, 6.378258344828414, 6.3782583448289945, 6.3782583448298995, 6.3782583448312895, 6.378258344831511, 6.378258344831053, 6.378258344909601, 6.378258344832485, 6.378258344832058, 6.378258344831074, 6.376407784338304, 6.376407784340799, 6.376407784342203, 6.376407784339441, 6.3764077843291185, 6.376407784334101, 6.37640778433949, 6.376407784341464, 6.376407784336186, 6.376407784343523, 6.376407784337458, 6.3764077843323665, 6.376407784333285, 6.376407784332967, 6.376407784338056, 6.376407784338311, 6.376407784333292, 6.376407784421875, 6.376407784334928, 6.376407784335905, 6.376407784341638, 6.379183603461242, 6.379183603456899, 6.379183603454117, 6.379183603459887, 6.379183603469946, 6.379183603464428, 6.379183603458937, 6.379183603456676, 6.379183603463908, 6.379183603455837, 6.379183603462136, 6.379183603470008, 6.379183603468431, 6.3791836034694915, 6.3791836034617075, 6.379183603461247, 6.37918360346701, 6.379183603532622, 6.379183603464373, 6.379183603464195, 6.379183603457273, 6.37784428702763, 6.377844287032683, 6.377844287037406, 6.377844287033518, 6.377844287029001, 6.3778442870267815, 6.377844287027534, 6.377844287028502, 6.377844287028082, 6.37784428702851, 6.377844287027057, 6.377844287024888, 6.377844287025081, 6.377844287023877, 6.377844287027355, 6.377844287027616, 6.377844287026615, 6.377844286948607, 6.377844287025575, 6.377844287025492, 6.377844287030444, 6.375989689632035, 6.375989689625767, 6.375989689619914, 6.375989689619462, 6.375989689622775, 6.375989689633468, 6.375989689635714, 6.375989689636221, 6.375989689627214, 6.375989689636488, 6.375989689631487, 6.3759896896251345, 6.375989689626847, 6.375989689628752, 6.375989689631796, 6.375989689632025, 6.375989689627269, 6.375989689548395, 6.375989689632645, 6.375989689633863, 6.3759896896304005, 6.378616991575333, 6.3786169915847, 6.378616991591601, 6.3786169915935576, 6.378616991584292, 6.378616991571409, 6.378616991569336, 6.3786169915699835, 6.378616991583041, 6.378616991571567, 6.378616991576399, 6.378616991587036, 6.37861699158436, 6.378616991580442, 6.378616991575869, 6.37861699157534, 6.378616991580788, 6.378616991503261, 6.378616991573204, 6.378616991572226, 6.378616991578015, 6.377285071630467, 6.377285071616322, 6.377285071606012, 6.377285071607191, 6.377285071628685, 6.377285071638425, 6.377285071636299, 6.377285071633008, 6.377285071624066, 6.377285071628965, 6.377285071630429, 6.377285071624175, 6.3772850716261305, 6.3772850716308485, 6.3772850716301654, 6.377285071630472, 6.377285071630025, 6.37728507170871, 6.377285071637297, 6.377285071636912, 6.377285071623287, 6.374575033049031, 6.3745750330711655, 6.374575033087568, 6.37457503307862, 6.374575033043031, 6.3745750330365905, 6.374575033045126, 6.374575033050714, 6.374575033053434, 6.374575033055943, 6.374575033047999, 6.374575033045699, 6.37457503304535, 6.374575033038781, 6.3745750330487585, 6.374575033049035, 6.37457503304361, 6.3745750331332705, 6.374575033038119, 6.374575033038086, 6.374575033062055, 6.375734612175246, 6.375734612143866, 6.37573461212025, 6.375734612135193, 6.375734612180571, 6.3757346121913665, 6.375734612179599, 6.375734612171607, 6.375734612169223, 6.375734612166877, 6.3757346121768235, 6.375734612181655, 6.3757346121820655, 6.375734612191473, 6.37573461217593, 6.375734612175226, 6.375734612182085, 6.375734612245507, 6.375734612189952, 6.375734612190285, 6.375734612157239, 6.373638099287086, 6.373638099324097, 6.373638099351994, 6.3736380993392965, 6.373638099290531, 6.373638099268579, 6.373638099278523, 6.373638099286044, 6.373638099298796, 6.373638099291094, 6.373638099286121, 6.373638099288425, 6.373638099285954, 6.373638099274989, 6.37363809928651, 6.373638099287087, 6.373638099284821, 6.373638099207037, 6.373638099271321, 6.373638099270019, 6.3736380993068735, 6.372610226138896, 6.372610226105014, 6.37261022608133, 6.3726102260869135, 6.372610226128835, 6.37261022615619, 6.372610226150824, 6.372610226144472, 6.3726102261231485, 6.37261022613962, 6.3726102261380735, 6.372610226125262, 6.372610226129716, 6.37261022614082, 6.3726102261386135, 6.372610226138897, 6.372610226135212, 6.372610226056918, 6.372610226152073, 6.372610226153529, 6.372610226123174, 6.378172362264252, 6.37817236228143, 6.378172362292144, 6.378172362294579, 6.378172362272575, 6.3781723622535536, 6.378172362254654, 6.378172362257897, 6.378172362276387, 6.3781723622616076, 6.378172362265493, 6.378172362280553, 6.378172362276478, 6.378172362269578, 6.378172362264823, 6.378172362264243, 6.378172362269746, 6.3781723621922835, 6.378172362257358, 6.37817236225694, 6.378172362271497, 6.377426709945979, 6.377426709951759, 6.377426709955624, 6.377426709950893, 6.377426709944871, 6.377426709944966, 6.377426709946708, 6.377426709948318, 6.377426709945509, 6.377426709948166, 6.377426709945321, 6.377426709941257, 6.377426709941941, 6.377426709940525, 6.377426709945619, 6.377426709945983, 6.37742670994354, 6.377426710026888, 6.377426709943465, 6.377426709943515, 6.377426709949229, 6.373971986786523, 6.373971986764518, 6.373971986749006, 6.373971986750954, 6.373971986779715, 6.373971986799843, 6.373971986795151, 6.37397198679134, 6.373971986774852, 6.373971986788, 6.373971986785884, 6.373971986775354, 6.373971986778893, 6.373971986786261, 6.373971986786393, 6.373971986786516, 6.373971986783056, 6.373971986869255, 6.373971986795433, 6.373971986796694, 6.37397198677564, 6.375721113471741, 6.375721113498591, 6.375721113516204, 6.375721113515422, 6.375721113481799, 6.375721113455459, 6.375721113459327, 6.375721113464633, 6.375721113487737, 6.375721113469408, 6.375721113473326, 6.3757211134899565, 6.375721113484939, 6.375721113475123, 6.3757211134724, 6.375721113471751, 6.375721113477412, 6.375721113544364, 6.375721113461248, 6.3757211134603, 6.375721113483333, 6.377503600050388, 6.37750360003391, 6.3775036000244, 6.377503600025305, 6.377503600048552, 6.377503600060198, 6.377503600057708, 6.37750360005275, 6.377503600041655, 6.377503600048181, 6.377503600050016, 6.377503600041788, 6.377503600044481, 6.377503600050469, 6.377503600050187, 6.377503600050389, 6.377503600050157, 6.377503599972678, 6.377503600058822, 6.377503600057748, 6.377503600042459, 6.376466118690138, 6.376466118687512, 6.3764661186856415, 6.376466118683507, 6.376466118679214, 6.376466118689173, 6.3764661186940925, 6.376466118694447, 6.376466118684718, 6.37646611869531, 6.376466118689191, 6.3764661186808205, 6.376466118682907, 6.3764661186845375, 6.376466118689843, 6.376466118690161, 6.376466118684319, 6.3764661186059035, 6.3764661186891205, 6.376466118689603, 6.37646611869146, 6.3778846798195445, 6.377884679836323, 6.377884679847327, 6.377884679850255, 6.3778846798311895, 6.377884679810117, 6.3778846798094255, 6.37788467981225, 6.377884679832234, 6.377884679815595, 6.377884679821001, 6.377884679836743, 6.377884679832352, 6.377884679826249, 6.3778846798202, 6.377884679819539, 6.377884679825959, 6.377884679748369, 6.377884679812774, 6.377884679812466, 6.377884679826368, 6.376307768408167, 6.376307768387475, 6.376307768374916, 6.376307768376733, 6.376307768408121, 6.3763077684229525, 6.3763077684158365, 6.3763077684111185, 6.376307768398368, 6.3763077684063045, 6.376307768407491, 6.376307768399035, 6.376307768401805, 6.376307768409138, 6.376307768407921, 6.376307768408167, 6.376307768407667, 6.37630776848692, 6.3763077684173, 6.376307768418166, 6.376307768397502, 6.375598088864646, 6.375598088876654, 6.375598088883697, 6.3755980888767665, 6.375598088854325, 6.3755980888558454, 6.3755980888640735, 6.375598088869231, 6.375598088865485, 6.3755980888721675, 6.37559808886365, 6.3755980888582355, 6.375598088858579, 6.3755980888549555, 6.375598088864177, 6.375598088864645, 6.375598088858104, 6.375598088950758, 6.375598088856556, 6.375598088858202, 6.375598088872587, 6.378747603835538, 6.378747603838906, 6.378747603840483, 6.378747603845753, 6.378747603846195, 6.378747603833814, 6.37874760382952, 6.378747603829339, 6.3787476038432604, 6.378747603829797, 6.3787476038372635, 6.378747603850534, 6.378747603847439, 6.3787476038449435, 6.378747603836293, 6.37874760383554, 6.378747603843012, 6.378747603906124, 6.378747603835887, 6.3787476038354285, 6.378747603834357, 6.377112643588633, 6.3771126435743515, 6.377112643565568, 6.377112643565841, 6.377112643587405, 6.3771126435985375, 6.377112643595202, 6.377112643591234, 6.377112643580705, 6.3771126435874566, 6.377112643588235, 6.377112643580692, 6.377112643583359, 6.377112643588163, 6.377112643588405, 6.377112643588621, 6.377112643587868, 6.377112643509897, 6.377112643596298, 6.377112643595356, 6.377112643581417, 6.375030316538233, 6.375030316554969, 6.375030316565244, 6.3750303165577105, 6.375030316528134, 6.375030316526487, 6.375030316536874, 6.375030316542, 6.375030316539879, 6.375030316546192, 6.375030316537262, 6.375030316532077, 6.375030316532659, 6.375030316527822, 6.375030316537764, 6.375030316538234, 6.3750303165311175, 6.375030316452229, 6.375030316529042, 6.375030316528965, 6.375030316549337, 6.378273545954126, 6.378273545944892, 6.378273545939111, 6.378273545948187, 6.378273545966441, 6.378273545960578, 6.378273545951385, 6.378273545947529, 6.378273545956582, 6.378273545946165, 6.378273545955689, 6.37827354596652, 6.378273545964824, 6.37827354596711, 6.378273545954962, 6.3782735459541104, 6.378273545962256, 6.378273545884673, 6.378273545960384, 6.378273545959523, 6.378273545946897, 6.378361744576743, 6.378361744573096, 6.37836174457173, 6.37836174457005, 6.37836174457589, 6.378361744578834, 6.3783617445794984, 6.378361744578354, 6.378361744573552, 6.378361744576186, 6.378361744576194, 6.378361744571408, 6.378361744572353, 6.378361744574335, 6.378361744576391, 6.378361744576733, 6.378361744575969, 6.378361744655312, 6.378361744578543, 6.378361744578216, 6.378361744575515, 6.375987796820126, 6.375987796832977, 6.375987796840723, 6.375987796833771, 6.375987796807805, 6.375987796809377, 6.375987796819727, 6.375987796824619, 6.3759877968207075, 6.375987796827921, 6.375987796818831, 6.375987796812601, 6.375987796812901, 6.375987796809575, 6.375987796819524, 6.375987796820137, 6.37598779681293, 6.375987796906096, 6.375987796811409, 6.375987796812748, 6.375987796829327, 6.378657861549795, 6.378657861535161, 6.3786578615256815, 6.378657861535844, 6.378657861562482, 6.378657861560971, 6.37865786154855, 6.378657861543525, 6.378657861550972, 6.378657861540889, 6.37865786155123, 6.378657861561714, 6.378657861560118, 6.378657861563886, 6.378657861550582, 6.378657861549789, 6.378657861558655, 6.378657861618228, 6.378657861558326, 6.378657861558411, 6.378657861539079, 6.3772831897936495, 6.377283189801998, 6.377283189807, 6.377283189802536, 6.377283189791145, 6.377283189790469, 6.377283189793358, 6.3772831897960245, 6.37728318979476, 6.377283189797094, 6.377283189793024, 6.377283189790018, 6.377283189790262, 6.377283189787785, 6.377283189793221, 6.377283189793655, 6.377283189790411, 6.377283189711951, 6.377283189789301, 6.377283189789591, 6.377283189798646, 6.375760427219795, 6.3757604272227475, 6.3757604272240345, 6.375760427219629, 6.375760427210799, 6.375760427217289, 6.375760427221994, 6.375760427224509, 6.375760427217128, 6.375760427225955, 6.375760427218926, 6.375760427211838, 6.3757604272133825, 6.375760427212397, 6.375760427219371, 6.375760427219802, 6.3757604272137325, 6.375760427134456, 6.375760427216736, 6.375760427217409, 6.3757604272231125, 6.378134937011788, 6.378134937000251, 6.3781349369935585, 6.378134937001997, 6.37813493702489, 6.3781349370192455, 6.378134937009849, 6.378134937005546, 6.378134937014075, 6.378134937002871, 6.378134937013621, 6.378134937024103, 6.378134937022469, 6.378134937024802, 6.378134937012615, 6.3781349370117795, 6.378134937020865, 6.378134936942946, 6.378134937019873, 6.378134937018601, 6.378134937002771, 6.377686769865411, 6.377686769878167, 6.377686769887303, 6.37768676988087, 6.377686769861697, 6.377686769855869, 6.377686769864313, 6.377686769866688, 6.377686769867641, 6.3776867698681174, 6.3776867698649236, 6.377686769861933, 6.377686769861764, 6.377686769858449, 6.3776867698649955, 6.37768676986542, 6.377686769862881, 6.377686769945794, 6.377686769860139, 6.377686769858906, 6.377686769873071, 6.376165841130164, 6.376165841123104, 6.376165841118278, 6.3761658411167925, 6.376165841119248, 6.3761658411324955, 6.376165841135398, 6.376165841134247, 6.376165841122431, 6.376165841135045, 6.3761658411289455, 6.376165841119344, 6.376165841122003, 6.37616584112543, 6.376165841129882, 6.376165841130153, 6.376165841124221, 6.376165841214323, 6.376165841131641, 6.376165841132131, 6.376165841128878, 6.378799318731685, 6.378799318729077, 6.3787993187272205, 6.378799318735399, 6.378799318746431, 6.378799318735851, 6.378799318726578, 6.378799318724282, 6.378799318737523, 6.378799318723736, 6.378799318733245, 6.378799318746518, 6.37879931874378, 6.378799318744097, 6.378799318732477, 6.3787993187316925, 6.378799318740211, 6.378799318800508, 6.378799318734723, 6.378799318734335, 6.378799318727556, 6.377611272407342, 6.377611272417178, 6.377611272423325, 6.377611272417863, 6.377611272403802, 6.3776112724020635, 6.377611272407071, 6.377611272410242, 6.377611272408718, 6.377611272410641, 6.3776112724065, 6.377611272402551, 6.377611272402597, 6.377611272400032, 6.3776112724067415, 6.3776112724073535, 6.377611272403846, 6.377611272325585, 6.377611272401827, 6.377611272402289, 6.377611272413624, 6.375869784991351, 6.375869784980476, 6.375869784972816, 6.375869784971884, 6.375869784980418, 6.375869784996159, 6.3758697849971995, 6.37586978499687, 6.37586978498373, 6.375869784995698, 6.375869784990262, 6.375869784981046, 6.375869784983471, 6.375869784986811, 6.375869784990982, 6.3758697849913535, 6.375869784986118, 6.375869784906991, 6.375869784993851, 6.375869784995556, 6.37586978498745, 6.378688065265107, 6.3786880652713345, 6.378688065275499, 6.378688065280465, 6.378688065279704, 6.378688065262925, 6.378688065257413, 6.3786880652577445, 6.378688065275145, 6.3786880652578075, 6.378688065266964, 6.37868806528255, 6.378688065278673, 6.378688065275133, 6.378688065265865, 6.378688065265098, 6.378688065274185, 6.378688065196145, 6.378688065264692, 6.3786880652640985, 6.378688065264811, 6.377496025459657, 6.3774960254611885, 6.37749602546278, 6.3774960254579165, 6.377496025454543, 6.377496025459635, 6.3774960254628335, 6.377496025462933, 6.377496025456024, 6.377496025462819, 6.377496025458732, 6.377496025451362, 6.377496025453148, 6.377496025453311, 6.37749602545923, 6.3774960254596555, 6.377496025455817, 6.377496025541587, 6.3774960254592, 6.377496025458611, 6.37749602546153, 6.375725355836774, 6.375725355829873, 6.375725355824789, 6.375725355824171, 6.375725355826651, 6.375725355839041, 6.375725355841293, 6.375725355840593, 6.375725355829887, 6.375725355841816, 6.375725355835967, 6.375725355827965, 6.375725355830522, 6.375725355833197, 6.375725355836656, 6.375725355836773, 6.375725355831242, 6.37572535592106, 6.37572535583831, 6.3757253558387115, 6.375725355835221, 6.377875817630236, 6.377875817638233, 6.377875817643573, 6.3778758176488175, 6.37787581764683, 6.377875817626268, 6.377875817621789, 6.377875817622224, 6.377875817641012, 6.3778758176225985, 6.377875817632412, 6.377875817648081, 6.377875817644149, 6.377875817640747, 6.37787581763102, 6.3778758176302395, 6.377875817639304, 6.377875817699216, 6.377875817629041, 6.377875817627752, 6.37787581763139, 6.378076647262355, 6.3780766472563055, 6.378076647253769, 6.378076647250123, 6.378076647258433, 6.378076647265602, 6.378076647267935, 6.378076647266035, 6.378076647256273, 6.378076647262903, 6.378076647261464, 6.378076647251915, 6.378076647254092, 6.378076647257117, 6.378076647261775, 6.378076647262345, 6.378076647259773, 6.378076647182164, 6.378076647265296, 6.378076647264538, 6.37807664726061, 6.376585706900139, 6.376585706901778, 6.376585706901731, 6.376585706899251, 6.376585706885819, 6.37658570689539, 6.376585706902198, 6.376585706904183, 6.376585706896637, 6.376585706907221, 6.376585706898993, 6.376585706892633, 6.376585706893843, 6.376585706893922, 6.376585706899906, 6.376585706900145, 6.376585706893477, 6.376585706814938, 6.376585706896257, 6.376585706897958, 6.376585706903437, 6.378840092655718, 6.378840092657825, 6.37884009265928, 6.378840092666495, 6.378840092673402, 6.378840092658583, 6.37884009264848, 6.378840092647356, 6.37884009266464, 6.378840092646998, 6.378840092657503, 6.378840092673717, 6.378840092669979, 6.378840092668326, 6.378840092656578, 6.378840092655706, 6.378840092665683, 6.378840092588094, 6.378840092656976, 6.378840092656996, 6.378840092652924, 6.377193889456327, 6.377193889452179, 6.377193889450023, 6.377193889445555, 6.377193889451402, 6.377193889461275, 6.377193889461706, 6.3771938894615, 6.37719388945043, 6.377193889459295, 6.377193889455054, 6.377193889445135, 6.377193889447575, 6.377193889449298, 6.377193889455642, 6.377193889456326, 6.377193889451912, 6.377193889539047, 6.377193889457568, 6.377193889457901, 6.377193889455522, 6.375868286255769, 6.3758682862611815, 6.3758682862631995, 6.375868286259907, 6.375868286243602, 6.3758682862486795, 6.37586828625628, 6.375868286260077, 6.375868286254922, 6.375868286262913, 6.375868286255119, 6.37586828625055, 6.3758682862512845, 6.375868286249052, 6.3758682862555105, 6.375868286255768, 6.375868286249648, 6.375868286341305, 6.375868286250559, 6.37586828625182, 6.375868286260659, 6.378204603728562, 6.378204603723489, 6.3782046037210245, 6.378204603729055, 6.378204603747106, 6.378204603733422, 6.37820460372349, 6.378204603720455, 6.3782046037349485, 6.378204603717943, 6.378204603730849, 6.378204603745296, 6.378204603742372, 6.378204603742668, 6.3782046037294755, 6.378204603728571, 6.378204603739771, 6.378204603795376, 6.378204603734365, 6.378204603732951, 6.378204603721907, 6.377744775907791, 6.37774477591078, 6.377744775913715, 6.377744775907009, 6.377744775901622, 6.377744775905808, 6.377744775911859, 6.37774477591155, 6.377744775903326, 6.377744775911062, 6.377744775906616, 6.377744775896702, 6.377744775898872, 6.377744775899342, 6.377744775907134, 6.377744775907789, 6.377744775903228, 6.377744775825788, 6.377744775907091, 6.377744775905693, 6.377744775911037, 6.376321232714218, 6.3763212327150764, 6.376321232714283, 6.376321232712933, 6.376321232700745, 6.3763212327100165, 6.376321232716241, 6.376321232717301, 6.3763212327100405, 6.37632123272127, 6.3763212327132095, 6.37632123270724, 6.376321232708806, 6.376321232709419, 6.376321232714132, 6.376321232714223, 6.376321232707602, 6.376321232629362, 6.376321232711328, 6.376321232712199, 6.376321232717231, 6.378328543856621, 6.378328543851694, 6.378328543848992, 6.378328543858362, 6.378328543876855, 6.378328543863422, 6.378328543850815, 6.378328543847888, 6.378328543863507, 6.378328543845746, 6.378328543858736, 6.378328543874237, 6.378328543870979, 6.37832854387175, 6.37832854385754, 6.378328543856608, 6.378328543867883, 6.378328543790239, 6.378328543861523, 6.378328543860983, 6.3783285438501425, 6.377503834157601, 6.377503834164218, 6.377503834169002, 6.3775038341612795, 6.377503834151008, 6.37750383415384, 6.3775038341604, 6.377503834163027, 6.377503834155848, 6.377503834161852, 6.377503834156285, 6.377503834147072, 6.37750383414833, 6.377503834146906, 6.377503834156653, 6.377503834157605, 6.377503834152334, 6.377503834241033, 6.3775038341534005, 6.377503834153611, 6.377503834163032, 6.376321055132128, 6.37632105512648, 6.376321055121699, 6.376321055121117, 6.3763210551186384, 6.376321055131885, 6.376321055135759, 6.376321055136835, 6.376321055127037, 6.376321055138058, 6.3763210551312, 6.37632105512473, 6.3763210551263185, 6.3763210551276694, 6.376321055131938, 6.376321055132128, 6.37632105512645, 6.376321055216814, 6.376321055131604, 6.376321055133526, 6.376321055131258, 6.378515969143151, 6.378515969145532, 6.378515969147586, 6.378515969154726, 6.378515969163176, 6.378515969145774, 6.378515969135334, 6.37851596913391, 6.378515969152965, 6.3785159691330895, 6.378515969145323, 6.378515969162833, 6.378515969158808, 6.378515969156761, 6.378515969144122, 6.3785159691431375, 6.37851596915458, 6.378515969209449, 6.378515969145461, 6.378515969144712, 6.378515969139772, 6.377089599352365, 6.377089599354127, 6.3770895993558225, 6.377089599348991, 6.377089599343875, 6.377089599352191, 6.37708959935736, 6.377089599357531, 6.37708959934672, 6.377089599357531, 6.377089599350841, 6.377089599339494, 6.377089599342219, 6.3770895993427, 6.377089599351632, 6.377089599352366, 6.377089599346055, 6.377089599268328, 6.377089599351403, 6.377089599350685, 6.377089599355392, 6.375920651556345, 6.37592065155256, 6.3759206515489355, 6.375920651548566, 6.375920651544793, 6.375920651554682, 6.375920651559372, 6.375920651559905, 6.375920651551473, 6.375920651562118, 6.375920651555679, 6.375920651549582, 6.375920651551407, 6.375920651552738, 6.375920651556249, 6.375920651556334, 6.3759206515507145, 6.375920651471925, 6.375920651555867, 6.375920651556488, 6.3759206515566715, 6.377757181235701, 6.377757181239503, 6.3777571812425835, 6.377757181249438, 6.377757181257566, 6.377757181235595, 6.377757181227155, 6.377757181226345, 6.377757181246618, 6.377757181224783, 6.377757181238287, 6.37775718125568, 6.377757181251361, 6.377757181249244, 6.377757181236585, 6.377757181235694, 6.377757181247559, 6.3777571811694, 6.377757181237345, 6.377757181235999, 6.377757181233427, 6.377766126680222, 6.377766126676578, 6.377766126675286, 6.377766126669586, 6.377766126671927, 6.377766126681701, 6.3777661266866295, 6.377766126685426, 6.377766126673058, 6.377766126683338, 6.377766126678726, 6.377766126666483, 6.377766126669259, 6.377766126671696, 6.377766126679427, 6.377766126680229, 6.377766126675108, 6.377766126762705, 6.377766126681601, 6.377766126680909, 6.377766126680578, 6.376556872915445, 6.376556872918799, 6.3765568729194175, 6.376556872917332, 6.376556872899996, 6.3765568729096795, 6.3765568729168445, 6.376556872919118, 6.376556872912464, 6.376556872923466, 6.376556872914199, 6.376556872908861, 6.376556872909975, 6.3765568729093856, 6.3765568729152795, 6.376556872915449, 6.376556872908277, 6.376556873000892, 6.376556872910606, 6.3765568729124, 6.376556872919789, 6.37843675870465, 6.3784367587014605, 6.378436758700114, 6.378436758709285, 6.378436758728128, 6.378436758712866, 6.378436758697799, 6.378436758695004, 6.378436758713148, 6.378436758692473, 6.37843675870687, 6.3784367587244235, 6.378436758720633, 6.378436758720563, 6.378436758705644, 6.378436758704641, 6.378436758717377, 6.3784367587695305, 6.37843675870943, 6.378436758709128, 6.378436758697965, 6.3769775531290485, 6.3769775531318835, 6.376977553133742, 6.3769775531267, 6.376977553119099, 6.3769775531271335, 6.376977553133582, 6.376977553135653, 6.3769775531248465, 6.376977553134947, 6.376977553127572, 6.376977553116496, 6.376977553118713, 6.37697755311811, 6.376977553128148, 6.376977553129043, 6.3769775531222335, 6.376977553043941, 6.376977553126188, 6.3769775531264745, 6.376977553133059, 6.376027276979262, 6.376027276978011, 6.376027276976026, 6.376027276974233, 6.376027276966557, 6.376027276975437, 6.376027276981709, 6.376027276983903, 6.376027276975821, 6.376027276985735, 6.376027276978589, 6.376027276972575, 6.376027276973963, 6.376027276973848, 6.376027276979042, 6.376027276979264, 6.376027276973385, 6.37602727689408, 6.3760272769770685, 6.376027276978273, 6.376027276980862, 6.37792664625293, 6.377926646251679, 6.377926646252281, 6.37792664625997, 6.377926646277037, 6.377926646257862, 6.37792664624566, 6.377926646242844, 6.377926646261814, 6.377926646240465, 6.377926646255493, 6.377926646272654, 6.37792664626889, 6.377926646268359, 6.37792664625398, 6.377926646252918, 6.3779266462661255, 6.3779266461881035, 6.377926646257974, 6.377926646256428, 6.377926646247087, 6.377385009484144, 6.377385009487512, 6.377385009490033, 6.377385009483311, 6.37738500947296, 6.377385009480749, 6.377385009488795, 6.377385009488774, 6.37738500947845, 6.3773850094901, 6.377385009482593, 6.377385009471343, 6.377385009474002, 6.377385009474442, 6.377385009483494, 6.377385009484148, 6.377385009477314, 6.377385009568227, 6.377385009482307, 6.377385009481288, 6.377385009488507, 6.376182187028096, 6.376182187024203, 6.376182187020285, 6.376182187019799, 6.376182187014076, 6.376182187026573, 6.376182187031817, 6.37618218703212, 6.376182187022093, 6.37618218703484, 6.376182187027073, 6.376182187019631, 6.376182187021799, 6.37618218702359, 6.376182187027946, 6.376182187028106, 6.3761821870213335, 6.376182187113164, 6.3761821870271715, 6.376182187028072, 6.3761821870289035, 6.3778672997122134, 6.377867299715414, 6.3778672997182655, 6.377867299725579, 6.377867299738108, 6.377867299715643, 6.377867299703306, 6.377867299702446, 6.377867299723922, 6.377867299699468, 6.377867299714855, 6.377867299733335, 6.377867299728662, 6.3778672997266925, 6.377867299713077, 6.37786729971222, 6.377867299725464, 6.377867299777055, 6.377867299714238, 6.377867299713498, 6.377867299708792, 6.3774183406389975, 6.377418340636346, 6.377418340634897, 6.3774183406297125, 6.377418340628043, 6.377418340639071, 6.3774183406446365, 6.377418340645275, 6.377418340633074, 6.377418340643761, 6.377418340637486, 6.377418340626382, 6.377418340628731, 6.377418340629933, 6.3774183406381955, 6.377418340639007, 6.377418340632957, 6.3774183405549465, 6.377418340638384, 6.3774183406389096, 6.377418340640225, 6.376266912410477, 6.376266912412832, 6.376266912413074, 6.3762669124100135, 6.376266912394571, 6.376266912405218, 6.376266912412604, 6.376266912415261, 6.376266912407048, 6.376266912418764, 6.376266912409174, 6.376266912402738, 6.376266912404054, 6.376266912403304, 6.376266912410222, 6.376266912410475, 6.37626691240306, 6.376266912324303, 6.376266912406015, 6.376266912407943, 6.376266912414283, 6.378104978745842, 6.378104978743331, 6.378104978743305, 6.378104978751431, 6.378104978772302, 6.378104978754522, 6.378104978738797, 6.378104978735359, 6.378104978754522, 6.378104978732302, 6.378104978748243, 6.378104978765976, 6.378104978762165, 6.378104978762094, 6.378104978746918, 6.378104978745843, 6.378104978759801, 6.378104978682077, 6.378104978751714, 6.378104978750615, 6.37810497873871, 6.377068940690772, 6.377068940694, 6.3770689406957155, 6.377068940689838, 6.377068940678814, 6.377068940686477, 6.377068940695018, 6.377068940696187, 6.377068940686175, 6.37706894069738, 6.377068940689426, 6.377068940679225, 6.377068940681583, 6.377068940681173, 6.377068940690068, 6.377068940690775, 6.377068940683682, 6.377068940775584, 6.377068940688123, 6.37706894068752, 6.37706894069541, 6.375874922149062, 6.375874922145848, 6.375874922142423, 6.375874922140851, 6.375874922135154, 6.375874922145914, 6.375874922152977, 6.3758749221540985, 6.375874922143645, 6.375874922156026, 6.375874922148202, 6.37587492214002, 6.375874922142192, 6.3758749221432724, 6.37587492214873, 6.375874922149058, 6.375874922142147, 6.375874922234716, 6.3758749221478315, 6.375874922148373, 6.3758749221504525, 6.377643203197854, 6.377643203200123, 6.377643203203086, 6.37764320320973, 6.377643203225272, 6.377643203202293, 6.3776432031893355, 6.377643203187468, 6.377643203208602, 6.37764320318445, 6.377643203200519, 6.377643203218281, 6.3776432032138946, 6.377643203212681, 6.377643203198801, 6.377643203197856, 6.377643203211686, 6.377643203262174, 6.37764320320142, 6.377643203200097, 6.377643203193352, 6.37765366897626, 6.3776536689748475, 6.377653668974085, 6.377653668969719, 6.377653668964533, 6.377653668974977, 6.377653668981086, 6.377653668980873, 6.3776536689701855, 6.377653668981524, 6.3776536689747925, 6.377653668964912, 6.3776536689672065, 6.377653668968617, 6.377653668975705, 6.377653668976264, 6.377653668970236, 6.377653668892758, 6.377653668975605, 6.377653668975705, 6.377653668978, 6.37622235626493, 6.376222356266086, 6.3762223562653295, 6.376222356262636, 6.376222356247543, 6.3762223562601035, 6.376222356267958, 6.376222356270107, 6.376222356260224, 6.376222356273781, 6.37622235626348, 6.376222356255567, 6.376222356257386, 6.376222356257341, 6.3762223562646, 6.376222356264931, 6.376222356256601, 6.3762223561782365, 6.376222356260793, 6.376222356262463, 6.376222356268776, 6.378049948895482, 6.378049948893776, 6.37804994889425, 6.378049948901953, 6.378049948923782, 6.378049948904462, 6.378049948888247, 6.378049948885649, 6.3780499489052795, 6.378049948880933, 6.378049948898057, 6.378049948915575, 6.378049948911462, 6.378049948910975, 6.378049948896362, 6.3780499488954785, 6.378049948909886, 6.3780499488319675, 6.378049948900784, 6.378049948899792, 6.378049948888737, 6.377239353778051, 6.377239353780708, 6.377239353781849, 6.37723935377695, 6.377239353766452, 6.377239353773682, 6.377239353781551, 6.377239353783548, 6.377239353774738, 6.377239353784045, 6.377239353776887, 6.37723935376835, 6.377239353770086, 6.377239353769231, 6.377239353777359, 6.37723935377805, 6.377239353771711, 6.37723935386248, 6.377239353774915, 6.3772393537750585, 6.377239353782268, 6.375849062895051, 6.375849062891474, 6.375849062887935, 6.3758490628858056, 6.375849062878869, 6.37584906289244, 6.375849062899395, 6.375849062900521, 6.375849062888763, 6.375849062903075, 6.375849062893782, 6.375849062884932, 6.375849062887311, 6.375849062888469, 6.375849062894739, 6.375849062895054, 6.375849062887296, 6.375849062981483, 6.375849062893622, 6.375849062894757, 6.375849062896321, 6.377761950568417, 6.37776195057255, 6.377761950577152, 6.377761950582516, 6.377761950596351, 6.377761950573173, 6.377761950559771, 6.377761950557551, 6.377761950579053, 6.377761950555175, 6.3777619505708465, 6.377761950588463, 6.377761950584174, 6.37776195058267, 6.377761950569414, 6.377761950568424, 6.37776195058221, 6.377761950632546, 6.377761950571878, 6.377761950570367, 6.377761950564424, 6.3774780511880715, 6.377478051183837, 6.37747805118097, 6.377478051178178, 6.377478051177065, 6.377478051187648, 6.377478051193302, 6.377478051192352, 6.377478051181483, 6.377478051192845, 6.377478051186867, 6.377478051177559, 6.377478051180091, 6.377478051182117, 6.377478051187605, 6.377478051188064, 6.377478051182554, 6.377478051105066, 6.377478051188927, 6.377478051188527, 6.377478051188465, 6.375824002689027, 6.375824002694153, 6.375824002695457, 6.375824002691764, 6.375824002671578, 6.37582400268032, 6.375824002691264, 6.375824002694593, 6.375824002685903, 6.375824002698542, 6.375824002687767, 6.375824002679812, 6.3758240026814335, 6.375824002680131, 6.375824002688543, 6.375824002689026, 6.375824002680104, 6.375824002601644, 6.375824002683002, 6.3758240026840705, 6.375824002695482, 6.37764012916444, 6.377640129156767, 6.3776401291539395, 6.3776401291624225, 6.377640129193429, 6.377640129177617, 6.3776401291590865, 6.3776401291549165, 6.37764012917154, 6.377640129148893, 6.377640129166941, 6.377640129182509, 6.377640129179142, 6.377640129180829, 6.377640129165331, 6.377640129164436, 6.377640129179157, 6.377640129101063, 6.377640129172718, 6.377640129171711, 6.377640129154422, 6.377301402920192, 6.3773014029317325, 6.377301402938446, 6.377301402932103, 6.3773014029090955, 6.377301402910559, 6.377301402920592, 6.377301402924195, 6.377301402920542, 6.37730140292677, 6.377301402919055, 6.3773014029134405, 6.377301402913949, 6.377301402910729, 6.377301402919598, 6.377301402920189, 6.377301402914147, 6.377301403004162, 6.377301402913099, 6.377301402913537, 6.377301402928467, 6.375245273180704, 6.375245273164067, 6.375245273152566, 6.3752452731536335, 6.375245273162458, 6.375245273185939, 6.375245273188949, 6.375245273187101, 6.375245273169131, 6.375245273187822, 6.375245273179179, 6.375245273167686, 6.375245273171396, 6.375245273176346, 6.375245273180434, 6.375245273180701, 6.375245273173034, 6.375245273266715, 6.375245273184812, 6.375245273186311, 6.375245273175597, 6.376573346717543, 6.376573346740194, 6.376573346755704, 6.376573346756281, 6.37657334674492, 6.376573346710996, 6.376573346704158, 6.376573346706721, 6.376573346735397, 6.376573346706786, 6.376573346720031, 6.3765733467401216, 6.376573346734016, 6.376573346726678, 6.376573346718232, 6.376573346717551, 6.376573346729896, 6.376573346783031, 6.376573346712174, 6.376573346710683, 6.376573346723362, 6.374540584930537, 6.374540584901563, 6.374540584884334, 6.374540584888049, 6.374540584922264, 6.374540584947036, 6.374540584941872, 6.374540584935413, 6.374540584915453, 6.374540584931552, 6.374540584929357, 6.374540584917111, 6.374540584921898, 6.374540584930732, 6.374540584930287, 6.374540584930537, 6.374540584927178, 6.374540584849431, 6.374540584942919, 6.374540584942704, 6.374540584917832, 6.371446020479148, 6.371446020513598, 6.37144602053143, 6.371446020520776, 6.37144602045856, 6.371446020449849, 6.371446020473203, 6.371446020484096, 6.371446020487401, 6.371446020493815, 6.3714460204780785, 6.371446020474906, 6.371446020473601, 6.3714460204635675, 6.371446020478462, 6.37144602047915, 6.37144602046747, 6.371446020388506, 6.371446020458762, 6.371446020460227, 6.371446020501098, 6.372836718745747, 6.372836718708354, 6.372836718690196, 6.372836718703776, 6.372836718778091, 6.372836718779901, 6.372836718749434, 6.372836718736721, 6.372836718740424, 6.3728367187252015, 6.372836718747821, 6.372836718756856, 6.372836718757252, 6.372836718768116, 6.3728367187468615, 6.372836718745757, 6.372836718762741, 6.372836718684877, 6.372836718769302, 6.372836718767079, 6.372836718720335, 6.375114811718842, 6.37511481175174, 6.375114811768975, 6.375114811759622, 6.375114811707185, 6.375114811693102, 6.375114811712319, 6.375114811720525, 6.375114811728552, 6.37511481172701, 6.375114811718336, 6.375114811718861, 6.3751148117164, 6.375114811707285, 6.375114811718292, 6.375114811718845, 6.375114811713022, 6.375114811802415, 6.375114811702308, 6.375114811702779, 6.3751148117371805, 6.37551366287823, 6.375513662860588, 6.3755136628492535, 6.375513662849585, 6.375513662858714, 6.3755136628855515, 6.3755136628884745, 6.375513662885603, 6.375513662863951, 6.37551366288605, 6.375513662876095, 6.375513662861394, 6.375513662866258, 6.375513662871935, 6.375513662877783, 6.3755136628782285, 6.37551366286934, 6.3755136629646945, 6.375513662883178, 6.3755136628839475, 6.37551366287345, 6.37907849487363, 6.3790784948703365, 6.379078494869563, 6.379078494877636, 6.37907849489955, 6.379078494882497, 6.379078494867291, 6.3790784948645545, 6.379078494881913, 6.379078494860195, 6.379078494875971, 6.3790784948920685, 6.379078494888536, 6.379078494888425, 6.37907849487441, 6.379078494873628, 6.379078494887092, 6.379078494937695, 6.379078494878925, 6.379078494877927, 6.379078494867067, 6.375135729187199, 6.375135729209166, 6.375135729219993, 6.375135729213234, 6.375135729178503, 6.375135729171311, 6.375135729182535, 6.375135729190623, 6.375135729193422, 6.375135729195605, 6.375135729186684, 6.375135729185601, 6.375135729184306, 6.3751357291776545, 6.375135729186708, 6.375135729187199, 6.375135729180955, 6.375135729101416, 6.3751357291739925, 6.37513572917611, 6.375135729199979, 6.37181971081636, 6.3718197107855294, 6.371819710769003, 6.3718197107701595, 6.371819710805987, 6.371819710835411, 6.371819710828981, 6.371819710823436, 6.371819710798587, 6.371819710819838, 6.371819710814727, 6.371819710798679, 6.371819710804564, 6.371819710813641, 6.37181971081614, 6.3718197108163706, 6.371819710810701, 6.3718197107312164, 6.371819710828809, 6.371819710829453, 6.371819710802966, 6.375304708605278, 6.3753047086308285, 6.375304708645346, 6.375304708645292, 6.375304708622435, 6.37530470858868, 6.375304708591274, 6.375304708596157, 6.375304708624051, 6.375304708597959, 6.375304708608392, 6.375304708627782, 6.375304708621266, 6.37530470861276, 6.375304708606079, 6.37530470860527, 6.375304708615099, 6.375304708535982, 6.37530470859698, 6.3753047085958885, 6.375304708613426, 6.378465310064697, 6.378465310056386, 6.378465310053338, 6.378465310052432, 6.378465310062981, 6.378465310071037, 6.378465310070348, 6.3784653100653665, 6.378465310057763, 6.37846531006315, 6.378465310064116, 6.378465310057842, 6.378465310060384, 6.378465310063788, 6.37846531006464, 6.378465310064698, 6.378465310064219, 6.378465310141772, 6.3784653100708875, 6.378465310068253, 6.378465310061161, 6.375722752541676, 6.375722752531448, 6.375722752524802, 6.375722752523951, 6.375722752521284, 6.375722752544599, 6.375722752550225, 6.37572275254803, 6.3757227525297075, 6.375722752550609, 6.3757227525394455, 6.375722752526108, 6.375722752530457, 6.37572275253455, 6.375722752541285, 6.375722752541678, 6.375722752531564, 6.375722752628841, 6.375722752542957, 6.375722752543402, 6.375722752541415, 6.377107812342777, 6.377107812363045, 6.3771078123737555, 6.377107812376912, 6.377107812361515, 6.377107812331855, 6.377107812329972, 6.377107812334554, 6.377107812360523, 6.377107812335111, 6.377107812345185, 6.377107812364477, 6.377107812357971, 6.377107812351334, 6.377107812343233, 6.377107812342778, 6.377107812352098, 6.377107812411553, 6.377107812334279, 6.377107812335078, 6.377107812349598, 6.376697645106835, 6.376697645086565, 6.376697645076954, 6.376697645078716, 6.3766976451113955, 6.376697645123998, 6.376697645113533, 6.376697645109449, 6.376697645098548, 6.376697645103447, 6.376697645105805, 6.376697645099546, 6.376697645101799, 6.376697645107941, 6.376697645106546, 6.376697645106829, 6.376697645107949, 6.376697645029436, 6.376697645115677, 6.376697645116886, 6.37669764509636, 6.3753139291015755, 6.375313929112089, 6.375313929115771, 6.375313929108977, 6.375313929078847, 6.37531392908819, 6.375313929102911, 6.375313929108723, 6.375313929099632, 6.375313929114529, 6.37531392909976, 6.375313929091076, 6.375313929091959, 6.37531392908903, 6.375313929100994, 6.375313929101579, 6.375313929090712, 6.375313929011426, 6.375313929091857, 6.375313929095016, 6.375313929110267, 6.378754400988722, 6.378754400991373, 6.378754400993599, 6.378754400998084, 6.378754401007848, 6.37875440099113, 6.378754400982455, 6.378754400980483, 6.378754400996831, 6.3787544009789645, 6.378754400990959, 6.37875440100474, 6.378754401001519, 6.378754400999973, 6.37875440098957, 6.378754400988719, 6.378754400999523, 6.378754400921631, 6.37875440099228, 6.37875440099048, 6.378754400985093, 6.377241080509368, 6.377241080498753, 6.377241080493401, 6.377241080494383, 6.3772410805098065, 6.377241080518412, 6.377241080514294, 6.37724108051041, 6.377241080502571, 6.377241080508927, 6.37724108050921, 6.377241080503916, 6.3772410805067725, 6.377241080509792, 6.377241080509368, 6.3772410805093624, 6.377241080508805, 6.377241080587647, 6.377241080516469, 6.3772410805139605, 6.37724108050435, 6.374553028256911, 6.374553028270874, 6.3745530282765985, 6.374553028270586, 6.374553028237817, 6.374553028241339, 6.374553028257221, 6.374553028262947, 6.374553028256546, 6.374553028268585, 6.3745530282559395, 6.374553028247947, 6.3745530282492595, 6.374553028245216, 6.374553028256284, 6.374553028256891, 6.374553028246411, 6.374553028346245, 6.374553028247068, 6.37455302824727, 6.374553028268405, 6.377461135104222, 6.377461135091526, 6.3774611350870005, 6.377461135094127, 6.377461135126686, 6.3774611351170325, 6.377461135102009, 6.377461135097356, 6.377461135106799, 6.377461135090947, 6.377461135106156, 6.377461135115615, 6.377461135113995, 6.377461135117355, 6.377461135104864, 6.377461135104217, 6.3774611351158, 6.377461135170904, 6.37746113511364, 6.377461135111982, 6.377461135094092, 6.378791663500178, 6.378791663505451, 6.378791663508469, 6.378791663506587, 6.378791663497062, 6.3787916634948685, 6.378791663498893, 6.378791663500215, 6.378791663501653, 6.378791663500941, 6.378791663499715, 6.378791663499523, 6.378791663498606, 6.378791663497954, 6.378791663499994, 6.378791663500177, 6.378791663499348, 6.378791663421662, 6.378791663496709, 6.378791663497703, 6.378791663503269, 6.37655283023016, 6.376552830233542, 6.376552830233667, 6.376552830229208, 6.376552830209855, 6.376552830224775, 6.376552830233782, 6.3765528302360215, 6.376552830224656, 6.376552830240677, 6.376552830227846, 6.376552830218154, 6.3765528302200485, 6.376552830220255, 6.376552830229632, 6.376552830230163, 6.376552830220025, 6.376552830142294, 6.3765528302243535, 6.376552830227036, 6.376552830235384, 6.379127889263308, 6.379127889253158, 6.379127889248744, 6.37912788925559, 6.379127889285253, 6.37912788927801, 6.379127889261485, 6.379127889256293, 6.379127889266614, 6.379127889250772, 6.379127889264826, 6.379127889275482, 6.379127889273714, 6.379127889276095, 6.379127889263883, 6.379127889263311, 6.379127889274642, 6.37912788919763, 6.379127889272151, 6.379127889270918, 6.379127889253658, 6.376420559980641, 6.376420559995304, 6.376420560001239, 6.37642055999786, 6.3764205599727, 6.37642055996784, 6.376420559977595, 6.376420559983431, 6.376420559985932, 6.376420559986973, 6.376420559980638, 6.376420559981191, 6.376420559980096, 6.376420559974672, 6.376420559980308, 6.376420559980627, 6.376420559976269, 6.3764205600641075, 6.376420559971796, 6.376420559972745, 6.376420559989456, 6.374944632434559, 6.374944632421476, 6.374944632414831, 6.37494463241335, 6.374944632425952, 6.3749446324415455, 6.374944632441899, 6.374944632440457, 6.37494463242496, 6.374944632439319, 6.374944632433405, 6.374944632422439, 6.374944632426226, 6.374944632429443, 6.3749446324342145, 6.3749446324345564, 6.374944632429072, 6.374944632519374, 6.374944632439447, 6.374944632439134, 6.3749446324303225, 6.37805456585503, 6.378054565860215, 6.3780545658651455, 6.37805456586745, 6.378054565873398, 6.378054565853818, 6.37805456584853, 6.378054565847443, 6.378054565863198, 6.378054565845951, 6.378054565857052, 6.378054565868898, 6.378054565865729, 6.378054565864001, 6.378054565855722, 6.378054565855028, 6.378054565864734, 6.378054565923659, 6.378054565856937, 6.37805456585499, 6.37805456585356, 6.378401159967844, 6.378401159972418, 6.378401159974953, 6.378401159972949, 6.378401159959709, 6.3784011599612045, 6.378401159968235, 6.378401159968059, 6.378401159966292, 6.378401159971388, 6.378401159967206, 6.378401159964391, 6.378401159964867, 6.378401159964844, 6.378401159967829, 6.378401159967852, 6.378401159964721, 6.378401159887575, 6.378401159965426, 6.378401159965013, 6.378401159971491, 6.3760560797981904, 6.37605607978619, 6.3760560797787456, 6.376056079779181, 6.376056079785966, 6.37605607980508, 6.376056079805206, 6.376056079803004, 6.376056079787938, 6.376056079803587, 6.376056079796538, 6.376056079785761, 6.376056079789344, 6.376056079793971, 6.376056079797864, 6.376056079798199, 6.37605607979131, 6.376056079713601, 6.376056079801073, 6.376056079801849, 6.376056079795321, 6.378246842972667, 6.3782468429857975, 6.378246842992423, 6.378246842995256, 6.378246842992466, 6.378246842968941, 6.3782468429634065, 6.378246842966161, 6.378246842986599, 6.378246842963202, 6.37824684297507, 6.378246842989832, 6.378246842984844, 6.378246842980384, 6.378246842972921, 6.378246842972671, 6.378246842982098, 6.378246842903974, 6.378246842968589, 6.37824684296853, 6.378246842975501, 6.377679169939472, 6.377679169931343, 6.377679169926728, 6.377679169926383, 6.377679169932545, 6.377679169944114, 6.3776791699438276, 6.377679169943518, 6.377679169934407, 6.377679169941722, 6.377679169938551, 6.377679169932653, 6.377679169934303, 6.377679169936167, 6.377679169939135, 6.3776791699394755, 6.37767916993646, 6.377679170020886, 6.377679169941286, 6.377679169942435, 6.377679169936843, 6.3763098257582795, 6.376309825758525, 6.376309825758129, 6.376309825755081, 6.376309825743531, 6.376309825754887, 6.376309825760791, 6.376309825762772, 6.3763098257539506, 6.376309825766152, 6.376309825756907, 6.3763098257506625, 6.3763098257522355, 6.376309825751814, 6.376309825758128, 6.376309825758267, 6.376309825751552, 6.3763098258441, 6.37630982575537, 6.3763098257572395, 6.376309825760464, 6.3786022259859445, 6.378602225992028, 6.378602225997618, 6.37860222599949, 6.378602226008146, 6.378602225987519, 6.378602225979129, 6.378602225977473, 6.378602225995036, 6.378602225975238, 6.378602225987963, 6.378602226001379, 6.378602225997992, 6.37860222599577, 6.378602225986649, 6.37860222598595, 6.378602225997166, 6.37860222605261, 6.378602225988442, 6.37860222598638, 6.378602225983937, 6.377349174452268, 6.377349174444863, 6.3773491744408375, 6.37734917443948, 6.377349174443325, 6.377349174454215, 6.377349174457951, 6.377349174455812, 6.377349174444671, 6.3773491744565325, 6.377349174451235, 6.377349174442692, 6.377349174445751, 6.377349174448226, 6.37734917445199, 6.377349174452283, 6.377349174447571, 6.377349174370011, 6.377349174455299, 6.37734917445408, 6.377349174451043, 6.375894778323398, 6.3758947783291875, 6.375894778329854, 6.375894778328264, 6.375894778310193, 6.375894778313948, 6.375894778323812, 6.375894778327298, 6.375894778322453, 6.375894778331615, 6.3758947783228495, 6.375894778318256, 6.375894778319123, 6.375894778317659, 6.375894778323115, 6.375894778323393, 6.375894778316191, 6.375894778237426, 6.375894778317333, 6.375894778318282, 6.375894778329541, 6.37797770337195, 6.377977703367563, 6.377977703366898, 6.377977703372274, 6.377977703399199, 6.377977703383073, 6.377977703367516, 6.377977703364146, 6.377977703378343, 6.377977703357864, 6.377977703374166, 6.377977703385763, 6.377977703383022, 6.3779777033844605, 6.37797770337251, 6.377977703371957, 6.377977703384442, 6.377977703306365, 6.377977703378456, 6.377977703376964, 6.377977703364677, 6.377978780826958, 6.377978780830688, 6.377978780832211, 6.377978780828088, 6.377978780813273, 6.377978780821163, 6.3779787808294195, 6.377978780831134, 6.377978780823891, 6.377978780833131, 6.3779787808255435, 6.377978780818534, 6.377978780819536, 6.377978780819222, 6.377978780826494, 6.377978780826957, 6.377978780820922, 6.377978780910754, 6.377978780822866, 6.377978780824188, 6.37797878083112, 6.376821546693251, 6.376821546690856, 6.376821546688661, 6.376821546688234, 6.376821546677568, 6.376821546690797, 6.37682154669568, 6.376821546696947, 6.376821546688708, 6.376821546700344, 6.376821546692003, 6.3768215466870295, 6.376821546688296, 6.376821546688826, 6.376821546693234, 6.376821546693253, 6.376821546687136, 6.376821546777982, 6.37682154669101, 6.376821546693171, 6.376821546694303, 6.378752911726553, 6.378752911725368, 6.378752911727158, 6.378752911731915, 6.378752911754125, 6.37875291173637, 6.378752911721189, 6.378752911718111, 6.378752911734845, 6.3787529117120085, 6.378752911728838, 6.378752911742649, 6.378752911739422, 6.378752911738892, 6.378752911727146, 6.378752911726554, 6.378752911740098, 6.378752911790666, 6.3787529117325255, 6.378752911730433, 6.378752911720485, 6.37667430725115, 6.37667430725738, 6.376674307259388, 6.376674307254204, 6.376674307235591, 6.376674307242753, 6.376674307254232, 6.376674307257547, 6.376674307248232, 6.376674307260261, 6.376674307249803, 6.376674307240695, 6.376674307242604, 6.376674307240639, 6.376674307250362, 6.376674307251161, 6.376674307242451, 6.376674307164366, 6.376674307245528, 6.376674307245751, 6.376674307258202, 6.3758475205681515, 6.375847520557788, 6.375847520550964, 6.375847520553126, 6.375847520559068, 6.375847520571061, 6.375847520571839, 6.3758475205709315, 6.375847520561649, 6.375847520572924, 6.375847520567531, 6.375847520562505, 6.375847520564709, 6.375847520567529, 6.37584752056824, 6.375847520568145, 6.3758475205638305, 6.375847520484868, 6.375847520570688, 6.3758475205714475, 6.375847520564924, 6.377680196247939, 6.377680196258244, 6.377680196265326, 6.3776801962672565, 6.377680196274429, 6.377680196247477, 6.377680196238666, 6.3776801962381935, 6.377680196260222, 6.377680196235723, 6.377680196250523, 6.377680196266113, 6.377680196261467, 6.377680196258838, 6.377680196248621, 6.377680196247939, 6.377680196260362, 6.377680196182188, 6.377680196248548, 6.377680196246913, 6.3776801962471446, 6.377296497559852, 6.377296497554683, 6.3772964975522175, 6.377296497547336, 6.377296497545175, 6.377296497560387, 6.3772964975671815, 6.377296497565701, 6.377296497550414, 6.377296497566423, 6.3772964975577775, 6.377296497544582, 6.3772964975481115, 6.377296497550781, 6.377296497559188, 6.377296497559846, 6.377296497552227, 6.377296497644664, 6.377296497560931, 6.377296497560649, 6.377296497560547, 6.376581359789614, 6.376581359789209, 6.376581359787089, 6.376581359788538, 6.3765813597750265, 6.376581359784215, 6.3765813597903005, 6.376581359792369, 6.376581359787413, 6.376581359796507, 6.376581359788938, 6.376581359786787, 6.376581359787421, 6.376581359787091, 6.37658135978971, 6.376581359789617, 6.376581359783943, 6.376581359873931, 6.376581359786034, 6.376581359787903, 6.3765813597920475, 6.378022069365252, 6.37802206936802, 6.3780220693713225, 6.378022069376423, 6.378022069394793, 6.378022069373232, 6.378022069357851, 6.378022069356288, 6.3780220693764305, 6.37802206935012, 6.378022069367939, 6.3780220693839835, 6.378022069379782, 6.378022069378158, 6.378022069365862, 6.378022069365252, 6.378022069379257, 6.37802206942924, 6.378022069368925, 6.3780220693673755, 6.378022069360862, 6.377027134272912, 6.377027134270385, 6.377027134269045, 6.3770271342633436, 6.377027134257236, 6.377027134272353, 6.377027134280115, 6.37702713428089, 6.377027134265026, 6.377027134280547, 6.377027134270744, 6.377027134257021, 6.377027134260356, 6.377027134261313, 6.37702713427194, 6.377027134272914, 6.377027134264167, 6.377027134186496, 6.377027134271563, 6.377027134271879, 6.377027134275712, 6.37664195631023, 6.376641956311453, 6.376641956310224, 6.37664195631101, 6.376641956295076, 6.376641956302265, 6.376641956309919, 6.37664195631229, 6.376641956308674, 6.376641956317765, 6.376641956309578, 6.376641956308297, 6.3766419563084416, 6.3766419563079175, 6.376641956310458, 6.376641956310241, 6.376641956304854, 6.376641956225924, 6.376641956305995, 6.3766419563083065, 6.376641956312878, 6.378135035812734, 6.3781350358106055, 6.378135035811938, 6.378135035817221, 6.378135035844221, 6.3781350358237, 6.3781350358064515, 6.378135035801859, 6.378135035820885, 6.378135035796686, 6.378135035815303, 6.378135035830589, 6.3781350358270865, 6.3781350358280156, 6.378135035813655, 6.378135035812742, 6.378135035828014, 6.378135035750351, 6.378135035820338, 6.378135035818162, 6.378135035804749, 6.376271974256803, 6.376271974263085, 6.3762719742654035, 6.376271974257186, 6.376271974239045, 6.37627197424898, 6.376271974262365, 6.376271974264927, 6.376271974250838, 6.37627197426748, 6.376271974254744, 6.3762719742403275, 6.376271974243498, 6.376271974242612, 6.376271974255703, 6.376271974256817, 6.376271974245805, 6.376271974345416, 6.376271974251481, 6.376271974251246, 6.376271974264555, 6.376096689213238, 6.376096689203986, 6.37609668919729, 6.376096689201285, 6.376096689202257, 6.376096689213381, 6.376096689215525, 6.376096689215725, 6.376096689208573, 6.376096689218388, 6.37609668921301, 6.376096689210478, 6.3760966892119875, 6.3760966892137505, 6.376096689213475, 6.376096689213235, 6.3760966892092075, 6.37609668929641, 6.376096689214349, 6.3760966892154585, 6.376096689210923, 6.377470368700143, 6.377470368708215, 6.3774703687144605, 6.377470368718471, 6.377470368729639, 6.377470368703184, 6.3774703686903145, 6.377470368689817, 6.377470368713528, 6.377470368685651, 6.377470368703171, 6.377470368721184, 6.377470368716148, 6.377470368713215, 6.377470368700971, 6.377470368700138, 6.377470368714572, 6.377470368764155, 6.377470368701839, 6.37747036870032, 6.377470368697671, 6.376754230099847, 6.376754230095703, 6.376754230094316, 6.376754230087109, 6.376754230083075, 6.376754230101224, 6.376754230108674, 6.376754230108266, 6.376754230089281, 6.376754230107771, 6.376754230097169, 6.376754230080616, 6.37675423008489, 6.376754230086875, 6.376754230098815, 6.376754230099845, 6.376754230090282, 6.376754230012946, 6.376754230099877, 6.376754230099772, 6.376754230101936, 6.376573278188956, 6.376573278189261, 6.376573278187308, 6.376573278189022, 6.3765732781728275, 6.376573278181442, 6.376573278188761, 6.376573278191076, 6.376573278187239, 6.376573278196203, 6.376573278188296, 6.376573278187338, 6.376573278187485, 6.376573278187119, 6.376573278189214, 6.376573278188952, 6.376573278183493, 6.376573278104667, 6.376573278184694, 6.376573278187192, 6.376573278191424, 6.377708382522452, 6.377708382522982, 6.3777083825249585, 6.377708382531307, 6.377708382554507, 6.377708382531861, 6.377708382514573, 6.3777083825113445, 6.377708382533352, 6.3777083825055785, 6.377708382525447, 6.377708382543253, 6.377708382538755, 6.37770838253847, 6.377708382523372, 6.37770838252245, 6.377708382538302, 6.377708382460471, 6.377708382528117, 6.377708382526458, 6.377708382515727, 6.376575899344566, 6.3765758993463235, 6.376575899346707, 6.376575899338745, 6.376575899328364, 6.376575899341172, 6.376575899352213, 6.376575899353601, 6.376575899336793, 6.37657589935378, 6.376575899342166, 6.3765758993261406, 6.376575899329942, 6.376575899330201, 6.376575899343269, 6.37657589934457, 6.376575899333952, 6.376575899432461, 6.376575899341404, 6.376575899340987, 6.376575899350358, 6.376527889356081, 6.376527889352451, 6.376527889348711, 6.376527889350736, 6.376527889341424, 6.376527889350963, 6.37652788935739, 6.376527889358673, 6.376527889352572, 6.376527889363441, 6.376527889355421, 6.376527889352943, 6.3765278893539055, 6.376527889354498, 6.37652788935626, 6.37652788935607, 6.37652788935056, 6.376527889440376, 6.376527889353991, 6.376527889355757, 6.376527889356961, 6.377735312070721, 6.377735312072927, 6.377735312076631, 6.377735312082374, 6.37773531210218, 6.377735312078144, 6.3777353120616835, 6.377735312058631, 6.3777353120820575, 6.37773531205494, 6.377735312073717, 6.3777353120926215, 6.377735312087856, 6.377735312087017, 6.37773531207184, 6.377735312070722, 6.377735312086765, 6.377735312132705, 6.377735312075924, 6.377735312074403, 6.377735312064352, 6.376303581295709, 6.376303581297476, 6.376303581298396, 6.3763035812899345, 6.376303581278801, 6.3763035812925875, 6.376303581303029, 6.376303581304647, 6.376303581287586, 6.3763035813054705, 6.376303581293329, 6.3763035812772175, 6.376303581281069, 6.376303581281129, 6.376303581294535, 6.376303581295716, 6.376303581285104, 6.376303581207348, 6.376303581292768, 6.37630358129258, 6.376303581300973, 6.376134268201073, 6.376134268195966, 6.376134268191356, 6.37613426819337, 6.376134268187005, 6.3761342681979185, 6.376134268203096, 6.376134268204713, 6.376134268197164, 6.376134268207648, 6.376134268200608, 6.376134268196859, 6.376134268198089, 6.376134268198779, 6.376134268201138, 6.3761342682010715, 6.376134268195652, 6.376134268116426, 6.376134268199732, 6.376134268201317, 6.376134268201153, 6.377174613789394, 6.377174613794919, 6.377174613799254, 6.377174613805573, 6.377174613820121, 6.377174613794276, 6.377174613779127, 6.377174613777596, 6.377174613802823, 6.377174613773436, 6.37717461379284, 6.377174613812689, 6.37717461380732, 6.377174613805417, 6.377174613790465, 6.377174613789393, 6.377174613805169, 6.3771746137269085, 6.37717461379253, 6.377174613791087, 6.377174613784919, 6.376908121192281, 6.376908121188454, 6.376908121186796, 6.376908121180501, 6.37690812117707, 6.376908121193335, 6.376908121200868, 6.376908121200253, 6.376908121182266, 6.376908121199684, 6.37690812118975, 6.3769081211739564, 6.376908121178198, 6.376908121180159, 6.3769081211912155, 6.376908121192289, 6.376908121183007, 6.376908121278534, 6.376908121192287, 6.376908121191637, 6.376908121194911, 6.376395091047718, 6.3763950910502025, 6.376395091049701, 6.376395091048821, 6.376395091029825, 6.376395091038542, 6.376395091048808, 6.376395091051493, 6.376395091044932, 6.376395091056641, 6.376395091046469, 6.376395091042154, 6.376395091042996, 6.376395091042422, 6.376395091047618, 6.37639509104772, 6.376395091040209, 6.376395091133697, 6.376395091042323, 6.376395091044377, 6.376395091052408, 6.377387130154474, 6.37738713015025, 6.377387130150192, 6.377387130158225, 6.377387130187449, 6.377387130166798, 6.377387130146697, 6.377387130142028, 6.377387130164265, 6.377387130136589, 6.377387130157533, 6.3773871301767215, 6.377387130172227, 6.377387130173306, 6.377387130155702, 6.377387130154477, 6.377387130171787, 6.377387130215084, 6.377387130162605, 6.377387130161272, 6.377387130144571, 6.376560854330448, 6.376560854339454, 6.376560854343008, 6.376560854334715, 6.3765608543145325, 6.376560854321372, 6.376560854334727, 6.376560854338417, 6.376560854327023, 6.376560854340272, 6.376560854328511, 6.376560854316427, 6.376560854318704, 6.376560854316476, 6.37656085432928, 6.376560854330442, 6.376560854320462, 6.376560854242704, 6.3765608543236825, 6.376560854323924, 6.376560854339187, 6.375729542738872, 6.375729542725075, 6.37572954271674, 6.375729542718192, 6.375729542724388, 6.375729542743079, 6.375729542745336, 6.375729542744324, 6.37572954272944, 6.3757295427457805, 6.375729542737527, 6.375729542728703, 6.37572954273204, 6.3757295427352885, 6.375729542738698, 6.375729542738877, 6.375729542732245, 6.375729542653598, 6.375729542741951, 6.375729542742889, 6.3757295427353995, 6.376728599328824, 6.376728599346105, 6.376728599356417, 6.376728599360111, 6.376728599357418, 6.376728599324405, 6.376728599314927, 6.376728599316076, 6.376728599346731, 6.376728599315586, 6.376728599332403, 6.37672859935485, 6.376728599348032, 6.376728599342882, 6.376728599329948, 6.376728599328813, 6.3767285993437195, 6.376728599265467, 6.37672859932646, 6.376728599325471, 6.376728599329916, 6.375680987106865, 6.375680987087435, 6.375680987078549, 6.375680987077123, 6.375680987095546, 6.375680987118937, 6.375680987117839, 6.3756809871137206, 6.375680987092388, 6.3756809871114175, 6.375680987104676, 6.375680987089416, 6.375680987094763, 6.375680987100455, 6.375680987106254, 6.375680987106862, 6.375680987100378, 6.3756809871909725, 6.375680987114582, 6.375680987113792, 6.3756809871007825, 6.373904325120403, 6.373904325142039, 6.373904325150537, 6.373904325143843, 6.373904325099047, 6.373904325097513, 6.373904325117723, 6.373904325126128, 6.373904325124235, 6.373904325133191, 6.373904325119451, 6.373904325114525, 6.373904325113962, 6.373904325108065, 6.373904325119792, 6.373904325120404, 6.3739043251096215, 6.3739043252103, 6.373904325105394, 6.3739043251076035, 6.373904325135419, 6.37433479543307, 6.37433479540607, 6.374334795395737, 6.374334795408324, 6.374334795469538, 6.374334795463006, 6.3743347954318335, 6.374334795421145, 6.374334795433657, 6.374334795410844, 6.374334795435878, 6.37433479545032, 6.374334795448759, 6.374334795456353, 6.374334795434499, 6.374334795433059, 6.374334795452317, 6.374334795491822, 6.374334795452628, 6.37433479545018, 6.374334795411813, 6.374735304522252, 6.374735304555927, 6.374735304570565, 6.374735304560407, 6.374735304505026, 6.374735304493191, 6.374735304517405, 6.374735304526345, 6.374735304530944, 6.374735304533052, 6.374735304521358, 6.374735304518752, 6.374735304516676, 6.374735304508023, 6.374735304521306, 6.374735304522251, 6.374735304513353, 6.374735304435949, 6.3747353045040365, 6.374735304505067, 6.374735304542148, 6.3727315020524795, 6.372731502016005, 6.37273150199801, 6.372731502001686, 6.372731502037188, 6.372731502074594, 6.372731502068291, 6.372731502060353, 6.372731502030531, 6.372731502057799, 6.3727315020494135, 6.372731502031629, 6.372731502039246, 6.372731502049211, 6.372731502052011, 6.372731502052479, 6.372731502044814, 6.372731501967852, 6.372731502066669, 6.3727315020661095, 6.372731502039568, 6.376070007043229, 6.376070007073562, 6.376070007087797, 6.376070007089633, 6.376070007066834, 6.376070007026844, 6.376070007025823, 6.376070007031361, 6.3760700070665886, 6.376070007033592, 6.376070007046804, 6.376070007071525, 6.376070007062934, 6.376070007053926, 6.376070007043993, 6.376070007043223, 6.376070007055828, 6.376070006977916, 6.37607000703279, 6.376070007033253, 6.3760700070516885, 6.37563032043937, 6.375630320425068, 6.375630320418255, 6.37563032041771, 6.3756303204353175, 6.375630320452234, 6.375630320446048, 6.375630320444185, 6.375630320429461, 6.375630320442607, 6.375630320437919, 6.375630320428388, 6.3756303204320215, 6.375630320435875, 6.375630320439129, 6.375630320439378, 6.375630320435329, 6.375630320522599, 6.375630320444824, 6.375630320445721, 6.375630320433372, 6.374166828257149, 6.374166828253736, 6.374166828251092, 6.374166828247187, 6.374166828238868, 6.37416682825391, 6.374166828262198, 6.374166828265131, 6.374166828249894, 6.374166828267093, 6.37416682825583, 6.374166828244148, 6.374166828247091, 6.3741668282474695, 6.374166828256728, 6.374166828257144, 6.374166828247731, 6.3741668283468735, 6.374166828254876, 6.374166828256433, 6.37416682825893, 6.375680678023315, 6.375680678039985, 6.375680678049561, 6.375680678051586, 6.375680678045251, 6.375680678013536, 6.375680678011172, 6.375680678013435, 6.3756806780398225, 6.37568067801163, 6.375680678027217, 6.375680678045596, 6.375680678039508, 6.375680678034222, 6.375680678024299, 6.375680678023308, 6.375680678035889, 6.37568067809024, 6.375680678020403, 6.375680678018618, 6.375680678025656, 6.377673105550828, 6.37767310552738, 6.377673105519323, 6.377673105522038, 6.37767310555461, 6.37767310556939, 6.377673105560273, 6.377673105550513, 6.377673105538467, 6.377673105545164, 6.377673105549775, 6.377673105542443, 6.377673105546731, 6.377673105554031, 6.377673105550867, 6.377673105550823, 6.377673105552974, 6.377673105477316, 6.37767310556488, 6.377673105560862, 6.377673105540417, 6.373976469740953, 6.373976469763453, 6.373976469770869, 6.373976469763373, 6.373976469706632, 6.373976469715632, 6.373976469741663, 6.373976469748806, 6.373976469740286, 6.373976469760146, 6.373976469737973, 6.373976469728207, 6.373976469729207, 6.373976469724462, 6.373976469740004, 6.373976469740948, 6.373976469723738, 6.37397646964727, 6.37397646972301, 6.373976469726094, 6.373976469759791, 6.377663474914154, 6.377663474895844, 6.377663474888379, 6.377663474898182, 6.3776634749445655, 6.377663474937611, 6.3776634749123735, 6.377663474904934, 6.377663474916608, 6.377663474896847, 6.377663474915983, 6.377663474928622, 6.377663474926547, 6.377663474931964, 6.377663474914983, 6.377663474914143, 6.377663474929203, 6.377663474852032, 6.377663474926764, 6.377663474926377, 6.377663474899114, 6.377065029648962, 6.377065029660562, 6.377065029663872, 6.377065029661034, 6.377065029648578, 6.377065029640419, 6.377065029644928, 6.377065029651241, 6.377065029655678, 6.377065029651332, 6.377065029649416, 6.377065029651515, 6.377065029649035, 6.3770650296452, 6.377065029648609, 6.377065029648952, 6.377065029648098, 6.377065029729996, 6.377065029641342, 6.377065029644508, 6.377065029653604, 6.375098668310213, 6.375098668309774, 6.375098668308331, 6.375098668302187, 6.375098668288949, 6.375098668304832, 6.3750986683158155, 6.3750986683194295, 6.375098668302828, 6.375098668322557, 6.3750986683082305, 6.37509866829507, 6.375098668298145, 6.375098668297441, 6.375098668309501, 6.375098668310208, 6.375098668299431, 6.375098668400701, 6.3750986683066975, 6.375098668308498, 6.375098668313625, 6.378376629758797, 6.378376629748328, 6.378376629746696, 6.378376629752393, 6.378376629779154, 6.3783766297713616, 6.378376629756754, 6.3783766297501545, 6.378376629759821, 6.378376629747242, 6.378376629760732, 6.378376629770418, 6.378376629769728, 6.3783766297718705, 6.378376629759872, 6.378376629758801, 6.3783766297705204, 6.378376629824602, 6.3783766297702575, 6.378376629766416, 6.378376629748817, 6.376504441172964, 6.376504441191924, 6.376504441200706, 6.376504441198407, 6.376504441168928, 6.3765044411572696, 6.376504441167489, 6.376504441171442, 6.376504441179488, 6.376504441177047, 6.376504441173727, 6.376504441177255, 6.376504441175861, 6.37650444117044, 6.376504441173055, 6.376504441172971, 6.376504441170789, 6.376504441092917, 6.37650444116481, 6.376504441163285, 6.376504441183205, 6.373712571384902, 6.373712571362834, 6.373712571352412, 6.373712571352987, 6.3737125713741705, 6.373712571398612, 6.373712571396303, 6.373712571392513, 6.37371257136953, 6.373712571389665, 6.373712571382843, 6.373712571366702, 6.373712571372727, 6.373712571378994, 6.373712571384196, 6.373712571384904, 6.373712571377107, 6.3737125712990474, 6.3737125713926295, 6.373712571391408, 6.373712571379168, 6.3772528584668, 6.377252858481748, 6.377252858487851, 6.377252858489236, 6.377252858480017, 6.377252858456904, 6.377252858457335, 6.37725285846109, 6.377252858480288, 6.3772528584592045, 6.3772528584691415, 6.377252858481758, 6.377252858476301, 6.377252858472772, 6.377252858467058, 6.377252858466797, 6.377252858474141, 6.3772528583953925, 6.3772528584605865, 6.37725285846175, 6.377252858470721, 6.37918151946199, 6.3791815194589265, 6.379181519457427, 6.379181519458384, 6.379181519464481, 6.379181519465723, 6.379181519461946, 6.379181519459971, 6.379181519461793, 6.379181519458369, 6.379181519461543, 6.379181519463558, 6.379181519462519, 6.379181519464712, 6.379181519462149, 6.379181519462003, 6.379181519464503, 6.379181519536766, 6.379181519463423, 6.3791815194650585, 6.379181519458906, 6.376471106934162, 6.376471106927466, 6.376471106923446, 6.376471106920225, 6.376471106914111, 6.376471106937508, 6.3764711069417945, 6.376471106940748, 6.376471106923498, 6.376471106944163, 6.376471106930968, 6.376471106919053, 6.376471106922721, 6.376471106925261, 6.376471106933677, 6.376471106934165, 6.3764711069240345, 6.376471107021434, 6.3764711069336775, 6.376471106935829, 6.376471106934712, 6.3793389007250845, 6.379338900738442, 6.379338900745306, 6.379338900746082, 6.379338900737906, 6.379338900718682, 6.379338900717989, 6.379338900719335, 6.379338900736635, 6.379338900719053, 6.379338900726977, 6.379338900739477, 6.379338900735536, 6.379338900730579, 6.379338900725395, 6.379338900725085, 6.379338900732513, 6.37933890079494, 6.379338900722092, 6.379338900720849, 6.379338900728396, 6.3767939135285605, 6.376793913514861, 6.376793913509255, 6.376793913512249, 6.37679391353254, 6.376793913538472, 6.376793913532174, 6.376793913530042, 6.376793913524537, 6.37679391352723, 6.376793913528949, 6.376793913527123, 6.376793913529072, 6.37679391353088, 6.376793913528605, 6.3767939135285605, 6.376793913529859, 6.376793913450831, 6.376793913535435, 6.376793913533905, 6.376793913522282, 6.374963904817124, 6.374963904825372, 6.374963904828331, 6.374963904823289, 6.374963904803608, 6.374963904806208, 6.374963904817817, 6.374963904822834, 6.3749639048160605, 6.374963904827208, 6.374963904816403, 6.374963904809036, 6.374963904810264, 6.3749639048077364, 6.374963904816614, 6.374963904817136, 6.374963904808719, 6.374963904728933, 6.374963904810169, 6.374963904811099, 6.374963904824366, 6.378105484259346, 6.3781054842559675, 6.378105484256475, 6.378105484258735, 6.378105484276397, 6.378105484265885, 6.378105484256313, 6.378105484252674, 6.378105484261532, 6.378105484250469, 6.378105484260789, 6.378105484266969, 6.378105484265596, 6.378105484267922, 6.378105484260024, 6.3781054842593585, 6.378105484267662, 6.378105484189481, 6.378105484265111, 6.378105484263586, 6.378105484253512, 6.378951247242122, 6.378951247242183, 6.378951247241947, 6.378951247242538, 6.378951247239046, 6.378951247239842, 6.378951247242071, 6.37895124724071, 6.378951247240767, 6.378951247242055, 6.378951247241955, 6.378951247241466, 6.378951247241449, 6.378951247242879, 6.3789512472422905, 6.378951247242117, 6.378951247242009, 6.378951247319406, 6.378951247242344, 6.3789512472421475, 6.378951247242231, 6.376657152124484, 6.376657152127922, 6.376657152127007, 6.376657152125237, 6.3766571521074535, 6.376657152118412, 6.376657152127303, 6.376657152130287, 6.376657152121031, 6.376657152132795, 6.376657152123029, 6.376657152115584, 6.376657152117217, 6.376657152116411, 6.376657152123904, 6.376657152124492, 6.376657152115879, 6.376657152210984, 6.37665715211889, 6.376657152120334, 6.3766571521302255, 6.379079003196223, 6.379079003188842, 6.3790790031864, 6.379079003191403, 6.379079003216657, 6.379079003209871, 6.3790790031949705, 6.379079003191587, 6.379079003199825, 6.379079003183788, 6.379079003197625, 6.379079003205613, 6.3790790032042075, 6.379079003205291, 6.379079003196439, 6.379079003196218, 6.3790790032061935, 6.379079003263615, 6.379079003203155, 6.379079003201603, 6.379079003189135, 6.377402988344743, 6.3774029883562235, 6.3774029883604495, 6.377402988358006, 6.37740298833554, 6.377402988333439, 6.377402988341949, 6.37740298834703, 6.377402988348951, 6.3774029883501475, 6.377402988344331, 6.377402988345644, 6.377402988344294, 6.377402988340087, 6.3774029883445404, 6.37740298834475, 6.3774029883411085, 6.3774029882622685, 6.377402988336608, 6.377402988338847, 6.377402988351652, 6.375889561540084, 6.375889561526248, 6.375889561520663, 6.375889561519617, 6.375889561531377, 6.375889561548335, 6.3758895615463125, 6.375889561543875, 6.37588956153018, 6.375889561544802, 6.375889561538292, 6.3758895615300135, 6.375889561533349, 6.375889561537044, 6.375889561540085, 6.375889561540077, 6.375889561535538, 6.375889561456671, 6.375889561544972, 6.3758895615459785, 6.375889561534827, 6.378761750353108, 6.378761750365458, 6.378761750372817, 6.37876175037144, 6.378761750370303, 6.378761750347639, 6.378761750346173, 6.378761750345897, 6.37876175036306, 6.378761750345313, 6.378761750355191, 6.378761750365595, 6.378761750361985, 6.378761750359192, 6.378761750353531, 6.37876175035312, 6.378761750361664, 6.378761750283936, 6.378761750352286, 6.3787617503504315, 6.378761750354555, 6.377503318740151, 6.377503318734854, 6.37750331873158, 6.377503318731509, 6.3775033187326695, 6.377503318740307, 6.377503318744122, 6.377503318742814, 6.377503318734866, 6.377503318744473, 6.377503318739628, 6.3775033187333925, 6.377503318735724, 6.377503318737485, 6.377503318739935, 6.3775033187401515, 6.377503318735819, 6.377503318822118, 6.377503318741598, 6.377503318740587, 6.377503318740057, 6.375972469158166, 6.375972469154926, 6.375972469151813, 6.375972469152997, 6.375972469149536, 6.3759724691580315, 6.375972469160419, 6.375972469161705, 6.375972469154469, 6.375972469163912, 6.375972469157689, 6.37597246915274, 6.3759724691545445, 6.37597246915531, 6.3759724691579995, 6.375972469158164, 6.375972469152529, 6.375972469242635, 6.375972469156618, 6.3759724691573165, 6.375972469159454, 6.378004222649098, 6.378004222656824, 6.3780042226621125, 6.37800422266365, 6.378004222669406, 6.378004222650383, 6.378004222642253, 6.378004222642711, 6.378004222658984, 6.37800422263851, 6.378004222651255, 6.3780042226623355, 6.378004222658592, 6.378004222656488, 6.378004222649492, 6.378004222649089, 6.378004222658771, 6.3780042227179505, 6.3780042226490385, 6.378004222648305, 6.378004222648354, 6.3783503896933285, 6.378350389684324, 6.378350389681384, 6.378350389679983, 6.378350389682997, 6.37835038969657, 6.378350389698789, 6.378350389697023, 6.378350389686028, 6.378350389695596, 6.378350389691619, 6.3783503896843055, 6.378350389686393, 6.378350389688856, 6.378350389693044, 6.3783503896933205, 6.378350389690173, 6.378350389612564, 6.378350389696183, 6.378350389696674, 6.378350389690855, 6.37691737602437, 6.376917376031995, 6.376917376033645, 6.376917376032022, 6.376917376006981, 6.376917376013399, 6.376917376023792, 6.376917376027442, 6.376917376024034, 6.37691737603283, 6.376917376023157, 6.376917376021048, 6.3769173760209075, 6.376917376018783, 6.376917376024287, 6.3769173760243625, 6.376917376017639, 6.376917375939262, 6.376917376017129, 6.376917376019704, 6.376917376030502, 6.378854501047036, 6.378854501040174, 6.378854501038273, 6.378854501043396, 6.378854501075295, 6.378854501063469, 6.378854501044709, 6.3788545010389415, 6.378854501051245, 6.378854501031998, 6.378854501048955, 6.378854501059224, 6.378854501057547, 6.378854501059691, 6.378854501047533, 6.378854501047039, 6.378854501059851, 6.378854500983052, 6.378854501056512, 6.378854501053757, 6.3788545010380755, 6.376476273677787, 6.3764762736881755, 6.376476273690196, 6.376476273685539, 6.3764762736615905, 6.376476273664901, 6.376476273679171, 6.376476273684288, 6.376476273677422, 6.376476273688497, 6.376476273676687, 6.376476273669377, 6.376476273670473, 6.376476273667359, 6.376476273676916, 6.376476273677777, 6.376476273668364, 6.376476273765452, 6.376476273669186, 6.376476273670178, 6.376476273687127, 6.375933686797657, 6.375933686784132, 6.375933686777682, 6.375933686780022, 6.375933686792222, 6.375933686803055, 6.3759336868012335, 6.375933686799838, 6.375933686790995, 6.375933686801107, 6.375933686797145, 6.375933686792865, 6.375933686795096, 6.375933686798273, 6.3759336867978265, 6.375933686797666, 6.375933686795035, 6.375933686879665, 6.375933686801931, 6.375933686802552, 6.3759336867925835, 6.378055690251815, 6.37805569026406, 6.378055690272707, 6.378055690272205, 6.378055690275749, 6.3780556902496235, 6.378055690242778, 6.378055690242536, 6.378055690263684, 6.3780556902405605, 6.378055690254379, 6.378055690267992, 6.378055690263437, 6.378055690260612, 6.378055690252479, 6.378055690251812, 6.37805569026354, 6.378055690318414, 6.378055690251893, 6.378055690250264, 6.378055690251646, 6.3769161386207225, 6.376916138613962, 6.376916138611452, 6.3769161386074815, 6.3769161386039706, 6.376916138622147, 6.376916138628377, 6.3769161386271795, 6.376916138610403, 6.376916138628572, 6.3769161386184505, 6.376916138605262, 6.3769161386092845, 6.376916138611497, 6.3769161386201345, 6.376916138620711, 6.376916138612287, 6.376916138534838, 6.376916138621853, 6.3769161386215805, 6.376916138621481, 6.376396681021577, 6.376396681021305, 6.376396681018855, 6.376396681021894, 6.376396681010383, 6.376396681017229, 6.3763966810211645, 6.3763966810235395, 6.376396681021076, 6.376396681026602, 6.376396681021542, 6.376396681021573, 6.376396681021715, 6.376396681021015, 6.376396681021789, 6.376396681021583, 6.376396681017458, 6.376396680938425, 6.376396681018227, 6.3763966810198465, 6.376396681023513, 6.377825741072712, 6.37782574107659, 6.377825741079385, 6.377825741083291, 6.377825741101307, 6.377825741080613, 6.377825741066187, 6.3778257410645525, 6.3778257410834, 6.377825741057115, 6.3778257410755534, 6.3778257410892545, 6.377825741085256, 6.37782574108418, 6.377825741073197, 6.377825741072711, 6.377825741086052, 6.377825741007991, 6.377825741076324, 6.37782574107453, 6.377825741068549, 6.3774179900575065, 6.377417990054385, 6.37741799005284, 6.377417990047453, 6.377417990040019, 6.377417990055279, 6.3774179900651475, 6.377417990065417, 6.377417990048832, 6.377417990065437, 6.3774179900547345, 6.377417990041085, 6.377417990044426, 6.377417990045835, 6.377417990056482, 6.3774179900575065, 6.377417990048393, 6.377417990143743, 6.377417990055907, 6.377417990056428, 6.377417990060792, 6.377235978920849, 6.377235978921925, 6.377235978921011, 6.377235978922635, 6.377235978907003, 6.3772359789125845, 6.377235978919664, 6.377235978921144, 6.377235978919529, 6.3772359789279385, 6.377235978919876, 6.377235978920858, 6.377235978920543, 6.377235978920536, 6.377235978921281, 6.377235978920858, 6.377235978916411, 6.377235979003747, 6.377235978916672, 6.377235978919428, 6.377235978923155, 6.378631191341504, 6.378631191339501, 6.37863119134102, 6.378631191345084, 6.378631191374126, 6.378631191354818, 6.378631191336137, 6.378631191330812, 6.378631191348991, 6.378631191325281, 6.378631191344, 6.378631191357838, 6.378631191354773, 6.378631191355913, 6.37863119134231, 6.378631191341518, 6.378631191356626, 6.378631191403596, 6.378631191349843, 6.378631191347225, 6.378631191333222, 6.375387610049933, 6.375387610058218, 6.375387610059999, 6.375387610051623, 6.37538761002826, 6.375387610038793, 6.37538761005551, 6.3753876100608355, 6.375387610045193, 6.375387610063797, 6.375387610047971, 6.3753876100328215, 6.375387610035998, 6.375387610033157, 6.375387610048536, 6.375387610049926, 6.375387610036684, 6.375387609958222, 6.3753876100419875, 6.375387610042419, 6.375387610059795, 6.375688590884927, 6.375688590869851, 6.375688590861933, 6.375688590867994, 6.375688590879632, 6.375688590890356, 6.375688590886747, 6.375688590885941, 6.3756885908803, 6.375688590887208, 6.375688590885424, 6.375688590885179, 6.375688590886548, 6.375688590889053, 6.375688590885475, 6.375688590884933, 6.375688590884052, 6.375688590804045, 6.375688590889537, 6.375688590890344, 6.375688590878514, 6.376979288534404, 6.376979288551821, 6.376979288562338, 6.376979288562731, 6.376979288561472, 6.376979288531199, 6.3769792885226355, 6.376979288523576, 6.376979288549822, 6.376979288521401, 6.3769792885376555, 6.376979288554787, 6.376979288549035, 6.376979288544738, 6.376979288535217, 6.376979288534399, 6.376979288547557, 6.376979288469108, 6.376979288532561, 6.376979288531083, 6.376979288535695, 6.375698289022815, 6.37569828900706, 6.375698289001728, 6.375698288996266, 6.375698289004273, 6.375698289031593, 6.3756982890358955, 6.375698289032169, 6.375698289005645, 6.375698289030618, 6.375698289019065, 6.3756982889986125, 6.37569828900512, 6.375698289010279, 6.375698289021742, 6.37569828902281, 6.375698289012329, 6.375698289110029, 6.375698289027999, 6.375698289027042, 6.375698289020934, 6.375918624897017, 6.375918624909323, 6.375918624911435, 6.375918624913577, 6.375918624880805, 6.375918624878127, 6.375918624891679, 6.375918624897412, 6.375918624902448, 6.3759186249043465, 6.375918624897203, 6.375918624902044, 6.375918624899584, 6.375918624896077, 6.3759186248973485, 6.375918624897022, 6.375918624892165, 6.375918624980896, 6.375918624886273, 6.37591862488945, 6.375918624905361, 6.376617388716845, 6.376617388704066, 6.376617388699841, 6.376617388707917, 6.376617388754609, 6.37661738874077, 6.376617388713829, 6.376617388706051, 6.376617388721975, 6.376617388695503, 6.376617388719597, 6.376617388733543, 6.376617388731089, 6.376617388735159, 6.376617388717735, 6.376617388716833, 6.376617388734442, 6.3766173887766495, 6.376617388730317, 6.376617388727563, 6.376617388702777, 6.37552942631311, 6.375529426331823, 6.375529426338365, 6.375529426326617, 6.37552942628922, 6.375529426295173, 6.375529426317325, 6.375529426323958, 6.375529426311266, 6.375529426327528, 6.375529426310295, 6.375529426295771, 6.375529426297744, 6.375529426293118, 6.375529426311413, 6.375529426313126, 6.3755294262989395, 6.3755294262216085, 6.375529426300284, 6.375529426301503, 6.375529426328235, 6.376200373204538, 6.376200373181435, 6.37620037317086, 6.376200373177613, 6.376200373193937, 6.376200373213319, 6.376200373209579, 6.376200373205592, 6.376200373194563, 6.376200373208442, 6.376200373203471, 6.376200373201241, 6.376200373203834, 6.376200373208936, 6.3762003732051955, 6.3762003732045525, 6.376200373202556, 6.376200373123897, 6.376200373212228, 6.376200373213587, 6.376200373195239, 6.377425583574024, 6.377425583595549, 6.377425583607283, 6.377425583608394, 6.377425583603684, 6.3774255835673825, 6.377425583559766, 6.377425583561218, 6.377425583593118, 6.377425583561094, 6.37742558357782, 6.377425583599337, 6.377425583592187, 6.377425583586468, 6.377425583574968, 6.377425583574033, 6.377425583588936, 6.377425583511014, 6.377425583570638, 6.377425583569399, 6.377425583576365, 6.373823590006967, 6.373823589992794, 6.3738235899869595, 6.373823589980116, 6.373823589990747, 6.37382359001787, 6.373823590020375, 6.37382359001929, 6.373823589990314, 6.3738235900176345, 6.373823590003767, 6.373823589980505, 6.3738235899878095, 6.37382358999154, 6.373823590005568, 6.373823590006965, 6.373823589994371, 6.373823590097938, 6.3738235900109235, 6.373823590010144, 6.373823590005817, 6.374919788140286, 6.374919788145866, 6.37491978814538, 6.374919788148067, 6.374919788127049, 6.374919788126566, 6.374919788136262, 6.374919788141858, 6.374919788143618, 6.374919788147167, 6.374919788141361, 6.374919788143701, 6.374919788142344, 6.374919788139838, 6.374919788140708, 6.374919788140273, 6.374919788136053, 6.374919788225308, 6.3749197881332345, 6.374919788135626, 6.374919788144686, 6.375913261313562, 6.375913261312002, 6.375913261313879, 6.375913261320363, 6.375913261346777, 6.375913261324109, 6.375913261305345, 6.375913261301012, 6.375913261323599, 6.375913261294362, 6.37591326131729, 6.375913261334891, 6.375913261330482, 6.375913261331448, 6.375913261314918, 6.375913261313557, 6.375913261330886, 6.375913261375044, 6.375913261321503, 6.375913261318971, 6.375913261304721, 6.37778539387337, 6.377785393874283, 6.377785393876366, 6.377785393867173, 6.377785393857076, 6.377785393871448, 6.377785393883039, 6.377785393881776, 6.3777853938629026, 6.377785393880193, 6.377785393869743, 6.377785393852347, 6.377785393856875, 6.377785393858039, 6.377785393871933, 6.37778539387336, 6.3777853938634665, 6.377785393787941, 6.377785393872179, 6.377785393870373, 6.377785393879465, 6.377454713291745, 6.377454713291673, 6.377454713288765, 6.377454713290934, 6.377454713268332, 6.377454713281418, 6.37745471329345, 6.3774547132951565, 6.377454713287853, 6.377454713301945, 6.377454713289671, 6.3774547132871815, 6.377454713287948, 6.377454713287998, 6.377454713291739, 6.377454713291747, 6.377454713283234, 6.377454713206107, 6.377454713285782, 6.377454713288737, 6.377454713296666, 6.377964567173564, 6.377964567168652, 6.377964567166549, 6.377964567176327, 6.377964567209217, 6.377964567189505, 6.37796456716545, 6.3779645671601335, 6.377964567184786, 6.377964567154147, 6.377964567176976, 6.377964567198328, 6.377964567193139, 6.377964567194671, 6.377964567174813, 6.3779645671735645, 6.377964567192127, 6.37796456711499, 6.3779645671818965, 6.377964567181355, 6.377964567162294, 6.374710575507285, 6.374710575522253, 6.374710575526647, 6.374710575515315, 6.374710575491127, 6.374710575496797, 6.374710575510969, 6.374710575518829, 6.374710575506181, 6.374710575520419, 6.374710575505277, 6.37471057549118, 6.374710575493058, 6.374710575488596, 6.374710575505627, 6.374710575507283, 6.3747105754947215, 6.374710575599338, 6.374710575496243, 6.3747105754985816, 6.374710575518533, 6.37441556817604, 6.374415568154177, 6.37441556814557, 6.374415568147258, 6.374415568165571, 6.374415568184911, 6.37441556818297, 6.374415568180973, 6.374415568164713, 6.374415568181631, 6.3744155681751264, 6.374415568166326, 6.374415568170178, 6.374415568174355, 6.374415568176193, 6.374415568176044, 6.374415568171912, 6.374415568260581, 6.3744155681836165, 6.374415568184154, 6.374415568167666, 6.375314045621057, 6.37531404564414, 6.375314045657497, 6.375314045659893, 6.375314045645427, 6.375314045606717, 6.375314045604473, 6.375314045606259, 6.375314045640915, 6.375314045609701, 6.3753140456256805, 6.375314045649396, 6.375314045641832, 6.375314045635538, 6.375314045622585, 6.375314045621057, 6.375314045635768, 6.3753140456850925, 6.375314045617011, 6.3753140456147985, 6.375314045624577, 6.375477077601544, 6.375477077579342, 6.375477077572285, 6.375477077570393, 6.375477077594641, 6.375477077619593, 6.3754770776151215, 6.3754770776077905, 6.375477077583141, 6.375477077604464, 6.375477077598754, 6.375477077580418, 6.375477077587989, 6.3754770775946, 6.3754770776007925, 6.375477077601543, 6.375477077595122, 6.375477077518951, 6.375477077612976, 6.3754770776087915, 6.375477077595549, 6.374147762444727, 6.374147762462862, 6.374147762466149, 6.374147762462804, 6.3741477624204785, 6.37414776242305, 6.374147762443586, 6.374147762451639, 6.374147762447033, 6.374147762457577, 6.374147762443616, 6.374147762437691, 6.374147762437475, 6.374147762433182, 6.374147762443908, 6.374147762444724, 6.3741477624324325, 6.374147762353998, 6.37414776242984, 6.374147762432522, 6.3741477624592076, 6.375365372433802, 6.37536537241857, 6.375365372411588, 6.3753653724238335, 6.375365372468121, 6.3753653724548185, 6.375365372427937, 6.375365372421575, 6.375365372441127, 6.375365372411875, 6.3753653724371615, 6.3753653724559145, 6.375365372451518, 6.3753653724562875, 6.3753653724351835, 6.375365372433794, 6.37536537245274, 6.3753653723742065, 6.375365372445886, 6.375365372445816, 6.3753653724178, 6.378116907032769, 6.378116907047511, 6.37811690705298, 6.378116907045578, 6.378116907022091, 6.378116907021186, 6.378116907033069, 6.378116907037495, 6.37811690703461, 6.378116907037878, 6.378116907030896, 6.378116907026182, 6.3781169070254125, 6.3781169070222195, 6.378116907031853, 6.37811690703276, 6.378116907027348, 6.378116907115799, 6.378116907023909, 6.378116907026249, 6.378116907041481, 6.376323797516319, 6.376323797506268, 6.376323797502173, 6.376323797498323, 6.376323797492337, 6.376323797518117, 6.37632379752584, 6.376323797524859, 6.376323797503044, 6.376323797528623, 6.376323797512438, 6.376323797498204, 6.376323797503084, 6.376323797505257, 6.376323797515673, 6.376323797516317, 6.376323797504795, 6.376323797605098, 6.376323797516781, 6.376323797518189, 6.37632379751718, 6.379059930339716, 6.379059930341892, 6.379059930344954, 6.37905993035205, 6.379059930366819, 6.379059930343792, 6.379059930330525, 6.379059930326625, 6.379059930351592, 6.379059930325836, 6.379059930343409, 6.379059930363683, 6.379059930358985, 6.379059930357486, 6.379059930341096, 6.379059930339731, 6.379059930355525, 6.3790599304009765, 6.379059930345142, 6.3790599303424855, 6.379059930333882, 6.3756179252772025, 6.375617925284461, 6.375617925286049, 6.375617925282805, 6.375617925270398, 6.375617925270434, 6.375617925277434, 6.375617925282206, 6.375617925277898, 6.375617925285206, 6.375617925277568, 6.375617925272162, 6.375617925273309, 6.375617925270311, 6.375617925276709, 6.375617925277198, 6.375617925270863, 6.375617925191003, 6.375617925271739, 6.375617925271761, 6.3756179252830165, 6.373067822296779, 6.37306782228027, 6.373067822273536, 6.373067822270617, 6.3730678222876875, 6.373067822306723, 6.3730678223059805, 6.373067822305507, 6.373067822284189, 6.3730678223037485, 6.373067822295359, 6.373067822279021, 6.373067822284363, 6.373067822288348, 6.373067822296094, 6.373067822296782, 6.373067822288708, 6.373067822208374, 6.373067822301737, 6.3730678223015, 6.373067822292581, 6.375154671941607, 6.375154671962566, 6.3751546719731795, 6.37515467197402, 6.375154671959618, 6.37515467192734, 6.375154671927295, 6.375154671930561, 6.375154671958551, 6.375154671932086, 6.3751546719452525, 6.375154671963546, 6.375154671956491, 6.3751546719520915, 6.375154671942797, 6.3751546719415995, 6.375154671952729, 6.375154671873014, 6.375154671935671, 6.375154671936026, 6.37515467194511, 6.378171634880391, 6.37817163485841, 6.378171634851591, 6.378171634855389, 6.378171634880762, 6.378171634895782, 6.378171634887546, 6.378171634878861, 6.378171634869125, 6.378171634874988, 6.3781716348787185, 6.3781716348746835, 6.37817163487773, 6.378171634884629, 6.378171634880692, 6.378171634880386, 6.378171634882952, 6.378171634953711, 6.378171634892415, 6.378171634890285, 6.378171634870566, 6.374559293370758, 6.374559293390378, 6.374559293394821, 6.374559293387872, 6.37455929333945, 6.374559293351, 6.3745592933738005, 6.374559293380705, 6.374559293368906, 6.374559293386914, 6.374559293367416, 6.3745592933562625, 6.374559293357882, 6.374559293353165, 6.374559293369364, 6.374559293370766, 6.374559293354372, 6.374559293463485, 6.3745592933552135, 6.374559293357687, 6.3745592933879305, 6.377713115816247, 6.377713115800328, 6.377713115792798, 6.377713115802858, 6.377713115845296, 6.377713115839625, 6.377713115815189, 6.377713115808334, 6.377713115819698, 6.377713115798235, 6.377713115818434, 6.377713115830797, 6.3777131158289615, 6.377713115832712, 6.377713115816893, 6.377713115816252, 6.377713115830874, 6.377713115878474, 6.3777131158287235, 6.377713115826865, 6.377713115802711, 6.377164787415663, 6.377164787430489, 6.377164787434215, 6.377164787432837, 6.377164787411746, 6.377164787401771, 6.377164787409981, 6.377164787416492, 6.377164787424358, 6.3771647874191215, 6.377164787416495, 6.377164787421728, 6.37716478741842, 6.377164787413573, 6.377164787415555, 6.377164787415672, 6.3771647874147215, 6.377164787335116, 6.377164787406411, 6.377164787409398, 6.377164787422037, 6.3752468895849415, 6.37524688957381, 6.375246889570693, 6.3752468895646235, 6.375246889567351, 6.375246889588415, 6.375246889593662, 6.375246889593281, 6.375246889572008, 6.375246889596259, 6.375246889581929, 6.375246889566087, 6.375246889570883, 6.375246889573717, 6.375246889584293, 6.375246889584933, 6.375246889574903, 6.375246889495927, 6.375246889586841, 6.3752468895882055, 6.375246889583554, 6.379323849704412, 6.379323849708371, 6.379323849714305, 6.379323849714533, 6.379323849724485, 6.379323849705751, 6.379323849698564, 6.379323849695255, 6.379323849710722, 6.37932384969571, 6.379323849706634, 6.37932384971644, 6.379323849713965, 6.379323849713515, 6.379323849705239, 6.37932384970442, 6.379323849714688, 6.3793238496371485, 6.37932384970862, 6.379323849705829, 6.379323849701135, 6.376881280013181, 6.376881280017855, 6.376881280019048, 6.37688128002076, 6.376881280009958, 6.376881280005874, 6.376881280010486, 6.376881280012539, 6.376881280015611, 6.3768812800168835, 6.3768812800144925, 6.376881280016124, 6.376881280015911, 6.376881280014098, 6.3768812800134524, 6.3768812800131816, 6.376881280011429, 6.376881280093697, 6.376881280010189, 6.376881280009275, 6.3768812800165735, 6.37392764144843, 6.373927641433501, 6.373927641425562, 6.373927641426286, 6.373927641438266, 6.37392764145795, 6.373927641457063, 6.373927641456576, 6.373927641437544, 6.373927641454284, 6.373927641447136, 6.37392764143389, 6.3739276414388435, 6.373927641441921, 6.373927641447711, 6.373927641448427, 6.373927641440409, 6.373927641535497, 6.373927641452186, 6.373927641451395, 6.373927641446108, 6.376337733193987, 6.376337733213749, 6.3763377332219475, 6.376337733220485, 6.376337733207889, 6.376337733184848, 6.376337733184921, 6.376337733188756, 6.3763377332073565, 6.3763377331858555, 6.376337733196118, 6.376337733207136, 6.376337733202039, 6.376337733197573, 6.376337733194215, 6.376337733193988, 6.376337733200925, 6.376337733265967, 6.376337733187593, 6.376337733187999, 6.376337733199068, 6.378863076238844, 6.37886307622032, 6.37886307621457, 6.378863076218555, 6.378863076241151, 6.378863076251574, 6.378863076242968, 6.378863076235716, 6.378863076231896, 6.378863076231365, 6.378863076237352, 6.378863076238732, 6.378863076239466, 6.378863076245233, 6.378863076239403, 6.378863076238855, 6.378863076244116, 6.378863076167651, 6.378863076248841, 6.3788630762488765, 6.37886307622874, 6.376038873302819, 6.376038873318547, 6.376038873322537, 6.376038873316676, 6.376038873273108, 6.376038873283524, 6.376038873304116, 6.376038873309549, 6.37603887330121, 6.37603887331761, 6.37603887329954, 6.376038873292692, 6.376038873293152, 6.3760388732896764, 6.376038873302093, 6.376038873302819, 6.376038873289625, 6.376038873212834, 6.376038873289419, 6.37603887329325, 6.376038873316023, 6.379349734067259, 6.379349734054826, 6.379349734049929, 6.37934973405521, 6.379349734092615, 6.379349734088325, 6.379349734068606, 6.379349734061705, 6.3793497340679926, 6.379349734053773, 6.379349734068657, 6.379349734074628, 6.379349734074548, 6.379349734077861, 6.379349734067438, 6.379349734067264, 6.379349734077985, 6.379349734001885, 6.37934973407856, 6.379349734075503, 6.379349734056971, 6.37652656195612, 6.376526561969018, 6.376526561971394, 6.376526561971032, 6.3765265619535905, 6.376526561944297, 6.3765265619513976, 6.376526561957861, 6.376526561963875, 6.376526561961543, 6.376526561957815, 6.376526561960597, 6.376526561958691, 6.376526561953957, 6.376526561955921, 6.37652656195613, 6.376526561953582, 6.376526562038456, 6.3765265619478, 6.376526561949079, 6.376526561962731, 6.375175550794699, 6.375175550782, 6.375175550778047, 6.3751755507764445, 6.375175550784066, 6.37517555079812, 6.375175550799918, 6.3751755508000905, 6.375175550785698, 6.375175550802793, 6.375175550793781, 6.375175550783678, 6.375175550787202, 6.375175550789603, 6.375175550794578, 6.375175550794702, 6.37517555078861, 6.375175550881002, 6.375175550797729, 6.375175550798317, 6.375175550791365, 6.378647112365354, 6.378647112371792, 6.378647112379751, 6.378647112376967, 6.37864711238183, 6.378647112364398, 6.378647112360006, 6.37864711235824, 6.378647112370624, 6.378647112358081, 6.378647112366994, 6.3786471123734, 6.378647112371261, 6.378647112370406, 6.378647112366003, 6.378647112365355, 6.378647112373666, 6.378647112435484, 6.378647112367818, 6.378647112365641, 6.378647112363801, 6.378035181108717, 6.378035181109746, 6.378035181110869, 6.378035181110576, 6.378035181103599, 6.378035181105229, 6.378035181108901, 6.378035181108573, 6.378035181106974, 6.378035181110583, 6.378035181108425, 6.378035181107024, 6.378035181107673, 6.378035181107684, 6.37803518110886, 6.378035181108717, 6.378035181107141, 6.378035181029371, 6.378035181108268, 6.378035181107538, 6.378035181110251, 6.375620163429248, 6.375620163420286, 6.3756201634127, 6.375620163416253, 6.375620163416591, 6.3756201634329726, 6.375620163434445, 6.3756201634348795, 6.3756201634225995, 6.375620163434151, 6.375620163428025, 6.375620163421489, 6.375620163424258, 6.375620163425963, 6.375620163428845, 6.375620163429241, 6.375620163422522, 6.375620163344369, 6.375620163429545, 6.3756201634302005, 6.375620163429105, 6.377675117901537, 6.3776751179153655, 6.377675117918818, 6.377675117920282, 6.377675117917826, 6.3776751178996625, 6.377675117895052, 6.37767511789715, 6.377675117913136, 6.377675117891632, 6.377675117903465, 6.377675117914105, 6.377675117909908, 6.377675117906659, 6.37767511790151, 6.377675117901538, 6.377675117908784, 6.3776751178310365, 6.37767511789788, 6.37767511789785, 6.377675117904216, 6.378831329879816, 6.378831329867852, 6.378831329863768, 6.378831329864138, 6.3788313298782615, 6.378831329888501, 6.37883132988475, 6.378831329880662, 6.378831329873483, 6.378831329877157, 6.378831329877931, 6.378831329874902, 6.378831329876284, 6.378831329879974, 6.378831329879693, 6.378831329879813, 6.3788313298804775, 6.378831329955995, 6.3788313298852435, 6.378831329885826, 6.378831329874542, 6.376829319174913, 6.3768293191853385, 6.37682931918944, 6.376829319184812, 6.376829319152222, 6.376829319158271, 6.376829319174421, 6.376829319178286, 6.376829319174024, 6.376829319186939, 6.376829319172746, 6.376829319169428, 6.376829319169211, 6.376829319166899, 6.376829319174811, 6.376829319174917, 6.376829319165976, 6.376829319261797, 6.376829319165269, 6.376829319168827, 6.376829319183388, 6.379379339883931, 6.379379339872394, 6.37937933987082, 6.379379339874362, 6.37937933990948, 6.379379339901315, 6.379379339883629, 6.379379339876313, 6.3793793398852205, 6.379379339871167, 6.379379339885843, 6.379379339892733, 6.379379339892279, 6.37937933989544, 6.379379339884499, 6.379379339883931, 6.3793793398957614, 6.379379339948804, 6.379379339895642, 6.379379339892128, 6.379379339873321, 6.37598160015326, 6.375981600168139, 6.3759816001719924, 6.375981600167965, 6.375981600144073, 6.375981600139695, 6.375981600151515, 6.375981600158472, 6.375981600157764, 6.375981600163065, 6.3759816001541365, 6.375981600149865, 6.375981600149878, 6.375981600144802, 6.375981600152562, 6.375981600153258, 6.375981600146015, 6.375981600066635, 6.375981600143638, 6.375981600143937, 6.375981600163032, 6.374868758098587, 6.374868758079798, 6.374868758071869, 6.374868758075426, 6.374868758093815, 6.37486875810887, 6.374868758103633, 6.374868758102315, 6.374868758089859, 6.374868758102737, 6.374868758098491, 6.374868758091576, 6.374868758095057, 6.374868758098711, 6.374868758098694, 6.374868758098597, 6.374868758095324, 6.374868758015244, 6.374868758104892, 6.374868758104849, 6.3748687580916625, 6.37754617918153, 6.3775461791983625, 6.3775461792080925, 6.377546179206642, 6.3775461791980455, 6.3775461791732315, 6.3775461791716435, 6.377546179173495, 6.377546179193387, 6.377546179173392, 6.377546179183783, 6.377546179195822, 6.377546179191087, 6.377546179187488, 6.3775461791821835, 6.37754617918153, 6.377546179190509, 6.377546179111785, 6.377546179178168, 6.37754617917756, 6.3775461791842725, 6.37763412875367, 6.377634128741947, 6.377634128738508, 6.37763412873683, 6.377634128744895, 6.377634128760522, 6.377634128760921, 6.377634128757211, 6.377634128742788, 6.377634128755093, 6.377634128751024, 6.377634128741486, 6.377634128745012, 6.377634128748945, 6.377634128753334, 6.377634128753667, 6.3776341287500555, 6.377634128834291, 6.377634128758908, 6.377634128758228, 6.377634128750598, 6.376258600119068, 6.376258600125365, 6.376258600123697, 6.376258600125261, 6.376258600103017, 6.376258600109029, 6.376258600118712, 6.376258600122347, 6.376258600119239, 6.376258600125356, 6.37625860011807, 6.376258600117377, 6.376258600117199, 6.376258600115441, 6.376258600118924, 6.376258600119065, 6.3762586001126635, 6.376258600203619, 6.376258600112107, 6.376258600114276, 6.376258600125193, 6.377984481093605, 6.377984481091989, 6.377984481089866, 6.377984481095726, 6.377984481118865, 6.377984481105778, 6.377984481089969, 6.377984481086481, 6.377984481100935, 6.377984481078494, 6.377984481095925, 6.377984481107766, 6.377984481104997, 6.37798448110566, 6.377984481094025, 6.377984481093614, 6.377984481105368, 6.377984481159015, 6.377984481099382, 6.377984481097492, 6.377984481087495, 6.378358356009269, 6.3783583560121935, 6.378358356013104, 6.378358356008113, 6.378358355998068, 6.378358356004913, 6.3783583560135275, 6.378358356014981, 6.378358356006016, 6.378358356015178, 6.378358356007352, 6.378358355999363, 6.378358356000961, 6.378358356000186, 6.378358356008368, 6.378358356009274, 6.378358356002838, 6.378358355925678, 6.378358356005598, 6.378358356006292, 6.378358356014062, 6.377569442961866, 6.377569442957672, 6.377569442957136, 6.377569442956154, 6.377569442947333, 6.377569442957103, 6.377569442963345, 6.377569442963747, 6.377569442957493, 6.377569442970256, 6.377569442960498, 6.377569442957291, 6.377569442958273, 6.377569442959228, 6.377569442962114, 6.377569442961861, 6.37756944295659, 6.377569442878026, 6.377569442959962, 6.377569442962454, 6.377569442962262, 6.379642486892638, 6.379642486893016, 6.379642486897264, 6.379642486899227, 6.379642486919412, 6.379642486900001, 6.379642486886434, 6.379642486882193, 6.379642486900689, 6.379642486880233, 6.379642486895577, 6.379642486907975, 6.379642486904707, 6.379642486905072, 6.37964248689354, 6.379642486892637, 6.379642486906056, 6.3796424868285655, 6.3796424868987405, 6.379642486896501, 6.379642486886113, 6.375288216496243, 6.375288216501761, 6.375288216502558, 6.375288216496396, 6.375288216479906, 6.375288216489337, 6.3752882165004925, 6.37528821650559, 6.375288216492191, 6.375288216508886, 6.375288216495276, 6.37528821648204, 6.375288216485065, 6.375288216482808, 6.375288216495153, 6.37528821649624, 6.3752882164848454, 6.375288216586987, 6.375288216489958, 6.375288216490384, 6.375288216503522, 6.374930475075553, 6.374930475062697, 6.374930475055813, 6.374930475061125, 6.37493047507305, 6.374930475082012, 6.374930475077254, 6.374930475077351, 6.37493047507124, 6.37493047507739, 6.374930475076264, 6.374930475074578, 6.374930475076285, 6.374930475078328, 6.374930475075929, 6.374930475075554, 6.3749304750743105, 6.374930475157287, 6.374930475079629, 6.374930475079794, 6.374930475070261, 6.376466983947139, 6.376466983963937, 6.3764669839724775, 6.376466983973414, 6.37646698396837, 6.376466983940796, 6.3764669839364005, 6.376466983937754, 6.376466983960798, 6.376466983935179, 6.3764669839499275, 6.376466983965401, 6.376466983960024, 6.376466983956204, 6.376466983947932, 6.37646698394714, 6.376466983958538, 6.376466984014492, 6.376466983944889, 6.376466983943558, 6.376466983949034, 6.377219753760747, 6.377219753743358, 6.377219753737957, 6.377219753734828, 6.377219753746891, 6.3772197537705, 6.377219753773218, 6.377219753767497, 6.377219753744208, 6.377219753763422, 6.377219753756343, 6.3772197537407145, 6.377219753746393, 6.377219753751902, 6.3772197537598485, 6.377219753760754, 6.377219753754246, 6.377219753678662, 6.377219753768215, 6.377219753766568, 6.377219753757606, 6.3762924223923525, 6.376292422410328, 6.376292422412943, 6.37629242241337, 6.376292422372293, 6.376292422370934, 6.376292422387797, 6.376292422393705, 6.376292422397731, 6.376292422401198, 6.376292422391394, 6.376292422395113, 6.3762924223926305, 6.37629242238853, 6.376292422392344, 6.376292422392359, 6.376292422385236, 6.376292422307719, 6.376292422378867, 6.376292422382652, 6.376292422403954, 6.37678345914086, 6.376783459121333, 6.376783459113094, 6.376783459122824, 6.37678345917709, 6.3767834591711, 6.376783459140364, 6.376783459130769, 6.376783459143259, 6.376783459120052, 6.3767834591434, 6.376783459155557, 6.376783459154096, 6.376783459160022, 6.376783459141693, 6.376783459140853, 6.376783459157665, 6.376783459081041, 6.376783459156796, 6.376783459154399, 6.376783459123784, 6.37405844744719, 6.374058447474744, 6.374058447483818, 6.37405844747142, 6.3740584474235975, 6.374058447422259, 6.374058447446918, 6.374058447457988, 6.374058447452036, 6.374058447463839, 6.3740584474458055, 6.374058447434996, 6.374058447434734, 6.374058447426987, 6.37405844744552, 6.374058447447198, 6.3740584474329465, 6.374058447540363, 6.374058447428707, 6.374058447431776, 6.37405844746546, 6.3744440640702615, 6.374444064036139, 6.374444064026067, 6.374444064031479, 6.374444064066537, 6.374444064088486, 6.374444064077669, 6.374444064071248, 6.374444064056508, 6.374444064072053, 6.374444064069525, 6.374444064063911, 6.374444064068174, 6.374444064075349, 6.374444064070997, 6.37444406407026, 6.3744440640705315, 6.374444064149733, 6.374444064084168, 6.374444064084076, 6.37444406405538, 6.3765363369853825, 6.376536337014233, 6.376536337030496, 6.3765363370284645, 6.376536337009083, 6.376536336968714, 6.376536336969292, 6.376536336972373, 6.376536337005885, 6.37653633697631, 6.376536336989627, 6.37653633700982, 6.376536337002401, 6.37653633699503, 6.376536336986417, 6.376536336985384, 6.376536336998158, 6.376536337050865, 6.3765363369785515, 6.376536336976684, 6.37653633699192, 6.3735772598365354, 6.37357725981848, 6.373577259811509, 6.373577259806775, 6.37357725982155, 6.373577259850657, 6.373577259850917, 6.373577259847795, 6.373577259817376, 6.373577259846276, 6.37357725983311, 6.3735772598099825, 6.373577259818342, 6.3735772598230875, 6.373577259835355, 6.373577259836539, 6.373577259824465, 6.373577259746668, 6.3735772598433345, 6.373577259841118, 6.373577259834029, 6.374770789712459, 6.374770789716636, 6.374770789712706, 6.374770789718037, 6.37477078970216, 6.374770789702301, 6.374770789708993, 6.374770789713965, 6.374770789715549, 6.3747707897167745, 6.374770789713559, 6.374770789716822, 6.374770789715583, 6.374770789713844, 6.374770789712835, 6.374770789712466, 6.37477078970905, 6.374770789628575, 6.374770789706675, 6.374770789708802, 6.374770789715729, 6.375638665602659, 6.375638665610615, 6.375638665613073, 6.37563866561851, 6.375638665631529, 6.375638665605489, 6.375638665592677, 6.375638665592157, 6.3756386656162665, 6.375638665584687, 6.375638665606026, 6.375638665624435, 6.375638665618536, 6.375638665617379, 6.375638665603642, 6.375638665602671, 6.375638665617857, 6.37563866553872, 6.375638665604482, 6.375638665603912, 6.375638665598711, 6.378107953402159, 6.378107953389921, 6.37810795338754, 6.378107953380622, 6.378107953389943, 6.378107953411668, 6.378107953415231, 6.378107953410277, 6.378107953386705, 6.378107953404656, 6.378107953396973, 6.378107953379725, 6.378107953385165, 6.3781079533896445, 6.378107953400797, 6.378107953402154, 6.3781079533950304, 6.378107953484292, 6.378107953407341, 6.378107953406258, 6.378107953401575, 6.377105353850493, 6.377105353865804, 6.377105353869386, 6.377105353868389, 6.377105353821005, 6.377105353826817, 6.377105353847897, 6.3771053538527465, 6.377105353852462, 6.377105353864352, 6.377105353848404, 6.377105353849662, 6.377105353848157, 6.377105353844419, 6.377105353850574, 6.377105353850501, 6.377105353840351, 6.377105353937366, 6.377105353836652, 6.377105353841052, 6.377105353862669, 6.377185448710369, 6.377185448690764, 6.377185448684184, 6.377185448695316, 6.377185448748791, 6.37718544873838, 6.377185448707423, 6.377185448697045, 6.377185448715473, 6.377185448689322, 6.377185448714346, 6.377185448730794, 6.377185448728327, 6.37718544873359, 6.3771854487116935, 6.377185448710365, 6.377185448729792, 6.377185448653199, 6.377185448727005, 6.377185448723867, 6.3771854486922805, 6.379331061955811, 6.379331061979683, 6.379331061988319, 6.379331061975679, 6.379331061946664, 6.379331061939483, 6.379331061957383, 6.379331061964883, 6.379331061960985, 6.3793310619658365, 6.37933106195568, 6.379331061944179, 6.379331061944435, 6.3793310619376005, 6.379331061953757, 6.379331061955815, 6.379331061947304, 6.379331061870373, 6.379331061943601, 6.379331061943057, 6.379331061970147, 6.375819434040594, 6.375819434019779, 6.3758194340114365, 6.3758194340130006, 6.375819434015567, 6.375819434044069, 6.375819434048161, 6.375819434048648, 6.375819434026527, 6.375819434056434, 6.375819434038471, 6.375819434025215, 6.375819434030251, 6.37581943403393, 6.375819434040417, 6.3758194340405945, 6.375819434029289, 6.375819434131379, 6.3758194340426035, 6.375819434045557, 6.37581943403666, 6.375643901471136, 6.37564390147651, 6.375643901482061, 6.375643901489435, 6.375643901500965, 6.375643901473415, 6.375643901455586, 6.375643901455659, 6.375643901485099, 6.3756439014590995, 6.375643901475643, 6.375643901498644, 6.375643901492584, 6.375643901491245, 6.3756439014732775, 6.375643901471134, 6.375643901487177, 6.375643901535923, 6.375643901473219, 6.375643901474006, 6.375643901464569, 6.380538766708691, 6.380538766717426, 6.380538766724058, 6.380538766714859, 6.380538766717497, 6.380538766708199, 6.380538766711629, 6.380538766711397, 6.380538766707625, 6.380538766704108, 6.380538766708143, 6.380538766699734, 6.380538766701479, 6.380538766699611, 6.380538766707544, 6.3805387667087015, 6.380538766709986, 6.380538766632991, 6.380538766710249, 6.380538766705702, 6.380538766712469, 6.378320194752813, 6.378320194737806, 6.378320194727309, 6.378320194727817, 6.378320194719338, 6.378320194749835, 6.378320194766371, 6.378320194764253, 6.378320194735985, 6.378320194764229, 6.3783201947487935, 6.378320194730596, 6.3783201947373085, 6.378320194740354, 6.378320194751596, 6.378320194752808, 6.378320194739301, 6.37832019466443, 6.378320194755062, 6.378320194753508, 6.378320194755104, 6.375853766724307, 6.3758537667401605, 6.375853766738746, 6.375853766750712, 6.375853766727444, 6.375853766713703, 6.375853766710559, 6.375853766714843, 6.375853766738736, 6.375853766721623, 6.37585376672706, 6.375853766748919, 6.375853766742925, 6.37585376673921, 6.3758537667260216, 6.375853766724311, 6.3758537667287545, 6.375853766798683, 6.375853766714995, 6.37585376671914, 6.3758537667279995, 6.375542391852064, 6.375542391841647, 6.375542391839597, 6.375542391839166, 6.375542391885426, 6.375542391882672, 6.37554239185393, 6.3755423918490886, 6.3755423918512495, 6.375542391835881, 6.375542391852107, 6.375542391853646, 6.375542391854413, 6.375542391858292, 6.375542391852221, 6.375542391852062, 6.375542391861769, 6.37554239192188, 6.37554239186256, 6.375542391862226, 6.375542391840631, 6.378385577291225, 6.37838557730231, 6.378385577309973, 6.3783855772961635, 6.378385577266519, 6.3783855772705325, 6.37838557729685, 6.3783855773022315, 6.378385577288796, 6.378385577301751, 6.378385577288338, 6.3783855772738125, 6.378385577275226, 6.378385577271369, 6.378385577289654, 6.378385577291225, 6.378385577280598, 6.378385577380145, 6.378385577281568, 6.378385577283004, 6.378385577302649, 6.375174744781699, 6.375174744768552, 6.375174744764336, 6.375174744770882, 6.375174744760428, 6.37517474477212, 6.375174744780565, 6.37517474478066, 6.37517474477825, 6.375174744790942, 6.375174744782051, 6.375174744785734, 6.3751747447859355, 6.375174744787346, 6.375174744783329, 6.375174744781698, 6.375174744777619, 6.375174744696444, 6.375174744781482, 6.375174744784486, 6.375174744778303, 6.371403374303571, 6.371403374305587, 6.371403374309214, 6.371403374311562, 6.371403374341176, 6.371403374323546, 6.371403374296862, 6.371403374293164, 6.371403374310701, 6.371403374291164, 6.37140337430751, 6.371403374318292, 6.37140337431702, 6.371403374317922, 6.371403374305097, 6.371403374303566, 6.371403374314557, 6.3714033742332195, 6.371403374311022, 6.371403374307866, 6.3714033742958085, 6.374321202163915]
Total optimisation time observed during ADAM optimization: 584.298125 seconds
Median time per evaluation during ADAM optimization: 1.163654 seconds
6.374321202163915
QAOA optimisation for n=16 took 614.07 seconds; started at 1777612390.523533 and finished at 1777613004.593456
Finished QAOA for n=10 nodes, m=15 edges at 2026-05-01 07:23:24 on Apple M4. Time taken: 614.07 seconds. Hours: 0.17 hours. Peak RAM: 369.77 MB.
Unknown graph type for approximation ratio calculation; skipping approx ratio computation.
CSV writing for n=16 took 0.00 seconds; started at 1777613004.593458 and finished at 1777613004.5939572
results: {16: 6.374321202163915}
durations: {10: 614.0699260234833}
Results saved to: logs/adam/qaoa_results_adam_20260430_200911.csv
Global end time: 1777613004.593962
Finalisation time: 0.00 seconds; started at 1777613004.5939589 and finished at 1777613004.593963
Sum of all section times: 614.17 seconds
