2026-05-01 10:01:21.761 system_profiler[87192:3108917] hw.cpufamily: 0x6f5129ac
Starting QAOA benchmark with global start time: 1777622481.6267562
Benchmark parameters: {'optimiser': 'adam', 'circuit_type': 'hamqaoa', 'parameter_vector': [1, 1, 1], 'iterations_list': [50, 100, 200, 500], 'learning_rate_adam': 0.05, 'depth_list': [1, 2, 5, 10], 'n_start': 0, 'n_end': 30, 'singlet_injection': False, 'start_index_singlet': 0, 'warm_start': True, 'compare_with_010101': False, 'warm_start_correlations': False, 'init_QAOAparams_close_to_zero': False, 'use_correlations_as_initial_params': False, 'time_limit': 10800, 'failed_instance_termination_thrsh': 10, 'graph_generation_type': 'HOG', 'weighted': False, 'easiest_first': True, 'cpu_util_threshold': 90, 'debug': False, 'save_circuit_svg': False, 'rerun_exclude_finished_instances': False, 'optimiser_debug_iterations': 1, 'relative_graph_adjList_path': '/Users/julian_dev/Projects/MasterThesis/QAOA/HOG_graphs/list_27_graphs_adjacency_list.txt'}, Running QAOA with equal superposition
Benchmark run ID: 5d119ed6
Processor: Apple M4
Hostname: Mac-mini-som-tillhor-Julian.local
Total RAM (GB): 16.0
Physical cores: 10
Logical cores: 10
Python version: 3.13.1
Initialisation time: 0.15 seconds; started at {'initialisation': 0.1535177230834961} and finished at 1777622481.780283
Loaded HOG graph index 24 with 15 edges.
Instance generation for n=24 took 0.00 seconds; started at 1777622481.780288 and finished at 1777622481.780603
Running QAOA for n=10 nodes, m=15 edges...; Max iterations: 500
Warm-start: using parameter_vector=[1, 1, 1]
Warm-start: starting SDP solve for n_vertices=10
Starting SDP solve (solver preference: MOSEK, fallback: SCS) for n_vertices=10, matrix_dim=30, edges=15
Finished SDP solve with MOSEK. status=optimal. elapsed_seconds=0.07
Rounding...
n_vertices: 10 for n = 30
Using seed None to generate random matrix for x.
r_0: [ 0.77492161  0.47174148 -0.42066195]
Product state qubit 0: [[0.28966902+0.j         0.3874608 -0.23587074j]
 [0.3874608 +0.23587074j 0.71033098+0.j        ]]
Diagonal entries of product state 0: [0.28966902 0.71033098]
r_1: [-0.77492104 -0.47174163  0.42066284]
Product state qubit 1: [[ 0.71033142+0.j         -0.38746052+0.23587082j]
 [-0.38746052-0.23587082j  0.28966858+0.j        ]]
Diagonal entries of product state 1: [0.71033142 0.28966858]
r_2: [-0.84825736 -0.18034549  0.49793068]
Product state qubit 2: [[ 0.74896534+0.j         -0.42412868+0.09017274j]
 [-0.42412868-0.09017274j  0.25103466+0.j        ]]
Diagonal entries of product state 2: [0.74896534 0.25103466]
r_3: [-0.46840249 -0.86286947  0.18988256]
Product state qubit 3: [[ 0.59494128+0.j         -0.23420125+0.43143473j]
 [-0.23420125-0.43143473j  0.40505872+0.j        ]]
Diagonal entries of product state 3: [0.59494128 0.40505872]
r_4: [-0.82781     0.19241805  0.52697808]
Product state qubit 4: [[ 0.76348904+0.j         -0.413905  -0.09620902j]
 [-0.413905  +0.09620902j  0.23651096+0.j        ]]
Diagonal entries of product state 4: [0.76348904 0.23651096]
r_5: [ 0.55450852 -0.71915383 -0.41873389]
Product state qubit 5: [[0.29063306+0.j         0.27725426+0.35957692j]
 [0.27725426-0.35957692j 0.70936694+0.j        ]]
Diagonal entries of product state 5: [0.29063306 0.70936694]
r_6: [ 0.82203304 -0.21751059 -0.52626117]
Product state qubit 6: [[0.23686941+0.j         0.41101652+0.10875529j]
 [0.41101652-0.10875529j 0.76313059+0.j        ]]
Diagonal entries of product state 6: [0.23686941 0.76313059]
r_7: [-0.59037514  0.67910211  0.4362081 ]
Product state qubit 7: [[ 0.71810405+0.j         -0.29518757-0.33955106j]
 [-0.29518757+0.33955106j  0.28189595+0.j        ]]
Diagonal entries of product state 7: [0.71810405 0.28189595]
r_8: [ 0.77491446  0.47174016 -0.4206766 ]
Product state qubit 8: [[0.2896617 +0.j         0.38745723-0.23587008j]
 [0.38745723+0.23587008j 0.7103383 +0.j        ]]
Diagonal entries of product state 8: [0.2896617 0.7103383]
r_9: [ 0.77492286  0.47174014 -0.42066115]
Product state qubit 9: [[0.28966942+0.j         0.38746143-0.23587007j]
 [0.38746143+0.23587007j 0.71033058+0.j        ]]
Diagonal entries of product state 9: [0.28966942 0.71033058]
y_scalar: False
[-1, 1, 1, 1, 1, -1, -1, 1, -1, -1]
Hamiltonian equals product state? [[False False False False]
 [False False False False]
 [False False False False]
 [False False False False]]
Hamiltonian: [[ 0. +0.j  0. +0.j  0. +0.j  0. +0.j]
 [ 0. +0.j  0.5+0.j -0.5+0.j  0. +0.j]
 [ 0. +0.j -0.5+0.j  0.5+0.j  0. +0.j]
 [ 0. +0.j  0. +0.j  0. +0.j  0. +0.j]], product state: [[ 0.1723363 +0.j          0.2305168 -0.14032884j -0.06784094+0.12497345j
   0.01101859+0.22240538j]
 [ 0.2305168 +0.14032884j  0.42260498+0.j         -0.19250649+0.11192325j
  -0.16636031+0.30646128j]
 [-0.06784094-0.12497345j -0.19250649-0.11192325j  0.11733313+0.j
   0.15694463-0.09554123j]
 [ 0.01101859-0.22240538j -0.16636031-0.30646128j  0.15694463+0.09554123j
   0.28772559+0.j        ]]
Hamiltonian equals product state? [[False False False False]
 [False False False False]
 [False False False False]
 [False False False False]]
Hamiltonian: [[ 0. +0.j  0. +0.j  0. +0.j  0. +0.j]
 [ 0. +0.j  0.5+0.j -0.5+0.j  0. +0.j]
 [ 0. +0.j -0.5+0.j  0.5+0.j  0. +0.j]
 [ 0. +0.j  0. +0.j  0. +0.j  0. +0.j]], product state: [[ 0.20576101+0.00000000e+00j -0.11223531+6.83244689e-02j
   0.27522558-1.67546398e-01j -0.09449074+1.82781295e-01j]
 [-0.11223531-6.83244689e-02j  0.08390802+0.00000000e+00j
  -0.20576079-9.64292661e-08j  0.11223522-6.83243429e-02j]
 [ 0.27522558+1.67546398e-01j -0.20576079+9.64292661e-08j
   0.50457041+0.00000000e+00j -0.27522521+1.67546347e-01j]
 [-0.09449074-1.82781295e-01j  0.11223522+6.83243429e-02j
  -0.27522521-1.67546347e-01j  0.20576057+0.00000000e+00j]]
Hamiltonian equals product state? [[False False False False]
 [False False False False]
 [False False False False]
 [False False False False]]
Hamiltonian: [[ 0. +0.j  0. +0.j  0. +0.j  0. +0.j]
 [ 0. +0.j  0.5+0.j -0.5+0.j  0. +0.j]
 [ 0. +0.j -0.5+0.j  0.5+0.j  0. +0.j]
 [ 0. +0.j  0. +0.j  0. +0.j  0. +0.j]], product state: [[0.08418527+0.j         0.11260788-0.06855164j 0.08030994+0.10415566j
  0.1922376 +0.07392469j]
 [0.11260788+0.06855164j 0.20644779+0.j         0.02261073+0.20471666j
  0.19694432+0.25542125j]
 [0.08030994-0.10415566j 0.02261073-0.20471666j 0.20547644+0.j
  0.27484935-0.16731844j]
 [0.1922376 -0.07392469j 0.19694432-0.25542125j 0.27484935+0.16731844j
  0.50389051+0.j        ]]
Hamiltonian equals product state? [[False False False False]
 [False False False False]
 [False False False False]
 [False False False False]]
Hamiltonian: [[ 0. +0.j  0. +0.j  0. +0.j  0. +0.j]
 [ 0. +0.j  0.5+0.j -0.5+0.j  0. +0.j]
 [ 0. +0.j -0.5+0.j  0.5+0.j  0. +0.j]
 [ 0. +0.j  0. +0.j  0. +0.j  0. +0.j]], product state: [[ 0.17740698+0.j          0.30783713+0.08145394j -0.10046311+0.02135916j
  -0.18413066-0.00906375j]
 [ 0.30783713-0.08145394j  0.57155836+0.j         -0.16451713+0.08318873j
  -0.32366557+0.06881358j]
 [-0.10046311-0.02135916j -0.16451713-0.08318873j  0.05946243+0.j
   0.10317939+0.02730135j]
 [-0.18413066+0.00906375j -0.32366557-0.06881358j  0.10317939-0.02730135j
   0.19157223+0.j        ]]
Hamiltonian equals product state? [[False False False False]
 [False False False False]
 [False False False False]
 [False False False False]]
Hamiltonian: [[ 0. +0.j  0. +0.j  0. +0.j  0. +0.j]
 [ 0. +0.j  0.5+0.j -0.5+0.j  0. +0.j]
 [ 0. +0.j -0.5+0.j  0.5+0.j  0. +0.j]
 [ 0. +0.j  0. +0.j  0. +0.j  0. +0.j]], product state: [[ 0.20576129+0.00000000e+00j  0.27522603-1.67545920e-01j
  -0.11223547+6.83245634e-02j -0.09449114+1.82781182e-01j]
 [ 0.27522603+1.67545920e-01j  0.50457013+0.00000000e+00j
  -0.20576087+5.05106264e-07j -0.27522505+1.67546252e-01j]
 [-0.11223547-6.83245634e-02j -0.20576087-5.05106264e-07j
   0.08390813+0.00000000e+00j  0.1122354 -6.83241480e-02j]
 [-0.09449114-1.82781182e-01j -0.27522505-1.67546252e-01j
   0.1122354 +6.83241480e-02j  0.20576045+0.00000000e+00j]]
Hamiltonian equals product state? [[False False False False]
 [False False False False]
 [False False False False]
 [False False False False]]
Hamiltonian: [[ 0. +0.j  0. +0.j  0. +0.j  0. +0.j]
 [ 0. +0.j  0.5+0.j -0.5+0.j  0. +0.j]
 [ 0. +0.j -0.5+0.j  0.5+0.j  0. +0.j]
 [ 0. +0.j  0. +0.j  0. +0.j  0. +0.j]], product state: [[ 0.20870478+0.j         -0.08579127-0.09868476j  0.19909741+0.25821364j
   0.04025271-0.20028461j]
 [-0.08579127+0.09868476j  0.08192828+0.j         -0.20393673-0.01200066j
   0.07815685+0.10136328j]
 [ 0.19909741-0.25821364j -0.20393673+0.01200066j  0.50939928+0.j
  -0.20939631-0.2408663j ]
 [ 0.04025271+0.20028461j  0.07815685-0.10136328j -0.20939631+0.2408663j
   0.19996767+0.j        ]]
Hamiltonian equals product state? [[False False False False]
 [False False False False]
 [False False False False]
 [False False False False]]
Hamiltonian: [[ 0. +0.j  0. +0.j  0. +0.j  0. +0.j]
 [ 0. +0.j  0.5+0.j -0.5+0.j  0. +0.j]
 [ 0. +0.j -0.5+0.j  0.5+0.j  0. +0.j]
 [ 0. +0.j  0. +0.j  0. +0.j  0. +0.j]], product state: [[ 0.21695236+0.j          0.29019518-0.1766585j  -0.12285711+0.02612029j
  -0.14306445+0.13497772j]
 [ 0.29019518+0.1766585j   0.53201298+0.j         -0.18560256-0.0651008j
  -0.30127157+0.06405246j]
 [-0.12285711-0.02612029j -0.18560256+0.0651008j   0.07271707+0.j
   0.09726625-0.05921156j]
 [-0.14306445-0.13497772j -0.30127157-0.06405246j  0.09726625+0.05921156j
   0.1783176 +0.j        ]]
Hamiltonian equals product state? [[False False False False]
 [False False False False]
 [False False False False]
 [False False False False]]
Hamiltonian: [[ 0. +0.j  0. +0.j  0. +0.j  0. +0.j]
 [ 0. +0.j  0.5+0.j -0.5+0.j  0. +0.j]
 [ 0. +0.j -0.5+0.j  0.5+0.j  0. +0.j]
 [ 0. +0.j  0. +0.j  0. +0.j  0. +0.j]], product state: [[ 0.17233606+0.j         -0.06784085+0.12497328j  0.23051643-0.14032924j
   0.01101903+0.22240527j]
 [-0.06784085-0.12497328j  0.11733296+0.j         -0.19250663-0.11192283j
   0.15694438-0.0955415j ]
 [ 0.23051643+0.14032924j -0.19250663+0.11192283j  0.42260522+0.j
  -0.1663604 +0.30646145j]
 [ 0.01101903-0.22240527j  0.15694438+0.0955415j  -0.1663604 -0.30646145j
   0.28772576+0.j        ]]
Hamiltonian equals product state? [[False False False False]
 [False False False False]
 [False False False False]
 [False False False False]]
Hamiltonian: [[ 0. +0.j  0. +0.j  0. +0.j  0. +0.j]
 [ 0. +0.j  0.5+0.j -0.5+0.j  0. +0.j]
 [ 0. +0.j -0.5+0.j  0.5+0.j  0. +0.j]
 [ 0. +0.j  0. +0.j  0. +0.j  0. +0.j]], product state: [[ 0.1808472 +0.j          0.31380661+0.08303347j -0.09804143-0.02278897j
  -0.15965855-0.08455786j]
 [ 0.31380661-0.08303347j  0.58264184+0.j         -0.18058503+0.00547086j
  -0.31586356-0.07342005j]
 [-0.09804143+0.02278897j -0.18058503-0.00547086j  0.05602221+0.j
   0.09720991+0.02572182j]
 [-0.15965855+0.08455786j -0.31586356+0.07342005j  0.09720991-0.02572182j
   0.18048875+0.j        ]]
Hamiltonian equals product state? [[False False False False]
 [False False False False]
 [False False False False]
 [False False False False]]
Hamiltonian: [[ 0. +0.j  0. +0.j  0. +0.j  0. +0.j]
 [ 0. +0.j  0.5+0.j -0.5+0.j  0. +0.j]
 [ 0. +0.j -0.5+0.j  0.5+0.j  0. +0.j]
 [ 0. +0.j  0. +0.j  0. +0.j  0. +0.j]], product state: [[ 0.20575581+0.00000000e+00j  0.27522304-1.67545929e-01j
  -0.11223247+6.83227416e-02j -0.09448951+1.82780196e-01j]
 [ 0.27522304+1.67545929e-01j  0.50457561+0.00000000e+00j
  -0.20575925-4.90905932e-07j -0.27522805+1.67548074e-01j]
 [-0.11223247-6.83227416e-02j -0.20575925+4.90905932e-07j
   0.08390589+0.00000000e+00j  0.11223419-6.83241518e-02j]
 [-0.09448951-1.82780196e-01j -0.27522805-1.67548074e-01j
   0.11223419+6.83241518e-02j  0.20576269+0.00000000e+00j]]
Hamiltonian equals product state? [[False False False False]
 [False False False False]
 [False False False False]
 [False False False False]]
Hamiltonian: [[ 0. +0.j  0. +0.j  0. +0.j  0. +0.j]
 [ 0. +0.j  0.5+0.j -0.5+0.j  0. +0.j]
 [ 0. +0.j -0.5+0.j  0.5+0.j  0. +0.j]
 [ 0. +0.j  0. +0.j  0. +0.j  0. +0.j]], product state: [[ 0.22189515+0.j          0.21168059+0.27453303j -0.12029448-0.02796152j
  -0.08016238-0.17550504j]
 [ 0.21168059-0.27453303j  0.54159389+0.j         -0.14935147+0.12215632j
  -0.29361052-0.0682475j ]
 [-0.12029448+0.02796152j -0.14935147-0.12215632j  0.0687379 +0.j
   0.06557367+0.08504388j]
 [-0.08016238+0.17550504j -0.29361052+0.0682475j   0.06557367-0.08504388j
   0.16777305+0.j        ]]
Hamiltonian equals product state? [[False False False False]
 [False False False False]
 [False False False False]
 [False False False False]]
Hamiltonian: [[ 0. +0.j  0. +0.j  0. +0.j  0. +0.j]
 [ 0. +0.j  0.5+0.j -0.5+0.j  0. +0.j]
 [ 0. +0.j -0.5+0.j  0.5+0.j  0. +0.j]
 [ 0. +0.j  0. +0.j  0. +0.j  0. +0.j]], product state: [[ 0.42722974+0.j         -0.17561927-0.20201294j -0.16818086+0.30981503j
   0.21562742-0.04783089j]
 [-0.17561927+0.20201294j  0.16771154+0.j         -0.07736082-0.20687745j
  -0.06602038+0.1216197j ]
 [-0.16818086-0.30981503j -0.07736082+0.20687745j  0.29087431+0.j
  -0.1195683 -0.13753812j]
 [ 0.21562742+0.04783089j -0.06602038-0.1216197j  -0.1195683 +0.13753812j
   0.11418441+0.j        ]]
Hamiltonian equals product state? [[False False False False]
 [False False False False]
 [False False False False]
 [False False False False]]
Hamiltonian: [[ 0. +0.j  0. +0.j  0. +0.j  0. +0.j]
 [ 0. +0.j  0.5+0.j -0.5+0.j  0. +0.j]
 [ 0. +0.j -0.5+0.j  0.5+0.j  0. +0.j]
 [ 0. +0.j  0. +0.j  0. +0.j  0. +0.j]], product state: [[ 0.22115353+0.j          0.29581935-0.18008422j -0.11989243-0.02786807j
  -0.18306331+0.06035092j]
 [ 0.29581935+0.18008422j  0.54233551+0.j         -0.13767765-0.13490469j
  -0.29401257-0.06834095j]
 [-0.11989243+0.02786807j -0.13767765+0.13490469j  0.06850817+0.j
   0.09163788-0.05578586j]
 [-0.18306331-0.06035092j -0.29401257+0.06834095j  0.09163788+0.05578586j
   0.16800279+0.j        ]]
Hamiltonian equals product state? [[False False False False]
 [False False False False]
 [False False False False]
 [False False False False]]
Hamiltonian: [[ 0. +0.j  0. +0.j  0. +0.j  0. +0.j]
 [ 0. +0.j  0.5+0.j -0.5+0.j  0. +0.j]
 [ 0. +0.j -0.5+0.j  0.5+0.j  0. +0.j]
 [ 0. +0.j  0. +0.j  0. +0.j  0. +0.j]], product state: [[ 0.21695206+0.j         -0.12285694+0.02612025j  0.29019471-0.17665901j
  -0.14306413+0.13497795j]
 [-0.12285694-0.02612025j  0.07271697+0.j         -0.18560235+0.06510114j
   0.09726609-0.05921173j]
 [ 0.29019471+0.17665901j -0.18560235-0.06510114j  0.53201328+0.j
  -0.30127174+0.06405249j]
 [-0.14306413-0.13497795j  0.09726609+0.05921173j -0.30127174-0.06405249j
   0.1783177 +0.j        ]]
Hamiltonian equals product state? [[False False False False]
 [False False False False]
 [False False False False]
 [False False False False]]
Hamiltonian: [[ 0. +0.j  0. +0.j  0. +0.j  0. +0.j]
 [ 0. +0.j  0.5+0.j -0.5+0.j  0. +0.j]
 [ 0. +0.j -0.5+0.j  0.5+0.j  0. +0.j]
 [ 0. +0.j  0. +0.j  0. +0.j  0. +0.j]], product state: [[ 0.17009689+0.j         -0.06992091-0.08042926j  0.29515263+0.07809762j
  -0.08439899-0.17166431j]
 [-0.06992091+0.08042926j  0.06677253+0.j         -0.15825494+0.10745788j
   0.11586389+0.03065768j]
 [ 0.29515263-0.07809762j -0.15825494-0.10745788j  0.54800717+0.j
  -0.22526666-0.2591218j ]
 [-0.08439899+0.17166431j  0.11586389-0.03065768j -0.22526666+0.2591218j
   0.21512342+0.j        ]]
Energy of rounded cut: 6.733698191889812
Check the cut: [-1, 1, 1, 1, 1, -1, -1, 1, -1, -1]
13 in cut out of a total of 15 edges
Warm-start: SDP solve + rounding finished in 0.08 seconds
Warm-start: statevector build finished in 0.00 seconds
warm_start_correlations: None
Edges: [(3, 9), (0, 1), (5, 8), (2, 6), (1, 9), (5, 7), (2, 9), (0, 3), (4, 6), (1, 8), (4, 5), (3, 7), (4, 8), (0, 2), (6, 7)], weights: [1.0, 1.0, 1.0, 1.0, 1.0, 1.0, 1.0, 1.0, 1.0, 1.0, 1.0, 1.0, 1.0, 1.0, 1.0], set of nodes: {0, 1, 2, 3, 4, 5, 6, 7, 8, 9}, n: 10 nodes, p: 5 layers, N_bayes: 500 iterations
Initial state injected as warm start
Initial state energy for vector-normalised SDP solution used as warm start: 3.1825038435940276
Running ADAM optimization with a single iteration (no debug loop)
ADAM optimizer configured with maxiter=500 and learning_rate=0.05
Generated 4 random initial parameter sets for ADAM optimization
Using random initial parameters with:
Param_type 1:  [-0.45865462  0.50165167 -0.4298008   1.24462246  1.24383109]
Param_type 2:  [ 0.90455134 -0.99224844 -1.07675454 -2.63108465 -2.1765614 ]
Param_type 3:  [ 3.03808652 -3.00761059  2.07715659  0.99028134  0.37450927]
Param_type 4:  [-0.06584368  2.73085193 -0.96208648  2.46362131 -2.51741192]
Energies observed during ADAM optimization: [3.6659485982069686, 3.6659485981923843, 3.6659485982801057, 3.6659485982177586, 3.6659485982773092, 3.665948598221154, 3.665948598185699, 3.665948598188742, 3.6659485981999302, 3.6659485982506275, 3.6659485981542583, 3.6659485982029434, 3.665948598223517, 3.6659485982215894, 3.6659485981991393, 3.6659485982069744, 3.6659485981889905, 3.665948598184342, 3.6659485982359934, 3.665948598238061, 3.6659485981654325, 3.919314727465725, 3.919314727497491, 3.9193147274602644, 3.9193147274934, 3.9193147275422753, 3.9193147274770284, 3.919314727497182, 3.9193147274469537, 3.9193147274442, 3.919314727519286, 3.9193147274106317, 3.9193147274898386, 3.9193147274948137, 3.919314727441968, 3.9193147274599784, 3.9193147274657245, 3.919314727457882, 3.9193147274505438, 3.919314727497965, 3.919314727510995, 3.9193147273825413, 4.068841591839356, 4.068841591864186, 4.068841591768158, 4.068841591855901, 4.068841591854946, 4.068841591797169, 4.068841591872421, 4.068841591824045, 4.068841591846659, 4.068841591848267, 4.068841591823132, 4.068841591856257, 4.068841591843111, 4.068841591839743, 4.068841591851685, 4.068841591839358, 4.068841591820116, 4.068841591858802, 4.068841591829078, 4.068841591856353, 4.0688415917898295, 4.136368699824337, 4.13636869989534, 4.136368699778999, 4.136368699855013, 4.136368699826887, 4.136368699760839, 4.136368699851263, 4.136368699821894, 4.13636869985304, 4.136368699809416, 4.136368699834586, 4.136368699844093, 4.136368699816544, 4.1363686998314195, 4.136368699846816, 4.136368699824342, 4.136368699814561, 4.136368699858346, 4.136368699796034, 4.13636869981941, 4.136368699791726, 4.244044311541309, 4.244044311661679, 4.2440443115147675, 4.244044311553964, 4.244044311532302, 4.244044311455972, 4.2440443115316375, 4.244044311535868, 4.2440443115588495, 4.244044311527165, 4.244044311558708, 4.244044311557728, 4.2440443115402635, 4.2440443115396755, 4.244044311553343, 4.24404431154131, 4.244044311538306, 4.244044311570216, 4.244044311502268, 4.244044311526624, 4.244044311506467, 4.326476480018979, 4.326476480153078, 4.326476479991988, 4.326476479960286, 4.326476479946845, 4.32647647994003, 4.326476479950668, 4.326476480011308, 4.326476480012039, 4.326476480007608, 4.326476480035577, 4.326476480039568, 4.326476480010534, 4.326476480023606, 4.3264764800007365, 4.326476480018978, 4.326476480033654, 4.326476480024684, 4.326476479977656, 4.32647648000099, 4.32647647999215, 4.428163304001258, 4.42816330412201, 4.428163303980598, 4.428163303937817, 4.428163303925442, 4.428163303935187, 4.428163303952703, 4.42816330399856, 4.428163304007622, 4.428163303983882, 4.428163304015169, 4.428163304020608, 4.428163303984488, 4.428163304016845, 4.428163303978249, 4.42816330400126, 4.4281633040362, 4.428163303990192, 4.4281633039722585, 4.428163303984059, 4.428163303998374, 4.52633446196575, 4.526334462073531, 4.526334461961036, 4.526334461938892, 4.526334461942258, 4.52633446191942, 4.526334461970664, 4.526334461978435, 4.526334461997579, 4.526334461937883, 4.526334461965689, 4.526334461959854, 4.52633446196077, 4.526334461986851, 4.526334461949327, 4.526334461965746, 4.526334462011958, 4.526334461936957, 4.526334461974249, 4.526334461968264, 4.526334461998508, 4.588226065529005, 4.588226065641735, 4.588226065530326, 4.588226065533178, 4.5882260655709235, 4.588226065497538, 4.58822606556186, 4.588226065543339, 4.588226065555247, 4.588226065494688, 4.588226065504608, 4.588226065485113, 4.588226065550653, 4.58822606555547, 4.588226065522473, 4.588226065529005, 4.588226065571362, 4.588226065485664, 4.58822606558362, 4.5882260655736165, 4.5882260655896925, 4.690713432332485, 4.690713432458038, 4.690713432320294, 4.690713432351475, 4.690713432422929, 4.690713432308689, 4.690713432355879, 4.690713432327064, 4.690713432315378, 4.690713432307082, 4.690713432294484, 4.690713432276836, 4.690713432362497, 4.690713432373742, 4.6907134323378035, 4.6907134323324895, 4.690713432365117, 4.690713432278929, 4.690713432421189, 4.690713432403539, 4.6907134323953805, 4.854454752141358, 4.854454752259066, 4.854454752120204, 4.854454752181936, 4.854454752258927, 4.8544547521199615, 4.854454752163233, 4.85445475212002, 4.854454752073254, 4.85445475215417, 4.85445475210735, 4.854454752102355, 4.854454752159552, 4.854454752185917, 4.854454752157806, 4.854454752141358, 4.854454752159807, 4.854454752093206, 4.854454752239595, 4.8544547522050685, 4.854454752188756, 5.012243112586587, 5.012243112644938, 5.012243112558495, 5.012243112631156, 5.012243112671423, 5.012243112555169, 5.012243112648999, 5.012243112616929, 5.0122431125127545, 5.012243112672158, 5.012243112576928, 5.012243112567556, 5.012243112593937, 5.012243112589007, 5.012243112616595, 5.012243112586581, 5.01224311257505, 5.012243112590265, 5.012243112654284, 5.012243112606913, 5.012243112611927, 5.075513893940561, 5.075513893928125, 5.07551389390123, 5.075513893941698, 5.075513893951885, 5.075513893917242, 5.075513894016875, 5.075513894013501, 5.075513893887758, 5.075513894050707, 5.075513893960447, 5.075513893940401, 5.075513893943957, 5.075513893886252, 5.075513893977683, 5.07551389394056, 5.075513893895776, 5.075513894014721, 5.075513893910065, 5.075513893909016, 5.075513893932987, 5.074418598155562, 5.074418598128939, 5.074418598162338, 5.074418598138762, 5.074418598130496, 5.074418598153255, 5.07441859819272, 5.074418598191452, 5.074418598142802, 5.07441859820005, 5.074418598187485, 5.0744185981721595, 5.074418598158868, 5.074418598086001, 5.074418598180037, 5.074418598155554, 5.074418598095914, 5.074418598284149, 5.0744185979989345, 5.074418598096355, 5.074418598105435, 5.070530726449962, 5.070530726429572, 5.070530726497946, 5.070530726429304, 5.070530726426588, 5.070530726485891, 5.070530726456298, 5.070530726403573, 5.070530726477955, 5.070530726405107, 5.070530726470625, 5.070530726479826, 5.07053072645704, 5.0705307263962585, 5.070530726448714, 5.0705307264499595, 5.070530726399037, 5.070530726599585, 5.070530726215423, 5.070530726399423, 5.0705307263761625, 5.10339165925525, 5.1033916592063875, 5.103391659250479, 5.103391659186669, 5.10339165922914, 5.103391659334993, 5.10339165925106, 5.103391659164715, 5.103391659303464, 5.103391659173289, 5.103391659265043, 5.10339165930503, 5.103391659260294, 5.103391659225763, 5.103391659226632, 5.1033916592552435, 5.103391659227714, 5.103391659378998, 5.10339165903006, 5.10339165922476, 5.1033916592002155, 5.181030171686212, 5.181030171582266, 5.181030171637584, 5.181030171605432, 5.181030171662914, 5.181030171766955, 5.1810301716672935, 5.181030171594001, 5.181030171730659, 5.181030171612301, 5.181030171685412, 5.181030171747214, 5.181030171686631, 5.1810301716887235, 5.181030171640849, 5.18103017168621, 5.181030171681411, 5.181030171761636, 5.181030171516358, 5.181030171682513, 5.181030171669273, 5.262780353798712, 5.26278035367065, 5.262780353782485, 5.262780353781688, 5.262780353795495, 5.2627803538207125, 5.262780353762662, 5.262780353721686, 5.262780353822483, 5.262780353753947, 5.262780353783299, 5.26278035384937, 5.2627803537990605, 5.262780353834496, 5.262780353753276, 5.262780353798709, 5.262780353814428, 5.262780353823081, 5.262780353702442, 5.262780353829929, 5.262780353816721, 5.2900463293280175, 5.290046329212397, 5.290046329369847, 5.290046329389362, 5.290046329337976, 5.290046329277925, 5.290046329283182, 5.290046329281707, 5.290046329322982, 5.2900463293281454, 5.290046329302125, 5.290046329350196, 5.290046329336943, 5.290046329376224, 5.2900463292921325, 5.29004632932802, 5.29004632936827, 5.290046329300519, 5.290046329319453, 5.290046329385183, 5.290046329365206, 5.281018174913783, 5.2810181747967935, 5.281018174942794, 5.281018174976487, 5.281018174894487, 5.281018174850593, 5.281018174877643, 5.28101817491048, 5.281018174897884, 5.281018174964657, 5.281018174889256, 5.2810181749010034, 5.2810181749405745, 5.281018174943228, 5.281018174885657, 5.281018174913793, 5.281018174984712, 5.281018174838882, 5.281018174996726, 5.281018174974048, 5.281018174963453, 5.283411932883073, 5.2834119327640225, 5.28341193288076, 5.283411932917189, 5.283411932827591, 5.283411932839604, 5.283411932871409, 5.283411932918022, 5.283411932874953, 5.2834119329657385, 5.283411932864205, 5.283411932840388, 5.283411932929778, 5.283411932882262, 5.283411932861068, 5.283411932883071, 5.283411932967911, 5.283411932787616, 5.283411933020206, 5.283411932934537, 5.283411932935058, 5.329638897856552, 5.329638897763776, 5.329638897855182, 5.329638897884325, 5.329638897801347, 5.329638897829515, 5.329638897865378, 5.329638897909263, 5.329638897857751, 5.329638897941734, 5.329638897841946, 5.329638897807013, 5.329638897907424, 5.329638897841669, 5.329638897844066, 5.32963889785656, 5.329638897929648, 5.329638897769244, 5.329638897998585, 5.3296388978962925, 5.329638897896474, 5.3991539030251445, 5.399153902975424, 5.39915390304281, 5.399153903061391, 5.399153903003257, 5.399153903013711, 5.399153903038702, 5.39915390307554, 5.3991539030331515, 5.399153903086851, 5.3991539030145885, 5.399153903000167, 5.39915390305418, 5.399153903022982, 5.399153903027499, 5.399153903025144, 5.3991539030702365, 5.399153902962189, 5.399153903141077, 5.399153903049655, 5.399153903044158, 5.438095425762555, 5.438095425740043, 5.438095425770873, 5.438095425779776, 5.438095425769028, 5.438095425790707, 5.438095425768998, 5.438095425800479, 5.438095425780291, 5.438095425788895, 5.43809542576008, 5.438095425782627, 5.438095425752207, 5.43809542578843, 5.438095425779233, 5.438095425762567, 5.438095425775143, 5.438095425729189, 5.43809542584041, 5.438095425764985, 5.438095425759769, 5.427222703126015, 5.427222703121593, 5.427222703107214, 5.427222703109432, 5.427222703141575, 5.427222703202177, 5.427222703123893, 5.427222703148667, 5.427222703152829, 5.427222703122352, 5.427222703131202, 5.42722270318231, 5.427222703084557, 5.4272227031706, 5.427222703153715, 5.427222703126015, 5.427222703104612, 5.427222703125961, 5.427222703159493, 5.427222703107938, 5.427222703102635, 5.406299900163557, 5.406299900193577, 5.4062999001486896, 5.406299900150595, 5.406299900185811, 5.406299900244567, 5.406299900160682, 5.406299900172511, 5.406299900187693, 5.406299900144985, 5.406299900166394, 5.406299900222625, 5.406299900121216, 5.406299900200763, 5.406299900204087, 5.406299900163552, 5.406299900111121, 5.406299900196726, 5.406299900155433, 5.406299900141651, 5.40629990012664, 5.397847380234998, 5.397847380307276, 5.3978473802384235, 5.397847380248171, 5.397847380263749, 5.397847380280241, 5.39784738024266, 5.397847380235836, 5.397847380245731, 5.397847380213391, 5.397847380232129, 5.397847380269138, 5.397847380216677, 5.397847380240315, 5.397847380285886, 5.397847380234997, 5.39784738016896, 5.397847380286089, 5.3978473802045945, 5.397847380220511, 5.397847380199576, 5.395248924962909, 5.395248925063638, 5.395248924959714, 5.39524892498224, 5.39524892498806, 5.395248924965859, 5.395248924989622, 5.395248924963926, 5.395248924958904, 5.395248924941248, 5.395248924962955, 5.395248924965939, 5.395248924973337, 5.395248924924543, 5.395248925015001, 5.3952489249629085, 5.395248924905145, 5.395248925010746, 5.395248924932979, 5.395248924951881, 5.3952489249423845, 5.3997299540340995, 5.399729954137702, 5.399729954006375, 5.399729954036713, 5.3997299540458465, 5.3997299540058075, 5.399729954071845, 5.399729954038457, 5.39972995401979, 5.39972995400673, 5.399729954044367, 5.3997299540253465, 5.399729954054498, 5.399729953970578, 5.399729954078355, 5.399729954034096, 5.399729953995878, 5.399729954065442, 5.399729954016701, 5.399729954019752, 5.399729954032242, 5.41760649541632, 5.417606495504164, 5.417606495382545, 5.417606495406959, 5.4176064954156296, 5.417606495366549, 5.417606495442288, 5.4176064954193075, 5.41760649539459, 5.417606495375561, 5.417606495434434, 5.417606495422126, 5.417606495422148, 5.4176064953653045, 5.417606495447525, 5.417606495416331, 5.417606495397633, 5.417606495427129, 5.417606495413046, 5.417606495399728, 5.4176064954290135, 5.440290726511906, 5.4402907265770155, 5.4402907264944815, 5.4402907265012805, 5.440290726501327, 5.4402907264522735, 5.440290726512763, 5.44029072651101, 5.440290726486189, 5.440290726458386, 5.440290726531807, 5.440290726542694, 5.440290726493856, 5.440290726495463, 5.440290726528298, 5.440290726511904, 5.44029072650754, 5.4402907265036875, 5.44029072651986, 5.440290726497124, 5.440290726532212, 5.4618998536097605, 5.461899853648653, 5.4618998536097285, 5.461899853596699, 5.4618998535853915, 5.4618998535577195, 5.461899853594025, 5.461899853611942, 5.461899853588739, 5.4618998535540335, 5.461899853626727, 5.461899853653903, 5.461899853578749, 5.461899853619374, 5.461899853612055, 5.461899853609752, 5.461899853612169, 5.46189985358855, 5.461899853623257, 5.461899853599362, 5.461899853631199, 5.483474909808942, 5.4834749098222115, 5.483474909818895, 5.483474909791426, 5.483474909768432, 5.48347490978002, 5.483474909795268, 5.483474909824121, 5.483474909803755, 5.4834749097641815, 5.483474909818793, 5.48347490984362, 5.483474909786286, 5.483474909820515, 5.483474909799737, 5.483474909808941, 5.483474909809628, 5.48347490978417, 5.4834749098209, 5.483474909805779, 5.4834749098267075, 5.497322326825805, 5.497322326825147, 5.497322326846077, 5.497322326811344, 5.4973223267793365, 5.497322326825635, 5.497322326826048, 5.497322326857025, 5.497322326842802, 5.497322326800795, 5.497322326824006, 5.497322326833091, 5.497322326828984, 5.4973223268215365, 5.49732232680906, 5.497322326825804, 5.497322326818557, 5.497322326805283, 5.497322326832601, 5.4973223268347295, 5.497322326837951, 5.500591589069436, 5.50059158906879, 5.5005915890975, 5.500591589061002, 5.500591589031982, 5.5005915890956985, 5.500591589080041, 5.500591589109848, 5.50059158910402, 5.500591589065895, 5.500591589054679, 5.500591589050613, 5.500591589098733, 5.500591589050677, 5.500591589048449, 5.50059158906943, 5.500591589054695, 5.500591589052717, 5.5005915890744905, 5.500591589092731, 5.500591589077651, 5.5071221977979805, 5.507122197800024, 5.507122197818362, 5.507122197784401, 5.507122197776739, 5.507122197841383, 5.50712219780143, 5.507122197833969, 5.507122197833273, 5.507122197812266, 5.507122197775002, 5.507122197775925, 5.5071221978341285, 5.507122197784401, 5.507122197774254, 5.507122197797978, 5.507122197782077, 5.507122197775465, 5.507122197808612, 5.507122197831114, 5.507122197806414, 5.52126845545745, 5.521268455461292, 5.521268455462737, 5.521268455437651, 5.521268455457451, 5.5212684554983475, 5.521268455437211, 5.521268455477253, 5.521268455474922, 5.5212684554848455, 5.521268455432604, 5.52126845545571, 5.5212684554806035, 5.5212684554668865, 5.521268455432875, 5.52126845545744, 5.521268455446316, 5.521268455419942, 5.521268455477704, 5.521268455493632, 5.521268455469203, 5.536030977858351, 5.536030977864826, 5.536030977858427, 5.536030977851046, 5.536030977883523, 5.536030977874184, 5.536030977816972, 5.5360309778619925, 5.53603097785439, 5.536030977894755, 5.53603097783592, 5.536030977880813, 5.536030977864322, 5.536030977888078, 5.536030977836295, 5.536030977858351, 5.536030977853078, 5.536030977808001, 5.536030977884399, 5.536030977891206, 5.536030977871285, 5.55308102518408, 5.55308102518151, 5.5530810251808465, 5.553081025197152, 5.553081025223854, 5.553081025168059, 5.553081025143487, 5.553081025182944, 5.553081025174483, 5.553081025226051, 5.55308102516787, 5.553081025215362, 5.553081025180874, 5.553081025213435, 5.553081025166801, 5.553081025184075, 5.553081025180466, 5.553081025135774, 5.553081025205459, 5.553081025205426, 5.553081025190724, 5.570387600935063, 5.570387600901652, 5.570387600913683, 5.570387600952144, 5.570387600965837, 5.570387600898995, 5.5703876009162165, 5.570387600938641, 5.570387600940312, 5.570387600979313, 5.570387600928454, 5.570387600956406, 5.570387600931272, 5.570387600944594, 5.57038760092354, 5.570387600935065, 5.570387600927815, 5.570387600905474, 5.570387600942887, 5.570387600938161, 5.570387600928932, 5.580183761562521, 5.580183761495816, 5.5801837615243, 5.580183761576091, 5.580183761572764, 5.580183761514976, 5.5801837615696135, 5.580183761568516, 5.580183761588856, 5.580183761602931, 5.580183761563589, 5.58018376156599, 5.580183761562145, 5.580183761548683, 5.58018376156027, 5.580183761562523, 5.580183761550928, 5.580183761557212, 5.580183761556292, 5.580183761551232, 5.580183761545997, 5.589932797159186, 5.589932797080086, 5.589932797126324, 5.5899327971757495, 5.5899327971592045, 5.58993279710338, 5.589932797179604, 5.589932797155645, 5.589932797196142, 5.58993279718522, 5.5899327971625405, 5.5899327971524375, 5.5899327971596025, 5.589932797135551, 5.589932797170208, 5.589932797159185, 5.589932797148786, 5.5899327971685935, 5.58993279714829, 5.589932797146025, 5.589932797143531, 5.60588020431856, 5.6058802042486455, 5.605880204303843, 5.6058802043295435, 5.605880204321917, 5.6058802042687, 5.605880204334071, 5.605880204294492, 5.605880204351988, 5.6058802043193445, 5.605880204322762, 5.605880204316507, 5.60588020431276, 5.60588020430198, 5.605880204341333, 5.605880204318566, 5.6058802043166835, 5.605880204325746, 5.605880204317329, 5.605880204311709, 5.605880204313887, 5.620406157257711, 5.620406157209672, 5.620406157260875, 5.620406157246656, 5.620406157268691, 5.620406157230559, 5.620406157258202, 5.620406157213505, 5.620406157280287, 5.620406157230683, 5.620406157263712, 5.6204061572676585, 5.620406157242958, 5.620406157254257, 5.62040615728638, 5.620406157257717, 5.620406157266569, 5.620406157251913, 5.620406157274453, 5.6204061572581425, 5.620406157266088, 5.632176325523472, 5.6321763255008515, 5.632176325545185, 5.632176325493565, 5.632176325538821, 5.632176325519051, 5.632176325513122, 5.63217632547484, 5.632176325537054, 5.632176325480711, 5.632176325528758, 5.632176325537727, 5.632176325507604, 5.632176325524601, 5.632176325553403, 5.632176325523478, 5.632176325536495, 5.632176325508424, 5.632176325553533, 5.6321763255310495, 5.632176325540996, 5.6480129250354665, 5.648012925031613, 5.6480129250737106, 5.648012925002671, 5.6480129250477376, 5.648012925041649, 5.648012925024491, 5.648012925004891, 5.648012925045373, 5.648012924998727, 5.64801292503599, 5.648012925041187, 5.648012925029656, 5.648012925028308, 5.648012925064816, 5.64801292503547, 5.648012925042314, 5.6480129250224245, 5.648012925068743, 5.64801292504978, 5.648012925056612, 5.666631867203915, 5.666631867203782, 5.666631867242313, 5.666631867170403, 5.666631867205765, 5.666631867214782, 5.666631867197922, 5.666631867205891, 5.6666318672107, 5.6666318671918505, 5.666631867200139, 5.666631867198158, 5.666631867209301, 5.666631867184353, 5.666631867230895, 5.6666318672039, 5.666631867199133, 5.666631867198828, 5.666631867236201, 5.666631867219968, 5.666631867222415, 5.684106471483896, 5.684106471476565, 5.6841064715080645, 5.684106471446109, 5.68410647147494, 5.684106471494915, 5.684106471481362, 5.6841064715176275, 5.684106471482027, 5.68410647150156, 5.684106471479506, 5.6841064714747205, 5.68410647149085, 5.684106471458429, 5.684106471506761, 5.6841064714839, 5.684106471469432, 5.684106471484457, 5.6841064715176, 5.684106471494988, 5.684106471494796, 5.702848081272531, 5.702848081259971, 5.7028480812862865, 5.702848081237801, 5.702848081260375, 5.702848081273128, 5.702848081267981, 5.702848081324072, 5.702848081256888, 5.702848081310238, 5.702848081269698, 5.702848081268653, 5.702848081271104, 5.702848081251432, 5.702848081290585, 5.70284808127253, 5.702848081253751, 5.7028480812728395, 5.702848081312067, 5.702848081276879, 5.702848081275774, 5.726925871545941, 5.726925871535885, 5.726925871556931, 5.726925871521901, 5.726925871540847, 5.726925871531646, 5.726925871535931, 5.726925871594917, 5.7269258715194375, 5.72692587158717, 5.72692587154486, 5.726925871548651, 5.726925871533431, 5.726925871536839, 5.726925871559139, 5.726925871545942, 5.726925871527671, 5.726925871541111, 5.726925871594328, 5.726925871546649, 5.726925871545901, 5.754993187106295, 5.754993187103367, 5.754993187111938, 5.754993187089513, 5.754993187113714, 5.754993187086146, 5.754993187092645, 5.754993187133796, 5.754993187080535, 5.754993187136038, 5.754993187106858, 5.754993187108824, 5.754993187087297, 5.754993187112533, 5.754993187115157, 5.754993187106291, 5.754993187091036, 5.754993187094677, 5.754993187162339, 5.754993187107296, 5.754993187108123, 5.780425262306614, 5.780425262312131, 5.780425262303723, 5.7804252622934245, 5.780425262322042, 5.780425262289078, 5.780425262295016, 5.780425262304029, 5.780425262293814, 5.780425262316067, 5.780425262308425, 5.780425262297934, 5.7804252622899925, 5.780425262326725, 5.78042526231294, 5.78042526230661, 5.780425262295214, 5.780425262289947, 5.780425262363549, 5.780425262311599, 5.780425262314767, 5.798175511211794, 5.7981755112235245, 5.798175511203519, 5.798175511205286, 5.798175511223, 5.798175511195361, 5.798175511207702, 5.798175511185551, 5.798175511215518, 5.79817551119911, 5.798175511214755, 5.798175511184021, 5.798175511204096, 5.79817551123886, 5.798175511217037, 5.798175511211794, 5.798175511205946, 5.798175511192446, 5.79817551125883, 5.79817551122279, 5.79817551122868, 5.810695246033845, 5.810695246043918, 5.810695246023087, 5.81069524603447, 5.810695246030198, 5.81069524601714, 5.810695246038705, 5.810695246000891, 5.810695246046178, 5.810695246002993, 5.810695246039999, 5.8106952459901295, 5.810695246031374, 5.810695246058956, 5.810695246035827, 5.810695246033839, 5.810695246037652, 5.810695246011314, 5.81069524606015, 5.810695246047173, 5.810695246055924, 5.82222756580748, 5.822227565806401, 5.822227565795358, 5.822227565812687, 5.822227565788834, 5.822227565794119, 5.822227565818396, 5.8222275657856875, 5.822227565814399, 5.82222756576648, 5.822227565819106, 5.822227565759583, 5.822227565798512, 5.8222275658237335, 5.8222275658011595, 5.822227565807467, 5.822227565824658, 5.822227565779447, 5.822227565805147, 5.82222756581569, 5.822227565826261, 5.832611102497345, 5.832611102481878, 5.832611102485366, 5.832611102508614, 5.832611102475519, 5.8326111024895395, 5.832611102510069, 5.832611102497822, 5.8326111024893015, 5.832611102457169, 5.832611102512161, 5.832611102454386, 5.83261110247497, 5.832611102499998, 5.83261110248017, 5.832611102497342, 5.832611102526333, 5.8326111024646705, 5.832611102462872, 5.832611102497414, 5.832611102507048, 5.844161136167316, 5.844161136144251, 5.8441611361521355, 5.844161136184201, 5.844161136154462, 5.84416113616552, 5.844161136178813, 5.844161136190781, 5.844161136148183, 5.8441611361395465, 5.844161136177361, 5.844161136128181, 5.8441611361377035, 5.844161136155559, 5.844161136143109, 5.844161136167323, 5.844161136199517, 5.844161136136024, 5.844161136104118, 5.844161136164549, 5.844161136169852, 5.862783098569709, 5.862783098554193, 5.862783098546915, 5.862783098586748, 5.862783098565782, 5.862783098572096, 5.862783098576332, 5.8627830986072045, 5.862783098553957, 5.862783098561126, 5.862783098566159, 5.862783098527306, 5.86278309854666, 5.862783098549464, 5.862783098547142, 5.862783098569712, 5.862783098592377, 5.862783098547374, 5.862783098489306, 5.862783098572858, 5.862783098571855, 5.888550295548937, 5.888550295556039, 5.888550295523056, 5.888550295562757, 5.888550295545632, 5.888550295549793, 5.888550295543946, 5.888550295586915, 5.888550295549305, 5.888550295557767, 5.888550295530368, 5.8885502955013145, 5.8885502955402345, 5.888550295531676, 5.888550295535027, 5.888550295548936, 5.888550295551672, 5.888550295538494, 5.888550295467004, 5.888550295561439, 5.888550295555343, 5.917386004154035, 5.917386004186586, 5.9173860041325685, 5.9173860041614486, 5.9173860041497885, 5.9173860041522, 5.917386004130873, 5.917386004180743, 5.917386004172549, 5.917386004172207, 5.917386004130615, 5.9173860041096376, 5.9173860041524025, 5.917386004150882, 5.917386004147658, 5.9173860041540305, 5.917386004135988, 5.917386004149298, 5.917386004084441, 5.917386004168473, 5.917386004161104, 5.946931714176027, 5.946931714220816, 5.946931714164156, 5.9469317141783, 5.946931714181385, 5.946931714172161, 5.946931714135698, 5.946931714188683, 5.9469317142054985, 5.946931714195232, 5.946931714162696, 5.946931714145546, 5.946931714167276, 5.946931714189105, 5.946931714170431, 5.946931714176028, 5.946931714147365, 5.946931714166316, 5.946931714127387, 5.9469317141803515, 5.946931714175262, 5.976236889592565, 5.976236889627062, 5.976236889593268, 5.976236889597856, 5.976236889615466, 5.976236889581116, 5.976236889546234, 5.976236889599823, 5.976236889623743, 5.976236889609685, 5.976236889596686, 5.976236889578023, 5.976236889571455, 5.976236889612423, 5.9762368895838085, 5.976236889592553, 5.976236889566491, 5.976236889573915, 5.976236889566133, 5.97623688958203, 5.976236889580332, 6.006555508169424, 6.006555508173496, 6.00655550817687, 6.006555508175216, 6.006555508199355, 6.006555508149804, 6.006555508131184, 6.006555508182933, 6.006555508196317, 6.00655550818794, 6.006555508184888, 6.00655550816495, 6.006555508143431, 6.006555508186304, 6.006555508160452, 6.006555508169431, 6.006555508151834, 6.006555508149036, 6.006555508162017, 6.006555508150437, 6.006555508150805, 6.035670622811197, 6.035670622779067, 6.035670622813631, 6.035670622805237, 6.035670622829158, 6.035670622790613, 6.035670622789343, 6.035670622834307, 6.0356706228331385, 6.035670622835911, 6.035670622825008, 6.035670622809673, 6.035670622794788, 6.035670622822272, 6.035670622808108, 6.035670622811189, 6.0356706228009696, 6.035670622800214, 6.035670622822174, 6.035670622797315, 6.035670622798524, 6.055064189444725, 6.0550641893882515, 6.055064189437308, 6.055064189427068, 6.055064189446362, 6.055064189426113, 6.055064189439982, 6.055064189470694, 6.055064189464033, 6.055064189474201, 6.055064189449397, 6.055064189442946, 6.055064189450563, 6.05506418945067, 6.055064189449405, 6.055064189444725, 6.055064189444199, 6.055064189446989, 6.055064189477677, 6.055064189448092, 6.05506418945105, 6.064796996880748, 6.064796996815958, 6.064796996866808, 6.064796996861752, 6.064796996878437, 6.064796996864271, 6.064796996886231, 6.0647969969000535, 6.06479699689401, 6.0647969969046525, 6.064796996879691, 6.06479699688287, 6.064796996906237, 6.064796996885114, 6.064796996885616, 6.064796996880755, 6.064796996898688, 6.064796996886566, 6.064796996937103, 6.06479699690091, 6.064796996907143, 6.075575240333091, 6.075575240266681, 6.075575240319705, 6.075575240318045, 6.07557524033458, 6.075575240323822, 6.075575240336944, 6.075575240341413, 6.075575240330069, 6.075575240339835, 6.075575240336042, 6.075575240346493, 6.075575240361085, 6.075575240342819, 6.0755752403258505, 6.075575240333094, 6.075575240375095, 6.075575240326831, 6.0755752404048815, 6.075575240357046, 6.075575240366263, 6.094731714515619, 6.0947317144508375, 6.094731714512314, 6.094731714509435, 6.094731714516241, 6.094731714514755, 6.094731714509358, 6.094731714514352, 6.094731714492587, 6.094731714503497, 6.094731714528179, 6.09473171454137, 6.094731714533854, 6.0947317145334585, 6.094731714492423, 6.094731714515626, 6.0947317145756905, 6.09473171449222, 6.094731714587993, 6.09473171453261, 6.094731714543117, 6.1257563760574465, 6.125756376004111, 6.125756376067527, 6.125756376065089, 6.125756376055621, 6.125756376059684, 6.125756376042769, 6.125756376050272, 6.125756376025444, 6.125756376036536, 6.1257563760737295, 6.125756376089926, 6.125756376066802, 6.125756376073275, 6.125756376030201, 6.125756376057451, 6.1257563761208305, 6.125756376029488, 6.1257563761185585, 6.1257563760667235, 6.1257563760756915, 6.1601622301841426, 6.1601622301547305, 6.160162230197842, 6.160162230199611, 6.160162230184349, 6.160162230187194, 6.160162230171473, 6.160162230176539, 6.160162230161814, 6.160162230168879, 6.160162230189005, 6.160162230218938, 6.160162230189076, 6.160162230182166, 6.160162230174697, 6.1601622301841585, 6.160162230235018, 6.160162230174061, 6.160162230230165, 6.160162230188473, 6.160162230191738, 6.174653832328754, 6.174653832328343, 6.174653832334666, 6.174653832338814, 6.1746538323229485, 6.174653832334487, 6.174653832329341, 6.174653832328524, 6.174653832328174, 6.174653832327565, 6.174653832312796, 6.17465383236509, 6.174653832328985, 6.174653832309821, 6.174653832353264, 6.174653832328749, 6.174653832355492, 6.174653832352719, 6.17465383236051, 6.174653832327156, 6.174653832321765, 6.166366262623133, 6.166366262648337, 6.166366262623265, 6.166366262622993, 6.166366262597736, 6.166366262633397, 6.166366262637353, 6.1663662626322235, 6.1663662626381734, 6.166366262632539, 6.166366262597326, 6.166366262657928, 6.166366262614465, 6.166366262607142, 6.166366262676114, 6.166366262623123, 6.1663662626255595, 6.166366262675422, 6.166366262640679, 6.166366262611682, 6.166366262599715, 6.160317627139712, 6.160317627185782, 6.160317627145126, 6.160317627137831, 6.160317627109068, 6.16031762715472, 6.160317627152116, 6.160317627145549, 6.160317627153394, 6.160317627149546, 6.160317627122671, 6.160317627163125, 6.1603176271222315, 6.160317627139882, 6.160317627197356, 6.160317627139707, 6.160317627131093, 6.160317627195223, 6.160317627141703, 6.1603176271186655, 6.160317627105391, 6.164055345111538, 6.164055345173902, 6.164055345125313, 6.1640553451172355, 6.164055345105168, 6.164055345129914, 6.164055345104578, 6.164055345100984, 6.164055345113047, 6.164055345114163, 6.164055345107834, 6.164055345111904, 6.164055345094946, 6.164055345126817, 6.164055345152116, 6.164055345111532, 6.164055345101938, 6.164055345147344, 6.1640553450988715, 6.164055345088981, 6.164055345078832, 6.166850448113858, 6.166850448181764, 6.166850448127771, 6.166850448123786, 6.166850448135918, 6.166850448137319, 6.1668504480863975, 6.166850448092334, 6.16685044810204, 6.166850448108591, 6.16685044811328, 6.166850448088849, 6.166850448108814, 6.166850448137007, 6.1668504481285655, 6.166850448113863, 6.166850448099789, 6.166850448121881, 6.166850448089248, 6.166850448099948, 6.166850448094423, 6.168930495583093, 6.1689304956405016, 6.168930495591888, 6.168930495591568, 6.168930495607585, 6.168930495610015, 6.168930495550953, 6.16893049556982, 6.1689304955646564, 6.168930495574623, 6.168930495578193, 6.16893049554692, 6.168930495590202, 6.168930495603618, 6.168930495575617, 6.168930495583081, 6.168930495559211, 6.168930495567717, 6.168930495545865, 6.168930495581129, 6.168930495579225, 6.173161884766063, 6.173161884800514, 6.173161884769951, 6.173161884775625, 6.173161884771331, 6.173161884786428, 6.173161884747668, 6.173161884776527, 6.173161884752846, 6.1731618847601, 6.173161884761977, 6.173161884741753, 6.173161884775824, 6.173161884771571, 6.173161884747799, 6.173161884766063, 6.173161884735844, 6.173161884736909, 6.173161884713124, 6.173161884770181, 6.173161884770591, 6.174821232177871, 6.17482123218515, 6.174821232172095, 6.1748212321890215, 6.174821232168071, 6.174821232183771, 6.17482123217956, 6.1748212322117775, 6.174821232178446, 6.1748212321762415, 6.174821232182548, 6.174821232177871, 6.17482123218133, 6.174821232160691, 6.174821232160372, 6.1748212321778615, 6.174821232148019, 6.174821232144726, 6.174821232112128, 6.174821232180294, 6.1748212321822376, 6.176422472819226, 6.176422472803755, 6.176422472799073, 6.176422472824342, 6.176422472810333, 6.176422472812265, 6.176422472831376, 6.176422472860944, 6.176422472831372, 6.176422472816938, 6.176422472830775, 6.176422472835005, 6.176422472817847, 6.176422472783547, 6.176422472808775, 6.176422472819235, 6.176422472791334, 6.176422472790158, 6.176422472754435, 6.176422472818416, 6.176422472821088, 6.186128256996369, 6.186128256968319, 6.186128256970702, 6.186128256990058, 6.18612825699201, 6.186128256981449, 6.186128257005172, 6.186128257028691, 6.186128257009878, 6.18612825698553, 6.186128257005902, 6.186128257007511, 6.186128256998883, 6.18612825695778, 6.18612825699456, 6.186128256996366, 6.186128256968133, 6.186128256977652, 6.186128256950812, 6.1861282569964455, 6.186128256998934, 6.199802708317673, 6.199802708289035, 6.199802708304612, 6.199802708303002, 6.199802708312351, 6.1998027082984715, 6.199802708317057, 6.199802708332734, 6.19980270832265, 6.199802708296292, 6.199802708321337, 6.199802708309065, 6.199802708328593, 6.199802708291892, 6.199802708323946, 6.199802708317677, 6.1998027082912, 6.199802708312516, 6.1998027083028315, 6.199802708320965, 6.19980270832294, 6.20806158484105, 6.2080615848210865, 6.2080615848509035, 6.2080615848248035, 6.208061584838748, 6.208061584823188, 6.208061584833469, 6.208061584840352, 6.2080615848341685, 6.208061584818658, 6.208061584844684, 6.208061584814291, 6.208061584855454, 6.2080615848317855, 6.20806158485311, 6.2080615848410545, 6.208061584826397, 6.208061584847725, 6.208061584855688, 6.208061584844191, 6.208061584846159, 6.209989638368118, 6.209989638360273, 6.209989638394567, 6.209989638356395, 6.209989638379627, 6.209989638358476, 6.209989638358809, 6.209989638357519, 6.209989638352632, 6.2099896383612165, 6.209989638378656, 6.209989638338275, 6.209989638377931, 6.209989638368468, 6.209989638382434, 6.209989638368132, 6.209989638375025, 6.20998963838201, 6.2099896384008275, 6.209989638366599, 6.209989638368993, 6.2098800772764235, 6.209880077275841, 6.209880077303351, 6.209880077272322, 6.209880077295521, 6.209880077277781, 6.209880077269529, 6.209880077263434, 6.2098800772582035, 6.209880077295008, 6.209880077290932, 6.209880077257949, 6.2098800772794265, 6.209880077282141, 6.2098800772894585, 6.209880077276431, 6.20988007730182, 6.209880077293687, 6.209880077313808, 6.2098800772704275, 6.209880077272513, 6.210851731437982, 6.210851731433069, 6.210851731451209, 6.210851731441412, 6.21085173144301, 6.210851731446675, 6.210851731435568, 6.210851731429281, 6.2108517314240395, 6.210851731477188, 6.210851731445587, 6.210851731437548, 6.2108517314390435, 6.210851731450731, 6.210851731446805, 6.210851731437988, 6.210851731467035, 6.210851731454949, 6.210851731470367, 6.210851731432255, 6.210851731432463, 6.211210306971517, 6.211210306953572, 6.2112103069635785, 6.211210306981147, 6.211210306955887, 6.211210306980245, 6.2112103069719, 6.211210306967895, 6.211210306967635, 6.21121030701523, 6.211210306963832, 6.211210306988862, 6.211210306975581, 6.211210306988655, 6.211210306973471, 6.211210306971516, 6.211210306992319, 6.211210306982198, 6.211210306994103, 6.211210306969312, 6.211210306966028, 6.21173018627501, 6.211730186247513, 6.211730186249431, 6.211730186289355, 6.21173018625486, 6.211730186278242, 6.21173018627381, 6.211730186272516, 6.211730186281664, 6.21173018630612, 6.211730186255704, 6.211730186304105, 6.211730186281943, 6.2117301862889915, 6.211730186268677, 6.21173018627501, 6.211730186287127, 6.211730186273327, 6.211730186287409, 6.211730186273997, 6.211730186267149, 6.2164397678622185, 6.216439767838172, 6.216439767835467, 6.216439767876562, 6.216439767851763, 6.21643976786117, 6.21643976785653, 6.216439767858618, 6.216439767874423, 6.216439767870059, 6.21643976784565, 6.216439767892094, 6.2164397678684855, 6.216439767870599, 6.216439767849147, 6.216439767862224, 6.216439767871867, 6.216439767847147, 6.216439767868184, 6.216439767857356, 6.216439767849638, 6.223089335790679, 6.223089335782666, 6.223089335781575, 6.223089335798345, 6.223089335789891, 6.2230893357908865, 6.223089335782615, 6.22308933578865, 6.223089335802681, 6.223089335774827, 6.223089335788044, 6.223089335810811, 6.2230893357955175, 6.223089335796938, 6.2230893357759625, 6.223089335790686, 6.2230893358024435, 6.223089335768474, 6.223089335797406, 6.223089335780588, 6.223089335775587, 6.227147857007238, 6.227147857019003, 6.227147857021763, 6.227147857005904, 6.227147857011566, 6.227147857010598, 6.2271478570027945, 6.227147857011596, 6.2271478570155745, 6.227147856977522, 6.227147857015859, 6.227147857014339, 6.227147857014537, 6.227147857013385, 6.227147856997809, 6.22714785700724, 6.227147857019665, 6.227147856988272, 6.227147857021021, 6.22714785699623, 6.227147856995111, 6.230299230947448, 6.230299230970791, 6.230299230971838, 6.230299230939019, 6.230299230956101, 6.230299230950774, 6.230299230949323, 6.230299230958796, 6.230299230950085, 6.23029923091755, 6.230299230954919, 6.230299230945575, 6.230299230960004, 6.230299230951168, 6.230299230947787, 6.230299230947453, 6.230299230955139, 6.230299230938856, 6.230299230967031, 6.230299230940844, 6.230299230941201, 6.234717493668619, 6.234717493689899, 6.234717493681768, 6.234717493657179, 6.234717493678472, 6.234717493668448, 6.234717493673023, 6.2347174936815355, 6.234717493665187, 6.2347174936484615, 6.234717493667829, 6.234717493663728, 6.234717493683526, 6.234717493667309, 6.234717493677415, 6.234717493668612, 6.234717493668377, 6.2347174936696526, 6.23471749368267, 6.234717493667633, 6.234717493666936, 6.237835575949687, 6.2378355759609265, 6.237835575942883, 6.237835575940972, 6.2378355759512365, 6.237835575945491, 6.237835575951836, 6.237835575958285, 6.2378355759428885, 6.2378355759435475, 6.237835575945789, 6.237835575945545, 6.23783557596062, 6.23783557594356, 6.237835575961293, 6.237835575949695, 6.237835575943704, 6.237835575953997, 6.2378355759440876, 6.237835575951089, 6.237835575949957, 6.2377838771984555, 6.237783877201283, 6.237783877180909, 6.237783877196178, 6.237783877186661, 6.23778387719284, 6.2377838771965815, 6.237783877200667, 6.237783877192044, 6.237783877206357, 6.2377838771998375, 6.237783877195851, 6.237783877201567, 6.237783877189238, 6.237783877207662, 6.237783877198454, 6.237783877191986, 6.2377838772001715, 6.237783877167932, 6.237783877198563, 6.237783877199246, 6.237356584679956, 6.237356584680933, 6.237356584666975, 6.237356584682609, 6.237356584665154, 6.237356584676898, 6.237356584673892, 6.237356584676398, 6.237356584675281, 6.23735658469866, 6.237356584686728, 6.2373565846775945, 6.2373565846777685, 6.237356584669466, 6.237356584685585, 6.237356584679956, 6.237356584675527, 6.237356584678029, 6.237356584633514, 6.237356584678729, 6.237356584681531, 6.239427381665351, 6.239427381668929, 6.239427381665474, 6.239427381667525, 6.239427381661905, 6.239427381667358, 6.23942738165685, 6.239427381658676, 6.239427381660788, 6.2394273816880785, 6.23942738167069, 6.239427381660784, 6.239427381663598, 6.239427381657953, 6.239427381669556, 6.239427381665346, 6.239427381659675, 6.239427381662923, 6.239427381620396, 6.239427381665157, 6.239427381667771, 6.2428130515125835, 6.242813051517842, 6.242813051524157, 6.242813051511005, 6.242813051520415, 6.242813051516727, 6.242813051506627, 6.2428130515078735, 6.242813051506975, 6.242813051530203, 6.242813051512816, 6.242813051503697, 6.242813051514089, 6.2428130515146085, 6.242813051517685, 6.242813051512583, 6.242813051500993, 6.242813051513132, 6.242813051483073, 6.242813051513592, 6.242813051514124, 6.245905616893971, 6.245905616896457, 6.245905616907342, 6.245905616890802, 6.245905616904242, 6.245905616893349, 6.245905616894592, 6.245905616894828, 6.245905616889171, 6.2459056168988925, 6.245905616892558, 6.245905616881342, 6.24590561689724, 6.245905616905316, 6.24590561690036, 6.245905616893973, 6.245905616878179, 6.245905616897391, 6.245905616882764, 6.245905616893903, 6.245905616893113, 6.248239437298643, 6.248239437294083, 6.24823943730345, 6.2482394372970935, 6.2482394373083165, 6.248239437291355, 6.248239437304556, 6.248239437303668, 6.248239437298152, 6.248239437289612, 6.248239437301001, 6.248239437286479, 6.248239437301163, 6.248239437309564, 6.248239437304433, 6.248239437298643, 6.248239437286274, 6.248239437300777, 6.248239437299272, 6.248239437296163, 6.248239437296444, 6.249412720255705, 6.249412720243419, 6.249412720250457, 6.249412720255202, 6.24941272026376, 6.249412720248697, 6.249412720262738, 6.249412720261311, 6.249412720260747, 6.249412720238967, 6.2494127202627325, 6.249412720248749, 6.249412720256851, 6.249412720256793, 6.249412720258178, 6.24941272025571, 6.249412720251694, 6.249412720252469, 6.2494127202605805, 6.24941272025219, 6.249412720254828, 6.24975828142545, 6.24975828141094, 6.249758281418439, 6.249758281425389, 6.249758281427024, 6.2497582814253185, 6.249758281431087, 6.249758281430153, 6.249758281432631, 6.2497582814107435, 6.249758281432483, 6.249758281425727, 6.24975828142694, 6.249758281417012, 6.249758281423561, 6.249758281425449, 6.2497582814284645, 6.249758281416925, 6.249758281431916, 6.249758281424019, 6.2497582814277015, 6.249660378509401, 6.249660378500436, 6.249660378508749, 6.249660378512015, 6.249660378502762, 6.249660378514879, 6.249660378512775, 6.2496603785126785, 6.2496603785124965, 6.2496603785035765, 6.249660378510609, 6.249660378515223, 6.249660378512752, 6.249660378498973, 6.249660378504479, 6.249660378509403, 6.249660378515907, 6.249660378499203, 6.249660378518895, 6.249660378511896, 6.249660378513841, 6.2490561208557, 6.249056120854786, 6.24905612086059, 6.24905612086027, 6.249056120847229, 6.249056120863041, 6.249056120855874, 6.24905612085539, 6.249056120850708, 6.249056120858837, 6.2490561208498825, 6.249056120863058, 6.249056120859136, 6.249056120850748, 6.249056120850033, 6.249056120855707, 6.24905612086377, 6.249056120847337, 6.249056120869577, 6.249056120860183, 6.249056120858483, 6.248512224459561, 6.248512224463402, 6.248512224463294, 6.248512224463259, 6.248512224455911, 6.248512224466236, 6.248512224456538, 6.248512224453925, 6.248512224449712, 6.248512224466796, 6.248512224452027, 6.248512224465602, 6.248512224459605, 6.248512224463402, 6.248512224455585, 6.248512224459551, 6.2485122244683655, 6.248512224455007, 6.248512224476344, 6.248512224461939, 6.248512224457975, 6.248416944752484, 6.248416944757363, 6.2484169447512405, 6.2484169447558235, 6.248416944752927, 6.2484169447552835, 6.248416944748885, 6.248416944743575, 6.248416944747055, 6.248416944759305, 6.248416944749834, 6.248416944757972, 6.2484169447483735, 6.248416944763122, 6.248416944752483, 6.248416944752486, 6.248416944760417, 6.248416944752708, 6.248416944768411, 6.248416944750968, 6.248416944748325, 6.248569610778565, 6.248569610781265, 6.248569610773572, 6.248569610781247, 6.248569610778965, 6.2485696107778255, 6.248569610777933, 6.248569610770712, 6.248569610784048, 6.248569610783745, 6.248569610781528, 6.248569610785399, 6.248569610772659, 6.248569610789863, 6.248569610782958, 6.248569610778562, 6.248569610783424, 6.248569610782821, 6.248569610790136, 6.248569610774856, 6.248569610775055, 6.24902373285155, 6.249023732850136, 6.249023732846312, 6.249023732851101, 6.249023732851777, 6.249023732850909, 6.249023732854513, 6.2490237328469584, 6.249023732864867, 6.249023732855687, 6.249023732854609, 6.2490237328588405, 6.249023732846359, 6.249023732856965, 6.249023732857926, 6.249023732851566, 6.24902373285282, 6.249023732856626, 6.249023732857815, 6.249023732848737, 6.249023732849461, 6.249731455212756, 6.249731455209495, 6.249731455210973, 6.249731455210636, 6.249731455214557, 6.249731455212413, 6.249731455216879, 6.249731455210509, 6.249731455224276, 6.249731455215583, 6.249731455210731, 6.249731455216761, 6.249731455209053, 6.249731455210237, 6.2497314552172485, 6.249731455212753, 6.249731455211931, 6.249731455214715, 6.249731455215008, 6.24973145521274, 6.249731455211231, 6.249925560186518, 6.24992556018544, 6.249925560190086, 6.249925560185935, 6.249925560187549, 6.2499255601847254, 6.249925560189488, 6.249925560185214, 6.249925560189136, 6.249925560186242, 6.249925560180115, 6.249925560184213, 6.249925560183392, 6.249925560180169, 6.249925560186268, 6.249925560186513, 6.249925560184721, 6.249925560183368, 6.249925560186408, 6.24992556018904, 6.249925560185558, 6.249502059014014, 6.249502059016249, 6.249502059019996, 6.249502059014152, 6.249502059011997, 6.249502059011975, 6.249502059015209, 6.249502059012824, 6.249502059008495, 6.249502059009592, 6.249502059008481, 6.24950205900667, 6.2495020590106645, 6.249502059009144, 6.249502059009379, 6.249502059014019, 6.2495020590111405, 6.249502059006985, 6.249502059012623, 6.249502059017824, 6.24950205901561, 6.249235201358176, 6.2492352013624695, 6.249235201361105, 6.2492352013573615, 6.249235201356344, 6.249235201357091, 6.249235201358347, 6.2492352013570525, 6.2492352013508174, 6.249235201351541, 6.249235201358054, 6.249235201350999, 6.24923520135532, 6.249235201356036, 6.249235201352894, 6.249235201358183, 6.249235201354465, 6.249235201351162, 6.24923520135586, 6.249235201362904, 6.249235201365253, 6.249328966161083, 6.2493289661657085, 6.24932896615843, 6.249328966159026, 6.24932896616222, 6.249328966160176, 6.249328966162525, 6.249328966161348, 6.2493289661569404, 6.249328966155735, 6.249328966166077, 6.2493289661580205, 6.249328966159145, 6.249328966160417, 6.249328966159025, 6.249328966161079, 6.24932896615723, 6.249328966157655, 6.2493289661576465, 6.249328966166345, 6.249328966172764, 6.249799758067163, 6.249799758070663, 6.249799758061433, 6.249799758063756, 6.249799758069158, 6.249799758065761, 6.249799758071942, 6.24979975806991, 6.249799758066318, 6.2497997580652545, 6.249799758072672, 6.249799758067155, 6.2497997580646905, 6.249799758067254, 6.249799758069149, 6.249799758067164, 6.249799758063703, 6.249799758068064, 6.249799758062253, 6.2497997580713625, 6.249799758077587, 6.250579198010746, 6.250579198013238, 6.25057919800659, 6.250579198007362, 6.250579198012089, 6.250579198008199, 6.250579198017234, 6.250579198013896, 6.250579198010781, 6.250579198012449, 6.250579198011884, 6.2505791980100245, 6.250579198006631, 6.250579198010641, 6.25057919801486, 6.250579198010748, 6.250579198008665, 6.250579198013927, 6.25057919800465, 6.250579198012863, 6.250579198014785, 6.251213583479549, 6.2512135834819285, 6.251213583479759, 6.25121358347798, 6.2512135834809595, 6.251213583476319, 6.251213583483261, 6.251213583478938, 6.25121358347984, 6.251213583483377, 6.251213583475483, 6.251213583476016, 6.251213583474552, 6.25121358347848, 6.2512135834830564, 6.25121358347955, 6.251213583479485, 6.251213583482097, 6.251213583473252, 6.251213583480188, 6.2512135834776, 6.251633220725553, 6.251633220727773, 6.251633220729479, 6.251633220725383, 6.251633220725769, 6.251633220724015, 6.251633220724302, 6.251633220719868, 6.2516332207279985, 6.251633220729237, 6.251633220720099, 6.251633220721061, 6.251633220721248, 6.2516332207248295, 6.251633220726784, 6.2516332207255525, 6.251633220726214, 6.251633220725761, 6.251633220720398, 6.251633220725817, 6.251633220722101, 6.252060611105678, 6.2520606111071295, 6.252060611109802, 6.252060611106204, 6.2520606111033965, 6.252060611106313, 6.2520606111017205, 6.252060611097915, 6.252060611110958, 6.252060611107485, 6.25206061110295, 6.252060611104174, 6.252060611103222, 6.25206061110708, 6.252060611104975, 6.2520606111056765, 6.252060611105421, 6.252060611104062, 6.252060611103232, 6.252060611106253, 6.252060611104656, 6.252441907875771, 6.2524419078761, 6.25244190787624, 6.252441907876779, 6.252441907873858, 6.25244190787646, 6.252441907873128, 6.252441907870344, 6.252441907880609, 6.252441907875394, 6.252441907876178, 6.252441907879264, 6.252441907875071, 6.252441907878643, 6.252441907874632, 6.252441907875782, 6.252441907874987, 6.252441907873813, 6.252441907877655, 6.252441907876587, 6.252441907877261, 6.2525551809234745, 6.2525551809228155, 6.252555180919921, 6.252555180923699, 6.2525551809244435, 6.252555180923607, 6.252555180924869, 6.252555180923075, 6.252555180923728, 6.252555180921811, 6.2525551809247455, 6.252555180929873, 6.252555180923256, 6.252555180925898, 6.252555180922708, 6.252555180923474, 6.252555180923919, 6.252555180921924, 6.252555180930123, 6.2525551809236415, 6.252555180924546, 6.252485216450066, 6.252485216449839, 6.252485216446438, 6.252485216449652, 6.252485216452001, 6.2524852164501725, 6.252485216454949, 6.252485216454054, 6.252485216445862, 6.252485216448314, 6.252485216450612, 6.252485216455565, 6.252485216449767, 6.252485216450817, 6.252485216449445, 6.252485216450074, 6.25248521645272, 6.252485216448727, 6.252485216460166, 6.252485216449382, 6.252485216449416, 6.2526155952974936, 6.252615595298653, 6.2526155952972635, 6.252615595298059, 6.252615595297636, 6.252615595298119, 6.252615595302071, 6.252615595301862, 6.252615595293338, 6.2526155952964215, 6.252615595297557, 6.25261559529956, 6.252615595298064, 6.252615595296376, 6.252615595296545, 6.252615595297501, 6.252615595301801, 6.252615595295775, 6.252615595308499, 6.252615595296997, 6.252615595296802, 6.252873612738123, 6.2528736127386795, 6.252873612740109, 6.252873612738968, 6.252873612736467, 6.252873612740373, 6.252873612738722, 6.252873612738558, 6.252873612737784, 6.252873612737385, 6.252873612738233, 6.252873612736731, 6.252873612739987, 6.252873612735932, 6.252873612736602, 6.252873612738129, 6.252873612742195, 6.252873612735607, 6.252873612747058, 6.2528736127384095, 6.252873612738634, 6.253036569760241, 6.253036569758143, 6.253036569761515, 6.253036569760942, 6.253036569758064, 6.253036569762615, 6.253036569757342, 6.253036569756534, 6.253036569763224, 6.253036569759322, 6.253036569760163, 6.253036569757569, 6.2530365697624015, 6.253036569758683, 6.253036569758798, 6.253036569760241, 6.253036569762165, 6.253036569757664, 6.253036569764817, 6.253036569760727, 6.253036569760903, 6.253132627125494, 6.253132627121424, 6.253132627125402, 6.2531326271269805, 6.253132627123868, 6.253132627125015, 6.2531326271230565, 6.253132627121484, 6.253132627128499, 6.253132627124945, 6.253132627124888, 6.253132627124379, 6.253132627126522, 6.253132627126072, 6.253132627125356, 6.253132627125496, 6.253132627124628, 6.2531326271244385, 6.253132627125097, 6.253132627125137, 6.253132627124602, 6.253088253251619, 6.253088253247531, 6.253088253251224, 6.253088253252562, 6.2530882532521535, 6.253088253249654, 6.25308825325216, 6.253088253250306, 6.253088253252119, 6.253088253252612, 6.253088253250834, 6.253088253253133, 6.253088253250919, 6.2530882532540355, 6.253088253253175, 6.253088253251622, 6.253088253249069, 6.253088253252667, 6.253088253247378, 6.253088253250018, 6.25308825324883, 6.25297694801155, 6.252976948009636, 6.2529769480118595, 6.252976948011103, 6.252976948014869, 6.252976948010896, 6.252976948013749, 6.252976948012455, 6.252976948009994, 6.252976948014519, 6.252976948011619, 6.252976948014219, 6.252976948010419, 6.25297694801393, 6.252976948014126, 6.252976948011547, 6.252976948009177, 6.252976948013889, 6.252976948005791, 6.252976948009787, 6.252976948009035, 6.252958647868801, 6.252958647870174, 6.252958647869766, 6.252958647868506, 6.252958647871957, 6.252958647869558, 6.252958647870014, 6.252958647869903, 6.252958647867101, 6.252958647872367, 6.252958647870329, 6.252958647869714, 6.25295864786904, 6.252958647869869, 6.252958647871196, 6.252958647868799, 6.2529586478674535, 6.2529586478709485, 6.252958647863557, 6.252958647868253, 6.2529586478688834, 6.252938503998255, 6.252938504000973, 6.252938503998555, 6.252938503998171, 6.252938503997566, 6.252938503999835, 6.252938503997474, 6.252938503998382, 6.252938503996927, 6.252938503999979, 6.252938504000268, 6.252938503995341, 6.252938503999951, 6.25293850399788, 6.252938503999255, 6.252938503998257, 6.2529385039973375, 6.252938503998783, 6.252938503994196, 6.252938503998739, 6.252938504000151, 6.252892030866446, 6.252892030868267, 6.2528920308653015, 6.252892030866538, 6.252892030863357, 6.252892030867231, 6.2528920308646505, 6.252892030866017, 6.2528920308650155, 6.252892030865543, 6.252892030867467, 6.252892030861043, 6.252892030868744, 6.252892030864297, 6.252892030866129, 6.252892030866447, 6.252892030865624, 6.252892030865212, 6.2528920308632605, 6.252892030867141, 6.252892030868067, 6.252952359740061, 6.252952359740377, 6.2529523597387975, 6.252952359740346, 6.252952359738484, 6.252952359739209, 6.252952359739229, 6.25295235974054, 6.252952359738741, 6.2529523597377885, 6.25295235973993, 6.252952359736041, 6.2529523597422, 6.252952359736488, 6.252952359739549, 6.252952359740062, 6.2529523597393135, 6.2529523597382175, 6.252952359737205, 6.252952359740283, 6.252952359740319, 6.253054220023943, 6.253054220023241, 6.253054220024446, 6.253054220023156, 6.253054220024496, 6.253054220023287, 6.253054220025213, 6.2530542200262085, 6.2530542200234605, 6.253054220021845, 6.253054220023963, 6.25305422002383, 6.253054220025335, 6.253054220021167, 6.253054220023933, 6.253054220023938, 6.253054220022739, 6.25305422002267, 6.253054220021252, 6.25305422002326, 6.253054220022964, 6.2531077611800026, 6.253107761179685, 6.253107761181856, 6.253107761178946, 6.253107761182136, 6.253107761179773, 6.253107761181902, 6.253107761182538, 6.253107761180664, 6.253107761178794, 6.253107761180857, 6.2531077611829184, 6.253107761181107, 6.253107761179733, 6.2531077611805586, 6.253107761179997, 6.253107761178496, 6.253107761179797, 6.253107761178064, 6.25310776117884, 6.25310776117881, 6.2531614760595655, 6.253161476060155, 6.253161476060499, 6.253161476059198, 6.253161476061864, 6.253161476059326, 6.25316147605972, 6.253161476060022, 6.253161476060433, 6.253161476059115, 6.25316147606043, 6.253161476062178, 6.253161476060758, 6.2531614760616865, 6.253161476060023, 6.25316147605956, 6.25316147605856, 6.253161476059873, 6.253161476058934, 6.253161476058413, 6.2531614760583905, 6.253181190653113, 6.253181190654129, 6.253181190652181, 6.253181190653322, 6.253181190653194, 6.253181190653114, 6.253181190651237, 6.253181190651342, 6.253181190653385, 6.253181190653472, 6.253181190652995, 6.253181190653371, 6.253181190654215, 6.253181190656157, 6.253181190652964, 6.25318119065312, 6.2531811906534305, 6.253181190653218, 6.253181190653536, 6.253181190652041, 6.253181190651487, 6.253183697732986, 6.253183697734235, 6.25318369773176, 6.253183697733981, 6.253183697730699, 6.2531836977329665, 6.2531836977308, 6.253183697730853, 6.253183697733021, 6.253183697734671, 6.253183697732008, 6.253183697732053, 6.253183697734059, 6.2531836977347615, 6.253183697732625, 6.253183697732986, 6.253183697735139, 6.253183697732891, 6.25318369773387, 6.253183697732201, 6.253183697731247, 6.253233618390218, 6.253233618390919, 6.253233618389884, 6.253233618390804, 6.253233618388036, 6.253233618390769, 6.253233618389298, 6.253233618389438, 6.2532336183905155, 6.2532336183928905, 6.253233618389223, 6.253233618390375, 6.253233618391409, 6.253233618389812, 6.253233618390245, 6.25323361839021, 6.253233618393628, 6.253233618390261, 6.253233618391351, 6.253233618389784, 6.253233618388984, 6.253304189416318, 6.253304189415652, 6.253304189416683, 6.253304189415575, 6.253304189415863, 6.253304189417271, 6.253304189416905, 6.253304189417003, 6.253304189416597, 6.2533041894180075, 6.253304189416174, 6.253304189418124, 6.25330418941742, 6.253304189415071, 6.253304189416691, 6.253304189416317, 6.253304189419364, 6.253304189416502, 6.253304189417846, 6.2533041894159815, 6.253304189415697, 6.25336118212457, 6.253361182122901, 6.253361182124924, 6.253361182124014, 6.2533611821252615, 6.253361182124001, 6.253361182125793, 6.253361182125847, 6.253361182124344, 6.253361182123585, 6.25336118212528, 6.253361182126698, 6.253361182125605, 6.253361182124482, 6.253361182124796, 6.253361182124573, 6.253361182125785, 6.253361182124684, 6.25336118212653, 6.253361182124239, 6.253361182124499, 6.253395252328093, 6.253395252325968, 6.253395252328071, 6.253395252327829, 6.25339525232889, 6.253395252326749, 6.2533952523286525, 6.253395252328672, 6.253395252327356, 6.25339525232494, 6.253395252328957, 6.253395252328763, 6.253395252328872, 6.253395252329422, 6.253395252327523, 6.25339525232809, 6.253395252327477, 6.253395252327548, 6.2533952523299074, 6.253395252327745, 6.2533952523281, 6.253432023530206, 6.2534320235286875, 6.253432023530331, 6.253432023530262, 6.253432023530927, 6.2534320235296255, 6.253432023529743, 6.253432023529904, 6.253432023529832, 6.253432023527689, 6.253432023530566, 6.253432023529285, 6.25343202353075, 6.253432023531226, 6.2534320235289815, 6.253432023530207, 6.2534320235290695, 6.2534320235290055, 6.253432023530917, 6.253432023530123, 6.253432023530332, 6.253448987950765, 6.253448987950709, 6.253448987951551, 6.2534489879514314, 6.253448987950939, 6.253448987951226, 6.253448987950267, 6.253448987950599, 6.253448987951385, 6.253448987951052, 6.253448987950574, 6.253448987949436, 6.253448987951094, 6.253448987950264, 6.253448987949811, 6.253448987950768, 6.253448987950186, 6.253448987949712, 6.253448987949811, 6.253448987951083, 6.253448987951127, 6.2534284398870605, 6.253428439887821, 6.2534284398875055, 6.2534284398873154, 6.253428439886429, 6.2534284398883315, 6.25342843988728, 6.253428439887509, 6.253428439887786, 6.253428439889513, 6.25342843988664, 6.2534284398860605, 6.253428439886688, 6.253428439885708, 6.253428439887011, 6.253428439887062, 6.253428439886871, 6.2534284398868865, 6.253428439884806, 6.253428439887257, 6.2534284398871085, 6.253410563782251, 6.253410563783367, 6.2534105637813795, 6.253410563782441, 6.253410563782017, 6.253410563782601, 6.25341056378275, 6.2534105637826185, 6.253410563782136, 6.253410563784639, 6.253410563782029, 6.253410563781739, 6.253410563781429, 6.253410563781324, 6.253410563783322, 6.253410563782256, 6.253410563781868, 6.253410563783273, 6.253410563779962, 6.253410563782258, 6.253410563782136, 6.25340375058195, 6.253403750582926, 6.253403750580604, 6.253403750581813, 6.253403750582242, 6.25340375058139, 6.253403750582034, 6.25340375058155, 6.253403750580977, 6.253403750582567, 6.253403750582306, 6.253403750581682, 6.253403750581007, 6.253403750582274, 6.253403750583475, 6.253403750581953, 6.253403750580827, 6.253403750583557, 6.253403750580506, 6.2534037505818825, 6.25340375058208, 6.253408865361441, 6.253408865362118, 6.25340886536145, 6.253408865360981, 6.253408865361615, 6.253408865361142, 6.253408865361088, 6.253408865360528, 6.253408865360585, 6.253408865360507, 6.253408865362225, 6.253408865361398, 6.253408865360702, 6.253408865362367, 6.253408865362555, 6.253408865361435, 6.253408865359825, 6.253408865362682, 6.253408865360811, 6.253408865361544, 6.25340886536209, 6.253420568923131, 6.253420568923455, 6.253420568924492, 6.25342056892306, 6.25342056892341, 6.253420568923102, 6.253420568922719, 6.25342056892235, 6.253420568923, 6.2534205689218965, 6.253420568923497, 6.253420568923188, 6.253420568922735, 6.253420568923038, 6.253420568923399, 6.253420568923129, 6.2534205689219355, 6.253420568923307, 6.253420568922848, 6.25342056892358, 6.253420568924023, 6.2534221198397955, 6.25342211983935, 6.2534221198408, 6.253422119839863, 6.253422119839997, 6.253422119840268, 6.253422119839884, 6.253422119839799, 6.2534221198401605, 6.253422119838995, 6.253422119839258, 6.253422119839596, 6.253422119839398, 6.253422119838479, 6.253422119839235, 6.253422119839789, 6.253422119839463, 6.253422119838954, 6.253422119839717, 6.253422119840227, 6.253422119840077, 6.253414371946812, 6.25341437194611, 6.2534143719463335, 6.253414371947252, 6.253414371946487, 6.253414371947025, 6.253414371947593, 6.253414371947659, 6.253414371947317, 6.253414371946446, 6.253414371945936, 6.253414371946373, 6.253414371946353, 6.25341437194558, 6.253414371945935, 6.253414371946823, 6.253414371947069, 6.253414371945743, 6.253414371947257, 6.25341437194706, 6.253414371946616, 6.253411574577336, 6.253411574577197, 6.253411574576068, 6.253411574577965, 6.253411574577117, 6.25341157457734, 6.253411574578139, 6.253411574578182, 6.2534115745778385, 6.253411574577283, 6.253411574577018, 6.253411574577063, 6.253411574577034, 6.25341157457728, 6.253411574576689, 6.25341157457734, 6.253411574577904, 6.253411574576823, 6.253411574578729, 6.25341157457757, 6.253411574577478, 6.25340880055408, 6.253408800554457, 6.253408800553426, 6.253408800553891, 6.253408800554359, 6.253408800554652, 6.253408800554276, 6.253408800554111, 6.2534088005543, 6.253408800554199, 6.253408800554437, 6.253408800554303, 6.253408800553824, 6.2534088005552295, 6.253408800553771, 6.25340880055408, 6.253408800554799, 6.2534088005542, 6.2534088005561, 6.253408800554306, 6.253408800554648, 6.253406095020603, 6.253406095021186, 6.253406095021202, 6.253406095020542, 6.253406095020964, 6.253406095020539, 6.253406095020306, 6.253406095019895, 6.25340609502045, 6.253406095020943, 6.253406095020907, 6.253406095021437, 6.25340609502028, 6.253406095021861, 6.253406095020657, 6.2534060950205985, 6.253406095021501, 6.253406095021152, 6.253406095022435, 6.253406095020861, 6.25340609502116, 6.253411783892094, 6.253411783891761, 6.253411783892922, 6.25341178389171, 6.25341178389166, 6.253411783891653, 6.2534117838917584, 6.2534117838911145, 6.25341178389174, 6.253411783892392, 6.253411783891629, 6.253411783893071, 6.253411783891436, 6.253411783892683, 6.253411783892189, 6.253411783892086, 6.253411783892875, 6.253411783892521, 6.253411783893036, 6.253411783892129, 6.253411783891821, 6.2534239806514655, 6.253423980650467, 6.253423980651493, 6.253423980651267, 6.253423980650925, 6.2534239806505925, 6.25342398065118, 6.253423980650614, 6.253423980651621, 6.253423980651752, 6.253423980650597, 6.253423980652276, 6.253423980650877, 6.253423980651041, 6.253423980651557, 6.253423980651473, 6.253423980652099, 6.253423980651639, 6.253423980651705, 6.253423980651529, 6.253423980650983, 6.253440140947048, 6.2534401409463465, 6.253440140946548, 6.253440140946915, 6.253440140946601, 6.2534401409465765, 6.253440140947038, 6.253440140946806, 6.253440140947942, 6.253440140947253, 6.253440140946661, 6.2534401409473634, 6.2534401409467355, 6.253440140946496, 6.253440140946982, 6.2534401409470455, 6.2534401409473315, 6.253440140947014, 6.253440140947193, 6.253440140947211, 6.253440140947047, 6.253448096558075, 6.253448096558412, 6.253448096557807, 6.253448096557834, 6.253448096558026, 6.253448096558294, 6.253448096558356, 6.253448096558527, 6.253448096558853, 6.253448096558021, 6.253448096558357, 6.2534480965576655, 6.2534480965579435, 6.2534480965581825, 6.253448096557747, 6.253448096558068, 6.253448096557959, 6.253448096557924, 6.253448096558578, 6.253448096558291, 6.253448096558564, 6.253447263989515, 6.25344726399075, 6.253447263989644, 6.253447263989663, 6.253447263990316, 6.253447263989565, 6.253447263989837, 6.253447263990269, 6.253447263989338, 6.253447263989215, 6.253447263989849, 6.253447263988675, 6.253447263989392, 6.253447263989918, 6.253447263989056, 6.253447263989513, 6.2534472639892655, 6.253447263989302, 6.253447263990087, 6.253447263989747, 6.253447263990084, 6.253450246605634, 6.25345024660642, 6.2534502466057384, 6.253450246605388, 6.253450246606283, 6.253450246605887, 6.2534502466058655, 6.253450246606221, 6.253450246604756, 6.253450246605135, 6.253450246605636, 6.253450246604965, 6.253450246605313, 6.2534502466057935, 6.253450246605174, 6.253450246605642, 6.253450246605171, 6.253450246605346, 6.253450246605486, 6.253450246605752, 6.253450246605833, 6.25345463402819, 6.253454634028438, 6.2534546340282295, 6.253454634028447, 6.253454634028027, 6.253454634027858, 6.253454634028227, 6.253454634028416, 6.253454634027841, 6.253454634027876, 6.253454634028088, 6.25345463402828, 6.253454634027989, 6.253454634027684, 6.2534546340281745, 6.2534546340281905, 6.253454634027638, 6.253454634028139, 6.25345463402711, 6.253454634028431, 6.253454634028482, 6.253454273165495, 6.253454273165016, 6.253454273165305, 6.253454273165193, 6.253454273164892, 6.253454273165679, 6.253454273165196, 6.253454273165172, 6.253454273165838, 6.253454273165427, 6.253454273165484, 6.253454273165912, 6.25345427316528, 6.25345427316467, 6.253454273165843, 6.2534542731655005, 6.253454273164985, 6.253454273165691, 6.253454273163972, 6.253454273165661, 6.253454273165744, 6.2534582797299985, 6.25345827972986, 6.253458279729926, 6.253458279730005, 6.253458279729881, 6.253458279729895, 6.253458279729597, 6.253458279729505, 6.253458279730325, 6.253458279730129, 6.253458279729985, 6.253458279730059, 6.253458279729889, 6.253458279729506, 6.253458279730624, 6.253458279729987, 6.253458279729753, 6.253458279730581, 6.253458279729016, 6.25345827973008, 6.253458279730109, 6.253461045436744, 6.253461045437087, 6.2534610454369925, 6.253461045436794, 6.253461045436762, 6.2534610454367145, 6.2534610454366835, 6.253461045436645, 6.25346104543653, 6.2534610454368575, 6.253461045436707, 6.253461045436204, 6.253461045436546, 6.25346104543719, 6.2534610454372235, 6.253461045436735, 6.253461045436604, 6.253461045437426, 6.253461045436617, 6.253461045436525, 6.253461045436426, 6.253461087029168, 6.2534610870295815, 6.253461087029373, 6.253461087029242, 6.2534610870296286, 6.253461087029387, 6.253461087029251, 6.253461087029402, 6.253461087028842, 6.253461087029363, 6.253461087029223, 6.253461087028617, 6.253461087029132, 6.253461087029834, 6.253461087029305, 6.25346108702917, 6.253461087029196, 6.253461087029607, 6.253461087029595, 6.253461087028943, 6.253461087028868, 6.253460392435489, 6.253460392435426, 6.2534603924353735, 6.253460392435808, 6.253460392435923, 6.2534603924358, 6.253460392435488, 6.253460392435799, 6.2534603924356125, 6.253460392435746, 6.253460392435647, 6.2534603924355485, 6.253460392435741, 6.253460392435639, 6.253460392435254, 6.253460392435484, 6.253460392435643, 6.253460392435408, 6.253460392435881, 6.2534603924354455, 6.25346039243554, 6.253456006351767, 6.253456006350909, 6.253456006351493, 6.253456006351915, 6.253456006351283, 6.253456006352145, 6.253456006351751, 6.25345600635209, 6.253456006352026, 6.253456006351754, 6.253456006351849, 6.253456006352266, 6.253456006352065, 6.253456006351541, 6.253456006351222, 6.253456006351768, 6.253456006351822, 6.253456006351248, 6.2534560063519224, 6.253456006351726, 6.253456006351762, 6.253454562998944, 6.253454562998066, 6.253454562998825, 6.253454562999298, 6.253454562998658, 6.253454562998704, 6.253454562998762, 6.253454562999017, 6.253454562998878, 6.253454562998701, 6.253454562998825, 6.253454562999429, 6.253454562999311, 6.2534545629985, 6.253454562998509, 6.25345456299894, 6.253454562999171, 6.253454562998507, 6.253454562999279, 6.253454562998926, 6.253454562998831, 6.253456212211764, 6.253456212211215, 6.253456212212007, 6.253456212211519, 6.253456212211763, 6.253456212211781, 6.253456212211558, 6.253456212211699, 6.253456212211388, 6.253456212211459, 6.253456212211704, 6.253456212211861, 6.253456212211998, 6.253456212211722, 6.253456212211619, 6.253456212211772, 6.25345621221206, 6.253456212211709, 6.253456212212475, 6.253456212211564, 6.253456212211445, 6.253457345525363, 6.253457345525555, 6.2534573455258355, 6.253457345525401, 6.25345734552545, 6.253457345525104, 6.25345734552528, 6.253457345525427, 6.253457345525286, 6.253457345525391, 6.253457345525578, 6.253457345525333, 6.253457345525666, 6.253457345525711, 6.253457345525636, 6.2534573455253675, 6.253457345525658, 6.253457345525833, 6.253457345526148, 6.25345734552521, 6.253457345525266, 6.253459181246597, 6.253459181246758, 6.253459181246515, 6.25345918124625, 6.25345918124665, 6.253459181246825, 6.253459181246512, 6.253459181246632, 6.253459181246771, 6.2534591812468845, 6.253459181246814, 6.253459181246525, 6.253459181246743, 6.253459181246951, 6.253459181246893, 6.253459181246599, 6.253459181246808, 6.253459181247067, 6.253459181246861, 6.253459181246367, 6.253459181246366, 6.253460499299884, 6.253460499300043, 6.253460499299437, 6.2534604993001635, 6.253460499299942, 6.253460499299628, 6.253460499299713, 6.253460499299909, 6.253460499300117, 6.253460499300297, 6.253460499299808, 6.253460499299946, 6.253460499300039, 6.253460499299872, 6.253460499300015, 6.253460499299883, 6.253460499299995, 6.2534604993000915, 6.253460499299387, 6.253460499299762, 6.253460499299655, 6.253460991543155, 6.253460991543079, 6.25346099154302, 6.253460991543059, 6.253460991542699, 6.2534609915434025, 6.253460991543041, 6.253460991543286, 6.253460991543175, 6.253460991543331, 6.25346099154293, 6.253460991543218, 6.253460991543139, 6.253460991543138, 6.253460991542909, 6.253460991543156, 6.253460991542961, 6.253460991542956, 6.253460991542173, 6.2534609915430215, 6.2534609915428145, 6.2534617753645385, 6.253461775364867, 6.253461775364808, 6.253461775364846, 6.253461775364854, 6.253461775364345, 6.253461775364255, 6.253461775364582, 6.253461775364474, 6.2534617753644755, 6.2534617753644595, 6.2534617753646256, 6.25346177536478, 6.25346177536431, 6.2534617753643555, 6.253461775364539, 6.253461775364381, 6.253461775364363, 6.2534617753637765, 6.25346177536468, 6.253461775364674, 6.253462482879568, 6.253462482879665, 6.253462482879801, 6.253462482878984, 6.2534624828796535, 6.25346248287999, 6.253462482879533, 6.253462482879781, 6.253462482879335, 6.253462482879048, 6.253462482879782, 6.253462482879365, 6.253462482879634, 6.253462482879645, 6.253462482879462, 6.253462482879564, 6.253462482879265, 6.253462482879514, 6.253462482879182, 6.2534624828795105, 6.253462482879634, 6.25346372394508, 6.253463723945536, 6.253463723945122, 6.253463723945529, 6.253463723945315, 6.253463723944284, 6.25346372394526, 6.253463723945459, 6.253463723945006, 6.253463723944645, 6.2534637239453525, 6.253463723944886, 6.253463723945339, 6.253463723944984, 6.253463723945369, 6.253463723945085, 6.253463723945005, 6.253463723945405, 6.253463723944991, 6.253463723945166, 6.253463723945377, 6.253465668527761, 6.253465668527318, 6.253465668527314, 6.253465668526686, 6.253465668527581, 6.253465668528525, 6.25346566852787, 6.253465668527935, 6.2534656685276415, 6.253465668527512, 6.253465668527791, 6.2534656685273635, 6.253465668527634, 6.253465668527638, 6.253465668527809, 6.253465668527756, 6.253465668527659, 6.25346566852784, 6.253465668527538, 6.253465668527562, 6.253465668527469, 6.253465942159409, 6.253465942160035, 6.253465942159586, 6.253465942160878, 6.253465942159587, 6.2534659421580745, 6.253465942159287, 6.253465942159471, 6.2534659421597025, 6.253465942159844, 6.253465942159295, 6.253465942159528, 6.2534659421597745, 6.253465942158926, 6.253465942159637, 6.253465942159411, 6.253465942159662, 6.253465942159638, 6.253465942159178, 6.253465942159709, 6.253465942159791, 6.25346248525446, 6.253462485253506, 6.253462485254464, 6.253462485252286, 6.25346248525356, 6.253462485256824, 6.2534624852543, 6.253462485254247, 6.253462485254253, 6.253462485254568, 6.253462485254362, 6.253462485254246, 6.25346248525389, 6.253462485254965, 6.253462485253949, 6.25346248525447, 6.253462485254173, 6.2534624852541105, 6.253462485254091, 6.253462485254, 6.253462485253709, 6.25345238337961, 6.2534523833812115, 6.253452383380015, 6.253452383383464, 6.253452383381156, 6.253452383376056, 6.253452383379245, 6.253452383379396, 6.25345238337995, 6.253452383380216, 6.2534523833795825, 6.253452383380343, 6.253452383380428, 6.253452383379211, 6.2534523833800995, 6.2534523833796, 6.253452383380121, 6.25345238338012, 6.253452383379918, 6.253452383380318, 6.253452383380645, 6.253423836665722, 6.253423836662736, 6.253423836664935, 6.253423836659472, 6.253423836663521, 6.253423836671632, 6.253423836666083, 6.253423836665742, 6.2534238366649575, 6.253423836664932, 6.253423836665824, 6.253423836665057, 6.253423836664153, 6.253423836667298, 6.253423836664686, 6.25342383666572, 6.253423836664766, 6.253423836665021, 6.253423836665764, 6.2534238366643216, 6.253423836663716, 6.25333767757557, 6.253337677580064, 6.253337677576645, 6.253337677586373, 6.2533376775793705, 6.2533376775652085, 6.253337677575291, 6.253337677575764, 6.253337677576933, 6.253337677576807, 6.253337677575575, 6.253337677577199, 6.253337677578195, 6.25333767757346, 6.253337677577402, 6.253337677575567, 6.253337677577221, 6.253337677577104, 6.253337677576802, 6.253337677577781, 6.253337677578871, 6.253072815031244, 6.2530728150227315, 6.253072815029325, 6.253072815012391, 6.253072815024647, 6.253072815049408, 6.253072815032023, 6.253072815031131, 6.253072815029186, 6.25307281502901, 6.253072815031249, 6.253072815028475, 6.253072815026777, 6.2530728150344155, 6.2530728150280925, 6.253072815031248, 6.253072815028935, 6.253072815028657, 6.253072815030611, 6.2530728150274095, 6.253072815025552, 6.252270651607237, 6.252270651621636, 6.252270651610935, 6.252270651640112, 6.2522706516183835, 6.252270651575884, 6.252270651605859, 6.252270651607385, 6.252270651611024, 6.252270651611051, 6.252270651607011, 6.252270651611777, 6.252270651615168, 6.252270651600809, 6.252270651612547, 6.2522706516072315, 6.252270651612006, 6.25227065161152, 6.252270651609601, 6.252270651614143, 6.252270651617299, 6.250075876717812, 6.250075876693388, 6.2500758767118025, 6.250075876663358, 6.250075876697431, 6.250075876770195, 6.250075876720122, 6.250075876717462, 6.2500758767112155, 6.250075876710942, 6.250075876717928, 6.250075876709799, 6.250075876704211, 6.250075876728715, 6.250075876708325, 6.2500758767178155, 6.250075876710077, 6.25007587671009, 6.250075876714289, 6.250075876706201, 6.250075876700688, 6.246023154264505, 6.24602315430048, 6.246023154273023, 6.246023154343664, 6.246023154298114, 6.246023154188521, 6.24602315425972, 6.24602315426363, 6.24602315427474, 6.246023154275718, 6.24602315426374, 6.246023154277227, 6.246023154285611, 6.246023154247227, 6.246023154278928, 6.246023154264498, 6.246023154276543, 6.246023154276033, 6.246023154270767, 6.246023154282817, 6.246023154291113, 6.2439065595772485, 6.243906559537493, 6.243906559569004, 6.243906559493393, 6.2439065595291865, 6.243906559657451, 6.243906559585705, 6.243906559580906, 6.2439065595649454, 6.243906559562427, 6.243906559579113, 6.2439065595622925, 6.243906559550831, 6.243906559601064, 6.243906559559918, 6.243906559577245, 6.243906559562466, 6.243906559563591, 6.243906559568055, 6.243906559554449, 6.243906559544715, 6.248518768790843, 6.2485187688157495, 6.248518768791674, 6.248518768839648, 6.248518768842058, 6.248518768744358, 6.248518768779484, 6.248518768782609, 6.248518768799713, 6.2485187688039625, 6.248518768787948, 6.248518768801894, 6.248518768811006, 6.248518768768804, 6.248518768803682, 6.248518768790852, 6.248518768803408, 6.2485187687999035, 6.2485187687988955, 6.248518768808564, 6.24851876881523, 6.252787697662028, 6.252787697666264, 6.252787697671765, 6.2527876976681185, 6.25278769763726, 6.252787697656358, 6.2527876976722245, 6.2527876976726064, 6.252787697662919, 6.252787697659851, 6.252787697665429, 6.252787697662812, 6.252787697659525, 6.252787697671521, 6.252787697662433, 6.252787697662032, 6.252787697656446, 6.252787697664296, 6.252787697660364, 6.252787697659787, 6.252787697660855, 6.250426912138639, 6.250426912113964, 6.250426912126825, 6.250426912092094, 6.250426912119725, 6.250426912181087, 6.2504269121389004, 6.250426912135564, 6.250426912128258, 6.250426912127616, 6.250426912137671, 6.250426912126489, 6.250426912122802, 6.250426912148065, 6.250426912127539, 6.250426912138648, 6.250426912133011, 6.2504269121286935, 6.25042691213282, 6.250426912125127, 6.250426912118015, 6.248157882937022, 6.248157882962253, 6.2481578829376545, 6.248157882989442, 6.248157882986652, 6.248157882887854, 6.2481578829234, 6.248157882926683, 6.248157882947102, 6.248157882950348, 6.248157882933512, 6.248157882947522, 6.2481578829580275, 6.248157882912526, 6.248157882949149, 6.2481578829370195, 6.2481578829506, 6.248157882944829, 6.2481578829438025, 6.248157882955694, 6.248157882962399, 6.250870944939389, 6.25087094493051, 6.250870944951485, 6.250870944916115, 6.2508709448918545, 6.250870944963735, 6.250870944955256, 6.250870944954451, 6.250870944938522, 6.250870944933689, 6.250870944944624, 6.250870944937587, 6.25087094492814, 6.2508709449596855, 6.250870944933669, 6.250870944939384, 6.250870944926607, 6.250870944937388, 6.2508709449339594, 6.250870944929549, 6.250870944928166, 6.252900420604475, 6.252900420594495, 6.252900420593179, 6.252900420586499, 6.2529004206141865, 6.252900420619245, 6.252900420600161, 6.25290042059865, 6.252900420598268, 6.252900420601356, 6.252900420602031, 6.252900420599934, 6.252900420600117, 6.2529004206034315, 6.252900420601424, 6.252900420604472, 6.2529004206056245, 6.252900420601075, 6.252900420604488, 6.252900420600849, 6.2529004205975385, 6.250627035823563, 6.2506270358421645, 6.250627035821966, 6.250627035862817, 6.250627035860972, 6.250627035785355, 6.250627035814024, 6.250627035815933, 6.25062703582885, 6.250627035832069, 6.25062703582128, 6.250627035830159, 6.250627035837882, 6.250627035806865, 6.250627035832739, 6.250627035823563, 6.250627035834624, 6.250627035829887, 6.250627035829705, 6.25062703583601, 6.250627035840534, 6.250258478248789, 6.250258478236104, 6.250258478259641, 6.250258478219907, 6.250258478197254, 6.250258478278344, 6.250258478264013, 6.2502584782624675, 6.250258478246691, 6.250258478240521, 6.2502584782543025, 6.250258478243991, 6.250258478234583, 6.250258478270708, 6.250258478240774, 6.250258478248789, 6.250258478236173, 6.250258478244611, 6.250258478242579, 6.250258478236179, 6.250258478233658, 6.253036517593249, 6.253036517592163, 6.253036517585884, 6.253036517594481, 6.253036517612834, 6.253036517591699, 6.25303651758525, 6.253036517585261, 6.253036517593598, 6.253036517595702, 6.253036517589589, 6.253036517593299, 6.253036517597365, 6.253036517584442, 6.253036517594243, 6.2530365175932525, 6.253036517597579, 6.253036517592592, 6.253036517595323, 6.253036517597023, 6.253036517596502, 6.252354936032739, 6.252354936042475, 6.252354936030026, 6.25235493605462, 6.252354936058507, 6.252354936011433, 6.252354936025766, 6.252354936026948, 6.252354936035588, 6.252354936038491, 6.252354936030006, 6.252354936037182, 6.252354936042, 6.252354936020598, 6.252354936038148, 6.252354936032744, 6.252354936039876, 6.252354936036068, 6.25235493603669, 6.252354936040892, 6.252354936043079, 6.25070132301825, 6.250701323006698, 6.250701323026837, 6.25070132299113, 6.25070132297306, 6.250701323044854, 6.250701323033297, 6.250701323031709, 6.25070132301364, 6.250701323009403, 6.250701323023831, 6.250701323013776, 6.2507013230036765, 6.2507013230388795, 6.250701323010811, 6.250701323018264, 6.2507013230072905, 6.250701323014423, 6.250701323012656, 6.250701323005276, 6.25070132300263, 6.252707257601474, 6.252707257608421, 6.252707257596522, 6.2527072576165095, 6.252707257625395, 6.252707257586519, 6.2527072575938885, 6.252707257594696, 6.25270725760331, 6.252707257605305, 6.252707257599528, 6.252707257603832, 6.252707257608899, 6.252707257591718, 6.252707257605525, 6.252707257601482, 6.252707257607325, 6.252707257603801, 6.252707257605209, 6.252707257607903, 6.252707257609741, 6.253130454964009, 6.253130454966435, 6.253130454959547, 6.2531304549699, 6.25313045498133, 6.25313045495829, 6.253130454957686, 6.253130454958119, 6.253130454965284, 6.253130454966881, 6.253130454961526, 6.253130454964815, 6.2531304549689, 6.253130454956674, 6.253130454966039, 6.253130454964005, 6.2531304549675335, 6.253130454964736, 6.253130454966189, 6.25313045496836, 6.253130454968851, 6.251558101780262, 6.251558101770415, 6.2515581017890645, 6.251558101757575, 6.251558101741708, 6.251558101803359, 6.251558101792617, 6.251558101791461, 6.251558101777981, 6.251558101774226, 6.251558101783939, 6.251558101776666, 6.25155810176885, 6.2515581017964506, 6.251558101774082, 6.25155810178026, 6.251558101770529, 6.251558101776958, 6.251558101774609, 6.251558101770245, 6.251558101767798, 6.252421224828528, 6.252421224839064, 6.252421224826452, 6.252421224852122, 6.252421224850784, 6.25242122480542, 6.252421224822231, 6.25242122482339, 6.252421224831742, 6.252421224833778, 6.252421224826527, 6.252421224832354, 6.252421224837169, 6.252421224817205, 6.252421224834029, 6.252421224828527, 6.2524212248351825, 6.252421224832037, 6.252421224831152, 6.252421224836153, 6.252421224838545, 6.253271366940647, 6.253271366936487, 6.253271366932919, 6.253271366934211, 6.253271366951195, 6.25327136694534, 6.2532713669359135, 6.253271366935281, 6.253271366937918, 6.25327136693952, 6.253271366939103, 6.253271366938481, 6.253271366940011, 6.253271366937367, 6.253271366939774, 6.253271366940633, 6.253271366942589, 6.253271366939067, 6.2532713669408615, 6.253271366940156, 6.253271366938939, 6.252439536705931, 6.252439536700707, 6.252439536714206, 6.252439536690657, 6.252439536677568, 6.252439536721868, 6.2524395367158885, 6.252439536715416, 6.2524395367050065, 6.252439536701943, 6.252439536709842, 6.252439536704623, 6.252439536698781, 6.252439536719209, 6.252439536702307, 6.252439536705932, 6.252439536697968, 6.252439536704791, 6.252439536703006, 6.2524395366995105, 6.25243953669893, 6.2524417188825225, 6.25244171889444, 6.25244171888349, 6.2524417189065735, 6.25244171890232, 6.252441718859886, 6.252441718877389, 6.252441718879009, 6.2524417188868995, 6.252441718888631, 6.252441718880856, 6.252441718887203, 6.252441718892335, 6.252441718872753, 6.252441718888314, 6.252441718882516, 6.252441718887928, 6.2524417188867725, 6.252441718886221, 6.252441718891097, 6.252441718894135, 6.253038217885813, 6.253038217876136, 6.253038217876838, 6.253038217870179, 6.253038217889848, 6.2530382178991015, 6.253038217882111, 6.253038217880783, 6.253038217880935, 6.253038217882371, 6.253038217883702, 6.253038217880798, 6.253038217881106, 6.25303821788472, 6.253038217881945, 6.253038217885812, 6.253038217886772, 6.253038217881526, 6.253038217884233, 6.253038217881802, 6.253038217878543, 6.253054922703657, 6.253054922703002, 6.253054922711138, 6.253054922700707, 6.253054922683645, 6.2530549227076255, 6.25305492271129, 6.253054922711252, 6.253054922704812, 6.253054922701859, 6.253054922706784, 6.253054922704178, 6.253054922699898, 6.253054922711531, 6.253054922702209, 6.253054922703664, 6.253054922699247, 6.253054922703714, 6.253054922701378, 6.253054922700183, 6.253054922700516, 6.252768754653675, 6.25276875466363, 6.2527687546549675, 6.25276875467359, 6.2527687546687565, 6.252768754635071, 6.2527687546499, 6.252768754651268, 6.252768754658142, 6.2527687546589625, 6.252768754652611, 6.252768754658331, 6.252768754662173, 6.252768754646404, 6.252768754658794, 6.252768754653673, 6.252768754657465, 6.252768754657691, 6.252768754657085, 6.25276875466099, 6.252768754663834, 6.252783442173852, 6.252783442161795, 6.252783442165043, 6.252783442151114, 6.252783442174662, 6.252783442194035, 6.252783442170872, 6.252783442169261, 6.252783442167847, 6.252783442169437, 6.252783442171982, 6.252783442168234, 6.252783442167758, 6.252783442175877, 6.252783442169082, 6.252783442173853, 6.252783442172943, 6.252783442169264, 6.2527834421727855, 6.252783442168591, 6.252783442164862, 6.25322540317325, 6.253225403178726, 6.253225403181411, 6.253225403181156, 6.253225403162791, 6.253225403166866, 6.253225403178713, 6.253225403179295, 6.253225403175467, 6.2532254031740075, 6.253225403176032, 6.253225403175888, 6.253225403173473, 6.2532254031770576, 6.253225403174554, 6.253225403173248, 6.253225403171778, 6.253225403175447, 6.253225403172968, 6.253225403173282, 6.253225403175062, 6.25321939009598, 6.253219390101841, 6.253219390096304, 6.253219390108645, 6.25321939010469, 6.253219390084036, 6.253219390093819, 6.253219390094563, 6.253219390098438, 6.253219390098827, 6.253219390095374, 6.2532193900985105, 6.253219390100554, 6.253219390091112, 6.253219390098826, 6.25321939009598, 6.253219390098782, 6.253219390098047, 6.253219390097429, 6.253219390099926, 6.2532193901014415, 6.2527965780439665, 6.252796578031211, 6.252796578035295, 6.252796578021452, 6.252796578042313, 6.2527965780642365, 6.252796578041529, 6.25279657804002, 6.252796578039049, 6.252796578039541, 6.252796578041858, 6.252796578038364, 6.252796578037932, 6.252796578045915, 6.2527965780389385, 6.252796578043973, 6.252796578042269, 6.252796578039049, 6.252796578042063, 6.252796578038794, 6.252796578034974, 6.253077307334664, 6.253077307343877, 6.253077307343234, 6.253077307350311, 6.253077307330935, 6.2530773073212975, 6.2530773073381285, 6.253077307339404, 6.253077307339341, 6.253077307337819, 6.253077307336669, 6.253077307339089, 6.253077307338893, 6.253077307334985, 6.253077307338054, 6.253077307334667, 6.253077307334346, 6.253077307338379, 6.253077307335695, 6.253077307338229, 6.253077307341226, 6.253459110214418, 6.253459110215306, 6.253459110213824, 6.253459110215763, 6.253459110217552, 6.253459110212805, 6.253459110213594, 6.25345911021358, 6.253459110213746, 6.253459110214404, 6.2534591102144725, 6.253459110214246, 6.253459110214633, 6.253459110213444, 6.253459110214703, 6.2534591102144255, 6.253459110215432, 6.25345911021458, 6.253459110214689, 6.253459110214612, 6.253459110214752, 6.253115076068837, 6.2531150760600465, 6.2531150760618335, 6.253115076053039, 6.253115076069694, 6.253115076082506, 6.25311507606673, 6.253115076065545, 6.2531150760642324, 6.253115076065461, 6.25311507606742, 6.253115076064554, 6.253115076064227, 6.253115076069941, 6.2531150760654155, 6.253115076068829, 6.253115076068235, 6.253115076065469, 6.253115076067574, 6.253115076064933, 6.253115076062168, 6.252976213898454, 6.252976213908613, 6.252976213906228, 6.25297621391682, 6.252976213897482, 6.252976213882416, 6.252976213901061, 6.252976213902508, 6.252976213903949, 6.2529762139027225, 6.252976213899896, 6.252976213903718, 6.2529762139041285, 6.252976213897171, 6.252976213902738, 6.25297621389845, 6.252976213898598, 6.25297621390278, 6.252976213899734, 6.252976213903349, 6.252976213906605, 6.253355787641249, 6.253355787636253, 6.253355787638944, 6.253355787632109, 6.253355787638262, 6.253355787649757, 6.253355787641028, 6.25335578764038, 6.253355787639485, 6.253355787639341, 6.253355787641015, 6.253355787638994, 6.253355787638206, 6.2533557876427714, 6.253355787639031, 6.253355787641258, 6.253355787640274, 6.253355787639212, 6.253355787639894, 6.25335578763869, 6.253355787637299, 6.253393689116029, 6.253393689112971, 6.253393689111797, 6.253393689111297, 6.253393689121056, 6.2533936891196875, 6.253393689113308, 6.253393689112794, 6.253393689113854, 6.253393689114994, 6.2533936891147945, 6.253393689113929, 6.253393689114914, 6.253393689114355, 6.253393689114889, 6.253393689116027, 6.2533936891172655, 6.253393689114532, 6.253393689115931, 6.253393689115118, 6.253393689113921, 6.25316178099809, 6.253161781006363, 6.253161781004946, 6.253161781012501, 6.253161780996023, 6.253161780985299, 6.253161781000971, 6.253161781002049, 6.253161781001735, 6.253161781000879, 6.253161780999572, 6.2531617810019995, 6.253161781001999, 6.253161780998131, 6.253161781001324, 6.253161780998089, 6.253161780998067, 6.253161781001573, 6.2531617809994255, 6.253161781001394, 6.253161781003916, 6.253207488398981, 6.253207488391434, 6.253207488395124, 6.2532074883847155, 6.253207488394953, 6.253207488412023, 6.253207488399039, 6.253207488398111, 6.253207488396006, 6.253207488395966, 6.2532074883986875, 6.253207488396012, 6.253207488394625, 6.253207488401883, 6.253207488395857, 6.253207488398978, 6.253207488397239, 6.25320748839624, 6.2532074883978, 6.253207488395204, 6.253207488393183, 6.253360642947576, 6.25336064294989, 6.25336064294574, 6.253360642953075, 6.253360642956488, 6.253360642942299, 6.25336064294461, 6.253360642944894, 6.253360642948513, 6.253360642949279, 6.2533606429466575, 6.253360642948613, 6.253360642950358, 6.2533606429434085, 6.253360642949002, 6.25336064294757, 6.253360642950009, 6.253360642948262, 6.253360642948726, 6.25336064295003, 6.25336064295062, 6.253370737875389, 6.253370737878452, 6.253370737880577, 6.253370737880233, 6.2533707378678605, 6.253370737871583, 6.253370737878848, 6.253370737879225, 6.253370737876846, 6.25337073787583, 6.253370737876693, 6.253370737876768, 6.253370737875512, 6.253370737877872, 6.253370737875987, 6.253370737875389, 6.253370737874157, 6.253370737876566, 6.2533707378750645, 6.253370737875443, 6.2533707378763, 6.253327667905595, 6.253327667899984, 6.25332766790162, 6.253327667895562, 6.253327667905049, 6.253327667914492, 6.253327667904352, 6.253327667903593, 6.253327667902885, 6.2533276679033545, 6.25332766790465, 6.25332766790277, 6.253327667902607, 6.253327667906613, 6.2533276679032594, 6.2533276679056, 6.253327667905085, 6.253327667903329, 6.253327667904831, 6.253327667903043, 6.253327667901232, 6.253288317611969, 6.25328831761679, 6.253288317612036, 6.253288317621488, 6.253288317620687, 6.2532883176030545, 6.253288317609698, 6.253288317610337, 6.2532883176142455, 6.2532883176146274, 6.253288317611584, 6.253288317614309, 6.253288317616146, 6.253288317607819, 6.253288317614588, 6.2532883176119585, 6.253288317614217, 6.253288317613922, 6.253288317613598, 6.253288317615606, 6.253288317617105, 6.253311731833184, 6.2533117318311735, 6.253311731836253, 6.253311731827763, 6.253311731821944, 6.253311731838737, 6.2533117318373685, 6.253311731837117, 6.25331173183271, 6.253311731831484, 6.2533117318348035, 6.253311731832734, 6.25331173183004, 6.253311731838262, 6.253311731831791, 6.253311731833179, 6.253311731830345, 6.253311731832722, 6.253311731831836, 6.253311731830399, 6.253311731830096, 6.253412975620632, 6.2534129756198675, 6.253412975617225, 6.253412975620402, 6.253412975627682, 6.253412975620096, 6.253412975617774, 6.253412975617632, 6.2534129756194945, 6.253412975620755, 6.253412975619195, 6.253412975619768, 6.253412975621287, 6.253412975617809, 6.253412975620637, 6.25341297562063, 6.253412975622285, 6.253412975620093, 6.253412975621086, 6.253412975621277, 6.253412975620692, 6.25343719228599, 6.2534371922885414, 6.253437192287223, 6.253437192290885, 6.253437192287639, 6.253437192281627, 6.253437192285698, 6.253437192286077, 6.253437192287248, 6.253437192287097, 6.253437192286074, 6.253437192286999, 6.253437192287682, 6.25343719228478, 6.253437192286993, 6.2534371922859995, 6.253437192286552, 6.253437192286833, 6.253437192286375, 6.253437192287478, 6.2534371922882555, 6.253337017119369, 6.253337017116288, 6.253337017120945, 6.253337017112502, 6.253337017109849, 6.253337017126278, 6.253337017122259, 6.253337017121932, 6.25333701711878, 6.253337017117572, 6.253337017120534, 6.253337017118325, 6.253337017116289, 6.253337017123618, 6.253337017117577, 6.253337017119361, 6.253337017116796, 6.253337017118319, 6.253337017117934, 6.253337017116679, 6.25333701711613, 6.253307263305783, 6.2533072633083835, 6.2533072633030296, 6.2533072633119255, 6.253307263317135, 6.253307263299373, 6.253307263302108, 6.253307263302414, 6.253307263306289, 6.253307263307738, 6.253307263304336, 6.25330726330668, 6.253307263309057, 6.253307263300783, 6.2533072633076, 6.253307263305789, 6.2533072633086135, 6.253307263306722, 6.253307263307221, 6.2533072633086935, 6.253307263309189, 6.253406764260759, 6.253406764259107, 6.253406764262218, 6.253406764256726, 6.253406764254115, 6.253406764264575, 6.253406764263155, 6.253406764262896, 6.25340676425986, 6.253406764259438, 6.253406764261554, 6.253406764260078, 6.253406764258482, 6.253406764263886, 6.253406764259708, 6.253406764260751, 6.253406764259133, 6.2534067642602835, 6.253406764259929, 6.253406764258755, 6.253406764258299, 6.253467011669429, 6.253467011670149, 6.253467011670367, 6.253467011670528, 6.253467011668724, 6.2534670116686035, 6.253467011669747, 6.253467011669833, 6.253467011669964, 6.253467011669647, 6.253467011669772, 6.25346701166984, 6.253467011669686, 6.253467011669652, 6.253467011669655, 6.253467011669428, 6.253467011669314, 6.253467011669706, 6.253467011669478, 6.253467011669652, 6.2534670116699695, 6.253417493334216, 6.25341749333467, 6.253417493331862, 6.253417493336176, 6.2534174933409234, 6.2534174933321385, 6.25341749333151, 6.253417493331614, 6.253417493334499, 6.253417493335068, 6.253417493333145, 6.253417493334302, 6.253417493335892, 6.253417493331257, 6.253417493334797, 6.253417493334226, 6.253417493335741, 6.2534174933342435, 6.253417493334962, 6.253417493335691, 6.253417493335733, 6.2533704487755735, 6.253370448773529, 6.253370448777528, 6.253370448770939, 6.253370448766679, 6.253370448780293, 6.253370448778652, 6.253370448778408, 6.253370448774948, 6.253370448774053, 6.2533704487765025, 6.25337044877486, 6.253370448772952, 6.253370448779468, 6.253370448774188, 6.253370448775587, 6.253370448773412, 6.253370448774882, 6.253370448774478, 6.25337044877323, 6.253370448772721, 6.253384934989601, 6.253384934992848, 6.253384934989335, 6.253384934996202, 6.253384934996061, 6.2533849349833215, 6.25338493498793, 6.25338493498832, 6.2533849349905815, 6.2533849349912645, 6.2533849349891355, 6.253384934990907, 6.25338493499222, 6.253384934986516, 6.253384934991242, 6.253384934989601, 6.253384934991554, 6.253384934990726, 6.253384934990695, 6.2533849349918755, 6.25338493499267, 6.253414971933391, 6.253414971929991, 6.25341497193166, 6.253414971926817, 6.253414971931845, 6.253414971939403, 6.253414971933236, 6.253414971932793, 6.2534149719319005, 6.253414971931956, 6.2534149719332826, 6.253414971931916, 6.253414971931375, 6.253414971934664, 6.2534149719319485, 6.25341497193339, 6.253414971932708, 6.253414971932141, 6.25341497193288, 6.2534149719316545, 6.25341497193073, 6.253432594443722, 6.253432594446263, 6.253432594446591, 6.2534325944480145, 6.2534325944413025, 6.253432594440133, 6.2534325944451705, 6.2534325944455285, 6.253432594445174, 6.253432594444537, 6.253432594444429, 6.253432594445073, 6.253432594444808, 6.2534325944444085, 6.253432594444682, 6.253432594443719, 6.253432594443188, 6.2534325944449005, 6.253432594443959, 6.253432594444631, 6.253432594445514, 6.253448501573111, 6.253448501572176, 6.253448501570759, 6.253448501572352, 6.253448501577004, 6.253448501573401, 6.253448501571318, 6.253448501571166, 6.253448501572432, 6.253448501573065, 6.2534485015722305, 6.253448501572441, 6.253448501573257, 6.253448501571442, 6.253448501572952, 6.253448501573108, 6.253448501574072, 6.253448501572608, 6.25344850157317, 6.253448501573279, 6.253448501572832, 6.253450192991011, 6.253450192989739, 6.253450192991494, 6.253450192988326, 6.253450192987568, 6.253450192993671, 6.253450192992116, 6.253450192991951, 6.2534501929905835, 6.253450192990297, 6.253450192991418, 6.253450192990487, 6.253450192989623, 6.253450192992493, 6.253450192990266, 6.253450192991024, 6.253450192990226, 6.253450192990521, 6.253450192990322, 6.253450192989802, 6.253450192989496, 6.253424625364126, 6.253424625367267, 6.253424625365728, 6.253424625369656, 6.25342462536601, 6.253424625359173, 6.253424625364133, 6.253424625364609, 6.253424625365598, 6.253424625365549, 6.253424625364334, 6.253424625365594, 6.25342462536618, 6.253424625363067, 6.253424625365525, 6.253424625364119, 6.2534246253646035, 6.253424625365419, 6.253424625364862, 6.253424625365895, 6.253424625366875, 6.253398361824504, 6.253398361820543, 6.253398361821686, 6.25339836181727, 6.2533983618242015, 6.25339836183085, 6.253398361823725, 6.25339836182321, 6.253398361822502, 6.253398361822844, 6.253398361823987, 6.253398361822558, 6.253398361822398, 6.253398361825351, 6.25339836182288, 6.253398361824505, 6.253398361824021, 6.253398361822939, 6.253398361823994, 6.253398361822689, 6.253398361821498, 6.253404864867317, 6.253404864871135, 6.253404864870051, 6.253404864874319, 6.2534048648674725, 6.253404864861054, 6.25340486486813, 6.253404864868629, 6.2534048648690375, 6.253404864868706, 6.2534048648679175, 6.253404864869139, 6.253404864869223, 6.253404864866606, 6.253404864868837, 6.253404864867316, 6.253404864867748, 6.2534048648687826, 6.253404864867755, 6.253404864868934, 6.253404864870099, 6.2534351626414555, 6.2534351626386115, 6.2534351626398745, 6.253435162636371, 6.253435162640231, 6.253435162646036, 6.2534351626412485, 6.253435162640875, 6.253435162640293, 6.253435162640392, 6.253435162641123, 6.253435162640206, 6.2534351626398434, 6.2534351626421305, 6.253435162640265, 6.2534351626414555, 6.253435162641005, 6.253435162640316, 6.2534351626408355, 6.253435162640067, 6.253435162639192, 6.253457295409561, 6.2534572954108505, 6.253457295409567, 6.253457295412032, 6.253457295411843, 6.253457295407284, 6.253457295408901, 6.253457295409085, 6.253457295410166, 6.253457295410313, 6.253457295409337, 6.253457295410091, 6.253457295410751, 6.2534572954084755, 6.253457295410245, 6.253457295409556, 6.253457295410131, 6.253457295410076, 6.253457295410066, 6.2534572954105885, 6.253457295410929, 6.25346023562009, 6.253460235620367, 6.253460235621398, 6.253460235620015, 6.253460235617183, 6.253460235620349, 6.253460235621295, 6.253460235621321, 6.253460235620209, 6.253460235619843, 6.253460235620699, 6.253460235620222, 6.253460235619608, 6.25346023562143, 6.253460235619993, 6.253460235620078, 6.253460235619465, 6.253460235620241, 6.253460235619933, 6.253460235619626, 6.253460235619783, 6.25345616151429, 6.253456161513073, 6.253456161512366, 6.253456161512541, 6.253456161516912, 6.253456161515591, 6.253456161513062, 6.253456161512879, 6.253456161513491, 6.253456161513982, 6.253456161513702, 6.253456161513646, 6.253456161514014, 6.253456161513462, 6.253456161513934, 6.253456161514301, 6.253456161514865, 6.253456161513749, 6.253456161514346, 6.253456161514067, 6.253456161513619, 6.253454669481803, 6.253454669483478, 6.25345466948352, 6.253454669484799, 6.253454669480887, 6.253454669479265, 6.253454669482566, 6.253454669482833, 6.253454669482847, 6.253454669482486, 6.253454669482138, 6.25345466948281, 6.25345466948267, 6.253454669481867, 6.25345466948247, 6.253454669481801, 6.253454669481648, 6.253454669482514, 6.253454669481936, 6.2534546694825295, 6.253454669483097, 6.2534498819986775, 6.253449881996607, 6.2534498819977795, 6.253449881994878, 6.25344988199711, 6.2534498820021645, 6.253449881998742, 6.253449881998476, 6.2534498819978594, 6.253449881997765, 6.253449881998577, 6.253449881997729, 6.253449881997396, 6.2534498819994955, 6.253449881997733, 6.253449881998682, 6.253449881998195, 6.253449881997834, 6.253449881998216, 6.253449881997582, 6.253449881996976, 6.253435570716985, 6.253435570719189, 6.25343557071694, 6.2534355707213285, 6.253435570720783, 6.253435570712819, 6.25343557071596, 6.25343557071624, 6.25343557071769, 6.2534355707180325, 6.253435570716766, 6.253435570717742, 6.253435570718697, 6.2534355707151565, 6.253435570718076, 6.253435570716987, 6.2534355707181435, 6.253435570717762, 6.253435570717694, 6.253435570718476, 6.25343557071904, 6.253415361467275, 6.253415361465118, 6.253415361467914, 6.253415361462451, 6.253415361461753, 6.253415361471897, 6.253415361469001, 6.253415361468735, 6.253415361466393, 6.253415361465996, 6.253415361467835, 6.2534153614664145, 6.253415361465141, 6.2534153614699575, 6.253415361466081, 6.253415361467286, 6.253415361465777, 6.253415361466536, 6.25341536146649, 6.253415361465408, 6.253415361464854, 6.2533962239939305, 6.2533962239964485, 6.253396223993201, 6.253396223999337, 6.253396224000506, 6.253396223988723, 6.253396223991947, 6.253396223992293, 6.2533962239949314, 6.253396223995536, 6.253396223993283, 6.253396223995064, 6.253396223996457, 6.2533962239908325, 6.253396223995376, 6.2533962239939385, 6.253396223995575, 6.253396223994848, 6.253396223994857, 6.25339622399617, 6.2533962239968135, 6.25337785840054, 6.253377858397246, 6.253377858400898, 6.2533778583939466, 6.253377858393806, 6.253377858406809, 6.253377858402408, 6.253377858401968, 6.253377858399368, 6.253377858398738, 6.253377858401109, 6.253377858399192, 6.253377858397643, 6.253377858403716, 6.25337785839883, 6.253377858400546, 6.25337785839871, 6.2533778583993405, 6.253377858399332, 6.253377858398005, 6.253377858397139, 6.253351511074897, 6.253351511079082, 6.2533515110753415, 6.253351511083307, 6.253351511081273, 6.253351511066998, 6.253351511073304, 6.253351511073826, 6.253351511076522, 6.2533515110769535, 6.253351511074489, 6.253351511076539, 6.253351511078156, 6.2533515110716635, 6.253351511076938, 6.2533515110749, 6.253351511076728, 6.253351511076412, 6.253351511076109, 6.253351511077744, 6.253351511078829, 6.253303206694252, 6.253303206688911, 6.253303206692815, 6.253303206683743, 6.253303206688051, 6.253303206704018, 6.253303206695506, 6.2533032066948335, 6.253303206692002, 6.253303206691726, 6.2533032066944285, 6.2533032066919105, 6.253303206690431, 6.253303206697631, 6.2533032066917285, 6.253303206694246, 6.253303206692332, 6.253303206692247, 6.253303206692981, 6.253303206690928, 6.253303206689438, 6.253217129537723, 6.253217129544576, 6.253217129540063, 6.253217129550817, 6.253217129544446, 6.253217129525771, 6.2532171295367, 6.253217129537602, 6.253217129540689, 6.253217129540952, 6.253217129537784, 6.253217129540893, 6.253217129542463, 6.253217129533939, 6.253217129540923, 6.253217129537719, 6.25321712953987, 6.253217129540354, 6.2532171295393395, 6.253217129541858, 6.25321712954386, 6.253065783850988, 6.253065783842273, 6.2530657838479, 6.253065783834402, 6.253065783842736, 6.253065783866142, 6.253065783852205, 6.253065783851026, 6.253065783847113, 6.253065783846886, 6.2530657838509045, 6.253065783847022, 6.253065783844949, 6.253065783855619, 6.253065783846948, 6.253065783850997, 6.253065783848432, 6.253065783847602, 6.253065783848947, 6.253065783845766, 6.253065783843208, 6.252795896461508, 6.252795896472599, 6.2527958964652095, 6.252795896482898, 6.252795896472602, 6.252795896441874, 6.252795896459624, 6.2527958964610555, 6.252795896466401, 6.252795896466728, 6.2527958964613815, 6.252795896466481, 6.252795896469309, 6.252795896455311, 6.25279589646668, 6.2527958964615085, 6.252795896464943, 6.252795896465765, 6.252795896464191, 6.252795896468279, 6.25279589647145, 6.252305925450723, 6.252305925436373, 6.252305925446526, 6.252305925423086, 6.2523059254347855, 6.252305925476203, 6.252305925453681, 6.252305925451791, 6.252305925444663, 6.252305925443861, 6.25230592545105, 6.252305925444331, 6.252305925440439, 6.252305925459384, 6.252305925443958, 6.252305925450729, 6.252305925445931, 6.252305925445235, 6.2523059254471525, 6.25230592544178, 6.252305925437723, 6.251450341465487, 6.251450341484003, 6.25145034147022, 6.2514503415012, 6.251450341488138, 6.2514503414325615, 6.25145034146093, 6.251450341463305, 6.251450341473382, 6.251450341474692, 6.251450341464811, 6.251450341473819, 6.251450341479107, 6.251450341453477, 6.25145034147439, 6.251450341465489, 6.251450341472281, 6.251450341472511, 6.251450341470349, 6.251450341477344, 6.25145034148257, 6.250076480093798, 6.250076480070352, 6.250076480088552, 6.25007648004853, 6.250076480062698, 6.250076480135521, 6.250076480100546, 6.250076480097454, 6.250076480083592, 6.250076480081787, 6.250076480094878, 6.250076480083216, 6.250076480076098, 6.250076480110133, 6.250076480082337, 6.250076480093785, 6.250076480084725, 6.2500764800847906, 6.250076480087536, 6.250076480078361, 6.250076480071667, 6.2483729645247985, 6.2483729645531, 6.248372964530426, 6.24837296457907, 6.248372964564562, 6.248372964474706, 6.248372964515554, 6.248372964519209, 6.248372964537265, 6.248372964539809, 6.248372964523189, 6.248372964537631, 6.248372964546628, 6.248372964503952, 6.248372964538805, 6.248372964524795, 6.24837296453648, 6.248372964535414, 6.248372964532646, 6.248372964543826, 6.248372964551911, 6.247264253165469, 6.247264253134843, 6.247264253159996, 6.2472642531071205, 6.2472642531194325, 6.247264253218906, 6.247264253176705, 6.2472642531726645, 6.247264253151841, 6.247264253148563, 6.2472642531674545, 6.24726425315151, 6.247264253141413, 6.24726425318941, 6.247264253150157, 6.247264253165469, 6.247264253152007, 6.247264253153758, 6.247264253156739, 6.247264253144397, 6.247264253135599, 6.248246784159227, 6.248246784186765, 6.248246784163207, 6.248246784210762, 6.248246784204074, 6.248246784111957, 6.24824678414792, 6.2482467841514255, 6.248246784171673, 6.248246784175105, 6.248246784157321, 6.248246784171929, 6.2482467841812825, 6.2482467841363025, 6.248246784173372, 6.248246784159223, 6.24824678417223, 6.24824678416959, 6.248246784167276, 6.248246784178535, 6.248246784186571, 6.251134940538352, 6.251134940520972, 6.2511349405370416, 6.251134940505134, 6.251134940507024, 6.251134940568572, 6.251134940547444, 6.251134940545233, 6.251134940530007, 6.251134940527606, 6.251134940540024, 6.251134940530307, 6.251134940523696, 6.251134940554775, 6.2511349405293455, 6.251134940538349, 6.251134940528861, 6.2511349405319585, 6.251134940533063, 6.2511349405254775, 6.2511349405204, 6.253300308620708, 6.253300308623937, 6.25330030861886, 6.2533003086278205, 6.253300308631243, 6.253300308614106, 6.2533003086168275, 6.253300308617245, 6.253300308622243, 6.253300308622927, 6.253300308619861, 6.253300308621794, 6.2533003086242855, 6.253300308615503, 6.253300308622557, 6.253300308620708, 6.253300308623555, 6.253300308621642, 6.253300308621788, 6.253300308623931, 6.253300308624922, 6.252862201813176, 6.252862201823581, 6.252862201817493, 6.252862201832184, 6.252862201824274, 6.25286220179661, 6.252862201810753, 6.25286220181213, 6.252862201818561, 6.252862201819205, 6.2528622018131115, 6.252862201818133, 6.252862201820682, 6.25286220180617, 6.252862201818078, 6.252862201813168, 6.252862201816964, 6.25286220181705, 6.252862201815279, 6.252862201819823, 6.252862201822971, 6.250962425080881, 6.250962425060858, 6.250962425076197, 6.2509624250441815, 6.250962425051901, 6.250962425113996, 6.250962425087827, 6.2509624250852, 6.25096242507134, 6.2509624250697975, 6.250962425081265, 6.250962425071527, 6.250962425065622, 6.250962425096043, 6.250962425071096, 6.250962425080879, 6.25096242507221, 6.250962425073421, 6.250962425075489, 6.250962425067557, 6.250962425061394, 6.250097587954304, 6.250097587976819, 6.250097587957646, 6.250097587995947, 6.250097587989733, 6.250097587916227, 6.250097587945346, 6.250097587948042, 6.250097587964508, 6.250097587967112, 6.250097587953476, 6.25009758796484, 6.250097587971845, 6.250097587936222, 6.250097587965902, 6.2500975879543095, 6.2500975879650795, 6.25009758796298, 6.250097587961057, 6.250097587969568, 6.250097587976356, 6.251357808598014, 6.2513578085809955, 6.251357808596374, 6.251357808565721, 6.251357808569432, 6.251357808627481, 6.251357808606202, 6.251357808604071, 6.251357808590038, 6.251357808587669, 6.251357808599562, 6.251357808590534, 6.251357808584094, 6.251357808613496, 6.251357808589234, 6.251357808598017, 6.2513578085892085, 6.251357808591675, 6.251357808593428, 6.251357808585728, 6.251357808580824, 6.253115304573614, 6.2531153045796, 6.253115304573266, 6.253115304585472, 6.253115304587409, 6.253115304562899, 6.2531153045693575, 6.253115304570233, 6.253115304576563, 6.253115304577663, 6.253115304572303, 6.253115304576254, 6.253115304579396, 6.253115304566773, 6.253115304576729, 6.253115304573622, 6.253115304577291, 6.253115304575607, 6.253115304575855, 6.253115304578697, 6.2531153045802865, 6.253288833255042, 6.2532888332609025, 6.253288833257739, 6.253288833266046, 6.253288833259964, 6.253288833245568, 6.253288833254133, 6.253288833254932, 6.253288833258276, 6.253288833258156, 6.253288833255278, 6.253288833257698, 6.253288833258948, 6.2532888332514025, 6.253288833257551, 6.2532888332550485, 6.25328883325716, 6.253288833257028, 6.253288833256011, 6.253288833258459, 6.253288833260236, 6.252095383125839, 6.252095383110913, 6.25209538312173, 6.252095383099095, 6.252095383104279, 6.25209538314982, 6.252095383130813, 6.252095383128856, 6.25209538311866, 6.25209538311722, 6.252095383126234, 6.252095383118659, 6.252095383114483, 6.252095383137057, 6.252095383118466, 6.252095383125825, 6.252095383119519, 6.25209538312021, 6.252095383121659, 6.2520953831159085, 6.252095383111404, 6.251344044963285, 6.251344044981433, 6.251344044966883, 6.251344044995747, 6.251344044990962, 6.251344044933868, 6.251344044956234, 6.251344044958443, 6.2513440449715585, 6.251344044974088, 6.251344044962487, 6.251344044971935, 6.251344044977426, 6.251344044948908, 6.25134404497273, 6.251344044963298, 6.251344044971617, 6.251344044970484, 6.251344044968473, 6.25134404497572, 6.251344044981164, 6.252010234286639, 6.252010234272195, 6.252010234284672, 6.252010234259238, 6.252010234263756, 6.252010234311354, 6.252010234293123, 6.252010234291281, 6.252010234279559, 6.252010234277984, 6.252010234287699, 6.252010234280212, 6.252010234274997, 6.2520102342991795, 6.252010234279414, 6.252010234286627, 6.252010234279447, 6.25201023428143, 6.252010234282606, 6.252010234276425, 6.252010234272213, 6.253167208962068, 6.253167208968256, 6.253167208962237, 6.253167208974024, 6.253167208973868, 6.253167208951025, 6.253167208958667, 6.25316720895948, 6.253167208965064, 6.253167208965614, 6.253167208961541, 6.253167208964634, 6.2531672089672075, 6.253167208956089, 6.253167208965177, 6.253167208962065, 6.2531672089654275, 6.253167208964205, 6.2531672089638235, 6.253167208966572, 6.2531672089683905, 6.253403553547372, 6.253403553550802, 6.2534035535489805, 6.253403553554086, 6.253403553550188, 6.253403553541493, 6.253403553546849, 6.2534035535474155, 6.253403553549451, 6.253403553549211, 6.253403553547257, 6.2534035535487735, 6.253403553549805, 6.253403553545201, 6.253403553548713, 6.253403553547366, 6.253403553548313, 6.253403553548451, 6.253403553547864, 6.253403553549502, 6.253403553550451, 6.25269431978597, 6.252694319774669, 6.252694319783026, 6.252694319765578, 6.252694319770122, 6.252694319804396, 6.252694319789646, 6.25269431978831, 6.252694319780736, 6.252694319779669, 6.252694319786106, 6.252694319780623, 6.252694319777573, 6.252694319794244, 6.25269431978025, 6.252694319785983, 6.252694319781081, 6.25269431978158, 6.252694319782853, 6.252694319778625, 6.252694319775209, 6.252116585238837, 6.252116585253695, 6.25211658524221, 6.2521165852648775, 6.252116585260484, 6.252116585215404, 6.252116585233418, 6.252116585235182, 6.252116585245541, 6.2521165852475615, 6.252116585238695, 6.252116585245943, 6.252116585249972, 6.2521165852274105, 6.252116585246335, 6.2521165852388325, 6.252116585245764, 6.252116585244615, 6.252116585243036, 6.252116585248598, 6.252116585253187, 6.25238550531634, 6.252385505303463, 6.252385505313477, 6.252385505292694, 6.252385505297055, 6.252385505337162, 6.252385505321537, 6.252385505319854, 6.252385505309622, 6.252385505308565, 6.252385505316739, 6.252385505310493, 6.252385505306368, 6.252385505327058, 6.252385505310106, 6.252385505316353, 6.252385505310213, 6.252385505311846, 6.2523855053132005, 6.252385505307575, 6.2523855053036295, 6.253120777637478, 6.2531207776445905, 6.25312077763897, 6.253120777650827, 6.25312077764859, 6.2531207776254965, 6.2531207776344315, 6.253120777635299, 6.253120777641289, 6.2531207776416755, 6.253120777637275, 6.25312077764084, 6.253120777643097, 6.253120777631463, 6.253120777641087, 6.253120777637481, 6.253120777640974, 6.253120777640148, 6.253120777639392, 6.2531207776423825, 6.25312077764461, 6.253468133005217, 6.253468133005087, 6.253468133005481, 6.253468133005606, 6.253468133004945, 6.2534681330051445, 6.2534681330051685, 6.253468133005244, 6.253468133005772, 6.253468133005329, 6.253468133005024, 6.2534681330050965, 6.253468133005287, 6.253468133004966, 6.253468133004963, 6.253468133005216, 6.253468133005209, 6.253468133004952, 6.253468133004931, 6.253468133005277, 6.25346813300521, 6.253176113828423, 6.253176113821722, 6.253176113826845, 6.253176113816359, 6.253176113818381, 6.253176113839357, 6.253176113831083, 6.253176113830332, 6.253176113825084, 6.253176113824482, 6.253176113828456, 6.253176113825126, 6.253176113823236, 6.25317611383387, 6.253176113824904, 6.253176113828426, 6.253176113825268, 6.253176113825812, 6.25317611382659, 6.253176113823886, 6.253176113821733, 6.252707278389785, 6.25270727840099, 6.252707278392081, 6.252707278409447, 6.252707278406231, 6.252707278372186, 6.252707278385651, 6.252707278387008, 6.2527072783947375, 6.25270727839618, 6.2527072783898126, 6.252707278395044, 6.2527072783981135, 6.252707278381312, 6.252707278395361, 6.2527072783897895, 6.252707278394973, 6.252707278394095, 6.2527072783929665, 6.252707278397095, 6.252707278400594, 6.252603519679767, 6.252603519667994, 6.252603519677012, 6.252603519658366, 6.252603519662762, 6.252603519698852, 6.252603519684114, 6.252603519682627, 6.252603519673906, 6.252603519672857, 6.252603519680045, 6.252603519674465, 6.252603519670899, 6.252603519689043, 6.252603519674059, 6.2526035196797665, 6.2526035196743015, 6.252603519675549, 6.252603519676728, 6.252603519672016, 6.252603519668492, 6.25293440202097, 6.252934402030168, 6.252934402023726, 6.252934402037727, 6.2529344020337785, 6.25293440200605, 6.252934402017697, 6.2529344020188375, 6.2529344020257405, 6.252934402026455, 6.252934402020743, 6.252934402025371, 6.252934402027972, 6.252934402013629, 6.252934402025619, 6.252934402020969, 6.252934402025141, 6.252934402024495, 6.252934402023233, 6.252934402027121, 6.252934402029928, 6.253337617268821, 6.253337617263806, 6.253337617266808, 6.253337617260582, 6.253337617262927, 6.25333761727604, 6.253337617269985, 6.253337617269369, 6.253337617266559, 6.253337617265953, 6.253337617268616, 6.253337617266187, 6.253337617265298, 6.2533376172718915, 6.253337617266409, 6.253337617268815, 6.253337617266928, 6.253337617266862, 6.253337617267488, 6.253337617265725, 6.253337617264107, 6.253461073011104, 6.253461073010994, 6.253461073012016, 6.2534610730103015, 6.253461073008675, 6.25346107301208, 6.253461073012225, 6.253461073012279, 6.253461073011055, 6.2534610730107945, 6.253461073011587, 6.253461073011034, 6.253461073010447, 6.253461073012379, 6.25346107301076, 6.253461073011113, 6.253461073010363, 6.253461073011046, 6.253461073010891, 6.253461073010511, 6.2534610730105324, 6.2532748555891535, 6.25327485559412, 6.2532748555891615, 6.253274855598021, 6.253274855599126, 6.253274855581111, 6.2532748555861835, 6.25327485558683, 6.253274855591206, 6.253274855592372, 6.253274855588586, 6.253274855591458, 6.253274855593419, 6.253274855584397, 6.253274855591702, 6.253274855589155, 6.25327485559186, 6.253274855590982, 6.253274855590853, 6.253274855592931, 6.253274855594376, 6.253007899547855, 6.2530078995399565, 6.253007899547243, 6.253007899533266, 6.253007899533756, 6.253007899561109, 6.25300789955188, 6.253007899550928, 6.253007899544055, 6.253007899542968, 6.253007899548544, 6.253007899544392, 6.253007899541295, 6.253007899555073, 6.253007899543729, 6.253007899547854, 6.253007899543691, 6.253007899544911, 6.253007899545411, 6.253007899542096, 6.253007899539802, 6.252890765977148, 6.252890765986054, 6.2528907659782345, 6.25289076599394, 6.252890765992038, 6.252890765961833, 6.252890765972872, 6.252890765973928, 6.2528907659815856, 6.252890765982533, 6.252890765976523, 6.252890765981177, 6.25289076598443, 6.252890765969017, 6.252890765981888, 6.252890765977148, 6.252890765981897, 6.252890765980564, 6.252890765979708, 6.252890765983524, 6.252890765986191, 6.252992495032045, 6.252992495023491, 6.252992495030503, 6.252992495016702, 6.252992495018523, 6.25299249504581, 6.252992495035681, 6.252992495034631, 6.252992495028119, 6.252992495026955, 6.252992495032324, 6.252992495028036, 6.252992495025477, 6.252992495039128, 6.252992495027801, 6.2529924950320455, 6.252992495027902, 6.252992495028937, 6.252992495029744, 6.252992495026259, 6.252992495023668, 6.253215209829901, 6.253215209836458, 6.253215209831726, 6.253215209841177, 6.253215209839412, 6.253215209819973, 6.253215209827577, 6.253215209828396, 6.253215209832992, 6.253215209833759, 6.253215209829948, 6.253215209833029, 6.25321520983471, 6.253215209825034, 6.253215209833044, 6.253215209829905, 6.253215209832923, 6.253215209832335, 6.253215209831674, 6.253215209834113, 6.253215209836159, 6.253402785806591, 6.2534027858030035, 6.253402785804798, 6.253402785800453, 6.2534027858031855, 6.253402785811906, 6.2534027858072525, 6.253402785806852, 6.253402785804542, 6.253402785804574, 6.25340278580628, 6.2534027858049175, 6.253402785804202, 6.253402785808903, 6.2534027858048375, 6.253402785806598, 6.253402785805193, 6.253402785805207, 6.253402785805845, 6.25340278580452, 6.253402785803327, 6.253460713842659, 6.253460713843324, 6.253460713844305, 6.253460713843478, 6.253460713840223, 6.253460713842198, 6.253460713843793, 6.253460713843904, 6.253460713843232, 6.2534607138427525, 6.253460713843292, 6.253460713843142, 6.253460713842486, 6.253460713843456, 6.253460713842678, 6.253460713842653, 6.25346071384223, 6.2534607138428715, 6.2534607138423475, 6.253460713842491, 6.25346071384282, 6.25338947027946, 6.253389470281352, 6.253389470277717, 6.253389470283732, 6.253389470286787, 6.253389470275257, 6.253389470276583, 6.2533894702768125, 6.253389470280374, 6.25338947028104, 6.253389470278476, 6.2533894702799415, 6.253389470281915, 6.25338947027576, 6.2533894702807675, 6.253389470279461, 6.25338947028149, 6.253389470280128, 6.253389470280422, 6.253389470281638, 6.2533894702820305, 6.253250208164897, 6.253250208160988, 6.2532502081670165, 6.2532502081566115, 6.253250208153123, 6.253250208172709, 6.253250208169092, 6.253250208168632, 6.253250208163196, 6.2532502081620915, 6.253250208166085, 6.253250208163374, 6.253250208160681, 6.253250208170533, 6.25325020816263, 6.253250208164898, 6.253250208161652, 6.253250208163619, 6.253250208163312, 6.253250208161168, 6.253250208160133, 6.253111966894644, 6.2531119668997945, 6.2531119668920985, 6.253111966905103, 6.253111966909765, 6.253111966884536, 6.253111966889428, 6.253111966890029, 6.253111966896669, 6.253111966898222, 6.2531119668932655, 6.25311196689677, 6.253111966900022, 6.253111966887504, 6.2531119668977935, 6.2531119668946396, 6.2531119668987465, 6.253111966896574, 6.253111966896831, 6.253111966899399, 6.253111966900808, 6.2530181576701604, 6.253018157664723, 6.253018157673222, 6.253018157658706, 6.253018157653134, 6.2530181576812, 6.253018157676195, 6.253018157675596, 6.253018157667834, 6.253018157666151, 6.253018157671974, 6.253018157668114, 6.2530181576641155, 6.25301815767838, 6.253018157666672, 6.253018157670155, 6.253018157665457, 6.253018157668092, 6.253018157667659, 6.25301815766482, 6.253018157663429, 6.252979158870982, 6.252979158876142, 6.252979158867081, 6.25297915888228, 6.252979158889105, 6.252979158860077, 6.252979158864248, 6.252979158864908, 6.252979158873171, 6.252979158875053, 6.252979158868673, 6.252979158872706, 6.252979158877204, 6.252979158862313, 6.252979158874249, 6.2529791588709855, 6.252979158875808, 6.252979158872732, 6.252979158873456, 6.2529791588764985, 6.252979158877685, 6.252982188633503, 6.2529821886292645, 6.252982188638692, 6.252982188623624, 6.252982188614736, 6.252982188643474, 6.252982188640712, 6.252982188640209, 6.252982188632132, 6.2529821886298596, 6.252982188636205, 6.252982188632167, 6.252982188627563, 6.252982188642168, 6.2529821886304715, 6.252982188633501, 6.2529821886287875, 6.252982188632006, 6.252982188630953, 6.252982188628204, 6.252982188627395, 6.252997795723979, 6.252997795726564, 6.25299779571701, 6.252997795731585, 6.252997795743112, 6.252997795715662, 6.252997795716348, 6.252997795716596, 6.2529977957243785, 6.252997795726818, 6.252997795720762, 6.252997795724418, 6.252997795729297, 6.252997795715491, 6.252997795726569, 6.252997795723967, 6.252997795728603, 6.252997795725033, 6.252997795726533, 6.252997795728708, 6.252997795728941, 6.252987255621835, 6.252987255621358, 6.252987255631083, 6.25298725561724, 6.2529872556024255, 6.252987255627722, 6.252987255630239, 6.252987255630191, 6.252987255622474, 6.252987255619885, 6.252987255625816, 6.252987255622796, 6.252987255617385, 6.2529872556302175, 6.2529872556201775, 6.2529872556218296, 6.252987255617428, 6.2529872556217665, 6.252987255619569, 6.252987255617843, 6.252987255618459, 6.252898311717769, 6.252898311715477, 6.252898311705649, 6.2528983117182815, 6.252898311737951, 6.252898311715187, 6.252898311708151, 6.252898311707814, 6.2528983117155175, 6.2528983117186065, 6.252898311712823, 6.252898311715304, 6.252898311721182, 6.252898311709464, 6.252898311718358, 6.252898311717767, 6.252898311721976, 6.252898311716706, 6.252898311719803, 6.252898311720903, 6.25289831171926, 6.252663841591563, 6.2526638415973945, 6.252663841607432, 6.252663841596255, 6.252663841569662, 6.252663841590174, 6.25266384160278, 6.252663841603573, 6.25266384159604, 6.252663841592308, 6.252663841597761, 6.252663841595925, 6.252663841589397, 6.252663841599922, 6.252663841592134, 6.25266384159156, 6.252663841587424, 6.252663841593905, 6.252663841589641, 6.252663841589462, 6.252663841592392, 6.252213433773334, 6.252213433763361, 6.252213433752822, 6.252213433762483, 6.252213433797478, 6.252213433779481, 6.252213433760145, 6.25221343375874, 6.252213433766286, 6.252213433770829, 6.2522134337654505, 6.25221343376626, 6.2522134337739494, 6.252213433764692, 6.252213433771115, 6.252213433773337, 6.2522134337774675, 6.25221343376921, 6.252213433775062, 6.252213433774109, 6.252213433769464, 6.251506440490147, 6.251506440505072, 6.251506440515267, 6.251506440508326, 6.251506440464177, 6.251506440477949, 6.251506440505668, 6.251506440507621, 6.251506440500282, 6.251506440494719, 6.251506440499957, 6.251506440500378, 6.251506440491595, 6.251506440498973, 6.2515064404944285, 6.251506440490141, 6.25150644048592, 6.251506440496484, 6.251506440488826, 6.251506440491066, 6.251506440497653, 6.250688690906437, 6.250688690886472, 6.250688690878431, 6.250688690879422, 6.25068869093269, 6.250688690926116, 6.250688690889437, 6.25068869088655, 6.2506886908929635, 6.250688690899434, 6.250688690895159, 6.250688690893142, 6.250688690902332, 6.250688690898198, 6.2506886908997314, 6.250688690906429, 6.250688690910435, 6.2506886908976655, 6.250688690907053, 6.250688690903331, 6.25068869089461, 6.250061885024476, 6.250061885048751, 6.250061885052299, 6.2500618850602985, 6.250061885002136, 6.2500618849963185, 6.250061885040895, 6.250061885044154, 6.250061885040493, 6.250061885033893, 6.250061885035726, 6.250061885040249, 6.25006188503231, 6.250061885030337, 6.250061885033801, 6.250061885024466, 6.250061885021496, 6.250061885035477, 6.250061885025112, 6.250061885030723, 6.250061885040752, 6.249940746655197, 6.249940746628159, 6.249940746630967, 6.249940746612781, 6.249940746665965, 6.24994074669046, 6.249940746642895, 6.249940746638971, 6.249940746638549, 6.249940746643453, 6.24994074664639, 6.249940746638502, 6.249940746643116, 6.2499407466542385, 6.2499407466434045, 6.249940746655197, 6.249940746656203, 6.249940746642513, 6.249940746652452, 6.249940746645204, 6.249940746634742, 6.250089104721047, 6.250089104748374, 6.250089104738633, 6.250089104766312, 6.250089104727678, 6.250089104681868, 6.250089104726262, 6.25008910473001, 6.2500891047359985, 6.250089104734977, 6.250089104725185, 6.250089104736631, 6.25008910473732, 6.250089104714597, 6.250089104734162, 6.250089104721061, 6.250089104723944, 6.250089104733725, 6.250089104726644, 6.25008910473488, 6.250089104744084, 6.2500995738406795, 6.250099573815689, 6.250099573832062, 6.250099573797434, 6.250099573814548, 6.2500995738796465, 6.250099573844497, 6.250099573840962, 6.250099573828989, 6.250099573825544, 6.250099573841849, 6.250099573828299, 6.25009957382211, 6.250099573855732, 6.250099573827727, 6.250099573840686, 6.250099573832983, 6.250099573829625, 6.250099573833413, 6.250099573824513, 6.250099573817513, 6.249978711665695, 6.249978711685482, 6.2499787116643954, 6.249978711702276, 6.2499787117083185, 6.249978711631725, 6.249978711653451, 6.249978711655966, 6.2499787116735455, 6.249978711679899, 6.24997871166071, 6.249978711673867, 6.2499787116837116, 6.249978711643993, 6.249978711677036, 6.249978711665698, 6.2499787116777314, 6.249978711673499, 6.249978711672913, 6.249978711681688, 6.24997871168621, 6.250233285863803, 6.250233285851566, 6.250233285873454, 6.250233285837531, 6.250233285815403, 6.250233285889175, 6.250233285881719, 6.250233285880477, 6.250233285859952, 6.250233285853186, 6.250233285870119, 6.250233285860003, 6.250233285848911, 6.250233285887623, 6.250233285856002, 6.2502332858637955, 6.2502332858494, 6.250233285859997, 6.25023328585744, 6.250233285850423, 6.250233285848049, 6.2513910012379945, 6.251391001242979, 6.251391001224527, 6.251391001251331, 6.251391001279036, 6.251391001223991, 6.251391001220292, 6.25139100122056, 6.251391001238298, 6.251391001243362, 6.251391001232595, 6.251391001237255, 6.25139100124733, 6.251391001218578, 6.251391001241902, 6.251391001237992, 6.251391001249908, 6.251391001238248, 6.251391001241982, 6.2513910012465255, 6.251391001247196, 6.252875091318644, 6.2528750913204645, 6.252875091329419, 6.252875091318906, 6.252875091297329, 6.2528750913199, 6.252875091329168, 6.252875091329763, 6.252875091320756, 6.2528750913182884, 6.252875091322244, 6.252875091322077, 6.252875091316245, 6.25287509132754, 6.252875091318662, 6.252875091318648, 6.252875091312703, 6.252875091320453, 6.252875091317017, 6.252875091316417, 6.252875091317636, 6.253219425741523, 6.253219425733915, 6.253219425738113, 6.253219425729295, 6.253219425736431, 6.253219425752127, 6.253219425741798, 6.253219425740863, 6.253219425737384, 6.2532194257377, 6.253219425740166, 6.253219425737565, 6.253219425737068, 6.25321942574466, 6.25321942573804, 6.25321942574152, 6.253219425739659, 6.253219425738465, 6.253219425740366, 6.2532194257376865, 6.253219425734998, 6.252145806337985, 6.252145806348873, 6.252145806334444, 6.252145806359103, 6.2521458063656805, 6.252145806318503, 6.252145806328158, 6.252145806329289, 6.252145806343148, 6.252145806345307, 6.252145806336622, 6.252145806341697, 6.252145806348093, 6.2521458063240924, 6.252145806344102, 6.252145806337993, 6.252145806347081, 6.252145806341712, 6.252145806342268, 6.252145806346805, 6.2521458063501525, 6.251032691281001, 6.251032691267988, 6.251032691287576, 6.25103269125513, 6.251032691241219, 6.251032691305471, 6.25103269129527, 6.251032691293876, 6.25103269127623, 6.251032691271351, 6.2510326912849425, 6.251032691276994, 6.251032691267458, 6.251032691301294, 6.251032691273321, 6.251032691281006, 6.251032691268812, 6.251032691276728, 6.251032691275553, 6.25103269126893, 6.2510326912656575, 6.251173205795818, 6.251173205809403, 6.251173205790806, 6.251173205822607, 6.251173205833107, 6.251173205770307, 6.2511732057833, 6.251173205784941, 6.251173205800372, 6.251173205806377, 6.251173205790522, 6.251173205800846, 6.251173205809816, 6.251173205777352, 6.25117320580393, 6.2511732057958245, 6.251173205806485, 6.251173205800877, 6.251173205801661, 6.2511732058083265, 6.251173205810962, 6.252262325607419, 6.252262325594915, 6.252262325607091, 6.252262325584078, 6.252262325586263, 6.2522623256294905, 6.252262325612999, 6.252262325611334, 6.252262325602594, 6.252262325598499, 6.252262325611285, 6.25226232560225, 6.252262325595822, 6.252262325618324, 6.2522623256000305, 6.252262325607418, 6.252262325602254, 6.252262325601551, 6.252262325602375, 6.252262325597201, 6.252262325594786, 6.252991780665638, 6.252991780675631, 6.252991780672754, 6.252991780681664, 6.252991780665914, 6.252991780651309, 6.252991780668757, 6.252991780670384, 6.252991780670694, 6.2529917806708015, 6.252991780665757, 6.252991780670964, 6.252991780672264, 6.252991780664604, 6.252991780670839, 6.252991780665636, 6.25299178066485, 6.252991780671074, 6.252991780668707, 6.252991780671232, 6.252991780674001, 6.2528887982718135, 6.252888798265776, 6.252888798259809, 6.252888798264791, 6.2528887982886365, 6.252888798276432, 6.252888798262182, 6.252888798261235, 6.252888798267118, 6.252888798270233, 6.252888798267155, 6.252888798266369, 6.25288879827163, 6.252888798264583, 6.252888798269845, 6.252888798271817, 6.252888798276217, 6.252888798268318, 6.252888798272168, 6.252888798271952, 6.252888798269059, 6.2526083343502625, 6.252608334351566, 6.25260833436234, 6.252608334348111, 6.2526083343248775, 6.252608334354839, 6.2526083343617715, 6.252608334362035, 6.252608334353672, 6.25260833434854, 6.252608334357755, 6.252608334353817, 6.25260833434495, 6.2526083343606915, 6.252608334349041, 6.2526083343502625, 6.252608334344844, 6.252608334350948, 6.252608334346106, 6.252608334345463, 6.252608334347902, 6.252711415622733, 6.252711415626857, 6.252711415615971, 6.2527114156328905, 6.252711415645636, 6.252711415611126, 6.252711415614027, 6.252711415614644, 6.252711415621792, 6.252711415627438, 6.252711415615748, 6.252711415622658, 6.252711415630709, 6.252711415612829, 6.2527114156265515, 6.252711415622727, 6.2527114156269565, 6.252711415625017, 6.252711415627306, 6.252711415629957, 6.252711415628959, 6.252920959169287, 6.252920959160248, 6.252920959167609, 6.252920959152834, 6.252920959157031, 6.252920959184697, 6.252920959171725, 6.252920959170445, 6.2529209591660475, 6.2529209591628945, 6.25292095917226, 6.252920959165163, 6.252920959161245, 6.252920959175994, 6.252920959164061, 6.252920959169284, 6.252920959166489, 6.2529209591649435, 6.252920959165937, 6.252920959162157, 6.252920959160628, 6.252734111189085, 6.252734111201819, 6.252734111199106, 6.2527341112092145, 6.252734111189054, 6.252734111172337, 6.252734111193173, 6.252734111194962, 6.252734111196821, 6.252734111195745, 6.252734111192218, 6.252734111196864, 6.252734111195543, 6.252734111187122, 6.252734111194844, 6.252734111189076, 6.252734111190215, 6.252734111194905, 6.25273411119101, 6.252734111194522, 6.252734111199111, 6.252306875555452, 6.252306875540488, 6.252306875540025, 6.2523068755340585, 6.252306875565085, 6.252306875571943, 6.2523068755472515, 6.252306875545302, 6.252306875545023, 6.2523068755495474, 6.252306875547334, 6.252306875545512, 6.252306875550711, 6.252306875553471, 6.252306875549475, 6.252306875555451, 6.2523068755559015, 6.252306875548854, 6.252306875555341, 6.252306875551693, 6.252306875544675, 6.252240020308448, 6.252240020322971, 6.252240020324693, 6.252240020329108, 6.252240020295488, 6.25224002029302, 6.252240020317618, 6.252240020319477, 6.252240020319167, 6.252240020313683, 6.252240020317514, 6.2522400203186175, 6.252240020312334, 6.2522400203118105, 6.2522400203138, 6.252240020308442, 6.252240020307598, 6.252240020314701, 6.252240020308068, 6.252240020311437, 6.252240020318614, 6.2527142672536655, 6.252714267241839, 6.252714267241261, 6.252714267236287, 6.25271426726198, 6.252714267267234, 6.252714267246557, 6.252714267244909, 6.252714267245391, 6.252714267248619, 6.25271426724792, 6.252714267245715, 6.252714267249754, 6.252714267251992, 6.252714267248986, 6.252714267253676, 6.252714267254433, 6.252714267248434, 6.252714267253511, 6.252714267250545, 6.252714267245334, 6.2531955681369755, 6.253195568144652, 6.2531955681424325, 6.253195568149265, 6.253195568137706, 6.25319556812625, 6.25319556813943, 6.253195568140584, 6.253195568140837, 6.253195568141404, 6.25319556813736, 6.253195568141543, 6.253195568141528, 6.253195568135634, 6.2531955681409395, 6.253195568136977, 6.2531955681371505, 6.253195568141026, 6.2531955681385885, 6.25319556814091, 6.253195568143056, 6.253273487356399, 6.253273487353191, 6.253273487358251, 6.25327348734962, 6.253273487346378, 6.253273487363885, 6.253273487359466, 6.253273487358966, 6.2532734873565685, 6.2532734873532725, 6.253273487360293, 6.253273487355502, 6.253273487351509, 6.253273487360703, 6.253273487353774, 6.253273487356398, 6.253273487354989, 6.25327348735435, 6.253273487353368, 6.253273487352064, 6.253273487352477, 6.253119537780057, 6.253119537779691, 6.253119537772927, 6.253119537781908, 6.253119537796138, 6.253119537776567, 6.253119537772862, 6.253119537772896, 6.2531195377777955, 6.253119537781464, 6.253119537774654, 6.253119537777796, 6.25311953778389, 6.25311953777354, 6.2531195377810045, 6.253119537780046, 6.253119537782769, 6.253119537779896, 6.253119537782783, 6.25311953778357, 6.253119537781826, 6.253074809104969, 6.253074809108064, 6.253074809114043, 6.25307480910743, 6.2530748090888775, 6.253074809104146, 6.25307480911327, 6.253074809113878, 6.253074809107938, 6.253074809105062, 6.2530748091091635, 6.25307480910852, 6.253074809103464, 6.253074809111797, 6.253074809105539, 6.253074809104963, 6.253074809100692, 6.253074809106925, 6.253074809103605, 6.2530748091034525, 6.253074809105402, 6.253202949009178, 6.253202949004656, 6.253202949001524, 6.253202949003214, 6.253202949019925, 6.253202949013887, 6.253202949002767, 6.253202949001923, 6.25320294900612, 6.253202949007664, 6.253202949007627, 6.25320294900567, 6.25320294900773, 6.253202949004302, 6.253202949007218, 6.253202949009171, 6.253202949013084, 6.253202949006148, 6.253202949008625, 6.253202949008136, 6.253202949006662, 6.253306797903217, 6.253306797908438, 6.25330679790749, 6.25330679791184, 6.2533067979016455, 6.253306797895253, 6.253306797905688, 6.253306797906609, 6.253306797905814, 6.253306797906295, 6.253306797902629, 6.253306797906352, 6.2533067979070935, 6.253306797903622, 6.253306797906254, 6.253306797903217, 6.2533067979017805, 6.253306797906658, 6.253306797905255, 6.25330679790648, 6.253306797907696, 6.253205286136801, 6.253205286130433, 6.253205286135974, 6.253205286125607, 6.253205286127517, 6.253205286147339, 6.253205286138687, 6.253205286137806, 6.253205286134408, 6.253205286132506, 6.253205286138262, 6.253205286133854, 6.253205286131338, 6.253205286141628, 6.253205286133122, 6.253205286136806, 6.253205286134664, 6.253205286133797, 6.253205286134411, 6.25320528613201, 6.253205286130659, 6.252922096139332, 6.252922096146892, 6.25292209613801, 6.2529220961535685, 6.252922096156726, 6.252922096126272, 6.252922096133792, 6.252922096134646, 6.252922096142379, 6.252922096144658, 6.25292209613799, 6.252922096142322, 6.25292209614595, 6.252922096130345, 6.252922096143426, 6.252922096139335, 6.252922096145114, 6.252922096141965, 6.252922096141883, 6.252922096145207, 6.252922096147196, 6.2526360908724685, 6.252636090863054, 6.25263609087412, 6.252636090854934, 6.25263609085151, 6.252636090888371, 6.252636090879711, 6.252636090878761, 6.2526360908682435, 6.25263609086615, 6.252636090873133, 6.2526360908691165, 6.25263609086459, 6.252636090883915, 6.252636090867504, 6.252636090872471, 6.252636090864943, 6.252636090869414, 6.252636090869636, 6.252636090865493, 6.25263609086257, 6.252441402042357, 6.252441402054388, 6.252441402042454, 6.252441402063745, 6.252441402063256, 6.252441402023166, 6.252441402035975, 6.252441402037363, 6.252441402048115, 6.252441402049744, 6.252441402042149, 6.252441402047255, 6.252441402051732, 6.252441402031067, 6.2524414020485635, 6.2524414020423595, 6.252441402049666, 6.252441402046737, 6.252441402045872, 6.252441402050553, 6.252441402054354, 6.252215437762931, 6.252215437747887, 6.252215437759032, 6.252215437736885, 6.252215437745328, 6.252215437786195, 6.2522154377663774, 6.252215437764457, 6.252215437755532, 6.252215437753811, 6.25221543776286, 6.2522154377555355, 6.252215437751924, 6.252215437772682, 6.252215437755063, 6.252215437762926, 6.2522154377572665, 6.252215437756435, 6.252215437758719, 6.252215437753365, 6.252215437748742, 6.251762616042598, 6.251762616061545, 6.251762616051572, 6.251762616074123, 6.251762616054916, 6.251762616014631, 6.251762616042898, 6.251762616045469, 6.251762616052113, 6.251762616053785, 6.251762616043127, 6.251762616052819, 6.251762616055379, 6.251762616034454, 6.251762616052397, 6.251762616042594, 6.251762616046458, 6.251762616051507, 6.2517626160473885, 6.251762616053646, 6.251762616059292, 6.2510159469274, 6.251015946904078, 6.25101594691324, 6.251015946889603, 6.251015946919105, 6.251015946960232, 6.251015946923741, 6.251015946920381, 6.251015946915179, 6.251015946914251, 6.25101594692558, 6.251015946914362, 6.251015946912905, 6.251015946934075, 6.2510159469157704, 6.251015946927398, 6.251015946924565, 6.251015946916209, 6.251015946922078, 6.251015946914968, 6.251015946907838, 6.250170650907059, 6.250170650934502, 6.250170650925141, 6.250170650950452, 6.250170650913633, 6.250170650869693, 6.250170650912773, 6.250170650916503, 6.250170650921922, 6.2501706509219845, 6.25017065091102, 6.250170650922691, 6.250170650922922, 6.250170650900744, 6.2501706509203405, 6.25017065090706, 6.2501706509098796, 6.2501706509200625, 6.250170650912715, 6.250170650920575, 6.250170650929538, 6.249609358839511, 6.249609358809677, 6.249609358820102, 6.24960935879265, 6.249609358832378, 6.2496093588792805, 6.249609358833734, 6.249609358829548, 6.249609358822854, 6.249609358823593, 6.249609358833732, 6.249609358822229, 6.2496093588229495, 6.2496093588468655, 6.249609358825205, 6.249609358839508, 6.249609358835444, 6.249609358825634, 6.249609358833975, 6.24960935882543, 6.249609358814931, 6.249816157184654, 6.249816157213624, 6.249816157202207, 6.249816157230398, 6.249816157194934, 6.249816157145961, 6.249816157189048, 6.2498161571927975, 6.249816157201175, 6.2498161572003745, 6.249816157190814, 6.24981615720133, 6.249816157200773, 6.249816157175698, 6.2498161571984925, 6.249816157184664, 6.249816157190318, 6.249816157197607, 6.2498161571896444, 6.249816157198376, 6.249816157208807, 6.250900394347912, 6.250900394323824, 6.250900394335231, 6.250900394309497, 6.250900394333932, 6.250900394380649, 6.250900394346757, 6.250900394343587, 6.250900394334568, 6.250900394334234, 6.250900394343572, 6.250900394334599, 6.250900394334026, 6.250900394358079, 6.250900394336337, 6.250900394347907, 6.250900394341259, 6.25090039433749, 6.250900394343373, 6.250900394336037, 6.250900394327535, 6.25226356053823, 6.252263560553789, 6.252263560543644, 6.252263560563541, 6.25226356055481, 6.252263560516254, 6.252263560535689, 6.252263560537614, 6.252263560545659, 6.252263560547677, 6.252263560539285, 6.2522635605458605, 6.252263560548414, 6.252263560528307, 6.2522635605460755, 6.252263560538228, 6.252263560544624, 6.252263560544671, 6.252263560541905, 6.252263560547126, 6.252263560552055, 6.253090233492037, 6.2530902334871685, 6.253090233494611, 6.253090233482734, 6.25309023347575, 6.253090233501113, 6.253090233497803, 6.25309023349733, 6.253090233490892, 6.253090233488007, 6.253090233494513, 6.253090233490825, 6.253090233486712, 6.253090233499987, 6.253090233489119, 6.253090233492044, 6.253090233487138, 6.253090233490399, 6.253090233489418, 6.253090233487251, 6.253090233486523, 6.253100949660873, 6.253100949655538, 6.253100949651751, 6.253100949654669, 6.253100949673578, 6.253100949664969, 6.253100949653335, 6.253100949652549, 6.25310094965665, 6.253100949659416, 6.253100949656097, 6.253100949656226, 6.253100949660874, 6.253100949655969, 6.253100949659078, 6.253100949660871, 6.253100949663369, 6.253100949658043, 6.253100949661687, 6.253100949661105, 6.253100949658137, 6.2526236732430815, 6.25262367325624, 6.252623673255656, 6.252623673262292, 6.252623673236465, 6.25262367322767, 6.2526236732501435, 6.252623673251949, 6.252623673251265, 6.252623673249237, 6.252623673248159, 6.25262367325162, 6.252623673248163, 6.252623673243986, 6.25262367324872, 6.252623673243084, 6.25262367324276, 6.2526236732492935, 6.252623673244275, 6.252623673247213, 6.252623673252392, 6.252123821943124, 6.2521238219254505, 6.252123821930796, 6.25212382191588, 6.252123821941219, 6.252123821966167, 6.252123821938329, 6.252123821935876, 6.252123821933161, 6.252123821933787, 6.25212382193939, 6.252123821932922, 6.252123821933785, 6.252123821946464, 6.252123821934696, 6.252123821943128, 6.252123821941417, 6.252123821934772, 6.252123821940263, 6.252123821935201, 6.252123821928992, 6.251874838390947, 6.251874838409545, 6.251874838400318, 6.251874838420958, 6.251874838402211, 6.251874838364724, 6.251874838392136, 6.251874838394651, 6.2518748384005, 6.251874838401956, 6.251874838392386, 6.2518748384012515, 6.251874838402964, 6.251874838383535, 6.251874838400548, 6.251874838390944, 6.251874838394977, 6.2518748383998055, 6.2518748383958265, 6.251874838401234, 6.25187483840708, 6.251924759647931, 6.251924759631043, 6.251924759642855, 6.251924759619974, 6.251924759628197, 6.251924759673081, 6.2519247596510334, 6.25192475964884, 6.251924759640326, 6.251924759636974, 6.25192475964888, 6.251924759639723, 6.2519247596354734, 6.25192475965908, 6.251924759638824, 6.251924759647936, 6.2519247596419, 6.251924759640297, 6.251924759642605, 6.251924759637101, 6.251924759632513, 6.252180493173077, 6.252180493185873, 6.252180493173173, 6.252180493195365, 6.252180493198347, 6.252180493152678, 6.252180493165961, 6.252180493167528, 6.252180493178023, 6.252180493182266, 6.252180493170449, 6.25218049317799, 6.252180493183914, 6.2521804931598695, 6.252180493180167, 6.2521804931730705, 6.252180493181041, 6.252180493178129, 6.252180493177592, 6.252180493182708, 6.2521804931856675, 6.252502247228168, 6.252502247220907, 6.2525022472328295, 6.252502247213927, 6.252502247201831, 6.252502247241556, 6.252502247238071, 6.25250224723748, 6.252502247226134, 6.252502247221971, 6.252502247231264, 6.252502247226528, 6.25250224722041, 6.252502247241545, 6.252502247223948, 6.252502247228174, 6.252502247219416, 6.252502247226223, 6.252502247224658, 6.2525022472211855, 6.252502247219811, 6.252809255452104, 6.252809255453842, 6.252809255444184, 6.252809255457119, 6.252809255475612, 6.252809255446655, 6.252809255441482, 6.25280925544138, 6.2528092554515275, 6.252809255454546, 6.25280925544938, 6.252809255450645, 6.252809255456095, 6.252809255440797, 6.252809255453492, 6.25280925545211, 6.2528092554597094, 6.252809255451364, 6.2528092554537915, 6.252809255455838, 6.252809255455908, 6.25305925123668, 6.253059251240009, 6.253059251245539, 6.253059251239896, 6.253059251220343, 6.253059251234492, 6.2530592512455545, 6.253059251246389, 6.253059251239169, 6.253059251237516, 6.25305925123902, 6.253059251240238, 6.2530592512363965, 6.253059251243725, 6.253059251237948, 6.2530592512366905, 6.253059251231306, 6.253059251239476, 6.253059251236395, 6.253059251236221, 6.253059251237489, 6.253179510674445, 6.253179510667468, 6.253179510666967, 6.253179510664549, 6.253179510680317, 6.253179510682625, 6.253179510669093, 6.2531795106680494, 6.253179510670348, 6.253179510671218, 6.253179510672454, 6.253179510669652, 6.253179510671477, 6.253179510672261, 6.25317951067112, 6.253179510674454, 6.253179510676289, 6.253179510670466, 6.253179510673445, 6.253179510672046, 6.2531795106696215, 6.253096970069009, 6.253096970078129, 6.253096970073789, 6.253096970083594, 6.253096970073843, 6.253096970056449, 6.2530969700696515, 6.253096970070874, 6.253096970074088, 6.253096970074189, 6.2530969700705095, 6.253096970074114, 6.253096970074507, 6.253096970065658, 6.253096970073551, 6.2530969700690155, 6.25309697007113, 6.253096970073232, 6.253096970071179, 6.253096970073659, 6.2530969700768475, 6.252832436582463, 6.252832436572036, 6.25283243658059, 6.252832436565132, 6.252832436567654, 6.2528324365976315, 6.252832436586232, 6.252832436585042, 6.25283243657736, 6.2528324365759875, 6.252832436581868, 6.252832436577867, 6.252832436575178, 6.252832436591119, 6.252832436577219, 6.252832436582461, 6.252832436576868, 6.252832436578563, 6.252832436579941, 6.252832436576094, 6.25283243657264, 6.25251358383694, 6.252513583847548, 6.252513583836257, 6.252513583855521, 6.252513583859763, 6.252513583820362, 6.252513583829747, 6.252513583830853, 6.2525135838415276, 6.252513583844276, 6.252513583836161, 6.252513583841032, 6.252513583845311, 6.252513583824801, 6.252513583842461, 6.252513583836945, 6.252513583845312, 6.252513583840475, 6.252513583840096, 6.252513583844384, 6.252513583847464, 6.252302221366892, 6.252302221356646, 6.252302221369671, 6.25230222134832, 6.252302221339796, 6.252302221383981, 6.25230222137611, 6.252302221375116, 6.252302221363228, 6.2523022213592165, 6.252302221368954, 6.252302221363576, 6.252302221357798, 6.252302221381036, 6.2523022213612505, 6.252302221366902, 6.252302221357644, 6.252302221363576, 6.252302221363117, 6.252302221358784, 6.2523022213562225, 6.25231268679106, 6.252312686800593, 6.252312686787149, 6.252312686808694, 6.252312686818406, 6.252312686774486, 6.252312686781389, 6.252312686782428, 6.252312686794105, 6.252312686798324, 6.252312686787921, 6.252312686793688, 6.252312686800457, 6.252312686777181, 6.252312686796582, 6.252312686791067, 6.2523126867997005, 6.252312686794279, 6.252312686795206, 6.252312686799452, 6.252312686801495, 6.252549500675107, 6.2525495006667695, 6.25254950067847, 6.252549500659215, 6.252549500651067, 6.252549500690337, 6.252549500683492, 6.252549500682591, 6.252549500672361, 6.252549500668432, 6.2525495006787235, 6.25254950067275, 6.252549500666188, 6.25254950068684, 6.2525495006700025, 6.25254950067511, 6.252549500668193, 6.2525495006718605, 6.252549500670801, 6.252549500667217, 6.252549500665731, 6.252897303803309, 6.252897303810697, 6.2528973038017845, 6.25289730381679, 6.252897303821109, 6.252897303790388, 6.2528973037976625, 6.252897303798618, 6.252897303805607, 6.252897303809066, 6.252897303800186, 6.2528973038057085, 6.252897303810845, 6.252897303794435, 6.252897303807898, 6.252897303803312, 6.252897303807925, 6.252897303806554, 6.252897303807025, 6.252897303809996, 6.252897303811212, 6.253194805549884, 6.2531948055434325, 6.253194805549014, 6.253194805538917, 6.253194805540062, 6.253194805560109, 6.253194805551988, 6.253194805551138, 6.25319480554766, 6.2531948055452755, 6.253194805551682, 6.25319480554712, 6.253194805544317, 6.253194805555005, 6.253194805546185, 6.25319480554988, 6.253194805547204, 6.253194805546842, 6.253194805547242, 6.253194805544991, 6.253194805543801, 6.253341163702881, 6.25334116370822, 6.253341163706285, 6.253341163711411, 6.253341163704624, 6.25334116369541, 6.253341163704058, 6.253341163704837, 6.253341163705492, 6.253341163706187, 6.253341163703139, 6.25334116370587, 6.253341163706107, 6.253341163701474, 6.253341163705616, 6.253341163702882, 6.2533411637034355, 6.253341163705606, 6.253341163704201, 6.253341163705666, 6.2533411637071366, 6.25333489276526, 6.253334892760825, 6.253334892759776, 6.2533348927594155, 6.253334892770729, 6.253334892769777, 6.253334892761396, 6.25333489276076, 6.25333489276216, 6.253334892763604, 6.253334892762846, 6.253334892762028, 6.25333489276405, 6.2533348927634576, 6.253334892763424, 6.253334892765264, 6.253334892766405, 6.253334892763002, 6.25333489276518, 6.253334892764375, 6.2533348927624015, 6.2532489561455895, 6.2532489561488545, 6.253248956152402, 6.253248956149073, 6.2532489561347475, 6.253248956143819, 6.253248956151386, 6.253248956151893, 6.2532489561489, 6.253248956146079, 6.2532489561496485, 6.253248956148917, 6.253248956145041, 6.253248956149978, 6.25324895614651, 6.2532489561455895, 6.253248956143292, 6.253248956147391, 6.253248956144697, 6.253248956144891, 6.253248956147156, 6.253169971585352, 6.25316997158317, 6.253169971578044, 6.2531699715840725, 6.253169971599466, 6.253169971585046, 6.253169971578346, 6.253169971577995, 6.253169971582347, 6.2531699715856695, 6.253169971580584, 6.253169971582351, 6.253169971587344, 6.253169971579449, 6.253169971585172, 6.253169971585345, 6.2531699715885845, 6.253169971584092, 6.253169971587099, 6.253169971587333, 6.253169971585215, 6.253142400568037, 6.253142400568921, 6.253142400575008, 6.2531424005672855, 6.253142400552299, 6.253142400570119, 6.253142400575433, 6.253142400575653, 6.253142400570238, 6.253142400566824, 6.253142400572471, 6.253142400570438, 6.253142400565151, 6.253142400574749, 6.2531424005675245, 6.2531424005680485, 6.253142400564389, 6.253142400568754, 6.253142400565958, 6.25314240056533, 6.2531424005668566, 6.253166416959479, 6.253166416960229, 6.253166416953634, 6.253166416962452, 6.2531664169751116, 6.2531664169557715, 6.2531664169525145, 6.253166416952505, 6.253166416958458, 6.253166416961299, 6.25316641695597, 6.25316641695812, 6.253166416962801, 6.253166416952422, 6.253166416960575, 6.2531664169594805, 6.253166416963635, 6.253166416959321, 6.2531664169614825, 6.253166416962555, 6.2531664169617915, 6.253210122938272, 6.253210122935897, 6.253210122942177, 6.253210122932706, 6.253210122923992, 6.253210122943844, 6.253210122944094, 6.253210122943942, 6.253210122938057, 6.253210122935746, 6.253210122940453, 6.253210122938382, 6.253210122934656, 6.253210122945255, 6.253210122936575, 6.2532101229382775, 6.253210122933777, 6.253210122937826, 6.253210122936555, 6.253210122934968, 6.253210122934796, 6.25322930495673, 6.2532293049613585, 6.253229304955289, 6.25322930496515, 6.253229304969039, 6.253229304948991, 6.2532293049523755, 6.253229304952828, 6.253229304958399, 6.253229304960117, 6.2532293049559255, 6.253229304958134, 6.253229304960717, 6.253229304950244, 6.25322930495918, 6.253229304956721, 6.253229304961076, 6.253229304958126, 6.253229304958272, 6.253229304960297, 6.253229304961511, 6.253173729320078, 6.253173729312853, 6.253173729318792, 6.2531737293081475, 6.253173729309899, 6.253173729330428, 6.253173729322682, 6.253173729321884, 6.253173729316655, 6.253173729315667, 6.253173729319677, 6.253173729316892, 6.253173729315197, 6.253173729325806, 6.253173729316526, 6.2531737293200855, 6.253173729316089, 6.2531737293174, 6.253173729318297, 6.253173729315814, 6.253173729313498, 6.252981156499944, 6.2529811565101765, 6.252981156504274, 6.252981156516378, 6.252981156508335, 6.252981156485714, 6.2529811564991995, 6.252981156500479, 6.252981156505377, 6.252981156505923, 6.252981156501341, 6.2529811565051965, 6.252981156506367, 6.252981156494629, 6.252981156505014, 6.252981156499953, 6.252981156503427, 6.2529811565043385, 6.252981156502283, 6.2529811565054665, 6.252981156509018, 6.252545866740791, 6.252545866726204, 6.252545866732968, 6.252545866717918, 6.2525458667331595, 6.252545866760377, 6.2525458667397, 6.252545866737773, 6.252545866732948, 6.252545866732532, 6.252545866738641, 6.252545866732768, 6.252545866732144, 6.252545866746226, 6.252545866733576, 6.252545866740784, 6.252545866737558, 6.2525458667341365, 6.252545866737642, 6.2525458667334055, 6.252545866728486, 6.251668685056169, 6.251668685076594, 6.25166868506825, 6.251668685087951, 6.25166868506445, 6.251668685028873, 6.251668685059047, 6.25166868506172, 6.251668685067043, 6.251668685067812, 6.251668685059076, 6.251668685067666, 6.251668685068091, 6.251668685049774, 6.251668685066256, 6.251668685056173, 6.2516686850598715, 6.251668685065722, 6.251668685060553, 6.251668685066341, 6.251668685073061, 6.250039222105844, 6.2500392220776435, 6.250039222088874, 6.250039222062108, 6.250039222094863, 6.250039222143334, 6.2500392221014875, 6.250039222097543, 6.250039222091021, 6.2500392220898, 6.250039222101828, 6.2500392220900745, 6.250039222089507, 6.2500392221145225, 6.250039222091869, 6.25003922210585, 6.250039222101023, 6.250039222092466, 6.250039222099711, 6.25003922209188, 6.2500392220825844, 6.2474278407386885, 6.247427840776213, 6.247427840760722, 6.247427840796608, 6.247427840754035, 6.247427840688877, 6.247427840744125, 6.247427840748902, 6.2474278407584745, 6.247427840760064, 6.247427840743946, 6.247427840759555, 6.2474278407604835, 6.247427840726728, 6.247427840757246, 6.247427840738692, 6.247427840745732, 6.247427840756223, 6.247427840747122, 6.2474278407572506, 6.247427840769459, 6.244504942996553, 6.2445049429510435, 6.244504942970884, 6.244504942926173, 6.244504942974358, 6.2445049430568185, 6.244504942991322, 6.244504942984904, 6.244504942972784, 6.244504942970302, 6.244504942989933, 6.24450494297161, 6.244504942970045, 6.244504943012716, 6.244504942973885, 6.244504942996557, 6.244504942986889, 6.244504942975212, 6.244504942986361, 6.244504942973914, 6.244504942958706, 6.243805747858433, 6.243805747905689, 6.243805747883205, 6.243805747930579, 6.243805747887016, 6.24380574779645, 6.243805747862258, 6.243805747868091, 6.243805747882631, 6.243805747886014, 6.2438057478653715, 6.243805747883941, 6.243805747885961, 6.243805747839014, 6.243805747881941, 6.243805747858434, 6.243805747871198, 6.243805747879775, 6.243805747869432, 6.2438057478819164, 6.2438057478974835, 6.24746816874008, 6.247468168703573, 6.247468168723148, 6.247468168683764, 6.247468168710041, 6.247468168788192, 6.247468168741253, 6.247468168736621, 6.247468168721826, 6.247468168717859, 6.247468168735144, 6.247468168721422, 6.247468168718726, 6.247468168759835, 6.247468168722083, 6.2474681687400695, 6.247468168725953, 6.247468168724458, 6.247468168731371, 6.247468168721721, 6.247468168709682, 6.25201907185017, 6.252019071865062, 6.252019071851986, 6.252019071873411, 6.252019071877517, 6.252019071830448, 6.252019071842684, 6.252019071844193, 6.252019071856336, 6.252019071859771, 6.252019071851695, 6.252019071855618, 6.252019071859433, 6.252019071834849, 6.252019071857202, 6.252019071850169, 6.2520190718614455, 6.252019071854703, 6.252019071853025, 6.252019071858506, 6.252019071863432, 6.252297139806554, 6.252297139817422, 6.252297139821822, 6.25229713982083, 6.252297139787765, 6.2522971397947815, 6.252297139820248, 6.2522971398224065, 6.252297139813011, 6.252297139811944, 6.252297139809493, 6.2522971398143765, 6.252297139810654, 6.252297139813791, 6.252297139812167, 6.252297139806546, 6.252297139799765, 6.252297139814141, 6.252297139808359, 6.252297139809727, 6.252297139813141, 6.249251740296441, 6.24925174026643, 6.249251740270319, 6.249251740254277, 6.249251740304932, 6.249251740331633, 6.249251740279781, 6.24925174027511, 6.249251740280624, 6.249251740280354, 6.249251740289404, 6.2492517402775665, 6.2492517402827925, 6.249251740295766, 6.249251740282022, 6.249251740296439, 6.249251740297424, 6.249251740280687, 6.2492517402907914, 6.249251740285157, 6.249251740275141, 6.248227420709368, 6.248227420743843, 6.248227420735285, 6.248227420760333, 6.248227420707714, 6.248227420666666, 6.248227420722803, 6.248227420727353, 6.248227420728418, 6.248227420728004, 6.248227420718576, 6.248227420730664, 6.24822742072593, 6.248227420705149, 6.248227420726051, 6.248227420709373, 6.2482274207126025, 6.248227420726487, 6.248227420715946, 6.248227420723068, 6.248227420735416, 6.251085463089058, 6.251085463064956, 6.251085463074216, 6.251085463053329, 6.251085463083716, 6.251085463119082, 6.251085463084212, 6.251085463081163, 6.251085463074839, 6.251085463076783, 6.251085463081589, 6.251085463076249, 6.2510854630772315, 6.251085463095604, 6.25108546307762, 6.251085463089057, 6.251085463084231, 6.251085463078135, 6.251085463085331, 6.251085463079208, 6.251085463069576, 6.253259823031317, 6.253259823034721, 6.253259823029413, 6.25325982303671, 6.253259823043937, 6.253259823027577, 6.2532598230262515, 6.253259823026439, 6.253259823033431, 6.2532598230330185, 6.253259823033274, 6.253259823031994, 6.25325982303327, 6.253259823025432, 6.25325982303239, 6.253259823031322, 6.253259823037083, 6.253259823031256, 6.253259823032196, 6.2532598230329155, 6.2532598230349565, 6.251738672400063, 6.251738672416625, 6.251738672417112, 6.251738672424071, 6.251738672384581, 6.251738672380168, 6.251738672413144, 6.251738672415948, 6.25173867241074, 6.25173867240794, 6.251738672404691, 6.2517386724109505, 6.251738672407725, 6.251738672405625, 6.251738672408271, 6.251738672400076, 6.251738672395049, 6.251738672409966, 6.251738672403355, 6.25173867240609, 6.251738672411929, 6.2498369565805305, 6.249836956553887, 6.249836956556316, 6.2498369565435885, 6.249836956594653, 6.249836956611209, 6.249836956563973, 6.2498369565598715, 6.249836956564905, 6.249836956567692, 6.249836956571286, 6.249836956563277, 6.249836956568928, 6.249836956576227, 6.24983695656772, 6.249836956580528, 6.249836956583831, 6.249836956565941, 6.249836956574882, 6.249836956571374, 6.249836956560905, 6.251033569553351, 6.251033569575793, 6.251033569573023, 6.25103356958415, 6.251033569542053, 6.251033569527902, 6.251033569566558, 6.251033569569719, 6.251033569566014, 6.251033569563896, 6.2510335695618835, 6.251033569567679, 6.2510335695621535, 6.251033569555571, 6.2510335695640205, 6.251033569553361, 6.251033569552268, 6.251033569565221, 6.251033569556488, 6.251033569560432, 6.251033569569251, 6.2532363315748185, 6.253236331568568, 6.2532363315685835, 6.2532363315647945, 6.253236331580516, 6.253236331582617, 6.253236331570453, 6.253236331569766, 6.253236331570104, 6.25323633157183, 6.253236331571717, 6.253236331570722, 6.25323633157314, 6.253236331573938, 6.253236331572374, 6.253236331574821, 6.253236331574588, 6.2532363315720785, 6.253236331575216, 6.253236331573512, 6.253236331570905, 6.252890949435056, 6.252890949423815, 6.252890949426451, 6.252890949418873, 6.252890949437631, 6.252890949448783, 6.2528909494295855, 6.252890949428152, 6.252890949429002, 6.2528909494291955, 6.252890949432317, 6.252890949428187, 6.252890949429593, 6.252890949434866, 6.252890949429254, 6.252890949435056, 6.252890949435045, 6.252890949428819, 6.252890949432461, 6.252890949430598, 6.252890949426692, 6.251261556710665, 6.251261556732112, 6.251261556728785, 6.251261556742465, 6.251261556701808, 6.251261556684002, 6.251261556722078, 6.251261556725289, 6.25126155672357, 6.251261556721708, 6.251261556717131, 6.251261556723536, 6.25126155672006, 6.251261556711239, 6.251261556720585, 6.251261556710663, 6.2512615567100305, 6.251261556721509, 6.2512615567137875, 6.251261556718294, 6.251261556726105, 6.251502806369374, 6.2515028063493485, 6.251502806351574, 6.251502806341101, 6.2515028063796505, 6.251502806392504, 6.2515028063576725, 6.251502806354726, 6.251502806357841, 6.251502806359728, 6.251502806362757, 6.251502806356609, 6.2515028063607785, 6.251502806367354, 6.251502806359931, 6.251502806369377, 6.251502806371018, 6.251502806358897, 6.25150280636624, 6.251502806362419, 6.251502806354738, 6.253046622906307, 6.253046622914165, 6.253046622914494, 6.253046622916536, 6.25304662289827, 6.253046622897616, 6.253046622913021, 6.253046622914358, 6.253046622910987, 6.253046622909874, 6.253046622909446, 6.253046622912172, 6.253046622909669, 6.253046622910207, 6.253046622910484, 6.253046622906318, 6.253046622903543, 6.25304662291161, 6.253046622908424, 6.253046622908881, 6.253046622912137, 6.2532419503769745, 6.253241950384116, 6.253241950380993, 6.253241950387655, 6.253241950382096, 6.253241950368352, 6.253241950377157, 6.253241950378026, 6.253241950380481, 6.2532419503812235, 6.2532419503790475, 6.253241950381278, 6.253241950380304, 6.253241950373065, 6.253241950380219, 6.253241950376976, 6.253241950380633, 6.253241950379745, 6.253241950377742, 6.253241950379957, 6.253241950382731, 6.252156293691008, 6.252156293673196, 6.252156293679404, 6.252156293665507, 6.252156293688429, 6.2521562937123925, 6.252156293685482, 6.252156293683219, 6.2521562936811925, 6.252156293681441, 6.252156293685387, 6.252156293680652, 6.2521562936826784, 6.252156293694329, 6.252156293682314, 6.252156293690999, 6.252156293688281, 6.252156293682346, 6.252156293687675, 6.252156293684187, 6.252156293677204, 6.251941207932001, 6.251941207950938, 6.2519412079445456, 6.251941207960062, 6.25194120793204, 6.25194120790822, 6.251941207938439, 6.2519412079411625, 6.251941207942879, 6.251941207941664, 6.251941207936793, 6.251941207942436, 6.2519412079416306, 6.251941207929523, 6.25194120794124, 6.251941207932, 6.25194120793355, 6.251941207941444, 6.25194120793627, 6.251941207939884, 6.251941207946749, 6.252932993430529, 6.252932993419691, 6.252932993422793, 6.252932993413892, 6.252932993430478, 6.252932993445191, 6.2529329934269064, 6.25293299342539, 6.252932993425156, 6.252932993424427, 6.2529329934296785, 6.252932993424613, 6.252932993423939, 6.252932993431821, 6.252932993424924, 6.252932993430529, 6.25293299343044, 6.252932993424697, 6.252932993427314, 6.252932993425052, 6.252932993421832, 6.253432807413951, 6.253432807412805, 6.253432807412685, 6.25343280741199, 6.2534328074164955, 6.253432807414897, 6.253432807413206, 6.253432807413344, 6.253432807411815, 6.2534328074143, 6.253432807410683, 6.253432807413062, 6.253432807414696, 6.253432807413848, 6.253432807413963, 6.253432807413949, 6.253432807412615, 6.253432807414079, 6.253432807415045, 6.253432807414777, 6.253432807413061, 6.252862355416545, 6.252862355428581, 6.252862355426109, 6.252862355433707, 6.252862355413631, 6.252862355402714, 6.252862355421035, 6.252862355422589, 6.252862355423582, 6.252862355421924, 6.2528623554217795, 6.2528623554234475, 6.252862355420921, 6.252862355415757, 6.252862355421671, 6.252862355416548, 6.252862355417909, 6.252862355421868, 6.252862355417464, 6.252862355420176, 6.252862355425282, 6.252407969413799, 6.252407969397896, 6.25240796940208, 6.2524079693912595, 6.252407969414694, 6.2524079694326264, 6.252407969407284, 6.252407969405057, 6.252407969405487, 6.2524079694053825, 6.25240796940977, 6.252407969404378, 6.252407969406338, 6.252407969414976, 6.252407969406286, 6.252407969413797, 6.252407969412847, 6.252407969405954, 6.252407969410702, 6.252407969407671, 6.252407969402073, 6.25279646152375, 6.252796461535436, 6.252796461531401, 6.252796461541538, 6.2527964615248255, 6.252796461507885, 6.252796461528494, 6.2527964615304334, 6.252796461529665, 6.252796461531158, 6.252796461524297, 6.252796461530613, 6.252796461531179, 6.252796461521937, 6.252796461530437, 6.252796461523748, 6.252796461523709, 6.252796461530724, 6.252796461527853, 6.252796461529959, 6.252796461533313, 6.253335512876796, 6.253335512872978, 6.2533355128757755, 6.253335512870353, 6.253335512872946, 6.2533355128837265, 6.253335512876776, 6.253335512876135, 6.253335512875785, 6.253335512873681, 6.253335512880107, 6.25333551287534, 6.253335512872142, 6.253335512878456, 6.25333551287375, 6.253335512876798, 6.2533355128777925, 6.2533355128737815, 6.2533355128736625, 6.253335512872855, 6.253335512873081, 6.253267589205673, 6.253267589200963, 6.253267589200209, 6.253267589199701, 6.2532675892131495, 6.253267589209695, 6.253267589200903, 6.253267589200484, 6.253267589201529, 6.253267589204129, 6.253267589200414, 6.253267589201956, 6.2532675892060325, 6.25326758920433, 6.253267589203953, 6.253267589205662, 6.253267589205186, 6.253267589203687, 6.253267589207154, 6.253267589206226, 6.253267589203048, 6.252870449161916, 6.252870449171988, 6.252870449172059, 6.252870449176438, 6.252870449152659, 6.252870449150188, 6.252870449169274, 6.252870449170741, 6.252870449168647, 6.252870449166418, 6.252870449166401, 6.252870449168812, 6.252870449165388, 6.252870449164611, 6.2528704491665, 6.252870449161913, 6.252870449160381, 6.252870449167339, 6.252870449162639, 6.252870449164671, 6.252870449168897, 6.252783317557551, 6.252783317546938, 6.252783317546969, 6.252783317542619, 6.252783317566647, 6.252783317570453, 6.252783317549635, 6.252783317547794, 6.252783317551966, 6.25278331755248, 6.252783317555697, 6.252783317550749, 6.252783317551945, 6.252783317553359, 6.252783317552328, 6.252783317557549, 6.252783317561799, 6.25278331755105, 6.252783317554462, 6.252783317553059, 6.252783317549687, 6.253068197962971, 6.253068197969201, 6.253068197969577, 6.253068197971182, 6.2530681979543195, 6.253068197954724, 6.253068197969646, 6.253068197971113, 6.253068197965558, 6.25306819796628, 6.253068197961366, 6.2530681979668135, 6.253068197967875, 6.253068197967944, 6.253068197967177, 6.253068197962981, 6.253068197956952, 6.25306819796861, 6.253068197967236, 6.253068197966862, 6.253068197967716, 6.253290773096545, 6.2532907730975005, 6.253290773095048, 6.253290773097748, 6.253290773104534, 6.253290773097161, 6.253290773092206, 6.2532907730918295, 6.253290773097518, 6.253290773096411, 6.253290773100721, 6.253290773096731, 6.253290773094545, 6.25329077309096, 6.253290773095374, 6.253290773096545, 6.253290773103205, 6.253290773094078, 6.253290773093538, 6.253290773095082, 6.253290773097075, 6.2532057164677, 6.2532057164608466, 6.253205716465518, 6.253205716457598, 6.253205716459703, 6.253205716475356, 6.253205716469371, 6.2532057164690045, 6.253205716463478, 6.2532057164641435, 6.253205716463341, 6.253205716464449, 6.253205716465661, 6.253205716473581, 6.253205716464999, 6.253205716467698, 6.253205716461353, 6.253205716466048, 6.25320571646792, 6.253205716465994, 6.253205716462296, 6.252971319227253, 6.252971319237718, 6.252971319231217, 6.252971319243343, 6.252971319236913, 6.252971319213428, 6.252971319226811, 6.252971319228032, 6.2529713192326595, 6.252971319233521, 6.252971319229195, 6.252971319232199, 6.252971319233099, 6.252971319220992, 6.25297131923247, 6.252971319227258, 6.252971319232102, 6.252971319231644, 6.2529713192296015, 6.252971319232226, 6.252971319235864, 6.25281777912184, 6.252817779110699, 6.252817779118223, 6.252817779104267, 6.2528177791089306, 6.252817779137795, 6.252817779123145, 6.252817779121557, 6.252817779117728, 6.2528177791143, 6.252817779123592, 6.252817779116618, 6.252817779113391, 6.252817779128851, 6.252817779115783, 6.252817779121847, 6.25281777911841, 6.252817779116581, 6.252817779117461, 6.252817779114507, 6.252817779112099, 6.252776413108031, 6.252776413116864, 6.252776413108635, 6.252776413122804, 6.252776413125902, 6.2527764130935, 6.252776413104212, 6.252776413105539, 6.252776413110138, 6.252776413115552, 6.25277641310308, 6.252776413111368, 6.2527764131172425, 6.252776413099624, 6.252776413113902, 6.252776413108029, 6.252776413111581, 6.252776413112897, 6.252776413113686, 6.252776413116115, 6.252776413116829, 6.252679351665767, 6.252679351660077, 6.252679351670059, 6.252679351655292, 6.252679351641461, 6.2526793516768295, 6.25267935167339, 6.252679351672635, 6.252679351665542, 6.252679351659607, 6.252679351672277, 6.252679351665376, 6.252679351657443, 6.252679351676893, 6.252679351661207, 6.252679351665768, 6.25267935166021, 6.2526793516628345, 6.252679351660074, 6.2526793516584105, 6.252679351659057, 6.252313784112682, 6.252313784115638, 6.252313784103911, 6.252313784119551, 6.252313784144647, 6.25231378410494, 6.2523137841000525, 6.252313784100154, 6.2523137841111325, 6.252313784117354, 6.252313784106667, 6.252313784110873, 6.252313784119131, 6.252313784097606, 6.252313784115219, 6.2523137841126735, 6.2523137841222205, 6.252313784112567, 6.2523137841167715, 6.252313784118618, 6.2523137841176, 6.251578065742369, 6.251578065740774, 6.2515780657543285, 6.251578065736621, 6.251578065701993, 6.251578065747941, 6.251578065760079, 6.2515780657607145, 6.251578065744429, 6.251578065738411, 6.2515780657464886, 6.251578065745241, 6.2515780657378235, 6.251578065762474, 6.251578065741414, 6.251578065742369, 6.251578065727148, 6.251578065745173, 6.251578065740776, 6.2515780657377436, 6.251578065738192, 6.2506973163216495, 6.250697316324302, 6.250697316307725, 6.250697316328736, 6.250697316369538, 6.2506973163155095, 6.250697316300408, 6.250697316299543, 6.250697316320797, 6.250697316326243, 6.2506973163198625, 6.250697316318517, 6.250697316325371, 6.250697316296273, 6.250697316322341, 6.250697316321648, 6.250697316342274, 6.2506973163173365, 6.2506973163214345, 6.250697316325657, 6.250697316326444, 6.250365518656557, 6.250365518651487, 6.25036551867012, 6.25036551864507, 6.250365518606157, 6.2503655186657285, 6.250365518678078, 6.250365518678682, 6.2503655186557925, 6.250365518650425, 6.25036551865678, 6.250365518658478, 6.250365518651937, 6.250365518683947, 6.250365518654921, 6.250365518656557, 6.250365518633922, 6.250365518660134, 6.250365518656714, 6.250365518651785, 6.250365518649601, 6.251169357917138, 6.251169357925554, 6.251169357907787, 6.251169357933323, 6.25116935796011, 6.251169357903137, 6.251169357899863, 6.251169357900009, 6.251169357919459, 6.25116935792432, 6.251169357916576, 6.2511693579179655, 6.251169357924281, 6.25116935789423, 6.251169357920838, 6.25116935791713, 6.251169357935477, 6.251169357916554, 6.251169357918802, 6.25116935792389, 6.251169357926809, 6.252327600910435, 6.252327600899162, 6.252327600912087, 6.2523276008915225, 6.252327600884546, 6.252327600928258, 6.252327600918816, 6.252327600917571, 6.252327600906573, 6.252327600902548, 6.2523276009128335, 6.252327600907015, 6.252327600900663, 6.25232760092349, 6.252327600904233, 6.252327600910435, 6.252327600902287, 6.252327600906252, 6.252327600905644, 6.252327600901841, 6.252327600899247, 6.252598654646298, 6.252598654658357, 6.252598654652612, 6.252598654665184, 6.252598654651307, 6.252598654628191, 6.2525986546490255, 6.252598654651164, 6.252598654650761, 6.252598654654404, 6.252598654641918, 6.252598654651754, 6.252598654657421, 6.252598654644832, 6.252598654654197, 6.252598654646292, 6.252598654643866, 6.252598654654714, 6.252598654654396, 6.252598654655578, 6.252598654657236, 6.252210129554492, 6.252210129543191, 6.252210129542959, 6.252210129539227, 6.252210129566638, 6.252210129570153, 6.25221012954345, 6.252210129540823, 6.252210129550611, 6.252210129547607, 6.252210129559377, 6.252210129547962, 6.252210129544627, 6.2522101295470565, 6.252210129546731, 6.25221012955449, 6.252210129564406, 6.252210129544387, 6.252210129546137, 6.252210129546525, 6.252210129545856, 6.252278534616588, 6.252278534624237, 6.252278534629118, 6.252278534626498, 6.2522785345958996, 6.252278534606434, 6.252278534629984, 6.252278534631923, 6.252278534619625, 6.252278534620632, 6.2522785346136835, 6.252278534622457, 6.252278534622317, 6.2522785346281005, 6.252278534622064, 6.252278534616587, 6.252278534604275, 6.252278534624938, 6.252278534621816, 6.2522785346210465, 6.252278534621319, 6.252904303295216, 6.252904303293128, 6.252904303286558, 6.252904303293308, 6.252904303315246, 6.25290430329714, 6.252904303285257, 6.252904303284473, 6.252904303293088, 6.252904303295335, 6.252904303294195, 6.252904303291818, 6.2529043032948906, 6.2529043032849225, 6.252904303293834, 6.2529043032952245, 6.252904303303685, 6.252904303291699, 6.252904303294348, 6.252904303295289, 6.252904303294678, 6.2532112878207124, 6.253211287817186, 6.253211287822378, 6.253211287813913, 6.253211287808664, 6.253211287828481, 6.253211287824056, 6.25321128782348, 6.253211287821153, 6.253211287816674, 6.25321128782584, 6.253211287820191, 6.253211287815332, 6.253211287825726, 6.2532112878177655, 6.253211287820703, 6.2532112878189885, 6.253211287818344, 6.25321128781696, 6.253211287815925, 6.253211287816916, 6.252772501991772, 6.252772502000809, 6.252772501996952, 6.252772502006308, 6.252772501993891, 6.252772501976558, 6.252772501995144, 6.25277250199708, 6.252772501993606, 6.252772501998484, 6.252772501984744, 6.252772501995884, 6.252772502001922, 6.2527725019919655, 6.252772501998451, 6.2527725019917675, 6.252772501987057, 6.2527725019993, 6.2527725019995115, 6.252772502000348, 6.2527725019999725, 6.252177941942158, 6.252177941928786, 6.252177941932336, 6.252177941922616, 6.252177941945787, 6.252177941961828, 6.252177941934656, 6.252177941931898, 6.2521779419375925, 6.252177941933676, 6.252177941947953, 6.25217794193553, 6.252177941929851, 6.252177941938693, 6.252177941933116, 6.252177941942167, 6.252177941949768, 6.252177941931485, 6.2521779419325165, 6.252177941932011, 6.252177941930858, 6.252142750050457, 6.252142750065746, 6.252142750061892, 6.252142750072383, 6.252142750046653, 6.2521427500295985, 6.252142750058191, 6.252142750060841, 6.25214275005714, 6.252142750059337, 6.252142750048119, 6.252142750058568, 6.252142750062009, 6.252142750053538, 6.252142750059745, 6.252142750050464, 6.252142750044925, 6.252142750061292, 6.252142750058848, 6.252142750059846, 6.252142750062893, 6.252542302786706, 6.252542302772045, 6.252542302776969, 6.252542302765095, 6.252542302786146, 6.2525423028056, 6.252542302782249, 6.2525423027800615, 6.252542302779444, 6.252542302778865, 6.2525423027850815, 6.252542302778715, 6.252542302778001, 6.2525423027880365, 6.252542302779098, 6.252542302786695, 6.252542302787043, 6.25254230277878, 6.252542302782114, 6.252542302779459, 6.2525423027748825, 6.252886926998979, 6.252886927010574, 6.252886927004282, 6.252886927016881, 6.252886927007156, 6.252886926984388, 6.2528869269984915, 6.252886926999733, 6.25288692700574, 6.252886927005159, 6.252886927003288, 6.252886927005291, 6.252886927004183, 6.252886926992739, 6.2528869270037815, 6.25288692699898, 6.252886927004636, 6.252886927002842, 6.252886926999627, 6.252886927003453, 6.2528869270083804, 6.252973915740835, 6.252973915733794, 6.2529739157410535, 6.252973915729055, 6.252973915725489, 6.252973915749346, 6.252973915746203, 6.25297391574593, 6.252973915736081, 6.252973915736652, 6.2529739157361, 6.252973915737441, 6.252973915738575, 6.252973915750642, 6.252973915738456, 6.252973915740846, 6.252973915731328, 6.252973915740366, 6.2529739157422295, 6.252973915738687, 6.252973915734551, 6.252975923053041, 6.252975923055566, 6.252975923048198, 6.252975923057591, 6.252975923071844, 6.252975923049849, 6.252975923044539, 6.252975923044244, 6.252975923054568, 6.252975923055015, 6.252975923055594, 6.252975923053081, 6.252975923053947, 6.252975923042157, 6.252975923053438, 6.252975923053045, 6.2529759230628255, 6.252975923051246, 6.252975923051696, 6.252975923054097, 6.252975923056271, 6.253055859287829, 6.2530558592894305, 6.253055859295098, 6.253055859288456, 6.253055859270175, 6.253055859287273, 6.253055859296625, 6.253055859297203, 6.25305585928951, 6.253055859287609, 6.253055859289379, 6.253055859290574, 6.253055859287267, 6.253055859296401, 6.253055859288763, 6.25305585928783, 6.253055859280942, 6.253055859290554, 6.253055859287856, 6.25305585928706, 6.253055859287681, 6.25317545191149, 6.253175451907271, 6.2531754519041645, 6.253175451906694, 6.253175451923401, 6.253175451914124, 6.253175451905209, 6.253175451904637, 6.253175451907202, 6.253175451910711, 6.253175451906009, 6.25317545190718, 6.253175451912153, 6.253175451906961, 6.2531754519101845, 6.253175451911491, 6.253175451913534, 6.253175451909347, 6.253175451912904, 6.253175451912303, 6.253175451909115, 6.253239652706053, 6.253239652711563, 6.253239652711413, 6.253239652713602, 6.253239652702594, 6.253239652701691, 6.253239652708201, 6.2532396527085625, 6.253239652711559, 6.2532396527074, 6.2532396527134075, 6.253239652710319, 6.253239652705447, 6.2532396527058145, 6.253239652707188, 6.253239652706054, 6.253239652708744, 6.2532396527070215, 6.25323965270343, 6.253239652705407, 6.253239652709822, 6.253235607153599, 6.253235607147993, 6.253235607151509, 6.253235607145071, 6.253235607148405, 6.253235607159208, 6.253235607155486, 6.253235607155256, 6.2532356071489135, 6.253235607151592, 6.253235607147402, 6.253235607150337, 6.253235607153414, 6.253235607158543, 6.253235607152336, 6.25323560715359, 6.253235607147533, 6.253235607153442, 6.253235607156139, 6.253235607153375, 6.253235607149226, 6.2531806313862885, 6.253180631391067, 6.253180631385108, 6.253180631394695, 6.253180631399315, 6.253180631379841, 6.253180631381556, 6.253180631381734, 6.253180631388949, 6.253180631389381, 6.2531806313886396, 6.253180631388268, 6.253180631388356, 6.253180631378235, 6.253180631388, 6.253180631386286, 6.253180631393608, 6.253180631386483, 6.25318063138573, 6.253180631388272, 6.253180631390732, 6.2530396525014, 6.253039652496998, 6.253039652504884, 6.253039652493384, 6.253039652482695, 6.253039652509267, 6.2530396525079155, 6.253039652507476, 6.253039652500793, 6.253039652497168, 6.253039652504008, 6.253039652500851, 6.253039652496551, 6.25303965251068, 6.253039652498768, 6.253039652501409, 6.253039652495354, 6.253039652500292, 6.2530396524989325, 6.253039652497005, 6.253039652496572, 6.252820344516682, 6.25282034452151, 6.252820344512178, 6.252820344525882, 6.252820344537667, 6.252820344506599, 6.252820344509501, 6.252820344510266, 6.25282034451601, 6.252820344521916, 6.252820344509746, 6.252820344516384, 6.252820344524698, 6.25282034450763, 6.252820344520666, 6.252820344516685, 6.252820344520539, 6.2528203445194, 6.252820344522583, 6.252820344523774, 6.252820344522692, 6.252590119676398, 6.2525901196697315, 6.252590119680253, 6.252590119664483, 6.252590119655014, 6.252590119690112, 6.252590119682888, 6.252590119681641, 6.252590119677021, 6.252590119669916, 6.252590119685556, 6.252590119676374, 6.2525901196656095, 6.252590119684751, 6.252590119670801, 6.2525901196764, 6.252590119674275, 6.252590119671684, 6.252590119667733, 6.252590119667093, 6.252590119668525, 6.2523794206716445, 6.252379420681867, 6.252379420670334, 6.2523794206885945, 6.252379420692632, 6.252379420653545, 6.252379420666804, 6.252379420668549, 6.252379420672623, 6.252379420679871, 6.252379420663046, 6.25237942067352, 6.252379420684225, 6.252379420663475, 6.252379420679157, 6.252379420671637, 6.252379420673324, 6.252379420678409, 6.252379420681512, 6.252379420682389, 6.252379420682025, 6.252055408509133, 6.252055408493996, 6.252055408506486, 6.252055408485244, 6.252055408489234, 6.252055408532496, 6.252055408512245, 6.25205540850997, 6.2520554085048925, 6.252055408498656, 6.2520554085147335, 6.252055408503924, 6.252055408495275, 6.252055408517928, 6.2520554084997775, 6.252055408509124, 6.252055408506002, 6.252055408500533, 6.252055408499742, 6.2520554084973226, 6.252055408495279, 6.25139288171223, 6.251392881733055, 6.2513928817193465, 6.251392881744722, 6.251392881731604, 6.251392881682824, 6.251392881710452, 6.251392881713244, 6.2513928817209665, 6.251392881725344, 6.251392881710825, 6.251392881721433, 6.2513928817272815, 6.251392881701716, 6.251392881723457, 6.251392881712224, 6.251392881717744, 6.251392881722362, 6.251392881720375, 6.251392881725069, 6.251392881730405, 6.250316753883118, 6.250316753856517, 6.25031675387212, 6.2503167538418705, 6.250316753862127, 6.25031675391894, 6.250316753884078, 6.250316753880551, 6.250316753870007, 6.25031675386721, 6.2503167538807745, 6.250316753870063, 6.250316753866405, 6.250316753895972, 6.250316753869696, 6.250316753883123, 6.250316753875114, 6.250316753871109, 6.250316753875746, 6.250316753868858, 6.250316753860381, 6.249110350335169, 6.2491103503666485, 6.249110350348628, 6.249110350383393, 6.249110350359312, 6.249110350293431, 6.249110350334477, 6.249110350338259, 6.2491103503510885, 6.249110350353811, 6.249110350339169, 6.249110350351112, 6.249110350354231, 6.249110350320102, 6.24911035035092, 6.249110350335163, 6.24911035034545, 6.249110350349112, 6.249110350343317, 6.249110350351405, 6.249110350361817, 6.2483760904698835, 6.248376090436047, 6.2483760904561665, 6.248376090418173, 6.248376090441657, 6.24837609051483, 6.248376090471539, 6.248376090467108, 6.248376090453768, 6.248376090449537, 6.248376090466914, 6.248376090453572, 6.2483760904487395, 6.248376090486866, 6.248376090452703, 6.248376090469879, 6.248376090458906, 6.248376090454571, 6.2483760904599555, 6.24837609045184, 6.248376090441135, 6.248759898210007, 6.248759898241697, 6.248759898220965, 6.248759898258335, 6.248759898241485, 6.248759898166747, 6.24875989820682, 6.248759898210862, 6.248759898223604, 6.248759898229688, 6.248759898209644, 6.248759898223935, 6.24875989823171, 6.248759898192787, 6.248759898226662, 6.248759898210002, 6.248759898220235, 6.248759898224649, 6.248759898221522, 6.248759898228484, 6.24875989823723, 6.250324658593858, 6.2503246585701575, 6.250324658588295, 6.250324658556603, 6.2503246585630565, 6.250324658628367, 6.250324658599378, 6.250324658596213, 6.250324658585164, 6.2503246585779655, 6.250324658598314, 6.250324658584697, 6.250324658574927, 6.25032465860936, 6.2503246585805, 6.250324658593845, 6.250324658585551, 6.250324658582217, 6.250324658582323, 6.250324658577651, 6.250324658572733, 6.252133699615908, 6.252133699627869, 6.252133699614532, 6.252133699635334, 6.252133699642285, 6.252133699596381, 6.252133699608744, 6.252133699610459, 6.252133699618191, 6.252133699625222, 6.252133699609124, 6.252133699618546, 6.252133699628537, 6.252133699603957, 6.252133699623695, 6.2521336996159, 6.252133699621082, 6.2521336996221795, 6.252133699624471, 6.252133699626849, 6.2521336996277626, 6.253054719415333, 6.253054719416386, 6.253054719422929, 6.253054719415219, 6.2530547193982855, 6.253054719417469, 6.253054719422896, 6.253054719423032, 6.253054719418639, 6.253054719413899, 6.2530547194219706, 6.253054719418484, 6.25305471941137, 6.253054719421763, 6.253054719414548, 6.253054719415329, 6.253054719412428, 6.253054719415602, 6.25305471941132, 6.253054719411771, 6.253054719414351, 6.252795523815826, 6.2527955238038695, 6.252795523805186, 6.252795523799345, 6.2527955238203905, 6.2527955238292785, 6.252795523809347, 6.252795523807625, 6.252795523808733, 6.252795523809865, 6.252795523811843, 6.252795523808052, 6.252795523810784, 6.252795523814938, 6.252795523810267, 6.252795523815829, 6.252795523816446, 6.252795523809697, 6.252795523814122, 6.252795523811705, 6.252795523807111, 6.25192552657866, 6.251925526597244, 6.251925526589117, 6.251925526606717, 6.251925526586099, 6.251925526553741, 6.251925526582187, 6.251925526584847, 6.251925526587315, 6.251925526590117, 6.251925526578639, 6.251925526588567, 6.251925526591003, 6.251925526573915, 6.251925526588743, 6.251925526578656, 6.251925526580337, 6.251925526588748, 6.251925526585767, 6.251925526588981, 6.2519255265939515, 6.251256334485124, 6.2512563344639, 6.251256334477245, 6.251256334452881, 6.251256334466006, 6.251256334515317, 6.251256334485651, 6.251256334482594, 6.251256334477084, 6.2512563344714644, 6.251256334488583, 6.251256334476335, 6.251256334468796, 6.251256334494928, 6.251256334472912, 6.251256334485113, 6.25125633448161, 6.251256334473662, 6.251256334475165, 6.251256334471275, 6.251256334466822, 6.2513046068299865, 6.25130460684895, 6.251304606833384, 6.2513046068597085, 6.251304606857369, 6.251304606801931, 6.251304606824984, 6.251304606827561, 6.25130460683602, 6.251304606842969, 6.251304606824597, 6.25130460683656, 6.251304606846201, 6.251304606817341, 6.251304606841096, 6.251304606829993, 6.251304606836309, 6.251304606839686, 6.251304606840683, 6.251304606843773, 6.251304606846987, 6.251935337171474, 6.251935337158599, 6.251935337173368, 6.2519353371504165, 6.251935337142, 6.251935337191837, 6.251935337180466, 6.251935337178976, 6.251935337168459, 6.251935337161612, 6.251935337176616, 6.251935337168474, 6.251935337159172, 6.251935337185854, 6.251935337163869, 6.251935337171485, 6.251935337163138, 6.251935337165871, 6.251935337163438, 6.251935337160791, 6.2519353371589625, 6.252590149615356, 6.252590149620215, 6.2525901496086735, 6.252590149624541, 6.252590149642143, 6.2525901496063225, 6.252590149604237, 6.252590149604524, 6.252590149615631, 6.252590149619778, 6.2525901496120575, 6.252590149614392, 6.25259014962133, 6.252590149602113, 6.252590149618229, 6.252590149615356, 6.2525901496243375, 6.252590149615891, 6.25259014961838, 6.252590149620824, 6.252590149621319, 6.252879272529944, 6.252879272533493, 6.252879272539557, 6.25287927253291, 6.25287927251107, 6.252879272527256, 6.252879272540615, 6.252879272541778, 6.252879272532054, 6.252879272531023, 6.252879272530803, 6.252879272533709, 6.252879272530791, 6.252879272539027, 6.252879272532062, 6.2528792725299445, 6.252879272521778, 6.252879272534124, 6.252879272531178, 6.252879272530372, 6.25287927253114, 6.252825819729747, 6.252825819720029, 6.252825819720001, 6.252825819716255, 6.252825819736758, 6.252825819742122, 6.2528258197218936, 6.252825819720133, 6.252825819725263, 6.252825819724236, 6.252825819730851, 6.252825819723791, 6.252825819723361, 6.252825819725775, 6.252825819724022, 6.2528258197297575, 6.252825819734562, 6.252825819722715, 6.2528258197251505, 6.252825819724604, 6.252825819722835, 6.252633839496708, 6.252633839509923, 6.252633839504162, 6.25263383951662, 6.252633839501767, 6.252633839478201, 6.252633839499589, 6.252633839501695, 6.252633839502256, 6.252633839505066, 6.252633839495136, 6.252633839503387, 6.252633839506385, 6.252633839493967, 6.2526338395043055, 6.252633839496708, 6.252633839496383, 6.252633839504546, 6.2526338395029475, 6.252633839504792, 6.252633839507702, 6.252443695048865, 6.2524436950345486, 6.252443695044934, 6.252443695026995, 6.252443695032626, 6.252443695068749, 6.252443695051323, 6.252443695049471, 6.252443695043231, 6.2524436950398385, 6.2524436950500775, 6.25244369504305, 6.252443695038302, 6.252443695057582, 6.252443695041024, 6.2524436950488536, 6.252443695044128, 6.252443695042068, 6.252443695042945, 6.252443695039814, 6.252443695036231, 6.252354384898352, 6.252354384910804, 6.252354384898475, 6.252354384918344, 6.252354384922776, 6.2523543848805225, 6.252354384891248, 6.2523543848925005, 6.252354384903357, 6.252354384906754, 6.252354384897642, 6.2523543849023975, 6.252354384907541, 6.252354384885829, 6.252354384904719, 6.252354384898357, 6.252354384907485, 6.25235438490283, 6.252354384903055, 6.252354384906317, 6.25235438490972, 6.252436150949267, 6.252436150940491, 6.252436150952957, 6.2524361509342965, 6.252436150922452, 6.252436150962434, 6.252436150959451, 6.25243615095894, 6.252436150946235, 6.252436150942883, 6.252436150949638, 6.252436150947634, 6.252436150942544, 6.252436150963852, 6.252436150945104, 6.252436150949268, 6.252436150938289, 6.252436150947627, 6.252436150946536, 6.252436150943218, 6.25243615094053, 6.252702088345248, 6.252702088349185, 6.25270208833859, 6.252702088353216, 6.252702088369736, 6.252702088338215, 6.252702088334268, 6.252702088334244, 6.252702088346057, 6.25270208834857, 6.252702088344517, 6.252702088344678, 6.2527020883491655, 6.25270208833238, 6.252702088346929, 6.252702088345255, 6.252702088355477, 6.252702088344525, 6.252702088346251, 6.252702088348982, 6.25270208835034, 6.25304093991167, 6.253040939912744, 6.253040939919329, 6.253040939911294, 6.253040939893588, 6.2530409399124105, 6.253040939920802, 6.253040939921436, 6.253040939912947, 6.253040939911173, 6.253040939913186, 6.253040939914231, 6.253040939910588, 6.253040939920125, 6.253040939912162, 6.253040939911666, 6.253040939904952, 6.25304093991391, 6.253040939911427, 6.253040939910532, 6.253040939910955, 6.253256690338838, 6.253256690333905, 6.253256690332126, 6.253256690332262, 6.253256690346466, 6.253256690343925, 6.2532566903334095, 6.253256690332662, 6.253256690335416, 6.253256690336654, 6.253256690336362, 6.253256690334726, 6.2532566903375395, 6.253256690335681, 6.253256690336663, 6.2532566903388345, 6.253256690340904, 6.253256690335928, 6.253256690338698, 6.253256690337893, 6.253256690335831, 6.253217724281118, 6.25321772428885, 6.253217724285603, 6.253217724292658, 6.25321772428449, 6.253217724271784, 6.253217724281904, 6.253217724282807, 6.253217724285974, 6.2532177242852285, 6.253217724284166, 6.253217724285754, 6.253217724284502, 6.253217724278176, 6.253217724284579, 6.253217724281116, 6.253217724283613, 6.253217724284218, 6.253217724281785, 6.253217724283949, 6.253217724287317, 6.252982557846784, 6.252982557837474, 6.2529825578449, 6.252982557832267, 6.252982557834028, 6.252982557858749, 6.2529825578502365, 6.252982557849343, 6.252982557841637, 6.252982557841381, 6.2529825578442315, 6.25298255784255, 6.252982557841435, 6.252982557854726, 6.252982557842513, 6.252982557846777, 6.252982557840244, 6.25298255784384, 6.252982557845211, 6.252982557842155, 6.2529825578382505, 6.252723037369396, 6.252723037379325, 6.252723037369035, 6.252723037385415, 6.252723037389573, 6.252723037355638, 6.252723037362765, 6.252723037363626, 6.2527230373738965, 6.252723037375883, 6.252723037370351, 6.252723037372655, 6.252723037375971, 6.252723037358431, 6.25272303737407, 6.252723037369393, 6.25272303737791, 6.252723037372273, 6.252723037372037, 6.252723037375174, 6.2527230373785905, 6.252582704698198, 6.252582704688596, 6.252582704700399, 6.252582704682373, 6.252582704674342, 6.252582704712624, 6.252582704706399, 6.252582704705569, 6.252582704695078, 6.252582704691588, 6.2525827046995355, 6.252582704695948, 6.252582704690549, 6.252582704710441, 6.252582704693319, 6.252582704698206, 6.252582704689536, 6.252582704695314, 6.252582704694374, 6.252582704691475, 6.252582704689087, 6.2526203355995875, 6.252620335607752, 6.252620335596216, 6.252620335613866, 6.252620335623154, 6.2526203355857985, 6.252620335591414, 6.252620335592304, 6.252620335601294, 6.252620335605869, 6.252620335595966, 6.252620335600921, 6.252620335607976, 6.252620335588046, 6.252620335604477, 6.252620335599591, 6.252620335606887, 6.252620335602699, 6.252620335604765, 6.252620335606962, 6.252620335608202, 6.252799542210258, 6.252799542203383, 6.252799542213614, 6.252799542198508, 6.25279954218974, 6.252799542222529, 6.25279954221706, 6.252799542216224, 6.252799542209454, 6.252799542204414, 6.252799542215551, 6.252799542209751, 6.252799542201948, 6.252799542219357, 6.2527995422055245, 6.252799542210253, 6.2527995422057545, 6.252799542206805, 6.2527995422042135, 6.252799542203084, 6.252799542203054, 6.253035242511707, 6.253035242517171, 6.253035242509496, 6.253035242520878, 6.253035242526689, 6.253035242501674, 6.253035242507227, 6.253035242508129, 6.253035242511677, 6.253035242516431, 6.253035242505851, 6.253035242511829, 6.253035242519217, 6.253035242505848, 6.253035242515889, 6.253035242511698, 6.253035242513534, 6.253035242515258, 6.2530352425178615, 6.253035242518146, 6.253035242517472, 6.253248274806012, 6.25324827480189, 6.253248274806514, 6.253248274799342, 6.253248274797907, 6.253248274813805, 6.253248274807691, 6.253248274806896, 6.253248274806511, 6.253248274802579, 6.2532482748110105, 6.253248274805753, 6.253248274800093, 6.253248274808749, 6.253248274802669, 6.253248274806013, 6.25324827480626, 6.253248274802791, 6.253248274800692, 6.25324827480101, 6.253248274801828, 6.2533826921255455, 6.253382692128691, 6.253382692126849, 6.253382692130089, 6.253382692127272, 6.253382692120289, 6.2533826921264755, 6.253382692127105, 6.253382692125562, 6.2533826921278095, 6.253382692122565, 6.253382692126277, 6.253382692129051, 6.2533826921256095, 6.253382692127925, 6.253382692125537, 6.253382692123855, 6.253382692128278, 6.253382692128958, 6.253382692128452, 6.253382692127919, 6.253414232415841, 6.253414232413866, 6.253414232412825, 6.253414232413281, 6.253414232419886, 6.253414232418231, 6.253414232412806, 6.253414232412401, 6.253414232414895, 6.253414232414788, 6.253414232416084, 6.253414232414387, 6.253414232414641, 6.253414232413617, 6.253414232414551, 6.253414232415835, 6.253414232417962, 6.253414232413992, 6.2534142324148165, 6.253414232414937, 6.253414232414646, 6.253356562808796, 6.2533565628098735, 6.253356562813229, 6.253356562809472, 6.2533565627999215, 6.253356562809024, 6.253356562813164, 6.25335656281344, 6.253356562810636, 6.253356562808729, 6.253356562811392, 6.253356562811037, 6.2533565628077685, 6.253356562812288, 6.253356562808915, 6.2533565628088, 6.253356562806586, 6.253356562809595, 6.253356562807557, 6.253356562807823, 6.2533565628090395, 6.253252982544538, 6.253252982544232, 6.2532529825392125, 6.253252982545255, 6.253252982556517, 6.253252982542163, 6.253252982539223, 6.253252982539221, 6.253252982542008, 6.253252982545591, 6.253252982539655, 6.253252982541894, 6.253252982547613, 6.25325298253988, 6.25325298254537, 6.25325298254454, 6.253252982546639, 6.253252982544684, 6.253252982547773, 6.2532529825472665, 6.25325298254544, 6.253154648203795, 6.253154648203135, 6.253154648209363, 6.253154648201611, 6.2531546481895575, 6.253154648207855, 6.253154648209752, 6.253154648209581, 6.253154648206419, 6.2531546482018365, 6.253154648210037, 6.253154648206329, 6.25315464819923, 6.253154648209257, 6.253154648202178, 6.253154648203806, 6.2531546482019476, 6.253154648202942, 6.25315464819915, 6.253154648199817, 6.253154648201918, 6.253094022874315, 6.253094022876031, 6.253094022869046, 6.253094022878245, 6.253094022890213, 6.253094022868602, 6.25309402286811, 6.253094022868418, 6.253094022872185, 6.253094022876979, 6.25309402286784, 6.253094022872182, 6.253094022879863, 6.253094022868477, 6.253094022876573, 6.253094022874323, 6.2530940228764464, 6.2530940228757945, 6.253094022879511, 6.253094022879124, 6.253094022877251, 6.253070957213916, 6.2530709572106185, 6.253070957218474, 6.253070957207736, 6.253070957197542, 6.2530709572213565, 6.253070957220045, 6.253070957219585, 6.253070957215142, 6.253070957210595, 6.253070957219473, 6.25307095721526, 6.253070957207877, 6.25307095722058, 6.253070957211002, 6.253070957213913, 6.253070957210978, 6.253070957211934, 6.253070957208669, 6.253070957208687, 6.253070957209743, 6.253047895909513, 6.253047895914887, 6.253047895906356, 6.2530478959185976, 6.25304789592606, 6.253047895899976, 6.25304789590372, 6.253047895904338, 6.253047895909807, 6.253047895913685, 6.2530478959056435, 6.253047895909475, 6.253047895915808, 6.253047895902053, 6.253047895913051, 6.253047895909502, 6.253047895913644, 6.253047895911973, 6.2530478959143565, 6.253047895914912, 6.253047895915037, 6.252964751057742, 6.252964751049876, 6.252964751058758, 6.2529647510448845, 6.252964751040854, 6.252964751069819, 6.252964751062969, 6.252964751062113, 6.252964751055413, 6.252964751052392, 6.252964751059624, 6.252964751055986, 6.252964751051016, 6.252964751065885, 6.25296475105341, 6.252964751057734, 6.252964751052389, 6.252964751054574, 6.252964751053685, 6.252964751051924, 6.252964751050327, 6.252750326356443, 6.252750326367607, 6.252750326358006, 6.252750326374092, 6.252750326373244, 6.252750326340843, 6.252750326351965, 6.252750326353181, 6.2527503263611655, 6.2527503263635325, 6.25275032635644, 6.252750326360663, 6.252750326364232, 6.252750326347209, 6.2527503263620705, 6.252750326356443, 6.252750326362852, 6.252750326360711, 6.252750326360173, 6.252750326363175, 6.2527503263664554, 6.252291921458506, 6.252291921443019, 6.252291921453866, 6.252291921434393, 6.252291921441073, 6.252291921479321, 6.252291921461842, 6.252291921460023, 6.252291921450984, 6.2522919214489665, 6.252291921456948, 6.252291921451387, 6.252291921448712, 6.2522919214688395, 6.2522919214508414, 6.252291921458517, 6.252291921451248, 6.252291921452252, 6.252291921454335, 6.252291921450076, 6.252291921444957, 6.251389000162989, 6.251389000184549, 6.251389000171629, 6.251389000195965, 6.251389000181909, 6.25138900013459, 6.251389000161261, 6.251389000163751, 6.251389000173818, 6.251389000175892, 6.251389000165592, 6.251389000173521, 6.251389000176117, 6.251389000151583, 6.251389000173737, 6.251389000162995, 6.2513890001709695, 6.251389000172278, 6.251389000168667, 6.251389000174181, 6.251389000181274, 6.2497068194452, 6.249706819415478, 6.249706819431414, 6.249706819400645, 6.249706819424137, 6.249706819483781, 6.249706819445125, 6.249706819441253, 6.24970681943067, 6.2497068194277805, 6.249706819441894, 6.249706819430481, 6.249706819427305, 6.249706819458236, 6.249706819430241, 6.2497068194452, 6.249706819436743, 6.249706819431547, 6.249706819436696, 6.249706819430035, 6.2497068194204966, 6.2470064523415045, 6.247006452380729, 6.24700645236147, 6.2470064523996465, 6.247006452364956, 6.247006452290756, 6.247006452344086, 6.247006452348924, 6.247006452360315, 6.247006452364496, 6.247006452344961, 6.247006452361028, 6.247006452365488, 6.247006452326859, 6.24700645236145, 6.247006452341511, 6.2470064523505275, 6.24700645236017, 6.247006452353872, 6.247006452361676, 6.247006452373633, 6.244030940156692, 6.244030940109264, 6.244030940131207, 6.2440309400870575, 6.244030940130585, 6.244030940217575, 6.24403094015175, 6.244030940144999, 6.2440309401343805, 6.2440309401289475, 6.244030940153339, 6.244030940133218, 6.244030940127637, 6.24403094017272, 6.244030940132226, 6.244030940156697, 6.24403094014782, 6.244030940133178, 6.244030940140908, 6.244030940132255, 6.24403094011821, 6.243562296865411, 6.243562296913887, 6.243562296892164, 6.243562296935732, 6.243562296890617, 6.243562296803404, 6.2435622968726925, 6.2435622968789914, 6.243562296887799, 6.24356229689409, 6.243562296868379, 6.243562296889707, 6.243562296895327, 6.243562296850007, 6.243562296890806, 6.243562296865421, 6.243562296873606, 6.243562296889874, 6.2435622968826054, 6.2435622968903255, 6.2435622969042734, 6.247724504144078, 6.247724504107329, 6.2477245041229095, 6.2477245040906295, 6.247724504126951, 6.2477245041912, 6.247724504137687, 6.247724504132362, 6.2477245041271905, 6.24772450412191, 6.2477245041424085, 6.247724504125593, 6.2477245041215, 6.247724504155442, 6.247724504124759, 6.24772450414408, 6.2477245041379135, 6.24772450412517, 6.247724504130458, 6.2477245041252445, 6.247724504115033, 6.252663618868442, 6.252663618882568, 6.252663618877035, 6.252663618888273, 6.252663618874415, 6.252663618851122, 6.2526636188719555, 6.252663618874068, 6.252663618874399, 6.252663618876662, 6.252663618869096, 6.252663618875043, 6.252663618876624, 6.25266361886448, 6.252663618875753, 6.252663618868439, 6.252663618869909, 6.252663618875626, 6.252663618872931, 6.252663618875328, 6.252663618879071, 6.252823499829098, 6.252823499841565, 6.252823499835478, 6.252823499847164, 6.252823499836844, 6.252823499813322, 6.252823499829905, 6.252823499831666, 6.252823499834669, 6.252823499836523, 6.25282349982935, 6.252823499834317, 6.2528234998370165, 6.25282349982393, 6.252823499835599, 6.252823499829092, 6.252823499831638, 6.252823499835151, 6.252823499833539, 6.252823499835756, 6.25282349983915, 6.249318194356105, 6.2493181943245295, 6.24931819433945, 6.249318194310675, 6.2493181943364515, 6.249318194396354, 6.249318194351761, 6.249318194347285, 6.249318194342454, 6.249318194337243, 6.2493181943549585, 6.249318194340997, 6.249318194336788, 6.24931819436723, 6.249318194339731, 6.249318194356103, 6.249318194350015, 6.249318194340353, 6.249318194344815, 6.249318194339895, 6.249318194331264, 6.247848327966173, 6.247848328002177, 6.247848327984804, 6.247848328019207, 6.247848327988208, 6.247848327919171, 6.247848327970798, 6.247848327975431, 6.247848327982177, 6.247848327988297, 6.247848327967794, 6.247848327984548, 6.247848327988635, 6.247848327952654, 6.247848327985333, 6.247848327966176, 6.247848327974346, 6.247848327984386, 6.247848327979709, 6.247848327984834, 6.24784832799492, 6.2506898377064095, 6.250689837680887, 6.250689837693911, 6.250689837668995, 6.250689837688829, 6.2506898377392925, 6.250689837704952, 6.250689837701619, 6.250689837694542, 6.250689837691015, 6.250689837704953, 6.250689837694924, 6.250689837690591, 6.250689837718075, 6.250689837693102, 6.250689837706407, 6.250689837699589, 6.250689837694197, 6.2506898376979, 6.25068983769307, 6.250689837685615, 6.2533207080013815, 6.25332070800573, 6.253320708001647, 6.253320708007945, 6.253320708011352, 6.2533207079963855, 6.2533207079982, 6.253320707998693, 6.253320708003646, 6.253320708004014, 6.2533207080023265, 6.2533207080024935, 6.253320708003802, 6.253320707996556, 6.253320708002885, 6.253320708001382, 6.253320708005658, 6.253320708002083, 6.253320708002216, 6.253320708003482, 6.253320708005107, 6.252118301239171, 6.252118301256033, 6.252118301251824, 6.252118301263694, 6.252118301239282, 6.2521183012173545, 6.252118301246498, 6.252118301249342, 6.252118301247482, 6.252118301249247, 6.252118301238811, 6.252118301247728, 6.252118301249848, 6.252118301237925, 6.252118301248369, 6.252118301239173, 6.252118301237757, 6.252118301249035, 6.25211830124568, 6.252118301247954, 6.252118301251999, 6.249968237840061, 6.249968237811669, 6.249968237821003, 6.2499682377999, 6.249968237832836, 6.249968237875496, 6.249968237830586, 6.249968237826261, 6.249968237827208, 6.249968237823038, 6.249968237839048, 6.249968237824955, 6.2499682378229595, 6.249968237844767, 6.249968237825103, 6.249968237840061, 6.2499682378391626, 6.2499682378246115, 6.249968237829007, 6.249968237825999, 6.249968237818476, 6.250750341511864, 6.25075034153712, 6.250750341527818, 6.2507503415470556, 6.250750341518694, 6.250750341480502, 6.25075034151989, 6.250750341523565, 6.250750341522892, 6.250750341526506, 6.250750341514178, 6.250750341525625, 6.250750341526587, 6.250750341506541, 6.250750341525564, 6.250750341511863, 6.250750341513957, 6.250750341525757, 6.250750341521119, 6.250750341524006, 6.250750341531361, 6.253037347730938, 6.2530373477209915, 6.253037347724414, 6.25303734771583, 6.253037347729468, 6.253037347743699, 6.253037347727688, 6.253037347726537, 6.253037347725008, 6.25303734772544, 6.253037347728589, 6.253037347725707, 6.253037347725901, 6.253037347733054, 6.253037347725946, 6.2530373477309436, 6.253037347729021, 6.253037347726025, 6.253037347728422, 6.253037347726911, 6.253037347723398, 6.2531131277212015, 6.253113127713236, 6.253113127717017, 6.2531131277096845, 6.253113127717067, 6.253113127732525, 6.25311312771855, 6.253113127717393, 6.253113127718816, 6.253113127715796, 6.253113127723328, 6.253113127717004, 6.2531131277147125, 6.253113127722883, 6.25311312771582, 6.2531131277212095, 6.253113127721573, 6.253113127715634, 6.253113127716059, 6.253113127715829, 6.253113127714602, 6.251488720864979, 6.25148872088566, 6.2514887208774095, 6.25148872089573, 6.251488720871999, 6.251488720836767, 6.251488720871081, 6.251488720874387, 6.251488720874291, 6.251488720877978, 6.251488720863165, 6.25148872087462, 6.251488720878977, 6.251488720860593, 6.2514887208765595, 6.25148872086498, 6.251488720865317, 6.2514887208768615, 6.251488720874442, 6.251488720876441, 6.251488720880871, 6.251269868414266]
Total optimisation time observed during ADAM optimization: 588.534165 seconds
Median time per evaluation during ADAM optimization: 1.166969 seconds
6.251269868414266
QAOA optimisation for n=24 took 618.19 seconds; started at 1777622481.7806048 and finished at 1777623099.97536
Finished QAOA for n=10 nodes, m=15 edges at 2026-05-01 10:11:39 on Apple M4. Time taken: 618.19 seconds. Hours: 0.17 hours. Peak RAM: 367.92 MB.
Unknown graph type for approximation ratio calculation; skipping approx ratio computation.
CSV writing for n=24 took 0.00 seconds; started at 1777623099.975363 and finished at 1777623099.9760268
results: {24: 6.251269868414266}
durations: {10: 618.1947591304779}
Results saved to: logs/adam/qaoa_results_adam_20260430_200911.csv
Global end time: 1777623099.9760342
Finalisation time: 0.00 seconds; started at 1777623099.9760299 and finished at 1777623099.976036
Sum of all section times: 618.35 seconds
