2026-05-01 11:13:09.049 system_profiler[68566:3277793] hw.cpufamily: 0x6f5129ac
Starting QAOA benchmark with global start time: 1777626788.911562
Benchmark parameters: {'optimiser': 'adam', 'circuit_type': 'hamqaoa', 'parameter_vector': [1, 1, 1], 'iterations_list': [50, 100, 200, 500], 'learning_rate_adam': 0.05, 'depth_list': [1, 2, 5, 10], 'n_start': 0, 'n_end': 30, 'singlet_injection': False, 'start_index_singlet': 0, 'warm_start': True, 'compare_with_010101': False, 'warm_start_correlations': False, 'init_QAOAparams_close_to_zero': False, 'use_correlations_as_initial_params': False, 'time_limit': 10800, 'failed_instance_termination_thrsh': 10, 'graph_generation_type': 'HOG', 'weighted': False, 'easiest_first': True, 'cpu_util_threshold': 90, 'debug': False, 'save_circuit_svg': False, 'rerun_exclude_finished_instances': False, 'optimiser_debug_iterations': 1, 'relative_graph_adjList_path': '/Users/julian_dev/Projects/MasterThesis/QAOA/HOG_graphs/list_27_graphs_adjacency_list.txt'}, Running QAOA with equal superposition
Benchmark run ID: c9a6d386
Processor: Apple M4
Hostname: Mac-mini-som-tillhor-Julian.local
Total RAM (GB): 16.0
Physical cores: 10
Logical cores: 10
Python version: 3.13.1
Initialisation time: 0.16 seconds; started at {'initialisation': 0.15694499015808105} and finished at 1777626789.0685172
Loaded HOG graph index 18 with 15 edges.
Instance generation for n=18 took 0.00 seconds; started at 1777626789.068523 and finished at 1777626789.068831
Running QAOA for n=10 nodes, m=15 edges...; Max iterations: 200
Warm-start: using parameter_vector=[1, 1, 1]
Warm-start: starting SDP solve for n_vertices=10
Starting SDP solve (solver preference: MOSEK, fallback: SCS) for n_vertices=10, matrix_dim=30, edges=15
Finished SDP solve with MOSEK. status=optimal. elapsed_seconds=0.07
Rounding...
n_vertices: 10 for n = 30
Using seed None to generate random matrix for x.
r_0: [-0.97041818  0.17589064  0.16538149]
Product state qubit 0: [[ 0.58269074+0.j         -0.48520909-0.08794532j]
 [-0.48520909+0.08794532j  0.41730926+0.j        ]]
Diagonal entries of product state 0: [0.58269074 0.41730926]
r_1: [ 0.97041869 -0.17588819 -0.1653811 ]
Product state qubit 1: [[0.41730945+0.j        0.48520935+0.0879441j]
 [0.48520935-0.0879441j 0.58269055+0.j       ]]
Diagonal entries of product state 1: [0.41730945 0.58269055]
r_2: [ 0.57623987  0.80141797 -0.16024   ]
Product state qubit 2: [[0.41988   +0.j         0.28811993-0.40070898j]
 [0.28811993+0.40070898j 0.58012   +0.j        ]]
Diagonal entries of product state 2: [0.41988 0.58012]
r_3: [ 0.10866238 -0.99291283  0.04813109]
Product state qubit 3: [[0.52406555+0.j         0.05433119+0.49645641j]
 [0.05433119-0.49645641j 0.47593445+0.j        ]]
Diagonal entries of product state 3: [0.52406555 0.47593445]
r_4: [-0.1445004  -0.98504095  0.0938827 ]
Product state qubit 4: [[ 0.54694135+0.j         -0.0722502 +0.49252047j]
 [-0.0722502 -0.49252047j  0.45305865+0.j        ]]
Diagonal entries of product state 4: [0.54694135 0.45305865]
r_5: [ 0.37599045  0.91723609 -0.13156418]
Product state qubit 5: [[0.43421791+0.j         0.18799522-0.45861805j]
 [0.18799522+0.45861805j 0.56578209+0.j        ]]
Diagonal entries of product state 5: [0.43421791 0.56578209]
r_6: [-0.10866927  0.99291178 -0.04813712]
Product state qubit 6: [[ 0.47593144+0.j         -0.05433464-0.49645589j]
 [-0.05433464+0.49645589j  0.52406856+0.j        ]]
Diagonal entries of product state 6: [0.47593144 0.52406856]
r_7: [-0.57623539 -0.80141965  0.16024769]
Product state qubit 7: [[ 0.58012385+0.j         -0.28811769+0.40070982j]
 [-0.28811769-0.40070982j  0.41987615+0.j        ]]
Diagonal entries of product state 7: [0.58012385 0.41987615]
r_8: [ 0.14450116  0.98504093 -0.09388174]
Product state qubit 8: [[0.45305913+0.j         0.07225058-0.49252047j]
 [0.07225058+0.49252047j 0.54694087+0.j        ]]
Diagonal entries of product state 8: [0.45305913 0.54694087]
r_9: [-0.37599191 -0.91723557  0.13156366]
Product state qubit 9: [[ 0.56578183+0.j         -0.18799595+0.45861778j]
 [-0.18799595-0.45861778j  0.43421817+0.j        ]]
Diagonal entries of product state 9: [0.56578183 0.43421817]
y_scalar: False
[1, -1, -1, 1, 1, -1, -1, 1, -1, 1]
Hamiltonian equals product state? [[False False False False]
 [False False False False]
 [False False False False]
 [False False False False]]
Hamiltonian: [[ 0. +0.j  0. +0.j  0. +0.j  0. +0.j]
 [ 0. +0.j  0.5+0.j -0.5+0.j  0. +0.j]
 [ 0. +0.j -0.5+0.j  0.5+0.j  0. +0.j]
 [ 0. +0.j  0. +0.j  0. +0.j  0. +0.j]], product state: [[ 0.25633262+0.j         -0.08517328+0.20778098j  0.04087806-0.27865913j
   0.21229583+0.12572726j]
 [-0.08517328-0.20778098j  0.19672651+0.j         -0.23946146+0.05945645j
   0.03137251-0.21386134j]
 [ 0.04087806+0.27865913j -0.23946146-0.05945645j  0.3094492 +0.j
  -0.10282267+0.25083681j]
 [ 0.21229583-0.12572726j  0.03137251+0.21386134j -0.10282267-0.25083681j
   0.23749166+0.j        ]]
Hamiltonian equals product state? [[False False False False]
 [False False False False]
 [False False False False]
 [False False False False]]
Hamiltonian: [[ 0. +0.j  0. +0.j  0. +0.j  0. +0.j]
 [ 0. +0.j  0.5+0.j -0.5+0.j  0. +0.j]
 [ 0. +0.j -0.5+0.j  0.5+0.j  0. +0.j]
 [ 0. +0.j  0. +0.j  0. +0.j  0. +0.j]], product state: [[ 0.24316235+0.00000000e+00j  0.28272699+5.12442109e-02j
  -0.20248234-3.67004135e-02j -0.22769371-8.53431666e-02j]
 [ 0.28272699-5.12442109e-02j  0.33952839+0.00000000e+00j
  -0.24316226-6.16541951e-07j -0.28272675-5.12449074e-02j]
 [-0.20248234+3.67004135e-02j -0.24316226+6.16541951e-07j
   0.1741471 +0.00000000e+00j  0.20248235+3.66998855e-02j]
 [-0.22769371+8.53431666e-02j -0.28272675+5.12449074e-02j
   0.20248235-3.66998855e-02j  0.24316216+0.00000000e+00j]]
Hamiltonian equals product state? [[False False False False]
 [False False False False]
 [False False False False]
 [False False False False]]
Hamiltonian: [[ 0. +0.j  0. +0.j  0. +0.j  0. +0.j]
 [ 0. +0.j  0.5+0.j -0.5+0.j  0. +0.j]
 [ 0. +0.j -0.5+0.j  0.5+0.j  0. +0.j]
 [ 0. +0.j  0. +0.j  0. +0.j  0. +0.j]], product state: [[ 0.22004464+0.j          0.02281258+0.20845212j  0.15099373-0.20999777j
   0.21458844+0.12126799j]
 [ 0.02281258-0.20845212j  0.19983536+0.j         -0.18328065-0.16480998j
   0.1371262 -0.19071121j]
 [ 0.15099373+0.20999777j -0.18328065+0.16480998j  0.3040209 +0.j
   0.03151861+0.28800429j]
 [ 0.21458844-0.12126799j  0.1371262 +0.19071121j  0.03151861-0.28800429j
   0.2760991 +0.j        ]]
Hamiltonian equals product state? [[False False False False]
 [False False False False]
 [False False False False]
 [False False False False]]
Hamiltonian: [[ 0. +0.j  0. +0.j  0. +0.j  0. +0.j]
 [ 0. +0.j  0.5+0.j -0.5+0.j  0. +0.j]
 [ 0. +0.j -0.5+0.j  0.5+0.j  0. +0.j]
 [ 0. +0.j  0. +0.j  0. +0.j  0. +0.j]], product state: [[ 0.19861069+0.j         -0.02267436-0.20717573j  0.23092638+0.04185536j
   0.01729669-0.24566345j]
 [-0.02267436+0.20717573j  0.21869876+0.j         -0.07002404+0.23610663j
   0.25428296+0.04608874j]
 [ 0.23092638-0.04185536j -0.07002404-0.23610663j  0.27732075+0.j
  -0.03166028-0.28928016j]
 [ 0.01729669+0.24566345j  0.25428296-0.04608874j -0.03166028+0.28928016j
   0.3053698 +0.j        ]]
Hamiltonian equals product state? [[False False False False]
 [False False False False]
 [False False False False]
 [False False False False]]
Hamiltonian: [[ 0. +0.j  0. +0.j  0. +0.j  0. +0.j]
 [ 0. +0.j  0.5+0.j -0.5+0.j  0. +0.j]
 [ 0. +0.j -0.5+0.j  0.5+0.j  0. +0.j]
 [ 0. +0.j  0. +0.j  0. +0.j  0. +0.j]], product state: [[ 0.23743268+0.j          0.03786404-0.25811301j  0.02461524+0.22492411j
   0.2484404 +0.00911004j]
 [ 0.03786404+0.25811301j  0.28663286+0.j         -0.24058948+0.06262849j
   0.02971595+0.2715323j ]
 [ 0.02461524-0.22492411j -0.24058948-0.06262849j  0.21562645+0.j
   0.03438654-0.23440746j]
 [ 0.2484404 -0.00911004j  0.02971595-0.2715323j   0.03438654+0.23440746j
   0.260308  +0.j        ]]
Hamiltonian equals product state? [[False False False False]
 [False False False False]
 [False False False False]
 [False False False False]]
Hamiltonian: [[ 0. +0.j  0. +0.j  0. +0.j  0. +0.j]
 [ 0. +0.j  0.5+0.j -0.5+0.j  0. +0.j]
 [ 0. +0.j -0.5+0.j  0.5+0.j  0. +0.j]
 [ 0. +0.j  0. +0.j  0. +0.j  0. +0.j]], product state: [[ 0.25190016+0.j         -0.12510586+0.17399538j  0.10906051-0.26605527j
   0.12960801+0.20746751j]
 [-0.12510586-0.17399538j  0.18231775+0.j         -0.23793751+0.05680444j
   0.07893471-0.19256278j]
 [ 0.10906051+0.26605527j -0.23793751-0.05680444j  0.32822368+0.j
  -0.16301183+0.22671444j]
 [ 0.12960801-0.20746751j  0.07893471+0.19256278j -0.16301183-0.22671444j
   0.23755841+0.j        ]]
Hamiltonian equals product state? [[False False False False]
 [False False False False]
 [False False False False]
 [False False False False]]
Hamiltonian: [[ 0. +0.j  0. +0.j  0. +0.j  0. +0.j]
 [ 0. +0.j  0.5+0.j -0.5+0.j  0. +0.j]
 [ 0. +0.j -0.5+0.j  0.5+0.j  0. +0.j]
 [ 0. +0.j  0. +0.j  0. +0.j  0. +0.j]], product state: [[ 0.23756047+0.j         -0.07893574+0.19256444j  0.16301302-0.22671386j
   0.12960688+0.20746859j]
 [-0.07893574-0.19256444j  0.18231953+0.j         -0.23793765-0.05680526j
   0.12510691-0.17399512j]
 [ 0.16301302+0.22671386j -0.23793765+0.05680526j  0.32822135+0.j
  -0.10906021+0.26605335j]
 [ 0.12960688-0.20746859j  0.12510691+0.17399512j -0.10906021-0.26605335j
   0.25189865+0.j        ]]
Hamiltonian equals product state? [[False False False False]
 [False False False False]
 [False False False False]
 [False False False False]]
Hamiltonian: [[ 0. +0.j  0. +0.j  0. +0.j  0. +0.j]
 [ 0. +0.j  0.5+0.j -0.5+0.j  0. +0.j]
 [ 0. +0.j -0.5+0.j  0.5+0.j  0. +0.j]
 [ 0. +0.j  0. +0.j  0. +0.j  0. +0.j]], product state: [[ 0.30536814+0.j          0.03165828+0.28928056j -0.25428137-0.04608911j
   0.01729903-0.24566334j]
 [ 0.03165828-0.28928056j  0.2773226 +0.j         -0.07002301+0.23610699j
  -0.23092772-0.04185621j]
 [-0.25428137+0.04608911j -0.07002301-0.23610699j  0.2186974 +0.j
   0.02267291+0.20717586j]
 [ 0.01729903+0.24566334j -0.23092772+0.04185621j  0.02267291-0.20717586j
   0.19861185+0.j        ]]
Hamiltonian equals product state? [[False False False False]
 [False False False False]
 [False False False False]
 [False False False False]]
Hamiltonian: [[ 0. +0.j  0. +0.j  0. +0.j  0. +0.j]
 [ 0. +0.j  0.5+0.j -0.5+0.j  0. +0.j]
 [ 0. +0.j -0.5+0.j  0.5+0.j  0. +0.j]
 [ 0. +0.j  0. +0.j  0. +0.j  0. +0.j]], product state: [[ 0.26030658+0.j         -0.02971786-0.27153226j -0.03438614+0.23440598j
   0.24844038+0.00910812j]
 [-0.02971786+0.27153226j  0.28663477+0.j         -0.240589  -0.06262996j
  -0.03786406+0.2581145j ]
 [-0.03438614-0.23440598j -0.240589  +0.06262996j  0.21562485+0.j
  -0.02461678-0.22492364j]
 [ 0.24844038-0.00910812j -0.03786406-0.2581145j  -0.02461678+0.22492364j
   0.23743379+0.j        ]]
Hamiltonian equals product state? [[False False False False]
 [False False False False]
 [False False False False]
 [False False False False]]
Hamiltonian: [[ 0. +0.j  0. +0.j  0. +0.j  0. +0.j]
 [ 0. +0.j  0.5+0.j -0.5+0.j  0. +0.j]
 [ 0. +0.j -0.5+0.j  0.5+0.j  0. +0.j]
 [ 0. +0.j  0. +0.j  0. +0.j  0. +0.j]], product state: [[ 0.23749173+0.j          0.10282236-0.25083717j -0.03137233+0.21386121j
   0.21229608+0.12572674j]
 [ 0.10282236+0.25083717j  0.30944962+0.j         -0.23946147+0.05945625j
  -0.04087787+0.27865926j]
 [-0.03137233-0.21386121j -0.23946147-0.05945625j  0.19672618+0.j
   0.08517286-0.20778087j]
 [ 0.21229608-0.12572674j -0.04087787-0.27865926j  0.08517286+0.20778087j
   0.25633247+0.j        ]]
Hamiltonian equals product state? [[False False False False]
 [False False False False]
 [False False False False]
 [False False False False]]
Hamiltonian: [[ 0. +0.j  0. +0.j  0. +0.j  0. +0.j]
 [ 0. +0.j  0.5+0.j -0.5+0.j  0. +0.j]
 [ 0. +0.j -0.5+0.j  0.5+0.j  0. +0.j]
 [ 0. +0.j  0. +0.j  0. +0.j  0. +0.j]], product state: [[ 0.2456726 +0.00000000e+00j -0.08163121+1.99140055e-01j
   0.10636428-2.59477757e-01j  0.17498805+1.72436291e-01j]
 [-0.08163121-1.99140055e-01j  0.18854531+0.00000000e+00j
  -0.24567273+3.84195085e-07j  0.08163094-1.99140289e-01j]
 [ 0.10636428+2.59477757e-01j -0.24567273-3.84195085e-07j
   0.32010923+0.00000000e+00j -0.10636474+2.59477729e-01j]
 [ 0.17498805-1.72436291e-01j  0.08163094+1.99140289e-01j
  -0.10636474-2.59477729e-01j  0.24567286+0.00000000e+00j]]
Hamiltonian equals product state? [[False False False False]
 [False False False False]
 [False False False False]
 [False False False False]]
Hamiltonian: [[ 0. +0.j  0. +0.j  0. +0.j  0. +0.j]
 [ 0. +0.j  0.5+0.j -0.5+0.j  0. +0.j]
 [ 0. +0.j -0.5+0.j  0.5+0.j  0. +0.j]
 [ 0. +0.j  0. +0.j  0. +0.j  0. +0.j]], product state: [[ 0.24779677+0.00000000e+00j  0.03951683-2.69379808e-01j
  -0.03273361+2.23140899e-01j  0.23735629+7.11695925e-02j]
 [ 0.03951683+2.69379808e-01j  0.29914458+0.00000000e+00j
  -0.24779653+1.86902327e-07j -0.03951659+2.69379576e-01j]
 [-0.03273361-2.23140899e-01j -0.24779653-1.86902327e-07j
   0.20526236+0.00000000e+00j  0.03273375-2.23140657e-01j]
 [ 0.23735629-7.11695925e-02j -0.03951659-2.69379576e-01j
   0.03273375+2.23140657e-01j  0.24779629+0.00000000e+00j]]
Hamiltonian equals product state? [[False False False False]
 [False False False False]
 [False False False False]
 [False False False False]]
Hamiltonian: [[ 0. +0.j  0. +0.j  0. +0.j  0. +0.j]
 [ 0. +0.j  0.5+0.j -0.5+0.j  0. +0.j]
 [ 0. +0.j -0.5+0.j  0.5+0.j  0. +0.j]
 [ 0. +0.j  0. +0.j  0. +0.j  0. +0.j]], product state: [[ 0.24466019+0.j          0.16788482-0.23348942j -0.20372959-0.03692648j
  -0.17503889+0.16908884j]
 [ 0.16788482+0.23348942j  0.33803055+0.j         -0.10455793-0.21976644j
  -0.2814795 -0.05101884j]
 [-0.20372959+0.03692648j -0.10455793+0.21976644j  0.17521981+0.j
   0.12023511-0.16721957j]
 [-0.17503889-0.16908884j -0.2814795 +0.05101884j  0.12023511+0.16721957j
   0.24208945+0.j        ]]
Hamiltonian equals product state? [[False False False False]
 [False False False False]
 [False False False False]
 [False False False False]]
Hamiltonian: [[ 0. +0.j  0. +0.j  0. +0.j  0. +0.j]
 [ 0. +0.j  0.5+0.j -0.5+0.j  0. +0.j]
 [ 0. +0.j -0.5+0.j  0.5+0.j  0. +0.j]
 [ 0. +0.j  0. +0.j  0. +0.j  0. +0.j]], product state: [[ 0.27609918+0.j         -0.13712427+0.1907104j  -0.03152082-0.2880059j
   0.21458952+0.1212653j ]
 [-0.13712427-0.1907104j   0.19983226+0.j         -0.18327998+0.16481015j
  -0.02281382-0.20844999j]
 [-0.03152082+0.2880059j  -0.18327998-0.16481015j  0.30402467+0.j
  -0.15099343+0.20999942j]
 [ 0.21458952-0.1212653j  -0.02281382+0.20844999j -0.15099343-0.20999942j
   0.22004389+0.j        ]]
Hamiltonian equals product state? [[False False False False]
 [False False False False]
 [False False False False]
 [False False False False]]
Hamiltonian: [[ 0. +0.j  0. +0.j  0. +0.j  0. +0.j]
 [ 0. +0.j  0.5+0.j -0.5+0.j  0. +0.j]
 [ 0. +0.j -0.5+0.j  0.5+0.j  0. +0.j]
 [ 0. +0.j  0. +0.j  0. +0.j  0. +0.j]], product state: [[ 0.24209116+0.j         -0.12023424+0.16722j     0.28148151+0.05101847j
  -0.17503746+0.1690899j ]
 [-0.12023424-0.16722j     0.17521829+0.j         -0.10455733-0.2197664j
   0.20372783+0.03692563j]
 [ 0.28148151-0.05101847j -0.10455733+0.2197664j   0.33803268+0.j
  -0.16788346+0.23348983j]
 [-0.17503746-0.1690899j   0.20372783-0.03692563j -0.16788346-0.23348983j
   0.24465787+0.j        ]]
Energy of rounded cut: 6.683802915323404
Check the cut: [1, -1, -1, 1, 1, -1, -1, 1, -1, 1]
13 in cut out of a total of 15 edges
Warm-start: SDP solve + rounding finished in 0.08 seconds
Warm-start: statevector build finished in 0.00 seconds
warm_start_correlations: None
Edges: [(8, 9), (0, 1), (2, 3), (1, 6), (3, 8), (5, 7), (2, 9), (0, 3), (4, 6), (4, 5), (5, 9), (4, 8), (0, 2), (6, 7), (1, 7)], weights: [1.0, 1.0, 1.0, 1.0, 1.0, 1.0, 1.0, 1.0, 1.0, 1.0, 1.0, 1.0, 1.0, 1.0, 1.0], set of nodes: {0, 1, 2, 3, 4, 5, 6, 7, 8, 9}, n: 10 nodes, p: 10 layers, N_bayes: 200 iterations
Initial state injected as warm start
Initial state energy for vector-normalised SDP solution used as warm start: 5.197036195481642
Running ADAM optimization with a single iteration (no debug loop)
ADAM optimizer configured with maxiter=200 and learning_rate=0.05
Generated 4 random initial parameter sets for ADAM optimization
Using random initial parameters with:
Param_type 1:  [ 2.53812555 -0.68868981 -1.37597051  2.87995561  2.05231862 -1.22244259
  2.93504592  1.99199519 -1.54914643  0.25114075]
Param_type 2:  [ 1.94494704 -2.24116504 -0.6787721  -2.69872856  1.14141164  2.23281983
 -1.9837115  -1.90308823 -0.24610141  0.49126029]
Param_type 3:  [ 1.7674938   1.96361633 -0.27229206  0.77336992 -1.75895023 -2.21977622
  2.39663205  2.9901999  -2.36432051 -3.01710808]
Param_type 4:  [ 1.06551469 -1.79823599 -2.08761657 -1.34402454  0.66713459 -1.14903981
  0.00820153  0.09146217  1.581095    2.98764789]
Energies observed during ADAM optimization: [3.8133509514313126, 3.813350951398302, 3.8133509514023394, 3.8133509514132196, 3.813350951415573, 3.813350951458576, 3.8133509514369073, 3.8133509514628443, 3.813350951426719, 3.8133509514400754, 3.8133509514265262, 3.813350951424936, 3.813350951404556, 3.8133509514280006, 3.813350951457713, 3.8133509514201305, 3.813350951424534, 3.8133509514358606, 3.813350951417197, 3.813350951441019, 3.8133509514269384, 3.813350951410173, 3.8133509514105848, 3.8133509514122914, 3.8133509514128012, 3.813350951430191, 3.813350951438986, 3.813350951429713, 3.8133509514168997, 3.8133509514291064, 3.8133509514313153, 3.8133509514500505, 3.8133509514337645, 3.8133509514287995, 3.813350951402385, 3.813350951443976, 3.8133509514597566, 3.813350951426178, 3.8133509514203143, 3.813350951431548, 3.813350951452383, 4.040771080907149, 4.040771080886758, 4.040771080892461, 4.040771080862085, 4.040771080887772, 4.040771080841112, 4.040771080847962, 4.040771080967507, 4.040771080925111, 4.040771080935204, 4.040771080946713, 4.040771080869233, 4.040771080880208, 4.04077108090713, 4.040771080890107, 4.040771080880081, 4.040771080934683, 4.04077108087156, 4.040771080906133, 4.040771080900666, 4.040771080904424, 4.040771080963997, 4.040771080869912, 4.040771080860843, 4.040771080880097, 4.040771080905735, 4.040771080893522, 4.040771080890577, 4.040771080899159, 4.040771080907095, 4.0407710809071515, 4.040771080951511, 4.040771080878198, 4.040771080829071, 4.0407710808786845, 4.040771080925217, 4.040771080940933, 4.040771080896443, 4.040771080906545, 4.040771080911284, 4.040771080929364, 4.27147984167806, 4.271479841709782, 4.271479841706738, 4.2714798417196835, 4.27147984173568, 4.271479841699885, 4.271479841608366, 4.271479841641638, 4.271479841605991, 4.271479841681235, 4.271479841666696, 4.271479841513107, 4.271479841735903, 4.271479841673958, 4.271479841622231, 4.271479841762535, 4.271479841666871, 4.27147984171002, 4.271479841699304, 4.271479841651851, 4.271479841680922, 4.271479841667632, 4.2714798416470225, 4.271479841716065, 4.271479841683757, 4.2714798417339805, 4.271479841629351, 4.271479841688767, 4.271479841685485, 4.271479841673765, 4.271479841678051, 4.271479841687844, 4.271479841626239, 4.271479841645116, 4.271479841697925, 4.271479841634799, 4.271479841736467, 4.271479841660468, 4.271479841670404, 4.27147984166732, 4.2714798416363875, 4.4900186286114385, 4.490018628739233, 4.4900186286789845, 4.49001862856771, 4.4900186287191515, 4.490018628672576, 4.490018628605685, 4.490018628544721, 4.490018628495932, 4.490018628529795, 4.490018628553611, 4.490018628409542, 4.490018628634617, 4.490018628617859, 4.4900186285581585, 4.490018628693247, 4.490018628548524, 4.490018628598868, 4.490018628682589, 4.490018628538491, 4.490018628619436, 4.49001862860892, 4.490018628526971, 4.490018628658792, 4.490018628655144, 4.490018628620396, 4.490018628637844, 4.490018628602713, 4.490018628629776, 4.490018628605315, 4.49001862861143, 4.490018628595017, 4.490018628612576, 4.490018628618383, 4.490018628621261, 4.490018628612684, 4.490018628647223, 4.4900186285912795, 4.490018628622428, 4.49001862859965, 4.4900186285296355, 4.862723790910809, 4.862723790971443, 4.862723790878608, 4.862723790786486, 4.8627237909327565, 4.862723790899306, 4.862723790954828, 4.862723790972616, 4.862723790898585, 4.862723790876391, 4.862723790925365, 4.862723790703549, 4.862723790895458, 4.862723790906894, 4.862723790861167, 4.86272379094015, 4.8627237908879914, 4.86272379084531, 4.862723790943437, 4.862723790861585, 4.8627237909116365, 4.86272379098356, 4.862723790776236, 4.862723790907839, 4.862723790920794, 4.862723790915981, 4.862723790968022, 4.862723790876159, 4.8627237909022965, 4.862723790905485, 4.862723790910808, 4.862723790865105, 4.862723790996196, 4.862723790932615, 4.862723790907518, 4.862723790942852, 4.862723790904566, 4.862723790930716, 4.862723790890307, 4.862723790858911, 4.8627237908327485, 5.036969016418198, 5.036969016288764, 5.036969016200232, 5.036969016350774, 5.03696901627768, 5.036969016313816, 5.0369690164318905, 5.036969016579905, 5.036969016534918, 5.036969016522054, 5.036969016488563, 5.036969016304433, 5.036969016425294, 5.036969016418592, 5.03696901645219, 5.036969016378752, 5.036969016457593, 5.03696901633305, 5.03696901631337, 5.036969016480105, 5.036969016402911, 5.036969016458974, 5.036969016282094, 5.036969016443029, 5.036969016402621, 5.036969016423138, 5.036969016381514, 5.0369690164195235, 5.0369690163766405, 5.036969016416118, 5.036969016418199, 5.036969016392623, 5.036969016476466, 5.03696901640712, 5.036969016411313, 5.036969016411478, 5.036969016410949, 5.036969016420216, 5.0369690164112635, 5.036969016403325, 5.0369690164646155, 5.222151662213357, 5.22215166212592, 5.222151662066724, 5.222151662265221, 5.222151662096863, 5.222151662074557, 5.222151662207822, 5.222151662313276, 5.22215166233136, 5.222151662251055, 5.222151662209559, 5.222151662176546, 5.222151662211001, 5.222151662215622, 5.222151662280095, 5.222151662153598, 5.22215166228918, 5.222151662179166, 5.2221516621520765, 5.22215166226626, 5.222151662208308, 5.222151662215312, 5.22215166209337, 5.2221516622937525, 5.222151662260249, 5.222151662163696, 5.222151662169731, 5.222151662236012, 5.222151662193429, 5.22215166220995, 5.222151662213356, 5.222151662182059, 5.222151662208739, 5.2221516622195825, 5.222151662212722, 5.222151662222781, 5.222151662205804, 5.222151662179116, 5.222151662280465, 5.222151662268661, 5.222151662309605, 5.358734837061686, 5.358734837211764, 5.358734837179497, 5.3587348372124515, 5.358734837147882, 5.358734836983788, 5.358734837063421, 5.358734836991881, 5.358734837078178, 5.358734836985097, 5.358734836976181, 5.358734837094246, 5.358734837039513, 5.358734837059691, 5.35873483710524, 5.358734837039493, 5.358734837128823, 5.358734837081346, 5.358734837109399, 5.358734837043989, 5.358734837076029, 5.358734837051173, 5.3587348369744765, 5.358734837158922, 5.3587348371631425, 5.358734837001425, 5.358734837072662, 5.358734837065788, 5.358734837095172, 5.358734837060697, 5.358734837061677, 5.358734837013597, 5.358734836980149, 5.358734837105044, 5.358734837080836, 5.35873483706673, 5.358734837085202, 5.358734837010675, 5.358734837140776, 5.358734837119567, 5.35873483709181, 5.453669203655633, 5.453669203898825, 5.453669203880344, 5.453669203840347, 5.453669203796831, 5.45366920356316, 5.4536692036537, 5.45366920353606, 5.453669203650418, 5.453669203633057, 5.453669203619647, 5.45366920374559, 5.453669203685119, 5.4536692036218515, 5.453669203652047, 5.4536692036778, 5.4536692036278565, 5.453669203696003, 5.453669203696512, 5.4536692036232735, 5.453669203661255, 5.453669203694077, 5.4536692036389836, 5.453669203679721, 5.453669203702937, 5.453669203663422, 5.453669203641126, 5.453669203652975, 5.4536692036837175, 5.453669203656301, 5.453669203655636, 5.453669203663272, 5.453669203522751, 5.453669203645144, 5.453669203641607, 5.453669203629745, 5.4536692036716765, 5.453669203640552, 5.453669203634232, 5.453669203627739, 5.453669203597479, 5.577931539496059, 5.577931539636064, 5.577931539629197, 5.5779315396345215, 5.577931539578434, 5.5779315393206605, 5.577931539478279, 5.577931539397006, 5.577931539522528, 5.577931539523553, 5.577931539516632, 5.577931539620922, 5.577931539576522, 5.5779315394644104, 5.577931539492422, 5.577931539521921, 5.577931539401782, 5.577931539525447, 5.577931539497935, 5.577931539477497, 5.577931539478952, 5.577931539559478, 5.577931539518331, 5.577931539460968, 5.577931539467073, 5.577931539554136, 5.577931539472395, 5.577931539499361, 5.577931539491139, 5.57793153949574, 5.577931539496068, 5.577931539582922, 5.577931539347732, 5.577931539419118, 5.577931539430483, 5.577931539491353, 5.577931539460246, 5.5779315395390645, 5.577931539378133, 5.577931539383424, 5.577931539401931, 5.7603450474658695, 5.760345047456489, 5.76034504745701, 5.76034504739693, 5.760345047599774, 5.760345047416907, 5.760345047495196, 5.760345047377917, 5.760345047479764, 5.760345047393088, 5.760345047435407, 5.760345047592224, 5.760345047466291, 5.760345047467406, 5.760345047486939, 5.760345047430925, 5.7603450474540585, 5.760345047450295, 5.760345047471945, 5.760345047437413, 5.7603450474489, 5.760345047502738, 5.760345047438776, 5.760345047479845, 5.76034504746612, 5.760345047490132, 5.760345047500408, 5.760345047455881, 5.7603450474563695, 5.76034504747036, 5.760345047465857, 5.760345047475677, 5.760345047434227, 5.760345047481764, 5.7603450474561235, 5.760345047482777, 5.760345047456542, 5.760345047499914, 5.760345047412619, 5.76034504739556, 5.760345047423308, 5.773003061326142, 5.773003061132528, 5.773003061133021, 5.773003061108385, 5.773003061451374, 5.773003061415954, 5.7730030613820364, 5.773003061324859, 5.773003061364632, 5.773003061247317, 5.773003061244717, 5.773003061415336, 5.773003061265648, 5.773003061306803, 5.77300306133287, 5.773003061299398, 5.773003061413928, 5.7730030613363965, 5.7730030612839425, 5.773003061341671, 5.773003061312914, 5.773003061310456, 5.773003061255969, 5.773003061417427, 5.773003061377178, 5.7730030613214804, 5.773003061338425, 5.773003061337331, 5.773003061314125, 5.773003061335849, 5.773003061326141, 5.773003061227903, 5.773003061413923, 5.773003061404733, 5.773003061358715, 5.773003061346755, 5.773003061332971, 5.773003061343918, 5.773003061343109, 5.7730030613277465, 5.773003061362262, 5.854799382122052, 5.854799381864383, 5.8547993818644875, 5.854799381931748, 5.854799382174301, 5.854799382184079, 5.8547993821399675, 5.854799382179441, 5.854799382161373, 5.854799382123426, 5.85479938206946, 5.854799382186332, 5.854799382097528, 5.854799382094908, 5.85479938212396, 5.85479938211801, 5.854799382196135, 5.854799382158764, 5.854799382049815, 5.854799382158249, 5.854799382109932, 5.854799382079954, 5.854799382084782, 5.854799382211685, 5.854799382167053, 5.854799382130071, 5.854799382048774, 5.854799382146536, 5.854799382094707, 5.854799382128834, 5.8547993821220485, 5.854799382062335, 5.854799382208364, 5.8547993821333835, 5.854799382132383, 5.854799382116483, 5.854799382130834, 5.854799382129031, 5.854799382131112, 5.854799382131793, 5.854799382160647, 5.989446263280038, 5.9894462631065215, 5.989446263105283, 5.989446263177141, 5.989446263299219, 5.989446263270151, 5.98944626328921, 5.989446263314956, 5.989446263248783, 5.989446263303819, 5.989446263257974, 5.989446263319532, 5.989446263317125, 5.989446263290915, 5.989446263293749, 5.989446263268595, 5.989446263289377, 5.989446263298141, 5.989446263234175, 5.989446263279024, 5.989446263281836, 5.989446263260507, 5.989446263292924, 5.989446263298368, 5.9894462632902945, 5.989446263305925, 5.989446263177048, 5.98944626328413, 5.98944626325069, 5.989446263283356, 5.989446263280033, 5.989446263334133, 5.989446263321746, 5.989446263193014, 5.989446263260531, 5.9894462632464425, 5.9894462633042425, 5.989446263272275, 5.989446263276098, 5.989446263273875, 5.989446263269229, 6.068219863962375, 6.06821986394037, 6.068219863936093, 6.068219863941701, 6.0682198640216125, 6.068219863943711, 6.068219864006752, 6.068219863959314, 6.068219863853589, 6.068219863958239, 6.0682198639466955, 6.068219863959247, 6.068219864022871, 6.068219864010279, 6.068219863973823, 6.068219863929211, 6.068219863952984, 6.068219863937775, 6.068219863963077, 6.068219863913196, 6.068219863989562, 6.068219864000989, 6.068219863990064, 6.0682198639085385, 6.068219863954137, 6.068219863981453, 6.068219863900363, 6.06821986393365, 6.068219863954177, 6.068219863966549, 6.068219863962374, 6.068219864064785, 6.068219863975836, 6.068219863854182, 6.068219863954069, 6.068219863915368, 6.068219864005297, 6.068219863936617, 6.068219863984524, 6.068219863965065, 6.068219863921608, 6.138626439949287, 6.138626439999327, 6.138626439995096, 6.138626439986969, 6.138626439997495, 6.138626439921459, 6.138626439944281, 6.1386264399717385, 6.138626439883487, 6.1386264399687835, 6.138626439963551, 6.138626439891172, 6.138626439994383, 6.138626439978922, 6.1386264399518895, 6.1386264399454, 6.138626439949335, 6.138626439917909, 6.138626439960019, 6.138626439915048, 6.138626439976099, 6.138626439974323, 6.138626439950278, 6.138626439909629, 6.138626439939183, 6.138626439965852, 6.138626439918528, 6.138626439922279, 6.138626439965013, 6.1386264399567105, 6.138626439949289, 6.138626440014577, 6.13862643995077, 6.1386264398753125, 6.138626439945583, 6.138626439919414, 6.1386264399601504, 6.138626439939184, 6.138626439963742, 6.138626439950549, 6.13862643991067, 6.157417184562285, 6.157417184610233, 6.15741718460793, 6.157417184611875, 6.157417184548451, 6.157417184515892, 6.157417184483876, 6.157417184648674, 6.157417184584806, 6.157417184608863, 6.157417184595835, 6.15741718447028, 6.157417184568872, 6.157417184551581, 6.157417184561062, 6.157417184611555, 6.157417184580958, 6.15741718454744, 6.157417184563939, 6.157417184562217, 6.157417184572511, 6.157417184545034, 6.157417184523949, 6.157417184581298, 6.157417184558392, 6.157417184578513, 6.157417184563223, 6.157417184552519, 6.157417184590162, 6.157417184573392, 6.157417184562274, 6.157417184567869, 6.157417184553426, 6.157417184542393, 6.157417184554294, 6.157417184565964, 6.157417184511559, 6.157417184589263, 6.157417184546983, 6.157417184543757, 6.157417184525629, 6.167484092824995, 6.167484092869578, 6.167484092868648, 6.167484092875143, 6.16748409281795, 6.167484092833999, 6.1674840927532815, 6.167484092931025, 6.167484092852471, 6.167484092833989, 6.1674840928318995, 6.167484092728486, 6.167484092783514, 6.167484092815229, 6.167484092829967, 6.167484092888498, 6.16748409287107, 6.16748409280774, 6.167484092839531, 6.167484092813194, 6.16748409283838, 6.1674840928273165, 6.1674840927544095, 6.167484092880923, 6.167484092839034, 6.167484092830347, 6.167484092884424, 6.1674840928121935, 6.167484092855294, 6.16748409283413, 6.167484092824994, 6.167484092801406, 6.167484092799959, 6.167484092869236, 6.1674840928498575, 6.167484092843532, 6.167484092760781, 6.167484092859426, 6.1674840928235595, 6.167484092809943, 6.167484092788202, 6.230301118972019, 6.230301118970628, 6.230301118971136, 6.230301119017332, 6.2303011189915365, 6.230301119034999, 6.2303011189273985, 6.230301119042965, 6.230301118962295, 6.230301118958939, 6.230301118956683, 6.230301118889907, 6.230301118924234, 6.23030111897159, 6.230301118984929, 6.230301119003343, 6.2303011190212745, 6.230301118921223, 6.230301118982833, 6.230301118949688, 6.230301118984977, 6.230301119003787, 6.230301118892206, 6.23030111902746, 6.230301118982534, 6.230301118972934, 6.2303011190601785, 6.230301118959645, 6.230301118985556, 6.230301118974932, 6.23030111897202, 6.2303011189487565, 6.230301118941856, 6.230301119033828, 6.230301119010927, 6.230301118993309, 6.230301118918106, 6.230301118994915, 6.230301118984812, 6.230301118969423, 6.230301118951098, 6.318538657715169, 6.3185386576294835, 6.318538657629228, 6.318538657740429, 6.31853865774553, 6.318538657777994, 6.318538657690034, 6.318538657721828, 6.318538657684112, 6.3185386577362115, 6.3185386577089035, 6.318538657674, 6.318538657708486, 6.3185386577028355, 6.318538657716935, 6.318538657689177, 6.318538657735524, 6.3185386576178395, 6.318538657688358, 6.31853865771478, 6.318538657709072, 6.3185386577404365, 6.318538657662781, 6.318538657730366, 6.318538657689145, 6.318538657714995, 6.318538657781175, 6.318538657718829, 6.318538657699064, 6.318538657715904, 6.318538657715168, 6.3185386576860285, 6.318538657706283, 6.318538657742404, 6.318538657723309, 6.318538657736238, 6.3185386576700555, 6.318538657720895, 6.3185386577173, 6.318538657724211, 6.318538657734898, 6.37459526256198, 6.374595262462348, 6.374595262458148, 6.3745952625721225, 6.37459526259894, 6.374595262597148, 6.374595262567813, 6.374595262485952, 6.374595262521073, 6.374595262599358, 6.374595262564901, 6.374595262581439, 6.374595262599255, 6.3745952625414075, 6.374595262552116, 6.374595262501856, 6.374595262544659, 6.374595262450009, 6.374595262511968, 6.374595262580937, 6.374595262547794, 6.374595262563883, 6.3745952625482944, 6.374595262534504, 6.374595262516614, 6.374595262549158, 6.374595262610546, 6.3745952625742275, 6.374595262537391, 6.37459526256626, 6.374595262561983, 6.374595262533112, 6.374595262579093, 6.374595262539815, 6.374595262534773, 6.37459526258104, 6.37459526252966, 6.374595262547111, 6.374595262557682, 6.374595262588765, 6.37459526261592, 6.420331265336642, 6.420331265316972, 6.420331265311384, 6.420331265345521, 6.420331265375, 6.420331265345301, 6.420331265366212, 6.420331265202163, 6.420331265290937, 6.420331265342038, 6.420331265331502, 6.420331265407484, 6.4203312653890885, 6.420331265324118, 6.420331265339196, 6.420331265288595, 6.420331265291953, 6.420331265264925, 6.42033126530213, 6.420331265352679, 6.420331265338802, 6.420331265321139, 6.420331265342907, 6.42033126530488, 6.4203312653169755, 6.420331265308956, 6.420331265393295, 6.420331265342536, 6.420331265334399, 6.4203312653439735, 6.420331265336642, 6.420331265336736, 6.420331265356946, 6.420331265283561, 6.42033126529663, 6.420331265353603, 6.420331265320113, 6.420331265308656, 6.420331265341774, 6.4203312653788, 6.420331265389141, 6.455290186293523, 6.455290186389864, 6.455290186386608, 6.455290186306723, 6.455290186320386, 6.45529018626182, 6.455290186294325, 6.455290186179876, 6.455290186281549, 6.455290186275278, 6.455290186294932, 6.455290186386991, 6.455290186327602, 6.455290186292202, 6.4552901863249526, 6.455290186279814, 6.45529018623537, 6.455290186296776, 6.455290186290313, 6.4552901863022605, 6.455290186313135, 6.45529018626835, 6.455290186303227, 6.455290186286339, 6.455290186305705, 6.455290186280734, 6.45529018635039, 6.455290186291556, 6.455290186320274, 6.455290186301977, 6.455290186293523, 6.455290186326909, 6.4552901862925225, 6.455290186245727, 6.455290186260706, 6.455290186305947, 6.455290186285349, 6.4552901862838, 6.455290186299661, 6.455290186322188, 6.455290186304418, 6.467285448463218, 6.467285448621614, 6.467285448620133, 6.467285448459249, 6.467285448453611, 6.467285448396412, 6.46728544841742, 6.467285448430244, 6.46728544849222, 6.46728544845399, 6.467285448489343, 6.467285448549903, 6.467285448459749, 6.467285448473086, 6.46728544851419, 6.467285448470521, 6.467285448415285, 6.467285448517785, 6.467285448487155, 6.467285448458352, 6.467285448486611, 6.467285448448319, 6.467285448468304, 6.467285448480925, 6.467285448486771, 6.467285448471483, 6.4672854484990046, 6.467285448457333, 6.46728544849431, 6.467285448464654, 6.467285448463212, 6.467285448508856, 6.467285448434095, 6.467285448456418, 6.46728544845812, 6.467285448464286, 6.467285448453161, 6.467285448473407, 6.467285448471202, 6.46728544847077, 6.467285448438856, 6.479428187120187, 6.479428187226899, 6.479428187225154, 6.479428187062514, 6.479428187047514, 6.479428187067843, 6.479428187084664, 6.479428187158838, 6.479428187140569, 6.479428187140931, 6.4794281871673105, 6.479428187180893, 6.479428187092548, 6.4794281871371, 6.479428187162125, 6.479428187114693, 6.479428187095277, 6.479428187160107, 6.479428187146572, 6.479428187099005, 6.479428187131362, 6.479428187134078, 6.47942818712154, 6.479428187136124, 6.479428187136816, 6.479428187109965, 6.4794281871242365, 6.4794281871125134, 6.479428187123993, 6.479428187108714, 6.479428187120183, 6.479428187147105, 6.47942818707898, 6.479428187160971, 6.479428187145966, 6.479428187110579, 6.479428187110422, 6.479428187109257, 6.479428187145411, 6.479428187133983, 6.479428187121984, 6.484332171462076, 6.484332171478281, 6.484332171475979, 6.4843321713576545, 6.484332171350379, 6.484332171444768, 6.4843321714628015, 6.484332171531118, 6.48433217146229, 6.484332171525698, 6.484332171513136, 6.484332171483586, 6.484332171425672, 6.484332171467879, 6.484332171478505, 6.484332171429955, 6.484332171442778, 6.484332171467907, 6.484332171457989, 6.484332171449812, 6.484332171454008, 6.484332171473926, 6.484332171476793, 6.484332171455133, 6.484332171450901, 6.48433217143807, 6.48433217143441, 6.484332171456418, 6.4843321714408955, 6.484332171453283, 6.484332171462077, 6.484332171446428, 6.484332171431398, 6.484332171517855, 6.484332171485613, 6.484332171451081, 6.484332171463497, 6.484332171437419, 6.484332171481503, 6.4843321714781545, 6.484332171500413, 6.492028879885336, 6.492028879859021, 6.492028879857941, 6.492028879795603, 6.492028879789568, 6.492028879902823, 6.49202887990653, 6.492028879941235, 6.492028879874583, 6.492028879947995, 6.492028879902727, 6.492028879865672, 6.492028879839277, 6.492028879880324, 6.492028879893228, 6.4920288798482595, 6.492028879866822, 6.492028879897221, 6.492028879855897, 6.492028879892572, 6.492028879874972, 6.492028879868754, 6.492028879920353, 6.492028879873804, 6.4920288798579495, 6.492028879880682, 6.492028879845263, 6.4920288798850985, 6.4920288798695776, 6.492028879889466, 6.492028879885336, 6.492028879859569, 6.492028879858723, 6.492028879930409, 6.492028879889808, 6.492028879877918, 6.492028879902597, 6.4920288798772505, 6.492028879882609, 6.492028879893476, 6.492028879917936, 6.499623605943425, 6.499623605928206, 6.499623605928145, 6.499623605905644, 6.499623605893527, 6.499623605988473, 6.499623605974528, 6.499623605961533, 6.499623605918644, 6.49962360593361, 6.499623605909333, 6.4996236058964705, 6.499623605897705, 6.4996236059463985, 6.499623605959694, 6.499623605926732, 6.499623605931645, 6.4996236059991945, 6.499623605921948, 6.499623605949577, 6.499623605944975, 6.499623605917139, 6.49962360598408, 6.49962360594842, 6.49962360593259, 6.499623605963351, 6.499623605926609, 6.499623605947871, 6.499623605946024, 6.499623605948919, 6.4996236059434285, 6.499623605950353, 6.499623605911534, 6.499623605972015, 6.499623605943863, 6.499623605936687, 6.499623605970813, 6.499623605953385, 6.499623605937392, 6.499623605946971, 6.499623605945948, 6.499361804113227, 6.499361804121175, 6.499361804121142, 6.499361804115051, 6.499361804117339, 6.499361804155758, 6.499361804154359, 6.499361804096642, 6.499361804085872, 6.499361804034166, 6.4993618040753045, 6.499361804054035, 6.499361804085381, 6.499361804129592, 6.499361804126469, 6.499361804109938, 6.499361804103092, 6.499361804190493, 6.4993618041105226, 6.499361804106296, 6.4993618041149945, 6.499361804096748, 6.4993618041491334, 6.499361804119033, 6.499361804113718, 6.499361804144221, 6.499361804140506, 6.499361804114291, 6.499361804115845, 6.499361804110919, 6.499361804113224, 6.499361804132147, 6.499361804095374, 6.499361804121236, 6.499361804123075, 6.499361804099758, 6.49936180413905, 6.499361804132603, 6.499361804112033, 6.499361804104749, 6.4993618040950905, 6.508019975355924, 6.508019975352367, 6.508019975352448, 6.508019975369122, 6.508019975398252, 6.508019975380618, 6.508019975406994, 6.508019975325638, 6.508019975346516, 6.508019975283024, 6.508019975358501, 6.508019975298495, 6.5080199753483345, 6.508019975365085, 6.5080199753437, 6.508019975346054, 6.508019975337569, 6.508019975406542, 6.508019975350916, 6.508019975350851, 6.5080199753463, 6.508019975340207, 6.508019975389014, 6.508019975342929, 6.508019975338176, 6.508019975383449, 6.508019975402008, 6.508019975348385, 6.508019975345857, 6.50801997535459, 6.5080199753559285, 6.508019975342406, 6.50801997537238, 6.508019975342853, 6.508019975362964, 6.508019975335969, 6.508019975370777, 6.5080199753767385, 6.5080199753461745, 6.508019975334433, 6.508019975341673, 6.52202708350759, 6.522027083464804, 6.522027083464452, 6.522027083519576, 6.522027083547135, 6.52202708353632, 6.522027083557912, 6.5220270834874094, 6.522027083516021, 6.522027083476342, 6.522027083528685, 6.522027083472481, 6.5220270835109035, 6.522027083494819, 6.522027083465703, 6.52202708349788, 6.5220270834904195, 6.522027083530772, 6.522027083489492, 6.522027083513428, 6.522027083500197, 6.522027083489996, 6.522027083533836, 6.522027083489669, 6.522027083473934, 6.522027083522704, 6.522027083535313, 6.522027083498237, 6.522027083499916, 6.522027083514133, 6.522027083507591, 6.522027083465679, 6.522027083548945, 6.522027083488311, 6.52202708350087, 6.522027083491678, 6.522027083508457, 6.5220270835190215, 6.522027083492419, 6.522027083497737, 6.5220270835085, 6.537407688726497, 6.537407688669401, 6.5374076886683214, 6.53740768874681, 6.537407688737052, 6.537407688774829, 6.537407688753432, 6.537407688727405, 6.537407688746406, 6.537407688714479, 6.537407688732475, 6.5374076887330945, 6.537407688731036, 6.537407688705847, 6.537407688672997, 6.537407688739372, 6.537407688735523, 6.537407688761119, 6.537407688716062, 6.537407688730845, 6.5374076887385595, 6.537407688724343, 6.5374076887385115, 6.53740768872905, 6.537407688706101, 6.53740768873206, 6.537407688727775, 6.537407688725074, 6.537407688738307, 6.5374076887304104, 6.537407688726499, 6.5374076886947465, 6.537407688764209, 6.5374076887210695, 6.537407688718916, 6.537407688721271, 6.537407688718321, 6.537407688728085, 6.537407688729049, 6.537407688743285, 6.537407688726037, 6.545988039737831, 6.545988039707681, 6.545988039706337, 6.545988039782192, 6.545988039738417, 6.545988039777039, 6.545988039733226, 6.545988039761847, 6.545988039771057, 6.545988039735645, 6.5459880397429595, 6.545988039782894, 6.5459880397394645, 6.5459880397290835, 6.545988039692142, 6.545988039769063, 6.545988039782849, 6.5459880397897745, 6.545988039749861, 6.545988039731195, 6.545988039759713, 6.545988039759779, 6.545988039742589, 6.5459880397539205, 6.545988039735852, 6.545988039742852, 6.545988039724054, 6.545988039742111, 6.545988039759408, 6.5459880397304255, 6.545988039737834, 6.545988039724238, 6.545988039757331, 6.545988039753851, 6.545988039747172, 6.545988039738667, 6.5459880397318715, 6.545988039741336, 6.545988039760143, 6.5459880397601, 6.545988039721095, 6.55547905219248, 6.5554790521993445, 6.555479052197161, 6.555479052255412, 6.555479052206466, 6.555479052184488, 6.555479052175869, 6.555479052224734, 6.555479052228346, 6.555479052216819, 6.555479052211069, 6.555479052250526, 6.555479052198549, 6.555479052192716, 6.555479052163102, 6.555479052212505, 6.555479052253005, 6.555479052227145, 6.555479052205855, 6.555479052186582, 6.555479052203917, 6.555479052216428, 6.555479052206304, 6.555479052193647, 6.555479052188361, 6.555479052195054, 6.555479052161115, 6.555479052193984, 6.55547905220247, 6.555479052184168, 6.555479052192477, 6.55547905217428, 6.55547905220294, 6.555479052216237, 6.555479052211265, 6.555479052192867, 6.555479052195621, 6.5554790521969615, 6.555479052210661, 6.555479052201388, 6.555479052177632, 6.564746521771816, 6.564746521800992, 6.564746521798447, 6.564746521820661, 6.564746521793634, 6.564746521714862, 6.564746521767141, 6.564746521787802, 6.564746521787768, 6.564746521816328, 6.564746521781639, 6.564746521819699, 6.564746521792695, 6.564746521769665, 6.564746521759114, 6.564746521770727, 6.564746521819389, 6.56474652177579, 6.564746521769678, 6.564746521775262, 6.564746521769527, 6.564746521774296, 6.564746521794661, 6.564746521753927, 6.564746521761318, 6.564746521761022, 6.564746521717748, 6.564746521769837, 6.564746521764575, 6.5647465217714425, 6.564746521771822, 6.564746521746757, 6.564746521788085, 6.564746521779917, 6.564746521780349, 6.564746521769109, 6.56474652177829, 6.564746521762263, 6.564746521776898, 6.564746521775262, 6.5647465217857, 6.571546742818926, 6.571546742847105, 6.571546742845688, 6.571546742832728, 6.571546742839551, 6.57154674274464, 6.571546742824873, 6.571546742809795, 6.571546742813988, 6.571546742855166, 6.571546742804439, 6.571546742846794, 6.57154674285299, 6.571546742818557, 6.571546742824846, 6.571546742812744, 6.5715467428424, 6.5715467428164605, 6.571546742816645, 6.57154674282151, 6.571546742809158, 6.571546742805382, 6.571546742836384, 6.571546742803271, 6.571546742818888, 6.571546742799639, 6.571546742757334, 6.571546742819591, 6.57154674280104, 6.571546742817773, 6.571546742818925, 6.571546742810191, 6.571546742838952, 6.571546742803477, 6.571546742814701, 6.57154674281315, 6.5715467428233945, 6.571546742796704, 6.571546742822169, 6.571546742821197, 6.571546742855224, 6.5803310913322175, 6.580331091341841, 6.5803310913417565, 6.580331091322628, 6.580331091356822, 6.580331091273194, 6.5803310913260695, 6.580331091309596, 6.580331091332647, 6.580331091347581, 6.580331091314897, 6.5803310913364275, 6.580331091367748, 6.580331091342069, 6.580331091359856, 6.5803310913317, 6.580331091331956, 6.580331091340892, 6.580331091346124, 6.5803310913253545, 6.5803310913158874, 6.5803310913178, 6.580331091338645, 6.580331091331788, 6.580331091349575, 6.580331091325827, 6.5803310912833926, 6.580331091338832, 6.580331091311106, 6.580331091323254, 6.580331091332206, 6.580331091351076, 6.580331091341999, 6.580331091303671, 6.580331091323173, 6.580331091325549, 6.580331091339342, 6.580331091317416, 6.5803310913341075, 6.580331091319285, 6.580331091359437, 6.5893466668126734, 6.589346666800838, 6.58934666680139, 6.589346666791792, 6.5893466668354295, 6.589346666783459, 6.5893466667877325, 6.589346666796323, 6.589346666833509, 6.589346666813828, 6.589346666815845, 6.589346666793054, 6.589346666841082, 6.589346666828869, 6.589346666850611, 6.589346666818824, 6.589346666795103, 6.589346666823783, 6.589346666838399, 6.589346666800884, 6.589346666792854, 6.589346666805129, 6.589346666810574, 6.589346666825073, 6.589346666839488, 6.589346666820866, 6.589346666782433, 6.589346666822434, 6.589346666794286, 6.589346666800876, 6.589346666812678, 6.589346666847138, 6.5893466668104494, 6.589346666785413, 6.5893466668033245, 6.5893466668085505, 6.58934666682239, 6.589346666810276, 6.589346666808263, 6.589346666784142, 6.589346666819296, 6.602390443378415, 6.602390443351204, 6.602390443351813, 6.6023904433450555, 6.60239044337717, 6.602390443378266, 6.602390443355696, 6.602390443376525, 6.602390443404681, 6.602390443373467, 6.602390443394997, 6.602390443341321, 6.602390443398518, 6.60239044338888, 6.602390443406853, 6.6023904433901155, 6.60239044335884, 6.602390443375259, 6.602390443402928, 6.602390443369857, 6.602390443364999, 6.602390443378279, 6.602390443371493, 6.6023904433959055, 6.6023904434039675, 6.602390443379862, 6.602390443361964, 6.602390443387703, 6.602390443368643, 6.602390443371038, 6.602390443378416, 6.6023904434080425, 6.6023904433754375, 6.602390443361978, 6.602390443369444, 6.602390443380125, 6.602390443383287, 6.602390443374546, 6.602390443372212, 6.6023904433574145, 6.6023904433804255, 6.610300364759603, 6.610300364738243, 6.610300364738855, 6.610300364727524, 6.610300364730252, 6.610300364773497, 6.610300364757996, 6.610300364760239, 6.6103003647724625, 6.6103003647490075, 6.610300364770211, 6.610300364715904, 6.610300364769256, 6.610300364754128, 6.6103003647712315, 6.610300364774018, 6.6103003647544165, 6.610300364732184, 6.610300364773122, 6.61030036475978, 6.610300364758874, 6.610300364758477, 6.610300364758087, 6.610300364771059, 6.610300364769871, 6.610300364746811, 6.610300364756621, 6.610300364765655, 6.610300364763272, 6.610300364761163, 6.610300364759614, 6.610300364765586, 6.610300364762026, 6.610300364760537, 6.610300364752321, 6.610300364768439, 6.610300364759469, 6.6103003647509135, 6.610300364752609, 6.610300364760246, 6.61030036476356, 6.603239115963724, 6.6032391159726505, 6.60323911597316, 6.603239115955349, 6.60323911593025, 6.603239115980599, 6.603239115979684, 6.6032391159566455, 6.603239115957294, 6.603239115944828, 6.603239115962537, 6.6032391159271455, 6.603239115958632, 6.603239115946283, 6.603239115965719, 6.603239115979375, 6.603239115977037, 6.603239115915088, 6.603239115965866, 6.6032391159709904, 6.603239115972432, 6.603239115958091, 6.603239115974755, 6.603239115963175, 6.603239115951917, 6.603239115950343, 6.6032391159801485, 6.603239115964774, 6.6032391159799575, 6.603239115972275, 6.603239115963729, 6.60323911594318, 6.603239115966035, 6.6032391159851365, 6.603239115964399, 6.603239115978373, 6.603239115966993, 6.603239115960105, 6.603239115954581, 6.603239115975455, 6.603239115957197, 6.593842962119236, 6.593842962153693, 6.593842962153981, 6.593842962132756, 6.593842962102726, 6.593842962148693, 6.593842962135573, 6.593842962114746, 6.593842962100439, 6.59384296209574, 6.593842962115166, 6.593842962101101, 6.593842962100394, 6.5938429621062395, 6.5938429621206165, 6.593842962137203, 6.593842962138333, 6.593842962066076, 6.593842962119068, 6.593842962124371, 6.593842962129526, 6.593842962120439, 6.593842962134085, 6.593842962113583, 6.5938429620965175, 6.593842962117421, 6.593842962155941, 6.593842962116056, 6.593842962140615, 6.593842962126486, 6.593842962119232, 6.593842962089583, 6.593842962113594, 6.593842962155459, 6.593842962133416, 6.593842962136168, 6.593842962130434, 6.593842962125626, 6.593842962113528, 6.59384296212464, 6.593842962093652, 6.597263634114085, 6.597263634141015, 6.597263634141053, 6.597263634123338, 6.597263634112668, 6.59726363416514, 6.597263634119846, 6.597263634127193, 6.597263634095279, 6.597263634098809, 6.597263634107509, 6.597263634115125, 6.597263634091231, 6.597263634110497, 6.597263634115423, 6.597263634133488, 6.597263634117993, 6.5972636340714885, 6.597263634116569, 6.5972636341133395, 6.597263634121118, 6.5972636341267386, 6.597263634119782, 6.597263634113939, 6.597263634094743, 6.597263634120883, 6.597263634156622, 6.5972636341113295, 6.5972636341331325, 6.597263634116317, 6.597263634114082, 6.597263634091418, 6.597263634104348, 6.597263634149074, 6.597263634132003, 6.597263634129565, 6.597263634125113, 6.59726363412491, 6.5972636341130375, 6.597263634110932, 6.597263634082483, 6.6098713708587375, 6.60987137085496, 6.609871370854663, 6.609871370841661, 6.609871370860328, 6.609871370918171, 6.60987137085464, 6.60987137088877, 6.609871370849455, 6.60987137086044, 6.609871370839477, 6.6098713708711765, 6.609871370844712, 6.609871370855934, 6.609871370857878, 6.60987137087479, 6.60987137083442, 6.6098713708309464, 6.609871370859445, 6.609871370858622, 6.609871370861031, 6.609871370871528, 6.609871370852647, 6.609871370867344, 6.609871370848301, 6.609871370864212, 6.609871370887317, 6.60987137086111, 6.60987137087146, 6.609871370860249, 6.609871370858748, 6.609871370846524, 6.6098713708571415, 6.6098713708750365, 6.609871370863112, 6.609871370870364, 6.609871370857631, 6.609871370866198, 6.6098713708528365, 6.6098713708550205, 6.609871370842933, 6.621064674669728, 6.621064674651588, 6.621064674650722, 6.621064674633008, 6.621064674674155, 6.621064674712945, 6.621064674659662, 6.621064674699732, 6.6210646746729305, 6.621064674680045, 6.621064674641469, 6.62106467468577, 6.6210646746707695, 6.621064674666524, 6.621064674671887, 6.621064674676671, 6.621064674625285, 6.621064674654746, 6.621064674664286, 6.621064674675662, 6.621064674666665, 6.621064674674694, 6.621064674659111, 6.621064674680877, 6.621064674668559, 6.621064674670285, 6.6210646746812944, 6.621064674675409, 6.6210646746744475, 6.621064674674602, 6.621064674669729, 6.621064674667314, 6.621064674679474, 6.621064674663265, 6.621064674660722, 6.621064674676493, 6.621064674658644, 6.621064674670921, 6.621064674652386, 6.621064674667334, 6.621064674675513, 6.631167344894391, 6.631167344897372, 6.631167344896026, 6.631167344864397, 6.63116734491102, 6.63116734490883, 6.631167344881797, 6.6311673449053306, 6.631167344905136, 6.631167344894175, 6.631167344873551, 6.631167344911698, 6.6311673449067285, 6.631167344901019, 6.6311673449075474, 6.631167344891983, 6.631167344853342, 6.631167344890916, 6.631167344886489, 6.631167344902302, 6.631167344887728, 6.631167344896236, 6.631167344888413, 6.6311673449000725, 6.631167344903496, 6.631167344891639, 6.6311673449025434, 6.631167344897215, 6.631167344892031, 6.631167344900303, 6.63116734489438, 6.6311673449037585, 6.631167344906278, 6.6311673448763635, 6.631167344889605, 6.6311673448963635, 6.6311673448869355, 6.631167344890344, 6.631167344873214, 6.631167344890924, 6.631167344910358, 6.6383826481938, 6.638382648226248, 6.638382648224754, 6.638382648185124, 6.638382648221813, 6.638382648182512, 6.638382648182934, 6.638382648183126, 6.638382648206208, 6.638382648178288, 6.638382648186403, 6.6383826482111905, 6.638382648208775, 6.638382648213953, 6.638382648217337, 6.638382648188665, 6.638382648174514, 6.638382648201177, 6.6383826481888875, 6.638382648198377, 6.6383826481879264, 6.638382648196936, 6.638382648197272, 6.638382648192941, 6.638382648211054, 6.638382648188624, 6.638382648204442, 6.638382648191639, 6.638382648188875, 6.6383826481970765, 6.638382648193798, 6.638382648213491, 6.638382648200708, 6.638382648176931, 6.638382648202991, 6.638382648192013, 6.638382648193641, 6.638382648187576, 6.638382648179587, 6.638382648190698, 6.638382648207573, 6.645613384239944, 6.645613384271061, 6.645613384269815, 6.645613384242344, 6.6456133842632035, 6.645613384212595, 6.6456133842343, 6.645613384222813, 6.645613384252241, 6.645613384229841, 6.645613384238588, 6.645613384252561, 6.645613384250654, 6.645613384261853, 6.645613384262579, 6.645613384237785, 6.645613384242614, 6.645613384253064, 6.645613384237252, 6.645613384242838, 6.645613384238332, 6.6456133842407805, 6.645613384251461, 6.6456133842380165, 6.645613384255144, 6.645613384232747, 6.645613384241261, 6.645613384237005, 6.6456133842378105, 6.645613384241529, 6.645613384239944, 6.64561338425895, 6.645613384246355, 6.64561338422874, 6.645613384253622, 6.645613384236796, 6.64561338423605, 6.645613384234582, 6.6456133842328216, 6.645613384240858, 6.645613384247335, 6.6514449788264685, 6.651444978822351, 6.651444978821448, 6.651444978823046, 6.6514449788307015, 6.651444978796476, 6.651444978828211, 6.651444978816179, 6.651444978836636, 6.651444978843294, 6.6514449788267305, 6.651444978830354, 6.651444978830862, 6.651444978837683, 6.651444978836114, 6.65144497882789, 6.651444978839922, 6.651444978837953, 6.651444978824116, 6.651444978829529, 6.65144497882899, 6.651444978823797, 6.651444978840893, 6.651444978827652, 6.651444978828709, 6.651444978819668, 6.651444978809486, 6.6514449788270396, 6.651444978828565, 6.6514449788276435, 6.6514449788264685, 6.6514449788314725, 6.651444978840247, 6.651444978821118, 6.651444978832811, 6.651444978824874, 6.651444978811427, 6.651444978823704, 6.651444978822498, 6.651444978830849, 6.651444978826866, 6.651348505012096, 6.6513485049753385, 6.6513485049748216, 6.651348505001853, 6.6513485050008505, 6.651348504992411, 6.651348505022184, 6.651348505006914, 6.6513485050164, 6.651348505047175, 6.651348505018731, 6.65134850500985, 6.651348505011339, 6.651348505013944, 6.651348505008066, 6.651348505016299, 6.6513485050277215, 6.651348505021742, 6.651348505015165, 6.651348505010683, 6.651348505016287, 6.651348505013049, 6.6513485050256556, 6.651348505014802, 6.65134850500143, 6.651348505008879, 6.6513485049883565, 6.651348505016252, 6.6513485050158625, 6.651348505009347, 6.651348505012098, 6.651348505000731, 6.651348505032188, 6.651348505013783, 6.651348505012159, 6.651348505013293, 6.651348504993563, 6.651348505012901, 6.651348505014463, 6.651348505014881, 6.6513485050036145, 6.652284318886587, 6.652284318852549, 6.65228431885232, 6.652284318885723, 6.6522843188758, 6.652284318880135, 6.652284318903058, 6.65228431887632, 6.652284318883424, 6.652284318909712, 6.652284318901742, 6.652284318882841, 6.652284318882724, 6.652284318886758, 6.652284318880368, 6.6522843188924385, 6.652284318902668, 6.652284318901504, 6.652284318899755, 6.652284318877259, 6.652284318890672, 6.652284318894013, 6.652284318900894, 6.652284318886623, 6.652284318872167, 6.652284318887866, 6.6522843188731855, 6.652284318891931, 6.652284318889979, 6.6522843188772915, 6.652284318886593, 6.652284318868239, 6.652284318904877, 6.652284318894038, 6.652284318886247, 6.652284318888872, 6.652284318877728, 6.6522843188903344, 6.652284318898586, 6.652284318884929, 6.6522843188695, 6.656804741833672, 6.656804741829353, 6.656804741829281, 6.6568047418556295, 6.6568047418342315, 6.656804741833814, 6.656804741852932, 6.656804741816587, 6.656804741825352, 6.656804741830946, 6.65680474185028, 6.656804741827774, 6.656804741829594, 6.65680474183219, 6.656804741835443, 6.656804741837151, 6.656804741850233, 6.656804741857376, 6.656804741848807, 6.656804741823202, 6.656804741837787, 6.656804741838156, 6.656804741853152, 6.65680474182872, 6.656804741821837, 6.656804741836831, 6.656804741831288, 6.656804741837616, 6.656804741837115, 6.65680474182368, 6.656804741833671, 6.656804741816136, 6.6568047418465515, 6.656804741841144, 6.6568047418312855, 6.656804741833628, 6.656804741838795, 6.656804741836513, 6.656804741846467, 6.656804741831509, 6.6568047418156056, 6.663046197807186, 6.663046197825023, 6.663046197825012, 6.66304619784173, 6.663046197815501, 6.6630461978095825, 6.663046197825516, 6.663046197798551, 6.663046197799396, 6.663046197791889, 6.663046197819501, 6.6630461977958495, 6.663046197806309, 6.663046197800406, 6.663046197815861, 6.6630461978038555, 6.663046197821641, 6.663046197835983, 6.663046197811321, 6.6630461978043645, 6.663046197810798, 6.663046197803286, 6.663046197829371, 6.663046197800073, 6.663046197799133, 6.6630461978071445, 6.66304619780488, 6.663046197808588, 6.66304619780964, 6.663046197804635, 6.663046197807199, 6.663046197791606, 6.663046197818132, 6.6630461978111555, 6.663046197798807, 6.6630461978029425, 6.663046197819002, 6.663046197803574, 6.663046197809388, 6.6630461978102, 6.663046197801382, 6.670367486811441, 6.670367486824257, 6.670367486824208, 6.670367486833589, 6.670367486817904, 6.670367486818348, 6.670367486822759, 6.670367486830775, 6.670367486811038, 6.670367486801445, 6.6703674868227, 6.67036748679647, 6.670367486813777, 6.670367486802655, 6.670367486821386, 6.670367486801957, 6.670367486819881, 6.670367486842193, 6.670367486803543, 6.670367486815662, 6.670367486811882, 6.670367486809299, 6.670367486825627, 6.670367486809471, 6.670367486807284, 6.670367486807386, 6.670367486803904, 6.670367486811919, 6.6703674868092495, 6.670367486816081, 6.670367486811435, 6.6703674867988765, 6.6703674868219895, 6.670367486814773, 6.670367486799791, 6.670367486804738, 6.670367486820136, 6.670367486801743, 6.670367486803223, 6.670367486817442, 6.670367486822334, 6.678626252368837, 6.678626252363108, 6.678626252362901, 6.678626252367385, 6.6786262523696065, 6.67862625238254, 6.678626252367687, 6.678626252414006, 6.678626252375805, 6.678626252365099, 6.678626252380247, 6.678626252358837, 6.678626252368807, 6.678626252365793, 6.678626252379469, 6.678626252360525, 6.678626252370418, 6.678626252402884, 6.678626252360132, 6.678626252371837, 6.6786262523651985, 6.678626252379192, 6.678626252368635, 6.678626252378179, 6.678626252368025, 6.67862625236619, 6.678626252360985, 6.678626252371381, 6.678626252361466, 6.67862625237306, 6.678626252368835, 6.6786262523634585, 6.678626252375588, 6.678626252375086, 6.678626252359369, 6.678626252363444, 6.6786262523716555, 6.678626252359872, 6.678626252359838, 6.678626252370717, 6.678626252384868, 6.689112906186494, 6.689112906173814, 6.689112906173449, 6.689112906173597, 6.689112906187179, 6.689112906201074, 6.689112906175777, 6.689112906228436, 6.68911290619325, 6.689112906180747, 6.689112906189577, 6.689112906188921, 6.689112906180218, 6.689112906189678, 6.689112906200017, 6.689112906184107, 6.689112906185508, 6.689112906219812, 6.689112906183251, 6.689112906185142, 6.689112906182077, 6.68911290620145, 6.689112906179523, 6.689112906203819, 6.689112906183531, 6.689112906189607, 6.689112906184239, 6.6891129061910695, 6.689112906179364, 6.6891129061869945, 6.689112906186485, 6.689112906187282, 6.689112906190506, 6.689112906192269, 6.689112906179022, 6.68911290618401, 6.689112906187525, 6.689112906183712, 6.689112906180726, 6.689112906183264, 6.689112906194461, 6.700591903656069, 6.700591903653194, 6.700591903652735, 6.700591903646385, 6.700591903665685, 6.700591903663851, 6.70059190364739, 6.700591903665451, 6.700591903654604, 6.700591903646859, 6.700591903645816, 6.70059190367037, 6.7005919036481245, 6.700591903659837, 6.700591903671386, 6.700591903655117, 6.700591903657634, 6.700591903674085, 6.700591903653984, 6.700591903653905, 6.700591903655119, 6.70059190366268, 6.700591903653277, 6.700591903670032, 6.700591903644502, 6.7005919036606265, 6.700591903661945, 6.700591903659202, 6.700591903653865, 6.70059190365566, 6.700591903656062, 6.700591903653861, 6.70059190366649, 6.700591903654236, 6.700591903648027, 6.700591903655534, 6.700591903659459, 6.700591903657142, 6.700591903651086, 6.700591903654408, 6.700591903655769, 6.708444143113584, 6.708444143120486, 6.708444143120048, 6.7084441431077995, 6.7084441431337085, 6.708444143115907, 6.708444143112443, 6.708444143089919, 6.708444143105194, 6.708444143108965, 6.708444143101558, 6.708444143132134, 6.7084441431099116, 6.708444143116968, 6.708444143127465, 6.708444143108285, 6.708444143117775, 6.708444143104318, 6.708444143108938, 6.708444143112437, 6.7084441431169495, 6.708444143113537, 6.708444143116513, 6.708444143118502, 6.708444143095063, 6.708444143111792, 6.708444143127298, 6.708444143113097, 6.708444143115285, 6.708444143113669, 6.708444143113574, 6.708444143103834, 6.708444143135338, 6.708444143103658, 6.7084441431066555, 6.708444143114507, 6.708444143119031, 6.7084441431125255, 6.708444143109363, 6.7084441431179345, 6.70844414311143, 6.71557462034517, 6.715574620347227, 6.715574620346966, 6.7155746203365005, 6.7155746203648325, 6.715574620346553, 6.715574620340269, 6.715574620314745, 6.715574620342006, 6.71557462035283, 6.715574620345097, 6.7155746203587885, 6.71557462034367, 6.715574620352077, 6.71557462035783, 6.715574620339736, 6.715574620348903, 6.715574620316373, 6.715574620340234, 6.715574620344156, 6.715574620350461, 6.715574620345749, 6.715574620349137, 6.715574620350455, 6.715574620327986, 6.715574620337835, 6.7155746203615205, 6.715574620343057, 6.715574620348766, 6.715574620345041, 6.7155746203451825, 6.715574620337891, 6.7155746203704005, 6.715574620333895, 6.715574620341491, 6.715574620347882, 6.715574620347783, 6.715574620342394, 6.7155746203427, 6.71557462035165, 6.71557462034092, 6.724801588934837, 6.7248015889250565, 6.724801588925007, 6.724801588921139, 6.724801588942331, 6.724801588933619, 6.7248015889170665, 6.724801588920721, 6.724801588944125, 6.724801588949414, 6.724801588942011, 6.7248015889381545, 6.724801588930293, 6.724801588944958, 6.724801588946658, 6.724801588940369, 6.724801588936917, 6.724801588907518, 6.72480158893206, 6.724801588933304, 6.724801588939902, 6.7248015889348025, 6.724801588936854, 6.724801588953302, 6.724801588925086, 6.724801588926255, 6.724801588946967, 6.724801588934532, 6.724801588939595, 6.724801588934313, 6.7248015889348345, 6.72480158894206, 6.724801588954901, 6.724801588926616, 6.724801588932321, 6.724801588938828, 6.724801588927305, 6.724801588933764, 6.724801588933477, 6.7248015889393224, 6.724801588927003, 6.735974723495254, 6.735974723487017, 6.735974723486994, 6.735974723481874, 6.735974723496101, 6.735974723488835, 6.7359747234779395, 6.735974723497547, 6.735974723507822, 6.735974723502945, 6.735974723497339, 6.73597472348939, 6.735974723489792, 6.735974723503506, 6.735974723503367, 6.7359747235123395, 6.735974723495906, 6.735974723480015, 6.735974723493212, 6.735974723492384, 6.735974723498882, 6.735974723491545, 6.735974723495216, 6.735974723523438, 6.735974723492778, 6.735974723482641, 6.735974723501878, 6.735974723497003, 6.735974723497681, 6.735974723494266, 6.735974723495251, 6.735974723513224, 6.7359747235131255, 6.735974723488175, 6.735974723492364, 6.735974723498518, 6.735974723476341, 6.735974723492666, 6.735974723495251, 6.735974723499757, 6.735974723492348, 6.749590681675175, 6.749590681683633, 6.749590681683642, 6.749590681670363, 6.749590681681881, 6.749590681666517, 6.749590681672534, 6.749590681680128, 6.74959068168133, 6.749590681673277, 6.749590681674463, 6.749590681666127, 6.749590681673383, 6.749590681679486, 6.74959068167921, 6.749590681689636, 6.7495906816735145, 6.7495906816666915, 6.749590681672077, 6.749590681671196, 6.749590681675781, 6.749590681670589, 6.749590681674663, 6.749590681697963, 6.749590681674255, 6.749590681658681, 6.749590681679123, 6.749590681676163, 6.749590681671058, 6.749590681673672, 6.749590681675171, 6.749590681690058, 6.74959068169613, 6.749590681666009, 6.749590681673708, 6.749590681674827, 6.749590681655775, 6.749590681668106, 6.749590681674782, 6.749590681679288, 6.749590681682274, 6.762554205810075, 6.762554205827303, 6.762554205827335, 6.762554205817935, 6.762554205817273, 6.762554205807684, 6.7625542058142525, 6.762554205807857, 6.762554205812209, 6.762554205810562, 6.762554205814331, 6.7625542058045545, 6.762554205810793, 6.76255420581307, 6.762554205814878, 6.7625542058109085, 6.762554205806197, 6.762554205804839, 6.76255420580696, 6.762554205807632, 6.762554205808327, 6.762554205809057, 6.76255420581124, 6.762554205822618, 6.762554205805301, 6.762554205801742, 6.762554205810824, 6.7625542058096375, 6.762554205803406, 6.762554205809277, 6.762554205810083, 6.762554205816734, 6.762554205830289, 6.762554205798976, 6.76255420581045, 6.7625542058045225, 6.762554205806086, 6.76255420580419, 6.762554205804365, 6.762554205808686, 6.762554205813375, 6.770847770037631, 6.770847770042883, 6.770847770042884, 6.770847770053655, 6.770847770030049, 6.77084777004812, 6.770847770039769, 6.770847770029093, 6.77084777003716, 6.770847770045478, 6.770847770040468, 6.770847770038504, 6.770847770040163, 6.770847770040021, 6.770847770043487, 6.77084777002838, 6.770847770034352, 6.7708477700407155, 6.7708477700364575, 6.770847770036804, 6.770847770037353, 6.7708477700420255, 6.770847770039717, 6.77084777004642, 6.770847770030192, 6.770847770043221, 6.770847770032671, 6.7708477700384755, 6.770847770035295, 6.770847770037319, 6.7708477700376415, 6.770847770039871, 6.770847770053192, 6.770847770027468, 6.770847770037986, 6.770847770028279, 6.770847770053488, 6.770847770035596, 6.770847770027927, 6.770847770032415, 6.770847770026355, 6.776496715971306, 6.7764967159629945, 6.776496715962969, 6.776496715987997, 6.776496715949796, 6.776496715985466, 6.776496715978008, 6.776496715968583, 6.776496715968186, 6.776496715976014, 6.77649671596671, 6.776496715975628, 6.776496715979637, 6.77649671596809, 6.776496715969435, 6.776496715961028, 6.776496715969569, 6.776496715983797, 6.776496715972262, 6.776496715968808, 6.776496715972286, 6.776496715977953, 6.776496715970516, 6.776496715980081, 6.7764967159644645, 6.7764967159798815, 6.776496715964195, 6.776496715974288, 6.776496715969716, 6.77649671596945, 6.776496715971299, 6.776496715970601, 6.776496715987311, 6.77649671596426, 6.776496715970803, 6.776496715961324, 6.776496715991738, 6.776496715968172, 6.7764967159642655, 6.77649671596715, 6.776496715957507, 6.78286417638867, 6.782864176384176, 6.782864176384201, 6.782864176406628, 6.782864176368009, 6.78286417638966, 6.782864176401064, 6.782864176403504, 6.782864176390946, 6.782864176382056, 6.782864176385276, 6.7828641763923425, 6.782864176402701, 6.782864176378667, 6.782864176376483, 6.782864176380821, 6.782864176386962, 6.782864176403783, 6.782864176390822, 6.782864176384103, 6.78286417638641, 6.7828641763928985, 6.782864176384549, 6.782864176396324, 6.7828641763833275, 6.782864176390714, 6.782864176386002, 6.782864176391753, 6.7828641763802136, 6.782864176385354, 6.782864176388681, 6.782864176386852, 6.782864176406256, 6.782864176385143, 6.782864176388747, 6.7828641763803645, 6.782864176397584, 6.782864176383207, 6.7828641763855675, 6.782864176383664, 6.78286417638517, 6.790111825692423, 6.790111825698467, 6.790111825698532, 6.790111825718244, 6.790111825678134, 6.790111825680518, 6.790111825695934, 6.790111825719433, 6.790111825705479, 6.790111825680712, 6.790111825694352, 6.790111825695304, 6.79011182570449, 6.790111825684861, 6.790111825681909, 6.7901118256862505, 6.7901118256910875, 6.790111825704818, 6.790111825694961, 6.790111825688662, 6.790111825688964, 6.790111825695341, 6.790111825689429, 6.790111825699512, 6.790111825691301, 6.790111825690776, 6.790111825693435, 6.79011182569496, 6.790111825681959, 6.790111825689816, 6.790111825692424, 6.790111825697241, 6.790111825701135, 6.790111825692768, 6.790111825694526, 6.790111825686121, 6.79011182569299, 6.790111825687344, 6.79011182569063, 6.7901118256867825, 6.790111825691794, 6.7977268723376385, 6.797726872343355, 6.797726872343391, 6.797726872369055, 6.797726872326667, 6.797726872326947, 6.797726872325297, 6.797726872356659, 6.797726872354107, 6.797726872331929, 6.797726872337317, 6.797726872340843, 6.797726872344663, 6.7977268723394495, 6.797726872339005, 6.797726872330242, 6.797726872336847, 6.797726872343, 6.797726872339286, 6.797726872335616, 6.7977268723399895, 6.79772687234411, 6.797726872337796, 6.797726872344152, 6.7977268723436595, 6.797726872336285, 6.797726872336545, 6.797726872340545, 6.797726872334987, 6.797726872336852, 6.797726872337637, 6.7977268723521656, 6.797726872332546, 6.797726872341858, 6.797726872340887, 6.7977268723321975, 6.797726872341192, 6.797726872332245, 6.797726872336965, 6.797726872338011, 6.7977268723295925, 6.804812506317063, 6.804812506315722, 6.8048125063157325, 6.80481250634194, 6.804812506312596, 6.804812506307411, 6.804812506303575, 6.804812506316578, 6.804812506327816, 6.804812506319593, 6.804812506313114, 6.804812506318773, 6.804812506325126, 6.8048125063214036, 6.804812506323677, 6.804812506304816, 6.80481250631286, 6.80481250630861, 6.804812506316992, 6.804812506315098, 6.80481250632359, 6.804812506325498, 6.804812506317778, 6.80481250632012, 6.804812506324394, 6.804812506313699, 6.804812506314415, 6.8048125063202, 6.804812506317961, 6.804812506316942, 6.804812506317064, 6.804812506330491, 6.804812506309563, 6.804812506324125, 6.804812506317934, 6.804812506312505, 6.8048125063199, 6.804812506311001, 6.804812506317577, 6.804812506322491, 6.804812506306023, 6.811311811583373, 6.811311811577231, 6.811311811577295, 6.811311811594295, 6.811311811586726, 6.811311811564566, 6.811311811582944, 6.811311811569602, 6.81131181158832, 6.811311811587459, 6.811311811578744, 6.8113118115813, 6.811311811594607, 6.811311811581696, 6.8113118115840745, 6.811311811569857, 6.811311811573475, 6.811311811564091, 6.811311811582581, 6.811311811580427, 6.8113118115867985, 6.81131181158672, 6.8113118115832245, 6.8113118115854965, 6.811311811583552, 6.811311811577346, 6.811311811584462, 6.81131181158711, 6.81131181157805, 6.8113118115828755, 6.811311811583369, 6.81131181158675, 6.811311811584009, 6.811311811592116, 6.811311811578684, 6.811311811581816, 6.811311811574497, 6.811311811580876, 6.81131181158344, 6.811311811585133, 6.811311811574991, 6.817473724069435, 6.817473724058864, 6.817473724058842, 6.817473724070102, 6.817473724071891, 6.817473724050072, 6.8174737240760255, 6.817473724049961, 6.817473724071333, 6.817473724067541, 6.817473724060115, 6.817473724065117, 6.817473724075973, 6.817473724068325, 6.817473724067664, 6.817473724063871, 6.817473724059296, 6.8174737240549765, 6.817473724069531, 6.817473724065089, 6.817473724071249, 6.817473724069793, 6.817473724068951, 6.817473724077159, 6.817473724066719, 6.817473724065864, 6.817473724076118, 6.817473724074672, 6.817473724061446, 6.817473724068937, 6.817473724069435, 6.817473724071434, 6.817473724071193, 6.817473724078351, 6.817473724062761, 6.817473724071803, 6.817473724055319, 6.817473724071617, 6.81747372406967, 6.8174737240679555, 6.817473724058573, 6.8241808821499985, 6.824180882139233, 6.82418088213913, 6.824180882146743, 6.824180882150013, 6.824180882144585, 6.824180882153145, 6.824180882131336, 6.824180882153145, 6.824180882144847, 6.824180882140342, 6.824180882144676, 6.824180882148895, 6.8241808821575045, 6.824180882153456, 6.824180882151221, 6.8241808821455345, 6.824180882145572, 6.824180882148665, 6.8241808821457886, 6.824180882154603, 6.824180882154787, 6.824180882148773, 6.824180882160932, 6.82418088215283, 6.824180882151386, 6.824180882160032, 6.824180882155171, 6.8241808821449315, 6.824180882151497, 6.824180882149996, 6.824180882158657, 6.824180882145341, 6.824180882156853, 6.824180882148188, 6.8241808821537315, 6.82418088214432, 6.824180882153174, 6.824180882150015, 6.82418088215136, 6.824180882136306, 6.830007333362716, 6.830007333362125, 6.830007333362176, 6.830007333358075, 6.83000733336803, 6.830007333365861, 6.830007333367468, 6.830007333357215, 6.8300073333707605, 6.830007333364305, 6.830007333367807, 6.830007333355027, 6.830007333362407, 6.830007333370462, 6.8300073333648506, 6.830007333361672, 6.830007333363609, 6.830007333358507, 6.830007333355421, 6.830007333361336, 6.830007333366617, 6.830007333367155, 6.830007333361357, 6.830007333370085, 6.830007333369124, 6.830007333363042, 6.830007333371108, 6.830007333365751, 6.830007333354059, 6.83000733336718, 6.830007333362724, 6.830007333371697, 6.830007333358889, 6.83000733336645, 6.830007333364966, 6.830007333364348, 6.830007333362707, 6.830007333363439, 6.830007333359392, 6.830007333366794, 6.830007333359492, 6.834347253352857, 6.834347253360521, 6.834347253360701, 6.834347253347571, 6.83434725335973, 6.834347253358321, 6.834347253363836, 6.83434725336187, 6.8343472533588825, 6.834347253361387, 6.834347253368323, 6.834347253346131, 6.834347253355283, 6.834347253354696, 6.834347253348392, 6.834347253352296, 6.834347253357188, 6.83434725335002, 6.834347253341991, 6.834347253352263, 6.834347253355802, 6.834347253350194, 6.834347253353483, 6.834347253359254, 6.834347253359622, 6.834347253350608, 6.834347253356038, 6.8343472533553085, 6.834347253339424, 6.83434725335741, 6.834347253352864, 6.834347253360572, 6.834347253352646, 6.83434725335411, 6.834347253354388, 6.8343472533515515, 6.834347253354543, 6.834347253350101, 6.8343472533484535, 6.834347253359024, 6.8343472533601295, 6.839382442519829, 6.839382442523636, 6.839382442523808, 6.8393824425116065, 6.839382442521049, 6.839382442529716, 6.839382442528806, 6.839382442528696, 6.839382442516333, 6.839382442527153, 6.839382442529194, 6.839382442520129, 6.839382442518519, 6.839382442523079, 6.839382442516298, 6.83938244252699, 6.839382442524764, 6.839382442525752, 6.839382442513214, 6.839382442516329, 6.839382442526355, 6.839382442516324, 6.83938244252138, 6.839382442529494, 6.839382442526305, 6.839382442524276, 6.839382442520652, 6.839382442524461, 6.839382442509476, 6.8393824425215035, 6.839382442519813, 6.839382442529554, 6.839382442517089, 6.8393824425188985, 6.839382442520397, 6.839382442517519, 6.839382442530004, 6.839382442517585, 6.8393824425193035, 6.839382442527709, 6.839382442518902, 6.845442867967961, 6.845442867970705, 6.845442867970848, 6.845442867955631, 6.84544286797055, 6.845442867971294, 6.845442867974188, 6.845442867973741, 6.845442867961188, 6.845442867971632, 6.845442867975098, 6.845442867974101, 6.845442867965677, 6.845442867972108, 6.845442867965277, 6.845442867975785, 6.845442867969626, 6.845442867971713, 6.845442867966618, 6.8454428679634685, 6.845442867973358, 6.845442867966937, 6.845442867968369, 6.84544286797675, 6.845442867968146, 6.845442867979908, 6.845442867970782, 6.845442867973534, 6.845442867956911, 6.845442867967716, 6.845442867967964, 6.845442867970604, 6.84544286796808, 6.845442867966438, 6.8454428679678125, 6.845442867966904, 6.8454428679817845, 6.845442867970777, 6.845442867969357, 6.845442867971325, 6.845442867956482, 6.852832883765412, 6.852832883772691, 6.852832883772883, 6.852832883752566, 6.852832883774084, 6.8528328837564745, 6.852832883772196, 6.8528328837720816, 6.852832883762174, 6.85283288376469, 6.852832883772126, 6.852832883773251, 6.8528328837678725, 6.852832883764874, 6.852832883759178, 6.852832883767461, 6.852832883766799, 6.8528328837572445, 6.852832883763688, 6.852832883762305, 6.852832883768012, 6.852832883762494, 6.852832883765523, 6.85283288377083, 6.852832883759234, 6.852832883775716, 6.8528328837682295, 6.852832883769519, 6.852832883750044, 6.85283288376572, 6.8528328837654, 6.852832883757939, 6.852832883772799, 6.852832883766056, 6.8528328837635, 6.852832883765536, 6.852832883773888, 6.85283288377007, 6.852832883765427, 6.852832883766141, 6.852832883756119, 6.861357137749112, 6.861357137753651, 6.861357137753806, 6.861357137735603, 6.86135713775926, 6.861357137742372, 6.861357137749935, 6.861357137751988, 6.861357137748068, 6.861357137740771, 6.861357137744455, 6.861357137756758, 6.861357137754147, 6.861357137748407, 6.861357137744652, 6.861357137750514, 6.8613571377540765, 6.8613571377360705, 6.861357137745402, 6.8613571377454114, 6.861357137757111, 6.8613571377477625, 6.861357137747822, 6.861357137752645, 6.861357137748349, 6.861357137754043, 6.86135713774851, 6.861357137752196, 6.861357137736884, 6.861357137749415, 6.8613571377490965, 6.8613571377438625, 6.861357137753971, 6.861357137752288, 6.861357137747237, 6.861357137748836, 6.8613571377562215, 6.861357137749052, 6.8613571377495735, 6.861357137757325, 6.861357137744619, 6.870303381011528, 6.870303381013861, 6.870303381013876, 6.87030338099586, 6.870303381022631, 6.870303381007708, 6.870303381005029, 6.870303381013908, 6.870303381015734, 6.870303381000203, 6.87030338100394, 6.8703033810148115, 6.8703033810174805, 6.870303381012359, 6.870303381010934, 6.870303381013954, 6.870303381016856, 6.870303380998354, 6.870303381007807, 6.870303381007854, 6.870303381020663, 6.8703033810130085, 6.870303381007991, 6.870303381013537, 6.870303381018977, 6.870303381012165, 6.870303381006618, 6.870303381014238, 6.870303380999587, 6.870303381011314, 6.870303381011534, 6.870303381011231, 6.870303381010676, 6.870303381016752, 6.870303381009648, 6.870303381010115, 6.870303381013411, 6.8703033810082665, 6.87030338101165, 6.870303381021538, 6.870303381010527, 6.879974894884697, 6.8799748948903705, 6.879974894890355, 6.879974894869418, 6.879974894894976, 6.879974894874985, 6.879974894876232, 6.8799748948894806, 6.879974894896055, 6.879974894877549, 6.8799748948858985, 6.879974894880324, 6.879974894890935, 6.879974894885358, 6.879974894885757, 6.879974894886108, 6.879974894888353, 6.879974894873269, 6.879974894882434, 6.879974894882893, 6.879974894886597, 6.879974894884576, 6.879974894881613, 6.879974894885999, 6.879974894894404, 6.879974894884239, 6.879974894876167, 6.879974894886936, 6.879974894866785, 6.8799748948848, 6.8799748948847075, 6.879974894884428, 6.879974894882523, 6.879974894890967, 6.879974894881321, 6.879974894882015, 6.879974894875847, 6.879974894883468, 6.879974894882046, 6.879974894886819, 6.87997489488512, 6.89074917362178, 6.890749173626495, 6.89074917362628, 6.8907491736079045, 6.890749173624607, 6.890749173613128, 6.890749173615744, 6.8907491736168565, 6.890749173630749, 6.890749173617565, 6.8907491736249735, 6.8907491736126465, 6.890749173626276, 6.890749173625809, 6.890749173626066, 6.890749173624557, 6.890749173625619, 6.890749173617441, 6.890749173622096, 6.890749173619548, 6.8907491736238, 6.8907491736226065, 6.890749173620365, 6.890749173622582, 6.890749173634159, 6.89074917362377, 6.890749173612712, 6.890749173624073, 6.890749173604674, 6.890749173620069, 6.890749173621785, 6.890749173623787, 6.8907491736181425, 6.890749173625942, 6.8907491736193665, 6.890749173617684, 6.89074917361321, 6.890749173621603, 6.890749173618898, 6.890749173623509, 6.890749173618037, 6.902149143828195, 6.902149143833438, 6.902149143833097, 6.902149143818694, 6.902149143821246, 6.902149143822144, 6.902149143830069, 6.902149143812949, 6.90214914383142, 6.902149143826187, 6.90214914383057, 6.902149143818778, 6.902149143832551, 6.902149143833744, 6.902149143832366, 6.902149143831318, 6.902149143834275, 6.90214914382911, 6.902149143828584, 6.902149143825532, 6.902149143834277, 6.902149143828546, 6.90214914382949, 6.902149143828483, 6.902149143839957, 6.9021491438324105, 6.902149143822007, 6.9021491438297815, 6.902149143814777, 6.902149143824781, 6.902149143828207, 6.9021491438305675, 6.902149143826892, 6.9021491438297025, 6.9021491438276765, 6.90214914382351, 6.90214914382488, 6.902149143828029, 6.902149143824664, 6.902149143834113, 6.902149143823468, 6.913415499864791, 6.913415499877257, 6.913415499876876, 6.913415499861104, 6.91341549985329, 6.91341549985641, 6.913415499876261, 6.913415499853344, 6.913415499867923, 6.913415499865889, 6.913415499869267, 6.913415499859088, 6.913415499872263, 6.913415499866925, 6.913415499863722, 6.913415499864321, 6.9134154998717205, 6.913415499863585, 6.913415499862394, 6.913415499863835, 6.913415499869222, 6.913415499862277, 6.913415499867358, 6.91341549986432, 6.913415499870407, 6.913415499869048, 6.9134154998648, 6.913415499863964, 6.913415499851023, 6.913415499861789, 6.913415499864795, 6.913415499862331, 6.913415499870628, 6.913415499865988, 6.9134154998657, 6.913415499861024, 6.91341549986157, 6.913415499865445, 6.913415499858222, 6.913415499869211, 6.9134154998650414, 6.924238972362659, 6.924238972375756, 6.924238972375426, 6.924238972357055, 6.924238972352099, 6.924238972358659, 6.924238972375122, 6.9242389723604525, 6.9242389723674895, 6.924238972364187, 6.924238972362836, 6.924238972365129, 6.924238972371551, 6.9242389723650195, 6.924238972360189, 6.92423897236139, 6.9242389723653766, 6.92423897235956, 6.924238972358843, 6.924238972362804, 6.924238972367649, 6.924238972365297, 6.9242389723608, 6.924238972361586, 6.924238972366301, 6.924238972367819, 6.924238972370514, 6.9242389723599045, 6.92423897235207, 6.9242389723592925, 6.924238972362658, 6.924238972359165, 6.924238972369425, 6.9242389723647975, 6.924238972365884, 6.924238972360249, 6.924238972361634, 6.924238972363231, 6.92423897235474, 6.9242389723674345, 6.924238972365097, 6.934449292051575, 6.934449292060273, 6.934449292059933, 6.9344492920414424, 6.934449292043288, 6.934449292052177, 6.934449292058367, 6.93444929205948, 6.934449292058487, 6.934449292053957, 6.934449292046404, 6.934449292061344, 6.9344492920590755, 6.934449292055588, 6.934449292050048, 6.934449292053035, 6.934449292049714, 6.934449292050522, 6.934449292047148, 6.934449292052404, 6.93444929205796, 6.934449292057514, 6.934449292046761, 6.93444929205359, 6.934449292055367, 6.9344492920574385, 6.934449292062116, 6.934449292047605, 6.9344492920452945, 6.934449292048158, 6.934449292051571, 6.9344492920519745, 6.934449292052627, 6.934449292055597, 6.934449292053823, 6.934449292048596, 6.9344492920511325, 6.934449292051698, 6.9344492920420295, 6.934449292057261, 6.934449292056579, 6.944169273221972, 6.944169273231427, 6.944169273231049, 6.944169273211421, 6.94416927322041, 6.944169273220726, 6.944169273225948, 6.9441692732356275, 6.944169273228427, 6.944169273226951, 6.944169273221085, 6.9441692732327684, 6.944169273229467, 6.94416927322413, 6.944169273219862, 6.944169273223106, 6.944169273218985, 6.944169273222479, 6.944169273218655, 6.944169273224604, 6.944169273224729, 6.944169273223821, 6.944169273219462, 6.94416927322742, 6.944169273223519, 6.944169273226164, 6.944169273228642, 6.944169273216619, 6.94416927321626, 6.944169273217319, 6.944169273221964, 6.944169273226588, 6.944169273218411, 6.944169273226788, 6.9441692732201785, 6.944169273216518, 6.944169273217746, 6.944169273221183, 6.94416927321121, 6.9441692732234035, 6.944169273232067, 6.953456769091703, 6.953456769101381, 6.953456769100795, 6.953456769081073, 6.953456769097418, 6.953456769088266, 6.953456769092697, 6.953456769096495, 6.95345676909554, 6.953456769097373, 6.953456769096204, 6.953456769097369, 6.95345676909846, 6.953456769094815, 6.953456769092728, 6.95345676908933, 6.953456769090014, 6.9534567690923055, 6.953456769091153, 6.953456769095681, 6.953456769093155, 6.953456769092669, 6.953456769091772, 6.953456769098428, 6.953456769089035, 6.953456769097925, 6.9534567690943065, 6.953456769085016, 6.953456769089204, 6.953456769085821, 6.953456769091704, 6.9534567690982145, 6.953456769085651, 6.953456769094999, 6.953456769087844, 6.9534567690842835, 6.953456769089497, 6.953456769092503, 6.953456769081123, 6.953456769091482, 6.953456769101643, 6.962506099200524, 6.962506099208447, 6.962506099207529, 6.962506099187593, 6.962506099209694, 6.962506099194344, 6.9625060991995475, 6.9625060991924865, 6.962506099202711, 6.962506099203767, 6.962506099204333, 6.962506099197831, 6.962506099205395, 6.962506099205949, 6.962506099204716, 6.962506099195315, 6.962506099201628, 6.9625060992005565, 6.962506099202515, 6.962506099205749, 6.962506099201513, 6.962506099203385, 6.962506099201346, 6.962506099208511, 6.962506099192183, 6.9625060992103425, 6.9625060992030905, 6.962506099193259, 6.9625060992016685, 6.962506099193974, 6.9625060992005245, 6.962506099205595, 6.962506099194771, 6.9625060992034005, 6.9625060991963865, 6.962506099193833, 6.962506099202411, 6.962506099204489, 6.962506099191287, 6.962506099200266, 6.962506099206352, 6.972177796679101, 6.972177796687105, 6.972177796685903, 6.972177796662268, 6.972177796688819, 6.972177796670449, 6.9721777966818, 6.972177796670355, 6.972177796679219, 6.972177796679896, 6.972177796679661, 6.972177796669478, 6.972177796683529, 6.972177796682294, 6.972177796680245, 6.972177796674741, 6.97217779668342, 6.972177796679634, 6.972177796681589, 6.9721777966877045, 6.97217779667521, 6.972177796681372, 6.972177796679305, 6.972177796688868, 6.972177796667245, 6.972177796686835, 6.972177796683696, 6.97217779667286, 6.972177796679654, 6.972177796670918, 6.9721777966790945, 6.97217779668216, 6.972177796675599, 6.972177796685615, 6.972177796673843, 6.9721777966756635, 6.9721777966788565, 6.97217779668227, 6.972177796672704, 6.972177796674868, 6.9721777966822405, 6.982631820412156, 6.982631820418124, 6.98263182041686, 6.98263182039007, 6.982631820416261, 6.982631820407761, 6.982631820414629, 6.982631820408656, 6.982631820411855, 6.982631820414691, 6.982631820411121, 6.982631820401269, 6.982631820414931, 6.982631820414093, 6.982631820412204, 6.982631820411618, 6.982631820417467, 6.982631820415538, 6.98263182041131, 6.982631820421956, 6.982631820408173, 6.982631820416576, 6.982631820409394, 6.9826318204236575, 6.982631820401505, 6.982631820418412, 6.9826318204179, 6.982631820408336, 6.982631820414984, 6.982631820405607, 6.982631820412153, 6.982631820415094, 6.982631820407964, 6.982631820424121, 6.982631820405986, 6.982631820412189, 6.982631820411873, 6.982631820413235, 6.982631820408259, 6.982631820408863, 6.982631820411171, 6.992679732155919, 6.992679732165365, 6.99267973216441, 6.992679732133604, 6.992679732156357, 6.992679732158593, 6.992679732156492, 6.992679732157779, 6.992679732155849, 6.992679732161931, 6.992679732156114, 6.992679732149549, 6.992679732157663, 6.992679732156826, 6.992679732157965, 6.992679732156139, 6.99267973215979, 6.992679732160209, 6.992679732149526, 6.992679732164589, 6.992679732154095, 6.992679732164355, 6.992679732149783, 6.99267973216534, 6.992679732148814, 6.992679732161777, 6.9926797321604015, 6.9926797321547705, 6.992679732162068, 6.992679732154176, 6.992679732155921, 6.992679732159584, 6.992679732150553, 6.992679732170823, 6.992679732149992, 6.992679732158712, 6.992679732158117, 6.9926797321548, 6.992679732153925, 6.992679732156172, 6.992679732149503, 7.001338495753102, 7.001338495772786, 7.001338495772243, 7.001338495737778, 7.0013384957559035, 7.0013384957570555, 7.00133849575634, 7.001338495759244, 7.001338495752018, 7.0013384957585245, 7.001338495754414, 7.001338495753622, 7.001338495756511, 7.001338495750499, 7.001338495754999, 7.001338495749933, 7.001338495756363, 7.0013384957556015, 7.001338495741533, 7.001338495761907, 7.001338495748823, 7.001338495760352, 7.001338495748235, 7.001338495756988, 7.001338495749201, 7.0013384957560385, 7.001338495753051, 7.001338495754175, 7.001338495759149, 7.001338495756846, 7.001338495753114, 7.001338495758128, 7.001338495749191, 7.0013384957672375, 7.001338495747047, 7.001338495757644, 7.001338495755861, 7.001338495748928, 7.001338495751742, 7.001338495752296, 7.001338495743533, 7.009159616201929, 7.009159616219535, 7.009159616219276, 7.009159616188227, 7.009159616204345, 7.0091596162039025, 7.009159616205029, 7.009159616203617, 7.009159616201334, 7.00915961620213, 7.009159616204008, 7.009159616208626, 7.009159616205676, 7.0091596162002565, 7.00915961620433, 7.009159616196737, 7.0091596162051975, 7.00915961620411, 7.009159616188896, 7.009159616208521, 7.009159616199112, 7.009159616206964, 7.009159616201199, 7.009159616201637, 7.009159616201724, 7.009159616203412, 7.009159616195706, 7.009159616204485, 7.0091596162107255, 7.009159616209207, 7.009159616201932, 7.009159616210787, 7.009159616198027, 7.009159616212439, 7.009159616196231, 7.009159616206354, 7.009159616209163, 7.00915961619594, 7.009159616201373, 7.0091596162033305, 7.0091596161900585, 7.0167442462784155, 7.016744246283827, 7.01674424628368, 7.016744246260386, 7.016744246280216, 7.016744246274326, 7.016744246282157, 7.01674424627428, 7.016744246279947, 7.016744246271755, 7.016744246279189, 7.01674424628767, 7.016744246280667, 7.016744246280471, 7.016744246279138, 7.016744246273916, 7.016744246282289, 7.016744246279653, 7.016744246268816, 7.016744246283541, 7.016744246276283, 7.0167442462813305, 7.016744246281295, 7.0167442462759615, 7.016744246281532, 7.016744246277059, 7.016744246266881, 7.016744246281115, 7.016744246290156, 7.016744246285002, 7.016744246278407, 7.0167442462901395, 7.016744246275222, 7.016744246285065, 7.016744246274916, 7.016744246281613, 7.016744246287779, 7.016744246270919, 7.0167442462797815, 7.01674424628062, 7.016744246266306, 7.023706343665519, 7.023706343663532, 7.023706343663345, 7.023706343648856, 7.023706343668728, 7.023706343651005, 7.023706343671466, 7.023706343661103, 7.023706343670999, 7.023706343655869, 7.023706343661315, 7.02370634367289, 7.02370634366471, 7.0237063436699705, 7.023706343663405, 7.0237063436627025, 7.023706343669934, 7.023706343662204, 7.023706343661584, 7.023706343670997, 7.023706343659651, 7.0237063436651805, 7.023706343670272, 7.0237063436628455, 7.023706343668416, 7.023706343661264, 7.023706343651622, 7.023706343666859, 7.023706343677182, 7.023706343670755, 7.023706343665504, 7.023706343674563, 7.0237063436663645, 7.023706343669423, 7.02370634366607, 7.023706343667638, 7.023706343669861, 7.023706343658686, 7.023706343667865, 7.023706343663949, 7.023706343655694, 7.029422284180274, 7.029422284176444, 7.029422284176071, 7.029422284171043, 7.029422284185629, 7.029422284164997, 7.029422284185351, 7.029422284175037, 7.029422284186137, 7.029422284177415, 7.029422284177847, 7.029422284184832, 7.029422284175813, 7.029422284185554, 7.02942228418042, 7.029422284180851, 7.029422284180915, 7.029422284173322, 7.029422284183444, 7.029422284183467, 7.029422284175902, 7.029422284181463, 7.029422284181782, 7.029422284178008, 7.02942228418311, 7.029422284177708, 7.029422284168068, 7.029422284180365, 7.0294222841933465, 7.029422284182714, 7.029422284180276, 7.029422284186321, 7.029422284181898, 7.0294222841799625, 7.029422284187298, 7.029422284181631, 7.029422284181992, 7.029422284175362, 7.02942228418583, 7.029422284179979, 7.029422284170691, 7.032647287656178, 7.032647287654536, 7.0326472876538775, 7.032647287660327, 7.032647287658792, 7.03264728764459, 7.032647287659405, 7.032647287654849, 7.032647287660899, 7.032647287663057, 7.032647287657696, 7.032647287658269, 7.03264728765188, 7.03264728765733, 7.032647287659715, 7.032647287661704, 7.032647287652838, 7.032647287650178, 7.032647287663285, 7.032647287656754, 7.032647287653337, 7.032647287652767, 7.03264728765786, 7.032647287657874, 7.032647287657133, 7.03264728765761, 7.0326472876477615, 7.0326472876556485, 7.032647287668017, 7.032647287658407, 7.032647287656179, 7.032647287659337, 7.032647287657386, 7.032647287654231, 7.032647287664868, 7.03264728765691, 7.032647287653981, 7.032647287653965, 7.032647287661246, 7.0326472876558, 7.032647287650559, 7.032719981388877, 7.03271998138624, 7.032719981385211, 7.032719981402007, 7.032719981390964, 7.032719981389437, 7.032719981393454, 7.032719981393217, 7.032719981389642, 7.032719981396511, 7.032719981390419, 7.032719981388751, 7.032719981389038, 7.032719981384672, 7.03271998139459, 7.0327199813964745, 7.032719981380179, 7.032719981384766, 7.032719981397668, 7.032719981388827, 7.032719981385282, 7.032719981382627, 7.032719981389359, 7.032719981391393, 7.0327199813905255, 7.032719981391717, 7.032719981387549, 7.0327199813882055, 7.032719981396685, 7.032719981388373, 7.032719981388872, 7.032719981388398, 7.032719981390756, 7.032719981387574, 7.032719981397424, 7.032719981389951, 7.032719981384361, 7.032719981385244, 7.0327199813920895, 7.032719981385716, 7.032719981390376, 7.030628418997618, 7.030628418987567, 7.030628418986185, 7.030628419013882, 7.030628418995636, 7.030628419008279, 7.030628418997981, 7.030628419001689, 7.030628418998617, 7.030628418997092, 7.030628418992829, 7.030628418994359, 7.030628419001283, 7.030628418993867, 7.030628419007344, 7.030628419003559, 7.030628418985243, 7.030628418994896, 7.030628419005178, 7.0306284189934365, 7.030628418997676, 7.030628418990554, 7.030628418997829, 7.030628419000378, 7.030628418998055, 7.030628419004978, 7.030628419004695, 7.030628418996672, 7.030628419003364, 7.030628418997644, 7.030628418997626, 7.030628418992195, 7.030628419001543, 7.030628418997543, 7.030628419004344, 7.030628418999623, 7.030628418996257, 7.030628418994797, 7.03062841899712, 7.030628418994982, 7.030628419006368, 7.028762297669858, 7.02876229765809, 7.028762297656397, 7.0287622976890605, 7.028762297668055, 7.02876229768577, 7.02876229767312, 7.028762297674283, 7.028762297663091, 7.028762297661642, 7.028762297669098, 7.02876229766389, 7.02876229767577, 7.02876229766685, 7.028762297676315, 7.028762297673378, 7.028762297657826, 7.028762297671671, 7.028762297678987, 7.028762297665973, 7.028762297669452, 7.028762297662415, 7.028762297671225, 7.028762297670516, 7.02876229767233, 7.028762297674922, 7.028762297680767, 7.028762297669995, 7.0287622976703785, 7.028762297665475, 7.028762297669851, 7.028762297665192, 7.028762297673127, 7.028762297668856, 7.028762297675731, 7.028762297672148, 7.028762297668131, 7.0287622976635475, 7.02876229766941, 7.028762297666095, 7.028762297681748, 7.028827054813602, 7.02882705480467, 7.028827054802954, 7.028827054836994, 7.02882705480502, 7.028827054821051, 7.0288270548085725, 7.0288270548158485, 7.028827054809125, 7.028827054806435, 7.028827054814576, 7.028827054803854, 7.028827054816348, 7.028827054814822, 7.028827054819839, 7.0288270548127585, 7.0288270548074445, 7.028827054817538, 7.028827054819764, 7.028827054806725, 7.028827054815335, 7.028827054802619, 7.028827054819292, 7.0288270548165475, 7.028827054810614, 7.028827054822815, 7.028827054823027, 7.028827054814302, 7.028827054811931, 7.0288270548164204, 7.028827054813604, 7.028827054807439, 7.028827054818138, 7.028827054812101, 7.02882705481757, 7.028827054815315, 7.028827054809587, 7.028827054813052, 7.0288270548120355, 7.028827054812012, 7.028827054823622, 7.029834601176261, 7.029834601171455, 7.029834601169936, 7.029834601193953, 7.02983460117821, 7.02983460118972, 7.029834601175222, 7.029834601181149, 7.029834601162508, 7.029834601174372, 7.029834601188303, 7.029834601166249, 7.029834601175125, 7.029834601176199, 7.029834601174169, 7.029834601171796, 7.029834601172563, 7.029834601178807, 7.029834601186533, 7.029834601172259, 7.02983460117696, 7.02983460117866, 7.0298346011711965, 7.029834601170933, 7.0298346011816255, 7.029834601175756, 7.029834601181845, 7.029834601178776, 7.029834601170811, 7.029834601169336, 7.029834601176267, 7.029834601174338, 7.029834601176741, 7.029834601170317, 7.029834601186603, 7.029834601178169, 7.029834601168587, 7.029834601167965, 7.029834601184328, 7.0298346011762085, 7.029834601178274, 7.030458415580354, 7.030458415571504, 7.030458415570484, 7.0304584155944365, 7.030458415562226, 7.030458415568711, 7.03045841555481, 7.030458415583022, 7.030458415594367, 7.030458415580285, 7.0304584155718475, 7.030458415571983, 7.030458415576483, 7.030458415584247, 7.030458415581447, 7.030458415574127, 7.030458415589824, 7.030458415579512, 7.030458415577048, 7.0304584155705605, 7.030458415583522, 7.030458415565897, 7.030458415589822, 7.030458415587028, 7.030458415571965, 7.030458415590435, 7.03045841558107, 7.030458415581325, 7.030458415576693, 7.0304584155959375, 7.030458415580361, 7.030458415575113, 7.030458415584396, 7.030458415579713, 7.030458415580383, 7.030458415581691, 7.030458415569883, 7.030458415588001, 7.030458415576834, 7.0304584155805765, 7.030458415587989, 7.029264297426552, 7.0292642974232615, 7.02926429742276, 7.02926429742475, 7.029264297450626, 7.029264297454851, 7.0292642974393855, 7.029264297432374, 7.029264297401209, 7.029264297428057, 7.029264297448736, 7.029264297426716, 7.029264297423223, 7.029264297417075, 7.029264297405417, 7.0292642974195365, 7.029264297428547, 7.029264297422546, 7.029264297440142, 7.029264297429135, 7.029264297423403, 7.029264297450151, 7.029264297403725, 7.029264297406247, 7.02926429745011, 7.029264297403997, 7.029264297428559, 7.029264297432059, 7.029264297414474, 7.0292642973989174, 7.029264297426557, 7.029264297433613, 7.029264297420261, 7.0292642974132065, 7.029264297442767, 7.029264297431443, 7.029264297419344, 7.029264297400073, 7.029264297448174, 7.029264297426095, 7.029264297419736, 7.023411912325186, 7.023411912312714, 7.0234119123127, 7.023411912338421, 7.023411912272705, 7.023411912277566, 7.023411912266281, 7.02341191230637, 7.023411912382068, 7.023411912327094, 7.023411912281145, 7.023411912327834, 7.0234119123190615, 7.023411912337615, 7.023411912336993, 7.02341191232037, 7.0234119123504035, 7.023411912323802, 7.0234119122999745, 7.023411912305513, 7.0234119123376555, 7.0234119122766865, 7.023411912367266, 7.023411912353916, 7.0234119122920085, 7.023411912359309, 7.023411912323739, 7.023411912325013, 7.023411912327589, 7.02341191237579, 7.02341191232519, 7.023411912311849, 7.023411912337699, 7.023411912334417, 7.023411912301345, 7.023411912328574, 7.02341191232572, 7.023411912361171, 7.023411912300921, 7.023411912329944, 7.023411912341498, 7.013195570554215, 7.013195570569858, 7.013195570570207, 7.013195570544405, 7.0131955706339815, 7.013195570637832, 7.013195570620136, 7.013195570566583, 7.013195570476207, 7.013195570561033, 7.013195570616317, 7.01319557056776, 7.013195570551681, 7.0131955705283024, 7.013195570514627, 7.013195570539606, 7.013195570539667, 7.013195570547068, 7.013195570579312, 7.013195570573334, 7.013195570537242, 7.013195570622686, 7.0131955704936075, 7.013195570502735, 7.0131955706073565, 7.013195570505098, 7.013195570559301, 7.013195570563637, 7.013195570533835, 7.013195570490696, 7.013195570554223, 7.013195570567264, 7.013195570544652, 7.013195570522384, 7.013195570585913, 7.013195570560808, 7.013195570553211, 7.013195570497798, 7.013195570601948, 7.0131955705502325, 7.013195570522891, 7.015591192792965, 7.015591192773274, 7.015591192773611, 7.015591192805245, 7.015591192707037, 7.015591192723545, 7.015591192722011, 7.015591192773458, 7.01559119286843, 7.015591192789426, 7.015591192738326, 7.01559119280213, 7.015591192783309, 7.015591192815063, 7.015591192812104, 7.015591192806338, 7.015591192820254, 7.01559119281328, 7.015591192759931, 7.015591192768241, 7.015591192812744, 7.015591192719579, 7.015591192859384, 7.015591192844642, 7.015591192751019, 7.015591192838823, 7.01559119277909, 7.015591192789527, 7.015591192802018, 7.015591192857083, 7.015591192792968, 7.015591192777663, 7.0155911928048695, 7.015591192816079, 7.0155911927486265, 7.015591192787735, 7.01559119279308, 7.015591192841845, 7.015591192751049, 7.015591192798746, 7.015591192826027, 7.035078423549005, 7.035078423561379, 7.035078423561572, 7.035078423547125, 7.035078423589274, 7.035078423592831, 7.035078423579518, 7.035078423553366, 7.035078423516258, 7.0350784235403525, 7.0350784235589705, 7.035078423557659, 7.035078423541554, 7.03507842354129, 7.035078423535031, 7.035078423538842, 7.035078423533911, 7.035078423543977, 7.03507842355584, 7.035078423553642, 7.035078423541794, 7.0350784235876, 7.035078423515638, 7.035078423524429, 7.035078423572668, 7.035078423533682, 7.035078423550345, 7.03507842354993, 7.035078423543973, 7.03507842352679, 7.035078423549009, 7.0350784235426245, 7.035078423553751, 7.035078423534198, 7.035078423561313, 7.035078423547466, 7.035078423553774, 7.035078423527679, 7.035078423565406, 7.035078423547097, 7.035078423536498, 7.036818176686958, 7.036818176694199, 7.036818176694046, 7.036818176684216, 7.036818176717503, 7.036818176716584, 7.036818176721453, 7.036818176693044, 7.036818176651989, 7.036818176687005, 7.03681817671098, 7.03681817669348, 7.036818176684113, 7.036818176674953, 7.0368181766687705, 7.036818176688304, 7.036818176675674, 7.036818176691344, 7.036818176699217, 7.0368181766956965, 7.0368181766770075, 7.036818176713932, 7.036818176663255, 7.0368181766735685, 7.036818176707406, 7.036818176671083, 7.0368181766836795, 7.036818176687102, 7.0368181766814795, 7.0368181766632, 7.036818176686948, 7.036818176692452, 7.036818176682188, 7.036818176671363, 7.036818176695215, 7.036818176682832, 7.036818176685801, 7.0368181766681905, 7.036818176700677, 7.036818176681956, 7.036818176678509, 7.0252837848447, 7.025283784826008, 7.0252837848254055, 7.025283784856743, 7.025283784771671, 7.025283784775239, 7.025283784792817, 7.025283784824095, 7.025283784905826, 7.025283784851645, 7.025283784808204, 7.025283784840479, 7.025283784837177, 7.025283784860748, 7.025283784862679, 7.0252837848656196, 7.025283784865241, 7.025283784861674, 7.025283784826915, 7.025283784824093, 7.025283784860207, 7.025283784789815, 7.025283784893278, 7.025283784894805, 7.025283784805651, 7.025283784888048, 7.025283784830925, 7.025283784835876, 7.0252837848563505, 7.025283784896255, 7.0252837848447, 7.025283784833258, 7.02528378485101, 7.025283784860085, 7.02528378481213, 7.025283784836187, 7.025283784847684, 7.02528378489295, 7.02528378480927, 7.0252837848491385, 7.02528378487091, 7.033479829933984, 7.0334798299514105, 7.033479829950407, 7.03347982993377, 7.033479829992215, 7.033479829970102, 7.033479829977894, 7.033479829940282, 7.0334798298914345, 7.033479829939044, 7.033479829951107, 7.033479829930808, 7.03347982993751, 7.033479829917124, 7.033479829918661, 7.03347982992432, 7.033479829916023, 7.033479829916253, 7.033479829955806, 7.033479829947967, 7.033479829921285, 7.033479829984437, 7.033479829889061, 7.033479829901217, 7.033479829961259, 7.033479829912826, 7.033479829943823, 7.033479829933082, 7.033479829931439, 7.033479829898433, 7.033479829933969, 7.0334798299354, 7.0334798299331105, 7.033479829914722, 7.033479829954491, 7.033479829936934, 7.033479829944736, 7.0334798299098455, 7.033479829959667, 7.033479829929902, 7.033479829914285, 7.042026205734927, 7.042026205733679, 7.042026205732402, 7.042026205734114, 7.042026205746215, 7.042026205731791, 7.042026205748036, 7.042026205749337, 7.042026205723741, 7.042026205736164, 7.042026205732481, 7.042026205732295, 7.042026205739072, 7.042026205726725, 7.042026205728154, 7.042026205741152, 7.042026205731728, 7.042026205731323, 7.0420262057440555, 7.042026205741066, 7.042026205728517, 7.042026205745572, 7.042026205724789, 7.042026205731204, 7.042026205746216, 7.04202620572785, 7.0420262057346, 7.042026205732369, 7.042026205734339, 7.042026205724328, 7.042026205734915, 7.0420262057398855, 7.04202620572996, 7.042026205733744, 7.042026205733042, 7.042026205734621, 7.042026205734946, 7.042026205729538, 7.042026205738977, 7.042026205730137, 7.042026205734849, 7.033908314754522, 7.033908314733649, 7.03390831473228, 7.033908314763536, 7.033908314694838, 7.033908314697215, 7.033908314708538, 7.033908314750191, 7.033908314799609, 7.033908314758805, 7.033908314721756, 7.033908314749183, 7.033908314750389, 7.0339083147686035, 7.033908314772842, 7.033908314771722, 7.033908314772958, 7.033908314767814, 7.033908314739798, 7.033908314737741, 7.033908314772989, 7.033908314714539, 7.033908314791232, 7.033908314791325, 7.033908314730756, 7.0339083147858235, 7.033908314744572, 7.033908314748165, 7.0339083147672845, 7.033908314793702, 7.0339083147545205, 7.033908314750346, 7.033908314753952, 7.033908314773085, 7.033908314725377, 7.033908314750351, 7.033908314758052, 7.033908314789601, 7.033908314726562, 7.033908314762808, 7.033908314776261, 7.037741633498242, 7.037741633515368, 7.037741633513908, 7.03774163349789, 7.037741633555421, 7.037741633533025, 7.037741633538795, 7.037741633510493, 7.037741633449822, 7.03774163349697, 7.037741633528334, 7.0377416334982135, 7.037741633504574, 7.037741633487621, 7.037741633489144, 7.037741633482004, 7.037741633484378, 7.037741633485943, 7.037741633512835, 7.037741633514296, 7.037741633483628, 7.037741633538838, 7.037741633466226, 7.037741633463297, 7.037741633526589, 7.03774163347574, 7.037741633506471, 7.037741633498743, 7.037741633492054, 7.037741633467873, 7.037741633498248, 7.037741633508381, 7.037741633492758, 7.0377416334866, 7.037741633513277, 7.037741633502015, 7.037741633504149, 7.037741633472919, 7.037741633522634, 7.037741633491676, 7.0377416334808665, 7.045611314236447, 7.045611314240216, 7.045611314238854, 7.045611314238766, 7.045611314244346, 7.045611314234673, 7.045611314242715, 7.045611314237073, 7.045611314225668, 7.0456113142326675, 7.045611314239385, 7.045611314235181, 7.045611314234127, 7.045611314238066, 7.045611314240292, 7.045611314228218, 7.045611314236465, 7.045611314233759, 7.045611314233211, 7.045611314240073, 7.04561131423234, 7.045611314242379, 7.045611314233852, 7.045611314230728, 7.045611314237956, 7.0456113142367345, 7.045611314239953, 7.045611314235238, 7.045611314234934, 7.045611314239567, 7.0456113142364485, 7.045611314235194, 7.045611314238608, 7.045611314240946, 7.04561131423503, 7.04561131423846, 7.045611314236542, 7.045611314237063, 7.0456113142369725, 7.045611314234012, 7.045611314233644, 7.039227037671626, 7.0392270376530295, 7.039227037651673, 7.039227037672506, 7.039227037616674, 7.039227037631265, 7.0392270376358, 7.039227037660571, 7.039227037705458, 7.039227037673475, 7.039227037649048, 7.039227037671451, 7.039227037660392, 7.039227037682675, 7.039227037685535, 7.039227037681858, 7.03922703768895, 7.039227037686758, 7.039227037651511, 7.039227037659599, 7.039227037687695, 7.039227037637581, 7.039227037702392, 7.039227037704042, 7.039227037647602, 7.039227037694697, 7.039227037665921, 7.039227037669577, 7.039227037680573, 7.039227037707682, 7.039227037671616, 7.039227037668685, 7.0392270376712744, 7.039227037691653, 7.039227037650746, 7.039227037670748, 7.039227037667525, 7.039227037698677, 7.039227037647129, 7.039227037680061, 7.039227037687589, 7.04065175727176, 7.040651757281818, 7.040651757280272, 7.040651757256307, 7.0406517573151, 7.040651757310095, 7.040651757304746, 7.040651757280074, 7.040651757235551, 7.040651757270306, 7.040651757302865, 7.040651757276814, 7.040651757273435, 7.040651757259426, 7.040651757257581, 7.04065175726087, 7.0406517572596545, 7.040651757264515, 7.040651757280424, 7.040651757287563, 7.04065175725931, 7.040651757302736, 7.040651757245025, 7.040651757246269, 7.040651757294764, 7.04065175724485, 7.040651757277048, 7.040651757274164, 7.040651757264615, 7.040651757243451, 7.040651757271765, 7.040651757287295, 7.040651757262511, 7.0406517572667155, 7.040651757290641, 7.040651757275037, 7.040651757268468, 7.0406517572439435, 7.040651757293631, 7.040651757264836, 7.040651757260834, 7.0461537066235955, 7.046153706636762, 7.046153706635298, 7.046153706624744, 7.046153706629141, 7.046153706625823, 7.04615370662017, 7.046153706616401, 7.04615370662851, 7.046153706621473, 7.046153706615157, 7.046153706623108, 7.04615370661847, 7.046153706622043, 7.046153706625716, 7.046153706612456, 7.046153706620922, 7.046153706613729, 7.046153706619649, 7.04615370662509, 7.046153706625323, 7.046153706627445, 7.046153706619668, 7.0461537066186875, 7.046153706618366, 7.04615370662192, 7.046153706625225, 7.046153706623754, 7.0461537066256685, 7.046153706625262, 7.0461537066236, 7.046153706618722, 7.046153706629743, 7.046153706629578, 7.046153706630287, 7.0461537066270115, 7.046153706627997, 7.046153706621553, 7.046153706624844, 7.0461537066251845, 7.046153706622701, 7.0421644134561525, 7.0421644134482735, 7.04216441344667, 7.042164413458205, 7.042164413412211, 7.042164413423192, 7.0421644134251835, 7.042164413446374, 7.042164413491889, 7.042164413458731, 7.04216441343174, 7.042164413455017, 7.042164413447731, 7.042164413458803, 7.042164413463602, 7.042164413461704, 7.042164413466967, 7.042164413464573, 7.042164413443775, 7.042164413448049, 7.042164413469197, 7.04216441342175, 7.042164413484575, 7.042164413482918, 7.042164413430871, 7.042164413473005, 7.042164413446615, 7.0421644134568036, 7.042164413462685, 7.0421644134823165, 7.042164413456153, 7.042164413452284, 7.042164413459986, 7.04216441347135, 7.042164413441058, 7.042164413456181, 7.042164413454608, 7.042164413476148, 7.042164413437882, 7.042164413463771, 7.042164413466924, 7.042771641700403, 7.042771641698977, 7.04277164169699, 7.042771641678321, 7.042771641735208, 7.042771641735523, 7.042771641730091, 7.042771641710724, 7.042771641671559, 7.042771641701847, 7.042771641733981, 7.042771641703955, 7.042771641705692, 7.042771641689795, 7.0427716416858335, 7.042771641694415, 7.042771641685545, 7.042771641701168, 7.0427716417170645, 7.042771641714298, 7.042771641689775, 7.0427716417192014, 7.042771641685396, 7.042771641682417, 7.04277164171884, 7.042771641679633, 7.042771641699648, 7.042771641704374, 7.0427716416914645, 7.042771641672405, 7.042771641700401, 7.042771641718501, 7.0427716416915365, 7.042771641691662, 7.0427716417144275, 7.042771641700716, 7.042771641696245, 7.0427716416778825, 7.042771641720673, 7.042771641695112, 7.042771641688023, 7.047113411145587, 7.047113411155052, 7.047113411153245, 7.047113411151184, 7.047113411154411, 7.0471134111491525, 7.047113411142079, 7.047113411138803, 7.047113411155146, 7.04711341113848, 7.04711341113643, 7.047113411143659, 7.047113411141972, 7.047113411150614, 7.047113411153824, 7.0471134111358, 7.047113411141582, 7.047113411140892, 7.047113411148225, 7.04711341114466, 7.047113411146557, 7.047113411151249, 7.047113411145044, 7.047113411140686, 7.0471134111415425, 7.047113411151348, 7.047113411149735, 7.047113411145094, 7.047113411146667, 7.047113411148306, 7.047113411145589, 7.047113411139926, 7.047113411152409, 7.047113411144301, 7.047113411152628, 7.047113411146559, 7.047113411151251, 7.047113411149577, 7.047113411145785, 7.047113411147257, 7.047113411142027, 7.044635429829423, 7.044635429829399, 7.0446354298274985, 7.044635429845971, 7.044635429798238, 7.044635429802967, 7.044635429808526, 7.04463542982824, 7.044635429862855, 7.044635429826641, 7.044635429807251, 7.044635429827218, 7.0446354298244485, 7.044635429835921, 7.044635429841382, 7.044635429834655, 7.044635429840558, 7.0446354298378075, 7.044635429821395, 7.044635429822176, 7.04463542983593, 7.044635429805539, 7.0446354298526135, 7.044635429848387, 7.044635429813846, 7.0446354298449245, 7.0446354298248295, 7.044635429827939, 7.044635429833516, 7.044635429851766, 7.044635429829423, 7.044635429822525, 7.044635429834999, 7.044635429840058, 7.044635429819128, 7.0446354298271645, 7.0446354298254406, 7.0446354298479, 7.044635429811244, 7.044635429831195, 7.044635429842712, 7.044491943538145, 7.044491943529903, 7.044491943527685, 7.044491943524606, 7.044491943559054, 7.044491943566726, 7.044491943567902, 7.044491943553698, 7.044491943514008, 7.04449194354472, 7.044491943571024, 7.044491943540512, 7.0444919435473, 7.044491943532245, 7.0444919435267765, 7.044491943542224, 7.044491943528781, 7.04449194354416, 7.044491943553917, 7.044491943547507, 7.044491943532828, 7.044491943556334, 7.044491943525951, 7.044491943525642, 7.044491943560358, 7.044491943520104, 7.044491943539796, 7.044491943541211, 7.044491943532201, 7.0444919435128845, 7.04449194353814, 7.044491943553143, 7.044491943529626, 7.044491943532372, 7.0444919435492315, 7.0444919435378255, 7.044491943532973, 7.044491943518863, 7.044491943553659, 7.044491943535321, 7.04449194353271, 7.0476792263262755, 7.047679226328912, 7.047679226327033, 7.047679226334038, 7.047679226329754, 7.047679226325274, 7.047679226327074, 7.047679226319806, 7.0476792263330035, 7.047679226326223, 7.047679226319939, 7.0476792263232975, 7.047679226328852, 7.0476792263304935, 7.047679226333408, 7.047679226323445, 7.04767922632308, 7.047679226318569, 7.047679226327826, 7.047679226324183, 7.047679226328647, 7.0476792263342, 7.047679226324592, 7.047679226322572, 7.047679226325203, 7.047679226331879, 7.047679226335226, 7.047679226325622, 7.047679226327245, 7.047679226327691, 7.047679226326287, 7.04767922631643, 7.047679226335887, 7.047679226325849, 7.0476792263317485, 7.047679226329106, 7.047679226332956, 7.047679226329662, 7.0476792263268955, 7.047679226328771, 7.047679226323933, 7.046083726036946, 7.04608372604127, 7.046083726039426, 7.04608372605728, 7.046083726016042, 7.046083726006384, 7.046083726020891, 7.046083726031943, 7.046083726063123, 7.046083726033683, 7.046083726015132, 7.046083726035162, 7.046083726037412, 7.0460837260391695, 7.04608372604487, 7.046083726043235, 7.046083726044466, 7.046083726034159, 7.046083726027312, 7.04608372603133, 7.046083726038605, 7.046083726016709, 7.046083726057714, 7.046083726052776, 7.046083726022518, 7.046083726050073, 7.046083726037384, 7.046083726034995, 7.046083726036671, 7.046083726055626, 7.046083726036946, 7.046083726028142, 7.04608372604546, 7.046083726044114, 7.046083726027514, 7.046083726037209, 7.046083726033314, 7.046083726052573, 7.0460837260220375, 7.046083726035417, 7.046083726047875, 7.0462091308967265, 7.0462091308878145, 7.046209130885683, 7.0462091308816515, 7.046209130916476, 7.04620913091979, 7.046209130917522, 7.046209130903447, 7.046209130872243, 7.046209130900292, 7.046209130924987, 7.046209130899241, 7.046209130906022, 7.0462091308914, 7.046209130884866, 7.046209130903254, 7.046209130886411, 7.046209130898857, 7.046209130906898, 7.046209130901583, 7.046209130896705, 7.046209130913749, 7.046209130887229, 7.0462091308882995, 7.046209130916403, 7.0462091308820165, 7.046209130894932, 7.046209130898607, 7.04620913089277, 7.046209130875615, 7.046209130896731, 7.046209130914325, 7.0462091308858765, 7.0462091308881565, 7.046209130905154, 7.046209130895147, 7.046209130894805, 7.046209130879802, 7.046209130911858, 7.046209130898405, 7.046209130890308, 7.048908957215827, 7.048908957219168, 7.048908957217368, 7.048908957216805, 7.048908957217464, 7.048908957217833, 7.048908957212226, 7.04890895721327, 7.048908957217876, 7.048908957214017, 7.048908957210813, 7.048908957211871, 7.048908957217815, 7.0489089572189165, 7.048908957219411, 7.048908957212329, 7.048908957212889, 7.048908957209307, 7.048908957212722, 7.048908957212634, 7.04890895721807, 7.048908957220367, 7.048908957216089, 7.048908957214689, 7.048908957214781, 7.04890895721966, 7.048908957214038, 7.048908957214117, 7.048908957216012, 7.048908957218861, 7.048908957215836, 7.048908957210482, 7.048908957222375, 7.048908957215553, 7.048908957218224, 7.04890895721411, 7.04890895721858, 7.048908957217921, 7.0489089572161365, 7.048908957218088, 7.048908957214163, 7.047579126191075, 7.047579126201741, 7.047579126200119, 7.047579126204188, 7.047579126172164, 7.047579126170935, 7.047579126175939, 7.047579126189525, 7.04757912620879, 7.047579126186791, 7.047579126169525, 7.0475791261874585, 7.047579126188297, 7.047579126194117, 7.04757912619714, 7.0475791261905885, 7.04757912619924, 7.04757912618865, 7.047579126179687, 7.047579126186396, 7.0475791261895235, 7.047579126174864, 7.0475791262068785, 7.047579126203069, 7.047579126176565, 7.047579126202303, 7.047579126187144, 7.0475791261889364, 7.047579126188982, 7.047579126208183, 7.047579126191081, 7.0475791261809935, 7.047579126201151, 7.047579126198537, 7.047579126183819, 7.047579126189457, 7.047579126186471, 7.047579126204157, 7.047579126179344, 7.047579126188247, 7.047579126196786, 7.047411255631428, 7.04741125562625, 7.047411255624595, 7.047411255612449, 7.047411255642847, 7.04741125565636, 7.047411255648598, 7.047411255632555, 7.047411255606457, 7.047411255634218, 7.047411255653172, 7.047411255635404, 7.047411255634248, 7.047411255628398, 7.047411255620503, 7.04741125563504, 7.0474112556279, 7.0474112556384085, 7.047411255639021, 7.04741125563538, 7.047411255632407, 7.047411255649012, 7.047411255620527, 7.0474112556237785, 7.047411255646729, 7.047411255619879, 7.047411255632847, 7.04741125563418, 7.047411255628674, 7.047411255613266, 7.0474112556314275, 7.0474112556473605, 7.047411255620998, 7.047411255623674, 7.047411255640288, 7.047411255631411, 7.047411255633011, 7.047411255616895, 7.0474112556466535, 7.047411255635297, 7.047411255620354, 7.049513729580798, 7.049513729584347, 7.049513729582961, 7.0495137295783, 7.04951372957449, 7.049513729580537, 7.049513729577738, 7.049513729577781, 7.049513729583538, 7.0495137295813395, 7.049513729575976, 7.049513729582745, 7.049513729580498, 7.049513729581914, 7.049513729580109, 7.049513729578456, 7.049513729587001, 7.049513729580979, 7.049513729577449, 7.049513729579085, 7.049513729580765, 7.049513729579074, 7.049513729583955, 7.049513729582215, 7.049513729578145, 7.049513729582377, 7.049513729581108, 7.049513729580032, 7.049513729580326, 7.04951372958305, 7.049513729580799, 7.049513729579561, 7.049513729584306, 7.049513729582642, 7.04951372958048, 7.049513729580505, 7.04951372958273, 7.049513729582064, 7.049513729579008, 7.049513729580479, 7.049513729581854, 7.048670711606405, 7.048670711616259, 7.048670711614953, 7.048670711614051, 7.048670711594299, 7.048670711591104, 7.048670711592186, 7.048670711604386, 7.048670711623348, 7.048670711605843, 7.048670711587398, 7.048670711607962, 7.048670711604457, 7.048670711609091, 7.048670711611022, 7.0486707116016385, 7.048670711615086, 7.0486707116018925, 7.048670711597751, 7.0486707116021865, 7.048670711604467, 7.048670711594122, 7.0486707116171905, 7.04867071161273, 7.048670711594873, 7.048670711614466, 7.048670711605659, 7.048670711603993, 7.048670711606399, 7.048670711619039, 7.048670711606403, 7.048670711596081, 7.0486707116169205, 7.048670711613767, 7.048670711600107, 7.048670711605881, 7.048670711605563, 7.048670711615955, 7.048670711596127, 7.0486707116028855, 7.048670711613254, 7.0484224248043486, 7.048422424799342, 7.048422424797758, 7.048422424785771, 7.048422424821639, 7.048422424824774, 7.048422424815267, 7.048422424807042, 7.0484224247840155, 7.048422424808647, 7.048422424822926, 7.048422424811108, 7.04842242480621, 7.04842242480195, 7.048422424796413, 7.048422424806039, 7.048422424796677, 7.048422424807901, 7.048422424813339, 7.048422424807841, 7.048422424805534, 7.048422424822329, 7.048422424792089, 7.048422424795522, 7.04842242481932, 7.048422424794657, 7.048422424807072, 7.048422424806548, 7.048422424804275, 7.048422424786906, 7.048422424804344, 7.048422424816624, 7.048422424795271, 7.048422424797876, 7.048422424810493, 7.048422424804483, 7.048422424806118, 7.048422424791429, 7.048422424817777, 7.048422424807943, 7.048422424795211, 7.050008722478038, 7.050008722481315, 7.050008722479566, 7.050008722479747, 7.050008722475231, 7.050008722467489, 7.05000872247146, 7.050008722479324, 7.050008722481828, 7.050008722478369, 7.050008722474847, 7.050008722479116, 7.050008722476606, 7.050008722478171, 7.050008722478112, 7.0500087224801, 7.050008722479912, 7.050008722480353, 7.050008722476152, 7.050008722476535, 7.050008722477224, 7.050008722471336, 7.05000872248485, 7.050008722483768, 7.05000872247431, 7.050008722481257, 7.050008722476917, 7.050008722477726, 7.050008722478192, 7.050008722481288, 7.05000872247805, 7.0500087224779, 7.050008722478942, 7.050008722480949, 7.050008722472492, 7.0500087224771555, 7.050008722474487, 7.050008722481517, 7.050008722473824, 7.050008722476595, 7.050008722480702, 7.049651322853102, 7.0496513228594235, 7.049651322857533, 7.04965132286119, 7.0496513228500035, 7.049651322839297, 7.049651322843155, 7.049651322849159, 7.049651322863764, 7.0496513228515685, 7.049651322841897, 7.049651322847673, 7.04965132285128, 7.049651322856179, 7.049651322858791, 7.049651322849087, 7.049651322856237, 7.049651322849756, 7.049651322848437, 7.049651322849195, 7.049651322853225, 7.049651322847222, 7.049651322858734, 7.049651322857109, 7.049651322843485, 7.049651322861683, 7.049651322854061, 7.049651322851143, 7.049651322855654, 7.0496513228619175, 7.049651322853107, 7.049651322843089, 7.049651322862295, 7.049651322856792, 7.049651322849324, 7.049651322852847, 7.049651322855147, 7.049651322861308, 7.049651322844975, 7.0496513228519015, 7.049651322857518, 7.049099874030074, 7.049099874024342, 7.049099874022109, 7.049099874018067, 7.04909987404646, 7.049099874046095, 7.049099874044063, 7.049099874033824, 7.049099874011484, 7.049099874031056, 7.0490998740473545, 7.049099874028097, 7.0490998740329, 7.0490998740263695, 7.049099874023233, 7.049099874031509, 7.049099874023993, 7.04909987403372, 7.04909987403818, 7.049099874034887, 7.049099874028581, 7.049099874046546, 7.049099874016869, 7.049099874021979, 7.0490998740420885, 7.0490998740216355, 7.049099874033142, 7.049099874031753, 7.049099874030115, 7.049099874014456, 7.049099874030064, 7.049099874038582, 7.049099874023811, 7.04909987402377, 7.049099874037223, 7.049099874030623, 7.04909987403223, 7.049099874018761, 7.049099874038893, 7.049099874030225, 7.049099874025477, 7.050061843412582, 7.050061843413216, 7.050061843411091, 7.050061843419044, 7.050061843401852, 7.050061843400578, 7.050061843406658, 7.0500618434153095, 7.050061843419499, 7.050061843412095, 7.050061843406686, 7.050061843410113, 7.050061843411764, 7.050061843411487, 7.050061843414566, 7.050061843417465, 7.0500618434168745, 7.050061843417006, 7.050061843409192, 7.05006184341067, 7.050061843412727, 7.050061843403721, 7.050061843419096, 7.05006184342059, 7.050061843408327, 7.0500618434171285, 7.050061843410993, 7.050061843412567, 7.050061843414327, 7.050061843418249, 7.050061843412573, 7.050061843412021, 7.050061843412553, 7.050061843417103, 7.050061843407705, 7.0500618434124505, 7.050061843409591, 7.050061843417695, 7.050061843404636, 7.050061843410966, 7.050061843418507, 7.0502476363934505, 7.050247636398464, 7.050247636396559, 7.050247636401659, 7.0502476363902655, 7.050247636387802, 7.050247636387546, 7.050247636390428, 7.050247636399382, 7.050247636392953, 7.050247636384423, 7.050247636390945, 7.050247636392004, 7.050247636395177, 7.050247636399749, 7.050247636390386, 7.05024763639323, 7.05024763638962, 7.0502476363912, 7.050247636390764, 7.050247636394647, 7.050247636392958, 7.050247636393637, 7.0502476363935696, 7.050247636389625, 7.050247636400108, 7.05024763639474, 7.050247636393181, 7.050247636396664, 7.050247636398694, 7.0502476363934425, 7.0502476363863, 7.0502476363989555, 7.050247636395383, 7.050247636393297, 7.050247636394797, 7.050247636396837, 7.050247636398919, 7.0502476363888436, 7.050247636394396, 7.050247636393527, 7.049702694047664, 7.049702694044372, 7.049702694042445, 7.049702694040252, 7.049702694060148, 7.049702694061599, 7.049702694060665, 7.049702694052378, 7.049702694031773, 7.049702694048692, 7.049702694061768, 7.049702694050789, 7.049702694050195, 7.049702694043435, 7.049702694041603, 7.049702694047022, 7.04970269404133, 7.049702694047225, 7.049702694054586, 7.0497026940533125, 7.049702694043006, 7.049702694057969, 7.049702694038405, 7.049702694039011, 7.049702694059219, 7.0497026940395955, 7.049702694047005, 7.049702694049745, 7.049702694045762, 7.04970269403546, 7.049702694047674, 7.04970269405543, 7.0497026940426455, 7.049702694042322, 7.049702694052567, 7.049702694048357, 7.049702694046586, 7.04970269403835, 7.049702694054954, 7.049702694045595, 7.049702694041957, 7.050101740132082, 7.050101740129241, 7.050101740127508, 7.05010174013707, 7.050101740117517, 7.050101740120704, 7.050101740122139, 7.050101740128497, 7.050101740143291, 7.050101740131509, 7.05010174012553, 7.050101740133946, 7.050101740129339, 7.050101740134012, 7.050101740135364, 7.0501017401340365, 7.050101740136694, 7.0501017401327815, 7.050101740128093, 7.0501017401283566, 7.050101740134723, 7.050101740119732, 7.05010174014205, 7.050101740139409, 7.050101740126877, 7.0501017401385235, 7.050101740127786, 7.050101740131358, 7.050101740135635, 7.05010174014121, 7.050101740132082, 7.0501017401316854, 7.050101740132515, 7.050101740135306, 7.050101740126193, 7.050101740131185, 7.0501017401313835, 7.050101740139654, 7.050101740123824, 7.050101740132913, 7.0501017401365464, 7.050641481332903, 7.050641481337716, 7.050641481336017, 7.050641481337275, 7.050641481335094, 7.050641481334048, 7.050641481332575, 7.050641481330395, 7.050641481334209, 7.050641481330429, 7.050641481329292, 7.050641481333266, 7.050641481330029, 7.0506414813341065, 7.050641481333308, 7.050641481329282, 7.0506414813322715, 7.050641481327339, 7.05064148133228, 7.050641481333061, 7.050641481331923, 7.050641481334258, 7.050641481331197, 7.050641481330135, 7.050641481332513, 7.050641481333571, 7.0506414813341305, 7.050641481332731, 7.050641481334212, 7.05064148133384, 7.0506414813329075, 7.050641481330021, 7.050641481335684, 7.0506414813319935, 7.050641481335605, 7.0506414813339715, 7.050641481334385, 7.050641481333427, 7.050641481332867, 7.05064148133276, 7.050641481330684, 7.050339415166279, 7.050339415165209, 7.050339415163357, 7.050339415161035, 7.050339415173657, 7.050339415178553, 7.050339415175885, 7.050339415171267, 7.050339415155903, 7.0503394151670475, 7.050339415175764, 7.050339415167272, 7.050339415165737, 7.050339415163225, 7.05033941515952, 7.05033941516638, 7.05033941516309, 7.050339415165747, 7.050339415169568, 7.050339415170705, 7.050339415163176, 7.050339415172567, 7.050339415159204, 7.050339415161271, 7.050339415173291, 7.050339415158938, 7.050339415166833, 7.050339415167635, 7.0503394151649035, 7.050339415158178, 7.050339415166283, 7.0503394151708925, 7.050339415162983, 7.050339415163571, 7.0503394151709955, 7.05033941516689, 7.050339415164327, 7.050339415158635, 7.050339415172811, 7.050339415165244, 7.050339415161147, 7.050240230532609, 7.0502402305299325, 7.050240230528125, 7.050240230537483, 7.050240230516439, 7.050240230524096, 7.05024023052098, 7.050240230529644, 7.0502402305454765, 7.050240230534241, 7.050240230524902, 7.050240230531052, 7.0502402305293375, 7.050240230534528, 7.05024023053615, 7.050240230534713, 7.050240230538089, 7.050240230535183, 7.050240230526337, 7.050240230528119, 7.050240230537623, 7.05024023052024, 7.05024023054155, 7.050240230541477, 7.0502402305248335, 7.050240230539832, 7.050240230530518, 7.050240230531667, 7.050240230536602, 7.050240230543356, 7.050240230532613, 7.050240230529475, 7.0502402305342695, 7.050240230537608, 7.0502402305272875, 7.05024023053176, 7.050240230533301, 7.050240230540283, 7.05024023052541, 7.0502402305355405, 7.050240230536557, 7.050805216066443, 7.050805216071541, 7.050805216069658, 7.050805216069038, 7.050805216077128, 7.050805216072684, 7.05080521607156, 7.050805216067252, 7.050805216061204, 7.0508052160641075, 7.050805216068655, 7.050805216066073, 7.050805216066944, 7.050805216064288, 7.050805216063458, 7.05080521606249, 7.050805216064145, 7.050805216063847, 7.0508052160670465, 7.050805216069328, 7.050805216062632, 7.050805216070329, 7.050805216061907, 7.050805216061214, 7.050805216068614, 7.05080521606284, 7.050805216069182, 7.050805216066558, 7.050805216064123, 7.050805216062442, 7.050805216066443, 7.050805216066264, 7.050805216067476, 7.050805216064284, 7.050805216069905, 7.050805216067066, 7.05080521606613, 7.050805216062201, 7.05080521607016, 7.050805216064221, 7.050805216063514, 7.050993235853011, 7.050993235849973, 7.05099323584807, 7.050993235850731, 7.050993235858439, 7.050993235858352, 7.050993235854429, 7.050993235851786, 7.050993235848914, 7.050993235852412, 7.050993235856884, 7.050993235853918, 7.050993235853667, 7.050993235852216, 7.050993235851653, 7.050993235852271, 7.05099323585055, 7.050993235854904, 7.050993235854369, 7.050993235853625, 7.050993235853744, 7.050993235856394, 7.050993235849886, 7.050993235850534, 7.050993235856351, 7.050993235851336, 7.050993235854434, 7.050993235853177, 7.05099323585295, 7.0509932358493455, 7.050993235853004, 7.0509932358556435, 7.05099323585053, 7.05099323585142, 7.050993235854327, 7.050993235852616, 7.050993235853849, 7.050993235850001, 7.050993235856614, 7.050993235854285, 7.0509932358505205, 7.050696098437165, 7.05069609843567, 7.050696098433812, 7.050696098443272, 7.050696098426099, 7.0506960984255524, 7.0506960984272045, 7.050696098436072, 7.05069609844731, 7.050696098438137, 7.050696098430106, 7.050696098437075, 7.050696098436289, 7.050696098438226, 7.050696098440398, 7.050696098439084, 7.050696098441198, 7.050696098440591, 7.050696098433105, 7.050696098434156, 7.050696098439429, 7.050696098426162, 7.050696098445367, 7.0506960984445035, 7.050696098431277, 7.050696098442731, 7.050696098434442, 7.0506960984360925, 7.050696098438257, 7.050696098444901, 7.05069609843717, 7.0506960984345985, 7.050696098438315, 7.050696098442322, 7.050696098431039, 7.0506960984355835, 7.050696098435, 7.050696098443502, 7.050696098431255, 7.050696098437618, 7.050696098442041, 7.050824736084516, 7.050824736087885, 7.050824736085998, 7.050824736083928, 7.050824736096842, 7.050824736091851, 7.050824736091938, 7.05082473608652, 7.050824736075597, 7.050824736085334, 7.050824736090278, 7.050824736084449, 7.050824736085986, 7.050824736083153, 7.050824736081779, 7.050824736081215, 7.0508247360804965, 7.050824736082198, 7.0508247360889795, 7.050824736087632, 7.050824736081884, 7.050824736094322, 7.050824736075688, 7.0508247360771055, 7.050824736089789, 7.050824736079764, 7.050824736087283, 7.050824736084901, 7.0508247360822045, 7.050824736076037, 7.05082473608452, 7.050824736084237, 7.050824736084888, 7.0508247360819025, 7.050824736089731, 7.0508247360851675, 7.05082473608528, 7.050824736078596, 7.050824736091503, 7.050824736083619, 7.050824736080188, 7.0512238097778, 7.051223809776756, 7.051223809774847, 7.0512238097787705, 7.051223809774113, 7.051223809774459, 7.051223809775307, 7.051223809777088, 7.051223809780796, 7.0512238097781195, 7.05122380977621, 7.05122380977772, 7.051223809776909, 7.051223809778602, 7.051223809778632, 7.051223809779427, 7.051223809779792, 7.0512238097792785, 7.051223809777686, 7.051223809776544, 7.051223809779511, 7.051223809776785, 7.051223809778591, 7.051223809779996, 7.051223809776704, 7.051223809779879, 7.051223809778434, 7.051223809777207, 7.051223809778133, 7.051223809778745, 7.051223809777806, 7.051223809777554, 7.051223809777257, 7.051223809778745, 7.0512238097770545, 7.051223809777579, 7.051223809778759, 7.05122380977975, 7.051223809776806, 7.051223809778643, 7.051223809779666, 7.051161708836522, 7.051161708836632, 7.051161708834725, 7.0511617088384, 7.051161708829651, 7.051161708830019, 7.051161708833391, 7.051161708837688, 7.051161708841888, 7.051161708836167, 7.051161708833568, 7.051161708836492, 7.051161708835623, 7.051161708836656, 7.0511617088370055, 7.051161708839042, 7.05116170884008, 7.051161708838089, 7.051161708834804, 7.051161708835367, 7.051161708836743, 7.05116170883052, 7.051161708841163, 7.051161708841143, 7.051161708833524, 7.051161708839436, 7.051161708835221, 7.051161708835781, 7.051161708835637, 7.0511617088400875, 7.051161708836535, 7.051161708836606, 7.051161708836507, 7.051161708838405, 7.051161708833068, 7.051161708835891, 7.051161708835242, 7.051161708840241, 7.051161708832538, 7.051161708835502, 7.051161708840922, 7.050950419953072, 7.050950419955873, 7.050950419953965, 7.050950419948104, 7.0509504199640745, 7.050950419963484, 7.0509504199607145, 7.050950419953526, 7.050950419944173, 7.050950419953383, 7.050950419959379, 7.050950419952705, 7.05095041995393, 7.050950419952668, 7.050950419951439, 7.050950419949718, 7.050950419948178, 7.050950419949648, 7.050950419957056, 7.050950419954951, 7.050950419952354, 7.050950419963703, 7.050950419944806, 7.050950419945328, 7.050950419958589, 7.050950419950302, 7.050950419955278, 7.0509504199535575, 7.050950419951566, 7.050950419945766, 7.050950419953073, 7.050950419953845, 7.050950419953415, 7.050950419948586, 7.050950419957565, 7.0509504199539235, 7.050950419956318, 7.0509504199484105, 7.050950419959147, 7.050950419953749, 7.050950419948499, 7.051118322313636, 7.051118322316992, 7.051118322315116, 7.051118322316504, 7.051118322305342, 7.051118322305943, 7.05111832230935, 7.051118322314368, 7.051118322319958, 7.051118322313406, 7.051118322308128, 7.051118322313744, 7.051118322312223, 7.051118322313835, 7.05111832231518, 7.051118322315831, 7.051118322316305, 7.051118322314324, 7.051118322310393, 7.051118322312014, 7.0511183223143625, 7.0511183223056655, 7.051118322320034, 7.051118322318711, 7.051118322309914, 7.05111832231755, 7.051118322310391, 7.051118322313286, 7.051118322313086, 7.0511183223193035, 7.051118322313643, 7.0511183223126865, 7.051118322314657, 7.051118322316541, 7.051118322308641, 7.051118322312963, 7.05111832231076, 7.051118322318488, 7.051118322308406, 7.051118322313022, 7.051118322317895, 7.051356677634206, 7.051356677633068, 7.051356677631194, 7.051356677629307, 7.051356677633676, 7.0513566776367735, 7.051356677635549, 7.0513566776322065, 7.051356677632736, 7.051356677634466, 7.051356677635097, 7.051356677634793, 7.051356677633873, 7.051356677634579, 7.051356677634079, 7.05135667763497, 7.0513566776333105, 7.051356677634617, 7.051356677634553, 7.0513566776336, 7.051356677636539, 7.051356677636677, 7.05135667763271, 7.051356677633383, 7.051356677636182, 7.05135667763458, 7.051356677633627, 7.051356677634538, 7.051356677634789, 7.051356677632997, 7.051356677634217, 7.0513566776358445, 7.0513566776330405, 7.051356677633345, 7.051356677634382, 7.0513566776342955, 7.051356677634983, 7.051356677633845, 7.051356677635089, 7.051356677636182, 7.051356677633684, 7.051316539489331, 7.051316539494056, 7.051316539492168, 7.051316539487655, 7.051316539495922, 7.051316539492509, 7.051316539495734, 7.051316539489648, 7.051316539484764, 7.051316539488393, 7.051316539491147, 7.05131653948957, 7.0513165394905055, 7.051316539487986, 7.0513165394867405, 7.051316539487087, 7.051316539488296, 7.05131653948655, 7.051316539490389, 7.051316539491756, 7.051316539486485, 7.0513165394935715, 7.051316539485514, 7.051316539484981, 7.05131653949132, 7.05131653948638, 7.051316539489852, 7.051316539489707, 7.051316539486985, 7.0513165394856845, 7.051316539489335, 7.051316539489479, 7.051316539490704, 7.0513165394876625, 7.051316539492007, 7.051316539490156, 7.051316539488473, 7.051316539486321, 7.051316539491616, 7.051316539487344, 7.051316539488356, 7.051250368105005, 7.051250368104627, 7.051250368102759, 7.051250368106408, 7.051250368095386, 7.051250368098026, 7.051250368098747, 7.051250368101772, 7.0512503681128065, 7.05125036810609, 7.051250368099999, 7.051250368104834, 7.051250368103724, 7.051250368106779, 7.051250368108008, 7.051250368106592, 7.051250368108795, 7.051250368106685, 7.051250368101545, 7.051250368102012, 7.051250368108646, 7.051250368099423, 7.051250368110035, 7.051250368109931, 7.051250368100304, 7.051250368109989, 7.0512503681031955, 7.051250368104396, 7.051250368107021, 7.051250368111513, 7.051250368105002, 7.051250368103357, 7.05125036810594, 7.05125036810797, 7.051250368102121, 7.0512503681046255, 7.051250368105857, 7.051250368110241, 7.051250368100543, 7.051250368106999, 7.051250368108209, 7.051370003536885, 7.051370003537879, 7.051370003535884, 7.051370003533159, 7.051370003542886, 7.051370003541763, 7.051370003542746, 7.051370003540956, 7.0513700035304705, 7.051370003537002, 7.051370003542688, 7.051370003538435, 7.051370003538427, 7.0513700035352755, 7.0513700035334415, 7.0513700035372775, 7.051370003534599, 7.0513700035378015, 7.051370003539194, 7.051370003539719, 7.05137000353455, 7.0513700035413525, 7.051370003533329, 7.051370003533781, 7.051370003540838, 7.0513700035328375, 7.0513700035371585, 7.05137000353781, 7.0513700035345686, 7.051370003531902, 7.051370003536891, 7.051370003540477, 7.051370003534613, 7.051370003535692, 7.051370003538897, 7.051370003537249, 7.051370003535376, 7.051370003532475, 7.051370003541119, 7.05137000353572, 7.051370003534408, 7.051521779302304, 7.051521779304917, 7.051521779302987, 7.05152177930438, 7.051521779302994, 7.051521779300831, 7.051521779299087, 7.051521779300824, 7.0515217793055465, 7.051521779301557, 7.05152177929918, 7.051521779301517, 7.051521779302099, 7.051521779304397, 7.05152177930489, 7.051521779300249, 7.051521779301862, 7.051521779300855, 7.051521779301368, 7.051521779301085, 7.051521779303388, 7.051521779303206, 7.051521779302555, 7.051521779301657, 7.051521779300189, 7.0515217793049, 7.0515217793033305, 7.051521779301674, 7.05152177930318, 7.0515217793047995, 7.051521779302309, 7.051521779299568, 7.051521779304375, 7.0515217793032825, 7.051521779302739, 7.051521779302444, 7.051521779305029, 7.0515217793040685, 7.051521779302119, 7.051521779303285, 7.051521779301883, 7.051542041524769, 7.051542041524784, 7.051542041522731, 7.051542041526188, 7.051542041521591, 7.051542041520559, 7.051542041523039, 7.051542041526739, 7.051542041527584, 7.05154204152464, 7.051542041524704, 7.051542041525075, 7.051542041525445, 7.051542041524385, 7.051542041524003, 7.05154204152681, 7.051542041526526, 7.051542041527225, 7.051542041524007, 7.051542041525018, 7.051542041523905, 7.051542041519674, 7.05154204152895, 7.051542041527821, 7.051542041523318, 7.051542041524966, 7.051542041523126, 7.0515420415244146, 7.051542041524184, 7.051542041526797, 7.051542041524779, 7.051542041526371, 7.05154204152365, 7.051542041527193, 7.051542041522237, 7.051542041523923, 7.051542041522581, 7.051542041525594, 7.051542041522995, 7.051542041523355, 7.051542041527424, 7.051487603883058, 7.051487603881722, 7.051487603879643, 7.05148760387929, 7.051487603889126, 7.051487603889773, 7.051487603886539, 7.051487603881187, 7.051487603878217, 7.051487603884082, 7.051487603887649, 7.0514876038826, 7.051487603884144, 7.051487603883529, 7.0514876038822605, 7.051487603882099, 7.0514876038800205, 7.0514876038830145, 7.051487603886158, 7.051487603884091, 7.05148760388394, 7.051487603889841, 7.051487603878233, 7.051487603879094, 7.051487603886437, 7.051487603881139, 7.051487603885593, 7.051487603883306, 7.051487603883921, 7.051487603878639, 7.051487603883049, 7.051487603884403, 7.051487603881793, 7.051487603881336, 7.051487603886657, 7.0514876038835705, 7.051487603885909, 7.05148760387954, 7.051487603887973, 7.0514876038848, 7.051487603879353, 7.05149448581843, 7.05149448582405, 7.051494485821984, 7.051494485825329, 7.051494485814802, 7.051494485810976, 7.05149448581543, 7.051494485819093, 7.051494485824477, 7.051494485817468, 7.051494485811816, 7.051494485817508, 7.0514944858181785, 7.051494485818088, 7.051494485819398, 7.051494485818878, 7.051494485821135, 7.051494485817452, 7.051494485816003, 7.051494485818441, 7.051494485816145, 7.051494485811428, 7.051494485823344, 7.051494485822028, 7.05149448581347, 7.051494485820499, 7.051494485817981, 7.051494485817707, 7.051494485817651, 7.051494485823439, 7.0514944858184245, 7.051494485815219, 7.0514944858211095, 7.051494485822075, 7.0514944858163355, 7.051494485818373, 7.051494485815102, 7.051494485821668, 7.051494485814499, 7.051494485815705, 7.051494485821652, 7.051588967155821, 7.051588967150549, 7.051588967148463, 7.051588967149855, 7.0515889671567855, 7.051588967163143, 7.051588967157022, 7.051588967153491, 7.051588967152508, 7.0515889671576755, 7.051588967160386, 7.051588967156203, 7.0515889671563095, 7.051588967156682, 7.0515889671561025, 7.051588967156674, 7.051588967153484, 7.051588967157692, 7.051588967158165, 7.051588967155144, 7.051588967159583, 7.051588967160588, 7.051588967152651, 7.051588967154244, 7.05158896715917, 7.05158896715551, 7.051588967156596, 7.051588967156061, 7.051588967158559, 7.051588967153153, 7.051588967155817, 7.051588967158453, 7.051588967152928, 7.051588967154483, 7.051588967157959, 7.051588967155642, 7.051588967158753, 7.051588967153751, 7.05158896715907, 7.05158896715958, 7.051588967153134, 7.051644432661919, 7.051644432668689, 7.051644432666592, 7.051644432666687, 7.051644432664374, 7.051644432659496, 7.051644432665084, 7.05164443266626, 7.051644432661347, 7.051644432659517, 7.051644432660599, 7.051644432662651, 7.051644432662915, 7.051644432659705, 7.0516444326594385, 7.051644432661439, 7.051644432662664, 7.051644432660241, 7.051644432661491, 7.0516444326644665, 7.0516444326566035, 7.051644432657576, 7.051644432664466, 7.05164443266198, 7.051644432660741, 7.051644432659886, 7.051644432660627, 7.051644432661966, 7.0516444326588275, 7.051644432662342, 7.05164443266192, 7.051644432662011, 7.051644432663237, 7.0516444326628624, 7.051644432661128, 7.051644432661908, 7.051644432657057, 7.051644432661053, 7.051644432660286, 7.0516444326571115, 7.05164443266397, 7.051546143640299, 7.051546143636499, 7.051546143634538, 7.0515461436381095, 7.051546143635936, 7.051546143642619, 7.051546143634303, 7.051546143632585, 7.051546143644061, 7.051546143641254, 7.051546143637852, 7.0515461436392055, 7.051546143638442, 7.051546143644552, 7.051546143645754, 7.051546143638996, 7.051546143639347, 7.051546143639643, 7.051546143639819, 7.0515461436358144, 7.051546143647638, 7.051546143643235, 7.051546143639767, 7.051546143640277, 7.051546143638706, 7.051546143646175, 7.051546143641741, 7.051546143639869, 7.051546143645558, 7.0515461436438125, 7.051546143640297, 7.051546143637881, 7.051546143641076, 7.051546143639532, 7.051546143641489, 7.051546143640647, 7.051546143647856, 7.051546143643699, 7.051546143640073, 7.051546143646772, 7.0515461436380145, 7.051253910385111, 7.051253910391135, 7.051253910388942, 7.051253910386792, 7.051253910389014, 7.05125391038346, 7.051253910395067, 7.051253910397333, 7.05125391037832, 7.051253910383187, 7.051253910390262, 7.051253910387937, 7.051253910387475, 7.051253910378849, 7.051253910376118, 7.0512539103882785, 7.051253910385885, 7.051253910386081, 7.0512539103865155, 7.05125391039173, 7.051253910374531, 7.05125391037963, 7.051253910387169, 7.051253910385398, 7.051253910388065, 7.0512539103768095, 7.051253910381709, 7.051253910386555, 7.05125391037761, 7.051253910380523, 7.05125391038511, 7.05125391039093, 7.0512539103826075, 7.051253910385749, 7.051253910383466, 7.051253910385067, 7.051253910373647, 7.051253910379571, 7.051253910385184, 7.051253910375994, 7.051253910387658, 7.050669835750043, 7.050669835742817, 7.05066983574098, 7.050669835745787, 7.050669835743788, 7.050669835755103, 7.050669835737472, 7.050669835732807, 7.0506698357579936, 7.05066983575365, 7.0506698357446504, 7.050669835745985, 7.050669835746323, 7.050669835759283, 7.050669835761942, 7.050669835745604, 7.050669835748031, 7.050669835747161, 7.0506698357490585, 7.050669835740533, 7.050669835765379, 7.050669835760328, 7.050669835745105, 7.050669835747812, 7.050669835747578, 7.050669835761366, 7.050669835754399, 7.050669835748775, 7.050669835761177, 7.050669835755886, 7.0506698357500355, 7.050669835742596, 7.050669835753035, 7.050669835748218, 7.050669835754537, 7.050669835750948, 7.050669835767247, 7.0506698357564, 7.050669835750867, 7.050669835763654, 7.050669835745061, 7.04940476371449, 7.04940476373103, 7.049404763728651, 7.049404763725107, 7.049404763720269, 7.049404763701827, 7.049404763730014, 7.049404763738787, 7.0494047637072645, 7.049404763708964, 7.049404763718603, 7.049404763719541, 7.049404763718938, 7.0494047637016894, 7.049404763698093, 7.049404763720495, 7.049404763719518, 7.049404763716317, 7.04940476371399, 7.049404763726866, 7.049404763691602, 7.049404763697093, 7.049404763723277, 7.049404763718492, 7.049404763715878, 7.049404763699846, 7.0494047637071136, 7.049404763716222, 7.049404763698522, 7.0494047637097434, 7.049404763714491, 7.049404763723008, 7.049404763712005, 7.04940476371838, 7.04940476370801, 7.049404763713671, 7.049404763689006, 7.049404763706959, 7.049404763710053, 7.049404763693522, 7.0494047637243265, 7.046820751967769, 7.046820751942056, 7.0468207519404, 7.046820751947017, 7.046820751961622, 7.04682075198896, 7.046820751948399, 7.046820751933284, 7.046820751973558, 7.046820751976046, 7.0468207519670045, 7.046820751961128, 7.046820751961899, 7.046820751985556, 7.046820751989553, 7.046820751960209, 7.04682075195883, 7.046820751966457, 7.046820751970288, 7.046820751950379, 7.046820751999827, 7.04682075199659, 7.046820751951882, 7.046820751959942, 7.046820751969732, 7.046820751987242, 7.046820751978675, 7.046820751966122, 7.0468207519899515, 7.04682075197168, 7.0468207519677675, 7.0468207519582355, 7.046820751968865, 7.046820751960494, 7.046820751978075, 7.046820751969097, 7.046820752003752, 7.046820751975746, 7.046820751976367, 7.046820751997745, 7.04682075195217, 7.0429403806248425, 7.042940380665152, 7.042940380662549, 7.042940380657415, 7.042940380631153, 7.042940380590864, 7.042940380647232, 7.0429403806689495, 7.042940380619464, 7.042940380613405, 7.042940380624265, 7.042940380633541, 7.042940380632088, 7.042940380601636, 7.042940380598015, 7.042940380634882, 7.042940380638255, 7.042940380627252, 7.042940380619927, 7.042940380645422, 7.042940380583731, 7.042940380583347, 7.042940380648725, 7.042940380636504, 7.042940380620414, 7.042940380601907, 7.042940380609942, 7.042940380626652, 7.04294038059662, 7.042940380622628, 7.042940380624835, 7.042940380635947, 7.042940380624179, 7.042940380635428, 7.04294038060923, 7.0429403806227056, 7.04294038057855, 7.042940380615844, 7.042940380611146, 7.04294038058562, 7.042940380648077, 7.040666890373976, 7.040666890327611, 7.040666890326115, 7.040666890331399, 7.040666890371964, 7.040666890415455, 7.040666890352465, 7.040666890327442, 7.0406668903755065, 7.040666890386192, 7.040666890375255, 7.040666890363535, 7.040666890366723, 7.040666890399101, 7.040666890403443, 7.04066689036144, 7.040666890355877, 7.040666890370163, 7.0406668903808045, 7.040666890352034, 7.040666890416353, 7.040666890424433, 7.040666890342396, 7.040666890358229, 7.04066689038037, 7.040666890399278, 7.040666890393104, 7.040666890372115, 7.040666890403193, 7.040666890374383, 7.040666890373969, 7.040666890359044, 7.04066689037634, 7.040666890361453, 7.040666890392111, 7.040666890376343, 7.040666890424311, 7.040666890382432, 7.0406668903920675, 7.040666890416039, 7.040666890345099, 7.043452713218584, 7.04345271326333, 7.043452713260682, 7.0434527132602245, 7.043452713214943, 7.043452713177192, 7.043452713231756, 7.043452713256119, 7.043452713221413, 7.043452713209713, 7.043452713215603, 7.043452713228868, 7.04345271322333, 7.043452713197083, 7.043452713194467, 7.043452713232637, 7.043452713238312, 7.0434527132259515, 7.043452713211336, 7.043452713234123, 7.043452713186953, 7.0434527131702716, 7.0434527132501215, 7.043452713236333, 7.043452713211948, 7.043452713199127, 7.043452713200671, 7.043452713219644, 7.043452713196778, 7.043452713220756, 7.043452713218592, 7.043452713233782, 7.043452713213208, 7.043452713230414, 7.043452713200727, 7.043452713215444, 7.043452713177519, 7.043452713212703, 7.043452713200721, 7.04345271318531, 7.043452713247378, 7.049292523618916, 7.049292523596516, 7.04929252359468, 7.049292523591672, 7.049292523630623, 7.0492925236469635, 7.049292523618097, 7.0492925236033335, 7.049292523611271, 7.049292523623579, 7.049292523621024, 7.049292523612569, 7.049292523617923, 7.049292523628725, 7.049292523627984, 7.049292523608101, 7.049292523605966, 7.049292523611514, 7.049292523625442, 7.049292523614211, 7.049292523631377, 7.049292523649864, 7.049292523596113, 7.049292523604125, 7.049292523624452, 7.049292523625189, 7.049292523629436, 7.049292523618999, 7.049292523627528, 7.049292523612082, 7.049292523618906, 7.0492925236084165, 7.049292523624834, 7.049292523610753, 7.049292523630608, 7.049292523621186, 7.049292523639692, 7.049292523617234, 7.049292523632603, 7.049292523634145, 7.049292523600337, 7.051549459223187, 7.051549459217807, 7.051549459215749, 7.051549459222888, 7.051549459210482, 7.051549459217426, 7.051549459210831, 7.051549459214878, 7.051549459233979, 7.051549459224835, 7.051549459216826, 7.051549459222975, 7.051549459219834, 7.051549459227209, 7.051549459229262, 7.051549459225634, 7.051549459227253, 7.051549459226824, 7.051549459219705, 7.051549459217514, 7.051549459230584, 7.0515494592180765, 7.051549459228983, 7.051549459230138, 7.0515494592176795, 7.051549459231958, 7.051549459222912, 7.051549459222347, 7.051549459227803, 7.051549459231764, 7.051549459223199, 7.051549459221805, 7.051549459222377, 7.051549459224795, 7.0515494592195305, 7.0515494592225165, 7.051549459227165, 7.051549459231033, 7.051549459218099, 7.051549459228661, 7.051549459224772, 7.048785814727928, 7.048785814760293, 7.04878581475775, 7.048785814752736, 7.0487858147371965, 7.048785814712996, 7.048785814745187, 7.048785814751411, 7.0487858147179425, 7.048785814722871, 7.048785814738197, 7.048785814736398, 7.048785814732, 7.048785814713285, 7.048785814709192, 7.0487858147344715, 7.048785814736161, 7.0487858147323035, 7.048785814727855, 7.048785814740845, 7.048785814706442, 7.048785814708092, 7.048785814740185, 7.048785814731431, 7.048785814731353, 7.048785814709715, 7.048785814718394, 7.048785814729533, 7.048785814712842, 7.048785814720578, 7.048785814727927, 7.048785814742489, 7.048785814721187, 7.04878581473014, 7.048785814721918, 7.048785814726359, 7.048785814703352, 7.048785814716964, 7.048785814723459, 7.048785814706941, 7.048785814741638, 7.046008507225284, 7.046008507189094, 7.046008507187577, 7.046008507191617, 7.0460085072230365, 7.046008507255658, 7.0460085072090495, 7.046008507194257, 7.046008507229721, 7.046008507231284, 7.046008507218693, 7.046008507213559, 7.046008507220705, 7.046008507245179, 7.046008507248537, 7.046008507210899, 7.046008507209725, 7.046008507215262, 7.046008507227966, 7.046008507210606, 7.046008507250997, 7.046008507262399, 7.0460085072000345, 7.046008507211908, 7.046008507225294, 7.046008507245918, 7.046008507240678, 7.046008507223025, 7.0460085072436796, 7.046008507229326, 7.046008507225281, 7.046008507203986, 7.046008507236297, 7.046008507218728, 7.046008507238078, 7.0460085072275564, 7.046008507259983, 7.046008507234167, 7.046008507236197, 7.046008507252102, 7.046008507203316, 7.047335023026146, 7.047335023052114, 7.047335023049426, 7.0473350230533045, 7.047335023014674, 7.047335022994395, 7.04733502303408, 7.047335023054606, 7.047335023028701, 7.04733502301925, 7.047335023026452, 7.047335023036694, 7.047335023029157, 7.04733502300994, 7.047335023007776, 7.047335023042484, 7.047335023040912, 7.0473350230361085, 7.0473350230203495, 7.047335023036686, 7.047335023005549, 7.047335022987785, 7.04733502305226, 7.047335023043844, 7.047335023023088, 7.04733502301227, 7.047335023011978, 7.047335023027492, 7.0473350230108105, 7.0473350230286576, 7.047335023026146, 7.04733502304246, 7.047335023016861, 7.047335023036044, 7.047335023010258, 7.04733502302341, 7.047335022994248, 7.0473350230225345, 7.047335023012014, 7.047335023003489, 7.047335023048195, 7.050603194747947, 7.050603194743772, 7.050603194741728, 7.050603194737443, 7.050603194764564, 7.050603194768429, 7.050603194751904, 7.050603194734652, 7.050603194737292, 7.050603194751588, 7.050603194754425, 7.050603194744154, 7.050603194748069, 7.050603194753279, 7.050603194753298, 7.0506031947385575, 7.050603194737503, 7.050603194740147, 7.050603194754528, 7.05060319474614, 7.050603194756231, 7.050603194773778, 7.050603194729532, 7.05060319473299, 7.05060319475501, 7.0506031947492875, 7.050603194756389, 7.050603194748304, 7.050603194754098, 7.050603194738993, 7.05060319474795, 7.050603194743064, 7.050603194750639, 7.050603194738977, 7.0506031947600025, 7.050603194750509, 7.050603194763778, 7.05060319474325, 7.05060319476053, 7.050603194758608, 7.0506031947336645, 7.051343164860828, 7.051343164850919, 7.051343164848809, 7.051343164858557, 7.051343164845988, 7.051343164853862, 7.051343164846471, 7.051343164852319, 7.0513431648761715, 7.051343164862708, 7.051343164849211, 7.051343164856422, 7.0513431648586975, 7.051343164866266, 7.051343164870271, 7.0513431648600395, 7.051343164864511, 7.0513431648600085, 7.051343164855725, 7.051343164853976, 7.051343164868439, 7.051343164855128, 7.051343164865888, 7.05134316486716, 7.051343164851804, 7.051343164872657, 7.051343164860213, 7.051343164858972, 7.051343164866532, 7.051343164872943, 7.051343164860839, 7.051343164852598, 7.051343164865953, 7.051343164864193, 7.051343164857357, 7.051343164860193, 7.051343164866692, 7.051343164871757, 7.051343164853756, 7.051343164866392, 7.05134316486277, 7.049469502351989, 7.04946950236942, 7.049469502366604, 7.0494695023628715, 7.049469502361182, 7.049469502344951, 7.049469502371854, 7.049469502376717, 7.049469502337536, 7.049469502347312, 7.04946950236592, 7.04946950236107, 7.04946950235663, 7.049469502337819, 7.049469502332837, 7.049469502361755, 7.049469502356934, 7.049469502360104, 7.0494695023547935, 7.049469502364945, 7.049469502333596, 7.0494695023373435, 7.0494695023604494, 7.049469502355009, 7.0494695023603775, 7.04946950233281, 7.049469502343317, 7.049469502354653, 7.04946950233833, 7.049469502340393, 7.049469502351991, 7.049469502370725, 7.049469502340906, 7.049469502352641, 7.049469502346874, 7.049469502350488, 7.049469502328872, 7.049469502338884, 7.049469502351705, 7.049469502334576, 7.049469502361547, 7.048505616481049, 7.048505616466497, 7.048505616464839, 7.048505616467555, 7.048505616482096, 7.0485056164976045, 7.048505616464835, 7.048505616453422, 7.048505616490397, 7.048505616484222, 7.04850561646712, 7.0485056164695115, 7.048505616475216, 7.048505616497976, 7.048505616503069, 7.048505616466772, 7.048505616470873, 7.048505616469893, 7.048505616480733, 7.04850561646847, 7.048505616500188, 7.048505616507422, 7.048505616464254, 7.04850561647084, 7.0485056164756985, 7.048505616500762, 7.048505616494858, 7.048505616478632, 7.048505616495796, 7.048505616488883, 7.048505616481046, 7.04850561645939, 7.048505616493726, 7.048505616476437, 7.048505616492257, 7.04850561648381, 7.048505616509015, 7.0485056164920055, 7.048505616486858, 7.048505616501051, 7.048505616464596, 7.0501095649098815, 7.050109564922376, 7.050109564919698, 7.050109564922881, 7.050109564900459, 7.050109564893055, 7.0501095649172045, 7.050109564929958, 7.0501095649087215, 7.050109564909365, 7.05010956491839, 7.050109564918349, 7.050109564912471, 7.050109564898412, 7.050109564895962, 7.050109564922933, 7.050109564919906, 7.050109564921645, 7.050109564907785, 7.05010956491706, 7.050109564898141, 7.0501095648836225, 7.05010956492775, 7.0501095649222325, 7.050109564911178, 7.050109564898387, 7.050109564897403, 7.050109564911197, 7.0501095649008825, 7.050109564908748, 7.0501095649098895, 7.050109564925772, 7.05010956489975, 7.050109564916221, 7.050109564898658, 7.050109564906678, 7.050109564888839, 7.050109564904888, 7.05010956490181, 7.050109564896181, 7.050109564925148, 7.0519182905533775, 7.051918290550867, 7.051918290548723, 7.0519182905447355, 7.051918290565388, 7.051918290565597, 7.051918290557919, 7.051918290549075, 7.051918290547095, 7.05191829055326, 7.051918290555715, 7.051918290551789, 7.051918290554162, 7.051918290555661, 7.051918290554467, 7.051918290547072, 7.051918290546436, 7.051918290547402, 7.051918290557263, 7.051918290554237, 7.051918290554391, 7.0519182905675635, 7.051918290542313, 7.051918290543886, 7.0519182905570235, 7.051918290552159, 7.051918290559031, 7.051918290553659, 7.051918290554522, 7.051918290547123, 7.051918290553368, 7.051918290549239, 7.051918290556887, 7.05191829054924, 7.05191829055993, 7.05191829055514, 7.051918290560366, 7.051918290549292, 7.051918290560704, 7.051918290556376, 7.0519182905456566, 7.051578356791688, 7.051578356788081, 7.051578356786073, 7.051578356791821, 7.051578356782581, 7.051578356786172, 7.051578356777345, 7.051578356779018, 7.051578356806123, 7.05157835679126, 7.051578356777828, 7.051578356788094, 7.051578356788166, 7.051578356798372, 7.05157835680222, 7.051578356788481, 7.0515783567927475, 7.0515783567877675, 7.051578356787241, 7.051578356784526, 7.0515783567993475, 7.051578356791559, 7.051578356793286, 7.051578356794818, 7.051578356782651, 7.051578356803769, 7.051578356795983, 7.051578356789914, 7.051578356797615, 7.051578356802526, 7.051578356791696, 7.05157835678151, 7.051578356797845, 7.051578356793709, 7.051578356791469, 7.05157835679267, 7.05157835680047, 7.0515783568020005, 7.0515783567872035, 7.0515783567981405, 7.051578356790487, 7.0500429783845595, 7.050042978395486, 7.050042978392628, 7.05004297838929, 7.050042978389714, 7.0500429783825975, 7.050042978402748, 7.050042978405062, 7.050042978368142, 7.050042978385327, 7.050042978406515, 7.05004297839477, 7.050042978389461, 7.050042978371532, 7.050042978366479, 7.05004297839548, 7.050042978388423, 7.050042978396005, 7.050042978389047, 7.0500429783951155, 7.050042978372174, 7.050042978373028, 7.0500429783912235, 7.050042978387624, 7.050042978395405, 7.0500429783661, 7.05004297837458, 7.050042978387289, 7.050042978374603, 7.050042978371597, 7.05004297838455, 7.050042978406417, 7.050042978370088, 7.050042978384492, 7.050042978380044, 7.050042978382199, 7.050042978365766, 7.050042978370778, 7.050042978386618, 7.050042978372487, 7.050042978392247, 7.049746267624786, 7.049746267617336, 7.049746267615582, 7.049746267618737, 7.049746267622506, 7.049746267630749, 7.049746267607808, 7.049746267604578, 7.049746267639127, 7.0497462676250136, 7.049746267604236, 7.04974626761227, 7.049746267620424, 7.0497462676388505, 7.049746267644279, 7.049746267610443, 7.049746267618926, 7.049746267611309, 7.049746267620801, 7.049746267614104, 7.049746267637119, 7.049746267640651, 7.049746267614277, 7.0497462676184055, 7.049746267613934, 7.049746267643358, 7.049746267634839, 7.049746267621718, 7.0497462676351645, 7.0497462676370795, 7.049746267624784, 7.049746267600201, 7.049746267641522, 7.049746267624734, 7.049746267631832, 7.0497462676269524, 7.049746267645096, 7.049746267637776, 7.049746267624692, 7.049746267637542, 7.049746267614615, 7.051256995981661, 7.051256995987339, 7.051256995984525, 7.051256995984631, 7.051256995981289, 7.051256995976779, 7.05125699599282, 7.051256995997139, 7.051256995971965, 7.051256995979314, 7.051256995993605, 7.05125699598997, 7.051256995984383, 7.051256995972423, 7.051256995968522, 7.051256995992726, 7.0512569959859155, 7.051256995992253, 7.051256995983746, 7.05125699598879, 7.05125699597308, 7.051256995970304, 7.051256995989453, 7.051256995987223, 7.05125699598891, 7.051256995969318, 7.051256995974572, 7.051256995983873, 7.051256995974161, 7.051256995973903, 7.051256995981664, 7.051256995999128, 7.051256995969276, 7.0512569959827225, 7.051256995976088, 7.051256995980083, 7.051256995966213, 7.051256995973215, 7.0512569959812215, 7.051256995972839, 7.05125699598863, 7.052592243920955, 7.052592243922688, 7.052592243920397, 7.052592243921753, 7.052592243922118, 7.0525922439217, 7.052592243918882, 7.052592243915605, 7.052592243922669, 7.05259224392214, 7.05259224391889, 7.052592243918629, 7.052592243920738, 7.052592243923175, 7.052592243924119, 7.052592243917887, 7.052592243920616, 7.052592243918148, 7.0525922439207065, 7.05259224391915, 7.052592243923594, 7.052592243923938, 7.052592243919342, 7.052592243918912, 7.0525922439193405, 7.052592243923832, 7.052592243922487, 7.0525922439204365, 7.052592243923091, 7.052592243922394, 7.052592243920958, 7.052592243917439, 7.052592243923786, 7.052592243919979, 7.052592243922636, 7.052592243921533, 7.052592243925575, 7.05259224392269, 7.052592243921091, 7.052592243923509, 7.0525922439194515, 7.052330534233277, 7.0523305342303395, 7.05233053422822, 7.052330534230403, 7.052330534232806, 7.05233053423567, 7.052330534227539, 7.052330534225429, 7.052330534238645, 7.052330534235056, 7.052330534226431, 7.0523305342285685, 7.05233053423243, 7.052330534238205, 7.052330534240134, 7.052330534227771, 7.052330534231209, 7.052330534227295, 7.0523305342319915, 7.0523305342295295, 7.052330534237756, 7.052330534238838, 7.0523305342294895, 7.052330534230598, 7.05233053422915, 7.052330534240093, 7.052330534236802, 7.052330534232134, 7.052330534236985, 7.052330534237672, 7.052330534233282, 7.052330534223863, 7.052330534240218, 7.052330534232965, 7.052330534235583, 7.052330534234257, 7.0523305342413165, 7.0523305342380365, 7.052330534233052, 7.052330534237834, 7.052330534229826, 7.051228459177375, 7.051228459183724, 7.051228459180952, 7.0512284591802965, 7.051228459178344, 7.051228459173337, 7.051228459189651, 7.051228459194508, 7.051228459166921, 7.051228459175747, 7.051228459190255, 7.0512284591872705, 7.051228459180255, 7.051228459167482, 7.051228459163146, 7.051228459189003, 7.05122845918074, 7.051228459187192, 7.051228459179874, 7.051228459185264, 7.051228459167626, 7.051228459166292, 7.051228459184665, 7.051228459182705, 7.051228459185475, 7.051228459163999, 7.051228459170535, 7.051228459179688, 7.0512284591689935, 7.051228459168748, 7.05122845917738, 7.051228459195081, 7.051228459164839, 7.0512284591782475, 7.051228459171831, 7.051228459175869, 7.051228459161025, 7.051228459168169, 7.051228459177353, 7.051228459167576, 7.051228459184476, 7.050827616524576, 7.050827616520769, 7.050827616518937, 7.050827616522332, 7.050827616522338, 7.050827616528215, 7.050827616509508, 7.050827616505601, 7.0508276165376005, 7.050827616525252, 7.050827616508072, 7.050827616514862, 7.050827616520259, 7.050827616536659, 7.050827616540888, 7.0508276165134856, 7.0508276165204995, 7.050827616513907, 7.050827616521245, 7.050827616515021, 7.050827616535924, 7.050827616537082, 7.050827616517129, 7.05082761651996, 7.0508276165156545, 7.0508276165405155, 7.0508276165331205, 7.050827616521823, 7.050827616533988, 7.050827616535295, 7.050827616524585, 7.050827616505118, 7.050827616537509, 7.0508276165238595, 7.0508276165303485, 7.050827616526252, 7.050827616542386, 7.050827616535903, 7.05082761652391, 7.0508276165357575, 7.0508276165171315, 7.051555048211039, 7.05155504821712, 7.051555048214342, 7.051555048212547, 7.05155504821495, 7.0515550482109335, 7.051555048225183, 7.051555048226035, 7.051555048198228, 7.0515550482113705, 7.051555048227424, 7.051555048218391, 7.051555048214852, 7.051555048202174, 7.051555048197544, 7.0515550482184155, 7.0515550482133325, 7.051555048219232, 7.051555048214953, 7.051555048218927, 7.051555048201985, 7.051555048203441, 7.051555048215185, 7.051555048212506, 7.051555048219323, 7.051555048197493, 7.051555048203557, 7.051555048213002, 7.0515550482037, 7.051555048200964, 7.051555048211048, 7.05155504822585, 7.051555048201633, 7.051555048210658, 7.051555048207673, 7.051555048209147, 7.051555048198018, 7.0515550482006955, 7.051555048212918, 7.0515550482023395, 7.051555048216255, 7.052478323751228, 7.052478323749346, 7.052478323747147, 7.0524783237516235, 7.052478323744469, 7.052478323746632, 7.052478323741871, 7.052478323744254, 7.052478323761077, 7.0524783237498445, 7.052478323740176, 7.052478323747972, 7.052478323749033, 7.052478323755484, 7.052478323757791, 7.052478323749304, 7.052478323752369, 7.052478323748796, 7.052478323747931, 7.052478323746827, 7.052478323755294, 7.052478323750129, 7.0524783237527355, 7.052478323753762, 7.0524783237446735, 7.05247832375933, 7.052478323753853, 7.052478323750109, 7.052478323754306, 7.052478323758997, 7.052478323751236, 7.052478323743472, 7.052478323756198, 7.05247832375308, 7.052478323750473, 7.052478323751877, 7.052478323755968, 7.052478323758469, 7.052478323747677, 7.05247832375466, 7.052478323750631, 7.052687746190308, 7.0526877461908795, 7.05268774618852, 7.052687746185953, 7.052687746198894, 7.052687746199184, 7.052687746193466, 7.052687746187383, 7.052687746184718, 7.052687746191035, 7.052687746193492, 7.05268774618977, 7.052687746190937, 7.05268774619113, 7.052687746190694, 7.052687746187091, 7.0526877461860025, 7.052687746187863, 7.052687746193305, 7.052687746190733, 7.052687746191812, 7.052687746200537, 7.052687746182503, 7.052687746183975, 7.052687746194205, 7.052687746188991, 7.052687746193719, 7.052687746190745, 7.052687746191272, 7.052687746185407, 7.052687746190314, 7.052687746189732, 7.052687746190429, 7.05268774618665, 7.052687746195213, 7.052687746191381, 7.052687746194753, 7.0526877461870505, 7.052687746195925, 7.05268774619308, 7.052687746184766, 7.052201356634794, 7.052201356642072, 7.0522013566394, 7.052201356643247, 7.052201356626534, 7.052201356622582, 7.052201356635766, 7.052201356645334, 7.052201356637562, 7.0522013566350585, 7.052201356637189, 7.052201356639325, 7.0522013566364645, 7.052201356628532, 7.052201356628293, 7.052201356641854, 7.052201356642034, 7.052201356640991, 7.052201356632015, 7.052201356637619, 7.052201356628862, 7.052201356617318, 7.05220135664662, 7.052201356643357, 7.052201356633271, 7.052201356630285, 7.052201356626739, 7.052201356635041, 7.052201356630195, 7.052201356637188, 7.052201356634781, 7.052201356642192, 7.052201356630316, 7.052201356639399, 7.052201356627342, 7.0522013566327, 7.052201356623005, 7.052201356634338, 7.052201356628087, 7.052201356627207, 7.052201356644934, 7.051717642517574, 7.051717642507671, 7.051717642505614, 7.0517176425049986, 7.051717642524482, 7.051717642532247, 7.051717642513255, 7.0517176425030925, 7.051717642516807, 7.051717642518571, 7.051717642513468, 7.05171764251057, 7.051717642515527, 7.051717642526305, 7.051717642527348, 7.051717642508374, 7.051717642509061, 7.051717642510017, 7.051717642519753, 7.051717642512547, 7.051717642526694, 7.051717642537644, 7.051717642503565, 7.051717642507903, 7.0517176425179695, 7.051717642525447, 7.051717642527024, 7.051717642516757, 7.0517176425243955, 7.051717642517261, 7.051717642517576, 7.051717642506509, 7.051717642524284, 7.0517176425127515, 7.051717642526029, 7.051717642519749, 7.05171764253335, 7.051717642520093, 7.051717642524712, 7.051717642528289, 7.051717642505458, 7.051731109539916, 7.051731109555546, 7.051731109552799, 7.0517311095548365, 7.051731109535617, 7.0517311095239785, 7.05173110954507, 7.051731109554189, 7.051731109539397, 7.05173110953628, 7.051731109542334, 7.051731109547125, 7.051731109540965, 7.051731109531599, 7.051731109529809, 7.051731109548753, 7.051731109547917, 7.051731109546554, 7.051731109537541, 7.051731109545532, 7.05173110952955, 7.051731109520269, 7.051731109553748, 7.051731109548662, 7.051731109539586, 7.051731109531713, 7.0517311095322945, 7.05173110954086, 7.051731109532088, 7.051731109539861, 7.0517311095399196, 7.051731109550397, 7.05173110953348, 7.051731109544325, 7.051731109532228, 7.051731109538449, 7.051731109523527, 7.051731109536981, 7.051731109533428, 7.051731109528394, 7.0517311095514215, 7.052188412779273, 7.052188412764606, 7.052188412762418, 7.052188412763891, 7.052188412780831, 7.052188412793985, 7.052188412775685, 7.052188412768419, 7.052188412777991, 7.05218841278393, 7.0521884127808825, 7.052188412773706, 7.052188412778412, 7.05218841278634, 7.052188412786918, 7.052188412773185, 7.052188412772671, 7.052188412775746, 7.052188412781811, 7.052188412774661, 7.052188412788796, 7.05218841279488, 7.0521884127680226, 7.052188412772484, 7.052188412781074, 7.0521884127853305, 7.052188412784274, 7.052188412778612, 7.052188412786249, 7.052188412778434, 7.052188412779264, 7.052188412772236, 7.052188412782961, 7.052188412775789, 7.05218841278516, 7.052188412779908, 7.052188412792557, 7.052188412780818, 7.052188412785151, 7.052188412789445, 7.05218841277024, 7.052691754375184, 7.052691754391278, 7.052691754388723, 7.05269175438977, 7.052691754374874, 7.0526917543629395, 7.052691754375417, 7.05269175438141, 7.05269175437903, 7.052691754371742, 7.052691754369715, 7.052691754377909, 7.052691754375106, 7.052691754371414, 7.052691754372019, 7.052691754377033, 7.052691754380157, 7.052691754374326, 7.052691754372143, 7.052691754377569, 7.052691754368532, 7.052691754364007, 7.052691754382964, 7.052691754379136, 7.052691754371511, 7.052691754372937, 7.0526917543725895, 7.052691754375074, 7.052691754370885, 7.052691754378144, 7.0526917543751795, 7.05269175437614, 7.052691754375645, 7.052691754378078, 7.0526917543719865, 7.052691754375245, 7.052691754367348, 7.052691754376002, 7.052691754369864, 7.052691754367931, 7.0526917543820415, 7.052890753807932, 7.0528907537971355, 7.052890753794591, 7.052890753795451, 7.052890753809187, 7.05289075381776, 7.052890753811727, 7.052890753807683, 7.052890753800831, 7.052890753810118, 7.0528907538165555, 7.052890753809961, 7.0528907538088434, 7.0528907538077235, 7.052890753806134, 7.052890753810325, 7.052890753804492, 7.052890753811818, 7.0528907538118135, 7.05289075380861, 7.052890753810608, 7.052890753814432, 7.0528907538029735, 7.052890753805943, 7.052890753814188, 7.052890753805663, 7.052890753808706, 7.052890753809021, 7.052890753808925, 7.052890753802071, 7.05289075380793, 7.052890753813547, 7.052890753802633, 7.052890753804988, 7.05289075380933, 7.0528907538078975, 7.052890753809807, 7.052890753804172, 7.052890753813057, 7.052890753811253, 7.052890753803747, 7.052710483485697, 7.052710483494199, 7.052710483491945, 7.0527104834952405, 7.0527104834818415, 7.052710483477306, 7.052710483477275, 7.05271048348016, 7.052710483496732, 7.052710483484666, 7.052710483473185, 7.052710483480521, 7.052710483483935, 7.052710483489093, 7.05271048349231, 7.052710483480457, 7.052710483488153, 7.05271048347965, 7.052710483481156, 7.052710483482205, 7.052710483486758, 7.052710483481566, 7.052710483488845, 7.052710483486934, 7.052710483476669, 7.052710483493177, 7.052710483486628, 7.052710483483919, 7.052710483487716, 7.05271048349495, 7.052710483485697, 7.0527104834748435, 7.052710483494414, 7.052710483488369, 7.05271048348524, 7.052710483486125, 7.052710483489259, 7.0527104834932155, 7.052710483480166, 7.0527104834859795, 7.052710483487673, 7.052269774767193, 7.052269774766263, 7.052269774763355, 7.052269774760497, 7.052269774774798, 7.052269774776128, 7.0522697747807435, 7.0522697747767795, 7.052269774751515, 7.052269774767697, 7.052269774784315, 7.05226977477398, 7.052269774770114, 7.05226977476112, 7.052269774756713, 7.052269774772993, 7.052269774764724, 7.052269774774444, 7.052269774773262, 7.05226977477345, 7.052269774762875, 7.052269774770312, 7.052269774763938, 7.052269774764601, 7.052269774778871, 7.05226977475533, 7.052269774764294, 7.052269774769479, 7.052269774763067, 7.052269774754366, 7.0522697747671925, 7.052269774781396, 7.052269774756567, 7.0522697747638015, 7.052269774767828, 7.052269774766401, 7.052269774760308, 7.052269774756008, 7.05226977477395, 7.0522697747639915, 7.052269774766283, 7.051642724188455, 7.051642724188537, 7.051642724186461, 7.051642724194374, 7.05164272417494, 7.051642724176952, 7.05164272416998, 7.051642724176455, 7.051642724209253, 7.051642724187075, 7.051642724166781, 7.051642724180291, 7.051642724184225, 7.051642724196399, 7.051642724201541, 7.051642724183578, 7.051642724191748, 7.051642724182066, 7.051642724180555, 7.051642724179931, 7.051642724195174, 7.051642724183452, 7.051642724193197, 7.051642724193828, 7.051642724174186, 7.051642724204037, 7.051642724191746, 7.051642724185663, 7.051642724194484, 7.0516427242053155, 7.0516427241884525, 7.05164272417198, 7.051642724199739, 7.051642724193423, 7.0516427241864355, 7.051642724189095, 7.051642724196526, 7.05164272420319, 7.051642724179574, 7.051642724193395, 7.0516427241899935, 7.050843739883405, 7.050843739886815, 7.050843739883856, 7.050843739875568, 7.050843739903571, 7.0508437399002135, 7.050843739906548, 7.050843739896335, 7.050843739857287, 7.050843739885097, 7.050843739909313, 7.050843739892248, 7.05084373988855, 7.050843739874665, 7.050843739868347, 7.050843739886939, 7.050843739877459, 7.050843739888649, 7.0508437398935, 7.0508437398937485, 7.050843739875342, 7.05084373989381, 7.050843739873961, 7.050843739874006, 7.050843739900955, 7.050843739864898, 7.05084373988148, 7.050843739886674, 7.0508437398766395, 7.0508437398622075, 7.0508437398834065, 7.050843739900851, 7.050843739871531, 7.050843739876259, 7.050843739887942, 7.050843739883304, 7.05084373987578, 7.050843739865249, 7.050843739896245, 7.050843739878152, 7.0508437398791735, 7.049580637569747]
Total optimisation time observed during ADAM optimization: 531.306788 seconds
Median time per evaluation during ADAM optimization: 2.644221 seconds
7.049580637569747
QAOA optimisation for n=18 took 544.68 seconds; started at 1777626789.068833 and finished at 1777627333.7461739
Finished QAOA for n=10 nodes, m=15 edges at 2026-05-01 11:22:13 on Apple M4. Time taken: 544.68 seconds. Hours: 0.15 hours. Peak RAM: 376.28 MB.
Unknown graph type for approximation ratio calculation; skipping approx ratio computation.
CSV writing for n=18 took 0.00 seconds; started at 1777627333.746175 and finished at 1777627333.7466712
results: {18: 7.049580637569747}
durations: {10: 544.6773431301117}
Results saved to: logs/adam/qaoa_results_adam_20260430_200911.csv
Global end time: 1777627333.746675
Finalisation time: 0.00 seconds; started at 1777627333.7466722 and finished at 1777627333.746676
Sum of all section times: 544.84 seconds
