2026-05-01 03:10:58.181 system_profiler[19384:2143202] hw.cpufamily: 0x6f5129ac
Starting QAOA benchmark with global start time: 1777597858.11643
Benchmark parameters: {'optimiser': 'adam', 'circuit_type': 'hamqaoa', 'parameter_vector': [1, 1, 1], 'iterations_list': [50, 100, 200, 500], 'learning_rate_adam': 0.05, 'depth_list': [1, 2, 5, 10], 'n_start': 0, 'n_end': 30, 'singlet_injection': False, 'start_index_singlet': 0, 'warm_start': True, 'compare_with_010101': False, 'warm_start_correlations': False, 'init_QAOAparams_close_to_zero': False, 'use_correlations_as_initial_params': False, 'time_limit': 10800, 'failed_instance_termination_thrsh': 10, 'graph_generation_type': 'HOG', 'weighted': False, 'easiest_first': True, 'cpu_util_threshold': 90, 'debug': False, 'save_circuit_svg': False, 'rerun_exclude_finished_instances': False, 'optimiser_debug_iterations': 1, 'relative_graph_adjList_path': '/Users/julian_dev/Projects/MasterThesis/QAOA/HOG_graphs/list_27_graphs_adjacency_list.txt'}, Running QAOA with equal superposition
Benchmark run ID: 4c7a7668
Processor: Apple M4
Hostname: Mac-mini-som-tillhor-Julian.local
Total RAM (GB): 16.0
Physical cores: 10
Logical cores: 10
Python version: 3.13.1
Initialisation time: 0.08 seconds; started at {'initialisation': 0.08269286155700684} and finished at 1777597858.1991308
Loaded HOG graph index 7 with 15 edges.
Instance generation for n=7 took 0.00 seconds; started at 1777597858.199135 and finished at 1777597858.199438
Running QAOA for n=10 nodes, m=15 edges...; Max iterations: 500
Warm-start: using parameter_vector=[1, 1, 1]
Warm-start: starting SDP solve for n_vertices=10
Starting SDP solve (solver preference: MOSEK, fallback: SCS) for n_vertices=10, matrix_dim=30, edges=15
Finished SDP solve with MOSEK. status=optimal. elapsed_seconds=0.07
Rounding...
n_vertices: 10 for n = 30
Using seed None to generate random matrix for x.
r_0: [ 0.62151868 -0.77808939  0.09105725]
Product state qubit 0: [[0.54552862+0.j        0.31075934+0.3890447j]
 [0.31075934-0.3890447j 0.45447138+0.j       ]]
Diagonal entries of product state 0: [0.54552862 0.45447138]
r_1: [-0.61887898  0.78109227 -0.08296792]
Product state qubit 1: [[ 0.45851604+0.j         -0.30943949-0.39054613j]
 [-0.30943949+0.39054613j  0.54148396+0.j        ]]
Diagonal entries of product state 1: [0.45851604 0.54148396]
r_2: [-0.6188798   0.78109167 -0.08296746]
Product state qubit 2: [[ 0.45851627+0.j         -0.3094399 -0.39054583j]
 [-0.3094399 +0.39054583j  0.54148373+0.j        ]]
Diagonal entries of product state 2: [0.45851627 0.54148373]
r_3: [ 0.61621502 -0.78400279  0.07495785]
Product state qubit 3: [[0.53747892+0.j         0.30810751+0.39200139j]
 [0.30810751-0.39200139j 0.46252108+0.j        ]]
Diagonal entries of product state 3: [0.53747892 0.46252108]
r_4: [-0.61884226  0.78111832 -0.08299658]
Product state qubit 4: [[ 0.45850171+0.j         -0.30942113-0.39055916j]
 [-0.30942113+0.39055916j  0.54149829+0.j        ]]
Diagonal entries of product state 4: [0.45850171 0.54149829]
r_5: [ 0.61885645 -0.78111259  0.08294466]
Product state qubit 5: [[0.54147233+0.j         0.30942823+0.39055629j]
 [0.30942823-0.39055629j 0.45852767+0.j        ]]
Diagonal entries of product state 5: [0.54147233 0.45852767]
r_6: [ 0.61885646 -0.7811127   0.08294355]
Product state qubit 6: [[0.54147178+0.j         0.30942823+0.39055635j]
 [0.30942823-0.39055635j 0.45852822+0.j        ]]
Diagonal entries of product state 6: [0.54147178 0.45852822]
r_7: [-0.61628374  0.78457394 -0.0681035 ]
Product state qubit 7: [[ 0.46594825+0.j         -0.30814187-0.39228697j]
 [-0.30814187+0.39228697j  0.53405175+0.j        ]]
Diagonal entries of product state 7: [0.46594825 0.53405175]
r_8: [-0.6212785   0.77746162 -0.09780822]
Product state qubit 8: [[ 0.45109589+0.j         -0.31063925-0.38873081j]
 [-0.31063925+0.38873081j  0.54890411+0.j        ]]
Diagonal entries of product state 8: [0.45109589 0.54890411]
r_9: [ 0.61885482 -0.7811071   0.08300847]
Product state qubit 9: [[0.54150424+0.j         0.30942741+0.39055355j]
 [0.30942741-0.39055355j 0.45849576+0.j        ]]
Diagonal entries of product state 9: [0.54150424 0.45849576]
y_scalar: False
[1, -1, -1, 1, -1, 1, 1, -1, -1, 1]
Hamiltonian equals product state? [[False False False False]
 [False False False False]
 [False False False False]
 [False False False False]]
Hamiltonian: [[ 0. +0.j  0. +0.j  0. +0.j  0. +0.j]
 [ 0. +0.j  0.5+0.j -0.5+0.j  0. +0.j]
 [ 0. +0.j -0.5+0.j  0.5+0.j  0. +0.j]
 [ 0. +0.j  0. +0.j  0. +0.j  0. +0.j]], product state: [[ 0.24644271+0.j          0.14127223+0.17973893j -0.1663172 -0.20991032j
   0.057754  -0.24163091j]
 [ 0.14127223-0.17973893j  0.21207333+0.j         -0.24843526+0.00097051j
  -0.14312229-0.18063582j]
 [-0.1663172 +0.20991032j -0.24843526-0.00097051j  0.29103622+0.j
   0.16683527+0.21226247j]
 [ 0.057754  +0.24163091j -0.14312229+0.18063582j  0.16683527-0.21226247j
   0.25044774+0.j        ]]
Hamiltonian equals product state? [[False False False False]
 [False False False False]
 [False False False False]
 [False False False False]]
Hamiltonian: [[ 0. +0.j  0. +0.j  0. +0.j  0. +0.j]
 [ 0. +0.j  0.5+0.j -0.5+0.j  0. +0.j]
 [ 0. +0.j -0.5+0.j  0.5+0.j  0. +0.j]
 [ 0. +0.j  0. +0.j  0. +0.j  0. +0.j]], product state: [[ 0.25013362+0.j         -0.1688081 -0.2130541j   0.14248814+0.17838323j
   0.05577869-0.24175165j]
 [-0.1688081 +0.2130541j   0.295395  +0.j         -0.24810111+0.00098007j
   0.1682712 +0.21066146j]
 [ 0.14248814-0.17838323j -0.24810111-0.00098007j  0.20838242+0.j
  -0.14063139-0.17749204j]
 [ 0.05577869+0.24175165j  0.1682712 -0.21066146j -0.14063139+0.17749204j
   0.24608896+0.j        ]]
Hamiltonian equals product state? [[False False False False]
 [False False False False]
 [False False False False]
 [False False False False]]
Hamiltonian: [[ 0. +0.j  0. +0.j  0. +0.j  0. +0.j]
 [ 0. +0.j  0.5+0.j -0.5+0.j  0. +0.j]
 [ 0. +0.j -0.5+0.j  0.5+0.j  0. +0.j]
 [ 0. +0.j  0. +0.j  0. +0.j  0. +0.j]], product state: [[ 0.24644283+0.j          0.14127231+0.17973902j -0.16631742-0.20991015j
   0.05775376-0.24163098j]
 [ 0.14127231-0.17973902j  0.21207344+0.j         -0.24843527+0.00097077j
  -0.14312248-0.18063568j]
 [-0.16631742+0.20991015j -0.24843527-0.00097077j  0.29103609+0.j
   0.1668352 +0.21226238j]
 [ 0.05775376+0.24163098j -0.14312248+0.18063568j  0.1668352 -0.21226238j
   0.25044764+0.j        ]]
Hamiltonian equals product state? [[False False False False]
 [False False False False]
 [False False False False]
 [False False False False]]
Hamiltonian: [[ 0. +0.j  0. +0.j  0. +0.j  0. +0.j]
 [ 0. +0.j  0.5+0.j -0.5+0.j  0. +0.j]
 [ 0. +0.j -0.5+0.j  0.5+0.j  0. +0.j]
 [ 0. +0.j  0. +0.j  0. +0.j  0. +0.j]], product state: [[ 0.24425594+0.j         -0.16820256-0.21048698j  0.1395818 +0.17617834j
   0.05570071-0.2416064j ]
 [-0.16820256+0.21048698j  0.29721639+0.j         -0.24794182-0.00103783j
   0.16984643+0.21437796j]
 [ 0.1395818 -0.17617834j -0.24794182+0.00103783j  0.20683995+0.j
  -0.14243669-0.17824383j]
 [ 0.05570071+0.2416064j   0.16984643-0.21437796j -0.14243669+0.17824383j
   0.25168772+0.j        ]]
Hamiltonian equals product state? [[False False False False]
 [False False False False]
 [False False False False]
 [False False False False]]
Hamiltonian: [[ 0. +0.j  0. +0.j  0. +0.j  0. +0.j]
 [ 0. +0.j  0.5+0.j -0.5+0.j  0. +0.j]
 [ 0. +0.j -0.5+0.j  0.5+0.j  0. +0.j]
 [ 0. +0.j  0. +0.j  0. +0.j  0. +0.j]], product state: [[ 0.24828838+0.00000000e+00j  0.14187743+1.79075067e-01j
  -0.16756279-2.11482386e-01j  0.05678012-2.41698371e-01j]
 [ 0.14187743-1.79075067e-01j  0.21022766+0.00000000e+00j
  -0.24827824+7.01099231e-06j -0.1418767 -1.79063749e-01j]
 [-0.16756279+2.11482386e-01j -0.24827824-7.01099231e-06j
   0.29321586+0.00000000e+00j  0.16754998+2.11478483e-01j]
 [ 0.05678012+2.41698371e-01j -0.1418767 +1.79063749e-01j
   0.16754998-2.11478483e-01j  0.2482681 +0.00000000e+00j]]
Hamiltonian equals product state? [[False False False False]
 [False False False False]
 [False False False False]
 [False False False False]]
Hamiltonian: [[ 0. +0.j  0. +0.j  0. +0.j  0. +0.j]
 [ 0. +0.j  0.5+0.j -0.5+0.j  0. +0.j]
 [ 0. +0.j -0.5+0.j  0.5+0.j  0. +0.j]
 [ 0. +0.j  0. +0.j  0. +0.j  0. +0.j]], product state: [[ 0.25229808+0.j         -0.1668503 -0.21241254j  0.14417754+0.18197902j
   0.05786235-0.24173141j]
 [-0.1668503 +0.21241254j  0.28917425+0.j         -0.24855794+0.00103791j
   0.16525069+0.20857727j]
 [ 0.14417754-0.18197902j -0.24855794-0.00103791j  0.21365017+0.j
  -0.14129157-0.17987443j]
 [ 0.05786235+0.24173141j  0.16525069-0.20857727j -0.14129157+0.17987443j
   0.2448775 +0.j        ]]
Hamiltonian equals product state? [[False False False False]
 [False False False False]
 [False False False False]
 [False False False False]]
Hamiltonian: [[ 0. +0.j  0. +0.j  0. +0.j  0. +0.j]
 [ 0. +0.j  0.5+0.j -0.5+0.j  0. +0.j]
 [ 0. +0.j -0.5+0.j  0.5+0.j  0. +0.j]
 [ 0. +0.j  0. +0.j  0. +0.j  0. +0.j]], product state: [[ 0.2482885 +0.00000000e+00j  0.1418775 +1.79075156e-01j
  -0.16756302-2.11482223e-01j  0.05677987-2.41698438e-01j]
 [ 0.1418775 -1.79075156e-01j  0.21022777+0.00000000e+00j
  -0.24827825+7.26382561e-06j -0.14187688-1.79063611e-01j]
 [-0.16756302+2.11482223e-01j -0.24827825-7.26382561e-06j
   0.29321573+0.00000000e+00j  0.16754991+2.11478393e-01j]
 [ 0.05677987+2.41698438e-01j -0.14187688+1.79063611e-01j
   0.16754991-2.11478393e-01j  0.248268  +0.00000000e+00j]]
Hamiltonian equals product state? [[False False False False]
 [False False False False]
 [False False False False]
 [False False False False]]
Hamiltonian: [[ 0. +0.j  0. +0.j  0. +0.j  0. +0.j]
 [ 0. +0.j  0.5+0.j -0.5+0.j  0. +0.j]
 [ 0. +0.j -0.5+0.j  0.5+0.j  0. +0.j]
 [ 0. +0.j  0. +0.j  0. +0.j  0. +0.j]], product state: [[ 0.29321014+0.j          0.16808147+0.21384798j  0.1670266 +0.20910332j
  -0.05675878+0.24168569j]
 [ 0.16808147-0.21384798j  0.25231849+0.j          0.24825335-0.0019505j
   0.14373275+0.17994137j]
 [ 0.1670266 -0.20910332j  0.24825335+0.0019505j   0.24426879+0.j
   0.14002604+0.17815341j]
 [-0.05675878-0.24168569j  0.14373275-0.17994137j  0.14002604-0.17815341j
   0.21020259+0.j        ]]
Hamiltonian equals product state? [[False False False False]
 [False False False False]
 [False False False False]
 [False False False False]]
Hamiltonian: [[ 0. +0.j  0. +0.j  0. +0.j  0. +0.j]
 [ 0. +0.j  0.5+0.j -0.5+0.j  0. +0.j]
 [ 0. +0.j -0.5+0.j  0.5+0.j  0. +0.j]
 [ 0. +0.j  0. +0.j  0. +0.j  0. +0.j]], product state: [[ 0.24826574+0.00000000e+00j  0.14187337+1.79070755e-01j
  -0.16754281-2.11476761e-01j  0.05679173-2.41696416e-01j]
 [ 0.14187337-1.79070755e-01j  0.21023598+0.00000000e+00j
  -0.24827899-3.64214491e-06j -0.14187832-1.79082397e-01j]
 [-0.16754281+2.11476761e-01j -0.24827899+3.64214491e-06j
   0.29320604+0.00000000e+00j  0.16755486+2.11485595e-01j]
 [ 0.05679173+2.41696416e-01j -0.14187832+1.79082397e-01j
   0.16755486-2.11485595e-01j  0.24829225+0.00000000e+00j]]
Hamiltonian equals product state? [[False False False False]
 [False False False False]
 [False False False False]
 [False False False False]]
Hamiltonian: [[ 0. +0.j  0. +0.j  0. +0.j  0. +0.j]
 [ 0. +0.j  0.5+0.j -0.5+0.j  0. +0.j]
 [ 0. +0.j -0.5+0.j  0.5+0.j  0. +0.j]
 [ 0. +0.j  0. +0.j  0. +0.j  0. +0.j]], product state: [[ 0.24425569+0.j         -0.16820239-0.21048676j  0.1395818 +0.17617836j
   0.05570073-0.24160642j]
 [-0.16820239+0.21048676j  0.29721608+0.j         -0.24794184-0.00103784j
   0.16984643+0.21437799j]
 [ 0.1395818 -0.17617836j -0.24794184+0.00103784j  0.2068402 +0.j
  -0.14243686-0.17824405j]
 [ 0.05570073+0.24160642j  0.16984643-0.21437799j -0.14243686+0.17824405j
   0.25168803+0.j        ]]
Hamiltonian equals product state? [[False False False False]
 [False False False False]
 [False False False False]
 [False False False False]]
Hamiltonian: [[ 0. +0.j  0. +0.j  0. +0.j  0. +0.j]
 [ 0. +0.j  0.5+0.j -0.5+0.j  0. +0.j]
 [ 0. +0.j -0.5+0.j  0.5+0.j  0. +0.j]
 [ 0. +0.j  0. +0.j  0. +0.j  0. +0.j]], product state: [[ 0.24828062+0.00000000e+00j  0.141873  +1.79069471e-01j
  -0.16755285-2.11489438e-01j  0.05679089-2.41695230e-01j]
 [ 0.141873  -1.79069471e-01j  0.21022109+0.00000000e+00j
  -0.24827765-4.18933220e-06j -0.14186828-1.79069720e-01j]
 [-0.16755285+2.11489438e-01j -0.24827765+4.18933220e-06j
   0.29322362+0.00000000e+00j  0.16755441+2.11484079e-01j]
 [ 0.05679089+2.41695230e-01j -0.14186828+1.79069720e-01j
   0.16755441-2.11484079e-01j  0.24827467+0.00000000e+00j]]
Hamiltonian equals product state? [[False False False False]
 [False False False False]
 [False False False False]
 [False False False False]]
Hamiltonian: [[ 0. +0.j  0. +0.j  0. +0.j  0. +0.j]
 [ 0. +0.j  0.5+0.j -0.5+0.j  0. +0.j]
 [ 0. +0.j -0.5+0.j  0.5+0.j  0. +0.j]
 [ 0. +0.j  0. +0.j  0. +0.j  0. +0.j]], product state: [[ 0.21018734+0.j         -0.14474182-0.18112844j -0.13900153-0.17695904j
  -0.05677307+0.24164397j]
 [-0.14474182+0.18112844j  0.25576091+0.j          0.24821499+0.00207549j
  -0.16914034-0.21532793j]
 [-0.13900153+0.17695904j  0.24821499-0.00207549j  0.24090855+0.j
  -0.16589744-0.20760237j]
 [-0.05677307-0.24164397j -0.16914034+0.21532793j -0.16589744+0.20760237j
   0.2931432 +0.j        ]]
Hamiltonian equals product state? [[False False False False]
 [False False False False]
 [False False False False]
 [False False False False]]
Hamiltonian: [[ 0. +0.j  0. +0.j  0. +0.j  0. +0.j]
 [ 0. +0.j  0.5+0.j -0.5+0.j  0. +0.j]
 [ 0. +0.j -0.5+0.j  0.5+0.j  0. +0.j]
 [ 0. +0.j  0. +0.j  0. +0.j  0. +0.j]], product state: [[ 0.24826599+0.00000000e+00j  0.14187337+1.79070729e-01j
  -0.16754298-2.11476977e-01j  0.05679171-2.41696397e-01j]
 [ 0.14187337-1.79070729e-01j  0.21023572+0.00000000e+00j
  -0.24827897-3.65783924e-06j -0.14187815-1.79082181e-01j]
 [-0.16754298+2.11476977e-01j -0.24827897+3.65783924e-06j
   0.29320634+0.00000000e+00j  0.16755486+2.11485565e-01j]
 [ 0.05679171+2.41696397e-01j -0.14187815+1.79082181e-01j
   0.16755486-2.11485565e-01j  0.24829195+0.00000000e+00j]]
Hamiltonian equals product state? [[False False False False]
 [False False False False]
 [False False False False]
 [False False False False]]
Hamiltonian: [[ 0. +0.j  0. +0.j  0. +0.j  0. +0.j]
 [ 0. +0.j  0.5+0.j -0.5+0.j  0. +0.j]
 [ 0. +0.j -0.5+0.j  0.5+0.j  0. +0.j]
 [ 0. +0.j  0. +0.j  0. +0.j  0. +0.j]], product state: [[ 0.25013375+0.j         -0.16880832-0.21305393j  0.14248821+0.17838332j
   0.05577845-0.24175172j]
 [-0.16880832+0.21305393j  0.29539488+0.j         -0.24810112+0.00097981j
   0.16827113+0.21066137j]
 [ 0.14248821-0.17838332j -0.24810112-0.00097981j  0.20838252+0.j
  -0.14063158-0.1774919j ]
 [ 0.05577845+0.24175172j  0.16827113-0.21066137j -0.14063158+0.1774919j
   0.24608886+0.j        ]]
Hamiltonian equals product state? [[False False False False]
 [False False False False]
 [False False False False]
 [False False False False]]
Hamiltonian: [[ 0. +0.j  0. +0.j  0. +0.j  0. +0.j]
 [ 0. +0.j  0.5+0.j -0.5+0.j  0. +0.j]
 [ 0. +0.j -0.5+0.j  0.5+0.j  0. +0.j]
 [ 0. +0.j  0. +0.j  0. +0.j  0. +0.j]], product state: [[ 0.25229783+0.j         -0.16685013-0.21241232j  0.14417754+0.18197905j
   0.05786237-0.24173143j]
 [-0.16685013+0.21241232j  0.28917395+0.j         -0.24855796+0.0010379j
   0.16525069+0.2085773j ]
 [ 0.14417754-0.18197905j -0.24855796-0.0010379j   0.21365042+0.j
  -0.14129174-0.17987465j]
 [ 0.05786237+0.24173143j  0.16525069-0.2085773j  -0.14129174+0.17987465j
   0.2448778 +0.j        ]]
Energy of rounded cut: 6.4999999892443725
Check the cut: [1, -1, -1, 1, -1, 1, 1, -1, -1, 1]
13 in cut out of a total of 15 edges
Warm-start: SDP solve + rounding finished in 0.09 seconds
Warm-start: statevector build finished in 0.00 seconds
warm_start_correlations: None
Edges: [(1, 3), (0, 1), (2, 3), (5, 8), (1, 9), (5, 7), (2, 9), (0, 3), (4, 6), (6, 8), (4, 9), (7, 8), (4, 5), (0, 2), (6, 7)], weights: [1.0, 1.0, 1.0, 1.0, 1.0, 1.0, 1.0, 1.0, 1.0, 1.0, 1.0, 1.0, 1.0, 1.0, 1.0], set of nodes: {0, 1, 2, 3, 4, 5, 6, 7, 8, 9}, n: 10 nodes, p: 5 layers, N_bayes: 500 iterations
Initial state injected as warm start
Initial state energy for vector-normalised SDP solution used as warm start: 4.4998001735371425
Running ADAM optimization with a single iteration (no debug loop)
ADAM optimizer configured with maxiter=500 and learning_rate=0.05
Generated 4 random initial parameter sets for ADAM optimization
Using random initial parameters with:
Param_type 1:  [ 0.61600733 -1.94527432 -0.6260711   2.56833983  0.93588332]
Param_type 2:  [-2.34754398 -1.41496577 -1.38209224 -1.32892566  2.49020952]
Param_type 3:  [ 2.59599775 -2.12306803  2.70950708  2.7705272   2.29304948]
Param_type 4:  [ 2.99586072  0.10163927 -1.95820043 -1.95538487  0.26721969]
Energies observed during ADAM optimization: [3.393991853760037, 3.3939918536787355, 3.3939918539792022, 3.393991853924006, 3.3939918539480383, 3.3939918538414187, 3.393991853858886, 3.3939918537956646, 3.393991853740811, 3.39399185369025, 3.393991853711382, 3.3939918537861535, 3.3939918537220946, 3.393991853757866, 3.3939918537359, 3.3939918537600384, 3.393991853834259, 3.393991853686144, 3.3939918538467735, 3.3939918536659244, 3.3939918537040015, 3.974766948666077, 3.9747669487546284, 3.974766948618805, 3.9747669485761246, 3.9747669485583748, 3.9747669485608674, 3.9747669487475856, 3.9747669487702715, 3.9747669487116797, 3.974766948652669, 3.9747669486272708, 3.974766948658368, 3.9747669486115496, 3.9747669487090804, 3.974766948642335, 3.9747669486660753, 3.9747669487725905, 3.9747669485766854, 3.974766948760274, 3.974766948586831, 3.9747669486851587, 4.0311908049246545, 4.0311908048635905, 4.0311908047890395, 4.031190804789051, 4.031190804778301, 4.0311908047994285, 4.031190804972979, 4.031190804974259, 4.031190804913481, 4.031190805063185, 4.031190804942244, 4.031190804827569, 4.031190804951906, 4.031190804895655, 4.031190804940338, 4.031190804924657, 4.0311908048870775, 4.03119080497048, 4.0311908048691025, 4.031190804972687, 4.031190805010332, 4.089125035654754, 4.089125035516323, 4.089125035598003, 4.089125035591587, 4.089125035550376, 4.089125035563223, 4.089125035724405, 4.0891250356556155, 4.089125035636536, 4.08912503581033, 4.089125035710994, 4.089125035524494, 4.089125035704799, 4.089125035611391, 4.089125035692573, 4.089125035654754, 4.089125035527743, 4.0891250357892925, 4.089125035499599, 4.089125035778658, 4.089125035758843, 4.35228937222855, 4.35228937214917, 4.352289372291655, 4.352289372259006, 4.352289372182395, 4.352289372192469, 4.352289372334281, 4.3522893721733436, 4.352289372210643, 4.35228937230762, 4.352289372285329, 4.35228937213085, 4.352289372244983, 4.352289372205289, 4.352289372274952, 4.3522893722285545, 4.352289372141225, 4.352289372322861, 4.3522893720945, 4.352289372336211, 4.352289372326391, 4.474993407764167, 4.474993407858299, 4.474993407984304, 4.4749934078935025, 4.474993407819777, 4.474993407853172, 4.474993407871044, 4.47499340770004, 4.474993407740106, 4.474993407637818, 4.474993407776827, 4.474993407741993, 4.474993407719646, 4.474993407789153, 4.474993407791203, 4.474993407764167, 4.474993407815928, 4.474993407724643, 4.474993407748258, 4.474993407785378, 4.474993407789522, 4.477379737194135, 4.4773797373732815, 4.477379737398285, 4.477379737281103, 4.477379737225209, 4.4773797373105255, 4.477379737257216, 4.477379737175647, 4.4773797371948065, 4.477379736948663, 4.477379737160945, 4.477379737223682, 4.47737973710728, 4.477379737257835, 4.477379737198432, 4.477379737194136, 4.477379737336756, 4.477379737059594, 4.477379737277474, 4.477379737147629, 4.4773797371749495, 4.577629631589294, 4.577629631698816, 4.577629631645582, 4.577629631571892, 4.577629631520029, 4.577629631633954, 4.577629631597247, 4.577629631590403, 4.577629631640559, 4.577629631374829, 4.577629631540023, 4.5776296316692475, 4.577629631474671, 4.577629631682292, 4.577629631564785, 4.577629631589288, 4.577629631727503, 4.57762963144338, 4.577629631700729, 4.577629631529327, 4.577629631583438, 4.687137479515362, 4.687137479449833, 4.687137479374793, 4.68713747942179, 4.6871374793644796, 4.687137479469074, 4.687137479473328, 4.687137479514124, 4.687137479593699, 4.68713747942539, 4.687137479486782, 4.687137479600373, 4.687137479435392, 4.6871374795830025, 4.6871374794782135, 4.687137479515356, 4.687137479582406, 4.687137479432252, 4.6871374795786975, 4.687137479484947, 4.687137479525778, 4.72398252136323, 4.72398252112853, 4.723982521097798, 4.723982521316678, 4.723982521252953, 4.7239825213159286, 4.723982521331408, 4.7239825213475966, 4.723982521428105, 4.723982521386621, 4.723982521386176, 4.723982521382302, 4.723982521375437, 4.723982521357036, 4.723982521347744, 4.723982521363232, 4.723982521344157, 4.723982521365427, 4.723982521339447, 4.723982521386149, 4.723982521361669, 4.724159624664934, 4.724159624406399, 4.724159624429218, 4.724159624776328, 4.724159624707626, 4.7241596247267275, 4.724159624713154, 4.724159624620921, 4.724159624687447, 4.724159624739602, 4.724159624734883, 4.7241596245975535, 4.724159624749145, 4.724159624601045, 4.724159624679227, 4.724159624664933, 4.7241596246140265, 4.724159624697752, 4.7241596245840665, 4.724159624727163, 4.724159624619601, 4.784590555146346, 4.784590554966148, 4.784590555009881, 4.78459055536314, 4.784590555286974, 4.7845905552845345, 4.784590555249803, 4.784590555101091, 4.784590555137214, 4.784590555222668, 4.784590555221968, 4.784590555044845, 4.784590555238315, 4.784590555081395, 4.784590555159494, 4.784590555146346, 4.784590555119624, 4.784590555155213, 4.784590555065442, 4.784590555207438, 4.784590555068156, 4.937389532588333, 4.937389532501339, 4.937389532530899, 4.937389532783186, 4.937389532695982, 4.937389532694973, 4.937389532680128, 4.937389532573979, 4.937389532561458, 4.937389532640288, 4.937389532626072, 4.937389532509435, 4.937389532642031, 4.9373895325660095, 4.937389532571001, 4.937389532588337, 4.937389532612983, 4.937389532553152, 4.937389532552152, 4.937389532614501, 4.9373895325235235, 5.045391440636617, 5.045391440620151, 5.045391440609304, 5.045391440715592, 5.045391440613584, 5.045391440627355, 5.0453914406691265, 5.04539144065543, 5.045391440584119, 5.045391440654656, 5.045391440615479, 5.045391440604732, 5.045391440633529, 5.0453914406708025, 5.045391440581104, 5.045391440636619, 5.04539144070459, 5.045391440563882, 5.045391440663398, 5.0453914406153455, 5.045391440622375, 5.063849261370086, 5.063849261394239, 5.0638492613556565, 5.063849261357771, 5.063849261234827, 5.06384926125115, 5.063849261347043, 5.06384926139505, 5.063849261284148, 5.063849261349422, 5.063849261312654, 5.063849261372081, 5.06384926132795, 5.063849261434139, 5.063849261298398, 5.063849261370091, 5.063849261446271, 5.06384926129073, 5.063849261433002, 5.063849261324657, 5.063849261413604, 5.096188676597012, 5.0961886766618125, 5.096188676625948, 5.096188676605437, 5.0961886764674285, 5.096188676462981, 5.096188676553032, 5.096188676604652, 5.096188676498017, 5.096188676536851, 5.09618867654889, 5.096188676613861, 5.0961886765445055, 5.09618867665525, 5.096188676534373, 5.096188676597007, 5.096188676655246, 5.096188676546725, 5.096188676643869, 5.096188676568947, 5.096188676684525, 5.160039440590706, 5.160039440693872, 5.160039440675287, 5.16003944068322, 5.160039440556502, 5.1600394405218895, 5.160039440551014, 5.160039440582929, 5.160039440517685, 5.160039440501601, 5.160039440582591, 5.160039440607006, 5.160039440551643, 5.160039440620625, 5.160039440551683, 5.160039440590709, 5.160039440615513, 5.160039440589208, 5.160039440589061, 5.16003944060464, 5.1600394407018495, 5.214511052640115, 5.214511052743923, 5.214511052741288, 5.214511052787115, 5.214511052695257, 5.214511052642211, 5.214511052614604, 5.214511052628774, 5.214511052620274, 5.2145110525479526, 5.214511052676828, 5.214511052639088, 5.2145110526309795, 5.21451105263087, 5.214511052634501, 5.214511052640119, 5.214511052626424, 5.214511052682239, 5.214511052594292, 5.214511052692207, 5.214511052750827, 5.258816442189378, 5.258816442233787, 5.258816442237974, 5.258816442309724, 5.258816442252926, 5.2588164422025905, 5.258816442181641, 5.258816442180477, 5.2588164422161805, 5.258816442126887, 5.258816442251663, 5.258816442161052, 5.25881644221268, 5.258816442142119, 5.258816442220075, 5.258816442189377, 5.258816442150979, 5.258816442248387, 5.25881644212887, 5.258816442254209, 5.258816442275129, 5.294492728360112, 5.294492728315529, 5.294492728318793, 5.2944927283977306, 5.294492728366505, 5.294492728330357, 5.294492728372104, 5.294492728350432, 5.294492728407773, 5.294492728347745, 5.294492728415022, 5.29449272831789, 5.294492728399108, 5.294492728295913, 5.2944927284102645, 5.29449272836012, 5.294492728328678, 5.294492728399035, 5.294492728319414, 5.294492728405596, 5.2944927283962935, 5.310611727788896, 5.310611727689648, 5.310611727689756, 5.3106117277570135, 5.3106117277479425, 5.310611727723779, 5.310611727815664, 5.310611727770462, 5.310611727839276, 5.31061172782554, 5.310611727810837, 5.310611727766133, 5.310611727813365, 5.310611727743662, 5.310611727824132, 5.31061172778889, 5.310611727794462, 5.310611727779708, 5.310611727789019, 5.310611727794582, 5.310611727757828, 5.310333865198159, 5.310333865116614, 5.3103338651151795, 5.310333865162867, 5.310333865173945, 5.310333865154367, 5.310333865229203, 5.310333865168733, 5.310333865247994, 5.310333865264372, 5.310333865189939, 5.310333865216018, 5.310333865188741, 5.310333865193946, 5.310333865195271, 5.3103338651981575, 5.310333865245588, 5.310333865142032, 5.310333865234006, 5.3103338651680465, 5.310333865105418, 5.312642339254713, 5.3126423392380095, 5.312642339236255, 5.3126423392706394, 5.312642339292868, 5.312642339272377, 5.312642339279217, 5.312642339224158, 5.312642339302674, 5.312642339322141, 5.312642339238381, 5.312642339300471, 5.312642339220428, 5.312642339279973, 5.312642339223162, 5.312642339254708, 5.312642339320099, 5.312642339181565, 5.312642339301884, 5.312642339211532, 5.312642339140133, 5.333297023929552, 5.333297023965083, 5.333297023962091, 5.33329702399368, 5.333297024012537, 5.333297023989478, 5.333297023935525, 5.333297023911985, 5.333297023965458, 5.333297023973516, 5.333297023915865, 5.333297023970586, 5.333297023897646, 5.333297023951737, 5.33329702390022, 5.333297023929551, 5.333297023978272, 5.333297023875424, 5.3332970239643, 5.333297023896406, 5.3332970238488, 5.357141108408021, 5.357141108437505, 5.3571411084326765, 5.357141108467941, 5.357141108470872, 5.357141108446754, 5.357141108388052, 5.357141108413241, 5.3571411084188245, 5.35714110841946, 5.357141108390017, 5.357141108419683, 5.357141108400193, 5.357141108400797, 5.357141108406388, 5.357141108408024, 5.357141108415685, 5.35714110839577, 5.357141108419462, 5.357141108396097, 5.357141108399917, 5.351081358599206, 5.3510813585771295, 5.351081358571711, 5.351081358610471, 5.351081358594761, 5.351081358571487, 5.351081358558751, 5.351081358630145, 5.351081358582017, 5.351081358585603, 5.3510813585693615, 5.351081358579945, 5.351081358617426, 5.351081358559551, 5.351081358628474, 5.351081358599197, 5.3510813585624675, 5.351081358631171, 5.351081358589252, 5.35108135860717, 5.351081358665889, 5.336090688607459, 5.336090688552921, 5.3360906885479915, 5.336090688585351, 5.336090688563841, 5.336090688540893, 5.336090688557588, 5.336090688655089, 5.3360906885799135, 5.336090688585652, 5.336090688570009, 5.336090688580281, 5.336090688631122, 5.336090688561101, 5.336090688642919, 5.336090688607457, 5.336090688544363, 5.336090688664136, 5.336090688586437, 5.336090688626065, 5.33609068871499, 5.351299560892533, 5.351299560861432, 5.351299560856907, 5.3512995608880525, 5.351299560879815, 5.351299560855766, 5.351299560842759, 5.351299560939294, 5.35129956087858, 5.351299560880678, 5.351299560858564, 5.351299560885382, 5.351299560896288, 5.351299560872218, 5.351299560902663, 5.351299560892533, 5.35129956083155, 5.3512995609441, 5.351299560873597, 5.351299560909939, 5.351299560991973, 5.373156936915767, 5.373156936931708, 5.373156936927316, 5.3731569369482965, 5.373156936962103, 5.373156936937562, 5.373156936877881, 5.373156936949028, 5.373156936921342, 5.373156936927387, 5.373156936888091, 5.373156936938521, 5.3731569368920535, 5.373156936931712, 5.373156936890928, 5.373156936915765, 5.373156936882934, 5.373156936936715, 5.373156936912347, 5.373156936919489, 5.373156936966162, 5.3840626892091485, 5.384062689240689, 5.384062689236438, 5.384062689244059, 5.384062689274151, 5.3840626892518095, 5.384062689196071, 5.384062689226596, 5.384062689220064, 5.384062689246652, 5.384062689176655, 5.384062689245866, 5.384062689175372, 5.3840626892405705, 5.38406268916982, 5.384062689209153, 5.384062689216965, 5.384062689189306, 5.384062689229833, 5.3840626891912375, 5.384062689196467, 5.393066900315038, 5.39306690032053, 5.393066900316451, 5.393066900310406, 5.393066900345898, 5.393066900327089, 5.393066900330225, 5.393066900323117, 5.3930669003182325, 5.393066900366719, 5.39306690027008, 5.393066900339438, 5.393066900297586, 5.393066900329191, 5.393066900293223, 5.393066900315038, 5.393066900355938, 5.3930669002664136, 5.393066900354856, 5.3930669002805285, 5.393066900256678, 5.403366031420007, 5.403366031395443, 5.403366031391343, 5.40336603137683, 5.403366031412392, 5.403366031395059, 5.403366031453711, 5.403366031433421, 5.403366031421918, 5.403366031468296, 5.4033660313774545, 5.403366031417436, 5.40336603143075, 5.403366031398669, 5.403366031433074, 5.4033660314200045, 5.403366031470788, 5.403366031370919, 5.403366031460487, 5.4033660313863185, 5.403366031349969, 5.420096890717495, 5.420096890694793, 5.420096890690211, 5.420096890674754, 5.420096890715938, 5.420096890695995, 5.4200968907518385, 5.420096890750348, 5.42009689073985, 5.420096890752651, 5.420096890704698, 5.420096890697681, 5.420096890740879, 5.420096890674665, 5.4200968907509814, 5.420096890717491, 5.420096890754688, 5.42009689069197, 5.420096890740688, 5.420096890701619, 5.4200968906637, 5.43949852266008, 5.439498522662075, 5.43949852265665, 5.439498522639811, 5.439498522694224, 5.439498522669164, 5.439498522678615, 5.439498522710699, 5.4394985227110695, 5.439498522681354, 5.43949852268335, 5.439498522645937, 5.439498522668694, 5.439498522628275, 5.43949852268222, 5.439498522660079, 5.439498522673457, 5.439498522662849, 5.4394985226628005, 5.439498522664976, 5.4394985226340955, 5.455983415412474, 5.4559834154288245, 5.455983415422876, 5.4559834153905715, 5.45598341545419, 5.455983415426605, 5.455983415411421, 5.455983415461399, 5.455983415468657, 5.4559834154169815, 5.455983415444774, 5.455983415416137, 5.4559834153949485, 5.4559834154112785, 5.455983415406078, 5.455983415412466, 5.455983415406094, 5.455983415431411, 5.455983415407592, 5.4559834154250995, 5.455983415410115, 5.466760715720001, 5.466760715735296, 5.466760715729894, 5.466760715665665, 5.4667607157241065, 5.466760715699707, 5.4667607157082685, 5.466760715745926, 5.46676071574622, 5.466760715697854, 5.466760715729584, 5.466760715734561, 5.4667607156897695, 5.466760715741719, 5.466760715695274, 5.466760715720009, 5.466760715704277, 5.466760715740017, 5.466760715723146, 5.4667607157246, 5.4667607157264015, 5.467416062488531, 5.467416062511627, 5.467416062508147, 5.467416062413331, 5.467416062456968, 5.467416062436256, 5.4674160624755865, 5.467416062486148, 5.467416062470208, 5.467416062433689, 5.467416062471235, 5.467416062502839, 5.46741606246643, 5.467416062510371, 5.467416062469019, 5.467416062488534, 5.467416062474505, 5.467416062502592, 5.467416062503605, 5.4674160624813055, 5.467416062488001, 5.466365257185885, 5.466365257235776, 5.466365257234974, 5.4663652571337975, 5.466365257168305, 5.466365257145981, 5.4663652571727575, 5.466365257168178, 5.466365257140846, 5.466365257105882, 5.466365257165787, 5.46636525719958, 5.46636525717797, 5.466365257193314, 5.466365257184933, 5.466365257185885, 5.466365257180027, 5.4663652571965935, 5.466365257202817, 5.466365257176473, 5.466365257172446, 5.470615928744946, 5.470615928817111, 5.470615928819024, 5.4706159287371054, 5.47061592877628, 5.470615928750193, 5.47061592873042, 5.470615928728199, 5.47061592870358, 5.470615928657162, 5.470615928745289, 5.470615928761855, 5.47061592874498, 5.47061592873719, 5.470615928761266, 5.470615928744944, 5.470615928746003, 5.470615928759053, 5.470615928751661, 5.470615928744115, 5.4706159287235385, 5.4833540935560094, 5.48335409361554, 5.483354093619929, 5.483354093563065, 5.483354093617037, 5.483354093591279, 5.483354093545481, 5.483354093545969, 5.483354093535124, 5.483354093478392, 5.483354093576299, 5.48335409357529, 5.483354093557606, 5.483354093539795, 5.4833540935810445, 5.483354093556006, 5.483354093557242, 5.483354093577207, 5.483354093550415, 5.483354093564422, 5.483354093534453, 5.502759711462963, 5.502759711474189, 5.502759711480752, 5.502759711438602, 5.502759711507649, 5.502759711486472, 5.502759711465843, 5.502759711457206, 5.502759711460794, 5.50275971141052, 5.502759711483688, 5.502759711481387, 5.502759711462497, 5.5027597114467515, 5.502759711486787, 5.502759711462959, 5.502759711457855, 5.502759711488406, 5.502759711453045, 5.502759711472235, 5.502759711446506, 5.515758969860058, 5.515758969819548, 5.515758969827617, 5.5157589697921265, 5.515758969868272, 5.515758969851713, 5.515758969879879, 5.515758969857508, 5.51575896986963, 5.51575896984618, 5.515758969865841, 5.515758969877875, 5.515758969854579, 5.5157589698502205, 5.515758969875514, 5.515758969860049, 5.515758969846967, 5.515758969883394, 5.515758969854158, 5.515758969862751, 5.515758969851677, 5.523103131549812, 5.523103131488775, 5.5231031314970815, 5.523103131471215, 5.523103131543422, 5.523103131529082, 5.523103131579706, 5.523103131553164, 5.523103131568277, 5.523103131582214, 5.523103131544843, 5.523103131570787, 5.523103131538332, 5.523103131547556, 5.523103131555764, 5.523103131549812, 5.523103131531897, 5.523103131567475, 5.5231031315480665, 5.523103131547392, 5.523103131549667, 5.5333911627232055, 5.533391162681297, 5.5333911626885035, 5.533391162676943, 5.533391162733911, 5.533391162719905, 5.533391162752022, 5.533391162735097, 5.533391162747242, 5.533391162796153, 5.533391162720068, 5.533391162749312, 5.533391162709202, 5.533391162723993, 5.533391162724851, 5.533391162723207, 5.533391162705078, 5.533391162734877, 5.5333911627207, 5.533391162721595, 5.533391162727177, 5.545330757997537, 5.5453307579947, 5.545330758000015, 5.545330757997552, 5.545330758029542, 5.545330758014624, 5.54533075801868, 5.545330758016324, 5.545330758016818, 5.545330758090556, 5.545330757997965, 5.545330758025606, 5.545330757987654, 5.545330757994946, 5.545330758002217, 5.545330757997537, 5.545330757983676, 5.545330758001297, 5.545330757993448, 5.545330757997751, 5.545330757999072, 5.558285490516867, 5.558285490543622, 5.558285490546958, 5.558285490540486, 5.558285490545117, 5.5582854905277825, 5.558285490529852, 5.558285490535778, 5.558285490519083, 5.558285490602581, 5.5582854905116745, 5.558285490541574, 5.5582854905154, 5.558285490508811, 5.558285490527492, 5.558285490516867, 5.558285490510148, 5.558285490508566, 5.5582854905155905, 5.558285490514222, 5.55828549051114, 5.571353880333987, 5.571353880366416, 5.571353880368197, 5.5713538803509355, 5.571353880336467, 5.571353880315993, 5.571353880338766, 5.571353880347342, 5.571353880318952, 5.5713538803882425, 5.571353880319713, 5.5713538803530085, 5.571353880338992, 5.571353880325822, 5.571353880345872, 5.571353880333993, 5.571353880333155, 5.571353880313245, 5.57135388033739, 5.5713538803265426, 5.571353880321368, 5.580772435761126, 5.580772435781587, 5.580772435782344, 5.580772435763437, 5.580772435744326, 5.580772435721922, 5.580772435754427, 5.58077243576969, 5.580772435744912, 5.580772435769633, 5.5807724357483695, 5.580772435775229, 5.580772435768, 5.580772435760508, 5.580772435766733, 5.5807724357611255, 5.58077243576122, 5.580772435734627, 5.580772435763855, 5.580772435754512, 5.580772435747036, 5.584109319284207, 5.584109319286655, 5.584109319286876, 5.584109319284464, 5.5841093192722235, 5.584109319250547, 5.58410931926416, 5.584109319292697, 5.5841093192851785, 5.584109319247121, 5.584109319286838, 5.58410931929327, 5.584109319293053, 5.584109319292, 5.584109319282084, 5.584109319284199, 5.584109319281287, 5.584109319260426, 5.584109319278639, 5.584109319286152, 5.584109319275014, 5.582457706964153, 5.582457706948443, 5.582457706948474, 5.582457706974377, 5.582457706970263, 5.582457706951253, 5.582457706935073, 5.582457706976025, 5.582457706985612, 5.582457706896588, 5.582457706983748, 5.582457706966586, 5.58245770697958, 5.582457706974063, 5.582457706960006, 5.58245770696415, 5.5824577069572685, 5.582457706945789, 5.582457706948808, 5.582457706975802, 5.582457706962993, 5.584043654902996, 5.584043654871954, 5.584043654871955, 5.584043654922313, 5.584043654917299, 5.5840436549009596, 5.584043654872665, 5.5840436549185695, 5.584043654929359, 5.58404365482841, 5.584043654926028, 5.5840436548991175, 5.584043654926406, 5.584043654910658, 5.5840436549012225, 5.5840436549029935, 5.584043654891252, 5.584043654885076, 5.584043654885145, 5.584043654916653, 5.584043654908519, 5.59438347627145, 5.59438347623267, 5.594383476232512, 5.594383476293279, 5.594383476275473, 5.594383476260653, 5.594383476245602, 5.594383476290208, 5.594383476281409, 5.594383476212747, 5.594383476281554, 5.594383476265373, 5.594383476298655, 5.594383476277856, 5.594383476271373, 5.594383476271449, 5.594383476253158, 5.5943834762462545, 5.594383476260804, 5.594383476277277, 5.594383476279143, 5.610082300403265, 5.610082300368379, 5.610082300367808, 5.610082300429078, 5.610082300392197, 5.610082300378507, 5.6100823003830715, 5.610082300427177, 5.610082300388089, 5.610082300375171, 5.61008230039627, 5.610082300400538, 5.610082300429787, 5.610082300409579, 5.610082300403649, 5.610082300403268, 5.610082300377794, 5.6100823003677265, 5.610082300402836, 5.610082300398567, 5.6100823004085365, 5.630277350683745, 5.630277350663155, 5.630277350662067, 5.630277350723134, 5.630277350669485, 5.630277350657811, 5.630277350667287, 5.630277350717693, 5.630277350654248, 5.630277350686906, 5.6302773506712045, 5.630277350688022, 5.630277350707927, 5.630277350688878, 5.6302773506850405, 5.630277350683743, 5.630277350652075, 5.630277350642977, 5.6302773506867085, 5.630277350675664, 5.630277350684316, 5.658104676655998, 5.658104676651099, 5.658104676649994, 5.658104676709805, 5.658104676648733, 5.658104676639898, 5.658104676642702, 5.658104676703425, 5.658104676632628, 5.658104676677247, 5.658104676653963, 5.658104676668288, 5.6581046766766985, 5.658104676659735, 5.658104676658034, 5.658104676655994, 5.658104676620109, 5.6581046766194545, 5.658104676652401, 5.658104676654852, 5.658104676652532, 5.6941750866674905, 5.694175086669463, 5.694175086669219, 5.694175086717194, 5.694175086662129, 5.694175086656141, 5.694175086660841, 5.694175086725277, 5.6941750866638925, 5.694175086687701, 5.6941750866822485, 5.6941750866864, 5.694175086682548, 5.694175086671052, 5.694175086669154, 5.694175086667491, 5.694175086629349, 5.694175086641767, 5.694175086653309, 5.694175086677422, 5.6941750866629155, 5.735654624168497, 5.735654624167293, 5.735654624168857, 5.73565462419065, 5.735654624154898, 5.7356546241510955, 5.735654624173316, 5.735654624227407, 5.735654624183397, 5.73565462417367, 5.735654624192785, 5.735654624191528, 5.735654624176824, 5.735654624171782, 5.735654624170116, 5.735654624168499, 5.735654624128895, 5.735654624153986, 5.735654624148453, 5.735654624184758, 5.735654624166949, 5.777606513498922, 5.77760651349121, 5.77760651349528, 5.777606513489108, 5.777606513480776, 5.777606513478294, 5.7776065135166315, 5.777606513548096, 5.7776065135201735, 5.7776065134875365, 5.77760651351949, 5.777606513524733, 5.777606513502187, 5.777606513499458, 5.7776065135029055, 5.777606513498913, 5.777606513457628, 5.777606513491571, 5.777606513481759, 5.777606513512608, 5.777606513503981, 5.813872626154313, 5.813872626144378, 5.8138726261514275, 5.813872626131582, 5.81387262615065, 5.813872626148724, 5.813872626183368, 5.813872626184172, 5.813872626169637, 5.8138726261369325, 5.813872626162147, 5.81387262618156, 5.813872626155459, 5.813872626150168, 5.813872626162171, 5.813872626154308, 5.813872626111799, 5.81387262615059, 5.813872626146034, 5.813872626159361, 5.813872626169081, 5.83647387921657, 5.836473879213981, 5.836473879224427, 5.836473879201762, 5.836473879240605, 5.836473879238931, 5.836473879256921, 5.836473879219902, 5.836473879221819, 5.836473879209142, 5.836473879211036, 5.836473879240022, 5.836473879216504, 5.836473879209467, 5.836473879226288, 5.836473879216565, 5.8364738791762605, 5.836473879217008, 5.836473879217444, 5.836473879212746, 5.836473879244714, 5.843381823100187, 5.843381823115046, 5.843381823128134, 5.843381823093807, 5.843381823139853, 5.843381823138537, 5.843381823152394, 5.8433818230754015, 5.843381823099169, 5.843381823114894, 5.843381823086501, 5.843381823111508, 5.843381823098377, 5.8433818230928285, 5.843381823109213, 5.843381823100177, 5.843381823068914, 5.843381823107245, 5.843381823106447, 5.843381823091533, 5.8433818231434325, 5.844087293974201, 5.8440872940078386, 5.844087294020239, 5.844087293960514, 5.844087294001086, 5.844087294000249, 5.844087294032177, 5.844087293928475, 5.844087293972721, 5.844087294009379, 5.84408729395822, 5.844087293969282, 5.844087293971511, 5.844087293966797, 5.844087293982739, 5.844087293974198, 5.844087293957013, 5.84408729398673, 5.844087293981617, 5.844087293964925, 5.844087294028367, 5.849514043453552, 5.849514043492431, 5.849514043500004, 5.849514043424238, 5.849514043453664, 5.849514043453357, 5.849514043502695, 5.849514043398493, 5.849514043455108, 5.849514043490847, 5.849514043438533, 5.849514043437275, 5.849514043450795, 5.849514043447628, 5.849514043460379, 5.849514043453546, 5.849514043447447, 5.849514043464865, 5.849514043459968, 5.849514043445507, 5.8495140435075506, 5.8608177343267025, 5.86081773434984, 5.860817734351748, 5.8608177342932235, 5.8608177343153445, 5.860817734316071, 5.860817734350742, 5.860817734270427, 5.860817734333136, 5.860817734342286, 5.860817734314575, 5.860817734309312, 5.860817734322809, 5.860817734328133, 5.860817734326072, 5.860817734326711, 5.860817734322709, 5.860817734328215, 5.860817734331359, 5.860817734320517, 5.860817734365856, 5.8684168093151, 5.868416809309015, 5.86841680930894, 5.868416809295258, 5.868416809314321, 5.868416809316733, 5.8684168093049385, 5.868416809261552, 5.868416809327606, 5.8684168092970355, 5.868416809308302, 5.868416809303917, 5.868416809310871, 5.8684168093258915, 5.868416809304755, 5.868416809315099, 5.868416809308121, 5.86841680930129, 5.868416809317244, 5.868416809311686, 5.868416809329036, 5.868668033806032, 5.8686680337737736, 5.868668033776056, 5.868668033804852, 5.868668033814316, 5.868668033818128, 5.868668033765788, 5.868668033758488, 5.86866803382369, 5.86866803376336, 5.868668033805283, 5.868668033799019, 5.868668033806707, 5.868668033818055, 5.868668033793874, 5.868668033806037, 5.868668033799589, 5.868668033777916, 5.868668033805633, 5.868668033805633, 5.86866803379777, 5.871278250755368, 5.871278250714322, 5.871278250719751, 5.871278250764907, 5.8712782507518835, 5.87127825075571, 5.871278250701404, 5.871278250716925, 5.871278250773782, 5.871278250710217, 5.871278250757877, 5.87127825074381, 5.871278250764958, 5.871278250758814, 5.871278250751378, 5.871278250755364, 5.871278250756261, 5.871278250719866, 5.871278250753722, 5.871278250756534, 5.871278250739674, 5.880914454949603, 5.880914454920754, 5.880914454927364, 5.880914454965423, 5.8809144549266685, 5.880914454929362, 5.880914454901426, 5.880914454922003, 5.880914454963992, 5.880914454922066, 5.880914454952255, 5.880914454928336, 5.880914454964095, 5.880914454945493, 5.880914454953105, 5.880914454949604, 5.880914454960592, 5.880914454915054, 5.880914454947983, 5.880914454950819, 5.8809144549402825, 5.892983666731856, 5.8929836667259226, 5.892983666732084, 5.892983666760873, 5.8929836667104345, 5.892983666711669, 5.892983666702039, 5.892983666714962, 5.892983666740181, 5.892983666730352, 5.892983666732957, 5.892983666704596, 5.892983666740592, 5.892983666732951, 5.89298366673031, 5.892983666731858, 5.892983666749174, 5.892983666703703, 5.89298366673107, 5.892983666732276, 5.892983666732659, 5.9011968779735025, 5.901196877986407, 5.901196877991402, 5.90119687801581, 5.901196877972598, 5.901196877972601, 5.901196877965066, 5.901196877967338, 5.901196877974178, 5.901196877992685, 5.901196877968841, 5.901196877947244, 5.901196877971444, 5.901196877986752, 5.901196877960235, 5.901196877973502, 5.901196877993712, 5.901196877952371, 5.901196877975378, 5.901196877971625, 5.901196877981619, 5.9059604336684774, 5.905960433690448, 5.905960433694026, 5.905960433702279, 5.905960433676014, 5.9059604336752365, 5.905960433677461, 5.905960433674532, 5.9059604336602955, 5.9059604336951, 5.905960433653262, 5.905960433646342, 5.905960433664486, 5.905960433681586, 5.9059604336558476, 5.905960433668479, 5.905960433694474, 5.90596043365103, 5.905960433674564, 5.905960433662887, 5.905960433679861, 5.910063168354707, 5.910063168376219, 5.91006316837882, 5.910063168359971, 5.910063168356431, 5.910063168355249, 5.910063168373427, 5.910063168372468, 5.910063168345097, 5.91006316837922, 5.910063168334154, 5.910063168338789, 5.910063168358053, 5.910063168355185, 5.910063168354977, 5.910063168354707, 5.910063168388461, 5.910063168337232, 5.910063168362451, 5.91006316834769, 5.9100631683631235, 5.9137105294066945, 5.913710529418123, 5.913710529420622, 5.913710529389013, 5.913710529415929, 5.9137105294147485, 5.9137105294261145, 5.913710529432267, 5.913710529410289, 5.913710529424189, 5.913710529395259, 5.913710529402582, 5.913710529412371, 5.913710529402705, 5.9137105294114045, 5.913710529406698, 5.913710529441096, 5.913710529388259, 5.91371052941076, 5.913710529403265, 5.913710529405927, 5.916585616494827, 5.916585616492177, 5.916585616495396, 5.916585616464205, 5.916585616517324, 5.916585616516532, 5.916585616508376, 5.916585616524535, 5.916585616515133, 5.916585616500553, 5.916585616496916, 5.916585616505171, 5.916585616494902, 5.916585616498296, 5.916585616491807, 5.916585616494828, 5.916585616522271, 5.9165856164768735, 5.916585616493916, 5.916585616496068, 5.916585616485896, 5.921161191128669, 5.921161191118155, 5.9211611911224376, 5.921161191084118, 5.921161191139226, 5.921161191139028, 5.921161191135316, 5.921161191160111, 5.921161191152134, 5.9211611911221995, 5.921161191131321, 5.921161191147284, 5.921161191125656, 5.9211611911354245, 5.921161191122012, 5.921161191128664, 5.921161191150147, 5.921161191113843, 5.921161191127267, 5.921161191130162, 5.921161191120202, 5.928660424590898, 5.928660424580264, 5.928660424585681, 5.928660424544703, 5.928660424579197, 5.928660424579428, 5.928660424591346, 5.928660424621443, 5.928660424606026, 5.928660424580286, 5.928660424584761, 5.928660424609689, 5.928660424588724, 5.9286604245940255, 5.9286604245876715, 5.928660424590893, 5.9286604246090135, 5.928660424583245, 5.928660424592505, 5.928660424589237, 5.928660424591726, 5.9370293725374, 5.937029372529271, 5.937029372535895, 5.9370293725187455, 5.937029372528609, 5.93702937252895, 5.937029372530438, 5.9370293725640515, 5.937029372545866, 5.937029372533597, 5.937029372528142, 5.937029372553789, 5.937029372534623, 5.937029372537922, 5.937029372536706, 5.937029372537407, 5.937029372550922, 5.937029372539576, 5.937029372541164, 5.937029372533543, 5.937029372550438, 5.942533713532876, 5.942533713528939, 5.942533713536302, 5.94253371355442, 5.94253371354151, 5.942533713541862, 5.942533713517588, 5.942533713553098, 5.942533713538001, 5.942533713540593, 5.942533713525847, 5.942533713547597, 5.942533713529685, 5.942533713530392, 5.942533713535143, 5.942533713532878, 5.942533713541333, 5.9425337135423, 5.94253371353734, 5.942533713528294, 5.942533713553981, 5.946081898638211, 5.9460818986404975, 5.946081898647634, 5.946081898682397, 5.946081898644793, 5.9460818986452955, 5.946081898615986, 5.946081898651174, 5.94608189863681, 5.946081898652559, 5.946081898629341, 5.946081898653132, 5.946081898636556, 5.94608189863088, 5.946081898645187, 5.946081898638214, 5.946081898642593, 5.94608189864809, 5.946081898643178, 5.9460818986330874, 5.946081898658467, 5.950993685791075, 5.9509936857964725, 5.950993685802338, 5.950993685834149, 5.950993685779844, 5.950993685780762, 5.95099368576524, 5.950993685797268, 5.950993685783003, 5.950993685801996, 5.950993685777984, 5.950993685809654, 5.950993685788965, 5.950993685784066, 5.950993685797442, 5.950993685791081, 5.950993685791132, 5.950993685796365, 5.950993685795386, 5.950993685786466, 5.950993685802677, 5.957554949712079, 5.957554949712658, 5.957554949716296, 5.957554949743144, 5.957554949697826, 5.957554949699343, 5.957554949687961, 5.957554949711546, 5.957554949707149, 5.957554949711049, 5.957554949701601, 5.957554949735424, 5.957554949705963, 5.957554949711872, 5.957554949711244, 5.957554949712078, 5.957554949708149, 5.957554949713017, 5.957554949713779, 5.95755494970983, 5.957554949714321, 5.9634990401650665, 5.963499040156692, 5.963499040157784, 5.9634990401793315, 5.963499040165511, 5.963499040167543, 5.963499040149456, 5.963499040157907, 5.963499040172181, 5.963499040151334, 5.963499040163618, 5.963499040188233, 5.963499040156045, 5.963499040168544, 5.963499040160202, 5.96349904016507, 5.963499040161257, 5.9634990401646375, 5.963499040164108, 5.9634990401650745, 5.9634990401640975, 5.96706309394562, 5.967063093933116, 5.967063093932663, 5.9670630939376235, 5.967063093952193, 5.967063093954156, 5.967063093942927, 5.9670630939338904, 5.967063093960913, 5.967063093927227, 5.967063093948537, 5.967063093961451, 5.967063093938264, 5.967063093943931, 5.967063093945809, 5.967063093945613, 5.967063093946861, 5.967063093946163, 5.967063093944615, 5.967063093945361, 5.967063093948202, 5.968874591920375, 5.968874591912629, 5.968874591912045, 5.968874591892591, 5.968874591917092, 5.96887459191856, 5.968874591929723, 5.968874591906536, 5.9688745919336395, 5.968874591907899, 5.968874591918727, 5.968874591926812, 5.968874591915412, 5.968874591912723, 5.968874591926741, 5.968874591920373, 5.968874591926629, 5.968874591921843, 5.968874591921275, 5.968874591918172, 5.968874591927725, 5.970335013172451, 5.970335013173789, 5.970335013173827, 5.970335013140433, 5.970335013165515, 5.970335013166524, 5.970335013188816, 5.9703350131561965, 5.9703350131801445, 5.97033501317136, 5.970335013165839, 5.9703350131738135, 5.970335013165649, 5.9703350131674515, 5.970335013176466, 5.970335013172441, 5.970335013177994, 5.970335013172439, 5.97033501317407, 5.970335013169723, 5.970335013179506, 5.9721703969060425, 5.972170396914402, 5.972170396915029, 5.97217039688637, 5.972170396909984, 5.972170396910689, 5.972170396923153, 5.972170396886244, 5.972170396910036, 5.972170396914848, 5.972170396899278, 5.972170396907103, 5.972170396896016, 5.97217039690764, 5.97217039690371, 5.97217039690605, 5.9721703969064945, 5.972170396901106, 5.972170396905892, 5.9721703969053115, 5.9721703969065505, 5.97422044188176, 5.974220441892942, 5.974220441893873, 5.974220441879305, 5.974220441891673, 5.974220441892242, 5.974220441894445, 5.974220441860827, 5.974220441881979, 5.974220441894537, 5.974220441875529, 5.974220441882697, 5.97422044187357, 5.974220441882837, 5.974220441880086, 5.974220441881766, 5.974220441878988, 5.974220441871016, 5.974220441879103, 5.974220441883684, 5.974220441874711, 5.976559990269772, 5.976559990279642, 5.976559990280557, 5.976559990279653, 5.976559990270547, 5.97655999027113, 5.976559990275973, 5.976559990252425, 5.976559990266376, 5.9765599902782265, 5.9765599902629445, 5.976559990267473, 5.9765599902674955, 5.976559990264598, 5.97655999027435, 5.976559990269768, 5.976559990267527, 5.976559990257027, 5.976559990266171, 5.97655999027261, 5.976559990260664, 5.978412380492231, 5.978412380495655, 5.978412380496208, 5.978412380508242, 5.9784123804843095, 5.9784123804850715, 5.97841238049348, 5.978412380480944, 5.978412380490428, 5.978412380489532, 5.978412380487764, 5.9784123804846665, 5.978412380493137, 5.97841238048616, 5.978412380497654, 5.9784123804922205, 5.978412380490509, 5.978412380482871, 5.97841238049001, 5.978412380493561, 5.978412380488142, 5.979219583443383, 5.979219583436193, 5.979219583436292, 5.979219583459717, 5.9792195834385735, 5.979219583439588, 5.979219583442063, 5.9792195834378665, 5.979219583447938, 5.979219583429524, 5.9792195834441975, 5.979219583431266, 5.9792195834428865, 5.979219583443992, 5.979219583442155, 5.9792195834433866, 5.9792195834396065, 5.979219583439633, 5.9792195834437045, 5.97921958344206, 5.979219583446806, 5.979369045540252, 5.979369045525038, 5.9793690455247965, 5.979369045551439, 5.979369045539881, 5.979369045540975, 5.979369045537085, 5.9793690455398325, 5.979369045548385, 5.979369045522604, 5.979369045543191, 5.979369045525702, 5.979369045538686, 5.979369045546043, 5.979369045533934, 5.979369045540249, 5.979369045533474, 5.979369045539784, 5.979369045542317, 5.9793690455373065, 5.979369045547582, 5.980255026493323, 5.980255026479269, 5.980255026478944, 5.980255026497029, 5.980255026489586, 5.980255026490363, 5.980255026488075, 5.9802550264974315, 5.980255026498522, 5.98025502648129, 5.980255026492973, 5.98025502647883, 5.980255026494504, 5.980255026496594, 5.980255026489689, 5.98025502649332, 5.980255026484978, 5.980255026491652, 5.9802550264948415, 5.980255026491263, 5.98025502649806, 5.981221625935276, 5.981221625930373, 5.981221625930218, 5.981221625933304, 5.981221625929314, 5.9812216259295585, 5.9812216259291, 5.9812216259425215, 5.981221625936156, 5.981221625934014, 5.981221625931505, 5.9812216259231, 5.98122162594039, 5.98122162593285, 5.981221625937576, 5.981221625935281, 5.9812216259268025, 5.981221625929559, 5.981221625934324, 5.981221625936094, 5.981221625933269, 5.981630942476507, 5.981630942482076, 5.9816309424820675, 5.98163094247144, 5.981630942477629, 5.981630942477386, 5.981630942472073, 5.981630942484967, 5.981630942476908, 5.9816309424844345, 5.981630942473306, 5.9816309424677065, 5.981630942482123, 5.981630942473098, 5.981630942480042, 5.981630942476504, 5.9816309424678735, 5.981630942468009, 5.981630942473386, 5.981630942479765, 5.981630942469349, 5.981897501711857, 5.981897501724419, 5.981897501724452, 5.981897501704398, 5.981897501720601, 5.981897501719979, 5.981897501711395, 5.98189750172054, 5.981897501713825, 5.9818975017233145, 5.981897501710255, 5.981897501705833, 5.981897501714294, 5.981897501713008, 5.981897501711007, 5.981897501711859, 5.981897501703159, 5.9818975017049985, 5.981897501708806, 5.98189750171517, 5.981897501704848, 5.982653132207467, 5.982653132221385, 5.982653132221349, 5.9826531321983545, 5.982653132214135, 5.982653132213434, 5.982653132210981, 5.9826531322164875, 5.982653132209062, 5.982653132216864, 5.982653132204664, 5.982653132202752, 5.9826531322073, 5.982653132212263, 5.982653132202959, 5.9826531322074725, 5.9826531322005945, 5.982653132205779, 5.98265313220628, 5.982653132208937, 5.982653132204422, 5.983740239558261, 5.983740239566317, 5.983740239566249, 5.983740239551264, 5.983740239558588, 5.983740239557985, 5.983740239563858, 5.983740239567284, 5.98374023955844, 5.983740239561943, 5.983740239553643, 5.983740239554397, 5.98374023955899, 5.983740239561358, 5.983740239555405, 5.983740239558245, 5.9837402395554005, 5.983740239561433, 5.983740239558624, 5.9837402395581325, 5.983740239558458, 5.984292317558589, 5.984292317555931, 5.984292317555806, 5.984292317558311, 5.984292317557314, 5.984292317556879, 5.984292317563997, 5.984292317566223, 5.9842923175597, 5.9842923175552025, 5.984292317555776, 5.984292317557012, 5.984292317561858, 5.984292317557552, 5.984292317559819, 5.984292317558588, 5.98429231755949, 5.98429231756353, 5.984292317558725, 5.984292317558656, 5.98429231755845, 5.984101700547381, 5.984101700536689, 5.984101700536315, 5.984101700554492, 5.984101700546379, 5.984101700546019, 5.984101700551149, 5.984101700552349, 5.984101700551337, 5.984101700538562, 5.98410170054901, 5.984101700549897, 5.98410170055139, 5.984101700545047, 5.984101700549874, 5.984101700547378, 5.984101700549602, 5.984101700552025, 5.984101700546055, 5.984101700548864, 5.9841017005445885, 5.983941713051152, 5.98394171304043, 5.983941713039777, 5.9839417130621, 5.983941713047349, 5.983941713046925, 5.983941713053639, 5.9839417130530785, 5.983941713056222, 5.983941713041501, 5.983941713054884, 5.98394171305726, 5.983941713053494, 5.983941713051018, 5.983941713051475, 5.983941713051159, 5.983941713052923, 5.983941713056367, 5.9839417130492, 5.983941713053304, 5.98394171304719, 5.984185008249399, 5.984185008244402, 5.984185008243697, 5.984185008259455, 5.984185008244798, 5.984185008244187, 5.984185008252167, 5.9841850082485655, 5.984185008252395, 5.984185008244312, 5.984185008250792, 5.984185008255953, 5.984185008250069, 5.984185008251092, 5.9841850082479295, 5.984185008249398, 5.9841850082511305, 5.984185008257034, 5.98418500824871, 5.984185008250321, 5.984185008247744, 5.984370193796707, 5.984370193798091, 5.984370193797574, 5.984370193802229, 5.984370193797393, 5.984370193796564, 5.98437019380039, 5.9843701937935165, 5.984370193796559, 5.984370193799295, 5.984370193794192, 5.984370193801437, 5.984370193797439, 5.98437019379764, 5.984370193796082, 5.984370193796702, 5.984370193799172, 5.984370193806433, 5.984370193797801, 5.9843701937958915, 5.9843701937981395, 5.9842867636828405, 5.984286763689018, 5.984286763688628, 5.98428676368183, 5.984286763688124, 5.984286763687168, 5.9842867636857555, 5.984286763677801, 5.984286763681256, 5.984286763691874, 5.984286763678826, 5.984286763686838, 5.98428676368446, 5.984286763682186, 5.984286763683859, 5.984286763682838, 5.984286763685209, 5.984286763691567, 5.984286763683731, 5.984286763682238, 5.984286763683872, 5.9843402025988786, 5.984340202607299, 5.984340202606799, 5.984340202591788, 5.984340202602565, 5.984340202601566, 5.984340202598889, 5.984340202592802, 5.984340202598481, 5.98434020260961, 5.984340202596836, 5.984340202604316, 5.984340202600679, 5.984340202598148, 5.984340202599964, 5.984340202598879, 5.984340202599613, 5.9843402026041925, 5.984340202597564, 5.984340202600454, 5.984340202596119, 5.984698180500631, 5.984698180506823, 5.98469818050615, 5.984698180490561, 5.984698180501288, 5.984698180500398, 5.984698180497655, 5.984698180494493, 5.98469818050258, 5.984698180507755, 5.984698180501655, 5.984698180506816, 5.9846981805019235, 5.984698180500933, 5.984698180500629, 5.984698180500633, 5.984698180499873, 5.984698180503986, 5.984698180498016, 5.984698180503449, 5.984698180495778, 5.985236192109709, 5.985236192109915, 5.9852361921091815, 5.9852361921008645, 5.985236192110379, 5.985236192109684, 5.985236192105559, 5.985236192104471, 5.9852361921126, 5.985236192110563, 5.985236192111672, 5.985236192113441, 5.985236192110773, 5.9852361921102855, 5.985236192109368, 5.985236192109717, 5.985236192109302, 5.985236192114786, 5.98523619210865, 5.985236192110962, 5.985236192107642, 5.985634618011408, 5.985634618006809, 5.985634618006066, 5.98563461800715, 5.985634618011628, 5.985634618011121, 5.985634618007389, 5.985634618007635, 5.98563461801292, 5.985634618006894, 5.985634618011773, 5.985634618011205, 5.985634618012777, 5.985634618011166, 5.985634618011789, 5.985634618011398, 5.985634618012636, 5.985634618019342, 5.98563461801289, 5.985634618010067, 5.985634618013676, 5.985943002882223, 5.98594300287722, 5.98594300287643, 5.985943002884119, 5.985943002880042, 5.985943002879637, 5.985943002878306, 5.985943002879872, 5.985943002882014, 5.985943002875424, 5.985943002881314, 5.985943002879999, 5.985943002883762, 5.985943002881451, 5.985943002883096, 5.985943002882226, 5.9859430028843805, 5.985943002889978, 5.985943002884016, 5.98594300288055, 5.985943002885003, 5.986269556809448, 5.986269556807027, 5.986269556806184, 5.986269556816525, 5.986269556807386, 5.986269556807027, 5.986269556805768, 5.9862695568081055, 5.986269556809104, 5.986269556803747, 5.9862695568096225, 5.986269556807776, 5.986269556810402, 5.98626955680931, 5.986269556809683, 5.986269556809448, 5.986269556811121, 5.986269556813368, 5.986269556808894, 5.986269556810091, 5.986269556808392, 5.98646012851876, 5.98646012851952, 5.986460128518683, 5.986460128527167, 5.986460128519768, 5.986460128519385, 5.9864601285166295, 5.986460128518432, 5.98646012851895, 5.986460128516917, 5.986460128520324, 5.986460128517633, 5.986460128518678, 5.986460128519704, 5.986460128517915, 5.986460128518767, 5.986460128519804, 5.98646012851877, 5.986460128516069, 5.986460128521533, 5.986460128514233, 5.986521770540321, 5.98652177054378, 5.9865217705430185, 5.9865217705450275, 5.9865217705422396, 5.986521770541838, 5.986521770541228, 5.986521770541488, 5.986521770539859, 5.986521770543363, 5.986521770540876, 5.986521770537633, 5.98652177053948, 5.98652177054162, 5.9865217705391265, 5.986521770540323, 5.986521770541828, 5.986521770539516, 5.986521770538059, 5.986521770542648, 5.986521770536525, 5.98648421644085, 5.986484216444935, 5.986484216444305, 5.986484216439341, 5.986484216441301, 5.9864842164408865, 5.986484216444649, 5.986484216443676, 5.986484216439304, 5.986484216447174, 5.986484216439369, 5.98648421643573, 5.986484216439765, 5.986484216441715, 5.986484216440082, 5.986484216440853, 5.986484216443248, 5.986484216441254, 5.986484216440506, 5.986484216441254, 5.9864842164401475, 5.986494055895017, 5.986494055896689, 5.986494055896039, 5.986494055888983, 5.9864940558956, 5.986494055895249, 5.9864940558995325, 5.986494055898828, 5.986494055894004, 5.986494055901042, 5.986494055893678, 5.986494055889316, 5.986494055893817, 5.986494055895627, 5.986494055894498, 5.986494055895018, 5.986494055897103, 5.986494055895327, 5.986494055895191, 5.986494055894911, 5.986494055895177, 5.986628293094575, 5.986628293093312, 5.986628293092551, 5.986628293088248, 5.986628293095608, 5.986628293095319, 5.986628293097247, 5.986628293098507, 5.986628293095308, 5.986628293097254, 5.986628293095479, 5.98662829309059, 5.986628293093314, 5.986628293095252, 5.986628293093978, 5.986628293094576, 5.98662829309503, 5.986628293093016, 5.9866282930933625, 5.986628293095824, 5.986628293092585, 5.9867786521989705, 5.986778652197111, 5.986778652196216, 5.9867786521960005, 5.986778652198082, 5.986778652197839, 5.986778652198925, 5.986778652202538, 5.98677865220038, 5.986778652197654, 5.98677865220107, 5.986778652196649, 5.98677865219798, 5.986778652199291, 5.98677865219871, 5.986778652198962, 5.986778652197994, 5.986778652196487, 5.986778652196885, 5.986778652201078, 5.986778652195679, 5.986894053899566, 5.986894053898566, 5.98689405389761, 5.9868940539013, 5.986894053897676, 5.986894053897526, 5.986894053897789, 5.986894053902555, 5.986894053899725, 5.986894053895704, 5.986894053900495, 5.986894053897233, 5.986894053899005, 5.98689405389914, 5.986894053900036, 5.986894053899569, 5.986894053898099, 5.986894053898698, 5.9868940538987845, 5.9868940539003646, 5.986894053898346, 5.986933460351122, 5.986933460350866, 5.986933460349896, 5.9869334603563935, 5.986933460351499, 5.986933460351364, 5.986933460348861, 5.9869334603531135, 5.986933460349698, 5.986933460346875, 5.986933460350281, 5.98693346034839, 5.986933460350634, 5.986933460350341, 5.98693346035194, 5.986933460351127, 5.986933460349414, 5.9869334603525335, 5.986933460352337, 5.986933460349925, 5.986933460353002, 5.9869789246388, 5.986978924639796, 5.986978924638829, 5.986978924644651, 5.986978924640447, 5.986978924640327, 5.986978924636341, 5.986978924639498, 5.986978924637083, 5.986978924635997, 5.986978924637749, 5.986978924637228, 5.986978924637889, 5.98697892463837, 5.986978924639268, 5.986978924638799, 5.98697892463639, 5.986978924640423, 5.986978924640287, 5.986978924637329, 5.9869789246410665, 5.987041599108539, 5.987041599110961, 5.987041599109968, 5.987041599111725, 5.987041599108552, 5.9870415991084025, 5.987041599106134, 5.987041599108073, 5.987041599107804, 5.987041599108368, 5.987041599108728, 5.987041599109288, 5.987041599107257, 5.987041599108433, 5.987041599108688, 5.987041599108537, 5.987041599105449, 5.987041599108356, 5.98704159910861, 5.987041599108492, 5.98704159910866, 5.987033970382836, 5.987033970384686, 5.987033970383759, 5.987033970381519, 5.987033970382308, 5.987033970382144, 5.98703397038161, 5.987033970381608, 5.9870339703830995, 5.987033970385287, 5.987033970383969, 5.987033970384922, 5.987033970381619, 5.987033970382352, 5.987033970383388, 5.987033970382837, 5.987033970380078, 5.9870339703814475, 5.9870339703821065, 5.9870339703835755, 5.987033970381729, 5.98698438394859, 5.986984383948371, 5.986984383947548, 5.986984383943424, 5.986984383949379, 5.986984383949219, 5.986984383949544, 5.986984383947067, 5.986984383948847, 5.986984383952336, 5.986984383949307, 5.9869843839503, 5.986984383947573, 5.986984383947431, 5.986984383949816, 5.9869843839485855, 5.9869843839471475, 5.9869843839480135, 5.986984383948734, 5.986984383948443, 5.98698438394887, 5.986958345257986, 5.986958345257052, 5.9869583452562605, 5.986958345252018, 5.986958345258336, 5.9869583452582065, 5.986958345260549, 5.986958345256385, 5.986958345257624, 5.9869583452609705, 5.986958345257823, 5.986958345259214, 5.986958345256789, 5.986958345256832, 5.986958345259191, 5.98695834525799, 5.986958345257704, 5.986958345258705, 5.9869583452591915, 5.986958345256787, 5.986958345259887, 5.986996398979664, 5.986996398979648, 5.986996398978805, 5.986996398976564, 5.986996398978614, 5.986996398978533, 5.986996398982227, 5.98699639897788, 5.986996398979176, 5.986996398980228, 5.986996398979684, 5.986996398981611, 5.986996398978058, 5.98699639897927, 5.986996398980088, 5.986996398979669, 5.986996398979597, 5.986996398980245, 5.986996398980463, 5.986996398978854, 5.986996398980942, 5.987024510608364, 5.987024510609033, 5.987024510608123, 5.987024510609989, 5.987024510608097, 5.987024510608005, 5.987024510609986, 5.987024510606393, 5.987024510608247, 5.987024510606391, 5.987024510609318, 5.987024510611299, 5.987024510606811, 5.987024510608425, 5.987024510608331, 5.987024510608363, 5.9870245106081565, 5.987024510607948, 5.987024510608017, 5.987024510608706, 5.987024510607881, 5.987040352837444, 5.9870403528382505, 5.987040352837306, 5.987040352842325, 5.987040352838164, 5.98704035283811, 5.987040352838364, 5.987040352835674, 5.987040352836972, 5.987040352834408, 5.987040352838235, 5.987040352839953, 5.987040352836708, 5.987040352836974, 5.987040352837935, 5.9870403528374405, 5.987040352837661, 5.987040352836876, 5.987040352837008, 5.987040352837864, 5.987040352836813, 5.987087424127799, 5.987087424128606, 5.987087424127702, 5.987087424132537, 5.987087424127645, 5.987087424127576, 5.98708742412854, 5.987087424126709, 5.987087424126443, 5.987087424125344, 5.9870874241274565, 5.9870874241288305, 5.987087424127962, 5.987087424126765, 5.987087424128865, 5.987087424127791, 5.987087424128645, 5.987087424128045, 5.987087424128361, 5.987087424127255, 5.9870874241286565, 5.987144913085536, 5.987144913085733, 5.987144913084828, 5.987144913087418, 5.987144913085043, 5.987144913084954, 5.987144913086016, 5.987144913085102, 5.987144913084348, 5.987144913084326, 5.987144913085096, 5.987144913085781, 5.987144913085882, 5.987144913085048, 5.987144913086047, 5.987144913085542, 5.987144913086121, 5.9871449130859205, 5.98714491308651, 5.987144913084552, 5.9871449130870715, 5.9871577014725075, 5.987157701471967, 5.9871577014710144, 5.987157701470987, 5.987157701472782, 5.987157701472652, 5.987157701472341, 5.9871577014725315, 5.9871577014725705, 5.987157701472676, 5.987157701473279, 5.987157701472981, 5.987157701472661, 5.987157701473223, 5.987157701471853, 5.987157701472518, 5.987157701472147, 5.9871577014718, 5.987157701472796, 5.98715770147221, 5.987157701473033, 5.987125380608453, 5.987125380608302, 5.9871253806073685, 5.987125380604741, 5.9871253806084495, 5.987125380608278, 5.987125380607712, 5.987125380608945, 5.98712538060907, 5.987125380609991, 5.987125380609767, 5.9871253806088705, 5.987125380608931, 5.9871253806094185, 5.987125380607539, 5.987125380608454, 5.987125380607719, 5.9871253806067495, 5.987125380608133, 5.987125380608771, 5.98712538060804, 5.987108882696558, 5.987108882697341, 5.987108882696458, 5.987108882692896, 5.987108882696191, 5.987108882696012, 5.98710888269575, 5.987108882697509, 5.987108882696417, 5.9871088826989105, 5.987108882696969, 5.987108882695986, 5.9871088826978, 5.987108882696826, 5.98710888269635, 5.987108882696562, 5.987108882696395, 5.987108882695002, 5.9871088826965915, 5.987108882696509, 5.987108882696648, 5.98710945989618, 5.987109459897342, 5.9871094598964785, 5.987109459894656, 5.987109459896982, 5.9871094598968, 5.987109459895465, 5.98710945989738, 5.98710945989527, 5.987109459897908, 5.987109459895806, 5.987109459894721, 5.987109459897761, 5.987109459896095, 5.987109459896309, 5.9871094598961765, 5.987109459896583, 5.987109459895264, 5.987109459896738, 5.98710945989561, 5.987109459897071, 5.987117311783747, 5.9871173117851475, 5.987117311784236, 5.987117311784963, 5.987117311784849, 5.987117311784705, 5.987117311782805, 5.98711731178491, 5.98711731178287, 5.987117311783626, 5.9871173117835985, 5.987117311782539, 5.987117311784885, 5.98711731178433, 5.987117311783196, 5.98711731178375, 5.9871173117841225, 5.987117311782858, 5.987117311784091, 5.98711731178342, 5.987117311784294, 5.9871271464195095, 5.987127146420822, 5.987127146419878, 5.9871271464222815, 5.987127146419287, 5.98712714641919, 5.98712714641838, 5.987127146420589, 5.987127146419028, 5.987127146417747, 5.987127146419913, 5.987127146418942, 5.98712714642017, 5.987127146420675, 5.987127146418373, 5.987127146419503, 5.987127146419833, 5.9871271464183184, 5.987127146419292, 5.987127146419725, 5.987127146419185, 5.9871565719836815, 5.987156571983768, 5.987156571982847, 5.987156571986036, 5.987156571983241, 5.987156571983114, 5.987156571983078, 5.9871565719846735, 5.987156571983362, 5.987156571981552, 5.987156571984167, 5.9871565719831175, 5.9871565719844355, 5.987156571984396, 5.987156571982992, 5.987156571983683, 5.987156571984555, 5.987156571982649, 5.987156571983474, 5.987156571983869, 5.9871565719833955, 5.987193343642956, 5.987193343641781, 5.9871933436409375, 5.987193343643537, 5.987193343643148, 5.9871933436430265, 5.987193343643317, 5.987193343643795, 5.987193343642573, 5.987193343641729, 5.987193343643153, 5.987193343642061, 5.987193343643994, 5.9871933436428515, 5.987193343643108, 5.987193343642963, 5.987193343644575, 5.9871933436423985, 5.987193343643187, 5.987193343642721, 5.98719334364335, 5.987227390915221, 5.987227390914474, 5.9872273909136675, 5.987227390914008, 5.987227390914944, 5.987227390914808, 5.987227390916107, 5.987227390915681, 5.987227390914926, 5.987227390915222, 5.987227390915365, 5.987227390914669, 5.987227390915979, 5.987227390915145, 5.987227390915361, 5.987227390915234, 5.987227390916832, 5.987227390914735, 5.987227390915468, 5.987227390914959, 5.987227390915631, 5.987252851709292, 5.9872528517098305, 5.987252851709027, 5.987252851707454, 5.987252851708902, 5.9872528517087105, 5.987252851710061, 5.987252851709177, 5.9872528517093055, 5.987252851710182, 5.9872528517098, 5.987252851709712, 5.9872528517093535, 5.987252851709905, 5.987252851708739, 5.987252851709285, 5.987252851710223, 5.987252851708489, 5.987252851709131, 5.987252851709446, 5.987252851709049, 5.98727058898206, 5.987270588983311, 5.987270588982508, 5.98727058898084, 5.987270588982733, 5.987270588982544, 5.98727058898253, 5.987270588981419, 5.9872705889820015, 5.987270588983354, 5.987270588982547, 5.987270588982958, 5.987270588981864, 5.987270588982801, 5.987270588981376, 5.9872705889820494, 5.987270588982516, 5.9872705889813425, 5.987270588981839, 5.987270588982292, 5.9872705889817315, 5.987287419378759, 5.987287419380223, 5.98728741937946, 5.987287419378624, 5.987287419379473, 5.987287419379266, 5.987287419378849, 5.987287419377873, 5.987287419378124, 5.9872874193799746, 5.987287419378617, 5.987287419379441, 5.987287419378896, 5.987287419378755, 5.9872874193788395, 5.987287419378758, 5.9872874193792605, 5.9872874193786405, 5.98728741937898, 5.987287419378547, 5.987287419379095, 5.987298895528817, 5.98729889552983, 5.987298895529047, 5.9872988955295225, 5.987298895528815, 5.98729889552864, 5.9872988955283954, 5.987298895527889, 5.987298895528005, 5.987298895529198, 5.987298895528467, 5.9872988955293875, 5.987298895529178, 5.987298895528276, 5.987298895529425, 5.987298895528825, 5.987298895529218, 5.98729889552916, 5.987298895529298, 5.987298895528352, 5.987298895529548, 5.987308057720847, 5.987308057720759, 5.98730805771995, 5.987308057721783, 5.987308057720873, 5.987308057720728, 5.987308057719897, 5.987308057719935, 5.987308057720687, 5.987308057719929, 5.987308057721169, 5.9873080577218545, 5.987308057720901, 5.987308057720635, 5.987308057721111, 5.987308057720858, 5.987308057720689, 5.9873080577211475, 5.987308057721096, 5.987308057720596, 5.987308057721274, 5.987317281562222, 5.987317281561481, 5.987317281560689, 5.98731728156263, 5.987317281562076, 5.987317281561955, 5.987317281561239, 5.987317281561485, 5.987317281562509, 5.9873172815606575, 5.987317281562966, 5.987317281563434, 5.987317281561894, 5.987317281562377, 5.98731728156211, 5.98731728156222, 5.987317281561683, 5.987317281562433, 5.987317281562311, 5.987317281562148, 5.987317281562389, 5.987335742555564, 5.987335742555159, 5.987335742554414, 5.987335742555178, 5.987335742554998, 5.987335742554837, 5.987335742555143, 5.9873357425551506, 5.987335742555538, 5.987335742554599, 5.987335742555797, 5.987335742556338, 5.987335742555312, 5.987335742555403, 5.987335742555766, 5.9873357425555715, 5.987335742555245, 5.987335742555921, 5.987335742555854, 5.9873357425553, 5.987335742556016, 5.987350416342486, 5.987350416342725, 5.98735041634204, 5.987350416341735, 5.987350416342658, 5.98735041634249, 5.987350416342797, 5.987350416342359, 5.987350416342174, 5.987350416342652, 5.987350416342336, 5.987350416342761, 5.987350416342401, 5.987350416341946, 5.987350416343077, 5.987350416342486, 5.987350416342465, 5.987350416342743, 5.987350416342843, 5.987350416342126, 5.987350416343036, 5.9873567443421285, 5.987356744343142, 5.987356744342494, 5.987356744341604, 5.987356744342839, 5.987356744342647, 5.987356744342789, 5.987356744342167, 5.987356744341916, 5.987356744343032, 5.987356744342122, 5.987356744342456, 5.98735674434182, 5.987356744341872, 5.987356744342433, 5.987356744342114, 5.987356744341943, 5.987356744341864, 5.987356744342113, 5.987356744342151, 5.987356744342095, 5.987360271030735, 5.98736027103222, 5.987360271031553, 5.987360271030596, 5.987360271030887, 5.987360271030686, 5.9873602710314096, 5.987360271030971, 5.987360271030587, 5.987360271031709, 5.987360271030869, 5.9873602710311316, 5.987360271030134, 5.9873602710309894, 5.987360271030547, 5.987360271030738, 5.987360271030294, 5.9873602710301554, 5.9873602710304485, 5.9873602710310365, 5.98736027103024, 5.98736740806, 5.9873674080607096, 5.987367408060082, 5.9873674080602, 5.987367408060119, 5.987367408059948, 5.98736740806067, 5.987367408060477, 5.9873674080598125, 5.987367408060524, 5.987367408059999, 5.987367408059919, 5.987367408059462, 5.987367408060208, 5.98736740805986, 5.987367408059999, 5.987367408059641, 5.987367408059667, 5.987367408059917, 5.987367408060108, 5.987367408059842, 5.98737048966107, 5.9873704896606785, 5.987370489660061, 5.987370489661516, 5.987370489661296, 5.987370489661118, 5.987370489661599, 5.987370489661747, 5.987370489660899, 5.987370489660979, 5.987370489661019, 5.987370489660392, 5.987370489660901, 5.98737048966087, 5.987370489661334, 5.98737048966107, 5.987370489660973, 5.987370489661085, 5.987370489661279, 5.98737048966087, 5.9873704896613855, 5.98737239883246, 5.987372398831871, 5.98737239883125, 5.987372398833007, 5.987372398832096, 5.987372398831922, 5.987372398832493, 5.987372398833164, 5.987372398832477, 5.987372398831738, 5.987372398832618, 5.987372398831768, 5.987372398832422, 5.987372398832226, 5.987372398832744, 5.987372398832463, 5.987372398832245, 5.987372398832354, 5.987372398832502, 5.987372398832425, 5.98737239883252, 5.987377997144275, 5.9873779971440495, 5.987377997143427, 5.987377997144726, 5.987377997143989, 5.987377997143811, 5.9873779971439, 5.987377997144828, 5.987377997144436, 5.98737799714333, 5.987377997144645, 5.987377997143824, 5.987377997144133, 5.987377997144379, 5.987377997144251, 5.987377997144273, 5.9873779971437475, 5.987377997143958, 5.987377997144066, 5.987377997144522, 5.987377997143908, 5.987385729835787, 5.987385729836114, 5.987385729835487, 5.987385729835903, 5.987385729836126, 5.987385729835934, 5.987385729835418, 5.987385729836097, 5.987385729835726, 5.987385729835275, 5.987385729835899, 5.987385729835232, 5.987385729835596, 5.987385729836001, 5.987385729835631, 5.98738572983578, 5.987385729835214, 5.9873857298356175, 5.987385729835682, 5.987385729835904, 5.987385729835574, 5.987390789201549, 5.987390789202544, 5.987390789201983, 5.9873907892012435, 5.987390789201875, 5.98739078920167, 5.987390789201414, 5.987390789201693, 5.987390789201239, 5.987390789201889, 5.987390789201302, 5.987390789200749, 5.987390789201549, 5.987390789201513, 5.987390789201669, 5.987390789201556, 5.987390789201281, 5.987390789201659, 5.987390789201706, 5.9873907892014335, 5.987390789201722, 5.987396065228771, 5.9873960652297935, 5.987396065229231, 5.987396065228248, 5.987396065229043, 5.9873960652288325, 5.987396065228684, 5.987396065228687, 5.987396065228553, 5.987396065229559, 5.987396065228619, 5.9873960652281735, 5.987396065228797, 5.987396065228695, 5.987396065228926, 5.9873960652287685, 5.987396065228585, 5.987396065228777, 5.987396065228788, 5.987396065228797, 5.987396065228736, 5.987401893309938, 5.987401893310306, 5.9874018933097535, 5.987401893309467, 5.987401893310292, 5.987401893310056, 5.987401893309804, 5.9874018933096345, 5.987401893310042, 5.9874018933105235, 5.987401893310142, 5.987401893309803, 5.987401893309837, 5.987401893310086, 5.987401893309868, 5.9874018933099356, 5.987401893309693, 5.987401893309784, 5.98740189330969, 5.987401893310221, 5.987401893309489, 5.987405704006299, 5.987405704006189, 5.98740570400562, 5.987405704006079, 5.987405704006153, 5.987405704005931, 5.9874057040062665, 5.987405704005941, 5.98740570400643, 5.98740570400646, 5.987405704006505, 5.9874057040062505, 5.987405704006174, 5.987405704006461, 5.9874057040062, 5.9874057040063, 5.987405704006272, 5.987405704006434, 5.987405704006172, 5.987405704006461, 5.987405704006051, 5.987407214172393, 5.98740721417205, 5.987407214171526, 5.987407214172611, 5.987407214172215, 5.987407214171987, 5.987407214172572, 5.987407214172044, 5.987407214172396, 5.987407214172138, 5.9874072141723955, 5.98740721417223, 5.987407214172395, 5.987407214172339, 5.9874072141725305, 5.987407214172388, 5.987407214172706, 5.987407214172997, 5.987407214172545, 5.98740721417227, 5.987407214172586, 5.987409514758856, 5.987409514758719, 5.987409514758159, 5.987409514759471, 5.9874095147590065, 5.987409514758797, 5.987409514759052, 5.987409514758474, 5.9874095147588315, 5.9874095147583555, 5.987409514758861, 5.987409514758903, 5.9874095147589, 5.987409514758766, 5.987409514759029, 5.987409514758848, 5.987409514759229, 5.9874095147594275, 5.987409514758916, 5.98740951475884, 5.987409514758904, 5.987412882075566, 5.987412882076011, 5.98741288207547, 5.987412882076098, 5.98741288207561, 5.987412882075406, 5.98741288207563, 5.987412882075186, 5.987412882075538, 5.987412882075128, 5.987412882075608, 5.987412882075979, 5.987412882075517, 5.987412882075636, 5.987412882075578, 5.9874128820755645, 5.987412882075787, 5.987412882075867, 5.987412882075348, 5.9874128820758, 5.987412882075164, 5.987416710283469, 5.987416710284209, 5.987416710283679, 5.987416710283522, 5.98741671028364, 5.987416710283437, 5.9874167102835685, 5.9874167102832025, 5.987416710283447, 5.987416710283454, 5.9874167102834495, 5.9874167102838864, 5.987416710283442, 5.987416710283577, 5.9874167102834335, 5.98741671028346, 5.987416710283624, 5.98741671028378, 5.987416710283309, 5.987416710283648, 5.987416710283175, 5.987420421312578, 5.9874204213131295, 5.987420421312605, 5.987420421312075, 5.987420421312969, 5.987420421312738, 5.9874204213127875, 5.987420421312498, 5.987420421312581, 5.9874204213129865, 5.987420421312451, 5.987420421312747, 5.98742042131266, 5.987420421312567, 5.98742042131268, 5.987420421312573, 5.987420421312786, 5.9874204213130895, 5.987420421312677, 5.987420421312508, 5.987420421312682, 5.987424390209964, 5.987424390210208, 5.987424390209676, 5.987424390209281, 5.987424390210071, 5.987424390209829, 5.987424390209997, 5.98742439021004, 5.987424390210015, 5.98742439021049, 5.98742439020986, 5.987424390210132, 5.9874243902101165, 5.987424390209974, 5.987424390210038, 5.987424390209962, 5.987424390210024, 5.987424390210367, 5.9874243902100215, 5.987424390209928, 5.987424390210014, 5.987428382542471, 5.987428382542482, 5.987428382541931, 5.987428382542137, 5.987428382542463, 5.9874283825422365, 5.987428382542215, 5.987428382542638, 5.987428382542691, 5.987428382542757, 5.987428382542605, 5.98742838254277, 5.987428382542614, 5.987428382542606, 5.987428382542427, 5.987428382542468, 5.987428382542335, 5.987428382542659, 5.987428382542379, 5.987428382542605, 5.987428382542274, 5.987432295977728, 5.987432295977725, 5.987432295977187, 5.9874322959779676, 5.987432295977831, 5.987432295977603, 5.987432295977392, 5.9874322959779676, 5.987432295977882, 5.987432295977707, 5.987432295977796, 5.987432295977881, 5.9874322959778965, 5.987432295977841, 5.987432295977695, 5.987432295977726, 5.987432295977583, 5.9874322959779365, 5.987432295977679, 5.987432295977799, 5.987432295977629, 5.987435768824154, 5.987435768824402, 5.987435768823897, 5.9874357688247235, 5.9874357688242315, 5.9874357688240245, 5.9874357688239845, 5.987435768824453, 5.987435768824124, 5.9874357688239765, 5.987435768824012, 5.9874357688240165, 5.987435768824381, 5.987435768824142, 5.98743576882424, 5.987435768824152, 5.98743576882417, 5.987435768824493, 5.98743576882428, 5.987435768824056, 5.987435768824316, 5.987439547282984, 5.987439547283388, 5.987439547282869, 5.9874395472834685, 5.987439547283182, 5.987439547282984, 5.987439547282963, 5.987439547283265, 5.9874395472829045, 5.9874395472827135, 5.987439547282815, 5.9874395472828335, 5.987439547283125, 5.987439547283041, 5.987439547282994, 5.987439547282972, 5.987439547282981, 5.987439547283167, 5.9874395472830235, 5.9874395472829764, 5.987439547282978, 5.987443121667387, 5.987443121667835, 5.987443121667324, 5.987443121667432, 5.987443121667574, 5.987443121667362, 5.987443121667477, 5.9874431216675985, 5.987443121667459, 5.9874431216672335, 5.9874431216673845, 5.987443121667355, 5.987443121667426, 5.987443121667559, 5.987443121667281, 5.98744312166739, 5.987443121667313, 5.987443121667267, 5.9874431216672335, 5.98744312166756, 5.987443121667088, 5.9874461405565675, 5.987446140556864, 5.987446140556415, 5.987446140556158, 5.987446140556628, 5.9874461405564245, 5.987446140556849, 5.9874461405567505, 5.987446140556699, 5.987446140556675, 5.987446140556597, 5.987446140556389, 5.987446140556619, 5.987446140556649, 5.987446140556566, 5.987446140556562, 5.987446140556589, 5.98744614055645, 5.987446140556492, 5.987446140556674, 5.987446140556386, 5.987449057955481, 5.987449057955535, 5.987449057955086, 5.987449057955006, 5.987449057955627, 5.987449057955396, 5.9874490579558195, 5.98744905795556, 5.987449057955538, 5.9874490579557085, 5.987449057955413, 5.987449057955171, 5.987449057955537, 5.987449057955467, 5.987449057955551, 5.987449057955473, 5.987449057955553, 5.987449057955426, 5.987449057955511, 5.987449057955473, 5.987449057955497, 5.987452312007881, 5.987452312007975, 5.987452312007514, 5.987452312007746, 5.987452312007948, 5.987452312007729, 5.987452312008052, 5.987452312007819, 5.987452312007943, 5.987452312008027, 5.987452312007837, 5.987452312007649, 5.98745231200787, 5.98745231200796, 5.9874523120078695, 5.987452312007879, 5.987452312007849, 5.987452312007813, 5.987452312007903, 5.987452312007896, 5.9874523120078775, 5.987454824498402, 5.987454824498638, 5.987454824498184, 5.98745482449877, 5.987454824498441, 5.98745482449824, 5.9874548244983234, 5.9874548244982035, 5.987454824498475, 5.987454824498354, 5.987454824498432, 5.987454824498318, 5.98745482449835, 5.987454824498522, 5.987454824498346, 5.987454824498401, 5.987454824498256, 5.987454824498278, 5.98745482449836, 5.987454824498471, 5.987454824498279, 5.987457072928665, 5.987457072928938, 5.987457072928482, 5.987457072929165, 5.987457072928841, 5.987457072928625, 5.987457072928507, 5.987457072928404, 5.987457072928642, 5.9874570729285, 5.98745707292861, 5.987457072928565, 5.987457072928649, 5.987457072928669, 5.987457072928732, 5.987457072928664, 5.987457072928546, 5.987457072928614, 5.987457072928688, 5.987457072928675, 5.9874570729286685, 5.987459679790592, 5.987459679790849, 5.987459679790396, 5.987459679790813, 5.987459679790683, 5.987459679790477, 5.987459679790476, 5.987459679790341, 5.987459679790558, 5.987459679790415, 5.987459679790469, 5.987459679790472, 5.9874596797905975, 5.987459679790508, 5.98745967979076, 5.987459679790595, 5.987459679790531, 5.987459679790645, 5.987459679790693, 5.987459679790502, 5.987459679790725, 5.987462355910089, 5.987462355910261, 5.9874623559098215, 5.9874623559098445, 5.987462355910199, 5.987462355909993, 5.987462355910019, 5.987462355909873, 5.987462355910165, 5.987462355909941, 5.987462355910067, 5.987462355910099, 5.987462355910012, 5.987462355910112, 5.987462355910123, 5.987462355910086, 5.98746235590996, 5.987462355910049, 5.987462355910129, 5.987462355910077, 5.987462355910115, 5.987464791094023, 5.987464791094209, 5.987464791093775, 5.987464791093553, 5.987464791094108, 5.987464791093891, 5.987464791094027, 5.987464791093839, 5.987464791094173, 5.987464791094011, 5.987464791094073, 5.987464791094126, 5.9874647910938865, 5.987464791094078, 5.987464791094051, 5.987464791094022, 5.9874647910939, 5.987464791093938, 5.987464791094023, 5.98746479109404, 5.987464791093987, 5.987467499271709, 5.987467499271932, 5.98746749927149, 5.987467499271415, 5.987467499271814, 5.98746749927162, 5.98746749927183, 5.987467499271615, 5.987467499271773, 5.987467499271864, 5.987467499271676, 5.987467499271777, 5.9874674992716415, 5.987467499271655, 5.987467499271819, 5.987467499271706, 5.9874674992717, 5.987467499271648, 5.987467499271756, 5.987467499271684, 5.987467499271759, 5.987470065708199, 5.98747006570844, 5.987470065708011, 5.987470065708281, 5.9874700657083535, 5.987470065708163, 5.987470065708326, 5.987470065708162, 5.9874700657081785, 5.987470065708357, 5.987470065708079, 5.987470065708276, 5.987470065708136, 5.987470065708165, 5.9874700657083135, 5.987470065708207, 5.987470065708219, 5.987470065708154, 5.9874700657082505, 5.987470065708176, 5.987470065708239, 5.987472360914208, 5.987472360914506, 5.987472360914061, 5.9874723609145954, 5.987472360914294, 5.987472360914076, 5.9874723609142775, 5.987472360914252, 5.987472360914228, 5.9874723609142, 5.9874723609141745, 5.987472360914353, 5.9874723609140865, 5.987472360914284, 5.9874723609142135, 5.987472360914216, 5.987472360914193, 5.987472360914162, 5.987472360914233, 5.9874723609142135, 5.987472360914195, 5.987474733693009, 5.987474733693173, 5.98747473369274, 5.987474733693336, 5.987474733693155, 5.987474733692945, 5.987474733693035, 5.987474733693125, 5.987474733693075, 5.987474733692889, 5.9874747336929985, 5.987474733693135, 5.987474733692921, 5.987474733693068, 5.987474733693021, 5.987474733693003, 5.98747473369301, 5.987474733692971, 5.987474733693051, 5.987474733692991, 5.987474733693022, 5.987477143872082, 5.987477143872182, 5.987477143871763, 5.987477143872137, 5.987477143872079, 5.9874771438718986, 5.987477143872079, 5.987477143872269, 5.987477143872104, 5.987477143871948, 5.987477143872, 5.98747714387212, 5.987477143872082, 5.98747714387205, 5.987477143872199, 5.987477143872079, 5.987477143872136, 5.98747714387205, 5.9874771438721455, 5.987477143872048, 5.987477143872137, 5.9874795035401664, 5.987479503540261, 5.987479503539826, 5.987479503539963, 5.987479503540318, 5.9874795035401185, 5.987479503540141, 5.987479503540349, 5.987479503540257, 5.9874795035401025, 5.987479503540146, 5.987479503540195, 5.987479503540191, 5.987479503540169, 5.987479503540233, 5.987479503540156, 5.987479503540176, 5.987479503540087, 5.987479503540195, 5.987479503540154, 5.987479503540189, 5.98748183170789, 5.987481831708188, 5.987481831707761, 5.987481831707631, 5.987481831708006, 5.987481831707797, 5.987481831707836, 5.987481831708025, 5.987481831707964, 5.987481831707937, 5.987481831707893, 5.987481831707933, 5.987481831707889, 5.987481831708004, 5.987481831707857, 5.987481831707891, 5.987481831707857, 5.987481831707805, 5.987481831707908, 5.987481831707894, 5.987481831707901, 5.987484196278886, 5.987484196279242, 5.987484196278828, 5.987484196278782, 5.987484196279041, 5.987484196278844, 5.987484196278819, 5.987484196278962, 5.987484196278874, 5.987484196279009, 5.9874841962788174, 5.987484196278874, 5.987484196278907, 5.987484196278966, 5.98748419627887, 5.987484196278888, 5.987484196278885, 5.987484196278816, 5.987484196278918, 5.987484196278885, 5.987484196278889, 5.987486505738043, 5.987486505738318, 5.987486505737931, 5.987486505738156, 5.98748650573823, 5.987486505738007, 5.9874865057379765, 5.987486505738065, 5.987486505738022, 5.987486505738157, 5.9874865057380084, 5.987486505737993, 5.987486505738117, 5.9874865057380395, 5.987486505738112, 5.987486505738043, 5.987486505738107, 5.9874865057379765, 5.987486505738082, 5.987486505738016, 5.987486505738066, 5.987488689312531, 5.987488689312665, 5.987488689312273, 5.987488689312697, 5.987488689312607, 5.987488689312379, 5.987488689312456, 5.987488689312495, 5.9874886893125385, 5.987488689312517, 5.9874886893125145, 5.987488689312502, 5.987488689312578, 5.987488689312604, 5.987488689312534, 5.987488689312548, 5.987488689312575, 5.987488689312473, 5.98748868931256, 5.987488689312539, 5.987488689312523, 5.9874907475707655, 5.98749074757077, 5.9874907475703925, 5.987490747570861, 5.987490747570849, 5.987490747570634, 5.987490747570751, 5.987490747570684, 5.987490747570789, 5.987490747570646, 5.987490747570775, 5.987490747570731, 5.9874907475707815, 5.987490747570871, 5.987490747570723, 5.987490747570768, 5.987490747570809, 5.987490747570724, 5.987490747570786, 5.987490747570764, 5.987490747570765, 5.987492845547853, 5.987492845547988, 5.987492845547604, 5.987492845547826, 5.9874928455478935, 5.9874928455476795, 5.987492845547909, 5.9874928455477505, 5.9874928455478935, 5.987492845547741, 5.987492845547893, 5.987492845547785, 5.987492845547902, 5.987492845547882, 5.987492845547882, 5.987492845547855, 5.98749284554795, 5.9874928455478384, 5.98749284554788, 5.987492845547832, 5.9874928455478695, 5.9874949186789586, 5.987494918679153, 5.987494918678812, 5.987494918678841, 5.987494918679114, 5.987494918678907, 5.987494918679064, 5.987494918678837, 5.9874949186789586, 5.987494918678917, 5.987494918678952, 5.987494918678925, 5.987494918679004, 5.987494918678968, 5.9874949186790145, 5.987494918678957, 5.987494918679055, 5.987494918678903, 5.987494918678952, 5.987494918678977, 5.9874949186789195, 5.987496977072119, 5.987496977072396, 5.987496977072052, 5.987496977072013, 5.987496977072246, 5.987496977072058, 5.987496977072192, 5.987496977072002, 5.987496977072072, 5.987496977072134, 5.987496977072078, 5.987496977072139, 5.987496977072127, 5.987496977072197, 5.9874969770721185, 5.987496977072115, 5.987496977072135, 5.98749697707205, 5.987496977072092, 5.987496977072157, 5.98749697707205, 5.987499058885003, 5.987499058885279, 5.987499058884936, 5.987499058885016, 5.987499058885125, 5.987499058884914, 5.987499058885039, 5.987499058884905, 5.987499058885013, 5.987499058885064, 5.987499058885007, 5.987499058885004, 5.987499058885024, 5.987499058885074, 5.987499058884992, 5.98749905888501, 5.987499058884995, 5.987499058885018, 5.98749905888504, 5.987499058884995, 5.987499058885017, 5.987501041443323, 5.9875010414434255, 5.987501041443073, 5.987501041443379, 5.987501041443458, 5.987501041443248, 5.987501041443316, 5.987501041443265, 5.987501041443331, 5.987501041443366, 5.987501041443329, 5.9875010414433145, 5.987501041443373, 5.987501041443354, 5.987501041443363, 5.9875010414433145, 5.987501041443301, 5.98750104144337, 5.987501041443379, 5.987501041443281, 5.987501041443391, 5.987502904720467, 5.987502904720506, 5.987502904720185, 5.987502904720525, 5.987502904720498, 5.987502904720283, 5.987502904720396, 5.987502904720451, 5.987502904720455, 5.987502904720458, 5.9875029047204755, 5.987502904720502, 5.987502904720528, 5.987502904720489, 5.987502904720525, 5.987502904720456, 5.987502904720403, 5.98750290472045, 5.987502904720456, 5.9875029047205075, 5.98750290472043, 5.987504774666856, 5.9875047746669505, 5.98750477466662, 5.987504774666894, 5.987504774666969, 5.987504774666768, 5.987504774666809, 5.987504774666882, 5.987504774666876, 5.987504774666809, 5.987504774666901, 5.987504774666892, 5.9875047746668795, 5.987504774666888, 5.987504774666892, 5.987504774666852, 5.987504774666777, 5.987504774666859, 5.9875047746668715, 5.9875047746668555, 5.987504774666855, 5.987506556162819, 5.987506556163045, 5.9875065561627165, 5.987506556162785, 5.9875065561629315, 5.987506556162723, 5.987506556162866, 5.987506556162885, 5.987506556162812, 5.987506556162772, 5.987506556162814, 5.98750655616282, 5.987506556162815, 5.987506556162872, 5.987506556162838, 5.987506556162823, 5.987506556162766, 5.987506556162888, 5.987506556162879, 5.987506556162782, 5.987506556162911, 5.987508307304868, 5.987508307305102, 5.987508307304776, 5.9875083073048225, 5.98750830730502, 5.987508307304811, 5.9875083073049264, 5.98750830730494, 5.987508307304828, 5.98750830730486, 5.987508307304827, 5.9875083073049, 5.987508307304857, 5.987508307304893, 5.987508307304912, 5.987508307304866, 5.987508307304821, 5.987508307304867, 5.987508307304865, 5.987508307304887, 5.987508307304833, 5.9875100738247475, 5.987510073824955, 5.987510073824633, 5.987510073824711, 5.987510073824904, 5.987510073824698, 5.987510073824807, 5.987510073824819, 5.9875100738247395, 5.987510073824775, 5.987510073824766, 5.987510073824801, 5.987510073824761, 5.987510073824763, 5.987510073824809, 5.9875100738247555, 5.9875100738247165, 5.987510073824704, 5.987510073824715, 5.987510073824811, 5.987510073824665, 5.987511858025933, 5.987511858026085, 5.987511858025772, 5.987511858025927, 5.987511858025986, 5.987511858025766, 5.987511858026, 5.98751185802601, 5.9875118580259565, 5.9875118580259565, 5.987511858025974, 5.98751185802594, 5.987511858025924, 5.987511858025969, 5.98751185802597, 5.987511858025934, 5.987511858025919, 5.987511858025965, 5.987511858025965, 5.987511858025926, 5.987511858025949, 5.987513582230432, 5.98751358223044, 5.987513582230161, 5.9875135822304735, 5.987513582230583, 5.987513582230377, 5.98751358223048, 5.987513582230466, 5.987513582230396, 5.987513582230422, 5.9875135822304015, 5.987513582230417, 5.987513582230385, 5.987513582230489, 5.987513582230432, 5.9875135822304415, 5.987513582230399, 5.9875135822304895, 5.9875135822304815, 5.987513582230412, 5.987513582230477, 5.98751529010095, 5.987515290101076, 5.98751529010077, 5.987515290101025, 5.98751529010096, 5.987515290100754, 5.987515290100902, 5.987515290100964, 5.98751529010095, 5.987515290100945, 5.987515290100972, 5.987515290100943, 5.987515290100939, 5.9875152901009505, 5.987515290101013, 5.987515290100947, 5.987515290100919, 5.987515290100939, 5.987515290100933, 5.987515290100969, 5.987515290100891, 5.987516951307973, 5.9875169513081135, 5.98751695130783, 5.987516951308051, 5.987516951308202, 5.987516951307976, 5.9875169513079465, 5.987516951307936, 5.9875169513080175, 5.987516951307972, 5.987516951308062, 5.987516951307956, 5.987516951307957, 5.987516951307994, 5.987516951308029, 5.98751695130797, 5.987516951307963, 5.987516951307983, 5.987516951307981, 5.987516951307996, 5.987516951307943, 5.987518554280618, 5.987518554280868, 5.9875185542805704, 5.987518554280561, 5.987518554280608, 5.987518554280408, 5.987518554280594, 5.987518554280572, 5.987518554280497, 5.987518554280629, 5.9875185542805065, 5.987518554280576, 5.987518554280573, 5.987518554280659, 5.987518554280643, 5.987518554280627, 5.987518554280618, 5.987518554280649, 5.9875185542806415, 5.987518554280613, 5.987518554280622, 5.987520175533253, 5.987520175533333, 5.987520175533064, 5.987520175533144, 5.987520175533576, 5.987520175533363, 5.987520175533252, 5.987520175533195, 5.987520175533274, 5.987520175533231, 5.987520175533301, 5.987520175533207, 5.9875201755332155, 5.987520175533298, 5.987520175533275, 5.987520175533256, 5.987520175533246, 5.987520175533263, 5.987520175533251, 5.987520175533258, 5.987520175533245, 5.987521774901304, 5.987521774901536, 5.98752177490125, 5.987521774901236, 5.987521774901165, 5.98752177490096, 5.987521774901274, 5.987521774901271, 5.987521774901333, 5.9875217749013325, 5.987521774901363, 5.987521774901277, 5.9875217749013085, 5.987521774901328, 5.987521774901362, 5.987521774901295, 5.987521774901318, 5.987521774901298, 5.987521774901298, 5.9875217749013325, 5.987521774901269, 5.987523402654904, 5.987523402654858, 5.987523402654591, 5.987523402654913, 5.9875234026552215, 5.987523402655013, 5.987523402654919, 5.98752340265484, 5.987523402654894, 5.987523402654884, 5.987523402654923, 5.987523402654857, 5.987523402654897, 5.9875234026549355, 5.987523402654936, 5.987523402654914, 5.98752340265492, 5.987523402654922, 5.987523402654897, 5.98752340265491, 5.987523402654873, 5.987525007664467, 5.987525007664658, 5.987525007664392, 5.987525007664539, 5.987525007664375, 5.987525007664162, 5.987525007664478, 5.98752500766443, 5.987525007664376, 5.987525007664464, 5.987525007664386, 5.987525007664426, 5.987525007664447, 5.987525007664516, 5.987525007664477, 5.987525007664464, 5.9875250076644795, 5.987525007664513, 5.987525007664492, 5.987525007664461, 5.987525007664481, 5.987526572147548, 5.987526572147664, 5.987526572147392, 5.987526572147656, 5.987526572147892, 5.9875265721476785, 5.987526572147575, 5.987526572147525, 5.987526572147627, 5.987526572147538, 5.987526572147673, 5.987526572147549, 5.987526572147542, 5.987526572147601, 5.987526572147561, 5.987526572147542, 5.9875265721475595, 5.987526572147547, 5.987526572147535, 5.987526572147565, 5.987526572147518, 5.987528099700858, 5.987528099701117, 5.987528099700831, 5.987528099700834, 5.987528099700675, 5.987528099700462, 5.987528099700862, 5.987528099700903, 5.9875280997007785, 5.987528099700885, 5.987528099700793, 5.987528099700851, 5.987528099700883, 5.987528099700864, 5.9875280997009215, 5.987528099700848, 5.987528099700873, 5.987528099700872, 5.987528099700854, 5.987528099700896, 5.987528099700814, 5.987529543188511, 5.987529543188412, 5.987529543188157, 5.987529543188439, 5.987529543189048, 5.987529543188836, 5.987529543188561, 5.987529543188531, 5.9875295431885345, 5.987529543188476, 5.987529543188536, 5.987529543188507, 5.987529543188507, 5.987529543188561, 5.987529543188522, 5.987529543188515, 5.987529543188483, 5.987529543188536, 5.987529543188516, 5.987529543188518, 5.987529543188514, 5.987530919582332, 5.987530919582712, 5.9875309195824755, 5.987530919582216, 5.987530919581858, 5.98753091958163, 5.987530919582319, 5.9875309195823965, 5.987530919582309, 5.987530919582355, 5.987530919582316, 5.987530919582344, 5.987530919582334, 5.987530919582364, 5.987530919582353, 5.987530919582334, 5.987530919582308, 5.987530919582363, 5.987530919582356, 5.98753091958231, 5.987530919582349, 5.987532156243701, 5.987532156243492, 5.987532156243249, 5.987532156243803, 5.987532156244643, 5.987532156244433, 5.987532156243699, 5.987532156243697, 5.987532156243815, 5.98753215624367, 5.987532156243847, 5.987532156243729, 5.987532156243709, 5.98753215624373, 5.987532156243724, 5.987532156243692, 5.987532156243645, 5.9875321562436765, 5.987532156243695, 5.987532156243728, 5.9875321562436685, 5.9875330292312885, 5.987533029231891, 5.987533029231632, 5.987533029231263, 5.987533029230229, 5.987533029230011, 5.987533029231221, 5.9875330292313675, 5.987533029231015, 5.987533029231367, 5.987533029231017, 5.987533029231282, 5.9875330292313285, 5.98753302923127, 5.987533029231365, 5.987533029231297, 5.987533029231299, 5.987533029231328, 5.987533029231319, 5.987533029231266, 5.987533029231299, 5.987533126385793, 5.987533126385214, 5.987533126384975, 5.9875331263859755, 5.987533126387676, 5.987533126387463, 5.987533126385897, 5.987533126385714, 5.987533126386094, 5.987533126385711, 5.987533126386147, 5.987533126385813, 5.987533126385752, 5.987533126385904, 5.987533126385756, 5.987533126385791, 5.9875331263857205, 5.987533126385805, 5.987533126385825, 5.987533126385801, 5.987533126385827, 5.987531359510633, 5.987531359511816, 5.987531359511587, 5.9875313595104185, 5.987531359508043, 5.987531359507827, 5.987531359510522, 5.987531359510747, 5.987531359510258, 5.987531359510761, 5.987531359510251, 5.987531359510659, 5.987531359510666, 5.987531359510606, 5.987531359510713, 5.987531359510628, 5.987531359510681, 5.987531359510651, 5.987531359510637, 5.987531359510644, 5.987531359510588, 5.98752487456846, 5.987524874566828, 5.9875248745666125, 5.987524874568707, 5.9875248745727285, 5.9875248745725145, 5.987524874568709, 5.987524874568252, 5.987524874568992, 5.9875248745682335, 5.987524874569066, 5.9875248745684555, 5.987524874568422, 5.987524874568533, 5.987524874568438, 5.987524874568453, 5.987524874568371, 5.987524874568397, 5.987524874568446, 5.9875248745684955, 5.987524874568429, 5.9875060143827765, 5.987506014385578, 5.987506014385343, 5.987506014382257, 5.987506014376343, 5.987506014376122, 5.987506014382494, 5.987506014383068, 5.987506014381848, 5.987506014383095, 5.987506014381761, 5.987506014382758, 5.9875060143828795, 5.987506014382665, 5.987506014382929, 5.987506014382773, 5.987506014382944, 5.987506014382893, 5.987506014382847, 5.987506014382694, 5.987506014382823, 5.987452950657283, 5.98745295065311, 5.987452950652932, 5.987452950658107, 5.987452950667982, 5.987452950667766, 5.987452950657779, 5.987452950656763, 5.987452950658845, 5.987452950656671, 5.987452950659026, 5.987452950657305, 5.987452950657084, 5.987452950657608, 5.987452950657019, 5.9874529506572856, 5.987452950656989, 5.987452950657105, 5.987452950657198, 5.987452950657374, 5.987452950657227, 5.9873021524363, 5.987302152443526, 5.987302152443248, 5.987302152435018, 5.987302152418985, 5.987302152418751, 5.987302152435425, 5.987302152437065, 5.987302152433709, 5.987302152437262, 5.987302152433441, 5.987302152436265, 5.98730215243666, 5.987302152435871, 5.9873021524367696, 5.9873021524363015, 5.987302152436741, 5.987302152436511, 5.987302152436433, 5.98730215243617, 5.987302152436332, 5.9868744993746645, 5.986874499362872, 5.986874499362745, 5.986874499376892, 5.9868744994038945, 5.986874499403692, 5.98687449937609, 5.986874499373313, 5.986874499378923, 5.9868744993730845, 5.986874499379382, 5.986874499374641, 5.986874499374157, 5.986874499375394, 5.986874499374032, 5.986874499374664, 5.986874499373973, 5.986874499374262, 5.986874499374494, 5.986874499374853, 5.986874499374621, 5.985704022127023, 5.985704022146976, 5.98570402214662, 5.9857040221234366, 5.985704022078973, 5.985704022078749, 5.985704022124608, 5.985704022129238, 5.985704022119998, 5.985704022129648, 5.985704022119178, 5.985704022127023, 5.98570402212785, 5.985704022125946, 5.985704022128128, 5.985704022127023, 5.9857040221282, 5.985704022127629, 5.985704022127358, 5.985704022126681, 5.985704022127142, 5.983031630924094, 5.983031630892945, 5.983031630892939, 5.983031630929865, 5.983031630999575, 5.983031630999379, 5.98303163092771, 5.983031630920621, 5.983031630935659, 5.983031630919778, 5.983031630936774, 5.983031630924195, 5.983031630922663, 5.98303163092603, 5.983031630922276, 5.983031630924098, 5.983031630922256, 5.983031630922897, 5.983031630923565, 5.98303163092468, 5.983031630923865, 5.979425201351229, 5.979425201394301, 5.979425201393799, 5.979425201343609, 5.979425201251465, 5.979425201251215, 5.979425201346473, 5.979425201355929, 5.97942520133476, 5.9794252013571825, 5.979425201332678, 5.9794252013507, 5.9794252013533296, 5.979425201348222, 5.979425201354195, 5.979425201351224, 5.979425201354113, 5.979425201352778, 5.979425201352229, 5.97942520135019, 5.979425201351857, 5.980284012206975, 5.980284012165064, 5.980284012165093, 5.980284012213999, 5.980284012300064, 5.980284012299868, 5.980284012210872, 5.980284012202607, 5.980284012225314, 5.980284012200564, 5.980284012227008, 5.980284012208343, 5.9802840122041525, 5.980284012210937, 5.980284012203157, 5.980284012206966, 5.980284012203815, 5.980284012204483, 5.980284012205496, 5.980284012208512, 5.980284012205609, 5.986109441839237, 5.986109441856213, 5.986109441856009, 5.98610944183518, 5.986109441800066, 5.986109441799811, 5.9861094418386855, 5.9861094418412995, 5.986109441827763, 5.986109441843309, 5.986109441826304, 5.986109441837122, 5.986109441841489, 5.9861094418358505, 5.9861094418426415, 5.986109441839241, 5.986109441841772, 5.986109441841482, 5.986109441841011, 5.986109441837446, 5.986109441841424, 5.986652173981066, 5.986652173998469, 5.986652173998134, 5.986652173980121, 5.9866521739485705, 5.986652173948311, 5.986652173978648, 5.986652173982229, 5.986652173978677, 5.986652173982494, 5.986652173978787, 5.9866521739824785, 5.986652173980754, 5.986652173981731, 5.98665217398044, 5.986652173981055, 5.986652173980807, 5.986652173980293, 5.98665217398022, 5.98665217398191, 5.986652173979563, 5.982728760760608, 5.982728760726762, 5.982728760726757, 5.982728760766877, 5.9827287608362205, 5.9827287608360376, 5.982728760763533, 5.982728760756979, 5.982728760776136, 5.9827287607547355, 5.9827287607776904, 5.982728760761938, 5.982728760758227, 5.982728760764068, 5.982728760757274, 5.9827287607606054, 5.982728760757803, 5.982728760758571, 5.982728760759314, 5.9827287607619475, 5.982728760759397, 5.984226256541089, 5.984226256565466, 5.98422625656527, 5.984226256534227, 5.984226256482292, 5.984226256482026, 5.9842262565403015, 5.9842262565443685, 5.98422625652266, 5.984226256546719, 5.984226256520131, 5.9842262565373, 5.9842262565449005, 5.984226256535352, 5.984226256546838, 5.984226256541094, 5.984226256545281, 5.984226256545074, 5.984226256544207, 5.984226256537945, 5.984226256545052, 5.987375903480334, 5.987375903482383, 5.987375903482078, 5.987375903481731, 5.987375903479003, 5.987375903478787, 5.987375903478203, 5.987375903479822, 5.987375903487148, 5.987375903478414, 5.987375903488393, 5.987375903483873, 5.987375903478064, 5.987375903484108, 5.987375903476626, 5.987375903480339, 5.987375903477659, 5.987375903477461, 5.987375903477721, 5.9873759034829535, 5.987375903476507, 5.985185161940972, 5.985185161916697, 5.9851851619166885, 5.985185161945468, 5.985185161993435, 5.985185161993215, 5.985185161943547, 5.985185161938596, 5.985185161952686, 5.98518516193758, 5.985185161953773, 5.985185161941089, 5.985185161939819, 5.985185161942679, 5.985185161939372, 5.985185161940971, 5.9851851619396115, 5.98518516194024, 5.98518516194081, 5.9851851619411836, 5.985185161941372, 5.984410797259617, 5.984410797283128, 5.984410797282978, 5.984410797253435, 5.984410797204797, 5.984410797204535, 5.9844107972595015, 5.984410797262715, 5.984410797239549, 5.984410797266056, 5.984410797236974, 5.984410797255354, 5.984410797263775, 5.984410797253344, 5.984410797265904, 5.984410797259622, 5.984410797264128, 5.984410797263871, 5.984410797262935, 5.984410797256267, 5.984410797263816, 5.987091351565563, 5.987091351562913, 5.9870913515625945, 5.987091351568862, 5.987091351578173, 5.987091351577956, 5.987091351563305, 5.987091351564067, 5.987091351575013, 5.98709135156193, 5.987091351576895, 5.98709135157082, 5.987091351561716, 5.987091351571695, 5.987091351559492, 5.987091351565549, 5.987091351561216, 5.987091351561127, 5.9870913515614665, 5.98709135156969, 5.98709135155946, 5.986419010511534, 5.986419010495896, 5.986419010495896, 5.98641901051457, 5.98641901054733, 5.986419010547118, 5.986419010514331, 5.98641901051028, 5.986419010521189, 5.986419010509632, 5.986419010521838, 5.986419010509812, 5.98641901051175, 5.986419010511033, 5.986419010512119, 5.986419010511538, 5.986419010512069, 5.986419010512434, 5.986419010512921, 5.986419010510159, 5.986419010514367, 5.985124196020532, 5.9851241960389165, 5.985124196038737, 5.985124196013501, 5.985124195972811, 5.985124195972544, 5.985124196020206, 5.985124196023358, 5.985124196001707, 5.985124196025657, 5.9851241959992185, 5.985124196016816, 5.985124196024492, 5.985124196014696, 5.985124196026385, 5.985124196020537, 5.985124196024427, 5.9851241960241515, 5.985124196023193, 5.985124196017846, 5.9851241960237225, 5.986898919413728, 5.986898919406902, 5.986898919406565, 5.986898919416791, 5.986898919431213, 5.986898919430967, 5.98689891941094, 5.986898919411912, 5.986898919423233, 5.986898919409, 5.986898919425174, 5.986898919419927, 5.9868989194091276, 5.9868989194211375, 5.986898919406407, 5.98689891941373, 5.986898919408332, 5.986898919408681, 5.986898919408879, 5.986898919418589, 5.986898919406404, 5.986953169841847, 5.9869531698336065, 5.986953169833625, 5.986953169845682, 5.986953169865673, 5.986953169865453, 5.986953169845104, 5.986953169841385, 5.986953169850675, 5.986953169842321, 5.986953169851053, 5.986953169838081, 5.986953169843222, 5.986953169839381, 5.986953169844393, 5.9869531698418434, 5.986953169844239, 5.9869531698445675, 5.986953169845164, 5.986953169838562, 5.986953169847781, 5.9858390982973715, 5.985839098312384, 5.985839098312217, 5.985839098291818, 5.9858390982582526, 5.985839098257985, 5.985839098296421, 5.985839098299442, 5.985839098279819, 5.98583909830189, 5.985839098277932, 5.985839098295465, 5.985839098300505, 5.985839098292952, 5.985839098301821, 5.985839098297373, 5.985839098299876, 5.985839098299194, 5.985839098298307, 5.985839098296413, 5.985839098297815, 5.986871084063239, 5.986871084054606, 5.986871084054277, 5.986871084065442, 5.986871084083389, 5.986871084083162, 5.986871084060866, 5.986871084061296, 5.986871084071115, 5.986871084058277, 5.986871084072841, 5.986871084069386, 5.986871084058387, 5.986871084070891, 5.986871084055664, 5.986871084063236, 5.986871084057755, 5.98687108405844, 5.9868710840584445, 5.986871084068052, 5.986871084055896, 5.987129124021842, 5.987129124019162, 5.987129124019222, 5.987129124024368, 5.987129124035812, 5.987129124035597, 5.987129124025978, 5.9871291240222115, 5.987129124030675, 5.987129124023354, 5.987129124030682, 5.987129124016139, 5.9871291240241495, 5.987129124017562, 5.987129124026168, 5.987129124021839, 5.98712912402607, 5.987129124026282, 5.9871291240269375, 5.987129124016746, 5.987129124030718, 5.986416419997806, 5.986416420008206, 5.986416420007974, 5.9864164199925245, 5.986416419965892, 5.986416419965624, 5.986416419995464, 5.986416419999189, 5.986416419982611, 5.98641642000014, 5.986416419981377, 5.986416419998589, 5.986416419999773, 5.98641641999541, 5.986416420000244, 5.9864164199978, 5.986416419998274, 5.986416419997041, 5.98641641999625, 5.986416419999358, 5.9864164199943, 5.986980970481056, 5.986980970471174, 5.986980970470894, 5.98698097048339, 5.986980970501923, 5.986980970501701, 5.986980970479406, 5.98698097047928, 5.986980970487044, 5.986980970476563, 5.98698097048833, 5.986980970485804, 5.986980970476795, 5.9869809704876795, 5.986980970474501, 5.986980970481051, 5.986980970476436, 5.986980970477726, 5.986980970477573, 5.98698097048455, 5.9869809704757415, 5.987166875634497, 5.987166875636786, 5.987166875636875, 5.987166875637913, 5.987166875641054, 5.987166875640843, 5.98716687563888, 5.987166875635246, 5.987166875642432, 5.987166875637536, 5.987166875642284, 5.98716687562768, 5.987166875637252, 5.987166875629342, 5.987166875639698, 5.9871668756344985, 5.987166875639676, 5.987166875640058, 5.98716687564076, 5.987166875628239, 5.98716687564521, 5.986782663254988, 5.986782663261998, 5.986782663261723, 5.986782663250593, 5.986782663230558, 5.986782663230279, 5.98678266325114, 5.986782663255494, 5.986782663242113, 5.986782663255982, 5.986782663241714, 5.986782663258893, 5.986782663255525, 5.986782663255089, 5.986782663254946, 5.986782663254979, 5.986782663253019, 5.986782663251155, 5.986782663250562, 5.986782663259387, 5.986782663246965, 5.987148228392175, 5.98714822838225, 5.987148228382065, 5.987148228392931, 5.987148228412468, 5.987148228412245, 5.987148228392358, 5.987148228390923, 5.987148228396967, 5.987148228388917, 5.98714822839757, 5.987148228394126, 5.987148228389254, 5.987148228396481, 5.987148228387932, 5.987148228392172, 5.987148228389584, 5.987148228391341, 5.987148228391168, 5.987148228393186, 5.987148228390803, 5.987237612580821, 5.987237612585741, 5.987237612585804, 5.9872376125829305, 5.9872376125810485, 5.98723761258086, 5.987237612584823, 5.9872376125818745, 5.9872376125875695, 5.987237612583606, 5.98723761258729, 5.98723761257431, 5.987237612583458, 5.987237612575891, 5.9872376125858, 5.987237612580824, 5.987237612585885, 5.987237612586209, 5.987237612586838, 5.987237612574803, 5.987237612591059, 5.986960533365807, 5.986960533369502, 5.986960533369192, 5.986960533362814, 5.986960533348136, 5.986960533347874, 5.986960533360621, 5.986960533365638, 5.986960533355406, 5.986960533364793, 5.98696053335572, 5.98696053337223, 5.986960533365073, 5.986960533368099, 5.9869605333635665, 5.986960533365823, 5.986960533361857, 5.986960533359578, 5.986960533359124, 5.986960533372482, 5.986960533354218, 5.98724479507453, 5.9872447950661085, 5.987244795066035, 5.9872447950761485, 5.987244795093358, 5.9872447950931456, 5.987244795076794, 5.987244795073931, 5.987244795078444, 5.987244795073236, 5.987244795078419, 5.987244795072772, 5.987244795073523, 5.987244795075699, 5.98724479507343, 5.987244795074533, 5.9872447950747265, 5.98724479507696, 5.987244795076824, 5.987244795072251, 5.987244795078508, 5.9873947464779596, 5.98739474648412, 5.987394746484089, 5.987394746479637, 5.987394746473803, 5.987394746473602, 5.987394746480429, 5.9873947464788255, 5.987394746482582, 5.9873947464803585, 5.987394746482474, 5.987394746473736, 5.987394746479578, 5.987394746474886, 5.987394746481077, 5.987394746477964, 5.987394746481327, 5.987394746481451, 5.987394746481968, 5.987394746473965, 5.987394746484786, 5.987104762824178, 5.9871047628252905, 5.98710476282496, 5.987104762821362, 5.987104762812547, 5.987104762812301, 5.987104762818945, 5.987104762823625, 5.987104762816483, 5.987104762822577, 5.987104762817147, 5.987104762831422, 5.98710476282281, 5.98710476282744, 5.987104762820978, 5.987104762824188, 5.987104762819518, 5.987104762817059, 5.987104762816818, 5.987104762831541, 5.987104762811636, 5.987207522282328, 5.987207522275753, 5.987207522275809, 5.987207522283042, 5.987207522298577, 5.987207522298362, 5.987207522286588, 5.987207522282436, 5.987207522286131, 5.987207522282804, 5.9872075222854795, 5.987207522277101, 5.987207522283171, 5.987207522280361, 5.9872075222843595, 5.987207522282329, 5.987207522285263, 5.987207522287677, 5.987207522287655, 5.987207522277034, 5.987207522291238, 5.987505692743811, 5.987505692749702, 5.987505692749571, 5.987505692744731, 5.987505692736845, 5.987505692736614, 5.98750569274364, 5.98750569274414, 5.987505692745999, 5.987505692744205, 5.987505692746283, 5.987505692743498, 5.98750569274372, 5.987505692743834, 5.9875056927438335, 5.987505692743809, 5.987505692744245, 5.987505692744125, 5.987505692744335, 5.987505692743286, 5.9875056927448345, 5.9873431312194665, 5.9873431312195216, 5.987343131219264, 5.987343131218343, 5.987343131213149, 5.987343131212926, 5.9873431312154874, 5.987343131218896, 5.987343131214257, 5.987343131218089, 5.987343131214919, 5.987343131224923, 5.987343131218626, 5.987343131221682, 5.987343131217319, 5.987343131219464, 5.987343131216042, 5.987343131213884, 5.987343131213809, 5.9873431312251135, 5.98734313120988, 5.987180765315919, 5.987180765311099, 5.987180765311214, 5.987180765316973, 5.987180765329475, 5.987180765329256, 5.987180765320924, 5.987180765316352, 5.987180765319346, 5.987180765317565, 5.9871807653184375, 5.987180765309162, 5.98718076531773, 5.987180765312352, 5.987180765319538, 5.987180765315917, 5.987180765320187, 5.987180765322459, 5.987180765322503, 5.987180765309343, 5.987180765326897, 5.9874294864363184, 5.987429486441082, 5.987429486440815, 5.9874294864360085, 5.987429486427285, 5.9874294864270485, 5.987429486433714, 5.987429486436115, 5.987429486436402, 5.987429486435196, 5.987429486437068, 5.987429486439991, 5.987429486434423, 5.987429486439551, 5.987429486433129, 5.987429486436321, 5.987429486433766, 5.98742948643331, 5.9874294864332995, 5.987429486439334, 5.987429486431384, 5.987545048961333, 5.987545048960877, 5.987545048960733, 5.987545048960565, 5.987545048959352, 5.987545048959115, 5.987545048960203, 5.987545048961246, 5.9875450489589745, 5.987545048961557, 5.987545048959176, 5.987545048962814, 5.987545048961972, 5.987545048960691, 5.9875450489620325, 5.987545048961333, 5.987545048960843, 5.987545048959143, 5.987545048959312, 5.987545048963351, 5.987545048957869, 5.987339218303467, 5.9873392182996685, 5.987339218299707, 5.9873392183042515, 5.98733921831432, 5.987339218314096, 5.987339218307374, 5.987339218303799, 5.987339218305952, 5.987339218304578, 5.987339218305218, 5.987339218298281, 5.9873392183047995, 5.987339218300812, 5.987339218306192, 5.987339218303467, 5.987339218306733, 5.9873392183085725, 5.987339218308569, 5.987339218298385, 5.987339218311955, 5.9873205318575815, 5.987320531862235, 5.987320531861903, 5.9873205318572, 5.987320531847345, 5.987320531847089, 5.987320531853595, 5.987320531857149, 5.987320531856072, 5.987320531855453, 5.987320531856894, 5.987320531863107, 5.9873205318549125, 5.98732053186227, 5.987320531852959, 5.987320531857584, 5.987320531853582, 5.987320531853108, 5.987320531852926, 5.987320531862237, 5.987320531849868, 5.987519751439642, 5.98751975143883, 5.987519751438811, 5.987519751440051, 5.987519751442097, 5.987519751441851, 5.9875197514412015, 5.987519751440024, 5.987519751439815, 5.987519751441347, 5.987519751439522, 5.987519751436973, 5.987519751441957, 5.987519751435984, 5.9875197514433705, 5.987519751439649, 5.987519751442105, 5.987519751441074, 5.987519751441427, 5.987519751437853, 5.987519751442577, 5.98752827654125, 5.987528276537606, 5.987528276537494, 5.98752827654117, 5.987528276548362, 5.987528276548135, 5.9875282765424975, 5.987528276541112, 5.987528276542116, 5.987528276540862, 5.987528276541884, 5.987528276540084, 5.987528276540881, 5.987528276541634, 5.987528276540942, 5.987528276541238, 5.987528276541571, 5.9875282765427995, 5.987528276542673, 5.987528276539837, 5.9875282765436175, 5.9874028430154285, 5.987402843020524, 5.987402843020267, 5.987402843014671, 5.9874028430044826, 5.987402843004225, 5.987402843012569, 5.98740284301529, 5.987402843013876, 5.987402843014413, 5.987402843014398, 5.987402843019207, 5.987402843013627, 5.987402843018581, 5.987402843012317, 5.987402843015429, 5.9874028430127595, 5.987402843012367, 5.987402843012259, 5.987402843018589, 5.98740284301014, 5.987433441405664, 5.987433441403238, 5.987433441403318, 5.987433441406688, 5.987433441413024, 5.987433441412787, 5.987433441408456, 5.987433441406032, 5.987433441407447, 5.987433441407678, 5.987433441407044, 5.987433441401568, 5.9874334414083386, 5.987433441401279, 5.9874334414101344, 5.987433441405671, 5.987433441409018, 5.987433441408381, 5.98743344140881, 5.9874334414025405, 5.987433441410922, 5.987533789020968, 5.987533789019092, 5.987533789018911, 5.987533789020446, 5.987533789022546, 5.987533789022304, 5.987533789019632, 5.987533789020475, 5.987533789019712, 5.987533789019157, 5.987533789019924, 5.987533789023434, 5.987533789019142, 5.9875337890239875, 5.987533789018003, 5.9875337890209686, 5.987533789018695, 5.987533789019374, 5.987533789019084, 5.987533789022852, 5.987533789017778, 5.987514896361732, 5.987514896367031, 5.987514896366902, 5.987514896361572, 5.987514896353019, 5.9875148963527876, 5.987514896361384, 5.9875148963621285, 5.987514896361458, 5.9875148963622555, 5.987514896361429, 5.987514896361594, 5.987514896361751, 5.987514896361639, 5.987514896361865, 5.987514896361737, 5.987514896362024, 5.987514896361967, 5.987514896362006, 5.987514896361467, 5.9875148963621445, 5.987469080757742, 5.98746908075267, 5.987469080752672, 5.987469080758567, 5.987469080768337, 5.987469080768115, 5.987469080759226, 5.987469080757588, 5.987469080759678, 5.987469080758235, 5.987469080759627, 5.987469080755962, 5.987469080759103, 5.9874690807555675, 5.98746908075999, 5.987469080757733, 5.987469080759139, 5.987469080758601, 5.987469080758903, 5.987469080756596, 5.987469080759762, 5.987509198872947, 5.987509198874628, 5.9875091988744185, 5.987509198871774, 5.987509198867075, 5.987509198866836, 5.987509198871135, 5.9875091988727585, 5.987509198870422, 5.987509198871888, 5.9875091988705185, 5.9875091988755385, 5.987509198871347, 5.987509198875704, 5.987509198870254, 5.98750919887295, 5.9875091988707805, 5.987509198871272, 5.987509198870947, 5.9875091988749585, 5.987509198869501, 5.987545314350245, 5.987545314352869, 5.98754531435284, 5.987545314350904, 5.987545314348623, 5.98754531434837, 5.987545314351634, 5.987545314350666, 5.987545314351873, 5.9875453143515305, 5.9875453143516495, 5.987545314347935, 5.987545314351152, 5.987545314348572, 5.987545314352002, 5.987545314350247, 5.987545314352055, 5.987545314352254, 5.987545314352418, 5.987545314348098, 5.987545314353919, 5.987514379891221, 5.987514379886188, 5.987514379886088, 5.987514379891629, 5.987514379899602, 5.987514379899341, 5.987514379890691, 5.987514379890647, 5.987514379891545, 5.987514379890302, 5.98751437989185, 5.987514379892584, 5.987514379891076, 5.9875143798916595, 5.9875143798908494, 5.9875143798912225, 5.987514379890251, 5.987514379889517, 5.987514379889621, 5.987514379892821, 5.987514379888601, 5.987496970142467, 5.987496970147497, 5.987496970147373, 5.987496970141444, 5.9874969701324865, 5.987496970132244, 5.98749697014219, 5.9874969701429634, 5.9874969701402705, 5.987496970142915, 5.987496970139962, 5.987496970142226, 5.987496970142289, 5.987496970142733, 5.987496970142263, 5.987496970142475, 5.987496970142637, 5.9874969701432175, 5.987496970142987, 5.987496970141951, 5.987496970143162, 5.987538590777548, 5.987538590774978, 5.987538590774924, 5.987538590778465, 5.9875385907846725, 5.987538590784409, 5.987538590778321, 5.987538590777357, 5.987538590780359, 5.987538590777224, 5.9875385907804946, 5.987538590776907, 5.98753859077754, 5.987538590777456, 5.987538590777718, 5.987538590777548, 5.987538590777875, 5.987538590778056, 5.987538590778193, 5.987538590776907, 5.987538590778771, 5.9875753383719506, 5.987575338371331, 5.987575338371213, 5.987575338371488, 5.987575338371045, 5.987575338370798, 5.987575338371095, 5.987575338371842, 5.9875753383702275, 5.987575338371915, 5.987575338370302, 5.987575338373056, 5.987575338372199, 5.98757533837187, 5.987575338372096, 5.987575338371953, 5.987575338371386, 5.987575338370545, 5.987575338370572, 5.987575338373321, 5.987575338369577, 5.98755894114541, 5.987558941148621, 5.987558941148559, 5.987558941145198, 5.987558941140656, 5.9875589411403825, 5.987558941146016, 5.987558941145786, 5.9875589411451475, 5.987558941146045, 5.987558941144845, 5.987558941144231, 5.987558941145354, 5.987558941145333, 5.987558941145538, 5.987558941145409, 5.98755894114613, 5.987558941146992, 5.98755894114686, 5.98755894114396, 5.9875589411477605, 5.98752236600598, 5.9875223660019055, 5.9875223660018, 5.987522366006866, 5.987522366014471, 5.9875223660142085, 5.987522366005733, 5.987522366005448, 5.9875223660079895, 5.987522366004967, 5.987522366008339, 5.987522366006992, 5.987522366005443, 5.987522366006929, 5.987522366005095, 5.9875223660059795, 5.98752236600509, 5.987522366004858, 5.9875223660049794, 5.98752236600698, 5.987522366004455, 5.987519314627702, 5.98751931463143, 5.987519314631358, 5.98751931462677, 5.987519314619575, 5.987519314619317, 5.987519314627747, 5.9875193146282415, 5.987519314625107, 5.987519314629, 5.987519314624771, 5.9875193146268435, 5.987519314628873, 5.9875193146259855, 5.987519314629477, 5.987519314627708, 5.987519314628772, 5.987519314628171, 5.987519314628155, 5.987519314627253, 5.987519314628284, 5.987554898283668, 5.987554898281398, 5.987554898281278, 5.9875548982840545, 5.987554898289009, 5.987554898288765, 5.9875548982836, 5.9875548982832845, 5.987554898285557, 5.987554898282314, 5.987554898285721, 5.987554898284438, 5.987554898282323, 5.987554898285714, 5.98755489828169, 5.987554898283669, 5.987554898282608, 5.987554898283592, 5.9875548982834585, 5.987554898283882, 5.9875548982834195, 5.987586733936228, 5.9875867339367765, 5.98758673393674, 5.987586733936336, 5.987586733935487, 5.9875867339352515, 5.987586733936534, 5.98758673393639, 5.987586733935983, 5.987586733937001, 5.9875867339359, 5.9875867339354745, 5.9875867339371815, 5.987586733934791, 5.987586733937718, 5.987586733936228, 5.987586733937062, 5.9875867339364435, 5.987586733936578, 5.987586733935872, 5.987586733936784, 5.987582665970296, 5.987582665971424, 5.987582665971332, 5.987582665969897, 5.987582665967239, 5.987582665966974, 5.987582665969708, 5.987582665970305, 5.987582665968934, 5.9875826659702955, 5.987582665968937, 5.987582665970969, 5.987582665970126, 5.987582665970693, 5.987582665969962, 5.98758266597029, 5.987582665969844, 5.987582665969754, 5.987582665969647, 5.987582665970933, 5.98758266596916, 5.9875602932788174, 5.987560293276724, 5.987560293276671, 5.987560293279477, 5.987560293284698, 5.987560293284473, 5.987560293279475, 5.987560293278592, 5.987560293281018, 5.987560293278282, 5.987560293281067, 5.987560293278391, 5.9875602932782295, 5.98756029327959, 5.987560293278108, 5.98756029327882, 5.987560293278724, 5.987560293279546, 5.987560293279539, 5.987560293278102, 5.987560293280136, 5.987554686936413, 5.987554686939047, 5.987554686938979, 5.98755468693575, 5.987554686930263, 5.987554686930008, 5.987554686936044, 5.987554686936728, 5.987554686934343, 5.987554686937376, 5.987554686934242, 5.9875546869363445, 5.987554686937372, 5.987554686935065, 5.9875546869377985, 5.9875546869364085, 5.987554686936947, 5.987554686935997, 5.9875546869360585, 5.987554686936773, 5.987554686935694, 5.987568958243745, 5.987568958241236, 5.987568958241147, 5.9875689582440454, 5.98756895824886, 5.987568958248607, 5.987568958243607, 5.987568958243397, 5.987568958244946, 5.987568958242642, 5.987568958245112, 5.987568958244498, 5.987568958242806, 5.987568958245206, 5.9875689582423695, 5.987568958243743, 5.98756895824285, 5.987568958243406, 5.987568958243317, 5.987568958244173, 5.987568958243127, 5.987578998478549, 5.987578998480565, 5.987578998480512, 5.987578998478581, 5.987578998475964, 5.9875789984757315, 5.987578998479325, 5.987578998478902, 5.987578998478564, 5.987578998479392, 5.98757899847832, 5.9875789984770735, 5.987578998479214, 5.987578998477386, 5.987578998479771, 5.987578998478548, 5.987578998479702, 5.9875789984798855, 5.987578998479895, 5.9875789984771846, 5.987578998480776, 5.987572866645118, 5.987572866644008, 5.98757286664387, 5.987572866644923, 5.987572866645445, 5.987572866645202, 5.9875728666437436, 5.987572866644794, 5.987572866644019, 5.987572866644381, 5.987572866644323, 5.987572866647205, 5.987572866644627, 5.987572866646185, 5.9875728666441175, 5.987572866645112, 5.987572866643712, 5.987572866642986, 5.987572866642985, 5.987572866647227, 5.987572866641562, 5.9875598528229235, 5.987559852823342, 5.9875598528233445, 5.987559852823354, 5.987559852824899, 5.98755985282464, 5.987559852824696, 5.987559852823228, 5.987559852824611, 5.987559852823762, 5.987559852824288, 5.987559852820423, 5.987559852823465, 5.987559852821762, 5.987559852824139, 5.987559852822915, 5.987559852824539, 5.9875598528254175, 5.987559852825439, 5.987559852820402, 5.9875598528271565, 5.987553024896149, 5.987553024896339, 5.987553024896204, 5.987553024895538, 5.987553024893376, 5.987553024893124, 5.987553024894291, 5.987553024895863, 5.987553024894422, 5.9875530248952495, 5.987553024894734, 5.987553024898826, 5.987553024895304, 5.987553024897851, 5.987553024894513, 5.987553024896153, 5.9875530248942885, 5.987553024893697, 5.987553024893604, 5.987553024898687, 5.987553024891871, 5.98755387084174, 5.987553870841393, 5.987553870841423, 5.987553870842287, 5.987553870844662, 5.987553870844422, 5.987553870843559, 5.987553870842051, 5.987553870843125, 5.987553870842855, 5.987553870842834, 5.987553870839066, 5.987553870843017, 5.987553870839557, 5.987553870844001, 5.987553870841753, 5.987553870843763, 5.987553870843927, 5.9875538708440725, 5.987553870839402, 5.9875538708456775, 5.987558117440777, 5.987558117440886, 5.987558117440718, 5.987558117440406, 5.987558117439201, 5.987558117438935, 5.987558117439074, 5.9875581174404235, 5.987558117439923, 5.987558117439311, 5.987558117440234, 5.987558117443402, 5.987558117439231, 5.987558117443454, 5.987558117438151, 5.987558117440776, 5.987558117438656, 5.987558117438866, 5.987558117438649, 5.987558117442899, 5.987558117437228, 5.987560100189467, 5.987560100190268, 5.987560100190275, 5.98756010018969, 5.987560100189511, 5.987560100189256, 5.987560100191037, 5.987560100189903, 5.987560100189761, 5.987560100191035, 5.987560100189425, 5.987560100186837, 5.987560100191151, 5.987560100186711, 5.9875601001922885, 5.987560100189464, 5.987560100191673, 5.9875601001913346, 5.9875601001915415, 5.9875601001874035, 5.9875601001928835, 5.987553364198137, 5.987553364196253, 5.987553364196115, 5.987553364198056, 5.987553364200565, 5.987553364200287, 5.987553364196596, 5.987553364197586, 5.987553364198235, 5.987553364196485, 5.987553364198661, 5.987553364200853, 5.987553364196495, 5.987553364200919, 5.98755336419541, 5.9875533641981376, 5.987553364195881, 5.987553364196003, 5.987553364195877, 5.987553364200395, 5.987553364194439, 5.987529636912078, 5.987529636915341, 5.987529636915363, 5.987529636911975, 5.987529636907662, 5.987529636907401, 5.987529636913782, 5.98752963691277, 5.987529636911753, 5.987529636914031, 5.987529636911247, 5.987529636909002, 5.98752963691366, 5.987529636909358, 5.987529636914858, 5.9875296369120745, 5.987529636914558, 5.987529636914684, 5.987529636914786, 5.987529636909375, 5.987529636916508, 5.987480551081555, 5.987480551076912, 5.9874805510767715, 5.987480551081793, 5.98748055108838, 5.987480551088119, 5.9874805510794955, 5.987480551080649, 5.987480551081936, 5.987480551079206, 5.987480551082603, 5.987480551085327, 5.987480551079782, 5.987480551084707, 5.987480551078479, 5.987480551081549, 5.987480551078598, 5.987480551078174, 5.987480551078132, 5.987480551084988, 5.987480551075961, 5.987391818570689, 5.987391818576896, 5.987391818576948, 5.987391818570449, 5.98739181856207, 5.987391818561821, 5.98739181857336, 5.987391818571854, 5.987391818570312, 5.9873918185736725, 5.987391818569478, 5.987391818565755, 5.987391818572984, 5.987391818566628, 5.987391818574782, 5.987391818570685, 5.987391818574604, 5.987391818575074, 5.987391818575167, 5.9873918185661985, 5.987391818578028, 5.987222841880329, 5.987222841872462, 5.98722284187225, 5.987222841880488, 5.987222841891362, 5.987222841891082, 5.9872228418766085, 5.9872228418787525, 5.987222841880631, 5.987222841876097, 5.987222841881767, 5.987222841887067, 5.987222841876966, 5.987222841886213, 5.987222841874542, 5.987222841880327, 5.987222841874917, 5.987222841874451, 5.987222841874311, 5.987222841886364, 5.987222841870445, 5.98688282344207, 5.986882823452231, 5.9868828234524445, 5.986882823441995, 5.986882823428681, 5.9868828234284495, 5.986882823447436, 5.986882823444201, 5.986882823441825, 5.986882823448105, 5.986882823440335, 5.986882823432513, 5.986882823446992, 5.986882823433513, 5.986882823450665, 5.986882823442063, 5.986882823449826, 5.98688282345009, 5.9868828234504505, 5.986882823433687, 5.986882823455849, 5.98618222739648, 5.986182227383146, 5.9861822273827405, 5.986182227396415, 5.986182227413811, 5.9861822274135275, 5.986182227388762, 5.9861822273935, 5.986182227396498, 5.986182227387925, 5.986182227398701, 5.9861822274101515, 5.9861822273892145, 5.986182227408962, 5.9861822273840675, 5.986182227396478, 5.986182227385398, 5.986182227384962, 5.986182227384533, 5.986182227408427, 5.986182227376854, 5.984814450638825, 5.98481445065702, 5.984814450657494, 5.984814450638982, 5.98481445061628, 5.9848144506160486, 5.984814450650026, 5.984814450642994, 5.984814450639006, 5.984814450650804, 5.984814450636053, 5.9848144506192895, 5.984814450648808, 5.984814450621424, 5.984814450656265, 5.984814450638833, 5.984814450654603, 5.984814450655105, 5.984814450655879, 5.984814450621768, 5.9848144506669065, 5.982473032646947, 5.982473032622021, 5.982473032621337, 5.982473032646681, 5.982473032677797, 5.982473032677582, 5.9824730326315905, 5.982473032641361, 5.982473032646171, 5.9824730326307, 5.982473032650575, 5.982473032673296, 5.982473032633719, 5.982473032669771, 5.982473032624212, 5.9824730326469515, 5.982473032626002, 5.982473032624088, 5.982473032623478, 5.982473032670412, 5.98247303260835, 5.979705234704396, 5.979705234737871, 5.979705234738672, 5.979705234704505, 5.979705234662737, 5.9797052346625446, 5.979705234723403, 5.979705234711393, 5.979705234705095, 5.979705234724234, 5.979705234700346, 5.979705234671964, 5.97970523471905, 5.979705234677969, 5.979705234730766, 5.979705234704391, 5.979705234730038, 5.97970523473247, 5.979705234733537, 5.979705234675225, 5.979705234752441, 5.978591267502854, 5.978591267461557, 5.978591267460829, 5.978591267503288, 5.978591267557177, 5.978591267556962, 5.978591267484049, 5.978591267495409, 5.978591267502232, 5.9785912674822415, 5.978591267507995, 5.978591267534629, 5.978591267488828, 5.9785912675276265, 5.978591267478161, 5.9785912675028525, 5.978591267477859, 5.978591267473505, 5.978591267473289, 5.978591267532435, 5.978591267454219, 5.981029284233448, 5.981029284276496, 5.981029284276841, 5.98102928423218, 5.98102928417081, 5.981029284170526, 5.981029284244828, 5.981029284239757, 5.981029284231349, 5.981029284249574, 5.981029284227828, 5.981029284211613, 5.9810292842424895, 5.981029284216803, 5.981029284250024, 5.981029284233442, 5.981029284250933, 5.981029284253829, 5.981029284254278, 5.981029284212592, 5.981029284267725, 5.984394586979011, 5.984394586944813, 5.984394586944795, 5.984394586981544, 5.984394587037681, 5.9843945870374124, 5.984394586978066, 5.984394586975722, 5.984394586985348, 5.984394586971895, 5.984394586986395, 5.984394586984048, 5.984394586976752, 5.984394586983529, 5.984394586974617, 5.984394586979023, 5.9843945869735835, 5.9843945869744966, 5.984394586974489, 5.984394586983561, 5.98439458697192, 5.985746586207956, 5.985746586221383, 5.985746586220978, 5.985746586203799, 5.985746586172012, 5.985746586171714, 5.985746586198093, 5.985746586207666, 5.985746586196355, 5.985746586205753, 5.985746586197335, 5.985746586220053, 5.985746586205109, 5.98574658621461, 5.985746586201353, 5.985746586207957, 5.985746586199835, 5.985746586198192, 5.985746586197269, 5.985746586218633, 5.985746586189608, 5.984891803397916, 5.984891803410915, 5.984891803411569, 5.984891803402917, 5.984891803399318, 5.984891803399103, 5.984891803412402, 5.9848918034009415, 5.984891803413709, 5.9848918034076535, 5.9848918034119585, 5.984891803378503, 5.984891803405052, 5.984891803384688, 5.984891803411174, 5.984891803397916, 5.984891803412908, 5.984891803415653, 5.984891803416573, 5.984891803379269, 5.984891803429617, 5.98382005893152, 5.983820058898357, 5.983820058897978, 5.983820058926055, 5.983820058963855, 5.983820058963632, 5.983820058922493, 5.9838200589272965, 5.983820058915828, 5.983820058918263, 5.983820058917116, 5.983820058949475, 5.983820058923932, 5.9838200589457, 5.9838200589174235, 5.983820058931523, 5.983820058916841, 5.983820058916489, 5.983820058914611, 5.983820058948432, 5.983820058902485, 5.9842600298908355, 5.984260029929511, 5.984260029929621, 5.984260029895428, 5.984260029840276, 5.98426002983999, 5.984260029894033, 5.984260029894465, 5.984260029900002, 5.9842600299008435, 5.984260029900176, 5.984260029882436, 5.9842600298961655, 5.984260029881568, 5.984260029900064, 5.984260029890835, 5.984260029899993, 5.984260029896618, 5.984260029898267, 5.984260029883362, 5.984260029903779, 5.985739127148548, 5.985739127121547, 5.985739127121646, 5.9857391271488085, 5.9857391271938525, 5.985739127193561, 5.985739127152055, 5.985739127146854, 5.985739127150485, 5.985739127145128, 5.98573912714958, 5.985739127146048, 5.985739127147819, 5.985739127149895, 5.985739127147304, 5.985739127148545, 5.985739127148055, 5.985739127152046, 5.985739127151317, 5.985739127145827, 5.985739127153156, 5.986601065519517, 5.986601065521508, 5.98660106552116, 5.986601065513896, 5.986601065500851, 5.986601065500527, 5.986601065511258, 5.986601065518758, 5.986601065506053, 5.986601065516506, 5.986601065506163, 5.986601065528718, 5.98660106551663, 5.986601065525892, 5.986601065513191, 5.986601065519515, 5.986601065512125, 5.9866010655121125, 5.9866010655109685, 5.98660106552804, 5.986601065504498, 5.9855793806810205, 5.985579380704563, 5.985579380704798, 5.9855793806889865, 5.985579380667236, 5.9855793806670015, 5.985579380686755, 5.98557938068328, 5.985579380702143, 5.9855793806893685, 5.985579380702892, 5.985579380670079, 5.9855793806864, 5.985579380671255, 5.985579380690832, 5.9855793806810205, 5.985579380690936, 5.985579380688099, 5.985579380690525, 5.98557938067152, 5.985579380698061, 5.9846855388377564, 5.984685538802784, 5.984685538802621, 5.984685538829646, 5.9846855388742695, 5.984685538873989, 5.984685538835146, 5.984685538835024, 5.984685538818533, 5.9846855388284474, 5.984685538817173, 5.984685538845098, 5.984685538833003, 5.984685538846186, 5.984685538829417, 5.984685538837755, 5.98468553882974, 5.984685538833115, 5.984685538830684, 5.984685538844841, 5.984685538824664, 5.986023701132646, 5.986023701160322, 5.9860237011602795, 5.986023701136445, 5.986023701095957, 5.986023701095678, 5.9860237011333295, 5.986023701134806, 5.986023701139553, 5.986023701138205, 5.9860237011400965, 5.986023701129187, 5.986023701134464, 5.986023701128873, 5.986023701136441, 5.986023701132655, 5.98602370113726, 5.986023701134701, 5.986023701135756, 5.986023701129524, 5.986023701138296, 5.987234402135187, 5.9872344021286885, 5.987234402128742, 5.987234402139499, 5.987234402153173, 5.987234402152904, 5.987234402136604, 5.987234402134483, 5.98723440214446, 5.987234402134784, 5.987234402145237, 5.987234402134488, 5.9872344021353685, 5.98723440213444, 5.98723440213602, 5.987234402135184, 5.987234402136064, 5.987234402134684, 5.987234402135452, 5.987234402134936, 5.987234402136191, 5.986517145596537, 5.986517145579911, 5.986517145579771, 5.986517145587516, 5.986517145602999, 5.986517145602696, 5.986517145594699, 5.986517145595775, 5.986517145576775, 5.986517145592783, 5.986517145574723, 5.986517145600119, 5.9865171455945845, 5.9865171456002555, 5.986517145592906, 5.986517145596529, 5.986517145592345, 5.986517145595305, 5.98651714559315, 5.986517145599918, 5.986517145589566, 5.985794665431136, 5.985794665458849, 5.985794665458883, 5.985794665438945, 5.985794665407722, 5.985794665407458, 5.985794665433201, 5.985794665433022, 5.9857946654503476, 5.985794665437101, 5.985794665451669, 5.985794665425436, 5.985794665433322, 5.9857946654262335, 5.985794665436059, 5.985794665431142, 5.985794665436985, 5.98579466543492, 5.985794665436884, 5.985794665425372, 5.985794665441936, 5.986447302372349, 5.986447302350523, 5.986447302350378, 5.986447302369542, 5.986447302399625, 5.986447302399356, 5.986447302368768, 5.986447302370128, 5.986447302365464, 5.98644730236644, 5.9864473023656135, 5.986447302379027, 5.986447302369801, 5.986447302377151, 5.986447302367632, 5.986447302372361, 5.986447302366214, 5.986447302366572, 5.986447302365806, 5.986447302378894, 5.986447302361014, 5.987063155595683, 5.987063155601907, 5.987063155601984, 5.987063155591609, 5.987063155579353, 5.987063155579026, 5.987063155598705, 5.987063155597336, 5.987063155586355, 5.987063155599854, 5.987063155584173, 5.987063155590113, 5.987063155598186, 5.987063155591243, 5.987063155600152, 5.987063155595688, 5.987063155599652, 5.987063155601748, 5.987063155600941, 5.987063155590407, 5.987063155603788, 5.986778544477519, 5.986778544487224, 5.986778544487107, 5.986778544486107, 5.9867785444783355, 5.9867785444780734, 5.986778544475753, 5.98677854447692, 5.986778544496723, 5.986778544476562, 5.986778544499227, 5.986778544480351, 5.986778544475282, 5.9867785444804795, 5.986778544474591, 5.98677854447751, 5.9867785444761505, 5.986778544474379, 5.986778544475882, 5.986778544479144, 5.986778544476096, 5.986791898079119, 5.98679189806174, 5.986791898061734, 5.986791898072, 5.986791898090166, 5.986791898089878, 5.986791898078971, 5.986791898078534, 5.986791898063447, 5.986791898076864, 5.986791898061812, 5.986791898081173, 5.986791898079617, 5.986791898079135, 5.986791898079182, 5.986791898079106, 5.986791898077092, 5.986791898077604, 5.98679189807632, 5.986791898081931, 5.986791898073368, 5.987117068283516, 5.9871170682965005, 5.987117068296609, 5.987117068284393, 5.987117068267829, 5.987117068267567, 5.98711706828752, 5.9871170682851975, 5.9871170682856985, 5.98711706828776, 5.98711706828484, 5.987117068277275, 5.987117068285657, 5.987117068279328, 5.987117068287735, 5.987117068283518, 5.987117068288548, 5.9871170682894075, 5.987117068289604, 5.987117068277413, 5.987117068293744, 5.986777677061062, 5.986777677058213, 5.986777677057977, 5.986777677067062, 5.986777677075436, 5.986777677075196, 5.986777677055913, 5.986777677058902, 5.986777677072913, 5.986777677055522, 5.986777677075607, 5.986777677069472, 5.986777677056468, 5.986777677068826, 5.986777677053366, 5.98677767706106, 5.98677767705458, 5.986777677053127, 5.98677767705394, 5.9867776770681695, 5.98677767705013, 5.986634118734178, 5.986634118730728, 5.986634118730919, 5.986634118726235, 5.9866341187259176, 5.986634118725593, 5.986634118738406, 5.986634118735876, 5.986634118717302, 5.9866341187393335, 5.986634118714092, 5.986634118726796, 5.986634118739558, 5.986634118726012, 5.986634118742399, 5.986634118734187, 5.986634118739577, 5.986634118740534, 5.986634118739614, 5.986634118728724, 5.9866341187420495, 5.987328453995249, 5.987328453998799, 5.987328453998611, 5.987328453999102, 5.987328453997612, 5.987328453997343, 5.987328453992707, 5.987328453994492, 5.987328454005262, 5.987328453992521, 5.98732845400671, 5.987328453998478, 5.987328453992249, 5.987328454000181, 5.987328453990378, 5.987328453995246, 5.987328453992281, 5.98732845399282, 5.987328453993316, 5.987328453997195, 5.987328453992708, 5.987586759692885, 5.9875867596927606, 5.987586759692702, 5.987586759694755, 5.9875867596957155, 5.98758675969544, 5.987586759691738, 5.987586759692484, 5.987586759696513, 5.987586759692159, 5.987586759697202, 5.98758675969431, 5.987586759692542, 5.987586759693816, 5.987586759692002, 5.987586759692885, 5.987586759691959, 5.987586759690962, 5.987586759691385, 5.987586759694361, 5.9875867596906724, 5.987051667365497, 5.9870516673630645, 5.9870516673632235, 5.9870516673598395, 5.98705166735885, 5.9870516673585445, 5.987051667369261, 5.987051667366782, 5.987051667352287, 5.987051667369396, 5.98705166734988, 5.987051667360043, 5.987051667369345, 5.987051667359585, 5.987051667371479, 5.987051667365495, 5.987051667369863, 5.987051667370199, 5.987051667369442, 5.987051667361537, 5.98705166737115, 5.986922614176109, 5.9869226141766445, 5.986922614176393, 5.986922614181998, 5.986922614186074, 5.986922614185821, 5.986922614172282, 5.986922614174377, 5.986922614188569, 5.986922614170759, 5.986922614190978, 5.986922614183095, 5.986922614170866, 5.986922614184407, 5.986922614167872, 5.986922614176114, 5.986922614170678, 5.986922614170361, 5.986922614170883, 5.986922614181326, 5.986922614168364, 5.987267457217827, 5.987267457223639, 5.987267457223778, 5.987267457215928, 5.987267457207255, 5.987267457206974, 5.987267457221553, 5.987267457219405, 5.987267457214727, 5.987267457222545, 5.98726745721342, 5.987267457211585, 5.987267457221853, 5.987267457211183, 5.98726745722451, 5.98726745721783, 5.987267457223374, 5.987267457222627, 5.9872674572227895, 5.987267457212857, 5.9872674572258235, 5.987287758007449, 5.987287757996005, 5.987287757995851, 5.987287758003922, 5.987287758016572, 5.9872877580163015, 5.987287758004829, 5.987287758006482, 5.987287758000249, 5.9872877580040225, 5.98728775800003, 5.987287758011547, 5.987287758006092, 5.987287758010363, 5.987287758004602, 5.987287758007448, 5.987287758003821, 5.9872877580041814, 5.987287758003455, 5.9872877580114325, 5.987287758000395, 5.987231505303798, 5.987231505315079, 5.987231505315005, 5.987231505309595, 5.98723150529854, 5.98723150529828, 5.987231505304288, 5.987231505304085, 5.987231505315342, 5.98723150530526, 5.987231505316346, 5.987231505302144, 5.987231505303047, 5.987231505304344, 5.98723150530329, 5.987231505303798, 5.987231505305084, 5.987231505305668, 5.9872315053064185, 5.9872315053011524, 5.987231505308947, 5.987493774087867, 5.987493774083002, 5.98749377408301, 5.987493774084556, 5.987493774088682, 5.987493774088389, 5.987493774087884, 5.987493774087961, 5.987493774080282, 5.987493774088829, 5.987493774079485, 5.987493774087775, 5.987493774089372, 5.987493774085905, 5.9874937740898995, 5.987493774087866, 5.987493774088133, 5.987493774087528, 5.987493774087221, 5.987493774088503, 5.987493774086289, 5.987593901317082, 5.987593901313241, 5.987593901313174, 5.987593901315825, 5.987593901321661, 5.9875939013213895, 5.987593901316507, 5.987593901316706, 5.987593901315804, 5.987593901315347, 5.987593901315831, 5.987593901318828, 5.987593901315987, 5.9875939013188475, 5.987593901315377, 5.987593901317083, 5.987593901315569, 5.987593901315973, 5.987593901315681, 5.987593901318493, 5.987593901314682, 5.987325634613873, 5.987325634624795, 5.987325634624794, 5.987325634617703, 5.987325634605913, 5.98732563460566, 5.987325634615665, 5.987325634614648, 5.987325634622299, 5.987325634615631, 5.987325634622795, 5.987325634611116, 5.987325634614123, 5.987325634612646, 5.9873256346151305, 5.987325634613877, 5.9873256346164245, 5.987325634616426, 5.987325634617033, 5.987325634610701, 5.9873256346196735, 5.987208510008006, 5.987208509995209, 5.987208509995128, 5.987208510004485, 5.987208510017647, 5.987208510017376, 5.987208510005781, 5.987208510007066, 5.987208509998905, 5.987208510005124, 5.987208509998652, 5.987208510012023, 5.987208510007537, 5.987208510009521, 5.9872085100065595, 5.987208510007997, 5.987208510004828, 5.9872085100041055, 5.987208510003487, 5.987208510012514, 5.9872085099999435, 5.987359041547644, 5.9873590415567675, 5.987359041556839, 5.987359041549257, 5.987359041538445, 5.987359041538168, 5.987359041550668, 5.987359041548772, 5.9873590415511, 5.987359041551276, 5.987359041550647, 5.987359041542547, 5.987359041549068, 5.987359041544631, 5.9873590415506905, 5.98735904154764, 5.9873590415514615, 5.98735904155244, 5.987359041552757, 5.987359041542518, 5.987359041556305, 5.9873749859483585, 5.987374985944763, 5.9873749859445855, 5.987374985949926, 5.987374985956341, 5.987374985956055, 5.987374985944678, 5.987374985947035, 5.987374985952171, 5.987374985944829, 5.987374985953565, 5.98737498595396, 5.98737498594543, 5.987374985953326, 5.987374985943441, 5.987374985948357, 5.987374985943774, 5.987374985943269, 5.98737498594348, 5.98737498595322, 5.987374985940619, 5.987301554296131, 5.987301554296126, 5.987301554296273, 5.987301554292013, 5.987301554290513, 5.98730155429021, 5.987301554299428, 5.987301554297366, 5.987301554288334, 5.987301554299972, 5.987301554286611, 5.987301554290637, 5.987301554299868, 5.987301554290191, 5.98730155430212, 5.987301554296133, 5.987301554300419, 5.987301554300568, 5.987301554300283, 5.9873015542919585, 5.987301554302476, 5.987415247034462, 5.987415247035027, 5.987415247034851, 5.987415247037714, 5.987415247038858, 5.987415247038596, 5.987415247031604, 5.987415247033473, 5.987415247040727, 5.987415247030716, 5.987415247042139, 5.987415247038792, 5.987415247031183, 5.987415247039677, 5.9874152470293085, 5.987415247034458, 5.987415247030803, 5.987415247031084, 5.987415247031228, 5.987415247037665, 5.987415247029615, 5.987582506982914, 5.987582506984698, 5.98758250698479, 5.987582506982833, 5.98758250697995, 5.987582506979659, 5.987582506984831, 5.987582506983517, 5.987582506981949, 5.987582506985056, 5.987582506981472, 5.987582506979986, 5.987582506984717, 5.987582506979941, 5.9875825069859445, 5.987582506982911, 5.987582506985437, 5.987582506985085, 5.987582506985197, 5.987582506980614, 5.987582506986645, 5.9875761403607, 5.987576140355976, 5.987576140355942, 5.987576140358339, 5.987576140362776, 5.987576140362501, 5.987576140360193, 5.987576140360452, 5.987576140356103, 5.987576140360064, 5.987576140355839, 5.987576140361978, 5.987576140360604, 5.987576140361191, 5.987576140360255, 5.987576140360698, 5.987576140359665, 5.987576140359467, 5.987576140359141, 5.987576140362248, 5.987576140357839, 5.987522317479089, 5.987522317484384, 5.987522317484332, 5.98752231748218, 5.987522317478078, 5.987522317477804, 5.987522317479202, 5.987522317479049, 5.987522317486059, 5.987522317479066, 5.987522317486831, 5.987522317479035, 5.987522317477946, 5.987522317480563, 5.987522317477647, 5.987522317479092, 5.987522317479058, 5.987522317479431, 5.98752231747981, 5.987522317478344, 5.987522317480784, 5.987578959299848, 5.987578959296798, 5.987578959296816, 5.98757895929766, 5.987578959300313, 5.987578959300008, 5.9875789593001265, 5.98757895930005, 5.987578959294748, 5.987578959300486, 5.987578959294157, 5.987578959299106, 5.987578959301307, 5.987578959297906, 5.987578959301847, 5.987578959299849, 5.987578959300562, 5.987578959300159, 5.987578959299906, 5.987578959299792, 5.98757895929963, 5.9876381200926705, 5.9876381200921145, 5.987638120092045, 5.987638120092829, 5.987638120093764, 5.987638120093478, 5.987638120091635, 5.987638120092436, 5.98763812009294, 5.987638120091439, 5.987638120093198, 5.987638120093928, 5.987638120091867, 5.987638120094114, 5.987638120091271, 5.987638120092671, 5.987638120091526, 5.9876381200919075, 5.987638120091759, 5.987638120093569, 5.987638120091216, 5.987583290225583, 5.987583290229943, 5.987583290229951, 5.987583290227394, 5.987583290223583, 5.987583290223312, 5.987583290226616, 5.987583290225903, 5.9875832902297965, 5.987583290226777, 5.987583290230014, 5.987583290223915, 5.987583290225836, 5.987583290224893, 5.987583290226322, 5.987583290225589, 5.987583290226934, 5.987583290227181, 5.987583290227441, 5.987583290223702, 5.987583290228962, 5.987507019601865, 5.987507019595194, 5.987507019595125, 5.987507019599025, 5.987507019605359, 5.987507019605072, 5.987507019600543, 5.987507019601425, 5.987507019595813, 5.987507019600768, 5.987507019595622, 5.987507019604315, 5.987507019601778, 5.9875070196025435, 5.987507019601244, 5.987507019601865, 5.987507019600137, 5.987507019599448, 5.9875070195990565, 5.987507019604646, 5.987507019596866, 5.987497892431153, 5.987497892438011, 5.987497892438036, 5.987497892433361, 5.987497892426399, 5.987497892426124, 5.987497892433461, 5.987497892431837, 5.987497892435711, 5.987497892433217, 5.987497892435673, 5.987497892427798, 5.9874978924317155, 5.9874978924296505, 5.987497892432681, 5.987497892431155, 5.987497892433802, 5.987497892434507, 5.987497892434735, 5.987497892427535, 5.987497892437392, 5.987467764727003, 5.9874677647210675, 5.9874677647209325, 5.987467764726795, 5.987467764733917, 5.987467764733635, 5.987467764724001, 5.987467764725973, 5.987467764725897, 5.987467764723576, 5.987467764726658, 5.987467764731804, 5.987467764725195, 5.987467764730393, 5.987467764723665, 5.987467764727, 5.987467764723351, 5.987467764722631, 5.987467764722447, 5.9874677647315355, 5.987467764719479, 5.987308328713285, 5.98730832871894, 5.987308328719083, 5.987308328711736, 5.987308328704113, 5.987308328703824, 5.987308328717269, 5.987308328714781, 5.987308328710695, 5.987308328717801, 5.987308328709382, 5.98730832870673, 5.987308328716658, 5.987308328707491, 5.9873083287191085, 5.987308328713293, 5.987308328718531, 5.987308328718981, 5.987308328718954, 5.987308328707578, 5.987308328722509, 5.986998550597711, 5.986998550590556, 5.9869985505903065, 5.9869985505998855, 5.9869985506109495, 5.986998550610675, 5.986998550592213, 5.986998550595636, 5.986998550602202, 5.9869985505914025, 5.9869985506041505, 5.986998550606446, 5.986998550592789, 5.986998550606051, 5.986998550589434, 5.986998550597711, 5.986998550590504, 5.986998550590282, 5.986998550590312, 5.9869985506050964, 5.98699855058587, 5.986484739324656, 5.98648473933623, 5.986484739336533, 5.986484739322609, 5.98648473930627, 5.986484739305975, 5.986484739331759, 5.9864847393273966, 5.986484739320584, 5.986484739333694, 5.986484739318364, 5.9864847393129175, 5.986484739330899, 5.986484739313907, 5.986484739335437, 5.986484739324654, 5.986484739334239, 5.986484739334408, 5.98648473933466, 5.986484739314615, 5.9864847393409315, 5.985501986226437, 5.985501986207429, 5.985501986207046, 5.98550198622758, 5.9855019862529915, 5.9855019862527605, 5.985501986216998, 5.985501986222768, 5.9855019862280185, 5.985501986214536, 5.985501986230803, 5.985501986241941, 5.9855019862186385, 5.9855019862399566, 5.985501986212978, 5.985501986226439, 5.985501986213763, 5.985501986212925, 5.985501986212608, 5.985501986240262, 5.985501986203778, 5.983652281732939, 5.983652281762052, 5.98365228176256, 5.983652281733067, 5.983652281695447, 5.983652281695139, 5.983652281745689, 5.983652281737923, 5.983652281734085, 5.9836522817482045, 5.983652281731143, 5.983652281712073, 5.983652281742167, 5.98365228171602, 5.983652281749819, 5.9836522817329385, 5.983652281749967, 5.983652281750915, 5.983652281751736, 5.983652281714088, 5.983652281764104, 5.9806201460937825, 5.980620146053229, 5.9806201460526704, 5.98062014609283, 5.980620146145623, 5.980620146145428, 5.980620146077862, 5.980620146087361, 5.980620146090428, 5.980620146073406, 5.980620146094751, 5.9806201461200175, 5.980620146081988, 5.980620146114738, 5.980620146072893, 5.980620146093782, 5.9806201460724395, 5.98062014606993, 5.980620146069337, 5.980620146118222, 5.980620146053276, 5.977518661229862, 5.97751866128022, 5.977518661280961, 5.9775186612305475, 5.977518661164329, 5.977518661163977, 5.977518661248481, 5.977518661237681, 5.977518661232319, 5.977518661254595, 5.977518661228296, 5.977518661198773, 5.977518661243162, 5.977518661205089, 5.977518661254496, 5.977518661229864, 5.977518661255386, 5.9775186612566635, 5.977518661258184, 5.977518661201434, 5.977518661276974, 5.976929548890549, 5.976929548838045, 5.976929548837402, 5.976929548891085, 5.97692954896237, 5.976929548962198, 5.9769295488722864, 5.976929548882582, 5.976929548890364, 5.976929548865136, 5.976929548895391, 5.976929548920307, 5.976929548876254, 5.97692954891565, 5.976929548865519, 5.976929548890553, 5.976929548865473, 5.976929548864214, 5.97692954886356, 5.976929548917552, 5.976929548845975, 5.98152556467255, 5.981525564712233, 5.981525564712718, 5.9815255646704335, 5.981525564613279, 5.981525564612879, 5.981525564683768, 5.981525564678578, 5.981525564667906, 5.981525564692494, 5.981525564664434, 5.981525564651852, 5.981525564683648, 5.981525564653356, 5.981525564691665, 5.9815255646725545, 5.981525564690119, 5.981525564690414, 5.981525564691174, 5.98152556465381, 5.981525564703287, 5.986641553864643, 5.986641553850206, 5.986641553850087, 5.986641553868343, 5.986641553892407, 5.986641553892135, 5.986641553861375, 5.986641553862325, 5.986641553873368, 5.986641553857626, 5.9866415538748905, 5.986641553871069, 5.986641553861044, 5.986641553871277, 5.986641553858067, 5.986641553864652, 5.9866415538586635, 5.9866415538603786, 5.986641553860205, 5.986641553869076, 5.986641553857852, 5.986693393030644, 5.986693393016226, 5.9866933930160355, 5.986693393025823, 5.986693393041614, 5.986693393041335, 5.986693393025142, 5.986693393028622, 5.986693393021324, 5.986693393022886, 5.986693393021746, 5.98669339304106, 5.986693393026965, 5.986693393038258, 5.986693393023102, 5.986693393030644, 5.986693393022249, 5.986693393022989, 5.9866933930215085, 5.986693393039768, 5.986693393014916, 5.983120568911634, 5.98312056894744, 5.983120568948146, 5.9831205689150675, 5.983120568871109, 5.983120568870763, 5.98312056892554, 5.9831205689167355, 5.98312056891773, 5.98312056892916, 5.983120568915628, 5.983120568891844, 5.983120568921633, 5.9831205688938764, 5.98312056892934, 5.983120568911628, 5.9831205689295075, 5.9831205689280775, 5.983120568929301, 5.983120568893892, 5.983120568941434, 5.981773693341332, 5.981773693302349, 5.981773693301846, 5.981773693341544, 5.981773693393806, 5.981773693393597, 5.981773693328959, 5.981773693335425, 5.981773693340816, 5.981773693321192, 5.9817736933441985, 5.981773693363584, 5.981773693330038, 5.981773693361314, 5.981773693321425, 5.9817736933413395, 5.981773693322656, 5.98177369332276, 5.981773693321674, 5.981773693360987, 5.981773693308663, 5.984834773454117, 5.984834773477913, 5.984834773478233, 5.984834773450744, 5.984834773414099, 5.984834773413671, 5.9848347734619445, 5.984834773458321, 5.984834773447654, 5.984834773467529, 5.98483477344459, 5.984834773439463, 5.984834773461756, 5.9848347734413805, 5.98483477346682, 5.984834773454118, 5.984834773466022, 5.984834773467313, 5.984834773467162, 5.984834773440996, 5.98483477347553, 5.987301540069262, 5.987301540068615, 5.9873015400685405, 5.987301540075368, 5.987301540079149, 5.987301540078775, 5.987301540066898, 5.987301540068498, 5.987301540081283, 5.987301540068654, 5.987301540082758, 5.987301540070329, 5.987301540069436, 5.987301540069901, 5.987301540068677, 5.987301540069263, 5.98730154006821, 5.987301540067453, 5.987301540068407, 5.987301540070098, 5.9873015400686125, 5.985933438646453, 5.98593343862467, 5.985933438624382, 5.9859334386392735, 5.98593343866662, 5.985933438666315, 5.985933438639056, 5.98593343864376, 5.985933438634427, 5.985933438636153, 5.985933438634584, 5.985933438657758, 5.985933438640861, 5.985933438657012, 5.985933438635958, 5.985933438646448, 5.985933438635904, 5.98593343863783, 5.985933438636068, 5.98593343865683, 5.9859334386283845, 5.983984411909632, 5.983984411942778, 5.983984411943315, 5.983984411913346, 5.9839844118748555, 5.983984411874479, 5.983984411921971, 5.983984411914117, 5.983984411916486, 5.983984411925472, 5.983984411914665, 5.983984411890968, 5.983984411917965, 5.9839844118942285, 5.98398441192501, 5.9839844119096375, 5.983984411925944, 5.9839844119246, 5.983984411925837, 5.983984411893368, 5.983984411937135, 5.984875931401832, 5.984875931376885, 5.984875931376508, 5.984875931403439, 5.984875931436006, 5.984875931435781, 5.984875931392315, 5.984875931397663, 5.984875931402315, 5.9848759313880695, 5.984875931405106, 5.984875931417934, 5.9848759313942335, 5.984875931415172, 5.9848759313885616, 5.984875931401835, 5.9848759313890545, 5.984875931387096, 5.984875931386721, 5.984875931416939, 5.984875931376719, 5.98702773334627, 5.987027733351954, 5.987027733352089, 5.98702773334108, 5.987027733328676, 5.987027733328323, 5.987027733350595, 5.987027733348348, 5.987027733338164, 5.987027733351137, 5.987027733335754, 5.987027733339318, 5.987027733349224, 5.9870277333409545, 5.987027733351616, 5.987027733346261, 5.987027733351681, 5.9870277333531385, 5.987027733352251, 5.987027733340255, 5.98702773335577, 5.987017634665613, 5.987017634677221, 5.9870176346772945, 5.987017634672516, 5.987017634659562, 5.987017634659209, 5.98701763466829, 5.987017634666664, 5.98701763467908, 5.987017634670259, 5.987017634679634, 5.9870176346600275, 5.987017634667655, 5.987017634661425, 5.987017634669851, 5.9870176346656105, 5.987017634670422, 5.987017634669726, 5.987017634670939, 5.9870176346602735, 5.987017634675333, 5.985510674694214, 5.9855106746707785, 5.985510674670447, 5.985510674688322, 5.985510674715975, 5.985510674715687, 5.985510674684721, 5.98551067469096, 5.985510674681996, 5.985510674683354, 5.985510674682783, 5.985510674708146, 5.985510674688249, 5.985510674705209, 5.985510674683292, 5.9855106746942255, 5.985510674682015, 5.9855106746825735, 5.9855106746811835, 5.985510674707244, 5.985510674671687, 5.9854451499785615, 5.985445150002559, 5.98544515000297, 5.985445149980957, 5.985445149955511, 5.985445149955151, 5.985445149988576, 5.98544514998198, 5.985445149984033, 5.985445149991506, 5.985445149982234, 5.985445149963149, 5.985445149985196, 5.985445149965905, 5.985445149991216, 5.9854451499785535, 5.985445149991311, 5.985445149991582, 5.985445149992432, 5.985445149964661, 5.985445150002072, 5.986866252960192, 5.986866252949595, 5.9868662529493415, 5.986866252961585, 5.986866252976981, 5.986866252976726, 5.986866252954238, 5.986866252957926, 5.986866252963053, 5.986866252952007, 5.9868662529646715, 5.986866252969664, 5.986866252955276, 5.986866252968411, 5.986866252952033, 5.986866252960187, 5.98686625295238, 5.9868662529523595, 5.98686625295211, 5.986866252968254, 5.986866252946919, 5.987453456912152, 5.987453456907064, 5.987453456907046, 5.987453456907082, 5.987453456908407, 5.987453456908079, 5.9874534569116715, 5.987453456912439, 5.987453456902712, 5.987453456911198, 5.987453456901459, 5.987453456913134, 5.987453456912581, 5.98745345691173, 5.987453456912622, 5.987453456912153, 5.987453456911338, 5.987453456911909, 5.9874534569109406, 5.987453456913343, 5.9874534569095665, 5.98658243834714, 5.986582438361826, 5.986582438362115, 5.9865824383543655, 5.986582438337643, 5.986582438337304, 5.98658243835387, 5.986582438349089, 5.986582438359892, 5.986582438354927, 5.9865824383597435, 5.986582438337546, 5.986582438351067, 5.986582438339431, 5.986582438354872, 5.986582438347139, 5.986582438355443, 5.986582438354875, 5.986582438356153, 5.986582438338112, 5.986582438362942, 5.985986335891339, 5.985986335872423, 5.985986335872086, 5.985986335885865, 5.98598633590673, 5.985986335906448, 5.985986335883031, 5.985986335888504, 5.985986335881119, 5.98598633588084, 5.98598633588185, 5.985986335904821, 5.985986335884863, 5.985986335902986, 5.985986335879764, 5.985986335891339, 5.985986335879647, 5.985986335880708, 5.985986335879396, 5.985986335903279, 5.985986335870748, 5.9866947887368225, 5.986694788751661, 5.986694788751984, 5.986694788738673, 5.98669478872343, 5.986694788723076, 5.986694788743703, 5.986694788739033, 5.986694788740647, 5.986694788746084, 5.986694788739443, 5.986694788726275, 5.986694788742205, 5.986694788727332, 5.986694788746343, 5.986694788736814, 5.986694788745672, 5.986694788745149, 5.986694788745954, 5.9866947887276485, 5.986694788752332, 5.987536596621708, 5.987536596618419, 5.987536596618292, 5.987536596623456, 5.9875365966304015, 5.98753659663009, 5.987536596619171, 5.987536596620753, 5.9875365966252545, 5.987536596618348, 5.987536596625978, 5.987536596624845, 5.987536596620192, 5.987536596624598, 5.987536596618885, 5.987536596621708, 5.987536596618893, 5.9875365966189635, 5.987536596619079, 5.987536596624318, 5.987536596617575, 5.987331388387777, 5.98733138838073, 5.987331388380534, 5.98733138838255, 5.987331388387457, 5.9873313883871475, 5.9873313883839865, 5.987331388387106, 5.9873313883787755, 5.987331388383263, 5.9873313883782195, 5.987331388392629, 5.987331388385624, 5.987331388392159, 5.987331388383452, 5.987331388387778, 5.9873313883832315, 5.987331388384528, 5.98733138838346, 5.987331388392076, 5.987331388380037, 5.986650029529015, 5.986650029541974, 5.986650029542287, 5.9866500295357, 5.986650029522048, 5.986650029521694, 5.986650029536019, 5.986650029530845, 5.986650029540358, 5.986650029537648, 5.986650029540113, 5.9866500295186755, 5.986650029533841, 5.986650029520376, 5.986650029537707, 5.986650029529014, 5.986650029538, 5.986650029536607, 5.986650029538075, 5.98665002951994, 5.986650029544807, 5.986628242538583, 5.986628242523687, 5.9866282425233885, 5.986628242533629, 5.986628242549019, 5.986628242548719, 5.986628242532138, 5.98662824253648, 5.986628242529496, 5.986628242530718, 5.986628242529965, 5.986628242549148, 5.9866282425337936, 5.986628242547464, 5.986628242529776, 5.986628242538569, 5.986628242529866, 5.986628242529807, 5.986628242528852, 5.986628242548284, 5.986628242521836, 5.987267702564091, 5.987267702574783, 5.9872677025749255, 5.987267702565839, 5.987267702554389, 5.98726770255405, 5.987267702568648, 5.98726770256555, 5.9872677025678716, 5.987267702569217, 5.987267702567216, 5.9872677025575625, 5.987267702566667, 5.987267702559322, 5.987267702568898, 5.987267702564086, 5.987267702569728, 5.987267702569592, 5.9872677025700645, 5.987267702558098, 5.987267702574292, 5.987639394021463, 5.987639394019401, 5.987639394019345, 5.987639394023202, 5.987639394028396, 5.98763939402807, 5.987639394021152, 5.987639394021146, 5.987639394024072, 5.987639394020352, 5.987639394024355, 5.987639394021585, 5.9876393940217305, 5.987639394021298, 5.987639394021703, 5.987639394021476, 5.98763939402154, 5.9876393940209764, 5.987639394021186, 5.987639394021725, 5.987639394021212, 5.987365295831997, 5.987365295826408, 5.987365295826193, 5.987365295827396, 5.987365295831037, 5.987365295830722, 5.987365295827502, 5.987365295831262, 5.987365295824111, 5.987365295827872, 5.987365295823937, 5.987365295837517, 5.987365295829945, 5.987365295836178, 5.98736529582786, 5.987365295832002, 5.98736529582736, 5.987365295827765, 5.987365295826983, 5.987365295836989, 5.9873652958231895, 5.986963947107048, 5.986963947117878, 5.986963947118092, 5.986963947112624, 5.986963947102929, 5.986963947102551, 5.986963947112741, 5.986963947108429, 5.986963947117613, 5.986963947113978, 5.98696394711745, 5.986963947098611, 5.986963947110213, 5.9869639471009535, 5.986963947113171, 5.986963947107041, 5.9869639471140275, 5.986963947113936, 5.9869639471150515, 5.986963947099017, 5.986963947121009, 5.987000114936729, 5.987000114924054, 5.987000114923837, 5.987000114931764, 5.987000114944393, 5.98700011494409, 5.987000114931679, 5.987000114935197, 5.987000114927381, 5.987000114931022, 5.987000114927465, 5.987000114944779, 5.987000114933532, 5.987000114942814, 5.987000114930716, 5.987000114936722, 5.987000114930085, 5.987000114930173, 5.987000114929259, 5.987000114944162, 5.987000114923771, 5.987396848906893, 5.987396848916581, 5.987396848916684, 5.987396848910072, 5.987396848898748, 5.987396848898399, 5.98739684891001, 5.987396848907985, 5.987396848911999, 5.987396848910813, 5.987396848911939, 5.987396848902389, 5.987396848908922, 5.9873968489029545, 5.987396848910865, 5.9873968489068945, 5.98739684891116, 5.987396848910464, 5.987396848911078, 5.987396848902668, 5.987396848914224, 5.987652560501397, 5.98765256049784, 5.987652560497831, 5.9876525605013065, 5.98765256050811, 5.987652560507823, 5.987652560501754, 5.987652560501121, 5.987652560501983, 5.987652560499544, 5.987652560501939, 5.987652560501728, 5.987652560500867, 5.987652560502127, 5.987652560500726, 5.987652560501391, 5.987652560500969, 5.987652560501511, 5.987652560501312, 5.987652560501476, 5.987652560501314, 5.9875468094449795, 5.987546809442358, 5.987546809442221, 5.987546809441731, 5.987546809442309, 5.987546809442006, 5.9875468094421995, 5.987546809444584, 5.987546809439149, 5.987546809442781, 5.9875468094390465, 5.987546809448655, 5.987546809443907, 5.987546809447208, 5.987546809442803, 5.987546809444984, 5.987546809442032, 5.987546809441969, 5.987546809441512, 5.987546809448412, 5.987546809438898, 5.98728871833391, 5.987288718341652, 5.9872887183418095, 5.98728871833933, 5.987288718332881, 5.987288718332516, 5.987288718337734, 5.9872887183347085, 5.987288718343115, 5.987288718338953, 5.987288718343324, 5.987288718328153, 5.9872887183361545, 5.987288718329516, 5.987288718338334, 5.987288718333903, 5.987288718338599, 5.987288718338287, 5.987288718339322, 5.987288718328465, 5.9872887183434935, 5.987195775969447, 5.987195775958959, 5.987195775958758, 5.9871957759635865, 5.987195775973926, 5.987195775973605, 5.98719577596545, 5.9871957759683845, 5.987195775959704, 5.987195775964588, 5.987195775959354, 5.987195775975408, 5.987195775966689, 5.987195775974603, 5.987195775964336, 5.987195775969445, 5.9871957759638725, 5.987195775965082, 5.987195775964028, 5.987195775974832, 5.987195775959901, 5.987357163918452, 5.98735716392816, 5.987357163928258, 5.987357163923078, 5.987357163912498, 5.987357163912167, 5.987357163921303, 5.987357163919413, 5.987357163925996, 5.987357163922496, 5.987357163926297, 5.987357163913748, 5.987357163920717, 5.98735716391423, 5.987357163922702, 5.987357163918447, 5.987357163922733, 5.987357163921664, 5.987357163922607, 5.987357163914267, 5.987357163925852, 5.987586288075089, 5.987586288068816, 5.987586288068726, 5.98758628807299, 5.9875862880814505, 5.987586288081158, 5.987586288073924, 5.987586288074523, 5.987586288071774, 5.9875862880721185, 5.987586288071692, 5.987586288077385, 5.987586288073935, 5.987586288077174, 5.987586288073046, 5.987586288075091, 5.987586288072941, 5.987586288073308, 5.9875862880728565, 5.987586288077293, 5.987586288071234, 5.987678333546394, 5.987678333548406, 5.987678333548369, 5.987678333545396, 5.987678333541837, 5.987678333541519, 5.987678333546332, 5.987678333546594, 5.987678333544663, 5.987678333546674, 5.987678333544508, 5.9876783335464445, 5.987678333546241, 5.987678333546579, 5.987678333546234, 5.987678333546401, 5.987678333546375, 5.987678333546464, 5.987678333546309, 5.987678333546443, 5.987678333546213, 5.987590627783104, 5.98759062778562, 5.987590627785695, 5.9875906277869255, 5.987590627785881, 5.987590627785531, 5.987590627784659, 5.987590627783211, 5.98759062778911, 5.987590627785216, 5.987590627789584, 5.987590627780863, 5.987590627784055, 5.987590627781279, 5.987590627784969, 5.987590627783099, 5.987590627785079, 5.987590627784361, 5.9875906277850435, 5.987590627781127, 5.987590627786744, 5.987444345404635, 5.987444345398433, 5.987444345398283, 5.987444345399173, 5.987444345404132, 5.987444345403798, 5.987444345402028, 5.987444345404195, 5.987444345395949, 5.987444345401757, 5.987444345395404, 5.987444345408181, 5.987444345403188, 5.987444345407534, 5.987444345401773, 5.987444345404644, 5.987444345401346, 5.987444345402198, 5.987444345401268, 5.9874443454079636, 5.98744434539857, 5.9873793062703005, 5.987379306277977, 5.987379306278066, 5.9873793062759475, 5.987379306269388, 5.987379306269055, 5.987379306272938, 5.987379306270912, 5.987379306279632, 5.987379306273479, 5.9873793062801814, 5.98737930626598, 5.987379306271936, 5.987379306267122, 5.987379306273514, 5.9873793062703005, 5.987379306274079, 5.98737930627351, 5.9873793062743745, 5.987379306266179, 5.987379306277685, 5.987437242995737, 5.987437242988621, 5.987437242988478, 5.987437242991062, 5.987437242998198, 5.987437242997867, 5.987437242992966, 5.987437242995085, 5.987437242987803, 5.987437242992306, 5.987437242987527, 5.987437242999946, 5.987437242994262, 5.98743724299878, 5.987437242992743, 5.987437242995736, 5.9874372429922005, 5.987437242992516, 5.987437242991644, 5.987437242999781, 5.987437242988546, 5.987563105956961, 5.987563105962623, 5.987563105962706, 5.987563105959719, 5.987563105954497, 5.987563105954158, 5.987563105959486, 5.987563105957575, 5.987563105961663, 5.9875631059599375, 5.9875631059617636, 5.987563105953511, 5.98756310595827, 5.9875631059543934, 5.987563105959553, 5.987563105956953, 5.987563105960024, 5.987563105959771, 5.987563105960217, 5.987563105953671, 5.987563105962689, 5.987658659391679, 5.98765865938841, 5.987658659388336, 5.987658659391172, 5.987658659394786, 5.987658659394457, 5.987658659390117, 5.987658659391177, 5.987658659390768, 5.98765865938979, 5.987658659391077, 5.987658659394172, 5.987658659390554, 5.9876586593937295, 5.987658659389653, 5.9876586593916805, 5.987658659389689, 5.987658659389675, 5.987658659389458, 5.987658659393851, 5.987658659388026, 5.987677771873706, 5.987677771874292, 5.987677771874291, 5.987677771872121, 5.987677771870239, 5.987677771869908, 5.987677771874372, 5.987677771874122, 5.987677771870983, 5.987677771874643, 5.987677771870516, 5.9876777718726295, 5.987677771874463, 5.987677771872544, 5.987677771874893, 5.98767777187369, 5.987677771874598, 5.98767777187483, 5.98767777187457, 5.987677771872793, 5.987677771875043, 5.987634153517919, 5.987634153518983, 5.9876341535189725, 5.987634153521417, 5.987634153522333, 5.987634153522007, 5.9876341535180595, 5.9876341535176945, 5.9876341535235245, 5.987634153517811, 5.987634153524214, 5.987634153517716, 5.98763415351778, 5.987634153518013, 5.987634153517865, 5.987634153517924, 5.9876341535181945, 5.987634153517912, 5.987634153518305, 5.987634153517502, 5.9876341535189725, 5.987565744846214, 5.987565744844539, 5.987565744844485, 5.9875657448413495, 5.987565744841327, 5.9875657448409845, 5.987565744845082, 5.987565744846295, 5.987565744838667, 5.9875657448453445, 5.9875657448379975, 5.987565744847762, 5.987565744845816, 5.987565744847236, 5.987565744845239, 5.987565744846225, 5.987565744844778, 5.987565744845398, 5.987565744844671, 5.987565744847715, 5.9875657448432555, 5.987510794977492, 5.987510794979503, 5.987510794979578, 5.987510794982766, 5.98751079498415, 5.987510794983804, 5.98751079497947, 5.987510794977469, 5.9875107949857655, 5.987510794979207, 5.987510794986452, 5.987510794974948, 5.987510794978426, 5.987510794975637, 5.987510794979386, 5.987510794977486, 5.987510794979661, 5.987510794979066, 5.9875107949798405, 5.987510794975107, 5.987510794981935, 5.987484633228053, 5.987484633226574, 5.987484633226424, 5.9874846332229374, 5.987484633220448, 5.987484633220114, 5.987484633225529, 5.98748463322799, 5.987484633219847, 5.98748463322603, 5.987484633219362, 5.9874846332312925, 5.987484633226859, 5.987484633230486, 5.987484633225644, 5.987484633228055, 5.987484633225311, 5.987484633225859, 5.987484633225022, 5.987484633231034, 5.987484633222619, 5.987489395995701, 5.98748939599585, 5.987489395995979, 5.987489396000407, 5.987489396004447, 5.987489396004095, 5.98748939599865, 5.987489395995793, 5.987489396003204, 5.98748939599757, 5.9874893960035855, 5.9874893959920525, 5.987489395996969, 5.987489395993192, 5.987489395998258, 5.987489395995698, 5.9874893959986, 5.987489395998366, 5.9874893959990185, 5.987489395992356, 5.987489396001698, 5.987513710789795, 5.987513710790803, 5.987513710790667, 5.987513710785855, 5.987513710780468, 5.987513710780121, 5.987513710786862, 5.987513710789735, 5.987513710783328, 5.98751371078817, 5.987513710783201, 5.987513710793333, 5.9875137107886705, 5.987513710792091, 5.987513710787507, 5.9875137107897904, 5.987513710787081, 5.98751371078693, 5.987513710786393, 5.9875137107931335, 5.987513710783876, 5.9875450446694884, 5.9875450446674705, 5.987545044667572, 5.98754504467258, 5.987545044680088, 5.987545044679741, 5.987545044672261, 5.987545044669442, 5.987545044674774, 5.987545044670678, 5.98754504467488, 5.9875450446662954, 5.987545044670318, 5.987545044667701, 5.987545044671332, 5.987545044669501, 5.9875450446717275, 5.987545044672065, 5.987545044672437, 5.9875450446665015, 5.987545044674739, 5.987570350685475, 5.987570350688933, 5.9875703506888245, 5.9875703506829145, 5.9875703506746065, 5.987570350674253, 5.9875703506830975, 5.987570350685651, 5.987570350680978, 5.987570350684929, 5.987570350680932, 5.987570350687841, 5.987570350684924, 5.987570350686686, 5.987570350684266, 5.987570350685464, 5.987570350683826, 5.987570350683476, 5.987570350683175, 5.98757035068772, 5.9875703506814775, 5.987577513380059, 5.987577513375215, 5.987577513375255, 5.987577513382383, 5.987577513392275, 5.987577513391931, 5.987577513381551, 5.987577513379713, 5.987577513384058, 5.987577513379782, 5.987577513384267, 5.987577513378669, 5.987577513380206, 5.987577513379546, 5.987577513380613, 5.987577513380054, 5.987577513380875, 5.987577513381097, 5.987577513381329, 5.987577513378742, 5.98757751338247, 5.987546540388751, 5.9875465403948995, 5.9875465403948676, 5.987546540386371, 5.987546540374919, 5.987546540374557, 5.987546540388147, 5.987546540389422, 5.987546540384845, 5.987546540390011, 5.987546540384478, 5.98754654038881, 5.987546540389021, 5.987546540388345, 5.987546540389168, 5.987546540388753, 5.987546540389006, 5.987546540388876, 5.987546540388635, 5.987546540388804, 5.987546540388435, 5.987443408871855, 5.987443408863702, 5.987443408863664, 5.987443408874671, 5.987443408889124, 5.987443408888804, 5.987443408871538, 5.987443408870778, 5.987443408876122, 5.987443408869351, 5.987443408876867, 5.987443408873388, 5.987443408870778, 5.987443408873563, 5.98744340887021, 5.987443408871858, 5.9874434088704005, 5.987443408870255, 5.987443408870457, 5.987443408873217, 5.987443408869878, 5.987196837193745, 5.987196837205166, 5.98719683720519, 5.987196837190181, 5.987196837171898, 5.98719683717153, 5.987196837195401, 5.987196837195358, 5.9871968371884305, 5.987196837198016, 5.987196837187338, 5.987196837190309, 5.9871968371957145, 5.987196837190317, 5.987196837197183, 5.98719683719376, 5.987196837196927, 5.987196837196963, 5.987196837196747, 5.987196837190687, 5.987196837198509, 5.986653622501534, 5.986653622485586, 5.986653622485459, 5.986653622506154, 5.98665362253175, 5.986653622531447, 5.986653622498285, 5.986653622499132, 5.9866536225084275, 5.986653622494622, 5.986653622510108, 5.986653622507517, 5.986653622498154, 5.986653622507291, 5.986653622495836, 5.986653622501534, 5.986653622496265, 5.986653622496051, 5.986653622496297, 5.986653622506761, 5.9866536224933045, 5.985510350342157, 5.985510350364967, 5.985510350365157, 5.985510350335927, 5.98551035030041, 5.985510350299971, 5.985510350347394, 5.985510350345701, 5.9855103503329286, 5.985510350352613, 5.985510350330485, 5.985510350332672, 5.985510350347263, 5.985510350333175, 5.985510350351088, 5.985510350342157, 5.98551035035052, 5.985510350350558, 5.985510350350395, 5.9855103503338105, 5.985510350355455, 5.983239970755701, 5.98323997072344, 5.983239970723116, 5.983239970764113, 5.98323997081381, 5.983239970813569, 5.983239970747524, 5.983239970750649, 5.9832399707680315, 5.983239970740448, 5.983239970771574, 5.983239970770026, 5.98323997074782, 5.983239970769102, 5.983239970742399, 5.983239970755693, 5.9832399707434565, 5.98323997074259, 5.9832399707430595, 5.983239970768347, 5.983239970735544, 5.979498181368278, 5.979498181411769, 5.979498181412256, 5.979498181357304, 5.979498181293318, 5.9794981812928425, 5.979498181381002, 5.979498181375337, 5.979498181352317, 5.979498181389888, 5.979498181347403, 5.9794981813469965, 5.979498181378883, 5.979498181349032, 5.979498181387351, 5.979498181368277, 5.979498181386707, 5.979498181386755, 5.979498181386744, 5.9794981813496175, 5.979498181398339, 5.97517285277255, 5.975172852721457, 5.975172852720808, 5.9751728527853905, 5.975172852857683, 5.975172852857539, 5.975172852754013, 5.975172852763778, 5.975172852790638, 5.975172852744163, 5.975172852797349, 5.975172852801578, 5.975172852757765, 5.97517285279796, 5.97517285274719, 5.975172852772551, 5.975172852748681, 5.975172852745917, 5.975172852746704, 5.975172852798401, 5.975172852730973, 5.974348148720593, 5.9743481487674766, 5.974348148768538, 5.974348148707823, 5.974348148646526, 5.974348148645949, 5.974348148744194, 5.974348148729902, 5.974348148703565, 5.974348148752013, 5.974348148696494, 5.974348148684968, 5.97434814873673, 5.974348148691122, 5.974348148749835, 5.974348148720589, 5.974348148749483, 5.974348148752164, 5.974348148752164, 5.974348148688817, 5.9743481487724495, 5.978976689738787, 5.978976689709348, 5.978976689708589, 5.978976689748397, 5.978976689777612, 5.978976689777455, 5.978976689713084, 5.978976689731068, 5.9789766897484435, 5.9789766897124945, 5.978976689755702, 5.978976689772851, 5.978976689724964, 5.978976689764804, 5.9789766897128285, 5.978976689738796, 5.978976689711698, 5.978976689708538, 5.97897668970868, 5.978976689768896, 5.978976689689671, 5.985456943525618, 5.9854569435280345, 5.985456943528842, 5.985456943523042, 5.985456943531095, 5.9854569435306, 5.9854569435410605, 5.985456943528671, 5.985456943526915, 5.985456943537642, 5.985456943523665, 5.985456943506411, 5.985456943533596, 5.985456943511971, 5.985456943539278, 5.985456943525608, 5.985456943539228, 5.985456943544041, 5.98545694354369, 5.985456943507508, 5.985456943555737, 5.986156785093231, 5.9861567851135895, 5.986156785113736, 5.986156785086037, 5.986156785055247, 5.986156785054806, 5.986156785095041, 5.98615678509564, 5.986156785081347, 5.986156785099664, 5.986156785079708, 5.986156785091087, 5.986156785095824, 5.9861567850896735, 5.986156785096754, 5.986156785093228, 5.986156785095725, 5.986156785096074, 5.986156785095149, 5.986156785091211, 5.986156785095957, 5.981600122783976, 5.981600122756175, 5.981600122755699, 5.981600122798988, 5.9816001228356726, 5.981600122835464, 5.981600122770096, 5.981600122777627, 5.981600122801063, 5.981600122764032, 5.981600122807064, 5.981600122807096, 5.981600122773696, 5.981600122802523, 5.981600122765491, 5.981600122783968, 5.9816001227662925, 5.981600122762513, 5.981600122763443, 5.981600122804486, 5.981600122750955, 5.980227475192202, 5.980227475215133, 5.980227475216221, 5.980227475176155, 5.980227475151065, 5.980227475150516, 5.980227475214834, 5.980227475199686, 5.980227475176316, 5.98022747521484, 5.980227475169433, 5.980227475162349, 5.98022747520525, 5.980227475168649, 5.980227475215665, 5.9802274751922, 5.980227475215817, 5.980227475219708, 5.9802274752184665, 5.980227475165794, 5.980227475235388, 5.9848707732491375, 5.9848707732371915, 5.984870773236625, 5.984870773258434, 5.984870773263843, 5.98487077326357, 5.984870773232386, 5.984870773244906, 5.984870773257122, 5.984870773233286, 5.984870773261579, 5.984870773269027, 5.984870773240903, 5.984870773265064, 5.984870773233268, 5.984870773249138, 5.984870773233126, 5.984870773232006, 5.984870773231969, 5.984870773266287, 5.984870773221117, 5.987606422196627, 5.9876064221920755, 5.987606422192047, 5.9876064221997956, 5.987606422207565, 5.987606422207088, 5.9876064221948315, 5.987606422195632, 5.987606422200407, 5.987606422196611, 5.987606422201037, 5.987606422197404, 5.987606422196943, 5.987606422196967, 5.9876064221963565, 5.98760642219663, 5.9876064221953085, 5.987606422195348, 5.987606422195626, 5.987606422197576, 5.987606422195246, 5.984244942288994, 5.98424494230628, 5.984244942306916, 5.984244942274905, 5.984244942261679, 5.984244942261117, 5.984244942303891, 5.9842449422935475, 5.984244942275857, 5.984244942306345, 5.984244942270943, 5.984244942269231, 5.984244942297212, 5.984244942273799, 5.984244942304134, 5.984244942288988, 5.984244942304314, 5.984244942306954, 5.984244942305925, 5.9842449422719195, 5.984244942316826, 5.982344301873449, 5.9823443018546145, 5.982344301854011, 5.982344301888641, 5.982344301910481, 5.9823443019102625, 5.982344301856178, 5.982344301867386, 5.982344301888425, 5.982344301853076, 5.98234430189454, 5.9823443018976725, 5.982344301861391, 5.9823443018942015, 5.982344301852759, 5.982344301873451, 5.9823443018548375, 5.9823443018513816, 5.982344301852134, 5.98234430189474, 5.982344301838822, 5.985684596854834, 5.985684596869808, 5.9856845968701515, 5.985684596847022, 5.985684596824396, 5.9856845968239645, 5.985684596863784, 5.985684596859026, 5.985684596844905, 5.985684596864855, 5.98568459684158, 5.985684596841408, 5.9856845968619945, 5.985684596842105, 5.9856845968675305, 5.98568459685484, 5.985684596866699, 5.985684596866084, 5.9856845968654095, 5.9856845968441625, 5.985684596872179, 5.987460173381588, 5.9874601733741155, 5.98746017337428, 5.987460173380013, 5.987460173390996, 5.98746017339057, 5.987460173386317, 5.9874601733823924, 5.987460173382402, 5.987460173382952, 5.987460173381109, 5.987460173375706, 5.987460173383248, 5.9874601733781905, 5.987460173385029, 5.987460173381594, 5.9874601733855615, 5.987460173387118, 5.987460173386661, 5.98746017337647, 5.98746017339014, 5.985428184603695, 5.985428184596326, 5.985428184595836, 5.985428184612586, 5.985428184617921, 5.98542818461756, 5.985428184590254, 5.9854281845995585, 5.985428184612382, 5.985428184592455, 5.985428184616447, 5.98542818462154, 5.985428184594727, 5.985428184619047, 5.985428184588403, 5.985428184603699, 5.985428184589473, 5.98542818458783, 5.985428184588357, 5.98542818461899, 5.9854281845786295, 5.984684196421272, 5.984684196441279, 5.984684196441804, 5.984684196410577, 5.984684196389505, 5.984684196388943, 5.984684196432979, 5.984684196425528, 5.984684196408698, 5.984684196438118, 5.984684196404609, 5.984684196404572, 5.984684196429648, 5.9846841964060795, 5.9846841964364135, 5.984684196421277, 5.984684196434878, 5.984684196435482, 5.984684196435035, 5.984684196407391, 5.984684196443923, 5.986161771209625, 5.986161771189225, 5.9861617711891, 5.986161771216185, 5.9861617712487005, 5.986161771248416, 5.986161771206588, 5.986161771207005, 5.986161771218594, 5.986161771200447, 5.986161771219972, 5.986161771214288, 5.986161771206621, 5.9861617712147135, 5.986161771204618, 5.98616177120963, 5.986161771204676, 5.986161771205656, 5.986161771205715, 5.98616177121353, 5.986161771203533, 5.986919045136973, 5.986919045148289, 5.986919045147985, 5.986919045136148, 5.9869190451129395, 5.986919045112591, 5.986919045129095, 5.98691904513693, 5.986919045135323, 5.986919045131678, 5.986919045136357, 5.986919045145038, 5.9869190451338214, 5.986919045142881, 5.98691904513106, 5.986919045136962, 5.986919045130952, 5.986919045130918, 5.986919045130362, 5.986919045143521, 5.986919045125941, 5.9865754662179, 5.9865754662212645, 5.986575466221804, 5.986575466214011, 5.986575466211766, 5.9865754662112565, 5.986575466228817, 5.986575466220512, 5.986575466213902, 5.986575466228942, 5.9865754662112, 5.9865754662047435, 5.986575466224385, 5.986575466206259, 5.986575466229558, 5.986575466217903, 5.986575466228424, 5.986575466228983, 5.986575466228945, 5.986575466206768, 5.986575466236306, 5.9861805164680435, 5.986180516448994, 5.986180516448848, 5.986180516474769, 5.986180516500887, 5.986180516500546, 5.986180516463781, 5.986180516464672, 5.986180516475154, 5.986180516460262, 5.986180516477176, 5.986180516477281, 5.986180516462838, 5.986180516476753, 5.986180516459396, 5.986180516468051, 5.986180516460133, 5.986180516459754, 5.9861805164601005, 5.986180516475959, 5.986180516455131, 5.986185002481993, 5.986185002506072, 5.9861850025059695, 5.986185002476288, 5.986185002441077, 5.98618500244064, 5.986185002480594, 5.986185002483953, 5.986185002475268, 5.986185002485721, 5.986185002474477, 5.986185002482279, 5.986185002482268, 5.986185002481527, 5.98618500248241, 5.986185002482002, 5.986185002482491, 5.986185002482493, 5.986185002482043, 5.9861850024818395, 5.986185002481941, 5.986867650524026, 5.986867650510336, 5.986867650510604, 5.986867650526235, 5.986867650551341, 5.986867650550964, 5.986867650529462, 5.986867650524057, 5.986867650528103, 5.986867650524385, 5.986867650527179, 5.986867650517058, 5.986867650527607, 5.986867650518277, 5.986867650529843, 5.9868676505240135, 5.986867650528648, 5.986867650529772, 5.986867650529818, 5.986867650518206, 5.986867650533917, 5.987418426850302, 5.987418426845986, 5.987418426845734, 5.987418426851154, 5.9874184268532336, 5.987418426852862, 5.987418426844014, 5.987418426848913, 5.987418426849919, 5.987418426844342, 5.987418426850882, 5.987418426857606, 5.9874184268473805, 5.987418426856114, 5.9874184268445365, 5.987418426850309, 5.987418426844218, 5.987418426844157, 5.987418426843909, 5.987418426856653, 5.987418426839678, 5.986820819404427, 5.986820819423934, 5.9868208194239285, 5.98682081940195, 5.986820819374361, 5.986820819373852, 5.986820819405888, 5.9868208194062005, 5.986820819401984, 5.9868208194113155, 5.986820819401239, 5.986820819401262, 5.986820819405715, 5.986820819401962, 5.986820819406871, 5.986820819404419, 5.986820819407508, 5.986820819407355, 5.986820819407498, 5.986820819401249, 5.986820819409623, 5.986365575486296, 5.98636557546303, 5.986365575463138, 5.986365575489033, 5.986365575525597, 5.986365575525179, 5.986365575489574, 5.986365575484675, 5.9863655754908685, 5.986365575484217, 5.9863655754907565, 5.986365575484904, 5.986365575486183, 5.986365575486392, 5.986365575486294, 5.986365575486302, 5.986365575486571, 5.986365575487022, 5.986365575487215, 5.986365575485357, 5.986365575488048, 5.987169804046182, 5.987169804058968, 5.987169804058794, 5.987169804043804, 5.987169804021502, 5.987169804021121, 5.987169804042735, 5.987169804046966, 5.987169804041124, 5.987169804045992, 5.9871698040411525, 5.987169804049335, 5.987169804045788, 5.987169804047333, 5.987169804045024, 5.987169804046181, 5.987169804044921, 5.987169804043291, 5.98716980404305, 5.987169804049226, 5.98716980404086, 5.987693138516875, 5.987693138521769, 5.987693138521732, 5.987693138519247, 5.987693138514431, 5.98769313851405, 5.987693138518026, 5.987693138517392, 5.98769313852078, 5.987693138516745, 5.987693138520883, 5.98769313851478, 5.9876931385172965, 5.987693138515922, 5.987693138517855, 5.987693138516877, 5.987693138518894, 5.987693138518817, 5.987693138518945, 5.987693138514753, 5.987693138520608, 5.98708381092453, 5.987083810906145, 5.987083810906163, 5.987083810922441, 5.9870838109506295, 5.987083810950237, 5.987083810925825, 5.987083810923423, 5.9870838109234095, 5.987083810921619, 5.987083810922825, 5.987083810924341, 5.9870838109241795, 5.987083810925174, 5.98708381092394, 5.987083810924521, 5.98708381092386, 5.987083810924716, 5.987083810924375, 5.987083810924648, 5.987083810924271, 5.98678588964945, 5.98678588967043, 5.986785889670315, 5.9867858896500215, 5.9867858896178445, 5.986785889617346, 5.986785889647072, 5.986785889650503, 5.986785889647553, 5.986785889654978, 5.986785889647875, 5.9867858896501795, 5.986785889650202, 5.986785889648303, 5.9867858896505615, 5.986785889649457, 5.986785889650109, 5.986785889648058, 5.986785889648617, 5.986785889650147, 5.98678588964821, 5.98738369113094, 5.987383691119243, 5.987383691119187, 5.987383691132671, 5.987383691151176, 5.987383691150781, 5.987383691131187, 5.987383691129836, 5.987383691134853, 5.987383691127966, 5.987383691135042, 5.987383691131647, 5.987383691129316, 5.987383691133429, 5.9873836911285085, 5.987383691130942, 5.9873836911294696, 5.987383691130899, 5.98738369113084, 5.987383691131004, 5.987383691130978, 5.9876862917879015, 5.987686291784597, 5.987686291784639, 5.987686291783996, 5.987686291788814, 5.98768629178843, 5.987686291789783, 5.987686291788558, 5.9876862917838025, 5.9876862917881555, 5.987686291782722, 5.987686291785509, 5.987686291789374, 5.987686291785514, 5.987686291790318, 5.987686291787895, 5.987686291789705, 5.987686291790176, 5.98768629178975, 5.987686291786012, 5.987686291790863, 5.987324574078868, 5.987324574093592, 5.9873245740934316, 5.987324574083577, 5.98732457406063, 5.987324574060218, 5.987324574075868, 5.9873245740792616, 5.987324574082049, 5.9873245740795324, 5.987324574083269, 5.9873245740813825, 5.987324574078819, 5.987324574079114, 5.9873245740786105, 5.987324574078875, 5.987324574078229, 5.987324574075889, 5.987324574076526, 5.98732457408113, 5.987324574075282, 5.987174531697472, 5.987174531680479, 5.987174531680538, 5.987174531694125, 5.987174531721394, 5.987174531721002, 5.987174531699686, 5.9871745316964855, 5.9871745316960086, 5.987174531694179, 5.987174531695264, 5.987174531697508, 5.987174531695967, 5.98717453169961, 5.987174531695386, 5.987174531697466, 5.987174531696161, 5.987174531698448, 5.987174531697801, 5.98717453169711, 5.987174531697989, 5.9874650564803575, 5.9874650564915655, 5.987465056491621, 5.987465056480843, 5.987465056465374, 5.987465056464909, 5.987465056482305, 5.987465056481432, 5.987465056479832, 5.987465056485837, 5.987465056479548, 5.987465056477179, 5.987465056482418, 5.987465056476693, 5.987465056484007, 5.987465056480358, 5.987465056483432, 5.987465056482545, 5.9874650564829945, 5.987465056477615, 5.98746505648489, 5.987589167218898, 5.987589167217797, 5.987589167217586, 5.987589167221438, 5.987589167219693, 5.987589167219318, 5.98758916721404, 5.987589167217873, 5.987589167220797, 5.987589167215053, 5.987589167221951, 5.987589167224476, 5.987589167216886, 5.987589167222794, 5.987589167215044, 5.987589167218901, 5.987589167214515, 5.987589167213814, 5.987589167213956, 5.987589167223778, 5.9875891672108965, 5.987491760913214, 5.987491760905029, 5.987491760905151, 5.987491760909, 5.987491760923955, 5.987491760923531, 5.987491760917525, 5.987491760913758, 5.987491760911021, 5.98749176091365, 5.987491760909583, 5.987491760908112, 5.9874917609146445, 5.987491760910549, 5.98749176091591, 5.987491760913209, 5.987491760916047, 5.987491760918596, 5.987491760917971, 5.987491760908391, 5.987491760921116, 5.987517210354305, 5.987517210366019, 5.9875172103659375, 5.987517210358149, 5.987517210340305, 5.987517210339884, 5.987517210352154, 5.987517210354527, 5.987517210356403, 5.987517210355865, 5.987517210357354, 5.987517210355862, 5.987517210354479, 5.987517210354184, 5.987517210354427, 5.987517210354294, 5.987517210353943, 5.987517210352137, 5.9875172103527, 5.9875172103558265, 5.987517210351901, 5.9875879451582525, 5.987587945149367, 5.987587945149286, 5.987587945156263, 5.98758794516907, 5.987587945168655, 5.987587945157042, 5.987587945157284, 5.9875879451562595, 5.987587945155225, 5.987587945156335, 5.987587945161424, 5.987587945156489, 5.9875879451612635, 5.987587945155263, 5.987587945158237, 5.987587945155357, 5.98758794515557, 5.987587945155232, 5.987587945161208, 5.987587945153262, 5.9875198107792675, 5.987519810783179, 5.987519810783352, 5.9875198107790695, 5.987519810777186, 5.987519810776727, 5.987519810784607, 5.987519810780503, 5.9875198107807135, 5.987519810783946, 5.987519810779907, 5.987519810772555, 5.987519810781657, 5.987519810774587, 5.9875198107839305, 5.9875198107792675, 5.98751981078452, 5.987519810785168, 5.987519810785278, 5.9875198107731595, 5.987519810789454, 5.987471576873201, 5.9874715768736975, 5.987471576873427, 5.987471576874621, 5.987471576868373, 5.987471576867998, 5.987471576866832, 5.9874715768722355, 5.987471576872321, 5.987471576868405, 5.987471576873527, 5.987471576880422, 5.987471576870736, 5.987471576878053, 5.987471576868362, 5.9874715768731965, 5.987471576867957, 5.987471576866671, 5.98747157686652, 5.9874715768797975, 5.987471576862222, 5.98762356983457, 5.987623569831171, 5.9876235698312925, 5.9876235698336755, 5.987623569841633, 5.9876235698411895, 5.987623569838427, 5.987623569835119, 5.987623569835024, 5.98762356983684, 5.987623569834287, 5.98762356982959, 5.987623569836428, 5.987623569831164, 5.987623569838, 5.987623569834563, 5.987623569838091, 5.987623569839005, 5.987623569838902, 5.987623569830161, 5.987623569841905, 5.987775392010332, 5.987775392013782, 5.987775392013726, 5.9877753920098895, 5.987775392006049, 5.987775392005597, 5.987775392009777, 5.987775392010379, 5.987775392010128, 5.987775392011009, 5.987775392010238, 5.98777539201084, 5.987775392009911, 5.987775392010945, 5.987775392009725, 5.987775392010342, 5.987775392010018, 5.987775392009963, 5.987775392009898, 5.987775392010669, 5.987775392009781, 5.987711830115185, 5.9877118301139145, 5.9877118301138, 5.9877118301162815, 5.987711830116663, 5.987711830116224, 5.9877118301121985, 5.987711830114404, 5.987711830115031, 5.987711830112989, 5.987711830115737, 5.987711830119076, 5.98771183011374, 5.987711830117884, 5.987711830112492, 5.98771183011519, 5.98771183011236, 5.9877118301115395, 5.987711830111492, 5.987711830118773, 5.987711830109203, 5.987553666333438, 5.9875536663336515, 5.9875536663338265, 5.98755366633243, 5.987553666335355, 5.987553666334895, 5.987553666338635, 5.987553666334551, 5.98755366633363, 5.987553666337106, 5.987553666332669, 5.987553666326894, 5.987553666336058, 5.987553666328583, 5.9875536663382976, 5.987553666333426, 5.987553666338519, 5.987553666339315, 5.987553666339202, 5.987553666327588, 5.987553666343152, 5.987542696329436, 5.987542696328447, 5.987542696328213, 5.987542696329757, 5.987542696327238, 5.98754269632685, 5.987542696324154, 5.987542696328528, 5.98754269632897, 5.987542696324497, 5.987542696329939, 5.987542696336127, 5.987542696326633, 5.987542696334602, 5.987542696324268, 5.987542696329437, 5.987542696324398, 5.987542696323852, 5.9875426963235485, 5.987542696335254, 5.987542696319788, 5.987673585566189, 5.987673585568508, 5.987673585568665, 5.987673585567106, 5.987673585566182, 5.987673585565694, 5.987673585569789, 5.987673585566899, 5.987673585567411, 5.987673585570129, 5.98767358556702, 5.987673585561622, 5.987673585568351, 5.987673585562295, 5.987673585570084, 5.987673585566193, 5.987673585569919, 5.987673585569871, 5.9876735855700955, 5.987673585562193, 5.9876735855728755, 5.987760865927871, 5.987760865923814, 5.98776086592376, 5.987760865925701, 5.987760865931731, 5.987760865931306, 5.987760865927131, 5.987760865927442, 5.98776086592554, 5.987760865926472, 5.987760865925388, 5.987760865929433, 5.987760865926902, 5.987760865929551, 5.987760865926182, 5.9877608659278625, 5.98776086592621, 5.987760865926901, 5.987760865926511, 5.98776086592914, 5.987760865925655, 5.987731664454568, 5.987731664460166, 5.9877316644600915, 5.987731664457758, 5.987731664449733, 5.987731664449291, 5.9877316644528475, 5.987731664454456, 5.987731664457729, 5.987731664454386, 5.9877316644585505, 5.987731664456022, 5.987731664454194, 5.987731664455328, 5.987731664453808, 5.987731664454568, 5.987731664453758, 5.9877316644530305, 5.987731664453349, 5.9877316644556995, 5.987731664452825, 5.987674948933354, 5.98767494892825, 5.987674948928341, 5.987674948929214, 5.987674948937774, 5.9876749489373085, 5.987674948936216, 5.987674948933886, 5.987674948929454, 5.987674948934244, 5.98767494892834, 5.987674948930082, 5.987674948934854, 5.987674948930826, 5.98767494893589, 5.987674948933353, 5.987674948935451, 5.987674948936547, 5.987674948936044, 5.987674948930592, 5.987674948937806, 5.987674362939452, 5.987674362942185, 5.987674362942049, 5.987674362944208, 5.987674362938648, 5.987674362938225, 5.9876743629363895, 5.987674362938753, 5.987674362943907, 5.987674362937478, 5.987674362945192, 5.9876743629431175, 5.98767436293786, 5.987674362942292, 5.98767436293662, 5.9876743629394555, 5.987674362936875, 5.987674362935981, 5.987674362936336, 5.987674362942483, 5.9876743629346105, 5.987695996865673, 5.987695996865837, 5.987695996865917, 5.987695996860832, 5.987695996861731, 5.987695996861254, 5.987695996868301, 5.987695996866433, 5.987695996860742, 5.987695996868116, 5.987695996859635, 5.9876959968628665, 5.987695996866807, 5.987695996863568, 5.987695996867767, 5.987695996865675, 5.987695996867659, 5.987695996868421, 5.987695996867983, 5.987695996863266, 5.987695996869479, 5.987678848400742, 5.987678848397892, 5.987678848397835, 5.9876788484055705, 5.9876788484104315, 5.987678848409976, 5.987678848399783, 5.9876788483999395, 5.9876788484061265, 5.9876788483992085, 5.987678848407103, 5.987678848402152, 5.987678848400063, 5.987678848401893, 5.987678848399591, 5.987678848400737, 5.9876788483996926, 5.9876788483989785, 5.987678848399414, 5.987678848401984, 5.987678848398882, 5.987619285590148, 5.9876192855948425, 5.987619285594796, 5.98761928558508, 5.987619285577286, 5.987619285576827, 5.9876192855896795, 5.987619285590919, 5.987619285584, 5.987619285590646, 5.987619285583181, 5.987619285590026, 5.987619285590389, 5.987619285589808, 5.987619285590463, 5.987619285590149, 5.987619285590244, 5.987619285590701, 5.987619285590103, 5.987619285590085, 5.987619285590023, 5.9875643540240775, 5.9875643540193995, 5.987564354019411, 5.987564354029871, 5.987564354038832, 5.987564354038365, 5.987564354024946, 5.9875643540234105, 5.987564354031347, 5.987564354023517, 5.987564354032163, 5.987564354023082, 5.987564354024169, 5.987564354023752, 5.987564354024421, 5.987564354024087, 5.98756435402472, 5.987564354024456, 5.987564354024997, 5.987564354023084, 5.987564354025989, 5.987525202602756, 5.987525202605649, 5.987525202605581, 5.987525202595513, 5.987525202589241, 5.987525202588764, 5.987525202601645, 5.987525202603324, 5.987525202593904, 5.987525202603293, 5.987525202592894, 5.987525202604079, 5.987525202602533, 5.987525202603325, 5.987525202602183, 5.987525202602763, 5.98752520260175, 5.98752520260204, 5.9875252026012795, 5.9875252026041235, 5.987525202600142, 5.98746720739533, 5.9874672073956035, 5.987467207395611, 5.987467207404752, 5.987467207406983, 5.987467207406512, 5.9874672073962625, 5.987467207394727, 5.987467207406358, 5.987467207395818, 5.987467207407724, 5.987467207394119, 5.987467207395383, 5.987467207394845, 5.987467207395826, 5.987467207395327, 5.987467207396526, 5.987467207395674, 5.987467207396635, 5.987467207393952, 5.987467207398014, 5.987313256122687, 5.987313256118371, 5.987313256118318, 5.987313256110471, 5.987313256114354, 5.987313256113923, 5.987313256122354, 5.9873132561233415, 5.987313256108949, 5.987313256121367, 5.987313256106986, 5.987313256123662, 5.987313256122486, 5.987313256123306, 5.987313256122065, 5.987313256122678, 5.9873132561214835, 5.98731325612288, 5.987313256121405, 5.987313256123863, 5.987313256120235, 5.987049194471397, 5.987049194480049, 5.987049194480064, 5.987049194486955, 5.987049194477544, 5.987049194477064, 5.987049194471317, 5.987049194470831, 5.987049194488314, 5.987049194473015, 5.987049194490761, 5.987049194470339, 5.987049194471932, 5.987049194470165, 5.987049194472638, 5.987049194471395, 5.987049194473184, 5.98704919447084, 5.987049194472568, 5.987049194470125, 5.98704919447408, 5.986687140830171, 5.986687140817708, 5.9866871408176525, 5.986687140811447, 5.986687140826454, 5.986687140826038, 5.98668714083003, 5.98668714083063, 5.9866871408104645, 5.986687140827288, 5.98668714080743, 5.986687140831931, 5.986687140829086, 5.986687140832345, 5.986687140828008, 5.986687140830189, 5.986687140827484, 5.986687140830531, 5.986687140828284, 5.986687140831953, 5.9866871408264695, 5.9864570312499055, 5.98645703126529, 5.986457031265354, 5.986457031270209, 5.986457031252606, 5.986457031252061, 5.986457031251076, 5.9864570312495955, 5.986457031271021, 5.986457031254936, 5.986457031273995, 5.986457031246595, 5.9864570312517325, 5.986457031246355, 5.986457031253459, 5.986457031249901, 5.986457031253855, 5.9864570312506045, 5.98645703125304, 5.986457031246687, 5.986457031256002, 5.986424973074276, 5.986424973057456, 5.986424973057268, 5.98642497305542, 5.986424973074164, 5.98642497307379, 5.986424973071103, 5.986424973074016, 5.986424973054726, 5.986424973067337, 5.98642497305218, 5.986424973080091, 5.986424973071331, 5.986424973079874, 5.986424973068686, 5.986424973074271, 5.986424973068235, 5.986424973071303, 5.986424973068863, 5.9864249730795915, 5.986424973064691, 5.9865860228707755, 5.9865860228873755, 5.986586022887623, 5.986586022884365, 5.98658602286726, 5.986586022866675, 5.9865860228768, 5.986586022872022, 5.986586022885357, 5.986586022879502, 5.9865860228866, 5.986586022861503, 5.986586022875282, 5.986586022862442, 5.986586022879061, 5.986586022870767, 5.986586022879251, 5.986586022877137, 5.986586022878975, 5.986586022862463, 5.98658602288509, 5.986425371718861, 5.986425371703012, 5.986425371702641, 5.986425371713051, 5.986425371729346, 5.986425371729011, 5.986425371709724, 5.986425371716428, 5.9864253717116, 5.986425371707492, 5.986425371712214, 5.9864253717321265, 5.98642537171265, 5.9864253717301805, 5.986425371707562, 5.986425371718853, 5.98642537170766, 5.986425371708324, 5.986425371707104, 5.986425371730563, 5.986425371699166, 5.985616932313899, 5.985616932330841, 5.985616932331383, 5.985616932312019, 5.985616932295287, 5.985616932294636, 5.9856169323265815, 5.985616932317607, 5.98561693231345, 5.985616932328497, 5.9856169323113875, 5.9856169322966535, 5.985616932321701, 5.985616932299546, 5.985616932328164, 5.985616932313911, 5.985616932328109, 5.985616932328489, 5.985616932328939, 5.985616932298699, 5.985616932339197, 5.984252243644053, 5.984252243622804, 5.984252243622272, 5.984252243651292, 5.98425224367408, 5.9842522436737875, 5.984252243628774, 5.984252243639131, 5.98425224364975, 5.9842522436266075, 5.9842522436533825, 5.984252243664719, 5.984252243634583, 5.984252243661111, 5.984252243627025, 5.984252243644047, 5.9842522436274415, 5.984252243625901, 5.98425224362591, 5.984252243662155, 5.984252243614177, 5.982850283196214, 5.982850283225128, 5.98285028322576, 5.982850283187235, 5.9828502831538675, 5.98285028315315, 5.982850283212131, 5.982850283202145, 5.982850283188456, 5.982850283215917, 5.982850283184781, 5.982850283173647, 5.982850283206469, 5.982850283177243, 5.982850283215031, 5.982850283196215, 5.982850283214931, 5.982850283215818, 5.982850283215866, 5.9828502831763375, 5.982850283229087, 5.981735605151091, 5.981735605112556, 5.981735605112032, 5.981735605157892, 5.98173560520633, 5.98173560520606, 5.981735605136122, 5.981735605144862, 5.981735605157035, 5.981735605129616, 5.981735605160551, 5.9817356051728465, 5.981735605140518, 5.981735605169978, 5.9817356051322825, 5.981735605151086, 5.981735605132671, 5.981735605131959, 5.981735605131806, 5.981735605170342, 5.981735605119276, 5.981731690928489, 5.981731690974221, 5.981731690974654, 5.981731690926512, 5.981731690866886, 5.981731690866106, 5.981731690939931, 5.981731690934332, 5.98173169092646, 5.981731690949145, 5.981731690924566, 5.981731690909996, 5.981731690937675, 5.981731690911584, 5.981731690945177, 5.981731690928495, 5.981731690945047, 5.981731690943719, 5.981731690944717, 5.981731690911999, 5.981731690955933, 5.983168820621324, 5.983168820576928, 5.983168820576652, 5.9831688206178395, 5.983168820677732, 5.983168820677402, 5.983168820614018, 5.983168820616735, 5.983168820618336, 5.983168820604685, 5.983168820618978, 5.983168820634435, 5.983168820614306, 5.983168820634129, 5.983168820608624, 5.9831688206213345, 5.9831688206084435, 5.983168820611, 5.983168820609759, 5.983168820632881, 5.983168820601984, 5.985958176672975, 5.98595817670285, 5.985958176703005, 5.985958176680703, 5.985958176639067, 5.985958176638389, 5.9859581766760925, 5.985958176675312, 5.9859581766797625, 5.985958176683516, 5.985958176680484, 5.985958176666071, 5.9859581766774586, 5.985958176665361, 5.9859581766804695, 5.985958176672987, 5.985958176679965, 5.9859581766779995, 5.985958176679292, 5.98595817666649, 5.985958176683994, 5.987598760544545, 5.987598760537297, 5.987598760537291, 5.987598760535388, 5.987598760545914, 5.987598760545433, 5.987598760544545, 5.987598760544488, 5.987598760535885, 5.987598760542048, 5.9875987605345244, 5.987598760546328, 5.987598760543668, 5.987598760546583, 5.987598760542508, 5.987598760544538, 5.987598760542258, 5.987598760544512, 5.987598760543135, 5.987598760545852, 5.98759876054209, 5.986889417632752, 5.986889417618203, 5.986889417618193, 5.986889417640419, 5.986889417663464, 5.986889417663012, 5.986889417631524, 5.986889417630628, 5.986889417641276, 5.9868894176272285, 5.986889417642743, 5.986889417636456, 5.986889417631001, 5.986889417636135, 5.986889417629387, 5.986889417632753, 5.98688941762955, 5.986889417629224, 5.986889417629578, 5.986889417635854, 5.986889417627813, 5.98526001767644, 5.985260017706456, 5.985260017706614, 5.985260017671523, 5.985260017628694, 5.985260017628052, 5.985260017680886, 5.98526001768019, 5.98526001766985, 5.985260017687151, 5.985260017668368, 5.98526001766874, 5.985260017681139, 5.985260017668226, 5.9852600176845225, 5.9852600176764446, 5.985260017684203, 5.985260017683088, 5.9852600176829425, 5.985260017669729, 5.9852600176874855, 5.984785052436527, 5.984785052403412, 5.9847850524031125, 5.9847850524385935, 5.984785052482796, 5.984785052482407, 5.984785052429585, 5.9847850524325095, 5.984785052439663, 5.98478505242241, 5.98478505244101, 5.9847850524480695, 5.984785052429846, 5.984785052448363, 5.984785052424767, 5.984785052436532, 5.984785052425753, 5.984785052427251, 5.984785052426601, 5.984785052446413, 5.9847850524200865, 5.9857888625101765, 5.985788862532573, 5.985788862532947, 5.98578886251126, 5.985788862483497, 5.985788862482752, 5.985788862519158, 5.9857888625135605, 5.98578886251147, 5.985788862524582, 5.985788862510304, 5.985788862495929, 5.9857888625174915, 5.985788862497116, 5.985788862523107, 5.985788862510171, 5.985788862522485, 5.985788862521442, 5.985788862522222, 5.985788862497942, 5.985788862530664, 5.9866472909834805, 5.986647290976786, 5.986647290976374, 5.9866472909795405, 5.986647290982884, 5.986647290982457, 5.986647290972248, 5.986647290981175, 5.98664729097782, 5.986647290973616, 5.986647290978826, 5.986647290997313, 5.986647290977421, 5.986647290994804, 5.986647290972168, 5.986647290983473, 5.986647290972062, 5.98664729097223, 5.986647290971225, 5.986647290995647, 5.986647290963013, 5.986756659188969, 5.98675665918286, 5.986756659183219, 5.986756659195145, 5.986756659213576, 5.986756659212949, 5.98675665919767, 5.986756659189409, 5.986756659198393, 5.98675665919321, 5.9867566591981145, 5.986756659178563, 5.986756659192369, 5.986756659182355, 5.986756659195625, 5.986756659188961, 5.9867566591965975, 5.986756659197889, 5.986756659198312, 5.986756659179541, 5.986756659204941, 5.986752132281309, 5.9867521322944075, 5.9867521322942565, 5.986752132272533, 5.986752132249092, 5.986752132248581, 5.986752132277934, 5.986752132282618, 5.9867521322691974, 5.986752132282287, 5.986752132268253, 5.986752132284856, 5.986752132281338, 5.986752132281698, 5.986752132280853, 5.986752132281291, 5.9867521322798645, 5.986752132278132, 5.986752132277169, 5.986752132285286, 5.986752132274361, 5.986863782116695, 5.986863782105351, 5.986863782105236, 5.986863782127498, 5.9868637821435, 5.986863782143018, 5.986863782114403, 5.986863782114544, 5.986863782129014, 5.986863782110789, 5.986863782130995, 5.986863782121114, 5.986863782113214, 5.986863782122098, 5.986863782111328, 5.98686378211669, 5.986863782113057, 5.986863782112598, 5.986863782113224, 5.9868637821201, 5.986863782111309, 5.98676000206056, 5.986760002064418, 5.986760002064753, 5.986760002050149, 5.986760002047726, 5.986760002047073, 5.986760002069541, 5.986760002063389, 5.986760002051376, 5.986760002069098, 5.986760002048447, 5.986760002049176, 5.986760002065451, 5.986760002051433, 5.986760002069656, 5.986760002060548, 5.986760002069313, 5.986760002070969, 5.986760002070058, 5.986760002050896, 5.986760002076533, 5.986549587016616, 5.986549587017684, 5.986549587017296, 5.9865495870240455, 5.986549587014643, 5.986549587014197, 5.986549587003637, 5.986549587013849, 5.986549587020572, 5.986549587008194, 5.986549587023461, 5.986549587031256, 5.986549587011284, 5.986549587026756, 5.986549587006471, 5.9865495870166106, 5.986549587005546, 5.986549587003005, 5.986549587003489, 5.9865495870296295, 5.98654958699499, 5.986747384958583, 5.986747384956763, 5.9867473849572175, 5.986747384956866, 5.986747384970433, 5.986747384969783, 5.9867473849696005, 5.986747384960296, 5.986747384961035, 5.9867473849656845, 5.986747384959313, 5.986747384944748, 5.986747384963185, 5.986747384949645, 5.98674738496751, 5.986747384958593, 5.986747384968152, 5.986747384971373, 5.986747384971158, 5.986747384945902, 5.9867473849798545, 5.987258804437679, 5.987258804437507, 5.987258804437274, 5.987258804431503, 5.987258804426906, 5.987258804426452, 5.987258804430833, 5.9872588044368955, 5.98725880442888, 5.987258804432741, 5.987258804428824, 5.987258804446393, 5.987258804434775, 5.98725880444338, 5.987258804431956, 5.987258804437669, 5.987258804430831, 5.98725880443029, 5.987258804429426, 5.987258804445809, 5.98725880442387, 5.987403632768901, 5.987403632774367, 5.987403632774458, 5.987403632782005, 5.98740363277538, 5.987403632774784, 5.987403632770228, 5.987403632768621, 5.987403632782068, 5.987403632771009, 5.987403632783868, 5.98740363276715, 5.987403632769846, 5.987403632766881, 5.987403632770897, 5.987403632768901, 5.987403632771095, 5.987403632768963, 5.987403632770424, 5.9874036327672675, 5.9874036327719375, 5.987084881985325, 5.987084881975108, 5.987084881975258, 5.987084881969007, 5.9870848819840266, 5.987084881983489, 5.987084881990621, 5.987084881986838, 5.987084881971034, 5.987084881985832, 5.987084881967688, 5.987084881980938, 5.987084881985978, 5.987084881983701, 5.987084881986931, 5.987084881985329, 5.987084881987402, 5.98708488199121, 5.98708488198923, 5.987084881981293, 5.987084881991766, 5.986986386251989, 5.98698638626089, 5.986986386260642, 5.986986386267049, 5.986986386250211, 5.986986386249683, 5.986986386244298, 5.986986386250195, 5.986986386264401, 5.986986386249063, 5.9869863862676995, 5.986986386260102, 5.986986386249747, 5.9869863862564, 5.986986386247559, 5.9869863862519885, 5.986986386246977, 5.9869863862430766, 5.986986386244703, 5.986986386259156, 5.986986386240281, 5.987325878731208, 5.987325878727951, 5.987325878728204, 5.987325878722515, 5.987325878732896, 5.9873258787322765, 5.987325878738251, 5.987325878732733, 5.987325878724187, 5.987325878735737, 5.9873258787218475, 5.987325878722644, 5.987325878734512, 5.987325878725135, 5.987325878737252, 5.987325878731198, 5.987325878737041, 5.987325878739504, 5.9873258787386066, 5.987325878723666, 5.987325878743679, 5.987638800244299, 5.9876388002405605, 5.987638800240327, 5.987638800243631, 5.9876388002479155, 5.987638800247405, 5.9876388002390835, 5.98763880024294, 5.987638800243733, 5.987638800238869, 5.987638800244291, 5.987638800250855, 5.987638800240923, 5.987638800250351, 5.987638800238236, 5.987638800244297, 5.987638800238631, 5.987638800239112, 5.987638800238762, 5.987638800249733, 5.987638800235198, 5.987507025070019, 5.987507025081745, 5.98750702508183, 5.987507025078698, 5.987507025063217, 5.987507025062532, 5.9875070250717455, 5.987507025070664, 5.987507025077942, 5.987507025075365, 5.987507025079007, 5.987507025066263, 5.987507025072871, 5.987507025065147, 5.987507025074833, 5.987507025070026, 5.987507025074245, 5.9875070250715625, 5.987507025072887, 5.987507025067001, 5.987507025075214, 5.987170961717311, 5.987170961700434, 5.987170961700364, 5.987170961703949, 5.987170961725876, 5.987170961725368, 5.987170961717986, 5.987170961717255, 5.987170961704497, 5.987170961713087, 5.987170961702178, 5.987170961718684, 5.987170961715509, 5.987170961720362, 5.987170961714247, 5.987170961717308, 5.9871709617148765, 5.987170961718021, 5.98717096171612, 5.987170961718377, 5.987170961715247, 5.987161377491809, 5.987161377507597, 5.987161377507533, 5.987161377506099, 5.987161377484709, 5.987161377484069, 5.987161377490926, 5.987161377491811, 5.987161377506041, 5.987161377494789, 5.987161377508437, 5.987161377491524, 5.987161377492423, 5.987161377490541, 5.9871613774930195, 5.987161377491791, 5.987161377493654, 5.987161377490444, 5.987161377492201, 5.987161377491269, 5.987161377492971, 5.987517059659139, 5.987517059648767, 5.987517059648734, 5.987517059648347, 5.987517059662803, 5.987517059662267, 5.987517059659574, 5.987517059659308, 5.987517059647907, 5.9875170596572085, 5.987517059646102, 5.987517059659834, 5.987517059659035, 5.9875170596596226, 5.9875170596586615, 5.987517059659139, 5.987517059658072, 5.9875170596592495, 5.987517059657961, 5.987517059660176, 5.987517059657176, 5.98786411969166, 5.987864119694882, 5.987864119694866, 5.987864119695854, 5.987864119694427, 5.987864119693797, 5.9878641196925395, 5.9878641196916025, 5.98786411969658, 5.987864119692542, 5.987864119697078, 5.987864119690006, 5.98786411969193, 5.98786411969099, 5.987864119692297, 5.98786411969166, 5.987864119692964, 5.987864119693151, 5.987864119693487, 5.987864119689708, 5.9878641196950015, 5.987855793566432, 5.987855793571384, 5.987855793571275, 5.987855793569034, 5.987855793560488, 5.987855793559888, 5.987855793563568, 5.987855793566103, 5.9878557935684125, 5.987855793566042, 5.987855793569146, 5.987855793569043, 5.987855793565875, 5.987855793567713, 5.987855793565102, 5.987855793566419, 5.987855793564839, 5.987855793563776, 5.987855793564094, 5.9878557935686265, 5.987855793562797, 5.987637798096964, 5.987637798086345, 5.9876377980864115, 5.987637798089161, 5.987637798104623, 5.987637798104046, 5.98763779809996, 5.987637798097315, 5.987637798089811, 5.987637798097241, 5.987637798088174, 5.987637798094364, 5.987637798097913, 5.987637798095328, 5.987637798098583, 5.987637798096959, 5.987637798098249, 5.98763779809988, 5.987637798098972, 5.987637798094822, 5.987637798100434, 5.987553005118398]
Total optimisation time observed during ADAM optimization: 581.194183 seconds
Median time per evaluation during ADAM optimization: 1.157882 seconds
5.987553005118398
QAOA optimisation for n=7 took 611.32 seconds; started at 1777597858.1994398 and finished at 1777598469.515223
Finished QAOA for n=10 nodes, m=15 edges at 2026-05-01 03:21:09 on Apple M4. Time taken: 611.32 seconds. Hours: 0.17 hours. Peak RAM: 368.84 MB.
Unknown graph type for approximation ratio calculation; skipping approx ratio computation.
CSV writing for n=7 took 0.00 seconds; started at 1777598469.5152278 and finished at 1777598469.5157099
results: {7: 5.987553005118398}
durations: {10: 611.3157849311829}
Results saved to: logs/adam/qaoa_results_adam_20260430_200911.csv
Global end time: 1777598469.515714
Finalisation time: 0.00 seconds; started at 1777598469.515711 and finished at 1777598469.515719
Sum of all section times: 611.40 seconds
