2026-05-01 07:28:02.512 system_profiler[13629:2751046] hw.cpufamily: 0x6f5129ac
Starting QAOA benchmark with global start time: 1777613282.447562
Benchmark parameters: {'optimiser': 'adam', 'circuit_type': 'hamqaoa', 'parameter_vector': [1, 1, 1], 'iterations_list': [50, 100, 200, 500], 'learning_rate_adam': 0.05, 'depth_list': [1, 2, 5, 10], 'n_start': 0, 'n_end': 30, 'singlet_injection': False, 'start_index_singlet': 0, 'warm_start': True, 'compare_with_010101': False, 'warm_start_correlations': False, 'init_QAOAparams_close_to_zero': False, 'use_correlations_as_initial_params': False, 'time_limit': 10800, 'failed_instance_termination_thrsh': 10, 'graph_generation_type': 'HOG', 'weighted': False, 'easiest_first': True, 'cpu_util_threshold': 90, 'debug': False, 'save_circuit_svg': False, 'rerun_exclude_finished_instances': False, 'optimiser_debug_iterations': 1, 'relative_graph_adjList_path': '/Users/julian_dev/Projects/MasterThesis/QAOA/HOG_graphs/list_27_graphs_adjacency_list.txt'}, Running QAOA with equal superposition
Benchmark run ID: b377e398
Processor: Apple M4
Hostname: Mac-mini-som-tillhor-Julian.local
Total RAM (GB): 16.0
Physical cores: 10
Logical cores: 10
Python version: 3.13.1
Initialisation time: 0.08 seconds; started at {'initialisation': 0.08321213722229004} and finished at 1777613282.530782
Loaded HOG graph index 17 with 15 edges.
Instance generation for n=17 took 0.00 seconds; started at 1777613282.530787 and finished at 1777613282.5310879
Running QAOA for n=10 nodes, m=15 edges...; Max iterations: 500
Warm-start: using parameter_vector=[1, 1, 1]
Warm-start: starting SDP solve for n_vertices=10
Starting SDP solve (solver preference: MOSEK, fallback: SCS) for n_vertices=10, matrix_dim=30, edges=15
Finished SDP solve with MOSEK. status=optimal. elapsed_seconds=0.07
Rounding...
n_vertices: 10 for n = 30
Using seed None to generate random matrix for x.
r_0: [0.3296032  0.31467143 0.89013686]
Product state qubit 0: [[0.94506843+0.j         0.1648016 -0.15733571j]
 [0.1648016 +0.15733571j 0.05493157+0.j        ]]
Diagonal entries of product state 0: [0.94506843 0.05493157]
r_1: [-0.3885561  -0.23756652 -0.89027316]
Product state qubit 1: [[ 0.05486342+0.j         -0.19427805+0.11878326j]
 [-0.19427805-0.11878326j  0.94513658+0.j        ]]
Diagonal entries of product state 1: [0.05486342 0.94513658]
r_2: [-0.33893233 -0.30285505 -0.89073211]
Product state qubit 2: [[ 0.05463394+0.j         -0.16946616+0.15142752j]
 [-0.16946616-0.15142752j  0.94536606+0.j        ]]
Diagonal entries of product state 2: [0.05463394 0.94536606]
r_3: [-0.25973378 -0.3980308  -0.87983512]
Product state qubit 3: [[ 0.06008244+0.j        -0.12986689+0.1990154j]
 [-0.12986689-0.1990154j  0.93991756+0.j       ]]
Diagonal entries of product state 3: [0.06008244 0.93991756]
r_4: [-0.2743258  -0.38135849 -0.88278596]
Product state qubit 4: [[ 0.05860702+0.j         -0.1371629 +0.19067925j]
 [-0.1371629 -0.19067925j  0.94139298+0.j        ]]
Diagonal entries of product state 4: [0.05860702 0.94139298]
r_5: [-0.19241443 -0.47047119 -0.86118148]
Product state qubit 5: [[ 0.06940926+0.j        -0.09620722+0.2352356j]
 [-0.09620722-0.2352356j  0.93059074+0.j       ]]
Diagonal entries of product state 5: [0.06940926 0.93059074]
r_6: [0.24689729 0.41248419 0.87686859]
Product state qubit 6: [[0.93843429+0.j        0.12344864-0.2062421j]
 [0.12344864+0.2062421j 0.06156571+0.j       ]]
Diagonal entries of product state 6: [0.93843429 0.06156571]
r_7: [0.37210058 0.25971458 0.89111699]
Product state qubit 7: [[0.9455585 +0.j         0.18605029-0.12985729j]
 [0.18605029+0.12985729j 0.0544415 +0.j        ]]
Diagonal entries of product state 7: [0.9455585 0.0544415]
r_8: [0.1599268  0.50354821 0.84903629]
Product state qubit 8: [[0.92451814+0.j        0.0799634 -0.2517741j]
 [0.0799634 +0.2517741j 0.07548186+0.j       ]]
Diagonal entries of product state 8: [0.92451814 0.07548186]
r_9: [0.31759412 0.32962818 0.88908899]
Product state qubit 9: [[0.9445445 +0.j         0.15879706-0.16481409j]
 [0.15879706+0.16481409j 0.0554555 +0.j        ]]
Diagonal entries of product state 9: [0.9445445 0.0554555]
y_scalar: False
[1, -1, -1, -1, -1, -1, 1, 1, 1, 1]
Hamiltonian equals product state? [[False False False False]
 [False False False False]
 [False False False False]
 [False False False False]]
Hamiltonian: [[ 0. +0.j  0. +0.j  0. +0.j  0. +0.j]
 [ 0. +0.j  0.5+0.j -0.5+0.j  0. +0.j]
 [ 0. +0.j -0.5+0.j  0.5+0.j  0. +0.j]
 [ 0. +0.j  0. +0.j  0. +0.j  0. +0.j]], product state: [[ 0.05165959+0.j          0.01016466-0.00709462j -0.16024017+0.14318358j
  -0.01186526+0.05017955j]
 [ 0.01016466+0.00709462j  0.00297435+0.j         -0.0511932 +0.00616672j
  -0.00922599+0.00824394j]
 [-0.16024017-0.14318358j -0.0511932 -0.00616672j  0.89389891+0.j
   0.17588563-0.12276268j]
 [-0.01186526-0.05017955j -0.00922599-0.00824394j  0.17588563+0.12276268j
   0.05146715+0.j        ]]
Hamiltonian equals product state? [[False False False False]
 [False False False False]
 [False False False False]
 [False False False False]]
Hamiltonian: [[ 0. +0.j  0. +0.j  0. +0.j  0. +0.j]
 [ 0. +0.j  0.5+0.j -0.5+0.j  0. +0.j]
 [ 0. +0.j -0.5+0.j  0.5+0.j  0. +0.j]
 [ 0. +0.j  0. +0.j  0. +0.j  0. +0.j]], product state: [[ 0.05184968+0.j         -0.18360605+0.11225831j  0.00904158-0.00863198j
  -0.01332849+0.05014255j]
 [-0.18360605-0.11225831j  0.89321874+0.j         -0.05070618+0.0109912j
   0.15576002-0.14870374j]
 [ 0.00904158+0.00863198j -0.05070618-0.0109912j   0.00301373+0.j
  -0.010672  +0.00652495j]
 [-0.01332849-0.05014255j  0.15576002+0.14870374j -0.010672  -0.00652495j
   0.05191784+0.j        ]]
Hamiltonian equals product state? [[False False False False]
 [False False False False]
 [False False False False]
 [False False False False]]
Hamiltonian: [[ 0. +0.j  0. +0.j  0. +0.j  0. +0.j]
 [ 0. +0.j  0.5+0.j -0.5+0.j  0. +0.j]
 [ 0. +0.j -0.5+0.j  0.5+0.j  0. +0.j]
 [ 0. +0.j  0. +0.j  0. +0.j  0. +0.j]], product state: [[ 5.54163641e-02+0.j          1.09038527e-02-0.00761055j
  -1.29695545e-01+0.18029838j -7.58106504e-04+0.05328753j]
 [ 1.09038527e-02+0.00761055j  3.19065419e-03+0.j
  -5.02802874e-02+0.01766433j -7.46735443e-03+0.01038086j]
 [-1.29695545e-01-0.18029838j -5.02802874e-02-0.01766433j
   8.90142132e-01+0.j          1.75146436e-01-0.12224674j]
 [-7.58106504e-04-0.05328753j -7.46735443e-03-0.01038086j
   1.75146436e-01+0.12224674j  5.12508492e-02+0.j        ]]
Hamiltonian equals product state? [[False False False False]
 [False False False False]
 [False False False False]
 [False False False False]]
Hamiltonian: [[ 0. +0.j  0. +0.j  0. +0.j  0. +0.j]
 [ 0. +0.j  0.5+0.j -0.5+0.j  0. +0.j]
 [ 0. +0.j -0.5+0.j  0.5+0.j  0. +0.j]
 [ 0. +0.j  0. +0.j  0. +0.j  0. +0.j]], product state: [[ 0.0555473 +0.j          0.0048044 -0.0151272j  -0.1200643 +0.18399335j
   0.03972233+0.04861107j]
 [ 0.0048044 +0.0151272j   0.00453513+0.j         -0.06049152-0.01678317j
  -0.00980259+0.01502205j]
 [-0.1200643 -0.18399335j -0.06049152+0.01678317j  0.86897084+0.j
   0.075159  -0.2366469j ]
 [ 0.03972233-0.04861107j -0.00980259-0.01502205j  0.075159  +0.2366469j
   0.07094672+0.j        ]]
Hamiltonian equals product state? [[False False False False]
 [False False False False]
 [False False False False]
 [False False False False]]
Hamiltonian: [[ 0. +0.j  0. +0.j  0. +0.j  0. +0.j]
 [ 0. +0.j  0.5+0.j -0.5+0.j  0. +0.j]
 [ 0. +0.j -0.5+0.j  0.5+0.j  0. +0.j]
 [ 0. +0.j  0. +0.j  0. +0.j  0. +0.j]], product state: [[ 0.05182094+0.j          0.00871215-0.00904226j -0.18350426+0.11219607j
  -0.01127363+0.05088219j]
 [ 0.00871215+0.00904226j  0.00304248+0.j         -0.05042794-0.01315733j
  -0.01077379+0.00658719j]
 [-0.18350426-0.11219607j -0.05042794+0.01315733j  0.89272356+0.j
   0.15008491-0.15577182j]
 [-0.01127363-0.05088219j -0.01077379-0.00658719j  0.15008491+0.15577182j
   0.05241303+0.j        ]]
Hamiltonian equals product state? [[False False False False]
 [False False False False]
 [False False False False]
 [False False False False]]
Hamiltonian: [[ 0. +0.j  0. +0.j  0. +0.j  0. +0.j]
 [ 0. +0.j  0.5+0.j -0.5+0.j  0. +0.j]
 [ 0. +0.j -0.5+0.j  0.5+0.j  0. +0.j]
 [ 0. +0.j  0. +0.j  0. +0.j  0. +0.j]], product state: [[ 0.05160419+0.j          0.00867571-0.00900444j -0.16006833+0.14303004j
  -0.00195334+0.05197666j]
 [ 0.00867571+0.00900444j  0.00302975+0.j         -0.05186812-0.00388417j
  -0.00939783+0.00839749j]
 [-0.16006833-0.14303004j -0.05186812+0.00388417j  0.89294031+0.j
   0.15012135-0.15580965j]
 [-0.00195334-0.05197666j -0.00939783-0.00839749j  0.15012135+0.15580965j
   0.05242575+0.j        ]]
Hamiltonian equals product state? [[False False False False]
 [False False False False]
 [False False False False]
 [False False False False]]
Hamiltonian: [[ 0. +0.j  0. +0.j  0. +0.j  0. +0.j]
 [ 0. +0.j  0.5+0.j -0.5+0.j  0. +0.j]
 [ 0. +0.j -0.5+0.j  0.5+0.j  0. +0.j]
 [ 0. +0.j  0. +0.j  0. +0.j  0. +0.j]], product state: [[ 0.05678201+0.j         -0.1227331 +0.18808317j  0.00990168-0.00945311j
   0.00990996+0.05323076j]
 [-0.1227331 -0.18808317j  0.88828641+0.j         -0.0527145 -0.01236536j
   0.15489992-0.1478826j ]
 [ 0.00990168+0.00945311j -0.0527145 +0.01236536j  0.00330042+0.j
  -0.00713379+0.01093223j]
 [ 0.00990996-0.05323076j  0.15489992+0.1478826j  -0.00713379-0.01093223j
   0.05163115+0.j        ]]
Hamiltonian equals product state? [[False False False False]
 [False False False False]
 [False False False False]
 [False False False False]]
Hamiltonian: [[ 0. +0.j  0. +0.j  0. +0.j  0. +0.j]
 [ 0. +0.j  0.5+0.j -0.5+0.j  0. +0.j]
 [ 0. +0.j -0.5+0.j  0.5+0.j  0. +0.j]
 [ 0. +0.j  0. +0.j  0. +0.j  0. +0.j]], product state: [[ 0.05499884+0.j          0.00723496-0.01208723j -0.12871837+0.17893994j
   0.02239351+0.05182786j]
 [ 0.00723496+0.01208723j  0.00360818+0.j         -0.05625866-0.00474967j
  -0.00844453+0.0117393j ]
 [-0.12871837-0.17893994j -0.05625866+0.00474967j  0.88343546+0.j
   0.11621369-0.19415486j]
 [ 0.02239351-0.05182786j -0.00844453-0.0117393j   0.11621369+0.19415486j
   0.05795752+0.j        ]]
Hamiltonian equals product state? [[False False False False]
 [False False False False]
 [False False False False]
 [False False False False]]
Hamiltonian: [[ 0. +0.j  0. +0.j  0. +0.j  0. +0.j]
 [ 0. +0.j  0.5+0.j -0.5+0.j  0. +0.j]
 [ 0. +0.j -0.5+0.j  0.5+0.j  0. +0.j]
 [ 0. +0.j  0. +0.j  0. +0.j  0. +0.j]], product state: [[ 0.06513603+0.j          0.00856848-0.01431511j -0.09028415+0.22075315j
   0.03663883+0.04888149j]
 [ 0.00856848+0.01431511j  0.00427323+0.j         -0.06039213+0.00919754j
  -0.00592307+0.01448245j]
 [-0.09028415-0.22075315j -0.06039213-0.00919754j  0.87329826+0.j
   0.11488017-0.19192699j]
 [ 0.03663883-0.04888149j -0.00592307-0.01448245j  0.11488017+0.19192699j
   0.05729248+0.j        ]]
Hamiltonian equals product state? [[False False False False]
 [False False False False]
 [False False False False]
 [False False False False]]
Hamiltonian: [[ 0. +0.j  0. +0.j  0. +0.j  0. +0.j]
 [ 0. +0.j  0.5+0.j -0.5+0.j  0. +0.j]
 [ 0. +0.j -0.5+0.j  0.5+0.j  0. +0.j]
 [ 0. +0.j  0. +0.j  0. +0.j  0. +0.j]], product state: [[ 0.87418599+0.j          0.07561007-0.23806714j  0.17200687-0.12005542j
  -0.01781749-0.05722648j]
 [ 0.07561007+0.23806714j  0.07137251+0.j          0.04757192+0.03645881j
   0.01404342-0.00980187j]
 [ 0.17200687+0.12005542j  0.04757192-0.03645881j  0.05033216+0.j
   0.00435333-0.01370696j]
 [-0.01781749+0.05722648j  0.01404342+0.00980187j  0.00435333+0.01370696j
   0.00410935+0.j        ]]
Hamiltonian equals product state? [[False False False False]
 [False False False False]
 [False False False False]
 [False False False False]]
Hamiltonian: [[ 0. +0.j  0. +0.j  0. +0.j  0. +0.j]
 [ 0. +0.j  0.5+0.j -0.5+0.j  0. +0.j]
 [ 0. +0.j -0.5+0.j  0.5+0.j  0. +0.j]
 [ 0. +0.j  0. +0.j  0. +0.j  0. +0.j]], product state: [[ 0.00380803+0.j         -0.00527826+0.01290583j -0.0134847 +0.00824466j
  -0.0092511 -0.05712892j]
 [-0.00527826-0.01290583j  0.05105539+0.j          0.046633  +0.03427331j
  -0.18079336+0.1105386j ]
 [-0.0134847 -0.00824466j  0.046633  -0.03427331j  0.06560123+0.j
  -0.09092896+0.22232977j]
 [-0.0092511 +0.05712892j -0.18079336-0.1105386j  -0.09092896-0.22232977j
   0.87953535+0.j        ]]
Hamiltonian equals product state? [[False False False False]
 [False False False False]
 [False False False False]
 [False False False False]]
Hamiltonian: [[ 0. +0.j  0. +0.j  0. +0.j  0. +0.j]
 [ 0. +0.j  0.5+0.j -0.5+0.j  0. +0.j]
 [ 0. +0.j -0.5+0.j  0.5+0.j  0. +0.j]
 [ 0. +0.j  0. +0.j  0. +0.j  0. +0.j]], product state: [[ 0.06556013+0.j          0.01102199-0.01143962j -0.090872  +0.22219049j
   0.02349272+0.05321103j]
 [ 0.01102199+0.01143962j  0.00384913+0.j         -0.05404756+0.02149842j
  -0.00533522+0.01304511j]
 [-0.090872  -0.22219049j -0.05404756-0.02149842j  0.87898436+0.j
   0.14777508-0.15337447j]
 [ 0.02349272-0.05321103j -0.00533522-0.01304511j  0.14777508+0.15337447j
   0.05160638+0.j        ]]
Hamiltonian equals product state? [[False False False False]
 [False False False False]
 [False False False False]
 [False False False False]]
Hamiltonian: [[ 0. +0.j  0. +0.j  0. +0.j  0. +0.j]
 [ 0. +0.j  0.5+0.j -0.5+0.j  0. +0.j]
 [ 0. +0.j -0.5+0.j  0.5+0.j  0. +0.j]
 [ 0. +0.j  0. +0.j  0. +0.j  0. +0.j]], product state: [[ 0.05418325+0.j          0.00468642-0.01475573j -0.12680959+0.17628642j
   0.03704008+0.04978143j]
 [ 0.00468642+0.01475573j  0.00442377+0.j         -0.05897611-0.01928671j
  -0.01035331+0.01439282j]
 [-0.12680959-0.17628642j -0.05897611+0.01928671j  0.87033489+0.j
   0.07527698-0.23701838j]
 [ 0.03704008-0.04978143j -0.01035331-0.01439282j  0.07527698+0.23701838j
   0.07105809+0.j        ]]
Hamiltonian equals product state? [[False False False False]
 [False False False False]
 [False False False False]
 [False False False False]]
Hamiltonian: [[ 0. +0.j  0. +0.j  0. +0.j  0. +0.j]
 [ 0. +0.j  0.5+0.j -0.5+0.j  0. +0.j]
 [ 0. +0.j -0.5+0.j  0.5+0.j  0. +0.j]
 [ 0. +0.j  0. +0.j  0. +0.j  0. +0.j]], product state: [[ 0.05163282+0.j         -0.16015712+0.14310937j  0.00900376-0.00859587j
  -0.00410334+0.05161858j]
 [-0.16015712-0.14310937j  0.89343561+0.j         -0.05175325+0.00170758j
   0.15579784-0.14873984j]
 [ 0.00900376+0.00859587j -0.05175325-0.00170758j  0.00300113+0.j
  -0.00930904+0.00831815j]
 [-0.00410334-0.05161858j  0.15579784+0.14873984j -0.00930904-0.00831815j
   0.05193044+0.j        ]]
Hamiltonian equals product state? [[False False False False]
 [False False False False]
 [False False False False]
 [False False False False]]
Hamiltonian: [[ 0. +0.j  0. +0.j  0. +0.j  0. +0.j]
 [ 0. +0.j  0.5+0.j -0.5+0.j  0. +0.j]
 [ 0. +0.j -0.5+0.j  0.5+0.j  0. +0.j]
 [ 0. +0.j  0. +0.j  0. +0.j  0. +0.j]], product state: [[ 0.05638342+0.j          0.0074171 -0.01239153j -0.12187154+0.18676288j
   0.02501346+0.0513522j ]
 [ 0.0074171 +0.01239153j  0.00369902+0.j         -0.05707724-0.00221584j
  -0.00799535+0.01225252j]
 [-0.12187154-0.18676288j -0.05707724+0.00221584j  0.88205087+0.j
   0.11603155-0.19385057j]
 [ 0.02501346-0.0513522j  -0.00799535-0.01225252j  0.11603155+0.19385057j
   0.05786669+0.j        ]]
Energy of rounded cut: 6.504993107359146
Check the cut: [1, -1, -1, -1, -1, -1, 1, 1, 1, 1]
13 in cut out of a total of 15 edges
Warm-start: SDP solve + rounding finished in 0.08 seconds
Warm-start: statevector build finished in 0.00 seconds
warm_start_correlations: None
Edges: [(2, 7), (0, 1), (4, 7), (3, 8), (1, 9), (2, 9), (0, 3), (4, 6), (5, 6), (7, 8), (1, 5), (5, 9), (4, 8), (0, 2), (3, 6)], weights: [1.0, 1.0, 1.0, 1.0, 1.0, 1.0, 1.0, 1.0, 1.0, 1.0, 1.0, 1.0, 1.0, 1.0, 1.0], set of nodes: {0, 1, 2, 3, 4, 5, 6, 7, 8, 9}, n: 10 nodes, p: 5 layers, N_bayes: 500 iterations
Initial state injected as warm start
Initial state energy for vector-normalised SDP solution used as warm start: 2.527252299455892
Running ADAM optimization with a single iteration (no debug loop)
ADAM optimizer configured with maxiter=500 and learning_rate=0.05
Generated 4 random initial parameter sets for ADAM optimization
Using random initial parameters with:
Param_type 1:  [ 2.42174248 -2.13266581  2.77013283  1.24844013  0.33085858]
Param_type 2:  [ 0.27065271  0.98075034  2.96299538 -0.53246925 -1.53780372]
Param_type 3:  [-2.99034212  1.57246556  2.33817243  2.12719619  2.54152471]
Param_type 4:  [-0.22779108 -0.63516835 -0.39236547  2.02039288 -0.34609347]
Energies observed during ADAM optimization: [3.688226250496117, 3.6882262505066024, 3.6882262504628405, 3.6882262505127263, 3.6882262504743526, 3.6882262505054033, 3.688226250453421, 3.688226250551738, 3.688226250420427, 3.6882262504948398, 3.688226250536114, 3.68822625043513, 3.6882262504938046, 3.6882262504932863, 3.6882262504959753, 3.6882262504961236, 3.6882262504917733, 3.6882262504679546, 3.6882262504644827, 3.6882262504789067, 3.6882262505101826, 3.7823250205249774, 3.7823250205145436, 3.7823250204735395, 3.7823250205352403, 3.7823250205084316, 3.782325020526078, 3.7823250205510974, 3.782325020489199, 3.782325020491759, 3.7823250205597647, 3.7823250205348917, 3.782325020489405, 3.7823250205441994, 3.7823250205640213, 3.7823250205244703, 3.7823250205249774, 3.782325020520267, 3.7823250205376544, 3.78232502055913, 3.782325020556893, 3.7823250204901484, 3.8708840393148454, 3.8708840393505426, 3.8708840393127177, 3.8708840392854245, 3.870884039300946, 3.8708840393395403, 3.8708840393578807, 3.8708840392844786, 3.870884039292644, 3.870884039371661, 3.8708840393054325, 3.8708840392924504, 3.870884039311284, 3.8708840393649724, 3.8708840393178696, 3.8708840393148445, 3.870884039351583, 3.870884039308752, 3.870884039325525, 3.870884039332037, 3.870884039300352, 3.9809329291225732, 3.9809329291648567, 3.9809329291458555, 3.980932929073045, 3.9809329291248137, 3.98093292916257, 3.9809329291854114, 3.9809329291038895, 3.9809329291058453, 3.9809329292113533, 3.9809329290992905, 3.9809329291151823, 3.980932929094082, 3.9809329291565483, 3.9809329291308515, 3.9809329291225715, 3.9809329291815487, 3.9809329290935085, 3.9809329290896285, 3.9809329291001068, 3.9809329291547058, 4.144060906018, 4.144060906032992, 4.1440609059957705, 4.1440609059795985, 4.1440609060257225, 4.1440609060602505, 4.144060906083393, 4.144060906004491, 4.144060906004447, 4.144060906155731, 4.144060905977906, 4.144060906005253, 4.144060905975682, 4.144060906035464, 4.144060906032883, 4.144060906017993, 4.144060906057778, 4.144060906000461, 4.144060905984428, 4.144060905980845, 4.1440609060722196, 4.346985365933629, 4.346985365930631, 4.346985365862062, 4.346985365918061, 4.346985365938547, 4.346985365967496, 4.346985365991113, 4.346985365953023, 4.346985365943682, 4.346985366093193, 4.346985365887521, 4.346985365898652, 4.34698536588725, 4.34698536594634, 4.346985365951227, 4.34698536593363, 4.346985365942691, 4.346985365954287, 4.3469853659236, 4.346985365914994, 4.346985365970021, 4.493088102212987, 4.493088102220151, 4.493088102130809, 4.493088102255263, 4.49308810221577, 4.493088102203534, 4.493088102229061, 4.493088102276663, 4.493088102252638, 4.493088102339462, 4.493088102185274, 4.49308810216978, 4.493088102177915, 4.493088102221769, 4.493088102227401, 4.493088102212995, 4.493088102190325, 4.493088102276896, 4.493088102238781, 4.493088102243752, 4.493088102190663, 4.583912493245658, 4.583912493271019, 4.583912493185669, 4.583912493351577, 4.583912493242406, 4.583912493193299, 4.5839124932124236, 4.583912493326532, 4.583912493298666, 4.583912493337119, 4.5839124932523925, 4.583912493210414, 4.583912493229288, 4.583912493249107, 4.583912493255156, 4.583912493245653, 4.583912493205369, 4.583912493316243, 4.583912493282617, 4.5839124932986755, 4.583912493190194, 4.692107141433515, 4.692107141462891, 4.69210714143271, 4.69210714158347, 4.692107141442191, 4.692107141383183, 4.692107141379149, 4.692107141508241, 4.6921071414879165, 4.692107141494814, 4.692107141469881, 4.69210714141576, 4.69210714143422, 4.692107141439203, 4.692107141439124, 4.69210714143351, 4.69210714140235, 4.692107141481925, 4.692107141435211, 4.692107141447488, 4.692107141412948, 4.767375324042555, 4.767375324048629, 4.767375324109139, 4.767375324216469, 4.767375324068838, 4.7673753240279115, 4.7673753240130585, 4.767375324081272, 4.767375324082705, 4.7673753240496595, 4.767375324103774, 4.767375324047539, 4.767375324055999, 4.767375324059716, 4.767375324045915, 4.767375324042554, 4.767375324041966, 4.767375324038658, 4.7673753239822565, 4.767375323981646, 4.767375324094963, 4.823175538986388, 4.823175538956224, 4.823175539054222, 4.823175539163133, 4.82317553900626, 4.823175539004603, 4.823175538982034, 4.823175538983813, 4.823175539014274, 4.823175538943666, 4.8231755390712046, 4.82317553901907, 4.823175539013238, 4.823175539015724, 4.823175538988942, 4.823175538986389, 4.823175538999555, 4.823175538936007, 4.823175538902969, 4.823175538884578, 4.82317553907462, 4.917345009106546, 4.9173450090742525, 4.917345009107251, 4.917345009246341, 4.917345009102736, 4.91734500912648, 4.917345009074273, 4.917345009080326, 4.9173450091435456, 4.917345009059137, 4.917345009202515, 4.917345009155166, 4.917345009135886, 4.917345009138266, 4.917345009110125, 4.91734500910655, 4.917345009102799, 4.917345009060669, 4.9173450090655235, 4.91734500903468, 4.917345009155398, 4.984988491874922, 4.984988491848456, 4.984988491772341, 4.9849884919159235, 4.984988491826628, 4.984988491852541, 4.984988491788905, 4.984988491812563, 4.984988491918844, 4.984988491855442, 4.984988491962452, 4.984988491914604, 4.984988491877884, 4.984988491895801, 4.984988491880366, 4.984988491874918, 4.984988491827636, 4.984988491886917, 4.984988491923863, 4.9849884918958285, 4.984988491819863, 5.037450908331044, 5.037450908315169, 5.037450908223087, 5.0374509083147325, 5.0374509082794106, 5.037450908301427, 5.037450908225716, 5.037450908248237, 5.037450908366207, 5.037450908324587, 5.037450908398344, 5.037450908352723, 5.0374509083119285, 5.037450908336376, 5.037450908334579, 5.037450908331046, 5.037450908275904, 5.037450908372309, 5.037450908414404, 5.037450908393282, 5.0374509082295305, 5.110921006905107, 5.110921006943339, 5.110921006928455, 5.110921006921971, 5.110921006929541, 5.110921006951291, 5.110921006811595, 5.110921006855791, 5.11092100692651, 5.110921006881505, 5.110921006949871, 5.110921006912558, 5.110921006884706, 5.110921006899306, 5.1109210069036255, 5.110921006905106, 5.110921006903512, 5.110921006903592, 5.110921006923321, 5.110921006905796, 5.110921006873098, 5.141674235191266, 5.141674235263885, 5.141674235307988, 5.141674235232733, 5.1416742352714095, 5.141674235291268, 5.141674235117693, 5.141674235181285, 5.141674235199848, 5.1416742351590505, 5.141674235221712, 5.141674235193119, 5.14167423517185, 5.141674235180171, 5.141674235187339, 5.141674235191266, 5.141674235232341, 5.141674235146638, 5.141674235146388, 5.14167423513514, 5.141674235226929, 5.195304305451999, 5.195304305459805, 5.195304305460268, 5.195304305405105, 5.195304305445776, 5.195304305460475, 5.195304305392176, 5.195304305441157, 5.19530430545462, 5.195304305458316, 5.1953043054668315, 5.19530430545533, 5.195304305424855, 5.195304305440532, 5.1953043054504, 5.195304305452002, 5.195304305457863, 5.195304305458566, 5.1953043054583965, 5.19530430545501, 5.195304305433661, 5.176458594310628, 5.176458594242984, 5.1764585942003585, 5.176458594168406, 5.176458594201232, 5.176458594210268, 5.176458594294663, 5.176458594294602, 5.17645859430277, 5.17645859433894, 5.176458594301685, 5.176458594317451, 5.176458594283529, 5.176458594304634, 5.176458594314084, 5.176458594310622, 5.176458594281898, 5.176458594370173, 5.176458594371743, 5.176458594373154, 5.176458594247428, 5.1825654129644505, 5.182565412941805, 5.182565412935161, 5.182565412881208, 5.182565412927218, 5.182565412934138, 5.18256541299482, 5.182565413010966, 5.182565412945259, 5.182565412975993, 5.182565412955816, 5.182565412968348, 5.1825654129567065, 5.182565412964573, 5.182565412971037, 5.182565412964458, 5.1825654129793, 5.182565412957301, 5.18256541294694, 5.18256541294823, 5.182565412995233, 5.148261694339026, 5.148261694369123, 5.148261694399905, 5.148261694341994, 5.148261694393613, 5.148261694398084, 5.148261694403937, 5.148261694421676, 5.1482616943202935, 5.148261694328186, 5.148261694343058, 5.148261694337656, 5.148261694346739, 5.1482616943413175, 5.148261694345473, 5.148261694339021, 5.148261694393326, 5.148261694259053, 5.148261694245808, 5.14826169424654, 5.148261694451613, 5.159418549361357, 5.159418549346979, 5.159418549360654, 5.15941854934486, 5.15941854937159, 5.159418549373375, 5.159418549439274, 5.159418549407359, 5.15941854935064, 5.159418549351581, 5.159418549355719, 5.159418549352622, 5.15941854936463, 5.1594185493624725, 5.15941854936529, 5.159418549361352, 5.159418549383839, 5.159418549327089, 5.1594185493240134, 5.1594185493249025, 5.159418549418747, 5.151186272329265, 5.151186272257179, 5.1511862722463855, 5.151186272267586, 5.151186272265039, 5.151186272265375, 5.151186272400803, 5.151186272322073, 5.151186272326271, 5.151186272320968, 5.151186272306194, 5.151186272310281, 5.151186272320885, 5.1511862723267186, 5.151186272328322, 5.151186272329269, 5.151186272304099, 5.15118627237494, 5.151186272382084, 5.151186272382737, 5.151186272296971, 5.156444106836655, 5.1564441067968225, 5.15644410680244, 5.156444106823995, 5.156444106813199, 5.156444106813217, 5.156444106887966, 5.156444106816364, 5.156444106843456, 5.156444106815518, 5.156444106816438, 5.156444106806133, 5.1564441068244955, 5.15644410682783, 5.156444106828078, 5.156444106836647, 5.1564441068148605, 5.156444106873008, 5.1564441068832405, 5.1564441068833196, 5.15644410681043, 5.149145939293553, 5.149145939334223, 5.1491459393718975, 5.149145939370749, 5.149145939363995, 5.149145939363829, 5.149145939318079, 5.14914593928387, 5.149145939309886, 5.149145939251514, 5.1491459392871874, 5.14914593925836, 5.149145939286593, 5.149145939282652, 5.149145939281891, 5.149145939293553, 5.149145939303601, 5.149145939270772, 5.149145939279711, 5.149145939279564, 5.149145939328071, 5.152142546586296, 5.152142546639889, 5.152142546669107, 5.152142546655355, 5.152142546648446, 5.152142546648226, 5.152142546590944, 5.152142546586028, 5.152142546600002, 5.152142546537187, 5.152142546577218, 5.15214254655517, 5.152142546583197, 5.152142546579565, 5.152142546578718, 5.152142546586294, 5.152142546590446, 5.152142546574805, 5.152142546580785, 5.1521425465806425, 5.152142546616259, 5.162533690960743, 5.162533690964465, 5.162533690956424, 5.162533690942068, 5.162533690933489, 5.162533690933503, 5.162533690956404, 5.162533690964255, 5.162533690961115, 5.162533690918644, 5.162533690937385, 5.162533690941503, 5.162533690958471, 5.1625336909597435, 5.162533690959903, 5.162533690960741, 5.162533690929791, 5.162533691013496, 5.16253369101593, 5.16253369101597, 5.162533690935395, 5.168419978355352, 5.168419978344457, 5.168419978327952, 5.168419978299796, 5.168419978297196, 5.168419978297792, 5.168419978348323, 5.168419978368174, 5.168419978345756, 5.1684199783193545, 5.168419978333352, 5.16841997835116, 5.168419978355253, 5.168419978357312, 5.168419978359276, 5.168419978355357, 5.168419978321216, 5.168419978414844, 5.168419978413756, 5.168419978414277, 5.1684199783228095, 5.182624218098883, 5.182624218129464, 5.182624218144285, 5.182624218088146, 5.182624218096898, 5.182624218099628, 5.182624218096361, 5.182624218126616, 5.182624218087233, 5.182624218065862, 5.18262421809818, 5.182624218104978, 5.182624218100273, 5.182624218099501, 5.1826242181034345, 5.1826242180988755, 5.1826242181031, 5.182624218092571, 5.182624218089196, 5.182624218090099, 5.182624218114698, 5.179859380437129, 5.179859380479768, 5.179859380521355, 5.179859380450301, 5.179859380466806, 5.179859380473144, 5.179859380448045, 5.179859380459389, 5.179859380422089, 5.179859380415127, 5.179859380453439, 5.179859380449989, 5.179859380434549, 5.179859380433432, 5.179859380439314, 5.1798593804371285, 5.179859380467622, 5.179859380388158, 5.179859380384428, 5.179859380385656, 5.179859380472053, 5.186621487478997, 5.186621487466186, 5.186621487500484, 5.186621487438772, 5.186621487456648, 5.186621487466059, 5.186621487500884, 5.18662148747393, 5.186621487451872, 5.186621487482567, 5.186621487493044, 5.186621487498645, 5.186621487467197, 5.1866214874698615, 5.186621487477933, 5.186621487478995, 5.186621487492843, 5.1866214874604575, 5.1866214874570495, 5.186621487459414, 5.186621487468052, 5.185445241064083, 5.185445241007842, 5.185445241029856, 5.185445240983167, 5.185445241001608, 5.1854452410131575, 5.185445241089361, 5.185445241038266, 5.185445241026659, 5.185445241085049, 5.18544524107345, 5.185445241087021, 5.185445241045104, 5.185445241050886, 5.185445241060896, 5.185445241064081, 5.185445241059154, 5.185445241077266, 5.185445241073824, 5.185445241076966, 5.185445241013633, 5.203171911022784, 5.203171910993214, 5.203171911025846, 5.203171910985043, 5.203171911006829, 5.2031719110199175, 5.203171911044433, 5.203171911006842, 5.203171910986276, 5.203171911035445, 5.203171911037245, 5.203171911041838, 5.203171911004039, 5.203171911008603, 5.203171911019311, 5.203171911022792, 5.203171911030958, 5.203171911014635, 5.203171911010672, 5.203171911012496, 5.203171910993069, 5.217011829584901, 5.217011829601201, 5.217011829642087, 5.21701182960433, 5.21701182962843, 5.2170118296401, 5.217011829593095, 5.2170118295948456, 5.217011829552931, 5.217011829577426, 5.217011829601092, 5.217011829597469, 5.217011829571832, 5.217011829573438, 5.217011829583385, 5.2170118295849, 5.217011829610166, 5.217011829552614, 5.217011829548266, 5.217011829548195, 5.2170118295936865, 5.23563841313159, 5.235638413150792, 5.235638413161552, 5.235638413135309, 5.235638413157107, 5.235638413163841, 5.235638413116632, 5.235638413163673, 5.235638413096159, 5.235638413117156, 5.235638413133992, 5.235638413139938, 5.235638413122531, 5.235638413124397, 5.235638413133823, 5.23563841313159, 5.23563841314057, 5.235638413131226, 5.235638413125805, 5.235638413125377, 5.235638413134266, 5.247732693276106, 5.24773269327692, 5.247732693248164, 5.247732693236661, 5.247732693255473, 5.247732693255763, 5.247732693242778, 5.247732693317081, 5.247732693236589, 5.247732693263105, 5.247732693263051, 5.247732693280881, 5.247732693267785, 5.247732693272628, 5.24773269328151, 5.247732693276105, 5.247732693258892, 5.247732693322362, 5.247732693315554, 5.247732693315317, 5.247732693251658, 5.2665159312278, 5.266515931234133, 5.266515931209221, 5.266515931203768, 5.2665159312253635, 5.266515931217836, 5.26651593119307, 5.266515931264583, 5.26651593119694, 5.266515931212622, 5.266515931217067, 5.266515931227574, 5.266515931220671, 5.266515931225946, 5.266515931231255, 5.266515931227803, 5.266515931217701, 5.266515931266366, 5.266515931260895, 5.2665159312591365, 5.266515931208291, 5.283051676901688, 5.2830516769205556, 5.283051676928924, 5.283051676927004, 5.2830516769558695, 5.283051676937259, 5.2830516768789115, 5.283051676921225, 5.2830516768878395, 5.283051676886375, 5.283051676906487, 5.283051676898793, 5.283051676898111, 5.283051676900944, 5.283051676898969, 5.283051676901687, 5.28305167691923, 5.283051676898088, 5.283051676896834, 5.283051676891719, 5.283051676903687, 5.292340588278975, 5.292340588277779, 5.292340588293252, 5.292340588299355, 5.292340588334492, 5.292340588305503, 5.292340588268625, 5.292340588276182, 5.292340588277102, 5.292340588277363, 5.292340588292778, 5.292340588278914, 5.29234058827984, 5.292340588284215, 5.292340588274809, 5.292340588278979, 5.292340588300964, 5.2923405882666525, 5.292340588266116, 5.292340588256888, 5.292340588273868, 5.292204976022478, 5.292204975985854, 5.292204975981193, 5.292204975992494, 5.292204976028202, 5.292204975992536, 5.292204976019468, 5.292204976005315, 5.2922049760291845, 5.2922049760432115, 5.292204976034072, 5.292204976026925, 5.292204976028663, 5.292204976039177, 5.292204976023577, 5.292204976022485, 5.292204976028453, 5.292204976033449, 5.292204976029043, 5.292204976015706, 5.292204975996934, 5.287002106592419, 5.2870021065539206, 5.287002106544904, 5.287002106556219, 5.287002106582443, 5.287002106535847, 5.287002106592568, 5.287002106578958, 5.287002106614914, 5.287002106624365, 5.287002106602276, 5.2870021065982975, 5.28700210660709, 5.287002106616817, 5.287002106594524, 5.287002106592411, 5.287002106598555, 5.287002106604787, 5.2870021066007045, 5.287002106584632, 5.28700210657515, 5.287736521619271, 5.287736521613472, 5.2877365216222785, 5.28773652163278, 5.28773652164245, 5.287736521579404, 5.28773652162012, 5.2877365216212935, 5.287736521662663, 5.287736521643283, 5.287736521631848, 5.2877365216219605, 5.287736521641957, 5.2877365216415395, 5.287736521613881, 5.287736521619271, 5.2877365216445975, 5.28773652160608, 5.287736521609359, 5.287736521592739, 5.287736521630865, 5.294192835731304, 5.29419283574661, 5.294192835761932, 5.294192835771141, 5.294192835770541, 5.294192835698633, 5.2941928357319625, 5.294192835741191, 5.294192835783961, 5.294192835740773, 5.294192835741708, 5.294192835725648, 5.294192835751435, 5.294192835747626, 5.294192835720443, 5.294192835731292, 5.294192835762782, 5.294192835711415, 5.2941928357203745, 5.294192835704874, 5.294192835751236, 5.311968191718223, 5.311968191720708, 5.311968191718768, 5.311968191726478, 5.311968191730647, 5.31196819166288, 5.311968191718329, 5.311968191719912, 5.31196819176148, 5.3119681917186385, 5.311968191719073, 5.311968191701031, 5.311968191723468, 5.3119681917309, 5.311968191709978, 5.311968191718227, 5.311968191731501, 5.311968191725239, 5.311968191733044, 5.311968191719372, 5.311968191712955, 5.329808701172219, 5.329808701160649, 5.3298087011459545, 5.329808701151869, 5.329808701169206, 5.329808701109939, 5.329808701173891, 5.329808701160373, 5.329808701198638, 5.329808701161423, 5.329808701167981, 5.329808701146207, 5.329808701162503, 5.329808701180664, 5.329808701167085, 5.329808701172211, 5.329808701171444, 5.329808701198664, 5.329808701204843, 5.32980870119249, 5.3298087011424835, 5.351735764442496, 5.351735764443681, 5.351735764439735, 5.35173576444345, 5.351735764473353, 5.351735764420395, 5.351735764449168, 5.351735764427192, 5.351735764456253, 5.351735764412145, 5.35173576444506, 5.351735764415317, 5.351735764429304, 5.351735764444752, 5.351735764436192, 5.351735764442497, 5.351735764452353, 5.351735764453194, 5.35173576446173, 5.35173576444904, 5.351735764418994, 5.370880891740917, 5.370880891757465, 5.370880891760661, 5.370880891758835, 5.370880891799499, 5.370880891753944, 5.370880891751957, 5.370880891733631, 5.3708808917405975, 5.370880891698367, 5.370880891750146, 5.370880891721122, 5.370880891733755, 5.370880891742147, 5.370880891737841, 5.370880891740923, 5.370880891764082, 5.370880891733902, 5.370880891743456, 5.370880891729713, 5.37088089173557, 5.389039330620557, 5.38903933062694, 5.389039330610501, 5.389039330599362, 5.389039330651364, 5.389039330615883, 5.3890393306308795, 5.389039330624144, 5.389039330601111, 5.3890393305897435, 5.3890393306243976, 5.389039330613785, 5.38903933062203, 5.3890393306292905, 5.389039330630306, 5.389039330620554, 5.389039330637561, 5.389039330624317, 5.389039330630092, 5.389039330616246, 5.389039330617863, 5.402330577315429, 5.402330577310609, 5.402330577275232, 5.402330577255241, 5.402330577317112, 5.402330577289855, 5.402330577326036, 5.40233057732742, 5.4023305772793355, 5.402330577302669, 5.40233057731345, 5.402330577318515, 5.402330577322901, 5.402330577329238, 5.402330577335541, 5.402330577315434, 5.402330577325888, 5.402330577329429, 5.402330577332673, 5.402330577319434, 5.4023305773121315, 5.422008266064718, 5.422008266073111, 5.42200826604472, 5.4220082660214235, 5.42200826608823, 5.4220082660647435, 5.422008266082253, 5.422008266083185, 5.422008266020544, 5.422008266054169, 5.422008266069277, 5.422008266067194, 5.422008266071635, 5.422008266071856, 5.422008266082559, 5.422008266064719, 5.4220082660855216, 5.422008266063646, 5.42200826606969, 5.42200826605605, 5.422008266071529, 5.446760308908972, 5.446760308930976, 5.446760308912764, 5.446760308889351, 5.446760308955472, 5.446760308933662, 5.446760308932354, 5.44676030892733, 5.446760308861809, 5.446760308893902, 5.446760308920141, 5.446760308903346, 5.4467603089077254, 5.446760308903715, 5.446760308918482, 5.446760308908975, 5.4467603089372405, 5.446760308895896, 5.4467603089056595, 5.446760308891373, 5.446760308917582, 5.477635635836879, 5.477635635852447, 5.4776356358247815, 5.477635635799923, 5.477635635859099, 5.477635635837188, 5.477635635856487, 5.477635635849023, 5.477635635790685, 5.477635635823867, 5.477635635843032, 5.4776356358241145, 5.477635635825506, 5.477635635823206, 5.477635635840746, 5.477635635836871, 5.477635635853882, 5.477635635836543, 5.47763563584655, 5.477635635832477, 5.477635635827329, 5.508293229969446, 5.508293229982659, 5.508293229946711, 5.508293229920722, 5.5082932299605964, 5.508293229936734, 5.508293229980154, 5.508293229979163, 5.508293229936795, 5.508293229949116, 5.508293229970978, 5.508293229956016, 5.508293229956958, 5.508293229953221, 5.508293229970132, 5.508293229969443, 5.508293229975211, 5.508293229981325, 5.5082932299913745, 5.508293229974956, 5.508293229947655, 5.537372834143224, 5.5373728341713075, 5.5373728341495445, 5.537372834128331, 5.53737283413935, 5.537372834113966, 5.537372834148097, 5.5373728341566375, 5.537372834140376, 5.537372834097442, 5.537372834153704, 5.537372834135342, 5.537372834142038, 5.537372834128041, 5.537372834140543, 5.537372834143219, 5.537372834153299, 5.537372834145849, 5.537372834159219, 5.537372834134529, 5.5373728341309505, 5.56142001746981, 5.5614200174983495, 5.561420017490796, 5.561420017479317, 5.561420017474424, 5.561420017452219, 5.561420017472896, 5.5614200174799935, 5.561420017492328, 5.561420017410529, 5.561420017494393, 5.561420017470218, 5.561420017481133, 5.5614200174606445, 5.561420017466903, 5.561420017469819, 5.561420017481273, 5.561420017464946, 5.561420017478913, 5.561420017443342, 5.5614200174625, 5.585127744979947, 5.585127744981728, 5.585127744968977, 5.585127744967554, 5.585127744973819, 5.585127744960711, 5.585127744984291, 5.585127744976526, 5.585127745005026, 5.5851277449382515, 5.585127745012271, 5.585127744986169, 5.5851277449940735, 5.585127744979927, 5.58512774498098, 5.5851277449799515, 5.585127744977385, 5.585127744985539, 5.585127744993624, 5.585127744949708, 5.585127744957513, 5.608250795066192, 5.608250795049494, 5.608250795031014, 5.608250795037193, 5.60825079506071, 5.60825079506154, 5.608250795073246, 5.6082507950573, 5.608250795081351, 5.608250795045139, 5.608250795100862, 5.608250795070631, 5.608250795074702, 5.608250795067981, 5.60825079506706, 5.608250795066191, 5.608250795052793, 5.608250795080431, 5.608250795084672, 5.6082507950366285, 5.608250795033289, 5.632736961297891, 5.632736961291899, 5.632736961276414, 5.632736961283982, 5.632736961310561, 5.632736961328637, 5.632736961303043, 5.6327369613034755, 5.632736961305801, 5.6327369612797815, 5.632736961329678, 5.632736961294243, 5.6327369612988445, 5.632736961290597, 5.632736961292041, 5.632736961297888, 5.632736961287333, 5.63273696130927, 5.632736961316667, 5.632736961269443, 5.632736961276717, 5.655837124224411, 5.655837124237872, 5.6558371242112475, 5.655837124212038, 5.655837124234422, 5.655837124269224, 5.655837124222115, 5.655837124251694, 5.655837124229558, 5.655837124205206, 5.655837124242153, 5.655837124216468, 5.655837124222484, 5.655837124208499, 5.6558371242157355, 5.655837124224417, 5.655837124215344, 5.6558371242378485, 5.65583712424783, 5.655837124207463, 5.655837124222502, 5.679969594312861, 5.679969594332487, 5.679969594280974, 5.679969594273444, 5.6799695942970345, 5.679969594346279, 5.67996959430576, 5.679969594352367, 5.679969594314325, 5.679969594297729, 5.679969594312431, 5.679969594309331, 5.67996959431399, 5.679969594295851, 5.6799695943097035, 5.6799695943128645, 5.679969594297192, 5.679969594336522, 5.679969594342308, 5.679969594312159, 5.679969594323236, 5.71014240620068, 5.710142406213672, 5.7101424061626656, 5.710142406152057, 5.7101424061812835, 5.710142406243293, 5.710142406193882, 5.7101424062383845, 5.7101424061906645, 5.710142406185982, 5.71014240620045, 5.7101424062027295, 5.710142406204559, 5.710142406182889, 5.7101424062029995, 5.710142406200684, 5.710142406185616, 5.710142406222853, 5.71014240621992, 5.710142406199859, 5.710142406218065, 5.746190297960107, 5.746190297959577, 5.746190297939243, 5.746190297928453, 5.746190297960293, 5.746190298029833, 5.7461902979529995, 5.7461902979862, 5.746190297931735, 5.746190297942176, 5.746190297976084, 5.746190297964813, 5.746190297963775, 5.746190297939178, 5.746190297963563, 5.7461902979601005, 5.7461902979553825, 5.746190297968711, 5.7461902979557, 5.74619029794629, 5.746190297979035, 5.78483702002987, 5.784837020014452, 5.784837020013406, 5.784837020001731, 5.7848370200290855, 5.784837020095787, 5.784837020023323, 5.784837020040948, 5.784837019992333, 5.784837020011707, 5.784837020048533, 5.784837020037602, 5.784837020034371, 5.784837020010508, 5.7848370200323185, 5.784837020029863, 5.784837020027518, 5.784837020035201, 5.7848370200129695, 5.7848370200148524, 5.7848370200440735, 5.819889491991054, 5.819889491970051, 5.819889491965574, 5.819889491954665, 5.819889491975075, 5.819889492019496, 5.819889491987879, 5.819889491990052, 5.819889491963832, 5.819889491974387, 5.819889491991828, 5.819889492001371, 5.819889491998012, 5.819889491981616, 5.819889491987458, 5.819889491991037, 5.819889491980707, 5.819889492005611, 5.819889491976875, 5.819889491991274, 5.819889492002477, 5.837117813733635, 5.83711781372132, 5.83711781371661, 5.837117813709991, 5.837117813728971, 5.837117813729427, 5.837117813729373, 5.8371178137231565, 5.83711781372193, 5.837117813721943, 5.837117813715007, 5.837117813741834, 5.8371178137402575, 5.837117813742355, 5.8371178137181765, 5.837117813733626, 5.837117813720806, 5.837117813751354, 5.83711781372081, 5.837117813750453, 5.837117813748422, 5.831281619078908, 5.831281619077811, 5.831281619089281, 5.831281619087292, 5.831281619104273, 5.831281619065403, 5.83128161907125, 5.831281619053428, 5.831281619069519, 5.831281619083323, 5.831281619050488, 5.831281619079012, 5.831281619078934, 5.831281619109343, 5.831281619058008, 5.831281619078917, 5.831281619075627, 5.831281619086262, 5.831281619066567, 5.831281619103945, 5.831281619092147, 5.813247202166361, 5.813247202164865, 5.813247202199341, 5.813247202199304, 5.813247202204021, 5.813247202151736, 5.813247202164431, 5.813247202120988, 5.81324720215171, 5.813247202193238, 5.813247202133045, 5.8132472021565125, 5.813247202156796, 5.813247202209714, 5.813247202155073, 5.813247202166361, 5.813247202175066, 5.813247202160492, 5.8132472021671475, 5.813247202193455, 5.813247202165252, 5.80164942869689, 5.801649428683715, 5.801649428736018, 5.801649428735668, 5.801649428727035, 5.801649428675117, 5.801649428709365, 5.801649428639789, 5.8016494286823335, 5.801649428737904, 5.80164942866085, 5.801649428682347, 5.801649428682447, 5.801649428735425, 5.801649428704873, 5.801649428696882, 5.801649428710623, 5.801649428685368, 5.8016494287182265, 5.801649428723592, 5.801649428678686, 5.80704093086887, 5.80704093084934, 5.807040930907315, 5.807040930905254, 5.807040930893363, 5.807040930840028, 5.807040930889566, 5.807040930822886, 5.807040930860859, 5.807040930906877, 5.807040930836914, 5.8070409308560595, 5.807040930855778, 5.8070409308891, 5.807040930890696, 5.807040930868868, 5.80704093088206, 5.807040930858043, 5.807040930896712, 5.807040930891555, 5.807040930845548, 5.82297785715643, 5.822977857147875, 5.822977857195366, 5.822977857190206, 5.822977857182637, 5.822977857126841, 5.822977857169958, 5.822977857145075, 5.822977857159243, 5.822977857173906, 5.822977857137863, 5.822977857148072, 5.822977857147604, 5.822977857156452, 5.822977857177404, 5.822977857156435, 5.822977857167489, 5.822977857148371, 5.822977857165918, 5.822977857169881, 5.822977857144168, 5.829408817439502, 5.829408817448416, 5.829408817472272, 5.829408817463369, 5.829408817458296, 5.82940881740823, 5.829408817438378, 5.829408817466871, 5.8294088174558185, 5.829408817427348, 5.829408817436804, 5.82940881743635, 5.829408817436078, 5.829408817425745, 5.829408817450168, 5.829408817439499, 5.829408817446377, 5.8294088174365255, 5.829408817419235, 5.829408817442212, 5.829408817444188, 5.823750622074258, 5.823750622085774, 5.823750622088383, 5.823750622077208, 5.823750622060513, 5.823750622037341, 5.823750622065111, 5.823750622120307, 5.823750622099767, 5.823750622041847, 5.823750622081726, 5.823750622075551, 5.823750622074755, 5.823750622056309, 5.823750622073833, 5.8237506220742485, 5.823750622075362, 5.8237506220775215, 5.823750622036628, 5.823750622069266, 5.823750622083917, 5.817794585066658, 5.817794585063821, 5.817794585065281, 5.817794585055592, 5.8177945850085635, 5.817794585036722, 5.817794585058451, 5.817794585106613, 5.817794585085934, 5.817794585036538, 5.817794585082618, 5.817794585071173, 5.817794585068766, 5.817794585052752, 5.817794585059989, 5.817794585066659, 5.817794585067416, 5.817794585069359, 5.817794585029501, 5.817794585054048, 5.817794585065526, 5.81911116002792, 5.819111160012909, 5.819111160029126, 5.81911116002377, 5.81911115994714, 5.819111160023701, 5.8191111600231356, 5.819111160052779, 5.81911116002979, 5.819111160014586, 5.819111160054775, 5.819111160035095, 5.819111160031902, 5.819111160022265, 5.819111160021342, 5.819111160027919, 5.819111160036001, 5.819111160021876, 5.819111159997524, 5.819111160006322, 5.819111160017446, 5.830272475156226, 5.830272475141737, 5.830272475162052, 5.830272475160082, 5.830272475085273, 5.830272475169447, 5.830272475157412, 5.8302724751703225, 5.830272475150308, 5.830272475155377, 5.830272475184376, 5.830272475165526, 5.830272475162977, 5.830272475158807, 5.830272475152786, 5.830272475156217, 5.830272475166765, 5.830272475147177, 5.8302724751355575, 5.8302724751344135, 5.8302724751526025, 5.844035279025297, 5.844035279019669, 5.844035279024162, 5.844035279023171, 5.844035278986178, 5.844035279031478, 5.8440352790357855, 5.844035279034056, 5.844035279030247, 5.84403527902707, 5.8440352790379535, 5.844035279034502, 5.84403527903301, 5.8440352790326955, 5.844035279024098, 5.844035279025291, 5.844035279025594, 5.844035279026616, 5.844035279018267, 5.844035279016946, 5.844035279041331, 5.848497959670374, 5.848497959675411, 5.848497959669359, 5.848497959668308, 5.84849795967329, 5.848497959667966, 5.848497959685651, 5.84849795967493, 5.848497959688162, 5.848497959675643, 5.848497959665735, 5.848497959675451, 5.848497959674709, 5.848497959675779, 5.8484979596697055, 5.848497959670371, 5.848497959660329, 5.848497959681766, 5.848497959673395, 5.848497959676772, 5.848497959703067, 5.845314102316152, 5.845314102326159, 5.845314102330348, 5.84531410232939, 5.845314102353026, 5.845314102320417, 5.845314102328218, 5.845314102313029, 5.845314102331629, 5.845314102333817, 5.845314102304873, 5.845314102314169, 5.84531410231375, 5.845314102313818, 5.845314102315458, 5.845314102316149, 5.845314102306815, 5.845314102326005, 5.8453141023216215, 5.84531410232798, 5.845314102348357, 5.841991773149477, 5.841991773153461, 5.841991773169787, 5.841991773169303, 5.841991773192748, 5.841991773158837, 5.84199177315668, 5.841991773133701, 5.841991773152914, 5.841991773183093, 5.8419917731356215, 5.841991773141882, 5.841991773141594, 5.841991773140803, 5.841991773149688, 5.841991773149469, 5.8419917731445254, 5.841991773154376, 5.84199177315585, 5.841991773162038, 5.841991773164307, 5.842040739218314, 5.842040739212154, 5.842040739223806, 5.842040739223695, 5.842040739243921, 5.842040739219745, 5.842040739220831, 5.842040739190972, 5.8420407392120905, 5.842040739260311, 5.842040739201606, 5.842040739210782, 5.842040739210646, 5.842040739210259, 5.84204073921986, 5.842040739218319, 5.842040739213749, 5.842040739222721, 5.842040739224897, 5.842040739231417, 5.842040739211131, 5.844187532875713, 5.84418753286948, 5.844187532865175, 5.8441875328652015, 5.844187532884773, 5.844187532872905, 5.844187532868593, 5.8441875328470125, 5.844187532865578, 5.844187532911336, 5.844187532862798, 5.844187532874356, 5.844187532874252, 5.844187532874135, 5.844187532876777, 5.844187532875712, 5.84418753287215, 5.844187532879084, 5.844187532875373, 5.844187532884797, 5.84418753285526, 5.8460585204424005, 5.846058520449558, 5.846058520430039, 5.846058520430365, 5.846058520450272, 5.846058520451183, 5.8460585204233535, 5.846058520423614, 5.846058520435965, 5.846058520458377, 5.846058520441499, 5.846058520449031, 5.846058520449033, 5.846058520448558, 5.8460585204411455, 5.8460585204424085, 5.846058520443663, 5.846058520440685, 5.8460585204304625, 5.846058520441359, 5.84605852042164, 5.846324991094835, 5.8463249911146775, 5.846324991082188, 5.84632499108322, 5.846324991102118, 5.846324991114968, 5.846324991075338, 5.846324991088209, 5.846324991101848, 5.8463249910893795, 5.846324991103358, 5.846324991104902, 5.846324991105316, 5.846324991106007, 5.846324991092472, 5.846324991094846, 5.8463249910977835, 5.846324991091089, 5.846324991081328, 5.846324991086092, 5.846324991079026, 5.847560510672792, 5.847560510691925, 5.847560510652151, 5.847560510654035, 5.847560510668142, 5.847560510690178, 5.84756051066852, 5.847560510673581, 5.847560510694606, 5.847560510658023, 5.847560510681528, 5.847560510678945, 5.847560510679842, 5.847560510682932, 5.8475605106725705, 5.8475605106727935, 5.8475605106726665, 5.84756051067178, 5.847560510672625, 5.847560510664203, 5.847560510659557, 5.849958265885835, 5.849958265897059, 5.849958265864921, 5.849958265867192, 5.849958265871402, 5.849958265899405, 5.849958265897667, 5.849958265891204, 5.849958265908675, 5.849958265876664, 5.849958265893181, 5.849958265884188, 5.849958265885354, 5.849958265886642, 5.8499582658890015, 5.849958265885846, 5.849958265888122, 5.849958265882081, 5.849958265898828, 5.849958265878705, 5.849958265874027, 5.852782125382635, 5.8527821253896235, 5.852782125373653, 5.8527821253753, 5.852782125372126, 5.852782125398503, 5.852782125397201, 5.852782125391858, 5.852782125392066, 5.852782125384747, 5.8527821253914185, 5.852782125375359, 5.852782125376712, 5.8527821253706955, 5.852782125387572, 5.85278212538263, 5.852782125393754, 5.852782125369867, 5.852782125396002, 5.852782125374856, 5.85278212537664, 5.856051832669016, 5.856051832674987, 5.856051832663878, 5.856051832664335, 5.856051832666139, 5.856051832676978, 5.856051832675903, 5.856051832678007, 5.8560518326667825, 5.856051832676975, 5.856051832674143, 5.8560518326617945, 5.8560518326631135, 5.856051832650447, 5.8560518326733675, 5.856051832669019, 5.856051832681709, 5.856051832655033, 5.8560518326750834, 5.856051832665161, 5.856051832673307, 5.859088023035411, 5.859088023039896, 5.859088023024641, 5.859088023024342, 5.859088023036327, 5.859088023026869, 5.859088023033982, 5.8590880230379865, 5.8590880230332365, 5.859088023039397, 5.85908802303187, 5.859088023032125, 5.8590880230332, 5.859088023020051, 5.859088023037057, 5.859088023035414, 5.859088023039064, 5.859088023031287, 5.859088023034673, 5.859088023039263, 5.859088023047698, 5.860101582482296, 5.860101582482773, 5.8601015824773075, 5.8601015824773866, 5.86010158248821, 5.860101582472831, 5.8601015824755684, 5.8601015824754725, 5.860101582483967, 5.8601015824778475, 5.860101582476919, 5.860101582482835, 5.86010158248371, 5.860101582476249, 5.860101582479909, 5.860101582482291, 5.860101582478519, 5.860101582486408, 5.860101582475626, 5.860101582487578, 5.86010158249422, 5.85881545823084, 5.858815458222465, 5.858815458240886, 5.858815458242291, 5.858815458239984, 5.858815458234355, 5.8588154582243455, 5.85881545821622, 5.858815458233012, 5.858815458222513, 5.858815458230643, 5.858815458233496, 5.8588154582342495, 5.858815458234759, 5.858815458225476, 5.858815458230843, 5.858815458226274, 5.858815458236208, 5.858815458221824, 5.8588154582313345, 5.858815458234484, 5.857181684364016, 5.857181684345888, 5.857181684377007, 5.857181684379929, 5.85718168436725, 5.857181684369479, 5.857181684363968, 5.857181684347511, 5.857181684365462, 5.8571816843596975, 5.85718168436473, 5.857181684368027, 5.857181684368672, 5.8571816843745514, 5.857181684358307, 5.857181684364003, 5.857181684359456, 5.857181684369561, 5.857181684359966, 5.857181684363019, 5.8571816843594355, 5.857284002192433, 5.85728400217426, 5.857284002197525, 5.857284002201266, 5.857284002189621, 5.857284002187098, 5.857284002196836, 5.857284002183413, 5.857284002190938, 5.857284002196213, 5.857284002189069, 5.857284002196765, 5.857284002197499, 5.857284002203752, 5.85728400218792, 5.85728400219243, 5.857284002189085, 5.857284002196959, 5.857284002193543, 5.857284002194728, 5.857284002188516, 5.857848347560315, 5.8578483475537775, 5.857848347563007, 5.857848347566598, 5.8578483475608785, 5.857848347548615, 5.857848347560708, 5.8578483475653735, 5.857848347552581, 5.857848347569656, 5.857848347555022, 5.857848347562227, 5.857848347563495, 5.857848347566992, 5.857848347557426, 5.857848347560314, 5.857848347562315, 5.857848347559757, 5.857848347559682, 5.8578483475649294, 5.857848347565041, 5.857571349101683, 5.8575713491056645, 5.857571349106164, 5.8575713491093016, 5.857571349105251, 5.857571349090651, 5.857571349097127, 5.857571349117101, 5.857571349092533, 5.857571349108988, 5.857571349096157, 5.857571349099048, 5.857571349100709, 5.8575713491019625, 5.857571349101707, 5.857571349101687, 5.8575713491064185, 5.85757134909853, 5.857571349099253, 5.857571349106991, 5.857571349112389, 5.857362546382352, 5.857362546385815, 5.8573625463852474, 5.857362546388547, 5.857362546379177, 5.857362546373624, 5.8573625463796315, 5.857362546398024, 5.857362546380579, 5.857362546381053, 5.857362546376297, 5.8573625463758185, 5.857362546377217, 5.85736254637837, 5.857362546386714, 5.857362546382347, 5.857362546382658, 5.857362546383612, 5.857362546384313, 5.857362546387765, 5.857362546389346, 5.8573965306769304, 5.857396530674509, 5.857396530680318, 5.85739653068453, 5.857396530666813, 5.857396530675691, 5.857396530677129, 5.8573965306877005, 5.857396530681129, 5.857396530667079, 5.857396530674457, 5.857396530669682, 5.857396530670819, 5.857396530672792, 5.857396530684619, 5.8573965306769304, 5.85739653067375, 5.857396530681303, 5.857396530681796, 5.857396530678827, 5.85739653067574, 5.858153945681769, 5.858153945677369, 5.858153945687606, 5.858153945692611, 5.8581539456720755, 5.858153945688475, 5.858153945680205, 5.858153945689703, 5.858153945684183, 5.858153945668799, 5.858153945686068, 5.858153945677642, 5.8581539456790335, 5.85815394568118, 5.858153945689179, 5.858153945681766, 5.858153945680657, 5.8581539456835845, 5.8581539456826945, 5.858153945677911, 5.858153945676494, 5.859371275102438, 5.859371275100279, 5.8593712751024105, 5.859371275107308, 5.859371275094206, 5.8593712751039435, 5.85937127509804, 5.859371275110049, 5.859371275101297, 5.859371275092296, 5.859371275108486, 5.859371275103063, 5.859371275104865, 5.859371275106709, 5.859371275105749, 5.8593712751024425, 5.859371275102781, 5.859371275102491, 5.859371275098965, 5.859371275097251, 5.859371275098674, 5.860123460561026, 5.860123460561728, 5.860123460553133, 5.860123460557222, 5.8601234605546155, 5.860123460551758, 5.860123460556197, 5.860123460567981, 5.8601234605580625, 5.860123460556802, 5.860123460564486, 5.86012346056386, 5.860123460565876, 5.8601234605678805, 5.860123460558365, 5.860123460561027, 5.8601234605611685, 5.860123460561112, 5.86012346055646, 5.860123460558159, 5.860123460560483, 5.860697747960669, 5.860697747962398, 5.860697747956025, 5.8606977479591045, 5.860697747960437, 5.860697747951718, 5.860697747958154, 5.860697747964204, 5.860697747956118, 5.860697747961508, 5.860697747963554, 5.860697747961596, 5.860697747963651, 5.860697747965725, 5.86069774795396, 5.860697747960675, 5.860697747962394, 5.86069774795905, 5.8606977479570395, 5.860697747958356, 5.860697747961602, 5.861002379309554, 5.8610023793084585, 5.861002379311824, 5.861002379313924, 5.861002379313923, 5.861002379306619, 5.861002379312809, 5.861002379305943, 5.861002379306011, 5.861002379312162, 5.861002379312029, 5.861002379307362, 5.8610023793091575, 5.861002379309966, 5.861002379304115, 5.86100237930955, 5.861002379311119, 5.861002379308054, 5.861002379310485, 5.861002379307531, 5.861002379309726, 5.860671334728928, 5.8606713347244055, 5.8606713347317445, 5.860671334733062, 5.860671334733581, 5.860671334727403, 5.860671334737571, 5.860671334718131, 5.8606713347289245, 5.860671334730356, 5.86067133472844, 5.860671334725748, 5.86067133472719, 5.860671334725029, 5.860671334728675, 5.8606713347289325, 5.86067133472693, 5.860671334730994, 5.860671334735432, 5.860671334729352, 5.86067133472936, 5.860425831218081, 5.860425831215989, 5.860425831220179, 5.860425831221066, 5.860425831225635, 5.860425831218286, 5.860425831225196, 5.860425831206008, 5.860425831218397, 5.860425831217296, 5.860425831216133, 5.860425831216441, 5.860425831217799, 5.86042583121219, 5.860425831221427, 5.860425831218073, 5.860425831215231, 5.860425831221008, 5.8604258312237425, 5.860425831219985, 5.860425831222025, 5.860651536082943, 5.8606515360868165, 5.860651536083277, 5.86065153608427, 5.86065153609304, 5.860651536085442, 5.860651536084068, 5.860651536075323, 5.860651536080523, 5.860651536081293, 5.860651536081273, 5.860651536083397, 5.86065153608485, 5.860651536077904, 5.860651536085537, 5.860651536082948, 5.860651536082175, 5.860651536083663, 5.860651536083337, 5.8606515360847835, 5.860651536089337, 5.860889986704377, 5.860889986710118, 5.860889986697999, 5.8608899866996556, 5.86088998670869, 5.860889986705642, 5.860889986702806, 5.86088998670174, 5.860889986700918, 5.860889986704254, 5.860889986701941, 5.860889986705462, 5.860889986706891, 5.860889986702412, 5.860889986703753, 5.860889986704368, 5.860889986703918, 5.860889986704477, 5.860889986703046, 5.860889986706585, 5.860889986706858, 5.8608061989329014, 5.860806198936728, 5.860806198923426, 5.860806198926093, 5.860806198929827, 5.8608061989366815, 5.860806198932485, 5.860806198933456, 5.860806198929616, 5.860806198934698, 5.860806198931567, 5.860806198932885, 5.8608061989341875, 5.860806198934074, 5.860806198929499, 5.860806198932903, 5.860806198932749, 5.8608061989322735, 5.860806198932677, 5.860806198933646, 5.860806198927441, 5.8607468995154814, 5.860746899517944, 5.86074689950979, 5.860746899513206, 5.860746899511232, 5.860746899526174, 5.86074689951667, 5.860746899517812, 5.860746899513083, 5.860746899516842, 5.860746899517457, 5.860746899514489, 5.860746899515772, 5.860746899518163, 5.860746899511917, 5.860746899515492, 5.860746899516744, 5.86074689951322, 5.860746899515835, 5.8607468995130825, 5.860746899505173, 5.86115551581087, 5.8611555158131665, 5.861155515805844, 5.861155515809179, 5.861155515808317, 5.861155515820894, 5.8611555158132225, 5.861155515813705, 5.861155515811878, 5.861155515809708, 5.861155515813105, 5.861155515810621, 5.861155515811913, 5.861155515813261, 5.8611555158103, 5.861155515810859, 5.861155515810634, 5.861155515810174, 5.861155515812325, 5.861155515808375, 5.86115551580239, 5.861673101775845, 5.861673101779465, 5.861673101769837, 5.861673101772342, 5.8616731017771295, 5.861673101779675, 5.861673101777538, 5.8616731017786545, 5.86167310177928, 5.861673101772969, 5.861673101776209, 5.861673101776624, 5.861673101777912, 5.861673101776234, 5.861673101778799, 5.861673101775845, 5.8616731017736035, 5.861673101777448, 5.861673101777479, 5.861673101775397, 5.861673101773668, 5.862040759415874, 5.8620407594207355, 5.862040759413401, 5.862040759414892, 5.862040759422113, 5.8620407594170105, 5.862040759415321, 5.862040759417997, 5.862040759417115, 5.862040759414619, 5.86204075941604, 5.862040759415664, 5.862040759416931, 5.862040759413518, 5.862040759419815, 5.862040759415872, 5.8620407594149455, 5.862040759416412, 5.862040759415764, 5.862040759415929, 5.862040759418573, 5.8623090395090225, 5.862309039511355, 5.862309039508848, 5.862309039509735, 5.862309039514267, 5.862309039507707, 5.862309039508471, 5.862309039508608, 5.862309039507479, 5.862309039511714, 5.862309039508919, 5.862309039506401, 5.862309039507425, 5.862309039505615, 5.862309039511294, 5.862309039509022, 5.862309039509203, 5.862309039508578, 5.862309039509122, 5.862309039509264, 5.862309039511259, 5.862398806224796, 5.862398806222682, 5.86239880622413, 5.862398806224833, 5.862398806225011, 5.862398806220546, 5.86239880622605, 5.862398806221238, 5.862398806222879, 5.86239880622986, 5.862398806224119, 5.8623988062210035, 5.862398806221719, 5.862398806223089, 5.862398806224417, 5.862398806224799, 5.8623988062243715, 5.862398806225124, 5.8623988062264605, 5.862398806225309, 5.8623988062241335, 5.862413186723128, 5.8624131867196745, 5.8624131867245035, 5.8624131867252744, 5.862413186722984, 5.862413186720272, 5.862413186723948, 5.86241318671865, 5.8624131867214215, 5.86241318672659, 5.862413186724072, 5.862413186720975, 5.862413186721629, 5.862413186724497, 5.862413186720834, 5.86241318672313, 5.86241318672317, 5.86241318672321, 5.862413186723152, 5.862413186722298, 5.862413186722396, 5.862363893100558, 5.862363893098079, 5.862363893102925, 5.862363893103696, 5.86236389310206, 5.862363893098808, 5.86236389309996, 5.862363893097345, 5.862363893100097, 5.862363893099986, 5.86236389310266, 5.8623638931016995, 5.862363893102431, 5.862363893104221, 5.862363893098351, 5.862363893100569, 5.8623638931004995, 5.8623638931010404, 5.862363893097994, 5.862363893098992, 5.862363893102508, 5.862330824106294, 5.862330824104089, 5.862330824106746, 5.862330824107358, 5.862330824106268, 5.862330824103025, 5.862330824105845, 5.862330824105217, 5.862330824107595, 5.8623308241029, 5.862330824107153, 5.8623308241092635, 5.862330824109912, 5.862330824109743, 5.8623308241055145, 5.862330824106306, 5.862330824105014, 5.862330824108224, 5.86233082410363, 5.862330824105866, 5.862330824109743, 5.862396275386854, 5.862396275384674, 5.862396275388562, 5.8623962753889165, 5.862396275384629, 5.862396275385357, 5.862396275386893, 5.862396275388435, 5.862396275387306, 5.862396275383955, 5.862396275386924, 5.862396275388178, 5.8623962753886545, 5.862396275387367, 5.8623962753869545, 5.862396275386854, 5.8623962753865655, 5.86239627538779, 5.862396275384858, 5.862396275386971, 5.862396275389124, 5.862336176704216, 5.862336176702332, 5.8623361767076725, 5.862336176707792, 5.862336176699834, 5.862336176704773, 5.862336176704742, 5.862336176708168, 5.862336176703122, 5.862336176703376, 5.862336176703469, 5.862336176702506, 5.862336176702794, 5.862336176701556, 5.862336176704458, 5.8623361767042255, 5.862336176705508, 5.862336176703417, 5.862336176703251, 5.8623361767048205, 5.862336176704436, 5.862315451567226, 5.862315451566166, 5.862315451568621, 5.862315451568711, 5.862315451561401, 5.862315451565853, 5.8623154515681675, 5.862315451572396, 5.862315451566725, 5.862315451567003, 5.862315451564734, 5.862315451564555, 5.862315451564778, 5.862315451563791, 5.862315451567804, 5.862315451567227, 5.862315451568089, 5.862315451566777, 5.862315451567312, 5.8623154515692315, 5.862315451567176, 5.862494610773265, 5.862494610774024, 5.862494610773963, 5.862494610774262, 5.8624946107702245, 5.862494610771691, 5.862494610773221, 5.862494610778311, 5.862494610773575, 5.862494610771822, 5.862494610771181, 5.862494610772221, 5.862494610772597, 5.862494610771701, 5.862494610774382, 5.862494610773267, 5.862494610774107, 5.862494610772806, 5.8624946107721865, 5.862494610775075, 5.862494610774824, 5.862661262281313, 5.862661262282503, 5.862661262282587, 5.862661262283224, 5.862661262281406, 5.862661262281209, 5.8626612622806995, 5.862661262284257, 5.862661262282366, 5.862661262278732, 5.862661262280954, 5.862661262282242, 5.862661262282814, 5.862661262282781, 5.862661262282524, 5.8626612622813195, 5.862661262282329, 5.86266126228064, 5.86266126227904, 5.862661262281754, 5.862661262283149, 5.862752605520319, 5.862752605519437, 5.862752605520366, 5.8627526055211945, 5.862752605519723, 5.8627526055196695, 5.862752605520876, 5.8627526055198125, 5.8627526055224175, 5.862752605518532, 5.862752605520332, 5.862752605521505, 5.862752605522031, 5.862752605523919, 5.862752605520789, 5.862752605520315, 5.862752605520305, 5.862752605520548, 5.862752605519185, 5.86275260552025, 5.862752605519664, 5.8628000553220865, 5.862800055320171, 5.862800055322384, 5.8628000553231, 5.8628000553214825, 5.862800055321707, 5.862800055322688, 5.862800055319423, 5.862800055323263, 5.862800055322761, 5.862800055322473, 5.862800055321834, 5.862800055322289, 5.862800055325387, 5.862800055321278, 5.862800055322094, 5.862800055322287, 5.86280005532195, 5.862800055321443, 5.862800055321568, 5.862800055319295, 5.8628317134532235, 5.862831713452427, 5.8628317134537715, 5.86283171345408, 5.862831713454577, 5.862831713452608, 5.862831713452452, 5.8628317134506, 5.862831713452754, 5.862831713455959, 5.862831713453559, 5.862831713451848, 5.8628317134522785, 5.862831713454296, 5.862831713451958, 5.862831713453227, 5.862831713454015, 5.862831713452392, 5.8628317134519055, 5.862831713452801, 5.862831713451207, 5.862835779554966, 5.862835779555325, 5.862835779553423, 5.862835779553317, 5.86283577955753, 5.8628357795523245, 5.862835779553801, 5.862835779553174, 5.862835779554745, 5.8628357795579085, 5.862835779554258, 5.862835779553859, 5.862835779554331, 5.8628357795537545, 5.862835779554763, 5.862835779554964, 5.862835779554801, 5.8628357795550885, 5.862835779553854, 5.862835779555574, 5.862835779555422, 5.862827489359812, 5.862827489360605, 5.862827489358477, 5.862827489358242, 5.8628274893632435, 5.862827489358923, 5.86282748935934, 5.862827489358658, 5.862827489360333, 5.862827489361632, 5.862827489359593, 5.862827489359398, 5.862827489359882, 5.862827489357341, 5.8628274893609476, 5.862827489359812, 5.862827489359331, 5.8628274893602565, 5.8628274893591135, 5.862827489360139, 5.862827489361788, 5.862841003438579, 5.862841003438786, 5.862841003438408, 5.862841003438365, 5.862841003440906, 5.862841003441419, 5.862841003439655, 5.862841003437606, 5.862841003439854, 5.862841003439336, 5.862841003439563, 5.862841003438365, 5.862841003438879, 5.862841003436415, 5.86284100343989, 5.862841003438568, 5.862841003438273, 5.86284100343885, 5.86284100343871, 5.862841003437855, 5.862841003439765, 5.862860280261675, 5.862860280261319, 5.86286028026007, 5.862860280260275, 5.862860280260603, 5.862860280265201, 5.862860280263874, 5.862860280260982, 5.862860280263598, 5.86286028026216, 5.862860280262541, 5.862860280261462, 5.8628602802619065, 5.862860280260947, 5.86286028026178, 5.862860280261676, 5.862860280260944, 5.862860280262364, 5.862860280262696, 5.86286028026092, 5.862860280261229, 5.862881697947236, 5.862881697948072, 5.862881697944995, 5.862881697945373, 5.862881697945187, 5.862881697950746, 5.8628816979481115, 5.862881697947615, 5.8628816979478495, 5.862881697948059, 5.862881697948088, 5.862881697947245, 5.862881697947689, 5.862881697947613, 5.862881697945884, 5.862881697947232, 5.8628816979473015, 5.862881697947114, 5.862881697947013, 5.862881697946497, 5.862881697946542, 5.862931100823814, 5.862931100825794, 5.862931100821611, 5.862931100821904, 5.862931100822406, 5.86293110082634, 5.862931100823076, 5.862931100824822, 5.862931100822975, 5.862931100824883, 5.862931100824245, 5.8629311008242935, 5.862931100824757, 5.862931100824386, 5.8629311008222995, 5.862931100823809, 5.862931100824552, 5.862931100823084, 5.862931100822207, 5.862931100823448, 5.862931100823663, 5.863021284900119, 5.863021284901357, 5.863021284898078, 5.863021284898202, 5.863021284898864, 5.863021284900765, 5.8630212848997925, 5.863021284900321, 5.863021284899649, 5.863021284900904, 5.863021284899444, 5.863021284900677, 5.86302128490109, 5.863021284900109, 5.8630212848998715, 5.863021284900123, 5.863021284900077, 5.8630212849002765, 5.863021284899218, 5.863021284900663, 5.863021284899768, 5.863067914400795, 5.863067914401094, 5.863067914401673, 5.863067914401629, 5.86306791440108, 5.863067914401893, 5.863067914401429, 5.863067914399847, 5.86306791440099, 5.863067914401044, 5.863067914400084, 5.86306791440065, 5.863067914401038, 5.863067914399926, 5.863067914401717, 5.863067914400797, 5.863067914400592, 5.86306791440121, 5.863067914400804, 5.8630679144013, 5.8630679143998785, 5.863070967732605, 5.86307096773265, 5.863070967734954, 5.863070967734769, 5.86307096773401, 5.863070967732884, 5.863070967733695, 5.8630709677312565, 5.863070967733407, 5.863070967732641, 5.863070967731778, 5.863070967731856, 5.863070967732272, 5.863070967731545, 5.863070967733695, 5.863070967732607, 5.863070967732237, 5.863070967733283, 5.863070967733161, 5.863070967733226, 5.863070967731775, 5.863090851143697, 5.863090851144132, 5.8630908511447855, 5.863090851144634, 5.863090851144934, 5.863090851141311, 5.8630908511442845, 5.8630908511429345, 5.863090851144354, 5.863090851144201, 5.863090851142573, 5.863090851143091, 5.86309085114354, 5.863090851143383, 5.863090851144111, 5.86309085114369, 5.8630908511433, 5.8630908511444835, 5.863090851143982, 5.86309085114462, 5.8630908511436335, 5.863101684831266, 5.863101684832076, 5.863101684832094, 5.863101684832017, 5.863101684832223, 5.863101684828625, 5.8631016848306965, 5.863101684831316, 5.863101684830494, 5.863101684832344, 5.863101684831145, 5.8631016848310695, 5.863101684831566, 5.863101684831938, 5.8631016848308635, 5.863101684831269, 5.863101684831957, 5.863101684830945, 5.863101684830311, 5.863101684831387, 5.863101684831643, 5.863107372276334, 5.863107372276088, 5.863107372276589, 5.863107372276638, 5.863107372275315, 5.86310737227426, 5.863107372275936, 5.863107372276358, 5.863107372275492, 5.863107372277055, 5.8631073722769855, 5.863107372276362, 5.863107372276838, 5.863107372277722, 5.8631073722758025, 5.863107372276334, 5.863107372277016, 5.863107372276036, 5.863107372275519, 5.8631073722757945, 5.863107372276057, 5.863115866691698, 5.863115866690576, 5.863115866692047, 5.863115866692136, 5.863115866689352, 5.863115866690943, 5.863115866691883, 5.863115866691596, 5.86311586669189, 5.863115866690994, 5.863115866692737, 5.863115866691515, 5.86311586669193, 5.863115866692948, 5.8631158666915315, 5.863115866691684, 5.863115866691676, 5.863115866692147, 5.863115866691502, 5.86311586669081, 5.863115866691064, 5.863129094705635, 5.863129094705184, 5.863129094706953, 5.863129094706941, 5.8631290947042105, 5.863129094706361, 5.863129094705448, 5.863129094706298, 5.863129094706213, 5.86312909470381, 5.863129094706853, 5.863129094705174, 5.863129094705599, 5.863129094705913, 5.863129094705845, 5.8631290947056325, 5.863129094705542, 5.863129094706185, 5.863129094705182, 5.863129094704661, 5.863129094706045, 5.86314703354369, 5.863147033543813, 5.863147033543936, 5.863147033543767, 5.863147033542693, 5.863147033543185, 5.8631470335433855, 5.86314703354534, 5.863147033544202, 5.863147033542235, 5.8631470335439255, 5.863147033543271, 5.863147033543697, 5.8631470335429725, 5.863147033544215, 5.863147033543704, 5.863147033543364, 5.863147033544512, 5.8631470335434015, 5.86314703354364, 5.863147033545228, 5.863171488530709, 5.863171488530704, 5.863171488530755, 5.863171488530543, 5.863171488530159, 5.863171488529894, 5.863171488530588, 5.863171488532621, 5.863171488530214, 5.8631714885307, 5.86317148853049, 5.863171488530302, 5.863171488530729, 5.863171488529554, 5.863171488531099, 5.863171488530714, 5.863171488530973, 5.86317148853085, 5.863171488530487, 5.863171488530991, 5.863171488532191, 5.8631997498913275, 5.863199749890654, 5.863199749891858, 5.863199749891756, 5.863199749891068, 5.863199749891304, 5.86319974989174, 5.863199749892377, 5.863199749890493, 5.863199749892173, 5.863199749891172, 5.863199749890911, 5.863199749891334, 5.863199749890677, 5.86319974989128, 5.8631997498913275, 5.863199749892034, 5.8631997498910025, 5.863199749891346, 5.863199749891481, 5.863199749891695, 5.863212769185567, 5.86321276918452, 5.86321276918555, 5.8632127691856235, 5.863212769185337, 5.863212769185532, 5.863212769186313, 5.863212769185171, 5.863212769185705, 5.863212769185803, 5.863212769185102, 5.863212769185341, 5.863212769185782, 5.8632127691860445, 5.863212769185124, 5.8632127691855676, 5.863212769185575, 5.863212769185909, 5.8632127691859, 5.863212769185938, 5.863212769185091, 5.8632102624624585, 5.863210262462237, 5.863210262462741, 5.863210262462873, 5.863210262463573, 5.863210262463199, 5.863210262462313, 5.863210262461258, 5.863210262462826, 5.863210262461788, 5.863210262462215, 5.863210262462523, 5.863210262463008, 5.863210262463565, 5.863210262461894, 5.863210262462457, 5.8632102624624665, 5.863210262462785, 5.863210262462013, 5.863210262462642, 5.863210262462203, 5.863214835319249, 5.863214835319371, 5.863214835318788, 5.8632148353189, 5.863214835320468, 5.8632148353195115, 5.863214835318671, 5.863214835317922, 5.863214835319337, 5.8632148353187254, 5.863214835318743, 5.863214835319338, 5.863214835319826, 5.8632148353200595, 5.863214835319105, 5.863214835319246, 5.8632148353192655, 5.863214835319521, 5.863214835318642, 5.863214835319648, 5.863214835319093, 5.86322375957874, 5.863223759578643, 5.8632237595778225, 5.86322375957787, 5.863223759579338, 5.863223759578703, 5.863223759578499, 5.863223759577876, 5.863223759578306, 5.863223759579196, 5.863223759578102, 5.863223759578361, 5.863223759578829, 5.863223759578642, 5.863223759579049, 5.863223759578737, 5.863223759579063, 5.863223759578628, 5.863223759578605, 5.863223759579235, 5.863223759578216, 5.863228938717175, 5.863228938717233, 5.863228938716755, 5.863228938716803, 5.863228938717809, 5.863228938717852, 5.863228938717343, 5.8632289387170875, 5.863228938716716, 5.863228938718009, 5.863228938716947, 5.863228938716307, 5.863228938716772, 5.863228938716397, 5.863228938717535, 5.863228938717179, 5.863228938717849, 5.863228938716659, 5.863228938717374, 5.863228938717321, 5.863228938716535, 5.863240130363357, 5.863240130363673, 5.863240130362408, 5.863240130362516, 5.863240130363829, 5.86324013036378, 5.863240130363934, 5.863240130363869, 5.863240130363931, 5.863240130363474, 5.863240130363209, 5.863240130362653, 5.86324013036316, 5.8632401303627395, 5.86324013036357, 5.863240130363359, 5.863240130363422, 5.863240130363456, 5.863240130363887, 5.863240130363452, 5.863240130363114, 5.863252296199949, 5.863252296200558, 5.863252296199278, 5.863252296199416, 5.863252296200766, 5.863252296200881, 5.863252296200258, 5.863252296200661, 5.863252296200722, 5.8632522961993905, 5.863252296200418, 5.863252296199832, 5.863252296200353, 5.863252296199865, 5.863252296199968, 5.863252296199953, 5.86325229619997, 5.86325229620013, 5.863252296200024, 5.863252296199565, 5.863252296200175, 5.863266290057226, 5.8632662900573, 5.86326629005652, 5.863266290056623, 5.863266290057282, 5.8632662900580845, 5.863266290057385, 5.863266290057569, 5.863266290057483, 5.863266290056889, 5.863266290057906, 5.863266290057409, 5.863266290057881, 5.863266290057523, 5.8632662900571395, 5.863266290057222, 5.863266290057239, 5.8632662900574495, 5.8632662900571315, 5.863266290056679, 5.863266290057172, 5.863279128882709, 5.863279128882259, 5.863279128882142, 5.863279128882133, 5.8632791288818815, 5.863279128883099, 5.863279128882736, 5.863279128882554, 5.863279128882251, 5.863279128882994, 5.863279128883116, 5.863279128882624, 5.863279128882998, 5.863279128882908, 5.86327912888249, 5.863279128882715, 5.863279128882737, 5.863279128882953, 5.863279128882684, 5.863279128882357, 5.863279128882217, 5.863287785871318, 5.863287785871213, 5.863287785871582, 5.863287785871438, 5.863287785870947, 5.8632877858715435, 5.863287785870956, 5.863287785870965, 5.863287785870486, 5.8632877858717425, 5.8632877858714485, 5.863287785870866, 5.863287785871203, 5.863287785871171, 5.86328778587103, 5.863287785871319, 5.863287785871449, 5.863287785871503, 5.863287785871087, 5.863287785871207, 5.863287785871218, 5.863291658870671, 5.863291658870862, 5.8632916588709545, 5.863291658870744, 5.863291658870769, 5.863291658869922, 5.863291658870502, 5.863291658870282, 5.863291658870386, 5.863291658870721, 5.863291658870252, 5.8632916588702955, 5.863291658870628, 5.863291658870447, 5.863291658870634, 5.863291658870667, 5.863291658870367, 5.863291658871355, 5.863291658870679, 5.863291658871064, 5.863291658871294, 5.863294724057658, 5.863294724057846, 5.863294724058674, 5.863294724058476, 5.863294724058363, 5.863294724057215, 5.863294724057853, 5.863294724057388, 5.863294724057501, 5.863294724057566, 5.863294724057445, 5.86329472405755, 5.863294724057899, 5.863294724057546, 5.863294724057937, 5.863294724057668, 5.863294724057591, 5.863294724058111, 5.8632947240577575, 5.863294724057894, 5.863294724058431, 5.863302010986418, 5.863302010986167, 5.863302010987224, 5.863302010987105, 5.863302010986461, 5.863302010985855, 5.86330201098706, 5.863302010986322, 5.863302010986327, 5.863302010986524, 5.863302010986295, 5.863302010986414, 5.863302010986763, 5.8633020109865726, 5.863302010986678, 5.863302010986419, 5.863302010986456, 5.86330201098674, 5.863302010986811, 5.863302010986534, 5.863302010986506, 5.8633097628144055, 5.863309762814306, 5.863309762814832, 5.863309762814783, 5.863309762813819, 5.863309762813865, 5.863309762814689, 5.863309762814683, 5.863309762814174, 5.8633097628145014, 5.863309762814401, 5.863309762814238, 5.86330976281456, 5.863309762814712, 5.863309762814265, 5.863309762814401, 5.863309762814619, 5.8633097628145165, 5.863309762814507, 5.86330976281438, 5.863309762813963, 5.863315617221704, 5.863315617222141, 5.863315617221899, 5.863315617221866, 5.863315617221081, 5.86331561722138, 5.863315617221285, 5.863315617222303, 5.863315617221419, 5.8633156172214065, 5.863315617221837, 5.863315617221462, 5.8633156172217795, 5.86331561722203, 5.863315617221346, 5.863315617221698, 5.863315617221977, 5.863315617221722, 5.863315617221262, 5.8633156172215655, 5.863315617221289, 5.863324352893458, 5.86332435289378, 5.86332435289322, 5.863324352893146, 5.863324352892722, 5.863324352893025, 5.863324352893104, 5.863324352893902, 5.863324352893522, 5.863324352892785, 5.863324352893534, 5.863324352893327, 5.86332435289364, 5.863324352893639, 5.8633243528934775, 5.863324352893449, 5.8633243528934615, 5.863324352893739, 5.863324352893142, 5.8633243528933825, 5.863324352893205, 5.863333110678295, 5.863333110678354, 5.8633331106786795, 5.863333110678581, 5.8633331106780755, 5.8633331106786235, 5.8633331106782975, 5.863333110678477, 5.86333311067833, 5.863333110677727, 5.863333110678666, 5.86333311067814, 5.863333110678479, 5.863333110678175, 5.863333110678701, 5.863333110678283, 5.86333311067854, 5.8633331106782896, 5.863333110678163, 5.863333110677983, 5.863333110678212, 5.863340423035557, 5.863340423035357, 5.863340423035532, 5.8633404230354005, 5.86334042303534, 5.863340423035378, 5.863340423036086, 5.863340423035579, 5.863340423035886, 5.863340423035446, 5.863340423035582, 5.863340423035308, 5.863340423035616, 5.863340423035343, 5.863340423035918, 5.863340423035555, 5.863340423035601, 5.863340423035776, 5.863340423035908, 5.8633404230355515, 5.863340423035616, 5.86334551917017, 5.863345519170325, 5.863345519170362, 5.863345519170215, 5.86334551917069, 5.8633455191701245, 5.863345519170339, 5.863345519170222, 5.863345519170183, 5.863345519170497, 5.863345519170208, 5.86334551916981, 5.863345519170124, 5.863345519169965, 5.863345519170029, 5.86334551917016, 5.863345519170472, 5.863345519170094, 5.863345519170162, 5.863345519170161, 5.863345519170553, 5.863348469466745, 5.863348469466712, 5.863348469466392, 5.863348469466266, 5.863348469467084, 5.863348469466389, 5.863348469466734, 5.863348469466542, 5.8633484694667395, 5.863348469467187, 5.863348469466544, 5.863348469466544, 5.863348469466836, 5.86334846946675, 5.863348469466387, 5.863348469466753, 5.863348469466797, 5.863348469466888, 5.863348469466634, 5.8633484694669225, 5.863348469467004, 5.863351618375614, 5.863351618375252, 5.863351618375564, 5.863351618375439, 5.86335161837592, 5.863351618376003, 5.863351618375502, 5.86335161837505, 5.863351618375453, 5.86335161837592, 5.863351618375629, 5.863351618375616, 5.863351618375883, 5.86335161837574, 5.863351618375464, 5.863351618375606, 5.863351618375695, 5.863351618375732, 5.863351618375348, 5.863351618375593, 5.863351618375534, 5.863355588129347, 5.863355588128845, 5.863355588129279, 5.863355588129178, 5.863355588129429, 5.863355588129985, 5.863355588129297, 5.863355588128757, 5.86335558812936, 5.863355588129394, 5.863355588129311, 5.8633555881293695, 5.863355588129589, 5.863355588129453, 5.863355588129415, 5.863355588129345, 5.863355588129254, 5.863355588129626, 5.863355588129195, 5.863355588129369, 5.863355588129082, 5.8633612114398375, 5.863361211439797, 5.863361211439661, 5.863361211439566, 5.863361211440008, 5.863361211440353, 5.8633612114397256, 5.863361211439765, 5.863361211439989, 5.863361211439835, 5.863361211439625, 5.863361211439659, 5.863361211439908, 5.8633612114397575, 5.863361211439864, 5.863361211439845, 5.863361211439746, 5.863361211440084, 5.863361211439686, 5.86336121144, 5.863361211439841, 5.8633654950647385, 5.863365495065074, 5.863365495064565, 5.863365495064476, 5.8633654950650005, 5.863365495065085, 5.863365495064643, 5.863365495065186, 5.863365495064803, 5.863365495064939, 5.863365495064525, 5.8633654950644205, 5.863365495064669, 5.863365495064553, 5.8633654950647385, 5.863365495064747, 5.863365495064903, 5.863365495064722, 5.86336549506459, 5.863365495064923, 5.863365495064939, 5.86337037725217, 5.863370377252212, 5.863370377251807, 5.863370377251743, 5.863370377252057, 5.86337037725221, 5.863370377252477, 5.86337037725264, 5.8633703772523225, 5.863370377252527, 5.863370377252001, 5.86337037725197, 5.863370377252213, 5.863370377252101, 5.8633703772522905, 5.86337037725216, 5.863370377252341, 5.8633703772521315, 5.8633703772523, 5.863370377252308, 5.86337037725216, 5.8633754565562715, 5.863375456556244, 5.863375456556439, 5.863375456556373, 5.86337545655632, 5.8633754565567076, 5.863375456556495, 5.863375456556477, 5.863375456556373, 5.863375456556376, 5.863375456556474, 5.86337545655616, 5.863375456556417, 5.863375456556366, 5.863375456556408, 5.8633754565562715, 5.863375456556599, 5.863375456556091, 5.863375456556234, 5.8633754565560885, 5.863375456556089, 5.863379395836594, 5.86337939583655, 5.863379395836349, 5.86337939583626, 5.863379395836345, 5.863379395836342, 5.863379395836649, 5.863379395836459, 5.863379395837002, 5.8633793958363, 5.863379395836583, 5.8633793958365255, 5.863379395836758, 5.863379395836827, 5.863379395836615, 5.863379395836601, 5.863379395836453, 5.863379395836899, 5.863379395836536, 5.863379395836589, 5.863379395836407, 5.863382180176049, 5.863382180176263, 5.863382180176549, 5.863382180176387, 5.863382180176351, 5.863382180176172, 5.863382180175585, 5.863382180175851, 5.863382180175945, 5.8633821801758295, 5.863382180176291, 5.863382180175881, 5.863382180176109, 5.86338218017612, 5.863382180175917, 5.863382180176046, 5.863382180176278, 5.86338218017601, 5.863382180175519, 5.863382180175848, 5.863382180176011, 5.863384697448523, 5.863384697448214, 5.863384697448225, 5.863384697448026, 5.863384697447975, 5.863384697447529, 5.863384697448593, 5.863384697448243, 5.863384697448556, 5.86338469744868, 5.863384697448257, 5.863384697448385, 5.863384697448575, 5.863384697448469, 5.863384697448538, 5.863384697448522, 5.863384697448337, 5.8633846974488915, 5.863384697448571, 5.863384697448743, 5.863384697448407, 5.863386964319918, 5.863386964319975, 5.863386964321042, 5.863386964320857, 5.863386964320396, 5.8633869643203145, 5.863386964319853, 5.86338696431987, 5.8633869643194405, 5.863386964320198, 5.863386964320282, 5.8633869643197665, 5.8633869643199805, 5.863386964319703, 5.8633869643199175, 5.863386964319922, 5.86338696432049, 5.863386964319538, 5.863386964319586, 5.863386964319619, 5.863386964320093, 5.8633889226857, 5.863388922685397, 5.8633889226849565, 5.863388922684803, 5.8633889226848535, 5.863388922684377, 5.863388922686315, 5.863388922685634, 5.863388922686336, 5.8633889226856235, 5.863388922685129, 5.8633889226856875, 5.863388922685856, 5.863388922685735, 5.863388922685782, 5.8633889226857, 5.863388922685079, 5.863388922686537, 5.86338892268626, 5.863388922686185, 5.863388922685929, 5.86338933891669, 5.863389338917366, 5.863389338918593, 5.863389338918459, 5.8633893389178, 5.86338933891839, 5.8633893389162335, 5.863389338917027, 5.863389338916091, 5.863389338916587, 5.863389338917534, 5.863389338916551, 5.86338933891677, 5.863389338916613, 5.863389338916533, 5.863389338916697, 5.863389338917615, 5.863389338915939, 5.863389338915873, 5.863389338916033, 5.863389338917156, 5.86338532062263, 5.863385320621856, 5.863385320620158, 5.8633853206200754, 5.863385320620202, 5.86338532062012, 5.863385320623478, 5.863385320622532, 5.863385320623644, 5.86338532062254, 5.86338532062138, 5.863385320622696, 5.863385320622804, 5.863385320622901, 5.863385320622756, 5.863385320622613, 5.863385320621226, 5.863385320624189, 5.863385320623677, 5.863385320623624, 5.86338532062227, 5.863369379452063, 5.863369379453252, 5.863369379456095, 5.863369379455993, 5.863369379454695, 5.863369379456314, 5.863369379450598, 5.86336937945262, 5.863369379450079, 5.863369379452305, 5.863369379454127, 5.863369379451745, 5.86336937945202, 5.863369379451779, 5.863369379451822, 5.8633693794520765, 5.863369379454435, 5.863369379449784, 5.863369379450034, 5.863369379450366, 5.863369379452277, 5.863321186215304, 5.863321186213439, 5.863321186208772, 5.863321186208716, 5.863321186210309, 5.8633211862086405, 5.863321186217446, 5.863321186214722, 5.863321186218263, 5.863321186215054, 5.863321186212004, 5.8633211862155985, 5.863321186215633, 5.863321186215813, 5.863321186215812, 5.8633211862153045, 5.863321186211572, 5.863321186219194, 5.863321186218189, 5.863321186217959, 5.863321186214536, 5.86317886738735, 5.863178867390822, 5.863178867398271, 5.86317886739811, 5.863178867395913, 5.86317886739841, 5.863178867383748, 5.863178867388417, 5.863178867382746, 5.8631788673877345, 5.863178867392769, 5.863178867386565, 5.863178867387008, 5.863178867386495, 5.863178867386664, 5.863178867387363, 5.863178867393513, 5.863178867381241, 5.863178867382329, 5.863178867382979, 5.863178867388532, 5.8627598991399825, 5.862759899134438, 5.862759899121724, 5.862759899121785, 5.862759899126237, 5.862759899121259, 5.862759899146418, 5.862759899137998, 5.8627598991482515, 5.862759899139516, 5.862759899130756, 5.862759899140918, 5.862759899140659, 5.86275989914137, 5.86275989914123, 5.862759899139985, 5.862759899129615, 5.862759899150558, 5.862759899148513, 5.862759899147424, 5.862759899137934, 5.861518345652657, 5.861518345662243, 5.861518345683893, 5.861518345683539, 5.861518345676544, 5.861518345684594, 5.861518345642112, 5.861518345655614, 5.861518345638588, 5.861518345653985, 5.861518345668376, 5.861518345650723, 5.861518345651661, 5.861518345650165, 5.861518345650504, 5.861518345652653, 5.861518345670634, 5.861518345634586, 5.861518345638219, 5.861518345639954, 5.861518345655945, 5.857935139299112, 5.857935139283113, 5.8579351392460355, 5.857935139246333, 5.857935139258047, 5.85793513924517, 5.857935139317356, 5.857935139293524, 5.857935139322609, 5.857935139296943, 5.857935139272393, 5.857935139302213, 5.857935139301097, 5.8579351393031045, 5.857935139302549, 5.857935139299112, 5.857935139268857, 5.857935139329732, 5.857935139323768, 5.857935139320675, 5.85793513929324, 5.849294490535826, 5.849294490563206, 5.84929449062094, 5.849294490619998, 5.849294490600485, 5.849294490622828, 5.849294490506001, 5.84929449054458, 5.849294490497329, 5.849294490537663, 5.8492944905785444, 5.84929449053083, 5.849294490533102, 5.849294490528575, 5.849294490529474, 5.849294490535824, 5.849294490584291, 5.849294490487015, 5.849294490496014, 5.849294490501414, 5.8492944905455895, 5.8373949102954485, 5.837394910259125, 5.837394910182461, 5.837394910183259, 5.837394910204055, 5.83739491018101, 5.837394910338605, 5.837394910282465, 5.837394910346413, 5.837394910290592, 5.837394910238058, 5.837394910302601, 5.83739491029993, 5.837394910304016, 5.837394910303805, 5.837394910295451, 5.83739491023032, 5.837394910361254, 5.837394910351553, 5.8373949103416445, 5.8373949102809215, 5.84169902627393, 5.8416990263110335, 5.841699026376248, 5.841699026374883, 5.841699026356934, 5.8416990263764825, 5.841699026232309, 5.841699026287292, 5.841699026224859, 5.841699026276786, 5.841699026325852, 5.841699026267897, 5.84169902627081, 5.841699026264711, 5.84169902626504, 5.8416990262739255, 5.841699026333367, 5.841699026214018, 5.841699026221731, 5.841699026232455, 5.841699026289555, 5.860634759629323, 5.860634759612907, 5.8606347595950545, 5.860634759595695, 5.860634759601781, 5.860634759593616, 5.8606347596461745, 5.8606347596233, 5.8606347596462, 5.860634759631362, 5.8606347596125925, 5.860634759631646, 5.8606347596308535, 5.8606347596336, 5.86063475963445, 5.8606347596293205, 5.860634759609013, 5.860634759649742, 5.86063475964939, 5.860634759642554, 5.8606347596217, 5.858391308082393, 5.858391308065176, 5.85839130803415, 5.858391308034974, 5.8583913080453485, 5.858391308032516, 5.85839130810184, 5.858391308075932, 5.8583913081070325, 5.858391308081625, 5.858391308057948, 5.858391308084142, 5.858391308083012, 5.858391308087894, 5.858391308086326, 5.858391308082395, 5.858391308053197, 5.858391308111809, 5.8583913081076116, 5.858391308101961, 5.858391308074838, 5.846849572974396, 5.846849573009592, 5.846849573061707, 5.8468495730605605, 5.846849573048585, 5.8468495730622285, 5.846849572934117, 5.84684957298753, 5.846849572933031, 5.8468495729750956, 5.846849573018531, 5.846849572967383, 5.846849572969937, 5.8468495729667564, 5.846849572964577, 5.84684957297441, 5.846849573024675, 5.846849572923681, 5.846849572926669, 5.846849572939408, 5.846849572989977, 5.85718371584118, 5.857183715819195, 5.857183715786575, 5.857183715787222, 5.85718371579686, 5.857183715786931, 5.8571837158638225, 5.857183715833992, 5.857183715865357, 5.857183715841121, 5.857183715814403, 5.857183715846065, 5.857183715844671, 5.857183715846468, 5.857183715848133, 5.8571837158411775, 5.85718371581041, 5.857183715872183, 5.857183715869073, 5.857183715862519, 5.857183715832111, 5.862176016951664, 5.862176016939882, 5.862176016928041, 5.862176016928356, 5.862176016931394, 5.862176016929076, 5.862176016962542, 5.862176016948496, 5.862176016962122, 5.8621760169525885, 5.862176016940224, 5.8621760169535255, 5.862176016952882, 5.8621760169537875, 5.86217601695528, 5.862176016951671, 5.862176016938635, 5.862176016964763, 5.862176016964453, 5.862176016960691, 5.862176016946471, 5.852035469181462, 5.852035469210115, 5.852035469255091, 5.852035469254007, 5.852035469241152, 5.852035469257065, 5.852035469150003, 5.852035469192179, 5.852035469148038, 5.852035469181236, 5.852035469218201, 5.852035469174777, 5.852035469176883, 5.852035469174107, 5.852035469172516, 5.852035469181466, 5.852035469223586, 5.852035469139008, 5.8520354691429635, 5.85203546915235, 5.8520354691936705, 5.857761785517303, 5.857761785498592, 5.857761785465318, 5.857761785465798, 5.857761785475015, 5.857761785465881, 5.857761785539874, 5.857761785510736, 5.857761785542877, 5.857761785514262, 5.8577617854904656, 5.857761785521248, 5.857761785520045, 5.857761785522221, 5.857761785521569, 5.857761785517305, 5.857761785487448, 5.857761785547555, 5.8577617855442545, 5.857761785538833, 5.857761785511056, 5.862800541937464, 5.862800541930177, 5.862800541920236, 5.862800541920219, 5.862800541923909, 5.862800541920687, 5.8628005419451465, 5.862800541935, 5.8628005419447184, 5.862800541937402, 5.862800541928745, 5.862800541939823, 5.862800541939528, 5.862800541938877, 5.862800541939758, 5.862800541937468, 5.862800541928816, 5.862800541946249, 5.862800541945889, 5.862800541944473, 5.862800541935774, 5.855121020682597, 5.855121020705754, 5.855121020745705, 5.855121020744511, 5.855121020732857, 5.855121020746372, 5.855121020655993, 5.8551210206904605, 5.855121020651829, 5.855121020684451, 5.855121020714031, 5.855121020677919, 5.855121020679633, 5.855121020675762, 5.855121020676223, 5.8551210206826045, 5.855121020719894, 5.855121020644984, 5.855121020649574, 5.855121020657508, 5.855121020691697, 5.8594295133796495, 5.859429513362141, 5.85942951333686, 5.859429513337199, 5.859429513343219, 5.8594295133363286, 5.859429513398768, 5.8594295133725405, 5.859429513400146, 5.859429513378571, 5.859429513357374, 5.859429513382024, 5.859429513380925, 5.859429513383365, 5.859429513383787, 5.859429513379646, 5.8594295133548435, 5.859429513404667, 5.8594295134027385, 5.85942951339738, 5.85942951337118, 5.862795888428589, 5.862795888423304, 5.862795888411149, 5.862795888411286, 5.862795888416334, 5.8627958884103615, 5.862795888434958, 5.862795888426176, 5.862795888437793, 5.862795888427197, 5.8627958884195355, 5.8627958884298055, 5.862795888429502, 5.8627958884307025, 5.862795888430057, 5.862795888428591, 5.862795888418328, 5.862795888438993, 5.862795888436696, 5.8627958884358895, 5.862795888426672, 5.857085391901959, 5.857085391924887, 5.8570853919563755, 5.8570853919555175, 5.857085391948305, 5.857085391955898, 5.8570853918776296, 5.85708539191023, 5.857085391876708, 5.857085391902631, 5.857085391929502, 5.8570853918984, 5.857085391900027, 5.857085391897156, 5.857085391896371, 5.857085391901962, 5.857085391933512, 5.857085391870158, 5.8570853918723165, 5.857085391880067, 5.857085391911847, 5.860955278588094, 5.860955278573091, 5.860955278554911, 5.860955278555351, 5.8609552785597385, 5.860955278554327, 5.860955278604088, 5.860955278583347, 5.860955278603761, 5.860955278589098, 5.860955278571726, 5.860955278590549, 5.860955278589674, 5.860955278591523, 5.860955278592532, 5.860955278588089, 5.860955278568899, 5.860955278607395, 5.860955278606919, 5.86095527860104, 5.860955278580616, 5.86263372555269, 5.862633725544417, 5.862633725533973, 5.862633725534203, 5.862633725536495, 5.862633725533539, 5.862633725561437, 5.862633725550345, 5.86263372556173, 5.862633725553657, 5.862633725543501, 5.862633725553399, 5.862633725552886, 5.86263372555464, 5.862633725554925, 5.8626337255526915, 5.862633725541574, 5.862633725563862, 5.862633725563305, 5.862633725559938, 5.862633725548393, 5.85854581868486, 5.858545818705872, 5.858545818732363, 5.858545818731527, 5.858545818724738, 5.858545818732234, 5.858545818662683, 5.858545818692376, 5.858545818662798, 5.858545818685095, 5.858545818708974, 5.858545818681022, 5.85854581868238, 5.858545818680424, 5.85854581867929, 5.858545818684858, 5.858545818711826, 5.858545818657713, 5.858545818658489, 5.858545818665797, 5.858545818694562, 5.862004370760458, 5.862004370750615, 5.862004370734427, 5.862004370734582, 5.862004370739114, 5.862004370734541, 5.862004370770914, 5.86200437075663, 5.862004370772662, 5.862004370759346, 5.86200437074772, 5.86200437076295, 5.862004370762292, 5.862004370763276, 5.862004370763451, 5.862004370760454, 5.8620043707448755, 5.862004370776261, 5.862004370773551, 5.862004370770678, 5.862004370757168, 5.862552501630926, 5.862552501621456, 5.862552501611527, 5.862552501611548, 5.8625525016129725, 5.862552501611564, 5.862552501640358, 5.862552501627379, 5.8625525016398035, 5.862552501631318, 5.862552501621272, 5.862552501632547, 5.8625525016319395, 5.862552501632643, 5.8625525016333775, 5.862552501630931, 5.8625525016192235, 5.862552501642785, 5.862552501642002, 5.862552501638542, 5.862552501626613, 5.859745863366748, 5.859745863383065, 5.8597458634093575, 5.859745863408496, 5.859745863400067, 5.859745863409146, 5.859745863349281, 5.859745863372438, 5.859745863346799, 5.859745863368275, 5.859745863387884, 5.859745863363186, 5.859745863364308, 5.859745863362115, 5.859745863361784, 5.859745863366736, 5.859745863390934, 5.859745863342415, 5.859745863344907, 5.8597458633498825, 5.859745863373268, 5.8626030760713945, 5.86260307606422, 5.862603076051655, 5.862603076051672, 5.862603076055357, 5.862603076051184, 5.862603076080041, 5.862603076068812, 5.862603076080808, 5.862603076070836, 5.862603076061154, 5.8626030760732455, 5.862603076072818, 5.862603076073173, 5.862603076073154, 5.8626030760713945, 5.862603076059827, 5.862603076083155, 5.862603076081636, 5.862603076079654, 5.862603076069038, 5.862602137043969, 5.862602137037015, 5.862602137024112, 5.862602137024165, 5.862602137028138, 5.8626021370236625, 5.8626021370524874, 5.862602137041297, 5.862602137053545, 5.862602137043021, 5.862602137033645, 5.8626021370459025, 5.862602137045481, 5.862602137045846, 5.862602137046001, 5.862602137043966, 5.86260213703244, 5.862602137055684, 5.862602137054106, 5.862602137052286, 5.862602137041604, 5.860697066372929, 5.860697066387559, 5.860697066409445, 5.86069706640874, 5.860697066402171, 5.860697066409283, 5.8606970663575595, 5.860697066377699, 5.860697066356035, 5.860697066373625, 5.860697066390892, 5.860697066369845, 5.860697066370871, 5.860697066369186, 5.860697066369101, 5.8606970663729285, 5.860697066393983, 5.860697066351709, 5.860697066353904, 5.860697066358549, 5.860697066378254, 5.86291879937185, 5.8629187993648895, 5.8629187993569, 5.862918799357054, 5.8629187993582494, 5.862918799356803, 5.8629187993792, 5.862918799369122, 5.862918799378859, 5.862918799372024, 5.862918799364209, 5.862918799372764, 5.862918799372386, 5.862918799373363, 5.8629187993739915, 5.862918799371839, 5.862918799363348, 5.8629187993803935, 5.8629187993803935, 5.862918799377847, 5.86291879936766, 5.8627387241385405, 5.862738724131905, 5.862738724120068, 5.862738724120265, 5.862738724123835, 5.862738724119886, 5.862738724146066, 5.86273872413612, 5.862738724147188, 5.862738724137952, 5.86273872412935, 5.862738724140089, 5.8627387241397235, 5.862738724140687, 5.8627387241406375, 5.862738724138542, 5.862738724128179, 5.862738724148983, 5.8627387241477456, 5.8627387241458795, 5.862738724135566, 5.861398831633501, 5.861398831647275, 5.861398831663743, 5.861398831663229, 5.8613988316599945, 5.861398831663598, 5.861398831619123, 5.861398831638505, 5.861398831619405, 5.861398831633618, 5.861398831648839, 5.861398831631065, 5.861398831632042, 5.861398831630763, 5.861398831629814, 5.861398831633491, 5.861398831651287, 5.861398831615557, 5.861398831616316, 5.8613988316213455, 5.861398831639711, 5.863074591090693, 5.863074591084852, 5.863074591077957, 5.863074591078098, 5.863074591079884, 5.863074591077805, 5.8630745910968995, 5.863074591088879, 5.863074591096991, 5.86307459109091, 5.8630745910844, 5.863074591091465, 5.863074591091164, 5.863074591091989, 5.863074591092249, 5.863074591090687, 5.863074591083275, 5.863074591098143, 5.863074591097894, 5.863074591095663, 5.863074591087957, 5.862918608843263, 5.862918608835747, 5.862918608828335, 5.862918608828445, 5.862918608830043, 5.862918608828304, 5.862918608850819, 5.862918608840781, 5.862918608850545, 5.862918608843564, 5.86291860883584, 5.862918608844297, 5.862918608843912, 5.862918608844609, 5.86291860884529, 5.862918608843265, 5.862918608834385, 5.862918608852196, 5.862918608852004, 5.862918608849108, 5.862918608839884, 5.8619083393799, 5.86190833939076, 5.861908339406503, 5.861908339405941, 5.861908339402665, 5.861908339406657, 5.861908339367585, 5.861908339383797, 5.861908339367401, 5.861908339380126, 5.861908339393436, 5.861908339377851, 5.8619083393786555, 5.861908339377132, 5.8619083393768525, 5.861908339379902, 5.861908339395176, 5.861908339364529, 5.861908339365106, 5.861908339369215, 5.861908339385349, 5.863115507707746, 5.863115507703063, 5.863115507695105, 5.8631155076951496, 5.863115507697871, 5.8631155076952695, 5.8631155077125126, 5.863115507706113, 5.863115507713616, 5.86311550770712, 5.863115507701404, 5.863115507708887, 5.86311550770862, 5.863115507709022, 5.863115507708825, 5.863115507707748, 5.863115507700333, 5.863115507715274, 5.863115507713749, 5.8631155077128465, 5.863115507706634, 5.863125178115172, 5.863125178109657, 5.863125178103227, 5.863125178103294, 5.863125178104592, 5.8631251781034655, 5.863125178120634, 5.8631251781133304, 5.863125178120657, 5.863125178115236, 5.863125178109044, 5.8631251781159115, 5.863125178115599, 5.863125178116321, 5.863125178116304, 5.863125178115175, 5.863125178108194, 5.8631251781222335, 5.863125178121683, 5.863125178120038, 5.86312517811283, 5.862291214938351, 5.862291214947057, 5.862291214961917, 5.862291214961491, 5.862291214957272, 5.862291214962248, 5.862291214928444, 5.8622912149415445, 5.862291214927148, 5.862291214939145, 5.862291214950068, 5.862291214936292, 5.862291214936982, 5.862291214935987, 5.8622912149358, 5.862291214938353, 5.862291214952059, 5.8622912149245465, 5.862291214926066, 5.862291214929014, 5.86229121494187, 5.86309627259063, 5.8630962725855476, 5.863096272577907, 5.863096272578041, 5.863096272580242, 5.86309627257807, 5.86309627259635, 5.863096272588936, 5.863096272596683, 5.863096272590105, 5.863096272584118, 5.863096272591948, 5.86309627259172, 5.863096272592049, 5.8630962725923235, 5.863096272590632, 5.863096272583365, 5.863096272598009, 5.863096272597323, 5.863096272595856, 5.863096272588753, 5.863305174860016, 5.863305174857467, 5.863305174851847, 5.863305174851932, 5.863305174853817, 5.863305174851807, 5.863305174863339, 5.8633051748592075, 5.863305174864143, 5.863305174859365, 5.863305174855675, 5.863305174860607, 5.863305174860487, 5.863305174860901, 5.863305174860857, 5.8633051748600025, 5.863305174855349, 5.863305174864757, 5.863305174864089, 5.863305174863522, 5.863305174859073, 5.862605032680145, 5.862605032688416, 5.862605032700033, 5.86260503269969, 5.8626050326966554, 5.862605032699899, 5.862605032671406, 5.862605032683079, 5.862605032670923, 5.862605032680532, 5.862605032689881, 5.862605032678045, 5.862605032678691, 5.862605032678068, 5.862605032677734, 5.8626050326801415, 5.862605032691759, 5.862605032668404, 5.8626050326695465, 5.8626050326723504, 5.8626050326831205, 5.863034841404587, 5.8630348413984965, 5.863034841390915, 5.863034841391064, 5.8630348413928335, 5.863034841390786, 5.863034841411029, 5.8630348414024125, 5.86303484141071, 5.863034841404715, 5.8630348413977895, 5.863034841405808, 5.863034841405502, 5.863034841405958, 5.863034841406451, 5.863034841404595, 5.863034841396943, 5.863034841412283, 5.863034841412101, 5.863034841409953, 5.86303484140146, 5.863421251307526, 5.863421251306333, 5.863421251304235, 5.863421251304211, 5.863421251305208, 5.863421251304096, 5.863421251308847, 5.863421251306879, 5.863421251308961, 5.86342125130736, 5.863421251306066, 5.863421251308049, 5.8634212513080595, 5.863421251308007, 5.86342125130804, 5.8634212513075346, 5.863421251305772, 5.8634212513093065, 5.863421251309033, 5.863421251308685, 5.863421251307041, 5.862901580045028, 5.862901580052134, 5.86290158006088, 5.862901580060541, 5.862901580058695, 5.86290158006066, 5.862901580037741, 5.86290158004725, 5.8629015800379225, 5.86290158004491, 5.862901580053011, 5.862901580043446, 5.862901580044011, 5.862901580043455, 5.862901580042864, 5.862901580045031, 5.862901580054026, 5.862901580035981, 5.862901580036337, 5.862901580038717, 5.862901580048208, 5.862981596261977, 5.862981596255843, 5.862981596247406, 5.862981596247509, 5.862981596249431, 5.862981596247254, 5.8629815962687095, 5.862981596259823, 5.8629815962688605, 5.86298159626183, 5.862981596254687, 5.862981596262938, 5.8629815962626, 5.862981596263247, 5.862981596263511, 5.862981596261976, 5.86298159625334, 5.862981596270675, 5.862981596270067, 5.862981596267768, 5.862981596259334, 5.8634342076985515, 5.863434207698883, 5.863434207700707, 5.863434207700567, 5.863434207700025, 5.863434207700709, 5.863434207697932, 5.863434207698841, 5.863434207697199, 5.863434207699062, 5.863434207699828, 5.863434207698553, 5.8634342076986625, 5.863434207698201, 5.863434207698637, 5.8634342076985515, 5.86343420769981, 5.863434207697305, 5.863434207697609, 5.863434207697515, 5.8634342076988455, 5.8631834218197865, 5.863183421824366, 5.863183421830867, 5.86318342183061, 5.863183421829037, 5.86318342183093, 5.863183421814799, 5.863183421821486, 5.863183421814488, 5.863183421819952, 5.863183421825472, 5.863183421819003, 5.863183421819371, 5.863183421818718, 5.863183421818591, 5.863183421819798, 5.863183421826054, 5.863183421813501, 5.863183421813751, 5.86318342181529, 5.863183421822008, 5.8629962186474245, 5.862996218641854, 5.862996218632964, 5.862996218633151, 5.862996218635108, 5.862996218633058, 5.862996218653649, 5.862996218645502, 5.862996218654409, 5.862996218646796, 5.862996218640052, 5.862996218648393, 5.862996218648052, 5.8629962186489895, 5.862996218648742, 5.862996218647421, 5.862996218638656, 5.862996218656302, 5.862996218655148, 5.862996218653306, 5.8629962186450255, 5.863347067691853, 5.863347067694615, 5.8633470676987995, 5.863347067698653, 5.863347067697363, 5.863347067698825, 5.863347067688834, 5.863347067692845, 5.863347067688553, 5.8633470676920725, 5.8633470676952415, 5.863347067691175, 5.863347067691399, 5.8633470676912625, 5.863347067691036, 5.863347067691852, 5.863347067695717, 5.863347067687987, 5.863347067688236, 5.8633470676891575, 5.863347067692868, 5.863389340797451, 5.863389340799307, 5.863389340802696, 5.863389340802553, 5.86338934080171, 5.863389340802603, 5.863389340795299, 5.863389340798128, 5.863389340794666, 5.8633893407978785, 5.863389340800039, 5.863389340797204, 5.8633893407974265, 5.863389340796973, 5.863389340797205, 5.863389340797454, 5.863389340800588, 5.863389340794314, 5.863389340794718, 5.8633893407953765, 5.863389340798184, 5.86312626508178, 5.863126265076916, 5.86312626506959, 5.863126265069688, 5.863126265071618, 5.86312626506936, 5.863126265087254, 5.863126265080034, 5.863126265087472, 5.863126265081525, 5.863126265075483, 5.863126265082763, 5.863126265082505, 5.863126265082987, 5.863126265083217, 5.86312626508178, 5.863126265074662, 5.863126265088957, 5.86312626508837, 5.863126265086772, 5.863126265079682, 5.863225759264473, 5.863225759269046, 5.8632257592746955, 5.863225759274479, 5.863225759273276, 5.863225759274454, 5.863225759259936, 5.863225759265909, 5.863225759260017, 5.863225759264413, 5.863225759269411, 5.863225759263337, 5.86322575926371, 5.863225759263443, 5.863225759263082, 5.863225759264476, 5.8632257592702635, 5.863225759258635, 5.86322575925902, 5.863225759260555, 5.863225759266329, 5.863442834933916, 5.863442834933311, 5.8634428349325916, 5.863442834932547, 5.863442834932891, 5.863442834932449, 5.86344283493466, 5.863442834933633, 5.863442834934582, 5.863442834933895, 5.863442834933281, 5.863442834934062, 5.863442834934118, 5.863442834934051, 5.8634428349341015, 5.863442834933931, 5.863442834933211, 5.863442834934624, 5.863442834934671, 5.863442834934412, 5.8634428349335375, 5.86332692889989, 5.863326928896521, 5.863326928892379, 5.863326928892416, 5.863326928893506, 5.863326928892386, 5.863326928903365, 5.863326928898739, 5.863326928903186, 5.863326928899867, 5.863326928896285, 5.863326928900685, 5.863326928900549, 5.863326928900609, 5.8633269289009, 5.863326928899891, 5.863326928895746, 5.863326928904066, 5.863326928903914, 5.863326928902743, 5.863326928898346, 5.863204876126821, 5.863204876131305, 5.8632048761373765, 5.863204876137134, 5.863204876135692, 5.863204876137458, 5.863204876121969, 5.863204876128347, 5.8632048761218565, 5.863204876126891, 5.863204876132202, 5.863204876125768, 5.863204876126107, 5.863204876125694, 5.86320487612549, 5.863204876126817, 5.863204876133016, 5.863204876120566, 5.863204876120993, 5.863204876122535, 5.863204876128725, 5.863348815038477, 5.863348815035855, 5.863348815031577, 5.863348815031587, 5.863348815032727, 5.863348815031672, 5.8633488150414035, 5.863348815037591, 5.863348815041811, 5.863348815038126, 5.863348815035037, 5.863348815038873, 5.863348815038755, 5.863348815039145, 5.863348815039134, 5.863348815038466, 5.863348815034444, 5.863348815042536, 5.863348815042076, 5.863348815041224, 5.8633488150375035, 5.863446242956845, 5.863446242956298, 5.863446242955999, 5.863446242955927, 5.863446242956068, 5.863446242956117, 5.8634462429573615, 5.863446242956748, 5.86344624295722, 5.863446242956872, 5.863446242956486, 5.863446242956998, 5.8634462429570195, 5.863446242956984, 5.8634462429570835, 5.8634462429568455, 5.863446242956377, 5.863446242957315, 5.863446242957356, 5.863446242957143, 5.86344624295679, 5.863333513815059, 5.863333513817755, 5.863333513822512, 5.863333513822318, 5.8633335138211615, 5.863333513822552, 5.8633335138119085, 5.863333513816122, 5.863333513811514, 5.863333513815386, 5.863333513818775, 5.863333513814455, 5.863333513814697, 5.863333513814341, 5.863333513814306, 5.863333513815049, 5.863333513819362, 5.863333513810716, 5.863333513811147, 5.863333513812079, 5.863333513816275, 5.863280484870734, 5.863280484867124, 5.863280484861906, 5.86328048486198, 5.863280484863365, 5.863280484861865, 5.8632804848746, 5.863280484869594, 5.863280484874958, 5.863280484870532, 5.86328048486615, 5.863280484871378, 5.863280484871173, 5.863280484871639, 5.863280484871638, 5.863280484870726, 5.863280484865455, 5.863280484876068, 5.863280484875458, 5.86328048487439, 5.8632804848692235, 5.863389926730645, 5.86338992673289, 5.86338992673592, 5.863389926735764, 5.863389926735256, 5.863389926735831, 5.863389926728112, 5.863389926731411, 5.863389926728245, 5.863389926730664, 5.863389926733137, 5.863389926730138, 5.863389926730321, 5.863389926730172, 5.863389926729949, 5.863389926730651, 5.863389926733556, 5.863389926727698, 5.86338992672768, 5.863389926728667, 5.863389926731652, 5.863447350976746, 5.863447350976915, 5.863447350977745, 5.863447350977656, 5.863447350977572, 5.8634473509776965, 5.863447350976366, 5.863447350976785, 5.863447350976207, 5.863447350976883, 5.86344735097719, 5.863447350976763, 5.863447350976832, 5.863447350976696, 5.863447350976786, 5.8634473509767515, 5.86344735097732, 5.863447350976171, 5.86344735097623, 5.863447350976391, 5.8634473509768075, 5.863372961941033, 5.86337296193846, 5.863372961935123, 5.863372961935143, 5.863372961935958, 5.863372961935097, 5.86337296194379, 5.8633729619401205, 5.863372961943796, 5.863372961940993, 5.863372961938011, 5.863372961941468, 5.863372961941349, 5.863372961941626, 5.863372961941767, 5.863372961941022, 5.8633729619376185, 5.863372961944462, 5.863372961944311, 5.863372961943423, 5.863372961939838, 5.863328613099116, 5.863328613102433, 5.863328613106602, 5.863328613106421, 5.8633286131054945, 5.863328613106568, 5.863328613095753, 5.863328613100208, 5.863328613095731, 5.863328613099161, 5.863328613102855, 5.863328613098332, 5.863328613098612, 5.863328613098335, 5.863328613098148, 5.863328613099104, 5.8633286131034845, 5.8633286130946995, 5.863328613095064, 5.863328613096148, 5.863328613100559, 5.863391942802478, 5.863391942800473, 5.863391942797184, 5.863391942797192, 5.863391942798135, 5.86339194279719, 5.8633919428048085, 5.863391942801801, 5.8633919428049595, 5.863391942802278, 5.863391942799886, 5.863391942802976, 5.863391942802881, 5.863391942803003, 5.863391942803093, 5.863391942802466, 5.86339194279949, 5.863391942805475, 5.863391942805237, 5.863391942804542, 5.863391942801691, 5.863449139841135, 5.863449139841245, 5.8634491398418165, 5.863449139841709, 5.863449139841491, 5.8634491398418485, 5.863449139840985, 5.863449139841177, 5.863449139840772, 5.863449139841207, 5.8634491398415705, 5.863449139841107, 5.863449139841172, 5.86344913984104, 5.8634491398411175, 5.863449139841139, 5.863449139841592, 5.863449139840669, 5.863449139840832, 5.863449139840767, 5.863449139841068, 5.863419206206891, 5.863419206208443, 5.863419206210766, 5.863419206210619, 5.863419206209953, 5.863419206210768, 5.86341920620521, 5.8634192062073875, 5.863419206205113, 5.863419206206943, 5.8634192062088655, 5.863419206206467, 5.863419206206611, 5.863419206206461, 5.863419206206402, 5.863419206206878, 5.8634192062091, 5.863419206204645, 5.863419206204839, 5.863419206205321, 5.8634192062074355, 5.86336948169978, 5.863369481697419, 5.863369481693598, 5.863369481693599, 5.863369481694676, 5.863369481693522, 5.863369481702425, 5.863369481698967, 5.863369481702729, 5.863369481699543, 5.863369481696657, 5.863369481700311, 5.863369481700188, 5.863369481700408, 5.863369481700451, 5.863369481699786, 5.863369481696114, 5.8633694817034785, 5.863369481703004, 5.863369481702276, 5.863369481698861, 5.8633819367685005, 5.863381936770847, 5.863381936774259, 5.863381936774073, 5.8633819367732976, 5.863381936774139, 5.863381936765978, 5.86338193676929, 5.863381936765798, 5.863381936768681, 5.863381936771324, 5.8633819367680315, 5.863381936768219, 5.863381936767916, 5.86338193676788, 5.863381936768494, 5.863381936771753, 5.863381936765203, 5.863381936765429, 5.863381936766257, 5.863381936769579, 5.863432487848862, 5.863432487847507, 5.86343248784613, 5.863432487846087, 5.863432487846325, 5.8634324878460085, 5.863432487850288, 5.863432487848417, 5.8634324878501545, 5.863432487849008, 5.863432487847402, 5.863432487849058, 5.863432487849011, 5.86343248784917, 5.863432487849238, 5.863432487848866, 5.863432487847145, 5.8634324878505675, 5.863432487850531, 5.863432487850031, 5.863432487848217, 5.863450055473134, 5.863450055472916, 5.8634500554725735, 5.863450055472478, 5.863450055472594, 5.863450055472461, 5.863450055473404, 5.863450055473032, 5.863450055473483, 5.863450055473138, 5.863450055472753, 5.86345005547317, 5.863450055473182, 5.863450055473261, 5.8634500554732, 5.863450055473129, 5.863450055472662, 5.863450055473615, 5.8634500554734865, 5.863450055473437, 5.8634500554730415, 5.863422224479354, 5.863422224480991, 5.863422224483051, 5.863422224482894, 5.8634222244825, 5.863422224482966, 5.863422224477582, 5.863422224479889, 5.863422224477658, 5.863422224479356, 5.86342222448116, 5.863422224479042, 5.86342222447919, 5.863422224479029, 5.863422224478898, 5.863422224479352, 5.8634222244814, 5.863422224477254, 5.863422224477259, 5.8634222244779215, 5.863422224480087, 5.863395759043157, 5.863395759040986, 5.863395759038117, 5.863395759038094, 5.8633957590387835, 5.86339575903807, 5.863395759045435, 5.863395759042469, 5.863395759045517, 5.863395759043094, 5.863395759040611, 5.863395759043561, 5.863395759043441, 5.863395759043638, 5.863395759043776, 5.863395759043158, 5.863395759040177, 5.863395759046136, 5.863395759045908, 5.863395759045168, 5.8633957590421595, 5.863404279548528, 5.86340427955039, 5.863404279553304, 5.863404279553154, 5.863404279552403, 5.863404279553284, 5.863404279546529, 5.863404279549173, 5.863404279546297, 5.863404279548679, 5.863404279550944, 5.863404279548102, 5.8634042795482895, 5.8634042795480275, 5.863404279548035, 5.863404279548515, 5.863404279551322, 5.863404279545678, 5.863404279546024, 5.863404279546585, 5.86340427954928, 5.863434034070264, 5.863434034069215, 5.863434034067349, 5.863434034067314, 5.8634340340678595, 5.863434034067326, 5.863434034071552, 5.863434034069909, 5.863434034071705, 5.8634340340701305, 5.863434034068811, 5.863434034070475, 5.863434034070448, 5.863434034070569, 5.863434034070552, 5.86343403407026, 5.8634340340685736, 5.863434034071939, 5.863434034071798, 5.863434034071416, 5.86343403406989, 5.863451691397339, 5.863451691397538, 5.863451691397746, 5.863451691397631, 5.863451691397684, 5.863451691397682, 5.863451691397186, 5.8634516913973815, 5.86345169139721, 5.863451691397288, 5.863451691397537, 5.863451691397291, 5.863451691397341, 5.863451691397285, 5.863451691397273, 5.863451691397343, 5.863451691397563, 5.863451691397079, 5.86345169139711, 5.8634516913971755, 5.863451691397461, 5.86344376952366, 5.863443769524352, 5.863443769525715, 5.863443769525588, 5.863443769525243, 5.863443769525695, 5.8634437695228145, 5.863443769523849, 5.863443769522691, 5.863443769523746, 5.863443769524677, 5.86344376952344, 5.863443769523549, 5.863443769523419, 5.8634437695234505, 5.863443769523661, 5.863443769524853, 5.86344376952243, 5.86344376952259, 5.863443769522852, 5.863443769523877, 5.86342448005463, 5.863424480053126, 5.863424480051056, 5.8634244800510205, 5.8634244800516155, 5.863424480051005, 5.8634244800562145, 5.863424480054125, 5.863424480056318, 5.863424480054547, 5.8634244800527915, 5.863424480054966, 5.8634244800549, 5.863424480055006, 5.8634244800550555, 5.863424480054635, 5.8634244800525295, 5.863424480056727, 5.863424480056524, 5.863424480056086, 5.863424480053996, 5.863414377145947, 5.863414377147748, 5.863414377150203, 5.863414377150064, 5.863414377149568, 5.863414377150151, 5.8634143771440055, 5.863414377146568, 5.863414377144004, 5.863414377146009, 5.863414377148008, 5.86341437714555, 5.8634143771456975, 5.863414377145545, 5.863414377145413, 5.863414377145944, 5.863414377148361, 5.863414377143498, 5.863414377143634, 5.863414377144324, 5.863414377146756, 5.863420622752315, 5.86342062275068, 5.863420622748517, 5.863420622748504, 5.863420622749055, 5.863420622748465, 5.86342062275406, 5.863420622751819, 5.863420622754131, 5.863420622752287, 5.863420622750348, 5.863420622752601, 5.863420622752516, 5.863420622752707, 5.863420622752774, 5.8634206227523205, 5.863420622750036, 5.863420622754593, 5.863420622754413, 5.86342062275388, 5.863420622751614, 5.863436267879418, 5.863436267880489, 5.863436267882279, 5.86343626788216, 5.863436267881765, 5.863436267882276, 5.8634362678782, 5.86343626787979, 5.863436267878092, 5.863436267879513, 5.863436267880835, 5.8634362678791785, 5.8634362678792815, 5.8634362678791705, 5.863436267879175, 5.863436267879422, 5.8634362678810295, 5.863436267877755, 5.863436267877929, 5.863436267878292, 5.863436267879893, 5.863449367489166, 5.863449367488646, 5.863449367487858, 5.863449367487782, 5.8634493674880845, 5.863449367487848, 5.86344936748971, 5.863449367489007, 5.8634493674897925, 5.863449367489132, 5.8634493674885215, 5.863449367489259, 5.863449367489267, 5.863449367489323, 5.863449367489299, 5.863449367489165, 5.863449367488361, 5.863449367489936, 5.86344936748984, 5.8634493674896975, 5.86344936748898, 5.863453081250459, 5.863453081250385, 5.863453081250245, 5.86345308125017, 5.863453081250267, 5.863453081250221, 5.8634530812505234, 5.863453081250451, 5.863453081250599, 5.86345308125044, 5.863453081250346, 5.863453081250432, 5.863453081250449, 5.863453081250494, 5.863453081250434, 5.863453081250453, 5.863453081250287, 5.863453081250598, 5.863453081250556, 5.863453081250557, 5.863453081250417, 5.863447954672015, 5.863447954672603, 5.8634479546736555, 5.863447954673527, 5.863447954673328, 5.863447954673623, 5.863447954671342, 5.863447954672202, 5.863447954671229, 5.863447954672057, 5.863447954672836, 5.863447954671883, 5.863447954671964, 5.8634479546718135, 5.86344795467186, 5.863447954672009, 5.8634479546729406, 5.863447954671039, 5.863447954671169, 5.863447954671364, 5.8634479546722655, 5.863438854495648, 5.86343885449456, 5.863438854493048, 5.8634388544930225, 5.863438854493442, 5.863438854493018, 5.863438854496863, 5.863438854495272, 5.863438854496871, 5.863438854495574, 5.863438854494345, 5.863438854495881, 5.863438854495838, 5.863438854495881, 5.8634388544959535, 5.8634388544956515, 5.863438854494124, 5.863438854497159, 5.863438854497071, 5.863438854496685, 5.863438854495207, 5.863430152486668, 5.863430152488104, 5.86343015249004, 5.863430152489873, 5.86343015248947, 5.86343015248999, 5.863430152485197, 5.863430152487107, 5.863430152485166, 5.863430152486695, 5.863430152488328, 5.863430152486339, 5.863430152486459, 5.86343015248633, 5.863430152486243, 5.863430152486652, 5.863430152488579, 5.863430152484709, 5.8634301524848835, 5.863430152485363, 5.863430152487283, 5.863424366298455, 5.863424366296935, 5.863424366294769, 5.863424366294746, 5.863424366295313, 5.863424366294722, 5.863424366300118, 5.863424366297973, 5.863424366300162, 5.863424366298407, 5.863424366296584, 5.863424366298759, 5.863424366298688, 5.863424366298846, 5.863424366298894, 5.863424366298452, 5.863424366296294, 5.863424366300605, 5.863424366300451, 5.86342436629995, 5.8634243662977745, 5.863422083741322, 5.863422083742894, 5.863422083745252, 5.863422083745091, 5.863422083744548, 5.863422083745219, 5.863422083739592, 5.863422083741825, 5.863422083739477, 5.863422083741411, 5.863422083743271, 5.863422083740985, 5.863422083741122, 5.86342208374095, 5.86342208374092, 5.863422083741325, 5.863422083743575, 5.863422083739008, 5.8634220837392315, 5.863422083739769, 5.863422083741945, 5.863422056556983, 5.863422056555446, 5.863422056553158, 5.863422056553131, 5.863422056553742, 5.863422056553092, 5.863422056558708, 5.863422056556491, 5.863422056558832, 5.863422056556885, 5.8634220565550095, 5.863422056557298, 5.863422056557232, 5.863422056557404, 5.863422056557428, 5.863422056556976, 5.86342205655469, 5.86342205655927, 5.863422056559059, 5.863422056558564, 5.863422056556319, 5.863422922168821, 5.86342292217042, 5.863422922172723, 5.8634229221725915, 5.863422922172044, 5.8634229221726555, 5.863422922167101, 5.863422922169358, 5.863422922167039, 5.863422922168898, 5.863422922170732, 5.8634229221684375, 5.863422922168571, 5.86342292216841, 5.8634229221683505, 5.863422922168815, 5.86342292217102, 5.863422922166593, 5.863422922166769, 5.863422922167309, 5.863422922169477, 5.863423171269609, 5.863423171267965, 5.863423171265821, 5.863423171265796, 5.863423171266386, 5.863423171265794, 5.863423171271321, 5.863423171269081, 5.863423171271353, 5.863423171269574, 5.86342317126772, 5.863423171269966, 5.863423171269884, 5.863423171269981, 5.863423171270074, 5.863423171269613, 5.863423171267367, 5.863423171271836, 5.863423171271666, 5.863423171271119, 5.863423171268944, 5.863421939440154, 5.863421939441741, 5.863421939444129, 5.863421939443955, 5.863421939443453, 5.86342193944406, 5.863421939438404, 5.863421939440651, 5.86342193943832, 5.863421939440236, 5.863421939442127, 5.863421939439793, 5.8634219394399345, 5.863421939439774, 5.863421939439698, 5.863421939440152, 5.863421939442409, 5.863421939437864, 5.863421939438039, 5.863421939438571, 5.8634219394408715, 5.863417718561568, 5.86341771855989, 5.863417718557415, 5.863417718557414, 5.863417718558057, 5.863417718557392, 5.863417718563411, 5.863417718561006, 5.863417718563542, 5.863417718561452, 5.863417718559483, 5.863417718561881, 5.863417718561794, 5.8634177185619984, 5.863417718562024, 5.8634177185615615, 5.8634177185591, 5.863417718564015, 5.863417718563807, 5.86341771856324, 5.863417718560888, 5.863408402591723, 5.863408402593617, 5.863408402596452, 5.86340840259627, 5.863408402595626, 5.863408402596395, 5.863408402589665, 5.863408402592371, 5.863408402589513, 5.863408402591838, 5.863408402594099, 5.863408402591314, 5.863408402591478, 5.863408402591248, 5.8634084025912125, 5.8634084025917135, 5.863408402594449, 5.863408402588949, 5.863408402589223, 5.863408402589834, 5.863408402592517, 5.863389939551495, 5.863389939549217, 5.863389939545997, 5.863389939546007, 5.863389939546844, 5.863389939545947, 5.863389939553963, 5.863389939550786, 5.8633899395540645, 5.863389939551385, 5.86338993954873, 5.863389939551967, 5.86338993955184, 5.863389939552042, 5.863389939552117, 5.8633899395514995, 5.863389939548276, 5.863389939554715, 5.863389939554456, 5.86338993955371, 5.863389939550488, 5.863354417763113, 5.86335441776598, 5.86335441777004, 5.8633544177698305, 5.8633544177689085, 5.863354417770005, 5.863354417760044, 5.863354417764022, 5.863354417759919, 5.863354417763203, 5.863354417766548, 5.863354417762513, 5.863354417762731, 5.863354417762447, 5.863354417762313, 5.863354417763105, 5.8633544177670895, 5.863354417759073, 5.863354417759404, 5.863354417760376, 5.863354417764332, 5.863284597575281, 5.863284597571604, 5.863284597566418, 5.863284597566474, 5.863284597567752, 5.863284597566354, 5.8632845975793, 5.863284597574085, 5.863284597579464, 5.863284597575105, 5.863284597570767, 5.863284597576016, 5.8632845975757855, 5.863284597576163, 5.863284597576317, 5.863284597575277, 5.863284597570063, 5.863284597580521, 5.863284597580119, 5.863284597578889, 5.863284597573682, 5.8631446028951855, 5.863144602900166, 5.8631446029073055, 5.863144602907012, 5.863144602905348, 5.863144602907273, 5.8631446028897845, 5.8631446028967735, 5.86314460288949, 5.86314460289543, 5.863144602901228, 5.86314460289416, 5.863144602894515, 5.863144602893964, 5.863144602893829, 5.863144602895182, 5.863144602902204, 5.863144602888065, 5.863144602888691, 5.8631446028903715, 5.863144602897322, 5.862851875488784, 5.862851875481886, 5.862851875471992, 5.862851875472182, 5.862851875474604, 5.8628518754719465, 5.862851875496288, 5.862851875486556, 5.8628518754966175, 5.862851875488414, 5.862851875480321, 5.862851875490207, 5.862851875489761, 5.86285187549046, 5.8628518754906676, 5.86285187548878, 5.862851875478968, 5.8628518754986345, 5.862851875497841, 5.862851875495524, 5.862851875485831, 5.862230530789386, 5.862230530799288, 5.862230530813447, 5.862230530812944, 5.862230530809487, 5.862230530813442, 5.862230530778729, 5.862230530792549, 5.862230530778128, 5.862230530789824, 5.862230530801455, 5.862230530787326, 5.862230530788019, 5.862230530786994, 5.86223053078661, 5.8622305307893985, 5.86223053080332, 5.862230530775295, 5.862230530776524, 5.8622305307797955, 5.862230530793591, 5.8608932542993415, 5.860893254285146, 5.860893254264819, 5.860893254265277, 5.86089325427011, 5.8608932542647505, 5.860893254314903, 5.860893254294763, 5.860893254315467, 5.860893254298544, 5.860893254281993, 5.860893254302338, 5.860893254301408, 5.860893254302763, 5.860893254303278, 5.860893254299335, 5.860893254279192, 5.8608932543196355, 5.860893254318052, 5.860893254313191, 5.860893254293252, 5.858194703067941, 5.8581947030886745, 5.8581947031176815, 5.858194703116728, 5.858194703109398, 5.858194703117643, 5.8581947030457755, 5.858194703074564, 5.858194703044455, 5.858194703068727, 5.858194703092886, 5.8581947030636075, 5.858194703065049, 5.8581947030627886, 5.858194703062127, 5.858194703067945, 5.858194703096807, 5.858194703038803, 5.858194703041281, 5.858194703048141, 5.858194703076752, 5.8533834538999665, 5.853383453871905, 5.85338345383192, 5.853383453832902, 5.853383453841927, 5.853383453831845, 5.853383453930978, 5.853383453890644, 5.853383453931627, 5.853383453898198, 5.853383453865773, 5.853383453906081, 5.8533834539042005, 5.85338345390676, 5.85338345390782, 5.853383453899968, 5.853383453860183, 5.853383453940021, 5.853383453937115, 5.853383453927263, 5.853383453887725, 5.848099619801746, 5.848099619837531, 5.848099619886285, 5.848099619884609, 5.8480996198721655, 5.848099619885939, 5.848099619763654, 5.84809961981351, 5.848099619761373, 5.848099619803131, 5.848099619844015, 5.848099619794044, 5.848099619796509, 5.848099619792749, 5.8480996197914745, 5.848099619801752, 5.84809961985087, 5.848099619752158, 5.848099619756347, 5.848099619768285, 5.848099619817144, 5.847793333147613, 5.847793333111865, 5.847793333063882, 5.847793333065225, 5.847793333076427, 5.847793333063619, 5.847793333186966, 5.84779333313516, 5.847793333186946, 5.84779333314587, 5.847793333105881, 5.84779333315604, 5.8477933331537555, 5.847793333156943, 5.84779333315826, 5.847793333147605, 5.847793333098463, 5.847793333197088, 5.847793333194098, 5.847793333180921, 5.847793333131695, 5.856539650377615, 5.856539650401832, 5.856539650433364, 5.856539650432304, 5.856539650426077, 5.856539650432196, 5.856539650350887, 5.856539650386499, 5.856539650351153, 5.856539650379904, 5.856539650405379, 5.856539650370922, 5.856539650372559, 5.856539650371447, 5.856539650370381, 5.856539650377613, 5.856539650409841, 5.8565396503449545, 5.85653965034707, 5.856539650355659, 5.856539650388219, 5.863299504416634, 5.863299504413186, 5.863299504409586, 5.863299504409795, 5.8632995044134795, 5.86329950440911, 5.863299504418872, 5.863299504415531, 5.863299504420449, 5.863299504416929, 5.86329950441384, 5.863299504418019, 5.863299504417866, 5.863299504418364, 5.863299504418585, 5.863299504416634, 5.863299504412195, 5.863299504421, 5.863299504419763, 5.863299504418868, 5.863299504415663, 5.859808291108051, 5.859808291090013, 5.859808291067804, 5.859808291068533, 5.859808291074474, 5.859808291067971, 5.8598082911266065, 5.859808291101785, 5.859808291128152, 5.859808291106886, 5.859808291088184, 5.859808291111713, 5.85980829111055, 5.8598082911128975, 5.859808291113098, 5.859808291108053, 5.859808291083788, 5.8598082911324045, 5.859808291130173, 5.859808291123769, 5.859808291099484, 5.8542469883925925, 5.8542469884203205, 5.854246988457132, 5.854246988455717, 5.8542469884465, 5.854246988457615, 5.854246988362172, 5.854246988402715, 5.8542469883617105, 5.854246988393901, 5.854246988424766, 5.854246988385164, 5.8542469883869765, 5.85424698838458, 5.854246988383491, 5.8542469883926, 5.854246988430243, 5.854246988354471, 5.8542469883571755, 5.8542469883672155, 5.854246988404453, 5.8568179903713435, 5.85681799034738, 5.856817990315952, 5.856817990316676, 5.856817990324997, 5.856817990317184, 5.856817990397235, 5.856817990363361, 5.856817990396135, 5.8568179903699775, 5.856817990344191, 5.856817990379025, 5.856817990377553, 5.85681799037766, 5.8568179903790405, 5.856817990371341, 5.8568179903404385, 5.856817990402502, 5.856817990400794, 5.856817990392995, 5.856817990362673, 5.862874274793995, 5.862874274800436, 5.862874274810136, 5.862874274809715, 5.862874274806291, 5.862874274810868, 5.862874274787329, 5.862874274796062, 5.862874274786871, 5.862874274794587, 5.862874274801458, 5.8628742747908875, 5.862874274791275, 5.862874274791616, 5.86287427479132, 5.862874274794001, 5.86287427480357, 5.862874274784241, 5.862874274785984, 5.862874274788088, 5.862874274796664, 5.861706196676107, 5.861706196688613, 5.861706196704367, 5.86170619670371, 5.861706196699625, 5.861706196705094, 5.861706196663137, 5.8617061966798945, 5.861706196663519, 5.861706196675757, 5.861706196689771, 5.861706196672727, 5.8617061966735085, 5.86170619667285, 5.861706196672144, 5.861706196676103, 5.861706196692539, 5.8617061966594735, 5.861706196660722, 5.861706196665338, 5.861706196681655, 5.857397882105297, 5.85739788208263, 5.857397882052711, 5.857397882053466, 5.857397882061585, 5.857397882053488, 5.857397882129597, 5.857397882097424, 5.8573978821295265, 5.857397882103188, 5.857397882079253, 5.857397882112739, 5.857397882111357, 5.857397882111779, 5.8573978821126245, 5.857397882105302, 5.8573978820754, 5.857397882135455, 5.857397882133128, 5.857397882126047, 5.857397882096135, 5.859193085029177, 5.85919308504802, 5.859193085073403, 5.859193085072447, 5.859193085065285, 5.859193085072735, 5.859193085008777, 5.859193085036489, 5.859193085008025, 5.859193085031529, 5.859193085050463, 5.859193085023153, 5.859193085024332, 5.859193085023331, 5.859193085022812, 5.859193085029184, 5.859193085055049, 5.859193085002928, 5.859193085005506, 5.85919308501224, 5.859193085035635, 5.863205518258264, 5.863205518253943, 5.863205518247917, 5.863205518248067, 5.863205518250601, 5.863205518247327, 5.863205518262753, 5.8632055182566, 5.863205518263745, 5.863205518258144, 5.863205518252953, 5.863205518259316, 5.863205518259021, 5.863205518259814, 5.86320551825992, 5.863205518258264, 5.863205518252005, 5.863205518264495, 5.863205518263726, 5.863205518262484, 5.863205518256275, 5.861938152447682, 5.861938152436872, 5.861938152421664, 5.861938152422066, 5.861938152427518, 5.861938152421295, 5.861938152459364, 5.861938152443165, 5.861938152460852, 5.861938152446231, 5.861938152435038, 5.861938152451312, 5.861938152450645, 5.861938152451553, 5.861938152451849, 5.861938152447691, 5.861938152432067, 5.8619381524634075, 5.861938152461465, 5.86193815245781, 5.8619381524440275, 5.859271367393337, 5.859271367412069, 5.859271367437536, 5.859271367436549, 5.859271367429241, 5.8592713674365715, 5.8592713673733705, 5.859271367400092, 5.859271367372773, 5.859271367395452, 5.859271367415188, 5.859271367387444, 5.859271367388605, 5.859271367387815, 5.859271367387304, 5.859271367393348, 5.859271367418556, 5.859271367367755, 5.859271367370118, 5.8592713673760075, 5.859271367400673, 5.860983498604178, 5.860983498588948, 5.860983498570691, 5.860983498571123, 5.860983498575756, 5.86098349857063, 5.860983498619697, 5.860983498599263, 5.860983498619489, 5.860983498604018, 5.860983498588077, 5.860983498608341, 5.860983498607377, 5.8609834986081335, 5.860983498608648, 5.860983498604173, 5.860983498584758, 5.8609834986237095, 5.86098349862227, 5.86098349861693, 5.8609834985976, 5.863412612562307, 5.863412612564568, 5.863412612566, 5.863412612565733, 5.863412612565937, 5.8634126125659165, 5.863412612559727, 5.863412612563211, 5.863412612560655, 5.863412612561934, 5.863412612564593, 5.863412612562389, 5.863412612562488, 5.863412612561918, 5.863412612561743, 5.863412612562316, 5.863412612564232, 5.863412612560344, 5.863412612559466, 5.863412612560568, 5.863412612564019, 5.862067143093045, 5.862067143104215, 5.862067143118689, 5.862067143118015, 5.862067143113091, 5.862067143118564, 5.862067143081481, 5.862067143096656, 5.8620671430816875, 5.862067143093194, 5.862067143105605, 5.862067143089451, 5.862067143090093, 5.862067143089716, 5.862067143089259, 5.86206714309304, 5.862067143107199, 5.862067143078709, 5.862067143079574, 5.862067143083118, 5.862067143097591, 5.860472869692706, 5.860472869675956, 5.860472869656404, 5.860472869656861, 5.86047286966078, 5.860472869656809, 5.860472869710485, 5.860472869686682, 5.860472869709431, 5.860472869691863, 5.860472869674703, 5.860472869697344, 5.8604728696962995, 5.860472869697016, 5.8604728696978645, 5.860472869692703, 5.860472869671684, 5.860472869713899, 5.860472869712985, 5.860472869706988, 5.8604728696856485, 5.862005159819446, 5.862005159831252, 5.862005159845164, 5.862005159844498, 5.862005159840778, 5.862005159844665, 5.862005159807665, 5.862005159823757, 5.8620051598069045, 5.862005159820631, 5.862005159831938, 5.862005159816845, 5.862005159817575, 5.862005159816278, 5.86200515981612, 5.862005159819446, 5.862005159834719, 5.862005159803993, 5.862005159805402, 5.862005159809615, 5.862005159824797, 5.863451769764436, 5.863451769764896, 5.86345176976392, 5.863451769763852, 5.8634517697639374, 5.863451769763488, 5.86345176976465, 5.863451769764406, 5.863451769765279, 5.8634517697641595, 5.863451769763595, 5.863451769764049, 5.863451769764037, 5.863451769764634, 5.863451769764107, 5.86345176976444, 5.863451769763809, 5.863451769765006, 5.863451769764768, 5.863451769765123, 5.863451769764269, 5.862360566240824, 5.862360566231041, 5.8623605662189675, 5.862360566219313, 5.8623605662222324, 5.862360566218792, 5.862360566251197, 5.862360566237005, 5.862360566251565, 5.86236056623986, 5.862360566229677, 5.862360566243477, 5.862360566242854, 5.862360566243675, 5.862360566243937, 5.86236056624083, 5.862360566227763, 5.862360566253955, 5.862360566252877, 5.862360566249632, 5.862360566236017, 5.861427231383117, 5.861427231396412, 5.861427231413753, 5.861427231413049, 5.861427231408864, 5.861427231413112, 5.861427231368885, 5.861427231387855, 5.861427231368434, 5.861427231384259, 5.861427231398193, 5.861427231379933, 5.861427231380808, 5.86142723137931, 5.861427231379468, 5.861427231383113, 5.861427231400968, 5.861427231365013, 5.8614272313664175, 5.861427231371162, 5.861427231388398, 5.862520601048835, 5.862520601039966, 5.862520601028085, 5.8625206010283915, 5.862520601031747, 5.862520601027879, 5.862520601058396, 5.862520601045764, 5.862520601058688, 5.862520601048542, 5.86252060103855, 5.862520601051061, 5.8625206010505275, 5.86252060105133, 5.862520601051567, 5.8625206010488276, 5.8625206010368, 5.8625206010609014, 5.862520601060056, 5.862520601056991, 5.8625206010450555, 5.863455832013407, 5.863455832013809, 5.863455832013502, 5.86345583201346, 5.863455832013832, 5.863455832013377, 5.863455832013214, 5.863455832013496, 5.863455832013805, 5.8634558320134325, 5.863455832013566, 5.863455832012923, 5.863455832012961, 5.863455832013494, 5.863455832013116, 5.863455832013407, 5.863455832013323, 5.863455832013425, 5.863455832013323, 5.863455832013306, 5.863455832013853, 5.862717283872045, 5.8627172838796735, 5.862717283890401, 5.862717283889993, 5.862717283887534, 5.862717283890587, 5.862717283863521, 5.862717283874726, 5.862717283863363, 5.86271728387254, 5.86271728388164, 5.862717283870214, 5.8627172838707455, 5.862717283869946, 5.862717283869821, 5.862717283872045, 5.862717283882739, 5.862717283861186, 5.8627172838619535, 5.862717283864462, 5.862717283875665, 5.862034467675724, 5.862034467663893, 5.862034467650363, 5.86203446765075, 5.862034467653844, 5.862034467650994, 5.862034467687657, 5.862034467671689, 5.862034467687495, 5.862034467675018, 5.862034467663516, 5.862034467678897, 5.862034467678178, 5.86203446767875, 5.8620344676792, 5.86203446767573, 5.862034467660972, 5.862034467690535, 5.862034467689513, 5.862034467685351, 5.862034467670687, 5.8627091327075425, 5.862709132715769, 5.862709132725741, 5.862709132725286, 5.862709132722765, 5.862709132725797, 5.862709132698646, 5.862709132710802, 5.862709132699006, 5.862709132707954, 5.862709132716431, 5.862709132704799, 5.862709132705308, 5.862709132704903, 5.862709132704573, 5.8627091327075425, 5.86270913271797, 5.862709132696931, 5.862709132697419, 5.862709132700537, 5.862709132711094, 5.863441371347411, 5.8634413713463065, 5.863441371344514, 5.86344137134449, 5.863441371345593, 5.863441371344745, 5.863441371348496, 5.863441371347094, 5.863441371348595, 5.863441371347195, 5.863441371346011, 5.863441371348255, 5.863441371348217, 5.863441371347886, 5.8634413713479905, 5.863441371347414, 5.863441371345898, 5.8634413713489, 5.863441371348565, 5.86344137134856, 5.863441371347592, 5.863093081703165, 5.863093081696983, 5.86309308169073, 5.863093081690939, 5.863093081692184, 5.863093081690916, 5.8630930817096445, 5.8630930817007885, 5.863093081709188, 5.863093081703007, 5.863093081696727, 5.863093081704582, 5.863093081704247, 5.863093081704878, 5.863093081704999, 5.863093081703171, 5.863093081695884, 5.863093081710455, 5.863093081710452, 5.863093081708234, 5.863093081700282, 5.862517446458314, 5.862517446467587, 5.862517446479208, 5.862517446478768, 5.862517446475723, 5.862517446478964, 5.862517446448768, 5.862517446461479, 5.862517446448714, 5.862517446458855, 5.862517446468162, 5.862517446455382, 5.862517446455996, 5.862517446455757, 5.862517446455294, 5.862517446458313, 5.862517446470324, 5.862517446446121, 5.862517446447216, 5.86251744645052, 5.862517446461873, 5.862744048824957, 5.862744048817525, 5.862744048806626, 5.862744048806915, 5.86274404881052, 5.862744048806687, 5.862744048833002, 5.86274404882239, 5.862744048833292, 5.8627440488241955, 5.862744048815843, 5.8627440488277385, 5.862744048827315, 5.862744048827363, 5.862744048827658, 5.862744048824953, 5.862744048814587, 5.862744048835384, 5.862744048834319, 5.862744048832223, 5.862744048822223, 5.863345590622397, 5.863345590625377, 5.863345590629688, 5.863345590629504, 5.863345590628286, 5.86334559062946, 5.863345590619124, 5.863345590623588, 5.8633455906189695, 5.863345590622869, 5.863345590625817, 5.863345590621081, 5.863345590621306, 5.86334559062126, 5.863345590621337, 5.8633455906223935, 5.863345590626596, 5.86334559061807, 5.863345590618646, 5.863345590619658, 5.863345590623045, 5.863385775778298, 5.8633857757806975, 5.863385775784261, 5.863385775784126, 5.86338577578319, 5.8633857757842325, 5.863385775775691, 5.863385775779019, 5.86338577577565, 5.863385775778375, 5.863385775781355, 5.863385775777461, 5.863385775777674, 5.8633857757776076, 5.863385775777562, 5.863385775778302, 5.8633857757816665, 5.863385775774827, 5.863385775775214, 5.863385775775839, 5.863385775779101, 5.862958224495649, 5.862958224489235, 5.862958224480327, 5.862958224480571, 5.862958224483327, 5.862958224480567, 5.862958224502576, 5.862958224493276, 5.862958224502829, 5.862958224494855, 5.862958224488475, 5.862958224497952, 5.862958224497603, 5.862958224497804, 5.862958224497814, 5.862958224495651, 5.862958224486843, 5.862958224504503, 5.862958224503636, 5.862958224501369, 5.862958224493581, 5.862813919764015, 5.862813919771461, 5.862813919781146, 5.862813919780753, 5.862813919777907, 5.862813919780909, 5.86281391975621, 5.862813919766831, 5.862813919755892, 5.862813919764862, 5.862813919772508, 5.86281391976132, 5.862813919761811, 5.862813919761609, 5.8628139197613125, 5.862813919764022, 5.862813919773877, 5.862813919753965, 5.862813919755012, 5.8628139197572695, 5.86281391976701, 5.863138881983977, 5.86313888197836, 5.863138881971899, 5.863138881972038, 5.86313888197372, 5.863138881972021, 5.863138881989614, 5.863138881982094, 5.863138881989354, 5.8631388819837875, 5.863138881978257, 5.863138881985702, 5.8631388819854084, 5.863138881985422, 5.863138881985824, 5.8631388819839785, 5.863138881976958, 5.863138881991001, 5.8631388819904995, 5.8631388819884975, 5.863138881981766, 5.863443375507462, 5.863443375508821, 5.86344337551037, 5.863443375510241, 5.863443375510005, 5.863443375510332, 5.863443375505945, 5.863443375507804, 5.863443375506241, 5.8634433755071385, 5.8634433755089415, 5.8634433755072966, 5.863443375507403, 5.863443375507197, 5.863443375507176, 5.8634433755074555, 5.863443375508828, 5.863443375506053, 5.86344337550579, 5.863443375506307, 5.863443375508189, 5.863363048559121, 5.86336304856216, 5.863363048565981, 5.863363048565784, 5.863363048564518, 5.863363048565759, 5.863363048556045, 5.8633630485601715, 5.863363048556115, 5.863363048559323, 5.863363048562223, 5.863363048557844, 5.863363048558049, 5.863363048558243, 5.8633630485579245, 5.863363048559113, 5.863363048562755, 5.863363048555386, 5.863363048555673, 5.863363048556637, 5.8633630485600445, 5.863096922795904, 5.863096922790237, 5.863096922783092, 5.863096922783266, 5.863096922785234, 5.863096922783035, 5.863096922801987, 5.863096922794049, 5.86309692280155, 5.863096922795898, 5.863096922789512, 5.863096922797864, 5.863096922797546, 5.86309692279765, 5.863096922797862, 5.863096922795907, 5.863096922788609, 5.863096922803242, 5.8630969228028516, 5.863096922800989, 5.8630969227936305, 5.8630275215287035, 5.863027521535092, 5.863027521542931, 5.863027521542599, 5.863027521540542, 5.863027521542647, 5.863027521522206, 5.86302752153084, 5.863027521522054, 5.863027521529086, 5.863027521535474, 5.86302752152687, 5.863027521527288, 5.863027521526933, 5.863027521526798, 5.863027521528707, 5.863027521536822, 5.8630275215204675, 5.863027521521156, 5.86302752152335, 5.863027521531296, 5.863216457742822, 5.863216457738315, 5.863216457732436, 5.863216457732578, 5.863216457733911, 5.863216457732442, 5.863216457747773, 5.863216457741019, 5.8632164577479635, 5.863216457742221, 5.863216457737519, 5.8632164577439, 5.863216457743654, 5.86321645774412, 5.863216457744241, 5.863216457742822, 5.863216457736535, 5.863216457749128, 5.86321645774864, 5.863216457747015, 5.863216457740747, 5.863425423818673, 5.863425423820508, 5.8634254238227, 5.863425423822544, 5.863425423822207, 5.863425423822598, 5.86342542381673, 5.863425423819373, 5.863425423816614, 5.863425423818843, 5.863425423820781, 5.863425423818362, 5.863425423818543, 5.863425423818179, 5.863425423818212, 5.863425423818672, 5.863425423821116, 5.863425423816157, 5.863425423816366, 5.863425423817017, 5.863425423819454, 5.863442698712345, 5.8634426987135635, 5.863442698715248, 5.863442698715122, 5.863442698714722, 5.863442698715168, 5.863442698711006, 5.8634426987129205, 5.863442698710816, 5.86344269871264, 5.863442698713891, 5.863442698711921, 5.863442698712036, 5.863442698711912, 5.863442698711821, 5.863442698712346, 5.863442698714151, 5.863442698710449, 5.863442698710741, 5.863442698711103, 5.8634426987127535, 5.863301755999823, 5.863301755996101, 5.863301755991236, 5.863301755991337, 5.863301755992594, 5.86330175599138, 5.86330175600384, 5.863301755998434, 5.863301756004041, 5.863301755999358, 5.863301755995698, 5.8633017560007605, 5.863301756000568, 5.863301756000908, 5.863301756000888, 5.863301755999822, 5.8633017559947564, 5.863301756004894, 5.863301756004488, 5.8633017560030884, 5.863301755998362, 5.863178767169855, 5.863178767174841, 5.8631787671812585, 5.863178767180965, 5.863178767179464, 5.863178767181248, 5.86317876716456, 5.863178767171512, 5.863178767164549, 5.863178767170051, 5.863178767175606, 5.863178767168505, 5.863178767168844, 5.863178767168404, 5.863178767168409, 5.863178767169859, 5.863178767176418, 5.863178767163187, 5.8631787671636895, 5.863178767165338, 5.863178767172136, 5.863189589264367, 5.863189589259221, 5.8631895892532295, 5.863189589253379, 5.863189589254901, 5.863189589253347, 5.863189589269628, 5.8631895892627055, 5.863189589269425, 5.8631895892643024, 5.863189589258915, 5.863189589265737, 5.863189589265463, 5.8631895892657075, 5.863189589265967, 5.8631895892643655, 5.863189589257969, 5.863189589270776, 5.863189589270446, 5.863189589268687, 5.863189589262198, 5.863309192231452, 5.8633091922352465, 5.863309192239782, 5.863309192239565, 5.863309192238532, 5.863309192239679, 5.8633091922274, 5.8633091922328475, 5.863309192227588, 5.863309192231676, 5.8633091922354446, 5.863309192230274, 5.863309192230507, 5.863309192230419, 5.863309192230153, 5.863309192231453, 5.863309192236165, 5.863309192226636, 5.8633091922268505, 5.863309192228313, 5.863309192233003, 5.863426623565471, 5.863426623563689, 5.863426623561493, 5.863426623561508, 5.863426623562341, 5.863426623561528, 5.863426623567276, 5.8634266235648065, 5.863426623567443, 5.8634266235652035, 5.863426623563438, 5.863426623566151, 5.8634266235660695, 5.863426623566174, 5.8634266235661086, 5.863426623565466, 5.8634266235630585, 5.8634266235678805, 5.8634266235675465, 5.863426623567096, 5.863426623564828, 5.86346208598662, 5.863462085986115, 5.863462085986179, 5.863462085986127, 5.863462085986001, 5.863462085986112, 5.8634620859870346, 5.863462085986474, 5.863462085986881, 5.86346208598677, 5.863462085986241, 5.863462085986529, 5.863462085986517, 5.863462085986652, 5.8634620859867255, 5.863462085986619, 5.863462085986266, 5.863462085986917, 5.8634620859870745, 5.863462085986918, 5.863462085986214, 5.8634135262377205, 5.863413526239923, 5.863413526242453, 5.863413526242276, 5.863413526241856, 5.863413526242358, 5.863413526235453, 5.863413526238533, 5.863413526235479, 5.863413526237854, 5.8634135262399765, 5.863413526237162, 5.863413526237319, 5.863413526237062, 5.863413526237101, 5.86341352623773, 5.863413526240498, 5.863413526234897, 5.863413526235077, 5.8634135262359734, 5.863413526238778, 5.863331700098113, 5.863331700094764, 5.8633317000903284, 5.863331700090374, 5.863331700091655, 5.863331700090404, 5.863331700101692, 5.863331700096918, 5.863331700101791, 5.863331700097759, 5.863331700094279, 5.863331700099141, 5.863331700098949, 5.863331700099113, 5.863331700099158, 5.86333170009812, 5.863331700093619, 5.863331700102609, 5.86333170010225, 5.863331700101163, 5.863331700096837, 5.86327162675983, 5.863271626763779, 5.863271626769277, 5.8632716267690235, 5.863271626767389, 5.863271626769243, 5.863271626755608, 5.863271626761179, 5.86327162675543, 5.863271626760146, 5.863271626764485, 5.8632716267584675, 5.863271626758752, 5.863271626758594, 5.863271626758439, 5.863271626759833, 5.8632716267652825, 5.863271626754248, 5.863271626754865, 5.863271626756103, 5.863271626761243, 5.863260276625355, 5.86326027662112, 5.863260276615664, 5.863260276615745, 5.863260276617371, 5.863260276615795, 5.8632602766298065, 5.863260276623895, 5.863260276629813, 5.863260276624994, 5.8632602766207285, 5.863260276626809, 5.863260276626571, 5.863260276626652, 5.863260276626778, 5.863260276625347, 5.863260276619832, 5.863260276630879, 5.863260276630447, 5.8632602766290285, 5.863260276623796, 5.8632930712220945, 5.863293071226112, 5.863293071230929, 5.863293071230652, 5.8632930712294025, 5.8632930712307525, 5.863293071217982, 5.863293071223536, 5.863293071218077, 5.863293071222345, 5.863293071226383, 5.8632930712207365, 5.863293071221024, 5.863293071220883, 5.863293071220753, 5.863293071222083, 5.863293071227114, 5.8632930712169555, 5.863293071217381, 5.863293071218687, 5.863293071223718, 5.863347041389524, 5.863347041386224, 5.863347041382316, 5.86334704138237, 5.863347041383437, 5.863347041382286, 5.863347041392969, 5.863347041388382, 5.863347041392921, 5.863347041389377, 5.8633470413859845, 5.863347041390512, 5.863347041390328, 5.863347041390446, 5.86334704139065, 5.863347041389521, 5.863347041385295, 5.863347041393768, 5.863347041393478, 5.863347041392325, 5.86334704138816, 5.863400297408438, 5.863400297410809, 5.863400297413949, 5.863400297413766, 5.863400297413031, 5.863400297413793, 5.863400297405878, 5.863400297409205, 5.8634002974058985, 5.863400297408625, 5.86340029741112, 5.863400297407783, 5.863400297407957, 5.863400297407803, 5.863400297407751, 5.863400297408429, 5.863400297411505, 5.863400297405291, 5.863400297405476, 5.863400297406318, 5.8634002974093775, 5.86343942116185, 5.863439421160471, 5.863439421158536, 5.863439421158508, 5.863439421159055, 5.863439421158447, 5.863439421163335, 5.863439421161345, 5.8634394211635215, 5.863439421161733, 5.863439421160093, 5.863439421162178, 5.863439421162076, 5.863439421162336, 5.863439421162194, 5.863439421161848, 5.86343942115975, 5.863439421163913, 5.863439421163648, 5.86343942116324, 5.863439421161211, 5.8634602355546175, 5.863460235555226, 5.863460235556091, 5.863460235555985, 5.863460235555838, 5.863460235555971, 5.863460235553945, 5.863460235554878, 5.863460235553848, 5.863460235554782, 5.863460235555309, 5.863460235554519, 5.863460235554568, 5.863460235554435, 5.8634602355544825, 5.863460235554611, 5.86346023555544, 5.863460235553735, 5.863460235553818, 5.863460235554064, 5.86346023555491, 5.863464592694907, 5.863464592695028, 5.863464592695405, 5.863464592695302, 5.863464592695123, 5.863464592695353, 5.863464592694807, 5.863464592694915, 5.863464592694721, 5.863464592694928, 5.863464592695097, 5.863464592694828, 5.863464592694859, 5.863464592694829, 5.863464592694899, 5.863464592694904, 5.863464592695086, 5.863464592694672, 5.863464592694753, 5.863464592694756, 5.863464592694952, 5.8634562720909695, 5.863456272090155, 5.8634562720890315, 5.863456272088984, 5.863456272089243, 5.863456272089047, 5.863456272091914, 5.863456272090662, 5.863456272092005, 5.863456272090778, 5.863456272089995, 5.863456272091197, 5.863456272091164, 5.863456272091212, 5.863456272091204, 5.863456272090977, 5.863456272089747, 5.863456272092164, 5.86345627209206, 5.863456272091749, 5.863456272090665, 5.8634378719350435, 5.863437871936631, 5.86343787193857, 5.863437871938409, 5.863437871937895, 5.863437871938523, 5.86343787193342, 5.863437871935641, 5.863437871933345, 5.863437871935192, 5.863437871936801, 5.86343787193462, 5.863437871934736, 5.8634378719345746, 5.863437871934499, 5.8634378719350355, 5.863437871937087, 5.86343787193291, 5.863437871933123, 5.863437871933652, 5.863437871935697, 5.86340900415316, 5.86340900415088, 5.863409004148111, 5.863409004148115, 5.863409004148805, 5.863409004148153, 5.863409004155538, 5.86340900415236, 5.86340900415546, 5.863409004153063, 5.863409004150702, 5.863409004153815, 5.86340900415369, 5.863409004153778, 5.863409004153888, 5.863409004153161, 5.863409004150269, 5.863409004156044, 5.863409004155897, 5.863409004155094, 5.8634090041521585, 5.863364707590564, 5.86336470759365, 5.863364707597394, 5.863364707597159, 5.863364707596239, 5.863364707597281, 5.863364707587369, 5.863364707591521, 5.863364707587469, 5.8633647075906525, 5.863364707593877, 5.863364707589618, 5.86336470758983, 5.863364707589715, 5.863364707589608, 5.863364707590571, 5.863364707594427, 5.863364707586601, 5.8633647075868796, 5.86336470758794, 5.863364707591844, 5.863292356614374, 5.863292356610439, 5.863292356605531, 5.86329235660562, 5.863292356607035, 5.863292356605526, 5.863292356618526, 5.8632923566130515, 5.863292356618529, 5.863292356614131, 5.8632923566100095, 5.863292356615579, 5.8632923566153625, 5.863292356615532, 5.863292356615672, 5.863292356614371, 5.863292356609225, 5.863292356619506, 5.863292356619153, 5.863292356617821, 5.863292356612807, 5.8631676796226735, 5.863167679627771, 5.863167679634437, 5.863167679634125, 5.863167679632424, 5.863167679634197, 5.863167679617297, 5.86316767962451, 5.863167679617229, 5.8631676796231496, 5.863167679628375, 5.86316767962107, 5.863167679621406, 5.863167679621161, 5.863167679621009, 5.86316767962267, 5.863167679629401, 5.863167679615816, 5.863167679616454, 5.86316767961816, 5.863167679624645, 5.862938744040984, 5.862938744034205, 5.862938744025528, 5.86293874402573, 5.862938744028146, 5.862938744025596, 5.862938744048134, 5.862938744038637, 5.86293874404828, 5.862938744040388, 5.8629387440333645, 5.862938744043088, 5.862938744042664, 5.86293874404302, 5.862938744043174, 5.862938744040987, 5.862938744031938, 5.862938744050069, 5.8629387440492815, 5.862938744047041, 5.862938744038283, 5.862502502789958, 5.862502502799164, 5.862502502811045, 5.862502502810524, 5.862502502807366, 5.862502502810773, 5.862502502780183, 5.862502502793062, 5.862502502780084, 5.86250250279058, 5.862502502800248, 5.862502502787096, 5.8625025027877, 5.86250250278723, 5.862502502786965, 5.862502502789956, 5.86250250280203, 5.862502502777687, 5.862502502778673, 5.862502502781818, 5.8625025027936735, 5.86164392100806, 5.86164392099532, 5.861643920979269, 5.861643920979726, 5.861643920983938, 5.861643920979551, 5.861643921021509, 5.861643921003722, 5.861643921021342, 5.861643921007204, 5.8616439209939655, 5.861643921011985, 5.861643921011203, 5.861643921011759, 5.861643921012131, 5.8616439210080555, 5.861643920991441, 5.861643921024772, 5.861643921023581, 5.861643921019237, 5.861643921002961, 5.860019789132682, 5.860019789150337, 5.860019789172482, 5.86001978917157, 5.860019789165543, 5.860019789172082, 5.860019789114317, 5.860019789138723, 5.860019789114071, 5.8600197891337364, 5.860019789152102, 5.860019789127256, 5.860019789128389, 5.860019789127485, 5.860019789126946, 5.860019789132672, 5.860019789155539, 5.860019789109537, 5.8600197891114565, 5.860019789117345, 5.860019789139851, 5.857088577940672, 5.857088577917023, 5.857088577887124, 5.857088577888032, 5.857088577895584, 5.857088577887637, 5.857088577965894, 5.857088577932474, 5.857088577965543, 5.857088577938754, 5.857088577914462, 5.85708857794803, 5.857088577946604, 5.857088577947606, 5.857088577948242, 5.857088577940676, 5.857088577909638, 5.857088577971982, 5.857088577969752, 5.857088577961527, 5.857088577931021, 5.853050325340643, 5.853050325371352, 5.853050325409652, 5.853050325408043, 5.853050325397476, 5.853050325408739, 5.853050325308714, 5.853050325351343, 5.8530503253078905, 5.853050325342757, 5.853050325374313, 5.853050325331215, 5.8530503253332045, 5.853050325331459, 5.853050325330736, 5.853050325340653, 5.8530503253804165, 5.853050325300373, 5.853050325303901, 5.853050325314123, 5.853050325353102, 5.849746525515567, 5.849746525481033, 5.849746525437625, 5.849746525439005, 5.849746525449965, 5.849746525438216, 5.849746525552467, 5.849746525503025, 5.849746525551961, 5.849746525512614, 5.849746525477523, 5.849746525526359, 5.849746525524327, 5.849746525526066, 5.849746525526655, 5.849746525515571, 5.84974652547014, 5.849746525561372, 5.84974652555812, 5.849746525545896, 5.849746525501075, 5.852067613654029, 5.852067613686157, 5.8520676137254695, 5.852067613723764, 5.852067613714199, 5.852067613723884, 5.852067613620162, 5.85206761366597, 5.852067613619725, 5.852067613657238, 5.85206761368897, 5.852067613643915, 5.852067613646007, 5.852067613644257, 5.852067613643888, 5.852067613654025, 5.852067613695412, 5.852067613612067, 5.852067613615602, 5.85206761362659, 5.852067613667571, 5.859143193030731, 5.859143193010835, 5.859143192987442, 5.859143192988342, 5.859143192995859, 5.859143192987411, 5.859143193051037, 5.8591431930230184, 5.859143193052126, 5.859143193029093, 5.859143193009935, 5.859143193036849, 5.8591431930356865, 5.85914319303738, 5.859143193037605, 5.859143193030719, 5.859143193004843, 5.859143193056758, 5.85914319305433, 5.859143193047203, 5.859143193022027, 5.863422896796173, 5.863422896797253, 5.86342289679859, 5.863422896798557, 5.863422896800021, 5.863422896798099, 5.8634228967942015, 5.8634228967969335, 5.863422896795684, 5.86342289679677, 5.8634228967975695, 5.86342289679533, 5.863422896795411, 5.8634228967959965, 5.863422896795927, 5.863422896796171, 5.863422896797193, 5.863422896794992, 5.863422896794471, 5.863422896795037, 5.863422896796397, 5.860630405149807, 5.860630405165761, 5.860630405184815, 5.8606304051839135, 5.860630405180192, 5.860630405184654, 5.8606304051323885, 5.86063040515615, 5.860630405133058, 5.8606304051512845, 5.860630405167241, 5.860630405144862, 5.860630405145878, 5.860630405144759, 5.8606304051446205, 5.8606304051498075, 5.86063040517032, 5.860630405128969, 5.860630405130146, 5.860630405136142, 5.8606304051568605, 5.8561746225124205, 5.856174622486251, 5.856174622455673, 5.85617462245661, 5.856174622463643, 5.8561746224574165, 5.856174622539845, 5.856174622502648, 5.8561746225390925, 5.856174622509569, 5.856174622484844, 5.85617462252072, 5.856174622519177, 5.856174622520177, 5.856174622520443, 5.8561746225124045, 5.85617462247968, 5.856174622545446, 5.856174622543309, 5.856174622534276, 5.856174622501722, 5.85714784280168, 5.857147842825071, 5.857147842854972, 5.857147842853592, 5.857147842844502, 5.857147842855363, 5.857147842777325, 5.8571478428102965, 5.8571478427759205, 5.857147842803951, 5.857147842827622, 5.857147842793844, 5.85714784279532, 5.857147842793808, 5.857147842793602, 5.857147842801684, 5.857147842833129, 5.857147842769814, 5.857147842773419, 5.857147842781348, 5.85714784281164, 5.861875396357363, 5.861875396345744, 5.861875396330423, 5.86187539633081, 5.861875396335247, 5.861875396331528, 5.861875396369942, 5.861875396353003, 5.861875396370032, 5.861875396355712, 5.861875396344059, 5.861875396361735, 5.8618753963610315, 5.861875396361256, 5.861875396361165, 5.861875396357366, 5.861875396342271, 5.8618753963725805, 5.861875396371367, 5.8618753963679655, 5.861875396353591, 5.863254958549794, 5.863254958545313, 5.86325495854032, 5.863254958540411, 5.863254958541575, 5.8632549585405895, 5.863254958554432, 5.863254958548379, 5.863254958554563, 5.863254958549626, 5.8632549585446165, 5.8632549585506215, 5.8632549585503115, 5.863254958550941, 5.863254958550901, 5.863254958549792, 5.86325495854435, 5.863254958555195, 5.863254958555014, 5.863254958553844, 5.86325495854731, 5.860249122501574, 5.860249122518706, 5.860249122539788, 5.8602491225388205, 5.860249122533535, 5.860249122539131, 5.860249122483468, 5.860249122507947, 5.860249122483606, 5.860249122503047, 5.8602491225198925, 5.860249122496354, 5.860249122497395, 5.860249122496256, 5.860249122496308, 5.860249122501577, 5.860249122523679, 5.860249122479145, 5.860249122480856, 5.86024912248715, 5.860249122508178, 5.858661079847604, 5.858661079827035, 5.8586610798016805, 5.858661079802474, 5.8586610798098775, 5.858661079801896, 5.858661079869155, 5.858661079839604, 5.858661079869788, 5.858661079845156, 5.85866107982506, 5.858661079854573, 5.858661079853344, 5.858661079854402, 5.8586610798545875, 5.858661079847595, 5.858661079820625, 5.858661079874799, 5.858661079872265, 5.858661079865497, 5.85866107983912, 5.861229433099328, 5.861229433113522, 5.8612294331308945, 5.861229433130088, 5.861229433125734, 5.86122943312947, 5.861229433084563, 5.861229433104917, 5.861229433084252, 5.861229433102097, 5.861229433114537, 5.861229433094099, 5.861229433094944, 5.86122943309477, 5.861229433094706, 5.861229433099328, 5.861229433117725, 5.861229433080598, 5.861229433082663, 5.861229433087337, 5.861229433104923, 5.863438350921481, 5.863438350920361, 5.863438350918589, 5.86343835091854, 5.863438350920066, 5.863438350918147, 5.8634383509224675, 5.863438350920736, 5.863438350923552, 5.863438350921054, 5.86343835092045, 5.863438350922176, 5.863438350922106, 5.8634383509223404, 5.863438350922248, 5.863438350921483, 5.863438350919396, 5.863438350923544, 5.863438350922734, 5.863438350922337, 5.863438350921466, 5.862145053228334, 5.862145053217046, 5.862145053204368, 5.862145053204728, 5.862145053208045, 5.862145053204606, 5.862145053239538, 5.862145053224049, 5.862145053240289, 5.8621450532267625, 5.862145053217027, 5.862145053231829, 5.862145053231142, 5.862145053231772, 5.862145053231857, 5.862145053228333, 5.862145053213814, 5.862145053242921, 5.862145053241233, 5.8621450532372155, 5.86214505322345, 5.860318410067309, 5.86031841008397, 5.860318410104825, 5.860318410103768, 5.860318410097386, 5.8603184101040915, 5.860318410049814, 5.860318410074226, 5.8603184100489365, 5.860318410069794, 5.8603184100858625, 5.8603184100617325, 5.860318410062742, 5.860318410061442, 5.86031841006158, 5.860318410067308, 5.860318410089237, 5.860318410045045, 5.8603184100471895, 5.860318410052715, 5.860318410073989, 5.861167546696506, 5.861167546682384, 5.86116754666438, 5.861167546664841, 5.861167546669394, 5.861167546665083, 5.861167546711429, 5.861167546691066, 5.861167546711684, 5.8611675466943955, 5.8611675466810285, 5.8611675467015765, 5.861167546700694, 5.861167546701152, 5.861167546701069, 5.8611675466965085, 5.861167546677805, 5.861167546715391, 5.861167546713482, 5.8611675467088045, 5.8611675466914965, 5.863150651629979, 5.863150651635228, 5.863150651642338, 5.863150651641916, 5.863150651639087, 5.863150651642106, 5.8631506516248555, 5.86315065163155, 5.863150651624339, 5.863150651630641, 5.863150651635748, 5.863150651627968, 5.863150651628278, 5.863150651628281, 5.863150651628152, 5.863150651629977, 5.863150651636966, 5.863150651622854, 5.863150651623871, 5.863150651625429, 5.86315065163208, 5.863149837681039, 5.863149837686499, 5.863149837693367, 5.863149837692968, 5.8631498376907185, 5.86314983769292, 5.8631498376757145, 5.8631498376829985, 5.863149837675291, 5.863149837681819, 5.86314983768666, 5.863149837679336, 5.86314983767964, 5.86314983767933, 5.863149837679371, 5.863149837681028, 5.863149837688095, 5.8631498376738485, 5.863149837674712, 5.86314983767661, 5.8631498376830615, 5.861711687943703, 5.861711687931604, 5.861711687915788, 5.861711687916228, 5.861711687920675, 5.861711687915907, 5.861711687956542, 5.861711687939234, 5.86171168795708, 5.861711687941944, 5.861711687929694, 5.861711687948094, 5.861711687947331, 5.86171168794771, 5.861711687947791, 5.861711687943704, 5.86171168792726, 5.861711687960264, 5.861711687958418, 5.861711687954802, 5.861711687938702, 5.86147071335778, 5.861470713371478, 5.861470713387952, 5.861470713387172, 5.861470713382585, 5.861470713386964, 5.861470713343793, 5.861470713363059, 5.861470713343444, 5.861470713359563, 5.861470713372031, 5.861470713353212, 5.861470713354037, 5.861470713353338, 5.861470713353344, 5.861470713357778, 5.861470713375179, 5.86147071334009, 5.86147071334175, 5.86147071334652, 5.86147071336271, 5.862720235861079, 5.862720235852822, 5.862720235843115, 5.862720235843422, 5.862720235846207, 5.862720235843126, 5.862720235869714, 5.862720235857518, 5.86272023586995, 5.8627202358601815, 5.86272023585227, 5.862720235863745, 5.862720235863259, 5.862720235863938, 5.862720235863981, 5.862720235861079, 5.8627202358503965, 5.862720235871778, 5.8627202358709125, 5.862720235868033, 5.86272023585753, 5.863468250368807, 5.86346825036892, 5.863468250368343, 5.8634682503682685, 5.863468250369099, 5.86346825036813, 5.86346825036885, 5.863468250368664, 5.863468250369183, 5.863468250368843, 5.863468250368787, 5.863468250368985, 5.863468250369016, 5.863468250369098, 5.8634682503690545, 5.863468250368797, 5.863468250368549, 5.863468250368989, 5.863468250368855, 5.863468250368857, 5.863468250369273, 5.862818535321074, 5.862818535328608, 5.862818535337972, 5.862818535337493, 5.862818535334997, 5.8628185353376505, 5.862818535313111, 5.862818535324254, 5.862818535313058, 5.862818535322274, 5.862818535329492, 5.86281853531813, 5.8628185353186, 5.862818535318353, 5.862818535318366, 5.862818535321069, 5.862818535330874, 5.862818535311069, 5.862818535312038, 5.862818535314422, 5.862818535323971, 5.862062733370636, 5.8620627333591075, 5.862062733345528, 5.862062733345951, 5.86206273334963, 5.862062733346319, 5.86206273338224, 5.862062733366396, 5.862062733382632, 5.862062733368961, 5.862062733358858, 5.862062733374657, 5.862062733373983, 5.862062733374245, 5.8620627333743505, 5.862062733370635, 5.862062733355918, 5.862062733385436, 5.862062733383841, 5.86206273337992, 5.862062733366085, 5.862386084042976, 5.862386084052629, 5.862386084064944, 5.8623860840643465, 5.862386084061051, 5.862386084064889, 5.862386084032631, 5.862386084046732, 5.862386084032338, 5.862386084044059, 5.862386084053932, 5.862386084039816, 5.862386084040436, 5.862386084039698, 5.862386084039703, 5.8623860840429804, 5.862386084055808, 5.86238608402993, 5.862386084031064, 5.862386084034362, 5.862386084047103, 5.863224874330909, 5.863224874326042, 5.863224874320414, 5.863224874320552, 5.863224874321849, 5.8632248743207, 5.8632248743359945, 5.86322487432905, 5.8632248743359305, 5.86322487433061, 5.8632248743256685, 5.863224874332075, 5.863224874331779, 5.863224874332374, 5.863224874332211, 5.863224874330913, 5.863224874324782, 5.863224874337032, 5.863224874336712, 5.86322487433506, 5.8632248743290285, 5.8634342474469, 5.863434247445217, 5.863434247442845, 5.863434247442842, 5.8634342474439425, 5.863434247442985, 5.863434247448705, 5.8634342474461665, 5.863434247448797, 5.863434247446564, 5.863434247444803, 5.8634342474477785, 5.863434247447708, 5.863434247447679, 5.86343424744764, 5.863434247446904, 5.863434247444583, 5.8634342474492, 5.863434247448878, 5.863434247448598, 5.863434247446683, 5.862923174688917, 5.862923174695764, 5.862923174704858, 5.862923174704464, 5.8629231747020105, 5.862923174704552, 5.862923174681688, 5.862923174691615, 5.86292317468141, 5.862923174689758, 5.862923174696313, 5.862923174686503, 5.862923174686965, 5.862923174686584, 5.862923174686661, 5.862923174688914, 5.862923174698065, 5.862923174679591, 5.862923174680569, 5.862923174683062, 5.862923174691271, 5.862526816007344, 5.862526815998146, 5.862526815986983, 5.8625268159873585, 5.862526815990329, 5.862526815987183, 5.862526816016956, 5.86252681600395, 5.862526816017238, 5.8625268160061434, 5.862526815997063, 5.862526816010253, 5.8625268160097095, 5.862526816010268, 5.862526816010328, 5.862526816007358, 5.862526815995297, 5.862526816019459, 5.862526816018366, 5.862526816015456, 5.86252681600327, 5.862766277634964, 5.86276627764332, 5.86276627765253, 5.862766277652066, 5.862766277650234, 5.862766277652108, 5.862766277626455, 5.862766277638098, 5.8627662776263545, 5.862766277635847, 5.862766277643465, 5.862766277632609, 5.8627662776331695, 5.862766277632542, 5.862766277632454, 5.862766277634967, 5.862766277645417, 5.862766277624327, 5.862766277625207, 5.862766277628316, 5.86276627763867, 5.863279695012521, 5.863279695008087, 5.8632796950034205, 5.863279695003568, 5.863279695004547, 5.863279695003463, 5.863279695017129, 5.863279695010687, 5.863279695016926, 5.863279695012323, 5.863279695008045, 5.863279695013464, 5.863279695013233, 5.863279695013842, 5.863279695013816, 5.863279695012519, 5.8632796950071935, 5.863279695017822, 5.863279695017771, 5.863279695016009, 5.863279695010388, 5.863467553499328, 5.863467553498751, 5.863467553497808, 5.863467553497764, 5.863467553498375, 5.86346755349788, 5.8634675534999445, 5.863467553498993, 5.86346755350013, 5.863467553498987, 5.863467553498873, 5.863467553499749, 5.863467553499763, 5.863467553499639, 5.86346755349967, 5.8634675534993335, 5.863467553498431, 5.8634675535001834, 5.863467553499994, 5.863467553499713, 5.863467553499387, 5.8632166766932485, 5.863216676698033, 5.8632166767037965, 5.863216676703485, 5.863216676702078, 5.863216676703654, 5.863216676688198, 5.863216676695347, 5.86321667668814, 5.863216676693821, 5.863216676698621, 5.863216676691609, 5.863216676691939, 5.863216676691547, 5.863216676691576, 5.863216676693256, 5.86321667669939, 5.863216676686973, 5.8632166766874905, 5.863216676689018, 5.863216676695207, 5.862903108702606, 5.862903108695177, 5.862903108686665, 5.86290310868693, 5.862903108688951, 5.862903108686973, 5.86290310871014, 5.862903108699967, 5.862903108710131, 5.862903108701841, 5.862903108694988, 5.862903108704838, 5.862903108704394, 5.862903108704768, 5.8629031087048045, 5.862903108702601, 5.8629031086931995, 5.8629031087120556, 5.862903108711243, 5.862903108708602, 5.8629031086994505, 5.862880462566976, 5.862880462574426, 5.862880462583293, 5.86288046258284, 5.862880462580702, 5.862880462583046, 5.862880462559262, 5.862880462569556, 5.8628804625590965, 5.862880462567601, 5.862880462575057, 5.862880462564822, 5.862880462565312, 5.862880462564757, 5.862880462564702, 5.862880462566973, 5.862880462576409, 5.862880462557384, 5.862880462558116, 5.862880462560639, 5.862880462570392, 5.863135268908822, 5.86313526890315, 5.8631352688967375, 5.863135268896923, 5.863135268898323, 5.863135268896812, 5.863135268914767, 5.863135268906641, 5.863135268914601, 5.863135268908455, 5.863135268902723, 5.863135268910338, 5.863135268909993, 5.863135268910594, 5.863135268910541, 5.863135268908834, 5.863135268901581, 5.863135268916075, 5.863135268915656, 5.863135268913626, 5.863135268906355, 5.863403426905683, 5.863403426908433, 5.863403426911307, 5.863403426911124, 5.863403426910643, 5.863403426911079, 5.863403426902969, 5.863403426906797, 5.8634034269029565, 5.863403426905966, 5.8634034269082544, 5.863403426904972, 5.863403426905177, 5.863403426904957, 5.863403426904936, 5.863403426905685, 5.86340342690885, 5.863403426902441, 5.863403426902598, 5.863403426903682, 5.863403426906859, 5.8634665323152815, 5.8634665323161785, 5.863466532317232, 5.863466532317155, 5.86346653231696, 5.863466532317092, 5.8634665323143675, 5.86346653231565, 5.863466532314445, 5.863466532315232, 5.86346653231603, 5.863466532315059, 5.863466532315136, 5.86346653231503, 5.863466532315098, 5.8634665323152815, 5.863466532316219, 5.863466532314285, 5.863466532314257, 5.863466532314673, 5.863466532315412, 5.863327676177507, 5.863327676173786, 5.863327676169575, 5.863327676169685, 5.863327676170648, 5.863327676169606, 5.863327676181402, 5.863327676176065, 5.863327676181337, 5.8633276761771524, 5.8633276761734905, 5.863327676178521, 5.863327676178327, 5.863327676178623, 5.863327676178647, 5.863327676177496, 5.863327676172762, 5.8633276761822435, 5.863327676181947, 5.863327676180628, 5.863327676175662, 5.863143807498938, 5.863143807504727, 5.8631438075109505, 5.863143807510583, 5.8631438075092746, 5.863143807510665, 5.863143807493227, 5.863143807500987, 5.863143807493033, 5.863143807499531, 5.863143807504874, 5.863143807497363, 5.863143807497765, 5.863143807497256, 5.86314380749721, 5.8631438074989335, 5.863143807506106, 5.863143807491652, 5.863143807492328, 5.86314380749431, 5.863143807501683, 5.863061677768891, 5.863061677762627, 5.863061677755387, 5.863061677755589, 5.863061677757182, 5.863061677755616, 5.863061677775479, 5.8630616777664635, 5.863061677775367, 5.863061677768293, 5.863061677762335, 5.863061677770576, 5.8630616777702205, 5.863061677770765, 5.863061677770739, 5.863061677768893, 5.863061677760967, 5.86306167777683, 5.863061677776397, 5.863061677774042, 5.863061677766169, 5.8631227139190205, 5.863122713924685, 5.863122713931533, 5.863122713931175, 5.863122713929547, 5.8631227139314275, 5.86312271391309, 5.863122713921196, 5.863122713913011, 5.863122713919495, 5.863122713925338, 5.863122713917387, 5.8631227139177815, 5.863122713917215, 5.863122713917266, 5.863122713919026, 5.863122713926335, 5.863122713911568, 5.863122713912168, 5.863122713914059, 5.86312271392144, 5.863266400967871, 5.863266400963464, 5.863266400958177, 5.863266400958302, 5.863266400959738, 5.863266400958349, 5.863266400972358, 5.863266400966376, 5.8632664009725115, 5.863266400967332, 5.863266400963241, 5.863266400969239, 5.863266400968978, 5.863266400969204, 5.863266400969225, 5.863266400967872, 5.863266400962135, 5.863266400973609, 5.863266400973037, 5.863266400971505, 5.863266400966008, 5.863403218931094, 5.863403218933599, 5.863403218936796, 5.863403218936574, 5.863403218935822, 5.863403218936596, 5.86340321892842, 5.863403218932077, 5.863403218928377, 5.863403218931535, 5.8634032189338345, 5.8634032189301175, 5.863403218930285, 5.863403218930263, 5.863403218930225, 5.863403218931109, 5.863403218934329, 5.863403218927748, 5.863403218928072, 5.863403218928938, 5.863403218932124, 5.863470938702355, 5.86347093870174, 5.863470938701091, 5.863470938701035, 5.863470938701514, 5.8634709387010515, 5.863470938702908, 5.863470938701969, 5.863470938702998, 5.86347093870222, 5.863470938701721, 5.8634709387027435, 5.863470938702725, 5.863470938702737, 5.863470938702721, 5.863470938702356, 5.863470938701537, 5.863470938703149, 5.863470938702994, 5.863470938702868, 5.863470938702347, 5.86345914300091, 5.863459142999538, 5.863459142998408, 5.863459142998375, 5.863459142998576, 5.8634591429983205, 5.863459143002228, 5.863459143000431, 5.863459143002237, 5.863459143000894, 5.863459142999464, 5.863459143001018, 5.863459143000953, 5.863459143001231, 5.863459143001191, 5.863459143000911, 5.863459142999247, 5.863459143002518, 5.863459143002464, 5.8634591430020215, 5.863459143000118, 5.863392163711707, 5.863392163714603, 5.86339216371776, 5.8633921637175295, 5.863392163717088, 5.86339216371762, 5.863392163708699, 5.863392163712927, 5.863392163708754, 5.863392163711935, 5.863392163714595, 5.863392163711083, 5.863392163711282, 5.863392163710836, 5.863392163710899, 5.863392163711706, 5.863392163715248, 5.863392163708079, 5.863392163708235, 5.863392163709463, 5.863392163713072, 5.863303857035182, 5.863303857031108, 5.863303857026561, 5.863303857026673, 5.8633038570276526, 5.863303857026716, 5.863303857039416, 5.863303857033681, 5.86330385703941, 5.863303857034725, 5.863303857030844, 5.86330385703629, 5.8633038570360485, 5.863303857036407, 5.863303857036373, 5.86330385703518, 5.863303857030045, 5.863303857040295, 5.863303857039991, 5.8633038570385905, 5.863303857033294, 5.863219172547286, 5.863219172552148, 5.86321917255802, 5.863219172557691, 5.863219172556148, 5.863219172557906, 5.863219172542306, 5.8632191725489635, 5.863219172542115, 5.863219172547784, 5.863219172552544, 5.863219172545746, 5.86321917254608, 5.863219172545771, 5.863219172545759, 5.8632191725472715, 5.863219172553621, 5.863219172540821, 5.86321917254152, 5.863219172543158, 5.863219172549403, 5.863148441131941, 5.8631484411265395, 5.863148441119751, 5.863148441119919, 5.863148441121803, 5.863148441119988, 5.8631484411376436, 5.863148441129951, 5.863148441137681, 5.863148441131321, 5.863148441126054, 5.863148441133767, 5.8631484411334505, 5.863148441133705, 5.863148441133704, 5.863148441131943, 5.8631484411249275, 5.863148441138963, 5.863148441138417, 5.863148441136592, 5.863148441129894, 5.863093383903016, 5.863093383908874, 5.86309338391616, 5.863093383915772, 5.863093383913767, 5.863093383915869, 5.863093383896932, 5.8630933839052535, 5.863093383896792, 5.863093383903756, 5.863093383909427, 5.863093383900915, 5.863093383901291, 5.8630933839009955, 5.863093383901024, 5.863093383903007, 5.8630933839106225, 5.86309338389525, 5.863093383896065, 5.863093383897945, 5.863093383905165, 5.863043656850506, 5.863043656844283, 5.86304365683665, 5.8630436568368465, 5.8630436568391735, 5.863043656836843, 5.863043656856911, 5.8630436568481485, 5.863043656857231, 5.863043656849525, 5.8630436568438595, 5.863043656852787, 5.8630436568524456, 5.863043656852614, 5.863043656852643, 5.863043656850515, 5.863043656842307, 5.8630436568587445, 5.863043656857816, 5.863043656855756, 5.863043656848115, 5.8629903987228404, 5.862990398729391, 5.862990398737688, 5.862990398737273, 5.862990398734987, 5.862990398737225, 5.862990398716017, 5.862990398725353, 5.862990398715752, 5.862990398723979, 5.86299039872997, 5.862990398720401, 5.862990398720828, 5.862990398720636, 5.862990398720588, 5.86299039872284, 5.8629903987314265, 5.8629903987140874, 5.862990398715075, 5.8629903987172085, 5.862990398725303, 5.862916080012388, 5.86291608000545, 5.86291607999659, 5.862916079996846, 5.862916079999477, 5.862916079996778, 5.862916080019641, 5.862916080009667, 5.862916080020037, 5.862916080011329, 5.862916080004684, 5.862916080014873, 5.862916080014455, 5.862916080014809, 5.862916080014788, 5.86291608001239, 5.862916080003015, 5.8629160800218205, 5.862916080020753, 5.862916080018497, 5.86291608000985, 5.862808589409959, 5.8628085894175825, 5.862808589427443, 5.86280858942695, 5.862808589424203, 5.8628085894270185, 5.862808589401928, 5.862808589412826, 5.862808589401562, 5.862808589411112, 5.862808589418374, 5.862808589407303, 5.862808589407783, 5.862808589407384, 5.862808589407456, 5.862808589409965, 5.8628085894200614, 5.8628085893996875, 5.86280858940077, 5.862808589403318, 5.862808589412833, 5.862637453090857, 5.862637453082211, 5.862637453071557, 5.86263745307186, 5.862637453074708, 5.8626374530718905, 5.862637453099854, 5.862637453087689, 5.862637453100186, 5.862637453089613, 5.862637453081408, 5.862637453093758, 5.862637453093243, 5.8626374530936936, 5.862637453093652, 5.862637453090863, 5.862637453079408, 5.862637453102363, 5.86263745310118, 5.862637453098322, 5.862637453087378, 5.862371569543339, 5.862371569553449, 5.862371569565609, 5.8623715695650045, 5.8623715695618035, 5.862371569565179, 5.86237156953297, 5.862371569547173, 5.862371569532624, 5.862371569544616, 5.8623715695541625, 5.862371569540076, 5.862371569540751, 5.862371569540107, 5.862371569540059, 5.862371569543343, 5.862371569556355, 5.862371569530119, 5.862371569531438, 5.862371569534837, 5.86237156954752, 5.8619480506108035, 5.861948050598899, 5.861948050584868, 5.861948050585325, 5.86194805058877, 5.861948050585302, 5.861948050623189, 5.861948050606261, 5.86194805062328, 5.861948050609347, 5.8619480505981265, 5.861948050614505, 5.861948050613802, 5.861948050614542, 5.861948050614573, 5.86194805061081, 5.86194805059552, 5.8619480506261725, 5.861948050624958, 5.8619480506208115, 5.861948050605844, 5.861315674974145, 5.861315674988388, 5.86131567500517, 5.861315675004356, 5.861315675000162, 5.861315675004569, 5.861315674959484, 5.861315674979354, 5.861315674959089, 5.861315674975779, 5.861315674989338, 5.86131567496978, 5.861315674970693, 5.861315674969642, 5.861315674969694, 5.8613156749741515, 5.861315674992372, 5.861315674955661, 5.861315674957363, 5.861315674962254, 5.861315674980186, 5.860382304162296, 5.8603823041454985, 5.860382304125386, 5.860382304126083, 5.860382304131032, 5.86038230412588, 5.860382304179833, 5.860382304156091, 5.860382304180113, 5.860382304160238, 5.860382304144205, 5.860382304167433, 5.8603823041664445, 5.8603823041675795, 5.860382304167482, 5.860382304162311, 5.860382304140476, 5.8603823041842755, 5.860382304182407, 5.860382304176564, 5.860382304155057, 5.85922054917699, 5.8592205491968805, 5.85922054922053, 5.8592205492194225, 5.859220549213542, 5.859220549219621, 5.859220549156473, 5.8592205491844584, 5.859220549155828, 5.859220549179395, 5.859220549198336, 5.859220549170913, 5.859220549172196, 5.8592205491707245, 5.859220549170771, 5.859220549176983, 5.859220549202544, 5.859220549151066, 5.8592205491535205, 5.859220549160278, 5.859220549185379, 5.858005160652445, 5.858005160630111, 5.858005160603632, 5.858005160604585, 5.858005160611132, 5.858005160604308, 5.858005160675734, 5.858005160643866, 5.858005160676192, 5.858005160649476, 5.858005160628557, 5.858005160659342, 5.858005160658011, 5.8580051606596175, 5.858005160659527, 5.858005160652446, 5.858005160623423, 5.8580051606817, 5.858005160679161, 5.858005160671316, 5.858005160642943, 5.857464428389496, 5.857464428413033, 5.857464428441041, 5.85746442843968, 5.857464428432831, 5.857464428439793, 5.857464428365083, 5.85746442839863, 5.8574644283641515, 5.857464428392906, 5.857464428414701, 5.857464428382019, 5.857464428383548, 5.857464428381892, 5.85746442838206, 5.857464428389497, 5.857464428419855, 5.857464428358697, 5.8574644283617605, 5.857464428369811, 5.857464428399495, 5.858132710869864, 5.858132710847927, 5.858132710821709, 5.8581327108226695, 5.858132710829642, 5.858132710822466, 5.8581327108925505, 5.8581327108611925, 5.85813271089363, 5.8581327108664345, 5.858132710846397, 5.858132710876944, 5.8581327108756325, 5.858132710877203, 5.858132710876998, 5.858132710869861, 5.8581327108410095, 5.858132710898945, 5.858132710895967, 5.858132710888416, 5.858132710860629, 5.8601809565578, 5.860180956574726, 5.860180956595871, 5.860180956594892, 5.860180956589901, 5.860180956594874, 5.860180956539788, 5.860180956564761, 5.860180956539041, 5.860180956561018, 5.860180956576434, 5.860180956551965, 5.8601809565530685, 5.860180956552048, 5.8601809565522585, 5.860180956557792, 5.860180956580285, 5.860180956534915, 5.860180956537391, 5.860180956543179, 5.860180956564575, 5.862384285192616, 5.862384285183015, 5.862384285170624, 5.862384285171033, 5.862384285175323, 5.86238428517114, 5.862384285202441, 5.862384285188607, 5.862384285203903, 5.862384285190448, 5.86238428518205, 5.862384285196114, 5.862384285195546, 5.8623842851961845, 5.862384285196017, 5.862384285192623, 5.862384285179362, 5.86238428520595, 5.862384285204004, 5.8623842852009895, 5.862384285189122, 5.863451099902286, 5.863451099903034, 5.863451099905447, 5.863451099905262, 5.863451099904603, 5.863451099905467, 5.863451099901075, 5.8634510999028775, 5.86345109990069, 5.86345109990331, 5.863451099903768, 5.863451099901288, 5.8634510999013685, 5.863451099901581, 5.86345109990171, 5.863451099902285, 5.8634510999042835, 5.863451099900132, 5.863451099900861, 5.863451099901045, 5.86345109990211, 5.863004192649072, 5.863004192655863, 5.863004192663179, 5.863004192662704, 5.863004192661468, 5.863004192663469, 5.8630041926420295, 5.863004192651633, 5.863004192642181, 5.8630041926494565, 5.86300419265618, 5.863004192647482, 5.863004192647929, 5.863004192647065, 5.863004192647077, 5.86300419264908, 5.863004192657658, 5.863004192640329, 5.863004192640882, 5.863004192643571, 5.863004192652604, 5.8616932162300355, 5.861693216217015, 5.86169321620216, 5.861693216202619, 5.861693216205599, 5.86169321620318, 5.8616932162436, 5.861693216225051, 5.861693216243697, 5.861693216228032, 5.8616932162161834, 5.861693216233775, 5.861693216232974, 5.861693216233969, 5.861693216233752, 5.8616932162300355, 5.861693216213653, 5.861693216246552, 5.861693216245323, 5.861693216240922, 5.86169321622436, 5.8605424087906375, 5.860542408806865, 5.8605424088266265, 5.860542408825615, 5.8605424088201765, 5.86054240882622, 5.860542408773963, 5.860542408797078, 5.860542408772558, 5.860542408793342, 5.860542408808136, 5.8605424087855615, 5.860542408786613, 5.860542408785126, 5.860542408785323, 5.86054240879064, 5.860542408812305, 5.860542408768639, 5.860542408771299, 5.860542408776961, 5.860542408797523, 5.860298798779378, 5.860298798762807, 5.8602987987421535, 5.86029879874282, 5.860298798748207, 5.860298798742994, 5.860298798796893, 5.860298798772614, 5.860298798797872, 5.860298798776021, 5.860298798760998, 5.860298798785116, 5.860298798784114, 5.8602987987850685, 5.8602987987848225, 5.860298798779384, 5.860298798757171, 5.860298798801786, 5.8602987987993265, 5.86029879879392, 5.860298798772903, 5.8611727135572105, 5.861172713571248, 5.861172713589405, 5.861172713588531, 5.861172713583397, 5.861172713588198, 5.861172713542603, 5.861172713562996, 5.861172713541368, 5.8611727135605145, 5.861172713572536, 5.861172713551883, 5.861172713552764, 5.86117271355222, 5.8611727135524125, 5.861172713557205, 5.861172713576158, 5.861172713537904, 5.861172713540545, 5.861172713545124, 5.861172713562196, 5.862489405398969, 5.862489405390274, 5.8624894053782715, 5.8624894053786445, 5.862489405383244, 5.862489405378317, 5.862489405407954, 5.8624894053951255, 5.862489405409719, 5.862489405396506, 5.862489405389043, 5.862489405402825, 5.862489405402283, 5.862489405402626, 5.862489405402542, 5.862489405398963, 5.8624894053862855, 5.862489405411781, 5.8624894054094225, 5.86248940540686, 5.862489405396074, 5.863367470871714, 5.863367470874124, 5.863367470878631, 5.863367470878391, 5.863367470877045, 5.863367470877737, 5.863367470868749, 5.8633674708730945, 5.863367470868426, 5.86336747087346, 5.86336747087493, 5.863367470869823, 5.863367470869968, 5.863367470870442, 5.863367470870611, 5.863367470871717, 5.863367470875559, 5.863367470867685, 5.863367470868539, 5.86336747086907, 5.863367470871625, 5.8633554579046745, 5.863355457908587, 5.8633554579117675, 5.863355457911454, 5.863355457911671, 5.863355457911479, 5.863355457900637, 5.863355457905879, 5.863355457901567, 5.8633554579044365, 5.863355457908545, 5.863355457904189, 5.863355457904428, 5.863355457903963, 5.863355457903907, 5.863355457904675, 5.8633554579086224, 5.863355457900631, 5.863355457900185, 5.863355457901729, 5.863355457907085, 5.862685893269516, 5.8626858932605135, 5.862685893251033, 5.862685893251294, 5.862685893253062, 5.8626858932513946, 5.862685893278625, 5.862685893266147, 5.862685893278528, 5.862685893268548, 5.8626858932606085, 5.862685893271935, 5.862685893271371, 5.862685893272098, 5.862685893272078, 5.862685893269513, 5.862685893258483, 5.862685893280597, 5.862685893279829, 5.86268589327647, 5.862685893265443, 5.861915484459863, 5.861915484471807, 5.861915484486162, 5.861915484485347, 5.861915484481137, 5.861915484485744, 5.861915484447764, 5.861915484464623, 5.861915484446711, 5.8619154844617904, 5.861915484472825, 5.861915484456124, 5.861915484456883, 5.86191548445576, 5.861915484455874, 5.861915484459862, 5.861915484475568, 5.86191548444393, 5.86191548444579, 5.861915484449736, 5.861915484465081, 5.8615130221190395, 5.8615130221060285, 5.861513022089732, 5.861513022090191, 5.861513022093995, 5.861513022090581, 5.861513022132867, 5.8615130221137735, 5.861513022133541, 5.86151302211609, 5.861513022104639, 5.8615130221236145, 5.861513022122796, 5.861513022123443, 5.861513022123156, 5.861513022119037, 5.861513022101537, 5.861513022136712, 5.8615130221347105, 5.861513022130443, 5.861513022114123, 5.861700789155908, 5.8617007891680535, 5.861700789184293, 5.861700789183472, 5.861700789178305, 5.861700789183429, 5.861700789143381, 5.861700789160936, 5.861700789141535, 5.861700789158991, 5.861700789169397, 5.861700789151416, 5.861700789152197, 5.861700789151397, 5.86170078915164, 5.861700789155909, 5.861700789172867, 5.861700789138653, 5.86170078914131, 5.861700789145265, 5.861700789160191, 5.862314351425211, 5.862314351415912, 5.862314351402709, 5.862314351403109, 5.862314351407339, 5.862314351403086, 5.8623143514352165, 5.86231435142096, 5.8623143514368286, 5.862314351422246, 5.862314351414053, 5.862314351429139, 5.862314351428555, 5.86231435142902, 5.862314351428797, 5.862314351425218, 5.862314351411473, 5.862314351439107, 5.862314351436784, 5.862314351434087, 5.8623143514220715, 5.863005008324366, 5.863005008330346, 5.863005008338985, 5.863005008338566, 5.863005008336042, 5.863005008337986, 5.863005008318008, 5.863005008327179, 5.863005008316981, 5.863005008326875, 5.863005008331044, 5.863005008321506, 5.8630050083218785, 5.863005008321952, 5.8630050083221725, 5.8630050083243574, 5.863005008333005, 5.863005008315481, 5.863005008317144, 5.863005008319026, 5.86300500832573, 5.863421110485794, 5.863421110484305, 5.86342111048087, 5.86342111048091, 5.863421110483121, 5.863421110480812, 5.863421110487469, 5.863421110484784, 5.863421110488801, 5.86342111048449, 5.863421110483543, 5.863421110487109, 5.863421110487031, 5.863421110487001, 5.863421110486925, 5.86342111048579, 5.8634211104825145, 5.8634211104890746, 5.863421110487843, 5.8634211104876375, 5.8634211104857625, 5.8634383243884605, 5.863438324385994, 5.863438324384328, 5.863438324384334, 5.8634383243845924, 5.8634383243842265, 5.863438324390711, 5.863438324387713, 5.863438324390573, 5.863438324388816, 5.863438324386487, 5.863438324388545, 5.863438324388407, 5.863438324388927, 5.863438324389003, 5.863438324388455, 5.863438324385894, 5.863438324390942, 5.863438324391064, 5.863438324389948, 5.8634383243867925, 5.863148640371575, 5.863148640377213, 5.86314864038336, 5.86314864038296, 5.863148640381925, 5.86314864038331, 5.863148640365681, 5.8631486403738124, 5.863148640365621, 5.863148640372338, 5.863148640377739, 5.863148640370075, 5.863148640370461, 5.863148640369793, 5.863148640369824, 5.863148640371579, 5.863148640378755, 5.863148640364271, 5.863148640364811, 5.863148640366798, 5.863148640374482, 5.862731837083299, 5.862731837074855, 5.862731837065102, 5.862731837065379, 5.862731837067529, 5.86273183706592, 5.862731837091923, 5.862731837079962, 5.862731837092291, 5.862731837081639, 5.862731837074635, 5.86273183708586, 5.862731837085351, 5.8627318370859145, 5.8627318370857715, 5.862731837083308, 5.862731837072453, 5.862731837094194, 5.862731837093089, 5.862731837090122, 5.86273183707996, 5.862357888603942, 5.86235788861359, 5.862357888626246, 5.862357888625575, 5.8623578886218946, 5.8623578886260495, 5.862357888593826, 5.86235788860795, 5.862357888592591, 5.862357888605959, 5.862357888614915, 5.8623578886006165, 5.8623578886012675, 5.862357888600394, 5.862357888600545, 5.862357888603935, 5.862357888617378, 5.8623578885902745, 5.8623578885921095, 5.8623578885953345, 5.862357888607872, 5.862122572641103, 5.862122572630404, 5.862122572616636, 5.862122572617098, 5.86212257262078, 5.862122572617393, 5.8621225726524395, 5.862122572636784, 5.862122572653288, 5.862122572638533, 5.862122572629051, 5.862122572645002, 5.862122572644363, 5.862122572644894, 5.862122572644661, 5.862122572641111, 5.862122572626462, 5.862122572655867, 5.862122572654027, 5.8621225726506525, 5.86212257263722, 5.8620845527892005, 5.862084552800045, 5.8620845528142524, 5.86208455281358, 5.862084552809555, 5.8620845528134184, 5.862084552777916, 5.862084552793685, 5.862084552776624, 5.862084552791885, 5.862084552800992, 5.86208455278507, 5.862084552785786, 5.862084552785297, 5.862084552785427, 5.8620845527892, 5.862084552804078, 5.86208455277403, 5.862084552776242, 5.862084552779896, 5.862084552793019, 5.862225012586468, 5.862225012576397, 5.862225012563158, 5.862225012563621, 5.862225012567835, 5.8622250125634805, 5.8622250125970705, 5.862225012582086, 5.862225012598354, 5.862225012583857, 5.862225012574908, 5.862225012590408, 5.862225012589813, 5.862225012590379, 5.862225012590236, 5.862225012586468, 5.862225012572293, 5.862225012600772, 5.862225012598702, 5.862225012595648, 5.862225012582751, 5.862501063975883, 5.8625010639849275, 5.862501063996795, 5.862501063996239, 5.862501063993218, 5.862501063995804, 5.862501063966361, 5.862501063979765, 5.862501063965401, 5.862501063978414, 5.862501063985795, 5.862501063972323, 5.86250106397293, 5.8625010639725925, 5.862501063972813, 5.862501063975879, 5.862501063988282, 5.862501063963211, 5.86250106396505, 5.862501063968043, 5.862501063978879, 5.862820223266971, 5.862820223259746, 5.862820223249848, 5.86282022325017, 5.862820223253456, 5.862820223250109, 5.862820223274544, 5.862820223263856, 5.862820223275841, 5.862820223264879, 5.862820223258734, 5.86282022326969, 5.862820223269275, 5.862820223269784, 5.862820223269632, 5.862820223266963, 5.862820223256509, 5.8628202232774935, 5.862820223275805, 5.862820223273501, 5.862820223264369, 5.8631082560006345, 5.863108256005977, 5.8631082560134775, 5.8631082560130645, 5.863108256011134, 5.863108256013109, 5.863108255994862, 5.863108256002996, 5.863108255993995, 5.863108256002325, 5.8631082560071786, 5.863108255998625, 5.863108255999012, 5.863108255998606, 5.8631082559987675, 5.863108256000639, 5.863108256008455, 5.863108255992624, 5.863108255993911, 5.863108255995467, 5.863108256002608, 5.863317349814985, 5.8633173498111875, 5.863317349806306, 5.863317349806381, 5.8633173498076445, 5.863317349806746, 5.863317349818935, 5.86331734981334, 5.863317349819485, 5.863317349813839, 5.863317349811012, 5.8633173498161755, 5.863317349815951, 5.863317349816275, 5.863317349816092, 5.86331734981498, 5.863317349809676, 5.8633173498202735, 5.863317349819536, 5.863317349818119, 5.863317349813669, 5.863438323323177, 5.863438323325147, 5.863438323327567, 5.863438323327339, 5.863438323326759, 5.8634383233276886, 5.863438323321093, 5.863438323324112, 5.863438323320724, 5.863438323323594, 5.863438323325565, 5.863438323322659, 5.863438323322804, 5.86343832332238, 5.863438323322476, 5.863438323323178, 5.863438323325937, 5.863438323320305, 5.863438323320659, 5.863438323321311, 5.863438323324271, 5.863484223537687, 5.863484223536955, 5.863484223536932, 5.863484223536837, 5.863484223536394, 5.8634842235370614, 5.863484223538375, 5.863484223537513, 5.863484223537967, 5.863484223537832, 5.863484223537224, 5.863484223537659, 5.863484223537615, 5.863484223537655, 5.8634842235377125, 5.863484223537681, 5.863484223537178, 5.863484223538119, 5.863484223538349, 5.863484223538017, 5.8634842235371645, 5.863472833250356, 5.863472833249753, 5.863472833248082, 5.863472833248035, 5.863472833248732, 5.863472833248227, 5.863472833251231, 5.863472833249812, 5.8634728332517305, 5.863472833249489, 5.863472833249083, 5.863472833250964, 5.863472833250937, 5.8634728332509365, 5.863472833250738, 5.863472833250354, 5.8634728332487684, 5.863472833251934, 5.863472833251362, 5.863472833251419, 5.863472833250498, 5.863416943719958, 5.863416943721968, 5.863416943725597, 5.863416943725384, 5.8634169437240535, 5.8634169437251, 5.863416943717808, 5.863416943721123, 5.863416943716815, 5.863416943721434, 5.863416943722281, 5.863416943718797, 5.8634169437189385, 5.863416943718962, 5.8634169437190735, 5.863416943719951, 5.863416943723382, 5.863416943716395, 5.863416943717395, 5.863416943718059, 5.863416943720123, 5.86331800492703, 5.8633180049240465, 5.86331800491865, 5.863318004918757, 5.863318004920901, 5.863318004918787, 5.863318004930467, 5.8633180049253095, 5.863318004931737, 5.863318004925139, 5.863318004922809, 5.8633180049287565, 5.863318004928579, 5.863318004928657, 5.863318004928536, 5.86331800492702, 5.8633180049216165, 5.863318004932493, 5.863318004931107, 5.863318004930458, 5.863318004926406, 5.863159582176662, 5.863159582181204, 5.863159582188838, 5.863159582188466, 5.863159582185792, 5.863159582188089, 5.863159582171721, 5.863159582178908, 5.863159582170279, 5.863159582179021, 5.863159582182331, 5.863159582174212, 5.8631595821745215, 5.863159582174496, 5.863159582174786, 5.863159582176664, 5.86315958218399, 5.86315958216913, 5.863159582170902, 5.863159582172096, 5.863159582177425, 5.862895265721655, 5.862895265715581, 5.862895265705383, 5.8628952657056566, 5.862895265709495, 5.862895265705911, 5.862895265728357, 5.8628952657187305, 5.862895265730153, 5.862895265718783, 5.862895265714076, 5.862895265724888, 5.862895265724548, 5.862895265724574, 5.862895265724246, 5.862895265721657, 5.862895265711765, 5.862895265731658, 5.862895265729457, 5.862895265727749, 5.862895265720451, 5.862440493122867, 5.862440493131121, 5.862440493144467, 5.862440493143847, 5.862440493138982, 5.862440493143643, 5.862440493113871, 5.862440493126759, 5.862440493111662, 5.862440493126507, 5.862440493133322, 5.8624404931185214, 5.862440493119081, 5.8624404931190455, 5.862440493119298, 5.862440493122875, 5.862440493135886, 5.8624404931095295, 5.862440493112438, 5.862440493114498, 5.862440493124732, 5.8616280808445165, 5.861628080833209, 5.861628080815804, 5.861628080816317, 5.861628080822341, 5.861628080816863, 5.861628080856666, 5.861628080839257, 5.86162808085929, 5.8616280808396874, 5.861628080831091, 5.861628080850129, 5.861628080849462, 5.861628080849424, 5.861628080849117, 5.861628080844515, 5.8616280808270975, 5.8616280808621655, 5.861628080858597, 5.8616280808552785, 5.861628080841897, 5.86022084413597, 5.8602208441510335, 5.860220844174139, 5.860220844173076, 5.860220844165016, 5.860220844172677, 5.860220844119792, 5.860220844143069, 5.86022084411606, 5.860220844142069, 5.860220844154233, 5.860220844128826, 5.8602208441298345, 5.8602208441293415, 5.860220844129867, 5.8602208441359664, 5.860220844159029, 5.860220844112426, 5.860220844117247, 5.860220844121442, 5.860220844140006, 5.857924903333849, 5.857924903313991, 5.857924903284638, 5.857924903285607, 5.857924903294676, 5.857924903286138, 5.857924903355371, 5.857924903324625, 5.8579249033595095, 5.8579249033260705, 5.857924903310037, 5.857924903342479, 5.857924903341289, 5.85792490334217, 5.857924903341366, 5.857924903333846, 5.85792490330361, 5.857924903364514, 5.857924903358952, 5.8579249033529015, 5.857924903328062, 5.854929296088581, 5.8549292961141814, 5.854929296150137, 5.85492929614843, 5.8549292961375325, 5.854929296147786, 5.854929296061411, 5.85492929610008, 5.85492929605609, 5.854929296097389, 5.854929296118263, 5.8549292960788515, 5.854929296080603, 5.854929296078661, 5.85492929607944, 5.854929296088585, 5.85492929612607, 5.854929296050407, 5.8549292960571595, 5.854929296065147, 5.854929296097155, 5.852508765715147, 5.852508765685305, 5.852508765647004, 5.852508765648404, 5.852508765657706, 5.852508765648383, 5.852508765746821, 5.852508765701958, 5.852508765750866, 5.852508765706489, 5.852508765681322, 5.852508765724638, 5.852508765722829, 5.852508765725705, 5.852508765724884, 5.8525087657151476, 5.852508765672755, 5.852508765757957, 5.852508765752107, 5.852508765741966, 5.852508765702806, 5.853473187163127, 5.853473187194333, 5.853473187227899, 5.85347318722605, 5.853473187220698, 5.853473187225779, 5.853473187131365, 5.853473187175914, 5.853473187129248, 5.8534731871691, 5.853473187195586, 5.853473187155812, 5.853473187157984, 5.853473187153835, 5.8534731871545524, 5.853473187163122, 5.853473187202908, 5.853473187122824, 5.8534731871268, 5.853473187138186, 5.85347318717849, 5.858138017564679, 5.858138017539455, 5.858138017519488, 5.858138017520575, 5.8581380175217275, 5.858138017519544, 5.858138017589339, 5.858138017555477, 5.858138017587949, 5.858138017564533, 5.8581380175416, 5.858138017567406, 5.858138017565897, 5.858138017570516, 5.858138017570538, 5.858138017564678, 5.858138017536559, 5.858138017592747, 5.858138017592886, 5.858138017582328, 5.858138017548457, 5.862518287447634, 5.862518287460777, 5.862518287461842, 5.8625182874614135, 5.862518287468847, 5.862518287462835, 5.862518287435645, 5.8625182874502695, 5.862518287442849, 5.862518287441358, 5.8625182874563935, 5.86251828744986, 5.862518287450718, 5.862518287447745, 5.862518287446992, 5.862518287447628, 5.862518287455447, 5.862518287439953, 5.862518287434746, 5.862518287441617, 5.8625182874597614, 5.86240943839093, 5.862409438392118, 5.862409438408235, 5.862409438407665, 5.862409438398828, 5.8624094384065994, 5.862409438387018, 5.86240943839582, 5.862409438378701, 5.862409438402973, 5.862409438398498, 5.8624094383838505, 5.8624094383839935, 5.862409438385751, 5.862409438387007, 5.862409438390929, 5.862409438403271, 5.862409438377918, 5.862409438385868, 5.862409438384261, 5.862409438385465, 5.859185106178816, 5.859185106164717, 5.859185106136895, 5.859185106137705, 5.859185106148234, 5.859185106140429, 5.859185106194675, 5.85918510616896, 5.859185106203558, 5.859185106165079, 5.859185106159333, 5.8591851061882005, 5.8591851061872875, 5.859185106187276, 5.859185106185887, 5.8591851061788205, 5.859185106151651, 5.8591851062065246, 5.859185106197712, 5.8591851061946665, 5.8591851061784395, 5.857480613775664, 5.857480613794801, 5.8574806138267945, 5.857480613825229, 5.857480613814178, 5.857480613825809, 5.8574806137540545, 5.857480613785792, 5.8574806137473425, 5.85748061378516, 5.8574806138004325, 5.85748061376717, 5.8574806137685185, 5.857480613766498, 5.857480613767547, 5.85748061377566, 5.857480613807806, 5.857480613742829, 5.857480613750098, 5.85748061375597, 5.857480613780754, 5.859542888225393, 5.859542888206461, 5.859542888183556, 5.859542888184271, 5.859542888189373, 5.85954288818444, 5.859542888245701, 5.859542888219075, 5.859542888245447, 5.8595428882233245, 5.859542888204111, 5.85954288823055, 5.859542888229353, 5.859542888230832, 5.85954288823051, 5.859542888225387, 5.859542888201153, 5.859542888249755, 5.859542888248245, 5.859542888242134, 5.859542888217543, 5.862583035523899, 5.8625830355363195, 5.862583035541108, 5.862583035540617, 5.862583035543613, 5.862583035542022, 5.862583035513029, 5.862583035525187, 5.862583035518601, 5.862583035517854, 5.862583035532746, 5.8625830355240955, 5.862583035524842, 5.862583035523332, 5.86258303552234, 5.862583035523893, 5.862583035532707, 5.862583035515177, 5.862583035511775, 5.862583035517566, 5.862583035533408, 5.86280879997711, 5.862808799974828, 5.86280879998963, 5.862808799989243, 5.862808799980047, 5.862808799987488, 5.862808799976662, 5.862808799979821, 5.862808799968016, 5.862808799988141, 5.862808799981772, 5.862808799971506, 5.8628087999714555, 5.862808799973326, 5.862808799974846, 5.862808799977101, 5.862808799985999, 5.8628087999676195, 5.862808799975507, 5.862808799972542, 5.862808799968767, 5.860852931283348, 5.860852931275689, 5.860852931249832, 5.860852931250425, 5.860852931263579, 5.860852931251249, 5.860852931293485, 5.860852931277646, 5.860852931302476, 5.860852931272348, 5.860852931267823, 5.860852931292031, 5.860852931291464, 5.860852931290405, 5.860852931289271, 5.86085293128335, 5.860852931262303, 5.860852931304897, 5.860852931296157, 5.860852931296333, 5.860852931286937, 5.860017554186053, 5.860017554200913, 5.86001755422557, 5.860017554224478, 5.860017554215322, 5.8600175542236865, 5.860017554169379, 5.8600175541932655, 5.860017554165921, 5.86001755419271, 5.8600175542046955, 5.8600175541779205, 5.860017554178852, 5.860017554179142, 5.86001755417963, 5.860017554186047, 5.860017554209408, 5.860017554162125, 5.860017554167059, 5.860017554171026, 5.8600175541881905, 5.86141002963844, 5.861410029622548, 5.861410029609251, 5.861410029609756, 5.861410029611779, 5.861410029609175, 5.861410029653861, 5.861410029632897, 5.861410029651985, 5.861410029638848, 5.861410029624279, 5.861410029641969, 5.8614100296410525, 5.86141002964236, 5.86141002964296, 5.8614100296384395, 5.8614100296214255, 5.861410029655463, 5.86141002965559, 5.861410029649337, 5.8614100296303135, 5.86290813868603, 5.862908138696683, 5.862908138695013, 5.862908138694587, 5.862908138700983, 5.8629081386957855, 5.862908138677448, 5.862908138687167, 5.862908138683835, 5.8629081386792965, 5.862908138692121, 5.86290813868872, 5.8629081386893835, 5.862908138686779, 5.862908138685752, 5.862908138686035, 5.86290813869056, 5.862908138681701, 5.862908138676689, 5.862908138682113, 5.862908138697356, 5.862713079382479, 5.862713079380251, 5.8627130793949815, 5.8627130793945375, 5.862713079383026, 5.862713079392996, 5.862713079382534, 5.862713079385658, 5.862713079374422, 5.862713079392903, 5.862713079386981, 5.862713079374879, 5.862713079374714, 5.862713079377796, 5.862713079378497, 5.862713079382488, 5.862713079390285, 5.862713079374055, 5.862713079381789, 5.862713079377941, 5.862713079373325, 5.861751882072748, 5.861751882066386, 5.861751882046421, 5.861751882046763, 5.861751882056831, 5.861751882048308, 5.861751882080727, 5.861751882067519, 5.861751882087265, 5.861751882063089, 5.861751882061222, 5.861751882081208, 5.8617518820807755, 5.861751882078635, 5.861751882078006, 5.861751882072743, 5.861751882056341, 5.861751882089618, 5.861751882082362, 5.861751882082474, 5.861751882076623, 5.861583902958728, 5.861583902970329, 5.861583902988349, 5.8615839029874035, 5.861583902981142, 5.861583902987361, 5.8615839029459895, 5.86158390296372, 5.861583902943067, 5.861583902962854, 5.861583902972897, 5.861583902954324, 5.861583902955069, 5.861583902953874, 5.8615839029545205, 5.8615839029587296, 5.8615839029765135, 5.8615839029406, 5.8615839029437105, 5.861583902947448, 5.861583902961706, 5.862223173706023, 5.862223173693429, 5.862223173685178, 5.862223173685546, 5.862223173683203, 5.862223173684327, 5.862223173718816, 5.862223173702763, 5.86222317371573, 5.862223173708975, 5.862223173693963, 5.862223173704856, 5.86222317370398, 5.862223173707432, 5.862223173707443, 5.862223173706016, 5.862223173693469, 5.862223173718379, 5.862223173720614, 5.862223173715056, 5.8622231736964885, 5.862783651236393, 5.86278365124748, 5.862783651242872, 5.862783651242568, 5.862783651251602, 5.8627836512439195, 5.862783651228087, 5.862783651237012, 5.862783651235388, 5.862783651227936, 5.8627836512411875, 5.862783651241609, 5.862783651242318, 5.862783651238608, 5.862783651237579, 5.862783651236388, 5.862783651239656, 5.86278365123348, 5.862783651227185, 5.862783651233708, 5.862783651249458, 5.862871738646309, 5.862871738641379, 5.862871738655309, 5.86287173865507, 5.862871738644148, 5.862871738653347, 5.862871738648707, 5.862871738648088, 5.862871738639783, 5.862871738656855, 5.862871738648977, 5.862871738640141, 5.8628717386399165, 5.862871738642692, 5.862871738644031, 5.862871738646309, 5.862871738652207, 5.862871738639815, 5.86287173864788, 5.862871738643109, 5.862871738635308, 5.8627291340344705, 5.86272913403175, 5.8627291340167265, 5.8627291340169725, 5.862729134024562, 5.862729134017629, 5.862729134038984, 5.862729134031196, 5.862729134045521, 5.862729134026941, 5.862729134026156, 5.862729134038572, 5.86272913403832, 5.8627291340381245, 5.862729134037189, 5.8627291340344705, 5.862729134022628, 5.862729134046585, 5.86272913404076, 5.8627291340415315, 5.862729134037374, 5.862524587163946, 5.862524587174244, 5.862524587183187, 5.862524587182495, 5.8625245871828024, 5.862524587182933, 5.862524587153117, 5.862524587167692, 5.862524587153449, 5.862524587164628, 5.862524587174399, 5.862524587163284, 5.862524587163995, 5.8625245871614675, 5.862524587161915, 5.862524587163939, 5.86252458717611, 5.8625245871516425, 5.862524587151494, 5.862524587156033, 5.862524587170172, 5.862419135024973, 5.862419135010696, 5.862419135009427, 5.862419135009683, 5.862419135003591, 5.862419135008671, 5.862419135037615, 5.86241913502207, 5.862419135030905, 5.86241913503163, 5.862419135016279, 5.862419135022478, 5.862419135021625, 5.862419135025122, 5.862419135025903, 5.86241913502497, 5.862419135016263, 5.862419135033341, 5.862419135038562, 5.862419135030992, 5.862419135012384, 5.862685222652397, 5.862685222664688, 5.862685222660604, 5.862685222660319, 5.862685222668817, 5.862685222662504, 5.862685222642785, 5.862685222652952, 5.862685222651983, 5.8626852226420025, 5.862685222658391, 5.862685222656361, 5.862685222657111, 5.862685222654208, 5.862685222652362, 5.862685222652395, 5.862685222655791, 5.862685222649355, 5.862685222642134, 5.862685222648801, 5.862685222665927, 5.863201864754865, 5.863201864748794, 5.863201864754745, 5.863201864754589, 5.8632018647483095, 5.863201864753557, 5.863201864759243, 5.863201864756493, 5.863201864752069, 5.8632018647633055, 5.863201864753762, 5.863201864751372, 5.863201864751043, 5.8632018647525905, 5.8632018647538215, 5.863201864754864, 5.863201864756178, 5.863201864753119, 5.86320186475896, 5.863201864755056, 5.863201864747094, 5.863378808978043, 5.86337880897524, 5.863378808971143, 5.863378808971174, 5.863378808972708, 5.86337880897164, 5.863378808980633, 5.8633788089762024, 5.863378808981802, 5.86337880897606, 5.863378808974551, 5.863378808979452, 5.86337880897927, 5.863378808979256, 5.863378808979441, 5.863378808978052, 5.863378808973508, 5.8633788089825885, 5.863378808981187, 5.863378808980835, 5.863378808977526, 5.862980657096447, 5.862980657106004, 5.862980657108227, 5.862980657107844, 5.862980657111181, 5.8629806571090235, 5.862980657087504, 5.86298065709743, 5.862980657092454, 5.862980657091091, 5.862980657102819, 5.862980657097589, 5.862980657098168, 5.862980657096435, 5.862980657095566, 5.862980657096446, 5.862980657102406, 5.862980657090589, 5.862980657086803, 5.862980657091979, 5.862980657104149, 5.862586653925782, 5.862586653913208, 5.86258665391239, 5.862586653912616, 5.862586653907034, 5.862586653910805, 5.8625866539371705, 5.862586653925175, 5.862586653929309, 5.862586653934648, 5.862586653917402, 5.86258665392294, 5.862586653922194, 5.862586653925254, 5.8625866539261, 5.862586653925788, 5.862586653919309, 5.862586653931852, 5.862586653937916, 5.862586653931583, 5.862586653914058, 5.862762604284237, 5.862762604295614, 5.862762604296646, 5.862762604296278, 5.862762604301943, 5.862762604297586, 5.862762604274491, 5.862762604285385, 5.862762604280468, 5.862762604277358, 5.862762604291625, 5.862762604286999, 5.862762604287782, 5.862762604284923, 5.862762604283965, 5.862762604284225, 5.862762604290692, 5.862762604277983, 5.862762604273343, 5.8627626042792365, 5.862762604294894, 5.863224919872671, 5.863224919866217, 5.863224919863976, 5.8632249198640976, 5.863224919862142, 5.863224919863545, 5.863224919878891, 5.863224919870792, 5.863224919877173, 5.863224919874138, 5.863224919867534, 5.863224919871479, 5.863224919871089, 5.863224919872955, 5.8632249198733675, 5.863224919872668, 5.863224919867086, 5.863224919878103, 5.863224919879667, 5.863224919876395, 5.8632249198674495, 5.863417825769512, 5.863417825769466, 5.863417825773921, 5.863417825773669, 5.86341782577149, 5.863417825773302, 5.863417825768483, 5.863417825771287, 5.863417825765545, 5.863417825773282, 5.863417825771684, 5.863417825768178, 5.863417825768263, 5.863417825767944, 5.863417825768714, 5.863417825769508, 5.863417825773114, 5.86341782576568, 5.863417825767961, 5.863417825767586, 5.8634178257677645, 5.8632938370286665, 5.8632938370337335, 5.86329383702848, 5.863293837028351, 5.8632938370342345, 5.863293837029678, 5.863293837024687, 5.86329383702817, 5.863293837030324, 5.863293837022249, 5.863293837029939, 5.863293837031884, 5.863293837032214, 5.86329383703049, 5.863293837029383, 5.86329383702866, 5.863293837027905, 5.863293837029621, 5.863293837024773, 5.863293837028269, 5.863293837035578, 5.86316421752439, 5.86316421751683, 5.863164217519551, 5.863164217519591, 5.863164217513513, 5.863164217518707, 5.863164217530805, 5.863164217523404, 5.863164217525813, 5.863164217529831, 5.863164217520869, 5.863164217520818, 5.863164217520377, 5.863164217523341, 5.863164217523786, 5.863164217524388, 5.863164217521606, 5.863164217526842, 5.863164217531321, 5.863164217526491, 5.8631642175159095, 5.863155942441752, 5.863155942448789, 5.863155942451268, 5.863155942450902, 5.863155942453796, 5.863155942451581, 5.863155942435259, 5.863155942443531, 5.86315594243711, 5.863155942439608, 5.86315594244753, 5.863155942443594, 5.863155942444136, 5.863155942441537, 5.863155942441583, 5.863155942441757, 5.863155942447655, 5.863155942435901, 5.863155942434159, 5.863155942437642, 5.8631559424482464, 5.863133174515447, 5.863133174510401, 5.8631331745028294, 5.863133174503006, 5.8631331745047985, 5.863133174502824, 5.863133174521286, 5.863133174513504, 5.863133174522301, 5.863133174513964, 5.86313317450872, 5.863133174516429, 5.863133174516086, 5.8631331745170305, 5.863133174516817, 5.863133174515437, 5.863133174507333, 5.863133174523589, 5.863133174522453, 5.86313317452076, 5.863133174513575, 5.863051478569567, 5.863051478572705, 5.86305147858402, 5.863051478583599, 5.863051478577875, 5.863051478583164, 5.863051478565146, 5.863051478571652, 5.863051478561955, 5.863051478573534, 5.863051478575875, 5.863051478565887, 5.86305147856614, 5.863051478566718, 5.863051478567188, 5.863051478569568, 5.863051478577914, 5.863051478560893, 5.863051478564165, 5.863051478564204, 5.863051478567367, 5.863060985755665, 5.8630609857538225, 5.863060985742553, 5.863060985742705, 5.863060985749567, 5.863060985743332, 5.86306098575863, 5.863060985753533, 5.863060985762326, 5.863060985750903, 5.8630609857500104, 5.863060985760568, 5.8630609857604705, 5.8630609857590015, 5.863060985758429, 5.86306098575566, 5.863060985747918, 5.863060985763612, 5.863060985759486, 5.863060985760592, 5.863060985759174, 5.8632324575636625, 5.863232457565458, 5.863232457573859, 5.863232457573561, 5.863232457568411, 5.863232457572939, 5.863232457561182, 5.86323245756539, 5.863232457558289, 5.863232457567612, 5.863232457567705, 5.863232457559673, 5.863232457559809, 5.863232457561157, 5.8632324575613355, 5.863232457563653, 5.863232457569561, 5.8632324575574435, 5.863232457560653, 5.8632324575600885, 5.863232457560963, 5.86341937132104, 5.863419371319345, 5.863419371315124, 5.86341937131515, 5.863419371317146, 5.863419371315342, 5.863419371323366, 5.863419371319922, 5.863419371324449, 5.863419371319385, 5.86341937131831, 5.86341937132242, 5.863419371322352, 5.863419371322193, 5.86341937132221, 5.863419371321035, 5.8634193713172955, 5.863419371324819, 5.863419371323755, 5.863419371323314, 5.86341937132142, 5.863470919658497, 5.863470919660406, 5.863470919660396, 5.863470919660209, 5.86347091966184, 5.863470919660634, 5.863470919656776, 5.8634709196588854, 5.863470919657557, 5.863470919657388, 5.863470919660087, 5.863470919659771, 5.863470919659975, 5.863470919658694, 5.863470919658915, 5.86347091965849, 5.863470919659785, 5.863470919657177, 5.863470919656362, 5.863470919657403, 5.863470919660755, 5.863419839033176, 5.863419839031284, 5.863419839034843, 5.863419839034704, 5.863419839030774, 5.863419839034252, 5.863419839034453, 5.863419839033641, 5.863419839031996, 5.863419839036371, 5.8634198390332894, 5.863419839030205, 5.863419839030111, 5.863419839031781, 5.863419839031819, 5.8634198390331775, 5.863419839034096, 5.863419839031989, 5.863419839034549, 5.863419839032703, 5.863419839029129, 5.863381629950801, 5.863381629952139, 5.863381629946141, 5.863381629946104, 5.863381629950958, 5.863381629946946, 5.863381629950261, 5.863381629949773, 5.863381629953687, 5.863381629946674, 5.863381629949471, 5.86338162995387, 5.863381629953984, 5.863381629952689, 5.863381629952085, 5.863381629950798, 5.863381629947916, 5.863381629953821, 5.863381629950547, 5.863381629952305, 5.863381629954972, 5.863386122056438, 5.863386122056412, 5.863386122062967, 5.863386122062676, 5.863386122058955, 5.863386122062337, 5.863386122055407, 5.863386122057511, 5.8633861220522885, 5.863386122060061, 5.863386122059227, 5.863386122054327, 5.863386122054406, 5.863386122054754, 5.8633861220554016, 5.8633861220564345, 5.863386122060626, 5.863386122051995, 5.863386122054807, 5.863386122053928, 5.8633861220540355, 5.863373396380931, 5.863373396378515, 5.863373396373473, 5.863373396373559, 5.863373396375212, 5.863373396373596, 5.863373396384013, 5.863373396379764, 5.86337339638551, 5.863373396379143, 5.863373396376909, 5.863373396381634, 5.863373396381478, 5.863373396382038, 5.86337339638174, 5.863373396380937, 5.863373396375843, 5.863373396386031, 5.863373396384782, 5.863373396384188, 5.863373396380535, 5.8632915177786575, 5.863291517783722, 5.8632915177876574, 5.863291517787314, 5.863291517787989, 5.863291517787703, 5.863291517773533, 5.863291517780213, 5.863291517774328, 5.863291517777968, 5.863291517783433, 5.863291517778974, 5.863291517779369, 5.863291517778013, 5.86329151777801, 5.863291517778654, 5.863291517784001, 5.863291517773271, 5.863291517772697, 5.863291517775092, 5.863291517782066, 5.8631461812996255, 5.863146181292113, 5.863146181289193, 5.863146181289294, 5.863146181287314, 5.863146181288647, 5.863146181306624, 5.863146181297958, 5.863146181303913, 5.86314618130237, 5.863146181293599, 5.863146181298803, 5.8631461812983625, 5.86314618130018, 5.863146181300448, 5.86314618129962, 5.8631461812936365, 5.863146181305451, 5.863146181307463, 5.8631461813040096, 5.863146181293811, 5.8629726501385715, 5.862972650147821, 5.862972650151674, 5.86297265015124, 5.862972650153488, 5.862972650152211, 5.862972650129846, 5.8629726501401604, 5.862972650133313, 5.862972650135024, 5.8629726501458155, 5.862972650139199, 5.862972650139821, 5.862972650138019, 5.862972650137401, 5.862972650138569, 5.86297265014581, 5.862972650131383, 5.8629726501289126, 5.862972650133332, 5.862972650145446, 5.8627515798844465, 5.862751579874264, 5.862751579867724, 5.86275157986794, 5.862751579867024, 5.862751579867139, 5.86275157989448, 5.862751579882505, 5.862751579891524, 5.862751579887317, 5.862751579875442, 5.862751579884372, 5.862751579883768, 5.862751579885494, 5.8627515798860355, 5.862751579884448, 5.862751579875032, 5.862751579893726, 5.862751579895675, 5.8627515798912135, 5.862751579877743, 5.8624017312005385, 5.862401731211424, 5.862401731222293, 5.862401731221653, 5.862401731220707, 5.862401731222477, 5.862401731189411, 5.862401731203432, 5.8624017311906345, 5.862401731199434, 5.862401731212051, 5.8624017311995695, 5.862401731200356, 5.8624017311983225, 5.862401731198323, 5.86240173120054, 5.862401731213081, 5.862401731187886, 5.862401731187599, 5.8624017311917225, 5.862401731206402, 5.861765458064074]
Total optimisation time observed during ADAM optimization: 585.125348 seconds
Median time per evaluation during ADAM optimization: 1.167327 seconds
5.861765458064074
QAOA optimisation for n=17 took 613.83 seconds; started at 1777613282.53109 and finished at 1777613896.3584058
Finished QAOA for n=10 nodes, m=15 edges at 2026-05-01 07:38:16 on Apple M4. Time taken: 613.83 seconds. Hours: 0.17 hours. Peak RAM: 370.3 MB.
Unknown graph type for approximation ratio calculation; skipping approx ratio computation.
CSV writing for n=17 took 0.00 seconds; started at 1777613896.358407 and finished at 1777613896.358874
results: {17: 5.861765458064074}
durations: {10: 613.8273181915283}
Results saved to: logs/adam/qaoa_results_adam_20260430_200911.csv
Global end time: 1777613896.358879
Finalisation time: 0.00 seconds; started at 1777613896.3588748 and finished at 1777613896.35888
Sum of all section times: 613.91 seconds
