2026-05-01 04:16:48.248 system_profiler[94716:2298607] hw.cpufamily: 0x6f5129ac
Starting QAOA benchmark with global start time: 1777601808.169975
Benchmark parameters: {'optimiser': 'adam', 'circuit_type': 'hamqaoa', 'parameter_vector': [1, 1, 1], 'iterations_list': [50, 100, 200, 500], 'learning_rate_adam': 0.05, 'depth_list': [1, 2, 5, 10], 'n_start': 0, 'n_end': 30, 'singlet_injection': False, 'start_index_singlet': 0, 'warm_start': True, 'compare_with_010101': False, 'warm_start_correlations': False, 'init_QAOAparams_close_to_zero': False, 'use_correlations_as_initial_params': False, 'time_limit': 10800, 'failed_instance_termination_thrsh': 10, 'graph_generation_type': 'HOG', 'weighted': False, 'easiest_first': True, 'cpu_util_threshold': 90, 'debug': False, 'save_circuit_svg': False, 'rerun_exclude_finished_instances': False, 'optimiser_debug_iterations': 1, 'relative_graph_adjList_path': '/Users/julian_dev/Projects/MasterThesis/QAOA/HOG_graphs/list_27_graphs_adjacency_list.txt'}, Running QAOA with equal superposition
Benchmark run ID: f091a1e2
Processor: Apple M4
Hostname: Mac-mini-som-tillhor-Julian.local
Total RAM (GB): 16.0
Physical cores: 10
Logical cores: 10
Python version: 3.13.1
Initialisation time: 0.09 seconds; started at {'initialisation': 0.09468603134155273} and finished at 1777601808.264669
Loaded HOG graph index 9 with 15 edges.
Instance generation for n=9 took 0.00 seconds; started at 1777601808.264674 and finished at 1777601808.264961
Running QAOA for n=10 nodes, m=15 edges...; Max iterations: 500
Warm-start: using parameter_vector=[1, 1, 1]
Warm-start: starting SDP solve for n_vertices=10
Starting SDP solve (solver preference: MOSEK, fallback: SCS) for n_vertices=10, matrix_dim=30, edges=15
Finished SDP solve with MOSEK. status=optimal. elapsed_seconds=0.06
Rounding...
n_vertices: 10 for n = 30
Using seed None to generate random matrix for x.
r_0: [ 0.5954493   0.79602916 -0.10852517]
Product state qubit 0: [[0.44573741+0.j         0.29772465-0.39801458j]
 [0.29772465+0.39801458j 0.55426259+0.j        ]]
Diagonal entries of product state 0: [0.44573741 0.55426259]
r_1: [-0.59544515 -0.79603197  0.10852731]
Product state qubit 1: [[ 0.55426366+0.j         -0.29772258+0.39801598j]
 [-0.29772258-0.39801598j  0.44573634+0.j        ]]
Diagonal entries of product state 1: [0.55426366 0.44573634]
r_2: [-0.59544954 -0.79602863  0.10852768]
Product state qubit 2: [[ 0.55426384+0.j         -0.29772477+0.39801432j]
 [-0.29772477-0.39801432j  0.44573616+0.j        ]]
Diagonal entries of product state 2: [0.55426384 0.44573616]
r_3: [-0.59545073 -0.79602849  0.10852224]
Product state qubit 3: [[ 0.55426112+0.j         -0.29772537+0.39801424j]
 [-0.29772537-0.39801424j  0.44573888+0.j        ]]
Diagonal entries of product state 3: [0.55426112 0.44573888]
r_4: [-0.59544276 -0.79603285  0.10853395]
Product state qubit 4: [[ 0.55426698+0.j         -0.29772138+0.39801643j]
 [-0.29772138-0.39801643j  0.44573302+0.j        ]]
Diagonal entries of product state 4: [0.55426698 0.44573302]
r_5: [-0.59544185 -0.79603355  0.10853385]
Product state qubit 5: [[ 0.55426693+0.j         -0.29772092+0.39801677j]
 [-0.29772092-0.39801677j  0.44573307+0.j        ]]
Diagonal entries of product state 5: [0.55426693 0.44573307]
r_6: [ 0.59544003  0.79603465 -0.10853579]
Product state qubit 6: [[0.4457321 +0.j         0.29772001-0.39801732j]
 [0.29772001+0.39801732j 0.5542679 +0.j        ]]
Diagonal entries of product state 6: [0.4457321 0.5542679]
r_7: [ 0.59544349  0.79603221 -0.10853463]
Product state qubit 7: [[0.44573269+0.j         0.29772175-0.39801611j]
 [0.29772175+0.39801611j 0.55426731+0.j        ]]
Diagonal entries of product state 7: [0.44573269 0.55426731]
r_8: [ 0.59544581  0.79603134 -0.10852833]
Product state qubit 8: [[0.44573583+0.j         0.2977229 -0.39801567j]
 [0.2977229 +0.39801567j 0.55426417+0.j        ]]
Diagonal entries of product state 8: [0.44573583 0.55426417]
r_9: [ 0.59544858  0.79602982 -0.10852425]
Product state qubit 9: [[0.44573787+0.j         0.29772429-0.39801491j]
 [0.29772429+0.39801491j 0.55426213+0.j        ]]
Diagonal entries of product state 9: [0.44573787 0.55426213]
y_scalar: False
[-1, 1, 1, 1, 1, 1, -1, -1, -1, -1]
Hamiltonian equals product state? [[False False False False]
 [False False False False]
 [False False False False]
 [False False False False]]
Hamiltonian: [[ 0. +0.j  0. +0.j  0. +0.j  0. +0.j]
 [ 0. +0.j  0.5+0.j -0.5+0.j  0. +0.j]
 [ 0. +0.j -0.5+0.j  0.5+0.j  0. +0.j]
 [ 0. +0.j  0. +0.j  0. +0.j  0. +0.j]], product state: [[ 0.24705517+0.00000000e+00j  0.165017  -2.20604192e-01j
  -0.13270747+1.77410023e-01j  0.06977553+2.36997642e-01j]
 [ 0.165017  +2.20604192e-01j  0.30720595+0.00000000e+00j
  -0.24705568-6.27929093e-07j -0.16501789+2.20604220e-01j]
 [-0.13270747-1.77410023e-01j -0.24705568+6.27929093e-07j
   0.1986827 +0.00000000e+00j  0.13270729-1.77410720e-01j]
 [ 0.06977553-2.36997642e-01j -0.16501789-2.20604220e-01j
   0.13270729+1.77410720e-01j  0.24705618+0.00000000e+00j]]
Hamiltonian equals product state? [[False False False False]
 [False False False False]
 [False False False False]
 [False False False False]]
Hamiltonian: [[ 0. +0.j  0. +0.j  0. +0.j  0. +0.j]
 [ 0. +0.j  0.5+0.j -0.5+0.j  0. +0.j]
 [ 0. +0.j -0.5+0.j  0.5+0.j  0. +0.j]
 [ 0. +0.j  0. +0.j  0. +0.j  0. +0.j]], product state: [[ 0.24705351+0.00000000e+00j  0.1650164 -2.20605935e-01j
  -0.13270566+1.77407991e-01j  0.06977697+2.36996772e-01j]
 [ 0.1650164 +2.20605935e-01j  0.30721033+0.00000000e+00j
  -0.24705525-1.73662853e-06j -0.16501911+2.20606326e-01j]
 [-0.13270566-1.77407991e-01j -0.24705525+1.73662853e-06j
   0.19867918+0.00000000e+00j  0.13270535-1.77410171e-01j]
 [ 0.06977697-2.36996772e-01j -0.16501911-2.20606326e-01j
   0.13270535+1.77410171e-01j  0.24705698+0.00000000e+00j]]
Hamiltonian equals product state? [[False False False False]
 [False False False False]
 [False False False False]
 [False False False False]]
Hamiltonian: [[ 0. +0.j  0. +0.j  0. +0.j  0. +0.j]
 [ 0. +0.j  0.5+0.j -0.5+0.j  0. +0.j]
 [ 0. +0.j -0.5+0.j  0.5+0.j  0. +0.j]
 [ 0. +0.j  0. +0.j  0. +0.j  0. +0.j]], product state: [[ 0.24705605+0.00000000e+00j -0.13270609+1.77410615e-01j
   0.16501795-2.20605016e-01j  0.06977681+2.36997095e-01j]
 [-0.13270609-1.77410615e-01j  0.19868136+0.00000000e+00j
  -0.24705551-1.24304401e-06j  0.1327067 -1.77409563e-01j]
 [ 0.16501795+2.20605016e-01j -0.24705551+1.24304401e-06j
   0.30720761+0.00000000e+00j -0.16501649+2.20605368e-01j]
 [ 0.06977681-2.36997095e-01j  0.1327067 +1.77409563e-01j
  -0.16501649-2.20605368e-01j  0.24705498+0.00000000e+00j]]
Hamiltonian equals product state? [[False False False False]
 [False False False False]
 [False False False False]
 [False False False False]]
Hamiltonian: [[ 0. +0.j  0. +0.j  0. +0.j  0. +0.j]
 [ 0. +0.j  0.5+0.j -0.5+0.j  0. +0.j]
 [ 0. +0.j -0.5+0.j  0.5+0.j  0. +0.j]
 [ 0. +0.j  0. +0.j  0. +0.j  0. +0.j]], product state: [[ 0.24705311+0.00000000e+00j  0.16501538-2.20606537e-01j
  -0.13270451+1.77408501e-01j  0.06977929+2.36996067e-01j]
 [ 0.16501538+2.20606537e-01j  0.30721055+0.00000000e+00j
  -0.24705523-1.41970410e-06j -0.16501807+2.20607481e-01j]
 [-0.13270451-1.77408501e-01j -0.24705523+1.41970410e-06j
   0.198679  +0.00000000e+00j  0.13270463-1.77410786e-01j]
 [ 0.06977929-2.36996067e-01j -0.16501807-2.20607481e-01j
   0.13270463+1.77410786e-01j  0.24705735+0.00000000e+00j]]
Hamiltonian equals product state? [[False False False False]
 [False False False False]
 [False False False False]
 [False False False False]]
Hamiltonian: [[ 0. +0.j  0. +0.j  0. +0.j  0. +0.j]
 [ 0. +0.j  0.5+0.j -0.5+0.j  0. +0.j]
 [ 0. +0.j -0.5+0.j  0.5+0.j  0. +0.j]
 [ 0. +0.j  0. +0.j  0. +0.j  0. +0.j]], product state: [[ 0.24705491+0.00000000e+00j  0.16501733-2.20607183e-01j
  -0.13270415+1.77408931e-01j  0.06977882+2.36996050e-01j]
 [ 0.16501733+2.20607183e-01j  0.30721207+0.00000000e+00j
  -0.24705508+2.40653994e-07j -0.16501723+2.20607494e-01j]
 [-0.13270415-1.77408931e-01j -0.24705508-2.40653994e-07j
   0.19867778+0.00000000e+00j  0.13270441-1.77408922e-01j]
 [ 0.06977882-2.36996050e-01j -0.16501723-2.20607494e-01j
   0.13270441+1.77408922e-01j  0.24705525+0.00000000e+00j]]
Hamiltonian equals product state? [[False False False False]
 [False False False False]
 [False False False False]
 [False False False False]]
Hamiltonian: [[ 0. +0.j  0. +0.j  0. +0.j  0. +0.j]
 [ 0. +0.j  0.5+0.j -0.5+0.j  0. +0.j]
 [ 0. +0.j -0.5+0.j  0.5+0.j  0. +0.j]
 [ 0. +0.j  0. +0.j  0. +0.j  0. +0.j]], product state: [[ 0.24705404+0.00000000e+00j  0.16501623-2.20604611e-01j
  -0.13270686+1.77409210e-01j  0.06977624+2.36997317e-01j]
 [ 0.16501623+2.20604611e-01j  0.30720708+0.00000000e+00j
  -0.24705557-1.40368594e-06j -0.1650185 +2.20605033e-01j]
 [-0.13270686-1.77409210e-01j -0.24705557+1.40368594e-06j
   0.19868179+0.00000000e+00j  0.13270667-1.77411057e-01j]
 [ 0.06977624-2.36997317e-01j -0.1650185 -2.20605033e-01j
   0.13270667+1.77411057e-01j  0.24705709+0.00000000e+00j]]
Hamiltonian equals product state? [[False False False False]
 [False False False False]
 [False False False False]
 [False False False False]]
Hamiltonian: [[ 0. +0.j  0. +0.j  0. +0.j  0. +0.j]
 [ 0. +0.j  0.5+0.j -0.5+0.j  0. +0.j]
 [ 0. +0.j -0.5+0.j  0.5+0.j  0. +0.j]
 [ 0. +0.j  0. +0.j  0. +0.j  0. +0.j]], product state: [[ 0.24705663+0.00000000e+00j  0.16501796-2.20606921e-01j
  -0.13270488+1.77410338e-01j  0.06977857+2.36996302e-01j]
 [ 0.16501796+2.20606921e-01j  0.3072103 +0.00000000e+00j
  -0.24705525+1.11813542e-06j -0.16501604+2.20606436e-01j]
 [-0.13270488-1.77410338e-01j -0.24705525-1.11813542e-06j
   0.1986792 +0.00000000e+00j  0.13270495-1.77408747e-01j]
 [ 0.06977857-2.36996302e-01j -0.16501604-2.20606436e-01j
   0.13270495+1.77408747e-01j  0.24705387+0.00000000e+00j]]
Hamiltonian equals product state? [[False False False False]
 [False False False False]
 [False False False False]
 [False False False False]]
Hamiltonian: [[ 0. +0.j  0. +0.j  0. +0.j  0. +0.j]
 [ 0. +0.j  0.5+0.j -0.5+0.j  0. +0.j]
 [ 0. +0.j -0.5+0.j  0.5+0.j  0. +0.j]
 [ 0. +0.j  0. +0.j  0. +0.j  0. +0.j]], product state: [[ 0.2470563 +0.00000000e+00j  0.16501775-2.20605201e-01j
  -0.13270623+1.77410798e-01j  0.06977705+2.36997050e-01j]
 [ 0.16501775+2.20605201e-01j  0.30720735+0.00000000e+00j
  -0.24705554+9.99622833e-07j -0.16501635+2.20605184e-01j]
 [-0.13270623-1.77410798e-01j -0.24705554-9.99622833e-07j
   0.19868157+0.00000000e+00j  0.13270654-1.77409711e-01j]
 [ 0.06977705-2.36997050e-01j -0.16501635-2.20605184e-01j
   0.13270654+1.77409711e-01j  0.24705477+0.00000000e+00j]]
Hamiltonian equals product state? [[False False False False]
 [False False False False]
 [False False False False]
 [False False False False]]
Hamiltonian: [[ 0. +0.j  0. +0.j  0. +0.j  0. +0.j]
 [ 0. +0.j  0.5+0.j -0.5+0.j  0. +0.j]
 [ 0. +0.j -0.5+0.j  0.5+0.j  0. +0.j]
 [ 0. +0.j  0. +0.j  0. +0.j  0. +0.j]], product state: [[ 0.24705489+0.00000000e+00j  0.16501732-2.20607164e-01j
  -0.13270395+1.77409086e-01j  0.06977909+2.36995972e-01j]
 [ 0.16501732+2.20607164e-01j  0.30721204+0.00000000e+00j
  -0.24705508+5.26922806e-07j -0.16501698+2.20607688e-01j]
 [-0.13270395-1.77409086e-01j -0.24705508-5.26922806e-07j
   0.1986778 +0.00000000e+00j  0.13270443-1.77408942e-01j]
 [ 0.06977909-2.36995972e-01j -0.16501698-2.20607688e-01j
   0.13270443+1.77408942e-01j  0.24705527+0.00000000e+00j]]
Hamiltonian equals product state? [[False False False False]
 [False False False False]
 [False False False False]
 [False False False False]]
Hamiltonian: [[ 0. +0.j  0. +0.j  0. +0.j  0. +0.j]
 [ 0. +0.j  0.5+0.j -0.5+0.j  0. +0.j]
 [ 0. +0.j -0.5+0.j  0.5+0.j  0. +0.j]
 [ 0. +0.j  0. +0.j  0. +0.j  0. +0.j]], product state: [[ 0.24705639+0.00000000e+00j  0.16501781-2.20605273e-01j
  -0.13270721+1.77410056e-01j  0.06977574+2.36997428e-01j]
 [ 0.16501781+2.20605273e-01j  0.30720745+0.00000000e+00j
  -0.24705553-3.69660580e-07j -0.16501756+2.20604261e-01j]
 [-0.13270721-1.77410056e-01j -0.24705553+3.69660580e-07j
   0.19868149+0.00000000e+00j  0.13270648-1.77409639e-01j]
 [ 0.06977574-2.36997428e-01j -0.16501756-2.20604261e-01j
   0.13270648+1.77409639e-01j  0.24705467+0.00000000e+00j]]
Hamiltonian equals product state? [[False False False False]
 [False False False False]
 [False False False False]
 [False False False False]]
Hamiltonian: [[ 0. +0.j  0. +0.j  0. +0.j  0. +0.j]
 [ 0. +0.j  0.5+0.j -0.5+0.j  0. +0.j]
 [ 0. +0.j -0.5+0.j  0.5+0.j  0. +0.j]
 [ 0. +0.j  0. +0.j  0. +0.j  0. +0.j]], product state: [[ 0.24705492+0.00000000e+00j -0.13270733+1.77409839e-01j
   0.1650172 -2.20604007e-01j  0.06977529+2.36997687e-01j]
 [-0.13270733-1.77409839e-01j  0.19868249+0.00000000e+00j
  -0.24705565+3.84507619e-07j  0.13270745-1.77410572e-01j]
 [ 0.1650172 +2.20604007e-01j -0.24705565-3.84507619e-07j
   0.3072062 +0.00000000e+00j -0.16501803+2.20604404e-01j]
 [ 0.06977529-2.36997687e-01j  0.13270745+1.77410572e-01j
  -0.16501803-2.20604404e-01j  0.24705638+0.00000000e+00j]]
Hamiltonian equals product state? [[False False False False]
 [False False False False]
 [False False False False]
 [False False False False]]
Hamiltonian: [[ 0. +0.j  0. +0.j  0. +0.j  0. +0.j]
 [ 0. +0.j  0.5+0.j -0.5+0.j  0. +0.j]
 [ 0. +0.j -0.5+0.j  0.5+0.j  0. +0.j]
 [ 0. +0.j  0. +0.j  0. +0.j  0. +0.j]], product state: [[ 0.24705459+0.00000000e+00j  0.16501637-2.20607858e-01j
  -0.13270398+1.77408698e-01j  0.06977982+2.36995722e-01j]
 [ 0.16501637+2.20607858e-01j  0.30721239+0.00000000e+00j
  -0.24705505-8.11702677e-07j -0.1650174 +2.20607727e-01j]
 [-0.13270398-1.77408698e-01j -0.24705505+8.11702677e-07j
   0.19867752+0.00000000e+00j  0.13270364-1.77409465e-01j]
 [ 0.06977982-2.36995722e-01j -0.1650174 -2.20607727e-01j
   0.13270364+1.77409465e-01j  0.24705551+0.00000000e+00j]]
Hamiltonian equals product state? [[False False False False]
 [False False False False]
 [False False False False]
 [False False False False]]
Hamiltonian: [[ 0. +0.j  0. +0.j  0. +0.j  0. +0.j]
 [ 0. +0.j  0.5+0.j -0.5+0.j  0. +0.j]
 [ 0. +0.j -0.5+0.j  0.5+0.j  0. +0.j]
 [ 0. +0.j  0. +0.j  0. +0.j  0. +0.j]], product state: [[ 0.24705456+0.00000000e+00j  0.16501636-2.20607839e-01j
  -0.13270377+1.77408854e-01j  0.06978009+2.36995644e-01j]
 [ 0.16501636+2.20607839e-01j  0.30721236+0.00000000e+00j
  -0.24705505-5.25433914e-07j -0.16501715+2.20607920e-01j]
 [-0.13270377-1.77408854e-01j -0.24705505+5.25433914e-07j
   0.19867754+0.00000000e+00j  0.13270366-1.77409484e-01j]
 [ 0.06978009-2.36995644e-01j -0.16501715-2.20607920e-01j
   0.13270366+1.77409484e-01j  0.24705553+0.00000000e+00j]]
Hamiltonian equals product state? [[False False False False]
 [False False False False]
 [False False False False]
 [False False False False]]
Hamiltonian: [[ 0. +0.j  0. +0.j  0. +0.j  0. +0.j]
 [ 0. +0.j  0.5+0.j -0.5+0.j  0. +0.j]
 [ 0. +0.j -0.5+0.j  0.5+0.j  0. +0.j]
 [ 0. +0.j  0. +0.j  0. +0.j  0. +0.j]], product state: [[ 0.24705665+0.00000000e+00j  0.16501797-2.20606941e-01j
  -0.13270509+1.77410183e-01j  0.0697783 +2.36996381e-01j]
 [ 0.16501797+2.20606941e-01j  0.30721032+0.00000000e+00j
  -0.24705525+8.31866403e-07j -0.16501629+2.20606242e-01j]
 [-0.13270509-1.77410183e-01j -0.24705525-8.31866403e-07j
   0.19867918+0.00000000e+00j  0.13270493-1.77408727e-01j]
 [ 0.0697783 -2.36996381e-01j -0.16501629-2.20606242e-01j
   0.13270493+1.77408727e-01j  0.24705384+0.00000000e+00j]]
Hamiltonian equals product state? [[False False False False]
 [False False False False]
 [False False False False]
 [False False False False]]
Hamiltonian: [[ 0. +0.j  0. +0.j  0. +0.j  0. +0.j]
 [ 0. +0.j  0.5+0.j -0.5+0.j  0. +0.j]
 [ 0. +0.j -0.5+0.j  0.5+0.j  0. +0.j]
 [ 0. +0.j  0. +0.j  0. +0.j  0. +0.j]], product state: [[ 0.24705613+0.00000000e+00j -0.13270707+1.77409872e-01j
   0.16501801-2.20605088e-01j  0.0697755 +2.36997472e-01j]
 [-0.13270707-1.77409872e-01j  0.19868128+0.00000000e+00j
  -0.2470555 +1.26239278e-07j  0.13270664-1.77409490e-01j]
 [ 0.16501801+2.20605088e-01j -0.2470555 -1.26239278e-07j
   0.30720771+0.00000000e+00j -0.1650177 +2.20604445e-01j]
 [ 0.0697755 -2.36997472e-01j  0.13270664+1.77409490e-01j
  -0.1650177 -2.20604445e-01j  0.24705488+0.00000000e+00j]]
Energy of rounded cut: 7.499999999938359
Check the cut: [-1, 1, 1, 1, 1, 1, -1, -1, -1, -1]
15 in cut out of a total of 15 edges
Warm-start: SDP solve + rounding finished in 0.08 seconds
Warm-start: statevector build finished in 0.00 seconds
warm_start_correlations: None
Edges: [(3, 9), (2, 7), (0, 1), (1, 6), (4, 7), (3, 8), (5, 8), (1, 9), (5, 7), (2, 9), (0, 3), (4, 6), (5, 6), (4, 8), (0, 2)], weights: [1.0, 1.0, 1.0, 1.0, 1.0, 1.0, 1.0, 1.0, 1.0, 1.0, 1.0, 1.0, 1.0, 1.0, 1.0], set of nodes: {0, 1, 2, 3, 4, 5, 6, 7, 8, 9}, n: 10 nodes, p: 5 layers, N_bayes: 500 iterations
Initial state injected as warm start
Initial state energy for vector-normalised SDP solution used as warm start: 1.5000000001627098
Running ADAM optimization with a single iteration (no debug loop)
ADAM optimizer configured with maxiter=500 and learning_rate=0.05
Generated 4 random initial parameter sets for ADAM optimization
Using random initial parameters with:
Param_type 1:  [-2.71077214 -0.3195319   0.14926094 -2.58871975 -2.31121983]
Param_type 2:  [-2.4717399  -0.02117938 -0.83551824  1.92008826 -1.54971156]
Param_type 3:  [-0.95075611  2.25994428 -1.8940652  -1.44490712 -0.91229095]
Param_type 4:  [ 2.045455    1.03826687 -2.49335805  2.652681    1.69091819]
Energies observed during ADAM optimization: [3.6564376656770747, 3.656437665571094, 3.6564376655332826, 3.6564376655355164, 3.656437665599146, 3.6564376656048916, 3.6564376656617976, 3.656437665693083, 3.656437665691951, 3.6564376656711723, 3.656437665671346, 3.6564376655860955, 3.656437665582874, 3.6564376657044826, 3.6564376656775144, 3.6564376656770756, 3.6564376657193614, 3.6564376657211612, 3.6564376655901722, 3.6564376657014694, 3.656437665651676, 3.766070351391697, 3.7660703515468734, 3.766070351496561, 3.7660703514780605, 3.766070351518556, 3.766070351461591, 3.7660703516467544, 3.766070351266861, 3.7660703512212472, 3.76607035119383, 3.766070351417039, 3.766070351390364, 3.766070351393047, 3.7660703514052623, 3.7660703513916793, 3.766070351391699, 3.7660703514813174, 3.76607035147885, 3.766070351354646, 3.7660703513548737, 3.766070351418191, 3.983921817698356, 3.983921817619166, 3.9839218176967024, 3.9839218176988296, 3.9839218177642874, 3.9839218176786, 3.9839218178025, 3.983921817657231, 3.9839218176646165, 3.983921817593349, 3.9839218177175186, 3.983921817819646, 3.983921817820022, 3.983921817718849, 3.9839218176983593, 3.98392181769835, 3.983921817685837, 3.9839218176863933, 3.9839218177464084, 3.983921817610396, 3.9839218177863054, 4.146224888892716, 4.14622488860822, 4.146224888739342, 4.146224888760117, 4.146224888881909, 4.146224888834138, 4.146224888901756, 4.146224888867752, 4.146224888969868, 4.146224888874508, 4.1462248889063025, 4.1462248890845546, 4.146224889087929, 4.146224888922013, 4.146224888892711, 4.146224888892724, 4.146224888884932, 4.1462248888901385, 4.146224888882627, 4.146224888849806, 4.146224888940481, 4.4230134666133445, 4.423013466193722, 4.423013466476727, 4.42301346651069, 4.423013466587987, 4.423013466539543, 4.42301346654075, 4.423013466607821, 4.423013466727531, 4.42301346663663, 4.423013466622957, 4.423013466769871, 4.423013466767291, 4.4230134666468, 4.423013466614933, 4.423013466613352, 4.42301346657766, 4.423013466584537, 4.423013466487528, 4.423013466677233, 4.4230134665538365, 4.6853639144728, 4.685363914007442, 4.6853639145514725, 4.68536391458226, 4.685363914477571, 4.685363914445572, 4.685363914436911, 4.685363914462322, 4.685363914557, 4.68536391454093, 4.68536391448502, 4.685363914525106, 4.68536391451516, 4.685363914502125, 4.685363914477276, 4.685363914472806, 4.685363914378724, 4.685363914379063, 4.685363914317472, 4.685363914560193, 4.685363914392143, 4.916213166555139, 4.916213166160281, 4.916213166747409, 4.916213166794198, 4.916213166549179, 4.9162131665709765, 4.916213166604332, 4.916213166517255, 4.916213166621871, 4.916213166637316, 4.9162131665597375, 4.916213166507897, 4.916213166497956, 4.916213166581199, 4.916213166562616, 4.9162131665551465, 4.916213166473751, 4.916213166462972, 4.916213166441855, 4.916213166584578, 4.916213166529088, 5.123786228787813, 5.12378622855732, 5.123786228931376, 5.1237862290157565, 5.123786228775394, 5.123786228851965, 5.123786228896812, 5.1237862287279325, 5.123786228824409, 5.123786228833395, 5.123786228782869, 5.123786228629621, 5.123786228615723, 5.123786228801572, 5.12378622879849, 5.123786228787809, 5.123786228755629, 5.123786228731697, 5.123786228729359, 5.123786228756147, 5.123786228814917, 5.289153420017543, 5.2891534199670325, 5.289153420083574, 5.289153420180622, 5.289153420048237, 5.289153420140089, 5.289153420164226, 5.289153419922358, 5.289153419987051, 5.289153420012843, 5.28915342000552, 5.289153419823336, 5.2891534197956345, 5.289153420012781, 5.2891534200303445, 5.289153420017554, 5.289153420019026, 5.289153419978798, 5.289153420004152, 5.289153419961081, 5.289153420059325, 5.440230811003105, 5.440230811083028, 5.440230811008463, 5.44023081105024, 5.440230811069633, 5.4402308111448034, 5.440230811116951, 5.440230810889409, 5.440230810924551, 5.440230810946477, 5.440230810980842, 5.440230810885079, 5.440230810847046, 5.440230810981803, 5.440230811014415, 5.440230811003112, 5.440230811013286, 5.440230810963106, 5.440230811000677, 5.440230810970658, 5.440230810998645, 5.530413822786793, 5.530413822896605, 5.530413822757725, 5.530413822679371, 5.530413822807747, 5.530413822863186, 5.530413822797742, 5.530413822676905, 5.530413822755653, 5.530413822696809, 5.530413822742015, 5.530413822794204, 5.5304138227756106, 5.530413822769106, 5.530413822792006, 5.530413822786794, 5.530413822782964, 5.53041382273584, 5.530413822764214, 5.530413822801134, 5.530413822688428, 5.565975021328945, 5.565975021405402, 5.565975021307735, 5.565975021108299, 5.565975021266198, 5.565975021304964, 5.56597502125441, 5.565975021214689, 5.565975021407282, 5.565975021263945, 5.565975021261071, 5.565975021417576, 5.565975021449027, 5.565975021329518, 5.56597502133036, 5.5659750213289465, 5.5659750213065555, 5.565975021273516, 5.565975021289745, 5.56597502136844, 5.5659750211591055, 5.660189710298424, 5.660189710385953, 5.660189710335986, 5.660189710067521, 5.660189710216363, 5.660189710234977, 5.660189710208325, 5.660189710159403, 5.660189710428981, 5.6601897103075745, 5.660189710229631, 5.6601897103964, 5.660189710477459, 5.660189710311215, 5.660189710298403, 5.660189710298418, 5.660189710275132, 5.66018971025766, 5.660189710274461, 5.660189710321041, 5.660189710137853, 5.818494407693541, 5.818494407859417, 5.818494407818103, 5.8184944075428175, 5.818494407626109, 5.818494407630297, 5.818494407631311, 5.818494407508764, 5.818494407784605, 5.818494407769113, 5.818494407644498, 5.818494407765914, 5.818494407888023, 5.818494407712004, 5.818494407691489, 5.818494407693549, 5.818494407687242, 5.818494407679553, 5.818494407716557, 5.818494407667286, 5.818494407609441, 5.986687183418075, 5.986687183680071, 5.986687183604921, 5.986687183384426, 5.986687183347541, 5.986687183353007, 5.986687183392746, 5.986687183180742, 5.986687183415166, 5.986687183512642, 5.986687183395405, 5.986687183460113, 5.98668718360943, 5.986687183439515, 5.98668718341581, 5.986687183418079, 5.9866871834364295, 5.986687183427634, 5.986687183488144, 5.986687183348142, 5.9866871834204805, 6.178026894461024, 6.1780268947639225, 6.178026894640828, 6.178026894518171, 6.178026894380584, 6.1780268943994825, 6.178026894463805, 6.178026894196061, 6.178026894362403, 6.178026894533537, 6.178026894456595, 6.1780268944841, 6.178026894619374, 6.178026894480989, 6.178026894460307, 6.17802689446102, 6.178026894502837, 6.178026894484661, 6.1780268945393715, 6.178026894396217, 6.178026894497187, 6.3908286737203, 6.390828673959655, 6.390828673807859, 6.390828673800549, 6.390828673660943, 6.3908286736985565, 6.390828673733037, 6.3908286734856, 6.3908286735724165, 6.39082867373841, 6.390828673721258, 6.390828673739902, 6.390828673806729, 6.390828673731187, 6.390828673720561, 6.390828673720299, 6.390828673772447, 6.390828673748335, 6.390828673759412, 6.390828673718014, 6.390828673716289, 6.529813794488992, 6.529813794569456, 6.529813794416601, 6.5298137945319965, 6.529813794502816, 6.5298137945577945, 6.529813794498724, 6.529813794348721, 6.529813794357348, 6.529813794446408, 6.529813794488242, 6.529813794506473, 6.529813794491812, 6.529813794487414, 6.5298137944892884, 6.529813794488994, 6.529813794532777, 6.52981379451345, 6.529813794475697, 6.529813794566405, 6.529813794412152, 6.553384768699436, 6.553384768587669, 6.553384768479583, 6.55338476870546, 6.553384768796323, 6.553384768863728, 6.553384768711917, 6.553384768662551, 6.553384768615789, 6.5533847686416715, 6.553384768695929, 6.5533847686973665, 6.553384768658084, 6.553384768695775, 6.553384768699471, 6.553384768699437, 6.553384768722594, 6.553384768725286, 6.553384768672659, 6.553384768811287, 6.553384768587732, 6.573314228952407, 6.573314228708335, 6.573314228691753, 6.573314228949049, 6.573314229064246, 6.57331422914292, 6.573314228977721, 6.5733142289739, 6.573314228900708, 6.57331422892201, 6.573314228948966, 6.573314228921697, 6.573314228911394, 6.5733142289595845, 6.573314228952059, 6.573314228952397, 6.573314228952918, 6.5733142289838, 6.573314228949414, 6.573314229044999, 6.573314228858769, 6.635487687840971, 6.635487687576582, 6.635487687653025, 6.635487687819785, 6.6354876878791815, 6.635487687964904, 6.6354876878853295, 6.635487687886834, 6.635487687795135, 6.635487687859001, 6.635487687840347, 6.635487687771011, 6.635487687805206, 6.63548768786172, 6.635487687840502, 6.635487687840964, 6.635487687822729, 6.6354876878597615, 6.635487687880631, 6.635487687879163, 6.635487687802339, 6.669635246716719, 6.669635246507364, 6.669635246662749, 6.669635246671166, 6.669635246629036, 6.669635246707222, 6.669635246760494, 6.669635246786532, 6.66963524668674, 6.669635246778157, 6.669635246719731, 6.6696352466075925, 6.669635246656627, 6.669635246743484, 6.669635246717738, 6.66963524671672, 6.669635246686004, 6.6696352467064415, 6.669635246791278, 6.669635246703976, 6.669635246730994, 6.659196414959482, 6.659196414809382, 6.659196415010818, 6.659196414911429, 6.659196414784887, 6.659196414836778, 6.65919641495804, 6.659196415067802, 6.659196414982174, 6.659196415031579, 6.659196414972948, 6.659196414848646, 6.659196414852236, 6.65919641497986, 6.659196414964724, 6.659196414959485, 6.659196414922687, 6.659196414928681, 6.659196415024264, 6.6591964149475835, 6.659196414978219, 6.662208888883498, 6.662208888772806, 6.662208888956313, 6.662208888854776, 6.662208888718241, 6.66220888872867, 6.662208888819852, 6.662208889034573, 6.662208888965173, 6.662208888938107, 6.662208888918436, 6.66220888880703, 6.66220888873839, 6.662208888886, 6.662208888893901, 6.662208888883486, 6.662208888852055, 6.662208888849899, 6.662208888908939, 6.662208888907759, 6.662208888876216, 6.698276552862789, 6.698276552786285, 6.698276552881937, 6.698276552838946, 6.698276552778349, 6.698276552738788, 6.6982765527672745, 6.6982765530458765, 6.698276552962776, 6.69827655288702, 6.6982765529177515, 6.698276552820357, 6.698276552708353, 6.698276552838168, 6.698276552875223, 6.698276552862799, 6.698276552855364, 6.698276552825976, 6.698276552864325, 6.698276552903248, 6.698276552847292, 6.748449934023586, 6.748449933984292, 6.748449933951013, 6.748449933976566, 6.748449934039884, 6.748449933954871, 6.74844993394389, 6.748449934219324, 6.74844993408601, 6.748449934012689, 6.748449934079999, 6.748449933992383, 6.7484499338900426, 6.748449933968232, 6.748449934033155, 6.748449934023576, 6.748449934054584, 6.748449933973716, 6.748449934034073, 6.74844993403716, 6.7484499340326884, 6.800244321406601, 6.800244321395339, 6.800244321263524, 6.8002443213606725, 6.800244321491258, 6.80024432138444, 6.8002443213675505, 6.8002443215943265, 6.800244321411729, 6.800244321374785, 6.800244321443858, 6.800244321373373, 6.800244321311885, 6.800244321335018, 6.800244321410465, 6.800244321406598, 6.8002443214615615, 6.800244321362672, 6.80024432143623, 6.800244321383508, 6.800244321442257, 6.85690046494135, 6.856900464946223, 6.856900464799634, 6.856900464977235, 6.856900465031379, 6.856900464937227, 6.856900464934914, 6.856900465103701, 6.856900464909828, 6.856900464914944, 6.856900464949696, 6.856900464910519, 6.856900464896834, 6.856900464885707, 6.856900464939276, 6.856900464941355, 6.856900464981033, 6.85690046495136, 6.856900464974253, 6.856900464910711, 6.8569004649744105, 6.8885790020509585, 6.88857900202673, 6.8885790019766375, 6.888579002207756, 6.888579002092947, 6.888579002041172, 6.888579002061963, 6.8885790021779485, 6.888579002005687, 6.8885790020325794, 6.888579002034153, 6.888579002025338, 6.8885790020676785, 6.888579002039097, 6.8885790020449145, 6.8885790020509745, 6.888579002045271, 6.88857900213353, 6.888579002075606, 6.888579002032191, 6.888579002066847, 6.895859761160349, 6.895859761248801, 6.89585976117489, 6.895859761380183, 6.89585976112809, 6.895859761147563, 6.895859761183343, 6.8958597612513115, 6.895859761114194, 6.8958597611272445, 6.895859761141225, 6.895859761124918, 6.895859761251163, 6.895859761186051, 6.895859761152257, 6.8958597611603425, 6.895859761111608, 6.895859761305511, 6.895859761192576, 6.895859761133152, 6.895859761185108, 6.925723351266506, 6.92572335138759, 6.925723351305358, 6.925723351413782, 6.9257233512030005, 6.9257233512569165, 6.9257233513069565, 6.92572335131591, 6.9257233512219365, 6.925723351197952, 6.925723351258158, 6.925723351219701, 6.925723351402074, 6.925723351311031, 6.9257233512593395, 6.925723351266508, 6.925723351191111, 6.9257233513757335, 6.925723351317193, 6.925723351208289, 6.925723351324016, 6.981303025340435, 6.981303025414869, 6.981303025333745, 6.981303025350683, 6.981303025315645, 6.981303025347656, 6.981303025371632, 6.981303025340318, 6.98130302532666, 6.981303025240033, 6.981303025351559, 6.981303025300299, 6.981303025476031, 6.981303025377386, 6.981303025335475, 6.981303025340441, 6.981303025267366, 6.981303025360484, 6.981303025389543, 6.981303025273274, 6.98130302540868, 7.015973379064705, 7.015973379044297, 7.015973378985454, 7.015973378957862, 7.015973379114051, 7.015973379092722, 7.015973379052465, 7.015973379013308, 7.015973379100786, 7.015973378969643, 7.015973379095182, 7.015973379055667, 7.01597337915424, 7.015973379078124, 7.015973379062063, 7.015973379064715, 7.0159733790255405, 7.015973379015938, 7.015973379077058, 7.015973379038209, 7.015973379093189, 7.0141368174315115, 7.014136817345594, 7.014136817320052, 7.014136817296994, 7.014136817517643, 7.014136817462518, 7.014136817362179, 7.014136817332165, 7.01413681749421, 7.0141368174074525, 7.014136817473699, 7.014136817466204, 7.014136817463219, 7.014136817424406, 7.014136817430647, 7.014136817431509, 7.014136817439333, 7.014136817399814, 7.014136817392851, 7.0141368174715835, 7.0141368173926395, 7.004805799496817, 7.004805799403983, 7.004805799418368, 7.00480579939226, 7.004805799560182, 7.004805799507988, 7.00480579940095, 7.004805799359509, 7.004805799535916, 7.004805799571887, 7.004805799535728, 7.004805799556171, 7.004805799493464, 7.0048057994828925, 7.004805799497355, 7.004805799496819, 7.004805799536602, 7.004805799524827, 7.0048057994378485, 7.00480579956692, 7.004805799425721, 7.01472817517471, 7.014728175110755, 7.014728175171218, 7.014728175096213, 7.014728175181715, 7.01472817514928, 7.014728175114804, 7.014728175018234, 7.014728175153134, 7.014728175286416, 7.014728175187844, 7.014728175218034, 7.014728175163143, 7.0147281751656445, 7.014728175175889, 7.014728175174706, 7.014728175219017, 7.014728175218105, 7.014728175148959, 7.014728175210314, 7.0147281751378445, 7.022102598369749, 7.022102598364922, 7.022102598447265, 7.022102598315178, 7.022102598316905, 7.02210259830359, 7.0221025983729115, 7.0221025982225305, 7.022102598300628, 7.022102598420001, 7.022102598343288, 7.02210259838277, 7.022102598365383, 7.022102598371103, 7.022102598370154, 7.022102598369752, 7.022102598398768, 7.022102598379327, 7.022102598391693, 7.022102598353834, 7.022102598389861, 7.017026035815408, 7.017026035887688, 7.01702603594299, 7.0170260358097645, 7.017026035732842, 7.017026035731285, 7.0170260358504715, 7.017026035704817, 7.017026035753252, 7.017026035758646, 7.017026035758288, 7.017026035819067, 7.017026035816737, 7.017026035827301, 7.017026035814078, 7.017026035815413, 7.017026035823211, 7.0170260357912095, 7.01702603584755, 7.017026035791043, 7.017026035851431, 7.024474308809576, 7.024474308933124, 7.024474308928479, 7.024474308867735, 7.024474308747031, 7.024474308748404, 7.024474308832535, 7.024474308748696, 7.024474308796547, 7.024474308695954, 7.024474308745087, 7.0244743088236845, 7.024474308806137, 7.024474308826942, 7.024474308807169, 7.024474308809567, 7.024474308800647, 7.024474308781041, 7.024474308815125, 7.0244743088196575, 7.024474308813066, 7.0437903626611735, 7.043790362774596, 7.043790362711226, 7.043790362744529, 7.04379036265705, 7.043790362655398, 7.043790362658432, 7.043790362649853, 7.043790362690266, 7.043790362589923, 7.043790362610421, 7.043790362685375, 7.0437903626505305, 7.0437903626772655, 7.043790362659075, 7.043790362661178, 7.043790362642725, 7.043790362642926, 7.043790362640309, 7.043790362702927, 7.043790362628875, 7.048501757025164, 7.048501757075932, 7.048501756985979, 7.048501757063387, 7.048501757082718, 7.048501757076851, 7.048501757015173, 7.048501757052049, 7.0485017570522235, 7.048501757062992, 7.048501756997771, 7.048501757046106, 7.04850175701761, 7.048501757036527, 7.048501757024172, 7.048501757025166, 7.0485017570025175, 7.048501757003477, 7.048501757006524, 7.048501757061103, 7.04850175699324, 7.034770533997691, 7.03477053398356, 7.034770533907391, 7.034770533965157, 7.034770534084802, 7.034770534076461, 7.034770533998333, 7.034770534047111, 7.034770533994243, 7.034770534129574, 7.034770533991966, 7.03477053400625, 7.034770533997962, 7.034770534005339, 7.034770533997577, 7.034770533997703, 7.034770533974787, 7.034770533956724, 7.03477053400246, 7.034770534003241, 7.034770533992748, 7.037917599218536, 7.037917599190409, 7.037917599143537, 7.037917599161568, 7.037917599292626, 7.037917599283265, 7.037917599224383, 7.037917599280049, 7.037917599202426, 7.037917599365268, 7.037917599228824, 7.0379175992207275, 7.037917599211537, 7.037917599225145, 7.0379175992187815, 7.037917599218531, 7.037917599197718, 7.037917599167699, 7.037917599235914, 7.0379175992077805, 7.037917599228664, 7.060371010148003, 7.06037101016965, 7.060371010137958, 7.060371010130081, 7.060371010178866, 7.0603710101697095, 7.060371010144665, 7.060371010213552, 7.060371010150804, 7.0603710102353245, 7.0603710101687405, 7.060371010154667, 7.060371010116383, 7.06037101015518, 7.060371010148281, 7.060371010148014, 7.060371010130512, 7.060371010115251, 7.060371010155642, 7.060371010147339, 7.060371010148038, 7.069637026728292, 7.069637026825547, 7.069637026789967, 7.06963702676139, 7.069637026710859, 7.069637026701505, 7.0696370267172, 7.0696370267816775, 7.069637026755713, 7.069637026726373, 7.069637026751008, 7.069637026738571, 7.069637026672431, 7.069637026734783, 7.069637026728412, 7.069637026728282, 7.069637026718309, 7.069637026722007, 7.069637026725146, 7.069637026739326, 7.0696370267170625, 7.069051474735464, 7.069051474868226, 7.069051474829195, 7.069051474776042, 7.069051474693992, 7.069051474679179, 7.069051474733158, 7.069051474757344, 7.06905147476672, 7.069051474670948, 7.069051474749799, 7.069051474738075, 7.069051474669007, 7.069051474736397, 7.0690514747354465, 7.069051474735478, 7.069051474740445, 7.069051474735927, 7.069051474740832, 7.069051474735274, 7.069051474735686, 7.077754018496286, 7.077754018591336, 7.07775401856589, 7.077754018510678, 7.07775401846746, 7.077754018439848, 7.077754018511184, 7.077754018481773, 7.077754018515935, 7.077754018430094, 7.077754018496103, 7.077754018485055, 7.077754018433779, 7.077754018487031, 7.077754018496195, 7.077754018496269, 7.077754018519297, 7.077754018488773, 7.077754018520512, 7.077754018472665, 7.077754018519918, 7.090432370682838, 7.090432370694963, 7.090432370696827, 7.0904323706858055, 7.090432370688918, 7.09043237064777, 7.090432370702557, 7.090432370649006, 7.090432370698708, 7.090432370664777, 7.090432370670735, 7.090432370666934, 7.090432370637188, 7.090432370664716, 7.090432370682685, 7.090432370682827, 7.090432370716203, 7.090432370677488, 7.090432370711661, 7.090432370653659, 7.090432370711925, 7.0954203237031015, 7.095420323641347, 7.095420323669791, 7.095420323722935, 7.095420323740579, 7.09542032369527, 7.095420323708078, 7.095420323677684, 7.0954203237294795, 7.095420323742227, 7.095420323688819, 7.095420323698496, 7.095420323684989, 7.095420323682902, 7.095420323702767, 7.095420323703099, 7.09542032373286, 7.09542032371594, 7.095420323715087, 7.095420323694067, 7.095420323711941, 7.095241492068899, 7.095241491978849, 7.095241492020926, 7.095241492096104, 7.095241492117852, 7.095241492082072, 7.095241492056056, 7.095241492071754, 7.0952414921006906, 7.09524149213168, 7.095241492061214, 7.095241492078665, 7.095241492084322, 7.095241492053843, 7.095241492068318, 7.0952414920689, 7.095241492083897, 7.0952414920925415, 7.095241492063904, 7.095241492079148, 7.095241492058429, 7.099322732387025, 7.099322732397408, 7.0993227323677655, 7.09932273239467, 7.099322732417745, 7.099322732413825, 7.099322732370325, 7.09932273242434, 7.099322732392337, 7.099322732407355, 7.099322732389219, 7.099322732399803, 7.099322732436975, 7.099322732381499, 7.0993227323862955, 7.099322732387018, 7.099322732379808, 7.099322732417032, 7.099322732382368, 7.099322732393411, 7.09932273238073, 7.09208882479601, 7.0920888247032865, 7.09208882482206, 7.092088824762538, 7.0920888247947556, 7.092088824824765, 7.0920888247873055, 7.09208882485464, 7.092088824765291, 7.092088824743089, 7.092088824806897, 7.092088824803544, 7.092088824868538, 7.09208882480029, 7.092088824795287, 7.092088824795999, 7.09208882476894, 7.092088824817491, 7.092088824802787, 7.092088824783996, 7.0920888248086085, 7.088162348043274, 7.0881623479240545, 7.088162348091157, 7.08816234798632, 7.088162348024693, 7.088162348062649, 7.0881623480362235, 7.088162348096311, 7.088162348003631, 7.08816234795333, 7.088162348059692, 7.088162348050648, 7.0881623481129195, 7.088162348051554, 7.0881623480426565, 7.088162348043285, 7.088162348012807, 7.088162348051131, 7.0881623480522755, 7.088162348027289, 7.088162348060273, 7.100740621085137, 7.100740621025131, 7.100740621119592, 7.100740621048003, 7.100740621072009, 7.100740621090221, 7.1007406210681765, 7.100740621106748, 7.100740621066947, 7.100740621024373, 7.100740621102221, 7.100740621100524, 7.100740621129316, 7.100740621089413, 7.1007406210845785, 7.100740621085135, 7.100740621070398, 7.100740621091128, 7.100740621081502, 7.100740621088166, 7.100740621083128, 7.107908574931039, 7.107908574928375, 7.107908574941089, 7.10790857493794, 7.10790857492914, 7.107908574924842, 7.10790857490901, 7.107908574911368, 7.107908574932759, 7.107908574928203, 7.107908574942588, 7.107908574951405, 7.10790857494598, 7.107908574927519, 7.107908574930534, 7.10790857493104, 7.107908574938232, 7.107908574949655, 7.107908574916357, 7.107908574952287, 7.1079085749103825, 7.10786842549655, 7.107868425501294, 7.1078684254938755, 7.107868425525796, 7.107868425498271, 7.107868425487897, 7.107868425489903, 7.1078684254453375, 7.107868425488298, 7.107868425522011, 7.107868425497107, 7.107868425507599, 7.10786842549364, 7.107868425486772, 7.107868425496108, 7.107868425496555, 7.107868425518916, 7.107868425527533, 7.107868425490408, 7.107868425509724, 7.107868425483378, 7.1066888682035225, 7.106688868203064, 7.106688868190921, 7.106688868204121, 7.106688868209856, 7.106688868196011, 7.106688868222835, 7.106688868138604, 7.106688868181527, 7.106688868231508, 7.106688868193324, 7.106688868197776, 7.106688868193319, 7.106688868192701, 7.106688868203243, 7.106688868203508, 7.106688868230808, 7.106688868208781, 7.106688868218379, 7.1066888681921565, 7.1066888682146, 7.107297460169735, 7.107297460170772, 7.107297460156539, 7.10729746015131, 7.107297460174952, 7.107297460164203, 7.107297460197358, 7.107297460115863, 7.10729746015609, 7.107297460179775, 7.107297460157543, 7.107297460160162, 7.107297460157882, 7.1072974601640695, 7.107297460169518, 7.107297460169733, 7.107297460190102, 7.107297460151236, 7.107297460188226, 7.107297460154515, 7.1072974601847125, 7.108447476819206, 7.108447476838318, 7.10844747681543, 7.108447476823784, 7.108447476815787, 7.1084474768153365, 7.108447476833045, 7.108447476796187, 7.1084474768338906, 7.108447476809918, 7.10844747681331, 7.10844747682103, 7.108447476807039, 7.108447476822951, 7.108447476818959, 7.108447476819204, 7.108447476823525, 7.1084474768039705, 7.108447476818686, 7.108447476827826, 7.108447476810447, 7.105654541180667, 7.105654541216862, 7.105654541186128, 7.10565454120882, 7.105654541168931, 7.105654541180253, 7.105654541182703, 7.105654541192033, 7.105654541212511, 7.105654541166002, 7.105654541181985, 7.10565454119154, 7.10565454117046, 7.105654541193197, 7.105654541180369, 7.105654541180661, 7.105654541167869, 7.105654541175076, 7.105654541165352, 7.105654541207441, 7.105654541153921, 7.104691710486345, 7.104691710520152, 7.104691710490103, 7.104691710497599, 7.104691710474778, 7.104691710492578, 7.104691710496498, 7.104691710517664, 7.10469171050394, 7.104691710482863, 7.1046917104901075, 7.104691710491512, 7.104691710482264, 7.10469171050245, 7.104691710486058, 7.104691710486345, 7.104691710464384, 7.1046917104728164, 7.104691710480735, 7.104691710500424, 7.1046917104723395, 7.104660461385291, 7.1046604614057, 7.104660461378088, 7.104660461369025, 7.1046604613799245, 7.104660461398019, 7.104660461410526, 7.104660461418323, 7.1046604613758175, 7.104660461404063, 7.104660461388085, 7.10466046137906, 7.104660461385827, 7.104660461399227, 7.104660461385023, 7.104660461385308, 7.104660461364981, 7.104660461361493, 7.104660461399097, 7.104660461374856, 7.10466046139579, 7.10667997831369, 7.106679978329816, 7.1066799782964525, 7.106679978307038, 7.1066799783135295, 7.106679978328096, 7.106679978337707, 7.106679978337651, 7.106679978297853, 7.106679978350166, 7.106679978317182, 7.106679978306842, 7.10667997830913, 7.106679978322182, 7.1066799783134424, 7.106679978313687, 7.106679978302169, 7.106679978301281, 7.106679978329114, 7.106679978300986, 7.106679978326483, 7.110047797103107, 7.110047797124539, 7.110047797082511, 7.110047797126965, 7.1100477971050955, 7.11004779711347, 7.110047797110828, 7.110047797112913, 7.110047797105432, 7.110047797136416, 7.110047797109602, 7.110047797106102, 7.11004779708741, 7.110047797104939, 7.110047797102869, 7.110047797103117, 7.110047797102938, 7.110047797110718, 7.110047797102949, 7.110047797109253, 7.110047797097105, 7.112263000438182, 7.1122630004595235, 7.1122630004201675, 7.112263000459719, 7.112263000440944, 7.112263000440971, 7.1122630004375775, 7.112263000431909, 7.112263000456186, 7.1122630004460365, 7.112263000445106, 7.112263000445688, 7.112263000416628, 7.112263000433493, 7.112263000438026, 7.112263000438191, 7.112263000448644, 7.1122630004426854, 7.1122630004308505, 7.112263000452864, 7.112263000423584, 7.1136345704936765, 7.11363457050727, 7.113634570484279, 7.113634570482323, 7.113634570493572, 7.113634570487602, 7.113634570500135, 7.113634570475643, 7.113634570509105, 7.113634570473853, 7.113634570496424, 7.113634570494886, 7.113634570476733, 7.113634570484906, 7.113634570493626, 7.113634570493681, 7.113634570509957, 7.113634570477251, 7.113634570495864, 7.113634570496246, 7.113634570491125, 7.114724426439398, 7.1147244264490865, 7.114724426444369, 7.114724426421323, 7.114724426429732, 7.114724426425541, 7.114724426451906, 7.114724426420111, 7.1147244264450356, 7.114724426415688, 7.114724426436919, 7.1147244264349, 7.114724426434384, 7.114724426431131, 7.114724426439462, 7.114724426439402, 7.114724426453498, 7.114724426421241, 7.114724426450357, 7.114724426431074, 7.114724426447747, 7.116293871629412, 7.116293871637699, 7.116293871645868, 7.116293871642226, 7.116293871610719, 7.116293871613737, 7.116293871635841, 7.116293871618947, 7.116293871631366, 7.116293871626013, 7.116293871625054, 7.116293871627983, 7.116293871637022, 7.116293871625015, 7.116293871629557, 7.116293871629413, 7.116293871635913, 7.116293871634722, 7.116293871636711, 7.116293871625992, 7.116293871632871, 7.116701875069699, 7.116701875065487, 7.116701875083246, 7.1167018750957345, 7.116701875054966, 7.1167018750621525, 7.116701875066594, 7.116701875071268, 7.116701875072004, 7.116701875085133, 7.116701875067662, 7.116701875074117, 7.116701875086283, 7.116701875068828, 7.116701875069873, 7.1167018750697055, 7.116701875069047, 7.116701875087626, 7.116701875070225, 7.116701875074583, 7.116701875064831, 7.116567762658061, 7.11656776263302, 7.1165677626560155, 7.116567762652177, 7.116567762659874, 7.116567762665266, 7.116567762652756, 7.1165677626677795, 7.11656776265701, 7.116567762671268, 7.116567762659732, 7.116567762663269, 7.116567762679539, 7.116567762658521, 7.116567762658245, 7.116567762658061, 7.116567762653777, 7.1165677626597, 7.1165677626592085, 7.1165677626613775, 7.116567762654704, 7.115879883882979, 7.115879883900263, 7.115879883871525, 7.115879883852905, 7.115879883896411, 7.115879883902239, 7.11587988387821, 7.115879883896184, 7.11587988387507, 7.1158798838772634, 7.1158798838876285, 7.115879883887232, 7.11587988390527, 7.115879883883581, 7.115879883883155, 7.115879883882976, 7.1158798838772475, 7.115879883875459, 7.115879883886156, 7.115879883882901, 7.11587988388294, 7.116010116078845, 7.1160101160551985, 7.116010116075208, 7.116010116069376, 7.116010116088054, 7.1160101161000116, 7.11601011607178, 7.116010116091292, 7.116010116065698, 7.116010116056918, 7.1160101160846665, 7.116010116084615, 7.116010116097723, 7.116010116079626, 7.116010116079087, 7.1160101160788445, 7.1160101160728795, 7.116010116091498, 7.116010116079816, 7.1160101160815765, 7.116010116075948, 7.116980223546791, 7.116980223512971, 7.1169802235531625, 7.11698022355725, 7.116980223547633, 7.11698022355934, 7.116980223540279, 7.116980223550919, 7.116980223533652, 7.1169802235260216, 7.116980223550829, 7.116980223551979, 7.116980223558704, 7.116980223547302, 7.1169802235471495, 7.116980223546804, 7.116980223543502, 7.116980223570472, 7.1169802235480315, 7.116980223549979, 7.116980223543477, 7.118699710676386, 7.118699710675106, 7.118699710684752, 7.118699710676549, 7.118699710674102, 7.1186997106766405, 7.118699710675279, 7.118699710667464, 7.11869971066774, 7.118699710667597, 7.118699710677052, 7.118699710677328, 7.118699710679648, 7.118699710675851, 7.1186997106768155, 7.118699710676385, 7.118699710678272, 7.118699710684286, 7.1186997106827175, 7.118699710674009, 7.1186997106787375, 7.118647186095877, 7.118647186133877, 7.11864718610186, 7.118647186084003, 7.11864718609368, 7.118647186086478, 7.1186471860969815, 7.11864718607766, 7.118647186097476, 7.118647186101832, 7.118647186094098, 7.118647186094969, 7.11864718609047, 7.118647186094533, 7.118647186096366, 7.118647186095868, 7.118647186102097, 7.1186471860855045, 7.118647186103731, 7.118647186092358, 7.118647186099464, 7.118664396241433, 7.118664396285578, 7.118664396247773, 7.118664396242828, 7.118664396237887, 7.118664396228866, 7.118664396238627, 7.118664396223654, 7.118664396254224, 7.11866439625522, 7.118664396238974, 7.118664396243224, 7.118664396229991, 7.118664396240436, 7.118664396242034, 7.1186643962414315, 7.118664396247923, 7.118664396234134, 7.1186643962439256, 7.118664396245247, 7.11866439623774, 7.119755147807901, 7.1197551478251935, 7.1197551478156935, 7.119755147823771, 7.119755147803746, 7.119755147800141, 7.11975514780434, 7.1197551477984735, 7.119755147821419, 7.119755147814467, 7.11975514780536, 7.119755147810187, 7.119755147796068, 7.119755147807888, 7.119755147808609, 7.119755147807889, 7.119755147811243, 7.119755147812299, 7.11975514780814, 7.119755147814671, 7.119755147801266, 7.120430503843451, 7.120430503829559, 7.120430503848378, 7.12043050384833, 7.120430503843047, 7.120430503846074, 7.12043050384673, 7.1204305038446885, 7.120430503845721, 7.12043050383349, 7.1204305038410665, 7.120430503840893, 7.120430503836125, 7.120430503844223, 7.120430503844209, 7.120430503843452, 7.120430503842988, 7.120430503848308, 7.120430503849868, 7.12043050384217, 7.12043050384491, 7.120127610237515, 7.120127610209362, 7.120127610236141, 7.120127610225774, 7.120127610242417, 7.120127610249392, 7.120127610244709, 7.12012761024825, 7.1201276102313065, 7.120127610220895, 7.120127610237052, 7.120127610232243, 7.120127610234061, 7.120127610238842, 7.120127610238255, 7.120127610237517, 7.120127610234051, 7.120127610237925, 7.120127610247807, 7.120127610230686, 7.12012761024439, 7.120490811979147, 7.120490811956707, 7.120490811973457, 7.120490811970958, 7.120490811985643, 7.120490811993068, 7.120490811980076, 7.120490811995868, 7.1204908119770405, 7.120490811975282, 7.120490811982086, 7.1204908119783665, 7.120490811975308, 7.120490811980976, 7.1204908119798125, 7.120490811979133, 7.120490811973996, 7.120490811981946, 7.12049081198345, 7.120490811979301, 7.120490811978789, 7.120923398237166, 7.120923398233718, 7.120923398231425, 7.120923398238838, 7.120923398240584, 7.120923398245018, 7.1209233982314455, 7.120923398253165, 7.120923398242239, 7.120923398251876, 7.120923398241515, 7.120923398241115, 7.120923398231835, 7.12092339823918, 7.1209233982377675, 7.120923398237161, 7.1209233982323905, 7.120923398240636, 7.120923398235281, 7.1209233982448445, 7.1209233982291895, 7.121368152870034, 7.12136815288382, 7.1213681528675234, 7.12136815286878, 7.121368152868524, 7.121368152868217, 7.121368152867284, 7.121368152878227, 7.121368152873729, 7.121368152889538, 7.121368152871415, 7.121368152871826, 7.121368152866204, 7.121368152871403, 7.121368152870496, 7.121368152870032, 7.121368152867796, 7.12136815286408, 7.1213681528717, 7.121368152873399, 7.121368152866555, 7.1216652308449, 7.121665230856485, 7.1216652308472845, 7.121665230842705, 7.121665230838975, 7.121665230835723, 7.121665230847931, 7.121665230843276, 7.121665230843921, 7.121665230853491, 7.121665230841964, 7.121665230842594, 7.121665230844112, 7.121665230844828, 7.12166523084531, 7.121665230844892, 7.12166523084589, 7.121665230833188, 7.121665230852422, 7.1216652308412804, 7.121665230848744, 7.121823738685474, 7.1218237386777945, 7.121823738690452, 7.121823738695943, 7.121823738678322, 7.121823738675043, 7.121823738687398, 7.121823738677161, 7.1218237386858245, 7.121823738679689, 7.121823738681198, 7.121823738684011, 7.1218237386860395, 7.121823738683613, 7.121823738685906, 7.121823738685464, 7.12182373868911, 7.121823738681416, 7.1218237386911785, 7.1218237386841805, 7.121823738687109, 7.121924475523234, 7.121924475503062, 7.121924475524009, 7.1219244755378135, 7.121924475520586, 7.121924475517511, 7.121924475520569, 7.121924475512489, 7.121924475526995, 7.12192447551023, 7.121924475520943, 7.121924475525004, 7.121924475524276, 7.121924475520014, 7.121924475523717, 7.121924475523223, 7.1219244755284015, 7.12192447552575, 7.121924475524029, 7.12192447552742, 7.121924475519221, 7.122369162004644, 7.122369161991696, 7.122369161997241, 7.122369162002415, 7.122369162008861, 7.1223691620051826, 7.122369162001137, 7.122369161995285, 7.122369162005938, 7.1223691619956195, 7.122369162004863, 7.1223691620069, 7.122369162007656, 7.1223691620016005, 7.1223691620050475, 7.122369162004647, 7.122369162009253, 7.122369162002452, 7.122369162005296, 7.122369162007659, 7.122369162001607, 7.122647126711073, 7.1226471267110565, 7.12264712670121, 7.122647126697818, 7.122647126716638, 7.122647126714176, 7.122647126708446, 7.122647126706811, 7.122647126706915, 7.122647126715808, 7.122647126712901, 7.122647126712668, 7.1226471267172355, 7.122647126710322, 7.122647126711311, 7.122647126711079, 7.122647126712316, 7.122647126706294, 7.122647126713608, 7.122647126710459, 7.122647126711556, 7.122758533352298, 7.122758533355675, 7.122758533348627, 7.122758533349382, 7.1227585333523304, 7.12275853335342, 7.122758533348512, 7.122758533354719, 7.122758533346525, 7.122758533369012, 7.122758533354758, 7.122758533354683, 7.122758533360613, 7.122758533354734, 7.122758533352422, 7.122758533352301, 7.122758533348703, 7.122758533354747, 7.1227585333539665, 7.122758533352146, 7.1227585333522505, 7.123008357030676, 7.123008357031334, 7.123008357033564, 7.12300835703581, 7.1230083570261815, 7.123008357029169, 7.123008357026834, 7.123008357036536, 7.123008357027214, 7.123008357043128, 7.1230083570325196, 7.123008357033087, 7.123008357039167, 7.123008357035078, 7.12300835703074, 7.123008357030674, 7.123008357024131, 7.123008357035657, 7.123008357031462, 7.123008357031682, 7.123008357029499, 7.123399529560234, 7.123399529559709, 7.1233995295629455, 7.123399529557922, 7.123399529557709, 7.123399529558416, 7.123399529559105, 7.123399529563786, 7.1233995295601655, 7.12339952955543, 7.123399529560542, 7.123399529560628, 7.123399529566714, 7.123399529563995, 7.123399529560306, 7.123399529560237, 7.123399529554819, 7.123399529557213, 7.123399529562373, 7.123399529559949, 7.123399529560501, 7.123549379706382, 7.123549379704898, 7.123549379705063, 7.12354937970247, 7.123549379708478, 7.123549379705423, 7.123549379706483, 7.12354937970475, 7.123549379710259, 7.123549379691356, 7.123549379705663, 7.123549379705865, 7.1235493797084715, 7.1235493797075735, 7.123549379706509, 7.12354937970639, 7.1235493797049605, 7.123549379700647, 7.1235493797086935, 7.123549379706347, 7.123549379706495, 7.123674345594887, 7.123674345592908, 7.123674345591034, 7.123674345602466, 7.123674345598877, 7.1236743455937415, 7.123674345594034, 7.1236743455893325, 7.123674345600502, 7.123674345586343, 7.12367434559411, 7.123674345595052, 7.123674345592031, 7.123674345593552, 7.123674345595032, 7.123674345594889, 7.123674345597318, 7.123674345597225, 7.1236743455960365, 7.123674345596445, 7.123674345593383, 7.123746288601763, 7.123746288604566, 7.123746288597568, 7.123746288611017, 7.123746288605062, 7.123746288599353, 7.123746288601965, 7.123746288595566, 7.123746288604031, 7.1237462886048135, 7.123746288601196, 7.123746288601304, 7.123746288596031, 7.123746288599476, 7.123746288601815, 7.123746288601768, 7.1237462886058704, 7.1237462886079586, 7.123746288604379, 7.1237462886012555, 7.123746288602314, 7.123855703667605, 7.123855703676319, 7.123855703665051, 7.1238557036636445, 7.123855703668992, 7.123855703664162, 7.12385570366959, 7.123855703664763, 7.123855703665965, 7.123855703674661, 7.123855703667637, 7.123855703666024, 7.1238557036614765, 7.12385570366622, 7.123855703667496, 7.123855703667598, 7.123855703670542, 7.123855703668836, 7.123855703672236, 7.123855703664232, 7.123855703670985, 7.123983817505653, 7.123983817511205, 7.123983817507282, 7.123983817495746, 7.123983817503953, 7.123983817502256, 7.123983817505727, 7.123983817509224, 7.123983817505574, 7.123983817509411, 7.12398381750688, 7.123983817505655, 7.12398381750016, 7.12398381750611, 7.1239838175054215, 7.123983817505654, 7.123983817505226, 7.123983817505417, 7.123983817507737, 7.123983817505328, 7.12398381750588, 7.124036085700397, 7.124036085696564, 7.124036085705423, 7.1240360856957246, 7.124036085696768, 7.1240360856985205, 7.124036085698054, 7.124036085709221, 7.124036085703356, 7.124036085698719, 7.124036085701695, 7.124036085702297, 7.124036085696663, 7.124036085702215, 7.124036085700121, 7.124036085700407, 7.124036085697006, 7.124036085703899, 7.124036085699047, 7.124036085704571, 7.124036085696113, 7.124187794626051, 7.124187794619299, 7.124187794628946, 7.124187794623045, 7.124187794624642, 7.124187794626618, 7.12418779462608, 7.124187794634752, 7.124187794627068, 7.124187794620383, 7.124187794625171, 7.124187794626334, 7.124187794625417, 7.1241877946276135, 7.124187794625755, 7.124187794626045, 7.124187794622624, 7.124187794629168, 7.124187794626594, 7.124187794628111, 7.124187794624048, 7.124352262948589, 7.124352262947752, 7.124352262945848, 7.124352262945942, 7.124352262951491, 7.124352262950743, 7.1243522629517555, 7.1243522629528355, 7.124352262946565, 7.124352262944634, 7.124352262945589, 7.124352262946686, 7.124352262950099, 7.1243522629487686, 7.124352262948257, 7.124352262948586, 7.124352262947596, 7.124352262948964, 7.1243522629524465, 7.124352262946529, 7.124352262950932, 7.124451926475221, 7.124451926481061, 7.124451926469513, 7.124451926479641, 7.124451926479789, 7.12445192647644, 7.12445192647659, 7.12445192647485, 7.124451926474792, 7.124451926477234, 7.1244519264728625, 7.124451926474683, 7.124451926476007, 7.124451926474197, 7.124451926474872, 7.1244519264752375, 7.12445192647663, 7.124451926476643, 7.124451926477632, 7.1244519264745545, 7.124451926476101, 7.124520174488087, 7.124520174496515, 7.124520174484021, 7.124520174495257, 7.124520174490746, 7.124520174486523, 7.124520174486274, 7.1245201744850375, 7.124520174490066, 7.124520174491741, 7.1245201744881586, 7.124520174489921, 7.124520174487497, 7.124520174486897, 7.124520174487717, 7.124520174488098, 7.12452017449034, 7.124520174489326, 7.1245201744876665, 7.124520174490333, 7.1245201744858315, 7.124614048360836, 7.124614048366523, 7.124614048360928, 7.124614048360379, 7.124614048360061, 7.124614048356957, 7.124614048359485, 7.124614048357245, 7.124614048360903, 7.12461404835916, 7.124614048362611, 7.1246140483624565, 7.1246140483608915, 7.12461404836043, 7.124614048360428, 7.124614048360835, 7.124614048362471, 7.124614048358065, 7.124614048361154, 7.124614048361579, 7.124614048359921, 7.1246464341072615, 7.124646434105244, 7.124646434111248, 7.1246464341034885, 7.124646434103487, 7.124646434103218, 7.124646434107308, 7.124646434105064, 7.124646434104679, 7.124646434102058, 7.124646434109571, 7.124646434108012, 7.124646434109246, 7.124646434107861, 7.124646434106863, 7.124646434107266, 7.124646434107437, 7.124646434105071, 7.124646434108902, 7.124646434106039, 7.124646434108295, 7.124713432422654, 7.124713432415151, 7.124713432426556, 7.124713432423187, 7.124713432419086, 7.124713432421119, 7.124713432422196, 7.124713432422291, 7.12471343242106, 7.124713432420703, 7.124713432424608, 7.124713432423849, 7.124713432426069, 7.124713432423626, 7.124713432422328, 7.124713432422653, 7.12471343242182, 7.124713432425709, 7.1247134324232, 7.124713432422577, 7.124713432422549, 7.124782588795858, 7.124782588792106, 7.1247825887947265, 7.124782588794962, 7.124782588796454, 7.1247825887981255, 7.124782588795401, 7.124782588795888, 7.1247825887967515, 7.124782588798493, 7.12478258879653, 7.124782588797065, 7.124782588799991, 7.124782588796484, 7.124782588795623, 7.12478258879586, 7.124782588795275, 7.124782588798649, 7.124782588795658, 7.12478258879672, 7.124782588794942, 7.124801136626325, 7.124801136629219, 7.124801136621046, 7.124801136621174, 7.124801136630268, 7.124801136630449, 7.124801136627256, 7.1248011366257975, 7.124801136628486, 7.124801136630516, 7.124801136625408, 7.12480113662656, 7.124801136630423, 7.124801136626572, 7.12480113662613, 7.1248011366263295, 7.124801136626384, 7.124801136624747, 7.124801136626955, 7.124801136626395, 7.124801136626347, 7.124885419440064, 7.124885419442305, 7.124885419437007, 7.1248854194403295, 7.1248854194420375, 7.124885419442269, 7.124885419441473, 7.124885419439634, 7.124885419442538, 7.124885419443307, 7.124885419438738, 7.124885419439979, 7.124885419442749, 7.124885419440379, 7.124885419439838, 7.124885419440063, 7.124885419440062, 7.124885419438866, 7.12488541944097, 7.1248854194402105, 7.124885419440036, 7.124937745566286, 7.124937745563621, 7.124937745568153, 7.124937745572836, 7.124937745564182, 7.124937745565165, 7.1249377455675615, 7.1249377455663145, 7.124937745567907, 7.124937745566072, 7.124937745565896, 7.12493774556632, 7.124937745566572, 7.124937745566845, 7.124937745566019, 7.124937745566274, 7.124937745566019, 7.124937745566776, 7.1249377455672205, 7.124937745566739, 7.124937745565838, 7.124959039690261, 7.124959039686881, 7.124959039693389, 7.12495903969258, 7.124959039687232, 7.124959039687818, 7.124959039691746, 7.124959039690083, 7.124959039690212, 7.124959039686224, 7.124959039691342, 7.124959039690173, 7.124959039688239, 7.124959039690641, 7.124959039689984, 7.1249590396902684, 7.1249590396904745, 7.124959039687888, 7.124959039691835, 7.124959039690065, 7.124959039690356, 7.125010744351905, 7.1250107443507495, 7.125010744352629, 7.1250107443496775, 7.125010744350782, 7.12501074435069, 7.125010744352684, 7.125010744351435, 7.125010744351498, 7.125010744349426, 7.125010744354037, 7.12501074435232, 7.12501074434829, 7.125010744351714, 7.125010744351611, 7.125010744351917, 7.125010744352924, 7.125010744348448, 7.125010744353034, 7.125010744352131, 7.1250107443514645, 7.125069243722738, 7.12506924372229, 7.12506924372123, 7.125069243723083, 7.125069243723346, 7.1250692437235745, 7.125069243722588, 7.12506924372268, 7.125069243722956, 7.125069243726112, 7.125069243724476, 7.125069243723724, 7.125069243719241, 7.125069243722164, 7.125069243722493, 7.125069243722743, 7.125069243724012, 7.125069243723266, 7.12506924372292, 7.125069243724091, 7.125069243721219, 7.125116190526313, 7.125116190525769, 7.125116190524356, 7.125116190526762, 7.125116190527523, 7.125116190528413, 7.125116190527314, 7.125116190526898, 7.125116190526082, 7.125116190531454, 7.125116190526132, 7.125116190526372, 7.125116190525027, 7.125116190525885, 7.125116190526121, 7.125116190526314, 7.125116190527082, 7.125116190528389, 7.1251161905273745, 7.125116190526627, 7.1251161905260005, 7.125168954727251, 7.125168954726442, 7.125168954726747, 7.125168954724414, 7.125168954727803, 7.125168954729188, 7.125168954729509, 7.125168954728414, 7.125168954727118, 7.125168954728366, 7.125168954725376, 7.125168954726298, 7.125168954728346, 7.125168954727382, 7.125168954727091, 7.125168954727265, 7.125168954727075, 7.125168954727122, 7.125168954729232, 7.125168954726601, 7.125168954728078, 7.125210312226395, 7.12521031222468, 7.125210312228427, 7.125210312225244, 7.125210312225289, 7.125210312226943, 7.125210312227316, 7.12521031222793, 7.125210312228254, 7.125210312224074, 7.125210312224763, 7.125210312226255, 7.125210312227973, 7.12521031222699, 7.125210312226253, 7.125210312226391, 7.1252103122254296, 7.125210312226046, 7.125210312226907, 7.125210312227549, 7.125210312225404, 7.125250077632896, 7.125250077632279, 7.125250077635565, 7.125250077634522, 7.125250077631249, 7.125250077632259, 7.12525007763239, 7.125250077633607, 7.1252500776349565, 7.125250077630624, 7.125250077632676, 7.125250077633668, 7.125250077633835, 7.125250077633405, 7.125250077632775, 7.1252500776328995, 7.1252500776322085, 7.125250077633211, 7.125250077632513, 7.125250077634861, 7.125250077630931, 7.125285714344565, 7.125285714347371, 7.125285714345012, 7.1252857143446064, 7.12528571434436, 7.125285714343913, 7.125285714344666, 7.125285714343357, 7.125285714343686, 7.125285714344008, 7.125285714345515, 7.125285714344788, 7.125285714345107, 7.125285714344475, 7.12528571434444, 7.125285714344565, 7.125285714345105, 7.125285714343848, 7.125285714345704, 7.125285714344232, 7.125285714344808, 7.125292070576657, 7.125292070580483, 7.125292070575165, 7.125292070576895, 7.125292070577843, 7.125292070576705, 7.125292070576778, 7.125292070574479, 7.125292070574275, 7.125292070577987, 7.125292070578396, 7.1252920705767595, 7.125292070576944, 7.12529207057608, 7.125292070576578, 7.125292070576659, 7.125292070577959, 7.125292070576782, 7.12529207057835, 7.12529207057535, 7.125292070577795, 7.125327851938731, 7.125327851940364, 7.12532785193761, 7.125327851940606, 7.125327851939831, 7.125327851939309, 7.125327851937711, 7.125327851937391, 7.125327851938094, 7.1253278519397405, 7.125327851940471, 7.125327851939573, 7.125327851939117, 7.125327851938215, 7.12532785193872, 7.125327851938734, 7.1253278519395895, 7.125327851940651, 7.125327851939081, 7.125327851939077, 7.125327851938189, 7.125364171143151, 7.1253641711432705, 7.12536417114347, 7.125364171142205, 7.12536417114341, 7.125364171143707, 7.1253641711425, 7.125364171143198, 7.12536417114394, 7.125364171141217, 7.125364171143579, 7.12536417114368, 7.125364171144597, 7.125364171143214, 7.125364171143197, 7.125364171143145, 7.125364171142927, 7.125364171143621, 7.125364171143277, 7.125364171143984, 7.12536417114225, 7.125378894897489, 7.125378894897351, 7.125378894899129, 7.125378894894902, 7.125378894896632, 7.125378894897527, 7.125378894898005, 7.1253788948985655, 7.125378894898296, 7.1253788948947525, 7.125378894896408, 7.125378894897147, 7.125378894899867, 7.125378894898038, 7.125378894897569, 7.125378894897483, 7.125378894896469, 7.1253788948968815, 7.125378894898388, 7.125378894897585, 7.125378894897506, 7.125406510272241, 7.125406510272343, 7.125406510273927, 7.1254065102728195, 7.125406510270955, 7.125406510271928, 7.125406510272648, 7.125406510273508, 7.125406510273036, 7.125406510272606, 7.125406510270894, 7.125406510271953, 7.125406510273901, 7.125406510272717, 7.1254065102723265, 7.12540651027224, 7.125406510271316, 7.125406510273448, 7.125406510273053, 7.125406510272502, 7.125406510272134, 7.12543272073349, 7.125432720735024, 7.125432720733073, 7.125432720734013, 7.125432720733589, 7.125432720733517, 7.125432720733384, 7.125432720733845, 7.125432720733849, 7.125432720735678, 7.125432720733077, 7.125432720733542, 7.125432720733372, 7.125432720733378, 7.125432720733609, 7.125432720733483, 7.125432720733514, 7.125432720734528, 7.125432720734106, 7.125432720733891, 7.125432720733116, 7.1254437639716475, 7.125443763973464, 7.125443763969526, 7.125443763969697, 7.125443763973022, 7.125443763971978, 7.125443763971482, 7.125443763971072, 7.125443763971181, 7.1254437639723625, 7.125443763972289, 7.125443763971738, 7.125443763969995, 7.125443763971046, 7.125443763971759, 7.125443763971658, 7.125443763972508, 7.125443763970863, 7.1254437639725055, 7.125443763971713, 7.125443763971518, 7.125458141596931, 7.125458141595913, 7.125458141595985, 7.1254581415972496, 7.125458141597308, 7.125458141596621, 7.125458141596607, 7.125458141596594, 7.1254581415962415, 7.125458141596038, 7.125458141598026, 7.125458141597128, 7.125458141594712, 7.125458141596461, 7.125458141597032, 7.125458141596919, 7.125458141597591, 7.125458141596967, 7.125458141597687, 7.125458141597242, 7.125458141596513, 7.125473455636859, 7.125473455634417, 7.125473455637638, 7.125473455639, 7.125473455635781, 7.12547345563579, 7.125473455636814, 7.1254734556372465, 7.125473455636404, 7.125473455635483, 7.125473455637341, 7.125473455636834, 7.125473455635303, 7.125473455636899, 7.125473455636976, 7.125473455636866, 7.125473455636745, 7.125473455637418, 7.125473455637685, 7.125473455637173, 7.125473455636508, 7.125492191655444, 7.12549219165526, 7.125492191655856, 7.125492191655023, 7.12549219165461, 7.125492191654559, 7.125492191655879, 7.125492191656101, 7.1254921916555505, 7.125492191654744, 7.125492191654853, 7.125492191655058, 7.125492191655113, 7.125492191655821, 7.125492191655569, 7.125492191655454, 7.125492191654855, 7.1254921916543195, 7.12549219165645, 7.125492191655438, 7.125492191655512, 7.125504855507028, 7.125504855508273, 7.12550485550619, 7.1255048555060965, 7.125504855507156, 7.125504855507045, 7.125504855507012, 7.125504855507526, 7.125504855508116, 7.125504855508376, 7.125504855506069, 7.125504855506907, 7.125504855507391, 7.1255048555073754, 7.1255048555071605, 7.125504855507027, 7.125504855506421, 7.125504855506191, 7.125504855507432, 7.125504855507541, 7.12550485550659, 7.125519304033815, 7.125519304033649, 7.125519304032439, 7.12551930403434, 7.125519304034359, 7.125519304034349, 7.125519304033447, 7.1255193040338805, 7.125519304034805, 7.125519304035969, 7.125519304033278, 7.125519304033951, 7.125519304034372, 7.125519304033985, 7.125519304033964, 7.125519304033817, 7.125519304033489, 7.12551930403473, 7.125519304034011, 7.1255193040344205, 7.125519304033262, 7.125536401199623, 7.125536401198014, 7.125536401198503, 7.12553640119888, 7.125536401200054, 7.125536401199915, 7.125536401199706, 7.1255364011990086, 7.125536401199186, 7.125536401199688, 7.125536401199769, 7.125536401199422, 7.125536401200329, 7.125536401199654, 7.1255364011997635, 7.125536401199613, 7.1255364011996125, 7.125536401200036, 7.125536401200533, 7.125536401199176, 7.12553640120007, 7.12554826483168, 7.125548264829898, 7.1255482648315125, 7.125548264830858, 7.125548264831374, 7.125548264831007, 7.125548264831375, 7.125548264830806, 7.125548264831111, 7.12554826483026, 7.125548264832542, 7.125548264831752, 7.125548264832064, 7.125548264831757, 7.125548264831786, 7.125548264831679, 7.125548264831719, 7.1255482648314565, 7.125548264832373, 7.125548264831403, 7.12554826483186, 7.1255619380259745, 7.125561938025552, 7.125561938026389, 7.1255619380269035, 7.125561938025109, 7.125561938024571, 7.125561938024978, 7.125561938025257, 7.125561938026294, 7.125561938025489, 7.1255619380270065, 7.125561938026536, 7.125561938026099, 7.12556193802611, 7.125561938026037, 7.125561938025972, 7.125561938025889, 7.125561938025962, 7.125561938025906, 7.125561938026593, 7.125561938025244, 7.1255795161821345, 7.125579516183699, 7.125579516181766, 7.125579516182426, 7.125579516181866, 7.125579516181026, 7.125579516181818, 7.12557951618152, 7.125579516182388, 7.125579516182636, 7.125579516182374, 7.125579516182222, 7.125579516182764, 7.125579516182233, 7.125579516182187, 7.12557951618213, 7.125579516182109, 7.125579516181474, 7.125579516182554, 7.125579516182159, 7.12557951618207, 7.1255935243060735, 7.125593524307232, 7.125593524304917, 7.125593524306072, 7.125593524306586, 7.125593524305891, 7.125593524306431, 7.125593524305872, 7.125593524306196, 7.125593524306812, 7.125593524305539, 7.125593524305664, 7.125593524307163, 7.125593524306076, 7.1255935243061215, 7.125593524306068, 7.125593524306032, 7.125593524305782, 7.125593524306959, 7.125593524305656, 7.125593524306567, 7.125606901543289, 7.12560690154233, 7.12560690154233, 7.125606901544014, 7.125606901543884, 7.125606901543728, 7.125606901543266, 7.125606901543877, 7.125606901543956, 7.1256069015434935, 7.125606901542849, 7.125606901543159, 7.1256069015440895, 7.125606901543257, 7.125606901543332, 7.125606901543291, 7.1256069015430334, 7.125606901544229, 7.125606901543627, 7.125606901543648, 7.125606901542978, 7.125619757391107, 7.125619757389758, 7.125619757390729, 7.12561975739017, 7.125619757391399, 7.125619757391313, 7.125619757390978, 7.125619757392015, 7.125619757391489, 7.1256197573902345, 7.125619757391117, 7.125619757391086, 7.1256197573913065, 7.125619757391164, 7.125619757391125, 7.125619757391105, 7.125619757390766, 7.12561975739136, 7.125619757391363, 7.125619757391616, 7.125619757390601, 7.1256311525827165, 7.12563115258246, 7.125631152583024, 7.12563115258132, 7.125631152582337, 7.1256311525820175, 7.125631152582769, 7.1256311525833755, 7.125631152582275, 7.125631152582221, 7.125631152583056, 7.125631152582585, 7.1256311525823035, 7.125631152582786, 7.125631152582687, 7.125631152582716, 7.125631152582505, 7.125631152582409, 7.12563115258329, 7.125631152582751, 7.12563115258261, 7.125640877809874, 7.125640877810529, 7.125640877810347, 7.1256408778105405, 7.1256408778092455, 7.125640877808733, 7.125640877809814, 7.125640877810021, 7.12564087780946, 7.125640877810823, 7.12564087781026, 7.125640877809828, 7.1256408778089835, 7.125640877809846, 7.125640877809818, 7.125640877809867, 7.125640877809929, 7.125640877810388, 7.125640877810407, 7.125640877809984, 7.125640877809717, 7.125652493371007, 7.125652493372159, 7.125652493370632, 7.1256524933711916, 7.1256524933712075, 7.125652493370374, 7.1256524933711, 7.125652493370572, 7.1256524933711045, 7.125652493371539, 7.125652493371091, 7.125652493370829, 7.125652493370202, 7.125652493370795, 7.1256524933709615, 7.125652493370998, 7.125652493371331, 7.125652493371074, 7.1256524933715335, 7.12565249337118, 7.12565249337082, 7.125663065094722, 7.125663065095099, 7.125663065093953, 7.125663065094145, 7.125663065095567, 7.125663065094856, 7.125663065094987, 7.12566306509426, 7.125663065095301, 7.12566306509397, 7.125663065094467, 7.125663065094392, 7.125663065094398, 7.125663065094537, 7.125663065094689, 7.125663065094722, 7.125663065094981, 7.125663065094507, 7.125663065095227, 7.125663065094967, 7.125663065094485, 7.125673778627141, 7.125673778626298, 7.125673778627154, 7.125673778627704, 7.125673778627472, 7.125673778627331, 7.125673778627399, 7.12567377862731, 7.125673778627754, 7.125673778626414, 7.125673778626878, 7.125673778626863, 7.125673778627315, 7.125673778627257, 7.125673778627112, 7.125673778627148, 7.125673778626953, 7.125673778627834, 7.125673778627561, 7.125673778627512, 7.125673778626807, 7.12568464981974, 7.125684649819628, 7.125684649820214, 7.125684649819634, 7.125684649819568, 7.125684649819638, 7.125684649820039, 7.125684649820242, 7.125684649819728, 7.125684649819641, 7.125684649819753, 7.125684649819466, 7.125684649820201, 7.125684649820092, 7.125684649819687, 7.125684649819745, 7.125684649819266, 7.125684649820078, 7.125684649820289, 7.125684649819802, 7.125684649819686, 7.125694313170526, 7.125694313171609, 7.125694313170742, 7.125694313169489, 7.125694313170454, 7.1256943131702455, 7.12569431317057, 7.125694313170806, 7.125694313170309, 7.12569431317105, 7.1256943131709445, 7.125694313170414, 7.125694313170873, 7.125694313170843, 7.125694313170444, 7.125694313170534, 7.125694313170191, 7.125694313170221, 7.125694313170953, 7.125694313170593, 7.125694313170407, 7.125705075917054, 7.125705075917602, 7.125705075916947, 7.125705075917126, 7.125705075917184, 7.1257050759168585, 7.125705075916785, 7.125705075916801, 7.125705075917148, 7.125705075917749, 7.125705075917664, 7.12570507591715, 7.125705075917231, 7.125705075917096, 7.125705075916982, 7.125705075917039, 7.125705075917063, 7.125705075917383, 7.125705075917179, 7.125705075917449, 7.1257050759165566, 7.125715452301182, 7.125715452300794, 7.125715452300849, 7.125715452301342, 7.125715452301498, 7.1257154523011055, 7.125715452301375, 7.125715452300424, 7.125715452301207, 7.125715452300863, 7.12571545230143, 7.1257154523009305, 7.125715452301663, 7.125715452301015, 7.125715452301143, 7.125715452301173, 7.125715452301535, 7.1257154523014785, 7.125715452301713, 7.125715452301218, 7.12571545230114, 7.12572562470598, 7.125725624705455, 7.125725624705844, 7.125725624705929, 7.125725624706152, 7.125725624705822, 7.125725624706427, 7.125725624705349, 7.1257256247062, 7.125725624705157, 7.1257256247058915, 7.125725624705559, 7.125725624706657, 7.125725624705809, 7.1257256247059715, 7.125725624705988, 7.125725624706273, 7.12572562470588, 7.1257256247066145, 7.12572562470599, 7.1257256247059875, 7.125736899211189, 7.12573689921113, 7.125736899211431, 7.125736899211628, 7.125736899210963, 7.12573689921083, 7.125736899211248, 7.125736899211236, 7.125736899211805, 7.125736899211313, 7.125736899211169, 7.125736899211045, 7.125736899211685, 7.125736899211194, 7.125736899211172, 7.125736899211196, 7.12573689921113, 7.125736899211216, 7.125736899211371, 7.125736899211763, 7.125736899210624, 7.125747646167629, 7.125747646168152, 7.125747646167709, 7.125747646167259, 7.125747646167427, 7.125747646167357, 7.1257476461678015, 7.125747646168091, 7.1257476461677305, 7.125747646168332, 7.125747646167731, 7.125747646167405, 7.1257476461679925, 7.125747646167731, 7.125747646167586, 7.125747646167628, 7.125747646167431, 7.125747646167285, 7.12574764616802, 7.125747646167934, 7.125747646167309, 7.12575877789773, 7.125758777897606, 7.125758777897527, 7.125758777897314, 7.125758777897783, 7.1257587778977305, 7.125758777898081, 7.125758777898186, 7.125758777897373, 7.125758777898323, 7.125758777898023, 7.125758777897354, 7.125758777897912, 7.125758777897781, 7.125758777897732, 7.125758777897729, 7.125758777897614, 7.125758777897655, 7.1257587778983655, 7.12575877789774, 7.125758777897692, 7.125770341535676, 7.125770341534606, 7.125770341535347, 7.12577034153593, 7.125770341535868, 7.125770341535861, 7.1257703415357945, 7.125770341535875, 7.125770341535671, 7.125770341535753, 7.1257703415360725, 7.125770341535425, 7.125770341535587, 7.125770341535614, 7.125770341535696, 7.125770341535662, 7.125770341535702, 7.1257703415361, 7.1257703415360965, 7.125770341536014, 7.125770341535274, 7.125782612928965, 7.12578261292848, 7.125782612928687, 7.125782612928654, 7.125782612929152, 7.125782612928911, 7.12578261292915, 7.125782612928716, 7.125782612929251, 7.125782612928516, 7.125782612929128, 7.125782612928615, 7.125782612928875, 7.125782612928872, 7.1257826129290045, 7.12578261292897, 7.12578261292908, 7.12578261292876, 7.125782612929391, 7.125782612929323, 7.125782612928599, 7.12579488260621, 7.12579488260653, 7.125794882606312, 7.125794882606251, 7.1257948826060185, 7.125794882605741, 7.125794882606539, 7.1257948826058115, 7.1257948826065105, 7.125794882606278, 7.125794882606111, 7.125794882605752, 7.12579488260623, 7.125794882606239, 7.125794882606244, 7.125794882606215, 7.125794882606262, 7.125794882605974, 7.125794882606745, 7.125794882606423, 7.125794882606003, 7.125807562977543, 7.125807562977962, 7.125807562977742, 7.125807562978068, 7.125807562977214, 7.125807562976993, 7.125807562977715, 7.1258075629772515, 7.125807562977777, 7.125807562978148, 7.125807562977483, 7.125807562977122, 7.125807562977624, 7.125807562977639, 7.125807562977559, 7.125807562977543, 7.125807562977446, 7.125807562977717, 7.125807562978006, 7.125807562977812, 7.125807562977274, 7.125821171832493, 7.125821171832627, 7.125821171832198, 7.125821171831848, 7.125821171832623, 7.1258211718324045, 7.125821171832605, 7.125821171832326, 7.1258211718325075, 7.1258211718325555, 7.125821171832685, 7.1258211718320945, 7.1258211718326505, 7.125821171832602, 7.125821171832524, 7.125821171832496, 7.125821171832393, 7.12582117183242, 7.12582117183297, 7.12582117183271, 7.125821171832255, 7.125834332113997, 7.125834332113456, 7.1258343321135555, 7.125834332113563, 7.125834332114287, 7.125834332114146, 7.125834332113966, 7.125834332113998, 7.125834332113981, 7.125834332113779, 7.125834332114358, 7.1258343321136515, 7.125834332114197, 7.125834332114075, 7.125834332114046, 7.125834332113996, 7.125834332113841, 7.1258343321143505, 7.1258343321143744, 7.12583433211431, 7.12583433211363, 7.1258489090472805, 7.125848909046966, 7.125848909047035, 7.125848909047397, 7.125848909047329, 7.125848909047178, 7.125848909047318, 7.1258489090473205, 7.125848909047228, 7.125848909047258, 7.125848909047559, 7.125848909046874, 7.12584890904759, 7.125848909047373, 7.125848909047307, 7.125848909047284, 7.125848909047088, 7.125848909047766, 7.125848909047743, 7.125848909047518, 7.125848909047003, 7.125863866750079, 7.125863866750849, 7.125863866749894, 7.12586386674974, 7.125863866750013, 7.125863866749592, 7.125863866750269, 7.125863866749955, 7.1258638667501, 7.125863866750073, 7.125863866750136, 7.125863866749531, 7.125863866750515, 7.125863866750178, 7.12586386675011, 7.125863866750081, 7.125863866749957, 7.125863866749874, 7.12586386675066, 7.1258638667501755, 7.125863866749975, 7.125879626647028, 7.125879626647722, 7.125879626646909, 7.125879626647325, 7.125879626646878, 7.125879626646416, 7.125879626646981, 7.125879626646877, 7.125879626647452, 7.125879626647179, 7.125879626647094, 7.125879626646618, 7.12587962664731, 7.125879626647021, 7.125879626647067, 7.12587962664704, 7.125879626646963, 7.125879626647132, 7.125879626647372, 7.125879626647484, 7.125879626646576, 7.125896896508582, 7.125896896508651, 7.1258968965081895, 7.125896896508549, 7.125896896508648, 7.125896896508189, 7.125896896508662, 7.125896896508426, 7.125896896508757, 7.125896896508386, 7.125896896508663, 7.125896896508043, 7.12589689650885, 7.125896896508474, 7.125896896508624, 7.125896896508592, 7.125896896508602, 7.125896896508755, 7.125896896509087, 7.125896896508845, 7.125896896508322, 7.125914828089031, 7.12591482808864, 7.125914828088527, 7.125914828088543, 7.125914828089193, 7.12591482808878, 7.125914828089182, 7.125914828089048, 7.125914828088907, 7.1259148280887645, 7.12591482808922, 7.125914828088405, 7.1259148280892495, 7.125914828088947, 7.125914828089058, 7.125914828089031, 7.125914828089026, 7.1259148280892655, 7.125914828089643, 7.125914828089171, 7.1259148280888605, 7.1259342154369385, 7.125934215436718, 7.1259342154366285, 7.125934215436792, 7.125934215436914, 7.125934215436558, 7.12593421543687, 7.125934215437228, 7.125934215436992, 7.1259342154371845, 7.125934215437232, 7.125934215436474, 7.125934215436983, 7.125934215436958, 7.125934215436962, 7.125934215436931, 7.125934215436753, 7.125934215437361, 7.1259342154373195, 7.125934215437384, 7.125934215436456, 7.12595507575455, 7.125955075754926, 7.125955075754274, 7.1259550757540335, 7.125955075754447, 7.125955075754003, 7.125955075754649, 7.125955075754763, 7.125955075754591, 7.125955075754829, 7.125955075754688, 7.125955075753935, 7.125955075754695, 7.125955075754642, 7.125955075754562, 7.125955075754544, 7.125955075754321, 7.1259550757544545, 7.1259550757551, 7.125955075754823, 7.125955075754251, 7.1259776519377525, 7.125977651937856, 7.125977651937404, 7.125977651937746, 7.12597765193775, 7.125977651937228, 7.1259776519379585, 7.125977651937714, 7.125977651937944, 7.125977651937896, 7.125977651937765, 7.125977651937045, 7.125977651937928, 7.125977651937801, 7.125977651937763, 7.125977651937743, 7.12597765193759, 7.125977651937848, 7.125977651938349, 7.125977651938022, 7.1259776519374665, 7.126001742872121, 7.126001742871841, 7.1260017428716305, 7.126001742872331, 7.126001742872282, 7.126001742871727, 7.12600174287224, 7.1260017428718365, 7.126001742872505, 7.12600174287197, 7.126001742872235, 7.126001742871434, 7.126001742872223, 7.126001742872121, 7.126001742872156, 7.126001742872126, 7.126001742872036, 7.126001742872391, 7.126001742872631, 7.126001742872517, 7.126001742871688, 7.126028039783795, 7.126028039783691, 7.126028039783263, 7.12602803978338, 7.126028039784006, 7.1260280397833675, 7.126028039783961, 7.126028039783429, 7.126028039783986, 7.126028039783571, 7.126028039784051, 7.126028039783044, 7.126028039783924, 7.126028039783817, 7.126028039783821, 7.126028039783802, 7.126028039783707, 7.126028039783737, 7.1260280397844245, 7.12602803978405, 7.126028039783499, 7.126056603443382, 7.126056603443337, 7.1260566034431, 7.126056603443347, 7.126056603443317, 7.126056603442777, 7.126056603443423, 7.126056603443198, 7.126056603443478, 7.126056603443754, 7.126056603443752, 7.126056603442701, 7.126056603443545, 7.126056603443491, 7.126056603443386, 7.126056603443387, 7.126056603443159, 7.12605660344366, 7.126056603443942, 7.126056603443709, 7.126056603443002, 7.126087802040444, 7.126087802040492, 7.126087802040179, 7.126087802040105, 7.126087802040388, 7.126087802039864, 7.126087802040588, 7.126087802040364, 7.1260878020406055, 7.126087802040826, 7.126087802040736, 7.126087802039715, 7.126087802040765, 7.126087802040589, 7.1260878020404785, 7.126087802040444, 7.126087802040174, 7.1260878020405904, 7.126087802041048, 7.126087802040747, 7.126087802040091, 7.126121989803176, 7.126121989803014, 7.1261219898027015, 7.126121989802621, 7.126121989803323, 7.126121989802722, 7.126121989803392, 7.126121989803021, 7.12612198980348, 7.12612198980318, 7.126121989803362, 7.1261219898023525, 7.12612198980361, 7.126121989803243, 7.126121989803216, 7.126121989803173, 7.126121989802959, 7.126121989803214, 7.1261219898038, 7.1261219898035435, 7.126121989802784, 7.126159434239469, 7.126159434239033, 7.126159434239004, 7.126159434239634, 7.126159434239609, 7.126159434238999, 7.126159434239661, 7.126159434239313, 7.126159434239895, 7.126159434239561, 7.126159434239686, 7.126159434238656, 7.126159434239891, 7.126159434239488, 7.126159434239543, 7.126159434239463, 7.1261594342393115, 7.126159434239877, 7.126159434240085, 7.1261594342399395, 7.126159434238961, 7.126200872091556, 7.12620087209163, 7.126200872091045, 7.12620087209118, 7.126200872091703, 7.1262008720908705, 7.126200872091902, 7.1262008720913315, 7.126200872091726, 7.12620087209157, 7.1262008720918075, 7.126200872090581, 7.126200872091981, 7.126200872091539, 7.126200872091607, 7.126200872091549, 7.12620087209145, 7.1262008720915, 7.126200872092345, 7.126200872091856, 7.126200872091209, 7.126246649761038, 7.126246649761147, 7.126246649760668, 7.1262466497610175, 7.126246649760995, 7.1262466497601515, 7.1262466497612085, 7.126246649760948, 7.126246649761231, 7.126246649761362, 7.126246649761429, 7.126246649760168, 7.126246649761316, 7.12624664976106, 7.126246649761091, 7.126246649761043, 7.126246649760839, 7.126246649761179, 7.126246649761676, 7.126246649761552, 7.1262466497604615, 7.126297613166288, 7.126297613166203, 7.126297613165823, 7.12629761316594, 7.126297613166373, 7.126297613165501, 7.1262976131665345, 7.12629761316627, 7.126297613166409, 7.1262976131665186, 7.126297613166679, 7.126297613165341, 7.126297613166597, 7.1262976131663205, 7.12629761316634, 7.126297613166289, 7.126297613166091, 7.126297613166477, 7.126297613167028, 7.126297613166822, 7.12629761316572, 7.126354374511181, 7.126354374510861, 7.126354374510555, 7.126354374510605, 7.1263543745114175, 7.126354374510514, 7.126354374511583, 7.126354374511083, 7.126354374511303, 7.126354374511208, 7.126354374511427, 7.126354374510053, 7.126354374511608, 7.126354374511174, 7.126354374511236, 7.126354374511173, 7.126354374510969, 7.126354374511398, 7.126354374512047, 7.1263543745116245, 7.126354374510693, 7.126417970598013, 7.1264179705977435, 7.126417970597464, 7.126417970597926, 7.126417970598166, 7.126417970597269, 7.126417970598311, 7.126417970597894, 7.126417970598424, 7.126417970598261, 7.126417970598232, 7.126417970596922, 7.126417970598425, 7.126417970598044, 7.126417970598081, 7.1264179705980135, 7.126417970597735, 7.126417970598501, 7.126417970598764, 7.126417970598686, 7.126417970597293, 7.126489462209064, 7.126489462209352, 7.126489462208508, 7.126489462208419, 7.126489462209198, 7.126489462208115, 7.126489462209514, 7.126489462208827, 7.12648946220936, 7.126489462209202, 7.126489462209336, 7.12648946220783, 7.126489462209468, 7.126489462209142, 7.126489462209133, 7.12648946220905, 7.126489462208764, 7.126489462209086, 7.126489462209996, 7.1264894622095865, 7.126489462208493, 7.126570080548065, 7.126570080548113, 7.126570080547538, 7.126570080547928, 7.12657008054812, 7.126570080546985, 7.126570080548422, 7.1265700805477845, 7.126570080548331, 7.12657008054836, 7.126570080548547, 7.126570080546821, 7.12657008054837, 7.126570080548152, 7.126570080548138, 7.126570080548053, 7.12657008054776, 7.126570080548451, 7.126570080548979, 7.126570080548656, 7.126570080547383, 7.126661407630592, 7.126661407630507, 7.126661407629853, 7.126661407630184, 7.126661407630832, 7.1266614076296095, 7.126661407630992, 7.126661407630252, 7.126661407630898, 7.126661407630701, 7.126661407631144, 7.126661407629274, 7.126661407630937, 7.126661407630679, 7.126661407630685, 7.1266614076305785, 7.126661407630296, 7.126661407630979, 7.126661407631566, 7.126661407631211, 7.126661407629875, 7.1267652569786915, 7.126765256978639, 7.126765256977837, 7.126765256977963, 7.126765256978978, 7.126765256977679, 7.126765256979234, 7.126765256978352, 7.126765256979088, 7.1267652569787225, 7.126765256979142, 7.126765256977224, 7.126765256979182, 7.126765256978784, 7.126765256978799, 7.126765256978696, 7.126765256978349, 7.126765256978947, 7.1267652569797715, 7.126765256979313, 7.1267652569780005, 7.126883773731097, 7.126883773730973, 7.126883773730366, 7.126883773730918, 7.126883773731154, 7.126883773729858, 7.12688377373158, 7.126883773730873, 7.126883773731693, 7.126883773731537, 7.126883773731509, 7.126883773729605, 7.126883773731628, 7.12688377373123, 7.126883773731219, 7.1268837737311035, 7.126883773730643, 7.126883773731718, 7.126883773732102, 7.126883773731924, 7.126883773730192, 7.127019799676618, 7.127019799676755, 7.127019799675685, 7.127019799675627, 7.127019799676728, 7.127019799675251, 7.127019799677316, 7.127019799676332, 7.12701979967698, 7.127019799676873, 7.1270197996770195, 7.127019799674923, 7.1270197996772735, 7.127019799676748, 7.127019799676735, 7.12701979967661, 7.127019799676182, 7.127019799676765, 7.1270197996779, 7.127019799677253, 7.127019799675922, 7.127176206262917, 7.127176206262607, 7.127176206261862, 7.127176206262632, 7.127176206263083, 7.127176206261448, 7.127176206263399, 7.127176206262626, 7.127176206263441, 7.127176206263369, 7.1271762062635595, 7.127176206261285, 7.127176206263384, 7.12717620626301, 7.127176206263057, 7.127176206262919, 7.127176206262497, 7.127176206263596, 7.127176206264034, 7.127176206263881, 7.127176206261844, 7.12735670646604, 7.127356706465803, 7.127356706464703, 7.127356706465121, 7.127356706466315, 7.12735670646443, 7.127356706466759, 7.127356706465626, 7.127356706466407, 7.127356706466164, 7.127356706466682, 7.127356706464149, 7.1273567064665855, 7.127356706466088, 7.127356706466206, 7.12735670646604, 7.127356706465643, 7.1273567064663155, 7.127356706467424, 7.127356706466858, 7.127356706465113, 7.127565965227306, 7.1275659652270384, 7.1275659652260615, 7.127565965226804, 7.127565965227395, 7.127565965225451, 7.127565965228057, 7.127565965226982, 7.1275659652278485, 7.127565965227733, 7.127565965227902, 7.127565965225339, 7.127565965227917, 7.1275659652274514, 7.127565965227481, 7.127565965227293, 7.127565965226769, 7.127565965227868, 7.127565965228712, 7.12756596522828, 7.127565965226222, 7.127809014415402, 7.127809014415263, 7.127809014413979, 7.12780901441466, 7.127809014415527, 7.1278090144134225, 7.127809014416184, 7.127809014415051, 7.1278090144161075, 7.1278090144159485, 7.127809014415991, 7.127809014413291, 7.127809014416076, 7.1278090144155755, 7.127809014415594, 7.127809014415409, 7.127809014414768, 7.1278090144159085, 7.1278090144168695, 7.12780901441646, 7.127809014414214, 7.128092071360693, 7.128092071360444, 7.128092071358988, 7.128092071359537, 7.128092071360994, 7.128092071358658, 7.128092071361617, 7.1280920713602125, 7.1280920713613725, 7.128092071361154, 7.128092071361369, 7.1280920713584015, 7.128092071361412, 7.128092071360887, 7.128092071360943, 7.1280920713606815, 7.12809207136006, 7.12809207136118, 7.128092071362316, 7.128092071361729, 7.128092071359539, 7.128422222610161, 7.128422222609597, 7.12842222260847, 7.128422222609499, 7.128422222610374, 7.128422222607892, 7.12842222261104, 7.128422222609672, 7.128422222610944, 7.128422222610776, 7.128422222611037, 7.128422222607846, 7.128422222610822, 7.128422222610404, 7.128422222610465, 7.128422222610159, 7.128422222609467, 7.1284222226111185, 7.128422222611811, 7.128422222611373, 7.128422222608802, 7.1288075386118805, 7.128807538611687, 7.128807538609965, 7.128807538610363, 7.128807538612086, 7.128807538609262, 7.1288075386129774, 7.128807538611198, 7.128807538612561, 7.12880753861227, 7.1288075386127145, 7.128807538609258, 7.128807538612589, 7.128807538612186, 7.128807538612176, 7.1288075386118654, 7.128807538611109, 7.128807538612276, 7.128807538613775, 7.128807538612971, 7.12880753861061, 7.129256569403267, 7.129256569402799, 7.129256569401271, 7.12925656940255, 7.129256569403424, 7.129256569400406, 7.129256569404216, 7.129256569402615, 7.129256569404263, 7.129256569404067, 7.129256569404196, 7.129256569400678, 7.129256569403895, 7.1292565694036005, 7.129256569403596, 7.12925656940326, 7.129256569402396, 7.129256569404263, 7.129256569405037, 7.129256569404735, 7.129256569401615, 7.129777905557992, 7.129777905557643, 7.1297779055554855, 7.12977790555647, 7.129777905558385, 7.1297779055550095, 7.129777905559256, 7.12977790555721, 7.129777905558841, 7.129777905558563, 7.129777905558774, 7.12977790555502, 7.129777905558764, 7.129777905558335, 7.1297779055583685, 7.129777905558, 7.129777905557128, 7.129777905558631, 7.129777905560137, 7.129777905559237, 7.129777905556575, 7.130379554178077, 7.130379554177445, 7.130379554175513, 7.130379554176988, 7.130379554178436, 7.130379554174808, 7.13037955417917, 7.130379554177435, 7.130379554179087, 7.1303795541789095, 7.1303795541790125, 7.130379554175122, 7.130379554178741, 7.130379554178507, 7.130379554178495, 7.130379554178077, 7.130379554177042, 7.130379554179132, 7.1303795541801165, 7.13037955417964, 7.130379554176312, 7.13106766943904, 7.13106766943848, 7.1310676694362884, 7.131067669437476, 7.131067669439422, 7.131067669435444, 7.131067669440223, 7.131067669438382, 7.131067669439891, 7.131067669439767, 7.131067669440032, 7.131067669435913, 7.1310676694397035, 7.13106766943954, 7.131067669439502, 7.131067669439034, 7.131067669437946, 7.131067669439882, 7.1310676694412605, 7.131067669440539, 7.13106766943733, 7.1318439256938415, 7.1318439256932225, 7.131843925690941, 7.131843925692378, 7.13184392569423, 7.131843925689974, 7.131843925694947, 7.131843925693118, 7.131843925694682, 7.131843925694625, 7.131843925694807, 7.131843925690636, 7.131843925694403, 7.131843925694373, 7.131843925694364, 7.131843925693839, 7.131843925692702, 7.131843925694785, 7.1318439256961055, 7.131843925695381, 7.131843925692088, 7.132702287588311, 7.132702287587653, 7.132702287585214, 7.132702287587055, 7.132702287588838, 7.132702287584333, 7.1327022875892325, 7.13270228758753, 7.132702287589253, 7.132702287589158, 7.132702287589167, 7.132702287585084, 7.13270228758877, 7.1327022875888915, 7.1327022875889226, 7.132702287588314, 7.132702287587141, 7.132702287589415, 7.1327022875905515, 7.1327022875898995, 7.132702287586512, 7.133626891149307, 7.133626891148823, 7.133626891146059, 7.13362689114772, 7.133626891149962, 7.133626891145181, 7.133626891150056, 7.133626891148549, 7.133626891150057, 7.133626891149966, 7.133626891149973, 7.133626891146043, 7.13362689114973, 7.133626891149995, 7.133626891149964, 7.133626891149308, 7.133626891148072, 7.133626891150116, 7.1336268911516205, 7.1336268911507705, 7.13362689114768, 7.134588780739874, 7.134588780739224, 7.134588780736745, 7.134588780738896, 7.134588780740528, 7.134588780735721, 7.1345887807400645, 7.134588780739338, 7.13458878074039, 7.134588780740613, 7.134588780740544, 7.134588780736868, 7.134588780740065, 7.134588780740689, 7.134588780740538, 7.13458878073988, 7.134588780738507, 7.13458878074097, 7.134588780741976, 7.134588780741358, 7.134588780738207, 7.135544471722246, 7.135544471721839, 7.135544471719018, 7.135544471721058, 7.135544471723135, 7.135544471718245, 7.135544471722078, 7.1355444717217695, 7.1355444717224294, 7.13554447172256, 7.135544471722609, 7.135544471719335, 7.135544471722315, 7.1355444717231045, 7.135544471722873, 7.135544471722241, 7.135544471720909, 7.135544471722943, 7.135544471724394, 7.1355444717233745, 7.135544471720995, 7.136440033948831, 7.136440033948563, 7.136440033945883, 7.136440033948386, 7.136440033949809, 7.136440033945182, 7.136440033947889, 7.136440033948561, 7.1364400339490395, 7.1364400339489915, 7.136440033948916, 7.136440033946326, 7.136440033948544, 7.136440033949644, 7.136440033949461, 7.136440033948842, 7.136440033947537, 7.136440033949669, 7.136440033950628, 7.1364400339499, 7.136440033947709, 7.137220004889668, 7.137220004889962, 7.137220004887095, 7.137220004889325, 7.137220004890654, 7.137220004886412, 7.137220004888084, 7.137220004889682, 7.137220004889688, 7.137220004889427, 7.137220004889366, 7.137220004887489, 7.137220004889129, 7.137220004890448, 7.1372200048902155, 7.1372200048896595, 7.137220004888442, 7.137220004890159, 7.137220004891279, 7.137220004890291, 7.137220004889064, 7.137839655011291, 7.137839655011882, 7.137839655009302, 7.137839655011376, 7.137839655012291, 7.137839655008678, 7.137839655008903, 7.137839655011785, 7.1378396550111365, 7.137839655010664, 7.13783965501081, 7.137839655009594, 7.1378396550103815, 7.13783965501197, 7.1378396550117085, 7.1378396550112795, 7.137839655010175, 7.137839655011794, 7.137839655012608, 7.137839655011485, 7.137839655011183, 7.138277800921166, 7.138277800922112, 7.138277800919744, 7.138277800921511, 7.138277800922195, 7.138277800919456, 7.138277800917995, 7.138277800922086, 7.138277800921055, 7.13827780092009, 7.138277800920497, 7.138277800919973, 7.138277800919864, 7.1382778009216565, 7.138277800921408, 7.138277800921166, 7.138277800920223, 7.138277800921597, 7.138277800922084, 7.138277800921032, 7.138277800921429, 7.138544482191678, 7.138544482193184, 7.1385444821910005, 7.138544482192092, 7.138544482192602, 7.138544482190823, 7.138544482188034, 7.138544482192937, 7.138544482191736, 7.138544482190173, 7.138544482190751, 7.138544482190842, 7.138544482190176, 7.138544482191973, 7.138544482191707, 7.138544482191673, 7.138544482190912, 7.138544482191802, 7.1385444821923505, 7.138544482191112, 7.138544482192456, 7.138678488382158, 7.138678488383856, 7.138678488382323, 7.1386784883830945, 7.138678488382891, 7.138678488382189, 7.138678488378139, 7.138678488383587, 7.138678488382419, 7.13867848838061, 7.138678488381206, 7.138678488381736, 7.13867848838043, 7.138678488382193, 7.1386784883819585, 7.138678488382159, 7.138678488381679, 7.138678488382408, 7.138678488382566, 7.138678488381283, 7.138678488383249, 7.138733216872043, 7.138733216873901, 7.138733216872812, 7.1387332168727236, 7.138733216872687, 7.138733216872926, 7.138733216867891, 7.1387332168733515, 7.138733216872437, 7.138733216870408, 7.138733216871152, 7.138733216871879, 7.138733216870273, 7.138733216871801, 7.138733216871651, 7.138733216872048, 7.138733216871931, 7.138733216871978, 7.13873321687227, 7.138733216870953, 7.138733216873361, 7.138759385641644, 7.13875938564322, 7.138759385643171, 7.138759385642347, 7.138759385642011, 7.138759385643191, 7.138759385637548, 7.138759385642794, 7.1387593856421026, 7.138759385640202, 7.138759385640956, 7.1387593856416585, 7.138759385640078, 7.138759385641188, 7.138759385641167, 7.1387593856416505, 7.138759385641809, 7.138759385641435, 7.138759385641758, 7.138759385640429, 7.138759385643013, 7.138789356076783, 7.138789356077847, 7.138789356079022, 7.138789356077556, 7.138789356076812, 7.138789356078799, 7.138789356073, 7.138789356077714, 7.138789356077269, 7.138789356075915, 7.138789356076227, 7.138789356076873, 7.13878935607578, 7.138789356076233, 7.138789356076243, 7.138789356076803, 7.138789356077189, 7.138789356076475, 7.138789356076917, 7.1387893560755815, 7.138789356078134, 7.138834980513402, 7.138834980513895, 7.1388349805159015, 7.138834980513781, 7.1388349805133675, 7.138834980515866, 7.138834980510077, 7.138834980513898, 7.138834980513882, 7.138834980513103, 7.138834980512968, 7.138834980513475, 7.138834980513135, 7.1388349805127165, 7.1388349805129, 7.138834980513409, 7.138834980514134, 7.1388349805126685, 7.138834980513588, 7.138834980512316, 7.138834980514587, 7.1388961249110645, 7.1388961249107075, 7.138896124913835, 7.138896124911601, 7.138896124910828, 7.138896124913737, 7.138896124908177, 7.138896124911233, 7.13889612491144, 7.138896124911612, 7.138896124910898, 7.138896124911135, 7.138896124911558, 7.138896124910295, 7.138896124910668, 7.138896124911072, 7.138896124912072, 7.138896124910267, 7.138896124911318, 7.138896124910245, 7.138896124911975, 7.1389724795644, 7.138972479563417, 7.138972479567344, 7.1389724795646865, 7.138972479563867, 7.138972479566885, 7.138972479562202, 7.138972479564309, 7.13897247956451, 7.138972479565513, 7.1389724795644405, 7.138972479564299, 7.138972479565735, 7.138972479563618, 7.138972479564066, 7.1389724795644, 7.138972479565564, 7.138972479563286, 7.138972479564855, 7.138972479563661, 7.138972479565162, 7.139068288475917, 7.139068288474336, 7.139068288478718, 7.139068288476087, 7.139068288475401, 7.139068288478495, 7.1390682884742125, 7.139068288475706, 7.139068288476164, 7.139068288477375, 7.139068288476168, 7.139068288475773, 7.139068288477834, 7.139068288475075, 7.139068288475714, 7.1390682884759284, 7.139068288477194, 7.139068288474751, 7.139068288476369, 7.139068288475557, 7.139068288476249, 7.1391885311745495, 7.139188531172707, 7.139188531177165, 7.139188531174618, 7.139188531173923, 7.139188531176981, 7.139188531173514, 7.139188531174359, 7.139188531174813, 7.139188531176189, 7.139188531174943, 7.139188531174219, 7.139188531176852, 7.1391885311737235, 7.13918853117441, 7.13918853117455, 7.139188531175828, 7.139188531173457, 7.139188531175149, 7.139188531174295, 7.139188531174737, 7.139331203332578, 7.139331203330941, 7.139331203335011, 7.139331203332541, 7.1393312033318, 7.139331203334724, 7.139331203332089, 7.139331203332487, 7.139331203332824, 7.13933120333424, 7.139331203333145, 7.139331203332171, 7.139331203334944, 7.139331203331871, 7.139331203332433, 7.139331203332564, 7.139331203333703, 7.139331203331614, 7.139331203333236, 7.139331203332491, 7.139331203332556, 7.139483278814781, 7.1394832788136116, 7.139483278816755, 7.139483278814593, 7.139483278814178, 7.1394832788168445, 7.139483278814646, 7.1394832788146605, 7.13948327881513, 7.139483278816179, 7.139483278815444, 7.139483278814393, 7.139483278816751, 7.139483278814163, 7.139483278814651, 7.139483278814795, 7.1394832788157885, 7.139483278814026, 7.139483278815401, 7.139483278814925, 7.139483278814528, 7.139623890703281, 7.13962389070265, 7.139623890704918, 7.139623890703196, 7.13962389070268, 7.13962389070507, 7.139623890703614, 7.13962389070309, 7.1396238907034855, 7.139623890704161, 7.139623890703826, 7.139623890702842, 7.139623890704756, 7.139623890702881, 7.139623890703092, 7.139623890703282, 7.1396238907040415, 7.139623890702791, 7.139623890704038, 7.139623890703439, 7.139623890703019, 7.139732675387371, 7.139732675387409, 7.139732675388686, 7.139732675387431, 7.139732675386884, 7.1397326753888715, 7.139732675387828, 7.1397326753871395, 7.1397326753875126, 7.139732675387773, 7.139732675387771, 7.139732675387155, 7.139732675388128, 7.139732675387147, 7.139732675387207, 7.13973267538736, 7.139732675387907, 7.139732675387214, 7.1397326753879735, 7.139732675387795, 7.139732675386851, 7.139797616723684, 7.139797616724461, 7.139797616724578, 7.139797616723523, 7.139797616723297, 7.139797616724847, 7.1397976167243735, 7.1397976167234205, 7.139797616723398, 7.139797616723615, 7.139797616723821, 7.139797616723584, 7.139797616723824, 7.139797616723665, 7.139797616723529, 7.139797616723689, 7.139797616724012, 7.139797616723643, 7.1397976167242865, 7.13979761672411, 7.139797616723222, 7.1398189041187035, 7.139818904119953, 7.1398189041191324, 7.139818904118763, 7.139818904118419, 7.1398189041195534, 7.139818904119369, 7.139818904118545, 7.13981890411804, 7.1398189041184095, 7.139818904118632, 7.139818904118892, 7.13981890411825, 7.139818904118809, 7.139818904118657, 7.139818904118699, 7.139818904118834, 7.139818904119122, 7.139818904119149, 7.1398189041192355, 7.139818904118173, 7.13980700675768, 7.139807006759432, 7.1398070067576995, 7.139807006757581, 7.139807006757414, 7.139807006758064, 7.139807006758414, 7.139807006757655, 7.139807006756767, 7.139807006757075, 7.13980700675731, 7.1398070067580806, 7.139807006756906, 7.139807006757905, 7.139807006757712, 7.139807006757678, 7.139807006757682, 7.1398070067580734, 7.139807006757965, 7.139807006758267, 7.139807006757137, 7.139778134162722, 7.139778134164482, 7.1397781341622935, 7.139778134162804, 7.139778134162448, 7.13977813416267, 7.139778134163526, 7.1397781341627935, 7.139778134161585, 7.139778134161958, 7.139778134162226, 7.139778134163308, 7.139778134161876, 7.139778134162998, 7.1397781341628495, 7.139778134162725, 7.139778134162641, 7.13977813416333, 7.1397781341629045, 7.139778134163285, 7.1397781341622135, 7.139747220897897, 7.139747220899551, 7.13974722089689, 7.139747220897924, 7.13974722089768, 7.139747220897485, 7.1397472208987685, 7.1397472208980535, 7.13974722089676, 7.139747220897037, 7.139747220897397, 7.139747220898633, 7.139747220897119, 7.1397472208982045, 7.139747220898075, 7.139747220897902, 7.1397472208977915, 7.139747220898497, 7.13974722089789, 7.1397472208984665, 7.13974722089739, 7.139723430573245, 7.139723430574664, 7.139723430571784, 7.139723430573304, 7.139723430572971, 7.139723430572483, 7.139723430574257, 7.139723430573469, 7.139723430572322, 7.1397234305724675, 7.139723430572832, 7.139723430574012, 7.139723430572667, 7.139723430573566, 7.139723430573415, 7.139723430573242, 7.139723430573086, 7.139723430573801, 7.13972343057316, 7.139723430573751, 7.139723430572778, 7.139709617989681, 7.139709617990636, 7.139709617987891, 7.139709617989761, 7.139709617989367, 7.139709617988715, 7.139709617990873, 7.139709617989904, 7.139709617989125, 7.1397096179890776, 7.139709617989421, 7.139709617990423, 7.139709617989298, 7.139709617990056, 7.139709617989835, 7.139709617989673, 7.139709617989441, 7.139709617990246, 7.13970961798951, 7.139709617990113, 7.139709617989275, 7.139705909968393, 7.139705909968828, 7.139705909966333, 7.139705909968251, 7.139705909968103, 7.139705909967402, 7.1397059099697575, 7.1397059099685185, 7.139705909968279, 7.139705909967843, 7.13970590996834, 7.139705909969039, 7.139705909968065, 7.139705909968775, 7.139705909968532, 7.139705909968384, 7.13970590996817, 7.139705909968774, 7.139705909968186, 7.139705909968715, 7.139705909968059, 7.139712154350182, 7.139712154349986, 7.13971215434828, 7.139712154350131, 7.139712154349768, 7.139712154349075, 7.139712154351578, 7.139712154350195, 7.139712154350472, 7.139712154349918, 7.139712154350376, 7.139712154350795, 7.139712154349776, 7.139712154350577, 7.139712154350295, 7.139712154350172, 7.139712154349871, 7.139712154350559, 7.1397121543498905, 7.139712154350418, 7.139712154349882, 7.139728813102204, 7.1397288131015975, 7.139728813100483, 7.139728813101807, 7.139728813101766, 7.13972881310119, 7.139728813103721, 7.139728813102082, 7.139728813102744, 7.139728813102092, 7.139728813102472, 7.139728813102685, 7.139728813101796, 7.1397288131026375, 7.139728813102345, 7.1397288131022005, 7.139728813101915, 7.139728813102302, 7.139728813101997, 7.1397288131022245, 7.139728813102137, 7.1397559529256265, 7.139755952924588, 7.139755952924159, 7.139755952925415, 7.139755952925333, 7.139755952924798, 7.139755952926865, 7.139755952925439, 7.139755952926402, 7.139755952925887, 7.139755952925987, 7.139755952926237, 7.139755952925136, 7.139755952926066, 7.139755952925787, 7.139755952925622, 7.139755952925299, 7.1397559529257615, 7.139755952925258, 7.139755952925715, 7.13975595292546, 7.139791140526033, 7.139791140524935, 7.139791140524818, 7.139791140525579, 7.139791140525799, 7.1397911405252525, 7.139791140527257, 7.139791140525777, 7.139791140526546, 7.139791140526339, 7.139791140526265, 7.139791140526526, 7.139791140525728, 7.1397911405265475, 7.13979114052615, 7.139791140526029, 7.139791140525729, 7.139791140525856, 7.139791140525849, 7.139791140525812, 7.139791140526219, 7.139828899227131, 7.13982889922591, 7.139828899226283, 7.139828899227249, 7.139828899227041, 7.139828899226501, 7.139828899227776, 7.13982889922693, 7.139828899227769, 7.139828899227507, 7.139828899227433, 7.139828899227884, 7.139828899226805, 7.139828899227566, 7.139828899227247, 7.13982889922713, 7.139828899226901, 7.1398288992271945, 7.1398288992267, 7.1398288992271395, 7.1398288992270755, 7.13986226017958, 7.1398622601788455, 7.139862260178861, 7.139862260179149, 7.139862260179702, 7.1398622601790835, 7.139862260180245, 7.1398622601793225, 7.139862260179906, 7.139862260179455, 7.139862260179594, 7.13986226018017, 7.139862260179503, 7.139862260179885, 7.13986226017967, 7.13986226017958, 7.139862260179547, 7.139862260179158, 7.139862260179398, 7.139862260179173, 7.139862260180003, 7.139885906392651, 7.139885906392039, 7.139885906392514, 7.13988590639337, 7.13988590639268, 7.139885906392198, 7.139885906392612, 7.139885906392903, 7.139885906393033, 7.139885906392895, 7.1398859063928315, 7.13988590639358, 7.139885906392535, 7.13988590639286, 7.139885906392711, 7.139885906392646, 7.139885906392611, 7.13988590639303, 7.139885906392153, 7.13988590639253, 7.139885906392735, 7.139898636752076, 7.139898636752344, 7.139898636751863, 7.1398986367512265, 7.13989863675244, 7.139898636751767, 7.139898636752291, 7.139898636752366, 7.139898636752096, 7.139898636751619, 7.139898636751755, 7.139898636752681, 7.139898636752289, 7.1398986367522, 7.139898636752058, 7.139898636752081, 7.139898636752188, 7.139898636751395, 7.139898636751963, 7.1398986367514885, 7.139898636752738, 7.1399030528631044, 7.139903052862701, 7.1399030528634375, 7.139903052864511, 7.139903052863534, 7.139903052863099, 7.1399030528624, 7.13990305286378, 7.139903052863354, 7.139903052863374, 7.139903052863247, 7.139903052864226, 7.139903052862765, 7.139903052863031, 7.139903052863074, 7.139903052863099, 7.139903052863241, 7.139903052864027, 7.139903052862509, 7.139903052863135, 7.139903052863044, 7.139903316104668, 7.139903316105402, 7.1399033161050305, 7.139903316103183, 7.139903316105126, 7.139903316104459, 7.139903316104975, 7.139903316104929, 7.1399033161043315, 7.139903316103673, 7.139903316103971, 7.13990331610496, 7.139903316104889, 7.139903316104655, 7.139903316104511, 7.13990331610467, 7.139903316105001, 7.139903316103347, 7.139903316104971, 7.1399033161037435, 7.139903316105745, 7.139902863296193, 7.139902863295445, 7.13990286329731, 7.139902863298778, 7.13990286329659, 7.139902863296436, 7.139902863294752, 7.139902863297054, 7.139902863296731, 7.139902863296961, 7.139902863296624, 7.139902863297628, 7.1399028632953145, 7.1399028632959425, 7.139902863296111, 7.139902863296187, 7.139902863296383, 7.1399028632978325, 7.139902863295289, 7.139902863296805, 7.139902863295474, 7.139902106594779, 7.139902106595933, 7.139902106595123, 7.139902106591448, 7.13990210659545, 7.139902106594885, 7.139902106595916, 7.139902106594617, 7.139902106594005, 7.1399021065932935, 7.139902106593616, 7.139902106594318, 7.139902106595306, 7.139902106594754, 7.139902106594567, 7.139902106594786, 7.139902106595309, 7.139902106592311, 7.1399021065959, 7.139902106593059, 7.139902106596769, 7.139896666754145, 7.139896666752539, 7.139896666756072, 7.139896666759193, 7.139896666754382, 7.1398966667547725, 7.139896666751472, 7.139896666755357, 7.139896666755469, 7.139896666756408, 7.139896666755481, 7.139896666756329, 7.139896666752803, 7.139896666753853, 7.1398966667541295, 7.139896666754145, 7.139896666754109, 7.139896666757481, 7.139896666752354, 7.139896666755974, 7.1398966667519925, 7.139874663402907, 7.139874663405218, 7.139874663402926, 7.139874663395439, 7.139874663403547, 7.139874663402846, 7.139874663406121, 7.139874663401817, 7.139874663401257, 7.139874663399908, 7.139874663400779, 7.13987466340087, 7.139874663404867, 7.139874663403148, 7.139874663402653, 7.139874663402917, 7.139874663403677, 7.139874663397501, 7.139874663405697, 7.13987466339942, 7.139874663406918, 7.1398068596056214, 7.139806859601574, 7.139806859608426, 7.139806859617185, 7.139806859605759, 7.139806859606823, 7.139806859600064, 7.13980685960756, 7.139806859608814, 7.139806859610727, 7.139806859609051, 7.139806859609847, 7.139806859603103, 7.139806859605094, 7.139806859605878, 7.139806859605621, 7.139806859605335, 7.139806859613503, 7.1398068596016016, 7.139806859610372, 7.139806859600091, 7.139610800383402, 7.139610800389033, 7.139610800381657, 7.139610800365293, 7.139610800384019, 7.139610800382345, 7.13961080039167, 7.139610800380387, 7.139610800379041, 7.13961080037618, 7.139610800378297, 7.139610800377706, 7.139610800388555, 7.139610800384176, 7.139610800382822, 7.139610800383399, 7.139610800384702, 7.139610800370407, 7.139610800390086, 7.139610800375522, 7.139610800392513, 7.139084304996825, 7.139084304986854, 7.139084305001694, 7.13908430502599, 7.139084304996539, 7.139084304999202, 7.13908430498341, 7.1390843050015365, 7.139084305004473, 7.139084305009559, 7.139084305005408, 7.139084305006684, 7.1390843049900505, 7.139084304995537, 7.139084304997578, 7.139084304996828, 7.139084304995655, 7.139084305017143, 7.139084304986737, 7.13908430500905, 7.139084304982571, 7.137649410719036, 7.137649410733981, 7.137649410712492, 7.137649410671858, 7.137649410720181, 7.137649410715731, 7.137649410740556, 7.13764941071163, 7.137649410707729, 7.1376494106997255, 7.137649410705795, 7.137649410703887, 7.137649410731461, 7.137649410720958, 7.137649410717733, 7.137649410719043, 7.1376494107218775, 7.13764941068602, 7.137649410735825, 7.137649410699316, 7.137649410741998, 7.134323839793855, 7.134323839769991, 7.1343238398049005, 7.134323839867534, 7.134323839792016, 7.134323839798615, 7.1343238397600235, 7.134323839806286, 7.134323839813397, 7.1343238398256155, 7.134323839815498, 7.134323839818436, 7.134323839775291, 7.134323839790847, 7.134323839795777, 7.134323839793854, 7.134323839790026, 7.134323839844723, 7.134323839767919, 7.134323839825231, 7.134323839757394, 7.127647136996144, 7.127647137027315, 7.127647136978619, 7.1276471368912455, 7.127647136998582, 7.127647136988778, 7.12764713704661, 7.127647136978636, 7.1276471369688625, 7.127647136951983, 7.1276471369659316, 7.127647136960267, 7.127647137024077, 7.127647137000428, 7.127647136993313, 7.127647136996144, 7.127647137002642, 7.127647136926004, 7.127647137035945, 7.127647136948928, 7.127647137051012, 7.123413669840919, 7.123413669808338, 7.123413669860588, 7.123413669956954, 7.1234136698379, 7.123413669847073, 7.123413669778464, 7.123413669863657, 7.123413669879527, 7.123413669893941, 7.123413669877874, 7.123413669886327, 7.123413669807121, 7.123413669836621, 7.123413669844128, 7.123413669840923, 7.12341366983264, 7.123413669916244, 7.123413669790882, 7.1234136699016215, 7.123413669771268, 7.127425647799202, 7.127425647813371, 7.127425647780715, 7.127425647714816, 7.1274256478014255, 7.127425647794271, 7.127425647855737, 7.127425647779684, 7.127425647761433, 7.127425647755874, 7.12742564776984, 7.127425647758769, 7.1274256478267075, 7.127425647802923, 7.1274256477969224, 7.127425647799208, 7.127425647807494, 7.127425647747537, 7.127425647847973, 7.12742564774176, 7.127425647864666, 7.13841281442208, 7.13841281442708, 7.138412814429958, 7.138412814435338, 7.138412814422369, 7.138412814422537, 7.138412814399795, 7.138412814429252, 7.138412814439263, 7.138412814431755, 7.138412814428785, 7.1384128144386665, 7.138412814413346, 7.138412814421988, 7.138412814422902, 7.138412814422086, 7.138412814418315, 7.138412814424989, 7.138412814401185, 7.138412814448101, 7.138412814393773, 7.136812141047121, 7.136812141033119, 7.136812141055836, 7.136812141105524, 7.136812141045211, 7.1368121410504965, 7.136812141022316, 7.136812141056924, 7.136812141059045, 7.13681214107304, 7.136812141062402, 7.136812141065378, 7.136812141031079, 7.136812141045355, 7.136812141048827, 7.13681214104712, 7.136812141043812, 7.136812141085219, 7.136812141029142, 7.136812141069104, 7.1368121410214265, 7.129257432110066, 7.129257432128914, 7.1292574320905295, 7.129257432027998, 7.1292574321136435, 7.129257432106279, 7.129257432161251, 7.129257432090901, 7.129257432075732, 7.129257432070831, 7.1292574320829925, 7.129257432073535, 7.129257432136126, 7.1292574321132145, 7.129257432107698, 7.129257432110072, 7.1292574321182345, 7.129257432062008, 7.129257432153955, 7.12925743205758, 7.129257432169953, 7.134590416458595, 7.1345904164528235, 7.134590416473718, 7.134590416506434, 7.1345904164555805, 7.134590416459764, 7.134590416419024, 7.134590416473187, 7.1345904164873755, 7.134590416483063, 7.13459041647684, 7.134590416487648, 7.134590416440979, 7.134590416457226, 7.134590416459908, 7.134590416458603, 7.134590416452207, 7.134590416487144, 7.134590416423982, 7.134590416500758, 7.134590416411365, 7.139950261775969, 7.139950261768629, 7.139950261776852, 7.13995026178646, 7.139950261776682, 7.139950261778117, 7.139950261774008, 7.139950261777168, 7.139950261775578, 7.139950261775419, 7.139950261778324, 7.139950261777506, 7.139950261773596, 7.139950261775228, 7.139950261776373, 7.139950261775979, 7.139950261776466, 7.139950261785042, 7.139950261775957, 7.13995026177736, 7.139950261774086, 7.134747113077681, 7.134747113089898, 7.134747113064367, 7.134747113024645, 7.13474711307883, 7.134747113074065, 7.1347471131150835, 7.134747113064707, 7.134747113051699, 7.134747113051868, 7.134747113058897, 7.134747113051037, 7.134747113096093, 7.134747113079937, 7.134747113075607, 7.13474711307768, 7.134747113083431, 7.134747113045544, 7.1347471131103175, 7.134747113039406, 7.134747113121123, 7.134489127470813, 7.134489127466366, 7.134489127483014, 7.134489127526921, 7.1344891274682025, 7.134489127472848, 7.134489127432655, 7.13448912748546, 7.134489127499036, 7.134489127503829, 7.134489127489772, 7.1344891274988615, 7.1344891274508395, 7.134489127468771, 7.134489127472198, 7.134489127470815, 7.134489127464944, 7.134489127502618, 7.134489127437669, 7.13448912751089, 7.134489127425666, 7.139671296993705, 7.139671296994587, 7.1396712969887535, 7.139671296973573, 7.139671296997285, 7.1396712969957505, 7.13967129700263, 7.139671296989827, 7.139671296988473, 7.139671296981964, 7.139671296988705, 7.13967129698738, 7.139671296998144, 7.139671296993655, 7.139671296993782, 7.139671296993695, 7.139671296996086, 7.139671296981496, 7.139671297001313, 7.13967129698626, 7.1396712970023755, 7.137918535749849, 7.137918535747924, 7.137918535747133, 7.137918535723049, 7.137918535745774, 7.137918535745127, 7.137918535774747, 7.137918535743133, 7.137918535729859, 7.137918535732442, 7.137918535738823, 7.137918535732075, 7.137918535762845, 7.137918535752306, 7.137918535748603, 7.13791853574985, 7.137918535752463, 7.137918535734696, 7.137918535772957, 7.137918535723684, 7.137918535779119, 7.135756404225659, 7.1357564042182045, 7.135756404233854, 7.135756404275655, 7.1357564042260595, 7.135756404230396, 7.135756404192054, 7.135756404236285, 7.135756404250168, 7.135756404254602, 7.1357564042433514, 7.1357564042502695, 7.135756404207402, 7.135756404223043, 7.135756404227629, 7.135756404225655, 7.1357564042219925, 7.135756404256264, 7.135756404197143, 7.135756404260076, 7.135756404186684, 7.138937434334272, 7.1389374343480085, 7.138937434326953, 7.138937434297193, 7.138937434337145, 7.138937434333711, 7.138937434347841, 7.138937434327207, 7.13893743432782, 7.138937434320668, 7.138937434325016, 7.138937434324763, 7.138937434343977, 7.138937434335541, 7.1389374343335055, 7.138937434334261, 7.138937434336752, 7.138937434309444, 7.138937434344488, 7.138937434322552, 7.138937434348175, 7.139328661096832, 7.139328661091283, 7.139328661097472, 7.139328661093423, 7.139328661091573, 7.139328661093191, 7.139328661112444, 7.139328661094427, 7.139328661082893, 7.1393286610903095, 7.13932866109173, 7.139328661085695, 7.13932866110461, 7.139328661098809, 7.139328661095962, 7.139328661096828, 7.139328661097714, 7.139328661096214, 7.13932866111272, 7.139328661078834, 7.139328661116511, 7.137216513503553, 7.137216513493202, 7.137216513508079, 7.137216513544265, 7.137216513507287, 7.137216513510669, 7.137216513476146, 7.137216513512166, 7.137216513524028, 7.137216513522789, 7.137216513518923, 7.13721651352343, 7.137216513487618, 7.137216513500504, 7.1372165135056225, 7.137216513503559, 7.137216513501506, 7.137216513529762, 7.137216513480704, 7.137216513531684, 7.137216513471517, 7.13847248461496, 7.13847248463179, 7.138472484611432, 7.138472484569872, 7.138472484614117, 7.138472484609704, 7.138472484629758, 7.138472484608935, 7.1384724846077, 7.138472484596587, 7.138472484603693, 7.138472484604592, 7.138472484627027, 7.138472484617475, 7.138472484613282, 7.138472484614953, 7.138472484616229, 7.138472484583157, 7.138472484625544, 7.138472484603063, 7.138472484629468, 7.139791094859574, 7.139791094851016, 7.139791094858878, 7.139791094872145, 7.1397910948570225, 7.139791094858984, 7.139791094867632, 7.139791094858692, 7.13979109484997, 7.13979109486169, 7.139791094858738, 7.139791094853828, 7.139791094860233, 7.139791094859642, 7.139791094859352, 7.139791094859578, 7.13979109486098, 7.139791094870102, 7.139791094869855, 7.139791094848115, 7.139791094871653, 7.1384851808686225, 7.138485180862455, 7.138485180870505, 7.138485180899142, 7.138485180872603, 7.138485180874921, 7.138485180847695, 7.138485180875345, 7.1384851808841745, 7.138485180885384, 7.1384851808792416, 7.138485180883872, 7.13848518085521, 7.138485180865908, 7.138485180870236, 7.138485180868618, 7.138485180867381, 7.138485180888828, 7.138485180851386, 7.138485180889782, 7.138485180844648, 7.138348709245419, 7.1383487092628615, 7.138348709245109, 7.138348709197462, 7.138348709241985, 7.138348709237856, 7.138348709259744, 7.138348709241079, 7.138348709238127, 7.138348709226075, 7.1383487092327735, 7.138348709235422, 7.138348709258787, 7.138348709248901, 7.138348709243417, 7.138348709245421, 7.138348709245317, 7.138348709211939, 7.1383487092552755, 7.138348709234305, 7.138348709259392, 7.139788252165276, 7.139788252150423, 7.139788252163271, 7.13978825218752, 7.139788252167056, 7.13978825216932, 7.139788252166756, 7.139788252165177, 7.139788252159678, 7.139788252168774, 7.139788252169054, 7.139788252164127, 7.1397882521609946, 7.139788252163622, 7.139788252166298, 7.139788252165271, 7.139788252167456, 7.13978825218396, 7.139788252170678, 7.13978825215975, 7.1397882521703115, 7.139450031862158, 7.1394500318609015, 7.1394500318664535, 7.139450031884254, 7.1394500318616725, 7.139450031863197, 7.139450031847555, 7.1394500318673595, 7.139450031872316, 7.13945003187476, 7.139450031869469, 7.139450031872914, 7.139450031853865, 7.1394500318614, 7.13945003186281, 7.139450031862161, 7.139450031860324, 7.139450031874669, 7.139450031850305, 7.139450031876456, 7.139450031845923, 7.138619411905397, 7.138619411924484, 7.138619411901713, 7.138619411860116, 7.1386194119052995, 7.13861941190076, 7.138619411918729, 7.138619411899723, 7.138619411900326, 7.138619411888242, 7.138619411893284, 7.138619411896126, 7.138619411918117, 7.138619411908259, 7.1386194119038295, 7.1386194119054025, 7.138619411906044, 7.138619411873401, 7.138619411914272, 7.138619411895154, 7.138619411918348, 7.139651224514326, 7.139651224497707, 7.139651224513305, 7.1396512245442505, 7.139651224516349, 7.1396512245192065, 7.139651224511235, 7.139651224516142, 7.139651224512707, 7.1396512245221375, 7.139651224520603, 7.139651224516473, 7.139651224508075, 7.139651224512588, 7.139651224515533, 7.139651224514326, 7.139651224515591, 7.139651224537493, 7.139651224515677, 7.139651224513581, 7.139651224513923, 7.140038278893872, 7.140038278892533, 7.140038278899775, 7.140038278904807, 7.14003827889047, 7.140038278891412, 7.140038278885534, 7.140038278898069, 7.140038278899107, 7.14003827890016, 7.1400382788979995, 7.140038278900159, 7.1400382788903425, 7.1400382788944174, 7.140038278893819, 7.140038278893876, 7.1400382788918435, 7.140038278899257, 7.140038278887259, 7.140038278902236, 7.140038278884393, 7.139084821249931, 7.139084821264838, 7.139084821243243, 7.13908482120845, 7.139084821253677, 7.139084821249022, 7.1390848212609015, 7.139084821243339, 7.1390848212465965, 7.139084821233946, 7.139084821240258, 7.139084821242314, 7.1390848212591855, 7.139084821250936, 7.139084821249204, 7.139084821249931, 7.139084821252158, 7.139084821222277, 7.139084821257133, 7.1390848212418785, 7.139084821260121, 7.139540158736772, 7.139540158722975, 7.139540158739857, 7.139540158771553, 7.139540158734509, 7.139540158737987, 7.139540158730807, 7.139540158741439, 7.139540158737553, 7.139540158750776, 7.139540158744087, 7.139540158741224, 7.139540158729141, 7.139540158735651, 7.139540158737544, 7.139540158736778, 7.139540158736392, 7.139540158761013, 7.13954015873512, 7.139540158739264, 7.139540158732826, 7.140327611553521, 7.140327611553775, 7.140327611554768, 7.140327611553143, 7.140327611553089, 7.14032761155304, 7.140327611551577, 7.140327611555165, 7.140327611555701, 7.140327611554587, 7.140327611553997, 7.140327611555205, 7.140327611552974, 7.1403276115538485, 7.140327611553492, 7.14032761155352, 7.140327611552961, 7.140327611552734, 7.140327611551983, 7.14032761155601, 7.140327611550843, 7.139652095124541, 7.139652095135013, 7.139652095120075, 7.139652095091914, 7.139652095127623, 7.139652095123924, 7.139652095131943, 7.139652095119965, 7.139652095122856, 7.1396520951111375, 7.139652095117578, 7.139652095119515, 7.139652095131699, 7.139652095125507, 7.139652095123956, 7.139652095124546, 7.139652095125935, 7.139652095102721, 7.139652095129142, 7.139652095119881, 7.139652095130705, 7.139552738548618, 7.139552738535907, 7.139552738553735, 7.139552738584136, 7.139552738544948, 7.139552738548056, 7.139552738540792, 7.139552738553438, 7.139552738550351, 7.139552738562604, 7.139552738557008, 7.139552738554488, 7.13955273854081, 7.139552738547986, 7.139552738549147, 7.139552738548626, 7.139552738547675, 7.139552738572097, 7.139552738545357, 7.13955273855305, 7.139552738542471, 7.140323860521231, 7.1403238605243615, 7.140323860517744, 7.140323860511774, 7.140323860524068, 7.1403238605227255, 7.14032386052433, 7.140323860518941, 7.140323860520878, 7.140323860517236, 7.1403238605186665, 7.140323860519256, 7.140323860523352, 7.140323860521236, 7.140323860521296, 7.140323860521231, 7.1403238605225186, 7.140323860515453, 7.140323860523936, 7.14032386051865, 7.140323860524393, 7.140135795756485, 7.140135795765953, 7.1401357957568194, 7.140135795735702, 7.140135795755795, 7.140135795753878, 7.140135795759473, 7.1401357957556115, 7.140135795756862, 7.1401357957497, 7.140135795751644, 7.140135795754735, 7.140135795761678, 7.140135795758155, 7.140135795755752, 7.140135795756485, 7.14013579575584, 7.140135795741396, 7.140135795757675, 7.140135795755568, 7.140135795758315, 7.139771756353779, 7.139771756341179, 7.139771756355616, 7.139771756384372, 7.139771756353916, 7.139771756356376, 7.139771756346173, 7.139771756357645, 7.139771756355497, 7.139771756364956, 7.139771756361793, 7.13977175635947, 7.139771756345544, 7.139771756352336, 7.139771756354829, 7.139771756353788, 7.139771756353939, 7.139771756375538, 7.139771756350733, 7.139771756358072, 7.139771756347845, 7.140223755527858, 7.140223755532567, 7.140223755526662, 7.140223755511987, 7.140223755527562, 7.140223755525945, 7.140223755534179, 7.140223755525429, 7.140223755524261, 7.140223755520496, 7.140223755523012, 7.140223755523688, 7.14022375553276, 7.140223755528859, 7.14022375552739, 7.1402237555278685, 7.140223755528718, 7.1402237555175985, 7.140223755533259, 7.1402237555221895, 7.140223755534678, 7.140409004009217, 7.140409004015378, 7.140409004009, 7.140409003999423, 7.14040900401024, 7.140409004008838, 7.140409004007428, 7.140409004009134, 7.140409004012549, 7.140409004007371, 7.140409004007499, 7.140409004010929, 7.140409004009815, 7.14040900400959, 7.140409004009084, 7.1404090040092205, 7.140409004009088, 7.140409004001552, 7.140409004006925, 7.140409004012679, 7.140409004005955, 7.140124315129855, 7.140124315120105, 7.140124315131042, 7.1401243151545915, 7.140124315129397, 7.140124315131362, 7.14012431512536, 7.140124315133048, 7.140124315130178, 7.140124315139112, 7.140124315135384, 7.140124315133358, 7.140124315123868, 7.140124315128963, 7.1401243151304, 7.140124315129852, 7.140124315129959, 7.140124315147082, 7.1401243151290785, 7.140124315131602, 7.140124315127007, 7.140209453559628, 7.140209453565019, 7.140209453558288, 7.140209453540582, 7.14020945355931, 7.140209453557572, 7.140209453566944, 7.1402094535574605, 7.140209453555773, 7.140209453550706, 7.140209453554044, 7.140209453554771, 7.140209453565783, 7.140209453561015, 7.1402094535588905, 7.140209453559621, 7.140209453560169, 7.140209453547247, 7.140209453565585, 7.140209453553501, 7.140209453567059, 7.140466150069022, 7.140466150071127, 7.140466150068856, 7.140466150068798, 7.140466150071203, 7.140466150070554, 7.140466150063254, 7.14046615006987, 7.140466150074551, 7.140466150070416, 7.140466150071035, 7.140466150073586, 7.1404661500660485, 7.140466150068472, 7.140466150069411, 7.140466150069038, 7.1404661500691216, 7.140466150068183, 7.1404661500640145, 7.140466150075765, 7.140466150061628, 7.140431688648955, 7.140431688642725, 7.140431688651663, 7.140431688665454, 7.1404316886455055, 7.140431688647235, 7.140431688649034, 7.1404316886509465, 7.140431688646578, 7.140431688654633, 7.140431688651654, 7.140431688649313, 7.1404316886468795, 7.140431688649188, 7.140431688648965, 7.140431688648955, 7.140431688648877, 7.140431688660183, 7.140431688651674, 7.140431688646434, 7.140431688651082, 7.1403732415121075, 7.1403732415175005, 7.14037324150751, 7.140373241493015, 7.1403732415157135, 7.140373241513887, 7.140373241517363, 7.140373241509015, 7.140373241510879, 7.140373241504089, 7.140373241507399, 7.140373241508756, 7.140373241516552, 7.140373241512433, 7.140373241512054, 7.140373241512112, 7.140373241513576, 7.140373241500589, 7.140373241516035, 7.140373241508388, 7.140373241516867, 7.140481244523718, 7.14048124452383, 7.140481244528325, 7.140481244531252, 7.140481244521043, 7.140481244521823, 7.140481244516426, 7.140481244527433, 7.140481244528525, 7.140481244529866, 7.140481244527117, 7.140481244529525, 7.140481244520382, 7.140481244524378, 7.14048124452363, 7.140481244523728, 7.140481244521955, 7.140481244526882, 7.140481244518049, 7.140481244531241, 7.140481244515267, 7.140579069739922, 7.140579069733671, 7.140579069736706, 7.1405790697460345, 7.140579069741757, 7.140579069742071, 7.140579069744172, 7.1405790697381075, 7.140579069735708, 7.140579069739153, 7.140579069740166, 7.1405790697371865, 7.140579069739682, 7.140579069739184, 7.140579069740387, 7.1405790697399105, 7.140579069742153, 7.140579069746002, 7.140579069746023, 7.140579069733851, 7.1405790697461935, 7.140608769495647, 7.140608769502303, 7.140608769497449, 7.140608769482333, 7.140608769493734, 7.140608769492752, 7.14060876949671, 7.140608769495649, 7.1406087694968114, 7.140608769491997, 7.1406087694924985, 7.140608769495457, 7.140608769498829, 7.140608769497025, 7.140608769495058, 7.1406087694956355, 7.140608769494908, 7.1406087694850955, 7.1406087694957, 7.140608769496529, 7.140608769495325, 7.14062013646055, 7.140620136457803, 7.140620136459229, 7.1406201364708375, 7.140620136463322, 7.140620136463703, 7.140620136454842, 7.140620136462108, 7.140620136464573, 7.140620136465791, 7.140620136464552, 7.140620136465086, 7.140620136455544, 7.14062013645946, 7.1406201364612585, 7.140620136460547, 7.140620136461106, 7.140620136467322, 7.1406201364570085, 7.140620136465683, 7.140620136454448, 7.140648434494459, 7.1406484344928485, 7.140648434496094, 7.140648434493441, 7.140648434490503, 7.1406484344909975, 7.140648434501181, 7.140648434494707, 7.140648434488449, 7.140648434492101, 7.140648434492055, 7.140648434490142, 7.140648434498501, 7.140648434495944, 7.140648434493757, 7.140648434494457, 7.140648434494471, 7.140648434494357, 7.140648434501941, 7.140648434486601, 7.140648434503085, 7.140725044699633, 7.140725044703036, 7.140725044696095, 7.140725044691586, 7.140725044704998, 7.140725044703571, 7.140725044695421, 7.140725044698479, 7.1407250447051815, 7.140725044697465, 7.140725044699939, 7.1407250447031405, 7.140725044697739, 7.140725044698625, 7.140725044700272, 7.1407250446996295, 7.140725044700863, 7.140725044694654, 7.1407250446955794, 7.140725044705598, 7.140725044693368, 7.1407928490806345, 7.14079284907894, 7.140792849086832, 7.14079284909085, 7.140792849073849, 7.140792849075283, 7.140792849079739, 7.140792849083838, 7.140792849079417, 7.140792849085738, 7.140792849082101, 7.14079284908192, 7.140792849080129, 7.140792849082198, 7.14079284907997, 7.140792849080644, 7.140792849079058, 7.1407928490860115, 7.140792849081753, 7.1407928490801815, 7.140792849080854, 7.140768112156827, 7.140768112155232, 7.140768112147755, 7.140768112150202, 7.1407681121651025, 7.1407681121636895, 7.140768112161362, 7.140768112152725, 7.140768112154921, 7.140768112151136, 7.140768112154974, 7.14076811215393, 7.140768112157307, 7.1407681121551745, 7.140768112157774, 7.140768112156823, 7.140768112160457, 7.140768112155607, 7.140768112161931, 7.140768112152111, 7.140768112162088, 7.140699913825706, 7.140699913831476, 7.140699913837289, 7.140699913825499, 7.140699913815418, 7.140699913816403, 7.140699913819993, 7.1406999138318215, 7.140699913829054, 7.140699913830758, 7.1406999138262295, 7.140699913830665, 7.140699913826058, 7.140699913828993, 7.140699913824262, 7.140699913825715, 7.140699913821146, 7.140699913821143, 7.140699913820599, 7.140699913832586, 7.140699913818427, 7.140617450895354, 7.140617450887144, 7.140617450880651, 7.1406174509000335, 7.140617450909882, 7.140617450908453, 7.140617450898261, 7.140617450889195, 7.140617450894305, 7.1406174508913365, 7.140617450896754, 7.140617450893405, 7.140617450891205, 7.140617450891086, 7.140617450897606, 7.140617450895358, 7.140617450901763, 7.140617450903668, 7.140617450900593, 7.140617450890719, 7.1406174508998985, 7.140344375983445, 7.140344375992234, 7.140344376003455, 7.140344375978426, 7.140344375962103, 7.14034437596397, 7.1403443759844025, 7.140344375991482, 7.14034437598066, 7.140344375986912, 7.140344375979751, 7.140344375983814, 7.140344375990725, 7.14034437599009, 7.1403443759802325, 7.140344375983454, 7.140344375976218, 7.140344375973863, 7.140344375984043, 7.140344375983388, 7.140344375984219, 7.139594922620016, 7.139594922611888, 7.139594922591562, 7.139594922621582, 7.1395949226516695, 7.139594922647758, 7.139594922614474, 7.13959492260952, 7.139594922628161, 7.139594922614978, 7.139594922625079, 7.139594922623888, 7.139594922608438, 7.139594922611142, 7.139594922624617, 7.139594922620023, 7.139594922630634, 7.139594922628953, 7.139594922617164, 7.139594922625229, 7.139594922613637, 7.138173806711837, 7.13817380672155, 7.13817380675134, 7.13817380671438, 7.138173806667698, 7.138173806673189, 7.138173806718931, 7.138173806728512, 7.1381738067000535, 7.138173806720664, 7.138173806705241, 7.138173806708243, 7.1381738067267015, 7.138173806724691, 7.138173806705579, 7.138173806711842, 7.138173806697757, 7.138173806703034, 7.138173806718702, 7.138173806703763, 7.138173806721485, 7.136486155577508, 7.136486155564917, 7.1364861555265335, 7.1364861555726495, 7.136486155633676, 7.136486155625836, 7.136486155569866, 7.1364861555560015, 7.136486155590888, 7.136486155563965, 7.136486155584432, 7.1364861555823556, 7.136486155559273, 7.136486155561795, 7.136486155585304, 7.1364861555775025, 7.136486155596761, 7.136486155588405, 7.136486155573023, 7.136486155585488, 7.136486155567895, 7.135996396730855, 7.135996396747215, 7.135996396785441, 7.135996396733458, 7.1359963966721915, 7.135996396680012, 7.1359963967355275, 7.135996396755981, 7.13599639671974, 7.135996396745558, 7.135996396723469, 7.135996396729362, 7.135996396748266, 7.135996396748053, 7.135996396722797, 7.135996396730863, 7.135996396710289, 7.135996396716516, 7.135996396734433, 7.135996396726028, 7.1359963967372755, 7.138314196022646, 7.1383141960071255, 7.1383141959809855, 7.138314196026586, 7.138314196066563, 7.138314196060419, 7.138314196020863, 7.138314196002813, 7.1383141960291105, 7.138314196011624, 7.138314196029654, 7.138314196023423, 7.138314196009284, 7.138314196010019, 7.138314196028755, 7.1383141960226455, 7.138314196039598, 7.138314196037962, 7.138314196024738, 7.138314196022657, 7.138314196021342, 7.141012059638852, 7.141012059648293, 7.141012059652508, 7.1410120596269975, 7.141012059625635, 7.141012059626947, 7.141012059637512, 7.141012059645691, 7.141012059641327, 7.141012059641138, 7.141012059636254, 7.141012059640836, 7.141012059644333, 7.141012059643936, 7.141012059636816, 7.141012059638844, 7.141012059632823, 7.1410120596261395, 7.141012059636202, 7.141012059642767, 7.141012059635273, 7.140895916751404, 7.140895916750228, 7.14089591676794, 7.140895916764022, 7.140895916731995, 7.140895916735489, 7.140895916755658, 7.1408959167599155, 7.140895916745532, 7.14089591676038, 7.140895916750916, 7.14089591674941, 7.140895916756105, 7.140895916756824, 7.140895916749069, 7.140895916751416, 7.140895916745779, 7.140895916755546, 7.140895916757301, 7.140895916745234, 7.140895916757927, 7.139131028978617, 7.139131028968944, 7.13913102894204, 7.139131028972134, 7.139131029018919, 7.139131029012219, 7.13913102897369, 7.13913102896027, 7.139131028988029, 7.139131028967071, 7.139131028983066, 7.1391310289819225, 7.139131028966226, 7.139131028967155, 7.139131028984242, 7.13913102897862, 7.13913102899357, 7.139131028984229, 7.139131028976135, 7.139131028984463, 7.139131028971692, 7.138948984734774, 7.138948984748341, 7.138948984773167, 7.138948984726521, 7.13894898469394, 7.138948984698718, 7.1389489847386525, 7.138948984753534, 7.138948984726623, 7.1389489847433625, 7.13894898472774, 7.138948984733679, 7.138948984748156, 7.138948984747473, 7.138948984729025, 7.13894898473477, 7.138948984719771, 7.1389489847181, 7.138948984737238, 7.138948984732109, 7.1389489847389145, 7.140625876229599, 7.140625876215958, 7.140625876208186, 7.140625876251334, 7.1406258762519625, 7.140625876249604, 7.140625876226964, 7.140625876221045, 7.140625876232286, 7.140625876230496, 7.140625876237321, 7.140625876231608, 7.140625876218272, 7.140625876222212, 7.140625876233313, 7.140625876229605, 7.140625876239133, 7.140625876250176, 7.140625876232123, 7.140625876228543, 7.140625876229256, 7.141435986666007, 7.141435986675583, 7.141435986662462, 7.141435986638766, 7.141435986671431, 7.14143598666899, 7.14143598666609, 7.141435986663485, 7.14143598667124, 7.141435986655754, 7.141435986660422, 7.1414359866666075, 7.141435986669901, 7.14143598666627, 7.14143598666627, 7.141435986666013, 7.141435986666752, 7.141435986648527, 7.141435986663846, 7.141435986670254, 7.141435986662628, 7.140832285486673, 7.140832285487075, 7.140832285509103, 7.140832285506102, 7.140832285461069, 7.140832285465003, 7.1408322854887745, 7.140832285499345, 7.140832285478755, 7.140832285499714, 7.140832285487631, 7.140832285486456, 7.140832285490987, 7.140832285493973, 7.140832285483286, 7.140832285486666, 7.140832285478597, 7.140832285494188, 7.140832285492059, 7.140832285480785, 7.140832285492645, 7.140571021237258, 7.1405710212300475, 7.140571021209361, 7.1405710212367035, 7.1405710212688245, 7.140571021263283, 7.140571021231565, 7.140571021223062, 7.1405710212450995, 7.140571021228585, 7.140571021241644, 7.140571021241402, 7.140571021226785, 7.140571021228453, 7.140571021241596, 7.140571021237266, 7.140571021248897, 7.14057102124438, 7.140571021234778, 7.14057102124295, 7.1405710212305005, 7.14113015376915, 7.141130153780486, 7.1411301537881275, 7.1411301537472225, 7.141130153749005, 7.141130153750575, 7.141130153774913, 7.141130153778044, 7.141130153764717, 7.141130153766075, 7.141130153759915, 7.141130153766252, 7.141130153780514, 7.141130153776839, 7.141130153765786, 7.141130153769143, 7.141130153761212, 7.141130153750134, 7.141130153772618, 7.141130153766335, 7.141130153773874, 7.1415066707998225, 7.141506670789488, 7.14150667079703, 7.141506670835884, 7.141506670802155, 7.141506670802945, 7.141506670794804, 7.14150667080137, 7.1415066707998065, 7.141506670813384, 7.1415066708095, 7.141506670804112, 7.14150667078917, 7.141506670797706, 7.141506670800919, 7.1415066707998305, 7.141506670802059, 7.1415066708234685, 7.141506670801414, 7.141506670799196, 7.141506670798645, 7.141567249498054, 7.141567249505506, 7.14156724948719, 7.14156724946371, 7.141567249511576, 7.1415672495075695, 7.1415672494994515, 7.141567249490517, 7.141567249503515, 7.141567249481728, 7.141567249491195, 7.141567249497553, 7.141567249500926, 7.141567249495913, 7.141567249499441, 7.141567249498059, 7.141567249502194, 7.141567249478141, 7.141567249496793, 7.14156724950211, 7.141567249495108, 7.141909694159791, 7.141909694157621, 7.141909694175497, 7.141909694174825, 7.14190969414124, 7.1419096941441, 7.141909694162695, 7.141909694169355, 7.141909694152704, 7.141909694169726, 7.141909694160997, 7.141909694158956, 7.141909694162676, 7.1419096941650535, 7.141909694157449, 7.141909694159781, 7.141909694154381, 7.141909694166682, 7.141909694165953, 7.1419096941534566, 7.141909694166159, 7.142211636130633, 7.142211636126269, 7.142211636119076, 7.1422116361398675, 7.142211636144657, 7.142211636142406, 7.142211636122492, 7.142211636125538, 7.142211636137842, 7.142211636133588, 7.142211636136729, 7.142211636137025, 7.142211636121914, 7.142211636126546, 7.142211636132854, 7.142211636130638, 7.142211636135649, 7.1422116361386845, 7.142211636126312, 7.142211636137696, 7.142211636122122, 7.142050243982528, 7.142050243990302, 7.142050243985124, 7.142050243951942, 7.14205024397882, 7.142050243977986, 7.142050243992509, 7.142050243982139, 7.142050243979725, 7.142050243969457, 7.142050243971767, 7.142050243976228, 7.142050243994166, 7.142050243985751, 7.142050243981483, 7.1420502439825215, 7.142050243981391, 7.142050243962749, 7.1420502439893205, 7.142050243976583, 7.142050243990809, 7.142061485678023, 7.142061485670426, 7.142061485681671, 7.142061485714481, 7.14206148567441, 7.14206148567548, 7.142061485669113, 7.1420614856826905, 7.142061485679177, 7.142061485695765, 7.142061485690002, 7.142061485685446, 7.142061485667418, 7.142061485677898, 7.142061485678254, 7.142061485678013, 7.142061485677485, 7.1420614856990845, 7.142061485676359, 7.1420614856810145, 7.142061485672647, 7.142707271562907, 7.142707271567555, 7.1427072715582876, 7.142707271536984, 7.142707271569201, 7.142707271566944, 7.142707271566477, 7.142707271558926, 7.142707271564882, 7.14270727155009, 7.14270727155615, 7.14270727156099, 7.14270727156754, 7.142707271562731, 7.142707271563486, 7.142707271562917, 7.1427072715648805, 7.1427072715471045, 7.142707271564708, 7.142707271563442, 7.142707271563652, 7.143283053778069, 7.143283053776345, 7.143283053780008, 7.143283053782057, 7.143283053775165, 7.143283053775336, 7.143283053780594, 7.1432830537797045, 7.143283053775625, 7.143283053779603, 7.143283053777559, 7.143283053777202, 7.143283053778754, 7.143283053779278, 7.1432830537777585, 7.1432830537780685, 7.143283053777949, 7.143283053780528, 7.143283053782887, 7.143283053774199, 7.143283053782196, 7.14315934910008, 7.143159349098565, 7.143159349101871, 7.143159349116048, 7.143159349099776, 7.143159349099518, 7.14315934909083, 7.14315934910233, 7.143159349103892, 7.143159349111088, 7.1431593491069565, 7.143159349107801, 7.1431593490921825, 7.143159349099907, 7.143159349100313, 7.143159349100068, 7.143159349099803, 7.1431593491087, 7.1431593490957725, 7.14315934910658, 7.143159349091975, 7.142931694299859, 7.142931694303968, 7.142931694296758, 7.142931694272471, 7.142931694301962, 7.142931694300437, 7.142931694311014, 7.142931694296938, 7.142931694296186, 7.142931694284106, 7.142931694289204, 7.142931694292604, 7.142931694309925, 7.142931694301062, 7.1429316942996595, 7.142931694299859, 7.142931694301494, 7.1429316942850365, 7.142931694308704, 7.142931694292006, 7.142931694310123, 7.143297846013993, 7.143297846010673, 7.143297846014325, 7.14329784603649, 7.143297846015696, 7.143297846015183, 7.143297846002622, 7.143297846015913, 7.143297846018677, 7.143297846026279, 7.143297846023928, 7.143297846023219, 7.1432978460033345, 7.143297846012961, 7.143297846014584, 7.143297846013999, 7.1432978460144705, 7.143297846027016, 7.143297846008942, 7.143297846021402, 7.143297846004361, 7.14385906322759, 7.143859063229633, 7.1438590632328145, 7.143859063218795, 7.143859063221211, 7.14385906322154, 7.143859063234204, 7.143859063230468, 7.1438590632238395, 7.143859063223174, 7.1438590632221945, 7.143859063223899, 7.14385906323347, 7.143859063230564, 7.143859063226511, 7.143859063227591, 7.143859063226013, 7.143859063221656, 7.143859063234447, 7.143859063221666, 7.143859063234845, 7.144087282634713, 7.1440872826361606, 7.144087282625509, 7.144087282627946, 7.144087282646252, 7.144087282643522, 7.14408728263207, 7.144087282629206, 7.144087282639169, 7.144087282629915, 7.144087282634233, 7.144087282637353, 7.144087282631907, 7.144087282632276, 7.144087282636207, 7.144087282634712, 7.144087282638693, 7.144087282630878, 7.144087282633548, 7.1440872826387185, 7.144087282630621, 7.1441885982397695, 7.144188598237033, 7.144188598248834, 7.144188598255979, 7.14418859822937, 7.144188598230435, 7.1441885982381095, 7.144188598246214, 7.144188598236551, 7.144188598250167, 7.144188598243899, 7.144188598242385, 7.144188598237765, 7.144188598242878, 7.144188598238385, 7.144188598239772, 7.144188598236769, 7.144188598248178, 7.1441885982428595, 7.144188598237679, 7.144188598241147, 7.1445331174331645, 7.144533117435614, 7.144533117428715, 7.144533117415746, 7.144533117439257, 7.144533117437414, 7.144533117435005, 7.14453311742978, 7.144533117435401, 7.144533117424103, 7.144533117428292, 7.144533117432706, 7.144533117435734, 7.144533117432631, 7.14453311743391, 7.144533117433161, 7.144533117435408, 7.144533117423109, 7.144533117434602, 7.144533117434269, 7.144533117432964, 7.144936557879427, 7.144936557877178, 7.144936557876598, 7.1449365578888475, 7.144936557882218, 7.144936557881436, 7.144936557878003, 7.144936557878803, 7.144936557880337, 7.1449365578828345, 7.144936557882689, 7.144936557881534, 7.144936557875986, 7.1449365578786885, 7.144936557880097, 7.14493655787943, 7.144936557881318, 7.144936557885728, 7.144936557881698, 7.1449365578786015, 7.144936557879673, 7.1450757328690555, 7.14507573287162, 7.14507573287938, 7.14507573286676, 7.145075732858728, 7.145075732859549, 7.1450757328680545, 7.14507573287493, 7.145075732867684, 7.145075732873366, 7.145075732868807, 7.1450757328713, 7.145075732870344, 7.145075732872802, 7.145075732867601, 7.145075732869053, 7.145075732865203, 7.145075732865198, 7.145075732869964, 7.145075732869636, 7.145075732868493, 7.145114490960879, 7.145114490958797, 7.14511449094581, 7.145114490958711, 7.145114490977134, 7.145114490974109, 7.1451144909624595, 7.145114490952507, 7.145114490963833, 7.145114490953375, 7.145114490960303, 7.145114490960423, 7.145114490958914, 7.145114490956872, 7.1451144909632545, 7.145114490960881, 7.145114490967581, 7.145114490962103, 7.145114490964249, 7.145114490959656, 7.145114490962265, 7.145350749175794, 7.1453507491779735, 7.145350749191993, 7.145350749173067, 7.14535074915987, 7.1453507491614285, 7.145350749173639, 7.145350749184509, 7.145350749173761, 7.145350749182407, 7.145350749175468, 7.1453507491791575, 7.145350749177464, 7.145350749181423, 7.145350749173411, 7.145350749175791, 7.145350749169544, 7.1453507491708645, 7.145350749175697, 7.145350749177692, 7.14535074917387, 7.1456746875639086, 7.145674687559714, 7.145674687549806, 7.145674687576423, 7.145674687577972, 7.145674687575372, 7.1456746875646395, 7.1456746875568395, 7.145674687565896, 7.145674687562512, 7.145674687567122, 7.145674687564218, 7.14567468755939, 7.145674687559956, 7.145674687566108, 7.1456746875639, 7.1456746875704145, 7.145674687573923, 7.145674687568558, 7.145674687560699, 7.145674687566632, 7.145793361686454, 7.145793361693884, 7.145793361698481, 7.145793361660856, 7.145793361676992, 7.1457933616771925, 7.145793361685277, 7.145793361691282, 7.145793361686888, 7.145793361682241, 7.145793361680033, 7.145793361688936, 7.145793361691136, 7.14579336169093, 7.145793361684788, 7.145793361686467, 7.145793361681587, 7.14579336166726, 7.1457933616836495, 7.145793361692136, 7.145793361681785, 7.1456453146114365, 7.145645314602098, 7.14564531459899, 7.145645314647562, 7.145645314620251, 7.145645314618751, 7.145645314614543, 7.145645314608346, 7.145645314609126, 7.145645314618893, 7.145645314619993, 7.1456453146103565, 7.1456453146051055, 7.145645314608135, 7.145645314613081, 7.145645314611439, 7.145645314617483, 7.145645314637364, 7.145645314621916, 7.145645314600529, 7.145645314621202, 7.145100048680694, 7.145100048693392, 7.145100048697869, 7.145100048634694, 7.1451000486708915, 7.145100048670788, 7.1451000486703045, 7.145100048685177, 7.145100048687016, 7.145100048674612, 7.145100048672268, 7.145100048690025, 7.145100048683534, 7.145100048685749, 7.145100048678854, 7.14510004868069, 7.14510004867351, 7.14510004864638, 7.145100048666439, 7.1451000487003125, 7.145100048661831, 7.143386526644846, 7.143386526627341, 7.143386526618315, 7.143386526699327, 7.143386526660699, 7.1433865266586585, 7.143386526667122, 7.143386526637978, 7.1433865266341625, 7.143386526645377, 7.143386526650247, 7.1433865266295555, 7.143386526645058, 7.143386526638983, 7.143386526647612, 7.143386526644852, 7.143386526657233, 7.143386526687865, 7.143386526674815, 7.143386526611117, 7.143386526679114, 7.138818711743129, 7.138818711767859, 7.138818711782761, 7.138818711673698, 7.138818711721247, 7.138818711721782, 7.138818711703669, 7.138818711752618, 7.138818711760563, 7.138818711751224, 7.13881871174102, 7.138818711774537, 7.1388187117348805, 7.13881871175228, 7.138818711739127, 7.138818711743128, 7.138818711726029, 7.138818711684828, 7.138818711699224, 7.138818711796962, 7.138818711687199, 7.131417265515566, 7.1314172654812555, 7.131417265462478, 7.131417265604614, 7.131417265545629, 7.131417265542638, 7.131417265574054, 7.131417265503391, 7.131417265491026, 7.131417265501539, 7.131417265515309, 7.131417265473232, 7.131417265527934, 7.131417265504805, 7.13141726552058, 7.131417265515564, 7.131417265539576, 7.131417265590787, 7.131417265581865, 7.131417265439734, 7.131417265595006, 7.128317633254602, 7.128317633293495, 7.128317633315435, 7.128317633153159, 7.128317633219924, 7.128317633222384, 7.128317633194801, 7.128317633268198, 7.128317633281197, 7.128317633269081, 7.12831763325332, 7.128317633301497, 7.128317633240602, 7.128317633267692, 7.128317633248766, 7.128317633254604, 7.12831763322888, 7.128317633169427, 7.128317633187268, 7.128317633334851, 7.128317633170868, 7.138734881338373, 7.138734881311915, 7.138734881285552, 7.1387348814149965, 7.138734881377496, 7.138734881371223, 7.138734881371977, 7.138734881323147, 7.138734881323836, 7.138734881328285, 7.138734881346685, 7.138734881313959, 7.138734881342444, 7.138734881326831, 7.138734881344126, 7.138734881338379, 7.138734881360419, 7.1387348814002936, 7.138734881381946, 7.138734881289219, 7.138734881388194, 7.146357518882607, 7.146357518884592, 7.146357518912759, 7.146357518864445, 7.146357518849069, 7.146357518854796, 7.146357518893485, 7.146357518899933, 7.1463575188748125, 7.146357518882752, 7.14635751886978, 7.146357518877138, 7.146357518898167, 7.146357518893798, 7.146357518878139, 7.146357518882605, 7.146357518871643, 7.146357518869212, 7.14635751889113, 7.146357518874166, 7.146357518894001, 7.141120130749354, 7.141120130770634, 7.141120130748498, 7.141120130715229, 7.141120130768761, 7.141120130765376, 7.141120130702362, 7.141120130734796, 7.141120130779453, 7.141120130758424, 7.141120130759892, 7.141120130784933, 7.14112013072449, 7.141120130743181, 7.141120130752841, 7.141120130749348, 7.141120130750059, 7.141120130715502, 7.141120130703099, 7.141120130804262, 7.141120130689825, 7.13980598915815, 7.139805989129059, 7.139805989138452, 7.139805989213642, 7.139805989158109, 7.139805989157676, 7.139805989207195, 7.139805989165669, 7.139805989127583, 7.139805989148567, 7.139805989154553, 7.139805989123652, 7.139805989177016, 7.139805989157834, 7.1398059891580425, 7.139805989158139, 7.139805989167051, 7.139805989206674, 7.139805989212714, 7.139805989096959, 7.139805989222972, 7.146745279037729, 7.1467452790520944, 7.1467452790639605, 7.146745278996506, 7.146745279018858, 7.146745279021638, 7.146745279023612, 7.146745279044278, 7.146745279040776, 7.146745279039786, 7.146745279032081, 7.146745279050176, 7.146745279035798, 7.146745279043991, 7.146745279034833, 7.146745279037749, 7.146745279027235, 7.1467452790032695, 7.1467452790201795, 7.146745279059962, 7.146745279015573, 7.145308880096776, 7.145308880106346, 7.145308880073732, 7.145308880101674, 7.145308880129936, 7.1453088801260005, 7.145308880067489, 7.145308880075261, 7.145308880121746, 7.145308880103128, 7.145308880109397, 7.1453088801185825, 7.145308880074048, 7.145308880086216, 7.145308880101771, 7.145308880096771, 7.145308880106143, 7.145308880094521, 7.1453088800722755, 7.145308880126283, 7.1453088800634, 7.14073371031959, 7.140733710295658, 7.140733710338845, 7.140733710344068, 7.140733710280828, 7.140733710287732, 7.14073371036709, 7.140733710346295, 7.140733710290272, 7.140733710314062, 7.1407337103048425, 7.140733710287208, 7.140733710349477, 7.140733710332199, 7.140733710313267, 7.140733710319592, 7.140733710312927, 7.140733710347359, 7.140733710368038, 7.140733710265882, 7.140733710378863, 7.146001301189843, 7.146001301206821, 7.1460013011732615, 7.1460013011663355, 7.146001301218647, 7.146001301212701, 7.146001301162436, 7.146001301169787, 7.146001301204659, 7.146001301184639, 7.146001301198534, 7.146001301210518, 7.146001301175535, 7.14600130118215, 7.146001301193282, 7.146001301189843, 7.146001301195843, 7.146001301168407, 7.146001301163225, 7.146001301222194, 7.146001301154268, 7.149019183680979, 7.149019183688384, 7.149019183689886, 7.149019183674796, 7.149019183675687, 7.14901918367761, 7.149019183668136, 7.149019183683127, 7.149019183685955, 7.149019183690893, 7.149019183685239, 7.149019183692078, 7.149019183672884, 7.149019183682699, 7.149019183680034, 7.14901918368098, 7.1490191836764865, 7.149019183671805, 7.149019183669863, 7.149019183694512, 7.149019183665974, 7.144737193076725, 7.144737193053459, 7.14473719308036, 7.144737193108837, 7.144737193057481, 7.144737193063071, 7.144737193115418, 7.1447371930928405, 7.144737193060433, 7.1447371930729275, 7.14473719306582, 7.144737193049909, 7.14473719309449, 7.144737193081773, 7.144737193074512, 7.144737193076726, 7.14473719307688, 7.1447371931073365, 7.14473719311725, 7.144737193032199, 7.144737193125634, 7.1459514471839976, 7.145951447199485, 7.145951447167731, 7.145951447157071, 7.145951447213436, 7.145951447208029, 7.1459514471558885, 7.1459514471604875, 7.145951447201608, 7.145951447178088, 7.145951447189462, 7.145951447205072, 7.145951447168637, 7.145951447174357, 7.145951447188839, 7.145951447183984, 7.145951447191789, 7.145951447160093, 7.145951447155572, 7.145951447218757, 7.145951447146503, 7.148676672378996, 7.148676672383695, 7.148676672405112, 7.148676672369401, 7.148676672352861, 7.148676672355664, 7.148676672374623, 7.14867667239371, 7.148676672368468, 7.148676672390506, 7.148676672380638, 7.148676672384897, 7.148676672381674, 7.148676672387706, 7.148676672374705, 7.148676672378992, 7.148676672367559, 7.148676672368385, 7.1486766723756885, 7.148676672383265, 7.148676672374209, 7.146323812984504, 7.146323812964838, 7.146323812958665, 7.146323813030503, 7.146323812999152, 7.146323812998424, 7.14632381301208, 7.146323812984382, 7.1463238129790065, 7.146323812977619, 7.146323812983913, 7.1463238129646935, 7.146323812993574, 7.146323812980477, 7.146323812986735, 7.146323812984498, 7.146323812994988, 7.146323813023171, 7.1463238130169255, 7.146323812948809, 7.146323813022018, 7.147119421281331, 7.147119421298053, 7.147119421295364, 7.1471194212335565, 7.147119421279043, 7.147119421281017, 7.1471194212593305, 7.1471194212754625, 7.147119421297576, 7.147119421277911, 7.147119421275635, 7.147119421298615, 7.147119421274235, 7.147119421281868, 7.147119421281714, 7.1471194212813405, 7.147119421276788, 7.147119421243104, 7.147119421254223, 7.147119421314638, 7.147119421247574, 7.150018422605446, 7.150018422606955, 7.150018422610112, 7.150018422618505, 7.150018422598805, 7.150018422598121, 7.150018422603588, 7.150018422609929, 7.150018422599233, 7.1500184226144965, 7.150018422612937, 7.150018422608712, 7.1500184226044095, 7.150018422607542, 7.150018422603964, 7.150018422605454, 7.15001842260296, 7.150018422611797, 7.150018422607392, 7.150018422603341, 7.150018422606142, 7.148178230199422, 7.148178230184376, 7.148178230179828, 7.148178230232514, 7.148178230210396, 7.148178230207875, 7.148178230221152, 7.148178230199182, 7.148178230189762, 7.148178230192487, 7.1481782301999495, 7.148178230184246, 7.148178230207, 7.148178230196289, 7.148178230200607, 7.14817823019943, 7.148178230207306, 7.148178230227671, 7.148178230224959, 7.148178230171925, 7.148178230228124, 7.147299514120498, 7.14729951413387, 7.14729951414388, 7.147299514066743, 7.147299514107704, 7.14729951411164, 7.147299514102236, 7.147299514120297, 7.147299514131089, 7.147299514119196, 7.14729951411042, 7.147299514135442, 7.1472995141142786, 7.147299514123944, 7.147299514119198, 7.147299514120508, 7.147299514111844, 7.1472995140793305, 7.147299514095704, 7.147299514151723, 7.147299514089814, 7.149624480362722, 7.1496244803597895, 7.14962448034508, 7.14962448039525, 7.149624480377092, 7.149624480374453, 7.149624480362539, 7.149624480356639, 7.1496244803647055, 7.14962448037059, 7.1496244803729105, 7.149624480363884, 7.149624480356999, 7.149624480357953, 7.149624480364527, 7.14962448036272, 7.149624480369148, 7.149624480384644, 7.149624480368574, 7.149624480355968, 7.149624480367756, 7.149254959594921, 7.149254959587294, 7.149254959603231, 7.149254959604485, 7.149254959579467, 7.149254959580953, 7.149254959613755, 7.149254959607176, 7.149254959581309, 7.149254959590988, 7.149254959590812, 7.1492549595827946, 7.149254959607555, 7.149254959600225, 7.149254959592279, 7.149254959594923, 7.149254959591791, 7.14925495960535, 7.1492549596140496, 7.149254959574027, 7.149254959617647, 7.148512843405037, 7.148512843417606, 7.148512843404276, 7.1485128433698915, 7.148512843416718, 7.148512843415646, 7.148512843385401, 7.148512843392686, 7.148512843418508, 7.148512843397946, 7.148512843403654, 7.148512843420027, 7.1485128433968885, 7.148512843401554, 7.148512843407165, 7.148512843405032, 7.148512843405818, 7.148512843377726, 7.1485128433821545, 7.148512843433163, 7.148512843375853, 7.150251273197577, 7.150251273192351, 7.150251273194085, 7.1502512732219685, 7.150251273196314, 7.1502512731972425, 7.150251273202777, 7.150251273202458, 7.150251273195552, 7.150251273207113, 7.150251273202125, 7.150251273195162, 7.150251273196922, 7.150251273198173, 7.150251273197171, 7.150251273197589, 7.150251273197684, 7.1502512732146855, 7.150251273206699, 7.150251273187033, 7.150251273207712, 7.1501777832020785, 7.150177783196069, 7.150177783208311, 7.150177783208925, 7.150177783190851, 7.15017778319244, 7.150177783215258, 7.150177783210026, 7.150177783193804, 7.150177783201268, 7.150177783197697, 7.150177783193899, 7.150177783209928, 7.150177783205454, 7.150177783200485, 7.150177783202076, 7.1501777831999345, 7.150177783208833, 7.150177783215191, 7.150177783188129, 7.150177783217601, 7.148895119333389, 7.148895119343737, 7.1488951193245756, 7.148895119307644, 7.148895119352245, 7.148895119348868, 7.148895119315178, 7.148895119315731, 7.14889511934493, 7.1488951193252905, 7.14889511933461, 7.148895119347045, 7.148895119324455, 7.148895119326814, 7.148895119336747, 7.148895119333398, 7.148895119338141, 7.1488951193125665, 7.148895119313282, 7.148895119358243, 7.148895119307129, 7.149901926392418, 7.149901926386653, 7.149901926405167, 7.149901926407156, 7.149901926373695, 7.149901926376636, 7.149901926402619, 7.149901926407583, 7.149901926382292, 7.149901926401419, 7.149901926392974, 7.149901926386812, 7.149901926396689, 7.1499019263982735, 7.149901926389363, 7.149901926392411, 7.1499019263862165, 7.14990192640323, 7.14990192640451, 7.149901926378524, 7.1499019264068675, 7.150535297217424, 7.150535297213342, 7.150535297202975, 7.150535297231808, 7.1505352972299345, 7.150535297228549, 7.150535297222255, 7.150535297212887, 7.15053529722085, 7.150535297214646, 7.1505352972187515, 7.1505352972142235, 7.150535297217765, 7.150535297213799, 7.150535297219171, 7.150535297217421, 7.150535297222783, 7.150535297228602, 7.150535297224063, 7.150535297210512, 7.15053529722438, 7.149755466088936, 7.149755466099663, 7.149755466100766, 7.149755466055293, 7.149755466084066, 7.149755466084836, 7.149755466076721, 7.149755466085383, 7.149755466094373, 7.149755466085552, 7.149755466084413, 7.1497554660988945, 7.149755466086799, 7.149755466090238, 7.149755466088426, 7.149755466088935, 7.149755466084862, 7.149755466062831, 7.149755466072701, 7.149755466108869, 7.14975546606896, 7.150265017281868, 7.150265017274495, 7.150265017275792, 7.150265017308147, 7.150265017281985, 7.150265017280807, 7.15026501729155, 7.15026501728639, 7.150265017275248, 7.1502650172857, 7.150265017287034, 7.150265017275774, 7.150265017285062, 7.150265017282081, 7.150265017281268, 7.150265017281869, 7.150265017283408, 7.150265017302067, 7.150265017295591, 7.15026501726613, 7.150265017297332, 7.151047134745811, 7.151047134744363, 7.151047134743821, 7.151047134746424, 7.1510471347481745, 7.1510471347482785, 7.151047134746324, 7.151047134744875, 7.151047134747074, 7.151047134744921, 7.151047134745353, 7.1510471347460545, 7.151047134744791, 7.151047134744891, 7.151047134746238, 7.151047134745822, 7.151047134746453, 7.151047134746476, 7.1510471347466416, 7.151047134745708, 7.151047134746011, 7.15040811716991, 7.150408117177116, 7.150408117179436, 7.15040811714449, 7.150408117165636, 7.150408117167193, 7.1504081171617555, 7.150408117167517, 7.150408117174228, 7.150408117168008, 7.150408117164686, 7.150408117176704, 7.150408117167096, 7.150408117170598, 7.150408117169749, 7.150408117169912, 7.150408117166647, 7.150408117149939, 7.1504081171583636, 7.150408117184321, 7.15040811715588, 7.150188065779591, 7.150188065772369, 7.150188065766514, 7.15018806580971, 7.150188065786806, 7.150188065784662, 7.1501880657893215, 7.1501880657799735, 7.150188065774975, 7.1501880657818635, 7.150188065785189, 7.150188065773036, 7.150188065782026, 7.150188065777471, 7.15018806578021, 7.150188065779592, 7.150188065784049, 7.150188065802392, 7.150188065793778, 7.150188065763146, 7.150188065795717, 7.150823445292125, 7.150823445295367, 7.150823445305134, 7.150823445278016, 7.150823445281159, 7.150823445282798, 7.150823445288858, 7.150823445296717, 7.150823445290422, 7.150823445292939, 7.150823445289796, 7.1508234452955834, 7.15082344529292, 7.150823445295468, 7.150823445290582, 7.150823445292132, 7.150823445286972, 7.150823445281681, 7.150823445287463, 7.150823445298038, 7.150823445286412, 7.150715651923962, 7.15071565192573, 7.150715651913759, 7.150715651917317, 7.150715651938091, 7.150715651936719, 7.150715651917877, 7.1507156519145605, 7.150715651932639, 7.150715651918472, 7.15071565192383, 7.150715651928356, 7.150715651920788, 7.150715651919563, 7.150715651926365, 7.150715651923962, 7.150715651928284, 7.150715651919209, 7.150715651917631, 7.150715651932163, 7.150715651915425, 7.150357730126725, 7.150357730122467, 7.150357730134579, 7.150357730142066, 7.15035773011242, 7.150357730114269, 7.150357730138412, 7.150357730138911, 7.150357730117372, 7.150357730132841, 7.150357730126068, 7.150357730119447, 7.150357730132638, 7.1503577301312875, 7.150357730124235, 7.1503577301267365, 7.150357730122609, 7.150357730138225, 7.1503577301398265, 7.150357730111396, 7.150357730142895, 7.1507553231446295, 7.150755323148897, 7.150755323137286, 7.150755323137982, 7.150755323156336, 7.150755323154122, 7.150755323135144, 7.150755323134941, 7.1507553231504675, 7.150755323142669, 7.150755323147803, 7.150755323151737, 7.150755323139325, 7.150755323140542, 7.150755323146505, 7.150755323144632, 7.1507553231477905, 7.150755323138453, 7.150755323135549, 7.150755323155652, 7.150755323132468, 7.1510934293274, 7.151093429326491, 7.151093429335501, 7.151093429317397, 7.151093429319867, 7.1510934293214135, 7.151093429329798, 7.151093429330858, 7.1510934293254875, 7.151093429324448, 7.151093429322864, 7.151093429326257, 7.151093429329494, 7.1510934293294035, 7.15109342932651, 7.151093429327408, 7.151093429324551, 7.151093429321014, 7.151093429328039, 7.151093429327858, 7.15109342932782, 7.1508816191579365, 7.150881619152956, 7.150881619150139, 7.150881619178011, 7.150881619161652, 7.150881619161022, 7.150881619163869, 7.150881619158894, 7.1508816191566345, 7.15088161916162, 7.150881619161276, 7.150881619153997, 7.150881619158601, 7.150881619156897, 7.1508816191581275, 7.150881619157929, 7.150881619160127, 7.1508816191727735, 7.15088161916684, 7.150881619147754, 7.150881619167925, 7.150869232037942, 7.1508692320451805, 7.150869232043683, 7.150869232021476, 7.15086923203617, 7.15086923203639, 7.150869232029219, 7.150869232035183, 7.150869232040885, 7.150869232038777, 7.150869232037251, 7.1508692320449345, 7.150869232035213, 7.150869232038286, 7.150869232037735, 7.15086923203793, 7.150869232035597, 7.150869232024112, 7.150869232027628, 7.1508692320502245, 7.1508692320252045, 7.151171079181156, 7.151171079177268, 7.151171079178239, 7.151171079184203, 7.151171079182659, 7.151171079182343, 7.151171079187163, 7.151171079182132, 7.151171079179459, 7.1511710791758105, 7.151171079179554, 7.1511710791768826, 7.151171079184822, 7.1511710791809024, 7.151171079181339, 7.15117107918115, 7.151171079182312, 7.151171079185074, 7.151171079187281, 7.151171079175018, 7.151171079187886, 7.151228372293735, 7.151228372292313, 7.151228372292917, 7.1512283723033025, 7.151228372292888, 7.151228372293017, 7.151228372294436, 7.15122837229575, 7.1512283722932475, 7.15122837229822, 7.1512283722967025, 7.151228372293754, 7.151228372292682, 7.151228372293904, 7.15122837229348, 7.1512283722937315, 7.151228372293382, 7.151228372300557, 7.151228372296434, 7.151228372290518, 7.151228372296507, 7.1510611377583855, 7.151061137763721, 7.151061137762722, 7.151061137744458, 7.15106113775726, 7.151061137757707, 7.151061137751917, 7.151061137755679, 7.1510611377612765, 7.151061137758542, 7.151061137756526, 7.151061137763582, 7.151061137756104, 7.151061137758209, 7.151061137758518, 7.1510611377583855, 7.151061137756984, 7.151061137747048, 7.151061137750386, 7.15106113776812, 7.151061137748568, 7.15106105577004, 7.151061055764615, 7.151061055763592, 7.151061055779711, 7.151061055773785, 7.1510610557729395, 7.151061055778217, 7.151061055770339, 7.151061055767153, 7.151061055765585, 7.1510610557689045, 7.151061055764088, 7.151061055773925, 7.151061055769029, 7.151061055770565, 7.151061055770028, 7.151061055772561, 7.151061055778714, 7.151061055779101, 7.151061055760472, 7.151061055780282, 7.151207094401526, 7.151207094404063, 7.151207094408558, 7.151207094399533, 7.151207094395269, 7.1512070943960655, 7.151207094397137, 7.1512070944045965, 7.151207094400491, 7.151207094407329, 7.151207094403695, 7.151207094405478, 7.1512070943989015, 7.151207094403286, 7.151207094400531, 7.151207094401524, 7.1512070943981225, 7.15120709439907, 7.151207094397863, 7.151207094405644, 7.151207094396798, 7.151206021987433, 7.151206021987925, 7.151206021980716, 7.151206021984655, 7.151206021995972, 7.151206021995047, 7.151206021985031, 7.151206021981519, 7.1512060219924125, 7.151206021983525, 7.151206021987072, 7.151206021989023, 7.151206021986453, 7.151206021984666, 7.151206021988903, 7.151206021987451, 7.151206021990456, 7.151206021985521, 7.151206021984963, 7.1512060219910145, 7.151206021983776, 7.151028474231598, 7.151028474229922, 7.151028474239092, 7.151028474234077, 7.151028474220756, 7.151028474222245, 7.151028474239834, 7.151028474239532, 7.1510284742253925, 7.151028474231651, 7.1510284742281085, 7.151028474226166, 7.151028474236922, 7.151028474235087, 7.151028474229856, 7.1510284742316035, 7.151028474228324, 7.151028474234118, 7.151028474239256, 7.1510284742231685, 7.151028474241101, 7.150887334137685, 7.1508873341399495, 7.150887334126896, 7.15088733414045, 7.150887334151415, 7.150887334149056, 7.150887334127905, 7.150887334128755, 7.150887334144268, 7.150887334139842, 7.150887334144394, 7.150887334144708, 7.150887334131081, 7.150887334133337, 7.150887334139613, 7.150887334137664, 7.150887334141404, 7.150887334138497, 7.15088733413021, 7.150887334146238, 7.150887334127395, 7.1507952695218195, 7.1507952695212, 7.150795269537764, 7.150795269511721, 7.150795269504231, 7.150795269507183, 7.150795269528876, 7.150795269531986, 7.150795269514907, 7.150795269520509, 7.150795269514545, 7.150795269517409, 7.150795269527164, 7.150795269527084, 7.150795269519358, 7.150795269521823, 7.150795269515734, 7.150795269515643, 7.15079526952624, 7.1507952695176975, 7.150795269527603, 7.15044854982745, 7.150448549823783, 7.150448549804277, 7.150448549843557, 7.150448549850734, 7.150448549847056, 7.150448549825617, 7.150448549814588, 7.150448549835083, 7.150448549824666, 7.1504485498333095, 7.1504485498280665, 7.150448549824072, 7.150448549820218, 7.150448549830828, 7.150448549827449, 7.150448549836563, 7.150448549839384, 7.150448549828992, 7.150448549826068, 7.1504485498277335, 7.14961831030252, 7.149618310310882, 7.149618310334436, 7.14961831028163, 7.149618310270953, 7.149618310275598, 7.149618310300829, 7.149618310318302, 7.149618310292926, 7.149618310311243, 7.14961831029698, 7.149618310305433, 7.1496183103040245, 7.149618310311907, 7.149618310297874, 7.14961831030252, 7.149618310289383, 7.149618310285553, 7.1496183102974475, 7.149618310308136, 7.149618310297757, 7.148349555534389, 7.14834955552301, 7.148349555492823, 7.148349555560069, 7.14834955557636, 7.148349555570046, 7.14834955553594, 7.148349555513416, 7.148349555547087, 7.148349555521307, 7.14834955554163, 7.148349555531309, 7.148349555532126, 7.148349555521911, 7.148349555540564, 7.148349555534388, 7.148349555551222, 7.148349555555902, 7.148349555540955, 7.148349555528096, 7.148349555539572, 7.146776520985908, 7.146776520998364, 7.1467765210365535, 7.146776520954936, 7.146776520934067, 7.146776520941828, 7.146776520987825, 7.146776521013709, 7.146776520968739, 7.146776520998689, 7.1467765209743455, 7.146776520987049, 7.146776520991361, 7.146776521001629, 7.14677652097818, 7.146776520985899, 7.146776520964961, 7.146776520961063, 7.146776520981896, 7.146776520989874, 7.146776520984074, 7.1455944716000594, 7.145594471589304, 7.145594471544637, 7.145594471635844, 7.145594471657818, 7.1455944716486215, 7.145594471591701, 7.145594471567616, 7.145594471621999, 7.145594471590612, 7.145594471616024, 7.145594471603758, 7.14559447159119, 7.145594471582219, 7.145594471608552, 7.14559447160006, 7.145594471622729, 7.145594471628034, 7.145594471600272, 7.145594471600309, 7.145594471596715, 7.146089900346107, 7.146089900355111, 7.146089900396766, 7.146089900310857, 7.146089900292551, 7.146089900301014, 7.146089900358525, 7.146089900378046, 7.146089900323317, 7.14608990035012, 7.146089900327867, 7.14608990033942, 7.146089900357735, 7.1460899003627105, 7.14608990033834, 7.146089900346111, 7.146089900325068, 7.146089900319405, 7.146089900349916, 7.14608990034196, 7.146089900354118, 7.148640154280512, 7.148640154274199, 7.148640154246069, 7.148640154305961, 7.148640154317382, 7.148640154311539, 7.148640154268428, 7.148640154258166, 7.148640154298045, 7.148640154281532, 7.148640154296476, 7.148640154288026, 7.14864015426986, 7.148640154268674, 7.148640154286062, 7.148640154280516, 7.148640154294427, 7.148640154299104, 7.148640154275629, 7.14864015428606, 7.1486401542716544, 7.1510448104358355, 7.151044810436738, 7.151044810446007, 7.151044810427029, 7.151044810423947, 7.151044810425834, 7.1510448104436275, 7.15104481044234, 7.151044810429445, 7.15104481043293, 7.151044810429328, 7.15104481043063, 7.151044810441874, 7.15104481043944, 7.151044810434315, 7.15104481043584, 7.151044810431973, 7.151044810428756, 7.151044810440447, 7.151044810431333, 7.151044810441836, 7.15103131500022, 7.151031315003751, 7.151031315014338, 7.151031314989354, 7.15103131498596, 7.151031314988352, 7.151031315001519, 7.151031315007959, 7.151031314994749, 7.151031315003702, 7.151031314996182, 7.151031315000076, 7.151031315001875, 7.15103131500475, 7.151031314998083, 7.15103131500022, 7.151031314993916, 7.151031314990604, 7.151031314999031, 7.151031315001903, 7.151031314999262, 7.14920949079764, 7.149209490789231, 7.149209490765485, 7.149209490823429, 7.149209490831526, 7.149209490826331, 7.149209490789624, 7.149209490778478, 7.149209490812206, 7.149209490796295, 7.1492094908105335, 7.14920949080215, 7.149209490789426, 7.149209490787242, 7.149209490802496, 7.149209490797636, 7.149209490810458, 7.149209490817485, 7.1492094907963795, 7.14920949079943, 7.149209490793244, 7.148077819135547, 7.1480778191448024, 7.148077819174694, 7.148077819105285, 7.14807781909412, 7.148077819100259, 7.148077819146281, 7.148077819159334, 7.148077819116825, 7.14807781913545, 7.148077819119052, 7.148077819129478, 7.148077819146359, 7.1480778191484085, 7.14807781912939, 7.148077819135547, 7.148077819119812, 7.148077819113, 7.148077819138704, 7.148077819132205, 7.148077819142374, 7.149061205274829, 7.149061205269132, 7.14906120524198, 7.149061205299446, 7.149061205309678, 7.149061205304275, 7.149061205265089, 7.149061205254248, 7.149061205291237, 7.149061205273402, 7.149061205287751, 7.149061205280668, 7.149061205266059, 7.149061205263665, 7.149061205279956, 7.149061205274828, 7.149061205288383, 7.1490612052939735, 7.149061205271855, 7.149061205278092, 7.149061205268921, 7.150893125381686, 7.150893125385397, 7.150893125397366, 7.150893125371202, 7.150893125364674, 7.150893125367421, 7.150893125385677, 7.150893125393121, 7.150893125373744, 7.150893125383601, 7.150893125376047, 7.1508931253796675, 7.15089312538483, 7.150893125387083, 7.15089312537906, 7.1508931253817005, 7.150893125374748, 7.150893125374177, 7.150893125383134, 7.150893125379971, 7.1508931253845995, 7.151370006005812, 7.1513700060059175, 7.1513700060107, 7.15137000599964, 7.1513700060007945, 7.15137000600157, 7.151370006008011, 7.151370006008893, 7.151370006002965, 7.1513700060038365, 7.151370006002514, 7.1513700060044885, 7.151370006008016, 7.151370006007373, 7.151370006005101, 7.151370006005803, 7.151370006004034, 7.15137000600218, 7.1513700060066965, 7.151370006005366, 7.151370006006944, 7.150319364430833, 7.1503193644264345, 7.150319364408634, 7.150319364448275, 7.150319364454416, 7.150319364450607, 7.150319364423799, 7.150319364415641, 7.150319364441818, 7.15031936443138, 7.1503193644399925, 7.150319364435184, 7.150319364424976, 7.150319364423311, 7.150319364434326, 7.15031936443083, 7.150319364440116, 7.1503193644438054, 7.150319364428513, 7.150319364433606, 7.150319364426146, 7.1494272281123, 7.149427228119347, 7.149427228142915, 7.14942722809164, 7.149427228079725, 7.149427228084868, 7.14942722812101, 7.149427228131557, 7.14942722809713, 7.149427228114501, 7.149427228100502, 7.14942722810743, 7.14942722811953, 7.1494272281224465, 7.14942722810756, 7.149427228112299, 7.14942722809957, 7.149427228095704, 7.149427228115199, 7.14942722810903, 7.149427228118051, 7.149896260513972, 7.149896260506271, 7.149896260487556, 7.149896260531833, 7.14989626054268, 7.149896260538638, 7.149896260507437, 7.149896260497326, 7.149896260527547, 7.149896260509965, 7.149896260524023, 7.149896260517391, 7.14989626050756, 7.149896260505033, 7.149896260518327, 7.149896260513977, 7.149896260524957, 7.149896260528084, 7.149896260512359, 7.149896260516294, 7.149896260509594, 7.151037764417521, 7.151037764423242, 7.1510377644308605, 7.1510377644078105, 7.151037764403069, 7.15103776440518, 7.151037764420132, 7.151037764426015, 7.151037764410905, 7.151037764420674, 7.151037764413454, 7.151037764416489, 7.151037764420632, 7.151037764422133, 7.151037764415295, 7.151037764417519, 7.151037764411519, 7.151037764408679, 7.1510377644174365, 7.151037764417276, 7.151037764418583, 7.1514106915789935, 7.15141069157778, 7.15141069158147, 7.15141069157817, 7.151410691575411, 7.151410691575964, 7.151410691581901, 7.1514106915815905, 7.151410691577397, 7.151410691578783, 7.151410691577573, 7.15141069157711, 7.151410691581199, 7.151410691580148, 7.151410691578487, 7.151410691578998, 7.151410691578019, 7.151410691578974, 7.15141069158132, 7.151410691576641, 7.151410691581753, 7.15078908798143, 7.150789087976776, 7.150789087965202, 7.150789087990001, 7.1507890879997404, 7.150789087996983, 7.150789087974994, 7.150789087969659, 7.1507890879909, 7.150789087979874, 7.15078908798803, 7.150789087985386, 7.15078908797657, 7.150789087975468, 7.150789087984237, 7.150789087981438, 7.150789087988486, 7.1507890879887155, 7.150789087978133, 7.150789087985668, 7.1507890879757285, 7.150184690155302, 7.150184690162204, 7.150184690178364, 7.150184690141315, 7.150184690129807, 7.150184690133487, 7.150184690163213, 7.150184690170806, 7.150184690141707, 7.150184690157876, 7.150184690146126, 7.1501846901507715, 7.150184690161143, 7.150184690163235, 7.150184690151446, 7.150184690155308, 7.150184690145445, 7.150184690143449, 7.150184690158701, 7.1501846901511055, 7.150184690161515, 7.150379211184715, 7.150379211178866, 7.150379211163335, 7.150379211200424, 7.150379211208145, 7.15037921120484, 7.150379211178307, 7.150379211170737, 7.150379211196236, 7.15037921118261, 7.150379211193134, 7.150379211188387, 7.1503792111785565, 7.150379211177276, 7.150379211188261, 7.150379211184711, 7.150379211193733, 7.150379211197033, 7.1503792111827, 7.150379211187237, 7.150379211180454, 7.151063580380187, 7.151063580384191, 7.151063580393656, 7.1510635803685965, 7.151063580366429, 7.151063580368565, 7.151063580382847, 7.151063580388147, 7.1510635803743465, 7.151063580380249, 7.151063580374474, 7.151063580378919, 7.151063580383529, 7.151063580384558, 7.151063580378113, 7.151063580380179, 7.1510635803747435, 7.151063580371394, 7.151063580380012, 7.151063580380402, 7.151063580381097, 7.151426714360226, 7.151426714359156, 7.151426714358464, 7.151426714365212, 7.151426714360821, 7.151426714360535, 7.151426714361624, 7.151426714360768, 7.151426714359702, 7.1514267143610475, 7.151426714360992, 7.15142671435933, 7.151426714361148, 7.151426714360308, 7.151426714360116, 7.151426714360233, 7.151426714360695, 7.15142671436439, 7.15142671436245, 7.151426714357553, 7.151426714362885, 7.151181569247151, 7.15118156924595, 7.15118156923754, 7.151181569249802, 7.151181569258679, 7.151181569256953, 7.151181569241553, 7.151181569239624, 7.15118156925331, 7.151181569246301, 7.151181569251175, 7.151181569250839, 7.1511815692435645, 7.151181569243459, 7.151181569248888, 7.15118156924714, 7.151181569251205, 7.151181569249515, 7.151181569243227, 7.151181569251724, 7.15118156924158, 7.15074354702656, 7.15074354702957, 7.15074354704285, 7.150743547016912, 7.1507435470079574, 7.150743547010982, 7.150743547034645, 7.1507435470385445, 7.150743547016656, 7.150743547026463, 7.150743547018894, 7.150743547021464, 7.1507435470317295, 7.150743547032283, 7.150743547023867, 7.150743547026568, 7.150743547019786, 7.150743547019347, 7.150743547031184, 7.1507435470212295, 7.150743547033661, 7.150637023748988, 7.150637023745219, 7.150637023731739, 7.150637023761615, 7.150637023768169, 7.1506370237653, 7.150637023740921, 7.150637023736347, 7.150637023759497, 7.150637023750302, 7.150637023757744, 7.150637023754189, 7.150637023742419, 7.1506370237427115, 7.150637023751891, 7.150637023748992, 7.150637023756223, 7.150637023758416, 7.15063702374494, 7.150637023753538, 7.150637023742551, 7.150947337620936, 7.150947337624193, 7.150947337634622, 7.150947337609706, 7.150947337606034, 7.150947337608124, 7.150947337627211, 7.150947337629753, 7.150947337612616, 7.150947337619121, 7.1509473376139026, 7.150947337616984, 7.1509473376264365, 7.150947337625693, 7.150947337618745, 7.1509473376209405, 7.150947337615466, 7.150947337612119, 7.150947337623696, 7.150947337617972, 7.150947337625424, 7.151331960783516, 7.151331960781151, 7.151331960776675, 7.151331960790111, 7.151331960790734, 7.151331960789808, 7.1513319607808965, 7.151331960779741, 7.151331960787529, 7.15133196078504, 7.151331960787271, 7.151331960785215, 7.151331960781225, 7.151331960781527, 7.151331960784456, 7.151331960783524, 7.151331960785896, 7.151331960788242, 7.151331960782655, 7.15133196078446, 7.151331960781795, 7.151444507070206, 7.1514445070703365, 7.151444507068848, 7.151444507069953, 7.1514445070720445, 7.15144450707185, 7.151444507069067, 7.1514445070690575, 7.151444507071581, 7.1514445070701385, 7.151444507070963, 7.1514445070710195, 7.151444507069664, 7.1514445070696775, 7.151444507070508, 7.1514445070702095, 7.151444507070727, 7.151444507069714, 7.1514445070691295, 7.151444507071413, 7.151444507068787, 7.151254050720059, 7.151254050721925, 7.151254050728263, 7.151254050714537, 7.151254050710624, 7.151254050711917, 7.151254050724843, 7.1512540507258295, 7.151254050714659, 7.151254050718721, 7.151254050715804, 7.151254050716934, 7.1512540507235505, 7.151254050722846, 7.151254050718737, 7.151254050720048, 7.151254050716923, 7.15125405071585, 7.151254050722796, 7.1512540507169255, 7.15125405072417, 7.150995320798803, 7.150995320796137, 7.150995320786509, 7.150995320807826, 7.150995320812712, 7.150995320810628, 7.150995320791801, 7.15099532078985, 7.1509953208068, 7.150995320800824, 7.150995320805522, 7.150995320803465, 7.150995320793274, 7.150995320794226, 7.150995320800895, 7.150995320798821, 7.15099532080387, 7.150995320805729, 7.1509953207949835, 7.150995320803049, 7.15099532079305, 7.150899981547282, 7.150899981549625, 7.150899981560833, 7.150899981537624, 7.15089998153191, 7.150899981534169, 7.150899981554887, 7.15089998155732, 7.150899981538167, 7.150899981545367, 7.150899981539594, 7.150899981542334, 7.1508999815529615, 7.150899981552192, 7.1508999815449865, 7.1508999815472825, 7.150899981541773, 7.1508999815404035, 7.150899981551591, 7.1508999815425485, 7.150899981553773, 7.151019381925876, 7.151019381924257, 7.151019381913852, 7.151019381933335, 7.151019381939865, 7.15101938193772, 7.151019381918677, 7.151019381916781, 7.151019381933711, 7.151019381927262, 7.151019381932037, 7.151019381930657, 7.151019381920914, 7.1510193819215235, 7.151019381927884, 7.151019381925886, 7.151019381930758, 7.151019381931319, 7.151019381921517, 7.151019381930757, 7.151019381919579, 7.151234072761301, 7.151234072762322, 7.151234072769438, 7.151234072758216, 7.151234072751565, 7.151234072753046, 7.151234072766856, 7.151234072768085, 7.151234072755726, 7.151234072760381, 7.1512340727572115, 7.151234072757583, 7.1512340727649235, 7.151234072764509, 7.151234072759811, 7.151234072761296, 7.151234072757926, 7.151234072759156, 7.1512340727652175, 7.151234072756802, 7.151234072766833, 7.151392534539357, 7.151392534539941, 7.151392534536854, 7.1513925345379326, 7.151392534543365, 7.151392534542809, 7.151392534535489, 7.151392534536022, 7.151392534542512, 7.151392534539359, 7.151392534541105, 7.151392534542006, 7.151392534537267, 7.151392534538004, 7.151392534539971, 7.151392534539335, 7.15139253454057, 7.1513925345382106, 7.151392534535937, 7.1513925345432545, 7.151392534534915, 7.151413308009302, 7.151413308007155, 7.151413308006199, 7.151413308014921, 7.151413308011203, 7.1514133080109366, 7.151413308011624, 7.151413308009059, 7.151413308009145, 7.151413308009326, 7.151413308009908, 7.151413308007535, 7.151413308009912, 7.1514133080088556, 7.1514133080095, 7.151413308009297, 7.1514133080104045, 7.151413308013856, 7.151413308012336, 7.151413308005873, 7.151413308012778, 7.151312789417609, 7.151312789421338, 7.151312789425353, 7.151312789407978, 7.151312789410663, 7.151312789411594, 7.151312789416607, 7.151312789420731, 7.151312789414835, 7.1513127894187125, 7.151312789415101, 7.151312789418741, 7.151312789418077, 7.1513127894196815, 7.15131278941659, 7.151312789417618, 7.151312789414451, 7.151312789409785, 7.15131278941476, 7.151312789420851, 7.151312789414732, 7.151152122109157, 7.151152122102927, 7.15115212209766, 7.151152122121452, 7.1511521221201, 7.151152122118545, 7.151152122109951, 7.151152122103616, 7.151152122113711, 7.151152122107066, 7.151152122113023, 7.151152122107967, 7.151152122108006, 7.151152122105768, 7.151152122110825, 7.15115212210916, 7.151152122114071, 7.151152122119498, 7.151152122112506, 7.151152122105653, 7.151152122112085, 7.150989327066818, 7.1509893270751155, 7.1509893270812555, 7.1509893270520815, 7.150989327053095, 7.150989327054982, 7.1509893270654965, 7.150989327073389, 7.150989327061548, 7.150989327070095, 7.150989327062597, 7.150989327068565, 7.1509893270679985, 7.150989327070961, 7.1509893270648215, 7.150989327066805, 7.15098932706079, 7.1509893270538765, 7.1509893270623985, 7.15098932707137, 7.150989327062875, 7.150842100742755, 7.150842100733004, 7.150842100726612, 7.150842100760386, 7.150842100757754, 7.150842100755779, 7.150842100745839, 7.150842100736363, 7.150842100748184, 7.150842100738245, 7.150842100747053, 7.150842100739555, 7.150842100742326, 7.15084210073841, 7.150842100744987, 7.150842100742749, 7.150842100749476, 7.150842100757948, 7.150842100749204, 7.150842100735946, 7.1508421007490695, 7.1506646978923785, 7.150664697903842, 7.150664697909462, 7.150664697871401, 7.1506646978776836, 7.150664697879582, 7.150664697886124, 7.150664697898197, 7.150664697887897, 7.150664697898072, 7.150664697888604, 7.150664697897911, 7.150664697891552, 7.150664697896753, 7.150664697890168, 7.15066469789238, 7.150664697885164, 7.150664697874144, 7.150664697882663, 7.150664697902875, 7.150664697882117, 7.150324419297988, 7.150324419283807, 7.150324419280219, 7.150324419323662, 7.150324419311655, 7.150324419309778, 7.150324419308885, 7.150324419293836, 7.150324419300434, 7.15032441929081, 7.15032441930059, 7.150324419288962, 7.150324419301121, 7.150324419294019, 7.150324419300005, 7.150324419297984, 7.150324419305636, 7.150324419320517, 7.150324419312623, 7.150324419282079, 7.150324419314111, 7.149557076148366, 7.149557076166409, 7.149557076167194, 7.149557076115998, 7.1495570761359755, 7.149557076137484, 7.149557076130471, 7.149557076149451, 7.149557076148788, 7.149557076158217, 7.149557076147332, 7.149557076162539, 7.149557076141699, 7.149557076151519, 7.149557076146568, 7.149557076148367, 7.149557076140543, 7.149557076120059, 7.149557076126619, 7.149557076172225, 7.149557076123605, 7.147919443774322, 7.1479194437503795, 7.147919443753633, 7.147919443815355, 7.147919443785207, 7.147919443784018, 7.147919443802261, 7.147919443777162, 7.147919443770207, 7.14791944376045, 7.147919443773137, 7.147919443752514, 7.1479194437851685, 7.147919443771861, 7.147919443775826, 7.147919443774323, 7.147919443782931, 7.1479194438109, 7.1479194438062645, 7.147919443739287, 7.14791944381124, 7.144841611978489, 7.144841612010149, 7.144841612001906, 7.144841611925886, 7.1448416119688245, 7.144841611969586, 7.144841611938179, 7.144841611971333, 7.144841611987558, 7.144841611998792, 7.144841611983156, 7.144841612009524, 7.1448416119614455, 7.144841611980173, 7.144841611977104, 7.144841611978498, 7.144841611968719, 7.14484161193127, 7.144841611933717, 7.144841612027672, 7.144841611926136, 7.140726602582596, 7.140726602541812, 7.140726602555832, 7.140726602644712, 7.140726602591862, 7.140726602590755, 7.140726602635935, 7.140726602593566, 7.140726602569171, 7.140726602555621, 7.14072660257503, 7.140726602541564, 7.140726602606473, 7.14072660258169, 7.140726602583673, 7.140726602582596, 7.140726602594017, 7.140726602639649, 7.140726602640171, 7.140726602519848, 7.140726602649795, 7.138959463342512, 7.138959463387928, 7.138959463370632, 7.138959463278252, 7.138959463332985, 7.138959463334068, 7.138959463285233, 7.138959463329831, 7.13895946335841, 7.138959463374359, 7.138959463352437, 7.138959463386368, 7.138959463315525, 7.1389594633431805, 7.138959463341369, 7.138959463342515, 7.138959463330501, 7.1389594632818385, 7.138959463280489, 7.138959463409693, 7.138959463270288, 7.143407897233393, 7.143407897195378, 7.143407897208978, 7.143407897282932, 7.143407897245222, 7.143407897243263, 7.143407897278333, 7.143407897242036, 7.1434078972200545, 7.143407897203864, 7.143407897225395, 7.1434078971984185, 7.143407897255775, 7.143407897232544, 7.143407897234767, 7.143407897233399, 7.1434078972437804, 7.1434078972805235, 7.143407897281883, 7.143407897181455, 7.143407897289411, 7.150082746948968, 7.15008274696749, 7.15008274696543, 7.150082746931962, 7.150082746936879, 7.150082746939048, 7.1500827469322035, 7.150082746950232, 7.15008274695104, 7.150082746963857, 7.150082746950007, 7.150082746962382, 7.150082746941378, 7.150082746951972, 7.150082746947464, 7.150082746948964, 7.1500827469419255, 7.150082746930535, 7.150082746930655, 7.150082746967585, 7.150082746929278, 7.150275453285033, 7.150275453292984, 7.15027545328089, 7.15027545327297, 7.1502754532955795, 7.150275453294803, 7.150275453266325, 7.150275453273532, 7.150275453297531, 7.1502754532894786, 7.150275453289836, 7.150275453298582, 7.150275453274739, 7.150275453280384, 7.150275453287349, 7.150275453285044, 7.15027545328769, 7.1502754532746575, 7.1502754532670005, 7.15027545330465, 7.1502754532635375, 7.145646760111153, 7.145646760082889, 7.145646760106847, 7.1456467601420774, 7.145646760101535, 7.145646760102103, 7.145646760152597, 7.145646760130626, 7.145646760089766, 7.1456467600912585, 7.145646760100467, 7.145646760080336, 7.145646760132757, 7.145646760115692, 7.145646760109274, 7.145646760111163, 7.145646760112901, 7.1456467601445555, 7.145646760153348, 7.145646760065287, 7.145646760161324, 7.144905996210163, 7.14490599624334, 7.144905996215509, 7.144905996173288, 7.144905996216832, 7.1449059962158055, 7.144905996166469, 7.144905996191611, 7.144905996228702, 7.14490599623449, 7.144905996222341, 7.144905996243173, 7.144905996187342, 7.14490599620552, 7.144905996211446, 7.144905996210167, 7.144905996207547, 7.144905996173397, 7.144905996165067, 7.1449059962582755, 7.144905996157496, 7.149359718499067, 7.149359718479033, 7.14935971849417, 7.149359718519466, 7.149359718497043, 7.149359718497786, 7.149359718524001, 7.149359718508138, 7.149359718490176, 7.149359718484223, 7.149359718492336, 7.1493597184799915, 7.149359718512034, 7.149359718501486, 7.149359718498374, 7.14935971849906, 7.149359718500964, 7.149359718519383, 7.149359718524499, 7.149359718472235, 7.149359718528503, 7.151321793427233, 7.151321793423757, 7.151321793429257, 7.151321793433242, 7.151321793423728, 7.151321793424715, 7.151321793433109, 7.15132179343034, 7.151321793424736, 7.151321793425117, 7.15132179342563, 7.151321793422772, 7.151321793430191, 7.151321793429195, 7.15132179342645, 7.151321793427233, 7.151321793425949, 7.151321793430797, 7.151321793432957, 7.151321793421121, 7.151321793433965, 7.148334270460921, 7.1483342704828505, 7.148334270462498, 7.148334270438681, 7.148334270468289, 7.14833427046742, 7.148334270430673, 7.148334270445868, 7.1483342704752895, 7.148334270476629, 7.148334270470126, 7.148334270483545, 7.148334270444739, 7.1483342704571085, 7.1483342704622075, 7.148334270460926, 7.148334270459984, 7.148334270436582, 7.148334270430034, 7.148334270494083, 7.1483342704244475, 7.146866817084791, 7.146866817057927, 7.146866817082801, 7.146866817109993, 7.146866817075184, 7.146866817076031, 7.146866817121978, 7.146866817102852, 7.146866817066037, 7.146866817065964, 7.146866817074219, 7.146866817057042, 7.146866817104578, 7.146866817089496, 7.146866817082901, 7.146866817084794, 7.146866817085589, 7.146866817112379, 7.146866817122122, 7.146866817044892, 7.146866817128691, 7.149718307194213, 7.14971830720938, 7.149718307190253, 7.149718307178615, 7.149718307204328, 7.149718307203114, 7.149718307171903, 7.149718307181081, 7.149718307206786, 7.149718307204419, 7.149718307200844, 7.149718307210736, 7.149718307181922, 7.149718307189293, 7.149718307196237, 7.149718307194217, 7.149718307196078, 7.149718307178436, 7.149718307171901, 7.149718307217979, 7.149718307168055, 7.151227996642663, 7.151227996647614, 7.151227996653218, 7.151227996636933, 7.1512279966324, 7.151227996633972, 7.151227996639297, 7.151227996647919, 7.151227996640447, 7.151227996648499, 7.151227996642322, 7.151227996645761, 7.151227996641123, 7.151227996645359, 7.151227996641331, 7.151227996642663, 7.1512279966383305, 7.151227996637588, 7.151227996638729, 7.1512279966462575, 7.151227996638957, 7.149180068796101, 7.149180068773982, 7.1491800687809155, 7.149180068821696, 7.14918006880544, 7.149180068803867, 7.1491800688187706, 7.149180068798762, 7.149180068790775, 7.149180068778308, 7.149180068792001, 7.149180068778172, 7.1491800688083185, 7.149180068794771, 7.149180068797352, 7.149180068796098, 7.149180068802919, 7.14918006882161, 7.149180068821115, 7.14918006876972, 7.149180068824552, 7.14822007075415, 7.148220070781677, 7.148220070772094, 7.148220070721428, 7.14822007074471, 7.14822007074635, 7.148220070726778, 7.148220070749689, 7.148220070760589, 7.148220070772125, 7.148220070757301, 7.148220070775368, 7.148220070741289, 7.148220070755781, 7.148220070752983, 7.148220070754146, 7.1482200707464045, 7.148220070721514, 7.148220070723592, 7.14822007078651, 7.1482200707196455, 7.150058078063042, 7.1500580780458804, 7.150058078045859, 7.150058078090715, 7.150058078075866, 7.150058078073979, 7.1500580780772545, 7.150058078062446, 7.150058078061475, 7.150058078053851, 7.1500580780641885, 7.150058078051567, 7.150058078068552, 7.150058078060531, 7.150058078064567, 7.150058078063024, 7.15005807806954, 7.150058078087414, 7.1500580780809875, 7.150058078043818, 7.150058078082933, 7.15087872414815, 7.150878724148194, 7.1508787241641185, 7.150878724136725, 7.150878724131223, 7.1508787241337775, 7.150878724154384, 7.1508787241582965, 7.15087872414059, 7.150878724145337, 7.150878724140765, 7.150878724144121, 7.150878724153269, 7.15087872415321, 7.150878724145826, 7.150878724148162, 7.150878724142456, 7.1508787241415135, 7.150878724151484, 7.150878724144917, 7.150878724153004, 7.149322068815578, 7.149322068827993, 7.149322068800565, 7.149322068811104, 7.149322068836437, 7.149322068833227, 7.149322068792775, 7.149322068795838, 7.149322068832296, 7.149322068825169, 7.149322068826589, 7.149322068832015, 7.149322068802084, 7.149322068807505, 7.1493220688189245, 7.149322068815592, 7.149322068821946, 7.149322068808124, 7.1493220687950165, 7.149322068837448, 7.149322068790579, 7.148446734313371, 7.148446734299904, 7.148446734329922, 7.1484467343220865, 7.1484467342880675, 7.1484467342913485, 7.148446734340168, 7.148446734338071, 7.14844673429235, 7.1484467343064875, 7.148446734302961, 7.1484467342944065, 7.148446734328058, 7.1484467343226825, 7.148446734309033, 7.1484467343133655, 7.148446734305664, 7.1484467343250815, 7.148446734338325, 7.148446734286232, 7.148446734343841, 7.149386682713607, 7.149386682717498, 7.149386682690269, 7.149386682711078, 7.149386682743344, 7.149386682739343, 7.14938668269732, 7.149386682690632, 7.149386682731659, 7.14938668271145, 7.1493866827212065, 7.149386682724335, 7.149386682704267, 7.14938668270366, 7.149386682718311, 7.149386682713602, 7.149386682723897, 7.149386682709575, 7.149386682699089, 7.149386682730257, 7.1493866826947094, 7.149633825587494, 7.149633825597808, 7.149633825618959, 7.149633825573718, 7.14963382555506, 7.149633825559714, 7.149633825587578, 7.1496338256050045, 7.149633825576071, 7.149633825599801, 7.1496338255828435, 7.1496338255891345, 7.1496338255883956, 7.149633825597413, 7.149633825582489, 7.1496338255874825, 7.149633825573959, 7.149633825574253, 7.149633825584417, 7.149633825589966, 7.149633825585838, 7.148300577439727, 7.148300577417102, 7.148300577403367, 7.148300577473848, 7.148300577473304, 7.148300577467918, 7.148300577452425, 7.148300577424997, 7.148300577447103, 7.148300577422097, 7.148300577444387, 7.1483005774281025, 7.148300577444681, 7.148300577430586, 7.148300577444434, 7.1483005774397395, 7.148300577455297, 7.1483005774700885, 7.148300577457924, 7.148300577421242, 7.148300577458154, 7.147444724859864, 7.147444724886117, 7.147444724898724, 7.147444724813607, 7.147444724826291, 7.1474447248316295, 7.147444724845001, 7.147444724873451, 7.147444724852585, 7.147444724874911, 7.147444724852588, 7.1474447248727895, 7.147444724854977, 7.147444724869284, 7.147444724855044, 7.1474447248598665, 7.147444724843301, 7.147444724819905, 7.147444724837619, 7.147444724883501, 7.147444724836568, 7.148206631202413, 7.148206631182582, 7.14820663116411, 7.148206631245561, 7.148206631236992, 7.148206631231555, 7.148206631208957, 7.148206631187757, 7.148206631212784, 7.148206631195583, 7.148206631213387, 7.148206631195769, 7.148206631201836, 7.14820663119249, 7.1482066312072865, 7.148206631202415, 7.148206631217747, 7.148206631238403, 7.148206631217203, 7.148206631186274, 7.148206631217176, 7.14921426502766, 7.149214265035877, 7.14921426506072, 7.14921426499921, 7.149214264993996, 7.149214264998633, 7.1492142650336685, 7.149214265046578, 7.149214265013216, 7.149214265027156, 7.149214265014836, 7.149214265024733, 7.1492142650358375, 7.149214265037667, 7.149214265023114, 7.149214265027646, 7.149214265015211, 7.149214265007073, 7.149214265027249, 7.149214265028174, 7.1492142650296815, 7.1494680825942645, 7.149468082596716, 7.149468082570684, 7.149468082603049, 7.149468082622797, 7.149468082618812, 7.1494680825774095, 7.149468082573454, 7.149468082611812, 7.149468082597674, 7.149468082605778, 7.149468082605672, 7.149468082582832, 7.149468082584489, 7.1494680825989505, 7.149468082594259, 7.149468082604258, 7.14946808259811, 7.149468082581507, 7.149468082608081, 7.149468082577567, 7.149851392202113, 7.149851392194621, 7.1498513922155675, 7.149851392209879, 7.149851392182388, 7.14985139218521, 7.14985139222103, 7.149851392220932, 7.149851392185743, 7.149851392199901, 7.14985139219462, 7.1498513921889755, 7.149851392211936, 7.149851392209506, 7.149851392198853, 7.149851392202119, 7.149851392195412, 7.1498513922095, 7.149851392219479, 7.149851392182907, 7.149851392223722, 7.150848407117475, 7.150848407123865, 7.150848407113665, 7.150848407104596, 7.150848407126178, 7.150848407125129, 7.150848407106287, 7.150848407106908, 7.1508484071256255, 7.15084840711682, 7.1508484071189455, 7.150848407125412, 7.150848407112444, 7.150848407113995, 7.150848407119134, 7.150848407117491, 7.150848407119982, 7.150848407105993, 7.150848407105223, 7.150848407131612, 7.1508484071023855, 7.151362936787336, 7.15136293678502, 7.151362936782711, 7.151362936796777, 7.151362936790863, 7.151362936790226, 7.1513629367866525, 7.151362936785051, 7.151362936789727, 7.151362936790082, 7.151362936790996, 7.151362936787758, 7.151362936785837, 7.151362936786311, 7.15136293678762, 7.15136293678734, 7.151362936788956, 7.1513629367945, 7.151362936788668, 7.151362936785699, 7.151362936788335, 7.150737454628338, 7.150737454625791, 7.150737454640391, 7.150737454625908, 7.150737454612482, 7.150737454614789, 7.150737454639697, 7.150737454641131, 7.150737454617892, 7.150737454625796, 7.1507374546218525, 7.1507374546205975, 7.1507374546354665, 7.150737454633962, 7.150737454625599, 7.150737454628339, 7.150737454622845, 7.150737454628613, 7.150737454637589, 7.150737454618187, 7.15073745464026, 7.1498668775221415, 7.149866877526886, 7.149866877502575, 7.149866877519708, 7.149866877546993, 7.149866877543691, 7.149866877506401, 7.149866877503072, 7.149866877537693, 7.149866877522029, 7.149866877529944, 7.149866877532802, 7.149866877512556, 7.149866877513641, 7.149866877525978, 7.149866877522136, 7.149866877530416, 7.149866877518863, 7.149866877508293, 7.149866877537555, 7.149866877504471, 7.149743321872702, 7.149743321871821, 7.149743321895865, 7.149743321870807, 7.14974332184414, 7.149743321848195, 7.149743321886179, 7.1497433218936175, 7.149743321856305, 7.149743321875983, 7.149743321864912, 7.149743321864121, 7.14974332188045, 7.149743321882119, 7.1497433218681, 7.14974332187271, 7.1497433218623385, 7.149743321872707, 7.1497433218837365, 7.149743321859982, 7.149743321887573, 7.150138679816823, 7.150138679810881, 7.1501386797928514, 7.150138679828579, 7.150138679843492, 7.150138679839509, 7.150138679810458, 7.150138679798567, 7.1501386798298725, 7.1501386798109525, 7.150138679823813, 7.15013867982017, 7.150138679812352, 7.150138679808123, 7.150138679821061, 7.1501386798168225, 7.15013867982786, 7.1501386798265525, 7.150138679814089, 7.1501386798205795, 7.150138679811519, 7.1503298008730685, 7.150329800885023, 7.1503298008959995, 7.150329800851218, 7.150329800851213, 7.150329800854668, 7.150329800870688, 7.1503298008840375, 7.150329800865174, 7.150329800879455, 7.1503298008667295, 7.150329800876053, 7.150329800873921, 7.150329800879682, 7.150329800869925, 7.150329800873066, 7.150329800863216, 7.150329800854028, 7.150329800866227, 7.150329800880094, 7.150329800866975, 7.150316995043948, 7.150316995029057, 7.15031699502493, 7.15031699507197, 7.1503169950595415, 7.150316995057457, 7.15031699505252, 7.150316995040321, 7.150316995046694, 7.150316995039018, 7.150316995048936, 7.150316995036665, 7.150316995045621, 7.150316995040022, 7.150316995046079, 7.150316995043948, 7.15031699505114, 7.150316995067367, 7.150316995057077, 7.150316995029666, 7.150316995057903, 7.150594154921427, 7.150594154934764, 7.150594154934506, 7.150594154895892, 7.150594154912535, 7.150594154913774, 7.1505941549115875, 7.150594154921473, 7.150594154921955, 7.150594154924476, 7.150594154918461, 7.150594154929292, 7.150594154919303, 7.15059415492327, 7.150594154920561, 7.150594154921428, 7.150594154916876, 7.150594154899659, 7.150594154907733, 7.150594154936447, 7.150594154906277, 7.151157301547989, 7.151157301540239, 7.151157301542003, 7.151157301562888, 7.151157301550987, 7.151157301550376, 7.151157301554605, 7.151157301549155, 7.151157301546945, 7.151157301546532, 7.15115730154954, 7.1511573015429235, 7.151157301550432, 7.151157301547353, 7.151157301548367, 7.151157301547994, 7.151157301550314, 7.151157301560538, 7.151157301556678, 7.1511573015383885, 7.151157301557733, 7.151449946525941, 7.151449946525743, 7.151449946525095, 7.151449946525961, 7.151449946527086, 7.151449946527069, 7.1514499465252, 7.151449946525451, 7.151449946526544, 7.151449946526431, 7.151449946526254, 7.151449946526464, 7.151449946524969, 7.151449946525524, 7.151449946526151, 7.151449946525944, 7.15144994652617, 7.151449946525645, 7.151449946525262, 7.151449946526796, 7.151449946524991, 7.151223753913448, 7.151223753920271, 7.151223753920284, 7.151223753899728, 7.151223753908833, 7.151223753909514, 7.151223753908921, 7.151223753913541, 7.151223753912886, 7.151223753914517, 7.15122375391118, 7.151223753917077, 7.151223753912191, 7.15122375391448, 7.151223753912877, 7.151223753913454, 7.1512237539109, 7.151223753901774, 7.151223753906697, 7.151223753920982, 7.151223753905992, 7.15081978659639, 7.150819786585374, 7.150819786584314, 7.15081978661866, 7.150819786604977, 7.150819786603523, 7.150819786603999, 7.150819786594896, 7.150819786596966, 7.150819786593538, 7.150819786599739, 7.150819786590189, 7.150819786598308, 7.150819786594304, 7.150819786597309, 7.150819786596399, 7.150819786601034, 7.150819786615312, 7.150819786607549, 7.150819786584142, 7.1508197866085474, 7.150618520368692, 7.150618520381104, 7.1506185203851516, 7.1506185203448345, 7.150618520355315, 7.1506185203574075, 7.150618520361153, 7.150618520372704, 7.150618520366847, 7.150618520373059, 7.150618520364579, 7.150618520375016, 7.1506185203670265, 7.150618520372344, 7.150618520366766, 7.150618520368696, 7.15061852036213, 7.15061852034893, 7.150618520357402, 7.150618520380961, 7.150618520356669, 7.1505983582031245, 7.15059835819239, 7.15059835818332, 7.1505983582231165, 7.150598358221568, 7.150598358218778, 7.150598358207023, 7.150598358195052, 7.150598358208499, 7.150598358196896, 7.150598358207743, 7.1505983581991845, 7.150598358203454, 7.150598358198015, 7.150598358205622, 7.150598358203124, 7.150598358211179, 7.150598358220492, 7.150598358210818, 7.150598358195011, 7.1505983582107095, 7.150500784418679, 7.150500784427369, 7.150500784440257, 7.150500784404204, 7.150500784396276, 7.150500784399565, 7.150500784419724, 7.1505007844317845, 7.150500784409033, 7.150500784425465, 7.150500784413123, 7.150500784419163, 7.150500784420587, 7.15050078442565, 7.1505007844152155, 7.150500784418689, 7.150500784409141, 7.150500784406376, 7.150500784416431, 7.150500784420443, 7.150500784417938, 7.150242038176736, 7.150242038170411, 7.150242038154155, 7.150242038186815, 7.150242038202222, 7.15024203819861, 7.15024203817039, 7.1502420381596785, 7.150242038189911, 7.150242038170743, 7.150242038183342, 7.1502420381800516, 7.150242038171971, 7.150242038168296, 7.150242038180911, 7.150242038176736, 7.150242038187262, 7.1502420381855485, 7.150242038173801, 7.150242038180751, 7.150242038171251, 7.1499889955907445, 7.149988995595111, 7.1499889956145575, 7.149988995581628, 7.149988995563262, 7.149988995567059, 7.1499889956004905, 7.149988995609361, 7.149988995575436, 7.149988995594769, 7.149988995582436, 7.149988995584972, 7.149988995597689, 7.1499889955996405, 7.1499889955865115, 7.149988995590765, 7.149988995580243, 7.1499889955832865, 7.149988995596849, 7.149988995583321, 7.149988995600171, 7.1499493835727925, 7.149949383568918, 7.149949383548835, 7.149949383584653, 7.1499493836002355, 7.149949383596419, 7.1499493835621255, 7.149949383554776, 7.149949383587831, 7.149949383571541, 7.149949383582698, 7.149949383579391, 7.149949383564802, 7.149949383563911, 7.149949383577072, 7.1499493835727925, 7.149949383582924, 7.149949383581191, 7.149949383566325, 7.14994938358024, 7.149949383563059, 7.150130641019158, 7.150130641023537, 7.150130641042173, 7.150130641002702, 7.150130640994054, 7.150130640997695, 7.150130641028303, 7.150130641035311, 7.150130641006001, 7.150130641018297, 7.15013064100882, 7.150130641013541, 7.150130641027143, 7.150130641027301, 7.150130641015442, 7.15013064101915, 7.150130641009653, 7.150130641006803, 7.1501306410233685, 7.150130641014474, 7.150130641026141, 7.15040214237107, 7.150402142364931, 7.150402142349946, 7.150402142391983, 7.150402142392544, 7.150402142389316, 7.150402142365793, 7.150402142358256, 7.150402142381901, 7.150402142372902, 7.150402142381118, 7.150402142374075, 7.1504021423651904, 7.150402142364341, 7.150402142374177, 7.150402142371059, 7.1504021423795265, 7.150402142386423, 7.15040214237086, 7.15040214237119, 7.150402142368996, 7.150643109137387, 7.150643109145352, 7.150643109156015, 7.150643109114414, 7.150643109119836, 7.150643109122356, 7.150643109138323, 7.150643109146038, 7.150643109129812, 7.150643109136593, 7.150643109129527, 7.150643109137497, 7.150643109140694, 7.150643109142639, 7.150643109134922, 7.150643109137378, 7.150643109130077, 7.150643109119525, 7.150643109133505, 7.150643109141972, 7.150643109134155, 7.150804502260943, 7.150804502250931, 7.150804502244949, 7.150804502282358, 7.1508045022747915, 7.150804502272785, 7.150804502264529, 7.150804502255459, 7.150804502265294, 7.150804502259262, 7.1508045022661415, 7.150804502257578, 7.150804502259959, 7.150804502256997, 7.150804502262781, 7.150804502260947, 7.1508045022671425, 7.1508045022785165, 7.150804502268415, 7.15080450225282, 7.150804502268414, 7.150922733881845, 7.150922733892857, 7.15092273389453, 7.150922733864313, 7.150922733871236, 7.150922733872685, 7.150922733875454, 7.150922733884945, 7.15092273387981, 7.150922733887081, 7.150922733879304, 7.1509227338872785, 7.150922733880197, 7.150922733884716, 7.150922733880258, 7.150922733881853, 7.150922733876583, 7.150922733866476, 7.150922733872647, 7.150922733891623, 7.150922733872118, 7.151036343314367, 7.1510363433038595, 7.151036343304712, 7.151036343326368, 7.151036343322424, 7.151036343321161, 7.151036343321705, 7.15103634331244, 7.151036343315181, 7.1510363433060595, 7.151036343314572, 7.151036343308241, 7.151036343317829, 7.151036343312347, 7.151036343315547, 7.151036343314372, 7.1510363433188955, 7.151036343326562, 7.151036343323485, 7.151036343305073, 7.151036343324064, 7.151168216114429, 7.151168216123581, 7.151168216121524, 7.151168216108215, 7.151168216108444, 7.151168216109391, 7.15116821610744, 7.151168216116251, 7.151168216114226, 7.15116821612341, 7.151168216115655, 7.1511682161202526, 7.151168216110538, 7.151168216116071, 7.1511682161134225, 7.151168216114427, 7.151168216110707, 7.151168216106878, 7.151168216106818, 7.151168216121889, 7.151168216106376, 7.151305476860449, 7.151305476854371, 7.151305476855728, 7.15130547686256, 7.1513054768649065, 7.15130547686433, 7.15130547686534, 7.151305476858974, 7.151305476860532, 7.151305476852635, 7.151305476858366, 7.151305476856335, 7.151305476863546, 7.151305476859207, 7.1513054768612845, 7.151305476860454, 7.151305476863188, 7.151305476864382, 7.151305476865366, 7.151305476855817, 7.15130547686571, 7.1514115927203274, 7.151411592723049, 7.151411592723064, 7.151411592720849, 7.151411592717431, 7.1514115927178015, 7.151411592718053, 7.151411592721639, 7.151411592719632, 7.15141159272511, 7.151411592721608, 7.151411592722318, 7.151411592718568, 7.151411592721067, 7.15141159271985, 7.151411592720336, 7.151411592718807, 7.151411592719707, 7.151411592718371, 7.151411592721979, 7.151411592718346, 7.151447785833945, 7.1514477858343355, 7.1514477858334295, 7.151447785832281, 7.151447785834992, 7.151447785834904, 7.151447785833153, 7.151447785832716, 7.15144778583481, 7.151447785833165, 7.151447785833852, 7.151447785834497, 7.151447785833837, 7.151447785833488, 7.151447785834233, 7.151447785833946, 7.151447785834451, 7.151447785832757, 7.151447785832932, 7.151447785835166, 7.151447785832714, 7.1514105051207135, 7.151410505117559, 7.151410505119427, 7.151410505122668, 7.151410505121262, 7.15141050512131, 7.151410505124313, 7.15141050512164, 7.1514105051198715, 7.151410505117632, 7.15141050511963, 7.151410505117927, 7.151410505122775, 7.151410505120801, 7.15141050512083, 7.151410505120714, 7.151410505121339, 7.151410505123173, 7.151410505124234, 7.15141050511711, 7.151410505124705, 7.1513332873886055, 7.151333287394062, 7.1513332873914335, 7.151333287385973, 7.151333287386567, 7.151333287386902, 7.151333287383265, 7.151333287388499, 7.151333287389534, 7.151333287394885, 7.15133328739077, 7.151333287392888, 7.1513332873853415, 7.1513332873890665, 7.151333287388219, 7.1513332873886135, 7.151333287386817, 7.151333287384498, 7.151333287383255, 7.15133328739392, 7.151333287382597, 7.15125491872031, 7.151254918712947, 7.151254918715665, 7.1512549187241845, 7.151254918723909, 7.151254918723309, 7.1512549187269325, 7.151254918719537, 7.15125491871972, 7.151254918712248, 7.151254918718342, 7.151254918714916, 7.151254918724324, 7.151254918719445, 7.151254918720919, 7.1512549187203, 7.1512549187229455, 7.151254918725642, 7.1512549187270045, 7.151254918713762, 7.15125491872754, 7.151190129099279, 7.151190129107622, 7.151190129105906, 7.151190129092974, 7.151190129093651, 7.151190129094487, 7.151190129092551, 7.15119012910047, 7.1511901290993425, 7.151190129107899, 7.1511901291006215, 7.151190129104838, 7.151190129095311, 7.151190129100653, 7.151190129098321, 7.151190129099271, 7.151190129095829, 7.151190129091673, 7.151190129091871, 7.151190129106682, 7.151190129091249, 7.151110924150175, 7.151110924140776, 7.151110924140728, 7.151110924160195, 7.151110924158307, 7.151110924157106, 7.151110924156711, 7.151110924147702, 7.151110924151149, 7.15111092414233, 7.15111092415013, 7.151110924144641, 7.1511109241531186, 7.151110924148003, 7.151110924151373, 7.151110924150185, 7.151110924154535, 7.151110924160347, 7.151110924158087, 7.151110924142188, 7.151110924158524, 7.150950580283038, 7.150950580293696, 7.15095058029623, 7.150950580267953, 7.15095058027139, 7.150950580273017, 7.150950580277249, 7.150950580287553, 7.150950580280172, 7.150950580289497, 7.150950580280985, 7.15095058028814, 7.150950580281313, 7.150950580286302, 7.150950580281282, 7.150950580283037, 7.150950580277298, 7.150950580269356, 7.1509505802748015, 7.150950580291505, 7.150950580274596, 7.150579301087492, 7.150579301075293, 7.150579301068671, 7.150579301109288, 7.150579301104666, 7.150579301102187, 7.150579301091783, 7.150579301080091, 7.1505793010931775, 7.150579301081893, 7.150579301092213, 7.15057930108326, 7.150579301087673, 7.150579301082517, 7.1505793010899845, 7.150579301087479, 7.150579301095472, 7.150579301106458, 7.150579301095917, 7.150579301078603, 7.150579301095864, 7.149746438595684, 7.149746438611011, 7.1497464386231036, 7.149746438565377, 7.149746438569991, 7.14974643857369, 7.14974643859254, 7.149746438607989, 7.1497464385858915, 7.149746438601, 7.149746438586971, 7.149746438599404, 7.149746438597576, 7.149746438603304, 7.1497464385919685, 7.149746438595672, 7.149746438584332, 7.149746438570597, 7.149746438586668, 7.149746438605143, 7.1497464385875205, 7.147956639424622, 7.147956639404556, 7.147956639385013, 7.14795663946612, 7.147956639463075, 7.147956639457567, 7.147956639425557, 7.147956639405101, 7.147956639440052, 7.147956639417935, 7.14795663943763, 7.147956639421764, 7.147956639419822, 7.147956639413035, 7.147956639430255, 7.1479566394246215, 7.147956639441111, 7.147956639459091, 7.147956639434496, 7.147956639414277, 7.1479566394329375, 7.1445588526360515, 7.144558852663588, 7.144558852692038, 7.144558852580688, 7.144558852581087, 7.144558852588659, 7.144558852636313, 7.144558852664952, 7.144558852612012, 7.144558852645329, 7.144558852616711, 7.144558852638646, 7.144558852643546, 7.144558852652839, 7.144558852627817, 7.144558852636057, 7.14455885261254, 7.144558852590557, 7.144558852624789, 7.144558852647471, 7.14455885262801, 7.139711216923869, 7.1397112168872665, 7.139711216852083, 7.139711216993203, 7.139711216995824, 7.139711216985633, 7.139711216920655, 7.139711216884654, 7.139711216956907, 7.139711216910287, 7.139711216948059, 7.139711216921768, 7.139711216912789, 7.139711216901663, 7.1397112169345505, 7.139711216923887, 7.139711216954655, 7.1397112169828, 7.13971121693706, 7.1397112169108485, 7.13971121693286, 7.137307724045398, 7.137307724090062, 7.137307724122055, 7.137307723970135, 7.137307723968422, 7.1373077239782186, 7.137307724046977, 7.137307724087818, 7.137307724007555, 7.137307724062071, 7.137307724018647, 7.13730772404834, 7.137307724057821, 7.137307724069579, 7.137307724033383, 7.137307724045392, 7.137307724011638, 7.137307723980462, 7.137307724030776, 7.137307724059035, 7.137307724036537, 7.142343148637736, 7.142343148594555, 7.142343148579271, 7.142343148699545, 7.142343148696385, 7.142343148689027, 7.142343148638689, 7.142343148608198, 7.142343148668458, 7.142343148621504, 7.142343148659488, 7.142343148632505, 7.142343148628374, 7.142343148619616, 7.142343148646843, 7.142343148637726, 7.142343148663641, 7.142343148693068, 7.14234314865349, 7.142343148622975, 7.142343148648996, 7.149725826732263, 7.149725826758506, 7.149725826751114, 7.149725826703821, 7.149725826714641, 7.149725826715769, 7.149725826724484, 7.149725826736199, 7.149725826724997, 7.149725826744085, 7.149725826727746, 7.149725826739727, 7.149725826734757, 7.149725826737455, 7.1497258267296075, 7.149725826732279, 7.14972582672375, 7.149725826701679, 7.14972582671789, 7.149725826746655, 7.14972582671811, 7.149451165128869, 7.149451165127868, 7.149451165151007, 7.1494511651171395, 7.14945116510239, 7.149451165106876, 7.149451165147216, 7.1494511651506905, 7.149451165110699, 7.149451165124992, 7.149451165116334, 7.149451165116582, 7.1494511651397845, 7.149451165137989, 7.149451165125165, 7.149451165128873, 7.149451165118597, 7.1494511651193, 7.149451165141034, 7.149451165115794, 7.149451165145052, 7.1442235135694885, 7.144223513545508, 7.144223513522297, 7.144223513609532, 7.1442235136236105, 7.144223513616934, 7.144223513547208, 7.144223513535126, 7.1442235136036185, 7.144223513570133, 7.144223513594674, 7.144223513582936, 7.144223513546686, 7.14422351355117, 7.144223513578309, 7.144223513569479, 7.144223513590212, 7.144223513603045, 7.144223513560564, 7.14422351358118, 7.144223513552419, 7.14440994800897, 7.1444099480386605, 7.144409948055307, 7.144409947965602, 7.144409947955845, 7.144409947960526, 7.144409948028264, 7.144409948036067, 7.14440994797442, 7.144409948006836, 7.1444099479833, 7.144409947997662, 7.144409948033504, 7.144409948025547, 7.144409948000897, 7.144409948008974, 7.144409947990754, 7.144409947971937, 7.144409948014896, 7.144409948000462, 7.144409948023137, 7.1499213529204475, 7.14992135290707, 7.149921352900917, 7.149921352944275, 7.149921352942027, 7.149921352941116, 7.149921352910301, 7.149921352911545, 7.1499213529366985, 7.149921352927095, 7.149921352933171, 7.149921352927035, 7.149921352906484, 7.149921352913919, 7.149921352923648, 7.149921352920456, 7.149921352926979, 7.149921352940964, 7.149921352917351, 7.1499213529243, 7.149921352913893, 7.150698564629315, 7.1506985646180965, 7.1506985646129575, 7.1506985646363095, 7.150698564648751, 7.150698564646678, 7.150698564627042, 7.1506985646199315, 7.150698564639077, 7.150698564618398, 7.150698564633523, 7.150698564629787, 7.150698564625909, 7.15069856462375, 7.150698564632275, 7.150698564629317, 7.15069856463665, 7.150698564639027, 7.150698564629625, 7.1506985646306, 7.150698564627122, 7.146906668111598, 7.146906668141211, 7.146906668149437, 7.146906668079481, 7.146906668067629, 7.146906668071917, 7.1469066681224405, 7.146906668134584, 7.146906668084566, 7.146906668119565, 7.146906668093452, 7.146906668106403, 7.146906668127578, 7.146906668125924, 7.1469066681041715, 7.146906668111588, 7.1469066680948705, 7.1469066680822815, 7.146906668112513, 7.146906668108023, 7.146906668119043, 7.147136393237528, 7.147136393212872, 7.147136393201125, 7.147136393274936, 7.1471363932778225, 7.147136393273523, 7.147136393224127, 7.147136393214396, 7.147136393263338, 7.1471363932376875, 7.14713639325675, 7.147136393245227, 7.147136393220407, 7.147136393224383, 7.147136393243764, 7.147136393237523, 7.147136393253156, 7.147136393271713, 7.147136393235644, 7.147136393241415, 7.147136393229715, 7.150657919129786]
Total optimisation time observed during ADAM optimization: 583.263631 seconds
Median time per evaluation during ADAM optimization: 1.163572 seconds
7.150657919129786
QAOA optimisation for n=9 took 612.55 seconds; started at 1777601808.2649632 and finished at 1777602420.811559
Finished QAOA for n=10 nodes, m=15 edges at 2026-05-01 04:27:00 on Apple M4. Time taken: 612.55 seconds. Hours: 0.17 hours. Peak RAM: 369.02 MB.
Unknown graph type for approximation ratio calculation; skipping approx ratio computation.
CSV writing for n=9 took 0.00 seconds; started at 1777602420.81156 and finished at 1777602420.812035
results: {9: 7.150657919129786}
durations: {10: 612.5465979576111}
Results saved to: logs/adam/qaoa_results_adam_20260430_200911.csv
Global end time: 1777602420.8120399
Finalisation time: 0.00 seconds; started at 1777602420.8120372 and finished at 1777602420.812041
Sum of all section times: 612.64 seconds
