2026-04-30 23:20:15.743 system_profiler[49223:1585165] hw.cpufamily: 0x6f5129ac
Starting QAOA benchmark with global start time: 1777584015.664605
Benchmark parameters: {'optimiser': 'adam', 'circuit_type': 'hamqaoa', 'parameter_vector': [1, 1, 1], 'iterations_list': [50, 100, 200, 500], 'learning_rate_adam': 0.05, 'depth_list': [1, 2, 5, 10], 'n_start': 0, 'n_end': 30, 'singlet_injection': False, 'start_index_singlet': 0, 'warm_start': True, 'compare_with_010101': False, 'warm_start_correlations': False, 'init_QAOAparams_close_to_zero': False, 'use_correlations_as_initial_params': False, 'time_limit': 10800, 'failed_instance_termination_thrsh': 10, 'graph_generation_type': 'HOG', 'weighted': False, 'easiest_first': True, 'cpu_util_threshold': 90, 'debug': False, 'save_circuit_svg': False, 'rerun_exclude_finished_instances': False, 'optimiser_debug_iterations': 1, 'relative_graph_adjList_path': '/Users/julian_dev/Projects/MasterThesis/QAOA/HOG_graphs/list_27_graphs_adjacency_list.txt'}, Running QAOA with equal superposition
Benchmark run ID: 16464cd7
Processor: Apple M4
Hostname: Mac-mini-som-tillhor-Julian.local
Total RAM (GB): 16.0
Physical cores: 10
Logical cores: 10
Python version: 3.13.1
Initialisation time: 0.09 seconds; started at {'initialisation': 0.09441518783569336} and finished at 1777584015.759029
Loaded HOG graph index 1 with 9 edges.
Instance generation for n=1 took 0.00 seconds; started at 1777584015.7590332 and finished at 1777584015.759347
Running QAOA for n=6 nodes, m=9 edges...; Max iterations: 200
Warm-start: using parameter_vector=[1, 1, 1]
Warm-start: starting SDP solve for n_vertices=6
Starting SDP solve (solver preference: MOSEK, fallback: SCS) for n_vertices=6, matrix_dim=18, edges=9
Finished SDP solve with MOSEK. status=optimal. elapsed_seconds=0.03
Rounding...
n_vertices: 6 for n = 18
Using seed None to generate random matrix for x.
r_0: [-0.41208745 -0.63302148 -0.65533789]
Product state qubit 0: [[ 0.17233106+0.j         -0.20604372+0.31651074j]
 [-0.20604372-0.31651074j  0.82766894+0.j        ]]
Diagonal entries of product state 0: [0.17233106 0.82766894]
r_1: [0.41208748 0.63302089 0.65533843]
Product state qubit 1: [[0.82766922+0.j         0.20604374-0.31651045j]
 [0.20604374+0.31651045j 0.17233078+0.j        ]]
Diagonal entries of product state 1: [0.82766922 0.17233078]
r_2: [0.41208663 0.63302145 0.65533843]
Product state qubit 2: [[0.82766921+0.j         0.20604332-0.31651072j]
 [0.20604332+0.31651072j 0.17233079+0.j        ]]
Diagonal entries of product state 2: [0.82766921 0.17233079]
r_3: [0.41208836 0.63302123 0.65533755]
Product state qubit 3: [[0.82766878+0.j         0.20604418-0.31651061j]
 [0.20604418+0.31651061j 0.17233122+0.j        ]]
Diagonal entries of product state 3: [0.82766878 0.17233122]
r_4: [-0.4120874  -0.63302117 -0.65533822]
Product state qubit 4: [[ 0.17233089+0.j         -0.2060437 +0.31651058j]
 [-0.2060437 -0.31651058j  0.82766911+0.j        ]]
Diagonal entries of product state 4: [0.17233089 0.82766911]
r_5: [-0.41208746 -0.63302093 -0.65533841]
Product state qubit 5: [[ 0.1723308 +0.j         -0.20604373+0.31651046j]
 [-0.20604373-0.31651046j  0.8276692 +0.j        ]]
Diagonal entries of product state 5: [0.1723308 0.8276692]
y_scalar: False
[-1, 1, 1, 1, -1, -1]
Hamiltonian equals product state? [[False False False False]
 [False False False False]
 [False False False False]
 [False False False False]]
Hamiltonian: [[ 0. +0.j  0. +0.j  0. +0.j  0. +0.j]
 [ 0. +0.j  0.5+0.j -0.5+0.j  0. +0.j]
 [ 0. +0.j -0.5+0.j  0.5+0.j  0. +0.j]
 [ 0. +0.j  0. +0.j  0. +0.j  0. +0.j]], product state: [[ 0.14263311+0.00000000e+00j  0.03550774-5.45445798e-02j
  -0.17053605+2.61966196e-01j  0.05772494+1.30430046e-01j]
 [ 0.03550774+5.45445798e-02j  0.02969795+0.00000000e+00j
  -0.14263297+6.53967632e-08j -0.03550768+5.45445435e-02j]
 [-0.17053605-2.61966196e-01j -0.14263297-6.53967632e-08j
   0.68503611+0.00000000e+00j  0.170536  -2.61965866e-01j]
 [ 0.05772494-1.30430046e-01j -0.03550768-5.45445435e-02j
   0.170536  +2.61965866e-01j  0.14263284+0.00000000e+00j]]
Hamiltonian equals product state? [[False False False False]
 [False False False False]
 [False False False False]
 [False False False False]]
Hamiltonian: [[ 0. +0.j  0. +0.j  0. +0.j  0. +0.j]
 [ 0. +0.j  0.5+0.j -0.5+0.j  0. +0.j]
 [ 0. +0.j -0.5+0.j  0.5+0.j  0. +0.j]
 [ 0. +0.j  0. +0.j  0. +0.j  0. +0.j]], product state: [[ 0.14263282+0.00000000e+00j -0.17053596+2.61965828e-01j
   0.03550776-5.45445260e-02j  0.05772481+1.30430166e-01j]
 [-0.17053596-2.61965828e-01j  0.68503596+0.00000000e+00j
  -0.14263303-1.10602039e-07j  0.17053642-2.61966089e-01j]
 [ 0.03550776+5.45445260e-02j -0.14263303+1.10602039e-07j
   0.02969798+0.00000000e+00j -0.03550777+5.45446354e-02j]
 [ 0.05772481-1.30430166e-01j  0.17053642+2.61966089e-01j
  -0.03550777-5.45446354e-02j  0.14263325+0.00000000e+00j]]
Hamiltonian equals product state? [[False False False False]
 [False False False False]
 [False False False False]
 [False False False False]]
Hamiltonian: [[ 0. +0.j  0. +0.j  0. +0.j  0. +0.j]
 [ 0. +0.j  0.5+0.j -0.5+0.j  0. +0.j]
 [ 0. +0.j -0.5+0.j  0.5+0.j  0. +0.j]
 [ 0. +0.j  0. +0.j  0. +0.j  0. +0.j]], product state: [[ 0.14263304+0.00000000e+00j  0.03550781-5.45446089e-02j
  -0.17053596+2.61966057e-01j  0.0577249 +1.30430221e-01j]
 [ 0.03550781+5.45446089e-02j  0.02969802+0.00000000e+00j
  -0.14263312+1.70113486e-07j -0.03550777+5.45446830e-02j]
 [-0.17053596-2.61966057e-01j -0.14263312-1.70113486e-07j
   0.68503574+0.00000000e+00j  0.17053637-2.61966006e-01j]
 [ 0.0577249 -1.30430221e-01j -0.03550777-5.45446830e-02j
   0.17053637+2.61966006e-01j  0.1426332 +0.00000000e+00j]]
Hamiltonian equals product state? [[False False False False]
 [False False False False]
 [False False False False]
 [False False False False]]
Hamiltonian: [[ 0. +0.j  0. +0.j  0. +0.j  0. +0.j]
 [ 0. +0.j  0.5+0.j -0.5+0.j  0. +0.j]
 [ 0. +0.j -0.5+0.j  0.5+0.j  0. +0.j]
 [ 0. +0.j  0. +0.j  0. +0.j  0. +0.j]], product state: [[ 0.1426329 +0.00000000e+00j -0.17053594+2.61965927e-01j
   0.03550778-5.45445562e-02j  0.05772485+1.30430181e-01j]
 [-0.17053594-2.61965927e-01j  0.68503588+0.00000000e+00j
  -0.14263306-1.45848200e-07j  0.1705364 -2.61966058e-01j]
 [ 0.03550778+5.45445562e-02j -0.14263306+1.45848200e-07j
   0.02969799+0.00000000e+00j -0.03550776+5.45446561e-02j]
 [ 0.05772485-1.30430181e-01j  0.1705364 +2.61966058e-01j
  -0.03550776-5.45446561e-02j  0.14263323+0.00000000e+00j]]
Hamiltonian equals product state? [[False False False False]
 [False False False False]
 [False False False False]
 [False False False False]]
Hamiltonian: [[ 0. +0.j  0. +0.j  0. +0.j  0. +0.j]
 [ 0. +0.j  0.5+0.j -0.5+0.j  0. +0.j]
 [ 0. +0.j -0.5+0.j  0.5+0.j  0. +0.j]
 [ 0. +0.j  0. +0.j  0. +0.j  0. +0.j]], product state: [[ 0.14263289+0.00000000e+00j -0.17053605+2.61965967e-01j
   0.03550768-5.45444969e-02j  0.05772485+1.30429992e-01j]
 [-0.17053605-2.61965967e-01j  0.68503632+0.00000000e+00j
  -0.14263289-5.88543971e-09j  0.17053606-2.61965949e-01j]
 [ 0.03550768+5.45444969e-02j -0.14263289+5.88543971e-09j
   0.0296979 +0.00000000e+00j -0.03550768+5.45444959e-02j]
 [ 0.05772485-1.30429992e-01j  0.17053606+2.61965949e-01j
  -0.03550768-5.45444959e-02j  0.14263288+0.00000000e+00j]]
Hamiltonian equals product state? [[False False False False]
 [False False False False]
 [False False False False]
 [False False False False]]
Hamiltonian: [[ 0. +0.j  0. +0.j  0. +0.j  0. +0.j]
 [ 0. +0.j  0.5+0.j -0.5+0.j  0. +0.j]
 [ 0. +0.j -0.5+0.j  0.5+0.j  0. +0.j]
 [ 0. +0.j  0. +0.j  0. +0.j  0. +0.j]], product state: [[ 0.14263289+0.00000000e+00j -0.17053605+2.61965966e-01j
   0.03550761-5.45445449e-02j  0.05772502+1.30429916e-01j]
 [-0.17053605-2.61965966e-01j  0.68503632+0.00000000e+00j
  -0.14263289+1.85093006e-07j  0.17053571-2.61966179e-01j]
 [ 0.03550761+5.45445449e-02j -0.14263289-1.85093006e-07j
   0.0296979 +0.00000000e+00j -0.03550768+5.45444972e-02j]
 [ 0.05772502-1.30429916e-01j  0.17053571+2.61966179e-01j
  -0.03550768-5.45444972e-02j  0.14263289+0.00000000e+00j]]
Hamiltonian equals product state? [[False False False False]
 [False False False False]
 [False False False False]
 [False False False False]]
Hamiltonian: [[ 0. +0.j  0. +0.j  0. +0.j  0. +0.j]
 [ 0. +0.j  0.5+0.j -0.5+0.j  0. +0.j]
 [ 0. +0.j -0.5+0.j  0.5+0.j  0. +0.j]
 [ 0. +0.j  0. +0.j  0. +0.j  0. +0.j]], product state: [[ 0.14263297+0.00000000e+00j -0.17053603+2.61966067e-01j
   0.0355077 -5.45445270e-02j  0.05772489+1.30430006e-01j]
 [-0.17053603-2.61966067e-01j  0.68503624+0.00000000e+00j
  -0.14263292-4.11315416e-08j  0.17053604-2.61965918e-01j]
 [ 0.0355077 +5.45445270e-02j -0.14263292+4.11315416e-08j
   0.02969792+0.00000000e+00j -0.03550767+5.45445166e-02j]
 [ 0.05772489-1.30430006e-01j  0.17053604+2.61965918e-01j
  -0.03550767-5.45445166e-02j  0.14263287+0.00000000e+00j]]
Hamiltonian equals product state? [[False False False False]
 [False False False False]
 [False False False False]
 [False False False False]]
Hamiltonian: [[ 0. +0.j  0. +0.j  0. +0.j  0. +0.j]
 [ 0. +0.j  0.5+0.j -0.5+0.j  0. +0.j]
 [ 0. +0.j -0.5+0.j  0.5+0.j  0. +0.j]
 [ 0. +0.j  0. +0.j  0. +0.j  0. +0.j]], product state: [[ 0.14263311+0.00000000e+00j  0.03550766-5.45446278e-02j
  -0.17053605+2.61966195e-01j  0.05772511+1.30429970e-01j]
 [ 0.03550766+5.45446278e-02j  0.02969795+0.00000000e+00j
  -0.14263298-1.25581797e-07j -0.03550768+5.45445448e-02j]
 [-0.17053605-2.61966195e-01j -0.14263298+1.25581797e-07j
   0.6850361 +0.00000000e+00j  0.17053565-2.61966096e-01j]
 [ 0.05772511-1.30429970e-01j -0.03550768-5.45445448e-02j
   0.17053565+2.61966096e-01j  0.14263284+0.00000000e+00j]]
Hamiltonian equals product state? [[False False False False]
 [False False False False]
 [False False False False]
 [False False False False]]
Hamiltonian: [[ 0. +0.j  0. +0.j  0. +0.j  0. +0.j]
 [ 0. +0.j  0.5+0.j -0.5+0.j  0. +0.j]
 [ 0. +0.j -0.5+0.j  0.5+0.j  0. +0.j]
 [ 0. +0.j  0. +0.j  0. +0.j  0. +0.j]], product state: [[ 0.14263297+0.00000000e+00j -0.17053603+2.61966066e-01j
   0.03550763-5.45445751e-02j  0.05772507+1.30429930e-01j]
 [-0.17053603-2.61966066e-01j  0.68503624+0.00000000e+00j
  -0.14263292+1.49846945e-07j  0.17053569-2.61966149e-01j]
 [ 0.03550763+5.45445751e-02j -0.14263292-1.49846945e-07j
   0.02969792+0.00000000e+00j -0.03550767+5.45445179e-02j]
 [ 0.05772507-1.30429930e-01j  0.17053569+2.61966149e-01j
  -0.03550767-5.45445179e-02j  0.14263287+0.00000000e+00j]]
Energy of rounded cut: 4.499999999999074
Check the cut: [-1, 1, 1, 1, -1, -1]
9 in cut out of a total of 9 edges
Warm-start: SDP solve + rounding finished in 0.04 seconds
Warm-start: statevector build finished in 0.00 seconds
warm_start_correlations: None
Edges: [(0, 1), (3, 5), (0, 3), (3, 4), (1, 5), (2, 5), (1, 4), (0, 2), (2, 4)], weights: [1.0, 1.0, 1.0, 1.0, 1.0, 1.0, 1.0, 1.0, 1.0], set of nodes: {0, 1, 2, 3, 4, 5}, n: 6 nodes, p: 10 layers, N_bayes: 200 iterations
Initial state injected as warm start
Initial state energy for vector-normalised SDP solution used as warm start: 2.499999999999791
Running ADAM optimization with a single iteration (no debug loop)
ADAM optimizer configured with maxiter=200 and learning_rate=0.05
Generated 4 random initial parameter sets for ADAM optimization
Using random initial parameters with:
Param_type 1:  [-1.62005961 -1.4631456  -1.20091439 -1.07572228  2.7655949  -3.0913111
 -0.41848267 -2.92135345 -0.958233    2.81219261]
Param_type 2:  [ 0.9827098   1.85065163  0.21740274  2.54471712 -1.35459033 -1.4650084
 -0.72550365 -0.29383816  1.35555475  0.9499486 ]
Param_type 3:  [ 0.61235202 -2.14518283  0.17214204 -2.03383947  2.53652896  2.31576043
 -0.0872824   2.61883349 -1.33400907 -3.0728119 ]
Param_type 4:  [-0.20740084  0.17828071  2.48175097 -0.98460727  0.79771666 -0.17436088
  1.98464323 -1.47776323  2.30371042  2.02169816]
Energies observed during ADAM optimization: [2.41846801621596, 2.4184680162069876, 2.4184680162267305, 2.418468016243584, 2.4184680162190997, 2.4184680162860563, 2.41846801622905, 2.4184680162289824, 2.418468016272345, 2.4184680163355226, 2.4184680163424335, 2.4184680163034122, 2.4184680161175462, 2.418468016201746, 2.418468016166132, 2.4184680162388905, 2.4184680161649204, 2.418468016218163, 2.4184680161640513, 2.4184680161696495, 2.418468016165467, 2.418468016208227, 2.418468016250891, 2.4184680162529735, 2.4184680162049097, 2.4184680162402694, 2.4184680161908827, 2.4184680161625365, 2.4184680161795704, 2.418468016233661, 2.418468016215958, 2.4184680162362047, 2.418468016155163, 2.4184680161451717, 2.4184680161240606, 2.41846801633105, 2.418468016097994, 2.4184680161481937, 2.4184680161248027, 2.4184680162702183, 2.418468016164968, 2.509324519559559, 2.5093245196138683, 2.509324519552598, 2.5093245195529112, 2.5093245195962166, 2.509324519529702, 2.5093245194884233, 2.509324519484093, 2.5093245195025844, 2.509324519533773, 2.5093245195470626, 2.5093245195844047, 2.509324519559446, 2.5093245196285956, 2.509324519590879, 2.509324519578739, 2.5093245195723815, 2.509324519552353, 2.5093245195198195, 2.5093245196008227, 2.5093245195555927, 2.509324519577127, 2.509324519574713, 2.509324519606352, 2.5093245196239535, 2.509324519485909, 2.5093245196305465, 2.5093245195792586, 2.509324519587399, 2.5093245195398257, 2.509324519559559, 2.5093245195145997, 2.509324519643616, 2.509324519613818, 2.509324519519139, 2.5093245196128935, 2.5093245195063356, 2.5093245195549385, 2.5093245195632083, 2.509324519559179, 2.509324519577658, 2.4599657645199806, 2.459965764443176, 2.459965764442329, 2.4599657643987713, 2.459965764420493, 2.4599657645174697, 2.4599657645430484, 2.45996576453102, 2.4599657644804296, 2.459965764523694, 2.4599657645069968, 2.459965764430736, 2.4599657646036674, 2.4599657645378725, 2.459965764603951, 2.4599657644388064, 2.4599657645630377, 2.459965764555048, 2.45996576459495, 2.459965764540225, 2.4599657645587016, 2.459965764551972, 2.459965764464836, 2.4599657644712396, 2.459965764486344, 2.4599657645598527, 2.459965764478918, 2.4599657644885724, 2.459965764512938, 2.4599657645537394, 2.4599657645199815, 2.459965764451818, 2.4599657646358395, 2.459965764632526, 2.459965764574915, 2.4599657644617694, 2.45996576457997, 2.459965764568751, 2.459965764570677, 2.459965764472949, 2.4599657645654074, 2.641884451838396, 2.6418844518157525, 2.6418844517736186, 2.641884451734911, 2.6418844517589606, 2.64188445188319, 2.6418844518934286, 2.6418844518850424, 2.6418844518272824, 2.6418844518380866, 2.6418844518198306, 2.6418844517574422, 2.6418844518857214, 2.6418844518472437, 2.6418844518804243, 2.6418844517721736, 2.641884451832391, 2.6418844518633606, 2.641884451909337, 2.6418844518568116, 2.6418844518841316, 2.6418844518750926, 2.6418844517820435, 2.641884451812753, 2.641884451753709, 2.6418844519125635, 2.6418844517655513, 2.641884451804697, 2.6418844518276, 2.6418844518684175, 2.641884451838395, 2.6418844517971944, 2.6418844519133957, 2.6418844519156357, 2.6418844518868596, 2.6418844517793727, 2.6418844519027496, 2.6418844518962117, 2.6418844518884157, 2.641884451787095, 2.641884451876887, 2.7516785732839724, 2.751678573340124, 2.7516785732844924, 2.7516785733250932, 2.7516785733411186, 2.751678573242498, 2.751678573267945, 2.7516785732741704, 2.751678573233381, 2.751678573208429, 2.7516785732097664, 2.7516785733204374, 2.751678573240536, 2.751678573295933, 2.751678573251805, 2.751678573299456, 2.7516785732716516, 2.751678573217083, 2.7516785733317115, 2.7516785733020512, 2.7516785733045057, 2.751678573294826, 2.7516785732968954, 2.751678573363825, 2.751678573293274, 2.751678573266191, 2.7516785733058393, 2.7516785733079936, 2.751678573318947, 2.7516785732442526, 2.7516785732839715, 2.7516785732837383, 2.7516785732711035, 2.751678573274637, 2.7516785732730518, 2.7516785732740243, 2.7516785732952385, 2.7516785732822635, 2.7516785732963283, 2.7516785732679416, 2.7516785732689337, 2.760711865769586, 2.760711865777342, 2.7607118657633327, 2.7607118658033407, 2.7607118658284335, 2.7607118656852347, 2.760711865736025, 2.7607118657421177, 2.760711865702046, 2.7607118656752476, 2.7607118656931293, 2.7607118657709036, 2.7607118657258805, 2.7607118657560057, 2.760711865714122, 2.760711865782539, 2.760711865746145, 2.7607118656777665, 2.7607118658248826, 2.760711865771799, 2.760711865787235, 2.7607118657955456, 2.760711865752835, 2.760711865810241, 2.7607118657986964, 2.7607118657364658, 2.7607118658020644, 2.7607118657797365, 2.7607118658119525, 2.760711865716596, 2.760711865769585, 2.7607118657619467, 2.7607118657530143, 2.7607118657680867, 2.7607118658005882, 2.7607118657486227, 2.760711865791383, 2.760711865746667, 2.760711865771189, 2.7607118657672176, 2.760711865710468, 2.913153246501776, 2.9131532464649035, 2.9131532464862593, 2.9131532464879593, 2.913153246512735, 2.9131532464268854, 2.9131532464687995, 2.913153246473615, 2.9131532464338594, 2.9131532464125227, 2.9131532464414516, 2.9131532464601277, 2.913153246497484, 2.913153246454427, 2.9131532464316225, 2.913153246496476, 2.913153246421176, 2.9131532464121546, 2.9131532465833194, 2.9131532464975596, 2.9131532465232266, 2.913153246524197, 2.9131532464606704, 2.9131532464828473, 2.91315324650426, 2.913153246506033, 2.9131532464942214, 2.9131532465119507, 2.913153246538902, 2.9131532464524255, 2.9131532465017758, 2.9131532465100283, 2.9131532464736845, 2.9131532464909986, 2.9131532465963454, 2.913153246447253, 2.9131532465571692, 2.913153246487998, 2.913153246503298, 2.913153246505673, 2.913153246414314, 3.097166964982272, 3.0971669649771787, 3.097166964972357, 3.097166964964306, 3.097166964979172, 3.097166965009853, 3.09716696500779, 3.0971669650082, 3.0971669649444635, 3.097166964963305, 3.0971669649878164, 3.0971669649866223, 3.097166965013462, 3.097166964978085, 3.0971669649522218, 3.0971669649810205, 3.0971669649341167, 3.0971669649297064, 3.0971669650081646, 3.097166964998495, 3.097166964965145, 3.097166964977, 3.0971669649800817, 3.097166964965707, 3.097166964968527, 3.0971669649991624, 3.0971669649651266, 3.0971669650170077, 3.0971669650150555, 3.0971669649356177, 3.0971669649822706, 3.0971669650079456, 3.097166964934079, 3.097166964935554, 3.0971669650039684, 3.097166964992592, 3.0971669649720033, 3.0971669649634794, 3.097166964952074, 3.097166965017308, 3.097166964920663, 3.0427882152719308, 3.0427882153127697, 3.042788215267321, 3.0427882152630423, 3.042788215272272, 3.042788215379079, 3.042788215353892, 3.042788215353049, 3.0427882153010426, 3.0427882153346295, 3.0427882153430246, 3.042788215328324, 3.0427882153595402, 3.042788215356755, 3.042788215307606, 3.0427882152655825, 3.042788215316475, 3.0427882152747117, 3.0427882151911905, 3.0427882153051846, 3.0427882152089696, 3.0427882152345207, 3.0427882153288484, 3.0427882152903467, 3.042788215302283, 3.0427882152400234, 3.042788215304017, 3.0427882152826857, 3.042788215271958, 3.042788215262147, 3.04278821527193, 3.042788215284845, 3.042788215243968, 3.0427882152255776, 3.0427882151598515, 3.0427882153908445, 3.042788215153726, 3.0427882152218144, 3.042788215203549, 3.042788215339234, 3.042788215265897, 3.0727270269866986, 3.072727027063519, 3.0727270269864855, 3.0727270269638307, 3.0727270269884617, 3.0727270270654214, 3.0727270270476152, 3.0727270270490985, 3.0727270270374225, 3.072727027048, 3.0727270270590283, 3.072727026997784, 3.0727270270943867, 3.072727027056815, 3.0727270270385234, 3.07272702699203, 3.0727270270325393, 3.0727270270281006, 3.0727270268882965, 3.072727027028554, 3.072727026938922, 3.072727026959105, 3.0727270270231233, 3.0727270269633027, 3.072727027011842, 3.0727270269698437, 3.0727270270063403, 3.0727270269791944, 3.0727270269626223, 3.0727270270085874, 3.0727270269866946, 3.0727270269934883, 3.0727270269744458, 3.072727026952999, 3.0727270268890012, 3.0727270270972267, 3.0727270268797096, 3.0727270269452336, 3.0727270269367035, 3.0727270270348646, 3.0727270270068874, 3.128765564403079, 3.1287655644823724, 3.1287655644255925, 3.128765564392965, 3.1287655644367596, 3.1287655643659646, 3.1287655643449623, 3.1287655643467893, 3.128765564464511, 3.1287655644300334, 3.1287655644404535, 3.128765564373383, 3.1287655645045347, 3.1287655644003984, 3.1287655644220873, 3.128765564421452, 3.1287655643830217, 3.1287655644641603, 3.128765564369017, 3.128765564440293, 3.128765564408275, 3.1287655643824914, 3.128765564405867, 3.1287655643420376, 3.1287655643836496, 3.128765564436199, 3.1287655643749255, 3.1287655643849703, 3.1287655643700725, 3.128765564437804, 3.1287655644030803, 3.128765564421795, 3.12876556439439, 3.1287655643789525, 3.1287655644287247, 3.1287655643912164, 3.1287655644180266, 3.1287655643993006, 3.1287655644180705, 3.1287655643858674, 3.1287655644373955, 3.102180970238342, 3.1021809702648895, 3.1021809702592718, 3.1021809702347145, 3.1021809702522574, 3.1021809701501364, 3.1021809701451026, 3.102180970144552, 3.102180970288376, 3.102180970235889, 3.102180970238746, 3.102180970218547, 3.102180970279702, 3.1021809701777237, 3.1021809702099596, 3.1021809702460317, 3.102180970176622, 3.102180970297137, 3.1021809702402248, 3.102180970254033, 3.1021809702824017, 3.102180970222317, 3.102180970223012, 3.102180970196095, 3.1021809702167467, 3.102180970264032, 3.1021809702165832, 3.1021809702117067, 3.1021809702131136, 3.102180970263565, 3.102180970238342, 3.102180970256513, 3.102180970244611, 3.10218097024282, 3.102180970348232, 3.1021809701371357, 3.1021809703377445, 3.102180970267574, 3.1021809703069554, 3.102180970170518, 3.10218097027115, 3.1142759077680786, 3.114275907714497, 3.114275907779923, 3.1142759077888686, 3.1142759077397497, 3.1142759077184996, 3.1142759077325293, 3.1142759077302866, 3.1142759077899194, 3.1142759077645112, 3.114275907761982, 3.114275907767736, 3.1142759077381275, 3.1142759076773894, 3.1142759077374196, 3.1142759077532376, 3.1142759077309226, 3.1142759078171207, 3.1142759077533255, 3.1142759077546645, 3.1142759078133375, 3.114275907763906, 3.114275907730399, 3.114275907755279, 3.114275907780323, 3.1142759077514164, 3.114275907784709, 3.1142759077386057, 3.1142759077546, 3.1142759077808266, 3.1142759077680777, 3.114275907779415, 3.1142759077806006, 3.1142759078003968, 3.114275907862292, 3.1142759076745823, 3.1142759078567503, 3.1142759078040605, 3.114275907837891, 3.1142759076996627, 3.1142759077933646, 3.131000310343937, 3.1310003102568755, 3.131000310337889, 3.1310003103860162, 3.1310003103049704, 3.1310003103579462, 3.1310003103710304, 3.1310003103681474, 3.1310003103483153, 3.1310003103589743, 3.1310003103566095, 3.1310003103460033, 3.13100031027208, 3.131000310258805, 3.131000310345289, 3.1310003103198754, 3.1310003103568014, 3.131000310386419, 3.1310003103036417, 3.1310003103099127, 3.1310003103640094, 3.1310003103537247, 3.1310003102948127, 3.131000310352718, 3.131000310377398, 3.1310003103058492, 3.1310003103765878, 3.131000310319655, 3.131000310334703, 3.1310003103530533, 3.1310003103439352, 3.131000310342259, 3.131000310357812, 3.131000310377961, 3.1310003103737367, 3.131000310304967, 3.131000310380548, 3.1310003103609376, 3.131000310377402, 3.131000310310912, 3.131000310363545, 3.14221307276027, 3.1422130727172397, 3.1422130727331994, 3.1422130727949322, 3.1422130727391178, 3.1422130728125324, 3.142213072812049, 3.142213072808048, 3.1422130727600837, 3.1422130727924773, 3.1422130727920603, 3.142213072764716, 3.1422130726822184, 3.1422130727125466, 3.142213072798843, 3.14221307275468, 3.1422130728154474, 3.1422130727863133, 3.1422130727240676, 3.1422130727254114, 3.1422130727486377, 3.1422130727751085, 3.1422130727302724, 3.1422130727814057, 3.142213072782487, 3.142213072735219, 3.1422130727763298, 3.142213072752008, 3.142213072755522, 3.1422130727650215, 3.1422130727602706, 3.1422130727419257, 3.1422130727754616, 3.142213072776316, 3.142213072735308, 3.1422130727678623, 3.1422130727564284, 3.1422130727519098, 3.1422130727526, 3.1422130727679414, 3.142213072783277, 3.146766021724031, 3.146766021745668, 3.1467660216873954, 3.1467660217452194, 3.146766021728811, 3.1467660217826596, 3.146766021768363, 3.1467660217625566, 3.1467660217154987, 3.146766021753562, 3.146766021754276, 3.14676602174185, 3.146766021656136, 3.146766021714725, 3.146766021778849, 3.1467660217422746, 3.146766021793685, 3.1467660217250817, 3.1467660217170206, 3.146766021700928, 3.146766021691875, 3.146766021735988, 3.146766021725641, 3.146766021751566, 3.1467660217152447, 3.1467660217298383, 3.146766021709549, 3.1467660217354045, 3.1467660217280327, 3.1467660217199844, 3.146766021724032, 3.1467660216958953, 3.1467660217328848, 3.146766021719259, 3.146766021682671, 3.146766021746273, 3.146766021708365, 3.1467660217042566, 3.1467660216934688, 3.1467660217546984, 3.1467660217539404, 3.1542579668587534, 3.1542579669224935, 3.154257966832996, 3.1542579668804653, 3.1542579668834936, 3.1542579669023505, 3.1542579668809765, 3.154257966873779, 3.1542579668328274, 3.1542579668629234, 3.1542579668635127, 3.154257966896695, 3.1542579668172346, 3.154257966877649, 3.1542579668978505, 3.154257966885056, 3.154257966907635, 3.154257966838695, 3.154257966882958, 3.1542579668458655, 3.154257966823038, 3.1542579668623816, 3.1542579668867687, 3.1542579668858988, 3.1542579668195763, 3.154257966894673, 3.15425796681687, 3.1542579668799258, 3.1542579668665365, 3.1542579668508752, 3.1542579668587547, 3.1542579668350186, 3.1542579668511013, 3.1542579668395607, 3.154257966831425, 3.1542579668718367, 3.1542579668497734, 3.1542579668441224, 3.154257966825619, 3.1542579668920623, 3.1542579668885318, 3.171596733811891, 3.1715967338761573, 3.171596733809428, 3.1715967338360214, 3.171596733831399, 3.1715967338364983, 3.171596733820165, 3.1715967338113322, 3.171596733768872, 3.171596733784281, 3.1715967337843716, 3.171596733869877, 3.171596733805145, 3.171596733845082, 3.1715967338112123, 3.1715967338343867, 3.1715967338209867, 3.171596733778544, 3.1715967338485487, 3.1715967337998063, 3.171596733783029, 3.171596733804552, 3.171596733852705, 3.1715967338301967, 3.1715967337644093, 3.1715967338547317, 3.171596733765823, 3.1715967338251896, 3.1715967338142717, 3.1715967338094813, 3.1715967338118913, 3.171596733805991, 3.1715967337819038, 3.1715967337866, 3.171596733801494, 3.171596733816295, 3.1715967338068665, 3.1715967338059166, 3.1715967337852304, 3.1715967338385966, 3.1715967338320925, 3.195599941491472, 3.195599941519094, 3.195599941506734, 3.1955999415046756, 3.195599941480601, 3.195599941497959, 3.1955999414974183, 3.1955999414880827, 3.1955999414412344, 3.195599941443671, 3.195599941443484, 3.195599941559459, 3.195599941503867, 3.1955999415243004, 3.1955999414474854, 3.1955999415031373, 3.195599941462923, 3.1955999414552623, 3.19559994151658, 3.195599941472626, 3.1955999414754, 3.195599941474991, 3.195599941530625, 3.195599941499587, 3.1955999414658405, 3.1955999415100687, 3.19559994147129, 3.195599941484622, 3.1955999414866576, 3.195599941496423, 3.195599941491469, 3.195599941502913, 3.195599941449384, 3.195599941471373, 3.1955999414928264, 3.1955999414929774, 3.1955999414851703, 3.195599941489198, 3.195599941475311, 3.1955999415075413, 3.195599941496568, 3.2166207898244865, 3.2166207898048467, 3.216620789845597, 3.2166207898221706, 3.2166207897845336, 3.2166207898108743, 3.216620789827791, 3.2166207898205297, 3.2166207897822776, 3.216620789780562, 3.216620789779975, 3.2166207898745545, 3.2166207898318775, 3.2166207898467607, 3.2166207897608947, 3.2166207898175623, 3.2166207897769223, 3.2166207898004466, 3.216620789823581, 3.2166207898012655, 3.2166207898239128, 3.216620789809549, 3.2166207898435926, 3.2166207898198227, 3.2166207898367754, 3.2166207898059103, 3.216620789842661, 3.2166207898002597, 3.2166207898168393, 3.216620789832399, 3.2166207898244896, 3.2166207898409462, 3.2166207897887187, 3.216620789815505, 3.2166207898352033, 3.2166207898237618, 3.2166207898191193, 3.216620789823803, 3.2166207898223664, 3.216620789826579, 3.216620789819564, 3.229371808479087, 3.2293718084315137, 3.2293718084990504, 3.229371808472042, 3.2293718084363765, 3.229371808452053, 3.2293718084740966, 3.2293718084688727, 3.229371808460043, 3.229371808462346, 3.2293718084606997, 3.2293718084816723, 3.229371808477741, 3.2293718084901384, 3.2293718084266123, 3.229371808456779, 3.2293718084329353, 3.2293718084757015, 3.229371808459143, 3.229371808462502, 3.2293718084897707, 3.2293718084796614, 3.2293718084657943, 3.2293718084555763, 3.229371808514708, 3.2293718084429948, 3.2293718085162273, 3.2293718084546414, 3.229371808472656, 3.229371808485742, 3.22937180847909, 3.22937180849223, 3.2293718084562615, 3.2293718084715914, 3.229371808494034, 3.2293718084765852, 3.2293718084777128, 3.2293718084815777, 3.229371808489852, 3.2293718084685694, 3.2293718084783696, 3.2332739133010278, 3.233273913253102, 3.2332739133171744, 3.233273913298993, 3.2332739132782806, 3.2332739132762933, 3.2332739132885373, 3.233273913282927, 3.2332739133129627, 3.233273913319349, 3.2332739133159407, 3.2332739132546395, 3.233273913303547, 3.233273913310092, 3.233273913276623, 3.233273913277624, 3.2332739132730466, 3.233273913311436, 3.2332739132853683, 3.233273913300225, 3.2332739133143056, 3.2332739133197337, 3.2332739132654402, 3.2332739132644615, 3.2332739133306503, 3.233273913277369, 3.233273913326772, 3.233273913293939, 3.2332739132991466, 3.2332739133030417, 3.2332739133010313, 3.2332739133098247, 3.2332739132898567, 3.233273913285945, 3.233273913313003, 3.2332739132970634, 3.233273913305359, 3.2332739133050676, 3.23327391331841, 3.2332739132839885, 3.233273913316897, 3.2302546808427044, 3.2302546808111887, 3.2302546808518784, 3.230254680841839, 3.230254680840199, 3.2302546808295696, 3.2302546808292143, 3.230254680822581, 3.2302546808787325, 3.2302546808867727, 3.2302546808815946, 3.2302546807730637, 3.230254680851559, 3.2302546808586783, 3.2302546808503405, 3.2302546808297294, 3.2302546808455856, 3.2302546808530783, 3.2302546808464823, 3.230254680859248, 3.2302546808527164, 3.2302546808695713, 3.2302546808076653, 3.230254680810044, 3.2302546808531587, 3.230254680840114, 3.230254680847197, 3.230254680857977, 3.2302546808490504, 3.2302546808363237, 3.2302546808427053, 3.230254680844904, 3.2302546808470023, 3.2302546808267896, 3.2302546808470947, 3.2302546808382475, 3.230254680851248, 3.23025468084533, 3.2302546808609267, 3.2302546808247867, 3.230254680876366, 3.232537694995262, 3.232537694984845, 3.2325376949935487, 3.23253769498744, 3.232537695000867, 3.2325376949935136, 3.232537694984846, 3.2325376949805746, 3.232537694957758, 3.232537695043532, 3.232537695038455, 3.232537694934703, 3.232537694999281, 3.232537695020767, 3.232537695027943, 3.2325376949953504, 3.232537695026939, 3.2325376949989333, 3.2325376950112914, 3.2325376950229474, 3.2325376950022897, 3.2325376950170552, 3.2325376949798947, 3.232537694982982, 3.2325376949955014, 3.2325376950001603, 3.2325376949906954, 3.232537695024669, 3.2325376950102584, 3.2325376949797393, 3.232537694995259, 3.2325376949857287, 3.2325376950199547, 3.2325376949905857, 3.2325376949905613, 3.2325376949938023, 3.232537695001855, 3.2325376949972515, 3.232537695012097, 3.232537694979289, 3.23253769503419, 3.245526343524773, 3.245526343535544, 3.245526343512264, 3.2455263435121005, 3.2455263435318358, 3.2455263435341926, 3.2455263435193498, 3.2455263435223944, 3.2455263435142374, 3.2455263435516954, 3.245526343550205, 3.245526343497204, 3.24552634351539, 3.245526343558008, 3.2455263435655084, 3.245526343533146, 3.2455263435652313, 3.245526343526234, 3.2455263435329917, 3.2455263435542827, 3.245526343533012, 3.2455263435327075, 3.245526343537209, 3.245526343540164, 3.2455263435302357, 3.2455263435204844, 3.245526343526835, 3.2455263435553365, 3.2455263435440127, 3.2455263435045216, 3.245526343524774, 3.2455263435026676, 3.2455263435641157, 3.2455263435339936, 3.2455263435104453, 3.245526343531369, 3.2455263435216573, 3.245526343529536, 3.2455263435397135, 3.2455263435118447, 3.2455263435500536, 3.2571305150886687, 3.2571305151147225, 3.257130515073111, 3.2571305150803322, 3.2571305150998877, 3.257130515103076, 3.257130515085093, 3.257130515095465, 3.2571305151041376, 3.257130515087137, 3.2571305150909398, 3.257130515093853, 3.257130515072915, 3.2571305151240826, 3.2571305151149716, 3.257130515099177, 3.257130515109136, 3.257130515092416, 3.2571305150838725, 3.2571305151103664, 3.2571305150983942, 3.2571305150845817, 3.257130515119571, 3.257130515120652, 3.257130515100268, 3.257130515077266, 3.2571305150965015, 3.2571305151053775, 3.257130515101345, 3.257130515075398, 3.2571305150886682, 3.257130515062498, 3.2571305151254246, 3.2571305151021632, 3.257130515073786, 3.257130515099001, 3.257130515079466, 3.2571305150932996, 3.2571305150981384, 3.2571305150818697, 3.2571305150878382, 3.261232030130077, 3.2612320301609317, 3.261232030123734, 3.2612320301326867, 3.2612320301470827, 3.261232030139062, 3.2612320301212994, 3.2612320301358917, 3.261232030157765, 3.261232030102697, 3.2612320301106883, 3.261232030152523, 3.26123203012197, 3.2612320301573936, 3.261232030131602, 3.26123203013908, 3.2612320301146345, 3.2612320301383995, 3.2612320301185083, 3.261232030140724, 3.26123203013905, 3.2612320301214304, 3.2612320301595275, 3.261232030153489, 3.2612320301384545, 3.2612320301248854, 3.2612320301338835, 3.2612320301246855, 3.2612320301280606, 3.2612320301324544, 3.261232030130077, 3.2612320301130997, 3.2612320301462856, 3.2612320301359143, 3.261232030128206, 3.2612320301344204, 3.261232030126102, 3.2612320301290176, 3.261232030131405, 3.2612320301313162, 3.2612320301025437, 3.255572915323201, 3.255572915347808, 3.255572915331537, 3.2555729153345174, 3.2555729153435515, 3.2555729153251725, 3.2555729153090804, 3.2555729153237487, 3.2555729153480644, 3.255572915282113, 3.2555729152911828, 3.2555729153470545, 3.255572915327718, 3.2555729153346475, 3.25557291530842, 3.255572915330259, 3.255572915281374, 3.255572915333981, 3.255572915312844, 3.255572915325281, 3.2555729153266775, 3.255572915316003, 3.2555729153376656, 3.255572915321101, 3.255572915322498, 3.2555729153315256, 3.2555729153180586, 3.255572915301504, 3.2555729153098727, 3.255572915337394, 3.2555729153232003, 3.255572915321869, 3.2555729153142483, 3.2555729153170363, 3.2555729153399917, 3.255572915316296, 3.2555729153317117, 3.255572915311061, 3.255572915315, 3.255572915333233, 3.255572915277705, 3.2539244100013747, 3.253924410012289, 3.253924410020668, 3.253924410013568, 3.253924410016841, 3.2539244100093105, 3.2539244099957925, 3.2539244100069813, 3.2539244100160944, 3.2539244099640428, 3.2539244099712787, 3.2539244100171865, 3.2539244100119116, 3.253924409996303, 3.253924409987246, 3.2539244100047173, 3.2539244099584312, 3.2539244100106277, 3.253924409993378, 3.2539244099993634, 3.2539244099965834, 3.2539244099974964, 3.2539244099995805, 3.2539244099747737, 3.2539244099958946, 3.253924410016575, 3.253924409993544, 3.2539244099802063, 3.253924409990506, 3.2539244100130076, 3.2539244100013733, 3.2539244100119227, 3.2539244099778317, 3.2539244099886826, 3.2539244100275693, 3.2539244099891436, 3.2539244100170635, 3.253924409979193, 3.253924409985333, 3.2539244100183646, 3.253924409950307, 3.2640011691891675, 3.264001169183902, 3.2640011692104705, 3.2640011691932123, 3.264001169189859, 3.2640011692132465, 3.2640011692040702, 3.2640011692096733, 3.2640011691932536, 3.2640011691677078, 3.264001169172062, 3.2640011691949695, 3.264001169195345, 3.264001169173513, 3.264001169186157, 3.2640011691867254, 3.2640011691646937, 3.2640011691940347, 3.2640011691823245, 3.2640011691864603, 3.2640011691789486, 3.264001169186934, 3.2640011691788584, 3.2640011691528503, 3.2640011691855295, 3.264001169200807, 3.26400116918636, 3.2640011691810615, 3.264001169190776, 3.2640011691880257, 3.264001169189163, 3.264001169201976, 3.264001169168543, 3.2640011691805255, 3.264001169212361, 3.26400116917902, 3.2640011692033437, 3.2640011691629214, 3.264001169170291, 3.2640011692084134, 3.2640011691429867, 3.2793474427742284, 3.2793474427559386, 3.2793474427887355, 3.2793474427646894, 3.279347442758168, 3.2793474428060034, 3.2793474428015865, 3.279347442801868, 3.2793474427699296, 3.279347442768831, 3.2793474427708094, 3.2793474427735982, 3.2793474427701477, 3.2793474427575813, 3.279347442782965, 3.2793474427670763, 3.279347442772389, 3.2793474427761735, 3.2793474427703146, 3.2793474427744957, 3.2793474427658817, 3.2793474427707574, 3.279347442765973, 3.2793474427461855, 3.279347442772571, 3.279347442779513, 3.2793474427753018, 3.279347442779624, 3.2793474427859413, 3.2793474427627802, 3.279347442774229, 3.279347442779885, 3.279347442771475, 3.2793474427780205, 3.2793474427908627, 3.2793474427649776, 3.279347442785602, 3.279347442750706, 3.2793474427599087, 3.2793474427887292, 3.279347442741746, 3.2932554405465275, 3.2932554405222385, 3.2932554405503365, 3.293255440526376, 3.2932554405243826, 3.2932554405651366, 3.2932554405635353, 3.2932554405608085, 3.293255440536009, 3.2932554405494465, 3.2932554405500665, 3.2932554405428904, 3.293255440534586, 3.2932554405366306, 3.293255440559262, 3.293255440538705, 3.29325544055735, 3.2932554405520826, 3.2932554405453907, 3.293255440554514, 3.293255440547149, 3.293255440541215, 3.2932554405469223, 3.293255440537875, 3.2932554405433683, 3.2932554405487156, 3.2932554405451557, 3.293255440556807, 3.2932554405569117, 3.2932554405363095, 3.29325544054653, 3.2932554405411225, 3.29325544056579, 3.2932554405619587, 3.2932554405584, 3.2932554405341024, 3.293255440557242, 3.293255440532542, 3.293255440543741, 3.293255440549489, 3.2932554405345416, 3.2994629873971597, 3.2994629873748846, 3.299462987391872, 3.2994629873753274, 3.299462987384667, 3.299462987391524, 3.2994629873897923, 3.2994629873864993, 3.299462987383136, 3.2994629874015886, 3.2994629874016455, 3.2994629873897745, 3.299462987385958, 3.2994629873948513, 3.299462987404828, 3.2994629873924275, 3.2994629874071024, 3.2994629874134254, 3.299462987392618, 3.2994629874155406, 3.2994629874081616, 3.2994629873925447, 3.2994629874054655, 3.2994629874065966, 3.2994629873922476, 3.29946298739838, 3.2994629873910135, 3.299462987403505, 3.299462987396213, 3.2994629873981403, 3.2994629873971593, 3.299462987384231, 3.2994629874292802, 3.299462987413658, 3.2994629874019483, 3.2994629873852057, 3.2994629874042487, 3.2994629873970456, 3.2994629874075785, 3.299462987386786, 3.2994629874062205, 3.300938429624868, 3.3009384296095545, 3.300938429616058, 3.300938429610604, 3.3009384296292192, 3.300938429608279, 3.300938429604058, 3.3009384296006914, 3.3009384296122906, 3.3009384296297393, 3.300938429629556, 3.300938429611363, 3.300938429622462, 3.3009384296263526, 3.300938429625467, 3.300938429623653, 3.300938429628599, 3.3009384296518656, 3.300938429610933, 3.3009384296503645, 3.300938429639891, 3.300938429623935, 3.300938429634405, 3.300938429639691, 3.3009384296217767, 3.3009384296238298, 3.3009384296185322, 3.300938429626442, 3.3009384296141038, 3.300938429635369, 3.3009384296248685, 3.300938429612326, 3.300938429654073, 3.3009384296307998, 3.300938429617021, 3.3009384296230904, 3.300938429621766, 3.300938429635398, 3.3009384296418363, 3.300938429607582, 3.300938429646407, 3.306436194306149, 3.3064361942980054, 3.306436194299982, 3.3064361943034712, 3.3064361943214355, 3.3064361942996134, 3.3064361942933647, 3.3064361942883136, 3.3064361942975258, 3.3064361943148004, 3.306436194314429, 3.3064361942878433, 3.3064361943152925, 3.3064361943093266, 3.3064361943026475, 3.306436194305802, 3.3064361943065426, 3.306436194332579, 3.3064361942856744, 3.3064361943306744, 3.306436194316324, 3.306436194309218, 3.306436194310969, 3.3064361943124028, 3.3064361943078877, 3.306436194300659, 3.306436194306238, 3.306436194308111, 3.306436194297256, 3.3064361943143425, 3.3064361943061473, 3.3064361943001055, 3.306436194321564, 3.3064361942985143, 3.306436194285341, 3.3064361943194527, 3.306436194290195, 3.306436194318375, 3.3064361943193576, 3.3064361942922984, 3.3064361943270097, 3.313811658425891, 3.3138116584245205, 3.3138116584245405, 3.313811658430473, 3.313811658440852, 3.3138116584324053, 3.313811658427625, 3.31381165842009, 3.3138116584193638, 3.3138116584387944, 3.313811658438658, 3.313811658409775, 3.3138116584425683, 3.3138116584310446, 3.3138116584208586, 3.31381165842359, 3.3138116584259762, 3.3138116584360917, 3.3138116584096164, 3.313811658441411, 3.313811658427837, 3.313811658429894, 3.313811658426619, 3.3138116584196706, 3.3138116584316117, 3.3138116584162507, 3.313811658434461, 3.3138116584300294, 3.313811658428936, 3.313811658421936, 3.313811658425893, 3.3138116584266344, 3.3138116584276394, 3.3138116584110064, 3.3138116584021766, 3.3138116584468564, 3.3138116584037878, 3.313811658433543, 3.3138116584302932, 3.3138116584210593, 3.3138116584368635, 3.318232939806703, 3.318232939812298, 3.318232939807014, 3.3182329398102506, 3.318232939813642, 3.3182329398107133, 3.318232939810521, 3.3182329398024124, 3.318232939800529, 3.3182329398167654, 3.3182329398182078, 3.3182329398017445, 3.3182329398215553, 3.318232939813717, 3.3182329398005486, 3.3182329398012884, 3.3182329398051156, 3.318232939793358, 3.3182329398042048, 3.3182329398086874, 3.318232939803879, 3.318232939807222, 3.3182329398087336, 3.318232939796006, 3.3182329398115664, 3.3182329397969186, 3.318232939818369, 3.318232939807699, 3.3182329398209855, 3.3182329397913057, 3.3182329398067014, 3.3182329398094543, 3.3182329398029027, 3.318232939794257, 3.318232939795541, 3.318232939819239, 3.3182329397919066, 3.3182329398100303, 3.3182329398052137, 3.318232939808703, 3.318232939807267, 3.3180950476205875, 3.318095047631224, 3.3180950476183413, 3.318095047618648, 3.3180950476184474, 3.3180950476099915, 3.3180950476140385, 3.318095047608108, 3.3180950476159525, 3.318095047619789, 3.3180950476241273, 3.3180950476294924, 3.318095047626121, 3.318095047627881, 3.318095047613652, 3.318095047613268, 3.3180950476151305, 3.3180950475906528, 3.3180950476319775, 3.31809504760927, 3.3180950476171094, 3.3180950476158446, 3.3180950476269633, 3.318095047614867, 3.3180950476192494, 3.3180950476158024, 3.3180950476270894, 3.318095047612291, 3.318095047636721, 3.318095047602449, 3.3180950476205884, 3.318095047620652, 3.3180950476187476, 3.318095047615836, 3.318095047629133, 3.318095047614769, 3.3180950476212536, 3.3180950476234115, 3.3180950476185647, 3.318095047624611, 3.3180950476164557, 3.3171825667679617, 3.3171825667801835, 3.3171825667628356, 3.317182566764266, 3.317182566761961, 3.3171825667501413, 3.317182566754845, 3.317182566752262, 3.3171825667667205, 3.3171825667587083, 3.317182566765303, 3.3171825667829093, 3.3171825667655526, 3.317182566772775, 3.317182566764431, 3.3171825667612214, 3.3171825667618053, 3.3171825667370434, 3.31718256678341, 3.3171825667484605, 3.317182566763576, 3.3171825667608874, 3.317182566774936, 3.3171825667672437, 3.3171825667597843, 3.3171825667697035, 3.3171825667664283, 3.3171825667510344, 3.3171825667773227, 3.3171825667550925, 3.3171825667679604, 3.3171825667653523, 3.3171825667686115, 3.317182566767196, 3.317182566787138, 3.3171825667504278, 3.3171825667788997, 3.3171825667729817, 3.317182566767124, 3.317182566772516, 3.3171825667644597, 3.31953895793451, 3.319538957944711, 3.3195389579295993, 3.319538957936849, 3.3195389579310213, 3.3195389579281964, 3.319538957930268, 3.3195389579299577, 3.3195389579375276, 3.319538957928283, 3.3195389579347783, 3.319538957943324, 3.319538957931283, 3.3195389579339567, 3.3195389579403263, 3.3195389579300976, 3.3195389579348467, 3.3195389579172025, 3.319538957941515, 3.3195389579140904, 3.3195389579268317, 3.3195389579301535, 3.319538957934531, 3.3195389579308423, 3.319538957924057, 3.319538957939502, 3.3195389579291157, 3.3195389579155585, 3.319538957934432, 3.31953895792985, 3.319538957934512, 3.319538957932995, 3.319538957932871, 3.319538957929636, 3.3195389579469485, 3.3195389579217736, 3.31953895794272, 3.319538957942091, 3.3195389579334567, 3.319538957940761, 3.319538957933704, 3.320154955160421, 3.3201549551647958, 3.320154955157109, 3.3201549551713185, 3.3201549551612386, 3.320154955173692, 3.3201549551728395, 3.320154955172737, 3.3201549551691154, 3.3201549551633427, 3.3201549551682974, 3.320154955157516, 3.3201549551592664, 3.3201549551524234, 3.3201549551754392, 3.3201549551595075, 3.3201549551694693, 3.3201549551624447, 3.320154955153273, 3.320154955144579, 3.3201549551499325, 3.3201549551609553, 3.320154955150034, 3.3201549551501506, 3.320154955152439, 3.3201549551642993, 3.3201549551561733, 3.3201549551447376, 3.3201549551523266, 3.320154955163219, 3.3201549551604157, 3.3201549551620233, 3.3201549551542704, 3.320154955148353, 3.320154955156669, 3.320154955162138, 3.3201549551577783, 3.3201549551702274, 3.3201549551591, 3.3201549551676015, 3.3201549551635017, 3.320633561097245, 3.320633561093414, 3.3206335610926763, 3.3206335611105793, 3.32063356109971, 3.3206335611172983, 3.3206335611158186, 3.3206335611147306, 3.3206335611120426, 3.320633561102989, 3.320633561106894, 3.3206335610896134, 3.320633561094551, 3.3206335610820354, 3.3206335611139086, 3.3206335611006472, 3.3206335611087607, 3.3206335611109243, 3.320633561083232, 3.320633561088285, 3.3206335610872175, 3.3206335610988735, 3.3206335610828406, 3.3206335610886266, 3.3206335610918356, 3.320633561099033, 3.320633561093611, 3.3206335610846267, 3.320633561084262, 3.320633561104586, 3.3206335610972473, 3.320633561099395, 3.3206335610914377, 3.320633561084063, 3.320633561084275, 3.320633561106618, 3.3206335610878805, 3.3206335611087976, 3.3206335610980626, 3.3206335611021953, 3.3206335611061153, 3.3257270542365682, 3.3257270542259554, 3.3257270542281607, 3.3257270542442003, 3.3257270542375323, 3.325727054245588, 3.3257270542459723, 3.3257270542437545, 3.325727054252569, 3.3257270542367734, 3.325727054240269, 3.3257270542361335, 3.325727054229942, 3.325727054217771, 3.3257270542474306, 3.3257270542431576, 3.3257270542434276, 3.325727054247445, 3.3257270542294446, 3.3257270542341835, 3.3257270542292345, 3.3257270542333894, 3.3257270542286985, 3.3257270542398785, 3.3257270542304314, 3.3257270542386292, 3.3257270542292257, 3.325727054225054, 3.3257270542234143, 3.325727054243814, 3.3257270542365673, 3.3257270542360877, 3.325727054237097, 3.325727054230828, 3.3257270542276123, 3.325727054240532, 3.325727054229814, 3.325727054247843, 3.32572705424088, 3.325727054237664, 3.3257270542509736, 3.33123478567247, 3.3312347856605515, 3.331234785662795, 3.331234785672277, 3.3312347856700453, 3.33123478566717, 3.331234785670304, 3.3312347856668376, 3.3312347856808833, 3.3312347856680473, 3.3312347856702718, 3.331234785683347, 3.331234785666189, 3.331234785655487, 3.3312347856759907, 3.3312347856784257, 3.3312347856738254, 3.331234785671584, 3.331234785678803, 3.3312347856748943, 3.3312347856673084, 3.331234785662931, 3.3312347856750897, 3.3312347856860494, 3.33123478566477, 3.3312347856757776, 3.331234785661139, 3.331234785663651, 3.331234785665358, 3.3312347856740896, 3.3312347856724656, 3.331234785670402, 3.331234785678529, 3.3312347856758597, 3.331234785670895, 3.331234785668506, 3.331234785670351, 3.331234785679226, 3.3312347856779576, 3.331234785671765, 3.331234785687492, 3.3352760741697045, 3.3352760741623237, 3.3352760741645255, 3.3352760741676786, 3.3352760741655594, 3.335276074161619, 3.3352760741663894, 3.335276074161618, 3.3352760741659857, 3.3352760741690077, 3.3352760741680356, 3.335276074184367, 3.335276074171074, 3.335276074158105, 3.3352760741691787, 3.335276074171421, 3.3352760741695184, 3.335276074158191, 3.3352760741838647, 3.3352760741748955, 3.335276074164649, 3.3352760741583736, 3.3352760741772323, 3.3352760741813494, 3.335276074164121, 3.335276074171496, 3.3352760741605727, 3.3352760741678322, 3.3352760741731013, 3.3352760741621577, 3.335276074169701, 3.335276074170278, 3.335276074174351, 3.335276074175143, 3.3352760741662784, 3.3352760741685494, 3.335276074164585, 3.3352760741685863, 3.335276074172267, 3.3352760741708547, 3.335276074178699, 3.337760127580208, 3.337760127579624, 3.3377601275817534, 3.3377601275826074, 3.3377601275787727, 3.3377601275774746, 3.337760127581625, 3.3377601275771074, 3.337760127568347, 3.337760127586337, 3.3377601275811233, 3.337760127588628, 3.3377601275910895, 3.3377601275740174, 3.3377601275779796, 3.337760127577489, 3.337760127579983, 3.33776012756611, 3.337760127591549, 3.3377601275857387, 3.3377601275752453, 3.3377601275727207, 3.337760127585538, 3.3377601275819586, 3.337760127579837, 3.33776012757809, 3.337760127578283, 3.3377601275853483, 3.337760127591506, 3.337760127566222, 3.3377601275802062, 3.337760127585016, 3.337760127579094, 3.3377601275799096, 3.337760127566706, 3.3377601275910944, 3.3377601275656046, 3.3377601275730053, 3.33776012757864, 3.3377601275839877, 3.3377601275800863, 3.3401803486855566, 3.3401803486901676, 3.3401803486897745, 3.340180348691136, 3.34018034868875, 3.340180348682335, 3.3401803486842256, 3.34018034868295, 3.3401803486729613, 3.340180348691635, 3.340180348682961, 3.3401803486851334, 3.3401803486985373, 3.3401803486827304, 3.3401803486806014, 3.340180348680889, 3.3401803486821864, 3.340180348677998, 3.340180348688501, 3.3401803486890147, 3.3401803486843775, 3.3401803486831874, 3.3401803486876083, 3.3401803486821886, 3.3401803486884014, 3.3401803486812622, 3.340180348687944, 3.340180348691125, 3.340180348695535, 3.3401803486734365, 3.340180348685561, 3.340180348690699, 3.3401803486825083, 3.340180348679609, 3.3401803486661734, 3.3401803487036625, 3.3401803486656743, 3.3401803486788317, 3.3401803486833157, 3.3401803486883592, 3.340180348678611, 3.343294026054247, 3.3432940260619493, 3.3432940260556925, 3.343294026057371, 3.343294026059775, 3.343294026042553, 3.3432940260420163, 3.343294026045211, 3.3432940260450694, 3.3432940260537527, 3.343294026043564, 3.343294026049308, 3.343294026059787, 3.3432940260532282, 3.3432940260467046, 3.3432940260496125, 3.343294026046443, 3.343294026057121, 3.3432940260515887, 3.3432940260546786, 3.343294026060798, 3.343294026054539, 3.343294026056396, 3.3432940260552573, 3.343294026055666, 3.3432940260516375, 3.3432940260539303, 3.343294026054538, 3.3432940260561486, 3.3432940260498047, 3.3432940260542456, 3.3432940260546435, 3.3432940260559887, 3.343294026048628, 3.3432940260400406, 3.3432940260668604, 3.3432940260395037, 3.343294026053737, 3.3432940260557187, 3.343294026051903, 3.343294026044994, 3.3458694580532264, 3.345869458062611, 3.3458694580510144, 3.3458694580517423, 3.3458694580573214, 3.345869458040255, 3.3458694580381985, 3.345869458042686, 3.345869458047799, 3.345869458049213, 3.34586945803926, 3.3458694580479924, 3.3458694580491524, 3.3458694580532993, 3.3458694580482105, 3.3458694580486728, 3.345869458046465, 3.345869458062903, 3.345869458050801, 3.345869458051847, 3.3458694580664687, 3.345869458054087, 3.3458694580564754, 3.3458694580595036, 3.345869458051291, 3.3458694580537838, 3.345869458047756, 3.3458694580511184, 3.3458694580498154, 3.345869458053644, 3.345869458053225, 3.3458694580485746, 3.3458694580604598, 3.345869458051175, 3.3458694580476935, 3.345869458056077, 3.3458694580474693, 3.345869458058914, 3.345869458059025, 3.3458694580457378, 3.345869458044819, 3.3487324492389114, 3.3487324492476955, 3.348732449236229, 3.3487324492356247, 3.348732449238727, 3.348732449240611, 3.3487324492382995, 3.348732449239067, 3.3487324492366066, 3.3487324492394612, 3.348732449230532, 3.34873244923475, 3.3487324492301958, 3.348732449238625, 3.34873244924177, 3.3487324492332906, 3.3487324492399893, 3.3487324492488093, 3.3487324492393094, 3.3487324492380877, 3.3487324492528194, 3.3487324492399475, 3.348732449240287, 3.348732449242719, 3.3487324492358455, 3.3487324492405928, 3.3487324492322776, 3.3487324492406105, 3.348732449237239, 3.3487324492376045, 3.348732449238911, 3.3487324492334034, 3.348732449246009, 3.3487324492384185, 3.348732449236121, 3.348732449238631, 3.348732449237071, 3.3487324492451704, 3.348732449245774, 3.3487324492304023, 3.348732449232593, 3.350684855979537, 3.3506848559841034, 3.350684855979117, 3.350684855977219, 3.350684855974339, 3.3506848559962137, 3.3506848559945057, 3.350684855990085, 3.350684855979854, 3.3506848559861497, 3.3506848559783005, 3.3506848559775024, 3.350684855971096, 3.350684855977377, 3.350684855987835, 3.350684855972315, 3.350684855986945, 3.3506848559865645, 3.3506848559817097, 3.3506848559806994, 3.3506848559884714, 3.3506848559802016, 3.3506848559773075, 3.3506848559767892, 3.3506848559776325, 3.350684855980386, 3.3506848559753486, 3.350684855983474, 3.350684855980493, 3.350684855975558, 3.350684855979532, 3.35068485597655, 3.3506848559824616, 3.3506848559787246, 3.3506848559768994, 3.350684855979715, 3.3506848559785833, 3.350684855980039, 3.350684855984285, 3.350684855973981, 3.350684855975835, 3.3524027673592802, 3.352402767357317, 3.3524027673614407, 3.352402767358543, 3.352402767351, 3.352402767373107, 3.3524027673717995, 3.352402767365397, 3.352402767362139, 3.352402767365065, 3.3524027673580106, 3.352402767360865, 3.3524027673529178, 3.3524027673558963, 3.352402767364077, 3.3524027673516934, 3.352402767364003, 3.3524027673649455, 3.3524027673615455, 3.3524027673624146, 3.352402767361528, 3.3524027673584658, 3.352402767355566, 3.352402767353817, 3.35240276735778, 3.352402767360166, 3.35240276735645, 3.352402767357441, 3.352402767357719, 3.3524027673571655, 3.3524027673592753, 3.352402767358806, 3.352402767359137, 3.352402767359118, 3.352402767362221, 3.3524027673548344, 3.352402767362889, 3.352402767351929, 3.3524027673613053, 3.3524027673578343, 3.35240276735853, 3.3533714079243238, 3.353371407918099, 3.3533714079281713, 3.3533714079253887, 3.353371407916536, 3.3533714079246164, 3.353371407923081, 3.3533714079176704, 3.353371407930218, 3.353371407924813, 3.353371407918304, 3.353371407928024, 3.353371407921072, 3.353371407922559, 3.353371407920654, 3.353371407918739, 3.35337140792124, 3.353371407930673, 3.3533714079249655, 3.3533714079289543, 3.3533714079213777, 3.353371407922508, 3.3533714079212507, 3.353371407919548, 3.353371407922142, 3.3533714079261774, 3.353371407921643, 3.353371407913971, 3.3533714079180346, 3.353371407926044, 3.3533714079243198, 3.3533714079252865, 3.353371407922816, 3.353371407924747, 3.3533714079341848, 3.353371407913849, 3.353371407933076, 3.3533714079116543, 3.3533714079244654, 3.3533714079260144, 3.3533714079260353, 3.3548063644394728, 3.354806364434044, 3.3548063644438786, 3.354806364443119, 3.354806364434618, 3.354806364436122, 3.3548063644341406, 3.3548063644292987, 3.354806364448249, 3.354806364439383, 3.354806364433436, 3.354806364441018, 3.354806364440275, 3.354806364441869, 3.3548063644317856, 3.354806364437481, 3.354806364433279, 3.3548063644455293, 3.354806364437474, 3.354806364445453, 3.35480636443384, 3.3548063644386654, 3.354806364436798, 3.354806364434378, 3.354806364437801, 3.3548063644408006, 3.3548063644389643, 3.3548063644275983, 3.3548063644331703, 3.354806364440908, 3.3548063644394723, 3.3548063644413286, 3.354806364436582, 3.354806364438159, 3.3548063644475796, 3.354806364431319, 3.354806364445908, 3.3548063644258375, 3.354806364438508, 3.354806364442792, 3.354806364442404, 3.3573057307711918, 3.3573057307704874, 3.3573057307742324, 3.357305730776467, 3.35730573076875, 3.3573057307767606, 3.3573057307744176, 3.3573057307691614, 3.3573057307811234, 3.3573057307762366, 3.357305730771144, 3.3573057307680916, 3.357305730774032, 3.357305730778376, 3.357305730766558, 3.357305730773179, 3.3573057307689886, 3.3573057307748306, 3.357305730767869, 3.3573057307774348, 3.3573057307661016, 3.3573057307723224, 3.35730573076908, 3.3573057307664884, 3.357305730771073, 3.357305730770716, 3.3573057307738177, 3.3573057307658947, 3.357305730770616, 3.357305730767388, 3.3573057307711904, 3.357305730772452, 3.3573057307687897, 3.3573057307680503, 3.357305730771042, 3.3573057307713956, 3.3573057307699496, 3.357305730761059, 3.357305730770287, 3.357305730774215, 3.3573057307737435, 3.359073064177029, 3.359073064180774, 3.3590730641762563, 3.359073064180774, 3.359073064175132, 3.359073064186317, 3.359073064183745, 3.359073064179767, 3.359073064185283, 3.3590730641851336, 3.3590730641813447, 3.359073064170844, 3.3590730641770223, 3.3590730641874997, 3.3590730641766595, 3.3590730641822892, 3.359073064179395, 3.3590730641789666, 3.3590730641748436, 3.3590730641807474, 3.3590730641761244, 3.3590730641787645, 3.3590730641774487, 3.3590730641781565, 3.3590730641772857, 3.3590730641759525, 3.3590730641794204, 3.3590730641784408, 3.3590730641819695, 3.3590730641683106, 3.3590730641770263, 3.3590730641748827, 3.359073064179802, 3.3590730641757793, 3.3590730641745785, 3.359073064179214, 3.359073064173627, 3.359073064173829, 3.359073064178161, 3.3590730641774624, 3.3590730641778226, 3.3603367303994696, 3.360336730404045, 3.3603367303949865, 3.3603367304006673, 3.3603367303983402, 3.3603367304001273, 3.3603367303974956, 3.360336730396617, 3.360336730403409, 3.3603367304057867, 3.360336730403085, 3.360336730392866, 3.3603367303957805, 3.360336730410469, 3.3603367303998204, 3.3603367304061167, 3.360336730401852, 3.360336730403021, 3.360336730398587, 3.360336730399002, 3.3603367304036893, 3.3603367304004292, 3.3603367304026985, 3.360336730408177, 3.3603367303984437, 3.3603367303997, 3.3603367303984677, 3.360336730402641, 3.3603367304050393, 3.360336730390345, 3.360336730399468, 3.3603367303938074, 3.3603367304080214, 3.3603367304015532, 3.360336730403017, 3.360336730395377, 3.3603367304016403, 3.36033673040337, 3.3603367304033975, 3.360336730396774, 3.3603367303980294, 3.3620162388572554, 3.3620162388603676, 3.362016238853019, 3.362016238859012, 3.362016238858868, 3.362016238852087, 3.362016238849633, 3.3620162388500816, 3.3620162388560937, 3.362016238862333, 3.36201623885917, 3.3620162388508126, 3.362016238856904, 3.3620162388664867, 3.362016238856661, 3.362016238863114, 3.3620162388571124, 3.3620162388643826, 3.362016238854399, 3.362016238854378, 3.362016238863023, 3.362016238857892, 3.362016238859943, 3.3620162388653982, 3.362016238855233, 3.362016238858708, 3.362016238855116, 3.362016238860026, 3.3620162388602477, 3.36201623885089, 3.3620162388572554, 3.3620162388530064, 3.3620162388640638, 3.362016238857901, 3.3620162388629886, 3.362016238851082, 3.3620162388621653, 3.3620162388644683, 3.362016238861696, 3.3620162388540984, 3.362016238853491, 3.3641730008937154, 3.3641730008949007, 3.3641730008929542, 3.36417300089802, 3.3641730008967783, 3.3641730008942963, 3.364173000892307, 3.364173000890992, 3.3641730008893753, 3.36417300090047, 3.3641730008954918, 3.364173000888478, 3.3641730009018933, 3.3641730008994086, 3.3641730008928543, 3.3641730008972024, 3.36417300089206, 3.3641730009029396, 3.3641730008856707, 3.3641730008912276, 3.364173000896696, 3.364173000894177, 3.364173000893297, 3.364173000893401, 3.364173000893098, 3.364173000894007, 3.3641730008952937, 3.3641730008965376, 3.364173000894552, 3.364173000889977, 3.3641730008937127, 3.364173000895135, 3.3641730008922965, 3.3641730008894237, 3.364173000893503, 3.364173000893853, 3.3641730008939046, 3.3641730008994277, 3.3641730008958906, 3.3641730008932273, 3.3641730008879027, 3.3658154465188326, 3.3658154465176446, 3.3658154465199206, 3.365815446521642, 3.3658154465176167, 3.3658154465242585, 3.365815446522984, 3.3658154465195596, 3.365815446514475, 3.3658154465248318, 3.36581544651887, 3.3658154465181713, 3.3658154465297994, 3.3658154465193104, 3.365815446516844, 3.3658154465197327, 3.3658154465166326, 3.365815446527065, 3.365815446507087, 3.3658154465173484, 3.3658154465185213, 3.365815446517009, 3.3658154465173586, 3.3658154465135848, 3.365815446520781, 3.365815446516579, 3.365815446524142, 3.3658154465201404, 3.365815446518308, 3.3658154465168098, 3.365815446518833, 3.3658154465238153, 3.365815446512856, 3.36581544651444, 3.365815446516285, 3.3658154465215597, 3.365815446516228, 3.36581544652136, 3.365815446519228, 3.3658154465208927, 3.3658154465127073, 3.3674037154882814, 3.3674037154853904, 3.367403715487935, 3.3674037154845484, 3.3674037154802186, 3.3674037154901586, 3.3674037154895555, 3.3674037154850223, 3.36740371548502, 3.3674037154891545, 3.367403715484036, 3.367403715492901, 3.3674037154940324, 3.3674037154841745, 3.3674037154848673, 3.3674037154882765, 3.3674037154862964, 3.36740371549353, 3.367403715479168, 3.3674037154876264, 3.36740371548647, 3.367403715482929, 3.3674037154888725, 3.3674037154859553, 3.367403715489783, 3.3674037154863314, 3.3674037154915646, 3.3674037154865446, 3.3674037154863634, 3.36740371548756, 3.3674037154882823, 3.367403715492394, 3.3674037154849588, 3.367403715489455, 3.3674037154921757, 3.367403715484442, 3.367403715490314, 3.3674037154891177, 3.3674037154893552, 3.3674037154907244, 3.367403715484722, 3.3688207330696853, 3.368820733067915, 3.3688207330676665, 3.368820733060748, 3.3688207330602307, 3.368820733070547, 3.368820733070288, 3.3688207330637465, 3.3688207330662796, 3.368820733067321, 3.368820733063436, 3.36882073307386, 3.368820733071228, 3.368820733064793, 3.368820733068392, 3.3688207330710034, 3.368820733070035, 3.3688207330721682, 3.3688207330677344, 3.368820733070906, 3.3688207330666935, 3.36882073306383, 3.368820733071485, 3.3688207330701836, 3.368820733067238, 3.3688207330716313, 3.368820733067407, 3.3688207330677384, 3.36882073306724, 3.3688207330693802, 3.368820733069682, 3.3688207330725013, 3.3688207330690254, 3.3688207330731768, 3.368820733077065, 3.368820733062063, 3.368820733075212, 3.3688207330698856, 3.368820733071839, 3.368820733071837, 3.3688207330700854, 3.370447199300464, 3.370447199301141, 3.3704471992978338, 3.3704471992917315, 3.3704471992960743, 3.3704471993070833, 3.3704471993068794, 3.370447199297889, 3.3704471992969074, 3.370447199299659, 3.370447199296106, 3.3704471992983405, 3.370447199302138, 3.370447199297388, 3.370447199303528, 3.3704471993035865, 3.3704471993037424, 3.3704471993016525, 3.3704471993029856, 3.3704471993038676, 3.3704471992958824, 3.3704471992979217, 3.370447199300634, 3.370447199299792, 3.370447199295916, 3.370447199304661, 3.370447199296118, 3.3704471993019496, 3.3704471992991887, 3.3704471992993263, 3.370447199300462, 3.3704471993032286, 3.370447199298779, 3.3704471992998397, 3.370447199301655, 3.3704471992988947, 3.370447199302028, 3.370447199299573, 3.370447199302084, 3.3704471993031557, 3.370447199303142, 3.3720172372706214, 3.372017237271215, 3.3720172372667223, 3.372017237264616, 3.372017237271532, 3.3720172372773494, 3.372017237277159, 3.372017237268606, 3.3720172372687465, 3.372017237270885, 3.3720172372671553, 3.3720172372631425, 3.372017237270994, 3.372017237268324, 3.372017237274282, 3.372017237273934, 3.3720172372735475, 3.3720172372716517, 3.3720172372714257, 3.3720172372739197, 3.3720172372658084, 3.3720172372711557, 3.372017237269143, 3.3720172372704598, 3.3720172372690773, 3.3720172372719563, 3.372017237269116, 3.3720172372740165, 3.3720172372707724, 3.3720172372686257, 3.372017237270621, 3.3720172372718134, 3.3720172372692097, 3.3720172372663324, 3.3720172372654815, 3.3720172372753665, 3.37201723726717, 3.3720172372692354, 3.3720172372712365, 3.3720172372737007, 3.372017237272726, 3.3734077389845205, 3.3734077389835178, 3.3734077389792425, 3.3734077389808763, 3.3734077389877157, 3.3734077389824932, 3.373407738982411, 3.3734077389772024, 3.373407738984854, 3.373407738983373, 3.3734077389798487, 3.3734077389771335, 3.3734077389819244, 3.3734077389825012, 3.3734077389848154, 3.3734077389857156, 3.373407738984378, 3.373407738985421, 3.373407738981666, 3.373407738985399, 3.373407738981485, 3.373407738985221, 3.373407738983797, 3.3734077389881656, 3.3734077389874635, 3.3734077389813826, 3.3734077389860593, 3.373407738986024, 3.373407738985038, 3.373407738982614, 3.373407738984515, 3.373407738982696, 3.373407738986349, 3.373407738981029, 3.3734077389802324, 3.37340773898838, 3.373407738981202, 3.3734077389846786, 3.3734077389852497, 3.373407738986747, 3.3734077389849806, 3.374522619157806, 3.3745226191584456, 3.3745226191542033, 3.3745226191569273, 3.3745226191618087, 3.3745226191524047, 3.3745226191525832, 3.3745226191494537, 3.3745226191585007, 3.3745226191580158, 3.374522619154909, 3.3745226191542366, 3.3745226191576894, 3.374522619158622, 3.3745226191561883, 3.37452261915529, 3.37452261915597, 3.3745226191574664, 3.374522619155493, 3.374522619156734, 3.374522619156663, 3.374522619157156, 3.374522619158926, 3.374522619161893, 3.374522619161471, 3.374522619153935, 3.3745226191591926, 3.3745226191575255, 3.374522619158563, 3.374522619156171, 3.374522619157802, 3.3745226191557407, 3.3745226191604165, 3.3745226191556634, 3.3745226191560476, 3.374522619159089, 3.374522619156344, 3.3745226191602096, 3.374522619159123, 3.3745226191587934, 3.3745226191575326, 3.375279797947735, 3.375279797952292, 3.375279797948246, 3.375279797949793, 3.375279797951674, 3.3752797979489055, 3.375279797949519, 3.375279797945773, 3.3752797979476568, 3.3752797979528846, 3.375279797950014, 3.3752797979483598, 3.375279797954543, 3.3752797979522104, 3.3752797979470124, 3.3752797979416047, 3.375279797946391, 3.37527979794529, 3.3752797979499385, 3.3752797979464724, 3.3752797979475027, 3.375279797945808, 3.3752797979498803, 3.3752797979477545, 3.375279797948751, 3.3752797979465416, 3.37527979794687, 3.375279797947581, 3.375279797949104, 3.3752797979461144, 3.3752797979477327, 3.375279797948436, 3.375279797947734, 3.3752797979453764, 3.375279797946093, 3.3752797979488998, 3.3752797979465923, 3.3752797979513796, 3.3752797979494633, 3.375279797947831, 3.3752797979480285, 3.3758139399619282, 3.3758139399667897, 3.3758139399642726, 3.3758139399646514, 3.3758139399640337, 3.375813939966634, 3.375813939967626, 3.3758139399636744, 3.3758139399625553, 3.3758139399690745, 3.375813939966443, 3.3758139399652816, 3.3758139399699005, 3.3758139399660987, 3.3758139399609446, 3.375813939954175, 3.3758139399606515, 3.375813939958518, 3.375813939966538, 3.3758139399607536, 3.3758139399626077, 3.3758139399586704, 3.37581393996441, 3.375813939960823, 3.3758139399617115, 3.375813939961936, 3.3758139399597415, 3.3758139399608367, 3.3758139399629394, 3.3758139399610583, 3.3758139399619282, 3.375813939963382, 3.375813939962206, 3.375813939960985, 3.3758139399619878, 3.3758139399613745, 3.375813939962078, 3.3758139399661586, 3.375813939964575, 3.3758139399609943, 3.3758139399632614, 3.3768032202012708, 3.376803220201951, 3.3768032202020586, 3.376803220202794, 3.376803220201584, 3.3768032202017495, 3.376803220202787, 3.3768032202003737, 3.3768032202037563, 3.3768032202056366, 3.3768032202028837, 3.3768032202038567, 3.376803220203034, 3.3768032202013165, 3.3768032201984037, 3.376803220194802, 3.3768032201990805, 3.3768032201992426, 3.3768032202037626, 3.376803220200079, 3.376803220202568, 3.3768032201974703, 3.3768032202032394, 3.3768032202034934, 3.3768032202026226, 3.376803220199683, 3.3768032201998897, 3.376803220197823, 3.376803220200531, 3.3768032202022265, 3.376803220201274, 3.3768032202002978, 3.3768032202057365, 3.376803220202819, 3.376803220204035, 3.376803220197988, 3.3768032202031733, 3.3768032202050446, 3.376803220204832, 3.376803220199645, 3.3768032202033162, 3.377769482161263, 3.377769482158718, 3.3777694821609807, 3.3777694821628126, 3.377769482162835, 3.377769482159881, 3.3777694821606667, 3.3777694821591604, 3.3777694821638367, 3.3777694821635733, 3.377769482159764, 3.3777694821588975, 3.3777694821589472, 3.377769482158442, 3.3777694821589708, 3.377769482158031, 3.3777694821593354, 3.3777694821615993, 3.377769482161417, 3.3777694821612485, 3.3777694821613733, 3.377769482159332, 3.377769482160927, 3.3777694821641724, 3.3777694821634667, 3.3777694821589614, 3.3777694821612454, 3.3777694821577153, 3.377769482159013, 3.377769482163903, 3.377769482161267, 3.3777694821591004, 3.3777694821672726, 3.377769482161424, 3.377769482161316, 3.3777694821607955, 3.3777694821609274, 3.37776948216207, 3.3777694821641506, 3.3777694821604904, 3.3777694821636506, 3.3784588034517844, 3.378458803449628, 3.3784588034523693, 3.3784588034542415, 3.3784588034555205, 3.378458803453443, 3.378458803453931, 3.378458803452159, 3.378458803452445, 3.378458803454188, 3.3784588034489773, 3.378458803444329, 3.3784588034506453, 3.3784588034493086, 3.3784588034529293, 3.3784588034517373, 3.378458803451854, 3.3784588034529572, 3.378458803452741, 3.378458803453412, 3.3784588034499046, 3.3784588034523972, 3.378458803448999, 3.3784588034516525, 3.3784588034522276, 3.378458803451402, 3.3784588034517915, 3.3784588034505614, 3.3784588034496896, 3.3784588034546887, 3.378458803451781, 3.3784588034509024, 3.3784588034557843, 3.3784588034481846, 3.3784588034461507, 3.378458803457173, 3.3784588034474043, 3.378458803448836, 3.378458803453141, 3.378458803452528, 3.3784588034544796, 3.379191906619225, 3.379191906618508, 3.379191906620251, 3.3791919066204748, 3.3791919066212484, 3.3791919066204166, 3.379191906620707, 3.379191906619747, 3.3791919066187384, 3.379191906619814, 3.379191906613785, 3.3791919066117653, 3.3791919066184026, 3.3791919066173026, 3.379191906622504, 3.379191906620892, 3.379191906621132, 3.3791919066187632, 3.3791919066220264, 3.3791919066207545, 3.3791919066171916, 3.3791919066194205, 3.379191906616779, 3.379191906618251, 3.3791919066177885, 3.3791919066207243, 3.3791919066182197, 3.379191906618919, 3.379191906618777, 3.3791919066209326, 3.3791919066192246, 3.37919190661874, 3.3791919066233604, 3.3791919066159264, 3.379191906614097, 3.3791919066242047, 3.3791919066156955, 3.37919190661552, 3.379191906620462, 3.3791919066200387, 3.379191906622108, 3.3800240448910452, 3.3800240448910115, 3.3800240448917998, 3.38002404489023, 3.380024044888663, 3.380024044888767, 3.380024044888973, 3.3800240448899252, 3.380024044890747, 3.3800240448888954, 3.3800240448823695, 3.380024044888346, 3.380024044889133, 3.380024044888458, 3.3800240448935033, 3.3800240448925303, 3.3800240448931635, 3.3800240448881214, 3.3800240448938985, 3.380024044890899, 3.3800240448905363, 3.380024044888193, 3.380024044890888, 3.3800240448912797, 3.3800240448896384, 3.38002404489245, 3.3800240448899164, 3.380024044889871, 3.380024044892729, 3.3800240448911034, 3.3800240448910457, 3.3800240448899017, 3.3800240448969388, 3.380024044891216, 3.3800240448911647, 3.380024044890844, 3.3800240448916337, 3.380024044889216, 3.3800240448931693, 3.3800240448908196, 3.3800240448933296, 3.3808679302390967, 3.3808679302397824, 3.3808679302406865, 3.3808679302393205, 3.3808679302355573, 3.380867930238354, 3.3808679302385, 3.3808679302402687, 3.3808679302381517, 3.3808679302381583, 3.380867930230949, 3.3808679302409863, 3.380867930239887, 3.380867930236885, 3.3808679302402296, 3.380867930239385, 3.380867930240053, 3.3808679302355387, 3.3808679302406732, 3.380867930237754, 3.3808679302394222, 3.380867930234346, 3.380867930240083, 3.3808679302377973, 3.380867930238292, 3.38086793023989, 3.380867930239157, 3.3808679302381717, 3.3808679302420046, 3.380867930238475, 3.3808679302390963, 3.380867930239049, 3.3808679302426903, 3.3808679302393445, 3.380867930239942, 3.3808679302382365, 3.3808679302401137, 3.3808679302385114, 3.380867930240889, 3.3808679302386775, 3.380867930239682, 3.3817254882471297, 3.38172548824801, 3.3817254882493617, 3.3817254882503764, 3.381725488246573, 3.3817254882493333, 3.381725488249385, 3.3817254882512233, 3.381725488244359, 3.3817254882497108, 3.381725488242184, 3.381725488250423, 3.381725488251771, 3.3817254882466807, 3.3817254882475325, 3.381725488246962, 3.3817254882463774, 3.3817254882457677, 3.3817254882472385, 3.381725488245345, 3.381725488247271, 3.3817254882428114, 3.3817254882479273, 3.3817254882439842, 3.381725488246482, 3.381725488247795, 3.381725488248122, 3.3817254882471084, 3.381725488249142, 3.381725488247764, 3.381725488247128, 3.3817254882486245, 3.3817254882464867, 3.381725488244355, 3.381725488244978, 3.3817254882492915, 3.3817254882458645, 3.3817254882470826, 3.3817254882477092, 3.3817254882473655, 3.381725488245824, 3.3826092634700147, 3.3826092634695994, 3.382609263470323, 3.3826092634738236, 3.3826092634717244, 3.3826092634688356, 3.3826092634688334, 3.382609263471463, 3.3826092634665392, 3.382609263473651, 3.382609263466897, 3.3826092634721276, 3.3826092634729386, 3.3826092634705165, 3.3826092634695373, 3.382609263470823, 3.382609263468105, 3.3826092634717875, 3.3826092634686944, 3.382609263467395, 3.382609263470359, 3.382609263466432, 3.382609263471171, 3.3826092634698055, 3.3826092634700844, 3.382609263469959, 3.382609263470953, 3.3826092634695426, 3.382609263469856, 3.3826092634728036, 3.3826092634700173, 3.382609263470261, 3.382609263469682, 3.3826092634665734, 3.38260926346818, 3.3826092634718474, 3.382609263469106, 3.3826092634715517, 3.3826092634704663, 3.3826092634703038, 3.3826092634679084, 3.383464548915761, 3.3834645489146884, 3.3834645489136186, 3.383464548917407, 3.3834645489168755, 3.383464548911823, 3.383464548911821, 3.3834645489144264, 3.383464548913706, 3.383464548919561, 3.3834645489144193, 3.383464548915346, 3.3834645489145267, 3.3834645489164377, 3.3834645489153408, 3.3834645489179023, 3.3834645489141706, 3.3834645489185697, 3.3834645489146635, 3.383464548912514, 3.383464548916359, 3.383464548912802, 3.383464548917222, 3.383464548919141, 3.383464548916516, 3.3834645489150166, 3.38346454891631, 3.3834645489152275, 3.3834645489148456, 3.383464548919253, 3.3834645489157635, 3.383464548914159, 3.383464548917898, 3.383464548913264, 3.3834645489152786, 3.383464548916237, 3.3834645489159674, 3.3834645489185404, 3.38346454891682, 3.3834645489155952, 3.3834645489146196, 3.3843643820063014, 3.384364382006522, 3.384364382004139, 3.3843643820055997, 3.3843643820055886, 3.3843643820068205, 3.3843643820068183, 3.384364382007357, 3.384364382006578, 3.384364382011777, 3.384364382008132, 3.3843643820035716, 3.384364382004725, 3.3843643820074774, 3.384364382006998, 3.384364382008739, 3.384364382005356, 3.38436438200727, 3.38436438200766, 3.3843643820039175, 3.3843643820061735, 3.3843643820044385, 3.384364382006667, 3.384364382008363, 3.3843643820063387, 3.3843643820062637, 3.3843643820065137, 3.384364382007235, 3.3843643820068263, 3.384364382008489, 3.3843643820063005, 3.3843643820056597, 3.3843643820076, 3.3843643820029747, 3.384364382004123, 3.384364382008485, 3.3843643820052924, 3.3843643820080564, 3.3843643820073894, 3.3843643820060616, 3.3843643820076204, 3.3851811405774854, 3.3851811405784478, 3.385181140576273, 3.385181140574613, 3.3851811405748133, 3.3851811405799097, 3.385181140579911, 3.3851811405789864, 3.3851811405796557, 3.385181140582937, 3.3851811405798324, 3.3851811405743844, 3.385181140576972, 3.3851811405786925, 3.3851811405778283, 3.385181140578872, 3.385181140575575, 3.3851811405758268, 3.3851811405803844, 3.385181140576635, 3.3851811405765075, 3.3851811405759924, 3.385181140576718, 3.385181140576962, 3.3851811405768326, 3.3851811405781427, 3.385181140577493, 3.3851811405783256, 3.385181140579468, 3.3851811405781853, 3.385181140577488, 3.385181140578512, 3.3851811405772496, 3.3851811405734904, 3.3851811405754764, 3.3851811405795003, 3.3851811405768406, 3.385181140577591, 3.385181140578532, 3.3851811405772283, 3.385181140581403, 3.3860520874802504, 3.386052087480559, 3.386052087479328, 3.3860520874759934, 3.386052087476662, 3.3860520874778897, 3.3860520874778977, 3.3860520874776925, 3.386052087482394, 3.386052087483413, 3.386052087479767, 3.3860520874780393, 3.3860520874795412, 3.3860520874812683, 3.3860520874788422, 3.386052087480102, 3.3860520874764464, 3.386052087477468, 3.3860520874820024, 3.386052087480494, 3.386052087478924, 3.386052087478306, 3.3860520874794737, 3.3860520874795874, 3.386052087480139, 3.38605208748036, 3.3860520874803535, 3.386052087478732, 3.3860520874821964, 3.386052087480702, 3.3860520874802487, 3.38605208748152, 3.3860520874804387, 3.3860520874769495, 3.3860520874816338, 3.3860520874788618, 3.386052087482529, 3.3860520874794675, 3.386052087481281, 3.3860520874800266, 3.3860520874851194, 3.3870869219931703, 3.3870869219934385, 3.387086921992686, 3.3870869219902415, 3.387086921991067, 3.387086921990315, 3.387086921990326, 3.3870869219908615, 3.3870869219930193, 3.3870869219961572, 3.387086921991672, 3.3870869219910573, 3.3870869219935873, 3.387086921995319, 3.3870869219917923, 3.387086921992172, 3.387086921988983, 3.3870869219911297, 3.387086921993259, 3.3870869219940904, 3.387086921991451, 3.38708692199166, 3.387086921992532, 3.3870869219924353, 3.387086921993783, 3.387086921992568, 3.3870869219937823, 3.3870869219909094, 3.387086921994626, 3.387086921994032, 3.3870869219931694, 3.387086921994783, 3.387086921992891, 3.3870869219890913, 3.3870869219943835, 3.387086921991954, 3.387086921995503, 3.3870869219915045, 3.3870869219932382, 3.3870869219935775, 3.38708692199672, 3.3882066524978964, 3.3882066524987557, 3.3882066524975527, 3.388206652497567, 3.3882066524979013, 3.388206652499263, 3.3882066524992647, 3.3882066524999606, 3.3882066524953904, 3.388206652502073, 3.388206652497198, 3.3882066524950174, 3.388206652499318, 3.3882066525013963, 3.3882066524985177, 3.388206652497272, 3.3882066524953465, 3.3882066524975634, 3.388206652497054, 3.388206652498659, 3.3882066524965024, 3.388206652497271, 3.3882066524975705, 3.388206652497539, 3.388206652498982, 3.388206652496813, 3.388206652498961, 3.388206652497156, 3.388206652499255, 3.3882066524991066, 3.388206652497898, 3.388206652499581, 3.3882066524974057, 3.388206652492648, 3.388206652496582, 3.388206652499206, 3.388206652498444, 3.388206652496721, 3.3882066524971193, 3.3882066524986207, 3.3882066524992056, 3.3892606925423383, 3.3892606925431363, 3.3892606925410176, 3.3892606925431763, 3.389260692542745, 3.3892606925433397, 3.3892606925433424, 3.389260692544682, 3.3892606925397195, 3.3892606925451023, 3.389260692540145, 3.3892606925393665, 3.3892606925418516, 3.389260692545553, 3.3892606925443927, 3.3892606925427304, 3.3892606925416335, 3.389260692543734, 3.3892606925406246, 3.3892606925421043, 3.3892606925426527, 3.389260692541331, 3.389260692543238, 3.389260692544656, 3.3892606925439686, 3.389260692540712, 3.389260692543205, 3.3892606925425186, 3.389260692543488, 3.3892606925439424, 3.389260692542337, 3.3892606925424857, 3.389260692544684, 3.3892606925385333, 3.389260692542518, 3.3892606925421607, 3.389260692544339, 3.3892606925444144, 3.3892606925423334, 3.3892606925420985, 3.3892606925423685, 3.390301605559206, 3.3903016055597064, 3.390301605558032, 3.390301605560682, 3.390301605559177, 3.3903016055589705, 3.3903016055589674, 3.390301605560046, 3.3903016055579247, 3.390301605560247, 3.3903016055550235, 3.3903016055574597, 3.3903016055584327, 3.3903016055616186, 3.3903016055615254, 3.390301605559976, 3.390301605559072, 3.390301605561271, 3.3903016055574158, 3.390301605558722, 3.3903016055605653, 3.390301605557441, 3.3903016055608166, 3.390301605562165, 3.390301605560351, 3.390301605558058, 3.390301605559434, 3.3903016055597504, 3.3903016055600492, 3.3903016055611563, 3.390301605559206, 3.3903016055590487, 3.3903016055628172, 3.3903016055566884, 3.390301605560971, 3.3903016055574433, 3.39030160556253, 3.3903016055635566, 3.3903016055599675, 3.390301605558182, 3.3903016055593205, 3.3914203164680505, 3.391420316468267, 3.391420316468911, 3.3914203164703807, 3.391420316467481, 3.391420316470156, 3.3914203164701586, 3.3914203164692966, 3.39142031646786, 3.3914203164698637, 3.3914203164641394, 3.3914203164680354, 3.391420316470278, 3.391420316470126, 3.3914203164698917, 3.3914203164680954, 3.3914203164674586, 3.391420316469171, 3.3914203164670824, 3.391420316468395, 3.3914203164683836, 3.3914203164663097, 3.3914203164690155, 3.391420316467943, 3.3914203164679804, 3.391420316468125, 3.3914203164681194, 3.39142031646913, 3.3914203164689187, 3.3914203164699064, 3.39142031646805, 3.391420316470006, 3.39142031646918, 3.391420316464915, 3.391420316467416, 3.3914203164686896, 3.391420316468998, 3.39142031647059, 3.3914203164680465, 3.3914203164676824, 3.39142031646858, 3.392440834398436, 3.3924408343976635, 3.392440834400024, 3.39244083440008, 3.3924408343965586, 3.3924408343993764, 3.3924408343993853, 3.392440834397185, 3.392440834398826, 3.3924408344009955, 3.3924408343946837, 3.3924408343991077, 3.392440834400535, 3.392440834399463, 3.392440834398917, 3.3924408343978394, 3.392440834397347, 3.392440834397724, 3.3924408343975454, 3.392440834399153, 3.392440834397389, 3.3924408343966967, 3.392440834398958, 3.3924408343973615, 3.3924408343984345, 3.3924408343984442, 3.392440834398856, 3.3924408343987094, 3.3924408343993013, 3.3924408343998946, 3.3924408343984376, 3.392440834400924, 3.3924408343994297, 3.3924408343962154, 3.392440834396953, 3.3924408343999155, 3.3924408343978376, 3.392440834398012, 3.3924408343976036, 3.39244083439907, 3.3924408343989256, 3.393321767328981, 3.3933217673272176, 3.393321767329548, 3.3933217673291454, 3.393321767326701, 3.393321767327229, 3.393321767327231, 3.39332176732425, 3.3933217673292315, 3.393321767331903, 3.3933217673254066, 3.393321767328289, 3.3933217673279703, 3.393321767328664, 3.3933217673285325, 3.3933217673291454, 3.39332176732785, 3.393321767326679, 3.3933217673285605, 3.3933217673294216, 3.3933217673275653, 3.3933217673277327, 3.393321767329286, 3.393321767329511, 3.3933217673290788, 3.393321767328889, 3.39332176732906, 3.3933217673282163, 3.3933217673298395, 3.393321767329865, 3.393321767328983, 3.393321767330172, 3.3933217673324196, 3.3933217673285974, 3.3933217673287537, 3.393321767329211, 3.3933217673288194, 3.39332176732726, 3.3933217673282043, 3.39332176732993, 3.3933217673292373, 3.3941433827847343, 3.3941433827830734, 3.3941433827848324, 3.394143382784969, 3.394143382784281, 3.394143382785997, 3.394143382786012, 3.3941433827814356, 3.394143382784602, 3.394143382789164, 3.394143382783212, 3.394143382782073, 3.394143382783066, 3.39414338278416, 3.394143382784444, 3.394143382786451, 3.3941433827836707, 3.3941433827816576, 3.3941433827860674, 3.3941433827849585, 3.394143382783717, 3.394143382785082, 3.3941433827841956, 3.3941433827851433, 3.3941433827834238, 3.394143382786043, 3.3941433827838354, 3.3941433827846668, 3.3941433827858343, 3.3941433827850767, 3.3941433827847343, 3.394143382785734, 3.394143382788393, 3.3941433827841245, 3.3941433827834175, 3.3941433827860505, 3.3941433827836036, 3.39414338278307, 3.3941433827842653, 3.3941433827854097, 3.394143382784919, 3.3949662509910197, 3.394966250990562, 3.394966250990907, 3.394966250991962, 3.3949662509918452, 3.3949662509939595, 3.3949662509940066, 3.3949662509890164, 3.3949662509917253, 3.3949662509957026, 3.39496625099032, 3.3949662509884586, 3.3949662509896874, 3.394966250990765, 3.3949662509901977, 3.3949662509931455, 3.3949662509898424, 3.3949662509882814, 3.394966250991841, 3.3949662509909433, 3.394966250991061, 3.394966250991821, 3.394966250990597, 3.3949662509910508, 3.394966250989527, 3.3949662509925056, 3.3949662509903717, 3.39496625099112, 3.394966250991861, 3.394966250991611, 3.3949662509910192, 3.3949662509917427, 3.3949662509948726, 3.3949662509908864, 3.3949662509894454, 3.394966250992585, 3.3949662509893397, 3.3949662509907887, 3.3949662509911693, 3.394966250990995, 3.3949662509909877, 3.395791395602669, 3.395791395603672, 3.3957913956024908, 3.3957913956042485, 3.3957913956033052, 3.3957913956029357, 3.395791395603048, 3.395791395599252, 3.3957913956043813, 3.3957913956060963, 3.3957913956007837, 3.395791395602477, 3.3957913956018815, 3.395791395602973, 3.3957913956008263, 3.395791395603473, 3.395791395601408, 3.3957913956010914, 3.3957913956007406, 3.3957913956024073, 3.3957913956036943, 3.395791395602326, 3.3957913956036263, 3.395791395602943, 3.3957913956026107, 3.395791395602702, 3.395791395603313, 3.3957913956016434, 3.395791395602633, 3.3957913956041574, 3.395791395602672, 3.3957913956027004, 3.395791395607435, 3.3957913956043164, 3.3957913956029206, 3.395791395602393, 3.3957913956020063, 3.3957913956039634, 3.395791395603397, 3.395791395602079, 3.3957913956021177, 3.3965743212511024, 3.396574321252622, 3.3965743212518547, 3.396574321253812, 3.3965743212522073, 3.396574321252271, 3.396574321252459, 3.396574321248856, 3.396574321251738, 3.396574321254736, 3.3965743212494774, 3.396574321253019, 3.3965743212532793, 3.396574321252292, 3.396574321249923, 3.3965743212503545, 3.3965743212500503, 3.3965743212506045, 3.3965743212489627, 3.396574321251217, 3.3965743212521398, 3.396574321250502, 3.3965743212525514, 3.3965743212498745, 3.3965743212508683, 3.396574321251312, 3.3965743212518076, 3.396574321250392, 3.3965743212508013, 3.396574321252864, 3.3965743212511024, 3.3965743212521433, 3.396574321253954, 3.3965743212521216, 3.3965743212509425, 3.396574321251226, 3.3965743212505117, 3.3965743212519097, 3.396574321251588, 3.3965743212506174, 3.3965743212500703, 3.3973343483178855, 3.3973343483185237, 3.397334348318349, 3.39733434832022, 3.3973343483190894, 3.3973343483201126, 3.397334348320364, 3.3973343483166873, 3.397334348316866, 3.3973343483216567, 3.397334348316559, 3.3973343483197698, 3.397334348320899, 3.3973343483188145, 3.3973343483184375, 3.3973343483167753, 3.3973343483174476, 3.397334348317948, 3.3973343483170857, 3.3973343483183402, 3.397334348318744, 3.39733434831778, 3.3973343483191507, 3.3973343483163605, 3.397334348317138, 3.39733434831861, 3.3973343483178637, 3.397334348318267, 3.3973343483181355, 3.3973343483189047, 3.3973343483178833, 3.397334348319344, 3.3973343483195535, 3.397334348317691, 3.397334348317591, 3.3973343483181164, 3.3973343483181746, 3.3973343483176537, 3.397334348318299, 3.397334348317548, 3.3973343483167264, 3.398016676055185, 3.3980166760548234, 3.3980166760536483, 3.398016676054994, 3.398016676055022, 3.398016676055243, 3.3980166760555406, 3.3980166760527224, 3.3980166760542203, 3.398016676057615, 3.3980166760527015, 3.3980166760554416, 3.398016676055338, 3.3980166760547736, 3.398016676056536, 3.398016676054715, 3.3980166760552963, 3.3980166760554624, 3.3980166760544, 3.398016676055761, 3.398016676056007, 3.398016676055403, 3.3980166760565065, 3.398016676055717, 3.3980166760554202, 3.3980166760549317, 3.398016676055302, 3.3980166760559563, 3.3980166760560517, 3.3980166760553008, 3.3980166760551818, 3.398016676055394, 3.398016676058282, 3.398016676055234, 3.3980166760563466, 3.398016676053936, 3.398016676057156, 3.398016676054532, 3.398016676056124, 3.3980166760548034, 3.398016676054347, 3.398575556813912, 3.398575556813569, 3.3985755568117195, 3.3985755568117897, 3.398575556813004, 3.3985755568148863, 3.3985755568152323, 3.398575556812829, 3.398575556813829, 3.3985755568157425, 3.3985755568114215, 3.3985755568128417, 3.398575556813635, 3.3985755568134315, 3.39857555681477, 3.3985755568141167, 3.398575556813575, 3.39857555681438, 3.3985755568134843, 3.3985755568149307, 3.3985755568139235, 3.398575556815135, 3.39857555681477, 3.398575556814482, 3.3985755568140776, 3.3985755568137477, 3.3985755568141087, 3.398575556815324, 3.3985755568148934, 3.3985755568137694, 3.3985755568139115, 3.398575556814609, 3.398575556815709, 3.398575556813068, 3.398575556813637, 3.3985755568141016, 3.3985755568145053, 3.3985755568121694, 3.3985755568148135, 3.398575556813916, 3.3985755568138605, 3.3990670385028205, 3.399067038503326, 3.399067038501238, 3.3990670385001014, 3.399067038502006, 3.399067038503875, 3.399067038504264, 3.3990670385027357, 3.3990670385032784, 3.399067038504143, 3.3990670385003847, 3.3990670385018276, 3.3990670385039583, 3.3990670385034485, 3.399067038502264, 3.3990670385029995, 3.3990670385014363, 3.3990670385038926, 3.399067038502481, 3.399067038504243, 3.3990670385019466, 3.3990670385045854, 3.399067038503685, 3.3990670385028214, 3.399067038502232, 3.3990670385034005, 3.3990670385026482, 3.399067038504009, 3.3990670385031008, 3.399067038503175, 3.3990670385028183, 3.3990670385046373, 3.3990670385026647, 3.3990670385015176, 3.399067038501555, 3.399067038504002, 3.399067038502073, 3.399067038500761, 3.399067038503579, 3.399067038503265, 3.3990670385035116, 3.399547332369858, 3.3995473323708985, 3.3995473323685768, 3.3995473323676184, 3.399547332369282, 3.3995473323681153, 3.3995473323685257, 3.3995473323687095, 3.399547332370462, 3.399547332370483, 3.3995473323669736, 3.3995473323697403, 3.399547332371253, 3.399547332370977, 3.3995473323681495, 3.3995473323693606, 3.3995473323680843, 3.3995473323715606, 3.399547332368407, 3.3995473323708847, 3.399547332368964, 3.3995473323710264, 3.3995473323715, 3.3995473323706897, 3.399547332369677, 3.39954733237002, 3.3995473323697962, 3.399547332370088, 3.3995473323697234, 3.3995473323702985, 3.399547332369858, 3.399547332371306, 3.399547332370392, 3.3995473323698224, 3.3995473323705023, 3.399547332369119, 3.399547332370286, 3.3995473323690812, 3.3995473323709424, 3.399547332370305, 3.3995473323706076, 3.3999978665102635, 3.399997866510739, 3.399997866509431, 3.3999978665100072, 3.399997866510857, 3.399997866510144, 3.3999978665105566, 3.39999786651124, 3.3999978665103985, 3.3999978665120696, 3.399997866509145, 3.3999978665107715, 3.3999978665124186, 3.399997866511185, 3.3999978665088006, 3.3999978665091533, 3.399997866508897, 3.3999978665119226, 3.399997866508851, 3.3999978665101405, 3.3999978665096373, 3.3999978665114057, 3.3999978665117774, 3.399997866510807, 3.3999978665102444, 3.399997866510261, 3.3999978665104353, 3.3999978665112036, 3.399997866511032, 3.399997866509636, 3.3999978665102653, 3.3999978665114945, 3.399997866510895, 3.399997866510307, 3.3999978665110446, 3.399997866509386, 3.399997866510921, 3.399997866510225, 3.399997866511411, 3.399997866510642, 3.3999978665104775, 3.400387377379085, 3.4003873773786935, 3.400387377378391, 3.400387377380344, 3.4003873773806044, 3.400387377380144, 3.400387377380548, 3.4003873773811684, 3.400387377378666, 3.4003873773819393, 3.400387377379452, 3.400387377379865, 3.400387377381059, 3.4003873773796487, 3.4003873773784585, 3.400387377377835, 3.40038737737851, 3.400387377380653, 3.4003873773780153, 3.4003873773779008, 3.4003873773786992, 3.400387377380407, 3.4003873773802726, 3.400387377379547, 3.4003873773790274, 3.4003873773791327, 3.4003873773792566, 3.4003873773806843, 3.4003873773804956, 3.4003873773776436, 3.4003873773790865, 3.4003873773797606, 3.4003873773801314, 3.4003873773792113, 3.4003873773798348, 3.4003873773782414, 3.400387377379985, 3.40038737737949, 3.400387377380373, 3.4003873773793716, 3.4003873773789857, 3.4007951001054404, 3.400795100104692, 3.40079510010464, 3.400795100106411, 3.4007951001065977, 3.4007951001042223, 3.4007951001046086, 3.4007951001052605, 3.4007951001051286, 3.4007951001077052, 3.400795100105148, 3.4007951001066807, 3.4007951001060506, 3.400795100105886, 3.400795100104891, 3.40079510010439, 3.4007951001053005, 3.4007951001071697, 3.400795100103947, 3.4007951001041157, 3.4007951001049426, 3.400795100106543, 3.400795100106728, 3.4007951001064374, 3.4007951001053724, 3.4007951001054835, 3.400795100105511, 3.4007951001062446, 3.4007951001061403, 3.4007951001044683, 3.400795100105438, 3.4007951001053507, 3.4007951001072714, 3.4007951001065253, 3.400795100106917, 3.400795100103864, 3.400795100106791, 3.4007951001060635, 3.4007951001070564, 3.4007951001056957, 3.4007951001058054, 3.401184024693653, 3.401184024692743, 3.401184024693474, 3.4011840246937037, 3.4011840246940674, 3.40118402469326, 3.4011840246936154, 3.401184024693429, 3.401184024693894, 3.4011840246954774, 3.4011840246930087, 3.401184024695555, 3.4011840246941105, 3.401184024694189, 3.4011840246925082, 3.4011840246930563, 3.401184024693124, 3.4011840246950134, 3.40118402469252, 3.4011840246929035, 3.4011840246925757, 3.4011840246950524, 3.401184024694413, 3.4011840246935052, 3.4011840246926965, 3.401184024694581, 3.4011840246934706, 3.401184024694114, 3.401184024693589, 3.401184024693467, 3.4011840246936544, 3.4011840246942526, 3.4011840246937104, 3.4011840246943996, 3.4011840246933405, 3.401184024693899, 3.4011840246930496, 3.401184024692994, 3.401184024695159, 3.4011840246941096, 3.4011840246948895, 3.401517068123952, 3.4015170681228626, 3.4015170681237286, 3.401517068122847, 3.401517068123326, 3.4015170681241957, 3.401517068124478, 3.4015170681238276, 3.4015170681246722, 3.4015170681249858, 3.401517068122511, 3.4015170681259974, 3.401517068123247, 3.4015170681240106, 3.4015170681225353, 3.4015170681240074, 3.4015170681234026, 3.401517068124595, 3.4015170681228164, 3.401517068123625, 3.4015170681229034, 3.4015170681254006, 3.401517068124373, 3.401517068123465, 3.4015170681228466, 3.4015170681250386, 3.4015170681239026, 3.401517068124135, 3.401517068123812, 3.4015170681239497, 3.401517068123951, 3.401517068124522, 3.401517068123457, 3.4015170681247233, 3.401517068122851, 3.4015170681250213, 3.401517068122422, 3.4015170681224722, 3.4015170681256297, 3.401517068124308, 3.4015170681256217, 3.4018482849255256, 3.401848284924393, 3.4018482849247036, 3.401848284924091, 3.4018482849244265, 3.4018482849249247, 3.4018482849251344, 3.401848284924778, 3.4018482849255576, 3.4018482849257374, 3.4018482849230947, 3.401848284927136, 3.4018482849231866, 3.4018482849251077, 3.401848284924964, 3.4018482849261256, 3.401848284925847, 3.401848284925762, 3.4018482849242146, 3.4018482849251135, 3.401848284925197, 3.4018482849267735, 3.401848284926087, 3.4018482849259777, 3.4018482849248004, 3.4018482849262393, 3.4018482849254665, 3.401848284925341, 3.4018482849257885, 3.4018482849251446, 3.4018482849255256, 3.4018482849250415, 3.4018482849263343, 3.40184828492687, 3.401848284925576, 3.401848284925446, 3.4018482849252987, 3.401848284924422, 3.401848284927666, 3.4018482849254896, 3.4018482849267753, 3.4021869914152663, 3.4021869914144522, 3.4021869914149265, 3.4021869914153013, 3.402186991414923, 3.4021869914161242, 3.402186991416276, 3.4021869914160874, 3.4021869914138168, 3.4021869914159297, 3.4021869914134464, 3.402186991416808, 3.402186991413873, 3.4021869914152547, 3.40218699141581, 3.402186991415662, 3.402186991416309, 3.4021869914154674, 3.402186991414523, 3.402186991414473, 3.402186991415353, 3.4021869914167393, 3.402186991415638, 3.4021869914153005, 3.4021869914142466, 3.402186991416286, 3.402186991414895, 3.402186991415413, 3.40218699141602, 3.402186991414574, 3.4021869914152685, 3.402186991414852, 3.4021869914155336, 3.4021869914160336, 3.402186991414875, 3.402186991415642, 3.402186991415196, 3.402186991414044, 3.40218699141727, 3.4021869914151566, 3.4021869914155545, 3.4025192860131104, 3.4025192860127422, 3.4025192860133866, 3.4025192860145355, 3.402519286013104, 3.4025192860133826, 3.4025192860134794, 3.4025192860140656, 3.4025192860115285, 3.402519286013717, 3.4025192860112363, 3.4025192860151283, 3.402519286012859, 3.4025192860133022, 3.4025192860136024, 3.4025192860125624, 3.402519286014161, 3.402519286013765, 3.4025192860115725, 3.4025192860122, 3.402519286013415, 3.4025192860142517, 3.4025192860135127, 3.4025192860127147, 3.402519286012651, 3.402519286013567, 3.402519286013189, 3.402519286012854, 3.4025192860137388, 3.402519286012751, 3.4025192860131095, 3.402519286012801, 3.4025192860129327, 3.402519286013796, 3.402519286012871, 3.402519286013341, 3.402519286013195, 3.4025192860120974, 3.4025192860149773, 3.4025192860129865, 3.402519286012726, 3.4028457467749806, 3.4028457467748043, 3.402845746775357, 3.4028457467766975, 3.402845746774843, 3.402845746773883, 3.402845746773942, 3.402845746775223, 3.4028457467744766, 3.402845746775125, 3.402845746772618, 3.4028457467768902, 3.402845746775033, 3.4028457467748123, 3.402845746774745, 3.402845746773994, 3.402845746775402, 3.402845746776063, 3.402845746772935, 3.4028457467742266, 3.4028457467754545, 3.4028457467758044, 3.402845746775294, 3.402845746774647, 3.402845746774901, 3.402845746775056, 3.402845746775207, 3.40284574677418, 3.4028457467752533, 3.4028457467751645, 3.402845746774977, 3.402845746774688, 3.402845746774585, 3.402845746775722, 3.402845746775458, 3.4028457467744904, 3.402845746775487, 3.402845746774694, 3.4028457467770252, 3.402845746774734, 3.4028457467746565, 3.4031696071772624, 3.403169607177168, 3.4031696071774755, 3.4031696071786754, 3.4031696071769946, 3.4031696071774986, 3.4031696071774533, 3.4031696071786834, 3.4031696071776523, 3.4031696071778708, 3.4031696071758133, 3.4031696071778565, 3.4031696071773534, 3.4031696071768107, 3.4031696071766686, 3.403169607176771, 3.403169607177145, 3.4031696071781963, 3.4031696071767294, 3.403169607176446, 3.403169607177495, 3.4031696071785977, 3.403169607177038, 3.4031696071769932, 3.4031696071764905, 3.403169607178036, 3.4031696071766793, 3.4031696071769963, 3.4031696071776754, 3.4031696071775492, 3.403169607177258, 3.403169607177394, 3.4031696071759163, 3.403169607177279, 3.403169607177096, 3.4031696071774347, 3.4031696071771944, 3.4031696071769906, 3.4031696071793087, 3.4031696071771087, 3.4031696071772544, 3.403465525540496, 3.403465525540653, 3.403465525539923, 3.4034655255410224, 3.4034655255393256, 3.4034655255401427, 3.403465525539991, 3.4034655255415647, 3.4034655255414337, 3.4034655255414217, 3.4034655255395814, 3.4034655255398722, 3.4034655255393127, 3.403465525539666, 3.4034655255397217, 3.403465525540381, 3.403465525540573, 3.403465525541158, 3.4034655255405717, 3.403465525539675, 3.4034655255402853, 3.4034655255418067, 3.4034655255404087, 3.4034655255413764, 3.4034655255401347, 3.4034655255408603, 3.403465525539713, 3.4034655255403092, 3.403465525541138, 3.4034655255406907, 3.403465525540497, 3.403465525540141, 3.4034655255397754, 3.403465525540855, 3.4034655255406374, 3.4034655255403736, 3.403465525540497, 3.4034655255399486, 3.4034655255424333, 3.4034655255406374, 3.4034655255405157, 3.4037491638231194, 3.4037491638235506, 3.403749163822319, 3.4037491638235347, 3.403749163821516, 3.4037491638221358, 3.4037491638218658, 3.4037491638237394, 3.4037491638238007, 3.403749163824234, 3.4037491638225217, 3.4037491638225377, 3.4037491638216437, 3.4037491638222024, 3.403749163822182, 3.403749163822834, 3.4037491638232367, 3.4037491638235444, 3.4037491638233064, 3.403749163822705, 3.403749163822342, 3.4037491638240454, 3.403749163823347, 3.4037491638242887, 3.403749163823121, 3.403749163823137, 3.4037491638223147, 3.403749163822861, 3.403749163823916, 3.4037491638232655, 3.4037491638231203, 3.4037491638226194, 3.403749163822416, 3.4037491638236745, 3.4037491638234347, 3.403749163822851, 3.403749163823133, 3.40374916382205, 3.4037491638246604, 3.403749163823637, 3.4037491638230546, 3.404038500055284, 3.4040385000558033, 3.4040385000549844, 3.4040385000566573, 3.4040385000543503, 3.4040385000552376, 3.4040385000548374, 3.404038500056486, 3.404038500055276, 3.4040385000563655, 3.4040385000549365, 3.404038500055436, 3.4040385000550244, 3.4040385000545443, 3.4040385000544, 3.404038500054725, 3.404038500055003, 3.404038500055573, 3.4040385000557802, 3.4040385000554196, 3.404038500054334, 3.404038500055964, 3.4040385000554734, 3.4040385000553366, 3.4040385000547673, 3.4040385000558167, 3.404038500054187, 3.4040385000553317, 3.404038500056216, 3.40403850005551, 3.404038500055281, 3.4040385000553246, 3.404038500053429, 3.40403850005525, 3.4040385000551487, 3.4040385000554707, 3.404038500055077, 3.4040385000542415, 3.404038500056459, 3.4040385000558873, 3.4040385000553486, 3.40431619129348, 3.4043161912939874, 3.404316191293171, 3.4043161912953463, 3.4043161912929003, 3.4043161912928586, 3.404316191292334, 3.404316191293905, 3.404316191293383, 3.4043161912937223, 3.4043161912924305, 3.4043161912938373, 3.4043161912933133, 3.4043161912927045, 3.404316191292898, 3.4043161912927786, 3.404316191293392, 3.4043161912938893, 3.404316191292941, 3.404316191293707, 3.404316191293111, 3.4043161912937263, 3.404316191293909, 3.4043161912932725, 3.4043161912934488, 3.404316191293525, 3.404316191292842, 3.4043161912934354, 3.4043161912943725, 3.404316191293952, 3.4043161912934794, 3.404316191293232, 3.4043161912923376, 3.404316191293843, 3.404316191294109, 3.404316191292908, 3.4043161912940763, 3.4043161912936792, 3.4043161912948396, 3.4043161912936943, 3.404316191293615, 3.404570785787081, 3.404570785787639, 3.4045707857868375, 3.4045707857890597, 3.4045707857866634, 3.404570785787444, 3.4045707857867455, 3.4045707857877514, 3.404570785786771, 3.404570785787146, 3.4045707857862553, 3.4045707857866905, 3.4045707857869685, 3.4045707857866674, 3.404570785787057, 3.404570785786522, 3.4045707857875946, 3.4045707857873726, 3.404570785786136, 3.404570785786747, 3.4045707857871457, 3.4045707857874916, 3.40457078578753, 3.404570785786737, 3.4045707857873917, 3.4045707857868055, 3.4045707857867837, 3.4045707857872975, 3.4045707857879504, 3.40457078578781, 3.4045707857870804, 3.4045707857868313, 3.4045707857864866, 3.4045707857877185, 3.404570785787373, 3.4045707857868677, 3.40457078578748, 3.404570785787758, 3.4045707857884917, 3.404570785787027, 3.404570785787154, 3.404805706562789, 3.4048057065629984, 3.404805706562735, 3.4048057065642876, 3.404805706562409, 3.4048057065640127, 3.404805706563105, 3.4048057065632764, 3.4048057065618993, 3.4048057065628887, 3.4048057065623665, 3.404805706561708, 3.4048057065626747, 3.4048057065626685, 3.404805706562973, 3.4048057065624895, 3.4048057065634025, 3.4048057065626374, 3.4048057065622013, 3.4048057065621884, 3.404805706562818, 3.4048057065634936, 3.4048057065631565, 3.4048057065623647, 3.404805706562879, 3.404805706562748, 3.4048057065622106, 3.4048057065628976, 3.4048057065633954, 3.4048057065637884, 3.404805706562792, 3.4048057065628847, 3.4048057065621413, 3.4048057065634727, 3.4048057065626303, 3.40480570656304, 3.404805706562852, 3.4048057065629767, 3.404805706564037, 3.404805706562745, 3.404805706562948, 3.405020632653105, 3.405020632652572, 3.405020632652926, 3.4050206326536703, 3.405020632652487, 3.4050206326534207, 3.4050206326522776, 3.4050206326519734, 3.4050206326521373, 3.4050206326527857, 3.405020632652253, 3.4050206326521844, 3.4050206326522967, 3.4050206326525863, 3.4050206326528176, 3.4050206326528807, 3.405020632653195, 3.4050206326523966, 3.405020632652382, 3.405020632652934, 3.4050206326529144, 3.4050206326535437, 3.40502063265357, 3.4050206326528163, 3.4050206326533505, 3.4050206326529286, 3.4050206326524273, 3.405020632652501, 3.405020632653401, 3.4050206326542396, 3.405020632653104, 3.4050206326532217, 3.405020632652656, 3.405020632654074, 3.4050206326535495, 3.405020632652772, 3.4050206326535513, 3.40502063265276, 3.405020632654193, 3.4050206326531565, 3.4050206326534624, 3.405224592818866, 3.405224592818265, 3.405224592818699, 3.4052245928193146, 3.4052245928183105, 3.405224592820317, 3.4052245928189437, 3.405224592818176, 3.4052245928182323, 3.4052245928187417, 3.4052245928184055, 3.405224592818309, 3.4052245928180267, 3.4052245928182794, 3.4052245928182825, 3.40522459281868, 3.405224592818493, 3.4052245928176226, 3.4052245928185214, 3.4052245928188745, 3.40522459281838, 3.4052245928192386, 3.40522459281922, 3.405224592817958, 3.4052245928189935, 3.4052245928188256, 3.40522459281823, 3.405224592818584, 3.405224592819465, 3.405224592819749, 3.405224592818864, 3.405224592819218, 3.405224592817841, 3.4052245928194607, 3.405224592818603, 3.405224592819247, 3.4052245928186133, 3.405224592817959, 3.4052245928195957, 3.4052245928190934, 3.4052245928192955, 3.405427917129065, 3.405427917129088, 3.4054279171285797, 3.405427917129656, 3.405427917128716, 3.405427917130286, 3.405427917128758, 3.4054279171282094, 3.405427917128671, 3.405427917128888, 3.4054279171286383, 3.405427917128673, 3.4054279171279265, 3.4054279171288817, 3.4054279171288377, 3.40542791712904, 3.4054279171290194, 3.4054279171280277, 3.405427917128867, 3.4054279171289314, 3.405427917128655, 3.4054279171292463, 3.4054279171297104, 3.405427917128307, 3.4054279171292245, 3.4054279171290003, 3.4054279171284345, 3.4054279171291957, 3.4054279171298325, 3.4054279171298614, 3.405427917129065, 3.4054279171289825, 3.405427917128703, 3.4054279171297934, 3.405427917129039, 3.4054279171292237, 3.4054279171291317, 3.4054279171288955, 3.4054279171297592, 3.4054279171292854, 3.4054279171293116, 3.405619089952588, 3.4056190899532024, 3.405619089952071, 3.405619089953576, 3.4056190899526104, 3.405619089953454, 3.4056190899517884, 3.405619089951749, 3.405619089952201, 3.4056190899524577, 3.4056190899523093, 3.4056190899523844, 3.4056190899516507, 3.405619089952919, 3.4056190899526873, 3.40561908995256, 3.4056190899528356, 3.4056190899521575, 3.4056190899524634, 3.405619089952236, 3.4056190899522853, 3.405619089952589, 3.4056190899534857, 3.4056190899519945, 3.405619089952766, 3.405619089952516, 3.405619089951934, 3.4056190899530674, 3.405619089953303, 3.4056190899535093, 3.4056190899525913, 3.405619089952286, 3.4056190899527587, 3.4056190899533627, 3.4056190899528884, 3.405619089952444, 3.40561908995306, 3.4056190899531775, 3.4056190899532437, 3.405619089952793, 3.405619089952531, 3.4058025951126734, 3.405802595113166, 3.405802595112649, 3.405802595114061, 3.4058025951129802, 3.405802595114259, 3.405802595112419, 3.40580259511272, 3.4058025951124438, 3.4058025951128736, 3.405802595112923, 3.405802595112749, 3.4058025951125295, 3.405802595113005, 3.405802595112422, 3.4058025951123563, 3.405802595112464, 3.4058025951125934, 3.40580259511264, 3.405802595112278, 3.405802595112288, 3.4058025951126156, 3.405802595113371, 3.405802595111669, 3.405802595112896, 3.405802595112543, 3.405802595112184, 3.405802595113413, 3.4058025951133857, 3.405802595113646, 3.405802595112674, 3.405802595112898, 3.4058025951122874, 3.4058025951129007, 3.4058025951126196, 3.4058025951128745, 3.405802595112788, 3.4058025951129514, 3.4058025951130912, 3.40580259511296, 3.4058025951124256, 3.4059785962137394, 3.405978596213531, 3.4059785962137945, 3.4059785962146076, 3.405978596213914, 3.405978596214279, 3.405978596212276, 3.405978596213082, 3.4059785962137, 3.4059785962137035, 3.4059785962137035, 3.405978596213672, 3.405978596213377, 3.405978596213537, 3.4059785962130853, 3.4059785962134024, 3.4059785962131133, 3.405978596213882, 3.4059785962135094, 3.4059785962135742, 3.4059785962134406, 3.405978596213517, 3.405978596214347, 3.4059785962132048, 3.4059785962142968, 3.4059785962132763, 3.405978596213329, 3.4059785962140485, 3.40597859621425, 3.405978596214735, 3.4059785962137377, 3.405978596214098, 3.4059785962136893, 3.4059785962138904, 3.4059785962145623, 3.4059785962131, 3.4059785962145726, 3.4059785962137927, 3.4059785962142133, 3.4059785962139717, 3.405978596213453, 3.4061468899788747, 3.4061468899786997, 3.4061468899790452, 3.4061468899793326, 3.4061468899789484, 3.406146889980219, 3.4061468899780403, 3.4061468899789804, 3.4061468899788765, 3.406146889978981, 3.4061468899792082, 3.4061468899779452, 3.406146889978629, 3.4061468899788756, 3.406146889978376, 3.406146889978905, 3.4061468899783165, 3.40614688997891, 3.4061468899793823, 3.406146889978556, 3.4061468899785696, 3.4061468899790794, 3.4061468899792526, 3.406146889978569, 3.40614688997911, 3.406146889978721, 3.406146889978191, 3.4061468899793828, 3.406146889979528, 3.406146889979685, 3.4061468899788716, 3.406146889979585, 3.4061468899786767, 3.4061468899785985, 3.4061468899792082, 3.4061468899787446, 3.4061468899793987, 3.406146889978285, 3.406146889979309, 3.4061468899791003, 3.4061468899786598, 3.4063105369774584, 3.4063105369776485, 3.4063105369774207, 3.406310536977477, 3.4063105369772857, 3.4063105369784696, 3.4063105369761626, 3.4063105369774265, 3.406310536977772, 3.406310536977219, 3.406310536977461, 3.406310536976189, 3.406310536976832, 3.406310536977806, 3.406310536977237, 3.4063105369777182, 3.406310536977299, 3.406310536977507, 3.40631053697786, 3.406310536977177, 3.4063105369772506, 3.406310536977722, 3.406310536977942, 3.406310536977548, 3.4063105369778848, 3.4063105369771263, 3.4063105369769393, 3.406310536977936, 3.4063105369782365, 3.406310536978135, 3.4063105369774567, 3.406310536977939, 3.4063105369778124, 3.406310536977309, 3.406310536977815, 3.4063105369773417, 3.4063105369780433, 3.4063105369767834, 3.4063105369779225, 3.4063105369776263, 3.4063105369772533, 3.406476861756124, 3.4064768617565004, 3.4064768617560945, 3.4064768617562615, 3.4064768617561247, 3.4064768617570986, 3.4064768617546886, 3.4064768617561345, 3.4064768617566465, 3.406476861755498, 3.406476861755679, 3.4064768617554484, 3.406476861755576, 3.4064768617567376, 3.40647686175598, 3.406476861756298, 3.4064768617559453, 3.406476861756276, 3.4064768617561834, 3.406476861756211, 3.4064768617559635, 3.4064768617562122, 3.40647686175661, 3.406476861755939, 3.406476861756529, 3.4064768617557992, 3.4064768617558046, 3.406476861756512, 3.4064768617569374, 3.4064768617567815, 3.4064768617561265, 3.406476861756535, 3.4064768617564423, 3.40647686175586, 3.4064768617564107, 3.40647686175607, 3.4064768617567323, 3.406476861755563, 3.406476861756486, 3.406476861756253, 3.4064768617559595, 3.4066430501230403, 3.406643050123231, 3.406643050123207, 3.406643050123618, 3.4066430501234777, 3.4066430501246066, 3.406643050122115, 3.406643050123468, 3.4066430501232983, 3.4066430501224465, 3.4066430501226153, 3.4066430501231393, 3.4066430501228746, 3.4066430501238654, 3.406643050123018, 3.4066430501230283, 3.4066430501227134, 3.406643050123308, 3.4066430501230958, 3.406643050123354, 3.4066430501228844, 3.406643050123004, 3.4066430501233866, 3.406643050122353, 3.4066430501230993, 3.406643050123051, 3.406643050122633, 3.4066430501233973, 3.4066430501237766, 3.4066430501237566, 3.406643050123039, 3.4066430501235745, 3.4066430501229963, 3.406643050122457, 3.40664305012311, 3.406643050123186, 3.406643050123666, 3.4066430501225455, 3.406643050123219, 3.406643050123166, 3.4066430501228435, 3.406810356066803, 3.40681035606648, 3.4068103560667606, 3.4068103560672705, 3.4068103560671634, 3.40681035606778, 3.4068103560652427, 3.406810356066636, 3.4068103560667415, 3.406810356066388, 3.4068103560664627, 3.4068103560671994, 3.406810356066136, 3.406810356067569, 3.4068103560669902, 3.406810356066619, 3.406810356066808, 3.4068103560671985, 3.4068103560665004, 3.4068103560669005, 3.4068103560667784, 3.406810356066544, 3.406810356067214, 3.4068103560664853, 3.406810356067097, 3.4068103560665897, 3.406810356066509, 3.4068103560668828, 3.4068103560673406, 3.406810356067582, 3.4068103560667975, 3.4068103560669343, 3.406810356067504, 3.406810356066593, 3.406810356067367, 3.4068103560664698, 3.4068103560679304, 3.406810356066529, 3.4068103560669454, 3.406810356066879, 3.406810356066394, 3.406978448148243, 3.4069784481476346, 3.4069784481482577, 3.4069784481486636, 3.4069784481484615, 3.4069784481503267, 3.406978448147717, 3.406978448148803, 3.406978448148233, 3.4069784481484073, 3.4069784481486267, 3.406978448148334, 3.406978448147642, 3.4069784481491037, 3.4069784481484264, 3.406978448148075, 3.4069784481483407, 3.406978448148378, 3.406978448148286, 3.4069784481478456, 3.4069784481482928, 3.406978448148223, 3.4069784481484175, 3.4069784481478362, 3.406978448148305, 3.406978448148275, 3.406978448147907, 3.406978448148603, 3.4069784481489016, 3.406978448148919, 3.4069784481482426, 3.4069784481485517, 3.4069784481487964, 3.406978448147989, 3.4069784481480414, 3.4069784481486862, 3.4069784481486964, 3.4069784481477328, 3.4069784481483127, 3.4069784481482697, 3.4069784481478895, 3.407147024068039, 3.4071470240670965, 3.4071470240678443, 3.4071470240679163, 3.4071470240680766, 3.4071470240689936, 3.407147024066329, 3.407147024067514, 3.4071470240683137, 3.4071470240678483, 3.407147024067982, 3.407147024068031, 3.40714702406705, 3.4071470240686237, 3.407147024067844, 3.4071470240679984, 3.407147024067914, 3.4071470240680437, 3.407147024067852, 3.4071470240676858, 3.407147024068276, 3.407147024067928, 3.407147024068188, 3.4071470240679456, 3.407147024068008, 3.4071470240681894, 3.4071470240676365, 3.4071470240680624, 3.407147024068517, 3.407147024068752, 3.40714702406804, 3.4071470240682236, 3.4071470240689457, 3.4071470240681903, 3.407147024068282, 3.407147024068049, 3.4071470240687356, 3.4071470240678834, 3.407147024068249, 3.407147024067903, 3.407147024067971, 3.4073165632084152, 3.407316563207721, 3.4073165632083766, 3.407316563208432, 3.407316563208556, 3.4073165632100677, 3.407316563207356, 3.407316563208572, 3.407316563208822, 3.4073165632082802, 3.407316563208515, 3.407316563208406, 3.407316563207968, 3.4073165632091067, 3.407316563207804, 3.4073165632084015, 3.4073165632079174, 3.4073165632082096, 3.407316563208222, 3.4073165632081106, 3.407316563208514, 3.4073165632084192, 3.4073165632083704, 3.4073165632079228, 3.4073165632081013, 3.4073165632088593, 3.407316563208107, 3.407316563208633, 3.4073165632090547, 3.4073165632089855, 3.4073165632084152, 3.4073165632089726, 3.4073165632086044, 3.4073165632083464, 3.407316563207802, 3.4073165632092506, 3.4073165632082403, 3.407316563207977, 3.407316563208438, 3.407316563208336, 3.4073165632085365, 3.407489691953558, 3.4074896919531064, 3.407489691953222, 3.407489691953556, 3.407489691953704, 3.407489691954369, 3.407489691951668, 3.407489691953323, 3.4074896919535647, 3.4074896919532445, 3.4074896919534097, 3.40748969195363, 3.407489691952941, 3.407489691954175, 3.407489691953077, 3.4074896919536157, 3.407489691953306, 3.4074896919535225, 3.4074896919528945, 3.407489691953305, 3.4074896919536024, 3.407489691953325, 3.4074896919536894, 3.407489691953536, 3.4074896919534736, 3.4074896919537823, 3.4074896919534123, 3.407489691953589, 3.4074896919541904, 3.4074896919540425, 3.407489691953559, 3.4074896919537587, 3.4074896919542454, 3.407489691953776, 3.4074896919534248, 3.4074896919539337, 3.4074896919538413, 3.4074896919533617, 3.4074896919535083, 3.4074896919535362, 3.407489691953524, 3.407662901155665, 3.407662901155439, 3.407662901155334, 3.407662901155985, 3.4076629011558888, 3.407662901157316, 3.4076629011546293, 3.407662901156268, 3.4076629011552537, 3.407662901155579, 3.407662901155783, 3.4076629011556645, 3.407662901155476, 3.4076629011562334, 3.4076629011555615, 3.4076629011557333, 3.4076629011555917, 3.407662901155738, 3.4076629011552106, 3.407662901155341, 3.407662901155649, 3.407662901155429, 3.407662901155673, 3.4076629011556427, 3.4076629011553856, 3.407662901156067, 3.40766290115542, 3.407662901155958, 3.4076629011564337, 3.407662901155996, 3.4076629011556703, 3.407662901155947, 3.407662901156149, 3.4076629011555957, 3.407662901155351, 3.4076629011562205, 3.4076629011560597, 3.4076629011554735, 3.4076629011555175, 3.4076629011556934, 3.407662901155562, 3.4078353194084565, 3.407835319408082, 3.40783531940808, 3.407835319408683, 3.407835319408413, 3.4078353194097017, 3.4078353194070106, 3.4078353194086373, 3.4078353194081763, 3.407835319408208, 3.4078353194082913, 3.4078353194085644, 3.4078353194083273, 3.4078353194086346, 3.4078353194085063, 3.4078353194082514, 3.4078353194084143, 3.4078353194087536, 3.407835319407739, 3.40783531940827, 3.4078353194084854, 3.4078353194080013, 3.40783531940838, 3.4078353194085866, 3.407835319408356, 3.4078353194086537, 3.4078353194082998, 3.4078353194086124, 3.4078353194090707, 3.4078353194088566, 3.4078353194084587, 3.4078353194087003, 3.4078353194090396, 3.407835319408407, 3.4078353194086346, 3.407835319408532, 3.4078353194094038, 3.4078353194084228, 3.407835319408368, 3.407835319408442, 3.407835319408422, 3.4080073711541, 3.408007371153887, 3.408007371153896, 3.408007371154317, 3.408007371153892, 3.408007371155722, 3.4080073711530123, 3.4080073711543677, 3.4080073711541434, 3.408007371153918, 3.4080073711539915, 3.4080073711540537, 3.4080073711543255, 3.4080073711542536, 3.4080073711541585, 3.4080073711536576, 3.408007371153943, 3.408007371154487, 3.4080073711534595, 3.4080073711539933, 3.408007371154074, 3.408007371153757, 3.408007371153812, 3.4080073711541248, 3.4080073711539205, 3.4080073711543637, 3.4080073711539542, 3.4080073711543184, 3.4080073711545777, 3.408007371154608, 3.4080073711541012, 3.4080073711545986, 3.4080073711542274, 3.408007371153868, 3.408007371153897, 3.408007371154554, 3.4080073711547483, 3.4080073711537953, 3.4080073711540115, 3.4080073711540915, 3.408007371154271, 3.408179925094833, 3.4081799250949, 3.4081799250944673, 3.408179925094846, 3.4081799250946627, 3.408179925096062, 3.4081799250933438, 3.4081799250946196, 3.40817992509496, 3.408179925094618, 3.408179925094648, 3.408179925094453, 3.4081799250948066, 3.4081799250950042, 3.4081799250949496, 3.408179925094492, 3.4081799250947333, 3.4081799250952387, 3.40817992509426, 3.408179925094736, 3.408179925094871, 3.408179925094599, 3.408179925094551, 3.4081799250953204, 3.4081799250946228, 3.4081799250951277, 3.408179925094583, 3.4081799250949163, 3.408179925095176, 3.408179925095371, 3.4081799250948337, 3.4081799250951432, 3.408179925095112, 3.40817992509474, 3.4081799250947173, 3.4081799250952187, 3.40817992509555, 3.4081799250945246, 3.4081799250948523, 3.4081799250947795, 3.408179925095024, 3.408353749117413, 3.4083537491177482, 3.408353749117022, 3.4083537491175044, 3.4083537491174347, 3.4083537491191236, 3.4083537491163756, 3.4083537491175195, 3.408353749117585, 3.4083537491173783, 3.4083537491173983, 3.408353749116895, 3.408353749117238, 3.4083537491175426, 3.408353749117375, 3.4083537491171376, 3.4083537491171785, 3.408353749117574, 3.408353749116919, 3.408353749117291, 3.408353749117511, 3.408353749117271, 3.4083537491170746, 3.4083537491180778, 3.4083537491172047, 3.408353749117716, 3.408353749117225, 3.4083537491175457, 3.4083537491179636, 3.408353749117692, 3.408353749117414, 3.408353749117648, 3.4083537491175857, 3.4083537491172944, 3.4083537491170715, 3.408353749118033, 3.4083537491178686, 3.4083537491170333, 3.4083537491174645, 3.408353749117341, 3.4083537491174574, 3.408530353857785, 3.40853035385817, 3.408530353857505, 3.4085303538579135, 3.408530353857942, 3.408530353859165, 3.408530353856403, 3.4085303538575573, 3.408530353857834, 3.4085303538577225, 3.4085303538576417, 3.408530353857613, 3.408530353857475, 3.4085303538578073, 3.4085303538575427, 3.4085303538573846, 3.408530353857391, 3.4085303538578247, 3.4085303538571337, 3.4085303538577567, 3.408530353857955, 3.4085303538574734, 3.408530353857501, 3.408530353858603, 3.4085303538576284, 3.4085303538580427, 3.4085303538576457, 3.4085303538577256, 3.408530353858361, 3.4085303538579175, 3.408530353857784, 3.4085303538579237, 3.408530353858022, 3.408530353857876, 3.408530353857796, 3.408530353858051, 3.408530353858469, 3.4085303538575737, 3.4085303538578655, 3.408530353857703, 3.4085303538576213, 3.4087116123508507, 3.4087116123512846, 3.408711612350926, 3.408711612351223, 3.408711612351068, 3.4087116123526413, 3.4087116123498657, 3.4087116123508263, 3.4087116123507024, 3.4087116123509866, 3.4087116123508774, 3.408711612350896, 3.4087116123508414, 3.4087116123510115, 3.4087116123506362, 3.4087116123502605, 3.4087116123503978, 3.408711612350881, 3.408711612350341, 3.4087116123508165, 3.408711612350949, 3.40871161235054, 3.4087116123504737, 3.408711612351472, 3.408711612350448, 3.408711612351346, 3.4087116123506425, 3.408711612350903, 3.408711612351379, 3.4087116123509844, 3.4087116123508503, 3.408711612351184, 3.4087116123507446, 3.4087116123508903, 3.4087116123505945, 3.4087116123513757, 3.408711612351325, 3.408711612350646, 3.408711612350859, 3.4087116123508254, 3.408711612350599, 3.408900038009807, 3.4089000380100596, 3.4089000380097976, 3.408900038010124, 3.408900038009809, 3.4089000380110592, 3.408900038008269, 3.4089000380091816, 3.4089000380096994, 3.408900038009887, 3.408900038009675, 3.4089000380098398, 3.40890003800947, 3.4089000380098198, 3.40890003800987, 3.4089000380092034, 3.408900038009627, 3.408900038010042, 3.4089000380090475, 3.4089000380097207, 3.408900038009926, 3.408900038009419, 3.4089000380094387, 3.408900038010705, 3.4089000380095515, 3.4089000380101546, 3.408900038009736, 3.408900038009895, 3.4089000380101595, 3.408900038010045, 3.408900038009806, 3.4089000380098646, 3.408900038010084, 3.408900038010062, 3.4089000380097687, 3.408900038010127, 3.4089000380105365, 3.408900038009904, 3.4089000380098615, 3.4089000380097807, 3.408900038009479, 3.4090967637214744, 3.4090967637216476, 3.4090967637215543, 3.409096763721935, 3.409096763721373, 3.4090967637237264, 3.409096763720878, 3.409096763721526, 3.409096763721544, 3.4090967637217267, 3.409096763721565, 3.409096763721243, 3.4090967637212675, 3.4090967637213945, 3.409096763721678, 3.409096763720981, 3.409096763721287, 3.4090967637216663, 3.4090967637208807, 3.4090967637213607, 3.4090967637215077, 3.4090967637212874, 3.409096763720905, 3.4090967637221854, 3.4090967637210112, 3.409096763722015, 3.409096763721478, 3.4090967637219376, 3.4090967637219203, 3.4090967637216645, 3.409096763721475, 3.409096763721683, 3.4090967637214065, 3.4090967637214806, 3.4090967637208234, 3.4090967637224017, 3.409096763721743, 3.40909676372147, 3.4090967637214766, 3.4090967637214824, 3.4090967637212777, 3.4093034401849764, 3.4093034401849946, 3.409303440184863, 3.4093034401849946, 3.409303440184712, 3.4093034401858904, 3.409303440183028, 3.409303440183937, 3.4093034401849094, 3.4093034401847846, 3.4093034401845523, 3.409303440184838, 3.409303440184363, 3.4093034401846514, 3.4093034401851305, 3.409303440184639, 3.4093034401848064, 3.409303440185245, 3.409303440184014, 3.4093034401850133, 3.409303440185009, 3.4093034401845435, 3.4093034401845874, 3.4093034401861213, 3.409303440184601, 3.4093034401854427, 3.409303440184992, 3.409303440184998, 3.4093034401851763, 3.4093034401852473, 3.4093034401849787, 3.409303440184874, 3.409303440185409, 3.4093034401853917, 3.409303440185204, 3.4093034401850364, 3.409303440185972, 3.4093034401851554, 3.409303440185049, 3.409303440184976, 3.409303440184843, 3.4095190979964602, 3.409519097996892, 3.4095190979968137, 3.4095190979968373, 3.40951909799633, 3.4095190979994503, 3.4095190979964896, 3.4095190979972276, 3.409519097996338, 3.4095190979967605, 3.4095190979967325, 3.4095190979962493, 3.409519097996757, 3.409519097996515, 3.409519097996379, 3.409519097995989, 3.409519097995958, 3.409519097996375, 3.409519097995824, 3.4095190979964, 3.4095190979962102, 3.4095190979963093, 3.40951909799587, 3.4095190979968635, 3.4095190979957364, 3.4095190979972645, 3.409519097996624, 3.4095190979968537, 3.409519097997028, 3.409519097996474, 3.4095190979964607, 3.4095190979969643, 3.409519097995811, 3.4095190979963776, 3.4095190979954206, 3.4095190979977215, 3.409519097996309, 3.4095190979958945, 3.4095190979962586, 3.4095190979966206, 3.409519097996446, 3.4097407942055504, 3.4097407942057067, 3.4097407942051343, 3.409740794205138, 3.4097407942053937, 3.409740794205092, 3.409740794202206, 3.4097407942036573, 3.4097407942051694, 3.409740794205005, 3.40974079420478, 3.4097407942055282, 3.409740794204747, 3.4097407942051974, 3.4097407942056863, 3.4097407942053506, 3.4097407942054163, 3.4097407942057854, 3.4097407942040756, 3.409740794205493, 3.4097407942056748, 3.4097407942048794, 3.4097407942054425, 3.4097407942071296, 3.409740794205367, 3.409740794205812, 3.409740794205787, 3.409740794205056, 3.4097407942056854, 3.409740794205714, 3.409740794205551, 3.409740794204958, 3.409740794206576, 3.409740794206359, 3.409740794206754, 3.40974079420464, 3.4097407942073854, 3.4097407942059212, 3.4097407942056837, 3.4097407942055025, 3.409740794205357, 3.4099603788408994, 3.409960378841564, 3.4099603788415185, 3.4099603788417596, 3.4099603788411814, 3.4099603788463164, 3.409960378843245, 3.409960378843757, 3.409960378840974, 3.40996037884182, 3.4099603788420345, 3.4099603788403714, 3.4099603788422392, 3.4099603788413444, 3.409960378840895, 3.409960378840278, 3.4099603788400623, 3.4099603788405535, 3.4099603788407493, 3.40996037884057, 3.409960378840668, 3.4099603788412183, 3.409960378840005, 3.4099603788405237, 3.409960378839724, 3.409960378842094, 3.40996037884125, 3.409960378841978, 3.4099603788418884, 3.4099603788406743, 3.4099603788408994, 3.409960378841846, 3.4099603788391684, 3.4099603788399984, 3.409960378838447, 3.4099603788434742, 3.4099603788397084, 3.4099603788400334, 3.409960378840581, 3.4099603788410304, 3.4099603788410366, 3.410148821874213, 3.4101488218737486, 3.4101488218728857, 3.4101488218727756, 3.410148821873804, 3.410148821869429, 3.4101488218666645, 3.4101488218688822, 3.4101488218737797, 3.4101488218727445, 3.4101488218722866, 3.4101488218745737, 3.4101488218721845, 3.410148821873425, 3.4101488218747056, 3.410148821874108, 3.410148821874596, 3.4101488218751554, 3.4101488218718012, 3.410148821874169, 3.4101488218748366, 3.4101488218728924, 3.4101488218747362, 3.410148821877174, 3.410148821874691, 3.410148821873799, 3.41014882187455, 3.410148821872824, 3.4101488218735247, 3.410148821874899, 3.410148821874212, 3.4101488218722995, 3.410148821877148, 3.4101488218760325, 3.410148821878002, 3.4101488218708162, 3.410148821878353, 3.410148821875784, 3.410148821874787, 3.410148821873863, 3.4101488218738525, 3.410214606264215, 3.4102146062653445, 3.410214606266459, 3.410214606266532, 3.4102146062647205, 3.410214606277308, 3.410214606273914, 3.410214606273276, 3.4102146062649643, 3.4102146062671017, 3.4102146062678824, 3.4102146062632976, 3.4102146062683913, 3.4102146062658045, 3.41021460626372, 3.4102146062625627, 3.4102146062622842, 3.4102146062631324, 3.410214606265876, 3.4102146062638607, 3.4102146062633176, 3.4102146062657464, 3.410214606262455, 3.410214606261256, 3.410214606261769, 3.410214606266597, 3.4102146062647156, 3.410214606267273, 3.4102146062661607, 3.4102146062636223, 3.410214606264215, 3.4102146062673415, 3.410214606258678, 3.410214606261208, 3.4102146062568646, 3.4102146062714263, 3.4102146062587915, 3.410214606261329, 3.410214606263195, 3.4102146062647063, 3.410214606264824, 3.409847638266333, 3.4098476382643765, 3.409847638262136, 3.4098476382615566, 3.4098476382651195, 3.4098476382472858, 3.4098476382451297, 3.409847638249688, 3.409847638264702, 3.4098476382614047, 3.4098476382600857, 3.4098476382678347, 3.409847638259199, 3.409847638263743, 3.409847638267581, 3.4098476382677516, 3.4098476382685825, 3.409847638268861, 3.4098476382611427, 3.4098476382666276, 3.4098476382682157, 3.4098476382626473, 3.4098476382690133, 3.4098476382743086, 3.409847638268839, 3.4098476382639578, 3.4098476382663936, 3.4098476382615845, 3.4098476382635043, 3.40984763826799, 3.409847638266333, 3.4098476382601657, 3.409847638276053, 3.4098476382720024, 3.40984763827915, 3.4098476382543725, 3.4098476382782548, 3.4098476382714105, 3.409847638268154, 3.409847638265307, 3.409847638265097, 3.4080182130108203, 3.408018213014409, 3.4080182130185905, 3.408018213018503, 3.408018213012764, 3.4080182130495764, 3.4080182130450685, 3.408018213040548, 3.408018213013642, 3.408018213019915, 3.4080182130223498, 3.408018213008038, 3.4080182130240098, 3.408018213015876, 3.4080182130085177, 3.4080182130062235, 3.408018213005089, 3.408018213006489, 3.4080182130178045, 3.4080182130101844, 3.40801821300766, 3.408018213016587, 3.4080182130056698, 3.4080182129989844, 3.4080182130046044, 3.4080182130167795, 3.40801821301216, 3.4080182130203687, 3.4080182130168892, 3.4080182130079653, 3.40801821301082, 3.408018213021266, 3.4080182129931016, 3.40801821300089, 3.4080182129871317, 3.408018213033408, 3.408018212991307, 3.4080182130012746, 3.4080182130073933, 3.408018213012582, 3.408018213012636, 3.4022258889785912, 3.40222588897337, 3.4022258889655737, 3.4022258889636245, 3.4022258889754946, 3.4022258889155177, 3.4022258889155834, 3.402225888926419, 3.402225888973179, 3.4022258889627865, 3.402225888958701, 3.402225888983269, 3.4022258889555355, 3.402225888970271, 3.4022258889824064, 3.40222588898616, 3.4022258889870343, 3.4022258889866124, 3.4022258889642054, 3.4022258889786676, 3.402225888984819, 3.4022258889674037, 3.4022258889876715, 3.4022258890020183, 3.402225888987561, 3.4022258889700465, 3.402225888977802, 3.402225888963678, 3.402225888968845, 3.402225888983562, 3.402225888978593, 3.402225888959231, 3.4022258890099724, 3.4022258889963064, 3.4022258890199026, 3.4022258889398223, 3.4022258890153902, 3.40222588899534, 3.4022258889845087, 3.4022258889752037, 3.4022258889742956, 3.389565273540129, 3.389565273550324, 3.389565273562993, 3.3895652735604336, 3.389565273545838, 3.3895652736354323, 3.389565273627928, 3.3895652736143846, 3.3895652735480044, 3.389565273565151, 3.3895652735711197, 3.389565273533823, 3.389565273577737, 3.3895652735548727, 3.3895652735333677, 3.3895652735252084, 3.3895652735243886, 3.389565273528769, 3.3895652735590294, 3.389565273538824, 3.3895652735305752, 3.3895652735565345, 3.3895652735258315, 3.3895652735045982, 3.3895652735251596, 3.3895652735542923, 3.3895652735441377, 3.389565273565581, 3.3895652735549118, 3.389565273532589, 3.389565273540127, 3.3895652735694375, 3.3895652734916437, 3.3895652735130635, 3.3895652734758634, 3.389565273600725, 3.38956527348572, 3.3895652735122783, 3.389565273530167, 3.3895652735455535, 3.389565273545176, 3.3857296636718934, 3.385729663659611, 3.3857296636459515, 3.3857296636463503, 3.385729663668227, 3.3857296635763303, 3.385729663579056, 3.3857296635926164, 3.3857296636637986, 3.3857296636434517, 3.38572966363685, 3.3857296636775276, 3.385729663627119, 3.3857296636523984, 3.3857296636783825, 3.3857296636931795, 3.385729663686924, 3.385729663684767, 3.385729663650882, 3.3857296636714564, 3.385729663685725, 3.385729663652186, 3.3857296636880725, 3.3857296637155514, 3.385729663686377, 3.385729663658196, 3.3857296636679757, 3.3857296636478766, 3.3857296636560372, 3.3857296636798897, 3.385729663671892, 3.385729663636869, 3.3857296637281094, 3.385729663700838, 3.385729663745261, 3.3857296636036196, 3.3857296637380245, 3.385729663705172, 3.385729663684141, 3.3857296636641196, 3.3857296636638377, 3.401522062183237, 3.4015220621880315, 3.4015220622005744, 3.401522062198348, 3.401522062185726, 3.4015220622427407, 3.4015220622366225, 3.401522062229585, 3.401522062187696, 3.4015220622012277, 3.401522062205061, 3.4015220621801165, 3.4015220622119324, 3.401522062196532, 3.4015220621804088, 3.4015220621670568, 3.401522062173977, 3.401522062174773, 3.4015220621943487, 3.40152206218527, 3.401522062171383, 3.4015220621949322, 3.401522062172993, 3.4015220621572655, 3.4015220621735893, 3.401522062192165, 3.401522062186689, 3.4015220621976785, 3.401522062192368, 3.4015220621785907, 3.4015220621832314, 3.4015220622045583, 3.4015220621475297, 3.4015220621650544, 3.401522062136295, 3.4015220622275706, 3.4015220621430604, 3.401522062158377, 3.40152206217307, 3.4015220621901507, 3.401522062188558, 3.4118145508313202, 3.4118145508307043, 3.4118145508338786, 3.4118145508342637, 3.41181455083072, 3.41181455084336, 3.4118145508400564, 3.4118145508396425, 3.411814550833282, 3.411814550833124, 3.411814550833818, 3.411814550829237, 3.411814550836175, 3.4118145508347832, 3.411814550832799, 3.411814550828009, 3.4118145508311866, 3.411814550828525, 3.4118145508329882, 3.4118145508332103, 3.4118145508287507, 3.411814550833227, 3.4118145508297912, 3.411814550828174, 3.411814550828531, 3.411814550833864, 3.4118145508316546, 3.411814550833145, 3.411814550833832, 3.4118145508299667, 3.4118145508313167, 3.4118145508344573, 3.4118145508253988, 3.4118145508288698, 3.4118145508226614, 3.4118145508397437, 3.4118145508251403, 3.4118145508281774, 3.411814550829372, 3.4118145508325757, 3.411814550834166, 3.399350470584944, 3.399350470578429, 3.399350470566272, 3.3993504705675615, 3.3993504705809827, 3.3993504705195323, 3.399350470521407, 3.399350470531608, 3.3993504705797895, 3.3993504705638746, 3.3993504705596354, 3.3993504705877022, 3.399350470553781, 3.3993504705729345, 3.39935047058944, 3.3993504706013855, 3.3993504705972666, 3.3993504705935043, 3.3993504705690594, 3.399350470583527, 3.399350470597002, 3.39935047057022, 3.3993504705975974, 3.399350470616688, 3.3993504705957087, 3.3993504705749196, 3.3993504705829607, 3.399350470567945, 3.3993504705749733, 3.3993504705901896, 3.399350470584944, 3.39935047055976, 3.3993504706255777, 3.3993504706072257, 3.3993504706369744, 3.399350470536846, 3.3993504706316715, 3.399350470612351, 3.399350470595104, 3.399350470577811, 3.39935047057991, 3.3978062532435276, 3.397806253251239, 3.397806253264432, 3.3978062532618356, 3.3978062532499833, 3.397806253315269, 3.397806253308326, 3.3978062533024205, 3.397806253248136, 3.397806253265974, 3.3978062532708386, 3.3978062532394344, 3.397806253277777, 3.3978062532583766, 3.3978062532359874, 3.397806253225022, 3.3978062532277655, 3.397806253234138, 3.3978062532584565, 3.3978062532443953, 3.3978062532338518, 3.3978062532576687, 3.3978062532307893, 3.3978062532116184, 3.397806253230752, 3.397806253255567, 3.397806253246411, 3.3978062532621496, 3.397806253254554, 3.3978062532382336, 3.3978062532435276, 3.3978062532691737, 3.3978062532009465, 3.3978062532213364, 3.3978062531898545, 3.3978062532933304, 3.3978062531966624, 3.3978062532190494, 3.3978062532341253, 3.3978062532490854, 3.397806253248731, 3.412060067941987, 3.412060067938988, 3.4120600679361237, 3.412060067938086, 3.4120600679400255, 3.412060067927007, 3.412060067925577, 3.412060067930167, 3.412060067939555, 3.4120600679389406, 3.4120600679380617, 3.41206006794198, 3.4120600679324506, 3.412060067937673, 3.412060067942653, 3.4120600679453004, 3.4120600679445894, 3.412060067944829, 3.412060067936003, 3.4120600679414106, 3.4120600679446986, 3.412060067937874, 3.41206006794527, 3.4120600679514164, 3.412060067946094, 3.4120600679379653, 3.412060067943018, 3.4120600679372717, 3.4120600679395374, 3.412060067943478, 3.4120600679419857, 3.41206006793462, 3.412060067951716, 3.4120600679472504, 3.412060067954501, 3.4120600679305686, 3.4120600679535493, 3.412060067948302, 3.412060067943987, 3.41206006794052, 3.4120600679399318, 3.4067983912683077, 3.4067983912643003, 3.4067983912546747, 3.4067983912556272, 3.4067983912640787, 3.40679839122132, 3.406798391222599, 3.406798391229101, 3.4067983912629516, 3.4067983912550153, 3.4067983912521327, 3.406798391270245, 3.4067983912463875, 3.406798391259437, 3.4067983912725244, 3.4067983912808706, 3.406798391276926, 3.406798391275208, 3.406798391258419, 3.406798391267157, 3.406798391275553, 3.4067983912580733, 3.4067983912770816, 3.406798391290688, 3.4067983912743065, 3.406798391262575, 3.406798391265942, 3.406798391256086, 3.40679839126026, 3.406798391272695, 3.4067983912683073, 3.4067983912507, 3.40679839129482, 3.406798391282921, 3.4067983913040534, 3.4067983912356627, 3.4067983913015794, 3.4067983912851867, 3.4067983912745814, 3.4067983912640734, 3.406798391264962, 3.400895004670212, 3.400895004676547, 3.400895004689545, 3.4008950046860984, 3.400895004674388, 3.400895004732514, 3.4008950047257533, 3.400895004719673, 3.400895004677646, 3.4008950046892603, 3.400895004693376, 3.40089500466766, 3.4008950047021074, 3.40089500468341, 3.4008950046653776, 3.400895004651181, 3.4008950046554074, 3.4008950046602853, 3.400895004685716, 3.4008950046719555, 3.400895004659954, 3.400895004683507, 3.4008950046578406, 3.40089500463939, 3.400895004657085, 3.4008950046823343, 3.4008950046720394, 3.400895004687715, 3.4008950046807267, 3.400895004664618, 3.4008950046702155, 3.4008950046942146, 3.4008950046293025, 3.400895004649265, 3.400895004620102, 3.4008950047162965, 3.4008950046273316, 3.4008950046450703, 3.4008950046609328, 3.4008950046759585, 3.400895004676628, 3.411953298626984, 3.411953298625464, 3.411953298619244, 3.4119532986215204, 3.411953298623524, 3.4119532986070578, 3.411953298606494, 3.4119532986097796, 3.4119532986278123, 3.4119532986190726, 3.411953298617492, 3.411953298627571, 3.411953298614352, 3.4119532986208414, 3.4119532986301375, 3.4119532986331063, 3.4119532986323353, 3.4119532986299363, 3.411953298618953, 3.4119532986259684, 3.4119532986307295, 3.411953298621304, 3.411953298631613, 3.4119532986389154, 3.4119532986330023, 3.4119532986210572, 3.4119532986292076, 3.411953298621809, 3.411953298625073, 3.4119532986275436, 3.4119532986269836, 3.4119532986167007, 3.4119532986409165, 3.4119532986346077, 3.411953298643561, 3.4119532986119605, 3.411953298642853, 3.411953298635538, 3.4119532986298364, 3.4119532986249124, 3.411953298624471, 3.40997285018911, 3.409972850187675, 3.4099728501789976, 3.409972850180786, 3.409972850188282, 3.409972850156566, 3.4099728501578266, 3.4099728501617896, 3.4099728501831414, 3.409972850177236, 3.409972850175368, 3.409972850189425, 3.4099728501720237, 3.409972850182734, 3.409972850193249, 3.4099728502020765, 3.4099728501968283, 3.4099728501950595, 3.409972850182175, 3.4099728501878404, 3.409972850194935, 3.4099728501816537, 3.4099728501964535, 3.409972850208259, 3.4099728501925557, 3.409972850185867, 3.409972850186349, 3.409972850179321, 3.409972850182458, 3.409972850192996, 3.409972850189108, 3.4099728501749413, 3.409972850210575, 3.409972850200906, 3.4099728502169597, 3.409972850164097, 3.4099728502159614, 3.409972850203021, 3.409972850193879, 3.4099728501858535, 3.4099728501854902, 3.4044107903154344, 3.404410790319036, 3.404410790334663, 3.4044107903298477, 3.4044107903205463, 3.4044107903707457, 3.4044107903644965, 3.404410790360111, 3.404410790319882, 3.4044107903326735, 3.4044107903364087, 3.4044107903141785, 3.4044107903433702, 3.4044107903265206, 3.404410790309175, 3.404410790295842, 3.4044107903014424, 3.4044107903077023, 3.404410790327564, 3.4044107903171, 3.4044107903059317, 3.4044107903271184, 3.4044107903045546, 3.404410790288883, 3.4044107903056453, 3.4044107903244676, 3.4044107903174052, 3.40441079032903, 3.4044107903228955, 3.4044107903119296, 3.4044107903154344, 3.404410790337172, 3.4044107902803544, 3.404410790298292, 3.404410790273247, 3.404410790353806, 3.404410790277896, 3.4044107902923235, 3.4044107903067373, 3.4044107903210716, 3.404410790319149, 3.412618230883632, 3.4126182308810833, 3.412618230877651, 3.412618230877811, 3.412618230880652, 3.412618230864471, 3.4126182308644277, 3.4126182308670163, 3.4126182308831052, 3.4126182308764794, 3.412618230875163, 3.4126182308835724, 3.412618230871349, 3.412618230877098, 3.4126182308854336, 3.412618230888208, 3.4126182308884436, 3.412618230886289, 3.412618230876418, 3.4126182308821367, 3.412618230887716, 3.412618230878499, 3.412618230887531, 3.4126182308948114, 3.4126182308897257, 3.412618230877623, 3.4126182308853696, 3.4126182308782527, 3.412618230881168, 3.4126182308845014, 3.4126182308836306, 3.4126182308743735, 3.4126182308977078, 3.41261823089166, 3.4126182309008155, 3.4126182308680653, 3.412618230899319, 3.412618230892125, 3.4126182308866526, 3.4126182308813724, 3.4126182308809088, 3.411616729683944, 3.4116167296831303, 3.4116167296749165, 3.4116167296762314, 3.4116167296828825, 3.4116167296557487, 3.4116167296574416, 3.4116167296598277, 3.411616729679406, 3.411616729673861, 3.4116167296723696, 3.411616729682478, 3.411616729669162, 3.411616729679057, 3.4116167296881295, 3.4116167296953286, 3.4116167296905844, 3.411616729687568, 3.411616729680754, 3.4116167296827515, 3.411616729689539, 3.4116167296787623, 3.411616729689376, 3.4116167296996163, 3.411616729685051, 3.4116167296828266, 3.4116167296803823, 3.4116167296773154, 3.411616729679251, 3.411616729686355, 3.411616729683946, 3.4116167296717177, 3.4116167297020876, 3.4116167296937534, 3.4116167297063567, 3.4116167296641318, 3.4116167297063864, 3.4116167296970863, 3.41161672968861, 3.411616729680496, 3.4116167296824926, 3.407335230870971, 3.4073352308742564, 3.4073352308863276, 3.407335230883265, 3.407335230874183, 3.4073352309156246, 3.4073352309102507, 3.407335230907676, 3.407335230877084, 3.4073352308857445, 3.4073352308887013, 3.4073352308707854, 3.4073352308945957, 3.407335230881195, 3.407335230865741, 3.4073352308522344, 3.407335230858583, 3.407335230863878, 3.40733523088099, 3.407335230873555, 3.407335230861995, 3.407335230881212, 3.407335230861589, 3.4073352308474414, 3.4073352308635037, 3.4073352308778584, 3.40733523087376, 3.4073352308840636, 3.4073352308784175, 3.4073352308672122, 3.407335230870973, 3.407335230889121, 3.407335230840147, 3.4073352308562552, 3.407335230832648, 3.4073352309055625, 3.40733523083638, 3.4073352308510394, 3.4073352308629974, 3.4073352308761877, 3.4073352308754163, 3.413428055955089, 3.413428055954204, 3.413428055948592, 3.4134280559507344, 3.413428055952639, 3.413428055936899, 3.4134280559375583, 3.413428055940378, 3.413428055953344, 3.413428055949761, 3.413428055948649, 3.4134280559572416, 3.413428055944541, 3.4134280559508468, 3.4134280559565107, 3.413428055960409, 3.4134280559594403, 3.413428055958258, 3.413428055948556, 3.4134280559539416, 3.413428055957826, 3.4134280559496055, 3.4134280559599914, 3.4134280559657704, 3.4134280559607166, 3.413428055949684, 3.4134280559568535, 3.413428055950895, 3.413428055952757, 3.413428055956307, 3.41342805595509, 3.4134280559462686, 3.4134280559663135, 3.413428055962229, 3.413428055968702, 3.413428055943076, 3.413428055967413, 3.4134280559620516, 3.4134280559569357, 3.413428055953616, 3.413428055952942, 3.41268116385619, 3.4126811638538137, 3.4126811638478967, 3.41268116385009, 3.4126811638564623, 3.412681163833464, 3.4126811638355656, 3.412681163836814, 3.4126811638506225, 3.4126811638480357, 3.4126811638469903, 3.4126811638558485, 3.412681163844136, 3.4126811638510874, 3.4126811638593106, 3.412681163868365, 3.4126811638606473, 3.4126811638592707, 3.4126811638547667, 3.412681163854966, 3.412681163861663, 3.4126811638510146, 3.412681163861204, 3.4126811638704018, 3.4126811638558325, 3.412681163856328, 3.4126811638517487, 3.412681163849912, 3.4126811638517918, 3.4126811638586845, 3.4126811638561887, 3.4126811638460226, 3.412681163870579, 3.412681163863809, 3.4126811638765338, 3.412681163838358, 3.4126811638772847, 3.412681163868501, 3.4126811638604733, 3.4126811638526937, 3.4126811638555536, 3.4095487903852617, 3.4095487903852697, 3.4095487903989934, 3.4095487903950707, 3.40954879038673, 3.40954879042513, 3.4095487904204345, 3.4095487904183504, 3.409548790391711, 3.4095487903987096, 3.409548790401222, 3.4095487903850628, 3.409548790406416, 3.4095487903923862, 3.409548790380498, 3.409548790366997, 3.4095487903740156, 3.4095487903788317, 3.40954879039214, 3.4095487903868107, 3.409548790378154, 3.4095487903936736, 3.409548790376529, 3.409548790364392, 3.4095487903810504, 3.4095487903888153, 3.409548790389258, 3.4095487903955757, 3.409548790391958, 3.409548790381858, 3.4095487903852644, 3.409548790401752, 3.409548790358911, 3.4095487903726447, 3.4095487903539934, 3.4095487904129316, 3.4095487903566934, 3.4095487903683344, 3.4095487903786243, 3.4095487903893638, 3.409548790388932, 3.414090726265717, 3.4140907262675797, 3.414090726260759, 3.4140907262609526, 3.4140907262629785, 3.414090726250001, 3.414090726251545, 3.4140907262539626, 3.4140907262629554, 3.4140907262608593, 3.414090726260246, 3.4140907262651936, 3.4140907262580082, 3.4140907262647353, 3.414090726268221, 3.4140907262711018, 3.4140907262710396, 3.414090726268739, 3.414090726260606, 3.4140907262636953, 3.414090726268305, 3.414090726261974, 3.414090726269814, 3.4140907262748166, 3.4140907262695332, 3.414090726262109, 3.414090726266728, 3.4140907262613442, 3.41409072626311, 3.4140907262676046, 3.4140907262657176, 3.4140907262583418, 3.4140907262765294, 3.414090726273061, 3.4140907262774123, 3.4140907262556253, 3.4140907262768283, 3.4140907262717146, 3.4140907262673417, 3.414090726264291, 3.4140907262639666, 3.4135500342469545, 3.4135500342466005, 3.4135500342396266, 3.413550034241537, 3.4135500342479923, 3.4135500342264447, 3.413550034228815, 3.4135500342301306, 3.4135500342423875, 3.4135500342384963, 3.4135500342375096, 3.4135500342453224, 3.4135500342370237, 3.413550034243408, 3.4135500342501492, 3.413550034257924, 3.413550034250659, 3.413550034249809, 3.4135500342450427, 3.4135500342470557, 3.413550034251357, 3.413550034243493, 3.41355003425061, 3.4135500342581686, 3.4135500342461125, 3.41355003424751, 3.4135500342435185, 3.4135500342411054, 3.4135500342432037, 3.4135500342492278, 3.413550034246953, 3.413550034237907, 3.413550034259479, 3.413550034253558, 3.4135500342636336, 3.413550034232365, 3.4135500342648806, 3.4135500342572955, 3.41355003425021, 3.413550034244136, 3.4135500342465543, 3.4111859815429995, 3.4111859815409495, 3.411185981554173, 3.4111859815517196, 3.4111859815450525, 3.4111859815762124, 3.4111859815718546, 3.4111859815707706, 3.4111859815507284, 3.4111859815538175, 3.411185981555369, 3.41118598154361, 3.411185981560602, 3.411185981546821, 3.411185981538621, 3.411185981525743, 3.411185981531846, 3.4111859815371433, 3.4111859815474177, 3.411185981546519, 3.411185981536314, 3.4111859815504277, 3.4111859815344947, 3.4111859815237726, 3.411185981540628, 3.411185981544627, 3.411185981547894, 3.4111859815517365, 3.4111859815496444, 3.411185981539075, 3.4111859815429986, 3.4111859815568226, 3.41118598151973, 3.411185981531133, 3.411185981516022, 3.4111859815663124, 3.411185981518261, 3.411185981527803, 3.411185981536712, 3.411185981546905, 3.411185981545937, 3.414551932143762, 3.4145519321459337, 3.414551932139246, 3.4145519321395783, 3.414551932141529, 3.4145519321295215, 3.4145519321316957, 3.414551932133157, 3.414551932140176, 3.4145519321408706, 3.4145519321401703, 3.4145519321438487, 3.414551932136474, 3.414551932143736, 3.41455193214647, 3.4145519321503217, 3.4145519321494078, 3.4145519321464866, 3.414551932141755, 3.414551932141721, 3.4145519321457862, 3.414551932140336, 3.414551932148183, 3.414551932153371, 3.414551932145498, 3.4145519321422513, 3.414551932142853, 3.4145519321398976, 3.4145519321411255, 3.414551932145726, 3.4145519321437607, 3.414551932136723, 3.414551932153755, 3.414551932150954, 3.4145519321543145, 3.4145519321351236, 3.414551932154194, 3.414551932148315, 3.4145519321448274, 3.4145519321427824, 3.4145519321415816, 3.4143628484722903, 3.414362848472185, 3.414362848466953, 3.4143628484677078, 3.414362848471762, 3.4143628484562183, 3.414362848458754, 3.414362848459066, 3.414362848469069, 3.4143628484670923, 3.4143628484661193, 3.414362848472197, 3.4143628484638193, 3.4143628484696786, 3.4143628484746373, 3.414362848481608, 3.414362848476343, 3.414362848474831, 3.414362848471707, 3.4143628484710766, 3.414362848476334, 3.414362848468516, 3.4143628484763604, 3.4143628484827997, 3.4143628484720976, 3.414362848472436, 3.414362848469332, 3.4143628484680177, 3.4143628484691875, 3.414362848474401, 3.414362848472289, 3.414362848464847, 3.4143628484829422, 3.4143628484790933, 3.41436284848616, 3.4143628484605193, 3.4143628484866895, 3.4143628484804025, 3.4143628484749775, 3.414362848469851, 3.414362848471109, 3.4124290043074472, 3.412429004303934, 3.4124290043178713, 3.4124290043152925, 3.4124290043094865, 3.4124290043362993, 3.412429004332553, 3.41242900433129, 3.412429004316001, 3.4124290043165746, 3.4124290043175467, 3.4124290043090313, 3.4124290043227186, 3.4124290043091023, 3.412429004302622, 3.4124290042917425, 3.412429004296446, 3.4124290043025334, 3.412429004311192, 3.412429004310618, 3.412429004302811, 3.4124290043135144, 3.412429004299743, 3.412429004290428, 3.412429004306045, 3.4124290043082475, 3.412429004312051, 3.4124290043158414, 3.412429004313349, 3.4124290043040144, 3.412429004307448, 3.4124290043200505, 3.412429004286652, 3.412429004297013, 3.4124290042846175, 3.412429004326768, 3.4124290042860186, 3.4124290042955994, 3.412429004302655, 3.4124290043100616, 3.4124290043099585, 3.4148649376549822, 3.4148649376578133, 3.4148649376507794, 3.41486493765143, 3.4148649376545714, 3.4148649376394786, 3.414864937642367, 3.414864937643813, 3.414864937650253, 3.41486493765129, 3.414864937650484, 3.414864937654214, 3.4148649376479643, 3.414864937655356, 3.4148649376574993, 3.414864937662352, 3.414864937659458, 3.414864937658166, 3.41486493765318, 3.414864937653313, 3.4148649376573985, 3.4148649376525717, 3.4148649376586886, 3.414864937664021, 3.4148649376557927, 3.4148649376543325, 3.414864937653602, 3.4148649376515787, 3.4148649376519966, 3.4148649376572155, 3.414864937654982, 3.414864937648236, 3.4148649376643836, 3.4148649376613807, 3.414864937664691, 3.4148649376471143, 3.414864937665079, 3.4148649376605396, 3.41486493765626, 3.414864937653719, 3.4148649376530282, 3.415103982065735, 3.4151039820670683, 3.4151039820617535, 3.4151039820620053, 3.415103982065039, 3.415103982052174, 3.4151039820547986, 3.415103982055581, 3.415103982062102, 3.4151039820619755, 3.4151039820611433, 3.4151039820646067, 3.415103982058921, 3.415103982064785, 3.4151039820682003, 3.4151039820721616, 3.415103982069245, 3.415103982067725, 3.415103982064388, 3.4151039820644256, 3.415103982068114, 3.4151039820636253, 3.415103982068475, 3.415103982073526, 3.4151039820663818, 3.415103982064988, 3.415103982064368, 3.4151039820625226, 3.415103982063627, 3.4151039820670315, 3.415103982065734, 3.4151039820597817, 3.415103982074044, 3.415103982071065, 3.415103982075084, 3.415103982058026, 3.4151039820757365, 3.415103982070977, 3.41510398206708, 3.415103982064379, 3.415103982064589, 3.413500216879153, 3.4135002168753408, 3.4135002168879898, 3.4135002168849766, 3.4135002168801734, 3.413500216903997, 3.4135002169009674, 3.41350021689936, 3.4135002168865354, 3.413500216886558, 3.4135002168872783, 3.413500216880004, 3.413500216891892, 3.413500216879952, 3.4135002168754958, 3.413500216864891, 3.4135002168695676, 3.413500216873999, 3.4135002168827784, 3.413500216882171, 3.4135002168748336, 3.4135002168844895, 3.4135002168720274, 3.413500216864147, 3.4135002168778263, 3.4135002168797075, 3.4135002168827597, 3.4135002168860185, 3.4135002168846014, 3.413500216875607, 3.413500216879152, 3.4135002168902644, 3.413500216861138, 3.4135002168699495, 3.4135002168601867, 3.413500216895039, 3.4135002168615856, 3.4135002168685618, 3.413500216874949, 3.413500216881452, 3.4135002168822233, 3.4151279419141076, 3.4151279419160043, 3.4151279419096574, 3.4151279419099936, 3.4151279419134046, 3.4151279419002356, 3.415127941903257, 3.4151279419033163, 3.415127941909684, 3.4151279419096916, 3.41512794190882, 3.4151279419137466, 3.4151279419068326, 3.4151279419136054, 3.4151279419165683, 3.4151279419222225, 3.4151279419183025, 3.415127941916842, 3.415127941913041, 3.4151279419126648, 3.4151279419165643, 3.4151279419109226, 3.4151279419181138, 3.4151279419234637, 3.415127941914207, 3.415127941913996, 3.415127941911533, 3.4151279419098923, 3.415127941910852, 3.4151279419165017, 3.4151279419141143, 3.4151279419077465, 3.4151279419232683, 3.4151279419205514, 3.415127941925238, 3.415127941905074, 3.4151279419257703, 3.415127941919995, 3.415127941915701, 3.415127941912627, 3.4151279419134424, 3.415711383590415, 3.415711383591947, 3.4157113835875426, 3.4157113835884587, 3.4157113835898114, 3.415711383582526, 3.41571138358451, 3.415711383584939, 3.4157113835882025, 3.41571138358847, 3.415711383587703, 3.415711383590584, 3.4157113835859367, 3.415711383590219, 3.4157113835922726, 3.415711383594387, 3.415711383593246, 3.4157113835925306, 3.4157113835883894, 3.4157113835891417, 3.415711383591501, 3.41571138358827, 3.41571138359307, 3.415711383596203, 3.415711383591997, 3.415711383588812, 3.4157113835902493, 3.4157113835881665, 3.4157113835887247, 3.415711383591851, 3.4157113835904127, 3.415711383586111, 3.4157113835958643, 3.415711383594634, 3.415711383596154, 3.415711383585938, 3.415711383596479, 3.4157113835934516, 3.4157113835906867, 3.4157113835898527, 3.415711383589557, 3.414454356808633, 3.4144543568058463, 3.414454356815489, 3.4144543568144803, 3.4144543568108654, 3.414454356829482, 3.4144543568271364, 3.414454356826011, 3.4144543568143, 3.414454356815206, 3.4144543568155816, 3.4144543568091312, 3.4144543568198755, 3.4144543568097143, 3.4144543568061, 3.4144543567970995, 3.4144543568005234, 3.414454356804709, 3.4144543568120627, 3.4144543568110355, 3.414454356805065, 3.4144543568133834, 3.4144543568026844, 3.4144543567961563, 3.4144543568067895, 3.414454356809734, 3.414454356811227, 3.414454356814874, 3.4144543568131236, 3.41445435680588, 3.414454356808631, 3.414454356817586, 3.4144543567934487, 3.4144543568006025, 3.4144543567920778, 3.4144543568225743, 3.414454356793888, 3.414454356800415, 3.4144543568049657, 3.414454356810502, 3.414454356811244, 3.4153762112878097, 3.415376211289327, 3.4153762112828034, 3.415376211283597, 3.415376211287192, 3.4153762112723807, 3.4153762112755404, 3.415376211276031, 3.4153762112838946, 3.415376211283194, 3.4153762112819894, 3.4153762112869552, 3.415376211280263, 3.4153762112862402, 3.4153762112903556, 3.4153762112958552, 3.4153762112916946, 3.415376211290212, 3.4153762112861674, 3.4153762112861976, 3.415376211290989, 3.415376211284578, 3.4153762112915147, 3.415376211296817, 3.415376211288248, 3.4153762112872776, 3.415376211285571, 3.4153762112836885, 3.4153762112851336, 3.4153762112895634, 3.4153762112878097, 3.415376211281076, 3.415376211297453, 3.4153762112942467, 3.4153762112993418, 3.415376211278339, 3.4153762112998396, 3.4153762112945496, 3.4153762112897987, 3.415376211285906, 3.4153762112869943, 3.416213158733531, 3.416213158734591, 3.416213158732809, 3.416213158732035, 3.416213158732232, 3.41621315872872, 3.416213158730147, 3.416213158730871, 3.416213158732523, 3.4162131587332554, 3.416213158732461, 3.416213158733387, 3.416213158731951, 3.416213158733614, 3.4162131587340347, 3.416213158734077, 3.416213158734505, 3.4162131587343527, 3.4162131587324036, 3.416213158732815, 3.416213158733996, 3.4162131587324596, 3.4162131587347453, 3.416213158735809, 3.416213158734657, 3.416213158732454, 3.416213158733769, 3.416213158732438, 3.416213158732928, 3.4162131587341382, 3.4162131587335307, 3.4162131587319213, 3.4162131587355296, 3.416213158736461, 3.416213158735738, 3.4162131587318725, 3.4162131587355695, 3.4162131587340636, 3.4162131587332567, 3.4162131587333158, 3.4162131587330116, 3.4153452990598323, 3.4153452990577136, 3.4153452990656614, 3.415345299064153, 3.4153452990614093, 3.415345299075686, 3.415345299074, 3.415345299073428, 3.4153452990635795, 3.415345299065584, 3.41534529906561, 3.4153452990597186, 3.415345299069084, 3.415345299061055, 3.4153452990573427, 3.4153452990504602, 3.415345299053251, 3.4153452990568045, 3.415345299063386, 3.41534529906194, 3.415345299056982, 3.415345299063875, 3.4153452990551276, 3.4153452990500446, 3.4153452990576127, 3.4153452990615865, 3.415345299061167, 3.415345299064818, 3.4153452990630795, 3.4153452990579787, 3.4153452990598363, 3.4153452990672872, 3.4153452990475084, 3.4153452990539646, 3.4153452990463977, 3.415345299071191, 3.4153452990476625, 3.4153452990526714, 3.415345299056808, 3.4153452990613458, 3.415345299061647, 3.4156453015556365, 3.415645301556502, 3.4156453015500654, 3.4156453015517014, 3.415645301554993, 3.4156453015405757, 3.415645301543485, 3.4156453015441457, 3.415645301552323, 3.41564530155119, 3.415645301549622, 3.415645301554906, 3.4156453015469928, 3.4156453015530936, 3.4156453015581696, 3.4156453015640245, 3.4156453015597537, 3.415645301558566, 3.415645301552878, 3.4156453015540755, 3.4156453015590897, 3.4156453015519967, 3.415645301559629, 3.4156453015653963, 3.4156453015571477, 3.4156453015541097, 3.415645301554089, 3.415645301551525, 3.4156453015530412, 3.4156453015573716, 3.4156453015556356, 3.4156453015481776, 3.415645301565989, 3.4156453015622343, 3.4156453015673787, 3.4156453015460815, 3.415645301567615, 3.41564530156249, 3.4156453015576727, 3.4156453015537345, 3.4156453015539165, 3.416582907606924, 3.4165829076071756, 3.4165829076076837, 3.416582907607572, 3.416582907607105, 3.41658290760826, 3.4165829076088374, 3.416582907608809, 3.41658290760741, 3.416582907607871, 3.416582907607035, 3.4165829076070606, 3.4165829076079857, 3.416582907607495, 3.4165829076071645, 3.416582907605817, 3.416582907606131, 3.416582907607002, 3.4165829076071232, 3.4165829076070224, 3.416582907606705, 3.416582907607029, 3.4165829076068706, 3.4165829076066085, 3.4165829076067076, 3.4165829076069643, 3.4165829076070597, 3.4165829076073653, 3.4165829076073333, 3.4165829076069416, 3.416582907606923, 3.4165829076072343, 3.4165829076055236, 3.4165829076074634, 3.4165829076053127, 3.4165829076085257, 3.416582907605963, 3.416582907606115, 3.4165829076060894, 3.4165829076070735, 3.4165829076068572, 3.4161906468132157, 3.416190646812305, 3.4161906468178547, 3.416190646816409, 3.4161906468140777, 3.416190646824554, 3.4161906468236043, 3.4161906468229426, 3.4161906468161525, 3.4161906468173138, 3.4161906468168963, 3.4161906468137264, 3.416190646820165, 3.4161906468149836, 3.4161906468119243, 3.4161906468061773, 3.4161906468088326, 3.416190646811229, 3.4161906468154517, 3.4161906468145125, 3.4161906468108834, 3.4161906468157475, 3.416190646810226, 3.4161906468063776, 3.4161906468117076, 3.4161906468143175, 3.416190646814238, 3.416190646816486, 3.4161906468155827, 3.4161906468119345, 3.4161906468132157, 3.4161906468184817, 3.416190646804398, 3.416190646809565, 3.4161906468037824, 3.416190646821216, 3.4161906468048286, 3.4161906468077987, 3.4161906468108008, 3.4161906468144685, 3.4161906468144854, 3.416030874655012, 3.4160308746559864, 3.41603087465001, 3.4160308746507564, 3.416030874653739, 3.4160308746401307, 3.4160308746430847, 3.4160308746434493, 3.416030874651819, 3.416030874650725, 3.4160308746490533, 3.4160308746542976, 3.416030874646518, 3.4160308746528782, 3.4160308746578547, 3.416030874662761, 3.41603087465898, 3.4160308746577717, 3.4160308746519816, 3.4160308746532104, 3.4160308746580097, 3.4160308746514105, 3.4160308746587176, 3.416030874664258, 3.416030874656642, 3.416030874653215, 3.416030874653571, 3.4160308746505854, 3.4160308746524968, 3.4160308746565864, 3.416030874655011, 3.4160308746478654, 3.4160308746651493, 3.4160308746614296, 3.416030874666828, 3.416030874645402, 3.4160308746670576, 3.4160308746611197, 3.4160308746569616, 3.4160308746533503, 3.416030874653693, 3.4168065567138584, 3.416806556712946, 3.416806556715972, 3.4168065567152786, 3.416806556714814, 3.416806556719533, 3.416806556719369, 3.416806556718947, 3.416806556714867, 3.416806556716138, 3.416806556715476, 3.4168065567131793, 3.416806556716984, 3.4168065567144508, 3.4168065567132984, 3.4168065567105437, 3.4168065567105406, 3.416806556712905, 3.416806556715447, 3.4168065567147874, 3.4168065567127592, 3.4168065567156756, 3.4168065567117827, 3.4168065567105366, 3.416806556712371, 3.416806556714896, 3.416806556713864, 3.4168065567157466, 3.416806556715105, 3.416806556713184, 3.4168065567138575, 3.416806556716299, 3.4168065567090804, 3.4168065567116908, 3.416806556708831, 3.4168065567181802, 3.4168065567100867, 3.4168065567111934, 3.416806556712636, 3.4168065567143575, 3.4168065567149544, 3.4169242464019813, 3.4169242464018867, 3.416924246404377, 3.4169242464033367, 3.4169242464018983, 3.4169242464074228, 3.4169242464071714, 3.4169242464073903, 3.416924246403516, 3.416924246404656, 3.416924246403916, 3.416924246402144, 3.416924246405152, 3.4169242464031626, 3.4169242464010754, 3.4169242463976586, 3.4169242463992684, 3.4169242464014746, 3.4169242464020373, 3.4169242464024925, 3.41692424640063, 3.4169242464031613, 3.416924246400556, 3.416924246398722, 3.416924246402316, 3.4169242464014995, 3.416924246403385, 3.4169242464039655, 3.416924246403349, 3.416924246401375, 3.4169242464019827, 3.4169242464043394, 3.4169242463974023, 3.416924246400542, 3.416924246396635, 3.4169242464065435, 3.41692424639696, 3.4169242463986484, 3.4169242464005034, 3.4169242464027425, 3.416924246402456, 3.416601585408359, 3.4166015854098335, 3.4166015854042295, 3.4166015854047345, 3.416601585407532, 3.416601585395571, 3.416601585398445, 3.416601585398666, 3.4166015854049636, 3.4166015854047984, 3.416601585403237, 3.4166015854077854, 3.416601585401496, 3.4166015854074177, 3.416601585410636, 3.4166015854157066, 3.416601585411414, 3.4166015854109375, 3.416601585406409, 3.4166015854066787, 3.4166015854112315, 3.4166015854051532, 3.416601585411966, 3.41660158541673, 3.416601585409076, 3.416601585407538, 3.4166015854063954, 3.416601585404803, 3.416601585405989, 3.416601585410073, 3.4166015854083582, 3.4166015854022134, 3.4166015854169762, 3.4166015854141887, 3.4166015854184217, 3.416601585400381, 3.4166015854187717, 3.4166015854140555, 3.416601585410317, 3.4166015854067266, 3.416601585407472, 3.4169978605805627, 3.416997860578412, 3.416997860583982, 3.4169978605831544, 3.4169978605818656, 3.416997860589834, 3.4169978605889115, 3.416997860588112, 3.416997860583158, 3.41699786058386, 3.416997860583156, 3.4169978605808686, 3.416997860586116, 3.416997860581035, 3.4169978605795204, 3.416997860575078, 3.4169978605760543, 3.4169978605786873, 3.416997860582769, 3.4169978605818527, 3.4169978605791123, 3.4169978605825824, 3.4169978605778204, 3.4169978605751132, 3.4169978605789373, 3.4169978605816302, 3.4169978605810485, 3.416997860583737, 3.4169978605828653, 3.4169978605791544, 3.4169978605805644, 3.4169978605846825, 3.416997860573248, 3.4169978605770277, 3.4169978605732876, 3.4169978605866236, 3.4169978605745817, 3.4169978605769495, 3.416997860579069, 3.4169978605812097, 3.4169978605819904, 3.4174630696281256, 3.417463069628146, 3.417463069628349, 3.417463069628042, 3.4174630696274595, 3.4174630696275994, 3.4174630696280937, 3.4174630696285258, 3.4174630696284156, 3.417463069629347, 3.4174630696281656, 3.417463069628327, 3.417463069628152, 3.4174630696285235, 3.4174630696287425, 3.417463069626763, 3.4174630696280057, 3.4174630696286523, 3.417463069626837, 3.4174630696277104, 3.4174630696277033, 3.4174630696276265, 3.4174630696285484, 3.417463069628732, 3.417463069629481, 3.4174630696266552, 3.417463069629116, 3.417463069628388, 3.4174630696284654, 3.4174630696281505, 3.417463069628126, 3.417463069627448, 3.417463069628179, 3.4174630696292607, 3.4174630696275075, 3.4174630696289108, 3.417463069627609, 3.4174630696271127, 3.4174630696273893, 3.4174630696284956, 3.4174630696275172, 3.4173241478247123, 3.4173241478259766, 3.417324147821879, 3.417324147822098, 3.417324147824864, 3.4173241478159757, 3.4173241478182317, 3.4173241478180807, 3.4173241478214123, 3.417324147822332, 3.4173241478209557, 3.417324147823409, 3.417324147820352, 3.4173241478247327, 3.4173241478265286, 3.41732414783031, 3.417324147826411, 3.417324147826511, 3.417324147824428, 3.417324147823961, 3.417324147826465, 3.417324147822956, 3.417324147827177, 3.4173241478307324, 3.417324147823706, 3.417324147825536, 3.417324147822114, 3.4173241478222467, 3.417324147822694, 3.4173241478263625, 3.417324147824713, 3.417324147820311, 3.4173241478306555, 3.417324147829041, 3.4173241478312097, 3.4173241478198992, 3.417324147832101, 3.4173241478285017, 3.417324147825919, 3.4173241478237117, 3.4173241478242615, 3.417352124603457, 3.4173521246008765, 3.4173521246071186, 3.4173521246057357, 3.4173521246041934, 3.4173521246137084, 3.41735212461204, 3.4173521246117207, 3.417352124607525, 3.417352124606598, 3.4173521246057543, 3.417352124603808, 3.4173521246090353, 3.417352124603123, 3.417352124601714, 3.417352124596431, 3.4173521245985072, 3.41735212460131, 3.4173521246041316, 3.4173521246052996, 3.4173521246017193, 3.4173521246053298, 3.4173521246003986, 3.417352124596934, 3.4173521246033243, 3.417352124603229, 3.4173521246054572, 3.417352124606858, 3.4173521246063414, 3.417352124601594, 3.4173521246034566, 3.417352124607834, 3.4173521245958303, 3.417352124599946, 3.4173521245954497, 3.4173521246097707, 3.4173521245959986, 3.4173521245990166, 3.4173521246017757, 3.417352124604325, 3.417352124604581, 3.417835547861748, 3.417835547863009, 3.417835547860476, 3.4178355478600015, 3.4178355478611464, 3.417835547856594, 3.4178355478580946, 3.4178355478584193, 3.417835547859835, 3.417835547861325, 3.417835547860014, 3.4178355478609315, 3.417835547859293, 3.417835547862219, 3.4178355478631293, 3.4178355478640965, 3.4178355478629925, 3.417835547862975, 3.4178355478605513, 3.41783554786057, 3.4178355478625875, 3.4178355478603915, 3.4178355478634677, 3.4178355478654274, 3.417835547862319, 3.4178355478611246, 3.4178355478610785, 3.417835547860309, 3.4178355478608173, 3.417835547862674, 3.4178355478617473, 3.417835547858814, 3.4178355478655966, 3.417835547865157, 3.4178355478652565, 3.417835547859294, 3.4178355478655638, 3.4178355478631937, 3.417835547862108, 3.4178355478614004, 3.417835547860862, 3.418054372786903, 3.4180543727873114, 3.4180543727861328, 3.418054372785918, 3.4180543727874704, 3.418054372783785, 3.4180543727850563, 3.4180543727846757, 3.418054372785019, 3.4180543727866572, 3.4180543727854507, 3.4180543727860675, 3.418054372785752, 3.4180543727871977, 3.4180543727880974, 3.418054372789135, 3.418054372786726, 3.418054372787634, 3.418054372787189, 3.418054372786365, 3.418054372787663, 3.4180543727861696, 3.418054372787831, 3.418054372789392, 3.4180543727857264, 3.4180543727877453, 3.4180543727852433, 3.4180543727860306, 3.418054372786103, 3.41805437278775, 3.418054372786908, 3.4180543727849764, 3.4180543727889203, 3.4180543727889243, 3.418054372789211, 3.418054372785435, 3.418054372790351, 3.4180543727883297, 3.418054372787288, 3.4180543727864525, 3.418054372786829, 3.4179888512926473, 3.4179888512900125, 3.417988851295572, 3.4179888512946546, 3.417988851293035, 3.4179888513008376, 3.417988851299294, 3.417988851299116, 3.4179888512966294, 3.417988851295528, 3.417988851294435, 3.4179888512937033, 3.4179888512971144, 3.41798885129181, 3.4179888512915797, 3.41798885128646, 3.4179888512883503, 3.417988851291184, 3.4179888512921193, 3.4179888512940253, 3.4179888512911942, 3.417988851293536, 3.417988851290288, 3.417988851287325, 3.4179888512934493, 3.417988851291453, 3.41798885129506, 3.4179888512956005, 3.417988851295208, 3.4179888512910206, 3.4179888512926513, 3.4179888512959318, 3.4179888512861774, 3.4179888512897207, 3.417988851286138, 3.4179888512976744, 3.4179888512866343, 3.417988851288953, 3.417988851291182, 3.4179888512933956, 3.4179888512934125, 3.418226856379016, 3.418226856381249, 3.4182268563767226, 3.4182268563765175, 3.4182268563787064, 3.418226856371171, 3.418226856373484, 3.4182268563733493, 3.41822685637552, 3.4182268563776192, 3.4182268563762293, 3.4182268563776996, 3.4182268563752527, 3.418226856379999, 3.4182268563810716, 3.4182268563840963, 3.418226856380689, 3.4182268563808185, 3.418226856378695, 3.418226856377728, 3.4182268563804468, 3.418226856377289, 3.4182268563815765, 3.418226856384728, 3.4182268563781775, 3.4182268563797127, 3.4182268563765614, 3.418226856376913, 3.418226856377114, 3.418226856380734, 3.418226856379016, 3.418226856374789, 3.4182268563843876, 3.418226856383294, 3.418226856384401, 3.4182268563754072, 3.4182268563853775, 3.418226856382037, 3.418226856380028, 3.4182268563782396, 3.4182268563784928, 3.4186505585962608, 3.418650558595576, 3.4186505585972795, 3.4186505585963403, 3.4186505585962657, 3.4186505585983857, 3.4186505585982814, 3.418650558598216, 3.418650558597236, 3.4186505585976694, 3.418650558596473, 3.418650558596008, 3.41865055859741, 3.418650558596326, 3.4186505585963287, 3.4186505585943143, 3.4186505585942952, 3.4186505585958686, 3.418650558596078, 3.4186505585965814, 3.4186505585958105, 3.418650558596337, 3.4186505585957225, 3.4186505585953233, 3.4186505585964033, 3.4186505585958615, 3.418650558596632, 3.4186505585973426, 3.418650558597244, 3.41865055859578, 3.418650558596258, 3.418650558596658, 3.4186505585943014, 3.4186505585961138, 3.4186505585941562, 3.4186505585981704, 3.418650558594784, 3.4186505585949343, 3.418650558595734, 3.4186505585964806, 3.41865055859654, 3.4188240310834983, 3.418824031081806, 3.418824031085224, 3.4188240310841302, 3.418824031083969, 3.41882403108734, 3.4188240310867357, 3.4188240310865914, 3.4188240310852467, 3.4188240310851663, 3.418824031083974, 3.4188240310835365, 3.4188240310855575, 3.418824031083043, 3.418824031083168, 3.418824031080386, 3.4188240310806055, 3.418824031082755, 3.4188240310833025, 3.4188240310843034, 3.4188240310828464, 3.4188240310838167, 3.418824031082305, 3.4188240310813467, 3.4188240310836986, 3.4188240310829383, 3.4188240310842035, 3.4188240310849634, 3.418824031084899, 3.4188240310826634, 3.4188240310834965, 3.418824031084769, 3.4188240310801623, 3.418824031082449, 3.4188240310804816, 3.4188240310859626, 3.418824031081078, 3.4188240310816878, 3.418824031082793, 3.418824031083806, 3.4188240310839646, 3.4189055018161882, 3.4189055018180325, 3.4189055018145385, 3.4189055018139585, 3.4189055018162455, 3.418905501808904, 3.418905501811116, 3.4189055018109817, 3.4189055018126973, 3.4189055018149443, 3.4189055018134926, 3.4189055018147263, 3.418905501812764, 3.418905501817057, 3.418905501818208, 3.4189055018207255, 3.418905501817533, 3.4189055018179744, 3.4189055018157006, 3.4189055018149976, 3.4189055018175765, 3.418905501814572, 3.4189055018185006, 3.418905501821623, 3.418905501815562, 3.418905501816592, 3.4189055018137036, 3.4189055018139833, 3.418905501814318, 3.418905501817882, 3.4189055018161882, 3.4189055018122034, 3.418905501821237, 3.41890550182032, 3.4189055018215733, 3.4189055018126187, 3.4189055018224384, 3.4189055018191348, 3.4189055018171275, 3.4189055018154786, 3.4189055018155154, 3.419222233705104, 3.4192222337033025, 3.419222233707599, 3.41922223370633, 3.4192222337053737, 3.419222233710878, 3.4192222337098688, 3.419222233709915, 3.4192222337079383, 3.419222233707509, 3.41922223370629, 3.4192222337054554, 3.4192222337083344, 3.419222233705011, 3.4192222337045672, 3.4192222337003857, 3.4192222337019613, 3.4192222337041893, 3.419222233704665, 3.4192222337060394, 3.419222233703968, 3.4192222337056695, 3.4192222337035107, 3.4192222337016744, 3.419222233705712, 3.419222233704227, 3.4192222337065856, 3.4192222337074325, 3.419222233707086, 3.4192222337039477, 3.419222233705105, 3.419222233707083, 3.419222233700523, 3.4192222337035445, 3.4192222337002653, 3.4192222337089953, 3.419222233700714, 3.4192222337023437, 3.41922223370395, 3.4192222337057205, 3.4192222337054976, 3.4196316888776304, 3.4196316888776326, 3.419631688877536, 3.419631688876838, 3.4196316888778773, 3.419631688876448, 3.419631688877295, 3.419631688876953, 3.419631688877054, 3.4196316888778737, 3.419631688876497, 3.4196316888767297, 3.419631688877066, 3.4196316888777782, 3.419631688878597, 3.419631688878462, 3.419631688876691, 3.419631688877959, 3.4196316888776304, 3.4196316888775486, 3.4196316888780567, 3.419631688877036, 3.41963168887805, 3.419631688879074, 3.4196316888769562, 3.4196316888779803, 3.4196316888764717, 3.4196316888776135, 3.419631688877627, 3.4196316888778986, 3.4196316888776255, 3.419631688876131, 3.4196316888783023, 3.419631688879092, 3.4196316888783485, 3.4196316888775455, 3.419631688879426, 3.4196316888783334, 3.4196316888777685, 3.419631688877355, 3.419631688877712, 3.4198795314388155, 3.419879531439552, 3.4198795314380988, 3.4198795314373704, 3.419879531438558, 3.41987953143503, 3.4198795314364063, 3.419879531436326, 3.419879531437332, 3.419879531438684, 3.4198795314371804, 3.419879531438098, 3.4198795314370978, 3.4198795314390713, 3.419879531440116, 3.41987953144071, 3.419879531438747, 3.4198795314398507, 3.4198795314378354, 3.4198795314382826, 3.41987953143944, 3.419879531437462, 3.4198795314401274, 3.419879531441724, 3.41987953143893, 3.419879531438507, 3.4198795314376667, 3.4198795314378545, 3.4198795314381667, 3.4198795314395767, 3.419879531438814, 3.4198795314361825, 3.4198795314411057, 3.419879531441523, 3.4198795314412793, 3.4198795314373918, 3.419879531441962, 3.419879531439894, 3.4198795314390513, 3.4198795314385246, 3.4198795314383688, 3.4200947470088376, 3.420094747006789, 3.4200947470113556, 3.4200947470099283, 3.420094747009404, 3.4200947470145207, 3.4200947470136875, 3.420094747013472, 3.420094747011116, 3.420094747011354, 3.420094747010182, 3.420094747009274, 3.4200947470124228, 3.420094747008805, 3.420094747008017, 3.4200947470043834, 3.420094747005153, 3.4200947470078225, 3.4200947470088128, 3.4200947470098866, 3.4200947470076315, 3.420094747009403, 3.420094747007166, 3.4200947470052987, 3.420094747008772, 3.4200947470086662, 3.420094747009728, 3.4200947470110803, 3.4200947470106784, 3.4200947470077625, 3.4200947470088345, 3.420094747010873, 3.420094747003745, 3.4200947470072167, 3.4200947470038545, 3.4200947470128464, 3.4200947470044896, 3.4200947470057366, 3.4200947470076035, 3.420094747009443, 3.4200947470094616, 3.420484529939195]
Total optimisation time observed during ADAM optimization: 70.010461 seconds
Median time per evaluation during ADAM optimization: 0.337640 seconds
3.420484529939195
QAOA optimisation for n=1 took 71.89 seconds; started at 1777584015.759349 and finished at 1777584087.6481988
Finished QAOA for n=6 nodes, m=9 edges at 2026-04-30 23:21:27 on Apple M4. Time taken: 71.89 seconds. Hours: 0.02 hours. Peak RAM: 223.47 MB.
Unknown graph type for approximation ratio calculation; skipping approx ratio computation.
CSV writing for n=1 took 0.00 seconds; started at 1777584087.648201 and finished at 1777584087.6486552
results: {1: 3.420484529939195}
durations: {6: 71.88885307312012}
Results saved to: logs/adam/qaoa_results_adam_20260430_200911.csv
Global end time: 1777584087.64866
Finalisation time: 0.00 seconds; started at 1777584087.6486568 and finished at 1777584087.648661
Sum of all section times: 71.98 seconds
