2026-04-30 21:06:34.546 system_profiler[86096:1243095] hw.cpufamily: 0x6f5129ac
Starting QAOA benchmark with global start time: 1777575994.461161
Benchmark parameters: {'optimiser': 'adam', 'circuit_type': 'hamqaoa', 'parameter_vector': [1, 1, 1], 'iterations_list': [50, 100, 200, 500], 'learning_rate_adam': 0.05, 'depth_list': [1, 2, 5, 10], 'n_start': 0, 'n_end': 30, 'singlet_injection': False, 'start_index_singlet': 0, 'warm_start': True, 'compare_with_010101': False, 'warm_start_correlations': False, 'init_QAOAparams_close_to_zero': False, 'use_correlations_as_initial_params': False, 'time_limit': 10800, 'failed_instance_termination_thrsh': 10, 'graph_generation_type': 'HOG', 'weighted': False, 'easiest_first': True, 'cpu_util_threshold': 90, 'debug': False, 'save_circuit_svg': False, 'rerun_exclude_finished_instances': False, 'optimiser_debug_iterations': 1, 'relative_graph_adjList_path': '/Users/julian_dev/Projects/MasterThesis/QAOA/HOG_graphs/list_27_graphs_adjacency_list.txt'}, Running QAOA with equal superposition
Benchmark run ID: 9cc7e6de
Processor: Apple M4
Hostname: Mac-mini-som-tillhor-Julian.local
Total RAM (GB): 16.0
Physical cores: 10
Logical cores: 10
Python version: 3.13.1
Initialisation time: 0.10 seconds; started at {'initialisation': 0.10291719436645508} and finished at 1777575994.564086
Loaded HOG graph index 2 with 12 edges.
Instance generation for n=2 took 0.00 seconds; started at 1777575994.56409 and finished at 1777575994.564383
Running QAOA for n=8 nodes, m=12 edges...; Max iterations: 500
Warm-start: using parameter_vector=[1, 1, 1]
Warm-start: starting SDP solve for n_vertices=8
Starting SDP solve (solver preference: MOSEK, fallback: SCS) for n_vertices=8, matrix_dim=24, edges=12
Finished SDP solve with MOSEK. status=optimal. elapsed_seconds=0.05
Rounding...
n_vertices: 8 for n = 24
Using seed None to generate random matrix for x.
r_0: [-0.79489383 -0.56862035  0.21169481]
Product state qubit 0: [[ 0.60584741+0.j         -0.39744691+0.28431018j]
 [-0.39744691-0.28431018j  0.39415259+0.j        ]]
Diagonal entries of product state 0: [0.60584741 0.39415259]
r_1: [ 0.61032674 -0.63253263  0.47686868]
Product state qubit 1: [[0.73843434+0.j         0.30516337+0.31626632j]
 [0.30516337-0.31626632j 0.26156566+0.j        ]]
Diagonal entries of product state 1: [0.73843434 0.26156566]
r_2: [ 0.15239929  0.85884526 -0.48903913]
Product state qubit 2: [[0.25548043+0.j         0.07619965-0.42942263j]
 [0.07619965+0.42942263j 0.74451957+0.j        ]]
Diagonal entries of product state 2: [0.25548043 0.74451957]
r_3: [ 0.79490589  0.5686125  -0.21167061]
Product state qubit 3: [[0.39416469+0.j         0.39745295-0.28430625j]
 [0.39745295+0.28430625j 0.60583531+0.j        ]]
Diagonal entries of product state 3: [0.39416469 0.60583531]
r_4: [-0.1760846   0.83202682 -0.52604713]
Product state qubit 4: [[ 0.23697643+0.j         -0.0880423 -0.41601341j]
 [-0.0880423 +0.41601341j  0.76302357+0.j        ]]
Diagonal entries of product state 4: [0.23697643 0.76302357]
r_5: [ 0.17608618 -0.83202252  0.5260534 ]
Product state qubit 5: [[0.7630267 +0.j         0.08804309+0.41601126j]
 [0.08804309-0.41601126j 0.2369733 +0.j        ]]
Diagonal entries of product state 5: [0.7630267 0.2369733]
r_6: [-0.61031732  0.63253078 -0.47688319]
Product state qubit 6: [[ 0.2615584 +0.j         -0.30515866-0.31626539j]
 [-0.30515866+0.31626539j  0.7384416 +0.j        ]]
Diagonal entries of product state 6: [0.2615584 0.7384416]
r_7: [-0.15240482 -0.85884902  0.48903081]
Product state qubit 7: [[ 0.7445154 +0.j         -0.07620241+0.42942451j]
 [-0.07620241-0.42942451j  0.2554846 +0.j        ]]
Diagonal entries of product state 7: [0.7445154 0.2554846]
y_scalar: False
[1, 1, -1, -1, -1, 1, -1, 1]
Hamiltonian equals product state? [[False False False False]
 [False False False False]
 [False False False False]
 [False False False False]]
Hamiltonian: [[ 0. +0.j  0. +0.j  0. +0.j  0. +0.j]
 [ 0. +0.j  0.5+0.j -0.5+0.j  0. +0.j]
 [ 0. +0.j -0.5+0.j  0.5+0.j  0. +0.j]
 [ 0. +0.j  0. +0.j  0. +0.j  0. +0.j]], product state: [[ 0.19020912+0.00000000e+00j -0.01946822+1.09709561e-01j
   0.05673181-3.19711763e-01j  0.17859801+6.54450356e-02j]
 [-0.01946822-1.09709561e-01j  0.06527132+0.00000000e+00j
  -0.1902112 +1.04321159e-06j  0.01946784-1.09710868e-01j]
 [ 0.05673181+3.19711763e-01j -0.1902112 -1.04321159e-06j
   0.55430628+0.00000000e+00j -0.05673419+3.19714950e-01j]
 [ 0.17859801-6.54450356e-02j  0.01946784+1.09710868e-01j
  -0.05673419-3.19714950e-01j  0.19021328+0.00000000e+00j]]
Hamiltonian equals product state? [[False False False False]
 [False False False False]
 [False False False False]
 [False False False False]]
Hamiltonian: [[ 0. +0.j  0. +0.j  0. +0.j  0. +0.j]
 [ 0. +0.j  0.5+0.j -0.5+0.j  0. +0.j]
 [ 0. +0.j -0.5+0.j  0.5+0.j  0. +0.j]
 [ 0. +0.j  0. +0.j  0. +0.j  0. +0.j]], product state: [[ 0.44737853+0.j          0.18488244+0.19160913j -0.29348845+0.2099444j
  -0.21120397-0.03893802j]
 [ 0.18488244-0.19160913j  0.15846888+0.j         -0.03136851+0.21246012j
  -0.10395847+0.07436578j]
 [-0.29348845-0.2099444j  -0.03136851-0.21246012j  0.29105581+0.j
   0.12028093+0.12465719j]
 [-0.21120397+0.03893802j -0.10395847-0.07436578j  0.12028093-0.12465719j
   0.10309678+0.j        ]]
Hamiltonian equals product state? [[False False False False]
 [False False False False]
 [False False False False]
 [False False False False]]
Hamiltonian: [[ 0. +0.j  0. +0.j  0. +0.j  0. +0.j]
 [ 0. +0.j  0.5+0.j -0.5+0.j  0. +0.j]
 [ 0. +0.j -0.5+0.j  0.5+0.j  0. +0.j]
 [ 0. +0.j  0. +0.j  0. +0.j  0. +0.j]], product state: [[ 0.19314371+0.00000000e+00j -0.22533963-2.33541225e-01j
   0.07981804+8.27221126e-02j  0.00690085-1.93024018e-01j]
 [-0.22533963+2.33541225e-01j  0.54529063+0.00000000e+00j
  -0.19314734+1.20873585e-06j  0.22534533+2.33544204e-01j]
 [ 0.07981804-8.27221126e-02j -0.19314734-1.20873585e-06j
   0.0684147 +0.00000000e+00j -0.07981903-8.27241667e-02j]
 [ 0.00690085+1.93024018e-01j  0.22534533-2.33544204e-01j
  -0.07981903+8.27241667e-02j  0.19315097+0.00000000e+00j]]
Hamiltonian equals product state? [[False False False False]
 [False False False False]
 [False False False False]
 [False False False False]]
Hamiltonian: [[ 0. +0.j  0. +0.j  0. +0.j  0. +0.j]
 [ 0. +0.j  0.5+0.j -0.5+0.j  0. +0.j]
 [ 0. +0.j -0.5+0.j  0.5+0.j  0. +0.j]
 [ 0. +0.j  0. +0.j  0. +0.j  0. +0.j]], product state: [[ 0.1764326 +0.j         -0.01805818+0.10176349j -0.06554885-0.30972839j
   0.18535539-0.0061063j ]
 [-0.01805818-0.10176349j  0.06054383+0.j         -0.17193732+0.06950875j
  -0.02249345-0.10628502j]
 [-0.06554885+0.30972839j -0.17193732-0.06950875j  0.5680828 +0.j
  -0.05814423+0.32766102j]
 [ 0.18535539+0.0061063j  -0.02249345+0.10628502j -0.05814423-0.32766102j
   0.19494077+0.j        ]]
Hamiltonian equals product state? [[False False False False]
 [False False False False]
 [False False False False]
 [False False False False]]
Hamiltonian: [[ 0. +0.j  0. +0.j  0. +0.j  0. +0.j]
 [ 0. +0.j  0.5+0.j -0.5+0.j  0. +0.j]
 [ 0. +0.j -0.5+0.j  0.5+0.j  0. +0.j]
 [ 0. +0.j  0. +0.j  0. +0.j  0. +0.j]], product state: [[ 0.23880366+0.00000000e+00j  0.24079584-1.72246203e-01j
  -0.15665954+1.12065034e-01j -0.07713529+2.25996559e-01j]
 [ 0.24079584+1.72246203e-01j  0.36704375+0.00000000e+00j
  -0.23879761+3.27599164e-06j -0.24078737+1.72245144e-01j]
 [-0.15665954-1.12065034e-01j -0.23879761-3.27599164e-06j
   0.15536104+0.00000000e+00j  0.15665711-1.12060046e-01j]
 [-0.07713529-2.25996559e-01j -0.24078737-1.72245144e-01j
   0.15665711+1.12060046e-01j  0.23879156+0.00000000e+00j]]
Hamiltonian equals product state? [[False False False False]
 [False False False False]
 [False False False False]
 [False False False False]]
Hamiltonian: [[ 0. +0.j  0. +0.j  0. +0.j  0. +0.j]
 [ 0. +0.j  0.5+0.j -0.5+0.j  0. +0.j]
 [ 0. +0.j -0.5+0.j  0.5+0.j  0. +0.j]
 [ 0. +0.j  0. +0.j  0. +0.j  0. +0.j]], product state: [[ 0.19957605+0.j         -0.2328442 -0.24131894j  0.02302841+0.10881124j
   0.10470285-0.15479442j]
 [-0.2328442 +0.24131894j  0.56345066+0.j         -0.15843708-0.09910446j
   0.06501468+0.30720002j]
 [ 0.02302841-0.10881124j -0.15843708+0.09910446j  0.06198236+0.j
  -0.07231445-0.07494645j]
 [ 0.10470285+0.15479442j  0.06501468-0.30720002j -0.07231445+0.07494645j
   0.17499094+0.j        ]]
Hamiltonian equals product state? [[False False False False]
 [False False False False]
 [False False False False]
 [False False False False]]
Hamiltonian: [[ 0. +0.j  0. +0.j  0. +0.j  0. +0.j]
 [ 0. +0.j  0.5+0.j -0.5+0.j  0. +0.j]
 [ 0. +0.j -0.5+0.j  0.5+0.j  0. +0.j]
 [ 0. +0.j  0. +0.j  0. +0.j  0. +0.j]], product state: [[ 0.18081935+0.00000000e+00j  0.02086414+9.85848644e-02j
  -0.06717863-3.17429339e-01j  0.16531475-7.32536947e-02j]
 [ 0.02086414-9.85848644e-02j  0.05615709+0.00000000e+00j
  -0.18081778-5.17895833e-07j -0.02086367-9.85840698e-02j]
 [-0.06717863+3.17429339e-01j -0.18081778+5.17895833e-07j
   0.58220736+0.00000000e+00j  0.06717895+3.17426396e-01j]
 [ 0.16531475+7.32536947e-02j -0.02086367+9.85840698e-02j
   0.06717895-3.17426396e-01j  0.18081621+0.00000000e+00j]]
Hamiltonian equals product state? [[False False False False]
 [False False False False]
 [False False False False]
 [False False False False]]
Hamiltonian: [[ 0. +0.j  0. +0.j  0. +0.j  0. +0.j]
 [ 0. +0.j  0.5+0.j -0.5+0.j  0. +0.j]
 [ 0. +0.j -0.5+0.j  0.5+0.j  0. +0.j]
 [ 0. +0.j  0. +0.j  0. +0.j  0. +0.j]], product state: [[ 0.29346169+0.j         -0.0300363 +0.16926398j  0.29590984-0.21167038j
   0.0918012 +0.19234086j]
 [-0.0300363 -0.16926398j  0.10070301+0.j         -0.15237494-0.14901122j
   0.10154311-0.07263587j]
 [ 0.29590984+0.21167038j -0.15237494+0.14901122j  0.45105372+0.j
  -0.04616611+0.26016053j]
 [ 0.0918012 -0.19234086j  0.10154311+0.07263587j -0.04616611-0.26016053j
   0.15478159+0.j        ]]
Hamiltonian equals product state? [[False False False False]
 [False False False False]
 [False False False False]
 [False False False False]]
Hamiltonian: [[ 0. +0.j  0. +0.j  0. +0.j  0. +0.j]
 [ 0. +0.j  0.5+0.j -0.5+0.j  0. +0.j]
 [ 0. +0.j -0.5+0.j  0.5+0.j  0. +0.j]
 [ 0. +0.j  0. +0.j  0. +0.j  0. +0.j]], product state: [[ 0.19493839+0.j          0.02249329+0.10628274j  0.05814237-0.32766093j
   0.1853535 -0.00610778j]
 [ 0.02249329-0.10628274j  0.06054204+0.j         -0.1719358 -0.06950761j
   0.01805728-0.1017617j ]
 [ 0.05814237+0.32766093j -0.1719358 +0.06950761j  0.56808831+0.j
   0.0655498 +0.30972852j]
 [ 0.1853535 +0.00610778j  0.01805728+0.1017617j   0.0655498 -0.30972852j
   0.17643126+0.j        ]]
Hamiltonian equals product state? [[False False False False]
 [False False False False]
 [False False False False]
 [False False False False]]
Hamiltonian: [[ 0. +0.j  0. +0.j  0. +0.j  0. +0.j]
 [ 0. +0.j  0.5+0.j -0.5+0.j  0. +0.j]
 [ 0. +0.j -0.5+0.j  0.5+0.j  0. +0.j]
 [ 0. +0.j  0. +0.j  0. +0.j  0. +0.j]], product state: [[ 0.17499154+0.j         -0.06501346-0.30719859j  0.07231653+0.07494766j
   0.10470374-0.15479687j]
 [-0.06501346+0.30719859j  0.5634428 +0.j         -0.15843831+0.09910724j
   0.23284684+0.24131865j]
 [ 0.07231653-0.07494766j -0.15843831-0.09910724j  0.0619849 +0.j
  -0.02302884-0.10881482j]
 [ 0.10470374+0.15479687j  0.23284684-0.24131865j -0.02302884+0.10881482j
   0.19958076+0.j        ]]
Hamiltonian equals product state? [[False False False False]
 [False False False False]
 [False False False False]
 [False False False False]]
Hamiltonian: [[ 0. +0.j  0. +0.j  0. +0.j  0. +0.j]
 [ 0. +0.j  0.5+0.j -0.5+0.j  0. +0.j]
 [ 0. +0.j -0.5+0.j  0.5+0.j  0. +0.j]
 [ 0. +0.j  0. +0.j  0. +0.j  0. +0.j]], product state: [[ 0.15478216+0.j          0.04616536-0.26016459j -0.10153991+0.07263569j
   0.09180391+0.19233703j]
 [ 0.04616536+0.26016459j  0.45106525+0.j         -0.15237454-0.14900836j
  -0.295907  +0.21167449j]
 [-0.10153991-0.07263569j -0.15237454+0.14900836j  0.10069828+0.j
   0.03003429-0.16925804j]
 [ 0.09180391-0.19233703j -0.295907  -0.21167449j  0.03003429+0.16925804j
   0.29345432+0.j        ]]
Hamiltonian equals product state? [[False False False False]
 [False False False False]
 [False False False False]
 [False False False False]]
Hamiltonian: [[ 0. +0.j  0. +0.j  0. +0.j  0. +0.j]
 [ 0. +0.j  0.5+0.j -0.5+0.j  0. +0.j]
 [ 0. +0.j -0.5+0.j  0.5+0.j  0. +0.j]
 [ 0. +0.j  0. +0.j  0. +0.j  0. +0.j]], product state: [[ 0.10309709+0.j         -0.12028277-0.12466065j  0.10395716-0.07436269j
  -0.21120244-0.0389421j ]
 [-0.12028277+0.12466065j  0.29106761+0.j         -0.03136998+0.21245913j
   0.29349579-0.20994356j]
 [ 0.10395716+0.07436269j -0.03136998-0.21245913j  0.15846132+0.j
  -0.18487589-0.19160474j]
 [-0.21120244+0.0389421j   0.29349579+0.20994356j -0.18487589+0.19160474j
   0.44737399+0.j        ]]
Energy of rounded cut: 5.283582251289328
Check the cut: [1, 1, -1, -1, -1, 1, -1, 1]
10 in cut out of a total of 12 edges
Warm-start: SDP solve + rounding finished in 0.05 seconds
Warm-start: statevector build finished in 0.00 seconds
warm_start_correlations: None
Edges: [(2, 7), (0, 1), (1, 6), (4, 7), (0, 3), (5, 6), (4, 5), (3, 7), (2, 5), (1, 4), (0, 2), (3, 6)], weights: [1.0, 1.0, 1.0, 1.0, 1.0, 1.0, 1.0, 1.0, 1.0, 1.0, 1.0, 1.0], set of nodes: {0, 1, 2, 3, 4, 5, 6, 7}, n: 8 nodes, p: 2 layers, N_bayes: 500 iterations
Initial state injected as warm start
Initial state energy for vector-normalised SDP solution used as warm start: 4.127007633389745
Running ADAM optimization with a single iteration (no debug loop)
ADAM optimizer configured with maxiter=500 and learning_rate=0.05
Generated 4 random initial parameter sets for ADAM optimization
Using random initial parameters with:
Param_type 1:  [-2.1161174  -1.18162461]
Param_type 2:  [-1.64491235 -1.82757422]
Param_type 3:  [-1.65989409 -2.3260638 ]
Param_type 4:  [-2.2455729   3.13509505]
Energies observed during ADAM optimization: [3.5312359460421225, 3.5312359459981213, 3.531235945963938, 3.5312359459129103, 3.5312359460440117, 3.531235946042177, 3.5312359460421203, 3.531235946308597, 3.5312359458180844, 3.766505096065259, 3.7665050962012043, 3.7665050961330238, 3.766505096005627, 3.7665050960668727, 3.7665050960712914, 3.7665050960652606, 3.766505096198012, 3.7665050959265254, 3.9292470542746245, 3.929247054485156, 3.9292470544080076, 3.9292470542906552, 3.9292470542738123, 3.9292470542842155, 3.9292470542746245, 3.9292470543543123, 3.929247054189597, 4.088392545461733, 4.0883925456723, 4.088392545598131, 4.088392545564161, 4.088392545460675, 4.08839254547146, 4.088392545461731, 4.088392545507679, 4.088392545413262, 4.227501977940446, 4.227501978078325, 4.227501978021896, 4.227501978110518, 4.227501977940294, 4.227501977947215, 4.227501977940441, 4.22750197795762, 4.22750197792266, 4.310258864364969, 4.310258864379923, 4.310258864349873, 4.310258864566129, 4.310258864368583, 4.310258864364839, 4.310258864364964, 4.310258864354902, 4.3102588643770225, 4.315346010640247, 4.315346010542565, 4.3153460105370325, 4.315346010831709, 4.31534601064869, 4.315346010633385, 4.315346010640244, 4.315346010600985, 4.315346010682894, 4.301996159912159, 4.301996159765822, 4.30199615977541, 4.301996160065, 4.301996159922409, 4.30199615990453, 4.301996159912158, 4.3019961598453405, 4.30199615998138, 4.313219108399402, 4.313219108266584, 4.313219108280049, 4.313219108495301, 4.313219108403315, 4.313219108396039, 4.313219108399403, 4.313219108310252, 4.313219108488898, 4.333395046785761, 4.333395046703905, 4.333395046713795, 4.3333950468103195, 4.333395046777227, 4.333395046788185, 4.333395046785762, 4.333395046684695, 4.333395046887288, 4.341900466714494, 4.34190046668473, 4.341900466688773, 4.34190046666414, 4.341900466695195, 4.34190046671897, 4.341900466714489, 4.34190046661962, 4.341900466811502, 4.339245170113119, 4.339245170116086, 4.339245170114325, 4.339245169998941, 4.339245170088791, 4.339245170115983, 4.3392451701131165, 4.339245170042633, 4.339245170185647, 4.333233326073666, 4.333233326088979, 4.333233326082969, 4.33323332591581, 4.333233326050481, 4.333233326074068, 4.333233326073667, 4.333233326039017, 4.333233326108656, 4.33053000629869, 4.330530006311101, 4.330530006303417, 4.330530006118799, 4.330530006281533, 4.330530006296948, 4.330530006298686, 4.330530006303157, 4.33053000629271, 4.334352583457831, 4.334352583460479, 4.3343525834536445, 4.334352583274907, 4.334352583448839, 4.334352583454642, 4.334352583457832, 4.334352583496542, 4.334352583416883, 4.347330099110991, 4.347330099105268, 4.347330099101115, 4.347330098940902, 4.347330099109472, 4.347330099107227, 4.347330099110992, 4.347330099172135, 4.347330099048243, 4.370111909461567, 4.370111909454317, 4.3701119094539465, 4.370111909317998, 4.370111909464984, 4.3701119094582, 4.370111909461569, 4.370111909529341, 4.370111909393418, 4.3975377393984605, 4.397537739397599, 4.3975377394015105, 4.397537739293319, 4.397537739403762, 4.397537739396465, 4.397537739398456, 4.39753773945701, 4.397537739340464, 4.419702702618544, 4.419702702628591, 4.419702702636696, 4.419702702560818, 4.419702702623461, 4.419702702618677, 4.4197027026185385, 4.419702702655868, 4.419702702582344, 4.4283633249537395, 4.428363324972869, 4.42836332498464, 4.428363324947362, 4.428363324957621, 4.428363324956189, 4.428363324953744, 4.428363324964652, 4.428363324944916, 4.422639946124307, 4.422639946144825, 4.422639946159354, 4.422639946166555, 4.422639946127981, 4.422639946128461, 4.422639946124305, 4.422639946111053, 4.422639946141634, 4.408796554641327, 4.40879655465359, 4.408796554669773, 4.4087965547232555, 4.40879655464638, 4.40879655464598, 4.408796554641325, 4.408796554611524, 4.408796554678144, 4.395352786971805, 4.3953527869690765, 4.395352786985809, 4.395352787080237, 4.39535278697952, 4.395352786975707, 4.39535278697181, 4.395352786935055, 4.395352787018811, 4.388623356859915, 4.388623356841435, 4.388623356857751, 4.3886233569800055, 4.388623356870537, 4.388623356862335, 4.388623356859912, 4.388623356824785, 4.388623356907737, 4.391012751106227, 4.391012751077525, 4.391012751092617, 4.391012751223692, 4.391012751118726, 4.3910127511071915, 4.391012751106226, 4.391012751078842, 4.391012751146947, 4.400870498615493, 4.400870498586039, 4.40087049859937, 4.4008704987180955, 4.400870498627863, 4.400870498615561, 4.400870498615491, 4.400870498599374, 4.400870498643313, 4.413296642573286, 4.413296642552796, 4.413296642564124, 4.413296642651846, 4.413296642583259, 4.413296642573072, 4.413296642573284, 4.413296642569765, 4.413296642584966, 4.422665098698921, 4.422665098693689, 4.422665098703052, 4.422665098748139, 4.422665098704804, 4.4226650986987295, 4.422665098698926, 4.422665098707554, 4.422665098694096, 4.42601910647077, 4.426019106481482, 4.426019106489153, 4.426019106489671, 4.426019106472078, 4.426019106470555, 4.426019106470766, 4.426019106489798, 4.426019106451701, 4.424582922289953, 4.424582922311827, 4.424582922318199, 4.4245829222815996, 4.42458292228749, 4.424582922289493, 4.424582922289954, 4.424582922316765, 4.424582922260694, 4.421983747677648, 4.4219837477025346, 4.421983747708052, 4.421983747648024, 4.421983747673046, 4.421983747676689, 4.421983747677651, 4.421983747708926, 4.4219837476430515, 4.421067497109802, 4.421067497129341, 4.421067497134367, 4.4210674970664705, 4.421067497104825, 4.421067497108194, 4.421067497109807, 4.421067497141487, 4.421067497075059, 4.422226238576388, 4.422226238584553, 4.422226238589471, 4.422226238527251, 4.422226238572282, 4.422226238574039, 4.422226238576385, 4.422226238603737, 4.422226238546773, 4.4240552194536376, 4.424055219448445, 4.42405521945353, 4.424055219405874, 4.424055219450702, 4.42405521945056, 4.424055219453634, 4.424055219471729, 4.4240552194340985, 4.425053273646169, 4.425053273629909, 4.425053273635421, 4.425053273605371, 4.4250532736437345, 4.425053273642452, 4.425053273646166, 4.425053273651009, 4.425053273640375, 4.4247987787674505, 4.424798778745339, 4.4247987787514, 4.424798778736873, 4.4247987787642264, 4.424798778763301, 4.424798778767447, 4.42479877875725, 4.424798778776674, 4.4240767783444355, 4.424076778322129, 4.424076778328699, 4.424076778324921, 4.424076778339318, 4.4240767783401145, 4.424076778344436, 4.424076778320719, 4.424076778366766, 4.4243120087662025, 4.4243120087475525, 4.424312008754434, 4.424312008756601, 4.424312008758957, 4.424312008761953, 4.424312008766202, 4.424312008733848, 4.424312008796559, 4.426577298766486, 4.426577298752804, 4.4265772987596685, 4.426577298764401, 4.426577298758071, 4.426577298762511, 4.426577298766483, 4.426577298732714, 4.426577298797715, 4.430575969196469, 4.430575969187306, 4.430575969193768, 4.430575969199094, 4.430575969188678, 4.4305759691929785, 4.430575969196468, 4.4305759691689355, 4.430575969221304, 4.434565228160994, 4.434565228155498, 4.434565228161269, 4.434565228165778, 4.434565228155778, 4.434565228158213, 4.434565228160991, 4.434565228145687, 4.434565228174146, 4.436607701200076, 4.436607701197985, 4.436607701202892, 4.436607701205225, 4.436607701198743, 4.43660770119821, 4.436607701200069, 4.436607701199745, 4.4366077011996365, 4.436114739934449, 4.4361147399362295, 4.436114739940281, 4.436114739939301, 4.436114739937281, 4.436114739933607, 4.436114739934449, 4.436114739947993, 4.436114739922152, 4.4342417413845325, 4.43424174139084, 4.434241741394145, 4.434241741389605, 4.434241741390757, 4.434241741384656, 4.434241741384536, 4.43424174140763, 4.434241741364763, 4.43284885240364, 4.432848852414286, 4.4328488524170915, 4.43284885241023, 4.432848852411822, 4.432848852404504, 4.432848852403638, 4.4328488524302925, 4.432848852381777, 4.433109589756278, 4.433109589769579, 4.433109589772116, 4.433109589765786, 4.4331095897648005, 4.433109589757425, 4.433109589756279, 4.433109589780601, 4.4331095897371755, 4.434897131058981, 4.434897131071779, 4.434897131074353, 4.434897131072241, 4.434897131066438, 4.434897131059902, 4.434897131058982, 4.434897131076532, 4.434897131046087, 4.4371356601182095, 4.437135660126894, 4.437135660129695, 4.4371356601349685, 4.437135660123586, 4.43713566011842, 4.4371356601182095, 4.437135660126645, 4.43713566011319, 4.438676620648335, 4.438676620650173, 4.438676620653317, 4.4386766206670885, 4.438676620651099, 4.438676620647563, 4.438676620648333, 4.438676620647414, 4.438676620651132, 4.43910577739763, 4.439105777392087, 4.439105777395494, 4.4391057774158575, 4.439105777397697, 4.439105777395933, 4.43910577739763, 4.439105777388976, 4.439105777406704, 4.4389064956911195, 4.438906495679998, 4.438906495683468, 4.438906495705748, 4.438906495688775, 4.438906495688769, 4.4389064956911195, 4.4389064956775535, 4.438906495703891, 4.438869380204602, 4.4388693801914325, 4.438869380194681, 4.438869380212785, 4.438869380200439, 4.438869380202003, 4.4388693802046, 4.438869380189517, 4.4388693802180175, 4.439347719541615, 4.439347719530252, 4.439347719533048, 4.439347719541412, 4.439347719536475, 4.439347719539137, 4.439347719541614, 4.439347719528263, 4.439347719552771, 4.440067535011433, 4.440067535004767, 4.440067535006952, 4.440067535002378, 4.440067535006348, 4.440067535009316, 4.440067535011439, 4.440067535002439, 4.44006753501812, 4.440562332041161, 4.440562332040289, 4.440562332041844, 4.440562332024446, 4.440562332037139, 4.440562332039515, 4.440562332041159, 4.44056233203804, 4.440562332042249, 4.440701705860495, 4.4407017058646, 4.440701705865597, 4.440701705838822, 4.440701705858249, 4.440701705859281, 4.440701705860501, 4.440701705863454, 4.440701705856172, 4.440792440942698, 4.440792440949665, 4.440792440950187, 4.440792440919742, 4.440792440942465, 4.440792440941759, 4.440792440942697, 4.440792440950564, 4.440792440934378, 4.441221595961211, 4.44122159596849, 4.441221595968658, 4.441221595940917, 4.441221595962673, 4.441221595960338, 4.441221595961215, 4.4412215959716965, 4.441221595951191, 4.442049507019656, 4.4420495070252, 4.442049507025152, 4.442049507005484, 4.4420495070220785, 4.442049507018634, 4.442049507019657, 4.4420495070298545, 4.4420495070105535, 4.442944984801055, 4.442944984803861, 4.442944984803721, 4.442944984795295, 4.442944984803527, 4.4429449847997775, 4.44294498480106, 4.4429449848081815, 4.442944984795187, 4.4434947667443145, 4.443494766744479, 4.443494766744317, 4.44349476674761, 4.443494766746027, 4.443494766742758, 4.44349476674432, 4.443494766746527, 4.4434947667430915, 4.443586933746819, 4.443586933745207, 4.443586933745067, 4.443586933758053, 4.44358693374733, 4.443586933745064, 4.443586933746826, 4.443586933743753, 4.443586933750338, 4.44351274207638, 4.443512742074132, 4.443512742073953, 4.443512742092941, 4.443512742075716, 4.443512742074542, 4.443512742076383, 4.443512742069306, 4.443512742083359, 4.443694242390645, 4.443694242388746, 4.443694242388415, 4.4436942424090375, 4.443694242389238, 4.443694242388804, 4.443694242390648, 4.443694242382031, 4.443694242398778, 4.444300219237323, 4.444300219236375, 4.444300219235796, 4.444300219254, 4.444300219235771, 4.444300219235536, 4.444300219237324, 4.444300219230009, 4.444300219243998, 4.445123815640759, 4.445123815641101, 4.445123815640214, 4.445123815652845, 4.445123815639587, 4.445123815639037, 4.44512381564076, 4.44512381563704, 4.445123815643898, 4.4458240869076775, 4.4458240869093935, 4.445824086908229, 4.445824086913561, 4.44582408690711, 4.445824086906001, 4.445824086907672, 4.445824086908569, 4.44582408690638, 4.44626027338024, 4.446260273383306, 4.446260273381979, 4.446260273379771, 4.4462602733801795, 4.4462602733786065, 4.44626027338024, 4.44626027338521, 4.4462602733749765, 4.446579048724112, 4.446579048728314, 4.4465790487269645, 4.44657904871849, 4.446579048724176, 4.446579048722524, 4.4465790487241135, 4.446579048731407, 4.446579048716491, 4.447015701744011, 4.447015701748829, 4.447015701747616, 4.447015701735301, 4.4470157017436565, 4.447015701742433, 4.447015701744013, 4.447015701751295, 4.447015701736123, 4.447662606450254, 4.447662606454928, 4.4476626064539575, 4.447662606440839, 4.447662606449002, 4.447662606448659, 4.447662606450259, 4.4476626064554265, 4.447662606443945, 4.448438394658419, 4.448438394662157, 4.448438394661512, 4.448438394650387, 4.448438394656012, 4.448438394656751, 4.448438394658412, 4.448438394660279, 4.448438394654803, 4.449240208598538, 4.449240208600865, 4.449240208600546, 4.449240208593289, 4.44924020859504, 4.449240208596742, 4.449240208598542, 4.449240208597007, 4.449240208597707, 4.450076354191507, 4.450076354192563, 4.450076354192523, 4.450076354189509, 4.4500763541873285, 4.450076354189514, 4.450076354191506, 4.450076354187527, 4.450076354192716, 4.451039921182353, 4.4510399211828595, 4.451039921183, 4.45103992118332, 4.451039921178144, 4.451039921180124, 4.451039921182354, 4.451039921177504, 4.4510399211843374, 4.452184655659509, 4.452184655660386, 4.452184655660555, 4.4521846556626, 4.452184655655887, 4.4521846556570095, 4.452184655659505, 4.452184655655506, 4.452184655660904, 4.45347602818712, 4.4534760281890025, 4.453476028189092, 4.453476028191349, 4.453476028184434, 4.453476028184345, 4.453476028187121, 4.453476028185294, 4.453476028186787, 4.454862610701866, 4.454862610704911, 4.454862610704851, 4.454862610706463, 4.454862610700072, 4.454862610698883, 4.454862610701864, 4.454862610702832, 4.454862610699134, 4.456351668742539, 4.456351668746408, 4.456351668746189, 4.456351668747097, 4.456351668741237, 4.456351668739499, 4.456351668742534, 4.456351668746051, 4.456351668737307, 4.457983530555854, 4.457983530560031, 4.45798353055972, 4.457983530560357, 4.457983530554397, 4.457983530553018, 4.457983530555853, 4.457983530560907, 4.4579835305485584, 4.459738469833674, 4.459738469837785, 4.4597384698374585, 4.459738469838343, 4.459738469831486, 4.4597384698314375, 4.459738469833669, 4.459738469838908, 4.459738469825187, 4.461489430210328, 4.461489430214188, 4.461489430213921, 4.461489430215423, 4.461489430207089, 4.461489430209113, 4.461489430210327, 4.461489430214563, 4.461489430201571, 4.4630644687957854, 4.463064468799261, 4.463064468799157, 4.463064468801377, 4.463064468791579, 4.463064468795953, 4.46306446879579, 4.463064468798484, 4.463064468787396, 4.464360163360827, 4.464360163363725, 4.464360163363765, 4.464360163366759, 4.464360163356175, 4.464360163362555, 4.464360163360824, 4.464360163362334, 4.464360163352971, 4.465400337296166, 4.465400337298152, 4.465400337298362, 4.465400337302043, 4.4654003372919755, 4.4654003372992594, 4.4654003372961615, 4.46540033729756, 4.465400337288686, 4.466259233610979, 4.466259233611764, 4.466259233612204, 4.466259233616233, 4.466259233608335, 4.466259233614805, 4.466259233610978, 4.466259233613487, 4.466259233603857, 4.466894567584633, 4.466894567584224, 4.466894567584901, 4.46689456758866, 4.466894567584505, 4.4668945675881435, 4.466894567584634, 4.466894567588987, 4.4668945675784775, 4.467111532232473, 4.467111532231199, 4.467111532232147, 4.467111532234821, 4.467111532235273, 4.467111532234619, 4.467111532232473, 4.467111532238294, 4.467111532228681, 4.4668107641375645, 4.4668107641358485, 4.466810764137109, 4.46681076413812, 4.466810764142736, 4.466810764137816, 4.46681076413757, 4.4668107641432355, 4.466810764137811, 4.466204475727607, 4.466204475725723, 4.466204475727283, 4.466204475726651, 4.466204475733642, 4.466204475726297, 4.46620447572761, 4.466204475730825, 4.466204475732862, 4.465620186521419, 4.465620186519069, 4.465620186520905, 4.465620186519395, 4.4656201865263885, 4.465620186519615, 4.465620186521426, 4.465620186520363, 4.46562018653127, 4.465176522880176, 4.465176522876498, 4.4651765228785445, 4.465176522877358, 4.465176522882684, 4.465176522879029, 4.465176522880178, 4.465176522874519, 4.465176522892806, 4.464871460399024, 4.464871460393289, 4.464871460395419, 4.464871460395296, 4.464871460398946, 4.464871460399205, 4.464871460399026, 4.4648714603902775, 4.464871460412008, 4.46483823293387, 4.464838232926379, 4.4648382329285035, 4.464838232928744, 4.464838232932282, 4.464838232935249, 4.4648382329338725, 4.464838232924586, 4.464838232945165, 4.4652180490899775, 4.465218049082475, 4.465218049084454, 4.465218049082984, 4.4652180490885485, 4.465218049091889, 4.465218049089973, 4.465218049082631, 4.465218049098595, 4.465851657274878, 4.465851657269608, 4.465851657271353, 4.465851657266043, 4.465851657275004, 4.465851657276582, 4.465851657274874, 4.465851657271016, 4.465851657280827, 4.46640340328411, 4.466403403282279, 4.466403403283759, 4.466403403274195, 4.466403403286281, 4.466403403285153, 4.46640340328411, 4.466403403284073, 4.466403403287789, 4.466776436689011, 4.466776436689876, 4.466776436691138, 4.466776436679532, 4.466776436692676, 4.46677643668941, 4.466776436689012, 4.4667764366920775, 4.46677643669066, 4.467122589122296, 4.4671225891237825, 4.467122589124848, 4.467122589115039, 4.467122589126219, 4.467122589122361, 4.46712258912229, 4.467122589126963, 4.467122589122067, 4.467475019397694, 4.467475019397989, 4.46747501939894, 4.467475019394197, 4.46747501940051, 4.467475019397803, 4.4674750193976935, 4.467475019402064, 4.467475019396082, 4.467665501633212, 4.46766550163194, 4.467665501632829, 4.467665501634194, 4.467665501634087, 4.4676655016335935, 4.46766550163321, 4.467665501635604, 4.467665501631267, 4.467597510428071, 4.467597510426248, 4.467597510427092, 4.467597510433136, 4.467597510426993, 4.4675975104286945, 4.467597510428078, 4.467597510427652, 4.467597510426948, 4.467390301213788, 4.46739030121271, 4.467390301213474, 4.467390301221549, 4.467390301211457, 4.467390301214391, 4.467390301213791, 4.467390301211059, 4.467390301213894, 4.467232194767516, 4.467232194767647, 4.467232194768293, 4.467232194776021, 4.467232194764956, 4.467232194767741, 4.467232194767516, 4.467232194764168, 4.4672321947681235, 4.467178139355951, 4.4671781393568235, 4.467178139357309, 4.4671781393633285, 4.467178139354051, 4.467178139355545, 4.467178139355951, 4.4671781393539955, 4.467178139355676, 4.467145772217034, 4.4671457722180365, 4.46714577221836, 4.467145772221989, 4.467145772216184, 4.467145772215945, 4.467145772217036, 4.467145772217656, 4.467145772214884, 4.467092689122885, 4.467092689123968, 4.467092689124159, 4.467092689124982, 4.467092689122921, 4.467092689121353, 4.467092689122891, 4.467092689125847, 4.467092689118931, 4.467084329590766, 4.467084329592377, 4.467084329592516, 4.46708432959044, 4.467084329591097, 4.46708432958922, 4.4670843295907625, 4.467084329594634, 4.467084329586065, 4.467165396611723, 4.467165396614029, 4.467165396614172, 4.467165396609937, 4.467165396611632, 4.467165396610586, 4.4671653966117235, 4.467165396614807, 4.467165396607411, 4.467290193409384, 4.467290193411738, 4.4672901934119755, 4.467290193407235, 4.46729019340838, 4.467290193408893, 4.467290193409389, 4.467290193410726, 4.467290193406008, 4.467403541235179, 4.467403541236571, 4.467403541236912, 4.467403541233505, 4.467403541233252, 4.467403541235312, 4.467403541235181, 4.467403541234869, 4.467403541232601, 4.467508318226306, 4.467508318226262, 4.4675083182267095, 4.467508318225537, 4.467508318223924, 4.46750831822681, 4.467508318226305, 4.46750831822512, 4.467508318224204, 4.4676304060813035, 4.467630406080376, 4.467630406080879, 4.467630406081438, 4.467630406079241, 4.467630406081815, 4.467630406081299, 4.467630406080127, 4.4676304060796594, 4.4677429075032595, 4.467742907502507, 4.4677429075030215, 4.467742907504058, 4.467742907502231, 4.467742907503498, 4.467742907503262, 4.467742907502731, 4.467742907502336, 4.467781958287592, 4.467781958287569, 4.467781958288092, 4.467781958288754, 4.467781958287903, 4.467781958287401, 4.467781958287585, 4.46778195828798, 4.467781958287551, 4.46774597875419, 4.46774597875457, 4.467745978755104, 4.467745978755528, 4.46774597875559, 4.467745978753669, 4.467745978754192, 4.467745978755337, 4.467745978754887, 4.467701848505768, 4.467701848505749, 4.467701848506333, 4.467701848507177, 4.467701848507623, 4.467701848505226, 4.467701848505763, 4.467701848507143, 4.467701848506894, 4.467685575050302, 4.4676855750494235, 4.467685575050078, 4.467685575051663, 4.467685575051856, 4.467685575050106, 4.467685575050304, 4.467685575051142, 4.467685575051709, 4.467672388130205, 4.467672388128644, 4.467672388129371, 4.467672388131246, 4.467672388130999, 4.467672388130547, 4.467672388130198, 4.467672388129915, 4.4676723881319536, 4.467647060503098, 4.4676470605014, 4.467647060502179, 4.467647060503439, 4.467647060503145, 4.4676470605039125, 4.467647060503101, 4.467647060501656, 4.467647060505255, 4.46763651551722, 4.467636515515753, 4.467636515516552, 4.46763651551646, 4.4676365155169, 4.467636515518179, 4.467636515517224, 4.467636515515246, 4.467636515519535, 4.467658787890188, 4.467658787888963, 4.467658787889738, 4.467658787888161, 4.467658787890016, 4.467658787890909, 4.46765878789018, 4.467658787888581, 4.467658787892206, 4.467692136626126, 4.4676921366250495, 4.467692136625746, 4.467692136623039, 4.467692136626426, 4.467692136626357, 4.467692136626124, 4.467692136625516, 4.467692136627507, 4.4677180998065165, 4.467718099805701, 4.467718099806311, 4.467718099802968, 4.467718099807296, 4.4677180998063015, 4.46771809980652, 4.467718099806882, 4.467718099807296, 4.467748819204293, 4.467748819203904, 4.46774881920442, 4.4677488192011054, 4.467748819205227, 4.467748819203887, 4.467748819204295, 4.467748819205029, 4.467748819204801, 4.467789116251841, 4.467789116251804, 4.467789116252221, 4.467789116249772, 4.467789116252522, 4.467789116251532, 4.467789116251839, 4.46778911625231, 4.467789116252295, 4.467817089010101, 4.467817089010072, 4.467817089010404, 4.467817089009588, 4.467817089010254, 4.467817089010076, 4.467817089010102, 4.467817089010002, 4.467817089010499, 4.467816944763183, 4.467816944762878, 4.467816944763124, 4.467816944764191, 4.467816944762817, 4.467816944763428, 4.467816944763189, 4.467816944762642, 4.467816944763356, 4.467802232560636, 4.467802232560142, 4.4678022325602935, 4.467802232562721, 4.467802232560016, 4.46780223256098, 4.467802232560639, 4.4678022325600315, 4.467802232560466, 4.467792530276667, 4.467792530276429, 4.467792530276473, 4.467792530279136, 4.467792530276132, 4.467792530276925, 4.467792530276668, 4.467792530276375, 4.467792530276202, 4.467787821346895, 4.46778782134723, 4.467787821347205, 4.467787821349099, 4.467787821346685, 4.467787821346909, 4.4677878213468984, 4.4677878213471285, 4.46778782134622, 4.467781176848653, 4.467781176849459, 4.467781176849354, 4.467781176850174, 4.4677811768487565, 4.467781176848418, 4.467781176848648, 4.46778117684941, 4.467781176847755, 4.467777106528146, 4.467777106528995, 4.4677771065288825, 4.467777106528862, 4.467777106528363, 4.467777106527732, 4.467777106528146, 4.467777106529185, 4.467777106527028, 4.4677815678172506, 4.467781567817827, 4.467781567817732, 4.467781567817301, 4.467781567817286, 4.467781567816835, 4.467781567817253, 4.467781567818157, 4.467781567816038, 4.467790087874122, 4.467790087874418, 4.467790087874366, 4.467790087873781, 4.467790087873791, 4.467790087873849, 4.467790087874122, 4.467790087874489, 4.467790087873067, 4.4677966585566855, 4.467796658556884, 4.467796658556884, 4.467796658556189, 4.467796658556021, 4.467796658556614, 4.467796658556687, 4.467796658556402, 4.467796658555993, 4.467804025642868, 4.46780402564304, 4.467804025643074, 4.467804025642377, 4.467804025642086, 4.467804025642935, 4.467804025642865, 4.46780402564223, 4.467804025642497, 4.467815811711973, 4.467815811712044, 4.467815811712094, 4.46781581171157, 4.467815811711372, 4.467815811712054, 4.467815811711976, 4.4678158117114535, 4.467815811711712, 4.467825956920177, 4.467825956920138, 4.467825956920174, 4.467825956919926, 4.467825956919975, 4.46782595692018, 4.467825956920179, 4.4678259569201435, 4.467825956919887, 4.4678276190277915, 4.467827619027751, 4.467827619027797, 4.467827619027742, 4.4678276190280215, 4.467827619027705, 4.467827619027797, 4.467827619028218, 4.467827619027556, 4.467823733870472, 4.46782373387053, 4.467823733870583, 4.467823733870672, 4.467823733870968, 4.4678237338703655, 4.467823733870479, 4.467823733871042, 4.46782373387047, 4.46782041671506, 4.467820416715147, 4.467820416715213, 4.467820416715506, 4.467820416715562, 4.467820416715036, 4.467820416715062, 4.467820416715426, 4.46782041671538, 4.467818246993474, 4.467818246993345, 4.467818246993439, 4.467818246994065, 4.467818246993791, 4.46781824699358, 4.467818246993471, 4.467818246993464, 4.467818246994018, 4.467815651119887, 4.467815651119429, 4.467815651119568, 4.467815651120402, 4.4678156511199525, 4.467815651120095, 4.467815651119887, 4.467815651119518, 4.467815651120528, 4.467814502541589, 4.467814502540974, 4.467814502541141, 4.467814502541806, 4.467814502541525, 4.467814502541814, 4.467814502541592, 4.46781450254106, 4.467814502542251, 4.467816376120868, 4.467816376120395, 4.467816376120545, 4.4678163761206084, 4.467816376120837, 4.467816376121022, 4.467816376120869, 4.467816376120379, 4.467816376121518, 4.467818837674077, 4.467818837673881, 4.467818837674004, 4.467818837673335, 4.467818837674181, 4.467818837674107, 4.467818837674072, 4.467818837673812, 4.467818837674636, 4.467820434258337, 4.467820434258306, 4.467820434258413, 4.467820434257283, 4.467820434258583, 4.467820434258267, 4.467820434258338, 4.46782043425837, 4.4678204342587025, 4.467822945190998, 4.46782294519095, 4.467822945191025, 4.467822945189946, 4.467822945191269, 4.4678229451908935, 4.4678229451909965, 4.4678229451912195, 4.467822945191121, 4.467826632252957, 4.467826632252861, 4.467826632252889, 4.46782663225221, 4.467826632253106, 4.467826632252903, 4.467826632252951, 4.46782663225315, 4.46782663225294, 4.467828804364561, 4.46782880436452, 4.4678288043645304, 4.4678288043642995, 4.467828804364533, 4.467828804364621, 4.467828804364558, 4.467828804364538, 4.467828804364549, 4.467828319414284, 4.467828319414317, 4.467828319414295, 4.467828319414514, 4.467828319414109, 4.467828319414407, 4.467828319414289, 4.467828319414072, 4.467828319414301, 4.467827121518079, 4.467827121518123, 4.467827121518071, 4.467827121518669, 4.467827121517886, 4.467827121518194, 4.467827121518078, 4.467827121517891, 4.467827121518037, 4.467826254054993, 4.467826254055027, 4.46782625405495, 4.467826254055714, 4.467826254054899, 4.467826254055015, 4.467826254055, 4.467826254055005, 4.467826254054817, 4.4678252011182815, 4.467825201118399, 4.467825201118293, 4.467825201118913, 4.467825201118295, 4.467825201118192, 4.467825201118283, 4.467825201118489, 4.467825201118013, 4.467824459589884, 4.467824459590135, 4.467824459590019, 4.467824459590327, 4.467824459589966, 4.467824459589737, 4.467824459589884, 4.467824459590168, 4.467824459589606, 4.467824875535082, 4.467824875535394, 4.467824875535283, 4.46782487553531, 4.467824875535121, 4.467824875534942, 4.467824875535077, 4.4678248755353, 4.467824875534838, 4.467825841953162, 4.467825841953364, 4.467825841953286, 4.467825841953206, 4.467825841953071, 4.4678258419530845, 4.467825841953163, 4.467825841953231, 4.467825841952914, 4.467826348587047, 4.467826348587092, 4.467826348587029, 4.467826348586958, 4.467826348586837, 4.4678263485870495, 4.467826348587043, 4.467826348586983, 4.467826348586791, 4.467826913163372, 4.467826913163362, 4.467826913163294, 4.467826913163193, 4.467826913163133, 4.46782691316341, 4.467826913163371, 4.467826913163253, 4.467826913163155, 4.46782802376601, 4.467828023766079, 4.467828023766033, 4.467828023765789, 4.467828023765842, 4.46782802376605, 4.4678280237660015, 4.467828023765919, 4.467828023765876, 4.4678288745420645, 4.467828874542207, 4.467828874542159, 4.467828874541848, 4.467828874542048, 4.467828874542061, 4.467828874542066, 4.4678288745420875, 4.467828874541999, 4.467828899347493, 4.467828899347568, 4.467828899347543, 4.467828899347362, 4.46782889934759, 4.467828899347449, 4.467828899347491, 4.4678288993476425, 4.467828899347458, 4.467828552365091, 4.4678285523650745, 4.467828552365054, 4.467828552365111, 4.467828552365252, 4.46782855236505, 4.467828552365096, 4.467828552365268, 4.467828552365103, 4.467828242892438, 4.467828242892364, 4.467828242892358, 4.467828242892599, 4.467828242892547, 4.4678282428924385, 4.467828242892437, 4.467828242892488, 4.467828242892561, 4.467827805160878, 4.467827805160809, 4.467827805160813, 4.467827805161118, 4.467827805160917, 4.467827805160923, 4.467827805160878, 4.467827805160743, 4.46782780516113, 4.467827521312342, 4.467827521312235, 4.467827521312249, 4.467827521312543, 4.467827521312331, 4.467827521312417, 4.467827521312344, 4.467827521312128, 4.467827521312631, 4.467827731808168, 4.467827731808025, 4.467827731808044, 4.467827731808226, 4.467827731808172, 4.467827731808223, 4.4678277318081685, 4.467827731808009, 4.467827731808391, 4.467828077327608, 4.4678280773274865, 4.467828077327503, 4.467828077327475, 4.467828077327655, 4.467828077327632, 4.467828077327601, 4.467828077327573, 4.467828077327747, 4.467828257331102, 4.467828257331082, 4.467828257331081, 4.467828257330802, 4.467828257331189, 4.467828257331093, 4.467828257331106, 4.467828257331154, 4.467828257331178, 4.4678284672073065, 4.467828467207366, 4.467828467207361, 4.467828467206959, 4.467828467207396, 4.467828467207288, 4.467828467207309, 4.467828467207381, 4.467828467207354, 4.467828840991605, 4.467828840991636, 4.467828840991627, 4.467828840991316, 4.467828840991649, 4.467828840991607, 4.467828840991607, 4.467828840991642, 4.4678288409916185, 4.467829077038402, 4.46782907703836, 4.4678290770383535, 4.467829077038261, 4.467829077038375, 4.467829077038424, 4.467829077038403, 4.4678290770383855, 4.4678290770383855, 4.467829069059123, 4.467829069059084, 4.467829069059062, 4.467829069059158, 4.467829069059048, 4.467829069059154, 4.467829069059117, 4.467829069059043, 4.467829069059116, 4.467828989292464, 4.467828989292488, 4.467828989292446, 4.467828989292617, 4.467828989292405, 4.467828989292473, 4.467828989292457, 4.467828989292386, 4.46782898929246, 4.467828852495463, 4.4678288524955345, 4.467828852495496, 4.467828852495676, 4.467828852495446, 4.467828852495455, 4.467828852495464, 4.467828852495454, 4.467828852495448, 4.467828677398845, 4.467828677398912, 4.467828677398865, 4.467828677399043, 4.467828677398862, 4.467828677398797, 4.467828677398839, 4.467828677398919, 4.467828677398779, 4.467828627687578, 4.467828627687636, 4.467828627687597, 4.467828627687735, 4.467828627687605, 4.467828627687514, 4.467828627687576, 4.467828627687689, 4.467828627687455, 4.467828758438173, 4.467828758438254, 4.467828758438208, 4.467828758438272, 4.467828758438161, 4.46782875843815, 4.467828758438172, 4.46782875843824, 4.467828758438064, 4.467828853662602, 4.467828853662677, 4.467828853662643, 4.46782885366264, 4.46782885366255, 4.4678288536626125, 4.4678288536626, 4.467828853662601, 4.467828853662504, 4.467828924028046, 4.46782892402809, 4.467828924028059, 4.467828924028026, 4.46782892402797, 4.467828924028078, 4.467828924028047, 4.467828924028023, 4.467828924027962, 4.467829061067739, 4.467829061067741, 4.467829061067727, 4.4678290610676745, 4.467829061067682, 4.4678290610677545, 4.467829061067739, 4.467829061067729, 4.46782906106766, 4.467829169678743, 4.467829169678747, 4.467829169678739, 4.46782916967864, 4.467829169678729, 4.467829169678733, 4.467829169678743, 4.46782916967876, 4.467829169678696, 4.467829174809539, 4.467829174809574, 4.467829174809564, 4.467829174809449, 4.467829174809567, 4.467829174809512, 4.4678291748095385, 4.4678291748095615, 4.4678291748095464, 4.467829146975281, 4.46782914697531, 4.4678291469753075, 4.467829146975254, 4.4678291469753235, 4.467829146975257, 4.4678291469752835, 4.467829146975293, 4.467829146975337, 4.467829110872878, 4.467829110872836, 4.467829110872835, 4.467829110872907, 4.467829110872911, 4.4678291108728745, 4.467829110872873, 4.467829110872874, 4.467829110872944, 4.46782904659909, 4.467829046599012, 4.467829046599014, 4.467829046599168, 4.4678290465990935, 4.4678290465991015, 4.467829046599087, 4.467829046599049, 4.4678290465991575, 4.467829013772854, 4.467829013772823, 4.4678290137728265, 4.467829013772927, 4.467829013772855, 4.467829013772895, 4.467829013772854, 4.467829013772781, 4.467829013772947, 4.46782905788697, 4.467829057886954, 4.467829057886965, 4.467829057886991, 4.467829057886991, 4.467829057887005, 4.46782905788697, 4.46782905788694, 4.467829057887046, 4.467829112606271, 4.46782911260626, 4.467829112606249, 4.467829112606218, 4.467829112606301, 4.4678291126062755, 4.467829112606268, 4.467829112606278, 4.467829112606303, 4.467829138161254, 4.467829138161235, 4.467829138161238, 4.467829138161151, 4.46782913816129, 4.467829138161247, 4.467829138161252, 4.4678291381613, 4.467829138161257, 4.467829179351806, 4.467829179351813, 4.4678291793518214, 4.4678291793517015, 4.467829179351834, 4.467829179351796, 4.467829179351813, 4.467829179351837, 4.467829179351819, 4.467829212882335, 4.467829212882337, 4.467829212882336, 4.467829212882263, 4.467829212882326, 4.467829212882328, 4.467829212882332, 4.467829212882304, 4.467829212882351, 4.467829208987539, 4.467829208987534, 4.467829208987531, 4.467829208987519, 4.467829208987506, 4.467829208987548, 4.467829208987538, 4.467829208987494, 4.467829208987554, 4.467829202458797, 4.467829202458777, 4.467829202458777, 4.46782920245883, 4.467829202458758, 4.467829202458809, 4.467829202458793, 4.4678292024587645, 4.467829202458782, 4.467829197413388, 4.467829197413398, 4.467829197413392, 4.467829197413443, 4.467829197413385, 4.467829197413383, 4.467829197413394, 4.467829197413397, 4.467829197413368, 4.467829167244049, 4.467829167244086, 4.467829167244063, 4.467829167244109, 4.467829167244058, 4.467829167244042, 4.467829167244048, 4.467829167244088, 4.467829167244015, 4.46782915058498, 4.467829150585023, 4.467829150585005, 4.467829150585038, 4.467829150585003, 4.467829150584968, 4.467829150584981, 4.467829150585032, 4.467829150584937, 4.4678291701763175, 4.467829170176344, 4.467829170176328, 4.4678291701763655, 4.467829170176319, 4.467829170176296, 4.467829170176313, 4.467829170176342, 4.467829170176286, 4.467829186420481, 4.467829186420485, 4.4678291864204835, 4.4678291864205075, 4.467829186420463, 4.467829186420483, 4.467829186420479, 4.467829186420476, 4.467829186420457, 4.4678291862055355, 4.467829186205542, 4.467829186205537, 4.467829186205543, 4.467829186205492, 4.467829186205547, 4.467829186205533, 4.467829186205508, 4.467829186205516, 4.4678292108664595, 4.467829210866461, 4.467829210866466, 4.4678292108664515, 4.467829210866438, 4.467829210866471, 4.467829210866467, 4.467829210866437, 4.467829210866448, 4.467829226230706, 4.467829226230689, 4.4678292262307, 4.46782922623066, 4.467829226230702, 4.467829226230706, 4.46782922623071, 4.467829226230723, 4.467829226230681, 4.467829217270516, 4.467829217270529, 4.467829217270528, 4.467829217270474, 4.46782921727054, 4.467829217270495, 4.467829217270514, 4.467829217270548, 4.467829217270507, 4.467829221912504, 4.467829221912526, 4.467829221912528, 4.467829221912478, 4.467829221912521, 4.46782922191249, 4.46782922191251, 4.467829221912515, 4.4678292219125195, 4.467829224531537, 4.467829224531523, 4.467829224531537, 4.467829224531538, 4.467829224531544, 4.467829224531535, 4.467829224531542, 4.467829224531523, 4.4678292245315685, 4.467829202593822, 4.467829202593771, 4.467829202593788, 4.467829202593857, 4.467829202593804, 4.467829202593829, 4.467829202593818, 4.467829202593791, 4.46782920259384, 4.467829190354037, 4.467829190354017, 4.467829190354032, 4.467829190354076, 4.467829190354032, 4.467829190354065, 4.467829190354039, 4.467829190354019, 4.467829190354056, 4.467829203387627, 4.467829203387634, 4.467829203387643, 4.467829203387642, 4.467829203387637, 4.467829203387647, 4.467829203387628, 4.467829203387622, 4.467829203387647, 4.467829208135439, 4.4678292081354245, 4.467829208135438, 4.4678292081354245, 4.467829208135471, 4.467829208135438, 4.4678292081354405, 4.4678292081354725, 4.467829208135438, 4.467829211047125, 4.4678292110471025, 4.467829211047106, 4.467829211047083, 4.467829211047151, 4.467829211047105, 4.467829211047123, 4.467829211047153, 4.467829211047121, 4.467829224246469, 4.467829224246475, 4.46782922424649, 4.4678292242464375, 4.467829224246464, 4.467829224246467, 4.4678292242464686, 4.4678292242464455, 4.467829224246497, 4.46782922502053, 4.467829225020539, 4.467829225020547, 4.467829225020506, 4.467829225020516, 4.467829225020526, 4.467829225020531, 4.467829225020496, 4.467829225020568, 4.467829226043211, 4.467829226043177, 4.467829226043168, 4.4678292260432055, 4.4678292260431975, 4.4678292260432135, 4.467829226043215, 4.467829226043186, 4.467829226043213, 4.467829229719479, 4.467829229719467, 4.467829229719464, 4.467829229719486, 4.467829229719459, 4.467829229719487, 4.467829229719477, 4.467829229719473, 4.467829229719457, 4.467829224472168, 4.467829224472201, 4.467829224472207, 4.4678292244721804, 4.467829224472174, 4.4678292244721645, 4.467829224472165, 4.4678292244721876, 4.467829224472152, 4.467829216104574, 4.467829216104616, 4.467829216104597, 4.467829216104597, 4.467829216104595, 4.467829216104572, 4.467829216104573, 4.467829216104617, 4.467829216104541, 4.467829224160153, 4.467829224160143, 4.467829224160145, 4.467829224160182, 4.467829224160157, 4.467829224160144, 4.467829224160154, 4.46782922416018, 4.4678292241601225, 4.4678292275608795, 4.46782922756088, 4.467829227560876, 4.4678292275609035, 4.467829227560858, 4.467829227560885, 4.467829227560875, 4.467829227560865, 4.46782922756087, 4.467829230168424, 4.46782923016843, 4.467829230168426, 4.4678292301684355, 4.467829230168405, 4.467829230168431, 4.467829230168431, 4.467829230168399, 4.467829230168428, 4.467829235769006, 4.467829235769013, 4.4678292357690035, 4.4678292357689955, 4.467829235769003, 4.467829235768997, 4.467829235769008, 4.4678292357689955, 4.467829235769014, 4.467829234098508, 4.4678292340985, 4.467829234098507, 4.4678292340985, 4.467829234098511, 4.467829234098502, 4.467829234098503, 4.467829234098521, 4.4678292340985015, 4.46782923073529, 4.467829230735285, 4.4678292307352985, 4.467829230735268, 4.467829230735305, 4.467829230735291, 4.4678292307352825, 4.467829230735314, 4.467829230735287, 4.4678292315335995, 4.4678292315336074, 4.4678292315336074, 4.467829231533583, 4.467829231533606, 4.4678292315336, 4.467829231533604, 4.467829231533602, 4.4678292315336074, 4.4678292305661955, 4.46782923056619, 4.46782923056619, 4.467829230566196, 4.467829230566199, 4.467829230566206, 4.467829230566194, 4.4678292305661875, 4.467829230566206, 4.4678292287862265, 4.467829228786202, 4.467829228786207, 4.467829228786229, 4.467829228786222, 4.4678292287862265, 4.467829228786227, 4.467829228786213, 4.467829228786238, 4.467829230437332, 4.46782923043732, 4.4678292304373235, 4.4678292304373395, 4.467829230437336, 4.467829230437332, 4.46782923043733, 4.467829230437322, 4.46782923043736, 4.46782923324372, 4.467829233243731, 4.467829233243733, 4.467829233243725, 4.467829233243721, 4.467829233243723, 4.467829233243724, 4.4678292332437035, 4.4678292332437435, 4.467829234752668, 4.4678292347526565, 4.467829234752665, 4.46782923475266, 4.46782923475267, 4.467829234752666, 4.467829234752663, 4.467829234752673, 4.467829234752665, 4.467829232942072, 4.467829232942056, 4.467829232942057, 4.467829232942059, 4.467829232942082, 4.467829232942066, 4.46782923294207, 4.467829232942098, 4.467829232942052, 4.467829233369534, 4.467829233369561, 4.467829233369559, 4.46782923336953, 4.467829233369534, 4.4678292333695335, 4.467829233369533, 4.467829233369533, 4.467829233369538, 4.467829231964555, 4.467829231964572, 4.467829231964564, 4.467829231964554, 4.46782923196454, 4.4678292319645605, 4.467829231964547, 4.467829231964548, 4.467829231964558, 4.467829230947093, 4.467829230947065, 4.467829230947068, 4.4678292309470935, 4.46782923094708, 4.467829230947094, 4.467829230947095, 4.467829230947102, 4.467829230947065, 4.467829232837566, 4.467829232837576, 4.467829232837579, 4.467829232837572, 4.467829232837564, 4.467829232837562, 4.467829232837567, 4.4678292328375715, 4.467829232837555, 4.467829231137375, 4.467829231137405, 4.467829231137404, 4.467829231137394, 4.467829231137385, 4.467829231137367, 4.467829231137381, 4.4678292311373795, 4.467829231137383, 4.467829234459657, 4.467829234459652, 4.46782923445965, 4.467829234459674, 4.467829234459656, 4.467829234459658, 4.4678292344596615, 4.467829234459665, 4.467829234459642, 4.467829233947978, 4.467829233947955, 4.467829233947959, 4.467829233947989, 4.467829233947974, 4.467829233947976, 4.467829233947972, 4.467829233947978, 4.467829233947966, 4.467829233268846, 4.467829233268866, 4.467829233268867, 4.467829233268855, 4.4678292332688425, 4.467829233268854, 4.467829233268847, 4.4678292332688265, 4.467829233268862, 4.467829233426106, 4.467829233426092, 4.467829233426099, 4.467829233426097, 4.467829233426107, 4.467829233426118, 4.467829233426107, 4.467829233426106, 4.467829233426107, 4.467829230256775, 4.467829230256762, 4.46782923025676, 4.467829230256755, 4.4678292302567835, 4.467829230256766, 4.467829230256776, 4.467829230256787, 4.46782923025677, 4.467829229807601, 4.46782922980761, 4.467829229807603, 4.46782922980758, 4.467829229807613, 4.467829229807598, 4.467829229807601, 4.4678292298075934, 4.467829229807616, 4.4678292316853545, 4.467829231685369, 4.467829231685366, 4.467829231685342, 4.467829231685356, 4.467829231685354, 4.46782923168535, 4.467829231685339, 4.4678292316853705, 4.4678292320198345, 4.4678292320198105, 4.467829232019812, 4.467829232019826, 4.46782923201983, 4.467829232019834, 4.467829232019838, 4.467829232019816, 4.467829232019837, 4.467829233587424, 4.467829233587418, 4.46782923358741, 4.467829233587436, 4.4678292335874135, 4.4678292335874294, 4.4678292335874215, 4.467829233587421, 4.4678292335874215, 4.467829234659724, 4.467829234659741, 4.46782923465974, 4.467829234659734, 4.467829234659723, 4.467829234659724, 4.467829234659724, 4.467829234659725, 4.467829234659723, 4.46782923258342, 4.467829232583434, 4.467829232583429, 4.467829232583429, 4.467829232583433, 4.467829232583421, 4.467829232583423, 4.467829232583434, 4.467829232583408, 4.467829233770562, 4.467829233770555, 4.467829233770549, 4.467829233770563, 4.467829233770563, 4.467829233770559, 4.467829233770558, 4.467829233770585, 4.467829233770541, 4.467829235366541, 4.46782923536656, 4.467829235366549, 4.467829235366554, 4.467829235366545, 4.467829235366546, 4.467829235366544, 4.467829235366537, 4.467829235366546, 4.467829234221068, 4.467829234221068, 4.4678292342210755, 4.467829234221071, 4.467829234221069, 4.467829234221065, 4.467829234221066, 4.467829234221056, 4.46782923422108, 4.467829230235066, 4.467829230235039, 4.467829230235041, 4.467829230235057, 4.46782923023505, 4.467829230235063, 4.467829230235062, 4.467829230235048, 4.467829230235063, 4.467829234377022, 4.467829234377024, 4.467829234377022, 4.467829234377012, 4.467829234377004, 4.467829234377019, 4.467829234377026, 4.467829234377011, 4.467829234377035, 4.467829232052778, 4.467829232052804, 4.467829232052807, 4.467829232052758, 4.467829232052785, 4.4678292320527815, 4.467829232052775, 4.4678292320527975, 4.467829232052782, 4.467829227414595, 4.46782922741459, 4.467829227414582, 4.467829227414589, 4.467829227414617, 4.467829227414595, 4.4678292274145965, 4.467829227414641, 4.467829227414562, 4.467829234670056, 4.467829234670055, 4.4678292346700434, 4.467829234670064, 4.467829234670055, 4.467829234670055, 4.467829234670047, 4.467829234670057, 4.467829234670049, 4.467829230018174, 4.4678292300181806, 4.467829230018202, 4.467829230018203, 4.467829230018172, 4.4678292300181734, 4.467829230018179, 4.467829230018149, 4.467829230018206, 4.4678292299400235, 4.467829229940003, 4.467829229940009, 4.467829229940044, 4.467829229940011, 4.467829229940029, 4.467829229940021, 4.467829229939997, 4.467829229940036, 4.467829234741326, 4.4678292347412984, 4.467829234741306, 4.467829234741333, 4.467829234741325, 4.467829234741321, 4.467829234741328, 4.467829234741328, 4.467829234741316, 4.467829232193234, 4.467829232193258, 4.467829232193257, 4.467829232193216, 4.467829232193247, 4.467829232193242, 4.467829232193242, 4.467829232193246, 4.467829232193242, 4.467829232393018, 4.46782923239303, 4.467829232393034, 4.467829232392981, 4.467829232393021, 4.467829232393014, 4.467829232393019, 4.467829232393035, 4.46782923239301, 4.467829234159917, 4.467829234159901, 4.467829234159896, 4.467829234159896, 4.467829234159921, 4.467829234159916, 4.467829234159921, 4.467829234159931, 4.467829234159901, 4.467829233307484, 4.467829233307477, 4.467829233307478, 4.467829233307492, 4.467829233307468, 4.467829233307485, 4.467829233307488, 4.467829233307467, 4.467829233307493, 4.467829232245384, 4.4678292322454025, 4.4678292322454, 4.467829232245397, 4.467829232245379, 4.467829232245379, 4.467829232245389, 4.467829232245363, 4.467829232245406, 4.467829234493424, 4.467829234493426, 4.4678292344934185, 4.467829234493442, 4.467829234493423, 4.467829234493425, 4.467829234493422, 4.46782923449343, 4.467829234493419, 4.4678292321094695, 4.4678292321094535, 4.4678292321094535, 4.467829232109491, 4.4678292321094855, 4.467829232109474, 4.467829232109476, 4.4678292321095014, 4.467829232109446, 4.467829235545633, 4.467829235545649, 4.467829235545646, 4.467829235545641, 4.467829235545632, 4.467829235545636, 4.467829235545634, 4.467829235545636, 4.4678292355456435, 4.4678292331745615, 4.4678292331745695, 4.467829233174576, 4.467829233174549, 4.46782923317456, 4.467829233174554, 4.467829233174556, 4.467829233174552, 4.467829233174574, 4.4678292300604765, 4.467829230060449, 4.4678292300604445, 4.467829230060457, 4.467829230060466, 4.467829230060472, 4.467829230060479, 4.467829230060465, 4.467829230060473, 4.467829234681432, 4.4678292346814406, 4.467829234681445, 4.467829234681417, 4.467829234681426, 4.467829234681435, 4.467829234681433, 4.46782923468142, 4.467829234681439, 4.46782923541234, 4.467829235412336, 4.467829235412341, 4.4678292354123315, 4.467829235412342, 4.46782923541234, 4.467829235412336, 4.467829235412354, 4.467829235412337, 4.467829233450497, 4.4678292334505025, 4.467829233450503, 4.467829233450493, 4.46782923345051, 4.46782923345049, 4.46782923345049, 4.46782923345051, 4.467829233450494, 4.467829232441656, 4.467829232441679, 4.467829232441669, 4.4678292324416775, 4.467829232441652, 4.467829232441658, 4.467829232441659, 4.467829232441664, 4.4678292324416535, 4.467829228776379, 4.46782922877636, 4.467829228776359, 4.467829228776415, 4.46782922877637, 4.467829228776388, 4.467829228776376, 4.467829228776381, 4.467829228776374, 4.4678292341056585, 4.467829234105653, 4.4678292341056665, 4.4678292341056665, 4.467829234105664, 4.46782923410567, 4.467829234105661, 4.467829234105659, 4.467829234105654, 4.467829233951562, 4.467829233951577, 4.467829233951574, 4.467829233951559, 4.467829233951573, 4.467829233951551, 4.467829233951556, 4.4678292339515595, 4.467829233951576, 4.467829230795469, 4.467829230795449, 4.467829230795435, 4.467829230795443, 4.467829230795455, 4.467829230795461, 4.4678292307954655, 4.467829230795461, 4.467829230795462, 4.467829232955262, 4.4678292329552916, 4.467829232955283, 4.467829232955242, 4.467829232955266, 4.467829232955263, 4.467829232955264, 4.467829232955249, 4.46782923295528, 4.467829235373576, 4.467829235373569, 4.467829235373563, 4.467829235373565, 4.467829235373577, 4.467829235373579, 4.467829235373578, 4.467829235373586, 4.46782923537357, 4.467829235654698, 4.467829235654694, 4.467829235654683, 4.467829235654699, 4.467829235654703, 4.467829235654705, 4.467829235654703, 4.467829235654707, 4.467829235654698, 4.467829235504829, 4.4678292355048415, 4.467829235504832, 4.467829235504837, 4.467829235504823, 4.467829235504829, 4.467829235504834, 4.467829235504825, 4.467829235504833, 4.467829233848827, 4.4678292338488435, 4.467829233848842, 4.467829233848845, 4.467829233848832, 4.467829233848818, 4.4678292338488355, 4.467829233848826, 4.467829233848837, 4.467829233688256, 4.467829233688229, 4.467829233688217, 4.467829233688271, 4.467829233688257, 4.467829233688251, 4.4678292336882555, 4.467829233688264, 4.467829233688244, 4.467829233136284, 4.467829233136317, 4.467829233136312, 4.467829233136286, 4.467829233136274, 4.467829233136284, 4.46782923313628, 4.467829233136263, 4.467829233136299, 4.467829230642446, 4.467829230642437, 4.467829230642444, 4.467829230642442, 4.467829230642434, 4.467829230642464, 4.467829230642443, 4.467829230642449, 4.467829230642425, 4.467829228835904, 4.467829228835891, 4.467829228835888, 4.4678292288358765, 4.467829228835915, 4.467829228835904, 4.467829228835908, 4.467829228835946, 4.4678292288358765, 4.467829225881696, 4.467829225881719, 4.467829225881725, 4.46782922588168, 4.467829225881707, 4.46782922588168, 4.467829225881699, 4.467829225881695, 4.467829225881715, 4.467829232202588, 4.467829232202593, 4.467829232202593, 4.467829232202601, 4.467829232202588, 4.4678292322025825, 4.467829232202586, 4.467829232202565, 4.467829232202611, 4.467829225137198, 4.467829225137143, 4.4678292251371445, 4.467829225137225, 4.46782922513718, 4.467829225137207, 4.467829225137195, 4.467829225137189, 4.4678292251371845, 4.467829229921474, 4.467829229921514, 4.467829229921521, 4.467829229921488, 4.4678292299214695, 4.467829229921487, 4.467829229921473, 4.4678292299214535, 4.4678292299215006, 4.467829224415301, 4.4678292244152855, 4.467829224415284, 4.467829224415283, 4.46782922441532, 4.467829224415283, 4.467829224415301, 4.467829224415334, 4.4678292244152775, 4.467829231209125, 4.467829231209128, 4.467829231209124, 4.46782923120911, 4.467829231209134, 4.467829231209129, 4.4678292312091274, 4.467829231209151, 4.467829231209113, 4.467829231633539, 4.467829231633557, 4.467829231633568, 4.467829231633527, 4.467829231633531, 4.467829231633542, 4.467829231633541, 4.467829231633512, 4.467829231633562, 4.467829229721572, 4.467829229721536, 4.4678292297215405, 4.467829229721577, 4.4678292297215645, 4.467829229721574, 4.467829229721578, 4.467829229721561, 4.46782922972157, 4.467829234520537, 4.467829234520523, 4.467829234520525, 4.467829234520542, 4.4678292345205275, 4.467829234520545, 4.467829234520535, 4.467829234520531, 4.467829234520542, 4.467829226111297, 4.467829226111344, 4.467829226111348, 4.467829226111291, 4.4678292261113155, 4.4678292261112835, 4.467829226111293, 4.467829226111305, 4.4678292261113155, 4.467829227955325, 4.4678292279552805, 4.467829227955286, 4.467829227955332, 4.46782922795534, 4.46782922795532, 4.467829227955326, 4.467829227955351, 4.46782922795529, 4.467829229029314, 4.467829229029313, 4.467829229029314, 4.467829229029327, 4.467829229029296, 4.467829229029318, 4.467829229029307, 4.467829229029289, 4.467829229029325, 4.467829223135679, 4.467829223135723, 4.467829223135722, 4.46782922313569, 4.467829223135662, 4.467829223135693, 4.46782922313568, 4.46782922313564, 4.467829223135707, 4.467829218810322, 4.467829218810258, 4.467829218810253, 4.467829218810298, 4.467829218810326, 4.467829218810321, 4.467829218810321, 4.467829218810381, 4.467829218810252, 4.467829214757215, 4.467829214757281, 4.4678292147572884, 4.467829214757193, 4.46782921475724, 4.467829214757202, 4.467829214757216, 4.467829214757214, 4.4678292147572405, 4.467829230368973, 4.467829230368956, 4.467829230368972, 4.467829230368978, 4.467829230368967, 4.467829230368964, 4.467829230368969, 4.467829230368955, 4.467829230368979, 4.4678292179502215, 4.467829217950149, 4.4678292179501575, 4.467829217950256, 4.467829217950197, 4.4678292179502215, 4.467829217950218, 4.467829217950211, 4.467829217950202, 4.467829215503267, 4.467829215503342, 4.467829215503356, 4.467829215503278, 4.46782921550326, 4.467829215503279, 4.4678292155032695, 4.467829215503228, 4.467829215503313, 4.467829217933713, 4.467829217933662, 4.467829217933663, 4.467829217933705, 4.467829217933729, 4.467829217933711, 4.467829217933711, 4.467829217933766, 4.467829217933653, 4.467829226333638, 4.467829226333662, 4.467829226333665, 4.467829226333626, 4.4678292263336665, 4.467829226333646, 4.4678292263336346, 4.467829226333671, 4.467829226333625, 4.4678292316686905, 4.467829231668703, 4.4678292316687065, 4.467829231668698, 4.467829231668689, 4.467829231668687, 4.4678292316686905, 4.467829231668668, 4.467829231668727, 4.467829210139583, 4.467829210139522, 4.467829210139522, 4.467829210139587, 4.467829210139551, 4.467829210139581, 4.467829210139582, 4.4678292101395485, 4.467829210139588, 4.467829225169319, 4.467829225169358, 4.467829225169367, 4.467829225169301, 4.467829225169314, 4.467829225169311, 4.467829225169318, 4.467829225169277, 4.467829225169362, 4.46782922502842, 4.467829225028392, 4.4678292250283915, 4.467829225028396, 4.4678292250284395, 4.467829225028422, 4.467829225028418, 4.467829225028467, 4.46782922502838, 4.46782922870333, 4.4678292287033585, 4.467829228703356, 4.467829228703323, 4.467829228703344, 4.467829228703326, 4.4678292287033345, 4.4678292287033585, 4.4678292287033194, 4.467829227578741, 4.467829227578749, 4.467829227578753, 4.467829227578766, 4.467829227578735, 4.4678292275787514, 4.467829227578743, 4.467829227578726, 4.467829227578738, 4.46782921988169, 4.467829219881646, 4.46782921988164, 4.467829219881718, 4.467829219881658, 4.467829219881698, 4.467829219881692, 4.467829219881679, 4.467829219881671, 4.46782922546468, 4.467829225464741, 4.4678292254647305, 4.467829225464697, 4.467829225464691, 4.467829225464674, 4.467829225464687, 4.46782922546467, 4.4678292254647225, 4.467829222421588, 4.467829222421551, 4.467829222421551, 4.4678292224215665, 4.467829222421599, 4.467829222421573, 4.467829222421585, 4.4678292224216305, 4.4678292224215586, 4.467829232783496, 4.4678292327835285, 4.467829232783528, 4.467829232783478, 4.467829232783507, 4.46782923278349, 4.4678292327835, 4.467829232783487, 4.467829232783516, 4.467829215148358, 4.467829215148332, 4.467829215148321, 4.467829215148368, 4.4678292151483365, 4.467829215148378, 4.467829215148354, 4.467829215148335, 4.467829215148347, 4.467829229370482, 4.467829229370483, 4.467829229370485, 4.467829229370473, 4.467829229370474, 4.467829229370493, 4.467829229370476, 4.4678292293704684, 4.467829229370481, 4.467829227095849, 4.467829227095869, 4.4678292270958595, 4.467829227095835, 4.467829227095867, 4.467829227095831, 4.467829227095846, 4.467829227095868, 4.467829227095854, 4.467829231552965, 4.467829231552956, 4.467829231552961, 4.467829231552968, 4.467829231552977, 4.467829231552958, 4.46782923155297, 4.467829231552984, 4.467829231552967, 4.4678292306619305, 4.467829230661939, 4.467829230661922, 4.467829230661951, 4.4678292306619145, 4.467829230661941, 4.467829230661937, 4.467829230661912, 4.467829230661939, 4.467829233652216, 4.467829233652217, 4.467829233652205, 4.4678292336522185, 4.467829233652209, 4.467829233652223, 4.467829233652212, 4.467829233652205, 4.467829233652221, 4.467829232541995, 4.4678292325419875, 4.467829232541993, 4.46782923254199, 4.46782923254201, 4.467829232541982, 4.4678292325419955, 4.467829232542014, 4.4678292325419875, 4.467829234862071, 4.467829234862084, 4.467829234862093, 4.467829234862053, 4.467829234862066, 4.467829234862068, 4.467829234862068, 4.467829234862062, 4.467829234862082, 4.467829232753394, 4.467829232753385, 4.46782923275338, 4.467829232753397, 4.467829232753396, 4.4678292327534015, 4.467829232753392, 4.467829232753405, 4.467829232753377, 4.467829233056952, 4.467829233056962, 4.467829233056963, 4.467829233056962, 4.467829233056944, 4.467829233056967, 4.467829233056949, 4.467829233056946, 4.467829233056947, 4.467829231542829, 4.467829231542807, 4.467829231542801, 4.467829231542833, 4.467829231542828, 4.4678292315428205, 4.467829231542831, 4.4678292315428445, 4.467829231542823, 4.467829219474346, 4.4678292194743925, 4.467829219474394, 4.467829219474351, 4.467829219474356, 4.46782921947432, 4.467829219474344, 4.467829219474327, 4.467829219474387, 4.467829228660812, 4.467829228660763, 4.467829228660761, 4.467829228660816, 4.467829228660801, 4.467829228660818, 4.46782922866081, 4.4678292286608325, 4.467829228660782, 4.467829216335959, 4.467829216336009, 4.467829216335997, 4.4678292163359625, 4.46782921633595, 4.4678292163359785, 4.467829216335959, 4.467829216335942, 4.467829216335978, 4.467829223925853, 4.467829223925824, 4.467829223925819, 4.467829223925842, 4.467829223925865, 4.467829223925856, 4.467829223925857, 4.4678292239258885, 4.4678292239258095, 4.467829228503833, 4.467829228503866, 4.4678292285038665, 4.467829228503817, 4.467829228503847, 4.4678292285038275, 4.467829228503828, 4.4678292285038275, 4.467829228503858, 4.467829228021502, 4.467829228021475, 4.467829228021475, 4.467829228021504, 4.467829228021499, 4.467829228021495, 4.467829228021501, 4.467829228021483, 4.467829228021515, 4.467829227059945, 4.467829227059928, 4.467829227059927, 4.467829227059962, 4.467829227059931, 4.467829227059951, 4.467829227059938, 4.467829227059906, 4.467829227059971, 4.467829233972711, 4.467829233972728, 4.467829233972735, 4.467829233972697, 4.467829233972717, 4.467829233972714, 4.467829233972708, 4.467829233972718, 4.467829233972713, 4.467829224556166, 4.467829224556134, 4.4678292245561355, 4.467829224556141, 4.467829224556183, 4.467829224556156, 4.467829224556161, 4.4678292245562075, 4.467829224556123, 4.467829219054504, 4.467829219054595, 4.467829219054589, 4.467829219054513, 4.467829219054509, 4.467829219054511, 4.4678292190545, 4.46782921905448, 4.467829219054546, 4.467829185642724, 4.4678291856425805, 4.467829185642585, 4.46782918564275, 4.467829185642701, 4.467829185642727, 4.467829185642727, 4.46782918564275, 4.467829185642639, 4.467829149931117, 4.467829149931311, 4.4678291499313, 4.467829149931128, 4.46782914993111, 4.467829149931125, 4.467829149931114, 4.467829149931025, 4.467829149931241, 4.467829082800415, 4.467829082800174, 4.467829082800175, 4.4678290828003995, 4.467829082800429, 4.46782908280039, 4.467829082800418, 4.46782908280055, 4.467829082800245, 4.467828993097597, 4.467828993097936, 4.467828993097937, 4.467828993097601, 4.467828993097609, 4.467828993097615, 4.467828993097601, 4.467828993097461, 4.467828993097798, 4.467828749271384, 4.467828749270914, 4.467828749270924, 4.467828749271387, 4.467828749271361, 4.467828749271359, 4.467828749271388, 4.467828749271567, 4.467828749271102, 4.467828317618191, 4.467828317618818, 4.467828317618821, 4.4678283176181885, 4.467828317618183, 4.4678283176182365, 4.467828317618186, 4.467828317617892, 4.467828317618589, 4.467827454546517, 4.467827454545633, 4.4678274545456285, 4.467827454546506, 4.467827454546526, 4.467827454546455, 4.467827454546515, 4.4678274545469305, 4.467827454545943, 4.467825376367977, 4.467825376369286, 4.467825376369281, 4.4678253763679905, 4.467825376367999, 4.467825376368055, 4.467825376367983, 4.467825376367424, 4.467825376368805, 4.4678207492665365, 4.4678207492645745, 4.467820749264592, 4.467820749266539, 4.467820749266514, 4.467820749266438, 4.467820749266537, 4.467820749267366, 4.467820749265309, 4.467809529380539, 4.467809529383512, 4.467809529383502, 4.467809529380542, 4.467809529380562, 4.4678095293806965, 4.467809529380543, 4.467809529379231, 4.467809529382443, 4.467780557061513, 4.4677805570568285, 4.467780557056881, 4.4677805570614915, 4.467780557061482, 4.467780557061254, 4.467780557061517, 4.467780557063547, 4.467780557058564, 4.46770620113042, 4.46770620113786, 4.467706201137815, 4.4677062011304125, 4.467706201130484, 4.467706201130815, 4.46770620113042, 4.467706201127173, 4.467706201135129, 4.46751095215266, 4.467510952140741, 4.4675109521408105, 4.467510952152627, 4.467510952152548, 4.467510952152039, 4.467510952152668, 4.467510952157844, 4.467510952145088, 4.467032148505802, 4.467032148524782, 4.4670321485246545, 4.467032148505854, 4.467032148505955, 4.4670321485068225, 4.4670321485058, 4.467032148497511, 4.467032148517848, 4.465984811445241, 4.465984811416732, 4.4659848114169245, 4.465984811445042, 4.465984811445096, 4.465984811443684, 4.465984811445239, 4.465984811457877, 4.465984811427031, 4.464761482635503, 4.4647614826725555, 4.464761482672351, 4.464761482635892, 4.464761482635517, 4.464761482637568, 4.4647614826355095, 4.464761482618594, 4.464761482659579, 4.4648631129053955, 4.464863112869839, 4.464863112869988, 4.464863112904674, 4.464863112905719, 4.464863112903318, 4.464863112905394, 4.4648631129223375, 4.464863112881815, 4.467127445124466, 4.467127445141707, 4.467127445141636, 4.467127445125244, 4.467127445124028, 4.467127445125602, 4.467127445124462, 4.467127445115672, 4.467127445136222, 4.467634240507453, 4.4676342405166904, 4.467634240516642, 4.467634240507715, 4.4676342405074045, 4.467634240507945, 4.467634240507452, 4.467634240503091, 4.4676342405135765, 4.466077447523445, 4.466077447496374, 4.466077447496458, 4.466077447522469, 4.466077447524031, 4.466077447521682, 4.466077447523439, 4.4660774475369935, 4.466077447505105, 4.4663666785508775, 4.4663666785759775, 4.466366678575883, 4.4663666785514655, 4.466366678550385, 4.4663666785524665, 4.46636667855087, 4.466366678538426, 4.466366678567768, 4.467766421458903, 4.467766421453714, 4.467766421453737, 4.467766421458828, 4.467766421458887, 4.467766421458671, 4.467766421458907, 4.46776642146139, 4.467766421455349, 4.46718127382403, 4.467181273807497, 4.46718127380754, 4.467181273823603, 4.467181273824338, 4.467181273823018, 4.467181273824027, 4.467181273832273, 4.4671812738128125, 4.466564972207991, 4.466564972231313, 4.466564972231236, 4.466564972208719, 4.466564972207639, 4.466564972209365, 4.4665649722079905, 4.4665649721964416, 4.466564972223809, 4.467550049779135, 4.46755004976833, 4.467550049768366, 4.46755004977883, 4.467550049779421, 4.467550049778396, 4.467550049779142, 4.467550049784642, 4.467550049771783, 4.467628186838749, 4.467628186829428, 4.467628186829478, 4.467628186838534, 4.467628186838802, 4.467628186838231, 4.467628186838749, 4.467628186843187, 4.46762818683253, 4.466913483141374, 4.466913483161053, 4.466913483161004, 4.466913483141945, 4.46691348314087, 4.466913483142667, 4.466913483141366, 4.466913483131314, 4.46691348315484, 4.467438606143512, 4.467438606130872, 4.467438606130907, 4.467438606142886, 4.467438606143963, 4.467438606142672, 4.4674386061435145, 4.467438606150227, 4.467438606134697, 4.467783401937211, 4.467783401932861, 4.467783401932864, 4.467783401937077, 4.467783401937368, 4.46778340193692, 4.467783401937216, 4.467783401939502, 4.467783401934211, 4.467203332420792, 4.467203332436918, 4.4672033324368865, 4.467203332421505, 4.467203332420273, 4.4672033324218745, 4.467203332420792, 4.46720333241229, 4.467203332432026, 4.467414783844376, 4.467414783831181, 4.467414783831222, 4.467414783843973, 4.467414783844678, 4.467414783843523, 4.467414783844378, 4.467414783851032, 4.467414783835409, 4.467826523985029, 4.467826523984067, 4.467826523984055, 4.467826523984944, 4.467826523985138, 4.467826523984911, 4.467826523985026, 4.467826523985657, 4.467826523984306, 4.467422720096108, 4.467422720109234, 4.4674227201092, 4.467422720096501, 4.467422720095803, 4.467422720096942, 4.467422720096112, 4.4674227200894565, 4.4674227201050565, 4.467437044062427, 4.467437044049644, 4.46743704404967, 4.46743704406193, 4.4674370440627085, 4.467437044061652, 4.467437044062422, 4.4674370440689755, 4.467437044053583, 4.467823795130673, 4.467823795132113, 4.467823795132111, 4.467823795130805, 4.467823795130562, 4.4678237951308075, 4.467823795130673, 4.4678237951298305, 4.467823795131687, 4.467587710819162, 4.467587710829265, 4.46758771082924, 4.467587710819556, 4.467587710818943, 4.467587710819775, 4.467587710819162, 4.467587710814027, 4.467587710826096, 4.467483643153304, 4.467483643141399, 4.467483643141409, 4.467483643152827, 4.467483643153713, 4.467483643152472, 4.467483643153307, 4.4674836431595715, 4.46748364314506, 4.467799167221358, 4.467799167224811, 4.467799167224828, 4.467799167221557, 4.467799167221179, 4.467799167221608, 4.46779916722136, 4.467799167219412, 4.4677991672238315, 4.467708735960757, 4.467708735967806, 4.467708735967795, 4.4677087359610335, 4.467708735960501, 4.467708735961258, 4.467708735960758, 4.467708735957009, 4.467708735965646, 4.467546780120212, 4.467546780109471, 4.467546780109498, 4.46754678011968, 4.4675467801206, 4.467546780119497, 4.4675467801202124, 4.46754678012594, 4.467546780112698, 4.467763490390577, 4.467763490395836, 4.467763490395832, 4.46776349039076, 4.467763490390456, 4.467763490390915, 4.467763490390583, 4.467763490387898, 4.467763490394188, 4.467789059766503, 4.467789059770539, 4.467789059770539, 4.467789059766729, 4.467789059766351, 4.467789059766781, 4.467789059766507, 4.467789059764293, 4.467789059769369, 4.467623617970029, 4.467623617960753, 4.467623617960781, 4.467623617969704, 4.467623617970269, 4.467623617969408, 4.4676236179700215, 4.467623617974753, 4.467623617963691, 4.46772744910512, 4.467727449111649, 4.467727449111635, 4.467727449105376, 4.467727449104938, 4.467727449105534, 4.467727449105123, 4.467727449101742, 4.467727449109632, 4.467826574753636, 4.467826574754731, 4.467826574754728, 4.467826574753627, 4.467826574753652, 4.467826574753697, 4.467826574753633, 4.467826574753174, 4.4678265747543024, 4.467710086012505, 4.467710086005491, 4.467710086005499, 4.4677100860122065, 4.4677100860126915, 4.4677100860120715, 4.4677100860125, 4.467710086016173, 4.467710086007598, 4.467709177592165, 4.467709177599195, 4.467709177599178, 4.467709177592489, 4.467709177591908, 4.467709177592661, 4.467709177592167, 4.46770917758842, 4.467709177597051, 4.467821300601718, 4.467821300599931, 4.46782130059992, 4.46782130060166, 4.467821300601803, 4.467821300601572, 4.467821300601715, 4.467821300602691, 4.467821300600474, 4.467785476476979, 4.467785476472742, 4.467785476472753, 4.467785476476788, 4.467785476477145, 4.467785476476667, 4.467785476476979, 4.467785476479225, 4.467785476474045, 4.467722472654028, 4.467722472660653, 4.4677224726606495, 4.467722472654324, 4.467722472653795, 4.467722472654471, 4.46772247265403, 4.467722472650486, 4.467722472658674, 4.4677882567193405, 4.467788256715194, 4.467788256715198, 4.467788256719169, 4.467788256719431, 4.467788256719093, 4.4677882567193405, 4.467788256721461, 4.467788256716481, 4.467826511439318, 4.467826511438306, 4.4678265114383, 4.467826511439227, 4.467826511439387, 4.467826511439247, 4.467826511439322, 4.467826511439929, 4.46782651143856, 4.467768524722633, 4.4677685247276795, 4.467768524727667, 4.467768524722817, 4.467768524722506, 4.467768524722972, 4.467768524722639, 4.467768524720044, 4.4677685247260985, 4.467762842683815, 4.467762842678553, 4.4677628426785585, 4.467762842683633, 4.467762842683955, 4.467762842683471, 4.467762842683815, 4.467762842686521, 4.467762842680206, 4.467819908348369, 4.4678199083502985, 4.4678199083502905, 4.467819908348503, 4.467819908348284, 4.467819908348486, 4.467819908348367, 4.467819908347283, 4.467819908349768, 4.467816720631437, 4.467816720633726, 4.467816720633732, 4.467816720631517, 4.467816720631386, 4.467816720631567, 4.467816720631436, 4.467816720630265, 4.4678167206330235, 4.467776463149586, 4.4677764631449515, 4.4677764631449515, 4.467776463149344, 4.467776463149744, 4.467776463149282, 4.467776463149584, 4.467776463152074, 4.467776463146315, 4.467791727011346, 4.467791727015278, 4.467791727015274, 4.467791727011509, 4.467791727011205, 4.467791727011631, 4.467791727011355, 4.467791727009272, 4.467791727014051, 4.467827267519562, 4.46782726751866, 4.467827267518659, 4.467827267519552, 4.467827267519572, 4.467827267519517, 4.467827267519561, 4.467827267520027, 4.467827267518923, 4.46781548717571, 4.467815487173341, 4.467815487173339, 4.467815487175618, 4.467815487175809, 4.467815487175535, 4.467815487175714, 4.467815487176985, 4.46781548717407, 4.467790598650424, 4.467790598654429, 4.46779059865442, 4.4677905986506, 4.467790598650314, 4.467790598650667, 4.467790598650425, 4.46779059864832, 4.46779059865323, 4.467803658622501, 4.467803658619222, 4.467803658619243, 4.467803658622358, 4.4678036586225796, 4.46780365862229, 4.467803658622503, 4.46780365862417, 4.467803658620262, 4.467827688587194, 4.467827688587982, 4.46782768858797, 4.467827688587211, 4.467827688587146, 4.467827688587264, 4.467827688587192, 4.467827688586758, 4.467827688587742, 4.467820976712518, 4.4678209767144015, 4.467820976714397, 4.467820976712567, 4.467820976712504, 4.467820976712638, 4.4678209767125106, 4.467820976711617, 4.467820976713783, 4.467803038960184, 4.467803038956899, 4.467803038956903, 4.467803038960064, 4.467803038960289, 4.467803038959963, 4.467803038960188, 4.467803038961921, 4.4678030389579, 4.467807906461835, 4.467807906464769, 4.46780790646477, 4.467807906462005, 4.467807906461706, 4.4678079064620455, 4.467807906461834, 4.467807906460217, 4.4678079064639125, 4.467825287572181, 4.467825287570913, 4.467825287570918, 4.467825287572118, 4.467825287572226, 4.467825287572073, 4.46782528757218, 4.467825287572859, 4.467825287571302, 4.467827508118913, 4.467827508118097, 4.467827508118109, 4.467827508118849, 4.46782750811897, 4.467827508118853, 4.4678275081189085, 4.467827508119391, 4.467827508118313, 4.467815622939466, 4.467815622941826, 4.467815622941815, 4.46781562293957, 4.467815622939376, 4.467815622939635, 4.467815622939468, 4.467815622938198, 4.4678156229411075, 4.467811143251119, 4.467811143248357, 4.467811143248367, 4.467811143251017, 4.4678111432511765, 4.46781114325096, 4.467811143251113, 4.467811143252523, 4.467811143249217, 4.467820196204714, 4.467820196206666, 4.467820196206672, 4.467820196204776, 4.467820196204685, 4.467820196204816, 4.467820196204713, 4.467820196203732, 4.4678201962060555, 4.4678287857027295, 4.467828785702312, 4.467828785702321, 4.467828785702715, 4.467828785702752, 4.4678287857026975, 4.467828785702729, 4.46782878570297, 4.467828785702428, 4.467826254882798, 4.467826254881665, 4.467826254881655, 4.467826254882768, 4.467826254882797, 4.467826254882737, 4.4678262548827945, 4.467826254883347, 4.467826254882036, 4.46781846658186, 4.467818466583984, 4.467818466583969, 4.467818466581952, 4.467818466581806, 4.467818466581997, 4.46781846658185, 4.46781846658076, 4.4678184665833305, 4.467816432923321, 4.467816432921029, 4.467816432921052, 4.467816432923209, 4.467816432923417, 4.467816432923164, 4.467816432923315, 4.467816432924557, 4.467816432921719, 4.467822092952089, 4.467822092953793, 4.467822092953789, 4.467822092952169, 4.46782209295202, 4.467822092952213, 4.467822092952084, 4.467822092951165, 4.467822092953282, 4.467828182457368, 4.467828182456691, 4.4678281824566985, 4.46782818245733, 4.467828182457377, 4.467828182457323, 4.4678281824573665, 4.467828182457698, 4.467828182456917, 4.467828674522032, 4.4678286745215665, 4.467828674521554, 4.467828674522005, 4.467828674522061, 4.467828674521994, 4.46782867452203, 4.467828674522295, 4.467828674521696, 4.467824608968299, 4.46782460896969, 4.467824608969675, 4.46782460896837, 4.467824608968256, 4.467824608968387, 4.4678246089683, 4.46782460896758, 4.467824608969258, 4.467821092522343, 4.467821092520499, 4.46782109252052, 4.467821092522278, 4.467821092522399, 4.467821092522228, 4.467821092522343, 4.467821092523304, 4.467821092521061, 4.467821386343154, 4.467821386344958, 4.467821386344957, 4.46782138634323, 4.467821386343094, 4.467821386343285, 4.467821386343153, 4.467821386342209, 4.467821386344396, 4.467824603225923, 4.467824603224541, 4.467824603224545, 4.46782460322585, 4.467824603225966, 4.46782460322582, 4.4678246032259255, 4.467824603226661, 4.467824603224963, 4.467827912196559, 4.467827912197289, 4.467827912197292, 4.467827912196576, 4.467827912196531, 4.467827912196601, 4.467827912196558, 4.467827912196163, 4.467827912197082, 4.467829234445958, 4.467829234445946, 4.467829234445943, 4.4678292344459685, 4.46782923444596, 4.467829234445958, 4.467829234445958, 4.4678292344459685, 4.467829234445963, 4.467828194713129, 4.4678281947124745, 4.4678281947124745, 4.467828194713116, 4.467828194713153, 4.467828194713093, 4.467828194713136, 4.46782819471347, 4.467828194712674, 4.467826040314064, 4.467826040315226, 4.46782604031522, 4.467826040314118, 4.4678260403140335, 4.467826040314143, 4.467826040314065, 4.467826040313462, 4.467826040314858, 4.467824034076218, 4.467824034074748, 4.46782403407475, 4.467824034076141, 4.467824034076262, 4.467824034076123, 4.467824034076222, 4.467824034076981, 4.467824034075199, 4.467823135095142, 4.467823135096728, 4.46782313509672, 4.467823135095187, 4.467823135095083, 4.467823135095238, 4.467823135095138, 4.467823135094291, 4.467823135096248, 4.467823460899233, 4.467823460897699, 4.467823460897698, 4.46782346089918, 4.46782346089929, 4.467823460899121, 4.467823460899232, 4.467823460900055, 4.467823460898163, 4.4678245853664, 4.467824585367784, 4.467824585367774, 4.467824585366484, 4.4678245853663485, 4.4678245853665075, 4.4678245853664045, 4.467824585365671, 4.4678245853673495, 4.467825990451649, 4.467825990450505, 4.467825990450497, 4.467825990451595, 4.467825990451693, 4.467825990451579, 4.467825990451654, 4.467825990452269, 4.467825990450834, 4.4678272619970105, 4.4678272619979085, 4.467827261997915, 4.4678272619970345, 4.46782726199699, 4.467827261997061, 4.467827261997011, 4.467827261996529, 4.4678272619976465, 4.4678281965577895, 4.467828196557125, 4.467828196557131, 4.46782819655775, 4.467828196557789, 4.467828196557744, 4.467828196557793, 4.467828196558103, 4.467828196557347, 4.467828839197582, 4.467828839198007, 4.467828839197993, 4.467828839197607, 4.467828839197575, 4.467828839197607, 4.467828839197584, 4.467828839197381, 4.467828839197856, 4.467829133387178, 4.467829133386996, 4.467829133386981, 4.467829133387182, 4.467829133387202, 4.467829133387164, 4.467829133387181, 4.467829133387307, 4.467829133387036, 4.467829227243231, 4.46782922724325, 4.46782922724324, 4.4678292272432465, 4.467829227243219, 4.467829227243243, 4.467829227243227, 4.467829227243196, 4.467829227243255, 4.467829196290473, 4.4678291962905785, 4.4678291962905785, 4.467829196290459, 4.467829196290452, 4.46782919629048, 4.467829196290472, 4.46782919629039, 4.467829196290556, 4.46782907342034, 4.46782907342012, 4.467829073420126, 4.4678290734203, 4.467829073420376, 4.467829073420312, 4.467829073420343, 4.467829073420505, 4.467829073420157, 4.4678288787480716, 4.467828878748449, 4.467828878748447, 4.46782887874811, 4.467828878748056, 4.467828878748101, 4.467828878748073, 4.467828878747856, 4.467828878748335, 4.46782847666767, 4.467828476667088, 4.467828476667106, 4.467828476667683, 4.46782847666767, 4.467828476667643, 4.467828476667665, 4.467828476667932, 4.467828476667293, 4.4678277807390865, 4.467827780739877, 4.4678277807398805, 4.467827780739094, 4.467827780739072, 4.467827780739133, 4.467827780739088, 4.467827780738697, 4.467827780739623, 4.467826234242075, 4.467826234240963, 4.467826234240965, 4.467826234242004, 4.467826234242123, 4.467826234241995, 4.4678262342420725, 4.467826234242672, 4.467826234241301, 4.467822719127922, 4.46782271912954, 4.46782271912954, 4.467822719127996, 4.46782271912785, 4.4678227191280335, 4.467822719127917, 4.467822719127031, 4.4678227191290585, 4.467815036987717, 4.4678150369852965, 4.467815036985308, 4.467815036987628, 4.4678150369878, 4.46781503698756, 4.467815036987718, 4.467815036989001, 4.467815036986029, 4.467796991189664, 4.467796991193326, 4.467796991193323, 4.467796991189826, 4.467796991189564, 4.4677969911899025, 4.467796991189661, 4.467796991187753, 4.4677969911921975, 4.46775258275276, 4.467752582747128, 4.467752582747142, 4.467752582752528, 4.467752582752921, 4.467752582752394, 4.4677525827527615, 4.4677525827557085, 4.4677525827488545, 4.467642729497568, 4.467642729506353, 4.4676427295063394, 4.4676427294979195, 4.467642729497279, 4.467642729498149, 4.467642729497568, 4.46764272949292, 4.4676427295036865, 4.467363304331164, 4.467363304317371, 4.467363304317394, 4.467363304330521, 4.467363304331641, 4.467363304330229, 4.467363304331163, 4.467363304338496, 4.467363304321536, 4.466715176398194, 4.466715176419656, 4.466715176419622, 4.466715176399166, 4.46671517639745, 4.466715176399638, 4.466715176398189, 4.466715176386724, 4.466715176413225, 4.46539595048587, 4.465395950454591, 4.465395950454629, 4.465395950484354, 4.465395950487037, 4.465395950483768, 4.465395950485874, 4.465395950502677, 4.4653959504638845, 4.464143364573096, 4.46414336461182, 4.464143364611806, 4.464143364575148, 4.464143364571445, 4.4641433645758175, 4.464143364573101, 4.464143364551678, 4.464143364600723, 4.464705685889444, 4.46470568585482, 4.464705685854788, 4.464705685887208, 4.464705685891403, 4.464705685886879, 4.464705685889446, 4.4647056859093635, 4.464705685864316, 4.467292138886598, 4.467292138900476, 4.467292138900507, 4.467292138888132, 4.467292138885302, 4.467292138887816, 4.467292138886595, 4.467292138877652, 4.467292138897138, 4.467434652465761, 4.46743465247855, 4.46743465247852, 4.46743465246635, 4.467434652465322, 4.4674346524665385, 4.467434652465762, 4.4674346524589525, 4.467434652474679, 4.465664602896118, 4.465664602867819, 4.46566460286776, 4.465664602893591, 4.4656646028981255, 4.465664602893834, 4.465664602896115, 4.465664602913272, 4.465664602875026, 4.466331118825068, 4.466331118848593, 4.466331118848619, 4.466331118827189, 4.466331118823127, 4.466331118827075, 4.466331118825072, 4.466331118810337, 4.4663311188426995, 4.4678122051119935, 4.4678122051094435, 4.467812205109418, 4.467812205112108, 4.467812205112077, 4.467812205111861, 4.467812205111995, 4.467812205113451, 4.467812205110058, 4.466914637698444, 4.466914637680434, 4.46691463768037, 4.466914637696748, 4.466914637700098, 4.466914637696847, 4.466914637698442, 4.466914637710004, 4.466914637684734, 4.466434767397432, 4.466434767420504, 4.466434767420534, 4.466434767399123, 4.4664347673958815, 4.46643476739921, 4.466434767397435, 4.466434767383525, 4.4664347674145555, 4.46761674750533, 4.467616747495889, 4.467616747495919, 4.467616747504844, 4.467616747505447, 4.467616747504779, 4.4676167475053274, 4.467616747510079, 4.4676167474987905, 4.467498063177882, 4.467498063166915, 4.467498063166902, 4.467498063176876, 4.467498063178815, 4.4674980631769525, 4.467498063177886, 4.467498063184777, 4.467498063169622, 4.466772864394667, 4.466772864415193, 4.466772864415192, 4.4667728643960976, 4.466772864393724, 4.466772864396115, 4.466772864394666, 4.466772864383086, 4.466772864409516, 4.467486925646454, 4.467486925634752, 4.467486925634768, 4.467486925645834, 4.467486925646939, 4.46748692564572, 4.46748692564645, 4.46748692565293, 4.4674869256380605, 4.467725806597492, 4.467725806590945, 4.467725806590977, 4.467725806597115, 4.46772580659764, 4.467725806597101, 4.46772580659749, 4.467725806600902, 4.467725806592912, 4.467083858652555, 4.467083858669795, 4.467083858669808, 4.46708385865351, 4.467083858651768, 4.467083858653715, 4.467083858652558, 4.4670838586428125, 4.467083858665068, 4.467442933634544, 4.467442933622642, 4.467442933622628, 4.467442933633442, 4.467442933635504, 4.467442933633523, 4.4674429336345485, 4.467442933641923, 4.467442933625639, 4.467806747263302, 4.467806747260128, 4.467806747260145, 4.467806747263564, 4.4678067472630945, 4.467806747263239, 4.467806747263301, 4.467806747264465, 4.46780674726132, 4.467330408976041, 4.467330408989824, 4.467330408989858, 4.467330408977209, 4.4673304089751245, 4.467330408977133, 4.4673304089760375, 4.467330408967782, 4.467330408986214, 4.467445898466976, 4.467445898455515, 4.467445898455469, 4.467445898465567, 4.467445898468146, 4.467445898465936, 4.467445898466976, 4.46744589847464, 4.467445898458014, 4.46782870841754, 4.4678287084173745, 4.467828708417388, 4.467828708417616, 4.467828708417374, 4.467828708417598, 4.46782870841754, 4.467828708417377, 4.467828708417505, 4.467515672625967, 4.467515672636486, 4.467515672636527, 4.467515672627155, 4.467515672624973, 4.46751567262688, 4.467515672625971, 4.467515672619069, 4.467515672634078, 4.467479502517121, 4.467479502505929, 4.467479502505903, 4.467479502516021, 4.467479502518116, 4.467479502516114, 4.46747950251712, 4.467479502524251, 4.4674795025086365, 4.46781573972421, 4.467815739726611, 4.467815739726618, 4.467815739724307, 4.467815739724196, 4.467815739724327, 4.467815739724208, 4.467815739723046, 4.467815739725847, 4.4676571382494314, 4.467657138257214, 4.467657138257242, 4.467657138250244, 4.467657138248664, 4.467657138250162, 4.467657138249424, 4.4676571382443395, 4.467657138255386, 4.4675291220411735, 4.467529122030499, 4.4675291220304905, 4.4675291220402515, 4.467529122041846, 4.467529122040399, 4.467529122041173, 4.467529122047531, 4.467529122033254, 4.467783808263318, 4.467783808267668, 4.46778380826765, 4.4677838082635555, 4.467783808263238, 4.467783808263569, 4.467783808263316, 4.467783808261059, 4.467783808266378, 4.467758414964989, 4.467758414970137, 4.467758414970151, 4.467758414965494, 4.467758414964644, 4.467758414965375, 4.467758414964994, 4.467758414961841, 4.467758414968885, 4.467594889178582, 4.467594889168975, 4.467594889168979, 4.467594889177876, 4.4675948891790505, 4.467594889177897, 4.467594889178584, 4.467594889184015, 4.467594889171652, 4.46774535678395, 4.4677453567896235, 4.467745356789644, 4.467745356784356, 4.467745356783604, 4.467745356784372, 4.467745356783951, 4.467745356780594, 4.467745356788139, 4.467815759246384, 4.467815759248804, 4.467815759248786, 4.467815759246447, 4.467815759246373, 4.467815759246519, 4.4678157592463865, 4.467815759245227, 4.467815759248004, 4.467676703558689, 4.467676703551038, 4.467676703551026, 4.467676703558149, 4.4676767035591345, 4.467676703558148, 4.467676703558689, 4.467676703563198, 4.467676703553039, 4.467714851011606, 4.467714851018027, 4.467714851018039, 4.467714851012304, 4.467714851011045, 4.46771485101215, 4.467714851011613, 4.467714851007509, 4.467714851016504, 4.467827691022179, 4.467827691021655, 4.467827691021643, 4.4678276910219905, 4.467827691022336, 4.467827691022075, 4.467827691022178, 4.467827691022726, 4.467827691021668, 4.4677589286625095, 4.467758928657443, 4.467758928657435, 4.467758928661955, 4.467758928662913, 4.4677589286620725, 4.467758928662504, 4.467758928665673, 4.467758928658687, 4.467712193748246, 4.467712193754697, 4.467712193754713, 4.467712193748971, 4.467712193747652, 4.46771219374881, 4.467712193748248, 4.467712193744061, 4.467712193753196, 4.467801775630505, 4.467801775627314, 4.467801775627314, 4.467801775630262, 4.467801775630745, 4.467801775630268, 4.467801775630501, 4.467801775632484, 4.467801775628096, 4.467816567051972, 4.46781656704998, 4.4678165670499626, 4.4678165670516865, 4.467816567052242, 4.467816567051769, 4.467816567051975, 4.46781656705343, 4.467816567050352, 4.4677483440226835, 4.46774834402811, 4.467748344028131, 4.467748344023174, 4.46774834402224, 4.467748344023133, 4.467748344022685, 4.467748344019257, 4.4677483440268, 4.4677679562389985, 4.467767956234089, 4.467767956234097, 4.46776795623862, 4.4677679562392365, 4.467767956238651, 4.467767956238998, 4.467767956241794, 4.467767956235446, 4.467826817850833, 4.4678268178518605, 4.467826817851857, 4.467826817850866, 4.467826817850872, 4.467826817850859, 4.467826817850838, 4.467826817850386, 4.46782681785152, 4.467801863000526, 4.46780186300377, 4.467801863003776, 4.467801863000816, 4.467801863000335, 4.4678018630007665, 4.467801863000516, 4.467801862998611, 4.467801863002926, 4.467765332183687, 4.467765332178694, 4.467765332178694, 4.467765332183314, 4.467765332183932, 4.467765332183344, 4.467765332183694, 4.467765332186559, 4.4677653321800355, 4.467799911801664, 4.467799911805, 4.467799911805005, 4.467799911801931, 4.467799911801448, 4.467799911801928, 4.467799911801667, 4.467799911799669, 4.467799911804133, 4.46782907163597, 4.4678290716362135, 4.4678290716362, 4.467829071635916, 4.467829071636033, 4.467829071635959, 4.467829071635972, 4.467829071635966, 4.467829071636075, 4.467801954458286, 4.467801954455025, 4.467801954455026, 4.467801954458051, 4.467801954458458, 4.467801954458045, 4.467801954458287, 4.46780195446016, 4.467801954455916, 4.4677848695386535, 4.467784869542687, 4.467784869542693, 4.467784869539071, 4.467784869538338, 4.4677848695389795, 4.467784869538657, 4.4677848695361275, 4.467784869541715, 4.4678115419487865, 4.467811541946292, 4.467811541946293, 4.467811541948489, 4.4678115419490245, 4.467811541948554, 4.4678115419487865, 4.467811541950416, 4.467811541946869, 4.467829100326892, 4.46782910032667, 4.467829100326661, 4.467829100326854, 4.467829100326888, 4.467829100326888, 4.467829100326894, 4.467829100327021, 4.467829100326711, 4.467810759086849, 4.467810759089444, 4.467810759089446, 4.467810759087144, 4.46781075908663, 4.467810759087077, 4.467810759086854, 4.467810759085221, 4.467810759088798, 4.467797621319791, 4.467797621316402, 4.467797621316388, 4.467797621319482, 4.467797621320063, 4.4677976213195185, 4.467797621319793, 4.46779762132192, 4.467797621317216, 4.4678137978009875, 4.467813797803415, 4.467813797803409, 4.467813797801171, 4.4678137978008285, 4.467813797801167, 4.46781379780099, 4.467813797799533, 4.467813797802794, 4.467828976520907, 4.46782897652057, 4.467828976520565, 4.467828976520887, 4.467828976520898, 4.467828976520876, 4.467828976520906, 4.467828976521048, 4.467828976520704, 4.467821100246511, 4.467821100244761, 4.467821100244763, 4.467821100246357, 4.467821100246649, 4.467821100246375, 4.467821100246516, 4.467821100247568, 4.467821100245224, 4.467808457194903, 4.467808457197705, 4.467808457197715, 4.467808457195158, 4.467808457194724, 4.467808457195126, 4.467808457194902, 4.467808457193219, 4.467808457196988, 4.4678124536531305, 4.467812453650609, 4.467812453650608, 4.4678124536529005, 4.467812453653293, 4.467812453652949, 4.467812453653129, 4.467812453654647, 4.467812453651249, 4.467825531773239]
Total optimisation time observed during ADAM optimization: 18.989184 seconds
Median time per evaluation during ADAM optimization: 0.035007 seconds
4.467825531773239
QAOA optimisation for n=2 took 21.48 seconds; started at 1777575994.564385 and finished at 1777576016.0398169
Finished QAOA for n=8 nodes, m=12 edges at 2026-04-30 21:06:56 on Apple M4. Time taken: 21.48 seconds. Hours: 0.01 hours. Peak RAM: 270.72 MB.
Unknown graph type for approximation ratio calculation; skipping approx ratio computation.
CSV writing for n=2 took 0.00 seconds; started at 1777576016.0398211 and finished at 1777576016.040258
results: {2: 4.467825531773239}
durations: {8: 21.475435972213745}
Results saved to: logs/adam/qaoa_results_adam_20260430_200911.csv
Global end time: 1777576016.040264
Finalisation time: 0.00 seconds; started at 1777576016.040261 and finished at 1777576016.040266
Sum of all section times: 21.58 seconds
