2026-04-30 22:31:51.180 system_profiler[91541:1464243] hw.cpufamily: 0x6f5129ac
Starting QAOA benchmark with global start time: 1777581111.112829
Benchmark parameters: {'optimiser': 'adam', 'circuit_type': 'hamqaoa', 'parameter_vector': [1, 1, 1], 'iterations_list': [50, 100, 200, 500], 'learning_rate_adam': 0.05, 'depth_list': [1, 2, 5, 10], 'n_start': 0, 'n_end': 30, 'singlet_injection': False, 'start_index_singlet': 0, 'warm_start': True, 'compare_with_010101': False, 'warm_start_correlations': False, 'init_QAOAparams_close_to_zero': False, 'use_correlations_as_initial_params': False, 'time_limit': 10800, 'failed_instance_termination_thrsh': 10, 'graph_generation_type': 'HOG', 'weighted': False, 'easiest_first': True, 'cpu_util_threshold': 90, 'debug': False, 'save_circuit_svg': False, 'rerun_exclude_finished_instances': False, 'optimiser_debug_iterations': 1, 'relative_graph_adjList_path': '/Users/julian_dev/Projects/MasterThesis/QAOA/HOG_graphs/list_27_graphs_adjacency_list.txt'}, Running QAOA with equal superposition
Benchmark run ID: d2d48fd2
Processor: Apple M4
Hostname: Mac-mini-som-tillhor-Julian.local
Total RAM (GB): 16.0
Physical cores: 10
Logical cores: 10
Python version: 3.13.1
Initialisation time: 0.09 seconds; started at {'initialisation': 0.08570408821105957} and finished at 1777581111.1985412
Loaded HOG graph index 1 with 9 edges.
Instance generation for n=1 took 0.00 seconds; started at 1777581111.198546 and finished at 1777581111.198838
Running QAOA for n=6 nodes, m=9 edges...; Max iterations: 500
Warm-start: using parameter_vector=[1, 1, 1]
Warm-start: starting SDP solve for n_vertices=6
Starting SDP solve (solver preference: MOSEK, fallback: SCS) for n_vertices=6, matrix_dim=18, edges=9
Finished SDP solve with MOSEK. status=optimal. elapsed_seconds=0.03
Rounding...
n_vertices: 6 for n = 18
Using seed None to generate random matrix for x.
r_0: [-0.09564262  0.51540886 -0.85159039]
Product state qubit 0: [[ 0.0742048 +0.j         -0.04782131-0.25770443j]
 [-0.04782131+0.25770443j  0.9257952 +0.j        ]]
Diagonal entries of product state 0: [0.0742048 0.9257952]
r_1: [ 0.09564167 -0.51540826  0.85159086]
Product state qubit 1: [[0.92579543+0.j         0.04782083+0.25770413j]
 [0.04782083-0.25770413j 0.07420457+0.j        ]]
Diagonal entries of product state 1: [0.92579543 0.07420457]
r_2: [ 0.09564292 -0.51540859  0.85159052]
Product state qubit 2: [[0.92579526+0.j         0.04782146+0.25770429j]
 [0.04782146-0.25770429j 0.07420474+0.j        ]]
Diagonal entries of product state 2: [0.92579526 0.07420474]
r_3: [ 0.09564175 -0.51540831  0.85159082]
Product state qubit 3: [[0.92579541+0.j         0.04782088+0.25770415j]
 [0.04782088-0.25770415j 0.07420459+0.j        ]]
Diagonal entries of product state 3: [0.92579541 0.07420459]
r_4: [-0.09564251  0.51540796 -0.85159095]
Product state qubit 4: [[ 0.07420452+0.j         -0.04782125-0.25770398j]
 [-0.04782125+0.25770398j  0.92579548+0.j        ]]
Diagonal entries of product state 4: [0.07420452 0.92579548]
r_5: [-0.09564209  0.51540812 -0.8515909 ]
Product state qubit 5: [[ 0.07420455+0.j         -0.04782105-0.25770406j]
 [-0.04782105+0.25770406j  0.92579545+0.j        ]]
Diagonal entries of product state 5: [0.07420455 0.92579545]
y_scalar: False
[-1, 1, 1, 1, -1, -1]
Hamiltonian equals product state? [[False False False False]
 [False False False False]
 [False False False False]
 [False False False False]]
Hamiltonian: [[ 0. +0.j  0. +0.j  0. +0.j  0. +0.j]
 [ 0. +0.j  0.5+0.j -0.5+0.j  0. +0.j]
 [ 0. +0.j -0.5+0.j  0.5+0.j  0. +0.j]
 [ 0. +0.j  0. +0.j  0. +0.j  0. +0.j]], product state: [[ 0.06869847+0.00000000e+00j  0.00354854+1.91228841e-02j
  -0.04427275-2.38581583e-01j  0.06412464-2.46473893e-02j]
 [ 0.00354854-1.91228841e-02j  0.00550634+0.00000000e+00j
  -0.06869835+1.08018605e-07j -0.00354856-1.91228459e-02j]
 [-0.04427275+2.38581583e-01j -0.06869835-1.08018605e-07j
   0.85709696+0.00000000e+00j  0.0442723 +2.38581245e-01j]
 [ 0.06412464+2.46473893e-02j -0.00354856+1.91228459e-02j
   0.0442723 -2.38581245e-01j  0.06869823+0.00000000e+00j]]
Hamiltonian equals product state? [[False False False False]
 [False False False False]
 [False False False False]
 [False False False False]]
Hamiltonian: [[ 0. +0.j  0. +0.j  0. +0.j  0. +0.j]
 [ 0. +0.j  0.5+0.j -0.5+0.j  0. +0.j]
 [ 0. +0.j -0.5+0.j  0.5+0.j  0. +0.j]
 [ 0. +0.j  0. +0.j  0. +0.j  0. +0.j]], product state: [[ 0.06869823+0.00000000e+00j -0.04427251-2.38581236e-01j
   0.00354853+1.91228209e-02j  0.06412456-2.46473166e-02j]
 [-0.04427251+2.38581236e-01j  0.85709718+0.00000000e+00j
  -0.06869825-4.81448669e-08j  0.04427235+2.38581333e-01j]
 [ 0.00354853-1.91228209e-02j -0.06869825+4.81448669e-08j
   0.00550632+0.00000000e+00j -0.00354854-1.91228237e-02j]
 [ 0.06412456+2.46473166e-02j  0.04427235-2.38581333e-01j
  -0.00354854+1.91228237e-02j  0.06869827+0.00000000e+00j]]
Hamiltonian equals product state? [[False False False False]
 [False False False False]
 [False False False False]
 [False False False False]]
Hamiltonian: [[ 0. +0.j  0. +0.j  0. +0.j  0. +0.j]
 [ 0. +0.j  0.5+0.j -0.5+0.j  0. +0.j]
 [ 0. +0.j -0.5+0.j  0.5+0.j  0. +0.j]
 [ 0. +0.j  0. +0.j  0. +0.j  0. +0.j]], product state: [[ 0.06869847+0.00000000e+00j  0.00354854+1.91228859e-02j
  -0.04427275-2.38581578e-01j  0.06412464-2.46474017e-02j]
 [ 0.00354854-1.91228859e-02j  0.00550634+0.00000000e+00j
  -0.06869836+9.79734730e-08j -0.00354856-1.91228510e-02j]
 [-0.04427275+2.38581578e-01j -0.06869836-9.79734730e-08j
   0.85709695+0.00000000e+00j  0.04427234+2.38581268e-01j]
 [ 0.06412464+2.46474017e-02j -0.00354856+1.91228510e-02j
   0.04427234-2.38581268e-01j  0.06869825+0.00000000e+00j]]
Hamiltonian equals product state? [[False False False False]
 [False False False False]
 [False False False False]
 [False False False False]]
Hamiltonian: [[ 0. +0.j  0. +0.j  0. +0.j  0. +0.j]
 [ 0. +0.j  0.5+0.j -0.5+0.j  0. +0.j]
 [ 0. +0.j -0.5+0.j  0.5+0.j  0. +0.j]
 [ 0. +0.j  0. +0.j  0. +0.j  0. +0.j]], product state: [[ 0.06869821+0.00000000e+00j -0.0442727 -2.38581161e-01j
   0.00354853+1.91228141e-02j  0.06412453-2.46473660e-02j]
 [-0.0442727 +2.38581161e-01j  0.8570972 +0.00000000e+00j
  -0.06869824-1.05287296e-07j  0.04427235+2.38581340e-01j]
 [ 0.00354853-1.91228141e-02j -0.06869824+1.05287296e-07j
   0.00550632+0.00000000e+00j -0.00354856-1.91228176e-02j]
 [ 0.06412453+2.46473660e-02j  0.04427235-2.38581340e-01j
  -0.00354856+1.91228176e-02j  0.06869827+0.00000000e+00j]]
Hamiltonian equals product state? [[False False False False]
 [False False False False]
 [False False False False]
 [False False False False]]
Hamiltonian: [[ 0. +0.j  0. +0.j  0. +0.j  0. +0.j]
 [ 0. +0.j  0.5+0.j -0.5+0.j  0. +0.j]
 [ 0. +0.j -0.5+0.j  0.5+0.j  0. +0.j]
 [ 0. +0.j  0. +0.j  0. +0.j  0. +0.j]], product state: [[ 0.06869823+0.00000000e+00j -0.04427251-2.38581241e-01j
   0.00354852+1.91228190e-02j  0.06412456-2.46473042e-02j]
 [-0.04427251+2.38581241e-01j  0.8570972 +0.00000000e+00j
  -0.06869824-5.81899892e-08j  0.04427231+2.38581310e-01j]
 [ 0.00354852-1.91228190e-02j -0.06869824+5.81899892e-08j
   0.00550632+0.00000000e+00j -0.00354854-1.91228185e-02j]
 [ 0.06412456+2.46473042e-02j  0.04427231-2.38581310e-01j
  -0.00354854+1.91228185e-02j  0.06869825+0.00000000e+00j]]
Hamiltonian equals product state? [[False False False False]
 [False False False False]
 [False False False False]
 [False False False False]]
Hamiltonian: [[ 0. +0.j  0. +0.j  0. +0.j  0. +0.j]
 [ 0. +0.j  0.5+0.j -0.5+0.j  0. +0.j]
 [ 0. +0.j -0.5+0.j  0.5+0.j  0. +0.j]
 [ 0. +0.j  0. +0.j  0. +0.j  0. +0.j]], product state: [[ 0.06869822+0.00000000e+00j -0.0442725 -2.38581198e-01j
   0.00354857+1.91228311e-02j  0.06412457-2.46474733e-02j]
 [-0.0442725 +2.38581198e-01j  0.85709704+0.00000000e+00j
  -0.06869831+9.52867014e-08j  0.04427289+2.38581462e-01j]
 [ 0.00354857-1.91228311e-02j -0.06869831-9.52867014e-08j
   0.00550633+0.00000000e+00j -0.00354855-1.91228621e-02j]
 [ 0.06412457+2.46474733e-02j  0.04427289-2.38581462e-01j
  -0.00354855+1.91228621e-02j  0.06869841+0.00000000e+00j]]
Hamiltonian equals product state? [[False False False False]
 [False False False False]
 [False False False False]
 [False False False False]]
Hamiltonian: [[ 0. +0.j  0. +0.j  0. +0.j  0. +0.j]
 [ 0. +0.j  0.5+0.j -0.5+0.j  0. +0.j]
 [ 0. +0.j -0.5+0.j  0.5+0.j  0. +0.j]
 [ 0. +0.j  0. +0.j  0. +0.j  0. +0.j]], product state: [[ 0.06869821+0.00000000e+00j -0.0442727 -2.38581166e-01j
   0.00354852+1.91228123e-02j  0.06412453-2.46473536e-02j]
 [-0.0442727 +2.38581166e-01j  0.85709722+0.00000000e+00j
  -0.06869823-1.15332409e-07j  0.04427231+2.38581317e-01j]
 [ 0.00354852-1.91228123e-02j -0.06869823+1.15332409e-07j
   0.00550631+0.00000000e+00j -0.00354856-1.91228125e-02j]
 [ 0.06412453+2.46473536e-02j  0.04427231-2.38581317e-01j
  -0.00354856+1.91228125e-02j  0.06869825+0.00000000e+00j]]
Hamiltonian equals product state? [[False False False False]
 [False False False False]
 [False False False False]
 [False False False False]]
Hamiltonian: [[ 0. +0.j  0. +0.j  0. +0.j  0. +0.j]
 [ 0. +0.j  0.5+0.j -0.5+0.j  0. +0.j]
 [ 0. +0.j -0.5+0.j  0.5+0.j  0. +0.j]
 [ 0. +0.j  0. +0.j  0. +0.j  0. +0.j]], product state: [[ 0.06869845+0.00000000e+00j  0.00354858+1.91228962e-02j
  -0.04427274-2.38581539e-01j  0.06412465-2.46475584e-02j]
 [ 0.00354858-1.91228962e-02j  0.00550635+0.00000000e+00j
  -0.06869842-4.54582737e-08j -0.00354857-1.91228895e-02j]
 [-0.04427274+2.38581539e-01j -0.06869842+4.54582737e-08j
   0.85709681+0.00000000e+00j  0.04427288+2.38581396e-01j]
 [ 0.06412465+2.46475584e-02j -0.00354857+1.91228895e-02j
   0.04427288-2.38581396e-01j  0.06869839+0.00000000e+00j]]
Hamiltonian equals product state? [[False False False False]
 [False False False False]
 [False False False False]
 [False False False False]]
Hamiltonian: [[ 0. +0.j  0. +0.j  0. +0.j  0. +0.j]
 [ 0. +0.j  0.5+0.j -0.5+0.j  0. +0.j]
 [ 0. +0.j -0.5+0.j  0.5+0.j  0. +0.j]
 [ 0. +0.j  0. +0.j  0. +0.j  0. +0.j]], product state: [[ 0.0686982 +0.00000000e+00j -0.04427269-2.38581122e-01j
   0.00354857+1.91228244e-02j  0.06412454-2.46475227e-02j]
 [-0.04427269+2.38581122e-01j  0.85709707+0.00000000e+00j
  -0.0686983 +3.81441968e-08j  0.04427289+2.38581468e-01j]
 [ 0.00354857-1.91228244e-02j -0.0686983 -3.81441968e-08j
   0.00550633+0.00000000e+00j -0.00354856-1.91228561e-02j]
 [ 0.06412454+2.46475227e-02j  0.04427289-2.38581468e-01j
  -0.00354856+1.91228561e-02j  0.06869841+0.00000000e+00j]]
Energy of rounded cut: 4.499999999999182
Check the cut: [-1, 1, 1, 1, -1, -1]
9 in cut out of a total of 9 edges
Warm-start: SDP solve + rounding finished in 0.04 seconds
Warm-start: statevector build finished in 0.00 seconds
warm_start_correlations: None
Edges: [(0, 1), (3, 5), (0, 3), (3, 4), (1, 5), (2, 5), (1, 4), (0, 2), (2, 4)], weights: [1.0, 1.0, 1.0, 1.0, 1.0, 1.0, 1.0, 1.0, 1.0], set of nodes: {0, 1, 2, 3, 4, 5}, n: 6 nodes, p: 5 layers, N_bayes: 500 iterations
Initial state injected as warm start
Initial state energy for vector-normalised SDP solution used as warm start: 2.499999999999967
Running ADAM optimization with a single iteration (no debug loop)
ADAM optimizer configured with maxiter=500 and learning_rate=0.05
Generated 4 random initial parameter sets for ADAM optimization
Using random initial parameters with:
Param_type 1:  [ 2.07348522  2.46037873  2.63893756 -1.20683977 -2.07999717]
Param_type 2:  [-1.15550963  2.31050586 -0.61934933 -2.66148052  2.12130273]
Param_type 3:  [-1.84104743  2.08311896  1.5130609  -1.88358444  0.57307583]
Param_type 4:  [-1.85832913 -1.66272093  2.84591833 -1.3456191  -0.0363132 ]
Energies observed during ADAM optimization: [1.9580079647326742, 1.9580079647181265, 1.9580079646119803, 1.9580079648045277, 1.9580079647327284, 1.9580079647498299, 1.9580079646640496, 1.958007964755115, 1.9580079647689705, 1.95800796472937, 1.958007964734868, 1.9580079647613298, 1.9580079647643365, 1.9580079647421758, 1.958007964729118, 1.958007964732672, 1.9580079646828163, 1.9580079646457467, 1.958007964761321, 1.958007964712684, 1.9580079647173647, 2.2863178961094883, 2.2863178961305293, 2.286317896035675, 2.2863178961485873, 2.2863178961777537, 2.286317896120511, 2.2863178960964543, 2.286317896168158, 2.2863178961315183, 2.286317896138735, 2.286317896113008, 2.2863178961173456, 2.2863178961401083, 2.2863178961193835, 2.2863178960970756, 2.2863178961094865, 2.286317896088008, 2.286317896016934, 2.2863178961169752, 2.286317896114204, 2.286317896044358, 2.4108929937395094, 2.4108929937877392, 2.4108929937697043, 2.4108929936928356, 2.4108929937460024, 2.410892993682369, 2.41089299377762, 2.4108929937790835, 2.410892993788002, 2.410892993800185, 2.4108929937310424, 2.410892993715864, 2.41089299370606, 2.410892993731992, 2.4108929937284143, 2.41089299373951, 2.41089299375784, 2.4108929937042154, 2.41089299370536, 2.410892993779861, 2.410892993703288, 2.4750232815238564, 2.475023281563856, 2.4750232815730424, 2.4750232814717816, 2.47502328149865, 2.4750232814229585, 2.4750232815633058, 2.4750232815271027, 2.4750232815329363, 2.4750232815617945, 2.4750232815050217, 2.4750232815164845, 2.4750232815014597, 2.4750232814995408, 2.4750232815193884, 2.4750232815238578, 2.4750232815548383, 2.475023281525654, 2.4750232815042814, 2.475023281571223, 2.4750232815306377, 2.5053937640830695, 2.5053937641082675, 2.505393764145431, 2.5053937640485193, 2.5053937640621955, 2.5053937639974517, 2.5053937641113135, 2.5053937640662145, 2.505393764013298, 2.5053937640631623, 2.5053937640636006, 2.505393764105448, 2.5053937641250097, 2.5053937640823096, 2.5053937640832027, 2.5053937640830672, 2.5053937641092134, 2.5053937641228483, 2.505393764103325, 2.5053937641108885, 2.5053937641210107, 2.526231840198257, 2.5262318402038932, 2.526231840250669, 2.526231840193656, 2.5262318401956714, 2.5262318401421475, 2.5262318402024424, 2.526231840192172, 2.5262318400861306, 2.5262318401253827, 2.526231840190435, 2.526231840226407, 2.526231840255956, 2.526231840206279, 2.526231840202789, 2.5262318401982573, 2.526231840198288, 2.5262318402467296, 2.5262318402316124, 2.5262318401966333, 2.5262318402378385, 2.575900763322214, 2.5759007633113344, 2.5759007633449906, 2.575900763344845, 2.5759007633248907, 2.5759007632835917, 2.5759007633049693, 2.5759007633451976, 2.575900763215453, 2.5759007632229567, 2.575900763330555, 2.575900763339256, 2.5759007633480864, 2.575900763321632, 2.5759007633293725, 2.5759007633222137, 2.575900763286643, 2.575900763359378, 2.5759007633435, 2.5759007632987783, 2.5759007633390554, 2.6296290662918227, 2.629629066269561, 2.6296290662859105, 2.6296290663381607, 2.6296290662970576, 2.629629066274234, 2.6296290662736923, 2.629629066331831, 2.629629066225099, 2.6296290661988517, 2.629629066313447, 2.6296290662951884, 2.6296290662714092, 2.6296290662847595, 2.6296290662978823, 2.6296290662918227, 2.6296290662297137, 2.6296290663199953, 2.629629066295105, 2.6296290662645956, 2.6296290662686492, 2.68053621932359, 2.6805362193019566, 2.6805362193030327, 2.680536219376667, 2.6805362193393765, 2.6805362193295954, 2.680536219316823, 2.6805362193498836, 2.680536219301163, 2.680536219265381, 2.6805362193504663, 2.680536219317828, 2.680536219274192, 2.6805362193203535, 2.6805362193261875, 2.6805362193235918, 2.6805362192562594, 2.68053621935241, 2.68053621931639, 2.6805362193048343, 2.680536219268192, 2.7201600825545755, 2.72016008254638, 2.7201600825293526, 2.7201600825917973, 2.720160082582769, 2.7201600825851777, 2.7201600825536234, 2.720160082538222, 2.720160082569883, 2.72016008254563, 2.7201600825810006, 2.7201600825449828, 2.7201600825011667, 2.720160082562301, 2.7201600825539938, 2.720160082554577, 2.720160082500076, 2.720160082583327, 2.7201600825438823, 2.720160082542061, 2.7201600824914087, 2.736134172575342, 2.736134172587467, 2.736134172556019, 2.7361341725893946, 2.736134172612101, 2.736134172631855, 2.7361341725734727, 2.736134172512921, 2.7361341726200887, 2.7361341726052637, 2.736134172598594, 2.736134172564873, 2.736134172532332, 2.7361341725911505, 2.736134172571148, 2.7361341725753414, 2.736134172543487, 2.736134172598432, 2.7361341725637676, 2.736134172565102, 2.736134172520632, 2.7541253235156473, 2.7541253235485748, 2.754125323511806, 2.75412532351514, 2.7541253235557726, 2.7541253235934304, 2.754125323513496, 2.7541253234302836, 2.7541253235790393, 2.7541253235594665, 2.7541253235325667, 2.7541253235017065, 2.7541253234849354, 2.7541253235304186, 2.7541253235037897, 2.7541253235156455, 2.754125323510207, 2.7541253235340477, 2.754125323502078, 2.754125323512263, 2.754125323467817, 2.796815848722577, 2.796815848773209, 2.7968158487333143, 2.7968158487151196, 2.796815848754634, 2.796815848810519, 2.7968158487187, 2.796815848638804, 2.796815848795559, 2.7968158487611654, 2.796815848727853, 2.796815848704277, 2.7968158487044152, 2.7968158487325447, 2.7968158486986905, 2.7968158487225794, 2.7968158487423493, 2.7968158487390733, 2.796815848705713, 2.7968158487331642, 2.796815848676689, 2.8603097500678425, 2.860309750121153, 2.8603097500732133, 2.8603097500530965, 2.8603097500749217, 2.8603097501453223, 2.8603097500553076, 2.8603097500129713, 2.860309750131548, 2.860309750089863, 2.860309750054, 2.860309750053422, 2.860309750070735, 2.8603097500773713, 2.860309750031433, 2.860309750067843, 2.8603097500990216, 2.8603097500806722, 2.86030975005272, 2.860309750097024, 2.86030975002595, 2.912071602145237, 2.912071602177103, 2.9120716021200286, 2.9120716021218236, 2.912071602116306, 2.9120716021888495, 2.912071602119484, 2.912071602146962, 2.9120716021738993, 2.9120716021470288, 2.9120716021075044, 2.912071602148363, 2.9120716021824053, 2.9120716021571877, 2.912071602102598, 2.9120716021452333, 2.9120716021663267, 2.9120716021497413, 2.9120716021424378, 2.912071602190483, 2.9120716021175705, 2.9364733080556698, 2.9364733080611964, 2.9364733080058705, 2.9364733080365983, 2.9364733080044636, 2.9364733080598455, 2.9364733080240986, 2.9364733081180274, 2.9364733080497225, 2.9364733080416725, 2.936473308002609, 2.9364733080755374, 2.9364733081188454, 2.9364733080600343, 2.9364733080136336, 2.9364733080556706, 2.9364733080622143, 2.9364733080526864, 2.9364733080650924, 2.936473308102759, 2.9364733080499934, 2.9630717453654962, 2.963071745363222, 2.963071745318914, 2.9630717453666637, 2.9630717453162, 2.963071745345543, 2.9630717453447, 2.9630717454603532, 2.96307174534902, 2.9630717453438145, 2.9630717453151396, 2.963071745387394, 2.9630717454259035, 2.963071745353127, 2.9630717453243247, 2.9630717453654944, 2.963071745371968, 2.963071745356989, 2.963071745368798, 2.96307174539816, 2.9630717453809994, 3.0003549741866653, 3.0003549741936064, 3.0003549741607753, 3.000354974212902, 3.000354974154187, 3.000354974163258, 3.000354974191379, 3.000354974274622, 3.0003549741742703, 3.000354974167932, 3.000354974155347, 3.0003549741982836, 3.000354974223379, 3.0003549741641167, 3.000354974148063, 3.0003549741866666, 3.0003549742046363, 3.0003549741712776, 3.000354974164816, 3.0003549741961035, 3.00035497421846, 3.033334375494096, 3.0333343755134043, 3.0333343754880646, 3.0333343755359548, 3.033334375483102, 3.0333343754804556, 3.0333343755246744, 3.0333343755501057, 3.0333343754859583, 3.0333343754851967, 3.0333343754888826, 3.0333343754905493, 3.0333343755026614, 3.0333343754760955, 3.03333437546518, 3.033334375494098, 3.0333343755208855, 3.0333343754703357, 3.0333343754457176, 3.0333343754813247, 3.033334375534563, 3.058538134042141, 3.0585381340659707, 3.0585381340418074, 3.0585381340847584, 3.0585381340458238, 3.0585381340389692, 3.058538134080392, 3.0585381340606688, 3.0585381340324513, 3.058538134040766, 3.0585381340579105, 3.058538134025947, 3.058538134028972, 3.0585381340423643, 3.0585381340318256, 3.0585381340421454, 3.0585381340645643, 3.058538134008727, 3.058538133983293, 3.0585381340161035, 3.0585381340824096, 3.0771719943907136, 3.0771719944084595, 3.0771719943823, 3.077171994421407, 3.0771719943953286, 3.0771719943916924, 3.0771719944141394, 3.0771719943771263, 3.077171994374461, 3.0771719943890132, 3.0771719944152354, 3.077171994368588, 3.0771719943646643, 3.0771719944164793, 3.0771719944041758, 3.0771719943907114, 3.0771719943973097, 3.0771719943495253, 3.077171994341951, 3.077171994363024, 3.0771719944227214, 3.0902813903071973, 3.0902813903121205, 3.090281390289382, 3.090281390317915, 3.0902813903022555, 3.090281390309059, 3.090281390304494, 3.0902813902758988, 3.090281390283605, 3.0902813902961057, 3.090281390328602, 3.0902813902849156, 3.0902813902750887, 3.090281390351811, 3.09028139033825, 3.090281390307198, 3.090281390295277, 3.0902813902668638, 3.090281390283668, 3.090281390289394, 3.090281390321229, 3.101406829876479, 3.1014068298685085, 3.101406829859122, 3.10140682986731, 3.1014068298594295, 3.1014068298805335, 3.101406829849434, 3.101406829845614, 3.101406829848181, 3.101406829848569, 3.101406829888514, 3.1014068298576545, 3.1014068298463253, 3.1014068299264097, 3.101406829911337, 3.101406829876483, 3.1014068298507644, 3.1014068298482536, 3.1014068298840805, 3.1014068298768307, 3.1014068298632855, 3.115324629096445, 3.115324629081669, 3.1153246290913623, 3.115324629074405, 3.115324629071037, 3.1153246291049936, 3.115324629056038, 3.115324629078734, 3.1153246290694288, 3.115324629049914, 3.1153246290984087, 3.1153246290814205, 3.1153246290747982, 3.115324629140138, 3.115324629121722, 3.1153246290964423, 3.1153246290668144, 3.1153246290860475, 3.115324629130326, 3.115324629115666, 3.115324629055894, 3.1416296358462064, 3.141629635834759, 3.1416296358572438, 3.1416296358233606, 3.141629635819598, 3.1416296358600837, 3.1416296358094775, 3.1416296358437776, 3.1416296358275724, 3.1416296357890534, 3.1416296358403684, 3.1416296358313374, 3.14162963583261, 3.141629635875875, 3.141629635852445, 3.1416296358462086, 3.1416296358238007, 3.1416296358499616, 3.141629635891103, 3.14162963587588, 3.1416296357927966, 3.178866800592295, 3.1788668005944785, 3.178866800616358, 3.178866800582132, 3.178866800572179, 3.1788668006090823, 3.1788668005786826, 3.1788668005994083, 3.178866800586549, 3.178866800540884, 3.178866800581763, 3.1788668005738603, 3.1788668005826075, 3.178866800602881, 3.1788668005749687, 3.178866800592297, 3.1788668005850074, 3.1788668006009426, 3.1788668006288843, 3.178866800619134, 3.1788668005489615, 3.2088609703390634, 3.2088609703591855, 3.2088609703715765, 3.208860970348334, 3.2088609703285154, 3.208860970352765, 3.2088609703610698, 3.2088609703480606, 3.2088609703453774, 3.2088609703073545, 3.208860970327471, 3.2088609703184825, 3.20886097033263, 3.2088609703305107, 3.2088609703012074, 3.2088609703390656, 3.20886097034847, 3.20886097034358, 3.208860970353183, 3.208860970351292, 3.208860970324946, 3.224881179905064, 3.2248811799355126, 3.2248811799377926, 3.2248811799250476, 3.224881179899244, 3.224881179908903, 3.2248811799544495, 3.2248811799113795, 3.224881179916961, 3.224881179893098, 3.2248811798956414, 3.224881179889285, 3.2248811799065007, 3.224881179885987, 3.224881179859193, 3.2248811799050627, 3.22488117992507, 3.224881179900736, 3.224881179895373, 3.2248811798984036, 3.22488117992475, 3.23824399372742, 3.2382439937520555, 3.2382439937471177, 3.238243993739647, 3.238243993718604, 3.2382439937178273, 3.238243993777377, 3.23824399373091, 3.2382439937366376, 3.238243993726263, 3.238243993721315, 3.2382439937242142, 3.238243993741963, 3.2382439937108023, 3.2382439936901664, 3.2382439937274166, 3.238243993748291, 3.2382439937150966, 3.238243993704002, 3.2382439937066283, 3.238243993770018, 3.2486888147324398, 3.2486888147367154, 3.248688814726984, 3.2486888147250133, 3.2486888147176325, 3.2486888147119846, 3.248688814755346, 3.248688814734621, 3.2486888147338644, 3.248688814738164, 3.2486888147292303, 3.248688814745594, 3.2486888147606816, 3.248688814727803, 3.2486888147162523, 3.248688814732441, 3.2486888147463375, 3.248688814716722, 3.248688814707739, 3.2486888147067585, 3.248688814780684, 3.2478814141817978, 3.2478814141630505, 3.247881414148951, 3.247881414158098, 3.247881414167219, 3.2478814141612147, 3.2478814141676846, 3.2478814141857444, 3.2478814141756263, 3.2478814141965073, 3.247881414181168, 3.2478814142077868, 3.2478814142179506, 3.2478814141898282, 3.247881414188341, 3.2478814141818004, 3.247881414186284, 3.2478814141691004, 3.2478814141641874, 3.2478814141595387, 3.2478814142211987, 3.2428496965403006, 3.242849696510578, 3.2428496964915277, 3.2428496965147287, 3.2428496965378963, 3.2428496965344547, 3.242849696503673, 3.242849696550779, 3.242849696530611, 3.242849696563492, 3.242849696542528, 3.242849696569768, 3.2428496965756435, 3.2428496965534688, 3.242849696560227, 3.2428496965402993, 3.242849696538843, 3.242849696537354, 3.242849696533276, 3.242849696526498, 3.242849696562568, 3.2430987383097176, 3.2430987382854544, 3.2430987382633987, 3.2430987382974803, 3.2430987383270358, 3.2430987383276695, 3.243098738274281, 3.243098738329474, 3.243098738300808, 3.2430987383366228, 3.2430987383161183, 3.2430987383332677, 3.243098738337143, 3.243098738318727, 3.243098738330282, 3.2430987383097185, 3.2430987383089067, 3.2430987383211023, 3.243098738313094, 3.2430987383059175, 3.2430987383121774, 3.245571494966683, 3.245571494957644, 3.2455714949379804, 3.2455714949742056, 3.2455714949981287, 3.2455714950029106, 3.245571494947859, 3.24557149499285, 3.245571494960677, 3.245571494993377, 3.2455714949792993, 3.2455714949786088, 3.2455714949812196, 3.2455714949654118, 3.2455714949784875, 3.245571494966682, 3.2455714949717445, 3.2455714949920607, 3.2455714949769976, 3.2455714949704584, 3.245571494952538, 3.247732762574074, 3.2477327625797012, 3.247732762568246, 3.247732762593656, 3.247732762602994, 3.2477327626104353, 3.247732762573808, 3.247732762598949, 3.247732762570717, 3.24773276260016, 3.2477327625939476, 3.2477327625738823, 3.2477327625735266, 3.247732762561849, 3.2477327625745605, 3.247732762574073, 3.247732762585382, 3.247732762607916, 3.2477327625864505, 3.247732762580018, 3.247732762551511, 3.2512184976414775, 3.251218497654189, 3.2512184976532175, 3.2512184976561063, 3.2512184976523737, 3.2512184976596887, 3.25121849765265, 3.251218497655762, 3.2512184976382184, 3.2512184976673777, 3.25121849766707, 3.25121849763414, 3.2512184976289897, 3.251218497623674, 3.251218497635533, 3.251218497641477, 3.251218497654947, 3.251218497675705, 3.2512184976526064, 3.251218497644554, 3.251218497619457, 3.2554849032519675, 3.2554849032632585, 3.2554849032706574, 3.2554849032474884, 3.2554849032404074, 3.255484903244398, 3.2554849032659123, 3.2554849032485, 3.255484903245372, 3.255484903275428, 3.255484903278336, 3.2554849032452657, 3.2554849032363227, 3.2554849032376327, 3.2554849032484827, 3.2554849032519706, 3.255484903262304, 3.255484903279185, 3.25548490326135, 3.255484903250486, 3.255484903236459, 3.258687305688208, 3.258687305694095, 3.2586873057053825, 3.2586873056643473, 3.258687305663596, 3.2586873056622694, 3.258687305700707, 3.2586873056658066, 3.258687305677671, 3.258687305704663, 3.258687305707741, 3.258687305687673, 3.2586873056793886, 3.2586873056846075, 3.2586873056939702, 3.2586873056882064, 3.258687305692526, 3.258687305705301, 3.2586873056972494, 3.2586873056842105, 3.258687305681327, 3.262091194778794, 3.2620911947811733, 3.262091194792094, 3.262091194749019, 3.262091194758444, 3.262091194752206, 3.262091194791022, 3.262091194743785, 3.2620911947679896, 3.262091194784439, 3.2620911947846913, 3.2620911947846327, 3.2620911947822724, 3.262091194786383, 3.262091194793712, 3.2620911947787947, 3.2620911947777596, 3.2620911947879083, 3.2620911947888707, 3.2620911947757234, 3.2620911947801075, 3.2662406254734737, 3.2662406254763816, 3.266240625484478, 3.266240625453347, 3.266240625470457, 3.266240625461932, 3.2662406254876117, 3.2662406254371392, 3.2662406254675025, 3.2662406254680434, 3.2662406254644187, 3.2662406254815264, 3.266240625487626, 3.2662406254854095, 3.266240625490604, 3.266240625473476, 3.2662406254696035, 3.2662406254788694, 3.266240625484043, 3.266240625472965, 3.266240625481902, 3.2693531689506163, 3.2693531689552704, 3.26935316896005, 3.269353168946454, 3.2693531689651163, 3.26935316895805, 3.26935316896498, 3.2693531689241526, 3.269353168952386, 3.2693531689379287, 3.2693531689327684, 3.2693531689553, 3.2693531689677418, 3.2693531689572772, 3.269353168960742, 3.2693531689506163, 3.2693531689457505, 3.269353168954683, 3.269353168959098, 3.269353168951157, 3.2693531689649538, 3.2706200588381193, 3.2706200588410796, 3.2706200588430887, 3.2706200588440155, 3.2706200588587713, 3.2706200588563035, 3.2706200588461827, 3.2706200588278698, 3.270620058847011, 3.2706200588242313, 3.270620058821584, 3.2706200588360037, 3.2706200588488192, 3.2706200588335386, 3.270620058835794, 3.270620058838116, 3.270620058831489, 3.2706200588398118, 3.2706200588420153, 3.2706200588367897, 3.2706200588560486, 3.269741566880902, 3.2697415668769803, 3.269741566876599, 3.2697415668855054, 3.2697415668946355, 3.269741566897784, 3.269741566875968, 3.269741566886055, 3.2697415668935985, 3.2697415668710184, 3.2697415668731766, 3.269741566873066, 3.269741566880096, 3.269741566866318, 3.269741566867686, 3.2697415668809033, 3.269741566869409, 3.2697415668775984, 3.269741566879835, 3.269741566876315, 3.269741566898415, 3.2678268910970876, 3.267826891084693, 3.267826891082025, 3.2678268910942294, 3.2678268910983315, 3.2678268911054174, 3.2678268910790247, 3.26782689111124, 3.2678268911093173, 3.267826891092872, 3.267826891098752, 3.2678268910881734, 3.2678268910872212, 3.267826891078858, 3.2678268910796264, 3.26782689109709, 3.2678268910782715, 3.267826891088047, 3.2678268910929544, 3.267826891090549, 3.2678268911101522, 3.269044574016727, 3.2690445740004543, 3.269044573996033, 3.269044574010234, 3.269044574009316, 3.2690445740169634, 3.2690445739939777, 3.2690445740321796, 3.269044574025144, 3.2690445740160525, 3.269044574022214, 3.269044574011442, 3.269044574005381, 3.269044574001169, 3.2690445740018044, 3.2690445740167253, 3.2690445739916187, 3.269044574004833, 3.2690445740126046, 3.269044574011137, 3.269044574023795, 3.2749100166489833, 3.274910016637005, 3.274910016631822, 3.2749100166481986, 3.274910016642026, 3.274910016647185, 3.2749100166337635, 3.2749100166600953, 3.2749100166518152, 3.274910016648319, 3.274910016651426, 3.274910016649438, 3.2749100166432696, 3.274910016639075, 3.2749100166402947, 3.2749100166489864, 3.274910016621813, 3.2749100166392777, 3.274910016647436, 3.2749100166468947, 3.274910016651153, 3.280836087138612, 3.280836087136942, 3.2808360871318625, 3.2808360871495394, 3.280836087139616, 3.2808360871411897, 3.280836087139052, 3.280836087142487, 3.280836087135392, 3.2808360871360143, 3.280836087135099, 3.2808360871441313, 3.280836087140827, 3.280836087134369, 3.2808360871367164, 3.280836087138612, 3.2808360871139755, 3.28083608713481, 3.2808360871402975, 3.2808360871406936, 3.2808360871377507, 3.284043176240791, 3.284043176248813, 3.284043176243955, 3.284043176259218, 3.284043176249476, 3.284043176248325, 3.284043176254987, 3.284043176236893, 3.284043176232582, 3.2840431762369438, 3.284043176234432, 3.2840431762490097, 3.284043176247538, 3.284043176241242, 3.2840431762445728, 3.28404317624079, 3.28404317622102, 3.284043176242541, 3.2840431762443276, 3.2840431762450666, 3.2840431762382774, 3.2872182319577825, 3.287218231969582, 3.287218231964234, 3.2872182319716714, 3.287218231966908, 3.2872182319645584, 3.2872182319757384, 3.287218231947721, 3.2872182319469956, 3.2872182319549785, 3.2872182319548933, 3.2872182319658494, 3.2872182319629095, 3.287218231961762, 3.287218231965409, 3.2872182319577834, 3.2872182319429974, 3.287218231961598, 3.2872182319609093, 3.2872182319606726, 3.287218231954521, 3.2908974389813714, 3.290897438991372, 3.2908974389842762, 3.290897438980724, 3.290897438984313, 3.290897438982027, 3.2908974389929333, 3.2908974389686803, 3.2908974389708177, 3.2908974389819257, 3.2908974389864136, 3.2908974389868915, 3.2908974389802856, 3.2908974389864802, 3.290897438990124, 3.290897438981371, 3.290897438971621, 3.290897438984538, 3.29089743898213, 3.290897438980119, 3.2908974389781096, 3.2930983850172066, 3.293098385024163, 3.2930983850144377, 3.2930983850019158, 3.2930983850140967, 3.293098385012783, 3.2930983850183284, 3.293098385006556, 3.2930983850090305, 3.2930983850220437, 3.2930983850291953, 3.2930983850189817, 3.293098385009574, 3.2930983850194795, 3.2930983850235616, 3.2930983850172053, 3.2930983850136855, 3.293098385020364, 3.293098385015185, 3.2930983850120357, 3.293098385014287, 3.2945084416918835, 3.2945084416984347, 3.294508441686205, 3.294508441670873, 3.294508441688685, 3.294508441688815, 3.2945084416852746, 3.294508441687194, 3.294508441686674, 3.2945084416999073, 3.2945084417048474, 3.294508441690459, 3.294508441681442, 3.2945084416880053, 3.2945084416931443, 3.2945084416918853, 3.294508441695854, 3.2945084416977797, 3.2945084416888086, 3.2945084416860264, 3.2945084416890325, 3.296535734321978, 3.2965357343307002, 3.29653573431675, 3.296535734305205, 3.296535734324262, 3.2965357343254955, 3.2965357343130646, 3.2965357343241246, 3.2965357343185535, 3.296535734330891, 3.296535734329224, 3.2965357343197215, 3.296535734314063, 3.2965357343124966, 3.2965357343186334, 3.2965357343219766, 3.2965357343324784, 3.2965357343318353, 3.2965357343204666, 3.296535734319293, 3.2965357343187254, 3.2991961174138793, 3.299196117424409, 3.2991961174089774, 3.299196117405662, 3.299196117421983, 3.299196117423152, 3.2991961174067543, 3.299196117420323, 3.2991961174100104, 3.299196117421466, 3.299196117412515, 3.2991961174139455, 3.2991961174122815, 3.2991961174039743, 3.2991961174101503, 3.2991961174138793, 3.2991961174268676, 3.299196117425205, 3.299196117415304, 3.2991961174160758, 3.2991961174102045, 3.3021405556809293, 3.302140555690647, 3.3021405556729193, 3.302140555679958, 3.30214055569025, 3.3021405556902126, 3.3021405556774805, 3.30214055568822, 3.302140555674896, 3.3021405556859373, 3.302140555673436, 3.3021405556848755, 3.302140555685392, 3.3021405556771315, 3.3021405556820085, 3.3021405556809302, 3.3021405556913663, 3.3021405556888923, 3.302140555684129, 3.3021405556864063, 3.3021405556776307, 3.3046914100205242, 3.3046914100276172, 3.304691410006799, 3.304691410024401, 3.3046914100258333, 3.304691410024688, 3.3046914100218068, 3.3046914100271985, 3.3046914100124316, 3.3046914100228775, 3.3046914100126705, 3.3046914100264795, 3.3046914100265417, 3.304691410025637, 3.3046914100284384, 3.3046914100205247, 3.304691410025821, 3.304691410021795, 3.304691410022509, 3.304691410025554, 3.3046914100189526, 3.3066458450430036, 3.306645845048593, 3.306645845025642, 3.3066458450515235, 3.306645845042389, 3.3066458450419085, 3.3066458450499767, 3.3066458450501464, 3.3066458450348515, 3.3066458450433807, 3.3066458450397107, 3.3066458450465586, 3.3066458450446548, 3.306645845053583, 3.306645845054718, 3.306645845043005, 3.306645845044672, 3.306645845038719, 3.3066458450412948, 3.3066458450444833, 3.3066458450440726, 3.3088145379252913, 3.3088145379319194, 3.3088145379098775, 3.308814537938607, 3.308814537920141, 3.3088145379228906, 3.308814537937135, 3.308814537934404, 3.3088145379194343, 3.308814537924365, 3.3088145379271827, 3.3088145379231406, 3.3088145379196297, 3.3088145379345844, 3.3088145379352527, 3.3088145379252913, 3.3088145379269003, 3.308814537920088, 3.308814537920198, 3.3088145379231366, 3.3088145379282876, 3.3119082115729213, 3.311908211580992, 3.3119082115630376, 3.3119082115874003, 3.311908211565343, 3.3119082115727814, 3.311908211585272, 3.3119082115836154, 3.3119082115701586, 3.311908211571071, 3.3119082115760032, 3.3119082115661813, 3.311908211562531, 3.311908211576709, 3.311908211577821, 3.311908211572921, 3.3119082115762724, 3.311908211570802, 3.3119082115678746, 3.3119082115703877, 3.3119082115750964, 3.3155446567219413, 3.3155446567289877, 3.315544656716123, 3.3155446567303386, 3.31554465671312, 3.315544656724704, 3.315544656728855, 3.3155446567318845, 3.3155446567212716, 3.3155446567195184, 3.3155446567208524, 3.315544656715302, 3.315544656712848, 3.31554465672111, 3.3155446567226816, 3.315544656721942, 3.3155446567255207, 3.3155446567236146, 3.315544656721319, 3.3155446567233384, 3.3155446567197755, 3.3182484753457024, 3.3182484753495407, 3.31824847534071, 3.318248475343169, 3.318248475336136, 3.31824847535037, 3.3182484753444084, 3.318248475352146, 3.3182484753457717, 3.318248475343013, 3.3182484753382053, 3.318248475342718, 3.318248475341711, 3.318248475343479, 3.3182484753451393, 3.3182484753457038, 3.3182484753471653, 3.3182484753496446, 3.318248475351477, 3.3182484753527897, 3.318248475337788, 3.320270861257971, 3.3202708612599974, 3.3202708612540177, 3.320270861247071, 3.3202708612482525, 3.3202708612641434, 3.3202708612517573, 3.3202708612592517, 3.3202708612582197, 3.3202708612552256, 3.3202708612467156, 3.3202708612576295, 3.3202708612570495, 3.320270861255904, 3.3202708612576424, 3.3202708612579683, 3.3202708612576144, 3.320270861263069, 3.3202708612680882, 3.320270861268191, 3.3202708612472027, 3.323398248686873, 3.323398248690962, 3.3233982486872784, 3.3233982486749336, 3.323398248677629, 3.323398248694663, 3.3233982486825773, 3.323398248682712, 3.3233982486872002, 3.323398248684399, 3.3233982486770297, 3.32339824868533, 3.3233982486836084, 3.3233982486844043, 3.3233982486866007, 3.323398248686872, 3.323398248687526, 3.3233982486930476, 3.3233982486968987, 3.3233982486953155, 3.3233982486787577, 3.3274292655382505, 3.3274292655463586, 3.327429265543722, 3.327429265530023, 3.3274292655293056, 3.327429265546195, 3.3274292655410123, 3.3274292655292954, 3.327429265537992, 3.327429265536701, 3.327429265533434, 3.327429265533704, 3.3274292655297257, 3.327429265535516, 3.327429265538437, 3.3274292655382522, 3.327429265541647, 3.327429265544767, 3.327429265544817, 3.327429265541557, 3.327429265536422, 3.331781099121138, 3.331781099131067, 3.33178109912689, 3.331781099115394, 3.3317810991117693, 3.3317810991260464, 3.3317810991312964, 3.331781099108596, 3.3317810991187997, 3.331781099121247, 3.331781099120779, 3.331781099116047, 3.331781099109729, 3.3317810991202155, 3.3317810991237735, 3.331781099121135, 3.331781099125802, 3.331781099126016, 3.331781099124153, 3.331781099119965, 3.33178109912463, 3.3369014376021187, 3.336901437610204, 3.3369014376028048, 3.3369014375961914, 3.33690143759274, 3.3369014376023585, 3.336901437616336, 3.336901437588002, 3.3369014375967225, 3.3369014376042063, 3.336901437602246, 3.3369014376004147, 3.336901437592681, 3.3369014376043356, 3.3369014376084882, 3.3369014376021164, 3.3369014376054267, 3.3369014376043014, 3.3369014376041015, 3.3369014376001296, 3.3369014376068775, 3.3427640075314486, 3.342764007536602, 3.342764007527554, 3.3427640075269456, 3.342764007524543, 3.3427640075299085, 3.342764007545872, 3.3427640075187712, 3.342764007524126, 3.3427640075354415, 3.3427640075283254, 3.3427640075342158, 3.3427640075264105, 3.3427640075344116, 3.3427640075395972, 3.3427640075314455, 3.3427640075327427, 3.3427640075326686, 3.342764007534982, 3.3427640075320495, 3.3427640075338405, 3.3486576402699355, 3.3486576402736223, 3.348657640266215, 3.3486576402711843, 3.3486576402685118, 3.34865764027204, 3.348657640282028, 3.348657640261837, 3.3486576402634602, 3.348657640275861, 3.3486576402631703, 3.348657640274652, 3.348657640267575, 3.3486576402692734, 3.3486576402759485, 3.3486576402699373, 3.3486576402704555, 3.3486576402729553, 3.3486576402756927, 3.3486576402738724, 3.3486576402687005, 3.3537719950411935, 3.353771995043872, 3.353771995038432, 3.3537719950485227, 3.3537719950455136, 3.3537719950492275, 3.353771995049569, 3.353771995039423, 3.353771995037415, 3.353771995049163, 3.3537719950337532, 3.353771995044736, 3.3537719950380565, 3.3537719950355607, 3.353771995043258, 3.3537719950411913, 3.353771995041551, 3.353771995046431, 3.353771995048047, 3.3537719950467553, 3.3537719950369764, 3.3583089448474666, 3.3583089448475305, 3.358308944840436, 3.3583089448559758, 3.358308944854132, 3.358308944858073, 3.3583089448522503, 3.358308944851617, 3.3583089448458527, 3.358308944856937, 3.358308944843022, 3.3583089448488948, 3.3583089448417964, 3.358308944839927, 3.3583089448473173, 3.35830894484747, 3.35830894484692, 3.3583089448527317, 3.3583089448539303, 3.358308944852257, 3.358308944841792, 3.3627008919472514, 3.362700891944225, 3.36270089193329, 3.3627008919532524, 3.3627008919519645, 3.362700891954834, 3.3627008919507886, 3.362700891955217, 3.362700891946012, 3.3627008919567194, 3.3627008919472923, 3.3627008919479864, 3.3627008919405124, 3.3627008919410155, 3.362700891947227, 3.362700891947251, 3.362700891945491, 3.3627008919507344, 3.362700891952596, 3.3627008919496815, 3.362700891942171, 3.366910439106236, 3.3669104391028726, 3.366910439091833, 3.366910439111601, 3.3669104391069973, 3.366910439107889, 3.366910439111332, 3.366910439115239, 3.366910439104194, 3.3669104391136506, 3.3669104391094224, 3.3669104391084743, 3.3669104391018947, 3.3669104391010842, 3.3669104391066838, 3.366910439106237, 3.366910439104529, 3.3669104391083775, 3.3669104391106623, 3.366910439105921, 3.3669104391039624, 3.3704345826203252, 3.370434582619777, 3.3704345826143416, 3.370434582628252, 3.370434582618025, 3.3704345826172935, 3.370434582626966, 3.370434582627773, 3.370434582617277, 3.370434582623749, 3.370434582624257, 3.3704345826249207, 3.3704345826206232, 3.3704345826147133, 3.3704345826207285, 3.370434582620325, 3.3704345826201214, 3.370434582622491, 3.3704345826245308, 3.3704345826177624, 3.3704345826219138, 3.372872132086047, 3.3728721320882795, 3.372872132088878, 3.372872132094911, 3.3728721320830295, 3.372872132081877, 3.3728721320910817, 3.3728721320902073, 3.3728721320821617, 3.3728721320843524, 3.3728721320893484, 3.3728721320915485, 3.37287213208987, 3.372872132080974, 3.3728721320873523, 3.372872132086048, 3.3728721320872204, 3.372872132088669, 3.3728721320908392, 3.372872132082382, 3.372872132090311, 3.3744616889103876, 3.3744616889127093, 3.374461688914457, 3.374461688914649, 3.374461688908581, 3.374461688908392, 3.3744616889108694, 3.3744616889109835, 3.3744616889062065, 3.3744616889037995, 3.3744616889131356, 3.3744616889138266, 3.3744616889142858, 3.3744616889087378, 3.374461688914243, 3.374461688910391, 3.374461688911459, 3.3744616889128447, 3.374461688916221, 3.374461688906924, 3.3744616889147103, 3.375169843458864, 3.3751698434596773, 3.3751698434598363, 3.3751698434560855, 3.3751698434589104, 3.375169843460838, 3.3751698434549735, 3.3751698434571566, 3.375169843455833, 3.375169843449296, 3.3751698434614554, 3.3751698434579165, 3.3751698434601973, 3.3751698434609065, 3.3751698434647546, 3.3751698434588646, 3.3751698434584223, 3.3751698434605735, 3.375169843465422, 3.375169843456318, 3.3751698434615736, 3.375421031181498, 3.375421031181793, 3.3754210311833286, 3.37542103117512, 3.375421031182664, 3.37542103118661, 3.375421031176167, 3.3754210311795965, 3.375421031181214, 3.375421031171955, 3.375421031183608, 3.3754210311767556, 3.3754210311808808, 3.3754210311833672, 3.375421031186263, 3.3754210311814976, 3.3754210311789907, 3.3754210311822286, 3.375421031187808, 3.3754210311796973, 3.3754210311831954, 3.3757515606310617, 3.3757515606318873, 3.3757515606377413, 3.375751560625054, 3.375751560631716, 3.3757515606356017, 3.3757515606275152, 3.375751560630401, 3.3757515606336286, 3.3757515606240482, 3.375751560632023, 3.375751560625926, 3.3757515606316, 3.3757515606292574, 3.375751560632297, 3.375751560631063, 3.375751560626413, 3.3757515606304276, 3.375751560636138, 3.375751560629354, 3.3757515606334763, 3.37610751263588, 3.3761075126362248, 3.376107512643915, 3.376107512629964, 3.3761075126347886, 3.3761075126358677, 3.376107512635745, 3.376107512636222, 3.3761075126395736, 3.376107512632092, 3.3761075126359654, 3.376107512633475, 3.376107512639571, 3.3761075126314095, 3.376107512634585, 3.3761075126358837, 3.376107512629243, 3.3761075126333804, 3.3761075126391407, 3.3761075126337063, 3.376107512639837, 3.376543438823786, 3.3765434388223143, 3.37654343882768, 3.3765434388166544, 3.376543438821766, 3.3765434388190982, 3.3765434388265074, 3.376543438824123, 3.376543438826876, 3.376543438822516, 3.3765434388245033, 3.3765434388241116, 3.3765434388292697, 3.3765434388202262, 3.3765434388226185, 3.3765434388237887, 3.3765434388159963, 3.376543438819859, 3.3765434388252733, 3.376543438820899, 3.3765434388285636, 3.3772142231519826, 3.3772142231494153, 3.377214223152571, 3.377214223145956, 3.3772142231517877, 3.3772142231469475, 3.3772142231551916, 3.3772142231519364, 3.3772142231543913, 3.3772142231524405, 3.3772142231546876, 3.3772142231524658, 3.3772142231559585, 3.3772142231510216, 3.3772142231519973, 3.377214223151979, 3.3772142231445033, 3.3772142231483184, 3.377214223152427, 3.3772142231486493, 3.3772142231560003, 3.3778914411732184, 3.377891441171309, 3.377891441175182, 3.37789144117198, 3.37789144117671, 3.3778914411717054, 3.377891441174042, 3.3778914411730825, 3.377891441175652, 3.3778914411748584, 3.3778914411776166, 3.3778914411721024, 3.3778914411740932, 3.3778914411740373, 3.3778914411737375, 3.3778914411732215, 3.377891441167328, 3.3778914411715677, 3.3778914411739103, 3.3778914411703544, 3.3778914411749748, 3.378259818920078, 3.3782598189191417, 3.3782598189235236, 3.378259818923276, 3.3782598189259305, 3.378259818920967, 3.378259818916996, 3.3782598189201223, 3.378259818922355, 3.3782598189220785, 3.3782598189244575, 3.378259818918606, 3.3782598189196618, 3.3782598189219843, 3.378259818920781, 3.3782598189200788, 3.3782598189163617, 3.378259818920961, 3.378259818922083, 3.3782598189186466, 3.378259818919107, 3.378498948414233, 3.3784989484133474, 3.3784989484149186, 3.3784989484180348, 3.378498948419206, 3.378498948413355, 3.37849894840841, 3.3784989484145997, 3.378498948415675, 3.378498948415711, 3.378498948417339, 3.3784989484147228, 3.3784989484154946, 3.3784989484172434, 3.3784989484154107, 3.378498948414233, 3.3784989484129135, 3.3784989484168935, 3.3784989484173664, 3.3784989484140886, 3.3784989484118255, 3.3787246844969494, 3.3787246844960848, 3.378724684494154, 3.37872468449954, 3.378724684499029, 3.378724684492681, 3.378724684491593, 3.378724684498139, 3.3787246844981245, 3.3787246844977736, 3.378724684499157, 3.37872468449949, 3.378724684500718, 3.3787246845000016, 3.3787246844978243, 3.378724684496949, 3.378724684498266, 3.3787246845002197, 3.37872468449975, 3.3787246844967536, 3.3787246844953587, 3.3789777392181257, 3.3789777392182465, 3.3789777392159315, 3.3789777392209337, 3.3789777392179148, 3.3789777392130103, 3.378977739216022, 3.378977739220631, 3.3789777392207014, 3.3789777392187412, 3.3789777392205105, 3.378977739220203, 3.378977739222497, 3.3789777392194615, 3.3789777392171505, 3.378977739218128, 3.3789777392217584, 3.3789777392210976, 3.378977739219251, 3.3789777392168383, 3.3789777392184717, 3.3792104189796346, 3.37921041898049, 3.379210418979598, 3.379210418982829, 3.37921041897893, 3.379210418976511, 3.3792104189810424, 3.379210418982787, 3.379210418984163, 3.3792104189799934, 3.379210418982228, 3.3792104189791026, 3.379210418982418, 3.3792104189795293, 3.3792104189769376, 3.379210418979638, 3.3792104189839978, 3.379210418981662, 3.379210418979144, 3.3792104189778494, 3.379210418980751, 3.379409594167608, 3.3794095941675404, 3.3794095941668214, 3.3794095941687847, 3.379409594167597, 3.3794095941666016, 3.3794095941706543, 3.379409594169597, 3.3794095941728393, 3.3794095941670323, 3.379409594168938, 3.3794095941649585, 3.379409594168696, 3.379409594168331, 3.3794095941652684, 3.379409594167608, 3.3794095941705367, 3.3794095941683153, 3.3794095941667615, 3.379409594167087, 3.3794095941673703, 3.3794890238462028, 3.3794890238447097, 3.379489023844175, 3.3794890238447284, 3.3794890238471473, 3.379489023845935, 3.379489023849081, 3.3794890238455766, 3.379489023850831, 3.3794890238445405, 3.3794890238447253, 3.3794890238435045, 3.3794890238470927, 3.379489023848547, 3.379489023845375, 3.3794890238462023, 3.379489023846648, 3.379489023845729, 3.3794890238461206, 3.3794890238480746, 3.379489023843778, 3.379520751057277, 3.3795207510558654, 3.379520751058055, 3.3795207510557557, 3.379520751058845, 3.379520751056883, 3.379520751059851, 3.3795207510541183, 3.3795207510611354, 3.3795207510553276, 3.3795207510532714, 3.3795207510559155, 3.3795207510590624, 3.379520751059614, 3.3795207510569143, 3.37952075105728, 3.379520751056158, 3.379520751056179, 3.379520751057899, 3.379520751060873, 3.3795207510537915, 3.3797123185481928, 3.379712318548031, 3.379712318552978, 3.379712318547909, 3.3797123185494784, 3.379712318547094, 3.3797123185514413, 3.379712318543632, 3.379712318551519, 3.3797123185468263, 3.3797123185440134, 3.3797123185479774, 3.37971231855037, 3.3797123185495797, 3.379712318547245, 3.379712318548195, 3.3797123185474227, 3.379712318546966, 3.379712318548572, 3.3797123185516056, 3.37971231854525, 3.3801195420805987, 3.380119542081107, 3.380119542084731, 3.380119542079523, 3.3801195420806773, 3.3801195420782584, 3.380119542084898, 3.380119542075927, 3.38011954208335, 3.380119542080055, 3.38011954207881, 3.3801195420805925, 3.3801195420818804, 3.3801195420822863, 3.380119542079475, 3.380119542080599, 3.380119542081619, 3.380119542079617, 3.380119542080092, 3.3801195420823555, 3.3801195420786816, 3.3805824173882537, 3.380582417388776, 3.3805824173886783, 3.3805824173855337, 3.380582417387294, 3.3805824173852677, 3.3805824173924224, 3.3805824173845735, 3.3805824173906953, 3.380582417388466, 3.3805824173892827, 3.380582417387732, 3.3805824173880077, 3.3805824173908574, 3.380582417387143, 3.380582417388254, 3.3805824173912886, 3.380582417387969, 3.3805824173872696, 3.380582417388425, 3.38058241738681, 3.3810641160114288, 3.381064116012286, 3.381064116010727, 3.3810641160096386, 3.381064116010703, 3.3810641160093415, 3.381064116013531, 3.381064116009422, 3.3810641160142656, 3.3810641160122583, 3.3810641160133104, 3.3810641160105033, 3.3810641160103945, 3.3810641160134876, 3.3810641160093926, 3.381064116011427, 3.3810641160155743, 3.3810641160122388, 3.3810641160110784, 3.381064116011272, 3.381064116009809, 3.381526086546101, 3.3815260865472014, 3.381526086546326, 3.3815260865469754, 3.381526086546561, 3.3815260865453336, 3.381526086545291, 3.3815260865455876, 3.3815260865493397, 3.3815260865470727, 3.3815260865466343, 3.3815260865457613, 3.3815260865457795, 3.3815260865467818, 3.381526086542978, 3.3815260865461028, 3.3815260865499503, 3.381526086547775, 3.381526086547066, 3.381526086546709, 3.3815260865442207, 3.3819265238649945, 3.3819265238652556, 3.3819265238639535, 3.381926523866983, 3.3819265238665293, 3.3819265238644514, 3.381926523862609, 3.381926523865191, 3.381926523867741, 3.3819265238653835, 3.381926523863881, 3.3819265238660154, 3.381926523866187, 3.3819265238656206, 3.381926523862149, 3.3819265238649936, 3.381926523867466, 3.3819265238666567, 3.381926523866742, 3.381926523866267, 3.3819265238633545, 3.382306476823132, 3.3823064768221496, 3.3823064768199176, 3.3823064768249207, 3.382306476825189, 3.382306476822269, 3.3823064768217175, 3.382306476823552, 3.3823064768249202, 3.3823064768226736, 3.3823064768219133, 3.382306476824788, 3.382306476824971, 3.382306476824694, 3.3823064768213342, 3.382306476823134, 3.3823064768240165, 3.382306476823916, 3.3823064768243687, 3.3823064768240227, 3.3823064768224285, 3.3826499694746475, 3.3826499694734182, 3.3826499694724936, 3.3826499694771166, 3.3826499694767103, 3.3826499694739756, 3.3826499694756844, 3.3826499694753442, 3.382649969475952, 3.3826499694736936, 3.3826499694747985, 3.3826499694753878, 3.3826499694755916, 3.3826499694762755, 3.3826499694730336, 3.3826499694746515, 3.3826499694743113, 3.3826499694742598, 3.382649969474566, 3.3826499694743792, 3.3826499694750907, 3.382914159025322, 3.382914159024484, 3.3829141590258365, 3.3829141590282625, 3.3829141590266354, 3.3829141590245184, 3.382914159027869, 3.3829141590261465, 3.382914159026371, 3.3829141590242764, 3.3829141590267544, 3.382914159024791, 3.3829141590249834, 3.3829141590264027, 3.3829141590233536, 3.382914159025322, 3.382914159024084, 3.3829141590241445, 3.3829141590243896, 3.3829141590242475, 3.382914159026242, 3.3831549825793155, 3.383154982578434, 3.3831549825801717, 3.383154982580463, 3.3831549825792435, 3.3831549825771416, 3.383154982580962, 3.383154982579665, 3.383154982579711, 3.3831549825783025, 3.3831549825806913, 3.383154982578627, 3.3831549825786547, 3.3831549825805602, 3.383154982577678, 3.383154982579315, 3.3831549825773455, 3.3831549825781253, 3.3831549825787586, 3.3831549825784877, 3.3831549825797635, 3.3833484348595944, 3.383348434858696, 3.38334843485998, 3.3833484348584064, 3.3833484348586778, 3.3833484348562823, 3.383348434858779, 3.3833484348591316, 3.383348434859457, 3.3833484348587266, 3.383348434859851, 3.3833484348593954, 3.3833484348592933, 3.3833484348610927, 3.38334843485852, 3.3833484348595926, 3.3833484348573637, 3.383348434859063, 3.3833484348601637, 3.3833484348595397, 3.3833484348594602, 3.38350147600741, 3.3835014760072433, 3.3835014760091497, 3.3835014760057405, 3.3835014760071322, 3.3835014760049074, 3.383501476004694, 3.3835014760063946, 3.3835014760075444, 3.383501476006842, 3.383501476006818, 3.383501476007141, 3.383501476007102, 3.3835014760082633, 3.3835014760062365, 3.383501476007411, 3.383501476005747, 3.3835014760076376, 3.3835014760087283, 3.3835014760075746, 3.3835014760076403, 3.3836530588380302, 3.3836530588385605, 3.3836530588405282, 3.3836530588365252, 3.3836530588391565, 3.3836530588372837, 3.3836530588353573, 3.3836530588368277, 3.3836530588387044, 3.3836530588377483, 3.3836530588376803, 3.383653058837276, 3.383653058837324, 3.383653058838345, 3.38365305883677, 3.3836530588380325, 3.3836530588374885, 3.3836530588385743, 3.3836530588390983, 3.383653058837492, 3.3836530588395934, 3.3838116615279685, 3.383811661528357, 3.383811661528574, 3.383811661525783, 3.3838116615298666, 3.3838116615279805, 3.383811661526694, 3.3838116615268423, 3.383811661528649, 3.383811661527908, 3.383811661528443, 3.3838116615272775, 3.3838116615272016, 3.3838116615286906, 3.3838116615272518, 3.3838116615279707, 3.3838116615282816, 3.3838116615283, 3.3838116615281923, 3.3838116615264893, 3.383811661530821, 3.3839836460580432, 3.3839836460580672, 3.3839836460572834, 3.383983646055897, 3.3839836460597446, 3.3839836460577213, 3.383983646057911, 3.3839836460574366, 3.383983646058461, 3.3839836460583146, 3.3839836460588653, 3.3839836460579966, 3.383983646057717, 3.383983646058875, 3.383983646057558, 3.3839836460580415, 3.3839836460583173, 3.3839836460579313, 3.3839836460577035, 3.3839836460563304, 3.383983646061087, 3.384153736939859, 3.3841537369398433, 3.3841537369402124, 3.3841537369394303, 3.384153736940875, 3.38415373693906, 3.3841537369397012, 3.3841537369401626, 3.3841537369401777, 3.3841537369405064, 3.3841537369402483, 3.384153736940298, 3.3841537369398815, 3.3841537369398633, 3.384153736938802, 3.3841537369398593, 3.3841537369392416, 3.384153736939366, 3.3841537369396777, 3.384153736938916, 3.384153736941595, 3.384257998950527, 3.3842579989502544, 3.384257998951328, 3.3842579989514747, 3.3842579989508037, 3.384257998949394, 3.3842579989497645, 3.3842579989515804, 3.3842579989506074, 3.3842579989512287, 3.384257998950442, 3.3842579989510204, 3.3842579989504182, 3.3842579989502752, 3.3842579989493022, 3.384257998950532, 3.3842579989489145, 3.3842579989498223, 3.384257998950834, 3.3842579989507238, 3.384257998950183, 3.384319778854319, 3.3843197788535737, 3.384319778853607, 3.384319778855273, 3.3843197788541346, 3.3843197788531127, 3.3843197788534947, 3.3843197788555766, 3.384319778853929, 3.3843197788546715, 3.384319778854394, 3.3843197788545982, 3.3843197788537958, 3.384319778854908, 3.3843197788538175, 3.3843197788543176, 3.384319778852487, 3.384319778853518, 3.3843197788547545, 3.384319778855051, 3.3843197788525576, 3.384376989854804, 3.384376989854321, 3.3843769898537652, 3.3843769898559795, 3.38437698985475, 3.384376989854183, 3.3843769898547436, 3.3843769898558707, 3.3843769898542937, 3.384376989854709, 3.384376989855454, 3.3843769898548612, 3.3843769898541076, 3.3843769898558254, 3.3843769898548324, 3.3843769898548066, 3.384376989853872, 3.384376989854052, 3.384376989854786, 3.384376989855176, 3.384376989853269, 3.384415729167658, 3.38441572916805, 3.3844157291678956, 3.384415729169342, 3.3844157291679284, 3.384415729167796, 3.3844157291683614, 3.3844157291683525, 3.384415729167459, 3.384415729167238, 3.384415729168548, 3.3844157291678174, 3.384415729167389, 3.3844157291681993, 3.3844157291676247, 3.384415729167659, 3.384415729168108, 3.384415729167134, 3.3844157291671104, 3.384415729167364, 3.3844157291673946, 3.3844260529469667, 3.384426052947707, 3.38442605294712, 3.384426052947803, 3.384426052947167, 3.3844260529472927, 3.3844260529475716, 3.3844260529471923, 3.3844260529470884, 3.3844260529463694, 3.384426052947334, 3.384426052947547, 3.384426052947448, 3.3844260529472288, 3.384426052947011, 3.3844260529469694, 3.384426052948333, 3.384426052946836, 3.3844260529463748, 3.3844260529465338, 3.384426052947575, 3.384415949144461, 3.3844159491449437, 3.3844159491435613, 3.3844159491437584, 3.3844159491443575, 3.384415949144891, 3.384415949144232, 3.384415949144387, 3.3844159491449592, 3.3844159491438712, 3.3844159491439134, 3.3844159491450316, 3.3844159491451413, 3.384415949144652, 3.3844159491446217, 3.3844159491444623, 3.3844159491458745, 3.3844159491446986, 3.3844159491442913, 3.3844159491445573, 3.3844159491448362, 3.3843936168537025, 3.384393616854104, 3.3843936168533313, 3.3843936168525994, 3.3843936168534694, 3.384393616854669, 3.3843936168529347, 3.3843936168535933, 3.384393616854736, 3.3843936168533126, 3.3843936168525914, 3.384393616853589, 3.3843936168537767, 3.3843936168533273, 3.3843936168535165, 3.384393616853702, 3.3843936168546276, 3.384393616854046, 3.38439361685386, 3.384393616854403, 3.3843936168532753, 3.38437770655121, 3.384377706551655, 3.3843777065518603, 3.3843777065502887, 3.384377706550823, 3.3843777065522813, 3.38437770655094, 3.38437770655094, 3.3843777065523017, 3.3843777065511143, 3.3843777065502776, 3.3843777065507314, 3.3843777065507403, 3.384377706550489, 3.384377706550909, 3.384377706551213, 3.38437770655166, 3.384377706551337, 3.38437770655114, 3.384377706552023, 3.384377706550318, 3.3843710073992868, 3.384371007399532, 3.3843710073996793, 3.3843710073981645, 3.384371007398602, 3.384371007399579, 3.3843710074001603, 3.3843710073985718, 3.3843710073996887, 3.384371007399428, 3.3843710073989963, 3.3843710073993107, 3.3843710073989164, 3.384371007399098, 3.384371007399637, 3.3843710073992868, 3.3843710073994977, 3.384371007399087, 3.38437100739861, 3.3843710073997593, 3.3843710073984883, 3.384363496996872, 3.3843634969970413, 3.384363496997216, 3.3843634969961824, 3.384363496996291, 3.3843634969966656, 3.384363496998393, 3.384363496995959, 3.384363496996664, 3.38436349699712, 3.384363496997025, 3.3843634969973824, 3.384363496996712, 3.384363496997072, 3.3843634969977727, 3.38436349699687, 3.384363496996998, 3.3843634969965612, 3.384363496995808, 3.384363496997037, 3.384363496996316, 3.384366898629911, 3.384366898630179, 3.3843668986307454, 3.3843668986303848, 3.384366898629892, 3.3843668986300757, 3.3843668986309163, 3.384366898629424, 3.3843668986297155, 3.3843668986301263, 3.384366898629971, 3.3843668986302156, 3.384366898629594, 3.384366898629827, 3.384366898630736, 3.384366898629911, 3.384366898629964, 3.3843668986298545, 3.384366898629038, 3.3843668986301343, 3.384366898629308, 3.384367333872849, 3.3843673338729108, 3.384367333872831, 3.3843673338736555, 3.384367333873142, 3.384367333873252, 3.3843673338727096, 3.384367333873116, 3.3843673338728526, 3.3843673338729623, 3.3843673338725315, 3.384367333872839, 3.3843673338724165, 3.384367333872599, 3.384367333873579, 3.3843673338728473, 3.3843673338728704, 3.384367333873247, 3.384367333872485, 3.384367333873314, 3.3843673338721016, 3.3843596084964553, 3.3843596084962706, 3.384359608495103, 3.384359608496869, 3.3843596084965357, 3.3843596084965144, 3.3843596084956142, 3.3843596084973533, 3.3843596084965504, 3.3843596084965064, 3.3843596084959637, 3.3843596084964958, 3.384359608496282, 3.384359608496151, 3.3843596084971317, 3.384359608496455, 3.384359608496611, 3.3843596084971854, 3.384359608496354, 3.3843596084968812, 3.3843596084959886, 3.3843582097134277, 3.384358209713495, 3.384358209712509, 3.3843582097140246, 3.3843582097132443, 3.3843582097131857, 3.384358209712798, 3.384358209714618, 3.3843582097136236, 3.3843582097134917, 3.3843582097131866, 3.384358209713613, 3.384358209713568, 3.3843582097126625, 3.3843582097137603, 3.3843582097134273, 3.384358209713838, 3.38435820971418, 3.3843582097131333, 3.384358209713425, 3.3843582097137057, 3.384364563401092, 3.3843645634013786, 3.3843645634009856, 3.3843645634018236, 3.384364563400869, 3.384364563400845, 3.3843645634010477, 3.3843645634020314, 3.3843645634012174, 3.384364563401114, 3.38436456340127, 3.3843645634012587, 3.3843645634012276, 3.384364563400214, 3.3843645634013595, 3.3843645634010935, 3.384364563401494, 3.3843645634015993, 3.3843645634004664, 3.384364563400676, 3.38436456340188, 3.3843753037348776, 3.3843753037349003, 3.3843753037344966, 3.3843753037349864, 3.384375303734742, 3.3843753037347666, 3.3843753037350224, 3.384375303735137, 3.3843753037346773, 3.384375303734799, 3.384375303735197, 3.384375303734904, 3.384375303734712, 3.3843753037346267, 3.3843753037356397, 3.384375303734875, 3.3843753037347994, 3.3843753037350774, 3.384375303734213, 3.384375303734497, 3.3843753037354296, 3.384379878455824, 3.3843798784556975, 3.38437987845579, 3.384379878455646, 3.3843798784558357, 3.3843798784560306, 3.384379878455613, 3.3843798784554604, 3.38437987845548, 3.384379878455705, 3.3843798784558814, 3.3843798784556665, 3.3843798784553574, 3.384379878455868, 3.384379878456791, 3.3843798784558246, 3.3843798784550865, 3.3843798784557992, 3.3843798784554457, 3.38437987845582, 3.3843798784557744, 3.3843824620181517, 3.384382462018189, 3.3843824620190763, 3.384382462018074, 3.384382462018107, 3.3843824620185146, 3.384382462017591, 3.3843824620175202, 3.3843824620178977, 3.3843824620181397, 3.3843824620179257, 3.3843824620180176, 3.3843824620177037, 3.3843824620178986, 3.384382462018807, 3.3843824620181544, 3.3843824620170992, 3.3843824620179883, 3.384382462018031, 3.384382462018389, 3.3843824620178364, 3.3843924734569018, 3.3843924734569923, 3.3843924734574955, 3.3843924734563484, 3.3843924734565154, 3.384392473457021, 3.384392473456427, 3.384392473456315, 3.384392473456701, 3.3843924734570106, 3.3843924734567654, 3.3843924734570243, 3.3843924734567534, 3.384392473456553, 3.384392473457339, 3.3843924734568995, 3.384392473456072, 3.384392473456665, 3.3843924734567516, 3.384392473456972, 3.3843924734568835, 3.384404236651219, 3.384404236651365, 3.3844042366509957, 3.3844042366503264, 3.3844042366507163, 3.384404236651367, 3.3844042366510534, 3.3844042366509415, 3.384404236651141, 3.3844042366513425, 3.3844042366514415, 3.3844042366513665, 3.3844042366511737, 3.3844042366508678, 3.384404236651475, 3.3844042366512137, 3.3844042366509304, 3.384404236650969, 3.3844042366508997, 3.3844042366509064, 3.384404236651715, 3.3844153559158006, 3.384415355916157, 3.3844153559156394, 3.3844153559154413, 3.3844153559156234, 3.3844153559164525, 3.3844153559156425, 3.384415355915913, 3.384415355915929, 3.3844153559158263, 3.384415355916173, 3.38441535591571, 3.3844153559156487, 3.3844153559152543, 3.384415355915755, 3.384415355915797, 3.3844153559159094, 3.3844153559156016, 3.3844153559154884, 3.384415355915328, 3.384415355916507, 3.384427321907383, 3.3844273219077357, 3.3844273219070913, 3.384427321907472, 3.3844273219074656, 3.384427321908162, 3.3844273219068532, 3.3844273219076286, 3.384427321907364, 3.384427321907257, 3.3844273219075216, 3.3844273219073973, 3.3844273219073604, 3.384427321907008, 3.3844273219073893, 3.384427321907385, 3.3844273219075074, 3.384427321907246, 3.384427321907329, 3.384427321907136, 3.3844273219078262, 3.3844371184409083, 3.384437118441092, 3.384437118440264, 3.38443711844113, 3.384437118440921, 3.384437118441312, 3.3844371184401614, 3.384437118441113, 3.384437118440488, 3.384437118440672, 3.3844371184407906, 3.384437118441267, 3.3844371184411464, 3.384437118440944, 3.3844371184411894, 3.3844371184409083, 3.3844371184408035, 3.3844371184407405, 3.3844371184410753, 3.3844371184409754, 3.384437118440877, 3.3844469103399217, 3.384446910340151, 3.38444691033975, 3.3844469103405106, 3.3844469103398187, 3.384446910340134, 3.3844469103394994, 3.384446910340196, 3.384446910339347, 3.38444691033969, 3.3844469103399004, 3.3844469103402623, 3.3844469103400745, 3.384446910339945, 3.3844469103401154, 3.3844469103399253, 3.3844469103396517, 3.3844469103395953, 3.384446910340005, 3.384446910340059, 3.384446910339616, 3.3844569685911186, 3.3844569685914005, 3.384456968591189, 3.3844569685917274, 3.3844569685908956, 3.384456968591335, 3.384456968591325, 3.3844569685915213, 3.3844569685905865, 3.3844569685909445, 3.3844569685914134, 3.3844569685911585, 3.3844569685909454, 3.3844569685910395, 3.3844569685911243, 3.3844569685911203, 3.384456968590861, 3.3844569685906376, 3.3844569685909396, 3.3844569685911234, 3.384456968590796, 3.384467545689548, 3.3844675456897133, 3.3844675456891227, 3.384467545689548, 3.384467545689229, 3.384467545689657, 3.384467545690042, 3.384467545689921, 3.3844675456890347, 3.3844675456894397, 3.384467545689875, 3.384467545689496, 3.3844675456892874, 3.3844675456895805, 3.3844675456895756, 3.384467545689549, 3.38446754568938, 3.3844675456890854, 3.3844675456892555, 3.384467545689494, 3.384467545689332, 3.384478273220275, 3.3844782732205334, 3.3844782732200773, 3.384478273220043, 3.3844782732200986, 3.3844782732204313, 3.384478273220491, 3.3844782732204868, 3.3844782732198775, 3.3844782732202288, 3.3844782732201972, 3.38447827322032, 3.3844782732201906, 3.3844782732201555, 3.3844782732201963, 3.384478273220276, 3.3844782732202194, 3.3844782732200422, 3.384478273220139, 3.3844782732203385, 3.384478273220207, 3.384484713136939, 3.384484713137361, 3.384484713137208, 3.384484713136706, 3.384484713137043, 3.38448471313728, 3.3844847131367457, 3.384484713136942, 3.384484713136658, 3.384484713136923, 3.384484713136445, 3.384484713137052, 3.3844847131369926, 3.3844847131366573, 3.3844847131367723, 3.3844847131369424, 3.384484713137014, 3.384484713136994, 3.384484713137008, 3.3844847131371387, 3.384484713136998, 3.384491094949618, 3.38449109494997, 3.3844910949495355, 3.3844910949490514, 3.384491094949832, 3.3844910949499796, 3.3844910949494023, 3.384491094949456, 3.3844910949492824, 3.3844910949496017, 3.384491094949145, 3.384491094949699, 3.3844910949496083, 3.3844910949495732, 3.3844910949496367, 3.38449109494962, 3.384491094949821, 3.384491094949859, 3.384491094949686, 3.384491094949781, 3.384491094949749, 3.3844995492757985, 3.3844995492761205, 3.3844995492756826, 3.384499549275253, 3.384499549275941, 3.3844995492761054, 3.384499549275932, 3.3844995492756635, 3.3844995492754313, 3.3844995492758, 3.3844995492756635, 3.3844995492757235, 3.3844995492755654, 3.384499549275832, 3.3844995492758336, 3.3844995492757977, 3.384499549276049, 3.3844995492760632, 3.384499549275686, 3.3844995492757968, 3.384499549275951, 3.3845080554190523, 3.384508055419402, 3.3845080554193507, 3.384508055418898, 3.3845080554189892, 3.384508055419164, 3.3845080554194533, 3.3845080554190736, 3.3845080554186757, 3.3845080554190896, 3.3845080554191314, 3.3845080554189444, 3.384508055418741, 3.3845080554189386, 3.384508055418936, 3.38450805541905, 3.3845080554191527, 3.384508055419274, 3.3845080554188196, 3.3845080554189924, 3.3845080554191007, 3.3845158520813525, 3.384515852081499, 3.384515852081407, 3.3845158520812957, 3.3845158520811083, 3.3845158520811505, 3.384515852081682, 3.3845158520814747, 3.3845158520808774, 3.3845158520813636, 3.3845158520813294, 3.384515852081439, 3.384515852081207, 3.3845158520813396, 3.384515852081288, 3.3845158520813534, 3.384515852081144, 3.3845158520815644, 3.3845158520811953, 3.3845158520814373, 3.3845158520811682, 3.384522694341253, 3.384522694341239, 3.3845226943410402, 3.3845226943413507, 3.384522694341116, 3.384522694341116, 3.384522694341364, 3.384522694341472, 3.3845226943408155, 3.3845226943411837, 3.3845226943410585, 3.384522694341389, 3.3845226943411886, 3.3845226943413254, 3.3845226943412468, 3.384522694341253, 3.3845226943408475, 3.3845226943415123, 3.3845226943412237, 3.384522694341478, 3.3845226943409368, 3.3845298912117303, 3.3845298912117863, 3.384529891211683, 3.384529891212156, 3.384529891211871, 3.3845298912119532, 3.3845298912117903, 3.384529891212034, 3.384529891211482, 3.384529891211593, 3.384529891211567, 3.384529891211728, 3.384529891211605, 3.3845298912116855, 3.384529891211627, 3.384529891211731, 3.384529891211406, 3.3845298912120456, 3.384529891211714, 3.384529891211876, 3.3845298912115713, 3.3845372366222604, 3.3845372366223545, 3.3845372366219415, 3.3845372366225, 3.3845372366224087, 3.3845372366225024, 3.3845372366224176, 3.3845372366225073, 3.384537236622079, 3.3845372366221196, 3.3845372366222692, 3.3845372366223163, 3.3845372366222044, 3.3845372366222852, 3.3845372366222155, 3.3845372366222644, 3.384537236622185, 3.384537236622615, 3.3845372366221698, 3.38453723662219, 3.384537236622405, 3.3845439772103356, 3.384543977210504, 3.3845439772099777, 3.3845439772103227, 3.3845439772103085, 3.384543977210402, 3.384543977210465, 3.384543977210458, 3.3845439772101846, 3.384543977210272, 3.384543977210442, 3.3845439772105195, 3.384543977210394, 3.3845439772103685, 3.384543977210302, 3.3845439772103365, 3.384543977210418, 3.3845439772106984, 3.384543977210245, 3.3845439772101598, 3.384543977210634, 3.384550286293738, 3.3845502862940187, 3.3845502862938353, 3.384550286293739, 3.3845502862936243, 3.384550286293819, 3.3845502862936674, 3.384550286293751, 3.3845502862936976, 3.384550286293749, 3.384550286293805, 3.3845502862938353, 3.384550286293705, 3.38455028629361, 3.3845502862935875, 3.384550286293736, 3.3845502862937424, 3.3845502862940617, 3.3845502862937744, 3.384550286293645, 3.3845502862938788, 3.3845552628367086, 3.384555262836906, 3.3845552628367352, 3.384555262836514, 3.384555262836598, 3.384555262836835, 3.384555262836538, 3.3845552628365865, 3.3845552628366993, 3.384555262836735, 3.3845552628367024, 3.3845552628367024, 3.3845552628365363, 3.3845552628366895, 3.3845552628366553, 3.3845552628367095, 3.384555262836502, 3.3845552628369053, 3.3845552628368516, 3.3845552628367592, 3.384555262836601, 3.3845593160942693, 3.3845593160943768, 3.384559316094199, 3.3845593160939607, 3.3845593160942014, 3.384559316094398, 3.384559316094256, 3.3845593160940357, 3.3845593160942506, 3.3845593160942666, 3.3845593160942427, 3.3845593160942364, 3.384559316094084, 3.3845593160943683, 3.384559316094342, 3.3845593160942684, 3.3845593160939083, 3.384559316094279, 3.3845593160943706, 3.384559316094338, 3.384559316094141, 3.384563224675267, 3.3845632246754778, 3.384563224675534, 3.384563224675217, 3.3845632246752677, 3.384563224675388, 3.3845632246754995, 3.38456322467506, 3.3845632246753037, 3.384563224675241, 3.384563224675272, 3.3845632246752904, 3.3845632246751975, 3.384563224675244, 3.384563224675288, 3.38456322467527, 3.3845632246749418, 3.384563224675129, 3.384563224675259, 3.3845632246752255, 3.3845632246753565, 3.384567097351885, 3.384567097352105, 3.3845670973519106, 3.3845670973518143, 3.3845670973518582, 3.38456709735188, 3.3845670973521433, 3.3845670973517836, 3.3845670973519284, 3.3845670973518347, 3.384567097351908, 3.3845670973519817, 3.3845670973519417, 3.3845670973518924, 3.384567097351945, 3.384567097351883, 3.3845670973516735, 3.3845670973517166, 3.384567097351868, 3.384567097351782, 3.3845670973520976, 3.3845707089267876, 3.38457070892702, 3.3845707089265176, 3.384570708926733, 3.3845707089267907, 3.384570708926775, 3.384570708926794, 3.3845707089268706, 3.384570708926886, 3.3845707089267276, 3.384570708926779, 3.3845707089268093, 3.384570708926795, 3.384570708926825, 3.3845707089268595, 3.384570708926787, 3.384570708926678, 3.384570708926695, 3.3845707089268973, 3.384570708926741, 3.3845707089268955, 3.384573674803791, 3.384573674804122, 3.3845736748036552, 3.384573674803957, 3.3845736748038333, 3.3845736748038355, 3.384573674803573, 3.3845736748040247, 3.384573674803971, 3.3845736748037534, 3.3845736748037782, 3.3845736748037085, 3.3845736748037014, 3.3845736748037183, 3.3845736748037694, 3.38457367480379, 3.384573674803757, 3.384573674803785, 3.3845736748040123, 3.3845736748038053, 3.3845736748037663, 3.384577443746996, 3.3845774437473097, 3.3845774437467506, 3.3845774437471268, 3.3845774437469913, 3.3845774437468803, 3.384577443746843, 3.384577443747184, 3.384577443747098, 3.384577443747006, 3.384577443747023, 3.384577443747018, 3.3845774437469776, 3.38457744374701, 3.38457744374705, 3.3845774437469967, 3.38457744374699, 3.384577443746981, 3.384577443747183, 3.384577443746994, 3.384577443746977, 3.384581775300562, 3.384581775300845, 3.384581775300348, 3.3845817753006746, 3.384581775300561, 3.384581775300359, 3.384581775300658, 3.3845817753006235, 3.3845817753006076, 3.38458177530061, 3.3845817753006537, 3.384581775300675, 3.3845817753006022, 3.3845817753006364, 3.3845817753006906, 3.384581775300564, 3.384581775300517, 3.384581775300487, 3.3845817753006235, 3.384581775300494, 3.3845817753006195, 3.3845863456485694, 3.3845863456488607, 3.384586345648615, 3.384586345648767, 3.3845863456486693, 3.384586345648515, 3.3845863456488017, 3.384586345648546, 3.384586345648696, 3.3845863456486343, 3.3845863456486445, 3.384586345648586, 3.3845863456485206, 3.384586345648571, 3.3845863456486316, 3.3845863456485703, 3.384586345648409, 3.3845863456484597, 3.384586345648569, 3.384586345648517, 3.384586345648605, 3.384591135315331, 3.384591135315518, 3.3845911353151843, 3.3845911353152953, 3.384591135315419, 3.38459113531531, 3.3845911353154747, 3.384591135315225, 3.3845911353154996, 3.384591135315391, 3.384591135315289, 3.3845911353152918, 3.3845911353152367, 3.3845911353153815, 3.3845911353154152, 3.3845911353153335, 3.3845911353150533, 3.384591135315258, 3.384591135315368, 3.3845911353153806, 3.3845911353152567, 3.3845961117826127, 3.3845961117828316, 3.3845961117824985, 3.3845961117824883, 3.38459611178262, 3.3845961117825465, 3.3845961117826526, 3.3845961117824674, 3.3845961117828365, 3.3845961117826624, 3.384596111782489, 3.3845961117826, 3.384596111782577, 3.384596111782608, 3.3845961117826353, 3.384596111782613, 3.3845961117823475, 3.384596111782645, 3.384596111782689, 3.384596111782702, 3.3845961117825323, 3.3846014889602984, 3.3846014889606337, 3.384601488960374, 3.3846014889602443, 3.3846014889602594, 3.3846014889602096, 3.3846014889603446, 3.3846014889601483, 3.384601488960555, 3.384601488960329, 3.3846014889602363, 3.3846014889602922, 3.384601488960309, 3.3846014889602194, 3.3846014889602447, 3.3846014889602967, 3.3846014889601705, 3.3846014889604437, 3.3846014889603317, 3.3846014889603113, 3.3846014889603375, 3.3846073479664724, 3.384607347966782, 3.3846073479662926, 3.384607347966344, 3.3846073479664316, 3.3846073479663796, 3.3846073479665835, 3.384607347966289, 3.384607347966677, 3.38460734796644, 3.3846073479665195, 3.384607347966446, 3.384607347966472, 3.38460734796653, 3.3846073479665084, 3.3846073479664707, 3.3846073479664476, 3.384607347966681, 3.3846073479664396, 3.3846073479664036, 3.384607347966576, 3.384613970579096, 3.3846139705794127, 3.3846139705789806, 3.3846139705791467, 3.3846139705791423, 3.3846139705790743, 3.384613970579196, 3.3846139705789398, 3.384613970579298, 3.3846139705790246, 3.384613970579153, 3.384613970579033, 3.384613970579069, 3.3846139705791725, 3.384613970579128, 3.3846139705790925, 3.384613970579032, 3.384613970579343, 3.384613970579061, 3.3846139705790494, 3.3846139705791467, 3.3846213022856033, 3.384621302285904, 3.384621302285534, 3.384621302285779, 3.384621302285656, 3.384621302285556, 3.384621302285647, 3.384621302285482, 3.3846213022857863, 3.3846213022855443, 3.384621302285565, 3.3846213022855856, 3.3846213022856224, 3.3846213022856544, 3.3846213022855984, 3.384621302285602, 3.384621302285388, 3.384621302285837, 3.3846213022856033, 3.3846213022856513, 3.3846213022855385, 3.384629402666356, 3.384629402666592, 3.3846294026660946, 3.384629402666469, 3.384629402666348, 3.3846294026661954, 3.3846294026664387, 3.3846294026662784, 3.3846294026665067, 3.3846294026663477, 3.384629402666302, 3.3846294026664046, 3.3846294026664347, 3.384629402666442, 3.3846294026663495, 3.3846294026663584, 3.3846294026660373, 3.384629402666555, 3.384629402666341, 3.3846294026664374, 3.3846294026662394, 3.3846387084724014, 3.3846387084726874, 3.38463870847223, 3.3846387084725644, 3.3846387084724157, 3.384638708472283, 3.3846387084725853, 3.3846387084723686, 3.3846387084725986, 3.384638708472447, 3.384638708472429, 3.3846387084723766, 3.3846387084724157, 3.384638708472405, 3.384638708472301, 3.3846387084723992, 3.384638708472101, 3.3846387084725644, 3.3846387084723184, 3.3846387084724214, 3.3846387084723215, 3.384649252454868, 3.3846492524552105, 3.384649252454675, 3.384649252454976, 3.384649252454926, 3.3846492524547767, 3.384649252455075, 3.384649252454797, 3.384649252455059, 3.3846492524549365, 3.3846492524549383, 3.384649252454824, 3.384649252454868, 3.3846492524548975, 3.384649252454778, 3.3846492524548673, 3.3846492524546514, 3.3846492524550365, 3.3846492524547624, 3.384649252454841, 3.384649252454862, 3.3846609908277356, 3.384660990828136, 3.3846609908274923, 3.3846609908277356, 3.3846609908278285, 3.384660990827624, 3.3846609908278156, 3.3846609908275678, 3.3846609908278755, 3.384660990827798, 3.384660990827744, 3.3846609908277316, 3.3846609908277854, 3.384660990827835, 3.3846609908277068, 3.3846609908277334, 3.384660990827563, 3.3846609908279377, 3.384660990827694, 3.3846609908277348, 3.384660990827735, 3.3846739617352894, 3.384673961735782, 3.3846739617352024, 3.3846739617353148, 3.384673961735395, 3.3846739617352024, 3.384673961735265, 3.384673961735079, 3.384673961735435, 3.3846739617353343, 3.3846739617352273, 3.3846739617352615, 3.3846739617353503, 3.384673961735352, 3.3846739617352326, 3.3846739617352926, 3.3846739617351127, 3.3846739617354906, 3.3846739617353, 3.3846739617353245, 3.3846739617352717, 3.3846886375139236, 3.384688637514432, 3.3846886375137855, 3.384688637513882, 3.384688637514001, 3.384688637513822, 3.3846886375139635, 3.384688637513717, 3.3846886375140697, 3.3846886375139493, 3.3846886375138823, 3.384688637513837, 3.384688637513954, 3.384688637514, 3.384688637513859, 3.384688637513922, 3.3846886375136958, 3.384688637514068, 3.384688637513904, 3.3846886375139507, 3.384688637513906, 3.3847051726057296, 3.3847051726062296, 3.384705172605499, 3.384705172605653, 3.384705172605749, 3.3847051726055875, 3.384705172605913, 3.3847051726055524, 3.384705172605877, 3.3847051726057495, 3.3847051726057433, 3.3847051726056177, 3.3847051726057624, 3.3847051726058197, 3.3847051726056545, 3.384705172605727, 3.384705172605448, 3.384705172605795, 3.3847051726056465, 3.3847051726057202, 3.3847051726057416, 3.3847239697221707, 3.384723969722717, 3.3847239697220446, 3.3847239697222227, 3.3847239697222045, 3.3847239697220313, 3.3847239697223857, 3.3847239697220153, 3.384723969722319, 3.38472396972219, 3.3847239697221605, 3.3847239697220792, 3.38472396972224, 3.3847239697222142, 3.384723969722039, 3.384723969722173, 3.38472396972183, 3.3847239697222054, 3.3847239697220726, 3.3847239697221623, 3.384723969722194, 3.3847454263707144, 3.3847454263712744, 3.3847454263704475, 3.384745426370777, 3.3847454263707832, 3.384745426370577, 3.3847454263708263, 3.384745426370533, 3.3847454263708285, 3.3847454263707357, 3.3847454263706567, 3.3847454263706607, 3.384745426370819, 3.3847454263708197, 3.384745426370632, 3.3847454263707144, 3.3847454263703316, 3.384745426370773, 3.3847454263706678, 3.384745426370755, 3.3847454263706824, 3.384769860794422, 3.3847698607950467, 3.3847698607941115, 3.3847698607945316, 3.3847698607945444, 3.3847698607943304, 3.3847698607944676, 3.38476986079423, 3.384769860794528, 3.3847698607944605, 3.384769860794399, 3.3847698607943535, 3.384769860794501, 3.3847698607945484, 3.384769860794333, 3.3847698607944205, 3.3847698607940666, 3.384769860794535, 3.384769860794394, 3.3847698607944485, 3.384769860794384, 3.384797815425678, 3.38479781542639, 3.384797815425415, 3.3847978154258307, 3.384797815425779, 3.3847978154255913, 3.384797815425773, 3.3847978154254856, 3.384797815425813, 3.384797815425757, 3.384797815425734, 3.3847978154255927, 3.384797815425739, 3.384797815425763, 3.3847978154255403, 3.3847978154256806, 3.3847978154253737, 3.3847978154258302, 3.3847978154256158, 3.3847978154256553, 3.3847978154256855, 3.3848298972126596, 3.384829897213366, 3.3848298972122524, 3.3848298972127013, 3.3848298972126876, 3.3848298972124966, 3.3848298972128057, 3.384829897212425, 3.384829897212781, 3.3848298972127693, 3.3848298972127333, 3.3848298972126107, 3.384829897212753, 3.3848298972127755, 3.3848298972125335, 3.3848298972126587, 3.384829897212316, 3.3848298972128292, 3.384829897212561, 3.3848298972126116, 3.384829897212696, 3.3848667268247157, 3.3848667268254835, 3.384866726824463, 3.384866726824834, 3.3848667268247827, 3.3848667268246118, 3.384866726824859, 3.3848667268244372, 3.384866726824876, 3.384866726824829, 3.3848667268247183, 3.3848667268246353, 3.3848667268248063, 3.384866726824766, 3.3848667268245354, 3.384866726824713, 3.38486672682427, 3.3848667268248986, 3.3848667268246206, 3.3848667268247117, 3.384866726824723, 3.384908950071392, 3.384908950072144, 3.3849089500710265, 3.384908950071428, 3.3849089500714813, 3.384908950071308, 3.384908950071549, 3.384908950071039, 3.3849089500715435, 3.38490895007148, 3.3849089500713463, 3.384908950071286, 3.3849089500714737, 3.384908950071512, 3.38490895007126, 3.384908950071392, 3.384908950070852, 3.384908950071596, 3.3849089500712957, 3.384908950071425, 3.38490895007137, 3.3849574825714517, 3.3849574825722737, 3.3849574825711266, 3.384957482571508, 3.3849574825715387, 3.3849574825713584, 3.38495748257167, 3.3849574825710462, 3.384957482571598, 3.384957482571525, 3.384957482571422, 3.384957482571322, 3.38495748257153, 3.3849574825715774, 3.3849574825713193, 3.384957482571452, 3.384957482570882, 3.384957482571683, 3.3849574825713176, 3.3849574825714606, 3.384957482571464, 3.385013406295462, 3.385013406296383, 3.385013406295191, 3.3850134062955606, 3.3850134062955144, 3.3850134062953208, 3.385013406295728, 3.3850134062950508, 3.3850134062956165, 3.3850134062955437, 3.3850134062954678, 3.385013406295336, 3.385013406295568, 3.3850134062955632, 3.385013406295304, 3.385013406295462, 3.3850134062949286, 3.385013406295746, 3.385013406295303, 3.3850134062954322, 3.385013406295526, 3.3850778423640286, 3.385077842364997, 3.385077842363587, 3.385077842364074, 3.38507784236406, 3.3850778423638346, 3.3850778423642733, 3.3850778423636076, 3.3850778423641676, 3.3850778423641184, 3.38507784236403, 3.3850778423638963, 3.3850778423641414, 3.3850778423641725, 3.385077842363887, 3.385077842364027, 3.385077842363488, 3.3850778423643755, 3.3850778423638754, 3.385077842364007, 3.385077842364077, 3.3851520641544766, 3.3851520641555304, 3.385152064154083, 3.3851520641546213, 3.38515206415457, 3.3851520641543447, 3.385152064154698, 3.385152064154059, 3.385152064154655, 3.385152064154598, 3.385152064154448, 3.3851520641542914, 3.3851520641545516, 3.38515206415458, 3.3851520641542843, 3.3851520641544783, 3.385152064153886, 3.385152064154862, 3.385152064154346, 3.3851520641544823, 3.385152064154481, 3.3852375115147115, 3.3852375115158067, 3.3852375115142466, 3.3852375115148576, 3.3852375115148323, 3.3852375115145525, 3.385237511515008, 3.3852375115142435, 3.385237511514872, 3.3852375115148714, 3.3852375115146773, 3.385237511514577, 3.385237511514826, 3.3852375115148536, 3.3852375115145388, 3.385237511514711, 3.3852375115140654, 3.3852375115151045, 3.3852375115145583, 3.3852375115147213, 3.3852375115147293, 3.3853356893400477, 3.385335689341203, 3.385335689339558, 3.3853356893401925, 3.3853356893401725, 3.385335689339859, 3.3853356893404634, 3.3853356893395246, 3.3853356893401974, 3.3853356893402404, 3.385335689340037, 3.3853356893399216, 3.3853356893401765, 3.385335689340202, 3.3853356893398625, 3.385335689340046, 3.385335689339341, 3.385335689340431, 3.3853356893398496, 3.3853356893400335, 3.3853356893400868, 3.385448480898613, 3.385448480899862, 3.385448480898181, 3.3854484808987926, 3.3854484808987553, 3.385448480898449, 3.385448480899064, 3.385448480898057, 3.3854484808987895, 3.3854484808988263, 3.3854484808986167, 3.385448480898438, 3.385448480898714, 3.3854484808987477, 3.3854484808983765, 3.3854484808986154, 3.38544848089786, 3.3854484808990137, 3.385448480898413, 3.3854484808985994, 3.385448480898634, 3.385577694909962, 3.38557769491129, 3.385577694909426, 3.3855776949100616, 3.385577694910082, 3.3855776949097542, 3.3855776949103906, 3.3855776949093457, 3.3855776949101304, 3.385577694910173, 3.385577694909952, 3.385577694909776, 3.385577694910069, 3.3855776949101513, 3.3855776949097254, 3.3855776949099576, 3.3855776949091747, 3.3855776949104137, 3.385577694909791, 3.3855776949099727, 3.3855776949099474, 3.385725115832161, 3.3857251158335893, 3.3857251158316974, 3.3857251158322947, 3.3857251158322956, 3.385725115831963, 3.385725115832623, 3.3857251158314794, 3.385725115832345, 3.3857251158323556, 3.385725115832148, 3.385725115831964, 3.385725115832294, 3.3857251158323365, 3.3857251158318777, 3.385725115832164, 3.3857251158313604, 3.385725115832647, 3.3857251158319985, 3.3857251158321593, 3.3857251158321815, 3.385892365016147, 3.385892365017646, 3.3858923650156547, 3.385892365016274, 3.385892365016301, 3.3858923650159527, 3.3858923650166908, 3.3858923650154003, 3.3858923650163284, 3.385892365016324, 3.385892365016159, 3.3858923650159425, 3.3858923650163004, 3.385892365016359, 3.3858923650158403, 3.385892365016146, 3.3858923650153203, 3.385892365016652, 3.385892365015961, 3.3858923650161095, 3.385892365016223, 3.386081021850739, 3.386081021852275, 3.386081021850222, 3.386081021850858, 3.386081021850929, 3.3860810218505484, 3.3860810218513455, 3.3860810218499178, 3.386081021850916, 3.386081021850915, 3.3860810218507633, 3.3860810218505195, 3.3860810218508828, 3.3860810218509783, 3.386081021850403, 3.3860810218507353, 3.3860810218498454, 3.3860810218512563, 3.3860810218505444, 3.386081021850688, 3.386081021850818, 3.3862921027322836, 3.3862921027338766, 3.386292102731803, 3.3862921027324395, 3.386292102732482, 3.3862921027320754, 3.3862921027329165, 3.386292102731423, 3.3862921027324546, 3.3862921027324804, 3.386292102732315, 3.3862921027320683, 3.3862921027324306, 3.38629210273251, 3.386292102731872, 3.386292102732283, 3.386292102731325, 3.386292102732832, 3.386292102732112, 3.3862921027322432, 3.3862921027323405, 3.3865259445971656, 3.3865259445987888, 3.386525944596649, 3.3865259445973064, 3.386525944597369, 3.386525944596918, 3.386525944597834, 3.38652594459625, 3.3865259445973113, 3.3865259445973743, 3.3865259445972185, 3.3865259445969667, 3.3865259445973175, 3.386525944597421, 3.386525944596703, 3.3865259445971643, 3.3865259445961637, 3.3865259445977363, 3.386525944597007, 3.3865259445971216, 3.3865259445972113, 3.386781943607629, 3.3867819436092876, 3.3867819436071462, 3.386781943607801, 3.386781943607889, 3.386781943607382, 3.38678194360836, 3.3867819436066795, 3.386781943607761, 3.3867819436078377, 3.3867819436077284, 3.386781943607411, 3.3867819436077564, 3.386781943607901, 3.3867819436071045, 3.386781943607627, 3.386781943606641, 3.3867819436082343, 3.3867819436074753, 3.3867819436075544, 3.3867819436076996, 3.387058358685513, 3.387058358687162, 3.387058358685035, 3.3870583586856675, 3.3870583586858016, 3.3870583586852416, 3.3870583586862963, 3.387058358684517, 3.3870583586856053, 3.3870583586856977, 3.387058358685636, 3.3870583586853025, 3.387058358685643, 3.3870583586858216, 3.387058358684936, 3.387058358685511, 3.387058358684531, 3.387058358686141, 3.3870583586853775, 3.3870583586854113, 3.387058358685613, 3.3873517953851495, 3.3873517953867918, 3.3873517953847423, 3.387351795385303, 3.3873517953854724, 3.387351795384869, 3.3873517953859413, 3.3873517953841206, 3.38735179538521, 3.3873517953853067, 3.3873517953852628, 3.3873517953849603, 3.387351795385295, 3.387351795385455, 3.3873517953844896, 3.38735179538515, 3.387351795384183, 3.3873517953857895, 3.3873517953850603, 3.387351795385046, 3.3873517953852645, 3.3876571933942317, 3.3876571933958073, 3.3876571933938324, 3.387657193394354, 3.387657193394588, 3.3876571933939292, 3.3876571933950506, 3.3876571933931987, 3.387657193394251, 3.387657193394343, 3.3876571933943436, 3.387657193394035, 3.387657193394359, 3.387657193394568, 3.3876571933935016, 3.387657193394231, 3.387657193393283, 3.387657193394865, 3.387657193394185, 3.3876571933941317, 3.3876571933943374, 3.3879677532334043, 3.387967753234897, 3.387967753233088, 3.387967753233518, 3.387967753233785, 3.3879677532330894, 3.3879677532342605, 3.387967753232389, 3.387967753233391, 3.387967753233469, 3.3879677532335455, 3.3879677532332066, 3.387967753233512, 3.3879677532337555, 3.387967753232591, 3.3879677532334043, 3.3879677532325188, 3.3879677532340073, 3.387967753233393, 3.3879677532332977, 3.3879677532335055, 3.3882752179711204, 3.3882752179724838, 3.3882752179708553, 3.388275217971208, 3.388275217971522, 3.3882752179707722, 3.3882752179720033, 3.3882752179701425, 3.3882752179710467, 3.388275217971138, 3.3882752179712936, 3.388275217970961, 3.3882752179712163, 3.3882752179714997, 3.388275217970251, 3.3882752179711217, 3.3882752179703313, 3.388275217971676, 3.388275217971155, 3.3882752179710014, 3.388275217971214, 3.3885701457387394, 3.38857014573996, 3.388570145738547, 3.3885701457388144, 3.388570145739171, 3.3885701457383917, 3.3885701457395747, 3.3885701457378343, 3.388570145738628, 3.388570145738703, 3.388570145738916, 3.3885701457386066, 3.388570145738825, 3.3885701457391133, 3.388570145737792, 3.388570145738738, 3.3885701457380644, 3.3885701457392376, 3.388570145738856, 3.3885701457386306, 3.3885701457388073, 3.388842846217835, 3.3888428462188616, 3.388842846217667, 3.3888428462178886, 3.388842846218307, 3.388842846217485, 3.3888428462186098, 3.388842846217035, 3.388842846217684, 3.3888428462177367, 3.3888428462180102, 3.3888428462177425, 3.388842846217911, 3.3888428462182336, 3.3888428462168445, 3.388842846217837, 3.3888428462173055, 3.388842846218272, 3.3888428462180378, 3.3888428462177393, 3.3888428462178655, 3.389084395896294, 3.3890843958971013, 3.3890843958961914, 3.389084395896335, 3.3890843958968038, 3.3890843958959485, 3.3890843958970276, 3.3890843958956354, 3.389084395896119, 3.389084395896131, 3.3890843958964783, 3.389084395896234, 3.389084395896347, 3.3890843958966883, 3.3890843958952694, 3.38908439589629, 3.389084395895923, 3.3890843958966315, 3.389084395896567, 3.3890843958962082, 3.3890843958962926, 3.389287969388783, 3.3892879693893363, 3.389287969388727, 3.389287969388787, 3.389287969389284, 3.3892879693884046, 3.3892879693894593, 3.389287969388293, 3.3892879693885822, 3.389287969388562, 3.389287969388975, 3.3892879693887643, 3.3892879693888225, 3.3892879693891786, 3.389287969387753, 3.3892879693887843, 3.3892879693885756, 3.3892879693890103, 3.389287969389116, 3.3892879693887115, 3.389287969388749, 3.389449536226256, 3.3894495362265644, 3.389449536226302, 3.3894495362262336, 3.3894495362267585, 3.389449536225854, 3.389449536226814, 3.389449536225948, 3.3894495362260573, 3.3894495362259778, 3.3894495362264245, 3.3894495362262678, 3.3894495362262678, 3.389449536226642, 3.3894495362252526, 3.3894495362262567, 3.389449536226206, 3.3894495362263757, 3.3894495362266586, 3.389449536226215, 3.389449536226165, 3.389568474031009, 3.3895684740310554, 3.3895684740310648, 3.3895684740309253, 3.3895684740315093, 3.3895684740305922, 3.389568474031425, 3.389568474030884, 3.3895684740308303, 3.389568474030684, 3.3895684740311567, 3.389568474031032, 3.38956847403099, 3.3895684740314023, 3.3895684740300966, 3.3895684740310106, 3.3895684740311167, 3.3895684740310306, 3.3895684740314818, 3.3895684740310057, 3.3895684740308587, 3.3896475336949425, 3.3896475336947467, 3.389647533695123, 3.3896475336948444, 3.389647533695443, 3.3896475336945144, 3.3896475336952427, 3.3896475336950145, 3.389647533694832, 3.3896475336945966, 3.3896475336950673, 3.3896475336949923, 3.389647533694912, 3.38964753369529, 3.389647533694122, 3.3896475336949408, 3.3896475336952054, 3.3896475336948715, 3.3896475336954404, 3.3896475336949545, 3.389647533694784, 3.3896924965370543, 3.389692496536623, 3.3896924965372324, 3.3896924965368576, 3.3896924965375295, 3.389692496536593, 3.3896924965372204, 3.389692496537302, 3.3896924965370228, 3.3896924965367172, 3.3896924965371498, 3.3896924965371236, 3.389692496537015, 3.389692496537392, 3.3896924965363944, 3.3896924965370534, 3.3896924965374393, 3.389692496536894, 3.389692496537566, 3.3896924965370863, 3.3896924965368664, 3.389711044412051, 3.389711044411435, 3.3897110444123566, 3.3897110444118614, 3.3897110444125, 3.389711044411583, 3.3897110444120755, 3.3897110444124734, 3.3897110444121474, 3.3897110444117637, 3.389711044412126, 3.389711044412134, 3.389711044412002, 3.3897110444123197, 3.3897110444115404, 3.3897110444120533, 3.389711044412526, 3.389711044411837, 3.389711044412551, 3.389711044412104, 3.389711044411846, 3.389711698306593, 3.3897116983058164, 3.38971169830686, 3.389711698306332, 3.3897116983069933, 3.38971169830611, 3.389711698306489, 3.3897116983071434, 3.389711698306817, 3.3897116983063604, 3.3897116983066513, 3.3897116983066735, 3.38971169830654, 3.389711698306857, 3.389711698306307, 3.3897116983065905, 3.3897116983071123, 3.3897116983063422, 3.389711698307067, 3.389711698306673, 3.389711698306342, 3.389702799583507, 3.389702799582626, 3.389702799583903, 3.3897027995833002, 3.389702799583881, 3.389702799583057, 3.389702799583292, 3.3897027995841738, 3.3897027995839113, 3.3897027995833526, 3.3897027995835427, 3.389702799583578, 3.389702799583459, 3.3897027995836866, 3.389702799583401, 3.3897027995835063, 3.3897027995840463, 3.3897027995832407, 3.389702799583926, 3.389702799583593, 3.389702799583251, 3.3896918604961126, 3.3896918604951725, 3.3896918604964323, 3.38969186049582, 3.3896918604963933, 3.389691860495605, 3.3896918604958306, 3.3896918604968196, 3.389691860496666, 3.389691860496043, 3.3896918604961366, 3.3896918604962116, 3.389691860496139, 3.389691860496281, 3.3896918604962596, 3.3896918604961135, 3.389691860496662, 3.389691860495839, 3.389691860496462, 3.3896918604962005, 3.3896918604958803, 3.3896850586134, 3.389685058612458, 3.3896850586138543, 3.3896850586132308, 3.3896850586136678, 3.389685058612984, 3.389685058613055, 3.3896850586141594, 3.3896850586141687, 3.3896850586134084, 3.38968505861342, 3.3896850586134404, 3.389685058613416, 3.389685058613449, 3.389685058613692, 3.3896850586134026, 3.389685058613926, 3.389685058613141, 3.3896850586136664, 3.389685058613481, 3.3896850586131833, 3.389687030288566, 3.389687030287627, 3.3896870302888304, 3.389687030288305, 3.3896870302887385, 3.389687030288108, 3.389687030288166, 3.389687030289249, 3.389687030289453, 3.389687030288666, 3.3896870302885715, 3.3896870302886173, 3.3896870302886293, 3.389687030288638, 3.3896870302890982, 3.3896870302885653, 3.3896870302890325, 3.3896870302883313, 3.3896870302887643, 3.389687030288652, 3.3896870302883473, 3.3897007940363184, 3.3897007940354587, 3.3897007940368007, 3.389700794036261, 3.3897007940364716, 3.3897007940359325, 3.389700794035886, 3.3897007940369357, 3.389700794037368, 3.3897007940365107, 3.389700794036318, 3.3897007940363317, 3.3897007940364015, 3.38970079403624, 3.3897007940369126, 3.3897007940363184, 3.3897007940367327, 3.389700794036112, 3.3897007940364356, 3.3897007940363926, 3.389700794036129, 3.3897275038695245, 3.389727503868711, 3.3897275038696697, 3.3897275038693313, 3.389727503869552, 3.389727503869061, 3.3897275038691292, 3.3897275038699815, 3.3897275038706227, 3.389727503869795, 3.389727503869548, 3.389727503869557, 3.38972750386964, 3.389727503869525, 3.3897275038703047, 3.389727503869525, 3.3897275038698975, 3.3897275038693326, 3.389727503869562, 3.3897275038695756, 3.3897275038693664, 3.3897666434781515, 3.3897666434774467, 3.3897666434785965, 3.3897666434782807, 3.3897666434782123, 3.389766643477853, 3.3897666434777376, 3.389766643478501, 3.3897666434793856, 3.389766643478469, 3.389766643478173, 3.3897666434780667, 3.3897666434782066, 3.3897666434779383, 3.3897666434788376, 3.389766643478149, 3.389766643478463, 3.389766643477981, 3.389766643478131, 3.3897666434781955, 3.389766643478023, 3.3898161102151616, 3.389816110214512, 3.3898161102150444, 3.3898161102150066, 3.3898161102150555, 3.38981611021467, 3.3898161102147832, 3.389816110215218, 3.3898161102162816, 3.389816110215537, 3.389816110215146, 3.389816110215191, 3.3898161102153264, 3.3898161102151567, 3.389816110216017, 3.389816110215162, 3.3898161102154316, 3.3898161102150013, 3.389816110215125, 3.3898161102152113, 3.3898161102150604, 3.3898726628902853, 3.3898726628897724, 3.389872662890815, 3.3898726628906917, 3.3898726628903244, 3.3898726628900873, 3.3898726628899243, 3.389872662890243, 3.3898726628915283, 3.389872662890669, 3.389872662890277, 3.389872662890102, 3.3898726628902933, 3.3898726628899363, 3.389872662890831, 3.389872662890286, 3.389872662890526, 3.389872662890132, 3.3898726628901894, 3.3898726628902955, 3.3898726628902573, 3.3899325831724383, 3.3899325831719245, 3.3899325831718268, 3.3899325831721625, 3.389932583172187, 3.389932583171845, 3.3899325831721847, 3.3899325831720404, 3.389932583173363, 3.3899325831728624, 3.389932583172414, 3.3899325831724583, 3.3899325831726164, 3.3899325831725773, 3.3899325831732647, 3.389932583172435, 3.3899325831726674, 3.3899325831722904, 3.389932583172349, 3.389932583172454, 3.3899325831724303, 3.3899921573026464, 3.3899921573023413, 3.389992157303615, 3.3899921573035363, 3.389992157302758, 3.389992157302632, 3.389992157302324, 3.389992157302317, 3.389992157303794, 3.389992157303049, 3.3899921573026135, 3.3899921573022604, 3.3899921573025265, 3.389992157302054, 3.3899921573027707, 3.389992157302644, 3.389992157302819, 3.3899921573024967, 3.389992157302542, 3.3899921573026472, 3.3899921573026837, 3.390047579608368, 3.3900475796079297, 3.3900475796067084, 3.3900475796075367, 3.3900475796078497, 3.390047579607386, 3.390047579608235, 3.3900475796075327, 3.3900475796088188, 3.390047579608841, 3.390047579608285, 3.390047579608577, 3.390047579608752, 3.390047579608987, 3.3900475796092646, 3.390047579608368, 3.390047579608551, 3.390047579608229, 3.3900475796083462, 3.3900475796083938, 3.390047579608393, 3.3900936846020646, 3.390093684601998, 3.3900936846045515, 3.3900936846041207, 3.3900936846026517, 3.3900936846027143, 3.390093684601787, 3.3900936846018066, 3.3900936846032916, 3.3900936846024146, 3.3900936846020664, 3.390093684601151, 3.39009368460158, 3.390093684600798, 3.3900936846013234, 3.3900936846020633, 3.3900936846022023, 3.3900936846019074, 3.39009368460195, 3.3900936846020033, 3.3900936846022174, 3.390118561723057, 3.3901185617225225, 3.3901185617184995, 3.390118561720262, 3.390118561721839, 3.3901185617209197, 3.3901185617231633, 3.390118561721676, 3.3901185617224914, 3.390118561723654, 3.390118561722915, 3.3901185617240297, 3.3901185617241967, 3.3901185617251297, 3.3901185617247, 3.390118561723055, 3.3901185617232437, 3.3901185617229386, 3.3901185617231615, 3.390118561723107, 3.3901185617230962, 3.3900864633167505, 3.3900864633172323, 3.3900864633243764, 3.390086463322323, 3.3900864633188266, 3.3900864633195287, 3.390086463316254, 3.3900864633173686, 3.390086463318879, 3.3900864633169263, 3.390086463316842, 3.390086463314288, 3.3900864633151175, 3.390086463313136, 3.3900864633138554, 3.3900864633167505, 3.390086463316741, 3.3900864633165777, 3.3900864633166177, 3.390086463316632, 3.3900864633169445, 3.3898804141092245, 3.3898804141080605, 3.389880414095336, 3.3898804140998533, 3.389880414105514, 3.3898804141032306, 3.3898804141099417, 3.3898804141064205, 3.3898804141060332, 3.3898804141101913, 3.3898804141089682, 3.3898804141129517, 3.389880414112844, 3.389880414115953, 3.3898804141140593, 3.389880414109226, 3.3898804141094803, 3.3898804141091614, 3.38988041410962, 3.3898804141093897, 3.3898804141091006, 3.3891167351442144, 3.389116735146178, 3.3891167351686953, 3.3891167351613998, 3.389116735151251, 3.3891167351543277, 3.3891167351429585, 3.38911673514789, 3.389116735150281, 3.3891167351436553, 3.389116735144727, 3.389116735136362, 3.3891167351382703, 3.389116735132505, 3.3891167351348823, 3.389116735144214, 3.389116735143906, 3.389116735143954, 3.3891167351437512, 3.3891167351438414, 3.389116735144561, 3.3868498520432784, 3.3868498520400614, 3.386849852001462, 3.3868498520140156, 3.3868498520311356, 3.3868498520243597, 3.386849852045587, 3.3868498520352155, 3.386849852032031, 3.3868498520454393, 3.3868498520423826, 3.3868498520568635, 3.386849852055555, 3.3868498520643175, 3.3868498520586945, 3.386849852043276, 3.386849852043848, 3.386849852043409, 3.3868498520443944, 3.3868498520438663, 3.386849852042815, 3.3821367334324903, 3.382136733437365, 3.3821367334925325, 3.3821367334765187, 3.3821367334525574, 3.3821367334629997, 3.3821367334292978, 3.3821367334440415, 3.382136733449645, 3.3821367334293098, 3.3821367334343324, 3.382136733408766, 3.3821367334131613, 3.382136733401539, 3.382136733408237, 3.3821367334324903, 3.382136733431595, 3.3821367334321044, 3.382136733431264, 3.3821367334315697, 3.38213673343273, 3.380696265773119, 3.3806962657693567, 3.380696265713793, 3.3806962657268333, 3.3806962657491, 3.3806962657349775, 3.380696265777054, 3.3806962657582735, 3.380696265751163, 3.3806962657777038, 3.380696265770734, 3.380696265802675, 3.3806962658000117, 3.3806962658064985, 3.3806962657980897, 3.3806962657731177, 3.3806962657738246, 3.3806962657733277, 3.3806962657746293, 3.380696265774134, 3.380696265773241, 3.3866232678211583, 3.3866232678225217, 3.386623267847836, 3.3866232678454398, 3.3866232678369177, 3.386623267847215, 3.3866232678196275, 3.386623267831867, 3.3866232678350654, 3.3866232678175443, 3.386623267824079, 3.3866232677977144, 3.38662326780091, 3.3866232678030683, 3.3866232678061476, 3.386623267821158, 3.3866232678205335, 3.3866232678211, 3.386623267820567, 3.3866232678204278, 3.386623267819729, 3.390044751662861, 3.3900447516646808, 3.390044751676829, 3.390044751671465, 3.3900447516671823, 3.39004475166723, 3.390044751661427, 3.39004475166545, 3.3900447516656733, 3.3900447516633188, 3.3900447516620056, 3.390044751659433, 3.390044751661293, 3.3900447516561085, 3.3900447516574004, 3.3900447516628596, 3.390044751662465, 3.3900447516631727, 3.3900447516632854, 3.3900447516629773, 3.390044751663515, 3.38477491892785, 3.384774918926165, 3.3847749188914174, 3.384774918895237, 3.384774918909389, 3.384774918895682, 3.3847749189310803, 3.384774918915262, 3.3847749189092053, 3.3847749189324423, 3.3847749189250957, 3.38477491895496, 3.3847749189530822, 3.3847749189522705, 3.3847749189463965, 3.38477491892785, 3.384774918928624, 3.3847749189279455, 3.384774918928563, 3.3847749189283305, 3.3847749189297094, 3.3856094756186, 3.3856094756197836, 3.3856094756522337, 3.3856094756482, 3.3856094756371498, 3.385609475648038, 3.3856094756177217, 3.385609475629497, 3.385609475633777, 3.3856094756143507, 3.3856094756223483, 3.385609475592917, 3.385609475596259, 3.3856094755979917, 3.385609475601986, 3.3856094756186006, 3.385609475617894, 3.3856094756180033, 3.385609475617297, 3.385609475617535, 3.3856094756171093, 3.3904470862311293, 3.390447086230878, 3.390447086225963, 3.3904470862287766, 3.3904470862313527, 3.39044708623208, 3.390447086229969, 3.390447086232032, 3.3904470862319473, 3.390447086230912, 3.390447086231348, 3.3904470862280607, 3.390447086228728, 3.3904470862324887, 3.3904470862312275, 3.3904470862311284, 3.390447086230293, 3.390447086231773, 3.3904470862322627, 3.390447086231896, 3.3904470862289715, 3.386557953409407, 3.386557953408918, 3.386557953379947, 3.3865579533820265, 3.386557953392434, 3.386557953381272, 3.3865579534109442, 3.386557953399085, 3.386557953394723, 3.386557953413639, 3.38655795340658, 3.3865579534329195, 3.386557953431607, 3.3865579534287313, 3.3865579534236963, 3.386557953409407, 3.3865579534101498, 3.3865579534101244, 3.3865579534105517, 3.386557953410103, 3.38655795341081, 3.386868235052029, 3.3868682350540547, 3.386868235089006, 3.3868682350806423, 3.3868682350674235, 3.3868682350745725, 3.386868235052067, 3.3868682350606103, 3.3868682350652395, 3.3868682350495334, 3.386868235054121, 3.386868235033831, 3.386868235037522, 3.3868682350310655, 3.3868682350356853, 3.3868682350520256, 3.386868235052342, 3.3868682350510153, 3.386868235050106, 3.3868682350504318, 3.386868235053721, 3.390545366943332, 3.3905453669423413, 3.3905453669390857, 3.39054536694305, 3.390545366945699, 3.3905453669470305, 3.390545366943196, 3.3905453669438668, 3.3905453669454158, 3.390545366942324, 3.3905453669437846, 3.3905453669387478, 3.3905453669393224, 3.390545366944223, 3.3905453669432855, 3.390545366943332, 3.390545366942745, 3.3905453669433006, 3.3905453669437042, 3.390545366943705, 3.390545366941883, 3.387263242193031, 3.387263242191396, 3.387263242157994, 3.387263242165864, 3.3872632421789928, 3.3872632421705107, 3.3872632421932907, 3.387263242183053, 3.387263242180489, 3.3872632421957958, 3.387263242190923, 3.387263242210831, 3.38726324220858, 3.387263242213939, 3.387263242208374, 3.3872632421930327, 3.387263242192866, 3.3872632421939786, 3.3872632421950004, 3.3872632421945696, 3.3872632421915063, 3.3884069266423036, 3.38840692664433, 3.3884069266729058, 3.3884069266655628, 3.3884069266535386, 3.3884069266581394, 3.3884069266418195, 3.3884069266489187, 3.388406926652408, 3.388406926641049, 3.388406926644304, 3.3884069266286367, 3.388406926631059, 3.38840692662519, 3.3884069266292602, 3.388406926642303, 3.388406926642855, 3.3884069266415793, 3.388406926641006, 3.388406926641089, 3.388406926643138, 3.3905350266472483, 3.3905350266479664, 3.3905350266578465, 3.3905350266545584, 3.3905350266502636, 3.3905350266503897, 3.3905350266478584, 3.3905350266492795, 3.390535026650625, 3.390535026647561, 3.390535026647988, 3.390535026643715, 3.3905350266447662, 3.390535026641409, 3.390535026642743, 3.390535026647248, 3.390535026647773, 3.3905350266467305, 3.3905350266463987, 3.390535026646531, 3.390535026648247, 3.387783326209114, 3.3877833262072743, 3.387783326175066, 3.3877833261830133, 3.387783326196218, 3.387783326188311, 3.3877833262096098, 3.387783326200182, 3.3877833261981114, 3.3877833262116512, 3.3877833262065487, 3.3877833262253403, 3.3877833262232793, 3.3877833262286883, 3.387783326223555, 3.3877833262091133, 3.3877833262085697, 3.3877833262098616, 3.3877833262108057, 3.387783326210639, 3.3877833262080954, 3.3897962053130244, 3.389796205312799, 3.3897962053254522, 3.3897962053259834, 3.3897962053224866, 3.389796205326756, 3.3897962053120865, 3.389796205318156, 3.389796205321415, 3.3897962053107817, 3.389796205314053, 3.3897962052996307, 3.3897962053012165, 3.389796205303559, 3.389796205305751, 3.3897962053130257, 3.389796205312496, 3.3897962053126465, 3.389796205312809, 3.389796205312898, 3.389796205312213, 3.390263645918852, 3.3902636459199664, 3.3902636459365407, 3.3902636459311837, 3.390263645925117, 3.390263645925766, 3.3902636459189464, 3.3902636459218933, 3.3902636459239273, 3.3902636459187896, 3.3902636459200557, 3.390263645912745, 3.3902636459141826, 3.39026364590976, 3.3902636459122557, 3.3902636459188513, 3.390263645919862, 3.3902636459183935, 3.390263645917791, 3.3902636459177726, 3.3902636459202817, 3.38863549124214, 3.3886354912422667, 3.3886354912222365, 3.3886354912220353, 3.3886354912292784, 3.388635491220235, 3.388635491242685, 3.3886354912334733, 3.3886354912307937, 3.3886354912461054, 3.3886354912403935, 3.3886354912611467, 3.3886354912592775, 3.388635491257313, 3.388635491253405, 3.3886354912421424, 3.3886354912428738, 3.388635491242939, 3.388635491242985, 3.3886354912427143, 3.38863549124264, 3.390613427394848, 3.3906134273936432, 3.390613427397753, 3.3906134274003414, 3.3906134274000204, 3.3906134274031614, 3.390613427394361, 3.3906134273982955, 3.390613427400549, 3.3906134273931423, 3.3906134273958037, 3.390613427385271, 3.3906134273861808, 3.3906134273905515, 3.3906134273911355, 3.3906134273948494, 3.3906134273936193, 3.390613427394422, 3.3906134273948876, 3.390613427395237, 3.3906134273927706, 3.390189540387151, 3.3901895403865487, 3.3901895403984605, 3.3901895403986617, 3.3901895403956432, 3.390189540399533, 3.390189540386866, 3.3901895403921776, 3.390189540395094, 3.3901895403850784, 3.390189540388492, 3.3901895403748523, 3.3901895403766384, 3.3901895403782882, 3.390189540380224, 3.390189540387151, 3.390189540386747, 3.390189540386499, 3.3901895403865607, 3.390189540386836, 3.3901895403864555, 3.3895148452057224, 3.3895148452066235, 3.389514845192199, 3.389514845190103, 3.3895148451957655, 3.3895148451875996, 3.389514845205938, 3.3895148451983608, 3.38951484519616, 3.389514845209367, 3.389514845203933, 3.389514845222957, 3.3895148452220036, 3.3895148452176134, 3.3895148452143884, 3.389514845205724, 3.3895148452072665, 3.389514845206614, 3.3895148452063046, 3.3895148452058117, 3.3895148452075077, 3.391132039200793, 3.3911320392009845, 3.3911320392054085, 3.391132039203674, 3.3911320392028292, 3.3911320392019753, 3.39113203920069, 3.391132039201585, 3.391132039202351, 3.391132039201022, 3.391132039201031, 3.39113203919934, 3.3911320392002464, 3.3911320391985162, 3.39113203919889, 3.391132039200795, 3.3911320392010995, 3.3911320392005577, 3.39113203920052, 3.391132039200605, 3.391132039201017, 3.390224531543228, 3.39022453154212, 3.390224531553111, 3.3902245315548436, 3.3902245315519663, 3.3902245315564334, 3.390224531542879, 3.390224531548895, 3.3902245315514397, 3.390224531540553, 3.390224531544789, 3.3902245315290602, 3.3902245315307677, 3.390224531534262, 3.390224531536174, 3.3902245315432276, 3.3902245315421013, 3.390224531542347, 3.3902245315427826, 3.3902245315433235, 3.3902245315412283, 3.3903747296529487, 3.3903747296526783, 3.3903747296374527, 3.3903747296392206, 3.390374729645312, 3.3903747296404676, 3.3903747296530162, 3.390374729647945, 3.390374729646076, 3.3903747296549245, 3.3903747296520383, 3.3903747296635482, 3.390374729662575, 3.3903747296635642, 3.390374729660186, 3.390374729652949, 3.3903747296531392, 3.3903747296535336, 3.3903747296537246, 3.3903747296535935, 3.3903747296522866, 3.3912876173937185, 3.3912876173944295, 3.3912876173961175, 3.3912876173934148, 3.391287617393354, 3.39128761739079, 3.3912876173939974, 3.391287617392938, 3.391287617392448, 3.3912876173948368, 3.3912876173938726, 3.3912876173963347, 3.3912876173968254, 3.391287617393746, 3.3912876173935853, 3.391287617393721, 3.3912876173947457, 3.391287617393711, 3.3912876173933113, 3.3912876173932758, 3.3912876173947137, 3.390496542159317, 3.3904965421594455, 3.390496542174027, 3.3904965421721966, 3.390496542168021, 3.3904965421704194, 3.3904965421588122, 3.3904965421640414, 3.3904965421661326, 3.3904965421576603, 3.3904965421601294, 3.390496542148193, 3.3904965421501734, 3.3904965421488873, 3.390496542151671, 3.3904965421593216, 3.3904965421591577, 3.390496542158683, 3.39049654215867, 3.3904965421589655, 3.390496542159329, 3.3909120577995777, 3.3909120577990612, 3.3909120577861542, 3.3909120577886713, 3.390912057794324, 3.3909120577912555, 3.3909120577993686, 3.3909120577957803, 3.390912057794736, 3.390912057800701, 3.390912057798324, 3.390912057806702, 3.3909120578061125, 3.3909120578077143, 3.3909120578048952, 3.390912057799578, 3.3909120577991447, 3.3909120578001, 3.39091205780034, 3.390912057800359, 3.390912057798924, 3.391394548694962, 3.3913945486945085, 3.3913945486896067, 3.3913945486907253, 3.3913945486930785, 3.391394548691839, 3.391394548695786, 3.391394548693699, 3.391394548693243, 3.3913945486953443, 3.3913945486954296, 3.391394548696916, 3.3913945486969053, 3.391394548697905, 3.391394548696662, 3.391394548694962, 3.3913945486952066, 3.3913945486949006, 3.391394548694592, 3.3913945486948243, 3.3913945486948034, 3.3907772341150673, 3.3907772341156592, 3.3907772341296787, 3.3907772341272575, 3.39077723412232, 3.390777234124345, 3.3907772341144446, 3.390777234119027, 3.3907772341206823, 3.390777234113854, 3.3907772341164275, 3.3907772341054105, 3.390777234107034, 3.39077723410522, 3.390777234108073, 3.390777234115068, 3.390777234115168, 3.390777234114676, 3.390777234114445, 3.390777234114611, 3.39077723411477, 3.391254796733973, 3.3912547967347546, 3.3912547967287052, 3.391254796727607, 3.391254796729873, 3.391254796726738, 3.3912547967331927, 3.3912547967304456, 3.3912547967294553, 3.391254796735694, 3.3912547967328384, 3.3912547967413653, 3.3912547967410043, 3.3912547967387923, 3.391254796737272, 3.391254796733969, 3.391254796733972, 3.3912547967346183, 3.3912547967345805, 3.391254796734432, 3.3912547967339988, 3.391451748830714, 3.3914517488297755, 3.3914517488229783, 3.391451748825513, 3.391451748828744, 3.3914517488280014, 3.3914517488321096, 3.391451748829174, 3.3914517488290903, 3.3914517488307205, 3.3914517488307796, 3.391451748832663, 3.39145174883279, 3.3914517488344016, 3.3914517488331546, 3.391451748830712, 3.3914517488305806, 3.3914517488303537, 3.3914517488300873, 3.3914517488305957, 3.3914517488309537, 3.3910618734505635, 3.3910618734502043, 3.391061873458188, 3.391061873459535, 3.391061873456995, 3.391061873459804, 3.3910618734500435, 3.3910618734544014, 3.3910618734563407, 3.3910618734485447, 3.391061873451473, 3.3910618734401776, 3.391061873441785, 3.3910618734429074, 3.3910618734453934, 3.3910618734505635, 3.3910618734501026, 3.3910618734502034, 3.391061873450209, 3.391061873450437, 3.3910618734499094, 3.391402745062074, 3.3914027450635613, 3.3914027450601347, 3.3914027450579107, 3.3914027450585147, 3.3914027450557858, 3.3914027450607187, 3.3914027450591964, 3.3914027450580178, 3.3914027450640454, 3.391402745061175, 3.391402745068905, 3.3914027450685933, 3.391402745065179, 3.3914027450645805, 3.391402745062076, 3.391402745062512, 3.391402745062971, 3.391402745062838, 3.3914027450623805, 3.3914027450622415, 3.3915483115251477, 3.3915483115249656, 3.391548311522368, 3.391548311521923, 3.391548311522837, 3.3915483115216287, 3.391548311526809, 3.391548311523621, 3.3915483115228637, 3.391548311526047, 3.3915483115257032, 3.3915483115285516, 3.3915483115284952, 3.3915483115274703, 3.3915483115271043, 3.391548311525149, 3.3915483115255878, 3.3915483115246206, 3.3915483115241205, 3.391548311524664, 3.3915483115258396, 3.3912315648240696, 3.391231564822967, 3.3912315648284572, 3.391231564830993, 3.391231564829448, 3.3912315648325126, 3.391231564823694, 3.391231564827509, 3.3912315648293827, 3.3912315648219202, 3.3912315648246043, 3.3912315648142166, 3.3912315648154863, 3.391231564817979, 3.391231564820265, 3.3912315648240727, 3.3912315648229034, 3.3912315648235523, 3.391231564823845, 3.3912315648243148, 3.3912315648227893, 3.391504012451147, 3.3915040124518065, 3.391504012446486, 3.3915040124463545, 3.3915040124481513, 3.3915040124467892, 3.391504012449639, 3.3915040124487663, 3.3915040124481073, 3.3915040124523257, 3.3915040124499813, 3.3915040124561036, 3.3915040124557336, 3.3915040124546465, 3.391504012454004, 3.391504012451149, 3.391504012451218, 3.3915040124520903, 3.391504012452183, 3.391504012451689, 3.391504012450965, 3.3915871649729716, 3.3915871649731795, 3.39158716497302, 3.391587164971141, 3.391587164971166, 3.3915871649701046, 3.3915871649746308, 3.3915871649717033, 3.3915871649709035, 3.3915871649741103, 3.391587164973826, 3.3915871649764955, 3.391587164976531, 3.391587164974167, 3.3915871649743314, 3.391587164972973, 3.3915871649744744, 3.391587164972623, 3.391587164971783, 3.391587164972023, 3.391587164974635, 3.3913813631626186, 3.3913813631619942, 3.3913813631687164, 3.391381363169302, 3.3913813631668877, 3.391381363169228, 3.391381363161856, 3.3913813631654364, 3.3913813631668503, 3.3913813631612384, 3.3913813631628305, 3.391381363155133, 3.39138136315626, 3.391381363156688, 3.3913813631590486, 3.391381363162621, 3.3913813631617615, 3.3913813631622927, 3.3913813631625946, 3.391381363162882, 3.3913813631616594, 3.3915301473656636, 3.3915301473654433, 3.391530147359505, 3.3915301473604873, 3.3915301473623662, 3.391530147361924, 3.391530147364548, 3.3915301473636887, 3.3915301473631176, 3.3915301473662507, 3.3915301473644157, 3.391530147369633, 3.3915301473691724, 3.3915301473695147, 3.3915301473685657, 3.391530147365663, 3.3915301473649047, 3.3915301473661468, 3.39153014736664, 3.391530147366491, 3.391530147364763, 3.3916387212140675, 3.3916387212136576, 3.3916387212129675, 3.391638721212655, 3.3916387212127463, 3.391638721212639, 3.3916387212159136, 3.3916387212135084, 3.3916387212128907, 3.391638721214396, 3.391638721215307, 3.391638721215639, 3.3916387212157306, 3.391638721215211, 3.3916387212152506, 3.391638721214066, 3.3916387212155077, 3.39163872121351, 3.391638721212848, 3.3916387212131043, 3.39163872121536, 3.3914800455115786, 3.3914800455117593, 3.391480045518549, 3.39148004551803, 3.391480045515316, 3.3914800455167295, 3.3914800455099194, 3.391480045513673, 3.391480045514588, 3.3914800455108165, 3.3914800455116105, 3.3914800455061997, 3.3914800455071807, 3.3914800455062983, 3.3914800455085183, 3.391480045511579, 3.3914800455115497, 3.391480045511793, 3.3914800455120595, 3.391480045511728, 3.391480045511125, 3.391566816119454, 3.3915668161193118, 3.391566816115001, 3.3915668161150703, 3.3915668161164314, 3.391566816115671, 3.3915668161187713, 3.3915668161174803, 3.3915668161166295, 3.391566816120279, 3.39156681611817, 3.3915668161240453, 3.391566816123627, 3.3915668161228965, 3.3915668161220003, 3.3915668161194517, 3.3915668161189134, 3.3915668161195995, 3.3915668161201036, 3.3915668161200365, 3.3915668161192447, 3.3916687633518685, 3.3916687633506832, 3.3916687633496125, 3.391668763350815, 3.3916687633511273, 3.3916687633519347, 3.391668763354077, 3.39166876335218, 3.3916687633518023, 3.3916687633515097, 3.39166876335294, 3.3916687633514293, 3.3916687633516656, 3.391668763352496, 3.39166876335246, 3.39166876335187, 3.391668763352412, 3.39166876335081, 3.3916687633505194, 3.3916687633511478, 3.39166876335269, 3.3915794982379897, 3.3915794982384, 3.3915794982427427, 3.3915794982427414, 3.3915794982405805, 3.3915794982419265, 3.391579498235613, 3.391579498239784, 3.39157949824027, 3.3915794982373755, 3.391579498237845, 3.391579498233616, 3.3915794982343277, 3.3915794982339813, 3.3915794982356076, 3.391579498237984, 3.391579498237849, 3.391579498238644, 3.3915794982390497, 3.3915794982383742, 3.39157949823706, 3.3916024501215354, 3.391602450121899, 3.3916024501193496, 3.391602450118014, 3.3916024501186905, 3.391602450117535, 3.3916024501213733, 3.391602450119538, 3.3916024501182815, 3.3916024501227247, 3.3916024501210993, 3.391602450126677, 3.3916024501262028, 3.391602450124598, 3.391602450123814, 3.3916024501215336, 3.39160245012196, 3.391602450121684, 3.391602450121727, 3.391602450121537, 3.3916024501220186, 3.3916997334590677, 3.391699733457844, 3.3916997334584322, 3.3916997334593515, 3.3916997334595083, 3.3916997334603978, 3.391699733461109, 3.3916997334596015, 3.391699733459649, 3.3916997334584935, 3.3916997334598467, 3.3916997334575103, 3.3916997334579597, 3.391699733458758, 3.3916997334589998, 3.3916997334590664, 3.3916997334591152, 3.391699733457949, 3.3916997334577528, 3.3916997334585277, 3.3916997334597268, 3.391663072197159, 3.391663072197288, 3.391663072198863, 3.3916630721997247, 3.3916630721989334, 3.3916630722001675, 3.3916630721946532, 3.3916630721983183, 3.391663072198962, 3.391663072196437, 3.391663072196243, 3.3916630721937153, 3.391663072194343, 3.3916630721947545, 3.3916630721957053, 3.391663072197157, 3.391663072196247, 3.391663072197915, 3.3916630721985195, 3.391663072197972, 3.391663072195876, 3.3916397462852528, 3.391639746285711, 3.3916397462832566, 3.39163974628186, 3.3916397462824035, 3.3916397462813803, 3.3916397462860064, 3.3916397462836465, 3.391639746282348, 3.3916397462863337, 3.391639746285636, 3.391639746289886, 3.391639746289539, 3.3916397462880115, 3.3916397462872383, 3.3916397462852523, 3.3916397462863954, 3.3916397462852905, 3.3916397462848535, 3.3916397462847367, 3.391639746286288, 3.391720092666918, 3.39172009266648, 3.3917200926687805, 3.391720092668771, 3.391720092667993, 3.391720092668732, 3.3917200926679523, 3.391720092667802, 3.391720092667977, 3.3917200926665396, 3.39172009266762, 3.3917200926647344, 3.391720092665289, 3.391720092665276, 3.391720092665975, 3.3917200926669184, 3.391720092667066, 3.391720092666329, 3.3917200926661137, 3.391720092666537, 3.3917200926672058, 3.3917174219150312, 3.3917174219149886, 3.3917174219151143, 3.3917174219160393, 3.391717421915997, 3.3917174219166872, 3.3917174219129413, 3.391717421915386, 3.3917174219159745, 3.391717421914586, 3.3917174219137336, 3.3917174219131776, 3.391717421913504, 3.391717421914083, 3.391717421914503, 3.391717421915033, 3.3917174219136355, 3.3917174219155983, 3.391717421916308, 3.3917174219160593, 3.391717421913576, 3.391679669201386, 3.3916796692013214, 3.3916796691986555, 3.3916796691982514, 3.391679669199223, 3.391679669198453, 3.391679669203224, 3.3916796692000686, 3.3916796691992173, 3.3916796692020594, 3.39167966920213, 3.3916796692048385, 3.391679669204521, 3.3916796692040676, 3.3916796692032767, 3.3916796692013884, 3.391679669202501, 3.391679669200948, 3.391679669200382, 3.391679669200658, 3.391679669202616, 3.3917148126548535, 3.391714812655195, 3.3917148126578844, 3.3917148126576806, 3.3917148126565255, 3.391714812657101, 3.391714812654371, 3.391714812655888, 3.391714812656318, 3.3917148126546097, 3.3917148126551853, 3.3917148126522583, 3.3917148126527676, 3.391714812652415, 3.3917148126533645, 3.3917148126548526, 3.391714812655158, 3.3917148126550556, 3.391714812654943, 3.3917148126547443, 3.3917148126547767, 3.3917486607363405, 3.3917486607364347, 3.3917486607358467, 3.391748660736125, 3.391748660736236, 3.391748660736249, 3.391748660735103, 3.3917486607361376, 3.3917486607363285, 3.391748660736422, 3.3917486607353506, 3.3917486607364116, 3.391748660736402, 3.3917486607363743, 3.3917486607363725, 3.391748660736341, 3.39174866073538, 3.3917486607367198, 3.3917486607371674, 3.3917486607370506, 3.391748660735442, 3.391713902595114, 3.39171390259451, 3.3917139025924925, 3.391713902592719, 3.3917139025936045, 3.3917139025931697, 3.39171390259749, 3.391713902594341, 3.391713902593915, 3.391713902595382, 3.391713902595905, 3.391713902597085, 3.391713902596824, 3.3917139025971212, 3.3917139025964067, 3.3917139025951126, 3.3917139025956256, 3.3917139025942604, 3.3917139025937986, 3.3917139025944643, 3.3917139025960767, 3.3917059643539806, 3.3917059643545606, 3.3917059643569, 3.3917059643568783, 3.391705964355909, 3.391705964356318, 3.391705964352217, 3.391705964354882, 3.3917059643555985, 3.3917059643536644, 3.391705964353736, 3.391705964351245, 3.3917059643516367, 3.391705964351586, 3.3917059643524445, 3.39170596435398, 3.391705964353881, 3.3917059643547116, 3.3917059643548813, 3.3917059643543093, 3.3917059643533163, 3.3917465046529554, 3.3917465046531707, 3.391746504652194, 3.3917465046517705, 3.391746504652209, 3.391746504651543, 3.391746504652911, 3.3917465046522124, 3.3917465046520583, 3.391746504653344, 3.3917465046528052, 3.3917465046546176, 3.391746504654352, 3.391746504654023, 3.3917465046536197, 3.3917465046529554, 3.3917465046530864, 3.3917465046530926, 3.391746504653047, 3.3917465046529593, 3.3917465046531263, 3.391743958501712, 3.3917439585010554, 3.391743958500259, 3.3917439585006104, 3.391743958501212, 3.391743958501047, 3.3917439585034423, 3.3917439585015003, 3.391743958501509, 3.3917439585016584, 3.3917439585021976, 3.3917439585021696, 3.3917439585020643, 3.391743958502574, 3.391743958502143, 3.391743958501712, 3.3917439585017144, 3.3917439585009554, 3.39174395850074, 3.391743958501346, 3.391743958502222, 3.39171643246593, 3.3917164324663527, 3.3917164324678124, 3.391716432467981, 3.3917164324673985, 3.3917164324677005, 3.391716432463867, 3.3917164324666946, 3.3917164324673523, 3.391716432465617, 3.391716432465205, 3.3917164324637143, 3.3917164324639515, 3.3917164324640816, 3.3917164324646074, 3.391716432465931, 3.39171643246522, 3.39171643246665, 3.3917164324671067, 3.391716432466597, 3.3917164324648486, 3.3917236420683228, 3.3917236420684835, 3.3917236420672663, 3.39172364206652, 3.3917236420670784, 3.391723642066158, 3.391723642069563, 3.391723642067524, 3.3917236420669603, 3.391723642068855, 3.3917236420690346, 3.3917236420707617, 3.391723642070369, 3.391723642069934, 3.39172364206928, 3.3917236420683223, 3.3917236420692896, 3.39172364206804, 3.391723642067623, 3.391723642067708, 3.391723642069281, 3.3917520821061595, 3.3917520821059663, 3.391752082106303, 3.3917520821066405, 3.3917520821068208, 3.3917520821068208, 3.391752082106183, 3.391752082106432, 3.391752082106753, 3.3917520821059313, 3.391752082106098, 3.3917520821052847, 3.3917520821053366, 3.3917520821058007, 3.3917520821057927, 3.391752082106161, 3.3917520821058678, 3.3917520821060445, 3.391752082106156, 3.391752082106251, 3.391752082105969, 3.391745256993563, 3.391745256993584, 3.391745256993975, 3.391745256994302, 3.391745256994363, 3.3917452569943887, 3.3917452569925204, 3.391745256993876, 3.391745256994278, 3.3917452569933406, 3.391745256992932, 3.3917452569925426, 3.3917452569926034, 3.391745256992938, 3.3917452569930155, 3.391745256993562, 3.3917452569928357, 3.391745256993854, 3.391745256994225, 3.391745256994075, 3.3917452569928055, 3.391724821529498, 3.3917248215295124, 3.3917248215285083, 3.3917248215278555, 3.391724821528312, 3.3917248215275295, 3.3917248215311693, 3.391724821528909, 3.3917248215283036, 3.3917248215299467, 3.3917248215303806, 3.391724821531669, 3.391724821531352, 3.3917248215309588, 3.3917248215303384, 3.391724821529498, 3.391724821530481, 3.3917248215290416, 3.391724821528541, 3.391724821528789, 3.3917248215305187, 3.3917341417882185, 3.391734141788536, 3.391734141789593, 3.3917341417897644, 3.391734141789376, 3.3917341417895632, 3.391734141786733, 3.3917341417888838, 3.391734141789323, 3.3917341417879485, 3.3917341417877314, 3.391734141786532, 3.391734141786735, 3.39173414178686, 3.3917341417872215, 3.39173414178822, 3.3917341417877727, 3.3917341417888034, 3.3917341417890796, 3.391734141788684, 3.3917341417874374, 3.3917535088724198, 3.391753508872087, 3.3917535088714295, 3.3917535088716746, 3.3917535088721826, 3.3917535088719766, 3.391753508873108, 3.3917535088722595, 3.391753508872274, 3.391753508872362, 3.3917535088724518, 3.3917535088728323, 3.3917535088727333, 3.3917535088730766, 3.3917535088727297, 3.3917535088724193, 3.391753508872264, 3.391753508872132, 3.3917535088720814, 3.391753508872375, 3.3917535088725197, 3.3917531700124, 3.391753170012408, 3.3917531700120844, 3.391753170011751, 3.391753170012034, 3.3917531700116204, 3.39175317001299, 3.3917531700120813, 3.3917531700119152, 3.39175317001258, 3.3917531700126284, 3.3917531700133505, 3.391753170013176, 3.3917531700130477, 3.3917531700127665, 3.3917531700124006, 3.3917531700126866, 3.3917531700122603, 3.391753170012075, 3.3917531700121875, 3.391753170012748, 3.391738726780596, 3.3917387267810217, 3.391738726782235, 3.391738726782184, 3.3917387267816768, 3.3917387267818686, 3.3917387267791916, 3.391738726781159, 3.3917387267815453, 3.3917387267804098, 3.3917387267802397, 3.391738726779118, 3.391738726779269, 3.39173872677926, 3.391738726779685, 3.3917387267805936, 3.3917387267803734, 3.391738726781191, 3.39173872678138, 3.3917387267809547, 3.391738726779976, 3.391739242923333, 3.3917392429229585, 3.3917392429216466, 3.39173924292171, 3.3917392429223105, 3.39173924292202, 3.3917392429248796, 3.3917392429228914, 3.3917392429225557, 3.391739242923473, 3.3917392429238364, 3.3917392429247455, 3.3917392429244697, 3.3917392429246997, 3.391739242924139, 3.391739242923331, 3.391739242923657, 3.3917392429227715, 3.391739242922484, 3.3917392429229203, 3.3917392429239483, 3.3917528318419414, 3.3917528318420826, 3.391752831842457, 3.39175283184256, 3.3917528318424277, 3.391752831842561, 3.3917528318410044, 3.391752831842162, 3.391752831842419, 3.391752831841827, 3.391752831841417, 3.391752831841264, 3.3917528318412806, 3.3917528318413646, 3.3917528318415355, 3.3917528318419405, 3.3917528318414294, 3.391752831842243, 3.391752831842507, 3.391752831842339, 3.3917528318413996, 3.3917575037021472, 3.391757503702292, 3.3917575037028875, 3.391757503702645, 3.391757503702406, 3.391757503702402, 3.3917575037023293, 3.3917575037022716, 3.391757503702302, 3.3917575037021663, 3.3917575037024066, 3.3917575037019283, 3.3917575037019208, 3.3917575037017937, 3.3917575037019265, 3.3917575037021463, 3.3917575037024608, 3.3917575037021126, 3.3917575037019843, 3.391757503701955, 3.391757503702406, 3.391751050070129, 3.391751050070087, 3.391751050069013, 3.3917510500690122, 3.3917510500693795, 3.391751050069159, 3.3917510500706043, 3.391751050069667, 3.3917510500694315, 3.3917510500702828, 3.3917510500702424, 3.391751050071324, 3.3917510500710666, 3.391751050071164, 3.391751050070792, 3.391751050070131, 3.3917510500702956, 3.391751050069995, 3.3917510500698977, 3.391751050069989, 3.391751050070412, 3.3917448589667263, 3.391744858966739, 3.391744858967497, 3.3917448589679533, 3.3917448589675674, 3.3917448589680452, 3.3917448589658368, 3.3917448589672614, 3.391744858967664, 3.3917448589663812, 3.391744858966316, 3.3917448589651413, 3.3917448589653016, 3.3917448589656676, 3.39174485896603, 3.3917448589667227, 3.3917448589661428, 3.39174485896697, 3.3917448589672365, 3.3917448589670975, 3.3917448589661072, 3.3917484313672155, 3.3917484313671786, 3.3917484313667856, 3.3917484313663926, 3.3917484313664445, 3.3917484313662167, 3.3917484313682915, 3.391748431366857, 3.3917484313664827, 3.3917484313674726, 3.391748431367691, 3.391748431368466, 3.3917484313682817, 3.391748431367981, 3.3917484313677284, 3.39174843136722, 3.3917484313677004, 3.3917484313668735, 3.391748431366583, 3.3917484313668034, 3.3917484313678745, 3.391755331733944, 3.3917553317341977, 3.391755331734296, 3.3917553317343434, 3.3917553317341462, 3.3917553317342954, 3.3917553317330182, 3.391755331734008, 3.391755331734108, 3.391755331733907, 3.3917553317335356, 3.391755331733681, 3.3917553317336755, 3.3917553317336253, 3.3917553317337563, 3.3917553317339455, 3.3917553317337092, 3.3917553317343443, 3.391755331734507, 3.3917553317342253, 3.391755331733601, 3.3917560002120872, 3.39175600021181, 3.3917560002119553, 3.3917560002123612, 3.3917560002123195, 3.3917560002126796, 3.391756000212642, 3.39175600021235, 3.3917560002124514, 3.39175600021184, 3.3917560002123333, 3.3917560002114024, 3.3917560002114793, 3.391756000211883, 3.391756000211959, 3.3917560002120855, 3.3917560002121063, 3.391756000211838, 3.3917560002117444, 3.391756000211937, 3.391756000212241, 3.3917524031618242, 3.3917524031619455, 3.391752403161319, 3.3917524031609934, 3.391752403161127, 3.391752403160927, 3.391752403161771, 3.3917524031613664, 3.3917524031610733, 3.391752403162077, 3.391752403161656, 3.391752403163084, 3.3917524031628665, 3.3917524031625983, 3.3917524031623487, 3.391752403161824, 3.3917524031618225, 3.3917524031618953, 3.3917524031619184, 3.391752403161873, 3.391752403161874, 3.3917496716651634, 3.39174967166525, 3.391749671666403, 3.391749671666413, 3.3917496716658713, 3.391749671666284, 3.3917496716648516, 3.3917496716657136, 3.3917496716658704, 3.391749671664954, 3.3917496716652225, 3.391749671663891, 3.3917496716640736, 3.391749671664107, 3.391749671664515, 3.3917496716651665, 3.3917496716651483, 3.3917496716652584, 3.391749671665298, 3.391749671665199, 3.3917496716650075, 3.3917516662190326, 3.391751666218887, 3.391751666217861, 3.3917516662179414, 3.3917516662182794, 3.391751666218224, 3.3917516662195597, 3.391751666218698, 3.3917516662184117, 3.391751666219114, 3.3917516662191023, 3.3917516662200367, 3.3917516662198737, 3.391751666219967, 3.391751666219646, 3.391751666219033, 3.3917516662191387, 3.3917516662188496, 3.391751666218795, 3.3917516662189193, 3.391751666219287, 3.3917560527518473, 3.3917560527519237, 3.3917560527523185, 3.3917560527523865, 3.3917560527521995, 3.391756052752436, 3.391756052751294, 3.3917560527520605, 3.391756052752168, 3.391756052751719, 3.391756052751575, 3.3917560527512802, 3.391756052751357, 3.391756052751391, 3.3917560527515818, 3.391756052751845, 3.3917560527516373, 3.3917560527520236, 3.391756052752183, 3.3917560527520387, 3.391756052751599, 3.3917577266866594, 3.3917577266866274, 3.39175772668704, 3.3917577266868344, 3.3917577266866457, 3.391757726686705, 3.391757726687164, 3.3917577266867407, 3.3917577266866132, 3.3917577266866763, 3.391757726686981, 3.391757726686698, 3.3917577266867127, 3.3917577266865835, 3.3917577266866474, 3.3917577266866603, 3.3917577266869476, 3.391757726686466, 3.3917577266863375, 3.3917577266864254, 3.3917577266869765, 3.391756303289602, 3.39175630328965, 3.391756303288983, 3.3917563032890246, 3.3917563032891658, 3.3917563032891502, 3.39175630328916, 3.391756303289363, 3.391756303289238, 3.391756303289673, 3.3917563032892675, 3.3917563032902365, 3.3917563032900944, 3.3917563032901166, 3.3917563032899327, 3.3917563032896, 3.391756303289374, 3.3917563032897835, 3.391756303289936, 3.391756303289813, 3.3917563032893643, 3.391753563219632, 3.3917535632194236, 3.3917535632201923, 3.391753563220466, 3.3917535632201683, 3.3917535632205795, 3.391753563220012, 3.3917535632201363, 3.391753563220287, 3.391753563219356, 3.391753563219957, 3.3917535632184896, 3.3917535632186553, 3.391753563218939, 3.391753563219182, 3.391753563219629, 3.391753563219722, 3.391753563219432, 3.3917535632193596, 3.3917535632194666, 3.391753563219739, 3.3917519483515584, 3.3917519483517884, 3.3917519483510823, 3.3917519483506897, 3.3917519483508656, 3.3917519483505374, 3.391751948351194, 3.391751948351051, 3.3917519483507674, 3.391751948351867, 3.3917519483512515, 3.3917519483529786, 3.391751948352747, 3.391751948352347, 3.3917519483520953, 3.391751948351557, 3.391751948351565, 3.391751948351762, 3.391751948351841, 3.3917519483516747, 3.391751948351569, 3.3917531064031246, 3.3917531064029203, 3.391753106403795, 3.3917531064040554, 3.3917531064037716, 3.391753106404141, 3.3917531064034683, 3.3917531064036393, 3.3917531064038413, 3.391753106402845, 3.39175310640339, 3.3917531064018895, 3.3917531064020623, 3.3917531064023425, 3.3917531064026227, 3.3917531064031277, 3.3917531064031583, 3.391753106402922, 3.3917531064028625, 3.391753106402989, 3.3917531064032165, 3.3917555690488164, 3.3917555690489003, 3.3917555690480277, 3.391755569048013, 3.391755569048252, 3.3917555690480743, 3.3917555690484673, 3.391755569048459, 3.391755569048287, 3.391755569048956, 3.391755569048517, 3.3917555690497347, 3.391755569049537, 3.3917555690495274, 3.3917555690492764, 3.391755569048814, 3.3917555690486663, 3.391755569048983, 3.3917555690491, 3.3917555690489896, 3.3917555690486605, 3.39175794788111, 3.3917579478810653, 3.3917579478817443, 3.3917579478816737, 3.391757947881406, 3.3917579478815485, 3.3917579478814974, 3.39175794788138, 3.391757947881418, 3.3917579478810205, 3.391757947881445, 3.3917579478805715, 3.391757947880637, 3.3917579478806643, 3.3917579478808264, 3.3917579478811097, 3.3917579478813376, 3.391757947880952, 3.39175794788083, 3.3917579478809063, 3.3917579478813122, 3.3917593541190554, 3.391759354119162, 3.3917593541189412, 3.3917593541188924, 3.3917593541189652, 3.391759354118904, 3.391759354118581, 3.391759354118923, 3.3917593541189306, 3.3917593541191042, 3.391759354118729, 3.391759354119331, 3.3917593541192477, 3.391759354119188, 3.391759354119135, 3.391759354119058, 3.3917593541188436, 3.3917593541192357, 3.3917593541193733, 3.3917593541192583, 3.3917593541188458, 3.391759179119293, 3.3917591791191195, 3.3917591791189494, 3.3917591791190733, 3.391759179119196, 3.391759179119238, 3.39175917911991, 3.3917591791192976, 3.3917591791192834, 3.391759179119242, 3.3917591791195525, 3.391759179119342, 3.3917591791193176, 3.391759179119478, 3.3917591791193935, 3.3917591791192963, 3.391759179119455, 3.391759179119055, 3.391759179118929, 3.391759179119099, 3.391759179119558, 3.3917580653536294, 3.391758065353848, 3.391758065354128, 3.3917580653540695, 3.391758065353894, 3.391758065353942, 3.391758065352912, 3.3917580653537236, 3.391758065353835, 3.3917580653536126, 3.3917580653533563, 3.391758065353319, 3.391758065353329, 3.3917580653532586, 3.3917580653533816, 3.391758065353631, 3.391758065353453, 3.391758065353923, 3.3917580653540464, 3.3917580653538484, 3.39175806535331, 3.3917566436894773, 3.3917566436893507, 3.3917566436890416, 3.391756643688941, 3.391756643689088, 3.3917566436889364, 3.391756643690305, 3.3917566436893076, 3.3917566436891273, 3.3917566436895674, 3.3917566436898423, 3.3917566436900652, 3.3917566436899738, 3.3917566436899653, 3.3917566436897824, 3.39175664368948, 3.3917566436897464, 3.3917566436891904, 3.391756643688991, 3.3917566436892006, 3.3917566436898556, 3.391754922962925, 3.391754922963062, 3.3917549229633153, 3.3917549229635324, 3.3917549229634094, 3.3917549229635617, 3.3917549229620145, 3.3917549229631403, 3.391754922963379, 3.391754922962779, 3.3917549229624653, 3.39175492296219, 3.3917549229622646, 3.391754922962396, 3.391754922962568, 3.391754922962924, 3.3917549229624955, 3.3917549229632575, 3.3917549229634743, 3.391754922963283, 3.3917549229624155, 3.3917530676244807, 3.391753067624342, 3.3917530676239482, 3.3917530676237955, 3.391753067624006, 3.391753067623784, 3.391753067625623, 3.391753067624258, 3.3917530676240264, 3.391753067624609, 3.3917530676250105, 3.391753067625251, 3.3917530676251557, 3.391753067625099, 3.3917530676248706, 3.3917530676244794, 3.39175306762496, 3.3917530676241077, 3.3917530676238, 3.3917530676240553, 3.391753067625107, 3.391750487073286, 3.391750487073594, 3.391750487073984, 3.391750487074036, 3.3917504870738173, 3.39175048707393, 3.3917504870718513, 3.391750487073473, 3.3917504870737334, 3.3917504870732023, 3.391750487072629, 3.39175048707259, 3.3917504870726445, 3.39175048707262, 3.391750487072831, 3.391750487073285, 3.3917504870727693, 3.3917504870738235, 3.3917504870741397, 3.391750487073791, 3.3917504870725748, 3.3917456320572654, 3.3917456320568427, 3.3917456320564643, 3.391745632056465, 3.391745632056741, 3.3917456320566255, 3.3917456320591626, 3.3917456320571207, 3.391745632056876, 3.3917456320573054, 3.391745632058146, 3.3917456320578805, 3.3917456320578077, 3.391745632057977, 3.3917456320576953, 3.3917456320572628, 3.391745632057849, 3.391745632056546, 3.391745632056123, 3.39174563205662, 3.3917456320581127, 3.391735752433773, 3.3917357524343585, 3.391735752434541, 3.3917357524345237, 3.3917357524343275, 3.391735752434342, 3.3917357524312304, 3.3917357524338185, 3.391735752434142, 3.3917357524337706, 3.391735752432555, 3.3917357524332736, 3.391735752433277, 3.391735752433104, 3.391735752433326, 3.3917357524337683, 3.3917357524329286, 3.3917357524347502, 3.3917357524353258, 3.3917357524346636, 3.391735752432594, 3.391714018973894, 3.39171401897314, 3.3917140189732202, 3.3917140189731834, 3.391714018973412, 3.391714018973365, 3.3917140189774324, 3.3917140189739614, 3.3917140189736212, 3.391714018973862, 3.3917140189756836, 3.391714018974272, 3.391714018974299, 3.3917140189745463, 3.3917140189742825, 3.3917140189738944, 3.3917140189751525, 3.3917140189725434, 3.39171401897171, 3.391714018972598, 3.391714018975586, 3.391664984481614, 3.3916649844827194, 3.3916649844822215, 3.391664984482221, 3.3916649844821034, 3.391664984481987, 3.3916649844765203, 3.391664984481352, 3.3916649844818108, 3.391664984481728, 3.3916649844789477, 3.3916649844815, 3.3916649844813747, 3.3916649844810127, 3.391664984481211, 3.391664984481612, 3.3916649844797555, 3.3916649844835574, 3.391664984484797, 3.391664984483516, 3.39166498447918, 3.3915520084902644, 3.3915520084885777, 3.3915520084896515, 3.391552008489728, 3.391552008489836, 3.391552008490064, 3.3915520084978104, 3.3915520084908692, 3.391552008490296, 3.3915520084899726, 3.3915520084942714, 3.3915520084899167, 3.391552008490171, 3.391552008490852, 3.391552008490621, 3.3915520084902657, 3.391552008492962, 3.391552008487359, 3.3915520084855437, 3.3915520084874524, 3.3915520084937874, 3.391298925004201, 3.3912989250067707, 3.3912989250049295, 3.3912989250045977, 3.391298925004549, 3.3912989250039622, 3.3912989249929857, 3.391298925003102, 3.391298925003805, 3.391298925004732, 3.3912989249982264, 3.3912989250053376, 3.391298925004895, 3.391298925003722, 3.3912989250038987, 3.391298925004198, 3.391298925000242, 3.391298925008553, 3.391298925011242, 3.3912989250083747, 3.391298924998974, 3.390782914313592, 3.39078291430983, 3.390782914312907, 3.390782914313533, 3.390782914313551, 3.3907829143145616, 3.3907829143297485, 3.390782914315533, 3.3907829143145998, 3.3907829143125636, 3.390782914322359, 3.390782914311218, 3.3907829143120347, 3.3907829143138284, 3.390782914313693, 3.3907829143135944, 3.3907829143194026, 3.3907829143073207, 3.390782914303411, 3.3907829143074992, 3.3907829143211536, 3.3900045079837575, 3.390004507988622, 3.3900045079841745, 3.3900045079829724, 3.390004507983186, 3.390004507981615, 3.3900045079624466, 3.3900045079808523, 3.3900045079817214, 3.390004507985211, 3.3900045079719163, 3.3900045079881034, 3.3900045079869194, 3.390004507984168, 3.3900045079840493, 3.390004507983761, 3.3900045079757173, 3.3900045079919967, 3.3900045079972685, 3.390004507991987, 3.3900045079735186, 3.389502666851897, 3.389502666846587, 3.389502666852505, 3.3895026668542907, 3.389502666853833, 3.3895026668562043, 3.3895026668751056, 3.389502666856191, 3.3895026668554333, 3.3895026668496078, 3.3895026668654875, 3.389502666844875, 3.389502666846647, 3.389502666849978, 3.3895026668506296, 3.3895026668518984, 3.3895026668614174, 3.38950266684301, 3.389502666837043, 3.389502666842508, 3.3895026668634856, 3.3900460545269926, 3.390046054531064, 3.39004605452386, 3.3900460545213034, 3.390046054522641, 3.3900460545195465, 3.390046054509144, 3.3900460545217324, 3.3900460545211666, 3.3900460545298237, 3.3900460545156177, 3.390046054537647, 3.3900460545353317, 3.3900460545318407, 3.3900460545302127, 3.3900460545269904, 3.3900460545188498, 3.390046054533758, 3.390046054538692, 3.390046054534718, 3.3900460545176965, 3.3906596544552627, 3.3906596544534326, 3.3906596544633567, 3.3906596544663232, 3.390659654463234, 3.390659654467153, 3.3906596544608125, 3.3906596544614005, 3.39065965446377, 3.390659654452179, 3.390659654460198, 3.390659654440269, 3.3906596544426395, 3.3906596544456353, 3.3906596544490744, 3.3906596544552574, 3.3906596544581484, 3.390659654452856, 3.3906596544510808, 3.3906596544523526, 3.390659654458048, 3.3894741658161136, 3.3894741658159107, 3.389474165800009, 3.3894741657977705, 3.389474165803418, 3.38947416579845, 3.3894741658238763, 3.389474165808464, 3.38947416580382, 3.389474165819715, 3.3894741658183243, 3.3894741658366843, 3.3894741658335956, 3.3894741658319654, 3.389474165826566, 3.38947416581611, 3.389474165820285, 3.3894741658141716, 3.3894741658122767, 3.3894741658134233, 3.3894741658213303, 3.386776053803357, 3.386776053805, 3.386776053828199, 3.3867760538299017, 3.386776053820855, 3.3867760538271665, 3.3867760537877873, 3.3867760538125813, 3.386776053819349, 3.386776053799068, 3.3867760537969644, 3.386776053776284, 3.386776053780125, 3.3867760537805376, 3.386776053788528, 3.3867760538033567, 3.3867760537949447, 3.38677605380757, 3.3867760538116833, 3.386776053809438, 3.386776053793112, 3.385599386852064, 3.38559938685059, 3.3855993868216925, 3.3855993868208563, 3.3855993868313012, 3.385599386824349, 3.3855993868666925, 3.3855993868403695, 3.385599386833119, 3.3855993868566534, 3.3855993868570122, 3.3855993868833156, 3.385599386878806, 3.385599386878607, 3.385599386869458, 3.3855993868520646, 3.3855993868595324, 3.3855993868483663, 3.385599386844674, 3.3855993868468937, 3.385599386861288, 3.3871792572852284, 3.3871792572852706, 3.3871792573117587, 3.3871792573127677, 3.387179257303328, 3.3871792573103017, 3.3871792572805184, 3.3871792572961934, 3.387179257302383, 3.387179257280798, 3.387179257285966, 3.387179257256611, 3.387179257261308, 3.387179257261436, 3.3871792572697026, 3.387179257285225, 3.3871792572829214, 3.3871792572857515, 3.3871792572864403, 3.387179257286079, 3.3871792572819523, 3.390316988644694, 3.390316988646624, 3.39031698863219, 3.390316988631249, 3.3903169886357576, 3.390316988631944, 3.3903169886366378, 3.390316988638266, 3.3903169886359907, 3.3903169886477924, 3.390316988638255, 3.3903169886601088, 3.390316988657469, 3.390316988655905, 3.390316988652092, 3.390316988644694, 3.390316988640917, 3.3903169886483915, 3.3903169886506133, 3.390316988648493, 3.390316988641077, 3.3907291858314963, 3.3907291858284894, 3.390729185825702, 3.3907291858260913, 3.3907291858282687, 3.3907291858276145, 3.390729185846592, 3.390729185831335, 3.390729185829338, 3.3907291858316553, 3.3907291858397866, 3.390729185834818, 3.3907291858348034, 3.390729185836528, 3.3907291858349393, 3.3907291858315, 3.390729185838217, 3.390729185826079, 3.390729185822163, 3.3907291858253323, 3.390729185839811, 3.389200787477171, 3.3892007874789734, 3.389200787496605, 3.3892007874965207, 3.3892007874898415, 3.389200787493722, 3.3892007874648247, 3.3892007874836483, 3.3892007874882086, 3.3892007874746937, 3.389200787472627, 3.389200787458709, 3.3892007874613834, 3.389200787461111, 3.3892007874668586, 3.389200787477174, 3.389200787471356, 3.389200787480735, 3.3892007874837797, 3.389200787481644, 3.3892007874694894, 3.3889699658011767, 3.388969965801838, 3.3889699657799315, 3.388969965779206, 3.3889699657867265, 3.3889699657811514, 3.388969965802486, 3.3889699657922634, 3.3889699657875134, 3.388969965804835, 3.3889699657994927, 3.3889699658239962, 3.3889699658204453, 3.388969965819877, 3.388969965813423, 3.38896996580118, 3.388969965802571, 3.388969965801787, 3.388969965801706, 3.3889699658012042, 3.3889699658030086, 3.3901836134380616, 3.390183613435355, 3.3901836134499934, 3.3901836134508647, 3.390183613446731, 3.3901836134508256, 3.3901836134479026, 3.3901836134451226, 3.3901836134474665, 3.390183613435162, 3.3901836134449366, 3.3901836134226038, 3.390183613425712, 3.3901836134266965, 3.3901836134303514, 3.390183613438064, 3.390183613441987, 3.3901836134334435, 3.3901836134309495, 3.390183613433649, 3.390183613442957, 3.390942201003714, 3.390942201006446, 3.39094220100633, 3.3909422010053243, 3.3909422010045653, 3.390942201004133, 3.3909422009895667, 3.3909422010027055, 3.3909422010038583, 3.390942201004378, 3.3909422009955428, 3.3909422010043127, 3.390942201003887, 3.3909422010021433, 3.390942201002441, 3.3909422010037114, 3.390942200997275, 3.390942201008783, 3.390942201012653, 3.3909422010096466, 3.3909422009959402, 3.390416495682477, 3.3904164956813707, 3.39041649566859, 3.3904164956685956, 3.3904164956736342, 3.3904164956704377, 3.390416495691095, 3.3904164956775005, 3.3904164956741094, 3.3904164956841405, 3.390416495686284, 3.3904164956958076, 3.390416495693755, 3.3904164956948803, 3.390416495690474, 3.390416495682477, 3.3904164956874316, 3.3904164956801184, 3.390416495677871, 3.3904164956791134, 3.3904164956878104, 3.3899328133538793, 3.3899328133524445, 3.3899328133703337, 3.389932813371166, 3.3899328133653874, 3.3899328133697506, 3.389932813356332, 3.38993281336108, 3.3899328133645255, 3.3899328133506907, 3.389932813357239, 3.3899328133353515, 3.389932813338244, 3.3899328133396014, 3.3899328133444224, 3.38993281335388, 3.3899328133542905, 3.3899328133519777, 3.389932813351277, 3.389932813352519, 3.3899328133539752, 3.3905029750147944, 3.3905029750173257, 3.390502975005741, 3.3905029750047224, 3.39050297500776, 3.3905029750044506, 3.390502975003605, 3.3905029750093294, 3.3905029750075286, 3.3905029750173195, 3.3905029750069193, 3.390502975027307, 3.3905029750248885, 3.3905029750231015, 3.3905029750200453, 3.3905029750147944, 3.3905029750096958, 3.3905029750195412, 3.3905029750226086, 3.390502975019903, 3.3905029750090545, 3.391159727692166, 3.3911597276901007, 3.3911597276894767, 3.3911597276901073, 3.3911597276910115, 3.3911597276911154, 3.3911597277040206, 3.3911597276932204, 3.391159727692024, 3.3911597276918086, 3.391159727698809, 3.3911597276923624, 3.3911597276928593, 3.3911597276934837, 3.3911597276929095, 3.3911597276921674, 3.3911597276981653, 3.3911597276880765, 3.3911597276847165, 3.3911597276870302, 3.391159727699406, 3.3909896065160825, 3.3909896065163645, 3.3909896065268628, 3.39098960652731, 3.390989606523597, 3.3909896065260576, 3.3909896065119436, 3.390989606520107, 3.390989606522773, 3.390989606514424, 3.3909896065147485, 3.3909896065048515, 3.3909896065064977, 3.390989606506602, 3.3909896065099363, 3.39098960651608, 3.3909896065135823, 3.390989606516986, 3.390989606518044, 3.390989606517617, 3.3909896065131777, 3.390532330857603, 3.390532330859191, 3.390532330845409, 3.3905323308448083, 3.390532330849105, 3.3905323308453865, 3.390532330851712, 3.3905323308511055, 3.390532330848766, 3.3905323308601263, 3.39053233085287, 3.3905323308722255, 3.3905323308694326, 3.3905323308689947, 3.39053233086519, 3.390532330857603, 3.3905323308549447, 3.3905323308604225, 3.390532330862152, 3.390532330860545, 3.3905323308545356, 3.390803633833309, 3.390803633831162, 3.3908036338403797, 3.390803633840848, 3.3908036338383463, 3.390803633840854, 3.3908036338444836, 3.390803633837777, 3.390803633838813, 3.39080363383141, 3.3908036338410925, 3.390803633823884, 3.390803633825839, 3.3908036338269345, 3.3908036338292424, 3.390803633833309, 3.390803633838642, 3.390803633828798, 3.3908036338256284, 3.3908036338281633, 3.390803633839294, 3.39145720956642, 3.391457209568036, 3.391457209567854, 3.3914572095676685, 3.3914572095670685, 3.3914572095672475, 3.3914572095579847, 3.3914572095661613, 3.3914572095671387, 3.3914572095666906, 3.391457209561527, 3.3914572095659783, 3.391457209565864, 3.391457209564831, 3.3914572095653925, 3.3914572095664215, 3.391457209562196, 3.3914572095694213, 3.3914572095717133, 3.391457209570008, 3.3914572095616604, 3.3913214863910977, 3.391321486391405, 3.391321486382315, 3.391321486382217, 3.391321486385444, 3.391321486383385, 3.391321486391128, 3.391321486387477, 3.3913214863859418, 3.391321486392523, 3.391321486389816, 3.391321486400112, 3.3913214863987085, 3.3913214863983128, 3.391321486395892, 3.391321486391099, 3.391321486391099, 3.391321486391528, 3.3913214863916283, 3.391321486391408, 3.391321486391642, 3.3907827011197536, 3.390782701118064, 3.3907827011300973, 3.3907827011302007, 3.3907827011268363, 3.390782701129585, 3.3907827011276956, 3.390782701124806, 3.3907827011265588, 3.3907827011176317, 3.3907827011256426, 3.390782701108009, 3.390782701110242, 3.3907827011109584, 3.3907827011141953, 3.390782701119753, 3.39078270112338, 3.390782701116315, 3.390782701113987, 3.3907827011159912, 3.390782701123897, 3.391063116416697, 3.3910631164187706, 3.391063116411013, 3.3910631164105007, 3.3910631164123677, 3.391063116410289, 3.391063116406904, 3.391063116412861, 3.3910631164119467, 3.3910631164182816, 3.3910631164105154, 3.3910631164245437, 3.391063116422721, 3.3910631164221767, 3.39106311642038, 3.391063116416696, 3.3910631164121736, 3.391063116420765, 3.391063116423368, 3.391063116421078, 3.391063116411119, 3.3916669309271077, 3.3916669309260903, 3.3916669309257808, 3.3916669309263767, 3.391666930926776, 3.3916669309269967, 3.3916669309319403, 3.391666930927591, 3.3916669309271983, 3.391666930926833, 3.3916669309297753, 3.3916669309267564, 3.391666930926865, 3.3916669309276584, 3.3916669309274674, 3.3916669309271072, 3.3916669309292935, 3.391666930925416, 3.391666930924115, 3.3916669309251555, 3.3916669309297025, 3.391466778872786, 3.391466778872066, 3.3914667788792325, 3.391466778879163, 3.391466778876967, 3.3914667788785273, 3.391466778876035, 3.3914667788757553, 3.3914667788768127, 3.3914667788717594, 3.391466778875145, 3.391466778866135, 3.3914667788673953, 3.3914667788671697, 3.391466778869078, 3.391466778872785, 3.391466778874251, 3.39146677887128, 3.3914667788703254, 3.3914667788712305, 3.3914667788745856, 3.39100714125099, 3.3910071412528504, 3.3910071412433735, 3.391007141242856, 3.3910071412454306, 3.391007141242993, 3.3910071412427243, 3.3910071412465217, 3.391007141245229, 3.3910071412528424, 3.391007141245139, 3.391007141260902, 3.3910071412589833, 3.391007141257906, 3.3910071412553977, 3.39100714125099, 3.3910071412472913, 3.3910071412545113, 3.391007141256827, 3.3910071412547844, 3.391007141246714, 3.391269688861404, 3.391269688859593, 3.3912696888662612, 3.3912696888673075, 3.3912696888655467, 3.3912696888675953, 3.391269688868776, 3.391269688864845, 3.391269688865835, 3.3912696888596887, 3.3912696888664366, 3.3912696888537077, 3.3912696888552047, 3.391269688856543, 3.3912696888581366, 3.391269688861403, 3.391269688864773, 3.3912696888583116, 3.39126968885635, 3.391269688858113, 3.391269688865181, 3.391736673625651, 3.3917366736261396, 3.3917366736250694, 3.391736673624682, 3.391736673624757, 3.391736673624246, 3.391736673623907, 3.3917366736248713, 3.3917366736245724, 3.3917366736260277, 3.3917366736247083, 3.391736673627355, 3.39173667362696, 3.3917366736267676, 3.3917366736263386, 3.3917366736256507, 3.3917366736250165, 3.3917366736263297, 3.3917366736268346, 3.3917366736263808, 3.391736673624619, 3.3915756277512887, 3.391575627752302, 3.39157562774826, 3.391575627747711, 3.3915756277487388, 3.391575627747512, 3.3915756277467497, 3.3915756277492073, 3.391575627748584, 3.391575627752242, 3.39157562774819, 3.3915756277559512, 3.391575627755035, 3.3915756277543934, 3.391575627753264, 3.39157562775129, 3.3915756277491482, 3.391575627753088, 3.391575627754425, 3.391575627753353, 3.3915756277488573, 3.391239402884319, 3.391239402882504, 3.3912394028896524, 3.391239402890483, 3.3912394028887927, 3.391239402890927, 3.391239402891574, 3.391239402888071, 3.3912394028891506, 3.391239402882632, 3.391239402889108, 3.3912394028762183, 3.3912394028779107, 3.3912394028788535, 3.3912394028806965, 3.39123940288432, 3.3912394028875283, 3.3912394028812214, 3.391239402879277, 3.3912394028810366, 3.391239402888341, 3.3913912810362903, 3.391391281037598, 3.3913912810306694, 3.391391281030088, 3.391391281032082, 3.3913912810302618, 3.391391281031036, 3.3913912810331546, 3.391391281031998, 3.3913912810377247, 3.3913912810326696, 3.391391281043617, 3.3913912810422264, 3.3913912810415483, 3.391391281039722, 3.3913912810362907, 3.3913912810341516, 3.3913912810386306, 3.3913912810400206, 3.3913912810385876, 3.3913912810337745, 3.3916966132749637, 3.3916966132748794, 3.3916966132786888, 3.391696613278382, 3.3916966132771345, 3.391696613277856, 3.391696613274928, 3.391696613276298, 3.3916966132768964, 3.391696613274568, 3.3916966132753887, 3.391696613271693, 3.3916966132721824, 3.391696613272179, 3.3916966132731905, 3.3916966132749606, 3.391696613274804, 3.391696613274755, 3.3916966132747493, 3.3916966132748714, 3.3916966132747426, 3.3916623198601066, 3.391662319859013, 3.3916623198602487, 3.3916623198607647, 3.3916623198607234, 3.391662319861323, 3.391662319864799, 3.3916623198610747, 3.3916623198610805, 3.391662319859576, 3.39166231986292, 3.391662319858359, 3.3916623198587668, 3.391662319859628, 3.3916623198597984, 3.391662319860108, 3.3916623198621165, 3.3916623198582725, 3.39166231985707, 3.3916623198581526, 3.3916623198625437, 3.391477904444972, 3.3914779044463743, 3.3914779044411425, 3.3914779044407, 3.3914779044419445, 3.391477904440607, 3.3914779044389847, 3.391477904442459, 3.391477904441845, 3.391477904446093, 3.3914779044411154, 3.3914779044504373, 3.391477904449355, 3.3914779044486227, 3.3914779044473535, 3.391477904444975, 3.391477904442414, 3.3914779044474903, 3.391477904449061, 3.3914779044475694, 3.391477904441865, 3.391481362261292, 3.3914813622604965, 3.3914813622671005, 3.3914813622672715, 3.39148136226529, 3.3914813622669047, 3.3914813622647624, 3.391481362264142, 3.391481362265279, 3.391481362260129, 3.3914813622638538, 3.3914813622547055, 3.391481362256032, 3.3914813622561106, 3.391481362257922, 3.3914813622612914, 3.3914813622628692, 3.3914813622596847, 3.3914813622586846, 3.3914813622596194, 3.3914813622632027, 3.391610157487037, 3.3916101574869404, 3.3916101574816033, 3.391610157481858, 3.3916101574836546, 3.391610157482561, 3.391610157487873, 3.3916101574850153, 3.391610157483997, 3.391610157487728, 3.391610157486771, 3.3916101574920976, 3.3916101574912716, 3.391610157491461, 3.3916101574899042, 3.3916101574870336, 3.391610157487329, 3.39161015748696, 3.3916101574868707, 3.3916101574869617, 3.391610157487548, 3.3916718722625028, 3.391671872263297, 3.3916718722653365, 3.3916718722650563, 3.3916718722639074, 3.3916718722642347, 3.391671872258539, 3.391671872262941, 3.391671872263538, 3.3916718722624215, 3.3916718722605808, 3.3916718722607087, 3.391671872260803, 3.3916718722604435, 3.3916718722611856, 3.3916718722625006, 3.391671872260661, 3.391671872263889, 3.3916718722648884, 3.3916718722641113, 3.391671872260058, 3.391660348844125, 3.3916603488432604, 3.391660348844886, 3.3916603488452224, 3.3916603488449693, 3.3916603488455035, 3.3916603488486707, 3.3916603488451336, 3.3916603488451136, 3.3916603488436308, 3.3916603488469472, 3.3916603488422545, 3.391660348842664, 3.3916603488432315, 3.391660348843562, 3.3916603488441304, 3.3916603488463957, 3.391660348842452, 3.3916603488411594, 3.3916603488421204, 3.3916603488466976, 3.391627682428057, 3.3916276824285805, 3.3916276824240756, 3.3916276824239846, 3.3916276824253813, 3.391627682424312, 3.3916276824256064, 3.3916276824260487, 3.3916276824253617, 3.391627682428859, 3.391627682425992, 3.391627682432607, 3.3916276824317064, 3.3916276824314657, 3.3916276824302694, 3.391627682428058, 3.391627682426756, 3.3916276824291702, 3.3916276824299088, 3.3916276824293234, 3.391627682426754, 3.391592461725884, 3.39159246172588, 3.3915924617314257, 3.391592461731302, 3.3915924617294113, 3.391592461730657, 3.3915924617253057, 3.3915924617280138, 3.3915924617291253, 3.3915924617251116, 3.3915924617260895, 3.391592461720505, 3.391592461721379, 3.3915924617211504, 3.3915924617227997, 3.391592461725886, 3.391592461725498, 3.3915924617258373, 3.391592461725908, 3.3915924617259585, 3.391592461725445, 3.391601150376297, 3.39160115037594, 3.3916011503711374, 3.3916011503713532, 3.3916011503731314, 3.391601150372185, 3.391601150379248, 3.3916011503747314, 3.3916011503735577, 3.391601150376827, 3.391601150377598, 3.391601150380757, 3.3916011503801005, 3.391601150380468, 3.3916011503790253, 3.3916011503762973, 3.391601150377957, 3.391601150375531, 3.3916011503747194, 3.391601150375114, 3.391601150378223, 3.3916735849484994, 3.3916735849490385, 3.3916735849515485, 3.391673584951314, 3.3916735849502184, 3.39167358495069, 3.3916735849450124, 3.39167358494914, 3.3916735849499, 3.3916735849482644, 3.3916735849467803, 3.391673584946206, 3.391673584946437, 3.391673584946176, 3.3916735849469957, 3.3916735849484936, 3.3916735849465725, 3.391673584949571, 3.3916735849505546, 3.3916735849499653, 3.3916735849462287, 3.3917405591461662, 3.3917405591457648, 3.391740559146159, 3.3917405591462426, 3.3917405591463115, 3.391740559146407, 3.3917405591483343, 3.3917405591464362, 3.3917405591463865, 3.3917405591459975, 3.3917405591474434, 3.3917405591458074, 3.3917405591459686, 3.3917405591461427, 3.3917405591461742, 3.391740559146167, 3.3917405591472036, 3.3917405591453322, 3.3917405591447647, 3.3917405591452137, 3.39174055914745, 3.3917195104455526, 3.391719510445682, 3.3917195104428055, 3.3917195104428406, 3.3917195104438176, 3.391719510443188, 3.3917195104456006, 3.391719510444518, 3.391719510443976, 3.3917195104459688, 3.3917195104453324, 3.391719510448303, 3.3917195104478757, 3.3917195104478117, 3.3917195104470235, 3.3917195104455553, 3.391719510445765, 3.391719510445708, 3.3917195104456894, 3.391719510445544, 3.3917195104458324, 3.391642344789563, 3.391642344789778, 3.3916423447939614, 3.3916423447938895, 3.391642344792328, 3.391642344793281, 3.3916423447875004, 3.391642344791124, 3.391642344792112, 3.391642344789016, 3.391642344788793, 3.3916423447854327, 3.3916423447860407, 3.3916423447858284, 3.3916423447871145, 3.3916423447895645, 3.3916423447883584, 3.391642344790052, 3.3916423447906134, 3.3916423447903554, 3.391642344788161, 3.391613441111172, 3.391613441110748, 3.391613441106352, 3.391613441106474, 3.3916134411081598, 3.3916134411071632, 3.391613441114024, 3.3916134411096315, 3.3916134411084835, 3.391613441111744, 3.3916134411123324, 3.3916134411155774, 3.391613441114908, 3.3916134411152328, 3.3916134411138255, 3.3916134411111707, 3.391613441112632, 3.391613441110376, 3.391613441109659, 3.3916134411101, 3.391613441112933, 3.3916644423905074, 3.3916644423908284, 3.391664442394653, 3.391664442394438, 3.391664442393013, 3.391664442393754, 3.391664442388344, 3.391664442391793, 3.3916644423926536, 3.3916644423900757, 3.391664442389739, 3.3916644423869546, 3.391664442387435, 3.3916644423872357, 3.391664442388378, 3.3916644423905105, 3.391664442389474, 3.3916644423911286, 3.3916644423916473, 3.3916644423912916, 3.391664442389135, 3.391733457080412, 3.3917334570803117, 3.391733457077962, 3.3917334570781468, 3.391733457079022, 3.391733457078558, 3.3917334570809183, 3.391733457079612, 3.3917334570791886, 3.3917334570806656, 3.391733457080405, 3.391733457082481, 3.3917334570821405, 3.391733457082322, 3.3917334570816324, 3.391733457080414, 3.3917334570806927, 3.3917334570803517, 3.3917334570802495, 3.391733457080285, 3.391733457080786, 3.3917538944116594, 3.391753894411416, 3.3917538944119325, 3.3917538944118775, 3.391753894411806, 3.3917538944118912, 3.391753894412916, 3.391753894411908, 3.3917538944118877, 3.3917538944115706, 3.3917538944123478, 3.3917538944113135, 3.3917538944114303, 3.391753894411435, 3.391753894411481, 3.391753894411658, 3.3917538944122603, 3.391753894411168, 3.3917538944108516, 3.3917538944111323, 3.391753894412387, 3.391728159247522, 3.391728159247944, 3.3917281592493573, 3.39172815924913, 3.3917281592484496, 3.391728159248665, 3.391728159245211, 3.3917281592478563, 3.391728159248268, 3.3917281592474486, 3.3917281592463633, 3.391728159246337, 3.3917281592464374, 3.3917281592461688, 3.3917281592466173, 3.3917281592475206, 3.3917281592463997, 3.39172815924828, 3.3917281592488986, 3.3917281592484656, 3.3917281592461137, 3.3916979948414183, 3.3916979948410004, 3.391697994838176, 3.3916979948385113, 3.3916979948396455, 3.3916979948391583, 3.391697994843777, 3.3916979948405728, 3.391697994839926, 3.3916979948416204, 3.391697994842515, 3.3916979948438115, 3.3916979948434665, 3.3916979948439447, 3.391697994843042, 3.3916979948414174, 3.3916979948426462, 3.3916979948407078, 3.3916979948400967, 3.391697994840493, 3.3916979948428407, 3.3916865425726526, 3.3916865425728826, 3.3916865425764544, 3.391686542576232, 3.391686542574926, 3.3916865425756146, 3.3916865425711338, 3.391686542573823, 3.3916865425746017, 3.391686542572256, 3.391686542572149, 3.391686542569423, 3.3916865425699143, 3.391686542569653, 3.391686542570699, 3.3916865425726543, 3.3916865425718528, 3.3916865425730016, 3.391686542573381, 3.391686542573195, 3.3916865425716716, 3.391687521833854, 3.391687521833934, 3.3916875218302147, 3.391687521830254, 3.391687521831496, 3.3916875218306695, 3.391687521834009, 3.3916875218324414, 3.3916875218316886, 3.391687521834431, 3.3916875218335094, 3.3916875218374978, 3.391687521836908, 3.39168752183688, 3.39168752183582, 3.3916875218338562, 3.3916875218339615, 3.391687521833986, 3.3916875218339797, 3.3916875218339086, 3.391687521834096, 3.3916882610506236, 3.391688261050271, 3.3916882610536456, 3.3916882610538286, 3.3916882610527743, 3.3916882610536754, 3.3916882610518395, 3.391688261052163, 3.391688261052773, 3.391688261050006, 3.3916882610517125, 3.391688261047013, 3.3916882610476686, 3.3916882610478387, 3.391688261048798, 3.3916882610506236, 3.391688261051119, 3.3916882610500076, 3.391688261049631, 3.3916882610499863, 3.3916882610512165, 3.391691792281875, 3.3916917922824457, 3.391691792279453, 3.391691792279219, 3.391691792280042, 3.3916917922792176, 3.3916917922796816, 3.391691792280459, 3.391691792279963, 3.3916917922824896, 3.39169179228037, 3.3916917922850605, 3.391691792284453, 3.3916917922841905, 3.3916917922834067, 3.391691792281876, 3.3916917922809264, 3.3916917922828644, 3.3916917922834333, 3.3916917922828635, 3.391691792280745, 3.3917045251417974, 3.3917045251412103, 3.391704525143718, 3.391704525143888, 3.3917045251432874, 3.3917045251439286, 3.391704525144274, 3.3917045251429334, 3.39170452514329, 3.3917045251412667, 3.391704525143425, 3.391704525139211, 3.391704525139742, 3.3917045251400477, 3.3917045251406726, 3.391704525141795, 3.391704525142828, 3.3917045251407454, 3.3917045251400757, 3.3917045251407085, 3.391704525143088, 3.391726590947184, 3.391726590947651, 3.391726590945747, 3.3917265909456487, 3.391726590946113, 3.391726590945651, 3.3917265909451273, 3.3917265909463152, 3.3917265909461016, 3.391726590947556, 3.3917265909458307, 3.3917265909490513, 3.391726590948684, 3.3917265909484557, 3.3917265909480125, 3.391726590947182, 3.3917265909462553, 3.391726590948047, 3.3917265909485903, 3.3917265909480983, 3.3917265909460905, 3.391747833402338, 3.3917478334021247, 3.3917478334032913, 3.391747833403329, 3.391747833402988, 3.3917478334033184, 3.3917478334034956, 3.3917478334029156, 3.3917478334030635, 3.39174783340211, 3.391747833403133, 3.3917478334011304, 3.391747833401392, 3.391747833401431, 3.3917478334017415, 3.3917478334023388, 3.3917478334029347, 3.39174783340187, 3.3917478334015296, 3.3917478334017903, 3.391747833403005, 3.391758915569827, 3.391758915569826, 3.391758915569256, 3.3917589155692554, 3.3917589155694556, 3.3917589155693304, 3.3917589155697536, 3.3917589155695578, 3.391758915569464, 3.391758915569922, 3.391758915569665, 3.3917589155704206, 3.391758915570305, 3.391758915570318, 3.391758915570148, 3.3917589155698216, 3.3917589155697216, 3.391758915569855, 3.391758915569917, 3.391758915569925, 3.3917589155697274, 3.3917579142997725, 3.3917579142999426, 3.391757914300033, 3.3917579142999807, 3.3917579142999004, 3.391757914299874, 3.3917579142989327, 3.391757914299703, 3.391757914299779, 3.39175791429981, 3.3917579142993186, 3.3917579142997503, 3.3917579142997, 3.3917579142996526, 3.3917579142997094, 3.3917579142997742, 3.391757914299406, 3.391757914300084, 3.39175791430031, 3.3917579143001326, 3.391757914299267, 3.3917504201432527, 3.3917504201429574, 3.391750420143312, 3.391750420143445, 3.391750420143427, 3.391750420143576, 3.391750420144755, 3.391750420143554, 3.391750420143519, 3.3917504201431043, 3.3917504201441693, 3.3917504201427664, 3.391750420142897, 3.3917504201430706, 3.3917504201431434, 3.3917504201432522, 3.391750420144033, 3.391750420142703, 3.3917504201422797, 3.3917504201425848, 3.391750420144136, 3.391742686056971, 3.3917426860573228, 3.391742686056506, 3.3917426860563613, 3.3917426860564768, 3.391742686056213, 3.391742686055144, 3.3917426860564994, 3.391742686056435, 3.3917426860572135, 3.3917426860557884, 3.391742686057932, 3.3917426860577073, 3.391742686057459, 3.3917426860572877, 3.3917426860569733, 3.391742686056041, 3.3917426860576705, 3.39174268605819, 3.3917426860578064, 3.391742686055921, 3.3917370028288367, 3.391737002828425, 3.391737002829817, 3.3917370028299305, 3.391737002829613, 3.3917370028299705, 3.3917370028306912, 3.3917370028295304, 3.3917370028296765, 3.391737002828528, 3.391737002830037, 3.3917370028274068, 3.391737002827723, 3.391737002827901, 3.391737002828229, 3.391737002828837, 3.3917370028297054, 3.391737002828086, 3.391737002827583, 3.391737002828, 3.391737002829888, 3.3917306938239933, 3.39173069382438, 3.3917306938224114, 3.3917306938223226, 3.3917306938228604, 3.391730693822363, 3.3917306938223564, 3.3917306938230847, 3.3917306938228178, 3.391730693824363, 3.3917306938229177, 3.3917306938259784, 3.391730693825584, 3.39173069382546, 3.391730693824955, 3.3917306938239906, 3.3917306938233103, 3.391730693824709, 3.391730693825151, 3.3917306938247145, 3.3917306938231464, 3.3917172431773635, 3.391717243177017, 3.3917172431797176, 3.3917172431798015, 3.391717243179014, 3.391717243179675, 3.3917172431785607, 3.391717243178506, 3.391717243178971, 3.391717243176885, 3.391717243178315, 3.3917172431746656, 3.391717243175153, 3.3917172431752975, 3.3917172431760076, 3.391717243177363, 3.391717243177816, 3.3917172431767546, 3.391717243176441, 3.3917172431767932, 3.391717243177924, 3.3916867419997896, 3.391686742000058, 3.3916867419964047, 3.391686741996319, 3.3916867419974674, 3.391686741996601, 3.3916867419990604, 3.391686741998298, 3.3916867419976025, 3.391686742000407, 3.391686741999005, 3.3916867420034844, 3.391686742002847, 3.3916867420027152, 3.3916867420016903, 3.391686741999787, 3.391686741999539, 3.391686742000247, 3.39168674200048, 3.391686742000194, 3.391686741999518, 3.391620701665662, 3.3916207016654583, 3.391620701670513, 3.3916207016705426, 3.3916207016688684, 3.3916207016700586, 3.3916207016659583, 3.3916207016676987, 3.3916207016686877, 3.3916207016648645, 3.3916207016663744, 3.3916207016606115, 3.391620701661471, 3.391620701661477, 3.391620701662933, 3.3916207016656625, 3.3916207016657065, 3.3916207016652713, 3.391620701665157, 3.3916207016653765, 3.3916207016656728, 3.3914866237329044, 3.3914866237331136, 3.3914866237259047, 3.391486623725968, 3.3914866237284156, 3.3914866237267596, 3.391486623732873, 3.391486623730078, 3.391486623728659, 3.391486623733964, 3.391486623732119, 3.391486623739923, 3.3914866237387495, 3.39148662373883, 3.3914866237367858, 3.3914866237329035, 3.39148662373305, 3.3914866237332992, 3.391486623733373, 3.391486623733134, 3.391486623733145, 3.3912032264877894, 3.3912032264875074, 3.3912032264977925, 3.391203226497664, 3.39120322649421, 3.391203226496503, 3.3912032264877667, 3.3912032264917276, 3.3912032264937086, 3.391203226486266, 3.391203226488836, 3.3912032264778365, 3.3912032264795093, 3.3912032264793894, 3.3912032264823253, 3.391203226487793, 3.391203226487514, 3.3912032264872427, 3.391203226487167, 3.3912032264875234, 3.3912032264873697, 3.3906454291965202, 3.3906454291969834, 3.3906454291823205, 3.3906454291824897, 3.3906454291873547, 3.3906454291840897, 3.390645429196381, 3.390645429190827, 3.3906454291879617, 3.390645429198671, 3.390645429194955, 3.3906454292106845, 3.390645429208324, 3.3906454292084107, 3.3906454292042927, 3.390645429196522, 3.390645429196846, 3.390645429197398, 3.390645429197512, 3.3906454291969843, 3.390645429196975, 3.389525668528792, 3.389525668528033, 3.3895256685484036, 3.3895256685483393, 3.3895256685415274, 3.3895256685462316, 3.3895256685294965, 3.389525668536689, 3.389525668540625, 3.3895256685256743, 3.3895256685312836, 3.3895256685088753, 3.3895256685122765, 3.3895256685120683, 3.389525668517893, 3.389525668528793, 3.389525668528552, 3.3895256685274138, 3.389525668527077, 3.3895256685279525, 3.3895256685283774, 3.3879153165880327, 3.387915316589229, 3.3879153165620224, 3.3879153165621894, 3.3879153165711675, 3.3879153165649543, 3.387915316586236, 3.387915316577208, 3.387915316571955, 3.387915316592124, 3.3879153165842473, 3.387915316614473, 3.387915316610042, 3.3879153166099294, 3.387915316602443, 3.3879153165880322, 3.387915316588002, 3.387915316590225, 3.3879153165908087, 3.3879153165894986, 3.3879153165881335, 3.3861830689731063, 3.3861830689713477, 3.3861830690033843, 3.386183069003402, 3.3861830689928265, 3.38618306900035, 3.386183068976842, 3.386183068985711, 3.3861830689916377, 3.386183068968086, 3.386183068978534, 3.3861830689418304, 3.386183068947319, 3.386183068947117, 3.3861830689561723, 3.3861830689731076, 3.386183068973785, 3.3861830689698778, 3.3861830689687222, 3.386183068970741, 3.386183068973773, 3.3869835128608035, 3.386983512863126, 3.38698351283267, 3.3869835128328583, 3.386983512842504, 3.3869835128355543, 3.3869835128538424, 3.386983512848823, 3.386983512843313, 3.386983512865608, 3.386983512853941, 3.3869835128898274, 3.3869835128848327, 3.3869835128842745, 3.3869835128763603, 3.386983512860806, 3.38698351285877, 3.386983512865156, 3.386983512866965, 3.3869835128643313, 3.3869835128584667, 3.3895461948967656, 3.389546194893974, 3.3895461949132297, 3.3895461949131342, 3.3895461949075845, 3.3895461949119947, 3.3895461949075636, 3.3895461949048893, 3.389546194907691, 3.3895461948937666, 3.389546194904493, 3.3895461948788186, 3.3895461948823997, 3.3895461948826524, 3.3895461948876116, 3.3895461948967673, 3.389546194900868, 3.389546194891521, 3.3895461948887418, 3.3895461948918792, 3.3895461949020667, 3.3908667462859072, 3.390866746288726, 3.390866746287063, 3.3908667462865005, 3.3908667462859094, 3.3908667462853868, 3.3908667462710778, 3.390866746284582, 3.3908667462854707, 3.3908667462867585, 3.390866746277822, 3.3908667462872035, 3.39086674628642, 3.3908667462856483, 3.390866746285868, 3.3908667462859046, 3.3908667462790913, 3.3908667462914193, 3.390866746295304, 3.390866746292116, 3.3908667462772457, 3.3893491881036177, 3.3893491881011135, 3.389349188086855, 3.3893491880876483, 3.389349188094207, 3.3893491880909257, 3.3893491881202307, 3.3893491880990325, 3.389349188095249, 3.3893491881049775, 3.3893491881116575, 3.3893491881173103, 3.3893491881157876, 3.3893491881175835, 3.389349188112992, 3.3893491881036204, 3.3893491881129028, 3.389349188098483, 3.389349188093979, 3.3893491880966784, 3.389349188114483, 3.388068229709947, 3.3880682297115947, 3.3880682297338622, 3.3880682297327054, 3.388068229724105, 3.3880682297288516, 3.3880682296950897, 3.388068229717076, 3.388068229722696, 3.388068229707389, 3.3880682297031646, 3.388068229689215, 3.388068229692184, 3.388068229690597, 3.388068229697168, 3.3880682297099485, 3.3880682297007554, 3.3880682297137996, 3.388068229718056, 3.3880682297163447, 3.3880682296992455, 3.3897485943862384, 3.3897485943854364, 3.3897485943681738, 3.3897485943685064, 3.3897485943746988, 3.3897485943709698, 3.3897485943955408, 3.3897485943805075, 3.3897485943762953, 3.389748594388618, 3.3897485943900754, 3.38974859440287, 3.389748594400496, 3.389748594400925, 3.389748594395715, 3.3897485943862367, 3.3897485943922585, 3.3897485943840855, 3.3897485943813845, 3.389748594382345, 3.3897485943930956, 3.391660947938464, 3.3916609479383486, 3.391660947941727, 3.391660947942234, 3.3916609479409274, 3.3916609479420683, 3.3916609479373765, 3.391660947940202, 3.391660947941227, 3.391660947937838, 3.391660947938255, 3.3916609479341484, 3.391660947934765, 3.3916609479350797, 3.3916609479359865, 3.3916609479384636, 3.39166094793784, 3.391660947938712, 3.3916609479389446, 3.391660947938783, 3.391660947937787, 3.3910049162104605, 3.3910049162112217, 3.39100491622152, 3.3910049162209432, 3.3910049162172187, 3.3910049162189404, 3.3910049162033555, 3.391004916213263, 3.391004916215828, 3.3910049162093445, 3.3910049162071982, 3.3910049162013367, 3.3910049162024642, 3.391004916202157, 3.39100491620494, 3.3910049162104636, 3.391004916206113, 3.3910049162123173, 3.391004916214371, 3.3910049162134643, 3.3910049162055165, 3.3895070805200023, 3.3895070805186105, 3.389507080502357, 3.389507080502642, 3.389507080509152, 3.389507080504988, 3.3895070805322356, 3.389507080513936, 3.3895070805095098, 3.389507080522017, 3.3895070805255267, 3.3895070805365495, 3.3895070805341616, 3.3895070805354153, 3.389507080530108, 3.3895070805200045, 3.3895070805271263, 3.389507080516562, 3.3895070805132725, 3.3895070805149654, 3.389507080528254, 3.389893982727448, 3.3898939827291774, 3.3898939827421493, 3.3898939827423904, 3.389893982736693, 3.3898939827401207, 3.3898939827148076, 3.389893982732594, 3.3898939827362016, 3.389893982725543, 3.3898939827217967, 3.3898939827130037, 3.389893982714999, 3.3898939827142356, 3.3898939827185455, 3.3898939827274495, 3.3898939827205536, 3.3898939827312264, 3.3898939827346353, 3.3898939827325743, 3.3898939827191144, 3.3913823006590382, 3.3913823006576687, 3.391382300654032, 3.391382300654241, 3.391382300656057, 3.391382300655335, 3.391382300667433, 3.3913823006583756, 3.391382300656859, 3.3913823006594397, 3.3913823006630652, 3.3913823006628414, 3.3913823006626114, 3.3913823006626895, 3.3913823006612307, 3.391382300659039, 3.391382300662938, 3.39138230065604, 3.391382300653977, 3.3913823006556387, 3.391382300664283, 3.391389555728737, 3.391389555729596, 3.3913895557219083, 3.3913895557212563, 3.39138955572395, 3.3913895557217173, 3.3913895557272062, 3.391389555725127, 3.391389555723547, 3.3913895557302927, 3.3913895557271876, 3.3913895557373803, 3.391389555735858, 3.3913895557353513, 3.391389555733076, 3.3913895557287352, 3.391389555728664, 3.3913895557298703, 3.3913895557301545, 3.3913895557293805, 3.391389555728639, 3.3904288994801353, 3.3904288994801584, 3.3904288994942213, 3.3904288994947813, 3.39042889948996, 3.3904288994935596, 3.390428899475341, 3.3904288994853835, 3.390428899489057, 3.3904288994776604, 3.3904288994790166, 3.39042889946503, 3.3904288994673006, 3.390428899468002, 3.3904288994722287, 3.390428899480132, 3.3904288994768432, 3.390428899481047, 3.390428899482315, 3.3904288994819995, 3.3904288994760465, 3.3905782585303594, 3.3905782585294904, 3.3905782585172024, 3.3905782585172775, 3.390578258521961, 3.390578258519124, 3.390578258538654, 3.3905782585260256, 3.390578258522789, 3.3905782585319835, 3.390578258534004, 3.3905782585427215, 3.3905782585409354, 3.3905782585415296, 3.390578258537758, 3.390578258530359, 3.390578258535125, 3.3905782585281954, 3.3905782585258715, 3.3905782585270194, 3.3905782585358515, 3.391397636529213, 3.3913976365307827, 3.3913976365345615, 3.3913976365335463, 3.3913976365314733, 3.391397636532049, 3.3913976365211465, 3.3913976365303036, 3.3913976365313885, 3.391397636529313, 3.391397636524757, 3.3913976365262313, 3.3913976365266043, 3.3913976365249456, 3.3913976365264427, 3.3913976365292138, 3.391397636524997, 3.391397636532019, 3.391397636534122, 3.391397636532644, 3.3913976365243816, 3.3913942827466332, 3.3913942827450168, 3.391394282751427, 3.391394282752228, 3.39139428275074, 3.391394282752626, 3.391394282752271, 3.3913942827498715, 3.3913942827511474, 3.391394282745122, 3.391394282750028, 3.391394282739389, 3.3913942827408894, 3.391394282741595, 3.391394282743379, 3.391394282746636, 3.3913942827485886, 3.3913942827440757, 3.3913942827427066, 3.391394282744325, 3.3913942827494523, 3.390853942808989, 3.390853942810181, 3.390853942797268, 3.3908539427969986, 3.3908539428012614, 3.390853942797973, 3.3908539428070332, 3.390853942803491, 3.390853942801037, 3.390853942811103, 3.3908539428071007, 3.390853942822042, 3.3908539428196307, 3.3908539428196836, 3.3908539428162037, 3.3908539428089854, 3.3908539428095303, 3.390853942810725, 3.3908539428109714, 3.3908539428097515, 3.390853942808932, 3.390969832601081, 3.390969832600658, 3.390969832612867, 3.3909698326128526, 3.3909698326086084, 3.390969832611365, 3.3909698325996342, 3.3909698326054736, 3.3909698326080693, 3.3909698325993, 3.390969832601303, 3.390969832589371, 3.3909698325910806, 3.390969832591308, 3.390969832594749, 3.3909698326010824, 3.390969832599274, 3.390969832600699, 3.3909698326013125, 3.390969832601738, 3.390969832598938, 3.391585762227844, 3.3915857622273458, 3.3915857622228405, 3.3915857622229826, 3.39158576222454, 3.3915857622236656, 3.391585762231562, 3.391585762226522, 3.391585762225262, 3.391585762228498, 3.391585762229416, 3.3915857622323804, 3.391585762231663, 3.391585762231734, 3.3915857622303216, 3.391585762227842, 3.3915857622298056, 3.391585762226701, 3.391585762225798, 3.3915857622263914, 3.39158576223024, 3.3915752122256486, 3.391575212226852, 3.3915752122216776, 3.3915752122215608, 3.3915752122227993, 3.3915752122216927, 3.391575212221179, 3.3915752122236857, 3.3915752122230214, 3.3915752122265945, 3.3915752122227856, 3.3915752122304528, 3.391575212229515, 3.391575212228815, 3.3915752122276395, 3.3915752122256477, 3.3915752122242795, 3.3915752122277487, 3.3915752122287555, 3.39157521222739, 3.3915752122238816, 3.3910805668853916, 3.3910805668838075, 3.3910805668947837, 3.3910805668952726, 3.3910805668921724, 3.3910805668947845, 3.3910805668894515, 3.391080566889736, 3.391080566891885, 3.3910805668833146, 3.3910805668883746, 3.391080566874478, 3.3910805668764197, 3.391080566877126, 3.3910805668799546, 3.3910805668853925, 3.391080566886235, 3.3910805668830317, 3.3910805668821777, 3.3910805668836854, 3.3910805668869233, 3.391068246645033, 3.3910682466463786, 3.39106824663588, 3.3910682466351467, 3.391068246638316, 3.391068246635382, 3.3910682466416344, 3.391068246640203, 3.3910682466379622, 3.39106824664701, 3.391068246642496, 3.391068246656455, 3.391068246654264, 3.3910682466539446, 3.3910682466509208, 3.391068246645034, 3.391068246644411, 3.39106824664706, 3.3910682466478015, 3.3910682466464497, 3.391068246643826, 3.3915395495973035, 3.3915395495964047, 3.3915395496021254, 3.3915395496026743, 3.391539549600818, 3.391539549602517, 3.3915395495997687, 3.3915395496000897, 3.3915395496010703, 3.3915395495961014, 3.3915395495993073, 3.3915395495909104, 3.3915395495919913, 3.3915395495926344, 3.391539549594166, 3.3915395495973, 3.391539549597924, 3.3915395495959353, 3.391539549595402, 3.391539549596228, 3.391539549598129, 3.3917406570669386, 3.391740657067239, 3.3917406570682487, 3.391740657068205, 3.3917406570677127, 3.39174065706807, 3.391740657065394, 3.3917406570675444, 3.3917406570677917, 3.391740657066877, 3.3917406570660993, 3.3917406570657604, 3.3917406570659607, 3.3917406570655544, 3.3917406570659634, 3.3917406570669395, 3.3917406570661868, 3.3917406570674307, 3.39174065706784, 3.391740657067532, 3.391740657066196, 3.391472142580203, 3.391472142580581, 3.3914721425736296, 3.3914721425732606, 3.3914721425757857, 3.391472142573969, 3.391472142580496, 3.3914721425772587, 3.3914721425757297, 3.391472142581461, 3.3914721425795467, 3.391472142587718, 3.3914721425865366, 3.39147214258615, 3.3914721425841146, 3.391472142580203, 3.3914721425808256, 3.3914721425805423, 3.391472142580432, 3.3914721425801604, 3.391472142581078, 3.3912825055454996, 3.391282505544651, 3.3912825055538773, 3.391282505554276, 3.3912825055513696, 3.3912825055537534, 3.3912825055468385, 3.3912825055492006, 3.3912825055511377, 3.3912825055437965, 3.391282505547093, 3.3912825055359423, 3.3912825055375797, 3.3912825055382014, 3.3912825055407265, 3.3912825055454974, 3.391282505545303, 3.39128250554435, 3.3912825055441083, 3.391282505544925, 3.391282505545343, 3.3914710117583047, 3.3914710117594202, 3.3914710117523366, 3.3914710117520364, 3.39147101175392, 3.391471011752272, 3.391471011755242, 3.3914710117553994, 3.391471011754024, 3.3914710117595464, 3.3914710117563533, 3.3914710117653004, 3.391471011764005, 3.3914710117637936, 3.3914710117619276, 3.3914710117583042, 3.391471011757703, 3.391471011760065, 3.391471011760639, 3.3914710117595237, 3.391471011757008, 3.3916677395203396, 3.3916677395192822, 3.3916677395214245, 3.3916677395215595, 3.3916677395212367, 3.3916677395218215, 3.3916677395248773, 3.391667739521452, 3.3916677395215715, 3.3916677395198636, 3.391667739522695, 3.3916677395183976, 3.3916677395189776, 3.3916677395191708, 3.3916677395195456, 3.391667739520341, 3.391667739521955, 3.391667739518457, 3.3916677395173895, 3.3916677395185957, 3.3916677395226955, 3.3915866616082337, 3.3915866616091046, 3.3915866616122665, 3.391586661611999, 3.3915866616105754, 3.391586661611257, 3.3915866616031627, 3.3915866616092005, 3.391586661610273, 3.391586661607983, 3.3915866616055346, 3.391586661605117, 3.391586661605547, 3.3915866616048804, 3.391586661606037, 3.391586661608232, 3.3915866616056816, 3.3915866616099692, 3.3915866616112553, 3.391586661610324, 3.391586661605271, 3.391424866123165, 3.3914248661225876, 3.391424866116072, 3.391424866116441, 3.39142486611901, 3.391424866117648, 3.3914248661280366, 3.391424866120981, 3.391424866119373, 3.3914248661239026, 3.3914248661254356, 3.3914248661292876, 3.391424866128381, 3.391424866129033, 3.3914248661270405, 3.3914248661231614, 3.3914248661261452, 3.391424866121868, 3.391424866120477, 3.391424866121113, 3.3914248661265107, 3.3914658776955613, 3.3914658776958886, 3.3914658777023554, 3.391465877702215, 3.391465877699633, 3.3914658777010884, 3.391465877691767, 3.3914658776977022, 3.391465877699242, 3.3914658776947646, 3.3914658776939866, 3.391465877689368, 3.391465877690116, 3.3914658776900692, 3.3914658776919566, 3.391465877695559, 3.39146587769302, 3.3914658776964597, 3.3914658776976068, 3.391465877697232, 3.3914658776925366, 3.39166532195493, 3.3916653219547808, 3.391665321951381, 3.391665321951305, 3.391665321952526, 3.3916653219516855, 3.391665321957183, 3.3916653219536865, 3.391665321952734, 3.391665321955492, 3.391665321955949, 3.3916653219585524, 3.3916653219579778, 3.3916653219580293, 3.3916653219569546, 3.3916653219549295, 3.391665321956383, 3.3916653219543385, 3.391665321953713, 3.3916653219539508, 3.391665321956594, 3.3917585194280697, 3.391758519428142, 3.3917585194273734, 3.391758519427609, 3.391758519427851, 3.3917585194278166, 3.3917585194275834, 3.3917585194279347, 3.3917585194280004, 3.391758519428074, 3.3917585194276536, 3.391758519428379, 3.391758519428335, 3.3917585194283193, 3.391758519428182, 3.3917585194280684, 3.3917585194279143, 3.3917585194282895, 3.391758519428419, 3.3917585194282442, 3.3917585194280426, 3.391671149125307, 3.3916711491252935, 3.391671149129195, 3.391671149129162, 3.3916711491277924, 3.391671149128662, 3.3916711491240625, 3.3916711491266858, 3.3916711491276286, 3.39167114912472, 3.3916711491248606, 3.3916711491215232, 3.391671149122103, 3.3916711491220295, 3.391671149123127, 3.3916711491253095, 3.391671149124318, 3.391671149125455, 3.3916711491258726, 3.3916711491258202, 3.3916711491243245, 3.3915591508421405, 3.3915591508420433, 3.391559150836849, 3.391559150836663, 3.39155915083851, 3.3915591508371343, 3.391559150844645, 3.3915591508400618, 3.391559150838649, 3.391559150842966, 3.3915591508432734, 3.3915591508477565, 3.391559150846832, 3.391559150847014, 3.391559150845356, 3.3915591508421405, 3.3915591508438543, 3.3915591508416005, 3.391559150840878, 3.39155915084107, 3.391559150843946, 3.3915626600015254, 3.3915626600017763, 3.391562660006617, 3.391562660006752, 3.3915626600048565, 3.3915626600061284, 3.3915626599982414, 3.391562660003361, 3.391562660004662, 3.391562660000753, 3.3915626600001474, 3.3915626599963318, 3.391562659997033, 3.39156265999706, 3.391562659998562, 3.3915626600015245, 3.3915626599994404, 3.39156266000237, 3.3915626600033297, 3.391562660002918, 3.391562659999073, 3.391652662199096, 3.391652662198607, 3.3916526621957113, 3.3916526621958125, 3.391652662197171, 3.3916526621965204, 3.39165266220274, 3.3916526621982555, 3.3916526621973913, 3.3916526621994283, 3.391652662200834, 3.3916526622019947, 3.391652662201694, 3.391652662201792, 3.391652662200858, 3.3916526621990957, 3.391652662201174, 3.3916526621979797, 3.3916526621969694, 3.3916526621975294, 3.3916526622016425, 3.3916989930334434, 3.3916989930342254, 3.391698993034137, 3.391698993033759, 3.3916989930335553, 3.3916989930333603, 3.3916989930296224, 3.3916989930331165, 3.3916989930332844, 3.3916989930337365, 3.391698993031187, 3.3916989930338826, 3.391698993033683, 3.391698993033098, 3.3916989930332218, 3.391698993033441, 3.391698993031601, 3.391698993034862, 3.391698993035878, 3.391698993035085, 3.3916989930312913, 3.3916451523760305, 3.3916451523749442, 3.3916451523780116, 3.3916451523784477, 3.391645152377774, 3.3916451523787026, 3.39164515238018, 3.3916451523776097, 3.3916451523779787, 3.391645152375229, 3.391645152378601, 3.391645152372653, 3.391645152373328, 3.3916451523740134, 3.3916451523746995, 3.3916451523760287, 3.391645152377579, 3.3916451523742457, 3.3916451523732447, 3.391645152374335, 3.3916451523779694, 3.3915432119979396, 3.3915432119993096, 3.391543211994137, 3.3915432119936595, 3.391543211994896, 3.3915432119934725, 3.3915432119932643, 3.3915432119955735, 3.3915432119947, 3.391543211999011, 3.3915432119952076, 3.391543212003286, 3.391543212002204, 3.391543212001702, 3.3915432120004554, 3.3915432119979396, 3.39154321199653, 3.391543212000162, 3.3915432120011753, 3.3915432119997897, 3.3915432119957085, 3.3914685137520038, 3.3914685137504, 3.3914685137564997, 3.3914685137569434, 3.391468513755548, 3.3914685137571134, 3.3914685137575353, 3.3914685137546763, 3.3914685137556853, 3.391468513750713, 3.3914685137552065, 3.391468513745917, 3.391468513747178, 3.3914685137477356, 3.3914685137491802, 3.391468513752007, 3.3914685137536815, 3.391468513749408, 3.391468513748178, 3.3914685137498353, 3.3914685137546, 3.391441174891161, 3.3914411748929356, 3.3914411748873423, 3.3914411748867916, 3.3914411748880187, 3.3914411748865327, 3.3914411748844655, 3.3914411748885955, 3.3914411748878392, 3.3914411748924325, 3.391441174887122, 3.391441174896888, 3.3914411748957174, 3.391441174894782, 3.391441174893555, 3.391441174891158, 3.391441174888791, 3.3914411748941373, 3.3914411748956765, 3.391441174893871, 3.391441174887958, 3.39141188216011, 3.391411882158176, 3.391411882162201, 3.3914118821629073, 3.391411882162257, 3.3914118821635344, 3.391411882168329, 3.3914118821623633, 3.3914118821627075, 3.391411882158985, 3.3914118821649755, 3.391411882155692, 3.39141188215669, 3.391411882157692, 3.3914118821584918, 3.3914118821601065, 3.391411882163528, 3.3914118821567296, 3.3914118821546824, 3.391411882156683, 3.391411882164445, 3.3913182804718396, 3.391318280473985, 3.391318280471762, 3.3913182804709683, 3.3913182804707755, 3.3913182804699167, 3.3913182804617317, 3.391318280470109, 3.3913182804702013, 3.3913182804728024, 3.391318280466123, 3.3913182804746382, 3.3913182804737025, 3.391318280472731, 3.391318280472463, 3.3913182804718396, 3.391318280467239, 3.3913182804757365, 3.391318280478348, 3.391318280476118, 3.39131828046602, 3.3911520203342382, 3.3911520203317966, 3.391152020332632, 3.391152020333464, 3.391152020334343, 3.3911520203348187, 3.391152020346315, 3.3911520203354386, 3.3911520203349017, 3.391152020333428, 3.3911520203410004, 3.3911520203329704, 3.391152020333655, 3.3911520203349097, 3.3911520203346943, 3.3911520203342373, 3.3911520203399568, 3.391152020329702, 3.3911520203265573, 3.3911520203291103, 3.3911520203413343, 3.390981093506272, 3.3909810935090046, 3.390981093509153, 3.390981093508215, 3.390981093506919, 3.390981093506613, 3.3909810934925515, 3.390981093505368, 3.390981093506233, 3.3909810935069853, 3.3909810934986426, 3.3909810935066216, 3.3909810935060634, 3.390981093504559, 3.3909810935051485, 3.390981093506275, 3.3909810934997893, 3.3909810935113693, 3.390981093514917, 3.3909810935120492, 3.390981093498324, 3.390922883851802, 3.390922883848881, 3.3909228838481336, 3.39092288384931, 3.390922883850838, 3.3909228838511822, 3.390922883866015, 3.3909228838527143, 3.390922883851775, 3.390922883851024, 3.39092288385953, 3.3909228838516583, 3.390922883852226, 3.3909228838538232, 3.3909228838530847, 3.3909228838518, 3.390922883858382, 3.3909228838465055, 3.3909228838428884, 3.3909228838458887, 3.390922883860058, 3.3910863860473586, 3.3910863860501883, 3.3910863860510774, 3.3910863860496043, 3.391086386048008, 3.3910863860475433, 3.39108638603453, 3.3910863860464175, 3.3910863860470775, 3.3910863860482596, 3.3910863860405263, 3.3910863860479394, 3.391086386047306, 3.3910863860456057, 3.3910863860462586, 3.3910863860473577, 3.391086386041617, 3.3910863860521743, 3.391086386055388, 3.3910863860526264, 3.391086386039974, 3.391403184864119, 3.391403184861793, 3.391403184861274, 3.391403184862906, 3.391403184864089, 3.391403184864738, 3.391403184873502, 3.3914031848649775, 3.3914031848648043, 3.3914031848632153, 3.3914031848690738, 3.3914031848628032, 3.3914031848632944, 3.391403184865141, 3.3914031848647257, 3.391403184864116, 3.3914031848680253, 3.3914031848605006, 3.391403184858247, 3.3914031848603603, 3.391403184869303, 3.391673043991384, 3.391673043992825, 3.391673043992356, 3.391673043991196, 3.3916730439907496, 3.391673043990029, 3.391673043986883, 3.391673043990472, 3.3916730439902794, 3.3916730439922205, 3.391673043989045, 3.3916730439933023, 3.3916730439928333, 3.3916730439915956, 3.3916730439915868, 3.3916730439913874, 3.391673043989923, 3.3916730439932694, 3.391673043994226, 3.3916730439930505, 3.3916730439892544, 3.3917330058599893, 3.3917330058597543, 3.3917330058613526, 3.3917330058617963, 3.391733005861199, 3.391733005861828, 3.3917330058593125, 3.391733005860737, 3.3917330058613735, 3.3917330058595603, 3.3917330058594835, 3.3917330058577346, 3.3917330058580712, 3.391733005858373, 3.3917330058588675, 3.391733005859986, 3.391733005858988, 3.391733005860003, 3.3917330058603614, 3.3917330058604787, 3.3917330058591513, 3.391601351539805, 3.391601351538905, 3.3916013515360857, 3.3916013515366346, 3.3916013515379997, 3.391601351537593, 3.39160135154509, 3.391601351539229, 3.3916013515384624, 3.3916013515397947, 3.391601351542629, 3.3916013515418926, 3.3916013515417904, 3.3916013515425223, 3.3916013515415773, 3.3916013515398067, 3.3916013515426213, 3.3916013515380854, 3.3916013515366292, 3.3916013515375454, 3.391601351543103, 3.391419617394234, 3.391419617396138, 3.3914196173996936, 3.39141961739828, 3.3914196173963, 3.3914196173964175, 3.3914196173857944, 3.3914196173945075, 3.3914196173954188, 3.391419617394524, 3.3914196173899764, 3.3914196173923603, 3.3914196173924482, 3.3914196173909343, 3.391419617392126, 3.391419617394234, 3.3914196173904063, 3.391419617397284, 3.391419617399363, 3.391419617397634, 3.3914196173893094, 3.391326800203104, 3.391326800200634, 3.3913268001970867, 3.3913268001988586, 3.3913268002012056, 3.3913268002012793, 3.39132680021301, 3.391326800202967, 3.391326800202152, 3.391326800202537, 3.3913268002079016, 3.3913268002045522, 3.391326800204665, 3.391326800206579, 3.3913268002052708, 3.3913268002031063, 3.391326800207093, 3.391326800199413, 3.3913268001971146, 3.391326800199318, 3.391326800208537, 3.3913936997668457, 3.3913936997693064, 3.3913936997723106, 3.3913936997704694, 3.3913936997684173, 3.391393699768281, 3.3913936997575758, 3.391393699767, 3.3913936997674954, 3.3913936997675345, 3.3913936997624248, 3.3913936997659175, 3.3913936997658065, 3.3913936997637366, 3.3913936997648713, 3.391393699766847, 3.391393699763364, 3.391393699770412, 3.3913936997724874, 3.3913936997703082, 3.391393699761904, 3.391561433907891, 3.391561433906009, 3.391561433903761, 3.3915614339052302, 3.391561433906852, 3.3915614339070306, 3.3915614339147493, 3.391561433907967, 3.3915614339075035, 3.3915614339073676, 3.391561433911151, 3.3915614339083913, 3.3915614339084903, 3.3915614339100975, 3.3915614339092603, 3.3915614339078957, 3.3915614339104163, 3.3915614339052347, 3.3915614339037417, 3.3915614339053524, 3.3915614339114906, 3.3917140410830386, 3.3917140410839304, 3.391714041085205, 3.3917140410843554, 3.3917140410836053, 3.3917140410833757, 3.391714041079743, 3.3917140410829463, 3.3917140410831057, 3.3917140410833313, 3.3917140410814444, 3.3917140410829245, 3.3917140410828357, 3.39171404108206, 3.3917140410824556, 3.3917140410830386, 3.3917140410817606, 3.3917140410842643, 3.3917140410850406, 3.391714041084286, 3.3917140410812605, 3.3917597983455154, 3.391759798345673, 3.3917597983457086, 3.3917597983457037, 3.3917597983455905, 3.3917597983455816, 3.3917597983449523, 3.3917597983455567, 3.391759798345621, 3.391759798345475, 3.3917597983453507, 3.3917597983453596, 3.391759798345389, 3.3917597983453507, 3.3917597983454106, 3.391759798345516, 3.3917597983454586, 3.391759798345759, 3.3917597983458463, 3.3917597983456536, 3.391759798345304, 3.3916991144638726, 3.391699114462801, 3.391699114461512, 3.3916991144623316, 3.391699114463177, 3.3916991144633073, 3.3916991144676794, 3.391699114463887, 3.39169911446372, 3.391699114463554, 3.391699114465644, 3.391699114464189, 3.3916991144642608, 3.3916991144650863, 3.391699114464593, 3.3916991144638735, 3.391699114465233, 3.39169911446239, 3.3916991144615665, 3.391699114462479, 3.391699114465879, 3.3915944172245385, 3.391594417226172, 3.3915944172285735, 3.3915944172271266, 3.391594417225607, 3.3915944172254324, 3.3915944172183763, 3.391594417224493, 3.391594417224924, 3.3915944172250536, 3.3915944172215418, 3.3915944172240717, 3.39159441722395, 3.3915944172224224, 3.3915944172232058, 3.3915944172245394, 3.391594417222119, 3.391594417226835, 3.3915944172282653, 3.3915944172268775, 3.3915944172212282, 3.3915128113331146, 3.391512811331205, 3.3915128113281554, 3.39151281132986, 3.391512811331718, 3.391512811331876, 3.3915128113404664, 3.3915128113330217, 3.3915128113325226, 3.3915128113325737, 3.3915128113367934, 3.3915128113339916, 3.3915128113340227, 3.391512811335837, 3.391512811334833, 3.3915128113331163, 3.391512811336212, 3.3915128113304065, 3.3915128113286617, 3.391512811330249, 3.391512811337185, 3.3914964374334313, 3.3914964374352423, 3.3914964374386076, 3.391496437437117, 3.3914964374351797, 3.3914964374351766, 3.391496437425966, 3.391496437433705, 3.3914964374343346, 3.3914964374338803, 3.391496437429745, 3.39149643743202, 3.391496437431967, 3.3914964374303933, 3.3914964374315297, 3.3914964374334313, 3.391496437430216, 3.3914964374361327, 3.3914964374379304, 3.391496437436363, 3.391496437429195, 3.391537277218289, 3.3915372772168353, 3.391537277213241, 3.391537277214353, 3.391537277216217, 3.391537277215904, 3.3915372772247703, 3.3915372772177457, 3.3915372772168895, 3.39153727721815, 3.391537277221412, 3.391537277220499, 3.391537277220331, 3.391537277221533, 3.391537277220399, 3.3915372772182883, 3.3915372772211656, 3.3915372772159884, 3.3915372772144154, 3.3915372772157473, 3.3915372772220524, 3.3915959789819894, 3.3915959789829095, 3.3915959789868775, 3.3915959789862407, 3.3915959789844665, 3.3915959789850882, 3.391595978977403, 3.3915959789830548, 3.3915959789840002, 3.3915959789817713, 3.3915959789798316, 3.3915959789787133, 3.3915959789791272, 3.391595978978338, 3.391595978979642, 3.39159597898199, 3.391595978979777, 3.3915959789835077, 3.3915959789846277, 3.3915959789838035, 3.391595978979242, 3.3916107230271826, 3.391610723026959, 3.391610723022047, 3.3916107230222203, 3.3916107230240495, 3.3916107230229926, 3.3916107230293404, 3.3916107230253845, 3.3916107230243075, 3.3916107230277825, 3.3916107230279753, 3.3916107230318557, 3.3916107230311425, 3.391610723031446, 3.391610723029995, 3.3916107230271804, 3.3916107230284873, 3.3916107230267047, 3.3916107230260923, 3.3916107230263357, 3.391610723028703, 3.3915168021465893, 3.3915168021461124, 3.3915168021526823, 3.3915168021529123, 3.3915168021507793, 3.3915168021525046, 3.3915168021470508, 3.391516802149245, 3.3915168021506834, 3.3915168021454183, 3.3915168021473856, 3.39151680213981, 3.391516802140987, 3.3915168021411506, 3.3915168021429927, 3.3915168021465885, 3.3915168021462834, 3.3915168021459654, 3.3915168021458943, 3.3915168021463504, 3.391516802146369, 3.391233708638707, 3.391233708639915, 3.391233708630657, 3.391233708629995, 3.3912337086326962, 3.391233708630246, 3.3912337086356805, 3.3912337086346116, 3.3912337086326847, 3.391233708640579, 3.391233708636298, 3.3912337086486666, 3.3912337086468822, 3.3912337086461792, 3.3912337086436404, 3.3912337086387065, 3.391233708637985, 3.3912337086404927, 3.3912337086411526, 3.3912337086400575, 3.391233708637571, 3.390574290667331, 3.3905742906653478, 3.3905742906786958, 3.3905742906799046, 3.390574290676048, 3.390574290679817, 3.390574290672805, 3.3905742906734297, 3.3905742906761196, 3.3905742906644862, 3.390574290671525, 3.3905742906526393, 3.39057429065539, 3.3905742906564127, 3.3905742906601266, 3.390574290667331, 3.3905742906689706, 3.39057429066436, 3.3905742906630314, 3.3905742906648597, 3.3905742906696807, 3.389264632869854, 3.3892646328726563, 3.3892646328530134, 3.389264632851442, 3.389264632857144, 3.3892646328517086, 3.389264632861869, 3.3892646328608973, 3.3892646328567797, 3.3892646328739136, 3.3892646328637657, 3.3892646328912552, 3.3892646328873433, 3.38926463288576, 3.389264632880457, 3.389264632869854, 3.389264632867456, 3.3892646328741605, 3.389264632876038, 3.38926463287344, 3.389264632866467, 3.386850883953942, 3.386850883950184, 3.3868508839780676, 3.386850883979886, 3.3868508839716416, 3.386850883979131, 3.3868508839642852, 3.3868508839661424, 3.3868508839715097, 3.386850883948272, 3.3868508839621203, 3.3868508839243603, 3.3868508839299447, 3.386850883931433, 3.3868508839391462, 3.3868508839539415, 3.3868508839569746, 3.386850883948139, 3.3868508839456326, 3.386850883949218, 3.38685088395824, 3.3845296363288258, 3.3845296363331223, 3.3845296362975996, 3.3845296362964428, 3.38452963630686, 3.384529636298143, 3.3845296363159867, 3.3845296363137956, 3.384529636306866, 3.384529636335352, 3.3845296363190025, 3.384529636364631, 3.384529636358047, 3.3845296363563953, 3.3845296363472284, 3.3845296363288266, 3.38452963632529, 3.3845296363359965, 3.384529636338907, 3.3845296363345474, 3.38452963632357, 3.384471982888363, 3.384471982884093, 3.3844719829201093, 3.3844719829202567, 3.384471982909589, 3.3844719829179843, 3.3844719829021757, 3.384471982902923, 3.3844719829090266, 3.38447198288229, 3.3844719828987717, 3.384471982854005, 3.3844719828608425, 3.3844719828606213, 3.3844719828702217, 3.384471982888359, 3.384471982892599, 3.3844719828806524, 3.3844719828773564, 3.3844719828821095, 3.384471982894564, 3.3888042764465562, 3.3888042764496045, 3.3888042764265163, 3.388804276427362, 3.388804276433781, 3.388804276429192, 3.388804276433391, 3.388804276437959, 3.388804276434636, 3.388804276450348, 3.38880427643745, 3.388804276466649, 3.388804276462625, 3.3888042764625976, 3.3888042764572717, 3.3888042764465593, 3.38880427644137, 3.3888042764528006, 3.3888042764561757, 3.3888042764524973, 3.388804276439839, 3.3913450650755657, 3.3913450650745793, 3.3913450650740673, 3.3913450650736503, 3.391345065074785, 3.391345065074137, 3.391345065084587, 3.391345065075759, 3.391345065074988, 3.3913450650757655, 3.391345065080962, 3.3913450650768646, 3.391345065077212, 3.3913450650774135, 3.391345065077129, 3.3913450650755648, 3.3913450650813637, 3.391345065072523, 3.391345065069845, 3.39134506507122, 3.3913450650819637, 3.389482339054993, 3.38948233905389, 3.3894823390758053, 3.389482339074898, 3.3894823390677016, 3.389482339072051, 3.389482339052561, 3.3894823390618702, 3.3894823390667224, 3.389482339052014, 3.389482339054489, 3.3894823390356015, 3.38948233903886, 3.3894823390387994, 3.389482339044463, 3.3894823390549904, 3.3894823390504936, 3.389482339054009, 3.389482339055391, 3.3894823390566793, 3.389482339050697, 3.388029154258033, 3.388029154260322, 3.3880291542320085, 3.388029154232767, 3.3880291542414653, 3.3880291542355234, 3.388029154253661, 3.388029154247581, 3.3880291542426555, 3.388029154262068, 3.3880291542543093, 3.3880291542833496, 3.3880291542789207, 3.388029154279498, 3.3880291542721963, 3.3880291542580316, 3.3880291542592094, 3.388029154262003, 3.388029154262332, 3.3880291542595837, 3.3880291542578074, 3.3896947180081565, 3.3896947180055372, 3.3896947180237054, 3.3896947180238297, 3.3896947180185264, 3.389694718023021, 3.3896947180178936, 3.389694718016158, 3.389694718019345, 3.389694718004974, 3.3896947180147476, 3.3896947179902748, 3.389694717994194, 3.3896947179938994, 3.3896947179984807, 3.389694718008155, 3.3896947180116235, 3.389694718003383, 3.389694718000942, 3.389694718003813, 3.3896947180131805, 3.391032990729523, 3.3910329907315218, 3.3910329907330707, 3.39103299073142, 3.3910329907300323, 3.3910329907295815, 3.3910329907172807, 3.391032990728567, 3.391032990729327, 3.3910329907305417, 3.3910329907218966, 3.3910329907303365, 3.391032990729698, 3.391032990727952, 3.3910329907282666, 3.3910329907295256, 3.391032990722114, 3.3910329907336343, 3.3910329907373744, 3.3910329907353516, 3.3910329907214276, 3.3896505097986642, 3.389650509797832, 3.3896505097800302, 3.3896505097816476, 3.3896505097889498, 3.389650509785108, 3.389650509809572, 3.38965050979295, 3.389650509788992, 3.3896505098003016, 3.389650509804322, 3.389650509813803, 3.3896505098115535, 3.3896505098138365, 3.3896505098086767, 3.389650509798663, 3.3896505098071112, 3.389650509796198, 3.38965050979275, 3.3896505097934164, 3.389650509807362, 3.3892705375253325, 3.3892705375249115, 3.3892705375455296, 3.3892705375456647, 3.3892705375383696, 3.3892705375429526, 3.3892705375199483, 3.389270537532651, 3.3892705375370626, 3.3892705375222385, 3.3892705375237795, 3.3892705375050953, 3.3892705375080965, 3.3892705375085086, 3.3892705375141166, 3.3892705375253356, 3.3892705375200234, 3.389270537525593, 3.389270537527652, 3.389270537527988, 3.3892705375194354, 3.3911399616463456, 3.3911399616477387, 3.3911399616379847, 3.391139961636821, 3.3911399616394817, 3.3911399616365543, 3.3911399616441176, 3.391139961642352, 3.391139961639577, 3.3911399616487405, 3.39113996164426, 3.3911399616575855, 3.391139961655557, 3.3911399616541558, 3.391139961651255, 3.3911399616463407, 3.391139961646156, 3.3911399616478666, 3.3911399616484044, 3.3911399616472835, 3.391139961646004, 3.3912198039575774, 3.3912198039560555, 3.391219803949549, 3.391219803950898, 3.391219803953978, 3.3912198039530717, 3.3912198039667105, 3.391219803956604, 3.391219803955105, 3.3912198039576222, 3.391219803961964, 3.391219803961984, 3.3912198039618744, 3.3912198039626347, 3.3912198039605883, 3.3912198039575783, 3.3912198039625903, 3.3912198039546975, 3.3912198039521932, 3.3912198039536077, 3.391219803964066, 3.389742454033294, 3.3897424540345282, 3.3897424540500474, 3.3897424540495478, 3.3897424540436014, 3.389742454046964, 3.389742454021396, 3.3897424540381698, 3.389742454042428, 3.389742454031086, 3.3897424540278744, 3.389742454018092, 3.389742454020342, 3.3897424540197227, 3.3897424540242684, 3.3897424540332954, 3.38974245402581, 3.389742454036679, 3.389742454039982, 3.389742454038444, 3.389742454024619, 3.3902587137298577, 3.390258713729232, 3.3902587137162947, 3.3902587137158364, 3.390258713721187, 3.390258713717642, 3.3902587137391693, 3.39025871372457, 3.390258713721102, 3.3902587137317974, 3.390258713734426, 3.3902587137439726, 3.390258713741783, 3.390258713742477, 3.3902587137382296, 3.3902587137298603, 3.3902587137361135, 3.3902587137275186, 3.3902587137247218, 3.3902587137256934, 3.390258713736687, 3.391665299895835, 3.3916652998957746, 3.391665299898575, 3.3916652998987784, 3.39166529989757, 3.3916652998985426, 3.39166529989338, 3.391665299897031, 3.3916652998979107, 3.391665299895489, 3.3916652998944916, 3.3916652998927237, 3.391665299892933, 3.391665299893162, 3.3916652998939685, 3.3916652998958323, 3.391665299893523, 3.391665299896357, 3.3916652998972863, 3.3916652998971935, 3.391665299893437, 3.391228822880297, 3.391228822880935, 3.3912288228889227, 3.3912288228889693, 3.391228822885705, 3.3912288228878666, 3.3912288228755676, 3.3912288228838774, 3.391228822885921, 3.3912288228792224, 3.391228822878497, 3.391228822871549, 3.391228822872896, 3.3912288228722693, 3.3912288228750267, 3.3912288228802963, 3.391228822877725, 3.391228822881592, 3.3912288228827805, 3.3912288228820855, 3.391228822877175, 3.3903639544849273, 3.3903639544842554, 3.3903639544708692, 3.3903639544709723, 3.390363954476507, 3.3903639544731323, 3.3903639544937945, 3.3903639544801396, 3.3903639544768525, 3.3903639544867974, 3.3903639544885964, 3.3903639544984894, 3.3903639544965314, 3.390363954496845, 3.3903639544929685, 3.3903639544849273, 3.390363954490797, 3.3903639544826136, 3.39036395448008, 3.390363954481095, 3.3903639544918653, 3.3909570549461043, 3.3909570549467416, 3.3909570549560586, 3.3909570549556145, 3.3909570549519965, 3.3909570549537307, 3.3909570549376995, 3.390957054948638, 3.3909570549512567, 3.390957054944973, 3.390957054941565, 3.390957054937646, 3.3909570549386183, 3.390957054938372, 3.390957054941166, 3.3909570549461034, 3.390957054940096, 3.3909570549483212, 3.390957054950972, 3.390957054950176, 3.390957054939511, 3.3916319689051306, 3.391631968904495, 3.3916319689059993, 3.3916319689062986, 3.391631968905839, 3.391631968906347, 3.391631968909819, 3.39163196890631, 3.3916319689062955, 3.3916319689045484, 3.391631968908601, 3.391631968903175, 3.3916319689035723, 3.3916319689042647, 3.391631968904638, 3.3916319689051337, 3.3916319689082326, 3.3916319689035404, 3.391631968901999, 3.3916319689027543, 3.3916319689080505, 3.391173232026833, 3.3911732320274828, 3.391173232016869, 3.3911732320168304, 3.39117323202015, 3.39117323201786, 3.391173232026927, 3.3911732320228336, 3.391173232020635, 3.391173232028566, 3.391173232026247, 3.39117323203735, 3.391173232035378, 3.3911732320352983, 3.3911732320323376, 3.3911732320268335, 3.3911732320280907, 3.3911732320276937, 3.3911732320273624, 3.3911732320267065, 3.3911732320278807, 3.3908873189204374, 3.3908873189198334, 3.390887318931827, 3.3908873189319393, 3.3908873189279225, 3.3908873189307838, 3.390887318916631, 3.3908873189245856, 3.390887318927603, 3.3908873189186695, 3.3908873189182067, 3.3908873189089865, 3.390887318910704, 3.390887318910368, 3.3908873189136854, 3.390887318920435, 3.3908873189161186, 3.3908873189206674, 3.390887318922226, 3.3908873189226263, 3.3908873189166306, 3.3914266950354666, 3.3914266950354848, 3.391426695030469, 3.3914266950301166, 3.391426695032092, 3.391426695030751, 3.391426695040845, 3.3914266950338803, 3.391426695032142, 3.391426695036289, 3.3914266950387617, 3.391426695041015, 3.391426695040277, 3.391426695040037, 3.3914266950385037, 3.391426695035465, 3.3914266950401273, 3.3914266950341863, 3.391426695032238, 3.391426695032552, 3.3914266950401823, 3.391562323643817, 3.391562323644615, 3.3915623236397403, 3.3915623236402106, 3.3915623236413075, 3.391562323640506, 3.3915623236388766, 3.391562323641879, 3.3915623236412906, 3.3915623236444117, 3.391562323640753, 3.391562323647762, 3.391562323646629, 3.3915623236471806, 3.3915623236459638, 3.3915623236438184, 3.391562323641293, 3.3915623236458248, 3.3915623236472436, 3.3915623236461103, 3.3915623236406702, 3.391156135493334, 3.3911561354918054, 3.3911561355024844, 3.391156135502914, 3.3911561354996627, 3.3911561355021735, 3.3911561354963426, 3.391156135497552, 3.3911561354994637, 3.3911561354913426, 3.3911561354954554, 3.391156135482813, 3.391156135484619, 3.3911561354853137, 3.3911561354880653, 3.3911561354933353, 3.391156135492978, 3.3911561354911135, 3.3911561354908293, 3.3911561354923903, 3.391156135493643, 3.3912192229155633, 3.3912192229174285, 3.391219222908274, 3.391219222906849, 3.391219222909471, 3.3912192229067317, 3.3912192229145512, 3.3912192229117872, 3.391219222909148, 3.3912192229177225, 3.3912192229151676, 3.391219222926154, 3.391219222924422, 3.39121922292296, 3.3912192229205353, 3.3912192229155593, 3.3912192229179103, 3.3912192229170954, 3.3912192229165883, 3.391219222915171, 3.3912192229171483, 3.391645946950627, 3.3916459469492652, 3.3916459469515763, 3.391645946953234, 3.39164594695289, 3.3916459469544487, 3.391645946950008, 3.3916459469520412, 3.391645946953466, 3.3916459469494202, 3.391645946949218, 3.39164594694621, 3.39164594694689, 3.3916459469481013, 3.391645946948759, 3.3916459469506273, 3.3916459469477744, 3.3916459469501268, 3.3916459469510007, 3.3916459469517686, 3.3916459469489055, 3.3916414542998434, 3.3916414543000233, 3.3916414543047666, 3.3916414543039766, 3.3916414543022624, 3.3916414543031164, 3.391641454301538, 3.3916414543016398, 3.3916414543020688, 3.3916414542994335, 3.391641454301888, 3.391641454296139, 3.3916414542969227, 3.391641454296359, 3.391641454297628, 3.3916414542998448, 3.391641454301586, 3.3916414542992586, 3.391641454298414, 3.391641454298561, 3.3916414543012228, 3.3913231066008014, 3.3913231066020564, 3.3913231065938128, 3.391323106592995, 3.3913231065953213, 3.3913231065931613, 3.3913231065982936, 3.391323106597013, 3.3913231065951366, 3.391323106602584, 3.3913231065991556, 3.3913231066100207, 3.391323106608228, 3.3913231066078504, 3.391323106605503, 3.3913231066007987, 3.3913231066007428, 3.391323106602516, 3.391323106602864, 3.3913231066017246, 3.3913231066000122, 3.391341573454767, 3.3913415734524244, 3.39134157345986, 3.3913415734616508, 3.391341573459847, 3.3913415734624857, 3.391341573458084, 3.3913415734581718, 3.391341573460387, 3.391341573452579, 3.3913415734560326, 3.3913415734455006, 3.3913415734471606, 3.3913415734488805, 3.391341573450773, 3.39134157345477, 3.3913415734534467, 3.391341573452434, 3.3913415734523777, 3.391341573454268, 3.391341573454764, 3.391631120887555, 3.3916311208901058, 3.391631120887285, 3.3916311208854695, 3.3916311208854397, 3.3916311208840524, 3.3916311208839196, 3.3916311208862604, 3.391631120885049, 3.3916311208889947, 3.391631120886696, 3.3916311208919003, 3.391631120891304, 3.3916311208891696, 3.39163112088882, 3.3916311208875562, 3.3916311208891825, 3.3916311208899175, 3.3916311208898513, 3.391631120887859, 3.391631120887653, 3.3916724536044844, 3.3916724536028413, 3.391672453599752, 3.3916724536010014, 3.3916724536027067, 3.3916724536025114, 3.391672453607711, 3.391672453603521, 3.391672453603273, 3.391672453604396, 3.391672453604558, 3.391672453606596, 3.391672453606239, 3.3916724536074483, 3.3916724536063345, 3.391672453604484, 3.391672453603785, 3.3916724536028156, 3.391672453602849, 3.391672453604197, 3.3916724536052536, 3.391507140344884, 3.391507140345094, 3.3915071403518473, 3.3915071403516435, 3.3915071403490087, 3.3915071403505053, 3.3915071403433346, 3.3915071403473904, 3.3915071403487294, 3.3915071403439425, 3.3915071403449786, 3.391507140338321, 3.3915071403393307, 3.3915071403393187, 3.3915071403412886, 3.3915071403448875, 3.3915071403441264, 3.391507140345136, 3.3915071403454835, 3.3915071403453183, 3.391507140343516, 3.3915083931967214, 3.3915083931979635, 3.3915083931914722, 3.3915083931907635, 3.391508393192562, 3.391508393190803, 3.391508393196102, 3.3915083931940817, 3.391508393192417, 3.39150839319809, 3.391508393196828, 3.391508393203675, 3.3915083932024306, 3.39150839320201, 3.3915083932002728, 3.3915083931967205, 3.391508393198633, 3.391508393197896, 3.391508393197432, 3.3915083931963337, 3.3915083931977215, 3.391653136078073, 3.3916531360758926, 3.391653136078992, 3.391653136080355, 3.391653136080159, 3.391653136081513, 3.3916531360808446, 3.3916531360793707, 3.391653136080616, 3.391653136076885, 3.3916531360781703, 3.391653136074064, 3.391653136074712, 3.3916531360760374, 3.3916531360764903, 3.3916531360780735, 3.3916531360762003, 3.3916531360760955, 3.3916531360763726, 3.391653136078081, 3.3916531360779336, 3.391681159240557, 3.391681159242707, 3.3916811592444107, 3.391681159242698, 3.391681159241207, 3.391681159240924, 3.391681159236465, 3.391681159240926, 3.3916811592407377, 3.3916811592411937, 3.391681159239728, 3.391681159240411, 3.3916811592404734, 3.3916811592385523, 3.391681159239309, 3.3916811592405582, 3.391681159241134, 3.3916811592426783, 3.3916811592429066, 3.391681159241173, 3.391681159239716, 3.391573965854001, 3.3915739658526274, 3.3915739658474195, 3.391573965848756, 3.3915739658511295, 3.3915739658505375, 3.391573965858411, 3.391573965852566, 3.3915739658517388, 3.3915739658540334, 3.3915739658554696, 3.3915739658576465, 3.391573965857065, 3.391573965858525, 3.391573965856851, 3.3915739658540023, 3.3915739658551924, 3.391573965852341, 3.3915739658516255, 3.391573965852676, 3.3915739658561628, 3.3915383522754197, 3.391538352275766, 3.3915383522813074, 3.391538352280975, 3.391538352278826, 3.391538352279863, 3.3915383522716165, 3.3915383522770592, 3.3915383522783134, 3.3915383522747744, 3.391538352273654, 3.39153835227049, 3.39153835227109, 3.3915383522709224, 3.391538352272474, 3.391538352275422, 3.3915383522727485, 3.3915383522763127, 3.391538352277547, 3.39153835227717, 3.391538352272384, 3.3916366253442347, 3.3916366253447903, 3.391636625341892, 3.391636625341144, 3.3916366253421466, 3.3916366253410155, 3.391636625346799, 3.3916366253432093, 3.391636625341949, 3.3916366253450008, 3.391636625346237, 3.3916366253479664, 3.391636625347512, 3.391636625346889, 3.391636625346092, 3.391636625344231, 3.3916366253473873, 3.3916366253438865, 3.39163662534268, 3.3916366253424677, 3.391636625347057, 3.3917203294008895]
Total optimisation time observed during ADAM optimization: 48.600947 seconds
Median time per evaluation during ADAM optimization: 0.091161 seconds
3.3917203294008895
QAOA optimisation for n=1 took 51.08 seconds; started at 1777581111.1988401 and finished at 1777581162.275557
Finished QAOA for n=6 nodes, m=9 edges at 2026-04-30 22:32:42 on Apple M4. Time taken: 51.08 seconds. Hours: 0.01 hours. Peak RAM: 220.3 MB.
Unknown graph type for approximation ratio calculation; skipping approx ratio computation.
CSV writing for n=1 took 0.00 seconds; started at 1777581162.275564 and finished at 1777581162.27617
results: {1: 3.3917203294008895}
durations: {6: 51.0767240524292}
Results saved to: logs/adam/qaoa_results_adam_20260430_200911.csv
Global end time: 1777581162.276177
Finalisation time: 0.00 seconds; started at 1777581162.276173 and finished at 1777581162.276185
Sum of all section times: 51.16 seconds
