2026-05-01 06:48:14.304 system_profiler[67786:2656760] hw.cpufamily: 0x6f5129ac
Starting QAOA benchmark with global start time: 1777610894.227288
Benchmark parameters: {'optimiser': 'adam', 'circuit_type': 'hamqaoa', 'parameter_vector': [1, 1, 1], 'iterations_list': [50, 100, 200, 500], 'learning_rate_adam': 0.05, 'depth_list': [1, 2, 5, 10], 'n_start': 0, 'n_end': 30, 'singlet_injection': False, 'start_index_singlet': 0, 'warm_start': True, 'compare_with_010101': False, 'warm_start_correlations': False, 'init_QAOAparams_close_to_zero': False, 'use_correlations_as_initial_params': False, 'time_limit': 10800, 'failed_instance_termination_thrsh': 10, 'graph_generation_type': 'HOG', 'weighted': False, 'easiest_first': True, 'cpu_util_threshold': 90, 'debug': False, 'save_circuit_svg': False, 'rerun_exclude_finished_instances': False, 'optimiser_debug_iterations': 1, 'relative_graph_adjList_path': '/Users/julian_dev/Projects/MasterThesis/QAOA/HOG_graphs/list_27_graphs_adjacency_list.txt'}, Running QAOA with equal superposition
Benchmark run ID: 221a2db9
Processor: Apple M4
Hostname: Mac-mini-som-tillhor-Julian.local
Total RAM (GB): 16.0
Physical cores: 10
Logical cores: 10
Python version: 3.13.1
Initialisation time: 0.09 seconds; started at {'initialisation': 0.09480094909667969} and finished at 1777610894.322098
Loaded HOG graph index 15 with 15 edges.
Instance generation for n=15 took 0.00 seconds; started at 1777610894.322103 and finished at 1777610894.3224058
Running QAOA for n=10 nodes, m=15 edges...; Max iterations: 500
Warm-start: using parameter_vector=[1, 1, 1]
Warm-start: starting SDP solve for n_vertices=10
Starting SDP solve (solver preference: MOSEK, fallback: SCS) for n_vertices=10, matrix_dim=30, edges=15
Finished SDP solve with MOSEK. status=optimal. elapsed_seconds=0.06
Rounding...
n_vertices: 10 for n = 30
Using seed None to generate random matrix for x.
r_0: [-0.41912861  0.20745675 -0.88390775]
Product state qubit 0: [[ 0.05804613+0.j         -0.20956431-0.10372837j]
 [-0.20956431+0.10372837j  0.94195387+0.j        ]]
Diagonal entries of product state 0: [0.05804613 0.94195387]
r_1: [ 0.12349095 -0.06849453  0.98997903]
Product state qubit 1: [[0.99498952+0.j         0.06174548+0.03424726j]
 [0.06174548-0.03424726j 0.00501048+0.j        ]]
Diagonal entries of product state 1: [0.99498952 0.00501048]
r_2: [ 0.12349075 -0.06849344  0.98997913]
Product state qubit 2: [[0.99498957+0.j         0.06174538+0.03424672j]
 [0.06174538-0.03424672j 0.00501043+0.j        ]]
Diagonal entries of product state 2: [0.99498957 0.00501043]
r_3: [ 0.78565344 -0.37711303  0.4904431 ]
Product state qubit 3: [[0.74522155+0.j         0.39282672+0.18855652j]
 [0.39282672-0.18855652j 0.25477845+0.j        ]]
Diagonal entries of product state 3: [0.74522155 0.25477845]
r_4: [ 0.41909549 -0.20749661  0.8839141 ]
Product state qubit 4: [[0.94195705+0.j         0.20954774+0.10374831j]
 [0.20954774-0.10374831j 0.05804295+0.j        ]]
Diagonal entries of product state 4: [0.94195705 0.05804295]
r_5: [-0.78564009  0.3771612  -0.49042745]
Product state qubit 5: [[ 0.25478628+0.j        -0.39282005-0.1885806j]
 [-0.39282005+0.1885806j  0.74521372+0.j       ]]
Diagonal entries of product state 5: [0.25478628 0.74521372]
r_6: [-0.46352804  0.21082962  0.86063501]
Product state qubit 6: [[ 0.93031751+0.j         -0.23176402-0.10541481j]
 [-0.23176402+0.10541481j  0.06968249+0.j        ]]
Diagonal entries of product state 6: [0.93031751 0.06968249]
r_7: [-0.12345227  0.06851991 -0.9899821 ]
Product state qubit 7: [[ 0.00500895+0.j         -0.06172614-0.03425996j]
 [-0.06172614+0.03425996j  0.99499105+0.j        ]]
Diagonal entries of product state 7: [0.00500895 0.99499105]
r_8: [-0.12345208  0.06851697 -0.98998233]
Product state qubit 8: [[ 0.00500884+0.j         -0.06172604-0.03425849j]
 [-0.06172604+0.03425849j  0.99499116+0.j        ]]
Diagonal entries of product state 8: [0.00500884 0.99499116]
r_9: [ 0.46340169 -0.21088575 -0.8606893 ]
Product state qubit 9: [[0.06965535+0.j         0.23170084+0.10544287j]
 [0.23170084-0.10544287j 0.93034465+0.j        ]]
Diagonal entries of product state 9: [0.06965535 0.93034465]
y_scalar: False
[-1, 1, 1, 1, 1, -1, 1, -1, -1, -1]
Hamiltonian equals product state? [[False False False False]
 [False False False False]
 [False False False False]
 [False False False False]]
Hamiltonian: [[ 0. +0.j  0. +0.j  0. +0.j  0. +0.j]
 [ 0. +0.j  0.5+0.j -0.5+0.j  0. +0.j]
 [ 0. +0.j -0.5+0.j  0.5+0.j  0. +0.j]
 [ 0. +0.j  0. +0.j  0. +0.j  0. +0.j]], product state: [[ 5.77552872e-02+0.j          3.58408575e-03+0.00198792j
  -2.08514287e-01-0.10320864j -9.38723490e-03-0.01358176j]
 [ 3.58408575e-03-0.00198792j  2.90839187e-04+0.j
  -1.64920610e-02+0.00077225j -1.05001860e-03-0.00051973j]
 [-2.08514287e-01+0.10320864j -1.64920610e-02-0.00077225j
   9.37234229e-01+0.j          5.81613911e-02+0.03225934j]
 [-9.38723490e-03+0.01358176j -1.05001860e-03+0.00051973j
   5.81613911e-02-0.03225934j  4.71964480e-03+0.j        ]]
Hamiltonian equals product state? [[False False False False]
 [False False False False]
 [False False False False]
 [False False False False]]
Hamiltonian: [[ 0. +0.j  0. +0.j  0. +0.j  0. +0.j]
 [ 0. +0.j  0.5+0.j -0.5+0.j  0. +0.j]
 [ 0. +0.j -0.5+0.j  0.5+0.j  0. +0.j]
 [ 0. +0.j  0. +0.j  0. +0.j  0. +0.j]], product state: [[ 4.71821582e-03+0.j         -5.81433694e-02-0.03227141j
   1.04961418e-03+0.00051967j -9.38016023e-03-0.01358308j]
 [-5.81433694e-02+0.03227141j  9.37238832e-01+0.j
  -1.64889849e-02+0.00077511j  2.08498129e-01+0.10322864j]
 [ 1.04961418e-03-0.00051967j -1.64889849e-02-0.00077511j
   2.90734247e-04+0.j         -3.58276717e-03-0.00198855j]
 [-9.38016023e-03+0.01358308j  2.08498129e-01-0.10322864j
  -3.58276717e-03+0.00198855j  5.77522175e-02+0.j        ]]
Hamiltonian equals product state? [[False False False False]
 [False False False False]
 [False False False False]
 [False False False False]]
Hamiltonian: [[ 0. +0.j  0. +0.j  0. +0.j  0. +0.j]
 [ 0. +0.j  0.5+0.j -0.5+0.j  0. +0.j]
 [ 0. +0.j -0.5+0.j  0.5+0.j  0. +0.j]
 [ 0. +0.j  0. +0.j  0. +0.j  0. +0.j]], product state: [[6.93063415e-02+0.j         2.30539911e-01+0.10491455j
  4.30090271e-03+0.00238551j 1.06953492e-02+0.01444574j]
 [2.30539911e-01-0.10491455j 9.25683175e-01+0.j
  1.79176091e-02+0.0014245j  5.74445742e-02+0.03186176j]
 [4.30090271e-03-0.00238551j 1.79176091e-02-0.0014245j
  3.49007008e-04+0.j         1.16093337e-03+0.00052832j]
 [1.06953492e-02-0.01444574j 5.74445742e-02-0.03186176j
  1.16093337e-03-0.00052832j 4.66147698e-03+0.j        ]]
Hamiltonian equals product state? [[False False False False]
 [False False False False]
 [False False False False]
 [False False False False]]
Hamiltonian: [[ 0. +0.j  0. +0.j  0. +0.j  0. +0.j]
 [ 0. +0.j  0.5+0.j -0.5+0.j  0. +0.j]
 [ 0. +0.j -0.5+0.j  0.5+0.j  0. +0.j]
 [ 0. +0.j  0. +0.j  0. +0.j  0. +0.j]], product state: [[ 0.18987222+0.00000000e+00j -0.29273796-1.40534326e-01j
   0.10008686+4.80416127e-02j -0.11875211-1.48148277e-01j]
 [-0.29273796+1.40534326e-01j  0.55534933+0.00000000e+00j
  -0.18986831+1.07179058e-05j  0.29273986+1.40514904e-01j]
 [ 0.10008686-4.80416127e-02j -0.18986831-1.07179058e-05j
   0.06491405+0.00000000e+00j -0.10008208-4.80462720e-02j]
 [-0.11875211+1.48148277e-01j  0.29273986-1.40514904e-01j
  -0.10008208+4.80462720e-02j  0.1898644 +0.00000000e+00j]]
Hamiltonian equals product state? [[False False False False]
 [False False False False]
 [False False False False]
 [False False False False]]
Hamiltonian: [[ 0. +0.j  0. +0.j  0. +0.j  0. +0.j]
 [ 0. +0.j  0.5+0.j -0.5+0.j  0. +0.j]
 [ 0. +0.j -0.5+0.j  0.5+0.j  0. +0.j]
 [ 0. +0.j  0. +0.j  0. +0.j  0. +0.j]], product state: [[6.93063450e-02+0.j         2.30539923e-01+0.10491456j
  4.30089564e-03+0.00238547j 1.06953829e-02+0.0144456j ]
 [2.30539923e-01-0.10491456j 9.25683221e-01+0.j
  1.79175283e-02+0.00142438j 5.74444798e-02+0.03186125j]
 [4.30089564e-03-0.00238547j 1.79175283e-02-0.00142438j
  3.49003510e-04+0.j         1.16092174e-03+0.00052831j]
 [1.06953829e-02-0.0144456j  5.74444798e-02-0.03186125j
  1.16092174e-03-0.00052831j 4.66143025e-03+0.j        ]]
Hamiltonian equals product state? [[False False False False]
 [False False False False]
 [False False False False]
 [False False False False]]
Hamiltonian: [[ 0. +0.j  0. +0.j  0. +0.j  0. +0.j]
 [ 0. +0.j  0.5+0.j -0.5+0.j  0. +0.j]
 [ 0. +0.j -0.5+0.j  0.5+0.j  0. +0.j]
 [ 0. +0.j  0. +0.j  0. +0.j  0. +0.j]], product state: [[ 0.04325722+0.j          0.02280207+0.01094498j -0.15617184-0.07730062j
  -0.0627638 -0.08026199j]
 [ 0.02280207-0.01094498j  0.0147889 +0.j         -0.10188112-0.00123256j
  -0.05339247-0.02642775j]
 [-0.15617184+0.07730062j -0.10188112+0.00123256j  0.70196433+0.j
   0.37002465+0.17761154j]
 [-0.0627638 +0.08026199j -0.05339247+0.02642775j  0.37002465-0.17761154j
   0.23998955+0.j        ]]
Hamiltonian equals product state? [[False False False False]
 [False False False False]
 [False False False False]
 [False False False False]]
Hamiltonian: [[ 0. +0.j  0. +0.j  0. +0.j  0. +0.j]
 [ 0. +0.j  0.5+0.j -0.5+0.j  0. +0.j]
 [ 0. +0.j -0.5+0.j  0.5+0.j  0. +0.j]
 [ 0. +0.j  0. +0.j  0. +0.j  0. +0.j]], product state: [[ 4.65980814e-03+0.j         -5.74248161e-02-0.03187127j
  -1.16086806e-03-0.00052801j  1.06945237e-02+0.01444672j]
 [-5.74248161e-02+0.03187127j  9.25657698e-01+0.j
   1.79172271e-02-0.00143305j -2.30603154e-01-0.1048868j ]
 [-1.16086806e-03+0.00052801j  1.79172271e-02+0.00143305j
   3.49028207e-04+0.j         -4.30122442e-03-0.00238722j]
 [ 1.06945237e-02-0.01444672j -2.30603154e-01+0.1048868j
  -4.30122442e-03+0.00238722j  6.93334654e-02+0.j        ]]
Hamiltonian equals product state? [[False False False False]
 [False False False False]
 [False False False False]
 [False False False False]]
Hamiltonian: [[ 0. +0.j  0. +0.j  0. +0.j  0. +0.j]
 [ 0. +0.j  0.5+0.j -0.5+0.j  0. +0.j]
 [ 0. +0.j -0.5+0.j  0.5+0.j  0. +0.j]
 [ 0. +0.j  0. +0.j  0. +0.j  0. +0.j]], product state: [[ 4.98373990e-03+0.00000000e+00j -6.14167662e-02-3.40868357e-02j
   3.09272481e-04+1.71536224e-04j -2.63805673e-03-4.22921757e-03j]
 [-6.14167662e-02+3.40868357e-02j  9.90005826e-01+0.00000000e+00j
  -4.98453836e-03+1.38853157e-06j  6.14361029e-02+3.40751853e-02j]
 [ 3.09272481e-04-1.71536224e-04j -4.98453836e-03-1.38853157e-06j
   2.50964428e-05+0.00000000e+00j -3.09274237e-04-1.71649873e-04j]
 [-2.63805673e-03+4.22921757e-03j  6.14361029e-02-3.40751853e-02j
  -3.09274237e-04+1.71649873e-04j  4.98533732e-03+0.00000000e+00j]]
Hamiltonian equals product state? [[False False False False]
 [False False False False]
 [False False False False]
 [False False False False]]
Hamiltonian: [[ 0. +0.j  0. +0.j  0. +0.j  0. +0.j]
 [ 0. +0.j  0.5+0.j -0.5+0.j  0. +0.j]
 [ 0. +0.j -0.5+0.j  0.5+0.j  0. +0.j]
 [ 0. +0.j  0. +0.j  0. +0.j  0. +0.j]], product state: [[ 0.23999773+0.j         -0.37001961-0.17763482j  0.05338989+0.02643364j
  -0.06274964-0.08027105j]
 [-0.37001961+0.17763482j  0.70195932+0.j         -0.10187947-0.00123778j
   0.15615785+0.07731466j]
 [ 0.05338989-0.02643364j -0.10187947+0.00123778j  0.01478855+0.j
  -0.02280043-0.01094577j]
 [-0.06274964+0.08027105j  0.15615785-0.07731466j -0.02280043+0.01094577j
   0.0432544 +0.j        ]]
Hamiltonian equals product state? [[False False False False]
 [False False False False]
 [False False False False]
 [False False False False]]
Hamiltonian: [[ 0. +0.j  0. +0.j  0. +0.j  0. +0.j]
 [ 0. +0.j  0.5+0.j -0.5+0.j  0. +0.j]
 [ 0. +0.j -0.5+0.j  0.5+0.j  0. +0.j]
 [ 0. +0.j  0. +0.j  0. +0.j  0. +0.j]], product state: [[ 0.01774723+0.j          0.0590342 +0.0268654j  -0.02736202-0.01313565j
  -0.07113226-0.08511436j]
 [ 0.0590342 -0.0268654j   0.23703905+0.j         -0.11090122-0.00227421j
  -0.36545803-0.17544495j]
 [-0.02736202+0.01313565j -0.11090122+0.00227421j  0.05190812+0.j
   0.17266665+0.07857748j]
 [-0.07113226+0.08511436j -0.36545803+0.17544495j  0.17266665-0.07857748j
   0.6933056 +0.j        ]]
Hamiltonian equals product state? [[False False False False]
 [False False False False]
 [False False False False]
 [False False False False]]
Hamiltonian: [[ 0. +0.j  0. +0.j  0. +0.j  0. +0.j]
 [ 0. +0.j  0.5+0.j -0.5+0.j  0. +0.j]
 [ 0. +0.j -0.5+0.j  0.5+0.j  0. +0.j]
 [ 0. +0.j  0. +0.j  0. +0.j  0. +0.j]], product state: [[ 4.71810870e-03+0.j         -5.81432789e-02-0.03227002j
   1.04959035e-03+0.00051966j -9.38029262e-03-0.01358276j]
 [-5.81432789e-02+0.03227002j  9.37238940e-01+0.j
  -1.64888123e-02+0.00077482j  2.08498153e-01+0.10322865j]
 [ 1.04959035e-03-0.00051966j -1.64888123e-02-0.00077482j
   2.90727646e-04+0.j         -3.58276159e-03-0.00198846j]
 [-9.38029262e-03+0.01358276j  2.08498153e-01-0.10322865j
  -3.58276159e-03+0.00198846j  5.77522241e-02+0.j        ]]
Hamiltonian equals product state? [[False False False False]
 [False False False False]
 [False False False False]
 [False False False False]]
Hamiltonian: [[ 0. +0.j  0. +0.j  0. +0.j  0. +0.j]
 [ 0. +0.j  0.5+0.j -0.5+0.j  0. +0.j]
 [ 0. +0.j -0.5+0.j  0.5+0.j  0. +0.j]
 [ 0. +0.j  0. +0.j  0. +0.j  0. +0.j]], product state: [[ 5.77552901e-02+0.j          3.58407986e-03+0.00198789j
  -2.08514297e-01-0.10320865j -9.38726995e-03-0.01358164j]
 [ 3.58407986e-03-0.00198789j  2.90836272e-04+0.j
  -1.64919834e-02+0.00077214j -1.05000807e-03-0.00051972j]
 [-2.08514297e-01+0.10320865j -1.64919834e-02-0.00077214j
   9.37234276e-01+0.j          5.81612955e-02+0.03225883j]
 [-9.38726995e-03+0.01358164j -1.05000807e-03+0.00051972j
   5.81612955e-02-0.03225883j  4.71959749e-03+0.j        ]]
Hamiltonian equals product state? [[False False False False]
 [False False False False]
 [False False False False]
 [False False False False]]
Hamiltonian: [[ 0. +0.j  0. +0.j  0. +0.j  0. +0.j]
 [ 0. +0.j  0.5+0.j -0.5+0.j  0. +0.j]
 [ 0. +0.j -0.5+0.j  0.5+0.j  0. +0.j]
 [ 0. +0.j  0. +0.j  0. +0.j  0. +0.j]], product state: [[ 0.69329266+0.j         -0.17271554-0.07855739j  0.36545357+0.17541743j
  -0.07116645-0.08511037j]
 [-0.17271554+0.07855739j  0.0519289 +0.j         -0.11091975-0.00229086j
   0.02737315+0.01313909j]
 [ 0.36545357-0.17541743j -0.11091975+0.00229086j  0.23702485+0.j
  -0.05904848-0.02685742j]
 [-0.07116645+0.08511037j  0.02737315-0.01313909j -0.05904848+0.02685742j
   0.0177536 +0.j        ]]
Hamiltonian equals product state? [[False False False False]
 [False False False False]
 [False False False False]
 [False False False False]]
Hamiltonian: [[ 0. +0.j  0. +0.j  0. +0.j  0. +0.j]
 [ 0. +0.j  0.5+0.j -0.5+0.j  0. +0.j]
 [ 0. +0.j -0.5+0.j  0.5+0.j  0. +0.j]
 [ 0. +0.j  0. +0.j  0. +0.j  0. +0.j]], product state: [[ 4.65991394e-03+0.j         -5.74249054e-02-0.03187264j
  -1.16089441e-03-0.00052802j  1.06943910e-02+0.01444707j]
 [-5.74249054e-02+0.03187264j  9.25657592e-01+0.j
   1.79174043e-02-0.00143338j -2.30603127e-01-0.10488679j]
 [-1.16089441e-03+0.00052802j  1.79174043e-02+0.00143338j
   3.49036131e-04+0.j         -4.30123112e-03-0.00238732j]
 [ 1.06943910e-02-0.01444707j -2.30603127e-01+0.10488679j
  -4.30123112e-03+0.00238732j  6.93334575e-02+0.j        ]]
Hamiltonian equals product state? [[False False False False]
 [False False False False]
 [False False False False]
 [False False False False]]
Hamiltonian: [[ 0. +0.j  0. +0.j  0. +0.j  0. +0.j]
 [ 0. +0.j  0.5+0.j -0.5+0.j  0. +0.j]
 [ 0. +0.j -0.5+0.j  0.5+0.j  0. +0.j]
 [ 0. +0.j  0. +0.j  0. +0.j  0. +0.j]], product state: [[ 4.98385280e-03+0.00000000e+00j -6.14168587e-02-3.40882966e-02j
   3.09280011e-04+1.71542838e-04j -2.63799998e-03-4.22934862e-03j]
 [-6.14168587e-02+3.40882966e-02j  9.90005663e-01+0.00000000e+00j
  -4.98461949e-03+1.44597309e-06j  6.14361969e-02+3.40757216e-02j]
 [ 3.09280011e-04-1.71542838e-04j -4.98461949e-03-1.44597309e-06j
   2.50972641e-05+0.00000000e+00j -3.09277819e-04-1.71658959e-04j]
 [-2.63799998e-03+4.22934862e-03j  6.14361969e-02-3.40757216e-02j
  -3.09277819e-04+1.71658959e-04j  4.98538672e-03+0.00000000e+00j]]
Energy of rounded cut: 6.652668222691746
Check the cut: [-1, 1, 1, 1, 1, -1, 1, -1, -1, -1]
13 in cut out of a total of 15 edges
Warm-start: SDP solve + rounding finished in 0.08 seconds
Warm-start: statevector build finished in 0.00 seconds
warm_start_correlations: None
Edges: [(0, 1), (4, 7), (1, 9), (3, 5), (2, 9), (0, 3), (6, 8), (2, 8), (4, 5), (5, 9), (4, 8), (0, 2), (3, 6), (6, 7), (1, 7)], weights: [1.0, 1.0, 1.0, 1.0, 1.0, 1.0, 1.0, 1.0, 1.0, 1.0, 1.0, 1.0, 1.0, 1.0, 1.0], set of nodes: {0, 1, 2, 3, 4, 5, 6, 7, 8, 9}, n: 10 nodes, p: 5 layers, N_bayes: 500 iterations
Initial state injected as warm start
Initial state energy for vector-normalised SDP solution used as warm start: 3.9742537337425983
Running ADAM optimization with a single iteration (no debug loop)
ADAM optimizer configured with maxiter=500 and learning_rate=0.05
Generated 4 random initial parameter sets for ADAM optimization
Using random initial parameters with:
Param_type 1:  [ 2.28465609 -1.63536839 -0.13934414 -0.46420463 -1.7166093 ]
Param_type 2:  [-1.01398895  0.34845776  1.36536733  1.71598453  1.53180404]
Param_type 3:  [-1.36980976 -0.15058576  2.93165254 -2.50442412 -0.82732284]
Param_type 4:  [ 2.00964227 -0.74406545 -0.9284621  -0.13015711 -0.08950664]
Energies observed during ADAM optimization: [3.759722802332078, 3.7597228023747955, 3.759722802419446, 3.7597228023018827, 3.7597228022694313, 3.759722802344865, 3.759722802255824, 3.759722802434462, 3.75972280241323, 3.7597228022510887, 3.7597228023461153, 3.7597228024230342, 3.759722802313716, 3.7597228023471985, 3.7597228023335, 3.7597228023320755, 3.759722802330589, 3.7597228023613956, 3.759722802300759, 3.7597228023364306, 3.759722802333778, 3.981232415040736, 3.9812324149920495, 3.981232415102328, 3.9812324150632454, 3.981232415026867, 3.981232415052323, 3.9812324151377774, 3.981232415054585, 3.98123241495881, 3.981232415016999, 3.98123241505227, 3.981232415180443, 3.9812324150193064, 3.9812324150483804, 3.9812324150406413, 3.9812324150407354, 3.98123241508258, 3.9812324150101506, 3.981232415082834, 3.9812324149841922, 3.9812324150940945, 4.170684039545141, 4.170684039511365, 4.170684039590722, 4.170684039565342, 4.170684039540439, 4.170684039547208, 4.170684039603995, 4.170684039588295, 4.1706840395165345, 4.1706840395496085, 4.170684039545555, 4.170684039689065, 4.1706840395248195, 4.170684039544433, 4.1706840395451215, 4.170684039545139, 4.170684039556981, 4.170684039527014, 4.1706840395692675, 4.170684039515973, 4.17068403955554, 4.2715664300818705, 4.271566430076595, 4.27156643004309, 4.271566430091893, 4.271566430081761, 4.271566430079905, 4.271566430074591, 4.271566430149518, 4.271566430114345, 4.271566430099273, 4.271566430073536, 4.271566430179283, 4.271566430062107, 4.271566430079567, 4.27156643008235, 4.271566430081871, 4.271566430067537, 4.27156643008798, 4.271566430070248, 4.271566430091675, 4.271566430047016, 4.306669194591972, 4.306669194593486, 4.306669194463869, 4.306669194594781, 4.306669194588006, 4.306669194587554, 4.3066691945543365, 4.306669194664252, 4.306669194625345, 4.306669194617265, 4.306669194584192, 4.306669194664016, 4.306669194575741, 4.306669194590383, 4.3066691945933675, 4.306669194591974, 4.306669194581218, 4.306669194605731, 4.306669194568125, 4.306669194615549, 4.306669194545949, 4.390911976345677, 4.390911976337163, 4.390911976183951, 4.390911976331941, 4.390911976323169, 4.39091197632488, 4.390911976291576, 4.390911976428589, 4.390911976362353, 4.390911976378023, 4.3909119763415365, 4.3909119764283835, 4.390911976335537, 4.390911976344467, 4.390911976347351, 4.390911976345677, 4.390911976351053, 4.390911976369463, 4.390911976315662, 4.390911976376824, 4.390911976297953, 4.548974100099149, 4.548974100070184, 4.54897409994086, 4.548974100076715, 4.548974100063628, 4.548974100064604, 4.548974100035647, 4.548974100181433, 4.548974100091667, 4.548974100132513, 4.548974100098778, 4.548974100197648, 4.548974100101805, 4.548974100098605, 4.5489741000997705, 4.548974100099145, 4.548974100133788, 4.548974100140773, 4.5489741000603985, 4.54897410013854, 4.548974100054858, 4.720407810752832, 4.72040781072761, 4.720407810649892, 4.720407810796955, 4.720407810774117, 4.720407810772167, 4.7204078107181635, 4.720407810781334, 4.720407810721597, 4.720407810773626, 4.720407810751646, 4.720407810816188, 4.720407810771677, 4.720407810753458, 4.720407810752312, 4.720407810752832, 4.720407810800232, 4.720407810791357, 4.72040781072587, 4.720407810778905, 4.720407810734903, 4.753862631273444, 4.753862631316226, 4.753862631266539, 4.7538626313697145, 4.7538626313431696, 4.753862631337563, 4.753862631310477, 4.753862631211788, 4.753862631236341, 4.7538626312802394, 4.753862631267592, 4.75386263124492, 4.753862631291495, 4.753862631274372, 4.75386263127316, 4.753862631273442, 4.753862631272783, 4.753862631287913, 4.753862631270992, 4.753862631274648, 4.753862631287493, 4.6805424489692635, 4.68054244909144, 4.680542449049772, 4.680542448986967, 4.6805424489741165, 4.680542448969633, 4.680542449066695, 4.680542448854562, 4.680542448950043, 4.680542448968285, 4.680542448956455, 4.680542448865452, 4.6805424489708365, 4.6805424489700975, 4.680542448970059, 4.680542448969253, 4.680542448901472, 4.680542448952257, 4.6805424489928384, 4.6805424489461975, 4.680542449013301, 4.617451454168925, 4.6174514543075365, 4.617451454305442, 4.617451454113303, 4.617451454123305, 4.617451454123577, 4.6174514542714125, 4.6174514540434215, 4.617451454167711, 4.617451454166917, 4.617451454152414, 4.617451454035304, 4.617451454164863, 4.617451454169553, 4.6174514541709035, 4.617451454168914, 4.617451454081864, 4.617451454130136, 4.617451454207756, 4.617451454135111, 4.617451454222152, 4.6500297588170385, 4.650029758914218, 4.650029758948586, 4.650029758767733, 4.650029758794458, 4.650029758793513, 4.650029758876335, 4.650029758695319, 4.650029758835562, 4.6500297588061805, 4.650029758805607, 4.650029758681661, 4.650029758825359, 4.65002975881786, 4.650029758819179, 4.650029758817042, 4.650029758754972, 4.650029758775925, 4.650029758856382, 4.650029758790215, 4.650029758853284, 4.704604367153997, 4.704604367168506, 4.7046043672325935, 4.704604367150187, 4.704604367185816, 4.704604367177157, 4.704604367145956, 4.704604367044908, 4.704604367187257, 4.704604367128021, 4.704604367151791, 4.704604367042747, 4.70460436718501, 4.70460436715564, 4.704604367155027, 4.704604367154003, 4.704604367146314, 4.704604367126735, 4.7046043671851265, 4.704604367142917, 4.704604367166011, 4.7236025032319615, 4.7236025031646935, 4.723602503250548, 4.723602503251221, 4.7236025032937805, 4.723602503278702, 4.723602503167518, 4.723602503145045, 4.723602503263817, 4.723602503195797, 4.723602503233708, 4.723602503166581, 4.723602503280065, 4.723602503234664, 4.723602503231801, 4.723602503231958, 4.723602503279878, 4.723602503227766, 4.723602503249617, 4.723602503235872, 4.723602503228213, 4.73845302280547, 4.7384530226968495, 4.738453022786657, 4.738453022801496, 4.738453022852246, 4.738453022837358, 4.738453022714009, 4.738453022752148, 4.738453022826839, 4.7384530227718304, 4.73845302280495, 4.738453022785187, 4.738453022854751, 4.738453022809346, 4.738453022804773, 4.7384530228054755, 4.738453022884438, 4.738453022820726, 4.738453022808262, 4.738453022817965, 4.738453022792562, 4.764141356677471, 4.764141356578018, 4.764141356648098, 4.764141356626576, 4.764141356681319, 4.764141356671183, 4.764141356590421, 4.764141356664548, 4.764141356683011, 4.764141356659965, 4.764141356673654, 4.764141356690381, 4.76414135671523, 4.764141356681504, 4.764141356676768, 4.7641413566774755, 4.7641413567592155, 4.764141356703805, 4.764141356667101, 4.764141356694358, 4.764141356654363, 4.7896665902539155, 4.789666590196771, 4.789666590231153, 4.789666590169827, 4.789666590218981, 4.789666590213523, 4.789666590194835, 4.789666590279444, 4.789666590240601, 4.7896665902541615, 4.789666590248324, 4.789666590286754, 4.789666590276312, 4.789666590256506, 4.789666590253481, 4.789666590253923, 4.7896665903207385, 4.789666590280017, 4.789666590238401, 4.789666590270594, 4.789666590223554, 4.817029338993857, 4.817029338981344, 4.817029338980556, 4.817029338911247, 4.8170293389493075, 4.817029338946682, 4.817029338968429, 4.8170293390514445, 4.81702933896755, 4.8170293390003955, 4.817029338987622, 4.817029339036604, 4.817029339003722, 4.8170293389947565, 4.817029338993769, 4.8170293389938585, 4.817029339041521, 4.8170293390103085, 4.817029338982571, 4.817029339004915, 4.817029338964921, 4.841333616421407, 4.841333616437106, 4.8413336164176854, 4.841333616377383, 4.84133361640619, 4.841333616405781, 4.841333616426837, 4.841333616497406, 4.8413336163883995, 4.841333616424044, 4.841333616415359, 4.841333616465967, 4.841333616423465, 4.841333616421256, 4.841333616421618, 4.841333616421403, 4.841333616451815, 4.841333616422511, 4.8413336164217915, 4.841333616420955, 4.841333616404389, 4.844894155019978, 4.844894155047472, 4.844894155030805, 4.84489415503054, 4.844894155055254, 4.844894155057559, 4.844894155050584, 4.84489415509564, 4.844894154984422, 4.844894155017377, 4.84489415501445, 4.844894155059946, 4.844894155017725, 4.844894155019397, 4.844894155020375, 4.8448941550199764, 4.844894155032505, 4.844894155005933, 4.844894155034867, 4.844894155005272, 4.844894155019619, 4.841188960676515, 4.841188960712292, 4.8411889607012535, 4.84118896071369, 4.841188960739105, 4.841188960744884, 4.84118896072116, 4.841188960740561, 4.841188960648372, 4.841188960671923, 4.841188960669426, 4.841188960711381, 4.841188960670628, 4.8411889606754395, 4.84118896067724, 4.8411889606765115, 4.841188960668227, 4.841188960656386, 4.841188960700826, 4.841188960652828, 4.841188960681328, 4.8571609666910875, 4.857160966734381, 4.857160966720323, 4.857160966714223, 4.857160966741638, 4.857160966751603, 4.857160966739228, 4.857160966739361, 4.857160966682447, 4.857160966686495, 4.857160966679195, 4.857160966726909, 4.857160966680825, 4.857160966688738, 4.8571609666926525, 4.857160966691091, 4.8571609666625974, 4.857160966674559, 4.8571609667189, 4.857160966665507, 4.857160966682735, 4.886433465033958, 4.886433465074031, 4.886433465057535, 4.886433465020387, 4.886433465045678, 4.886433465060232, 4.886433465080966, 4.886433465060902, 4.886433465047999, 4.88643346503058, 4.886433465015777, 4.886433465079691, 4.886433465020052, 4.886433465028914, 4.88643346503731, 4.88643346503396, 4.886433464993903, 4.8864334650265056, 4.886433465061347, 4.886433465011944, 4.886433464999868, 4.920399471023408, 4.92039947103969, 4.9203994710328836, 4.920399470983143, 4.920399470997152, 4.920399471016114, 4.920399471069383, 4.920399471023036, 4.920399471050152, 4.920399471019989, 4.920399470999455, 4.920399471084109, 4.9203994710096675, 4.920399471014861, 4.920399471028925, 4.920399471023413, 4.920399470989099, 4.920399471021603, 4.920399471051414, 4.920399471004255, 4.920399470966612, 4.967987474456812, 4.967987474427132, 4.967987474446895, 4.9679874744260974, 4.967987474420329, 4.967987474443374, 4.967987474499854, 4.967987474428711, 4.967987474480107, 4.967987474447873, 4.967987474428633, 4.967987474529676, 4.967987474447927, 4.967987474446551, 4.967987474462576, 4.967987474456809, 4.967987474447789, 4.967987474449838, 4.967987474490439, 4.967987474433476, 4.967987474394575, 5.032245220231166, 5.032245220145221, 5.032245220204514, 5.032245220239227, 5.032245220213809, 5.032245220240774, 5.032245220265665, 5.0322452201849845, 5.032245220239251, 5.0322452202121735, 5.032245220200251, 5.0322452203088215, 5.0322452202284715, 5.032245220223995, 5.03224522023221, 5.032245220231167, 5.032245220259464, 5.032245220211298, 5.032245220271355, 5.032245220199958, 5.0322452201763115, 5.1164627080887675, 5.1164627079607685, 5.116462708055764, 5.116462708135305, 5.116462708100301, 5.116462708130515, 5.116462708114484, 5.1164627080467096, 5.116462708083188, 5.116462708062836, 5.116462708055293, 5.116462708167206, 5.116462708088861, 5.116462708090338, 5.116462708077981, 5.116462708088758, 5.11646270815182, 5.116462708057722, 5.116462708128044, 5.116462708056115, 5.1164627080340965, 5.242823284521051, 5.24282328439884, 5.242823284488205, 5.242823284568129, 5.242823284532217, 5.2428232845653735, 5.242823284559962, 5.24282328451615, 5.242823284520016, 5.242823284500199, 5.242823284485817, 5.242823284609558, 5.2428232845259535, 5.2428232845253255, 5.242823284501448, 5.242823284521058, 5.242823284606989, 5.242823284489216, 5.24282328454659, 5.242823284501721, 5.242823284442186, 5.3900276730483965, 5.390027673015771, 5.390027673021349, 5.390027673024553, 5.390027672994981, 5.390027673036108, 5.3900276731153465, 5.3900276730977525, 5.390027673075816, 5.390027673041991, 5.39002767302602, 5.3900276731555286, 5.390027673082469, 5.3900276730297945, 5.390027673042436, 5.390027673048398, 5.390027673138331, 5.3900276730399845, 5.390027673038913, 5.390027673063051, 5.390027672939258, 5.509407775913257, 5.509407775982389, 5.509407775904621, 5.509407775828713, 5.509407775811805, 5.5094077758672775, 5.5094077759909315, 5.509407775989955, 5.509407775972411, 5.509407775900716, 5.509407775918695, 5.509407776023542, 5.509407775976407, 5.509407775871791, 5.509407775922242, 5.509407775913259, 5.509407775979617, 5.509407775937716, 5.509407775867333, 5.509407775948568, 5.509407775832661, 5.613972248484457, 5.613972248533735, 5.61397224850055, 5.613972248496563, 5.6139722484949415, 5.6139722485375465, 5.613972248547714, 5.61397224856064, 5.613972248558414, 5.613972248440725, 5.613972248488895, 5.613972248542119, 5.613972248513095, 5.613972248481155, 5.613972248456017, 5.613972248484464, 5.613972248498577, 5.613972248504518, 5.613972248447302, 5.613972248482684, 5.613972248510817, 5.64781099629267, 5.647810996315886, 5.647810996323047, 5.647810996383552, 5.647810996394426, 5.647810996395191, 5.647810996330835, 5.647810996357121, 5.647810996361634, 5.6478109962459, 5.647810996281191, 5.647810996282381, 5.647810996284411, 5.647810996328407, 5.6478109962315255, 5.64781099629267, 5.6478109962600325, 5.647810996310336, 5.647810996268329, 5.647810996260676, 5.647810996414537, 5.67342794479343, 5.67342794491548, 5.673427944807019, 5.673427944774807, 5.673427944786309, 5.673427944777267, 5.673427944809255, 5.673427944822388, 5.673427944815357, 5.673427944777004, 5.673427944794443, 5.673427944745694, 5.673427944806742, 5.673427944802269, 5.67342794476309, 5.6734279447934295, 5.673427944756973, 5.673427944836575, 5.673427944750622, 5.673427944783395, 5.673427944919801, 5.652056189833963, 5.652056190000308, 5.652056189828615, 5.652056189743303, 5.652056189750195, 5.6520561897243695, 5.652056189813341, 5.652056189828873, 5.652056189791917, 5.652056189848149, 5.652056189838549, 5.652056189741568, 5.6520561898489685, 5.652056189833878, 5.652056189824232, 5.652056189833953, 5.652056189806041, 5.652056189872919, 5.652056189796916, 5.6520561898370465, 5.652056189940585, 5.6417916335891976, 5.641791633676321, 5.64179163358717, 5.641791633560825, 5.641791633568953, 5.641791633491927, 5.641791633531216, 5.6417916335764495, 5.641791633512245, 5.6417916336391025, 5.641791633577126, 5.641791633443443, 5.64179163356469, 5.641791633625944, 5.64179163355273, 5.641791633589197, 5.641791633544654, 5.641791633597027, 5.641791633584813, 5.641791633584186, 5.641791633690268, 5.65548941242347, 5.655489412448643, 5.655489412419758, 5.655489412458274, 5.655489412467428, 5.655489412368901, 5.655489412348114, 5.655489412412946, 5.655489412337909, 5.655489412492566, 5.6554894124087856, 5.655489412254614, 5.655489412378816, 5.655489412478789, 5.655489412373664, 5.655489412423469, 5.655489412359615, 5.655489412415346, 5.655489412436044, 5.6554894124213035, 5.655489412516014, 5.714236696353176, 5.714236696393935, 5.714236696331558, 5.714236696384048, 5.71423669639216, 5.714236696326469, 5.714236696283821, 5.714236696341101, 5.714236696278337, 5.71423669642223, 5.714236696358195, 5.714236696188717, 5.714236696322726, 5.7142366963908735, 5.714236696326652, 5.71423669635318, 5.7142366962863465, 5.714236696350341, 5.71423669635969, 5.714236696370764, 5.7142366964160685, 5.784750786175368, 5.784750786256838, 5.784750786134081, 5.784750786163394, 5.784750786169256, 5.784750786161309, 5.784750786138023, 5.784750786158266, 5.78475078613218, 5.784750786237419, 5.78475078620238, 5.784750786033688, 5.784750786171585, 5.78475078617923, 5.784750786186352, 5.784750786175377, 5.784750786117804, 5.784750786184018, 5.784750786168057, 5.784750786211366, 5.784750786200085, 5.8416721201864545, 5.841672120242834, 5.841672120138839, 5.8416721201750486, 5.841672120181556, 5.841672120207206, 5.84167212019686, 5.841672120169025, 5.841672120182929, 5.841672120235768, 5.84167212021003, 5.841672120074528, 5.841672120186309, 5.8416721201771855, 5.841672120210662, 5.841672120186444, 5.8416721201369395, 5.841672120191982, 5.841672120179401, 5.84167212021335, 5.841672120182421, 5.870684542174082, 5.870684542149636, 5.870684542134376, 5.870684542204231, 5.8706845422131195, 5.870684542243283, 5.870684542230825, 5.870684542158518, 5.870684542196689, 5.870684542197438, 5.870684542176254, 5.870684542097552, 5.870684542153053, 5.870684542175655, 5.870684542186558, 5.870684542174087, 5.870684542133306, 5.870684542158554, 5.8706845421835, 5.8706845421685605, 5.870684542147096, 5.876944772037088, 5.8769447719867856, 5.876944772015946, 5.876944772047366, 5.876944772056291, 5.876944772094857, 5.876944772118773, 5.8769447720202335, 5.87694477207045, 5.876944772034645, 5.876944772031716, 5.876944772009665, 5.876944772009613, 5.8769447720354515, 5.876944772047287, 5.876944772037098, 5.876944772007993, 5.876944772003647, 5.876944772057904, 5.876944772011534, 5.876944771980634, 5.873952545397686, 5.873952545382682, 5.873952545395119, 5.873952545337879, 5.8739525453456585, 5.8739525453981996, 5.873952545471754, 5.873952545387751, 5.873952545433798, 5.873952545377065, 5.873952545401535, 5.873952545418719, 5.873952545382962, 5.873952545377621, 5.873952545417251, 5.873952545397686, 5.873952545378077, 5.873952545360257, 5.873952545416028, 5.873952545374492, 5.873952545312483, 5.8774621050374956, 5.877462105018975, 5.877462105047169, 5.877462104966877, 5.877462104972032, 5.877462105023384, 5.877462105082406, 5.877462105048171, 5.877462105066377, 5.877462104993838, 5.877462105046946, 5.877462105082863, 5.877462105020618, 5.877462105019399, 5.877462105051403, 5.877462105037498, 5.877462105023574, 5.877462104998374, 5.877462105053089, 5.877462105017405, 5.877462104940694, 5.895522599072437, 5.895522599007914, 5.895522599092858, 5.895522599050049, 5.895522599050178, 5.895522599089684, 5.895522599074032, 5.895522599108633, 5.895522599087269, 5.89552259900971, 5.8955225990828515, 5.895522599117909, 5.895522599039317, 5.895522599073633, 5.895522599069064, 5.895522599072433, 5.895522599059528, 5.895522599035751, 5.895522599086112, 5.895522599056428, 5.895522598985696, 5.914769040844888, 5.914769040769911, 5.914769040873306, 5.914769040847597, 5.914769040840446, 5.914769040873786, 5.914769040789103, 5.914769040896096, 5.914769040848551, 5.914769040791977, 5.914769040863908, 5.914769040885933, 5.914769040812086, 5.914769040849141, 5.914769040841758, 5.914769040844889, 5.91476904083303, 5.914769040826361, 5.914769040846371, 5.914769040850106, 5.914769040788163, 5.926343225066391, 5.926343225023167, 5.926343225093222, 5.9263432250558346, 5.926343225039474, 5.926343225070532, 5.926343224962154, 5.926343225110159, 5.926343225061486, 5.926343225049536, 5.926343225097542, 5.926343225111745, 5.926343225051947, 5.926343225054604, 5.926343225084903, 5.926343225066394, 5.926343225063799, 5.926343225072416, 5.926343225052154, 5.926343225100046, 5.926343225052293, 5.933977309080874, 5.933977309042564, 5.933977309097301, 5.933977309080604, 5.933977309056501, 5.933977309072722, 5.933977308973146, 5.933977309101244, 5.933977309060219, 5.93397730909918, 5.933977309106045, 5.933977309131074, 5.933977309070999, 5.933977309066913, 5.933977309112453, 5.933977309080876, 5.933977309092837, 5.9339773090947885, 5.933977309068217, 5.933977309119064, 5.933977309110475, 5.942364777636888, 5.9423647775729265, 5.942364777639855, 5.942364777679105, 5.942364777650124, 5.942364777640436, 5.942364777575392, 5.9423647776298, 5.942364777599004, 5.9423647776762465, 5.942364777635835, 5.942364777684808, 5.942364777610493, 5.942364777641774, 5.942364777663272, 5.942364777636887, 5.942364777664116, 5.942364777640148, 5.9423647776425135, 5.942364777651836, 5.942364777699975, 5.95123187153413, 5.951231871481325, 5.951231871524168, 5.951231871585847, 5.95123187155183, 5.951231871527124, 5.951231871532642, 5.951231871498652, 5.951231871496568, 5.951231871583149, 5.95123187151503, 5.951231871578271, 5.951231871499239, 5.951231871547347, 5.951231871561883, 5.951231871534128, 5.951231871579149, 5.95123187152947, 5.951231871550329, 5.951231871529499, 5.951231871610807, 5.970254254059497, 5.970254254060864, 5.970254254044736, 5.970254254073728, 5.970254254036007, 5.970254254018313, 5.970254254096252, 5.97025425400235, 5.9702542540407855, 5.970254254103304, 5.970254254047927, 5.9702542540986965, 5.970254254035828, 5.970254254058821, 5.970254254101292, 5.9702542540594905, 5.970254254113812, 5.970254254062361, 5.97025425406513, 5.970254254059218, 5.970254254125791, 5.996848305323102, 5.9968483053489265, 5.996848305318866, 5.996848305323192, 5.996848305291256, 5.996848305290787, 5.996848305373972, 5.996848305261625, 5.996848305319246, 5.996848305339576, 5.996848305324398, 5.996848305345692, 5.996848305306179, 5.996848305314898, 5.996848305364078, 5.996848305323102, 5.996848305366665, 5.996848305336556, 5.996848305313006, 5.9968483053321116, 5.996848305365633, 6.020371223041422, 6.02037122304063, 6.020371223056412, 6.020371223070776, 6.020371223057139, 6.020371223072326, 6.020371223084476, 6.020371222992139, 6.020371223040551, 6.020371223016791, 6.020371223045949, 6.020371223036773, 6.020371223018617, 6.02037122304377, 6.020371223060525, 6.0203712230414315, 6.020371223063144, 6.0203712230573565, 6.0203712230253315, 6.020371223049614, 6.020371223058374, 6.032933139127162, 6.032933139126082, 6.032933139155149, 6.032933139151063, 6.032933139160195, 6.032933139192734, 6.032933139145133, 6.032933139098115, 6.03293313913153, 6.032933139072918, 6.0329331391369285, 6.032933139106784, 6.032933139110894, 6.032933139129227, 6.032933139134597, 6.032933139127154, 6.032933139135068, 6.03293313914496, 6.03293313910645, 6.032933139137658, 6.03293313911507, 6.044275543025039, 6.0442755430666715, 6.044275543052082, 6.044275542994887, 6.0442755430228985, 6.044275543069889, 6.0442755430208255, 6.044275543017197, 6.044275543035894, 6.044275542966491, 6.04427554304112, 6.04427554301306, 6.044275543029092, 6.044275543010879, 6.044275543037894, 6.044275543025037, 6.044275543034075, 6.0442755430439545, 6.0442755430008, 6.044275543040724, 6.044275542983137, 6.056867738158663, 6.056867738202485, 6.056867738171164, 6.05686773811163, 6.0568677381550335, 6.05686773819605, 6.056867738144837, 6.0568677381699905, 6.056867738167511, 6.056867738109283, 6.056867738164856, 6.0568677381637785, 6.056867738167522, 6.056867738146001, 6.05686773816376, 6.056867738158661, 6.056867738172354, 6.056867738163859, 6.0568677381477505, 6.056867738161889, 6.056867738106865, 6.065086258684755, 6.065086258689309, 6.065086258675551, 6.065086258663334, 6.065086258715462, 6.065086258728549, 6.065086258670212, 6.065086258711886, 6.065086258687595, 6.065086258657838, 6.065086258672478, 6.065086258709129, 6.0650862586829986, 6.065086258690045, 6.06508625866949, 6.0650862586847625, 6.065086258696136, 6.0650862586683925, 6.065086258695885, 6.0650862586661045, 6.065086258648501, 6.064183488839228, 6.064183488841792, 6.06418348881247, 6.0641834888141775, 6.064183488862031, 6.06418348884405, 6.064183488832456, 6.0641834888793404, 6.06418348883934, 6.064183488854428, 6.064183488823881, 6.064183488892174, 6.064183488837512, 6.064183488845298, 6.06418348881926, 6.064183488839232, 6.064183488838979, 6.064183488815121, 6.064183488856642, 6.064183488818464, 6.064183488822686, 6.058202855058537, 6.058202855082415, 6.058202855028734, 6.058202855018142, 6.058202855053168, 6.0582028550117775, 6.058202855065818, 6.058202855107301, 6.058202855059922, 6.058202855114128, 6.058202855052052, 6.058202855131093, 6.0582028550638185, 6.0582028550545255, 6.058202855043373, 6.058202855058532, 6.0582028550409674, 6.058202855037997, 6.058202855069853, 6.05820285505034, 6.058202855060507, 6.060902587181069, 6.060902587190061, 6.0609025871635875, 6.060902587168381, 6.060902587193443, 6.060902587140239, 6.0609025871989, 6.06090258722784, 6.060902587186503, 6.060902587247026, 6.06090258717751, 6.060902587237617, 6.0609025871811975, 6.060902587182374, 6.060902587158316, 6.060902587181076, 6.060902587148578, 6.060902587161389, 6.060902587190604, 6.060902587177566, 6.060902587207858, 6.072284763632551, 6.072284763627579, 6.072284763633184, 6.072284763647119, 6.072284763665865, 6.072284763623683, 6.072284763653734, 6.0722847636649435, 6.072284763643346, 6.072284763677394, 6.07228476363105, 6.0722847636469375, 6.072284763628667, 6.07228476363846, 6.072284763604549, 6.072284763632559, 6.072284763595811, 6.072284763615056, 6.072284763639796, 6.072284763632225, 6.072284763675541, 6.0817701640805835, 6.081770164104212, 6.081770164093801, 6.081770164076345, 6.081770164087736, 6.081770164077264, 6.0817701641004565, 6.08177016408992, 6.081770164093222, 6.081770164087958, 6.081770164088381, 6.081770164048981, 6.08177016408865, 6.081770164071322, 6.081770164065974, 6.081770164080585, 6.081770164054562, 6.081770164071692, 6.081770164077825, 6.081770164091789, 6.081770164118241, 6.081342603658228, 6.081342603695754, 6.081342603672904, 6.081342603641087, 6.081342603648537, 6.081342603665561, 6.0813426036718585, 6.0813426036414855, 6.0813426036661395, 6.081342603627241, 6.081342603669353, 6.081342603586342, 6.0813426036738205, 6.0813426036388725, 6.081342603653606, 6.081342603658223, 6.0813426036532094, 6.081342603653029, 6.08134260365188, 6.081342603673348, 6.081342603683096, 6.081279095838541, 6.081279095846758, 6.081279095846359, 6.081279095840214, 6.081279095848695, 6.08127909587549, 6.081279095844161, 6.08127909580074, 6.081279095838767, 6.081279095786625, 6.081279095842975, 6.081279095746446, 6.08127909584581, 6.081279095827387, 6.081279095828285, 6.081279095838539, 6.081279095854059, 6.081279095828696, 6.081279095840185, 6.081279095844696, 6.081279095851915, 6.089761399121373, 6.08976139911413, 6.08976139912229, 6.089761399122176, 6.08976139912866, 6.0897613991546455, 6.089761399125092, 6.089761399073222, 6.089761399114816, 6.089761399080112, 6.0897613991247805, 6.089761399045193, 6.0897613991224455, 6.0897613991141055, 6.089761399108917, 6.089761399121367, 6.0897613991488555, 6.089761399111957, 6.089761399125929, 6.089761399126035, 6.089761399119299, 6.102410346849527, 6.102410346847786, 6.102410346848541, 6.102410346829424, 6.10241034683168, 6.102410346849286, 6.10241034685637, 6.102410346802413, 6.102410346838365, 6.102410346843461, 6.1024103468581785, 6.102410346816314, 6.102410346849338, 6.102410346839705, 6.102410346839581, 6.102410346849523, 6.102410346876519, 6.102410346846448, 6.102410346850503, 6.102410346861841, 6.102410346833812, 6.111151846820188, 6.11115184680068, 6.111151846821472, 6.111151846805028, 6.111151846807853, 6.111151846808511, 6.111151846828006, 6.111151846782166, 6.111151846805844, 6.111151846852128, 6.111151846828246, 6.1111518468297605, 6.1111518468110395, 6.111151846818089, 6.111151846803323, 6.111151846820185, 6.111151846836299, 6.111151846818137, 6.111151846824731, 6.111151846832189, 6.1111518468054555, 6.1182872247760445, 6.118287224734282, 6.11828722478048, 6.1182872247743525, 6.11828722478188, 6.118287224770004, 6.11828722477874, 6.118287224751627, 6.118287224758765, 6.118287224829565, 6.118287224780705, 6.118287224811056, 6.118287224758866, 6.11828722478254, 6.118287224751584, 6.1182872247760445, 6.11828722477923, 6.118287224771661, 6.1182872247877, 6.118287224783031, 6.118287224771934, 6.131306045651808, 6.131306045622181, 6.131306045657328, 6.131306045635048, 6.131306045647756, 6.131306045639501, 6.131306045643625, 6.131306045643727, 6.131306045631691, 6.131306045701917, 6.131306045658418, 6.1313060456920265, 6.131306045640818, 6.131306045652143, 6.131306045632917, 6.1313060456518, 6.131306045647531, 6.131306045649121, 6.131306045663177, 6.131306045661263, 6.1313060456552195, 6.147711252081395, 6.14771125206796, 6.147711252084723, 6.1477112520492145, 6.14771125206854, 6.147711252071051, 6.14771125205988, 6.147711252087913, 6.147711252060353, 6.147711252105609, 6.147711252089808, 6.147711252104467, 6.1477112520780635, 6.14771125207435, 6.147711252070715, 6.147711252081391, 6.1477112520765695, 6.147711252079704, 6.14771125209062, 6.147711252092846, 6.147711252091112, 6.162123675724858, 6.162123675704376, 6.162123675723881, 6.162123675702294, 6.162123675729312, 6.162123675738222, 6.162123675694705, 6.162123675740332, 6.162123675706629, 6.162123675714995, 6.162123675730308, 6.16212367571536, 6.162123675719001, 6.162123675721077, 6.162123675715355, 6.162123675724855, 6.162123675724033, 6.1621236757186, 6.162123675736099, 6.162123675730712, 6.162123675742057, 6.1739838833664535, 6.173983883350375, 6.17398388336231, 6.173983883345743, 6.173983883377166, 6.173983883387452, 6.173983883341245, 6.173983883385969, 6.1739838833532374, 6.173983883334934, 6.173983883371355, 6.173983883331143, 6.1739838833600915, 6.173983883363197, 6.173983883361108, 6.173983883366462, 6.17398388337008, 6.173983883357369, 6.173983883375615, 6.173983883370939, 6.17398388338426, 6.187087424196355, 6.187087424201085, 6.1870874241927565, 6.187087424162969, 6.187087424195981, 6.187087424202281, 6.187087424190585, 6.18708742421592, 6.187087424189577, 6.187087424167145, 6.187087424203809, 6.187087424153495, 6.1870874241946465, 6.187087424188747, 6.18708742419894, 6.1870874241963545, 6.187087424200673, 6.187087424187989, 6.1870874241987215, 6.187087424205732, 6.1870874242071885, 6.200829948186098, 6.2008299481898534, 6.200829948186318, 6.200829948159199, 6.2008299481943165, 6.200829948190065, 6.2008299482053255, 6.2008299482021165, 6.20082994818711, 6.200829948179002, 6.200829948191981, 6.20082994814645, 6.200829948182144, 6.200829948182843, 6.200829948189031, 6.200829948186093, 6.200829948186552, 6.200829948174077, 6.200829948188086, 6.2008299481943245, 6.200829948190744, 6.2132100934043795, 6.213210093397561, 6.213210093408754, 6.213210093390953, 6.213210093427864, 6.213210093413174, 6.213210093442419, 6.213210093416783, 6.213210093411214, 6.213210093423842, 6.213210093407538, 6.2132100933739025, 6.213210093396345, 6.213210093408248, 6.213210093404482, 6.213210093404379, 6.213210093398163, 6.213210093387731, 6.2132100934092085, 6.213210093409767, 6.213210093403291, 6.227182691132992, 6.2271826911345824, 6.22718269113805, 6.227182691112656, 6.227182691148511, 6.227182691131482, 6.2271826911725245, 6.227182691145917, 6.227182691140539, 6.227182691164432, 6.227182691138073, 6.227182691114282, 6.227182691129137, 6.227182691135568, 6.227182691135576, 6.227182691132991, 6.227182691118751, 6.227182691118805, 6.227182691134992, 6.227182691144189, 6.227182691123471, 6.243638913211283, 6.243638913214624, 6.2436389132117025, 6.243638913187402, 6.2436389132167935, 6.24363891320385, 6.243638913232006, 6.243638913228159, 6.243638913215981, 6.2436389132315595, 6.243638913218354, 6.243638913197539, 6.243638913209858, 6.243638913212817, 6.2436389132154195, 6.2436389132112815, 6.243638913190463, 6.243638913201285, 6.2436389132116705, 6.243638913227671, 6.243638913197258, 6.25853254214117, 6.258532542123802, 6.258532542134196, 6.258532542132879, 6.258532542149232, 6.258532542141858, 6.258532542133312, 6.25853254216207, 6.258532542143212, 6.258532542134908, 6.258532542146923, 6.258532542125166, 6.258532542134149, 6.258532542146854, 6.258532542142793, 6.2585325421411735, 6.258532542117196, 6.258532542132245, 6.258532542146471, 6.25853254215466, 6.258532542130321, 6.269644170668498, 6.2696441706397525, 6.269644170657986, 6.269644170667901, 6.2696441706699515, 6.269644170667154, 6.269644170639047, 6.269644170690491, 6.269644170669823, 6.269644170638475, 6.2696441706737875, 6.269644170655037, 6.269644170659219, 6.269644170674665, 6.2696441706707615, 6.269644170668498, 6.269644170643748, 6.2696441706622235, 6.269644170677307, 6.269644170679505, 6.269644170662538, 6.28093060640013, 6.2809306063776456, 6.28093060639444, 6.280930606393954, 6.28093060638791, 6.280930606386161, 6.280930606368826, 6.280930606417785, 6.280930606403011, 6.280930606365677, 6.280930606406191, 6.280930606398718, 6.280930606394092, 6.280930606402713, 6.280930606406889, 6.280930606400126, 6.280930606376626, 6.280930606396966, 6.280930606409298, 6.28093060641102, 6.280930606397335, 6.29279155793441, 6.292791557912925, 6.292791557938375, 6.292791557932341, 6.292791557925784, 6.292791557920281, 6.292791557923022, 6.292791557941753, 6.292791557940385, 6.292791557916942, 6.292791557938685, 6.292791557947897, 6.292791557927589, 6.292791557936483, 6.292791557944142, 6.292791557934408, 6.292791557915877, 6.292791557928676, 6.292791557946732, 6.292791557941053, 6.292791557934451, 6.301434348978349, 6.30143434895888, 6.301434348988228, 6.301434348983838, 6.301434348982581, 6.301434348971722, 6.301434348994101, 6.301434348972706, 6.301434348986193, 6.30143434898418, 6.301434348980661, 6.301434349003239, 6.301434348969401, 6.301434348980688, 6.301434348990873, 6.301434348978345, 6.301434348967745, 6.301434348968963, 6.301434348991285, 6.301434348981909, 6.301434348978262, 6.307374369461292, 6.307374369458491, 6.307374369467934, 6.307374369461204, 6.307374369467472, 6.307374369453946, 6.307374369490668, 6.307374369446991, 6.307374369467838, 6.307374369477349, 6.307374369465052, 6.3073743694885325, 6.307374369456474, 6.307374369460226, 6.307374369478733, 6.30737436946129, 6.307374369458657, 6.307374369454923, 6.307374369465554, 6.307374369469967, 6.307374369455644, 6.31273532290361, 6.312735322911725, 6.312735322900442, 6.31273532290098, 6.312735322909388, 6.312735322896432, 6.312735322928343, 6.312735322888786, 6.312735322906706, 6.3127353229110765, 6.312735322907916, 6.312735322919938, 6.312735322903177, 6.312735322900672, 6.312735322923574, 6.312735322903614, 6.31273532290832, 6.312735322902251, 6.312735322899206, 6.312735322915815, 6.312735322893287, 6.316820381772405, 6.316820381774153, 6.31682038176253, 6.316820381781144, 6.316820381782932, 6.31682038177243, 6.316820381783366, 6.316820381764312, 6.316820381771657, 6.316820381762827, 6.316820381773037, 6.316820381769636, 6.316820381771879, 6.316820381772614, 6.316820381790172, 6.316820381772406, 6.316820381782614, 6.316820381772066, 6.316820381768175, 6.316820381778262, 6.316820381764244, 6.31802298710191, 6.318022987101966, 6.3180229870959215, 6.318022987116008, 6.318022987108842, 6.3180229871015845, 6.318022987097441, 6.318022987104316, 6.318022987098104, 6.3180229870814, 6.3180229870983435, 6.318022987083407, 6.318022987103774, 6.3180229871050955, 6.318022987116925, 6.31802298710191, 6.318022987111745, 6.318022987102981, 6.318022987100906, 6.318022987099019, 6.318022987099036, 6.31730411086539, 6.317304110875159, 6.317304110870105, 6.317304110873401, 6.317304110860822, 6.317304110856661, 6.31730411085078, 6.317304110874888, 6.31730411086083, 6.317304110848599, 6.317304110859817, 6.317304110841548, 6.317304110873253, 6.3173041108694346, 6.317304110878723, 6.3173041108653845, 6.317304110868409, 6.317304110870974, 6.31730411086518, 6.317304110857466, 6.317304110866564, 6.316129581111573, 6.3161295811232385, 6.316129581122419, 6.316129581120878, 6.316129581104931, 6.316129581103921, 6.316129581098426, 6.316129581118035, 6.316129581109494, 6.316129581110485, 6.316129581104886, 6.316129581091616, 6.316129581120627, 6.316129581118417, 6.316129581121658, 6.316129581111577, 6.316129581106512, 6.316129581120635, 6.3161295811119595, 6.316129581099945, 6.316129581116405, 6.315028390204325, 6.3150283902107684, 6.315028390210841, 6.315028390220801, 6.3150283902031035, 6.315028390205762, 6.3150283901991875, 6.31502839019975, 6.315028390206333, 6.315028390219432, 6.315028390197836, 6.315028390193993, 6.315028390210324, 6.315028390214689, 6.315028390210405, 6.315028390204325, 6.315028390194837, 6.315028390216187, 6.315028390203197, 6.315028390192358, 6.315028390210169, 6.314612013820867, 6.314612013829484, 6.314612013817919, 6.314612013835172, 6.314612013818621, 6.314612013824645, 6.314612013820169, 6.314612013806456, 6.314612013826399, 6.314612013841886, 6.3146120138163155, 6.314612013822644, 6.314612013825973, 6.314612013831469, 6.314612013825155, 6.314612013820868, 6.314612013812874, 6.314612013837176, 6.314612013814103, 6.314612013814399, 6.314612013822242, 6.315810906787262, 6.315810906799656, 6.315810906779099, 6.31581090679599, 6.315810906780227, 6.315810906788541, 6.315810906786632, 6.315810906770104, 6.315810906794782, 6.315810906801205, 6.315810906783065, 6.315810906799737, 6.315810906791743, 6.315810906796576, 6.315810906791189, 6.31581090678726, 6.315810906787431, 6.315810906804546, 6.315810906777894, 6.3158109067845665, 6.315810906783847, 6.318308735030028, 6.318308735038995, 6.3183087350251235, 6.318308735039979, 6.318308735022016, 6.318308735031887, 6.318308735028462, 6.318308735016487, 6.318308735037231, 6.318308735029006, 6.318308735022738, 6.318308735049031, 6.318308735031412, 6.3183087350389675, 6.318308735033287, 6.318308735030028, 6.318308735041946, 6.318308735041567, 6.31830873502565, 6.318308735023963, 6.318308735026142, 6.3213111408085885, 6.321311140816128, 6.3213111408112095, 6.321311140819506, 6.3213111407999545, 6.321311140811018, 6.321311140804258, 6.32131114080166, 6.321311140813145, 6.321311140794093, 6.321311140798355, 6.321311140830376, 6.321311140809349, 6.321311140815802, 6.321311140811931, 6.321311140808588, 6.32131114082795, 6.321311140814247, 6.321311140809628, 6.321311140799016, 6.321311140804571, 6.3257544567916675, 6.325754456804404, 6.325754456798219, 6.325754456799219, 6.325754456781198, 6.325754456793474, 6.325754456783808, 6.325754456789375, 6.325754456792675, 6.3257544567738275, 6.325754456782039, 6.3257544568136845, 6.325754456796669, 6.325754456794737, 6.325754456796202, 6.32575445679167, 6.325754456808704, 6.325754456796718, 6.32575445679221, 6.325754456784649, 6.32575445678475, 6.331450958451232, 6.3314509584645595, 6.331450958454751, 6.331450958460929, 6.331450958444507, 6.331450958458484, 6.331450958444553, 6.33145095844769, 6.331450958449472, 6.331450958441567, 6.33145095844434, 6.331450958470425, 6.331450958459506, 6.331450958451463, 6.331450958455656, 6.331450958451229, 6.331450958458878, 6.331450958457498, 6.331450958449308, 6.331450958448266, 6.3314509584429075, 6.336791522147325, 6.336791522155444, 6.336791522144588, 6.336791522163308, 6.3367915221465845, 6.336791522161949, 6.336791522145932, 6.3367915221396895, 6.336791522144328, 6.336791522150544, 6.3367915221431135, 6.3367915221608735, 6.336791522155549, 6.33679152214748, 6.3367915221498805, 6.33679152214733, 6.336791522144822, 6.336791522153352, 6.3367915221451465, 6.336791522145677, 6.336791522141753, 6.341448502109961, 6.341448502118057, 6.341448502103632, 6.341448502123604, 6.341448502105865, 6.341448502121233, 6.341448502111297, 6.341448502102222, 6.341448502107279, 6.341448502121865, 6.341448502108105, 6.341448502116877, 6.341448502118334, 6.341448502110213, 6.3414485021114, 6.34144850210996, 6.3414485021016525, 6.341448502115269, 6.341448502108815, 6.341448502108672, 6.341448502108334, 6.345476342510103, 6.3454763425189205, 6.345476342504938, 6.345476342517183, 6.345476342497918, 6.345476342512321, 6.345476342510861, 6.345476342506989, 6.34547634250893, 6.345476342521691, 6.345476342509281, 6.345476342509368, 6.345476342517334, 6.345476342511073, 6.345476342510809, 6.345476342510105, 6.345476342503859, 6.345476342513116, 6.345476342511698, 6.3454763425078085, 6.345476342512232, 6.348356376170419, 6.348356376172113, 6.348356376169215, 6.348356376177119, 6.348356376157019, 6.3483563761706385, 6.348356376170543, 6.348356376172183, 6.3483563761709405, 6.348356376174818, 6.348356376169205, 6.348356376161273, 6.348356376172777, 6.348356376174206, 6.348356376169117, 6.348356376170423, 6.348356376172644, 6.34835637616932, 6.348356376175573, 6.348356376166083, 6.34835637617527, 6.35008608862596, 6.350086088622902, 6.350086088628719, 6.350086088630727, 6.350086088614365, 6.3500860886275925, 6.3500860886245905, 6.350086088630174, 6.350086088627529, 6.350086088623659, 6.350086088625999, 6.350086088611809, 6.350086088625156, 6.350086088630744, 6.350086088623544, 6.350086088625962, 6.350086088635606, 6.350086088624047, 6.350086088629724, 6.350086088624554, 6.350086088628595, 6.351117013178139, 6.351117013176699, 6.351117013182629, 6.351117013176489, 6.351117013168351, 6.351117013181153, 6.3511170131757355, 6.3511170131814, 6.3511170131797385, 6.3511170131749335, 6.351117013181057, 6.351117013164982, 6.351117013177904, 6.351117013180742, 6.3511170131764825, 6.35111701317814, 6.351117013188755, 6.351117013178879, 6.351117013176717, 6.3511170131834565, 6.351117013175226, 6.35163217275236, 6.35163217274805, 6.351632172755408, 6.351632172749455, 6.351632172749957, 6.351632172761233, 6.351632172752944, 6.351632172752098, 6.351632172753021, 6.351632172752672, 6.351632172755832, 6.351632172743844, 6.351632172751379, 6.351632172753631, 6.351632172750899, 6.351632172752362, 6.351632172758477, 6.3516321727531055, 6.351632172750475, 6.351632172759288, 6.351632172747663, 6.351548273286299, 6.351548273280423, 6.3515482732863955, 6.351548273281419, 6.3515482732884845, 6.351548273296718, 6.351548273290309, 6.351548273284337, 6.3515482732856645, 6.351548273290512, 6.351548273288297, 6.35154827328446, 6.351548273285155, 6.351548273285974, 6.351548273285584, 6.351548273286309, 6.351548273285158, 6.35154827328475, 6.351548273288637, 6.3515482732901525, 6.351548273283819, 6.350867892874992, 6.3508678928737785, 6.350867892872795, 6.350867892863638, 6.35086789287426, 6.3508678928788225, 6.350867892879124, 6.350867892875173, 6.350867892873532, 6.350867892879942, 6.3508678928760895, 6.350867892879619, 6.350867892875972, 6.35086789287167, 6.3508678928762015, 6.350867892874993, 6.350867892867876, 6.350867892871729, 6.3508678928813875, 6.350867892876107, 6.3508678928755895, 6.350212579049949, 6.3502125790476445, 6.350212579046955, 6.35021257903996, 6.350212579050482, 6.35021257905182, 6.350212579053373, 6.350212579053104, 6.350212579048575, 6.3502125790508375, 6.3502125790509965, 6.350212579056565, 6.350212579050332, 6.350212579046306, 6.35021257905095, 6.350212579049964, 6.350212579042268, 6.350212579044797, 6.350212579059009, 6.3502125790492325, 6.350212579054075, 6.349948481255985, 6.349948481250986, 6.349948481254393, 6.349948481251197, 6.349948481260068, 6.3499484812590286, 6.349948481258324, 6.349948481261293, 6.349948481255411, 6.349948481251091, 6.3499484812590286, 6.349948481260736, 6.3499484812546605, 6.349948481253462, 6.349948481255475, 6.349948481255987, 6.3499484812519675, 6.349948481251073, 6.349948481263131, 6.349948481257352, 6.349948481261011, 6.349782296768438, 6.349782296766787, 6.349782296769654, 6.349782296763584, 6.349782296771788, 6.349782296768585, 6.349782296769939, 6.349782296774791, 6.349782296768709, 6.349782296760701, 6.349782296774635, 6.3497822967704325, 6.349782296767441, 6.34978229676592, 6.349782296767341, 6.349782296768448, 6.349782296768594, 6.349782296766622, 6.34978229676969, 6.349782296775316, 6.349782296770484, 6.349809054860934, 6.3498090548585875, 6.349809054863257, 6.349809054857549, 6.3498090548661725, 6.349809054860177, 6.34980905486519, 6.349809054866123, 6.349809054861519, 6.349809054854507, 6.349809054867083, 6.34980905485912, 6.349809054858437, 6.349809054860043, 6.349809054858489, 6.349809054860931, 6.349809054863919, 6.349809054860002, 6.3498090548599855, 6.349809054868697, 6.349809054861012, 6.350127974254695, 6.350127974250532, 6.3501279742556225, 6.350127974251153, 6.350127974261069, 6.350127974252081, 6.350127974262583, 6.350127974257797, 6.350127974255052, 6.350127974252734, 6.350127974257834, 6.350127974249703, 6.350127974250835, 6.350127974255228, 6.350127974251386, 6.350127974254705, 6.350127974257543, 6.3501279742528505, 6.350127974255678, 6.350127974258698, 6.3501279742545815, 6.350438675373933, 6.350438675372378, 6.35043867537254, 6.350438675365262, 6.35043867537686, 6.350438675365932, 6.350438675381409, 6.350438675375498, 6.350438675373954, 6.350438675376654, 6.3504386753743844, 6.350438675367715, 6.350438675372033, 6.350438675373058, 6.350438675371634, 6.350438675373931, 6.350438675373681, 6.35043867537261, 6.35043867537642, 6.350438675374677, 6.350438675373589, 6.350762882759078, 6.350762882755028, 6.350762882756186, 6.3507628827514875, 6.3507628827632505, 6.350762882752116, 6.350762882762825, 6.350762882759285, 6.3507628827590645, 6.3507628827630755, 6.350762882757976, 6.350762882751748, 6.350762882758504, 6.350762882757252, 6.350762882756917, 6.350762882759075, 6.350762882755834, 6.350762882758514, 6.350762882762312, 6.35076288275744, 6.350762882759536, 6.351154834218065, 6.351154834210525, 6.351154834216484, 6.351154834215115, 6.351154834225228, 6.351154834215058, 6.351154834216237, 6.351154834217841, 6.351154834218357, 6.351154834219958, 6.351154834217449, 6.351154834210593, 6.351154834218654, 6.351154834215432, 6.351154834215634, 6.351154834218064, 6.3511548342135855, 6.351154834219236, 6.351154834219587, 6.351154834216986, 6.3511548342186765, 6.351537889649945, 6.351537889644217, 6.351537889651933, 6.351537889648418, 6.3515378896559636, 6.3515378896463535, 6.351537889643783, 6.351537889650714, 6.351537889650507, 6.351537889648965, 6.351537889650915, 6.351537889644782, 6.351537889652428, 6.351537889645959, 6.351537889648017, 6.351537889649936, 6.351537889646296, 6.351537889653335, 6.351537889648064, 6.351537889651554, 6.351537889649176, 6.352019012188318, 6.3520190121825415, 6.352019012192297, 6.352019012189765, 6.352019012194267, 6.352019012184102, 6.3520190121837175, 6.35201901218985, 6.352019012189019, 6.352019012185737, 6.352019012188842, 6.352019012186436, 6.352019012189729, 6.352019012185426, 6.352019012186015, 6.352019012188323, 6.352019012187637, 6.35201901219078, 6.3520190121863624, 6.352019012189295, 6.352019012187679, 6.352474482438651, 6.352474482434286, 6.352474482441077, 6.352474482440895, 6.352474482443249, 6.352474482432126, 6.352474482439302, 6.3524744824398915, 6.352474482438852, 6.3524744824370005, 6.352474482437642, 6.352474482440658, 6.352474482438256, 6.352474482437427, 6.35247448243614, 6.352474482438654, 6.352474482440891, 6.352474482438923, 6.352474482438171, 6.35247448243735, 6.35247448243877, 6.352778685715869, 6.352778685716267, 6.352778685714497, 6.352778685715423, 6.352778685717142, 6.352778685706188, 6.352778685720403, 6.3527786857159505, 6.352778685714989, 6.352778685716552, 6.352778685714435, 6.3527786857212645, 6.3527786857154895, 6.352778685714971, 6.3527786857139805, 6.352778685715866, 6.352778685719146, 6.352778685715632, 6.352778685714996, 6.352778685714144, 6.352778685715846, 6.353106064889526, 6.353106064889937, 6.353106064885149, 6.353106064890722, 6.353106064891904, 6.353106064883165, 6.353106064894943, 6.353106064888144, 6.35310606488754, 6.353106064891232, 6.35310606488849, 6.353106064895533, 6.353106064888855, 6.353106064889337, 6.35310606488747, 6.353106064889526, 6.353106064892424, 6.35310606488939, 6.353106064887671, 6.353106064887968, 6.353106064890065, 6.353462271148887, 6.353462271148743, 6.353462271145533, 6.353462271151932, 6.353462271152422, 6.35346227114717, 6.353462271151106, 6.353462271147621, 6.35346227114622, 6.353462271149647, 6.353462271148927, 6.353462271153768, 6.3534622711490085, 6.353462271148648, 6.353462271146803, 6.353462271148878, 6.353462271150515, 6.353462271149655, 6.353462271145605, 6.353462271148227, 6.353462271150137, 6.353711988240349, 6.3537119882418915, 6.353711988241279, 6.353711988241827, 6.35371198824177, 6.353711988239845, 6.353711988237584, 6.353711988241033, 6.353711988237762, 6.353711988239497, 6.35371198824109, 6.353711988243874, 6.353711988242354, 6.353711988239151, 6.3537119882389925, 6.35371198824036, 6.353711988240679, 6.3537119882419955, 6.353711988236429, 6.353711988240176, 6.353711988242212, 6.353847141583381, 6.353847141583335, 6.3538471415870506, 6.353847141584903, 6.3538471415843825, 6.353847141584924, 6.353847141578513, 6.353847141585403, 6.353847141581695, 6.353847141581872, 6.353847141582947, 6.3538471415850015, 6.353847141585066, 6.353847141582764, 6.353847141582015, 6.353847141583393, 6.353847141583621, 6.353847141583785, 6.353847141581582, 6.353847141580855, 6.353847141586925, 6.3539390154797815, 6.353939015480125, 6.353939015482285, 6.353939015479169, 6.35393901547919, 6.353939015481344, 6.35393901547531, 6.35393901548156, 6.353939015479495, 6.3539390154799165, 6.353939015478389, 6.353939015480231, 6.353939015481037, 6.353939015479625, 6.353939015478741, 6.35393901547979, 6.353939015480375, 6.353939015479393, 6.3539390154791535, 6.3539390154759845, 6.353939015483495, 6.353999621661621, 6.353999621663784, 6.3539996216606465, 6.353999621658488, 6.353999621659423, 6.353999621662886, 6.353999621659079, 6.353999621661691, 6.35399962166264, 6.353999621664491, 6.3539996216603924, 6.353999621661638, 6.353999621662556, 6.353999621661631, 6.353999621660968, 6.353999621661627, 6.353999621662676, 6.353999621661609, 6.353999621659965, 6.353999621658983, 6.353999621663646, 6.354020987207595, 6.354020987208374, 6.354020987204673, 6.354020987206473, 6.3540209872068125, 6.35402098721147, 6.354020987207938, 6.354020987205974, 6.3540209872092674, 6.354020987211629, 6.354020987206718, 6.354020987207151, 6.354020987206899, 6.354020987208605, 6.354020987206545, 6.354020987207597, 6.354020987209444, 6.354020987207458, 6.354020987205155, 6.354020987206152, 6.354020987208273, 6.354060708332561, 6.354060708334317, 6.35406070833158, 6.354060708332029, 6.354060708330502, 6.354060708336042, 6.354060708333816, 6.354060708331423, 6.354060708333948, 6.354060708335111, 6.354060708332394, 6.354060708332577, 6.354060708331608, 6.354060708333363, 6.354060708331755, 6.354060708332562, 6.354060708334523, 6.354060708332563, 6.354060708329591, 6.354060708332599, 6.354060708332135, 6.354089535016172, 6.354089535018514, 6.354089535018184, 6.354089535016522, 6.354089535012317, 6.354089535018403, 6.354089535016993, 6.354089535016925, 6.354089535016666, 6.354089535015555, 6.354089535016134, 6.354089535016828, 6.354089535015348, 6.35408953501637, 6.354089535015809, 6.354089535016174, 6.3540895350174305, 6.354089535015629, 6.354089535014288, 6.354089535016249, 6.354089535015954, 6.3540812205261545, 6.354081220526826, 6.354081220528353, 6.354081220528734, 6.354081220522583, 6.354081220528926, 6.354081220526575, 6.354081220527926, 6.354081220525932, 6.354081220523155, 6.354081220525674, 6.35408122052697, 6.354081220525049, 6.354081220526071, 6.35408122052599, 6.35408122052616, 6.354081220526011, 6.354081220524547, 6.354081220526279, 6.3540812205251225, 6.354081220526928, 6.354097642852012, 6.354097642853894, 6.354097642851692, 6.354097642853669, 6.354097642847791, 6.354097642853922, 6.354097642851948, 6.3540976428532705, 6.354097642851701, 6.354097642849345, 6.354097642851836, 6.354097642853163, 6.3540976428519516, 6.354097642850832, 6.354097642852695, 6.354097642852014, 6.354097642849809, 6.354097642850807, 6.354097642852144, 6.354097642851664, 6.354097642852227, 6.354144903054324, 6.3541449030556985, 6.354144903051741, 6.354144903056206, 6.354144903051783, 6.35414490305724, 6.354144903055265, 6.354144903053899, 6.354144903054504, 6.354144903053799, 6.354144903054208, 6.354144903055185, 6.3541449030543165, 6.3541449030530694, 6.3541449030553485, 6.354144903054319, 6.354144903051223, 6.354144903053334, 6.354144903054185, 6.354144903054582, 6.354144903053597, 6.354218734037287, 6.354218734037968, 6.354218734035556, 6.35421873403914, 6.354218734036245, 6.354218734040476, 6.354218734039368, 6.354218734035838, 6.35421873403817, 6.354218734038511, 6.3542187340369445, 6.3542187340374445, 6.354218734036787, 6.354218734036632, 6.354218734038387, 6.35421873403729, 6.3542187340350145, 6.354218734036154, 6.354218734037141, 6.35421873403778, 6.354218734035631, 6.354296831423855, 6.354296831425572, 6.354296831425, 6.354296831423706, 6.3542968314218555, 6.3542968314247, 6.354296831425419, 6.354296831423006, 6.354296831425292, 6.354296831425046, 6.354296831423449, 6.3542968314231585, 6.354296831423436, 6.35429683142355, 6.354296831425283, 6.354296831423856, 6.35429683142336, 6.3542968314228245, 6.354296831423584, 6.354296831424663, 6.35429683142147, 6.354348802550196, 6.354348802550085, 6.354348802552475, 6.354348802550542, 6.354348802548854, 6.354348802550727, 6.3543488025504615, 6.354348802550118, 6.354348802551813, 6.354348802549848, 6.354348802549542, 6.354348802547988, 6.354348802549007, 6.35434880255095, 6.354348802551325, 6.354348802550197, 6.354348802551332, 6.354348802548785, 6.354348802550673, 6.354348802550276, 6.354348802548516, 6.354389975168694, 6.354389975168226, 6.354389975169548, 6.35438997516857, 6.354389975167303, 6.354389975168595, 6.3543899751669795, 6.354389975168813, 6.354389975169929, 6.354389975167415, 6.354389975168556, 6.354389975165735, 6.354389975167755, 6.3543899751696875, 6.35438997516979, 6.35438997516868, 6.354389975169595, 6.354389975167912, 6.354389975168888, 6.3543899751690525, 6.354389975167696, 6.354416636560821, 6.354416636560504, 6.354416636559686, 6.354416636560398, 6.354416636559823, 6.354416636560531, 6.354416636558362, 6.354416636560239, 6.354416636561163, 6.354416636560238, 6.354416636561333, 6.354416636558263, 6.354416636560472, 6.354416636561748, 6.354416636561949, 6.35441663656081, 6.3544166365600345, 6.35441663656086, 6.354416636560564, 6.354416636561683, 6.354416636560468, 6.3544240476683305, 6.35442404766733, 6.354424047667193, 6.354424047668956, 6.35442404766904, 6.35442404766878, 6.354424047667044, 6.354424047666974, 6.3544240476676, 6.354424047669264, 6.354424047668854, 6.354424047667063, 6.354424047667881, 6.354424047669611, 6.354424047669282, 6.354424047668342, 6.354424047666067, 6.354424047668297, 6.354424047668639, 6.35442404766872, 6.3544240476688305, 6.354427395884858, 6.3544273958856845, 6.3544273958853985, 6.354427395884263, 6.354427395885165, 6.354427395883594, 6.354427395884309, 6.354427395883785, 6.354427395883422, 6.3544273958865, 6.354427395885326, 6.354427395885423, 6.354427395884968, 6.354427395885769, 6.354427395886201, 6.354427395884859, 6.354427395882348, 6.354427395884833, 6.354427395885412, 6.354427395885233, 6.354427395885267, 6.354442851944145, 6.354442851944652, 6.354442851945335, 6.354442851944198, 6.354442851945489, 6.354442851942839, 6.354442851943737, 6.35444285194374, 6.354442851942778, 6.3544428519447065, 6.354442851944239, 6.354442851945462, 6.35444285194387, 6.354442851945185, 6.354442851945506, 6.354442851944135, 6.354442851943187, 6.354442851943588, 6.354442851945226, 6.354442851944132, 6.354442851944364, 6.354466560382558, 6.354466560382994, 6.354466560382683, 6.354466560382746, 6.3544665603844, 6.354466560381238, 6.354466560381217, 6.354466560382603, 6.354466560381863, 6.3544665603814785, 6.354466560382707, 6.354466560383881, 6.354466560382198, 6.354466560383402, 6.354466560384006, 6.354466560382563, 6.354466560383415, 6.354466560382111, 6.354466560383215, 6.354466560382976, 6.354466560382124, 6.354502216831849, 6.354502216832587, 6.354502216830815, 6.354502216831607, 6.354502216833566, 6.354502216830314, 6.354502216829951, 6.354502216831669, 6.354502216831825, 6.354502216830283, 6.3545022168322545, 6.354502216833011, 6.354502216831698, 6.354502216832291, 6.354502216833337, 6.354502216831841, 6.354502216833364, 6.354502216831983, 6.354502216831792, 6.354502216832922, 6.354502216830836, 6.354564427368466, 6.354564427368012, 6.354564427367738, 6.354564427368981, 6.354564427370719, 6.354564427367643, 6.354564427367583, 6.354564427367469, 6.354564427368621, 6.354564427367907, 6.354564427368609, 6.3545644273692625, 6.354564427367901, 6.3545644273690804, 6.354564427369426, 6.354564427368468, 6.354564427369361, 6.354564427368627, 6.354564427368786, 6.354564427368929, 6.354564427367946, 6.354621355119889, 6.354621355120224, 6.354621355120606, 6.354621355119329, 6.354621355120737, 6.354621355118046, 6.354621355119793, 6.354621355118599, 6.354621355119792, 6.354621355120729, 6.35462135511992, 6.354621355120517, 6.3546213551197575, 6.354621355120106, 6.354621355120676, 6.3546213551198925, 6.354621355119282, 6.354621355120471, 6.354621355120397, 6.354621355120036, 6.354621355119717, 6.354663158126088, 6.3546631581256285, 6.354663158127145, 6.354663158126129, 6.354663158126773, 6.354663158124786, 6.354663158126275, 6.354663158124937, 6.3546631581257484, 6.354663158127135, 6.3546631581259, 6.354663158125755, 6.354663158125803, 6.354663158126376, 6.354663158126299, 6.354663158126088, 6.354663158124666, 6.354663158126714, 6.354663158127004, 6.354663158125655, 6.354663158126468, 6.3546987498538146, 6.354698749853326, 6.3546987498538225, 6.354698749854065, 6.354698749854157, 6.354698749852948, 6.354698749853171, 6.354698749853328, 6.354698749853556, 6.3546987498538865, 6.3546987498537835, 6.3546987498523695, 6.354698749853647, 6.354698749853903, 6.354698749853707, 6.354698749853823, 6.354698749852612, 6.354698749854701, 6.354698749854316, 6.354698749853695, 6.354698749853986, 6.354718513714129, 6.354718513714127, 6.354718513713332, 6.354718513714356, 6.354718513714164, 6.354718513713497, 6.354718513712963, 6.354718513714388, 6.354718513714178, 6.354718513713237, 6.354718513714258, 6.354718513712134, 6.354718513714076, 6.354718513714015, 6.354718513713829, 6.354718513714128, 6.354718513713862, 6.3547185137151, 6.354718513714075, 6.354718513714528, 6.354718513713709, 6.354729022099028, 6.354729022098985, 6.354729022098698, 6.354729022099792, 6.3547290220994865, 6.3547290220990575, 6.354729022098843, 6.354729022099536, 6.354729022099402, 6.354729022098223, 6.354729022098921, 6.35472902209742, 6.354729022098663, 6.354729022099062, 6.354729022098461, 6.354729022099024, 6.354729022099622, 6.354729022099421, 6.3547290220991925, 6.354729022099202, 6.354729022098454, 6.3547266719571525, 6.3547266719584545, 6.35472667195781, 6.354726671956998, 6.354726671956921, 6.35472667195662, 6.354726671958099, 6.354726671957555, 6.3547266719576765, 6.354726671957289, 6.354726671956983, 6.354726671956898, 6.354726671957121, 6.354726671956859, 6.354726671956733, 6.3547266719571605, 6.354726671957776, 6.354726671957273, 6.354726671957389, 6.354726671957328, 6.3547266719564375, 6.354714986751947, 6.354714986752735, 6.354714986752424, 6.354714986752172, 6.354714986752176, 6.354714986752342, 6.354714986753587, 6.354714986751757, 6.354714986752423, 6.354714986752575, 6.354714986751687, 6.354714986752589, 6.3547149867518, 6.354714986751637, 6.354714986751354, 6.354714986751942, 6.354714986752223, 6.354714986751698, 6.354714986752506, 6.354714986751714, 6.354714986751739, 6.354702694816121, 6.354702694816948, 6.354702694815617, 6.3547026948159475, 6.354702694815883, 6.3547026948168615, 6.354702694816899, 6.354702694815716, 6.354702694816381, 6.354702694816298, 6.354702694816184, 6.3547026948170995, 6.354702694816382, 6.354702694815432, 6.3547026948155745, 6.354702694816118, 6.3547026948160035, 6.354702694816161, 6.354702694816313, 6.354702694816143, 6.354702694816217, 6.354689843565101, 6.354689843565246, 6.354689843564277, 6.354689843565058, 6.354689843564745, 6.354689843566404, 6.3546898435648815, 6.3546898435648895, 6.3546898435650245, 6.3546898435643495, 6.3546898435653185, 6.354689843565799, 6.3546898435653985, 6.35468984356443, 6.35468984356443, 6.354689843565109, 6.354689843565062, 6.354689843565237, 6.354689843565188, 6.354689843565095, 6.354689843565591, 6.354683693875457, 6.354683693875308, 6.354683693875521, 6.354683693875307, 6.354683693874782, 6.354683693876739, 6.354683693875021, 6.354683693875698, 6.3546836938751, 6.3546836938745495, 6.354683693875608, 6.354683693875878, 6.354683693875595, 6.354683693875023, 6.354683693874648, 6.35468369387547, 6.354683693875794, 6.354683693875496, 6.354683693875627, 6.354683693875273, 6.354683693876123, 6.354684991260734, 6.354684991260994, 6.354684991261563, 6.354684991260097, 6.354684991259711, 6.354684991261416, 6.354684991260758, 6.35468499126119, 6.35468499126034, 6.3546849912606485, 6.354684991260785, 6.354684991261038, 6.354684991260836, 6.354684991260476, 6.354684991259915, 6.354684991260724, 6.354684991261356, 6.354684991260723, 6.354684991260787, 6.354684991260561, 6.354684991261175, 6.3546910425574605, 6.3546910425574215, 6.354691042557782, 6.354691042557243, 6.354691042557019, 6.354691042558408, 6.354691042558109, 6.354691042557781, 6.354691042557302, 6.354691042558474, 6.35469104255743, 6.35469104255754, 6.3546910425573255, 6.3546910425575485, 6.354691042556581, 6.354691042557462, 6.354691042558284, 6.354691042557319, 6.35469104255746, 6.354691042557251, 6.354691042557777, 6.354701955505577, 6.354701955506029, 6.354701955504929, 6.354701955504958, 6.354701955504996, 6.354701955506051, 6.354701955505896, 6.354701955505905, 6.354701955505716, 6.354701955506914, 6.3547019555057025, 6.354701955505511, 6.354701955505782, 6.354701955505457, 6.354701955504932, 6.354701955505575, 6.354701955506352, 6.354701955505647, 6.3547019555051865, 6.354701955505706, 6.354701955505634, 6.354718018400072, 6.354718018399676, 6.354718018399325, 6.354718018400258, 6.354718018400026, 6.354718018400838, 6.354718018399977, 6.354718018400523, 6.354718018400262, 6.35471801840075, 6.35471801840008, 6.354718018399786, 6.3547180184002015, 6.354718018399974, 6.3547180183994785, 6.354718018400062, 6.354718018400821, 6.35471801839991, 6.354718018399999, 6.354718018399873, 6.354718018400437, 6.354732008413812, 6.354732008413854, 6.354732008414071, 6.354732008413646, 6.354732008413227, 6.3547320084137695, 6.3547320084132854, 6.354732008414439, 6.35473200841377, 6.354732008413755, 6.354732008413861, 6.354732008413795, 6.354732008414362, 6.354732008413361, 6.354732008413549, 6.354732008413809, 6.354732008414247, 6.354732008413768, 6.35473200841373, 6.354732008413687, 6.3547320084141505, 6.354741368465801, 6.354741368465015, 6.354741368466539, 6.354741368466357, 6.354741368465877, 6.35474136846614, 6.354741368465749, 6.354741368466007, 6.354741368465466, 6.35474136846542, 6.354741368465685, 6.354741368465927, 6.35474136846608, 6.354741368465512, 6.354741368465501, 6.354741368465798, 6.354741368465968, 6.354741368465609, 6.35474136846594, 6.354741368465434, 6.354741368466213, 6.3547476732697845, 6.35474767326972, 6.354747673269965, 6.35474767326964, 6.354747673269517, 6.354747673269419, 6.354747673270079, 6.354747673269488, 6.354747673269426, 6.354747673269687, 6.35474767326982, 6.354747673270278, 6.354747673270295, 6.354747673269325, 6.354747673269733, 6.354747673269792, 6.354747673269641, 6.354747673269959, 6.354747673269428, 6.35474767326991, 6.35474767326967, 6.354749757142174, 6.354749757141264, 6.354749757141492, 6.3547497571427, 6.354749757142749, 6.354749757142275, 6.354749757143021, 6.354749757141595, 6.354749757142037, 6.3547497571422324, 6.354749757142026, 6.35474975714256, 6.354749757142164, 6.354749757142192, 6.354749757141982, 6.354749757142181, 6.354749757142145, 6.354749757142094, 6.354749757142021, 6.354749757142055, 6.354749757142052, 6.354750464479036, 6.354750464479227, 6.354750464478608, 6.3547504644785295, 6.354750464478754, 6.354750464477894, 6.354750464479476, 6.3547504644789905, 6.354750464479182, 6.3547504644790305, 6.354750464479012, 6.354750464479489, 6.354750464479328, 6.354750464478901, 6.3547504644791, 6.3547504644790385, 6.354750464479074, 6.354750464479184, 6.3547504644786565, 6.354750464479221, 6.354750464478617, 6.354749422786373, 6.354749422785278, 6.354749422786575, 6.354749422787118, 6.354749422787188, 6.354749422786178, 6.354749422786709, 6.354749422786753, 6.354749422786681, 6.354749422786013, 6.354749422786113, 6.354749422786302, 6.3547494227861305, 6.354749422786763, 6.3547494227862, 6.354749422786372, 6.354749422786559, 6.354749422786125, 6.354749422786553, 6.354749422786015, 6.3547494227864245, 6.354747468714025, 6.35474746871466, 6.354747468714568, 6.354747468713176, 6.354747468713651, 6.354747468712664, 6.3547474687135335, 6.354747468714733, 6.354747468714268, 6.3547474687138115, 6.35474746871419, 6.354747468713918, 6.354747468714585, 6.354747468713865, 6.354747468714321, 6.354747468714022, 6.354747468713721, 6.354747468714422, 6.35474746871354, 6.354747468714409, 6.354747468713711, 6.3547455367230405, 6.354745536721278, 6.354745536722972, 6.3547455367242875, 6.354745536724765, 6.354745536723973, 6.354745536723226, 6.3547455367231835, 6.354745536723114, 6.354745536722948, 6.354745536722833, 6.354745536722301, 6.354745536722625, 6.354745536723628, 6.354745536722934, 6.35474553672304, 6.354745536722699, 6.3547455367228425, 6.354745536723288, 6.3547455367225485, 6.354745536723486, 6.354742398695083, 6.3547423986969624, 6.354742398694908, 6.3547423986927924, 6.3547423986938965, 6.354742398693138, 6.354742398694636, 6.354742398695309, 6.354742398694966, 6.354742398695395, 6.354742398695457, 6.354742398695005, 6.354742398696044, 6.354742398694543, 6.354742398695888, 6.354742398695084, 6.354742398694284, 6.354742398695888, 6.35474239869425, 6.354742398695766, 6.354742398694702, 6.354735817797298, 6.354735817793881, 6.354735817796857, 6.35473581779981, 6.35473581780023, 6.354735817799614, 6.35473581779849, 6.354735817796881, 6.354735817797186, 6.354735817797116, 6.354735817796669, 6.354735817796489, 6.35473581779589, 6.354735817798503, 6.354735817796971, 6.354735817797299, 6.354735817797403, 6.35473581779639, 6.354735817798382, 6.354735817795914, 6.354735817798417, 6.354716575989179, 6.354716575994095, 6.35471657598989, 6.3547165759841535, 6.3547165759852975, 6.354716575984767, 6.354716575988111, 6.3547165759898085, 6.3547165759891415, 6.354716575989188, 6.354716575990156, 6.35471657599014, 6.354716575991104, 6.354716575987769, 6.354716575990726, 6.354716575989175, 6.354716575988673, 6.35471657599067, 6.35471657598745, 6.3547165759910476, 6.354716575988049, 6.354659796497403, 6.35465979648901, 6.354659796496977, 6.354659796504905, 6.354659796504232, 6.3546597965040155, 6.354659796499664, 6.354659796496673, 6.35465979649762, 6.354659796496458, 6.354659796496123, 6.354659796496232, 6.354659796493824, 6.354659796500167, 6.3546597964959295, 6.354659796497415, 6.354659796498483, 6.354659796494978, 6.354659796500011, 6.35465979649454, 6.354659796499662, 6.354496933035637, 6.354496933049029, 6.354496933036651, 6.354496933023083, 6.354496933024873, 6.354496933024668, 6.35449693303199, 6.35449693303734, 6.354496933035737, 6.354496933036251, 6.354496933038284, 6.35449693303843, 6.354496933041151, 6.354496933031476, 6.354496933038993, 6.354496933035635, 6.354496933034035, 6.35449693303963, 6.354496933031024, 6.354496933040917, 6.354496933032089, 6.35401812744043, 6.354018127417556, 6.3540181274382785, 6.354018127461381, 6.354018127458702, 6.354018127459029, 6.354018127446652, 6.354018127438066, 6.3540181274405265, 6.354018127439101, 6.354018127436304, 6.354018127436647, 6.354018127430925, 6.354018127447705, 6.3540181274356256, 6.3540181274404395, 6.354018127442632, 6.354018127433571, 6.354018127448183, 6.354018127431935, 6.354018127446448, 6.352620574031046, 6.352620574069681, 6.352620574034241, 6.35262057399515, 6.352620573999721, 6.352620573999596, 6.352620574020818, 6.352620574035499, 6.352620574030619, 6.352620574033634, 6.352620574038044, 6.35262057403782, 6.352620574047139, 6.3526205740189035, 6.3526205740399035, 6.3526205740310555, 6.352620574026195, 6.352620574042318, 6.35262057401827, 6.35262057404548, 6.352620574020876, 6.348724767034642, 6.348724766969719, 6.348724767029528, 6.348724767094303, 6.348724767086205, 6.34872476708737, 6.348724767052307, 6.34872476702742, 6.348724767034557, 6.348724767030459, 6.348724767022925, 6.348724767022477, 6.348724767007727, 6.348724767055159, 6.348724767020299, 6.348724767034641, 6.348724767041774, 6.348724767015179, 6.3487247670565035, 6.348724767010331, 6.34872476705204, 6.340191323767118, 6.340191323867478, 6.340191323776071, 6.340191323674704, 6.340191323686211, 6.340191323685901, 6.340191323739822, 6.340191323778365, 6.340191323766294, 6.340191323773163, 6.340191323786228, 6.34019132378377, 6.3401913238091625, 6.340191323735451, 6.340191323789557, 6.340191323767114, 6.340191323755239, 6.340191323796998, 6.3401913237327365, 6.340191323805733, 6.340191323740973, 6.331203354090145, 6.331203353962577, 6.331203354078693, 6.331203354205632, 6.331203354189816, 6.331203354191546, 6.331203354126033, 6.331203354075185, 6.331203354090043, 6.331203354081309, 6.331203354066515, 6.33120335406594, 6.331203354036867, 6.331203354130554, 6.331203354061893, 6.331203354090148, 6.331203354105439, 6.331203354050904, 6.331203354134374, 6.331203354040854, 6.33120335412574, 6.339437215698144, 6.339437215800406, 6.339437215707397, 6.3394372156054235, 6.339437215618713, 6.339437215618303, 6.339437215668458, 6.339437215710503, 6.33943721569953, 6.3394372157064485, 6.339437215718113, 6.3394372157177346, 6.339437215741534, 6.339437215665495, 6.33943721572079, 6.339437215698139, 6.339437215685771, 6.339437215729878, 6.3394372156610785, 6.3394372157401, 6.339437215668073, 6.354188554497083, 6.354188554478288, 6.3541885544937795, 6.354188554513478, 6.354188554512737, 6.3541885545125245, 6.35418855450182, 6.354188554495449, 6.35418855449911, 6.354188554496989, 6.354188554492087, 6.354188554495892, 6.35418855448912, 6.354188554502856, 6.3541885544931525, 6.354188554497085, 6.354188554500564, 6.354188554490832, 6.354188554504135, 6.354188554489517, 6.354188554499347, 6.34767345179705, 6.347673451727288, 6.3476734517915565, 6.34767345185945, 6.347673451850802, 6.347673451851488, 6.347673451817006, 6.347673451789185, 6.347673451796736, 6.347673451791681, 6.347673451782385, 6.347673451785337, 6.347673451767624, 6.347673451819041, 6.347673451781778, 6.347673451797066, 6.347673451805922, 6.347673451774822, 6.347673451823016, 6.347673451768151, 6.34767345181599, 6.3406392280349655, 6.34063922813322, 6.340639228046794, 6.340639227946155, 6.34063922795642, 6.340639227956617, 6.340639228006633, 6.340639228046456, 6.340639228032723, 6.3406392280405734, 6.340639228054318, 6.340639228052536, 6.340639228076819, 6.340639228003418, 6.340639228056715, 6.340639228034967, 6.340639228021191, 6.340639228065727, 6.340639228000299, 6.340639228073736, 6.340639228009135, 6.351735752272478, 6.351735752226777, 6.351735752265355, 6.351735752314554, 6.351735752307808, 6.351735752308972, 6.351735752285655, 6.35173575226519, 6.351735752271824, 6.351735752268744, 6.351735752264305, 6.3517357522632665, 6.35173575225329, 6.351735752286927, 6.351735752262204, 6.351735752272476, 6.351735752277847, 6.35173575225919, 6.351735752287822, 6.351735752254652, 6.351735752286201, 6.352250046724478, 6.352250046683386, 6.352250046718968, 6.352250046763238, 6.352250046757107, 6.352250046757609, 6.35225004673682, 6.352250046718319, 6.352250046724899, 6.352250046721972, 6.352250046717201, 6.352250046716214, 6.352250046706893, 6.352250046737893, 6.352250046715031, 6.3522500467244845, 6.352250046730144, 6.352250046712305, 6.35225004673823, 6.352250046708562, 6.352250046736782, 6.344663433359973, 6.344663433444233, 6.344663433371316, 6.344663433285809, 6.344663433294662, 6.344663433293669, 6.344663433336317, 6.344663433371083, 6.344663433360341, 6.344663433366535, 6.344663433376574, 6.344663433375051, 6.3446634333951595, 6.344663433333785, 6.344663433378181, 6.344663433359965, 6.344663433349881, 6.344663433385869, 6.344663433330217, 6.344663433393377, 6.344663433337537, 6.351863913975717, 6.351863913932444, 6.351863913971267, 6.351863914015552, 6.351863914010188, 6.351863914009675, 6.351863913988658, 6.351863913971582, 6.351863913976558, 6.351863913972837, 6.351863913966164, 6.351863913967474, 6.351863913956738, 6.3518639139901145, 6.351863913965934, 6.351863913975708, 6.351863913982936, 6.351863913961289, 6.3518639139923865, 6.351863913956994, 6.351863913987873, 6.353181650012205, 6.35318164998003, 6.353181650006977, 6.353181650041273, 6.353181650038168, 6.353181650038118, 6.353181650020955, 6.353181650008874, 6.3531816500125355, 6.353181650010105, 6.3531816500048715, 6.353181650006405, 6.353181649998425, 6.353181650022558, 6.353181650005037, 6.3531816500122105, 6.353181650016827, 6.353181650001964, 6.353181650024267, 6.353181649998533, 6.353181650020245, 6.347407255577165, 6.347407255648056, 6.347407255584764, 6.347407255513244, 6.347407255522378, 6.347407255522524, 6.3474072555557255, 6.347407255585656, 6.347407255576242, 6.347407255582455, 6.347407255590897, 6.347407255590836, 6.3474072556076075, 6.347407255554241, 6.347407255592779, 6.34740725557717, 6.347407255566599, 6.347407255600082, 6.347407255551382, 6.347407255605982, 6.34740725555648, 6.352851158466508, 6.352851158429992, 6.352851158462704, 6.352851158499151, 6.352851158495228, 6.352851158496011, 6.352851158476798, 6.352851158460694, 6.35285115846601, 6.35285115846361, 6.3528511584594, 6.352851158460371, 6.3528511584513225, 6.352851158477845, 6.352851158458378, 6.352851158466515, 6.352851158470327, 6.3528511584558895, 6.35285115847909, 6.352851158452116, 6.352851158476428, 6.3533465021950315, 6.35334650216378, 6.353346502192741, 6.3533465022231965, 6.353346502219199, 6.353346502219524, 6.353346502204196, 6.35334650219024, 6.353346502195155, 6.353346502192055, 6.353346502188972, 6.353346502189803, 6.353346502181704, 6.353346502204976, 6.353346502188017, 6.353346502195026, 6.353346502199126, 6.353346502185489, 6.353346502206279, 6.353346502182297, 6.353346502204304, 6.349319842404386, 6.349319842466023, 6.349319842411982, 6.3493198423493595, 6.349319842355931, 6.349319842355332, 6.349319842386724, 6.349319842412062, 6.34931984240474, 6.349319842408207, 6.349319842416651, 6.349319842416012, 6.349319842430134, 6.349319842384991, 6.349319842417881, 6.349319842404393, 6.349319842396902, 6.34931984242335, 6.349319842382805, 6.349319842428787, 6.349319842388243, 6.353680411628509, 6.353680411601979, 6.353680411623394, 6.3536804116528325, 6.3536804116493775, 6.353680411649001, 6.353680411636886, 6.3536804116251675, 6.353680411629233, 6.3536804116265735, 6.353680411623146, 6.353680411622888, 6.3536804116166286, 6.353680411637456, 6.353680411622499, 6.353680411628507, 6.353680411633162, 6.3536804116197265, 6.353680411638507, 6.353680411617307, 6.35368041163661, 6.353388388759654, 6.353388388729508, 6.353388388755483, 6.353388388787524, 6.353388388783932, 6.3533883887837765, 6.353388388769215, 6.353388388756136, 6.353388388759657, 6.3533883887582565, 6.353388388753659, 6.353388388753168, 6.353388388746412, 6.3533883887696945, 6.3533883887527685, 6.3533883887596625, 6.353388388763954, 6.353388388750029, 6.353388388770581, 6.353388388747459, 6.353388388768121, 6.3507684974492555, 6.3507684975019245, 6.350768497457297, 6.35076849740276, 6.35076849740899, 6.350768497408845, 6.350768497433984, 6.350768497456674, 6.350768497448404, 6.350768497453888, 6.3507684974597725, 6.350768497458728, 6.350768497471571, 6.3507684974325, 6.3507684974607335, 6.350768497449251, 6.3507684974415195, 6.350768497465963, 6.3507684974302, 6.35076849747099, 6.350768497434, 6.354210311435165, 6.354210311415335, 6.354210311432857, 6.354210311452868, 6.354210311450778, 6.354210311451103, 6.3542103114400295, 6.354210311433184, 6.354210311434832, 6.354210311433422, 6.354210311431232, 6.3542103114311255, 6.354210311426963, 6.354210311441229, 6.35421031143085, 6.354210311435159, 6.354210311437273, 6.354210311429186, 6.3542103114422295, 6.3542103114274475, 6.354210311440204, 6.35348004311642, 6.353480043086192, 6.3534800431117855, 6.3534800431426985, 6.353480043139391, 6.353480043139697, 6.353480043124302, 6.353480043112514, 6.353480043116607, 6.353480043113468, 6.353480043110385, 6.35348004311083, 6.353480043103828, 6.353480043125666, 6.35348004310999, 6.353480043116415, 6.353480043120229, 6.353480043106965, 6.353480043127506, 6.353480043104177, 6.35348004312486, 6.351861194149381, 6.351861194193824, 6.351861194154903, 6.351861194108699, 6.3518611941141865, 6.351861194113901, 6.351861194136462, 6.3518611941544245, 6.351861194149719, 6.351861194152628, 6.351861194158162, 6.3518611941586895, 6.351861194168272, 6.35186119413491, 6.351861194159432, 6.351861194149388, 6.35186119414341, 6.351861194163133, 6.351861194133773, 6.3518611941673, 6.351861194137012, 6.354482206625858, 6.354482206611784, 6.35448220662454, 6.354482206637921, 6.354482206636592, 6.354482206636414, 6.354482206630798, 6.354482206623054, 6.354482206626357, 6.354482206625206, 6.354482206623085, 6.3544822066239, 6.354482206619693, 6.354482206630319, 6.354482206622884, 6.354482206625864, 6.354482206628114, 6.354482206621255, 6.3544822066310145, 6.354482206620246, 6.354482206629713, 6.353656669511119, 6.353656669483284, 6.353656669508038, 6.3536566695359165, 6.35365666953272, 6.353656669532812, 6.35365666951968, 6.3536566695071315, 6.353656669511098, 6.35365666950902, 6.3536566695058445, 6.353656669505704, 6.353656669499154, 6.35365666952007, 6.35365666950498, 6.353656669511117, 6.353656669515188, 6.353656669502388, 6.353656669520857, 6.3536566695002685, 6.353656669518792, 6.352639083035831, 6.352639083074006, 6.352639083040503, 6.352639083001874, 6.352639083006191, 6.35263908300617, 6.352639083024157, 6.352639083041296, 6.352639083035333, 6.352639083038337, 6.352639083043706, 6.352639083042538, 6.352639083052098, 6.352639083023614, 6.352639083044234, 6.352639083035844, 6.352639083030662, 6.352639083047931, 6.352639083021796, 6.352639083051839, 6.352639083024865, 6.354597907334128, 6.354597907323416, 6.354597907332052, 6.354597907344001, 6.354597907342595, 6.3545979073426295, 6.354597907336681, 6.354597907333659, 6.35459790733382, 6.35459790733325, 6.3545979073320655, 6.354597907331388, 6.354597907329644, 6.354597907337611, 6.354597907331677, 6.354597907334126, 6.354597907335262, 6.354597907330667, 6.354597907338071, 6.354597907329881, 6.354597907337133, 6.353896396698906, 6.353896396674601, 6.353896396696028, 6.3538963967208595, 6.35389639671788, 6.353896396717765, 6.353896396706142, 6.35389639669634, 6.353896396698791, 6.353896396697606, 6.353896396694002, 6.353896396693991, 6.353896396688551, 6.353896396706843, 6.353896396693453, 6.3538963966989, 6.353896396701703, 6.353896396690934, 6.353896396708092, 6.3538963966887385, 6.353896396706134, 6.353180266831496, 6.353180266864703, 6.35318026683634, 6.353180266801702, 6.353180266805731, 6.353180266805348, 6.353180266822137, 6.353180266835764, 6.353180266831653, 6.353180266834627, 6.3531802668380335, 6.35318026683819, 6.353180266845569, 6.3531802668209405, 6.353180266838835, 6.353180266831506, 6.3531802668268345, 6.3531802668416635, 6.353180266819826, 6.353180266844831, 6.353180266822281, 6.354632267505341, 6.354632267495449, 6.354632267503599, 6.3546322675137, 6.3546322675129785, 6.354632267512925, 6.35463226750818, 6.354632267503463, 6.3546322675057825, 6.3546322675043845, 6.35463226750343, 6.354632267503646, 6.354632267501168, 6.354632267508376, 6.354632267503293, 6.354632267505341, 6.3546322675071245, 6.354632267502256, 6.354632267508668, 6.354632267501516, 6.354632267507922, 6.354155505333451, 6.354155505312536, 6.354155505330474, 6.354155505351625, 6.354155505349502, 6.354155505349713, 6.354155505339321, 6.3541555053301195, 6.354155505333564, 6.354155505331119, 6.354155505329438, 6.35415550532947, 6.354155505324658, 6.354155505339938, 6.354155505328998, 6.354155505333443, 6.354155505336766, 6.354155505327083, 6.354155505340517, 6.354155505325297, 6.3541555053390715, 6.353551715816119, 6.353551715844877, 6.353551715820567, 6.353551715790139, 6.3535517157936985, 6.353551715793634, 6.353551715807621, 6.353551715819638, 6.353551715815778, 6.353551715817976, 6.353551715821844, 6.353551715821945, 6.353551715828432, 6.3535517158067885, 6.3535517158225385, 6.353551715816114, 6.353551715812126, 6.353551715825313, 6.353551715805572, 6.3535517158279315, 6.35355171580778, 6.354617825586243, 6.354617825576067, 6.354617825585105, 6.354617825595369, 6.354617825594172, 6.35461782559418, 6.354617825589388, 6.354617825585042, 6.35461782558606, 6.354617825585764, 6.354617825584084, 6.354617825584496, 6.354617825581934, 6.354617825589514, 6.354617825583978, 6.354617825586246, 6.354617825587161, 6.354617825583026, 6.354617825590065, 6.35461782558189, 6.354617825589212, 6.354400795935559, 6.354400795919841, 6.354400795932911, 6.354400795949852, 6.354400795947864, 6.3544007959478135, 6.354400795940188, 6.354400795933941, 6.354400795935613, 6.354400795934766, 6.354400795932319, 6.354400795932455, 6.354400795928832, 6.354400795940688, 6.354400795932018, 6.354400795935567, 6.354400795937322, 6.354400795930519, 6.3544007959414515, 6.354400795928861, 6.35440079594031, 6.353826851041865, 6.353826851067539, 6.35382685104493, 6.3538268510193046, 6.353826851022118, 6.3538268510218305, 6.353826851034188, 6.353826851045816, 6.353826851042022, 6.353826851043934, 6.3538268510469464, 6.353826851046614, 6.353826851052697, 6.353826851033793, 6.353826851047449, 6.35382685104186, 6.35382685103845, 6.353826851049898, 6.353826851032642, 6.353826851052225, 6.353826851034726, 6.354564063947984, 6.354564063936187, 6.354564063946708, 6.354564063958866, 6.354564063957311, 6.354564063957289, 6.354564063951493, 6.354564063946654, 6.354564063948128, 6.354564063946922, 6.3545640639457215, 6.354564063945358, 6.354564063942862, 6.3545640639518775, 6.354564063945329, 6.354564063947981, 6.3545640639500505, 6.354564063944339, 6.354564063951992, 6.354564063943286, 6.354564063951326, 6.354604516133551, 6.35460451612289, 6.35460451613253, 6.354604516143129, 6.354604516141882, 6.354604516141946, 6.354604516136957, 6.354604516131837, 6.35460451613349, 6.35460451613263, 6.354604516131459, 6.35460451613133, 6.35460451612896, 6.354604516136974, 6.354604516131185, 6.354604516133551, 6.3546045161352644, 6.354604516130309, 6.354604516137096, 6.354604516129274, 6.354604516136533, 6.35406388921626, 6.354063889238247, 6.354063889219048, 6.354063889196375, 6.354063889199067, 6.354063889199012, 6.354063889210004, 6.354063889218639, 6.354063889216084, 6.35406388921794, 6.354063889220563, 6.3540638892207, 6.354063889225645, 6.354063889209129, 6.354063889221146, 6.3540638892162615, 6.354063889213121, 6.354063889223265, 6.354063889208239, 6.354063889225099, 6.354063889210077, 6.354484797310221, 6.3544847972961325, 6.354484797307917, 6.35448479732253, 6.3544847973209, 6.354484797321046, 6.354484797314288, 6.354484797308104, 6.354484797310247, 6.354484797309044, 6.354484797307304, 6.3544847973077605, 6.35448479730436, 6.3544847973145915, 6.35448479730717, 6.354484797310231, 6.354484797311877, 6.3544847973058065, 6.354484797315377, 6.354484797304244, 6.3544847973143925, 6.354736580487814, 6.35473658048301, 6.354736580487327, 6.354736580492103, 6.354736580491483, 6.354736580491542, 6.354736580488956, 6.354736580487387, 6.354736580487949, 6.354736580487347, 6.354736580486728, 6.354736580487198, 6.354736580485874, 6.354736580489257, 6.354736580486762, 6.354736580487816, 6.354736580488316, 6.354736580486274, 6.35473658048965, 6.354736580485694, 6.354736580489172, 6.354303775528486, 6.354303775546414, 6.354303775531327, 6.354303775512694, 6.354303775514749, 6.354303775514666, 6.354303775522997, 6.354303775531218, 6.354303775528573, 6.3543037755298934, 6.354303775532013, 6.354303775532121, 6.354303775536158, 6.354303775522763, 6.354303775532386, 6.354303775528485, 6.354303775526091, 6.354303775534136, 6.354303775521949, 6.354303775535861, 6.354303775523195, 6.354413606656861, 6.354413606641295, 6.354413606654565, 6.354413606671046, 6.354413606669175, 6.354413606669268, 6.354413606661534, 6.354413606654901, 6.35441360665687, 6.354413606655802, 6.35441360665382, 6.354413606653599, 6.354413606650194, 6.3544136066619155, 6.354413606653365, 6.354413606656868, 6.354413606659167, 6.354413606651985, 6.3544136066622565, 6.354413606650661, 6.35441360666115, 6.354766791326022, 6.354766791327654, 6.354766791325875, 6.354766791324711, 6.354766791324845, 6.354766791324844, 6.354766791325834, 6.354766791326187, 6.354766791325925, 6.354766791326339, 6.354766791326336, 6.354766791326092, 6.354766791326633, 6.354766791325592, 6.354766791326328, 6.354766791326016, 6.354766791325977, 6.354766791326498, 6.354766791325366, 6.3547667913266865, 6.35476679132555, 6.354544170437451, 6.354544170450028, 6.354544170439264, 6.354544170426242, 6.354544170427505, 6.354544170427484, 6.35454417043394, 6.354544170439076, 6.3545441704373, 6.354544170438406, 6.354544170439919, 6.354544170439799, 6.35454417044276, 6.354544170433496, 6.354544170440195, 6.35454417043745, 6.3545441704357675, 6.354544170441298, 6.354544170433078, 6.354544170442386, 6.354544170434164, 6.354404826010815, 6.354404825994832, 6.354404826008882, 6.354404826024948, 6.354404826022848, 6.354404826023049, 6.354404826015432, 6.354404826008623, 6.354404826010786, 6.3544048260093575, 6.354404826007699, 6.354404826007678, 6.354404826004102, 6.35440482601588, 6.354404826007301, 6.354404826010812, 6.354404826012921, 6.3544048260057515, 6.35440482601666, 6.354404826004213, 6.3544048260157, 6.354691010244578, 6.354691010251773, 6.3546910102455145, 6.354691010237992, 6.354691010238851, 6.35469101023895, 6.3546910102421865, 6.354691010245427, 6.354691010244708, 6.354691010245074, 6.354691010246109, 6.35469101024617, 6.3546910102477785, 6.354691010242168, 6.354691010246195, 6.354691010244572, 6.354691010243461, 6.354691010246955, 6.354691010241885, 6.354691010247655, 6.354691010242503, 6.354725717535526, 6.354725717540929, 6.3547257175361445, 6.354725717530563, 6.354725717531408, 6.3547257175314655, 6.354725717533803, 6.354725717536175, 6.354725717535631, 6.354725717536074, 6.354725717536629, 6.354725717536771, 6.354725717537911, 6.354725717533718, 6.3547257175367475, 6.354725717535528, 6.354725717534722, 6.354725717537325, 6.354725717533416, 6.354725717537951, 6.354725717533675, 6.354509213011445, 6.354509212998048, 6.354509213009734, 6.354509213023317, 6.35450921302192, 6.354509213022005, 6.354509213015497, 6.354509213009759, 6.354509213011399, 6.354509213010507, 6.354509213008688, 6.354509213008859, 6.3545092130057315, 6.3545092130157315, 6.354509213008504, 6.354509213011441, 6.35450921301334, 6.354509213007167, 6.354509213016289, 6.3545092130060254, 6.354509213014982, 6.354581281843789, 6.354581281855281, 6.354581281845441, 6.354581281833455, 6.354581281834867, 6.3545812818347915, 6.354581281840496, 6.354581281845528, 6.354581281843683, 6.354581281844671, 6.3545812818459515, 6.354581281846008, 6.354581281848605, 6.354581281840154, 6.354581281846339, 6.35458128184379, 6.3545812818423455, 6.354581281847268, 6.3545812818398035, 6.3545812818483745, 6.354581281840377, 6.354764274486364, 6.354764274484347, 6.3547642744858726, 6.354764274488191, 6.35476427448785, 6.354764274487864, 6.354764274486967, 6.354764274486176, 6.354764274486377, 6.3547642744861434, 6.354764274485978, 6.354764274485876, 6.354764274485483, 6.354764274487024, 6.35476427448592, 6.354764274486355, 6.35476427448666, 6.3547642744856665, 6.354764274487176, 6.354764274485505, 6.354764274487073, 6.354683149442132, 6.354683149434331, 6.354683149441024, 6.354683149449171, 6.354683149448119, 6.354683149448201, 6.354683149444411, 6.35468314944096, 6.354683149442178, 6.354683149441522, 6.354683149440765, 6.354683149440489, 6.3546831494388485, 6.35468314944459, 6.354683149440419, 6.354683149442131, 6.354683149443064, 6.354683149439731, 6.354683149444897, 6.354683149439037, 6.354683149444618, 6.354569440334488, 6.354569440346219, 6.3545694403363315, 6.354569440324099, 6.3545694403253945, 6.354569440325361, 6.354569440331079, 6.354569440335921, 6.3545694403345, 6.354569440335435, 6.354569440336969, 6.354569440336739, 6.35456944033949, 6.354569440330729, 6.354569440337082, 6.3545694403344894, 6.354569440332761, 6.354569440338253, 6.354569440330202, 6.354569440339376, 6.354569440331313, 6.354672824691732, 6.354672824683512, 6.354672824690633, 6.354672824699011, 6.354672824698102, 6.354672824698138, 6.354672824694199, 6.354672824690634, 6.354672824691734, 6.354672824691033, 6.354672824690099, 6.354672824690073, 6.3546728246882225, 6.354672824694373, 6.3546728246899296, 6.354672824691738, 6.354672824692919, 6.354672824689139, 6.354672824694704, 6.3546728246884125, 6.354672824694034, 6.354770240982776, 6.354770240982916, 6.354770240982588, 6.354770240982504, 6.3547702409827, 6.354770240982608, 6.354770240982714, 6.354770240982903, 6.3547702409827425, 6.354770240982726, 6.354770240982659, 6.354770240982797, 6.35477024098276, 6.3547702409827425, 6.354770240982832, 6.354770240982771, 6.354770240982882, 6.354770240982752, 6.354770240982804, 6.354770240982777, 6.354770240982511, 6.354693133873202, 6.354693133880509, 6.354693133874195, 6.3546931338665695, 6.354693133867606, 6.354693133867506, 6.3546931338710575, 6.354693133874259, 6.3546931338732024, 6.354693133873835, 6.354693133874552, 6.354693133874766, 6.3546931338762835, 6.354693133870879, 6.35469313387483, 6.3546931338732096, 6.354693133872202, 6.35469313387547, 6.354693133870645, 6.354693133876156, 6.354693133870929, 6.354627913995777, 6.3546279139858335, 6.354627913994553, 6.3546279140046815, 6.354627914003585, 6.354627914003587, 6.354627913998667, 6.354627913994409, 6.354627913995812, 6.354627913995092, 6.354627913993843, 6.354627913993929, 6.354627913991578, 6.354627913998947, 6.354627913993579, 6.354627913995773, 6.354627913996998, 6.354627913992696, 6.35462791399934, 6.354627913991774, 6.354627913998603, 6.354701157902684, 6.354701157909531, 6.354701157903642, 6.354701157896595, 6.354701157897368, 6.354701157897332, 6.354701157900524, 6.354701157903518, 6.354701157902716, 6.354701157903171, 6.354701157904126, 6.354701157904023, 6.354701157905647, 6.354701157900475, 6.354701157904199, 6.354701157902674, 6.354701157901655, 6.354701157904926, 6.354701157900155, 6.35470115790554, 6.354701157900823, 6.35477001220196, 6.354770012201426, 6.354770012201799, 6.35477001220248, 6.3547700122023425, 6.354770012202297, 6.354770012202068, 6.354770012201851, 6.354770012201949, 6.354770012201801, 6.354770012201895, 6.354770012201764, 6.354770012201734, 6.354770012202153, 6.354770012201841, 6.354770012201963, 6.3547700122021, 6.354770012201801, 6.354770012202171, 6.354770012201723, 6.354770012202255, 6.354726739601553, 6.354726739596164, 6.354726739600829, 6.354726739606444, 6.35472673960576, 6.3547267396056695, 6.354726739603333, 6.3547267396008165, 6.354726739601492, 6.354726739601136, 6.3547267396004585, 6.3547267396003875, 6.354726739599198, 6.35472673960335, 6.354726739600358, 6.354726739601561, 6.354726739602419, 6.354726739599798, 6.354726739603568, 6.354726739599272, 6.354726739603201, 6.354671376948433, 6.3546713769567695, 6.354671376949587, 6.3546713769410434, 6.354671376942069, 6.3546713769419325, 6.35467137694612, 6.354671376949539, 6.354671376948377, 6.3546713769491925, 6.354671376950046, 6.3546713769500505, 6.354671376951927, 6.354671376945813, 6.354671376950268, 6.354671376948425, 6.35467137694735, 6.354671376951042, 6.354671376945469, 6.354671376951798, 6.35467137694601, 6.3547021043305385, 6.3547021043236676, 6.354702104329557, 6.354702104336715, 6.354702104335926, 6.354702104335947, 6.3547021043324925, 6.354702104329671, 6.354702104330564, 6.354702104330021, 6.354702104329163, 6.354702104329222, 6.3547021043276315, 6.3547021043327385, 6.35470210432902, 6.354702104330546, 6.354702104331461, 6.354702104328415, 6.354702104332985, 6.35470210432778, 6.354702104332419, 6.354761660313793, 6.3547616603161945, 6.354761660314109, 6.3547616603116515, 6.354761660311959, 6.35476166031196, 6.354761660312869, 6.354761660314161, 6.354761660313852, 6.354761660313919, 6.354761660314274, 6.354761660314351, 6.354761660314877, 6.3547616603129695, 6.354761660314333, 6.354761660313789, 6.354761660313381, 6.354761660314629, 6.354761660312906, 6.354761660314827, 6.354761660313037, 6.354760817905351, 6.3547608179078985, 6.354760817905775, 6.354760817903031, 6.354760817903342, 6.354760817903321, 6.354760817904534, 6.354760817905697, 6.35476081790536, 6.3547608179055395, 6.354760817905827, 6.354760817905942, 6.3547608179064765, 6.354760817904505, 6.354760817905922, 6.354760817905362, 6.354760817904944, 6.354760817906181, 6.354760817904457, 6.35476081790637, 6.354760817904623, 6.354716926481409, 6.354716926475347, 6.354716926480608, 6.354716926486776, 6.3547169264860495, 6.354716926486106, 6.354716926483323, 6.354716926480502, 6.354716926481389, 6.354716926480963, 6.354716926480168, 6.3547169264802195, 6.354716926478808, 6.354716926483368, 6.354716926480067, 6.354716926481418, 6.354716926482248, 6.354716926479476, 6.354716926483643, 6.354716926478897, 6.354716926483183, 6.354702786541548, 6.354702786548434, 6.354702786542381, 6.354702786535414, 6.354702786536213, 6.354702786536193, 6.354702786539631, 6.354702786542403, 6.3547027865415275, 6.354702786542081, 6.354702786542914, 6.354702786542839, 6.354702786544449, 6.354702786539383, 6.3547027865430685, 6.354702786541549, 6.3547027865407015, 6.354702786543714, 6.354702786539056, 6.354702786544344, 6.354702786539623, 6.3547351505702565, 6.354735150565343, 6.354735150569551, 6.354735150574729, 6.354735150574046, 6.354735150574135, 6.354735150571703, 6.354735150569619, 6.35473515057026, 6.354735150569808, 6.3547351505693035, 6.354735150569169, 6.3547351505681515, 6.354735150571857, 6.354735150569148, 6.354735150570252, 6.354735150570994, 6.35473515056872, 6.354735150571984, 6.354735150568259, 6.354735150571686, 6.354767518648472, 6.354767518649943, 6.354767518648828, 6.3547675186472645, 6.354767518647373, 6.354767518647399, 6.3547675186480275, 6.354767518648738, 6.354767518648477, 6.354767518648618, 6.3547675186487895, 6.3547675186487345, 6.354767518649115, 6.354767518648007, 6.354767518648759, 6.354767518648466, 6.35476751864823, 6.354767518648934, 6.3547675186479475, 6.354767518649086, 6.354767518648077, 6.354763474117633, 6.35476347411987, 6.354763474117887, 6.354763474115679, 6.354763474115903, 6.354763474115939, 6.354763474116947, 6.354763474117984, 6.354763474117671, 6.354763474117859, 6.35476347411807, 6.354763474118128, 6.354763474118609, 6.354763474116912, 6.35476347411812, 6.354763474117635, 6.354763474117267, 6.354763474118327, 6.354763474116872, 6.354763474118529, 6.354763474117003, 6.354736617420131, 6.354736617415294, 6.354736617419307, 6.354736617424368, 6.354736617423836, 6.354736617423911, 6.354736617421533, 6.3547366174194835, 6.354736617420119, 6.354736617419759, 6.354736617419133, 6.354736617419228, 6.354736617418061, 6.354736617421668, 6.3547366174190625, 6.354736617420125, 6.354736617420777, 6.354736617418577, 6.354736617421907, 6.35473661741813, 6.354736617421479, 6.354722716317423, 6.354722716323149, 6.354722716318342, 6.354722716312272, 6.354722716312962, 6.354722716312961, 6.354722716315757, 6.354722716318154, 6.354722716317385, 6.354722716317821, 6.354722716318529, 6.3547227163186015, 6.354722716319863, 6.3547227163155675, 6.354722716318695, 6.354722716317417, 6.354722716316671, 6.354722716319205, 6.35472271631536, 6.354722716319756, 6.354722716315737, 6.3547355817167706, 6.354735581711825, 6.354735581716178, 6.3547355817211475, 6.3547355817205675, 6.35473558172065, 6.354735581718253, 6.354735581716032, 6.354735581716763, 6.354735581716345, 6.354735581715801, 6.354735581715798, 6.354735581714669, 6.35473558171833, 6.354735581715692, 6.354735581716772, 6.3547355817174935, 6.35473558171523, 6.354735581718491, 6.354735581714792, 6.354735581718157, 6.354758751607745, 6.3547587516105795, 6.35475875160802, 6.354758751605208, 6.3547587516055355, 6.354758751605555, 6.3547587516068935, 6.3547587516080855, 6.354758751607801, 6.354758751608012, 6.3547587516083475, 6.3547587516082755, 6.354758751608951, 6.35475875160683, 6.354758751608384, 6.354758751607735, 6.354758751607372, 6.354758751608661, 6.354758751606683, 6.3547587516089346, 6.354758751606963, 6.354770476636302, 6.354770476636022, 6.354770476636212, 6.354770476636567, 6.3547704766364745, 6.354770476636482, 6.35477047663634, 6.354770476636328, 6.354770476636323, 6.354770476636317, 6.35477047663626, 6.354770476636204, 6.354770476636184, 6.354770476636399, 6.354770476636234, 6.3547704766363085, 6.354770476636308, 6.3547704766362125, 6.35477047663642, 6.35477047663617, 6.354770476636444, 6.354764048332471, 6.354764048330379, 6.354764048332342, 6.354764048334402, 6.354764048334062, 6.35476404833409, 6.354764048333112, 6.354764048332307, 6.354764048332423, 6.354764048332331, 6.354764048332036, 6.354764048332052, 6.3547640483315675, 6.35476404833317, 6.354764048331985, 6.3547640483324725, 6.354764048332717, 6.354764048331774, 6.354764048333278, 6.354764048331576, 6.354764048333112, 6.3547490999882, 6.354749099992066, 6.354749099988675, 6.354749099984746, 6.3547490999852405, 6.354749099985213, 6.354749099987061, 6.354749099988735, 6.354749099988168, 6.354749099988484, 6.354749099988962, 6.354749099988938, 6.354749099989817, 6.354749099986957, 6.354749099989053, 6.354749099988202, 6.354749099987677, 6.354749099989403, 6.354749099986781, 6.354749099989787, 6.354749099987059, 6.354738418602747, 6.354738418598025, 6.35473841860197, 6.354738418606936, 6.354738418606446, 6.354738418606456, 6.354738418604156, 6.354738418602049, 6.354738418602757, 6.354738418602347, 6.354738418601822, 6.354738418601821, 6.354738418600743, 6.354738418604249, 6.354738418601719, 6.354738418602743, 6.354738418603425, 6.354738418601275, 6.354738418604395, 6.35473841860088, 6.35473841860405, 6.354738502920261, 6.354738502924945, 6.354738502921, 6.354738502916031, 6.354738502916625, 6.354738502916582, 6.354738502918902, 6.354738502920832, 6.354738502920283, 6.354738502920615, 6.354738502921174, 6.354738502921252, 6.354738502922259, 6.354738502918744, 6.354738502921304, 6.354738502920253, 6.354738502919626, 6.354738502921705, 6.354738502918571, 6.35473850292216, 6.3547385029189085, 6.354747604987599, 6.354747604983599, 6.354747604987169, 6.3547476049911245, 6.354747604990682, 6.354747604990681, 6.354747604988776, 6.3547476049870335, 6.354747604987625, 6.354747604987277, 6.354747604986798, 6.354747604986855, 6.354747604985902, 6.354747604988872, 6.3547476049867315, 6.354747604987598, 6.354747604988118, 6.354747604986321, 6.354747604989064, 6.354747604985945, 6.354747604988774, 6.354758943775798, 6.354758943778617, 6.354758943776036, 6.3547589437732634, 6.354758943773599, 6.35475894377358, 6.354758943774897, 6.354758943776202, 6.354758943775814, 6.3547589437760195, 6.354758943776376, 6.354758943776316, 6.354758943777023, 6.354758943774874, 6.354758943776434, 6.354758943775797, 6.354758943775371, 6.354758943776698, 6.354758943774775, 6.3547589437769405, 6.35475894377501, 6.354767266022729, 6.3547672660212156, 6.3547672660225025, 6.354767266024134, 6.354767266023928, 6.354767266023902, 6.35476726602316, 6.354767266022578, 6.354767266022691, 6.354767266022633, 6.354767266022432, 6.354767266022372, 6.354767266022067, 6.354767266023224, 6.354767266022386, 6.354767266022729, 6.354767266022916, 6.354767266022262, 6.3547672660232335, 6.354767266022128, 6.354767266023143, 6.354770530712999, 6.354770530713226, 6.3547705307131555, 6.35477053071283, 6.354770530712881, 6.354770530712832, 6.354770530712986, 6.354770530713085, 6.354770530712972, 6.354770530713053, 6.354770530713041, 6.354770530713041, 6.35477053071307, 6.354770530712955, 6.354770530713034, 6.354770530712999, 6.354770530713012, 6.354770530713057, 6.354770530712915, 6.354770530713103, 6.354770530712909, 6.35476920448906, 6.354769204490054, 6.354769204489142, 6.3547692044881545, 6.3547692044882815, 6.35476920448824, 6.3547692044887905, 6.354769204489171, 6.354769204489071, 6.354769204489129, 6.354769204489254, 6.354769204489264, 6.354769204489454, 6.354769204488751, 6.354769204489277, 6.354769204489063, 6.354769204488959, 6.354769204489364, 6.354769204488692, 6.354769204489453, 6.3547692044887825, 6.354764669997631, 6.354764669995568, 6.354764669997266, 6.354764669999441, 6.354764669999194, 6.354764669999186, 6.354764669998205, 6.354764669997313, 6.354764669997664, 6.354764669997445, 6.3547646699972296, 6.354764669997261, 6.3547646699967695, 6.354764669998261, 6.354764669997207, 6.354764669997625, 6.3547646699979, 6.354764669997007, 6.354764669998376, 6.354764669996792, 6.354764669998265, 6.354758081241697, 6.354758081244621, 6.354758081242196, 6.354758081239061, 6.354758081239433, 6.354758081239412, 6.35475808124081, 6.354758081242049, 6.354758081241682, 6.354758081241903, 6.354758081242278, 6.354758081242289, 6.354758081242954, 6.354758081240742, 6.3547580812423465, 6.3547580812417, 6.354758081241251, 6.354758081242629, 6.354758081240648, 6.354758081242876, 6.354758081240886, 6.354750211488226, 6.354750211484476, 6.3547502114877545, 6.35475021149158, 6.354750211491162, 6.354750211491166, 6.354750211489334, 6.354750211487737, 6.354750211488207, 6.354750211487931, 6.354750211487475, 6.354750211487483, 6.354750211486625, 6.354750211489422, 6.354750211487372, 6.35475021148822, 6.354750211488713, 6.354750211487042, 6.354750211489551, 6.354750211486711, 6.354750211489273, 6.354740671800967, 6.354740671805542, 6.354740671801479, 6.3547406717968995, 6.354740671797472, 6.354740671797416, 6.354740671799604, 6.354740671801598, 6.354740671800973, 6.3547406718013475, 6.354740671801852, 6.354740671801851, 6.354740671802917, 6.3547406717995125, 6.354740671801966, 6.354740671800964, 6.354740671800376, 6.354740671802381, 6.35474067179932, 6.35474067180283, 6.354740671799613, 6.354727687532824, 6.35472768752741, 6.3547276875321, 6.354727687537674, 6.354727687537039, 6.354727687537054, 6.354727687534452, 6.354727687532125, 6.354727687532838, 6.3547276875324155, 6.354727687531744, 6.354727687531734, 6.354727687530496, 6.354727687534583, 6.3547276875316205, 6.354727687532828, 6.35472768753359, 6.354727687531095, 6.354727687534788, 6.354727687530603, 6.354727687534361, 6.354708238425011, 6.354708238431568, 6.354708238425983, 6.354708238419178, 6.354708238419917, 6.35470823841988, 6.354708238423082, 6.354708238425895, 6.354708238425008, 6.354708238425535, 6.354708238426321, 6.354708238426323, 6.35470823842781, 6.354708238422921, 6.354708238426452, 6.354708238425015, 6.3547082384241005, 6.354708238427076, 6.354708238422654, 6.354708238427671, 6.35470823842317, 6.354676226905102, 6.354676226897007, 6.354676226903932, 6.354676226912322, 6.3546762269113435, 6.354676226911393, 6.354676226907467, 6.3546762269039885, 6.354676226905117, 6.3546762269044255, 6.354676226903537, 6.354676226903493, 6.354676226901673, 6.35467622690769, 6.354676226903334, 6.354676226905095, 6.354676226906211, 6.354676226902579, 6.354676226907995, 6.354676226901821, 6.3546762269074595, 6.3546193206417145, 6.3546193206519055, 6.354619320643118, 6.354619320632584, 6.354619320633767, 6.3546193206337565, 6.3546193206387045, 6.35461932064306, 6.354619320641679, 6.3546193206425166, 6.354619320643743, 6.354619320643739, 6.354619320646057, 6.35461932063843, 6.354619320643977, 6.35461932064172, 6.354619320640282, 6.354619320644953, 6.35461932063804, 6.354619320645864, 6.354619320638815, 6.354512295381252, 6.354512295367914, 6.354512295379469, 6.354512295393147, 6.354512295391589, 6.354512295391656, 6.3545122953852395, 6.354512295379469, 6.35451229538123, 6.354512295380212, 6.35451229537858, 6.354512295378604, 6.354512295375574, 6.354512295385519, 6.354512295378304, 6.3545122953812445, 6.354512295383111, 6.35451229537704, 6.354512295386074, 6.354512295375814, 6.354512295385044, 6.35430370505602, 6.354303705073958, 6.354303705058458, 6.354303705039971, 6.354303705042124, 6.3543037050420565, 6.354303705050695, 6.354303705058444, 6.3543037050560285, 6.3543037050574425, 6.354303705059562, 6.354303705059584, 6.354303705063656, 6.354303705050264, 6.35430370505998, 6.354303705056016, 6.3543037050535816, 6.354303705061668, 6.354303705049563, 6.354303705063354, 6.354303705050856, 6.353883487185564, 6.3538834871608465, 6.353883487182104, 6.353883487207646, 6.353883487204703, 6.353883487204861, 6.353883487192857, 6.353883487182276, 6.35388348718559, 6.353883487183594, 6.353883487180685, 6.353883487180616, 6.35388348717506, 6.353883487193476, 6.353883487180103, 6.353883487185551, 6.353883487188958, 6.353883487177766, 6.353883487194468, 6.353883487175509, 6.353883487192689, 6.353031829957509, 6.353031829992101, 6.353031829962456, 6.353031829926623, 6.3530318299306625, 6.353031829930549, 6.353031829947339, 6.353031829962173, 6.353031829957463, 6.3530318299602815, 6.35303182996441, 6.353031829964365, 6.353031829972267, 6.353031829946439, 6.353031829965119, 6.353031829957509, 6.353031829952668, 6.35303182996841, 6.353031829945075, 6.353031829971644, 6.353031829947704, 6.35134295147719, 6.351342951428608, 6.3513429514703, 6.351342951520426, 6.351342951514655, 6.351342951514952, 6.3513429514916355, 6.351342951470593, 6.3513429514771, 6.351342951473216, 6.35134295146764, 6.3513429514673625, 6.351342951456517, 6.351342951492755, 6.351342951466471, 6.351342951477199, 6.351342951483921, 6.351342951461827, 6.351342951494698, 6.351342951457388, 6.3513429514913105, 6.348324597551174, 6.348324597617586, 6.348324597560849, 6.348324597491762, 6.348324597499669, 6.348324597499398, 6.348324597531529, 6.348324597560239, 6.348324597551026, 6.348324597556462, 6.348324597564449, 6.348324597564362, 6.348324597579524, 6.3483245975298885, 6.3483245975658065, 6.348324597551167, 6.348324597541877, 6.3483245975721125, 6.348324597527218, 6.348324597578442, 6.348324597532288, 6.34422163310556, 6.344221633020463, 6.344221633092664, 6.3442216331809815, 6.34422163317102, 6.344221633171507, 6.344221633131051, 6.344221633093768, 6.344221633105436, 6.344221633098598, 6.344221633088851, 6.344221633088123, 6.344221633069366, 6.344221633132759, 6.344221633086851, 6.344221633105554, 6.344221633117558, 6.344221633078575, 6.344221633136164, 6.344221633070913, 6.344221633130403, 6.341895515850731, 6.341895515944079, 6.341895515866233, 6.341895515767349, 6.3418955157788, 6.34189551577836, 6.341895515822639, 6.3418955158643335, 6.341895515850968, 6.341895515858811, 6.341895515869288, 6.341895515870275, 6.341895515890766, 6.341895515820747, 6.341895515871183, 6.341895515850732, 6.341895515837207, 6.341895515880275, 6.341895515817012, 6.3418955158894095, 6.341895515823506, 6.345599157595849, 6.345599157516689, 6.345599157580239, 6.345599157665358, 6.345599157656852, 6.345599157657133, 6.345599157619284, 6.345599157584315, 6.345599157596357, 6.345599157589043, 6.345599157579978, 6.345599157579475, 6.345599157562116, 6.345599157620951, 6.345599157578673, 6.345599157595853, 6.345599157607912, 6.345599157570736, 6.345599157624136, 6.345599157563603, 6.345599157618134, 6.352632743396791, 6.352632743434603, 6.352632743406427, 6.352632743363205, 6.352632743368213, 6.352632743367724, 6.352632743385516, 6.352632743402921, 6.352632743396994, 6.352632743400692, 6.352632743403711, 6.352632743406045, 6.352632743412995, 6.352632743384582, 6.352632743405087, 6.352632743396788, 6.352632743391037, 6.352632743408778, 6.35263274338337, 6.3526327434123475, 6.352632743384461, 6.354479466914312, 6.35447946692815, 6.354479466915837, 6.354479466901948, 6.354479466903471, 6.354479466903495, 6.354479466909602, 6.3544794669161515, 6.35447946691401, 6.35447946691499, 6.35447946691691, 6.354479466917145, 6.354479466920421, 6.354479466909613, 6.354479466917456, 6.354479466914324, 6.354479466911885, 6.354479466919018, 6.354479466909265, 6.354479466919892, 6.354479466910143, 6.350231674690156, 6.35023167463466, 6.350231674678471, 6.350231674739562, 6.350231674732071, 6.350231674732619, 6.35023167470696, 6.350231674681106, 6.350231674689417, 6.350231674684449, 6.3502316746795815, 6.35023167467711, 6.3502316746665235, 6.350231674707857, 6.350231674678036, 6.350231674690151, 6.350231674698046, 6.350231674672799, 6.350231674710016, 6.350231674667065, 6.350231674707994, 6.347469583842569, 6.3474695839134, 6.347469583858504, 6.3474695837809065, 6.347469583788009, 6.347469583787337, 6.347469583822506, 6.347469583852943, 6.347469583842378, 6.3474695838493025, 6.347469583857019, 6.347469583857152, 6.347469583872638, 6.3474695838203115, 6.347469583857827, 6.34746958384256, 6.347469583831856, 6.347469583864861, 6.34746958381736, 6.347469583871441, 6.347469583823512, 6.350783959951487, 6.350783959899998, 6.3507839599391165, 6.350783959997668, 6.35078395999163, 6.3507839599913805, 6.350783959967079, 6.350783959943901, 6.3507839599526195, 6.3507839599471625, 6.350783959941387, 6.350783959940059, 6.35078395992909, 6.350783959968293, 6.350783959940158, 6.350783959951487, 6.350783959960548, 6.350783959935037, 6.350783959969651, 6.350783959930559, 6.350783959966375, 6.354611590433355, 6.354611590443324, 6.354611590435743, 6.354611590424873, 6.354611590426622, 6.354611590426252, 6.35461159042993, 6.35461159043599, 6.354611590433838, 6.354611590434678, 6.3546115904347396, 6.354611590436464, 6.354611590437458, 6.354611590430345, 6.354611590435424, 6.354611590433355, 6.35461159043233, 6.354611590436504, 6.354611590429747, 6.354611590437645, 6.35461159042871, 6.353144858945724, 6.353144858978508, 6.353144858953887, 6.3531448589163695, 6.353144858920622, 6.353144858920712, 6.353144858935376, 6.353144858951118, 6.353144858944573, 6.353144858948544, 6.35314485895161, 6.353144858953707, 6.3531448589600386, 6.353144858935036, 6.353144858952889, 6.353144858945729, 6.3531448589396815, 6.3531448589563455, 6.353144858934211, 6.353144858959015, 6.35314485893515, 6.350185397502344, 6.350185397446286, 6.35018539748906, 6.350185397551014, 6.350185397544582, 6.350185397545472, 6.350185397518624, 6.350185397492616, 6.350185397501624, 6.350185397496452, 6.350185397491329, 6.350185397489926, 6.350185397478802, 6.350185397519876, 6.350185397490332, 6.350185397502346, 6.350185397509926, 6.350185397484898, 6.35018539752242, 6.350185397478999, 6.350185397519567, 6.351351067624864, 6.351351067673071, 6.351351067635778, 6.351351067582284, 6.351351067587639, 6.351351067587266, 6.351351067610661, 6.351351067631313, 6.351351067625582, 6.3513510676294995, 6.351351067634641, 6.351351067635531, 6.351351067645553, 6.351351067609478, 6.351351067635411, 6.351351067624868, 6.351351067617616, 6.351351067640053, 6.3513510676077365, 6.351351067644508, 6.351351067611758, 6.354374322945125, 6.354374322929437, 6.354374322941762, 6.354374322959609, 6.35437432295767, 6.354374322957303, 6.3543743229502745, 6.35437432294257, 6.35437432294638, 6.35437432294385, 6.354374322942135, 6.3543743229411636, 6.354374322937982, 6.354374322950544, 6.354374322941677, 6.354374322945127, 6.3543743229491625, 6.354374322939847, 6.354374322950607, 6.354374322938731, 6.354374322949852, 6.354107769602856, 6.354107769582248, 6.354107769598357, 6.354107769621857, 6.354107769619267, 6.3541077696193184, 6.354107769609415, 6.354107769600421, 6.354107769602429, 6.354107769601034, 6.35410776959866, 6.354107769597466, 6.354107769593645, 6.354107769609849, 6.3541077695981825, 6.354107769602848, 6.3541077696065935, 6.354107769596157, 6.354107769610185, 6.354107769594403, 6.3541077696085475, 6.351902115246122, 6.35190211529033, 6.351902115255817, 6.351902115207588, 6.351902115212316, 6.351902115212447, 6.351902115232932, 6.35190211525381, 6.351902115244619, 6.351902115250454, 6.351902115254737, 6.351902115255714, 6.351902115265041, 6.351902115232091, 6.3519021152555535, 6.35190211524612, 6.3519021152379835, 6.351902115260223, 6.3519021152305655, 6.3519021152642425, 6.3519021152331225, 6.352144311439485, 6.352144311397072, 6.352144311428733, 6.352144311476679, 6.352144311471554, 6.352144311472157, 6.352144311451571, 6.352144311432858, 6.352144311439549, 6.352144311435224, 6.352144311431263, 6.352144311430567, 6.352144311421535, 6.352144311452847, 6.352144311430292, 6.352144311439486, 6.352144311445266, 6.352144311426188, 6.352144311454698, 6.352144311422105, 6.352144311452231, 6.35425208625899, 6.354252086277255, 6.354252086264872, 6.3542520862426395, 6.354252086244792, 6.354252086244586, 6.354252086253499, 6.354252086261506, 6.354252086260256, 6.354252086260783, 6.354252086262608, 6.354252086264391, 6.35425208626675, 6.3542520862530765, 6.354252086263046, 6.354252086258992, 6.354252086256583, 6.35425208626464, 6.354252086252609, 6.354252086266611, 6.354252086253462, 6.354539704518444, 6.354539704530739, 6.354539704521078, 6.354539704506994, 6.354539704508908, 6.354539704508854, 6.354539704514908, 6.354539704519624, 6.354539704518937, 6.354539704519339, 6.3545397045207554, 6.3545397045211836, 6.354539704523581, 6.35453970451441, 6.354539704521345, 6.354539704518439, 6.354539704517465, 6.354539704522306, 6.354539704513887, 6.354539704523641, 6.354539704514288, 6.353048321736358, 6.3530483217023415, 6.353048321727353, 6.353048321765894, 6.353048321762287, 6.3530483217628495, 6.353048321746768, 6.35304832173045, 6.353048321735418, 6.35304832173289, 6.353048321729536, 6.353048321727495, 6.353048321721785, 6.3530483217471225, 6.353048321729121, 6.353048321736363, 6.353048321741702, 6.3530483217256934, 6.3530483217483065, 6.3530483217223175, 6.353048321746199, 6.352759569783668, 6.352759569820586, 6.352759569793772, 6.352759569751616, 6.352759569755433, 6.352759569755398, 6.352759569772797, 6.352759569790136, 6.352759569782797, 6.352759569787806, 6.352759569790926, 6.352759569791511, 6.3527595697995425, 6.352759569771932, 6.3527595697915835, 6.3527595697836725, 6.352759569776875, 6.352759569795279, 6.352759569770876, 6.352759569798636, 6.352759569773243, 6.354106953774055, 6.354106953753004, 6.354106953768021, 6.354106953793151, 6.354106953790242, 6.3541069537902946, 6.3541069537794534, 6.354106953771589, 6.354106953775009, 6.35410695377204, 6.354106953770178, 6.354106953769364, 6.35410695376508, 6.354106953780824, 6.354106953769428, 6.35410695377406, 6.354106953777313, 6.3541069537673, 6.3541069537816695, 6.354106953765539, 6.354106953780649, 6.354749879168397, 6.354749879165011, 6.354749879167503, 6.354749879171732, 6.354749879171164, 6.354749879170985, 6.354749879169479, 6.354749879168048, 6.354749879169172, 6.354749879168117, 6.354749879167864, 6.354749879168254, 6.354749879166737, 6.354749879169623, 6.354749879167591, 6.354749879168393, 6.354749879169457, 6.354749879167179, 6.354749879169544, 6.354749879167239, 6.354749879169276, 6.353910587869459, 6.35391058789357, 6.353910587876276, 6.3539105878480475, 6.3539105878509705, 6.353910587850862, 6.35391058786333, 6.353910587872651, 6.353910587868663, 6.353910587871747, 6.353910587874089, 6.35391058787529, 6.353910587879533, 6.353910587861874, 6.3539105878746875, 6.353910587869461, 6.353910587865876, 6.353910587877048, 6.353910587860792, 6.3539105878794375, 6.353910587861983, 6.3532997761210295, 6.3532997760893934, 6.353299776112229, 6.353299776148146, 6.353299776144824, 6.3532997761453345, 6.353299776130428, 6.3532997761152705, 6.3532997761203, 6.35329977611725, 6.3532997761147705, 6.35329977611352, 6.353299776107582, 6.353299776130945, 6.353299776114284, 6.353299776121031, 6.353299776125971, 6.353299776111175, 6.353299776132112, 6.353299776108044, 6.35329977613027, 6.353930266440496, 6.353930266464131, 6.353930266446688, 6.353930266419566, 6.353930266422315, 6.353930266422138, 6.353930266432869, 6.353930266444481, 6.353930266440874, 6.353930266443014, 6.353930266445131, 6.353930266446023, 6.353930266450856, 6.353930266432828, 6.353930266445652, 6.353930266440497, 6.353930266436312, 6.353930266447976, 6.353930266432333, 6.35393026645008, 6.353930266433778, 6.354711098580455, 6.354711098574247, 6.3547110985794575, 6.354711098586116, 6.3547110985854856, 6.35471109858528, 6.354711098581725, 6.354711098580006, 6.354711098581374, 6.354711098580436, 6.3547110985792346, 6.354711098579061, 6.354711098577932, 6.354711098582457, 6.354711098579094, 6.354711098580457, 6.354711098581358, 6.35471109857842, 6.354711098582815, 6.354711098577856, 6.354711098582334, 6.354536434268746, 6.354536434256368, 6.354536434265192, 6.354536434279771, 6.3545364342785415, 6.354536434278538, 6.354536434272459, 6.3545364342669135, 6.354536434268647, 6.3545364342676125, 6.354536434266245, 6.354536434265385, 6.354536434263358, 6.354536434272797, 6.354536434266038, 6.354536434268755, 6.354536434270976, 6.3545364342648325, 6.354536434273015, 6.35453643426371, 6.354536434272127, 6.353903560449109, 6.3539035604734995, 6.353903560455136, 6.353903560427703, 6.353903560430487, 6.353903560430375, 6.3539035604425305, 6.353903560452772, 6.353903560448119, 6.353903560451259, 6.353903560453834, 6.353903560454331, 6.35390356045937, 6.3539035604414345, 6.353903560454358, 6.35390356044911, 6.353903560445368, 6.353903560456835, 6.353903560440327, 6.353903560459132, 6.353903560441803, 6.353858972413435, 6.353858972388648, 6.3538589724072, 6.353858972435286, 6.353858972432171, 6.353858972432314, 6.35385897242111, 6.353858972409111, 6.353858972413414, 6.3538589724106025, 6.353858972408685, 6.353858972408102, 6.353858972402721, 6.3538589724213566, 6.353858972408019, 6.353858972413443, 6.3538589724174575, 6.353858972405585, 6.3538589724222225, 6.353858972403216, 6.3538589724211105, 6.354414300070595, 6.354414300085957, 6.354414300074704, 6.354414300057319, 6.354414300058809, 6.354414300058495, 6.3544143000658195, 6.354414300073154, 6.354414300071371, 6.354414300072299, 6.354414300073771, 6.3544143000750015, 6.3544143000772495, 6.354414300065655, 6.354414300073867, 6.354414300070599, 6.35441430006795, 6.354414300075418, 6.354414300065282, 6.354414300076907, 6.354414300066454, 6.354768298574633, 6.354768298573571, 6.354768298574033, 6.354768298575553, 6.354768298575559, 6.354768298575501, 6.354768298574502, 6.354768298574745, 6.354768298574872, 6.354768298574567, 6.354768298574373, 6.354768298574442, 6.354768298574272, 6.354768298574873, 6.354768298574422, 6.35476829857463, 6.35476829857471, 6.3547682985743705, 6.3547682985749825, 6.354768298574232, 6.354768298574763, 6.354537154068835, 6.354537154056345, 6.354537154065913, 6.354537154079629, 6.35453715407858, 6.35453715407872, 6.354537154072636, 6.3545371540669215, 6.35453715406813, 6.3545371540676046, 6.354537154066122, 6.354537154065259, 6.354537154063482, 6.354537154072791, 6.354537154066176, 6.354537154068838, 6.354537154070868, 6.3545371540649915, 6.354537154073137, 6.354537154063639, 6.354537154071995, 6.354164038515494, 6.354164038535798, 6.3541640385208344, 6.354164038497527, 6.35416403850006, 6.354164038499872, 6.35416403850975, 6.354164038518622, 6.354164038515137, 6.354164038517739, 6.354164038519347, 6.354164038519732, 6.354164038524167, 6.354164038509021, 6.354164038519918, 6.354164038515499, 6.35416403851229, 6.354164038521921, 6.354164038508272, 6.3541640385237335, 6.354164038509412, 6.354159504398075, 6.354159504377721, 6.354159504392251, 6.354159504415869, 6.354159504413418, 6.354159504413462, 6.354159504403819, 6.354159504394575, 6.354159504398805, 6.354159504395891, 6.35415950439426, 6.3541595043935155, 6.35415950438943, 6.354159504404486, 6.35415950439369, 6.354159504398071, 6.354159504401512, 6.354159504391636, 6.3541595044052475, 6.354159504389715, 6.35415950440448, 6.354493753405325, 6.354493753418877, 6.354493753409603, 6.35449375339362, 6.3544937533948636, 6.354493753394687, 6.354493753401349, 6.354493753407584, 6.354493753405662, 6.354493753406724, 6.354493753408119, 6.354493753409078, 6.354493753411132, 6.354493753401031, 6.354493753408186, 6.354493753405325, 6.354493753403047, 6.354493753409547, 6.354493753400617, 6.354493753410901, 6.354493753401669, 6.354753352535465, 6.354753352532189, 6.354753352534312, 6.354753352538416, 6.354753352538003, 6.354753352538129, 6.354753352536531, 6.354753352535009, 6.354753352534949, 6.354753352534941, 6.354753352534804, 6.3547533525347655, 6.354753352534014, 6.354753352536522, 6.3547533525347, 6.354753352535468, 6.354753352535851, 6.354753352534486, 6.354753352536534, 6.3547533525342, 6.354753352536241, 6.354696334916069, 6.354696334909127, 6.354696334913757, 6.354696334922119, 6.354696334921496, 6.354696334921623, 6.354696334918267, 6.354696334915024, 6.354696334915581, 6.354696334915322, 6.354696334914601, 6.354696334914221, 6.354696334913038, 6.35469633491831, 6.354696334914533, 6.35469633491607, 6.354696334917186, 6.354696334913903, 6.354696334918414, 6.354696334913265, 6.3546963349177545, 6.354462359664265, 6.354462359678709, 6.35446235966871, 6.3544623596516825, 6.354462359653368, 6.354462359653137, 6.354462359660078, 6.354462359666784, 6.354462359664559, 6.354462359666009, 6.354462359667059, 6.354462359667629, 6.354462359670437, 6.354462359659723, 6.354462359667368, 6.354462359664279, 6.354462359662089, 6.354462359668697, 6.354462359659272, 6.354462359670128, 6.3544623596600545, 6.354329562150783, 6.354329562133464, 6.354329562145928, 6.3543295621658205, 6.3543295621638824, 6.3543295621639615, 6.354329562155524, 6.354329562147872, 6.3543295621514355, 6.354329562148986, 6.354329562147488, 6.354329562146682, 6.3543295621434925, 6.35432956215621, 6.354329562147112, 6.354329562150778, 6.354329562153694, 6.354329562145283, 6.354329562156919, 6.354329562143644, 6.35432956215618, 6.35441623290772, 6.354416232923092, 6.354416232911833, 6.354416232894036, 6.354416232895851, 6.354416232895868, 6.35441623290318, 6.354416232909975, 6.354416232907436, 6.354416232909291, 6.354416232910756, 6.354416232911186, 6.354416232914391, 6.354416232902749, 6.354416232911085, 6.354416232907726, 6.354416232904998, 6.35441623291265, 6.354416232902257, 6.354416232914022, 6.354416232903269, 6.354616571306664, 6.354616571296463, 6.354616571304116, 6.354616571315496, 6.354616571314451, 6.35461657131461, 6.354616571309859, 6.354616571304913, 6.354616571306167, 6.35461657130547, 6.354616571304592, 6.3546165713042315, 6.3546165713022775, 6.354616571309905, 6.354616571304467, 6.354616571306663, 6.354616571308253, 6.354616571303481, 6.354616571310206, 6.354616571302492, 6.354616571309473, 6.354755624111812, 6.354755624114972, 6.35475562411248, 6.354755624109112, 6.354755624109446, 6.354755624109377, 6.354755624110874, 6.354755624112549, 6.354755624111946, 6.354755624112129, 6.354755624112418, 6.354755624112798, 6.354755624113097, 6.354755624110859, 6.354755624112462, 6.3547556241118155, 6.35475562411144, 6.35475562411276, 6.354755624110679, 6.354755624113188, 6.354755624110697, 6.354747700655606, 6.354747700659488, 6.354747700656621, 6.354747700652383, 6.354747700652677, 6.354747700652556, 6.354747700654391, 6.354747700656463, 6.354747700656041, 6.3547477006561754, 6.354747700656431, 6.3547477006567785, 6.354747700657223, 6.354747700654413, 6.354747700656405, 6.354747700655606, 6.354747700655033, 6.354747700656752, 6.354747700654288, 6.3547477006572475, 6.35474770065452, 6.354637333213673, 6.354637333204176, 6.354637333211246, 6.354637333222032, 6.354637333220853, 6.354637333220977, 6.354637333216504, 6.354637333212095, 6.354637333213626, 6.354637333212694, 6.35463733321185, 6.354637333211315, 6.354637333209616, 6.354637333216687, 6.354637333211636, 6.35463733321367, 6.3546373332151145, 6.3546373332107, 6.354637333217037, 6.354637333209759, 6.354637333216609, 6.354520863360114, 6.354520863373057, 6.354520863363559, 6.35452086334865, 6.354520863350095, 6.354520863350144, 6.354520863356382, 6.354520863362021, 6.354520863359651, 6.354520863361303, 6.354520863362644, 6.354520863362757, 6.354520863365683, 6.3545208633559245, 6.354520863362959, 6.354520863360123, 6.354520863357892, 6.35452086336428, 6.354520863355484, 6.354520863365403, 6.354520863356357, 6.354473680079392, 6.354473680065229, 6.354473680075475, 6.3544736800917, 6.354473680090175, 6.354473680090292, 6.354473680083525, 6.354473680076936, 6.354473680079513, 6.354473680077877, 6.354473680076612, 6.3544736800759765, 6.354473680073347, 6.354473680083856, 6.354473680076375, 6.3544736800793995, 6.3544736800818225, 6.354473680074922, 6.354473680084359, 6.354473680073583, 6.35447368008356, 6.354507690641151, 6.354507690654451, 6.354507690645006, 6.354507690629563, 6.354507690631091, 6.354507690630887, 6.354507690637247, 6.354507690643474, 6.354507690641486, 6.354507690642792, 6.354507690643717, 6.354507690644599, 6.354507690646826, 6.354507690636955, 6.354507690644014, 6.354507690641145, 6.354507690639064, 6.354507690645264, 6.354507690636554, 6.354507690646597, 6.354507690637177, 6.354593241395997, 6.354593241385041, 6.354593241392766, 6.354593241405606, 6.354593241404411, 6.354593241404505, 6.35459324139904, 6.354593241394383, 6.354593241396041, 6.354593241394773, 6.354593241393833, 6.3545932413935695, 6.354593241391332, 6.354593241399479, 6.354593241393628, 6.354593241395997, 6.354593241397765, 6.354593241392558, 6.354593241399868, 6.354593241391564, 6.354593241399076, 6.354682632099867, 6.35468263210753, 6.354682632102058, 6.35468263209313, 6.35468263209399, 6.354682632094019, 6.354682632097695, 6.354682632101092, 6.354682632099424, 6.354682632100583, 6.354682632101338, 6.354682632101623, 6.3546826321031515, 6.354682632097425, 6.354682632101513, 6.354682632099867, 6.354682632098428, 6.354682632102345, 6.354682632097144, 6.354682632103019, 6.354682632097544, 6.354745584805242, 6.3547455848011625, 6.354745584804148, 6.3547455848088426, 6.354745584808323, 6.35474558480835, 6.35474558480652, 6.354745584804403, 6.354745584805243, 6.354745584804786, 6.354745584804503, 6.354745584804203, 6.3547455848034975, 6.354745584806568, 6.354745584804344, 6.354745584805242, 6.354745584805947, 6.354745584803969, 6.354745584806638, 6.354745584803567, 6.354745584806577, 6.354769651723898, 6.354769651724564, 6.3547696517239896, 6.354769651723407, 6.354769651723387, 6.3547696517232835, 6.354769651723702, 6.354769651723944, 6.354769651724251, 6.354769651724026, 6.354769651724092, 6.354769651723999, 6.354769651724155, 6.3547696517237515, 6.354769651724037, 6.354769651723899, 6.354769651723978, 6.354769651724031, 6.354769651723707, 6.354769651724138, 6.354769651723907, 6.3547603387814116, 6.354760338784085, 6.354760338782241, 6.354760338779127, 6.354760338779416, 6.354760338779362, 6.354760338780612, 6.354760338781966, 6.354760338781438, 6.35476033878174, 6.354760338781904, 6.354760338781959, 6.354760338782543, 6.354760338780602, 6.354760338781995, 6.35476033878141, 6.354760338781017, 6.35476033878221, 6.354760338780533, 6.354760338782456, 6.354760338780621, 6.354725514697266, 6.35472551469174, 6.35472551469568, 6.354725514702054, 6.354725514701516, 6.354725514701636, 6.354725514698868, 6.354725514696396, 6.354725514696974, 6.354725514696661, 6.35472551469612, 6.354725514695915, 6.354725514694946, 6.354725514699005, 6.3547255146960735, 6.354725514697273, 6.354725514698004, 6.354725514695586, 6.354725514699191, 6.354725514695015, 6.354725514698715, 6.354673989135802, 6.3546739891438495, 6.354673989138001, 6.354673989128729, 6.354673989129685, 6.354673989129697, 6.354673989133435, 6.35467398913711, 6.35467398913572, 6.354673989136637, 6.354673989137355, 6.35467398913785, 6.3546739891392505, 6.354673989133223, 6.354673989137552, 6.3546739891358035, 6.354673989134392, 6.354673989138393, 6.354673989132953, 6.354673989139145, 6.354673989133333, 6.354606635293935, 6.354606635283389, 6.3546066352910735, 6.354606635303152, 6.3546066353019235, 6.354606635301948, 6.354606635296949, 6.354606635292159, 6.354606635294253, 6.354606635292743, 6.354606635291898, 6.354606635291602, 6.354606635289421, 6.3546066352972765, 6.354606635291667, 6.354606635293943, 6.354606635295803, 6.35460663529061, 6.354606635297655, 6.354606635289632, 6.354606635297121, 6.354518969330473, 6.3545189693435535, 6.354518969334125, 6.354518969319047, 6.354518969320469, 6.354518969320342, 6.354518969326771, 6.354518969332544, 6.354518969330495, 6.354518969331927, 6.354518969333042, 6.354518969333531, 6.354518969336021, 6.354518969326343, 6.354518969333292, 6.35451896933047, 6.354518969328366, 6.354518969334563, 6.3545189693259125, 6.354518969335787, 6.354518969326728, 6.354394814699421, 6.354394814683573, 6.3543948146949285, 6.354394814713343, 6.354394814711543, 6.354394814711707, 6.354394814704119, 6.354394814696825, 6.354394814699238, 6.354394814697689, 6.3543948146962945, 6.354394814695414, 6.354394814692623, 6.354394814704489, 6.354394814695994, 6.354394814699423, 6.354394814702004, 6.354394814694436, 6.354394814704994, 6.3543948146929, 6.354394814704115, 6.354205563647654, 6.3542055636671835, 6.354205563653103, 6.354205563630631, 6.354205563632803, 6.354205563632681, 6.354205563641896, 6.354205563650992, 6.354205563647486, 6.354205563649765, 6.354205563651476, 6.354205563652172, 6.354205563656023, 6.35420556364144, 6.35420556365184, 6.35420556364764, 6.354205563644343, 6.354205563653818, 6.354205563640768, 6.354205563655673, 6.354205563641891, 6.353899811210219, 6.353899811185934, 6.353899811203497, 6.353899811231451, 6.35389981122875, 6.353899811228877, 6.353899811217227, 6.3538998112062535, 6.353899811210559, 6.353899811207654, 6.353899811205516, 6.353899811204627, 6.353899811199841, 6.353899811217905, 6.353899811204995, 6.353899811210224, 6.353899811214279, 6.35389981120255, 6.35389981121875, 6.353899811200327, 6.353899811217393, 6.353393369356244, 6.353393369386673, 6.353393369364783, 6.353393369329502, 6.353393369332985, 6.353393369332754, 6.353393369347425, 6.35339336936119, 6.353393369356153, 6.35339336935955, 6.353393369362186, 6.353393369363612, 6.3533933693692575, 6.353393369346546, 6.353393369362789, 6.3533933693562465, 6.353393369351216, 6.353393369365805, 6.353393369345534, 6.3533933693687255, 6.353393369347262, 6.35255388755503, 6.352553887516339, 6.352553887544084, 6.35255388758868, 6.35255388758441, 6.352553887584759, 6.352553887566347, 6.352553887548538, 6.352553887554936, 6.352553887550635, 6.352553887547463, 6.352553887545746, 6.352553887538492, 6.3525538875672725, 6.352553887546729, 6.352553887555034, 6.352553887561472, 6.35255388754284, 6.352553887568583, 6.352553887539185, 6.3525538875664616, 6.351219238439422, 6.351219238488233, 6.351219238453485, 6.35121923839668, 6.351219238402202, 6.351219238401832, 6.351219238425249, 6.351219238447615, 6.351219238439167, 6.351219238444904, 6.3512192384489845, 6.35121923845102, 6.3512192384603505, 6.351219238423906, 6.351219238449879, 6.351219238439424, 6.351219238431161, 6.3512192384547905, 6.351219238422291, 6.35121923845949, 6.351219238425122, 6.349349641200722, 6.349349641140342, 6.349349641183071, 6.349349641253341, 6.349349641246615, 6.349349641247088, 6.34934964121817, 6.349349641190714, 6.349349641201132, 6.349349641193998, 6.34934964118907, 6.34934964118608, 6.34934964117497, 6.349349641219855, 6.34934964118776, 6.34934964120072, 6.349349641210954, 6.349349641181681, 6.349349641221847, 6.349349641176107, 6.349349641218776, 6.347377357939598, 6.347377358009789, 6.347377357960748, 6.347377357878195, 6.347377357886269, 6.347377357885658, 6.347377357919303, 6.347377357951644, 6.347377357939323, 6.3473773579477735, 6.3473773579533, 6.347377357956744, 6.3473773579697355, 6.347377357917308, 6.347377357954592, 6.347377357939588, 6.347377357927547, 6.347377357961689, 6.347377357915014, 6.347377357968537, 6.347377357918835, 6.346584754723005, 6.34658475464902, 6.346584754699862, 6.346584754786955, 6.346584754779026, 6.34658475477968, 6.346584754744402, 6.346584754710276, 6.346584754723197, 6.346584754714033, 6.346584754708602, 6.3465847547046685, 6.346584754691438, 6.3465847547463055, 6.346584754707237, 6.346584754723002, 6.34658475473605, 6.346584754699699, 6.346584754748721, 6.346584754692865, 6.346584754744812, 6.348330349480616, 6.348330349545787, 6.3483303495019445, 6.348330349423707, 6.348330349431369, 6.348330349430708, 6.348330349462017, 6.34833034949203, 6.348330349480504, 6.348330349489058, 6.348330349493106, 6.348330349497643, 6.3483303495086405, 6.348330349459933, 6.348330349494462, 6.3483303494806185, 6.348330349468851, 6.348330349501155, 6.348330349457966, 6.348330349507461, 6.348330349460816, 6.351951310632673, 6.351951310589256, 6.351951310617594, 6.351951310670019, 6.351951310665377, 6.351951310665791, 6.351951310644398, 6.351951310625177, 6.351951310633168, 6.351951310626641, 6.351951310624128, 6.351951310621653, 6.351951310614224, 6.351951310646162, 6.351951310623568, 6.3519513106326695, 6.351951310640763, 6.351951310619164, 6.351951310647607, 6.351951310615028, 6.351951310645126, 6.354538733963947, 6.354538733976199, 6.3545387339691874, 6.354538733953568, 6.354538733954751, 6.354538733954541, 6.354538733960937, 6.354538733965862, 6.3545387339636195, 6.3545387339660095, 6.354538733966174, 6.35453873396717, 6.354538733969194, 6.354538733960079, 6.3545387339665576, 6.354538733963952, 6.354538733961305, 6.3545387339678765, 6.3545387339598065, 6.354538733968769, 6.354538733960302, 6.35424044267578, 6.354240442694717, 6.354240442681592, 6.354240442659769, 6.354240442661288, 6.354240442661068, 6.354240442670308, 6.354240442679001, 6.354240442675455, 6.354240442677928, 6.35424044267954, 6.354240442679996, 6.354240442683888, 6.354240442669831, 6.3542404426798065, 6.354240442675776, 6.354240442672244, 6.354240442681837, 6.354240442669232, 6.354240442683338, 6.354240442670759, 6.352067966074465, 6.352067966032407, 6.352067966060069, 6.352067966111517, 6.352067966106177, 6.352067966106481, 6.352067966086472, 6.3520679660671435, 6.352067966074756, 6.352067966068704, 6.352067966066558, 6.352067966063148, 6.352067966056344, 6.3520679660879, 6.352067966065501, 6.352067966074466, 6.352067966082444, 6.352067966061211, 6.352067966089033, 6.352067966057201, 6.352067966087758, 6.350462865851911, 6.350462865905538, 6.350462865870162, 6.350462865805918, 6.350462865811725, 6.350462865810982, 6.35046286583733, 6.3504628658613775, 6.350462865851808, 6.350462865859535, 6.350462865862352, 6.350462865866036, 6.350462865874688, 6.3504628658352384, 6.350462865863161, 6.350462865851916, 6.350462865842222, 6.350462865868691, 6.350462865833351, 6.350462865873927, 6.350462865836101, 6.351101867114836, 6.351101867065492, 6.351101867098155, 6.351101867157477, 6.351101867152267, 6.35110186715277, 6.351101867128596, 6.351101867106361, 6.351101867115006, 6.351101867108042, 6.35110186710515, 6.351101867102412, 6.351101867093687, 6.351101867130435, 6.351101867104391, 6.351101867114839, 6.351101867124208, 6.35110186709936, 6.351101867131798, 6.351101867094825, 6.351101867128935, 6.353283067627112, 6.353283067658233, 6.353283067637035, 6.353283067599659, 6.353283067603683, 6.353283067603523, 6.353283067617655, 6.353283067632671, 6.353283067626927, 6.353283067631206, 6.353283067632811, 6.353283067635769, 6.353283067640632, 6.353283067617151, 6.353283067633759, 6.3532830676271, 6.353283067621027, 6.353283067637069, 6.353283067616329, 6.353283067639907, 6.353283067617007, 6.35471504266485, 6.354715042658797, 6.3547150426638455, 6.354715042669836, 6.354715042669382, 6.3547150426694765, 6.3547150426664905, 6.354715042663422, 6.354715042664879, 6.3547150426642185, 6.354715042663438, 6.3547150426634955, 6.354715042662376, 6.354715042666698, 6.354715042663645, 6.354715042664852, 6.354715042665627, 6.354715042662948, 6.3547150426671575, 6.354715042662079, 6.354715042666575, 6.354231206373415, 6.354231206354785, 6.354231206366882, 6.354231206389605, 6.354231206387308, 6.35423120638753, 6.354231206378633, 6.354231206369736, 6.3542312063736155, 6.354231206370649, 6.354231206369861, 6.354231206367792, 6.354231206365434, 6.354231206379352, 6.354231206369532, 6.35423120637342, 6.354231206377049, 6.354231206367504, 6.354231206379962, 6.3542312063655215, 6.354231206379602, 6.352794296302821, 6.35279429633951, 6.3527942963144355, 6.352794296271591, 6.352794296275205, 6.3527942962748405, 6.352794296292812, 6.352794296309175, 6.3527942963026165, 6.3527942963077475, 6.352794296310134, 6.352794296311535, 6.3527942963183435, 6.352794296291506, 6.35279429631052, 6.352794296302822, 6.352794296296252, 6.352794296314237, 6.352794296290132, 6.352794296317765, 6.352794296292615, 6.352089117560829, 6.3520891175189345, 6.352089117547567, 6.352089117597922, 6.3520891175927785, 6.352089117593141, 6.352089117573344, 6.352089117553788, 6.352089117560838, 6.352089117555358, 6.352089117552884, 6.3520891175499, 6.3520891175425716, 6.35208911757438, 6.352089117551776, 6.35208911756083, 6.3520891175688154, 6.352089117547491, 6.352089117575324, 6.35208911754382, 6.352089117573535, 6.352812226062539, 6.352812226098521, 6.352812226073624, 6.352812226031577, 6.352812226035585, 6.352812226035311, 6.352812226051984, 6.352812226069465, 6.352812226062589, 6.352812226067376, 6.3528122260695, 6.352812226072723, 6.352812226077865, 6.352812226051219, 6.352812226070072, 6.352812226062532, 6.352812226055697, 6.352812226073887, 6.35281222605004, 6.352812226077599, 6.352812226051307, 6.354146904947968, 6.354146904927384, 6.3541469049412855, 6.354146904965342, 6.354146904963349, 6.354146904963743, 6.354146904953523, 6.354146904944293, 6.354146904948019, 6.354146904944971, 6.35414690494379, 6.354146904943246, 6.354146904939201, 6.354146904954309, 6.354146904943717, 6.354146904947959, 6.354146904951693, 6.354146904941563, 6.354146904955109, 6.35414690493962, 6.3541469049534784, 6.354766928784593, 6.354766928784803, 6.354766928785537, 6.354766928783765, 6.354766928784115, 6.354766928784305, 6.354766928784615, 6.3547669287839925, 6.354766928784425, 6.354766928784762, 6.354766928784421, 6.354766928784646, 6.354766928784793, 6.3547669287843185, 6.354766928784837, 6.354766928784597, 6.354766928784319, 6.354766928784721, 6.354766928784646, 6.354766928784471, 6.354766928784386, 6.354303851158057, 6.354303851175635, 6.354303851163225, 6.354303851142433, 6.354303851144444, 6.35430385114442, 6.3543038511526655, 6.35430385116079, 6.354303851158186, 6.354303851160304, 6.354303851161478, 6.354303851161787, 6.354303851165727, 6.354303851152351, 6.354303851161972, 6.354303851158063, 6.354303851154876, 6.354303851163626, 6.354303851152032, 6.354303851165095, 6.354303851153215, 6.353454176284472, 6.353454176255091, 6.353454176275033, 6.353454176310303, 6.353454176306669, 6.353454176306942, 6.353454176292931, 6.353454176279459, 6.35345417628468, 6.353454176280607, 6.353454176278956, 6.353454176276113, 6.35345417627178, 6.353454176293876, 6.353454176278228, 6.353454176284474, 6.353454176290183, 6.353454176275121, 6.353454176294678, 6.353454176272417, 6.353454176293706, 6.353086283337624, 6.353086283371171, 6.353086283348892, 6.35308628330924, 6.3530862833126225, 6.353086283312266, 6.353086283328527, 6.353086283344086, 6.35308628333734, 6.353086283342651, 6.353086283344261, 6.353086283346715, 6.3530862833517965, 6.35308628332726, 6.3530862833445365, 6.353086283337623, 6.353086283331181, 6.353086283348104, 6.353086283326028, 6.353086283351587, 6.353086283327604, 6.353496470447401, 6.3534964704184365, 6.35349647043686, 6.353496470472657, 6.35349647046927, 6.353496470469634, 6.3534964704554655, 6.3534964704425825, 6.353496470447383, 6.353496470442817, 6.353496470441894, 6.353496470440299, 6.353496470434875, 6.353496470456582, 6.353496470441185, 6.353496470447395, 6.35349647045307, 6.353496470438289, 6.3534964704572445, 6.353496470435847, 6.353496470455706, 6.354261735230374, 6.354261735248545, 6.354261735237056, 6.354261735214488, 6.35426173521667, 6.354261735216445, 6.354261735225526, 6.354261735233298, 6.3542617352303505, 6.354261735233033, 6.354261735233798, 6.354261735236015, 6.354261735238142, 6.3542617352245925, 6.354261735234206, 6.3542617352303745, 6.354261735226747, 6.35426173523604, 6.354261735224167, 6.354261735237839, 6.354261735224722, 6.354737658107523, 6.354737658102843, 6.354737658106144, 6.354737658111097, 6.354737658110825, 6.354737658110898, 6.354737658108592, 6.354737658106307, 6.354737658107686, 6.35473765810676, 6.354737658106487, 6.354737658106045, 6.35473765810569, 6.3547376581088395, 6.3547376581066475, 6.354737658107523, 6.354737658108374, 6.354737658106039, 6.354737658109241, 6.354737658105408, 6.354737658108977, 6.354649730408075, 6.354649730399234, 6.354649730404708, 6.354649730415355, 6.354649730414623, 6.354649730414763, 6.354649730410115, 6.354649730406351, 6.354649730408109, 6.354649730406786, 6.354649730406263, 6.354649730404719, 6.354649730404473, 6.354649730410728, 6.354649730406309, 6.354649730408068, 6.354649730409756, 6.354649730405318, 6.354649730411135, 6.354649730404256, 6.3546497304108485, 6.354205818961085, 6.354205818980482, 6.354205818968154, 6.354205818944536, 6.354205818946735, 6.3542058189464115, 6.354205818955872, 6.354205818964659, 6.354205818960923, 6.354205818964368, 6.3542058189648145, 6.354205818965847, 6.354205818969361, 6.354205818955077, 6.354205818965122, 6.354205818961081, 6.3542058189572685, 6.354205818967147, 6.354205818954423, 6.354205818968952, 6.3542058189553865, 6.353796288232331, 6.353796288207027, 6.353796288223516, 6.353796288254566, 6.3537962882515115, 6.353796288251652, 6.35379628823939, 6.3537962882281915, 6.353796288232504, 6.353796288228437, 6.353796288227581, 6.353796288225866, 6.353796288221365, 6.353796288240417, 6.353796288226876, 6.353796288232332, 6.353796288237448, 6.3537962882243475, 6.353796288240934, 6.353796288222184, 6.3537962882398835, 6.353696431904387, 6.353696431931071, 6.353696431912958, 6.353696431881529, 6.353696431884348, 6.353696431884004, 6.35369643189714, 6.35369643190913, 6.353696431904253, 6.353696431908094, 6.3536964319096505, 6.353696431912368, 6.353696431915679, 6.35369643189602, 6.353696431909933, 6.353696431904385, 6.353696431899221, 6.353696431912791, 6.353696431895095, 6.353696431915481, 6.353696431896411, 6.353936628693135, 6.353936628669581, 6.353936628685727, 6.353936628713485, 6.353936628710814, 6.353936628711033, 6.353936628700044, 6.3539366286888, 6.353936628693008, 6.3539366286896675, 6.353936628688559, 6.353936628687241, 6.353936628682979, 6.353936628700543, 6.35393662868813, 6.3539366286931385, 6.353936628697615, 6.353936628685707, 6.353936628701285, 6.3539366286834476, 6.35393662870021, 6.35432874051393, 6.354328740530984, 6.354328740519286, 6.3543287404988815, 6.354328740501005, 6.354328740500837, 6.35432874050875, 6.354328740516945, 6.354328740514014, 6.354328740516354, 6.354328740517132, 6.354328740518015, 6.354328740521368, 6.35432874050841, 6.354328740517627, 6.354328740513942, 6.354328740510684, 6.354328740519353, 6.354328740508048, 6.354328740520808, 6.354328740508854, 6.354649245744085, 6.354649245735121, 6.354649245741341, 6.354649245751659, 6.3546492457509185, 6.354649245750954, 6.354649245746414, 6.354649245742465, 6.35464924574428, 6.3546492457431425, 6.354649245742235, 6.354649245741046, 6.354649245740352, 6.354649245746832, 6.354649245742248, 6.354649245744076, 6.354649245745785, 6.354649245741305, 6.3546492457471855, 6.3546492457402906, 6.354649245746713, 6.354770060302557, 6.35477006030291, 6.354770060302925, 6.354770060302201, 6.3547700603023385, 6.354770060302327, 6.354770060302435, 6.354770060302614, 6.3547700603024815, 6.354770060302654, 6.354770060302553, 6.354770060302452, 6.354770060302724, 6.354770060302415, 6.354770060302634, 6.354770060302563, 6.354770060302433, 6.354770060302711, 6.354770060302401, 6.354770060302654, 6.354770060302363, 6.3546875966590175, 6.35468759666645, 6.3546875966610825, 6.354687596652682, 6.3546875966533936, 6.354687596653278, 6.354687596656968, 6.3546875966603436, 6.354687596658946, 6.354687596659806, 6.354687596660507, 6.35468759666142, 6.354687596662134, 6.354687596656675, 6.354687596660564, 6.354687596659027, 6.354687596657571, 6.354687596661379, 6.35468759665642, 6.354687596662124, 6.354687596656804, 6.354481693859615, 6.354481693845865, 6.354481693855154, 6.354481693871779, 6.354481693869978, 6.354481693870043, 6.354481693863864, 6.354481693857145, 6.354481693859643, 6.354481693857562, 6.354481693857034, 6.354481693856541, 6.354481693853563, 6.354481693864034, 6.3544816938566395, 6.354481693859608, 6.354481693862286, 6.354481693855216, 6.354481693864353, 6.354481693854045, 6.354481693863832, 6.354246134672683, 6.354246134691391, 6.354246134678904, 6.354246134656685, 6.3542461346586885, 6.354246134658426, 6.354246134667488, 6.35424613467616, 6.354246134672622, 6.3542461346754004, 6.354246134676355, 6.35424613467769, 6.354246134680637, 6.35424613466685, 6.35424613467659, 6.354246134672692, 6.354246134669125, 6.354246134678537, 6.354246134666208, 6.354246134680385, 6.354246134667207, 6.354044294105324, 6.354044294083419, 6.354044294097811, 6.354044294124199, 6.354044294121837, 6.354044294122094, 6.354044294111259, 6.354044294101482, 6.354044294105346, 6.354044294102146, 6.354044294101097, 6.354044294098839, 6.354044294096013, 6.354044294112212, 6.35404429410072, 6.354044294105314, 6.35404429410961, 6.354044294098451, 6.354044294112791, 6.354044294096349, 6.354044294111913, 6.353906503522058, 6.35390650354587, 6.353906503530409, 6.3539065035012685, 6.353906503504178, 6.353906503503902, 6.353906503515344, 6.353906503526205, 6.353906503522054, 6.353906503525898, 6.353906503526576, 6.353906503528241, 6.3539065035323725, 6.353906503514502, 6.3539065035271225, 6.353906503522059, 6.353906503517293, 6.353906503529556, 6.353906503513912, 6.353906503531733, 6.353906503514941, 6.353840849395044, 6.353840849370134, 6.353840849386562, 6.3538408494162235, 6.353840849413586, 6.353840849413911, 6.353840849401783, 6.3538408493905365, 6.3538408493951835, 6.3538408493910845, 6.353840849390162, 6.353840849388422, 6.353840849384461, 6.353840849402806, 6.35384084938984, 6.353840849395038, 6.353840849400012, 6.353840849387193, 6.353840849403637, 6.353840849384844, 6.3538408494023475, 6.353836121037509, 6.353836121062288, 6.353836121045808, 6.353836121015989, 6.353836121018847, 6.353836121018619, 6.353836121030725, 6.353836121041803, 6.353836121037396, 6.353836121041258, 6.353836121042275, 6.353836121044725, 6.353836121048146, 6.353836121029691, 6.35383612104272, 6.353836121037509, 6.353836121032537, 6.353836121045307, 6.353836121028982, 6.353836121047734, 6.353836121029953, 6.353875191612242, 6.353875191587906, 6.353875191604191, 6.353875191633421, 6.353875191630543, 6.353875191630831, 6.35387519161912, 6.353875191608043, 6.353875191612204, 6.353875191608497, 6.353875191607594, 6.3538751916058125, 6.353875191601757, 6.353875191619954, 6.353875191607054, 6.353875191612232, 6.353875191617045, 6.353875191604544, 6.35387519162059, 6.353875191602362, 6.353875191619498, 6.353934954655542, 6.353934954679156, 6.353934954663208, 6.353934954635359, 6.3539349546378565, 6.353934954637604, 6.3539349546488975, 6.353934954659921, 6.3539349546555455, 6.353934954659152, 6.35393495466021, 6.3539349546617006, 6.35393495466564, 6.353934954648141, 6.353934954660481, 6.353934954655535, 6.353934954650948, 6.353934954662966, 6.353934954647379, 6.353934954665264, 6.353934954648656, 6.353997092462967, 6.353997092440386, 6.353997092455554, 6.353997092482545, 6.353997092479918, 6.353997092480168, 6.353997092469418, 6.353997092458913, 6.353997092463039, 6.353997092459697, 6.353997092458646, 6.353997092456523, 6.353997092453269, 6.353997092470103, 6.353997092458223, 6.353997092462966, 6.3539970924674805, 6.353997092455825, 6.353997092470739, 6.353997092453704, 6.3539970924698785, 6.354047111306849, 6.354047111328673, 6.354047111314198, 6.354047111287832, 6.354047111290363, 6.354047111290179, 6.3540471113007015, 6.354047111310665, 6.354047111306771, 6.3540471113101, 6.354047111311025, 6.354047111312723, 6.354047111316257, 6.354047111299906, 6.354047111311507, 6.354047111306843, 6.3540471113024966, 6.354047111313744, 6.354047111299377, 6.354047111315754, 6.354047111300337, 6.354074810462153, 6.354074810440583, 6.354074810454812, 6.354074810480537, 6.354074810478211, 6.354074810478512, 6.354074810468038, 6.35407481045824, 6.354074810462202, 6.354074810458722, 6.354074810457927, 6.354074810456474, 6.354074810452955, 6.354074810468841, 6.354074810457652, 6.354074810462154, 6.354074810466374, 6.354074810455399, 6.354074810469574, 6.354074810453332, 6.354074810468409, 6.354069932352437, 6.354069932373848, 6.354069932359891, 6.354069932333932, 6.354069932336419, 6.35406993233616, 6.354069932346562, 6.354069932356261, 6.354069932352446, 6.354069932355912, 6.354069932356516, 6.354069932358657, 6.354069932361614, 6.354069932345693, 6.354069932356943, 6.354069932352434, 6.354069932348047, 6.354069932359196, 6.354069932345103, 6.354069932361254, 6.354069932345852, 6.354023523445786, 6.354023523423605, 6.354023523438066, 6.35402352346499, 6.354023523462434, 6.354023523462701, 6.354023523451811, 6.354023523441982, 6.3540235234458375, 6.354023523442146, 6.354023523441522, 6.354023523439527, 6.354023523436258, 6.354023523452792, 6.354023523441134, 6.354023523445798, 6.354023523450352, 6.3540235234388245, 6.354023523453334, 6.354023523436761, 6.354023523452376, 6.353914420118654, 6.35391442014254, 6.353914420126828, 6.353914420098194, 6.3539144201008355, 6.353914420100516, 6.353914420112226, 6.353914420122844, 6.3539144201185325, 6.353914420122555, 6.35391442012331, 6.353914420125003, 6.353914420128856, 6.353914420111217, 6.353914420123652, 6.353914420118654, 6.353914420113838, 6.35391442012617, 6.353914420110461, 6.353914420128406, 6.353914420111723, 6.353716675544833, 6.3537166755185215, 6.35371667553593, 6.353716675567627, 6.353716675564534, 6.353716675564782, 6.353716675552179, 6.353716675540089, 6.353716675544891, 6.353716675540686, 6.353716675539798, 6.353716675537453, 6.353716675533533, 6.353716675553162, 6.353716675539296, 6.3537166755448276, 6.353716675550144, 6.353716675536501, 6.353716675553913, 6.3537166755339936, 6.3537166755529615, 6.353387200412598, 6.353387200442801, 6.353387200422644, 6.3533872003864715, 6.353387200389908, 6.353387200389557, 6.35338720040405, 6.353387200418048, 6.353387200412625, 6.353387200417195, 6.353387200418429, 6.353387200421004, 6.353387200425578, 6.353387200403085, 6.353387200418946, 6.353387200412604, 6.353387200406586, 6.35338720042211, 6.353387200402252, 6.353387200424985, 6.353387200403583, 6.352874160190144, 6.352874160154695, 6.352874160178462, 6.352874160220659, 6.352874160216781, 6.3528741602172145, 6.352874160200188, 6.352874160183726, 6.352874160190055, 6.352874160184752, 6.35287416018324, 6.352874160180603, 6.352874160174941, 6.352874160201313, 6.35287416018267, 6.35287416019013, 6.352874160197196, 6.352874160178986, 6.35287416020229, 6.352874160175679, 6.352874160200558, 6.352110796280537, 6.3521107963223225, 6.352110796294397, 6.352110796244338, 6.352110796249215, 6.352110796248772, 6.352110796268652, 6.3521107962881445, 6.352110796280511, 6.352110796286999, 6.352110796288569, 6.352110796292125, 6.352110796298564, 6.352110796267317, 6.352110796289323, 6.352110796280544, 6.352110796272126, 6.352110796293755, 6.352110796266165, 6.352110796297753, 6.352110796267916, 6.351086255187981, 6.351086255138674, 6.351086255171546, 6.351086255230476, 6.351086255224886, 6.351086255225442, 6.351086255201779, 6.351086255179065, 6.3510862551880605, 6.351086255180187, 6.35108625517851, 6.351086255174188, 6.351086255166887, 6.3510862552034855, 6.351086255177624, 6.351086255187987, 6.351086255197995, 6.351086255172428, 6.351086255204922, 6.351086255167796, 6.351086255202913, 6.349895862226327, 6.349895862282917, 6.349895862245445, 6.349895862177443, 6.349895862183924, 6.3498958621832635, 6.349895862210693, 6.3498958622365125, 6.349895862226311, 6.349895862235576, 6.349895862237258, 6.349895862241993, 6.34989586225069, 6.349895862208498, 6.349895862238163, 6.349895862226333, 6.349895862214698, 6.349895862244151, 6.3498958622069885, 6.349895862249533, 6.34989586220959, 6.348989349749919, 6.348989349688261, 6.348989349728896, 6.348989349802933, 6.348989349795901, 6.348989349796671, 6.348989349767054, 6.348989349738834, 6.3489893497498135, 6.3489893497395355, 6.348989349738083, 6.348989349732406, 6.348989349723479, 6.348989349769273, 6.348989349736973, 6.348989349749926, 6.348989349762811, 6.348989349730485, 6.348989349770988, 6.348989349724764, 6.348989349768438, 6.348987109211781, 6.348987109273145, 6.3489871092326915, 6.348987109158816, 6.348987109166099, 6.348987109165286, 6.348987109194887, 6.348987109223009, 6.34898710921205, 6.348987109222422, 6.348987109223552, 6.3489871092296655, 6.348987109238205, 6.348987109192449, 6.348987109224554, 6.348987109211776, 6.348987109198831, 6.348987109231178, 6.348987109190794, 6.348987109237142, 6.348987109193151, 6.350394646972436, 6.3503946469186685, 6.350394646954202, 6.350394647018479, 6.350394647012435, 6.350394647013157, 6.350394646987079, 6.3503946469628, 6.350394646972234, 6.350394646962976, 6.350394646962005, 6.350394646957099, 6.350394646949445, 6.3503946469892005, 6.350394646961246, 6.35039464697244, 6.350394646983828, 6.350394646955573, 6.350394646990716, 6.35039464695053, 6.350394646988223, 6.352607502540249, 6.352607502577761, 6.352607502552941, 6.352607502507832, 6.352607502512283, 6.352607502511755, 6.352607502529859, 6.352607502546944, 6.352607502540452, 6.352607502546993, 6.352607502547354, 6.352607502551229, 6.352607502556433, 6.352607502528382, 6.352607502548131, 6.35260750254025, 6.3526075025321305, 6.352607502552188, 6.352607502527477, 6.35260750255563, 6.3526075025287945, 6.35435718342869, 6.35435718341229, 6.354357183423312, 6.354357183442916, 6.354357183440846, 6.354357183440989, 6.354357183433176, 6.35435718342564, 6.354357183428605, 6.35435718342569, 6.354357183425489, 6.354357183423726, 6.3543571834216435, 6.35435718343384, 6.354357183425346, 6.3543571834286885, 6.3543571834322385, 6.35435718342355, 6.3543571834343595, 6.354357183421811, 6.354357183433774, 6.354721171997016, 6.354721171991599, 6.354721171995088, 6.354721172002027, 6.35472117200104, 6.3547211720010335, 6.354721171998604, 6.354721171995942, 6.354721171996915, 6.354721171996014, 6.354721171996029, 6.354721171995139, 6.354721171994614, 6.3547211719988015, 6.3547211719959344, 6.354721171997028, 6.354721171998231, 6.354721171995314, 6.3547211719989, 6.354721171994649, 6.354721171999025, 6.353842755211588, 6.353842755236405, 6.3538427552199295, 6.353842755190692, 6.3538427551931855, 6.3538427551928, 6.353842755204901, 6.3538427552161, 6.353842755211651, 6.353842755215999, 6.353842755216464, 6.353842755218715, 6.353842755222127, 6.353842755203925, 6.35384275521671, 6.353842755211584, 6.353842755206288, 6.353842755219417, 6.353842755203088, 6.3538427552217565, 6.353842755204445, 6.352545616901213, 6.352545616863112, 6.352545616888301, 6.352545616934296, 6.3525456169297225, 6.352545616930196, 6.352545616911805, 6.352545616894414, 6.35254561690106, 6.3525456168945, 6.352545616893914, 6.352545616890313, 6.352545616884759, 6.35254561691333, 6.352545616893211, 6.3525456169012084, 6.3525456169094765, 6.3525456168891665, 6.352545616914153, 6.352545616885675, 6.352545616912671, 6.3517137938192185, 6.351713793863925, 6.351713793834143, 6.351713793780677, 6.351713793785997, 6.351713793785445, 6.351713793806693, 6.351713793827472, 6.351713793819422, 6.351713793826971, 6.351713793827739, 6.351713793832387, 6.3517137938384485, 6.351713793805221, 6.3517137938285115, 6.351713793819217, 6.3517137938097, 6.351713793833313, 6.3517137938039765, 6.351713793837626, 6.351713793805599, 6.351908890068615, 6.351908890025244, 6.351908890054161, 6.3519088901056255, 6.351908890100944, 6.351908890101564, 6.351908890080716, 6.351908890060415, 6.351908890068385, 6.351908890061187, 6.351908890060109, 6.351908890056088, 6.351908890050038, 6.351908890082247, 6.35190889005958, 6.351908890068603, 6.351908890077758, 6.351908890054911, 6.351908890083433, 6.351908890050775, 6.351908890081436, 6.352957393665968, 6.352957393700361, 6.352957393677496, 6.352957393636137, 6.352957393640299, 6.352957393639908, 6.352957393656045, 6.352957393672295, 6.3529573936663315, 6.352957393671844, 6.352957393672435, 6.352957393675881, 6.352957393680844, 6.352957393655121, 6.352957393673206, 6.35295739366597, 6.352957393658638, 6.352957393676785, 6.352957393654339, 6.3529573936799935, 6.352957393655507, 6.354152046965148, 6.354152046945091, 6.354152046958466, 6.35415204698243, 6.3541520469801265, 6.354152046980444, 6.354152046970819, 6.354152046961319, 6.354152046964959, 6.354152046961674, 6.35415204696122, 6.354152046959087, 6.354152046956502, 6.354152046971503, 6.354152046960995, 6.354152046965137, 6.354152046969393, 6.354152046958798, 6.354152046971999, 6.354152046956849, 6.35415204697116, 6.354749213624335, 6.354749213628162, 6.354749213625571, 6.354749213621406, 6.354749213621571, 6.354749213621525, 6.35474921362346, 6.354749213625049, 6.354749213624321, 6.354749213625056, 6.354749213625149, 6.354749213625413, 6.3547492136258334, 6.354749213623249, 6.354749213625106, 6.354749213624342, 6.354749213623485, 6.354749213625514, 6.354749213623042, 6.354749213625897, 6.35474921362337, 6.354556883777033, 6.3545568837889945, 6.354556883780922, 6.3545568837671595, 6.354556883768117, 6.354556883767971, 6.3545568837737125, 6.3545568837794235, 6.354556883777118, 6.354556883778894, 6.354556883779469, 6.354556883780543, 6.354556883782021, 6.354556883773352, 6.35455688377952, 6.354556883777042, 6.354556883774606, 6.354556883780763, 6.354556883772959, 6.354556883781984, 6.354556883773723, 6.35388210816069, 6.3538821081366335, 6.353882108152658, 6.353882108181577, 6.353882108178612, 6.353882108178962, 6.353882108167673, 6.353882108156162, 6.353882108160452, 6.353882108156586, 6.353882108156127, 6.35388210815373, 6.353882108150208, 6.353882108168324, 6.353882108155661, 6.3538821081606836, 6.353882108165828, 6.353882108153072, 6.353882108168853, 6.353882108150852, 6.3538821081680545, 6.353196380361669, 6.3531963803937, 6.3531963803723235, 6.35319638033401, 6.353196380337744, 6.3531963803374, 6.353196380352602, 6.353196380367626, 6.353196380361883, 6.353196380367305, 6.353196380367824, 6.353196380371026, 6.3531963803754365, 6.353196380351525, 6.353196380368387, 6.353196380361658, 6.353196380354812, 6.353196380371776, 6.353196380350767, 6.353196380374864, 6.353196380351988, 6.3528874861515305, 6.352887486116237, 6.352887486139798, 6.352887486181542, 6.352887486177686, 6.352887486178274, 6.352887486161118, 6.352887486145032, 6.352887486151403, 6.3528874861452875, 6.352887486144643, 6.35288748614114, 6.352887486136447, 6.352887486162523, 6.352887486144253, 6.352887486151532, 6.352887486159143, 6.352887486140421, 6.352887486163551, 6.352887486137086, 6.35288748616191, 6.35307213276256, 6.353072132795719, 6.353072132773925, 6.353072132733752, 6.353072132737829, 6.353072132737471, 6.353072132753305, 6.35307213276858, 6.353072132762751, 6.353072132768707, 6.353072132768829, 6.353072132772435, 6.353072132776885, 6.353072132752056, 6.353072132769504, 6.353072132762553, 6.353072132755217, 6.353072132773046, 6.353072132751328, 6.3530721327761634, 6.353072132752387, 6.353630208803389, 6.353630208776042, 6.35363020879388, 6.3536302088267, 6.353630208823598, 6.353630208824035, 6.353630208810775, 6.353630208798334, 6.353630208803212, 6.3536302087982, 6.353630208798115, 6.353630208795246, 6.353630208791664, 6.353630208811925, 6.353630208797696, 6.353630208803389, 6.35363020880938, 6.35363020879476, 6.353630208812639, 6.3536302087922145, 6.3536302088115155, 6.354251973850011, 6.354251973868513, 6.354251973856499, 6.354251973834378, 6.354251973836337, 6.354251973836034, 6.354251973845218, 6.3542519738534065, 6.354251973850167, 6.3542519738535415, 6.354251973853625, 6.3542519738556225, 6.354251973857848, 6.354251973844291, 6.3542519738537955, 6.3542519738500145, 6.354251973845971, 6.3542519738557495, 6.354251973843773, 6.354251973857591, 6.3542519738446, 6.3546678204811995, 6.354667820473161, 6.354667820478299, 6.354667820488416, 6.354667820487236, 6.354667820487326, 6.354667820483447, 6.354667820479833, 6.354667820481105, 6.3546678204795635, 6.354667820479758, 6.354667820478663, 6.354667820477666, 6.354667820483792, 6.354667820479477, 6.354667820481196, 6.3546678204830505, 6.3546678204786105, 6.354667820483891, 6.354667820477941, 6.354667820483775, 6.354764989175082, 6.354764989173315, 6.354764989174371, 6.354764989176801, 6.354764989176492, 6.354764989176489, 6.354764989175622, 6.354764989174752, 6.354764989175008, 6.354764989174784, 6.354764989174802, 6.354764989174444, 6.354764989174282, 6.354764989175677, 6.354764989174687, 6.354764989175078, 6.354764989175417, 6.354764989174495, 6.354764989175676, 6.354764989174369, 6.354764989175735, 6.354592662203809, 6.354592662214573, 6.354592662207624, 6.35459266219452, 6.3545926621958175, 6.354592662195634, 6.354592662200854, 6.3545926622057385, 6.354592662203934, 6.354592662205854, 6.354592662205823, 6.3545926622070565, 6.354592662208443, 6.3545926622004085, 6.354592662206051, 6.354592662203802, 6.354592662201445, 6.35459266220718, 6.354592662200201, 6.354592662208157, 6.3545926622005755, 6.3542682712416125, 6.354268271223441, 6.35426827123541, 6.3542682712570056, 6.354268271255094, 6.354268271255318, 6.354268271246453, 6.354268271238232, 6.354268271241515, 6.354268271238156, 6.354268271238028, 6.354268271236231, 6.354268271233846, 6.354268271247252, 6.354268271237867, 6.3542682712416125, 6.3542682712456635, 6.354268271235879, 6.354268271247789, 6.354268271234116, 6.354268271246938, 6.35390178609618, 6.353901786119925, 6.353901786104242, 6.353901786075605, 6.3539017860785645, 6.353901786078189, 6.353901786089648, 6.353901786100473, 6.35390178609628, 6.35390178610068, 6.3539017861006934, 6.353901786103311, 6.353901786106423, 6.353901786088687, 6.353901786101136, 6.353901786096184, 6.353901786090889, 6.353901786103719, 6.353901786088103, 6.353901786105919, 6.3539017860889455, 6.353574794481968, 6.353574794453967, 6.353574794472561, 6.353574794506035, 6.353574794502776, 6.353574794503146, 6.353574794489593, 6.353574794476871, 6.3535747944817835, 6.353574794476774, 6.353574794476613, 6.353574794473613, 6.3535747944699414, 6.3535747944907435, 6.353574794476113, 6.3535747944819665, 6.3535747944881, 6.353574794473158, 6.353574794491429, 6.353574794470533, 6.3535747944904495, 6.353327012084519, 6.35332701211526, 6.353327012094857, 6.353327012058212, 6.353327012061717, 6.353327012061221, 6.353327012076055, 6.3533270120903085, 6.35332701208482, 6.353327012090186, 6.353327012090497, 6.353327012093676, 6.353327012097702, 6.353327012074895, 6.353327012090868, 6.35332701208452, 6.3533270120778536, 6.35332701209421, 6.353327012074072, 6.353327012097171, 6.3533270120754155, 6.353190631202719, 6.353190631170619, 6.3531906311918345, 6.35319063123031, 6.353190631226586, 6.353190631227024, 6.35319063121186, 6.353190631196698, 6.353190631202321, 6.353190631196872, 6.3531906311965605, 6.353190631193129, 6.353190631188872, 6.353190631212836, 6.3531906311960045, 6.353190631202728, 6.353190631209744, 6.353190631192604, 6.353190631213574, 6.3531906311895785, 6.3531906312124065, 6.353161958893653, 6.353161958926014, 6.353161958904513, 6.353161958865781, 6.3531619588695705, 6.353161958869081, 6.353161958884516, 6.353161958899774, 6.353161958894011, 6.353161958899427, 6.353161958899859, 6.353161958903333, 6.353161958907612, 6.353161958883437, 6.353161958900387, 6.3531619588936525, 6.353161958886634, 6.353161958903847, 6.353161958882677, 6.353161958906936, 6.353161958883929, 6.353254175961249, 6.3532541759296715, 6.35325417595081, 6.3532541759882575, 6.353254175984746, 6.353254175985168, 6.3532541759701155, 6.353254175955238, 6.35325417596101, 6.353254175955659, 6.353254175955122, 6.3532541759519034, 6.35325417594772, 6.353254175971107, 6.3532541759546755, 6.353254175961249, 6.353254175968023, 6.353254175951324, 6.353254175971968, 6.353254175948304, 6.353254175970658, 6.353429530274673, 6.353429530304175, 6.353429530284518, 6.353429530249225, 6.353429530252706, 6.353429530252317, 6.35342953026622, 6.35342953028029, 6.3534295302749175, 6.353429530279918, 6.353429530280299, 6.353429530283414, 6.35342953028744, 6.353429530265308, 6.35342953028084, 6.353429530274674, 6.353429530268204, 6.353429530284025, 6.353429530264649, 6.353429530286805, 6.353429530265694, 6.353667035488332, 6.353667035461505, 6.35366703547928, 6.353667035511374, 6.35366703550833, 6.353667035508664, 6.353667035495984, 6.353667035483219, 6.353667035488072, 6.353667035483537, 6.353667035483141, 6.353667035480296, 6.3536670354767635, 6.35366703549677, 6.353667035482756, 6.353667035488337, 6.3536670354942055, 6.353667035479879, 6.353667035497426, 6.353667035477306, 6.353667035496361, 6.35391318821508, 6.3539131882387485, 6.3539131882231175, 6.353913188194845, 6.35391318819749, 6.353913188197069, 6.353913188208488, 6.3539131882196, 6.35391318821536, 6.35391318821939, 6.353913188219657, 6.3539131882222115, 6.3539131882252295, 6.353913188207641, 6.353913188219993, 6.35391318821508, 6.3539131882099715, 6.353913188222507, 6.353913188207075, 6.353913188224778, 6.3539131882080815, 6.354143103020605, 6.354143103000379, 6.354143103013735, 6.354143103038071, 6.3541431030356055, 6.3541431030359155, 6.354143103026252, 6.354143103016796, 6.3541431030203235, 6.354143103016821, 6.354143103016772, 6.354143103014518, 6.354143103011889, 6.354143103026973, 6.3541431030163995, 6.354143103020594, 6.354143103025046, 6.35414310301426, 6.354143103027414, 6.354143103012338, 6.354143103026762, 6.354330588138713, 6.354330588155621, 6.354330588144359, 6.35433058812425, 6.354330588126159, 6.354330588125917, 6.354330588133979, 6.3543305881418854, 6.354330588138925, 6.354330588141932, 6.3543305881420045, 6.354330588143869, 6.354330588145993, 6.354330588133412, 6.354330588142222, 6.354330588138715, 6.354330588134934, 6.354330588144068, 6.354330588132956, 6.354330588145683, 6.354330588133656, 6.354472227247141, 6.3544722272332015, 6.35447222724256, 6.354472227259098, 6.354472227257492, 6.354472227257687, 6.354472227251007, 6.354472227244574, 6.354472227246947, 6.354472227244523, 6.354472227244404, 6.354472227242902, 6.354472227241133, 6.354472227251553, 6.354472227244242, 6.354472227247152, 6.354472227250285, 6.35447222724273, 6.354472227251887, 6.354472227241387, 6.354472227251254, 6.354569384809758, 6.354569384821226, 6.354569384813518, 6.3545693847998415, 6.354569384801252, 6.3545693848010725, 6.354569384806504, 6.354569384811819, 6.354569384809944, 6.3545693848118905, 6.354569384811923, 6.354569384813179, 6.3545693848147105, 6.354569384806154, 6.354569384812159, 6.354569384809761, 6.354569384807251, 6.35456938481336, 6.3545693848059015, 6.3545693848144404, 6.354569384806257, 6.354630467930486, 6.354630467920904, 6.354630467927328, 6.354630467938677, 6.354630467937585, 6.354630467937716, 6.354630467933176, 6.354630467928606, 6.354630467930344, 6.354630467928733, 6.354630467928608, 6.354630467927596, 6.354630467926387, 6.3546304679335, 6.3546304679284855, 6.354630467930479, 6.354630467932482, 6.354630467927461, 6.354630467933749, 6.354630467926507, 6.354630467933366, 6.3546635464986725, 6.354663546507059, 6.354663546501529, 6.354663546491566, 6.35466354649245, 6.3546635464923344, 6.354663546496278, 6.354663546500324, 6.354663546498779, 6.35466354650011, 6.3546635465003085, 6.354663546501185, 6.354663546502257, 6.354663546496075, 6.3546635465004115, 6.354663546498666, 6.3546635464968695, 6.3546635465012775, 6.354663546495819, 6.3546635465021035, 6.35466354649618, 6.354676545653885, 6.354676545646153, 6.3546765456511105, 6.354676545660674, 6.354676545659739, 6.354676545659836, 6.3546765456561936, 6.3546765456523975, 6.354676545653829, 6.354676545652576, 6.35467654565242, 6.35467654565158, 6.354676545650485, 6.354676545656379, 6.354676545652269, 6.354676545653893, 6.354676545655598, 6.354676545651413, 6.354676545656475, 6.3546765456507375, 6.354676545656231, 6.354671709778401, 6.354671709786458, 6.354671709781216, 6.354671709771533, 6.354671709772408, 6.354671709772319, 6.35467170977614, 6.354671709780026, 6.3546717097784144, 6.354671709779762, 6.3546717097799625, 6.354671709780777, 6.354671709781842, 6.35467170977589, 6.3546717097800824, 6.354671709778399, 6.354671709776677, 6.354671709780921, 6.354671709775685, 6.354671709781695, 6.354671709776015, 6.35464454941619, 6.354644549407094, 6.354644549413108, 6.354644549423949, 6.354644549422906, 6.354644549423091, 6.354644549418731, 6.354644549414375, 6.354644549416148, 6.354644549414596, 6.3546445494144495, 6.354644549413486, 6.354644549412269, 6.354644549419031, 6.354644549414328, 6.354644549416202, 6.354644549418147, 6.354644549413349, 6.354644549419281, 6.354644549412453, 6.3546445494189605, 6.3545799360701665, 6.354579936081285, 6.354579936073866, 6.354579936060525, 6.3545799360618425, 6.354579936061747, 6.354579936066976, 6.354579936072256, 6.354579936070273, 6.354579936072192, 6.354579936072283, 6.3545799360735025, 6.354579936074957, 6.354579936066645, 6.354579936072507, 6.354579936070157, 6.3545799360677195, 6.354579936073679, 6.354579936066413, 6.3545799360747335, 6.354579936066804, 6.354444161990198, 6.354444161975571, 6.35444416198541, 6.354444162002709, 6.354444162001051, 6.354444162001322, 6.354444161994289, 6.354444161987467, 6.354444161990019, 6.354444161987519, 6.35444416198737, 6.3544441619857714, 6.354444161983897, 6.3544441619948, 6.354444161987157, 6.354444161990196, 6.354444161993425, 6.354444161985596, 6.354444161995154, 6.354444161984197, 6.354444161994526, 6.354155984955411, 6.354155984975431, 6.354155984962072, 6.354155984938234, 6.354155984940548, 6.354155984940244, 6.354155984949803, 6.3541559849592, 6.354155984955678, 6.35415598495914, 6.354155984959269, 6.354155984961475, 6.354155984964033, 6.354155984949123, 6.354155984959579, 6.354155984955414, 6.354155984950975, 6.354155984961717, 6.354155984948655, 6.354155984963638, 6.354155984949423, 6.353541033164682, 6.353541033136402, 6.353541033155128, 6.3535410331889555, 6.353541033185667, 6.353541033186117, 6.353541033172668, 6.353541033159326, 6.353541033164278, 6.353541033159344, 6.353541033159287, 6.35354103315609, 6.353541033152491, 6.3535410331735855, 6.353541033158784, 6.353541033164686, 6.353541033170929, 6.353541033155759, 6.35354103317426, 6.3535410331530935, 6.353541033173257, 6.3522160643006185, 6.352216064341353, 6.35221606431448, 6.352216064265657, 6.352216064270331, 6.352216064269761, 6.3522160642893, 6.3522160643083385, 6.352216064301121, 6.35221606430825, 6.352216064308498, 6.35221606431295, 6.352216064318171, 6.352216064287821, 6.352216064309032, 6.352216064300624, 6.352216064291633, 6.352216064313411, 6.352216064286867, 6.352216064317388, 6.352216064288522, 6.349503999159544, 6.3495039991009365, 6.349503999139754, 6.349503999209671, 6.349503999202954, 6.349503999203914, 6.3495039991759965, 6.349503999148413, 6.349503999158722, 6.349503999148502, 6.349503999148351, 6.349503999141623, 6.349503999134419, 6.349503999177906, 6.349503999147316, 6.349503999159555, 6.3495039991725015, 6.349503999141062, 6.349503999179332, 6.349503999135583, 6.349503999177322, 6.344474380861512, 6.344474380942889, 6.344474380889113, 6.344474380791438, 6.344474380801046, 6.34447438079992, 6.344474380838706, 6.344474380877209, 6.344474380862682, 6.3444743808768616, 6.344474380877274, 6.344474380886337, 6.34447438089676, 6.34447438083587, 6.344474380878293, 6.344474380861504, 6.344474380843473, 6.3444743808871245, 6.344474380834081, 6.344474380895111, 6.344474380837406, 6.338153351249905, 6.338153351146024, 6.338153351215052, 6.338153351338257, 6.3381533513266275, 6.33815335132846, 6.338153351279625, 6.338153351229767, 6.338153351247846, 6.338153351230323, 6.338153351230049, 6.338153351217776, 6.338153351205465, 6.338153351282341, 6.338153351228275, 6.3381533512498995, 6.338153351272962, 6.338153351217213, 6.338153351284952, 6.338153351207495, 6.338153351281464, 6.335833017917709, 6.335833018027007, 6.335833017953843, 6.335833017823367, 6.335833017836808, 6.335833017835089, 6.3358330178857205, 6.335833017939859, 6.335833017921102, 6.335833017938599, 6.33583301793875, 6.335833017952487, 6.335833017965266, 6.335833017883165, 6.33583301794014, 6.335833017917701, 6.335833017893737, 6.33583301795218, 6.335833017880841, 6.335833017963347, 6.335833017884513, 6.3442760057981396, 6.344276005715539, 6.344276005770791, 6.344276005867766, 6.344276005859415, 6.3442760058611425, 6.344276005822905, 6.344276005781144, 6.344276005794429, 6.344276005782859, 6.344276005781636, 6.344276005772249, 6.344276005762661, 6.344276005823793, 6.344276005781154, 6.34427600579814, 6.344276005816128, 6.34427600577252, 6.344276005825619, 6.344276005764417, 6.344276005821258, 6.353828586500917, 6.353828586524341, 6.353828586508542, 6.353828586480581, 6.353828586483346, 6.35382858648248, 6.35382858649209, 6.3538285865063315, 6.353828586504038, 6.353828586505034, 6.353828586505263, 6.353828586509464, 6.353828586511425, 6.353828586493111, 6.353828586506006, 6.353828586500911, 6.353828586496052, 6.353828586508433, 6.353828586493109, 6.353828586510791, 6.353828586493117, 6.352437148497099, 6.352437148535724, 6.352437148512146, 6.352437148464392, 6.352437148467934, 6.352437148467388, 6.352437148486999, 6.352437148504309, 6.352437148495691, 6.352437148504417, 6.35243714850434, 6.352437148508305, 6.352437148513833, 6.352437148484868, 6.352437148505215, 6.352437148497108, 6.352437148487136, 6.3524371485094235, 6.352437148484496, 6.352437148512316, 6.352437148486384, 6.345206588909595, 6.345206588831869, 6.345206588882004, 6.345206588976994, 6.34520658896665, 6.345206588967729, 6.345206588932875, 6.345206588893217, 6.345206588907943, 6.345206588894646, 6.345206588895334, 6.345206588883649, 6.345206588875985, 6.345206588934178, 6.345206588893519, 6.3452065889095834, 6.345206588927247, 6.345206588885165, 6.3452065889356755, 6.345206588877444, 6.34520658893545, 6.3454250245470964, 6.345425024624642, 6.345425024571155, 6.345425024482084, 6.345425024490322, 6.345425024488091, 6.345425024523868, 6.345425024563813, 6.34542502455194, 6.345425024561805, 6.345425024562559, 6.345425024572046, 6.345425024580243, 6.345425024523185, 6.345425024562921, 6.345425024547094, 6.345425024531702, 6.3454250245711945, 6.345425024520836, 6.345425024579679, 6.345425024524361, 6.352835241086647, 6.35283524105214, 6.352835241077961, 6.352835241116516, 6.352835241113338, 6.352835241114279, 6.352835241099264, 6.352835241079871, 6.352835241080731, 6.352835241080779, 6.352835241078918, 6.352835241075919, 6.352835241071122, 6.352835241097923, 6.352835241079366, 6.352835241086638, 6.352835241093411, 6.352835241076152, 6.352835241097816, 6.3528352410725955, 6.352835241094018, 6.353871559113228, 6.353871559088779, 6.353871559103124, 6.35387155913353, 6.353871559130966, 6.3538715591309805, 6.353871559116845, 6.353871559108607, 6.353871559116603, 6.353871559108031, 6.353871559108773, 6.353871559107685, 6.353871559103472, 6.353871559120331, 6.353871559108492, 6.353871559113227, 6.353871559118627, 6.353871559105888, 6.3538715591212265, 6.353871559103705, 6.3538715591201615, 6.348722293325607, 6.348722293387538, 6.3487222933476675, 6.348722293271791, 6.348722293278926, 6.348722293278011, 6.348722293307249, 6.348722293337075, 6.348722293326666, 6.348722293337173, 6.3487222933372935, 6.348722293344832, 6.348722293352876, 6.3487222933059115, 6.348722293338619, 6.348722293325594, 6.3487222933105585, 6.348722293345084, 6.348722293305409, 6.348722293350292, 6.348722293308226, 6.348812577455201, 6.348812577394569, 6.3488125774359006, 6.348812577506794, 6.348812577500123, 6.348812577501351, 6.348812577475391, 6.348812577441579, 6.348812577450465, 6.348812577443996, 6.3488125774428426, 6.348812577433264, 6.348812577428609, 6.348812577474741, 6.348812577442753, 6.348812577455207, 6.348812577468842, 6.348812577435806, 6.348812577475926, 6.348812577429129, 6.348812577474048, 6.353667378238269, 6.353667378264132, 6.353667378243011, 6.353667378217199, 6.353667378219974, 6.353667378218305, 6.35366737822833, 6.353667378245019, 6.3536673782446345, 6.353667378243098, 6.3536673782436965, 6.353667378246957, 6.353667378249125, 6.353667378230601, 6.353667378243579, 6.353667378238268, 6.353667378235335, 6.353667378245816, 6.3536673782294555, 6.353667378249464, 6.353667378230654, 6.3538888655040315, 6.353888865526798, 6.35388886551511, 6.3538888654857235, 6.3538888654880745, 6.353888865488368, 6.353888865499883, 6.353888865509105, 6.353888865499398, 6.353888865508734, 6.35388886550794, 6.353888865511438, 6.353888865513251, 6.353888865497436, 6.353888865508378, 6.353888865504027, 6.353888865496982, 6.353888865511469, 6.353888865496136, 6.3538888655135475, 6.353888865495774, 6.3504522994331465, 6.350452299380044, 6.350452299414618, 6.350452299479053, 6.350452299472162, 6.35045229947344, 6.350452299447721, 6.350452299421917, 6.350452299432731, 6.350452299422384, 6.35045229942379, 6.350452299417699, 6.35045229941052, 6.350452299449681, 6.3504522994221215, 6.3504522994331545, 6.350452299444092, 6.350452299416846, 6.350452299450551, 6.350452299411958, 6.350452299450143, 6.351067606560555, 6.351067606608954, 6.351067606574113, 6.351067606518987, 6.351067606524323, 6.351067606523053, 6.351067606544521, 6.351067606570231, 6.351067606566099, 6.351067606569202, 6.351067606570403, 6.351067606576788, 6.351067606581563, 6.351067606545253, 6.351067606570727, 6.351067606560552, 6.351067606551151, 6.351067606575445, 6.351067606544472, 6.351067606580651, 6.3510676065472405, 6.354283333725658, 6.354283333711772, 6.3542833337248235, 6.354283333736776, 6.354283333736253, 6.354283333737197, 6.354283333733903, 6.354283333721982, 6.3542833337184526, 6.35428333372374, 6.354283333721216, 6.354283333718305, 6.3542833337187234, 6.3542833337305415, 6.354283333722925, 6.35428333372566, 6.354283333728204, 6.3542833337209705, 6.354283333730864, 6.354283333718503, 6.354283333728089, 6.3537909065663944, 6.353790906541784, 6.3537909065556235, 6.3537909065871485, 6.353790906584366, 6.353790906584314, 6.353790906570622, 6.353790906562253, 6.353790906570552, 6.3537909065618, 6.353790906561929, 6.353790906558753, 6.353790906556112, 6.3537909065738285, 6.353790906561615, 6.353790906566396, 6.353790906573096, 6.353790906558423, 6.35379090657483, 6.353790906556406, 6.35379090657425, 6.351613477837909, 6.351613477882078, 6.351613477852972, 6.351613477800246, 6.351613477804934, 6.35161347780465, 6.351613477823868, 6.351613477847131, 6.351613477839804, 6.351613477846583, 6.3516134778468505, 6.3516134778529985, 6.351613477857346, 6.351613477823721, 6.3516134778470255, 6.351613477837904, 6.351613477826757, 6.351613477852128, 6.351613477822991, 6.351613477856556, 6.351613477825051, 6.352594425200669, 6.352594425164106, 6.352594425190946, 6.352594425232053, 6.352594425227766, 6.352594425229612, 6.352594425213989, 6.35259442519226, 6.3525944251941135, 6.352594425193271, 6.352594425193302, 6.352594425188532, 6.35259442518444, 6.352594425212319, 6.352594425192948, 6.352594425200668, 6.352594425207312, 6.352594425189653, 6.352594425212486, 6.352594425185724, 6.352594425210679, 6.35456218071378, 6.35456218072167, 6.354562180712503, 6.354562180707631, 6.354562180707945, 6.354562180706801, 6.354562180709169, 6.35456218071604, 6.354562180720372, 6.35456218071474, 6.35456218071613, 6.3545621807180135, 6.354562180716949, 6.354562180711335, 6.354562180715472, 6.354562180713783, 6.354562180714895, 6.354562180715709, 6.35456218071097, 6.354562180717783, 6.354562180712093, 6.353927723312791, 6.353927723336312, 6.353927723322944, 6.353927723293111, 6.353927723295562, 6.353927723295325, 6.353927723308345, 6.353927723317606, 6.353927723310483, 6.353927723318079, 6.353927723316685, 6.353927723319255, 6.353927723322324, 6.353927723305806, 6.353927723317536, 6.3539277233128, 6.35392772330702, 6.353927723319735, 6.353927723305486, 6.353927723321731, 6.353927723305608, 6.352579645230785, 6.3525796451935115, 6.352579645218737, 6.352579645262478, 6.352579645257986, 6.352579645259356, 6.352579645241823, 6.352579645223095, 6.35257964522736, 6.3525796452233125, 6.352579645223407, 6.352579645217121, 6.352579645214892, 6.352579645242373, 6.352579645223079, 6.352579645230783, 6.352579645237947, 6.352579645219224, 6.352579645243422, 6.352579645215009, 6.352579645242395, 6.3533264243197705, 6.353326424348388, 6.353326424326307, 6.353326424295146, 6.353326424298336, 6.3533264242973555, 6.353326424307942, 6.353326424325787, 6.3533264243265375, 6.353326424325425, 6.353326424326203, 6.353326424330408, 6.3533264243328444, 6.353326424310279, 6.3533264243258, 6.353326424319767, 6.353326424314197, 6.3533264243288095, 6.353326424309954, 6.353326424332342, 6.353326424312093, 6.354643373973286, 6.354643373967862, 6.354643373975658, 6.354643373977558, 6.354643373977672, 6.354643373978435, 6.354643373977824, 6.354643373971422, 6.354643373968023, 6.35464337397247, 6.35464337397127, 6.354643373971169, 6.354643373970443, 6.354643373975163, 6.354643373972094, 6.354643373973286, 6.354643373973583, 6.354643373971676, 6.354643373975026, 6.354643373970785, 6.354643373972951, 6.354191220791428, 6.354191220772462, 6.354191220783296, 6.354191220807502, 6.354191220805394, 6.354191220805578, 6.3541912207963405, 6.354191220787826, 6.35419122079165, 6.354191220786893, 6.3541912207877, 6.354191220785698, 6.354191220783106, 6.354191220797336, 6.35419122078756, 6.354191220791423, 6.3541912207966655, 6.354191220785268, 6.3541912207977616, 6.354191220783729, 6.354191220796717, 6.353230133870813, 6.3532301339018105, 6.353230133878873, 6.353230133844867, 6.353230133847901, 6.353230133846703, 6.353230133860467, 6.3532301338775055, 6.353230133875396, 6.3532301338776485, 6.353230133877365, 6.353230133881844, 6.353230133884354, 6.35323013386106, 6.353230133877116, 6.353230133870815, 6.353230133864149, 6.353230133880222, 6.353230133860756, 6.353230133883645, 6.353230133862949, 6.353709747766404, 6.353709747741651, 6.353709747762073, 6.353709747787956, 6.353709747784827, 6.353709747786007, 6.353709747776035, 6.353709747761121, 6.353709747760344, 6.353709747761551, 6.3537097477611475, 6.353709747756509, 6.353709747755412, 6.353709747774469, 6.35370974776106, 6.353709747766398, 6.353709747770441, 6.35370974775879, 6.353709747774822, 6.3537097477556, 6.353709747773802, 6.354666693872681, 6.35466669387942, 6.354666693872315, 6.354666693866949, 6.354666693867632, 6.354666693867117, 6.3546666938686345, 6.354666693874257, 6.354666693875989, 6.354666693873222, 6.354666693874592, 6.354666693874844, 6.354666693875808, 6.354666693870341, 6.354666693874177, 6.354666693872674, 6.3546666938725025, 6.354666693874903, 6.3546666938699605, 6.354666693876057, 6.35466669387109, 6.354492951175323, 6.354492951188411, 6.354492951179495, 6.354492951164027, 6.354492951166046, 6.35449295116538, 6.3544929511721655, 6.354492951177371, 6.3544929511767805, 6.354492951179037, 6.354492951177812, 6.354492951180546, 6.3544929511808315, 6.3544929511712445, 6.354492951177986, 6.354492951175318, 6.354492951172497, 6.354492951179385, 6.354492951170866, 6.354492951180849, 6.354492951171034, 6.353776038336191, 6.35377603831155, 6.353776038330584, 6.353776038356888, 6.3537760383542805, 6.353776038355208, 6.353776038344635, 6.3537760383315725, 6.353776038331383, 6.353776038330455, 6.353776038330608, 6.353776038327652, 6.3537760383253215, 6.353776038343981, 6.353776038331027, 6.3537760383361785, 6.3537760383409445, 6.3537760383284665, 6.353776038344773, 6.353776038325452, 6.353776038342623, 6.353883324668117, 6.353883324690942, 6.353883324672654, 6.353883324648463, 6.353883324651016, 6.353883324650054, 6.353883324658998, 6.3538833246732525, 6.35388332467277, 6.3538833246725135, 6.353883324673016, 6.353883324676549, 6.353883324678397, 6.353883324660602, 6.353883324672902, 6.353883324668105, 6.353883324663458, 6.35388332467527, 6.35388332466053, 6.353883324677787, 6.3538833246620765, 6.35458257704151, 6.354582577030836, 6.354582577039238, 6.354582577050694, 6.354582577049783, 6.3545825770499516, 6.354582577046079, 6.3545825770384035, 6.354582577040082, 6.354582577040594, 6.3545825770393645, 6.354582577037648, 6.354582577036777, 6.3545825770449325, 6.354582577039255, 6.3545825770415085, 6.3545825770432325, 6.354582577038325, 6.354582577044922, 6.354582577037012, 6.35458257704468, 6.354706321960015, 6.354706321954823, 6.3547063219597675, 6.354706321964524, 6.3547063219638265, 6.35470632196412, 6.35470632196179, 6.35470632195947, 6.354706321957703, 6.354706321957495, 6.3547063219587825, 6.354706321956809, 6.3547063219575595, 6.354706321961716, 6.354706321958975, 6.35470632196002, 6.354706321961805, 6.354706321958433, 6.354706321961587, 6.354706321957761, 6.3547063219611895, 6.354241416378842, 6.354241416396524, 6.354241416381934, 6.354241416364019, 6.354241416365987, 6.354241416364931, 6.354241416372681, 6.354241416382397, 6.354241416383008, 6.354241416383189, 6.3542414163828225, 6.3542414163858725, 6.35424141638659, 6.3542414163732275, 6.354241416382488, 6.354241416378837, 6.35424141637537, 6.354241416384278, 6.354241416372902, 6.354241416386452, 6.3542414163744025, 6.354057995427345, 6.354057995406248, 6.3540579954220195, 6.354057995445438, 6.35405799544303, 6.354057995443658, 6.354057995434945, 6.354057995422903, 6.3540579954241, 6.354057995423468, 6.354057995422933, 6.354057995420612, 6.35405799541806, 6.3540579954340926, 6.354057995422862, 6.354057995427349, 6.354057995430983, 6.354057995420769, 6.354057995434589, 6.35405799541834, 6.354057995433389, 6.354400049462312, 6.354400049477496, 6.354400049467514, 6.354400049449074, 6.354400049450819, 6.354400049450582, 6.354400049456796, 6.354400049466235, 6.354400049462639, 6.354400049463883, 6.354400049465149, 6.354400049466999, 6.354400049468973, 6.35440004945739, 6.3544000494655055, 6.354400049462304, 6.354400049459362, 6.354400049467109, 6.354400049457209, 6.354400049468621, 6.354400049457456, 6.354727788667623, 6.354727788663596, 6.354727788664797, 6.354727788670811, 6.354727788670955, 6.354727788670555, 6.354727788668773, 6.354727788665707, 6.354727788670017, 6.354727788668481, 6.354727788667168, 6.354727788666996, 6.354727788666041, 6.354727788668818, 6.35472778866685, 6.354727788667623, 6.35472778866872, 6.354727788666421, 6.354727788668675, 6.354727788666318, 6.354727788668952, 6.354645419790455, 6.354645419782481, 6.35464541978989, 6.354645419797005, 6.354645419796191, 6.3546454197967295, 6.3546454197934805, 6.354645419789055, 6.354645419787374, 6.354645419788135, 6.354645419788455, 6.354645419786547, 6.354645419786921, 6.354645419793005, 6.354645419788811, 6.354645419790468, 6.354645419791945, 6.354645419787977, 6.35464541979322, 6.354645419786796, 6.35464541979236, 6.354371877316999, 6.354371877332779, 6.354371877321156, 6.354371877303597, 6.354371877305059, 6.354371877304601, 6.3543718773113005, 6.354371877320812, 6.354371877318786, 6.354371877319738, 6.354371877320255, 6.3543718773224205, 6.3543718773239855, 6.354371877311966, 6.3543718773202595, 6.354371877316999, 6.354371877313639, 6.3543718773218165, 6.354371877311916, 6.354371877323485, 6.354371877312851, 6.354309025087358, 6.354309025070212, 6.354309025080957, 6.3543090251022445, 6.354309025100291, 6.3543090251003935, 6.354309025093136, 6.354309025083145, 6.354309025087611, 6.354309025085284, 6.3543090250842695, 6.354309025082773, 6.354309025079891, 6.35430902509285, 6.3543090250837295, 6.354309025087354, 6.354309025090839, 6.354309025081931, 6.35430902509302, 6.354309025080452, 6.354309025092773, 6.354518098474852, 6.354518098487304, 6.354518098480667, 6.354518098464257, 6.354518098465527, 6.354518098465652, 6.3545180984713605, 6.354518098478122, 6.354518098473087, 6.354518098475728, 6.354518098477006, 6.3545180984780805, 6.354518098480074, 6.354518098470989, 6.354518098477422, 6.354518098474848, 6.354518098472477, 6.354518098478781, 6.354518098470542, 6.35451809848004, 6.354518098470432, 6.354735592478393, 6.354735592474317, 6.354735592475502, 6.3547355924818145, 6.354735592481516, 6.3547355924813695, 6.354735592479115, 6.354735592477108, 6.354735592480257, 6.354735592478401, 6.354735592477948, 6.354735592477595, 6.354735592476816, 6.3547355924795745, 6.354735592477602, 6.354735592478396, 6.354735592479477, 6.3547355924771685, 6.354735592479536, 6.354735592477047, 6.354735592479845, 6.354730119070277, 6.35473011906523, 6.354730119069292, 6.354730119074449, 6.35473011907389, 6.354730119074127, 6.3547301190721095, 6.35473011906912, 6.354730119069523, 6.354730119069752, 6.3547301190691465, 6.354730119068453, 6.3547301190681855, 6.354730119071834, 6.3547301190692576, 6.354730119070275, 6.354730119070791, 6.354730119068687, 6.354730119072159, 6.3547301190679395, 6.35473011907186, 6.354560564584891, 6.354560564596368, 6.354560564589353, 6.354560564574805, 6.354560564575942, 6.354560564575984, 6.354560564580963, 6.35456056458799, 6.354560564584277, 6.354560564585876, 6.354560564586842, 6.354560564587941, 6.354560564589887, 6.354560564581166, 6.354560564587347, 6.354560564584882, 6.354560564582518, 6.3545605645884, 6.354560564581274, 6.354560564589346, 6.354560564581321, 6.354447380949102, 6.354447380934946, 6.3544473809429585, 6.3544473809612105, 6.354447380959878, 6.3544473809598445, 6.354447380953702, 6.354447380945218, 6.3544473809505115, 6.354447380947813, 6.354447380946663, 6.35444738094551, 6.35444738094299, 6.354447380953577, 6.354447380946175, 6.354447380949103, 6.354447380952327, 6.354447380944661, 6.354447380953649, 6.354447380943548, 6.354447380953566, 6.354510987424324, 6.354510987437077, 6.354510987429862, 6.354510987413524, 6.35451098741481, 6.354510987414896, 6.354510987420665, 6.354510987427557, 6.354510987423163, 6.3545109874257575, 6.35451098742663, 6.3545109874279735, 6.354510987429704, 6.354510987420364, 6.354510987426947, 6.354510987424335, 6.35451098742163, 6.354510987428397, 6.3545109874199595, 6.3545109874296255, 6.354510987420038, 6.354664065040686, 6.354664065032383, 6.35466406503744, 6.354664065047938, 6.354664065046817, 6.354664065047021, 6.354664065042802, 6.354664065039063, 6.354664065040804, 6.354664065039138, 6.354664065039257, 6.354664065038127, 6.354664065037175, 6.354664065043291, 6.354664065038939, 6.35466406504068, 6.354664065042418, 6.354664065038167, 6.354664065043399, 6.354664065037388, 6.354664065043371, 6.354759221562288, 6.354759221564532, 6.35475922156254, 6.354759221560454, 6.354759221560711, 6.354759221560496, 6.354759221561893, 6.354759221562351, 6.354759221563244, 6.354759221563694, 6.354759221562813, 6.354759221563382, 6.35475922156329, 6.354759221561642, 6.354759221562724, 6.354759221562295, 6.354759221561492, 6.35475922156293, 6.3547592215616335, 6.354759221563135, 6.354759221562005, 6.354739863688926, 6.354739863692802, 6.354739863691227, 6.354739863685404, 6.354739863685741, 6.354739863685951, 6.3547398636875965, 6.354739863690329, 6.354739863687471, 6.3547398636881685, 6.354739863689323, 6.354739863689154, 6.3547398636905, 6.354739863687734, 6.354739863689796, 6.354739863688924, 6.354739863688543, 6.354739863690049, 6.354739863687767, 6.354739863690227, 6.354739863687418, 6.354655877244676, 6.3546558772363415, 6.354655877240938, 6.354655877251775, 6.354655877251158, 6.354655877251065, 6.354655877247508, 6.354655877242049, 6.354655877245832, 6.35465587724443, 6.35465587724325, 6.354655877242773, 6.354655877241118, 6.3546558772473185, 6.354655877242953, 6.354655877244675, 6.354655877246355, 6.354655877242084, 6.354655877247359, 6.354655877241401, 6.354655877247321, 6.3545827387227325, 6.354582738733562, 6.35458273872682, 6.354582738713549, 6.354582738714618, 6.3545827387146145, 6.35458273871901, 6.3545827387255684, 6.354582738722566, 6.35458273872405, 6.354582738724774, 6.354582738726106, 6.354582738727476, 6.354582738719292, 6.354582738724964, 6.354582738722744, 6.3545827387203015, 6.354582738726175, 6.3545827387191345, 6.354582738727208, 6.354582738719309, 6.354564246956133, 6.354564246944722, 6.354564246952577, 6.354564246966025, 6.354564246964651, 6.354564246964976, 6.3545642469597095, 6.354564246953823, 6.3545642469551575, 6.35456424695384, 6.3545642469538866, 6.354564246952296, 6.354564246951174, 6.354564246959786, 6.354564246953741, 6.354564246956133, 6.354564246958523, 6.354564246952594, 6.3545642469599635, 6.354564246951398, 6.354564246959492, 6.354599492279645, 6.354599492290044, 6.354599492282221, 6.354599492270899, 6.354599492272159, 6.35459949227166, 6.354599492276776, 6.354599492281377, 6.354599492281332, 6.354599492282522, 6.3545994922818165, 6.354599492283438, 6.3545994922840965, 6.354599492276455, 6.354599492281787, 6.354599492279631, 6.354599492277498, 6.354599492282823, 6.354599492276195, 6.354599492283977, 6.354599492276869, 6.354665868918174, 6.354665868910464, 6.354665868916457, 6.354665868924663, 6.354665868923587, 6.354665868923998, 6.35466586892028, 6.3546658689170785, 6.354665868916453, 6.35466586891534, 6.354665868916468, 6.354665868914767, 6.354665868914788, 6.3546658689206055, 6.354665868916622, 6.354665868918186, 6.354665868920243, 6.354665868915747, 6.354665868920831, 6.354665868914795, 6.354665868920304, 6.3547291795966085, 6.354729179601221, 6.354729179597746, 6.354729179592722, 6.354729179593399, 6.35472917959311, 6.354729179595613, 6.354729179596932, 6.354729179597727, 6.354729179598867, 6.35472917959765, 6.354729179598883, 6.354729179598685, 6.354729179595159, 6.354729179597515, 6.354729179596608, 6.354729179594984, 6.354729179598144, 6.354729179595061, 6.354729179598615, 6.354729179595441, 6.354764187153749, 6.354764187152077, 6.354764187153035, 6.35476418715506, 6.354764187154776, 6.354764187154902, 6.354764187153347, 6.354764187154048, 6.354764187153598, 6.354764187152364, 6.354764187153404, 6.354764187152944, 6.354764187153122, 6.354764187154185, 6.354764187153451, 6.354764187153755, 6.3547641871544736, 6.3547641871533, 6.3547641871542595, 6.354764187153169, 6.354764187154, 6.354764119912148, 6.354764119910707, 6.354764119912468, 6.354764119913423, 6.354764119913394, 6.354764119913419, 6.354764119913557, 6.354764119911471, 6.35476411991136, 6.354764119912515, 6.354764119911728, 6.354764119911749, 6.354764119911387, 6.354764119912706, 6.354764119911818, 6.354764119912149, 6.354764119912172, 6.354764119911704, 6.354764119912665, 6.354764119911484, 6.354764119912345, 6.354738549335503, 6.354738549339671, 6.3547385493357185, 6.354738549331923, 6.3547385493322786, 6.3547385493320485, 6.354738549333564, 6.354738549336431, 6.354738549336897, 6.3547385493361075, 6.354738549336495, 6.3547385493369735, 6.354738549337399, 6.354738549334099, 6.354738549336421, 6.354738549335493, 6.354738549335002, 6.354738549336772, 6.3547385493340975, 6.354738549337301, 6.354738549334581, 6.354701826004825, 6.354701825998489, 6.35470182600379, 6.354701826010339, 6.354701826009487, 6.354701826009784, 6.354701826007186, 6.354701826003584, 6.354701826003312, 6.354701826003423, 6.3547018260034696, 6.354701826002361, 6.3547018260020405, 6.354701826006867, 6.3547018260035095, 6.354701826004823, 6.354701826005924, 6.354701826002859, 6.3547018260070285, 6.354701826002039, 6.354701826006697, 6.354661164922275, 6.354661164930516, 6.354661164924407, 6.35466116491535, 6.354661164916327, 6.354661164916029, 6.354661164919647, 6.354661164923878, 6.354661164923446, 6.354661164924283, 6.35466116492401, 6.354661164925312, 6.354661164925898, 6.354661164919672, 6.354661164923963, 6.354661164922271, 6.354661164920429, 6.354661164924859, 6.3546611649194915, 6.35466116492579, 6.3546611649199525, 6.354615907701238, 6.354615907691342, 6.354615907697847, 6.354615907709611, 6.354615907708524, 6.354615907708785, 6.35461590770395, 6.354615907699369, 6.3546159077006426, 6.354615907698776, 6.35461590769926, 6.354615907697815, 6.354615907696945, 6.354615907704343, 6.354615907699204, 6.35461590770123, 6.354615907703736, 6.354615907698136, 6.354615907704475, 6.354615907697201, 6.354615907703953, 6.354559406779291, 6.354559406790856, 6.354559406783909, 6.3545594067693845, 6.354559406770835, 6.354559406770614, 6.354559406776569, 6.354559406781403, 6.354559406779301, 6.354559406782158, 6.354559406781413, 6.3545594067832685, 6.3545594067842055, 6.3545594067757225, 6.354559406781621, 6.354559406779285, 6.35455940677634, 6.354559406782879, 6.35455940677553, 6.354559406783966, 6.354559406775752, 6.354485137374296, 6.354485137360819, 6.354485137368609, 6.354485137385651, 6.354485137383968, 6.354485137384251, 6.354485137377155, 6.354485137371821, 6.354485137374713, 6.354485137370919, 6.354485137371865, 6.354485137369763, 6.354485137368631, 6.3544851373784, 6.354485137371572, 6.354485137374293, 6.3544851373777425, 6.35448513737008, 6.354485137378742, 6.3544851373688465, 6.354485137378578, 6.354379460922625, 6.354379460938339, 6.354379460929279, 6.354379460909274, 6.354379460911187, 6.354379460910971, 6.354379460919245, 6.354379460925491, 6.354379460922072, 6.354379460926656, 6.3543794609254824, 6.354379460927788, 6.354379460929272, 6.3543794609178095, 6.354379460925787, 6.354379460922626, 6.354379460918428, 6.354379460927545, 6.354379460917486, 6.354379460928943, 6.354379460917825, 6.354218176621543, 6.354218176602824, 6.354218176613936, 6.35421817663745, 6.354218176635162, 6.354218176635514, 6.35421817662574, 6.354218176618202, 6.354218176621891, 6.354218176616749, 6.354218176618136, 6.354218176615221, 6.354218176613579, 6.354218176627312, 6.354218176617751, 6.354218176621548, 6.354218176626595, 6.354218176615692, 6.354218176627622, 6.354218176614083, 6.35421817662719, 6.353951685432381, 6.353951685455197, 6.353951685441148, 6.35395168541301, 6.3539516854158675, 6.353951685415401, 6.353951685427112, 6.353951685436501, 6.353951685432524, 6.353951685438226, 6.353951685436672, 6.353951685440301, 6.353951685442108, 6.353951685425342, 6.3539516854370115, 6.353951685432381, 6.353951685426494, 6.353951685439512, 6.3539516854248665, 6.3539516854417055, 6.353951685425522, 6.35350196388426, 6.353501963855787, 6.353501963873867, 6.353501963908368, 6.353501963904878, 6.353501963905605, 6.353501963891283, 6.353501963879092, 6.353501963883378, 6.353501963876974, 6.353501963878822, 6.3535019638744155, 6.35350196387214, 6.353501963893032, 6.3535019638784735, 6.353501963884262, 6.3535019638913175, 6.3535019638753525, 6.353501963893705, 6.353501963872597, 6.353501963892826, 6.3527218059504085, 6.352721805986457, 6.352721805963055, 6.352721805919737, 6.352721805924174, 6.352721805923232, 6.352721805941, 6.352721805957123, 6.352721805952136, 6.352721805959349, 6.3527218059573665, 6.35272180596288, 6.3527218059659445, 6.352721805939185, 6.352721805957741, 6.352721805950414, 6.352721805941623, 6.352721805961647, 6.352721805938518, 6.352721805965218, 6.352721805939841, 6.351464722287479, 6.351464722241519, 6.35146472227196, 6.351464722326377, 6.351464722321042, 6.35146472232227, 6.351464722300174, 6.351464722278585, 6.3514647222848515, 6.3514647222766785, 6.351464722278525, 6.351464722271465, 6.351464722267748, 6.351464722301788, 6.351464722278036, 6.351464722287475, 6.3514647222984175, 6.351464722273169, 6.351464722302667, 6.351464722268602, 6.3514647223009915, 6.349498025014405, 6.3494980250720765, 6.349498025033535, 6.349498024965124, 6.3494980249719735, 6.349498024970608, 6.349498024997681, 6.349498025026121, 6.349498025017898, 6.349498025027026, 6.349498025025723, 6.349498025034172, 6.349498025039429, 6.3494980249963, 6.349498025026166, 6.349498025014402, 6.349498025001225, 6.349498025032412, 6.349498024995251, 6.349498025038353, 6.34949802499755, 6.347144301977494, 6.347144301907616, 6.3471443019547165, 6.347144302036806, 6.347144302029034, 6.34714430203079, 6.347144301999021, 6.347144301962658, 6.347144301973078, 6.34714430196369, 6.347144301963858, 6.34714430195416, 6.347144301947375, 6.347144301999421, 6.347144301962999, 6.347144301977498, 6.347144301992802, 6.3471443019557485, 6.347144302000715, 6.347144301948711, 6.347144301998241, 6.345153372082182, 6.34515337215975, 6.345153372107088, 6.345153372015681, 6.345153372024444, 6.345153372022785, 6.345153372056775, 6.345153372099937, 6.345153372087379, 6.345153372095745, 6.345153372097416, 6.345153372107846, 6.345153372116079, 6.345153372057566, 6.345153372098168, 6.345153372082191, 6.345153372066083, 6.345153372106393, 6.345153372056381, 6.345153372114587, 6.345153372059353, 6.3458738037190585, 6.3458738036438085, 6.345873803695269, 6.345873803782884, 6.345873803775376, 6.34587380377714, 6.345873803745398, 6.345873803700766, 6.345873803713455, 6.345873803707862, 6.3458738037041265, 6.345873803694816, 6.345873803686405, 6.34587380374286, 6.345873803703393, 6.345873803719058, 6.345873803733852, 6.345873803695794, 6.345873803743991, 6.345873803687946, 6.345873803740988, 6.34940511327838, 6.349405113335703, 6.3494051132958464, 6.349405113229115, 6.349405113235127, 6.349405113233776, 6.349405113256388, 6.3494051132933995, 6.3494051132839, 6.349405113285555, 6.349405113289604, 6.349405113296912, 6.349405113303698, 6.349405113259857, 6.349405113290451, 6.349405113278387, 6.3494051132680385, 6.3494051132962595, 6.349405113259292, 6.349405113302524, 6.349405113261036, 6.35353559435032]
Total optimisation time observed during ADAM optimization: 611.968107 seconds
Median time per evaluation during ADAM optimization: 1.223504 seconds
6.35353559435032
QAOA optimisation for n=15 took 642.65 seconds; started at 1777610894.322408 and finished at 1777611536.977354
Finished QAOA for n=10 nodes, m=15 edges at 2026-05-01 06:58:56 on Apple M4. Time taken: 642.65 seconds. Hours: 0.18 hours. Peak RAM: 368.66 MB.
Unknown graph type for approximation ratio calculation; skipping approx ratio computation.
CSV writing for n=15 took 0.00 seconds; started at 1777611536.977355 and finished at 1777611536.9778152
results: {15: 6.35353559435032}
durations: {10: 642.6549479961395}
Results saved to: logs/adam/qaoa_results_adam_20260430_200911.csv
Global end time: 1777611536.977819
Finalisation time: 0.00 seconds; started at 1777611536.977816 and finished at 1777611536.9778209
Sum of all section times: 642.75 seconds
