2026-04-30 20:37:40.133 system_profiler[47870:1161370] hw.cpufamily: 0x6f5129ac
Starting QAOA benchmark with global start time: 1777574260.065181
Benchmark parameters: {'optimiser': 'adam', 'circuit_type': 'hamqaoa', 'parameter_vector': [1, 1, 1], 'iterations_list': [50, 100, 200, 500], 'learning_rate_adam': 0.05, 'depth_list': [1, 2, 5, 10], 'n_start': 0, 'n_end': 30, 'singlet_injection': False, 'start_index_singlet': 0, 'warm_start': True, 'compare_with_010101': False, 'warm_start_correlations': False, 'init_QAOAparams_close_to_zero': False, 'use_correlations_as_initial_params': False, 'time_limit': 10800, 'failed_instance_termination_thrsh': 10, 'graph_generation_type': 'HOG', 'weighted': False, 'easiest_first': True, 'cpu_util_threshold': 90, 'debug': False, 'save_circuit_svg': False, 'rerun_exclude_finished_instances': False, 'optimiser_debug_iterations': 1, 'relative_graph_adjList_path': '/Users/julian_dev/Projects/MasterThesis/QAOA/HOG_graphs/list_27_graphs_adjacency_list.txt'}, Running QAOA with equal superposition
Benchmark run ID: 9084e55b
Processor: Apple M4
Hostname: Mac-mini-som-tillhor-Julian.local
Total RAM (GB): 16.0
Physical cores: 10
Logical cores: 10
Python version: 3.13.1
Initialisation time: 0.08 seconds; started at {'initialisation': 0.08371591567993164} and finished at 1777574260.148905
Loaded HOG graph index 1 with 9 edges.
Instance generation for n=1 took 0.00 seconds; started at 1777574260.148909 and finished at 1777574260.149197
Running QAOA for n=6 nodes, m=9 edges...; Max iterations: 500
Warm-start: using parameter_vector=[1, 1, 1]
Warm-start: starting SDP solve for n_vertices=6
Starting SDP solve (solver preference: MOSEK, fallback: SCS) for n_vertices=6, matrix_dim=18, edges=9
Finished SDP solve with MOSEK. status=optimal. elapsed_seconds=0.03
Rounding...
n_vertices: 6 for n = 18
Using seed None to generate random matrix for x.
r_0: [-0.15927543  0.74052542 -0.65288088]
Product state qubit 0: [[ 0.17355956+0.j         -0.07963772-0.37026271j]
 [-0.07963772+0.37026271j  0.82644044+0.j        ]]
Diagonal entries of product state 0: [0.17355956 0.82644044]
r_1: [ 0.15927581 -0.74052493  0.65288134]
Product state qubit 1: [[0.82644067+0.j         0.0796379 +0.37026247j]
 [0.0796379 -0.37026247j 0.17355933+0.j        ]]
Diagonal entries of product state 1: [0.82644067 0.17355933]
r_2: [ 0.1592752  -0.74052559  0.65288073]
Product state qubit 2: [[0.82644037+0.j        0.0796376 +0.3702628j]
 [0.0796376 -0.3702628j 0.17355963+0.j       ]]
Diagonal entries of product state 2: [0.82644037 0.17355963]
r_3: [ 0.15927565 -0.74052553  0.6528807 ]
Product state qubit 3: [[0.82644035+0.j         0.07963782+0.37026277j]
 [0.07963782-0.37026277j 0.17355965+0.j        ]]
Diagonal entries of product state 3: [0.82644035 0.17355965]
r_4: [-0.15927587  0.74052511 -0.65288112]
Product state qubit 4: [[ 0.17355944+0.j         -0.07963793-0.37026256j]
 [-0.07963793+0.37026256j  0.82644056+0.j        ]]
Diagonal entries of product state 4: [0.17355944 0.82644056]
r_5: [-0.15927576  0.74052529 -0.65288094]
Product state qubit 5: [[ 0.17355953+0.j         -0.07963788-0.37026265j]
 [-0.07963788+0.37026265j  0.82644047+0.j        ]]
Diagonal entries of product state 5: [0.17355953 0.82644047]
y_scalar: False
[-1, 1, 1, 1, -1, -1]
Hamiltonian equals product state? [[False False False False]
 [False False False False]
 [False False False False]
 [False False False False]]
Hamiltonian: [[ 0. +0.j  0. +0.j  0. +0.j  0. +0.j]
 [ 0. +0.j  0.5+0.j -0.5+0.j  0. +0.j]
 [ 0. +0.j -0.5+0.j  0.5+0.j  0. +0.j]
 [ 0. +0.j  0. +0.j  0. +0.j  0. +0.j]], product state: [[ 0.14343668+0.00000000e+00j  0.01382192+6.42625911e-02j
  -0.06581585-3.06000161e-01j  0.1307522 -5.89738032e-02j]
 [ 0.01382192-6.42625911e-02j  0.03012288+0.00000000e+00j
  -0.14343656-8.93826658e-08j -0.01382187-6.42625482e-02j]
 [-0.06581585+3.06000161e-01j -0.14343656+8.93826658e-08j
   0.68300399+0.00000000e+00j  0.06581598+3.05999875e-01j]
 [ 0.1307522 +5.89738032e-02j -0.01382187+6.42625482e-02j
   0.06581598-3.05999875e-01j  0.14343645+0.00000000e+00j]]
Hamiltonian equals product state? [[False False False False]
 [False False False False]
 [False False False False]
 [False False False False]]
Hamiltonian: [[ 0. +0.j  0. +0.j  0. +0.j  0. +0.j]
 [ 0. +0.j  0.5+0.j -0.5+0.j  0. +0.j]
 [ 0. +0.j -0.5+0.j  0.5+0.j  0. +0.j]
 [ 0. +0.j  0. +0.j  0. +0.j  0. +0.j]], product state: [[ 0.1434366 +0.00000000e+00j -0.06581596-3.05999990e-01j
   0.0138219 +6.42626318e-02j  0.13075228-5.89738538e-02j]
 [-0.06581596+3.05999990e-01j  0.68300375+0.00000000e+00j
  -0.14343666-3.10209085e-08j  0.06581592+3.06000135e-01j]
 [ 0.0138219 -6.42626318e-02j -0.14343666+3.10209085e-08j
   0.03012293+0.00000000e+00j -0.01382192-6.42626561e-02j]
 [ 0.13075228+5.89738538e-02j  0.06581592-3.06000135e-01j
  -0.01382192+6.42626561e-02j  0.14343672+0.00000000e+00j]]
Hamiltonian equals product state? [[False False False False]
 [False False False False]
 [False False False False]
 [False False False False]]
Hamiltonian: [[ 0. +0.j  0. +0.j  0. +0.j  0. +0.j]
 [ 0. +0.j  0.5+0.j -0.5+0.j  0. +0.j]
 [ 0. +0.j -0.5+0.j  0.5+0.j  0. +0.j]
 [ 0. +0.j  0. +0.j  0. +0.j  0. +0.j]], product state: [[ 0.14343662+0.00000000e+00j  0.01382191+6.42626432e-02j
  -0.06581582-3.06000042e-01j  0.13075232-5.89737972e-02j]
 [ 0.01382191-6.42626432e-02j  0.03012294+0.00000000e+00j
  -0.14343667-3.55748375e-08j -0.01382189-6.42626671e-02j]
 [-0.06581582+3.06000042e-01j -0.14343667+3.55748375e-08j
   0.68300372+0.00000000e+00j  0.06581592+3.06000123e-01j]
 [ 0.13075232+5.89737972e-02j -0.01382189+6.42626671e-02j
   0.06581592-3.06000123e-01j  0.14343672+0.00000000e+00j]]
Hamiltonian equals product state? [[False False False False]
 [False False False False]
 [False False False False]
 [False False False False]]
Hamiltonian: [[ 0. +0.j  0. +0.j  0. +0.j  0. +0.j]
 [ 0. +0.j  0.5+0.j -0.5+0.j  0. +0.j]
 [ 0. +0.j -0.5+0.j  0.5+0.j  0. +0.j]
 [ 0. +0.j  0. +0.j  0. +0.j  0. +0.j]], product state: [[ 0.14343652+0.00000000e+00j -0.065816  -3.05999916e-01j
   0.0138219 +6.42625987e-02j  0.13075225-5.89738655e-02j]
 [-0.065816  +3.05999916e-01j  0.68300382+0.00000000e+00j
  -0.14343663-5.70124689e-08j  0.06581593+3.06000168e-01j]
 [ 0.0138219 -6.42625987e-02j -0.14343663+5.70124689e-08j
   0.03012292+0.00000000e+00j -0.01382193-6.42626406e-02j]
 [ 0.13075225+5.89738655e-02j  0.06581593-3.06000168e-01j
  -0.01382193+6.42626406e-02j  0.14343674+0.00000000e+00j]]
Hamiltonian equals product state? [[False False False False]
 [False False False False]
 [False False False False]
 [False False False False]]
Hamiltonian: [[ 0. +0.j  0. +0.j  0. +0.j  0. +0.j]
 [ 0. +0.j  0.5+0.j -0.5+0.j  0. +0.j]
 [ 0. +0.j -0.5+0.j  0.5+0.j  0. +0.j]
 [ 0. +0.j  0. +0.j  0. +0.j  0. +0.j]], product state: [[ 0.14343665+0.00000000e+00j -0.06581598-3.06000109e-01j
   0.01382192+6.42625796e-02j  0.13075217-5.89738597e-02j]
 [-0.06581598+3.06000109e-01j  0.68300401+0.00000000e+00j
  -0.14343655+2.27869646e-08j  0.06581599+3.05999887e-01j]
 [ 0.01382192-6.42625796e-02j -0.14343655-2.27869646e-08j
   0.03012288+0.00000000e+00j -0.0138219 -6.42625373e-02j]
 [ 0.13075217+5.89738597e-02j  0.06581599-3.05999887e-01j
  -0.0138219 +6.42625373e-02j  0.14343646+0.00000000e+00j]]
Hamiltonian equals product state? [[False False False False]
 [False False False False]
 [False False False False]
 [False False False False]]
Hamiltonian: [[ 0. +0.j  0. +0.j  0. +0.j  0. +0.j]
 [ 0. +0.j  0.5+0.j -0.5+0.j  0. +0.j]
 [ 0. +0.j -0.5+0.j  0.5+0.j  0. +0.j]
 [ 0. +0.j  0. +0.j  0. +0.j  0. +0.j]], product state: [[ 0.1434366 +0.00000000e+00j -0.06581596-3.05999998e-01j
   0.01382186+6.42626371e-02j  0.13075231-5.89737738e-02j]
 [-0.06581596+3.05999998e-01j  0.68300377+0.00000000e+00j
  -0.14343665-1.15885857e-07j  0.06581574+3.06000160e-01j]
 [ 0.01382186-6.42626371e-02j -0.14343665+1.15885857e-07j
   0.03012293+0.00000000e+00j -0.01382192-6.42626489e-02j]
 [ 0.13075231+5.89737738e-02j  0.06581574-3.06000160e-01j
  -0.01382192+6.42626489e-02j  0.1434367 +0.00000000e+00j]]
Hamiltonian equals product state? [[False False False False]
 [False False False False]
 [False False False False]
 [False False False False]]
Hamiltonian: [[ 0. +0.j  0. +0.j  0. +0.j  0. +0.j]
 [ 0. +0.j  0.5+0.j -0.5+0.j  0. +0.j]
 [ 0. +0.j -0.5+0.j  0.5+0.j  0. +0.j]
 [ 0. +0.j  0. +0.j  0. +0.j  0. +0.j]], product state: [[ 0.14343658+0.00000000e+00j -0.06581603-3.06000035e-01j
   0.01382191+6.42625466e-02j  0.13075213-5.89738714e-02j]
 [-0.06581603+3.06000035e-01j  0.68300409+0.00000000e+00j
  -0.14343653-3.20458771e-09j  0.06581599+3.05999920e-01j]
 [ 0.01382191-6.42625466e-02j -0.14343653+3.20458771e-09j
   0.03012286+0.00000000e+00j -0.01382191-6.42625217e-02j]
 [ 0.13075213+5.89738714e-02j  0.06581599-3.05999920e-01j
  -0.01382191+6.42625217e-02j  0.14343647+0.00000000e+00j]]
Hamiltonian equals product state? [[False False False False]
 [False False False False]
 [False False False False]
 [False False False False]]
Hamiltonian: [[ 0. +0.j  0. +0.j  0. +0.j  0. +0.j]
 [ 0. +0.j  0.5+0.j -0.5+0.j  0. +0.j]
 [ 0. +0.j -0.5+0.j  0.5+0.j  0. +0.j]
 [ 0. +0.j  0. +0.j  0. +0.j  0. +0.j]], product state: [[ 0.14343663+0.00000000e+00j  0.01382187+6.42626485e-02j
  -0.06581582-3.06000050e-01j  0.13075235-5.89737172e-02j]
 [ 0.01382187-6.42626485e-02j  0.03012293+0.00000000e+00j
  -0.14343666+4.92901197e-08j -0.01382189-6.42626598e-02j]
 [-0.06581582+3.06000050e-01j -0.14343666-4.92901197e-08j
   0.68300374+0.00000000e+00j  0.06581573+3.06000149e-01j]
 [ 0.13075235+5.89737172e-02j -0.01382189+6.42626598e-02j
   0.06581573-3.06000149e-01j  0.1434367 +0.00000000e+00j]]
Hamiltonian equals product state? [[False False False False]
 [False False False False]
 [False False False False]
 [False False False False]]
Hamiltonian: [[ 0. +0.j  0. +0.j  0. +0.j  0. +0.j]
 [ 0. +0.j  0.5+0.j -0.5+0.j  0. +0.j]
 [ 0. +0.j -0.5+0.j  0.5+0.j  0. +0.j]
 [ 0. +0.j  0. +0.j  0. +0.j  0. +0.j]], product state: [[ 0.14343653+0.00000000e+00j -0.065816  -3.05999924e-01j
   0.01382186+6.42626040e-02j  0.13075228-5.89737855e-02j]
 [-0.065816  +3.05999924e-01j  0.68300384+0.00000000e+00j
  -0.14343662-1.41877399e-07j  0.06581574+3.06000193e-01j]
 [ 0.01382186-6.42626040e-02j -0.14343662+1.41877399e-07j
   0.03012291+0.00000000e+00j -0.01382193-6.42626333e-02j]
 [ 0.13075228+5.89737855e-02j  0.06581574-3.06000193e-01j
  -0.01382193+6.42626333e-02j  0.14343672+0.00000000e+00j]]
Energy of rounded cut: 4.49999999999963
Check the cut: [-1, 1, 1, 1, -1, -1]
9 in cut out of a total of 9 edges
Warm-start: SDP solve + rounding finished in 0.04 seconds
Warm-start: statevector build finished in 0.00 seconds
warm_start_correlations: None
Edges: [(0, 1), (3, 5), (0, 3), (3, 4), (1, 5), (2, 5), (1, 4), (0, 2), (2, 4)], weights: [1.0, 1.0, 1.0, 1.0, 1.0, 1.0, 1.0, 1.0, 1.0], set of nodes: {0, 1, 2, 3, 4, 5}, n: 6 nodes, p: 2 layers, N_bayes: 500 iterations
Initial state injected as warm start
Initial state energy for vector-normalised SDP solution used as warm start: 2.5000000000001905
Running ADAM optimization with a single iteration (no debug loop)
ADAM optimizer configured with maxiter=500 and learning_rate=0.05
Generated 4 random initial parameter sets for ADAM optimization
Using random initial parameters with:
Param_type 1:  [0.91180807 2.11393452]
Param_type 2:  [ 2.6301891  -1.38346787]
Param_type 3:  [-2.5480287  -1.46338703]
Param_type 4:  [0.7251472  2.18213773]
Energies observed during ADAM optimization: [2.3953009642276326, 2.3953009643142646, 2.395300964232693, 2.39530096416448, 2.3953009641668452, 2.395300964253085, 2.395300964227632, 2.3953009642251235, 2.3953009642216534, 2.491389548696961, 2.4913895487535545, 2.4913895486706084, 2.491389548661836, 2.4913895486702247, 2.4913895487194297, 2.491389548696963, 2.491389548716906, 2.491389548672614, 2.5528054152538235, 2.5528054152700452, 2.552805415229873, 2.5528054152695945, 2.5528054152360813, 2.552805415267378, 2.552805415253824, 2.55280541524558, 2.5528054152602553, 2.5471892462004244, 2.547189246175373, 2.547189246195436, 2.54718924625904, 2.547189246188614, 2.5471892462081325, 2.5471892462004253, 2.547189246149327, 2.547189246250994, 2.5730008703778156, 2.5730008703641127, 2.57300087036647, 2.573000870435643, 2.573000870380814, 2.5730008703798086, 2.573000870377815, 2.5730008703081286, 2.573000870447551, 2.6246977355530263, 2.62469773555687, 2.6246977355331826, 2.624697735588136, 2.624697735577318, 2.6246977355475645, 2.6246977355530254, 2.624697735482601, 2.6246977356229375, 2.677901141979928, 2.6779011419852816, 2.6779011419566854, 2.677901141981209, 2.67790114202149, 2.677901141969275, 2.677901141979929, 2.6779011419235905, 2.67790114203496, 2.7177675702471706, 2.7177675702338067, 2.7177675702261035, 2.717767570217118, 2.7177675702925503, 2.7177675702364663, 2.7177675702471698, 2.7177675702158686, 2.717767570277262, 2.7369671236610347, 2.736967123622013, 2.736967123645869, 2.736967123613393, 2.736967123694652, 2.7369671236542463, 2.736967123661036, 2.7369671236583093, 2.736967123663228, 2.7395203572028852, 2.7395203571478537, 2.739520357195668, 2.739520357150354, 2.739520357212772, 2.73952035720083, 2.739520357202884, 2.7395203572235522, 2.739520357182163, 2.735396398412334, 2.735396398355763, 2.735396398414541, 2.73539639836006, 2.735396398394649, 2.7353963984129557, 2.7353963984123357, 2.7353963984461958, 2.7353963983784384, 2.7343581853866983, 2.7343581853390297, 2.734358185398405, 2.734358185335955, 2.734358185347381, 2.734358185387476, 2.7343581853866996, 2.734358185424404, 2.734358185348827, 2.7427691657182693, 2.7427691656847024, 2.742769165737615, 2.7427691656708966, 2.7427691656693924, 2.74276916571837, 2.7427691657182693, 2.7427691657543614, 2.7427691656819984, 2.7600497589741257, 2.7600497589565567, 2.7600497589978055, 2.760049758933309, 2.7600497589280844, 2.76004975897404, 2.760049758974126, 2.7600497590061406, 2.7600497589420363, 2.780012199398646, 2.7800121993975475, 2.78001219942183, 2.7800121993676328, 2.7800121993651525, 2.78001219939866, 2.7800121993986497, 2.7800121994248133, 2.780012199372509, 2.7948227750879258, 2.7948227751032304, 2.794822775105002, 2.7948227750687273, 2.794822775073011, 2.7948227750874577, 2.7948227750879235, 2.794822775105916, 2.794822775069991, 2.7990531046428337, 2.799053104673291, 2.7990531046497047, 2.7990531046354037, 2.7990531046481966, 2.799053104640719, 2.7990531046428377, 2.799053104650149, 2.7990531046354272, 2.7934557788971466, 2.7934557789390717, 2.7934557788936374, 2.7934557788994137, 2.793455778919908, 2.7934557788924725, 2.7934557788971484, 2.7934557788924805, 2.7934557789014365, 2.784925279885784, 2.784925279932993, 2.78492527987571, 2.784925279894748, 2.7849252799196367, 2.784925279878648, 2.784925279885785, 2.7849252798699107, 2.784925279901018, 2.7809771455142958, 2.7809771455600285, 2.780977145502889, 2.780977145527139, 2.7809771455518, 2.7809771455057857, 2.7809771455142958, 2.7809771454898935, 2.7809771455379875, 2.7846549940873, 2.7846549941264582, 2.7846549940787737, 2.784654994101568, 2.784654994121831, 2.7846549940788288, 2.7846549940872984, 2.7846549940583603, 2.784654994115677, 2.7942704095477255, 2.794270409577695, 2.794270409544086, 2.7942704095610407, 2.79427040957429, 2.7942704095404065, 2.7942704095477247, 2.794270409519013, 2.7942704095761184, 2.805667571709901, 2.8056675717300754, 2.8056675717107917, 2.805667571720029, 2.805667571725402, 2.805667571704288, 2.805667571709901, 2.8056675716863633, 2.805667571733342, 2.814487593069369, 2.8144875930800977, 2.814487593072597, 2.8144875930746114, 2.8144875930726605, 2.81448759306548, 2.814487593069366, 2.8144875930552304, 2.8144875930835274, 2.8179160606212674, 2.8179160606230713, 2.8179160606239755, 2.817916060620828, 2.8179160606131304, 2.8179160606187965, 2.81791606062127, 2.8179160606189995, 2.8179160606235896, 2.8159100326429165, 2.815910032636446, 2.815910032642881, 2.8159100326370576, 2.81591003262574, 2.8159100326414226, 2.8159100326429147, 2.815910032652381, 2.8159100326334947, 2.811275074326101, 2.811275074312595, 2.811275074322505, 2.811275074316047, 2.8112750743032024, 2.8112750743251507, 2.8112750743261024, 2.8112750743444703, 2.811275074307761, 2.8079214121404754, 2.807921412122041, 2.8079214121339007, 2.807921412128062, 2.8079214121153098, 2.807921412139687, 2.807921412140473, 2.807921412163078, 2.8079214121178895, 2.8083269203102685, 2.808326920289727, 2.8083269203022083, 2.8083269202974455, 2.8083269202858983, 2.8083269203093493, 2.808326920310271, 2.808326920331924, 2.808326920288636, 2.8122571103353637, 2.8122571103156284, 2.812257110327632, 2.812257110323646, 2.8122571103142917, 2.8122571103341047, 2.812257110335363, 2.8122571103515304, 2.8122571103192247, 2.8174699976803907, 2.817469997663908, 2.8174699976746918, 2.8174699976705404, 2.817469997664571, 2.817469997678668, 2.8174699976803876, 2.817469997688059, 2.817469997672766, 2.821525360735807, 2.821525360724148, 2.821525360733412, 2.8215253607277844, 2.8215253607265454, 2.8215253607335904, 2.821525360735809, 2.8215253607340984, 2.821525360737579, 2.823354282217089, 2.8233542822109174, 2.823354282218625, 2.823354282210322, 2.823354282214902, 2.823354282214403, 2.8233542822170876, 2.82335428220742, 2.82335428222684, 2.823585916627861, 2.8235859166271466, 2.823585916633268, 2.823585916621665, 2.8235859166322967, 2.823585916624737, 2.8235859166278634, 2.8235859166134722, 2.823585916642337, 2.823640796903404, 2.823640796907614, 2.823640796912014, 2.8236407968972808, 2.8236407969130353, 2.823640796899816, 2.8236407969034047, 2.82364079688836, 2.8236407969185042, 2.8245836689684514, 2.824583668976623, 2.8245836689791908, 2.8245836689621813, 2.824583668981076, 2.824583668964328, 2.8245836689684523, 2.8245836689565373, 2.8245836689803725, 2.8266496270254304, 2.826649627036104, 2.8266496270370443, 2.8266496270189494, 2.8266496270384343, 2.826649627020701, 2.8266496270254295, 2.8266496270192603, 2.8266496270315367, 2.8295193578990747, 2.8295193579103617, 2.829519357910408, 2.829519357892372, 2.829519357909868, 2.8295193578937257, 2.829519357899073, 2.8295193578995854, 2.8295193578984317, 2.8328379791615648, 2.8328379791713734, 2.832837979171684, 2.8328379791546245, 2.832837979167865, 2.8328379791556197, 2.8328379791615657, 2.832837979167919, 2.8328379791550415, 2.836466669971696, 2.8364666699782317, 2.8364666699799885, 2.8364666699644836, 2.8364666699717307, 2.836466669965182, 2.836466669971692, 2.836466669981646, 2.8364666699615775, 2.8404316055359105, 2.8404316055382877, 2.8404316055422636, 2.840431605528331, 2.8404316055285492, 2.8404316055288197, 2.84043160553591, 2.840431605546586, 2.840431605525124, 2.8449267406005854, 2.844926740599133, 2.8449267406055543, 2.8449267405923018, 2.8449267405854886, 2.844926740592837, 2.8449267406005845, 2.8449267406093925, 2.844926740591766, 2.850508881008008, 2.85050888100408, 2.8505088810128627, 2.850508880998307, 2.8505088809858314, 2.8505088809994747, 2.8505088810080093, 2.8505088810133574, 2.8505088810027837, 2.858184997033901, 2.858184997029221, 2.858184997040409, 2.8581849970217257, 2.858184997006343, 2.8581849970244573, 2.858184997033901, 2.858184997035518, 2.8581849970325846, 2.8691489583542533, 2.8691489583502303, 2.8691489583641645, 2.869148958338497, 2.8691489583239824, 2.8691489583439034, 2.8691489583542515, 2.869148958353082, 2.869148958355924, 2.884239100252999, 2.8842391002502645, 2.8842391002673353, 2.8842391002329912, 2.8842391002235694, 2.88423910024209, 2.8842391002529992, 2.884239100250733, 2.8842391002559187, 2.903166661213892, 2.9031666612119573, 2.9031666612321096, 2.9031666611902565, 2.903166661189914, 2.9031666612033167, 2.9031666612138936, 2.903166661212212, 2.903166661216229, 2.9234031703305043, 2.923403170327327, 2.9234031703494665, 2.9234031703062664, 2.923403170317801, 2.9234031703217305, 2.9234031703305057, 2.923403170330161, 2.923403170331246, 2.9393444298710896, 2.9393444298627456, 2.939344429884675, 2.939344429852479, 2.939344429875724, 2.9393444298656943, 2.939344429871089, 2.939344429871157, 2.9393444298708524, 2.944312750790079, 2.944312750771913, 2.9443127507909845, 2.9443127507852425, 2.944312750814916, 2.9443127507888414, 2.9443127507900804, 2.9443127507885087, 2.9443127507907976, 2.9374016391566213, 2.937401639126818, 2.9374016391411644, 2.9374016391709947, 2.937401639197066, 2.9374016391590145, 2.9374016391566244, 2.93740163915258, 2.9374016391593325, 2.9283627947647215, 2.928362794727713, 2.928362794737044, 2.9283627947955306, 2.928362794809211, 2.9283627947697726, 2.928362794764722, 2.928362794760585, 2.928362794767325, 2.928208545304808, 2.9282085452694444, 2.928208545274574, 2.928208545341449, 2.9282085453407785, 2.928208545312037, 2.9282085453048055, 2.92820854530424, 2.928208545303851, 2.936287205798143, 2.9362872057720053, 2.936287205774182, 2.936287205828992, 2.936287205816997, 2.936287205807397, 2.936287205798144, 2.9362872058023344, 2.9362872057927247, 2.944367048436174, 2.944367048422329, 2.944367048422803, 2.944367048454408, 2.944367048435199, 2.944367048425385, 2.9443670484361744, 2.9443670484427775, 2.9443670484290076, 2.949375467337739, 2.9493754673352286, 2.949375467334969, 2.9493754673423735, 2.949375467319109, 2.9493754673282355, 2.949375467337741, 2.949375467342878, 2.949375467332924, 2.9487007203214217, 2.948700720329212, 2.9487007203279516, 2.948700720314919, 2.9487007202922535, 2.948700720313882, 2.948700720321422, 2.9487007203227633, 2.948700720321162, 2.9458190184983026, 2.945819018514947, 2.945819018512292, 2.945819018483971, 2.9458190184665716, 2.945819018493045, 2.945819018498302, 2.9458190184960458, 2.945819018502073, 2.944309801948173, 2.944309801971147, 2.9443098019672567, 2.9443098019290384, 2.9443098019202227, 2.944309801945267, 2.9443098019481693, 2.9443098019441303, 2.944309801953805, 2.9460993931407944, 2.946099393166023, 2.9460993931617745, 2.9460993931196686, 2.946099393120649, 2.9460993931401833, 2.946099393140792, 2.9460993931368753, 2.9460993931460293, 2.9507346047328076, 2.950734604755124, 2.9507346047516956, 2.9507346047128284, 2.9507346047226264, 2.950734604734339, 2.9507346047328045, 2.9507346047302594, 2.9507346047361285, 2.955574448657891, 2.955574448672129, 2.955574448670319, 2.955574448642861, 2.9555744486584095, 2.955574448661288, 2.9555744486578885, 2.9555744486571287, 2.955574448658706, 2.9573076077428895, 2.957307607745424, 2.957307607745227, 2.9573076077367344, 2.9573076077534726, 2.9573076077477776, 2.957307607742891, 2.9573076077436076, 2.957307607741489, 2.954634315602619, 2.954634315592845, 2.954634315593583, 2.9546343156076262, 2.954634315620989, 2.9546343156085513, 2.9546343156026187, 2.9546343156040997, 2.954634315599885, 2.9501896162737267, 2.9501896162547534, 2.9501896162557397, 2.9501896162884975, 2.950189616295991, 2.950189616280301, 2.9501896162737293, 2.950189616275357, 2.9501896162705665, 2.948565277239761, 2.9485652772175626, 2.94856527721849, 2.948565277258972, 2.9485652772612214, 2.9485652772466318, 2.948565277239761, 2.948565277241292, 2.948565277236748, 2.9514273658356256, 2.9514273658168406, 2.9514273658176466, 2.9514273658525245, 2.9514273658520587, 2.951427365842425, 2.9514273658356216, 2.951427365836902, 2.9514273658332013, 2.955974971609532, 2.9559749715992574, 2.95597497159973, 2.9559749716191908, 2.9559749716183417, 2.955974971615822, 2.955974971609531, 2.9559749716102206, 2.9559749716082346, 2.958421416060621, 2.9584214160610314, 2.958421416060768, 2.958421416061561, 2.958421416061293, 2.9584214160659403, 2.958421416060622, 2.9584214160603874, 2.9584214160608453, 2.957737275249111, 2.957737275259165, 2.9577372752578324, 2.9577372752428497, 2.9577372752428577, 2.9577372752530966, 2.9577372752491105, 2.957737275247956, 2.957737275250758, 2.9558719038292676, 2.955871903845399, 2.95587190384314, 2.955871903818852, 2.9558719038182137, 2.9558719038316856, 2.9558719038292693, 2.9558719038275925, 2.9558719038317416, 2.9551961495804533, 2.9551961495979175, 2.955196149595344, 2.95519614956922, 2.9551961495669934, 2.9551961495812, 2.955196149580451, 2.95519614957885, 2.955196149582974, 2.9563279062972274, 2.9563279063114494, 2.9563279063092494, 2.956327906288257, 2.956327906283851, 2.956327906296295, 2.9563279062972274, 2.95632790629623, 2.9563279062990704, 2.958032126788893, 2.958032126796558, 2.9580321267950795, 2.9580321267846776, 2.9580321267780896, 2.958032126786403, 2.9580321267888943, 2.958032126788809, 2.9580321267895924, 2.9586709071138477, 2.958670907113591, 2.958670907112771, 2.9586709071157125, 2.9586709071076824, 2.9586709071100605, 2.958670907113849, 2.9586709071145822, 2.958670907113378, 2.9578239067235126, 2.957823906716192, 2.957823906715797, 2.957823906730916, 2.9578239067230303, 2.957823906718832, 2.9578239067235144, 2.9578239067246286, 2.9578239067222962, 2.9566442510200592, 2.9566442510085498, 2.956644251008379, 2.9566442510304256, 2.956644251024857, 2.9566442510149367, 2.956644251020061, 2.9566442510210362, 2.9566442510186812, 2.9565132546901776, 2.956513254678442, 2.9565132546783772, 2.9565132546998303, 2.9565132546985633, 2.9565132546850927, 2.9565132546901767, 2.956513254690705, 2.956513254689072, 2.9575408708734634, 2.9575408708652473, 2.9575408708651567, 2.9575408708792716, 2.9575408708831183, 2.957540870868892, 2.9575408708734647, 2.9575408708735202, 2.9575408708728186, 2.9586875486824065, 2.958687548680049, 2.9586875486797015, 2.9586875486829958, 2.9586875486910658, 2.958687548678778, 2.9586875486824096, 2.958687548682108, 2.958687548682212, 2.959080942354567, 2.9590809423583773, 2.959080942357572, 2.959080942350503, 2.959080942360522, 2.959080942352207, 2.9590809423545665, 2.959080942354075, 2.9590809423547557, 2.9588220682534065, 2.9588220682617186, 2.95882206826048, 2.9588220682465938, 2.958822068255686, 2.9588220682524695, 2.9588220682534043, 2.958822068252834, 2.9588220682539093, 2.9585713310644413, 2.9585713310743715, 2.958571331072948, 2.958571331057293, 2.958571331062851, 2.9585713310648822, 2.9585713310644417, 2.9585713310638844, 2.9585713310651576, 2.958693430125378, 2.9586934301338825, 2.958693430132609, 2.958693430120158, 2.9586934301205203, 2.9586934301269916, 2.958693430125375, 2.9586934301249506, 2.9586934301261296, 2.958975611725535, 2.958975611730362, 2.9589756117294455, 2.9589756117238615, 2.9589756117187465, 2.9589756117280195, 2.9589756117255375, 2.9589756117253763, 2.9589756117261024, 2.959039637654801, 2.9590396376550814, 2.9590396376545054, 2.9590396376572246, 2.9590396376478543, 2.959039637657796, 2.959039637654798, 2.9590396376549597, 2.959039637655021, 2.958844797517663, 2.958844797513968, 2.9588447975136365, 2.958844797523409, 2.958844797512297, 2.958844797520798, 2.958844797517666, 2.958844797518051, 2.9588447975175467, 2.9587126076503703, 2.9587126076444297, 2.9587126076442147, 2.9587126076574752, 2.9587126076477968, 2.9587126076532946, 2.958712607650368, 2.9587126076507797, 2.9587126076500607, 2.9588924843605175, 2.9588924843545903, 2.9588924843544033, 2.9588924843665882, 2.9588924843611517, 2.958892484362963, 2.9588924843605193, 2.9588924843607867, 2.9588924843601823, 2.959245844990671, 2.9592458449867953, 2.9592458449865235, 2.959245844993801, 2.9592458449941423, 2.959245844992451, 2.95924584499067, 2.9592458449907495, 2.959245844990382, 2.959445175414473, 2.9594451754138014, 2.959445175413331, 2.959445175413931, 2.959445175419803, 2.959445175415513, 2.9594451754144724, 2.9594451754144058, 2.9594451754142295, 2.9593836115783616, 2.959383611580868, 2.959383611580142, 2.9593836115746504, 2.959383611584201, 2.9593836115786916, 2.9593836115783607, 2.9593836115782244, 2.9593836115781667, 2.959260771582338, 2.9592607715869064, 2.959260771585993, 2.9592607715768553, 2.9592607715872763, 2.9592607715820543, 2.959260771582336, 2.959260771582166, 2.959260771582236, 2.9592939813931585, 2.959293981398103, 2.9592939813971717, 2.9592939813876318, 2.9592939813960517, 2.9592939813924044, 2.9592939813931616, 2.95929398139297, 2.9592939813931975, 2.959459823210794, 2.9594598232144986, 2.9594598232137233, 2.959459823206799, 2.959459823211056, 2.9594598232097113, 2.9594598232107985, 2.9594598232106253, 2.959459823210963, 2.9595603955502185, 2.9595603955516414, 2.9595603955511307, 2.9595603955487864, 2.959560395547959, 2.959560395548951, 2.9595603955502185, 2.959560395550154, 2.9595603955504215, 2.9594850409363476, 2.959485040935298, 2.9594850409350717, 2.9594850409376785, 2.9594850409323112, 2.9594850409350166, 2.959485040936349, 2.9594850409364457, 2.9594850409364737, 2.959342396233749, 2.9593423962308445, 2.9593423962308756, 2.959342396237158, 2.959342396229064, 2.959342396232456, 2.959342396233748, 2.959342396233989, 2.9593423962337506, 2.9593216335777885, 2.9593216335741785, 2.959321633574428, 2.959321633581949, 2.959321633573643, 2.9593216335766024, 2.9593216335777863, 2.9593216335780683, 2.9593216335777166, 2.9594652999999105, 2.9594652999968565, 2.9594652999972864, 2.9594653000033566, 2.959465299997246, 2.9594652999988917, 2.95946529999991, 2.9594653000001054, 2.9594652999998443, 2.959629216654924, 2.9596292166534, 2.9596292166539246, 2.959629216656628, 2.9596292166542533, 2.959629216654134, 2.959629216654924, 2.9596292166549603, 2.9596292166549256, 2.9596634269964235, 2.9596634269967796, 2.959663426997328, 2.959663426996075, 2.959663426997725, 2.9596634269959052, 2.9596634269964195, 2.959663426996301, 2.9596634269964803, 2.9595793100779177, 2.9595793100798002, 2.9595793100803265, 2.9595793100759686, 2.959579310080684, 2.9595793100777104, 2.959579310077919, 2.9595793100776993, 2.9595793100780003, 2.9595099519594568, 2.9595099519620063, 2.9595099519625023, 2.959509951956828, 2.9595099519628323, 2.959509951959584, 2.959509951959454, 2.95950995195922, 2.9595099519595243, 2.9595397434091377, 2.959539743411309, 2.9595397434117956, 2.959539743406871, 2.9595397434121993, 2.9595397434095774, 2.9595397434091386, 2.9595397434089445, 2.959539743409175, 2.9596195516442916, 2.9596195516452797, 2.959619551645752, 2.9596195516432156, 2.959619551646286, 2.9596195516450026, 2.959619551644292, 2.9596195516441877, 2.95961955164429, 2.959650720178458, 2.959650720177964, 2.959650720178389, 2.9596507201789004, 2.95965072017899, 2.9596507201793507, 2.9596507201784608, 2.9596507201784648, 2.9596507201784155, 2.959611661911212, 2.9596116619095083, 2.959611661909849, 2.9596116619129322, 2.9596116619103245, 2.9596116619121906, 2.9596116619112145, 2.959611661911323, 2.9596116619111426, 2.9595705270967976, 2.9595705270945656, 2.959570527094779, 2.95957052709906, 2.9595705270948853, 2.9595705270977253, 2.9595705270967967, 2.9595705270969463, 2.9595705270967354, 2.9595875541249814, 2.959587554123045, 2.9595875541231185, 2.9595875541268843, 2.959587554122677, 2.9595875541257586, 2.9595875541249805, 2.959587554125119, 2.9595875541249552, 2.959643986136011, 2.9596439861350055, 2.9596439861349415, 2.9596439861368284, 2.959643986133992, 2.959643986136551, 2.9596439861360126, 2.959643986136091, 2.9596439861360375, 2.959678257912926, 2.9596782579131107, 2.959678257912931, 2.9596782579123797, 2.9596782579117242, 2.9596782579131746, 2.9596782579129246, 2.9596782579129455, 2.9596782579129752, 2.9596657391224332, 2.9596657391235976, 2.959665739123352, 2.9596657391207386, 2.9596657391223027, 2.959665739122375, 2.9596657391224332, 2.9596657391224173, 2.9596657391224586, 2.959638892374118, 2.9596388923757013, 2.9596388923754606, 2.9596388923718617, 2.959638892374966, 2.959638892373796, 2.9596388923741213, 2.959638892374095, 2.9596388923740964, 2.9596362543670227, 2.9596362543683443, 2.9596362543681805, 2.959636254364937, 2.9596362543684873, 2.9596362543665027, 2.959636254367024, 2.9596362543669996, 2.9596362543669588, 2.95965631510888, 2.9596563151094175, 2.959656315109376, 2.95965631510759, 2.9596563151104545, 2.9596563151082664, 2.9596563151088797, 2.9596563151088757, 2.959656315108796, 2.9596707375838864, 2.959670737583449, 2.95967073758355, 2.959670737583691, 2.959670737585072, 2.9596707375832763, 2.9596707375838878, 2.959670737583901, 2.9596707375837994, 2.959667287822066, 2.959667287820854, 2.959667287821077, 2.9596672878228762, 2.959667287822528, 2.959667287821538, 2.959667287822066, 2.9596672878221, 2.959667287821999, 2.9596614788050095, 2.9596614788035223, 2.9596614788038282, 2.9596614788063906, 2.9596614788046716, 2.9596614788046205, 2.95966147880501, 2.959661478805057, 2.959661478804978, 2.9596682045383673, 2.9596682045371754, 2.959668204537508, 2.9596682045397515, 2.9596682045373934, 2.959668204538142, 2.95966820453837, 2.959668204538403, 2.959668204538385, 2.9596805343469748, 2.9596805343464876, 2.959680534346814, 2.9596805343478696, 2.9596805343457033, 2.9596805343469166, 2.9596805343469743, 2.959680534346986, 2.959680534347044, 2.959683732235275, 2.959683732235597, 2.959683732235893, 2.9596837322354705, 2.9596837322341205, 2.9596837322353515, 2.9596837322352743, 2.95968373223525, 2.959683732235373, 2.9596780802622673, 2.959678080263183, 2.959678080263427, 2.9596780802618596, 2.959678080261579, 2.959678080262445, 2.9596780802622678, 2.9596780802622136, 2.9596780802623672, 2.9596760713531824, 2.9596760713542443, 2.9596760713544445, 2.9596760713524977, 2.9596760713531234, 2.959676071353423, 2.9596760713531793, 2.959676071353114, 2.95967607135326, 2.959682250213857, 2.9596822502146045, 2.9596822502147764, 2.9596822502132873, 2.9596822502144082, 2.9596822502141196, 2.9596822502138598, 2.959682250213793, 2.959682250213898, 2.959687831086478, 2.959687831086614, 2.9596878310867516, 2.959687831086305, 2.9596878310874204, 2.9596878310867356, 2.9596878310864785, 2.9596878310864363, 2.9596878310864643, 2.959685959461058, 2.9596859594605633, 2.959685959460657, 2.959685959461346, 2.9596859594620897, 2.959685959461288, 2.9596859594610594, 2.9596859594610487, 2.9596859594610083, 2.959682378606156, 2.959682378605285, 2.9596823786053106, 2.959682378606743, 2.9596823786069617, 2.959682378606346, 2.9596823786061557, 2.9596823786061828, 2.9596823786060824, 2.959685363156441, 2.9596853631555926, 2.9596853631555344, 2.959685363157015, 2.959685363156802, 2.9596853631565785, 2.959685363156441, 2.959685363156494, 2.959685363156361, 2.9596922581780345, 2.959692258177574, 2.959692258177412, 2.9596922581783014, 2.959692258177889, 2.959692258178118, 2.9596922581780354, 2.9596922581780873, 2.959692258177977, 2.9596940275442574, 2.9596940275443386, 2.959694027544104, 2.959694027544064, 2.9596940275436956, 2.9596940275442787, 2.959694027544256, 2.9596940275442964, 2.9596940275442463, 2.959689316345017, 2.959689316345583, 2.9596893163453055, 2.9596893163444196, 2.959689316344237, 2.959689316344976, 2.9596893163450186, 2.959689316345033, 2.9596893163450457, 2.959686139962387, 2.959686139963172, 2.9596861399629, 2.9596861399616126, 2.959686139961655, 2.9596861399622862, 2.959686139962387, 2.9596861399623835, 2.9596861399624377, 2.959689585747283, 2.959689585747941, 2.959689585747725, 2.9596895857466254, 2.959689585746811, 2.9596895857471397, 2.959689585747285, 2.9596895857472694, 2.9596895857473275, 2.9596948042787146, 2.959694804278991, 2.959694804278859, 2.959694804278407, 2.959694804278607, 2.9596948042785427, 2.9596948042787137, 2.9596948042787026, 2.9596948042787337, 2.959695140924507, 2.95969514092433, 2.959695140924292, 2.959695140924627, 2.9596951409247567, 2.9596951409243304, 2.959695140924504, 2.9596951409245134, 2.9596951409244907, 2.9596918210836054, 2.9596918210831036, 2.9596918210831493, 2.9596918210840566, 2.959691821084092, 2.9596918210834486, 2.959691821083603, 2.9596918210836174, 2.959691821083561, 2.959690967962652, 2.9596909679620897, 2.959690967962186, 2.9596909679632186, 2.9596909679631938, 2.9596909679625414, 2.959690967962652, 2.959690967962667, 2.9596909679626053, 2.9596939246014937, 2.9596939246011305, 2.9596939246012477, 2.9596939246019436, 2.95969392460191, 2.9596939246014418, 2.9596939246014933, 2.9596939246014937, 2.9596939246014626, 2.959696118338096, 2.9596961183380857, 2.959696118338192, 2.959696118338296, 2.959696118338269, 2.9596961183381136, 2.959696118338095, 2.9596961183380768, 2.9596961183381056, 2.9596948241370904, 2.9596948241374164, 2.9596948241374896, 2.9596948241370415, 2.9596948241370007, 2.9596948241371654, 2.9596948241370926, 2.9596948241370526, 2.9596948241371375, 2.959692903156598, 2.9596929031570935, 2.9596929031571237, 2.9596929031564185, 2.9596929031563013, 2.959692903156711, 2.9596929031565993, 2.9596929031565566, 2.9596929031566597, 2.9596936444244206, 2.959693644424852, 2.9596936444248487, 2.959693644424264, 2.959693644424049, 2.9596936444245525, 2.9596936444244215, 2.9596936444243935, 2.959693644424474, 2.9596959053744833, 2.9596959053746685, 2.9596959053746565, 2.959695905374477, 2.9596959053741836, 2.9596959053745975, 2.9596959053744785, 2.959695905374472, 2.959695905374512, 2.959696635905514, 2.959696635905412, 2.9596966359053747, 2.959696635905677, 2.9596966359053853, 2.9596966359056016, 2.9596966359055124, 2.9596966359055297, 2.959696635905509, 2.959695657465211, 2.95969565746491, 2.9596956574648554, 2.9596956574654505, 2.959695657465292, 2.9596956574652538, 2.9596956574652142, 2.959695657465235, 2.9596956574651787, 2.959695137937073, 2.9596951379367464, 2.9596951379366674, 2.959695137937257, 2.959695137937309, 2.9596951379370795, 2.959695137937073, 2.959695137937096, 2.959695137937033, 2.9596958190990845, 2.959695819098902, 2.959695819098798, 2.959695819099095, 2.959695819099384, 2.959695819099057, 2.9596958190990854, 2.9596958190991027, 2.9596958190990494, 2.9596963785906167, 2.95969637859066, 2.959696378590536, 2.959696378590417, 2.959696378590862, 2.9596963785905626, 2.959696378590618, 2.959696378590617, 2.959696378590601, 2.9596961268864876, 2.9596961268867195, 2.9596961268865978, 2.959696126886147, 2.9596961268865947, 2.959696126886432, 2.959696126886485, 2.959696126886484, 2.959696126886488, 2.9596959481512846, 2.9596959481515897, 2.959695948151481, 2.9596959481509386, 2.959695948151213, 2.9596959481512317, 2.959695948151283, 2.9596959481512837, 2.959695948151289, 2.959696448705068, 2.959696448705294, 2.9596964487052206, 2.9596964487048525, 2.9596964487048516, 2.9596964487050257, 2.9596964487050657, 2.9596964487050696, 2.9596964487050776, 2.9596969406562863, 2.959696940656341, 2.9596969406563174, 2.959696940656283, 2.9596969406560194, 2.959696940656255, 2.9596969406562823, 2.9596969406562934, 2.959696940656295, 2.959696814021128, 2.959696814020994, 2.9596968140210134, 2.9596968140213162, 2.9596968140209032, 2.959696814021109, 2.9596968140211253, 2.959696814021129, 2.9596968140211377, 2.959696578150161, 2.959696578149933, 2.9596965781499955, 2.9596965781504436, 2.9596965781500604, 2.959696578150157, 2.9596965781501603, 2.959696578150168, 2.9596965781501625, 2.9596967620627863, 2.95969676206259, 2.9596967620626673, 2.9596967620630297, 2.959696762062836, 2.9596967620627903, 2.9596967620627868, 2.959696762062784, 2.9596967620627823, 2.9596969756143046, 2.9596969756142246, 2.959696975614314, 2.959696975614431, 2.9596969756144813, 2.9596969756143183, 2.959696975614303, 2.9596969756142966, 2.9596969756143015, 2.959696807359455, 2.9596968073595202, 2.9596968073595993, 2.959696807359436, 2.9596968073596885, 2.959696807359476, 2.959696807359454, 2.959696807359443, 2.9596968073594625, 2.959696648997202, 2.9596966489973515, 2.9596966489974155, 2.9596966489970917, 2.9596966489973964, 2.9596966489972236, 2.959696648997199, 2.9596966489971828, 2.959696648997208, 2.959696936279113, 2.9596969362792653, 2.959696936279298, 2.9596969362789958, 2.959696936279207, 2.9596969362791383, 2.959696936279112, 2.9596969362791063, 2.959696936279116, 2.959697316925605, 2.95969731692567, 2.959697316925683, 2.959697316925565, 2.959697316925571, 2.9596973169256278, 2.959697316925606, 2.959697316925597, 2.9596973169256127, 2.9596972499699454, 2.959697249969888, 2.95969724996989, 2.959697249969999, 2.959697249969807, 2.9596972499699645, 2.9596972499699423, 2.9596972499699463, 2.95969724996995, 2.9596969549155325, 2.9596969549153953, 2.9596969549153793, 2.959696954915638, 2.9596969549153576, 2.959696954915541, 2.9596969549155308, 2.959696954915543, 2.9596969549155303, 2.9596969722348474, 2.959696972234714, 2.95969697223469, 2.959696972234929, 2.9596969722347097, 2.9596969722348474, 2.9596969722348474, 2.959696972234858, 2.9596969722348394, 2.959697212676944, 2.9596972126768786, 2.9596972126768466, 2.959697212676935, 2.959697212676881, 2.9596972126769314, 2.9596972126769443, 2.9596972126769523, 2.9596972126769323, 2.9596972483816706, 2.959697248381699, 2.9596972483816706, 2.9596972483815644, 2.9596972483817057, 2.9596972483816493, 2.959697248381669, 2.959697248381681, 2.9596972483816573, 2.9596970947177015, 2.9596970947177987, 2.9596970947177628, 2.9596970947175305, 2.9596970947178103, 2.95969709471768, 2.9596970947176997, 2.959697094717703, 2.9596970947176935, 2.959697116845054, 2.9596971168451547, 2.9596971168451383, 2.9596971168448967, 2.959697116845167, 2.9596971168450326, 2.9596971168450565, 2.959697116845051, 2.959697116845058, 2.959697325498922, 2.959697325498967, 2.9596973254989645, 2.959697325498842, 2.9596973254990027, 2.9596973254989116, 2.95969732549892, 2.9596973254989134, 2.959697325498925, 2.959697397209839, 2.959697397209798, 2.959697397209819, 2.9596973972098666, 2.9596973972098497, 2.9596973972098386, 2.9596973972098355, 2.959697397209838, 2.959697397209838, 2.959697270044598, 2.959697270044502, 2.9596972700445394, 2.959697270044714, 2.959697270044544, 2.959697270044602, 2.9596972700445976, 2.9596972700446003, 2.959697270044597, 2.9596972046630103, 2.959697204662916, 2.959697204662954, 2.9596972046631476, 2.9596972046629206, 2.959697204663021, 2.9596972046630126, 2.959697204663018, 2.9596972046630086, 2.959697287297875, 2.9596972872978293, 2.959697287297867, 2.95969728729797, 2.9596972872977947, 2.959697287297894, 2.959697287297875, 2.9596972872978746, 2.9596972872978804, 2.95969734470984, 2.959697344709865, 2.9596973447098964, 2.9596973447098653, 2.9596973447097983, 2.9596973447098542, 2.9596973447098422, 2.9596973447098387, 2.9596973447098494, 2.959697314466815, 2.9596973144668848, 2.9596973144669074, 2.9596973144667786, 2.959697314466835, 2.9596973144668257, 2.959697314466818, 2.9596973144668097, 2.9596973144668244, 2.9596973125745505, 2.959697312574617, 2.9596973125746344, 2.9596973125744945, 2.9596973125746153, 2.959697312574553, 2.959697312574549, 2.959697312574542, 2.9596973125745545, 2.9596973679705885, 2.959697367970614, 2.9596973679706204, 2.959697367970553, 2.95969736797067, 2.9596973679705827, 2.9596973679705876, 2.9596973679705845, 2.959697367970587, 2.9596973870949137, 2.959697387094887, 2.959697387094881, 2.9596973870949155, 2.959697387094978, 2.959697387094905, 2.959697387094911, 2.959697387094913, 2.9596973870949093, 2.9596973555991326, 2.959697355599072, 2.95969735559906, 2.95969735559916, 2.959697355599147, 2.9596973555991264, 2.959697355599132, 2.9596973555991335, 2.959697355599127, 2.959697343767255, 2.959697343767198, 2.9596973437671807, 2.959697343767283, 2.959697343767219, 2.959697343767246, 2.959697343767256, 2.9596973437672633, 2.959697343767248, 2.9596973648424476, 2.959697364842433, 2.9596973648424054, 2.959697364842444, 2.9596973648423788, 2.9596973648424414, 2.9596973648424463, 2.9596973648424583, 2.95969736484244, 2.9596973719634887, 2.9596973719635185, 2.9596973719634976, 2.959697371963451, 2.959697371963426, 2.959697371963485, 2.959697371963491, 2.95969737196349, 2.9596973719634927, 2.9596973692844215, 2.9596973692844752, 2.9596973692844566, 2.959697369284358, 2.959697369284378, 2.959697369284423, 2.9596973692844215, 2.9596973692844184, 2.959697369284423, 2.959697391947394, 2.959697391947439, 2.95969739194743, 2.959697391947346, 2.959697391947392, 2.959697391947395, 2.95969739194739, 2.959697391947384, 2.959697391947399, 2.959697410094172, 2.959697410094187, 2.9596974100941837, 2.95969741009416, 2.9596974100942064, 2.9596974100941744, 2.959697410094175, 2.9596974100941704, 2.9596974100941744, 2.959697391865413, 2.959697391865388, 2.9596973918653977, 2.959697391865445, 2.9596973918654634, 2.959697391865415, 2.959697391865408, 2.9596973918654172, 2.9596973918654084, 2.9596973727591576, 2.9596973727591105, 2.9596973727591283, 2.9596973727592144, 2.959697372759207, 2.9596973727591656, 2.959697372759159, 2.959697372759161, 2.9596973727591527, 2.959697390332765, 2.9596973903327326, 2.9596973903327513, 2.9596973903328165, 2.9596973903327926, 2.9596973903327735, 2.9596973903327646, 2.9596973903327664, 2.959697390332762, 2.959697409495773, 2.9596974094957638, 2.95969740949578, 2.959697409495791, 2.959697409495763, 2.959697409495771, 2.959697409495773, 2.9596974094957655, 2.9596974094957753, 2.9596974006192562, 2.9596974006192798, 2.959697400619286, 2.9596974006192487, 2.959697400619228, 2.959697400619258, 2.959697400619256, 2.9596974006192474, 2.959697400619265, 2.9596973919435356, 2.959697391943576, 2.9596973919435756, 2.9596973919435214, 2.959697391943492, 2.959697391943534, 2.9596973919435356, 2.959697391943539, 2.959697391943537, 2.959697406822887, 2.959697406822918, 2.9596974068229103, 2.959697406822871, 2.95969740682286, 2.959697406822886, 2.9596974068228894, 2.959697406822891, 2.9596974068228885, 2.9596974165711156, 2.9596974165711183, 2.9596974165711094, 2.9596974165711116, 2.9596974165711125, 2.9596974165711103, 2.959697416571115, 2.9596974165711116, 2.959697416571121, 2.9596974035314942, 2.9596974035314707, 2.959697403531458, 2.9596974035314996, 2.9596974035315124, 2.9596974035314894, 2.959697403531494, 2.9596974035314974, 2.959697403531492, 2.959697396025472, 2.959697396025452, 2.959697396025432, 2.9596973960254815, 2.9596973960255, 2.9596973960254647, 2.959697396025471, 2.9596973960254775, 2.9596973960254673, 2.9596974068045805, 2.9596974068045645, 2.9596974068045583, 2.9596974068045783, 2.959697406804609, 2.9596974068045787, 2.9596974068045765, 2.9596974068045805, 2.9596974068045725, 2.959697415517088, 2.9596974155171005, 2.9596974155170868, 2.9596974155170717, 2.959697415517098, 2.9596974155170885, 2.9596974155170868, 2.9596974155170956, 2.959697415517083, 2.959697411814104, 2.959697411814124, 2.959697411814122, 2.9596974118140853, 2.9596974118140924, 2.9596974118141093, 2.959697411814104, 2.9596974118141013, 2.959697411814109, 2.959697408965857, 2.959697408965878, 2.9596974089658725, 2.959697408965837, 2.959697408965831, 2.9596974089658614, 2.9596974089658583, 2.9596974089658477, 2.9596974089658654, 2.959697413311799, 2.9596974133118064, 2.9596974133118086, 2.9596974133118, 2.9596974133117695, 2.9596974133118046, 2.9596974133117926, 2.9596974133117944, 2.9596974133118032, 2.9596974152477142, 2.95969741524771, 2.9596974152477147, 2.959697415247736, 2.959697415247706, 2.9596974152477213, 2.9596974152477173, 2.9596974152477196, 2.959697415247712, 2.9596974125631763, 2.959697412563161, 2.95969741256317, 2.959697412563201, 2.9596974125631914, 2.9596974125631785, 2.9596974125631803, 2.959697412563185, 2.959697412563173, 2.9596974127050815, 2.9596974127050664, 2.9596974127050717, 2.9596974127051, 2.9596974127051023, 2.9596974127050797, 2.959697412705078, 2.9596974127050846, 2.9596974127050735, 2.959697416057848, 2.9596974160578444, 2.9596974160578466, 2.959697416057855, 2.95969741605787, 2.959697416057846, 2.959697416057851, 2.959697416057843, 2.959697416057854, 2.9596974170189987, 2.959697417019006, 2.9596974170190027, 2.959697417018992, 2.959697417019004, 2.9596974170189916, 2.959697417018999, 2.959697417018989, 2.959697417019006, 2.9596974158239404, 2.9596974158239586, 2.959697415823955, 2.9596974158239293, 2.9596974158239355, 2.9596974158239377, 2.959697415823937, 2.959697415823939, 2.9596974158239444, 2.9596974164697145, 2.9596974164697274, 2.959697416469726, 2.9596974164697047, 2.9596974164697056, 2.959697416469711, 2.9596974164697163, 2.9596974164697203, 2.959697416469713, 2.9596974173530124, 2.9596974173530155, 2.9596974173530124, 2.959697417353009, 2.959697417352998, 2.9596974173530097, 2.95969741735301, 2.9596974173530186, 2.9596974173530066, 2.9596974159139684, 2.959697415913959, 2.9596974159139586, 2.9596974159139755, 2.9596974159139604, 2.9596974159139697, 2.9596974159139675, 2.959697415913975, 2.9596974159139635, 2.9596974143436676, 2.959697414343646, 2.9596974143436476, 2.959697414343669, 2.959697414343664, 2.9596974143436694, 2.959697414343666, 2.959697414343662, 2.9596974143436734, 2.9596974170687713, 2.9596974170687558, 2.959697417068758, 2.959697417068772, 2.9596974170687695, 2.959697417068772, 2.9596974170687727, 2.9596974170687638, 2.959697417068772, 2.959697418071906, 2.9596974180719093, 2.959697418071908, 2.9596974180718947, 2.9596974180719196, 2.9596974180719076, 2.9596974180719093, 2.959697418071906, 2.9596974180719084, 2.959697415958493, 2.959697415958506, 2.9596974159585048, 2.959697415958479, 2.959697415958501, 2.9596974159584937, 2.9596974159584932, 2.9596974159584972, 2.959697415958488, 2.9596974166335634, 2.9596974166335728, 2.9596974166335728, 2.959697416633555, 2.9596974166335697, 2.9596974166335657, 2.959697416633566, 2.9596974166335674, 2.9596974166335586, 2.9596974183361966, 2.959697418336197, 2.959697418336201, 2.959697418336195, 2.9596974183361895, 2.9596974183361957, 2.959697418336195, 2.9596974183362, 2.9596974183361944, 2.9596974174626087, 2.9596974174626, 2.959697417462611, 2.9596974174626167, 2.9596974174625963, 2.9596974174626083, 2.959697417462608, 2.959697417462599, 2.9596974174626145, 2.959697416779634, 2.959697416779622, 2.959697416779629, 2.9596974167796493, 2.9596974167796297, 2.9596974167796373, 2.959697416779634, 2.9596974167796315, 2.959697416779635, 2.9596974180076163, 2.9596974180076137, 2.9596974180076137, 2.9596974180076283, 2.95969741800762, 2.9596974180076177, 2.959697418007619, 2.959697418007614, 2.959697418007617, 2.959697418985746, 2.959697418985744, 2.9596974189857517, 2.959697418985748, 2.959697418985751, 2.9596974189857463, 2.9596974189857432, 2.959697418985748, 2.959697418985747, 2.9596974189051717, 2.9596974189051752, 2.9596974189051837, 2.9596974189051677, 2.9596974189051783, 2.9596974189051717, 2.9596974189051717, 2.959697418905175, 2.959697418905164, 2.9596974192956917, 2.9596974192956917, 2.9596974192956993, 2.95969741929569, 2.9596974192956953, 2.959697419295688, 2.959697419295692, 2.9596974192956917, 2.959697419295691, 2.9596974188556944, 2.959697418855693, 2.95969741885569, 2.959697418855689, 2.9596974188556953, 2.9596974188556926, 2.9596974188556926, 2.9596974188556886, 2.9596974188556953, 2.9596974179112823, 2.959697417911284, 2.9596974179112756, 2.9596974179112827, 2.9596974179112756, 2.9596974179112805, 2.9596974179112827, 2.9596974179112805, 2.959697417911286, 2.9596974175567303, 2.9596974175567197, 2.9596974175567157, 2.9596974175567228, 2.959697417556723, 2.9596974175567263, 2.9596974175567357, 2.9596974175567303, 2.9596974175567343, 2.959697418441671, 2.9596974184416687, 2.9596974184416633, 2.959697418441667, 2.959697418441662, 2.9596974184416713, 2.95969741844167, 2.9596974184416767, 2.9596974184416647, 2.959697418463173, 2.9596974184631812, 2.959697418463184, 2.9596974184631626, 2.9596974184631746, 2.959697418463174, 2.9596974184631746, 2.959697418463181, 2.9596974184631657, 2.959697418792523, 2.95969741879253, 2.959697418792528, 2.959697418792516, 2.9596974187925307, 2.9596974187925236, 2.9596974187925236, 2.9596974187925236, 2.9596974187925293, 2.959697418436673, 2.9596974184366736, 2.9596974184366727, 2.9596974184366767, 2.9596974184366758, 2.959697418436678, 2.9596974184366744, 2.9596974184366696, 2.959697418436677, 2.9596974176800575, 2.959697417680052, 2.959697417680055, 2.959697417680071, 2.9596974176800592, 2.959697417680058, 2.9596974176800583, 2.95969741768005, 2.9596974176800708, 2.9596974180034312, 2.9596974180034272, 2.9596974180034272, 2.9596974180034405, 2.9596974180034326, 2.9596974180034334, 2.9596974180034334, 2.959697418003431, 2.959697418003426, 2.9596974177261877, 2.9596974177261854, 2.959697417726184, 2.959697417726195, 2.9596974177261886, 2.9596974177261877, 2.959697417726187, 2.9596974177261948, 2.959697417726177, 2.9596974176866486, 2.9596974176866597, 2.9596974176866566, 2.959697417686648, 2.9596974176866495, 2.9596974176866517, 2.959697417686649, 2.9596974176866575, 2.9596974176866406, 2.9596974176571686, 2.9596974176571798, 2.9596974176571766, 2.9596974176571638, 2.9596974176571686, 2.959697417657163, 2.9596974176571686, 2.9596974176571655, 2.959697417657175, 2.959697417674065, 2.9596974176740716, 2.9596974176740716, 2.9596974176740587, 2.959697417674066, 2.9596974176740662, 2.9596974176740645, 2.959697417674057, 2.959697417674082, 2.9596974184830804, 2.959697418483077, 2.959697418483077, 2.9596974184830835, 2.9596974184830773, 2.9596974184830755, 2.9596974184830787, 2.9596974184830773, 2.959697418483089, 2.9596974167972023, 2.959697416797193, 2.959697416797188, 2.95969741679721, 2.9596974167972028, 2.9596974167971997, 2.9596974167972037, 2.95969741679721, 2.9596974167971983, 2.9596974167680763, 2.9596974167680714, 2.9596974167680687, 2.959697416768085, 2.9596974167680687, 2.959697416768074, 2.9596974167680763, 2.959697416768092, 2.9596974167680625, 2.959697419110992, 2.9596974191109933, 2.9596974191109884, 2.9596974191109866, 2.959697419110991, 2.9596974191109964, 2.959697419110992, 2.959697419110996, 2.9596974191109915, 2.9596974174021855, 2.9596974174021913, 2.959697417402193, 2.959697417402173, 2.959697417402194, 2.9596974174021873, 2.9596974174021846, 2.959697417402178, 2.9596974174021966, 2.95969741764586, 2.9596974176458692, 2.959697417645868, 2.959697417645846, 2.9596974176458657, 2.959697417645858, 2.959697417645857, 2.9596974176458506, 2.9596974176458684, 2.959697419522131, 2.9596974195221364, 2.959697419522133, 2.9596974195221284, 2.959697419522133, 2.959697419522134, 2.959697419522134, 2.959697419522136, 2.959697419522126, 2.9596974180233255, 2.959697418023314, 2.959697418023314, 2.959697418023338, 2.959697418023317, 2.9596974180233304, 2.9596974180233238, 2.9596974180233326, 2.95969741802332, 2.9596974185961518, 2.959697418596144, 2.959697418596146, 2.959697418596164, 2.959697418596146, 2.959697418596153, 2.9596974185961495, 2.959697418596156, 2.9596974185961527, 2.959697419544727, 2.959697419544726, 2.959697419544725, 2.959697419544729, 2.9596974195447263, 2.9596974195447263, 2.959697419544726, 2.9596974195447237, 2.959697419544732, 2.9596974181236373, 2.9596974181236457, 2.959697418123649, 2.959697418123631, 2.959697418123643, 2.9596974181236346, 2.9596974181236346, 2.959697418123634, 2.95969741812364, 2.9596974180604274, 2.959697418060437, 2.9596974180604394, 2.9596974180604207, 2.959697418060433, 2.9596974180604243, 2.959697418060428, 2.9596974180604314, 2.959697418060429, 2.959697419376409, 2.959697419376411, 2.9596974193764125, 2.9596974193764103, 2.959697419376409, 2.9596974193764076, 2.9596974193764094, 2.959697419376409, 2.959697419376406, 2.9596974183833002, 2.959697418383286, 2.959697418383288, 2.9596974183833105, 2.9596974183832994, 2.9596974183832994, 2.9596974183833002, 2.9596974183832967, 2.959697418383298, 2.9596974190185903, 2.959697419018579, 2.9596974190185796, 2.9596974190185987, 2.959697419018591, 2.9596974190185907, 2.9596974190185916, 2.959697419018593, 2.959697419018593, 2.959697419497306, 2.9596974194973114, 2.9596974194973087, 2.9596974194973034, 2.9596974194973, 2.9596974194973074, 2.9596974194973056, 2.9596974194973082, 2.959697419497303, 2.9596974180445796, 2.9596974180445916, 2.95969741804459, 2.959697418044569, 2.959697418044582, 2.9596974180445845, 2.959697418044578, 2.959697418044579, 2.9596974180445823, 2.959697418710999, 2.9596974187110052, 2.959697418711006, 2.959697418710989, 2.9596974187109955, 2.9596974187109937, 2.9596974187109963, 2.959697418710994, 2.9596974187109986, 2.959697419462257, 2.9596974194622527, 2.9596974194622536, 2.9596974194622527, 2.9596974194622554, 2.9596974194622523, 2.959697419462256, 2.959697419462255, 2.959697419462258, 2.9596974181184943, 2.9596974181184814, 2.959697418118482, 2.9596974181185014, 2.9596974181184983, 2.9596974181184974, 2.9596974181184916, 2.9596974181184996, 2.959697418118488, 2.9596974189695677, 2.959697418969562, 2.9596974189695633, 2.9596974189695744, 2.959697418969572, 2.959697418969575, 2.9596974189695655, 2.9596974189695695, 2.9596974189695713, 2.959697419708307, 2.95969741970831, 2.959697419708309, 2.9596974197083106, 2.959697419708308, 2.95969741970831, 2.959697419708308, 2.9596974197083044, 2.959697419708308, 2.9596974187867704, 2.959697418786779, 2.9596974187867833, 2.9596974187867646, 2.9596974187867673, 2.959697418786767, 2.959697418786771, 2.9596974187867646, 2.9596974187867713, 2.959697419080662, 2.959697419080667, 2.9596974190806704, 2.9596974190806584, 2.959697419080659, 2.9596974190806606, 2.9596974190806633, 2.9596974190806673, 2.959697419080658, 2.9596974192103094, 2.959697419210307, 2.959697419210305, 2.959697419210312, 2.959697419210312, 2.9596974192103036, 2.959697419210308, 2.959697419210309, 2.959697419210309, 2.959697418663415, 2.959697418663405, 2.9596974186634, 2.9596974186634233, 2.959697418663411, 2.959697418663409, 2.9596974186634117, 2.9596974186634135, 2.9596974186634166, 2.9596974197733763, 2.959697419773378, 2.9596974197733705, 2.9596974197733776, 2.9596974197733794, 2.9596974197733736, 2.959697419773375, 2.9596974197733754, 2.9596974197733763, 2.959697418570614, 2.959697418570623, 2.9596974185706206, 2.959697418570608, 2.9596974185706135, 2.959697418570621, 2.959697418570615, 2.959697418570616, 2.9596974185706175, 2.9596974179812077, 2.959697417981214, 2.959697417981217, 2.9596974179811997, 2.959697417981207, 2.959697417981209, 2.959697417981209, 2.959697417981209, 2.9596974179812015, 2.959697418536468, 2.9596974185364684, 2.959697418536473, 2.959697418536467, 2.9596974185364715, 2.959697418536472, 2.959697418536469, 2.959697418536464, 2.959697418536473, 2.9596974179797795, 2.9596974179797684, 2.959697417979777, 2.959697417979787, 2.95969741797978, 2.9596974179797804, 2.95969741797978, 2.9596974179797773, 2.9596974179797817, 2.9596974176687647, 2.9596974176687527, 2.9596974176687594, 2.9596974176687763, 2.959697417668763, 2.959697417668767, 2.9596974176687625, 2.9596974176687727, 2.9596974176687585, 2.959697419406022, 2.959697419406021, 2.959697419406022, 2.9596974194060235, 2.9596974194060226, 2.9596974194060244, 2.959697419406023, 2.9596974194060217, 2.9596974194060217, 2.9596974188955523, 2.9596974188955603, 2.9596974188955585, 2.9596974188955447, 2.959697418895552, 2.9596974188955545, 2.959697418895555, 2.959697418895546, 2.9596974188955594, 2.95969741829701, 2.959697418297015, 2.959697418297014, 2.9596974182969973, 2.95969741829701, 2.9596974182970097, 2.9596974182970093, 2.9596974182970093, 2.959697418297009, 2.9596974175899478, 2.9596974175899455, 2.959697417589942, 2.9596974175899433, 2.959697417589946, 2.959697417589941, 2.959697417589947, 2.9596974175899535, 2.9596974175899406, 2.959697417813867, 2.9596974178138584, 2.959697417813858, 2.9596974178138677, 2.9596974178138664, 2.959697417813865, 2.9596974178138664, 2.959697417813871, 2.959697417813869, 2.9596974189466687, 2.959697418946668, 2.959697418946663, 2.959697418946673, 2.959697418946666, 2.959697418946663, 2.959697418946669, 2.9596974189466687, 2.9596974189466705, 2.9596974196132653, 2.959697419613271, 2.9596974196132675, 2.9596974196132644, 2.9596974196132675, 2.9596974196132644, 2.9596974196132657, 2.9596974196132657, 2.9596974196132675, 2.9596974190607788, 2.959697419060785, 2.9596974190607845, 2.9596974190607765, 2.9596974190607814, 2.959697419060778, 2.9596974190607788, 2.9596974190607757, 2.9596974190607837, 2.9596974187209986, 2.9596974187210057, 2.9596974187210043, 2.9596974187210003, 2.9596974187209963, 2.9596974187210026, 2.959697418721002, 2.9596974187210003, 2.959697418721001, 2.9596974182003333, 2.959697418200326, 2.959697418200335, 2.9596974182003404, 2.959697418200331, 2.9596974182003355, 2.95969741820033, 2.9596974182003377, 2.9596974182003266, 2.9596974181054883, 2.9596974181054776, 2.9596974181054874, 2.9596974181054936, 2.9596974181054887, 2.9596974181054923, 2.959697418105487, 2.9596974181054883, 2.9596974181054914, 2.9596974188770075, 2.9596974188770098, 2.959697418877004, 2.9596974188770138, 2.959697418877013, 2.95969741887701, 2.9596974188770075, 2.9596974188770058, 2.95969741887701, 2.959697419465744, 2.9596974194657504, 2.959697419465748, 2.9596974194657415, 2.959697419465752, 2.9596974194657464, 2.959697419465748, 2.959697419465741, 2.9596974194657495, 2.9596974192710404, 2.9596974192710435, 2.9596974192710412, 2.9596974192710346, 2.9596974192710417, 2.9596974192710426, 2.95969741927104, 2.959697419271044, 2.959697419271034, 2.9596974182443327, 2.959697418244335, 2.9596974182443296, 2.959697418244329, 2.959697418244326, 2.9596974182443296, 2.959697418244334, 2.959697418244337, 2.9596974182443265, 2.959697417337398, 2.959697417337402, 2.9596974173373933, 2.9596974173374, 2.9596974173373902, 2.959697417337395, 2.9596974173373978, 2.9596974173373987, 2.9596974173374044, 2.9596974173098367, 2.9596974173098296, 2.9596974173098274, 2.9596974173098376, 2.959697417309827, 2.959697417309831, 2.9596974173098363, 2.959697417309829, 2.9596974173098487, 2.9596974185803235, 2.959697418580327, 2.959697418580326, 2.959697418580319, 2.9596974185803333, 2.9596974185803187, 2.9596974185803218, 2.9596974185803298, 2.959697418580313, 2.959697419161646, 2.95969741916165, 2.9596974191616527, 2.9596974191616456, 2.959697419161655, 2.9596974191616447, 2.959697419161645, 2.9596974191616523, 2.9596974191616447, 2.959697419539158, 2.959697419539155, 2.9596974195391557, 2.9596974195391534, 2.9596974195391605, 2.959697419539157, 2.959697419539158, 2.9596974195391548, 2.9596974195391597, 2.9596974182444855, 2.9596974182444837, 2.9596974182444855, 2.959697418244491, 2.959697418244482, 2.9596974182444917, 2.959697418244484, 2.959697418244481, 2.9596974182444904, 2.959697417805261, 2.959697417805264, 2.959697417805263, 2.959697417805265, 2.959697417805255, 2.959697417805265, 2.9596974178052635, 2.9596974178052604, 2.95969741780526, 2.9596974182198124, 2.959697418219815, 2.9596974182198164, 2.9596974182198226, 2.9596974182198084, 2.9596974182198177, 2.9596974182198106, 2.9596974182198132, 2.9596974182198115, 2.959697419188565, 2.959697419188557, 2.959697419188567, 2.959697419188568, 2.95969741918857, 2.9596974191885677, 2.959697419188565, 2.95969741918857, 2.9596974191885623, 2.959697419088836, 2.9596974190888328, 2.959697419088836, 2.9596974190888323, 2.959697419088842, 2.959697419088837, 2.9596974190888394, 2.95969741908883, 2.95969741908884, 2.9596974178874564, 2.959697417887461, 2.9596974178874587, 2.9596974178874476, 2.959697417887459, 2.959697417887453, 2.9596974178874538, 2.9596974178874547, 2.959697417887457, 2.9596974166055268, 2.9596974166055223, 2.9596974166055228, 2.959697416605522, 2.959697416605525, 2.959697416605518, 2.959697416605525, 2.9596974166055303, 2.9596974166055197, 2.959697417354592, 2.9596974173545867, 2.9596974173545822, 2.9596974173545845, 2.9596974173545836, 2.95969741735459, 2.9596974173545916, 2.9596974173545982, 2.9596974173545867, 2.9596974186782528, 2.959697418678254, 2.9596974186782536, 2.9596974186782483, 2.959697418678245, 2.959697418678251, 2.9596974186782545, 2.959697418678248, 2.959697418678259, 2.959697419280442, 2.9596974192804417, 2.959697419280442, 2.9596974192804395, 2.959697419280445, 2.959697419280447, 2.9596974192804395, 2.959697419280434, 2.9596974192804524, 2.9596974187367127, 2.9596974187367153, 2.9596974187367198, 2.9596974187367207, 2.9596974187367167, 2.9596974187367144, 2.9596974187367127, 2.9596974187367193, 2.959697418736707, 2.9596974182197493, 2.959697418219749, 2.959697418219752, 2.959697418219758, 2.959697418219756, 2.9596974182197515, 2.9596974182197537, 2.9596974182197564, 2.9596974182197417, 2.95969741926353, 2.959697419263529, 2.959697419263537, 2.9596974192635352, 2.9596974192635335, 2.9596974192635295, 2.9596974192635326, 2.9596974192635286, 2.9596974192635326, 2.9596974188581027, 2.9596974188580933, 2.9596974188580925, 2.959697418858106, 2.959697418858096, 2.9596974188580987, 2.9596974188581022, 2.959697418858092, 2.9596974188581138, 2.959697419429837, 2.959697419429842, 2.9596974194298364, 2.9596974194298324, 2.9596974194298324, 2.959697419429837, 2.9596974194298378, 2.9596974194298395, 2.959697419429833, 2.9596974183043185, 2.9596974183043248, 2.9596974183043256, 2.9596974183043097, 2.9596974183043208, 2.9596974183043168, 2.9596974183043177, 2.9596974183043256, 2.9596974183043083, 2.9596974191476613, 2.9596974191476617, 2.959697419147666, 2.959697419147656, 2.959697419147663, 2.959697419147659, 2.9596974191476635, 2.959697419147658, 2.9596974191476653, 2.9596974179882958, 2.959697417988294, 2.9596974179882904, 2.9596974179882993, 2.9596974179882958, 2.9596974179882998, 2.9596974179882936, 2.959697417988289, 2.9596974179883038, 2.959697417109635, 2.9596974171096235, 2.959697417109625, 2.9596974171096413, 2.9596974171096324, 2.9596974171096377, 2.9596974171096346, 2.9596974171096444, 2.9596974171096297, 2.9596974186085925, 2.959697418608597, 2.9596974186085907, 2.9596974186085947, 2.9596974186085925, 2.9596974186085987, 2.9596974186085894, 2.9596974186085965, 2.9596974186085925, 2.9596974187086973, 2.959697418708706, 2.9596974187087026, 2.9596974187086875, 2.9596974187087, 2.9596974187086986, 2.9596974187086977, 2.959697418708693, 2.9596974187086995, 2.95969741924579, 2.9596974192457934, 2.95969741924579, 2.9596974192457886, 2.9596974192457948, 2.9596974192457863, 2.9596974192457908, 2.9596974192457894, 2.9596974192457943, 2.9596974193054404, 2.959697419305446, 2.959697419305445, 2.959697419305444, 2.9596974193054377, 2.959697419305437, 2.9596974193054444, 2.9596974193054466, 2.9596974193054364, 2.95969741877091, 2.9596974187709013, 2.9596974187709044, 2.9596974187709146, 2.959697418770909, 2.959697418770909, 2.9596974187709106, 2.959697418770906, 2.9596974187709133, 2.959697419177691, 2.959697419177683, 2.9596974191776915, 2.9596974191776964, 2.959697419177689, 2.9596974191776875, 2.959697419177691, 2.9596974191776924, 2.959697419177693, 2.959697419696581, 2.959697419696584, 2.9596974196965795, 2.9596974196965826, 2.959697419696576, 2.95969741969658, 2.959697419696582, 2.959697419696581, 2.959697419696578, 2.959697418907104, 2.9596974189071137, 2.9596974189071106, 2.959697418907096, 2.9596974189071044, 2.9596974189071057, 2.959697418907103, 2.959697418907107, 2.9596974189071044, 2.9596974189124214, 2.9596974189124228, 2.959697418912419, 2.959697418912418, 2.9596974189124303, 2.959697418912425, 2.9596974189124197, 2.9596974189124174, 2.959697418912421, 2.9596974192870307, 2.9596974192870307, 2.959697419287031, 2.9596974192870324, 2.959697419287039, 2.959697419287035, 2.9596974192870302, 2.959697419287026, 2.9596974192870342, 2.9596974189681693, 2.9596974189681657, 2.959697418968162, 2.9596974189681795, 2.9596974189681657, 2.959697418968168, 2.959697418968172, 2.959697418968174, 2.9596974189681635, 2.9596974192878576, 2.9596974192878545, 2.959697419287856, 2.959697419287861, 2.9596974192878465, 2.95969741928786, 2.959697419287856, 2.9596974192878616, 2.9596974192878553, 2.9596974184691645, 2.959697418469165, 2.9596974184691662, 2.959697418469154, 2.9596974184691587, 2.9596974184691613, 2.9596974184691667, 2.9596974184691587, 2.9596974184691716, 2.9596974180351845, 2.9596974180351943, 2.9596974180351934, 2.9596974180351734, 2.959697418035189, 2.959697418035176, 2.9596974180351823, 2.959697418035186, 2.959697418035187, 2.959697419208301, 2.9596974192082994, 2.9596974192082977, 2.959697419208303, 2.9596974192083105, 2.959697419208302, 2.959697419208303, 2.959697419208308, 2.9596974192082954, 2.9596974187514897, 2.9596974187514866, 2.95969741875148, 2.959697418751497, 2.959697418751488, 2.9596974187514893, 2.9596974187514906, 2.9596974187514866, 2.959697418751485, 2.959697418092924, 2.9596974180929214, 2.959697418092926, 2.9596974180929303, 2.9596974180929227, 2.959697418092926, 2.9596974180929214, 2.9596974180929143, 2.959697418092931, 2.9596974182526776, 2.9596974182526794, 2.9596974182526856, 2.959697418252684, 2.9596974182526745, 2.9596974182526865, 2.959697418252679, 2.9596974182526794, 2.95969741825268, 2.9596974188269036, 2.9596974188269054, 2.959697418826912, 2.9596974188269045, 2.9596974188269036, 2.959697418826904, 2.959697418826897, 2.95969741882691, 2.959697418826894, 2.9596974194068735, 2.9596974194068713, 2.9596974194068677, 2.9596974194068695, 2.95969741940688, 2.9596974194068753, 2.959697419406875, 2.9596974194068713, 2.959697419406877, 2.959697418474679, 2.959697418474677, 2.9596974184746783, 2.95969741847467, 2.9596974184746805, 2.95969741847468, 2.959697418474679, 2.959697418474675, 2.959697418474685, 2.95969741710687, 2.9596974171068635, 2.9596974171068626, 2.959697417106867, 2.9596974171068653, 2.959697417106865, 2.959697417106872, 2.9596974171068764, 2.959697417106863, 2.959697417450441, 2.959697417450436, 2.9596974174504442, 2.9596974174504385, 2.959697417450435, 2.959697417450434, 2.9596974174504425, 2.9596974174504416, 2.959697417450437, 2.9596974184052858, 2.9596974184052858, 2.959697418405289, 2.9596974184052782, 2.9596974184052836, 2.9596974184052796, 2.959697418405289, 2.95969741840528, 2.9596974184052915, 2.9596974194415275, 2.9596974194415298, 2.959697419441531, 2.9596974194415293, 2.959697419441527, 2.959697419441525, 2.9596974194415258, 2.9596974194415266, 2.9596974194415306, 2.9596974172907626, 2.9596974172907613, 2.959697417290765, 2.9596974172907697, 2.9596974172907653, 2.95969741729077, 2.9596974172907613, 2.9596974172907706, 2.9596974172907564, 2.959697416202425, 2.9596974162024208, 2.9596974162024243, 2.959697416202433, 2.9596974162024363, 2.959697416202433, 2.9596974162024265, 2.959697416202424, 2.9596974162024283, 2.9596974177297044, 2.9596974177297035, 2.9596974177297044, 2.9596974177297066, 2.959697417729699, 2.9596974177297097, 2.9596974177297053, 2.959697417729701, 2.959697417729705, 2.959697418733712, 2.9596974187337133, 2.9596974187337133, 2.9596974187337053, 2.9596974187337093, 2.959697418733716, 2.95969741873371, 2.95969741873371, 2.9596974187337146, 2.9596974181315683, 2.959697418131573, 2.959697418131566, 2.9596974181315616, 2.9596974181315656, 2.9596974181315665, 2.9596974181315696, 2.95969741813157, 2.959697418131565, 2.9596974163900094, 2.959697416390008, 2.9596974163900116, 2.9596974163900125, 2.959697416390014, 2.9596974163900005, 2.9596974163900094, 2.9596974163900143, 2.959697416390003, 2.959697415891298, 2.9596974158912994, 2.9596974158912945, 2.959697415891298, 2.9596974158913034, 2.959697415891294, 2.959697415891302, 2.9596974158912923, 2.9596974158913083, 2.959697416967094, 2.9596974169670953, 2.959697416967089, 2.959697416967098, 2.959697416967089, 2.959697416967092, 2.959697416967094, 2.959697416967093, 2.9596974169670953, 2.959697417407226, 2.9596974174072317, 2.9596974174072233, 2.959697417407229, 2.9596974174072193, 2.959697417407221, 2.9596974174072237, 2.9596974174072317, 2.959697417407219, 2.959697418102602, 2.9596974181026123, 2.9596974181026012, 2.9596974181026043, 2.9596974181026012, 2.959697418102604, 2.959697418102605, 2.959697418102605, 2.9596974181026017, 2.959697416941553, 2.9596974169415584, 2.9596974169415553, 2.959697416941546, 2.9596974169415606, 2.9596974169415566, 2.9596974169415535, 2.9596974169415446, 2.9596974169415615, 2.959697417391075, 2.9596974173910766, 2.9596974173910713, 2.9596974173910757, 2.959697417391079, 2.9596974173910797, 2.9596974173910757, 2.9596974173910726, 2.959697417391073, 2.9596974168921673, 2.9596974168921695, 2.959697416892166, 2.9596974168921815, 2.959697416892167, 2.9596974168921752, 2.9596974168921704, 2.9596974168921752, 2.9596974168921584, 2.959697419333159, 2.959697419333158, 2.959697419333158, 2.959697419333165, 2.9596974193331556, 2.9596974193331618, 2.9596974193331604, 2.959697419333158, 2.9596974193331587, 2.9596974175577566, 2.959697417557755, 2.959697417557758, 2.9596974175577513, 2.9596974175577584, 2.9596974175577504, 2.9596974175577526, 2.9596974175577397, 2.9596974175577686, 2.959697416525261, 2.9596974165252647, 2.9596974165252687, 2.9596974165252545, 2.959697416525266, 2.95969741652525, 2.9596974165252625, 2.9596974165252674, 2.9596974165252505, 2.9596974176279147, 2.959697417627915, 2.959697417627913, 2.959697417627915, 2.9596974176279134, 2.9596974176279165, 2.9596974176279187, 2.9596974176279267, 2.9596974176279036, 2.9596974160398952, 2.9596974160398837, 2.959697416039889, 2.9596974160398983, 2.9596974160398877, 2.9596974160398966, 2.9596974160398952, 2.9596974160398797, 2.9596974160399103, 2.9596974179312134, 2.95969741793121, 2.959697417931213, 2.9596974179312143, 2.9596974179312068, 2.9596974179312134, 2.959697417931217, 2.95969741793121, 2.9596974179312143, 2.9596974155377116, 2.959697415537717, 2.9596974155377223, 2.9596974155377067, 2.959697415537718, 2.9596974155377174, 2.9596974155377103, 2.9596974155377267, 2.959697415537696, 2.95969741731888, 2.959697417318878, 2.95969741731888, 2.959697417318868, 2.9596974173188846, 2.9596974173188793, 2.9596974173188784, 2.9596974173188766, 2.959697417318885, 2.9596974168418115, 2.959697416841803, 2.959697416841804, 2.959697416841813, 2.9596974168418146, 2.9596974168418115, 2.959697416841808, 2.9596974168418018, 2.9596974168418253, 2.959697417594557, 2.959697417594552, 2.9596974175945547, 2.9596974175945627, 2.9596974175945565, 2.9596974175945556, 2.959697417594562, 2.959697417594565, 2.9596974175945445, 2.959697417464975, 2.9596974174649757, 2.9596974174649806, 2.9596974174649704, 2.9596974174649633, 2.9596974174649753, 2.959697417464976, 2.9596974174649766, 2.959697417464971, 2.9596974180062987, 2.9596974180063, 2.9596974180063063, 2.9596974180062965, 2.959697418006289, 2.959697418006294, 2.9596974180062987, 2.959697418006291, 2.959697418006303, 2.9596974184538833, 2.9596974184538785, 2.9596974184538847, 2.959697418453889, 2.959697418453893, 2.959697418453882, 2.9596974184538816, 2.9596974184538816, 2.9596974184538847, 2.9596974180113116, 2.9596974180113107, 2.9596974180113156, 2.9596974180113182, 2.9596974180113307, 2.9596974180113125, 2.959697418011315, 2.959697418011314, 2.9596974180113094, 2.959697418892997, 2.959697418892993, 2.9596974188929925, 2.9596974188929965, 2.959697418892998, 2.9596974188929983, 2.9596974188929974, 2.959697418892999, 2.9596974188929925, 2.9596974163105734, 2.959697416310576, 2.959697416310574, 2.9596974163105667, 2.959697416310557, 2.9596974163105774, 2.9596974163105725, 2.95969741631057, 2.959697416310576, 2.959697416777038, 2.9596974167770376, 2.959697416777032, 2.9596974167770336, 2.9596974167770247, 2.959697416777048, 2.9596974167770362, 2.959697416777039, 2.959697416777043, 2.959697418382042, 2.9596974183820492, 2.9596974183820413, 2.9596974183820364, 2.9596974183820515, 2.9596974183820413, 2.9596974183820475, 2.959697418382049, 2.959697418382038, 2.959697417046511, 2.9596974170465122, 2.9596974170465042, 2.9596974170465105, 2.959697417046518, 2.9596974170465047, 2.9596974170465087, 2.9596974170465065, 2.959697417046512, 2.9596974167882517, 2.959697416788254, 2.9596974167882504, 2.9596974167882544, 2.9596974167882593, 2.959697416788246, 2.95969741678825, 2.9596974167882495, 2.9596974167882535, 2.959697416665178, 2.9596974166651764, 2.95969741666518, 2.9596974166651844, 2.95969741666517, 2.95969741666517, 2.959697416665178, 2.9596974166651844, 2.959697416665171, 2.959697416598597, 2.9596974165986043, 2.959697416598607, 2.959697416598599, 2.9596974165985914, 2.959697416598597, 2.9596974165985985, 2.9596974165985883, 2.959697416598602, 2.959697416920168, 2.9596974169201653, 2.9596974169201693, 2.9596974169201777, 2.9596974169201653, 2.9596974169201724, 2.95969741692017, 2.959697416920165, 2.9596974169201693, 2.959697416678423, 2.959697416678421, 2.9596974166784227, 2.9596974166784293, 2.9596974166784302, 2.9596974166784262, 2.9596974166784227, 2.9596974166784245, 2.9596974166784165, 2.9596974169678107, 2.9596974169678143, 2.9596974169678147, 2.9596974169678094, 2.959697416967822, 2.959697416967819, 2.959697416967811, 2.9596974169678125, 2.9596974169678067, 2.959697417258626, 2.9596974172586274, 2.9596974172586217, 2.959697417258622, 2.959697417258624, 2.9596974172586306, 2.9596974172586306, 2.95969741725862, 2.959697417258634, 2.9596974163155405, 2.959697416315544, 2.9596974163155316, 2.959697416315534, 2.9596974163155325, 2.9596974163155387, 2.959697416315541, 2.959697416315542, 2.959697416315539, 2.959697415630084, 2.959697415630087, 2.9596974156300786, 2.9596974156300773, 2.959697415630078, 2.9596974156300755, 2.959697415630083, 2.959697415630086, 2.9596974156300786, 2.959697417878637, 2.9596974178786346, 2.9596974178786333, 2.959697417878633, 2.9596974178786364, 2.959697417878632, 2.9596974178786386, 2.9596974178786373, 2.959697417878634, 2.9596974189085676, 2.9596974189085685, 2.9596974189085707, 2.9596974189085703, 2.9596974189085747, 2.959697418908565, 2.9596974189085703, 2.959697418908567, 2.9596974189085716, 2.959697418112251, 2.9596974181122495, 2.9596974181122557, 2.9596974181122526, 2.9596974181122553, 2.95969741811225, 2.959697418112252, 2.959697418112246, 2.9596974181122557, 2.9596974155992153, 2.959697415599207, 2.95969741559922, 2.9596974155992246, 2.95969741559921, 2.959697415599222, 2.959697415599214, 2.9596974155992233, 2.9596974155992077, 2.9596974167916903, 2.9596974167916956, 2.9596974167916965, 2.959697416791696, 2.959697416791685, 2.959697416791694, 2.95969741679169, 2.9596974167916934, 2.959697416791693, 2.959697417375457, 2.9596974173754553, 2.959697417375461, 2.9596974173754544, 2.959697417375467, 2.9596974173754633, 2.959697417375458, 2.959697417375446, 2.9596974173754704, 2.9596974183223033, 2.9596974183223015, 2.9596974183223, 2.959697418322304, 2.959697418322303, 2.9596974183222997, 2.9596974183223046, 2.9596974183223095, 2.959697418322298, 2.9596974157241442, 2.959697415724136, 2.959697415724131, 2.959697415724143, 2.959697415724142, 2.959697415724137, 2.9596974157241447, 2.959697415724156, 2.959697415724131, 2.959697415621714, 2.9596974156217204, 2.959697415621716, 2.9596974156216995, 2.9596974156217097, 2.9596974156217146, 2.9596974156217173, 2.9596974156217026, 2.959697415621732, 2.9596974183498244, 2.959697418349832, 2.959697418349833, 2.959697418349812, 2.9596974183498226, 2.959697418349818, 2.959697418349822, 2.959697418349827, 2.959697418349823, 2.959697416935071, 2.9596974169350663, 2.959697416935062, 2.9596974169350823, 2.9596974169350703, 2.9596974169350734, 2.959697416935065, 2.959697416935084, 2.9596974169350583, 2.959697415129294, 2.959697415129283, 2.9596974151292854, 2.9596974151293023, 2.9596974151292974, 2.959697415129299, 2.9596974151292965, 2.9596974151292796, 2.959697415129306, 2.9596974149063517, 2.9596974149063664, 2.959697414906363, 2.959697414906353, 2.9596974149063593, 2.9596974149063593, 2.959697414906352, 2.959697414906355, 2.959697414906352, 2.95969741669961, 2.9596974166996164, 2.9596974166996244, 2.959697416699612, 2.9596974166996084, 2.9596974166996137, 2.959697416699609, 2.9596974166996177, 2.9596974166996066, 2.959697418075629, 2.959697418075621, 2.959697418075627, 2.959697418075637, 2.959697418075627, 2.959697418075624, 2.95969741807563, 2.959697418075623, 2.959697418075636, 2.959697416251188, 2.9596974162511795, 2.9596974162511764, 2.959697416251193, 2.959697416251192, 2.959697416251183, 2.959697416251187, 2.9596974162511858, 2.959697416251183, 2.959697415682868, 2.959697415682871, 2.9596974156828697, 2.9596974156828546, 2.959697415682862, 2.9596974156828626, 2.9596974156828644, 2.959697415682872, 2.9596974156828657, 2.9596974169036647, 2.9596974169036714, 2.9596974169036687, 2.9596974169036483, 2.9596974169036607, 2.9596974169036607, 2.9596974169036656, 2.9596974169036696, 2.959697416903664, 2.959697418392872, 2.9596974183928664, 2.9596974183928677, 2.9596974183928704, 2.9596974183928695, 2.9596974183928753, 2.9596974183928713, 2.959697418392867, 2.9596974183928815, 2.959697416642525, 2.959697416642513, 2.9596974166425145, 2.959697416642537, 2.9596974166425296, 2.959697416642527, 2.9596974166425194, 2.9596974166425296, 2.9596974166425167, 2.959697416671326, 2.959697416671327, 2.959697416671336, 2.959697416671325, 2.9596974166713323, 2.9596974166713292, 2.959697416671324, 2.9596974166713257, 2.959697416671324, 2.9596974146720076, 2.959697414672013, 2.959697414672023, 2.959697414672007, 2.9596974146720076, 2.9596974146720156, 2.9596974146720085, 2.9596974146719996, 2.959697414672022, 2.959697418122948, 2.9596974181229534, 2.9596974181229516, 2.959697418122958, 2.959697418122943, 2.9596974181229503, 2.959697418122949, 2.959697418122961, 2.9596974181229374, 2.9596974162713967, 2.959697416271384, 2.959697416271382, 2.9596974162714007, 2.9596974162713923, 2.9596974162713945, 2.959697416271397, 2.9596974162713936, 2.9596974162713976, 2.959697414372383, 2.959697414372387, 2.9596974143723767, 2.9596974143723713, 2.9596974143723895, 2.9596974143723735, 2.959697414372382, 2.959697414372374, 2.9596974143723904, 2.9596974163236602, 2.959697416323668, 2.9596974163236633, 2.959697416323651, 2.9596974163236642, 2.9596974163236545, 2.9596974163236647, 2.9596974163236656, 2.9596974163236536, 2.9596974184993776, 2.9596974184993834, 2.959697418499378, 2.9596974184993785, 2.959697418499371, 2.9596974184993803, 2.959697418499379, 2.9596974184993856, 2.9596974184993683, 2.9596974158993237, 2.959697415899321, 2.959697415899318, 2.9596974158993374, 2.9596974158993175, 2.9596974158993268, 2.9596974158993237, 2.9596974158993072, 2.9596974158993414, 2.959697417947272, 2.959697417947266, 2.959697417947275, 2.9596974179472797, 2.959697417947281, 2.9596974179472793, 2.9596974179472713, 2.9596974179472824, 2.9596974179472646, 2.9596974172743304, 2.9596974172743398, 2.959697417274342, 2.9596974172743193, 2.959697417274331, 2.9596974172743304, 2.9596974172743282, 2.9596974172743358, 2.959697417274324, 2.959697417363457, 2.9596974173634574, 2.959697417363456, 2.9596974173634574, 2.959697417363464, 2.9596974173634565, 2.95969741736346, 2.959697417363444, 2.9596974173634725, 2.959697416722021, 2.9596974167220162, 2.9596974167220123, 2.959697416722028, 2.959697416722016, 2.9596974167220162, 2.9596974167220202, 2.9596974167220305, 2.959697416722014, 2.959697417660592, 2.959697417660589, 2.9596974176605904, 2.959697417660593, 2.9596974176605815, 2.9596974176605872, 2.95969741766059, 2.959697417660593, 2.9596974176605872, 2.959697418010698, 2.959697418010703, 2.9596974180107027, 2.959697418010689, 2.9596974180106987, 2.9596974180106974, 2.9596974180106996, 2.9596974180106908, 2.9596974180107045, 2.9596974186075036, 2.959697418607509, 2.959697418607505, 2.959697418607496, 2.959697418607514, 2.9596974186075053, 2.9596974186075067, 2.9596974186075093, 2.9596974186075, 2.9596974180699287, 2.959697418069922, 2.9596974180699247, 2.959697418069942, 2.9596974180699354, 2.959697418069936, 2.959697418069931, 2.9596974180699305, 2.9596974180699305, 2.959697418537668, 2.959697418537668, 2.9596974185376634, 2.959697418537668, 2.9596974185376594, 2.9596974185376683, 2.9596974185376688, 2.959697418537666, 2.959697418537671, 2.959697419037922, 2.959697419037928, 2.959697419037922, 2.95969741903792, 2.959697419037909, 2.959697419037921, 2.959697419037923, 2.95969741903792, 2.9596974190379206, 2.959697418793441, 2.9596974187934477, 2.9596974187934473, 2.959697418793436, 2.959697418793451, 2.9596974187934353, 2.9596974187934433, 2.9596974187934437, 2.959697418793438, 2.959697418728377, 2.9596974187283704, 2.9596974187283736, 2.959697418728384, 2.9596974187283873, 2.9596974187283784, 2.9596974187283793, 2.9596974187283775, 2.9596974187283784, 2.959697419027297, 2.9596974190272882, 2.9596974190272887, 2.9596974190272998, 2.9596974190272904, 2.9596974190272927, 2.959697419027298, 2.9596974190272887, 2.9596974190273033, 2.9596974148354573, 2.959697414835463, 2.959697414835476, 2.9596974148354516, 2.9596974148354485, 2.95969741483546, 2.9596974148354565, 2.9596974148354724, 2.959697414835442, 2.9596974162206635, 2.9596974162206595, 2.959697416220661, 2.9596974162206564, 2.9596974162206666, 2.9596974162206693, 2.9596974162206617, 2.959697416220648, 2.9596974162206826, 2.959697417676002, 2.9596974176759923, 2.9596974176760003, 2.9596974176760042, 2.959697417676011, 2.959697417676003, 2.9596974176759994, 2.9596974176760127, 2.959697417675992, 2.9596974195715124, 2.959697419571512, 2.959697419571513, 2.9596974195715133, 2.9596974195715116, 2.959697419571515, 2.959697419571514, 2.9596974195715204, 2.9596974195715102, 2.9596974174869333, 2.9596974174869315, 2.9596974174869293, 2.959697417486929, 2.9596974174869253, 2.95969741748693, 2.959697417486934, 2.959697417486918, 2.9596974174869524, 2.959697415828518, 2.959697415828527, 2.9596974158285208, 2.9596974158285185, 2.9596974158285154, 2.959697415828516, 2.9596974158285176, 2.9596974158285385, 2.9596974158284968, 2.959697417011919, 2.9596974170119212, 2.9596974170119204, 2.959697417011919, 2.9596974170119252, 2.9596974170119146, 2.9596974170119177, 2.9596974170119066, 2.9596974170119337, 2.9596974183726186, 2.959697418372615, 2.9596974183726132, 2.9596974183726257, 2.959697418372622, 2.959697418372613, 2.9596974183726164, 2.9596974183726106, 2.9596974183726164, 2.9596974162947935, 2.9596974162947975, 2.959697416294802, 2.9596974162948024, 2.9596974162947935, 2.959697416294801, 2.9596974162947984, 2.959697416294814, 2.959697416294777, 2.959697412049475, 2.959697412049475, 2.95969741204947, 2.9596974120494712, 2.9596974120494677, 2.959697412049479, 2.9596974120494735, 2.959697412049447, 2.9596974120495005, 2.9596974164842416, 2.9596974164842487, 2.9596974164842473, 2.959697416484236, 2.959697416484238, 2.959697416484248, 2.9596974164842433, 2.9596974164842567, 2.9596974164842242, 2.9596974159636997, 2.9596974159636886, 2.9596974159636855, 2.9596974159637, 2.9596974159637175, 2.9596974159636975, 2.959697415963701, 2.9596974159637073, 2.9596974159636886, 2.9596974116114234, 2.959697411611428, 2.9596974116114216, 2.959697411611414, 2.9596974116114234, 2.959697411611422, 2.9596974116114203, 2.9596974116113963, 2.9596974116114567, 2.9596974049917657, 2.9596974049917795, 2.959697404991773, 2.95969740499177, 2.9596974049917444, 2.9596974049917604, 2.959697404991771, 2.959697404991802, 2.959697404991731, 2.9596974135605274, 2.959697413560519, 2.959697413560526, 2.9596974135605314, 2.9596974135605274, 2.959697413560523, 2.959697413560529, 2.9596974135605074, 2.9596974135605514, 2.95969741660918, 2.959697416609173, 2.959697416609181, 2.9596974166091936, 2.959697416609199, 2.9596974166091776, 2.9596974166091794, 2.9596974166091794, 2.959697416609185, 2.9596974151504445, 2.9596974151504494, 2.9596974151504574, 2.959697415150442, 2.959697415150448, 2.959697415150449, 2.9596974151504463, 2.959697415150467, 2.95969741515042, 2.9596974094384207, 2.9596974094384105, 2.9596974094384105, 2.9596974094384128, 2.959697409438402, 2.95969740943842, 2.9596974094384167, 2.9596974094383874, 2.9596974094384523, 2.9596974119723845, 2.959697411972392, 2.9596974119723867, 2.9596974119723773, 2.959697411972383, 2.9596974119723876, 2.959697411972385, 2.9596974119724115, 2.959697411972357, 2.9596974161754073, 2.9596974161754055, 2.9596974161754037, 2.9596974161753993, 2.9596974161754206, 2.9596974161754126, 2.959697416175409, 2.9596974161753966, 2.9596974161754166, 2.959697418429675, 2.9596974184296587, 2.9596974184296676, 2.9596974184296805, 2.959697418429676, 2.959697418429676, 2.959697418429673, 2.959697418429669, 2.9596974184296823, 2.959697414948611, 2.959697414948624, 2.9596974149486233, 2.959697414948614, 2.9596974149486037, 2.95969741494861, 2.959697414948615, 2.959697414948629, 2.959697414948595, 2.9596974156332663, 2.9596974156332676, 2.959697415633274, 2.959697415633266, 2.9596974156332587, 2.959697415633262, 2.9596974156332694, 2.9596974156332507, 2.959697415633287, 2.9596974159184706, 2.959697415918461, 2.9596974159184626, 2.959697415918481, 2.959697415918475, 2.9596974159184697, 2.959697415918469, 2.9596974159184755, 2.9596974159184586, 2.959697416548873, 2.959697416548874, 2.9596974165488645, 2.9596974165488725, 2.9596974165488907, 2.9596974165488716, 2.959697416548873, 2.9596974165488787, 2.9596974165488685, 2.959697412823483, 2.9596974128234983, 2.95969741282349, 2.9596974128234623, 2.959697412823474, 2.95969741282348, 2.9596974128234823, 2.9596974128234677, 2.9596974128235036, 2.959697410042983, 2.9596974100429883, 2.959697410042989, 2.959697410042993, 2.959697410042966, 2.959697410042986, 2.959697410042985, 2.9596974100430162, 2.959697410042953, 2.9596974018200863, 2.9596974018200677, 2.9596974018200646, 2.9596974018200974, 2.9596974018200886, 2.959697401820094, 2.959697401820086, 2.95969740182005, 2.959697401820127, 2.959697406831392, 2.959697406831398, 2.9596974068314004, 2.9596974068313906, 2.959697406831417, 2.959697406831385, 2.9596974068313946, 2.9596974068314212, 2.9596974068313595, 2.959697414081526, 2.9596974140815426, 2.959697414081545, 2.9596974140815133, 2.959697414081522, 2.959697414081527, 2.959697414081524, 2.9596974140815195, 2.9596974140815324, 2.9596974097790465, 2.95969740977903, 2.9596974097790323, 2.9596974097790567, 2.9596974097790283, 2.959697409779049, 2.9596974097790456, 2.959697409779019, 2.9596974097790776, 2.959697392547255, 2.959697392547252, 2.9596973925472536, 2.959697392547268, 2.9596973925472505, 2.9596973925472536, 2.9596973925472514, 2.959697392547312, 2.9596973925471897, 2.9596973711490238, 2.9596973711490255, 2.95969737114902, 2.959697371148994, 2.9596973711490495, 2.9596973711490215, 2.959697371149024, 2.9596973711489487, 2.9596973711491064, 2.9596973681097523, 2.9596973681097656, 2.9596973681097656, 2.9596973681097567, 2.9596973681097487, 2.959697368109753, 2.959697368109752, 2.959697368109832, 2.9596973681096643, 2.9596973735980554, 2.9596973735980376, 2.9596973735980376, 2.9596973735980674, 2.9596973735980354, 2.959697373598058, 2.9596973735980545, 2.959697373597986, 2.9596973735981322, 2.959697402104555, 2.959697402104568, 2.959697402104566, 2.9596974021045606, 2.959697402104552, 2.9596974021045526, 2.9596974021045517, 2.959697402104599, 2.9596974021045073, 2.9596974146822315, 2.959697414682234, 2.959697414682236, 2.9596974146822257, 2.9596974146822523, 2.9596974146822284, 2.95969741468223, 2.959697414682216, 2.959697414682247, 2.9596974180872277, 2.95969741808722, 2.9596974180872193, 2.9596974180872313, 2.9596974180872357, 2.9596974180872286, 2.959697418087226, 2.9596974180872158, 2.9596974180872384, 2.959697409308171, 2.9596974093081814, 2.9596974093081747, 2.959697409308172, 2.959697409308149, 2.959697409308171, 2.9596974093081707, 2.959697409308202, 2.959697409308134, 2.959697398031905, 2.9596973980318984, 2.9596973980318935, 2.959697398031893, 2.9596973980319006, 2.959697398031911, 2.959697398031907, 2.959697398031854, 2.9596973980319596, 2.9596973852162107, 2.959697385216222, 2.9596973852162267, 2.9596973852162205, 2.9596973852162303, 2.9596973852162103, 2.9596973852162103, 2.959697385216276, 2.9596973852161423, 2.9596973776228577, 2.959697377622845, 2.9596973776228483, 2.9596973776228563, 2.959697377622858, 2.959697377622861, 2.959697377622857, 2.959697377622786, 2.9596973776229363, 2.959697374350014, 2.9596973743500135, 2.959697374350019, 2.959697374350027, 2.959697374349998, 2.9596973743500086, 2.9596973743500135, 2.959697374350092, 2.9596973743499344, 2.959697368017342, 2.9596973680173413, 2.959697368017339, 2.9596973680173146, 2.959697368017346, 2.9596973680173377, 2.959697368017342, 2.9596973680172662, 2.9596973680174257, 2.9596973738800343, 2.9596973738800436, 2.959697373880042, 2.959697373880041, 2.9596973738800387, 2.9596973738800307, 2.9596973738800347, 2.9596973738801076, 2.9596973738799504, 2.95969737546863, 2.9596973754686053, 2.959697375468609, 2.95969737546863, 2.9596973754686298, 2.959697375468634, 2.959697375468628, 2.959697375468557, 2.95969737546871, 2.95969736550572, 2.959697365505739, 2.9596973655057432, 2.9596973655057255, 2.9596973655057104, 2.9596973655057215, 2.959697365505717, 2.959697365505796, 2.959697365505634, 2.95969735481798, 2.959697354817972, 2.959697354817983, 2.959697354817971, 2.9596973548179895, 2.959697354817984, 2.9596973548179792, 2.9596973548178944, 2.959697354818076, 2.959697343314709, 2.9596973433147022, 2.959697343314707, 2.959697343314736, 2.959697343314717, 2.9596973433147067, 2.95969734331471, 2.959697343314803, 2.959697343314598, 2.959697304862597, 2.9596973048625905, 2.959697304862589, 2.959697304862569, 2.959697304862588, 2.959697304862601, 2.9596973048625936, 2.959697304862475, 2.9596973048627255, 2.959697226777164, 2.959697226777187, 2.959697226777179, 2.9596972267771746, 2.959697226777153, 2.959697226777162, 2.959697226777164, 2.9596972267773203, 2.959697226776993, 2.959697064253642, 2.9596970642536125, 2.959697064253607, 2.95969706425361, 2.9596970642536546, 2.959697064253641, 2.9596970642536427, 2.9596970642534295, 2.959697064253872, 2.9596967108698364, 2.9596967108698724, 2.959696710869875, 2.9596967108698826, 2.9596967108698347, 2.9596967108698333, 2.9596967108698347, 2.9596967108701313, 2.9596967108695056, 2.9596959286281836, 2.9596959286281392, 2.959695928628143, 2.9596959286281352, 2.95969592862819, 2.959695928628188, 2.959695928628189, 2.9596959286277533, 2.959695928628669, 2.9596940693697675, 2.9596940693698457, 2.95969406936984, 2.9596940693698706, 2.959694069369753, 2.9596940693697658, 2.959694069369766, 2.9596940693704115, 2.9596940693690486, 2.959689661743617, 2.9596896617435045, 2.9596896617435027, 2.9596896617434676, 2.959689661743637, 2.959689661743621, 2.959689661743619, 2.9596896617426354, 2.9596896617447097, 2.959678948008141, 2.9596789480083125, 2.959678948008311, 2.959678948008353, 2.9596789480081203, 2.9596789480081314, 2.959678948008141, 2.9596789480096586, 2.9596789480064483, 2.9596521125783015, 2.9596521125780284, 2.959652112578023, 2.9596521125779507, 2.959652112578333, 2.959652112578313, 2.9596521125783024, 2.9596521125759283, 2.9596521125809443, 2.959587690249989, 2.959587690250414, 2.959587690250423, 2.9595876902505274, 2.959587690249919, 2.9595876902499687, 2.959587690249987, 2.959587690253682, 2.9595876902458724, 2.9594510861798002, 2.959451086179147, 2.959451086179138, 2.959451086179001, 2.9594510861799117, 2.959451086179825, 2.959451086179799, 2.9594510861742687, 2.959451086185961, 2.9592571015866973, 2.959257101587603, 2.9592571015876423, 2.9592571015877542, 2.9592571015865445, 2.959257101586665, 2.9592571015866946, 2.959257101594089, 2.959257101578464, 2.9592201205406146, 2.9592201205395616, 2.9592201205395265, 2.9592201205395674, 2.959220120540829, 2.959220120540655, 2.959220120540617, 2.959220120532929, 2.9592201205491726, 2.959512073027878, 2.959512073028711, 2.9595120730287325, 2.9595120730284057, 2.9595120730276587, 2.959512073027868, 2.9595120730278794, 2.9595120730326476, 2.9595120730225792, 2.9596949945830797, 2.9596949945829034, 2.9596949945829194, 2.95969499458336, 2.95969499458312, 2.959694994583069, 2.95969499458308, 2.9596949945835473, 2.959694994582551, 2.959502575146369, 2.959502575145743, 2.9595025751456916, 2.9595025751456236, 2.959502575146601, 2.9595025751463746, 2.9595025751463715, 2.9595025751414563, 2.959502575151829, 2.9594212299650375, 2.9594212299661415, 2.9594212299661553, 2.9594212299655953, 2.9594212299647356, 2.959421229965019, 2.959421229965038, 2.959421229970847, 2.959421229958582, 2.959638312775972, 2.959638312775144, 2.959638312775139, 2.959638312776029, 2.9596383127760673, 2.959638312775986, 2.959638312775969, 2.959638312773381, 2.9596383127788575, 2.959658122380731, 2.9596581223806857, 2.9596581223806453, 2.959658122380177, 2.9596581223808753, 2.959658122380737, 2.9596581223807337, 2.9596581223785288, 2.9596581223831766, 2.9595042363126485, 2.959504236313576, 2.959504236313614, 2.9595042363131254, 2.9595042363124326, 2.959504236312642, 2.95950423631265, 2.9595042363175033, 2.9595042363072555, 2.9595914183415726, 2.959591418340442, 2.9595914183404566, 2.9595914183416587, 2.959591418341711, 2.9595914183415806, 2.95959141834157, 2.9595914183380936, 2.9595914183454344, 2.959692056473874, 2.9596920564743203, 2.9596920564742866, 2.9596920564733336, 2.9596920564738878, 2.959692056473875, 2.9596920564738753, 2.959692056473347, 2.9596920564744598, 2.9595875805885146, 2.9595875805891163, 2.9595875805891456, 2.9595875805889635, 2.9595875805883445, 2.959587580588497, 2.959587580588517, 2.959587580592188, 2.95958758058443, 2.9595894374420455, 2.959589437440862, 2.959589437440867, 2.959589437442156, 2.95958943744226, 2.9595894374420486, 2.959589437442043, 2.9595894374385616, 2.9595894374459135, 2.95968807837778, 2.959688078378596, 2.9596880783785426, 2.9596880783771704, 2.959688078377705, 2.959688078377784, 2.9596880783777775, 2.9596880783782176, 2.959688078377294, 2.9596415439934716, 2.9596415439936967, 2.959641543993735, 2.959641543993997, 2.9596415439933157, 2.9596415439934756, 2.959641543993475, 2.9596415439961037, 2.959641543990552, 2.959607995399808, 2.9596079953987346, 2.9596079953987466, 2.9596079953998964, 2.959607995400055, 2.9596079953998196, 2.95960799539981, 2.9596079953966363, 2.959607995403331, 2.9596772931159636, 2.9596772931169983, 2.959677293116955, 2.9596772931153126, 2.9596772931158974, 2.959677293115958, 2.959677293115965, 2.9596772931169872, 2.959677293114833, 2.9596719448849758, 2.9596719448848163, 2.9596719448848705, 2.9596719448856166, 2.9596719448847812, 2.9596719448849664, 2.9596719448849766, 2.959671944886709, 2.959671944883061, 2.959631899796002, 2.9596318997951574, 2.9596318997951543, 2.959631899795981, 2.9596318997962388, 2.959631899795996, 2.9596318997960016, 2.9596318997932602, 2.959631899799041, 2.959667884589111, 2.9596678845902678, 2.959667884590209, 2.9596678845884306, 2.959667884589074, 2.959667884589108, 2.9596678845891122, 2.9596678845905022, 2.959667884587562, 2.9596851113720954, 2.9596851113715443, 2.9596851113716074, 2.95968511137288, 2.9596851113719223, 2.959685111372107, 2.959685111372095, 2.9596851113730187, 2.9596851113710745, 2.9596571242394365, 2.9596571242389587, 2.9596571242389524, 2.9596571242392433, 2.9596571242396155, 2.9596571242394454, 2.9596571242394356, 2.9596571242372316, 2.9596571242418888, 2.9596650673186895, 2.9596650673197966, 2.9596650673197518, 2.9596650673181046, 2.959665067318675, 2.9596650673186855, 2.9596650673186895, 2.9596650673202602, 2.959665067316939, 2.959686450162553, 2.959686450161682, 2.9596864501617497, 2.9596864501634403, 2.9596864501624407, 2.959686450162557, 2.9596864501625553, 2.9596864501627724, 2.9596864501623106, 2.9596763222482494, 2.9596763222482276, 2.9596763222481997, 2.9596763222478075, 2.9596763222483524, 2.959676322248241, 2.959676322248248, 2.959676322246641, 2.9596763222500346, 2.9596704360021135, 2.959670436002983, 2.959670436002948, 2.959670436001742, 2.9596704360020833, 2.9596704360021038, 2.959670436002111, 2.959670436003689, 2.959670436000362, 2.9596827896394067, 2.9596827896383577, 2.9596827896384186, 2.959682789640282, 2.959682789639382, 2.959682789639411, 2.959682789639409, 2.959682789639054, 2.9596827896398015, 2.9596860837978056, 2.95968608379828, 2.9596860837982186, 2.9596860837971186, 2.9596860837978576, 2.9596860837978185, 2.9596860837978087, 2.9596860837968504, 2.9596860837988714, 2.959680916002633]
Total optimisation time observed during ADAM optimization: 10.284125 seconds
Median time per evaluation during ADAM optimization: 0.018874 seconds
2.959680916002633
QAOA optimisation for n=1 took 11.59 seconds; started at 1777574260.149199 and finished at 1777574271.739176
Finished QAOA for n=6 nodes, m=9 edges at 2026-04-30 20:37:51 on Apple M4. Time taken: 11.59 seconds. Hours: 0.00 hours. Peak RAM: 219.73 MB.
Unknown graph type for approximation ratio calculation; skipping approx ratio computation.
CSV writing for n=1 took 0.00 seconds; started at 1777574271.739178 and finished at 1777574271.7396219
results: {1: 2.959680916002633}
durations: {6: 11.58997893333435}
Results saved to: logs/adam/qaoa_results_adam_20260430_200911.csv
Global end time: 1777574271.739626
Finalisation time: 0.00 seconds; started at 1777574271.739624 and finished at 1777574271.739628
Sum of all section times: 11.67 seconds
