2026-05-01 11:31:19.459 system_profiler[89045:3320394] hw.cpufamily: 0x6f5129ac
Starting QAOA benchmark with global start time: 1777627879.308109
Benchmark parameters: {'optimiser': 'adam', 'circuit_type': 'hamqaoa', 'parameter_vector': [1, 1, 1], 'iterations_list': [50, 100, 200, 500], 'learning_rate_adam': 0.05, 'depth_list': [1, 2, 5, 10], 'n_start': 0, 'n_end': 30, 'singlet_injection': False, 'start_index_singlet': 0, 'warm_start': True, 'compare_with_010101': False, 'warm_start_correlations': False, 'init_QAOAparams_close_to_zero': False, 'use_correlations_as_initial_params': False, 'time_limit': 10800, 'failed_instance_termination_thrsh': 10, 'graph_generation_type': 'HOG', 'weighted': False, 'easiest_first': True, 'cpu_util_threshold': 90, 'debug': False, 'save_circuit_svg': False, 'rerun_exclude_finished_instances': False, 'optimiser_debug_iterations': 1, 'relative_graph_adjList_path': '/Users/julian_dev/Projects/MasterThesis/QAOA/HOG_graphs/list_27_graphs_adjacency_list.txt'}, Running QAOA with equal superposition
Benchmark run ID: bcd2a317
Processor: Apple M4
Hostname: Mac-mini-som-tillhor-Julian.local
Total RAM (GB): 16.0
Physical cores: 10
Logical cores: 10
Python version: 3.13.1
Initialisation time: 0.17 seconds; started at {'initialisation': 0.17188477516174316} and finished at 1777627879.480007
Loaded HOG graph index 20 with 15 edges.
Instance generation for n=20 took 0.00 seconds; started at 1777627879.4800131 and finished at 1777627879.480385
Running QAOA for n=10 nodes, m=15 edges...; Max iterations: 200
Warm-start: using parameter_vector=[1, 1, 1]
Warm-start: starting SDP solve for n_vertices=10
Starting SDP solve (solver preference: MOSEK, fallback: SCS) for n_vertices=10, matrix_dim=30, edges=15
Finished SDP solve with MOSEK. status=optimal. elapsed_seconds=0.07
Rounding...
n_vertices: 10 for n = 30
Using seed None to generate random matrix for x.
r_0: [-0.03902148  0.11603687  0.99247809]
Product state qubit 0: [[ 0.99623905+0.j         -0.01951074-0.05801844j]
 [-0.01951074+0.05801844j  0.00376095+0.j        ]]
Diagonal entries of product state 0: [0.99623905 0.00376095]
r_1: [ 0.29923927  0.26369664 -0.91701687]
Product state qubit 1: [[0.04149157+0.j         0.14961964-0.13184832j]
 [0.14961964+0.13184832j 0.95850843+0.j        ]]
Diagonal entries of product state 1: [0.04149157 0.95850843]
r_2: [-0.03599209 -0.11910351 -0.99222927]
Product state qubit 2: [[ 0.00388537+0.j         -0.01799604+0.05955175j]
 [-0.01799604-0.05955175j  0.99611463+0.j        ]]
Diagonal entries of product state 2: [0.00388537 0.99611463]
r_3: [-0.08210928 -0.39710173 -0.91409424]
Product state qubit 3: [[ 0.04295288+0.j         -0.04105464+0.19855086j]
 [-0.04105464-0.19855086j  0.95704712+0.j        ]]
Diagonal entries of product state 3: [0.04295288 0.95704712]
r_4: [ 0.0532126  -0.30087002 -0.95217942]
Product state qubit 4: [[0.02391029+0.j         0.0266063 +0.15043501j]
 [0.0266063 -0.15043501j 0.97608971+0.j        ]]
Diagonal entries of product state 4: [0.02391029 0.97608971]
r_5: [-0.21403859 -0.16521091 -0.96275274]
Product state qubit 5: [[ 0.01862363+0.j         -0.10701929+0.08260545j]
 [-0.10701929-0.08260545j  0.98137637+0.j        ]]
Diagonal entries of product state 5: [0.01862363 0.98137637]
r_6: [0.14298325 0.36036439 0.9217881 ]
Product state qubit 6: [[0.96089405+0.j        0.07149163-0.1801822j]
 [0.07149163+0.1801822j 0.03910595+0.j       ]]
Diagonal entries of product state 6: [0.96089405 0.03910595]
r_7: [-0.30749393 -0.56528308 -0.7654427 ]
Product state qubit 7: [[ 0.11727865+0.j         -0.15374696+0.28264154j]
 [-0.15374696-0.28264154j  0.88272135+0.j        ]]
Diagonal entries of product state 7: [0.11727865 0.88272135]
r_8: [-0.03902146  0.11603723  0.99247805]
Product state qubit 8: [[ 0.99623903+0.j         -0.01951073-0.05801861j]
 [-0.01951073+0.05801861j  0.00376097+0.j        ]]
Diagonal entries of product state 8: [0.99623903 0.00376097]
r_9: [0.14298292 0.36036404 0.92178829]
Product state qubit 9: [[0.96089414+0.j         0.07149146-0.18018202j]
 [0.07149146+0.18018202j 0.03910586+0.j        ]]
Diagonal entries of product state 9: [0.96089414 0.03910586]
y_scalar: False
[1, -1, -1, -1, -1, -1, 1, -1, 1, 1]
Hamiltonian equals product state? [[False False False False]
 [False False False False]
 [False False False False]
 [False False False False]]
Hamiltonian: [[ 0. +0.j  0. +0.j  0. +0.j  0. +0.j]
 [ 0. +0.j  0.5+0.j -0.5+0.j  0. +0.j]
 [ 0. +0.j -0.5+0.j  0.5+0.j  0. +0.j]
 [ 0. +0.j  0. +0.j  0. +0.j  0. +0.j]], product state: [[ 0.04127317+0.j          0.00307076-0.00773934j -0.03944916+0.19078636j
   0.03284024+0.021592j  ]
 [ 0.00307076+0.00773934j  0.00167971+0.j         -0.03871035+0.00679738j
  -0.00160548+0.0077645j ]
 [-0.03944916-0.19078636j -0.03871035-0.00679738j  0.91962097+0.j
   0.06842069-0.17244268j]
 [ 0.03284024-0.021592j   -0.00160548-0.0077645j   0.06842069+0.17244268j
   0.03742615+0.j        ]]
Hamiltonian equals product state? [[False False False False]
 [False False False False]
 [False False False False]
 [False False False False]]
Hamiltonian: [[ 0. +0.j  0. +0.j  0. +0.j  0. +0.j]
 [ 0. +0.j  0.5+0.j -0.5+0.j  0. +0.j]
 [ 0. +0.j -0.5+0.j  0.5+0.j  0. +0.j]
 [ 0. +0.j  0. +0.j  0. +0.j  0. +0.j]], product state: [[ 4.13355181e-02+0.j          1.49056925e-01-0.13135245j
  -8.09531241e-04-0.00240728j -1.05688235e-02-0.00610824j]
 [ 1.49056925e-01+0.13135245j  9.54903529e-01+0.j
   4.73044319e-03-0.01125316j -1.87012108e-02-0.05561116j]
 [-8.09531241e-04+0.00240728j  4.73044319e-03+0.01125316j
   1.56047816e-04+0.j          5.62712375e-04-0.00049588j]
 [-1.05688235e-02+0.00610824j -1.87012108e-02+0.05561116j
   5.62712375e-04+0.00049588j  3.60490486e-03+0.j        ]]
Hamiltonian equals product state? [[False False False False]
 [False False False False]
 [False False False False]
 [False False False False]]
Hamiltonian: [[ 0. +0.j  0. +0.j  0. +0.j  0. +0.j]
 [ 0. +0.j  0.5+0.j -0.5+0.j  0. +0.j]
 [ 0. +0.j -0.5+0.j  0.5+0.j  0. +0.j]
 [ 0. +0.j  0. +0.j  0. +0.j  0. +0.j]], product state: [[ 1.66887614e-04+0.j         -1.59512260e-04+0.00077144j
  -7.72981845e-04+0.00255792j -1.10852312e-02-0.00601801j]
 [-1.59512260e-04-0.00077144j  3.71847748e-03+0.j
   1.25628733e-02+0.00112825j -1.72230612e-02+0.05699384j]
 [-7.72981845e-04-0.00255792j  1.25628733e-02-0.00112825j
   4.27859907e-02+0.j         -4.08951264e-02+0.19777942j]
 [-1.10852312e-02+0.00601801j -1.72230612e-02-0.05699384j
  -4.08951264e-02-0.19777942j  9.53328644e-01+0.j        ]]
Hamiltonian equals product state? [[False False False False]
 [False False False False]
 [False False False False]
 [False False False False]]
Hamiltonian: [[ 0. +0.j  0. +0.j  0. +0.j  0. +0.j]
 [ 0. +0.j  0.5+0.j -0.5+0.j  0. +0.j]
 [ 0. +0.j -0.5+0.j  0.5+0.j  0. +0.j]
 [ 0. +0.j  0. +0.j  0. +0.j  0. +0.j]], product state: [[ 1.85535868e-02+0.j         -3.63360600e-04-0.00108052j
  -1.06616797e-01+0.08229478j  6.88067836e-03+0.00459742j]
 [-3.63360600e-04+0.00108052j  7.00429679e-05+0.j
  -2.70462943e-03-0.0078208j  -4.02496668e-04+0.00031068j]
 [-1.06616797e-01-0.08229478j -2.70462943e-03+0.0078208j
   9.77685440e-01+0.j         -1.91473687e-02-0.0569381j ]
 [ 6.88067836e-03-0.00459742j -4.02496668e-04-0.00031068j
  -1.91473687e-02+0.0569381j   3.69092999e-03+0.j        ]]
Hamiltonian equals product state? [[False False False False]
 [False False False False]
 [False False False False]
 [False False False False]]
Hamiltonian: [[ 0. +0.j  0. +0.j  0. +0.j  0. +0.j]
 [ 0. +0.j  0.5+0.j -0.5+0.j  0. +0.j]
 [ 0. +0.j -0.5+0.j  0.5+0.j  0. +0.j]
 [ 0. +0.j  0. +0.j  0. +0.j  0. +0.j]], product state: [[ 0.11269237+0.j          0.00838442-0.0211315j  -0.14773456+0.2715886j
   0.03993533+0.04790889j]
 [ 0.00838442+0.0211315j   0.00458628+0.j         -0.06191852-0.00749598j
  -0.00601241+0.01105294j]
 [-0.14773456-0.2715886j  -0.06191852+0.00749598j  0.84820178+0.j
   0.06310704-0.15905051j]
 [ 0.03993533-0.04790889j -0.00601241-0.01105294j  0.06310704+0.15905051j
   0.03451957+0.j        ]]
Hamiltonian equals product state? [[False False False False]
 [False False False False]
 [False False False False]
 [False False False False]]
Hamiltonian: [[ 0. +0.j  0. +0.j  0. +0.j  0. +0.j]
 [ 0. +0.j  0.5+0.j -0.5+0.j  0. +0.j]
 [ 0. +0.j -0.5+0.j  0.5+0.j  0. +0.j]
 [ 0. +0.j  0. +0.j  0. +0.j  0. +0.j]], product state: [[ 3.73342456e-03+0.j          2.77770415e-04-0.00070007j
  -1.72922923e-02+0.05722293j  9.44359195e-03+0.00750001j]
 [ 2.77770415e-04+0.00070007j  1.51940528e-04+0.j
  -1.20167187e-02+0.00101488j -7.03750670e-04+0.00232882j]
 [-1.72922923e-02-0.05722293j -1.20167187e-02-0.00101488j
   9.57160719e-01+0.j          7.12136876e-02-0.17948195j]
 [ 9.44359195e-03-0.00750001j -7.03750670e-04-0.00232882j
   7.12136876e-02+0.17948195j  3.89539157e-02+0.j        ]]
Hamiltonian equals product state? [[False False False False]
 [False False False False]
 [False False False False]
 [False False False False]]
Hamiltonian: [[ 0. +0.j  0. +0.j  0. +0.j  0. +0.j]
 [ 0. +0.j  0.5+0.j -0.5+0.j  0. +0.j]
 [ 0. +0.j -0.5+0.j  0.5+0.j  0. +0.j]
 [ 0. +0.j  0. +0.j  0. +0.j  0. +0.j]], product state: [[ 4.27913346e-02+0.j         -4.09002341e-02+0.19780412j
  -8.38042531e-04-0.00249206j  1.23206169e-02-0.00149195j]
 [-4.09002341e-02-0.19780412j  9.53447713e-01+0.j
  -1.07186040e-02+0.0062558j  -1.86726996e-02-0.05552638j]
 [-8.38042531e-04+0.00249206j -1.07186040e-02-0.0062558j
   1.61543742e-04+0.j         -1.54404553e-04+0.00074674j]
 [ 1.23206169e-02+0.00149195j -1.86726996e-02+0.05552638j
  -1.54404553e-04-0.00074674j  3.59940893e-03+0.j        ]]
Hamiltonian equals product state? [[False False False False]
 [False False False False]
 [False False False False]
 [False False False False]]
Hamiltonian: [[ 0. +0.j  0. +0.j  0. +0.j  0. +0.j]
 [ 0. +0.j  0.5+0.j -0.5+0.j  0. +0.j]
 [ 0. +0.j -0.5+0.j  0.5+0.j  0. +0.j]
 [ 0. +0.j  0. +0.j  0. +0.j  0. +0.j]], product state: [[ 2.29752541e-02+0.j          1.70938545e-03-0.00430821j
   2.55658335e-02+0.1445521j   2.90078376e-02+0.00596086j]
 [ 1.70938545e-03+0.00430821j  9.35034596e-04+0.j
  -2.52035825e-02+0.01554882j  1.04046461e-03+0.0058829j ]
 [ 2.55658335e-02-0.1445521j  -2.52035825e-02-0.01554882j
   9.37918794e-01+0.j          6.97822418e-02-0.17587399j]
 [ 2.90078376e-02-0.00596086j  1.04046461e-03-0.0058829j
   6.97822418e-02+0.17587399j  3.81709171e-02+0.j        ]]
Hamiltonian equals product state? [[False False False False]
 [False False False False]
 [False False False False]
 [False False False False]]
Hamiltonian: [[ 0. +0.j  0. +0.j  0. +0.j  0. +0.j]
 [ 0. +0.j  0.5+0.j -0.5+0.j  0. +0.j]
 [ 0. +0.j -0.5+0.j  0.5+0.j  0. +0.j]
 [ 0. +0.j  0. +0.j  0. +0.j  0. +0.j]], product state: [[ 4.13355172e-02+0.j         -8.09530711e-04-0.00240728j
   1.49056922e-01-0.13135244j -1.05688450e-02-0.00610827j]
 [-8.09530711e-04+0.00240728j  1.56048657e-04+0.j
   4.73046853e-03+0.01125318j  5.62715410e-04-0.00049588j]
 [ 1.49056922e-01+0.13135244j  4.73046853e-03-0.01125318j
   9.54903510e-01+0.j         -1.87011986e-02-0.05561133j]
 [-1.05688450e-02+0.00610827j  5.62715410e-04+0.00049588j
  -1.87011986e-02+0.05561133j  3.60492430e-03+0.j        ]]
Hamiltonian equals product state? [[False False False False]
 [False False False False]
 [False False False False]
 [False False False False]]
Hamiltonian: [[ 0. +0.j  0. +0.j  0. +0.j  0. +0.j]
 [ 0. +0.j  0.5+0.j -0.5+0.j  0. +0.j]
 [ 0. +0.j -0.5+0.j  0.5+0.j  0. +0.j]
 [ 0. +0.j  0. +0.j  0. +0.j  0. +0.j]], product state: [[ 1.78953350e-02+0.j          1.33143360e-03-0.00335565j
  -1.02834202e-01+0.07937509j  7.23304865e-03+0.02518857j]
 [ 1.33143360e-03+0.00335565j  7.28294767e-04+0.j
  -2.25350155e-02-0.01337737j -4.18509132e-03+0.00323036j]
 [-1.02834202e-01-0.07937509j -2.25350155e-02+0.01337737j
   9.42998713e-01+0.j          7.01601937e-02-0.17682655j]
 [ 7.23304865e-03-0.02518857j -4.18509132e-03-0.00323036j
   7.01601937e-02+0.17682655j  3.83776569e-02+0.j        ]]
Hamiltonian equals product state? [[False False False False]
 [False False False False]
 [False False False False]
 [False False False False]]
Hamiltonian: [[ 0. +0.j  0. +0.j  0. +0.j  0. +0.j]
 [ 0. +0.j  0.5+0.j -0.5+0.j  0. +0.j]
 [ 0. +0.j -0.5+0.j  0.5+0.j  0. +0.j]
 [ 0. +0.j  0. +0.j  0. +0.j  0. +0.j]], product state: [[ 4.45296366e-04+0.j         -2.55886220e-03+0.00197512j
   4.95505846e-04+0.00280165j -1.52741394e-02-0.01390162j]
 [-2.55886220e-03-0.00197512j  2.34649924e-02+0.j
   9.57936497e-03-0.01829727j  2.61107923e-02+0.14763336j]
 [ 4.95505846e-04-0.00280165j  9.57936497e-03+0.01829727j
   1.81783334e-02+0.j         -1.04460431e-01+0.08063033j]
 [-1.52741394e-02+0.01390162j  2.61107923e-02-0.14763336j
  -1.04460431e-01-0.08063033j  9.57911378e-01+0.j        ]]
Hamiltonian equals product state? [[False False False False]
 [False False False False]
 [False False False False]
 [False False False False]]
Hamiltonian: [[ 0. +0.j  0. +0.j  0. +0.j  0. +0.j]
 [ 0. +0.j  0.5+0.j -0.5+0.j  0. +0.j]
 [ 0. +0.j -0.5+0.j  0.5+0.j  0. +0.j]
 [ 0. +0.j  0. +0.j  0. +0.j  0. +0.j]], product state: [[ 2.38203628e-02+0.j         -4.66507171e-04-0.00138724j
   2.65062326e-02+0.14986923j  8.20892228e-03-0.00447876j]
 [-4.66507171e-04+0.00138724j  8.99259492e-05+0.j
  -9.24713884e-03-0.00139144j  1.00065568e-04+0.00056578j]
 [ 2.65062326e-02-0.14986923j -9.24713884e-03+0.00139144j
   9.72418664e-01+0.j         -1.90442221e-02-0.05663137j]
 [ 8.20892228e-03+0.00447876j  1.00065568e-04-0.00056578j
  -1.90442221e-02+0.05663137j  3.67104700e-03+0.j        ]]
Hamiltonian equals product state? [[False False False False]
 [False False False False]
 [False False False False]
 [False False False False]]
Hamiltonian: [[ 0. +0.j  0. +0.j  0. +0.j  0. +0.j]
 [ 0. +0.j  0.5+0.j -0.5+0.j  0. +0.j]
 [ 0. +0.j -0.5+0.j  0.5+0.j  0. +0.j]
 [ 0. +0.j  0. +0.j  0. +0.j  0. +0.j]], product state: [[ 3.87075242e-03+0.j         -1.79283607e-02+0.05932778j
  -7.58063562e-05-0.00022542j  3.80621578e-03-0.0001178j ]
 [-1.79283607e-02-0.05932778j  9.92368295e-01+0.j
  -3.10398347e-03+0.002206j   -1.94349357e-02-0.05779301j]
 [-7.58063562e-05+0.00022542j -3.10398347e-03-0.002206j
   1.46126742e-05+0.j         -6.76822660e-05+0.00022397j]
 [ 3.80621578e-03+0.0001178j  -1.94349357e-02+0.05779301j
  -6.76822660e-05-0.00022397j  3.74634000e-03+0.j        ]]
Hamiltonian equals product state? [[False False False False]
 [False False False False]
 [False False False False]
 [False False False False]]
Hamiltonian: [[ 0. +0.j  0. +0.j  0. +0.j  0. +0.j]
 [ 0. +0.j  0.5+0.j -0.5+0.j  0. +0.j]
 [ 0. +0.j -0.5+0.j  0.5+0.j  0. +0.j]
 [ 0. +0.j  0. +0.j  0. +0.j  0. +0.j]], product state: [[ 0.11269236+0.j         -0.14773454+0.27158857j  0.00838444-0.02113152j
   0.03993535+0.04790897j]
 [-0.14773454-0.27158857j  0.84820169+0.j         -0.06191859+0.00749596j
   0.06310719-0.15905067j]
 [ 0.00838444+0.02113152j -0.06191859-0.00749596j  0.00458629+0.j
  -0.00601242+0.01105297j]
 [ 0.03993535-0.04790897j  0.06310719+0.15905067j -0.00601242-0.01105297j
   0.03451966+0.j        ]]
Hamiltonian equals product state? [[False False False False]
 [False False False False]
 [False False False False]
 [False False False False]]
Hamiltonian: [[ 0. +0.j  0. +0.j  0. +0.j  0. +0.j]
 [ 0. +0.j  0.5+0.j -0.5+0.j  0. +0.j]
 [ 0. +0.j -0.5+0.j  0.5+0.j  0. +0.j]
 [ 0. +0.j  0. +0.j  0. +0.j  0. +0.j]], product state: [[ 0.00486607+0.j         -0.0063792 +0.01172724j  0.01754719-0.01546299j
   0.01426225+0.06256j   ]
 [-0.0063792 -0.01172724j  0.03662549+0.j         -0.06026938-0.02201745j
   0.13207245-0.11638533j]
 [ 0.01754719+0.01546299j -0.06026938+0.02201745j  0.11241258+0.j
  -0.14736776+0.2709143j ]
 [ 0.01426225-0.06256j     0.13207245+0.11638533j -0.14736776-0.2709143j
   0.84609586+0.j        ]]
Energy of rounded cut: 6.031909090169593
Check the cut: [1, -1, -1, -1, -1, -1, 1, -1, 1, 1]
12 in cut out of a total of 15 edges
Warm-start: SDP solve + rounding finished in 0.09 seconds
Warm-start: statevector build finished in 0.00 seconds
warm_start_correlations: None
Edges: [(3, 9), (0, 1), (2, 3), (5, 8), (7, 9), (2, 9), (0, 3), (4, 6), (1, 8), (5, 6), (4, 5), (4, 8), (0, 2), (6, 7), (1, 7)], weights: [1.0, 1.0, 1.0, 1.0, 1.0, 1.0, 1.0, 1.0, 1.0, 1.0, 1.0, 1.0, 1.0, 1.0, 1.0], set of nodes: {0, 1, 2, 3, 4, 5, 6, 7, 8, 9}, n: 10 nodes, p: 10 layers, N_bayes: 200 iterations
Initial state injected as warm start
Initial state energy for vector-normalised SDP solution used as warm start: 3.0642938326242346
Running ADAM optimization with a single iteration (no debug loop)
ADAM optimizer configured with maxiter=200 and learning_rate=0.05
Generated 4 random initial parameter sets for ADAM optimization
Using random initial parameters with:
Param_type 1:  [ 1.89004506 -0.01385813 -2.15571073  2.40812331  1.38903118  1.04388526
 -1.54527961 -1.45672523 -1.45056555 -1.74927259]
Param_type 2:  [-0.76934227 -2.76650436  0.87238306 -2.99233604  2.92535754  2.21557308
 -2.47177769  1.04299191 -0.09285388  2.23738153]
Param_type 3:  [-0.76944802 -0.11428272 -2.20088474  3.04912468  1.39351219  0.96356623
 -0.41299812 -1.4330544  -3.10534507  0.41894032]
Param_type 4:  [-0.48152683 -0.83715331  2.90527803 -2.11101413 -2.19887149  2.3587651
  1.43264849  1.06985651  2.54036395  1.03737358]
Energies observed during ADAM optimization: [3.5864906255054527, 3.5864906257039095, 3.5864906256181244, 3.586490625500708, 3.586490625444621, 3.586490625442118, 3.5864906253643114, 3.5864906255960807, 3.5864906256654843, 3.5864906257641147, 3.5864906257358804, 3.58649062535116, 3.5864906255491795, 3.5864906256729245, 3.586490625524608, 3.586490625512771, 3.5864906254540188, 3.586490625437622, 3.5864906253497764, 3.5864906255379494, 3.5864906255733273, 3.586490625453409, 3.5864906255597315, 3.5864906254819537, 3.5864906254806606, 3.5864906254473365, 3.5864906256904203, 3.5864906255750344, 3.586490625408873, 3.5864906253933344, 3.586490625505446, 3.586490625434469, 3.586490625488025, 3.5864906254793536, 3.586490625454593, 3.5864906254842484, 3.5864906254686577, 3.586490625520717, 3.5864906254749425, 3.586490625499985, 3.5864906253741458, 4.211293194275493, 4.211293194324742, 4.211293194239935, 4.2112931942804455, 4.211293194516385, 4.211293194495553, 4.211293194469626, 4.211293194191823, 4.211293194018295, 4.211293194321005, 4.211293194321389, 4.211293194320118, 4.211293194386518, 4.211293194358205, 4.211293194307258, 4.211293194232234, 4.211293194229099, 4.211293194239573, 4.211293194201652, 4.211293194182365, 4.211293194410378, 4.211293194234759, 4.211293194252925, 4.21129319435095, 4.211293194375797, 4.211293194356132, 4.21129319431575, 4.2112931941801355, 4.211293194350166, 4.211293194200369, 4.2112931942754965, 4.211293194191686, 4.211293194250308, 4.211293194379151, 4.211293194380127, 4.211293194381363, 4.211293194252195, 4.211293194195133, 4.211293194208864, 4.211293194211831, 4.211293194323169, 4.713754903760719, 4.7137549037613224, 4.713754903785436, 4.713754903816897, 4.713754903836734, 4.713754903836617, 4.713754903842668, 4.713754903620235, 4.713754903588754, 4.713754903708591, 4.71375490369689, 4.713754903732494, 4.713754903854484, 4.713754903684643, 4.7137549037270325, 4.713754903748357, 4.713754903818814, 4.713754903832367, 4.713754903821541, 4.713754903714228, 4.713754903637796, 4.713754903802217, 4.713754903799753, 4.713754903684367, 4.713754903721836, 4.713754903701678, 4.713754903742373, 4.713754903761261, 4.713754903757329, 4.713754903766102, 4.713754903760722, 4.713754903693746, 4.713754903725416, 4.713754903815016, 4.713754903837996, 4.713754903828362, 4.713754903722242, 4.713754903774948, 4.713754903825834, 4.7137549038058335, 4.713754903809296, 4.668442376204366, 4.668442376177848, 4.668442376192863, 4.668442376246216, 4.668442375964237, 4.668442375942033, 4.668442376014965, 4.668442376120598, 4.668442376185662, 4.66844237604706, 4.6684423760509635, 4.668442376209391, 4.6684423762658, 4.668442376032753, 4.668442376147642, 4.668442376246507, 4.668442376353362, 4.668442376392128, 4.668442376390827, 4.668442376056358, 4.668442376040437, 4.668442376230883, 4.668442376179631, 4.668442376055032, 4.668442376024236, 4.668442376058825, 4.668442376188379, 4.668442376377865, 4.668442376093423, 4.6684423763316785, 4.668442376204365, 4.6684423762724645, 4.668442376224664, 4.668442376189615, 4.668442376232396, 4.668442376206907, 4.66844237617296, 4.668442376205744, 4.6684423762883025, 4.6684423762615745, 4.6684423763927105, 5.128064468631988, 5.12806446858002, 5.128064468555249, 5.128064468669304, 5.128064468416853, 5.128064468450978, 5.128064468452061, 5.128064468622355, 5.128064468654911, 5.128064468573088, 5.128064468623519, 5.128064468607207, 5.128064468696571, 5.128064468495157, 5.128064468535599, 5.128064468697011, 5.12806446872869, 5.128064468760541, 5.128064468811874, 5.12806446847122, 5.128064468570721, 5.128064468655683, 5.12806446859629, 5.128064468604381, 5.128064468563482, 5.12806446861707, 5.128064468540089, 5.128064468695361, 5.1280644685928785, 5.128064468689932, 5.1280644686319885, 5.128064468672597, 5.128064468607246, 5.128064468666448, 5.128064468728518, 5.128064468676873, 5.128064468605112, 5.12806446856043, 5.128064468660653, 5.128064468647904, 5.128064468834233, 5.336523393655495, 5.3365233936973535, 5.3365233935078225, 5.336523393620681, 5.336523393670966, 5.336523393771683, 5.336523393710748, 5.336523393751313, 5.336523393637308, 5.336523393718846, 5.336523393764483, 5.33652339355632, 5.336523393617799, 5.33652339368652, 5.336523393507338, 5.336523393752061, 5.336523393637847, 5.336523393606583, 5.336523393630246, 5.336523393636573, 5.336523393804934, 5.336523393613104, 5.3365233936466865, 5.336523393793847, 5.336523393785929, 5.3365233938287275, 5.336523393572314, 5.336523393548206, 5.3365233937052645, 5.3365233935870915, 5.3365233936555025, 5.336523393610229, 5.336523393662438, 5.336523393626413, 5.336523393706802, 5.336523393641987, 5.336523393766143, 5.336523393597667, 5.336523393533734, 5.336523393581714, 5.3365233936453516, 5.297730057588094, 5.297730057709769, 5.2977300574286454, 5.297730057466257, 5.297730057639374, 5.297730057718546, 5.297730057688445, 5.297730057651515, 5.297730057557845, 5.297730057612079, 5.297730057604604, 5.297730057485403, 5.297730057491249, 5.297730057727565, 5.297730057457782, 5.297730057658679, 5.2977300574877, 5.29773005746971, 5.297730057408574, 5.297730057715542, 5.297730057804509, 5.297730057546001, 5.29773005762639, 5.297730057708336, 5.297730057705228, 5.2977300577373185, 5.297730057594008, 5.297730057506985, 5.297730057615009, 5.297730057505123, 5.2977300575880975, 5.297730057506733, 5.297730057633481, 5.297730057449502, 5.297730057507236, 5.297730057469109, 5.297730057787052, 5.297730057625811, 5.297730057396338, 5.297730057481724, 5.297730057396275, 5.503024540430259, 5.5030245404262415, 5.50302454037969, 5.503024540387079, 5.503024540424739, 5.503024540445973, 5.5030245404468285, 5.503024540417568, 5.50302454044687, 5.5030245403744305, 5.503024540355316, 5.503024540418418, 5.503024540420097, 5.503024540545784, 5.503024540359875, 5.503024540432304, 5.503024540330635, 5.503024540342056, 5.503024540281133, 5.503024540574489, 5.503024540541085, 5.503024540511905, 5.503024540461503, 5.503024540429679, 5.503024540422086, 5.5030245404419915, 5.503024540476746, 5.503024540417498, 5.503024540409365, 5.503024540405603, 5.503024540430255, 5.50302454036538, 5.503024540476767, 5.503024540309527, 5.503024540331956, 5.503024540317568, 5.503024540544854, 5.503024540538295, 5.503024540326888, 5.50302454037517, 5.50302454025463, 5.536141587739389, 5.53614158757917, 5.5361415877966405, 5.536141587842259, 5.536141587690945, 5.536141587675951, 5.536141587691158, 5.536141587727246, 5.5361415877934315, 5.536141587701146, 5.536141587711726, 5.536141587856868, 5.536141587825757, 5.536141587725855, 5.536141587766408, 5.536141587680542, 5.536141587700827, 5.536141587696852, 5.536141587713536, 5.536141587796213, 5.5361415876664335, 5.536141587906665, 5.5361415876917, 5.536141587655978, 5.536141587648713, 5.536141587657645, 5.536141587780238, 5.536141587774469, 5.536141587691156, 5.536141587773685, 5.536141587739396, 5.536141587752421, 5.53614158779602, 5.536141587703917, 5.53614158770395, 5.536141587706624, 5.536141587658771, 5.53614158782272, 5.536141587809286, 5.536141587781655, 5.53614158769498, 5.4623133045351, 5.462313304331006, 5.4623133045911905, 5.462313304682694, 5.462313304527529, 5.462313304513122, 5.462313304531809, 5.462313304564222, 5.462313304557348, 5.46231330457469, 5.462313304601309, 5.46231330468366, 5.462313304632527, 5.462313304409636, 5.462313304646074, 5.462313304478109, 5.462313304561603, 5.462313304523265, 5.462313304602704, 5.462313304489487, 5.462313304352977, 5.462313304691419, 5.462313304432969, 5.46231330446741, 5.46231330446495, 5.462313304465135, 5.462313304534657, 5.462313304572364, 5.462313304503643, 5.462313304566722, 5.462313304535098, 5.462313304602817, 5.462313304607629, 5.462313304568377, 5.462313304565111, 5.4623133045761385, 5.462313304331399, 5.4623133045357495, 5.4623133047081405, 5.462313304635815, 5.462313304603855, 5.565826208377635, 5.565826208200729, 5.565826208414742, 5.565826208509836, 5.565826208440321, 5.565826208431501, 5.565826208450038, 5.565826208424015, 5.565826208355963, 5.565826208437799, 5.5658262084568335, 5.565826208475452, 5.565826208428622, 5.565826208245356, 5.56582620852217, 5.565826208359421, 5.565826208420841, 5.565826208373017, 5.565826208459033, 5.565826208277318, 5.5658262082184535, 5.565826208507834, 5.5658262082863486, 5.5658262083632275, 5.565826208362971, 5.565826208360382, 5.56582620833979, 5.56582620838068, 5.565826208383138, 5.565826208369287, 5.56582620837763, 5.565826208445835, 5.565826208437532, 5.565826208431643, 5.565826208430899, 5.5658262084435055, 5.565826208187423, 5.565826208334949, 5.565826208531618, 5.565826208465008, 5.565826208491614, 5.754430184589957, 5.754430184514605, 5.754430184613271, 5.7544301846564805, 5.754430184685823, 5.754430184683378, 5.754430184698743, 5.754430184617494, 5.754430184579204, 5.754430184598693, 5.754430184610952, 5.754430184587236, 5.754430184566004, 5.754430184545449, 5.7544301847085, 5.754430184619545, 5.754430184588292, 5.754430184578764, 5.754430184622986, 5.754430184526386, 5.754430184552633, 5.754430184687357, 5.754430184557867, 5.754430184620691, 5.754430184621965, 5.754430184619841, 5.754430184544902, 5.75443018456645, 5.754430184612709, 5.75443018455464, 5.754430184589969, 5.75443018462559, 5.754430184626084, 5.754430184598249, 5.754430184600616, 5.754430184614372, 5.75443018451373, 5.754430184569645, 5.754430184630204, 5.7544301846101185, 5.754430184652817, 5.791710258838604, 5.791710258914254, 5.79171025884063, 5.791710258794444, 5.791710258885174, 5.791710258892937, 5.79171025890248, 5.791710258825024, 5.791710258903613, 5.79171025878209, 5.791710258793222, 5.791710258738612, 5.791710258760185, 5.791710258885088, 5.791710258886341, 5.791710258882238, 5.791710258782562, 5.791710258825704, 5.791710258809296, 5.791710258883097, 5.791710258923675, 5.7917102588958125, 5.791710258884051, 5.791710258883273, 5.791710258886365, 5.7917102588846525, 5.791710258818285, 5.791710258823291, 5.79171025884807, 5.791710258804577, 5.791710258838603, 5.791710258821236, 5.791710258865144, 5.791710258771733, 5.791710258776921, 5.791710258792775, 5.791710258891313, 5.791710258864605, 5.7917102587560105, 5.791710258791665, 5.791710258776084, 5.749741882763143, 5.74974188293203, 5.749741882751929, 5.749741882647313, 5.749741882713977, 5.749741882730787, 5.749741882737114, 5.74974188271892, 5.749741882901537, 5.749741882694231, 5.749741882718391, 5.7497418826322635, 5.749741882677447, 5.749741882819862, 5.749741882755504, 5.749741882783934, 5.749741882701308, 5.749741882766498, 5.749741882713621, 5.749741882880672, 5.749741882884493, 5.749741882797919, 5.749741882850498, 5.749741882797764, 5.749741882802517, 5.749741882800673, 5.749741882776896, 5.7497418827723275, 5.749741882742067, 5.749741882764005, 5.749741882763141, 5.74974188270853, 5.749741882790187, 5.749741882672017, 5.7497418826778475, 5.7497418826930815, 5.749741882865366, 5.749741882793875, 5.749741882639802, 5.7497418826976725, 5.7497418826242646, 5.810620373144891, 5.810620373307002, 5.810620373142952, 5.810620373056565, 5.81062037303409, 5.810620373051737, 5.810620373057134, 5.810620373084235, 5.810620373285523, 5.810620373097085, 5.810620373148809, 5.810620373044242, 5.810620373077895, 5.8106203731650385, 5.810620373120586, 5.810620373135938, 5.810620373118251, 5.810620373174906, 5.810620373123986, 5.810620373238982, 5.810620373225492, 5.810620373176834, 5.810620373212243, 5.81062037316958, 5.810620373175573, 5.81062037317384, 5.810620373172066, 5.810620373163045, 5.8106203731015205, 5.810620373194404, 5.8106203731448876, 5.81062037310012, 5.810620373166496, 5.810620373097404, 5.810620373101856, 5.810620373114026, 5.8106203732125365, 5.810620373131922, 5.810620373062696, 5.81062037310216, 5.8106203730459445, 5.89177279504309, 5.89177279514637, 5.891772795053395, 5.891772795051252, 5.891772794951128, 5.891772794960675, 5.891772794965427, 5.891772794986955, 5.891772795095644, 5.891772795037026, 5.891772795095446, 5.891772795003912, 5.8917727949948375, 5.891772795016893, 5.891772795031205, 5.891772795010129, 5.8917727950665615, 5.8917727950929395, 5.891772795070187, 5.891772795040257, 5.8917727950434635, 5.891772795075652, 5.891772795048774, 5.891772795072571, 5.891772795078332, 5.891772795077146, 5.891772795051283, 5.89177279503727, 5.891772795009754, 5.891772795104922, 5.891772795043089, 5.891772795042183, 5.891772795049839, 5.891772795081704, 5.891772795083817, 5.891772795092289, 5.891772795032384, 5.891772794965388, 5.8917727950426775, 5.891772795042631, 5.891772795058717, 5.907747483624736, 5.907747483673759, 5.907747483634048, 5.907747483711167, 5.907747483602254, 5.907747483601437, 5.907747483606473, 5.90774748359935, 5.907747483570764, 5.907747483655682, 5.907747483687368, 5.907747483655341, 5.907747483590222, 5.907747483565338, 5.907747483632903, 5.907747483575042, 5.9077474836802955, 5.907747483672428, 5.907747483676551, 5.907747483538049, 5.90774748356484, 5.907747483654061, 5.907747483584132, 5.907747483659508, 5.90774748366256, 5.90774748366236, 5.907747483607796, 5.90774748358071, 5.9077474836221135, 5.90774748365594, 5.907747483624732, 5.907747483653482, 5.907747483615957, 5.907747483730719, 5.907747483731306, 5.907747483736913, 5.907747483557027, 5.907747483516577, 5.9077474836839, 5.907747483655441, 5.907747483728079, 5.945938388150108, 5.945938388169516, 5.945938388154847, 5.945938388249867, 5.945938388186155, 5.945938388180253, 5.945938388187649, 5.945938388144301, 5.945938388053494, 5.9459383881695915, 5.945938388172858, 5.94593838824354, 5.945938388132909, 5.945938388102769, 5.945938388164259, 5.945938388092803, 5.9459383881944055, 5.945938388178118, 5.9459383881863594, 5.9459383880627605, 5.945938388086033, 5.945938388176408, 5.94593838811279, 5.945938388167963, 5.945938388166945, 5.945938388168384, 5.945938388133134, 5.945938388081962, 5.945938388163781, 5.9459383881509185, 5.945938388150108, 5.945938388175069, 5.945938388128004, 5.9459383882603065, 5.945938388262058, 5.945938388266074, 5.945938388087746, 5.945938388081768, 5.945938388213108, 5.945938388183203, 5.94593838824941, 6.00240998216877, 6.002409982179741, 6.002409982176983, 6.0024099822298025, 6.002409982212315, 6.0024099822087615, 6.002409982220126, 6.002409982160368, 6.002409982113634, 6.00240998214277, 6.002409982133423, 6.0024099823014305, 6.002409982171056, 6.002409982173475, 6.002409982176678, 6.002409982123958, 6.002409982173975, 6.002409982171361, 6.002409982165127, 6.002409982160587, 6.002409982141468, 6.002409982185558, 6.002409982169072, 6.002409982148165, 6.002409982142578, 6.002409982146393, 6.00240998217317, 6.002409982109731, 6.002409982178827, 6.002409982151551, 6.0024099821687695, 6.002409982174732, 6.002409982141761, 6.002409982220455, 6.002409982226476, 6.0024099822294685, 6.002409982162453, 6.002409982188903, 6.002409982194827, 6.002409982183122, 6.002409982178691, 5.996734075018256, 5.996734075042776, 5.9967340750257465, 5.9967340750095595, 5.996734075026665, 5.996734075030951, 5.99673407504382, 5.996734075024133, 5.996734075052857, 5.996734074985881, 5.996734074981633, 5.9967340751463905, 5.996734075032517, 5.996734075068741, 5.996734075022864, 5.99673407501061, 5.996734074992434, 5.996734075000786, 5.996734074983257, 5.996734075105059, 5.996734075037953, 5.996734075005037, 5.996734075053737, 5.996734074967055, 5.996734074957786, 5.996734074963214, 5.996734075040798, 5.996734074999605, 5.9967340750194635, 5.996734074990965, 5.996734075018264, 5.996734075010945, 5.996734075006416, 5.996734074984542, 5.9967340749956906, 5.996734074997803, 5.99673407507416, 5.996734075110051, 5.996734074996026, 5.996734075008465, 5.996734074921796, 5.96782241231387, 5.967822412361759, 5.967822412305265, 5.96782241224237, 5.967822412303721, 5.967822412314416, 5.967822412323514, 5.967822412371373, 5.967822412401733, 5.967822412337749, 5.967822412337344, 5.967822412404615, 5.967822412327444, 5.96782241236857, 5.967822412321522, 5.967822412343868, 5.967822412283158, 5.96782241228522, 5.967822412274548, 5.967822412430802, 5.967822412361725, 5.9678224122591095, 5.967822412354297, 5.96782241226542, 5.967822412254471, 5.967822412259807, 5.967822412335788, 5.967822412330388, 5.96782241231357, 5.967822412284815, 5.9678224123138826, 5.967822412309926, 5.967822412328714, 5.96782241222699, 5.9678224122413415, 5.967822412241905, 5.967822412393693, 5.967822412413718, 5.967822412263979, 5.967822412289743, 5.967822412183756, 5.989934228462692, 5.989934228507996, 5.989934228445017, 5.989934228378817, 5.989934228462541, 5.989934228471977, 5.989934228477568, 5.989934228563986, 5.989934228530003, 5.989934228531918, 5.989934228511546, 5.989934228520626, 5.989934228470044, 5.989934228489443, 5.9899342284715615, 5.989934228504307, 5.989934228447962, 5.989934228424971, 5.9899342284363, 5.989934228538703, 5.98993422850093, 5.98993422838036, 5.989934228479634, 5.989934228437519, 5.989934228424723, 5.989934228431202, 5.989934228470102, 5.989934228486313, 5.989934228471479, 5.989934228433277, 5.989934228462684, 5.989934228473726, 5.989934228492608, 5.989934228383245, 5.989934228398937, 5.989934228395693, 5.989934228518096, 5.9899342285264074, 5.989934228424767, 5.9899342284437465, 5.989934228380361, 6.033091578560907, 6.033091578557902, 6.033091578561442, 6.033091578514768, 6.033091578563744, 6.033091578564524, 6.0330915785720745, 6.033091578649624, 6.033091578551409, 6.033091578615856, 6.033091578561556, 6.033091578601042, 6.033091578567895, 6.033091578549243, 6.033091578564457, 6.033091578581157, 6.0330915785685795, 6.033091578518848, 6.033091578551781, 6.033091578567351, 6.033091578553219, 6.033091578483751, 6.033091578544087, 6.0330915785627495, 6.033091578547286, 6.033091578557447, 6.0330915785475705, 6.033091578567215, 6.03309157858252, 6.033091578531811, 6.033091578560909, 6.033091578585747, 6.0330915785847905, 6.033091578536636, 6.033091578552, 6.033091578544578, 6.033091578559742, 6.033091578573654, 6.033091578567433, 6.033091578564619, 6.033091578562876, 6.02868902871877, 6.028689028650377, 6.028689028755025, 6.028689028714088, 6.02868902869889, 6.028689028690548, 6.028689028702588, 6.028689028746768, 6.028689028627775, 6.028689028720076, 6.028689028645697, 6.028689028741675, 6.028689028730702, 6.028689028680564, 6.028689028710692, 6.028689028699086, 6.028689028739136, 6.02868902868133, 6.028689028717702, 6.028689028671821, 6.028689028662393, 6.0286890286749255, 6.028689028679491, 6.0286890287435115, 6.028689028727546, 6.028689028740797, 6.028689028688554, 6.0286890287025106, 6.02868902874482, 6.028689028697462, 6.028689028718774, 6.028689028744726, 6.028689028727968, 6.028689028749116, 6.028689028761737, 6.0286890287537345, 6.028689028668053, 6.028689028687903, 6.028689028767305, 6.028689028744959, 6.028689028788279, 6.0175131383584635, 6.017513138257413, 6.017513138418674, 6.017513138364279, 6.0175131383151745, 6.017513138305585, 6.017513138318851, 6.017513138331182, 6.017513138234212, 6.017513138313938, 6.017513138243478, 6.017513138358843, 6.01751313837538, 6.017513138316242, 6.017513138336134, 6.017513138311988, 6.017513138377462, 6.017513138330464, 6.017513138356348, 6.017513138298016, 6.017513138288428, 6.01751313834307, 6.017513138318064, 6.017513138393449, 6.01751313838112, 6.01751313839447, 6.017513138324818, 6.0175131383347145, 6.017513138377874, 6.017513138349667, 6.017513138358471, 6.017513138372552, 6.017513138361049, 6.01751313840409, 6.017513138413066, 6.017513138407249, 6.017513138294486, 6.017513138309081, 6.017513138416668, 6.017513138389946, 6.017513138444958, 6.054854513419445, 6.054854513339139, 6.0548545134720495, 6.0548545134030665, 6.05485451338013, 6.054854513380988, 6.054854513388287, 6.0548545133875065, 6.054854513323519, 6.054854513374387, 6.054854513322473, 6.054854513392987, 6.054854513439644, 6.054854513390971, 6.054854513386583, 6.054854513382819, 6.054854513427667, 6.054854513400565, 6.0548545134185625, 6.054854513380087, 6.054854513376545, 6.054854513402976, 6.054854513395297, 6.054854513450116, 6.054854513444276, 6.054854513454734, 6.054854513395572, 6.054854513406042, 6.05485451342821, 6.054854513419333, 6.054854513419462, 6.054854513413774, 6.054854513427785, 6.054854513443089, 6.054854513450131, 6.054854513446604, 6.054854513375198, 6.054854513377441, 6.0548545134547025, 6.054854513438157, 6.054854513477164, 6.09264963964835, 6.092649639625364, 6.092649639668724, 6.09264963958793, 6.092649639635594, 6.092649639653302, 6.09264963964674, 6.092649639660319, 6.092649639620568, 6.092649639649166, 6.092649639621862, 6.09264963959307, 6.0926496396701575, 6.092649639647705, 6.09264963961429, 6.09264963965231, 6.092649639641971, 6.0926496396375285, 6.0926496396494585, 6.092649639653647, 6.0926496396503325, 6.092649639609283, 6.092649639648439, 6.092649639662839, 6.092649639664541, 6.092649639669116, 6.092649639644679, 6.092649639653823, 6.092649639644162, 6.092649639654068, 6.09264963964835, 6.092649639620756, 6.092649639670367, 6.092649639634048, 6.092649639640559, 6.092649639639515, 6.092649639641218, 6.092649639631245, 6.092649639646642, 6.092649639647443, 6.092649639648274, 6.091141403183012, 6.09114140320982, 6.091141403171214, 6.09114140308955, 6.091141403193164, 6.09114140322222, 6.0911414032026965, 6.091141403233948, 6.091141403217351, 6.091141403228298, 6.091141403224454, 6.091141403111783, 6.091141403207634, 6.091141403211249, 6.091141403159014, 6.091141403227596, 6.091141403166514, 6.091141403182874, 6.091141403183719, 6.0911414032324345, 6.091141403212555, 6.091141403130949, 6.09114140320385, 6.091141403175949, 6.091141403183548, 6.09114140318151, 6.091141403200508, 6.091141403201354, 6.091141403165134, 6.091141403195917, 6.091141403183017, 6.091141403139368, 6.091141403213127, 6.091141403144914, 6.091141403150611, 6.091141403152959, 6.091141403206507, 6.091141403192655, 6.09114140315789, 6.091141403171212, 6.091141403128478, 6.098005710027956, 6.098005710067258, 6.09800571000221, 6.098005709949622, 6.098005710044099, 6.098005710072338, 6.098005710053716, 6.098005710061507, 6.098005710079238, 6.098005710063495, 6.098005710076318, 6.09800570997091, 6.09800571005589, 6.098005710065331, 6.098005710019315, 6.098005710083793, 6.098005710013021, 6.098005710041255, 6.098005710032906, 6.09800571008873, 6.098005710051708, 6.098005709993684, 6.098005710057912, 6.0980057100047755, 6.098005710014538, 6.098005710009272, 6.098005710051512, 6.098005710044038, 6.098005710004847, 6.09800571004563, 6.0980057100279526, 6.098005709977831, 6.0980057100465075, 6.098005709998557, 6.098005710002782, 6.098005710008417, 6.098005710055645, 6.098005710048287, 6.098005710007147, 6.098005710019712, 6.098005709961114, 6.116756124355343, 6.116756124381603, 6.116756124333155, 6.116756124337238, 6.116756124366576, 6.116756124384965, 6.116756124378943, 6.116756124325842, 6.116756124376501, 6.116756124340433, 6.1167561243631585, 6.116756124334966, 6.116756124376199, 6.116756124380156, 6.1167561243597985, 6.11675612438979, 6.116756124352149, 6.116756124378335, 6.116756124368204, 6.116756124385246, 6.11675612435359, 6.116756124362464, 6.1167561243815705, 6.11675612433274, 6.116756124341868, 6.116756124337298, 6.116756124365549, 6.116756124355205, 6.116756124341484, 6.116756124369256, 6.116756124355348, 6.116756124307036, 6.116756124347007, 6.116756124356936, 6.116756124359052, 6.116756124366703, 6.1167561243646364, 6.1167561243623485, 6.1167561243555095, 6.116756124357349, 6.116756124326169, 6.111629402856801, 6.111629402872126, 6.111629402842375, 6.111629402901683, 6.111629402860004, 6.11162940286613, 6.111629402870739, 6.111629402776749, 6.111629402836651, 6.111629402810167, 6.111629402837612, 6.111629402867021, 6.111629402853731, 6.111629402861592, 6.111629402867718, 6.1116294028561695, 6.111629402868953, 6.111629402880705, 6.111629402872998, 6.111629402838292, 6.111629402833731, 6.111629402899935, 6.11162940287015, 6.1116294028516425, 6.1116294028592, 6.111629402856234, 6.111629402847855, 6.111629402842419, 6.111629402859192, 6.111629402861446, 6.111629402856814, 6.111629402821575, 6.111629402827922, 6.11162940288461, 6.111629402884008, 6.111629402892348, 6.111629402844716, 6.111629402835928, 6.1116294028741, 6.111629402865493, 6.111629402884021, 6.101318556313278, 6.101318556333418, 6.101318556297865, 6.101318556386676, 6.101318556308, 6.10131855630491, 6.101318556311201, 6.101318556233583, 6.101318556281362, 6.101318556279686, 6.101318556307996, 6.10131855633015, 6.101318556282267, 6.101318556301593, 6.101318556323724, 6.101318556286478, 6.101318556339665, 6.101318556331801, 6.101318556328594, 6.1013185562655, 6.101318556284437, 6.10131855636212, 6.101318556311651, 6.101318556324286, 6.101318556329886, 6.101318556327635, 6.1013185562962535, 6.101318556304779, 6.101318556325087, 6.101318556312514, 6.101318556313269, 6.101318556305578, 6.101318556285027, 6.101318556344296, 6.101318556341476, 6.101318556349165, 6.101318556291334, 6.101318556272159, 6.1013185563350705, 6.101318556322307, 6.101318556374293, 6.104486703102206, 6.104486703133325, 6.104486703076144, 6.1044867031651195, 6.104486703090344, 6.104486703083401, 6.1044867030849295, 6.104486703062222, 6.104486703097701, 6.104486703105357, 6.104486703132336, 6.104486703105236, 6.104486703059364, 6.1044867030872965, 6.104486703108197, 6.10448670306752, 6.104486703133193, 6.104486703112413, 6.104486703111222, 6.104486703065405, 6.104486703080297, 6.104486703130451, 6.104486703092843, 6.104486703110005, 6.104486703113391, 6.104486703111323, 6.104486703095552, 6.104486703116581, 6.104486703109658, 6.104486703104154, 6.1044867031022125, 6.104486703125496, 6.104486703090049, 6.104486703113353, 6.104486703109782, 6.104486703116248, 6.104486703085576, 6.104486703066886, 6.104486703118846, 6.104486703108496, 6.1044867031512915, 6.1063194283965085, 6.106319428429151, 6.10631942836064, 6.10631942842871, 6.1063194283904725, 6.106319428384492, 6.106319428379544, 6.10631942840473, 6.106319428434736, 6.106319428432917, 6.106319428455285, 6.106319428379763, 6.1063194283630775, 6.106319428399914, 6.106319428399006, 6.106319428367661, 6.106319428417188, 6.106319428393206, 6.1063194283885185, 6.106319428399144, 6.10631942839095, 6.106319428401389, 6.106319428391742, 6.10631942838847, 6.106319428389973, 6.106319428388708, 6.106319428409528, 6.106319428428787, 6.106319428396109, 6.106319428398628, 6.106319428396523, 6.106319428434985, 6.106319428399434, 6.1063194283769064, 6.106319428374153, 6.106319428379701, 6.106319428398391, 6.1063194283903846, 6.106319428401415, 6.106319428398752, 6.106319428398509, 6.104847162109045, 6.104847162129439, 6.104847162080236, 6.104847162119057, 6.10484716212323, 6.104847162119618, 6.104847162112073, 6.10484716214102, 6.104847162168374, 6.104847162149804, 6.104847162164089, 6.104847162086187, 6.104847162094532, 6.104847162141418, 6.104847162113812, 6.1048471620874825, 6.104847162112124, 6.104847162088591, 6.104847162079612, 6.104847162141304, 6.10484716212321, 6.104847162107944, 6.104847162117547, 6.104847162094919, 6.104847162094846, 6.104847162096534, 6.104847162130472, 6.1048471621357665, 6.104847162113231, 6.104847162097362, 6.104847162109053, 6.104847162140193, 6.104847162111939, 6.104847162067956, 6.10484716206707, 6.104847162072096, 6.104847162132557, 6.104847162131687, 6.104847162099923, 6.1048471621060125, 6.104847162070504, 6.11309730874382, 6.113097308744609, 6.113097308741905, 6.113097308755033, 6.113097308770572, 6.113097308767848, 6.11309730876315, 6.113097308762348, 6.113097308792126, 6.113097308753827, 6.113097308760747, 6.11309730873484, 6.1130973087482525, 6.11309730878826, 6.113097308757281, 6.113097308725536, 6.113097308734444, 6.113097308716417, 6.113097308706388, 6.113097308772339, 6.113097308767565, 6.113097308752037, 6.113097308764772, 6.113097308734679, 6.113097308732875, 6.113097308739546, 6.113097308755975, 6.113097308749625, 6.113097308759083, 6.1130973087185, 6.1130973087438205, 6.113097308759176, 6.113097308732836, 6.113097308704016, 6.1130973087050995, 6.1130973087099, 6.113097308775062, 6.113097308776202, 6.113097308727752, 6.113097308737017, 6.1130973087041545, 6.124806835074045, 6.124806835056443, 6.124806835100605, 6.124806835096757, 6.124806835086179, 6.124806835082667, 6.124806835080824, 6.1248068350632145, 6.124806835097736, 6.124806835049019, 6.124806835050896, 6.12480683508268, 6.12480683509321, 6.124806835098017, 6.124806835097132, 6.124806835061029, 6.12480683506566, 6.124806835061723, 6.124806835052936, 6.124806835072431, 6.124806835087666, 6.124806835087922, 6.124806835097437, 6.124806835063485, 6.124806835059918, 6.12480683507093, 6.1248068350723335, 6.124806835068785, 6.124806835087771, 6.124806835057615, 6.124806835074046, 6.124806835081643, 6.124806835050607, 6.124806835053738, 6.124806835056118, 6.124806835060474, 6.124806835090641, 6.124806835096398, 6.124806835064385, 6.124806835068479, 6.1248068350709515, 6.128172025608384, 6.128172025583777, 6.128172025645881, 6.128172025633053, 6.128172025599466, 6.128172025595703, 6.1281720255909375, 6.128172025586858, 6.1281720256092145, 6.128172025581056, 6.128172025577819, 6.12817202562108, 6.128172025632642, 6.128172025594125, 6.128172025633998, 6.128172025608053, 6.128172025611821, 6.128172025621201, 6.128172025617987, 6.128172025568713, 6.1281720256033045, 6.128172025613181, 6.128172025624556, 6.128172025591697, 6.128172025586987, 6.128172025599815, 6.1281720255956005, 6.128172025608038, 6.128172025611196, 6.128172025614162, 6.128172025608388, 6.1281720256177135, 6.128172025584037, 6.128172025610306, 6.128172025613945, 6.128172025616032, 6.128172025599063, 6.128172025609399, 6.128172025610326, 6.128172025606107, 6.128172025655221, 6.1293365341571455, 6.129336534138767, 6.129336534187205, 6.129336534170861, 6.129336534152648, 6.1293365341520705, 6.129336534138974, 6.129336534153222, 6.129336534141167, 6.129336534159318, 6.129336534151012, 6.129336534160461, 6.129336534176164, 6.1293365341194175, 6.129336534174506, 6.129336534173025, 6.129336534167469, 6.129336534179903, 6.1293365341854, 6.1293365340945645, 6.129336534146396, 6.129336534145953, 6.1293365341660415, 6.129336534144935, 6.129336534140432, 6.129336534153202, 6.129336534136853, 6.129336534160988, 6.129336534155529, 6.1293365341736035, 6.129336534157137, 6.129336534167056, 6.129336534140078, 6.129336534169708, 6.129336534175674, 6.129336534173243, 6.129336534130757, 6.129336534139383, 6.129336534161916, 6.129336534154314, 6.129336534232975, 6.136728629879273, 6.136728629869024, 6.136728629894056, 6.136728629877335, 6.13672862989312, 6.1367286298995145, 6.136728629879081, 6.1367286298972745, 6.136728629858058, 6.136728629906772, 6.136728629896536, 6.136728629868708, 6.136728629889852, 6.13672862985047, 6.136728629879002, 6.136728629905062, 6.136728629881051, 6.1367286298916115, 6.13672862989766, 6.136728629827252, 6.136728629880799, 6.136728629856713, 6.136728629887388, 6.1367286298783155, 6.136728629875551, 6.136728629887104, 6.136728629863508, 6.136728629882138, 6.136728629875944, 6.136728629895959, 6.136728629879276, 6.136728629882994, 6.136728629872642, 6.1367286298840895, 6.136728629893312, 6.136728629886697, 6.136728629855475, 6.136728629858458, 6.1367286298755985, 6.1367286298722945, 6.136728629941291, 6.144117104252863, 6.144117104240716, 6.144117104252911, 6.144117104240514, 6.144117104265258, 6.144117104278665, 6.144117104257691, 6.1441171042704426, 6.144117104240675, 6.14411710427214, 6.1441171042637714, 6.144117104231412, 6.144117104258301, 6.144117104254138, 6.144117104230731, 6.144117104275596, 6.144117104237163, 6.144117104248736, 6.144117104242649, 6.144117104239219, 6.144117104269614, 6.14411710422854, 6.144117104263782, 6.144117104256062, 6.144117104255914, 6.1441171042646925, 6.144117104255832, 6.144117104258241, 6.1441171042408165, 6.144117104272473, 6.144117104252861, 6.144117104249194, 6.144117104257114, 6.144117104237165, 6.1441171042488465, 6.144117104241302, 6.144117104245788, 6.144117104245563, 6.144117104238945, 6.144117104243381, 6.144117104269866, 6.145729544478576, 6.1457295444577635, 6.145729544469518, 6.145729544466934, 6.145729544471697, 6.145729544487561, 6.1457295444724345, 6.145729544475445, 6.145729544476505, 6.145729544467809, 6.145729544462023, 6.145729544455362, 6.1457295444815605, 6.1457295445054605, 6.14572954444089, 6.145729544490177, 6.145729544451416, 6.1457295444627515, 6.1457295444445865, 6.145729544501208, 6.14572954449921, 6.14572954446148, 6.145729544490217, 6.14572954447974, 6.145729544481661, 6.145729544486894, 6.145729544497913, 6.145729544486242, 6.145729544459168, 6.145729544499571, 6.145729544478581, 6.1457295444729025, 6.145729544488265, 6.1457295444477715, 6.145729544459869, 6.145729544453956, 6.145729544487818, 6.145729544487768, 6.145729544462231, 6.145729544471193, 6.145729544454586, 6.15111898879761, 6.151118988776514, 6.151118988785575, 6.1511189887936135, 6.151118988784758, 6.15111898879786, 6.1511189887894835, 6.151118988780194, 6.151118988790706, 6.151118988774586, 6.151118988769844, 6.151118988781715, 6.151118988794946, 6.151118988827693, 6.151118988761207, 6.151118988803148, 6.151118988774543, 6.151118988778217, 6.151118988762929, 6.151118988826038, 6.151118988808451, 6.151118988790256, 6.1511189888051385, 6.151118988799559, 6.1511189888022235, 6.1511189888049325, 6.15111898881416, 6.151118988797572, 6.1511189887846776, 6.151118988808347, 6.151118988797608, 6.151118988795844, 6.151118988803427, 6.151118988772853, 6.151118988783893, 6.151118988779552, 6.151118988809693, 6.151118988809933, 6.151118988789193, 6.1511189887954405, 6.151118988766526, 6.158126886209828, 6.158126886201757, 6.158126886195363, 6.158126886211427, 6.158126886209923, 6.158126886217738, 6.15812688621254, 6.158126886199666, 6.158126886188629, 6.158126886208068, 6.158126886203282, 6.158126886204738, 6.158126886198713, 6.158126886220656, 6.158126886189589, 6.158126886220082, 6.158126886205746, 6.158126886196117, 6.158126886198608, 6.158126886215231, 6.158126886201912, 6.158126886206824, 6.1581268862095255, 6.158126886214136, 6.1581268862165235, 6.158126886217744, 6.15812688620788, 6.158126886196397, 6.15812688621357, 6.158126886203005, 6.158126886209825, 6.1581268862151015, 6.15812688620699, 6.158126886209641, 6.158126886218816, 6.158126886215223, 6.158126886210443, 6.158126886210223, 6.158126886216781, 6.1581268862144904, 6.158126886203365, 6.156531663348452, 6.1565316633549445, 6.1565316633286, 6.156531663349503, 6.15653166335244, 6.156531663354718, 6.156531663351312, 6.1565316633509966, 6.156531663323454, 6.156531663369274, 6.156531663364918, 6.156531663352964, 6.156531663333899, 6.156531663336744, 6.156531663345849, 6.156531663364139, 6.156531663366024, 6.156531663345988, 6.1565316633647456, 6.156531663331471, 6.156531663322674, 6.156531663344262, 6.156531663341795, 6.156531663348343, 6.1565316633500515, 6.156531663349967, 6.156531663332187, 6.156531663329775, 6.156531663363195, 6.1565316633316165, 6.156531663348446, 6.156531663359057, 6.156531663339482, 6.156531663370452, 6.156531663377283, 6.1565316633749525, 6.156531663337468, 6.156531663337353, 6.156531663370281, 6.156531663359924, 6.156531663366945, 6.157234632924599, 6.15723463293727, 6.157234632902114, 6.157234632919792, 6.157234632913455, 6.157234632911649, 6.1572346329128935, 6.157234632927069, 6.157234632912476, 6.157234632937019, 6.1572346329349, 6.157234632934415, 6.157234632913662, 6.1572346329102485, 6.1572346329309235, 6.157234632933685, 6.157234632949381, 6.1572346329291205, 6.157234632947609, 6.157234632910734, 6.157234632895751, 6.157234632921129, 6.157234632919537, 6.157234632915472, 6.157234632916501, 6.157234632915684, 6.1572346329111785, 6.15723463291178, 6.1572346329366185, 6.1572346329106695, 6.157234632924597, 6.15723463293305, 6.15723463291431, 6.157234632947634, 6.157234632952066, 6.15723463295274, 6.157234632917343, 6.157234632916644, 6.15723463294938, 6.157234632938159, 6.157234632940572, 6.1611656253683575, 6.16116562538132, 6.161165625353768, 6.161165625355151, 6.161165625349823, 6.161165625346316, 6.1611656253540215, 6.1611656253656895, 6.161165625372304, 6.161165625355191, 6.161165625356265, 6.161165625376768, 6.161165625360731, 6.161165625372404, 6.161165625374762, 6.161165625360321, 6.1611656253823375, 6.161165625369106, 6.161165625374685, 6.161165625377913, 6.161165625356285, 6.161165625371168, 6.161165625372731, 6.161165625358498, 6.161165625359148, 6.161165625358725, 6.161165625366465, 6.161165625360924, 6.161165625373032, 6.161165625358616, 6.161165625368364, 6.161165625366562, 6.1611656253595894, 6.161165625374575, 6.161165625377333, 6.161165625381203, 6.161165625379565, 6.161165625373717, 6.161165625379494, 6.161165625376019, 6.161165625357016, 6.16126223887932, 6.1612622388938965, 6.161262238879691, 6.161262238857612, 6.161262238877032, 6.161262238873483, 6.161262238884498, 6.161262238881783, 6.1612622388897815, 6.1612622388583596, 6.1612622388622516, 6.1612622388791705, 6.161262238869259, 6.161262238901271, 6.161262238882956, 6.161262238856701, 6.16126223887833, 6.161262238872041, 6.161262238867351, 6.16126223890808, 6.1612622388895195, 6.1612622388880345, 6.161262238891911, 6.1612622388790586, 6.161262238879503, 6.161262238880018, 6.161262238883656, 6.161262238871355, 6.161262238880783, 6.161262238868747, 6.161262238879318, 6.1612622388676614, 6.161262238874388, 6.161262238869282, 6.161262238871365, 6.161262238876726, 6.161262238905176, 6.161262238892241, 6.161262238871692, 6.161262238877788, 6.161262238843262, 6.162487277972024, 6.162487277989532, 6.162487277982143, 6.16248727794564, 6.162487277985146, 6.162487277981301, 6.162487277990451, 6.162487277984045, 6.1624872779816755, 6.162487277967926, 6.16248727797395, 6.162487277961518, 6.1624872779588, 6.1624872779917, 6.162487277974992, 6.162487277946443, 6.162487277967878, 6.162487277964207, 6.162487277959473, 6.162487278000534, 6.162487277987909, 6.162487277978597, 6.1624872779832085, 6.1624872779767355, 6.16248727797687, 6.162487277977708, 6.16248727797707, 6.162487277966442, 6.162487277970726, 6.162487277965684, 6.162487277972034, 6.16248727796012, 6.162487277974065, 6.162487277958781, 6.162487277960707, 6.162487277965943, 6.162487277992509, 6.16248727797932, 6.162487277959278, 6.162487277967491, 6.162487277936213, 6.166123768175488, 6.166123768190831, 6.166123768186235, 6.166123768154206, 6.16612376818023, 6.1661237681751135, 6.1661237681800305, 6.1661237681864804, 6.166123768182924, 6.166123768188547, 6.16612376819559, 6.1661237681605865, 6.1661237681648, 6.166123768174439, 6.166123768181152, 6.166123768156304, 6.166123768181265, 6.166123768175911, 6.166123768178004, 6.166123768186724, 6.16612376817657, 6.166123768175485, 6.166123768177375, 6.166123768174096, 6.166123768173637, 6.1661237681740655, 6.166123768179569, 6.166123768178947, 6.166123768169035, 6.166123768182052, 6.166123768175486, 6.166123768171296, 6.166123768184892, 6.166123768170309, 6.166123768172163, 6.166123768176709, 6.16612376817422, 6.166123768169776, 6.166123768174583, 6.166123768176252, 6.166123768164015, 6.167048525721691, 6.167048525728717, 6.167048525731971, 6.167048525714649, 6.167048525711304, 6.167048525704981, 6.167048525708344, 6.167048525722325, 6.167048525723267, 6.167048525733078, 6.167048525739695, 6.167048525711031, 6.167048525717324, 6.167048525701223, 6.16704852573401, 6.167048525711238, 6.167048525736141, 6.167048525728357, 6.167048525736947, 6.167048525711521, 6.167048525708526, 6.167048525721526, 6.167048525716711, 6.16704852571656, 6.167048525715398, 6.167048525716258, 6.167048525720217, 6.1670485257286725, 6.167048525713749, 6.16704852573663, 6.167048525721683, 6.1670485257217456, 6.167048525733068, 6.167048525725834, 6.167048525728033, 6.167048525731692, 6.16704852570159, 6.167048525705544, 6.167048525731928, 6.167048525726758, 6.167048525738525, 6.168252573052415, 6.1682525730499, 6.168252573065402, 6.168252573059675, 6.1682525730457485, 6.168252573039644, 6.168252573045635, 6.168252573045848, 6.168252573046213, 6.168252573047312, 6.168252573052848, 6.168252573050362, 6.168252573054145, 6.168252573030897, 6.16825257307302, 6.168252573049569, 6.168252573061144, 6.168252573054504, 6.168252573063995, 6.16825257303331, 6.16825257304284, 6.168252573059896, 6.168252573049726, 6.16825257305472, 6.168252573052968, 6.168252573056018, 6.168252573041949, 6.168252573049203, 6.168252573049141, 6.16825257306279, 6.168252573052416, 6.1682525730476145, 6.16825257305967, 6.168252573058662, 6.168252573062018, 6.168252573064305, 6.168252573030156, 6.168252573036598, 6.16825257305934, 6.1682525730543905, 6.168252573077934, 6.169797561627192, 6.16979756161766, 6.169797561637396, 6.169797561639637, 6.169797561634517, 6.169797561629779, 6.169797561637805, 6.169797561622552, 6.169797561623947, 6.169797561608043, 6.169797561612148, 6.169797561631392, 6.169797561635821, 6.169797561619781, 6.16979756165002, 6.169797561630717, 6.1697975616211, 6.169797561619367, 6.169797561624496, 6.169797561618425, 6.169797561629551, 6.1697975616380765, 6.169797561630742, 6.169797561635549, 6.169797561633604, 6.169797561638444, 6.169797561615116, 6.169797561613949, 6.169797561626528, 6.1697975616306975, 6.169797561627197, 6.169797561617204, 6.169797561632126, 6.1697975616271075, 6.169797561632144, 6.1697975616322465, 6.169797561614265, 6.169797561623206, 6.169797561624635, 6.16979756162458, 6.169797561637688, 6.170854394257444, 6.170854394245482, 6.170854394253191, 6.170854394265274, 6.170854394268097, 6.17085439426465, 6.17085439426959, 6.170854394260739, 6.170854394270302, 6.170854394240686, 6.170854394243369, 6.170854394262394, 6.170854394272729, 6.170854394261842, 6.170854394270978, 6.170854394265115, 6.170854394243271, 6.170854394244823, 6.170854394245138, 6.170854394266681, 6.170854394263058, 6.170854394259691, 6.170854394261672, 6.1708543942598295, 6.170854394258204, 6.170854394261836, 6.170854394255615, 6.170854394249234, 6.170854394251924, 6.170854394263152, 6.170854394257443, 6.170854394252196, 6.1708543942678045, 6.170854394248577, 6.170854394255031, 6.170854394252463, 6.170854394252121, 6.170854394266724, 6.170854394252718, 6.170854394255698, 6.170854394247628, 6.171922326907732, 6.171922326899149, 6.171922326889553, 6.171922326910442, 6.171922326913654, 6.171922326910646, 6.1719223269099075, 6.171922326919579, 6.171922326930312, 6.171922326907162, 6.171922326909422, 6.171922326911822, 6.171922326923654, 6.171922326910584, 6.171922326906098, 6.171922326914799, 6.171922326898206, 6.171922326896303, 6.171922326895832, 6.171922326922357, 6.171922326908777, 6.17192232689912, 6.17192232690696, 6.171922326903032, 6.171922326902008, 6.171922326902669, 6.1719223269150305, 6.171922326910609, 6.171922326898382, 6.17192232691764, 6.171922326907739, 6.171922326913659, 6.171922326924474, 6.1719223268959436, 6.171922326903172, 6.171922326898218, 6.171922326903394, 6.171922326919274, 6.171922326906994, 6.1719223269090815, 6.171922326893448, 6.174223065842728, 6.1742230658402235, 6.174223065827982, 6.174223065848625, 6.174223065847848, 6.174223065844715, 6.174223065842083, 6.174223065856209, 6.174223065852502, 6.174223065855114, 6.174223065858031, 6.174223065849983, 6.174223065850428, 6.174223065835765, 6.174223065830799, 6.17422306584399, 6.174223065843211, 6.174223065832569, 6.174223065834245, 6.174223065844359, 6.174223065841785, 6.174223065835601, 6.174223065838257, 6.174223065843425, 6.174223065842679, 6.174223065842059, 6.174223065846208, 6.174223065845606, 6.1742230658395165, 6.174223065847107, 6.174223065842733, 6.174223065855646, 6.1742230658567685, 6.174223065836757, 6.174223065844239, 6.1742230658381265, 6.17422306583792, 6.174223065844363, 6.174223065843409, 6.174223065843336, 6.174223065842072, 6.175801419607192, 6.1758014196064535, 6.175801419609893, 6.175801419620949, 6.175801419609711, 6.1758014196067865, 6.1758014196066995, 6.175801419610471, 6.175801419596453, 6.175801419616468, 6.175801419620319, 6.175801419620226, 6.175801419604926, 6.17580141959484, 6.175801419593292, 6.1758014196027915, 6.175801419614379, 6.175801419597896, 6.175801419598445, 6.175801419594669, 6.175801419606982, 6.175801419612518, 6.175801419603457, 6.17580141961669, 6.175801419615832, 6.175801419615743, 6.175801419603228, 6.175801419602698, 6.175801419612208, 6.175801419603118, 6.175801419607187, 6.175801419619667, 6.175801419611421, 6.1758014196089865, 6.175801419616406, 6.175801419610968, 6.175801419605553, 6.175801419599994, 6.175801419606986, 6.175801419605467, 6.175801419620472, 6.17705156489545, 6.17705156489147, 6.177051564910109, 6.17705156491029, 6.177051564887816, 6.177051564886213, 6.177051564888433, 6.177051564885624, 6.177051564880846, 6.177051564890821, 6.177051564895218, 6.177051564911075, 6.177051564890791, 6.17705156488729, 6.1770515648850965, 6.1770515648933735, 6.177051564904169, 6.177051564890323, 6.17705156488524, 6.177051564884254, 6.177051564893049, 6.177051564909763, 6.1770515648953825, 6.177051564900764, 6.177051564899829, 6.177051564899826, 6.177051564894247, 6.177051564890572, 6.177051564899512, 6.177051564892261, 6.177051564895444, 6.177051564903121, 6.177051564892194, 6.177051564899549, 6.177051564906836, 6.177051564902968, 6.1770515649003, 6.17705156489176, 6.1770515648971696, 6.177051564895017, 6.177051564907738, 6.178545762367172, 6.178545762363232, 6.178545762378564, 6.178545762371632, 6.178545762357594, 6.178545762357906, 6.178545762359312, 6.178545762358609, 6.178545762364542, 6.17854576235707, 6.17854576236129, 6.178545762379725, 6.1785457623660855, 6.178545762366511, 6.178545762362457, 6.1785457623752125, 6.178545762375173, 6.178545762367593, 6.178545762359632, 6.178545762367796, 6.178545762363165, 6.178545762379474, 6.178545762372275, 6.178545762360603, 6.178545762359952, 6.178545762358987, 6.178545762373763, 6.178545762368107, 6.178545762365824, 6.178545762368702, 6.178545762367166, 6.178545762367431, 6.178545762361965, 6.178545762368673, 6.178545762376106, 6.1785457623727975, 6.178545762378688, 6.178545762373883, 6.178545762370804, 6.178545762369333, 6.1785457623675, 6.179420176809924, 6.179420176813215, 6.179420176809895, 6.179420176800082, 6.1794201768151416, 6.179420176816113, 6.1794201768155315, 6.1794201768175965, 6.179420176816431, 6.179420176808743, 6.1794201768118375, 6.1794201768155395, 6.179420176809596, 6.179420176812383, 6.179420176808994, 6.179420176824763, 6.179420176817304, 6.179420176812025, 6.179420176807544, 6.179420176817131, 6.179420176811173, 6.17942017681489, 6.179420176819663, 6.179420176800807, 6.17942017680067, 6.179420176798642, 6.17942017681722, 6.17942017681362, 6.179420176808768, 6.1794201768094545, 6.179420176809929, 6.179420176802286, 6.179420176805648, 6.179420176807896, 6.179420176815418, 6.1794201768112895, 6.179420176825267, 6.179420176820824, 6.179420176809499, 6.179420176810413, 6.179420176801774, 6.180462133707467, 6.180462133717121, 6.18046213369881, 6.180462133691066, 6.180462133721972, 6.180462133720889, 6.180462133720182, 6.1804621337243315, 6.180462133712436, 6.180462133711971, 6.180462133712372, 6.180462133706019, 6.180462133703464, 6.180462133707118, 6.180462133704228, 6.180462133716773, 6.180462133715993, 6.180462133708441, 6.1804621337075005, 6.180462133710344, 6.18046213371552, 6.180462133707745, 6.180462133717997, 6.180462133705451, 6.1804621337056584, 6.180462133702507, 6.180462133711317, 6.180462133712794, 6.180462133709465, 6.180462133703501, 6.180462133707463, 6.1804621336964995, 6.180462133705435, 6.180462133702662, 6.180462133709474, 6.180462133704803, 6.180462133722013, 6.180462133713187, 6.18046213370107, 6.180462133703754, 6.1804621337026, 6.182477630371938, 6.182477630378462, 6.182477630363491, 6.182477630359997, 6.1824776303767095, 6.182477630372146, 6.182477630372731, 6.18247763037757, 6.182477630371142, 6.1824776303694735, 6.182477630366358, 6.1824776303650335, 6.1824776303647395, 6.182477630366304, 6.182477630362144, 6.182477630368099, 6.182477630382591, 6.182477630372876, 6.182477630370926, 6.182477630366317, 6.182477630378634, 6.18247763037275, 6.182477630378072, 6.182477630375116, 6.182477630375396, 6.182477630371075, 6.182477630375696, 6.182477630381365, 6.1824776303733335, 6.182477630370958, 6.1824776303719435, 6.182477630365199, 6.182477630372345, 6.182477630366319, 6.182477630371645, 6.182477630367878, 6.182477630380791, 6.182477630369884, 6.182477630366056, 6.182477630367413, 6.182477630377507, 6.183975154007301, 6.183975154004367, 6.183975154007984, 6.183975154003807, 6.183975154005179, 6.183975153998691, 6.183975153999956, 6.18397515399456, 6.183975154002057, 6.183975153999991, 6.18397515399513, 6.183975153996931, 6.18397515400038, 6.1839751539987935, 6.183975153996012, 6.183975153996374, 6.183975154017493, 6.183975154008036, 6.183975154005002, 6.183975153998188, 6.18397515400567, 6.183975154011774, 6.183975154008141, 6.183975154010481, 6.183975154010606, 6.183975154006354, 6.183975154011283, 6.1839751540162275, 6.183975154006705, 6.183975154010105, 6.183975154007292, 6.183975154007563, 6.1839751540074, 6.183975154004607, 6.183975154008883, 6.183975154006296, 6.183975154008208, 6.183975154001331, 6.18397515400827, 6.183975154006489, 6.183975154018824, 6.185519045686322, 6.185519045677167, 6.185519045695032, 6.1855190456870845, 6.185519045693808, 6.185519045687867, 6.185519045688605, 6.185519045667358, 6.18551904568207, 6.185519045685568, 6.185519045681712, 6.185519045674969, 6.185519045683539, 6.185519045679105, 6.18551904568284, 6.185519045680809, 6.185519045692106, 6.185519045684729, 6.185519045684587, 6.185519045681436, 6.1855190456782205, 6.185519045691873, 6.185519045685927, 6.185519045687759, 6.185519045687604, 6.18551904568517, 6.185519045686956, 6.185519045687727, 6.1855190456862035, 6.18551904568743, 6.185519045686337, 6.185519045689873, 6.1855190456836935, 6.185519045687727, 6.185519045692193, 6.185519045689585, 6.185519045681955, 6.18551904568176, 6.185519045693366, 6.185519045689748, 6.18551904569371, 6.186834813213649, 6.18683481320589, 6.186834813217182, 6.186834813213364, 6.18683481322727, 6.1868348132221165, 6.186834813222603, 6.186834813203634, 6.186834813219936, 6.186834813219278, 6.186834813217037, 6.1868348132042215, 6.186834813218117, 6.186834813209752, 6.18683481322016, 6.186834813218503, 6.186834813214687, 6.186834813209733, 6.186834813212944, 6.186834813215698, 6.186834813205761, 6.186834813213103, 6.18683481321607, 6.186834813213608, 6.186834813213231, 6.1868348132128395, 6.1868348132110995, 6.186834813209878, 6.18683481321407, 6.1868348132123385, 6.186834813213653, 6.186834813216646, 6.186834813210334, 6.186834813214847, 6.186834813220021, 6.186834813216308, 6.186834813209867, 6.186834813213312, 6.186834813221143, 6.186834813218237, 6.18683481321274, 6.187648310179638, 6.187648310177491, 6.187648310169782, 6.187648310178195, 6.187648310182542, 6.187648310176718, 6.187648310178891, 6.187648310181913, 6.187648310198493, 6.1876483101825, 6.187648310180616, 6.187648310174398, 6.187648310189785, 6.187648310177892, 6.187648310190164, 6.1876483101878526, 6.187648310178524, 6.187648310174863, 6.187648310178, 6.187648310184722, 6.187648310176704, 6.187648310170184, 6.187648310185586, 6.1876483101805135, 6.187648310179915, 6.187648310180603, 6.1876483101767805, 6.187648310177579, 6.187648310178932, 6.187648310179416, 6.187648310179634, 6.187648310181551, 6.187648310178606, 6.187648310176026, 6.187648310181617, 6.187648310176875, 6.187648310180012, 6.187648310181676, 6.187648310182834, 6.1876483101820385, 6.1876483101747475, 6.188569600845621, 6.1885696008475115, 6.188569600832409, 6.188569600846942, 6.188569600839379, 6.188569600831997, 6.188569600837226, 6.188569600851609, 6.188569600863528, 6.188569600844823, 6.188569600842831, 6.188569600844916, 6.188569600854297, 6.1885696008438655, 6.188569600854365, 6.188569600847766, 6.188569600844157, 6.188569600839906, 6.188569600841339, 6.1885696008487265, 6.1885696008475914, 6.188569600833729, 6.188569600853193, 6.188569600851147, 6.1885696008502284, 6.188569600851535, 6.188569600842184, 6.188569600844979, 6.188569600844646, 6.188569600846327, 6.188569600845618, 6.188569600847482, 6.188569600845472, 6.188569600838963, 6.1885696008445965, 6.188569600839455, 6.188569600848352, 6.1885696008454785, 6.188569600844208, 6.188569600844996, 6.188569600842347, 6.190300100812047, 6.1903001008129666, 6.1903001008104885, 6.190300100818139, 6.19030010081204, 6.190300100803674, 6.19030010081065, 6.190300100811445, 6.1903001008154215, 6.190300100815572, 6.190300100814021, 6.190300100814035, 6.190300100813239, 6.190300100809271, 6.190300100817451, 6.190300100806104, 6.190300100810717, 6.190300100805689, 6.190300100806788, 6.190300100812987, 6.190300100813106, 6.190300100805228, 6.190300100818384, 6.190300100820016, 6.190300100818842, 6.190300100820589, 6.190300100807699, 6.19030010080951, 6.19030010081125, 6.190300100812961, 6.190300100812043, 6.190300100815149, 6.190300100809948, 6.1903001008076135, 6.190300100813165, 6.190300100808133, 6.1903001008122525, 6.190300100808345, 6.19030010081122, 6.190300100811541, 6.190300100811379, 6.191648017545813, 6.191648017542681, 6.191648017555484, 6.191648017554359, 6.191648017553035, 6.191648017544498, 6.191648017551013, 6.191648017537289, 6.191648017538305, 6.19164801755544, 6.1916480175540425, 6.191648017548014, 6.191648017540568, 6.191648017542399, 6.191648017548435, 6.191648017536616, 6.19164801754559, 6.191648017541596, 6.191648017543483, 6.191648017547553, 6.191648017539703, 6.191648017543719, 6.191648017549169, 6.191648017547906, 6.191648017546711, 6.191648017548089, 6.191648017544288, 6.191648017544607, 6.191648017542414, 6.191648017550431, 6.1916480175458055, 6.191648017550674, 6.19164801754271, 6.191648017544635, 6.191648017550159, 6.191648017545339, 6.191648017541406, 6.1916480175420485, 6.191648017551293, 6.191648017549262, 6.191648017546142, 6.193249815462885, 6.193249815458716, 6.1932498154706215, 6.193249815470013, 6.193249815467337, 6.193249815458905, 6.193249815465048, 6.193249815455828, 6.1932498154563085, 6.193249815470463, 6.193249815467885, 6.193249815465057, 6.193249815456188, 6.19324981546002, 6.19324981546484, 6.193249815455751, 6.193249815464245, 6.193249815462025, 6.193249815464465, 6.1932498154656095, 6.193249815452925, 6.193249815460845, 6.193249815465798, 6.193249815458125, 6.193249815457102, 6.193249815457599, 6.193249815465364, 6.193249815466466, 6.193249815456488, 6.193249815471772, 6.193249815462886, 6.1932498154661255, 6.193249815460958, 6.193249815461546, 6.1932498154671825, 6.193249815462159, 6.193249815458569, 6.19324981546213, 6.193249815471735, 6.1932498154684925, 6.193249815463625, 6.195239188743946, 6.195239188744272, 6.195239188741954, 6.195239188747584, 6.195239188744994, 6.195239188737017, 6.195239188744538, 6.195239188747931, 6.195239188741228, 6.195239188743511, 6.1952391887395555, 6.19523918874695, 6.195239188738226, 6.195239188742177, 6.195239188748228, 6.195239188741098, 6.195239188745905, 6.195239188743308, 6.195239188746386, 6.195239188745235, 6.195239188740238, 6.195239188740813, 6.19523918875094, 6.195239188741689, 6.195239188740964, 6.195239188741079, 6.195239188745184, 6.195239188748145, 6.195239188739434, 6.195239188750271, 6.195239188743955, 6.195239188740495, 6.195239188742419, 6.195239188740354, 6.195239188746411, 6.195239188740471, 6.195239188746016, 6.195239188745095, 6.19523918874725, 6.195239188745929, 6.195239188744826, 6.1967460915044, 6.196746091509319, 6.196746091496496, 6.196746091505142, 6.196746091507232, 6.196746091500379, 6.196746091508615, 6.196746091517543, 6.1967460915024315, 6.196746091499909, 6.19674609149541, 6.196746091506446, 6.196746091499592, 6.196746091503082, 6.1967460915105725, 6.196746091505794, 6.196746091506607, 6.196746091502034, 6.196746091505995, 6.196746091503732, 6.1967460915078405, 6.1967460915018995, 6.19674609151491, 6.196746091508382, 6.196746091508104, 6.196746091508043, 6.196746091501834, 6.196746091505275, 6.196746091504331, 6.196746091504455, 6.196746091504394, 6.196746091496021, 6.196746091502368, 6.196746091500436, 6.1967460915069745, 6.196746091499977, 6.1967460915125745, 6.196746091505686, 6.196746091501461, 6.196746091502287, 6.196746091505125, 6.198714033634426, 6.198714033638317, 6.198714033628327, 6.198714033634229, 6.1987140336377, 6.198714033632285, 6.198714033637875, 6.198714033645315, 6.198714033632788, 6.198714033633431, 6.1987140336289235, 6.198714033631722, 6.198714033630863, 6.1987140336327275, 6.198714033637488, 6.198714033638604, 6.198714033638107, 6.198714033632914, 6.198714033636796, 6.198714033633525, 6.198714033634232, 6.198714033633321, 6.1987140336424105, 6.198714033637057, 6.198714033637371, 6.198714033636173, 6.198714033632867, 6.198714033634957, 6.198714033635103, 6.198714033633391, 6.198714033634432, 6.198714033630114, 6.198714033633752, 6.198714033632961, 6.198714033639718, 6.198714033632411, 6.198714033642758, 6.198714033636211, 6.1987140336348405, 6.198714033634329, 6.198714033635729, 6.20047158458592, 6.200471584584782, 6.200471584586882, 6.200471584587091, 6.20047158458747, 6.200471584583192, 6.200471584585028, 6.200471584586291, 6.2004715845837755, 6.200471584589896, 6.20047158458553, 6.200471584577718, 6.200471584584115, 6.200471584584227, 6.200471584582398, 6.200471584589406, 6.200471584590759, 6.200471584586413, 6.200471584588346, 6.200471584585938, 6.200471584576835, 6.200471584587094, 6.200471584588298, 6.200471584583669, 6.200471584584562, 6.200471584581913, 6.200471584588478, 6.200471584588133, 6.200471584584749, 6.200471584587494, 6.20047158458592, 6.200471584590529, 6.20047158458745, 6.200471584587705, 6.200471584594372, 6.200471584587429, 6.200471584591408, 6.200471584588442, 6.200471584594301, 6.200471584590824, 6.20047158458804, 6.202020035866326, 6.202020035862593, 6.202020035873127, 6.202020035869492, 6.202020035868555, 6.202020035864605, 6.202020035865547, 6.20202003585975, 6.202020035861623, 6.202020035870393, 6.202020035866005, 6.202020035856334, 6.202020035866406, 6.202020035865282, 6.2020200358586175, 6.20202003586614, 6.202020035870164, 6.202020035865836, 6.202020035864973, 6.202020035866141, 6.202020035856279, 6.202020035870382, 6.202020035866927, 6.202020035866522, 6.202020035867683, 6.202020035864776, 6.202020035869253, 6.202020035866959, 6.202020035865782, 6.202020035867038, 6.202020035866326, 6.202020035875157, 6.20202003586826, 6.202020035869393, 6.202020035876003, 6.202020035869195, 6.202020035872043, 6.202020035868137, 6.202020035875567, 6.202020035871773, 6.202020035868592, 6.20410245915104, 6.204102459149638, 6.204102459155239, 6.204102459154059, 6.2041024591539795, 6.204102459149619, 6.204102459151768, 6.204102459148049, 6.204102459147596, 6.204102459151675, 6.204102459146847, 6.204102459143108, 6.20410245915422, 6.204102459149725, 6.204102459144289, 6.204102459149003, 6.204102459153276, 6.2041024591488645, 6.2041024591466805, 6.204102459148873, 6.20410245914738, 6.204102459154561, 6.204102459154207, 6.204102459157302, 6.20410245915839, 6.20410245915625, 6.2041024591514065, 6.20410245914966, 6.204102459152526, 6.204102459149148, 6.204102459151035, 6.20410245915751, 6.204102459153047, 6.204102459152752, 6.2041024591594525, 6.204102459152001, 6.204102459159373, 6.204102459151503, 6.204102459154399, 6.204102459152625, 6.20410245915394, 6.206354761036092, 6.206354761038218, 6.206354761031887, 6.2063547610368275, 6.20635476103812, 6.206354761033095, 6.206354761035494, 6.206354761041921, 6.206354761039925, 6.206354761036014, 6.206354761030576, 6.206354761031034, 6.206354761043179, 6.206354761033271, 6.206354761033962, 6.206354761037169, 6.206354761037865, 6.206354761035459, 6.2063547610345555, 6.206354761032165, 6.206354761035767, 6.2063547610349925, 6.206354761041504, 6.206354761041469, 6.206354761042377, 6.206354761040919, 6.2063547610360335, 6.206354761036685, 6.206354761037029, 6.206354761035469, 6.206354761036094, 6.206354761038739, 6.2063547610396945, 6.206354761035705, 6.206354761042527, 6.206354761034161, 6.206354761044351, 6.206354761036743, 6.206354761036208, 6.206354761035421, 6.206354761040591, 6.20859685897389, 6.208596858976129, 6.208596858967764, 6.208596858974682, 6.208596858978457, 6.208596858972904, 6.208596858975021, 6.208596858982499, 6.208596858981393, 6.208596858976733, 6.2085968589713145, 6.208596858971292, 6.208596858981875, 6.208596858970269, 6.208596858977296, 6.20859685897882, 6.208596858975048, 6.208596858975433, 6.2085968589764216, 6.208596858970143, 6.208596858971263, 6.208596858970781, 6.20859685897932, 6.208596858973645, 6.208596858974376, 6.208596858973617, 6.208596858975102, 6.208596858976986, 6.208596858972707, 6.208596858976425, 6.208596858973878, 6.208596858974125, 6.208596858978115, 6.208596858972564, 6.208596858979468, 6.208596858970686, 6.208596858978876, 6.208596858975661, 6.2085968589759, 6.208596858974411, 6.208596858979036, 6.21092197904052, 6.210921979039882, 6.210921979042165, 6.2109219790464465, 6.210921979049288, 6.210921979042959, 6.210921979046421, 6.210921979042632, 6.210921979042201, 6.2109219790445565, 6.210921979039836, 6.210921979040713, 6.210921979044531, 6.210921979037171, 6.210921979047066, 6.210921979043723, 6.210921979040368, 6.210921979041344, 6.210921979042058, 6.210921979037338, 6.210921979035664, 6.210921979041603, 6.210921979044968, 6.210921979038942, 6.210921979039533, 6.210921979039634, 6.210921979041919, 6.210921979043405, 6.2109219790388535, 6.210921979043707, 6.210921979040523, 6.210921979039592, 6.210921979042642, 6.210921979038851, 6.2109219790456445, 6.210921979037229, 6.210921979042804, 6.210921979041875, 6.210921979044576, 6.21092197904239, 6.2109219790454695, 6.213109575090684, 6.213109575088797, 6.213109575098017, 6.2131095751022425, 6.213109575096424, 6.213109575088711, 6.213109575094126, 6.213109575085862, 6.2131095750862295, 6.213109575093092, 6.21310957508882, 6.213109575093858, 6.213109575089684, 6.213109575086954, 6.213109575095616, 6.213109575087557, 6.213109575090458, 6.21310957509024, 6.213109575088961, 6.213109575086435, 6.213109575085827, 6.213109575095969, 6.213109575093755, 6.213109575091652, 6.213109575092203, 6.213109575092522, 6.213109575092117, 6.213109575094032, 6.213109575089594, 6.213109575093192, 6.213109575090682, 6.213109575090058, 6.213109575091276, 6.2131095750877305, 6.213109575094272, 6.213109575086462, 6.213109575092743, 6.213109575090499, 6.213109575094677, 6.213109575092339, 6.2131095750965954, 6.215430431697045, 6.215430431697849, 6.215430431700755, 6.215430431708455, 6.2154304316969124, 6.215430431688239, 6.215430431693752, 6.215430431693751, 6.215430431694227, 6.21543043170027, 6.215430431696079, 6.215430431701839, 6.215430431694489, 6.215430431692708, 6.215430431698661, 6.215430431690426, 6.215430431697542, 6.215430431696685, 6.215430431695069, 6.215430431692731, 6.21543043169258, 6.215430431701115, 6.215430431699001, 6.215430431698805, 6.215430431699681, 6.215430431699462, 6.2154304316993905, 6.215430431702378, 6.215430431696145, 6.215430431699296, 6.215430431697047, 6.215430431697263, 6.215430431698506, 6.215430431692637, 6.215430431699084, 6.215430431691197, 6.215430431700351, 6.215430431696995, 6.215430431700683, 6.215430431698467, 6.2154304317028695, 6.217977567929698, 6.217977567934204, 6.217977567927268, 6.217977567935929, 6.217977567932179, 6.217977567924278, 6.217977567928049, 6.217977567933387, 6.2179775679314995, 6.2179775679370195, 6.217977567933215, 6.217977567934554, 6.217977567929008, 6.2179775679263365, 6.217977567930999, 6.217977567926183, 6.21797756792919, 6.217977567928775, 6.2179775679293705, 6.217977567928862, 6.217977567925406, 6.21797756793048, 6.2179775679322224, 6.217977567930452, 6.217977567931914, 6.217977567931488, 6.217977567931719, 6.217977567933979, 6.217977567929268, 6.217977567930604, 6.217977567929696, 6.217977567929207, 6.217977567931369, 6.217977567925816, 6.217977567932486, 6.217977567923661, 6.217977567934721, 6.217977567932066, 6.217977567933553, 6.21797756793193, 6.217977567931281, 6.220430831616815, 6.220430831622627, 6.2204308316124335, 6.220430831619019, 6.2204308316244, 6.220430831618157, 6.220430831620539, 6.220430831623078, 6.220430831620534, 6.22043083162508, 6.220430831621591, 6.220430831621797, 6.220430831619027, 6.220430831614581, 6.220430831619888, 6.220430831618407, 6.220430831614375, 6.220430831615024, 6.220430831617185, 6.220430831619005, 6.22043083161239, 6.220430831616914, 6.220430831620556, 6.220430831617001, 6.220430831619133, 6.220430831618965, 6.220430831616895, 6.220430831617109, 6.220430831617257, 6.220430831615824, 6.220430831616819, 6.22043083161493, 6.2204308316168655, 6.220430831615432, 6.220430831622273, 6.2204308316126005, 6.220430831623521, 6.2204308316214885, 6.220430831621178, 6.2204308316200345, 6.220430831614623, 6.223012893746169, 6.223012893750803, 6.223012893742996, 6.223012893748248, 6.223012893749798, 6.223012893744424, 6.223012893746648, 6.223012893747244, 6.223012893749221, 6.223012893749955, 6.223012893745938, 6.22301289375137, 6.223012893749943, 6.223012893742764, 6.223012893748817, 6.22301289374891, 6.2230128937436255, 6.223012893745746, 6.223012893746554, 6.223012893746461, 6.223012893740903, 6.223012893747854, 6.223012893749075, 6.223012893746372, 6.223012893748955, 6.223012893748771, 6.223012893745235, 6.223012893744829, 6.223012893746845, 6.223012893745279, 6.223012893746163, 6.223012893744992, 6.22301289374548, 6.22301289374699, 6.223012893753624, 6.223012893743979, 6.223012893753542, 6.2230128937507505, 6.223012893751197, 6.223012893749409, 6.223012893746296, 6.225499942856366, 6.225499942858933, 6.225499942856406, 6.225499942859012, 6.2254999428551505, 6.225499942849782, 6.225499942852321, 6.225499942851334, 6.225499942856973, 6.2254999428565965, 6.2254999428516715, 6.225499942859531, 6.225499942858654, 6.225499942851085, 6.225499942856348, 6.225499942856547, 6.225499942854939, 6.22549994285769, 6.22549994285669, 6.225499942853542, 6.225499942850398, 6.225499942859611, 6.22549994285659, 6.225499942857199, 6.225499942860114, 6.225499942859627, 6.225499942856456, 6.225499942856724, 6.225499942856745, 6.225499942856566, 6.225499942856368, 6.225499942857192, 6.225499942856748, 6.225499942857583, 6.225499942863866, 6.225499942854598, 6.225499942862904, 6.22549994285881, 6.225499942861775, 6.225499942859128, 6.225499942860304, 6.22789946135648, 6.22789946135754, 6.227899461360075, 6.2278994613569605, 6.227899461359588, 6.227899461354708, 6.227899461356929, 6.227899461352046, 6.22789946135495, 6.227899461358149, 6.227899461352624, 6.227899461354976, 6.2278994613554435, 6.227899461350963, 6.22789946135476, 6.227899461354865, 6.227899461355282, 6.227899461357642, 6.227899461357354, 6.227899461354101, 6.227899461350771, 6.22789946135941, 6.227899461354483, 6.227899461357901, 6.227899461361133, 6.2278994613607255, 6.227899461358399, 6.2278994613593275, 6.227899461356649, 6.227899461356811, 6.227899461356483, 6.227899461357845, 6.227899461358424, 6.227899461356623, 6.2278994613628305, 6.227899461353358, 6.227899461361253, 6.227899461356851, 6.227899461361745, 6.227899461359224, 6.227899461359772, 6.230230804110307, 6.2302308041115, 6.230230804113593, 6.230230804107439, 6.230230804117787, 6.230230804113827, 6.230230804115156, 6.2302308041119066, 6.230230804110716, 6.230230804114407, 6.230230804108292, 6.230230804105857, 6.230230804108115, 6.230230804104668, 6.230230804108962, 6.23023080410981, 6.230230804108875, 6.230230804111756, 6.230230804113542, 6.230230804108749, 6.23023080410552, 6.230230804110531, 6.230230804107739, 6.230230804110751, 6.230230804114157, 6.230230804114215, 6.230230804113135, 6.230230804115048, 6.230230804110368, 6.230230804110588, 6.230230804110315, 6.230230804110392, 6.23023080411352, 6.2302308041093655, 6.230230804115612, 6.230230804105602, 6.2302308041140355, 6.230230804110132, 6.230230804114798, 6.230230804112808, 6.230230804112312, 6.232665591234111, 6.232665591236142, 6.232665591234978, 6.232665591231205, 6.232665591237816, 6.23266559123463, 6.232665591235441, 6.232665591238904, 6.232665591238393, 6.2326655912370414, 6.23266559123062, 6.232665591232051, 6.232665591233978, 6.232665591227163, 6.232665591234062, 6.232665591235637, 6.2326655912325295, 6.2326655912374935, 6.23266559123948, 6.232665591230471, 6.232665591230614, 6.232665591232068, 6.232665591232381, 6.2326655912331805, 6.232665591236537, 6.232665591237346, 6.232665591235492, 6.232665591238318, 6.232665591234488, 6.232665591234279, 6.23266559123411, 6.232665591232391, 6.232665591237096, 6.232665591233589, 6.232665591239687, 6.232665591229525, 6.232665591238777, 6.2326655912347535, 6.23266559123706, 6.232665591235237, 6.23266559123814, 6.235132225849716, 6.235132225850958, 6.235132225852117, 6.235132225850346, 6.235132225849819, 6.235132225847494, 6.2351322258484405, 6.235132225850956, 6.235132225854153, 6.235132225849813, 6.235132225844452, 6.235132225852754, 6.235132225851322, 6.235132225842997, 6.235132225850502, 6.235132225851853, 6.2351322258468835, 6.235132225853326, 6.235132225853521, 6.235132225845429, 6.23513222584712, 6.235132225848564, 6.235132225848965, 6.235132225849005, 6.235132225852276, 6.2351322258540325, 6.235132225848694, 6.235132225850549, 6.235132225850959, 6.235132225848732, 6.235132225849719, 6.2351322258469715, 6.235132225850516, 6.235132225850757, 6.235132225856631, 6.235132225846899, 6.235132225856323, 6.235132225851724, 6.235132225851736, 6.235132225850142, 6.235132225854153, 6.237561300851711, 6.237561300851321, 6.237561300857082, 6.237561300854943, 6.23756130085325, 6.237561300851545, 6.237561300852077, 6.2375613008484265, 6.237561300854145, 6.237561300852321, 6.237561300848992, 6.237561300857533, 6.2375613008524144, 6.237561300847729, 6.237561300851744, 6.237561300852733, 6.237561300847177, 6.237561300853584, 6.237561300852485, 6.237561300850853, 6.237561300848313, 6.237561300851572, 6.237561300850157, 6.237561300850832, 6.237561300854118, 6.237561300856405, 6.237561300851094, 6.237561300850836, 6.2375613008532005, 6.23756130084976, 6.2375613008517075, 6.237561300850016, 6.237561300851359, 6.237561300853485, 6.237561300859203, 6.237561300850025, 6.237561300858845, 6.237561300855006, 6.237561300855073, 6.237561300853787, 6.237561300852142, 6.239970886828486, 6.239970886828714, 6.239970886831689, 6.239970886831241, 6.239970886830395, 6.23997088682846, 6.239970886828299, 6.239970886825877, 6.2399708868312525, 6.239970886832599, 6.239970886830655, 6.239970886834254, 6.239970886827026, 6.239970886826511, 6.239970886826942, 6.239970886827678, 6.23997088682367, 6.239970886829908, 6.239970886828817, 6.2399708868306085, 6.239970886824365, 6.239970886826329, 6.2399708868249, 6.239970886826399, 6.239970886829604, 6.239970886831806, 6.239970886830715, 6.239970886830079, 6.239970886829469, 6.239970886826685, 6.239970886828478, 6.239970886828866, 6.239970886829868, 6.239970886829259, 6.239970886834853, 6.239970886825983, 6.239970886834998, 6.239970886832272, 6.239970886833028, 6.23997088683207, 6.2399708868255255, 6.242422019914871, 6.242422019917312, 6.242422019913652, 6.242422019917019, 6.2424220199155664, 6.242422019913433, 6.2424220199136435, 6.242422019915824, 6.242422019918155, 6.24242201992004, 6.242422019918584, 6.242422019920739, 6.242422019911891, 6.24242201991218, 6.242422019913762, 6.242422019912925, 6.2424220199105775, 6.24242201991694, 6.24242201991608, 6.242422019916158, 6.242422019912974, 6.242422019910932, 6.242422019910858, 6.24242201991374, 6.242422019916655, 6.242422019919205, 6.242422019917613, 6.2424220199183855, 6.242422019916143, 6.242422019912567, 6.242422019914869, 6.242422019914972, 6.24242201991734, 6.242422019914166, 6.242422019919611, 6.242422019910854, 6.242422019921523, 6.242422019917718, 6.242422019917153, 6.242422019916936, 6.242422019912192, 6.244975727748876, 6.244975727751269, 6.24497572774709, 6.24497572775204, 6.24497572775048, 6.2449757277489075, 6.244975727750201, 6.244975727750314, 6.244975727750969, 6.244975727751194, 6.244975727749893, 6.244975727755923, 6.244975727746472, 6.244975727744711, 6.2449757277506865, 6.244975727747699, 6.244975727744523, 6.244975727751201, 6.24497572775016, 6.24497572774803, 6.244975727749403, 6.2449757277463425, 6.24497572774609, 6.24497572774939, 6.244975727751898, 6.2449757277555324, 6.2449757277495825, 6.244975727751215, 6.244975727750923, 6.244975727745717, 6.244975727748881, 6.244975727746477, 6.244975727749862, 6.244975727747844, 6.244975727753057, 6.244975727744687, 6.2449757277558495, 6.244975727750603, 6.244975727748507, 6.244975727748804, 6.2449757277479625, 6.2475681017870555, 6.247568101786869, 6.247568101786995, 6.247568101790702, 6.247568101789231, 6.247568101788539, 6.247568101789502, 6.247568101785525, 6.24756810178935, 6.247568101786994, 6.247568101785704, 6.247568101794443, 6.247568101787206, 6.247568101782561, 6.247568101790883, 6.247568101787896, 6.247568101782715, 6.247568101790179, 6.2475681017886755, 6.247568101785486, 6.247568101785797, 6.24756810178635, 6.247568101784127, 6.247568101785188, 6.24756810178734, 6.247568101791812, 6.247568101787624, 6.2475681017888345, 6.247568101788492, 6.247568101785012, 6.247568101787059, 6.247568101783918, 6.247568101786907, 6.247568101786714, 6.247568101791683, 6.247568101784155, 6.247568101792816, 6.2475681017889695, 6.24756810178834, 6.247568101787774, 6.2475681017873885, 6.2501162016133405, 6.250116201611556, 6.250116201614708, 6.250116201615682, 6.250116201614447, 6.250116201614384, 6.25011620161396, 6.250116201610256, 6.250116201617146, 6.250116201613471, 6.250116201612191, 6.250116201619114, 6.25011620161518, 6.250116201609273, 6.2501162016157314, 6.2501162016145475, 6.250116201610051, 6.250116201617078, 6.2501162016148655, 6.250116201612426, 6.250116201609603, 6.250116201613378, 6.250116201609101, 6.250116201609225, 6.250116201611091, 6.250116201615705, 6.250116201615754, 6.250116201616288, 6.250116201613567, 6.250116201613083, 6.250116201613341, 6.250116201611734, 6.250116201613749, 6.250116201613282, 6.250116201617993, 6.250116201611555, 6.250116201617952, 6.250116201615321, 6.250116201617164, 6.250116201615744, 6.250116201613537, 6.252591613022168, 6.2525916130217345, 6.252591613024815, 6.2525916130227, 6.252591613022942, 6.252591613023674, 6.252591613022421, 6.252591613021471, 6.252591613025653, 6.252591613023271, 6.252591613022324, 6.252591613025681, 6.252591613023229, 6.252591613017964, 6.252591613021288, 6.252591613021615, 6.25259161302049, 6.252591613024704, 6.252591613021997, 6.252591613021733, 6.252591613020182, 6.252591613023109, 6.252591613017716, 6.252591613021434, 6.252591613023057, 6.252591613027724, 6.252591613024584, 6.252591613024977, 6.252591613022459, 6.252591613021641, 6.252591613022161, 6.252591613021628, 6.252591613022908, 6.2525916130213695, 6.252591613025901, 6.252591613020354, 6.252591613027654, 6.25259161302237, 6.252591613024398, 6.252591613023796, 6.252591613021151, 6.254852829380678, 6.254852829382675, 6.254852829382717, 6.254852829379516, 6.254852829380872, 6.254852829382269, 6.254852829380013, 6.254852829382883, 6.254852829383258, 6.254852829383177, 6.254852829382347, 6.254852829383042, 6.254852829381365, 6.254852829375762, 6.254852829377814, 6.254852829379723, 6.254852829380398, 6.254852829382459, 6.254852829379747, 6.25485282937986, 6.254852829380738, 6.254852829381661, 6.254852829376649, 6.254852829382795, 6.254852829384109, 6.254852829388768, 6.254852829381927, 6.254852829382348, 6.254852829381323, 6.254852829379607, 6.2548528293806855, 6.254852829380535, 6.254852829381429, 6.254852829379573, 6.25485282938383, 6.2548528293791605, 6.254852829387069, 6.254852829379649, 6.254852829380899, 6.254852829381118, 6.254852829379296, 6.256993788013704, 6.256993788015879, 6.256993788013815, 6.25699378801141, 6.256993788013557, 6.2569937880150475, 6.256993788011428, 6.256993788015365, 6.2569937880159845, 6.256993788016955, 6.256993788015355, 6.256993788016568, 6.256993788016104, 6.25699378800891, 6.2569937880117195, 6.2569937880149675, 6.256993788013932, 6.256993788015593, 6.2569937880130535, 6.256993788012905, 6.2569937880120285, 6.256993788013624, 6.256993788009721, 6.256993788013181, 6.256993788014124, 6.256993788018698, 6.256993788015022, 6.2569937880146, 6.2569937880138395, 6.256993788013373, 6.256993788013701, 6.25699378801354, 6.256993788014418, 6.256993788013242, 6.256993788017082, 6.256993788013516, 6.2569937880192255, 6.2569937880139195, 6.2569937880156274, 6.256993788015264, 6.256993788012399, 6.25889457598506, 6.25889457598549, 6.2588945759847725, 6.258894575983242, 6.258894575986926, 6.258894575988133, 6.258894575984335, 6.2588945759839785, 6.25889457598542, 6.2588945759864005, 6.258894575983581, 6.258894575989247, 6.25889457598857, 6.258894575981226, 6.258894575985479, 6.258894575987985, 6.2588945759852015, 6.258894575985539, 6.25889457598282, 6.258894575984686, 6.258894575981973, 6.2588945759851216, 6.2588945759815635, 6.2588945759825965, 6.258894575983102, 6.25889457598786, 6.258894575986417, 6.258894575984845, 6.258894575985063, 6.258894575984823, 6.258894575985064, 6.258894575983498, 6.258894575984909, 6.258894575984583, 6.258894575987979, 6.258894575985645, 6.258894575989712, 6.2588945759864325, 6.258894575988539, 6.258894575987784, 6.258894575983202, 6.2605819475604445, 6.260581947560847, 6.260581947559394, 6.260581947559688, 6.2605819475623505, 6.260581947562863, 6.260581947559828, 6.2605819475582205, 6.260581947557915, 6.260581947560404, 6.260581947556695, 6.260581947565334, 6.260581947562498, 6.260581947556554, 6.260581947561916, 6.260581947562615, 6.260581947561673, 6.260581947559564, 6.260581947556253, 6.260581947559142, 6.260581947558708, 6.260581947560562, 6.2605819475573705, 6.260581947559641, 6.260581947559635, 6.26058194756446, 6.260581947561264, 6.260581947559879, 6.260581947560845, 6.260581947559649, 6.2605819475604365, 6.260581947557728, 6.260581947560071, 6.260581947558663, 6.260581947561629, 6.260581947560507, 6.260581947565305, 6.260581947561088, 6.260581947562548, 6.2605819475621205, 6.260581947558977, 6.262106546691806, 6.262106546693813, 6.262106546689073, 6.262106546690679, 6.262106546691995, 6.262106546691692, 6.262106546688373, 6.262106546691433, 6.2621065466878285, 6.26210654669441, 6.262106546690283, 6.26210654669564, 6.262106546691486, 6.262106546687601, 6.262106546692451, 6.262106546692847, 6.262106546694796, 6.262106546691247, 6.2621065466879, 6.262106546689601, 6.26210654669119, 6.26210654669001, 6.2621065466881936, 6.262106546692047, 6.262106546691517, 6.262106546696124, 6.2621065466930235, 6.262106546692571, 6.262106546691948, 6.262106546691387, 6.2621065466918076, 6.2621065466900285, 6.262106546692721, 6.262106546688712, 6.262106546691315, 6.262106546691272, 6.262106546696288, 6.262106546691185, 6.262106546692757, 6.262106546692586, 6.262106546690798, 6.263535230748871, 6.2635352307503975, 6.26353523074711, 6.263535230746761, 6.263535230751188, 6.263535230750907, 6.2635352307464585, 6.263535230750412, 6.263535230744578, 6.263535230754117, 6.263535230749519, 6.263535230751247, 6.263535230748034, 6.263535230745489, 6.263535230748883, 6.263535230749988, 6.263535230752078, 6.263535230747922, 6.263535230745458, 6.263535230747636, 6.263535230747963, 6.263535230745919, 6.2635352307450365, 6.263535230748716, 6.2635352307479035, 6.263535230752542, 6.263535230750516, 6.263535230749751, 6.263535230748268, 6.263535230749179, 6.263535230748866, 6.263535230748155, 6.263535230750234, 6.263535230745389, 6.263535230747618, 6.263535230748537, 6.263535230751825, 6.263535230747568, 6.26353523075031, 6.263535230750396, 6.263535230746332, 6.264943097577408, 6.264943097577065, 6.264943097577563, 6.264943097575647, 6.264943097581015, 6.264943097581153, 6.264943097576142, 6.264943097577843, 6.2649430975741955, 6.264943097581402, 6.264943097576225, 6.2649430975802805, 6.264943097578773, 6.264943097574356, 6.264943097577478, 6.264943097579261, 6.264943097579882, 6.264943097576142, 6.264943097573583, 6.264943097576217, 6.2649430975763005, 6.264943097575142, 6.264943097574544, 6.264943097577116, 6.264943097576064, 6.264943097581102, 6.264943097577861, 6.264943097576174, 6.264943097576371, 6.264943097578335, 6.264943097577407, 6.264943097577044, 6.26494309757776, 6.2649430975746245, 6.264943097576388, 6.2649430975782785, 6.26494309757971, 6.264943097576155, 6.2649430975790725, 6.2649430975791764, 6.264943097574636, 6.266287898986931, 6.266287898985726, 6.266287898986607, 6.266287898985996, 6.266287898987695, 6.266287898987861, 6.2662878989828865, 6.266287898985761, 6.266287898986675, 6.266287898988701, 6.266287898982945, 6.266287898990769, 6.2662878989906945, 6.266287898983042, 6.266287898986844, 6.266287898989048, 6.266287898989245, 6.266287898986763, 6.266287898983172, 6.26628789898414, 6.266287898986041, 6.266287898985215, 6.266287898985039, 6.266287898986646, 6.266287898985311, 6.266287898990648, 6.2662878989860955, 6.266287898984125, 6.266287898985633, 6.266287898988592, 6.26628789898694, 6.266287898987238, 6.26628789898669, 6.266287898984994, 6.266287898986205, 6.266287898989009, 6.266287898989778, 6.266287898986069, 6.266287898988083, 6.266287898987859, 6.2662878989860245, 6.267632760461492, 6.267632760459523, 6.267632760460999, 6.267632760460218, 6.2676327604628685, 6.267632760462942, 6.267632760457947, 6.267632760461827, 6.26763276046338, 6.267632760463286, 6.267632760457442, 6.267632760463649, 6.267632760464622, 6.26763276045767, 6.267632760460998, 6.267632760463009, 6.267632760463672, 6.267632760461584, 6.267632760458529, 6.2676327604589455, 6.267632760460924, 6.267632760460354, 6.267632760459554, 6.2676327604614155, 6.26763276045998, 6.2676327604653865, 6.2676327604610185, 6.26763276045908, 6.26763276045991, 6.267632760463294, 6.267632760461494, 6.267632760462578, 6.267632760461551, 6.267632760459337, 6.2676327604600965, 6.2676327604634245, 6.267632760464145, 6.267632760460362, 6.267632760462485, 6.267632760462488, 6.267632760459952, 6.268964541274669, 6.2689645412724015, 6.268964541274444, 6.268964541272999, 6.26896454127858, 6.268964541278356, 6.2689645412734, 6.268964541276652, 6.268964541276204, 6.268964541278235, 6.268964541273214, 6.268964541274284, 6.268964541274767, 6.268964541270977, 6.268964541273989, 6.2689645412753565, 6.268964541276697, 6.268964541275097, 6.268964541273189, 6.268964541273104, 6.268964541274335, 6.268964541274409, 6.268964541271957, 6.268964541274751, 6.268964541273328, 6.268964541278623, 6.268964541275005, 6.268964541273321, 6.26896454127305, 6.268964541276014, 6.268964541274672, 6.268964541276457, 6.268964541275337, 6.268964541272185, 6.26896454127258, 6.268964541276235, 6.268964541276551, 6.268964541272903, 6.268964541275816, 6.268964541276145, 6.268964541271421, 6.2702774830937695, 6.270277483092262, 6.270277483092112, 6.270277483092951, 6.270277483096322, 6.270277483095395, 6.270277483091104, 6.27027748309392, 6.270277483094258, 6.270277483097591, 6.2702774830936905, 6.2702774830933325, 6.270277483091615, 6.270277483089061, 6.270277483093489, 6.270277483093962, 6.270277483095854, 6.270277483095796, 6.27027748309339, 6.270277483091396, 6.270277483093924, 6.270277483094289, 6.270277483090777, 6.270277483093721, 6.270277483092236, 6.270277483097368, 6.270277483093801, 6.270277483092449, 6.270277483092479, 6.270277483094637, 6.270277483093766, 6.270277483095772, 6.270277483094657, 6.270277483091825, 6.270277483091792, 6.270277483095867, 6.2702774830960735, 6.270277483092306, 6.270277483094475, 6.270277483094688, 6.270277483091195, 6.271586766996796, 6.271586766994899, 6.271586766994109, 6.271586766996613, 6.271586766999199, 6.271586766997892, 6.2715867669945276, 6.271586766994927, 6.271586766997676, 6.271586766997866, 6.271586766994174, 6.271586766997539, 6.271586766994439, 6.271586766992086, 6.271586766997714, 6.271586766996983, 6.271586766997985, 6.271586766998789, 6.271586766995814, 6.271586766994254, 6.271586766997629, 6.2715867669983645, 6.271586766994637, 6.271586766996526, 6.271586766995014, 6.271586767000292, 6.271586766996533, 6.27158676699471, 6.2715867669959415, 6.271586766996957, 6.2715867669967995, 6.271586766997526, 6.271586766997085, 6.271586766995151, 6.271586766994819, 6.271586766999106, 6.2715867670003425, 6.271586766996663, 6.271586766996924, 6.271586766997346, 6.271586766994062, 6.272908261754647, 6.272908261752133, 6.272908261752096, 6.272908261753708, 6.27290826175815, 6.2729082617567835, 6.272908261753533, 6.272908261753244, 6.272908261756842, 6.2729082617543925, 6.27290826175051, 6.272908261755532, 6.272908261752486, 6.27290826175104, 6.272908261756245, 6.272908261755447, 6.272908261754515, 6.2729082617559495, 6.272908261753338, 6.272908261753255, 6.272908261755484, 6.272908261756195, 6.272908261753111, 6.272908261753283, 6.272908261751843, 6.272908261757196, 6.272908261755047, 6.272908261752359, 6.272908261753739, 6.272908261754453, 6.27290826175464, 6.272908261754495, 6.272908261754695, 6.272908261753045, 6.272908261752581, 6.2729082617569, 6.272908261758738, 6.272908261756075, 6.2729082617550835, 6.272908261755931, 6.272908261750096, 6.2743003874713565, 6.274300387469988, 6.274300387469712, 6.274300387469433, 6.274300387473421, 6.274300387472092, 6.274300387468236, 6.274300387471123, 6.274300387473642, 6.274300387473026, 6.27430038746975, 6.274300387471781, 6.274300387468304, 6.274300387467807, 6.274300387472083, 6.2743003874725956, 6.27430038747075, 6.274300387473368, 6.274300387470921, 6.274300387470148, 6.274300387472583, 6.274300387472093, 6.274300387469825, 6.27430038746974, 6.274300387468464, 6.274300387473604, 6.274300387471721, 6.274300387468918, 6.2743003874703, 6.274300387471127, 6.2743003874713565, 6.2743003874718815, 6.274300387471746, 6.274300387470107, 6.274300387469553, 6.27430038747397, 6.274300387475639, 6.2743003874732715, 6.2743003874715715, 6.274300387472704, 6.274300387466098, 6.275760426106446, 6.275760426105547, 6.275760426107122, 6.275760426104313, 6.275760426108539, 6.2757604261074365, 6.275760426103265, 6.275760426106831, 6.275760426107829, 6.275760426108942, 6.27576042610634, 6.2757604261064035, 6.275760426102488, 6.275760426102687, 6.275760426105898, 6.275760426107325, 6.27576042610558, 6.275760426108315, 6.27576042610587, 6.275760426104793, 6.275760426108922, 6.275760426107583, 6.275760426104963, 6.2757604261064825, 6.275760426105466, 6.275760426110435, 6.275760426106119, 6.275760426103494, 6.275760426105631, 6.275760426105747, 6.2757604261064435, 6.275760426107236, 6.275760426106667, 6.275760426105045, 6.275760426104447, 6.275760426108921, 6.275760426110767, 6.2757604261075315, 6.2757604261055615, 6.275760426107121, 6.2757604261009385, 6.277315043618718, 6.277315043616448, 6.2773150436200185, 6.277315043616711, 6.2773150436214395, 6.277315043620191, 6.277315043615929, 6.277315043618537, 6.277315043620722, 6.277315043620313, 6.277315043617311, 6.277315043618493, 6.277315043615704, 6.277315043615409, 6.277315043617766, 6.277315043619411, 6.277315043617451, 6.27731504362024, 6.2773150436175325, 6.2773150436165235, 6.277315043620797, 6.277315043619641, 6.277315043617033, 6.277315043618324, 6.277315043617435, 6.277315043622307, 6.277315043619219, 6.277315043616365, 6.277315043617724, 6.27731504361819, 6.277315043618719, 6.2773150436193905, 6.277315043618989, 6.277315043617008, 6.277315043616461, 6.277315043620946, 6.277315043622414, 6.277315043619796, 6.277315043618335, 6.277315043619448, 6.277315043613702, 6.2789196454736755, 6.278919645470285, 6.278919645473542, 6.278919645472055, 6.2789196454760425, 6.278919645474507, 6.2789196454702445, 6.278919645472223, 6.278919645476442, 6.27891964547435, 6.2789196454707605, 6.278919645473838, 6.278919645472298, 6.2789196454705145, 6.2789196454731755, 6.278919645474866, 6.278919645472232, 6.2789196454756215, 6.278919645472428, 6.278919645470241, 6.278919645474712, 6.278919645473547, 6.27891964547167, 6.278919645471825, 6.278919645470996, 6.278919645475754, 6.2789196454752, 6.278919645472197, 6.278919645472379, 6.278919645473664, 6.278919645473677, 6.2789196454742955, 6.278919645474084, 6.278919645471948, 6.278919645471543, 6.278919645475982, 6.278919645476502, 6.278919645475124, 6.278919645474302, 6.278919645474386, 6.278919645470354, 6.280554953660524, 6.28055495365755, 6.2805549536599035, 6.280554953659287, 6.280554953663989, 6.280554953662528, 6.2805549536584735, 6.280554953659001, 6.280554953662002, 6.2805549536607845, 6.280554953657683, 6.280554953661175, 6.280554953659474, 6.280554953657162, 6.2805549536604985, 6.280554953662011, 6.2805549536594105, 6.280554953662258, 6.280554953659264, 6.280554953655857, 6.280554953662265, 6.2805549536605625, 6.280554953658516, 6.280554953659958, 6.280554953659261, 6.280554953663928, 6.280554953661422, 6.280554953658777, 6.28055495365955, 6.2805549536602205, 6.280554953660526, 6.280554953660716, 6.280554953660328, 6.280554953658512, 6.280554953658344, 6.280554953662622, 6.280554953662741, 6.280554953660731, 6.280554953660561, 6.28055495366039, 6.280554953658257, 6.282196519567873, 6.282196519566265, 6.282196519566861, 6.28219651956624, 6.2821965195710385, 6.282196519569341, 6.282196519565105, 6.2821965195672025, 6.282196519568108, 6.282196519569822, 6.282196519567599, 6.282196519568346, 6.28219651956618, 6.282196519564861, 6.2821965195673695, 6.282196519569221, 6.282196519567729, 6.28219651956971, 6.282196519567131, 6.282196519563141, 6.282196519569466, 6.282196519567517, 6.282196519565385, 6.282196519567807, 6.282196519567261, 6.282196519571588, 6.282196519568837, 6.2821965195662735, 6.282196519566797, 6.282196519567661, 6.282196519567876, 6.282196519568602, 6.28219651956762, 6.282196519565749, 6.282196519565853, 6.282196519569995, 6.282196519569392, 6.282196519567094, 6.28219651956832, 6.282196519567927, 6.28219651956544, 6.283827144985482, 6.283827144984295, 6.283827144984488, 6.283827144983088, 6.283827144988755, 6.283827144986606, 6.283827144982353, 6.283827144985644, 6.283827144985958, 6.283827144987713, 6.283827144985828, 6.283827144985858, 6.283827144983984, 6.283827144983619, 6.283827144984456, 6.2838271449862555, 6.283827144986109, 6.283827144986502, 6.2838271449844925, 6.2838271449817515, 6.283827144986052, 6.2838271449849605, 6.283827144982731, 6.283827144984888, 6.283827144984439, 6.28382714498847, 6.2838271449873355, 6.2838271449841185, 6.283827144984097, 6.283827144985525, 6.283827144985478, 6.283827144986228, 6.283827144985002, 6.283827144983028, 6.28382714498344, 6.283827144987395, 6.28382714498665, 6.28382714498461, 6.283827144987209, 6.283827144986603, 6.283827144981863, 6.285446645702959, 6.285446645701991, 6.2854466457023666, 6.285446645700475, 6.285446645706603, 6.285446645704196, 6.285446645700409, 6.285446645702791, 6.285446645704116, 6.285446645703183, 6.285446645701615, 6.285446645704345, 6.285446645702785, 6.28544664570143, 6.285446645702189, 6.285446645703329, 6.285446645703974, 6.285446645702871, 6.285446645701134, 6.285446645699313, 6.28544664570334, 6.285446645703227, 6.2854466457008, 6.28544664570263, 6.285446645702206, 6.285446645706184, 6.285446645704513, 6.285446645700848, 6.285446645701814, 6.285446645702955, 6.285446645702958, 6.285446645702601, 6.285446645701476, 6.285446645700135, 6.285446645700858, 6.28544664570462, 6.285446645704622, 6.285446645702282, 6.285446645704978, 6.285446645704237, 6.28544664569924, 6.287058902948456, 6.287058902948694, 6.287058902947806, 6.287058902945871, 6.287058902950499, 6.287058902947705, 6.287058902944211, 6.287058902947314, 6.287058902949831, 6.28705890294852, 6.28705890294764, 6.287058902950523, 6.287058902949107, 6.287058902946169, 6.287058902948327, 6.287058902949163, 6.28705890294985, 6.287058902949029, 6.287058902947123, 6.287058902943947, 6.287058902948415, 6.28705890294863, 6.28705890294657, 6.2870589029476776, 6.287058902947277, 6.287058902951131, 6.28705890294926, 6.287058902945715, 6.287058902947471, 6.287058902948652, 6.2870589029484645, 6.287058902947814, 6.2870589029464465, 6.2870589029458825, 6.287058902946834, 6.287058902950425, 6.287058902950411, 6.287058902948268, 6.28705890295083, 6.287058902949471, 6.287058902946009, 6.288691880463838, 6.288691880464375, 6.288691880464233, 6.288691880460749, 6.288691880467559, 6.288691880464551, 6.288691880461225, 6.288691880463399, 6.288691880464852, 6.288691880464183, 6.288691880463912, 6.288691880464724, 6.288691880464266, 6.288691880461766, 6.288691880464382, 6.288691880464685, 6.2886918804650955, 6.288691880464225, 6.288691880463085, 6.288691880459523, 6.288691880463764, 6.288691880464346, 6.28869188046181, 6.288691880463141, 6.288691880462876, 6.288691880466662, 6.288691880464901, 6.28869188046149, 6.28869188046299, 6.2886918804637855, 6.288691880463835, 6.288691880462818, 6.28869188046171, 6.288691880460916, 6.288691880462075, 6.288691880465297, 6.288691880465224, 6.288691880463303, 6.288691880466499, 6.288691880465047, 6.288691880460939, 6.29033969892635, 6.290339698927276, 6.290339698926629, 6.290339698922836, 6.290339698930094, 6.290339698926754, 6.290339698923596, 6.290339698926201, 6.290339698927649, 6.29033969892716, 6.2903396989275535, 6.290339698925817, 6.29033969892612, 6.290339698924714, 6.2903396989267595, 6.290339698926768, 6.290339698927575, 6.290339698927192, 6.290339698926046, 6.290339698922076, 6.290339698926378, 6.290339698926452, 6.290339698923909, 6.290339698925638, 6.290339698925534, 6.290339698929186, 6.290339698928402, 6.29033969892507, 6.290339698925398, 6.290339698926278, 6.2903396989263625, 6.290339698925751, 6.290339698924848, 6.290339698923262, 6.290339698924587, 6.290339698927439, 6.290339698927382, 6.290339698925567, 6.290339698929217, 6.290339698927555, 6.290339698923329, 6.292002184047684, 6.292002184048784, 6.292002184047161, 6.292002184044341, 6.292002184050907, 6.292002184047477, 6.292002184044565, 6.292002184046414, 6.292002184049434, 6.292002184047461, 6.29200218404868, 6.292002184047035, 6.292002184047594, 6.29200218404604, 6.292002184047642, 6.2920021840475515, 6.2920021840485045, 6.292002184049009, 6.292002184047203, 6.292002184042772, 6.292002184048402, 6.292002184047522, 6.292002184045308, 6.292002184047417, 6.2920021840475036, 6.292002184051012, 6.292002184049946, 6.292002184046601, 6.2920021840468285, 6.2920021840474645, 6.292002184047684, 6.292002184047324, 6.292002184046433, 6.2920021840447875, 6.292002184046202, 6.292002184048705, 6.292002184048965, 6.292002184047014, 6.292002184050085, 6.292002184048213, 6.2920021840453915, 6.293674674588668, 6.293674674589207, 6.293674674588227, 6.293674674585495, 6.293674674592619, 6.293674674589385, 6.293674674586528, 6.293674674586359, 6.293674674590448, 6.29367467458715, 6.2936746745887895, 6.293674674588439, 6.293674674589234, 6.2936746745871455, 6.293674674588449, 6.293674674588654, 6.2936746745885666, 6.293674674589994, 6.293674674588199, 6.293674674583562, 6.293674674589605, 6.293674674588485, 6.293674674586506, 6.29367467458819, 6.293674674588532, 6.2936746745919345, 6.293674674590738, 6.293674674587172, 6.2936746745879555, 6.293674674588116, 6.293674674588679, 6.29367467458836, 6.29367467458722, 6.2936746745861, 6.293674674587566, 6.293674674589742, 6.293674674589845, 6.293674674588561, 6.293674674591045, 6.293674674589001, 6.293674674586596, 6.295357013905883, 6.295357013906194, 6.295357013906117, 6.29535701390252, 6.295357013909076, 6.295357013905949, 6.29535701390294, 6.295357013903982, 6.295357013907503, 6.295357013904894, 6.295357013906617, 6.295357013905673, 6.295357013906134, 6.295357013904469, 6.29535701390544, 6.295357013906493, 6.29535701390526, 6.295357013907617, 6.29535701390637, 6.295357013900939, 6.2953570139063295, 6.295357013905144, 6.295357013903543, 6.295357013904324, 6.295357013904923, 6.295357013908131, 6.295357013907841, 6.295357013904293, 6.295357013905042, 6.2953570139052, 6.295357013905871, 6.295357013906262, 6.295357013904514, 6.295357013903619, 6.29535701390512, 6.2953570139069805, 6.295357013906605, 6.295357013906535, 6.295357013908916, 6.295357013906574, 6.295357013903591, 6.297042824866382, 6.2970428248665415, 6.2970428248679085, 6.2970428248630865, 6.29704282486985, 6.297042824867012, 6.2970428248641115, 6.297042824866169, 6.2970428248676695, 6.297042824864888, 6.297042824866926, 6.2970428248662875, 6.297042824865545, 6.297042824865361, 6.2970428248656845, 6.297042824867283, 6.297042824865667, 6.297042824867459, 6.297042824867218, 6.297042824861645, 6.297042824867715, 6.297042824866179, 6.297042824864293, 6.297042824865621, 6.297042824866525, 6.297042824869618, 6.297042824867899, 6.297042824864674, 6.29704282486576, 6.297042824865163, 6.29704282486639, 6.297042824866556, 6.297042824864627, 6.2970428248635475, 6.297042824865093, 6.297042824866594, 6.297042824867094, 6.297042824866703, 6.297042824868816, 6.297042824866913, 6.297042824863326, 6.298737023955763, 6.29873702395599, 6.298737023956891, 6.298737023952815, 6.298737023957657, 6.29873702395471, 6.298737023951935, 6.29873702395552, 6.298737023956911, 6.298737023954336, 6.298737023956723, 6.298737023956095, 6.298737023954167, 6.298737023954907, 6.298737023954724, 6.298737023956616, 6.298737023955323, 6.29873702395738, 6.298737023956992, 6.298737023951139, 6.298737023957042, 6.2987370239550735, 6.298737023953646, 6.298737023954535, 6.298737023955555, 6.298737023958476, 6.298737023957394, 6.298737023954124, 6.29873702395481, 6.29873702395483, 6.298737023955753, 6.29873702395621, 6.298737023954274, 6.2987370239531035, 6.298737023954752, 6.2987370239559555, 6.2987370239565355, 6.2987370239564635, 6.298737023958387, 6.298737023956379, 6.29873702395257, 6.300443703616688, 6.300443703616124, 6.300443703617181, 6.300443703614515, 6.300443703620375, 6.300443703617334, 6.300443703614926, 6.300443703615642, 6.300443703617315, 6.3004437036138565, 6.300443703616538, 6.300443703617482, 6.300443703615481, 6.300443703616274, 6.300443703615823, 6.300443703617321, 6.300443703616129, 6.300443703618082, 6.300443703617649, 6.3004437036124905, 6.3004437036181455, 6.300443703616266, 6.300443703614785, 6.300443703615389, 6.3004437036165335, 6.300443703619371, 6.300443703618485, 6.300443703614806, 6.300443703615494, 6.300443703615932, 6.300443703616683, 6.300443703616409, 6.300443703615041, 6.300443703614093, 6.300443703615897, 6.300443703616827, 6.300443703617312, 6.300443703617514, 6.300443703619309, 6.300443703617463, 6.300443703612901, 6.302156259474594, 6.302156259474321, 6.30215625947405, 6.302156259472998, 6.302156259477293, 6.302156259473817, 6.302156259471671, 6.302156259472813, 6.302156259474875, 6.302156259472504, 6.302156259475313, 6.302156259475363, 6.302156259473611, 6.302156259473718, 6.3021562594739295, 6.302156259475009, 6.302156259474335, 6.302156259477003, 6.302156259476033, 6.302156259470036, 6.302156259475961, 6.3021562594736205, 6.302156259472674, 6.302156259472834, 6.302156259473972, 6.302156259476706, 6.302156259476136, 6.302156259472597, 6.302156259473113, 6.302156259474302, 6.302156259474603, 6.302156259474755, 6.302156259473285, 6.302156259472403, 6.3021562594743035, 6.302156259475037, 6.302156259475072, 6.302156259475739, 6.302156259477348, 6.302156259475268, 6.302156259471209, 6.303870664310187, 6.303870664309717, 6.303870664310134, 6.303870664309118, 6.303870664313981, 6.303870664310228, 6.3038706643085085, 6.303870664309611, 6.303870664310452, 6.303870664308065, 6.303870664310651, 6.303870664310238, 6.303870664309506, 6.303870664309351, 6.303870664310073, 6.303870664310449, 6.3038706643101765, 6.303870664312021, 6.30387066431169, 6.303870664305402, 6.303870664312477, 6.303870664310046, 6.303870664308575, 6.3038706643094695, 6.303870664310664, 6.303870664313354, 6.30387066431135, 6.303870664308277, 6.303870664309021, 6.303870664309558, 6.303870664310185, 6.303870664310149, 6.303870664308693, 6.303870664307243, 6.30387066430918, 6.303870664309689, 6.303870664310416, 6.303870664310596, 6.3038706643122016, 6.30387066431059, 6.3038706643063716, 6.305574692934612, 6.305574692933969, 6.305574692935006, 6.30557469293379, 6.305574692937172, 6.305574692932727, 6.305574692931245, 6.305574692934292, 6.305574692935231, 6.305574692933963, 6.305574692935858, 6.305574692933723, 6.305574692934328, 6.305574692933738, 6.305574692934827, 6.305574692934669, 6.3055746929350205, 6.305574692936896, 6.305574692936438, 6.305574692929922, 6.305574692936087, 6.305574692934308, 6.30557469293284, 6.305574692932882, 6.305574692934037, 6.305574692936588, 6.305574692936111, 6.305574692933084, 6.3055746929332415, 6.3055746929342416, 6.305574692934609, 6.305574692935515, 6.305574692933613, 6.305574692931634, 6.305574692933556, 6.305574692933963, 6.3055746929343925, 6.3055746929353536, 6.30557469293734, 6.305574692935447, 6.305574692930645, 6.307274573144943, 6.307274573143686, 6.307274573145832, 6.307274573144818, 6.307274573149452, 6.307274573144878, 6.3072745731437045, 6.307274573144271, 6.307274573145519, 6.307274573143135, 6.307274573144853, 6.30727457314419, 6.30727457314596, 6.307274573144446, 6.3072745731454365, 6.307274573144861, 6.307274573145309, 6.307274573146267, 6.307274573145903, 6.307274573140376, 6.307274573146955, 6.307274573145706, 6.307274573143829, 6.307274573143917, 6.307274573145132, 6.307274573147607, 6.307274573146254, 6.307274573142911, 6.307274573143905, 6.307274573144352, 6.307274573144939, 6.307274573145227, 6.307274573143516, 6.307274573141604, 6.30727457314351, 6.3072745731438085, 6.307274573144706, 6.307274573145457, 6.3072745731471604, 6.307274573145764, 6.30727457314044, 6.308976352282971, 6.308976352282649, 6.3089763522828255, 6.308976352283058, 6.308976352284939, 6.308976352279915, 6.308976352278782, 6.3089763522809506, 6.308976352283303, 6.308976352282543, 6.308976352284233, 6.308976352282498, 6.308976352284293, 6.308976352281928, 6.30897635228313, 6.308976352282779, 6.308976352283714, 6.3089763522855815, 6.308976352283962, 6.308976352277921, 6.308976352284482, 6.3089763522827385, 6.308976352282009, 6.30897635228097, 6.30897635228219, 6.308976352284483, 6.308976352284008, 6.308976352280599, 6.308976352281655, 6.308976352283098, 6.308976352282964, 6.308976352284126, 6.3089763522820705, 6.308976352280454, 6.308976352282282, 6.308976352282538, 6.308976352282885, 6.308976352284282, 6.30897635228553, 6.308976352283734, 6.308976352279193, 6.3106878712763335, 6.310687871275402, 6.310687871276261, 6.310687871276908, 6.310687871282005, 6.310687871277391, 6.310687871276412, 6.310687871275736, 6.310687871276178, 6.31068787127415, 6.310687871275837, 6.310687871275753, 6.310687871277626, 6.310687871276182, 6.310687871276667, 6.310687871276526, 6.310687871276921, 6.310687871277322, 6.310687871276618, 6.310687871271641, 6.310687871279064, 6.310687871277381, 6.310687871276086, 6.3106878712758006, 6.310687871277247, 6.3106878712794465, 6.3106878712774925, 6.310687871273988, 6.310687871275458, 6.310687871275931, 6.310687871276338, 6.310687871275917, 6.310687871274845, 6.310687871272899, 6.310687871274572, 6.310687871274641, 6.310687871276035, 6.310687871276788, 6.310687871277883, 6.310687871277006, 6.310687871271433, 6.312397979772141, 6.312397979772321, 6.3123979797712195, 6.31239797977233, 6.312397979772611, 6.312397979767389, 6.312397979766194, 6.312397979771241, 6.312397979771833, 6.312397979773461, 6.312397979774593, 6.312397979770939, 6.3123979797718945, 6.312397979771261, 6.312397979771881, 6.3123979797725145, 6.312397979773433, 6.312397979775619, 6.312397979773528, 6.3123979797671295, 6.312397979772835, 6.312397979771075, 6.312397979771162, 6.31239797976892, 6.312397979770301, 6.3123979797723, 6.312397979773737, 6.31239797977046, 6.3123979797704735, 6.31239797977287, 6.312397979772136, 6.312397979773724, 6.31239797977208, 6.312397979770009, 6.312397979771402, 6.312397979771436, 6.312397979771431, 6.31239797977393, 6.312397979775443, 6.312397979773266, 6.31239797976839, 6.314098210916293, 6.3140982109146115, 6.314098210916966, 6.314098210917702, 6.314098210924704, 6.3140982109207, 6.31409821091978, 6.3140982109170345, 6.314098210915769, 6.314098210912262, 6.314098210914064, 6.314098210915954, 6.314098210916489, 6.314098210916775, 6.314098210916191, 6.314098210917168, 6.314098210916845, 6.314098210915974, 6.3140982109157635, 6.314098210911577, 6.314098210919929, 6.31409821091881, 6.3140982109168, 6.314098210917113, 6.314098210918882, 6.314098210920846, 6.31409821091727, 6.314098210913887, 6.31409821091605, 6.314098210915322, 6.314098210916287, 6.314098210914482, 6.314098210914331, 6.314098210912415, 6.314098210913442, 6.314098210913343, 6.3140982109155726, 6.314098210916037, 6.314098210917095, 6.314098210916769, 6.314098210910889, 6.3157447594758915, 6.315744759476931, 6.315744759474634, 6.315744759475885, 6.3157447594707605, 6.315744759465203, 6.315744759463907, 6.315744759472937, 6.315744759475673, 6.315744759479793, 6.315744759480596, 6.315744759475304, 6.31574475947467, 6.31574475947383, 6.315744759474529, 6.315744759476259, 6.3157447594773455, 6.315744759482076, 6.315744759477642, 6.315744759470037, 6.315744759474634, 6.31574475947297, 6.315744759474669, 6.315744759470232, 6.315744759471566, 6.315744759473283, 6.3157447594767735, 6.315744759473678, 6.315744759473771, 6.315744759477783, 6.31574475947589, 6.315744759479744, 6.315744759477091, 6.3157447594761775, 6.315744759476897, 6.315744759476889, 6.3157447594749785, 6.315744759479528, 6.3157447594808405, 6.315744759477074, 6.315744759474153, 6.31724508274382, 6.3172450827394115, 6.31724508274589, 6.317245082746237, 6.3172450827617705, 6.317245082759146, 6.3172450827586095, 6.317245082746235, 6.31724508274411, 6.317245082733624, 6.317245082735745, 6.317245082744299, 6.317245082745225, 6.317245082746261, 6.317245082744038, 6.317245082745245, 6.3172450827428355, 6.317245082739361, 6.31724508274105, 6.317245082739915, 6.31724508275004, 6.317245082749865, 6.317245082746165, 6.3172450827486735, 6.31724508275081, 6.317245082752733, 6.3172450827446465, 6.317245082740703, 6.317245082745235, 6.317245082740879, 6.317245082743816, 6.317245082738547, 6.3172450827400235, 6.317245082738487, 6.3172450827387925, 6.317245082738474, 6.317245082742642, 6.317245082742001, 6.317245082742271, 6.317245082744112, 6.317245082736138, 6.318255039514189, 6.318255039519159, 6.318255039510586, 6.31825503951131, 6.318255039491874, 6.318255039484052, 6.31825503948278, 6.318255039508621, 6.318255039514491, 6.318255039529211, 6.318255039528189, 6.318255039512388, 6.318255039510816, 6.31825503950922, 6.318255039512072, 6.318255039513473, 6.318255039516466, 6.318255039528372, 6.318255039519075, 6.318255039507221, 6.318255039507072, 6.3182550395042005, 6.318255039510954, 6.318255039501123, 6.318255039501732, 6.318255039503306, 6.318255039514616, 6.318255039512848, 6.318255039509908, 6.3182550395195785, 6.318255039514196, 6.318255039525591, 6.318255039519737, 6.318255039519432, 6.318255039519518, 6.318255039519545, 6.318255039512817, 6.3182550395223505, 6.318255039524, 6.3182550395161865, 6.318255039516421, 6.317735557290328, 6.317735557279025, 6.317735557296596, 6.3177355572962055, 6.317735557339405, 6.31773555734069, 6.317735557341354, 6.317735557300221, 6.3177355572918055, 6.317735557261353, 6.317735557266265, 6.317735557292171, 6.317735557294626, 6.317735557299008, 6.317735557292821, 6.317735557292988, 6.317735557286673, 6.317735557271715, 6.317735557281583, 6.317735557289192, 6.317735557306609, 6.317735557308494, 6.3177355572977, 6.317735557310093, 6.317735557313166, 6.317735557315349, 6.317735557291783, 6.317735557287037, 6.317735557297002, 6.317735557280491, 6.317735557290336, 6.317735557272413, 6.317735557279758, 6.317735557276857, 6.317735557276387, 6.317735557275665, 6.317735557288845, 6.3177355572806375, 6.317735557279717, 6.317735557289889, 6.3177355572742036, 6.312222123039152, 6.312222123057675, 6.312222123027395, 6.312222123028744, 6.3122221229607955, 6.312222122945349, 6.312222122943807, 6.312222123020918, 6.312222123038116, 6.312222123089029, 6.312222123083493, 6.312222123035562, 6.312222123030473, 6.312222123023774, 6.312222123034789, 6.312222123034299, 6.312222123046103, 6.312222123080059, 6.3122221230544415, 6.312222123027944, 6.3122221230124484, 6.3122221230064754, 6.31222212302818, 6.312222123000186, 6.312222122998447, 6.312222122999738, 6.31222212303757, 6.312222123039898, 6.312222123026997, 6.312222123056957, 6.312222123039151, 6.312222123073896, 6.312222123057908, 6.31222212306039, 6.3122221230602085, 6.312222123060608, 6.3122221230378655, 6.312222123061592, 6.312222123065807, 6.312222123043003, 6.312222123056344, 6.295046481231298, 6.295046481199535, 6.295046481250645, 6.295046481249658, 6.295046481369962, 6.295046481383171, 6.2950464813859, 6.295046481262104, 6.295046481238501, 6.295046481143307, 6.29504648115862, 6.295046481240606, 6.295046481246012, 6.295046481258363, 6.295046481237993, 6.295046481238535, 6.295046481221336, 6.2950464811703055, 6.295046481205306, 6.295046481237206, 6.295046481277198, 6.295046481286278, 6.295046481253738, 6.295046481294028, 6.295046481300446, 6.295046481303037, 6.295046481236311, 6.295046481227677, 6.295046481253646, 6.29504648120043, 6.295046481231302, 6.29504648117516, 6.295046481198887, 6.295046481192056, 6.2950464811903295, 6.295046481188944, 6.295046481230755, 6.295046481198431, 6.295046481193636, 6.295046481228754, 6.295046481191447, 6.2684643621469185, 6.268464362191256, 6.268464362115977, 6.268464362121618, 6.268464361971947, 6.2684643619414375, 6.2684643619389835, 6.268464362102665, 6.268464362135975, 6.268464362265437, 6.268464362249141, 6.268464362139021, 6.268464362131317, 6.268464362113397, 6.268464362139045, 6.268464362133924, 6.268464362162237, 6.2684643622413425, 6.268464362185534, 6.268464362129187, 6.268464362078045, 6.2684643620672595, 6.2684643621188965, 6.268464362052754, 6.268464362047152, 6.2684643620478075, 6.268464362140434, 6.268464362150624, 6.2684643621171565, 6.2684643621902, 6.268464362146914, 6.2684643622268075, 6.268464362192083, 6.268464362202327, 6.268464362202261, 6.268464362203423, 6.268464362142529, 6.268464362197108, 6.268464362210557, 6.26846436215505, 6.268464362192972, 6.2815047500871195, 6.2815047500525445, 6.2815047501221875, 6.2815047501116705, 6.281504750237698, 6.2815047502553485, 6.281504750258879, 6.281504750133389, 6.281504750103042, 6.28150474997691, 6.2815047500009955, 6.281504750100903, 6.281504750098921, 6.281504750117407, 6.2815047500933785, 6.281504750097821, 6.281504750078361, 6.281504750007756, 6.281504750052811, 6.281504750090071, 6.281504750152308, 6.281504750161704, 6.281504750117642, 6.2815047501763415, 6.281504750184321, 6.281504750186653, 6.28150475009086, 6.281504750085854, 6.281504750119184, 6.281504750045834, 6.28150475008712, 6.2815047500182075, 6.281504750045026, 6.281504750032773, 6.28150475002975, 6.281504750028094, 6.281504750091824, 6.281504750040466, 6.281504750031422, 6.281504750081401, 6.281504750039851, 6.323327233545394, 6.323327233552128, 6.323327233535094, 6.323327233539711, 6.323327233510536, 6.323327233498691, 6.323327233498046, 6.323327233523042, 6.323327233533844, 6.323327233576856, 6.323327233570672, 6.323327233536032, 6.3233272335411685, 6.323327233535917, 6.3233272335468005, 6.323327233543254, 6.323327233548408, 6.32332723357646, 6.323327233553632, 6.3233272335420665, 6.323327233519439, 6.323327233522189, 6.32332723353464, 6.323327233514071, 6.323327233512638, 6.323327233514454, 6.323327233544857, 6.323327233542957, 6.323327233533616, 6.323327233560722, 6.323327233545404, 6.323327233564201, 6.323327233561223, 6.323327233567232, 6.323327233566849, 6.32332723356613, 6.323327233536166, 6.323327233561188, 6.323327233571489, 6.323327233551074, 6.32332723355379, 6.317024306594294, 6.317024306612487, 6.31702430657305, 6.317024306581131, 6.31702430652107, 6.317024306504033, 6.3170243065026845, 6.317024306571753, 6.317024306583617, 6.3170243066485225, 6.3170243066354, 6.317024306584948, 6.317024306589088, 6.31702430657632, 6.317024306591522, 6.317024306587709, 6.317024306597819, 6.317024306641488, 6.317024306610682, 6.317024306584718, 6.31702430656034, 6.3170243065542016, 6.3170243065800875, 6.317024306547313, 6.317024306544397, 6.3170243065460285, 6.317024306589361, 6.317024306593409, 6.3170243065781895, 6.317024306618096, 6.317024306594282, 6.317024306627838, 6.317024306617648, 6.31702430662459, 6.317024306624225, 6.317024306623695, 6.317024306587194, 6.317024306621441, 6.317024306627752, 6.317024306597852, 6.317024306615391, 6.294397780655938, 6.294397780625216, 6.294397780685345, 6.294397780676153, 6.294397780783911, 6.29439778079956, 6.294397780801538, 6.294397780706713, 6.294397780674433, 6.29439778055759, 6.294397780576353, 6.29439778066762, 6.294397780666562, 6.294397780681359, 6.2943977806555, 6.294397780663514, 6.294397780646651, 6.294397780583108, 6.294397780625764, 6.294397780657067, 6.294397780716052, 6.2943977807222655, 6.294397780685268, 6.294397780736901, 6.294397780743893, 6.294397780745874, 6.294397780661728, 6.294397780658048, 6.2943977806863165, 6.294397780618002, 6.294397780655939, 6.2943977805939735, 6.294397780617679, 6.294397780603479, 6.294397780600085, 6.294397780598334, 6.2943977806615, 6.294397780617294, 6.294397780603152, 6.294397780652634, 6.294397780611854, 6.319592979484329, 6.3195929795042165, 6.319592979467433, 6.319592979471235, 6.319592979404517, 6.31959297938886, 6.319592979388502, 6.319592979458166, 6.319592979476312, 6.319592979537522, 6.31959297953045, 6.319592979479087, 6.3195929794768375, 6.319592979470767, 6.319592979483255, 6.3195929794804915, 6.319592979491253, 6.319592979530768, 6.319592979497848, 6.319592979476941, 6.319592979451661, 6.319592979447233, 6.319592979470615, 6.319592979440176, 6.319592979437508, 6.319592979439236, 6.319592979479341, 6.319592979482999, 6.31959297946966, 6.319592979507687, 6.319592979484335, 6.319592979521911, 6.3195929795077515, 6.319592979513985, 6.3195929795138905, 6.319592979513372, 6.319592979481651, 6.319592979508727, 6.31959297951663, 6.319592979487233, 6.319592979504191, 6.3300010277875485, 6.330001027792336, 6.330001027781592, 6.330001027781725, 6.330001027755974, 6.330001027746716, 6.330001027747099, 6.330001027769208, 6.33000102778044, 6.330001027813461, 6.33000102781025, 6.330001027782572, 6.330001027783809, 6.33000102778464, 6.330001027789837, 6.33000102778796, 6.330001027792298, 6.33000102781222, 6.3300010277928545, 6.330001027787546, 6.3300010277643635, 6.3300010277704715, 6.330001027778882, 6.330001027760504, 6.330001027759469, 6.330001027761471, 6.330001027788131, 6.330001027786169, 6.330001027780185, 6.330001027798866, 6.330001027787542, 6.330001027806623, 6.330001027800816, 6.330001027804317, 6.330001027803974, 6.3300010278031, 6.330001027783006, 6.330001027800935, 6.330001027810408, 6.330001027792216, 6.330001027793327, 6.309520128931784, 6.309520128903178, 6.309520128957388, 6.30952012895042, 6.309520129047838, 6.309520129061243, 6.309520129062943, 6.309520128968863, 6.309520128941427, 6.309520128852527, 6.309520128870803, 6.309520128942385, 6.309520128942205, 6.3095201289540706, 6.309520128931377, 6.309520128939182, 6.309520128925235, 6.30952012887188, 6.30952012890888, 6.309520128934976, 6.309520128975592, 6.309520128987748, 6.3095201289547544, 6.309520128994216, 6.309520129000293, 6.30952012900228, 6.3095201289376375, 6.30952012893169, 6.309520128959045, 6.309520128898296, 6.309520128931793, 6.309520128880692, 6.309520128899209, 6.309520128889719, 6.30952012888702, 6.309520128885562, 6.309520128933993, 6.309520128900886, 6.3095201288928875, 6.309520128933, 6.309520128893178, 6.323562851741398, 6.323562851765114, 6.3235628517166536, 6.323562851727686, 6.323562851665278, 6.323562851650182, 6.323562851649891, 6.323562851722467, 6.323562851733702, 6.32356285179595, 6.323562851786427, 6.323562851739024, 6.323562851738279, 6.323562851721795, 6.3235628517378375, 6.3235628517349065, 6.323562851745938, 6.32356285178816, 6.3235628517601565, 6.323562851725429, 6.323562851716696, 6.323562851701906, 6.323562851729123, 6.3235628516985205, 6.323562851695809, 6.323562851697774, 6.323562851727157, 6.323562851738675, 6.323562851729611, 6.323562851766578, 6.323562851741401, 6.323562851777027, 6.3235628517622375, 6.323562851769993, 6.323562851770217, 6.32356285176967, 6.323562851741595, 6.323562851768309, 6.323562851769302, 6.323562851738253, 6.323562851769569, 6.335356800640977, 6.335356800644239, 6.335356800636719, 6.335356800635977, 6.335356800616921, 6.335356800609869, 6.335356800611096, 6.335356800631599, 6.3353568006434555, 6.335356800656363, 6.3353568006568, 6.335356800636076, 6.335356800637148, 6.3353568006411205, 6.335356800641647, 6.33535680064001, 6.335356800646159, 6.3353568006597865, 6.335356800644911, 6.335356800639817, 6.33535680062757, 6.33535680062893, 6.335356800635737, 6.335356800623918, 6.335356800623183, 6.335356800625582, 6.335356800643453, 6.335356800643434, 6.335356800635582, 6.335356800652893, 6.335356800640973, 6.3353568006539165, 6.3353568006510965, 6.335356800650371, 6.335356800650236, 6.335356800649054, 6.3353568006398975, 6.335356800649453, 6.335356800655388, 6.3353568006428915, 6.335356800645377, 6.319839404752705, 6.319839404724292, 6.31983940478186, 6.319839404768278, 6.319839404849691, 6.319839404860409, 6.31983940486285, 6.319839404780866, 6.319839404766512, 6.319839404683439, 6.319839404701123, 6.319839404757475, 6.3198394047574356, 6.319839404779261, 6.319839404753275, 6.319839404759213, 6.319839404750121, 6.319839404702343, 6.319839404730874, 6.31983940476345, 6.319839404783752, 6.3198394048018764, 6.319839404770833, 6.319839404805241, 6.319839404810161, 6.3198394048124165, 6.319839404768801, 6.319839404757072, 6.319839404773335, 6.319839404725775, 6.3198394047527175, 6.319839404710003, 6.3198394047279205, 6.319839404715678, 6.319839404713764, 6.319839404711986, 6.319839404753232, 6.319839404723399, 6.319839404722319, 6.319839404759048, 6.31983940471233, 6.330187080177274, 6.330187080200215, 6.330187080156819, 6.330187080165801, 6.330187080112853, 6.330187080098697, 6.3301870800993925, 6.330187080157039, 6.3301870801667945, 6.330187080224991, 6.33018708021236, 6.330187080175776, 6.330187080175183, 6.330187080158876, 6.330187080178662, 6.330187080173182, 6.330187080179476, 6.330187080216636, 6.330187080192305, 6.330187080162187, 6.3301870801584235, 6.330187080142043, 6.330187080166751, 6.330187080141692, 6.3301870801391535, 6.330187080141388, 6.330187080160072, 6.330187080170681, 6.330187080168566, 6.330187080198073, 6.330187080177284, 6.33018708020675, 6.3301870801944204, 6.330187080203626, 6.330187080204256, 6.33018708020326, 6.3301870801765485, 6.330187080201009, 6.330187080200241, 6.33018708017351, 6.330187080200973, 6.3389949339091585, 6.3389949339164975, 6.3389949339019855, 6.338994933905019, 6.338994933887954, 6.338994933879683, 6.338994933880397, 6.338994933900518, 6.338994933902955, 6.338994933927606, 6.338994933920021, 6.338994933906851, 6.338994933908103, 6.338994933902198, 6.338994933909404, 6.338994933906765, 6.338994933909875, 6.338994933925325, 6.338994933914363, 6.338994933903237, 6.338994933899588, 6.338994933895511, 6.338994933904384, 6.338994933893618, 6.338994933892675, 6.338994933894858, 6.338994933901917, 6.338994933905076, 6.338994933907161, 6.338994933916973, 6.338994933909168, 6.338994933919709, 6.338994933916171, 6.338994933920165, 6.338994933920311, 6.338994933918923, 6.338994933906091, 6.338994933920178, 6.338994933921067, 6.338994933909022, 6.338994933915758, 6.327307663772186, 6.327307663744269, 6.327307663798059, 6.3273076637868595, 6.327307663858575, 6.327307663866799, 6.327307663868135, 6.327307663797187, 6.327307663783499, 6.327307663711469, 6.327307663724421, 6.327307663774394, 6.3273076637751675, 6.327307663796454, 6.327307663768639, 6.32730766377558, 6.327307663769403, 6.327307663726938, 6.327307663752489, 6.327307663786099, 6.327307663793292, 6.327307663815853, 6.3273076637865255, 6.327307663816195, 6.327307663820267, 6.327307663822277, 6.327307663790909, 6.327307663776928, 6.327307663789842, 6.327307663746463, 6.327307663772189, 6.327307663734157, 6.327307663750956, 6.327307663739151, 6.327307663737832, 6.327307663735869, 6.3273076637686145, 6.327307663746915, 6.327307663748528, 6.327307663781103, 6.327307663733434, 6.336786326004147, 6.336786326020798, 6.3367863259864174, 6.33678632599546, 6.336786325948491, 6.336786325936929, 6.336786325937936, 6.336786325988912, 6.33678632600304, 6.336786326037662, 6.336786326033037, 6.3367863260014685, 6.336786325999646, 6.336786325991841, 6.3367863260068065, 6.336786326003408, 6.336786326007779, 6.336786326036658, 6.336786326014664, 6.336786325993969, 6.336786325988951, 6.336786325975844, 6.336786325994669, 6.336786325975872, 6.336786325973686, 6.336786325976119, 6.336786325993921, 6.336786326002542, 6.336786325995527, 6.336786326023388, 6.336786326004156, 6.336786326028067, 6.336786326019726, 6.336786326023383, 6.336786326024634, 6.336786326023083, 6.336786326002603, 6.336786326021477, 6.336786326023512, 6.336786326000759, 6.336786326022833, 6.342150776493145, 6.342150776503172, 6.342150776484126, 6.3421507764891745, 6.342150776465109, 6.342150776457346, 6.342150776458113, 6.342150776486065, 6.342150776490995, 6.34215077650982, 6.342150776509298, 6.342150776492599, 6.3421507764910245, 6.34215077648476, 6.342150776493015, 6.342150776492501, 6.342150776495146, 6.342150776511508, 6.3421507764993725, 6.342150776484785, 6.342150776487624, 6.342150776478719, 6.342150776488567, 6.342150776479722, 6.342150776478735, 6.342150776481025, 6.342150776484098, 6.342150776490273, 6.3421507764898815, 6.3421507765042415, 6.3421507764931455, 6.342150776505125, 6.342150776500776, 6.342150776503499, 6.3421507765046305, 6.342150776502986, 6.342150776492269, 6.342150776502639, 6.3421507765028, 6.3421507764910885, 6.342150776502072, 6.3338987822873944, 6.3338987822639785, 6.333898782311177, 6.333898782300396, 6.333898782367295, 6.333898782373785, 6.333898782374783, 6.3338987823090545, 6.333898782292195, 6.333898782235883, 6.333898782247306, 6.333898782290792, 6.333898782292588, 6.333898782307353, 6.33389878228164, 6.333898782289093, 6.333898782284725, 6.333898782248844, 6.333898782272619, 6.333898782298924, 6.333898782305095, 6.333898782326009, 6.333898782300535, 6.333898782325724, 6.333898782329454, 6.333898782331329, 6.333898782301988, 6.333898782289101, 6.3338987823031445, 6.333898782264992, 6.333898782287383, 6.333898782254005, 6.333898782267717, 6.3338987822595865, 6.333898782259271, 6.333898782257356, 6.333898782284386, 6.333898782265947, 6.333898782266653, 6.333898782296331, 6.333898782252616, 6.342379663855721, 6.342379663866896, 6.342379663843075, 6.342379663848252, 6.342379663819564, 6.342379663809036, 6.342379663810665, 6.342379663843395, 6.34237966385071, 6.342379663883028, 6.342379663875026, 6.342379663852769, 6.342379663855366, 6.342379663847094, 6.342379663861405, 6.342379663855717, 6.342379663858207, 6.342379663881919, 6.342379663865327, 6.342379663847595, 6.342379663842047, 6.3423796638335475, 6.342379663847703, 6.342379663828971, 6.342379663827068, 6.342379663829618, 6.3423796638468914, 6.342379663853732, 6.342379663849842, 6.342379663869869, 6.342379663855727, 6.3423796638742145, 6.3423796638681225, 6.3423796638712595, 6.34237966387281, 6.342379663871121, 6.3423796638542616, 6.3423796638723875, 6.342379663873674, 6.342379663852524, 6.34237966387159, 6.345240605205731, 6.3452406052165875, 6.345240605197459, 6.345240605200743, 6.345240605176046, 6.345240605167441, 6.345240605169069, 6.345240605196822, 6.3452406052040145, 6.345240605223391, 6.345240605223343, 6.345240605205471, 6.345240605203818, 6.3452406051997965, 6.345240605207786, 6.345240605204634, 6.34524060520851, 6.345240605224461, 6.345240605211328, 6.345240605197581, 6.345240605200714, 6.3452406051916626, 6.345240605201302, 6.345240605191074, 6.345240605189851, 6.345240605192247, 6.345240605198028, 6.345240605203933, 6.345240605202898, 6.345240605216119, 6.345240605205732, 6.345240605219721, 6.34524060521419, 6.345240605215454, 6.345240605217045, 6.345240605215387, 6.345240605207854, 6.345240605216055, 6.345240605215751, 6.345240605203107, 6.3452406052155235, 6.339696467801673, 6.339696467784062, 6.339696467822872, 6.339696467812839, 6.33969646786536, 6.339696467869755, 6.339696467871057, 6.339696467819872, 6.33969646780819, 6.339696467756924, 6.3396964677715895, 6.339696467805865, 6.339696467803924, 6.339696467820945, 6.339696467793466, 6.339696467800725, 6.339696467800524, 6.339696467767925, 6.339696467787466, 6.339696467811823, 6.339696467818893, 6.33969646783701, 6.339696467814343, 6.33969646783905, 6.339696467842346, 6.339696467844111, 6.339696467816804, 6.339696467804203, 6.339696467816117, 6.33969646778156, 6.339696467801671, 6.339696467774683, 6.339696467784798, 6.339696467775547, 6.339696467775982, 6.339696467774111, 6.339696467802404, 6.339696467781053, 6.339696467781618, 6.339696467810495, 6.339696467769265, 6.3468298721400584, 6.346829872148572, 6.346829872127713, 6.346829872133863, 6.346829872112025, 6.346829872102462, 6.346829872104255, 6.3468298721329885, 6.346829872138148, 6.346829872160624, 6.346829872154022, 6.346829872136983, 6.346829872139604, 6.346829872133515, 6.346829872146714, 6.3468298721414405, 6.346829872141786, 6.346829872160801, 6.3468298721480805, 6.346829872131859, 6.346829872131189, 6.346829872122153, 6.346829872133819, 6.346829872118831, 6.346829872117241, 6.346829872119771, 6.346829872132877, 6.346829872139402, 6.3468298721357215, 6.3468298721513, 6.346829872140055, 6.346829872154474, 6.346829872150005, 6.346829872150929, 6.346829872152702, 6.346829872150804, 6.3468298721382705, 6.346829872153696, 6.34682987215458, 6.346829872136352, 6.346829872154144, 6.348440812655076, 6.3484408126625524, 6.348440812645254, 6.348440812650289, 6.34844081263299, 6.348440812624025, 6.348440812625281, 6.348440812647946, 6.348440812651945, 6.348440812671898, 6.348440812667151, 6.348440812653034, 6.3484408126550065, 6.348440812649269, 6.3484408126586365, 6.348440812655343, 6.348440812656614, 6.34844081267334, 6.348440812662073, 6.3484408126478815, 6.348440812647536, 6.348440812640256, 6.348440812649781, 6.348440812637635, 6.348440812636286, 6.348440812638607, 6.34844081264756, 6.34844081265239, 6.348440812651038, 6.348440812665029, 6.34844081265507, 6.348440812666919, 6.348440812663244, 6.348440812665679, 6.348440812667614, 6.348440812665673, 6.348440812653237, 6.348440812666499, 6.348440812667808, 6.348440812652085, 6.348440812666381, 6.3447978222619925, 6.344797822246965, 6.344797822281909, 6.344797822272503, 6.344797822318844, 6.34479782232142, 6.344797822321798, 6.344797822275841, 6.344797822264625, 6.344797822223979, 6.344797822236184, 6.344797822266513, 6.344797822263976, 6.344797822277927, 6.344797822250764, 6.344797822259771, 6.344797822260604, 6.34479782223372, 6.344797822250355, 6.344797822272028, 6.344797822274014, 6.344797822292816, 6.344797822272821, 6.3447978222950585, 6.344797822297957, 6.344797822299431, 6.344797822274356, 6.344797822260623, 6.344797822273012, 6.344797822244995, 6.344797822261987, 6.344797822238093, 6.3447978222469, 6.344797822241945, 6.344797822243167, 6.34479782224117, 6.344797822261026, 6.344797822243612, 6.344797822246037, 6.344797822271037, 6.344797822232373, 6.350518182304886, 6.350518182313787, 6.350518182296707, 6.350518182301111, 6.3505181822786545, 6.350518182269788, 6.35051818227151, 6.350518182299094, 6.35051818230493, 6.350518182319634, 6.350518182318324, 6.35051818230391, 6.350518182301953, 6.350518182298812, 6.350518182310966, 6.35051818230757, 6.350518182306741, 6.350518182321262, 6.350518182310626, 6.350518182296428, 6.35051818230102, 6.350518182291122, 6.350518182300545, 6.350518182291214, 6.3505181822899255, 6.350518182292365, 6.350518182296923, 6.350518182303372, 6.350518182301238, 6.350518182314599, 6.350518182304889, 6.35051818231582, 6.350518182312311, 6.350518182312819, 6.350518182315108, 6.350518182312967, 6.350518182304276, 6.3505181823139925, 6.350518182315148, 6.350518182301457, 6.350518182315767, 6.351570842833975, 6.351570842839784, 6.3515708428251765, 6.351570842829565, 6.3515708428122, 6.351570842802647, 6.351570842804392, 6.351570842828659, 6.351570842834138, 6.351570842848644, 6.351570842843933, 6.351570842831063, 6.351570842832387, 6.351570842830246, 6.351570842840358, 6.35157084283517, 6.3515708428356215, 6.351570842849794, 6.3515708428393305, 6.3515708428284485, 6.3515708428265825, 6.351570842819822, 6.351570842829091, 6.351570842817466, 6.351570842815923, 6.351570842818408, 6.351570842829362, 6.351570842834074, 6.351570842829864, 6.351570842842975, 6.3515708428339845, 6.351570842844114, 6.351570842841979, 6.351570842841146, 6.3515708428434134, 6.3515708428412125, 6.351570842831655, 6.351570842844548, 6.351570842846301, 6.351570842830957, 6.351570842844676, 6.349174646884635, 6.349174646870417, 6.349174646900281, 6.3491746468927825, 6.3491746469368415, 6.349174646936628, 6.349174646936928, 6.349174646896934, 6.349174646885692, 6.349174646853678, 6.349174646859178, 6.3491746468872865, 6.349174646887736, 6.349174646899726, 6.349174646873333, 6.349174646879337, 6.349174646882426, 6.349174646859923, 6.3491746468745545, 6.349174646895458, 6.349174646891394, 6.34917464690976, 6.349174646893907, 6.349174646911247, 6.349174646913329, 6.349174646914874, 6.349174646898016, 6.3491746468841965, 6.349174646894113, 6.349174646868621, 6.349174646884631, 6.349174646863543, 6.3491746468721475, 6.349174646866257, 6.349174646868039, 6.349174646865936, 6.349174646882288, 6.349174646870733, 6.34917464687247, 6.3491746468934, 6.349174646858373, 6.353607199109776, 6.353607199119549, 6.353607199100638, 6.353607199106518, 6.353607199089012, 6.353607199079876, 6.353607199081388, 6.35360719910361, 6.353607199107769, 6.353607199122934, 6.353607199121829, 6.35360719911035, 6.35360719910933, 6.353607199102736, 6.353607199115353, 6.353607199111571, 6.353607199110396, 6.353607199124338, 6.353607199115776, 6.353607199099237, 6.353607199110014, 6.353607199096201, 6.353607199106615, 6.353607199098652, 6.353607199097349, 6.353607199099814, 6.353607199099396, 6.353607199107044, 6.35360719910767, 6.353607199117558, 6.353607199109774, 6.353607199119194, 6.353607199115827, 6.353607199116785, 6.3536071991196, 6.353607199117381, 6.353607199110297, 6.35360719911842, 6.3536071991171275, 6.3536071991060865, 6.353607199119914, 6.354793256915203, 6.354793256920648, 6.35479325690995, 6.354793256912229, 6.35479325689854, 6.354793256889845, 6.3547932568914, 6.3547932569086, 6.35479325691521, 6.354793256926258, 6.354793256926823, 6.354793256913551, 6.354793256913838, 6.354793256912881, 6.354793256921191, 6.354793256917805, 6.354793256917791, 6.35479325692913, 6.354793256920202, 6.354793256909671, 6.3547932569107335, 6.354793256903875, 6.354793256911229, 6.354793256902886, 6.354793256901616, 6.354793256904156, 6.354793256910117, 6.3547932569148475, 6.354793256911743, 6.3547932569228625, 6.354793256915203, 6.354793256924363, 6.354793256922183, 6.354793256921093, 6.354793256923942, 6.354793256921565, 6.354793256914651, 6.354793256922376, 6.354793256924904, 6.354793256912514, 6.354793256923722, 6.353086750338645, 6.3530867503241275, 6.353086750356111, 6.353086750345779, 6.3530867503844695, 6.353086750383306, 6.3530867503834045, 6.3530867503494814, 6.353086750340444, 6.353086750312276, 6.353086750318778, 6.353086750339889, 6.353086750340147, 6.353086750354309, 6.353086750327606, 6.3530867503342785, 6.353086750338715, 6.353086750318525, 6.353086750330746, 6.353086750350524, 6.353086750340546, 6.353086750361523, 6.353086750345813, 6.353086750360452, 6.353086750362187, 6.353086750363868, 6.353086750352841, 6.353086750339707, 6.353086750345588, 6.3530867503252475, 6.3530867503386474, 6.353086750321843, 6.353086750329118, 6.353086750322359, 6.353086750324682, 6.353086750322392, 6.353086750336399, 6.353086750325632, 6.353086750330411, 6.353086750346764, 6.353086750315871, 6.3564138737527855, 6.356413873761177, 6.35641387374343, 6.356413873749751, 6.356413873733028, 6.356413873723612, 6.356413873724989, 6.356413873749746, 6.356413873752417, 6.356413873764522, 6.356413873763371, 6.356413873754065, 6.356413873753175, 6.356413873745584, 6.356413873759245, 6.356413873755429, 6.3564138737532865, 6.356413873766327, 6.356413873759518, 6.356413873741333, 6.356413873754227, 6.356413873739748, 6.356413873750071, 6.356413873740765, 6.356413873739291, 6.356413873741904, 6.356413873742221, 6.3564138737515705, 6.356413873751073, 6.356413873760126, 6.356413873752798, 6.356413873761811, 6.356413873758291, 6.356413873758258, 6.356413873761275, 6.356413873758813, 6.356413873753488, 6.356413873762039, 6.356413873759838, 6.356413873748449, 6.356413873764403, 6.358004936258304, 6.358004936263628, 6.35800493625119, 6.358004936255818, 6.35800493624833, 6.358004936239571, 6.358004936240704, 6.35800493625354, 6.3580049362581486, 6.3580049362647175, 6.358004936265386, 6.358004936258973, 6.358004936258801, 6.358004936256409, 6.358004936262561, 6.358004936259697, 6.358004936259073, 6.3580049362679185, 6.358004936262214, 6.358004936252737, 6.358004936257458, 6.35800493624956, 6.358004936256738, 6.358004936250484, 6.358004936249257, 6.358004936251781, 6.358004936253232, 6.358004936257102, 6.358004936256689, 6.358004936263386, 6.358004936258305, 6.358004936264155, 6.3580049362626285, 6.35800493626189, 6.358004936265024, 6.35800493626242, 6.35800493625854, 6.358004936264503, 6.358004936263869, 6.358004936256376, 6.35800493626374, 6.356771330318036, 6.356771330306301, 6.356771330331949, 6.356771330323139, 6.356771330358721, 6.356771330355502, 6.356771330355317, 6.356771330324851, 6.356771330317953, 6.356771330296757, 6.356771330300307, 6.356771330318554, 6.356771330318562, 6.35677133033339, 6.356771330307309, 6.356771330312604, 6.356771330318177, 6.356771330301333, 6.35677133031097, 6.356771330330894, 6.356771330316531, 6.356771330337457, 6.3567713303242135, 6.356771330336981, 6.35677133033815, 6.356771330339844, 6.356771330331926, 6.356771330318038, 6.356771330323222, 6.356771330306364, 6.3567713303180335, 6.356771330304007, 6.356771330310565, 6.356771330305001, 6.356771330307748, 6.356771330305153, 6.3567713303159445, 6.356771330307071, 6.356771330311625, 6.356771330325951, 6.356771330296665, 6.3591229683306025, 6.359122968338877, 6.359122968322892, 6.359122968327735, 6.359122968310119, 6.359122968299844, 6.359122968301316, 6.359122968327228, 6.359122968329677, 6.359122968343447, 6.359122968341114, 6.359122968330026, 6.359122968328261, 6.359122968324331, 6.359122968339801, 6.359122968334651, 6.359122968332225, 6.359122968344299, 6.359122968337194, 6.359122968320197, 6.359122968330575, 6.359122968318159, 6.3591229683270365, 6.3591229683177675, 6.359122968316179, 6.3591229683188955, 6.359122968320499, 6.359122968330114, 6.359122968328254, 6.359122968338055, 6.3591229683305945, 6.359122968340071, 6.359122968336876, 6.3591229683365675, 6.359122968339499, 6.359122968336651, 6.3591229683306825, 6.359122968339067, 6.359122968338912, 6.359122968326198, 6.359122968342641, 6.3611227246479, 6.361122724650744, 6.361122724645605, 6.361122724647624, 6.361122724644151, 6.361122724635493, 6.3611227246361945, 6.361122724647062, 6.361122724648544, 6.361122724649616, 6.361122724650848, 6.36112272464854, 6.361122724647656, 6.361122724646465, 6.3611227246500635, 6.361122724648612, 6.3611227246483475, 6.3611227246531215, 6.361122724650417, 6.36112272464284, 6.361122724649062, 6.361122724644584, 6.36112272464763, 6.361122724644666, 6.361122724643799, 6.361122724646204, 6.361122724643517, 6.361122724646697, 6.36112272464773, 6.361122724650512, 6.361122724647894, 6.361122724650253, 6.3611227246498085, 6.361122724649191, 6.361122724652237, 6.361122724649392, 6.361122724647514, 6.3611227246511355, 6.361122724651017, 6.361122724646663, 6.361122724651089, 6.360421717189188, 6.3604217171789905, 6.36042171719986, 6.360421717193319, 6.360421717224126, 6.3604217172193165, 6.360421717218732, 6.360421717194497, 6.360421717191113, 6.360421717170082, 6.360421717174209, 6.36042171718986, 6.360421717191409, 6.360421717201758, 6.360421717178554, 6.36042171718357, 6.360421717188477, 6.360421717176024, 6.360421717183166, 6.3604217171997615, 6.360421717187614, 6.360421717205225, 6.360421717194843, 6.360421717205, 6.360421717205873, 6.360421717207627, 6.3604217172008575, 6.36042171718843, 6.360421717193186, 6.360421717180295, 6.360421717189181, 6.360421717176953, 6.3604217171829704, 6.360421717179145, 6.360421717182271, 6.360421717179447, 6.360421717186609, 6.36042171718077, 6.360421717183586, 6.3604217171956465, 6.360421717171824, 6.361887589573618, 6.361887589581843, 6.361887589562963, 6.3618875895698555, 6.361887589554424, 6.361887589543526, 6.361887589545018, 6.361887589568433, 6.3618875895742, 6.3618875895856615, 6.361887589585293, 6.361887589572414, 6.361887589572878, 6.36188758956823, 6.3618875895853275, 6.361887589579146, 6.361887589574942, 6.361887589588059, 6.361887589580015, 6.361887589563897, 6.361887589573312, 6.361887589559298, 6.361887589569898, 6.361887589559339, 6.361887589557726, 6.36188758956064, 6.36188758956423, 6.3618875895737546, 6.361887589570736, 6.361887589582192, 6.361887589573625, 6.361887589583115, 6.361887589580601, 6.361887589580313, 6.361887589583332, 6.361887589580169, 6.361887589572932, 6.36188758958281, 6.361887589581751, 6.36188758956908, 6.361887589585938, 6.364148609615621, 6.36414860961645, 6.364148609617132, 6.3641486096159205, 6.364148609620939, 6.36414860961227, 6.3641486096125055, 6.364148609618364, 6.364148609613942, 6.364148609615021, 6.36414860961524, 6.364148609615669, 6.364148609614129, 6.364148609616872, 6.36414860961501, 6.364148609614484, 6.364148609616284, 6.364148609616492, 6.364148609617285, 6.364148609613343, 6.36414860961666, 6.364148609616381, 6.364148609616061, 6.364148609616656, 6.364148609616347, 6.364148609618587, 6.3641486096132205, 6.364148609615067, 6.36414860961702, 6.364148609615018, 6.364148609615626, 6.364148609615551, 6.364148609615899, 6.364148609614194, 6.364148609617023, 6.364148609614041, 6.364148609615258, 6.364148609615867, 6.364148609616303, 6.36414860961608, 6.364148609614298, 6.364180385913106, 6.3641803859061215, 6.364180385922715, 6.364180385915942, 6.364180385939732, 6.364180385933193, 6.364180385932653, 6.3641803859175985, 6.364180385913494, 6.364180385899535, 6.364180385902749, 6.364180385914248, 6.364180385913284, 6.364180385923399, 6.364180385903782, 6.364180385907665, 6.364180385913261, 6.3641803859032615, 6.364180385908951, 6.364180385921023, 6.364180385911492, 6.364180385925474, 6.364180385917169, 6.364180385925387, 6.364180385926075, 6.364180385927888, 6.3641803859211, 6.364180385912503, 6.364180385916814, 6.364180385905983, 6.364180385913108, 6.364180385904692, 6.364180385908703, 6.364180385905368, 6.364180385908399, 6.364180385905485, 6.364180385912356, 6.364180385906637, 6.364180385908687, 6.364180385918159, 6.364180385899623, 6.364889615024953, 6.3648896150329, 6.36488961501374, 6.3648896150211725, 6.364889615005681, 6.364889614994592, 6.364889614996335, 6.364889615017088, 6.364889615027701, 6.3648896150343335, 6.364889615037485, 6.364889615025498, 6.3648896150253185, 6.3648896150208225, 6.3648896150382726, 6.364889615031766, 6.3648896150266046, 6.364889615038787, 6.364889615030235, 6.364889615015958, 6.364889615024817, 6.364889615010408, 6.364889615021433, 6.364889615009863, 6.364889615008418, 6.364889615011455, 6.364889615016189, 6.364889615025514, 6.3648896150225704, 6.364889615033881, 6.364889615024949, 6.364889615034216, 6.364889615031788, 6.364889615031773, 6.3648896150346275, 6.364889615031302, 6.36488961502549, 6.364889615034506, 6.364889615032339, 6.364889615020328, 6.364889615037432, 6.367103246337456, 6.367103246334478, 6.367103246341917, 6.367103246338447, 6.36710324635253, 6.367103246344043, 6.3671032463438655, 6.367103246342288, 6.367103246335967, 6.367103246332107, 6.3671032463308626, 6.367103246338232, 6.367103246337565, 6.367103246341521, 6.367103246333391, 6.367103246334282, 6.367103246337549, 6.367103246333952, 6.367103246337752, 6.367103246338166, 6.367103246337689, 6.367103246342332, 6.367103246339072, 6.36710324634163, 6.36710324634186, 6.367103246343881, 6.367103246337953, 6.36710324633689, 6.367103246340241, 6.367103246334368, 6.367103246337449, 6.367103246333827, 6.3671032463355415, 6.367103246333996, 6.367103246336573, 6.367103246333577, 6.367103246336571, 6.367103246336031, 6.367103246336167, 6.3671032463391635, 6.3671032463328645, 6.368023518542307, 6.368023518538545, 6.368023518547978, 6.368023518543315, 6.368023518560497, 6.3680235185523975, 6.368023518551985, 6.368023518545985, 6.368023518542272, 6.3680235185345895, 6.368023518535835, 6.368023518542492, 6.368023518541763, 6.368023518549, 6.368023518536549, 6.368023518538936, 6.368023518542521, 6.368023518537054, 6.368023518541363, 6.368023518546036, 6.36802351854157, 6.3680235185493625, 6.368023518544483, 6.368023518549965, 6.368023518550498, 6.368023518552411, 6.368023518545673, 6.368023518542059, 6.368023518544825, 6.368023518538589, 6.368023518542316, 6.368023518537441, 6.368023518540121, 6.368023518537674, 6.368023518540356, 6.368023518537289, 6.3680235185415635, 6.368023518538421, 6.368023518539651, 6.368023518545361, 6.368023518534111, 6.368405490940147, 6.368405490947811, 6.368405490929571, 6.368405490936334, 6.368405490923066, 6.3684054909119, 6.368405490913556, 6.368405490932036, 6.368405490943999, 6.36840549094793, 6.368405490953238, 6.368405490939526, 6.368405490939488, 6.368405490937268, 6.368405490952866, 6.368405490947404, 6.368405490941999, 6.368405490952626, 6.368405490945319, 6.368405490932467, 6.368405490940362, 6.368405490927237, 6.368405490936601, 6.368405490927821, 6.368405490926768, 6.3684054909296846, 6.368405490932192, 6.368405490941342, 6.368405490937768, 6.368405490948968, 6.3684054909401455, 6.368405490948515, 6.368405490946764, 6.368405490946323, 6.368405490948717, 6.36840549094527, 6.368405490940558, 6.368405490947473, 6.3684054909461665, 6.368405490936301, 6.368405490950413, 6.370150093186248, 6.3701500931802055, 6.370150093194189, 6.37015009318765, 6.370150093207931, 6.370150093198894, 6.370150093198208, 6.370150093192889, 6.370150093184667, 6.370150093178814, 6.370150093175301, 6.370150093186287, 6.370150093186299, 6.37015009319305, 6.370150093178001, 6.370150093180102, 6.370150093186025, 6.370150093179526, 6.370150093185499, 6.370150093190581, 6.370150093184248, 6.370150093195216, 6.370150093188276, 6.370150093193665, 6.370150093194447, 6.370150093196044, 6.3701500931896184, 6.370150093185411, 6.370150093189564, 6.370150093181148, 6.3701500931862425, 6.370150093180283, 6.37015009318307, 6.370150093181788, 6.370150093183918, 6.370150093181028, 6.370150093184693, 6.370150093182859, 6.3701500931841295, 6.370150093189164, 6.370150093178502, 6.371829747138689, 6.371829747138227, 6.371829747139339, 6.371829747138635, 6.371829747146702, 6.37182974713692, 6.371829747137328, 6.371829747139249, 6.371829747139354, 6.37182974713525, 6.37182974713608, 6.371829747139552, 6.371829747138853, 6.371829747141483, 6.371829747139092, 6.371829747138358, 6.371829747138376, 6.371829747137957, 6.371829747139733, 6.371829747138395, 6.371829747138646, 6.371829747140118, 6.371829747139154, 6.371829747140155, 6.371829747140556, 6.371829747142575, 6.3718297471373635, 6.371829747137918, 6.3718297471406995, 6.371829747138039, 6.371829747138692, 6.371829747136938, 6.371829747138309, 6.371829747138091, 6.371829747140192, 6.37182974713717, 6.371829747138336, 6.371829747138884, 6.371829747138209, 6.371829747139483, 6.371829747136565, 6.372525105781824, 6.372525105787241, 6.372525105773526, 6.372525105779099, 6.372525105771276, 6.3725251057602215, 6.372525105762047, 6.372525105775485, 6.3725251057859955, 6.3725251057853765, 6.372525105791181, 6.372525105781789, 6.372525105781458, 6.372525105780731, 6.372525105792871, 6.372525105788013, 6.372525105782952, 6.372525105790429, 6.372525105785583, 6.372525105776611, 6.37252510578193, 6.372525105772793, 6.3725251057791565, 6.3725251057729535, 6.37252510577261, 6.372525105775205, 6.3725251057757255, 6.372525105782969, 6.372525105780892, 6.3725251057883225, 6.372525105781827, 6.372525105786972, 6.372525105786554, 6.372525105786283, 6.3725251057880214, 6.372525105784815, 6.372525105782401, 6.372525105787404, 6.372525105785843, 6.372525105779214, 6.372525105788752, 6.373685283532461, 6.3736852835250115, 6.373685283542118, 6.373685283533593, 6.373685283556989, 6.373685283547217, 6.3736852835465845, 6.373685283541114, 6.373685283530508, 6.373685283525202, 6.373685283520071, 6.373685283531871, 6.373685283531504, 6.373685283541226, 6.373685283522149, 6.373685283524561, 6.373685283532287, 6.373685283524697, 6.373685283531673, 6.373685283538785, 6.3736852835289275, 6.37368528354307, 6.373685283534197, 6.37368528354125, 6.373685283542584, 6.373685283543773, 6.373685283537381, 6.373685283532452, 6.373685283535539, 6.373685283527047, 6.373685283532451, 6.37368528352581, 6.373685283529217, 6.373685283527512, 6.373685283529028, 6.373685283526426, 6.37368528353145, 6.373685283528056, 6.373685283530246, 6.3736852835359175, 6.373685283523252, 6.375598245694495, 6.375598245698069, 6.37559824569008, 6.375598245692801, 6.375598245693135, 6.375598245682317, 6.375598245683706, 6.375598245691571, 6.375598245696205, 6.3755982456946505, 6.37559824569886, 6.375598245695392, 6.375598245694348, 6.375598245694546, 6.375598245700429, 6.375598245697782, 6.375598245694415, 6.375598245699028, 6.375598245697949, 6.375598245690512, 6.375598245695959, 6.375598245690212, 6.375598245693103, 6.375598245691093, 6.375598245691515, 6.375598245693596, 6.375598245689084, 6.375598245694619, 6.375598245695207, 6.37559824569788, 6.375598245694501, 6.375598245696607, 6.375598245696716, 6.375598245697274, 6.375598245698565, 6.375598245695775, 6.375598245695673, 6.375598245697272, 6.375598245695462, 6.375598245693576, 6.375598245696941, 6.377054944051326, 6.377054944053103, 6.377054944047843, 6.3770549440494175, 6.377054944051752, 6.377054944040853, 6.377054944042334, 6.377054944048653, 6.377054944054219, 6.3770549440508075, 6.377054944054528, 6.377054944051658, 6.377054944051767, 6.377054944053188, 6.377054944056702, 6.377054944054012, 6.3770549440515865, 6.377054944055319, 6.3770549440541044, 6.377054944049327, 6.377054944050778, 6.377054944047895, 6.37705494404975, 6.377054944047316, 6.3770549440479005, 6.377054944049855, 6.3770549440479325, 6.37705494405206, 6.377054944051887, 6.37705494405439, 6.377054944051327, 6.377054944053074, 6.377054944053601, 6.377054944053743, 6.377054944054678, 6.377054944052065, 6.3770549440519275, 6.377054944054308, 6.377054944053046, 6.377054944050428, 6.377054944053662, 6.37811916640852, 6.378119166401629, 6.378119166417019, 6.378119166408833, 6.378119166430452, 6.3781191664198955, 6.378119166419852, 6.378119166416166, 6.378119166407724, 6.378119166402662, 6.378119166396826, 6.378119166408183, 6.378119166408364, 6.37811916641731, 6.378119166400264, 6.378119166401728, 6.378119166407978, 6.378119166401942, 6.378119166408326, 6.37811916641427, 6.378119166404617, 6.378119166417706, 6.3781191664095145, 6.3781191664151216, 6.3781191664168455, 6.37811916641777, 6.378119166412778, 6.378119166408684, 6.378119166411491, 6.378119166403722, 6.378119166408514, 6.37811916640305, 6.3781191664059165, 6.378119166404899, 6.378119166405633, 6.378119166403543, 6.378119166407795, 6.378119166405518, 6.3781191664072345, 6.378119166411221, 6.378119166401332, 6.379758040875828, 6.379758040881857, 6.379758040868266, 6.379758040873427, 6.379758040868056, 6.379758040856943, 6.379758040859507, 6.379758040869932, 6.379758040880011, 6.379758040876325, 6.379758040883982, 6.379758040876719, 6.379758040875545, 6.379758040874466, 6.379758040886223, 6.379758040882368, 6.379758040875582, 6.379758040882712, 6.379758040880012, 6.37975804087001, 6.379758040878455, 6.379758040868711, 6.379758040873238, 6.379758040869667, 6.379758040870319, 6.37975804087234, 6.379758040868396, 6.379758040876908, 6.379758040876361, 6.379758040880882, 6.379758040875822, 6.379758040879796, 6.3797580408793175, 6.379758040879828, 6.379758040880147, 6.3797580408778725, 6.379758040877586, 6.379758040880129, 6.37975804087742, 6.379758040873891, 6.379758040881016, 6.381759398742133, 6.381759398740424, 6.381759398744459, 6.381759398740909, 6.381759398752848, 6.381759398741559, 6.381759398742738, 6.381759398744622, 6.3817593987423695, 6.381759398739901, 6.381759398737327, 6.381759398741745, 6.381759398741623, 6.381759398747328, 6.381759398740795, 6.381759398739712, 6.3817593987416625, 6.381759398741355, 6.381759398744316, 6.381759398743454, 6.38175939874016, 6.381759398744658, 6.381759398741168, 6.381759398743458, 6.3817593987448245, 6.381759398745942, 6.381759398741638, 6.381759398742624, 6.381759398743682, 6.381759398741468, 6.38175939874214, 6.38175939874057, 6.381759398742175, 6.381759398742123, 6.381759398742172, 6.381759398740438, 6.381759398742339, 6.381759398742125, 6.381759398742472, 6.381759398742898, 6.381759398740045, 6.383386195355473, 6.3833861953523785, 6.383386195359138, 6.3833861953543725, 6.383386195369447, 6.383386195358163, 6.38338619535927, 6.38338619535867, 6.383386195356204, 6.383386195352002, 6.383386195348537, 6.383386195355237, 6.383386195355568, 6.383386195362552, 6.38338619535215, 6.383386195351744, 6.383386195354701, 6.383386195353163, 6.383386195356986, 6.383386195358917, 6.38338619535219, 6.383386195359827, 6.38338619535498, 6.383386195358441, 6.383386195360032, 6.383386195360902, 6.383386195356957, 6.383386195355801, 6.383386195356937, 6.383386195353874, 6.383386195355475, 6.383386195352462, 6.38338619535474, 6.3833861953547375, 6.383386195354669, 6.383386195353224, 6.3833861953555395, 6.383386195354555, 6.383386195355358, 6.383386195356915, 6.383386195351515, 6.384932986306406, 6.384932986312192, 6.384932986298911, 6.384932986304136, 6.384932986299558, 6.384932986288693, 6.384932986292017, 6.384932986300669, 6.384932986311729, 6.384932986305066, 6.384932986313412, 6.384932986307464, 6.384932986306834, 6.384932986305678, 6.384932986316793, 6.3849329863131254, 6.384932986305732, 6.384932986313173, 6.38493298631077, 6.384932986301411, 6.384932986308686, 6.384932986299788, 6.384932986303583, 6.384932986300594, 6.384932986301493, 6.384932986303183, 6.384932986299245, 6.3849329863076285, 6.384932986306774, 6.384932986311362, 6.384932986306422, 6.384932986309341, 6.384932986309469, 6.384932986310318, 6.384932986309829, 6.384932986308447, 6.38493298630824, 6.384932986310588, 6.384932986307744, 6.384932986304602, 6.38493298631117, 6.38696085875645, 6.386960858752101, 6.3869608587631195, 6.386960858755796, 6.386960858772963, 6.386960858761476, 6.386960858762966, 6.386960858764251, 6.386960858755353, 6.386960858754354, 6.38696085874574, 6.386960858755959, 6.386960858756008, 6.386960858764091, 6.386960858751635, 6.386960858750995, 6.386960858755382, 6.386960858752762, 6.386960858758789, 6.386960858759434, 6.386960858753402, 6.386960858762826, 6.386960858755723, 6.386960858760359, 6.386960858762224, 6.386960858762684, 6.386960858757518, 6.3869608587565985, 6.386960858758439, 6.386960858753124, 6.3869608587564475, 6.3869608587526265, 6.386960858754856, 6.386960858755077, 6.386960858754395, 6.386960858753705, 6.386960858756501, 6.386960858755012, 6.386960858756635, 6.386960858757877, 6.386960858752578, 6.38918610797099, 6.3891861079725105, 6.389186107969054, 6.389186107968926, 6.389186107974814, 6.389186107964024, 6.389186107967086, 6.389186107969205, 6.38918610797559, 6.389186107968186, 6.389186107971416, 6.389186107971126, 6.389186107971491, 6.389186107976139, 6.389186107974499, 6.389186107972301, 6.3891861079699686, 6.389186107972884, 6.38918610797386, 6.389186107971876, 6.389186107969465, 6.389186107970558, 6.389186107969211, 6.3891861079708026, 6.389186107972055, 6.389186107973059, 6.389186107969648, 6.389186107971952, 6.389186107971396, 6.389186107972293, 6.389186107970989, 6.389186107970447, 6.389186107972193, 6.389186107972125, 6.389186107971424, 6.38918610797085, 6.389186107972563, 6.389186107971877, 6.389186107971507, 6.389186107971291, 6.3891861079701, 6.391224708739009, 6.391224708742714, 6.391224708735124, 6.391224708736742, 6.3912247087385206, 6.391224708727894, 6.391224708731923, 6.3912247087369565, 6.391224708742468, 6.391224708737325, 6.391224708740714, 6.391224708739261, 6.39122470873935, 6.391224708741118, 6.391224708745691, 6.391224708741878, 6.3912247087378855, 6.391224708743471, 6.391224708743699, 6.391224708735955, 6.391224708740044, 6.39122470873589, 6.391224708736126, 6.391224708735903, 6.391224708736889, 6.391224708737992, 6.391224708733688, 6.391224708739803, 6.3912247087397045, 6.39122470874135, 6.391224708739008, 6.391224708740179, 6.391224708740925, 6.391224708741597, 6.391224708740369, 6.391224708740266, 6.391224708740949, 6.3912247087417935, 6.391224708740089, 6.391224708737992, 6.391224708741636, 6.393344273235422, 6.393344273231813, 6.393344273241905, 6.3933442732339545, 6.393344273250988, 6.393344273239633, 6.393344273242404, 6.393344273243267, 6.393344273234078, 6.3933442732346295, 6.393344273223967, 6.393344273234846, 6.393344273235373, 6.393344273244168, 6.3933442732310635, 6.393344273229072, 6.393344273233835, 6.393344273232184, 6.393344273238797, 6.393344273237859, 6.393344273232527, 6.393344273241767, 6.393344273234109, 6.39334427323903, 6.3933442732405945, 6.39334427324079, 6.393344273236303, 6.393344273235084, 6.393344273237048, 6.393344273231618, 6.393344273235411, 6.393344273231693, 6.39334427323402, 6.3933442732345656, 6.393344273233218, 6.393344273233756, 6.393344273236403, 6.393344273234467, 6.393344273235984, 6.393344273236644, 6.393344273232094, 6.39582630695535, 6.395826306959941, 6.3958263069496715, 6.3958263069525625, 6.395826306951938, 6.395826306942834, 6.395826306947995, 6.395826306949989, 6.395826306963728, 6.39582630695053, 6.395826306959938, 6.395826306955951, 6.39582630695647, 6.3958263069597585, 6.395826306962709, 6.395826306960002, 6.395826306953717, 6.395826306959493, 6.395826306958803, 6.395826306955106, 6.3958263069554, 6.395826306952635, 6.395826306952944, 6.395826306953764, 6.395826306954438, 6.3958263069555095, 6.3958263069527606, 6.395826306956932, 6.395826306955132, 6.395826306958017, 6.395826306955343, 6.395826306955395, 6.395826306957433, 6.3958263069566215, 6.395826306955402, 6.395826306956011, 6.395826306958371, 6.395826306957478, 6.395826306955507, 6.395826306955173, 6.395826306955822, 6.398492833425506, 6.39849283342662, 6.3984928334269995, 6.398492833423156, 6.398492833430911, 6.398492833421439, 6.3984928334265385, 6.398492833429588, 6.398492833425601, 6.398492833424776, 6.398492833419353, 6.398492833424817, 6.398492833425208, 6.398492833430465, 6.398492833428569, 6.398492833424841, 6.398492833423797, 6.39849283342706, 6.3984928334307405, 6.398492833423272, 6.398492833426019, 6.398492833426623, 6.398492833422538, 6.398492833424696, 6.39849283342561, 6.398492833426163, 6.39849283342192, 6.398492833425655, 6.398492833426665, 6.398492833424505, 6.398492833425502, 6.398492833424333, 6.39849283342603, 6.39849283342654, 6.398492833424532, 6.3984928334259505, 6.398492833427443, 6.398492833427305, 6.3984928334265945, 6.398492833425007, 6.3984928334267765, 6.401164357251706, 6.401164357251118, 6.401164357254875, 6.40116435724883, 6.401164357260345, 6.401164357251094, 6.401164357256119, 6.401164357256175, 6.401164357253297, 6.401164357250842, 6.401164357243907, 6.401164357251011, 6.401164357252314, 6.401164357260698, 6.401164357251122, 6.401164357248314, 6.401164357249657, 6.401164357250896, 6.401164357255878, 6.401164357253267, 6.401164357249672, 6.401164357255644, 6.4011643572496695, 6.401164357253858, 6.40116435725448, 6.401164357254822, 6.401164357252348, 6.401164357251577, 6.401164357252156, 6.401164357249331, 6.40116435725171, 6.401164357248673, 6.401164357251533, 6.401164357251474, 6.401164357249724, 6.401164357251514, 6.401164357253912, 6.4011643572519565, 6.4011643572521555, 6.401164357252561, 6.401164357249425, 6.403981312160816]
Total optimisation time observed during ADAM optimization: 525.988745 seconds
Median time per evaluation during ADAM optimization: 2.624983 seconds
6.403981312160816
QAOA optimisation for n=20 took 539.21 seconds; started at 1777627879.4803882 and finished at 1777628418.691832
Finished QAOA for n=10 nodes, m=15 edges at 2026-05-01 11:40:18 on Apple M4. Time taken: 539.21 seconds. Hours: 0.15 hours. Peak RAM: 375.31 MB.
Unknown graph type for approximation ratio calculation; skipping approx ratio computation.
CSV writing for n=20 took 0.00 seconds; started at 1777628418.6918342 and finished at 1777628418.6923141
results: {20: 6.403981312160816}
durations: {10: 539.2114481925964}
Results saved to: logs/adam/qaoa_results_adam_20260430_200911.csv
Global end time: 1777628418.692319
Finalisation time: 0.00 seconds; started at 1777628418.6923158 and finished at 1777628418.69232
Sum of all section times: 539.38 seconds
