Benchmark configuration from benchmark_config.json:
  optimiser: "COBYLA"
  parameter_vector: [1,1,1]
  iterations_list: [100,300,500]
  depth_list: [1,2,3,4,5,10,15,20]
  n_start: 2
  n_end: 14
  singlet_injection: false
  start_index_singlet: 0
  warm_start: true
  compare_with_010101: false
  warm_start_correlations: false
  init_QAOAparams_close_to_zero: true
  use_correlations_as_initial_params: false
  time_limit: 10800
  failed_instance_termination_thrsh: 10
  graph_generation_type: "complete"
  weighted: false
  easiest_first: true
  cpu_util_threshold: 90
  debug: false
  rerun_exclude_finished_instances: true
current_timeout_streak:4: no matches found: logs/COBYLA/20260414_190238/status/*.status
Queue check: current_jobs=0, allowed_parallel=1, current_parallel_cap=1, healthy_ram_streak=1/15, tracked_pids=0, free_ram_mb=8394
Starting job: n=2, p=1, iterations=100, score=200, chip=Apple M4, python_bin=/opt/homebrew/Caskroom/miniconda/base/envs/MasterThesis/bin/python, free_ram_mb=8388, allowed_parallel=1, current_parallel_cap=1, healthy_ram_streak=1/15, tracked_jobs=0
Launched PID: 73884; current_parallel_cap=1
current_timeout_streak:4: no matches found: logs/COBYLA/20260414_190238/status/*.status
Queue check: current_jobs=1, allowed_parallel=1, current_parallel_cap=1, healthy_ram_streak=2/15, tracked_pids=1, free_ram_mb=8373
Queue check: current_jobs=0, allowed_parallel=1, current_parallel_cap=1, healthy_ram_streak=3/15, tracked_pids=1, free_ram_mb=8385
Starting job: n=3, p=1, iterations=100, score=300, chip=Apple M4, python_bin=/opt/homebrew/Caskroom/miniconda/base/envs/MasterThesis/bin/python, free_ram_mb=8387, allowed_parallel=1, current_parallel_cap=1, healthy_ram_streak=3/15, tracked_jobs=0
Launched PID: 74110; current_parallel_cap=1
Queue check: current_jobs=0, allowed_parallel=1, current_parallel_cap=1, healthy_ram_streak=4/15, tracked_pids=2, free_ram_mb=8453
Starting job: n=4, p=1, iterations=100, score=400, chip=Apple M4, python_bin=/opt/homebrew/Caskroom/miniconda/base/envs/MasterThesis/bin/python, free_ram_mb=8457, allowed_parallel=1, current_parallel_cap=1, healthy_ram_streak=4/15, tracked_jobs=0
Launched PID: 74270; current_parallel_cap=1
Queue check: current_jobs=0, allowed_parallel=1, current_parallel_cap=1, healthy_ram_streak=5/15, tracked_pids=3, free_ram_mb=8387
Starting job: n=5, p=1, iterations=100, score=500, chip=Apple M4, python_bin=/opt/homebrew/Caskroom/miniconda/base/envs/MasterThesis/bin/python, free_ram_mb=8389, allowed_parallel=1, current_parallel_cap=1, healthy_ram_streak=5/15, tracked_jobs=0
Launched PID: 74428; current_parallel_cap=1
Queue check: current_jobs=0, allowed_parallel=1, current_parallel_cap=1, healthy_ram_streak=6/15, tracked_pids=4, free_ram_mb=8490
Starting job: n=6, p=1, iterations=100, score=600, chip=Apple M4, python_bin=/opt/homebrew/Caskroom/miniconda/base/envs/MasterThesis/bin/python, free_ram_mb=8492, allowed_parallel=1, current_parallel_cap=1, healthy_ram_streak=6/15, tracked_jobs=0
Launched PID: 74591; current_parallel_cap=1
Queue check: current_jobs=1, allowed_parallel=1, current_parallel_cap=1, healthy_ram_streak=7/15, tracked_pids=5, free_ram_mb=8557
Queue check: current_jobs=0, allowed_parallel=1, current_parallel_cap=1, healthy_ram_streak=8/15, tracked_pids=5, free_ram_mb=8524
Starting job: n=2, p=1, iterations=300, score=600, chip=Apple M4, python_bin=/opt/homebrew/Caskroom/miniconda/base/envs/MasterThesis/bin/python, free_ram_mb=8526, allowed_parallel=1, current_parallel_cap=1, healthy_ram_streak=8/15, tracked_jobs=0
Launched PID: 74812; current_parallel_cap=1
Queue check: current_jobs=0, allowed_parallel=1, current_parallel_cap=1, healthy_ram_streak=9/15, tracked_pids=6, free_ram_mb=8475
Starting job: n=7, p=1, iterations=100, score=700, chip=Apple M4, python_bin=/opt/homebrew/Caskroom/miniconda/base/envs/MasterThesis/bin/python, free_ram_mb=8471, allowed_parallel=1, current_parallel_cap=1, healthy_ram_streak=9/15, tracked_jobs=0
Launched PID: 74975; current_parallel_cap=1
Queue check: current_jobs=1, allowed_parallel=1, current_parallel_cap=1, healthy_ram_streak=10/15, tracked_pids=7, free_ram_mb=8390
Queue check: current_jobs=0, allowed_parallel=1, current_parallel_cap=1, healthy_ram_streak=11/15, tracked_pids=7, free_ram_mb=8479
Starting job: n=8, p=1, iterations=100, score=800, chip=Apple M4, python_bin=/opt/homebrew/Caskroom/miniconda/base/envs/MasterThesis/bin/python, free_ram_mb=8472, allowed_parallel=1, current_parallel_cap=1, healthy_ram_streak=11/15, tracked_jobs=0
Launched PID: 75194; current_parallel_cap=1
Queue check: current_jobs=1, allowed_parallel=1, current_parallel_cap=1, healthy_ram_streak=12/15, tracked_pids=8, free_ram_mb=8432
Queue check: current_jobs=0, allowed_parallel=1, current_parallel_cap=1, healthy_ram_streak=13/15, tracked_pids=8, free_ram_mb=8473
Starting job: n=2, p=2, iterations=100, score=800, chip=Apple M4, python_bin=/opt/homebrew/Caskroom/miniconda/base/envs/MasterThesis/bin/python, free_ram_mb=8472, allowed_parallel=1, current_parallel_cap=1, healthy_ram_streak=13/15, tracked_jobs=0
Launched PID: 75417; current_parallel_cap=1
Queue check: current_jobs=0, allowed_parallel=1, current_parallel_cap=1, healthy_ram_streak=14/15, tracked_pids=9, free_ram_mb=8466
Starting job: n=9, p=1, iterations=100, score=900, chip=Apple M4, python_bin=/opt/homebrew/Caskroom/miniconda/base/envs/MasterThesis/bin/python, free_ram_mb=8465, allowed_parallel=1, current_parallel_cap=1, healthy_ram_streak=14/15, tracked_jobs=0
Launched PID: 75574; current_parallel_cap=1
Queue check: current_jobs=1, allowed_parallel=2, current_parallel_cap=2, healthy_ram_streak=0/15, tracked_pids=10, free_ram_mb=8308
Starting job: n=3, p=1, iterations=300, score=900, chip=Apple M4, python_bin=/opt/homebrew/Caskroom/miniconda/base/envs/MasterThesis/bin/python, free_ram_mb=8312, allowed_parallel=2, current_parallel_cap=2, healthy_ram_streak=0/15, tracked_jobs=1
Launched PID: 75731; current_parallel_cap=2
Queue check: current_jobs=0, allowed_parallel=2, current_parallel_cap=2, healthy_ram_streak=1/15, tracked_pids=11, free_ram_mb=8480
Starting job: n=10, p=1, iterations=100, score=1000, chip=Apple M4, python_bin=/opt/homebrew/Caskroom/miniconda/base/envs/MasterThesis/bin/python, free_ram_mb=8474, allowed_parallel=2, current_parallel_cap=2, healthy_ram_streak=1/15, tracked_jobs=0
Launched PID: 75889; current_parallel_cap=2
Queue check: current_jobs=1, allowed_parallel=2, current_parallel_cap=2, healthy_ram_streak=2/15, tracked_pids=12, free_ram_mb=8380
Starting job: n=2, p=1, iterations=500, score=1000, chip=Apple M4, python_bin=/opt/homebrew/Caskroom/miniconda/base/envs/MasterThesis/bin/python, free_ram_mb=8382, allowed_parallel=2, current_parallel_cap=2, healthy_ram_streak=2/15, tracked_jobs=1
Launched PID: 76046; current_parallel_cap=2
Queue check: current_jobs=1, allowed_parallel=2, current_parallel_cap=2, healthy_ram_streak=3/15, tracked_pids=13, free_ram_mb=8361
Starting job: n=11, p=1, iterations=100, score=1100, chip=Apple M4, python_bin=/opt/homebrew/Caskroom/miniconda/base/envs/MasterThesis/bin/python, free_ram_mb=8363, allowed_parallel=2, current_parallel_cap=2, healthy_ram_streak=3/15, tracked_jobs=1
Launched PID: 76208; current_parallel_cap=2
Queue check: current_jobs=2, allowed_parallel=2, current_parallel_cap=2, healthy_ram_streak=4/15, tracked_pids=14, free_ram_mb=8112
Queue check: current_jobs=2, allowed_parallel=2, current_parallel_cap=2, healthy_ram_streak=5/15, tracked_pids=14, free_ram_mb=8163
Queue check: current_jobs=1, allowed_parallel=2, current_parallel_cap=2, healthy_ram_streak=6/15, tracked_pids=14, free_ram_mb=8206
Starting job: n=12, p=1, iterations=100, score=1200, chip=Apple M4, python_bin=/opt/homebrew/Caskroom/miniconda/base/envs/MasterThesis/bin/python, free_ram_mb=8203, allowed_parallel=2, current_parallel_cap=2, healthy_ram_streak=6/15, tracked_jobs=1
Launched PID: 76497; current_parallel_cap=2
Queue check: current_jobs=2, allowed_parallel=2, current_parallel_cap=2, healthy_ram_streak=7/15, tracked_pids=15, free_ram_mb=8021
Queue check: current_jobs=2, allowed_parallel=2, current_parallel_cap=2, healthy_ram_streak=8/15, tracked_pids=15, free_ram_mb=7742
Queue check: current_jobs=2, allowed_parallel=2, current_parallel_cap=2, healthy_ram_streak=9/15, tracked_pids=15, free_ram_mb=7726
Queue check: current_jobs=2, allowed_parallel=2, current_parallel_cap=2, healthy_ram_streak=10/15, tracked_pids=15, free_ram_mb=7707
Queue check: current_jobs=2, allowed_parallel=2, current_parallel_cap=2, healthy_ram_streak=11/15, tracked_pids=15, free_ram_mb=7603
Queue check: current_jobs=2, allowed_parallel=2, current_parallel_cap=2, healthy_ram_streak=12/15, tracked_pids=15, free_ram_mb=7609
Queue check: current_jobs=2, allowed_parallel=2, current_parallel_cap=2, healthy_ram_streak=13/15, tracked_pids=15, free_ram_mb=7628
Queue check: current_jobs=2, allowed_parallel=2, current_parallel_cap=2, healthy_ram_streak=14/15, tracked_pids=15, free_ram_mb=7661
Queue check: current_jobs=2, allowed_parallel=3, current_parallel_cap=3, healthy_ram_streak=0/15, tracked_pids=15, free_ram_mb=7685
Starting job: n=3, p=2, iterations=100, score=1200, chip=Apple M4, python_bin=/opt/homebrew/Caskroom/miniconda/base/envs/MasterThesis/bin/python, free_ram_mb=7682, allowed_parallel=3, current_parallel_cap=3, healthy_ram_streak=0/15, tracked_jobs=2
Launched PID: 77142; current_parallel_cap=3
Queue check: current_jobs=3, allowed_parallel=3, current_parallel_cap=3, healthy_ram_streak=1/15, tracked_pids=16, free_ram_mb=7533
Queue check: current_jobs=2, allowed_parallel=3, current_parallel_cap=3, healthy_ram_streak=2/15, tracked_pids=16, free_ram_mb=7572
Starting job: n=4, p=1, iterations=300, score=1200, chip=Apple M4, python_bin=/opt/homebrew/Caskroom/miniconda/base/envs/MasterThesis/bin/python, free_ram_mb=7572, allowed_parallel=3, current_parallel_cap=3, healthy_ram_streak=2/15, tracked_jobs=2
Launched PID: 77361; current_parallel_cap=3
Queue check: current_jobs=2, allowed_parallel=3, current_parallel_cap=3, healthy_ram_streak=3/15, tracked_pids=17, free_ram_mb=7682
Starting job: n=13, p=1, iterations=100, score=1300, chip=Apple M4, python_bin=/opt/homebrew/Caskroom/miniconda/base/envs/MasterThesis/bin/python, free_ram_mb=7579, allowed_parallel=3, current_parallel_cap=3, healthy_ram_streak=3/15, tracked_jobs=2
Launched PID: 77518; current_parallel_cap=3
Queue check: current_jobs=3, allowed_parallel=3, current_parallel_cap=3, healthy_ram_streak=4/15, tracked_pids=18, free_ram_mb=7584
Queue check: current_jobs=3, allowed_parallel=3, current_parallel_cap=3, healthy_ram_streak=5/15, tracked_pids=18, free_ram_mb=5541
Queue check: current_jobs=3, allowed_parallel=3, current_parallel_cap=3, healthy_ram_streak=6/15, tracked_pids=18, free_ram_mb=5592
Queue check: current_jobs=3, allowed_parallel=3, current_parallel_cap=3, healthy_ram_streak=7/15, tracked_pids=18, free_ram_mb=5761
Queue check: current_jobs=3, allowed_parallel=3, current_parallel_cap=3, healthy_ram_streak=8/15, tracked_pids=18, free_ram_mb=5946
Queue check: current_jobs=2, allowed_parallel=3, current_parallel_cap=3, healthy_ram_streak=9/15, tracked_pids=18, free_ram_mb=6309
Starting job: n=14, p=1, iterations=100, score=1400, chip=Apple M4, python_bin=/opt/homebrew/Caskroom/miniconda/base/envs/MasterThesis/bin/python, free_ram_mb=6306, allowed_parallel=3, current_parallel_cap=3, healthy_ram_streak=9/15, tracked_jobs=2
Launched PID: 77982; current_parallel_cap=3
Queue check: current_jobs=3, allowed_parallel=3, current_parallel_cap=3, healthy_ram_streak=10/15, tracked_pids=19, free_ram_mb=6227
Queue check: current_jobs=3, allowed_parallel=3, current_parallel_cap=3, healthy_ram_streak=11/15, tracked_pids=19, free_ram_mb=5379
Queue check: current_jobs=3, allowed_parallel=3, current_parallel_cap=3, healthy_ram_streak=12/15, tracked_pids=19, free_ram_mb=5375
Queue check: current_jobs=3, allowed_parallel=3, current_parallel_cap=3, healthy_ram_streak=13/15, tracked_pids=19, free_ram_mb=5389
Queue check: current_jobs=3, allowed_parallel=3, current_parallel_cap=3, healthy_ram_streak=14/15, tracked_pids=19, free_ram_mb=5674
Queue check: current_jobs=3, allowed_parallel=4, current_parallel_cap=4, healthy_ram_streak=0/15, tracked_pids=19, free_ram_mb=5413
Starting job: n=5, p=1, iterations=300, score=1500, chip=Apple M4, python_bin=/opt/homebrew/Caskroom/miniconda/base/envs/MasterThesis/bin/python, free_ram_mb=5418, allowed_parallel=4, current_parallel_cap=4, healthy_ram_streak=0/15, tracked_jobs=3
Launched PID: 78444; current_parallel_cap=4
Queue check: current_jobs=4, allowed_parallel=4, current_parallel_cap=4, healthy_ram_streak=1/15, tracked_pids=20, free_ram_mb=5432
Queue check: current_jobs=3, allowed_parallel=4, current_parallel_cap=4, healthy_ram_streak=2/15, tracked_pids=20, free_ram_mb=5415
Starting job: n=3, p=1, iterations=500, score=1500, chip=Apple M4, python_bin=/opt/homebrew/Caskroom/miniconda/base/envs/MasterThesis/bin/python, free_ram_mb=5410, allowed_parallel=4, current_parallel_cap=4, healthy_ram_streak=2/15, tracked_jobs=3
Launched PID: 78662; current_parallel_cap=4
Queue check: current_jobs=4, allowed_parallel=4, current_parallel_cap=4, healthy_ram_streak=3/15, tracked_pids=21, free_ram_mb=5392
Queue check: current_jobs=3, allowed_parallel=4, current_parallel_cap=4, healthy_ram_streak=4/15, tracked_pids=21, free_ram_mb=5346
Starting job: n=4, p=2, iterations=100, score=1600, chip=Apple M4, python_bin=/opt/homebrew/Caskroom/miniconda/base/envs/MasterThesis/bin/python, free_ram_mb=5345, allowed_parallel=4, current_parallel_cap=4, healthy_ram_streak=4/15, tracked_jobs=3
Launched PID: 78880; current_parallel_cap=4
Queue check: current_jobs=4, allowed_parallel=4, current_parallel_cap=4, healthy_ram_streak=5/15, tracked_pids=22, free_ram_mb=5314
Queue check: current_jobs=3, allowed_parallel=4, current_parallel_cap=4, healthy_ram_streak=6/15, tracked_pids=22, free_ram_mb=5414
Starting job: n=2, p=3, iterations=100, score=1800, chip=Apple M4, python_bin=/opt/homebrew/Caskroom/miniconda/base/envs/MasterThesis/bin/python, free_ram_mb=5378, allowed_parallel=4, current_parallel_cap=4, healthy_ram_streak=6/15, tracked_jobs=3
Launched PID: 79098; current_parallel_cap=4
Queue check: current_jobs=4, allowed_parallel=4, current_parallel_cap=4, healthy_ram_streak=7/15, tracked_pids=23, free_ram_mb=5325
Queue check: current_jobs=3, allowed_parallel=4, current_parallel_cap=4, healthy_ram_streak=8/15, tracked_pids=23, free_ram_mb=5329
Starting job: n=6, p=1, iterations=300, score=1800, chip=Apple M4, python_bin=/opt/homebrew/Caskroom/miniconda/base/envs/MasterThesis/bin/python, free_ram_mb=5329, allowed_parallel=4, current_parallel_cap=4, healthy_ram_streak=8/15, tracked_jobs=3
Launched PID: 79316; current_parallel_cap=4
Queue check: current_jobs=4, allowed_parallel=4, current_parallel_cap=4, healthy_ram_streak=9/15, tracked_pids=24, free_ram_mb=5268
Queue check: current_jobs=3, allowed_parallel=4, current_parallel_cap=4, healthy_ram_streak=10/15, tracked_pids=24, free_ram_mb=5270
Starting job: n=5, p=2, iterations=100, score=2000, chip=Apple M4, python_bin=/opt/homebrew/Caskroom/miniconda/base/envs/MasterThesis/bin/python, free_ram_mb=5313, allowed_parallel=4, current_parallel_cap=4, healthy_ram_streak=10/15, tracked_jobs=3
Launched PID: 79534; current_parallel_cap=4
Queue check: current_jobs=4, allowed_parallel=4, current_parallel_cap=4, healthy_ram_streak=11/15, tracked_pids=25, free_ram_mb=5269
Queue check: current_jobs=3, allowed_parallel=4, current_parallel_cap=4, healthy_ram_streak=12/15, tracked_pids=25, free_ram_mb=5269
Starting job: n=4, p=1, iterations=500, score=2000, chip=Apple M4, python_bin=/opt/homebrew/Caskroom/miniconda/base/envs/MasterThesis/bin/python, free_ram_mb=5295, allowed_parallel=4, current_parallel_cap=4, healthy_ram_streak=12/15, tracked_jobs=3
Launched PID: 79752; current_parallel_cap=4
Queue check: current_jobs=4, allowed_parallel=4, current_parallel_cap=4, healthy_ram_streak=13/15, tracked_pids=26, free_ram_mb=5273
Queue check: current_jobs=3, allowed_parallel=4, current_parallel_cap=4, healthy_ram_streak=14/15, tracked_pids=26, free_ram_mb=5273
Starting job: n=7, p=1, iterations=300, score=2100, chip=Apple M4, python_bin=/opt/homebrew/Caskroom/miniconda/base/envs/MasterThesis/bin/python, free_ram_mb=5261, allowed_parallel=4, current_parallel_cap=4, healthy_ram_streak=14/15, tracked_jobs=3
Launched PID: 79970; current_parallel_cap=4
Queue check: current_jobs=4, allowed_parallel=5, current_parallel_cap=5, healthy_ram_streak=0/15, tracked_pids=27, free_ram_mb=5305
Starting job: n=6, p=2, iterations=100, score=2400, chip=Apple M4, python_bin=/opt/homebrew/Caskroom/miniconda/base/envs/MasterThesis/bin/python, free_ram_mb=5306, allowed_parallel=5, current_parallel_cap=5, healthy_ram_streak=0/15, tracked_jobs=4
Launched PID: 80126; current_parallel_cap=5
Queue check: current_jobs=4, allowed_parallel=5, current_parallel_cap=5, healthy_ram_streak=1/15, tracked_pids=28, free_ram_mb=5269
Starting job: n=8, p=1, iterations=300, score=2400, chip=Apple M4, python_bin=/opt/homebrew/Caskroom/miniconda/base/envs/MasterThesis/bin/python, free_ram_mb=5322, allowed_parallel=5, current_parallel_cap=5, healthy_ram_streak=1/15, tracked_jobs=4
Launched PID: 80284; current_parallel_cap=5
Queue check: current_jobs=4, allowed_parallel=5, current_parallel_cap=5, healthy_ram_streak=2/15, tracked_pids=29, free_ram_mb=5280
Starting job: n=2, p=2, iterations=300, score=2400, chip=Apple M4, python_bin=/opt/homebrew/Caskroom/miniconda/base/envs/MasterThesis/bin/python, free_ram_mb=5278, allowed_parallel=5, current_parallel_cap=5, healthy_ram_streak=2/15, tracked_jobs=4
Launched PID: 80446; current_parallel_cap=5
Queue check: current_jobs=4, allowed_parallel=5, current_parallel_cap=5, healthy_ram_streak=3/15, tracked_pids=30, free_ram_mb=5286
Starting job: n=5, p=1, iterations=500, score=2500, chip=Apple M4, python_bin=/opt/homebrew/Caskroom/miniconda/base/envs/MasterThesis/bin/python, free_ram_mb=5362, allowed_parallel=5, current_parallel_cap=5, healthy_ram_streak=3/15, tracked_jobs=3
Launched PID: 80604; current_parallel_cap=5
Queue check: current_jobs=4, allowed_parallel=5, current_parallel_cap=5, healthy_ram_streak=4/15, tracked_pids=31, free_ram_mb=5319
Starting job: n=3, p=3, iterations=100, score=2700, chip=Apple M4, python_bin=/opt/homebrew/Caskroom/miniconda/base/envs/MasterThesis/bin/python, free_ram_mb=5313, allowed_parallel=5, current_parallel_cap=5, healthy_ram_streak=4/15, tracked_jobs=4
Launched PID: 80764; current_parallel_cap=5
Queue check: current_jobs=4, allowed_parallel=5, current_parallel_cap=5, healthy_ram_streak=5/15, tracked_pids=32, free_ram_mb=5283
Starting job: n=9, p=1, iterations=300, score=2700, chip=Apple M4, python_bin=/opt/homebrew/Caskroom/miniconda/base/envs/MasterThesis/bin/python, free_ram_mb=5278, allowed_parallel=5, current_parallel_cap=5, healthy_ram_streak=5/15, tracked_jobs=4
Launched PID: 80921; current_parallel_cap=5
Queue check: current_jobs=4, allowed_parallel=5, current_parallel_cap=5, healthy_ram_streak=6/15, tracked_pids=33, free_ram_mb=5288
Starting job: n=7, p=2, iterations=100, score=2800, chip=Apple M4, python_bin=/opt/homebrew/Caskroom/miniconda/base/envs/MasterThesis/bin/python, free_ram_mb=5258, allowed_parallel=5, current_parallel_cap=5, healthy_ram_streak=6/15, tracked_jobs=4
Launched PID: 81078; current_parallel_cap=5
Queue check: current_jobs=4, allowed_parallel=5, current_parallel_cap=5, healthy_ram_streak=7/15, tracked_pids=34, free_ram_mb=5464
Starting job: n=10, p=1, iterations=300, score=3000, chip=Apple M4, python_bin=/opt/homebrew/Caskroom/miniconda/base/envs/MasterThesis/bin/python, free_ram_mb=5460, allowed_parallel=5, current_parallel_cap=5, healthy_ram_streak=7/15, tracked_jobs=4
Launched PID: 81235; current_parallel_cap=5
Queue check: current_jobs=4, allowed_parallel=5, current_parallel_cap=5, healthy_ram_streak=8/15, tracked_pids=35, free_ram_mb=5377
Starting job: n=6, p=1, iterations=500, score=3000, chip=Apple M4, python_bin=/opt/homebrew/Caskroom/miniconda/base/envs/MasterThesis/bin/python, free_ram_mb=5337, allowed_parallel=5, current_parallel_cap=5, healthy_ram_streak=8/15, tracked_jobs=4
Launched PID: 81392; current_parallel_cap=5
Queue check: current_jobs=5, allowed_parallel=5, current_parallel_cap=5, healthy_ram_streak=9/15, tracked_pids=36, free_ram_mb=5311
Queue check: current_jobs=4, allowed_parallel=5, current_parallel_cap=5, healthy_ram_streak=10/15, tracked_pids=36, free_ram_mb=5289
Starting job: n=8, p=2, iterations=100, score=3200, chip=Apple M4, python_bin=/opt/homebrew/Caskroom/miniconda/base/envs/MasterThesis/bin/python, free_ram_mb=5290, allowed_parallel=5, current_parallel_cap=5, healthy_ram_streak=10/15, tracked_jobs=4
Launched PID: 81610; current_parallel_cap=5
Queue check: current_jobs=5, allowed_parallel=5, current_parallel_cap=5, healthy_ram_streak=11/15, tracked_pids=37, free_ram_mb=5282
Queue check: current_jobs=3, allowed_parallel=5, current_parallel_cap=5, healthy_ram_streak=12/15, tracked_pids=37, free_ram_mb=5404
Starting job: n=2, p=4, iterations=100, score=3200, chip=Apple M4, python_bin=/opt/homebrew/Caskroom/miniconda/base/envs/MasterThesis/bin/python, free_ram_mb=5403, allowed_parallel=5, current_parallel_cap=5, healthy_ram_streak=12/15, tracked_jobs=3
Launched PID: 81829; current_parallel_cap=5
Queue check: current_jobs=4, allowed_parallel=5, current_parallel_cap=5, healthy_ram_streak=13/15, tracked_pids=38, free_ram_mb=5370
Starting job: n=11, p=1, iterations=300, score=3300, chip=Apple M4, python_bin=/opt/homebrew/Caskroom/miniconda/base/envs/MasterThesis/bin/python, free_ram_mb=5364, allowed_parallel=5, current_parallel_cap=5, healthy_ram_streak=13/15, tracked_jobs=4
Launched PID: 81985; current_parallel_cap=5
Queue check: current_jobs=4, allowed_parallel=5, current_parallel_cap=5, healthy_ram_streak=14/15, tracked_pids=39, free_ram_mb=5321
Starting job: n=7, p=1, iterations=500, score=3500, chip=Apple M4, python_bin=/opt/homebrew/Caskroom/miniconda/base/envs/MasterThesis/bin/python, free_ram_mb=5335, allowed_parallel=5, current_parallel_cap=5, healthy_ram_streak=14/15, tracked_jobs=4
Launched PID: 82142; current_parallel_cap=5
Queue check: current_jobs=5, allowed_parallel=6, current_parallel_cap=6, healthy_ram_streak=0/15, tracked_pids=40, free_ram_mb=5291
Starting job: n=9, p=2, iterations=100, score=3600, chip=Apple M4, python_bin=/opt/homebrew/Caskroom/miniconda/base/envs/MasterThesis/bin/python, free_ram_mb=5291, allowed_parallel=6, current_parallel_cap=6, healthy_ram_streak=0/15, tracked_jobs=5
Launched PID: 82298; current_parallel_cap=6
Queue check: current_jobs=5, allowed_parallel=6, current_parallel_cap=6, healthy_ram_streak=1/15, tracked_pids=41, free_ram_mb=5360
Starting job: n=4, p=3, iterations=100, score=3600, chip=Apple M4, python_bin=/opt/homebrew/Caskroom/miniconda/base/envs/MasterThesis/bin/python, free_ram_mb=5303, allowed_parallel=6, current_parallel_cap=6, healthy_ram_streak=1/15, tracked_jobs=5
Launched PID: 82455; current_parallel_cap=6
Queue check: current_jobs=6, allowed_parallel=6, current_parallel_cap=6, healthy_ram_streak=2/15, tracked_pids=42, free_ram_mb=5327
Queue check: current_jobs=4, allowed_parallel=6, current_parallel_cap=6, healthy_ram_streak=3/15, tracked_pids=42, free_ram_mb=5499
Starting job: n=12, p=1, iterations=300, score=3600, chip=Apple M4, python_bin=/opt/homebrew/Caskroom/miniconda/base/envs/MasterThesis/bin/python, free_ram_mb=5494, allowed_parallel=6, current_parallel_cap=6, healthy_ram_streak=3/15, tracked_jobs=4
Launched PID: 82675; current_parallel_cap=6
Queue check: current_jobs=5, allowed_parallel=6, current_parallel_cap=6, healthy_ram_streak=4/15, tracked_pids=43, free_ram_mb=5329
Starting job: n=3, p=2, iterations=300, score=3600, chip=Apple M4, python_bin=/opt/homebrew/Caskroom/miniconda/base/envs/MasterThesis/bin/python, free_ram_mb=5324, allowed_parallel=6, current_parallel_cap=6, healthy_ram_streak=4/15, tracked_jobs=5
Launched PID: 82831; current_parallel_cap=6
Queue check: current_jobs=6, allowed_parallel=6, current_parallel_cap=6, healthy_ram_streak=5/15, tracked_pids=44, free_ram_mb=5285
Queue check: current_jobs=5, allowed_parallel=6, current_parallel_cap=6, healthy_ram_streak=6/15, tracked_pids=44, free_ram_mb=5363
Starting job: n=13, p=1, iterations=300, score=3900, chip=Apple M4, python_bin=/opt/homebrew/Caskroom/miniconda/base/envs/MasterThesis/bin/python, free_ram_mb=5289, allowed_parallel=6, current_parallel_cap=6, healthy_ram_streak=6/15, tracked_jobs=5
Launched PID: 83049; current_parallel_cap=6
Queue check: current_jobs=6, allowed_parallel=6, current_parallel_cap=6, healthy_ram_streak=7/15, tracked_pids=45, free_ram_mb=5240
Queue check: current_jobs=6, allowed_parallel=6, current_parallel_cap=6, healthy_ram_streak=8/15, tracked_pids=45, free_ram_mb=5181
Queue check: current_jobs=6, allowed_parallel=6, current_parallel_cap=6, healthy_ram_streak=9/15, tracked_pids=45, free_ram_mb=5203
Queue check: current_jobs=6, allowed_parallel=6, current_parallel_cap=6, healthy_ram_streak=10/15, tracked_pids=45, free_ram_mb=5260
Queue check: current_jobs=6, allowed_parallel=6, current_parallel_cap=6, healthy_ram_streak=11/15, tracked_pids=45, free_ram_mb=5261
Queue check: current_jobs=6, allowed_parallel=6, current_parallel_cap=6, healthy_ram_streak=12/15, tracked_pids=45, free_ram_mb=5272
Queue check: current_jobs=6, allowed_parallel=6, current_parallel_cap=6, healthy_ram_streak=13/15, tracked_pids=45, free_ram_mb=5314
Queue check: current_jobs=6, allowed_parallel=6, current_parallel_cap=6, healthy_ram_streak=14/15, tracked_pids=45, free_ram_mb=5287
Queue check: current_jobs=6, allowed_parallel=7, current_parallel_cap=7, healthy_ram_streak=0/15, tracked_pids=45, free_ram_mb=5283
Starting job: n=10, p=2, iterations=100, score=4000, chip=Apple M4, python_bin=/opt/homebrew/Caskroom/miniconda/base/envs/MasterThesis/bin/python, free_ram_mb=5283, allowed_parallel=7, current_parallel_cap=7, healthy_ram_streak=0/15, tracked_jobs=6
Launched PID: 83693; current_parallel_cap=7
Queue check: current_jobs=7, allowed_parallel=7, current_parallel_cap=7, healthy_ram_streak=1/15, tracked_pids=46, free_ram_mb=5217
Queue check: current_jobs=7, allowed_parallel=7, current_parallel_cap=7, healthy_ram_streak=2/15, tracked_pids=46, free_ram_mb=5183
Queue check: current_jobs=7, allowed_parallel=7, current_parallel_cap=7, healthy_ram_streak=3/15, tracked_pids=46, free_ram_mb=5183
Queue check: current_jobs=7, allowed_parallel=7, current_parallel_cap=7, healthy_ram_streak=4/15, tracked_pids=46, free_ram_mb=5194
Queue check: current_jobs=7, allowed_parallel=7, current_parallel_cap=7, healthy_ram_streak=5/15, tracked_pids=46, free_ram_mb=5192
Queue check: current_jobs=7, allowed_parallel=7, current_parallel_cap=7, healthy_ram_streak=6/15, tracked_pids=46, free_ram_mb=5154
Queue check: current_jobs=6, allowed_parallel=7, current_parallel_cap=7, healthy_ram_streak=7/15, tracked_pids=46, free_ram_mb=5257
Starting job: n=8, p=1, iterations=500, score=4000, chip=Apple M4, python_bin=/opt/homebrew/Caskroom/miniconda/base/envs/MasterThesis/bin/python, free_ram_mb=5243, allowed_parallel=7, current_parallel_cap=7, healthy_ram_streak=7/15, tracked_jobs=6
Launched PID: 84216; current_parallel_cap=7
Queue check: current_jobs=7, allowed_parallel=7, current_parallel_cap=7, healthy_ram_streak=8/15, tracked_pids=47, free_ram_mb=5183
Queue check: current_jobs=5, allowed_parallel=7, current_parallel_cap=7, healthy_ram_streak=9/15, tracked_pids=47, free_ram_mb=5558
Starting job: n=2, p=2, iterations=500, score=4000, chip=Apple M4, python_bin=/opt/homebrew/Caskroom/miniconda/base/envs/MasterThesis/bin/python, free_ram_mb=5552, allowed_parallel=7, current_parallel_cap=7, healthy_ram_streak=9/15, tracked_jobs=5
Launched PID: 84435; current_parallel_cap=7
Queue check: current_jobs=6, allowed_parallel=7, current_parallel_cap=7, healthy_ram_streak=10/15, tracked_pids=48, free_ram_mb=5322
Starting job: n=14, p=1, iterations=300, score=4200, chip=Apple M4, python_bin=/opt/homebrew/Caskroom/miniconda/base/envs/MasterThesis/bin/python, free_ram_mb=5291, allowed_parallel=7, current_parallel_cap=7, healthy_ram_streak=10/15, tracked_jobs=6
Launched PID: 84591; current_parallel_cap=7
Queue check: current_jobs=6, allowed_parallel=7, current_parallel_cap=7, healthy_ram_streak=11/15, tracked_pids=49, free_ram_mb=5264
Starting job: n=11, p=2, iterations=100, score=4400, chip=Apple M4, python_bin=/opt/homebrew/Caskroom/miniconda/base/envs/MasterThesis/bin/python, free_ram_mb=5262, allowed_parallel=7, current_parallel_cap=7, healthy_ram_streak=11/15, tracked_jobs=6
Launched PID: 84747; current_parallel_cap=7
Queue check: current_jobs=7, allowed_parallel=7, current_parallel_cap=7, healthy_ram_streak=12/15, tracked_pids=50, free_ram_mb=4398
Queue check: current_jobs=7, allowed_parallel=7, current_parallel_cap=7, healthy_ram_streak=13/15, tracked_pids=50, free_ram_mb=4965
Queue check: current_jobs=7, allowed_parallel=7, current_parallel_cap=7, healthy_ram_streak=14/15, tracked_pids=50, free_ram_mb=4985
Queue check: current_jobs=7, allowed_parallel=8, current_parallel_cap=8, healthy_ram_streak=0/15, tracked_pids=50, free_ram_mb=4999
Starting job: n=5, p=3, iterations=100, score=4500, chip=Apple M4, python_bin=/opt/homebrew/Caskroom/miniconda/base/envs/MasterThesis/bin/python, free_ram_mb=4995, allowed_parallel=8, current_parallel_cap=8, healthy_ram_streak=0/15, tracked_jobs=7
Launched PID: 85088; current_parallel_cap=8
Queue check: current_jobs=8, allowed_parallel=8, current_parallel_cap=8, healthy_ram_streak=1/15, tracked_pids=51, free_ram_mb=5016
Queue check: current_jobs=7, allowed_parallel=8, current_parallel_cap=8, healthy_ram_streak=2/15, tracked_pids=51, free_ram_mb=5026
Starting job: n=9, p=1, iterations=500, score=4500, chip=Apple M4, python_bin=/opt/homebrew/Caskroom/miniconda/base/envs/MasterThesis/bin/python, free_ram_mb=5023, allowed_parallel=8, current_parallel_cap=8, healthy_ram_streak=2/15, tracked_jobs=7
Launched PID: 85306; current_parallel_cap=8
Queue check: current_jobs=8, allowed_parallel=8, current_parallel_cap=8, healthy_ram_streak=3/15, tracked_pids=52, free_ram_mb=5032
Queue check: current_jobs=7, allowed_parallel=8, current_parallel_cap=8, healthy_ram_streak=4/15, tracked_pids=52, free_ram_mb=5162
Starting job: n=12, p=2, iterations=100, score=4800, chip=Apple M4, python_bin=/opt/homebrew/Caskroom/miniconda/base/envs/MasterThesis/bin/python, free_ram_mb=5144, allowed_parallel=8, current_parallel_cap=8, healthy_ram_streak=4/15, tracked_jobs=7
Launched PID: 85524; current_parallel_cap=8
Queue check: current_jobs=8, allowed_parallel=8, current_parallel_cap=8, healthy_ram_streak=5/15, tracked_pids=53, free_ram_mb=5023
Queue check: current_jobs=8, allowed_parallel=8, current_parallel_cap=8, healthy_ram_streak=6/15, tracked_pids=53, free_ram_mb=4982
Queue check: current_jobs=8, allowed_parallel=8, current_parallel_cap=8, healthy_ram_streak=7/15, tracked_pids=53, free_ram_mb=5080
Queue check: current_jobs=8, allowed_parallel=8, current_parallel_cap=8, healthy_ram_streak=8/15, tracked_pids=53, free_ram_mb=5071
Queue check: current_jobs=8, allowed_parallel=8, current_parallel_cap=8, healthy_ram_streak=9/15, tracked_pids=53, free_ram_mb=5112
Queue check: current_jobs=8, allowed_parallel=8, current_parallel_cap=8, healthy_ram_streak=10/15, tracked_pids=53, free_ram_mb=5099
Queue check: current_jobs=8, allowed_parallel=8, current_parallel_cap=8, healthy_ram_streak=11/15, tracked_pids=53, free_ram_mb=5102
Queue check: current_jobs=8, allowed_parallel=8, current_parallel_cap=8, healthy_ram_streak=12/15, tracked_pids=53, free_ram_mb=5094
Queue check: current_jobs=8, allowed_parallel=8, current_parallel_cap=8, healthy_ram_streak=13/15, tracked_pids=53, free_ram_mb=5413
Queue check: current_jobs=8, allowed_parallel=8, current_parallel_cap=8, healthy_ram_streak=14/15, tracked_pids=53, free_ram_mb=5075
Queue check: current_jobs=8, allowed_parallel=9, current_parallel_cap=9, healthy_ram_streak=0/15, tracked_pids=53, free_ram_mb=4994
Starting job: n=3, p=4, iterations=100, score=4800, chip=Apple M4, python_bin=/opt/homebrew/Caskroom/miniconda/base/envs/MasterThesis/bin/python, free_ram_mb=4988, allowed_parallel=9, current_parallel_cap=9, healthy_ram_streak=0/15, tracked_jobs=8
Launched PID: 86301; current_parallel_cap=9
Queue check: current_jobs=9, allowed_parallel=9, current_parallel_cap=9, healthy_ram_streak=1/15, tracked_pids=54, free_ram_mb=4995
Queue check: current_jobs=8, allowed_parallel=9, current_parallel_cap=9, healthy_ram_streak=2/15, tracked_pids=54, free_ram_mb=5009
Starting job: n=4, p=2, iterations=300, score=4800, chip=Apple M4, python_bin=/opt/homebrew/Caskroom/miniconda/base/envs/MasterThesis/bin/python, free_ram_mb=5006, allowed_parallel=9, current_parallel_cap=9, healthy_ram_streak=2/15, tracked_jobs=8
Launched PID: 86519; current_parallel_cap=9
Queue check: current_jobs=9, allowed_parallel=9, current_parallel_cap=9, healthy_ram_streak=3/15, tracked_pids=55, free_ram_mb=4971
Queue check: current_jobs=8, allowed_parallel=9, current_parallel_cap=9, healthy_ram_streak=4/15, tracked_pids=55, free_ram_mb=5017
Starting job: n=2, p=5, iterations=100, score=5000, chip=Apple M4, python_bin=/opt/homebrew/Caskroom/miniconda/base/envs/MasterThesis/bin/python, free_ram_mb=5013, allowed_parallel=9, current_parallel_cap=9, healthy_ram_streak=4/15, tracked_jobs=8
Launched PID: 86737; current_parallel_cap=9
Queue check: current_jobs=9, allowed_parallel=9, current_parallel_cap=9, healthy_ram_streak=5/15, tracked_pids=56, free_ram_mb=5023
Queue check: current_jobs=8, allowed_parallel=9, current_parallel_cap=9, healthy_ram_streak=6/15, tracked_pids=56, free_ram_mb=5006
Starting job: n=10, p=1, iterations=500, score=5000, chip=Apple M4, python_bin=/opt/homebrew/Caskroom/miniconda/base/envs/MasterThesis/bin/python, free_ram_mb=5004, allowed_parallel=9, current_parallel_cap=9, healthy_ram_streak=6/15, tracked_jobs=8
Launched PID: 86955; current_parallel_cap=9
Queue check: current_jobs=9, allowed_parallel=9, current_parallel_cap=9, healthy_ram_streak=7/15, tracked_pids=57, free_ram_mb=4988
Queue check: current_jobs=9, allowed_parallel=9, current_parallel_cap=9, healthy_ram_streak=8/15, tracked_pids=57, free_ram_mb=4968
Queue check: current_jobs=9, allowed_parallel=9, current_parallel_cap=9, healthy_ram_streak=9/15, tracked_pids=57, free_ram_mb=4936
Queue check: current_jobs=9, allowed_parallel=9, current_parallel_cap=9, healthy_ram_streak=10/15, tracked_pids=57, free_ram_mb=4902
Queue check: current_jobs=8, allowed_parallel=9, current_parallel_cap=9, healthy_ram_streak=11/15, tracked_pids=57, free_ram_mb=5102
Starting job: n=13, p=2, iterations=100, score=5200, chip=Apple M4, python_bin=/opt/homebrew/Caskroom/miniconda/base/envs/MasterThesis/bin/python, free_ram_mb=5082, allowed_parallel=9, current_parallel_cap=9, healthy_ram_streak=11/15, tracked_jobs=8
Launched PID: 87356; current_parallel_cap=9
Queue check: current_jobs=9, allowed_parallel=9, current_parallel_cap=9, healthy_ram_streak=12/15, tracked_pids=58, free_ram_mb=4976
Queue check: current_jobs=9, allowed_parallel=9, current_parallel_cap=9, healthy_ram_streak=13/15, tracked_pids=58, free_ram_mb=4908
Queue check: current_jobs=9, allowed_parallel=9, current_parallel_cap=9, healthy_ram_streak=14/15, tracked_pids=58, free_ram_mb=4924
Queue check: current_jobs=9, allowed_parallel=10, current_parallel_cap=10, healthy_ram_streak=0/15, tracked_pids=58, free_ram_mb=4927
Starting job: n=6, p=3, iterations=100, score=5400, chip=Apple M4, python_bin=/opt/homebrew/Caskroom/miniconda/base/envs/MasterThesis/bin/python, free_ram_mb=4927, allowed_parallel=10, current_parallel_cap=10, healthy_ram_streak=0/15, tracked_jobs=9
Launched PID: 87696; current_parallel_cap=10
Queue check: current_jobs=10, allowed_parallel=10, current_parallel_cap=10, healthy_ram_streak=1/15, tracked_pids=59, free_ram_mb=4916
Queue check: current_jobs=9, allowed_parallel=10, current_parallel_cap=10, healthy_ram_streak=2/15, tracked_pids=59, free_ram_mb=4846
Starting job: n=2, p=3, iterations=300, score=5400, chip=Apple M4, python_bin=/opt/homebrew/Caskroom/miniconda/base/envs/MasterThesis/bin/python, free_ram_mb=4852, allowed_parallel=10, current_parallel_cap=10, healthy_ram_streak=2/15, tracked_jobs=9
Launched PID: 87914; current_parallel_cap=10
Queue check: current_jobs=10, allowed_parallel=10, current_parallel_cap=10, healthy_ram_streak=3/15, tracked_pids=60, free_ram_mb=4874
Queue check: current_jobs=9, allowed_parallel=10, current_parallel_cap=10, healthy_ram_streak=4/15, tracked_pids=60, free_ram_mb=4907
Starting job: n=11, p=1, iterations=500, score=5500, chip=Apple M4, python_bin=/opt/homebrew/Caskroom/miniconda/base/envs/MasterThesis/bin/python, free_ram_mb=4908, allowed_parallel=10, current_parallel_cap=10, healthy_ram_streak=4/15, tracked_jobs=9
Launched PID: 88132; current_parallel_cap=10
Queue check: current_jobs=10, allowed_parallel=10, current_parallel_cap=10, healthy_ram_streak=5/15, tracked_pids=61, free_ram_mb=4924
Queue check: current_jobs=10, allowed_parallel=10, current_parallel_cap=10, healthy_ram_streak=6/15, tracked_pids=61, free_ram_mb=4928
Queue check: current_jobs=9, allowed_parallel=10, current_parallel_cap=10, healthy_ram_streak=7/15, tracked_pids=61, free_ram_mb=4944
Starting job: n=14, p=2, iterations=100, score=5600, chip=Apple M4, python_bin=/opt/homebrew/Caskroom/miniconda/base/envs/MasterThesis/bin/python, free_ram_mb=4944, allowed_parallel=10, current_parallel_cap=10, healthy_ram_streak=7/15, tracked_jobs=9
Launched PID: 88411; current_parallel_cap=10
Queue check: current_jobs=10, allowed_parallel=10, current_parallel_cap=10, healthy_ram_streak=8/15, tracked_pids=62, free_ram_mb=4952
Queue check: current_jobs=10, allowed_parallel=10, current_parallel_cap=10, healthy_ram_streak=9/15, tracked_pids=62, free_ram_mb=3336
Queue check: current_jobs=10, allowed_parallel=10, current_parallel_cap=10, healthy_ram_streak=10/15, tracked_pids=62, free_ram_mb=5237
Queue check: current_jobs=10, allowed_parallel=10, current_parallel_cap=10, healthy_ram_streak=11/15, tracked_pids=62, free_ram_mb=5171
Queue check: current_jobs=10, allowed_parallel=10, current_parallel_cap=10, healthy_ram_streak=12/15, tracked_pids=62, free_ram_mb=5249
Queue check: current_jobs=10, allowed_parallel=10, current_parallel_cap=10, healthy_ram_streak=13/15, tracked_pids=62, free_ram_mb=5232
Queue check: current_jobs=10, allowed_parallel=10, current_parallel_cap=10, healthy_ram_streak=14/15, tracked_pids=62, free_ram_mb=5248
Queue check: current_jobs=10, allowed_parallel=10, current_parallel_cap=10, healthy_ram_streak=0/15, tracked_pids=62, free_ram_mb=5241
Queue check: current_jobs=10, allowed_parallel=10, current_parallel_cap=10, healthy_ram_streak=1/15, tracked_pids=62, free_ram_mb=5180
Queue check: current_jobs=10, allowed_parallel=10, current_parallel_cap=10, healthy_ram_streak=2/15, tracked_pids=62, free_ram_mb=5169
Queue check: current_jobs=10, allowed_parallel=10, current_parallel_cap=10, healthy_ram_streak=3/15, tracked_pids=62, free_ram_mb=5166
Queue check: current_jobs=10, allowed_parallel=10, current_parallel_cap=10, healthy_ram_streak=4/15, tracked_pids=62, free_ram_mb=5144
Queue check: current_jobs=10, allowed_parallel=10, current_parallel_cap=10, healthy_ram_streak=5/15, tracked_pids=62, free_ram_mb=5161
Queue check: current_jobs=10, allowed_parallel=10, current_parallel_cap=10, healthy_ram_streak=6/15, tracked_pids=62, free_ram_mb=5168
Queue check: current_jobs=10, allowed_parallel=10, current_parallel_cap=10, healthy_ram_streak=7/15, tracked_pids=62, free_ram_mb=5155
Queue check: current_jobs=10, allowed_parallel=10, current_parallel_cap=10, healthy_ram_streak=8/15, tracked_pids=62, free_ram_mb=5166
Queue check: current_jobs=10, allowed_parallel=10, current_parallel_cap=10, healthy_ram_streak=9/15, tracked_pids=62, free_ram_mb=5181
Queue check: current_jobs=10, allowed_parallel=10, current_parallel_cap=10, healthy_ram_streak=10/15, tracked_pids=62, free_ram_mb=5136
Queue check: current_jobs=10, allowed_parallel=10, current_parallel_cap=10, healthy_ram_streak=11/15, tracked_pids=62, free_ram_mb=5123
Queue check: current_jobs=10, allowed_parallel=10, current_parallel_cap=10, healthy_ram_streak=12/15, tracked_pids=62, free_ram_mb=5122
Queue check: current_jobs=10, allowed_parallel=10, current_parallel_cap=10, healthy_ram_streak=13/15, tracked_pids=62, free_ram_mb=5166
Queue check: current_jobs=10, allowed_parallel=10, current_parallel_cap=10, healthy_ram_streak=14/15, tracked_pids=62, free_ram_mb=5189
Queue check: current_jobs=10, allowed_parallel=10, current_parallel_cap=10, healthy_ram_streak=0/15, tracked_pids=62, free_ram_mb=5178
Queue check: current_jobs=10, allowed_parallel=10, current_parallel_cap=10, healthy_ram_streak=1/15, tracked_pids=62, free_ram_mb=5168
Queue check: current_jobs=10, allowed_parallel=10, current_parallel_cap=10, healthy_ram_streak=2/15, tracked_pids=62, free_ram_mb=5156
Queue check: current_jobs=10, allowed_parallel=10, current_parallel_cap=10, healthy_ram_streak=3/15, tracked_pids=62, free_ram_mb=5140
Queue check: current_jobs=10, allowed_parallel=10, current_parallel_cap=10, healthy_ram_streak=4/15, tracked_pids=62, free_ram_mb=5130
Queue check: current_jobs=9, allowed_parallel=10, current_parallel_cap=10, healthy_ram_streak=5/15, tracked_pids=62, free_ram_mb=5197
Starting job: n=5, p=2, iterations=300, score=6000, chip=Apple M4, python_bin=/opt/homebrew/Caskroom/miniconda/base/envs/MasterThesis/bin/python, free_ram_mb=5195, allowed_parallel=10, current_parallel_cap=10, healthy_ram_streak=5/15, tracked_jobs=9
Launched PID: 90222; current_parallel_cap=10
Queue check: current_jobs=10, allowed_parallel=10, current_parallel_cap=10, healthy_ram_streak=6/15, tracked_pids=63, free_ram_mb=5196
Queue check: current_jobs=9, allowed_parallel=10, current_parallel_cap=10, healthy_ram_streak=7/15, tracked_pids=63, free_ram_mb=5201
Starting job: n=12, p=1, iterations=500, score=6000, chip=Apple M4, python_bin=/opt/homebrew/Caskroom/miniconda/base/envs/MasterThesis/bin/python, free_ram_mb=5216, allowed_parallel=10, current_parallel_cap=10, healthy_ram_streak=7/15, tracked_jobs=9
Launched PID: 90440; current_parallel_cap=10
Queue check: current_jobs=10, allowed_parallel=10, current_parallel_cap=10, healthy_ram_streak=8/15, tracked_pids=64, free_ram_mb=5159
Queue check: current_jobs=10, allowed_parallel=10, current_parallel_cap=10, healthy_ram_streak=9/15, tracked_pids=64, free_ram_mb=5159
Queue check: current_jobs=10, allowed_parallel=10, current_parallel_cap=10, healthy_ram_streak=10/15, tracked_pids=64, free_ram_mb=5179
Queue check: current_jobs=10, allowed_parallel=10, current_parallel_cap=10, healthy_ram_streak=11/15, tracked_pids=64, free_ram_mb=5177
Queue check: current_jobs=10, allowed_parallel=10, current_parallel_cap=10, healthy_ram_streak=12/15, tracked_pids=64, free_ram_mb=5149
Queue check: current_jobs=10, allowed_parallel=10, current_parallel_cap=10, healthy_ram_streak=13/15, tracked_pids=64, free_ram_mb=5107
Queue check: current_jobs=10, allowed_parallel=10, current_parallel_cap=10, healthy_ram_streak=14/15, tracked_pids=64, free_ram_mb=5126
Queue check: current_jobs=10, allowed_parallel=10, current_parallel_cap=10, healthy_ram_streak=0/15, tracked_pids=64, free_ram_mb=5133
Queue check: current_jobs=10, allowed_parallel=10, current_parallel_cap=10, healthy_ram_streak=1/15, tracked_pids=64, free_ram_mb=5121
Queue check: current_jobs=10, allowed_parallel=10, current_parallel_cap=10, healthy_ram_streak=2/15, tracked_pids=64, free_ram_mb=5124
Queue check: current_jobs=10, allowed_parallel=10, current_parallel_cap=10, healthy_ram_streak=3/15, tracked_pids=64, free_ram_mb=5119
Queue check: current_jobs=10, allowed_parallel=10, current_parallel_cap=10, healthy_ram_streak=4/15, tracked_pids=64, free_ram_mb=5114
Queue check: current_jobs=10, allowed_parallel=10, current_parallel_cap=10, healthy_ram_streak=5/15, tracked_pids=64, free_ram_mb=5068
Queue check: current_jobs=10, allowed_parallel=10, current_parallel_cap=10, healthy_ram_streak=6/15, tracked_pids=64, free_ram_mb=5120
Queue check: current_jobs=10, allowed_parallel=10, current_parallel_cap=10, healthy_ram_streak=7/15, tracked_pids=64, free_ram_mb=5129
Queue check: current_jobs=10, allowed_parallel=10, current_parallel_cap=10, healthy_ram_streak=8/15, tracked_pids=64, free_ram_mb=5164
Queue check: current_jobs=10, allowed_parallel=10, current_parallel_cap=10, healthy_ram_streak=9/15, tracked_pids=64, free_ram_mb=5145
Queue check: current_jobs=10, allowed_parallel=10, current_parallel_cap=10, healthy_ram_streak=10/15, tracked_pids=64, free_ram_mb=5125
Queue check: current_jobs=10, allowed_parallel=10, current_parallel_cap=10, healthy_ram_streak=11/15, tracked_pids=64, free_ram_mb=5123
Queue check: current_jobs=10, allowed_parallel=10, current_parallel_cap=10, healthy_ram_streak=12/15, tracked_pids=64, free_ram_mb=5125
Queue check: current_jobs=10, allowed_parallel=10, current_parallel_cap=10, healthy_ram_streak=13/15, tracked_pids=64, free_ram_mb=5142
Queue check: current_jobs=10, allowed_parallel=10, current_parallel_cap=10, healthy_ram_streak=14/15, tracked_pids=64, free_ram_mb=5128
Queue check: current_jobs=10, allowed_parallel=10, current_parallel_cap=10, healthy_ram_streak=0/15, tracked_pids=64, free_ram_mb=5125
Queue check: current_jobs=10, allowed_parallel=10, current_parallel_cap=10, healthy_ram_streak=1/15, tracked_pids=64, free_ram_mb=5131
Queue check: current_jobs=10, allowed_parallel=10, current_parallel_cap=10, healthy_ram_streak=2/15, tracked_pids=64, free_ram_mb=5137
Queue check: current_jobs=10, allowed_parallel=10, current_parallel_cap=10, healthy_ram_streak=3/15, tracked_pids=64, free_ram_mb=5134
Queue check: current_jobs=10, allowed_parallel=10, current_parallel_cap=10, healthy_ram_streak=4/15, tracked_pids=64, free_ram_mb=5145
Queue check: current_jobs=10, allowed_parallel=10, current_parallel_cap=10, healthy_ram_streak=5/15, tracked_pids=64, free_ram_mb=5120
Queue check: current_jobs=10, allowed_parallel=10, current_parallel_cap=10, healthy_ram_streak=6/15, tracked_pids=64, free_ram_mb=5108
Queue check: current_jobs=10, allowed_parallel=10, current_parallel_cap=10, healthy_ram_streak=7/15, tracked_pids=64, free_ram_mb=5172
Queue check: current_jobs=10, allowed_parallel=10, current_parallel_cap=10, healthy_ram_streak=8/15, tracked_pids=64, free_ram_mb=5165
Queue check: current_jobs=10, allowed_parallel=10, current_parallel_cap=10, healthy_ram_streak=9/15, tracked_pids=64, free_ram_mb=5159
Queue check: current_jobs=10, allowed_parallel=10, current_parallel_cap=10, healthy_ram_streak=10/15, tracked_pids=64, free_ram_mb=5146
Queue check: current_jobs=10, allowed_parallel=10, current_parallel_cap=10, healthy_ram_streak=11/15, tracked_pids=64, free_ram_mb=5160
Queue check: current_jobs=10, allowed_parallel=10, current_parallel_cap=10, healthy_ram_streak=12/15, tracked_pids=64, free_ram_mb=5152
Queue check: current_jobs=10, allowed_parallel=10, current_parallel_cap=10, healthy_ram_streak=13/15, tracked_pids=64, free_ram_mb=5123
Queue check: current_jobs=10, allowed_parallel=10, current_parallel_cap=10, healthy_ram_streak=14/15, tracked_pids=64, free_ram_mb=5159
Queue check: current_jobs=10, allowed_parallel=10, current_parallel_cap=10, healthy_ram_streak=0/15, tracked_pids=64, free_ram_mb=5167
Queue check: current_jobs=10, allowed_parallel=10, current_parallel_cap=10, healthy_ram_streak=1/15, tracked_pids=64, free_ram_mb=5133
Queue check: current_jobs=10, allowed_parallel=10, current_parallel_cap=10, healthy_ram_streak=2/15, tracked_pids=64, free_ram_mb=5166
Queue check: current_jobs=10, allowed_parallel=10, current_parallel_cap=10, healthy_ram_streak=3/15, tracked_pids=64, free_ram_mb=5136
Queue check: current_jobs=10, allowed_parallel=10, current_parallel_cap=10, healthy_ram_streak=4/15, tracked_pids=64, free_ram_mb=5130
Queue check: current_jobs=10, allowed_parallel=10, current_parallel_cap=10, healthy_ram_streak=5/15, tracked_pids=64, free_ram_mb=5139
Queue check: current_jobs=10, allowed_parallel=10, current_parallel_cap=10, healthy_ram_streak=6/15, tracked_pids=64, free_ram_mb=5153
Queue check: current_jobs=10, allowed_parallel=10, current_parallel_cap=10, healthy_ram_streak=7/15, tracked_pids=64, free_ram_mb=5118
Queue check: current_jobs=10, allowed_parallel=10, current_parallel_cap=10, healthy_ram_streak=8/15, tracked_pids=64, free_ram_mb=5134
Queue check: current_jobs=10, allowed_parallel=10, current_parallel_cap=10, healthy_ram_streak=9/15, tracked_pids=64, free_ram_mb=5131
Queue check: current_jobs=10, allowed_parallel=10, current_parallel_cap=10, healthy_ram_streak=10/15, tracked_pids=64, free_ram_mb=5130
Queue check: current_jobs=10, allowed_parallel=10, current_parallel_cap=10, healthy_ram_streak=11/15, tracked_pids=64, free_ram_mb=5145
Queue check: current_jobs=10, allowed_parallel=10, current_parallel_cap=10, healthy_ram_streak=12/15, tracked_pids=64, free_ram_mb=5145
Queue check: current_jobs=10, allowed_parallel=10, current_parallel_cap=10, healthy_ram_streak=13/15, tracked_pids=64, free_ram_mb=5136
Queue check: current_jobs=10, allowed_parallel=10, current_parallel_cap=10, healthy_ram_streak=14/15, tracked_pids=64, free_ram_mb=5134
Queue check: current_jobs=10, allowed_parallel=10, current_parallel_cap=10, healthy_ram_streak=0/15, tracked_pids=64, free_ram_mb=5131
Queue check: current_jobs=10, allowed_parallel=10, current_parallel_cap=10, healthy_ram_streak=1/15, tracked_pids=64, free_ram_mb=5123
Queue check: current_jobs=10, allowed_parallel=10, current_parallel_cap=10, healthy_ram_streak=2/15, tracked_pids=64, free_ram_mb=5105
Queue check: current_jobs=10, allowed_parallel=10, current_parallel_cap=10, healthy_ram_streak=3/15, tracked_pids=64, free_ram_mb=5119
Queue check: current_jobs=10, allowed_parallel=10, current_parallel_cap=10, healthy_ram_streak=4/15, tracked_pids=64, free_ram_mb=5142
Queue check: current_jobs=10, allowed_parallel=10, current_parallel_cap=10, healthy_ram_streak=5/15, tracked_pids=64, free_ram_mb=5140
Queue check: current_jobs=10, allowed_parallel=10, current_parallel_cap=10, healthy_ram_streak=6/15, tracked_pids=64, free_ram_mb=5104
Queue check: current_jobs=9, allowed_parallel=10, current_parallel_cap=10, healthy_ram_streak=7/15, tracked_pids=64, free_ram_mb=5339
Starting job: n=3, p=2, iterations=500, score=6000, chip=Apple M4, python_bin=/opt/homebrew/Caskroom/miniconda/base/envs/MasterThesis/bin/python, free_ram_mb=5329, allowed_parallel=10, current_parallel_cap=10, healthy_ram_streak=7/15, tracked_jobs=9
Launched PID: 94208; current_parallel_cap=10
Queue check: current_jobs=10, allowed_parallel=10, current_parallel_cap=10, healthy_ram_streak=8/15, tracked_pids=65, free_ram_mb=5209
Queue check: current_jobs=9, allowed_parallel=10, current_parallel_cap=10, healthy_ram_streak=9/15, tracked_pids=65, free_ram_mb=5230
Starting job: n=7, p=3, iterations=100, score=6300, chip=Apple M4, python_bin=/opt/homebrew/Caskroom/miniconda/base/envs/MasterThesis/bin/python, free_ram_mb=5209, allowed_parallel=10, current_parallel_cap=10, healthy_ram_streak=9/15, tracked_jobs=9
Launched PID: 94426; current_parallel_cap=10
Queue check: current_jobs=10, allowed_parallel=10, current_parallel_cap=10, healthy_ram_streak=10/15, tracked_pids=66, free_ram_mb=5173
Queue check: current_jobs=9, allowed_parallel=10, current_parallel_cap=10, healthy_ram_streak=11/15, tracked_pids=66, free_ram_mb=5218
Starting job: n=4, p=4, iterations=100, score=6400, chip=Apple M4, python_bin=/opt/homebrew/Caskroom/miniconda/base/envs/MasterThesis/bin/python, free_ram_mb=5213, allowed_parallel=10, current_parallel_cap=10, healthy_ram_streak=11/15, tracked_jobs=9
Launched PID: 94647; current_parallel_cap=10
Queue check: current_jobs=10, allowed_parallel=10, current_parallel_cap=10, healthy_ram_streak=12/15, tracked_pids=67, free_ram_mb=5162
Queue check: current_jobs=9, allowed_parallel=10, current_parallel_cap=10, healthy_ram_streak=13/15, tracked_pids=67, free_ram_mb=5204
Starting job: n=13, p=1, iterations=500, score=6500, chip=Apple M4, python_bin=/opt/homebrew/Caskroom/miniconda/base/envs/MasterThesis/bin/python, free_ram_mb=5203, allowed_parallel=10, current_parallel_cap=10, healthy_ram_streak=13/15, tracked_jobs=9
Launched PID: 94868; current_parallel_cap=10
Queue check: current_jobs=10, allowed_parallel=10, current_parallel_cap=10, healthy_ram_streak=14/15, tracked_pids=68, free_ram_mb=5194
Queue check: current_jobs=10, allowed_parallel=10, current_parallel_cap=10, healthy_ram_streak=0/15, tracked_pids=68, free_ram_mb=5145
Queue check: current_jobs=10, allowed_parallel=10, current_parallel_cap=10, healthy_ram_streak=1/15, tracked_pids=68, free_ram_mb=5113
Queue check: current_jobs=10, allowed_parallel=10, current_parallel_cap=10, healthy_ram_streak=2/15, tracked_pids=68, free_ram_mb=5086
Queue check: current_jobs=10, allowed_parallel=10, current_parallel_cap=10, healthy_ram_streak=3/15, tracked_pids=68, free_ram_mb=5122
Queue check: current_jobs=10, allowed_parallel=10, current_parallel_cap=10, healthy_ram_streak=4/15, tracked_pids=68, free_ram_mb=5131
Queue check: current_jobs=10, allowed_parallel=10, current_parallel_cap=10, healthy_ram_streak=5/15, tracked_pids=68, free_ram_mb=5136
Queue check: current_jobs=10, allowed_parallel=10, current_parallel_cap=10, healthy_ram_streak=6/15, tracked_pids=68, free_ram_mb=5131
Queue check: current_jobs=10, allowed_parallel=10, current_parallel_cap=10, healthy_ram_streak=7/15, tracked_pids=68, free_ram_mb=5126
Queue check: current_jobs=10, allowed_parallel=10, current_parallel_cap=10, healthy_ram_streak=8/15, tracked_pids=68, free_ram_mb=5119
Queue check: current_jobs=10, allowed_parallel=10, current_parallel_cap=10, healthy_ram_streak=9/15, tracked_pids=68, free_ram_mb=5140
Queue check: current_jobs=10, allowed_parallel=10, current_parallel_cap=10, healthy_ram_streak=10/15, tracked_pids=68, free_ram_mb=5137
Queue check: current_jobs=10, allowed_parallel=10, current_parallel_cap=10, healthy_ram_streak=11/15, tracked_pids=68, free_ram_mb=5132
Queue check: current_jobs=10, allowed_parallel=10, current_parallel_cap=10, healthy_ram_streak=12/15, tracked_pids=68, free_ram_mb=4974
Queue check: current_jobs=10, allowed_parallel=10, current_parallel_cap=10, healthy_ram_streak=13/15, tracked_pids=68, free_ram_mb=4991
Queue check: current_jobs=10, allowed_parallel=10, current_parallel_cap=10, healthy_ram_streak=14/15, tracked_pids=68, free_ram_mb=5005
Queue check: current_jobs=10, allowed_parallel=10, current_parallel_cap=10, healthy_ram_streak=0/15, tracked_pids=68, free_ram_mb=5002
Queue check: current_jobs=10, allowed_parallel=10, current_parallel_cap=10, healthy_ram_streak=1/15, tracked_pids=68, free_ram_mb=4926
Queue check: current_jobs=10, allowed_parallel=10, current_parallel_cap=10, healthy_ram_streak=2/15, tracked_pids=68, free_ram_mb=5036
Queue check: current_jobs=10, allowed_parallel=10, current_parallel_cap=10, healthy_ram_streak=3/15, tracked_pids=68, free_ram_mb=5011
Queue check: current_jobs=10, allowed_parallel=10, current_parallel_cap=10, healthy_ram_streak=4/15, tracked_pids=68, free_ram_mb=5031
Queue check: current_jobs=10, allowed_parallel=10, current_parallel_cap=10, healthy_ram_streak=5/15, tracked_pids=68, free_ram_mb=5023
Queue check: current_jobs=10, allowed_parallel=10, current_parallel_cap=10, healthy_ram_streak=6/15, tracked_pids=68, free_ram_mb=5021
Queue check: current_jobs=10, allowed_parallel=10, current_parallel_cap=10, healthy_ram_streak=7/15, tracked_pids=68, free_ram_mb=4994
Queue check: current_jobs=10, allowed_parallel=10, current_parallel_cap=10, healthy_ram_streak=8/15, tracked_pids=68, free_ram_mb=4990
Queue check: current_jobs=10, allowed_parallel=10, current_parallel_cap=10, healthy_ram_streak=9/15, tracked_pids=68, free_ram_mb=5198
Queue check: current_jobs=10, allowed_parallel=10, current_parallel_cap=10, healthy_ram_streak=10/15, tracked_pids=68, free_ram_mb=5164
Queue check: current_jobs=10, allowed_parallel=10, current_parallel_cap=10, healthy_ram_streak=11/15, tracked_pids=68, free_ram_mb=5112
Queue check: current_jobs=10, allowed_parallel=10, current_parallel_cap=10, healthy_ram_streak=12/15, tracked_pids=68, free_ram_mb=5126
Queue check: current_jobs=10, allowed_parallel=10, current_parallel_cap=10, healthy_ram_streak=13/15, tracked_pids=68, free_ram_mb=5123
Queue check: current_jobs=10, allowed_parallel=10, current_parallel_cap=10, healthy_ram_streak=14/15, tracked_pids=68, free_ram_mb=5125
Queue check: current_jobs=10, allowed_parallel=10, current_parallel_cap=10, healthy_ram_streak=0/15, tracked_pids=68, free_ram_mb=5088
Queue check: current_jobs=10, allowed_parallel=10, current_parallel_cap=10, healthy_ram_streak=1/15, tracked_pids=68, free_ram_mb=5104
Queue check: current_jobs=10, allowed_parallel=10, current_parallel_cap=10, healthy_ram_streak=2/15, tracked_pids=68, free_ram_mb=5118
Queue check: current_jobs=10, allowed_parallel=10, current_parallel_cap=10, healthy_ram_streak=3/15, tracked_pids=68, free_ram_mb=5082
Queue check: current_jobs=10, allowed_parallel=10, current_parallel_cap=10, healthy_ram_streak=4/15, tracked_pids=68, free_ram_mb=5108
Queue check: current_jobs=10, allowed_parallel=10, current_parallel_cap=10, healthy_ram_streak=5/15, tracked_pids=68, free_ram_mb=5103
Queue check: current_jobs=10, allowed_parallel=10, current_parallel_cap=10, healthy_ram_streak=6/15, tracked_pids=68, free_ram_mb=5116
Queue check: current_jobs=10, allowed_parallel=10, current_parallel_cap=10, healthy_ram_streak=7/15, tracked_pids=68, free_ram_mb=5102
Queue check: current_jobs=10, allowed_parallel=10, current_parallel_cap=10, healthy_ram_streak=8/15, tracked_pids=68, free_ram_mb=5072
Queue check: current_jobs=10, allowed_parallel=10, current_parallel_cap=10, healthy_ram_streak=9/15, tracked_pids=68, free_ram_mb=5081
Queue check: current_jobs=10, allowed_parallel=10, current_parallel_cap=10, healthy_ram_streak=10/15, tracked_pids=68, free_ram_mb=5100
Queue check: current_jobs=10, allowed_parallel=10, current_parallel_cap=10, healthy_ram_streak=11/15, tracked_pids=68, free_ram_mb=5362
Queue check: current_jobs=10, allowed_parallel=10, current_parallel_cap=10, healthy_ram_streak=12/15, tracked_pids=68, free_ram_mb=5110
Queue check: current_jobs=10, allowed_parallel=10, current_parallel_cap=10, healthy_ram_streak=13/15, tracked_pids=68, free_ram_mb=5117
Queue check: current_jobs=10, allowed_parallel=10, current_parallel_cap=10, healthy_ram_streak=14/15, tracked_pids=68, free_ram_mb=5133
Queue check: current_jobs=10, allowed_parallel=10, current_parallel_cap=10, healthy_ram_streak=0/15, tracked_pids=68, free_ram_mb=5169
Queue check: current_jobs=10, allowed_parallel=10, current_parallel_cap=10, healthy_ram_streak=1/15, tracked_pids=68, free_ram_mb=5166
Queue check: current_jobs=10, allowed_parallel=10, current_parallel_cap=10, healthy_ram_streak=2/15, tracked_pids=68, free_ram_mb=5120
Queue check: current_jobs=10, allowed_parallel=10, current_parallel_cap=10, healthy_ram_streak=3/15, tracked_pids=68, free_ram_mb=5137
Queue check: current_jobs=10, allowed_parallel=10, current_parallel_cap=10, healthy_ram_streak=4/15, tracked_pids=68, free_ram_mb=5143
Queue check: current_jobs=10, allowed_parallel=10, current_parallel_cap=10, healthy_ram_streak=5/15, tracked_pids=68, free_ram_mb=5157
Queue check: current_jobs=10, allowed_parallel=10, current_parallel_cap=10, healthy_ram_streak=6/15, tracked_pids=68, free_ram_mb=5134
Queue check: current_jobs=10, allowed_parallel=10, current_parallel_cap=10, healthy_ram_streak=7/15, tracked_pids=68, free_ram_mb=5120
Queue check: current_jobs=10, allowed_parallel=10, current_parallel_cap=10, healthy_ram_streak=8/15, tracked_pids=68, free_ram_mb=5124
Queue check: current_jobs=10, allowed_parallel=10, current_parallel_cap=10, healthy_ram_streak=9/15, tracked_pids=68, free_ram_mb=5103
Queue check: current_jobs=10, allowed_parallel=10, current_parallel_cap=10, healthy_ram_streak=10/15, tracked_pids=68, free_ram_mb=5063
Queue check: current_jobs=10, allowed_parallel=10, current_parallel_cap=10, healthy_ram_streak=11/15, tracked_pids=68, free_ram_mb=5107
Queue check: current_jobs=10, allowed_parallel=10, current_parallel_cap=10, healthy_ram_streak=12/15, tracked_pids=68, free_ram_mb=5163
Queue check: current_jobs=10, allowed_parallel=10, current_parallel_cap=10, healthy_ram_streak=13/15, tracked_pids=68, free_ram_mb=5153
Queue check: current_jobs=10, allowed_parallel=10, current_parallel_cap=10, healthy_ram_streak=14/15, tracked_pids=68, free_ram_mb=5140
Queue check: current_jobs=10, allowed_parallel=10, current_parallel_cap=10, healthy_ram_streak=0/15, tracked_pids=68, free_ram_mb=5146
Queue check: current_jobs=10, allowed_parallel=10, current_parallel_cap=10, healthy_ram_streak=1/15, tracked_pids=68, free_ram_mb=5096
Queue check: current_jobs=10, allowed_parallel=10, current_parallel_cap=10, healthy_ram_streak=2/15, tracked_pids=68, free_ram_mb=5131
Queue check: current_jobs=10, allowed_parallel=10, current_parallel_cap=10, healthy_ram_streak=3/15, tracked_pids=68, free_ram_mb=5129
Queue check: current_jobs=10, allowed_parallel=10, current_parallel_cap=10, healthy_ram_streak=4/15, tracked_pids=68, free_ram_mb=5129
Queue check: current_jobs=10, allowed_parallel=10, current_parallel_cap=10, healthy_ram_streak=5/15, tracked_pids=68, free_ram_mb=5134
Queue check: current_jobs=10, allowed_parallel=10, current_parallel_cap=10, healthy_ram_streak=6/15, tracked_pids=68, free_ram_mb=5134
Queue check: current_jobs=10, allowed_parallel=10, current_parallel_cap=10, healthy_ram_streak=7/15, tracked_pids=68, free_ram_mb=5122
Queue check: current_jobs=10, allowed_parallel=10, current_parallel_cap=10, healthy_ram_streak=8/15, tracked_pids=68, free_ram_mb=5109
Queue check: current_jobs=10, allowed_parallel=10, current_parallel_cap=10, healthy_ram_streak=9/15, tracked_pids=68, free_ram_mb=5095
Queue check: current_jobs=10, allowed_parallel=10, current_parallel_cap=10, healthy_ram_streak=10/15, tracked_pids=68, free_ram_mb=5115
Queue check: current_jobs=10, allowed_parallel=10, current_parallel_cap=10, healthy_ram_streak=11/15, tracked_pids=68, free_ram_mb=5121
Queue check: current_jobs=10, allowed_parallel=10, current_parallel_cap=10, healthy_ram_streak=12/15, tracked_pids=68, free_ram_mb=5101
Queue check: current_jobs=10, allowed_parallel=10, current_parallel_cap=10, healthy_ram_streak=13/15, tracked_pids=68, free_ram_mb=5149
Queue check: current_jobs=10, allowed_parallel=10, current_parallel_cap=10, healthy_ram_streak=14/15, tracked_pids=68, free_ram_mb=5355
Queue check: current_jobs=9, allowed_parallel=10, current_parallel_cap=10, healthy_ram_streak=0/15, tracked_pids=68, free_ram_mb=5212
Starting job: n=14, p=1, iterations=500, score=7000, chip=Apple M4, python_bin=/opt/homebrew/Caskroom/miniconda/base/envs/MasterThesis/bin/python, free_ram_mb=5202, allowed_parallel=10, current_parallel_cap=10, healthy_ram_streak=0/15, tracked_jobs=9
Launched PID: 99695; current_parallel_cap=10
Queue check: current_jobs=10, allowed_parallel=10, current_parallel_cap=10, healthy_ram_streak=1/15, tracked_pids=69, free_ram_mb=5188
Queue check: current_jobs=10, allowed_parallel=10, current_parallel_cap=10, healthy_ram_streak=2/15, tracked_pids=69, free_ram_mb=4219
Queue check: current_jobs=10, allowed_parallel=10, current_parallel_cap=10, healthy_ram_streak=3/15, tracked_pids=69, free_ram_mb=5198
Queue check: current_jobs=10, allowed_parallel=10, current_parallel_cap=10, healthy_ram_streak=4/15, tracked_pids=69, free_ram_mb=5251
Queue check: current_jobs=10, allowed_parallel=10, current_parallel_cap=10, healthy_ram_streak=5/15, tracked_pids=69, free_ram_mb=5251
Queue check: current_jobs=10, allowed_parallel=10, current_parallel_cap=10, healthy_ram_streak=6/15, tracked_pids=69, free_ram_mb=5215
Queue check: current_jobs=10, allowed_parallel=10, current_parallel_cap=10, healthy_ram_streak=7/15, tracked_pids=69, free_ram_mb=5228
Queue check: current_jobs=10, allowed_parallel=10, current_parallel_cap=10, healthy_ram_streak=8/15, tracked_pids=69, free_ram_mb=5221
Queue check: current_jobs=10, allowed_parallel=10, current_parallel_cap=10, healthy_ram_streak=9/15, tracked_pids=69, free_ram_mb=5176
Queue check: current_jobs=10, allowed_parallel=10, current_parallel_cap=10, healthy_ram_streak=10/15, tracked_pids=69, free_ram_mb=5217
Queue check: current_jobs=10, allowed_parallel=10, current_parallel_cap=10, healthy_ram_streak=11/15, tracked_pids=69, free_ram_mb=5229
Queue check: current_jobs=10, allowed_parallel=10, current_parallel_cap=10, healthy_ram_streak=12/15, tracked_pids=69, free_ram_mb=5231
Queue check: current_jobs=10, allowed_parallel=10, current_parallel_cap=10, healthy_ram_streak=13/15, tracked_pids=69, free_ram_mb=5218
Queue check: current_jobs=10, allowed_parallel=10, current_parallel_cap=10, healthy_ram_streak=14/15, tracked_pids=69, free_ram_mb=5203
Queue check: current_jobs=10, allowed_parallel=10, current_parallel_cap=10, healthy_ram_streak=0/15, tracked_pids=69, free_ram_mb=5152
Queue check: current_jobs=10, allowed_parallel=10, current_parallel_cap=10, healthy_ram_streak=1/15, tracked_pids=69, free_ram_mb=5222
Queue check: current_jobs=10, allowed_parallel=10, current_parallel_cap=10, healthy_ram_streak=2/15, tracked_pids=69, free_ram_mb=5203
Queue check: current_jobs=10, allowed_parallel=10, current_parallel_cap=10, healthy_ram_streak=3/15, tracked_pids=69, free_ram_mb=5212
Queue check: current_jobs=10, allowed_parallel=10, current_parallel_cap=10, healthy_ram_streak=4/15, tracked_pids=69, free_ram_mb=5207
Queue check: current_jobs=10, allowed_parallel=10, current_parallel_cap=10, healthy_ram_streak=5/15, tracked_pids=69, free_ram_mb=5216
Queue check: current_jobs=10, allowed_parallel=10, current_parallel_cap=10, healthy_ram_streak=6/15, tracked_pids=69, free_ram_mb=5213
Queue check: current_jobs=10, allowed_parallel=10, current_parallel_cap=10, healthy_ram_streak=7/15, tracked_pids=69, free_ram_mb=5120
Queue check: current_jobs=10, allowed_parallel=10, current_parallel_cap=10, healthy_ram_streak=8/15, tracked_pids=69, free_ram_mb=5202
Queue check: current_jobs=10, allowed_parallel=10, current_parallel_cap=10, healthy_ram_streak=9/15, tracked_pids=69, free_ram_mb=5185
Queue check: current_jobs=10, allowed_parallel=10, current_parallel_cap=10, healthy_ram_streak=10/15, tracked_pids=69, free_ram_mb=5217
Queue check: current_jobs=10, allowed_parallel=10, current_parallel_cap=10, healthy_ram_streak=11/15, tracked_pids=69, free_ram_mb=5215
Queue check: current_jobs=10, allowed_parallel=10, current_parallel_cap=10, healthy_ram_streak=12/15, tracked_pids=69, free_ram_mb=5200
Queue check: current_jobs=10, allowed_parallel=10, current_parallel_cap=10, healthy_ram_streak=13/15, tracked_pids=69, free_ram_mb=5188
Queue check: current_jobs=10, allowed_parallel=10, current_parallel_cap=10, healthy_ram_streak=14/15, tracked_pids=69, free_ram_mb=5200
Queue check: current_jobs=10, allowed_parallel=10, current_parallel_cap=10, healthy_ram_streak=0/15, tracked_pids=69, free_ram_mb=5191
Queue check: current_jobs=10, allowed_parallel=10, current_parallel_cap=10, healthy_ram_streak=1/15, tracked_pids=69, free_ram_mb=5206
Queue check: current_jobs=10, allowed_parallel=10, current_parallel_cap=10, healthy_ram_streak=2/15, tracked_pids=69, free_ram_mb=5181
Queue check: current_jobs=10, allowed_parallel=10, current_parallel_cap=10, healthy_ram_streak=3/15, tracked_pids=69, free_ram_mb=5184
Queue check: current_jobs=10, allowed_parallel=10, current_parallel_cap=10, healthy_ram_streak=4/15, tracked_pids=69, free_ram_mb=5200
Queue check: current_jobs=10, allowed_parallel=10, current_parallel_cap=10, healthy_ram_streak=5/15, tracked_pids=69, free_ram_mb=5199
Queue check: current_jobs=10, allowed_parallel=10, current_parallel_cap=10, healthy_ram_streak=6/15, tracked_pids=69, free_ram_mb=5212
Queue check: current_jobs=10, allowed_parallel=10, current_parallel_cap=10, healthy_ram_streak=7/15, tracked_pids=69, free_ram_mb=5215
Queue check: current_jobs=10, allowed_parallel=10, current_parallel_cap=10, healthy_ram_streak=8/15, tracked_pids=69, free_ram_mb=5192
Queue check: current_jobs=10, allowed_parallel=10, current_parallel_cap=10, healthy_ram_streak=9/15, tracked_pids=69, free_ram_mb=5155
Queue check: current_jobs=10, allowed_parallel=10, current_parallel_cap=10, healthy_ram_streak=10/15, tracked_pids=69, free_ram_mb=5265
Queue check: current_jobs=10, allowed_parallel=10, current_parallel_cap=10, healthy_ram_streak=11/15, tracked_pids=69, free_ram_mb=5201
Queue check: current_jobs=10, allowed_parallel=10, current_parallel_cap=10, healthy_ram_streak=12/15, tracked_pids=69, free_ram_mb=5197
Queue check: current_jobs=10, allowed_parallel=10, current_parallel_cap=10, healthy_ram_streak=13/15, tracked_pids=69, free_ram_mb=5238
Queue check: current_jobs=10, allowed_parallel=10, current_parallel_cap=10, healthy_ram_streak=14/15, tracked_pids=69, free_ram_mb=5210
Queue check: current_jobs=10, allowed_parallel=10, current_parallel_cap=10, healthy_ram_streak=0/15, tracked_pids=69, free_ram_mb=5228
Queue check: current_jobs=10, allowed_parallel=10, current_parallel_cap=10, healthy_ram_streak=1/15, tracked_pids=69, free_ram_mb=5217
Queue check: current_jobs=10, allowed_parallel=10, current_parallel_cap=10, healthy_ram_streak=2/15, tracked_pids=69, free_ram_mb=5216
Queue check: current_jobs=10, allowed_parallel=10, current_parallel_cap=10, healthy_ram_streak=3/15, tracked_pids=69, free_ram_mb=5242
Queue check: current_jobs=10, allowed_parallel=10, current_parallel_cap=10, healthy_ram_streak=4/15, tracked_pids=69, free_ram_mb=5218
Queue check: current_jobs=10, allowed_parallel=10, current_parallel_cap=10, healthy_ram_streak=5/15, tracked_pids=69, free_ram_mb=5203
Queue check: current_jobs=10, allowed_parallel=10, current_parallel_cap=10, healthy_ram_streak=6/15, tracked_pids=69, free_ram_mb=5220
Queue check: current_jobs=10, allowed_parallel=10, current_parallel_cap=10, healthy_ram_streak=7/15, tracked_pids=69, free_ram_mb=5201
Queue check: current_jobs=10, allowed_parallel=10, current_parallel_cap=10, healthy_ram_streak=8/15, tracked_pids=69, free_ram_mb=5207
Queue check: current_jobs=10, allowed_parallel=10, current_parallel_cap=10, healthy_ram_streak=9/15, tracked_pids=69, free_ram_mb=5209
Queue check: current_jobs=10, allowed_parallel=10, current_parallel_cap=10, healthy_ram_streak=10/15, tracked_pids=69, free_ram_mb=5179
Queue check: current_jobs=10, allowed_parallel=10, current_parallel_cap=10, healthy_ram_streak=11/15, tracked_pids=69, free_ram_mb=5176
Queue check: current_jobs=10, allowed_parallel=10, current_parallel_cap=10, healthy_ram_streak=12/15, tracked_pids=69, free_ram_mb=5210
Queue check: current_jobs=10, allowed_parallel=10, current_parallel_cap=10, healthy_ram_streak=13/15, tracked_pids=69, free_ram_mb=5204
Queue check: current_jobs=10, allowed_parallel=10, current_parallel_cap=10, healthy_ram_streak=14/15, tracked_pids=69, free_ram_mb=5219
Queue check: current_jobs=10, allowed_parallel=10, current_parallel_cap=10, healthy_ram_streak=0/15, tracked_pids=69, free_ram_mb=5193
Queue check: current_jobs=10, allowed_parallel=10, current_parallel_cap=10, healthy_ram_streak=1/15, tracked_pids=69, free_ram_mb=5207
Queue check: current_jobs=10, allowed_parallel=10, current_parallel_cap=10, healthy_ram_streak=2/15, tracked_pids=69, free_ram_mb=5194
Queue check: current_jobs=10, allowed_parallel=10, current_parallel_cap=10, healthy_ram_streak=3/15, tracked_pids=69, free_ram_mb=5139
Queue check: current_jobs=10, allowed_parallel=10, current_parallel_cap=10, healthy_ram_streak=4/15, tracked_pids=69, free_ram_mb=5169
Queue check: current_jobs=10, allowed_parallel=10, current_parallel_cap=10, healthy_ram_streak=5/15, tracked_pids=69, free_ram_mb=5181
Queue check: current_jobs=10, allowed_parallel=10, current_parallel_cap=10, healthy_ram_streak=6/15, tracked_pids=69, free_ram_mb=5195
Queue check: current_jobs=10, allowed_parallel=10, current_parallel_cap=10, healthy_ram_streak=7/15, tracked_pids=69, free_ram_mb=5199
Queue check: current_jobs=10, allowed_parallel=10, current_parallel_cap=10, healthy_ram_streak=8/15, tracked_pids=69, free_ram_mb=5194
Queue check: current_jobs=10, allowed_parallel=10, current_parallel_cap=10, healthy_ram_streak=9/15, tracked_pids=69, free_ram_mb=5192
Queue check: current_jobs=10, allowed_parallel=10, current_parallel_cap=10, healthy_ram_streak=10/15, tracked_pids=69, free_ram_mb=5186
Queue check: current_jobs=10, allowed_parallel=10, current_parallel_cap=10, healthy_ram_streak=11/15, tracked_pids=69, free_ram_mb=5176
Queue check: current_jobs=10, allowed_parallel=10, current_parallel_cap=10, healthy_ram_streak=12/15, tracked_pids=69, free_ram_mb=5164
Queue check: current_jobs=10, allowed_parallel=10, current_parallel_cap=10, healthy_ram_streak=13/15, tracked_pids=69, free_ram_mb=5172
Queue check: current_jobs=10, allowed_parallel=10, current_parallel_cap=10, healthy_ram_streak=14/15, tracked_pids=69, free_ram_mb=5166
Queue check: current_jobs=10, allowed_parallel=10, current_parallel_cap=10, healthy_ram_streak=0/15, tracked_pids=69, free_ram_mb=5182
Queue check: current_jobs=10, allowed_parallel=10, current_parallel_cap=10, healthy_ram_streak=1/15, tracked_pids=69, free_ram_mb=5191
Queue check: current_jobs=10, allowed_parallel=10, current_parallel_cap=10, healthy_ram_streak=2/15, tracked_pids=69, free_ram_mb=5359
Queue check: current_jobs=10, allowed_parallel=10, current_parallel_cap=10, healthy_ram_streak=3/15, tracked_pids=69, free_ram_mb=5175
Queue check: current_jobs=10, allowed_parallel=10, current_parallel_cap=10, healthy_ram_streak=4/15, tracked_pids=69, free_ram_mb=5200
Queue check: current_jobs=10, allowed_parallel=10, current_parallel_cap=10, healthy_ram_streak=5/15, tracked_pids=69, free_ram_mb=5180
Queue check: current_jobs=10, allowed_parallel=10, current_parallel_cap=10, healthy_ram_streak=6/15, tracked_pids=69, free_ram_mb=5186
Queue check: current_jobs=10, allowed_parallel=10, current_parallel_cap=10, healthy_ram_streak=7/15, tracked_pids=69, free_ram_mb=5189
Queue check: current_jobs=9, allowed_parallel=10, current_parallel_cap=10, healthy_ram_streak=8/15, tracked_pids=69, free_ram_mb=5267
Starting job: n=8, p=3, iterations=100, score=7200, chip=Apple M4, python_bin=/opt/homebrew/Caskroom/miniconda/base/envs/MasterThesis/bin/python, free_ram_mb=5253, allowed_parallel=10, current_parallel_cap=10, healthy_ram_streak=8/15, tracked_jobs=9
Launched PID: 5732; current_parallel_cap=10
Queue check: current_jobs=10, allowed_parallel=10, current_parallel_cap=10, healthy_ram_streak=9/15, tracked_pids=70, free_ram_mb=5251
Queue check: current_jobs=9, allowed_parallel=10, current_parallel_cap=10, healthy_ram_streak=10/15, tracked_pids=70, free_ram_mb=5343
Starting job: n=6, p=2, iterations=300, score=7200, chip=Apple M4, python_bin=/opt/homebrew/Caskroom/miniconda/base/envs/MasterThesis/bin/python, free_ram_mb=5311, allowed_parallel=10, current_parallel_cap=10, healthy_ram_streak=10/15, tracked_jobs=9
Launched PID: 5951; current_parallel_cap=10
Queue check: current_jobs=10, allowed_parallel=10, current_parallel_cap=10, healthy_ram_streak=11/15, tracked_pids=71, free_ram_mb=5273
Queue check: current_jobs=9, allowed_parallel=10, current_parallel_cap=10, healthy_ram_streak=12/15, tracked_pids=71, free_ram_mb=5285
Starting job: n=3, p=5, iterations=100, score=7500, chip=Apple M4, python_bin=/opt/homebrew/Caskroom/miniconda/base/envs/MasterThesis/bin/python, free_ram_mb=5284, allowed_parallel=10, current_parallel_cap=10, healthy_ram_streak=12/15, tracked_jobs=9
Launched PID: 6170; current_parallel_cap=10
Queue check: current_jobs=10, allowed_parallel=10, current_parallel_cap=10, healthy_ram_streak=13/15, tracked_pids=72, free_ram_mb=5263
Queue check: current_jobs=9, allowed_parallel=10, current_parallel_cap=10, healthy_ram_streak=14/15, tracked_pids=72, free_ram_mb=5256
Starting job: n=5, p=4, iterations=100, score=8000, chip=Apple M4, python_bin=/opt/homebrew/Caskroom/miniconda/base/envs/MasterThesis/bin/python, free_ram_mb=5265, allowed_parallel=10, current_parallel_cap=10, healthy_ram_streak=14/15, tracked_jobs=9
Launched PID: 6392; current_parallel_cap=10
Queue check: current_jobs=10, allowed_parallel=10, current_parallel_cap=10, healthy_ram_streak=0/15, tracked_pids=73, free_ram_mb=5254
Queue check: current_jobs=9, allowed_parallel=10, current_parallel_cap=10, healthy_ram_streak=1/15, tracked_pids=73, free_ram_mb=5347
Starting job: n=4, p=2, iterations=500, score=8000, chip=Apple M4, python_bin=/opt/homebrew/Caskroom/miniconda/base/envs/MasterThesis/bin/python, free_ram_mb=5905, allowed_parallel=10, current_parallel_cap=10, healthy_ram_streak=1/15, tracked_jobs=9
Launched PID: 6610; current_parallel_cap=10
Queue check: current_jobs=10, allowed_parallel=10, current_parallel_cap=10, healthy_ram_streak=2/15, tracked_pids=74, free_ram_mb=5252
Queue check: current_jobs=9, allowed_parallel=10, current_parallel_cap=10, healthy_ram_streak=3/15, tracked_pids=74, free_ram_mb=5257
Starting job: n=9, p=3, iterations=100, score=8100, chip=Apple M4, python_bin=/opt/homebrew/Caskroom/miniconda/base/envs/MasterThesis/bin/python, free_ram_mb=5268, allowed_parallel=10, current_parallel_cap=10, healthy_ram_streak=3/15, tracked_jobs=9
Launched PID: 6829; current_parallel_cap=10
Queue check: current_jobs=10, allowed_parallel=10, current_parallel_cap=10, healthy_ram_streak=4/15, tracked_pids=75, free_ram_mb=5269
Queue check: current_jobs=10, allowed_parallel=10, current_parallel_cap=10, healthy_ram_streak=5/15, tracked_pids=75, free_ram_mb=5242
Queue check: current_jobs=9, allowed_parallel=10, current_parallel_cap=10, healthy_ram_streak=6/15, tracked_pids=75, free_ram_mb=5263
Starting job: n=3, p=3, iterations=300, score=8100, chip=Apple M4, python_bin=/opt/homebrew/Caskroom/miniconda/base/envs/MasterThesis/bin/python, free_ram_mb=5249, allowed_parallel=10, current_parallel_cap=10, healthy_ram_streak=6/15, tracked_jobs=9
Launched PID: 7108; current_parallel_cap=10
Queue check: current_jobs=10, allowed_parallel=10, current_parallel_cap=10, healthy_ram_streak=7/15, tracked_pids=76, free_ram_mb=5255
Queue check: current_jobs=9, allowed_parallel=10, current_parallel_cap=10, healthy_ram_streak=8/15, tracked_pids=76, free_ram_mb=5258
Starting job: n=7, p=2, iterations=300, score=8400, chip=Apple M4, python_bin=/opt/homebrew/Caskroom/miniconda/base/envs/MasterThesis/bin/python, free_ram_mb=5260, allowed_parallel=10, current_parallel_cap=10, healthy_ram_streak=8/15, tracked_jobs=9
Launched PID: 7326; current_parallel_cap=10
Queue check: current_jobs=10, allowed_parallel=10, current_parallel_cap=10, healthy_ram_streak=9/15, tracked_pids=77, free_ram_mb=5250
Queue check: current_jobs=9, allowed_parallel=10, current_parallel_cap=10, healthy_ram_streak=10/15, tracked_pids=77, free_ram_mb=5249
Starting job: n=10, p=3, iterations=100, score=9000, chip=Apple M4, python_bin=/opt/homebrew/Caskroom/miniconda/base/envs/MasterThesis/bin/python, free_ram_mb=5256, allowed_parallel=10, current_parallel_cap=10, healthy_ram_streak=10/15, tracked_jobs=9
Launched PID: 7544; current_parallel_cap=10
Queue check: current_jobs=10, allowed_parallel=10, current_parallel_cap=10, healthy_ram_streak=11/15, tracked_pids=78, free_ram_mb=5260
Queue check: current_jobs=10, allowed_parallel=10, current_parallel_cap=10, healthy_ram_streak=12/15, tracked_pids=78, free_ram_mb=5233
Queue check: current_jobs=10, allowed_parallel=10, current_parallel_cap=10, healthy_ram_streak=13/15, tracked_pids=78, free_ram_mb=5235
Queue check: current_jobs=10, allowed_parallel=10, current_parallel_cap=10, healthy_ram_streak=14/15, tracked_pids=78, free_ram_mb=5207
Queue check: current_jobs=10, allowed_parallel=10, current_parallel_cap=10, healthy_ram_streak=0/15, tracked_pids=78, free_ram_mb=5191
Queue check: current_jobs=10, allowed_parallel=10, current_parallel_cap=10, healthy_ram_streak=1/15, tracked_pids=78, free_ram_mb=5230
Queue check: current_jobs=10, allowed_parallel=10, current_parallel_cap=10, healthy_ram_streak=2/15, tracked_pids=78, free_ram_mb=5225
Queue check: current_jobs=10, allowed_parallel=10, current_parallel_cap=10, healthy_ram_streak=3/15, tracked_pids=78, free_ram_mb=5190
Queue check: current_jobs=9, allowed_parallel=10, current_parallel_cap=10, healthy_ram_streak=4/15, tracked_pids=78, free_ram_mb=5259
Starting job: n=2, p=3, iterations=500, score=9000, chip=Apple M4, python_bin=/opt/homebrew/Caskroom/miniconda/base/envs/MasterThesis/bin/python, free_ram_mb=5248, allowed_parallel=10, current_parallel_cap=10, healthy_ram_streak=4/15, tracked_jobs=9
Launched PID: 8190; current_parallel_cap=10
Queue check: current_jobs=10, allowed_parallel=10, current_parallel_cap=10, healthy_ram_streak=5/15, tracked_pids=79, free_ram_mb=5558
Queue check: current_jobs=9, allowed_parallel=10, current_parallel_cap=10, healthy_ram_streak=6/15, tracked_pids=79, free_ram_mb=5260
Starting job: n=6, p=4, iterations=100, score=9600, chip=Apple M4, python_bin=/opt/homebrew/Caskroom/miniconda/base/envs/MasterThesis/bin/python, free_ram_mb=5264, allowed_parallel=10, current_parallel_cap=10, healthy_ram_streak=6/15, tracked_jobs=9
Launched PID: 8408; current_parallel_cap=10
Queue check: current_jobs=10, allowed_parallel=10, current_parallel_cap=10, healthy_ram_streak=7/15, tracked_pids=80, free_ram_mb=5248
Queue check: current_jobs=9, allowed_parallel=10, current_parallel_cap=10, healthy_ram_streak=8/15, tracked_pids=80, free_ram_mb=5254
Starting job: n=8, p=2, iterations=300, score=9600, chip=Apple M4, python_bin=/opt/homebrew/Caskroom/miniconda/base/envs/MasterThesis/bin/python, free_ram_mb=5254, allowed_parallel=10, current_parallel_cap=10, healthy_ram_streak=8/15, tracked_jobs=9
Launched PID: 8626; current_parallel_cap=10
Queue check: current_jobs=10, allowed_parallel=10, current_parallel_cap=10, healthy_ram_streak=9/15, tracked_pids=81, free_ram_mb=5244
Queue check: current_jobs=8, allowed_parallel=10, current_parallel_cap=10, healthy_ram_streak=10/15, tracked_pids=81, free_ram_mb=5631
Starting job: n=2, p=4, iterations=300, score=9600, chip=Apple M4, python_bin=/opt/homebrew/Caskroom/miniconda/base/envs/MasterThesis/bin/python, free_ram_mb=5470, allowed_parallel=10, current_parallel_cap=10, healthy_ram_streak=10/15, tracked_jobs=8
Launched PID: 8853; current_parallel_cap=10
Queue check: current_jobs=9, allowed_parallel=10, current_parallel_cap=10, healthy_ram_streak=11/15, tracked_pids=82, free_ram_mb=5336
Starting job: n=11, p=3, iterations=100, score=9900, chip=Apple M4, python_bin=/opt/homebrew/Caskroom/miniconda/base/envs/MasterThesis/bin/python, free_ram_mb=5328, allowed_parallel=10, current_parallel_cap=10, healthy_ram_streak=11/15, tracked_jobs=9
Launched PID: 9007; current_parallel_cap=10
Queue check: current_jobs=9, allowed_parallel=10, current_parallel_cap=10, healthy_ram_streak=12/15, tracked_pids=83, free_ram_mb=5332
Starting job: n=4, p=5, iterations=100, score=10000, chip=Apple M4, python_bin=/opt/homebrew/Caskroom/miniconda/base/envs/MasterThesis/bin/python, free_ram_mb=5322, allowed_parallel=10, current_parallel_cap=10, healthy_ram_streak=12/15, tracked_jobs=9
Launched PID: 9164; current_parallel_cap=10
Queue check: current_jobs=10, allowed_parallel=10, current_parallel_cap=10, healthy_ram_streak=13/15, tracked_pids=84, free_ram_mb=5314
Queue check: current_jobs=9, allowed_parallel=10, current_parallel_cap=10, healthy_ram_streak=14/15, tracked_pids=84, free_ram_mb=5306
Starting job: n=5, p=2, iterations=500, score=10000, chip=Apple M4, python_bin=/opt/homebrew/Caskroom/miniconda/base/envs/MasterThesis/bin/python, free_ram_mb=5306, allowed_parallel=10, current_parallel_cap=10, healthy_ram_streak=14/15, tracked_jobs=9
Launched PID: 9385; current_parallel_cap=10
Queue check: current_jobs=10, allowed_parallel=10, current_parallel_cap=10, healthy_ram_streak=0/15, tracked_pids=85, free_ram_mb=5301
Queue check: current_jobs=9, allowed_parallel=10, current_parallel_cap=10, healthy_ram_streak=1/15, tracked_pids=85, free_ram_mb=5276
Starting job: n=12, p=3, iterations=100, score=10800, chip=Apple M4, python_bin=/opt/homebrew/Caskroom/miniconda/base/envs/MasterThesis/bin/python, free_ram_mb=5273, allowed_parallel=10, current_parallel_cap=10, healthy_ram_streak=1/15, tracked_jobs=9
Launched PID: 9603; current_parallel_cap=10
Queue check: current_jobs=10, allowed_parallel=10, current_parallel_cap=10, healthy_ram_streak=2/15, tracked_pids=86, free_ram_mb=5248
Queue check: current_jobs=10, allowed_parallel=10, current_parallel_cap=10, healthy_ram_streak=3/15, tracked_pids=86, free_ram_mb=5252
Queue check: current_jobs=10, allowed_parallel=10, current_parallel_cap=10, healthy_ram_streak=4/15, tracked_pids=86, free_ram_mb=5247
Queue check: current_jobs=10, allowed_parallel=10, current_parallel_cap=10, healthy_ram_streak=5/15, tracked_pids=86, free_ram_mb=5205
Queue check: current_jobs=10, allowed_parallel=10, current_parallel_cap=10, healthy_ram_streak=6/15, tracked_pids=86, free_ram_mb=5194
Queue check: current_jobs=10, allowed_parallel=10, current_parallel_cap=10, healthy_ram_streak=7/15, tracked_pids=86, free_ram_mb=5200
Queue check: current_jobs=10, allowed_parallel=10, current_parallel_cap=10, healthy_ram_streak=8/15, tracked_pids=86, free_ram_mb=5201
Queue check: current_jobs=10, allowed_parallel=10, current_parallel_cap=10, healthy_ram_streak=9/15, tracked_pids=86, free_ram_mb=5185
Queue check: current_jobs=10, allowed_parallel=10, current_parallel_cap=10, healthy_ram_streak=10/15, tracked_pids=86, free_ram_mb=5188
Queue check: current_jobs=10, allowed_parallel=10, current_parallel_cap=10, healthy_ram_streak=11/15, tracked_pids=86, free_ram_mb=5136
Queue check: current_jobs=10, allowed_parallel=10, current_parallel_cap=10, healthy_ram_streak=12/15, tracked_pids=86, free_ram_mb=5211
Queue check: current_jobs=10, allowed_parallel=10, current_parallel_cap=10, healthy_ram_streak=13/15, tracked_pids=86, free_ram_mb=5195
Queue check: current_jobs=10, allowed_parallel=10, current_parallel_cap=10, healthy_ram_streak=14/15, tracked_pids=86, free_ram_mb=5187
Queue check: current_jobs=10, allowed_parallel=10, current_parallel_cap=10, healthy_ram_streak=0/15, tracked_pids=86, free_ram_mb=5188
Queue check: current_jobs=10, allowed_parallel=10, current_parallel_cap=10, healthy_ram_streak=1/15, tracked_pids=86, free_ram_mb=5164
Queue check: current_jobs=10, allowed_parallel=10, current_parallel_cap=10, healthy_ram_streak=2/15, tracked_pids=86, free_ram_mb=5145
Queue check: current_jobs=10, allowed_parallel=10, current_parallel_cap=10, healthy_ram_streak=3/15, tracked_pids=86, free_ram_mb=5158
Queue check: current_jobs=10, allowed_parallel=10, current_parallel_cap=10, healthy_ram_streak=4/15, tracked_pids=86, free_ram_mb=5173
Queue check: current_jobs=10, allowed_parallel=10, current_parallel_cap=10, healthy_ram_streak=5/15, tracked_pids=86, free_ram_mb=5179
Queue check: current_jobs=10, allowed_parallel=10, current_parallel_cap=10, healthy_ram_streak=6/15, tracked_pids=86, free_ram_mb=5174
Queue check: current_jobs=10, allowed_parallel=10, current_parallel_cap=10, healthy_ram_streak=7/15, tracked_pids=86, free_ram_mb=5235
Queue check: current_jobs=10, allowed_parallel=10, current_parallel_cap=10, healthy_ram_streak=8/15, tracked_pids=86, free_ram_mb=5188
Queue check: current_jobs=10, allowed_parallel=10, current_parallel_cap=10, healthy_ram_streak=9/15, tracked_pids=86, free_ram_mb=5189
Queue check: current_jobs=10, allowed_parallel=10, current_parallel_cap=10, healthy_ram_streak=10/15, tracked_pids=86, free_ram_mb=5182
Queue check: current_jobs=10, allowed_parallel=10, current_parallel_cap=10, healthy_ram_streak=11/15, tracked_pids=86, free_ram_mb=5173
Queue check: current_jobs=10, allowed_parallel=10, current_parallel_cap=10, healthy_ram_streak=12/15, tracked_pids=86, free_ram_mb=5154
Queue check: current_jobs=10, allowed_parallel=10, current_parallel_cap=10, healthy_ram_streak=13/15, tracked_pids=86, free_ram_mb=5205
Queue check: current_jobs=10, allowed_parallel=10, current_parallel_cap=10, healthy_ram_streak=14/15, tracked_pids=86, free_ram_mb=5205
Queue check: current_jobs=10, allowed_parallel=10, current_parallel_cap=10, healthy_ram_streak=0/15, tracked_pids=86, free_ram_mb=5210
Queue check: current_jobs=10, allowed_parallel=10, current_parallel_cap=10, healthy_ram_streak=1/15, tracked_pids=86, free_ram_mb=5200
Queue check: current_jobs=10, allowed_parallel=10, current_parallel_cap=10, healthy_ram_streak=2/15, tracked_pids=86, free_ram_mb=5214
Queue check: current_jobs=10, allowed_parallel=10, current_parallel_cap=10, healthy_ram_streak=3/15, tracked_pids=86, free_ram_mb=5203
Queue check: current_jobs=10, allowed_parallel=10, current_parallel_cap=10, healthy_ram_streak=4/15, tracked_pids=86, free_ram_mb=5172
Queue check: current_jobs=10, allowed_parallel=10, current_parallel_cap=10, healthy_ram_streak=5/15, tracked_pids=86, free_ram_mb=5222
Queue check: current_jobs=10, allowed_parallel=10, current_parallel_cap=10, healthy_ram_streak=6/15, tracked_pids=86, free_ram_mb=5201
Queue check: current_jobs=10, allowed_parallel=10, current_parallel_cap=10, healthy_ram_streak=7/15, tracked_pids=86, free_ram_mb=5199
Queue check: current_jobs=10, allowed_parallel=10, current_parallel_cap=10, healthy_ram_streak=8/15, tracked_pids=86, free_ram_mb=5178
Queue check: current_jobs=10, allowed_parallel=10, current_parallel_cap=10, healthy_ram_streak=9/15, tracked_pids=86, free_ram_mb=5193
Queue check: current_jobs=10, allowed_parallel=10, current_parallel_cap=10, healthy_ram_streak=10/15, tracked_pids=86, free_ram_mb=5185
Queue check: current_jobs=10, allowed_parallel=10, current_parallel_cap=10, healthy_ram_streak=11/15, tracked_pids=86, free_ram_mb=5166
Queue check: current_jobs=10, allowed_parallel=10, current_parallel_cap=10, healthy_ram_streak=12/15, tracked_pids=86, free_ram_mb=5185
Queue check: current_jobs=10, allowed_parallel=10, current_parallel_cap=10, healthy_ram_streak=13/15, tracked_pids=86, free_ram_mb=5189
Queue check: current_jobs=10, allowed_parallel=10, current_parallel_cap=10, healthy_ram_streak=14/15, tracked_pids=86, free_ram_mb=5162
Queue check: current_jobs=10, allowed_parallel=10, current_parallel_cap=10, healthy_ram_streak=0/15, tracked_pids=86, free_ram_mb=5190
Queue check: current_jobs=10, allowed_parallel=10, current_parallel_cap=10, healthy_ram_streak=1/15, tracked_pids=86, free_ram_mb=5172
Queue check: current_jobs=10, allowed_parallel=10, current_parallel_cap=10, healthy_ram_streak=2/15, tracked_pids=86, free_ram_mb=5178
Queue check: current_jobs=10, allowed_parallel=10, current_parallel_cap=10, healthy_ram_streak=3/15, tracked_pids=86, free_ram_mb=5169
Queue check: current_jobs=10, allowed_parallel=10, current_parallel_cap=10, healthy_ram_streak=4/15, tracked_pids=86, free_ram_mb=5143
Queue check: current_jobs=10, allowed_parallel=10, current_parallel_cap=10, healthy_ram_streak=5/15, tracked_pids=86, free_ram_mb=5161
Queue check: current_jobs=10, allowed_parallel=10, current_parallel_cap=10, healthy_ram_streak=6/15, tracked_pids=86, free_ram_mb=5159
Queue check: current_jobs=10, allowed_parallel=10, current_parallel_cap=10, healthy_ram_streak=7/15, tracked_pids=86, free_ram_mb=5156
Queue check: current_jobs=10, allowed_parallel=10, current_parallel_cap=10, healthy_ram_streak=8/15, tracked_pids=86, free_ram_mb=5198
Queue check: current_jobs=9, allowed_parallel=10, current_parallel_cap=10, healthy_ram_streak=9/15, tracked_pids=86, free_ram_mb=5232
Starting job: n=9, p=2, iterations=300, score=10800, chip=Apple M4, python_bin=/opt/homebrew/Caskroom/miniconda/base/envs/MasterThesis/bin/python, free_ram_mb=5242, allowed_parallel=10, current_parallel_cap=10, healthy_ram_streak=9/15, tracked_jobs=9
Launched PID: 12939; current_parallel_cap=10
Queue check: current_jobs=10, allowed_parallel=10, current_parallel_cap=10, healthy_ram_streak=10/15, tracked_pids=87, free_ram_mb=5233
Queue check: current_jobs=10, allowed_parallel=10, current_parallel_cap=10, healthy_ram_streak=11/15, tracked_pids=87, free_ram_mb=5237
Queue check: current_jobs=9, allowed_parallel=10, current_parallel_cap=10, healthy_ram_streak=12/15, tracked_pids=87, free_ram_mb=5205
Starting job: n=4, p=3, iterations=300, score=10800, chip=Apple M4, python_bin=/opt/homebrew/Caskroom/miniconda/base/envs/MasterThesis/bin/python, free_ram_mb=5222, allowed_parallel=10, current_parallel_cap=10, healthy_ram_streak=12/15, tracked_jobs=9
Launched PID: 13218; current_parallel_cap=10
Queue check: current_jobs=10, allowed_parallel=10, current_parallel_cap=10, healthy_ram_streak=13/15, tracked_pids=88, free_ram_mb=5245
Queue check: current_jobs=9, allowed_parallel=10, current_parallel_cap=10, healthy_ram_streak=14/15, tracked_pids=88, free_ram_mb=5253
Starting job: n=7, p=4, iterations=100, score=11200, chip=Apple M4, python_bin=/opt/homebrew/Caskroom/miniconda/base/envs/MasterThesis/bin/python, free_ram_mb=5251, allowed_parallel=10, current_parallel_cap=10, healthy_ram_streak=14/15, tracked_jobs=9
Launched PID: 13436; current_parallel_cap=10
Queue check: current_jobs=10, allowed_parallel=10, current_parallel_cap=10, healthy_ram_streak=0/15, tracked_pids=89, free_ram_mb=5248
Queue check: current_jobs=9, allowed_parallel=10, current_parallel_cap=10, healthy_ram_streak=1/15, tracked_pids=89, free_ram_mb=5272
Starting job: n=13, p=3, iterations=100, score=11700, chip=Apple M4, python_bin=/opt/homebrew/Caskroom/miniconda/base/envs/MasterThesis/bin/python, free_ram_mb=5260, allowed_parallel=10, current_parallel_cap=10, healthy_ram_streak=1/15, tracked_jobs=9
Launched PID: 13654; current_parallel_cap=10
Queue check: current_jobs=10, allowed_parallel=10, current_parallel_cap=10, healthy_ram_streak=2/15, tracked_pids=90, free_ram_mb=5232
Queue check: current_jobs=10, allowed_parallel=10, current_parallel_cap=10, healthy_ram_streak=3/15, tracked_pids=90, free_ram_mb=5163
Queue check: current_jobs=10, allowed_parallel=10, current_parallel_cap=10, healthy_ram_streak=4/15, tracked_pids=90, free_ram_mb=5146
Queue check: current_jobs=10, allowed_parallel=10, current_parallel_cap=10, healthy_ram_streak=5/15, tracked_pids=90, free_ram_mb=5148
Queue check: current_jobs=10, allowed_parallel=10, current_parallel_cap=10, healthy_ram_streak=6/15, tracked_pids=90, free_ram_mb=5139
Queue check: current_jobs=10, allowed_parallel=10, current_parallel_cap=10, healthy_ram_streak=7/15, tracked_pids=90, free_ram_mb=5145
Queue check: current_jobs=10, allowed_parallel=10, current_parallel_cap=10, healthy_ram_streak=8/15, tracked_pids=90, free_ram_mb=5142
Queue check: current_jobs=10, allowed_parallel=10, current_parallel_cap=10, healthy_ram_streak=9/15, tracked_pids=90, free_ram_mb=5126
Queue check: current_jobs=10, allowed_parallel=10, current_parallel_cap=10, healthy_ram_streak=10/15, tracked_pids=90, free_ram_mb=5152
Queue check: current_jobs=10, allowed_parallel=10, current_parallel_cap=10, healthy_ram_streak=11/15, tracked_pids=90, free_ram_mb=5132
Queue check: current_jobs=10, allowed_parallel=10, current_parallel_cap=10, healthy_ram_streak=12/15, tracked_pids=90, free_ram_mb=5156
Queue check: current_jobs=10, allowed_parallel=10, current_parallel_cap=10, healthy_ram_streak=13/15, tracked_pids=90, free_ram_mb=5156
Queue check: current_jobs=10, allowed_parallel=10, current_parallel_cap=10, healthy_ram_streak=14/15, tracked_pids=90, free_ram_mb=5195
Queue check: current_jobs=10, allowed_parallel=10, current_parallel_cap=10, healthy_ram_streak=0/15, tracked_pids=90, free_ram_mb=5166
Queue check: current_jobs=10, allowed_parallel=10, current_parallel_cap=10, healthy_ram_streak=1/15, tracked_pids=90, free_ram_mb=5151
Queue check: current_jobs=10, allowed_parallel=10, current_parallel_cap=10, healthy_ram_streak=2/15, tracked_pids=90, free_ram_mb=5155
Queue check: current_jobs=10, allowed_parallel=10, current_parallel_cap=10, healthy_ram_streak=3/15, tracked_pids=90, free_ram_mb=5162
Queue check: current_jobs=10, allowed_parallel=10, current_parallel_cap=10, healthy_ram_streak=4/15, tracked_pids=90, free_ram_mb=5135
Queue check: current_jobs=10, allowed_parallel=10, current_parallel_cap=10, healthy_ram_streak=5/15, tracked_pids=90, free_ram_mb=5149
Queue check: current_jobs=10, allowed_parallel=10, current_parallel_cap=10, healthy_ram_streak=6/15, tracked_pids=90, free_ram_mb=5140
Queue check: current_jobs=10, allowed_parallel=10, current_parallel_cap=10, healthy_ram_streak=7/15, tracked_pids=90, free_ram_mb=5166
Queue check: current_jobs=10, allowed_parallel=10, current_parallel_cap=10, healthy_ram_streak=8/15, tracked_pids=90, free_ram_mb=5122
Queue check: current_jobs=10, allowed_parallel=10, current_parallel_cap=10, healthy_ram_streak=9/15, tracked_pids=90, free_ram_mb=5140
Queue check: current_jobs=10, allowed_parallel=10, current_parallel_cap=10, healthy_ram_streak=10/15, tracked_pids=90, free_ram_mb=5135
Queue check: current_jobs=10, allowed_parallel=10, current_parallel_cap=10, healthy_ram_streak=11/15, tracked_pids=90, free_ram_mb=5132
Queue check: current_jobs=10, allowed_parallel=10, current_parallel_cap=10, healthy_ram_streak=12/15, tracked_pids=90, free_ram_mb=5141
Queue check: current_jobs=10, allowed_parallel=10, current_parallel_cap=10, healthy_ram_streak=13/15, tracked_pids=90, free_ram_mb=5120
Queue check: current_jobs=10, allowed_parallel=10, current_parallel_cap=10, healthy_ram_streak=14/15, tracked_pids=90, free_ram_mb=5151
Queue check: current_jobs=10, allowed_parallel=10, current_parallel_cap=10, healthy_ram_streak=0/15, tracked_pids=90, free_ram_mb=5136
Queue check: current_jobs=10, allowed_parallel=10, current_parallel_cap=10, healthy_ram_streak=1/15, tracked_pids=90, free_ram_mb=5125
Queue check: current_jobs=10, allowed_parallel=10, current_parallel_cap=10, healthy_ram_streak=2/15, tracked_pids=90, free_ram_mb=5136
Queue check: current_jobs=10, allowed_parallel=10, current_parallel_cap=10, healthy_ram_streak=3/15, tracked_pids=90, free_ram_mb=5164
Queue check: current_jobs=10, allowed_parallel=10, current_parallel_cap=10, healthy_ram_streak=4/15, tracked_pids=90, free_ram_mb=5125
Queue check: current_jobs=10, allowed_parallel=10, current_parallel_cap=10, healthy_ram_streak=5/15, tracked_pids=90, free_ram_mb=5142
Queue check: current_jobs=10, allowed_parallel=10, current_parallel_cap=10, healthy_ram_streak=6/15, tracked_pids=90, free_ram_mb=5130
Queue check: current_jobs=10, allowed_parallel=10, current_parallel_cap=10, healthy_ram_streak=7/15, tracked_pids=90, free_ram_mb=5155
Queue check: current_jobs=10, allowed_parallel=10, current_parallel_cap=10, healthy_ram_streak=8/15, tracked_pids=90, free_ram_mb=5133
Queue check: current_jobs=10, allowed_parallel=10, current_parallel_cap=10, healthy_ram_streak=9/15, tracked_pids=90, free_ram_mb=5149
Queue check: current_jobs=10, allowed_parallel=10, current_parallel_cap=10, healthy_ram_streak=10/15, tracked_pids=90, free_ram_mb=5133
Queue check: current_jobs=10, allowed_parallel=10, current_parallel_cap=10, healthy_ram_streak=11/15, tracked_pids=90, free_ram_mb=5130
Queue check: current_jobs=10, allowed_parallel=10, current_parallel_cap=10, healthy_ram_streak=12/15, tracked_pids=90, free_ram_mb=5128
Queue check: current_jobs=10, allowed_parallel=10, current_parallel_cap=10, healthy_ram_streak=13/15, tracked_pids=90, free_ram_mb=5076
Queue check: current_jobs=10, allowed_parallel=10, current_parallel_cap=10, healthy_ram_streak=14/15, tracked_pids=90, free_ram_mb=5132
Queue check: current_jobs=10, allowed_parallel=10, current_parallel_cap=10, healthy_ram_streak=0/15, tracked_pids=90, free_ram_mb=5137
Queue check: current_jobs=10, allowed_parallel=10, current_parallel_cap=10, healthy_ram_streak=1/15, tracked_pids=90, free_ram_mb=5129
Queue check: current_jobs=10, allowed_parallel=10, current_parallel_cap=10, healthy_ram_streak=2/15, tracked_pids=90, free_ram_mb=5136
Queue check: current_jobs=10, allowed_parallel=10, current_parallel_cap=10, healthy_ram_streak=3/15, tracked_pids=90, free_ram_mb=5131
Queue check: current_jobs=10, allowed_parallel=10, current_parallel_cap=10, healthy_ram_streak=4/15, tracked_pids=90, free_ram_mb=5130
Queue check: current_jobs=10, allowed_parallel=10, current_parallel_cap=10, healthy_ram_streak=5/15, tracked_pids=90, free_ram_mb=5146
Queue check: current_jobs=10, allowed_parallel=10, current_parallel_cap=10, healthy_ram_streak=6/15, tracked_pids=90, free_ram_mb=5136
Queue check: current_jobs=10, allowed_parallel=10, current_parallel_cap=10, healthy_ram_streak=7/15, tracked_pids=90, free_ram_mb=5142
Queue check: current_jobs=10, allowed_parallel=10, current_parallel_cap=10, healthy_ram_streak=8/15, tracked_pids=90, free_ram_mb=5156
Queue check: current_jobs=10, allowed_parallel=10, current_parallel_cap=10, healthy_ram_streak=9/15, tracked_pids=90, free_ram_mb=5162
Queue check: current_jobs=10, allowed_parallel=10, current_parallel_cap=10, healthy_ram_streak=10/15, tracked_pids=90, free_ram_mb=5133
Queue check: current_jobs=10, allowed_parallel=10, current_parallel_cap=10, healthy_ram_streak=11/15, tracked_pids=90, free_ram_mb=5148
Queue check: current_jobs=10, allowed_parallel=10, current_parallel_cap=10, healthy_ram_streak=12/15, tracked_pids=90, free_ram_mb=5142
Queue check: current_jobs=10, allowed_parallel=10, current_parallel_cap=10, healthy_ram_streak=13/15, tracked_pids=90, free_ram_mb=5131
Queue check: current_jobs=10, allowed_parallel=10, current_parallel_cap=10, healthy_ram_streak=14/15, tracked_pids=90, free_ram_mb=5149
Queue check: current_jobs=10, allowed_parallel=10, current_parallel_cap=10, healthy_ram_streak=0/15, tracked_pids=90, free_ram_mb=5117
Queue check: current_jobs=10, allowed_parallel=10, current_parallel_cap=10, healthy_ram_streak=1/15, tracked_pids=90, free_ram_mb=5138
Queue check: current_jobs=10, allowed_parallel=10, current_parallel_cap=10, healthy_ram_streak=2/15, tracked_pids=90, free_ram_mb=5122
Queue check: current_jobs=10, allowed_parallel=10, current_parallel_cap=10, healthy_ram_streak=3/15, tracked_pids=90, free_ram_mb=5131
Queue check: current_jobs=10, allowed_parallel=10, current_parallel_cap=10, healthy_ram_streak=4/15, tracked_pids=90, free_ram_mb=5133
Queue check: current_jobs=10, allowed_parallel=10, current_parallel_cap=10, healthy_ram_streak=5/15, tracked_pids=90, free_ram_mb=5126
Queue check: current_jobs=10, allowed_parallel=10, current_parallel_cap=10, healthy_ram_streak=6/15, tracked_pids=90, free_ram_mb=5109
Queue check: current_jobs=10, allowed_parallel=10, current_parallel_cap=10, healthy_ram_streak=7/15, tracked_pids=90, free_ram_mb=5133
Queue check: current_jobs=10, allowed_parallel=10, current_parallel_cap=10, healthy_ram_streak=8/15, tracked_pids=90, free_ram_mb=5143
Queue check: current_jobs=10, allowed_parallel=10, current_parallel_cap=10, healthy_ram_streak=9/15, tracked_pids=90, free_ram_mb=5127
Queue check: current_jobs=10, allowed_parallel=10, current_parallel_cap=10, healthy_ram_streak=10/15, tracked_pids=90, free_ram_mb=5129
Queue check: current_jobs=10, allowed_parallel=10, current_parallel_cap=10, healthy_ram_streak=11/15, tracked_pids=90, free_ram_mb=5147
Queue check: current_jobs=10, allowed_parallel=10, current_parallel_cap=10, healthy_ram_streak=12/15, tracked_pids=90, free_ram_mb=5158
Queue check: current_jobs=10, allowed_parallel=10, current_parallel_cap=10, healthy_ram_streak=13/15, tracked_pids=90, free_ram_mb=5148
Queue check: current_jobs=10, allowed_parallel=10, current_parallel_cap=10, healthy_ram_streak=14/15, tracked_pids=90, free_ram_mb=5140
Queue check: current_jobs=10, allowed_parallel=10, current_parallel_cap=10, healthy_ram_streak=0/15, tracked_pids=90, free_ram_mb=5135
Queue check: current_jobs=10, allowed_parallel=10, current_parallel_cap=10, healthy_ram_streak=1/15, tracked_pids=90, free_ram_mb=5122
Queue check: current_jobs=10, allowed_parallel=10, current_parallel_cap=10, healthy_ram_streak=2/15, tracked_pids=90, free_ram_mb=5132
Queue check: current_jobs=10, allowed_parallel=10, current_parallel_cap=10, healthy_ram_streak=3/15, tracked_pids=90, free_ram_mb=5120
Queue check: current_jobs=10, allowed_parallel=10, current_parallel_cap=10, healthy_ram_streak=4/15, tracked_pids=90, free_ram_mb=5138
Queue check: current_jobs=10, allowed_parallel=10, current_parallel_cap=10, healthy_ram_streak=5/15, tracked_pids=90, free_ram_mb=5123
Queue check: current_jobs=10, allowed_parallel=10, current_parallel_cap=10, healthy_ram_streak=6/15, tracked_pids=90, free_ram_mb=5110
Queue check: current_jobs=10, allowed_parallel=10, current_parallel_cap=10, healthy_ram_streak=7/15, tracked_pids=90, free_ram_mb=5140
Queue check: current_jobs=10, allowed_parallel=10, current_parallel_cap=10, healthy_ram_streak=8/15, tracked_pids=90, free_ram_mb=5153
Queue check: current_jobs=10, allowed_parallel=10, current_parallel_cap=10, healthy_ram_streak=9/15, tracked_pids=90, free_ram_mb=5136
Queue check: current_jobs=10, allowed_parallel=10, current_parallel_cap=10, healthy_ram_streak=10/15, tracked_pids=90, free_ram_mb=5138
Queue check: current_jobs=10, allowed_parallel=10, current_parallel_cap=10, healthy_ram_streak=11/15, tracked_pids=90, free_ram_mb=5137
Queue check: current_jobs=10, allowed_parallel=10, current_parallel_cap=10, healthy_ram_streak=12/15, tracked_pids=90, free_ram_mb=5151
Queue check: current_jobs=10, allowed_parallel=10, current_parallel_cap=10, healthy_ram_streak=13/15, tracked_pids=90, free_ram_mb=5132
Queue check: current_jobs=10, allowed_parallel=10, current_parallel_cap=10, healthy_ram_streak=14/15, tracked_pids=90, free_ram_mb=5107
Queue check: current_jobs=10, allowed_parallel=10, current_parallel_cap=10, healthy_ram_streak=0/15, tracked_pids=90, free_ram_mb=5158
Queue check: current_jobs=10, allowed_parallel=10, current_parallel_cap=10, healthy_ram_streak=1/15, tracked_pids=90, free_ram_mb=5122
Queue check: current_jobs=10, allowed_parallel=10, current_parallel_cap=10, healthy_ram_streak=2/15, tracked_pids=90, free_ram_mb=5144
Queue check: current_jobs=10, allowed_parallel=10, current_parallel_cap=10, healthy_ram_streak=3/15, tracked_pids=90, free_ram_mb=5153
Queue check: current_jobs=10, allowed_parallel=10, current_parallel_cap=10, healthy_ram_streak=4/15, tracked_pids=90, free_ram_mb=5124
Queue check: current_jobs=10, allowed_parallel=10, current_parallel_cap=10, healthy_ram_streak=5/15, tracked_pids=90, free_ram_mb=5118
Queue check: current_jobs=10, allowed_parallel=10, current_parallel_cap=10, healthy_ram_streak=6/15, tracked_pids=90, free_ram_mb=5135
Queue check: current_jobs=10, allowed_parallel=10, current_parallel_cap=10, healthy_ram_streak=7/15, tracked_pids=90, free_ram_mb=5153
Queue check: current_jobs=10, allowed_parallel=10, current_parallel_cap=10, healthy_ram_streak=8/15, tracked_pids=90, free_ram_mb=5156
Queue check: current_jobs=10, allowed_parallel=10, current_parallel_cap=10, healthy_ram_streak=9/15, tracked_pids=90, free_ram_mb=5176
Queue check: current_jobs=10, allowed_parallel=10, current_parallel_cap=10, healthy_ram_streak=10/15, tracked_pids=90, free_ram_mb=5135
Queue check: current_jobs=10, allowed_parallel=10, current_parallel_cap=10, healthy_ram_streak=11/15, tracked_pids=90, free_ram_mb=5124
Queue check: current_jobs=10, allowed_parallel=10, current_parallel_cap=10, healthy_ram_streak=12/15, tracked_pids=90, free_ram_mb=5105
Queue check: current_jobs=10, allowed_parallel=10, current_parallel_cap=10, healthy_ram_streak=13/15, tracked_pids=90, free_ram_mb=5127
Queue check: current_jobs=10, allowed_parallel=10, current_parallel_cap=10, healthy_ram_streak=14/15, tracked_pids=90, free_ram_mb=5112
Queue check: current_jobs=10, allowed_parallel=10, current_parallel_cap=10, healthy_ram_streak=0/15, tracked_pids=90, free_ram_mb=5124
Queue check: current_jobs=10, allowed_parallel=10, current_parallel_cap=10, healthy_ram_streak=1/15, tracked_pids=90, free_ram_mb=5096
Queue check: current_jobs=10, allowed_parallel=10, current_parallel_cap=10, healthy_ram_streak=2/15, tracked_pids=90, free_ram_mb=5133
Queue check: current_jobs=10, allowed_parallel=10, current_parallel_cap=10, healthy_ram_streak=3/15, tracked_pids=90, free_ram_mb=5113
Queue check: current_jobs=10, allowed_parallel=10, current_parallel_cap=10, healthy_ram_streak=4/15, tracked_pids=90, free_ram_mb=5135
Queue check: current_jobs=10, allowed_parallel=10, current_parallel_cap=10, healthy_ram_streak=5/15, tracked_pids=90, free_ram_mb=5138
Queue check: current_jobs=10, allowed_parallel=10, current_parallel_cap=10, healthy_ram_streak=6/15, tracked_pids=90, free_ram_mb=5105
Queue check: current_jobs=10, allowed_parallel=10, current_parallel_cap=10, healthy_ram_streak=7/15, tracked_pids=90, free_ram_mb=5126
Queue check: current_jobs=10, allowed_parallel=10, current_parallel_cap=10, healthy_ram_streak=8/15, tracked_pids=90, free_ram_mb=5102
Queue check: current_jobs=10, allowed_parallel=10, current_parallel_cap=10, healthy_ram_streak=9/15, tracked_pids=90, free_ram_mb=5128
Queue check: current_jobs=10, allowed_parallel=10, current_parallel_cap=10, healthy_ram_streak=10/15, tracked_pids=90, free_ram_mb=5108
Queue check: current_jobs=10, allowed_parallel=10, current_parallel_cap=10, healthy_ram_streak=11/15, tracked_pids=90, free_ram_mb=5120
Queue check: current_jobs=10, allowed_parallel=10, current_parallel_cap=10, healthy_ram_streak=12/15, tracked_pids=90, free_ram_mb=5109
Queue check: current_jobs=10, allowed_parallel=10, current_parallel_cap=10, healthy_ram_streak=13/15, tracked_pids=90, free_ram_mb=5106
Queue check: current_jobs=10, allowed_parallel=10, current_parallel_cap=10, healthy_ram_streak=14/15, tracked_pids=90, free_ram_mb=5121
Queue check: current_jobs=10, allowed_parallel=10, current_parallel_cap=10, healthy_ram_streak=0/15, tracked_pids=90, free_ram_mb=5111
Queue check: current_jobs=10, allowed_parallel=10, current_parallel_cap=10, healthy_ram_streak=1/15, tracked_pids=90, free_ram_mb=5118
Queue check: current_jobs=10, allowed_parallel=10, current_parallel_cap=10, healthy_ram_streak=2/15, tracked_pids=90, free_ram_mb=5155
Queue check: current_jobs=10, allowed_parallel=10, current_parallel_cap=10, healthy_ram_streak=3/15, tracked_pids=90, free_ram_mb=5129
Queue check: current_jobs=10, allowed_parallel=10, current_parallel_cap=10, healthy_ram_streak=4/15, tracked_pids=90, free_ram_mb=5121
Queue check: current_jobs=10, allowed_parallel=10, current_parallel_cap=10, healthy_ram_streak=5/15, tracked_pids=90, free_ram_mb=5331
Queue check: current_jobs=10, allowed_parallel=10, current_parallel_cap=10, healthy_ram_streak=6/15, tracked_pids=90, free_ram_mb=5119
Queue check: current_jobs=10, allowed_parallel=10, current_parallel_cap=10, healthy_ram_streak=7/15, tracked_pids=90, free_ram_mb=5145
Queue check: current_jobs=10, allowed_parallel=10, current_parallel_cap=10, healthy_ram_streak=8/15, tracked_pids=90, free_ram_mb=5136
Queue check: current_jobs=10, allowed_parallel=10, current_parallel_cap=10, healthy_ram_streak=9/15, tracked_pids=90, free_ram_mb=5144
Queue check: current_jobs=10, allowed_parallel=10, current_parallel_cap=10, healthy_ram_streak=10/15, tracked_pids=90, free_ram_mb=5117
Queue check: current_jobs=10, allowed_parallel=10, current_parallel_cap=10, healthy_ram_streak=11/15, tracked_pids=90, free_ram_mb=5126
Queue check: current_jobs=10, allowed_parallel=10, current_parallel_cap=10, healthy_ram_streak=12/15, tracked_pids=90, free_ram_mb=5138
Queue check: current_jobs=10, allowed_parallel=10, current_parallel_cap=10, healthy_ram_streak=13/15, tracked_pids=90, free_ram_mb=5039
Queue check: current_jobs=10, allowed_parallel=10, current_parallel_cap=10, healthy_ram_streak=14/15, tracked_pids=90, free_ram_mb=5098
Queue check: current_jobs=10, allowed_parallel=10, current_parallel_cap=10, healthy_ram_streak=0/15, tracked_pids=90, free_ram_mb=5133
Queue check: current_jobs=10, allowed_parallel=10, current_parallel_cap=10, healthy_ram_streak=1/15, tracked_pids=90, free_ram_mb=5131
Queue check: current_jobs=10, allowed_parallel=10, current_parallel_cap=10, healthy_ram_streak=2/15, tracked_pids=90, free_ram_mb=5128
Queue check: current_jobs=10, allowed_parallel=10, current_parallel_cap=10, healthy_ram_streak=3/15, tracked_pids=90, free_ram_mb=5110
Queue check: current_jobs=10, allowed_parallel=10, current_parallel_cap=10, healthy_ram_streak=4/15, tracked_pids=90, free_ram_mb=5139
Queue check: current_jobs=10, allowed_parallel=10, current_parallel_cap=10, healthy_ram_streak=5/15, tracked_pids=90, free_ram_mb=5099
Queue check: current_jobs=10, allowed_parallel=10, current_parallel_cap=10, healthy_ram_streak=6/15, tracked_pids=90, free_ram_mb=5125
Queue check: current_jobs=10, allowed_parallel=10, current_parallel_cap=10, healthy_ram_streak=7/15, tracked_pids=90, free_ram_mb=5157
Queue check: current_jobs=10, allowed_parallel=10, current_parallel_cap=10, healthy_ram_streak=8/15, tracked_pids=90, free_ram_mb=5129
Queue check: current_jobs=10, allowed_parallel=10, current_parallel_cap=10, healthy_ram_streak=9/15, tracked_pids=90, free_ram_mb=5140
Queue check: current_jobs=10, allowed_parallel=10, current_parallel_cap=10, healthy_ram_streak=10/15, tracked_pids=90, free_ram_mb=5121
Queue check: current_jobs=10, allowed_parallel=10, current_parallel_cap=10, healthy_ram_streak=11/15, tracked_pids=90, free_ram_mb=5141
Queue check: current_jobs=10, allowed_parallel=10, current_parallel_cap=10, healthy_ram_streak=12/15, tracked_pids=90, free_ram_mb=5136
Queue check: current_jobs=10, allowed_parallel=10, current_parallel_cap=10, healthy_ram_streak=13/15, tracked_pids=90, free_ram_mb=5114
Queue check: current_jobs=10, allowed_parallel=10, current_parallel_cap=10, healthy_ram_streak=14/15, tracked_pids=90, free_ram_mb=5129
Queue check: current_jobs=10, allowed_parallel=10, current_parallel_cap=10, healthy_ram_streak=0/15, tracked_pids=90, free_ram_mb=5121
Queue check: current_jobs=10, allowed_parallel=10, current_parallel_cap=10, healthy_ram_streak=1/15, tracked_pids=90, free_ram_mb=5133
Queue check: current_jobs=10, allowed_parallel=10, current_parallel_cap=10, healthy_ram_streak=2/15, tracked_pids=90, free_ram_mb=5688
Queue check: current_jobs=10, allowed_parallel=10, current_parallel_cap=10, healthy_ram_streak=3/15, tracked_pids=90, free_ram_mb=5132
Queue check: current_jobs=10, allowed_parallel=10, current_parallel_cap=10, healthy_ram_streak=4/15, tracked_pids=90, free_ram_mb=5113
Queue check: current_jobs=10, allowed_parallel=10, current_parallel_cap=10, healthy_ram_streak=5/15, tracked_pids=90, free_ram_mb=5100
Queue check: current_jobs=10, allowed_parallel=10, current_parallel_cap=10, healthy_ram_streak=6/15, tracked_pids=90, free_ram_mb=5093
Queue check: current_jobs=10, allowed_parallel=10, current_parallel_cap=10, healthy_ram_streak=7/15, tracked_pids=90, free_ram_mb=5115
Queue check: current_jobs=10, allowed_parallel=10, current_parallel_cap=10, healthy_ram_streak=8/15, tracked_pids=90, free_ram_mb=5102
Queue check: current_jobs=10, allowed_parallel=10, current_parallel_cap=10, healthy_ram_streak=9/15, tracked_pids=90, free_ram_mb=5076
Queue check: current_jobs=10, allowed_parallel=10, current_parallel_cap=10, healthy_ram_streak=10/15, tracked_pids=90, free_ram_mb=5106
Queue check: current_jobs=10, allowed_parallel=10, current_parallel_cap=10, healthy_ram_streak=11/15, tracked_pids=90, free_ram_mb=5114
Queue check: current_jobs=10, allowed_parallel=10, current_parallel_cap=10, healthy_ram_streak=12/15, tracked_pids=90, free_ram_mb=5117
Queue check: current_jobs=10, allowed_parallel=10, current_parallel_cap=10, healthy_ram_streak=13/15, tracked_pids=90, free_ram_mb=5116
Queue check: current_jobs=10, allowed_parallel=10, current_parallel_cap=10, healthy_ram_streak=14/15, tracked_pids=90, free_ram_mb=5121
Queue check: current_jobs=10, allowed_parallel=10, current_parallel_cap=10, healthy_ram_streak=0/15, tracked_pids=90, free_ram_mb=5121
Queue check: current_jobs=10, allowed_parallel=10, current_parallel_cap=10, healthy_ram_streak=1/15, tracked_pids=90, free_ram_mb=5148
Queue check: current_jobs=10, allowed_parallel=10, current_parallel_cap=10, healthy_ram_streak=2/15, tracked_pids=90, free_ram_mb=5113
Queue check: current_jobs=10, allowed_parallel=10, current_parallel_cap=10, healthy_ram_streak=3/15, tracked_pids=90, free_ram_mb=5133
Queue check: current_jobs=10, allowed_parallel=10, current_parallel_cap=10, healthy_ram_streak=4/15, tracked_pids=90, free_ram_mb=5135
Queue check: current_jobs=10, allowed_parallel=10, current_parallel_cap=10, healthy_ram_streak=5/15, tracked_pids=90, free_ram_mb=5138
Queue check: current_jobs=10, allowed_parallel=10, current_parallel_cap=10, healthy_ram_streak=6/15, tracked_pids=90, free_ram_mb=5122
Queue check: current_jobs=10, allowed_parallel=10, current_parallel_cap=10, healthy_ram_streak=7/15, tracked_pids=90, free_ram_mb=5134
Queue check: current_jobs=10, allowed_parallel=10, current_parallel_cap=10, healthy_ram_streak=8/15, tracked_pids=90, free_ram_mb=5116
Queue check: current_jobs=10, allowed_parallel=10, current_parallel_cap=10, healthy_ram_streak=9/15, tracked_pids=90, free_ram_mb=5112
Queue check: current_jobs=10, allowed_parallel=10, current_parallel_cap=10, healthy_ram_streak=10/15, tracked_pids=90, free_ram_mb=5129
Queue check: current_jobs=10, allowed_parallel=10, current_parallel_cap=10, healthy_ram_streak=11/15, tracked_pids=90, free_ram_mb=5125
Queue check: current_jobs=10, allowed_parallel=10, current_parallel_cap=10, healthy_ram_streak=12/15, tracked_pids=90, free_ram_mb=4818
Queue check: current_jobs=10, allowed_parallel=10, current_parallel_cap=10, healthy_ram_streak=13/15, tracked_pids=90, free_ram_mb=5073
Queue check: current_jobs=10, allowed_parallel=10, current_parallel_cap=10, healthy_ram_streak=14/15, tracked_pids=90, free_ram_mb=5064
Queue check: current_jobs=10, allowed_parallel=10, current_parallel_cap=10, healthy_ram_streak=0/15, tracked_pids=90, free_ram_mb=5098
Queue check: current_jobs=10, allowed_parallel=10, current_parallel_cap=10, healthy_ram_streak=1/15, tracked_pids=90, free_ram_mb=5113
Queue check: current_jobs=10, allowed_parallel=10, current_parallel_cap=10, healthy_ram_streak=2/15, tracked_pids=90, free_ram_mb=5121
Queue check: current_jobs=10, allowed_parallel=10, current_parallel_cap=10, healthy_ram_streak=3/15, tracked_pids=90, free_ram_mb=5105
Queue check: current_jobs=10, allowed_parallel=10, current_parallel_cap=10, healthy_ram_streak=4/15, tracked_pids=90, free_ram_mb=5107
Queue check: current_jobs=10, allowed_parallel=10, current_parallel_cap=10, healthy_ram_streak=5/15, tracked_pids=90, free_ram_mb=5124
Queue check: current_jobs=10, allowed_parallel=10, current_parallel_cap=10, healthy_ram_streak=6/15, tracked_pids=90, free_ram_mb=5129
Queue check: current_jobs=10, allowed_parallel=10, current_parallel_cap=10, healthy_ram_streak=7/15, tracked_pids=90, free_ram_mb=5123
Queue check: current_jobs=10, allowed_parallel=10, current_parallel_cap=10, healthy_ram_streak=8/15, tracked_pids=90, free_ram_mb=5111
Queue check: current_jobs=10, allowed_parallel=10, current_parallel_cap=10, healthy_ram_streak=9/15, tracked_pids=90, free_ram_mb=5106
Queue check: current_jobs=10, allowed_parallel=10, current_parallel_cap=10, healthy_ram_streak=10/15, tracked_pids=90, free_ram_mb=5100
Queue check: current_jobs=10, allowed_parallel=10, current_parallel_cap=10, healthy_ram_streak=11/15, tracked_pids=90, free_ram_mb=5130
Queue check: current_jobs=10, allowed_parallel=10, current_parallel_cap=10, healthy_ram_streak=12/15, tracked_pids=90, free_ram_mb=5119
Queue check: current_jobs=10, allowed_parallel=10, current_parallel_cap=10, healthy_ram_streak=13/15, tracked_pids=90, free_ram_mb=5113
Queue check: current_jobs=10, allowed_parallel=10, current_parallel_cap=10, healthy_ram_streak=14/15, tracked_pids=90, free_ram_mb=5117
Queue check: current_jobs=10, allowed_parallel=10, current_parallel_cap=10, healthy_ram_streak=0/15, tracked_pids=90, free_ram_mb=5154
Queue check: current_jobs=10, allowed_parallel=10, current_parallel_cap=10, healthy_ram_streak=1/15, tracked_pids=90, free_ram_mb=5124
Queue check: current_jobs=10, allowed_parallel=10, current_parallel_cap=10, healthy_ram_streak=2/15, tracked_pids=90, free_ram_mb=5121
Queue check: current_jobs=10, allowed_parallel=10, current_parallel_cap=10, healthy_ram_streak=3/15, tracked_pids=90, free_ram_mb=5110
Queue check: current_jobs=10, allowed_parallel=10, current_parallel_cap=10, healthy_ram_streak=4/15, tracked_pids=90, free_ram_mb=5127
Queue check: current_jobs=10, allowed_parallel=10, current_parallel_cap=10, healthy_ram_streak=5/15, tracked_pids=90, free_ram_mb=5117
Queue check: current_jobs=10, allowed_parallel=10, current_parallel_cap=10, healthy_ram_streak=6/15, tracked_pids=90, free_ram_mb=5089
Queue check: current_jobs=10, allowed_parallel=10, current_parallel_cap=10, healthy_ram_streak=7/15, tracked_pids=90, free_ram_mb=5103
Queue check: current_jobs=10, allowed_parallel=10, current_parallel_cap=10, healthy_ram_streak=8/15, tracked_pids=90, free_ram_mb=5120
Queue check: current_jobs=10, allowed_parallel=10, current_parallel_cap=10, healthy_ram_streak=9/15, tracked_pids=90, free_ram_mb=5155
Queue check: current_jobs=10, allowed_parallel=10, current_parallel_cap=10, healthy_ram_streak=10/15, tracked_pids=90, free_ram_mb=5089
Queue check: current_jobs=10, allowed_parallel=10, current_parallel_cap=10, healthy_ram_streak=11/15, tracked_pids=90, free_ram_mb=5105
Queue check: current_jobs=10, allowed_parallel=10, current_parallel_cap=10, healthy_ram_streak=12/15, tracked_pids=90, free_ram_mb=5115
Queue check: current_jobs=10, allowed_parallel=10, current_parallel_cap=10, healthy_ram_streak=13/15, tracked_pids=90, free_ram_mb=5113
Queue check: current_jobs=10, allowed_parallel=10, current_parallel_cap=10, healthy_ram_streak=14/15, tracked_pids=90, free_ram_mb=5123
Queue check: current_jobs=10, allowed_parallel=10, current_parallel_cap=10, healthy_ram_streak=0/15, tracked_pids=90, free_ram_mb=5105
Queue check: current_jobs=10, allowed_parallel=10, current_parallel_cap=10, healthy_ram_streak=1/15, tracked_pids=90, free_ram_mb=5128
Queue check: current_jobs=10, allowed_parallel=10, current_parallel_cap=10, healthy_ram_streak=2/15, tracked_pids=90, free_ram_mb=5111
Queue check: current_jobs=10, allowed_parallel=10, current_parallel_cap=10, healthy_ram_streak=3/15, tracked_pids=90, free_ram_mb=5122
Queue check: current_jobs=10, allowed_parallel=10, current_parallel_cap=10, healthy_ram_streak=4/15, tracked_pids=90, free_ram_mb=5136
Queue check: current_jobs=10, allowed_parallel=10, current_parallel_cap=10, healthy_ram_streak=5/15, tracked_pids=90, free_ram_mb=5120
Queue check: current_jobs=10, allowed_parallel=10, current_parallel_cap=10, healthy_ram_streak=6/15, tracked_pids=90, free_ram_mb=5092
Queue check: current_jobs=10, allowed_parallel=10, current_parallel_cap=10, healthy_ram_streak=7/15, tracked_pids=90, free_ram_mb=5096
Queue check: current_jobs=10, allowed_parallel=10, current_parallel_cap=10, healthy_ram_streak=8/15, tracked_pids=90, free_ram_mb=5106
Queue check: current_jobs=10, allowed_parallel=10, current_parallel_cap=10, healthy_ram_streak=9/15, tracked_pids=90, free_ram_mb=5117
Queue check: current_jobs=10, allowed_parallel=10, current_parallel_cap=10, healthy_ram_streak=10/15, tracked_pids=90, free_ram_mb=5126
Queue check: current_jobs=10, allowed_parallel=10, current_parallel_cap=10, healthy_ram_streak=11/15, tracked_pids=90, free_ram_mb=5120
Queue check: current_jobs=10, allowed_parallel=10, current_parallel_cap=10, healthy_ram_streak=12/15, tracked_pids=90, free_ram_mb=5100
Queue check: current_jobs=10, allowed_parallel=10, current_parallel_cap=10, healthy_ram_streak=13/15, tracked_pids=90, free_ram_mb=5097
Queue check: current_jobs=10, allowed_parallel=10, current_parallel_cap=10, healthy_ram_streak=14/15, tracked_pids=90, free_ram_mb=5090
Queue check: current_jobs=10, allowed_parallel=10, current_parallel_cap=10, healthy_ram_streak=0/15, tracked_pids=90, free_ram_mb=5082
Queue check: current_jobs=10, allowed_parallel=10, current_parallel_cap=10, healthy_ram_streak=1/15, tracked_pids=90, free_ram_mb=5098
Queue check: current_jobs=10, allowed_parallel=10, current_parallel_cap=10, healthy_ram_streak=2/15, tracked_pids=90, free_ram_mb=5121
Queue check: current_jobs=10, allowed_parallel=10, current_parallel_cap=10, healthy_ram_streak=3/15, tracked_pids=90, free_ram_mb=5118
Queue check: current_jobs=10, allowed_parallel=10, current_parallel_cap=10, healthy_ram_streak=4/15, tracked_pids=90, free_ram_mb=5111
Queue check: current_jobs=10, allowed_parallel=10, current_parallel_cap=10, healthy_ram_streak=5/15, tracked_pids=90, free_ram_mb=5108
Queue check: current_jobs=10, allowed_parallel=10, current_parallel_cap=10, healthy_ram_streak=6/15, tracked_pids=90, free_ram_mb=5111
Queue check: current_jobs=10, allowed_parallel=10, current_parallel_cap=10, healthy_ram_streak=7/15, tracked_pids=90, free_ram_mb=5114
Queue check: current_jobs=10, allowed_parallel=10, current_parallel_cap=10, healthy_ram_streak=8/15, tracked_pids=90, free_ram_mb=5110
Queue check: current_jobs=10, allowed_parallel=10, current_parallel_cap=10, healthy_ram_streak=9/15, tracked_pids=90, free_ram_mb=5101
Queue check: current_jobs=10, allowed_parallel=10, current_parallel_cap=10, healthy_ram_streak=10/15, tracked_pids=90, free_ram_mb=5100
Queue check: current_jobs=10, allowed_parallel=10, current_parallel_cap=10, healthy_ram_streak=11/15, tracked_pids=90, free_ram_mb=5097
Queue check: current_jobs=10, allowed_parallel=10, current_parallel_cap=10, healthy_ram_streak=12/15, tracked_pids=90, free_ram_mb=5116
Queue check: current_jobs=10, allowed_parallel=10, current_parallel_cap=10, healthy_ram_streak=13/15, tracked_pids=90, free_ram_mb=5069
Queue check: current_jobs=10, allowed_parallel=10, current_parallel_cap=10, healthy_ram_streak=14/15, tracked_pids=90, free_ram_mb=5112
Queue check: current_jobs=10, allowed_parallel=10, current_parallel_cap=10, healthy_ram_streak=0/15, tracked_pids=90, free_ram_mb=5111
Queue check: current_jobs=10, allowed_parallel=10, current_parallel_cap=10, healthy_ram_streak=1/15, tracked_pids=90, free_ram_mb=5119
Queue check: current_jobs=10, allowed_parallel=10, current_parallel_cap=10, healthy_ram_streak=2/15, tracked_pids=90, free_ram_mb=5111
Queue check: current_jobs=10, allowed_parallel=10, current_parallel_cap=10, healthy_ram_streak=3/15, tracked_pids=90, free_ram_mb=5099
Queue check: current_jobs=10, allowed_parallel=10, current_parallel_cap=10, healthy_ram_streak=4/15, tracked_pids=90, free_ram_mb=5109
Queue check: current_jobs=10, allowed_parallel=10, current_parallel_cap=10, healthy_ram_streak=5/15, tracked_pids=90, free_ram_mb=5119
Queue check: current_jobs=10, allowed_parallel=10, current_parallel_cap=10, healthy_ram_streak=6/15, tracked_pids=90, free_ram_mb=5124
Queue check: current_jobs=10, allowed_parallel=10, current_parallel_cap=10, healthy_ram_streak=7/15, tracked_pids=90, free_ram_mb=5099
Queue check: current_jobs=10, allowed_parallel=10, current_parallel_cap=10, healthy_ram_streak=8/15, tracked_pids=90, free_ram_mb=5105
Queue check: current_jobs=10, allowed_parallel=10, current_parallel_cap=10, healthy_ram_streak=9/15, tracked_pids=90, free_ram_mb=5086
Queue check: current_jobs=10, allowed_parallel=10, current_parallel_cap=10, healthy_ram_streak=10/15, tracked_pids=90, free_ram_mb=5109
Queue check: current_jobs=10, allowed_parallel=10, current_parallel_cap=10, healthy_ram_streak=11/15, tracked_pids=90, free_ram_mb=5113
Queue check: current_jobs=10, allowed_parallel=10, current_parallel_cap=10, healthy_ram_streak=12/15, tracked_pids=90, free_ram_mb=5107
Queue check: current_jobs=10, allowed_parallel=10, current_parallel_cap=10, healthy_ram_streak=13/15, tracked_pids=90, free_ram_mb=5116
Queue check: current_jobs=10, allowed_parallel=10, current_parallel_cap=10, healthy_ram_streak=14/15, tracked_pids=90, free_ram_mb=5094
Queue check: current_jobs=10, allowed_parallel=10, current_parallel_cap=10, healthy_ram_streak=0/15, tracked_pids=90, free_ram_mb=5113
Queue check: current_jobs=10, allowed_parallel=10, current_parallel_cap=10, healthy_ram_streak=1/15, tracked_pids=90, free_ram_mb=5229
Queue check: current_jobs=10, allowed_parallel=10, current_parallel_cap=10, healthy_ram_streak=2/15, tracked_pids=90, free_ram_mb=5115
Queue check: current_jobs=10, allowed_parallel=10, current_parallel_cap=10, healthy_ram_streak=3/15, tracked_pids=90, free_ram_mb=5093
Queue check: current_jobs=10, allowed_parallel=10, current_parallel_cap=10, healthy_ram_streak=4/15, tracked_pids=90, free_ram_mb=5109
Queue check: current_jobs=10, allowed_parallel=10, current_parallel_cap=10, healthy_ram_streak=5/15, tracked_pids=90, free_ram_mb=5104
Queue check: current_jobs=10, allowed_parallel=10, current_parallel_cap=10, healthy_ram_streak=6/15, tracked_pids=90, free_ram_mb=5125
Queue check: current_jobs=10, allowed_parallel=10, current_parallel_cap=10, healthy_ram_streak=7/15, tracked_pids=90, free_ram_mb=5090
Queue check: current_jobs=10, allowed_parallel=10, current_parallel_cap=10, healthy_ram_streak=8/15, tracked_pids=90, free_ram_mb=5115
Queue check: current_jobs=10, allowed_parallel=10, current_parallel_cap=10, healthy_ram_streak=9/15, tracked_pids=90, free_ram_mb=5102
Queue check: current_jobs=10, allowed_parallel=10, current_parallel_cap=10, healthy_ram_streak=10/15, tracked_pids=90, free_ram_mb=5118
Queue check: current_jobs=10, allowed_parallel=10, current_parallel_cap=10, healthy_ram_streak=11/15, tracked_pids=90, free_ram_mb=5128
Queue check: current_jobs=10, allowed_parallel=10, current_parallel_cap=10, healthy_ram_streak=12/15, tracked_pids=90, free_ram_mb=5114
Queue check: current_jobs=10, allowed_parallel=10, current_parallel_cap=10, healthy_ram_streak=13/15, tracked_pids=90, free_ram_mb=5124
Queue check: current_jobs=10, allowed_parallel=10, current_parallel_cap=10, healthy_ram_streak=14/15, tracked_pids=90, free_ram_mb=5094
Queue check: current_jobs=10, allowed_parallel=10, current_parallel_cap=10, healthy_ram_streak=0/15, tracked_pids=90, free_ram_mb=5122
Queue check: current_jobs=10, allowed_parallel=10, current_parallel_cap=10, healthy_ram_streak=1/15, tracked_pids=90, free_ram_mb=5110
Queue check: current_jobs=10, allowed_parallel=10, current_parallel_cap=10, healthy_ram_streak=2/15, tracked_pids=90, free_ram_mb=5104
Queue check: current_jobs=10, allowed_parallel=10, current_parallel_cap=10, healthy_ram_streak=3/15, tracked_pids=90, free_ram_mb=5116
Queue check: current_jobs=10, allowed_parallel=10, current_parallel_cap=10, healthy_ram_streak=4/15, tracked_pids=90, free_ram_mb=5097
Queue check: current_jobs=10, allowed_parallel=10, current_parallel_cap=10, healthy_ram_streak=5/15, tracked_pids=90, free_ram_mb=5111
Queue check: current_jobs=10, allowed_parallel=10, current_parallel_cap=10, healthy_ram_streak=6/15, tracked_pids=90, free_ram_mb=5131
Queue check: current_jobs=10, allowed_parallel=10, current_parallel_cap=10, healthy_ram_streak=7/15, tracked_pids=90, free_ram_mb=5077
Queue check: current_jobs=10, allowed_parallel=10, current_parallel_cap=10, healthy_ram_streak=8/15, tracked_pids=90, free_ram_mb=5125
Queue check: current_jobs=10, allowed_parallel=10, current_parallel_cap=10, healthy_ram_streak=9/15, tracked_pids=90, free_ram_mb=5124
Queue check: current_jobs=10, allowed_parallel=10, current_parallel_cap=10, healthy_ram_streak=10/15, tracked_pids=90, free_ram_mb=5126
Queue check: current_jobs=10, allowed_parallel=10, current_parallel_cap=10, healthy_ram_streak=11/15, tracked_pids=90, free_ram_mb=5119
Queue check: current_jobs=10, allowed_parallel=10, current_parallel_cap=10, healthy_ram_streak=12/15, tracked_pids=90, free_ram_mb=5117
Queue check: current_jobs=10, allowed_parallel=10, current_parallel_cap=10, healthy_ram_streak=13/15, tracked_pids=90, free_ram_mb=5112
Queue check: current_jobs=10, allowed_parallel=10, current_parallel_cap=10, healthy_ram_streak=14/15, tracked_pids=90, free_ram_mb=5112
Queue check: current_jobs=10, allowed_parallel=10, current_parallel_cap=10, healthy_ram_streak=0/15, tracked_pids=90, free_ram_mb=5609
Queue check: current_jobs=10, allowed_parallel=10, current_parallel_cap=10, healthy_ram_streak=1/15, tracked_pids=90, free_ram_mb=5112
Queue check: current_jobs=10, allowed_parallel=10, current_parallel_cap=10, healthy_ram_streak=2/15, tracked_pids=90, free_ram_mb=5091
Queue check: current_jobs=10, allowed_parallel=10, current_parallel_cap=10, healthy_ram_streak=3/15, tracked_pids=90, free_ram_mb=5125
Queue check: current_jobs=10, allowed_parallel=10, current_parallel_cap=10, healthy_ram_streak=4/15, tracked_pids=90, free_ram_mb=5110
Queue check: current_jobs=10, allowed_parallel=10, current_parallel_cap=10, healthy_ram_streak=5/15, tracked_pids=90, free_ram_mb=5094
Queue check: current_jobs=10, allowed_parallel=10, current_parallel_cap=10, healthy_ram_streak=6/15, tracked_pids=90, free_ram_mb=5074
Queue check: current_jobs=10, allowed_parallel=10, current_parallel_cap=10, healthy_ram_streak=7/15, tracked_pids=90, free_ram_mb=5087
Queue check: current_jobs=10, allowed_parallel=10, current_parallel_cap=10, healthy_ram_streak=8/15, tracked_pids=90, free_ram_mb=5094
Queue check: current_jobs=10, allowed_parallel=10, current_parallel_cap=10, healthy_ram_streak=9/15, tracked_pids=90, free_ram_mb=5091
Queue check: current_jobs=10, allowed_parallel=10, current_parallel_cap=10, healthy_ram_streak=10/15, tracked_pids=90, free_ram_mb=5096
Queue check: current_jobs=10, allowed_parallel=10, current_parallel_cap=10, healthy_ram_streak=11/15, tracked_pids=90, free_ram_mb=5095
Queue check: current_jobs=10, allowed_parallel=10, current_parallel_cap=10, healthy_ram_streak=12/15, tracked_pids=90, free_ram_mb=5090
Queue check: current_jobs=10, allowed_parallel=10, current_parallel_cap=10, healthy_ram_streak=13/15, tracked_pids=90, free_ram_mb=5124
Queue check: current_jobs=10, allowed_parallel=10, current_parallel_cap=10, healthy_ram_streak=14/15, tracked_pids=90, free_ram_mb=5076
Queue check: current_jobs=10, allowed_parallel=10, current_parallel_cap=10, healthy_ram_streak=0/15, tracked_pids=90, free_ram_mb=5094
Queue check: current_jobs=10, allowed_parallel=10, current_parallel_cap=10, healthy_ram_streak=1/15, tracked_pids=90, free_ram_mb=5118
Queue check: current_jobs=10, allowed_parallel=10, current_parallel_cap=10, healthy_ram_streak=2/15, tracked_pids=90, free_ram_mb=5112
Queue check: current_jobs=10, allowed_parallel=10, current_parallel_cap=10, healthy_ram_streak=3/15, tracked_pids=90, free_ram_mb=5094
Queue check: current_jobs=10, allowed_parallel=10, current_parallel_cap=10, healthy_ram_streak=4/15, tracked_pids=90, free_ram_mb=5095
Queue check: current_jobs=10, allowed_parallel=10, current_parallel_cap=10, healthy_ram_streak=5/15, tracked_pids=90, free_ram_mb=5114
Queue check: current_jobs=10, allowed_parallel=10, current_parallel_cap=10, healthy_ram_streak=6/15, tracked_pids=90, free_ram_mb=5110
Queue check: current_jobs=10, allowed_parallel=10, current_parallel_cap=10, healthy_ram_streak=7/15, tracked_pids=90, free_ram_mb=5129
Queue check: current_jobs=10, allowed_parallel=10, current_parallel_cap=10, healthy_ram_streak=8/15, tracked_pids=90, free_ram_mb=5118
Queue check: current_jobs=10, allowed_parallel=10, current_parallel_cap=10, healthy_ram_streak=9/15, tracked_pids=90, free_ram_mb=5120
Queue check: current_jobs=10, allowed_parallel=10, current_parallel_cap=10, healthy_ram_streak=10/15, tracked_pids=90, free_ram_mb=5107
Queue check: current_jobs=10, allowed_parallel=10, current_parallel_cap=10, healthy_ram_streak=11/15, tracked_pids=90, free_ram_mb=5132
Queue check: current_jobs=10, allowed_parallel=10, current_parallel_cap=10, healthy_ram_streak=12/15, tracked_pids=90, free_ram_mb=5108
Queue check: current_jobs=10, allowed_parallel=10, current_parallel_cap=10, healthy_ram_streak=13/15, tracked_pids=90, free_ram_mb=5110
Queue check: current_jobs=10, allowed_parallel=10, current_parallel_cap=10, healthy_ram_streak=14/15, tracked_pids=90, free_ram_mb=5079
Queue check: current_jobs=10, allowed_parallel=10, current_parallel_cap=10, healthy_ram_streak=0/15, tracked_pids=90, free_ram_mb=5106
Queue check: current_jobs=10, allowed_parallel=10, current_parallel_cap=10, healthy_ram_streak=1/15, tracked_pids=90, free_ram_mb=5109
Queue check: current_jobs=10, allowed_parallel=10, current_parallel_cap=10, healthy_ram_streak=2/15, tracked_pids=90, free_ram_mb=5115
Queue check: current_jobs=10, allowed_parallel=10, current_parallel_cap=10, healthy_ram_streak=3/15, tracked_pids=90, free_ram_mb=5108
Queue check: current_jobs=10, allowed_parallel=10, current_parallel_cap=10, healthy_ram_streak=4/15, tracked_pids=90, free_ram_mb=5112
Queue check: current_jobs=10, allowed_parallel=10, current_parallel_cap=10, healthy_ram_streak=5/15, tracked_pids=90, free_ram_mb=5115
Queue check: current_jobs=10, allowed_parallel=10, current_parallel_cap=10, healthy_ram_streak=6/15, tracked_pids=90, free_ram_mb=5102
Queue check: current_jobs=10, allowed_parallel=10, current_parallel_cap=10, healthy_ram_streak=7/15, tracked_pids=90, free_ram_mb=5123
Queue check: current_jobs=10, allowed_parallel=10, current_parallel_cap=10, healthy_ram_streak=8/15, tracked_pids=90, free_ram_mb=5110
Queue check: current_jobs=10, allowed_parallel=10, current_parallel_cap=10, healthy_ram_streak=9/15, tracked_pids=90, free_ram_mb=5086
Queue check: current_jobs=10, allowed_parallel=10, current_parallel_cap=10, healthy_ram_streak=10/15, tracked_pids=90, free_ram_mb=5108
Queue check: current_jobs=10, allowed_parallel=10, current_parallel_cap=10, healthy_ram_streak=11/15, tracked_pids=90, free_ram_mb=5085
Queue check: current_jobs=10, allowed_parallel=10, current_parallel_cap=10, healthy_ram_streak=12/15, tracked_pids=90, free_ram_mb=5116
Queue check: current_jobs=10, allowed_parallel=10, current_parallel_cap=10, healthy_ram_streak=13/15, tracked_pids=90, free_ram_mb=5117
Queue check: current_jobs=10, allowed_parallel=10, current_parallel_cap=10, healthy_ram_streak=14/15, tracked_pids=90, free_ram_mb=5137
Queue check: current_jobs=10, allowed_parallel=10, current_parallel_cap=10, healthy_ram_streak=0/15, tracked_pids=90, free_ram_mb=5115
Queue check: current_jobs=10, allowed_parallel=10, current_parallel_cap=10, healthy_ram_streak=1/15, tracked_pids=90, free_ram_mb=5097
Queue check: current_jobs=10, allowed_parallel=10, current_parallel_cap=10, healthy_ram_streak=2/15, tracked_pids=90, free_ram_mb=5097
Queue check: current_jobs=10, allowed_parallel=10, current_parallel_cap=10, healthy_ram_streak=3/15, tracked_pids=90, free_ram_mb=5088
Queue check: current_jobs=10, allowed_parallel=10, current_parallel_cap=10, healthy_ram_streak=4/15, tracked_pids=90, free_ram_mb=5100
Queue check: current_jobs=10, allowed_parallel=10, current_parallel_cap=10, healthy_ram_streak=5/15, tracked_pids=90, free_ram_mb=5090
Queue check: current_jobs=10, allowed_parallel=10, current_parallel_cap=10, healthy_ram_streak=6/15, tracked_pids=90, free_ram_mb=5187
Queue check: current_jobs=10, allowed_parallel=10, current_parallel_cap=10, healthy_ram_streak=7/15, tracked_pids=90, free_ram_mb=5074
Queue check: current_jobs=10, allowed_parallel=10, current_parallel_cap=10, healthy_ram_streak=8/15, tracked_pids=90, free_ram_mb=5115
Queue check: current_jobs=10, allowed_parallel=10, current_parallel_cap=10, healthy_ram_streak=9/15, tracked_pids=90, free_ram_mb=5796
Queue check: current_jobs=10, allowed_parallel=10, current_parallel_cap=10, healthy_ram_streak=10/15, tracked_pids=90, free_ram_mb=5100
Queue check: current_jobs=10, allowed_parallel=10, current_parallel_cap=10, healthy_ram_streak=11/15, tracked_pids=90, free_ram_mb=5097
Queue check: current_jobs=10, allowed_parallel=10, current_parallel_cap=10, healthy_ram_streak=12/15, tracked_pids=90, free_ram_mb=5113
Queue check: current_jobs=10, allowed_parallel=10, current_parallel_cap=10, healthy_ram_streak=13/15, tracked_pids=90, free_ram_mb=5090
Queue check: current_jobs=10, allowed_parallel=10, current_parallel_cap=10, healthy_ram_streak=14/15, tracked_pids=90, free_ram_mb=5097
Queue check: current_jobs=10, allowed_parallel=10, current_parallel_cap=10, healthy_ram_streak=0/15, tracked_pids=90, free_ram_mb=5124
Queue check: current_jobs=10, allowed_parallel=10, current_parallel_cap=10, healthy_ram_streak=1/15, tracked_pids=90, free_ram_mb=5105
Queue check: current_jobs=10, allowed_parallel=10, current_parallel_cap=10, healthy_ram_streak=2/15, tracked_pids=90, free_ram_mb=5103
Queue check: current_jobs=10, allowed_parallel=10, current_parallel_cap=10, healthy_ram_streak=3/15, tracked_pids=90, free_ram_mb=5101
Queue check: current_jobs=10, allowed_parallel=10, current_parallel_cap=10, healthy_ram_streak=4/15, tracked_pids=90, free_ram_mb=5101
Queue check: current_jobs=10, allowed_parallel=10, current_parallel_cap=10, healthy_ram_streak=5/15, tracked_pids=90, free_ram_mb=5104
Queue check: current_jobs=10, allowed_parallel=10, current_parallel_cap=10, healthy_ram_streak=6/15, tracked_pids=90, free_ram_mb=5118
Queue check: current_jobs=10, allowed_parallel=10, current_parallel_cap=10, healthy_ram_streak=7/15, tracked_pids=90, free_ram_mb=5090
Queue check: current_jobs=10, allowed_parallel=10, current_parallel_cap=10, healthy_ram_streak=8/15, tracked_pids=90, free_ram_mb=5100
Queue check: current_jobs=10, allowed_parallel=10, current_parallel_cap=10, healthy_ram_streak=9/15, tracked_pids=90, free_ram_mb=5113
Queue check: current_jobs=10, allowed_parallel=10, current_parallel_cap=10, healthy_ram_streak=10/15, tracked_pids=90, free_ram_mb=5096
Queue check: current_jobs=10, allowed_parallel=10, current_parallel_cap=10, healthy_ram_streak=11/15, tracked_pids=90, free_ram_mb=5084
Queue check: current_jobs=10, allowed_parallel=10, current_parallel_cap=10, healthy_ram_streak=12/15, tracked_pids=90, free_ram_mb=5159
Queue check: current_jobs=10, allowed_parallel=10, current_parallel_cap=10, healthy_ram_streak=13/15, tracked_pids=90, free_ram_mb=5086
Queue check: current_jobs=10, allowed_parallel=10, current_parallel_cap=10, healthy_ram_streak=14/15, tracked_pids=90, free_ram_mb=5081
Queue check: current_jobs=10, allowed_parallel=10, current_parallel_cap=10, healthy_ram_streak=0/15, tracked_pids=90, free_ram_mb=5108
Queue check: current_jobs=10, allowed_parallel=10, current_parallel_cap=10, healthy_ram_streak=1/15, tracked_pids=90, free_ram_mb=5097
Queue check: current_jobs=10, allowed_parallel=10, current_parallel_cap=10, healthy_ram_streak=2/15, tracked_pids=90, free_ram_mb=5093
Queue check: current_jobs=10, allowed_parallel=10, current_parallel_cap=10, healthy_ram_streak=3/15, tracked_pids=90, free_ram_mb=5098
Queue check: current_jobs=10, allowed_parallel=10, current_parallel_cap=10, healthy_ram_streak=4/15, tracked_pids=90, free_ram_mb=5101
Queue check: current_jobs=10, allowed_parallel=10, current_parallel_cap=10, healthy_ram_streak=5/15, tracked_pids=90, free_ram_mb=5095
Queue check: current_jobs=10, allowed_parallel=10, current_parallel_cap=10, healthy_ram_streak=6/15, tracked_pids=90, free_ram_mb=5103
Queue check: current_jobs=10, allowed_parallel=10, current_parallel_cap=10, healthy_ram_streak=7/15, tracked_pids=90, free_ram_mb=5081
Queue check: current_jobs=10, allowed_parallel=10, current_parallel_cap=10, healthy_ram_streak=8/15, tracked_pids=90, free_ram_mb=5107
Queue check: current_jobs=10, allowed_parallel=10, current_parallel_cap=10, healthy_ram_streak=9/15, tracked_pids=90, free_ram_mb=5101
Queue check: current_jobs=10, allowed_parallel=10, current_parallel_cap=10, healthy_ram_streak=10/15, tracked_pids=90, free_ram_mb=5097
Queue check: current_jobs=10, allowed_parallel=10, current_parallel_cap=10, healthy_ram_streak=11/15, tracked_pids=90, free_ram_mb=5079
Queue check: current_jobs=10, allowed_parallel=10, current_parallel_cap=10, healthy_ram_streak=12/15, tracked_pids=90, free_ram_mb=5143
Queue check: current_jobs=10, allowed_parallel=10, current_parallel_cap=10, healthy_ram_streak=13/15, tracked_pids=90, free_ram_mb=5115
Queue check: current_jobs=10, allowed_parallel=10, current_parallel_cap=10, healthy_ram_streak=14/15, tracked_pids=90, free_ram_mb=5094
Queue check: current_jobs=10, allowed_parallel=10, current_parallel_cap=10, healthy_ram_streak=0/15, tracked_pids=90, free_ram_mb=5110
Queue check: current_jobs=10, allowed_parallel=10, current_parallel_cap=10, healthy_ram_streak=1/15, tracked_pids=90, free_ram_mb=5125
Queue check: current_jobs=10, allowed_parallel=10, current_parallel_cap=10, healthy_ram_streak=2/15, tracked_pids=90, free_ram_mb=5095
Queue check: current_jobs=10, allowed_parallel=10, current_parallel_cap=10, healthy_ram_streak=3/15, tracked_pids=90, free_ram_mb=5103
Queue check: current_jobs=10, allowed_parallel=10, current_parallel_cap=10, healthy_ram_streak=4/15, tracked_pids=90, free_ram_mb=5097
Queue check: current_jobs=10, allowed_parallel=10, current_parallel_cap=10, healthy_ram_streak=5/15, tracked_pids=90, free_ram_mb=5102
Queue check: current_jobs=10, allowed_parallel=10, current_parallel_cap=10, healthy_ram_streak=6/15, tracked_pids=90, free_ram_mb=5122
Queue check: current_jobs=10, allowed_parallel=10, current_parallel_cap=10, healthy_ram_streak=7/15, tracked_pids=90, free_ram_mb=5074
Queue check: current_jobs=10, allowed_parallel=10, current_parallel_cap=10, healthy_ram_streak=8/15, tracked_pids=90, free_ram_mb=5145
Queue check: current_jobs=10, allowed_parallel=10, current_parallel_cap=10, healthy_ram_streak=9/15, tracked_pids=90, free_ram_mb=5085
Queue check: current_jobs=10, allowed_parallel=10, current_parallel_cap=10, healthy_ram_streak=10/15, tracked_pids=90, free_ram_mb=5104
Queue check: current_jobs=10, allowed_parallel=10, current_parallel_cap=10, healthy_ram_streak=11/15, tracked_pids=90, free_ram_mb=5087
Queue check: current_jobs=10, allowed_parallel=10, current_parallel_cap=10, healthy_ram_streak=12/15, tracked_pids=90, free_ram_mb=5103
Queue check: current_jobs=10, allowed_parallel=10, current_parallel_cap=10, healthy_ram_streak=13/15, tracked_pids=90, free_ram_mb=5090
Queue check: current_jobs=10, allowed_parallel=10, current_parallel_cap=10, healthy_ram_streak=14/15, tracked_pids=90, free_ram_mb=5081
Queue check: current_jobs=10, allowed_parallel=10, current_parallel_cap=10, healthy_ram_streak=0/15, tracked_pids=90, free_ram_mb=5153
Queue check: current_jobs=10, allowed_parallel=10, current_parallel_cap=10, healthy_ram_streak=1/15, tracked_pids=90, free_ram_mb=5124
Queue check: current_jobs=10, allowed_parallel=10, current_parallel_cap=10, healthy_ram_streak=2/15, tracked_pids=90, free_ram_mb=5091
Queue check: current_jobs=10, allowed_parallel=10, current_parallel_cap=10, healthy_ram_streak=3/15, tracked_pids=90, free_ram_mb=5097
Queue check: current_jobs=10, allowed_parallel=10, current_parallel_cap=10, healthy_ram_streak=4/15, tracked_pids=90, free_ram_mb=5088
Queue check: current_jobs=10, allowed_parallel=10, current_parallel_cap=10, healthy_ram_streak=5/15, tracked_pids=90, free_ram_mb=5101
Queue check: current_jobs=10, allowed_parallel=10, current_parallel_cap=10, healthy_ram_streak=6/15, tracked_pids=90, free_ram_mb=5074
Queue check: current_jobs=10, allowed_parallel=10, current_parallel_cap=10, healthy_ram_streak=7/15, tracked_pids=90, free_ram_mb=5091
Queue check: current_jobs=10, allowed_parallel=10, current_parallel_cap=10, healthy_ram_streak=8/15, tracked_pids=90, free_ram_mb=5079
Queue check: current_jobs=10, allowed_parallel=10, current_parallel_cap=10, healthy_ram_streak=9/15, tracked_pids=90, free_ram_mb=5088
Queue check: current_jobs=10, allowed_parallel=10, current_parallel_cap=10, healthy_ram_streak=10/15, tracked_pids=90, free_ram_mb=5091
Queue check: current_jobs=10, allowed_parallel=10, current_parallel_cap=10, healthy_ram_streak=11/15, tracked_pids=90, free_ram_mb=5090
Queue check: current_jobs=10, allowed_parallel=10, current_parallel_cap=10, healthy_ram_streak=12/15, tracked_pids=90, free_ram_mb=5074
Queue check: current_jobs=10, allowed_parallel=10, current_parallel_cap=10, healthy_ram_streak=13/15, tracked_pids=90, free_ram_mb=5090
Queue check: current_jobs=10, allowed_parallel=10, current_parallel_cap=10, healthy_ram_streak=14/15, tracked_pids=90, free_ram_mb=5068
Queue check: current_jobs=10, allowed_parallel=10, current_parallel_cap=10, healthy_ram_streak=0/15, tracked_pids=90, free_ram_mb=5104
Queue check: current_jobs=10, allowed_parallel=10, current_parallel_cap=10, healthy_ram_streak=1/15, tracked_pids=90, free_ram_mb=5110
Queue check: current_jobs=10, allowed_parallel=10, current_parallel_cap=10, healthy_ram_streak=2/15, tracked_pids=90, free_ram_mb=5091
Queue check: current_jobs=9, allowed_parallel=10, current_parallel_cap=10, healthy_ram_streak=3/15, tracked_pids=90, free_ram_mb=5263
Starting job: n=10, p=2, iterations=300, score=12000, chip=Apple M4, python_bin=/opt/homebrew/Caskroom/miniconda/base/envs/MasterThesis/bin/python, free_ram_mb=5254, allowed_parallel=10, current_parallel_cap=10, healthy_ram_streak=3/15, tracked_jobs=9
Launched PID: 38738; current_parallel_cap=10
Queue check: current_jobs=10, allowed_parallel=10, current_parallel_cap=10, healthy_ram_streak=4/15, tracked_pids=91, free_ram_mb=5195
Queue check: current_jobs=10, allowed_parallel=10, current_parallel_cap=10, healthy_ram_streak=5/15, tracked_pids=91, free_ram_mb=5153
Queue check: current_jobs=10, allowed_parallel=10, current_parallel_cap=10, healthy_ram_streak=6/15, tracked_pids=91, free_ram_mb=5142
Queue check: current_jobs=10, allowed_parallel=10, current_parallel_cap=10, healthy_ram_streak=7/15, tracked_pids=91, free_ram_mb=5124
Queue check: current_jobs=10, allowed_parallel=10, current_parallel_cap=10, healthy_ram_streak=8/15, tracked_pids=91, free_ram_mb=5121
Queue check: current_jobs=10, allowed_parallel=10, current_parallel_cap=10, healthy_ram_streak=9/15, tracked_pids=91, free_ram_mb=5108
Queue check: current_jobs=10, allowed_parallel=10, current_parallel_cap=10, healthy_ram_streak=10/15, tracked_pids=91, free_ram_mb=5124
Queue check: current_jobs=9, allowed_parallel=10, current_parallel_cap=10, healthy_ram_streak=11/15, tracked_pids=91, free_ram_mb=5155
Starting job: n=6, p=2, iterations=500, score=12000, chip=Apple M4, python_bin=/opt/homebrew/Caskroom/miniconda/base/envs/MasterThesis/bin/python, free_ram_mb=5170, allowed_parallel=10, current_parallel_cap=10, healthy_ram_streak=11/15, tracked_jobs=9
Launched PID: 39341; current_parallel_cap=10
Queue check: current_jobs=10, allowed_parallel=10, current_parallel_cap=10, healthy_ram_streak=12/15, tracked_pids=92, free_ram_mb=5166
Queue check: current_jobs=9, allowed_parallel=10, current_parallel_cap=10, healthy_ram_streak=13/15, tracked_pids=92, free_ram_mb=5191
Starting job: n=5, p=5, iterations=100, score=12500, chip=Apple M4, python_bin=/opt/homebrew/Caskroom/miniconda/base/envs/MasterThesis/bin/python, free_ram_mb=5188, allowed_parallel=10, current_parallel_cap=10, healthy_ram_streak=13/15, tracked_jobs=9
Launched PID: 39562; current_parallel_cap=10
Queue check: current_jobs=10, allowed_parallel=10, current_parallel_cap=10, healthy_ram_streak=14/15, tracked_pids=93, free_ram_mb=5190
Queue check: current_jobs=9, allowed_parallel=10, current_parallel_cap=10, healthy_ram_streak=0/15, tracked_pids=93, free_ram_mb=5193
Starting job: n=14, p=3, iterations=100, score=12600, chip=Apple M4, python_bin=/opt/homebrew/Caskroom/miniconda/base/envs/MasterThesis/bin/python, free_ram_mb=5194, allowed_parallel=10, current_parallel_cap=10, healthy_ram_streak=0/15, tracked_jobs=9
Launched PID: 39783; current_parallel_cap=10
Queue check: current_jobs=10, allowed_parallel=10, current_parallel_cap=10, healthy_ram_streak=1/15, tracked_pids=94, free_ram_mb=5193
Queue check: current_jobs=10, allowed_parallel=10, current_parallel_cap=10, healthy_ram_streak=2/15, tracked_pids=94, free_ram_mb=3898
Queue check: current_jobs=10, allowed_parallel=10, current_parallel_cap=10, healthy_ram_streak=3/15, tracked_pids=94, free_ram_mb=5239
Queue check: current_jobs=10, allowed_parallel=10, current_parallel_cap=10, healthy_ram_streak=4/15, tracked_pids=94, free_ram_mb=5236
Queue check: current_jobs=10, allowed_parallel=10, current_parallel_cap=10, healthy_ram_streak=5/15, tracked_pids=94, free_ram_mb=5250
Queue check: current_jobs=10, allowed_parallel=10, current_parallel_cap=10, healthy_ram_streak=6/15, tracked_pids=94, free_ram_mb=5256
Queue check: current_jobs=10, allowed_parallel=10, current_parallel_cap=10, healthy_ram_streak=7/15, tracked_pids=94, free_ram_mb=5234
Queue check: current_jobs=10, allowed_parallel=10, current_parallel_cap=10, healthy_ram_streak=8/15, tracked_pids=94, free_ram_mb=5208
Queue check: current_jobs=10, allowed_parallel=10, current_parallel_cap=10, healthy_ram_streak=9/15, tracked_pids=94, free_ram_mb=5243
Queue check: current_jobs=10, allowed_parallel=10, current_parallel_cap=10, healthy_ram_streak=10/15, tracked_pids=94, free_ram_mb=5239
Queue check: current_jobs=10, allowed_parallel=10, current_parallel_cap=10, healthy_ram_streak=11/15, tracked_pids=94, free_ram_mb=5244
Queue check: current_jobs=10, allowed_parallel=10, current_parallel_cap=10, healthy_ram_streak=12/15, tracked_pids=94, free_ram_mb=5769
Queue check: current_jobs=10, allowed_parallel=10, current_parallel_cap=10, healthy_ram_streak=13/15, tracked_pids=94, free_ram_mb=5226
Queue check: current_jobs=10, allowed_parallel=10, current_parallel_cap=10, healthy_ram_streak=14/15, tracked_pids=94, free_ram_mb=5214
Queue check: current_jobs=10, allowed_parallel=10, current_parallel_cap=10, healthy_ram_streak=0/15, tracked_pids=94, free_ram_mb=5212
Queue check: current_jobs=10, allowed_parallel=10, current_parallel_cap=10, healthy_ram_streak=1/15, tracked_pids=94, free_ram_mb=5234
Queue check: current_jobs=10, allowed_parallel=10, current_parallel_cap=10, healthy_ram_streak=2/15, tracked_pids=94, free_ram_mb=5217
Queue check: current_jobs=10, allowed_parallel=10, current_parallel_cap=10, healthy_ram_streak=3/15, tracked_pids=94, free_ram_mb=5232
Queue check: current_jobs=10, allowed_parallel=10, current_parallel_cap=10, healthy_ram_streak=4/15, tracked_pids=94, free_ram_mb=5227
Queue check: current_jobs=10, allowed_parallel=10, current_parallel_cap=10, healthy_ram_streak=5/15, tracked_pids=94, free_ram_mb=5247
Queue check: current_jobs=10, allowed_parallel=10, current_parallel_cap=10, healthy_ram_streak=6/15, tracked_pids=94, free_ram_mb=5219
Queue check: current_jobs=10, allowed_parallel=10, current_parallel_cap=10, healthy_ram_streak=7/15, tracked_pids=94, free_ram_mb=5787
Queue check: current_jobs=10, allowed_parallel=10, current_parallel_cap=10, healthy_ram_streak=8/15, tracked_pids=94, free_ram_mb=5223
Queue check: current_jobs=10, allowed_parallel=10, current_parallel_cap=10, healthy_ram_streak=9/15, tracked_pids=94, free_ram_mb=5228
Queue check: current_jobs=10, allowed_parallel=10, current_parallel_cap=10, healthy_ram_streak=10/15, tracked_pids=94, free_ram_mb=5217
Queue check: current_jobs=10, allowed_parallel=10, current_parallel_cap=10, healthy_ram_streak=11/15, tracked_pids=94, free_ram_mb=5230
Queue check: current_jobs=10, allowed_parallel=10, current_parallel_cap=10, healthy_ram_streak=12/15, tracked_pids=94, free_ram_mb=5217
Queue check: current_jobs=10, allowed_parallel=10, current_parallel_cap=10, healthy_ram_streak=13/15, tracked_pids=94, free_ram_mb=5231
Queue check: current_jobs=10, allowed_parallel=10, current_parallel_cap=10, healthy_ram_streak=14/15, tracked_pids=94, free_ram_mb=5218
Queue check: current_jobs=10, allowed_parallel=10, current_parallel_cap=10, healthy_ram_streak=0/15, tracked_pids=94, free_ram_mb=5188
Queue check: current_jobs=10, allowed_parallel=10, current_parallel_cap=10, healthy_ram_streak=1/15, tracked_pids=94, free_ram_mb=5198
Queue check: current_jobs=10, allowed_parallel=10, current_parallel_cap=10, healthy_ram_streak=2/15, tracked_pids=94, free_ram_mb=5233
Queue check: current_jobs=10, allowed_parallel=10, current_parallel_cap=10, healthy_ram_streak=3/15, tracked_pids=94, free_ram_mb=5213
Queue check: current_jobs=10, allowed_parallel=10, current_parallel_cap=10, healthy_ram_streak=4/15, tracked_pids=94, free_ram_mb=5223
Queue check: current_jobs=10, allowed_parallel=10, current_parallel_cap=10, healthy_ram_streak=5/15, tracked_pids=94, free_ram_mb=5228
Queue check: current_jobs=10, allowed_parallel=10, current_parallel_cap=10, healthy_ram_streak=6/15, tracked_pids=94, free_ram_mb=5249
Queue check: current_jobs=10, allowed_parallel=10, current_parallel_cap=10, healthy_ram_streak=7/15, tracked_pids=94, free_ram_mb=5247
Queue check: current_jobs=10, allowed_parallel=10, current_parallel_cap=10, healthy_ram_streak=8/15, tracked_pids=94, free_ram_mb=5236
Queue check: current_jobs=10, allowed_parallel=10, current_parallel_cap=10, healthy_ram_streak=9/15, tracked_pids=94, free_ram_mb=5242
Queue check: current_jobs=10, allowed_parallel=10, current_parallel_cap=10, healthy_ram_streak=10/15, tracked_pids=94, free_ram_mb=5236
Queue check: current_jobs=10, allowed_parallel=10, current_parallel_cap=10, healthy_ram_streak=11/15, tracked_pids=94, free_ram_mb=5233
Queue check: current_jobs=10, allowed_parallel=10, current_parallel_cap=10, healthy_ram_streak=12/15, tracked_pids=94, free_ram_mb=5236
Queue check: current_jobs=10, allowed_parallel=10, current_parallel_cap=10, healthy_ram_streak=13/15, tracked_pids=94, free_ram_mb=5214
Queue check: current_jobs=10, allowed_parallel=10, current_parallel_cap=10, healthy_ram_streak=14/15, tracked_pids=94, free_ram_mb=5214
Queue check: current_jobs=10, allowed_parallel=10, current_parallel_cap=10, healthy_ram_streak=0/15, tracked_pids=94, free_ram_mb=5222
Queue check: current_jobs=10, allowed_parallel=10, current_parallel_cap=10, healthy_ram_streak=1/15, tracked_pids=94, free_ram_mb=5198
Queue check: current_jobs=10, allowed_parallel=10, current_parallel_cap=10, healthy_ram_streak=2/15, tracked_pids=94, free_ram_mb=5221
Queue check: current_jobs=10, allowed_parallel=10, current_parallel_cap=10, healthy_ram_streak=3/15, tracked_pids=94, free_ram_mb=5218
Queue check: current_jobs=10, allowed_parallel=10, current_parallel_cap=10, healthy_ram_streak=4/15, tracked_pids=94, free_ram_mb=5204
Queue check: current_jobs=10, allowed_parallel=10, current_parallel_cap=10, healthy_ram_streak=5/15, tracked_pids=94, free_ram_mb=5223
Queue check: current_jobs=10, allowed_parallel=10, current_parallel_cap=10, healthy_ram_streak=6/15, tracked_pids=94, free_ram_mb=5200
Queue check: current_jobs=10, allowed_parallel=10, current_parallel_cap=10, healthy_ram_streak=7/15, tracked_pids=94, free_ram_mb=5231
Queue check: current_jobs=10, allowed_parallel=10, current_parallel_cap=10, healthy_ram_streak=8/15, tracked_pids=94, free_ram_mb=5175
Queue check: current_jobs=10, allowed_parallel=10, current_parallel_cap=10, healthy_ram_streak=9/15, tracked_pids=94, free_ram_mb=5227
Queue check: current_jobs=10, allowed_parallel=10, current_parallel_cap=10, healthy_ram_streak=10/15, tracked_pids=94, free_ram_mb=5207
Queue check: current_jobs=10, allowed_parallel=10, current_parallel_cap=10, healthy_ram_streak=11/15, tracked_pids=94, free_ram_mb=5226
Queue check: current_jobs=10, allowed_parallel=10, current_parallel_cap=10, healthy_ram_streak=12/15, tracked_pids=94, free_ram_mb=5187
Queue check: current_jobs=10, allowed_parallel=10, current_parallel_cap=10, healthy_ram_streak=13/15, tracked_pids=94, free_ram_mb=5218
Queue check: current_jobs=10, allowed_parallel=10, current_parallel_cap=10, healthy_ram_streak=14/15, tracked_pids=94, free_ram_mb=5209
Queue check: current_jobs=10, allowed_parallel=10, current_parallel_cap=10, healthy_ram_streak=0/15, tracked_pids=94, free_ram_mb=5220
Queue check: current_jobs=10, allowed_parallel=10, current_parallel_cap=10, healthy_ram_streak=1/15, tracked_pids=94, free_ram_mb=5225
Queue check: current_jobs=10, allowed_parallel=10, current_parallel_cap=10, healthy_ram_streak=2/15, tracked_pids=94, free_ram_mb=5214
Queue check: current_jobs=10, allowed_parallel=10, current_parallel_cap=10, healthy_ram_streak=3/15, tracked_pids=94, free_ram_mb=5254
Queue check: current_jobs=10, allowed_parallel=10, current_parallel_cap=10, healthy_ram_streak=4/15, tracked_pids=94, free_ram_mb=5203
Queue check: current_jobs=10, allowed_parallel=10, current_parallel_cap=10, healthy_ram_streak=5/15, tracked_pids=94, free_ram_mb=5240
Queue check: current_jobs=10, allowed_parallel=10, current_parallel_cap=10, healthy_ram_streak=6/15, tracked_pids=94, free_ram_mb=5213
Queue check: current_jobs=10, allowed_parallel=10, current_parallel_cap=10, healthy_ram_streak=7/15, tracked_pids=94, free_ram_mb=4960
Queue check: current_jobs=10, allowed_parallel=10, current_parallel_cap=10, healthy_ram_streak=8/15, tracked_pids=94, free_ram_mb=5213
Queue check: current_jobs=10, allowed_parallel=10, current_parallel_cap=10, healthy_ram_streak=9/15, tracked_pids=94, free_ram_mb=5220
Queue check: current_jobs=10, allowed_parallel=10, current_parallel_cap=10, healthy_ram_streak=10/15, tracked_pids=94, free_ram_mb=5216
Queue check: current_jobs=10, allowed_parallel=10, current_parallel_cap=10, healthy_ram_streak=11/15, tracked_pids=94, free_ram_mb=5220
Queue check: current_jobs=10, allowed_parallel=10, current_parallel_cap=10, healthy_ram_streak=12/15, tracked_pids=94, free_ram_mb=5192
Queue check: current_jobs=10, allowed_parallel=10, current_parallel_cap=10, healthy_ram_streak=13/15, tracked_pids=94, free_ram_mb=5218
Queue check: current_jobs=10, allowed_parallel=10, current_parallel_cap=10, healthy_ram_streak=14/15, tracked_pids=94, free_ram_mb=5210
Queue check: current_jobs=10, allowed_parallel=10, current_parallel_cap=10, healthy_ram_streak=0/15, tracked_pids=94, free_ram_mb=5182
Queue check: current_jobs=10, allowed_parallel=10, current_parallel_cap=10, healthy_ram_streak=1/15, tracked_pids=94, free_ram_mb=5177
Queue check: current_jobs=10, allowed_parallel=10, current_parallel_cap=10, healthy_ram_streak=2/15, tracked_pids=94, free_ram_mb=5210
Queue check: current_jobs=10, allowed_parallel=10, current_parallel_cap=10, healthy_ram_streak=3/15, tracked_pids=94, free_ram_mb=5198
Queue check: current_jobs=10, allowed_parallel=10, current_parallel_cap=10, healthy_ram_streak=4/15, tracked_pids=94, free_ram_mb=5205
Queue check: current_jobs=10, allowed_parallel=10, current_parallel_cap=10, healthy_ram_streak=5/15, tracked_pids=94, free_ram_mb=5191
Queue check: current_jobs=10, allowed_parallel=10, current_parallel_cap=10, healthy_ram_streak=6/15, tracked_pids=94, free_ram_mb=5218
Queue check: current_jobs=10, allowed_parallel=10, current_parallel_cap=10, healthy_ram_streak=7/15, tracked_pids=94, free_ram_mb=5199
Queue check: current_jobs=10, allowed_parallel=10, current_parallel_cap=10, healthy_ram_streak=8/15, tracked_pids=94, free_ram_mb=5219
Queue check: current_jobs=10, allowed_parallel=10, current_parallel_cap=10, healthy_ram_streak=9/15, tracked_pids=94, free_ram_mb=5195
Queue check: current_jobs=10, allowed_parallel=10, current_parallel_cap=10, healthy_ram_streak=10/15, tracked_pids=94, free_ram_mb=5211
Queue check: current_jobs=10, allowed_parallel=10, current_parallel_cap=10, healthy_ram_streak=11/15, tracked_pids=94, free_ram_mb=5204
Queue check: current_jobs=10, allowed_parallel=10, current_parallel_cap=10, healthy_ram_streak=12/15, tracked_pids=94, free_ram_mb=5231
Queue check: current_jobs=10, allowed_parallel=10, current_parallel_cap=10, healthy_ram_streak=13/15, tracked_pids=94, free_ram_mb=5195
Queue check: current_jobs=10, allowed_parallel=10, current_parallel_cap=10, healthy_ram_streak=14/15, tracked_pids=94, free_ram_mb=5209
Queue check: current_jobs=10, allowed_parallel=10, current_parallel_cap=10, healthy_ram_streak=0/15, tracked_pids=94, free_ram_mb=5214
Queue check: current_jobs=10, allowed_parallel=10, current_parallel_cap=10, healthy_ram_streak=1/15, tracked_pids=94, free_ram_mb=5208
Queue check: current_jobs=10, allowed_parallel=10, current_parallel_cap=10, healthy_ram_streak=2/15, tracked_pids=94, free_ram_mb=5203
Queue check: current_jobs=10, allowed_parallel=10, current_parallel_cap=10, healthy_ram_streak=3/15, tracked_pids=94, free_ram_mb=5220
Queue check: current_jobs=10, allowed_parallel=10, current_parallel_cap=10, healthy_ram_streak=4/15, tracked_pids=94, free_ram_mb=5179
Queue check: current_jobs=10, allowed_parallel=10, current_parallel_cap=10, healthy_ram_streak=5/15, tracked_pids=94, free_ram_mb=5198
Queue check: current_jobs=10, allowed_parallel=10, current_parallel_cap=10, healthy_ram_streak=6/15, tracked_pids=94, free_ram_mb=5186
Queue check: current_jobs=10, allowed_parallel=10, current_parallel_cap=10, healthy_ram_streak=7/15, tracked_pids=94, free_ram_mb=5195
Queue check: current_jobs=10, allowed_parallel=10, current_parallel_cap=10, healthy_ram_streak=8/15, tracked_pids=94, free_ram_mb=5211
Queue check: current_jobs=10, allowed_parallel=10, current_parallel_cap=10, healthy_ram_streak=9/15, tracked_pids=94, free_ram_mb=5179
Queue check: current_jobs=10, allowed_parallel=10, current_parallel_cap=10, healthy_ram_streak=10/15, tracked_pids=94, free_ram_mb=5188
Queue check: current_jobs=10, allowed_parallel=10, current_parallel_cap=10, healthy_ram_streak=11/15, tracked_pids=94, free_ram_mb=5179
Queue check: current_jobs=10, allowed_parallel=10, current_parallel_cap=10, healthy_ram_streak=12/15, tracked_pids=94, free_ram_mb=5175
Queue check: current_jobs=10, allowed_parallel=10, current_parallel_cap=10, healthy_ram_streak=13/15, tracked_pids=94, free_ram_mb=5204
Queue check: current_jobs=10, allowed_parallel=10, current_parallel_cap=10, healthy_ram_streak=14/15, tracked_pids=94, free_ram_mb=5203
Queue check: current_jobs=10, allowed_parallel=10, current_parallel_cap=10, healthy_ram_streak=0/15, tracked_pids=94, free_ram_mb=5213
Queue check: current_jobs=10, allowed_parallel=10, current_parallel_cap=10, healthy_ram_streak=1/15, tracked_pids=94, free_ram_mb=5205
Queue check: current_jobs=10, allowed_parallel=10, current_parallel_cap=10, healthy_ram_streak=2/15, tracked_pids=94, free_ram_mb=5204
Queue check: current_jobs=10, allowed_parallel=10, current_parallel_cap=10, healthy_ram_streak=3/15, tracked_pids=94, free_ram_mb=5187
Queue check: current_jobs=10, allowed_parallel=10, current_parallel_cap=10, healthy_ram_streak=4/15, tracked_pids=94, free_ram_mb=5207
Queue check: current_jobs=10, allowed_parallel=10, current_parallel_cap=10, healthy_ram_streak=5/15, tracked_pids=94, free_ram_mb=5218
Queue check: current_jobs=10, allowed_parallel=10, current_parallel_cap=10, healthy_ram_streak=6/15, tracked_pids=94, free_ram_mb=5199
Queue check: current_jobs=10, allowed_parallel=10, current_parallel_cap=10, healthy_ram_streak=7/15, tracked_pids=94, free_ram_mb=5179
Queue check: current_jobs=10, allowed_parallel=10, current_parallel_cap=10, healthy_ram_streak=8/15, tracked_pids=94, free_ram_mb=5186
Queue check: current_jobs=10, allowed_parallel=10, current_parallel_cap=10, healthy_ram_streak=9/15, tracked_pids=94, free_ram_mb=5185
Queue check: current_jobs=10, allowed_parallel=10, current_parallel_cap=10, healthy_ram_streak=10/15, tracked_pids=94, free_ram_mb=5184
Queue check: current_jobs=10, allowed_parallel=10, current_parallel_cap=10, healthy_ram_streak=11/15, tracked_pids=94, free_ram_mb=5181
Queue check: current_jobs=10, allowed_parallel=10, current_parallel_cap=10, healthy_ram_streak=12/15, tracked_pids=94, free_ram_mb=5184
Queue check: current_jobs=10, allowed_parallel=10, current_parallel_cap=10, healthy_ram_streak=13/15, tracked_pids=94, free_ram_mb=5163
Queue check: current_jobs=10, allowed_parallel=10, current_parallel_cap=10, healthy_ram_streak=14/15, tracked_pids=94, free_ram_mb=5195
Queue check: current_jobs=10, allowed_parallel=10, current_parallel_cap=10, healthy_ram_streak=0/15, tracked_pids=94, free_ram_mb=5143
Queue check: current_jobs=10, allowed_parallel=10, current_parallel_cap=10, healthy_ram_streak=1/15, tracked_pids=94, free_ram_mb=5188
Queue check: current_jobs=10, allowed_parallel=10, current_parallel_cap=10, healthy_ram_streak=2/15, tracked_pids=94, free_ram_mb=5166
Queue check: current_jobs=10, allowed_parallel=10, current_parallel_cap=10, healthy_ram_streak=3/15, tracked_pids=94, free_ram_mb=5184
Queue check: current_jobs=10, allowed_parallel=10, current_parallel_cap=10, healthy_ram_streak=4/15, tracked_pids=94, free_ram_mb=5183
Queue check: current_jobs=10, allowed_parallel=10, current_parallel_cap=10, healthy_ram_streak=5/15, tracked_pids=94, free_ram_mb=5184
Queue check: current_jobs=10, allowed_parallel=10, current_parallel_cap=10, healthy_ram_streak=6/15, tracked_pids=94, free_ram_mb=5178
Queue check: current_jobs=10, allowed_parallel=10, current_parallel_cap=10, healthy_ram_streak=7/15, tracked_pids=94, free_ram_mb=5203
Queue check: current_jobs=10, allowed_parallel=10, current_parallel_cap=10, healthy_ram_streak=8/15, tracked_pids=94, free_ram_mb=5186
Queue check: current_jobs=10, allowed_parallel=10, current_parallel_cap=10, healthy_ram_streak=9/15, tracked_pids=94, free_ram_mb=5164
Queue check: current_jobs=10, allowed_parallel=10, current_parallel_cap=10, healthy_ram_streak=10/15, tracked_pids=94, free_ram_mb=5189
Queue check: current_jobs=10, allowed_parallel=10, current_parallel_cap=10, healthy_ram_streak=11/15, tracked_pids=94, free_ram_mb=5183
Queue check: current_jobs=10, allowed_parallel=10, current_parallel_cap=10, healthy_ram_streak=12/15, tracked_pids=94, free_ram_mb=5191
Queue check: current_jobs=10, allowed_parallel=10, current_parallel_cap=10, healthy_ram_streak=13/15, tracked_pids=94, free_ram_mb=5206
Queue check: current_jobs=10, allowed_parallel=10, current_parallel_cap=10, healthy_ram_streak=14/15, tracked_pids=94, free_ram_mb=5190
Queue check: current_jobs=10, allowed_parallel=10, current_parallel_cap=10, healthy_ram_streak=0/15, tracked_pids=94, free_ram_mb=5204
Queue check: current_jobs=10, allowed_parallel=10, current_parallel_cap=10, healthy_ram_streak=1/15, tracked_pids=94, free_ram_mb=5216
Queue check: current_jobs=10, allowed_parallel=10, current_parallel_cap=10, healthy_ram_streak=2/15, tracked_pids=94, free_ram_mb=5195
Queue check: current_jobs=10, allowed_parallel=10, current_parallel_cap=10, healthy_ram_streak=3/15, tracked_pids=94, free_ram_mb=5197
Queue check: current_jobs=10, allowed_parallel=10, current_parallel_cap=10, healthy_ram_streak=4/15, tracked_pids=94, free_ram_mb=5185
Queue check: current_jobs=10, allowed_parallel=10, current_parallel_cap=10, healthy_ram_streak=5/15, tracked_pids=94, free_ram_mb=5187
Queue check: current_jobs=10, allowed_parallel=10, current_parallel_cap=10, healthy_ram_streak=6/15, tracked_pids=94, free_ram_mb=5185
Queue check: current_jobs=10, allowed_parallel=10, current_parallel_cap=10, healthy_ram_streak=7/15, tracked_pids=94, free_ram_mb=5190
Queue check: current_jobs=10, allowed_parallel=10, current_parallel_cap=10, healthy_ram_streak=8/15, tracked_pids=94, free_ram_mb=5167
Queue check: current_jobs=10, allowed_parallel=10, current_parallel_cap=10, healthy_ram_streak=9/15, tracked_pids=94, free_ram_mb=5191
Queue check: current_jobs=10, allowed_parallel=10, current_parallel_cap=10, healthy_ram_streak=10/15, tracked_pids=94, free_ram_mb=5192
Queue check: current_jobs=10, allowed_parallel=10, current_parallel_cap=10, healthy_ram_streak=11/15, tracked_pids=94, free_ram_mb=5192
Queue check: current_jobs=10, allowed_parallel=10, current_parallel_cap=10, healthy_ram_streak=12/15, tracked_pids=94, free_ram_mb=5199
Queue check: current_jobs=10, allowed_parallel=10, current_parallel_cap=10, healthy_ram_streak=13/15, tracked_pids=94, free_ram_mb=5208
Queue check: current_jobs=10, allowed_parallel=10, current_parallel_cap=10, healthy_ram_streak=14/15, tracked_pids=94, free_ram_mb=5204
Queue check: current_jobs=10, allowed_parallel=10, current_parallel_cap=10, healthy_ram_streak=0/15, tracked_pids=94, free_ram_mb=5203
Queue check: current_jobs=10, allowed_parallel=10, current_parallel_cap=10, healthy_ram_streak=1/15, tracked_pids=94, free_ram_mb=5192
Queue check: current_jobs=10, allowed_parallel=10, current_parallel_cap=10, healthy_ram_streak=2/15, tracked_pids=94, free_ram_mb=5206
Queue check: current_jobs=10, allowed_parallel=10, current_parallel_cap=10, healthy_ram_streak=3/15, tracked_pids=94, free_ram_mb=5188
Queue check: current_jobs=10, allowed_parallel=10, current_parallel_cap=10, healthy_ram_streak=4/15, tracked_pids=94, free_ram_mb=5190
Queue check: current_jobs=10, allowed_parallel=10, current_parallel_cap=10, healthy_ram_streak=5/15, tracked_pids=94, free_ram_mb=5195
Queue check: current_jobs=10, allowed_parallel=10, current_parallel_cap=10, healthy_ram_streak=6/15, tracked_pids=94, free_ram_mb=5176
Queue check: current_jobs=10, allowed_parallel=10, current_parallel_cap=10, healthy_ram_streak=7/15, tracked_pids=94, free_ram_mb=5191
Queue check: current_jobs=10, allowed_parallel=10, current_parallel_cap=10, healthy_ram_streak=8/15, tracked_pids=94, free_ram_mb=5186
Queue check: current_jobs=10, allowed_parallel=10, current_parallel_cap=10, healthy_ram_streak=9/15, tracked_pids=94, free_ram_mb=5187
Queue check: current_jobs=10, allowed_parallel=10, current_parallel_cap=10, healthy_ram_streak=10/15, tracked_pids=94, free_ram_mb=5185
Queue check: current_jobs=10, allowed_parallel=10, current_parallel_cap=10, healthy_ram_streak=11/15, tracked_pids=94, free_ram_mb=5203
Queue check: current_jobs=10, allowed_parallel=10, current_parallel_cap=10, healthy_ram_streak=12/15, tracked_pids=94, free_ram_mb=5179
Queue check: current_jobs=10, allowed_parallel=10, current_parallel_cap=10, healthy_ram_streak=13/15, tracked_pids=94, free_ram_mb=5184
Queue check: current_jobs=10, allowed_parallel=10, current_parallel_cap=10, healthy_ram_streak=14/15, tracked_pids=94, free_ram_mb=5184
Queue check: current_jobs=10, allowed_parallel=10, current_parallel_cap=10, healthy_ram_streak=0/15, tracked_pids=94, free_ram_mb=5159
Queue check: current_jobs=10, allowed_parallel=10, current_parallel_cap=10, healthy_ram_streak=1/15, tracked_pids=94, free_ram_mb=5180
Queue check: current_jobs=10, allowed_parallel=10, current_parallel_cap=10, healthy_ram_streak=2/15, tracked_pids=94, free_ram_mb=5199
Queue check: current_jobs=10, allowed_parallel=10, current_parallel_cap=10, healthy_ram_streak=3/15, tracked_pids=94, free_ram_mb=5207
Queue check: current_jobs=10, allowed_parallel=10, current_parallel_cap=10, healthy_ram_streak=4/15, tracked_pids=94, free_ram_mb=5192
Queue check: current_jobs=10, allowed_parallel=10, current_parallel_cap=10, healthy_ram_streak=5/15, tracked_pids=94, free_ram_mb=5189
Queue check: current_jobs=10, allowed_parallel=10, current_parallel_cap=10, healthy_ram_streak=6/15, tracked_pids=94, free_ram_mb=5196
Queue check: current_jobs=10, allowed_parallel=10, current_parallel_cap=10, healthy_ram_streak=7/15, tracked_pids=94, free_ram_mb=5180
Queue check: current_jobs=10, allowed_parallel=10, current_parallel_cap=10, healthy_ram_streak=8/15, tracked_pids=94, free_ram_mb=5212
Queue check: current_jobs=10, allowed_parallel=10, current_parallel_cap=10, healthy_ram_streak=9/15, tracked_pids=94, free_ram_mb=5192
Queue check: current_jobs=10, allowed_parallel=10, current_parallel_cap=10, healthy_ram_streak=10/15, tracked_pids=94, free_ram_mb=5188
Queue check: current_jobs=10, allowed_parallel=10, current_parallel_cap=10, healthy_ram_streak=11/15, tracked_pids=94, free_ram_mb=5193
Queue check: current_jobs=10, allowed_parallel=10, current_parallel_cap=10, healthy_ram_streak=12/15, tracked_pids=94, free_ram_mb=5203
Queue check: current_jobs=10, allowed_parallel=10, current_parallel_cap=10, healthy_ram_streak=13/15, tracked_pids=94, free_ram_mb=5177
Queue check: current_jobs=10, allowed_parallel=10, current_parallel_cap=10, healthy_ram_streak=14/15, tracked_pids=94, free_ram_mb=5195
Queue check: current_jobs=10, allowed_parallel=10, current_parallel_cap=10, healthy_ram_streak=0/15, tracked_pids=94, free_ram_mb=5163
Queue check: current_jobs=10, allowed_parallel=10, current_parallel_cap=10, healthy_ram_streak=1/15, tracked_pids=94, free_ram_mb=5183
Queue check: current_jobs=10, allowed_parallel=10, current_parallel_cap=10, healthy_ram_streak=2/15, tracked_pids=94, free_ram_mb=5180
Queue check: current_jobs=10, allowed_parallel=10, current_parallel_cap=10, healthy_ram_streak=3/15, tracked_pids=94, free_ram_mb=5176
Queue check: current_jobs=10, allowed_parallel=10, current_parallel_cap=10, healthy_ram_streak=4/15, tracked_pids=94, free_ram_mb=5180
Queue check: current_jobs=10, allowed_parallel=10, current_parallel_cap=10, healthy_ram_streak=5/15, tracked_pids=94, free_ram_mb=5184
Queue check: current_jobs=10, allowed_parallel=10, current_parallel_cap=10, healthy_ram_streak=6/15, tracked_pids=94, free_ram_mb=5185
Queue check: current_jobs=10, allowed_parallel=10, current_parallel_cap=10, healthy_ram_streak=7/15, tracked_pids=94, free_ram_mb=5196
Queue check: current_jobs=10, allowed_parallel=10, current_parallel_cap=10, healthy_ram_streak=8/15, tracked_pids=94, free_ram_mb=5161
Queue check: current_jobs=10, allowed_parallel=10, current_parallel_cap=10, healthy_ram_streak=9/15, tracked_pids=94, free_ram_mb=5220
Queue check: current_jobs=10, allowed_parallel=10, current_parallel_cap=10, healthy_ram_streak=10/15, tracked_pids=94, free_ram_mb=5194
Queue check: current_jobs=10, allowed_parallel=10, current_parallel_cap=10, healthy_ram_streak=11/15, tracked_pids=94, free_ram_mb=5188
Queue check: current_jobs=10, allowed_parallel=10, current_parallel_cap=10, healthy_ram_streak=12/15, tracked_pids=94, free_ram_mb=5171
Queue check: current_jobs=10, allowed_parallel=10, current_parallel_cap=10, healthy_ram_streak=13/15, tracked_pids=94, free_ram_mb=5199
Queue check: current_jobs=10, allowed_parallel=10, current_parallel_cap=10, healthy_ram_streak=14/15, tracked_pids=94, free_ram_mb=5184
Queue check: current_jobs=10, allowed_parallel=10, current_parallel_cap=10, healthy_ram_streak=0/15, tracked_pids=94, free_ram_mb=5176
Queue check: current_jobs=10, allowed_parallel=10, current_parallel_cap=10, healthy_ram_streak=1/15, tracked_pids=94, free_ram_mb=5192
Queue check: current_jobs=10, allowed_parallel=10, current_parallel_cap=10, healthy_ram_streak=2/15, tracked_pids=94, free_ram_mb=5187
Queue check: current_jobs=10, allowed_parallel=10, current_parallel_cap=10, healthy_ram_streak=3/15, tracked_pids=94, free_ram_mb=5199
Queue check: current_jobs=10, allowed_parallel=10, current_parallel_cap=10, healthy_ram_streak=4/15, tracked_pids=94, free_ram_mb=5187
Queue check: current_jobs=10, allowed_parallel=10, current_parallel_cap=10, healthy_ram_streak=5/15, tracked_pids=94, free_ram_mb=5193
Queue check: current_jobs=10, allowed_parallel=10, current_parallel_cap=10, healthy_ram_streak=6/15, tracked_pids=94, free_ram_mb=5180
Queue check: current_jobs=10, allowed_parallel=10, current_parallel_cap=10, healthy_ram_streak=7/15, tracked_pids=94, free_ram_mb=5186
Queue check: current_jobs=10, allowed_parallel=10, current_parallel_cap=10, healthy_ram_streak=8/15, tracked_pids=94, free_ram_mb=5185
Queue check: current_jobs=10, allowed_parallel=10, current_parallel_cap=10, healthy_ram_streak=9/15, tracked_pids=94, free_ram_mb=5178
Queue check: current_jobs=10, allowed_parallel=10, current_parallel_cap=10, healthy_ram_streak=10/15, tracked_pids=94, free_ram_mb=5166
Queue check: current_jobs=10, allowed_parallel=10, current_parallel_cap=10, healthy_ram_streak=11/15, tracked_pids=94, free_ram_mb=5179
Queue check: current_jobs=10, allowed_parallel=10, current_parallel_cap=10, healthy_ram_streak=12/15, tracked_pids=94, free_ram_mb=5174
Queue check: current_jobs=10, allowed_parallel=10, current_parallel_cap=10, healthy_ram_streak=13/15, tracked_pids=94, free_ram_mb=5192
Queue check: current_jobs=10, allowed_parallel=10, current_parallel_cap=10, healthy_ram_streak=14/15, tracked_pids=94, free_ram_mb=5197
Queue check: current_jobs=10, allowed_parallel=10, current_parallel_cap=10, healthy_ram_streak=0/15, tracked_pids=94, free_ram_mb=5189
Queue check: current_jobs=10, allowed_parallel=10, current_parallel_cap=10, healthy_ram_streak=1/15, tracked_pids=94, free_ram_mb=5132
Queue check: current_jobs=10, allowed_parallel=10, current_parallel_cap=10, healthy_ram_streak=2/15, tracked_pids=94, free_ram_mb=5178
Queue check: current_jobs=10, allowed_parallel=10, current_parallel_cap=10, healthy_ram_streak=3/15, tracked_pids=94, free_ram_mb=5180
Queue check: current_jobs=10, allowed_parallel=10, current_parallel_cap=10, healthy_ram_streak=4/15, tracked_pids=94, free_ram_mb=5176
Queue check: current_jobs=10, allowed_parallel=10, current_parallel_cap=10, healthy_ram_streak=5/15, tracked_pids=94, free_ram_mb=5171
Queue check: current_jobs=10, allowed_parallel=10, current_parallel_cap=10, healthy_ram_streak=6/15, tracked_pids=94, free_ram_mb=5184
Queue check: current_jobs=10, allowed_parallel=10, current_parallel_cap=10, healthy_ram_streak=7/15, tracked_pids=94, free_ram_mb=5196
Queue check: current_jobs=10, allowed_parallel=10, current_parallel_cap=10, healthy_ram_streak=8/15, tracked_pids=94, free_ram_mb=5197
Queue check: current_jobs=10, allowed_parallel=10, current_parallel_cap=10, healthy_ram_streak=9/15, tracked_pids=94, free_ram_mb=5170
Queue check: current_jobs=10, allowed_parallel=10, current_parallel_cap=10, healthy_ram_streak=10/15, tracked_pids=94, free_ram_mb=5170
Queue check: current_jobs=10, allowed_parallel=10, current_parallel_cap=10, healthy_ram_streak=11/15, tracked_pids=94, free_ram_mb=5167
Queue check: current_jobs=10, allowed_parallel=10, current_parallel_cap=10, healthy_ram_streak=12/15, tracked_pids=94, free_ram_mb=5182
Queue check: current_jobs=10, allowed_parallel=10, current_parallel_cap=10, healthy_ram_streak=13/15, tracked_pids=94, free_ram_mb=5191
Queue check: current_jobs=10, allowed_parallel=10, current_parallel_cap=10, healthy_ram_streak=14/15, tracked_pids=94, free_ram_mb=5189
Queue check: current_jobs=10, allowed_parallel=10, current_parallel_cap=10, healthy_ram_streak=0/15, tracked_pids=94, free_ram_mb=5190
Queue check: current_jobs=10, allowed_parallel=10, current_parallel_cap=10, healthy_ram_streak=1/15, tracked_pids=94, free_ram_mb=5187
Queue check: current_jobs=10, allowed_parallel=10, current_parallel_cap=10, healthy_ram_streak=2/15, tracked_pids=94, free_ram_mb=5202
Queue check: current_jobs=10, allowed_parallel=10, current_parallel_cap=10, healthy_ram_streak=3/15, tracked_pids=94, free_ram_mb=5224
Queue check: current_jobs=10, allowed_parallel=10, current_parallel_cap=10, healthy_ram_streak=4/15, tracked_pids=94, free_ram_mb=5200
Queue check: current_jobs=10, allowed_parallel=10, current_parallel_cap=10, healthy_ram_streak=5/15, tracked_pids=94, free_ram_mb=5193
Queue check: current_jobs=10, allowed_parallel=10, current_parallel_cap=10, healthy_ram_streak=6/15, tracked_pids=94, free_ram_mb=5185
Queue check: current_jobs=10, allowed_parallel=10, current_parallel_cap=10, healthy_ram_streak=7/15, tracked_pids=94, free_ram_mb=5183
Queue check: current_jobs=10, allowed_parallel=10, current_parallel_cap=10, healthy_ram_streak=8/15, tracked_pids=94, free_ram_mb=5149
Queue check: current_jobs=10, allowed_parallel=10, current_parallel_cap=10, healthy_ram_streak=9/15, tracked_pids=94, free_ram_mb=5125
Queue check: current_jobs=10, allowed_parallel=10, current_parallel_cap=10, healthy_ram_streak=10/15, tracked_pids=94, free_ram_mb=5132
Queue check: current_jobs=10, allowed_parallel=10, current_parallel_cap=10, healthy_ram_streak=11/15, tracked_pids=94, free_ram_mb=5136
Queue check: current_jobs=10, allowed_parallel=10, current_parallel_cap=10, healthy_ram_streak=12/15, tracked_pids=94, free_ram_mb=5175
Queue check: current_jobs=10, allowed_parallel=10, current_parallel_cap=10, healthy_ram_streak=13/15, tracked_pids=94, free_ram_mb=5168
Queue check: current_jobs=10, allowed_parallel=10, current_parallel_cap=10, healthy_ram_streak=14/15, tracked_pids=94, free_ram_mb=5173
Queue check: current_jobs=10, allowed_parallel=10, current_parallel_cap=10, healthy_ram_streak=0/15, tracked_pids=94, free_ram_mb=5171
Queue check: current_jobs=10, allowed_parallel=10, current_parallel_cap=10, healthy_ram_streak=1/15, tracked_pids=94, free_ram_mb=5187
Queue check: current_jobs=10, allowed_parallel=10, current_parallel_cap=10, healthy_ram_streak=2/15, tracked_pids=94, free_ram_mb=5165
Queue check: current_jobs=10, allowed_parallel=10, current_parallel_cap=10, healthy_ram_streak=3/15, tracked_pids=94, free_ram_mb=5164
Queue check: current_jobs=10, allowed_parallel=10, current_parallel_cap=10, healthy_ram_streak=4/15, tracked_pids=94, free_ram_mb=5144
Queue check: current_jobs=10, allowed_parallel=10, current_parallel_cap=10, healthy_ram_streak=5/15, tracked_pids=94, free_ram_mb=5173
Queue check: current_jobs=10, allowed_parallel=10, current_parallel_cap=10, healthy_ram_streak=6/15, tracked_pids=94, free_ram_mb=5165
Queue check: current_jobs=10, allowed_parallel=10, current_parallel_cap=10, healthy_ram_streak=7/15, tracked_pids=94, free_ram_mb=5167
Queue check: current_jobs=10, allowed_parallel=10, current_parallel_cap=10, healthy_ram_streak=8/15, tracked_pids=94, free_ram_mb=5166
Queue check: current_jobs=10, allowed_parallel=10, current_parallel_cap=10, healthy_ram_streak=9/15, tracked_pids=94, free_ram_mb=5153
Queue check: current_jobs=10, allowed_parallel=10, current_parallel_cap=10, healthy_ram_streak=10/15, tracked_pids=94, free_ram_mb=5150
Queue check: current_jobs=10, allowed_parallel=10, current_parallel_cap=10, healthy_ram_streak=11/15, tracked_pids=94, free_ram_mb=5145
Queue check: current_jobs=10, allowed_parallel=10, current_parallel_cap=10, healthy_ram_streak=12/15, tracked_pids=94, free_ram_mb=5168
Queue check: current_jobs=10, allowed_parallel=10, current_parallel_cap=10, healthy_ram_streak=13/15, tracked_pids=94, free_ram_mb=5157
Queue check: current_jobs=10, allowed_parallel=10, current_parallel_cap=10, healthy_ram_streak=14/15, tracked_pids=94, free_ram_mb=5186
Queue check: current_jobs=10, allowed_parallel=10, current_parallel_cap=10, healthy_ram_streak=0/15, tracked_pids=94, free_ram_mb=5144
Queue check: current_jobs=10, allowed_parallel=10, current_parallel_cap=10, healthy_ram_streak=1/15, tracked_pids=94, free_ram_mb=5160
Queue check: current_jobs=10, allowed_parallel=10, current_parallel_cap=10, healthy_ram_streak=2/15, tracked_pids=94, free_ram_mb=5160
Queue check: current_jobs=10, allowed_parallel=10, current_parallel_cap=10, healthy_ram_streak=3/15, tracked_pids=94, free_ram_mb=5173
Queue check: current_jobs=10, allowed_parallel=10, current_parallel_cap=10, healthy_ram_streak=4/15, tracked_pids=94, free_ram_mb=5151
Queue check: current_jobs=10, allowed_parallel=10, current_parallel_cap=10, healthy_ram_streak=5/15, tracked_pids=94, free_ram_mb=5153
Queue check: current_jobs=10, allowed_parallel=10, current_parallel_cap=10, healthy_ram_streak=6/15, tracked_pids=94, free_ram_mb=5146
Queue check: current_jobs=10, allowed_parallel=10, current_parallel_cap=10, healthy_ram_streak=7/15, tracked_pids=94, free_ram_mb=5158
Queue check: current_jobs=10, allowed_parallel=10, current_parallel_cap=10, healthy_ram_streak=8/15, tracked_pids=94, free_ram_mb=5153
Queue check: current_jobs=10, allowed_parallel=10, current_parallel_cap=10, healthy_ram_streak=9/15, tracked_pids=94, free_ram_mb=5173
Queue check: current_jobs=10, allowed_parallel=10, current_parallel_cap=10, healthy_ram_streak=10/15, tracked_pids=94, free_ram_mb=5161
Queue check: current_jobs=10, allowed_parallel=10, current_parallel_cap=10, healthy_ram_streak=11/15, tracked_pids=94, free_ram_mb=5151
Queue check: current_jobs=10, allowed_parallel=10, current_parallel_cap=10, healthy_ram_streak=12/15, tracked_pids=94, free_ram_mb=5154
Queue check: current_jobs=10, allowed_parallel=10, current_parallel_cap=10, healthy_ram_streak=13/15, tracked_pids=94, free_ram_mb=5161
Queue check: current_jobs=10, allowed_parallel=10, current_parallel_cap=10, healthy_ram_streak=14/15, tracked_pids=94, free_ram_mb=5151
Queue check: current_jobs=10, allowed_parallel=10, current_parallel_cap=10, healthy_ram_streak=0/15, tracked_pids=94, free_ram_mb=5151
Queue check: current_jobs=10, allowed_parallel=10, current_parallel_cap=10, healthy_ram_streak=1/15, tracked_pids=94, free_ram_mb=5171
Queue check: current_jobs=10, allowed_parallel=10, current_parallel_cap=10, healthy_ram_streak=2/15, tracked_pids=94, free_ram_mb=5163
Queue check: current_jobs=10, allowed_parallel=10, current_parallel_cap=10, healthy_ram_streak=3/15, tracked_pids=94, free_ram_mb=5167
Queue check: current_jobs=10, allowed_parallel=10, current_parallel_cap=10, healthy_ram_streak=4/15, tracked_pids=94, free_ram_mb=5170
Queue check: current_jobs=10, allowed_parallel=10, current_parallel_cap=10, healthy_ram_streak=5/15, tracked_pids=94, free_ram_mb=5162
Queue check: current_jobs=10, allowed_parallel=10, current_parallel_cap=10, healthy_ram_streak=6/15, tracked_pids=94, free_ram_mb=5140
Queue check: current_jobs=10, allowed_parallel=10, current_parallel_cap=10, healthy_ram_streak=7/15, tracked_pids=94, free_ram_mb=5163
Queue check: current_jobs=10, allowed_parallel=10, current_parallel_cap=10, healthy_ram_streak=8/15, tracked_pids=94, free_ram_mb=5119
Queue check: current_jobs=10, allowed_parallel=10, current_parallel_cap=10, healthy_ram_streak=9/15, tracked_pids=94, free_ram_mb=5161
Queue check: current_jobs=10, allowed_parallel=10, current_parallel_cap=10, healthy_ram_streak=10/15, tracked_pids=94, free_ram_mb=5146
Queue check: current_jobs=10, allowed_parallel=10, current_parallel_cap=10, healthy_ram_streak=11/15, tracked_pids=94, free_ram_mb=5167
Queue check: current_jobs=10, allowed_parallel=10, current_parallel_cap=10, healthy_ram_streak=12/15, tracked_pids=94, free_ram_mb=5152
Queue check: current_jobs=10, allowed_parallel=10, current_parallel_cap=10, healthy_ram_streak=13/15, tracked_pids=94, free_ram_mb=5176
Queue check: current_jobs=10, allowed_parallel=10, current_parallel_cap=10, healthy_ram_streak=14/15, tracked_pids=94, free_ram_mb=5180
Queue check: current_jobs=10, allowed_parallel=10, current_parallel_cap=10, healthy_ram_streak=0/15, tracked_pids=94, free_ram_mb=5165
Queue check: current_jobs=10, allowed_parallel=10, current_parallel_cap=10, healthy_ram_streak=1/15, tracked_pids=94, free_ram_mb=5160
Queue check: current_jobs=10, allowed_parallel=10, current_parallel_cap=10, healthy_ram_streak=2/15, tracked_pids=94, free_ram_mb=5163
Queue check: current_jobs=10, allowed_parallel=10, current_parallel_cap=10, healthy_ram_streak=3/15, tracked_pids=94, free_ram_mb=5179
Queue check: current_jobs=10, allowed_parallel=10, current_parallel_cap=10, healthy_ram_streak=4/15, tracked_pids=94, free_ram_mb=5167
Queue check: current_jobs=10, allowed_parallel=10, current_parallel_cap=10, healthy_ram_streak=5/15, tracked_pids=94, free_ram_mb=5153
Queue check: current_jobs=10, allowed_parallel=10, current_parallel_cap=10, healthy_ram_streak=6/15, tracked_pids=94, free_ram_mb=5164
Queue check: current_jobs=10, allowed_parallel=10, current_parallel_cap=10, healthy_ram_streak=7/15, tracked_pids=94, free_ram_mb=5163
Queue check: current_jobs=10, allowed_parallel=10, current_parallel_cap=10, healthy_ram_streak=8/15, tracked_pids=94, free_ram_mb=5156
Queue check: current_jobs=10, allowed_parallel=10, current_parallel_cap=10, healthy_ram_streak=9/15, tracked_pids=94, free_ram_mb=5147
Queue check: current_jobs=10, allowed_parallel=10, current_parallel_cap=10, healthy_ram_streak=10/15, tracked_pids=94, free_ram_mb=5157
Queue check: current_jobs=10, allowed_parallel=10, current_parallel_cap=10, healthy_ram_streak=11/15, tracked_pids=94, free_ram_mb=5154
Queue check: current_jobs=10, allowed_parallel=10, current_parallel_cap=10, healthy_ram_streak=12/15, tracked_pids=94, free_ram_mb=5168
Queue check: current_jobs=10, allowed_parallel=10, current_parallel_cap=10, healthy_ram_streak=13/15, tracked_pids=94, free_ram_mb=5173
Queue check: current_jobs=10, allowed_parallel=10, current_parallel_cap=10, healthy_ram_streak=14/15, tracked_pids=94, free_ram_mb=5159
Queue check: current_jobs=10, allowed_parallel=10, current_parallel_cap=10, healthy_ram_streak=0/15, tracked_pids=94, free_ram_mb=5130
Queue check: current_jobs=10, allowed_parallel=10, current_parallel_cap=10, healthy_ram_streak=1/15, tracked_pids=94, free_ram_mb=5126
Queue check: current_jobs=10, allowed_parallel=10, current_parallel_cap=10, healthy_ram_streak=2/15, tracked_pids=94, free_ram_mb=5144
Queue check: current_jobs=10, allowed_parallel=10, current_parallel_cap=10, healthy_ram_streak=3/15, tracked_pids=94, free_ram_mb=5146
Queue check: current_jobs=10, allowed_parallel=10, current_parallel_cap=10, healthy_ram_streak=4/15, tracked_pids=94, free_ram_mb=5136
Queue check: current_jobs=10, allowed_parallel=10, current_parallel_cap=10, healthy_ram_streak=5/15, tracked_pids=94, free_ram_mb=5135
Queue check: current_jobs=10, allowed_parallel=10, current_parallel_cap=10, healthy_ram_streak=6/15, tracked_pids=94, free_ram_mb=5113
Queue check: current_jobs=10, allowed_parallel=10, current_parallel_cap=10, healthy_ram_streak=7/15, tracked_pids=94, free_ram_mb=5143
Queue check: current_jobs=10, allowed_parallel=10, current_parallel_cap=10, healthy_ram_streak=8/15, tracked_pids=94, free_ram_mb=5125
Queue check: current_jobs=10, allowed_parallel=10, current_parallel_cap=10, healthy_ram_streak=9/15, tracked_pids=94, free_ram_mb=5132
Queue check: current_jobs=10, allowed_parallel=10, current_parallel_cap=10, healthy_ram_streak=10/15, tracked_pids=94, free_ram_mb=5162
Queue check: current_jobs=10, allowed_parallel=10, current_parallel_cap=10, healthy_ram_streak=11/15, tracked_pids=94, free_ram_mb=5150
Queue check: current_jobs=10, allowed_parallel=10, current_parallel_cap=10, healthy_ram_streak=12/15, tracked_pids=94, free_ram_mb=5149
Queue check: current_jobs=10, allowed_parallel=10, current_parallel_cap=10, healthy_ram_streak=13/15, tracked_pids=94, free_ram_mb=5159
Queue check: current_jobs=10, allowed_parallel=10, current_parallel_cap=10, healthy_ram_streak=14/15, tracked_pids=94, free_ram_mb=5145
Queue check: current_jobs=10, allowed_parallel=10, current_parallel_cap=10, healthy_ram_streak=0/15, tracked_pids=94, free_ram_mb=5145
Queue check: current_jobs=10, allowed_parallel=10, current_parallel_cap=10, healthy_ram_streak=1/15, tracked_pids=94, free_ram_mb=5144
Queue check: current_jobs=10, allowed_parallel=10, current_parallel_cap=10, healthy_ram_streak=2/15, tracked_pids=94, free_ram_mb=5138
Queue check: current_jobs=10, allowed_parallel=10, current_parallel_cap=10, healthy_ram_streak=3/15, tracked_pids=94, free_ram_mb=5153
Queue check: current_jobs=10, allowed_parallel=10, current_parallel_cap=10, healthy_ram_streak=4/15, tracked_pids=94, free_ram_mb=5136
Queue check: current_jobs=10, allowed_parallel=10, current_parallel_cap=10, healthy_ram_streak=5/15, tracked_pids=94, free_ram_mb=5154
Queue check: current_jobs=10, allowed_parallel=10, current_parallel_cap=10, healthy_ram_streak=6/15, tracked_pids=94, free_ram_mb=5165
Queue check: current_jobs=10, allowed_parallel=10, current_parallel_cap=10, healthy_ram_streak=7/15, tracked_pids=94, free_ram_mb=5168
Queue check: current_jobs=10, allowed_parallel=10, current_parallel_cap=10, healthy_ram_streak=8/15, tracked_pids=94, free_ram_mb=5135
Queue check: current_jobs=10, allowed_parallel=10, current_parallel_cap=10, healthy_ram_streak=9/15, tracked_pids=94, free_ram_mb=5170
Queue check: current_jobs=10, allowed_parallel=10, current_parallel_cap=10, healthy_ram_streak=10/15, tracked_pids=94, free_ram_mb=5142
Queue check: current_jobs=10, allowed_parallel=10, current_parallel_cap=10, healthy_ram_streak=11/15, tracked_pids=94, free_ram_mb=5164
Queue check: current_jobs=10, allowed_parallel=10, current_parallel_cap=10, healthy_ram_streak=12/15, tracked_pids=94, free_ram_mb=5150
Queue check: current_jobs=10, allowed_parallel=10, current_parallel_cap=10, healthy_ram_streak=13/15, tracked_pids=94, free_ram_mb=5155
Queue check: current_jobs=10, allowed_parallel=10, current_parallel_cap=10, healthy_ram_streak=14/15, tracked_pids=94, free_ram_mb=5155
Queue check: current_jobs=10, allowed_parallel=10, current_parallel_cap=10, healthy_ram_streak=0/15, tracked_pids=94, free_ram_mb=5141
Queue check: current_jobs=10, allowed_parallel=10, current_parallel_cap=10, healthy_ram_streak=1/15, tracked_pids=94, free_ram_mb=5164
Queue check: current_jobs=10, allowed_parallel=10, current_parallel_cap=10, healthy_ram_streak=2/15, tracked_pids=94, free_ram_mb=5164
Queue check: current_jobs=10, allowed_parallel=10, current_parallel_cap=10, healthy_ram_streak=3/15, tracked_pids=94, free_ram_mb=5148
Queue check: current_jobs=10, allowed_parallel=10, current_parallel_cap=10, healthy_ram_streak=4/15, tracked_pids=94, free_ram_mb=5154
Queue check: current_jobs=10, allowed_parallel=10, current_parallel_cap=10, healthy_ram_streak=5/15, tracked_pids=94, free_ram_mb=5179
Queue check: current_jobs=10, allowed_parallel=10, current_parallel_cap=10, healthy_ram_streak=6/15, tracked_pids=94, free_ram_mb=5182
Queue check: current_jobs=10, allowed_parallel=10, current_parallel_cap=10, healthy_ram_streak=7/15, tracked_pids=94, free_ram_mb=5164
Queue check: current_jobs=10, allowed_parallel=10, current_parallel_cap=10, healthy_ram_streak=8/15, tracked_pids=94, free_ram_mb=5168
Queue check: current_jobs=10, allowed_parallel=10, current_parallel_cap=10, healthy_ram_streak=9/15, tracked_pids=94, free_ram_mb=5166
Queue check: current_jobs=10, allowed_parallel=10, current_parallel_cap=10, healthy_ram_streak=10/15, tracked_pids=94, free_ram_mb=5158
Queue check: current_jobs=10, allowed_parallel=10, current_parallel_cap=10, healthy_ram_streak=11/15, tracked_pids=94, free_ram_mb=5153
Queue check: current_jobs=10, allowed_parallel=10, current_parallel_cap=10, healthy_ram_streak=12/15, tracked_pids=94, free_ram_mb=5144
Queue check: current_jobs=10, allowed_parallel=10, current_parallel_cap=10, healthy_ram_streak=13/15, tracked_pids=94, free_ram_mb=5164
Queue check: current_jobs=10, allowed_parallel=10, current_parallel_cap=10, healthy_ram_streak=14/15, tracked_pids=94, free_ram_mb=5146
Queue check: current_jobs=10, allowed_parallel=10, current_parallel_cap=10, healthy_ram_streak=0/15, tracked_pids=94, free_ram_mb=5161
Queue check: current_jobs=10, allowed_parallel=10, current_parallel_cap=10, healthy_ram_streak=1/15, tracked_pids=94, free_ram_mb=5129
Queue check: current_jobs=10, allowed_parallel=10, current_parallel_cap=10, healthy_ram_streak=2/15, tracked_pids=94, free_ram_mb=5178
Queue check: current_jobs=10, allowed_parallel=10, current_parallel_cap=10, healthy_ram_streak=3/15, tracked_pids=94, free_ram_mb=5154
Queue check: current_jobs=10, allowed_parallel=10, current_parallel_cap=10, healthy_ram_streak=4/15, tracked_pids=94, free_ram_mb=5169
Queue check: current_jobs=10, allowed_parallel=10, current_parallel_cap=10, healthy_ram_streak=5/15, tracked_pids=94, free_ram_mb=5151
Queue check: current_jobs=10, allowed_parallel=10, current_parallel_cap=10, healthy_ram_streak=6/15, tracked_pids=94, free_ram_mb=5183
Queue check: current_jobs=10, allowed_parallel=10, current_parallel_cap=10, healthy_ram_streak=7/15, tracked_pids=94, free_ram_mb=5166
Queue check: current_jobs=10, allowed_parallel=10, current_parallel_cap=10, healthy_ram_streak=8/15, tracked_pids=94, free_ram_mb=5161
Queue check: current_jobs=10, allowed_parallel=10, current_parallel_cap=10, healthy_ram_streak=9/15, tracked_pids=94, free_ram_mb=5156
Queue check: current_jobs=10, allowed_parallel=10, current_parallel_cap=10, healthy_ram_streak=10/15, tracked_pids=94, free_ram_mb=5156
Queue check: current_jobs=10, allowed_parallel=10, current_parallel_cap=10, healthy_ram_streak=11/15, tracked_pids=94, free_ram_mb=5147
Queue check: current_jobs=10, allowed_parallel=10, current_parallel_cap=10, healthy_ram_streak=12/15, tracked_pids=94, free_ram_mb=5163
Queue check: current_jobs=10, allowed_parallel=10, current_parallel_cap=10, healthy_ram_streak=13/15, tracked_pids=94, free_ram_mb=5144
Queue check: current_jobs=10, allowed_parallel=10, current_parallel_cap=10, healthy_ram_streak=14/15, tracked_pids=94, free_ram_mb=5169
Queue check: current_jobs=10, allowed_parallel=10, current_parallel_cap=10, healthy_ram_streak=0/15, tracked_pids=94, free_ram_mb=5136
Queue check: current_jobs=10, allowed_parallel=10, current_parallel_cap=10, healthy_ram_streak=1/15, tracked_pids=94, free_ram_mb=5150
Queue check: current_jobs=10, allowed_parallel=10, current_parallel_cap=10, healthy_ram_streak=2/15, tracked_pids=94, free_ram_mb=5152
Queue check: current_jobs=10, allowed_parallel=10, current_parallel_cap=10, healthy_ram_streak=3/15, tracked_pids=94, free_ram_mb=5120
Queue check: current_jobs=10, allowed_parallel=10, current_parallel_cap=10, healthy_ram_streak=4/15, tracked_pids=94, free_ram_mb=5283
Queue check: current_jobs=10, allowed_parallel=10, current_parallel_cap=10, healthy_ram_streak=5/15, tracked_pids=94, free_ram_mb=5159
Queue check: current_jobs=10, allowed_parallel=10, current_parallel_cap=10, healthy_ram_streak=6/15, tracked_pids=94, free_ram_mb=5156
Queue check: current_jobs=10, allowed_parallel=10, current_parallel_cap=10, healthy_ram_streak=7/15, tracked_pids=94, free_ram_mb=5164
Queue check: current_jobs=10, allowed_parallel=10, current_parallel_cap=10, healthy_ram_streak=8/15, tracked_pids=94, free_ram_mb=5114
Queue check: current_jobs=10, allowed_parallel=10, current_parallel_cap=10, healthy_ram_streak=9/15, tracked_pids=94, free_ram_mb=5155
Queue check: current_jobs=10, allowed_parallel=10, current_parallel_cap=10, healthy_ram_streak=10/15, tracked_pids=94, free_ram_mb=5173
Queue check: current_jobs=10, allowed_parallel=10, current_parallel_cap=10, healthy_ram_streak=11/15, tracked_pids=94, free_ram_mb=5166
Queue check: current_jobs=10, allowed_parallel=10, current_parallel_cap=10, healthy_ram_streak=12/15, tracked_pids=94, free_ram_mb=5180
Queue check: current_jobs=10, allowed_parallel=10, current_parallel_cap=10, healthy_ram_streak=13/15, tracked_pids=94, free_ram_mb=5171
Queue check: current_jobs=10, allowed_parallel=10, current_parallel_cap=10, healthy_ram_streak=14/15, tracked_pids=94, free_ram_mb=5159
Queue check: current_jobs=10, allowed_parallel=10, current_parallel_cap=10, healthy_ram_streak=0/15, tracked_pids=94, free_ram_mb=5152
Queue check: current_jobs=10, allowed_parallel=10, current_parallel_cap=10, healthy_ram_streak=1/15, tracked_pids=94, free_ram_mb=5141
Queue check: current_jobs=10, allowed_parallel=10, current_parallel_cap=10, healthy_ram_streak=2/15, tracked_pids=94, free_ram_mb=5156
Queue check: current_jobs=10, allowed_parallel=10, current_parallel_cap=10, healthy_ram_streak=3/15, tracked_pids=94, free_ram_mb=6325
Queue check: current_jobs=10, allowed_parallel=10, current_parallel_cap=10, healthy_ram_streak=4/15, tracked_pids=94, free_ram_mb=5106
Queue check: current_jobs=10, allowed_parallel=10, current_parallel_cap=10, healthy_ram_streak=5/15, tracked_pids=94, free_ram_mb=5132
Queue check: current_jobs=10, allowed_parallel=10, current_parallel_cap=10, healthy_ram_streak=6/15, tracked_pids=94, free_ram_mb=5140
Queue check: current_jobs=10, allowed_parallel=10, current_parallel_cap=10, healthy_ram_streak=7/15, tracked_pids=94, free_ram_mb=5143
Queue check: current_jobs=10, allowed_parallel=10, current_parallel_cap=10, healthy_ram_streak=8/15, tracked_pids=94, free_ram_mb=5147
Queue check: current_jobs=10, allowed_parallel=10, current_parallel_cap=10, healthy_ram_streak=9/15, tracked_pids=94, free_ram_mb=5148
Queue check: current_jobs=10, allowed_parallel=10, current_parallel_cap=10, healthy_ram_streak=10/15, tracked_pids=94, free_ram_mb=5133
Queue check: current_jobs=10, allowed_parallel=10, current_parallel_cap=10, healthy_ram_streak=11/15, tracked_pids=94, free_ram_mb=5148
Queue check: current_jobs=10, allowed_parallel=10, current_parallel_cap=10, healthy_ram_streak=12/15, tracked_pids=94, free_ram_mb=5143
Queue check: current_jobs=10, allowed_parallel=10, current_parallel_cap=10, healthy_ram_streak=13/15, tracked_pids=94, free_ram_mb=5132
Queue check: current_jobs=10, allowed_parallel=10, current_parallel_cap=10, healthy_ram_streak=14/15, tracked_pids=94, free_ram_mb=5137
Queue check: current_jobs=10, allowed_parallel=10, current_parallel_cap=10, healthy_ram_streak=0/15, tracked_pids=94, free_ram_mb=5153
Queue check: current_jobs=10, allowed_parallel=10, current_parallel_cap=10, healthy_ram_streak=1/15, tracked_pids=94, free_ram_mb=5128
Queue check: current_jobs=10, allowed_parallel=10, current_parallel_cap=10, healthy_ram_streak=2/15, tracked_pids=94, free_ram_mb=5134
Queue check: current_jobs=10, allowed_parallel=10, current_parallel_cap=10, healthy_ram_streak=3/15, tracked_pids=94, free_ram_mb=5144
Queue check: current_jobs=10, allowed_parallel=10, current_parallel_cap=10, healthy_ram_streak=4/15, tracked_pids=94, free_ram_mb=5135
Queue check: current_jobs=10, allowed_parallel=10, current_parallel_cap=10, healthy_ram_streak=5/15, tracked_pids=94, free_ram_mb=5138
Queue check: current_jobs=10, allowed_parallel=10, current_parallel_cap=10, healthy_ram_streak=6/15, tracked_pids=94, free_ram_mb=5148
Queue check: current_jobs=10, allowed_parallel=10, current_parallel_cap=10, healthy_ram_streak=7/15, tracked_pids=94, free_ram_mb=5153
Queue check: current_jobs=10, allowed_parallel=10, current_parallel_cap=10, healthy_ram_streak=8/15, tracked_pids=94, free_ram_mb=5154
Queue check: current_jobs=10, allowed_parallel=10, current_parallel_cap=10, healthy_ram_streak=9/15, tracked_pids=94, free_ram_mb=5161
Queue check: current_jobs=10, allowed_parallel=10, current_parallel_cap=10, healthy_ram_streak=10/15, tracked_pids=94, free_ram_mb=5156
Queue check: current_jobs=10, allowed_parallel=10, current_parallel_cap=10, healthy_ram_streak=11/15, tracked_pids=94, free_ram_mb=5169
Queue check: current_jobs=10, allowed_parallel=10, current_parallel_cap=10, healthy_ram_streak=12/15, tracked_pids=94, free_ram_mb=5164
Queue check: current_jobs=10, allowed_parallel=10, current_parallel_cap=10, healthy_ram_streak=13/15, tracked_pids=94, free_ram_mb=5166
Queue check: current_jobs=10, allowed_parallel=10, current_parallel_cap=10, healthy_ram_streak=14/15, tracked_pids=94, free_ram_mb=5144
Queue check: current_jobs=10, allowed_parallel=10, current_parallel_cap=10, healthy_ram_streak=0/15, tracked_pids=94, free_ram_mb=5151
Queue check: current_jobs=10, allowed_parallel=10, current_parallel_cap=10, healthy_ram_streak=1/15, tracked_pids=94, free_ram_mb=5148
Queue check: current_jobs=10, allowed_parallel=10, current_parallel_cap=10, healthy_ram_streak=2/15, tracked_pids=94, free_ram_mb=5156
Queue check: current_jobs=10, allowed_parallel=10, current_parallel_cap=10, healthy_ram_streak=3/15, tracked_pids=94, free_ram_mb=5147
Queue check: current_jobs=10, allowed_parallel=10, current_parallel_cap=10, healthy_ram_streak=4/15, tracked_pids=94, free_ram_mb=5161
Queue check: current_jobs=10, allowed_parallel=10, current_parallel_cap=10, healthy_ram_streak=5/15, tracked_pids=94, free_ram_mb=5139
Queue check: current_jobs=10, allowed_parallel=10, current_parallel_cap=10, healthy_ram_streak=6/15, tracked_pids=94, free_ram_mb=5164
Queue check: current_jobs=10, allowed_parallel=10, current_parallel_cap=10, healthy_ram_streak=7/15, tracked_pids=94, free_ram_mb=5152
Queue check: current_jobs=10, allowed_parallel=10, current_parallel_cap=10, healthy_ram_streak=8/15, tracked_pids=94, free_ram_mb=5161
Queue check: current_jobs=10, allowed_parallel=10, current_parallel_cap=10, healthy_ram_streak=9/15, tracked_pids=94, free_ram_mb=5137
Queue check: current_jobs=10, allowed_parallel=10, current_parallel_cap=10, healthy_ram_streak=10/15, tracked_pids=94, free_ram_mb=5173
Queue check: current_jobs=10, allowed_parallel=10, current_parallel_cap=10, healthy_ram_streak=11/15, tracked_pids=94, free_ram_mb=5158
Queue check: current_jobs=10, allowed_parallel=10, current_parallel_cap=10, healthy_ram_streak=12/15, tracked_pids=94, free_ram_mb=5151
Queue check: current_jobs=10, allowed_parallel=10, current_parallel_cap=10, healthy_ram_streak=13/15, tracked_pids=94, free_ram_mb=5154
Queue check: current_jobs=10, allowed_parallel=10, current_parallel_cap=10, healthy_ram_streak=14/15, tracked_pids=94, free_ram_mb=5134
Queue check: current_jobs=10, allowed_parallel=10, current_parallel_cap=10, healthy_ram_streak=0/15, tracked_pids=94, free_ram_mb=5166
Queue check: current_jobs=10, allowed_parallel=10, current_parallel_cap=10, healthy_ram_streak=1/15, tracked_pids=94, free_ram_mb=5166
Queue check: current_jobs=10, allowed_parallel=10, current_parallel_cap=10, healthy_ram_streak=2/15, tracked_pids=94, free_ram_mb=5156
Queue check: current_jobs=10, allowed_parallel=10, current_parallel_cap=10, healthy_ram_streak=3/15, tracked_pids=94, free_ram_mb=5168
Queue check: current_jobs=10, allowed_parallel=10, current_parallel_cap=10, healthy_ram_streak=4/15, tracked_pids=94, free_ram_mb=5145
Queue check: current_jobs=10, allowed_parallel=10, current_parallel_cap=10, healthy_ram_streak=5/15, tracked_pids=94, free_ram_mb=5134
Queue check: current_jobs=10, allowed_parallel=10, current_parallel_cap=10, healthy_ram_streak=6/15, tracked_pids=94, free_ram_mb=5117
Queue check: current_jobs=10, allowed_parallel=10, current_parallel_cap=10, healthy_ram_streak=7/15, tracked_pids=94, free_ram_mb=5143
Queue check: current_jobs=10, allowed_parallel=10, current_parallel_cap=10, healthy_ram_streak=8/15, tracked_pids=94, free_ram_mb=5144
Queue check: current_jobs=10, allowed_parallel=10, current_parallel_cap=10, healthy_ram_streak=9/15, tracked_pids=94, free_ram_mb=5144
Queue check: current_jobs=10, allowed_parallel=10, current_parallel_cap=10, healthy_ram_streak=10/15, tracked_pids=94, free_ram_mb=5147
Queue check: current_jobs=10, allowed_parallel=10, current_parallel_cap=10, healthy_ram_streak=11/15, tracked_pids=94, free_ram_mb=5157
Queue check: current_jobs=10, allowed_parallel=10, current_parallel_cap=10, healthy_ram_streak=12/15, tracked_pids=94, free_ram_mb=5145
Queue check: current_jobs=10, allowed_parallel=10, current_parallel_cap=10, healthy_ram_streak=13/15, tracked_pids=94, free_ram_mb=5148
Queue check: current_jobs=10, allowed_parallel=10, current_parallel_cap=10, healthy_ram_streak=14/15, tracked_pids=94, free_ram_mb=5165
Queue check: current_jobs=10, allowed_parallel=10, current_parallel_cap=10, healthy_ram_streak=0/15, tracked_pids=94, free_ram_mb=5144
Queue check: current_jobs=10, allowed_parallel=10, current_parallel_cap=10, healthy_ram_streak=1/15, tracked_pids=94, free_ram_mb=5102
Queue check: current_jobs=10, allowed_parallel=10, current_parallel_cap=10, healthy_ram_streak=2/15, tracked_pids=94, free_ram_mb=5157
Queue check: current_jobs=10, allowed_parallel=10, current_parallel_cap=10, healthy_ram_streak=3/15, tracked_pids=94, free_ram_mb=5156
Queue check: current_jobs=10, allowed_parallel=10, current_parallel_cap=10, healthy_ram_streak=4/15, tracked_pids=94, free_ram_mb=5163
Queue check: current_jobs=10, allowed_parallel=10, current_parallel_cap=10, healthy_ram_streak=5/15, tracked_pids=94, free_ram_mb=5145
Queue check: current_jobs=10, allowed_parallel=10, current_parallel_cap=10, healthy_ram_streak=6/15, tracked_pids=94, free_ram_mb=5144
Queue check: current_jobs=10, allowed_parallel=10, current_parallel_cap=10, healthy_ram_streak=7/15, tracked_pids=94, free_ram_mb=5176
Queue check: current_jobs=10, allowed_parallel=10, current_parallel_cap=10, healthy_ram_streak=8/15, tracked_pids=94, free_ram_mb=5137
Queue check: current_jobs=10, allowed_parallel=10, current_parallel_cap=10, healthy_ram_streak=9/15, tracked_pids=94, free_ram_mb=5159
Queue check: current_jobs=10, allowed_parallel=10, current_parallel_cap=10, healthy_ram_streak=10/15, tracked_pids=94, free_ram_mb=5132
Queue check: current_jobs=10, allowed_parallel=10, current_parallel_cap=10, healthy_ram_streak=11/15, tracked_pids=94, free_ram_mb=5147
Queue check: current_jobs=10, allowed_parallel=10, current_parallel_cap=10, healthy_ram_streak=12/15, tracked_pids=94, free_ram_mb=5157
Queue check: current_jobs=10, allowed_parallel=10, current_parallel_cap=10, healthy_ram_streak=13/15, tracked_pids=94, free_ram_mb=5143
Queue check: current_jobs=10, allowed_parallel=10, current_parallel_cap=10, healthy_ram_streak=14/15, tracked_pids=94, free_ram_mb=5143
Queue check: current_jobs=10, allowed_parallel=10, current_parallel_cap=10, healthy_ram_streak=0/15, tracked_pids=94, free_ram_mb=5135
Queue check: current_jobs=10, allowed_parallel=10, current_parallel_cap=10, healthy_ram_streak=1/15, tracked_pids=94, free_ram_mb=5138
Queue check: current_jobs=10, allowed_parallel=10, current_parallel_cap=10, healthy_ram_streak=2/15, tracked_pids=94, free_ram_mb=5148
Queue check: current_jobs=10, allowed_parallel=10, current_parallel_cap=10, healthy_ram_streak=3/15, tracked_pids=94, free_ram_mb=5143
Queue check: current_jobs=10, allowed_parallel=10, current_parallel_cap=10, healthy_ram_streak=4/15, tracked_pids=94, free_ram_mb=5143
Queue check: current_jobs=10, allowed_parallel=10, current_parallel_cap=10, healthy_ram_streak=5/15, tracked_pids=94, free_ram_mb=5154
Queue check: current_jobs=10, allowed_parallel=10, current_parallel_cap=10, healthy_ram_streak=6/15, tracked_pids=94, free_ram_mb=5159
Queue check: current_jobs=10, allowed_parallel=10, current_parallel_cap=10, healthy_ram_streak=7/15, tracked_pids=94, free_ram_mb=5143
Queue check: current_jobs=10, allowed_parallel=10, current_parallel_cap=10, healthy_ram_streak=8/15, tracked_pids=94, free_ram_mb=5105
Queue check: current_jobs=10, allowed_parallel=10, current_parallel_cap=10, healthy_ram_streak=9/15, tracked_pids=94, free_ram_mb=5141
Queue check: current_jobs=10, allowed_parallel=10, current_parallel_cap=10, healthy_ram_streak=10/15, tracked_pids=94, free_ram_mb=5142
Queue check: current_jobs=10, allowed_parallel=10, current_parallel_cap=10, healthy_ram_streak=11/15, tracked_pids=94, free_ram_mb=5147
Queue check: current_jobs=10, allowed_parallel=10, current_parallel_cap=10, healthy_ram_streak=12/15, tracked_pids=94, free_ram_mb=5154
Queue check: current_jobs=10, allowed_parallel=10, current_parallel_cap=10, healthy_ram_streak=13/15, tracked_pids=94, free_ram_mb=5144
Queue check: current_jobs=10, allowed_parallel=10, current_parallel_cap=10, healthy_ram_streak=14/15, tracked_pids=94, free_ram_mb=5144
Queue check: current_jobs=10, allowed_parallel=10, current_parallel_cap=10, healthy_ram_streak=0/15, tracked_pids=94, free_ram_mb=5153
Queue check: current_jobs=10, allowed_parallel=10, current_parallel_cap=10, healthy_ram_streak=1/15, tracked_pids=94, free_ram_mb=5161
Queue check: current_jobs=10, allowed_parallel=10, current_parallel_cap=10, healthy_ram_streak=2/15, tracked_pids=94, free_ram_mb=5147
Queue check: current_jobs=10, allowed_parallel=10, current_parallel_cap=10, healthy_ram_streak=3/15, tracked_pids=94, free_ram_mb=5138
Queue check: current_jobs=10, allowed_parallel=10, current_parallel_cap=10, healthy_ram_streak=4/15, tracked_pids=94, free_ram_mb=5173
Queue check: current_jobs=10, allowed_parallel=10, current_parallel_cap=10, healthy_ram_streak=5/15, tracked_pids=94, free_ram_mb=5163
Queue check: current_jobs=10, allowed_parallel=10, current_parallel_cap=10, healthy_ram_streak=6/15, tracked_pids=94, free_ram_mb=5149
Queue check: current_jobs=10, allowed_parallel=10, current_parallel_cap=10, healthy_ram_streak=7/15, tracked_pids=94, free_ram_mb=5180
Queue check: current_jobs=10, allowed_parallel=10, current_parallel_cap=10, healthy_ram_streak=8/15, tracked_pids=94, free_ram_mb=5156
Queue check: current_jobs=10, allowed_parallel=10, current_parallel_cap=10, healthy_ram_streak=9/15, tracked_pids=94, free_ram_mb=5149
Queue check: current_jobs=10, allowed_parallel=10, current_parallel_cap=10, healthy_ram_streak=10/15, tracked_pids=94, free_ram_mb=5136
Queue check: current_jobs=10, allowed_parallel=10, current_parallel_cap=10, healthy_ram_streak=11/15, tracked_pids=94, free_ram_mb=5150
Queue check: current_jobs=10, allowed_parallel=10, current_parallel_cap=10, healthy_ram_streak=12/15, tracked_pids=94, free_ram_mb=5153
Queue check: current_jobs=10, allowed_parallel=10, current_parallel_cap=10, healthy_ram_streak=13/15, tracked_pids=94, free_ram_mb=5153
Queue check: current_jobs=10, allowed_parallel=10, current_parallel_cap=10, healthy_ram_streak=14/15, tracked_pids=94, free_ram_mb=5154
Queue check: current_jobs=10, allowed_parallel=10, current_parallel_cap=10, healthy_ram_streak=0/15, tracked_pids=94, free_ram_mb=5139
Queue check: current_jobs=10, allowed_parallel=10, current_parallel_cap=10, healthy_ram_streak=1/15, tracked_pids=94, free_ram_mb=5116
Queue check: current_jobs=10, allowed_parallel=10, current_parallel_cap=10, healthy_ram_streak=2/15, tracked_pids=94, free_ram_mb=5137
Queue check: current_jobs=10, allowed_parallel=10, current_parallel_cap=10, healthy_ram_streak=3/15, tracked_pids=94, free_ram_mb=5139
Queue check: current_jobs=10, allowed_parallel=10, current_parallel_cap=10, healthy_ram_streak=4/15, tracked_pids=94, free_ram_mb=5164
Queue check: current_jobs=10, allowed_parallel=10, current_parallel_cap=10, healthy_ram_streak=5/15, tracked_pids=94, free_ram_mb=5123
Queue check: current_jobs=10, allowed_parallel=10, current_parallel_cap=10, healthy_ram_streak=6/15, tracked_pids=94, free_ram_mb=5143
Queue check: current_jobs=10, allowed_parallel=10, current_parallel_cap=10, healthy_ram_streak=7/15, tracked_pids=94, free_ram_mb=5152
Queue check: current_jobs=10, allowed_parallel=10, current_parallel_cap=10, healthy_ram_streak=8/15, tracked_pids=94, free_ram_mb=5109
Queue check: current_jobs=10, allowed_parallel=10, current_parallel_cap=10, healthy_ram_streak=9/15, tracked_pids=94, free_ram_mb=5136
Queue check: current_jobs=10, allowed_parallel=10, current_parallel_cap=10, healthy_ram_streak=10/15, tracked_pids=94, free_ram_mb=5125
Queue check: current_jobs=10, allowed_parallel=10, current_parallel_cap=10, healthy_ram_streak=11/15, tracked_pids=94, free_ram_mb=5127
Queue check: current_jobs=10, allowed_parallel=10, current_parallel_cap=10, healthy_ram_streak=12/15, tracked_pids=94, free_ram_mb=5147
Queue check: current_jobs=10, allowed_parallel=10, current_parallel_cap=10, healthy_ram_streak=13/15, tracked_pids=94, free_ram_mb=5128
Queue check: current_jobs=10, allowed_parallel=10, current_parallel_cap=10, healthy_ram_streak=14/15, tracked_pids=94, free_ram_mb=5122
Queue check: current_jobs=10, allowed_parallel=10, current_parallel_cap=10, healthy_ram_streak=0/15, tracked_pids=94, free_ram_mb=5124
Queue check: current_jobs=10, allowed_parallel=10, current_parallel_cap=10, healthy_ram_streak=1/15, tracked_pids=94, free_ram_mb=5167
Queue check: current_jobs=10, allowed_parallel=10, current_parallel_cap=10, healthy_ram_streak=2/15, tracked_pids=94, free_ram_mb=5147
Queue check: current_jobs=10, allowed_parallel=10, current_parallel_cap=10, healthy_ram_streak=3/15, tracked_pids=94, free_ram_mb=5133
Queue check: current_jobs=10, allowed_parallel=10, current_parallel_cap=10, healthy_ram_streak=4/15, tracked_pids=94, free_ram_mb=5126
Queue check: current_jobs=10, allowed_parallel=10, current_parallel_cap=10, healthy_ram_streak=5/15, tracked_pids=94, free_ram_mb=5111
Queue check: current_jobs=10, allowed_parallel=10, current_parallel_cap=10, healthy_ram_streak=6/15, tracked_pids=94, free_ram_mb=5116
Queue check: current_jobs=10, allowed_parallel=10, current_parallel_cap=10, healthy_ram_streak=7/15, tracked_pids=94, free_ram_mb=5104
Queue check: current_jobs=10, allowed_parallel=10, current_parallel_cap=10, healthy_ram_streak=8/15, tracked_pids=94, free_ram_mb=5053
Queue check: current_jobs=10, allowed_parallel=10, current_parallel_cap=10, healthy_ram_streak=9/15, tracked_pids=94, free_ram_mb=5105
Queue check: current_jobs=10, allowed_parallel=10, current_parallel_cap=10, healthy_ram_streak=10/15, tracked_pids=94, free_ram_mb=5104
Queue check: current_jobs=10, allowed_parallel=10, current_parallel_cap=10, healthy_ram_streak=11/15, tracked_pids=94, free_ram_mb=5125
Queue check: current_jobs=10, allowed_parallel=10, current_parallel_cap=10, healthy_ram_streak=12/15, tracked_pids=94, free_ram_mb=5113
Queue check: current_jobs=10, allowed_parallel=10, current_parallel_cap=10, healthy_ram_streak=13/15, tracked_pids=94, free_ram_mb=5139
Queue check: current_jobs=10, allowed_parallel=10, current_parallel_cap=10, healthy_ram_streak=14/15, tracked_pids=94, free_ram_mb=5118
Queue check: current_jobs=10, allowed_parallel=10, current_parallel_cap=10, healthy_ram_streak=0/15, tracked_pids=94, free_ram_mb=5122
Queue check: current_jobs=10, allowed_parallel=10, current_parallel_cap=10, healthy_ram_streak=1/15, tracked_pids=94, free_ram_mb=5110
Queue check: current_jobs=10, allowed_parallel=10, current_parallel_cap=10, healthy_ram_streak=2/15, tracked_pids=94, free_ram_mb=5108
Queue check: current_jobs=10, allowed_parallel=10, current_parallel_cap=10, healthy_ram_streak=3/15, tracked_pids=94, free_ram_mb=5123
Queue check: current_jobs=10, allowed_parallel=10, current_parallel_cap=10, healthy_ram_streak=4/15, tracked_pids=94, free_ram_mb=5099
Queue check: current_jobs=10, allowed_parallel=10, current_parallel_cap=10, healthy_ram_streak=5/15, tracked_pids=94, free_ram_mb=5098
Queue check: current_jobs=10, allowed_parallel=10, current_parallel_cap=10, healthy_ram_streak=6/15, tracked_pids=94, free_ram_mb=5099
Queue check: current_jobs=10, allowed_parallel=10, current_parallel_cap=10, healthy_ram_streak=7/15, tracked_pids=94, free_ram_mb=5120
Queue check: current_jobs=10, allowed_parallel=10, current_parallel_cap=10, healthy_ram_streak=8/15, tracked_pids=94, free_ram_mb=5120
Queue check: current_jobs=10, allowed_parallel=10, current_parallel_cap=10, healthy_ram_streak=9/15, tracked_pids=94, free_ram_mb=5152
Queue check: current_jobs=10, allowed_parallel=10, current_parallel_cap=10, healthy_ram_streak=10/15, tracked_pids=94, free_ram_mb=5139
Queue check: current_jobs=10, allowed_parallel=10, current_parallel_cap=10, healthy_ram_streak=11/15, tracked_pids=94, free_ram_mb=5114
Queue check: current_jobs=10, allowed_parallel=10, current_parallel_cap=10, healthy_ram_streak=12/15, tracked_pids=94, free_ram_mb=5132
Queue check: current_jobs=10, allowed_parallel=10, current_parallel_cap=10, healthy_ram_streak=13/15, tracked_pids=94, free_ram_mb=5141
Queue check: current_jobs=10, allowed_parallel=10, current_parallel_cap=10, healthy_ram_streak=14/15, tracked_pids=94, free_ram_mb=5139
Queue check: current_jobs=10, allowed_parallel=10, current_parallel_cap=10, healthy_ram_streak=0/15, tracked_pids=94, free_ram_mb=5155
Queue check: current_jobs=10, allowed_parallel=10, current_parallel_cap=10, healthy_ram_streak=1/15, tracked_pids=94, free_ram_mb=5109
Queue check: current_jobs=10, allowed_parallel=10, current_parallel_cap=10, healthy_ram_streak=2/15, tracked_pids=94, free_ram_mb=5146
Queue check: current_jobs=10, allowed_parallel=10, current_parallel_cap=10, healthy_ram_streak=3/15, tracked_pids=94, free_ram_mb=5117
Queue check: current_jobs=10, allowed_parallel=10, current_parallel_cap=10, healthy_ram_streak=4/15, tracked_pids=94, free_ram_mb=5132
Queue check: current_jobs=10, allowed_parallel=10, current_parallel_cap=10, healthy_ram_streak=5/15, tracked_pids=94, free_ram_mb=5136
Queue check: current_jobs=10, allowed_parallel=10, current_parallel_cap=10, healthy_ram_streak=6/15, tracked_pids=94, free_ram_mb=5126
Queue check: current_jobs=10, allowed_parallel=10, current_parallel_cap=10, healthy_ram_streak=7/15, tracked_pids=94, free_ram_mb=5158
Queue check: current_jobs=10, allowed_parallel=10, current_parallel_cap=10, healthy_ram_streak=8/15, tracked_pids=94, free_ram_mb=5139
Queue check: current_jobs=10, allowed_parallel=10, current_parallel_cap=10, healthy_ram_streak=9/15, tracked_pids=94, free_ram_mb=5128
Queue check: current_jobs=10, allowed_parallel=10, current_parallel_cap=10, healthy_ram_streak=10/15, tracked_pids=94, free_ram_mb=5124
Queue check: current_jobs=10, allowed_parallel=10, current_parallel_cap=10, healthy_ram_streak=11/15, tracked_pids=94, free_ram_mb=5135
Queue check: current_jobs=10, allowed_parallel=10, current_parallel_cap=10, healthy_ram_streak=12/15, tracked_pids=94, free_ram_mb=5131
Queue check: current_jobs=10, allowed_parallel=10, current_parallel_cap=10, healthy_ram_streak=13/15, tracked_pids=94, free_ram_mb=5130
Queue check: current_jobs=10, allowed_parallel=10, current_parallel_cap=10, healthy_ram_streak=14/15, tracked_pids=94, free_ram_mb=5125
Queue check: current_jobs=10, allowed_parallel=10, current_parallel_cap=10, healthy_ram_streak=0/15, tracked_pids=94, free_ram_mb=5145
Queue check: current_jobs=10, allowed_parallel=10, current_parallel_cap=10, healthy_ram_streak=1/15, tracked_pids=94, free_ram_mb=5141
Queue check: current_jobs=10, allowed_parallel=10, current_parallel_cap=10, healthy_ram_streak=2/15, tracked_pids=94, free_ram_mb=5126
Queue check: current_jobs=10, allowed_parallel=10, current_parallel_cap=10, healthy_ram_streak=3/15, tracked_pids=94, free_ram_mb=5123
Queue check: current_jobs=10, allowed_parallel=10, current_parallel_cap=10, healthy_ram_streak=4/15, tracked_pids=94, free_ram_mb=5161
Queue check: current_jobs=10, allowed_parallel=10, current_parallel_cap=10, healthy_ram_streak=5/15, tracked_pids=94, free_ram_mb=5138
Queue check: current_jobs=10, allowed_parallel=10, current_parallel_cap=10, healthy_ram_streak=6/15, tracked_pids=94, free_ram_mb=5142
Queue check: current_jobs=10, allowed_parallel=10, current_parallel_cap=10, healthy_ram_streak=7/15, tracked_pids=94, free_ram_mb=5125
Queue check: current_jobs=10, allowed_parallel=10, current_parallel_cap=10, healthy_ram_streak=8/15, tracked_pids=94, free_ram_mb=5112
Queue check: current_jobs=10, allowed_parallel=10, current_parallel_cap=10, healthy_ram_streak=9/15, tracked_pids=94, free_ram_mb=5115
Queue check: current_jobs=10, allowed_parallel=10, current_parallel_cap=10, healthy_ram_streak=10/15, tracked_pids=94, free_ram_mb=5130
Queue check: current_jobs=10, allowed_parallel=10, current_parallel_cap=10, healthy_ram_streak=11/15, tracked_pids=94, free_ram_mb=5122
Queue check: current_jobs=10, allowed_parallel=10, current_parallel_cap=10, healthy_ram_streak=12/15, tracked_pids=94, free_ram_mb=5138
Queue check: current_jobs=10, allowed_parallel=10, current_parallel_cap=10, healthy_ram_streak=13/15, tracked_pids=94, free_ram_mb=5134
Queue check: current_jobs=10, allowed_parallel=10, current_parallel_cap=10, healthy_ram_streak=14/15, tracked_pids=94, free_ram_mb=5121
Queue check: current_jobs=10, allowed_parallel=10, current_parallel_cap=10, healthy_ram_streak=0/15, tracked_pids=94, free_ram_mb=5111
Queue check: current_jobs=10, allowed_parallel=10, current_parallel_cap=10, healthy_ram_streak=1/15, tracked_pids=94, free_ram_mb=5135
Queue check: current_jobs=10, allowed_parallel=10, current_parallel_cap=10, healthy_ram_streak=2/15, tracked_pids=94, free_ram_mb=5136
Queue check: current_jobs=10, allowed_parallel=10, current_parallel_cap=10, healthy_ram_streak=3/15, tracked_pids=94, free_ram_mb=5120
Queue check: current_jobs=10, allowed_parallel=10, current_parallel_cap=10, healthy_ram_streak=4/15, tracked_pids=94, free_ram_mb=5138
Queue check: current_jobs=10, allowed_parallel=10, current_parallel_cap=10, healthy_ram_streak=5/15, tracked_pids=94, free_ram_mb=5130
Queue check: current_jobs=10, allowed_parallel=10, current_parallel_cap=10, healthy_ram_streak=6/15, tracked_pids=94, free_ram_mb=5117
Queue check: current_jobs=10, allowed_parallel=10, current_parallel_cap=10, healthy_ram_streak=7/15, tracked_pids=94, free_ram_mb=5125
Queue check: current_jobs=10, allowed_parallel=10, current_parallel_cap=10, healthy_ram_streak=8/15, tracked_pids=94, free_ram_mb=5130
Queue check: current_jobs=10, allowed_parallel=10, current_parallel_cap=10, healthy_ram_streak=9/15, tracked_pids=94, free_ram_mb=5143
Queue check: current_jobs=10, allowed_parallel=10, current_parallel_cap=10, healthy_ram_streak=10/15, tracked_pids=94, free_ram_mb=5135
Queue check: current_jobs=10, allowed_parallel=10, current_parallel_cap=10, healthy_ram_streak=11/15, tracked_pids=94, free_ram_mb=5135
Queue check: current_jobs=10, allowed_parallel=10, current_parallel_cap=10, healthy_ram_streak=12/15, tracked_pids=94, free_ram_mb=5126
Queue check: current_jobs=10, allowed_parallel=10, current_parallel_cap=10, healthy_ram_streak=13/15, tracked_pids=94, free_ram_mb=5120
Queue check: current_jobs=10, allowed_parallel=10, current_parallel_cap=10, healthy_ram_streak=14/15, tracked_pids=94, free_ram_mb=5123
Queue check: current_jobs=10, allowed_parallel=10, current_parallel_cap=10, healthy_ram_streak=0/15, tracked_pids=94, free_ram_mb=5094
Queue check: current_jobs=10, allowed_parallel=10, current_parallel_cap=10, healthy_ram_streak=1/15, tracked_pids=94, free_ram_mb=5108
Queue check: current_jobs=10, allowed_parallel=10, current_parallel_cap=10, healthy_ram_streak=2/15, tracked_pids=94, free_ram_mb=5115
Queue check: current_jobs=10, allowed_parallel=10, current_parallel_cap=10, healthy_ram_streak=3/15, tracked_pids=94, free_ram_mb=5146
Queue check: current_jobs=10, allowed_parallel=10, current_parallel_cap=10, healthy_ram_streak=4/15, tracked_pids=94, free_ram_mb=5142
Queue check: current_jobs=10, allowed_parallel=10, current_parallel_cap=10, healthy_ram_streak=5/15, tracked_pids=94, free_ram_mb=5145
Queue check: current_jobs=10, allowed_parallel=10, current_parallel_cap=10, healthy_ram_streak=6/15, tracked_pids=94, free_ram_mb=5122
Queue check: current_jobs=10, allowed_parallel=10, current_parallel_cap=10, healthy_ram_streak=7/15, tracked_pids=94, free_ram_mb=5128
Queue check: current_jobs=10, allowed_parallel=10, current_parallel_cap=10, healthy_ram_streak=8/15, tracked_pids=94, free_ram_mb=5107
Queue check: current_jobs=10, allowed_parallel=10, current_parallel_cap=10, healthy_ram_streak=9/15, tracked_pids=94, free_ram_mb=5167
Queue check: current_jobs=10, allowed_parallel=10, current_parallel_cap=10, healthy_ram_streak=10/15, tracked_pids=94, free_ram_mb=5135
Queue check: current_jobs=10, allowed_parallel=10, current_parallel_cap=10, healthy_ram_streak=11/15, tracked_pids=94, free_ram_mb=5137
Queue check: current_jobs=10, allowed_parallel=10, current_parallel_cap=10, healthy_ram_streak=12/15, tracked_pids=94, free_ram_mb=5140
Queue check: current_jobs=10, allowed_parallel=10, current_parallel_cap=10, healthy_ram_streak=13/15, tracked_pids=94, free_ram_mb=5144
Queue check: current_jobs=10, allowed_parallel=10, current_parallel_cap=10, healthy_ram_streak=14/15, tracked_pids=94, free_ram_mb=5123
Queue check: current_jobs=10, allowed_parallel=10, current_parallel_cap=10, healthy_ram_streak=0/15, tracked_pids=94, free_ram_mb=5123
Queue check: current_jobs=10, allowed_parallel=10, current_parallel_cap=10, healthy_ram_streak=1/15, tracked_pids=94, free_ram_mb=5154
Queue check: current_jobs=10, allowed_parallel=10, current_parallel_cap=10, healthy_ram_streak=2/15, tracked_pids=94, free_ram_mb=5144
Queue check: current_jobs=10, allowed_parallel=10, current_parallel_cap=10, healthy_ram_streak=3/15, tracked_pids=94, free_ram_mb=5148
Queue check: current_jobs=10, allowed_parallel=10, current_parallel_cap=10, healthy_ram_streak=4/15, tracked_pids=94, free_ram_mb=5087
Queue check: current_jobs=10, allowed_parallel=10, current_parallel_cap=10, healthy_ram_streak=5/15, tracked_pids=94, free_ram_mb=5145
Queue check: current_jobs=10, allowed_parallel=10, current_parallel_cap=10, healthy_ram_streak=6/15, tracked_pids=94, free_ram_mb=5118
Queue check: current_jobs=10, allowed_parallel=10, current_parallel_cap=10, healthy_ram_streak=7/15, tracked_pids=94, free_ram_mb=5137
Queue check: current_jobs=10, allowed_parallel=10, current_parallel_cap=10, healthy_ram_streak=8/15, tracked_pids=94, free_ram_mb=5109
Queue check: current_jobs=10, allowed_parallel=10, current_parallel_cap=10, healthy_ram_streak=9/15, tracked_pids=94, free_ram_mb=5153
Queue check: current_jobs=10, allowed_parallel=10, current_parallel_cap=10, healthy_ram_streak=10/15, tracked_pids=94, free_ram_mb=5122
Queue check: current_jobs=10, allowed_parallel=10, current_parallel_cap=10, healthy_ram_streak=11/15, tracked_pids=94, free_ram_mb=5132
Queue check: current_jobs=10, allowed_parallel=10, current_parallel_cap=10, healthy_ram_streak=12/15, tracked_pids=94, free_ram_mb=5109
Queue check: current_jobs=10, allowed_parallel=10, current_parallel_cap=10, healthy_ram_streak=13/15, tracked_pids=94, free_ram_mb=5116
Queue check: current_jobs=10, allowed_parallel=10, current_parallel_cap=10, healthy_ram_streak=14/15, tracked_pids=94, free_ram_mb=5136
Queue check: current_jobs=10, allowed_parallel=10, current_parallel_cap=10, healthy_ram_streak=0/15, tracked_pids=94, free_ram_mb=5171
Queue check: current_jobs=10, allowed_parallel=10, current_parallel_cap=10, healthy_ram_streak=1/15, tracked_pids=94, free_ram_mb=5150
Queue check: current_jobs=10, allowed_parallel=10, current_parallel_cap=10, healthy_ram_streak=2/15, tracked_pids=94, free_ram_mb=5136
Queue check: current_jobs=10, allowed_parallel=10, current_parallel_cap=10, healthy_ram_streak=3/15, tracked_pids=94, free_ram_mb=5137
Queue check: current_jobs=10, allowed_parallel=10, current_parallel_cap=10, healthy_ram_streak=4/15, tracked_pids=94, free_ram_mb=5133
Queue check: current_jobs=10, allowed_parallel=10, current_parallel_cap=10, healthy_ram_streak=5/15, tracked_pids=94, free_ram_mb=5116
Queue check: current_jobs=10, allowed_parallel=10, current_parallel_cap=10, healthy_ram_streak=6/15, tracked_pids=94, free_ram_mb=5136
Queue check: current_jobs=10, allowed_parallel=10, current_parallel_cap=10, healthy_ram_streak=7/15, tracked_pids=94, free_ram_mb=5119
Queue check: current_jobs=10, allowed_parallel=10, current_parallel_cap=10, healthy_ram_streak=8/15, tracked_pids=94, free_ram_mb=5148
Queue check: current_jobs=10, allowed_parallel=10, current_parallel_cap=10, healthy_ram_streak=9/15, tracked_pids=94, free_ram_mb=5132
Queue check: current_jobs=10, allowed_parallel=10, current_parallel_cap=10, healthy_ram_streak=10/15, tracked_pids=94, free_ram_mb=5126
Queue check: current_jobs=10, allowed_parallel=10, current_parallel_cap=10, healthy_ram_streak=11/15, tracked_pids=94, free_ram_mb=5133
Queue check: current_jobs=10, allowed_parallel=10, current_parallel_cap=10, healthy_ram_streak=12/15, tracked_pids=94, free_ram_mb=5120
Queue check: current_jobs=10, allowed_parallel=10, current_parallel_cap=10, healthy_ram_streak=13/15, tracked_pids=94, free_ram_mb=5115
Queue check: current_jobs=10, allowed_parallel=10, current_parallel_cap=10, healthy_ram_streak=14/15, tracked_pids=94, free_ram_mb=5110
Queue check: current_jobs=10, allowed_parallel=10, current_parallel_cap=10, healthy_ram_streak=0/15, tracked_pids=94, free_ram_mb=5093
Queue check: current_jobs=10, allowed_parallel=10, current_parallel_cap=10, healthy_ram_streak=1/15, tracked_pids=94, free_ram_mb=5112
Queue check: current_jobs=10, allowed_parallel=10, current_parallel_cap=10, healthy_ram_streak=2/15, tracked_pids=94, free_ram_mb=5114
Queue check: current_jobs=10, allowed_parallel=10, current_parallel_cap=10, healthy_ram_streak=3/15, tracked_pids=94, free_ram_mb=5118
Queue check: current_jobs=10, allowed_parallel=10, current_parallel_cap=10, healthy_ram_streak=4/15, tracked_pids=94, free_ram_mb=5124
Queue check: current_jobs=10, allowed_parallel=10, current_parallel_cap=10, healthy_ram_streak=5/15, tracked_pids=94, free_ram_mb=5124
Queue check: current_jobs=10, allowed_parallel=10, current_parallel_cap=10, healthy_ram_streak=6/15, tracked_pids=94, free_ram_mb=5120
Queue check: current_jobs=10, allowed_parallel=10, current_parallel_cap=10, healthy_ram_streak=7/15, tracked_pids=94, free_ram_mb=5084
Queue check: current_jobs=10, allowed_parallel=10, current_parallel_cap=10, healthy_ram_streak=8/15, tracked_pids=94, free_ram_mb=5129
Queue check: current_jobs=10, allowed_parallel=10, current_parallel_cap=10, healthy_ram_streak=9/15, tracked_pids=94, free_ram_mb=5115
Queue check: current_jobs=10, allowed_parallel=10, current_parallel_cap=10, healthy_ram_streak=10/15, tracked_pids=94, free_ram_mb=4636
Queue check: current_jobs=10, allowed_parallel=10, current_parallel_cap=10, healthy_ram_streak=11/15, tracked_pids=94, free_ram_mb=5112
Queue check: current_jobs=10, allowed_parallel=10, current_parallel_cap=10, healthy_ram_streak=12/15, tracked_pids=94, free_ram_mb=5113
Queue check: current_jobs=10, allowed_parallel=10, current_parallel_cap=10, healthy_ram_streak=13/15, tracked_pids=94, free_ram_mb=5108
Queue check: current_jobs=10, allowed_parallel=10, current_parallel_cap=10, healthy_ram_streak=14/15, tracked_pids=94, free_ram_mb=5120
Queue check: current_jobs=10, allowed_parallel=10, current_parallel_cap=10, healthy_ram_streak=0/15, tracked_pids=94, free_ram_mb=5131
Queue check: current_jobs=10, allowed_parallel=10, current_parallel_cap=10, healthy_ram_streak=1/15, tracked_pids=94, free_ram_mb=5121
Queue check: current_jobs=10, allowed_parallel=10, current_parallel_cap=10, healthy_ram_streak=2/15, tracked_pids=94, free_ram_mb=5715
Queue check: current_jobs=10, allowed_parallel=10, current_parallel_cap=10, healthy_ram_streak=3/15, tracked_pids=94, free_ram_mb=5108
Queue check: current_jobs=10, allowed_parallel=10, current_parallel_cap=10, healthy_ram_streak=4/15, tracked_pids=94, free_ram_mb=5097
Queue check: current_jobs=10, allowed_parallel=10, current_parallel_cap=10, healthy_ram_streak=5/15, tracked_pids=94, free_ram_mb=5124
Queue check: current_jobs=10, allowed_parallel=10, current_parallel_cap=10, healthy_ram_streak=6/15, tracked_pids=94, free_ram_mb=5115
Queue check: current_jobs=10, allowed_parallel=10, current_parallel_cap=10, healthy_ram_streak=7/15, tracked_pids=94, free_ram_mb=5086
Queue check: current_jobs=10, allowed_parallel=10, current_parallel_cap=10, healthy_ram_streak=8/15, tracked_pids=94, free_ram_mb=5114
Queue check: current_jobs=10, allowed_parallel=10, current_parallel_cap=10, healthy_ram_streak=9/15, tracked_pids=94, free_ram_mb=5149
Queue check: current_jobs=10, allowed_parallel=10, current_parallel_cap=10, healthy_ram_streak=10/15, tracked_pids=94, free_ram_mb=5122
Queue check: current_jobs=10, allowed_parallel=10, current_parallel_cap=10, healthy_ram_streak=11/15, tracked_pids=94, free_ram_mb=5113
Queue check: current_jobs=10, allowed_parallel=10, current_parallel_cap=10, healthy_ram_streak=12/15, tracked_pids=94, free_ram_mb=5110
Queue check: current_jobs=10, allowed_parallel=10, current_parallel_cap=10, healthy_ram_streak=13/15, tracked_pids=94, free_ram_mb=5121
Queue check: current_jobs=10, allowed_parallel=10, current_parallel_cap=10, healthy_ram_streak=14/15, tracked_pids=94, free_ram_mb=5127
Queue check: current_jobs=10, allowed_parallel=10, current_parallel_cap=10, healthy_ram_streak=0/15, tracked_pids=94, free_ram_mb=5122
Queue check: current_jobs=10, allowed_parallel=10, current_parallel_cap=10, healthy_ram_streak=1/15, tracked_pids=94, free_ram_mb=5133
Queue check: current_jobs=10, allowed_parallel=10, current_parallel_cap=10, healthy_ram_streak=2/15, tracked_pids=94, free_ram_mb=5094
Queue check: current_jobs=10, allowed_parallel=10, current_parallel_cap=10, healthy_ram_streak=3/15, tracked_pids=94, free_ram_mb=5121
Queue check: current_jobs=10, allowed_parallel=10, current_parallel_cap=10, healthy_ram_streak=4/15, tracked_pids=94, free_ram_mb=5122
Queue check: current_jobs=10, allowed_parallel=10, current_parallel_cap=10, healthy_ram_streak=5/15, tracked_pids=94, free_ram_mb=5137
Queue check: current_jobs=10, allowed_parallel=10, current_parallel_cap=10, healthy_ram_streak=6/15, tracked_pids=94, free_ram_mb=5130
Queue check: current_jobs=10, allowed_parallel=10, current_parallel_cap=10, healthy_ram_streak=7/15, tracked_pids=94, free_ram_mb=5140
Queue check: current_jobs=10, allowed_parallel=10, current_parallel_cap=10, healthy_ram_streak=8/15, tracked_pids=94, free_ram_mb=5114
Queue check: current_jobs=10, allowed_parallel=10, current_parallel_cap=10, healthy_ram_streak=9/15, tracked_pids=94, free_ram_mb=5154
Queue check: current_jobs=10, allowed_parallel=10, current_parallel_cap=10, healthy_ram_streak=10/15, tracked_pids=94, free_ram_mb=5128
Queue check: current_jobs=10, allowed_parallel=10, current_parallel_cap=10, healthy_ram_streak=11/15, tracked_pids=94, free_ram_mb=5136
Queue check: current_jobs=10, allowed_parallel=10, current_parallel_cap=10, healthy_ram_streak=12/15, tracked_pids=94, free_ram_mb=5111
Queue check: current_jobs=10, allowed_parallel=10, current_parallel_cap=10, healthy_ram_streak=13/15, tracked_pids=94, free_ram_mb=5110
Queue check: current_jobs=10, allowed_parallel=10, current_parallel_cap=10, healthy_ram_streak=14/15, tracked_pids=94, free_ram_mb=5123
Queue check: current_jobs=10, allowed_parallel=10, current_parallel_cap=10, healthy_ram_streak=0/15, tracked_pids=94, free_ram_mb=5089
Queue check: current_jobs=10, allowed_parallel=10, current_parallel_cap=10, healthy_ram_streak=1/15, tracked_pids=94, free_ram_mb=5126
Queue check: current_jobs=10, allowed_parallel=10, current_parallel_cap=10, healthy_ram_streak=2/15, tracked_pids=94, free_ram_mb=5158
Queue check: current_jobs=10, allowed_parallel=10, current_parallel_cap=10, healthy_ram_streak=3/15, tracked_pids=94, free_ram_mb=5121
Queue check: current_jobs=10, allowed_parallel=10, current_parallel_cap=10, healthy_ram_streak=4/15, tracked_pids=94, free_ram_mb=5091
Queue check: current_jobs=10, allowed_parallel=10, current_parallel_cap=10, healthy_ram_streak=5/15, tracked_pids=94, free_ram_mb=5121
Queue check: current_jobs=10, allowed_parallel=10, current_parallel_cap=10, healthy_ram_streak=6/15, tracked_pids=94, free_ram_mb=5105
Queue check: current_jobs=10, allowed_parallel=10, current_parallel_cap=10, healthy_ram_streak=7/15, tracked_pids=94, free_ram_mb=5108
Queue check: current_jobs=10, allowed_parallel=10, current_parallel_cap=10, healthy_ram_streak=8/15, tracked_pids=94, free_ram_mb=5111
Queue check: current_jobs=10, allowed_parallel=10, current_parallel_cap=10, healthy_ram_streak=9/15, tracked_pids=94, free_ram_mb=5122
Queue check: current_jobs=10, allowed_parallel=10, current_parallel_cap=10, healthy_ram_streak=10/15, tracked_pids=94, free_ram_mb=5090
Queue check: current_jobs=10, allowed_parallel=10, current_parallel_cap=10, healthy_ram_streak=11/15, tracked_pids=94, free_ram_mb=5113
Queue check: current_jobs=10, allowed_parallel=10, current_parallel_cap=10, healthy_ram_streak=12/15, tracked_pids=94, free_ram_mb=5115
Queue check: current_jobs=10, allowed_parallel=10, current_parallel_cap=10, healthy_ram_streak=13/15, tracked_pids=94, free_ram_mb=5134
Queue check: current_jobs=10, allowed_parallel=10, current_parallel_cap=10, healthy_ram_streak=14/15, tracked_pids=94, free_ram_mb=5128
Queue check: current_jobs=10, allowed_parallel=10, current_parallel_cap=10, healthy_ram_streak=0/15, tracked_pids=94, free_ram_mb=5122
Queue check: current_jobs=10, allowed_parallel=10, current_parallel_cap=10, healthy_ram_streak=1/15, tracked_pids=94, free_ram_mb=5126
Queue check: current_jobs=10, allowed_parallel=10, current_parallel_cap=10, healthy_ram_streak=2/15, tracked_pids=94, free_ram_mb=5134
Queue check: current_jobs=10, allowed_parallel=10, current_parallel_cap=10, healthy_ram_streak=3/15, tracked_pids=94, free_ram_mb=5104
Queue check: current_jobs=10, allowed_parallel=10, current_parallel_cap=10, healthy_ram_streak=4/15, tracked_pids=94, free_ram_mb=5133
Queue check: current_jobs=10, allowed_parallel=10, current_parallel_cap=10, healthy_ram_streak=5/15, tracked_pids=94, free_ram_mb=5118
Queue check: current_jobs=10, allowed_parallel=10, current_parallel_cap=10, healthy_ram_streak=6/15, tracked_pids=94, free_ram_mb=5138
Queue check: current_jobs=10, allowed_parallel=10, current_parallel_cap=10, healthy_ram_streak=7/15, tracked_pids=94, free_ram_mb=5093
Queue check: current_jobs=10, allowed_parallel=10, current_parallel_cap=10, healthy_ram_streak=8/15, tracked_pids=94, free_ram_mb=5124
Queue check: current_jobs=10, allowed_parallel=10, current_parallel_cap=10, healthy_ram_streak=9/15, tracked_pids=94, free_ram_mb=5106
Queue check: current_jobs=10, allowed_parallel=10, current_parallel_cap=10, healthy_ram_streak=10/15, tracked_pids=94, free_ram_mb=5116
Queue check: current_jobs=10, allowed_parallel=10, current_parallel_cap=10, healthy_ram_streak=11/15, tracked_pids=94, free_ram_mb=5109
Queue check: current_jobs=10, allowed_parallel=10, current_parallel_cap=10, healthy_ram_streak=12/15, tracked_pids=94, free_ram_mb=5118
Queue check: current_jobs=10, allowed_parallel=10, current_parallel_cap=10, healthy_ram_streak=13/15, tracked_pids=94, free_ram_mb=5108
Queue check: current_jobs=10, allowed_parallel=10, current_parallel_cap=10, healthy_ram_streak=14/15, tracked_pids=94, free_ram_mb=5117
Queue check: current_jobs=10, allowed_parallel=10, current_parallel_cap=10, healthy_ram_streak=0/15, tracked_pids=94, free_ram_mb=5100
Queue check: current_jobs=10, allowed_parallel=10, current_parallel_cap=10, healthy_ram_streak=1/15, tracked_pids=94, free_ram_mb=5109
Queue check: current_jobs=10, allowed_parallel=10, current_parallel_cap=10, healthy_ram_streak=2/15, tracked_pids=94, free_ram_mb=5107
Queue check: current_jobs=10, allowed_parallel=10, current_parallel_cap=10, healthy_ram_streak=3/15, tracked_pids=94, free_ram_mb=5121
Queue check: current_jobs=10, allowed_parallel=10, current_parallel_cap=10, healthy_ram_streak=4/15, tracked_pids=94, free_ram_mb=5103
Queue check: current_jobs=10, allowed_parallel=10, current_parallel_cap=10, healthy_ram_streak=5/15, tracked_pids=94, free_ram_mb=5119
Queue check: current_jobs=10, allowed_parallel=10, current_parallel_cap=10, healthy_ram_streak=6/15, tracked_pids=94, free_ram_mb=5126
Queue check: current_jobs=10, allowed_parallel=10, current_parallel_cap=10, healthy_ram_streak=7/15, tracked_pids=94, free_ram_mb=5139
Queue check: current_jobs=10, allowed_parallel=10, current_parallel_cap=10, healthy_ram_streak=8/15, tracked_pids=94, free_ram_mb=5119
Queue check: current_jobs=10, allowed_parallel=10, current_parallel_cap=10, healthy_ram_streak=9/15, tracked_pids=94, free_ram_mb=5116
Queue check: current_jobs=10, allowed_parallel=10, current_parallel_cap=10, healthy_ram_streak=10/15, tracked_pids=94, free_ram_mb=5097
Queue check: current_jobs=10, allowed_parallel=10, current_parallel_cap=10, healthy_ram_streak=11/15, tracked_pids=94, free_ram_mb=5123
Queue check: current_jobs=10, allowed_parallel=10, current_parallel_cap=10, healthy_ram_streak=12/15, tracked_pids=94, free_ram_mb=5123
Queue check: current_jobs=10, allowed_parallel=10, current_parallel_cap=10, healthy_ram_streak=13/15, tracked_pids=94, free_ram_mb=5113
Queue check: current_jobs=10, allowed_parallel=10, current_parallel_cap=10, healthy_ram_streak=14/15, tracked_pids=94, free_ram_mb=5124
Queue check: current_jobs=10, allowed_parallel=10, current_parallel_cap=10, healthy_ram_streak=0/15, tracked_pids=94, free_ram_mb=5124
Queue check: current_jobs=10, allowed_parallel=10, current_parallel_cap=10, healthy_ram_streak=1/15, tracked_pids=94, free_ram_mb=5153
Queue check: current_jobs=10, allowed_parallel=10, current_parallel_cap=10, healthy_ram_streak=2/15, tracked_pids=94, free_ram_mb=5116
Queue check: current_jobs=10, allowed_parallel=10, current_parallel_cap=10, healthy_ram_streak=3/15, tracked_pids=94, free_ram_mb=5123
Queue check: current_jobs=10, allowed_parallel=10, current_parallel_cap=10, healthy_ram_streak=4/15, tracked_pids=94, free_ram_mb=5128
Queue check: current_jobs=10, allowed_parallel=10, current_parallel_cap=10, healthy_ram_streak=5/15, tracked_pids=94, free_ram_mb=5136
Queue check: current_jobs=10, allowed_parallel=10, current_parallel_cap=10, healthy_ram_streak=6/15, tracked_pids=94, free_ram_mb=5119
Queue check: current_jobs=10, allowed_parallel=10, current_parallel_cap=10, healthy_ram_streak=7/15, tracked_pids=94, free_ram_mb=5138
Queue check: current_jobs=10, allowed_parallel=10, current_parallel_cap=10, healthy_ram_streak=8/15, tracked_pids=94, free_ram_mb=5110
Queue check: current_jobs=10, allowed_parallel=10, current_parallel_cap=10, healthy_ram_streak=9/15, tracked_pids=94, free_ram_mb=5083
Queue check: current_jobs=10, allowed_parallel=10, current_parallel_cap=10, healthy_ram_streak=10/15, tracked_pids=94, free_ram_mb=5054
Queue check: current_jobs=10, allowed_parallel=10, current_parallel_cap=10, healthy_ram_streak=11/15, tracked_pids=94, free_ram_mb=5071
Queue check: current_jobs=10, allowed_parallel=10, current_parallel_cap=10, healthy_ram_streak=12/15, tracked_pids=94, free_ram_mb=5068
Queue check: current_jobs=10, allowed_parallel=10, current_parallel_cap=10, healthy_ram_streak=13/15, tracked_pids=94, free_ram_mb=5105
Queue check: current_jobs=10, allowed_parallel=10, current_parallel_cap=10, healthy_ram_streak=14/15, tracked_pids=94, free_ram_mb=5109
Queue check: current_jobs=10, allowed_parallel=10, current_parallel_cap=10, healthy_ram_streak=0/15, tracked_pids=94, free_ram_mb=5108
Queue check: current_jobs=10, allowed_parallel=10, current_parallel_cap=10, healthy_ram_streak=1/15, tracked_pids=94, free_ram_mb=5121
Queue check: current_jobs=10, allowed_parallel=10, current_parallel_cap=10, healthy_ram_streak=2/15, tracked_pids=94, free_ram_mb=5086
Queue check: current_jobs=10, allowed_parallel=10, current_parallel_cap=10, healthy_ram_streak=3/15, tracked_pids=94, free_ram_mb=5114
Queue check: current_jobs=10, allowed_parallel=10, current_parallel_cap=10, healthy_ram_streak=4/15, tracked_pids=94, free_ram_mb=5097
Queue check: current_jobs=10, allowed_parallel=10, current_parallel_cap=10, healthy_ram_streak=5/15, tracked_pids=94, free_ram_mb=5114
Queue check: current_jobs=10, allowed_parallel=10, current_parallel_cap=10, healthy_ram_streak=6/15, tracked_pids=94, free_ram_mb=5110
Queue check: current_jobs=10, allowed_parallel=10, current_parallel_cap=10, healthy_ram_streak=7/15, tracked_pids=94, free_ram_mb=5105
Queue check: current_jobs=10, allowed_parallel=10, current_parallel_cap=10, healthy_ram_streak=8/15, tracked_pids=94, free_ram_mb=5098
Queue check: current_jobs=10, allowed_parallel=10, current_parallel_cap=10, healthy_ram_streak=9/15, tracked_pids=94, free_ram_mb=5116
Queue check: current_jobs=10, allowed_parallel=10, current_parallel_cap=10, healthy_ram_streak=10/15, tracked_pids=94, free_ram_mb=5101
Queue check: current_jobs=10, allowed_parallel=10, current_parallel_cap=10, healthy_ram_streak=11/15, tracked_pids=94, free_ram_mb=5100
Queue check: current_jobs=10, allowed_parallel=10, current_parallel_cap=10, healthy_ram_streak=12/15, tracked_pids=94, free_ram_mb=5087
Queue check: current_jobs=10, allowed_parallel=10, current_parallel_cap=10, healthy_ram_streak=13/15, tracked_pids=94, free_ram_mb=5103
Queue check: current_jobs=10, allowed_parallel=10, current_parallel_cap=10, healthy_ram_streak=14/15, tracked_pids=94, free_ram_mb=5115
Queue check: current_jobs=10, allowed_parallel=10, current_parallel_cap=10, healthy_ram_streak=0/15, tracked_pids=94, free_ram_mb=5094
Queue check: current_jobs=10, allowed_parallel=10, current_parallel_cap=10, healthy_ram_streak=1/15, tracked_pids=94, free_ram_mb=5096
Queue check: current_jobs=10, allowed_parallel=10, current_parallel_cap=10, healthy_ram_streak=2/15, tracked_pids=94, free_ram_mb=5107
Queue check: current_jobs=10, allowed_parallel=10, current_parallel_cap=10, healthy_ram_streak=3/15, tracked_pids=94, free_ram_mb=5105
Queue check: current_jobs=10, allowed_parallel=10, current_parallel_cap=10, healthy_ram_streak=4/15, tracked_pids=94, free_ram_mb=5106
Queue check: current_jobs=10, allowed_parallel=10, current_parallel_cap=10, healthy_ram_streak=5/15, tracked_pids=94, free_ram_mb=5098
Queue check: current_jobs=10, allowed_parallel=10, current_parallel_cap=10, healthy_ram_streak=6/15, tracked_pids=94, free_ram_mb=5098
Queue check: current_jobs=10, allowed_parallel=10, current_parallel_cap=10, healthy_ram_streak=7/15, tracked_pids=94, free_ram_mb=5080
Queue check: current_jobs=10, allowed_parallel=10, current_parallel_cap=10, healthy_ram_streak=8/15, tracked_pids=94, free_ram_mb=5098
Queue check: current_jobs=10, allowed_parallel=10, current_parallel_cap=10, healthy_ram_streak=9/15, tracked_pids=94, free_ram_mb=5106
Queue check: current_jobs=10, allowed_parallel=10, current_parallel_cap=10, healthy_ram_streak=10/15, tracked_pids=94, free_ram_mb=5104
Queue check: current_jobs=10, allowed_parallel=10, current_parallel_cap=10, healthy_ram_streak=11/15, tracked_pids=94, free_ram_mb=5104
Queue check: current_jobs=10, allowed_parallel=10, current_parallel_cap=10, healthy_ram_streak=12/15, tracked_pids=94, free_ram_mb=5108
Queue check: current_jobs=10, allowed_parallel=10, current_parallel_cap=10, healthy_ram_streak=13/15, tracked_pids=94, free_ram_mb=5096
Queue check: current_jobs=10, allowed_parallel=10, current_parallel_cap=10, healthy_ram_streak=14/15, tracked_pids=94, free_ram_mb=5100
Queue check: current_jobs=10, allowed_parallel=10, current_parallel_cap=10, healthy_ram_streak=0/15, tracked_pids=94, free_ram_mb=5070
Queue check: current_jobs=10, allowed_parallel=10, current_parallel_cap=10, healthy_ram_streak=1/15, tracked_pids=94, free_ram_mb=5100
Queue check: current_jobs=10, allowed_parallel=10, current_parallel_cap=10, healthy_ram_streak=2/15, tracked_pids=94, free_ram_mb=5077
Queue check: current_jobs=10, allowed_parallel=10, current_parallel_cap=10, healthy_ram_streak=3/15, tracked_pids=94, free_ram_mb=5098
Queue check: current_jobs=10, allowed_parallel=10, current_parallel_cap=10, healthy_ram_streak=4/15, tracked_pids=94, free_ram_mb=5115
Queue check: current_jobs=10, allowed_parallel=10, current_parallel_cap=10, healthy_ram_streak=5/15, tracked_pids=94, free_ram_mb=5097
Queue check: current_jobs=10, allowed_parallel=10, current_parallel_cap=10, healthy_ram_streak=6/15, tracked_pids=94, free_ram_mb=5096
Queue check: current_jobs=10, allowed_parallel=10, current_parallel_cap=10, healthy_ram_streak=7/15, tracked_pids=94, free_ram_mb=5091
Queue check: current_jobs=10, allowed_parallel=10, current_parallel_cap=10, healthy_ram_streak=8/15, tracked_pids=94, free_ram_mb=5136
Queue check: current_jobs=10, allowed_parallel=10, current_parallel_cap=10, healthy_ram_streak=9/15, tracked_pids=94, free_ram_mb=5090
Queue check: current_jobs=10, allowed_parallel=10, current_parallel_cap=10, healthy_ram_streak=10/15, tracked_pids=94, free_ram_mb=5104
Queue check: current_jobs=10, allowed_parallel=10, current_parallel_cap=10, healthy_ram_streak=11/15, tracked_pids=94, free_ram_mb=5105
Queue check: current_jobs=10, allowed_parallel=10, current_parallel_cap=10, healthy_ram_streak=12/15, tracked_pids=94, free_ram_mb=5112
Queue check: current_jobs=10, allowed_parallel=10, current_parallel_cap=10, healthy_ram_streak=13/15, tracked_pids=94, free_ram_mb=5109
Queue check: current_jobs=10, allowed_parallel=10, current_parallel_cap=10, healthy_ram_streak=14/15, tracked_pids=94, free_ram_mb=5133
Queue check: current_jobs=10, allowed_parallel=10, current_parallel_cap=10, healthy_ram_streak=0/15, tracked_pids=94, free_ram_mb=5105
Queue check: current_jobs=10, allowed_parallel=10, current_parallel_cap=10, healthy_ram_streak=1/15, tracked_pids=94, free_ram_mb=5123
Queue check: current_jobs=10, allowed_parallel=10, current_parallel_cap=10, healthy_ram_streak=2/15, tracked_pids=94, free_ram_mb=5114
Queue check: current_jobs=10, allowed_parallel=10, current_parallel_cap=10, healthy_ram_streak=3/15, tracked_pids=94, free_ram_mb=5104
Queue check: current_jobs=10, allowed_parallel=10, current_parallel_cap=10, healthy_ram_streak=4/15, tracked_pids=94, free_ram_mb=5102
Queue check: current_jobs=10, allowed_parallel=10, current_parallel_cap=10, healthy_ram_streak=5/15, tracked_pids=94, free_ram_mb=5109
Queue check: current_jobs=10, allowed_parallel=10, current_parallel_cap=10, healthy_ram_streak=6/15, tracked_pids=94, free_ram_mb=5101
Queue check: current_jobs=10, allowed_parallel=10, current_parallel_cap=10, healthy_ram_streak=7/15, tracked_pids=94, free_ram_mb=5083
Queue check: current_jobs=10, allowed_parallel=10, current_parallel_cap=10, healthy_ram_streak=8/15, tracked_pids=94, free_ram_mb=5097
Queue check: current_jobs=10, allowed_parallel=10, current_parallel_cap=10, healthy_ram_streak=9/15, tracked_pids=94, free_ram_mb=5101
Queue check: current_jobs=10, allowed_parallel=10, current_parallel_cap=10, healthy_ram_streak=10/15, tracked_pids=94, free_ram_mb=5161
Queue check: current_jobs=10, allowed_parallel=10, current_parallel_cap=10, healthy_ram_streak=11/15, tracked_pids=94, free_ram_mb=5107
Queue check: current_jobs=10, allowed_parallel=10, current_parallel_cap=10, healthy_ram_streak=12/15, tracked_pids=94, free_ram_mb=5107
Queue check: current_jobs=10, allowed_parallel=10, current_parallel_cap=10, healthy_ram_streak=13/15, tracked_pids=94, free_ram_mb=5102
Queue check: current_jobs=10, allowed_parallel=10, current_parallel_cap=10, healthy_ram_streak=14/15, tracked_pids=94, free_ram_mb=5093
Queue check: current_jobs=10, allowed_parallel=10, current_parallel_cap=10, healthy_ram_streak=0/15, tracked_pids=94, free_ram_mb=5099
Queue check: current_jobs=10, allowed_parallel=10, current_parallel_cap=10, healthy_ram_streak=1/15, tracked_pids=94, free_ram_mb=5485
Queue check: current_jobs=10, allowed_parallel=10, current_parallel_cap=10, healthy_ram_streak=2/15, tracked_pids=94, free_ram_mb=5103
Queue check: current_jobs=10, allowed_parallel=10, current_parallel_cap=10, healthy_ram_streak=3/15, tracked_pids=94, free_ram_mb=5100
Queue check: current_jobs=10, allowed_parallel=10, current_parallel_cap=10, healthy_ram_streak=4/15, tracked_pids=94, free_ram_mb=5118
Queue check: current_jobs=10, allowed_parallel=10, current_parallel_cap=10, healthy_ram_streak=5/15, tracked_pids=94, free_ram_mb=5095
Queue check: current_jobs=10, allowed_parallel=10, current_parallel_cap=10, healthy_ram_streak=6/15, tracked_pids=94, free_ram_mb=5090
Queue check: current_jobs=10, allowed_parallel=10, current_parallel_cap=10, healthy_ram_streak=7/15, tracked_pids=94, free_ram_mb=5102
Queue check: current_jobs=10, allowed_parallel=10, current_parallel_cap=10, healthy_ram_streak=8/15, tracked_pids=94, free_ram_mb=5096
Queue check: current_jobs=10, allowed_parallel=10, current_parallel_cap=10, healthy_ram_streak=9/15, tracked_pids=94, free_ram_mb=5110
Queue check: current_jobs=10, allowed_parallel=10, current_parallel_cap=10, healthy_ram_streak=10/15, tracked_pids=94, free_ram_mb=5092
Queue check: current_jobs=10, allowed_parallel=10, current_parallel_cap=10, healthy_ram_streak=11/15, tracked_pids=94, free_ram_mb=5079
Queue check: current_jobs=10, allowed_parallel=10, current_parallel_cap=10, healthy_ram_streak=12/15, tracked_pids=94, free_ram_mb=5090
Queue check: current_jobs=10, allowed_parallel=10, current_parallel_cap=10, healthy_ram_streak=13/15, tracked_pids=94, free_ram_mb=5099
Queue check: current_jobs=10, allowed_parallel=10, current_parallel_cap=10, healthy_ram_streak=14/15, tracked_pids=94, free_ram_mb=5097
Queue check: current_jobs=10, allowed_parallel=10, current_parallel_cap=10, healthy_ram_streak=0/15, tracked_pids=94, free_ram_mb=5075
Queue check: current_jobs=10, allowed_parallel=10, current_parallel_cap=10, healthy_ram_streak=1/15, tracked_pids=94, free_ram_mb=5082
Queue check: current_jobs=10, allowed_parallel=10, current_parallel_cap=10, healthy_ram_streak=2/15, tracked_pids=94, free_ram_mb=5077
Queue check: current_jobs=10, allowed_parallel=10, current_parallel_cap=10, healthy_ram_streak=3/15, tracked_pids=94, free_ram_mb=5097
Queue check: current_jobs=10, allowed_parallel=10, current_parallel_cap=10, healthy_ram_streak=4/15, tracked_pids=94, free_ram_mb=5095
Queue check: current_jobs=10, allowed_parallel=10, current_parallel_cap=10, healthy_ram_streak=5/15, tracked_pids=94, free_ram_mb=5087
Queue check: current_jobs=10, allowed_parallel=10, current_parallel_cap=10, healthy_ram_streak=6/15, tracked_pids=94, free_ram_mb=5111
Queue check: current_jobs=10, allowed_parallel=10, current_parallel_cap=10, healthy_ram_streak=7/15, tracked_pids=94, free_ram_mb=5088
Queue check: current_jobs=10, allowed_parallel=10, current_parallel_cap=10, healthy_ram_streak=8/15, tracked_pids=94, free_ram_mb=5087
Queue check: current_jobs=10, allowed_parallel=10, current_parallel_cap=10, healthy_ram_streak=9/15, tracked_pids=94, free_ram_mb=5099
Queue check: current_jobs=10, allowed_parallel=10, current_parallel_cap=10, healthy_ram_streak=10/15, tracked_pids=94, free_ram_mb=5117
Queue check: current_jobs=10, allowed_parallel=10, current_parallel_cap=10, healthy_ram_streak=11/15, tracked_pids=94, free_ram_mb=5102
Queue check: current_jobs=10, allowed_parallel=10, current_parallel_cap=10, healthy_ram_streak=12/15, tracked_pids=94, free_ram_mb=5109
Queue check: current_jobs=10, allowed_parallel=10, current_parallel_cap=10, healthy_ram_streak=13/15, tracked_pids=94, free_ram_mb=5072
Queue check: current_jobs=10, allowed_parallel=10, current_parallel_cap=10, healthy_ram_streak=14/15, tracked_pids=94, free_ram_mb=5092
Queue check: current_jobs=10, allowed_parallel=10, current_parallel_cap=10, healthy_ram_streak=0/15, tracked_pids=94, free_ram_mb=5090
Queue check: current_jobs=10, allowed_parallel=10, current_parallel_cap=10, healthy_ram_streak=1/15, tracked_pids=94, free_ram_mb=5094
Queue check: current_jobs=10, allowed_parallel=10, current_parallel_cap=10, healthy_ram_streak=2/15, tracked_pids=94, free_ram_mb=5101
Queue check: current_jobs=10, allowed_parallel=10, current_parallel_cap=10, healthy_ram_streak=3/15, tracked_pids=94, free_ram_mb=5100
Queue check: current_jobs=10, allowed_parallel=10, current_parallel_cap=10, healthy_ram_streak=4/15, tracked_pids=94, free_ram_mb=5105
Queue check: current_jobs=10, allowed_parallel=10, current_parallel_cap=10, healthy_ram_streak=5/15, tracked_pids=94, free_ram_mb=5103
Queue check: current_jobs=10, allowed_parallel=10, current_parallel_cap=10, healthy_ram_streak=6/15, tracked_pids=94, free_ram_mb=5101
Queue check: current_jobs=10, allowed_parallel=10, current_parallel_cap=10, healthy_ram_streak=7/15, tracked_pids=94, free_ram_mb=5078
Queue check: current_jobs=10, allowed_parallel=10, current_parallel_cap=10, healthy_ram_streak=8/15, tracked_pids=94, free_ram_mb=5073
Queue check: current_jobs=10, allowed_parallel=10, current_parallel_cap=10, healthy_ram_streak=9/15, tracked_pids=94, free_ram_mb=5114
Queue check: current_jobs=10, allowed_parallel=10, current_parallel_cap=10, healthy_ram_streak=10/15, tracked_pids=94, free_ram_mb=5119
Queue check: current_jobs=10, allowed_parallel=10, current_parallel_cap=10, healthy_ram_streak=11/15, tracked_pids=94, free_ram_mb=5113
Queue check: current_jobs=10, allowed_parallel=10, current_parallel_cap=10, healthy_ram_streak=12/15, tracked_pids=94, free_ram_mb=5105
Queue check: current_jobs=10, allowed_parallel=10, current_parallel_cap=10, healthy_ram_streak=13/15, tracked_pids=94, free_ram_mb=5102
Queue check: current_jobs=10, allowed_parallel=10, current_parallel_cap=10, healthy_ram_streak=14/15, tracked_pids=94, free_ram_mb=5106
Queue check: current_jobs=10, allowed_parallel=10, current_parallel_cap=10, healthy_ram_streak=0/15, tracked_pids=94, free_ram_mb=5114
Queue check: current_jobs=10, allowed_parallel=10, current_parallel_cap=10, healthy_ram_streak=1/15, tracked_pids=94, free_ram_mb=5126
Queue check: current_jobs=10, allowed_parallel=10, current_parallel_cap=10, healthy_ram_streak=2/15, tracked_pids=94, free_ram_mb=5100
Queue check: current_jobs=10, allowed_parallel=10, current_parallel_cap=10, healthy_ram_streak=3/15, tracked_pids=94, free_ram_mb=5108
Queue check: current_jobs=10, allowed_parallel=10, current_parallel_cap=10, healthy_ram_streak=4/15, tracked_pids=94, free_ram_mb=5100
Queue check: current_jobs=10, allowed_parallel=10, current_parallel_cap=10, healthy_ram_streak=5/15, tracked_pids=94, free_ram_mb=5109
Queue check: current_jobs=10, allowed_parallel=10, current_parallel_cap=10, healthy_ram_streak=6/15, tracked_pids=94, free_ram_mb=5112
Queue check: current_jobs=10, allowed_parallel=10, current_parallel_cap=10, healthy_ram_streak=7/15, tracked_pids=94, free_ram_mb=5123
Queue check: current_jobs=10, allowed_parallel=10, current_parallel_cap=10, healthy_ram_streak=8/15, tracked_pids=94, free_ram_mb=5118
Queue check: current_jobs=10, allowed_parallel=10, current_parallel_cap=10, healthy_ram_streak=9/15, tracked_pids=94, free_ram_mb=5114
Queue check: current_jobs=10, allowed_parallel=10, current_parallel_cap=10, healthy_ram_streak=10/15, tracked_pids=94, free_ram_mb=5119
Queue check: current_jobs=10, allowed_parallel=10, current_parallel_cap=10, healthy_ram_streak=11/15, tracked_pids=94, free_ram_mb=5117
Queue check: current_jobs=10, allowed_parallel=10, current_parallel_cap=10, healthy_ram_streak=12/15, tracked_pids=94, free_ram_mb=5098
Queue check: current_jobs=10, allowed_parallel=10, current_parallel_cap=10, healthy_ram_streak=13/15, tracked_pids=94, free_ram_mb=5117
Queue check: current_jobs=10, allowed_parallel=10, current_parallel_cap=10, healthy_ram_streak=14/15, tracked_pids=94, free_ram_mb=5100
Queue check: current_jobs=10, allowed_parallel=10, current_parallel_cap=10, healthy_ram_streak=0/15, tracked_pids=94, free_ram_mb=5077
Queue check: current_jobs=10, allowed_parallel=10, current_parallel_cap=10, healthy_ram_streak=1/15, tracked_pids=94, free_ram_mb=5102
Queue check: current_jobs=10, allowed_parallel=10, current_parallel_cap=10, healthy_ram_streak=2/15, tracked_pids=94, free_ram_mb=5124
Queue check: current_jobs=10, allowed_parallel=10, current_parallel_cap=10, healthy_ram_streak=3/15, tracked_pids=94, free_ram_mb=5543
Queue check: current_jobs=10, allowed_parallel=10, current_parallel_cap=10, healthy_ram_streak=4/15, tracked_pids=94, free_ram_mb=5119
Queue check: current_jobs=10, allowed_parallel=10, current_parallel_cap=10, healthy_ram_streak=5/15, tracked_pids=94, free_ram_mb=5096
Queue check: current_jobs=10, allowed_parallel=10, current_parallel_cap=10, healthy_ram_streak=6/15, tracked_pids=94, free_ram_mb=5116
Queue check: current_jobs=10, allowed_parallel=10, current_parallel_cap=10, healthy_ram_streak=7/15, tracked_pids=94, free_ram_mb=5088
Queue check: current_jobs=10, allowed_parallel=10, current_parallel_cap=10, healthy_ram_streak=8/15, tracked_pids=94, free_ram_mb=5099
Queue check: current_jobs=10, allowed_parallel=10, current_parallel_cap=10, healthy_ram_streak=9/15, tracked_pids=94, free_ram_mb=5105
Queue check: current_jobs=10, allowed_parallel=10, current_parallel_cap=10, healthy_ram_streak=10/15, tracked_pids=94, free_ram_mb=5108
Queue check: current_jobs=10, allowed_parallel=10, current_parallel_cap=10, healthy_ram_streak=11/15, tracked_pids=94, free_ram_mb=5105
Queue check: current_jobs=10, allowed_parallel=10, current_parallel_cap=10, healthy_ram_streak=12/15, tracked_pids=94, free_ram_mb=5092
Queue check: current_jobs=10, allowed_parallel=10, current_parallel_cap=10, healthy_ram_streak=13/15, tracked_pids=94, free_ram_mb=5116
Queue check: current_jobs=10, allowed_parallel=10, current_parallel_cap=10, healthy_ram_streak=14/15, tracked_pids=94, free_ram_mb=5092
Queue check: current_jobs=10, allowed_parallel=10, current_parallel_cap=10, healthy_ram_streak=0/15, tracked_pids=94, free_ram_mb=5095
Queue check: current_jobs=10, allowed_parallel=10, current_parallel_cap=10, healthy_ram_streak=1/15, tracked_pids=94, free_ram_mb=5087
Queue check: current_jobs=10, allowed_parallel=10, current_parallel_cap=10, healthy_ram_streak=2/15, tracked_pids=94, free_ram_mb=5115
Queue check: current_jobs=10, allowed_parallel=10, current_parallel_cap=10, healthy_ram_streak=3/15, tracked_pids=94, free_ram_mb=5094
Queue check: current_jobs=10, allowed_parallel=10, current_parallel_cap=10, healthy_ram_streak=4/15, tracked_pids=94, free_ram_mb=5095
Queue check: current_jobs=10, allowed_parallel=10, current_parallel_cap=10, healthy_ram_streak=5/15, tracked_pids=94, free_ram_mb=5098
Queue check: current_jobs=10, allowed_parallel=10, current_parallel_cap=10, healthy_ram_streak=6/15, tracked_pids=94, free_ram_mb=5116
Queue check: current_jobs=10, allowed_parallel=10, current_parallel_cap=10, healthy_ram_streak=7/15, tracked_pids=94, free_ram_mb=5077
Queue check: current_jobs=10, allowed_parallel=10, current_parallel_cap=10, healthy_ram_streak=8/15, tracked_pids=94, free_ram_mb=5108
Queue check: current_jobs=10, allowed_parallel=10, current_parallel_cap=10, healthy_ram_streak=9/15, tracked_pids=94, free_ram_mb=5101
Queue check: current_jobs=10, allowed_parallel=10, current_parallel_cap=10, healthy_ram_streak=10/15, tracked_pids=94, free_ram_mb=5100
Queue check: current_jobs=10, allowed_parallel=10, current_parallel_cap=10, healthy_ram_streak=11/15, tracked_pids=94, free_ram_mb=5101
Queue check: current_jobs=10, allowed_parallel=10, current_parallel_cap=10, healthy_ram_streak=12/15, tracked_pids=94, free_ram_mb=5096
Queue check: current_jobs=10, allowed_parallel=10, current_parallel_cap=10, healthy_ram_streak=13/15, tracked_pids=94, free_ram_mb=5104
Queue check: current_jobs=10, allowed_parallel=10, current_parallel_cap=10, healthy_ram_streak=14/15, tracked_pids=94, free_ram_mb=5099
Queue check: current_jobs=10, allowed_parallel=10, current_parallel_cap=10, healthy_ram_streak=0/15, tracked_pids=94, free_ram_mb=5067
Queue check: current_jobs=10, allowed_parallel=10, current_parallel_cap=10, healthy_ram_streak=1/15, tracked_pids=94, free_ram_mb=5093
Queue check: current_jobs=10, allowed_parallel=10, current_parallel_cap=10, healthy_ram_streak=2/15, tracked_pids=94, free_ram_mb=5095
Queue check: current_jobs=10, allowed_parallel=10, current_parallel_cap=10, healthy_ram_streak=3/15, tracked_pids=94, free_ram_mb=5092
Queue check: current_jobs=10, allowed_parallel=10, current_parallel_cap=10, healthy_ram_streak=4/15, tracked_pids=94, free_ram_mb=5105
Queue check: current_jobs=10, allowed_parallel=10, current_parallel_cap=10, healthy_ram_streak=5/15, tracked_pids=94, free_ram_mb=5092
Queue check: current_jobs=10, allowed_parallel=10, current_parallel_cap=10, healthy_ram_streak=6/15, tracked_pids=94, free_ram_mb=5091
Queue check: current_jobs=10, allowed_parallel=10, current_parallel_cap=10, healthy_ram_streak=7/15, tracked_pids=94, free_ram_mb=5073
Queue check: current_jobs=10, allowed_parallel=10, current_parallel_cap=10, healthy_ram_streak=8/15, tracked_pids=94, free_ram_mb=5071
Queue check: current_jobs=10, allowed_parallel=10, current_parallel_cap=10, healthy_ram_streak=9/15, tracked_pids=94, free_ram_mb=5094
Queue check: current_jobs=10, allowed_parallel=10, current_parallel_cap=10, healthy_ram_streak=10/15, tracked_pids=94, free_ram_mb=5102
Queue check: current_jobs=10, allowed_parallel=10, current_parallel_cap=10, healthy_ram_streak=11/15, tracked_pids=94, free_ram_mb=5083
Queue check: current_jobs=10, allowed_parallel=10, current_parallel_cap=10, healthy_ram_streak=12/15, tracked_pids=94, free_ram_mb=5093
Queue check: current_jobs=10, allowed_parallel=10, current_parallel_cap=10, healthy_ram_streak=13/15, tracked_pids=94, free_ram_mb=5085
Queue check: current_jobs=10, allowed_parallel=10, current_parallel_cap=10, healthy_ram_streak=14/15, tracked_pids=94, free_ram_mb=5111
Queue check: current_jobs=10, allowed_parallel=10, current_parallel_cap=10, healthy_ram_streak=0/15, tracked_pids=94, free_ram_mb=5037
Queue check: current_jobs=10, allowed_parallel=10, current_parallel_cap=10, healthy_ram_streak=1/15, tracked_pids=94, free_ram_mb=5095
Queue check: current_jobs=10, allowed_parallel=10, current_parallel_cap=10, healthy_ram_streak=2/15, tracked_pids=94, free_ram_mb=5086
Queue check: current_jobs=10, allowed_parallel=10, current_parallel_cap=10, healthy_ram_streak=3/15, tracked_pids=94, free_ram_mb=5122
Queue check: current_jobs=10, allowed_parallel=10, current_parallel_cap=10, healthy_ram_streak=4/15, tracked_pids=94, free_ram_mb=5111
Queue check: current_jobs=10, allowed_parallel=10, current_parallel_cap=10, healthy_ram_streak=5/15, tracked_pids=94, free_ram_mb=5101
Queue check: current_jobs=10, allowed_parallel=10, current_parallel_cap=10, healthy_ram_streak=6/15, tracked_pids=94, free_ram_mb=5137
Queue check: current_jobs=10, allowed_parallel=10, current_parallel_cap=10, healthy_ram_streak=7/15, tracked_pids=94, free_ram_mb=5085
Queue check: current_jobs=10, allowed_parallel=10, current_parallel_cap=10, healthy_ram_streak=8/15, tracked_pids=94, free_ram_mb=5072
Queue check: current_jobs=10, allowed_parallel=10, current_parallel_cap=10, healthy_ram_streak=9/15, tracked_pids=94, free_ram_mb=5102
Queue check: current_jobs=10, allowed_parallel=10, current_parallel_cap=10, healthy_ram_streak=10/15, tracked_pids=94, free_ram_mb=5101
Queue check: current_jobs=10, allowed_parallel=10, current_parallel_cap=10, healthy_ram_streak=11/15, tracked_pids=94, free_ram_mb=5107
Queue check: current_jobs=10, allowed_parallel=10, current_parallel_cap=10, healthy_ram_streak=12/15, tracked_pids=94, free_ram_mb=5103
Queue check: current_jobs=10, allowed_parallel=10, current_parallel_cap=10, healthy_ram_streak=13/15, tracked_pids=94, free_ram_mb=5093
Queue check: current_jobs=10, allowed_parallel=10, current_parallel_cap=10, healthy_ram_streak=14/15, tracked_pids=94, free_ram_mb=5089
Queue check: current_jobs=10, allowed_parallel=10, current_parallel_cap=10, healthy_ram_streak=0/15, tracked_pids=94, free_ram_mb=5088
Queue check: current_jobs=10, allowed_parallel=10, current_parallel_cap=10, healthy_ram_streak=1/15, tracked_pids=94, free_ram_mb=5151
Queue check: current_jobs=10, allowed_parallel=10, current_parallel_cap=10, healthy_ram_streak=2/15, tracked_pids=94, free_ram_mb=5105
Queue check: current_jobs=10, allowed_parallel=10, current_parallel_cap=10, healthy_ram_streak=3/15, tracked_pids=94, free_ram_mb=5094
Queue check: current_jobs=10, allowed_parallel=10, current_parallel_cap=10, healthy_ram_streak=4/15, tracked_pids=94, free_ram_mb=5108
Queue check: current_jobs=10, allowed_parallel=10, current_parallel_cap=10, healthy_ram_streak=5/15, tracked_pids=94, free_ram_mb=5104
Queue check: current_jobs=10, allowed_parallel=10, current_parallel_cap=10, healthy_ram_streak=6/15, tracked_pids=94, free_ram_mb=5101
Queue check: current_jobs=10, allowed_parallel=10, current_parallel_cap=10, healthy_ram_streak=7/15, tracked_pids=94, free_ram_mb=5066
Queue check: current_jobs=10, allowed_parallel=10, current_parallel_cap=10, healthy_ram_streak=8/15, tracked_pids=94, free_ram_mb=5104
Queue check: current_jobs=10, allowed_parallel=10, current_parallel_cap=10, healthy_ram_streak=9/15, tracked_pids=94, free_ram_mb=5107
Queue check: current_jobs=10, allowed_parallel=10, current_parallel_cap=10, healthy_ram_streak=10/15, tracked_pids=94, free_ram_mb=5109
Queue check: current_jobs=10, allowed_parallel=10, current_parallel_cap=10, healthy_ram_streak=11/15, tracked_pids=94, free_ram_mb=5096
Queue check: current_jobs=10, allowed_parallel=10, current_parallel_cap=10, healthy_ram_streak=12/15, tracked_pids=94, free_ram_mb=5095
Queue check: current_jobs=10, allowed_parallel=10, current_parallel_cap=10, healthy_ram_streak=13/15, tracked_pids=94, free_ram_mb=5097
Queue check: current_jobs=10, allowed_parallel=10, current_parallel_cap=10, healthy_ram_streak=14/15, tracked_pids=94, free_ram_mb=5105
Queue check: current_jobs=10, allowed_parallel=10, current_parallel_cap=10, healthy_ram_streak=0/15, tracked_pids=94, free_ram_mb=5109
Queue check: current_jobs=10, allowed_parallel=10, current_parallel_cap=10, healthy_ram_streak=1/15, tracked_pids=94, free_ram_mb=5081
Queue check: current_jobs=10, allowed_parallel=10, current_parallel_cap=10, healthy_ram_streak=2/15, tracked_pids=94, free_ram_mb=5094
Queue check: current_jobs=10, allowed_parallel=10, current_parallel_cap=10, healthy_ram_streak=3/15, tracked_pids=94, free_ram_mb=5076
Queue check: current_jobs=10, allowed_parallel=10, current_parallel_cap=10, healthy_ram_streak=4/15, tracked_pids=94, free_ram_mb=5098
Queue check: current_jobs=10, allowed_parallel=10, current_parallel_cap=10, healthy_ram_streak=5/15, tracked_pids=94, free_ram_mb=5079
Queue check: current_jobs=10, allowed_parallel=10, current_parallel_cap=10, healthy_ram_streak=6/15, tracked_pids=94, free_ram_mb=5082
Queue check: current_jobs=10, allowed_parallel=10, current_parallel_cap=10, healthy_ram_streak=7/15, tracked_pids=94, free_ram_mb=5070
Queue check: current_jobs=10, allowed_parallel=10, current_parallel_cap=10, healthy_ram_streak=8/15, tracked_pids=94, free_ram_mb=5094
Queue check: current_jobs=10, allowed_parallel=10, current_parallel_cap=10, healthy_ram_streak=9/15, tracked_pids=94, free_ram_mb=5109
Queue check: current_jobs=10, allowed_parallel=10, current_parallel_cap=10, healthy_ram_streak=10/15, tracked_pids=94, free_ram_mb=5090
Queue check: current_jobs=10, allowed_parallel=10, current_parallel_cap=10, healthy_ram_streak=11/15, tracked_pids=94, free_ram_mb=5115
Queue check: current_jobs=10, allowed_parallel=10, current_parallel_cap=10, healthy_ram_streak=12/15, tracked_pids=94, free_ram_mb=5098
Queue check: current_jobs=10, allowed_parallel=10, current_parallel_cap=10, healthy_ram_streak=13/15, tracked_pids=94, free_ram_mb=5088
Queue check: current_jobs=10, allowed_parallel=10, current_parallel_cap=10, healthy_ram_streak=14/15, tracked_pids=94, free_ram_mb=5066
Queue check: current_jobs=10, allowed_parallel=10, current_parallel_cap=10, healthy_ram_streak=0/15, tracked_pids=94, free_ram_mb=5104
Queue check: current_jobs=10, allowed_parallel=10, current_parallel_cap=10, healthy_ram_streak=1/15, tracked_pids=94, free_ram_mb=5067
Queue check: current_jobs=10, allowed_parallel=10, current_parallel_cap=10, healthy_ram_streak=2/15, tracked_pids=94, free_ram_mb=5648
Queue check: current_jobs=10, allowed_parallel=10, current_parallel_cap=10, healthy_ram_streak=3/15, tracked_pids=94, free_ram_mb=5090
Queue check: current_jobs=10, allowed_parallel=10, current_parallel_cap=10, healthy_ram_streak=4/15, tracked_pids=94, free_ram_mb=5097
Queue check: current_jobs=10, allowed_parallel=10, current_parallel_cap=10, healthy_ram_streak=5/15, tracked_pids=94, free_ram_mb=5105
Queue check: current_jobs=10, allowed_parallel=10, current_parallel_cap=10, healthy_ram_streak=6/15, tracked_pids=94, free_ram_mb=5090
Queue check: current_jobs=10, allowed_parallel=10, current_parallel_cap=10, healthy_ram_streak=7/15, tracked_pids=94, free_ram_mb=5102
Queue check: current_jobs=10, allowed_parallel=10, current_parallel_cap=10, healthy_ram_streak=8/15, tracked_pids=94, free_ram_mb=5093
Queue check: current_jobs=10, allowed_parallel=10, current_parallel_cap=10, healthy_ram_streak=9/15, tracked_pids=94, free_ram_mb=5108
Queue check: current_jobs=10, allowed_parallel=10, current_parallel_cap=10, healthy_ram_streak=10/15, tracked_pids=94, free_ram_mb=5108
Queue check: current_jobs=10, allowed_parallel=10, current_parallel_cap=10, healthy_ram_streak=11/15, tracked_pids=94, free_ram_mb=5097
Queue check: current_jobs=10, allowed_parallel=10, current_parallel_cap=10, healthy_ram_streak=12/15, tracked_pids=94, free_ram_mb=5099
Queue check: current_jobs=10, allowed_parallel=10, current_parallel_cap=10, healthy_ram_streak=13/15, tracked_pids=94, free_ram_mb=5090
Queue check: current_jobs=10, allowed_parallel=10, current_parallel_cap=10, healthy_ram_streak=14/15, tracked_pids=94, free_ram_mb=5080
Queue check: current_jobs=10, allowed_parallel=10, current_parallel_cap=10, healthy_ram_streak=0/15, tracked_pids=94, free_ram_mb=5075
Queue check: current_jobs=10, allowed_parallel=10, current_parallel_cap=10, healthy_ram_streak=1/15, tracked_pids=94, free_ram_mb=5075
Queue check: current_jobs=10, allowed_parallel=10, current_parallel_cap=10, healthy_ram_streak=2/15, tracked_pids=94, free_ram_mb=5088
Queue check: current_jobs=10, allowed_parallel=10, current_parallel_cap=10, healthy_ram_streak=3/15, tracked_pids=94, free_ram_mb=5085
Queue check: current_jobs=10, allowed_parallel=10, current_parallel_cap=10, healthy_ram_streak=4/15, tracked_pids=94, free_ram_mb=5084
Queue check: current_jobs=10, allowed_parallel=10, current_parallel_cap=10, healthy_ram_streak=5/15, tracked_pids=94, free_ram_mb=5090
Queue check: current_jobs=10, allowed_parallel=10, current_parallel_cap=10, healthy_ram_streak=6/15, tracked_pids=94, free_ram_mb=5055
Queue check: current_jobs=10, allowed_parallel=10, current_parallel_cap=10, healthy_ram_streak=7/15, tracked_pids=94, free_ram_mb=5106
Queue check: current_jobs=10, allowed_parallel=10, current_parallel_cap=10, healthy_ram_streak=8/15, tracked_pids=94, free_ram_mb=5084
Queue check: current_jobs=10, allowed_parallel=10, current_parallel_cap=10, healthy_ram_streak=9/15, tracked_pids=94, free_ram_mb=5086
Queue check: current_jobs=10, allowed_parallel=10, current_parallel_cap=10, healthy_ram_streak=10/15, tracked_pids=94, free_ram_mb=5085
Queue check: current_jobs=10, allowed_parallel=10, current_parallel_cap=10, healthy_ram_streak=11/15, tracked_pids=94, free_ram_mb=5093
Queue check: current_jobs=10, allowed_parallel=10, current_parallel_cap=10, healthy_ram_streak=12/15, tracked_pids=94, free_ram_mb=5099
Queue check: current_jobs=10, allowed_parallel=10, current_parallel_cap=10, healthy_ram_streak=13/15, tracked_pids=94, free_ram_mb=5095
Queue check: current_jobs=10, allowed_parallel=10, current_parallel_cap=10, healthy_ram_streak=14/15, tracked_pids=94, free_ram_mb=5095
Queue check: current_jobs=10, allowed_parallel=10, current_parallel_cap=10, healthy_ram_streak=0/15, tracked_pids=94, free_ram_mb=5101
Queue check: current_jobs=10, allowed_parallel=10, current_parallel_cap=10, healthy_ram_streak=1/15, tracked_pids=94, free_ram_mb=5090
Queue check: current_jobs=10, allowed_parallel=10, current_parallel_cap=10, healthy_ram_streak=2/15, tracked_pids=94, free_ram_mb=5089
Queue check: current_jobs=10, allowed_parallel=10, current_parallel_cap=10, healthy_ram_streak=3/15, tracked_pids=94, free_ram_mb=5087
Queue check: current_jobs=10, allowed_parallel=10, current_parallel_cap=10, healthy_ram_streak=4/15, tracked_pids=94, free_ram_mb=5096
Queue check: current_jobs=10, allowed_parallel=10, current_parallel_cap=10, healthy_ram_streak=5/15, tracked_pids=94, free_ram_mb=5096
Queue check: current_jobs=10, allowed_parallel=10, current_parallel_cap=10, healthy_ram_streak=6/15, tracked_pids=94, free_ram_mb=5084
Queue check: current_jobs=10, allowed_parallel=10, current_parallel_cap=10, healthy_ram_streak=7/15, tracked_pids=94, free_ram_mb=5089
Queue check: current_jobs=10, allowed_parallel=10, current_parallel_cap=10, healthy_ram_streak=8/15, tracked_pids=94, free_ram_mb=5102
Queue check: current_jobs=10, allowed_parallel=10, current_parallel_cap=10, healthy_ram_streak=9/15, tracked_pids=94, free_ram_mb=5086
Queue check: current_jobs=10, allowed_parallel=10, current_parallel_cap=10, healthy_ram_streak=10/15, tracked_pids=94, free_ram_mb=5093
Queue check: current_jobs=10, allowed_parallel=10, current_parallel_cap=10, healthy_ram_streak=11/15, tracked_pids=94, free_ram_mb=5093
Queue check: current_jobs=10, allowed_parallel=10, current_parallel_cap=10, healthy_ram_streak=12/15, tracked_pids=94, free_ram_mb=5097
Queue check: current_jobs=10, allowed_parallel=10, current_parallel_cap=10, healthy_ram_streak=13/15, tracked_pids=94, free_ram_mb=5073
Queue check: current_jobs=10, allowed_parallel=10, current_parallel_cap=10, healthy_ram_streak=14/15, tracked_pids=94, free_ram_mb=5063
Queue check: current_jobs=10, allowed_parallel=10, current_parallel_cap=10, healthy_ram_streak=0/15, tracked_pids=94, free_ram_mb=5090
Queue check: current_jobs=10, allowed_parallel=10, current_parallel_cap=10, healthy_ram_streak=1/15, tracked_pids=94, free_ram_mb=5083
Queue check: current_jobs=10, allowed_parallel=10, current_parallel_cap=10, healthy_ram_streak=2/15, tracked_pids=94, free_ram_mb=5099
Queue check: current_jobs=10, allowed_parallel=10, current_parallel_cap=10, healthy_ram_streak=3/15, tracked_pids=94, free_ram_mb=5085
Queue check: current_jobs=10, allowed_parallel=10, current_parallel_cap=10, healthy_ram_streak=4/15, tracked_pids=94, free_ram_mb=5085
Queue check: current_jobs=10, allowed_parallel=10, current_parallel_cap=10, healthy_ram_streak=5/15, tracked_pids=94, free_ram_mb=5106
Queue check: current_jobs=10, allowed_parallel=10, current_parallel_cap=10, healthy_ram_streak=6/15, tracked_pids=94, free_ram_mb=5088
Queue check: current_jobs=10, allowed_parallel=10, current_parallel_cap=10, healthy_ram_streak=7/15, tracked_pids=94, free_ram_mb=5588
Queue check: current_jobs=10, allowed_parallel=10, current_parallel_cap=10, healthy_ram_streak=8/15, tracked_pids=94, free_ram_mb=5088
Queue check: current_jobs=10, allowed_parallel=10, current_parallel_cap=10, healthy_ram_streak=9/15, tracked_pids=94, free_ram_mb=5079
Queue check: current_jobs=10, allowed_parallel=10, current_parallel_cap=10, healthy_ram_streak=10/15, tracked_pids=94, free_ram_mb=5062
Queue check: current_jobs=10, allowed_parallel=10, current_parallel_cap=10, healthy_ram_streak=11/15, tracked_pids=94, free_ram_mb=5070
Queue check: current_jobs=10, allowed_parallel=10, current_parallel_cap=10, healthy_ram_streak=12/15, tracked_pids=94, free_ram_mb=5072
Queue check: current_jobs=10, allowed_parallel=10, current_parallel_cap=10, healthy_ram_streak=13/15, tracked_pids=94, free_ram_mb=5076
Queue check: current_jobs=10, allowed_parallel=10, current_parallel_cap=10, healthy_ram_streak=14/15, tracked_pids=94, free_ram_mb=5066
Queue check: current_jobs=10, allowed_parallel=10, current_parallel_cap=10, healthy_ram_streak=0/15, tracked_pids=94, free_ram_mb=5083
Queue check: current_jobs=10, allowed_parallel=10, current_parallel_cap=10, healthy_ram_streak=1/15, tracked_pids=94, free_ram_mb=5086
Queue check: current_jobs=10, allowed_parallel=10, current_parallel_cap=10, healthy_ram_streak=2/15, tracked_pids=94, free_ram_mb=5082
Queue check: current_jobs=10, allowed_parallel=10, current_parallel_cap=10, healthy_ram_streak=3/15, tracked_pids=94, free_ram_mb=5073
Queue check: current_jobs=10, allowed_parallel=10, current_parallel_cap=10, healthy_ram_streak=4/15, tracked_pids=94, free_ram_mb=5090
Queue check: current_jobs=10, allowed_parallel=10, current_parallel_cap=10, healthy_ram_streak=5/15, tracked_pids=94, free_ram_mb=5074
Queue check: current_jobs=10, allowed_parallel=10, current_parallel_cap=10, healthy_ram_streak=6/15, tracked_pids=94, free_ram_mb=5066
Queue check: current_jobs=10, allowed_parallel=10, current_parallel_cap=10, healthy_ram_streak=7/15, tracked_pids=94, free_ram_mb=5076
Queue check: current_jobs=10, allowed_parallel=10, current_parallel_cap=10, healthy_ram_streak=8/15, tracked_pids=94, free_ram_mb=5090
Queue check: current_jobs=10, allowed_parallel=10, current_parallel_cap=10, healthy_ram_streak=9/15, tracked_pids=94, free_ram_mb=5098
Queue check: current_jobs=10, allowed_parallel=10, current_parallel_cap=10, healthy_ram_streak=10/15, tracked_pids=94, free_ram_mb=5081
Queue check: current_jobs=10, allowed_parallel=10, current_parallel_cap=10, healthy_ram_streak=11/15, tracked_pids=94, free_ram_mb=5094
Queue check: current_jobs=10, allowed_parallel=10, current_parallel_cap=10, healthy_ram_streak=12/15, tracked_pids=94, free_ram_mb=5082
Queue check: current_jobs=10, allowed_parallel=10, current_parallel_cap=10, healthy_ram_streak=13/15, tracked_pids=94, free_ram_mb=5089
Queue check: current_jobs=10, allowed_parallel=10, current_parallel_cap=10, healthy_ram_streak=14/15, tracked_pids=94, free_ram_mb=5092
Queue check: current_jobs=10, allowed_parallel=10, current_parallel_cap=10, healthy_ram_streak=0/15, tracked_pids=94, free_ram_mb=5096
Queue check: current_jobs=10, allowed_parallel=10, current_parallel_cap=10, healthy_ram_streak=1/15, tracked_pids=94, free_ram_mb=5087
Queue check: current_jobs=10, allowed_parallel=10, current_parallel_cap=10, healthy_ram_streak=2/15, tracked_pids=94, free_ram_mb=5084
Queue check: current_jobs=10, allowed_parallel=10, current_parallel_cap=10, healthy_ram_streak=3/15, tracked_pids=94, free_ram_mb=5098
Queue check: current_jobs=10, allowed_parallel=10, current_parallel_cap=10, healthy_ram_streak=4/15, tracked_pids=94, free_ram_mb=5097
Queue check: current_jobs=10, allowed_parallel=10, current_parallel_cap=10, healthy_ram_streak=5/15, tracked_pids=94, free_ram_mb=5134
Queue check: current_jobs=10, allowed_parallel=10, current_parallel_cap=10, healthy_ram_streak=6/15, tracked_pids=94, free_ram_mb=5084
Queue check: current_jobs=10, allowed_parallel=10, current_parallel_cap=10, healthy_ram_streak=7/15, tracked_pids=94, free_ram_mb=5104
Queue check: current_jobs=10, allowed_parallel=10, current_parallel_cap=10, healthy_ram_streak=8/15, tracked_pids=94, free_ram_mb=5097
Queue check: current_jobs=10, allowed_parallel=10, current_parallel_cap=10, healthy_ram_streak=9/15, tracked_pids=94, free_ram_mb=5106
Queue check: current_jobs=10, allowed_parallel=10, current_parallel_cap=10, healthy_ram_streak=10/15, tracked_pids=94, free_ram_mb=5104
Queue check: current_jobs=10, allowed_parallel=10, current_parallel_cap=10, healthy_ram_streak=11/15, tracked_pids=94, free_ram_mb=5101
Queue check: current_jobs=10, allowed_parallel=10, current_parallel_cap=10, healthy_ram_streak=12/15, tracked_pids=94, free_ram_mb=5140
Queue check: current_jobs=10, allowed_parallel=10, current_parallel_cap=10, healthy_ram_streak=13/15, tracked_pids=94, free_ram_mb=5088
Queue check: current_jobs=10, allowed_parallel=10, current_parallel_cap=10, healthy_ram_streak=14/15, tracked_pids=94, free_ram_mb=5110
Queue check: current_jobs=10, allowed_parallel=10, current_parallel_cap=10, healthy_ram_streak=0/15, tracked_pids=94, free_ram_mb=5114
Queue check: current_jobs=10, allowed_parallel=10, current_parallel_cap=10, healthy_ram_streak=1/15, tracked_pids=94, free_ram_mb=5080
Queue check: current_jobs=10, allowed_parallel=10, current_parallel_cap=10, healthy_ram_streak=2/15, tracked_pids=94, free_ram_mb=5122
Queue check: current_jobs=10, allowed_parallel=10, current_parallel_cap=10, healthy_ram_streak=3/15, tracked_pids=94, free_ram_mb=5092
Queue check: current_jobs=10, allowed_parallel=10, current_parallel_cap=10, healthy_ram_streak=4/15, tracked_pids=94, free_ram_mb=5090
Queue check: current_jobs=10, allowed_parallel=10, current_parallel_cap=10, healthy_ram_streak=5/15, tracked_pids=94, free_ram_mb=5102
Queue check: current_jobs=10, allowed_parallel=10, current_parallel_cap=10, healthy_ram_streak=6/15, tracked_pids=94, free_ram_mb=5098
Queue check: current_jobs=10, allowed_parallel=10, current_parallel_cap=10, healthy_ram_streak=7/15, tracked_pids=94, free_ram_mb=5128
Queue check: current_jobs=10, allowed_parallel=10, current_parallel_cap=10, healthy_ram_streak=8/15, tracked_pids=94, free_ram_mb=5091
Queue check: current_jobs=10, allowed_parallel=10, current_parallel_cap=10, healthy_ram_streak=9/15, tracked_pids=94, free_ram_mb=5096
Queue check: current_jobs=10, allowed_parallel=10, current_parallel_cap=10, healthy_ram_streak=10/15, tracked_pids=94, free_ram_mb=5081
Queue check: current_jobs=10, allowed_parallel=10, current_parallel_cap=10, healthy_ram_streak=11/15, tracked_pids=94, free_ram_mb=5095
Queue check: current_jobs=10, allowed_parallel=10, current_parallel_cap=10, healthy_ram_streak=12/15, tracked_pids=94, free_ram_mb=5082
Queue check: current_jobs=10, allowed_parallel=10, current_parallel_cap=10, healthy_ram_streak=13/15, tracked_pids=94, free_ram_mb=5100
Queue check: current_jobs=10, allowed_parallel=10, current_parallel_cap=10, healthy_ram_streak=14/15, tracked_pids=94, free_ram_mb=5099
Queue check: current_jobs=10, allowed_parallel=10, current_parallel_cap=10, healthy_ram_streak=0/15, tracked_pids=94, free_ram_mb=5113
Queue check: current_jobs=10, allowed_parallel=10, current_parallel_cap=10, healthy_ram_streak=1/15, tracked_pids=94, free_ram_mb=5087
Queue check: current_jobs=10, allowed_parallel=10, current_parallel_cap=10, healthy_ram_streak=2/15, tracked_pids=94, free_ram_mb=5117
Queue check: current_jobs=10, allowed_parallel=10, current_parallel_cap=10, healthy_ram_streak=3/15, tracked_pids=94, free_ram_mb=5110
Queue check: current_jobs=10, allowed_parallel=10, current_parallel_cap=10, healthy_ram_streak=4/15, tracked_pids=94, free_ram_mb=5093
Queue check: current_jobs=10, allowed_parallel=10, current_parallel_cap=10, healthy_ram_streak=5/15, tracked_pids=94, free_ram_mb=5098
Queue check: current_jobs=10, allowed_parallel=10, current_parallel_cap=10, healthy_ram_streak=6/15, tracked_pids=94, free_ram_mb=5091
Queue check: current_jobs=10, allowed_parallel=10, current_parallel_cap=10, healthy_ram_streak=7/15, tracked_pids=94, free_ram_mb=5111
Queue check: current_jobs=10, allowed_parallel=10, current_parallel_cap=10, healthy_ram_streak=8/15, tracked_pids=94, free_ram_mb=5114
Queue check: current_jobs=10, allowed_parallel=10, current_parallel_cap=10, healthy_ram_streak=9/15, tracked_pids=94, free_ram_mb=5114
Queue check: current_jobs=11, allowed_parallel=10, current_parallel_cap=10, healthy_ram_streak=10/15, tracked_pids=94, free_ram_mb=5110
Queue check: current_jobs=10, allowed_parallel=10, current_parallel_cap=10, healthy_ram_streak=11/15, tracked_pids=94, free_ram_mb=5114
Queue check: current_jobs=10, allowed_parallel=10, current_parallel_cap=10, healthy_ram_streak=12/15, tracked_pids=94, free_ram_mb=5109
Queue check: current_jobs=10, allowed_parallel=10, current_parallel_cap=10, healthy_ram_streak=13/15, tracked_pids=94, free_ram_mb=5097
Queue check: current_jobs=10, allowed_parallel=10, current_parallel_cap=10, healthy_ram_streak=14/15, tracked_pids=94, free_ram_mb=5110
Queue check: current_jobs=10, allowed_parallel=10, current_parallel_cap=10, healthy_ram_streak=0/15, tracked_pids=94, free_ram_mb=5091
Queue check: current_jobs=10, allowed_parallel=10, current_parallel_cap=10, healthy_ram_streak=1/15, tracked_pids=94, free_ram_mb=5106
Queue check: current_jobs=10, allowed_parallel=10, current_parallel_cap=10, healthy_ram_streak=2/15, tracked_pids=94, free_ram_mb=5099
Queue check: current_jobs=10, allowed_parallel=10, current_parallel_cap=10, healthy_ram_streak=3/15, tracked_pids=94, free_ram_mb=5145
Queue check: current_jobs=10, allowed_parallel=10, current_parallel_cap=10, healthy_ram_streak=4/15, tracked_pids=94, free_ram_mb=5091
Queue check: current_jobs=10, allowed_parallel=10, current_parallel_cap=10, healthy_ram_streak=5/15, tracked_pids=94, free_ram_mb=5089
Queue check: current_jobs=10, allowed_parallel=10, current_parallel_cap=10, healthy_ram_streak=6/15, tracked_pids=94, free_ram_mb=5108
Queue check: current_jobs=10, allowed_parallel=10, current_parallel_cap=10, healthy_ram_streak=7/15, tracked_pids=94, free_ram_mb=5108
Queue check: current_jobs=10, allowed_parallel=10, current_parallel_cap=10, healthy_ram_streak=8/15, tracked_pids=94, free_ram_mb=5107
Queue check: current_jobs=10, allowed_parallel=10, current_parallel_cap=10, healthy_ram_streak=9/15, tracked_pids=94, free_ram_mb=6269
Queue check: current_jobs=10, allowed_parallel=10, current_parallel_cap=10, healthy_ram_streak=10/15, tracked_pids=94, free_ram_mb=5115
Queue check: current_jobs=10, allowed_parallel=10, current_parallel_cap=10, healthy_ram_streak=11/15, tracked_pids=94, free_ram_mb=5104
Queue check: current_jobs=10, allowed_parallel=10, current_parallel_cap=10, healthy_ram_streak=12/15, tracked_pids=94, free_ram_mb=5112
Queue check: current_jobs=10, allowed_parallel=10, current_parallel_cap=10, healthy_ram_streak=13/15, tracked_pids=94, free_ram_mb=5077
Queue check: current_jobs=10, allowed_parallel=10, current_parallel_cap=10, healthy_ram_streak=14/15, tracked_pids=94, free_ram_mb=5098
Queue check: current_jobs=10, allowed_parallel=10, current_parallel_cap=10, healthy_ram_streak=0/15, tracked_pids=94, free_ram_mb=5108
Queue check: current_jobs=10, allowed_parallel=10, current_parallel_cap=10, healthy_ram_streak=1/15, tracked_pids=94, free_ram_mb=5114
Queue check: current_jobs=10, allowed_parallel=10, current_parallel_cap=10, healthy_ram_streak=2/15, tracked_pids=94, free_ram_mb=5100
Queue check: current_jobs=10, allowed_parallel=10, current_parallel_cap=10, healthy_ram_streak=3/15, tracked_pids=94, free_ram_mb=5136
Queue check: current_jobs=10, allowed_parallel=10, current_parallel_cap=10, healthy_ram_streak=4/15, tracked_pids=94, free_ram_mb=5111
Queue check: current_jobs=10, allowed_parallel=10, current_parallel_cap=10, healthy_ram_streak=5/15, tracked_pids=94, free_ram_mb=5106
Queue check: current_jobs=10, allowed_parallel=10, current_parallel_cap=10, healthy_ram_streak=6/15, tracked_pids=94, free_ram_mb=5098
Queue check: current_jobs=10, allowed_parallel=10, current_parallel_cap=10, healthy_ram_streak=7/15, tracked_pids=94, free_ram_mb=5101
Queue check: current_jobs=10, allowed_parallel=10, current_parallel_cap=10, healthy_ram_streak=8/15, tracked_pids=94, free_ram_mb=5109
Queue check: current_jobs=10, allowed_parallel=10, current_parallel_cap=10, healthy_ram_streak=9/15, tracked_pids=94, free_ram_mb=5099
Queue check: current_jobs=10, allowed_parallel=10, current_parallel_cap=10, healthy_ram_streak=10/15, tracked_pids=94, free_ram_mb=5116
Queue check: current_jobs=10, allowed_parallel=10, current_parallel_cap=10, healthy_ram_streak=11/15, tracked_pids=94, free_ram_mb=5109
Queue check: current_jobs=10, allowed_parallel=10, current_parallel_cap=10, healthy_ram_streak=12/15, tracked_pids=94, free_ram_mb=5112
Queue check: current_jobs=10, allowed_parallel=10, current_parallel_cap=10, healthy_ram_streak=13/15, tracked_pids=94, free_ram_mb=5123
Queue check: current_jobs=10, allowed_parallel=10, current_parallel_cap=10, healthy_ram_streak=14/15, tracked_pids=94, free_ram_mb=5107
Queue check: current_jobs=10, allowed_parallel=10, current_parallel_cap=10, healthy_ram_streak=0/15, tracked_pids=94, free_ram_mb=5102
Queue check: current_jobs=10, allowed_parallel=10, current_parallel_cap=10, healthy_ram_streak=1/15, tracked_pids=94, free_ram_mb=5113
Queue check: current_jobs=10, allowed_parallel=10, current_parallel_cap=10, healthy_ram_streak=2/15, tracked_pids=94, free_ram_mb=5127
Queue check: current_jobs=10, allowed_parallel=10, current_parallel_cap=10, healthy_ram_streak=3/15, tracked_pids=94, free_ram_mb=5103
Queue check: current_jobs=10, allowed_parallel=10, current_parallel_cap=10, healthy_ram_streak=4/15, tracked_pids=94, free_ram_mb=5114
Queue check: current_jobs=10, allowed_parallel=10, current_parallel_cap=10, healthy_ram_streak=5/15, tracked_pids=94, free_ram_mb=5097
Queue check: current_jobs=10, allowed_parallel=10, current_parallel_cap=10, healthy_ram_streak=6/15, tracked_pids=94, free_ram_mb=5066
Queue check: current_jobs=10, allowed_parallel=10, current_parallel_cap=10, healthy_ram_streak=7/15, tracked_pids=94, free_ram_mb=5098
Queue check: current_jobs=10, allowed_parallel=10, current_parallel_cap=10, healthy_ram_streak=8/15, tracked_pids=94, free_ram_mb=5075
Queue check: current_jobs=10, allowed_parallel=10, current_parallel_cap=10, healthy_ram_streak=9/15, tracked_pids=94, free_ram_mb=5123
Queue check: current_jobs=10, allowed_parallel=10, current_parallel_cap=10, healthy_ram_streak=10/15, tracked_pids=94, free_ram_mb=5104
Queue check: current_jobs=10, allowed_parallel=10, current_parallel_cap=10, healthy_ram_streak=11/15, tracked_pids=94, free_ram_mb=5166
Queue check: current_jobs=10, allowed_parallel=10, current_parallel_cap=10, healthy_ram_streak=12/15, tracked_pids=94, free_ram_mb=5116
Queue check: current_jobs=10, allowed_parallel=10, current_parallel_cap=10, healthy_ram_streak=13/15, tracked_pids=94, free_ram_mb=5120
Queue check: current_jobs=10, allowed_parallel=10, current_parallel_cap=10, healthy_ram_streak=14/15, tracked_pids=94, free_ram_mb=5092
Queue check: current_jobs=10, allowed_parallel=10, current_parallel_cap=10, healthy_ram_streak=0/15, tracked_pids=94, free_ram_mb=5110
Queue check: current_jobs=10, allowed_parallel=10, current_parallel_cap=10, healthy_ram_streak=1/15, tracked_pids=94, free_ram_mb=5098
Queue check: current_jobs=10, allowed_parallel=10, current_parallel_cap=10, healthy_ram_streak=2/15, tracked_pids=94, free_ram_mb=5089
Queue check: current_jobs=10, allowed_parallel=10, current_parallel_cap=10, healthy_ram_streak=3/15, tracked_pids=94, free_ram_mb=5101
Queue check: current_jobs=10, allowed_parallel=10, current_parallel_cap=10, healthy_ram_streak=4/15, tracked_pids=94, free_ram_mb=5118
Queue check: current_jobs=10, allowed_parallel=10, current_parallel_cap=10, healthy_ram_streak=5/15, tracked_pids=94, free_ram_mb=5094
Queue check: current_jobs=10, allowed_parallel=10, current_parallel_cap=10, healthy_ram_streak=6/15, tracked_pids=94, free_ram_mb=5089
Queue check: current_jobs=10, allowed_parallel=10, current_parallel_cap=10, healthy_ram_streak=7/15, tracked_pids=94, free_ram_mb=5091
Queue check: current_jobs=10, allowed_parallel=10, current_parallel_cap=10, healthy_ram_streak=8/15, tracked_pids=94, free_ram_mb=5088
Queue check: current_jobs=10, allowed_parallel=10, current_parallel_cap=10, healthy_ram_streak=9/15, tracked_pids=94, free_ram_mb=5104
Queue check: current_jobs=10, allowed_parallel=10, current_parallel_cap=10, healthy_ram_streak=10/15, tracked_pids=94, free_ram_mb=5102
Queue check: current_jobs=10, allowed_parallel=10, current_parallel_cap=10, healthy_ram_streak=11/15, tracked_pids=94, free_ram_mb=5086
Queue check: current_jobs=10, allowed_parallel=10, current_parallel_cap=10, healthy_ram_streak=12/15, tracked_pids=94, free_ram_mb=5114
Queue check: current_jobs=10, allowed_parallel=10, current_parallel_cap=10, healthy_ram_streak=13/15, tracked_pids=94, free_ram_mb=5074
Queue check: current_jobs=10, allowed_parallel=10, current_parallel_cap=10, healthy_ram_streak=14/15, tracked_pids=94, free_ram_mb=5100
Queue check: current_jobs=10, allowed_parallel=10, current_parallel_cap=10, healthy_ram_streak=0/15, tracked_pids=94, free_ram_mb=5102
Queue check: current_jobs=10, allowed_parallel=10, current_parallel_cap=10, healthy_ram_streak=1/15, tracked_pids=94, free_ram_mb=5104
Queue check: current_jobs=10, allowed_parallel=10, current_parallel_cap=10, healthy_ram_streak=2/15, tracked_pids=94, free_ram_mb=5538
Queue check: current_jobs=10, allowed_parallel=10, current_parallel_cap=10, healthy_ram_streak=3/15, tracked_pids=94, free_ram_mb=5100
Queue check: current_jobs=10, allowed_parallel=10, current_parallel_cap=10, healthy_ram_streak=4/15, tracked_pids=94, free_ram_mb=5095
Queue check: current_jobs=10, allowed_parallel=10, current_parallel_cap=10, healthy_ram_streak=5/15, tracked_pids=94, free_ram_mb=5110
Queue check: current_jobs=10, allowed_parallel=10, current_parallel_cap=10, healthy_ram_streak=6/15, tracked_pids=94, free_ram_mb=5091
Queue check: current_jobs=10, allowed_parallel=10, current_parallel_cap=10, healthy_ram_streak=7/15, tracked_pids=94, free_ram_mb=5099
Queue check: current_jobs=10, allowed_parallel=10, current_parallel_cap=10, healthy_ram_streak=8/15, tracked_pids=94, free_ram_mb=5081
Queue check: current_jobs=10, allowed_parallel=10, current_parallel_cap=10, healthy_ram_streak=9/15, tracked_pids=94, free_ram_mb=5098
Queue check: current_jobs=10, allowed_parallel=10, current_parallel_cap=10, healthy_ram_streak=10/15, tracked_pids=94, free_ram_mb=5094
Queue check: current_jobs=10, allowed_parallel=10, current_parallel_cap=10, healthy_ram_streak=11/15, tracked_pids=94, free_ram_mb=5105
Queue check: current_jobs=10, allowed_parallel=10, current_parallel_cap=10, healthy_ram_streak=12/15, tracked_pids=94, free_ram_mb=5104
Queue check: current_jobs=10, allowed_parallel=10, current_parallel_cap=10, healthy_ram_streak=13/15, tracked_pids=94, free_ram_mb=5109
Queue check: current_jobs=10, allowed_parallel=10, current_parallel_cap=10, healthy_ram_streak=14/15, tracked_pids=94, free_ram_mb=5110
Queue check: current_jobs=10, allowed_parallel=10, current_parallel_cap=10, healthy_ram_streak=0/15, tracked_pids=94, free_ram_mb=5107
Queue check: current_jobs=10, allowed_parallel=10, current_parallel_cap=10, healthy_ram_streak=1/15, tracked_pids=94, free_ram_mb=5106
Queue check: current_jobs=10, allowed_parallel=10, current_parallel_cap=10, healthy_ram_streak=2/15, tracked_pids=94, free_ram_mb=5104
Queue check: current_jobs=10, allowed_parallel=10, current_parallel_cap=10, healthy_ram_streak=3/15, tracked_pids=94, free_ram_mb=5119
Queue check: current_jobs=10, allowed_parallel=10, current_parallel_cap=10, healthy_ram_streak=4/15, tracked_pids=94, free_ram_mb=5104
Queue check: current_jobs=10, allowed_parallel=10, current_parallel_cap=10, healthy_ram_streak=5/15, tracked_pids=94, free_ram_mb=5107
Queue check: current_jobs=10, allowed_parallel=10, current_parallel_cap=10, healthy_ram_streak=6/15, tracked_pids=94, free_ram_mb=5063
Queue check: current_jobs=10, allowed_parallel=10, current_parallel_cap=10, healthy_ram_streak=7/15, tracked_pids=94, free_ram_mb=5104
Queue check: current_jobs=10, allowed_parallel=10, current_parallel_cap=10, healthy_ram_streak=8/15, tracked_pids=94, free_ram_mb=5100
Queue check: current_jobs=10, allowed_parallel=10, current_parallel_cap=10, healthy_ram_streak=9/15, tracked_pids=94, free_ram_mb=5111
Queue check: current_jobs=10, allowed_parallel=10, current_parallel_cap=10, healthy_ram_streak=10/15, tracked_pids=94, free_ram_mb=5098
Queue check: current_jobs=10, allowed_parallel=10, current_parallel_cap=10, healthy_ram_streak=11/15, tracked_pids=94, free_ram_mb=5101
Queue check: current_jobs=10, allowed_parallel=10, current_parallel_cap=10, healthy_ram_streak=12/15, tracked_pids=94, free_ram_mb=5105
Queue check: current_jobs=10, allowed_parallel=10, current_parallel_cap=10, healthy_ram_streak=13/15, tracked_pids=94, free_ram_mb=5091
Queue check: current_jobs=10, allowed_parallel=10, current_parallel_cap=10, healthy_ram_streak=14/15, tracked_pids=94, free_ram_mb=5101
Queue check: current_jobs=10, allowed_parallel=10, current_parallel_cap=10, healthy_ram_streak=0/15, tracked_pids=94, free_ram_mb=5106
Queue check: current_jobs=10, allowed_parallel=10, current_parallel_cap=10, healthy_ram_streak=1/15, tracked_pids=94, free_ram_mb=5102
Queue check: current_jobs=10, allowed_parallel=10, current_parallel_cap=10, healthy_ram_streak=2/15, tracked_pids=94, free_ram_mb=5100
Queue check: current_jobs=10, allowed_parallel=10, current_parallel_cap=10, healthy_ram_streak=3/15, tracked_pids=94, free_ram_mb=5123
Queue check: current_jobs=10, allowed_parallel=10, current_parallel_cap=10, healthy_ram_streak=4/15, tracked_pids=94, free_ram_mb=5105
Queue check: current_jobs=10, allowed_parallel=10, current_parallel_cap=10, healthy_ram_streak=5/15, tracked_pids=94, free_ram_mb=5105
Queue check: current_jobs=10, allowed_parallel=10, current_parallel_cap=10, healthy_ram_streak=6/15, tracked_pids=94, free_ram_mb=5082
Queue check: current_jobs=10, allowed_parallel=10, current_parallel_cap=10, healthy_ram_streak=7/15, tracked_pids=94, free_ram_mb=5110
Queue check: current_jobs=10, allowed_parallel=10, current_parallel_cap=10, healthy_ram_streak=8/15, tracked_pids=94, free_ram_mb=5099
Queue check: current_jobs=10, allowed_parallel=10, current_parallel_cap=10, healthy_ram_streak=9/15, tracked_pids=94, free_ram_mb=5085
Queue check: current_jobs=10, allowed_parallel=10, current_parallel_cap=10, healthy_ram_streak=10/15, tracked_pids=94, free_ram_mb=5099
Queue check: current_jobs=10, allowed_parallel=10, current_parallel_cap=10, healthy_ram_streak=11/15, tracked_pids=94, free_ram_mb=5116
Queue check: current_jobs=10, allowed_parallel=10, current_parallel_cap=10, healthy_ram_streak=12/15, tracked_pids=94, free_ram_mb=5111
Queue check: current_jobs=10, allowed_parallel=10, current_parallel_cap=10, healthy_ram_streak=13/15, tracked_pids=94, free_ram_mb=5098
Queue check: current_jobs=10, allowed_parallel=10, current_parallel_cap=10, healthy_ram_streak=14/15, tracked_pids=94, free_ram_mb=5108
Queue check: current_jobs=10, allowed_parallel=10, current_parallel_cap=10, healthy_ram_streak=0/15, tracked_pids=94, free_ram_mb=5105
Queue check: current_jobs=10, allowed_parallel=10, current_parallel_cap=10, healthy_ram_streak=1/15, tracked_pids=94, free_ram_mb=5097
Queue check: current_jobs=10, allowed_parallel=10, current_parallel_cap=10, healthy_ram_streak=2/15, tracked_pids=94, free_ram_mb=5106
Queue check: current_jobs=10, allowed_parallel=10, current_parallel_cap=10, healthy_ram_streak=3/15, tracked_pids=94, free_ram_mb=5108
Queue check: current_jobs=10, allowed_parallel=10, current_parallel_cap=10, healthy_ram_streak=4/15, tracked_pids=94, free_ram_mb=5100
Queue check: current_jobs=10, allowed_parallel=10, current_parallel_cap=10, healthy_ram_streak=5/15, tracked_pids=94, free_ram_mb=5095
Queue check: current_jobs=10, allowed_parallel=10, current_parallel_cap=10, healthy_ram_streak=6/15, tracked_pids=94, free_ram_mb=5110
Queue check: current_jobs=10, allowed_parallel=10, current_parallel_cap=10, healthy_ram_streak=7/15, tracked_pids=94, free_ram_mb=5119
Queue check: current_jobs=10, allowed_parallel=10, current_parallel_cap=10, healthy_ram_streak=8/15, tracked_pids=94, free_ram_mb=5098
Queue check: current_jobs=10, allowed_parallel=10, current_parallel_cap=10, healthy_ram_streak=9/15, tracked_pids=94, free_ram_mb=5099
Queue check: current_jobs=10, allowed_parallel=10, current_parallel_cap=10, healthy_ram_streak=10/15, tracked_pids=94, free_ram_mb=5101
Queue check: current_jobs=10, allowed_parallel=10, current_parallel_cap=10, healthy_ram_streak=11/15, tracked_pids=94, free_ram_mb=5098
Queue check: current_jobs=10, allowed_parallel=10, current_parallel_cap=10, healthy_ram_streak=12/15, tracked_pids=94, free_ram_mb=5093
Queue check: current_jobs=10, allowed_parallel=10, current_parallel_cap=10, healthy_ram_streak=13/15, tracked_pids=94, free_ram_mb=5108
Queue check: current_jobs=10, allowed_parallel=10, current_parallel_cap=10, healthy_ram_streak=14/15, tracked_pids=94, free_ram_mb=5101
Queue check: current_jobs=10, allowed_parallel=10, current_parallel_cap=10, healthy_ram_streak=0/15, tracked_pids=94, free_ram_mb=5104
Queue check: current_jobs=10, allowed_parallel=10, current_parallel_cap=10, healthy_ram_streak=1/15, tracked_pids=94, free_ram_mb=5110
Queue check: current_jobs=10, allowed_parallel=10, current_parallel_cap=10, healthy_ram_streak=2/15, tracked_pids=94, free_ram_mb=5101
Queue check: current_jobs=10, allowed_parallel=10, current_parallel_cap=10, healthy_ram_streak=3/15, tracked_pids=94, free_ram_mb=5113
Queue check: current_jobs=10, allowed_parallel=10, current_parallel_cap=10, healthy_ram_streak=4/15, tracked_pids=94, free_ram_mb=5109
Queue check: current_jobs=10, allowed_parallel=10, current_parallel_cap=10, healthy_ram_streak=5/15, tracked_pids=94, free_ram_mb=5066
Queue check: current_jobs=10, allowed_parallel=10, current_parallel_cap=10, healthy_ram_streak=6/15, tracked_pids=94, free_ram_mb=5107
Queue check: current_jobs=10, allowed_parallel=10, current_parallel_cap=10, healthy_ram_streak=7/15, tracked_pids=94, free_ram_mb=5107
Queue check: current_jobs=10, allowed_parallel=10, current_parallel_cap=10, healthy_ram_streak=8/15, tracked_pids=94, free_ram_mb=5091
Queue check: current_jobs=10, allowed_parallel=10, current_parallel_cap=10, healthy_ram_streak=9/15, tracked_pids=94, free_ram_mb=5090
Queue check: current_jobs=10, allowed_parallel=10, current_parallel_cap=10, healthy_ram_streak=10/15, tracked_pids=94, free_ram_mb=5107
Queue check: current_jobs=10, allowed_parallel=10, current_parallel_cap=10, healthy_ram_streak=11/15, tracked_pids=94, free_ram_mb=5098
Queue check: current_jobs=10, allowed_parallel=10, current_parallel_cap=10, healthy_ram_streak=12/15, tracked_pids=94, free_ram_mb=5115
Queue check: current_jobs=10, allowed_parallel=10, current_parallel_cap=10, healthy_ram_streak=13/15, tracked_pids=94, free_ram_mb=5103
Queue check: current_jobs=10, allowed_parallel=10, current_parallel_cap=10, healthy_ram_streak=14/15, tracked_pids=94, free_ram_mb=5108
Queue check: current_jobs=10, allowed_parallel=10, current_parallel_cap=10, healthy_ram_streak=0/15, tracked_pids=94, free_ram_mb=5093
Queue check: current_jobs=10, allowed_parallel=10, current_parallel_cap=10, healthy_ram_streak=1/15, tracked_pids=94, free_ram_mb=5113
Queue check: current_jobs=10, allowed_parallel=10, current_parallel_cap=10, healthy_ram_streak=2/15, tracked_pids=94, free_ram_mb=5102
Queue check: current_jobs=10, allowed_parallel=10, current_parallel_cap=10, healthy_ram_streak=3/15, tracked_pids=94, free_ram_mb=5111
Queue check: current_jobs=10, allowed_parallel=10, current_parallel_cap=10, healthy_ram_streak=4/15, tracked_pids=94, free_ram_mb=5100
Queue check: current_jobs=10, allowed_parallel=10, current_parallel_cap=10, healthy_ram_streak=5/15, tracked_pids=94, free_ram_mb=5109
Queue check: current_jobs=10, allowed_parallel=10, current_parallel_cap=10, healthy_ram_streak=6/15, tracked_pids=94, free_ram_mb=5100
Queue check: current_jobs=10, allowed_parallel=10, current_parallel_cap=10, healthy_ram_streak=7/15, tracked_pids=94, free_ram_mb=5134
Queue check: current_jobs=10, allowed_parallel=10, current_parallel_cap=10, healthy_ram_streak=8/15, tracked_pids=94, free_ram_mb=5109
Queue check: current_jobs=10, allowed_parallel=10, current_parallel_cap=10, healthy_ram_streak=9/15, tracked_pids=94, free_ram_mb=5116
Queue check: current_jobs=10, allowed_parallel=10, current_parallel_cap=10, healthy_ram_streak=10/15, tracked_pids=94, free_ram_mb=5115
Queue check: current_jobs=10, allowed_parallel=10, current_parallel_cap=10, healthy_ram_streak=11/15, tracked_pids=94, free_ram_mb=5106
Queue check: current_jobs=10, allowed_parallel=10, current_parallel_cap=10, healthy_ram_streak=12/15, tracked_pids=94, free_ram_mb=5099
Queue check: current_jobs=10, allowed_parallel=10, current_parallel_cap=10, healthy_ram_streak=13/15, tracked_pids=94, free_ram_mb=5098
Queue check: current_jobs=10, allowed_parallel=10, current_parallel_cap=10, healthy_ram_streak=14/15, tracked_pids=94, free_ram_mb=5112
Queue check: current_jobs=10, allowed_parallel=10, current_parallel_cap=10, healthy_ram_streak=0/15, tracked_pids=94, free_ram_mb=5095
Queue check: current_jobs=10, allowed_parallel=10, current_parallel_cap=10, healthy_ram_streak=1/15, tracked_pids=94, free_ram_mb=5102
Queue check: current_jobs=10, allowed_parallel=10, current_parallel_cap=10, healthy_ram_streak=2/15, tracked_pids=94, free_ram_mb=5100
Queue check: current_jobs=10, allowed_parallel=10, current_parallel_cap=10, healthy_ram_streak=3/15, tracked_pids=94, free_ram_mb=5102
Queue check: current_jobs=10, allowed_parallel=10, current_parallel_cap=10, healthy_ram_streak=4/15, tracked_pids=94, free_ram_mb=5099
Queue check: current_jobs=10, allowed_parallel=10, current_parallel_cap=10, healthy_ram_streak=5/15, tracked_pids=94, free_ram_mb=5132
Queue check: current_jobs=10, allowed_parallel=10, current_parallel_cap=10, healthy_ram_streak=6/15, tracked_pids=94, free_ram_mb=5102
Queue check: current_jobs=10, allowed_parallel=10, current_parallel_cap=10, healthy_ram_streak=7/15, tracked_pids=94, free_ram_mb=5110
Queue check: current_jobs=9, allowed_parallel=10, current_parallel_cap=10, healthy_ram_streak=8/15, tracked_pids=94, free_ram_mb=5186
Starting job: n=8, p=4, iterations=100, score=12800, chip=Apple M4, python_bin=/opt/homebrew/Caskroom/miniconda/base/envs/MasterThesis/bin/python, free_ram_mb=5204, allowed_parallel=10, current_parallel_cap=10, healthy_ram_streak=8/15, tracked_jobs=9
Launched PID: 15993; current_parallel_cap=10
Queue check: current_jobs=10, allowed_parallel=10, current_parallel_cap=10, healthy_ram_streak=9/15, tracked_pids=95, free_ram_mb=5168
Queue check: current_jobs=10, allowed_parallel=10, current_parallel_cap=10, healthy_ram_streak=10/15, tracked_pids=95, free_ram_mb=5157
Queue check: current_jobs=9, allowed_parallel=10, current_parallel_cap=10, healthy_ram_streak=11/15, tracked_pids=95, free_ram_mb=5171
Starting job: n=11, p=2, iterations=300, score=13200, chip=Apple M4, python_bin=/opt/homebrew/Caskroom/miniconda/base/envs/MasterThesis/bin/python, free_ram_mb=5169, allowed_parallel=10, current_parallel_cap=10, healthy_ram_streak=11/15, tracked_jobs=9
Launched PID: 16274; current_parallel_cap=10
Queue check: current_jobs=10, allowed_parallel=10, current_parallel_cap=10, healthy_ram_streak=12/15, tracked_pids=96, free_ram_mb=5157
Queue check: current_jobs=10, allowed_parallel=10, current_parallel_cap=10, healthy_ram_streak=13/15, tracked_pids=96, free_ram_mb=5159
Queue check: current_jobs=10, allowed_parallel=10, current_parallel_cap=10, healthy_ram_streak=14/15, tracked_pids=96, free_ram_mb=5102
Queue check: current_jobs=10, allowed_parallel=10, current_parallel_cap=10, healthy_ram_streak=0/15, tracked_pids=96, free_ram_mb=5110
Queue check: current_jobs=10, allowed_parallel=10, current_parallel_cap=10, healthy_ram_streak=1/15, tracked_pids=96, free_ram_mb=5115
Queue check: current_jobs=10, allowed_parallel=10, current_parallel_cap=10, healthy_ram_streak=2/15, tracked_pids=96, free_ram_mb=5109
Queue check: current_jobs=10, allowed_parallel=10, current_parallel_cap=10, healthy_ram_streak=3/15, tracked_pids=96, free_ram_mb=5103
Queue check: current_jobs=10, allowed_parallel=10, current_parallel_cap=10, healthy_ram_streak=4/15, tracked_pids=96, free_ram_mb=5113
Queue check: current_jobs=10, allowed_parallel=10, current_parallel_cap=10, healthy_ram_streak=5/15, tracked_pids=96, free_ram_mb=5112
Queue check: current_jobs=10, allowed_parallel=10, current_parallel_cap=10, healthy_ram_streak=6/15, tracked_pids=96, free_ram_mb=5084
Queue check: current_jobs=10, allowed_parallel=10, current_parallel_cap=10, healthy_ram_streak=7/15, tracked_pids=96, free_ram_mb=5095
Queue check: current_jobs=10, allowed_parallel=10, current_parallel_cap=10, healthy_ram_streak=8/15, tracked_pids=96, free_ram_mb=5116
Queue check: current_jobs=10, allowed_parallel=10, current_parallel_cap=10, healthy_ram_streak=9/15, tracked_pids=96, free_ram_mb=5101
Queue check: current_jobs=10, allowed_parallel=10, current_parallel_cap=10, healthy_ram_streak=10/15, tracked_pids=96, free_ram_mb=5101
Queue check: current_jobs=10, allowed_parallel=10, current_parallel_cap=10, healthy_ram_streak=11/15, tracked_pids=96, free_ram_mb=5106
Queue check: current_jobs=10, allowed_parallel=10, current_parallel_cap=10, healthy_ram_streak=12/15, tracked_pids=96, free_ram_mb=5106
Queue check: current_jobs=10, allowed_parallel=10, current_parallel_cap=10, healthy_ram_streak=13/15, tracked_pids=96, free_ram_mb=5112
Queue check: current_jobs=10, allowed_parallel=10, current_parallel_cap=10, healthy_ram_streak=14/15, tracked_pids=96, free_ram_mb=5106
Queue check: current_jobs=10, allowed_parallel=10, current_parallel_cap=10, healthy_ram_streak=0/15, tracked_pids=96, free_ram_mb=5111
Queue check: current_jobs=10, allowed_parallel=10, current_parallel_cap=10, healthy_ram_streak=1/15, tracked_pids=96, free_ram_mb=5093
Queue check: current_jobs=10, allowed_parallel=10, current_parallel_cap=10, healthy_ram_streak=2/15, tracked_pids=96, free_ram_mb=5113
Queue check: current_jobs=10, allowed_parallel=10, current_parallel_cap=10, healthy_ram_streak=3/15, tracked_pids=96, free_ram_mb=5106
Queue check: current_jobs=10, allowed_parallel=10, current_parallel_cap=10, healthy_ram_streak=4/15, tracked_pids=96, free_ram_mb=5105
Queue check: current_jobs=10, allowed_parallel=10, current_parallel_cap=10, healthy_ram_streak=5/15, tracked_pids=96, free_ram_mb=5104
Queue check: current_jobs=10, allowed_parallel=10, current_parallel_cap=10, healthy_ram_streak=6/15, tracked_pids=96, free_ram_mb=5089
Queue check: current_jobs=10, allowed_parallel=10, current_parallel_cap=10, healthy_ram_streak=7/15, tracked_pids=96, free_ram_mb=5126
Queue check: current_jobs=10, allowed_parallel=10, current_parallel_cap=10, healthy_ram_streak=8/15, tracked_pids=96, free_ram_mb=5116
Queue check: current_jobs=10, allowed_parallel=10, current_parallel_cap=10, healthy_ram_streak=9/15, tracked_pids=96, free_ram_mb=5109
Queue check: current_jobs=10, allowed_parallel=10, current_parallel_cap=10, healthy_ram_streak=10/15, tracked_pids=96, free_ram_mb=5106
Queue check: current_jobs=10, allowed_parallel=10, current_parallel_cap=10, healthy_ram_streak=11/15, tracked_pids=96, free_ram_mb=5098
Queue check: current_jobs=10, allowed_parallel=10, current_parallel_cap=10, healthy_ram_streak=12/15, tracked_pids=96, free_ram_mb=5104
Queue check: current_jobs=10, allowed_parallel=10, current_parallel_cap=10, healthy_ram_streak=13/15, tracked_pids=96, free_ram_mb=5105
Queue check: current_jobs=10, allowed_parallel=10, current_parallel_cap=10, healthy_ram_streak=14/15, tracked_pids=96, free_ram_mb=5074
Queue check: current_jobs=10, allowed_parallel=10, current_parallel_cap=10, healthy_ram_streak=0/15, tracked_pids=96, free_ram_mb=5114
Queue check: current_jobs=10, allowed_parallel=10, current_parallel_cap=10, healthy_ram_streak=1/15, tracked_pids=96, free_ram_mb=5093
Queue check: current_jobs=10, allowed_parallel=10, current_parallel_cap=10, healthy_ram_streak=2/15, tracked_pids=96, free_ram_mb=5117
Queue check: current_jobs=10, allowed_parallel=10, current_parallel_cap=10, healthy_ram_streak=3/15, tracked_pids=96, free_ram_mb=5109
Queue check: current_jobs=10, allowed_parallel=10, current_parallel_cap=10, healthy_ram_streak=4/15, tracked_pids=96, free_ram_mb=5113
Queue check: current_jobs=10, allowed_parallel=10, current_parallel_cap=10, healthy_ram_streak=5/15, tracked_pids=96, free_ram_mb=5124
Queue check: current_jobs=10, allowed_parallel=10, current_parallel_cap=10, healthy_ram_streak=6/15, tracked_pids=96, free_ram_mb=5116
Queue check: current_jobs=10, allowed_parallel=10, current_parallel_cap=10, healthy_ram_streak=7/15, tracked_pids=96, free_ram_mb=5145
Queue check: current_jobs=10, allowed_parallel=10, current_parallel_cap=10, healthy_ram_streak=8/15, tracked_pids=96, free_ram_mb=5118
Queue check: current_jobs=10, allowed_parallel=10, current_parallel_cap=10, healthy_ram_streak=9/15, tracked_pids=96, free_ram_mb=5108
Queue check: current_jobs=10, allowed_parallel=10, current_parallel_cap=10, healthy_ram_streak=10/15, tracked_pids=96, free_ram_mb=5119
Queue check: current_jobs=10, allowed_parallel=10, current_parallel_cap=10, healthy_ram_streak=11/15, tracked_pids=96, free_ram_mb=5125
Queue check: current_jobs=10, allowed_parallel=10, current_parallel_cap=10, healthy_ram_streak=12/15, tracked_pids=96, free_ram_mb=5110
Queue check: current_jobs=10, allowed_parallel=10, current_parallel_cap=10, healthy_ram_streak=13/15, tracked_pids=96, free_ram_mb=5100
Queue check: current_jobs=10, allowed_parallel=10, current_parallel_cap=10, healthy_ram_streak=14/15, tracked_pids=96, free_ram_mb=5077
Queue check: current_jobs=10, allowed_parallel=10, current_parallel_cap=10, healthy_ram_streak=0/15, tracked_pids=96, free_ram_mb=5094
Queue check: current_jobs=10, allowed_parallel=10, current_parallel_cap=10, healthy_ram_streak=1/15, tracked_pids=96, free_ram_mb=5129
Queue check: current_jobs=10, allowed_parallel=10, current_parallel_cap=10, healthy_ram_streak=2/15, tracked_pids=96, free_ram_mb=5099
Queue check: current_jobs=10, allowed_parallel=10, current_parallel_cap=10, healthy_ram_streak=3/15, tracked_pids=96, free_ram_mb=5101
Queue check: current_jobs=10, allowed_parallel=10, current_parallel_cap=10, healthy_ram_streak=4/15, tracked_pids=96, free_ram_mb=5101
Queue check: current_jobs=9, allowed_parallel=10, current_parallel_cap=10, healthy_ram_streak=5/15, tracked_pids=96, free_ram_mb=5563
Starting job: n=5, p=3, iterations=300, score=13500, chip=Apple M4, python_bin=/opt/homebrew/Caskroom/miniconda/base/envs/MasterThesis/bin/python, free_ram_mb=5149, allowed_parallel=10, current_parallel_cap=10, healthy_ram_streak=5/15, tracked_jobs=9
Launched PID: 19742; current_parallel_cap=10
Queue check: current_jobs=10, allowed_parallel=10, current_parallel_cap=10, healthy_ram_streak=6/15, tracked_pids=97, free_ram_mb=5108
Queue check: current_jobs=9, allowed_parallel=10, current_parallel_cap=10, healthy_ram_streak=7/15, tracked_pids=97, free_ram_mb=5171
Starting job: n=3, p=3, iterations=500, score=13500, chip=Apple M4, python_bin=/opt/homebrew/Caskroom/miniconda/base/envs/MasterThesis/bin/python, free_ram_mb=5153, allowed_parallel=10, current_parallel_cap=10, healthy_ram_streak=7/15, tracked_jobs=9
Launched PID: 19962; current_parallel_cap=10
Queue check: current_jobs=10, allowed_parallel=10, current_parallel_cap=10, healthy_ram_streak=8/15, tracked_pids=98, free_ram_mb=5190
Queue check: current_jobs=9, allowed_parallel=10, current_parallel_cap=10, healthy_ram_streak=9/15, tracked_pids=98, free_ram_mb=5137
Starting job: n=7, p=2, iterations=500, score=14000, chip=Apple M4, python_bin=/opt/homebrew/Caskroom/miniconda/base/envs/MasterThesis/bin/python, free_ram_mb=5146, allowed_parallel=10, current_parallel_cap=10, healthy_ram_streak=9/15, tracked_jobs=9
Launched PID: 20182; current_parallel_cap=10
Queue check: current_jobs=10, allowed_parallel=10, current_parallel_cap=10, healthy_ram_streak=10/15, tracked_pids=99, free_ram_mb=5176
Queue check: current_jobs=9, allowed_parallel=10, current_parallel_cap=10, healthy_ram_streak=11/15, tracked_pids=99, free_ram_mb=5159
Starting job: n=9, p=4, iterations=100, score=14400, chip=Apple M4, python_bin=/opt/homebrew/Caskroom/miniconda/base/envs/MasterThesis/bin/python, free_ram_mb=5171, allowed_parallel=10, current_parallel_cap=10, healthy_ram_streak=11/15, tracked_jobs=9
Launched PID: 20402; current_parallel_cap=10
Queue check: current_jobs=10, allowed_parallel=10, current_parallel_cap=10, healthy_ram_streak=12/15, tracked_pids=100, free_ram_mb=5147
Queue check: current_jobs=10, allowed_parallel=10, current_parallel_cap=10, healthy_ram_streak=13/15, tracked_pids=100, free_ram_mb=5143
Queue check: current_jobs=10, allowed_parallel=10, current_parallel_cap=10, healthy_ram_streak=14/15, tracked_pids=100, free_ram_mb=5123
Queue check: current_jobs=9, allowed_parallel=10, current_parallel_cap=10, healthy_ram_streak=0/15, tracked_pids=100, free_ram_mb=5164
Starting job: n=12, p=2, iterations=300, score=14400, chip=Apple M4, python_bin=/opt/homebrew/Caskroom/miniconda/base/envs/MasterThesis/bin/python, free_ram_mb=5169, allowed_parallel=10, current_parallel_cap=10, healthy_ram_streak=0/15, tracked_jobs=9
Launched PID: 20749; current_parallel_cap=10
Queue check: current_jobs=10, allowed_parallel=10, current_parallel_cap=10, healthy_ram_streak=1/15, tracked_pids=101, free_ram_mb=5153
Queue check: current_jobs=10, allowed_parallel=10, current_parallel_cap=10, healthy_ram_streak=2/15, tracked_pids=101, free_ram_mb=5122
Queue check: current_jobs=10, allowed_parallel=10, current_parallel_cap=10, healthy_ram_streak=3/15, tracked_pids=101, free_ram_mb=5115
Queue check: current_jobs=10, allowed_parallel=10, current_parallel_cap=10, healthy_ram_streak=4/15, tracked_pids=101, free_ram_mb=5100
Queue check: current_jobs=10, allowed_parallel=10, current_parallel_cap=10, healthy_ram_streak=5/15, tracked_pids=101, free_ram_mb=5097
Queue check: current_jobs=10, allowed_parallel=10, current_parallel_cap=10, healthy_ram_streak=6/15, tracked_pids=101, free_ram_mb=5092
Queue check: current_jobs=10, allowed_parallel=10, current_parallel_cap=10, healthy_ram_streak=7/15, tracked_pids=101, free_ram_mb=5087
Queue check: current_jobs=10, allowed_parallel=10, current_parallel_cap=10, healthy_ram_streak=8/15, tracked_pids=101, free_ram_mb=5103
Queue check: current_jobs=10, allowed_parallel=10, current_parallel_cap=10, healthy_ram_streak=9/15, tracked_pids=101, free_ram_mb=5104
Queue check: current_jobs=10, allowed_parallel=10, current_parallel_cap=10, healthy_ram_streak=10/15, tracked_pids=101, free_ram_mb=5084
Queue check: current_jobs=10, allowed_parallel=10, current_parallel_cap=10, healthy_ram_streak=11/15, tracked_pids=101, free_ram_mb=5111
Queue check: current_jobs=10, allowed_parallel=10, current_parallel_cap=10, healthy_ram_streak=12/15, tracked_pids=101, free_ram_mb=5086
Queue check: current_jobs=10, allowed_parallel=10, current_parallel_cap=10, healthy_ram_streak=13/15, tracked_pids=101, free_ram_mb=5103
Queue check: current_jobs=10, allowed_parallel=10, current_parallel_cap=10, healthy_ram_streak=14/15, tracked_pids=101, free_ram_mb=5094
Queue check: current_jobs=10, allowed_parallel=10, current_parallel_cap=10, healthy_ram_streak=0/15, tracked_pids=101, free_ram_mb=5065
Queue check: current_jobs=10, allowed_parallel=10, current_parallel_cap=10, healthy_ram_streak=1/15, tracked_pids=101, free_ram_mb=5112
Queue check: current_jobs=10, allowed_parallel=10, current_parallel_cap=10, healthy_ram_streak=2/15, tracked_pids=101, free_ram_mb=5101
Queue check: current_jobs=10, allowed_parallel=10, current_parallel_cap=10, healthy_ram_streak=3/15, tracked_pids=101, free_ram_mb=5096
Queue check: current_jobs=10, allowed_parallel=10, current_parallel_cap=10, healthy_ram_streak=4/15, tracked_pids=101, free_ram_mb=5094
Queue check: current_jobs=10, allowed_parallel=10, current_parallel_cap=10, healthy_ram_streak=5/15, tracked_pids=101, free_ram_mb=5113
Queue check: current_jobs=10, allowed_parallel=10, current_parallel_cap=10, healthy_ram_streak=6/15, tracked_pids=101, free_ram_mb=5106
Queue check: current_jobs=10, allowed_parallel=10, current_parallel_cap=10, healthy_ram_streak=7/15, tracked_pids=101, free_ram_mb=5108
Queue check: current_jobs=10, allowed_parallel=10, current_parallel_cap=10, healthy_ram_streak=8/15, tracked_pids=101, free_ram_mb=5102
Queue check: current_jobs=10, allowed_parallel=10, current_parallel_cap=10, healthy_ram_streak=9/15, tracked_pids=101, free_ram_mb=5109
Queue check: current_jobs=10, allowed_parallel=10, current_parallel_cap=10, healthy_ram_streak=10/15, tracked_pids=101, free_ram_mb=5041
Queue check: current_jobs=10, allowed_parallel=10, current_parallel_cap=10, healthy_ram_streak=11/15, tracked_pids=101, free_ram_mb=5094
Queue check: current_jobs=10, allowed_parallel=10, current_parallel_cap=10, healthy_ram_streak=12/15, tracked_pids=101, free_ram_mb=5115
Queue check: current_jobs=10, allowed_parallel=10, current_parallel_cap=10, healthy_ram_streak=13/15, tracked_pids=101, free_ram_mb=5101
Queue check: current_jobs=10, allowed_parallel=10, current_parallel_cap=10, healthy_ram_streak=14/15, tracked_pids=101, free_ram_mb=5107
Queue check: current_jobs=10, allowed_parallel=10, current_parallel_cap=10, healthy_ram_streak=0/15, tracked_pids=101, free_ram_mb=5079
Queue check: current_jobs=10, allowed_parallel=10, current_parallel_cap=10, healthy_ram_streak=1/15, tracked_pids=101, free_ram_mb=5104
Queue check: current_jobs=10, allowed_parallel=10, current_parallel_cap=10, healthy_ram_streak=2/15, tracked_pids=101, free_ram_mb=5099
Queue check: current_jobs=10, allowed_parallel=10, current_parallel_cap=10, healthy_ram_streak=3/15, tracked_pids=101, free_ram_mb=5099
Queue check: current_jobs=10, allowed_parallel=10, current_parallel_cap=10, healthy_ram_streak=4/15, tracked_pids=101, free_ram_mb=5142
Queue check: current_jobs=10, allowed_parallel=10, current_parallel_cap=10, healthy_ram_streak=5/15, tracked_pids=101, free_ram_mb=5108
Queue check: current_jobs=10, allowed_parallel=10, current_parallel_cap=10, healthy_ram_streak=6/15, tracked_pids=101, free_ram_mb=5097
Queue check: current_jobs=10, allowed_parallel=10, current_parallel_cap=10, healthy_ram_streak=7/15, tracked_pids=101, free_ram_mb=5092
Queue check: current_jobs=10, allowed_parallel=10, current_parallel_cap=10, healthy_ram_streak=8/15, tracked_pids=101, free_ram_mb=5077
Queue check: current_jobs=10, allowed_parallel=10, current_parallel_cap=10, healthy_ram_streak=9/15, tracked_pids=101, free_ram_mb=5128
Queue check: current_jobs=10, allowed_parallel=10, current_parallel_cap=10, healthy_ram_streak=10/15, tracked_pids=101, free_ram_mb=5106
Queue check: current_jobs=10, allowed_parallel=10, current_parallel_cap=10, healthy_ram_streak=11/15, tracked_pids=101, free_ram_mb=5099
Queue check: current_jobs=10, allowed_parallel=10, current_parallel_cap=10, healthy_ram_streak=12/15, tracked_pids=101, free_ram_mb=5106
Queue check: current_jobs=10, allowed_parallel=10, current_parallel_cap=10, healthy_ram_streak=13/15, tracked_pids=101, free_ram_mb=5095
Queue check: current_jobs=10, allowed_parallel=10, current_parallel_cap=10, healthy_ram_streak=14/15, tracked_pids=101, free_ram_mb=5108
Queue check: current_jobs=10, allowed_parallel=10, current_parallel_cap=10, healthy_ram_streak=0/15, tracked_pids=101, free_ram_mb=5088
Queue check: current_jobs=10, allowed_parallel=10, current_parallel_cap=10, healthy_ram_streak=1/15, tracked_pids=101, free_ram_mb=5098
Queue check: current_jobs=10, allowed_parallel=10, current_parallel_cap=10, healthy_ram_streak=2/15, tracked_pids=101, free_ram_mb=5107
Queue check: current_jobs=10, allowed_parallel=10, current_parallel_cap=10, healthy_ram_streak=3/15, tracked_pids=101, free_ram_mb=5120
Queue check: current_jobs=10, allowed_parallel=10, current_parallel_cap=10, healthy_ram_streak=4/15, tracked_pids=101, free_ram_mb=5116
Queue check: current_jobs=10, allowed_parallel=10, current_parallel_cap=10, healthy_ram_streak=5/15, tracked_pids=101, free_ram_mb=5096
Queue check: current_jobs=10, allowed_parallel=10, current_parallel_cap=10, healthy_ram_streak=6/15, tracked_pids=101, free_ram_mb=5105
Queue check: current_jobs=10, allowed_parallel=10, current_parallel_cap=10, healthy_ram_streak=7/15, tracked_pids=101, free_ram_mb=5104
Queue check: current_jobs=10, allowed_parallel=10, current_parallel_cap=10, healthy_ram_streak=8/15, tracked_pids=101, free_ram_mb=5097
Queue check: current_jobs=10, allowed_parallel=10, current_parallel_cap=10, healthy_ram_streak=9/15, tracked_pids=101, free_ram_mb=5121
Queue check: current_jobs=10, allowed_parallel=10, current_parallel_cap=10, healthy_ram_streak=10/15, tracked_pids=101, free_ram_mb=5103
Queue check: current_jobs=10, allowed_parallel=10, current_parallel_cap=10, healthy_ram_streak=11/15, tracked_pids=101, free_ram_mb=5111
Queue check: current_jobs=10, allowed_parallel=10, current_parallel_cap=10, healthy_ram_streak=12/15, tracked_pids=101, free_ram_mb=5110
Queue check: current_jobs=10, allowed_parallel=10, current_parallel_cap=10, healthy_ram_streak=13/15, tracked_pids=101, free_ram_mb=5107
Queue check: current_jobs=10, allowed_parallel=10, current_parallel_cap=10, healthy_ram_streak=14/15, tracked_pids=101, free_ram_mb=5105
Queue check: current_jobs=10, allowed_parallel=10, current_parallel_cap=10, healthy_ram_streak=0/15, tracked_pids=101, free_ram_mb=5070
Queue check: current_jobs=10, allowed_parallel=10, current_parallel_cap=10, healthy_ram_streak=1/15, tracked_pids=101, free_ram_mb=5099
Queue check: current_jobs=10, allowed_parallel=10, current_parallel_cap=10, healthy_ram_streak=2/15, tracked_pids=101, free_ram_mb=5105
Queue check: current_jobs=10, allowed_parallel=10, current_parallel_cap=10, healthy_ram_streak=3/15, tracked_pids=101, free_ram_mb=5585
Queue check: current_jobs=10, allowed_parallel=10, current_parallel_cap=10, healthy_ram_streak=4/15, tracked_pids=101, free_ram_mb=5099
Queue check: current_jobs=10, allowed_parallel=10, current_parallel_cap=10, healthy_ram_streak=5/15, tracked_pids=101, free_ram_mb=5094
Queue check: current_jobs=10, allowed_parallel=10, current_parallel_cap=10, healthy_ram_streak=6/15, tracked_pids=101, free_ram_mb=5119
Queue check: current_jobs=10, allowed_parallel=10, current_parallel_cap=10, healthy_ram_streak=7/15, tracked_pids=101, free_ram_mb=5094
Queue check: current_jobs=10, allowed_parallel=10, current_parallel_cap=10, healthy_ram_streak=8/15, tracked_pids=101, free_ram_mb=5097
Queue check: current_jobs=10, allowed_parallel=10, current_parallel_cap=10, healthy_ram_streak=9/15, tracked_pids=101, free_ram_mb=5105
Queue check: current_jobs=10, allowed_parallel=10, current_parallel_cap=10, healthy_ram_streak=10/15, tracked_pids=101, free_ram_mb=5096
Queue check: current_jobs=10, allowed_parallel=10, current_parallel_cap=10, healthy_ram_streak=11/15, tracked_pids=101, free_ram_mb=5094
Queue check: current_jobs=10, allowed_parallel=10, current_parallel_cap=10, healthy_ram_streak=12/15, tracked_pids=101, free_ram_mb=5092
Queue check: current_jobs=10, allowed_parallel=10, current_parallel_cap=10, healthy_ram_streak=13/15, tracked_pids=101, free_ram_mb=5092
Queue check: current_jobs=10, allowed_parallel=10, current_parallel_cap=10, healthy_ram_streak=14/15, tracked_pids=101, free_ram_mb=5103
Queue check: current_jobs=10, allowed_parallel=10, current_parallel_cap=10, healthy_ram_streak=0/15, tracked_pids=101, free_ram_mb=5108
Queue check: current_jobs=10, allowed_parallel=10, current_parallel_cap=10, healthy_ram_streak=1/15, tracked_pids=101, free_ram_mb=5085
Queue check: current_jobs=10, allowed_parallel=10, current_parallel_cap=10, healthy_ram_streak=2/15, tracked_pids=101, free_ram_mb=5091
Queue check: current_jobs=10, allowed_parallel=10, current_parallel_cap=10, healthy_ram_streak=3/15, tracked_pids=101, free_ram_mb=5092
Queue check: current_jobs=10, allowed_parallel=10, current_parallel_cap=10, healthy_ram_streak=4/15, tracked_pids=101, free_ram_mb=5095
Queue check: current_jobs=10, allowed_parallel=10, current_parallel_cap=10, healthy_ram_streak=5/15, tracked_pids=101, free_ram_mb=5078
Queue check: current_jobs=10, allowed_parallel=10, current_parallel_cap=10, healthy_ram_streak=6/15, tracked_pids=101, free_ram_mb=5088
Queue check: current_jobs=10, allowed_parallel=10, current_parallel_cap=10, healthy_ram_streak=7/15, tracked_pids=101, free_ram_mb=5062
Queue check: current_jobs=10, allowed_parallel=10, current_parallel_cap=10, healthy_ram_streak=8/15, tracked_pids=101, free_ram_mb=5077
Queue check: current_jobs=10, allowed_parallel=10, current_parallel_cap=10, healthy_ram_streak=9/15, tracked_pids=101, free_ram_mb=5096
Queue check: current_jobs=10, allowed_parallel=10, current_parallel_cap=10, healthy_ram_streak=10/15, tracked_pids=101, free_ram_mb=5083
Queue check: current_jobs=10, allowed_parallel=10, current_parallel_cap=10, healthy_ram_streak=11/15, tracked_pids=101, free_ram_mb=5069
Queue check: current_jobs=10, allowed_parallel=10, current_parallel_cap=10, healthy_ram_streak=12/15, tracked_pids=101, free_ram_mb=5097
Queue check: current_jobs=10, allowed_parallel=10, current_parallel_cap=10, healthy_ram_streak=13/15, tracked_pids=101, free_ram_mb=5111
Queue check: current_jobs=10, allowed_parallel=10, current_parallel_cap=10, healthy_ram_streak=14/15, tracked_pids=101, free_ram_mb=5100
Queue check: current_jobs=10, allowed_parallel=10, current_parallel_cap=10, healthy_ram_streak=0/15, tracked_pids=101, free_ram_mb=5098
Queue check: current_jobs=10, allowed_parallel=10, current_parallel_cap=10, healthy_ram_streak=1/15, tracked_pids=101, free_ram_mb=5106
Queue check: current_jobs=10, allowed_parallel=10, current_parallel_cap=10, healthy_ram_streak=2/15, tracked_pids=101, free_ram_mb=5101
Queue check: current_jobs=10, allowed_parallel=10, current_parallel_cap=10, healthy_ram_streak=3/15, tracked_pids=101, free_ram_mb=5113
Queue check: current_jobs=10, allowed_parallel=10, current_parallel_cap=10, healthy_ram_streak=4/15, tracked_pids=101, free_ram_mb=5122
Queue check: current_jobs=10, allowed_parallel=10, current_parallel_cap=10, healthy_ram_streak=5/15, tracked_pids=101, free_ram_mb=5105
Queue check: current_jobs=10, allowed_parallel=10, current_parallel_cap=10, healthy_ram_streak=6/15, tracked_pids=101, free_ram_mb=5092
Queue check: current_jobs=10, allowed_parallel=10, current_parallel_cap=10, healthy_ram_streak=7/15, tracked_pids=101, free_ram_mb=5114
Queue check: current_jobs=10, allowed_parallel=10, current_parallel_cap=10, healthy_ram_streak=8/15, tracked_pids=101, free_ram_mb=5100
Queue check: current_jobs=10, allowed_parallel=10, current_parallel_cap=10, healthy_ram_streak=9/15, tracked_pids=101, free_ram_mb=5115
Queue check: current_jobs=10, allowed_parallel=10, current_parallel_cap=10, healthy_ram_streak=10/15, tracked_pids=101, free_ram_mb=5093
Queue check: current_jobs=10, allowed_parallel=10, current_parallel_cap=10, healthy_ram_streak=11/15, tracked_pids=101, free_ram_mb=5108
Queue check: current_jobs=10, allowed_parallel=10, current_parallel_cap=10, healthy_ram_streak=12/15, tracked_pids=101, free_ram_mb=5114
Queue check: current_jobs=10, allowed_parallel=10, current_parallel_cap=10, healthy_ram_streak=13/15, tracked_pids=101, free_ram_mb=5092
Queue check: current_jobs=10, allowed_parallel=10, current_parallel_cap=10, healthy_ram_streak=14/15, tracked_pids=101, free_ram_mb=5109
Queue check: current_jobs=10, allowed_parallel=10, current_parallel_cap=10, healthy_ram_streak=0/15, tracked_pids=101, free_ram_mb=5076
Queue check: current_jobs=10, allowed_parallel=10, current_parallel_cap=10, healthy_ram_streak=1/15, tracked_pids=101, free_ram_mb=5125
Queue check: current_jobs=10, allowed_parallel=10, current_parallel_cap=10, healthy_ram_streak=2/15, tracked_pids=101, free_ram_mb=5102
Queue check: current_jobs=10, allowed_parallel=10, current_parallel_cap=10, healthy_ram_streak=3/15, tracked_pids=101, free_ram_mb=5114
Queue check: current_jobs=10, allowed_parallel=10, current_parallel_cap=10, healthy_ram_streak=4/15, tracked_pids=101, free_ram_mb=5102
Queue check: current_jobs=10, allowed_parallel=10, current_parallel_cap=10, healthy_ram_streak=5/15, tracked_pids=101, free_ram_mb=5096
Queue check: current_jobs=10, allowed_parallel=10, current_parallel_cap=10, healthy_ram_streak=6/15, tracked_pids=101, free_ram_mb=5122
Queue check: current_jobs=10, allowed_parallel=10, current_parallel_cap=10, healthy_ram_streak=7/15, tracked_pids=101, free_ram_mb=5102
Queue check: current_jobs=10, allowed_parallel=10, current_parallel_cap=10, healthy_ram_streak=8/15, tracked_pids=101, free_ram_mb=5116
Queue check: current_jobs=10, allowed_parallel=10, current_parallel_cap=10, healthy_ram_streak=9/15, tracked_pids=101, free_ram_mb=5169
Queue check: current_jobs=10, allowed_parallel=10, current_parallel_cap=10, healthy_ram_streak=10/15, tracked_pids=101, free_ram_mb=5099
Queue check: current_jobs=10, allowed_parallel=10, current_parallel_cap=10, healthy_ram_streak=11/15, tracked_pids=101, free_ram_mb=5095
Queue check: current_jobs=10, allowed_parallel=10, current_parallel_cap=10, healthy_ram_streak=12/15, tracked_pids=101, free_ram_mb=5104
Queue check: current_jobs=10, allowed_parallel=10, current_parallel_cap=10, healthy_ram_streak=13/15, tracked_pids=101, free_ram_mb=5094
Queue check: current_jobs=10, allowed_parallel=10, current_parallel_cap=10, healthy_ram_streak=14/15, tracked_pids=101, free_ram_mb=5116
Queue check: current_jobs=10, allowed_parallel=10, current_parallel_cap=10, healthy_ram_streak=0/15, tracked_pids=101, free_ram_mb=5111
Queue check: current_jobs=10, allowed_parallel=10, current_parallel_cap=10, healthy_ram_streak=1/15, tracked_pids=101, free_ram_mb=5098
Queue check: current_jobs=10, allowed_parallel=10, current_parallel_cap=10, healthy_ram_streak=2/15, tracked_pids=101, free_ram_mb=5114
Queue check: current_jobs=10, allowed_parallel=10, current_parallel_cap=10, healthy_ram_streak=3/15, tracked_pids=101, free_ram_mb=5111
Queue check: current_jobs=10, allowed_parallel=10, current_parallel_cap=10, healthy_ram_streak=4/15, tracked_pids=101, free_ram_mb=5104
Queue check: current_jobs=10, allowed_parallel=10, current_parallel_cap=10, healthy_ram_streak=5/15, tracked_pids=101, free_ram_mb=5091
Queue check: current_jobs=10, allowed_parallel=10, current_parallel_cap=10, healthy_ram_streak=6/15, tracked_pids=101, free_ram_mb=5101
Queue check: current_jobs=10, allowed_parallel=10, current_parallel_cap=10, healthy_ram_streak=7/15, tracked_pids=101, free_ram_mb=5082
Queue check: current_jobs=10, allowed_parallel=10, current_parallel_cap=10, healthy_ram_streak=8/15, tracked_pids=101, free_ram_mb=5101
Queue check: current_jobs=10, allowed_parallel=10, current_parallel_cap=10, healthy_ram_streak=9/15, tracked_pids=101, free_ram_mb=5109
Queue check: current_jobs=10, allowed_parallel=10, current_parallel_cap=10, healthy_ram_streak=10/15, tracked_pids=101, free_ram_mb=5108
Queue check: current_jobs=10, allowed_parallel=10, current_parallel_cap=10, healthy_ram_streak=11/15, tracked_pids=101, free_ram_mb=5118
Queue check: current_jobs=10, allowed_parallel=10, current_parallel_cap=10, healthy_ram_streak=12/15, tracked_pids=101, free_ram_mb=5096
Queue check: current_jobs=10, allowed_parallel=10, current_parallel_cap=10, healthy_ram_streak=13/15, tracked_pids=101, free_ram_mb=5099
Queue check: current_jobs=10, allowed_parallel=10, current_parallel_cap=10, healthy_ram_streak=14/15, tracked_pids=101, free_ram_mb=5114
Queue check: current_jobs=10, allowed_parallel=10, current_parallel_cap=10, healthy_ram_streak=0/15, tracked_pids=101, free_ram_mb=5105
Queue check: current_jobs=10, allowed_parallel=10, current_parallel_cap=10, healthy_ram_streak=1/15, tracked_pids=101, free_ram_mb=5079
Queue check: current_jobs=10, allowed_parallel=10, current_parallel_cap=10, healthy_ram_streak=2/15, tracked_pids=101, free_ram_mb=5109
Queue check: current_jobs=10, allowed_parallel=10, current_parallel_cap=10, healthy_ram_streak=3/15, tracked_pids=101, free_ram_mb=5100
Queue check: current_jobs=10, allowed_parallel=10, current_parallel_cap=10, healthy_ram_streak=4/15, tracked_pids=101, free_ram_mb=5113
Queue check: current_jobs=10, allowed_parallel=10, current_parallel_cap=10, healthy_ram_streak=5/15, tracked_pids=101, free_ram_mb=5106
Queue check: current_jobs=10, allowed_parallel=10, current_parallel_cap=10, healthy_ram_streak=6/15, tracked_pids=101, free_ram_mb=5094
Queue check: current_jobs=10, allowed_parallel=10, current_parallel_cap=10, healthy_ram_streak=7/15, tracked_pids=101, free_ram_mb=5098
Queue check: current_jobs=10, allowed_parallel=10, current_parallel_cap=10, healthy_ram_streak=8/15, tracked_pids=101, free_ram_mb=5117
Queue check: current_jobs=10, allowed_parallel=10, current_parallel_cap=10, healthy_ram_streak=9/15, tracked_pids=101, free_ram_mb=5098
Queue check: current_jobs=10, allowed_parallel=10, current_parallel_cap=10, healthy_ram_streak=10/15, tracked_pids=101, free_ram_mb=5109
Queue check: current_jobs=10, allowed_parallel=10, current_parallel_cap=10, healthy_ram_streak=11/15, tracked_pids=101, free_ram_mb=5113
Queue check: current_jobs=10, allowed_parallel=10, current_parallel_cap=10, healthy_ram_streak=12/15, tracked_pids=101, free_ram_mb=5117
Queue check: current_jobs=10, allowed_parallel=10, current_parallel_cap=10, healthy_ram_streak=13/15, tracked_pids=101, free_ram_mb=5086
Queue check: current_jobs=10, allowed_parallel=10, current_parallel_cap=10, healthy_ram_streak=14/15, tracked_pids=101, free_ram_mb=5055
Queue check: current_jobs=10, allowed_parallel=10, current_parallel_cap=10, healthy_ram_streak=0/15, tracked_pids=101, free_ram_mb=5104
Queue check: current_jobs=10, allowed_parallel=10, current_parallel_cap=10, healthy_ram_streak=1/15, tracked_pids=101, free_ram_mb=5130
Queue check: current_jobs=10, allowed_parallel=10, current_parallel_cap=10, healthy_ram_streak=2/15, tracked_pids=101, free_ram_mb=5089
Queue check: current_jobs=10, allowed_parallel=10, current_parallel_cap=10, healthy_ram_streak=3/15, tracked_pids=101, free_ram_mb=5097
Queue check: current_jobs=10, allowed_parallel=10, current_parallel_cap=10, healthy_ram_streak=4/15, tracked_pids=101, free_ram_mb=5093
Queue check: current_jobs=10, allowed_parallel=10, current_parallel_cap=10, healthy_ram_streak=5/15, tracked_pids=101, free_ram_mb=5109
Queue check: current_jobs=10, allowed_parallel=10, current_parallel_cap=10, healthy_ram_streak=6/15, tracked_pids=101, free_ram_mb=5303
Queue check: current_jobs=10, allowed_parallel=10, current_parallel_cap=10, healthy_ram_streak=7/15, tracked_pids=101, free_ram_mb=5116
Queue check: current_jobs=10, allowed_parallel=10, current_parallel_cap=10, healthy_ram_streak=8/15, tracked_pids=101, free_ram_mb=5107
Queue check: current_jobs=10, allowed_parallel=10, current_parallel_cap=10, healthy_ram_streak=9/15, tracked_pids=101, free_ram_mb=5099
Queue check: current_jobs=10, allowed_parallel=10, current_parallel_cap=10, healthy_ram_streak=10/15, tracked_pids=101, free_ram_mb=5105
Queue check: current_jobs=10, allowed_parallel=10, current_parallel_cap=10, healthy_ram_streak=11/15, tracked_pids=101, free_ram_mb=5109
Queue check: current_jobs=10, allowed_parallel=10, current_parallel_cap=10, healthy_ram_streak=12/15, tracked_pids=101, free_ram_mb=5105
Queue check: current_jobs=10, allowed_parallel=10, current_parallel_cap=10, healthy_ram_streak=13/15, tracked_pids=101, free_ram_mb=5104
Queue check: current_jobs=10, allowed_parallel=10, current_parallel_cap=10, healthy_ram_streak=14/15, tracked_pids=101, free_ram_mb=5094
Queue check: current_jobs=10, allowed_parallel=10, current_parallel_cap=10, healthy_ram_streak=0/15, tracked_pids=101, free_ram_mb=5080
Queue check: current_jobs=10, allowed_parallel=10, current_parallel_cap=10, healthy_ram_streak=1/15, tracked_pids=101, free_ram_mb=5110
Queue check: current_jobs=10, allowed_parallel=10, current_parallel_cap=10, healthy_ram_streak=2/15, tracked_pids=101, free_ram_mb=5107
Queue check: current_jobs=10, allowed_parallel=10, current_parallel_cap=10, healthy_ram_streak=3/15, tracked_pids=101, free_ram_mb=5100
Queue check: current_jobs=9, allowed_parallel=10, current_parallel_cap=10, healthy_ram_streak=4/15, tracked_pids=101, free_ram_mb=5174
Starting job: n=3, p=4, iterations=300, score=14400, chip=Apple M4, python_bin=/opt/homebrew/Caskroom/miniconda/base/envs/MasterThesis/bin/python, free_ram_mb=5173, allowed_parallel=10, current_parallel_cap=10, healthy_ram_streak=4/15, tracked_jobs=9
Launched PID: 31369; current_parallel_cap=10
Queue check: current_jobs=10, allowed_parallel=10, current_parallel_cap=10, healthy_ram_streak=5/15, tracked_pids=102, free_ram_mb=5175
Queue check: current_jobs=9, allowed_parallel=10, current_parallel_cap=10, healthy_ram_streak=6/15, tracked_pids=102, free_ram_mb=5153
Starting job: n=6, p=5, iterations=100, score=15000, chip=Apple M4, python_bin=/opt/homebrew/Caskroom/miniconda/base/envs/MasterThesis/bin/python, free_ram_mb=5158, allowed_parallel=10, current_parallel_cap=10, healthy_ram_streak=6/15, tracked_jobs=9
Launched PID: 31589; current_parallel_cap=10
Queue check: current_jobs=10, allowed_parallel=10, current_parallel_cap=10, healthy_ram_streak=7/15, tracked_pids=103, free_ram_mb=5118
Queue check: current_jobs=9, allowed_parallel=10, current_parallel_cap=10, healthy_ram_streak=8/15, tracked_pids=103, free_ram_mb=5153
Starting job: n=2, p=5, iterations=300, score=15000, chip=Apple M4, python_bin=/opt/homebrew/Caskroom/miniconda/base/envs/MasterThesis/bin/python, free_ram_mb=5149, allowed_parallel=10, current_parallel_cap=10, healthy_ram_streak=8/15, tracked_jobs=9
Launched PID: 31809; current_parallel_cap=10
Queue check: current_jobs=10, allowed_parallel=10, current_parallel_cap=10, healthy_ram_streak=9/15, tracked_pids=104, free_ram_mb=5172
Queue check: current_jobs=9, allowed_parallel=10, current_parallel_cap=10, healthy_ram_streak=10/15, tracked_pids=104, free_ram_mb=5167
Starting job: n=13, p=2, iterations=300, score=15600, chip=Apple M4, python_bin=/opt/homebrew/Caskroom/miniconda/base/envs/MasterThesis/bin/python, free_ram_mb=5164, allowed_parallel=10, current_parallel_cap=10, healthy_ram_streak=10/15, tracked_jobs=9
Launched PID: 32030; current_parallel_cap=10
Queue check: current_jobs=10, allowed_parallel=10, current_parallel_cap=10, healthy_ram_streak=11/15, tracked_pids=105, free_ram_mb=5163
Queue check: current_jobs=10, allowed_parallel=10, current_parallel_cap=10, healthy_ram_streak=12/15, tracked_pids=105, free_ram_mb=5143
Queue check: current_jobs=10, allowed_parallel=10, current_parallel_cap=10, healthy_ram_streak=13/15, tracked_pids=105, free_ram_mb=5111
Queue check: current_jobs=10, allowed_parallel=10, current_parallel_cap=10, healthy_ram_streak=14/15, tracked_pids=105, free_ram_mb=5126
Queue check: current_jobs=10, allowed_parallel=10, current_parallel_cap=10, healthy_ram_streak=0/15, tracked_pids=105, free_ram_mb=5094
Queue check: current_jobs=10, allowed_parallel=10, current_parallel_cap=10, healthy_ram_streak=1/15, tracked_pids=105, free_ram_mb=5111
Queue check: current_jobs=10, allowed_parallel=10, current_parallel_cap=10, healthy_ram_streak=2/15, tracked_pids=105, free_ram_mb=5091
Queue check: current_jobs=10, allowed_parallel=10, current_parallel_cap=10, healthy_ram_streak=3/15, tracked_pids=105, free_ram_mb=5110
Queue check: current_jobs=10, allowed_parallel=10, current_parallel_cap=10, healthy_ram_streak=4/15, tracked_pids=105, free_ram_mb=5094
Queue check: current_jobs=10, allowed_parallel=10, current_parallel_cap=10, healthy_ram_streak=5/15, tracked_pids=105, free_ram_mb=5099
Queue check: current_jobs=10, allowed_parallel=10, current_parallel_cap=10, healthy_ram_streak=6/15, tracked_pids=105, free_ram_mb=5094
Queue check: current_jobs=10, allowed_parallel=10, current_parallel_cap=10, healthy_ram_streak=7/15, tracked_pids=105, free_ram_mb=5085
Queue check: current_jobs=10, allowed_parallel=10, current_parallel_cap=10, healthy_ram_streak=8/15, tracked_pids=105, free_ram_mb=5094
Queue check: current_jobs=10, allowed_parallel=10, current_parallel_cap=10, healthy_ram_streak=9/15, tracked_pids=105, free_ram_mb=5086
Queue check: current_jobs=10, allowed_parallel=10, current_parallel_cap=10, healthy_ram_streak=10/15, tracked_pids=105, free_ram_mb=5081
Queue check: current_jobs=10, allowed_parallel=10, current_parallel_cap=10, healthy_ram_streak=11/15, tracked_pids=105, free_ram_mb=5095
Queue check: current_jobs=10, allowed_parallel=10, current_parallel_cap=10, healthy_ram_streak=12/15, tracked_pids=105, free_ram_mb=5102
Queue check: current_jobs=10, allowed_parallel=10, current_parallel_cap=10, healthy_ram_streak=13/15, tracked_pids=105, free_ram_mb=5090
Queue check: current_jobs=10, allowed_parallel=10, current_parallel_cap=10, healthy_ram_streak=14/15, tracked_pids=105, free_ram_mb=5103
Queue check: current_jobs=10, allowed_parallel=10, current_parallel_cap=10, healthy_ram_streak=0/15, tracked_pids=105, free_ram_mb=5062
Queue check: current_jobs=10, allowed_parallel=10, current_parallel_cap=10, healthy_ram_streak=1/15, tracked_pids=105, free_ram_mb=5055
Queue check: current_jobs=10, allowed_parallel=10, current_parallel_cap=10, healthy_ram_streak=2/15, tracked_pids=105, free_ram_mb=5110
Queue check: current_jobs=10, allowed_parallel=10, current_parallel_cap=10, healthy_ram_streak=3/15, tracked_pids=105, free_ram_mb=5094
Queue check: current_jobs=10, allowed_parallel=10, current_parallel_cap=10, healthy_ram_streak=4/15, tracked_pids=105, free_ram_mb=5095
Queue check: current_jobs=10, allowed_parallel=10, current_parallel_cap=10, healthy_ram_streak=5/15, tracked_pids=105, free_ram_mb=5096
Queue check: current_jobs=10, allowed_parallel=10, current_parallel_cap=10, healthy_ram_streak=6/15, tracked_pids=105, free_ram_mb=5093
Queue check: current_jobs=10, allowed_parallel=10, current_parallel_cap=10, healthy_ram_streak=7/15, tracked_pids=105, free_ram_mb=5095
Queue check: current_jobs=10, allowed_parallel=10, current_parallel_cap=10, healthy_ram_streak=8/15, tracked_pids=105, free_ram_mb=5222
Queue check: current_jobs=10, allowed_parallel=10, current_parallel_cap=10, healthy_ram_streak=9/15, tracked_pids=105, free_ram_mb=5104
Queue check: current_jobs=10, allowed_parallel=10, current_parallel_cap=10, healthy_ram_streak=10/15, tracked_pids=105, free_ram_mb=5109
Queue check: current_jobs=10, allowed_parallel=10, current_parallel_cap=10, healthy_ram_streak=11/15, tracked_pids=105, free_ram_mb=5093
Queue check: current_jobs=10, allowed_parallel=10, current_parallel_cap=10, healthy_ram_streak=12/15, tracked_pids=105, free_ram_mb=5082
Queue check: current_jobs=10, allowed_parallel=10, current_parallel_cap=10, healthy_ram_streak=13/15, tracked_pids=105, free_ram_mb=5117
Queue check: current_jobs=10, allowed_parallel=10, current_parallel_cap=10, healthy_ram_streak=14/15, tracked_pids=105, free_ram_mb=5107
Queue check: current_jobs=10, allowed_parallel=10, current_parallel_cap=10, healthy_ram_streak=0/15, tracked_pids=105, free_ram_mb=5110
Queue check: current_jobs=10, allowed_parallel=10, current_parallel_cap=10, healthy_ram_streak=1/15, tracked_pids=105, free_ram_mb=5095
Queue check: current_jobs=10, allowed_parallel=10, current_parallel_cap=10, healthy_ram_streak=2/15, tracked_pids=105, free_ram_mb=5110
Queue check: current_jobs=10, allowed_parallel=10, current_parallel_cap=10, healthy_ram_streak=3/15, tracked_pids=105, free_ram_mb=5104
Queue check: current_jobs=10, allowed_parallel=10, current_parallel_cap=10, healthy_ram_streak=4/15, tracked_pids=105, free_ram_mb=5113
Queue check: current_jobs=10, allowed_parallel=10, current_parallel_cap=10, healthy_ram_streak=5/15, tracked_pids=105, free_ram_mb=5097
Queue check: current_jobs=10, allowed_parallel=10, current_parallel_cap=10, healthy_ram_streak=6/15, tracked_pids=105, free_ram_mb=5119
Queue check: current_jobs=10, allowed_parallel=10, current_parallel_cap=10, healthy_ram_streak=7/15, tracked_pids=105, free_ram_mb=5103
Queue check: current_jobs=10, allowed_parallel=10, current_parallel_cap=10, healthy_ram_streak=8/15, tracked_pids=105, free_ram_mb=5065
Queue check: current_jobs=10, allowed_parallel=10, current_parallel_cap=10, healthy_ram_streak=9/15, tracked_pids=105, free_ram_mb=5103
Queue check: current_jobs=10, allowed_parallel=10, current_parallel_cap=10, healthy_ram_streak=10/15, tracked_pids=105, free_ram_mb=5111
Queue check: current_jobs=10, allowed_parallel=10, current_parallel_cap=10, healthy_ram_streak=11/15, tracked_pids=105, free_ram_mb=5110
Queue check: current_jobs=10, allowed_parallel=10, current_parallel_cap=10, healthy_ram_streak=12/15, tracked_pids=105, free_ram_mb=5117
Queue check: current_jobs=10, allowed_parallel=10, current_parallel_cap=10, healthy_ram_streak=13/15, tracked_pids=105, free_ram_mb=5091
Queue check: current_jobs=10, allowed_parallel=10, current_parallel_cap=10, healthy_ram_streak=14/15, tracked_pids=105, free_ram_mb=5125
Queue check: current_jobs=10, allowed_parallel=10, current_parallel_cap=10, healthy_ram_streak=0/15, tracked_pids=105, free_ram_mb=5099
Queue check: current_jobs=10, allowed_parallel=10, current_parallel_cap=10, healthy_ram_streak=1/15, tracked_pids=105, free_ram_mb=5110
Queue check: current_jobs=10, allowed_parallel=10, current_parallel_cap=10, healthy_ram_streak=2/15, tracked_pids=105, free_ram_mb=5113
Queue check: current_jobs=10, allowed_parallel=10, current_parallel_cap=10, healthy_ram_streak=3/15, tracked_pids=105, free_ram_mb=5126
Queue check: current_jobs=10, allowed_parallel=10, current_parallel_cap=10, healthy_ram_streak=4/15, tracked_pids=105, free_ram_mb=5086
Queue check: current_jobs=10, allowed_parallel=10, current_parallel_cap=10, healthy_ram_streak=5/15, tracked_pids=105, free_ram_mb=5090
Queue check: current_jobs=10, allowed_parallel=10, current_parallel_cap=10, healthy_ram_streak=6/15, tracked_pids=105, free_ram_mb=5094
Queue check: current_jobs=10, allowed_parallel=10, current_parallel_cap=10, healthy_ram_streak=7/15, tracked_pids=105, free_ram_mb=5112
Queue check: current_jobs=10, allowed_parallel=10, current_parallel_cap=10, healthy_ram_streak=8/15, tracked_pids=105, free_ram_mb=5103
Queue check: current_jobs=10, allowed_parallel=10, current_parallel_cap=10, healthy_ram_streak=9/15, tracked_pids=105, free_ram_mb=5107
Queue check: current_jobs=10, allowed_parallel=10, current_parallel_cap=10, healthy_ram_streak=10/15, tracked_pids=105, free_ram_mb=5102
Queue check: current_jobs=10, allowed_parallel=10, current_parallel_cap=10, healthy_ram_streak=11/15, tracked_pids=105, free_ram_mb=5240
Queue check: current_jobs=10, allowed_parallel=10, current_parallel_cap=10, healthy_ram_streak=12/15, tracked_pids=105, free_ram_mb=5124
Queue check: current_jobs=10, allowed_parallel=10, current_parallel_cap=10, healthy_ram_streak=13/15, tracked_pids=105, free_ram_mb=5116
Queue check: current_jobs=10, allowed_parallel=10, current_parallel_cap=10, healthy_ram_streak=14/15, tracked_pids=105, free_ram_mb=5106
Queue check: current_jobs=10, allowed_parallel=10, current_parallel_cap=10, healthy_ram_streak=0/15, tracked_pids=105, free_ram_mb=5121
Queue check: current_jobs=10, allowed_parallel=10, current_parallel_cap=10, healthy_ram_streak=1/15, tracked_pids=105, free_ram_mb=5101
Queue check: current_jobs=10, allowed_parallel=10, current_parallel_cap=10, healthy_ram_streak=2/15, tracked_pids=105, free_ram_mb=5128
Queue check: current_jobs=10, allowed_parallel=10, current_parallel_cap=10, healthy_ram_streak=3/15, tracked_pids=105, free_ram_mb=5159
Queue check: current_jobs=10, allowed_parallel=10, current_parallel_cap=10, healthy_ram_streak=4/15, tracked_pids=105, free_ram_mb=5139
Queue check: current_jobs=10, allowed_parallel=10, current_parallel_cap=10, healthy_ram_streak=5/15, tracked_pids=105, free_ram_mb=5110
Queue check: current_jobs=10, allowed_parallel=10, current_parallel_cap=10, healthy_ram_streak=6/15, tracked_pids=105, free_ram_mb=5094
Queue check: current_jobs=10, allowed_parallel=10, current_parallel_cap=10, healthy_ram_streak=7/15, tracked_pids=105, free_ram_mb=5090
Queue check: current_jobs=10, allowed_parallel=10, current_parallel_cap=10, healthy_ram_streak=8/15, tracked_pids=105, free_ram_mb=5121
Queue check: current_jobs=10, allowed_parallel=10, current_parallel_cap=10, healthy_ram_streak=9/15, tracked_pids=105, free_ram_mb=5140
Queue check: current_jobs=10, allowed_parallel=10, current_parallel_cap=10, healthy_ram_streak=10/15, tracked_pids=105, free_ram_mb=5114
Queue check: current_jobs=10, allowed_parallel=10, current_parallel_cap=10, healthy_ram_streak=11/15, tracked_pids=105, free_ram_mb=5102
Queue check: current_jobs=10, allowed_parallel=10, current_parallel_cap=10, healthy_ram_streak=12/15, tracked_pids=105, free_ram_mb=5132
Queue check: current_jobs=10, allowed_parallel=10, current_parallel_cap=10, healthy_ram_streak=13/15, tracked_pids=105, free_ram_mb=5142
Queue check: current_jobs=10, allowed_parallel=10, current_parallel_cap=10, healthy_ram_streak=14/15, tracked_pids=105, free_ram_mb=5122
Queue check: current_jobs=10, allowed_parallel=10, current_parallel_cap=10, healthy_ram_streak=0/15, tracked_pids=105, free_ram_mb=5123
Queue check: current_jobs=10, allowed_parallel=10, current_parallel_cap=10, healthy_ram_streak=1/15, tracked_pids=105, free_ram_mb=5099
Queue check: current_jobs=10, allowed_parallel=10, current_parallel_cap=10, healthy_ram_streak=2/15, tracked_pids=105, free_ram_mb=5129
Queue check: current_jobs=10, allowed_parallel=10, current_parallel_cap=10, healthy_ram_streak=3/15, tracked_pids=105, free_ram_mb=5114
Queue check: current_jobs=9, allowed_parallel=10, current_parallel_cap=10, healthy_ram_streak=4/15, tracked_pids=105, free_ram_mb=5204
Starting job: n=10, p=4, iterations=100, score=16000, chip=Apple M4, python_bin=/opt/homebrew/Caskroom/miniconda/base/envs/MasterThesis/bin/python, free_ram_mb=5194, allowed_parallel=10, current_parallel_cap=10, healthy_ram_streak=4/15, tracked_jobs=9
Launched PID: 37362; current_parallel_cap=10
Queue check: current_jobs=10, allowed_parallel=10, current_parallel_cap=10, healthy_ram_streak=5/15, tracked_pids=106, free_ram_mb=5192
Queue check: current_jobs=10, allowed_parallel=10, current_parallel_cap=10, healthy_ram_streak=6/15, tracked_pids=106, free_ram_mb=5165
Queue check: current_jobs=10, allowed_parallel=10, current_parallel_cap=10, healthy_ram_streak=7/15, tracked_pids=106, free_ram_mb=5131
Queue check: current_jobs=10, allowed_parallel=10, current_parallel_cap=10, healthy_ram_streak=8/15, tracked_pids=106, free_ram_mb=5100
Queue check: current_jobs=10, allowed_parallel=10, current_parallel_cap=10, healthy_ram_streak=9/15, tracked_pids=106, free_ram_mb=5124
Queue check: current_jobs=10, allowed_parallel=10, current_parallel_cap=10, healthy_ram_streak=10/15, tracked_pids=106, free_ram_mb=5168
Queue check: current_jobs=10, allowed_parallel=10, current_parallel_cap=10, healthy_ram_streak=11/15, tracked_pids=106, free_ram_mb=5130
Queue check: current_jobs=10, allowed_parallel=10, current_parallel_cap=10, healthy_ram_streak=12/15, tracked_pids=106, free_ram_mb=5129
Queue check: current_jobs=10, allowed_parallel=10, current_parallel_cap=10, healthy_ram_streak=13/15, tracked_pids=106, free_ram_mb=5146
Queue check: current_jobs=10, allowed_parallel=10, current_parallel_cap=10, healthy_ram_streak=14/15, tracked_pids=106, free_ram_mb=5133
Queue check: current_jobs=10, allowed_parallel=10, current_parallel_cap=10, healthy_ram_streak=0/15, tracked_pids=106, free_ram_mb=5127
Queue check: current_jobs=10, allowed_parallel=10, current_parallel_cap=10, healthy_ram_streak=1/15, tracked_pids=106, free_ram_mb=5145
Queue check: current_jobs=9, allowed_parallel=10, current_parallel_cap=10, healthy_ram_streak=2/15, tracked_pids=106, free_ram_mb=5187
Starting job: n=8, p=2, iterations=500, score=16000, chip=Apple M4, python_bin=/opt/homebrew/Caskroom/miniconda/base/envs/MasterThesis/bin/python, free_ram_mb=5179, allowed_parallel=10, current_parallel_cap=10, healthy_ram_streak=2/15, tracked_jobs=9
Launched PID: 38268; current_parallel_cap=10
Queue check: current_jobs=10, allowed_parallel=10, current_parallel_cap=10, healthy_ram_streak=3/15, tracked_pids=107, free_ram_mb=5183
Queue check: current_jobs=9, allowed_parallel=10, current_parallel_cap=10, healthy_ram_streak=4/15, tracked_pids=107, free_ram_mb=5190
Starting job: n=2, p=4, iterations=500, score=16000, chip=Apple M4, python_bin=/opt/homebrew/Caskroom/miniconda/base/envs/MasterThesis/bin/python, free_ram_mb=5182, allowed_parallel=10, current_parallel_cap=10, healthy_ram_streak=4/15, tracked_jobs=9
Launched PID: 38488; current_parallel_cap=10
Queue check: current_jobs=10, allowed_parallel=10, current_parallel_cap=10, healthy_ram_streak=5/15, tracked_pids=108, free_ram_mb=5180
Queue check: current_jobs=9, allowed_parallel=10, current_parallel_cap=10, healthy_ram_streak=6/15, tracked_pids=108, free_ram_mb=5185
Starting job: n=6, p=3, iterations=300, score=16200, chip=Apple M4, python_bin=/opt/homebrew/Caskroom/miniconda/base/envs/MasterThesis/bin/python, free_ram_mb=5180, allowed_parallel=10, current_parallel_cap=10, healthy_ram_streak=6/15, tracked_jobs=9
Launched PID: 38706; current_parallel_cap=10
Queue check: current_jobs=10, allowed_parallel=10, current_parallel_cap=10, healthy_ram_streak=7/15, tracked_pids=109, free_ram_mb=5178
Queue check: current_jobs=9, allowed_parallel=10, current_parallel_cap=10, healthy_ram_streak=8/15, tracked_pids=109, free_ram_mb=5200
Starting job: n=14, p=2, iterations=300, score=16800, chip=Apple M4, python_bin=/opt/homebrew/Caskroom/miniconda/base/envs/MasterThesis/bin/python, free_ram_mb=5177, allowed_parallel=10, current_parallel_cap=10, healthy_ram_streak=8/15, tracked_jobs=9
Launched PID: 38926; current_parallel_cap=10
Queue check: current_jobs=10, allowed_parallel=10, current_parallel_cap=10, healthy_ram_streak=9/15, tracked_pids=110, free_ram_mb=5174
Queue check: current_jobs=10, allowed_parallel=10, current_parallel_cap=10, healthy_ram_streak=10/15, tracked_pids=110, free_ram_mb=4325
Queue check: current_jobs=10, allowed_parallel=10, current_parallel_cap=10, healthy_ram_streak=11/15, tracked_pids=110, free_ram_mb=5213
Queue check: current_jobs=10, allowed_parallel=10, current_parallel_cap=10, healthy_ram_streak=12/15, tracked_pids=110, free_ram_mb=5210
Queue check: current_jobs=10, allowed_parallel=10, current_parallel_cap=10, healthy_ram_streak=13/15, tracked_pids=110, free_ram_mb=5231
Queue check: current_jobs=10, allowed_parallel=10, current_parallel_cap=10, healthy_ram_streak=14/15, tracked_pids=110, free_ram_mb=5245
Queue check: current_jobs=10, allowed_parallel=10, current_parallel_cap=10, healthy_ram_streak=0/15, tracked_pids=110, free_ram_mb=5238
Queue check: current_jobs=10, allowed_parallel=10, current_parallel_cap=10, healthy_ram_streak=1/15, tracked_pids=110, free_ram_mb=5226
Queue check: current_jobs=10, allowed_parallel=10, current_parallel_cap=10, healthy_ram_streak=2/15, tracked_pids=110, free_ram_mb=5196
Queue check: current_jobs=10, allowed_parallel=10, current_parallel_cap=10, healthy_ram_streak=3/15, tracked_pids=110, free_ram_mb=5216
Queue check: current_jobs=10, allowed_parallel=10, current_parallel_cap=10, healthy_ram_streak=4/15, tracked_pids=110, free_ram_mb=5242
Queue check: current_jobs=10, allowed_parallel=10, current_parallel_cap=10, healthy_ram_streak=5/15, tracked_pids=110, free_ram_mb=5212
Queue check: current_jobs=10, allowed_parallel=10, current_parallel_cap=10, healthy_ram_streak=6/15, tracked_pids=110, free_ram_mb=5214
Queue check: current_jobs=10, allowed_parallel=10, current_parallel_cap=10, healthy_ram_streak=7/15, tracked_pids=110, free_ram_mb=5211
Queue check: current_jobs=10, allowed_parallel=10, current_parallel_cap=10, healthy_ram_streak=8/15, tracked_pids=110, free_ram_mb=5212
Queue check: current_jobs=10, allowed_parallel=10, current_parallel_cap=10, healthy_ram_streak=9/15, tracked_pids=110, free_ram_mb=6127
Queue check: current_jobs=10, allowed_parallel=10, current_parallel_cap=10, healthy_ram_streak=10/15, tracked_pids=110, free_ram_mb=5220
Queue check: current_jobs=10, allowed_parallel=10, current_parallel_cap=10, healthy_ram_streak=11/15, tracked_pids=110, free_ram_mb=5222
Queue check: current_jobs=10, allowed_parallel=10, current_parallel_cap=10, healthy_ram_streak=12/15, tracked_pids=110, free_ram_mb=5222
Queue check: current_jobs=10, allowed_parallel=10, current_parallel_cap=10, healthy_ram_streak=13/15, tracked_pids=110, free_ram_mb=5204
Queue check: current_jobs=10, allowed_parallel=10, current_parallel_cap=10, healthy_ram_streak=14/15, tracked_pids=110, free_ram_mb=5214
Queue check: current_jobs=10, allowed_parallel=10, current_parallel_cap=10, healthy_ram_streak=0/15, tracked_pids=110, free_ram_mb=5206
Queue check: current_jobs=10, allowed_parallel=10, current_parallel_cap=10, healthy_ram_streak=1/15, tracked_pids=110, free_ram_mb=5214
Queue check: current_jobs=10, allowed_parallel=10, current_parallel_cap=10, healthy_ram_streak=2/15, tracked_pids=110, free_ram_mb=5220
Queue check: current_jobs=10, allowed_parallel=10, current_parallel_cap=10, healthy_ram_streak=3/15, tracked_pids=110, free_ram_mb=5203
Queue check: current_jobs=10, allowed_parallel=10, current_parallel_cap=10, healthy_ram_streak=4/15, tracked_pids=110, free_ram_mb=5197
Queue check: current_jobs=10, allowed_parallel=10, current_parallel_cap=10, healthy_ram_streak=5/15, tracked_pids=110, free_ram_mb=5226
Queue check: current_jobs=10, allowed_parallel=10, current_parallel_cap=10, healthy_ram_streak=6/15, tracked_pids=110, free_ram_mb=5205
Queue check: current_jobs=10, allowed_parallel=10, current_parallel_cap=10, healthy_ram_streak=7/15, tracked_pids=110, free_ram_mb=5202
Queue check: current_jobs=10, allowed_parallel=10, current_parallel_cap=10, healthy_ram_streak=8/15, tracked_pids=110, free_ram_mb=5220
Queue check: current_jobs=10, allowed_parallel=10, current_parallel_cap=10, healthy_ram_streak=9/15, tracked_pids=110, free_ram_mb=5194
Queue check: current_jobs=10, allowed_parallel=10, current_parallel_cap=10, healthy_ram_streak=10/15, tracked_pids=110, free_ram_mb=5203
Queue check: current_jobs=10, allowed_parallel=10, current_parallel_cap=10, healthy_ram_streak=11/15, tracked_pids=110, free_ram_mb=5242
Queue check: current_jobs=10, allowed_parallel=10, current_parallel_cap=10, healthy_ram_streak=12/15, tracked_pids=110, free_ram_mb=5199
Queue check: current_jobs=10, allowed_parallel=10, current_parallel_cap=10, healthy_ram_streak=13/15, tracked_pids=110, free_ram_mb=5188
Queue check: current_jobs=10, allowed_parallel=10, current_parallel_cap=10, healthy_ram_streak=14/15, tracked_pids=110, free_ram_mb=5185
Queue check: current_jobs=10, allowed_parallel=10, current_parallel_cap=10, healthy_ram_streak=0/15, tracked_pids=110, free_ram_mb=5186
Queue check: current_jobs=10, allowed_parallel=10, current_parallel_cap=10, healthy_ram_streak=1/15, tracked_pids=110, free_ram_mb=5190
Queue check: current_jobs=10, allowed_parallel=10, current_parallel_cap=10, healthy_ram_streak=2/15, tracked_pids=110, free_ram_mb=5187
Queue check: current_jobs=10, allowed_parallel=10, current_parallel_cap=10, healthy_ram_streak=3/15, tracked_pids=110, free_ram_mb=5197
Queue check: current_jobs=10, allowed_parallel=10, current_parallel_cap=10, healthy_ram_streak=4/15, tracked_pids=110, free_ram_mb=5152
Queue check: current_jobs=10, allowed_parallel=10, current_parallel_cap=10, healthy_ram_streak=5/15, tracked_pids=110, free_ram_mb=5190
Queue check: current_jobs=10, allowed_parallel=10, current_parallel_cap=10, healthy_ram_streak=6/15, tracked_pids=110, free_ram_mb=5155
Queue check: current_jobs=10, allowed_parallel=10, current_parallel_cap=10, healthy_ram_streak=7/15, tracked_pids=110, free_ram_mb=5176
Queue check: current_jobs=10, allowed_parallel=10, current_parallel_cap=10, healthy_ram_streak=8/15, tracked_pids=110, free_ram_mb=5195
Queue check: current_jobs=10, allowed_parallel=10, current_parallel_cap=10, healthy_ram_streak=9/15, tracked_pids=110, free_ram_mb=5159
Queue check: current_jobs=10, allowed_parallel=10, current_parallel_cap=10, healthy_ram_streak=10/15, tracked_pids=110, free_ram_mb=5177
Queue check: current_jobs=10, allowed_parallel=10, current_parallel_cap=10, healthy_ram_streak=11/15, tracked_pids=110, free_ram_mb=5190
Queue check: current_jobs=10, allowed_parallel=10, current_parallel_cap=10, healthy_ram_streak=12/15, tracked_pids=110, free_ram_mb=5437
Queue check: current_jobs=10, allowed_parallel=10, current_parallel_cap=10, healthy_ram_streak=13/15, tracked_pids=110, free_ram_mb=5188
Queue check: current_jobs=10, allowed_parallel=10, current_parallel_cap=10, healthy_ram_streak=14/15, tracked_pids=110, free_ram_mb=5181
Queue check: current_jobs=10, allowed_parallel=10, current_parallel_cap=10, healthy_ram_streak=0/15, tracked_pids=110, free_ram_mb=5175
Queue check: current_jobs=10, allowed_parallel=10, current_parallel_cap=10, healthy_ram_streak=1/15, tracked_pids=110, free_ram_mb=5175
Queue check: current_jobs=10, allowed_parallel=10, current_parallel_cap=10, healthy_ram_streak=2/15, tracked_pids=110, free_ram_mb=5158
Queue check: current_jobs=9, allowed_parallel=10, current_parallel_cap=10, healthy_ram_streak=3/15, tracked_pids=110, free_ram_mb=5220
Starting job: n=7, p=5, iterations=100, score=17500, chip=Apple M4, python_bin=/opt/homebrew/Caskroom/miniconda/base/envs/MasterThesis/bin/python, free_ram_mb=5250, allowed_parallel=10, current_parallel_cap=10, healthy_ram_streak=3/15, tracked_jobs=9
Launched PID: 42462; current_parallel_cap=10
Queue check: current_jobs=10, allowed_parallel=10, current_parallel_cap=10, healthy_ram_streak=4/15, tracked_pids=111, free_ram_mb=5265
Queue check: current_jobs=10, allowed_parallel=10, current_parallel_cap=10, healthy_ram_streak=5/15, tracked_pids=111, free_ram_mb=5243
Queue check: current_jobs=9, allowed_parallel=10, current_parallel_cap=10, healthy_ram_streak=6/15, tracked_pids=111, free_ram_mb=5278
Starting job: n=11, p=4, iterations=100, score=17600, chip=Apple M4, python_bin=/opt/homebrew/Caskroom/miniconda/base/envs/MasterThesis/bin/python, free_ram_mb=5273, allowed_parallel=10, current_parallel_cap=10, healthy_ram_streak=6/15, tracked_jobs=9
Launched PID: 42743; current_parallel_cap=10
Queue check: current_jobs=10, allowed_parallel=10, current_parallel_cap=10, healthy_ram_streak=7/15, tracked_pids=112, free_ram_mb=5261
Queue check: current_jobs=10, allowed_parallel=10, current_parallel_cap=10, healthy_ram_streak=8/15, tracked_pids=112, free_ram_mb=5224
Queue check: current_jobs=10, allowed_parallel=10, current_parallel_cap=10, healthy_ram_streak=9/15, tracked_pids=112, free_ram_mb=5184
Queue check: current_jobs=10, allowed_parallel=10, current_parallel_cap=10, healthy_ram_streak=10/15, tracked_pids=112, free_ram_mb=5228
Queue check: current_jobs=10, allowed_parallel=10, current_parallel_cap=10, healthy_ram_streak=11/15, tracked_pids=112, free_ram_mb=5194
Queue check: current_jobs=10, allowed_parallel=10, current_parallel_cap=10, healthy_ram_streak=12/15, tracked_pids=112, free_ram_mb=5202
Queue check: current_jobs=10, allowed_parallel=10, current_parallel_cap=10, healthy_ram_streak=13/15, tracked_pids=112, free_ram_mb=5182
Queue check: current_jobs=10, allowed_parallel=10, current_parallel_cap=10, healthy_ram_streak=14/15, tracked_pids=112, free_ram_mb=5202
Queue check: current_jobs=10, allowed_parallel=10, current_parallel_cap=10, healthy_ram_streak=0/15, tracked_pids=112, free_ram_mb=5183
Queue check: current_jobs=10, allowed_parallel=10, current_parallel_cap=10, healthy_ram_streak=1/15, tracked_pids=112, free_ram_mb=5197
Queue check: current_jobs=10, allowed_parallel=10, current_parallel_cap=10, healthy_ram_streak=2/15, tracked_pids=112, free_ram_mb=5196
Queue check: current_jobs=10, allowed_parallel=10, current_parallel_cap=10, healthy_ram_streak=3/15, tracked_pids=112, free_ram_mb=5200
Queue check: current_jobs=10, allowed_parallel=10, current_parallel_cap=10, healthy_ram_streak=4/15, tracked_pids=112, free_ram_mb=5188
Queue check: current_jobs=10, allowed_parallel=10, current_parallel_cap=10, healthy_ram_streak=5/15, tracked_pids=112, free_ram_mb=5181
Queue check: current_jobs=10, allowed_parallel=10, current_parallel_cap=10, healthy_ram_streak=6/15, tracked_pids=112, free_ram_mb=5198
Queue check: current_jobs=10, allowed_parallel=10, current_parallel_cap=10, healthy_ram_streak=7/15, tracked_pids=112, free_ram_mb=5209
Queue check: current_jobs=10, allowed_parallel=10, current_parallel_cap=10, healthy_ram_streak=8/15, tracked_pids=112, free_ram_mb=5185
Queue check: current_jobs=10, allowed_parallel=10, current_parallel_cap=10, healthy_ram_streak=9/15, tracked_pids=112, free_ram_mb=5192
Queue check: current_jobs=10, allowed_parallel=10, current_parallel_cap=10, healthy_ram_streak=10/15, tracked_pids=112, free_ram_mb=5167
Queue check: current_jobs=10, allowed_parallel=10, current_parallel_cap=10, healthy_ram_streak=11/15, tracked_pids=112, free_ram_mb=5194
Queue check: current_jobs=10, allowed_parallel=10, current_parallel_cap=10, healthy_ram_streak=12/15, tracked_pids=112, free_ram_mb=5218
Queue check: current_jobs=10, allowed_parallel=10, current_parallel_cap=10, healthy_ram_streak=13/15, tracked_pids=112, free_ram_mb=5187
Queue check: current_jobs=10, allowed_parallel=10, current_parallel_cap=10, healthy_ram_streak=14/15, tracked_pids=112, free_ram_mb=5194
Queue check: current_jobs=10, allowed_parallel=10, current_parallel_cap=10, healthy_ram_streak=0/15, tracked_pids=112, free_ram_mb=5194
Queue check: current_jobs=10, allowed_parallel=10, current_parallel_cap=10, healthy_ram_streak=1/15, tracked_pids=112, free_ram_mb=5205
Queue check: current_jobs=10, allowed_parallel=10, current_parallel_cap=10, healthy_ram_streak=2/15, tracked_pids=112, free_ram_mb=5201
Queue check: current_jobs=10, allowed_parallel=10, current_parallel_cap=10, healthy_ram_streak=3/15, tracked_pids=112, free_ram_mb=5198
Queue check: current_jobs=10, allowed_parallel=10, current_parallel_cap=10, healthy_ram_streak=4/15, tracked_pids=112, free_ram_mb=5279
Queue check: current_jobs=10, allowed_parallel=10, current_parallel_cap=10, healthy_ram_streak=5/15, tracked_pids=112, free_ram_mb=5198
Queue check: current_jobs=10, allowed_parallel=10, current_parallel_cap=10, healthy_ram_streak=6/15, tracked_pids=112, free_ram_mb=5190
Queue check: current_jobs=10, allowed_parallel=10, current_parallel_cap=10, healthy_ram_streak=7/15, tracked_pids=112, free_ram_mb=5193
Queue check: current_jobs=10, allowed_parallel=10, current_parallel_cap=10, healthy_ram_streak=8/15, tracked_pids=112, free_ram_mb=5183
Queue check: current_jobs=10, allowed_parallel=10, current_parallel_cap=10, healthy_ram_streak=9/15, tracked_pids=112, free_ram_mb=5215
Queue check: current_jobs=10, allowed_parallel=10, current_parallel_cap=10, healthy_ram_streak=10/15, tracked_pids=112, free_ram_mb=5184
Queue check: current_jobs=10, allowed_parallel=10, current_parallel_cap=10, healthy_ram_streak=11/15, tracked_pids=112, free_ram_mb=5185
Queue check: current_jobs=10, allowed_parallel=10, current_parallel_cap=10, healthy_ram_streak=12/15, tracked_pids=112, free_ram_mb=5168
Queue check: current_jobs=10, allowed_parallel=10, current_parallel_cap=10, healthy_ram_streak=13/15, tracked_pids=112, free_ram_mb=5165
Queue check: current_jobs=10, allowed_parallel=10, current_parallel_cap=10, healthy_ram_streak=14/15, tracked_pids=112, free_ram_mb=5156
Queue check: current_jobs=10, allowed_parallel=10, current_parallel_cap=10, healthy_ram_streak=0/15, tracked_pids=112, free_ram_mb=5189
Queue check: current_jobs=10, allowed_parallel=10, current_parallel_cap=10, healthy_ram_streak=1/15, tracked_pids=112, free_ram_mb=5200
Queue check: current_jobs=10, allowed_parallel=10, current_parallel_cap=10, healthy_ram_streak=2/15, tracked_pids=112, free_ram_mb=5199
Queue check: current_jobs=10, allowed_parallel=10, current_parallel_cap=10, healthy_ram_streak=3/15, tracked_pids=112, free_ram_mb=5173
Queue check: current_jobs=10, allowed_parallel=10, current_parallel_cap=10, healthy_ram_streak=4/15, tracked_pids=112, free_ram_mb=5199
Queue check: current_jobs=10, allowed_parallel=10, current_parallel_cap=10, healthy_ram_streak=5/15, tracked_pids=112, free_ram_mb=5207
Queue check: current_jobs=10, allowed_parallel=10, current_parallel_cap=10, healthy_ram_streak=6/15, tracked_pids=112, free_ram_mb=5197
Queue check: current_jobs=10, allowed_parallel=10, current_parallel_cap=10, healthy_ram_streak=7/15, tracked_pids=112, free_ram_mb=5198
Queue check: current_jobs=10, allowed_parallel=10, current_parallel_cap=10, healthy_ram_streak=8/15, tracked_pids=112, free_ram_mb=5194
Queue check: current_jobs=10, allowed_parallel=10, current_parallel_cap=10, healthy_ram_streak=9/15, tracked_pids=112, free_ram_mb=5187
Queue check: current_jobs=10, allowed_parallel=10, current_parallel_cap=10, healthy_ram_streak=10/15, tracked_pids=112, free_ram_mb=5225
Queue check: current_jobs=10, allowed_parallel=10, current_parallel_cap=10, healthy_ram_streak=11/15, tracked_pids=112, free_ram_mb=5172
Queue check: current_jobs=10, allowed_parallel=10, current_parallel_cap=10, healthy_ram_streak=12/15, tracked_pids=112, free_ram_mb=5176
Queue check: current_jobs=10, allowed_parallel=10, current_parallel_cap=10, healthy_ram_streak=13/15, tracked_pids=112, free_ram_mb=5157
Queue check: current_jobs=10, allowed_parallel=10, current_parallel_cap=10, healthy_ram_streak=14/15, tracked_pids=112, free_ram_mb=5174
Queue check: current_jobs=10, allowed_parallel=10, current_parallel_cap=10, healthy_ram_streak=0/15, tracked_pids=112, free_ram_mb=5167
Queue check: current_jobs=10, allowed_parallel=10, current_parallel_cap=10, healthy_ram_streak=1/15, tracked_pids=112, free_ram_mb=5176
Queue check: current_jobs=10, allowed_parallel=10, current_parallel_cap=10, healthy_ram_streak=2/15, tracked_pids=112, free_ram_mb=5201
Queue check: current_jobs=10, allowed_parallel=10, current_parallel_cap=10, healthy_ram_streak=3/15, tracked_pids=112, free_ram_mb=5182
Queue check: current_jobs=10, allowed_parallel=10, current_parallel_cap=10, healthy_ram_streak=4/15, tracked_pids=112, free_ram_mb=5174
Queue check: current_jobs=10, allowed_parallel=10, current_parallel_cap=10, healthy_ram_streak=5/15, tracked_pids=112, free_ram_mb=5161
Queue check: current_jobs=10, allowed_parallel=10, current_parallel_cap=10, healthy_ram_streak=6/15, tracked_pids=112, free_ram_mb=5193
Queue check: current_jobs=10, allowed_parallel=10, current_parallel_cap=10, healthy_ram_streak=7/15, tracked_pids=112, free_ram_mb=5174
Queue check: current_jobs=10, allowed_parallel=10, current_parallel_cap=10, healthy_ram_streak=8/15, tracked_pids=112, free_ram_mb=5155
Queue check: current_jobs=10, allowed_parallel=10, current_parallel_cap=10, healthy_ram_streak=9/15, tracked_pids=112, free_ram_mb=5139
Queue check: current_jobs=10, allowed_parallel=10, current_parallel_cap=10, healthy_ram_streak=10/15, tracked_pids=112, free_ram_mb=5111
Queue check: current_jobs=10, allowed_parallel=10, current_parallel_cap=10, healthy_ram_streak=11/15, tracked_pids=112, free_ram_mb=5139
Queue check: current_jobs=10, allowed_parallel=10, current_parallel_cap=10, healthy_ram_streak=12/15, tracked_pids=112, free_ram_mb=5121
Queue check: current_jobs=10, allowed_parallel=10, current_parallel_cap=10, healthy_ram_streak=13/15, tracked_pids=112, free_ram_mb=5147
Queue check: current_jobs=10, allowed_parallel=10, current_parallel_cap=10, healthy_ram_streak=14/15, tracked_pids=112, free_ram_mb=5160
Queue check: current_jobs=10, allowed_parallel=10, current_parallel_cap=10, healthy_ram_streak=0/15, tracked_pids=112, free_ram_mb=5158
Queue check: current_jobs=10, allowed_parallel=10, current_parallel_cap=10, healthy_ram_streak=1/15, tracked_pids=112, free_ram_mb=5154
Queue check: current_jobs=10, allowed_parallel=10, current_parallel_cap=10, healthy_ram_streak=2/15, tracked_pids=112, free_ram_mb=5160
Queue check: current_jobs=10, allowed_parallel=10, current_parallel_cap=10, healthy_ram_streak=3/15, tracked_pids=112, free_ram_mb=5159
Queue check: current_jobs=10, allowed_parallel=10, current_parallel_cap=10, healthy_ram_streak=4/15, tracked_pids=112, free_ram_mb=5160
Queue check: current_jobs=10, allowed_parallel=10, current_parallel_cap=10, healthy_ram_streak=5/15, tracked_pids=112, free_ram_mb=5167
Queue check: current_jobs=10, allowed_parallel=10, current_parallel_cap=10, healthy_ram_streak=6/15, tracked_pids=112, free_ram_mb=5168
Queue check: current_jobs=10, allowed_parallel=10, current_parallel_cap=10, healthy_ram_streak=7/15, tracked_pids=112, free_ram_mb=5169
Queue check: current_jobs=10, allowed_parallel=10, current_parallel_cap=10, healthy_ram_streak=8/15, tracked_pids=112, free_ram_mb=5170
Queue check: current_jobs=10, allowed_parallel=10, current_parallel_cap=10, healthy_ram_streak=9/15, tracked_pids=112, free_ram_mb=5162
Queue check: current_jobs=10, allowed_parallel=10, current_parallel_cap=10, healthy_ram_streak=10/15, tracked_pids=112, free_ram_mb=5188
Queue check: current_jobs=10, allowed_parallel=10, current_parallel_cap=10, healthy_ram_streak=11/15, tracked_pids=112, free_ram_mb=5186
Queue check: current_jobs=9, allowed_parallel=10, current_parallel_cap=10, healthy_ram_streak=12/15, tracked_pids=112, free_ram_mb=5248
Starting job: n=9, p=2, iterations=500, score=18000, chip=Apple M4, python_bin=/opt/homebrew/Caskroom/miniconda/base/envs/MasterThesis/bin/python, free_ram_mb=5231, allowed_parallel=10, current_parallel_cap=10, healthy_ram_streak=12/15, tracked_jobs=9
Launched PID: 47875; current_parallel_cap=10
Queue check: current_jobs=10, allowed_parallel=10, current_parallel_cap=10, healthy_ram_streak=13/15, tracked_pids=113, free_ram_mb=5220
Queue check: current_jobs=10, allowed_parallel=10, current_parallel_cap=10, healthy_ram_streak=14/15, tracked_pids=113, free_ram_mb=5217
Queue check: current_jobs=9, allowed_parallel=10, current_parallel_cap=10, healthy_ram_streak=0/15, tracked_pids=113, free_ram_mb=5229
Starting job: n=4, p=3, iterations=500, score=18000, chip=Apple M4, python_bin=/opt/homebrew/Caskroom/miniconda/base/envs/MasterThesis/bin/python, free_ram_mb=5230, allowed_parallel=10, current_parallel_cap=10, healthy_ram_streak=0/15, tracked_jobs=9
Launched PID: 48161; current_parallel_cap=10
Queue check: current_jobs=10, allowed_parallel=10, current_parallel_cap=10, healthy_ram_streak=1/15, tracked_pids=114, free_ram_mb=5244
Queue check: current_jobs=9, allowed_parallel=10, current_parallel_cap=10, healthy_ram_streak=2/15, tracked_pids=114, free_ram_mb=6404
Starting job: n=7, p=3, iterations=300, score=18900, chip=Apple M4, python_bin=/opt/homebrew/Caskroom/miniconda/base/envs/MasterThesis/bin/python, free_ram_mb=5765, allowed_parallel=10, current_parallel_cap=10, healthy_ram_streak=2/15, tracked_jobs=9
Launched PID: 48379; current_parallel_cap=10
Queue check: current_jobs=10, allowed_parallel=10, current_parallel_cap=10, healthy_ram_streak=3/15, tracked_pids=115, free_ram_mb=5166
Queue check: current_jobs=9, allowed_parallel=10, current_parallel_cap=10, healthy_ram_streak=4/15, tracked_pids=115, free_ram_mb=5219
Starting job: n=12, p=4, iterations=100, score=19200, chip=Apple M4, python_bin=/opt/homebrew/Caskroom/miniconda/base/envs/MasterThesis/bin/python, free_ram_mb=5208, allowed_parallel=10, current_parallel_cap=10, healthy_ram_streak=4/15, tracked_jobs=9
Launched PID: 48599; current_parallel_cap=10
Queue check: current_jobs=10, allowed_parallel=10, current_parallel_cap=10, healthy_ram_streak=5/15, tracked_pids=116, free_ram_mb=5221
Queue check: current_jobs=10, allowed_parallel=10, current_parallel_cap=10, healthy_ram_streak=6/15, tracked_pids=116, free_ram_mb=5190
Queue check: current_jobs=10, allowed_parallel=10, current_parallel_cap=10, healthy_ram_streak=7/15, tracked_pids=116, free_ram_mb=5150
Queue check: current_jobs=10, allowed_parallel=10, current_parallel_cap=10, healthy_ram_streak=8/15, tracked_pids=116, free_ram_mb=5168
Queue check: current_jobs=10, allowed_parallel=10, current_parallel_cap=10, healthy_ram_streak=9/15, tracked_pids=116, free_ram_mb=5166
Queue check: current_jobs=10, allowed_parallel=10, current_parallel_cap=10, healthy_ram_streak=10/15, tracked_pids=116, free_ram_mb=5161
Queue check: current_jobs=10, allowed_parallel=10, current_parallel_cap=10, healthy_ram_streak=11/15, tracked_pids=116, free_ram_mb=5167
Queue check: current_jobs=10, allowed_parallel=10, current_parallel_cap=10, healthy_ram_streak=12/15, tracked_pids=116, free_ram_mb=5130
Queue check: current_jobs=10, allowed_parallel=10, current_parallel_cap=10, healthy_ram_streak=13/15, tracked_pids=116, free_ram_mb=5169
Queue check: current_jobs=10, allowed_parallel=10, current_parallel_cap=10, healthy_ram_streak=14/15, tracked_pids=116, free_ram_mb=5158
Queue check: current_jobs=10, allowed_parallel=10, current_parallel_cap=10, healthy_ram_streak=0/15, tracked_pids=116, free_ram_mb=5174
Queue check: current_jobs=10, allowed_parallel=10, current_parallel_cap=10, healthy_ram_streak=1/15, tracked_pids=116, free_ram_mb=5182
Queue check: current_jobs=10, allowed_parallel=10, current_parallel_cap=10, healthy_ram_streak=2/15, tracked_pids=116, free_ram_mb=5162
Queue check: current_jobs=10, allowed_parallel=10, current_parallel_cap=10, healthy_ram_streak=3/15, tracked_pids=116, free_ram_mb=5152
Queue check: current_jobs=10, allowed_parallel=10, current_parallel_cap=10, healthy_ram_streak=4/15, tracked_pids=116, free_ram_mb=5158
Queue check: current_jobs=10, allowed_parallel=10, current_parallel_cap=10, healthy_ram_streak=5/15, tracked_pids=116, free_ram_mb=5141
Queue check: current_jobs=10, allowed_parallel=10, current_parallel_cap=10, healthy_ram_streak=6/15, tracked_pids=116, free_ram_mb=5144
Queue check: current_jobs=10, allowed_parallel=10, current_parallel_cap=10, healthy_ram_streak=7/15, tracked_pids=116, free_ram_mb=5164
Queue check: current_jobs=10, allowed_parallel=10, current_parallel_cap=10, healthy_ram_streak=8/15, tracked_pids=116, free_ram_mb=5148
Queue check: current_jobs=10, allowed_parallel=10, current_parallel_cap=10, healthy_ram_streak=9/15, tracked_pids=116, free_ram_mb=5165
Queue check: current_jobs=10, allowed_parallel=10, current_parallel_cap=10, healthy_ram_streak=10/15, tracked_pids=116, free_ram_mb=5146
Queue check: current_jobs=10, allowed_parallel=10, current_parallel_cap=10, healthy_ram_streak=11/15, tracked_pids=116, free_ram_mb=5119
Queue check: current_jobs=10, allowed_parallel=10, current_parallel_cap=10, healthy_ram_streak=12/15, tracked_pids=116, free_ram_mb=5143
Queue check: current_jobs=10, allowed_parallel=10, current_parallel_cap=10, healthy_ram_streak=13/15, tracked_pids=116, free_ram_mb=5147
Queue check: current_jobs=10, allowed_parallel=10, current_parallel_cap=10, healthy_ram_streak=14/15, tracked_pids=116, free_ram_mb=5140
Queue check: current_jobs=10, allowed_parallel=10, current_parallel_cap=10, healthy_ram_streak=0/15, tracked_pids=116, free_ram_mb=5175
Queue check: current_jobs=10, allowed_parallel=10, current_parallel_cap=10, healthy_ram_streak=1/15, tracked_pids=116, free_ram_mb=5164
Queue check: current_jobs=10, allowed_parallel=10, current_parallel_cap=10, healthy_ram_streak=2/15, tracked_pids=116, free_ram_mb=5175
Queue check: current_jobs=10, allowed_parallel=10, current_parallel_cap=10, healthy_ram_streak=3/15, tracked_pids=116, free_ram_mb=5155
Queue check: current_jobs=10, allowed_parallel=10, current_parallel_cap=10, healthy_ram_streak=4/15, tracked_pids=116, free_ram_mb=5149
Queue check: current_jobs=10, allowed_parallel=10, current_parallel_cap=10, healthy_ram_streak=5/15, tracked_pids=116, free_ram_mb=5143
Queue check: current_jobs=10, allowed_parallel=10, current_parallel_cap=10, healthy_ram_streak=6/15, tracked_pids=116, free_ram_mb=5143
Queue check: current_jobs=10, allowed_parallel=10, current_parallel_cap=10, healthy_ram_streak=7/15, tracked_pids=116, free_ram_mb=5138
Queue check: current_jobs=10, allowed_parallel=10, current_parallel_cap=10, healthy_ram_streak=8/15, tracked_pids=116, free_ram_mb=5130
Queue check: current_jobs=10, allowed_parallel=10, current_parallel_cap=10, healthy_ram_streak=9/15, tracked_pids=116, free_ram_mb=5163
Queue check: current_jobs=10, allowed_parallel=10, current_parallel_cap=10, healthy_ram_streak=10/15, tracked_pids=116, free_ram_mb=5239
Queue check: current_jobs=10, allowed_parallel=10, current_parallel_cap=10, healthy_ram_streak=11/15, tracked_pids=116, free_ram_mb=5163
Queue check: current_jobs=10, allowed_parallel=10, current_parallel_cap=10, healthy_ram_streak=12/15, tracked_pids=116, free_ram_mb=5148
Queue check: current_jobs=10, allowed_parallel=10, current_parallel_cap=10, healthy_ram_streak=13/15, tracked_pids=116, free_ram_mb=5163
Queue check: current_jobs=10, allowed_parallel=10, current_parallel_cap=10, healthy_ram_streak=14/15, tracked_pids=116, free_ram_mb=5141
Queue check: current_jobs=10, allowed_parallel=10, current_parallel_cap=10, healthy_ram_streak=0/15, tracked_pids=116, free_ram_mb=5151
Queue check: current_jobs=10, allowed_parallel=10, current_parallel_cap=10, healthy_ram_streak=1/15, tracked_pids=116, free_ram_mb=5144
Queue check: current_jobs=10, allowed_parallel=10, current_parallel_cap=10, healthy_ram_streak=2/15, tracked_pids=116, free_ram_mb=5157
Queue check: current_jobs=10, allowed_parallel=10, current_parallel_cap=10, healthy_ram_streak=3/15, tracked_pids=116, free_ram_mb=5152
Queue check: current_jobs=10, allowed_parallel=10, current_parallel_cap=10, healthy_ram_streak=4/15, tracked_pids=116, free_ram_mb=5122
Queue check: current_jobs=10, allowed_parallel=10, current_parallel_cap=10, healthy_ram_streak=5/15, tracked_pids=116, free_ram_mb=5163
Queue check: current_jobs=10, allowed_parallel=10, current_parallel_cap=10, healthy_ram_streak=6/15, tracked_pids=116, free_ram_mb=5138
Queue check: current_jobs=10, allowed_parallel=10, current_parallel_cap=10, healthy_ram_streak=7/15, tracked_pids=116, free_ram_mb=5162
Queue check: current_jobs=10, allowed_parallel=10, current_parallel_cap=10, healthy_ram_streak=8/15, tracked_pids=116, free_ram_mb=5146
Queue check: current_jobs=10, allowed_parallel=10, current_parallel_cap=10, healthy_ram_streak=9/15, tracked_pids=116, free_ram_mb=5139
Queue check: current_jobs=10, allowed_parallel=10, current_parallel_cap=10, healthy_ram_streak=10/15, tracked_pids=116, free_ram_mb=5150
Queue check: current_jobs=10, allowed_parallel=10, current_parallel_cap=10, healthy_ram_streak=11/15, tracked_pids=116, free_ram_mb=5150
Queue check: current_jobs=10, allowed_parallel=10, current_parallel_cap=10, healthy_ram_streak=12/15, tracked_pids=116, free_ram_mb=5154
Queue check: current_jobs=10, allowed_parallel=10, current_parallel_cap=10, healthy_ram_streak=13/15, tracked_pids=116, free_ram_mb=5169
Queue check: current_jobs=10, allowed_parallel=10, current_parallel_cap=10, healthy_ram_streak=14/15, tracked_pids=116, free_ram_mb=5159
Queue check: current_jobs=10, allowed_parallel=10, current_parallel_cap=10, healthy_ram_streak=0/15, tracked_pids=116, free_ram_mb=5157
Queue check: current_jobs=10, allowed_parallel=10, current_parallel_cap=10, healthy_ram_streak=1/15, tracked_pids=116, free_ram_mb=5169
Queue check: current_jobs=10, allowed_parallel=10, current_parallel_cap=10, healthy_ram_streak=2/15, tracked_pids=116, free_ram_mb=5159
Queue check: current_jobs=10, allowed_parallel=10, current_parallel_cap=10, healthy_ram_streak=3/15, tracked_pids=116, free_ram_mb=5150
Queue check: current_jobs=10, allowed_parallel=10, current_parallel_cap=10, healthy_ram_streak=4/15, tracked_pids=116, free_ram_mb=5164
Queue check: current_jobs=10, allowed_parallel=10, current_parallel_cap=10, healthy_ram_streak=5/15, tracked_pids=116, free_ram_mb=5162
Queue check: current_jobs=10, allowed_parallel=10, current_parallel_cap=10, healthy_ram_streak=6/15, tracked_pids=116, free_ram_mb=5172
Queue check: current_jobs=10, allowed_parallel=10, current_parallel_cap=10, healthy_ram_streak=7/15, tracked_pids=116, free_ram_mb=5165
Queue check: current_jobs=10, allowed_parallel=10, current_parallel_cap=10, healthy_ram_streak=8/15, tracked_pids=116, free_ram_mb=5151
Queue check: current_jobs=10, allowed_parallel=10, current_parallel_cap=10, healthy_ram_streak=9/15, tracked_pids=116, free_ram_mb=5181
Queue check: current_jobs=10, allowed_parallel=10, current_parallel_cap=10, healthy_ram_streak=10/15, tracked_pids=116, free_ram_mb=5164
Queue check: current_jobs=10, allowed_parallel=10, current_parallel_cap=10, healthy_ram_streak=11/15, tracked_pids=116, free_ram_mb=5121
Queue check: current_jobs=10, allowed_parallel=10, current_parallel_cap=10, healthy_ram_streak=12/15, tracked_pids=116, free_ram_mb=5155
Queue check: current_jobs=10, allowed_parallel=10, current_parallel_cap=10, healthy_ram_streak=13/15, tracked_pids=116, free_ram_mb=5154
Queue check: current_jobs=10, allowed_parallel=10, current_parallel_cap=10, healthy_ram_streak=14/15, tracked_pids=116, free_ram_mb=5143
Queue check: current_jobs=10, allowed_parallel=10, current_parallel_cap=10, healthy_ram_streak=0/15, tracked_pids=116, free_ram_mb=5154
Queue check: current_jobs=10, allowed_parallel=10, current_parallel_cap=10, healthy_ram_streak=1/15, tracked_pids=116, free_ram_mb=5172
Queue check: current_jobs=10, allowed_parallel=10, current_parallel_cap=10, healthy_ram_streak=2/15, tracked_pids=116, free_ram_mb=5152
Queue check: current_jobs=10, allowed_parallel=10, current_parallel_cap=10, healthy_ram_streak=3/15, tracked_pids=116, free_ram_mb=5149
Queue check: current_jobs=10, allowed_parallel=10, current_parallel_cap=10, healthy_ram_streak=4/15, tracked_pids=116, free_ram_mb=5162
Queue check: current_jobs=10, allowed_parallel=10, current_parallel_cap=10, healthy_ram_streak=5/15, tracked_pids=116, free_ram_mb=5157
Queue check: current_jobs=10, allowed_parallel=10, current_parallel_cap=10, healthy_ram_streak=6/15, tracked_pids=116, free_ram_mb=5141
Queue check: current_jobs=10, allowed_parallel=10, current_parallel_cap=10, healthy_ram_streak=7/15, tracked_pids=116, free_ram_mb=5163
Queue check: current_jobs=10, allowed_parallel=10, current_parallel_cap=10, healthy_ram_streak=8/15, tracked_pids=116, free_ram_mb=5173
Queue check: current_jobs=10, allowed_parallel=10, current_parallel_cap=10, healthy_ram_streak=9/15, tracked_pids=116, free_ram_mb=5165
Queue check: current_jobs=10, allowed_parallel=10, current_parallel_cap=10, healthy_ram_streak=10/15, tracked_pids=116, free_ram_mb=5167
Queue check: current_jobs=10, allowed_parallel=10, current_parallel_cap=10, healthy_ram_streak=11/15, tracked_pids=116, free_ram_mb=5144
Queue check: current_jobs=10, allowed_parallel=10, current_parallel_cap=10, healthy_ram_streak=12/15, tracked_pids=116, free_ram_mb=5154
Queue check: current_jobs=10, allowed_parallel=10, current_parallel_cap=10, healthy_ram_streak=13/15, tracked_pids=116, free_ram_mb=5150
Queue check: current_jobs=10, allowed_parallel=10, current_parallel_cap=10, healthy_ram_streak=14/15, tracked_pids=116, free_ram_mb=5171
Queue check: current_jobs=10, allowed_parallel=10, current_parallel_cap=10, healthy_ram_streak=0/15, tracked_pids=116, free_ram_mb=5153
Queue check: current_jobs=10, allowed_parallel=10, current_parallel_cap=10, healthy_ram_streak=1/15, tracked_pids=116, free_ram_mb=5150
Queue check: current_jobs=10, allowed_parallel=10, current_parallel_cap=10, healthy_ram_streak=2/15, tracked_pids=116, free_ram_mb=5130
Queue check: current_jobs=10, allowed_parallel=10, current_parallel_cap=10, healthy_ram_streak=3/15, tracked_pids=116, free_ram_mb=5098
Queue check: current_jobs=10, allowed_parallel=10, current_parallel_cap=10, healthy_ram_streak=4/15, tracked_pids=116, free_ram_mb=5131
Queue check: current_jobs=10, allowed_parallel=10, current_parallel_cap=10, healthy_ram_streak=5/15, tracked_pids=116, free_ram_mb=5183
Queue check: current_jobs=10, allowed_parallel=10, current_parallel_cap=10, healthy_ram_streak=6/15, tracked_pids=116, free_ram_mb=5139
Queue check: current_jobs=10, allowed_parallel=10, current_parallel_cap=10, healthy_ram_streak=7/15, tracked_pids=116, free_ram_mb=5156
Queue check: current_jobs=10, allowed_parallel=10, current_parallel_cap=10, healthy_ram_streak=8/15, tracked_pids=116, free_ram_mb=5124
Queue check: current_jobs=10, allowed_parallel=10, current_parallel_cap=10, healthy_ram_streak=9/15, tracked_pids=116, free_ram_mb=5137
Queue check: current_jobs=10, allowed_parallel=10, current_parallel_cap=10, healthy_ram_streak=10/15, tracked_pids=116, free_ram_mb=5136
Queue check: current_jobs=10, allowed_parallel=10, current_parallel_cap=10, healthy_ram_streak=11/15, tracked_pids=116, free_ram_mb=5170
Queue check: current_jobs=10, allowed_parallel=10, current_parallel_cap=10, healthy_ram_streak=12/15, tracked_pids=116, free_ram_mb=5159
Queue check: current_jobs=10, allowed_parallel=10, current_parallel_cap=10, healthy_ram_streak=13/15, tracked_pids=116, free_ram_mb=5176
Queue check: current_jobs=10, allowed_parallel=10, current_parallel_cap=10, healthy_ram_streak=14/15, tracked_pids=116, free_ram_mb=5125
Queue check: current_jobs=10, allowed_parallel=10, current_parallel_cap=10, healthy_ram_streak=0/15, tracked_pids=116, free_ram_mb=5165
Queue check: current_jobs=10, allowed_parallel=10, current_parallel_cap=10, healthy_ram_streak=1/15, tracked_pids=116, free_ram_mb=5155
Queue check: current_jobs=10, allowed_parallel=10, current_parallel_cap=10, healthy_ram_streak=2/15, tracked_pids=116, free_ram_mb=5147
Queue check: current_jobs=10, allowed_parallel=10, current_parallel_cap=10, healthy_ram_streak=3/15, tracked_pids=116, free_ram_mb=5148
Queue check: current_jobs=10, allowed_parallel=10, current_parallel_cap=10, healthy_ram_streak=4/15, tracked_pids=116, free_ram_mb=5145
Queue check: current_jobs=10, allowed_parallel=10, current_parallel_cap=10, healthy_ram_streak=5/15, tracked_pids=116, free_ram_mb=5144
Queue check: current_jobs=10, allowed_parallel=10, current_parallel_cap=10, healthy_ram_streak=6/15, tracked_pids=116, free_ram_mb=5137
Queue check: current_jobs=10, allowed_parallel=10, current_parallel_cap=10, healthy_ram_streak=7/15, tracked_pids=116, free_ram_mb=5136
Queue check: current_jobs=10, allowed_parallel=10, current_parallel_cap=10, healthy_ram_streak=8/15, tracked_pids=116, free_ram_mb=5157
Queue check: current_jobs=10, allowed_parallel=10, current_parallel_cap=10, healthy_ram_streak=9/15, tracked_pids=116, free_ram_mb=5146
Queue check: current_jobs=10, allowed_parallel=10, current_parallel_cap=10, healthy_ram_streak=10/15, tracked_pids=116, free_ram_mb=5158
Queue check: current_jobs=10, allowed_parallel=10, current_parallel_cap=10, healthy_ram_streak=11/15, tracked_pids=116, free_ram_mb=5135
Queue check: current_jobs=10, allowed_parallel=10, current_parallel_cap=10, healthy_ram_streak=12/15, tracked_pids=116, free_ram_mb=5099
Queue check: current_jobs=10, allowed_parallel=10, current_parallel_cap=10, healthy_ram_streak=13/15, tracked_pids=116, free_ram_mb=5153
Queue check: current_jobs=10, allowed_parallel=10, current_parallel_cap=10, healthy_ram_streak=14/15, tracked_pids=116, free_ram_mb=5139
Queue check: current_jobs=10, allowed_parallel=10, current_parallel_cap=10, healthy_ram_streak=0/15, tracked_pids=116, free_ram_mb=5160
Queue check: current_jobs=10, allowed_parallel=10, current_parallel_cap=10, healthy_ram_streak=1/15, tracked_pids=116, free_ram_mb=5162
Queue check: current_jobs=10, allowed_parallel=10, current_parallel_cap=10, healthy_ram_streak=2/15, tracked_pids=116, free_ram_mb=5145
Queue check: current_jobs=10, allowed_parallel=10, current_parallel_cap=10, healthy_ram_streak=3/15, tracked_pids=116, free_ram_mb=5141
Queue check: current_jobs=10, allowed_parallel=10, current_parallel_cap=10, healthy_ram_streak=4/15, tracked_pids=116, free_ram_mb=5148
Queue check: current_jobs=10, allowed_parallel=10, current_parallel_cap=10, healthy_ram_streak=5/15, tracked_pids=116, free_ram_mb=5153
Queue check: current_jobs=10, allowed_parallel=10, current_parallel_cap=10, healthy_ram_streak=6/15, tracked_pids=116, free_ram_mb=5118
Queue check: current_jobs=10, allowed_parallel=10, current_parallel_cap=10, healthy_ram_streak=7/15, tracked_pids=116, free_ram_mb=5130
Queue check: current_jobs=10, allowed_parallel=10, current_parallel_cap=10, healthy_ram_streak=8/15, tracked_pids=116, free_ram_mb=5140
Queue check: current_jobs=10, allowed_parallel=10, current_parallel_cap=10, healthy_ram_streak=9/15, tracked_pids=116, free_ram_mb=5157
Queue check: current_jobs=10, allowed_parallel=10, current_parallel_cap=10, healthy_ram_streak=10/15, tracked_pids=116, free_ram_mb=5157
Queue check: current_jobs=10, allowed_parallel=10, current_parallel_cap=10, healthy_ram_streak=11/15, tracked_pids=116, free_ram_mb=5140
Queue check: current_jobs=10, allowed_parallel=10, current_parallel_cap=10, healthy_ram_streak=12/15, tracked_pids=116, free_ram_mb=5167
Queue check: current_jobs=10, allowed_parallel=10, current_parallel_cap=10, healthy_ram_streak=13/15, tracked_pids=116, free_ram_mb=5144
Queue check: current_jobs=10, allowed_parallel=10, current_parallel_cap=10, healthy_ram_streak=14/15, tracked_pids=116, free_ram_mb=5156
Queue check: current_jobs=10, allowed_parallel=10, current_parallel_cap=10, healthy_ram_streak=0/15, tracked_pids=116, free_ram_mb=5143
Queue check: current_jobs=10, allowed_parallel=10, current_parallel_cap=10, healthy_ram_streak=1/15, tracked_pids=116, free_ram_mb=5151
Queue check: current_jobs=10, allowed_parallel=10, current_parallel_cap=10, healthy_ram_streak=2/15, tracked_pids=116, free_ram_mb=5123
Queue check: current_jobs=10, allowed_parallel=10, current_parallel_cap=10, healthy_ram_streak=3/15, tracked_pids=116, free_ram_mb=5118
Queue check: current_jobs=10, allowed_parallel=10, current_parallel_cap=10, healthy_ram_streak=4/15, tracked_pids=116, free_ram_mb=5116
Queue check: current_jobs=10, allowed_parallel=10, current_parallel_cap=10, healthy_ram_streak=5/15, tracked_pids=116, free_ram_mb=5162
Queue check: current_jobs=10, allowed_parallel=10, current_parallel_cap=10, healthy_ram_streak=6/15, tracked_pids=116, free_ram_mb=5149
Queue check: current_jobs=10, allowed_parallel=10, current_parallel_cap=10, healthy_ram_streak=7/15, tracked_pids=116, free_ram_mb=5137
Queue check: current_jobs=10, allowed_parallel=10, current_parallel_cap=10, healthy_ram_streak=8/15, tracked_pids=116, free_ram_mb=5153
Queue check: current_jobs=10, allowed_parallel=10, current_parallel_cap=10, healthy_ram_streak=9/15, tracked_pids=116, free_ram_mb=5075
Queue check: current_jobs=10, allowed_parallel=10, current_parallel_cap=10, healthy_ram_streak=10/15, tracked_pids=116, free_ram_mb=5053
Queue check: current_jobs=10, allowed_parallel=10, current_parallel_cap=10, healthy_ram_streak=11/15, tracked_pids=116, free_ram_mb=5099
Queue check: current_jobs=10, allowed_parallel=10, current_parallel_cap=10, healthy_ram_streak=12/15, tracked_pids=116, free_ram_mb=5135
Queue check: current_jobs=10, allowed_parallel=10, current_parallel_cap=10, healthy_ram_streak=13/15, tracked_pids=116, free_ram_mb=5133
Queue check: current_jobs=10, allowed_parallel=10, current_parallel_cap=10, healthy_ram_streak=14/15, tracked_pids=116, free_ram_mb=5135
Queue check: current_jobs=10, allowed_parallel=10, current_parallel_cap=10, healthy_ram_streak=0/15, tracked_pids=116, free_ram_mb=5148
Queue check: current_jobs=10, allowed_parallel=10, current_parallel_cap=10, healthy_ram_streak=1/15, tracked_pids=116, free_ram_mb=5175
Queue check: current_jobs=10, allowed_parallel=10, current_parallel_cap=10, healthy_ram_streak=2/15, tracked_pids=116, free_ram_mb=5245
Queue check: current_jobs=10, allowed_parallel=10, current_parallel_cap=10, healthy_ram_streak=3/15, tracked_pids=116, free_ram_mb=5148
Queue check: current_jobs=10, allowed_parallel=10, current_parallel_cap=10, healthy_ram_streak=4/15, tracked_pids=116, free_ram_mb=5157
Queue check: current_jobs=10, allowed_parallel=10, current_parallel_cap=10, healthy_ram_streak=5/15, tracked_pids=116, free_ram_mb=5159
Queue check: current_jobs=10, allowed_parallel=10, current_parallel_cap=10, healthy_ram_streak=6/15, tracked_pids=116, free_ram_mb=5174
Queue check: current_jobs=10, allowed_parallel=10, current_parallel_cap=10, healthy_ram_streak=7/15, tracked_pids=116, free_ram_mb=5182
Queue check: current_jobs=10, allowed_parallel=10, current_parallel_cap=10, healthy_ram_streak=8/15, tracked_pids=116, free_ram_mb=5182
Queue check: current_jobs=10, allowed_parallel=10, current_parallel_cap=10, healthy_ram_streak=9/15, tracked_pids=116, free_ram_mb=5211
Queue check: current_jobs=10, allowed_parallel=10, current_parallel_cap=10, healthy_ram_streak=10/15, tracked_pids=116, free_ram_mb=5259
Queue check: current_jobs=10, allowed_parallel=10, current_parallel_cap=10, healthy_ram_streak=11/15, tracked_pids=116, free_ram_mb=5264
Queue check: current_jobs=10, allowed_parallel=10, current_parallel_cap=10, healthy_ram_streak=12/15, tracked_pids=116, free_ram_mb=5305
Queue check: current_jobs=10, allowed_parallel=10, current_parallel_cap=10, healthy_ram_streak=13/15, tracked_pids=116, free_ram_mb=5258
Queue check: current_jobs=10, allowed_parallel=10, current_parallel_cap=10, healthy_ram_streak=14/15, tracked_pids=116, free_ram_mb=5240
Queue check: current_jobs=10, allowed_parallel=10, current_parallel_cap=10, healthy_ram_streak=0/15, tracked_pids=116, free_ram_mb=5231
Queue check: current_jobs=10, allowed_parallel=10, current_parallel_cap=10, healthy_ram_streak=1/15, tracked_pids=116, free_ram_mb=5248
Queue check: current_jobs=10, allowed_parallel=10, current_parallel_cap=10, healthy_ram_streak=2/15, tracked_pids=116, free_ram_mb=5238
Queue check: current_jobs=10, allowed_parallel=10, current_parallel_cap=10, healthy_ram_streak=3/15, tracked_pids=116, free_ram_mb=5244
Queue check: current_jobs=10, allowed_parallel=10, current_parallel_cap=10, healthy_ram_streak=4/15, tracked_pids=116, free_ram_mb=5253
Queue check: current_jobs=10, allowed_parallel=10, current_parallel_cap=10, healthy_ram_streak=5/15, tracked_pids=116, free_ram_mb=5244
Queue check: current_jobs=10, allowed_parallel=10, current_parallel_cap=10, healthy_ram_streak=6/15, tracked_pids=116, free_ram_mb=5202
Queue check: current_jobs=10, allowed_parallel=10, current_parallel_cap=10, healthy_ram_streak=7/15, tracked_pids=116, free_ram_mb=5229
Queue check: current_jobs=10, allowed_parallel=10, current_parallel_cap=10, healthy_ram_streak=8/15, tracked_pids=116, free_ram_mb=5187
Queue check: current_jobs=10, allowed_parallel=10, current_parallel_cap=10, healthy_ram_streak=9/15, tracked_pids=116, free_ram_mb=5223
Queue check: current_jobs=10, allowed_parallel=10, current_parallel_cap=10, healthy_ram_streak=10/15, tracked_pids=116, free_ram_mb=5216
Queue check: current_jobs=10, allowed_parallel=10, current_parallel_cap=10, healthy_ram_streak=11/15, tracked_pids=116, free_ram_mb=5235
Queue check: current_jobs=10, allowed_parallel=10, current_parallel_cap=10, healthy_ram_streak=12/15, tracked_pids=116, free_ram_mb=5222
Queue check: current_jobs=10, allowed_parallel=10, current_parallel_cap=10, healthy_ram_streak=13/15, tracked_pids=116, free_ram_mb=5188
Queue check: current_jobs=10, allowed_parallel=10, current_parallel_cap=10, healthy_ram_streak=14/15, tracked_pids=116, free_ram_mb=5168
Queue check: current_jobs=10, allowed_parallel=10, current_parallel_cap=10, healthy_ram_streak=0/15, tracked_pids=116, free_ram_mb=5196
Queue check: current_jobs=10, allowed_parallel=10, current_parallel_cap=10, healthy_ram_streak=1/15, tracked_pids=116, free_ram_mb=5199
Queue check: current_jobs=10, allowed_parallel=10, current_parallel_cap=10, healthy_ram_streak=2/15, tracked_pids=116, free_ram_mb=5186
Queue check: current_jobs=10, allowed_parallel=10, current_parallel_cap=10, healthy_ram_streak=3/15, tracked_pids=116, free_ram_mb=5153
Queue check: current_jobs=10, allowed_parallel=10, current_parallel_cap=10, healthy_ram_streak=4/15, tracked_pids=116, free_ram_mb=5178
Queue check: current_jobs=10, allowed_parallel=10, current_parallel_cap=10, healthy_ram_streak=5/15, tracked_pids=116, free_ram_mb=5162
Queue check: current_jobs=10, allowed_parallel=10, current_parallel_cap=10, healthy_ram_streak=6/15, tracked_pids=116, free_ram_mb=5160
Queue check: current_jobs=10, allowed_parallel=10, current_parallel_cap=10, healthy_ram_streak=7/15, tracked_pids=116, free_ram_mb=5164
Queue check: current_jobs=10, allowed_parallel=10, current_parallel_cap=10, healthy_ram_streak=8/15, tracked_pids=116, free_ram_mb=5205
Queue check: current_jobs=10, allowed_parallel=10, current_parallel_cap=10, healthy_ram_streak=9/15, tracked_pids=116, free_ram_mb=5208
Queue check: current_jobs=10, allowed_parallel=10, current_parallel_cap=10, healthy_ram_streak=10/15, tracked_pids=116, free_ram_mb=5238
Queue check: current_jobs=10, allowed_parallel=10, current_parallel_cap=10, healthy_ram_streak=11/15, tracked_pids=116, free_ram_mb=5223
Queue check: current_jobs=10, allowed_parallel=10, current_parallel_cap=10, healthy_ram_streak=12/15, tracked_pids=116, free_ram_mb=5193
Queue check: current_jobs=10, allowed_parallel=10, current_parallel_cap=10, healthy_ram_streak=13/15, tracked_pids=116, free_ram_mb=5182
Queue check: current_jobs=10, allowed_parallel=10, current_parallel_cap=10, healthy_ram_streak=14/15, tracked_pids=116, free_ram_mb=5194
Queue check: current_jobs=10, allowed_parallel=10, current_parallel_cap=10, healthy_ram_streak=0/15, tracked_pids=116, free_ram_mb=5194
Queue check: current_jobs=10, allowed_parallel=10, current_parallel_cap=10, healthy_ram_streak=1/15, tracked_pids=116, free_ram_mb=5171
Queue check: current_jobs=10, allowed_parallel=10, current_parallel_cap=10, healthy_ram_streak=2/15, tracked_pids=116, free_ram_mb=5194
Queue check: current_jobs=10, allowed_parallel=10, current_parallel_cap=10, healthy_ram_streak=3/15, tracked_pids=116, free_ram_mb=5212
Queue check: current_jobs=10, allowed_parallel=10, current_parallel_cap=10, healthy_ram_streak=4/15, tracked_pids=116, free_ram_mb=5192
Queue check: current_jobs=10, allowed_parallel=10, current_parallel_cap=10, healthy_ram_streak=5/15, tracked_pids=116, free_ram_mb=5208
Queue check: current_jobs=10, allowed_parallel=10, current_parallel_cap=10, healthy_ram_streak=6/15, tracked_pids=116, free_ram_mb=5212
Queue check: current_jobs=10, allowed_parallel=10, current_parallel_cap=10, healthy_ram_streak=7/15, tracked_pids=116, free_ram_mb=5180
Queue check: current_jobs=10, allowed_parallel=10, current_parallel_cap=10, healthy_ram_streak=8/15, tracked_pids=116, free_ram_mb=5183
Queue check: current_jobs=10, allowed_parallel=10, current_parallel_cap=10, healthy_ram_streak=9/15, tracked_pids=116, free_ram_mb=5175
Queue check: current_jobs=10, allowed_parallel=10, current_parallel_cap=10, healthy_ram_streak=10/15, tracked_pids=116, free_ram_mb=5143
Queue check: current_jobs=10, allowed_parallel=10, current_parallel_cap=10, healthy_ram_streak=11/15, tracked_pids=116, free_ram_mb=5136
Queue check: current_jobs=10, allowed_parallel=10, current_parallel_cap=10, healthy_ram_streak=12/15, tracked_pids=116, free_ram_mb=5155
Queue check: current_jobs=10, allowed_parallel=10, current_parallel_cap=10, healthy_ram_streak=13/15, tracked_pids=116, free_ram_mb=5151
Queue check: current_jobs=10, allowed_parallel=10, current_parallel_cap=10, healthy_ram_streak=14/15, tracked_pids=116, free_ram_mb=5147
Queue check: current_jobs=10, allowed_parallel=10, current_parallel_cap=10, healthy_ram_streak=0/15, tracked_pids=116, free_ram_mb=5131
Queue check: current_jobs=10, allowed_parallel=10, current_parallel_cap=10, healthy_ram_streak=1/15, tracked_pids=116, free_ram_mb=5125
Queue check: current_jobs=10, allowed_parallel=10, current_parallel_cap=10, healthy_ram_streak=2/15, tracked_pids=116, free_ram_mb=5128
Queue check: current_jobs=10, allowed_parallel=10, current_parallel_cap=10, healthy_ram_streak=3/15, tracked_pids=116, free_ram_mb=5129
Queue check: current_jobs=10, allowed_parallel=10, current_parallel_cap=10, healthy_ram_streak=4/15, tracked_pids=116, free_ram_mb=5135
Queue check: current_jobs=10, allowed_parallel=10, current_parallel_cap=10, healthy_ram_streak=5/15, tracked_pids=116, free_ram_mb=5123
Queue check: current_jobs=10, allowed_parallel=10, current_parallel_cap=10, healthy_ram_streak=6/15, tracked_pids=116, free_ram_mb=5122
Queue check: current_jobs=10, allowed_parallel=10, current_parallel_cap=10, healthy_ram_streak=7/15, tracked_pids=116, free_ram_mb=5132
Queue check: current_jobs=10, allowed_parallel=10, current_parallel_cap=10, healthy_ram_streak=8/15, tracked_pids=116, free_ram_mb=5126
Queue check: current_jobs=10, allowed_parallel=10, current_parallel_cap=10, healthy_ram_streak=9/15, tracked_pids=116, free_ram_mb=5152
Queue check: current_jobs=10, allowed_parallel=10, current_parallel_cap=10, healthy_ram_streak=10/15, tracked_pids=116, free_ram_mb=5145
Queue check: current_jobs=10, allowed_parallel=10, current_parallel_cap=10, healthy_ram_streak=11/15, tracked_pids=116, free_ram_mb=5116
Queue check: current_jobs=10, allowed_parallel=10, current_parallel_cap=10, healthy_ram_streak=12/15, tracked_pids=116, free_ram_mb=5150
Queue check: current_jobs=10, allowed_parallel=10, current_parallel_cap=10, healthy_ram_streak=13/15, tracked_pids=116, free_ram_mb=5141
Queue check: current_jobs=10, allowed_parallel=10, current_parallel_cap=10, healthy_ram_streak=14/15, tracked_pids=116, free_ram_mb=5163
Queue check: current_jobs=10, allowed_parallel=10, current_parallel_cap=10, healthy_ram_streak=0/15, tracked_pids=116, free_ram_mb=5132
Queue check: current_jobs=10, allowed_parallel=10, current_parallel_cap=10, healthy_ram_streak=1/15, tracked_pids=116, free_ram_mb=5125
Queue check: current_jobs=10, allowed_parallel=10, current_parallel_cap=10, healthy_ram_streak=2/15, tracked_pids=116, free_ram_mb=5117
Queue check: current_jobs=10, allowed_parallel=10, current_parallel_cap=10, healthy_ram_streak=3/15, tracked_pids=116, free_ram_mb=5167
Queue check: current_jobs=10, allowed_parallel=10, current_parallel_cap=10, healthy_ram_streak=4/15, tracked_pids=116, free_ram_mb=5162
Queue check: current_jobs=10, allowed_parallel=10, current_parallel_cap=10, healthy_ram_streak=5/15, tracked_pids=116, free_ram_mb=5159
Queue check: current_jobs=10, allowed_parallel=10, current_parallel_cap=10, healthy_ram_streak=6/15, tracked_pids=116, free_ram_mb=5130
Queue check: current_jobs=10, allowed_parallel=10, current_parallel_cap=10, healthy_ram_streak=7/15, tracked_pids=116, free_ram_mb=5135
Queue check: current_jobs=10, allowed_parallel=10, current_parallel_cap=10, healthy_ram_streak=8/15, tracked_pids=116, free_ram_mb=5131
Queue check: current_jobs=10, allowed_parallel=10, current_parallel_cap=10, healthy_ram_streak=9/15, tracked_pids=116, free_ram_mb=5147
Queue check: current_jobs=10, allowed_parallel=10, current_parallel_cap=10, healthy_ram_streak=10/15, tracked_pids=116, free_ram_mb=5148
Queue check: current_jobs=10, allowed_parallel=10, current_parallel_cap=10, healthy_ram_streak=11/15, tracked_pids=116, free_ram_mb=5135
Queue check: current_jobs=10, allowed_parallel=10, current_parallel_cap=10, healthy_ram_streak=12/15, tracked_pids=116, free_ram_mb=5327
Queue check: current_jobs=10, allowed_parallel=10, current_parallel_cap=10, healthy_ram_streak=13/15, tracked_pids=116, free_ram_mb=5141
Queue check: current_jobs=10, allowed_parallel=10, current_parallel_cap=10, healthy_ram_streak=14/15, tracked_pids=116, free_ram_mb=5125
Queue check: current_jobs=10, allowed_parallel=10, current_parallel_cap=10, healthy_ram_streak=0/15, tracked_pids=116, free_ram_mb=5147
Queue check: current_jobs=10, allowed_parallel=10, current_parallel_cap=10, healthy_ram_streak=1/15, tracked_pids=116, free_ram_mb=5129
Queue check: current_jobs=10, allowed_parallel=10, current_parallel_cap=10, healthy_ram_streak=2/15, tracked_pids=116, free_ram_mb=5132
Queue check: current_jobs=10, allowed_parallel=10, current_parallel_cap=10, healthy_ram_streak=3/15, tracked_pids=116, free_ram_mb=5137
Queue check: current_jobs=10, allowed_parallel=10, current_parallel_cap=10, healthy_ram_streak=4/15, tracked_pids=116, free_ram_mb=5134
Queue check: current_jobs=10, allowed_parallel=10, current_parallel_cap=10, healthy_ram_streak=5/15, tracked_pids=116, free_ram_mb=5139
Queue check: current_jobs=10, allowed_parallel=10, current_parallel_cap=10, healthy_ram_streak=6/15, tracked_pids=116, free_ram_mb=5143
Queue check: current_jobs=10, allowed_parallel=10, current_parallel_cap=10, healthy_ram_streak=7/15, tracked_pids=116, free_ram_mb=5149
Queue check: current_jobs=10, allowed_parallel=10, current_parallel_cap=10, healthy_ram_streak=8/15, tracked_pids=116, free_ram_mb=5140
Queue check: current_jobs=10, allowed_parallel=10, current_parallel_cap=10, healthy_ram_streak=9/15, tracked_pids=116, free_ram_mb=5095
Queue check: current_jobs=10, allowed_parallel=10, current_parallel_cap=10, healthy_ram_streak=10/15, tracked_pids=116, free_ram_mb=5125
Queue check: current_jobs=10, allowed_parallel=10, current_parallel_cap=10, healthy_ram_streak=11/15, tracked_pids=116, free_ram_mb=5139
Queue check: current_jobs=10, allowed_parallel=10, current_parallel_cap=10, healthy_ram_streak=12/15, tracked_pids=116, free_ram_mb=5125
Queue check: current_jobs=10, allowed_parallel=10, current_parallel_cap=10, healthy_ram_streak=13/15, tracked_pids=116, free_ram_mb=5124
Queue check: current_jobs=10, allowed_parallel=10, current_parallel_cap=10, healthy_ram_streak=14/15, tracked_pids=116, free_ram_mb=5122
Queue check: current_jobs=10, allowed_parallel=10, current_parallel_cap=10, healthy_ram_streak=0/15, tracked_pids=116, free_ram_mb=5130
Queue check: current_jobs=10, allowed_parallel=10, current_parallel_cap=10, healthy_ram_streak=1/15, tracked_pids=116, free_ram_mb=5134
Queue check: current_jobs=10, allowed_parallel=10, current_parallel_cap=10, healthy_ram_streak=2/15, tracked_pids=116, free_ram_mb=5162
Queue check: current_jobs=10, allowed_parallel=10, current_parallel_cap=10, healthy_ram_streak=3/15, tracked_pids=116, free_ram_mb=5217
Queue check: current_jobs=10, allowed_parallel=10, current_parallel_cap=10, healthy_ram_streak=4/15, tracked_pids=116, free_ram_mb=5171
Queue check: current_jobs=10, allowed_parallel=10, current_parallel_cap=10, healthy_ram_streak=5/15, tracked_pids=116, free_ram_mb=5163
Queue check: current_jobs=10, allowed_parallel=10, current_parallel_cap=10, healthy_ram_streak=6/15, tracked_pids=116, free_ram_mb=5149
Queue check: current_jobs=10, allowed_parallel=10, current_parallel_cap=10, healthy_ram_streak=7/15, tracked_pids=116, free_ram_mb=5127
Queue check: current_jobs=10, allowed_parallel=10, current_parallel_cap=10, healthy_ram_streak=8/15, tracked_pids=116, free_ram_mb=5127
Queue check: current_jobs=10, allowed_parallel=10, current_parallel_cap=10, healthy_ram_streak=9/15, tracked_pids=116, free_ram_mb=5141
Queue check: current_jobs=10, allowed_parallel=10, current_parallel_cap=10, healthy_ram_streak=10/15, tracked_pids=116, free_ram_mb=5138
Queue check: current_jobs=10, allowed_parallel=10, current_parallel_cap=10, healthy_ram_streak=11/15, tracked_pids=116, free_ram_mb=5146
Queue check: current_jobs=10, allowed_parallel=10, current_parallel_cap=10, healthy_ram_streak=12/15, tracked_pids=116, free_ram_mb=5122
Queue check: current_jobs=10, allowed_parallel=10, current_parallel_cap=10, healthy_ram_streak=13/15, tracked_pids=116, free_ram_mb=5158
Queue check: current_jobs=10, allowed_parallel=10, current_parallel_cap=10, healthy_ram_streak=14/15, tracked_pids=116, free_ram_mb=5100
Queue check: current_jobs=10, allowed_parallel=10, current_parallel_cap=10, healthy_ram_streak=0/15, tracked_pids=116, free_ram_mb=5142
Queue check: current_jobs=10, allowed_parallel=10, current_parallel_cap=10, healthy_ram_streak=1/15, tracked_pids=116, free_ram_mb=5130
Queue check: current_jobs=10, allowed_parallel=10, current_parallel_cap=10, healthy_ram_streak=2/15, tracked_pids=116, free_ram_mb=5121
Queue check: current_jobs=10, allowed_parallel=10, current_parallel_cap=10, healthy_ram_streak=3/15, tracked_pids=116, free_ram_mb=5149
Queue check: current_jobs=10, allowed_parallel=10, current_parallel_cap=10, healthy_ram_streak=4/15, tracked_pids=116, free_ram_mb=5135
Queue check: current_jobs=10, allowed_parallel=10, current_parallel_cap=10, healthy_ram_streak=5/15, tracked_pids=116, free_ram_mb=5126
Queue check: current_jobs=10, allowed_parallel=10, current_parallel_cap=10, healthy_ram_streak=6/15, tracked_pids=116, free_ram_mb=5121
Queue check: current_jobs=10, allowed_parallel=10, current_parallel_cap=10, healthy_ram_streak=7/15, tracked_pids=116, free_ram_mb=5122
Queue check: current_jobs=10, allowed_parallel=10, current_parallel_cap=10, healthy_ram_streak=8/15, tracked_pids=116, free_ram_mb=5126
Queue check: current_jobs=10, allowed_parallel=10, current_parallel_cap=10, healthy_ram_streak=9/15, tracked_pids=116, free_ram_mb=5135
Queue check: current_jobs=10, allowed_parallel=10, current_parallel_cap=10, healthy_ram_streak=10/15, tracked_pids=116, free_ram_mb=5123
Queue check: current_jobs=10, allowed_parallel=10, current_parallel_cap=10, healthy_ram_streak=11/15, tracked_pids=116, free_ram_mb=5131
Queue check: current_jobs=10, allowed_parallel=10, current_parallel_cap=10, healthy_ram_streak=12/15, tracked_pids=116, free_ram_mb=5113
Queue check: current_jobs=10, allowed_parallel=10, current_parallel_cap=10, healthy_ram_streak=13/15, tracked_pids=116, free_ram_mb=5230
Queue check: current_jobs=10, allowed_parallel=10, current_parallel_cap=10, healthy_ram_streak=14/15, tracked_pids=116, free_ram_mb=5153
Queue check: current_jobs=10, allowed_parallel=10, current_parallel_cap=10, healthy_ram_streak=0/15, tracked_pids=116, free_ram_mb=5136
Queue check: current_jobs=10, allowed_parallel=10, current_parallel_cap=10, healthy_ram_streak=1/15, tracked_pids=116, free_ram_mb=5127
Queue check: current_jobs=10, allowed_parallel=10, current_parallel_cap=10, healthy_ram_streak=2/15, tracked_pids=116, free_ram_mb=5137
Queue check: current_jobs=10, allowed_parallel=10, current_parallel_cap=10, healthy_ram_streak=3/15, tracked_pids=116, free_ram_mb=5136
Queue check: current_jobs=10, allowed_parallel=10, current_parallel_cap=10, healthy_ram_streak=4/15, tracked_pids=116, free_ram_mb=5133
Queue check: current_jobs=10, allowed_parallel=10, current_parallel_cap=10, healthy_ram_streak=5/15, tracked_pids=116, free_ram_mb=5121
Queue check: current_jobs=10, allowed_parallel=10, current_parallel_cap=10, healthy_ram_streak=6/15, tracked_pids=116, free_ram_mb=5132
Queue check: current_jobs=10, allowed_parallel=10, current_parallel_cap=10, healthy_ram_streak=7/15, tracked_pids=116, free_ram_mb=5131
Queue check: current_jobs=10, allowed_parallel=10, current_parallel_cap=10, healthy_ram_streak=8/15, tracked_pids=116, free_ram_mb=5153
Queue check: current_jobs=10, allowed_parallel=10, current_parallel_cap=10, healthy_ram_streak=9/15, tracked_pids=116, free_ram_mb=5128
Queue check: current_jobs=10, allowed_parallel=10, current_parallel_cap=10, healthy_ram_streak=10/15, tracked_pids=116, free_ram_mb=5133
Queue check: current_jobs=10, allowed_parallel=10, current_parallel_cap=10, healthy_ram_streak=11/15, tracked_pids=116, free_ram_mb=5113
Queue check: current_jobs=10, allowed_parallel=10, current_parallel_cap=10, healthy_ram_streak=12/15, tracked_pids=116, free_ram_mb=5136
Queue check: current_jobs=10, allowed_parallel=10, current_parallel_cap=10, healthy_ram_streak=13/15, tracked_pids=116, free_ram_mb=5131
Queue check: current_jobs=10, allowed_parallel=10, current_parallel_cap=10, healthy_ram_streak=14/15, tracked_pids=116, free_ram_mb=5148
Queue check: current_jobs=10, allowed_parallel=10, current_parallel_cap=10, healthy_ram_streak=0/15, tracked_pids=116, free_ram_mb=5117
Queue check: current_jobs=10, allowed_parallel=10, current_parallel_cap=10, healthy_ram_streak=1/15, tracked_pids=116, free_ram_mb=5149
Queue check: current_jobs=10, allowed_parallel=10, current_parallel_cap=10, healthy_ram_streak=2/15, tracked_pids=116, free_ram_mb=5138
Queue check: current_jobs=10, allowed_parallel=10, current_parallel_cap=10, healthy_ram_streak=3/15, tracked_pids=116, free_ram_mb=5135
Queue check: current_jobs=10, allowed_parallel=10, current_parallel_cap=10, healthy_ram_streak=4/15, tracked_pids=116, free_ram_mb=5132
Queue check: current_jobs=10, allowed_parallel=10, current_parallel_cap=10, healthy_ram_streak=5/15, tracked_pids=116, free_ram_mb=5136
Queue check: current_jobs=10, allowed_parallel=10, current_parallel_cap=10, healthy_ram_streak=6/15, tracked_pids=116, free_ram_mb=5129
Queue check: current_jobs=10, allowed_parallel=10, current_parallel_cap=10, healthy_ram_streak=7/15, tracked_pids=116, free_ram_mb=5119
Queue check: current_jobs=10, allowed_parallel=10, current_parallel_cap=10, healthy_ram_streak=8/15, tracked_pids=116, free_ram_mb=5135
Queue check: current_jobs=10, allowed_parallel=10, current_parallel_cap=10, healthy_ram_streak=9/15, tracked_pids=116, free_ram_mb=5121
Queue check: current_jobs=10, allowed_parallel=10, current_parallel_cap=10, healthy_ram_streak=10/15, tracked_pids=116, free_ram_mb=5164
Queue check: current_jobs=10, allowed_parallel=10, current_parallel_cap=10, healthy_ram_streak=11/15, tracked_pids=116, free_ram_mb=5159
Queue check: current_jobs=10, allowed_parallel=10, current_parallel_cap=10, healthy_ram_streak=12/15, tracked_pids=116, free_ram_mb=5122
Queue check: current_jobs=10, allowed_parallel=10, current_parallel_cap=10, healthy_ram_streak=13/15, tracked_pids=116, free_ram_mb=5132
Queue check: current_jobs=10, allowed_parallel=10, current_parallel_cap=10, healthy_ram_streak=14/15, tracked_pids=116, free_ram_mb=5147
Queue check: current_jobs=10, allowed_parallel=10, current_parallel_cap=10, healthy_ram_streak=0/15, tracked_pids=116, free_ram_mb=5132
Queue check: current_jobs=10, allowed_parallel=10, current_parallel_cap=10, healthy_ram_streak=1/15, tracked_pids=116, free_ram_mb=5104
Queue check: current_jobs=10, allowed_parallel=10, current_parallel_cap=10, healthy_ram_streak=2/15, tracked_pids=116, free_ram_mb=5073
Queue check: current_jobs=10, allowed_parallel=10, current_parallel_cap=10, healthy_ram_streak=3/15, tracked_pids=116, free_ram_mb=5133
Queue check: current_jobs=10, allowed_parallel=10, current_parallel_cap=10, healthy_ram_streak=4/15, tracked_pids=116, free_ram_mb=5119
Queue check: current_jobs=10, allowed_parallel=10, current_parallel_cap=10, healthy_ram_streak=5/15, tracked_pids=116, free_ram_mb=5124
Queue check: current_jobs=10, allowed_parallel=10, current_parallel_cap=10, healthy_ram_streak=6/15, tracked_pids=116, free_ram_mb=5137
Queue check: current_jobs=10, allowed_parallel=10, current_parallel_cap=10, healthy_ram_streak=7/15, tracked_pids=116, free_ram_mb=5129
Queue check: current_jobs=10, allowed_parallel=10, current_parallel_cap=10, healthy_ram_streak=8/15, tracked_pids=116, free_ram_mb=5147
Queue check: current_jobs=10, allowed_parallel=10, current_parallel_cap=10, healthy_ram_streak=9/15, tracked_pids=116, free_ram_mb=5133
Queue check: current_jobs=10, allowed_parallel=10, current_parallel_cap=10, healthy_ram_streak=10/15, tracked_pids=116, free_ram_mb=5125
Queue check: current_jobs=10, allowed_parallel=10, current_parallel_cap=10, healthy_ram_streak=11/15, tracked_pids=116, free_ram_mb=5132
Queue check: current_jobs=10, allowed_parallel=10, current_parallel_cap=10, healthy_ram_streak=12/15, tracked_pids=116, free_ram_mb=5136
Queue check: current_jobs=10, allowed_parallel=10, current_parallel_cap=10, healthy_ram_streak=13/15, tracked_pids=116, free_ram_mb=5122
Queue check: current_jobs=10, allowed_parallel=10, current_parallel_cap=10, healthy_ram_streak=14/15, tracked_pids=116, free_ram_mb=5132
Queue check: current_jobs=10, allowed_parallel=10, current_parallel_cap=10, healthy_ram_streak=0/15, tracked_pids=116, free_ram_mb=5151
Queue check: current_jobs=10, allowed_parallel=10, current_parallel_cap=10, healthy_ram_streak=1/15, tracked_pids=116, free_ram_mb=5140
Queue check: current_jobs=10, allowed_parallel=10, current_parallel_cap=10, healthy_ram_streak=2/15, tracked_pids=116, free_ram_mb=5111
Queue check: current_jobs=10, allowed_parallel=10, current_parallel_cap=10, healthy_ram_streak=3/15, tracked_pids=116, free_ram_mb=5129
Queue check: current_jobs=10, allowed_parallel=10, current_parallel_cap=10, healthy_ram_streak=4/15, tracked_pids=116, free_ram_mb=5150
Queue check: current_jobs=10, allowed_parallel=10, current_parallel_cap=10, healthy_ram_streak=5/15, tracked_pids=116, free_ram_mb=5131
Queue check: current_jobs=10, allowed_parallel=10, current_parallel_cap=10, healthy_ram_streak=6/15, tracked_pids=116, free_ram_mb=5163
Queue check: current_jobs=10, allowed_parallel=10, current_parallel_cap=10, healthy_ram_streak=7/15, tracked_pids=116, free_ram_mb=5154
Queue check: current_jobs=10, allowed_parallel=10, current_parallel_cap=10, healthy_ram_streak=8/15, tracked_pids=116, free_ram_mb=5130
Queue check: current_jobs=10, allowed_parallel=10, current_parallel_cap=10, healthy_ram_streak=9/15, tracked_pids=116, free_ram_mb=5113
Queue check: current_jobs=10, allowed_parallel=10, current_parallel_cap=10, healthy_ram_streak=10/15, tracked_pids=116, free_ram_mb=5138
Queue check: current_jobs=10, allowed_parallel=10, current_parallel_cap=10, healthy_ram_streak=11/15, tracked_pids=116, free_ram_mb=5149
Queue check: current_jobs=10, allowed_parallel=10, current_parallel_cap=10, healthy_ram_streak=12/15, tracked_pids=116, free_ram_mb=5141
Queue check: current_jobs=10, allowed_parallel=10, current_parallel_cap=10, healthy_ram_streak=13/15, tracked_pids=116, free_ram_mb=5247
Queue check: current_jobs=10, allowed_parallel=10, current_parallel_cap=10, healthy_ram_streak=14/15, tracked_pids=116, free_ram_mb=5111
Queue check: current_jobs=10, allowed_parallel=10, current_parallel_cap=10, healthy_ram_streak=0/15, tracked_pids=116, free_ram_mb=5133
Queue check: current_jobs=10, allowed_parallel=10, current_parallel_cap=10, healthy_ram_streak=1/15, tracked_pids=116, free_ram_mb=5131
Queue check: current_jobs=10, allowed_parallel=10, current_parallel_cap=10, healthy_ram_streak=2/15, tracked_pids=116, free_ram_mb=5133
Queue check: current_jobs=10, allowed_parallel=10, current_parallel_cap=10, healthy_ram_streak=3/15, tracked_pids=116, free_ram_mb=5136
Queue check: current_jobs=10, allowed_parallel=10, current_parallel_cap=10, healthy_ram_streak=4/15, tracked_pids=116, free_ram_mb=5131
Queue check: current_jobs=10, allowed_parallel=10, current_parallel_cap=10, healthy_ram_streak=5/15, tracked_pids=116, free_ram_mb=5133
Queue check: current_jobs=10, allowed_parallel=10, current_parallel_cap=10, healthy_ram_streak=6/15, tracked_pids=116, free_ram_mb=5103
Queue check: current_jobs=10, allowed_parallel=10, current_parallel_cap=10, healthy_ram_streak=7/15, tracked_pids=116, free_ram_mb=5124
Queue check: current_jobs=10, allowed_parallel=10, current_parallel_cap=10, healthy_ram_streak=8/15, tracked_pids=116, free_ram_mb=5122
Queue check: current_jobs=10, allowed_parallel=10, current_parallel_cap=10, healthy_ram_streak=9/15, tracked_pids=116, free_ram_mb=5141
Queue check: current_jobs=10, allowed_parallel=10, current_parallel_cap=10, healthy_ram_streak=10/15, tracked_pids=116, free_ram_mb=5147
Queue check: current_jobs=10, allowed_parallel=10, current_parallel_cap=10, healthy_ram_streak=11/15, tracked_pids=116, free_ram_mb=5144
Queue check: current_jobs=10, allowed_parallel=10, current_parallel_cap=10, healthy_ram_streak=12/15, tracked_pids=116, free_ram_mb=5116
Queue check: current_jobs=10, allowed_parallel=10, current_parallel_cap=10, healthy_ram_streak=13/15, tracked_pids=116, free_ram_mb=5166
Queue check: current_jobs=10, allowed_parallel=10, current_parallel_cap=10, healthy_ram_streak=14/15, tracked_pids=116, free_ram_mb=5133
Queue check: current_jobs=10, allowed_parallel=10, current_parallel_cap=10, healthy_ram_streak=0/15, tracked_pids=116, free_ram_mb=5127
Queue check: current_jobs=10, allowed_parallel=10, current_parallel_cap=10, healthy_ram_streak=1/15, tracked_pids=116, free_ram_mb=5110
Queue check: current_jobs=10, allowed_parallel=10, current_parallel_cap=10, healthy_ram_streak=2/15, tracked_pids=116, free_ram_mb=5110
Queue check: current_jobs=10, allowed_parallel=10, current_parallel_cap=10, healthy_ram_streak=3/15, tracked_pids=116, free_ram_mb=5109
Queue check: current_jobs=10, allowed_parallel=10, current_parallel_cap=10, healthy_ram_streak=4/15, tracked_pids=116, free_ram_mb=5120
Queue check: current_jobs=10, allowed_parallel=10, current_parallel_cap=10, healthy_ram_streak=5/15, tracked_pids=116, free_ram_mb=5121
Queue check: current_jobs=10, allowed_parallel=10, current_parallel_cap=10, healthy_ram_streak=6/15, tracked_pids=116, free_ram_mb=5109
Queue check: current_jobs=10, allowed_parallel=10, current_parallel_cap=10, healthy_ram_streak=7/15, tracked_pids=116, free_ram_mb=5118
Queue check: current_jobs=10, allowed_parallel=10, current_parallel_cap=10, healthy_ram_streak=8/15, tracked_pids=116, free_ram_mb=5105
Queue check: current_jobs=10, allowed_parallel=10, current_parallel_cap=10, healthy_ram_streak=9/15, tracked_pids=116, free_ram_mb=5121
Queue check: current_jobs=10, allowed_parallel=10, current_parallel_cap=10, healthy_ram_streak=10/15, tracked_pids=116, free_ram_mb=5141
Queue check: current_jobs=10, allowed_parallel=10, current_parallel_cap=10, healthy_ram_streak=11/15, tracked_pids=116, free_ram_mb=5121
Queue check: current_jobs=10, allowed_parallel=10, current_parallel_cap=10, healthy_ram_streak=12/15, tracked_pids=116, free_ram_mb=5121
Queue check: current_jobs=10, allowed_parallel=10, current_parallel_cap=10, healthy_ram_streak=13/15, tracked_pids=116, free_ram_mb=5118
Queue check: current_jobs=10, allowed_parallel=10, current_parallel_cap=10, healthy_ram_streak=14/15, tracked_pids=116, free_ram_mb=5106
Queue check: current_jobs=10, allowed_parallel=10, current_parallel_cap=10, healthy_ram_streak=0/15, tracked_pids=116, free_ram_mb=5138
Queue check: current_jobs=10, allowed_parallel=10, current_parallel_cap=10, healthy_ram_streak=1/15, tracked_pids=116, free_ram_mb=5127
Queue check: current_jobs=10, allowed_parallel=10, current_parallel_cap=10, healthy_ram_streak=2/15, tracked_pids=116, free_ram_mb=5155
Queue check: current_jobs=10, allowed_parallel=10, current_parallel_cap=10, healthy_ram_streak=3/15, tracked_pids=116, free_ram_mb=5148
Queue check: current_jobs=10, allowed_parallel=10, current_parallel_cap=10, healthy_ram_streak=4/15, tracked_pids=116, free_ram_mb=5162
Queue check: current_jobs=10, allowed_parallel=10, current_parallel_cap=10, healthy_ram_streak=5/15, tracked_pids=116, free_ram_mb=5164
Queue check: current_jobs=10, allowed_parallel=10, current_parallel_cap=10, healthy_ram_streak=6/15, tracked_pids=116, free_ram_mb=5176
Queue check: current_jobs=10, allowed_parallel=10, current_parallel_cap=10, healthy_ram_streak=7/15, tracked_pids=116, free_ram_mb=5244
Queue check: current_jobs=10, allowed_parallel=10, current_parallel_cap=10, healthy_ram_streak=8/15, tracked_pids=116, free_ram_mb=5192
Queue check: current_jobs=10, allowed_parallel=10, current_parallel_cap=10, healthy_ram_streak=9/15, tracked_pids=116, free_ram_mb=5231
Queue check: current_jobs=10, allowed_parallel=10, current_parallel_cap=10, healthy_ram_streak=10/15, tracked_pids=116, free_ram_mb=5230
Queue check: current_jobs=10, allowed_parallel=10, current_parallel_cap=10, healthy_ram_streak=11/15, tracked_pids=116, free_ram_mb=5230
Queue check: current_jobs=10, allowed_parallel=10, current_parallel_cap=10, healthy_ram_streak=12/15, tracked_pids=116, free_ram_mb=5220
Queue check: current_jobs=10, allowed_parallel=10, current_parallel_cap=10, healthy_ram_streak=13/15, tracked_pids=116, free_ram_mb=5226
Queue check: current_jobs=10, allowed_parallel=10, current_parallel_cap=10, healthy_ram_streak=14/15, tracked_pids=116, free_ram_mb=5208
Queue check: current_jobs=10, allowed_parallel=10, current_parallel_cap=10, healthy_ram_streak=0/15, tracked_pids=116, free_ram_mb=5217
Queue check: current_jobs=10, allowed_parallel=10, current_parallel_cap=10, healthy_ram_streak=1/15, tracked_pids=116, free_ram_mb=5253
Queue check: current_jobs=10, allowed_parallel=10, current_parallel_cap=10, healthy_ram_streak=2/15, tracked_pids=116, free_ram_mb=5243
Queue check: current_jobs=10, allowed_parallel=10, current_parallel_cap=10, healthy_ram_streak=3/15, tracked_pids=116, free_ram_mb=5267
Queue check: current_jobs=10, allowed_parallel=10, current_parallel_cap=10, healthy_ram_streak=4/15, tracked_pids=116, free_ram_mb=5298
Queue check: current_jobs=10, allowed_parallel=10, current_parallel_cap=10, healthy_ram_streak=5/15, tracked_pids=116, free_ram_mb=5248
Queue check: current_jobs=10, allowed_parallel=10, current_parallel_cap=10, healthy_ram_streak=6/15, tracked_pids=116, free_ram_mb=5263
Queue check: current_jobs=10, allowed_parallel=10, current_parallel_cap=10, healthy_ram_streak=7/15, tracked_pids=116, free_ram_mb=5209
Queue check: current_jobs=10, allowed_parallel=10, current_parallel_cap=10, healthy_ram_streak=8/15, tracked_pids=116, free_ram_mb=5207
Queue check: current_jobs=10, allowed_parallel=10, current_parallel_cap=10, healthy_ram_streak=9/15, tracked_pids=116, free_ram_mb=5260
Queue check: current_jobs=10, allowed_parallel=10, current_parallel_cap=10, healthy_ram_streak=10/15, tracked_pids=116, free_ram_mb=5246
Queue check: current_jobs=10, allowed_parallel=10, current_parallel_cap=10, healthy_ram_streak=11/15, tracked_pids=116, free_ram_mb=5218
Queue check: current_jobs=10, allowed_parallel=10, current_parallel_cap=10, healthy_ram_streak=12/15, tracked_pids=116, free_ram_mb=5200
Queue check: current_jobs=10, allowed_parallel=10, current_parallel_cap=10, healthy_ram_streak=13/15, tracked_pids=116, free_ram_mb=5199
Queue check: current_jobs=10, allowed_parallel=10, current_parallel_cap=10, healthy_ram_streak=14/15, tracked_pids=116, free_ram_mb=5207
Queue check: current_jobs=10, allowed_parallel=10, current_parallel_cap=10, healthy_ram_streak=0/15, tracked_pids=116, free_ram_mb=5222
Queue check: current_jobs=10, allowed_parallel=10, current_parallel_cap=10, healthy_ram_streak=1/15, tracked_pids=116, free_ram_mb=5154
Queue check: current_jobs=10, allowed_parallel=10, current_parallel_cap=10, healthy_ram_streak=2/15, tracked_pids=116, free_ram_mb=5182
Queue check: current_jobs=10, allowed_parallel=10, current_parallel_cap=10, healthy_ram_streak=3/15, tracked_pids=116, free_ram_mb=5210
Queue check: current_jobs=10, allowed_parallel=10, current_parallel_cap=10, healthy_ram_streak=4/15, tracked_pids=116, free_ram_mb=5200
Queue check: current_jobs=10, allowed_parallel=10, current_parallel_cap=10, healthy_ram_streak=5/15, tracked_pids=116, free_ram_mb=5209
Queue check: current_jobs=10, allowed_parallel=10, current_parallel_cap=10, healthy_ram_streak=6/15, tracked_pids=116, free_ram_mb=5172
Queue check: current_jobs=10, allowed_parallel=10, current_parallel_cap=10, healthy_ram_streak=7/15, tracked_pids=116, free_ram_mb=5152
Queue check: current_jobs=10, allowed_parallel=10, current_parallel_cap=10, healthy_ram_streak=8/15, tracked_pids=116, free_ram_mb=5159
Queue check: current_jobs=10, allowed_parallel=10, current_parallel_cap=10, healthy_ram_streak=9/15, tracked_pids=116, free_ram_mb=5199
Queue check: current_jobs=10, allowed_parallel=10, current_parallel_cap=10, healthy_ram_streak=10/15, tracked_pids=116, free_ram_mb=5192
Queue check: current_jobs=10, allowed_parallel=10, current_parallel_cap=10, healthy_ram_streak=11/15, tracked_pids=116, free_ram_mb=5171
Queue check: current_jobs=10, allowed_parallel=10, current_parallel_cap=10, healthy_ram_streak=12/15, tracked_pids=116, free_ram_mb=5228
Queue check: current_jobs=10, allowed_parallel=10, current_parallel_cap=10, healthy_ram_streak=13/15, tracked_pids=116, free_ram_mb=5230
Queue check: current_jobs=10, allowed_parallel=10, current_parallel_cap=10, healthy_ram_streak=14/15, tracked_pids=116, free_ram_mb=5209
Queue check: current_jobs=10, allowed_parallel=10, current_parallel_cap=10, healthy_ram_streak=0/15, tracked_pids=116, free_ram_mb=4910
Queue check: current_jobs=10, allowed_parallel=10, current_parallel_cap=10, healthy_ram_streak=1/15, tracked_pids=116, free_ram_mb=5168
Queue check: current_jobs=10, allowed_parallel=10, current_parallel_cap=10, healthy_ram_streak=2/15, tracked_pids=116, free_ram_mb=5169
Queue check: current_jobs=10, allowed_parallel=10, current_parallel_cap=10, healthy_ram_streak=3/15, tracked_pids=116, free_ram_mb=5205
Queue check: current_jobs=10, allowed_parallel=10, current_parallel_cap=10, healthy_ram_streak=4/15, tracked_pids=116, free_ram_mb=5178
Queue check: current_jobs=10, allowed_parallel=10, current_parallel_cap=10, healthy_ram_streak=5/15, tracked_pids=116, free_ram_mb=5165
Queue check: current_jobs=10, allowed_parallel=10, current_parallel_cap=10, healthy_ram_streak=6/15, tracked_pids=116, free_ram_mb=5212
Queue check: current_jobs=10, allowed_parallel=10, current_parallel_cap=10, healthy_ram_streak=7/15, tracked_pids=116, free_ram_mb=5154
Queue check: current_jobs=10, allowed_parallel=10, current_parallel_cap=10, healthy_ram_streak=8/15, tracked_pids=116, free_ram_mb=5143
Queue check: current_jobs=10, allowed_parallel=10, current_parallel_cap=10, healthy_ram_streak=9/15, tracked_pids=116, free_ram_mb=5166
Queue check: current_jobs=10, allowed_parallel=10, current_parallel_cap=10, healthy_ram_streak=10/15, tracked_pids=116, free_ram_mb=5155
Queue check: current_jobs=10, allowed_parallel=10, current_parallel_cap=10, healthy_ram_streak=11/15, tracked_pids=116, free_ram_mb=5156
Queue check: current_jobs=10, allowed_parallel=10, current_parallel_cap=10, healthy_ram_streak=12/15, tracked_pids=116, free_ram_mb=5172
Queue check: current_jobs=10, allowed_parallel=10, current_parallel_cap=10, healthy_ram_streak=13/15, tracked_pids=116, free_ram_mb=5144
Queue check: current_jobs=10, allowed_parallel=10, current_parallel_cap=10, healthy_ram_streak=14/15, tracked_pids=116, free_ram_mb=5154
Queue check: current_jobs=10, allowed_parallel=10, current_parallel_cap=10, healthy_ram_streak=0/15, tracked_pids=116, free_ram_mb=5155
Queue check: current_jobs=10, allowed_parallel=10, current_parallel_cap=10, healthy_ram_streak=1/15, tracked_pids=116, free_ram_mb=5177
Queue check: current_jobs=10, allowed_parallel=10, current_parallel_cap=10, healthy_ram_streak=2/15, tracked_pids=116, free_ram_mb=5171
Queue check: current_jobs=10, allowed_parallel=10, current_parallel_cap=10, healthy_ram_streak=3/15, tracked_pids=116, free_ram_mb=5202
Queue check: current_jobs=10, allowed_parallel=10, current_parallel_cap=10, healthy_ram_streak=4/15, tracked_pids=116, free_ram_mb=5183
Queue check: current_jobs=10, allowed_parallel=10, current_parallel_cap=10, healthy_ram_streak=5/15, tracked_pids=116, free_ram_mb=5183
Queue check: current_jobs=10, allowed_parallel=10, current_parallel_cap=10, healthy_ram_streak=6/15, tracked_pids=116, free_ram_mb=5149
Queue check: current_jobs=10, allowed_parallel=10, current_parallel_cap=10, healthy_ram_streak=7/15, tracked_pids=116, free_ram_mb=5166
Queue check: current_jobs=10, allowed_parallel=10, current_parallel_cap=10, healthy_ram_streak=8/15, tracked_pids=116, free_ram_mb=5173
Queue check: current_jobs=10, allowed_parallel=10, current_parallel_cap=10, healthy_ram_streak=9/15, tracked_pids=116, free_ram_mb=5159
Queue check: current_jobs=10, allowed_parallel=10, current_parallel_cap=10, healthy_ram_streak=10/15, tracked_pids=116, free_ram_mb=5164
Queue check: current_jobs=10, allowed_parallel=10, current_parallel_cap=10, healthy_ram_streak=11/15, tracked_pids=116, free_ram_mb=5176
Queue check: current_jobs=10, allowed_parallel=10, current_parallel_cap=10, healthy_ram_streak=12/15, tracked_pids=116, free_ram_mb=5155
Queue check: current_jobs=10, allowed_parallel=10, current_parallel_cap=10, healthy_ram_streak=13/15, tracked_pids=116, free_ram_mb=5144
Queue check: current_jobs=10, allowed_parallel=10, current_parallel_cap=10, healthy_ram_streak=14/15, tracked_pids=116, free_ram_mb=5180
Queue check: current_jobs=10, allowed_parallel=10, current_parallel_cap=10, healthy_ram_streak=0/15, tracked_pids=116, free_ram_mb=5157
Queue check: current_jobs=10, allowed_parallel=10, current_parallel_cap=10, healthy_ram_streak=1/15, tracked_pids=116, free_ram_mb=5161
Queue check: current_jobs=10, allowed_parallel=10, current_parallel_cap=10, healthy_ram_streak=2/15, tracked_pids=116, free_ram_mb=5133
Queue check: current_jobs=10, allowed_parallel=10, current_parallel_cap=10, healthy_ram_streak=3/15, tracked_pids=116, free_ram_mb=5144
Queue check: current_jobs=10, allowed_parallel=10, current_parallel_cap=10, healthy_ram_streak=4/15, tracked_pids=116, free_ram_mb=5148
Queue check: current_jobs=10, allowed_parallel=10, current_parallel_cap=10, healthy_ram_streak=5/15, tracked_pids=116, free_ram_mb=5165
Queue check: current_jobs=10, allowed_parallel=10, current_parallel_cap=10, healthy_ram_streak=6/15, tracked_pids=116, free_ram_mb=5160
Queue check: current_jobs=10, allowed_parallel=10, current_parallel_cap=10, healthy_ram_streak=7/15, tracked_pids=116, free_ram_mb=5169
Queue check: current_jobs=10, allowed_parallel=10, current_parallel_cap=10, healthy_ram_streak=8/15, tracked_pids=116, free_ram_mb=5179
Queue check: current_jobs=10, allowed_parallel=10, current_parallel_cap=10, healthy_ram_streak=9/15, tracked_pids=116, free_ram_mb=5193
Queue check: current_jobs=10, allowed_parallel=10, current_parallel_cap=10, healthy_ram_streak=10/15, tracked_pids=116, free_ram_mb=5184
Queue check: current_jobs=10, allowed_parallel=10, current_parallel_cap=10, healthy_ram_streak=11/15, tracked_pids=116, free_ram_mb=5184
Queue check: current_jobs=10, allowed_parallel=10, current_parallel_cap=10, healthy_ram_streak=12/15, tracked_pids=116, free_ram_mb=5178
Queue check: current_jobs=10, allowed_parallel=10, current_parallel_cap=10, healthy_ram_streak=13/15, tracked_pids=116, free_ram_mb=5185
Queue check: current_jobs=10, allowed_parallel=10, current_parallel_cap=10, healthy_ram_streak=14/15, tracked_pids=116, free_ram_mb=5179
Queue check: current_jobs=10, allowed_parallel=10, current_parallel_cap=10, healthy_ram_streak=0/15, tracked_pids=116, free_ram_mb=5271
Queue check: current_jobs=10, allowed_parallel=10, current_parallel_cap=10, healthy_ram_streak=1/15, tracked_pids=116, free_ram_mb=5289
Queue check: current_jobs=10, allowed_parallel=10, current_parallel_cap=10, healthy_ram_streak=2/15, tracked_pids=116, free_ram_mb=5275
Queue check: current_jobs=10, allowed_parallel=10, current_parallel_cap=10, healthy_ram_streak=3/15, tracked_pids=116, free_ram_mb=5250
Queue check: current_jobs=10, allowed_parallel=10, current_parallel_cap=10, healthy_ram_streak=4/15, tracked_pids=116, free_ram_mb=5238
Queue check: current_jobs=10, allowed_parallel=10, current_parallel_cap=10, healthy_ram_streak=5/15, tracked_pids=116, free_ram_mb=5262
Queue check: current_jobs=10, allowed_parallel=10, current_parallel_cap=10, healthy_ram_streak=6/15, tracked_pids=116, free_ram_mb=5203
Queue check: current_jobs=10, allowed_parallel=10, current_parallel_cap=10, healthy_ram_streak=7/15, tracked_pids=116, free_ram_mb=5167
Queue check: current_jobs=10, allowed_parallel=10, current_parallel_cap=10, healthy_ram_streak=8/15, tracked_pids=116, free_ram_mb=5205
Queue check: current_jobs=9, allowed_parallel=10, current_parallel_cap=10, healthy_ram_streak=9/15, tracked_pids=116, free_ram_mb=5279
Starting job: n=4, p=4, iterations=300, score=19200, chip=Apple M4, python_bin=/opt/homebrew/Caskroom/miniconda/base/envs/MasterThesis/bin/python, free_ram_mb=5273, allowed_parallel=10, current_parallel_cap=10, healthy_ram_streak=9/15, tracked_jobs=9
Launched PID: 78459; current_parallel_cap=10
Queue check: current_jobs=10, allowed_parallel=10, current_parallel_cap=10, healthy_ram_streak=10/15, tracked_pids=117, free_ram_mb=5279
Queue check: current_jobs=9, allowed_parallel=10, current_parallel_cap=10, healthy_ram_streak=11/15, tracked_pids=117, free_ram_mb=5286
Starting job: n=2, p=10, iterations=100, score=20000, chip=Apple M4, python_bin=/opt/homebrew/Caskroom/miniconda/base/envs/MasterThesis/bin/python, free_ram_mb=5237, allowed_parallel=10, current_parallel_cap=10, healthy_ram_streak=11/15, tracked_jobs=9
Launched PID: 78683; current_parallel_cap=10
Queue check: current_jobs=10, allowed_parallel=10, current_parallel_cap=10, healthy_ram_streak=12/15, tracked_pids=118, free_ram_mb=5221
Queue check: current_jobs=9, allowed_parallel=10, current_parallel_cap=10, healthy_ram_streak=13/15, tracked_pids=118, free_ram_mb=5246
Starting job: n=8, p=5, iterations=100, score=20000, chip=Apple M4, python_bin=/opt/homebrew/Caskroom/miniconda/base/envs/MasterThesis/bin/python, free_ram_mb=5254, allowed_parallel=10, current_parallel_cap=10, healthy_ram_streak=13/15, tracked_jobs=9
Launched PID: 78903; current_parallel_cap=10
Queue check: current_jobs=10, allowed_parallel=10, current_parallel_cap=10, healthy_ram_streak=14/15, tracked_pids=119, free_ram_mb=5263
Queue check: current_jobs=10, allowed_parallel=10, current_parallel_cap=10, healthy_ram_streak=0/15, tracked_pids=119, free_ram_mb=5248
Queue check: current_jobs=9, allowed_parallel=10, current_parallel_cap=10, healthy_ram_streak=1/15, tracked_pids=119, free_ram_mb=5239
Starting job: n=10, p=2, iterations=500, score=20000, chip=Apple M4, python_bin=/opt/homebrew/Caskroom/miniconda/base/envs/MasterThesis/bin/python, free_ram_mb=5216, allowed_parallel=10, current_parallel_cap=10, healthy_ram_streak=1/15, tracked_jobs=9
Launched PID: 79187; current_parallel_cap=10
Queue check: current_jobs=10, allowed_parallel=10, current_parallel_cap=10, healthy_ram_streak=2/15, tracked_pids=120, free_ram_mb=5170
Queue check: current_jobs=10, allowed_parallel=10, current_parallel_cap=10, healthy_ram_streak=3/15, tracked_pids=120, free_ram_mb=5123
Queue check: current_jobs=10, allowed_parallel=10, current_parallel_cap=10, healthy_ram_streak=4/15, tracked_pids=120, free_ram_mb=5138
Queue check: current_jobs=10, allowed_parallel=10, current_parallel_cap=10, healthy_ram_streak=5/15, tracked_pids=120, free_ram_mb=5121
Queue check: current_jobs=10, allowed_parallel=10, current_parallel_cap=10, healthy_ram_streak=6/15, tracked_pids=120, free_ram_mb=5098
Queue check: current_jobs=10, allowed_parallel=10, current_parallel_cap=10, healthy_ram_streak=7/15, tracked_pids=120, free_ram_mb=5127
Queue check: current_jobs=10, allowed_parallel=10, current_parallel_cap=10, healthy_ram_streak=8/15, tracked_pids=120, free_ram_mb=5116
Queue check: current_jobs=9, allowed_parallel=10, current_parallel_cap=10, healthy_ram_streak=9/15, tracked_pids=120, free_ram_mb=5194
Starting job: n=13, p=4, iterations=100, score=20800, chip=Apple M4, python_bin=/opt/homebrew/Caskroom/miniconda/base/envs/MasterThesis/bin/python, free_ram_mb=5187, allowed_parallel=10, current_parallel_cap=10, healthy_ram_streak=9/15, tracked_jobs=9
Launched PID: 79781; current_parallel_cap=10
Queue check: current_jobs=10, allowed_parallel=10, current_parallel_cap=10, healthy_ram_streak=10/15, tracked_pids=121, free_ram_mb=5182
Queue check: current_jobs=10, allowed_parallel=10, current_parallel_cap=10, healthy_ram_streak=11/15, tracked_pids=121, free_ram_mb=5172
Queue check: current_jobs=10, allowed_parallel=10, current_parallel_cap=10, healthy_ram_streak=12/15, tracked_pids=121, free_ram_mb=5099
Queue check: current_jobs=10, allowed_parallel=10, current_parallel_cap=10, healthy_ram_streak=13/15, tracked_pids=121, free_ram_mb=5096
Queue check: current_jobs=10, allowed_parallel=10, current_parallel_cap=10, healthy_ram_streak=14/15, tracked_pids=121, free_ram_mb=5093
Queue check: current_jobs=10, allowed_parallel=10, current_parallel_cap=10, healthy_ram_streak=0/15, tracked_pids=121, free_ram_mb=5106
Queue check: current_jobs=10, allowed_parallel=10, current_parallel_cap=10, healthy_ram_streak=1/15, tracked_pids=121, free_ram_mb=5121
Queue check: current_jobs=10, allowed_parallel=10, current_parallel_cap=10, healthy_ram_streak=2/15, tracked_pids=121, free_ram_mb=5122
Queue check: current_jobs=10, allowed_parallel=10, current_parallel_cap=10, healthy_ram_streak=3/15, tracked_pids=121, free_ram_mb=5137
Queue check: current_jobs=10, allowed_parallel=10, current_parallel_cap=10, healthy_ram_streak=4/15, tracked_pids=121, free_ram_mb=5110
Queue check: current_jobs=10, allowed_parallel=10, current_parallel_cap=10, healthy_ram_streak=5/15, tracked_pids=121, free_ram_mb=5114
Queue check: current_jobs=10, allowed_parallel=10, current_parallel_cap=10, healthy_ram_streak=6/15, tracked_pids=121, free_ram_mb=5132
Queue check: current_jobs=10, allowed_parallel=10, current_parallel_cap=10, healthy_ram_streak=7/15, tracked_pids=121, free_ram_mb=5104
Queue check: current_jobs=10, allowed_parallel=10, current_parallel_cap=10, healthy_ram_streak=8/15, tracked_pids=121, free_ram_mb=5062
Queue check: current_jobs=10, allowed_parallel=10, current_parallel_cap=10, healthy_ram_streak=9/15, tracked_pids=121, free_ram_mb=5118
Queue check: current_jobs=10, allowed_parallel=10, current_parallel_cap=10, healthy_ram_streak=10/15, tracked_pids=121, free_ram_mb=5088
Queue check: current_jobs=10, allowed_parallel=10, current_parallel_cap=10, healthy_ram_streak=11/15, tracked_pids=121, free_ram_mb=5088
Queue check: current_jobs=10, allowed_parallel=10, current_parallel_cap=10, healthy_ram_streak=12/15, tracked_pids=121, free_ram_mb=5127
Queue check: current_jobs=10, allowed_parallel=10, current_parallel_cap=10, healthy_ram_streak=13/15, tracked_pids=121, free_ram_mb=5082
Queue check: current_jobs=10, allowed_parallel=10, current_parallel_cap=10, healthy_ram_streak=14/15, tracked_pids=121, free_ram_mb=5087
Queue check: current_jobs=10, allowed_parallel=10, current_parallel_cap=10, healthy_ram_streak=0/15, tracked_pids=121, free_ram_mb=5079
Queue check: current_jobs=10, allowed_parallel=10, current_parallel_cap=10, healthy_ram_streak=1/15, tracked_pids=121, free_ram_mb=5090
Queue check: current_jobs=10, allowed_parallel=10, current_parallel_cap=10, healthy_ram_streak=2/15, tracked_pids=121, free_ram_mb=5069
Queue check: current_jobs=10, allowed_parallel=10, current_parallel_cap=10, healthy_ram_streak=3/15, tracked_pids=121, free_ram_mb=5066
Queue check: current_jobs=10, allowed_parallel=10, current_parallel_cap=10, healthy_ram_streak=4/15, tracked_pids=121, free_ram_mb=5048
Queue check: current_jobs=10, allowed_parallel=10, current_parallel_cap=10, healthy_ram_streak=5/15, tracked_pids=121, free_ram_mb=5081
Queue check: current_jobs=10, allowed_parallel=10, current_parallel_cap=10, healthy_ram_streak=6/15, tracked_pids=121, free_ram_mb=5066
Queue check: current_jobs=10, allowed_parallel=10, current_parallel_cap=10, healthy_ram_streak=7/15, tracked_pids=121, free_ram_mb=5091
Queue check: current_jobs=10, allowed_parallel=10, current_parallel_cap=10, healthy_ram_streak=8/15, tracked_pids=121, free_ram_mb=5089
Queue check: current_jobs=11, allowed_parallel=10, current_parallel_cap=10, healthy_ram_streak=9/15, tracked_pids=121, free_ram_mb=5068
Queue check: current_jobs=11, allowed_parallel=10, current_parallel_cap=10, healthy_ram_streak=10/15, tracked_pids=121, free_ram_mb=5066
Queue check: current_jobs=11, allowed_parallel=10, current_parallel_cap=10, healthy_ram_streak=11/15, tracked_pids=121, free_ram_mb=5074
Queue check: current_jobs=11, allowed_parallel=10, current_parallel_cap=10, healthy_ram_streak=12/15, tracked_pids=121, free_ram_mb=5084
Queue check: current_jobs=11, allowed_parallel=10, current_parallel_cap=10, healthy_ram_streak=13/15, tracked_pids=121, free_ram_mb=5063
Queue check: current_jobs=11, allowed_parallel=10, current_parallel_cap=10, healthy_ram_streak=14/15, tracked_pids=121, free_ram_mb=5068
Queue check: current_jobs=11, allowed_parallel=10, current_parallel_cap=10, healthy_ram_streak=0/15, tracked_pids=121, free_ram_mb=5060
Queue check: current_jobs=11, allowed_parallel=10, current_parallel_cap=10, healthy_ram_streak=1/15, tracked_pids=121, free_ram_mb=5065
Queue check: current_jobs=11, allowed_parallel=10, current_parallel_cap=10, healthy_ram_streak=2/15, tracked_pids=121, free_ram_mb=5084
Queue check: current_jobs=11, allowed_parallel=10, current_parallel_cap=10, healthy_ram_streak=3/15, tracked_pids=121, free_ram_mb=5055
Queue check: current_jobs=11, allowed_parallel=10, current_parallel_cap=10, healthy_ram_streak=4/15, tracked_pids=121, free_ram_mb=5075
Queue check: current_jobs=11, allowed_parallel=10, current_parallel_cap=10, healthy_ram_streak=5/15, tracked_pids=121, free_ram_mb=5082
Queue check: current_jobs=11, allowed_parallel=10, current_parallel_cap=10, healthy_ram_streak=6/15, tracked_pids=121, free_ram_mb=5065
Queue check: current_jobs=11, allowed_parallel=10, current_parallel_cap=10, healthy_ram_streak=7/15, tracked_pids=121, free_ram_mb=5065
Queue check: current_jobs=11, allowed_parallel=10, current_parallel_cap=10, healthy_ram_streak=8/15, tracked_pids=121, free_ram_mb=5059
Queue check: current_jobs=11, allowed_parallel=10, current_parallel_cap=10, healthy_ram_streak=9/15, tracked_pids=121, free_ram_mb=5088
Queue check: current_jobs=11, allowed_parallel=10, current_parallel_cap=10, healthy_ram_streak=10/15, tracked_pids=121, free_ram_mb=5049
Queue check: current_jobs=11, allowed_parallel=10, current_parallel_cap=10, healthy_ram_streak=11/15, tracked_pids=121, free_ram_mb=5071
Queue check: current_jobs=11, allowed_parallel=10, current_parallel_cap=10, healthy_ram_streak=12/15, tracked_pids=121, free_ram_mb=5094
Queue check: current_jobs=11, allowed_parallel=10, current_parallel_cap=10, healthy_ram_streak=13/15, tracked_pids=121, free_ram_mb=5072
Queue check: current_jobs=11, allowed_parallel=10, current_parallel_cap=10, healthy_ram_streak=14/15, tracked_pids=121, free_ram_mb=5059
Queue check: current_jobs=11, allowed_parallel=10, current_parallel_cap=10, healthy_ram_streak=0/15, tracked_pids=121, free_ram_mb=5081
Queue check: current_jobs=10, allowed_parallel=10, current_parallel_cap=10, healthy_ram_streak=1/15, tracked_pids=121, free_ram_mb=5067
Queue check: current_jobs=10, allowed_parallel=10, current_parallel_cap=10, healthy_ram_streak=2/15, tracked_pids=121, free_ram_mb=5099
Queue check: current_jobs=10, allowed_parallel=10, current_parallel_cap=10, healthy_ram_streak=3/15, tracked_pids=121, free_ram_mb=5077
Queue check: current_jobs=10, allowed_parallel=10, current_parallel_cap=10, healthy_ram_streak=4/15, tracked_pids=121, free_ram_mb=5097
Queue check: current_jobs=10, allowed_parallel=10, current_parallel_cap=10, healthy_ram_streak=5/15, tracked_pids=121, free_ram_mb=5069
Queue check: current_jobs=10, allowed_parallel=10, current_parallel_cap=10, healthy_ram_streak=6/15, tracked_pids=121, free_ram_mb=5116
Queue check: current_jobs=10, allowed_parallel=10, current_parallel_cap=10, healthy_ram_streak=7/15, tracked_pids=121, free_ram_mb=5080
Queue check: current_jobs=10, allowed_parallel=10, current_parallel_cap=10, healthy_ram_streak=8/15, tracked_pids=121, free_ram_mb=5090
Queue check: current_jobs=10, allowed_parallel=10, current_parallel_cap=10, healthy_ram_streak=9/15, tracked_pids=121, free_ram_mb=5065
Queue check: current_jobs=10, allowed_parallel=10, current_parallel_cap=10, healthy_ram_streak=10/15, tracked_pids=121, free_ram_mb=5099
Queue check: current_jobs=10, allowed_parallel=10, current_parallel_cap=10, healthy_ram_streak=11/15, tracked_pids=121, free_ram_mb=5076
Queue check: current_jobs=10, allowed_parallel=10, current_parallel_cap=10, healthy_ram_streak=12/15, tracked_pids=121, free_ram_mb=5066
Queue check: current_jobs=10, allowed_parallel=10, current_parallel_cap=10, healthy_ram_streak=13/15, tracked_pids=121, free_ram_mb=5091
Queue check: current_jobs=10, allowed_parallel=10, current_parallel_cap=10, healthy_ram_streak=14/15, tracked_pids=121, free_ram_mb=5102
Queue check: current_jobs=10, allowed_parallel=10, current_parallel_cap=10, healthy_ram_streak=0/15, tracked_pids=121, free_ram_mb=5095
Queue check: current_jobs=10, allowed_parallel=10, current_parallel_cap=10, healthy_ram_streak=1/15, tracked_pids=121, free_ram_mb=5119
Queue check: current_jobs=10, allowed_parallel=10, current_parallel_cap=10, healthy_ram_streak=2/15, tracked_pids=121, free_ram_mb=5079
Queue check: current_jobs=10, allowed_parallel=10, current_parallel_cap=10, healthy_ram_streak=3/15, tracked_pids=121, free_ram_mb=5089
Queue check: current_jobs=10, allowed_parallel=10, current_parallel_cap=10, healthy_ram_streak=4/15, tracked_pids=121, free_ram_mb=5146
Queue check: current_jobs=10, allowed_parallel=10, current_parallel_cap=10, healthy_ram_streak=5/15, tracked_pids=121, free_ram_mb=5101
Queue check: current_jobs=10, allowed_parallel=10, current_parallel_cap=10, healthy_ram_streak=6/15, tracked_pids=121, free_ram_mb=5097
Queue check: current_jobs=10, allowed_parallel=10, current_parallel_cap=10, healthy_ram_streak=7/15, tracked_pids=121, free_ram_mb=5103
Queue check: current_jobs=10, allowed_parallel=10, current_parallel_cap=10, healthy_ram_streak=8/15, tracked_pids=121, free_ram_mb=5119
Queue check: current_jobs=10, allowed_parallel=10, current_parallel_cap=10, healthy_ram_streak=9/15, tracked_pids=121, free_ram_mb=5089
Queue check: current_jobs=10, allowed_parallel=10, current_parallel_cap=10, healthy_ram_streak=10/15, tracked_pids=121, free_ram_mb=5126
Queue check: current_jobs=10, allowed_parallel=10, current_parallel_cap=10, healthy_ram_streak=11/15, tracked_pids=121, free_ram_mb=5098
Queue check: current_jobs=10, allowed_parallel=10, current_parallel_cap=10, healthy_ram_streak=12/15, tracked_pids=121, free_ram_mb=5098
Queue check: current_jobs=10, allowed_parallel=10, current_parallel_cap=10, healthy_ram_streak=13/15, tracked_pids=121, free_ram_mb=5100
Queue check: current_jobs=10, allowed_parallel=10, current_parallel_cap=10, healthy_ram_streak=14/15, tracked_pids=121, free_ram_mb=5192
Queue check: current_jobs=10, allowed_parallel=10, current_parallel_cap=10, healthy_ram_streak=0/15, tracked_pids=121, free_ram_mb=5121
Queue check: current_jobs=10, allowed_parallel=10, current_parallel_cap=10, healthy_ram_streak=1/15, tracked_pids=121, free_ram_mb=5113
Queue check: current_jobs=10, allowed_parallel=10, current_parallel_cap=10, healthy_ram_streak=2/15, tracked_pids=121, free_ram_mb=5128
Queue check: current_jobs=10, allowed_parallel=10, current_parallel_cap=10, healthy_ram_streak=3/15, tracked_pids=121, free_ram_mb=5116
Queue check: current_jobs=10, allowed_parallel=10, current_parallel_cap=10, healthy_ram_streak=4/15, tracked_pids=121, free_ram_mb=5121
Queue check: current_jobs=10, allowed_parallel=10, current_parallel_cap=10, healthy_ram_streak=5/15, tracked_pids=121, free_ram_mb=5117
Queue check: current_jobs=10, allowed_parallel=10, current_parallel_cap=10, healthy_ram_streak=6/15, tracked_pids=121, free_ram_mb=5115
Queue check: current_jobs=10, allowed_parallel=10, current_parallel_cap=10, healthy_ram_streak=7/15, tracked_pids=121, free_ram_mb=5116
Queue check: current_jobs=10, allowed_parallel=10, current_parallel_cap=10, healthy_ram_streak=8/15, tracked_pids=121, free_ram_mb=5139
Queue check: current_jobs=10, allowed_parallel=10, current_parallel_cap=10, healthy_ram_streak=9/15, tracked_pids=121, free_ram_mb=5108
Queue check: current_jobs=10, allowed_parallel=10, current_parallel_cap=10, healthy_ram_streak=10/15, tracked_pids=121, free_ram_mb=5119
Queue check: current_jobs=10, allowed_parallel=10, current_parallel_cap=10, healthy_ram_streak=11/15, tracked_pids=121, free_ram_mb=5131
Queue check: current_jobs=10, allowed_parallel=10, current_parallel_cap=10, healthy_ram_streak=12/15, tracked_pids=121, free_ram_mb=5118
Queue check: current_jobs=10, allowed_parallel=10, current_parallel_cap=10, healthy_ram_streak=13/15, tracked_pids=121, free_ram_mb=5121
Queue check: current_jobs=10, allowed_parallel=10, current_parallel_cap=10, healthy_ram_streak=14/15, tracked_pids=121, free_ram_mb=5135
Queue check: current_jobs=10, allowed_parallel=10, current_parallel_cap=10, healthy_ram_streak=0/15, tracked_pids=121, free_ram_mb=5119
Queue check: current_jobs=10, allowed_parallel=10, current_parallel_cap=10, healthy_ram_streak=1/15, tracked_pids=121, free_ram_mb=5117
Queue check: current_jobs=10, allowed_parallel=10, current_parallel_cap=10, healthy_ram_streak=2/15, tracked_pids=121, free_ram_mb=5131
Queue check: current_jobs=10, allowed_parallel=10, current_parallel_cap=10, healthy_ram_streak=3/15, tracked_pids=121, free_ram_mb=5108
Queue check: current_jobs=10, allowed_parallel=10, current_parallel_cap=10, healthy_ram_streak=4/15, tracked_pids=121, free_ram_mb=5123
Queue check: current_jobs=10, allowed_parallel=10, current_parallel_cap=10, healthy_ram_streak=5/15, tracked_pids=121, free_ram_mb=5116
Queue check: current_jobs=10, allowed_parallel=10, current_parallel_cap=10, healthy_ram_streak=6/15, tracked_pids=121, free_ram_mb=5111
Queue check: current_jobs=10, allowed_parallel=10, current_parallel_cap=10, healthy_ram_streak=7/15, tracked_pids=121, free_ram_mb=5109
Queue check: current_jobs=10, allowed_parallel=10, current_parallel_cap=10, healthy_ram_streak=8/15, tracked_pids=121, free_ram_mb=5132
Queue check: current_jobs=10, allowed_parallel=10, current_parallel_cap=10, healthy_ram_streak=9/15, tracked_pids=121, free_ram_mb=5133
Queue check: current_jobs=10, allowed_parallel=10, current_parallel_cap=10, healthy_ram_streak=10/15, tracked_pids=121, free_ram_mb=5120
Queue check: current_jobs=10, allowed_parallel=10, current_parallel_cap=10, healthy_ram_streak=11/15, tracked_pids=121, free_ram_mb=5156
Queue check: current_jobs=10, allowed_parallel=10, current_parallel_cap=10, healthy_ram_streak=12/15, tracked_pids=121, free_ram_mb=5125
Queue check: current_jobs=10, allowed_parallel=10, current_parallel_cap=10, healthy_ram_streak=13/15, tracked_pids=121, free_ram_mb=5126
Queue check: current_jobs=10, allowed_parallel=10, current_parallel_cap=10, healthy_ram_streak=14/15, tracked_pids=121, free_ram_mb=5125
Queue check: current_jobs=10, allowed_parallel=10, current_parallel_cap=10, healthy_ram_streak=0/15, tracked_pids=121, free_ram_mb=5136
Queue check: current_jobs=10, allowed_parallel=10, current_parallel_cap=10, healthy_ram_streak=1/15, tracked_pids=121, free_ram_mb=5136
Queue check: current_jobs=10, allowed_parallel=10, current_parallel_cap=10, healthy_ram_streak=2/15, tracked_pids=121, free_ram_mb=5124
Queue check: current_jobs=10, allowed_parallel=10, current_parallel_cap=10, healthy_ram_streak=3/15, tracked_pids=121, free_ram_mb=5131
Queue check: current_jobs=10, allowed_parallel=10, current_parallel_cap=10, healthy_ram_streak=4/15, tracked_pids=121, free_ram_mb=5131
Queue check: current_jobs=10, allowed_parallel=10, current_parallel_cap=10, healthy_ram_streak=5/15, tracked_pids=121, free_ram_mb=5123
Queue check: current_jobs=10, allowed_parallel=10, current_parallel_cap=10, healthy_ram_streak=6/15, tracked_pids=121, free_ram_mb=5127
Queue check: current_jobs=10, allowed_parallel=10, current_parallel_cap=10, healthy_ram_streak=7/15, tracked_pids=121, free_ram_mb=5142
Queue check: current_jobs=10, allowed_parallel=10, current_parallel_cap=10, healthy_ram_streak=8/15, tracked_pids=121, free_ram_mb=5134
Queue check: current_jobs=10, allowed_parallel=10, current_parallel_cap=10, healthy_ram_streak=9/15, tracked_pids=121, free_ram_mb=5121
Queue check: current_jobs=10, allowed_parallel=10, current_parallel_cap=10, healthy_ram_streak=10/15, tracked_pids=121, free_ram_mb=5123
Queue check: current_jobs=10, allowed_parallel=10, current_parallel_cap=10, healthy_ram_streak=11/15, tracked_pids=121, free_ram_mb=5140
Queue check: current_jobs=10, allowed_parallel=10, current_parallel_cap=10, healthy_ram_streak=12/15, tracked_pids=121, free_ram_mb=5125
Queue check: current_jobs=10, allowed_parallel=10, current_parallel_cap=10, healthy_ram_streak=13/15, tracked_pids=121, free_ram_mb=5155
Queue check: current_jobs=10, allowed_parallel=10, current_parallel_cap=10, healthy_ram_streak=14/15, tracked_pids=121, free_ram_mb=5125
Queue check: current_jobs=10, allowed_parallel=10, current_parallel_cap=10, healthy_ram_streak=0/15, tracked_pids=121, free_ram_mb=5132
Queue check: current_jobs=10, allowed_parallel=10, current_parallel_cap=10, healthy_ram_streak=1/15, tracked_pids=121, free_ram_mb=5135
Queue check: current_jobs=10, allowed_parallel=10, current_parallel_cap=10, healthy_ram_streak=2/15, tracked_pids=121, free_ram_mb=5118
Queue check: current_jobs=10, allowed_parallel=10, current_parallel_cap=10, healthy_ram_streak=3/15, tracked_pids=121, free_ram_mb=5139
Queue check: current_jobs=10, allowed_parallel=10, current_parallel_cap=10, healthy_ram_streak=4/15, tracked_pids=121, free_ram_mb=5116
Queue check: current_jobs=10, allowed_parallel=10, current_parallel_cap=10, healthy_ram_streak=5/15, tracked_pids=121, free_ram_mb=5128
Queue check: current_jobs=10, allowed_parallel=10, current_parallel_cap=10, healthy_ram_streak=6/15, tracked_pids=121, free_ram_mb=5105
Queue check: current_jobs=10, allowed_parallel=10, current_parallel_cap=10, healthy_ram_streak=7/15, tracked_pids=121, free_ram_mb=5123
Queue check: current_jobs=10, allowed_parallel=10, current_parallel_cap=10, healthy_ram_streak=8/15, tracked_pids=121, free_ram_mb=5129
Queue check: current_jobs=10, allowed_parallel=10, current_parallel_cap=10, healthy_ram_streak=9/15, tracked_pids=121, free_ram_mb=5097
Queue check: current_jobs=10, allowed_parallel=10, current_parallel_cap=10, healthy_ram_streak=10/15, tracked_pids=121, free_ram_mb=5125
Queue check: current_jobs=10, allowed_parallel=10, current_parallel_cap=10, healthy_ram_streak=11/15, tracked_pids=121, free_ram_mb=5138
Queue check: current_jobs=10, allowed_parallel=10, current_parallel_cap=10, healthy_ram_streak=12/15, tracked_pids=121, free_ram_mb=5118
Queue check: current_jobs=10, allowed_parallel=10, current_parallel_cap=10, healthy_ram_streak=13/15, tracked_pids=121, free_ram_mb=5142
Queue check: current_jobs=10, allowed_parallel=10, current_parallel_cap=10, healthy_ram_streak=14/15, tracked_pids=121, free_ram_mb=5134
Queue check: current_jobs=10, allowed_parallel=10, current_parallel_cap=10, healthy_ram_streak=0/15, tracked_pids=121, free_ram_mb=5122
Queue check: current_jobs=10, allowed_parallel=10, current_parallel_cap=10, healthy_ram_streak=1/15, tracked_pids=121, free_ram_mb=5133
Queue check: current_jobs=10, allowed_parallel=10, current_parallel_cap=10, healthy_ram_streak=2/15, tracked_pids=121, free_ram_mb=5105
Queue check: current_jobs=10, allowed_parallel=10, current_parallel_cap=10, healthy_ram_streak=3/15, tracked_pids=121, free_ram_mb=5127
Queue check: current_jobs=10, allowed_parallel=10, current_parallel_cap=10, healthy_ram_streak=4/15, tracked_pids=121, free_ram_mb=5134
Queue check: current_jobs=10, allowed_parallel=10, current_parallel_cap=10, healthy_ram_streak=5/15, tracked_pids=121, free_ram_mb=5141
Queue check: current_jobs=10, allowed_parallel=10, current_parallel_cap=10, healthy_ram_streak=6/15, tracked_pids=121, free_ram_mb=5118
Queue check: current_jobs=10, allowed_parallel=10, current_parallel_cap=10, healthy_ram_streak=7/15, tracked_pids=121, free_ram_mb=5124
Queue check: current_jobs=10, allowed_parallel=10, current_parallel_cap=10, healthy_ram_streak=8/15, tracked_pids=121, free_ram_mb=5112
Queue check: current_jobs=10, allowed_parallel=10, current_parallel_cap=10, healthy_ram_streak=9/15, tracked_pids=121, free_ram_mb=5123
Queue check: current_jobs=9, allowed_parallel=10, current_parallel_cap=10, healthy_ram_streak=10/15, tracked_pids=121, free_ram_mb=5178
Starting job: n=8, p=3, iterations=300, score=21600, chip=Apple M4, python_bin=/opt/homebrew/Caskroom/miniconda/base/envs/MasterThesis/bin/python, free_ram_mb=5184, allowed_parallel=10, current_parallel_cap=10, healthy_ram_streak=10/15, tracked_jobs=9
Launched PID: 89326; current_parallel_cap=10
Queue check: current_jobs=10, allowed_parallel=10, current_parallel_cap=10, healthy_ram_streak=11/15, tracked_pids=122, free_ram_mb=5200
Queue check: current_jobs=10, allowed_parallel=10, current_parallel_cap=10, healthy_ram_streak=12/15, tracked_pids=122, free_ram_mb=5158
Queue check: current_jobs=9, allowed_parallel=10, current_parallel_cap=10, healthy_ram_streak=13/15, tracked_pids=122, free_ram_mb=5187
Starting job: n=11, p=2, iterations=500, score=22000, chip=Apple M4, python_bin=/opt/homebrew/Caskroom/miniconda/base/envs/MasterThesis/bin/python, free_ram_mb=5184, allowed_parallel=10, current_parallel_cap=10, healthy_ram_streak=13/15, tracked_jobs=9
Launched PID: 89608; current_parallel_cap=10
Queue check: current_jobs=10, allowed_parallel=10, current_parallel_cap=10, healthy_ram_streak=14/15, tracked_pids=123, free_ram_mb=5171
Queue check: current_jobs=10, allowed_parallel=10, current_parallel_cap=10, healthy_ram_streak=0/15, tracked_pids=123, free_ram_mb=5168
Queue check: current_jobs=10, allowed_parallel=10, current_parallel_cap=10, healthy_ram_streak=1/15, tracked_pids=123, free_ram_mb=5119
Queue check: current_jobs=10, allowed_parallel=10, current_parallel_cap=10, healthy_ram_streak=2/15, tracked_pids=123, free_ram_mb=5110
Queue check: current_jobs=10, allowed_parallel=10, current_parallel_cap=10, healthy_ram_streak=3/15, tracked_pids=123, free_ram_mb=5137
Queue check: current_jobs=10, allowed_parallel=10, current_parallel_cap=10, healthy_ram_streak=4/15, tracked_pids=123, free_ram_mb=5107
Queue check: current_jobs=10, allowed_parallel=10, current_parallel_cap=10, healthy_ram_streak=5/15, tracked_pids=123, free_ram_mb=5115
Queue check: current_jobs=10, allowed_parallel=10, current_parallel_cap=10, healthy_ram_streak=6/15, tracked_pids=123, free_ram_mb=5140
Queue check: current_jobs=10, allowed_parallel=10, current_parallel_cap=10, healthy_ram_streak=7/15, tracked_pids=123, free_ram_mb=5139
Queue check: current_jobs=10, allowed_parallel=10, current_parallel_cap=10, healthy_ram_streak=8/15, tracked_pids=123, free_ram_mb=5133
Queue check: current_jobs=10, allowed_parallel=10, current_parallel_cap=10, healthy_ram_streak=9/15, tracked_pids=123, free_ram_mb=5291
Queue check: current_jobs=10, allowed_parallel=10, current_parallel_cap=10, healthy_ram_streak=10/15, tracked_pids=123, free_ram_mb=5135
Queue check: current_jobs=10, allowed_parallel=10, current_parallel_cap=10, healthy_ram_streak=11/15, tracked_pids=123, free_ram_mb=5137
Queue check: current_jobs=10, allowed_parallel=10, current_parallel_cap=10, healthy_ram_streak=12/15, tracked_pids=123, free_ram_mb=5117
Queue check: current_jobs=10, allowed_parallel=10, current_parallel_cap=10, healthy_ram_streak=13/15, tracked_pids=123, free_ram_mb=5132
Queue check: current_jobs=10, allowed_parallel=10, current_parallel_cap=10, healthy_ram_streak=14/15, tracked_pids=123, free_ram_mb=5124
Queue check: current_jobs=10, allowed_parallel=10, current_parallel_cap=10, healthy_ram_streak=0/15, tracked_pids=123, free_ram_mb=5136
Queue check: current_jobs=10, allowed_parallel=10, current_parallel_cap=10, healthy_ram_streak=1/15, tracked_pids=123, free_ram_mb=5110
Queue check: current_jobs=10, allowed_parallel=10, current_parallel_cap=10, healthy_ram_streak=2/15, tracked_pids=123, free_ram_mb=5144
Queue check: current_jobs=10, allowed_parallel=10, current_parallel_cap=10, healthy_ram_streak=3/15, tracked_pids=123, free_ram_mb=5128
Queue check: current_jobs=10, allowed_parallel=10, current_parallel_cap=10, healthy_ram_streak=4/15, tracked_pids=123, free_ram_mb=5119
Queue check: current_jobs=10, allowed_parallel=10, current_parallel_cap=10, healthy_ram_streak=5/15, tracked_pids=123, free_ram_mb=5148
Queue check: current_jobs=10, allowed_parallel=10, current_parallel_cap=10, healthy_ram_streak=6/15, tracked_pids=123, free_ram_mb=5126
Queue check: current_jobs=10, allowed_parallel=10, current_parallel_cap=10, healthy_ram_streak=7/15, tracked_pids=123, free_ram_mb=5138
Queue check: current_jobs=10, allowed_parallel=10, current_parallel_cap=10, healthy_ram_streak=8/15, tracked_pids=123, free_ram_mb=5122
Queue check: current_jobs=10, allowed_parallel=10, current_parallel_cap=10, healthy_ram_streak=9/15, tracked_pids=123, free_ram_mb=5102
Queue check: current_jobs=10, allowed_parallel=10, current_parallel_cap=10, healthy_ram_streak=10/15, tracked_pids=123, free_ram_mb=5129
Queue check: current_jobs=10, allowed_parallel=10, current_parallel_cap=10, healthy_ram_streak=11/15, tracked_pids=123, free_ram_mb=5110
Queue check: current_jobs=10, allowed_parallel=10, current_parallel_cap=10, healthy_ram_streak=12/15, tracked_pids=123, free_ram_mb=5124
Queue check: current_jobs=10, allowed_parallel=10, current_parallel_cap=10, healthy_ram_streak=13/15, tracked_pids=123, free_ram_mb=5128
Queue check: current_jobs=10, allowed_parallel=10, current_parallel_cap=10, healthy_ram_streak=14/15, tracked_pids=123, free_ram_mb=5111
Queue check: current_jobs=10, allowed_parallel=10, current_parallel_cap=10, healthy_ram_streak=0/15, tracked_pids=123, free_ram_mb=5119
Queue check: current_jobs=10, allowed_parallel=10, current_parallel_cap=10, healthy_ram_streak=1/15, tracked_pids=123, free_ram_mb=5130
Queue check: current_jobs=10, allowed_parallel=10, current_parallel_cap=10, healthy_ram_streak=2/15, tracked_pids=123, free_ram_mb=5132
Queue check: current_jobs=10, allowed_parallel=10, current_parallel_cap=10, healthy_ram_streak=3/15, tracked_pids=123, free_ram_mb=5116
Queue check: current_jobs=10, allowed_parallel=10, current_parallel_cap=10, healthy_ram_streak=4/15, tracked_pids=123, free_ram_mb=5122
Queue check: current_jobs=10, allowed_parallel=10, current_parallel_cap=10, healthy_ram_streak=5/15, tracked_pids=123, free_ram_mb=5144
Queue check: current_jobs=10, allowed_parallel=10, current_parallel_cap=10, healthy_ram_streak=6/15, tracked_pids=123, free_ram_mb=5116
Queue check: current_jobs=10, allowed_parallel=10, current_parallel_cap=10, healthy_ram_streak=7/15, tracked_pids=123, free_ram_mb=5119
Queue check: current_jobs=10, allowed_parallel=10, current_parallel_cap=10, healthy_ram_streak=8/15, tracked_pids=123, free_ram_mb=5113
Queue check: current_jobs=10, allowed_parallel=10, current_parallel_cap=10, healthy_ram_streak=9/15, tracked_pids=123, free_ram_mb=5129
Queue check: current_jobs=10, allowed_parallel=10, current_parallel_cap=10, healthy_ram_streak=10/15, tracked_pids=123, free_ram_mb=5131
Queue check: current_jobs=10, allowed_parallel=10, current_parallel_cap=10, healthy_ram_streak=11/15, tracked_pids=123, free_ram_mb=5126
Queue check: current_jobs=10, allowed_parallel=10, current_parallel_cap=10, healthy_ram_streak=12/15, tracked_pids=123, free_ram_mb=5135
Queue check: current_jobs=10, allowed_parallel=10, current_parallel_cap=10, healthy_ram_streak=13/15, tracked_pids=123, free_ram_mb=5116
Queue check: current_jobs=10, allowed_parallel=10, current_parallel_cap=10, healthy_ram_streak=14/15, tracked_pids=123, free_ram_mb=5126
Queue check: current_jobs=10, allowed_parallel=10, current_parallel_cap=10, healthy_ram_streak=0/15, tracked_pids=123, free_ram_mb=5136
Queue check: current_jobs=10, allowed_parallel=10, current_parallel_cap=10, healthy_ram_streak=1/15, tracked_pids=123, free_ram_mb=5116
Queue check: current_jobs=10, allowed_parallel=10, current_parallel_cap=10, healthy_ram_streak=2/15, tracked_pids=123, free_ram_mb=5133
Queue check: current_jobs=10, allowed_parallel=10, current_parallel_cap=10, healthy_ram_streak=3/15, tracked_pids=123, free_ram_mb=5160
Queue check: current_jobs=10, allowed_parallel=10, current_parallel_cap=10, healthy_ram_streak=4/15, tracked_pids=123, free_ram_mb=5100
Queue check: current_jobs=9, allowed_parallel=10, current_parallel_cap=10, healthy_ram_streak=5/15, tracked_pids=123, free_ram_mb=5208
Starting job: n=14, p=4, iterations=100, score=22400, chip=Apple M4, python_bin=/opt/homebrew/Caskroom/miniconda/base/envs/MasterThesis/bin/python, free_ram_mb=5229, allowed_parallel=10, current_parallel_cap=10, healthy_ram_streak=5/15, tracked_jobs=9
Launched PID: 92936; current_parallel_cap=10
Queue check: current_jobs=10, allowed_parallel=10, current_parallel_cap=10, healthy_ram_streak=6/15, tracked_pids=124, free_ram_mb=5172
Queue check: current_jobs=10, allowed_parallel=10, current_parallel_cap=10, healthy_ram_streak=7/15, tracked_pids=124, free_ram_mb=4782
Queue check: current_jobs=10, allowed_parallel=10, current_parallel_cap=10, healthy_ram_streak=8/15, tracked_pids=124, free_ram_mb=3341
Queue check: current_jobs=10, allowed_parallel=10, current_parallel_cap=10, healthy_ram_streak=9/15, tracked_pids=124, free_ram_mb=5443
Queue check: current_jobs=10, allowed_parallel=10, current_parallel_cap=10, healthy_ram_streak=10/15, tracked_pids=124, free_ram_mb=5432
Queue check: current_jobs=10, allowed_parallel=10, current_parallel_cap=10, healthy_ram_streak=11/15, tracked_pids=124, free_ram_mb=5441
Queue check: current_jobs=10, allowed_parallel=10, current_parallel_cap=10, healthy_ram_streak=12/15, tracked_pids=124, free_ram_mb=5409
Queue check: current_jobs=10, allowed_parallel=10, current_parallel_cap=10, healthy_ram_streak=13/15, tracked_pids=124, free_ram_mb=5439
Queue check: current_jobs=10, allowed_parallel=10, current_parallel_cap=10, healthy_ram_streak=14/15, tracked_pids=124, free_ram_mb=5425
Queue check: current_jobs=10, allowed_parallel=10, current_parallel_cap=10, healthy_ram_streak=0/15, tracked_pids=124, free_ram_mb=5462
Queue check: current_jobs=10, allowed_parallel=10, current_parallel_cap=10, healthy_ram_streak=1/15, tracked_pids=124, free_ram_mb=5460
Queue check: current_jobs=10, allowed_parallel=10, current_parallel_cap=10, healthy_ram_streak=2/15, tracked_pids=124, free_ram_mb=5535
Queue check: current_jobs=10, allowed_parallel=10, current_parallel_cap=10, healthy_ram_streak=3/15, tracked_pids=124, free_ram_mb=5511
Queue check: current_jobs=10, allowed_parallel=10, current_parallel_cap=10, healthy_ram_streak=4/15, tracked_pids=124, free_ram_mb=5473
Queue check: current_jobs=10, allowed_parallel=10, current_parallel_cap=10, healthy_ram_streak=5/15, tracked_pids=124, free_ram_mb=5533
Queue check: current_jobs=10, allowed_parallel=10, current_parallel_cap=10, healthy_ram_streak=6/15, tracked_pids=124, free_ram_mb=5522
Queue check: current_jobs=10, allowed_parallel=10, current_parallel_cap=10, healthy_ram_streak=7/15, tracked_pids=124, free_ram_mb=5518
Queue check: current_jobs=10, allowed_parallel=10, current_parallel_cap=10, healthy_ram_streak=8/15, tracked_pids=124, free_ram_mb=5450
Queue check: current_jobs=10, allowed_parallel=10, current_parallel_cap=10, healthy_ram_streak=9/15, tracked_pids=124, free_ram_mb=5487
Queue check: current_jobs=11, allowed_parallel=10, current_parallel_cap=10, healthy_ram_streak=10/15, tracked_pids=124, free_ram_mb=5359
Queue check: current_jobs=10, allowed_parallel=10, current_parallel_cap=10, healthy_ram_streak=11/15, tracked_pids=124, free_ram_mb=5412
Queue check: current_jobs=11, allowed_parallel=10, current_parallel_cap=10, healthy_ram_streak=12/15, tracked_pids=124, free_ram_mb=5374
Queue check: current_jobs=11, allowed_parallel=10, current_parallel_cap=10, healthy_ram_streak=13/15, tracked_pids=124, free_ram_mb=5367
Queue check: current_jobs=10, allowed_parallel=10, current_parallel_cap=10, healthy_ram_streak=14/15, tracked_pids=124, free_ram_mb=5425
Queue check: current_jobs=10, allowed_parallel=10, current_parallel_cap=10, healthy_ram_streak=0/15, tracked_pids=124, free_ram_mb=5404
