nohup: ignoring input
Launcher PID: 3913263
Started at: 2026-06-17 17:14:34
Host: dacsgpu0001
Working directory: /home/i6408800/MasterThesis/QAOA
Using benchmark config snapshot: Results/config_snapshots/benchmark_config_20260617_171434_pid3913263.json
HOG index range: n=0..175 out of 176 graphs.
Benchmark configuration from Results/config_snapshots/benchmark_config_20260617_171434_pid3913263.json:
  optimiser: "adam"
  optimiser_use_heuristic: true
  heuristic_optimiser_iterations: 2
  heuristic_optimiser_sampleSize: 1000
  circuit_type: "hamqaoa"
  parameter_vector: [1,1,1]
  iterations_list: [50]
  learning_rate_adam: 0.05
  depth_list: [1,3,5]
  n_start: null
  n_end: null
  singlet_injection: false
  start_index_singlet: null
  warm_start: true
  warm_start_mode: "standard"
  lasserre_level: 1
  initial_solver_level_M: 1
  sdp_seed: 42
  warm_start_corr_strength: null
  warm_start_corr_repeats: null
  compare_with_010101: false
  init_QAOAparams_close_to_zero: false
  use_correlations_as_initial_params: false
  time_limit: 10800
  failed_instance_termination_thrsh: null
  graph_generation_type: "hog"
  weighted: false
  easiest_first: true
  cpu_util_threshold: null
  debug: false
  save_circuit_svg: false
  rerun_exclude_finished_instances: false
  optimiser_debug_iterations: null
  num_repeats: 10
  relative_graph_adjList_path: "HOG_graphs/triangleFree_connected_4to8vertices_176instances_AdjacencyList.txt"
  persistent_warm_start_cache: true
  warm_start_cache_dir: "Results/warm_start_cache"
  warm_start_cache_max_file_mb: 512
  warm_start_cache_max_total_gb: 60
  sdp_max_parallel: 5
  qaoa_max_parallel: 8
  sdp_threads: 1
  qaoa_threads: 4
  sdp_memory_limit_total_gb: 80
  sdp_memory_limit_single_gb: 80
  sdp_memory_poll_seconds: 5
  sdp_max_retries: 3
  queue_poll_interval_seconds: 5

DSRI SDP/QAOA queue launcher settings:
  warm_start: true
  pending_sdp_initial: 1760
  pending_qaoa_initial: 0
  sdp_max_parallel: 5
  qaoa_max_parallel: 8
  sdp_memory_limit_total_gb: 80
  sdp_memory_limit_single_gb: 80
  sdp_max_retries: 3
  sdp_threads: 1
  qaoa_threads: 4
  warm_start_cache_dir: Results/warm_start_cache
  warm_start_cache_max_file_mb: 512
  warm_start_cache_max_total_gb: 60
  python_bin: /home/i6408800/miniforge3/envs/masterthesis/bin/python
  MOSEKLM_LICENSE_FILE: /home/coder/project/MasterThesis/mosek.lic

Launching SDP producer key=n0_rep1_seed42, n=0, repeat=1, seed=42, p=1, iterations=50, retry=0, cache=Results/warm_start_cache/triangleFree_connected_4to8vertices_176instances_AdjacencyList__filehash_279b7452/hog_idx000000_2870a2ee8414_seed42_L1_M1_standard.npz
Launched SDP PID=3941964, key=n0_rep1_seed42
Launching SDP producer key=n0_rep2_seed1000042, n=0, repeat=2, seed=1000042, p=1, iterations=50, retry=0, cache=Results/warm_start_cache/triangleFree_connected_4to8vertices_176instances_AdjacencyList__filehash_279b7452/hog_idx000000_2870a2ee8414_seed1000042_L1_M1_standard.npz
Launched SDP PID=3941977, key=n0_rep2_seed1000042
Launching SDP producer key=n0_rep3_seed2000042, n=0, repeat=3, seed=2000042, p=1, iterations=50, retry=0, cache=Results/warm_start_cache/triangleFree_connected_4to8vertices_176instances_AdjacencyList__filehash_279b7452/hog_idx000000_2870a2ee8414_seed2000042_L1_M1_standard.npz
Launched SDP PID=3942001, key=n0_rep3_seed2000042
Launching SDP producer key=n0_rep4_seed3000042, n=0, repeat=4, seed=3000042, p=1, iterations=50, retry=0, cache=Results/warm_start_cache/triangleFree_connected_4to8vertices_176instances_AdjacencyList__filehash_279b7452/hog_idx000000_2870a2ee8414_seed3000042_L1_M1_standard.npz
Launched SDP PID=3942040, key=n0_rep4_seed3000042
Launching SDP producer key=n0_rep5_seed4000042, n=0, repeat=5, seed=4000042, p=1, iterations=50, retry=0, cache=Results/warm_start_cache/triangleFree_connected_4to8vertices_176instances_AdjacencyList__filehash_279b7452/hog_idx000000_2870a2ee8414_seed4000042_L1_M1_standard.npz
Launched SDP PID=3942077, key=n0_rep5_seed4000042
Loop status: pending_sdp=1755, running_sdp=5, pending_qaoa=0, running_qaoa=0, total_sdp_rss_mb=20, cache_size_mb=5
SDP producer failed for key=n0_rep1_seed42, exit_code=42
SDP producer failed for key=n0_rep2_seed1000042, exit_code=42
SDP producer failed for key=n0_rep3_seed2000042, exit_code=42
SDP producer failed for key=n0_rep4_seed3000042, exit_code=42
SDP producer failed for key=n0_rep5_seed4000042, exit_code=42
Launching SDP producer key=n0_rep6_seed5000042, n=0, repeat=6, seed=5000042, p=1, iterations=50, retry=0, cache=Results/warm_start_cache/triangleFree_connected_4to8vertices_176instances_AdjacencyList__filehash_279b7452/hog_idx000000_2870a2ee8414_seed5000042_L1_M1_standard.npz
Launched SDP PID=3942228, key=n0_rep6_seed5000042
Launching SDP producer key=n0_rep7_seed6000042, n=0, repeat=7, seed=6000042, p=1, iterations=50, retry=0, cache=Results/warm_start_cache/triangleFree_connected_4to8vertices_176instances_AdjacencyList__filehash_279b7452/hog_idx000000_2870a2ee8414_seed6000042_L1_M1_standard.npz
Launched SDP PID=3942243, key=n0_rep7_seed6000042
Launching SDP producer key=n0_rep8_seed7000042, n=0, repeat=8, seed=7000042, p=1, iterations=50, retry=0, cache=Results/warm_start_cache/triangleFree_connected_4to8vertices_176instances_AdjacencyList__filehash_279b7452/hog_idx000000_2870a2ee8414_seed7000042_L1_M1_standard.npz
Launched SDP PID=3942267, key=n0_rep8_seed7000042
Launching SDP producer key=n0_rep9_seed8000042, n=0, repeat=9, seed=8000042, p=1, iterations=50, retry=0, cache=Results/warm_start_cache/triangleFree_connected_4to8vertices_176instances_AdjacencyList__filehash_279b7452/hog_idx000000_2870a2ee8414_seed8000042_L1_M1_standard.npz
Launched SDP PID=3942296, key=n0_rep9_seed8000042
Launching SDP producer key=n0_rep10_seed9000042, n=0, repeat=10, seed=9000042, p=1, iterations=50, retry=0, cache=Results/warm_start_cache/triangleFree_connected_4to8vertices_176instances_AdjacencyList__filehash_279b7452/hog_idx000000_2870a2ee8414_seed9000042_L1_M1_standard.npz
Launched SDP PID=3942333, key=n0_rep10_seed9000042
Loop status: pending_sdp=1750, running_sdp=5, pending_qaoa=0, running_qaoa=0, total_sdp_rss_mb=20, cache_size_mb=5
SDP producer failed for key=n0_rep6_seed5000042, exit_code=42
SDP producer failed for key=n0_rep7_seed6000042, exit_code=42
SDP producer failed for key=n0_rep8_seed7000042, exit_code=42
SDP producer failed for key=n0_rep9_seed8000042, exit_code=42
SDP producer failed for key=n0_rep10_seed9000042, exit_code=42
Launching SDP producer key=n1_rep1_seed42, n=1, repeat=1, seed=42, p=1, iterations=50, retry=0, cache=Results/warm_start_cache/triangleFree_connected_4to8vertices_176instances_AdjacencyList__filehash_279b7452/hog_idx000001_dcf1071fcc31_seed42_L1_M1_standard.npz
Launched SDP PID=3942477, key=n1_rep1_seed42
Launching SDP producer key=n1_rep2_seed1000042, n=1, repeat=2, seed=1000042, p=1, iterations=50, retry=0, cache=Results/warm_start_cache/triangleFree_connected_4to8vertices_176instances_AdjacencyList__filehash_279b7452/hog_idx000001_dcf1071fcc31_seed1000042_L1_M1_standard.npz
Launched SDP PID=3942494, key=n1_rep2_seed1000042
Launching SDP producer key=n1_rep3_seed2000042, n=1, repeat=3, seed=2000042, p=1, iterations=50, retry=0, cache=Results/warm_start_cache/triangleFree_connected_4to8vertices_176instances_AdjacencyList__filehash_279b7452/hog_idx000001_dcf1071fcc31_seed2000042_L1_M1_standard.npz
Launched SDP PID=3942515, key=n1_rep3_seed2000042
Launching SDP producer key=n1_rep4_seed3000042, n=1, repeat=4, seed=3000042, p=1, iterations=50, retry=0, cache=Results/warm_start_cache/triangleFree_connected_4to8vertices_176instances_AdjacencyList__filehash_279b7452/hog_idx000001_dcf1071fcc31_seed3000042_L1_M1_standard.npz
Launched SDP PID=3942544, key=n1_rep4_seed3000042
Launching SDP producer key=n1_rep5_seed4000042, n=1, repeat=5, seed=4000042, p=1, iterations=50, retry=0, cache=Results/warm_start_cache/triangleFree_connected_4to8vertices_176instances_AdjacencyList__filehash_279b7452/hog_idx000001_dcf1071fcc31_seed4000042_L1_M1_standard.npz
Launched SDP PID=3942581, key=n1_rep5_seed4000042
Loop status: pending_sdp=1745, running_sdp=5, pending_qaoa=0, running_qaoa=0, total_sdp_rss_mb=20, cache_size_mb=5
SDP producer failed for key=n1_rep1_seed42, exit_code=42
SDP producer failed for key=n1_rep2_seed1000042, exit_code=42
SDP producer failed for key=n1_rep3_seed2000042, exit_code=42
SDP producer failed for key=n1_rep4_seed3000042, exit_code=42
SDP producer failed for key=n1_rep5_seed4000042, exit_code=42
Launching SDP producer key=n1_rep6_seed5000042, n=1, repeat=6, seed=5000042, p=1, iterations=50, retry=0, cache=Results/warm_start_cache/triangleFree_connected_4to8vertices_176instances_AdjacencyList__filehash_279b7452/hog_idx000001_dcf1071fcc31_seed5000042_L1_M1_standard.npz
Launched SDP PID=3942728, key=n1_rep6_seed5000042
Launching SDP producer key=n1_rep7_seed6000042, n=1, repeat=7, seed=6000042, p=1, iterations=50, retry=0, cache=Results/warm_start_cache/triangleFree_connected_4to8vertices_176instances_AdjacencyList__filehash_279b7452/hog_idx000001_dcf1071fcc31_seed6000042_L1_M1_standard.npz
Launched SDP PID=3942741, key=n1_rep7_seed6000042
Launching SDP producer key=n1_rep8_seed7000042, n=1, repeat=8, seed=7000042, p=1, iterations=50, retry=0, cache=Results/warm_start_cache/triangleFree_connected_4to8vertices_176instances_AdjacencyList__filehash_279b7452/hog_idx000001_dcf1071fcc31_seed7000042_L1_M1_standard.npz
Launched SDP PID=3942762, key=n1_rep8_seed7000042
Launching SDP producer key=n1_rep9_seed8000042, n=1, repeat=9, seed=8000042, p=1, iterations=50, retry=0, cache=Results/warm_start_cache/triangleFree_connected_4to8vertices_176instances_AdjacencyList__filehash_279b7452/hog_idx000001_dcf1071fcc31_seed8000042_L1_M1_standard.npz
Launched SDP PID=3942791, key=n1_rep9_seed8000042
Launching SDP producer key=n1_rep10_seed9000042, n=1, repeat=10, seed=9000042, p=1, iterations=50, retry=0, cache=Results/warm_start_cache/triangleFree_connected_4to8vertices_176instances_AdjacencyList__filehash_279b7452/hog_idx000001_dcf1071fcc31_seed9000042_L1_M1_standard.npz
Launched SDP PID=3942828, key=n1_rep10_seed9000042
Loop status: pending_sdp=1740, running_sdp=5, pending_qaoa=0, running_qaoa=0, total_sdp_rss_mb=20, cache_size_mb=5
SDP producer failed for key=n1_rep6_seed5000042, exit_code=42
SDP producer failed for key=n1_rep7_seed6000042, exit_code=42
SDP producer failed for key=n1_rep8_seed7000042, exit_code=42
SDP producer failed for key=n1_rep9_seed8000042, exit_code=42
SDP producer failed for key=n1_rep10_seed9000042, exit_code=42
Launching SDP producer key=n2_rep1_seed42, n=2, repeat=1, seed=42, p=1, iterations=50, retry=0, cache=Results/warm_start_cache/triangleFree_connected_4to8vertices_176instances_AdjacencyList__filehash_279b7452/hog_idx000002_a9ba2966dd1c_seed42_L1_M1_standard.npz
Launched SDP PID=3942969, key=n2_rep1_seed42
Launching SDP producer key=n2_rep2_seed1000042, n=2, repeat=2, seed=1000042, p=1, iterations=50, retry=0, cache=Results/warm_start_cache/triangleFree_connected_4to8vertices_176instances_AdjacencyList__filehash_279b7452/hog_idx000002_a9ba2966dd1c_seed1000042_L1_M1_standard.npz
Launched SDP PID=3942982, key=n2_rep2_seed1000042
Launching SDP producer key=n2_rep3_seed2000042, n=2, repeat=3, seed=2000042, p=1, iterations=50, retry=0, cache=Results/warm_start_cache/triangleFree_connected_4to8vertices_176instances_AdjacencyList__filehash_279b7452/hog_idx000002_a9ba2966dd1c_seed2000042_L1_M1_standard.npz
Launched SDP PID=3943003, key=n2_rep3_seed2000042
Launching SDP producer key=n2_rep4_seed3000042, n=2, repeat=4, seed=3000042, p=1, iterations=50, retry=0, cache=Results/warm_start_cache/triangleFree_connected_4to8vertices_176instances_AdjacencyList__filehash_279b7452/hog_idx000002_a9ba2966dd1c_seed3000042_L1_M1_standard.npz
Launched SDP PID=3943042, key=n2_rep4_seed3000042
Launching SDP producer key=n2_rep5_seed4000042, n=2, repeat=5, seed=4000042, p=1, iterations=50, retry=0, cache=Results/warm_start_cache/triangleFree_connected_4to8vertices_176instances_AdjacencyList__filehash_279b7452/hog_idx000002_a9ba2966dd1c_seed4000042_L1_M1_standard.npz
Launched SDP PID=3943079, key=n2_rep5_seed4000042
Loop status: pending_sdp=1735, running_sdp=5, pending_qaoa=0, running_qaoa=0, total_sdp_rss_mb=20, cache_size_mb=5
SDP producer failed for key=n2_rep1_seed42, exit_code=42
SDP producer failed for key=n2_rep2_seed1000042, exit_code=42
SDP producer failed for key=n2_rep3_seed2000042, exit_code=42
SDP producer failed for key=n2_rep4_seed3000042, exit_code=42
SDP producer failed for key=n2_rep5_seed4000042, exit_code=42
Launching SDP producer key=n2_rep6_seed5000042, n=2, repeat=6, seed=5000042, p=1, iterations=50, retry=0, cache=Results/warm_start_cache/triangleFree_connected_4to8vertices_176instances_AdjacencyList__filehash_279b7452/hog_idx000002_a9ba2966dd1c_seed5000042_L1_M1_standard.npz
Launched SDP PID=3943225, key=n2_rep6_seed5000042
Launching SDP producer key=n2_rep7_seed6000042, n=2, repeat=7, seed=6000042, p=1, iterations=50, retry=0, cache=Results/warm_start_cache/triangleFree_connected_4to8vertices_176instances_AdjacencyList__filehash_279b7452/hog_idx000002_a9ba2966dd1c_seed6000042_L1_M1_standard.npz
Launched SDP PID=3943238, key=n2_rep7_seed6000042
Launching SDP producer key=n2_rep8_seed7000042, n=2, repeat=8, seed=7000042, p=1, iterations=50, retry=0, cache=Results/warm_start_cache/triangleFree_connected_4to8vertices_176instances_AdjacencyList__filehash_279b7452/hog_idx000002_a9ba2966dd1c_seed7000042_L1_M1_standard.npz
Launched SDP PID=3943259, key=n2_rep8_seed7000042
Launching SDP producer key=n2_rep9_seed8000042, n=2, repeat=9, seed=8000042, p=1, iterations=50, retry=0, cache=Results/warm_start_cache/triangleFree_connected_4to8vertices_176instances_AdjacencyList__filehash_279b7452/hog_idx000002_a9ba2966dd1c_seed8000042_L1_M1_standard.npz
Launched SDP PID=3943293, key=n2_rep9_seed8000042
Launching SDP producer key=n2_rep10_seed9000042, n=2, repeat=10, seed=9000042, p=1, iterations=50, retry=0, cache=Results/warm_start_cache/triangleFree_connected_4to8vertices_176instances_AdjacencyList__filehash_279b7452/hog_idx000002_a9ba2966dd1c_seed9000042_L1_M1_standard.npz
Launched SDP PID=3943330, key=n2_rep10_seed9000042
Loop status: pending_sdp=1730, running_sdp=5, pending_qaoa=0, running_qaoa=0, total_sdp_rss_mb=20, cache_size_mb=5
SDP producer failed for key=n2_rep6_seed5000042, exit_code=42
SDP producer failed for key=n2_rep7_seed6000042, exit_code=42
SDP producer failed for key=n2_rep8_seed7000042, exit_code=42
SDP producer failed for key=n2_rep9_seed8000042, exit_code=42
SDP producer failed for key=n2_rep10_seed9000042, exit_code=42
Launching SDP producer key=n3_rep1_seed42, n=3, repeat=1, seed=42, p=1, iterations=50, retry=0, cache=Results/warm_start_cache/triangleFree_connected_4to8vertices_176instances_AdjacencyList__filehash_279b7452/hog_idx000003_ee00932b07c9_seed42_L1_M1_standard.npz
Launched SDP PID=3943474, key=n3_rep1_seed42
Launching SDP producer key=n3_rep2_seed1000042, n=3, repeat=2, seed=1000042, p=1, iterations=50, retry=0, cache=Results/warm_start_cache/triangleFree_connected_4to8vertices_176instances_AdjacencyList__filehash_279b7452/hog_idx000003_ee00932b07c9_seed1000042_L1_M1_standard.npz
Launched SDP PID=3943487, key=n3_rep2_seed1000042
Launching SDP producer key=n3_rep3_seed2000042, n=3, repeat=3, seed=2000042, p=1, iterations=50, retry=0, cache=Results/warm_start_cache/triangleFree_connected_4to8vertices_176instances_AdjacencyList__filehash_279b7452/hog_idx000003_ee00932b07c9_seed2000042_L1_M1_standard.npz
Launched SDP PID=3943508, key=n3_rep3_seed2000042
Launching SDP producer key=n3_rep4_seed3000042, n=3, repeat=4, seed=3000042, p=1, iterations=50, retry=0, cache=Results/warm_start_cache/triangleFree_connected_4to8vertices_176instances_AdjacencyList__filehash_279b7452/hog_idx000003_ee00932b07c9_seed3000042_L1_M1_standard.npz
Launched SDP PID=3943537, key=n3_rep4_seed3000042
Launching SDP producer key=n3_rep5_seed4000042, n=3, repeat=5, seed=4000042, p=1, iterations=50, retry=0, cache=Results/warm_start_cache/triangleFree_connected_4to8vertices_176instances_AdjacencyList__filehash_279b7452/hog_idx000003_ee00932b07c9_seed4000042_L1_M1_standard.npz
Launched SDP PID=3943574, key=n3_rep5_seed4000042
Loop status: pending_sdp=1725, running_sdp=5, pending_qaoa=0, running_qaoa=0, total_sdp_rss_mb=20, cache_size_mb=5
SDP producer failed for key=n3_rep1_seed42, exit_code=42
SDP producer failed for key=n3_rep2_seed1000042, exit_code=42
SDP producer failed for key=n3_rep3_seed2000042, exit_code=42
SDP producer failed for key=n3_rep4_seed3000042, exit_code=42
SDP producer failed for key=n3_rep5_seed4000042, exit_code=42
Launching SDP producer key=n3_rep6_seed5000042, n=3, repeat=6, seed=5000042, p=1, iterations=50, retry=0, cache=Results/warm_start_cache/triangleFree_connected_4to8vertices_176instances_AdjacencyList__filehash_279b7452/hog_idx000003_ee00932b07c9_seed5000042_L1_M1_standard.npz
Launched SDP PID=3943719, key=n3_rep6_seed5000042
Launching SDP producer key=n3_rep7_seed6000042, n=3, repeat=7, seed=6000042, p=1, iterations=50, retry=0, cache=Results/warm_start_cache/triangleFree_connected_4to8vertices_176instances_AdjacencyList__filehash_279b7452/hog_idx000003_ee00932b07c9_seed6000042_L1_M1_standard.npz
Launched SDP PID=3943732, key=n3_rep7_seed6000042
Launching SDP producer key=n3_rep8_seed7000042, n=3, repeat=8, seed=7000042, p=1, iterations=50, retry=0, cache=Results/warm_start_cache/triangleFree_connected_4to8vertices_176instances_AdjacencyList__filehash_279b7452/hog_idx000003_ee00932b07c9_seed7000042_L1_M1_standard.npz
Launched SDP PID=3943753, key=n3_rep8_seed7000042
Launching SDP producer key=n3_rep9_seed8000042, n=3, repeat=9, seed=8000042, p=1, iterations=50, retry=0, cache=Results/warm_start_cache/triangleFree_connected_4to8vertices_176instances_AdjacencyList__filehash_279b7452/hog_idx000003_ee00932b07c9_seed8000042_L1_M1_standard.npz
Launched SDP PID=3943782, key=n3_rep9_seed8000042
Launching SDP producer key=n3_rep10_seed9000042, n=3, repeat=10, seed=9000042, p=1, iterations=50, retry=0, cache=Results/warm_start_cache/triangleFree_connected_4to8vertices_176instances_AdjacencyList__filehash_279b7452/hog_idx000003_ee00932b07c9_seed9000042_L1_M1_standard.npz
Launched SDP PID=3943819, key=n3_rep10_seed9000042
Loop status: pending_sdp=1720, running_sdp=5, pending_qaoa=0, running_qaoa=0, total_sdp_rss_mb=20, cache_size_mb=5
SDP producer failed for key=n3_rep6_seed5000042, exit_code=42
SDP producer failed for key=n3_rep7_seed6000042, exit_code=42
SDP producer failed for key=n3_rep8_seed7000042, exit_code=42
SDP producer failed for key=n3_rep9_seed8000042, exit_code=42
SDP producer failed for key=n3_rep10_seed9000042, exit_code=42
Launching SDP producer key=n4_rep1_seed42, n=4, repeat=1, seed=42, p=1, iterations=50, retry=0, cache=Results/warm_start_cache/triangleFree_connected_4to8vertices_176instances_AdjacencyList__filehash_279b7452/hog_idx000004_f3b409b7058e_seed42_L1_M1_standard.npz
Launched SDP PID=3943965, key=n4_rep1_seed42
Launching SDP producer key=n4_rep2_seed1000042, n=4, repeat=2, seed=1000042, p=1, iterations=50, retry=0, cache=Results/warm_start_cache/triangleFree_connected_4to8vertices_176instances_AdjacencyList__filehash_279b7452/hog_idx000004_f3b409b7058e_seed1000042_L1_M1_standard.npz
Launched SDP PID=3943978, key=n4_rep2_seed1000042
Launching SDP producer key=n4_rep3_seed2000042, n=4, repeat=3, seed=2000042, p=1, iterations=50, retry=0, cache=Results/warm_start_cache/triangleFree_connected_4to8vertices_176instances_AdjacencyList__filehash_279b7452/hog_idx000004_f3b409b7058e_seed2000042_L1_M1_standard.npz
Launched SDP PID=3943999, key=n4_rep3_seed2000042
Launching SDP producer key=n4_rep4_seed3000042, n=4, repeat=4, seed=3000042, p=1, iterations=50, retry=0, cache=Results/warm_start_cache/triangleFree_connected_4to8vertices_176instances_AdjacencyList__filehash_279b7452/hog_idx000004_f3b409b7058e_seed3000042_L1_M1_standard.npz
Launched SDP PID=3944028, key=n4_rep4_seed3000042
Launching SDP producer key=n4_rep5_seed4000042, n=4, repeat=5, seed=4000042, p=1, iterations=50, retry=0, cache=Results/warm_start_cache/triangleFree_connected_4to8vertices_176instances_AdjacencyList__filehash_279b7452/hog_idx000004_f3b409b7058e_seed4000042_L1_M1_standard.npz
Launched SDP PID=3944075, key=n4_rep5_seed4000042
Loop status: pending_sdp=1715, running_sdp=5, pending_qaoa=0, running_qaoa=0, total_sdp_rss_mb=20, cache_size_mb=5
SDP producer failed for key=n4_rep1_seed42, exit_code=42
SDP producer failed for key=n4_rep2_seed1000042, exit_code=42
SDP producer failed for key=n4_rep3_seed2000042, exit_code=42
SDP producer failed for key=n4_rep4_seed3000042, exit_code=42
SDP producer failed for key=n4_rep5_seed4000042, exit_code=42
Launching SDP producer key=n4_rep6_seed5000042, n=4, repeat=6, seed=5000042, p=1, iterations=50, retry=0, cache=Results/warm_start_cache/triangleFree_connected_4to8vertices_176instances_AdjacencyList__filehash_279b7452/hog_idx000004_f3b409b7058e_seed5000042_L1_M1_standard.npz
Launched SDP PID=3944217, key=n4_rep6_seed5000042
Launching SDP producer key=n4_rep7_seed6000042, n=4, repeat=7, seed=6000042, p=1, iterations=50, retry=0, cache=Results/warm_start_cache/triangleFree_connected_4to8vertices_176instances_AdjacencyList__filehash_279b7452/hog_idx000004_f3b409b7058e_seed6000042_L1_M1_standard.npz
Launched SDP PID=3944230, key=n4_rep7_seed6000042
Launching SDP producer key=n4_rep8_seed7000042, n=4, repeat=8, seed=7000042, p=1, iterations=50, retry=0, cache=Results/warm_start_cache/triangleFree_connected_4to8vertices_176instances_AdjacencyList__filehash_279b7452/hog_idx000004_f3b409b7058e_seed7000042_L1_M1_standard.npz
Launched SDP PID=3944251, key=n4_rep8_seed7000042
Launching SDP producer key=n4_rep9_seed8000042, n=4, repeat=9, seed=8000042, p=1, iterations=50, retry=0, cache=Results/warm_start_cache/triangleFree_connected_4to8vertices_176instances_AdjacencyList__filehash_279b7452/hog_idx000004_f3b409b7058e_seed8000042_L1_M1_standard.npz
Launched SDP PID=3944285, key=n4_rep9_seed8000042
Launching SDP producer key=n4_rep10_seed9000042, n=4, repeat=10, seed=9000042, p=1, iterations=50, retry=0, cache=Results/warm_start_cache/triangleFree_connected_4to8vertices_176instances_AdjacencyList__filehash_279b7452/hog_idx000004_f3b409b7058e_seed9000042_L1_M1_standard.npz
Launched SDP PID=3944325, key=n4_rep10_seed9000042
Loop status: pending_sdp=1710, running_sdp=5, pending_qaoa=0, running_qaoa=0, total_sdp_rss_mb=20, cache_size_mb=5
SDP producer failed for key=n4_rep6_seed5000042, exit_code=42
SDP producer failed for key=n4_rep7_seed6000042, exit_code=42
SDP producer failed for key=n4_rep8_seed7000042, exit_code=42
SDP producer failed for key=n4_rep9_seed8000042, exit_code=42
SDP producer failed for key=n4_rep10_seed9000042, exit_code=42
Launching SDP producer key=n5_rep1_seed42, n=5, repeat=1, seed=42, p=1, iterations=50, retry=0, cache=Results/warm_start_cache/triangleFree_connected_4to8vertices_176instances_AdjacencyList__filehash_279b7452/hog_idx000005_9e829526c962_seed42_L1_M1_standard.npz
Launched SDP PID=3944470, key=n5_rep1_seed42
Launching SDP producer key=n5_rep2_seed1000042, n=5, repeat=2, seed=1000042, p=1, iterations=50, retry=0, cache=Results/warm_start_cache/triangleFree_connected_4to8vertices_176instances_AdjacencyList__filehash_279b7452/hog_idx000005_9e829526c962_seed1000042_L1_M1_standard.npz
Launched SDP PID=3944484, key=n5_rep2_seed1000042
Launching SDP producer key=n5_rep3_seed2000042, n=5, repeat=3, seed=2000042, p=1, iterations=50, retry=0, cache=Results/warm_start_cache/triangleFree_connected_4to8vertices_176instances_AdjacencyList__filehash_279b7452/hog_idx000005_9e829526c962_seed2000042_L1_M1_standard.npz
Launched SDP PID=3944505, key=n5_rep3_seed2000042
Launching SDP producer key=n5_rep4_seed3000042, n=5, repeat=4, seed=3000042, p=1, iterations=50, retry=0, cache=Results/warm_start_cache/triangleFree_connected_4to8vertices_176instances_AdjacencyList__filehash_279b7452/hog_idx000005_9e829526c962_seed3000042_L1_M1_standard.npz
Launched SDP PID=3944537, key=n5_rep4_seed3000042
Launching SDP producer key=n5_rep5_seed4000042, n=5, repeat=5, seed=4000042, p=1, iterations=50, retry=0, cache=Results/warm_start_cache/triangleFree_connected_4to8vertices_176instances_AdjacencyList__filehash_279b7452/hog_idx000005_9e829526c962_seed4000042_L1_M1_standard.npz
Launched SDP PID=3944574, key=n5_rep5_seed4000042
Loop status: pending_sdp=1705, running_sdp=5, pending_qaoa=0, running_qaoa=0, total_sdp_rss_mb=20, cache_size_mb=5
SDP producer failed for key=n5_rep1_seed42, exit_code=42
SDP producer failed for key=n5_rep2_seed1000042, exit_code=42
SDP producer failed for key=n5_rep3_seed2000042, exit_code=42
SDP producer failed for key=n5_rep4_seed3000042, exit_code=42
SDP producer failed for key=n5_rep5_seed4000042, exit_code=42
Launching SDP producer key=n5_rep6_seed5000042, n=5, repeat=6, seed=5000042, p=1, iterations=50, retry=0, cache=Results/warm_start_cache/triangleFree_connected_4to8vertices_176instances_AdjacencyList__filehash_279b7452/hog_idx000005_9e829526c962_seed5000042_L1_M1_standard.npz
Launched SDP PID=3944724, key=n5_rep6_seed5000042
Launching SDP producer key=n5_rep7_seed6000042, n=5, repeat=7, seed=6000042, p=1, iterations=50, retry=0, cache=Results/warm_start_cache/triangleFree_connected_4to8vertices_176instances_AdjacencyList__filehash_279b7452/hog_idx000005_9e829526c962_seed6000042_L1_M1_standard.npz
Launched SDP PID=3944737, key=n5_rep7_seed6000042
Launching SDP producer key=n5_rep8_seed7000042, n=5, repeat=8, seed=7000042, p=1, iterations=50, retry=0, cache=Results/warm_start_cache/triangleFree_connected_4to8vertices_176instances_AdjacencyList__filehash_279b7452/hog_idx000005_9e829526c962_seed7000042_L1_M1_standard.npz
Launched SDP PID=3944761, key=n5_rep8_seed7000042
Launching SDP producer key=n5_rep9_seed8000042, n=5, repeat=9, seed=8000042, p=1, iterations=50, retry=0, cache=Results/warm_start_cache/triangleFree_connected_4to8vertices_176instances_AdjacencyList__filehash_279b7452/hog_idx000005_9e829526c962_seed8000042_L1_M1_standard.npz
Launched SDP PID=3944790, key=n5_rep9_seed8000042
Launching SDP producer key=n5_rep10_seed9000042, n=5, repeat=10, seed=9000042, p=1, iterations=50, retry=0, cache=Results/warm_start_cache/triangleFree_connected_4to8vertices_176instances_AdjacencyList__filehash_279b7452/hog_idx000005_9e829526c962_seed9000042_L1_M1_standard.npz
Launched SDP PID=3944827, key=n5_rep10_seed9000042
Loop status: pending_sdp=1700, running_sdp=5, pending_qaoa=0, running_qaoa=0, total_sdp_rss_mb=20, cache_size_mb=5
SDP producer failed for key=n5_rep6_seed5000042, exit_code=42
SDP producer failed for key=n5_rep7_seed6000042, exit_code=42
SDP producer failed for key=n5_rep8_seed7000042, exit_code=42
SDP producer failed for key=n5_rep9_seed8000042, exit_code=42
SDP producer failed for key=n5_rep10_seed9000042, exit_code=42
Launching SDP producer key=n6_rep1_seed42, n=6, repeat=1, seed=42, p=1, iterations=50, retry=0, cache=Results/warm_start_cache/triangleFree_connected_4to8vertices_176instances_AdjacencyList__filehash_279b7452/hog_idx000006_593d250c5028_seed42_L1_M1_standard.npz
Launched SDP PID=3944965, key=n6_rep1_seed42
Launching SDP producer key=n6_rep2_seed1000042, n=6, repeat=2, seed=1000042, p=1, iterations=50, retry=0, cache=Results/warm_start_cache/triangleFree_connected_4to8vertices_176instances_AdjacencyList__filehash_279b7452/hog_idx000006_593d250c5028_seed1000042_L1_M1_standard.npz
Launched SDP PID=3944985, key=n6_rep2_seed1000042
Launching SDP producer key=n6_rep3_seed2000042, n=6, repeat=3, seed=2000042, p=1, iterations=50, retry=0, cache=Results/warm_start_cache/triangleFree_connected_4to8vertices_176instances_AdjacencyList__filehash_279b7452/hog_idx000006_593d250c5028_seed2000042_L1_M1_standard.npz
Launched SDP PID=3945006, key=n6_rep3_seed2000042
Launching SDP producer key=n6_rep4_seed3000042, n=6, repeat=4, seed=3000042, p=1, iterations=50, retry=0, cache=Results/warm_start_cache/triangleFree_connected_4to8vertices_176instances_AdjacencyList__filehash_279b7452/hog_idx000006_593d250c5028_seed3000042_L1_M1_standard.npz
Launched SDP PID=3945035, key=n6_rep4_seed3000042
Launching SDP producer key=n6_rep5_seed4000042, n=6, repeat=5, seed=4000042, p=1, iterations=50, retry=0, cache=Results/warm_start_cache/triangleFree_connected_4to8vertices_176instances_AdjacencyList__filehash_279b7452/hog_idx000006_593d250c5028_seed4000042_L1_M1_standard.npz
Launched SDP PID=3945072, key=n6_rep5_seed4000042
Loop status: pending_sdp=1695, running_sdp=5, pending_qaoa=0, running_qaoa=0, total_sdp_rss_mb=20, cache_size_mb=5
SDP producer failed for key=n6_rep1_seed42, exit_code=42
SDP producer failed for key=n6_rep2_seed1000042, exit_code=42
SDP producer failed for key=n6_rep3_seed2000042, exit_code=42
SDP producer failed for key=n6_rep4_seed3000042, exit_code=42
SDP producer failed for key=n6_rep5_seed4000042, exit_code=42
Launching SDP producer key=n6_rep6_seed5000042, n=6, repeat=6, seed=5000042, p=1, iterations=50, retry=0, cache=Results/warm_start_cache/triangleFree_connected_4to8vertices_176instances_AdjacencyList__filehash_279b7452/hog_idx000006_593d250c5028_seed5000042_L1_M1_standard.npz
Launched SDP PID=3945231, key=n6_rep6_seed5000042
Launching SDP producer key=n6_rep7_seed6000042, n=6, repeat=7, seed=6000042, p=1, iterations=50, retry=0, cache=Results/warm_start_cache/triangleFree_connected_4to8vertices_176instances_AdjacencyList__filehash_279b7452/hog_idx000006_593d250c5028_seed6000042_L1_M1_standard.npz
Launched SDP PID=3945244, key=n6_rep7_seed6000042
Launching SDP producer key=n6_rep8_seed7000042, n=6, repeat=8, seed=7000042, p=1, iterations=50, retry=0, cache=Results/warm_start_cache/triangleFree_connected_4to8vertices_176instances_AdjacencyList__filehash_279b7452/hog_idx000006_593d250c5028_seed7000042_L1_M1_standard.npz
Launched SDP PID=3945265, key=n6_rep8_seed7000042
Launching SDP producer key=n6_rep9_seed8000042, n=6, repeat=9, seed=8000042, p=1, iterations=50, retry=0, cache=Results/warm_start_cache/triangleFree_connected_4to8vertices_176instances_AdjacencyList__filehash_279b7452/hog_idx000006_593d250c5028_seed8000042_L1_M1_standard.npz
Launched SDP PID=3945294, key=n6_rep9_seed8000042
Launching SDP producer key=n6_rep10_seed9000042, n=6, repeat=10, seed=9000042, p=1, iterations=50, retry=0, cache=Results/warm_start_cache/triangleFree_connected_4to8vertices_176instances_AdjacencyList__filehash_279b7452/hog_idx000006_593d250c5028_seed9000042_L1_M1_standard.npz
Launched SDP PID=3945336, key=n6_rep10_seed9000042
Loop status: pending_sdp=1690, running_sdp=5, pending_qaoa=0, running_qaoa=0, total_sdp_rss_mb=20, cache_size_mb=5
SDP producer failed for key=n6_rep6_seed5000042, exit_code=42
SDP producer failed for key=n6_rep7_seed6000042, exit_code=42
SDP producer failed for key=n6_rep8_seed7000042, exit_code=42
SDP producer failed for key=n6_rep9_seed8000042, exit_code=42
SDP producer failed for key=n6_rep10_seed9000042, exit_code=42
Launching SDP producer key=n7_rep1_seed42, n=7, repeat=1, seed=42, p=1, iterations=50, retry=0, cache=Results/warm_start_cache/triangleFree_connected_4to8vertices_176instances_AdjacencyList__filehash_279b7452/hog_idx000007_be4629f4e8de_seed42_L1_M1_standard.npz
Launched SDP PID=3945479, key=n7_rep1_seed42
Launching SDP producer key=n7_rep2_seed1000042, n=7, repeat=2, seed=1000042, p=1, iterations=50, retry=0, cache=Results/warm_start_cache/triangleFree_connected_4to8vertices_176instances_AdjacencyList__filehash_279b7452/hog_idx000007_be4629f4e8de_seed1000042_L1_M1_standard.npz
Launched SDP PID=3945492, key=n7_rep2_seed1000042
Launching SDP producer key=n7_rep3_seed2000042, n=7, repeat=3, seed=2000042, p=1, iterations=50, retry=0, cache=Results/warm_start_cache/triangleFree_connected_4to8vertices_176instances_AdjacencyList__filehash_279b7452/hog_idx000007_be4629f4e8de_seed2000042_L1_M1_standard.npz
Launched SDP PID=3945513, key=n7_rep3_seed2000042
Launching SDP producer key=n7_rep4_seed3000042, n=7, repeat=4, seed=3000042, p=1, iterations=50, retry=0, cache=Results/warm_start_cache/triangleFree_connected_4to8vertices_176instances_AdjacencyList__filehash_279b7452/hog_idx000007_be4629f4e8de_seed3000042_L1_M1_standard.npz
Launched SDP PID=3945542, key=n7_rep4_seed3000042
Launching SDP producer key=n7_rep5_seed4000042, n=7, repeat=5, seed=4000042, p=1, iterations=50, retry=0, cache=Results/warm_start_cache/triangleFree_connected_4to8vertices_176instances_AdjacencyList__filehash_279b7452/hog_idx000007_be4629f4e8de_seed4000042_L1_M1_standard.npz
Launched SDP PID=3945579, key=n7_rep5_seed4000042
Loop status: pending_sdp=1685, running_sdp=5, pending_qaoa=0, running_qaoa=0, total_sdp_rss_mb=20, cache_size_mb=5
SDP producer failed for key=n7_rep1_seed42, exit_code=42
SDP producer failed for key=n7_rep2_seed1000042, exit_code=42
SDP producer failed for key=n7_rep3_seed2000042, exit_code=42
SDP producer failed for key=n7_rep4_seed3000042, exit_code=42
SDP producer failed for key=n7_rep5_seed4000042, exit_code=42
Launching SDP producer key=n7_rep6_seed5000042, n=7, repeat=6, seed=5000042, p=1, iterations=50, retry=0, cache=Results/warm_start_cache/triangleFree_connected_4to8vertices_176instances_AdjacencyList__filehash_279b7452/hog_idx000007_be4629f4e8de_seed5000042_L1_M1_standard.npz
Launched SDP PID=3945725, key=n7_rep6_seed5000042
Launching SDP producer key=n7_rep7_seed6000042, n=7, repeat=7, seed=6000042, p=1, iterations=50, retry=0, cache=Results/warm_start_cache/triangleFree_connected_4to8vertices_176instances_AdjacencyList__filehash_279b7452/hog_idx000007_be4629f4e8de_seed6000042_L1_M1_standard.npz
Launched SDP PID=3945738, key=n7_rep7_seed6000042
Launching SDP producer key=n7_rep8_seed7000042, n=7, repeat=8, seed=7000042, p=1, iterations=50, retry=0, cache=Results/warm_start_cache/triangleFree_connected_4to8vertices_176instances_AdjacencyList__filehash_279b7452/hog_idx000007_be4629f4e8de_seed7000042_L1_M1_standard.npz
Launched SDP PID=3945759, key=n7_rep8_seed7000042
Launching SDP producer key=n7_rep9_seed8000042, n=7, repeat=9, seed=8000042, p=1, iterations=50, retry=0, cache=Results/warm_start_cache/triangleFree_connected_4to8vertices_176instances_AdjacencyList__filehash_279b7452/hog_idx000007_be4629f4e8de_seed8000042_L1_M1_standard.npz
Launched SDP PID=3945788, key=n7_rep9_seed8000042
Launching SDP producer key=n7_rep10_seed9000042, n=7, repeat=10, seed=9000042, p=1, iterations=50, retry=0, cache=Results/warm_start_cache/triangleFree_connected_4to8vertices_176instances_AdjacencyList__filehash_279b7452/hog_idx000007_be4629f4e8de_seed9000042_L1_M1_standard.npz
Launched SDP PID=3945825, key=n7_rep10_seed9000042
Loop status: pending_sdp=1680, running_sdp=5, pending_qaoa=0, running_qaoa=0, total_sdp_rss_mb=20, cache_size_mb=5
SDP producer failed for key=n7_rep6_seed5000042, exit_code=42
SDP producer failed for key=n7_rep7_seed6000042, exit_code=42
SDP producer failed for key=n7_rep8_seed7000042, exit_code=42
SDP producer failed for key=n7_rep9_seed8000042, exit_code=42
SDP producer failed for key=n7_rep10_seed9000042, exit_code=42
Launching SDP producer key=n8_rep1_seed42, n=8, repeat=1, seed=42, p=1, iterations=50, retry=0, cache=Results/warm_start_cache/triangleFree_connected_4to8vertices_176instances_AdjacencyList__filehash_279b7452/hog_idx000008_7a7ae5e19a68_seed42_L1_M1_standard.npz
Launched SDP PID=3945968, key=n8_rep1_seed42
Launching SDP producer key=n8_rep2_seed1000042, n=8, repeat=2, seed=1000042, p=1, iterations=50, retry=0, cache=Results/warm_start_cache/triangleFree_connected_4to8vertices_176instances_AdjacencyList__filehash_279b7452/hog_idx000008_7a7ae5e19a68_seed1000042_L1_M1_standard.npz
Launched SDP PID=3945981, key=n8_rep2_seed1000042
Launching SDP producer key=n8_rep3_seed2000042, n=8, repeat=3, seed=2000042, p=1, iterations=50, retry=0, cache=Results/warm_start_cache/triangleFree_connected_4to8vertices_176instances_AdjacencyList__filehash_279b7452/hog_idx000008_7a7ae5e19a68_seed2000042_L1_M1_standard.npz
Launched SDP PID=3946002, key=n8_rep3_seed2000042
Launching SDP producer key=n8_rep4_seed3000042, n=8, repeat=4, seed=3000042, p=1, iterations=50, retry=0, cache=Results/warm_start_cache/triangleFree_connected_4to8vertices_176instances_AdjacencyList__filehash_279b7452/hog_idx000008_7a7ae5e19a68_seed3000042_L1_M1_standard.npz
Launched SDP PID=3946031, key=n8_rep4_seed3000042
Launching SDP producer key=n8_rep5_seed4000042, n=8, repeat=5, seed=4000042, p=1, iterations=50, retry=0, cache=Results/warm_start_cache/triangleFree_connected_4to8vertices_176instances_AdjacencyList__filehash_279b7452/hog_idx000008_7a7ae5e19a68_seed4000042_L1_M1_standard.npz
Launched SDP PID=3946068, key=n8_rep5_seed4000042
Loop status: pending_sdp=1675, running_sdp=5, pending_qaoa=0, running_qaoa=0, total_sdp_rss_mb=20, cache_size_mb=5
SDP producer failed for key=n8_rep1_seed42, exit_code=42
SDP producer failed for key=n8_rep2_seed1000042, exit_code=42
SDP producer failed for key=n8_rep3_seed2000042, exit_code=42
SDP producer failed for key=n8_rep4_seed3000042, exit_code=42
SDP producer failed for key=n8_rep5_seed4000042, exit_code=42
Launching SDP producer key=n8_rep6_seed5000042, n=8, repeat=6, seed=5000042, p=1, iterations=50, retry=0, cache=Results/warm_start_cache/triangleFree_connected_4to8vertices_176instances_AdjacencyList__filehash_279b7452/hog_idx000008_7a7ae5e19a68_seed5000042_L1_M1_standard.npz
Launched SDP PID=3946222, key=n8_rep6_seed5000042
Launching SDP producer key=n8_rep7_seed6000042, n=8, repeat=7, seed=6000042, p=1, iterations=50, retry=0, cache=Results/warm_start_cache/triangleFree_connected_4to8vertices_176instances_AdjacencyList__filehash_279b7452/hog_idx000008_7a7ae5e19a68_seed6000042_L1_M1_standard.npz
Launched SDP PID=3946235, key=n8_rep7_seed6000042
Launching SDP producer key=n8_rep8_seed7000042, n=8, repeat=8, seed=7000042, p=1, iterations=50, retry=0, cache=Results/warm_start_cache/triangleFree_connected_4to8vertices_176instances_AdjacencyList__filehash_279b7452/hog_idx000008_7a7ae5e19a68_seed7000042_L1_M1_standard.npz
Launched SDP PID=3946256, key=n8_rep8_seed7000042
Launching SDP producer key=n8_rep9_seed8000042, n=8, repeat=9, seed=8000042, p=1, iterations=50, retry=0, cache=Results/warm_start_cache/triangleFree_connected_4to8vertices_176instances_AdjacencyList__filehash_279b7452/hog_idx000008_7a7ae5e19a68_seed8000042_L1_M1_standard.npz
Launched SDP PID=3946288, key=n8_rep9_seed8000042
Launching SDP producer key=n8_rep10_seed9000042, n=8, repeat=10, seed=9000042, p=1, iterations=50, retry=0, cache=Results/warm_start_cache/triangleFree_connected_4to8vertices_176instances_AdjacencyList__filehash_279b7452/hog_idx000008_7a7ae5e19a68_seed9000042_L1_M1_standard.npz
Launched SDP PID=3946325, key=n8_rep10_seed9000042
Loop status: pending_sdp=1670, running_sdp=5, pending_qaoa=0, running_qaoa=0, total_sdp_rss_mb=20, cache_size_mb=5
SDP producer failed for key=n8_rep6_seed5000042, exit_code=42
SDP producer failed for key=n8_rep8_seed7000042, exit_code=42
SDP producer failed for key=n8_rep9_seed8000042, exit_code=42
SDP producer failed for key=n8_rep10_seed9000042, exit_code=42
Launching SDP producer key=n9_rep1_seed42, n=9, repeat=1, seed=42, p=1, iterations=50, retry=0, cache=Results/warm_start_cache/triangleFree_connected_4to8vertices_176instances_AdjacencyList__filehash_279b7452/hog_idx000009_75ca1d28b14f_seed42_L1_M1_standard.npz
Launched SDP PID=3946475, key=n9_rep1_seed42
Launching SDP producer key=n9_rep2_seed1000042, n=9, repeat=2, seed=1000042, p=1, iterations=50, retry=0, cache=Results/warm_start_cache/triangleFree_connected_4to8vertices_176instances_AdjacencyList__filehash_279b7452/hog_idx000009_75ca1d28b14f_seed1000042_L1_M1_standard.npz
Launched SDP PID=3946496, key=n9_rep2_seed1000042
Launching SDP producer key=n9_rep3_seed2000042, n=9, repeat=3, seed=2000042, p=1, iterations=50, retry=0, cache=Results/warm_start_cache/triangleFree_connected_4to8vertices_176instances_AdjacencyList__filehash_279b7452/hog_idx000009_75ca1d28b14f_seed2000042_L1_M1_standard.npz
Launched SDP PID=3946525, key=n9_rep3_seed2000042
Launching SDP producer key=n9_rep4_seed3000042, n=9, repeat=4, seed=3000042, p=1, iterations=50, retry=0, cache=Results/warm_start_cache/triangleFree_connected_4to8vertices_176instances_AdjacencyList__filehash_279b7452/hog_idx000009_75ca1d28b14f_seed3000042_L1_M1_standard.npz
Launched SDP PID=3946567, key=n9_rep4_seed3000042
SDP producer failed for key=n8_rep7_seed6000042, exit_code=42
Launching SDP producer key=n9_rep5_seed4000042, n=9, repeat=5, seed=4000042, p=1, iterations=50, retry=0, cache=Results/warm_start_cache/triangleFree_connected_4to8vertices_176instances_AdjacencyList__filehash_279b7452/hog_idx000009_75ca1d28b14f_seed4000042_L1_M1_standard.npz
Launched SDP PID=3946612, key=n9_rep5_seed4000042
Loop status: pending_sdp=1665, running_sdp=5, pending_qaoa=0, running_qaoa=0, total_sdp_rss_mb=20, cache_size_mb=5
SDP producer failed for key=n9_rep1_seed42, exit_code=42
SDP producer failed for key=n9_rep2_seed1000042, exit_code=42
SDP producer failed for key=n9_rep3_seed2000042, exit_code=42
SDP producer failed for key=n9_rep4_seed3000042, exit_code=42
SDP producer failed for key=n9_rep5_seed4000042, exit_code=42
Launching SDP producer key=n9_rep6_seed5000042, n=9, repeat=6, seed=5000042, p=1, iterations=50, retry=0, cache=Results/warm_start_cache/triangleFree_connected_4to8vertices_176instances_AdjacencyList__filehash_279b7452/hog_idx000009_75ca1d28b14f_seed5000042_L1_M1_standard.npz
Launched SDP PID=3946755, key=n9_rep6_seed5000042
Launching SDP producer key=n9_rep7_seed6000042, n=9, repeat=7, seed=6000042, p=1, iterations=50, retry=0, cache=Results/warm_start_cache/triangleFree_connected_4to8vertices_176instances_AdjacencyList__filehash_279b7452/hog_idx000009_75ca1d28b14f_seed6000042_L1_M1_standard.npz
Launched SDP PID=3946768, key=n9_rep7_seed6000042
Launching SDP producer key=n9_rep8_seed7000042, n=9, repeat=8, seed=7000042, p=1, iterations=50, retry=0, cache=Results/warm_start_cache/triangleFree_connected_4to8vertices_176instances_AdjacencyList__filehash_279b7452/hog_idx000009_75ca1d28b14f_seed7000042_L1_M1_standard.npz
Launched SDP PID=3946790, key=n9_rep8_seed7000042
Launching SDP producer key=n9_rep9_seed8000042, n=9, repeat=9, seed=8000042, p=1, iterations=50, retry=0, cache=Results/warm_start_cache/triangleFree_connected_4to8vertices_176instances_AdjacencyList__filehash_279b7452/hog_idx000009_75ca1d28b14f_seed8000042_L1_M1_standard.npz
Launched SDP PID=3946820, key=n9_rep9_seed8000042
Launching SDP producer key=n9_rep10_seed9000042, n=9, repeat=10, seed=9000042, p=1, iterations=50, retry=0, cache=Results/warm_start_cache/triangleFree_connected_4to8vertices_176instances_AdjacencyList__filehash_279b7452/hog_idx000009_75ca1d28b14f_seed9000042_L1_M1_standard.npz
Launched SDP PID=3946860, key=n9_rep10_seed9000042
Loop status: pending_sdp=1660, running_sdp=5, pending_qaoa=0, running_qaoa=0, total_sdp_rss_mb=20, cache_size_mb=5
SDP producer failed for key=n9_rep6_seed5000042, exit_code=42
SDP producer failed for key=n9_rep7_seed6000042, exit_code=42
SDP producer failed for key=n9_rep8_seed7000042, exit_code=42
SDP producer failed for key=n9_rep9_seed8000042, exit_code=42
SDP producer failed for key=n9_rep10_seed9000042, exit_code=42
Launching SDP producer key=n10_rep1_seed42, n=10, repeat=1, seed=42, p=1, iterations=50, retry=0, cache=Results/warm_start_cache/triangleFree_connected_4to8vertices_176instances_AdjacencyList__filehash_279b7452/hog_idx000010_a1a181cbb79a_seed42_L1_M1_standard.npz
Launched SDP PID=3947002, key=n10_rep1_seed42
Launching SDP producer key=n10_rep2_seed1000042, n=10, repeat=2, seed=1000042, p=1, iterations=50, retry=0, cache=Results/warm_start_cache/triangleFree_connected_4to8vertices_176instances_AdjacencyList__filehash_279b7452/hog_idx000010_a1a181cbb79a_seed1000042_L1_M1_standard.npz
Launched SDP PID=3947015, key=n10_rep2_seed1000042
Launching SDP producer key=n10_rep3_seed2000042, n=10, repeat=3, seed=2000042, p=1, iterations=50, retry=0, cache=Results/warm_start_cache/triangleFree_connected_4to8vertices_176instances_AdjacencyList__filehash_279b7452/hog_idx000010_a1a181cbb79a_seed2000042_L1_M1_standard.npz
Launched SDP PID=3947036, key=n10_rep3_seed2000042
Launching SDP producer key=n10_rep4_seed3000042, n=10, repeat=4, seed=3000042, p=1, iterations=50, retry=0, cache=Results/warm_start_cache/triangleFree_connected_4to8vertices_176instances_AdjacencyList__filehash_279b7452/hog_idx000010_a1a181cbb79a_seed3000042_L1_M1_standard.npz
Launched SDP PID=3947065, key=n10_rep4_seed3000042
Launching SDP producer key=n10_rep5_seed4000042, n=10, repeat=5, seed=4000042, p=1, iterations=50, retry=0, cache=Results/warm_start_cache/triangleFree_connected_4to8vertices_176instances_AdjacencyList__filehash_279b7452/hog_idx000010_a1a181cbb79a_seed4000042_L1_M1_standard.npz
Launched SDP PID=3947105, key=n10_rep5_seed4000042
Loop status: pending_sdp=1655, running_sdp=5, pending_qaoa=0, running_qaoa=0, total_sdp_rss_mb=20, cache_size_mb=5
SDP producer failed for key=n10_rep1_seed42, exit_code=42
SDP producer failed for key=n10_rep2_seed1000042, exit_code=42
SDP producer failed for key=n10_rep3_seed2000042, exit_code=42
SDP producer failed for key=n10_rep4_seed3000042, exit_code=42
SDP producer failed for key=n10_rep5_seed4000042, exit_code=42
Launching SDP producer key=n10_rep6_seed5000042, n=10, repeat=6, seed=5000042, p=1, iterations=50, retry=0, cache=Results/warm_start_cache/triangleFree_connected_4to8vertices_176instances_AdjacencyList__filehash_279b7452/hog_idx000010_a1a181cbb79a_seed5000042_L1_M1_standard.npz
Launched SDP PID=3947260, key=n10_rep6_seed5000042
Launching SDP producer key=n10_rep7_seed6000042, n=10, repeat=7, seed=6000042, p=1, iterations=50, retry=0, cache=Results/warm_start_cache/triangleFree_connected_4to8vertices_176instances_AdjacencyList__filehash_279b7452/hog_idx000010_a1a181cbb79a_seed6000042_L1_M1_standard.npz
Launched SDP PID=3947273, key=n10_rep7_seed6000042
Launching SDP producer key=n10_rep8_seed7000042, n=10, repeat=8, seed=7000042, p=1, iterations=50, retry=0, cache=Results/warm_start_cache/triangleFree_connected_4to8vertices_176instances_AdjacencyList__filehash_279b7452/hog_idx000010_a1a181cbb79a_seed7000042_L1_M1_standard.npz
Launched SDP PID=3947294, key=n10_rep8_seed7000042
Launching SDP producer key=n10_rep9_seed8000042, n=10, repeat=9, seed=8000042, p=1, iterations=50, retry=0, cache=Results/warm_start_cache/triangleFree_connected_4to8vertices_176instances_AdjacencyList__filehash_279b7452/hog_idx000010_a1a181cbb79a_seed8000042_L1_M1_standard.npz
Launched SDP PID=3947326, key=n10_rep9_seed8000042
Launching SDP producer key=n10_rep10_seed9000042, n=10, repeat=10, seed=9000042, p=1, iterations=50, retry=0, cache=Results/warm_start_cache/triangleFree_connected_4to8vertices_176instances_AdjacencyList__filehash_279b7452/hog_idx000010_a1a181cbb79a_seed9000042_L1_M1_standard.npz
Launched SDP PID=3947363, key=n10_rep10_seed9000042
Loop status: pending_sdp=1650, running_sdp=5, pending_qaoa=0, running_qaoa=0, total_sdp_rss_mb=20, cache_size_mb=5
SDP producer failed for key=n10_rep6_seed5000042, exit_code=42
SDP producer failed for key=n10_rep7_seed6000042, exit_code=42
SDP producer failed for key=n10_rep8_seed7000042, exit_code=42
SDP producer failed for key=n10_rep9_seed8000042, exit_code=42
SDP producer failed for key=n10_rep10_seed9000042, exit_code=42
Launching SDP producer key=n11_rep1_seed42, n=11, repeat=1, seed=42, p=1, iterations=50, retry=0, cache=Results/warm_start_cache/triangleFree_connected_4to8vertices_176instances_AdjacencyList__filehash_279b7452/hog_idx000011_f428c4318666_seed42_L1_M1_standard.npz
Launched SDP PID=3947507, key=n11_rep1_seed42
Launching SDP producer key=n11_rep2_seed1000042, n=11, repeat=2, seed=1000042, p=1, iterations=50, retry=0, cache=Results/warm_start_cache/triangleFree_connected_4to8vertices_176instances_AdjacencyList__filehash_279b7452/hog_idx000011_f428c4318666_seed1000042_L1_M1_standard.npz
Launched SDP PID=3947524, key=n11_rep2_seed1000042
Launching SDP producer key=n11_rep3_seed2000042, n=11, repeat=3, seed=2000042, p=1, iterations=50, retry=0, cache=Results/warm_start_cache/triangleFree_connected_4to8vertices_176instances_AdjacencyList__filehash_279b7452/hog_idx000011_f428c4318666_seed2000042_L1_M1_standard.npz
Launched SDP PID=3947548, key=n11_rep3_seed2000042
Launching SDP producer key=n11_rep4_seed3000042, n=11, repeat=4, seed=3000042, p=1, iterations=50, retry=0, cache=Results/warm_start_cache/triangleFree_connected_4to8vertices_176instances_AdjacencyList__filehash_279b7452/hog_idx000011_f428c4318666_seed3000042_L1_M1_standard.npz
Launched SDP PID=3947577, key=n11_rep4_seed3000042
Launching SDP producer key=n11_rep5_seed4000042, n=11, repeat=5, seed=4000042, p=1, iterations=50, retry=0, cache=Results/warm_start_cache/triangleFree_connected_4to8vertices_176instances_AdjacencyList__filehash_279b7452/hog_idx000011_f428c4318666_seed4000042_L1_M1_standard.npz
Launched SDP PID=3947614, key=n11_rep5_seed4000042
Loop status: pending_sdp=1645, running_sdp=5, pending_qaoa=0, running_qaoa=0, total_sdp_rss_mb=20, cache_size_mb=5
SDP producer failed for key=n11_rep1_seed42, exit_code=42
SDP producer failed for key=n11_rep2_seed1000042, exit_code=42
SDP producer failed for key=n11_rep3_seed2000042, exit_code=42
SDP producer failed for key=n11_rep4_seed3000042, exit_code=42
SDP producer failed for key=n11_rep5_seed4000042, exit_code=42
Launching SDP producer key=n11_rep6_seed5000042, n=11, repeat=6, seed=5000042, p=1, iterations=50, retry=0, cache=Results/warm_start_cache/triangleFree_connected_4to8vertices_176instances_AdjacencyList__filehash_279b7452/hog_idx000011_f428c4318666_seed5000042_L1_M1_standard.npz
Launched SDP PID=3947760, key=n11_rep6_seed5000042
Launching SDP producer key=n11_rep7_seed6000042, n=11, repeat=7, seed=6000042, p=1, iterations=50, retry=0, cache=Results/warm_start_cache/triangleFree_connected_4to8vertices_176instances_AdjacencyList__filehash_279b7452/hog_idx000011_f428c4318666_seed6000042_L1_M1_standard.npz
Launched SDP PID=3947773, key=n11_rep7_seed6000042
Launching SDP producer key=n11_rep8_seed7000042, n=11, repeat=8, seed=7000042, p=1, iterations=50, retry=0, cache=Results/warm_start_cache/triangleFree_connected_4to8vertices_176instances_AdjacencyList__filehash_279b7452/hog_idx000011_f428c4318666_seed7000042_L1_M1_standard.npz
Launched SDP PID=3947795, key=n11_rep8_seed7000042
Launching SDP producer key=n11_rep9_seed8000042, n=11, repeat=9, seed=8000042, p=1, iterations=50, retry=0, cache=Results/warm_start_cache/triangleFree_connected_4to8vertices_176instances_AdjacencyList__filehash_279b7452/hog_idx000011_f428c4318666_seed8000042_L1_M1_standard.npz
Launched SDP PID=3947824, key=n11_rep9_seed8000042
Launching SDP producer key=n11_rep10_seed9000042, n=11, repeat=10, seed=9000042, p=1, iterations=50, retry=0, cache=Results/warm_start_cache/triangleFree_connected_4to8vertices_176instances_AdjacencyList__filehash_279b7452/hog_idx000011_f428c4318666_seed9000042_L1_M1_standard.npz
Launched SDP PID=3947861, key=n11_rep10_seed9000042
Loop status: pending_sdp=1640, running_sdp=5, pending_qaoa=0, running_qaoa=0, total_sdp_rss_mb=20, cache_size_mb=5
SDP producer failed for key=n11_rep6_seed5000042, exit_code=42
SDP producer failed for key=n11_rep7_seed6000042, exit_code=42
SDP producer failed for key=n11_rep8_seed7000042, exit_code=42
SDP producer failed for key=n11_rep9_seed8000042, exit_code=42
SDP producer failed for key=n11_rep10_seed9000042, exit_code=42
Launching SDP producer key=n12_rep1_seed42, n=12, repeat=1, seed=42, p=1, iterations=50, retry=0, cache=Results/warm_start_cache/triangleFree_connected_4to8vertices_176instances_AdjacencyList__filehash_279b7452/hog_idx000012_ca6171b83903_seed42_L1_M1_standard.npz
Launched SDP PID=3948007, key=n12_rep1_seed42
Launching SDP producer key=n12_rep2_seed1000042, n=12, repeat=2, seed=1000042, p=1, iterations=50, retry=0, cache=Results/warm_start_cache/triangleFree_connected_4to8vertices_176instances_AdjacencyList__filehash_279b7452/hog_idx000012_ca6171b83903_seed1000042_L1_M1_standard.npz
Launched SDP PID=3948020, key=n12_rep2_seed1000042
Launching SDP producer key=n12_rep3_seed2000042, n=12, repeat=3, seed=2000042, p=1, iterations=50, retry=0, cache=Results/warm_start_cache/triangleFree_connected_4to8vertices_176instances_AdjacencyList__filehash_279b7452/hog_idx000012_ca6171b83903_seed2000042_L1_M1_standard.npz
Launched SDP PID=3948041, key=n12_rep3_seed2000042
Launching SDP producer key=n12_rep4_seed3000042, n=12, repeat=4, seed=3000042, p=1, iterations=50, retry=0, cache=Results/warm_start_cache/triangleFree_connected_4to8vertices_176instances_AdjacencyList__filehash_279b7452/hog_idx000012_ca6171b83903_seed3000042_L1_M1_standard.npz
Launched SDP PID=3948070, key=n12_rep4_seed3000042
Launching SDP producer key=n12_rep5_seed4000042, n=12, repeat=5, seed=4000042, p=1, iterations=50, retry=0, cache=Results/warm_start_cache/triangleFree_connected_4to8vertices_176instances_AdjacencyList__filehash_279b7452/hog_idx000012_ca6171b83903_seed4000042_L1_M1_standard.npz
Launched SDP PID=3948107, key=n12_rep5_seed4000042
Loop status: pending_sdp=1635, running_sdp=5, pending_qaoa=0, running_qaoa=0, total_sdp_rss_mb=20, cache_size_mb=5
SDP producer failed for key=n12_rep1_seed42, exit_code=42
SDP producer failed for key=n12_rep2_seed1000042, exit_code=42
SDP producer failed for key=n12_rep3_seed2000042, exit_code=42
SDP producer failed for key=n12_rep4_seed3000042, exit_code=42
SDP producer failed for key=n12_rep5_seed4000042, exit_code=42
Launching SDP producer key=n12_rep6_seed5000042, n=12, repeat=6, seed=5000042, p=1, iterations=50, retry=0, cache=Results/warm_start_cache/triangleFree_connected_4to8vertices_176instances_AdjacencyList__filehash_279b7452/hog_idx000012_ca6171b83903_seed5000042_L1_M1_standard.npz
Launched SDP PID=3948261, key=n12_rep6_seed5000042
Launching SDP producer key=n12_rep7_seed6000042, n=12, repeat=7, seed=6000042, p=1, iterations=50, retry=0, cache=Results/warm_start_cache/triangleFree_connected_4to8vertices_176instances_AdjacencyList__filehash_279b7452/hog_idx000012_ca6171b83903_seed6000042_L1_M1_standard.npz
Launched SDP PID=3948274, key=n12_rep7_seed6000042
Launching SDP producer key=n12_rep8_seed7000042, n=12, repeat=8, seed=7000042, p=1, iterations=50, retry=0, cache=Results/warm_start_cache/triangleFree_connected_4to8vertices_176instances_AdjacencyList__filehash_279b7452/hog_idx000012_ca6171b83903_seed7000042_L1_M1_standard.npz
Launched SDP PID=3948295, key=n12_rep8_seed7000042
Launching SDP producer key=n12_rep9_seed8000042, n=12, repeat=9, seed=8000042, p=1, iterations=50, retry=0, cache=Results/warm_start_cache/triangleFree_connected_4to8vertices_176instances_AdjacencyList__filehash_279b7452/hog_idx000012_ca6171b83903_seed8000042_L1_M1_standard.npz
Launched SDP PID=3948324, key=n12_rep9_seed8000042
Launching SDP producer key=n12_rep10_seed9000042, n=12, repeat=10, seed=9000042, p=1, iterations=50, retry=0, cache=Results/warm_start_cache/triangleFree_connected_4to8vertices_176instances_AdjacencyList__filehash_279b7452/hog_idx000012_ca6171b83903_seed9000042_L1_M1_standard.npz
Launched SDP PID=3948361, key=n12_rep10_seed9000042
Loop status: pending_sdp=1630, running_sdp=5, pending_qaoa=0, running_qaoa=0, total_sdp_rss_mb=20, cache_size_mb=5
SDP producer failed for key=n12_rep6_seed5000042, exit_code=42
SDP producer failed for key=n12_rep7_seed6000042, exit_code=42
SDP producer failed for key=n12_rep8_seed7000042, exit_code=42
SDP producer failed for key=n12_rep9_seed8000042, exit_code=42
SDP producer failed for key=n12_rep10_seed9000042, exit_code=42
Launching SDP producer key=n13_rep1_seed42, n=13, repeat=1, seed=42, p=1, iterations=50, retry=0, cache=Results/warm_start_cache/triangleFree_connected_4to8vertices_176instances_AdjacencyList__filehash_279b7452/hog_idx000013_2bb1d7e26d8a_seed42_L1_M1_standard.npz
Launched SDP PID=3948509, key=n13_rep1_seed42
Launching SDP producer key=n13_rep2_seed1000042, n=13, repeat=2, seed=1000042, p=1, iterations=50, retry=0, cache=Results/warm_start_cache/triangleFree_connected_4to8vertices_176instances_AdjacencyList__filehash_279b7452/hog_idx000013_2bb1d7e26d8a_seed1000042_L1_M1_standard.npz
Launched SDP PID=3948522, key=n13_rep2_seed1000042
Launching SDP producer key=n13_rep3_seed2000042, n=13, repeat=3, seed=2000042, p=1, iterations=50, retry=0, cache=Results/warm_start_cache/triangleFree_connected_4to8vertices_176instances_AdjacencyList__filehash_279b7452/hog_idx000013_2bb1d7e26d8a_seed2000042_L1_M1_standard.npz
Launched SDP PID=3948543, key=n13_rep3_seed2000042
Launching SDP producer key=n13_rep4_seed3000042, n=13, repeat=4, seed=3000042, p=1, iterations=50, retry=0, cache=Results/warm_start_cache/triangleFree_connected_4to8vertices_176instances_AdjacencyList__filehash_279b7452/hog_idx000013_2bb1d7e26d8a_seed3000042_L1_M1_standard.npz
Launched SDP PID=3948572, key=n13_rep4_seed3000042
Launching SDP producer key=n13_rep5_seed4000042, n=13, repeat=5, seed=4000042, p=1, iterations=50, retry=0, cache=Results/warm_start_cache/triangleFree_connected_4to8vertices_176instances_AdjacencyList__filehash_279b7452/hog_idx000013_2bb1d7e26d8a_seed4000042_L1_M1_standard.npz
Launched SDP PID=3948609, key=n13_rep5_seed4000042
Loop status: pending_sdp=1625, running_sdp=5, pending_qaoa=0, running_qaoa=0, total_sdp_rss_mb=20, cache_size_mb=5
SDP producer failed for key=n13_rep1_seed42, exit_code=42
SDP producer failed for key=n13_rep2_seed1000042, exit_code=42
SDP producer failed for key=n13_rep3_seed2000042, exit_code=42
SDP producer failed for key=n13_rep4_seed3000042, exit_code=42
SDP producer failed for key=n13_rep5_seed4000042, exit_code=42
Launching SDP producer key=n13_rep6_seed5000042, n=13, repeat=6, seed=5000042, p=1, iterations=50, retry=0, cache=Results/warm_start_cache/triangleFree_connected_4to8vertices_176instances_AdjacencyList__filehash_279b7452/hog_idx000013_2bb1d7e26d8a_seed5000042_L1_M1_standard.npz
Launched SDP PID=3948756, key=n13_rep6_seed5000042
Launching SDP producer key=n13_rep7_seed6000042, n=13, repeat=7, seed=6000042, p=1, iterations=50, retry=0, cache=Results/warm_start_cache/triangleFree_connected_4to8vertices_176instances_AdjacencyList__filehash_279b7452/hog_idx000013_2bb1d7e26d8a_seed6000042_L1_M1_standard.npz
Launched SDP PID=3948769, key=n13_rep7_seed6000042
Launching SDP producer key=n13_rep8_seed7000042, n=13, repeat=8, seed=7000042, p=1, iterations=50, retry=0, cache=Results/warm_start_cache/triangleFree_connected_4to8vertices_176instances_AdjacencyList__filehash_279b7452/hog_idx000013_2bb1d7e26d8a_seed7000042_L1_M1_standard.npz
Launched SDP PID=3948790, key=n13_rep8_seed7000042
Launching SDP producer key=n13_rep9_seed8000042, n=13, repeat=9, seed=8000042, p=1, iterations=50, retry=0, cache=Results/warm_start_cache/triangleFree_connected_4to8vertices_176instances_AdjacencyList__filehash_279b7452/hog_idx000013_2bb1d7e26d8a_seed8000042_L1_M1_standard.npz
Launched SDP PID=3948820, key=n13_rep9_seed8000042
Launching SDP producer key=n13_rep10_seed9000042, n=13, repeat=10, seed=9000042, p=1, iterations=50, retry=0, cache=Results/warm_start_cache/triangleFree_connected_4to8vertices_176instances_AdjacencyList__filehash_279b7452/hog_idx000013_2bb1d7e26d8a_seed9000042_L1_M1_standard.npz
Launched SDP PID=3948857, key=n13_rep10_seed9000042
Loop status: pending_sdp=1620, running_sdp=5, pending_qaoa=0, running_qaoa=0, total_sdp_rss_mb=20, cache_size_mb=5
SDP producer failed for key=n13_rep6_seed5000042, exit_code=42
SDP producer failed for key=n13_rep7_seed6000042, exit_code=42
SDP producer failed for key=n13_rep8_seed7000042, exit_code=42
SDP producer failed for key=n13_rep9_seed8000042, exit_code=42
SDP producer failed for key=n13_rep10_seed9000042, exit_code=42
Launching SDP producer key=n14_rep1_seed42, n=14, repeat=1, seed=42, p=1, iterations=50, retry=0, cache=Results/warm_start_cache/triangleFree_connected_4to8vertices_176instances_AdjacencyList__filehash_279b7452/hog_idx000014_af4d57b3ab14_seed42_L1_M1_standard.npz
Launched SDP PID=3949007, key=n14_rep1_seed42
Launching SDP producer key=n14_rep2_seed1000042, n=14, repeat=2, seed=1000042, p=1, iterations=50, retry=0, cache=Results/warm_start_cache/triangleFree_connected_4to8vertices_176instances_AdjacencyList__filehash_279b7452/hog_idx000014_af4d57b3ab14_seed1000042_L1_M1_standard.npz
Launched SDP PID=3949020, key=n14_rep2_seed1000042
Launching SDP producer key=n14_rep3_seed2000042, n=14, repeat=3, seed=2000042, p=1, iterations=50, retry=0, cache=Results/warm_start_cache/triangleFree_connected_4to8vertices_176instances_AdjacencyList__filehash_279b7452/hog_idx000014_af4d57b3ab14_seed2000042_L1_M1_standard.npz
Launched SDP PID=3949041, key=n14_rep3_seed2000042
Launching SDP producer key=n14_rep4_seed3000042, n=14, repeat=4, seed=3000042, p=1, iterations=50, retry=0, cache=Results/warm_start_cache/triangleFree_connected_4to8vertices_176instances_AdjacencyList__filehash_279b7452/hog_idx000014_af4d57b3ab14_seed3000042_L1_M1_standard.npz
Launched SDP PID=3949070, key=n14_rep4_seed3000042
Launching SDP producer key=n14_rep5_seed4000042, n=14, repeat=5, seed=4000042, p=1, iterations=50, retry=0, cache=Results/warm_start_cache/triangleFree_connected_4to8vertices_176instances_AdjacencyList__filehash_279b7452/hog_idx000014_af4d57b3ab14_seed4000042_L1_M1_standard.npz
Launched SDP PID=3949107, key=n14_rep5_seed4000042
Loop status: pending_sdp=1615, running_sdp=5, pending_qaoa=0, running_qaoa=0, total_sdp_rss_mb=20, cache_size_mb=5
SDP producer failed for key=n14_rep1_seed42, exit_code=42
SDP producer failed for key=n14_rep2_seed1000042, exit_code=42
SDP producer failed for key=n14_rep3_seed2000042, exit_code=42
SDP producer failed for key=n14_rep4_seed3000042, exit_code=42
SDP producer failed for key=n14_rep5_seed4000042, exit_code=42
Launching SDP producer key=n14_rep6_seed5000042, n=14, repeat=6, seed=5000042, p=1, iterations=50, retry=0, cache=Results/warm_start_cache/triangleFree_connected_4to8vertices_176instances_AdjacencyList__filehash_279b7452/hog_idx000014_af4d57b3ab14_seed5000042_L1_M1_standard.npz
Launched SDP PID=3949251, key=n14_rep6_seed5000042
Launching SDP producer key=n14_rep7_seed6000042, n=14, repeat=7, seed=6000042, p=1, iterations=50, retry=0, cache=Results/warm_start_cache/triangleFree_connected_4to8vertices_176instances_AdjacencyList__filehash_279b7452/hog_idx000014_af4d57b3ab14_seed6000042_L1_M1_standard.npz
Launched SDP PID=3949268, key=n14_rep7_seed6000042
Launching SDP producer key=n14_rep8_seed7000042, n=14, repeat=8, seed=7000042, p=1, iterations=50, retry=0, cache=Results/warm_start_cache/triangleFree_connected_4to8vertices_176instances_AdjacencyList__filehash_279b7452/hog_idx000014_af4d57b3ab14_seed7000042_L1_M1_standard.npz
Launched SDP PID=3949295, key=n14_rep8_seed7000042
Launching SDP producer key=n14_rep9_seed8000042, n=14, repeat=9, seed=8000042, p=1, iterations=50, retry=0, cache=Results/warm_start_cache/triangleFree_connected_4to8vertices_176instances_AdjacencyList__filehash_279b7452/hog_idx000014_af4d57b3ab14_seed8000042_L1_M1_standard.npz
Launched SDP PID=3949324, key=n14_rep9_seed8000042
Launching SDP producer key=n14_rep10_seed9000042, n=14, repeat=10, seed=9000042, p=1, iterations=50, retry=0, cache=Results/warm_start_cache/triangleFree_connected_4to8vertices_176instances_AdjacencyList__filehash_279b7452/hog_idx000014_af4d57b3ab14_seed9000042_L1_M1_standard.npz
Launched SDP PID=3949361, key=n14_rep10_seed9000042
Loop status: pending_sdp=1610, running_sdp=5, pending_qaoa=0, running_qaoa=0, total_sdp_rss_mb=20, cache_size_mb=5
SDP producer failed for key=n14_rep6_seed5000042, exit_code=42
SDP producer failed for key=n14_rep7_seed6000042, exit_code=42
SDP producer failed for key=n14_rep8_seed7000042, exit_code=42
SDP producer failed for key=n14_rep9_seed8000042, exit_code=42
SDP producer failed for key=n14_rep10_seed9000042, exit_code=42
Launching SDP producer key=n15_rep1_seed42, n=15, repeat=1, seed=42, p=1, iterations=50, retry=0, cache=Results/warm_start_cache/triangleFree_connected_4to8vertices_176instances_AdjacencyList__filehash_279b7452/hog_idx000015_cdeb91b53894_seed42_L1_M1_standard.npz
Launched SDP PID=3949510, key=n15_rep1_seed42
Launching SDP producer key=n15_rep2_seed1000042, n=15, repeat=2, seed=1000042, p=1, iterations=50, retry=0, cache=Results/warm_start_cache/triangleFree_connected_4to8vertices_176instances_AdjacencyList__filehash_279b7452/hog_idx000015_cdeb91b53894_seed1000042_L1_M1_standard.npz
Launched SDP PID=3949523, key=n15_rep2_seed1000042
Launching SDP producer key=n15_rep3_seed2000042, n=15, repeat=3, seed=2000042, p=1, iterations=50, retry=0, cache=Results/warm_start_cache/triangleFree_connected_4to8vertices_176instances_AdjacencyList__filehash_279b7452/hog_idx000015_cdeb91b53894_seed2000042_L1_M1_standard.npz
Launched SDP PID=3949544, key=n15_rep3_seed2000042
Launching SDP producer key=n15_rep4_seed3000042, n=15, repeat=4, seed=3000042, p=1, iterations=50, retry=0, cache=Results/warm_start_cache/triangleFree_connected_4to8vertices_176instances_AdjacencyList__filehash_279b7452/hog_idx000015_cdeb91b53894_seed3000042_L1_M1_standard.npz
Launched SDP PID=3949573, key=n15_rep4_seed3000042
Launching SDP producer key=n15_rep5_seed4000042, n=15, repeat=5, seed=4000042, p=1, iterations=50, retry=0, cache=Results/warm_start_cache/triangleFree_connected_4to8vertices_176instances_AdjacencyList__filehash_279b7452/hog_idx000015_cdeb91b53894_seed4000042_L1_M1_standard.npz
Launched SDP PID=3949610, key=n15_rep5_seed4000042
Loop status: pending_sdp=1605, running_sdp=5, pending_qaoa=0, running_qaoa=0, total_sdp_rss_mb=20, cache_size_mb=5
SDP producer failed for key=n15_rep1_seed42, exit_code=42
SDP producer failed for key=n15_rep2_seed1000042, exit_code=42
SDP producer failed for key=n15_rep3_seed2000042, exit_code=42
SDP producer failed for key=n15_rep4_seed3000042, exit_code=42
SDP producer failed for key=n15_rep5_seed4000042, exit_code=42
Launching SDP producer key=n15_rep6_seed5000042, n=15, repeat=6, seed=5000042, p=1, iterations=50, retry=0, cache=Results/warm_start_cache/triangleFree_connected_4to8vertices_176instances_AdjacencyList__filehash_279b7452/hog_idx000015_cdeb91b53894_seed5000042_L1_M1_standard.npz
Launched SDP PID=3949764, key=n15_rep6_seed5000042
Launching SDP producer key=n15_rep7_seed6000042, n=15, repeat=7, seed=6000042, p=1, iterations=50, retry=0, cache=Results/warm_start_cache/triangleFree_connected_4to8vertices_176instances_AdjacencyList__filehash_279b7452/hog_idx000015_cdeb91b53894_seed6000042_L1_M1_standard.npz
Launched SDP PID=3949777, key=n15_rep7_seed6000042
Launching SDP producer key=n15_rep8_seed7000042, n=15, repeat=8, seed=7000042, p=1, iterations=50, retry=0, cache=Results/warm_start_cache/triangleFree_connected_4to8vertices_176instances_AdjacencyList__filehash_279b7452/hog_idx000015_cdeb91b53894_seed7000042_L1_M1_standard.npz
Launched SDP PID=3949798, key=n15_rep8_seed7000042
Launching SDP producer key=n15_rep9_seed8000042, n=15, repeat=9, seed=8000042, p=1, iterations=50, retry=0, cache=Results/warm_start_cache/triangleFree_connected_4to8vertices_176instances_AdjacencyList__filehash_279b7452/hog_idx000015_cdeb91b53894_seed8000042_L1_M1_standard.npz
Launched SDP PID=3949827, key=n15_rep9_seed8000042
Launching SDP producer key=n15_rep10_seed9000042, n=15, repeat=10, seed=9000042, p=1, iterations=50, retry=0, cache=Results/warm_start_cache/triangleFree_connected_4to8vertices_176instances_AdjacencyList__filehash_279b7452/hog_idx000015_cdeb91b53894_seed9000042_L1_M1_standard.npz
Launched SDP PID=3949864, key=n15_rep10_seed9000042
Loop status: pending_sdp=1600, running_sdp=5, pending_qaoa=0, running_qaoa=0, total_sdp_rss_mb=20, cache_size_mb=5
SDP producer failed for key=n15_rep6_seed5000042, exit_code=42
SDP producer failed for key=n15_rep7_seed6000042, exit_code=42
SDP producer failed for key=n15_rep8_seed7000042, exit_code=42
SDP producer failed for key=n15_rep9_seed8000042, exit_code=42
SDP producer failed for key=n15_rep10_seed9000042, exit_code=42
Launching SDP producer key=n16_rep1_seed42, n=16, repeat=1, seed=42, p=1, iterations=50, retry=0, cache=Results/warm_start_cache/triangleFree_connected_4to8vertices_176instances_AdjacencyList__filehash_279b7452/hog_idx000016_fffcd25a2931_seed42_L1_M1_standard.npz
Launched SDP PID=3950010, key=n16_rep1_seed42
Launching SDP producer key=n16_rep2_seed1000042, n=16, repeat=2, seed=1000042, p=1, iterations=50, retry=0, cache=Results/warm_start_cache/triangleFree_connected_4to8vertices_176instances_AdjacencyList__filehash_279b7452/hog_idx000016_fffcd25a2931_seed1000042_L1_M1_standard.npz
Launched SDP PID=3950027, key=n16_rep2_seed1000042
Launching SDP producer key=n16_rep3_seed2000042, n=16, repeat=3, seed=2000042, p=1, iterations=50, retry=0, cache=Results/warm_start_cache/triangleFree_connected_4to8vertices_176instances_AdjacencyList__filehash_279b7452/hog_idx000016_fffcd25a2931_seed2000042_L1_M1_standard.npz
Launched SDP PID=3950048, key=n16_rep3_seed2000042
Launching SDP producer key=n16_rep4_seed3000042, n=16, repeat=4, seed=3000042, p=1, iterations=50, retry=0, cache=Results/warm_start_cache/triangleFree_connected_4to8vertices_176instances_AdjacencyList__filehash_279b7452/hog_idx000016_fffcd25a2931_seed3000042_L1_M1_standard.npz
Launched SDP PID=3950077, key=n16_rep4_seed3000042
Launching SDP producer key=n16_rep5_seed4000042, n=16, repeat=5, seed=4000042, p=1, iterations=50, retry=0, cache=Results/warm_start_cache/triangleFree_connected_4to8vertices_176instances_AdjacencyList__filehash_279b7452/hog_idx000016_fffcd25a2931_seed4000042_L1_M1_standard.npz
Launched SDP PID=3950117, key=n16_rep5_seed4000042
Loop status: pending_sdp=1595, running_sdp=5, pending_qaoa=0, running_qaoa=0, total_sdp_rss_mb=20, cache_size_mb=5
SDP producer failed for key=n16_rep1_seed42, exit_code=42
SDP producer failed for key=n16_rep2_seed1000042, exit_code=42
SDP producer failed for key=n16_rep3_seed2000042, exit_code=42
SDP producer failed for key=n16_rep4_seed3000042, exit_code=42
SDP producer failed for key=n16_rep5_seed4000042, exit_code=42
Launching SDP producer key=n16_rep6_seed5000042, n=16, repeat=6, seed=5000042, p=1, iterations=50, retry=0, cache=Results/warm_start_cache/triangleFree_connected_4to8vertices_176instances_AdjacencyList__filehash_279b7452/hog_idx000016_fffcd25a2931_seed5000042_L1_M1_standard.npz
Launched SDP PID=3950257, key=n16_rep6_seed5000042
Launching SDP producer key=n16_rep7_seed6000042, n=16, repeat=7, seed=6000042, p=1, iterations=50, retry=0, cache=Results/warm_start_cache/triangleFree_connected_4to8vertices_176instances_AdjacencyList__filehash_279b7452/hog_idx000016_fffcd25a2931_seed6000042_L1_M1_standard.npz
Launched SDP PID=3950270, key=n16_rep7_seed6000042
Launching SDP producer key=n16_rep8_seed7000042, n=16, repeat=8, seed=7000042, p=1, iterations=50, retry=0, cache=Results/warm_start_cache/triangleFree_connected_4to8vertices_176instances_AdjacencyList__filehash_279b7452/hog_idx000016_fffcd25a2931_seed7000042_L1_M1_standard.npz
Launched SDP PID=3950291, key=n16_rep8_seed7000042
Launching SDP producer key=n16_rep9_seed8000042, n=16, repeat=9, seed=8000042, p=1, iterations=50, retry=0, cache=Results/warm_start_cache/triangleFree_connected_4to8vertices_176instances_AdjacencyList__filehash_279b7452/hog_idx000016_fffcd25a2931_seed8000042_L1_M1_standard.npz
Launched SDP PID=3950333, key=n16_rep9_seed8000042
Launching SDP producer key=n16_rep10_seed9000042, n=16, repeat=10, seed=9000042, p=1, iterations=50, retry=0, cache=Results/warm_start_cache/triangleFree_connected_4to8vertices_176instances_AdjacencyList__filehash_279b7452/hog_idx000016_fffcd25a2931_seed9000042_L1_M1_standard.npz
Launched SDP PID=3950370, key=n16_rep10_seed9000042
Loop status: pending_sdp=1590, running_sdp=5, pending_qaoa=0, running_qaoa=0, total_sdp_rss_mb=20, cache_size_mb=5
SDP producer failed for key=n16_rep6_seed5000042, exit_code=42
SDP producer failed for key=n16_rep7_seed6000042, exit_code=42
SDP producer failed for key=n16_rep8_seed7000042, exit_code=42
SDP producer failed for key=n16_rep9_seed8000042, exit_code=42
SDP producer failed for key=n16_rep10_seed9000042, exit_code=42
Launching SDP producer key=n17_rep1_seed42, n=17, repeat=1, seed=42, p=1, iterations=50, retry=0, cache=Results/warm_start_cache/triangleFree_connected_4to8vertices_176instances_AdjacencyList__filehash_279b7452/hog_idx000017_4e6200da7b31_seed42_L1_M1_standard.npz
Launched SDP PID=3950512, key=n17_rep1_seed42
Launching SDP producer key=n17_rep2_seed1000042, n=17, repeat=2, seed=1000042, p=1, iterations=50, retry=0, cache=Results/warm_start_cache/triangleFree_connected_4to8vertices_176instances_AdjacencyList__filehash_279b7452/hog_idx000017_4e6200da7b31_seed1000042_L1_M1_standard.npz
Launched SDP PID=3950527, key=n17_rep2_seed1000042
Launching SDP producer key=n17_rep3_seed2000042, n=17, repeat=3, seed=2000042, p=1, iterations=50, retry=0, cache=Results/warm_start_cache/triangleFree_connected_4to8vertices_176instances_AdjacencyList__filehash_279b7452/hog_idx000017_4e6200da7b31_seed2000042_L1_M1_standard.npz
Launched SDP PID=3950553, key=n17_rep3_seed2000042
Launching SDP producer key=n17_rep4_seed3000042, n=17, repeat=4, seed=3000042, p=1, iterations=50, retry=0, cache=Results/warm_start_cache/triangleFree_connected_4to8vertices_176instances_AdjacencyList__filehash_279b7452/hog_idx000017_4e6200da7b31_seed3000042_L1_M1_standard.npz
Launched SDP PID=3950585, key=n17_rep4_seed3000042
Launching SDP producer key=n17_rep5_seed4000042, n=17, repeat=5, seed=4000042, p=1, iterations=50, retry=0, cache=Results/warm_start_cache/triangleFree_connected_4to8vertices_176instances_AdjacencyList__filehash_279b7452/hog_idx000017_4e6200da7b31_seed4000042_L1_M1_standard.npz
Launched SDP PID=3950622, key=n17_rep5_seed4000042
Loop status: pending_sdp=1585, running_sdp=5, pending_qaoa=0, running_qaoa=0, total_sdp_rss_mb=20, cache_size_mb=5
SDP producer failed for key=n17_rep1_seed42, exit_code=42
SDP producer failed for key=n17_rep2_seed1000042, exit_code=42
SDP producer failed for key=n17_rep3_seed2000042, exit_code=42
SDP producer failed for key=n17_rep4_seed3000042, exit_code=42
SDP producer failed for key=n17_rep5_seed4000042, exit_code=42
Launching SDP producer key=n17_rep6_seed5000042, n=17, repeat=6, seed=5000042, p=1, iterations=50, retry=0, cache=Results/warm_start_cache/triangleFree_connected_4to8vertices_176instances_AdjacencyList__filehash_279b7452/hog_idx000017_4e6200da7b31_seed5000042_L1_M1_standard.npz
Launched SDP PID=3950763, key=n17_rep6_seed5000042
Launching SDP producer key=n17_rep7_seed6000042, n=17, repeat=7, seed=6000042, p=1, iterations=50, retry=0, cache=Results/warm_start_cache/triangleFree_connected_4to8vertices_176instances_AdjacencyList__filehash_279b7452/hog_idx000017_4e6200da7b31_seed6000042_L1_M1_standard.npz
Launched SDP PID=3950779, key=n17_rep7_seed6000042
Launching SDP producer key=n17_rep8_seed7000042, n=17, repeat=8, seed=7000042, p=1, iterations=50, retry=0, cache=Results/warm_start_cache/triangleFree_connected_4to8vertices_176instances_AdjacencyList__filehash_279b7452/hog_idx000017_4e6200da7b31_seed7000042_L1_M1_standard.npz
Launched SDP PID=3950800, key=n17_rep8_seed7000042
Launching SDP producer key=n17_rep9_seed8000042, n=17, repeat=9, seed=8000042, p=1, iterations=50, retry=0, cache=Results/warm_start_cache/triangleFree_connected_4to8vertices_176instances_AdjacencyList__filehash_279b7452/hog_idx000017_4e6200da7b31_seed8000042_L1_M1_standard.npz
Launched SDP PID=3950829, key=n17_rep9_seed8000042
Launching SDP producer key=n17_rep10_seed9000042, n=17, repeat=10, seed=9000042, p=1, iterations=50, retry=0, cache=Results/warm_start_cache/triangleFree_connected_4to8vertices_176instances_AdjacencyList__filehash_279b7452/hog_idx000017_4e6200da7b31_seed9000042_L1_M1_standard.npz
Launched SDP PID=3950866, key=n17_rep10_seed9000042
Loop status: pending_sdp=1580, running_sdp=5, pending_qaoa=0, running_qaoa=0, total_sdp_rss_mb=20, cache_size_mb=5
SDP producer failed for key=n17_rep6_seed5000042, exit_code=42
SDP producer failed for key=n17_rep7_seed6000042, exit_code=42
SDP producer failed for key=n17_rep8_seed7000042, exit_code=42
SDP producer failed for key=n17_rep9_seed8000042, exit_code=42
SDP producer failed for key=n17_rep10_seed9000042, exit_code=42
Launching SDP producer key=n18_rep1_seed42, n=18, repeat=1, seed=42, p=1, iterations=50, retry=0, cache=Results/warm_start_cache/triangleFree_connected_4to8vertices_176instances_AdjacencyList__filehash_279b7452/hog_idx000018_531fbd1393fd_seed42_L1_M1_standard.npz
Launched SDP PID=3951009, key=n18_rep1_seed42
Launching SDP producer key=n18_rep2_seed1000042, n=18, repeat=2, seed=1000042, p=1, iterations=50, retry=0, cache=Results/warm_start_cache/triangleFree_connected_4to8vertices_176instances_AdjacencyList__filehash_279b7452/hog_idx000018_531fbd1393fd_seed1000042_L1_M1_standard.npz
Launched SDP PID=3951022, key=n18_rep2_seed1000042
Launching SDP producer key=n18_rep3_seed2000042, n=18, repeat=3, seed=2000042, p=1, iterations=50, retry=0, cache=Results/warm_start_cache/triangleFree_connected_4to8vertices_176instances_AdjacencyList__filehash_279b7452/hog_idx000018_531fbd1393fd_seed2000042_L1_M1_standard.npz
Launched SDP PID=3951043, key=n18_rep3_seed2000042
Launching SDP producer key=n18_rep4_seed3000042, n=18, repeat=4, seed=3000042, p=1, iterations=50, retry=0, cache=Results/warm_start_cache/triangleFree_connected_4to8vertices_176instances_AdjacencyList__filehash_279b7452/hog_idx000018_531fbd1393fd_seed3000042_L1_M1_standard.npz
Launched SDP PID=3951072, key=n18_rep4_seed3000042
Launching SDP producer key=n18_rep5_seed4000042, n=18, repeat=5, seed=4000042, p=1, iterations=50, retry=0, cache=Results/warm_start_cache/triangleFree_connected_4to8vertices_176instances_AdjacencyList__filehash_279b7452/hog_idx000018_531fbd1393fd_seed4000042_L1_M1_standard.npz
Launched SDP PID=3951109, key=n18_rep5_seed4000042
Loop status: pending_sdp=1575, running_sdp=5, pending_qaoa=0, running_qaoa=0, total_sdp_rss_mb=20, cache_size_mb=5
SDP producer failed for key=n18_rep1_seed42, exit_code=42
SDP producer failed for key=n18_rep2_seed1000042, exit_code=42
SDP producer failed for key=n18_rep3_seed2000042, exit_code=42
SDP producer failed for key=n18_rep4_seed3000042, exit_code=42
SDP producer failed for key=n18_rep5_seed4000042, exit_code=42
Launching SDP producer key=n18_rep6_seed5000042, n=18, repeat=6, seed=5000042, p=1, iterations=50, retry=0, cache=Results/warm_start_cache/triangleFree_connected_4to8vertices_176instances_AdjacencyList__filehash_279b7452/hog_idx000018_531fbd1393fd_seed5000042_L1_M1_standard.npz
Launched SDP PID=3951257, key=n18_rep6_seed5000042
Launching SDP producer key=n18_rep7_seed6000042, n=18, repeat=7, seed=6000042, p=1, iterations=50, retry=0, cache=Results/warm_start_cache/triangleFree_connected_4to8vertices_176instances_AdjacencyList__filehash_279b7452/hog_idx000018_531fbd1393fd_seed6000042_L1_M1_standard.npz
Launched SDP PID=3951270, key=n18_rep7_seed6000042
Launching SDP producer key=n18_rep8_seed7000042, n=18, repeat=8, seed=7000042, p=1, iterations=50, retry=0, cache=Results/warm_start_cache/triangleFree_connected_4to8vertices_176instances_AdjacencyList__filehash_279b7452/hog_idx000018_531fbd1393fd_seed7000042_L1_M1_standard.npz
Launched SDP PID=3951291, key=n18_rep8_seed7000042
Launching SDP producer key=n18_rep9_seed8000042, n=18, repeat=9, seed=8000042, p=1, iterations=50, retry=0, cache=Results/warm_start_cache/triangleFree_connected_4to8vertices_176instances_AdjacencyList__filehash_279b7452/hog_idx000018_531fbd1393fd_seed8000042_L1_M1_standard.npz
Launched SDP PID=3951320, key=n18_rep9_seed8000042
Launching SDP producer key=n18_rep10_seed9000042, n=18, repeat=10, seed=9000042, p=1, iterations=50, retry=0, cache=Results/warm_start_cache/triangleFree_connected_4to8vertices_176instances_AdjacencyList__filehash_279b7452/hog_idx000018_531fbd1393fd_seed9000042_L1_M1_standard.npz
Launched SDP PID=3951367, key=n18_rep10_seed9000042
Loop status: pending_sdp=1570, running_sdp=5, pending_qaoa=0, running_qaoa=0, total_sdp_rss_mb=20, cache_size_mb=5
SDP producer failed for key=n18_rep6_seed5000042, exit_code=42
SDP producer failed for key=n18_rep7_seed6000042, exit_code=42
SDP producer failed for key=n18_rep8_seed7000042, exit_code=42
SDP producer failed for key=n18_rep9_seed8000042, exit_code=42
SDP producer failed for key=n18_rep10_seed9000042, exit_code=42
Launching SDP producer key=n19_rep1_seed42, n=19, repeat=1, seed=42, p=1, iterations=50, retry=0, cache=Results/warm_start_cache/triangleFree_connected_4to8vertices_176instances_AdjacencyList__filehash_279b7452/hog_idx000019_004ecc818b2f_seed42_L1_M1_standard.npz
Launched SDP PID=3951516, key=n19_rep1_seed42
Launching SDP producer key=n19_rep2_seed1000042, n=19, repeat=2, seed=1000042, p=1, iterations=50, retry=0, cache=Results/warm_start_cache/triangleFree_connected_4to8vertices_176instances_AdjacencyList__filehash_279b7452/hog_idx000019_004ecc818b2f_seed1000042_L1_M1_standard.npz
Launched SDP PID=3951529, key=n19_rep2_seed1000042
Launching SDP producer key=n19_rep3_seed2000042, n=19, repeat=3, seed=2000042, p=1, iterations=50, retry=0, cache=Results/warm_start_cache/triangleFree_connected_4to8vertices_176instances_AdjacencyList__filehash_279b7452/hog_idx000019_004ecc818b2f_seed2000042_L1_M1_standard.npz
Launched SDP PID=3951550, key=n19_rep3_seed2000042
Launching SDP producer key=n19_rep4_seed3000042, n=19, repeat=4, seed=3000042, p=1, iterations=50, retry=0, cache=Results/warm_start_cache/triangleFree_connected_4to8vertices_176instances_AdjacencyList__filehash_279b7452/hog_idx000019_004ecc818b2f_seed3000042_L1_M1_standard.npz
Launched SDP PID=3951579, key=n19_rep4_seed3000042
Launching SDP producer key=n19_rep5_seed4000042, n=19, repeat=5, seed=4000042, p=1, iterations=50, retry=0, cache=Results/warm_start_cache/triangleFree_connected_4to8vertices_176instances_AdjacencyList__filehash_279b7452/hog_idx000019_004ecc818b2f_seed4000042_L1_M1_standard.npz
Launched SDP PID=3951621, key=n19_rep5_seed4000042
Loop status: pending_sdp=1565, running_sdp=5, pending_qaoa=0, running_qaoa=0, total_sdp_rss_mb=20, cache_size_mb=5
SDP producer failed for key=n19_rep1_seed42, exit_code=42
SDP producer failed for key=n19_rep2_seed1000042, exit_code=42
SDP producer failed for key=n19_rep3_seed2000042, exit_code=42
SDP producer failed for key=n19_rep4_seed3000042, exit_code=42
SDP producer failed for key=n19_rep5_seed4000042, exit_code=42
Launching SDP producer key=n19_rep6_seed5000042, n=19, repeat=6, seed=5000042, p=1, iterations=50, retry=0, cache=Results/warm_start_cache/triangleFree_connected_4to8vertices_176instances_AdjacencyList__filehash_279b7452/hog_idx000019_004ecc818b2f_seed5000042_L1_M1_standard.npz
Launched SDP PID=3951771, key=n19_rep6_seed5000042
Launching SDP producer key=n19_rep7_seed6000042, n=19, repeat=7, seed=6000042, p=1, iterations=50, retry=0, cache=Results/warm_start_cache/triangleFree_connected_4to8vertices_176instances_AdjacencyList__filehash_279b7452/hog_idx000019_004ecc818b2f_seed6000042_L1_M1_standard.npz
Launched SDP PID=3951784, key=n19_rep7_seed6000042
Launching SDP producer key=n19_rep8_seed7000042, n=19, repeat=8, seed=7000042, p=1, iterations=50, retry=0, cache=Results/warm_start_cache/triangleFree_connected_4to8vertices_176instances_AdjacencyList__filehash_279b7452/hog_idx000019_004ecc818b2f_seed7000042_L1_M1_standard.npz
Launched SDP PID=3951805, key=n19_rep8_seed7000042
Launching SDP producer key=n19_rep9_seed8000042, n=19, repeat=9, seed=8000042, p=1, iterations=50, retry=0, cache=Results/warm_start_cache/triangleFree_connected_4to8vertices_176instances_AdjacencyList__filehash_279b7452/hog_idx000019_004ecc818b2f_seed8000042_L1_M1_standard.npz
Launched SDP PID=3951834, key=n19_rep9_seed8000042
Launching SDP producer key=n19_rep10_seed9000042, n=19, repeat=10, seed=9000042, p=1, iterations=50, retry=0, cache=Results/warm_start_cache/triangleFree_connected_4to8vertices_176instances_AdjacencyList__filehash_279b7452/hog_idx000019_004ecc818b2f_seed9000042_L1_M1_standard.npz
Launched SDP PID=3951871, key=n19_rep10_seed9000042
Loop status: pending_sdp=1560, running_sdp=5, pending_qaoa=0, running_qaoa=0, total_sdp_rss_mb=20, cache_size_mb=5
SDP producer failed for key=n19_rep6_seed5000042, exit_code=42
SDP producer failed for key=n19_rep7_seed6000042, exit_code=42
SDP producer failed for key=n19_rep8_seed7000042, exit_code=42
SDP producer failed for key=n19_rep9_seed8000042, exit_code=42
SDP producer failed for key=n19_rep10_seed9000042, exit_code=42
Launching SDP producer key=n20_rep1_seed42, n=20, repeat=1, seed=42, p=1, iterations=50, retry=0, cache=Results/warm_start_cache/triangleFree_connected_4to8vertices_176instances_AdjacencyList__filehash_279b7452/hog_idx000020_49803a9fe904_seed42_L1_M1_standard.npz
Launched SDP PID=3952012, key=n20_rep1_seed42
Launching SDP producer key=n20_rep2_seed1000042, n=20, repeat=2, seed=1000042, p=1, iterations=50, retry=0, cache=Results/warm_start_cache/triangleFree_connected_4to8vertices_176instances_AdjacencyList__filehash_279b7452/hog_idx000020_49803a9fe904_seed1000042_L1_M1_standard.npz
Launched SDP PID=3952025, key=n20_rep2_seed1000042
Launching SDP producer key=n20_rep3_seed2000042, n=20, repeat=3, seed=2000042, p=1, iterations=50, retry=0, cache=Results/warm_start_cache/triangleFree_connected_4to8vertices_176instances_AdjacencyList__filehash_279b7452/hog_idx000020_49803a9fe904_seed2000042_L1_M1_standard.npz
Launched SDP PID=3952046, key=n20_rep3_seed2000042
Launching SDP producer key=n20_rep4_seed3000042, n=20, repeat=4, seed=3000042, p=1, iterations=50, retry=0, cache=Results/warm_start_cache/triangleFree_connected_4to8vertices_176instances_AdjacencyList__filehash_279b7452/hog_idx000020_49803a9fe904_seed3000042_L1_M1_standard.npz
Launched SDP PID=3952075, key=n20_rep4_seed3000042
Launching SDP producer key=n20_rep5_seed4000042, n=20, repeat=5, seed=4000042, p=1, iterations=50, retry=0, cache=Results/warm_start_cache/triangleFree_connected_4to8vertices_176instances_AdjacencyList__filehash_279b7452/hog_idx000020_49803a9fe904_seed4000042_L1_M1_standard.npz
Launched SDP PID=3952112, key=n20_rep5_seed4000042
Loop status: pending_sdp=1555, running_sdp=5, pending_qaoa=0, running_qaoa=0, total_sdp_rss_mb=20, cache_size_mb=5
SDP producer failed for key=n20_rep1_seed42, exit_code=42
SDP producer failed for key=n20_rep2_seed1000042, exit_code=42
SDP producer failed for key=n20_rep3_seed2000042, exit_code=42
SDP producer failed for key=n20_rep4_seed3000042, exit_code=42
SDP producer failed for key=n20_rep5_seed4000042, exit_code=42
Launching SDP producer key=n20_rep6_seed5000042, n=20, repeat=6, seed=5000042, p=1, iterations=50, retry=0, cache=Results/warm_start_cache/triangleFree_connected_4to8vertices_176instances_AdjacencyList__filehash_279b7452/hog_idx000020_49803a9fe904_seed5000042_L1_M1_standard.npz
Launched SDP PID=3952315, key=n20_rep6_seed5000042
Launching SDP producer key=n20_rep7_seed6000042, n=20, repeat=7, seed=6000042, p=1, iterations=50, retry=0, cache=Results/warm_start_cache/triangleFree_connected_4to8vertices_176instances_AdjacencyList__filehash_279b7452/hog_idx000020_49803a9fe904_seed6000042_L1_M1_standard.npz
Launched SDP PID=3952328, key=n20_rep7_seed6000042
Launching SDP producer key=n20_rep8_seed7000042, n=20, repeat=8, seed=7000042, p=1, iterations=50, retry=0, cache=Results/warm_start_cache/triangleFree_connected_4to8vertices_176instances_AdjacencyList__filehash_279b7452/hog_idx000020_49803a9fe904_seed7000042_L1_M1_standard.npz
Launched SDP PID=3952349, key=n20_rep8_seed7000042
Launching SDP producer key=n20_rep9_seed8000042, n=20, repeat=9, seed=8000042, p=1, iterations=50, retry=0, cache=Results/warm_start_cache/triangleFree_connected_4to8vertices_176instances_AdjacencyList__filehash_279b7452/hog_idx000020_49803a9fe904_seed8000042_L1_M1_standard.npz
Launched SDP PID=3952378, key=n20_rep9_seed8000042
Launching SDP producer key=n20_rep10_seed9000042, n=20, repeat=10, seed=9000042, p=1, iterations=50, retry=0, cache=Results/warm_start_cache/triangleFree_connected_4to8vertices_176instances_AdjacencyList__filehash_279b7452/hog_idx000020_49803a9fe904_seed9000042_L1_M1_standard.npz
Launched SDP PID=3952415, key=n20_rep10_seed9000042
Loop status: pending_sdp=1550, running_sdp=5, pending_qaoa=0, running_qaoa=0, total_sdp_rss_mb=20, cache_size_mb=5
SDP producer failed for key=n20_rep6_seed5000042, exit_code=42
SDP producer failed for key=n20_rep7_seed6000042, exit_code=42
SDP producer failed for key=n20_rep8_seed7000042, exit_code=42
SDP producer failed for key=n20_rep9_seed8000042, exit_code=42
SDP producer failed for key=n20_rep10_seed9000042, exit_code=42
Launching SDP producer key=n21_rep1_seed42, n=21, repeat=1, seed=42, p=1, iterations=50, retry=0, cache=Results/warm_start_cache/triangleFree_connected_4to8vertices_176instances_AdjacencyList__filehash_279b7452/hog_idx000021_b429b5be497c_seed42_L1_M1_standard.npz
Launched SDP PID=3952572, key=n21_rep1_seed42
Launching SDP producer key=n21_rep2_seed1000042, n=21, repeat=2, seed=1000042, p=1, iterations=50, retry=0, cache=Results/warm_start_cache/triangleFree_connected_4to8vertices_176instances_AdjacencyList__filehash_279b7452/hog_idx000021_b429b5be497c_seed1000042_L1_M1_standard.npz
Launched SDP PID=3952589, key=n21_rep2_seed1000042
Launching SDP producer key=n21_rep3_seed2000042, n=21, repeat=3, seed=2000042, p=1, iterations=50, retry=0, cache=Results/warm_start_cache/triangleFree_connected_4to8vertices_176instances_AdjacencyList__filehash_279b7452/hog_idx000021_b429b5be497c_seed2000042_L1_M1_standard.npz
Launched SDP PID=3952610, key=n21_rep3_seed2000042
Launching SDP producer key=n21_rep4_seed3000042, n=21, repeat=4, seed=3000042, p=1, iterations=50, retry=0, cache=Results/warm_start_cache/triangleFree_connected_4to8vertices_176instances_AdjacencyList__filehash_279b7452/hog_idx000021_b429b5be497c_seed3000042_L1_M1_standard.npz
Launched SDP PID=3952639, key=n21_rep4_seed3000042
Launching SDP producer key=n21_rep5_seed4000042, n=21, repeat=5, seed=4000042, p=1, iterations=50, retry=0, cache=Results/warm_start_cache/triangleFree_connected_4to8vertices_176instances_AdjacencyList__filehash_279b7452/hog_idx000021_b429b5be497c_seed4000042_L1_M1_standard.npz
Launched SDP PID=3952676, key=n21_rep5_seed4000042
Loop status: pending_sdp=1545, running_sdp=5, pending_qaoa=0, running_qaoa=0, total_sdp_rss_mb=20, cache_size_mb=5
SDP producer failed for key=n21_rep1_seed42, exit_code=42
SDP producer failed for key=n21_rep2_seed1000042, exit_code=42
SDP producer failed for key=n21_rep3_seed2000042, exit_code=42
SDP producer failed for key=n21_rep4_seed3000042, exit_code=42
SDP producer failed for key=n21_rep5_seed4000042, exit_code=42
Launching SDP producer key=n21_rep6_seed5000042, n=21, repeat=6, seed=5000042, p=1, iterations=50, retry=0, cache=Results/warm_start_cache/triangleFree_connected_4to8vertices_176instances_AdjacencyList__filehash_279b7452/hog_idx000021_b429b5be497c_seed5000042_L1_M1_standard.npz
Launched SDP PID=3952823, key=n21_rep6_seed5000042
Launching SDP producer key=n21_rep7_seed6000042, n=21, repeat=7, seed=6000042, p=1, iterations=50, retry=0, cache=Results/warm_start_cache/triangleFree_connected_4to8vertices_176instances_AdjacencyList__filehash_279b7452/hog_idx000021_b429b5be497c_seed6000042_L1_M1_standard.npz
Launched SDP PID=3952836, key=n21_rep7_seed6000042
Launching SDP producer key=n21_rep8_seed7000042, n=21, repeat=8, seed=7000042, p=1, iterations=50, retry=0, cache=Results/warm_start_cache/triangleFree_connected_4to8vertices_176instances_AdjacencyList__filehash_279b7452/hog_idx000021_b429b5be497c_seed7000042_L1_M1_standard.npz
Launched SDP PID=3952857, key=n21_rep8_seed7000042
Launching SDP producer key=n21_rep9_seed8000042, n=21, repeat=9, seed=8000042, p=1, iterations=50, retry=0, cache=Results/warm_start_cache/triangleFree_connected_4to8vertices_176instances_AdjacencyList__filehash_279b7452/hog_idx000021_b429b5be497c_seed8000042_L1_M1_standard.npz
Launched SDP PID=3952886, key=n21_rep9_seed8000042
Launching SDP producer key=n21_rep10_seed9000042, n=21, repeat=10, seed=9000042, p=1, iterations=50, retry=0, cache=Results/warm_start_cache/triangleFree_connected_4to8vertices_176instances_AdjacencyList__filehash_279b7452/hog_idx000021_b429b5be497c_seed9000042_L1_M1_standard.npz
Launched SDP PID=3952923, key=n21_rep10_seed9000042
Loop status: pending_sdp=1540, running_sdp=5, pending_qaoa=0, running_qaoa=0, total_sdp_rss_mb=20, cache_size_mb=5
SDP producer failed for key=n21_rep6_seed5000042, exit_code=42
SDP producer failed for key=n21_rep7_seed6000042, exit_code=42
SDP producer failed for key=n21_rep8_seed7000042, exit_code=42
SDP producer failed for key=n21_rep9_seed8000042, exit_code=42
SDP producer failed for key=n21_rep10_seed9000042, exit_code=42
Launching SDP producer key=n22_rep1_seed42, n=22, repeat=1, seed=42, p=1, iterations=50, retry=0, cache=Results/warm_start_cache/triangleFree_connected_4to8vertices_176instances_AdjacencyList__filehash_279b7452/hog_idx000022_4938ed1c5765_seed42_L1_M1_standard.npz
Launched SDP PID=3953073, key=n22_rep1_seed42
Launching SDP producer key=n22_rep2_seed1000042, n=22, repeat=2, seed=1000042, p=1, iterations=50, retry=0, cache=Results/warm_start_cache/triangleFree_connected_4to8vertices_176instances_AdjacencyList__filehash_279b7452/hog_idx000022_4938ed1c5765_seed1000042_L1_M1_standard.npz
Launched SDP PID=3953086, key=n22_rep2_seed1000042
Launching SDP producer key=n22_rep3_seed2000042, n=22, repeat=3, seed=2000042, p=1, iterations=50, retry=0, cache=Results/warm_start_cache/triangleFree_connected_4to8vertices_176instances_AdjacencyList__filehash_279b7452/hog_idx000022_4938ed1c5765_seed2000042_L1_M1_standard.npz
Launched SDP PID=3953107, key=n22_rep3_seed2000042
Launching SDP producer key=n22_rep4_seed3000042, n=22, repeat=4, seed=3000042, p=1, iterations=50, retry=0, cache=Results/warm_start_cache/triangleFree_connected_4to8vertices_176instances_AdjacencyList__filehash_279b7452/hog_idx000022_4938ed1c5765_seed3000042_L1_M1_standard.npz
Launched SDP PID=3953136, key=n22_rep4_seed3000042
Launching SDP producer key=n22_rep5_seed4000042, n=22, repeat=5, seed=4000042, p=1, iterations=50, retry=0, cache=Results/warm_start_cache/triangleFree_connected_4to8vertices_176instances_AdjacencyList__filehash_279b7452/hog_idx000022_4938ed1c5765_seed4000042_L1_M1_standard.npz
Launched SDP PID=3953173, key=n22_rep5_seed4000042
Loop status: pending_sdp=1535, running_sdp=5, pending_qaoa=0, running_qaoa=0, total_sdp_rss_mb=20, cache_size_mb=5
SDP producer failed for key=n22_rep1_seed42, exit_code=42
SDP producer failed for key=n22_rep2_seed1000042, exit_code=42
SDP producer failed for key=n22_rep3_seed2000042, exit_code=42
SDP producer failed for key=n22_rep4_seed3000042, exit_code=42
SDP producer failed for key=n22_rep5_seed4000042, exit_code=42
Launching SDP producer key=n22_rep6_seed5000042, n=22, repeat=6, seed=5000042, p=1, iterations=50, retry=0, cache=Results/warm_start_cache/triangleFree_connected_4to8vertices_176instances_AdjacencyList__filehash_279b7452/hog_idx000022_4938ed1c5765_seed5000042_L1_M1_standard.npz
Launched SDP PID=3953335, key=n22_rep6_seed5000042
Launching SDP producer key=n22_rep7_seed6000042, n=22, repeat=7, seed=6000042, p=1, iterations=50, retry=0, cache=Results/warm_start_cache/triangleFree_connected_4to8vertices_176instances_AdjacencyList__filehash_279b7452/hog_idx000022_4938ed1c5765_seed6000042_L1_M1_standard.npz
Launched SDP PID=3953348, key=n22_rep7_seed6000042
Launching SDP producer key=n22_rep8_seed7000042, n=22, repeat=8, seed=7000042, p=1, iterations=50, retry=0, cache=Results/warm_start_cache/triangleFree_connected_4to8vertices_176instances_AdjacencyList__filehash_279b7452/hog_idx000022_4938ed1c5765_seed7000042_L1_M1_standard.npz
Launched SDP PID=3953369, key=n22_rep8_seed7000042
Launching SDP producer key=n22_rep9_seed8000042, n=22, repeat=9, seed=8000042, p=1, iterations=50, retry=0, cache=Results/warm_start_cache/triangleFree_connected_4to8vertices_176instances_AdjacencyList__filehash_279b7452/hog_idx000022_4938ed1c5765_seed8000042_L1_M1_standard.npz
Launched SDP PID=3953398, key=n22_rep9_seed8000042
Launching SDP producer key=n22_rep10_seed9000042, n=22, repeat=10, seed=9000042, p=1, iterations=50, retry=0, cache=Results/warm_start_cache/triangleFree_connected_4to8vertices_176instances_AdjacencyList__filehash_279b7452/hog_idx000022_4938ed1c5765_seed9000042_L1_M1_standard.npz
Launched SDP PID=3953438, key=n22_rep10_seed9000042
Loop status: pending_sdp=1530, running_sdp=5, pending_qaoa=0, running_qaoa=0, total_sdp_rss_mb=20, cache_size_mb=5
SDP producer failed for key=n22_rep6_seed5000042, exit_code=42
SDP producer failed for key=n22_rep7_seed6000042, exit_code=42
SDP producer failed for key=n22_rep8_seed7000042, exit_code=42
SDP producer failed for key=n22_rep9_seed8000042, exit_code=42
SDP producer failed for key=n22_rep10_seed9000042, exit_code=42
Launching SDP producer key=n23_rep1_seed42, n=23, repeat=1, seed=42, p=1, iterations=50, retry=0, cache=Results/warm_start_cache/triangleFree_connected_4to8vertices_176instances_AdjacencyList__filehash_279b7452/hog_idx000023_200b1bb8a9fa_seed42_L1_M1_standard.npz
Launched SDP PID=3953586, key=n23_rep1_seed42
Launching SDP producer key=n23_rep2_seed1000042, n=23, repeat=2, seed=1000042, p=1, iterations=50, retry=0, cache=Results/warm_start_cache/triangleFree_connected_4to8vertices_176instances_AdjacencyList__filehash_279b7452/hog_idx000023_200b1bb8a9fa_seed1000042_L1_M1_standard.npz
Launched SDP PID=3953599, key=n23_rep2_seed1000042
Launching SDP producer key=n23_rep3_seed2000042, n=23, repeat=3, seed=2000042, p=1, iterations=50, retry=0, cache=Results/warm_start_cache/triangleFree_connected_4to8vertices_176instances_AdjacencyList__filehash_279b7452/hog_idx000023_200b1bb8a9fa_seed2000042_L1_M1_standard.npz
Launched SDP PID=3953620, key=n23_rep3_seed2000042
Launching SDP producer key=n23_rep4_seed3000042, n=23, repeat=4, seed=3000042, p=1, iterations=50, retry=0, cache=Results/warm_start_cache/triangleFree_connected_4to8vertices_176instances_AdjacencyList__filehash_279b7452/hog_idx000023_200b1bb8a9fa_seed3000042_L1_M1_standard.npz
Launched SDP PID=3953649, key=n23_rep4_seed3000042
Launching SDP producer key=n23_rep5_seed4000042, n=23, repeat=5, seed=4000042, p=1, iterations=50, retry=0, cache=Results/warm_start_cache/triangleFree_connected_4to8vertices_176instances_AdjacencyList__filehash_279b7452/hog_idx000023_200b1bb8a9fa_seed4000042_L1_M1_standard.npz
Launched SDP PID=3953690, key=n23_rep5_seed4000042
Loop status: pending_sdp=1525, running_sdp=5, pending_qaoa=0, running_qaoa=0, total_sdp_rss_mb=20, cache_size_mb=5
SDP producer failed for key=n23_rep1_seed42, exit_code=42
SDP producer failed for key=n23_rep2_seed1000042, exit_code=42
SDP producer failed for key=n23_rep3_seed2000042, exit_code=42
SDP producer failed for key=n23_rep4_seed3000042, exit_code=42
SDP producer failed for key=n23_rep5_seed4000042, exit_code=42
Launching SDP producer key=n23_rep6_seed5000042, n=23, repeat=6, seed=5000042, p=1, iterations=50, retry=0, cache=Results/warm_start_cache/triangleFree_connected_4to8vertices_176instances_AdjacencyList__filehash_279b7452/hog_idx000023_200b1bb8a9fa_seed5000042_L1_M1_standard.npz
Launched SDP PID=3953838, key=n23_rep6_seed5000042
Launching SDP producer key=n23_rep7_seed6000042, n=23, repeat=7, seed=6000042, p=1, iterations=50, retry=0, cache=Results/warm_start_cache/triangleFree_connected_4to8vertices_176instances_AdjacencyList__filehash_279b7452/hog_idx000023_200b1bb8a9fa_seed6000042_L1_M1_standard.npz
Launched SDP PID=3953851, key=n23_rep7_seed6000042
Launching SDP producer key=n23_rep8_seed7000042, n=23, repeat=8, seed=7000042, p=1, iterations=50, retry=0, cache=Results/warm_start_cache/triangleFree_connected_4to8vertices_176instances_AdjacencyList__filehash_279b7452/hog_idx000023_200b1bb8a9fa_seed7000042_L1_M1_standard.npz
Launched SDP PID=3953872, key=n23_rep8_seed7000042
Launching SDP producer key=n23_rep9_seed8000042, n=23, repeat=9, seed=8000042, p=1, iterations=50, retry=0, cache=Results/warm_start_cache/triangleFree_connected_4to8vertices_176instances_AdjacencyList__filehash_279b7452/hog_idx000023_200b1bb8a9fa_seed8000042_L1_M1_standard.npz
Launched SDP PID=3953904, key=n23_rep9_seed8000042
Launching SDP producer key=n23_rep10_seed9000042, n=23, repeat=10, seed=9000042, p=1, iterations=50, retry=0, cache=Results/warm_start_cache/triangleFree_connected_4to8vertices_176instances_AdjacencyList__filehash_279b7452/hog_idx000023_200b1bb8a9fa_seed9000042_L1_M1_standard.npz
Launched SDP PID=3953941, key=n23_rep10_seed9000042
Loop status: pending_sdp=1520, running_sdp=5, pending_qaoa=0, running_qaoa=0, total_sdp_rss_mb=20, cache_size_mb=5
SDP producer failed for key=n23_rep6_seed5000042, exit_code=42
SDP producer failed for key=n23_rep7_seed6000042, exit_code=42
SDP producer failed for key=n23_rep8_seed7000042, exit_code=42
SDP producer failed for key=n23_rep9_seed8000042, exit_code=42
SDP producer failed for key=n23_rep10_seed9000042, exit_code=42
Launching SDP producer key=n24_rep1_seed42, n=24, repeat=1, seed=42, p=1, iterations=50, retry=0, cache=Results/warm_start_cache/triangleFree_connected_4to8vertices_176instances_AdjacencyList__filehash_279b7452/hog_idx000024_d629cfb9fb11_seed42_L1_M1_standard.npz
Launched SDP PID=3954094, key=n24_rep1_seed42
Launching SDP producer key=n24_rep2_seed1000042, n=24, repeat=2, seed=1000042, p=1, iterations=50, retry=0, cache=Results/warm_start_cache/triangleFree_connected_4to8vertices_176instances_AdjacencyList__filehash_279b7452/hog_idx000024_d629cfb9fb11_seed1000042_L1_M1_standard.npz
Launched SDP PID=3954107, key=n24_rep2_seed1000042
Launching SDP producer key=n24_rep3_seed2000042, n=24, repeat=3, seed=2000042, p=1, iterations=50, retry=0, cache=Results/warm_start_cache/triangleFree_connected_4to8vertices_176instances_AdjacencyList__filehash_279b7452/hog_idx000024_d629cfb9fb11_seed2000042_L1_M1_standard.npz
Launched SDP PID=3954131, key=n24_rep3_seed2000042
Launching SDP producer key=n24_rep4_seed3000042, n=24, repeat=4, seed=3000042, p=1, iterations=50, retry=0, cache=Results/warm_start_cache/triangleFree_connected_4to8vertices_176instances_AdjacencyList__filehash_279b7452/hog_idx000024_d629cfb9fb11_seed3000042_L1_M1_standard.npz
Launched SDP PID=3954160, key=n24_rep4_seed3000042
Launching SDP producer key=n24_rep5_seed4000042, n=24, repeat=5, seed=4000042, p=1, iterations=50, retry=0, cache=Results/warm_start_cache/triangleFree_connected_4to8vertices_176instances_AdjacencyList__filehash_279b7452/hog_idx000024_d629cfb9fb11_seed4000042_L1_M1_standard.npz
Launched SDP PID=3954197, key=n24_rep5_seed4000042
Loop status: pending_sdp=1515, running_sdp=5, pending_qaoa=0, running_qaoa=0, total_sdp_rss_mb=20, cache_size_mb=5
SDP producer failed for key=n24_rep1_seed42, exit_code=42
SDP producer failed for key=n24_rep2_seed1000042, exit_code=42
SDP producer failed for key=n24_rep3_seed2000042, exit_code=42
SDP producer failed for key=n24_rep4_seed3000042, exit_code=42
SDP producer failed for key=n24_rep5_seed4000042, exit_code=42
Launching SDP producer key=n24_rep6_seed5000042, n=24, repeat=6, seed=5000042, p=1, iterations=50, retry=0, cache=Results/warm_start_cache/triangleFree_connected_4to8vertices_176instances_AdjacencyList__filehash_279b7452/hog_idx000024_d629cfb9fb11_seed5000042_L1_M1_standard.npz
Launched SDP PID=3954345, key=n24_rep6_seed5000042
Launching SDP producer key=n24_rep7_seed6000042, n=24, repeat=7, seed=6000042, p=1, iterations=50, retry=0, cache=Results/warm_start_cache/triangleFree_connected_4to8vertices_176instances_AdjacencyList__filehash_279b7452/hog_idx000024_d629cfb9fb11_seed6000042_L1_M1_standard.npz
Launched SDP PID=3954358, key=n24_rep7_seed6000042
Launching SDP producer key=n24_rep8_seed7000042, n=24, repeat=8, seed=7000042, p=1, iterations=50, retry=0, cache=Results/warm_start_cache/triangleFree_connected_4to8vertices_176instances_AdjacencyList__filehash_279b7452/hog_idx000024_d629cfb9fb11_seed7000042_L1_M1_standard.npz
Launched SDP PID=3954379, key=n24_rep8_seed7000042
Launching SDP producer key=n24_rep9_seed8000042, n=24, repeat=9, seed=8000042, p=1, iterations=50, retry=0, cache=Results/warm_start_cache/triangleFree_connected_4to8vertices_176instances_AdjacencyList__filehash_279b7452/hog_idx000024_d629cfb9fb11_seed8000042_L1_M1_standard.npz
Launched SDP PID=3954408, key=n24_rep9_seed8000042
Launching SDP producer key=n24_rep10_seed9000042, n=24, repeat=10, seed=9000042, p=1, iterations=50, retry=0, cache=Results/warm_start_cache/triangleFree_connected_4to8vertices_176instances_AdjacencyList__filehash_279b7452/hog_idx000024_d629cfb9fb11_seed9000042_L1_M1_standard.npz
Launched SDP PID=3954445, key=n24_rep10_seed9000042
Loop status: pending_sdp=1510, running_sdp=5, pending_qaoa=0, running_qaoa=0, total_sdp_rss_mb=20, cache_size_mb=5
SDP producer failed for key=n24_rep6_seed5000042, exit_code=42
SDP producer failed for key=n24_rep7_seed6000042, exit_code=42
SDP producer failed for key=n24_rep8_seed7000042, exit_code=42
SDP producer failed for key=n24_rep9_seed8000042, exit_code=42
SDP producer failed for key=n24_rep10_seed9000042, exit_code=42
Launching SDP producer key=n25_rep1_seed42, n=25, repeat=1, seed=42, p=1, iterations=50, retry=0, cache=Results/warm_start_cache/triangleFree_connected_4to8vertices_176instances_AdjacencyList__filehash_279b7452/hog_idx000025_51036ad3abfa_seed42_L1_M1_standard.npz
Launched SDP PID=3954589, key=n25_rep1_seed42
Launching SDP producer key=n25_rep2_seed1000042, n=25, repeat=2, seed=1000042, p=1, iterations=50, retry=0, cache=Results/warm_start_cache/triangleFree_connected_4to8vertices_176instances_AdjacencyList__filehash_279b7452/hog_idx000025_51036ad3abfa_seed1000042_L1_M1_standard.npz
Launched SDP PID=3954602, key=n25_rep2_seed1000042
Launching SDP producer key=n25_rep3_seed2000042, n=25, repeat=3, seed=2000042, p=1, iterations=50, retry=0, cache=Results/warm_start_cache/triangleFree_connected_4to8vertices_176instances_AdjacencyList__filehash_279b7452/hog_idx000025_51036ad3abfa_seed2000042_L1_M1_standard.npz
Launched SDP PID=3954633, key=n25_rep3_seed2000042
Launching SDP producer key=n25_rep4_seed3000042, n=25, repeat=4, seed=3000042, p=1, iterations=50, retry=0, cache=Results/warm_start_cache/triangleFree_connected_4to8vertices_176instances_AdjacencyList__filehash_279b7452/hog_idx000025_51036ad3abfa_seed3000042_L1_M1_standard.npz
Launched SDP PID=3954662, key=n25_rep4_seed3000042
Launching SDP producer key=n25_rep5_seed4000042, n=25, repeat=5, seed=4000042, p=1, iterations=50, retry=0, cache=Results/warm_start_cache/triangleFree_connected_4to8vertices_176instances_AdjacencyList__filehash_279b7452/hog_idx000025_51036ad3abfa_seed4000042_L1_M1_standard.npz
Launched SDP PID=3954699, key=n25_rep5_seed4000042
Loop status: pending_sdp=1505, running_sdp=5, pending_qaoa=0, running_qaoa=0, total_sdp_rss_mb=20, cache_size_mb=5
SDP producer failed for key=n25_rep1_seed42, exit_code=42
SDP producer failed for key=n25_rep2_seed1000042, exit_code=42
SDP producer failed for key=n25_rep3_seed2000042, exit_code=42
SDP producer failed for key=n25_rep4_seed3000042, exit_code=42
SDP producer failed for key=n25_rep5_seed4000042, exit_code=42
Launching SDP producer key=n25_rep6_seed5000042, n=25, repeat=6, seed=5000042, p=1, iterations=50, retry=0, cache=Results/warm_start_cache/triangleFree_connected_4to8vertices_176instances_AdjacencyList__filehash_279b7452/hog_idx000025_51036ad3abfa_seed5000042_L1_M1_standard.npz
Launched SDP PID=3954850, key=n25_rep6_seed5000042
Launching SDP producer key=n25_rep7_seed6000042, n=25, repeat=7, seed=6000042, p=1, iterations=50, retry=0, cache=Results/warm_start_cache/triangleFree_connected_4to8vertices_176instances_AdjacencyList__filehash_279b7452/hog_idx000025_51036ad3abfa_seed6000042_L1_M1_standard.npz
Launched SDP PID=3954863, key=n25_rep7_seed6000042
Launching SDP producer key=n25_rep8_seed7000042, n=25, repeat=8, seed=7000042, p=1, iterations=50, retry=0, cache=Results/warm_start_cache/triangleFree_connected_4to8vertices_176instances_AdjacencyList__filehash_279b7452/hog_idx000025_51036ad3abfa_seed7000042_L1_M1_standard.npz
Launched SDP PID=3954884, key=n25_rep8_seed7000042
Launching SDP producer key=n25_rep9_seed8000042, n=25, repeat=9, seed=8000042, p=1, iterations=50, retry=0, cache=Results/warm_start_cache/triangleFree_connected_4to8vertices_176instances_AdjacencyList__filehash_279b7452/hog_idx000025_51036ad3abfa_seed8000042_L1_M1_standard.npz
Launched SDP PID=3954913, key=n25_rep9_seed8000042
Launching SDP producer key=n25_rep10_seed9000042, n=25, repeat=10, seed=9000042, p=1, iterations=50, retry=0, cache=Results/warm_start_cache/triangleFree_connected_4to8vertices_176instances_AdjacencyList__filehash_279b7452/hog_idx000025_51036ad3abfa_seed9000042_L1_M1_standard.npz
Launched SDP PID=3954950, key=n25_rep10_seed9000042
Loop status: pending_sdp=1500, running_sdp=5, pending_qaoa=0, running_qaoa=0, total_sdp_rss_mb=20, cache_size_mb=5
SDP producer failed for key=n25_rep6_seed5000042, exit_code=42
SDP producer failed for key=n25_rep7_seed6000042, exit_code=42
SDP producer failed for key=n25_rep8_seed7000042, exit_code=42
SDP producer failed for key=n25_rep9_seed8000042, exit_code=42
SDP producer failed for key=n25_rep10_seed9000042, exit_code=42
Launching SDP producer key=n26_rep1_seed42, n=26, repeat=1, seed=42, p=1, iterations=50, retry=0, cache=Results/warm_start_cache/triangleFree_connected_4to8vertices_176instances_AdjacencyList__filehash_279b7452/hog_idx000026_c1a8f5359efd_seed42_L1_M1_standard.npz
Launched SDP PID=3955095, key=n26_rep1_seed42
Launching SDP producer key=n26_rep2_seed1000042, n=26, repeat=2, seed=1000042, p=1, iterations=50, retry=0, cache=Results/warm_start_cache/triangleFree_connected_4to8vertices_176instances_AdjacencyList__filehash_279b7452/hog_idx000026_c1a8f5359efd_seed1000042_L1_M1_standard.npz
Launched SDP PID=3955112, key=n26_rep2_seed1000042
Launching SDP producer key=n26_rep3_seed2000042, n=26, repeat=3, seed=2000042, p=1, iterations=50, retry=0, cache=Results/warm_start_cache/triangleFree_connected_4to8vertices_176instances_AdjacencyList__filehash_279b7452/hog_idx000026_c1a8f5359efd_seed2000042_L1_M1_standard.npz
Launched SDP PID=3955133, key=n26_rep3_seed2000042
Launching SDP producer key=n26_rep4_seed3000042, n=26, repeat=4, seed=3000042, p=1, iterations=50, retry=0, cache=Results/warm_start_cache/triangleFree_connected_4to8vertices_176instances_AdjacencyList__filehash_279b7452/hog_idx000026_c1a8f5359efd_seed3000042_L1_M1_standard.npz
Launched SDP PID=3955162, key=n26_rep4_seed3000042
Launching SDP producer key=n26_rep5_seed4000042, n=26, repeat=5, seed=4000042, p=1, iterations=50, retry=0, cache=Results/warm_start_cache/triangleFree_connected_4to8vertices_176instances_AdjacencyList__filehash_279b7452/hog_idx000026_c1a8f5359efd_seed4000042_L1_M1_standard.npz
Launched SDP PID=3955199, key=n26_rep5_seed4000042
Loop status: pending_sdp=1495, running_sdp=5, pending_qaoa=0, running_qaoa=0, total_sdp_rss_mb=20, cache_size_mb=5
SDP producer failed for key=n26_rep1_seed42, exit_code=42
SDP producer failed for key=n26_rep2_seed1000042, exit_code=42
SDP producer failed for key=n26_rep3_seed2000042, exit_code=42
SDP producer failed for key=n26_rep4_seed3000042, exit_code=42
SDP producer failed for key=n26_rep5_seed4000042, exit_code=42
Launching SDP producer key=n26_rep6_seed5000042, n=26, repeat=6, seed=5000042, p=1, iterations=50, retry=0, cache=Results/warm_start_cache/triangleFree_connected_4to8vertices_176instances_AdjacencyList__filehash_279b7452/hog_idx000026_c1a8f5359efd_seed5000042_L1_M1_standard.npz
Launched SDP PID=3955341, key=n26_rep6_seed5000042
Launching SDP producer key=n26_rep7_seed6000042, n=26, repeat=7, seed=6000042, p=1, iterations=50, retry=0, cache=Results/warm_start_cache/triangleFree_connected_4to8vertices_176instances_AdjacencyList__filehash_279b7452/hog_idx000026_c1a8f5359efd_seed6000042_L1_M1_standard.npz
Launched SDP PID=3955354, key=n26_rep7_seed6000042
Launching SDP producer key=n26_rep8_seed7000042, n=26, repeat=8, seed=7000042, p=1, iterations=50, retry=0, cache=Results/warm_start_cache/triangleFree_connected_4to8vertices_176instances_AdjacencyList__filehash_279b7452/hog_idx000026_c1a8f5359efd_seed7000042_L1_M1_standard.npz
Launched SDP PID=3955375, key=n26_rep8_seed7000042
Launching SDP producer key=n26_rep9_seed8000042, n=26, repeat=9, seed=8000042, p=1, iterations=50, retry=0, cache=Results/warm_start_cache/triangleFree_connected_4to8vertices_176instances_AdjacencyList__filehash_279b7452/hog_idx000026_c1a8f5359efd_seed8000042_L1_M1_standard.npz
Launched SDP PID=3955404, key=n26_rep9_seed8000042
Launching SDP producer key=n26_rep10_seed9000042, n=26, repeat=10, seed=9000042, p=1, iterations=50, retry=0, cache=Results/warm_start_cache/triangleFree_connected_4to8vertices_176instances_AdjacencyList__filehash_279b7452/hog_idx000026_c1a8f5359efd_seed9000042_L1_M1_standard.npz
Launched SDP PID=3955443, key=n26_rep10_seed9000042
Loop status: pending_sdp=1490, running_sdp=5, pending_qaoa=0, running_qaoa=0, total_sdp_rss_mb=20, cache_size_mb=5
SDP producer failed for key=n26_rep6_seed5000042, exit_code=42
SDP producer failed for key=n26_rep7_seed6000042, exit_code=42
SDP producer failed for key=n26_rep8_seed7000042, exit_code=42
SDP producer failed for key=n26_rep9_seed8000042, exit_code=42
SDP producer failed for key=n26_rep10_seed9000042, exit_code=42
Launching SDP producer key=n27_rep1_seed42, n=27, repeat=1, seed=42, p=1, iterations=50, retry=0, cache=Results/warm_start_cache/triangleFree_connected_4to8vertices_176instances_AdjacencyList__filehash_279b7452/hog_idx000027_b26c3a60db17_seed42_L1_M1_standard.npz
Launched SDP PID=3955586, key=n27_rep1_seed42
Launching SDP producer key=n27_rep2_seed1000042, n=27, repeat=2, seed=1000042, p=1, iterations=50, retry=0, cache=Results/warm_start_cache/triangleFree_connected_4to8vertices_176instances_AdjacencyList__filehash_279b7452/hog_idx000027_b26c3a60db17_seed1000042_L1_M1_standard.npz
Launched SDP PID=3955599, key=n27_rep2_seed1000042
Launching SDP producer key=n27_rep3_seed2000042, n=27, repeat=3, seed=2000042, p=1, iterations=50, retry=0, cache=Results/warm_start_cache/triangleFree_connected_4to8vertices_176instances_AdjacencyList__filehash_279b7452/hog_idx000027_b26c3a60db17_seed2000042_L1_M1_standard.npz
Launched SDP PID=3955620, key=n27_rep3_seed2000042
Launching SDP producer key=n27_rep4_seed3000042, n=27, repeat=4, seed=3000042, p=1, iterations=50, retry=0, cache=Results/warm_start_cache/triangleFree_connected_4to8vertices_176instances_AdjacencyList__filehash_279b7452/hog_idx000027_b26c3a60db17_seed3000042_L1_M1_standard.npz
Launched SDP PID=3955659, key=n27_rep4_seed3000042
Launching SDP producer key=n27_rep5_seed4000042, n=27, repeat=5, seed=4000042, p=1, iterations=50, retry=0, cache=Results/warm_start_cache/triangleFree_connected_4to8vertices_176instances_AdjacencyList__filehash_279b7452/hog_idx000027_b26c3a60db17_seed4000042_L1_M1_standard.npz
Launched SDP PID=3955696, key=n27_rep5_seed4000042
Loop status: pending_sdp=1485, running_sdp=5, pending_qaoa=0, running_qaoa=0, total_sdp_rss_mb=20, cache_size_mb=5
SDP producer failed for key=n27_rep1_seed42, exit_code=42
SDP producer failed for key=n27_rep2_seed1000042, exit_code=42
SDP producer failed for key=n27_rep3_seed2000042, exit_code=42
SDP producer failed for key=n27_rep4_seed3000042, exit_code=42
SDP producer failed for key=n27_rep5_seed4000042, exit_code=42
Launching SDP producer key=n27_rep6_seed5000042, n=27, repeat=6, seed=5000042, p=1, iterations=50, retry=0, cache=Results/warm_start_cache/triangleFree_connected_4to8vertices_176instances_AdjacencyList__filehash_279b7452/hog_idx000027_b26c3a60db17_seed5000042_L1_M1_standard.npz
Launched SDP PID=3955840, key=n27_rep6_seed5000042
Launching SDP producer key=n27_rep7_seed6000042, n=27, repeat=7, seed=6000042, p=1, iterations=50, retry=0, cache=Results/warm_start_cache/triangleFree_connected_4to8vertices_176instances_AdjacencyList__filehash_279b7452/hog_idx000027_b26c3a60db17_seed6000042_L1_M1_standard.npz
Launched SDP PID=3955853, key=n27_rep7_seed6000042
Launching SDP producer key=n27_rep8_seed7000042, n=27, repeat=8, seed=7000042, p=1, iterations=50, retry=0, cache=Results/warm_start_cache/triangleFree_connected_4to8vertices_176instances_AdjacencyList__filehash_279b7452/hog_idx000027_b26c3a60db17_seed7000042_L1_M1_standard.npz
Launched SDP PID=3955879, key=n27_rep8_seed7000042
Launching SDP producer key=n27_rep9_seed8000042, n=27, repeat=9, seed=8000042, p=1, iterations=50, retry=0, cache=Results/warm_start_cache/triangleFree_connected_4to8vertices_176instances_AdjacencyList__filehash_279b7452/hog_idx000027_b26c3a60db17_seed8000042_L1_M1_standard.npz
Launched SDP PID=3955908, key=n27_rep9_seed8000042
Launching SDP producer key=n27_rep10_seed9000042, n=27, repeat=10, seed=9000042, p=1, iterations=50, retry=0, cache=Results/warm_start_cache/triangleFree_connected_4to8vertices_176instances_AdjacencyList__filehash_279b7452/hog_idx000027_b26c3a60db17_seed9000042_L1_M1_standard.npz
Launched SDP PID=3955945, key=n27_rep10_seed9000042
Loop status: pending_sdp=1480, running_sdp=5, pending_qaoa=0, running_qaoa=0, total_sdp_rss_mb=20, cache_size_mb=5
SDP producer failed for key=n27_rep6_seed5000042, exit_code=42
SDP producer failed for key=n27_rep7_seed6000042, exit_code=42
SDP producer failed for key=n27_rep8_seed7000042, exit_code=42
SDP producer failed for key=n27_rep9_seed8000042, exit_code=42
SDP producer failed for key=n27_rep10_seed9000042, exit_code=42
Launching SDP producer key=n28_rep1_seed42, n=28, repeat=1, seed=42, p=1, iterations=50, retry=0, cache=Results/warm_start_cache/triangleFree_connected_4to8vertices_176instances_AdjacencyList__filehash_279b7452/hog_idx000028_aa31b41fdb35_seed42_L1_M1_standard.npz
Launched SDP PID=3956087, key=n28_rep1_seed42
Launching SDP producer key=n28_rep2_seed1000042, n=28, repeat=2, seed=1000042, p=1, iterations=50, retry=0, cache=Results/warm_start_cache/triangleFree_connected_4to8vertices_176instances_AdjacencyList__filehash_279b7452/hog_idx000028_aa31b41fdb35_seed1000042_L1_M1_standard.npz
Launched SDP PID=3956100, key=n28_rep2_seed1000042
Launching SDP producer key=n28_rep3_seed2000042, n=28, repeat=3, seed=2000042, p=1, iterations=50, retry=0, cache=Results/warm_start_cache/triangleFree_connected_4to8vertices_176instances_AdjacencyList__filehash_279b7452/hog_idx000028_aa31b41fdb35_seed2000042_L1_M1_standard.npz
Launched SDP PID=3956121, key=n28_rep3_seed2000042
Launching SDP producer key=n28_rep4_seed3000042, n=28, repeat=4, seed=3000042, p=1, iterations=50, retry=0, cache=Results/warm_start_cache/triangleFree_connected_4to8vertices_176instances_AdjacencyList__filehash_279b7452/hog_idx000028_aa31b41fdb35_seed3000042_L1_M1_standard.npz
Launched SDP PID=3956151, key=n28_rep4_seed3000042
Launching SDP producer key=n28_rep5_seed4000042, n=28, repeat=5, seed=4000042, p=1, iterations=50, retry=0, cache=Results/warm_start_cache/triangleFree_connected_4to8vertices_176instances_AdjacencyList__filehash_279b7452/hog_idx000028_aa31b41fdb35_seed4000042_L1_M1_standard.npz
Launched SDP PID=3956189, key=n28_rep5_seed4000042
Loop status: pending_sdp=1475, running_sdp=5, pending_qaoa=0, running_qaoa=0, total_sdp_rss_mb=20, cache_size_mb=5
SDP producer failed for key=n28_rep1_seed42, exit_code=42
SDP producer failed for key=n28_rep2_seed1000042, exit_code=42
SDP producer failed for key=n28_rep3_seed2000042, exit_code=42
SDP producer failed for key=n28_rep4_seed3000042, exit_code=42
SDP producer failed for key=n28_rep5_seed4000042, exit_code=42
Launching SDP producer key=n28_rep6_seed5000042, n=28, repeat=6, seed=5000042, p=1, iterations=50, retry=0, cache=Results/warm_start_cache/triangleFree_connected_4to8vertices_176instances_AdjacencyList__filehash_279b7452/hog_idx000028_aa31b41fdb35_seed5000042_L1_M1_standard.npz
Launched SDP PID=3956335, key=n28_rep6_seed5000042
Launching SDP producer key=n28_rep7_seed6000042, n=28, repeat=7, seed=6000042, p=1, iterations=50, retry=0, cache=Results/warm_start_cache/triangleFree_connected_4to8vertices_176instances_AdjacencyList__filehash_279b7452/hog_idx000028_aa31b41fdb35_seed6000042_L1_M1_standard.npz
Launched SDP PID=3956348, key=n28_rep7_seed6000042
Launching SDP producer key=n28_rep8_seed7000042, n=28, repeat=8, seed=7000042, p=1, iterations=50, retry=0, cache=Results/warm_start_cache/triangleFree_connected_4to8vertices_176instances_AdjacencyList__filehash_279b7452/hog_idx000028_aa31b41fdb35_seed7000042_L1_M1_standard.npz
Launched SDP PID=3956369, key=n28_rep8_seed7000042
Launching SDP producer key=n28_rep9_seed8000042, n=28, repeat=9, seed=8000042, p=1, iterations=50, retry=0, cache=Results/warm_start_cache/triangleFree_connected_4to8vertices_176instances_AdjacencyList__filehash_279b7452/hog_idx000028_aa31b41fdb35_seed8000042_L1_M1_standard.npz
Launched SDP PID=3956398, key=n28_rep9_seed8000042
Launching SDP producer key=n28_rep10_seed9000042, n=28, repeat=10, seed=9000042, p=1, iterations=50, retry=0, cache=Results/warm_start_cache/triangleFree_connected_4to8vertices_176instances_AdjacencyList__filehash_279b7452/hog_idx000028_aa31b41fdb35_seed9000042_L1_M1_standard.npz
Launched SDP PID=3956435, key=n28_rep10_seed9000042
Loop status: pending_sdp=1470, running_sdp=5, pending_qaoa=0, running_qaoa=0, total_sdp_rss_mb=20, cache_size_mb=5
SDP producer failed for key=n28_rep6_seed5000042, exit_code=42
SDP producer failed for key=n28_rep7_seed6000042, exit_code=42
SDP producer failed for key=n28_rep8_seed7000042, exit_code=42
SDP producer failed for key=n28_rep9_seed8000042, exit_code=42
SDP producer failed for key=n28_rep10_seed9000042, exit_code=42
Launching SDP producer key=n29_rep1_seed42, n=29, repeat=1, seed=42, p=1, iterations=50, retry=0, cache=Results/warm_start_cache/triangleFree_connected_4to8vertices_176instances_AdjacencyList__filehash_279b7452/hog_idx000029_21fe22b79de0_seed42_L1_M1_standard.npz
Launched SDP PID=3956578, key=n29_rep1_seed42
Launching SDP producer key=n29_rep2_seed1000042, n=29, repeat=2, seed=1000042, p=1, iterations=50, retry=0, cache=Results/warm_start_cache/triangleFree_connected_4to8vertices_176instances_AdjacencyList__filehash_279b7452/hog_idx000029_21fe22b79de0_seed1000042_L1_M1_standard.npz
Launched SDP PID=3956591, key=n29_rep2_seed1000042
Launching SDP producer key=n29_rep3_seed2000042, n=29, repeat=3, seed=2000042, p=1, iterations=50, retry=0, cache=Results/warm_start_cache/triangleFree_connected_4to8vertices_176instances_AdjacencyList__filehash_279b7452/hog_idx000029_21fe22b79de0_seed2000042_L1_M1_standard.npz
Launched SDP PID=3956612, key=n29_rep3_seed2000042
Launching SDP producer key=n29_rep4_seed3000042, n=29, repeat=4, seed=3000042, p=1, iterations=50, retry=0, cache=Results/warm_start_cache/triangleFree_connected_4to8vertices_176instances_AdjacencyList__filehash_279b7452/hog_idx000029_21fe22b79de0_seed3000042_L1_M1_standard.npz
Launched SDP PID=3956641, key=n29_rep4_seed3000042
Launching SDP producer key=n29_rep5_seed4000042, n=29, repeat=5, seed=4000042, p=1, iterations=50, retry=0, cache=Results/warm_start_cache/triangleFree_connected_4to8vertices_176instances_AdjacencyList__filehash_279b7452/hog_idx000029_21fe22b79de0_seed4000042_L1_M1_standard.npz
Launched SDP PID=3956691, key=n29_rep5_seed4000042
Loop status: pending_sdp=1465, running_sdp=5, pending_qaoa=0, running_qaoa=0, total_sdp_rss_mb=20, cache_size_mb=5
SDP producer failed for key=n29_rep1_seed42, exit_code=42
SDP producer failed for key=n29_rep2_seed1000042, exit_code=42
SDP producer failed for key=n29_rep3_seed2000042, exit_code=42
SDP producer failed for key=n29_rep4_seed3000042, exit_code=42
SDP producer failed for key=n29_rep5_seed4000042, exit_code=42
Launching SDP producer key=n29_rep6_seed5000042, n=29, repeat=6, seed=5000042, p=1, iterations=50, retry=0, cache=Results/warm_start_cache/triangleFree_connected_4to8vertices_176instances_AdjacencyList__filehash_279b7452/hog_idx000029_21fe22b79de0_seed5000042_L1_M1_standard.npz
Launched SDP PID=3956833, key=n29_rep6_seed5000042
Launching SDP producer key=n29_rep7_seed6000042, n=29, repeat=7, seed=6000042, p=1, iterations=50, retry=0, cache=Results/warm_start_cache/triangleFree_connected_4to8vertices_176instances_AdjacencyList__filehash_279b7452/hog_idx000029_21fe22b79de0_seed6000042_L1_M1_standard.npz
Launched SDP PID=3956846, key=n29_rep7_seed6000042
Launching SDP producer key=n29_rep8_seed7000042, n=29, repeat=8, seed=7000042, p=1, iterations=50, retry=0, cache=Results/warm_start_cache/triangleFree_connected_4to8vertices_176instances_AdjacencyList__filehash_279b7452/hog_idx000029_21fe22b79de0_seed7000042_L1_M1_standard.npz
Launched SDP PID=3956867, key=n29_rep8_seed7000042
Launching SDP producer key=n29_rep9_seed8000042, n=29, repeat=9, seed=8000042, p=1, iterations=50, retry=0, cache=Results/warm_start_cache/triangleFree_connected_4to8vertices_176instances_AdjacencyList__filehash_279b7452/hog_idx000029_21fe22b79de0_seed8000042_L1_M1_standard.npz
Launched SDP PID=3956904, key=n29_rep9_seed8000042
Launching SDP producer key=n29_rep10_seed9000042, n=29, repeat=10, seed=9000042, p=1, iterations=50, retry=0, cache=Results/warm_start_cache/triangleFree_connected_4to8vertices_176instances_AdjacencyList__filehash_279b7452/hog_idx000029_21fe22b79de0_seed9000042_L1_M1_standard.npz
Launched SDP PID=3956941, key=n29_rep10_seed9000042
Loop status: pending_sdp=1460, running_sdp=5, pending_qaoa=0, running_qaoa=0, total_sdp_rss_mb=20, cache_size_mb=5
SDP producer failed for key=n29_rep6_seed5000042, exit_code=42
SDP producer failed for key=n29_rep7_seed6000042, exit_code=42
SDP producer failed for key=n29_rep8_seed7000042, exit_code=42
SDP producer failed for key=n29_rep9_seed8000042, exit_code=42
SDP producer failed for key=n29_rep10_seed9000042, exit_code=42
Launching SDP producer key=n30_rep1_seed42, n=30, repeat=1, seed=42, p=1, iterations=50, retry=0, cache=Results/warm_start_cache/triangleFree_connected_4to8vertices_176instances_AdjacencyList__filehash_279b7452/hog_idx000030_7b3c707497a5_seed42_L1_M1_standard.npz
Launched SDP PID=3957084, key=n30_rep1_seed42
Launching SDP producer key=n30_rep2_seed1000042, n=30, repeat=2, seed=1000042, p=1, iterations=50, retry=0, cache=Results/warm_start_cache/triangleFree_connected_4to8vertices_176instances_AdjacencyList__filehash_279b7452/hog_idx000030_7b3c707497a5_seed1000042_L1_M1_standard.npz
Launched SDP PID=3957097, key=n30_rep2_seed1000042
Launching SDP producer key=n30_rep3_seed2000042, n=30, repeat=3, seed=2000042, p=1, iterations=50, retry=0, cache=Results/warm_start_cache/triangleFree_connected_4to8vertices_176instances_AdjacencyList__filehash_279b7452/hog_idx000030_7b3c707497a5_seed2000042_L1_M1_standard.npz
Launched SDP PID=3957121, key=n30_rep3_seed2000042
Launching SDP producer key=n30_rep4_seed3000042, n=30, repeat=4, seed=3000042, p=1, iterations=50, retry=0, cache=Results/warm_start_cache/triangleFree_connected_4to8vertices_176instances_AdjacencyList__filehash_279b7452/hog_idx000030_7b3c707497a5_seed3000042_L1_M1_standard.npz
Launched SDP PID=3957150, key=n30_rep4_seed3000042
Launching SDP producer key=n30_rep5_seed4000042, n=30, repeat=5, seed=4000042, p=1, iterations=50, retry=0, cache=Results/warm_start_cache/triangleFree_connected_4to8vertices_176instances_AdjacencyList__filehash_279b7452/hog_idx000030_7b3c707497a5_seed4000042_L1_M1_standard.npz
Launched SDP PID=3957187, key=n30_rep5_seed4000042
Loop status: pending_sdp=1455, running_sdp=5, pending_qaoa=0, running_qaoa=0, total_sdp_rss_mb=20, cache_size_mb=5
SDP producer failed for key=n30_rep1_seed42, exit_code=42
SDP producer failed for key=n30_rep2_seed1000042, exit_code=42
SDP producer failed for key=n30_rep3_seed2000042, exit_code=42
SDP producer failed for key=n30_rep5_seed4000042, exit_code=42
Launching SDP producer key=n30_rep6_seed5000042, n=30, repeat=6, seed=5000042, p=1, iterations=50, retry=0, cache=Results/warm_start_cache/triangleFree_connected_4to8vertices_176instances_AdjacencyList__filehash_279b7452/hog_idx000030_7b3c707497a5_seed5000042_L1_M1_standard.npz
Launched SDP PID=3957335, key=n30_rep6_seed5000042
Launching SDP producer key=n30_rep7_seed6000042, n=30, repeat=7, seed=6000042, p=1, iterations=50, retry=0, cache=Results/warm_start_cache/triangleFree_connected_4to8vertices_176instances_AdjacencyList__filehash_279b7452/hog_idx000030_7b3c707497a5_seed6000042_L1_M1_standard.npz
Launched SDP PID=3957356, key=n30_rep7_seed6000042
Launching SDP producer key=n30_rep8_seed7000042, n=30, repeat=8, seed=7000042, p=1, iterations=50, retry=0, cache=Results/warm_start_cache/triangleFree_connected_4to8vertices_176instances_AdjacencyList__filehash_279b7452/hog_idx000030_7b3c707497a5_seed7000042_L1_M1_standard.npz
Launched SDP PID=3957385, key=n30_rep8_seed7000042
Launching SDP producer key=n30_rep9_seed8000042, n=30, repeat=9, seed=8000042, p=1, iterations=50, retry=0, cache=Results/warm_start_cache/triangleFree_connected_4to8vertices_176instances_AdjacencyList__filehash_279b7452/hog_idx000030_7b3c707497a5_seed8000042_L1_M1_standard.npz
Launched SDP PID=3957422, key=n30_rep9_seed8000042
Loop status: pending_sdp=1451, running_sdp=5, pending_qaoa=0, running_qaoa=0, total_sdp_rss_mb=20, cache_size_mb=5
SDP producer failed for key=n30_rep4_seed3000042, exit_code=42
SDP producer failed for key=n30_rep6_seed5000042, exit_code=42
SDP producer failed for key=n30_rep7_seed6000042, exit_code=42
SDP producer failed for key=n30_rep8_seed7000042, exit_code=42
SDP producer failed for key=n30_rep9_seed8000042, exit_code=42
Launching SDP producer key=n30_rep10_seed9000042, n=30, repeat=10, seed=9000042, p=1, iterations=50, retry=0, cache=Results/warm_start_cache/triangleFree_connected_4to8vertices_176instances_AdjacencyList__filehash_279b7452/hog_idx000030_7b3c707497a5_seed9000042_L1_M1_standard.npz
Launched SDP PID=3957566, key=n30_rep10_seed9000042
Launching SDP producer key=n31_rep1_seed42, n=31, repeat=1, seed=42, p=1, iterations=50, retry=0, cache=Results/warm_start_cache/triangleFree_connected_4to8vertices_176instances_AdjacencyList__filehash_279b7452/hog_idx000031_997a3b1346aa_seed42_L1_M1_standard.npz
Launched SDP PID=3957583, key=n31_rep1_seed42
Launching SDP producer key=n31_rep2_seed1000042, n=31, repeat=2, seed=1000042, p=1, iterations=50, retry=0, cache=Results/warm_start_cache/triangleFree_connected_4to8vertices_176instances_AdjacencyList__filehash_279b7452/hog_idx000031_997a3b1346aa_seed1000042_L1_M1_standard.npz
Launched SDP PID=3957604, key=n31_rep2_seed1000042
Launching SDP producer key=n31_rep3_seed2000042, n=31, repeat=3, seed=2000042, p=1, iterations=50, retry=0, cache=Results/warm_start_cache/triangleFree_connected_4to8vertices_176instances_AdjacencyList__filehash_279b7452/hog_idx000031_997a3b1346aa_seed2000042_L1_M1_standard.npz
Launched SDP PID=3957633, key=n31_rep3_seed2000042
Launching SDP producer key=n31_rep4_seed3000042, n=31, repeat=4, seed=3000042, p=1, iterations=50, retry=0, cache=Results/warm_start_cache/triangleFree_connected_4to8vertices_176instances_AdjacencyList__filehash_279b7452/hog_idx000031_997a3b1346aa_seed3000042_L1_M1_standard.npz
Launched SDP PID=3957670, key=n31_rep4_seed3000042
Loop status: pending_sdp=1446, running_sdp=5, pending_qaoa=0, running_qaoa=0, total_sdp_rss_mb=20, cache_size_mb=5
SDP producer failed for key=n30_rep10_seed9000042, exit_code=42
SDP producer failed for key=n31_rep1_seed42, exit_code=42
SDP producer failed for key=n31_rep2_seed1000042, exit_code=42
SDP producer failed for key=n31_rep3_seed2000042, exit_code=42
SDP producer failed for key=n31_rep4_seed3000042, exit_code=42
Launching SDP producer key=n31_rep5_seed4000042, n=31, repeat=5, seed=4000042, p=1, iterations=50, retry=0, cache=Results/warm_start_cache/triangleFree_connected_4to8vertices_176instances_AdjacencyList__filehash_279b7452/hog_idx000031_997a3b1346aa_seed4000042_L1_M1_standard.npz
Launched SDP PID=3957824, key=n31_rep5_seed4000042
Launching SDP producer key=n31_rep6_seed5000042, n=31, repeat=6, seed=5000042, p=1, iterations=50, retry=0, cache=Results/warm_start_cache/triangleFree_connected_4to8vertices_176instances_AdjacencyList__filehash_279b7452/hog_idx000031_997a3b1346aa_seed5000042_L1_M1_standard.npz
Launched SDP PID=3957837, key=n31_rep6_seed5000042
Launching SDP producer key=n31_rep7_seed6000042, n=31, repeat=7, seed=6000042, p=1, iterations=50, retry=0, cache=Results/warm_start_cache/triangleFree_connected_4to8vertices_176instances_AdjacencyList__filehash_279b7452/hog_idx000031_997a3b1346aa_seed6000042_L1_M1_standard.npz
Launched SDP PID=3957858, key=n31_rep7_seed6000042
Launching SDP producer key=n31_rep8_seed7000042, n=31, repeat=8, seed=7000042, p=1, iterations=50, retry=0, cache=Results/warm_start_cache/triangleFree_connected_4to8vertices_176instances_AdjacencyList__filehash_279b7452/hog_idx000031_997a3b1346aa_seed7000042_L1_M1_standard.npz
Launched SDP PID=3957887, key=n31_rep8_seed7000042
Launching SDP producer key=n31_rep9_seed8000042, n=31, repeat=9, seed=8000042, p=1, iterations=50, retry=0, cache=Results/warm_start_cache/triangleFree_connected_4to8vertices_176instances_AdjacencyList__filehash_279b7452/hog_idx000031_997a3b1346aa_seed8000042_L1_M1_standard.npz
Launched SDP PID=3957929, key=n31_rep9_seed8000042
Loop status: pending_sdp=1441, running_sdp=5, pending_qaoa=0, running_qaoa=0, total_sdp_rss_mb=20, cache_size_mb=5
SDP producer failed for key=n31_rep5_seed4000042, exit_code=42
SDP producer failed for key=n31_rep6_seed5000042, exit_code=42
SDP producer failed for key=n31_rep7_seed6000042, exit_code=42
SDP producer failed for key=n31_rep8_seed7000042, exit_code=42
SDP producer failed for key=n31_rep9_seed8000042, exit_code=42
Launching SDP producer key=n31_rep10_seed9000042, n=31, repeat=10, seed=9000042, p=1, iterations=50, retry=0, cache=Results/warm_start_cache/triangleFree_connected_4to8vertices_176instances_AdjacencyList__filehash_279b7452/hog_idx000031_997a3b1346aa_seed9000042_L1_M1_standard.npz
Launched SDP PID=3958074, key=n31_rep10_seed9000042
Launching SDP producer key=n32_rep1_seed42, n=32, repeat=1, seed=42, p=1, iterations=50, retry=0, cache=Results/warm_start_cache/triangleFree_connected_4to8vertices_176instances_AdjacencyList__filehash_279b7452/hog_idx000032_6918c7482df9_seed42_L1_M1_standard.npz
Launched SDP PID=3958087, key=n32_rep1_seed42
Launching SDP producer key=n32_rep2_seed1000042, n=32, repeat=2, seed=1000042, p=1, iterations=50, retry=0, cache=Results/warm_start_cache/triangleFree_connected_4to8vertices_176instances_AdjacencyList__filehash_279b7452/hog_idx000032_6918c7482df9_seed1000042_L1_M1_standard.npz
Launched SDP PID=3958108, key=n32_rep2_seed1000042
Launching SDP producer key=n32_rep3_seed2000042, n=32, repeat=3, seed=2000042, p=1, iterations=50, retry=0, cache=Results/warm_start_cache/triangleFree_connected_4to8vertices_176instances_AdjacencyList__filehash_279b7452/hog_idx000032_6918c7482df9_seed2000042_L1_M1_standard.npz
Launched SDP PID=3958137, key=n32_rep3_seed2000042
Launching SDP producer key=n32_rep4_seed3000042, n=32, repeat=4, seed=3000042, p=1, iterations=50, retry=0, cache=Results/warm_start_cache/triangleFree_connected_4to8vertices_176instances_AdjacencyList__filehash_279b7452/hog_idx000032_6918c7482df9_seed3000042_L1_M1_standard.npz
Launched SDP PID=3958174, key=n32_rep4_seed3000042
Loop status: pending_sdp=1436, running_sdp=5, pending_qaoa=0, running_qaoa=0, total_sdp_rss_mb=20, cache_size_mb=5
SDP producer failed for key=n31_rep10_seed9000042, exit_code=42
SDP producer failed for key=n32_rep1_seed42, exit_code=42
SDP producer failed for key=n32_rep2_seed1000042, exit_code=42
SDP producer failed for key=n32_rep3_seed2000042, exit_code=42
SDP producer failed for key=n32_rep4_seed3000042, exit_code=42
Launching SDP producer key=n32_rep5_seed4000042, n=32, repeat=5, seed=4000042, p=1, iterations=50, retry=0, cache=Results/warm_start_cache/triangleFree_connected_4to8vertices_176instances_AdjacencyList__filehash_279b7452/hog_idx000032_6918c7482df9_seed4000042_L1_M1_standard.npz
Launched SDP PID=3958321, key=n32_rep5_seed4000042
Launching SDP producer key=n32_rep6_seed5000042, n=32, repeat=6, seed=5000042, p=1, iterations=50, retry=0, cache=Results/warm_start_cache/triangleFree_connected_4to8vertices_176instances_AdjacencyList__filehash_279b7452/hog_idx000032_6918c7482df9_seed5000042_L1_M1_standard.npz
Launched SDP PID=3958334, key=n32_rep6_seed5000042
Launching SDP producer key=n32_rep7_seed6000042, n=32, repeat=7, seed=6000042, p=1, iterations=50, retry=0, cache=Results/warm_start_cache/triangleFree_connected_4to8vertices_176instances_AdjacencyList__filehash_279b7452/hog_idx000032_6918c7482df9_seed6000042_L1_M1_standard.npz
Launched SDP PID=3958355, key=n32_rep7_seed6000042
Launching SDP producer key=n32_rep8_seed7000042, n=32, repeat=8, seed=7000042, p=1, iterations=50, retry=0, cache=Results/warm_start_cache/triangleFree_connected_4to8vertices_176instances_AdjacencyList__filehash_279b7452/hog_idx000032_6918c7482df9_seed7000042_L1_M1_standard.npz
Launched SDP PID=3958384, key=n32_rep8_seed7000042
Launching SDP producer key=n32_rep9_seed8000042, n=32, repeat=9, seed=8000042, p=1, iterations=50, retry=0, cache=Results/warm_start_cache/triangleFree_connected_4to8vertices_176instances_AdjacencyList__filehash_279b7452/hog_idx000032_6918c7482df9_seed8000042_L1_M1_standard.npz
Launched SDP PID=3958421, key=n32_rep9_seed8000042
Loop status: pending_sdp=1431, running_sdp=5, pending_qaoa=0, running_qaoa=0, total_sdp_rss_mb=20, cache_size_mb=5
SDP producer failed for key=n32_rep5_seed4000042, exit_code=42
SDP producer failed for key=n32_rep6_seed5000042, exit_code=42
SDP producer failed for key=n32_rep7_seed6000042, exit_code=42
SDP producer failed for key=n32_rep8_seed7000042, exit_code=42
SDP producer failed for key=n32_rep9_seed8000042, exit_code=42
Launching SDP producer key=n32_rep10_seed9000042, n=32, repeat=10, seed=9000042, p=1, iterations=50, retry=0, cache=Results/warm_start_cache/triangleFree_connected_4to8vertices_176instances_AdjacencyList__filehash_279b7452/hog_idx000032_6918c7482df9_seed9000042_L1_M1_standard.npz
Launched SDP PID=3958567, key=n32_rep10_seed9000042
Launching SDP producer key=n33_rep1_seed42, n=33, repeat=1, seed=42, p=1, iterations=50, retry=0, cache=Results/warm_start_cache/triangleFree_connected_4to8vertices_176instances_AdjacencyList__filehash_279b7452/hog_idx000033_d4afa0877b88_seed42_L1_M1_standard.npz
Launched SDP PID=3958580, key=n33_rep1_seed42
Launching SDP producer key=n33_rep2_seed1000042, n=33, repeat=2, seed=1000042, p=1, iterations=50, retry=0, cache=Results/warm_start_cache/triangleFree_connected_4to8vertices_176instances_AdjacencyList__filehash_279b7452/hog_idx000033_d4afa0877b88_seed1000042_L1_M1_standard.npz
Launched SDP PID=3958601, key=n33_rep2_seed1000042
Launching SDP producer key=n33_rep3_seed2000042, n=33, repeat=3, seed=2000042, p=1, iterations=50, retry=0, cache=Results/warm_start_cache/triangleFree_connected_4to8vertices_176instances_AdjacencyList__filehash_279b7452/hog_idx000033_d4afa0877b88_seed2000042_L1_M1_standard.npz
Launched SDP PID=3958632, key=n33_rep3_seed2000042
Launching SDP producer key=n33_rep4_seed3000042, n=33, repeat=4, seed=3000042, p=1, iterations=50, retry=0, cache=Results/warm_start_cache/triangleFree_connected_4to8vertices_176instances_AdjacencyList__filehash_279b7452/hog_idx000033_d4afa0877b88_seed3000042_L1_M1_standard.npz
Launched SDP PID=3958669, key=n33_rep4_seed3000042
Loop status: pending_sdp=1426, running_sdp=5, pending_qaoa=0, running_qaoa=0, total_sdp_rss_mb=20, cache_size_mb=5
SDP producer failed for key=n32_rep10_seed9000042, exit_code=42
SDP producer failed for key=n33_rep1_seed42, exit_code=42
SDP producer failed for key=n33_rep2_seed1000042, exit_code=42
SDP producer failed for key=n33_rep3_seed2000042, exit_code=42
SDP producer failed for key=n33_rep4_seed3000042, exit_code=42
Launching SDP producer key=n33_rep5_seed4000042, n=33, repeat=5, seed=4000042, p=1, iterations=50, retry=0, cache=Results/warm_start_cache/triangleFree_connected_4to8vertices_176instances_AdjacencyList__filehash_279b7452/hog_idx000033_d4afa0877b88_seed4000042_L1_M1_standard.npz
Launched SDP PID=3958861, key=n33_rep5_seed4000042
Launching SDP producer key=n33_rep6_seed5000042, n=33, repeat=6, seed=5000042, p=1, iterations=50, retry=0, cache=Results/warm_start_cache/triangleFree_connected_4to8vertices_176instances_AdjacencyList__filehash_279b7452/hog_idx000033_d4afa0877b88_seed5000042_L1_M1_standard.npz
Launched SDP PID=3958874, key=n33_rep6_seed5000042
Launching SDP producer key=n33_rep7_seed6000042, n=33, repeat=7, seed=6000042, p=1, iterations=50, retry=0, cache=Results/warm_start_cache/triangleFree_connected_4to8vertices_176instances_AdjacencyList__filehash_279b7452/hog_idx000033_d4afa0877b88_seed6000042_L1_M1_standard.npz
Launched SDP PID=3958895, key=n33_rep7_seed6000042
Launching SDP producer key=n33_rep8_seed7000042, n=33, repeat=8, seed=7000042, p=1, iterations=50, retry=0, cache=Results/warm_start_cache/triangleFree_connected_4to8vertices_176instances_AdjacencyList__filehash_279b7452/hog_idx000033_d4afa0877b88_seed7000042_L1_M1_standard.npz
Launched SDP PID=3958924, key=n33_rep8_seed7000042
Launching SDP producer key=n33_rep9_seed8000042, n=33, repeat=9, seed=8000042, p=1, iterations=50, retry=0, cache=Results/warm_start_cache/triangleFree_connected_4to8vertices_176instances_AdjacencyList__filehash_279b7452/hog_idx000033_d4afa0877b88_seed8000042_L1_M1_standard.npz
Launched SDP PID=3958962, key=n33_rep9_seed8000042
Loop status: pending_sdp=1421, running_sdp=5, pending_qaoa=0, running_qaoa=0, total_sdp_rss_mb=20, cache_size_mb=5
SDP producer failed for key=n33_rep5_seed4000042, exit_code=42
SDP producer failed for key=n33_rep6_seed5000042, exit_code=42
SDP producer failed for key=n33_rep7_seed6000042, exit_code=42
SDP producer failed for key=n33_rep8_seed7000042, exit_code=42
SDP producer failed for key=n33_rep9_seed8000042, exit_code=42
Launching SDP producer key=n33_rep10_seed9000042, n=33, repeat=10, seed=9000042, p=1, iterations=50, retry=0, cache=Results/warm_start_cache/triangleFree_connected_4to8vertices_176instances_AdjacencyList__filehash_279b7452/hog_idx000033_d4afa0877b88_seed9000042_L1_M1_standard.npz
Launched SDP PID=3959115, key=n33_rep10_seed9000042
Launching SDP producer key=n34_rep1_seed42, n=34, repeat=1, seed=42, p=1, iterations=50, retry=0, cache=Results/warm_start_cache/triangleFree_connected_4to8vertices_176instances_AdjacencyList__filehash_279b7452/hog_idx000034_062975f12d19_seed42_L1_M1_standard.npz
Launched SDP PID=3959128, key=n34_rep1_seed42
Launching SDP producer key=n34_rep2_seed1000042, n=34, repeat=2, seed=1000042, p=1, iterations=50, retry=0, cache=Results/warm_start_cache/triangleFree_connected_4to8vertices_176instances_AdjacencyList__filehash_279b7452/hog_idx000034_062975f12d19_seed1000042_L1_M1_standard.npz
Launched SDP PID=3959149, key=n34_rep2_seed1000042
Launching SDP producer key=n34_rep3_seed2000042, n=34, repeat=3, seed=2000042, p=1, iterations=50, retry=0, cache=Results/warm_start_cache/triangleFree_connected_4to8vertices_176instances_AdjacencyList__filehash_279b7452/hog_idx000034_062975f12d19_seed2000042_L1_M1_standard.npz
Launched SDP PID=3959178, key=n34_rep3_seed2000042
Launching SDP producer key=n34_rep4_seed3000042, n=34, repeat=4, seed=3000042, p=1, iterations=50, retry=0, cache=Results/warm_start_cache/triangleFree_connected_4to8vertices_176instances_AdjacencyList__filehash_279b7452/hog_idx000034_062975f12d19_seed3000042_L1_M1_standard.npz
Launched SDP PID=3959216, key=n34_rep4_seed3000042
Loop status: pending_sdp=1416, running_sdp=5, pending_qaoa=0, running_qaoa=0, total_sdp_rss_mb=20, cache_size_mb=5
SDP producer failed for key=n33_rep10_seed9000042, exit_code=42
SDP producer failed for key=n34_rep1_seed42, exit_code=42
SDP producer failed for key=n34_rep2_seed1000042, exit_code=42
SDP producer failed for key=n34_rep3_seed2000042, exit_code=42
SDP producer failed for key=n34_rep4_seed3000042, exit_code=42
Launching SDP producer key=n34_rep5_seed4000042, n=34, repeat=5, seed=4000042, p=1, iterations=50, retry=0, cache=Results/warm_start_cache/triangleFree_connected_4to8vertices_176instances_AdjacencyList__filehash_279b7452/hog_idx000034_062975f12d19_seed4000042_L1_M1_standard.npz
Launched SDP PID=3959358, key=n34_rep5_seed4000042
Launching SDP producer key=n34_rep6_seed5000042, n=34, repeat=6, seed=5000042, p=1, iterations=50, retry=0, cache=Results/warm_start_cache/triangleFree_connected_4to8vertices_176instances_AdjacencyList__filehash_279b7452/hog_idx000034_062975f12d19_seed5000042_L1_M1_standard.npz
Launched SDP PID=3959371, key=n34_rep6_seed5000042
Launching SDP producer key=n34_rep7_seed6000042, n=34, repeat=7, seed=6000042, p=1, iterations=50, retry=0, cache=Results/warm_start_cache/triangleFree_connected_4to8vertices_176instances_AdjacencyList__filehash_279b7452/hog_idx000034_062975f12d19_seed6000042_L1_M1_standard.npz
Launched SDP PID=3959392, key=n34_rep7_seed6000042
Launching SDP producer key=n34_rep8_seed7000042, n=34, repeat=8, seed=7000042, p=1, iterations=50, retry=0, cache=Results/warm_start_cache/triangleFree_connected_4to8vertices_176instances_AdjacencyList__filehash_279b7452/hog_idx000034_062975f12d19_seed7000042_L1_M1_standard.npz
Launched SDP PID=3959421, key=n34_rep8_seed7000042
Launching SDP producer key=n34_rep9_seed8000042, n=34, repeat=9, seed=8000042, p=1, iterations=50, retry=0, cache=Results/warm_start_cache/triangleFree_connected_4to8vertices_176instances_AdjacencyList__filehash_279b7452/hog_idx000034_062975f12d19_seed8000042_L1_M1_standard.npz
Launched SDP PID=3959458, key=n34_rep9_seed8000042
Loop status: pending_sdp=1411, running_sdp=5, pending_qaoa=0, running_qaoa=0, total_sdp_rss_mb=20, cache_size_mb=5
SDP producer failed for key=n34_rep5_seed4000042, exit_code=42
SDP producer failed for key=n34_rep6_seed5000042, exit_code=42
SDP producer failed for key=n34_rep7_seed6000042, exit_code=42
SDP producer failed for key=n34_rep8_seed7000042, exit_code=42
SDP producer failed for key=n34_rep9_seed8000042, exit_code=42
Launching SDP producer key=n34_rep10_seed9000042, n=34, repeat=10, seed=9000042, p=1, iterations=50, retry=0, cache=Results/warm_start_cache/triangleFree_connected_4to8vertices_176instances_AdjacencyList__filehash_279b7452/hog_idx000034_062975f12d19_seed9000042_L1_M1_standard.npz
Launched SDP PID=3959899, key=n34_rep10_seed9000042
Launching SDP producer key=n35_rep1_seed42, n=35, repeat=1, seed=42, p=1, iterations=50, retry=0, cache=Results/warm_start_cache/triangleFree_connected_4to8vertices_176instances_AdjacencyList__filehash_279b7452/hog_idx000035_ea8cdc999e38_seed42_L1_M1_standard.npz
Launched SDP PID=3959938, key=n35_rep1_seed42
Launching SDP producer key=n35_rep2_seed1000042, n=35, repeat=2, seed=1000042, p=1, iterations=50, retry=0, cache=Results/warm_start_cache/triangleFree_connected_4to8vertices_176instances_AdjacencyList__filehash_279b7452/hog_idx000035_ea8cdc999e38_seed1000042_L1_M1_standard.npz
Launched SDP PID=3960007, key=n35_rep2_seed1000042
Launching SDP producer key=n35_rep3_seed2000042, n=35, repeat=3, seed=2000042, p=1, iterations=50, retry=0, cache=Results/warm_start_cache/triangleFree_connected_4to8vertices_176instances_AdjacencyList__filehash_279b7452/hog_idx000035_ea8cdc999e38_seed2000042_L1_M1_standard.npz
Launched SDP PID=3960101, key=n35_rep3_seed2000042
Launching SDP producer key=n35_rep4_seed3000042, n=35, repeat=4, seed=3000042, p=1, iterations=50, retry=0, cache=Results/warm_start_cache/triangleFree_connected_4to8vertices_176instances_AdjacencyList__filehash_279b7452/hog_idx000035_ea8cdc999e38_seed3000042_L1_M1_standard.npz
Launched SDP PID=3960236, key=n35_rep4_seed3000042
Loop status: pending_sdp=1406, running_sdp=5, pending_qaoa=0, running_qaoa=0, total_sdp_rss_mb=20, cache_size_mb=5
SDP producer failed for key=n35_rep1_seed42, exit_code=42
SDP producer failed for key=n35_rep2_seed1000042, exit_code=42
SDP producer failed for key=n35_rep3_seed2000042, exit_code=42
SDP producer failed for key=n35_rep4_seed3000042, exit_code=42
Launching SDP producer key=n35_rep5_seed4000042, n=35, repeat=5, seed=4000042, p=1, iterations=50, retry=0, cache=Results/warm_start_cache/triangleFree_connected_4to8vertices_176instances_AdjacencyList__filehash_279b7452/hog_idx000035_ea8cdc999e38_seed4000042_L1_M1_standard.npz
Launched SDP PID=3962335, key=n35_rep5_seed4000042
Launching SDP producer key=n35_rep6_seed5000042, n=35, repeat=6, seed=5000042, p=1, iterations=50, retry=0, cache=Results/warm_start_cache/triangleFree_connected_4to8vertices_176instances_AdjacencyList__filehash_279b7452/hog_idx000035_ea8cdc999e38_seed5000042_L1_M1_standard.npz
Launched SDP PID=3962404, key=n35_rep6_seed5000042
Launching SDP producer key=n35_rep7_seed6000042, n=35, repeat=7, seed=6000042, p=1, iterations=50, retry=0, cache=Results/warm_start_cache/triangleFree_connected_4to8vertices_176instances_AdjacencyList__filehash_279b7452/hog_idx000035_ea8cdc999e38_seed6000042_L1_M1_standard.npz
Launched SDP PID=3962497, key=n35_rep7_seed6000042
Launching SDP producer key=n35_rep8_seed7000042, n=35, repeat=8, seed=7000042, p=1, iterations=50, retry=0, cache=Results/warm_start_cache/triangleFree_connected_4to8vertices_176instances_AdjacencyList__filehash_279b7452/hog_idx000035_ea8cdc999e38_seed7000042_L1_M1_standard.npz
Launched SDP PID=3962633, key=n35_rep8_seed7000042
Loop status: pending_sdp=1402, running_sdp=5, pending_qaoa=0, running_qaoa=0, total_sdp_rss_mb=20, cache_size_mb=5
SDP producer failed for key=n34_rep10_seed9000042, exit_code=42
SDP producer failed for key=n35_rep5_seed4000042, exit_code=42
SDP producer failed for key=n35_rep6_seed5000042, exit_code=42
SDP producer failed for key=n35_rep7_seed6000042, exit_code=42
SDP producer failed for key=n35_rep8_seed7000042, exit_code=42
Launching SDP producer key=n35_rep9_seed8000042, n=35, repeat=9, seed=8000042, p=1, iterations=50, retry=0, cache=Results/warm_start_cache/triangleFree_connected_4to8vertices_176instances_AdjacencyList__filehash_279b7452/hog_idx000035_ea8cdc999e38_seed8000042_L1_M1_standard.npz
Launched SDP PID=3964674, key=n35_rep9_seed8000042
Launching SDP producer key=n35_rep10_seed9000042, n=35, repeat=10, seed=9000042, p=1, iterations=50, retry=0, cache=Results/warm_start_cache/triangleFree_connected_4to8vertices_176instances_AdjacencyList__filehash_279b7452/hog_idx000035_ea8cdc999e38_seed9000042_L1_M1_standard.npz
Launched SDP PID=3964710, key=n35_rep10_seed9000042
Launching SDP producer key=n36_rep1_seed42, n=36, repeat=1, seed=42, p=1, iterations=50, retry=0, cache=Results/warm_start_cache/triangleFree_connected_4to8vertices_176instances_AdjacencyList__filehash_279b7452/hog_idx000036_de880e1481de_seed42_L1_M1_standard.npz
Launched SDP PID=3964779, key=n36_rep1_seed42
Launching SDP producer key=n36_rep2_seed1000042, n=36, repeat=2, seed=1000042, p=1, iterations=50, retry=0, cache=Results/warm_start_cache/triangleFree_connected_4to8vertices_176instances_AdjacencyList__filehash_279b7452/hog_idx000036_de880e1481de_seed1000042_L1_M1_standard.npz
Launched SDP PID=3964892, key=n36_rep2_seed1000042
Launching SDP producer key=n36_rep3_seed2000042, n=36, repeat=3, seed=2000042, p=1, iterations=50, retry=0, cache=Results/warm_start_cache/triangleFree_connected_4to8vertices_176instances_AdjacencyList__filehash_279b7452/hog_idx000036_de880e1481de_seed2000042_L1_M1_standard.npz
Launched SDP PID=3965013, key=n36_rep3_seed2000042
Loop status: pending_sdp=1397, running_sdp=5, pending_qaoa=0, running_qaoa=0, total_sdp_rss_mb=20, cache_size_mb=5
SDP producer failed for key=n35_rep9_seed8000042, exit_code=42
SDP producer failed for key=n35_rep10_seed9000042, exit_code=42
SDP producer failed for key=n36_rep1_seed42, exit_code=42
SDP producer failed for key=n36_rep2_seed1000042, exit_code=42
SDP producer failed for key=n36_rep3_seed2000042, exit_code=42
Launching SDP producer key=n36_rep4_seed3000042, n=36, repeat=4, seed=3000042, p=1, iterations=50, retry=0, cache=Results/warm_start_cache/triangleFree_connected_4to8vertices_176instances_AdjacencyList__filehash_279b7452/hog_idx000036_de880e1481de_seed3000042_L1_M1_standard.npz
Launched SDP PID=3967090, key=n36_rep4_seed3000042
Launching SDP producer key=n36_rep5_seed4000042, n=36, repeat=5, seed=4000042, p=1, iterations=50, retry=0, cache=Results/warm_start_cache/triangleFree_connected_4to8vertices_176instances_AdjacencyList__filehash_279b7452/hog_idx000036_de880e1481de_seed4000042_L1_M1_standard.npz
Launched SDP PID=3967123, key=n36_rep5_seed4000042
Launching SDP producer key=n36_rep6_seed5000042, n=36, repeat=6, seed=5000042, p=1, iterations=50, retry=0, cache=Results/warm_start_cache/triangleFree_connected_4to8vertices_176instances_AdjacencyList__filehash_279b7452/hog_idx000036_de880e1481de_seed5000042_L1_M1_standard.npz
Launched SDP PID=3967194, key=n36_rep6_seed5000042
Launching SDP producer key=n36_rep7_seed6000042, n=36, repeat=7, seed=6000042, p=1, iterations=50, retry=0, cache=Results/warm_start_cache/triangleFree_connected_4to8vertices_176instances_AdjacencyList__filehash_279b7452/hog_idx000036_de880e1481de_seed6000042_L1_M1_standard.npz
Launched SDP PID=3967300, key=n36_rep7_seed6000042
Launching SDP producer key=n36_rep8_seed7000042, n=36, repeat=8, seed=7000042, p=1, iterations=50, retry=0, cache=Results/warm_start_cache/triangleFree_connected_4to8vertices_176instances_AdjacencyList__filehash_279b7452/hog_idx000036_de880e1481de_seed7000042_L1_M1_standard.npz
Launched SDP PID=3967432, key=n36_rep8_seed7000042
Loop status: pending_sdp=1392, running_sdp=5, pending_qaoa=0, running_qaoa=0, total_sdp_rss_mb=20, cache_size_mb=5
SDP producer failed for key=n36_rep4_seed3000042, exit_code=42
SDP producer failed for key=n36_rep5_seed4000042, exit_code=42
SDP producer failed for key=n36_rep6_seed5000042, exit_code=42
SDP producer failed for key=n36_rep7_seed6000042, exit_code=42
SDP producer failed for key=n36_rep8_seed7000042, exit_code=42
Launching SDP producer key=n36_rep9_seed8000042, n=36, repeat=9, seed=8000042, p=1, iterations=50, retry=0, cache=Results/warm_start_cache/triangleFree_connected_4to8vertices_176instances_AdjacencyList__filehash_279b7452/hog_idx000036_de880e1481de_seed8000042_L1_M1_standard.npz
Launched SDP PID=3969490, key=n36_rep9_seed8000042
Launching SDP producer key=n36_rep10_seed9000042, n=36, repeat=10, seed=9000042, p=1, iterations=50, retry=0, cache=Results/warm_start_cache/triangleFree_connected_4to8vertices_176instances_AdjacencyList__filehash_279b7452/hog_idx000036_de880e1481de_seed9000042_L1_M1_standard.npz
Launched SDP PID=3969523, key=n36_rep10_seed9000042
Launching SDP producer key=n37_rep1_seed42, n=37, repeat=1, seed=42, p=1, iterations=50, retry=0, cache=Results/warm_start_cache/triangleFree_connected_4to8vertices_176instances_AdjacencyList__filehash_279b7452/hog_idx000037_0ad744bc7c80_seed42_L1_M1_standard.npz
Launched SDP PID=3969591, key=n37_rep1_seed42
Launching SDP producer key=n37_rep2_seed1000042, n=37, repeat=2, seed=1000042, p=1, iterations=50, retry=0, cache=Results/warm_start_cache/triangleFree_connected_4to8vertices_176instances_AdjacencyList__filehash_279b7452/hog_idx000037_0ad744bc7c80_seed1000042_L1_M1_standard.npz
Launched SDP PID=3969684, key=n37_rep2_seed1000042
Launching SDP producer key=n37_rep3_seed2000042, n=37, repeat=3, seed=2000042, p=1, iterations=50, retry=0, cache=Results/warm_start_cache/triangleFree_connected_4to8vertices_176instances_AdjacencyList__filehash_279b7452/hog_idx000037_0ad744bc7c80_seed2000042_L1_M1_standard.npz
Launched SDP PID=3969806, key=n37_rep3_seed2000042
Loop status: pending_sdp=1387, running_sdp=5, pending_qaoa=0, running_qaoa=0, total_sdp_rss_mb=20, cache_size_mb=5
SDP producer failed for key=n36_rep9_seed8000042, exit_code=42
SDP producer failed for key=n36_rep10_seed9000042, exit_code=42
SDP producer failed for key=n37_rep1_seed42, exit_code=42
SDP producer failed for key=n37_rep2_seed1000042, exit_code=42
SDP producer failed for key=n37_rep3_seed2000042, exit_code=42
Launching SDP producer key=n37_rep4_seed3000042, n=37, repeat=4, seed=3000042, p=1, iterations=50, retry=0, cache=Results/warm_start_cache/triangleFree_connected_4to8vertices_176instances_AdjacencyList__filehash_279b7452/hog_idx000037_0ad744bc7c80_seed3000042_L1_M1_standard.npz
Launched SDP PID=3971898, key=n37_rep4_seed3000042
Launching SDP producer key=n37_rep5_seed4000042, n=37, repeat=5, seed=4000042, p=1, iterations=50, retry=0, cache=Results/warm_start_cache/triangleFree_connected_4to8vertices_176instances_AdjacencyList__filehash_279b7452/hog_idx000037_0ad744bc7c80_seed4000042_L1_M1_standard.npz
Launched SDP PID=3971942, key=n37_rep5_seed4000042
Launching SDP producer key=n37_rep6_seed5000042, n=37, repeat=6, seed=5000042, p=1, iterations=50, retry=0, cache=Results/warm_start_cache/triangleFree_connected_4to8vertices_176instances_AdjacencyList__filehash_279b7452/hog_idx000037_0ad744bc7c80_seed5000042_L1_M1_standard.npz
Launched SDP PID=3971999, key=n37_rep6_seed5000042
Launching SDP producer key=n37_rep7_seed6000042, n=37, repeat=7, seed=6000042, p=1, iterations=50, retry=0, cache=Results/warm_start_cache/triangleFree_connected_4to8vertices_176instances_AdjacencyList__filehash_279b7452/hog_idx000037_0ad744bc7c80_seed6000042_L1_M1_standard.npz
Launched SDP PID=3972092, key=n37_rep7_seed6000042
Launching SDP producer key=n37_rep8_seed7000042, n=37, repeat=8, seed=7000042, p=1, iterations=50, retry=0, cache=Results/warm_start_cache/triangleFree_connected_4to8vertices_176instances_AdjacencyList__filehash_279b7452/hog_idx000037_0ad744bc7c80_seed7000042_L1_M1_standard.npz
Launched SDP PID=3972231, key=n37_rep8_seed7000042
Loop status: pending_sdp=1382, running_sdp=5, pending_qaoa=0, running_qaoa=0, total_sdp_rss_mb=20, cache_size_mb=5
SDP producer failed for key=n37_rep4_seed3000042, exit_code=42
SDP producer failed for key=n37_rep5_seed4000042, exit_code=42
SDP producer failed for key=n37_rep6_seed5000042, exit_code=42
SDP producer failed for key=n37_rep7_seed6000042, exit_code=42
SDP producer failed for key=n37_rep8_seed7000042, exit_code=42
Launching SDP producer key=n37_rep9_seed8000042, n=37, repeat=9, seed=8000042, p=1, iterations=50, retry=0, cache=Results/warm_start_cache/triangleFree_connected_4to8vertices_176instances_AdjacencyList__filehash_279b7452/hog_idx000037_0ad744bc7c80_seed8000042_L1_M1_standard.npz
Launched SDP PID=3974297, key=n37_rep9_seed8000042
Launching SDP producer key=n37_rep10_seed9000042, n=37, repeat=10, seed=9000042, p=1, iterations=50, retry=0, cache=Results/warm_start_cache/triangleFree_connected_4to8vertices_176instances_AdjacencyList__filehash_279b7452/hog_idx000037_0ad744bc7c80_seed9000042_L1_M1_standard.npz
Launched SDP PID=3974326, key=n37_rep10_seed9000042
Launching SDP producer key=n38_rep1_seed42, n=38, repeat=1, seed=42, p=1, iterations=50, retry=0, cache=Results/warm_start_cache/triangleFree_connected_4to8vertices_176instances_AdjacencyList__filehash_279b7452/hog_idx000038_37a2421990ff_seed42_L1_M1_standard.npz
Launched SDP PID=3974393, key=n38_rep1_seed42
Launching SDP producer key=n38_rep2_seed1000042, n=38, repeat=2, seed=1000042, p=1, iterations=50, retry=0, cache=Results/warm_start_cache/triangleFree_connected_4to8vertices_176instances_AdjacencyList__filehash_279b7452/hog_idx000038_37a2421990ff_seed1000042_L1_M1_standard.npz
Launched SDP PID=3974488, key=n38_rep2_seed1000042
Launching SDP producer key=n38_rep3_seed2000042, n=38, repeat=3, seed=2000042, p=1, iterations=50, retry=0, cache=Results/warm_start_cache/triangleFree_connected_4to8vertices_176instances_AdjacencyList__filehash_279b7452/hog_idx000038_37a2421990ff_seed2000042_L1_M1_standard.npz
Launched SDP PID=3974614, key=n38_rep3_seed2000042
Loop status: pending_sdp=1377, running_sdp=5, pending_qaoa=0, running_qaoa=0, total_sdp_rss_mb=20, cache_size_mb=5
SDP producer failed for key=n37_rep9_seed8000042, exit_code=42
SDP producer failed for key=n37_rep10_seed9000042, exit_code=42
SDP producer failed for key=n38_rep1_seed42, exit_code=42
SDP producer failed for key=n38_rep2_seed1000042, exit_code=42
SDP producer failed for key=n38_rep3_seed2000042, exit_code=42
Launching SDP producer key=n38_rep4_seed3000042, n=38, repeat=4, seed=3000042, p=1, iterations=50, retry=0, cache=Results/warm_start_cache/triangleFree_connected_4to8vertices_176instances_AdjacencyList__filehash_279b7452/hog_idx000038_37a2421990ff_seed3000042_L1_M1_standard.npz
Launched SDP PID=3976689, key=n38_rep4_seed3000042
Launching SDP producer key=n38_rep5_seed4000042, n=38, repeat=5, seed=4000042, p=1, iterations=50, retry=0, cache=Results/warm_start_cache/triangleFree_connected_4to8vertices_176instances_AdjacencyList__filehash_279b7452/hog_idx000038_37a2421990ff_seed4000042_L1_M1_standard.npz
Launched SDP PID=3976722, key=n38_rep5_seed4000042
Launching SDP producer key=n38_rep6_seed5000042, n=38, repeat=6, seed=5000042, p=1, iterations=50, retry=0, cache=Results/warm_start_cache/triangleFree_connected_4to8vertices_176instances_AdjacencyList__filehash_279b7452/hog_idx000038_37a2421990ff_seed5000042_L1_M1_standard.npz
Launched SDP PID=3976791, key=n38_rep6_seed5000042
Launching SDP producer key=n38_rep7_seed6000042, n=38, repeat=7, seed=6000042, p=1, iterations=50, retry=0, cache=Results/warm_start_cache/triangleFree_connected_4to8vertices_176instances_AdjacencyList__filehash_279b7452/hog_idx000038_37a2421990ff_seed6000042_L1_M1_standard.npz
Launched SDP PID=3976884, key=n38_rep7_seed6000042
Launching SDP producer key=n38_rep8_seed7000042, n=38, repeat=8, seed=7000042, p=1, iterations=50, retry=0, cache=Results/warm_start_cache/triangleFree_connected_4to8vertices_176instances_AdjacencyList__filehash_279b7452/hog_idx000038_37a2421990ff_seed7000042_L1_M1_standard.npz
Launched SDP PID=3977017, key=n38_rep8_seed7000042
Loop status: pending_sdp=1372, running_sdp=5, pending_qaoa=0, running_qaoa=0, total_sdp_rss_mb=20, cache_size_mb=5
SDP producer failed for key=n38_rep4_seed3000042, exit_code=42
SDP producer failed for key=n38_rep5_seed4000042, exit_code=42
SDP producer failed for key=n38_rep6_seed5000042, exit_code=42
SDP producer failed for key=n38_rep7_seed6000042, exit_code=42
SDP producer failed for key=n38_rep8_seed7000042, exit_code=42
Launching SDP producer key=n38_rep9_seed8000042, n=38, repeat=9, seed=8000042, p=1, iterations=50, retry=0, cache=Results/warm_start_cache/triangleFree_connected_4to8vertices_176instances_AdjacencyList__filehash_279b7452/hog_idx000038_37a2421990ff_seed8000042_L1_M1_standard.npz
Launched SDP PID=3979081, key=n38_rep9_seed8000042
Launching SDP producer key=n38_rep10_seed9000042, n=38, repeat=10, seed=9000042, p=1, iterations=50, retry=0, cache=Results/warm_start_cache/triangleFree_connected_4to8vertices_176instances_AdjacencyList__filehash_279b7452/hog_idx000038_37a2421990ff_seed9000042_L1_M1_standard.npz
Launched SDP PID=3979117, key=n38_rep10_seed9000042
Launching SDP producer key=n39_rep1_seed42, n=39, repeat=1, seed=42, p=1, iterations=50, retry=0, cache=Results/warm_start_cache/triangleFree_connected_4to8vertices_176instances_AdjacencyList__filehash_279b7452/hog_idx000039_dc87f49064c8_seed42_L1_M1_standard.npz
Launched SDP PID=3979192, key=n39_rep1_seed42
Launching SDP producer key=n39_rep2_seed1000042, n=39, repeat=2, seed=1000042, p=1, iterations=50, retry=0, cache=Results/warm_start_cache/triangleFree_connected_4to8vertices_176instances_AdjacencyList__filehash_279b7452/hog_idx000039_dc87f49064c8_seed1000042_L1_M1_standard.npz
Launched SDP PID=3979285, key=n39_rep2_seed1000042
Launching SDP producer key=n39_rep3_seed2000042, n=39, repeat=3, seed=2000042, p=1, iterations=50, retry=0, cache=Results/warm_start_cache/triangleFree_connected_4to8vertices_176instances_AdjacencyList__filehash_279b7452/hog_idx000039_dc87f49064c8_seed2000042_L1_M1_standard.npz
Launched SDP PID=3979423, key=n39_rep3_seed2000042
Loop status: pending_sdp=1367, running_sdp=5, pending_qaoa=0, running_qaoa=0, total_sdp_rss_mb=20, cache_size_mb=5
SDP producer failed for key=n38_rep9_seed8000042, exit_code=42
SDP producer failed for key=n38_rep10_seed9000042, exit_code=42
SDP producer failed for key=n39_rep1_seed42, exit_code=42
SDP producer failed for key=n39_rep2_seed1000042, exit_code=42
SDP producer failed for key=n39_rep3_seed2000042, exit_code=42
Launching SDP producer key=n39_rep4_seed3000042, n=39, repeat=4, seed=3000042, p=1, iterations=50, retry=0, cache=Results/warm_start_cache/triangleFree_connected_4to8vertices_176instances_AdjacencyList__filehash_279b7452/hog_idx000039_dc87f49064c8_seed3000042_L1_M1_standard.npz
Launched SDP PID=3981481, key=n39_rep4_seed3000042
Launching SDP producer key=n39_rep5_seed4000042, n=39, repeat=5, seed=4000042, p=1, iterations=50, retry=0, cache=Results/warm_start_cache/triangleFree_connected_4to8vertices_176instances_AdjacencyList__filehash_279b7452/hog_idx000039_dc87f49064c8_seed4000042_L1_M1_standard.npz
Launched SDP PID=3981525, key=n39_rep5_seed4000042
Launching SDP producer key=n39_rep6_seed5000042, n=39, repeat=6, seed=5000042, p=1, iterations=50, retry=0, cache=Results/warm_start_cache/triangleFree_connected_4to8vertices_176instances_AdjacencyList__filehash_279b7452/hog_idx000039_dc87f49064c8_seed5000042_L1_M1_standard.npz
Launched SDP PID=3981592, key=n39_rep6_seed5000042
Launching SDP producer key=n39_rep7_seed6000042, n=39, repeat=7, seed=6000042, p=1, iterations=50, retry=0, cache=Results/warm_start_cache/triangleFree_connected_4to8vertices_176instances_AdjacencyList__filehash_279b7452/hog_idx000039_dc87f49064c8_seed6000042_L1_M1_standard.npz
Launched SDP PID=3981687, key=n39_rep7_seed6000042
Launching SDP producer key=n39_rep8_seed7000042, n=39, repeat=8, seed=7000042, p=1, iterations=50, retry=0, cache=Results/warm_start_cache/triangleFree_connected_4to8vertices_176instances_AdjacencyList__filehash_279b7452/hog_idx000039_dc87f49064c8_seed7000042_L1_M1_standard.npz
Launched SDP PID=3981809, key=n39_rep8_seed7000042
Loop status: pending_sdp=1362, running_sdp=5, pending_qaoa=0, running_qaoa=0, total_sdp_rss_mb=20, cache_size_mb=5
SDP producer failed for key=n39_rep4_seed3000042, exit_code=42
SDP producer failed for key=n39_rep5_seed4000042, exit_code=42
SDP producer failed for key=n39_rep6_seed5000042, exit_code=42
SDP producer failed for key=n39_rep7_seed6000042, exit_code=42
SDP producer failed for key=n39_rep8_seed7000042, exit_code=42
Launching SDP producer key=n39_rep9_seed8000042, n=39, repeat=9, seed=8000042, p=1, iterations=50, retry=0, cache=Results/warm_start_cache/triangleFree_connected_4to8vertices_176instances_AdjacencyList__filehash_279b7452/hog_idx000039_dc87f49064c8_seed8000042_L1_M1_standard.npz
Launched SDP PID=3983881, key=n39_rep9_seed8000042
Launching SDP producer key=n39_rep10_seed9000042, n=39, repeat=10, seed=9000042, p=1, iterations=50, retry=0, cache=Results/warm_start_cache/triangleFree_connected_4to8vertices_176instances_AdjacencyList__filehash_279b7452/hog_idx000039_dc87f49064c8_seed9000042_L1_M1_standard.npz
Launched SDP PID=3983922, key=n39_rep10_seed9000042
Launching SDP producer key=n40_rep1_seed42, n=40, repeat=1, seed=42, p=1, iterations=50, retry=0, cache=Results/warm_start_cache/triangleFree_connected_4to8vertices_176instances_AdjacencyList__filehash_279b7452/hog_idx000040_8f3d1be6e598_seed42_L1_M1_standard.npz
Launched SDP PID=3983988, key=n40_rep1_seed42
Launching SDP producer key=n40_rep2_seed1000042, n=40, repeat=2, seed=1000042, p=1, iterations=50, retry=0, cache=Results/warm_start_cache/triangleFree_connected_4to8vertices_176instances_AdjacencyList__filehash_279b7452/hog_idx000040_8f3d1be6e598_seed1000042_L1_M1_standard.npz
Launched SDP PID=3984085, key=n40_rep2_seed1000042
Launching SDP producer key=n40_rep3_seed2000042, n=40, repeat=3, seed=2000042, p=1, iterations=50, retry=0, cache=Results/warm_start_cache/triangleFree_connected_4to8vertices_176instances_AdjacencyList__filehash_279b7452/hog_idx000040_8f3d1be6e598_seed2000042_L1_M1_standard.npz
Launched SDP PID=3984202, key=n40_rep3_seed2000042
Loop status: pending_sdp=1357, running_sdp=5, pending_qaoa=0, running_qaoa=0, total_sdp_rss_mb=20, cache_size_mb=5
SDP producer failed for key=n39_rep9_seed8000042, exit_code=42
SDP producer failed for key=n39_rep10_seed9000042, exit_code=42
SDP producer failed for key=n40_rep1_seed42, exit_code=42
SDP producer failed for key=n40_rep2_seed1000042, exit_code=42
SDP producer failed for key=n40_rep3_seed2000042, exit_code=42
Launching SDP producer key=n40_rep4_seed3000042, n=40, repeat=4, seed=3000042, p=1, iterations=50, retry=0, cache=Results/warm_start_cache/triangleFree_connected_4to8vertices_176instances_AdjacencyList__filehash_279b7452/hog_idx000040_8f3d1be6e598_seed3000042_L1_M1_standard.npz
Launched SDP PID=3986286, key=n40_rep4_seed3000042
Launching SDP producer key=n40_rep5_seed4000042, n=40, repeat=5, seed=4000042, p=1, iterations=50, retry=0, cache=Results/warm_start_cache/triangleFree_connected_4to8vertices_176instances_AdjacencyList__filehash_279b7452/hog_idx000040_8f3d1be6e598_seed4000042_L1_M1_standard.npz
Launched SDP PID=3986319, key=n40_rep5_seed4000042
Launching SDP producer key=n40_rep6_seed5000042, n=40, repeat=6, seed=5000042, p=1, iterations=50, retry=0, cache=Results/warm_start_cache/triangleFree_connected_4to8vertices_176instances_AdjacencyList__filehash_279b7452/hog_idx000040_8f3d1be6e598_seed5000042_L1_M1_standard.npz
Launched SDP PID=3986388, key=n40_rep6_seed5000042
Launching SDP producer key=n40_rep7_seed6000042, n=40, repeat=7, seed=6000042, p=1, iterations=50, retry=0, cache=Results/warm_start_cache/triangleFree_connected_4to8vertices_176instances_AdjacencyList__filehash_279b7452/hog_idx000040_8f3d1be6e598_seed6000042_L1_M1_standard.npz
Launched SDP PID=3986477, key=n40_rep7_seed6000042
Launching SDP producer key=n40_rep8_seed7000042, n=40, repeat=8, seed=7000042, p=1, iterations=50, retry=0, cache=Results/warm_start_cache/triangleFree_connected_4to8vertices_176instances_AdjacencyList__filehash_279b7452/hog_idx000040_8f3d1be6e598_seed7000042_L1_M1_standard.npz
Launched SDP PID=3986598, key=n40_rep8_seed7000042
Loop status: pending_sdp=1352, running_sdp=5, pending_qaoa=0, running_qaoa=0, total_sdp_rss_mb=20, cache_size_mb=5
SDP producer failed for key=n40_rep4_seed3000042, exit_code=42
SDP producer failed for key=n40_rep5_seed4000042, exit_code=42
SDP producer failed for key=n40_rep6_seed5000042, exit_code=42
SDP producer failed for key=n40_rep7_seed6000042, exit_code=42
SDP producer failed for key=n40_rep8_seed7000042, exit_code=42
Launching SDP producer key=n40_rep9_seed8000042, n=40, repeat=9, seed=8000042, p=1, iterations=50, retry=0, cache=Results/warm_start_cache/triangleFree_connected_4to8vertices_176instances_AdjacencyList__filehash_279b7452/hog_idx000040_8f3d1be6e598_seed8000042_L1_M1_standard.npz
Launched SDP PID=3988607, key=n40_rep9_seed8000042
Launching SDP producer key=n40_rep10_seed9000042, n=40, repeat=10, seed=9000042, p=1, iterations=50, retry=0, cache=Results/warm_start_cache/triangleFree_connected_4to8vertices_176instances_AdjacencyList__filehash_279b7452/hog_idx000040_8f3d1be6e598_seed9000042_L1_M1_standard.npz
Launched SDP PID=3988648, key=n40_rep10_seed9000042
Launching SDP producer key=n41_rep1_seed42, n=41, repeat=1, seed=42, p=1, iterations=50, retry=0, cache=Results/warm_start_cache/triangleFree_connected_4to8vertices_176instances_AdjacencyList__filehash_279b7452/hog_idx000041_8e2795db501b_seed42_L1_M1_standard.npz
Launched SDP PID=3988717, key=n41_rep1_seed42
Launching SDP producer key=n41_rep2_seed1000042, n=41, repeat=2, seed=1000042, p=1, iterations=50, retry=0, cache=Results/warm_start_cache/triangleFree_connected_4to8vertices_176instances_AdjacencyList__filehash_279b7452/hog_idx000041_8e2795db501b_seed1000042_L1_M1_standard.npz
Launched SDP PID=3988810, key=n41_rep2_seed1000042
Launching SDP producer key=n41_rep3_seed2000042, n=41, repeat=3, seed=2000042, p=1, iterations=50, retry=0, cache=Results/warm_start_cache/triangleFree_connected_4to8vertices_176instances_AdjacencyList__filehash_279b7452/hog_idx000041_8e2795db501b_seed2000042_L1_M1_standard.npz
Launched SDP PID=3988927, key=n41_rep3_seed2000042
Loop status: pending_sdp=1347, running_sdp=5, pending_qaoa=0, running_qaoa=0, total_sdp_rss_mb=20, cache_size_mb=5
SDP producer failed for key=n40_rep9_seed8000042, exit_code=42
SDP producer failed for key=n40_rep10_seed9000042, exit_code=42
SDP producer failed for key=n41_rep2_seed1000042, exit_code=42
SDP producer failed for key=n41_rep3_seed2000042, exit_code=42
Launching SDP producer key=n41_rep4_seed3000042, n=41, repeat=4, seed=3000042, p=1, iterations=50, retry=0, cache=Results/warm_start_cache/triangleFree_connected_4to8vertices_176instances_AdjacencyList__filehash_279b7452/hog_idx000041_8e2795db501b_seed3000042_L1_M1_standard.npz
Launched SDP PID=3990992, key=n41_rep4_seed3000042
Launching SDP producer key=n41_rep5_seed4000042, n=41, repeat=5, seed=4000042, p=1, iterations=50, retry=0, cache=Results/warm_start_cache/triangleFree_connected_4to8vertices_176instances_AdjacencyList__filehash_279b7452/hog_idx000041_8e2795db501b_seed4000042_L1_M1_standard.npz
Launched SDP PID=3991051, key=n41_rep5_seed4000042
Launching SDP producer key=n41_rep6_seed5000042, n=41, repeat=6, seed=5000042, p=1, iterations=50, retry=0, cache=Results/warm_start_cache/triangleFree_connected_4to8vertices_176instances_AdjacencyList__filehash_279b7452/hog_idx000041_8e2795db501b_seed5000042_L1_M1_standard.npz
Launched SDP PID=3991128, key=n41_rep6_seed5000042
Launching SDP producer key=n41_rep7_seed6000042, n=41, repeat=7, seed=6000042, p=1, iterations=50, retry=0, cache=Results/warm_start_cache/triangleFree_connected_4to8vertices_176instances_AdjacencyList__filehash_279b7452/hog_idx000041_8e2795db501b_seed6000042_L1_M1_standard.npz
Launched SDP PID=3991216, key=n41_rep7_seed6000042
SDP producer failed for key=n41_rep1_seed42, exit_code=42
Launching SDP producer key=n41_rep8_seed7000042, n=41, repeat=8, seed=7000042, p=1, iterations=50, retry=0, cache=Results/warm_start_cache/triangleFree_connected_4to8vertices_176instances_AdjacencyList__filehash_279b7452/hog_idx000041_8e2795db501b_seed7000042_L1_M1_standard.npz
Launched SDP PID=3991303, key=n41_rep8_seed7000042
Loop status: pending_sdp=1342, running_sdp=5, pending_qaoa=0, running_qaoa=0, total_sdp_rss_mb=20, cache_size_mb=5
SDP producer failed for key=n41_rep4_seed3000042, exit_code=42
SDP producer failed for key=n41_rep5_seed4000042, exit_code=42
SDP producer failed for key=n41_rep6_seed5000042, exit_code=42
SDP producer failed for key=n41_rep7_seed6000042, exit_code=42
SDP producer failed for key=n41_rep8_seed7000042, exit_code=42
Launching SDP producer key=n41_rep9_seed8000042, n=41, repeat=9, seed=8000042, p=1, iterations=50, retry=0, cache=Results/warm_start_cache/triangleFree_connected_4to8vertices_176instances_AdjacencyList__filehash_279b7452/hog_idx000041_8e2795db501b_seed8000042_L1_M1_standard.npz
Launched SDP PID=4000414, key=n41_rep9_seed8000042
Launching SDP producer key=n41_rep10_seed9000042, n=41, repeat=10, seed=9000042, p=1, iterations=50, retry=0, cache=Results/warm_start_cache/triangleFree_connected_4to8vertices_176instances_AdjacencyList__filehash_279b7452/hog_idx000041_8e2795db501b_seed9000042_L1_M1_standard.npz
Launched SDP PID=4000578, key=n41_rep10_seed9000042
Launching SDP producer key=n42_rep1_seed42, n=42, repeat=1, seed=42, p=1, iterations=50, retry=0, cache=Results/warm_start_cache/triangleFree_connected_4to8vertices_176instances_AdjacencyList__filehash_279b7452/hog_idx000042_4bbbbca361d2_seed42_L1_M1_standard.npz
Launched SDP PID=4000889, key=n42_rep1_seed42
Launching SDP producer key=n42_rep2_seed1000042, n=42, repeat=2, seed=1000042, p=1, iterations=50, retry=0, cache=Results/warm_start_cache/triangleFree_connected_4to8vertices_176instances_AdjacencyList__filehash_279b7452/hog_idx000042_4bbbbca361d2_seed1000042_L1_M1_standard.npz
Launched SDP PID=4001375, key=n42_rep2_seed1000042
Launching SDP producer key=n42_rep3_seed2000042, n=42, repeat=3, seed=2000042, p=1, iterations=50, retry=0, cache=Results/warm_start_cache/triangleFree_connected_4to8vertices_176instances_AdjacencyList__filehash_279b7452/hog_idx000042_4bbbbca361d2_seed2000042_L1_M1_standard.npz
Launched SDP PID=4001930, key=n42_rep3_seed2000042
Loop status: pending_sdp=1337, running_sdp=5, pending_qaoa=0, running_qaoa=0, total_sdp_rss_mb=20, cache_size_mb=5
SDP producer failed for key=n41_rep9_seed8000042, exit_code=42
SDP producer failed for key=n41_rep10_seed9000042, exit_code=42
SDP producer failed for key=n42_rep1_seed42, exit_code=42
SDP producer failed for key=n42_rep2_seed1000042, exit_code=42
SDP producer failed for key=n42_rep3_seed2000042, exit_code=42
Launching SDP producer key=n42_rep4_seed3000042, n=42, repeat=4, seed=3000042, p=1, iterations=50, retry=0, cache=Results/warm_start_cache/triangleFree_connected_4to8vertices_176instances_AdjacencyList__filehash_279b7452/hog_idx000042_4bbbbca361d2_seed3000042_L1_M1_standard.npz
Launched SDP PID=4012288, key=n42_rep4_seed3000042
Launching SDP producer key=n42_rep5_seed4000042, n=42, repeat=5, seed=4000042, p=1, iterations=50, retry=0, cache=Results/warm_start_cache/triangleFree_connected_4to8vertices_176instances_AdjacencyList__filehash_279b7452/hog_idx000042_4bbbbca361d2_seed4000042_L1_M1_standard.npz
Launched SDP PID=4012438, key=n42_rep5_seed4000042
Launching SDP producer key=n42_rep6_seed5000042, n=42, repeat=6, seed=5000042, p=1, iterations=50, retry=0, cache=Results/warm_start_cache/triangleFree_connected_4to8vertices_176instances_AdjacencyList__filehash_279b7452/hog_idx000042_4bbbbca361d2_seed5000042_L1_M1_standard.npz
Launched SDP PID=4012728, key=n42_rep6_seed5000042
Launching SDP producer key=n42_rep7_seed6000042, n=42, repeat=7, seed=6000042, p=1, iterations=50, retry=0, cache=Results/warm_start_cache/triangleFree_connected_4to8vertices_176instances_AdjacencyList__filehash_279b7452/hog_idx000042_4bbbbca361d2_seed6000042_L1_M1_standard.npz
Launched SDP PID=4013051, key=n42_rep7_seed6000042
Launching SDP producer key=n42_rep8_seed7000042, n=42, repeat=8, seed=7000042, p=1, iterations=50, retry=0, cache=Results/warm_start_cache/triangleFree_connected_4to8vertices_176instances_AdjacencyList__filehash_279b7452/hog_idx000042_4bbbbca361d2_seed7000042_L1_M1_standard.npz
Launched SDP PID=4013567, key=n42_rep8_seed7000042
Loop status: pending_sdp=1332, running_sdp=5, pending_qaoa=0, running_qaoa=0, total_sdp_rss_mb=20, cache_size_mb=5
SDP producer failed for key=n42_rep4_seed3000042, exit_code=42
SDP producer failed for key=n42_rep5_seed4000042, exit_code=42
SDP producer failed for key=n42_rep6_seed5000042, exit_code=42
SDP producer failed for key=n42_rep7_seed6000042, exit_code=42
SDP producer failed for key=n42_rep8_seed7000042, exit_code=42
Launching SDP producer key=n42_rep9_seed8000042, n=42, repeat=9, seed=8000042, p=1, iterations=50, retry=0, cache=Results/warm_start_cache/triangleFree_connected_4to8vertices_176instances_AdjacencyList__filehash_279b7452/hog_idx000042_4bbbbca361d2_seed8000042_L1_M1_standard.npz
Launched SDP PID=4023748, key=n42_rep9_seed8000042
Launching SDP producer key=n42_rep10_seed9000042, n=42, repeat=10, seed=9000042, p=1, iterations=50, retry=0, cache=Results/warm_start_cache/triangleFree_connected_4to8vertices_176instances_AdjacencyList__filehash_279b7452/hog_idx000042_4bbbbca361d2_seed9000042_L1_M1_standard.npz
Launched SDP PID=4023868, key=n42_rep10_seed9000042
Launching SDP producer key=n43_rep1_seed42, n=43, repeat=1, seed=42, p=1, iterations=50, retry=0, cache=Results/warm_start_cache/triangleFree_connected_4to8vertices_176instances_AdjacencyList__filehash_279b7452/hog_idx000043_cf7d89a5f488_seed42_L1_M1_standard.npz
Launched SDP PID=4024109, key=n43_rep1_seed42
Launching SDP producer key=n43_rep2_seed1000042, n=43, repeat=2, seed=1000042, p=1, iterations=50, retry=0, cache=Results/warm_start_cache/triangleFree_connected_4to8vertices_176instances_AdjacencyList__filehash_279b7452/hog_idx000043_cf7d89a5f488_seed1000042_L1_M1_standard.npz
Launched SDP PID=4024533, key=n43_rep2_seed1000042
Launching SDP producer key=n43_rep3_seed2000042, n=43, repeat=3, seed=2000042, p=1, iterations=50, retry=0, cache=Results/warm_start_cache/triangleFree_connected_4to8vertices_176instances_AdjacencyList__filehash_279b7452/hog_idx000043_cf7d89a5f488_seed2000042_L1_M1_standard.npz
Launched SDP PID=4025012, key=n43_rep3_seed2000042
Loop status: pending_sdp=1327, running_sdp=5, pending_qaoa=0, running_qaoa=0, total_sdp_rss_mb=20, cache_size_mb=5
SDP producer failed for key=n42_rep9_seed8000042, exit_code=42
SDP producer failed for key=n42_rep10_seed9000042, exit_code=42
SDP producer failed for key=n43_rep1_seed42, exit_code=42
SDP producer failed for key=n43_rep2_seed1000042, exit_code=42
SDP producer failed for key=n43_rep3_seed2000042, exit_code=42
Launching SDP producer key=n43_rep4_seed3000042, n=43, repeat=4, seed=3000042, p=1, iterations=50, retry=0, cache=Results/warm_start_cache/triangleFree_connected_4to8vertices_176instances_AdjacencyList__filehash_279b7452/hog_idx000043_cf7d89a5f488_seed3000042_L1_M1_standard.npz
Launched SDP PID=4035034, key=n43_rep4_seed3000042
Launching SDP producer key=n43_rep5_seed4000042, n=43, repeat=5, seed=4000042, p=1, iterations=50, retry=0, cache=Results/warm_start_cache/triangleFree_connected_4to8vertices_176instances_AdjacencyList__filehash_279b7452/hog_idx000043_cf7d89a5f488_seed4000042_L1_M1_standard.npz
Launched SDP PID=4035194, key=n43_rep5_seed4000042
Launching SDP producer key=n43_rep6_seed5000042, n=43, repeat=6, seed=5000042, p=1, iterations=50, retry=0, cache=Results/warm_start_cache/triangleFree_connected_4to8vertices_176instances_AdjacencyList__filehash_279b7452/hog_idx000043_cf7d89a5f488_seed5000042_L1_M1_standard.npz
Launched SDP PID=4035496, key=n43_rep6_seed5000042
Launching SDP producer key=n43_rep7_seed6000042, n=43, repeat=7, seed=6000042, p=1, iterations=50, retry=0, cache=Results/warm_start_cache/triangleFree_connected_4to8vertices_176instances_AdjacencyList__filehash_279b7452/hog_idx000043_cf7d89a5f488_seed6000042_L1_M1_standard.npz
Launched SDP PID=4035897, key=n43_rep7_seed6000042
Launching SDP producer key=n43_rep8_seed7000042, n=43, repeat=8, seed=7000042, p=1, iterations=50, retry=0, cache=Results/warm_start_cache/triangleFree_connected_4to8vertices_176instances_AdjacencyList__filehash_279b7452/hog_idx000043_cf7d89a5f488_seed7000042_L1_M1_standard.npz
Launched SDP PID=4036475, key=n43_rep8_seed7000042
Loop status: pending_sdp=1322, running_sdp=5, pending_qaoa=0, running_qaoa=0, total_sdp_rss_mb=20, cache_size_mb=5
SDP producer failed for key=n43_rep4_seed3000042, exit_code=42
SDP producer failed for key=n43_rep5_seed4000042, exit_code=42
SDP producer failed for key=n43_rep6_seed5000042, exit_code=42
SDP producer failed for key=n43_rep7_seed6000042, exit_code=42
SDP producer failed for key=n43_rep8_seed7000042, exit_code=42
Launching SDP producer key=n43_rep9_seed8000042, n=43, repeat=9, seed=8000042, p=1, iterations=50, retry=0, cache=Results/warm_start_cache/triangleFree_connected_4to8vertices_176instances_AdjacencyList__filehash_279b7452/hog_idx000043_cf7d89a5f488_seed8000042_L1_M1_standard.npz
Launched SDP PID=4046617, key=n43_rep9_seed8000042
Launching SDP producer key=n43_rep10_seed9000042, n=43, repeat=10, seed=9000042, p=1, iterations=50, retry=0, cache=Results/warm_start_cache/triangleFree_connected_4to8vertices_176instances_AdjacencyList__filehash_279b7452/hog_idx000043_cf7d89a5f488_seed9000042_L1_M1_standard.npz
Launched SDP PID=4046759, key=n43_rep10_seed9000042
Launching SDP producer key=n44_rep1_seed42, n=44, repeat=1, seed=42, p=1, iterations=50, retry=0, cache=Results/warm_start_cache/triangleFree_connected_4to8vertices_176instances_AdjacencyList__filehash_279b7452/hog_idx000044_f92039f143ab_seed42_L1_M1_standard.npz
Launched SDP PID=4047055, key=n44_rep1_seed42
Launching SDP producer key=n44_rep2_seed1000042, n=44, repeat=2, seed=1000042, p=1, iterations=50, retry=0, cache=Results/warm_start_cache/triangleFree_connected_4to8vertices_176instances_AdjacencyList__filehash_279b7452/hog_idx000044_f92039f143ab_seed1000042_L1_M1_standard.npz
Launched SDP PID=4047461, key=n44_rep2_seed1000042
Launching SDP producer key=n44_rep3_seed2000042, n=44, repeat=3, seed=2000042, p=1, iterations=50, retry=0, cache=Results/warm_start_cache/triangleFree_connected_4to8vertices_176instances_AdjacencyList__filehash_279b7452/hog_idx000044_f92039f143ab_seed2000042_L1_M1_standard.npz
Launched SDP PID=4048025, key=n44_rep3_seed2000042
Loop status: pending_sdp=1317, running_sdp=5, pending_qaoa=0, running_qaoa=0, total_sdp_rss_mb=20, cache_size_mb=5
SDP producer failed for key=n43_rep9_seed8000042, exit_code=42
SDP producer failed for key=n43_rep10_seed9000042, exit_code=42
SDP producer failed for key=n44_rep1_seed42, exit_code=42
SDP producer failed for key=n44_rep2_seed1000042, exit_code=42
SDP producer failed for key=n44_rep3_seed2000042, exit_code=42
Launching SDP producer key=n44_rep4_seed3000042, n=44, repeat=4, seed=3000042, p=1, iterations=50, retry=0, cache=Results/warm_start_cache/triangleFree_connected_4to8vertices_176instances_AdjacencyList__filehash_279b7452/hog_idx000044_f92039f143ab_seed3000042_L1_M1_standard.npz
Launched SDP PID=4058536, key=n44_rep4_seed3000042
Launching SDP producer key=n44_rep5_seed4000042, n=44, repeat=5, seed=4000042, p=1, iterations=50, retry=0, cache=Results/warm_start_cache/triangleFree_connected_4to8vertices_176instances_AdjacencyList__filehash_279b7452/hog_idx000044_f92039f143ab_seed4000042_L1_M1_standard.npz
Launched SDP PID=4058677, key=n44_rep5_seed4000042
Launching SDP producer key=n44_rep6_seed5000042, n=44, repeat=6, seed=5000042, p=1, iterations=50, retry=0, cache=Results/warm_start_cache/triangleFree_connected_4to8vertices_176instances_AdjacencyList__filehash_279b7452/hog_idx000044_f92039f143ab_seed5000042_L1_M1_standard.npz
Launched SDP PID=4058927, key=n44_rep6_seed5000042
Launching SDP producer key=n44_rep7_seed6000042, n=44, repeat=7, seed=6000042, p=1, iterations=50, retry=0, cache=Results/warm_start_cache/triangleFree_connected_4to8vertices_176instances_AdjacencyList__filehash_279b7452/hog_idx000044_f92039f143ab_seed6000042_L1_M1_standard.npz
Launched SDP PID=4059306, key=n44_rep7_seed6000042
Launching SDP producer key=n44_rep8_seed7000042, n=44, repeat=8, seed=7000042, p=1, iterations=50, retry=0, cache=Results/warm_start_cache/triangleFree_connected_4to8vertices_176instances_AdjacencyList__filehash_279b7452/hog_idx000044_f92039f143ab_seed7000042_L1_M1_standard.npz
Launched SDP PID=4059819, key=n44_rep8_seed7000042
Loop status: pending_sdp=1312, running_sdp=5, pending_qaoa=0, running_qaoa=0, total_sdp_rss_mb=20, cache_size_mb=5
SDP producer failed for key=n44_rep4_seed3000042, exit_code=42
SDP producer failed for key=n44_rep5_seed4000042, exit_code=42
SDP producer failed for key=n44_rep6_seed5000042, exit_code=42
SDP producer failed for key=n44_rep7_seed6000042, exit_code=42
SDP producer failed for key=n44_rep8_seed7000042, exit_code=42
Launching SDP producer key=n44_rep9_seed8000042, n=44, repeat=9, seed=8000042, p=1, iterations=50, retry=0, cache=Results/warm_start_cache/triangleFree_connected_4to8vertices_176instances_AdjacencyList__filehash_279b7452/hog_idx000044_f92039f143ab_seed8000042_L1_M1_standard.npz
Launched SDP PID=4065484, key=n44_rep9_seed8000042
Launching SDP producer key=n44_rep10_seed9000042, n=44, repeat=10, seed=9000042, p=1, iterations=50, retry=0, cache=Results/warm_start_cache/triangleFree_connected_4to8vertices_176instances_AdjacencyList__filehash_279b7452/hog_idx000044_f92039f143ab_seed9000042_L1_M1_standard.npz
Launched SDP PID=4065497, key=n44_rep10_seed9000042
Launching SDP producer key=n45_rep1_seed42, n=45, repeat=1, seed=42, p=1, iterations=50, retry=0, cache=Results/warm_start_cache/triangleFree_connected_4to8vertices_176instances_AdjacencyList__filehash_279b7452/hog_idx000045_e3f2dc2813e8_seed42_L1_M1_standard.npz
Launched SDP PID=4065518, key=n45_rep1_seed42
Launching SDP producer key=n45_rep2_seed1000042, n=45, repeat=2, seed=1000042, p=1, iterations=50, retry=0, cache=Results/warm_start_cache/triangleFree_connected_4to8vertices_176instances_AdjacencyList__filehash_279b7452/hog_idx000045_e3f2dc2813e8_seed1000042_L1_M1_standard.npz
Launched SDP PID=4065547, key=n45_rep2_seed1000042
Launching SDP producer key=n45_rep3_seed2000042, n=45, repeat=3, seed=2000042, p=1, iterations=50, retry=0, cache=Results/warm_start_cache/triangleFree_connected_4to8vertices_176instances_AdjacencyList__filehash_279b7452/hog_idx000045_e3f2dc2813e8_seed2000042_L1_M1_standard.npz
Launched SDP PID=4065585, key=n45_rep3_seed2000042
Loop status: pending_sdp=1307, running_sdp=5, pending_qaoa=0, running_qaoa=0, total_sdp_rss_mb=20, cache_size_mb=5
SDP producer failed for key=n44_rep9_seed8000042, exit_code=42
SDP producer failed for key=n44_rep10_seed9000042, exit_code=42
SDP producer failed for key=n45_rep1_seed42, exit_code=42
SDP producer failed for key=n45_rep2_seed1000042, exit_code=42
SDP producer failed for key=n45_rep3_seed2000042, exit_code=42
Launching SDP producer key=n45_rep4_seed3000042, n=45, repeat=4, seed=3000042, p=1, iterations=50, retry=0, cache=Results/warm_start_cache/triangleFree_connected_4to8vertices_176instances_AdjacencyList__filehash_279b7452/hog_idx000045_e3f2dc2813e8_seed3000042_L1_M1_standard.npz
Launched SDP PID=4073429, key=n45_rep4_seed3000042
Launching SDP producer key=n45_rep5_seed4000042, n=45, repeat=5, seed=4000042, p=1, iterations=50, retry=0, cache=Results/warm_start_cache/triangleFree_connected_4to8vertices_176instances_AdjacencyList__filehash_279b7452/hog_idx000045_e3f2dc2813e8_seed4000042_L1_M1_standard.npz
Launched SDP PID=4073559, key=n45_rep5_seed4000042
Launching SDP producer key=n45_rep6_seed5000042, n=45, repeat=6, seed=5000042, p=1, iterations=50, retry=0, cache=Results/warm_start_cache/triangleFree_connected_4to8vertices_176instances_AdjacencyList__filehash_279b7452/hog_idx000045_e3f2dc2813e8_seed5000042_L1_M1_standard.npz
Launched SDP PID=4073840, key=n45_rep6_seed5000042
Launching SDP producer key=n45_rep7_seed6000042, n=45, repeat=7, seed=6000042, p=1, iterations=50, retry=0, cache=Results/warm_start_cache/triangleFree_connected_4to8vertices_176instances_AdjacencyList__filehash_279b7452/hog_idx000045_e3f2dc2813e8_seed6000042_L1_M1_standard.npz
Launched SDP PID=4074282, key=n45_rep7_seed6000042
Launching SDP producer key=n45_rep8_seed7000042, n=45, repeat=8, seed=7000042, p=1, iterations=50, retry=0, cache=Results/warm_start_cache/triangleFree_connected_4to8vertices_176instances_AdjacencyList__filehash_279b7452/hog_idx000045_e3f2dc2813e8_seed7000042_L1_M1_standard.npz
Launched SDP PID=4074898, key=n45_rep8_seed7000042
Loop status: pending_sdp=1302, running_sdp=5, pending_qaoa=0, running_qaoa=0, total_sdp_rss_mb=20, cache_size_mb=5
SDP producer failed for key=n45_rep4_seed3000042, exit_code=42
SDP producer failed for key=n45_rep5_seed4000042, exit_code=42
SDP producer failed for key=n45_rep6_seed5000042, exit_code=42
SDP producer failed for key=n45_rep7_seed6000042, exit_code=42
SDP producer failed for key=n45_rep8_seed7000042, exit_code=42
Launching SDP producer key=n45_rep9_seed8000042, n=45, repeat=9, seed=8000042, p=1, iterations=50, retry=0, cache=Results/warm_start_cache/triangleFree_connected_4to8vertices_176instances_AdjacencyList__filehash_279b7452/hog_idx000045_e3f2dc2813e8_seed8000042_L1_M1_standard.npz
Launched SDP PID=4086530, key=n45_rep9_seed8000042
Launching SDP producer key=n45_rep10_seed9000042, n=45, repeat=10, seed=9000042, p=1, iterations=50, retry=0, cache=Results/warm_start_cache/triangleFree_connected_4to8vertices_176instances_AdjacencyList__filehash_279b7452/hog_idx000045_e3f2dc2813e8_seed9000042_L1_M1_standard.npz
Launched SDP PID=4086695, key=n45_rep10_seed9000042
Launching SDP producer key=n46_rep1_seed42, n=46, repeat=1, seed=42, p=1, iterations=50, retry=0, cache=Results/warm_start_cache/triangleFree_connected_4to8vertices_176instances_AdjacencyList__filehash_279b7452/hog_idx000046_68b5a5d27dfc_seed42_L1_M1_standard.npz
Launched SDP PID=4087017, key=n46_rep1_seed42
Launching SDP producer key=n46_rep2_seed1000042, n=46, repeat=2, seed=1000042, p=1, iterations=50, retry=0, cache=Results/warm_start_cache/triangleFree_connected_4to8vertices_176instances_AdjacencyList__filehash_279b7452/hog_idx000046_68b5a5d27dfc_seed1000042_L1_M1_standard.npz
Launched SDP PID=4087520, key=n46_rep2_seed1000042
Launching SDP producer key=n46_rep3_seed2000042, n=46, repeat=3, seed=2000042, p=1, iterations=50, retry=0, cache=Results/warm_start_cache/triangleFree_connected_4to8vertices_176instances_AdjacencyList__filehash_279b7452/hog_idx000046_68b5a5d27dfc_seed2000042_L1_M1_standard.npz
Launched SDP PID=4088117, key=n46_rep3_seed2000042
Loop status: pending_sdp=1297, running_sdp=5, pending_qaoa=0, running_qaoa=0, total_sdp_rss_mb=20, cache_size_mb=6
SDP producer failed for key=n45_rep9_seed8000042, exit_code=42
SDP producer failed for key=n45_rep10_seed9000042, exit_code=42
SDP producer failed for key=n46_rep1_seed42, exit_code=42
SDP producer failed for key=n46_rep2_seed1000042, exit_code=42
SDP producer failed for key=n46_rep3_seed2000042, exit_code=42
Launching SDP producer key=n46_rep4_seed3000042, n=46, repeat=4, seed=3000042, p=1, iterations=50, retry=0, cache=Results/warm_start_cache/triangleFree_connected_4to8vertices_176instances_AdjacencyList__filehash_279b7452/hog_idx000046_68b5a5d27dfc_seed3000042_L1_M1_standard.npz
Launched SDP PID=4099593, key=n46_rep4_seed3000042
Launching SDP producer key=n46_rep5_seed4000042, n=46, repeat=5, seed=4000042, p=1, iterations=50, retry=0, cache=Results/warm_start_cache/triangleFree_connected_4to8vertices_176instances_AdjacencyList__filehash_279b7452/hog_idx000046_68b5a5d27dfc_seed4000042_L1_M1_standard.npz
Launched SDP PID=4099746, key=n46_rep5_seed4000042
Launching SDP producer key=n46_rep6_seed5000042, n=46, repeat=6, seed=5000042, p=1, iterations=50, retry=0, cache=Results/warm_start_cache/triangleFree_connected_4to8vertices_176instances_AdjacencyList__filehash_279b7452/hog_idx000046_68b5a5d27dfc_seed5000042_L1_M1_standard.npz
Launched SDP PID=4100108, key=n46_rep6_seed5000042
Launching SDP producer key=n46_rep7_seed6000042, n=46, repeat=7, seed=6000042, p=1, iterations=50, retry=0, cache=Results/warm_start_cache/triangleFree_connected_4to8vertices_176instances_AdjacencyList__filehash_279b7452/hog_idx000046_68b5a5d27dfc_seed6000042_L1_M1_standard.npz
Launched SDP PID=4100557, key=n46_rep7_seed6000042
Launching SDP producer key=n46_rep8_seed7000042, n=46, repeat=8, seed=7000042, p=1, iterations=50, retry=0, cache=Results/warm_start_cache/triangleFree_connected_4to8vertices_176instances_AdjacencyList__filehash_279b7452/hog_idx000046_68b5a5d27dfc_seed7000042_L1_M1_standard.npz
Launched SDP PID=4101182, key=n46_rep8_seed7000042
Loop status: pending_sdp=1292, running_sdp=5, pending_qaoa=0, running_qaoa=0, total_sdp_rss_mb=20, cache_size_mb=6
SDP producer failed for key=n46_rep4_seed3000042, exit_code=42
SDP producer failed for key=n46_rep5_seed4000042, exit_code=42
SDP producer failed for key=n46_rep6_seed5000042, exit_code=42
SDP producer failed for key=n46_rep7_seed6000042, exit_code=42
SDP producer failed for key=n46_rep8_seed7000042, exit_code=42
Launching SDP producer key=n46_rep9_seed8000042, n=46, repeat=9, seed=8000042, p=1, iterations=50, retry=0, cache=Results/warm_start_cache/triangleFree_connected_4to8vertices_176instances_AdjacencyList__filehash_279b7452/hog_idx000046_68b5a5d27dfc_seed8000042_L1_M1_standard.npz
Launched SDP PID=4112456, key=n46_rep9_seed8000042
Launching SDP producer key=n46_rep10_seed9000042, n=46, repeat=10, seed=9000042, p=1, iterations=50, retry=0, cache=Results/warm_start_cache/triangleFree_connected_4to8vertices_176instances_AdjacencyList__filehash_279b7452/hog_idx000046_68b5a5d27dfc_seed9000042_L1_M1_standard.npz
Launched SDP PID=4112633, key=n46_rep10_seed9000042
Launching SDP producer key=n47_rep1_seed42, n=47, repeat=1, seed=42, p=1, iterations=50, retry=0, cache=Results/warm_start_cache/triangleFree_connected_4to8vertices_176instances_AdjacencyList__filehash_279b7452/hog_idx000047_00d5ff2e849f_seed42_L1_M1_standard.npz
Launched SDP PID=4112954, key=n47_rep1_seed42
Launching SDP producer key=n47_rep2_seed1000042, n=47, repeat=2, seed=1000042, p=1, iterations=50, retry=0, cache=Results/warm_start_cache/triangleFree_connected_4to8vertices_176instances_AdjacencyList__filehash_279b7452/hog_idx000047_00d5ff2e849f_seed1000042_L1_M1_standard.npz
Launched SDP PID=4113442, key=n47_rep2_seed1000042
Launching SDP producer key=n47_rep3_seed2000042, n=47, repeat=3, seed=2000042, p=1, iterations=50, retry=0, cache=Results/warm_start_cache/triangleFree_connected_4to8vertices_176instances_AdjacencyList__filehash_279b7452/hog_idx000047_00d5ff2e849f_seed2000042_L1_M1_standard.npz
Launched SDP PID=4114033, key=n47_rep3_seed2000042
Loop status: pending_sdp=1287, running_sdp=5, pending_qaoa=0, running_qaoa=0, total_sdp_rss_mb=20, cache_size_mb=6
SDP producer failed for key=n46_rep9_seed8000042, exit_code=42
SDP producer failed for key=n46_rep10_seed9000042, exit_code=42
SDP producer failed for key=n47_rep1_seed42, exit_code=42
SDP producer failed for key=n47_rep2_seed1000042, exit_code=42
SDP producer failed for key=n47_rep3_seed2000042, exit_code=42
Launching SDP producer key=n47_rep4_seed3000042, n=47, repeat=4, seed=3000042, p=1, iterations=50, retry=0, cache=Results/warm_start_cache/triangleFree_connected_4to8vertices_176instances_AdjacencyList__filehash_279b7452/hog_idx000047_00d5ff2e849f_seed3000042_L1_M1_standard.npz
Launched SDP PID=4125333, key=n47_rep4_seed3000042
Launching SDP producer key=n47_rep5_seed4000042, n=47, repeat=5, seed=4000042, p=1, iterations=50, retry=0, cache=Results/warm_start_cache/triangleFree_connected_4to8vertices_176instances_AdjacencyList__filehash_279b7452/hog_idx000047_00d5ff2e849f_seed4000042_L1_M1_standard.npz
Launched SDP PID=4125521, key=n47_rep5_seed4000042
Launching SDP producer key=n47_rep6_seed5000042, n=47, repeat=6, seed=5000042, p=1, iterations=50, retry=0, cache=Results/warm_start_cache/triangleFree_connected_4to8vertices_176instances_AdjacencyList__filehash_279b7452/hog_idx000047_00d5ff2e849f_seed5000042_L1_M1_standard.npz
Launched SDP PID=4125829, key=n47_rep6_seed5000042
Launching SDP producer key=n47_rep7_seed6000042, n=47, repeat=7, seed=6000042, p=1, iterations=50, retry=0, cache=Results/warm_start_cache/triangleFree_connected_4to8vertices_176instances_AdjacencyList__filehash_279b7452/hog_idx000047_00d5ff2e849f_seed6000042_L1_M1_standard.npz
Launched SDP PID=4126257, key=n47_rep7_seed6000042
Launching SDP producer key=n47_rep8_seed7000042, n=47, repeat=8, seed=7000042, p=1, iterations=50, retry=0, cache=Results/warm_start_cache/triangleFree_connected_4to8vertices_176instances_AdjacencyList__filehash_279b7452/hog_idx000047_00d5ff2e849f_seed7000042_L1_M1_standard.npz
Launched SDP PID=4126816, key=n47_rep8_seed7000042
Loop status: pending_sdp=1282, running_sdp=5, pending_qaoa=0, running_qaoa=0, total_sdp_rss_mb=20, cache_size_mb=6
SDP producer failed for key=n47_rep4_seed3000042, exit_code=42
SDP producer failed for key=n47_rep5_seed4000042, exit_code=42
SDP producer failed for key=n47_rep6_seed5000042, exit_code=42
SDP producer failed for key=n47_rep7_seed6000042, exit_code=42
SDP producer failed for key=n47_rep8_seed7000042, exit_code=42
Launching SDP producer key=n47_rep9_seed8000042, n=47, repeat=9, seed=8000042, p=1, iterations=50, retry=0, cache=Results/warm_start_cache/triangleFree_connected_4to8vertices_176instances_AdjacencyList__filehash_279b7452/hog_idx000047_00d5ff2e849f_seed8000042_L1_M1_standard.npz
Launched SDP PID=4137929, key=n47_rep9_seed8000042
Launching SDP producer key=n47_rep10_seed9000042, n=47, repeat=10, seed=9000042, p=1, iterations=50, retry=0, cache=Results/warm_start_cache/triangleFree_connected_4to8vertices_176instances_AdjacencyList__filehash_279b7452/hog_idx000047_00d5ff2e849f_seed9000042_L1_M1_standard.npz
Launched SDP PID=4138089, key=n47_rep10_seed9000042
Launching SDP producer key=n48_rep1_seed42, n=48, repeat=1, seed=42, p=1, iterations=50, retry=0, cache=Results/warm_start_cache/triangleFree_connected_4to8vertices_176instances_AdjacencyList__filehash_279b7452/hog_idx000048_cfa056765592_seed42_L1_M1_standard.npz
Launched SDP PID=4138369, key=n48_rep1_seed42
Launching SDP producer key=n48_rep2_seed1000042, n=48, repeat=2, seed=1000042, p=1, iterations=50, retry=0, cache=Results/warm_start_cache/triangleFree_connected_4to8vertices_176instances_AdjacencyList__filehash_279b7452/hog_idx000048_cfa056765592_seed1000042_L1_M1_standard.npz
Launched SDP PID=4138790, key=n48_rep2_seed1000042
Launching SDP producer key=n48_rep3_seed2000042, n=48, repeat=3, seed=2000042, p=1, iterations=50, retry=0, cache=Results/warm_start_cache/triangleFree_connected_4to8vertices_176instances_AdjacencyList__filehash_279b7452/hog_idx000048_cfa056765592_seed2000042_L1_M1_standard.npz
Launched SDP PID=4139269, key=n48_rep3_seed2000042
Loop status: pending_sdp=1277, running_sdp=5, pending_qaoa=0, running_qaoa=0, total_sdp_rss_mb=20, cache_size_mb=6
SDP producer failed for key=n47_rep9_seed8000042, exit_code=42
SDP producer failed for key=n47_rep10_seed9000042, exit_code=42
SDP producer failed for key=n48_rep1_seed42, exit_code=42
SDP producer failed for key=n48_rep2_seed1000042, exit_code=42
SDP producer failed for key=n48_rep3_seed2000042, exit_code=42
Launching SDP producer key=n48_rep4_seed3000042, n=48, repeat=4, seed=3000042, p=1, iterations=50, retry=0, cache=Results/warm_start_cache/triangleFree_connected_4to8vertices_176instances_AdjacencyList__filehash_279b7452/hog_idx000048_cfa056765592_seed3000042_L1_M1_standard.npz
Launched SDP PID=4141528, key=n48_rep4_seed3000042
Launching SDP producer key=n48_rep5_seed4000042, n=48, repeat=5, seed=4000042, p=1, iterations=50, retry=0, cache=Results/warm_start_cache/triangleFree_connected_4to8vertices_176instances_AdjacencyList__filehash_279b7452/hog_idx000048_cfa056765592_seed4000042_L1_M1_standard.npz
Launched SDP PID=4141608, key=n48_rep5_seed4000042
Launching SDP producer key=n48_rep6_seed5000042, n=48, repeat=6, seed=5000042, p=1, iterations=50, retry=0, cache=Results/warm_start_cache/triangleFree_connected_4to8vertices_176instances_AdjacencyList__filehash_279b7452/hog_idx000048_cfa056765592_seed5000042_L1_M1_standard.npz
Launched SDP PID=4141753, key=n48_rep6_seed5000042
Launching SDP producer key=n48_rep7_seed6000042, n=48, repeat=7, seed=6000042, p=1, iterations=50, retry=0, cache=Results/warm_start_cache/triangleFree_connected_4to8vertices_176instances_AdjacencyList__filehash_279b7452/hog_idx000048_cfa056765592_seed6000042_L1_M1_standard.npz
Launched SDP PID=4142009, key=n48_rep7_seed6000042
Launching SDP producer key=n48_rep8_seed7000042, n=48, repeat=8, seed=7000042, p=1, iterations=50, retry=0, cache=Results/warm_start_cache/triangleFree_connected_4to8vertices_176instances_AdjacencyList__filehash_279b7452/hog_idx000048_cfa056765592_seed7000042_L1_M1_standard.npz
Launched SDP PID=4142314, key=n48_rep8_seed7000042
Loop status: pending_sdp=1272, running_sdp=5, pending_qaoa=0, running_qaoa=0, total_sdp_rss_mb=20, cache_size_mb=6
SDP producer failed for key=n48_rep4_seed3000042, exit_code=42
SDP producer failed for key=n48_rep5_seed4000042, exit_code=42
SDP producer failed for key=n48_rep6_seed5000042, exit_code=42
SDP producer failed for key=n48_rep7_seed6000042, exit_code=42
SDP producer failed for key=n48_rep8_seed7000042, exit_code=42
Launching SDP producer key=n48_rep9_seed8000042, n=48, repeat=9, seed=8000042, p=1, iterations=50, retry=0, cache=Results/warm_start_cache/triangleFree_connected_4to8vertices_176instances_AdjacencyList__filehash_279b7452/hog_idx000048_cfa056765592_seed8000042_L1_M1_standard.npz
Launched SDP PID=4148155, key=n48_rep9_seed8000042
Launching SDP producer key=n48_rep10_seed9000042, n=48, repeat=10, seed=9000042, p=1, iterations=50, retry=0, cache=Results/warm_start_cache/triangleFree_connected_4to8vertices_176instances_AdjacencyList__filehash_279b7452/hog_idx000048_cfa056765592_seed9000042_L1_M1_standard.npz
Launched SDP PID=4148241, key=n48_rep10_seed9000042
Launching SDP producer key=n49_rep1_seed42, n=49, repeat=1, seed=42, p=1, iterations=50, retry=0, cache=Results/warm_start_cache/triangleFree_connected_4to8vertices_176instances_AdjacencyList__filehash_279b7452/hog_idx000049_0e6a6e65a39c_seed42_L1_M1_standard.npz
Launched SDP PID=4148409, key=n49_rep1_seed42
Launching SDP producer key=n49_rep2_seed1000042, n=49, repeat=2, seed=1000042, p=1, iterations=50, retry=0, cache=Results/warm_start_cache/triangleFree_connected_4to8vertices_176instances_AdjacencyList__filehash_279b7452/hog_idx000049_0e6a6e65a39c_seed1000042_L1_M1_standard.npz
Launched SDP PID=4148648, key=n49_rep2_seed1000042
Launching SDP producer key=n49_rep3_seed2000042, n=49, repeat=3, seed=2000042, p=1, iterations=50, retry=0, cache=Results/warm_start_cache/triangleFree_connected_4to8vertices_176instances_AdjacencyList__filehash_279b7452/hog_idx000049_0e6a6e65a39c_seed2000042_L1_M1_standard.npz
Launched SDP PID=4148979, key=n49_rep3_seed2000042
Loop status: pending_sdp=1267, running_sdp=5, pending_qaoa=0, running_qaoa=0, total_sdp_rss_mb=20, cache_size_mb=6
SDP producer failed for key=n48_rep9_seed8000042, exit_code=42
SDP producer failed for key=n48_rep10_seed9000042, exit_code=42
SDP producer failed for key=n49_rep1_seed42, exit_code=42
SDP producer failed for key=n49_rep2_seed1000042, exit_code=42
SDP producer failed for key=n49_rep3_seed2000042, exit_code=42
Launching SDP producer key=n49_rep4_seed3000042, n=49, repeat=4, seed=3000042, p=1, iterations=50, retry=0, cache=Results/warm_start_cache/triangleFree_connected_4to8vertices_176instances_AdjacencyList__filehash_279b7452/hog_idx000049_0e6a6e65a39c_seed3000042_L1_M1_standard.npz
Launched SDP PID=4154714, key=n49_rep4_seed3000042
Launching SDP producer key=n49_rep5_seed4000042, n=49, repeat=5, seed=4000042, p=1, iterations=50, retry=0, cache=Results/warm_start_cache/triangleFree_connected_4to8vertices_176instances_AdjacencyList__filehash_279b7452/hog_idx000049_0e6a6e65a39c_seed4000042_L1_M1_standard.npz
Launched SDP PID=4154804, key=n49_rep5_seed4000042
Launching SDP producer key=n49_rep6_seed5000042, n=49, repeat=6, seed=5000042, p=1, iterations=50, retry=0, cache=Results/warm_start_cache/triangleFree_connected_4to8vertices_176instances_AdjacencyList__filehash_279b7452/hog_idx000049_0e6a6e65a39c_seed5000042_L1_M1_standard.npz
Launched SDP PID=4154958, key=n49_rep6_seed5000042
Launching SDP producer key=n49_rep7_seed6000042, n=49, repeat=7, seed=6000042, p=1, iterations=50, retry=0, cache=Results/warm_start_cache/triangleFree_connected_4to8vertices_176instances_AdjacencyList__filehash_279b7452/hog_idx000049_0e6a6e65a39c_seed6000042_L1_M1_standard.npz
Launched SDP PID=4155190, key=n49_rep7_seed6000042
Launching SDP producer key=n49_rep8_seed7000042, n=49, repeat=8, seed=7000042, p=1, iterations=50, retry=0, cache=Results/warm_start_cache/triangleFree_connected_4to8vertices_176instances_AdjacencyList__filehash_279b7452/hog_idx000049_0e6a6e65a39c_seed7000042_L1_M1_standard.npz
Launched SDP PID=4155516, key=n49_rep8_seed7000042
Loop status: pending_sdp=1262, running_sdp=5, pending_qaoa=0, running_qaoa=0, total_sdp_rss_mb=20, cache_size_mb=6
SDP producer failed for key=n49_rep4_seed3000042, exit_code=42
SDP producer failed for key=n49_rep5_seed4000042, exit_code=42
SDP producer failed for key=n49_rep6_seed5000042, exit_code=42
SDP producer failed for key=n49_rep7_seed6000042, exit_code=42
SDP producer failed for key=n49_rep8_seed7000042, exit_code=42
Launching SDP producer key=n49_rep9_seed8000042, n=49, repeat=9, seed=8000042, p=1, iterations=50, retry=0, cache=Results/warm_start_cache/triangleFree_connected_4to8vertices_176instances_AdjacencyList__filehash_279b7452/hog_idx000049_0e6a6e65a39c_seed8000042_L1_M1_standard.npz
Launched SDP PID=4161221, key=n49_rep9_seed8000042
Launching SDP producer key=n49_rep10_seed9000042, n=49, repeat=10, seed=9000042, p=1, iterations=50, retry=0, cache=Results/warm_start_cache/triangleFree_connected_4to8vertices_176instances_AdjacencyList__filehash_279b7452/hog_idx000049_0e6a6e65a39c_seed9000042_L1_M1_standard.npz
Launched SDP PID=4161332, key=n49_rep10_seed9000042
Launching SDP producer key=n50_rep1_seed42, n=50, repeat=1, seed=42, p=1, iterations=50, retry=0, cache=Results/warm_start_cache/triangleFree_connected_4to8vertices_176instances_AdjacencyList__filehash_279b7452/hog_idx000050_6f33236d3bfd_seed42_L1_M1_standard.npz
Launched SDP PID=4161514, key=n50_rep1_seed42
Launching SDP producer key=n50_rep2_seed1000042, n=50, repeat=2, seed=1000042, p=1, iterations=50, retry=0, cache=Results/warm_start_cache/triangleFree_connected_4to8vertices_176instances_AdjacencyList__filehash_279b7452/hog_idx000050_6f33236d3bfd_seed1000042_L1_M1_standard.npz
Launched SDP PID=4161753, key=n50_rep2_seed1000042
Launching SDP producer key=n50_rep3_seed2000042, n=50, repeat=3, seed=2000042, p=1, iterations=50, retry=0, cache=Results/warm_start_cache/triangleFree_connected_4to8vertices_176instances_AdjacencyList__filehash_279b7452/hog_idx000050_6f33236d3bfd_seed2000042_L1_M1_standard.npz
Launched SDP PID=4162068, key=n50_rep3_seed2000042
Loop status: pending_sdp=1257, running_sdp=5, pending_qaoa=0, running_qaoa=0, total_sdp_rss_mb=20, cache_size_mb=6
SDP producer failed for key=n49_rep9_seed8000042, exit_code=42
SDP producer failed for key=n49_rep10_seed9000042, exit_code=42
SDP producer failed for key=n50_rep1_seed42, exit_code=42
SDP producer failed for key=n50_rep2_seed1000042, exit_code=42
SDP producer failed for key=n50_rep3_seed2000042, exit_code=42
Launching SDP producer key=n50_rep4_seed3000042, n=50, repeat=4, seed=3000042, p=1, iterations=50, retry=0, cache=Results/warm_start_cache/triangleFree_connected_4to8vertices_176instances_AdjacencyList__filehash_279b7452/hog_idx000050_6f33236d3bfd_seed3000042_L1_M1_standard.npz
Launched SDP PID=4167808, key=n50_rep4_seed3000042
Launching SDP producer key=n50_rep5_seed4000042, n=50, repeat=5, seed=4000042, p=1, iterations=50, retry=0, cache=Results/warm_start_cache/triangleFree_connected_4to8vertices_176instances_AdjacencyList__filehash_279b7452/hog_idx000050_6f33236d3bfd_seed4000042_L1_M1_standard.npz
Launched SDP PID=4167905, key=n50_rep5_seed4000042
Launching SDP producer key=n50_rep6_seed5000042, n=50, repeat=6, seed=5000042, p=1, iterations=50, retry=0, cache=Results/warm_start_cache/triangleFree_connected_4to8vertices_176instances_AdjacencyList__filehash_279b7452/hog_idx000050_6f33236d3bfd_seed5000042_L1_M1_standard.npz
Launched SDP PID=4168066, key=n50_rep6_seed5000042
Launching SDP producer key=n50_rep7_seed6000042, n=50, repeat=7, seed=6000042, p=1, iterations=50, retry=0, cache=Results/warm_start_cache/triangleFree_connected_4to8vertices_176instances_AdjacencyList__filehash_279b7452/hog_idx000050_6f33236d3bfd_seed6000042_L1_M1_standard.npz
Launched SDP PID=4168282, key=n50_rep7_seed6000042
Launching SDP producer key=n50_rep8_seed7000042, n=50, repeat=8, seed=7000042, p=1, iterations=50, retry=0, cache=Results/warm_start_cache/triangleFree_connected_4to8vertices_176instances_AdjacencyList__filehash_279b7452/hog_idx000050_6f33236d3bfd_seed7000042_L1_M1_standard.npz
Launched SDP PID=4168585, key=n50_rep8_seed7000042
Loop status: pending_sdp=1252, running_sdp=5, pending_qaoa=0, running_qaoa=0, total_sdp_rss_mb=20, cache_size_mb=6
SDP producer failed for key=n50_rep4_seed3000042, exit_code=42
SDP producer failed for key=n50_rep5_seed4000042, exit_code=42
SDP producer failed for key=n50_rep6_seed5000042, exit_code=42
SDP producer failed for key=n50_rep7_seed6000042, exit_code=42
SDP producer failed for key=n50_rep8_seed7000042, exit_code=42
Launching SDP producer key=n50_rep9_seed8000042, n=50, repeat=9, seed=8000042, p=1, iterations=50, retry=0, cache=Results/warm_start_cache/triangleFree_connected_4to8vertices_176instances_AdjacencyList__filehash_279b7452/hog_idx000050_6f33236d3bfd_seed8000042_L1_M1_standard.npz
Launched SDP PID=4173923, key=n50_rep9_seed8000042
Launching SDP producer key=n50_rep10_seed9000042, n=50, repeat=10, seed=9000042, p=1, iterations=50, retry=0, cache=Results/warm_start_cache/triangleFree_connected_4to8vertices_176instances_AdjacencyList__filehash_279b7452/hog_idx000050_6f33236d3bfd_seed9000042_L1_M1_standard.npz
Launched SDP PID=4174003, key=n50_rep10_seed9000042
Launching SDP producer key=n51_rep1_seed42, n=51, repeat=1, seed=42, p=1, iterations=50, retry=0, cache=Results/warm_start_cache/triangleFree_connected_4to8vertices_176instances_AdjacencyList__filehash_279b7452/hog_idx000051_c3300c07e0ef_seed42_L1_M1_standard.npz
Launched SDP PID=4174206, key=n51_rep1_seed42
Launching SDP producer key=n51_rep2_seed1000042, n=51, repeat=2, seed=1000042, p=1, iterations=50, retry=0, cache=Results/warm_start_cache/triangleFree_connected_4to8vertices_176instances_AdjacencyList__filehash_279b7452/hog_idx000051_c3300c07e0ef_seed1000042_L1_M1_standard.npz
Launched SDP PID=4174445, key=n51_rep2_seed1000042
Launching SDP producer key=n51_rep3_seed2000042, n=51, repeat=3, seed=2000042, p=1, iterations=50, retry=0, cache=Results/warm_start_cache/triangleFree_connected_4to8vertices_176instances_AdjacencyList__filehash_279b7452/hog_idx000051_c3300c07e0ef_seed2000042_L1_M1_standard.npz
Launched SDP PID=4174782, key=n51_rep3_seed2000042
Loop status: pending_sdp=1247, running_sdp=5, pending_qaoa=0, running_qaoa=0, total_sdp_rss_mb=20, cache_size_mb=6
SDP producer failed for key=n50_rep9_seed8000042, exit_code=42
SDP producer failed for key=n50_rep10_seed9000042, exit_code=42
SDP producer failed for key=n51_rep1_seed42, exit_code=42
SDP producer failed for key=n51_rep2_seed1000042, exit_code=42
SDP producer failed for key=n51_rep3_seed2000042, exit_code=42
Launching SDP producer key=n51_rep4_seed3000042, n=51, repeat=4, seed=3000042, p=1, iterations=50, retry=0, cache=Results/warm_start_cache/triangleFree_connected_4to8vertices_176instances_AdjacencyList__filehash_279b7452/hog_idx000051_c3300c07e0ef_seed3000042_L1_M1_standard.npz
Launched SDP PID=4180809, key=n51_rep4_seed3000042
Launching SDP producer key=n51_rep5_seed4000042, n=51, repeat=5, seed=4000042, p=1, iterations=50, retry=0, cache=Results/warm_start_cache/triangleFree_connected_4to8vertices_176instances_AdjacencyList__filehash_279b7452/hog_idx000051_c3300c07e0ef_seed4000042_L1_M1_standard.npz
Launched SDP PID=4180906, key=n51_rep5_seed4000042
Launching SDP producer key=n51_rep6_seed5000042, n=51, repeat=6, seed=5000042, p=1, iterations=50, retry=0, cache=Results/warm_start_cache/triangleFree_connected_4to8vertices_176instances_AdjacencyList__filehash_279b7452/hog_idx000051_c3300c07e0ef_seed5000042_L1_M1_standard.npz
Launched SDP PID=4181097, key=n51_rep6_seed5000042
Launching SDP producer key=n51_rep7_seed6000042, n=51, repeat=7, seed=6000042, p=1, iterations=50, retry=0, cache=Results/warm_start_cache/triangleFree_connected_4to8vertices_176instances_AdjacencyList__filehash_279b7452/hog_idx000051_c3300c07e0ef_seed6000042_L1_M1_standard.npz
Launched SDP PID=4181357, key=n51_rep7_seed6000042
Launching SDP producer key=n51_rep8_seed7000042, n=51, repeat=8, seed=7000042, p=1, iterations=50, retry=0, cache=Results/warm_start_cache/triangleFree_connected_4to8vertices_176instances_AdjacencyList__filehash_279b7452/hog_idx000051_c3300c07e0ef_seed7000042_L1_M1_standard.npz
Launched SDP PID=4181703, key=n51_rep8_seed7000042
Loop status: pending_sdp=1242, running_sdp=5, pending_qaoa=0, running_qaoa=0, total_sdp_rss_mb=20, cache_size_mb=6
SDP producer failed for key=n51_rep4_seed3000042, exit_code=42
SDP producer failed for key=n51_rep5_seed4000042, exit_code=42
SDP producer failed for key=n51_rep7_seed6000042, exit_code=42
SDP producer failed for key=n51_rep8_seed7000042, exit_code=42
Launching SDP producer key=n51_rep9_seed8000042, n=51, repeat=9, seed=8000042, p=1, iterations=50, retry=0, cache=Results/warm_start_cache/triangleFree_connected_4to8vertices_176instances_AdjacencyList__filehash_279b7452/hog_idx000051_c3300c07e0ef_seed8000042_L1_M1_standard.npz
Launched SDP PID=4187366, key=n51_rep9_seed8000042
Launching SDP producer key=n51_rep10_seed9000042, n=51, repeat=10, seed=9000042, p=1, iterations=50, retry=0, cache=Results/warm_start_cache/triangleFree_connected_4to8vertices_176instances_AdjacencyList__filehash_279b7452/hog_idx000051_c3300c07e0ef_seed9000042_L1_M1_standard.npz
Launched SDP PID=4187513, key=n51_rep10_seed9000042
Launching SDP producer key=n52_rep1_seed42, n=52, repeat=1, seed=42, p=1, iterations=50, retry=0, cache=Results/warm_start_cache/triangleFree_connected_4to8vertices_176instances_AdjacencyList__filehash_279b7452/hog_idx000052_d17c9184af2d_seed42_L1_M1_standard.npz
Launched SDP PID=4187738, key=n52_rep1_seed42
Launching SDP producer key=n52_rep2_seed1000042, n=52, repeat=2, seed=1000042, p=1, iterations=50, retry=0, cache=Results/warm_start_cache/triangleFree_connected_4to8vertices_176instances_AdjacencyList__filehash_279b7452/hog_idx000052_d17c9184af2d_seed1000042_L1_M1_standard.npz
Launched SDP PID=4188070, key=n52_rep2_seed1000042
SDP producer failed for key=n51_rep6_seed5000042, exit_code=42
Launching SDP producer key=n52_rep3_seed2000042, n=52, repeat=3, seed=2000042, p=1, iterations=50, retry=0, cache=Results/warm_start_cache/triangleFree_connected_4to8vertices_176instances_AdjacencyList__filehash_279b7452/hog_idx000052_d17c9184af2d_seed2000042_L1_M1_standard.npz
Launched SDP PID=4188430, key=n52_rep3_seed2000042
Loop status: pending_sdp=1237, running_sdp=5, pending_qaoa=0, running_qaoa=0, total_sdp_rss_mb=20, cache_size_mb=6
SDP producer failed for key=n51_rep9_seed8000042, exit_code=42
SDP producer failed for key=n51_rep10_seed9000042, exit_code=42
SDP producer failed for key=n52_rep1_seed42, exit_code=42
SDP producer failed for key=n52_rep2_seed1000042, exit_code=42
SDP producer failed for key=n52_rep3_seed2000042, exit_code=42
Launching SDP producer key=n52_rep4_seed3000042, n=52, repeat=4, seed=3000042, p=1, iterations=50, retry=0, cache=Results/warm_start_cache/triangleFree_connected_4to8vertices_176instances_AdjacencyList__filehash_279b7452/hog_idx000052_d17c9184af2d_seed3000042_L1_M1_standard.npz
Launched SDP PID=4194112, key=n52_rep4_seed3000042
Launching SDP producer key=n52_rep5_seed4000042, n=52, repeat=5, seed=4000042, p=1, iterations=50, retry=0, cache=Results/warm_start_cache/triangleFree_connected_4to8vertices_176instances_AdjacencyList__filehash_279b7452/hog_idx000052_d17c9184af2d_seed4000042_L1_M1_standard.npz
Launched SDP PID=4194216, key=n52_rep5_seed4000042
Launching SDP producer key=n52_rep6_seed5000042, n=52, repeat=6, seed=5000042, p=1, iterations=50, retry=0, cache=Results/warm_start_cache/triangleFree_connected_4to8vertices_176instances_AdjacencyList__filehash_279b7452/hog_idx000052_d17c9184af2d_seed5000042_L1_M1_standard.npz
Launched SDP PID=458, key=n52_rep6_seed5000042
Launching SDP producer key=n52_rep7_seed6000042, n=52, repeat=7, seed=6000042, p=1, iterations=50, retry=0, cache=Results/warm_start_cache/triangleFree_connected_4to8vertices_176instances_AdjacencyList__filehash_279b7452/hog_idx000052_d17c9184af2d_seed6000042_L1_M1_standard.npz
Launched SDP PID=734, key=n52_rep7_seed6000042
Launching SDP producer key=n52_rep8_seed7000042, n=52, repeat=8, seed=7000042, p=1, iterations=50, retry=0, cache=Results/warm_start_cache/triangleFree_connected_4to8vertices_176instances_AdjacencyList__filehash_279b7452/hog_idx000052_d17c9184af2d_seed7000042_L1_M1_standard.npz
Launched SDP PID=1209, key=n52_rep8_seed7000042
Loop status: pending_sdp=1232, running_sdp=5, pending_qaoa=0, running_qaoa=0, total_sdp_rss_mb=20, cache_size_mb=6
SDP producer failed for key=n52_rep4_seed3000042, exit_code=42
SDP producer failed for key=n52_rep5_seed4000042, exit_code=42
SDP producer failed for key=n52_rep6_seed5000042, exit_code=42
SDP producer failed for key=n52_rep7_seed6000042, exit_code=42
SDP producer failed for key=n52_rep8_seed7000042, exit_code=42
Launching SDP producer key=n52_rep9_seed8000042, n=52, repeat=9, seed=8000042, p=1, iterations=50, retry=0, cache=Results/warm_start_cache/triangleFree_connected_4to8vertices_176instances_AdjacencyList__filehash_279b7452/hog_idx000052_d17c9184af2d_seed8000042_L1_M1_standard.npz
Launched SDP PID=6982, key=n52_rep9_seed8000042
Launching SDP producer key=n52_rep10_seed9000042, n=52, repeat=10, seed=9000042, p=1, iterations=50, retry=0, cache=Results/warm_start_cache/triangleFree_connected_4to8vertices_176instances_AdjacencyList__filehash_279b7452/hog_idx000052_d17c9184af2d_seed9000042_L1_M1_standard.npz
Launched SDP PID=7065, key=n52_rep10_seed9000042
Launching SDP producer key=n53_rep1_seed42, n=53, repeat=1, seed=42, p=1, iterations=50, retry=0, cache=Results/warm_start_cache/triangleFree_connected_4to8vertices_176instances_AdjacencyList__filehash_279b7452/hog_idx000053_fcc007c4b00b_seed42_L1_M1_standard.npz
Launched SDP PID=7219, key=n53_rep1_seed42
Launching SDP producer key=n53_rep2_seed1000042, n=53, repeat=2, seed=1000042, p=1, iterations=50, retry=0, cache=Results/warm_start_cache/triangleFree_connected_4to8vertices_176instances_AdjacencyList__filehash_279b7452/hog_idx000053_fcc007c4b00b_seed1000042_L1_M1_standard.npz
Launched SDP PID=7440, key=n53_rep2_seed1000042
Launching SDP producer key=n53_rep3_seed2000042, n=53, repeat=3, seed=2000042, p=1, iterations=50, retry=0, cache=Results/warm_start_cache/triangleFree_connected_4to8vertices_176instances_AdjacencyList__filehash_279b7452/hog_idx000053_fcc007c4b00b_seed2000042_L1_M1_standard.npz
Launched SDP PID=7757, key=n53_rep3_seed2000042
Loop status: pending_sdp=1227, running_sdp=5, pending_qaoa=0, running_qaoa=0, total_sdp_rss_mb=20, cache_size_mb=6
SDP producer failed for key=n52_rep9_seed8000042, exit_code=42
SDP producer failed for key=n52_rep10_seed9000042, exit_code=42
SDP producer failed for key=n53_rep1_seed42, exit_code=42
SDP producer failed for key=n53_rep2_seed1000042, exit_code=42
SDP producer failed for key=n53_rep3_seed2000042, exit_code=42
Launching SDP producer key=n53_rep4_seed3000042, n=53, repeat=4, seed=3000042, p=1, iterations=50, retry=0, cache=Results/warm_start_cache/triangleFree_connected_4to8vertices_176instances_AdjacencyList__filehash_279b7452/hog_idx000053_fcc007c4b00b_seed3000042_L1_M1_standard.npz
Launched SDP PID=13536, key=n53_rep4_seed3000042
Launching SDP producer key=n53_rep5_seed4000042, n=53, repeat=5, seed=4000042, p=1, iterations=50, retry=0, cache=Results/warm_start_cache/triangleFree_connected_4to8vertices_176instances_AdjacencyList__filehash_279b7452/hog_idx000053_fcc007c4b00b_seed4000042_L1_M1_standard.npz
Launched SDP PID=13619, key=n53_rep5_seed4000042
Launching SDP producer key=n53_rep6_seed5000042, n=53, repeat=6, seed=5000042, p=1, iterations=50, retry=0, cache=Results/warm_start_cache/triangleFree_connected_4to8vertices_176instances_AdjacencyList__filehash_279b7452/hog_idx000053_fcc007c4b00b_seed5000042_L1_M1_standard.npz
Launched SDP PID=13811, key=n53_rep6_seed5000042
Launching SDP producer key=n53_rep7_seed6000042, n=53, repeat=7, seed=6000042, p=1, iterations=50, retry=0, cache=Results/warm_start_cache/triangleFree_connected_4to8vertices_176instances_AdjacencyList__filehash_279b7452/hog_idx000053_fcc007c4b00b_seed6000042_L1_M1_standard.npz
Launched SDP PID=14064, key=n53_rep7_seed6000042
Launching SDP producer key=n53_rep8_seed7000042, n=53, repeat=8, seed=7000042, p=1, iterations=50, retry=0, cache=Results/warm_start_cache/triangleFree_connected_4to8vertices_176instances_AdjacencyList__filehash_279b7452/hog_idx000053_fcc007c4b00b_seed7000042_L1_M1_standard.npz
Launched SDP PID=14388, key=n53_rep8_seed7000042
Loop status: pending_sdp=1222, running_sdp=5, pending_qaoa=0, running_qaoa=0, total_sdp_rss_mb=20, cache_size_mb=6
SDP producer failed for key=n53_rep4_seed3000042, exit_code=42
SDP producer failed for key=n53_rep5_seed4000042, exit_code=42
SDP producer failed for key=n53_rep6_seed5000042, exit_code=42
SDP producer failed for key=n53_rep7_seed6000042, exit_code=42
SDP producer failed for key=n53_rep8_seed7000042, exit_code=42
Launching SDP producer key=n53_rep9_seed8000042, n=53, repeat=9, seed=8000042, p=1, iterations=50, retry=0, cache=Results/warm_start_cache/triangleFree_connected_4to8vertices_176instances_AdjacencyList__filehash_279b7452/hog_idx000053_fcc007c4b00b_seed8000042_L1_M1_standard.npz
Launched SDP PID=20085, key=n53_rep9_seed8000042
Launching SDP producer key=n53_rep10_seed9000042, n=53, repeat=10, seed=9000042, p=1, iterations=50, retry=0, cache=Results/warm_start_cache/triangleFree_connected_4to8vertices_176instances_AdjacencyList__filehash_279b7452/hog_idx000053_fcc007c4b00b_seed9000042_L1_M1_standard.npz
Launched SDP PID=20168, key=n53_rep10_seed9000042
Launching SDP producer key=n54_rep1_seed42, n=54, repeat=1, seed=42, p=1, iterations=50, retry=0, cache=Results/warm_start_cache/triangleFree_connected_4to8vertices_176instances_AdjacencyList__filehash_279b7452/hog_idx000054_85637b102816_seed42_L1_M1_standard.npz
Launched SDP PID=20329, key=n54_rep1_seed42
Launching SDP producer key=n54_rep2_seed1000042, n=54, repeat=2, seed=1000042, p=1, iterations=50, retry=0, cache=Results/warm_start_cache/triangleFree_connected_4to8vertices_176instances_AdjacencyList__filehash_279b7452/hog_idx000054_85637b102816_seed1000042_L1_M1_standard.npz
Launched SDP PID=20578, key=n54_rep2_seed1000042
Launching SDP producer key=n54_rep3_seed2000042, n=54, repeat=3, seed=2000042, p=1, iterations=50, retry=0, cache=Results/warm_start_cache/triangleFree_connected_4to8vertices_176instances_AdjacencyList__filehash_279b7452/hog_idx000054_85637b102816_seed2000042_L1_M1_standard.npz
Launched SDP PID=20902, key=n54_rep3_seed2000042
Loop status: pending_sdp=1217, running_sdp=5, pending_qaoa=0, running_qaoa=0, total_sdp_rss_mb=20, cache_size_mb=6
SDP producer failed for key=n53_rep9_seed8000042, exit_code=42
SDP producer failed for key=n53_rep10_seed9000042, exit_code=42
SDP producer failed for key=n54_rep1_seed42, exit_code=42
SDP producer failed for key=n54_rep2_seed1000042, exit_code=42
SDP producer failed for key=n54_rep3_seed2000042, exit_code=42
Launching SDP producer key=n54_rep4_seed3000042, n=54, repeat=4, seed=3000042, p=1, iterations=50, retry=0, cache=Results/warm_start_cache/triangleFree_connected_4to8vertices_176instances_AdjacencyList__filehash_279b7452/hog_idx000054_85637b102816_seed3000042_L1_M1_standard.npz
Launched SDP PID=24095, key=n54_rep4_seed3000042
Launching SDP producer key=n54_rep5_seed4000042, n=54, repeat=5, seed=4000042, p=1, iterations=50, retry=0, cache=Results/warm_start_cache/triangleFree_connected_4to8vertices_176instances_AdjacencyList__filehash_279b7452/hog_idx000054_85637b102816_seed4000042_L1_M1_standard.npz
Launched SDP PID=24122, key=n54_rep5_seed4000042
Launching SDP producer key=n54_rep6_seed5000042, n=54, repeat=6, seed=5000042, p=1, iterations=50, retry=0, cache=Results/warm_start_cache/triangleFree_connected_4to8vertices_176instances_AdjacencyList__filehash_279b7452/hog_idx000054_85637b102816_seed5000042_L1_M1_standard.npz
Launched SDP PID=24169, key=n54_rep6_seed5000042
Launching SDP producer key=n54_rep7_seed6000042, n=54, repeat=7, seed=6000042, p=1, iterations=50, retry=0, cache=Results/warm_start_cache/triangleFree_connected_4to8vertices_176instances_AdjacencyList__filehash_279b7452/hog_idx000054_85637b102816_seed6000042_L1_M1_standard.npz
Launched SDP PID=24234, key=n54_rep7_seed6000042
Launching SDP producer key=n54_rep8_seed7000042, n=54, repeat=8, seed=7000042, p=1, iterations=50, retry=0, cache=Results/warm_start_cache/triangleFree_connected_4to8vertices_176instances_AdjacencyList__filehash_279b7452/hog_idx000054_85637b102816_seed7000042_L1_M1_standard.npz
Launched SDP PID=24313, key=n54_rep8_seed7000042
Loop status: pending_sdp=1212, running_sdp=5, pending_qaoa=0, running_qaoa=0, total_sdp_rss_mb=20, cache_size_mb=6
SDP producer failed for key=n54_rep4_seed3000042, exit_code=42
SDP producer failed for key=n54_rep5_seed4000042, exit_code=42
SDP producer failed for key=n54_rep6_seed5000042, exit_code=42
SDP producer failed for key=n54_rep7_seed6000042, exit_code=42
SDP producer failed for key=n54_rep8_seed7000042, exit_code=42
Launching SDP producer key=n54_rep9_seed8000042, n=54, repeat=9, seed=8000042, p=1, iterations=50, retry=0, cache=Results/warm_start_cache/triangleFree_connected_4to8vertices_176instances_AdjacencyList__filehash_279b7452/hog_idx000054_85637b102816_seed8000042_L1_M1_standard.npz
Launched SDP PID=28610, key=n54_rep9_seed8000042
Launching SDP producer key=n54_rep10_seed9000042, n=54, repeat=10, seed=9000042, p=1, iterations=50, retry=0, cache=Results/warm_start_cache/triangleFree_connected_4to8vertices_176instances_AdjacencyList__filehash_279b7452/hog_idx000054_85637b102816_seed9000042_L1_M1_standard.npz
Launched SDP PID=28700, key=n54_rep10_seed9000042
Launching SDP producer key=n55_rep1_seed42, n=55, repeat=1, seed=42, p=1, iterations=50, retry=0, cache=Results/warm_start_cache/triangleFree_connected_4to8vertices_176instances_AdjacencyList__filehash_279b7452/hog_idx000055_2c0bda49f51c_seed42_L1_M1_standard.npz
Launched SDP PID=28868, key=n55_rep1_seed42
Launching SDP producer key=n55_rep2_seed1000042, n=55, repeat=2, seed=1000042, p=1, iterations=50, retry=0, cache=Results/warm_start_cache/triangleFree_connected_4to8vertices_176instances_AdjacencyList__filehash_279b7452/hog_idx000055_2c0bda49f51c_seed1000042_L1_M1_standard.npz
Launched SDP PID=29122, key=n55_rep2_seed1000042
Launching SDP producer key=n55_rep3_seed2000042, n=55, repeat=3, seed=2000042, p=1, iterations=50, retry=0, cache=Results/warm_start_cache/triangleFree_connected_4to8vertices_176instances_AdjacencyList__filehash_279b7452/hog_idx000055_2c0bda49f51c_seed2000042_L1_M1_standard.npz
Launched SDP PID=29425, key=n55_rep3_seed2000042
Loop status: pending_sdp=1207, running_sdp=5, pending_qaoa=0, running_qaoa=0, total_sdp_rss_mb=20, cache_size_mb=6
SDP producer failed for key=n54_rep9_seed8000042, exit_code=42
SDP producer failed for key=n54_rep10_seed9000042, exit_code=42
SDP producer failed for key=n55_rep1_seed42, exit_code=42
SDP producer failed for key=n55_rep2_seed1000042, exit_code=42
SDP producer failed for key=n55_rep3_seed2000042, exit_code=42
Launching SDP producer key=n55_rep4_seed3000042, n=55, repeat=4, seed=3000042, p=1, iterations=50, retry=0, cache=Results/warm_start_cache/triangleFree_connected_4to8vertices_176instances_AdjacencyList__filehash_279b7452/hog_idx000055_2c0bda49f51c_seed3000042_L1_M1_standard.npz
Launched SDP PID=35088, key=n55_rep4_seed3000042
Launching SDP producer key=n55_rep5_seed4000042, n=55, repeat=5, seed=4000042, p=1, iterations=50, retry=0, cache=Results/warm_start_cache/triangleFree_connected_4to8vertices_176instances_AdjacencyList__filehash_279b7452/hog_idx000055_2c0bda49f51c_seed4000042_L1_M1_standard.npz
Launched SDP PID=35178, key=n55_rep5_seed4000042
Launching SDP producer key=n55_rep6_seed5000042, n=55, repeat=6, seed=5000042, p=1, iterations=50, retry=0, cache=Results/warm_start_cache/triangleFree_connected_4to8vertices_176instances_AdjacencyList__filehash_279b7452/hog_idx000055_2c0bda49f51c_seed5000042_L1_M1_standard.npz
Launched SDP PID=35346, key=n55_rep6_seed5000042
Launching SDP producer key=n55_rep7_seed6000042, n=55, repeat=7, seed=6000042, p=1, iterations=50, retry=0, cache=Results/warm_start_cache/triangleFree_connected_4to8vertices_176instances_AdjacencyList__filehash_279b7452/hog_idx000055_2c0bda49f51c_seed6000042_L1_M1_standard.npz
Launched SDP PID=35557, key=n55_rep7_seed6000042
Launching SDP producer key=n55_rep8_seed7000042, n=55, repeat=8, seed=7000042, p=1, iterations=50, retry=0, cache=Results/warm_start_cache/triangleFree_connected_4to8vertices_176instances_AdjacencyList__filehash_279b7452/hog_idx000055_2c0bda49f51c_seed7000042_L1_M1_standard.npz
Launched SDP PID=35912, key=n55_rep8_seed7000042
Loop status: pending_sdp=1202, running_sdp=5, pending_qaoa=0, running_qaoa=0, total_sdp_rss_mb=20, cache_size_mb=6
SDP producer failed for key=n55_rep4_seed3000042, exit_code=42
SDP producer failed for key=n55_rep5_seed4000042, exit_code=42
SDP producer failed for key=n55_rep6_seed5000042, exit_code=42
SDP producer failed for key=n55_rep7_seed6000042, exit_code=42
SDP producer failed for key=n55_rep8_seed7000042, exit_code=42
Launching SDP producer key=n55_rep9_seed8000042, n=55, repeat=9, seed=8000042, p=1, iterations=50, retry=0, cache=Results/warm_start_cache/triangleFree_connected_4to8vertices_176instances_AdjacencyList__filehash_279b7452/hog_idx000055_2c0bda49f51c_seed8000042_L1_M1_standard.npz
Launched SDP PID=41539, key=n55_rep9_seed8000042
Launching SDP producer key=n55_rep10_seed9000042, n=55, repeat=10, seed=9000042, p=1, iterations=50, retry=0, cache=Results/warm_start_cache/triangleFree_connected_4to8vertices_176instances_AdjacencyList__filehash_279b7452/hog_idx000055_2c0bda49f51c_seed9000042_L1_M1_standard.npz
Launched SDP PID=41635, key=n55_rep10_seed9000042
Launching SDP producer key=n56_rep1_seed42, n=56, repeat=1, seed=42, p=1, iterations=50, retry=0, cache=Results/warm_start_cache/triangleFree_connected_4to8vertices_176instances_AdjacencyList__filehash_279b7452/hog_idx000056_cbcc7c9c36ce_seed42_L1_M1_standard.npz
Launched SDP PID=41801, key=n56_rep1_seed42
Launching SDP producer key=n56_rep2_seed1000042, n=56, repeat=2, seed=1000042, p=1, iterations=50, retry=0, cache=Results/warm_start_cache/triangleFree_connected_4to8vertices_176instances_AdjacencyList__filehash_279b7452/hog_idx000056_cbcc7c9c36ce_seed1000042_L1_M1_standard.npz
Launched SDP PID=42037, key=n56_rep2_seed1000042
Launching SDP producer key=n56_rep3_seed2000042, n=56, repeat=3, seed=2000042, p=1, iterations=50, retry=0, cache=Results/warm_start_cache/triangleFree_connected_4to8vertices_176instances_AdjacencyList__filehash_279b7452/hog_idx000056_cbcc7c9c36ce_seed2000042_L1_M1_standard.npz
Launched SDP PID=42368, key=n56_rep3_seed2000042
Loop status: pending_sdp=1197, running_sdp=5, pending_qaoa=0, running_qaoa=0, total_sdp_rss_mb=20, cache_size_mb=6
SDP producer failed for key=n55_rep9_seed8000042, exit_code=42
SDP producer failed for key=n55_rep10_seed9000042, exit_code=42
SDP producer failed for key=n56_rep1_seed42, exit_code=42
SDP producer failed for key=n56_rep2_seed1000042, exit_code=42
SDP producer failed for key=n56_rep3_seed2000042, exit_code=42
Launching SDP producer key=n56_rep4_seed3000042, n=56, repeat=4, seed=3000042, p=1, iterations=50, retry=0, cache=Results/warm_start_cache/triangleFree_connected_4to8vertices_176instances_AdjacencyList__filehash_279b7452/hog_idx000056_cbcc7c9c36ce_seed3000042_L1_M1_standard.npz
Launched SDP PID=48160, key=n56_rep4_seed3000042
Launching SDP producer key=n56_rep5_seed4000042, n=56, repeat=5, seed=4000042, p=1, iterations=50, retry=0, cache=Results/warm_start_cache/triangleFree_connected_4to8vertices_176instances_AdjacencyList__filehash_279b7452/hog_idx000056_cbcc7c9c36ce_seed4000042_L1_M1_standard.npz
Launched SDP PID=48241, key=n56_rep5_seed4000042
Launching SDP producer key=n56_rep6_seed5000042, n=56, repeat=6, seed=5000042, p=1, iterations=50, retry=0, cache=Results/warm_start_cache/triangleFree_connected_4to8vertices_176instances_AdjacencyList__filehash_279b7452/hog_idx000056_cbcc7c9c36ce_seed5000042_L1_M1_standard.npz
Launched SDP PID=48395, key=n56_rep6_seed5000042
Launching SDP producer key=n56_rep7_seed6000042, n=56, repeat=7, seed=6000042, p=1, iterations=50, retry=0, cache=Results/warm_start_cache/triangleFree_connected_4to8vertices_176instances_AdjacencyList__filehash_279b7452/hog_idx000056_cbcc7c9c36ce_seed6000042_L1_M1_standard.npz
Launched SDP PID=48672, key=n56_rep7_seed6000042
Launching SDP producer key=n56_rep8_seed7000042, n=56, repeat=8, seed=7000042, p=1, iterations=50, retry=0, cache=Results/warm_start_cache/triangleFree_connected_4to8vertices_176instances_AdjacencyList__filehash_279b7452/hog_idx000056_cbcc7c9c36ce_seed7000042_L1_M1_standard.npz
Launched SDP PID=49000, key=n56_rep8_seed7000042
Loop status: pending_sdp=1192, running_sdp=5, pending_qaoa=0, running_qaoa=0, total_sdp_rss_mb=20, cache_size_mb=6
SDP producer failed for key=n56_rep4_seed3000042, exit_code=42
SDP producer failed for key=n56_rep5_seed4000042, exit_code=42
SDP producer failed for key=n56_rep6_seed5000042, exit_code=42
SDP producer failed for key=n56_rep8_seed7000042, exit_code=42
Launching SDP producer key=n56_rep9_seed8000042, n=56, repeat=9, seed=8000042, p=1, iterations=50, retry=0, cache=Results/warm_start_cache/triangleFree_connected_4to8vertices_176instances_AdjacencyList__filehash_279b7452/hog_idx000056_cbcc7c9c36ce_seed8000042_L1_M1_standard.npz
Launched SDP PID=54961, key=n56_rep9_seed8000042
Launching SDP producer key=n56_rep10_seed9000042, n=56, repeat=10, seed=9000042, p=1, iterations=50, retry=0, cache=Results/warm_start_cache/triangleFree_connected_4to8vertices_176instances_AdjacencyList__filehash_279b7452/hog_idx000056_cbcc7c9c36ce_seed9000042_L1_M1_standard.npz
Launched SDP PID=55128, key=n56_rep10_seed9000042
Launching SDP producer key=n57_rep1_seed42, n=57, repeat=1, seed=42, p=1, iterations=50, retry=0, cache=Results/warm_start_cache/triangleFree_connected_4to8vertices_176instances_AdjacencyList__filehash_279b7452/hog_idx000057_84aacabbd721_seed42_L1_M1_standard.npz
Launched SDP PID=55390, key=n57_rep1_seed42
Launching SDP producer key=n57_rep2_seed1000042, n=57, repeat=2, seed=1000042, p=1, iterations=50, retry=0, cache=Results/warm_start_cache/triangleFree_connected_4to8vertices_176instances_AdjacencyList__filehash_279b7452/hog_idx000057_84aacabbd721_seed1000042_L1_M1_standard.npz
Launched SDP PID=55700, key=n57_rep2_seed1000042
Loop status: pending_sdp=1188, running_sdp=5, pending_qaoa=0, running_qaoa=0, total_sdp_rss_mb=20, cache_size_mb=6
SDP producer failed for key=n56_rep7_seed6000042, exit_code=42
SDP producer failed for key=n56_rep9_seed8000042, exit_code=42
SDP producer failed for key=n56_rep10_seed9000042, exit_code=42
SDP producer failed for key=n57_rep1_seed42, exit_code=42
SDP producer failed for key=n57_rep2_seed1000042, exit_code=42
Launching SDP producer key=n57_rep3_seed2000042, n=57, repeat=3, seed=2000042, p=1, iterations=50, retry=0, cache=Results/warm_start_cache/triangleFree_connected_4to8vertices_176instances_AdjacencyList__filehash_279b7452/hog_idx000057_84aacabbd721_seed2000042_L1_M1_standard.npz
Launched SDP PID=61448, key=n57_rep3_seed2000042
Launching SDP producer key=n57_rep4_seed3000042, n=57, repeat=4, seed=3000042, p=1, iterations=50, retry=0, cache=Results/warm_start_cache/triangleFree_connected_4to8vertices_176instances_AdjacencyList__filehash_279b7452/hog_idx000057_84aacabbd721_seed3000042_L1_M1_standard.npz
Launched SDP PID=61538, key=n57_rep4_seed3000042
Launching SDP producer key=n57_rep5_seed4000042, n=57, repeat=5, seed=4000042, p=1, iterations=50, retry=0, cache=Results/warm_start_cache/triangleFree_connected_4to8vertices_176instances_AdjacencyList__filehash_279b7452/hog_idx000057_84aacabbd721_seed4000042_L1_M1_standard.npz
Launched SDP PID=61699, key=n57_rep5_seed4000042
Launching SDP producer key=n57_rep6_seed5000042, n=57, repeat=6, seed=5000042, p=1, iterations=50, retry=0, cache=Results/warm_start_cache/triangleFree_connected_4to8vertices_176instances_AdjacencyList__filehash_279b7452/hog_idx000057_84aacabbd721_seed5000042_L1_M1_standard.npz
Launched SDP PID=61952, key=n57_rep6_seed5000042
Launching SDP producer key=n57_rep7_seed6000042, n=57, repeat=7, seed=6000042, p=1, iterations=50, retry=0, cache=Results/warm_start_cache/triangleFree_connected_4to8vertices_176instances_AdjacencyList__filehash_279b7452/hog_idx000057_84aacabbd721_seed6000042_L1_M1_standard.npz
Launched SDP PID=62307, key=n57_rep7_seed6000042
Loop status: pending_sdp=1183, running_sdp=5, pending_qaoa=0, running_qaoa=0, total_sdp_rss_mb=20, cache_size_mb=6
SDP producer failed for key=n57_rep3_seed2000042, exit_code=42
SDP producer failed for key=n57_rep4_seed3000042, exit_code=42
SDP producer failed for key=n57_rep5_seed4000042, exit_code=42
SDP producer failed for key=n57_rep6_seed5000042, exit_code=42
SDP producer failed for key=n57_rep7_seed6000042, exit_code=42
Launching SDP producer key=n57_rep8_seed7000042, n=57, repeat=8, seed=7000042, p=1, iterations=50, retry=0, cache=Results/warm_start_cache/triangleFree_connected_4to8vertices_176instances_AdjacencyList__filehash_279b7452/hog_idx000057_84aacabbd721_seed7000042_L1_M1_standard.npz
Launched SDP PID=67791, key=n57_rep8_seed7000042
Launching SDP producer key=n57_rep9_seed8000042, n=57, repeat=9, seed=8000042, p=1, iterations=50, retry=0, cache=Results/warm_start_cache/triangleFree_connected_4to8vertices_176instances_AdjacencyList__filehash_279b7452/hog_idx000057_84aacabbd721_seed8000042_L1_M1_standard.npz
Launched SDP PID=67881, key=n57_rep9_seed8000042
Launching SDP producer key=n57_rep10_seed9000042, n=57, repeat=10, seed=9000042, p=1, iterations=50, retry=0, cache=Results/warm_start_cache/triangleFree_connected_4to8vertices_176instances_AdjacencyList__filehash_279b7452/hog_idx000057_84aacabbd721_seed9000042_L1_M1_standard.npz
Launched SDP PID=68042, key=n57_rep10_seed9000042
Launching SDP producer key=n58_rep1_seed42, n=58, repeat=1, seed=42, p=1, iterations=50, retry=0, cache=Results/warm_start_cache/triangleFree_connected_4to8vertices_176instances_AdjacencyList__filehash_279b7452/hog_idx000058_c1169d01da54_seed42_L1_M1_standard.npz
Launched SDP PID=68298, key=n58_rep1_seed42
Launching SDP producer key=n58_rep2_seed1000042, n=58, repeat=2, seed=1000042, p=1, iterations=50, retry=0, cache=Results/warm_start_cache/triangleFree_connected_4to8vertices_176instances_AdjacencyList__filehash_279b7452/hog_idx000058_c1169d01da54_seed1000042_L1_M1_standard.npz
Launched SDP PID=68632, key=n58_rep2_seed1000042
Loop status: pending_sdp=1178, running_sdp=5, pending_qaoa=0, running_qaoa=0, total_sdp_rss_mb=20, cache_size_mb=6
SDP producer failed for key=n57_rep8_seed7000042, exit_code=42
SDP producer failed for key=n57_rep9_seed8000042, exit_code=42
SDP producer failed for key=n57_rep10_seed9000042, exit_code=42
SDP producer failed for key=n58_rep1_seed42, exit_code=42
SDP producer failed for key=n58_rep2_seed1000042, exit_code=42
Launching SDP producer key=n58_rep3_seed2000042, n=58, repeat=3, seed=2000042, p=1, iterations=50, retry=0, cache=Results/warm_start_cache/triangleFree_connected_4to8vertices_176instances_AdjacencyList__filehash_279b7452/hog_idx000058_c1169d01da54_seed2000042_L1_M1_standard.npz
Launched SDP PID=74718, key=n58_rep3_seed2000042
Launching SDP producer key=n58_rep4_seed3000042, n=58, repeat=4, seed=3000042, p=1, iterations=50, retry=0, cache=Results/warm_start_cache/triangleFree_connected_4to8vertices_176instances_AdjacencyList__filehash_279b7452/hog_idx000058_c1169d01da54_seed3000042_L1_M1_standard.npz
Launched SDP PID=74829, key=n58_rep4_seed3000042
Launching SDP producer key=n58_rep5_seed4000042, n=58, repeat=5, seed=4000042, p=1, iterations=50, retry=0, cache=Results/warm_start_cache/triangleFree_connected_4to8vertices_176instances_AdjacencyList__filehash_279b7452/hog_idx000058_c1169d01da54_seed4000042_L1_M1_standard.npz
Launched SDP PID=74979, key=n58_rep5_seed4000042
Launching SDP producer key=n58_rep6_seed5000042, n=58, repeat=6, seed=5000042, p=1, iterations=50, retry=0, cache=Results/warm_start_cache/triangleFree_connected_4to8vertices_176instances_AdjacencyList__filehash_279b7452/hog_idx000058_c1169d01da54_seed5000042_L1_M1_standard.npz
Launched SDP PID=75230, key=n58_rep6_seed5000042
Launching SDP producer key=n58_rep7_seed6000042, n=58, repeat=7, seed=6000042, p=1, iterations=50, retry=0, cache=Results/warm_start_cache/triangleFree_connected_4to8vertices_176instances_AdjacencyList__filehash_279b7452/hog_idx000058_c1169d01da54_seed6000042_L1_M1_standard.npz
Launched SDP PID=75540, key=n58_rep7_seed6000042
Loop status: pending_sdp=1173, running_sdp=5, pending_qaoa=0, running_qaoa=0, total_sdp_rss_mb=20, cache_size_mb=6
SDP producer failed for key=n58_rep3_seed2000042, exit_code=42
SDP producer failed for key=n58_rep4_seed3000042, exit_code=42
SDP producer failed for key=n58_rep5_seed4000042, exit_code=42
SDP producer failed for key=n58_rep6_seed5000042, exit_code=42
SDP producer failed for key=n58_rep7_seed6000042, exit_code=42
Launching SDP producer key=n58_rep8_seed7000042, n=58, repeat=8, seed=7000042, p=1, iterations=50, retry=0, cache=Results/warm_start_cache/triangleFree_connected_4to8vertices_176instances_AdjacencyList__filehash_279b7452/hog_idx000058_c1169d01da54_seed7000042_L1_M1_standard.npz
Launched SDP PID=81196, key=n58_rep8_seed7000042
Launching SDP producer key=n58_rep9_seed8000042, n=58, repeat=9, seed=8000042, p=1, iterations=50, retry=0, cache=Results/warm_start_cache/triangleFree_connected_4to8vertices_176instances_AdjacencyList__filehash_279b7452/hog_idx000058_c1169d01da54_seed8000042_L1_M1_standard.npz
Launched SDP PID=81272, key=n58_rep9_seed8000042
Launching SDP producer key=n58_rep10_seed9000042, n=58, repeat=10, seed=9000042, p=1, iterations=50, retry=0, cache=Results/warm_start_cache/triangleFree_connected_4to8vertices_176instances_AdjacencyList__filehash_279b7452/hog_idx000058_c1169d01da54_seed9000042_L1_M1_standard.npz
Launched SDP PID=81440, key=n58_rep10_seed9000042
Launching SDP producer key=n59_rep1_seed42, n=59, repeat=1, seed=42, p=1, iterations=50, retry=0, cache=Results/warm_start_cache/triangleFree_connected_4to8vertices_176instances_AdjacencyList__filehash_279b7452/hog_idx000059_f4e85cf4a95f_seed42_L1_M1_standard.npz
Launched SDP PID=81686, key=n59_rep1_seed42
Launching SDP producer key=n59_rep2_seed1000042, n=59, repeat=2, seed=1000042, p=1, iterations=50, retry=0, cache=Results/warm_start_cache/triangleFree_connected_4to8vertices_176instances_AdjacencyList__filehash_279b7452/hog_idx000059_f4e85cf4a95f_seed1000042_L1_M1_standard.npz
Launched SDP PID=81989, key=n59_rep2_seed1000042
Loop status: pending_sdp=1168, running_sdp=5, pending_qaoa=0, running_qaoa=0, total_sdp_rss_mb=20, cache_size_mb=6
SDP producer failed for key=n58_rep8_seed7000042, exit_code=42
SDP producer failed for key=n58_rep9_seed8000042, exit_code=42
SDP producer failed for key=n58_rep10_seed9000042, exit_code=42
SDP producer failed for key=n59_rep1_seed42, exit_code=42
SDP producer failed for key=n59_rep2_seed1000042, exit_code=42
Launching SDP producer key=n59_rep3_seed2000042, n=59, repeat=3, seed=2000042, p=1, iterations=50, retry=0, cache=Results/warm_start_cache/triangleFree_connected_4to8vertices_176instances_AdjacencyList__filehash_279b7452/hog_idx000059_f4e85cf4a95f_seed2000042_L1_M1_standard.npz
Launched SDP PID=87734, key=n59_rep3_seed2000042
Launching SDP producer key=n59_rep4_seed3000042, n=59, repeat=4, seed=3000042, p=1, iterations=50, retry=0, cache=Results/warm_start_cache/triangleFree_connected_4to8vertices_176instances_AdjacencyList__filehash_279b7452/hog_idx000059_f4e85cf4a95f_seed3000042_L1_M1_standard.npz
Launched SDP PID=87831, key=n59_rep4_seed3000042
Launching SDP producer key=n59_rep5_seed4000042, n=59, repeat=5, seed=4000042, p=1, iterations=50, retry=0, cache=Results/warm_start_cache/triangleFree_connected_4to8vertices_176instances_AdjacencyList__filehash_279b7452/hog_idx000059_f4e85cf4a95f_seed4000042_L1_M1_standard.npz
Launched SDP PID=87980, key=n59_rep5_seed4000042
Launching SDP producer key=n59_rep6_seed5000042, n=59, repeat=6, seed=5000042, p=1, iterations=50, retry=0, cache=Results/warm_start_cache/triangleFree_connected_4to8vertices_176instances_AdjacencyList__filehash_279b7452/hog_idx000059_f4e85cf4a95f_seed5000042_L1_M1_standard.npz
Launched SDP PID=88219, key=n59_rep6_seed5000042
Launching SDP producer key=n59_rep7_seed6000042, n=59, repeat=7, seed=6000042, p=1, iterations=50, retry=0, cache=Results/warm_start_cache/triangleFree_connected_4to8vertices_176instances_AdjacencyList__filehash_279b7452/hog_idx000059_f4e85cf4a95f_seed6000042_L1_M1_standard.npz
Launched SDP PID=88522, key=n59_rep7_seed6000042
Loop status: pending_sdp=1163, running_sdp=5, pending_qaoa=0, running_qaoa=0, total_sdp_rss_mb=20, cache_size_mb=6
SDP producer failed for key=n59_rep3_seed2000042, exit_code=42
SDP producer failed for key=n59_rep4_seed3000042, exit_code=42
SDP producer failed for key=n59_rep5_seed4000042, exit_code=42
SDP producer failed for key=n59_rep6_seed5000042, exit_code=42
SDP producer failed for key=n59_rep7_seed6000042, exit_code=42
Launching SDP producer key=n59_rep8_seed7000042, n=59, repeat=8, seed=7000042, p=1, iterations=50, retry=0, cache=Results/warm_start_cache/triangleFree_connected_4to8vertices_176instances_AdjacencyList__filehash_279b7452/hog_idx000059_f4e85cf4a95f_seed7000042_L1_M1_standard.npz
Launched SDP PID=94488, key=n59_rep8_seed7000042
Launching SDP producer key=n59_rep9_seed8000042, n=59, repeat=9, seed=8000042, p=1, iterations=50, retry=0, cache=Results/warm_start_cache/triangleFree_connected_4to8vertices_176instances_AdjacencyList__filehash_279b7452/hog_idx000059_f4e85cf4a95f_seed8000042_L1_M1_standard.npz
Launched SDP PID=94569, key=n59_rep9_seed8000042
Launching SDP producer key=n59_rep10_seed9000042, n=59, repeat=10, seed=9000042, p=1, iterations=50, retry=0, cache=Results/warm_start_cache/triangleFree_connected_4to8vertices_176instances_AdjacencyList__filehash_279b7452/hog_idx000059_f4e85cf4a95f_seed9000042_L1_M1_standard.npz
Launched SDP PID=94739, key=n59_rep10_seed9000042
Launching SDP producer key=n60_rep1_seed42, n=60, repeat=1, seed=42, p=1, iterations=50, retry=0, cache=Results/warm_start_cache/triangleFree_connected_4to8vertices_176instances_AdjacencyList__filehash_279b7452/hog_idx000060_4887f0dd899b_seed42_L1_M1_standard.npz
Launched SDP PID=95017, key=n60_rep1_seed42
Launching SDP producer key=n60_rep2_seed1000042, n=60, repeat=2, seed=1000042, p=1, iterations=50, retry=0, cache=Results/warm_start_cache/triangleFree_connected_4to8vertices_176instances_AdjacencyList__filehash_279b7452/hog_idx000060_4887f0dd899b_seed1000042_L1_M1_standard.npz
Launched SDP PID=95383, key=n60_rep2_seed1000042
Loop status: pending_sdp=1158, running_sdp=5, pending_qaoa=0, running_qaoa=0, total_sdp_rss_mb=20, cache_size_mb=6
SDP producer failed for key=n59_rep8_seed7000042, exit_code=42
SDP producer failed for key=n59_rep9_seed8000042, exit_code=42
SDP producer failed for key=n59_rep10_seed9000042, exit_code=42
SDP producer failed for key=n60_rep1_seed42, exit_code=42
SDP producer failed for key=n60_rep2_seed1000042, exit_code=42
Launching SDP producer key=n60_rep3_seed2000042, n=60, repeat=3, seed=2000042, p=1, iterations=50, retry=0, cache=Results/warm_start_cache/triangleFree_connected_4to8vertices_176instances_AdjacencyList__filehash_279b7452/hog_idx000060_4887f0dd899b_seed2000042_L1_M1_standard.npz
Launched SDP PID=100091, key=n60_rep3_seed2000042
Launching SDP producer key=n60_rep4_seed3000042, n=60, repeat=4, seed=3000042, p=1, iterations=50, retry=0, cache=Results/warm_start_cache/triangleFree_connected_4to8vertices_176instances_AdjacencyList__filehash_279b7452/hog_idx000060_4887f0dd899b_seed3000042_L1_M1_standard.npz
Launched SDP PID=100174, key=n60_rep4_seed3000042
Launching SDP producer key=n60_rep5_seed4000042, n=60, repeat=5, seed=4000042, p=1, iterations=50, retry=0, cache=Results/warm_start_cache/triangleFree_connected_4to8vertices_176instances_AdjacencyList__filehash_279b7452/hog_idx000060_4887f0dd899b_seed4000042_L1_M1_standard.npz
Launched SDP PID=100255, key=n60_rep5_seed4000042
Launching SDP producer key=n60_rep6_seed5000042, n=60, repeat=6, seed=5000042, p=1, iterations=50, retry=0, cache=Results/warm_start_cache/triangleFree_connected_4to8vertices_176instances_AdjacencyList__filehash_279b7452/hog_idx000060_4887f0dd899b_seed5000042_L1_M1_standard.npz
Launched SDP PID=100304, key=n60_rep6_seed5000042
Launching SDP producer key=n60_rep7_seed6000042, n=60, repeat=7, seed=6000042, p=1, iterations=50, retry=0, cache=Results/warm_start_cache/triangleFree_connected_4to8vertices_176instances_AdjacencyList__filehash_279b7452/hog_idx000060_4887f0dd899b_seed6000042_L1_M1_standard.npz
Launched SDP PID=100341, key=n60_rep7_seed6000042
Loop status: pending_sdp=1153, running_sdp=5, pending_qaoa=0, running_qaoa=0, total_sdp_rss_mb=20, cache_size_mb=6
SDP producer failed for key=n60_rep3_seed2000042, exit_code=42
SDP producer failed for key=n60_rep4_seed3000042, exit_code=42
SDP producer failed for key=n60_rep5_seed4000042, exit_code=42
SDP producer failed for key=n60_rep6_seed5000042, exit_code=42
SDP producer failed for key=n60_rep7_seed6000042, exit_code=42
Launching SDP producer key=n60_rep8_seed7000042, n=60, repeat=8, seed=7000042, p=1, iterations=50, retry=0, cache=Results/warm_start_cache/triangleFree_connected_4to8vertices_176instances_AdjacencyList__filehash_279b7452/hog_idx000060_4887f0dd899b_seed7000042_L1_M1_standard.npz
Launched SDP PID=102126, key=n60_rep8_seed7000042
Launching SDP producer key=n60_rep9_seed8000042, n=60, repeat=9, seed=8000042, p=1, iterations=50, retry=0, cache=Results/warm_start_cache/triangleFree_connected_4to8vertices_176instances_AdjacencyList__filehash_279b7452/hog_idx000060_4887f0dd899b_seed8000042_L1_M1_standard.npz
Launched SDP PID=102168, key=n60_rep9_seed8000042
Launching SDP producer key=n60_rep10_seed9000042, n=60, repeat=10, seed=9000042, p=1, iterations=50, retry=0, cache=Results/warm_start_cache/triangleFree_connected_4to8vertices_176instances_AdjacencyList__filehash_279b7452/hog_idx000060_4887f0dd899b_seed9000042_L1_M1_standard.npz
Launched SDP PID=102252, key=n60_rep10_seed9000042
Launching SDP producer key=n61_rep1_seed42, n=61, repeat=1, seed=42, p=1, iterations=50, retry=0, cache=Results/warm_start_cache/triangleFree_connected_4to8vertices_176instances_AdjacencyList__filehash_279b7452/hog_idx000061_7a7f95441d74_seed42_L1_M1_standard.npz
Launched SDP PID=102425, key=n61_rep1_seed42
Launching SDP producer key=n61_rep2_seed1000042, n=61, repeat=2, seed=1000042, p=1, iterations=50, retry=0, cache=Results/warm_start_cache/triangleFree_connected_4to8vertices_176instances_AdjacencyList__filehash_279b7452/hog_idx000061_7a7f95441d74_seed1000042_L1_M1_standard.npz
Launched SDP PID=102741, key=n61_rep2_seed1000042
Loop status: pending_sdp=1148, running_sdp=5, pending_qaoa=0, running_qaoa=0, total_sdp_rss_mb=20, cache_size_mb=6
SDP producer failed for key=n60_rep8_seed7000042, exit_code=42
SDP producer failed for key=n60_rep9_seed8000042, exit_code=42
SDP producer failed for key=n60_rep10_seed9000042, exit_code=42
SDP producer failed for key=n61_rep1_seed42, exit_code=42
SDP producer failed for key=n61_rep2_seed1000042, exit_code=42
Launching SDP producer key=n61_rep3_seed2000042, n=61, repeat=3, seed=2000042, p=1, iterations=50, retry=0, cache=Results/warm_start_cache/triangleFree_connected_4to8vertices_176instances_AdjacencyList__filehash_279b7452/hog_idx000061_7a7f95441d74_seed2000042_L1_M1_standard.npz
Launched SDP PID=110346, key=n61_rep3_seed2000042
Launching SDP producer key=n61_rep4_seed3000042, n=61, repeat=4, seed=3000042, p=1, iterations=50, retry=0, cache=Results/warm_start_cache/triangleFree_connected_4to8vertices_176instances_AdjacencyList__filehash_279b7452/hog_idx000061_7a7f95441d74_seed3000042_L1_M1_standard.npz
Launched SDP PID=110452, key=n61_rep4_seed3000042
Launching SDP producer key=n61_rep5_seed4000042, n=61, repeat=5, seed=4000042, p=1, iterations=50, retry=0, cache=Results/warm_start_cache/triangleFree_connected_4to8vertices_176instances_AdjacencyList__filehash_279b7452/hog_idx000061_7a7f95441d74_seed4000042_L1_M1_standard.npz
Launched SDP PID=110702, key=n61_rep5_seed4000042
Launching SDP producer key=n61_rep6_seed5000042, n=61, repeat=6, seed=5000042, p=1, iterations=50, retry=0, cache=Results/warm_start_cache/triangleFree_connected_4to8vertices_176instances_AdjacencyList__filehash_279b7452/hog_idx000061_7a7f95441d74_seed5000042_L1_M1_standard.npz
Launched SDP PID=111046, key=n61_rep6_seed5000042
Launching SDP producer key=n61_rep7_seed6000042, n=61, repeat=7, seed=6000042, p=1, iterations=50, retry=0, cache=Results/warm_start_cache/triangleFree_connected_4to8vertices_176instances_AdjacencyList__filehash_279b7452/hog_idx000061_7a7f95441d74_seed6000042_L1_M1_standard.npz
Launched SDP PID=111463, key=n61_rep7_seed6000042
Loop status: pending_sdp=1143, running_sdp=5, pending_qaoa=0, running_qaoa=0, total_sdp_rss_mb=20, cache_size_mb=6
SDP producer failed for key=n61_rep3_seed2000042, exit_code=42
SDP producer failed for key=n61_rep4_seed3000042, exit_code=42
SDP producer failed for key=n61_rep5_seed4000042, exit_code=42
SDP producer failed for key=n61_rep6_seed5000042, exit_code=42
SDP producer failed for key=n61_rep7_seed6000042, exit_code=42
Launching SDP producer key=n61_rep8_seed7000042, n=61, repeat=8, seed=7000042, p=1, iterations=50, retry=0, cache=Results/warm_start_cache/triangleFree_connected_4to8vertices_176instances_AdjacencyList__filehash_279b7452/hog_idx000061_7a7f95441d74_seed7000042_L1_M1_standard.npz
Launched SDP PID=119078, key=n61_rep8_seed7000042
Launching SDP producer key=n61_rep9_seed8000042, n=61, repeat=9, seed=8000042, p=1, iterations=50, retry=0, cache=Results/warm_start_cache/triangleFree_connected_4to8vertices_176instances_AdjacencyList__filehash_279b7452/hog_idx000061_7a7f95441d74_seed8000042_L1_M1_standard.npz
Launched SDP PID=119196, key=n61_rep9_seed8000042
Launching SDP producer key=n61_rep10_seed9000042, n=61, repeat=10, seed=9000042, p=1, iterations=50, retry=0, cache=Results/warm_start_cache/triangleFree_connected_4to8vertices_176instances_AdjacencyList__filehash_279b7452/hog_idx000061_7a7f95441d74_seed9000042_L1_M1_standard.npz
Launched SDP PID=119392, key=n61_rep10_seed9000042
Launching SDP producer key=n62_rep1_seed42, n=62, repeat=1, seed=42, p=1, iterations=50, retry=0, cache=Results/warm_start_cache/triangleFree_connected_4to8vertices_176instances_AdjacencyList__filehash_279b7452/hog_idx000062_e84a9925662e_seed42_L1_M1_standard.npz
Launched SDP PID=119694, key=n62_rep1_seed42
Launching SDP producer key=n62_rep2_seed1000042, n=62, repeat=2, seed=1000042, p=1, iterations=50, retry=0, cache=Results/warm_start_cache/triangleFree_connected_4to8vertices_176instances_AdjacencyList__filehash_279b7452/hog_idx000062_e84a9925662e_seed1000042_L1_M1_standard.npz
Launched SDP PID=120102, key=n62_rep2_seed1000042
Loop status: pending_sdp=1138, running_sdp=5, pending_qaoa=0, running_qaoa=0, total_sdp_rss_mb=20, cache_size_mb=6
SDP producer failed for key=n61_rep8_seed7000042, exit_code=42
SDP producer failed for key=n61_rep9_seed8000042, exit_code=42
SDP producer failed for key=n61_rep10_seed9000042, exit_code=42
SDP producer failed for key=n62_rep1_seed42, exit_code=42
SDP producer failed for key=n62_rep2_seed1000042, exit_code=42
Launching SDP producer key=n62_rep3_seed2000042, n=62, repeat=3, seed=2000042, p=1, iterations=50, retry=0, cache=Results/warm_start_cache/triangleFree_connected_4to8vertices_176instances_AdjacencyList__filehash_279b7452/hog_idx000062_e84a9925662e_seed2000042_L1_M1_standard.npz
Launched SDP PID=127788, key=n62_rep3_seed2000042
Launching SDP producer key=n62_rep4_seed3000042, n=62, repeat=4, seed=3000042, p=1, iterations=50, retry=0, cache=Results/warm_start_cache/triangleFree_connected_4to8vertices_176instances_AdjacencyList__filehash_279b7452/hog_idx000062_e84a9925662e_seed3000042_L1_M1_standard.npz
Launched SDP PID=127871, key=n62_rep4_seed3000042
Launching SDP producer key=n62_rep5_seed4000042, n=62, repeat=5, seed=4000042, p=1, iterations=50, retry=0, cache=Results/warm_start_cache/triangleFree_connected_4to8vertices_176instances_AdjacencyList__filehash_279b7452/hog_idx000062_e84a9925662e_seed4000042_L1_M1_standard.npz
Launched SDP PID=128081, key=n62_rep5_seed4000042
Launching SDP producer key=n62_rep6_seed5000042, n=62, repeat=6, seed=5000042, p=1, iterations=50, retry=0, cache=Results/warm_start_cache/triangleFree_connected_4to8vertices_176instances_AdjacencyList__filehash_279b7452/hog_idx000062_e84a9925662e_seed5000042_L1_M1_standard.npz
Launched SDP PID=128355, key=n62_rep6_seed5000042
Launching SDP producer key=n62_rep7_seed6000042, n=62, repeat=7, seed=6000042, p=1, iterations=50, retry=0, cache=Results/warm_start_cache/triangleFree_connected_4to8vertices_176instances_AdjacencyList__filehash_279b7452/hog_idx000062_e84a9925662e_seed6000042_L1_M1_standard.npz
Launched SDP PID=128757, key=n62_rep7_seed6000042
Loop status: pending_sdp=1133, running_sdp=5, pending_qaoa=0, running_qaoa=0, total_sdp_rss_mb=20, cache_size_mb=6
SDP producer failed for key=n62_rep4_seed3000042, exit_code=42
SDP producer failed for key=n62_rep5_seed4000042, exit_code=42
SDP producer failed for key=n62_rep6_seed5000042, exit_code=42
SDP producer failed for key=n62_rep7_seed6000042, exit_code=42
Launching SDP producer key=n62_rep8_seed7000042, n=62, repeat=8, seed=7000042, p=1, iterations=50, retry=0, cache=Results/warm_start_cache/triangleFree_connected_4to8vertices_176instances_AdjacencyList__filehash_279b7452/hog_idx000062_e84a9925662e_seed7000042_L1_M1_standard.npz
Launched SDP PID=137022, key=n62_rep8_seed7000042
Launching SDP producer key=n62_rep9_seed8000042, n=62, repeat=9, seed=8000042, p=1, iterations=50, retry=0, cache=Results/warm_start_cache/triangleFree_connected_4to8vertices_176instances_AdjacencyList__filehash_279b7452/hog_idx000062_e84a9925662e_seed8000042_L1_M1_standard.npz
Launched SDP PID=137221, key=n62_rep9_seed8000042
Launching SDP producer key=n62_rep10_seed9000042, n=62, repeat=10, seed=9000042, p=1, iterations=50, retry=0, cache=Results/warm_start_cache/triangleFree_connected_4to8vertices_176instances_AdjacencyList__filehash_279b7452/hog_idx000062_e84a9925662e_seed9000042_L1_M1_standard.npz
Launched SDP PID=137530, key=n62_rep10_seed9000042
SDP producer failed for key=n62_rep3_seed2000042, exit_code=42
Launching SDP producer key=n63_rep1_seed42, n=63, repeat=1, seed=42, p=1, iterations=50, retry=0, cache=Results/warm_start_cache/triangleFree_connected_4to8vertices_176instances_AdjacencyList__filehash_279b7452/hog_idx000063_391b8c12c0f1_seed42_L1_M1_standard.npz
Launched SDP PID=137943, key=n63_rep1_seed42
Launching SDP producer key=n63_rep2_seed1000042, n=63, repeat=2, seed=1000042, p=1, iterations=50, retry=0, cache=Results/warm_start_cache/triangleFree_connected_4to8vertices_176instances_AdjacencyList__filehash_279b7452/hog_idx000063_391b8c12c0f1_seed1000042_L1_M1_standard.npz
Launched SDP PID=138370, key=n63_rep2_seed1000042
Loop status: pending_sdp=1128, running_sdp=5, pending_qaoa=0, running_qaoa=0, total_sdp_rss_mb=20, cache_size_mb=6
SDP producer failed for key=n62_rep8_seed7000042, exit_code=42
SDP producer failed for key=n62_rep9_seed8000042, exit_code=42
SDP producer failed for key=n62_rep10_seed9000042, exit_code=42
SDP producer failed for key=n63_rep1_seed42, exit_code=42
SDP producer failed for key=n63_rep2_seed1000042, exit_code=42
Launching SDP producer key=n63_rep3_seed2000042, n=63, repeat=3, seed=2000042, p=1, iterations=50, retry=0, cache=Results/warm_start_cache/triangleFree_connected_4to8vertices_176instances_AdjacencyList__filehash_279b7452/hog_idx000063_391b8c12c0f1_seed2000042_L1_M1_standard.npz
Launched SDP PID=146336, key=n63_rep3_seed2000042
Launching SDP producer key=n63_rep4_seed3000042, n=63, repeat=4, seed=3000042, p=1, iterations=50, retry=0, cache=Results/warm_start_cache/triangleFree_connected_4to8vertices_176instances_AdjacencyList__filehash_279b7452/hog_idx000063_391b8c12c0f1_seed3000042_L1_M1_standard.npz
Launched SDP PID=146496, key=n63_rep4_seed3000042
Launching SDP producer key=n63_rep5_seed4000042, n=63, repeat=5, seed=4000042, p=1, iterations=50, retry=0, cache=Results/warm_start_cache/triangleFree_connected_4to8vertices_176instances_AdjacencyList__filehash_279b7452/hog_idx000063_391b8c12c0f1_seed4000042_L1_M1_standard.npz
Launched SDP PID=146650, key=n63_rep5_seed4000042
Launching SDP producer key=n63_rep6_seed5000042, n=63, repeat=6, seed=5000042, p=1, iterations=50, retry=0, cache=Results/warm_start_cache/triangleFree_connected_4to8vertices_176instances_AdjacencyList__filehash_279b7452/hog_idx000063_391b8c12c0f1_seed5000042_L1_M1_standard.npz
Launched SDP PID=146985, key=n63_rep6_seed5000042
Launching SDP producer key=n63_rep7_seed6000042, n=63, repeat=7, seed=6000042, p=1, iterations=50, retry=0, cache=Results/warm_start_cache/triangleFree_connected_4to8vertices_176instances_AdjacencyList__filehash_279b7452/hog_idx000063_391b8c12c0f1_seed6000042_L1_M1_standard.npz
Launched SDP PID=147410, key=n63_rep7_seed6000042
Loop status: pending_sdp=1123, running_sdp=5, pending_qaoa=0, running_qaoa=0, total_sdp_rss_mb=20, cache_size_mb=6
SDP producer failed for key=n63_rep3_seed2000042, exit_code=42
SDP producer failed for key=n63_rep4_seed3000042, exit_code=42
SDP producer failed for key=n63_rep5_seed4000042, exit_code=42
SDP producer failed for key=n63_rep6_seed5000042, exit_code=42
SDP producer failed for key=n63_rep7_seed6000042, exit_code=42
Launching SDP producer key=n63_rep8_seed7000042, n=63, repeat=8, seed=7000042, p=1, iterations=50, retry=0, cache=Results/warm_start_cache/triangleFree_connected_4to8vertices_176instances_AdjacencyList__filehash_279b7452/hog_idx000063_391b8c12c0f1_seed7000042_L1_M1_standard.npz
Launched SDP PID=155260, key=n63_rep8_seed7000042
Launching SDP producer key=n63_rep9_seed8000042, n=63, repeat=9, seed=8000042, p=1, iterations=50, retry=0, cache=Results/warm_start_cache/triangleFree_connected_4to8vertices_176instances_AdjacencyList__filehash_279b7452/hog_idx000063_391b8c12c0f1_seed8000042_L1_M1_standard.npz
Launched SDP PID=155392, key=n63_rep9_seed8000042
Launching SDP producer key=n63_rep10_seed9000042, n=63, repeat=10, seed=9000042, p=1, iterations=50, retry=0, cache=Results/warm_start_cache/triangleFree_connected_4to8vertices_176instances_AdjacencyList__filehash_279b7452/hog_idx000063_391b8c12c0f1_seed9000042_L1_M1_standard.npz
Launched SDP PID=155581, key=n63_rep10_seed9000042
Launching SDP producer key=n64_rep1_seed42, n=64, repeat=1, seed=42, p=1, iterations=50, retry=0, cache=Results/warm_start_cache/triangleFree_connected_4to8vertices_176instances_AdjacencyList__filehash_279b7452/hog_idx000064_0dde3878596b_seed42_L1_M1_standard.npz
Launched SDP PID=155883, key=n64_rep1_seed42
Launching SDP producer key=n64_rep2_seed1000042, n=64, repeat=2, seed=1000042, p=1, iterations=50, retry=0, cache=Results/warm_start_cache/triangleFree_connected_4to8vertices_176instances_AdjacencyList__filehash_279b7452/hog_idx000064_0dde3878596b_seed1000042_L1_M1_standard.npz
Launched SDP PID=156308, key=n64_rep2_seed1000042
Loop status: pending_sdp=1118, running_sdp=5, pending_qaoa=0, running_qaoa=0, total_sdp_rss_mb=20, cache_size_mb=6
SDP producer failed for key=n63_rep8_seed7000042, exit_code=42
SDP producer failed for key=n63_rep9_seed8000042, exit_code=42
SDP producer failed for key=n63_rep10_seed9000042, exit_code=42
SDP producer failed for key=n64_rep1_seed42, exit_code=42
SDP producer failed for key=n64_rep2_seed1000042, exit_code=42
Launching SDP producer key=n64_rep3_seed2000042, n=64, repeat=3, seed=2000042, p=1, iterations=50, retry=0, cache=Results/warm_start_cache/triangleFree_connected_4to8vertices_176instances_AdjacencyList__filehash_279b7452/hog_idx000064_0dde3878596b_seed2000042_L1_M1_standard.npz
Launched SDP PID=164591, key=n64_rep3_seed2000042
Launching SDP producer key=n64_rep4_seed3000042, n=64, repeat=4, seed=3000042, p=1, iterations=50, retry=0, cache=Results/warm_start_cache/triangleFree_connected_4to8vertices_176instances_AdjacencyList__filehash_279b7452/hog_idx000064_0dde3878596b_seed3000042_L1_M1_standard.npz
Launched SDP PID=164702, key=n64_rep4_seed3000042
Launching SDP producer key=n64_rep5_seed4000042, n=64, repeat=5, seed=4000042, p=1, iterations=50, retry=0, cache=Results/warm_start_cache/triangleFree_connected_4to8vertices_176instances_AdjacencyList__filehash_279b7452/hog_idx000064_0dde3878596b_seed4000042_L1_M1_standard.npz
Launched SDP PID=164905, key=n64_rep5_seed4000042
Launching SDP producer key=n64_rep6_seed5000042, n=64, repeat=6, seed=5000042, p=1, iterations=50, retry=0, cache=Results/warm_start_cache/triangleFree_connected_4to8vertices_176instances_AdjacencyList__filehash_279b7452/hog_idx000064_0dde3878596b_seed5000042_L1_M1_standard.npz
Launched SDP PID=165200, key=n64_rep6_seed5000042
Launching SDP producer key=n64_rep7_seed6000042, n=64, repeat=7, seed=6000042, p=1, iterations=50, retry=0, cache=Results/warm_start_cache/triangleFree_connected_4to8vertices_176instances_AdjacencyList__filehash_279b7452/hog_idx000064_0dde3878596b_seed6000042_L1_M1_standard.npz
Launched SDP PID=165558, key=n64_rep7_seed6000042
Loop status: pending_sdp=1113, running_sdp=5, pending_qaoa=0, running_qaoa=0, total_sdp_rss_mb=20, cache_size_mb=6
SDP producer failed for key=n64_rep3_seed2000042, exit_code=42
SDP producer failed for key=n64_rep4_seed3000042, exit_code=42
SDP producer failed for key=n64_rep5_seed4000042, exit_code=42
SDP producer failed for key=n64_rep6_seed5000042, exit_code=42
SDP producer failed for key=n64_rep7_seed6000042, exit_code=42
Launching SDP producer key=n64_rep8_seed7000042, n=64, repeat=8, seed=7000042, p=1, iterations=50, retry=0, cache=Results/warm_start_cache/triangleFree_connected_4to8vertices_176instances_AdjacencyList__filehash_279b7452/hog_idx000064_0dde3878596b_seed7000042_L1_M1_standard.npz
Launched SDP PID=172917, key=n64_rep8_seed7000042
Launching SDP producer key=n64_rep9_seed8000042, n=64, repeat=9, seed=8000042, p=1, iterations=50, retry=0, cache=Results/warm_start_cache/triangleFree_connected_4to8vertices_176instances_AdjacencyList__filehash_279b7452/hog_idx000064_0dde3878596b_seed8000042_L1_M1_standard.npz
Launched SDP PID=173009, key=n64_rep9_seed8000042
Launching SDP producer key=n64_rep10_seed9000042, n=64, repeat=10, seed=9000042, p=1, iterations=50, retry=0, cache=Results/warm_start_cache/triangleFree_connected_4to8vertices_176instances_AdjacencyList__filehash_279b7452/hog_idx000064_0dde3878596b_seed9000042_L1_M1_standard.npz
Launched SDP PID=173190, key=n64_rep10_seed9000042
Launching SDP producer key=n65_rep1_seed42, n=65, repeat=1, seed=42, p=1, iterations=50, retry=0, cache=Results/warm_start_cache/triangleFree_connected_4to8vertices_176instances_AdjacencyList__filehash_279b7452/hog_idx000065_7c60ba700ffd_seed42_L1_M1_standard.npz
Launched SDP PID=173468, key=n65_rep1_seed42
Launching SDP producer key=n65_rep2_seed1000042, n=65, repeat=2, seed=1000042, p=1, iterations=50, retry=0, cache=Results/warm_start_cache/triangleFree_connected_4to8vertices_176instances_AdjacencyList__filehash_279b7452/hog_idx000065_7c60ba700ffd_seed1000042_L1_M1_standard.npz
Launched SDP PID=173852, key=n65_rep2_seed1000042
Loop status: pending_sdp=1108, running_sdp=5, pending_qaoa=0, running_qaoa=0, total_sdp_rss_mb=20, cache_size_mb=6
SDP producer failed for key=n64_rep8_seed7000042, exit_code=42
SDP producer failed for key=n64_rep9_seed8000042, exit_code=42
SDP producer failed for key=n64_rep10_seed9000042, exit_code=42
SDP producer failed for key=n65_rep1_seed42, exit_code=42
SDP producer failed for key=n65_rep2_seed1000042, exit_code=42
Launching SDP producer key=n65_rep3_seed2000042, n=65, repeat=3, seed=2000042, p=1, iterations=50, retry=0, cache=Results/warm_start_cache/triangleFree_connected_4to8vertices_176instances_AdjacencyList__filehash_279b7452/hog_idx000065_7c60ba700ffd_seed2000042_L1_M1_standard.npz
Launched SDP PID=177542, key=n65_rep3_seed2000042
Launching SDP producer key=n65_rep4_seed3000042, n=65, repeat=4, seed=3000042, p=1, iterations=50, retry=0, cache=Results/warm_start_cache/triangleFree_connected_4to8vertices_176instances_AdjacencyList__filehash_279b7452/hog_idx000065_7c60ba700ffd_seed3000042_L1_M1_standard.npz
Launched SDP PID=177578, key=n65_rep4_seed3000042
Launching SDP producer key=n65_rep5_seed4000042, n=65, repeat=5, seed=4000042, p=1, iterations=50, retry=0, cache=Results/warm_start_cache/triangleFree_connected_4to8vertices_176instances_AdjacencyList__filehash_279b7452/hog_idx000065_7c60ba700ffd_seed4000042_L1_M1_standard.npz
Launched SDP PID=177646, key=n65_rep5_seed4000042
Launching SDP producer key=n65_rep6_seed5000042, n=65, repeat=6, seed=5000042, p=1, iterations=50, retry=0, cache=Results/warm_start_cache/triangleFree_connected_4to8vertices_176instances_AdjacencyList__filehash_279b7452/hog_idx000065_7c60ba700ffd_seed5000042_L1_M1_standard.npz
Launched SDP PID=177739, key=n65_rep6_seed5000042
Launching SDP producer key=n65_rep7_seed6000042, n=65, repeat=7, seed=6000042, p=1, iterations=50, retry=0, cache=Results/warm_start_cache/triangleFree_connected_4to8vertices_176instances_AdjacencyList__filehash_279b7452/hog_idx000065_7c60ba700ffd_seed6000042_L1_M1_standard.npz
Launched SDP PID=177885, key=n65_rep7_seed6000042
Loop status: pending_sdp=1103, running_sdp=5, pending_qaoa=0, running_qaoa=0, total_sdp_rss_mb=20, cache_size_mb=6
SDP producer failed for key=n65_rep3_seed2000042, exit_code=42
SDP producer failed for key=n65_rep4_seed3000042, exit_code=42
SDP producer failed for key=n65_rep5_seed4000042, exit_code=42
SDP producer failed for key=n65_rep6_seed5000042, exit_code=42
SDP producer failed for key=n65_rep7_seed6000042, exit_code=42
Launching SDP producer key=n65_rep8_seed7000042, n=65, repeat=8, seed=7000042, p=1, iterations=50, retry=0, cache=Results/warm_start_cache/triangleFree_connected_4to8vertices_176instances_AdjacencyList__filehash_279b7452/hog_idx000065_7c60ba700ffd_seed7000042_L1_M1_standard.npz
Launched SDP PID=185575, key=n65_rep8_seed7000042
Launching SDP producer key=n65_rep9_seed8000042, n=65, repeat=9, seed=8000042, p=1, iterations=50, retry=0, cache=Results/warm_start_cache/triangleFree_connected_4to8vertices_176instances_AdjacencyList__filehash_279b7452/hog_idx000065_7c60ba700ffd_seed8000042_L1_M1_standard.npz
Launched SDP PID=185698, key=n65_rep9_seed8000042
Launching SDP producer key=n65_rep10_seed9000042, n=65, repeat=10, seed=9000042, p=1, iterations=50, retry=0, cache=Results/warm_start_cache/triangleFree_connected_4to8vertices_176instances_AdjacencyList__filehash_279b7452/hog_idx000065_7c60ba700ffd_seed9000042_L1_M1_standard.npz
Launched SDP PID=185922, key=n65_rep10_seed9000042
Launching SDP producer key=n66_rep1_seed42, n=66, repeat=1, seed=42, p=1, iterations=50, retry=0, cache=Results/warm_start_cache/triangleFree_connected_4to8vertices_176instances_AdjacencyList__filehash_279b7452/hog_idx000066_25b180cdbea7_seed42_L1_M1_standard.npz
Launched SDP PID=186224, key=n66_rep1_seed42
Launching SDP producer key=n66_rep2_seed1000042, n=66, repeat=2, seed=1000042, p=1, iterations=50, retry=0, cache=Results/warm_start_cache/triangleFree_connected_4to8vertices_176instances_AdjacencyList__filehash_279b7452/hog_idx000066_25b180cdbea7_seed1000042_L1_M1_standard.npz
Launched SDP PID=186639, key=n66_rep2_seed1000042
Loop status: pending_sdp=1098, running_sdp=5, pending_qaoa=0, running_qaoa=0, total_sdp_rss_mb=20, cache_size_mb=7
SDP producer failed for key=n65_rep8_seed7000042, exit_code=42
SDP producer failed for key=n65_rep9_seed8000042, exit_code=42
SDP producer failed for key=n65_rep10_seed9000042, exit_code=42
SDP producer failed for key=n66_rep1_seed42, exit_code=42
SDP producer failed for key=n66_rep2_seed1000042, exit_code=42
Launching SDP producer key=n66_rep3_seed2000042, n=66, repeat=3, seed=2000042, p=1, iterations=50, retry=0, cache=Results/warm_start_cache/triangleFree_connected_4to8vertices_176instances_AdjacencyList__filehash_279b7452/hog_idx000066_25b180cdbea7_seed2000042_L1_M1_standard.npz
Launched SDP PID=194995, key=n66_rep3_seed2000042
Launching SDP producer key=n66_rep4_seed3000042, n=66, repeat=4, seed=3000042, p=1, iterations=50, retry=0, cache=Results/warm_start_cache/triangleFree_connected_4to8vertices_176instances_AdjacencyList__filehash_279b7452/hog_idx000066_25b180cdbea7_seed3000042_L1_M1_standard.npz
Launched SDP PID=195099, key=n66_rep4_seed3000042
Launching SDP producer key=n66_rep5_seed4000042, n=66, repeat=5, seed=4000042, p=1, iterations=50, retry=0, cache=Results/warm_start_cache/triangleFree_connected_4to8vertices_176instances_AdjacencyList__filehash_279b7452/hog_idx000066_25b180cdbea7_seed4000042_L1_M1_standard.npz
Launched SDP PID=195323, key=n66_rep5_seed4000042
Launching SDP producer key=n66_rep6_seed5000042, n=66, repeat=6, seed=5000042, p=1, iterations=50, retry=0, cache=Results/warm_start_cache/triangleFree_connected_4to8vertices_176instances_AdjacencyList__filehash_279b7452/hog_idx000066_25b180cdbea7_seed5000042_L1_M1_standard.npz
Launched SDP PID=195605, key=n66_rep6_seed5000042
Launching SDP producer key=n66_rep7_seed6000042, n=66, repeat=7, seed=6000042, p=1, iterations=50, retry=0, cache=Results/warm_start_cache/triangleFree_connected_4to8vertices_176instances_AdjacencyList__filehash_279b7452/hog_idx000066_25b180cdbea7_seed6000042_L1_M1_standard.npz
Launched SDP PID=196088, key=n66_rep7_seed6000042
Loop status: pending_sdp=1093, running_sdp=5, pending_qaoa=0, running_qaoa=0, total_sdp_rss_mb=20, cache_size_mb=7
SDP producer failed for key=n66_rep3_seed2000042, exit_code=42
SDP producer failed for key=n66_rep4_seed3000042, exit_code=42
SDP producer failed for key=n66_rep5_seed4000042, exit_code=42
SDP producer failed for key=n66_rep7_seed6000042, exit_code=42
Launching SDP producer key=n66_rep8_seed7000042, n=66, repeat=8, seed=7000042, p=1, iterations=50, retry=0, cache=Results/warm_start_cache/triangleFree_connected_4to8vertices_176instances_AdjacencyList__filehash_279b7452/hog_idx000066_25b180cdbea7_seed7000042_L1_M1_standard.npz
Launched SDP PID=204193, key=n66_rep8_seed7000042
Launching SDP producer key=n66_rep9_seed8000042, n=66, repeat=9, seed=8000042, p=1, iterations=50, retry=0, cache=Results/warm_start_cache/triangleFree_connected_4to8vertices_176instances_AdjacencyList__filehash_279b7452/hog_idx000066_25b180cdbea7_seed8000042_L1_M1_standard.npz
Launched SDP PID=204375, key=n66_rep9_seed8000042
Launching SDP producer key=n66_rep10_seed9000042, n=66, repeat=10, seed=9000042, p=1, iterations=50, retry=0, cache=Results/warm_start_cache/triangleFree_connected_4to8vertices_176instances_AdjacencyList__filehash_279b7452/hog_idx000066_25b180cdbea7_seed9000042_L1_M1_standard.npz
Launched SDP PID=204677, key=n66_rep10_seed9000042
Launching SDP producer key=n67_rep1_seed42, n=67, repeat=1, seed=42, p=1, iterations=50, retry=0, cache=Results/warm_start_cache/triangleFree_connected_4to8vertices_176instances_AdjacencyList__filehash_279b7452/hog_idx000067_858fce9fce83_seed42_L1_M1_standard.npz
Launched SDP PID=205106, key=n67_rep1_seed42
Loop status: pending_sdp=1089, running_sdp=5, pending_qaoa=0, running_qaoa=0, total_sdp_rss_mb=20, cache_size_mb=7
SDP producer failed for key=n66_rep6_seed5000042, exit_code=42
SDP producer failed for key=n66_rep8_seed7000042, exit_code=42
SDP producer failed for key=n66_rep9_seed8000042, exit_code=42
SDP producer failed for key=n66_rep10_seed9000042, exit_code=42
SDP producer failed for key=n67_rep1_seed42, exit_code=42
Launching SDP producer key=n67_rep2_seed1000042, n=67, repeat=2, seed=1000042, p=1, iterations=50, retry=0, cache=Results/warm_start_cache/triangleFree_connected_4to8vertices_176instances_AdjacencyList__filehash_279b7452/hog_idx000067_858fce9fce83_seed1000042_L1_M1_standard.npz
Launched SDP PID=213307, key=n67_rep2_seed1000042
Launching SDP producer key=n67_rep3_seed2000042, n=67, repeat=3, seed=2000042, p=1, iterations=50, retry=0, cache=Results/warm_start_cache/triangleFree_connected_4to8vertices_176instances_AdjacencyList__filehash_279b7452/hog_idx000067_858fce9fce83_seed2000042_L1_M1_standard.npz
Launched SDP PID=213411, key=n67_rep3_seed2000042
Launching SDP producer key=n67_rep4_seed3000042, n=67, repeat=4, seed=3000042, p=1, iterations=50, retry=0, cache=Results/warm_start_cache/triangleFree_connected_4to8vertices_176instances_AdjacencyList__filehash_279b7452/hog_idx000067_858fce9fce83_seed3000042_L1_M1_standard.npz
Launched SDP PID=213614, key=n67_rep4_seed3000042
Launching SDP producer key=n67_rep5_seed4000042, n=67, repeat=5, seed=4000042, p=1, iterations=50, retry=0, cache=Results/warm_start_cache/triangleFree_connected_4to8vertices_176instances_AdjacencyList__filehash_279b7452/hog_idx000067_858fce9fce83_seed4000042_L1_M1_standard.npz
Launched SDP PID=213930, key=n67_rep5_seed4000042
Launching SDP producer key=n67_rep6_seed5000042, n=67, repeat=6, seed=5000042, p=1, iterations=50, retry=0, cache=Results/warm_start_cache/triangleFree_connected_4to8vertices_176instances_AdjacencyList__filehash_279b7452/hog_idx000067_858fce9fce83_seed5000042_L1_M1_standard.npz
Launched SDP PID=214346, key=n67_rep6_seed5000042
Loop status: pending_sdp=1084, running_sdp=5, pending_qaoa=0, running_qaoa=0, total_sdp_rss_mb=20, cache_size_mb=7
SDP producer failed for key=n67_rep2_seed1000042, exit_code=42
SDP producer failed for key=n67_rep3_seed2000042, exit_code=42
SDP producer failed for key=n67_rep4_seed3000042, exit_code=42
SDP producer failed for key=n67_rep5_seed4000042, exit_code=42
SDP producer failed for key=n67_rep6_seed5000042, exit_code=42
Launching SDP producer key=n67_rep7_seed6000042, n=67, repeat=7, seed=6000042, p=1, iterations=50, retry=0, cache=Results/warm_start_cache/triangleFree_connected_4to8vertices_176instances_AdjacencyList__filehash_279b7452/hog_idx000067_858fce9fce83_seed6000042_L1_M1_standard.npz
Launched SDP PID=222292, key=n67_rep7_seed6000042
Launching SDP producer key=n67_rep8_seed7000042, n=67, repeat=8, seed=7000042, p=1, iterations=50, retry=0, cache=Results/warm_start_cache/triangleFree_connected_4to8vertices_176instances_AdjacencyList__filehash_279b7452/hog_idx000067_858fce9fce83_seed7000042_L1_M1_standard.npz
Launched SDP PID=222410, key=n67_rep8_seed7000042
Launching SDP producer key=n67_rep9_seed8000042, n=67, repeat=9, seed=8000042, p=1, iterations=50, retry=0, cache=Results/warm_start_cache/triangleFree_connected_4to8vertices_176instances_AdjacencyList__filehash_279b7452/hog_idx000067_858fce9fce83_seed8000042_L1_M1_standard.npz
Launched SDP PID=222599, key=n67_rep9_seed8000042
Launching SDP producer key=n67_rep10_seed9000042, n=67, repeat=10, seed=9000042, p=1, iterations=50, retry=0, cache=Results/warm_start_cache/triangleFree_connected_4to8vertices_176instances_AdjacencyList__filehash_279b7452/hog_idx000067_858fce9fce83_seed9000042_L1_M1_standard.npz
Launched SDP PID=222908, key=n67_rep10_seed9000042
Launching SDP producer key=n68_rep1_seed42, n=68, repeat=1, seed=42, p=1, iterations=50, retry=0, cache=Results/warm_start_cache/triangleFree_connected_4to8vertices_176instances_AdjacencyList__filehash_279b7452/hog_idx000068_00cdbfc79b2d_seed42_L1_M1_standard.npz
Launched SDP PID=223384, key=n68_rep1_seed42
Loop status: pending_sdp=1079, running_sdp=5, pending_qaoa=0, running_qaoa=0, total_sdp_rss_mb=20, cache_size_mb=7
SDP producer failed for key=n67_rep7_seed6000042, exit_code=42
SDP producer failed for key=n67_rep8_seed7000042, exit_code=42
SDP producer failed for key=n67_rep9_seed8000042, exit_code=42
SDP producer failed for key=n67_rep10_seed9000042, exit_code=42
SDP producer failed for key=n68_rep1_seed42, exit_code=42
Launching SDP producer key=n68_rep2_seed1000042, n=68, repeat=2, seed=1000042, p=1, iterations=50, retry=0, cache=Results/warm_start_cache/triangleFree_connected_4to8vertices_176instances_AdjacencyList__filehash_279b7452/hog_idx000068_00cdbfc79b2d_seed1000042_L1_M1_standard.npz
Launched SDP PID=231579, key=n68_rep2_seed1000042
Launching SDP producer key=n68_rep3_seed2000042, n=68, repeat=3, seed=2000042, p=1, iterations=50, retry=0, cache=Results/warm_start_cache/triangleFree_connected_4to8vertices_176instances_AdjacencyList__filehash_279b7452/hog_idx000068_00cdbfc79b2d_seed2000042_L1_M1_standard.npz
Launched SDP PID=231697, key=n68_rep3_seed2000042
Launching SDP producer key=n68_rep4_seed3000042, n=68, repeat=4, seed=3000042, p=1, iterations=50, retry=0, cache=Results/warm_start_cache/triangleFree_connected_4to8vertices_176instances_AdjacencyList__filehash_279b7452/hog_idx000068_00cdbfc79b2d_seed3000042_L1_M1_standard.npz
Launched SDP PID=231900, key=n68_rep4_seed3000042
Launching SDP producer key=n68_rep5_seed4000042, n=68, repeat=5, seed=4000042, p=1, iterations=50, retry=0, cache=Results/warm_start_cache/triangleFree_connected_4to8vertices_176instances_AdjacencyList__filehash_279b7452/hog_idx000068_00cdbfc79b2d_seed4000042_L1_M1_standard.npz
Launched SDP PID=232233, key=n68_rep5_seed4000042
Launching SDP producer key=n68_rep6_seed5000042, n=68, repeat=6, seed=5000042, p=1, iterations=50, retry=0, cache=Results/warm_start_cache/triangleFree_connected_4to8vertices_176instances_AdjacencyList__filehash_279b7452/hog_idx000068_00cdbfc79b2d_seed5000042_L1_M1_standard.npz
Launched SDP PID=232661, key=n68_rep6_seed5000042
Loop status: pending_sdp=1074, running_sdp=5, pending_qaoa=0, running_qaoa=0, total_sdp_rss_mb=20, cache_size_mb=7
SDP producer failed for key=n68_rep2_seed1000042, exit_code=42
SDP producer failed for key=n68_rep3_seed2000042, exit_code=42
SDP producer failed for key=n68_rep4_seed3000042, exit_code=42
SDP producer failed for key=n68_rep5_seed4000042, exit_code=42
SDP producer failed for key=n68_rep6_seed5000042, exit_code=42
Launching SDP producer key=n68_rep7_seed6000042, n=68, repeat=7, seed=6000042, p=1, iterations=50, retry=0, cache=Results/warm_start_cache/triangleFree_connected_4to8vertices_176instances_AdjacencyList__filehash_279b7452/hog_idx000068_00cdbfc79b2d_seed6000042_L1_M1_standard.npz
Launched SDP PID=241123, key=n68_rep7_seed6000042
Launching SDP producer key=n68_rep8_seed7000042, n=68, repeat=8, seed=7000042, p=1, iterations=50, retry=0, cache=Results/warm_start_cache/triangleFree_connected_4to8vertices_176instances_AdjacencyList__filehash_279b7452/hog_idx000068_00cdbfc79b2d_seed7000042_L1_M1_standard.npz
Launched SDP PID=241234, key=n68_rep8_seed7000042
Launching SDP producer key=n68_rep9_seed8000042, n=68, repeat=9, seed=8000042, p=1, iterations=50, retry=0, cache=Results/warm_start_cache/triangleFree_connected_4to8vertices_176instances_AdjacencyList__filehash_279b7452/hog_idx000068_00cdbfc79b2d_seed8000042_L1_M1_standard.npz
Launched SDP PID=241461, key=n68_rep9_seed8000042
Launching SDP producer key=n68_rep10_seed9000042, n=68, repeat=10, seed=9000042, p=1, iterations=50, retry=0, cache=Results/warm_start_cache/triangleFree_connected_4to8vertices_176instances_AdjacencyList__filehash_279b7452/hog_idx000068_00cdbfc79b2d_seed9000042_L1_M1_standard.npz
Launched SDP PID=241805, key=n68_rep10_seed9000042
Launching SDP producer key=n69_rep1_seed42, n=69, repeat=1, seed=42, p=1, iterations=50, retry=0, cache=Results/warm_start_cache/triangleFree_connected_4to8vertices_176instances_AdjacencyList__filehash_279b7452/hog_idx000069_0b7538d2afdd_seed42_L1_M1_standard.npz
Launched SDP PID=242238, key=n69_rep1_seed42
Loop status: pending_sdp=1069, running_sdp=5, pending_qaoa=0, running_qaoa=0, total_sdp_rss_mb=20, cache_size_mb=7
SDP producer failed for key=n68_rep7_seed6000042, exit_code=42
SDP producer failed for key=n68_rep8_seed7000042, exit_code=42
SDP producer failed for key=n68_rep9_seed8000042, exit_code=42
SDP producer failed for key=n68_rep10_seed9000042, exit_code=42
SDP producer failed for key=n69_rep1_seed42, exit_code=42
Launching SDP producer key=n69_rep2_seed1000042, n=69, repeat=2, seed=1000042, p=1, iterations=50, retry=0, cache=Results/warm_start_cache/triangleFree_connected_4to8vertices_176instances_AdjacencyList__filehash_279b7452/hog_idx000069_0b7538d2afdd_seed1000042_L1_M1_standard.npz
Launched SDP PID=249260, key=n69_rep2_seed1000042
Launching SDP producer key=n69_rep3_seed2000042, n=69, repeat=3, seed=2000042, p=1, iterations=50, retry=0, cache=Results/warm_start_cache/triangleFree_connected_4to8vertices_176instances_AdjacencyList__filehash_279b7452/hog_idx000069_0b7538d2afdd_seed2000042_L1_M1_standard.npz
Launched SDP PID=249385, key=n69_rep3_seed2000042
Launching SDP producer key=n69_rep4_seed3000042, n=69, repeat=4, seed=3000042, p=1, iterations=50, retry=0, cache=Results/warm_start_cache/triangleFree_connected_4to8vertices_176instances_AdjacencyList__filehash_279b7452/hog_idx000069_0b7538d2afdd_seed3000042_L1_M1_standard.npz
Launched SDP PID=249576, key=n69_rep4_seed3000042
Launching SDP producer key=n69_rep5_seed4000042, n=69, repeat=5, seed=4000042, p=1, iterations=50, retry=0, cache=Results/warm_start_cache/triangleFree_connected_4to8vertices_176instances_AdjacencyList__filehash_279b7452/hog_idx000069_0b7538d2afdd_seed4000042_L1_M1_standard.npz
Launched SDP PID=249856, key=n69_rep5_seed4000042
Launching SDP producer key=n69_rep6_seed5000042, n=69, repeat=6, seed=5000042, p=1, iterations=50, retry=0, cache=Results/warm_start_cache/triangleFree_connected_4to8vertices_176instances_AdjacencyList__filehash_279b7452/hog_idx000069_0b7538d2afdd_seed5000042_L1_M1_standard.npz
Launched SDP PID=250228, key=n69_rep6_seed5000042
Loop status: pending_sdp=1064, running_sdp=5, pending_qaoa=0, running_qaoa=0, total_sdp_rss_mb=20, cache_size_mb=7
SDP producer failed for key=n69_rep2_seed1000042, exit_code=42
SDP producer failed for key=n69_rep3_seed2000042, exit_code=42
SDP producer failed for key=n69_rep4_seed3000042, exit_code=42
SDP producer failed for key=n69_rep5_seed4000042, exit_code=42
SDP producer failed for key=n69_rep6_seed5000042, exit_code=42
Launching SDP producer key=n69_rep7_seed6000042, n=69, repeat=7, seed=6000042, p=1, iterations=50, retry=0, cache=Results/warm_start_cache/triangleFree_connected_4to8vertices_176instances_AdjacencyList__filehash_279b7452/hog_idx000069_0b7538d2afdd_seed6000042_L1_M1_standard.npz
Launched SDP PID=252392, key=n69_rep7_seed6000042
Launching SDP producer key=n69_rep8_seed7000042, n=69, repeat=8, seed=7000042, p=1, iterations=50, retry=0, cache=Results/warm_start_cache/triangleFree_connected_4to8vertices_176instances_AdjacencyList__filehash_279b7452/hog_idx000069_0b7538d2afdd_seed7000042_L1_M1_standard.npz
Launched SDP PID=252438, key=n69_rep8_seed7000042
Launching SDP producer key=n69_rep9_seed8000042, n=69, repeat=9, seed=8000042, p=1, iterations=50, retry=0, cache=Results/warm_start_cache/triangleFree_connected_4to8vertices_176instances_AdjacencyList__filehash_279b7452/hog_idx000069_0b7538d2afdd_seed8000042_L1_M1_standard.npz
Launched SDP PID=252507, key=n69_rep9_seed8000042
Launching SDP producer key=n69_rep10_seed9000042, n=69, repeat=10, seed=9000042, p=1, iterations=50, retry=0, cache=Results/warm_start_cache/triangleFree_connected_4to8vertices_176instances_AdjacencyList__filehash_279b7452/hog_idx000069_0b7538d2afdd_seed9000042_L1_M1_standard.npz
Launched SDP PID=252606, key=n69_rep10_seed9000042
Launching SDP producer key=n70_rep1_seed42, n=70, repeat=1, seed=42, p=1, iterations=50, retry=0, cache=Results/warm_start_cache/triangleFree_connected_4to8vertices_176instances_AdjacencyList__filehash_279b7452/hog_idx000070_97b65fe3a6a5_seed42_L1_M1_standard.npz
Launched SDP PID=252748, key=n70_rep1_seed42
Loop status: pending_sdp=1059, running_sdp=5, pending_qaoa=0, running_qaoa=0, total_sdp_rss_mb=20, cache_size_mb=7
SDP producer failed for key=n69_rep7_seed6000042, exit_code=42
SDP producer failed for key=n69_rep8_seed7000042, exit_code=42
SDP producer failed for key=n69_rep9_seed8000042, exit_code=42
SDP producer failed for key=n69_rep10_seed9000042, exit_code=42
SDP producer failed for key=n70_rep1_seed42, exit_code=42
Launching SDP producer key=n70_rep2_seed1000042, n=70, repeat=2, seed=1000042, p=1, iterations=50, retry=0, cache=Results/warm_start_cache/triangleFree_connected_4to8vertices_176instances_AdjacencyList__filehash_279b7452/hog_idx000070_97b65fe3a6a5_seed1000042_L1_M1_standard.npz
Launched SDP PID=258491, key=n70_rep2_seed1000042
Launching SDP producer key=n70_rep3_seed2000042, n=70, repeat=3, seed=2000042, p=1, iterations=50, retry=0, cache=Results/warm_start_cache/triangleFree_connected_4to8vertices_176instances_AdjacencyList__filehash_279b7452/hog_idx000070_97b65fe3a6a5_seed2000042_L1_M1_standard.npz
Launched SDP PID=258576, key=n70_rep3_seed2000042
Launching SDP producer key=n70_rep4_seed3000042, n=70, repeat=4, seed=3000042, p=1, iterations=50, retry=0, cache=Results/warm_start_cache/triangleFree_connected_4to8vertices_176instances_AdjacencyList__filehash_279b7452/hog_idx000070_97b65fe3a6a5_seed3000042_L1_M1_standard.npz
Launched SDP PID=258767, key=n70_rep4_seed3000042
Launching SDP producer key=n70_rep5_seed4000042, n=70, repeat=5, seed=4000042, p=1, iterations=50, retry=0, cache=Results/warm_start_cache/triangleFree_connected_4to8vertices_176instances_AdjacencyList__filehash_279b7452/hog_idx000070_97b65fe3a6a5_seed4000042_L1_M1_standard.npz
Launched SDP PID=259024, key=n70_rep5_seed4000042
Launching SDP producer key=n70_rep6_seed5000042, n=70, repeat=6, seed=5000042, p=1, iterations=50, retry=0, cache=Results/warm_start_cache/triangleFree_connected_4to8vertices_176instances_AdjacencyList__filehash_279b7452/hog_idx000070_97b65fe3a6a5_seed5000042_L1_M1_standard.npz
Launched SDP PID=259362, key=n70_rep6_seed5000042
Loop status: pending_sdp=1054, running_sdp=5, pending_qaoa=0, running_qaoa=0, total_sdp_rss_mb=20, cache_size_mb=7
SDP producer failed for key=n70_rep2_seed1000042, exit_code=42
SDP producer failed for key=n70_rep3_seed2000042, exit_code=42
SDP producer failed for key=n70_rep4_seed3000042, exit_code=42
SDP producer failed for key=n70_rep5_seed4000042, exit_code=42
SDP producer failed for key=n70_rep6_seed5000042, exit_code=42
Launching SDP producer key=n70_rep7_seed6000042, n=70, repeat=7, seed=6000042, p=1, iterations=50, retry=0, cache=Results/warm_start_cache/triangleFree_connected_4to8vertices_176instances_AdjacencyList__filehash_279b7452/hog_idx000070_97b65fe3a6a5_seed6000042_L1_M1_standard.npz
Launched SDP PID=265453, key=n70_rep7_seed6000042
Launching SDP producer key=n70_rep8_seed7000042, n=70, repeat=8, seed=7000042, p=1, iterations=50, retry=0, cache=Results/warm_start_cache/triangleFree_connected_4to8vertices_176instances_AdjacencyList__filehash_279b7452/hog_idx000070_97b65fe3a6a5_seed7000042_L1_M1_standard.npz
Launched SDP PID=265547, key=n70_rep8_seed7000042
Launching SDP producer key=n70_rep9_seed8000042, n=70, repeat=9, seed=8000042, p=1, iterations=50, retry=0, cache=Results/warm_start_cache/triangleFree_connected_4to8vertices_176instances_AdjacencyList__filehash_279b7452/hog_idx000070_97b65fe3a6a5_seed8000042_L1_M1_standard.npz
Launched SDP PID=265717, key=n70_rep9_seed8000042
Launching SDP producer key=n70_rep10_seed9000042, n=70, repeat=10, seed=9000042, p=1, iterations=50, retry=0, cache=Results/warm_start_cache/triangleFree_connected_4to8vertices_176instances_AdjacencyList__filehash_279b7452/hog_idx000070_97b65fe3a6a5_seed9000042_L1_M1_standard.npz
Launched SDP PID=265970, key=n70_rep10_seed9000042
Launching SDP producer key=n71_rep1_seed42, n=71, repeat=1, seed=42, p=1, iterations=50, retry=0, cache=Results/warm_start_cache/triangleFree_connected_4to8vertices_176instances_AdjacencyList__filehash_279b7452/hog_idx000071_75c9054e8aad_seed42_L1_M1_standard.npz
Launched SDP PID=266294, key=n71_rep1_seed42
Loop status: pending_sdp=1049, running_sdp=5, pending_qaoa=0, running_qaoa=0, total_sdp_rss_mb=20, cache_size_mb=7
SDP producer failed for key=n70_rep7_seed6000042, exit_code=42
SDP producer failed for key=n70_rep8_seed7000042, exit_code=42
SDP producer failed for key=n70_rep9_seed8000042, exit_code=42
SDP producer failed for key=n70_rep10_seed9000042, exit_code=42
SDP producer failed for key=n71_rep1_seed42, exit_code=42
Launching SDP producer key=n71_rep2_seed1000042, n=71, repeat=2, seed=1000042, p=1, iterations=50, retry=0, cache=Results/warm_start_cache/triangleFree_connected_4to8vertices_176instances_AdjacencyList__filehash_279b7452/hog_idx000071_75c9054e8aad_seed1000042_L1_M1_standard.npz
Launched SDP PID=272634, key=n71_rep2_seed1000042
Launching SDP producer key=n71_rep3_seed2000042, n=71, repeat=3, seed=2000042, p=1, iterations=50, retry=0, cache=Results/warm_start_cache/triangleFree_connected_4to8vertices_176instances_AdjacencyList__filehash_279b7452/hog_idx000071_75c9054e8aad_seed2000042_L1_M1_standard.npz
Launched SDP PID=272729, key=n71_rep3_seed2000042
Launching SDP producer key=n71_rep4_seed3000042, n=71, repeat=4, seed=3000042, p=1, iterations=50, retry=0, cache=Results/warm_start_cache/triangleFree_connected_4to8vertices_176instances_AdjacencyList__filehash_279b7452/hog_idx000071_75c9054e8aad_seed3000042_L1_M1_standard.npz
Launched SDP PID=272906, key=n71_rep4_seed3000042
Launching SDP producer key=n71_rep5_seed4000042, n=71, repeat=5, seed=4000042, p=1, iterations=50, retry=0, cache=Results/warm_start_cache/triangleFree_connected_4to8vertices_176instances_AdjacencyList__filehash_279b7452/hog_idx000071_75c9054e8aad_seed4000042_L1_M1_standard.npz
Launched SDP PID=273180, key=n71_rep5_seed4000042
Launching SDP producer key=n71_rep6_seed5000042, n=71, repeat=6, seed=5000042, p=1, iterations=50, retry=0, cache=Results/warm_start_cache/triangleFree_connected_4to8vertices_176instances_AdjacencyList__filehash_279b7452/hog_idx000071_75c9054e8aad_seed5000042_L1_M1_standard.npz
Launched SDP PID=273532, key=n71_rep6_seed5000042
Loop status: pending_sdp=1044, running_sdp=5, pending_qaoa=0, running_qaoa=0, total_sdp_rss_mb=20, cache_size_mb=7
SDP producer failed for key=n71_rep2_seed1000042, exit_code=42
SDP producer failed for key=n71_rep3_seed2000042, exit_code=42
SDP producer failed for key=n71_rep4_seed3000042, exit_code=42
SDP producer failed for key=n71_rep5_seed4000042, exit_code=42
SDP producer failed for key=n71_rep6_seed5000042, exit_code=42
Launching SDP producer key=n71_rep7_seed6000042, n=71, repeat=7, seed=6000042, p=1, iterations=50, retry=0, cache=Results/warm_start_cache/triangleFree_connected_4to8vertices_176instances_AdjacencyList__filehash_279b7452/hog_idx000071_75c9054e8aad_seed6000042_L1_M1_standard.npz
Launched SDP PID=279749, key=n71_rep7_seed6000042
Launching SDP producer key=n71_rep8_seed7000042, n=71, repeat=8, seed=7000042, p=1, iterations=50, retry=0, cache=Results/warm_start_cache/triangleFree_connected_4to8vertices_176instances_AdjacencyList__filehash_279b7452/hog_idx000071_75c9054e8aad_seed7000042_L1_M1_standard.npz
Launched SDP PID=279843, key=n71_rep8_seed7000042
Launching SDP producer key=n71_rep9_seed8000042, n=71, repeat=9, seed=8000042, p=1, iterations=50, retry=0, cache=Results/warm_start_cache/triangleFree_connected_4to8vertices_176instances_AdjacencyList__filehash_279b7452/hog_idx000071_75c9054e8aad_seed8000042_L1_M1_standard.npz
Launched SDP PID=280032, key=n71_rep9_seed8000042
Launching SDP producer key=n71_rep10_seed9000042, n=71, repeat=10, seed=9000042, p=1, iterations=50, retry=0, cache=Results/warm_start_cache/triangleFree_connected_4to8vertices_176instances_AdjacencyList__filehash_279b7452/hog_idx000071_75c9054e8aad_seed9000042_L1_M1_standard.npz
Launched SDP PID=280306, key=n71_rep10_seed9000042
Launching SDP producer key=n72_rep1_seed42, n=72, repeat=1, seed=42, p=1, iterations=50, retry=0, cache=Results/warm_start_cache/triangleFree_connected_4to8vertices_176instances_AdjacencyList__filehash_279b7452/hog_idx000072_34ec164a14aa_seed42_L1_M1_standard.npz
Launched SDP PID=280658, key=n72_rep1_seed42
Loop status: pending_sdp=1039, running_sdp=5, pending_qaoa=0, running_qaoa=0, total_sdp_rss_mb=20, cache_size_mb=7
SDP producer failed for key=n71_rep7_seed6000042, exit_code=42
SDP producer failed for key=n71_rep8_seed7000042, exit_code=42
SDP producer failed for key=n71_rep9_seed8000042, exit_code=42
SDP producer failed for key=n71_rep10_seed9000042, exit_code=42
SDP producer failed for key=n72_rep1_seed42, exit_code=42
Launching SDP producer key=n72_rep2_seed1000042, n=72, repeat=2, seed=1000042, p=1, iterations=50, retry=0, cache=Results/warm_start_cache/triangleFree_connected_4to8vertices_176instances_AdjacencyList__filehash_279b7452/hog_idx000072_34ec164a14aa_seed1000042_L1_M1_standard.npz
Launched SDP PID=286834, key=n72_rep2_seed1000042
Launching SDP producer key=n72_rep3_seed2000042, n=72, repeat=3, seed=2000042, p=1, iterations=50, retry=0, cache=Results/warm_start_cache/triangleFree_connected_4to8vertices_176instances_AdjacencyList__filehash_279b7452/hog_idx000072_34ec164a14aa_seed2000042_L1_M1_standard.npz
Launched SDP PID=286924, key=n72_rep3_seed2000042
Launching SDP producer key=n72_rep4_seed3000042, n=72, repeat=4, seed=3000042, p=1, iterations=50, retry=0, cache=Results/warm_start_cache/triangleFree_connected_4to8vertices_176instances_AdjacencyList__filehash_279b7452/hog_idx000072_34ec164a14aa_seed3000042_L1_M1_standard.npz
Launched SDP PID=287127, key=n72_rep4_seed3000042
Launching SDP producer key=n72_rep5_seed4000042, n=72, repeat=5, seed=4000042, p=1, iterations=50, retry=0, cache=Results/warm_start_cache/triangleFree_connected_4to8vertices_176instances_AdjacencyList__filehash_279b7452/hog_idx000072_34ec164a14aa_seed4000042_L1_M1_standard.npz
Launched SDP PID=287394, key=n72_rep5_seed4000042
Launching SDP producer key=n72_rep6_seed5000042, n=72, repeat=6, seed=5000042, p=1, iterations=50, retry=0, cache=Results/warm_start_cache/triangleFree_connected_4to8vertices_176instances_AdjacencyList__filehash_279b7452/hog_idx000072_34ec164a14aa_seed5000042_L1_M1_standard.npz
Launched SDP PID=287761, key=n72_rep6_seed5000042
Loop status: pending_sdp=1034, running_sdp=5, pending_qaoa=0, running_qaoa=0, total_sdp_rss_mb=20, cache_size_mb=7
SDP producer failed for key=n72_rep2_seed1000042, exit_code=42
SDP producer failed for key=n72_rep3_seed2000042, exit_code=42
SDP producer failed for key=n72_rep4_seed3000042, exit_code=42
SDP producer failed for key=n72_rep5_seed4000042, exit_code=42
SDP producer failed for key=n72_rep6_seed5000042, exit_code=42
Launching SDP producer key=n72_rep7_seed6000042, n=72, repeat=7, seed=6000042, p=1, iterations=50, retry=0, cache=Results/warm_start_cache/triangleFree_connected_4to8vertices_176instances_AdjacencyList__filehash_279b7452/hog_idx000072_34ec164a14aa_seed6000042_L1_M1_standard.npz
Launched SDP PID=293923, key=n72_rep7_seed6000042
Launching SDP producer key=n72_rep8_seed7000042, n=72, repeat=8, seed=7000042, p=1, iterations=50, retry=0, cache=Results/warm_start_cache/triangleFree_connected_4to8vertices_176instances_AdjacencyList__filehash_279b7452/hog_idx000072_34ec164a14aa_seed7000042_L1_M1_standard.npz
Launched SDP PID=294027, key=n72_rep8_seed7000042
Launching SDP producer key=n72_rep9_seed8000042, n=72, repeat=9, seed=8000042, p=1, iterations=50, retry=0, cache=Results/warm_start_cache/triangleFree_connected_4to8vertices_176instances_AdjacencyList__filehash_279b7452/hog_idx000072_34ec164a14aa_seed8000042_L1_M1_standard.npz
Launched SDP PID=294219, key=n72_rep9_seed8000042
Launching SDP producer key=n72_rep10_seed9000042, n=72, repeat=10, seed=9000042, p=1, iterations=50, retry=0, cache=Results/warm_start_cache/triangleFree_connected_4to8vertices_176instances_AdjacencyList__filehash_279b7452/hog_idx000072_34ec164a14aa_seed9000042_L1_M1_standard.npz
Launched SDP PID=294479, key=n72_rep10_seed9000042
Launching SDP producer key=n73_rep1_seed42, n=73, repeat=1, seed=42, p=1, iterations=50, retry=0, cache=Results/warm_start_cache/triangleFree_connected_4to8vertices_176instances_AdjacencyList__filehash_279b7452/hog_idx000073_b38bb29fe709_seed42_L1_M1_standard.npz
Launched SDP PID=294831, key=n73_rep1_seed42
Loop status: pending_sdp=1029, running_sdp=5, pending_qaoa=0, running_qaoa=0, total_sdp_rss_mb=20, cache_size_mb=7
SDP producer failed for key=n72_rep7_seed6000042, exit_code=42
SDP producer failed for key=n72_rep8_seed7000042, exit_code=42
SDP producer failed for key=n72_rep9_seed8000042, exit_code=42
SDP producer failed for key=n72_rep10_seed9000042, exit_code=42
SDP producer failed for key=n73_rep1_seed42, exit_code=42
Launching SDP producer key=n73_rep2_seed1000042, n=73, repeat=2, seed=1000042, p=1, iterations=50, retry=0, cache=Results/warm_start_cache/triangleFree_connected_4to8vertices_176instances_AdjacencyList__filehash_279b7452/hog_idx000073_b38bb29fe709_seed1000042_L1_M1_standard.npz
Launched SDP PID=301001, key=n73_rep2_seed1000042
Launching SDP producer key=n73_rep3_seed2000042, n=73, repeat=3, seed=2000042, p=1, iterations=50, retry=0, cache=Results/warm_start_cache/triangleFree_connected_4to8vertices_176instances_AdjacencyList__filehash_279b7452/hog_idx000073_b38bb29fe709_seed2000042_L1_M1_standard.npz
Launched SDP PID=301105, key=n73_rep3_seed2000042
Launching SDP producer key=n73_rep4_seed3000042, n=73, repeat=4, seed=3000042, p=1, iterations=50, retry=0, cache=Results/warm_start_cache/triangleFree_connected_4to8vertices_176instances_AdjacencyList__filehash_279b7452/hog_idx000073_b38bb29fe709_seed3000042_L1_M1_standard.npz
Launched SDP PID=301266, key=n73_rep4_seed3000042
Launching SDP producer key=n73_rep5_seed4000042, n=73, repeat=5, seed=4000042, p=1, iterations=50, retry=0, cache=Results/warm_start_cache/triangleFree_connected_4to8vertices_176instances_AdjacencyList__filehash_279b7452/hog_idx000073_b38bb29fe709_seed4000042_L1_M1_standard.npz
Launched SDP PID=301533, key=n73_rep5_seed4000042
Launching SDP producer key=n73_rep6_seed5000042, n=73, repeat=6, seed=5000042, p=1, iterations=50, retry=0, cache=Results/warm_start_cache/triangleFree_connected_4to8vertices_176instances_AdjacencyList__filehash_279b7452/hog_idx000073_b38bb29fe709_seed5000042_L1_M1_standard.npz
Launched SDP PID=301886, key=n73_rep6_seed5000042
Loop status: pending_sdp=1024, running_sdp=5, pending_qaoa=0, running_qaoa=0, total_sdp_rss_mb=20, cache_size_mb=7
SDP producer failed for key=n73_rep2_seed1000042, exit_code=42
SDP producer failed for key=n73_rep3_seed2000042, exit_code=42
SDP producer failed for key=n73_rep4_seed3000042, exit_code=42
SDP producer failed for key=n73_rep5_seed4000042, exit_code=42
SDP producer failed for key=n73_rep6_seed5000042, exit_code=42
Launching SDP producer key=n73_rep7_seed6000042, n=73, repeat=7, seed=6000042, p=1, iterations=50, retry=0, cache=Results/warm_start_cache/triangleFree_connected_4to8vertices_176instances_AdjacencyList__filehash_279b7452/hog_idx000073_b38bb29fe709_seed6000042_L1_M1_standard.npz
Launched SDP PID=308038, key=n73_rep7_seed6000042
Launching SDP producer key=n73_rep8_seed7000042, n=73, repeat=8, seed=7000042, p=1, iterations=50, retry=0, cache=Results/warm_start_cache/triangleFree_connected_4to8vertices_176instances_AdjacencyList__filehash_279b7452/hog_idx000073_b38bb29fe709_seed7000042_L1_M1_standard.npz
Launched SDP PID=308147, key=n73_rep8_seed7000042
Launching SDP producer key=n73_rep9_seed8000042, n=73, repeat=9, seed=8000042, p=1, iterations=50, retry=0, cache=Results/warm_start_cache/triangleFree_connected_4to8vertices_176instances_AdjacencyList__filehash_279b7452/hog_idx000073_b38bb29fe709_seed8000042_L1_M1_standard.npz
Launched SDP PID=308332, key=n73_rep9_seed8000042
Launching SDP producer key=n73_rep10_seed9000042, n=73, repeat=10, seed=9000042, p=1, iterations=50, retry=0, cache=Results/warm_start_cache/triangleFree_connected_4to8vertices_176instances_AdjacencyList__filehash_279b7452/hog_idx000073_b38bb29fe709_seed9000042_L1_M1_standard.npz
Launched SDP PID=308608, key=n73_rep10_seed9000042
Launching SDP producer key=n74_rep1_seed42, n=74, repeat=1, seed=42, p=1, iterations=50, retry=0, cache=Results/warm_start_cache/triangleFree_connected_4to8vertices_176instances_AdjacencyList__filehash_279b7452/hog_idx000074_f3fe6aec043c_seed42_L1_M1_standard.npz
Launched SDP PID=308956, key=n74_rep1_seed42
Loop status: pending_sdp=1019, running_sdp=5, pending_qaoa=0, running_qaoa=0, total_sdp_rss_mb=20, cache_size_mb=7
SDP producer failed for key=n73_rep7_seed6000042, exit_code=42
SDP producer failed for key=n73_rep8_seed7000042, exit_code=42
SDP producer failed for key=n73_rep9_seed8000042, exit_code=42
SDP producer failed for key=n73_rep10_seed9000042, exit_code=42
SDP producer failed for key=n74_rep1_seed42, exit_code=42
Launching SDP producer key=n74_rep2_seed1000042, n=74, repeat=2, seed=1000042, p=1, iterations=50, retry=0, cache=Results/warm_start_cache/triangleFree_connected_4to8vertices_176instances_AdjacencyList__filehash_279b7452/hog_idx000074_f3fe6aec043c_seed1000042_L1_M1_standard.npz
Launched SDP PID=315169, key=n74_rep2_seed1000042
Launching SDP producer key=n74_rep3_seed2000042, n=74, repeat=3, seed=2000042, p=1, iterations=50, retry=0, cache=Results/warm_start_cache/triangleFree_connected_4to8vertices_176instances_AdjacencyList__filehash_279b7452/hog_idx000074_f3fe6aec043c_seed2000042_L1_M1_standard.npz
Launched SDP PID=315252, key=n74_rep3_seed2000042
Launching SDP producer key=n74_rep4_seed3000042, n=74, repeat=4, seed=3000042, p=1, iterations=50, retry=0, cache=Results/warm_start_cache/triangleFree_connected_4to8vertices_176instances_AdjacencyList__filehash_279b7452/hog_idx000074_f3fe6aec043c_seed3000042_L1_M1_standard.npz
Launched SDP PID=315434, key=n74_rep4_seed3000042
Launching SDP producer key=n74_rep5_seed4000042, n=74, repeat=5, seed=4000042, p=1, iterations=50, retry=0, cache=Results/warm_start_cache/triangleFree_connected_4to8vertices_176instances_AdjacencyList__filehash_279b7452/hog_idx000074_f3fe6aec043c_seed4000042_L1_M1_standard.npz
Launched SDP PID=315695, key=n74_rep5_seed4000042
Launching SDP producer key=n74_rep6_seed5000042, n=74, repeat=6, seed=5000042, p=1, iterations=50, retry=0, cache=Results/warm_start_cache/triangleFree_connected_4to8vertices_176instances_AdjacencyList__filehash_279b7452/hog_idx000074_f3fe6aec043c_seed5000042_L1_M1_standard.npz
Launched SDP PID=316044, key=n74_rep6_seed5000042
Loop status: pending_sdp=1014, running_sdp=5, pending_qaoa=0, running_qaoa=0, total_sdp_rss_mb=20, cache_size_mb=7
SDP producer failed for key=n74_rep2_seed1000042, exit_code=42
SDP producer failed for key=n74_rep3_seed2000042, exit_code=42
SDP producer failed for key=n74_rep4_seed3000042, exit_code=42
SDP producer failed for key=n74_rep5_seed4000042, exit_code=42
SDP producer failed for key=n74_rep6_seed5000042, exit_code=42
Launching SDP producer key=n74_rep7_seed6000042, n=74, repeat=7, seed=6000042, p=1, iterations=50, retry=0, cache=Results/warm_start_cache/triangleFree_connected_4to8vertices_176instances_AdjacencyList__filehash_279b7452/hog_idx000074_f3fe6aec043c_seed6000042_L1_M1_standard.npz
Launched SDP PID=322102, key=n74_rep7_seed6000042
Launching SDP producer key=n74_rep8_seed7000042, n=74, repeat=8, seed=7000042, p=1, iterations=50, retry=0, cache=Results/warm_start_cache/triangleFree_connected_4to8vertices_176instances_AdjacencyList__filehash_279b7452/hog_idx000074_f3fe6aec043c_seed7000042_L1_M1_standard.npz
Launched SDP PID=322185, key=n74_rep8_seed7000042
Launching SDP producer key=n74_rep9_seed8000042, n=74, repeat=9, seed=8000042, p=1, iterations=50, retry=0, cache=Results/warm_start_cache/triangleFree_connected_4to8vertices_176instances_AdjacencyList__filehash_279b7452/hog_idx000074_f3fe6aec043c_seed8000042_L1_M1_standard.npz
Launched SDP PID=322320, key=n74_rep9_seed8000042
Launching SDP producer key=n74_rep10_seed9000042, n=74, repeat=10, seed=9000042, p=1, iterations=50, retry=0, cache=Results/warm_start_cache/triangleFree_connected_4to8vertices_176instances_AdjacencyList__filehash_279b7452/hog_idx000074_f3fe6aec043c_seed9000042_L1_M1_standard.npz
Launched SDP PID=322538, key=n74_rep10_seed9000042
Launching SDP producer key=n75_rep1_seed42, n=75, repeat=1, seed=42, p=1, iterations=50, retry=0, cache=Results/warm_start_cache/triangleFree_connected_4to8vertices_176instances_AdjacencyList__filehash_279b7452/hog_idx000075_aac00977767b_seed42_L1_M1_standard.npz
Launched SDP PID=322813, key=n75_rep1_seed42
Loop status: pending_sdp=1009, running_sdp=5, pending_qaoa=0, running_qaoa=0, total_sdp_rss_mb=20, cache_size_mb=7
SDP producer failed for key=n74_rep7_seed6000042, exit_code=42
SDP producer failed for key=n74_rep8_seed7000042, exit_code=42
SDP producer failed for key=n74_rep9_seed8000042, exit_code=42
SDP producer failed for key=n74_rep10_seed9000042, exit_code=42
SDP producer failed for key=n75_rep1_seed42, exit_code=42
Launching SDP producer key=n75_rep2_seed1000042, n=75, repeat=2, seed=1000042, p=1, iterations=50, retry=0, cache=Results/warm_start_cache/triangleFree_connected_4to8vertices_176instances_AdjacencyList__filehash_279b7452/hog_idx000075_aac00977767b_seed1000042_L1_M1_standard.npz
Launched SDP PID=327465, key=n75_rep2_seed1000042
Launching SDP producer key=n75_rep3_seed2000042, n=75, repeat=3, seed=2000042, p=1, iterations=50, retry=0, cache=Results/warm_start_cache/triangleFree_connected_4to8vertices_176instances_AdjacencyList__filehash_279b7452/hog_idx000075_aac00977767b_seed2000042_L1_M1_standard.npz
Launched SDP PID=327492, key=n75_rep3_seed2000042
Launching SDP producer key=n75_rep4_seed3000042, n=75, repeat=4, seed=3000042, p=1, iterations=50, retry=0, cache=Results/warm_start_cache/triangleFree_connected_4to8vertices_176instances_AdjacencyList__filehash_279b7452/hog_idx000075_aac00977767b_seed3000042_L1_M1_standard.npz
Launched SDP PID=327541, key=n75_rep4_seed3000042
Launching SDP producer key=n75_rep5_seed4000042, n=75, repeat=5, seed=4000042, p=1, iterations=50, retry=0, cache=Results/warm_start_cache/triangleFree_connected_4to8vertices_176instances_AdjacencyList__filehash_279b7452/hog_idx000075_aac00977767b_seed4000042_L1_M1_standard.npz
Launched SDP PID=327612, key=n75_rep5_seed4000042
Launching SDP producer key=n75_rep6_seed5000042, n=75, repeat=6, seed=5000042, p=1, iterations=50, retry=0, cache=Results/warm_start_cache/triangleFree_connected_4to8vertices_176instances_AdjacencyList__filehash_279b7452/hog_idx000075_aac00977767b_seed5000042_L1_M1_standard.npz
Launched SDP PID=327719, key=n75_rep6_seed5000042
Loop status: pending_sdp=1004, running_sdp=5, pending_qaoa=0, running_qaoa=0, total_sdp_rss_mb=20, cache_size_mb=7
SDP producer failed for key=n75_rep2_seed1000042, exit_code=42
SDP producer failed for key=n75_rep3_seed2000042, exit_code=42
SDP producer failed for key=n75_rep4_seed3000042, exit_code=42
SDP producer failed for key=n75_rep5_seed4000042, exit_code=42
SDP producer failed for key=n75_rep6_seed5000042, exit_code=42
Launching SDP producer key=n75_rep7_seed6000042, n=75, repeat=7, seed=6000042, p=1, iterations=50, retry=0, cache=Results/warm_start_cache/triangleFree_connected_4to8vertices_176instances_AdjacencyList__filehash_279b7452/hog_idx000075_aac00977767b_seed6000042_L1_M1_standard.npz
Launched SDP PID=330410, key=n75_rep7_seed6000042
Launching SDP producer key=n75_rep8_seed7000042, n=75, repeat=8, seed=7000042, p=1, iterations=50, retry=0, cache=Results/warm_start_cache/triangleFree_connected_4to8vertices_176instances_AdjacencyList__filehash_279b7452/hog_idx000075_aac00977767b_seed7000042_L1_M1_standard.npz
Launched SDP PID=330521, key=n75_rep8_seed7000042
Launching SDP producer key=n75_rep9_seed8000042, n=75, repeat=9, seed=8000042, p=1, iterations=50, retry=0, cache=Results/warm_start_cache/triangleFree_connected_4to8vertices_176instances_AdjacencyList__filehash_279b7452/hog_idx000075_aac00977767b_seed8000042_L1_M1_standard.npz
Launched SDP PID=330689, key=n75_rep9_seed8000042
Launching SDP producer key=n75_rep10_seed9000042, n=75, repeat=10, seed=9000042, p=1, iterations=50, retry=0, cache=Results/warm_start_cache/triangleFree_connected_4to8vertices_176instances_AdjacencyList__filehash_279b7452/hog_idx000075_aac00977767b_seed9000042_L1_M1_standard.npz
Launched SDP PID=330963, key=n75_rep10_seed9000042
Launching SDP producer key=n76_rep1_seed42, n=76, repeat=1, seed=42, p=1, iterations=50, retry=0, cache=Results/warm_start_cache/triangleFree_connected_4to8vertices_176instances_AdjacencyList__filehash_279b7452/hog_idx000076_ae6bd3b4b6de_seed42_L1_M1_standard.npz
Launched SDP PID=331328, key=n76_rep1_seed42
Loop status: pending_sdp=999, running_sdp=5, pending_qaoa=0, running_qaoa=0, total_sdp_rss_mb=20, cache_size_mb=7
SDP producer failed for key=n75_rep7_seed6000042, exit_code=42
SDP producer failed for key=n75_rep8_seed7000042, exit_code=42
SDP producer failed for key=n75_rep9_seed8000042, exit_code=42
SDP producer failed for key=n75_rep10_seed9000042, exit_code=42
SDP producer failed for key=n76_rep1_seed42, exit_code=42
Launching SDP producer key=n76_rep2_seed1000042, n=76, repeat=2, seed=1000042, p=1, iterations=50, retry=0, cache=Results/warm_start_cache/triangleFree_connected_4to8vertices_176instances_AdjacencyList__filehash_279b7452/hog_idx000076_ae6bd3b4b6de_seed1000042_L1_M1_standard.npz
Launched SDP PID=337557, key=n76_rep2_seed1000042
Launching SDP producer key=n76_rep3_seed2000042, n=76, repeat=3, seed=2000042, p=1, iterations=50, retry=0, cache=Results/warm_start_cache/triangleFree_connected_4to8vertices_176instances_AdjacencyList__filehash_279b7452/hog_idx000076_ae6bd3b4b6de_seed2000042_L1_M1_standard.npz
Launched SDP PID=337669, key=n76_rep3_seed2000042
Launching SDP producer key=n76_rep4_seed3000042, n=76, repeat=4, seed=3000042, p=1, iterations=50, retry=0, cache=Results/warm_start_cache/triangleFree_connected_4to8vertices_176instances_AdjacencyList__filehash_279b7452/hog_idx000076_ae6bd3b4b6de_seed3000042_L1_M1_standard.npz
Launched SDP PID=337844, key=n76_rep4_seed3000042
Launching SDP producer key=n76_rep5_seed4000042, n=76, repeat=5, seed=4000042, p=1, iterations=50, retry=0, cache=Results/warm_start_cache/triangleFree_connected_4to8vertices_176instances_AdjacencyList__filehash_279b7452/hog_idx000076_ae6bd3b4b6de_seed4000042_L1_M1_standard.npz
Launched SDP PID=338097, key=n76_rep5_seed4000042
Launching SDP producer key=n76_rep6_seed5000042, n=76, repeat=6, seed=5000042, p=1, iterations=50, retry=0, cache=Results/warm_start_cache/triangleFree_connected_4to8vertices_176instances_AdjacencyList__filehash_279b7452/hog_idx000076_ae6bd3b4b6de_seed5000042_L1_M1_standard.npz
Launched SDP PID=338435, key=n76_rep6_seed5000042
Loop status: pending_sdp=994, running_sdp=5, pending_qaoa=0, running_qaoa=0, total_sdp_rss_mb=20, cache_size_mb=7
SDP producer failed for key=n76_rep2_seed1000042, exit_code=42
SDP producer failed for key=n76_rep3_seed2000042, exit_code=42
SDP producer failed for key=n76_rep4_seed3000042, exit_code=42
SDP producer failed for key=n76_rep5_seed4000042, exit_code=42
SDP producer failed for key=n76_rep6_seed5000042, exit_code=42
Launching SDP producer key=n76_rep7_seed6000042, n=76, repeat=7, seed=6000042, p=1, iterations=50, retry=0, cache=Results/warm_start_cache/triangleFree_connected_4to8vertices_176instances_AdjacencyList__filehash_279b7452/hog_idx000076_ae6bd3b4b6de_seed6000042_L1_M1_standard.npz
Launched SDP PID=344658, key=n76_rep7_seed6000042
Launching SDP producer key=n76_rep8_seed7000042, n=76, repeat=8, seed=7000042, p=1, iterations=50, retry=0, cache=Results/warm_start_cache/triangleFree_connected_4to8vertices_176instances_AdjacencyList__filehash_279b7452/hog_idx000076_ae6bd3b4b6de_seed7000042_L1_M1_standard.npz
Launched SDP PID=344755, key=n76_rep8_seed7000042
Launching SDP producer key=n76_rep9_seed8000042, n=76, repeat=9, seed=8000042, p=1, iterations=50, retry=0, cache=Results/warm_start_cache/triangleFree_connected_4to8vertices_176instances_AdjacencyList__filehash_279b7452/hog_idx000076_ae6bd3b4b6de_seed8000042_L1_M1_standard.npz
Launched SDP PID=344923, key=n76_rep9_seed8000042
Launching SDP producer key=n76_rep10_seed9000042, n=76, repeat=10, seed=9000042, p=1, iterations=50, retry=0, cache=Results/warm_start_cache/triangleFree_connected_4to8vertices_176instances_AdjacencyList__filehash_279b7452/hog_idx000076_ae6bd3b4b6de_seed9000042_L1_M1_standard.npz
Launched SDP PID=345176, key=n76_rep10_seed9000042
Launching SDP producer key=n77_rep1_seed42, n=77, repeat=1, seed=42, p=1, iterations=50, retry=0, cache=Results/warm_start_cache/triangleFree_connected_4to8vertices_176instances_AdjacencyList__filehash_279b7452/hog_idx000077_b5cef4816c6c_seed42_L1_M1_standard.npz
Launched SDP PID=345528, key=n77_rep1_seed42
Loop status: pending_sdp=989, running_sdp=5, pending_qaoa=0, running_qaoa=0, total_sdp_rss_mb=20, cache_size_mb=7
SDP producer failed for key=n76_rep7_seed6000042, exit_code=42
SDP producer failed for key=n76_rep8_seed7000042, exit_code=42
SDP producer failed for key=n76_rep9_seed8000042, exit_code=42
SDP producer failed for key=n76_rep10_seed9000042, exit_code=42
SDP producer failed for key=n77_rep1_seed42, exit_code=42
Launching SDP producer key=n77_rep2_seed1000042, n=77, repeat=2, seed=1000042, p=1, iterations=50, retry=0, cache=Results/warm_start_cache/triangleFree_connected_4to8vertices_176instances_AdjacencyList__filehash_279b7452/hog_idx000077_b5cef4816c6c_seed1000042_L1_M1_standard.npz
Launched SDP PID=351671, key=n77_rep2_seed1000042
Launching SDP producer key=n77_rep3_seed2000042, n=77, repeat=3, seed=2000042, p=1, iterations=50, retry=0, cache=Results/warm_start_cache/triangleFree_connected_4to8vertices_176instances_AdjacencyList__filehash_279b7452/hog_idx000077_b5cef4816c6c_seed2000042_L1_M1_standard.npz
Launched SDP PID=351761, key=n77_rep3_seed2000042
Launching SDP producer key=n77_rep4_seed3000042, n=77, repeat=4, seed=3000042, p=1, iterations=50, retry=0, cache=Results/warm_start_cache/triangleFree_connected_4to8vertices_176instances_AdjacencyList__filehash_279b7452/hog_idx000077_b5cef4816c6c_seed3000042_L1_M1_standard.npz
Launched SDP PID=351915, key=n77_rep4_seed3000042
Launching SDP producer key=n77_rep5_seed4000042, n=77, repeat=5, seed=4000042, p=1, iterations=50, retry=0, cache=Results/warm_start_cache/triangleFree_connected_4to8vertices_176instances_AdjacencyList__filehash_279b7452/hog_idx000077_b5cef4816c6c_seed4000042_L1_M1_standard.npz
Launched SDP PID=352189, key=n77_rep5_seed4000042
Launching SDP producer key=n77_rep6_seed5000042, n=77, repeat=6, seed=5000042, p=1, iterations=50, retry=0, cache=Results/warm_start_cache/triangleFree_connected_4to8vertices_176instances_AdjacencyList__filehash_279b7452/hog_idx000077_b5cef4816c6c_seed5000042_L1_M1_standard.npz
Launched SDP PID=352541, key=n77_rep6_seed5000042
Loop status: pending_sdp=984, running_sdp=5, pending_qaoa=0, running_qaoa=0, total_sdp_rss_mb=20, cache_size_mb=7
SDP producer failed for key=n77_rep2_seed1000042, exit_code=42
SDP producer failed for key=n77_rep3_seed2000042, exit_code=42
SDP producer failed for key=n77_rep4_seed3000042, exit_code=42
SDP producer failed for key=n77_rep5_seed4000042, exit_code=42
SDP producer failed for key=n77_rep6_seed5000042, exit_code=42
Launching SDP producer key=n77_rep7_seed6000042, n=77, repeat=7, seed=6000042, p=1, iterations=50, retry=0, cache=Results/warm_start_cache/triangleFree_connected_4to8vertices_176instances_AdjacencyList__filehash_279b7452/hog_idx000077_b5cef4816c6c_seed6000042_L1_M1_standard.npz
Launched SDP PID=358757, key=n77_rep7_seed6000042
Launching SDP producer key=n77_rep8_seed7000042, n=77, repeat=8, seed=7000042, p=1, iterations=50, retry=0, cache=Results/warm_start_cache/triangleFree_connected_4to8vertices_176instances_AdjacencyList__filehash_279b7452/hog_idx000077_b5cef4816c6c_seed7000042_L1_M1_standard.npz
Launched SDP PID=358868, key=n77_rep8_seed7000042
Launching SDP producer key=n77_rep9_seed8000042, n=77, repeat=9, seed=8000042, p=1, iterations=50, retry=0, cache=Results/warm_start_cache/triangleFree_connected_4to8vertices_176instances_AdjacencyList__filehash_279b7452/hog_idx000077_b5cef4816c6c_seed8000042_L1_M1_standard.npz
Launched SDP PID=359052, key=n77_rep9_seed8000042
Launching SDP producer key=n77_rep10_seed9000042, n=77, repeat=10, seed=9000042, p=1, iterations=50, retry=0, cache=Results/warm_start_cache/triangleFree_connected_4to8vertices_176instances_AdjacencyList__filehash_279b7452/hog_idx000077_b5cef4816c6c_seed9000042_L1_M1_standard.npz
Launched SDP PID=359351, key=n77_rep10_seed9000042
Launching SDP producer key=n78_rep1_seed42, n=78, repeat=1, seed=42, p=1, iterations=50, retry=0, cache=Results/warm_start_cache/triangleFree_connected_4to8vertices_176instances_AdjacencyList__filehash_279b7452/hog_idx000078_27d16e5f3373_seed42_L1_M1_standard.npz
Launched SDP PID=359797, key=n78_rep1_seed42
Loop status: pending_sdp=979, running_sdp=5, pending_qaoa=0, running_qaoa=0, total_sdp_rss_mb=20, cache_size_mb=7
SDP producer failed for key=n77_rep8_seed7000042, exit_code=42
SDP producer failed for key=n77_rep9_seed8000042, exit_code=42
SDP producer failed for key=n77_rep10_seed9000042, exit_code=42
SDP producer failed for key=n78_rep1_seed42, exit_code=42
Launching SDP producer key=n78_rep2_seed1000042, n=78, repeat=2, seed=1000042, p=1, iterations=50, retry=0, cache=Results/warm_start_cache/triangleFree_connected_4to8vertices_176instances_AdjacencyList__filehash_279b7452/hog_idx000078_27d16e5f3373_seed1000042_L1_M1_standard.npz
Launched SDP PID=366036, key=n78_rep2_seed1000042
Launching SDP producer key=n78_rep3_seed2000042, n=78, repeat=3, seed=2000042, p=1, iterations=50, retry=0, cache=Results/warm_start_cache/triangleFree_connected_4to8vertices_176instances_AdjacencyList__filehash_279b7452/hog_idx000078_27d16e5f3373_seed2000042_L1_M1_standard.npz
Launched SDP PID=366232, key=n78_rep3_seed2000042
Launching SDP producer key=n78_rep4_seed3000042, n=78, repeat=4, seed=3000042, p=1, iterations=50, retry=0, cache=Results/warm_start_cache/triangleFree_connected_4to8vertices_176instances_AdjacencyList__filehash_279b7452/hog_idx000078_27d16e5f3373_seed3000042_L1_M1_standard.npz
Launched SDP PID=366497, key=n78_rep4_seed3000042
Launching SDP producer key=n78_rep5_seed4000042, n=78, repeat=5, seed=4000042, p=1, iterations=50, retry=0, cache=Results/warm_start_cache/triangleFree_connected_4to8vertices_176instances_AdjacencyList__filehash_279b7452/hog_idx000078_27d16e5f3373_seed4000042_L1_M1_standard.npz
Launched SDP PID=366843, key=n78_rep5_seed4000042
SDP producer failed for key=n77_rep7_seed6000042, exit_code=42
Launching SDP producer key=n78_rep6_seed5000042, n=78, repeat=6, seed=5000042, p=1, iterations=50, retry=0, cache=Results/warm_start_cache/triangleFree_connected_4to8vertices_176instances_AdjacencyList__filehash_279b7452/hog_idx000078_27d16e5f3373_seed5000042_L1_M1_standard.npz
Launched SDP PID=367234, key=n78_rep6_seed5000042
Loop status: pending_sdp=974, running_sdp=5, pending_qaoa=0, running_qaoa=0, total_sdp_rss_mb=20, cache_size_mb=7
SDP producer failed for key=n78_rep2_seed1000042, exit_code=42
SDP producer failed for key=n78_rep3_seed2000042, exit_code=42
SDP producer failed for key=n78_rep4_seed3000042, exit_code=42
SDP producer failed for key=n78_rep5_seed4000042, exit_code=42
SDP producer failed for key=n78_rep6_seed5000042, exit_code=42
Launching SDP producer key=n78_rep7_seed6000042, n=78, repeat=7, seed=6000042, p=1, iterations=50, retry=0, cache=Results/warm_start_cache/triangleFree_connected_4to8vertices_176instances_AdjacencyList__filehash_279b7452/hog_idx000078_27d16e5f3373_seed6000042_L1_M1_standard.npz
Launched SDP PID=373362, key=n78_rep7_seed6000042
Launching SDP producer key=n78_rep8_seed7000042, n=78, repeat=8, seed=7000042, p=1, iterations=50, retry=0, cache=Results/warm_start_cache/triangleFree_connected_4to8vertices_176instances_AdjacencyList__filehash_279b7452/hog_idx000078_27d16e5f3373_seed7000042_L1_M1_standard.npz
Launched SDP PID=373466, key=n78_rep8_seed7000042
Launching SDP producer key=n78_rep9_seed8000042, n=78, repeat=9, seed=8000042, p=1, iterations=50, retry=0, cache=Results/warm_start_cache/triangleFree_connected_4to8vertices_176instances_AdjacencyList__filehash_279b7452/hog_idx000078_27d16e5f3373_seed8000042_L1_M1_standard.npz
Launched SDP PID=373649, key=n78_rep9_seed8000042
Launching SDP producer key=n78_rep10_seed9000042, n=78, repeat=10, seed=9000042, p=1, iterations=50, retry=0, cache=Results/warm_start_cache/triangleFree_connected_4to8vertices_176instances_AdjacencyList__filehash_279b7452/hog_idx000078_27d16e5f3373_seed9000042_L1_M1_standard.npz
Launched SDP PID=373912, key=n78_rep10_seed9000042
Launching SDP producer key=n79_rep1_seed42, n=79, repeat=1, seed=42, p=1, iterations=50, retry=0, cache=Results/warm_start_cache/triangleFree_connected_4to8vertices_176instances_AdjacencyList__filehash_279b7452/hog_idx000079_f000b69f04d2_seed42_L1_M1_standard.npz
Launched SDP PID=374271, key=n79_rep1_seed42
Loop status: pending_sdp=969, running_sdp=5, pending_qaoa=0, running_qaoa=0, total_sdp_rss_mb=20, cache_size_mb=7
SDP producer failed for key=n78_rep7_seed6000042, exit_code=42
SDP producer failed for key=n78_rep8_seed7000042, exit_code=42
SDP producer failed for key=n78_rep9_seed8000042, exit_code=42
SDP producer failed for key=n78_rep10_seed9000042, exit_code=42
SDP producer failed for key=n79_rep1_seed42, exit_code=42
Launching SDP producer key=n79_rep2_seed1000042, n=79, repeat=2, seed=1000042, p=1, iterations=50, retry=0, cache=Results/warm_start_cache/triangleFree_connected_4to8vertices_176instances_AdjacencyList__filehash_279b7452/hog_idx000079_f000b69f04d2_seed1000042_L1_M1_standard.npz
Launched SDP PID=380466, key=n79_rep2_seed1000042
Launching SDP producer key=n79_rep3_seed2000042, n=79, repeat=3, seed=2000042, p=1, iterations=50, retry=0, cache=Results/warm_start_cache/triangleFree_connected_4to8vertices_176instances_AdjacencyList__filehash_279b7452/hog_idx000079_f000b69f04d2_seed2000042_L1_M1_standard.npz
Launched SDP PID=380556, key=n79_rep3_seed2000042
Launching SDP producer key=n79_rep4_seed3000042, n=79, repeat=4, seed=3000042, p=1, iterations=50, retry=0, cache=Results/warm_start_cache/triangleFree_connected_4to8vertices_176instances_AdjacencyList__filehash_279b7452/hog_idx000079_f000b69f04d2_seed3000042_L1_M1_standard.npz
Launched SDP PID=380745, key=n79_rep4_seed3000042
Launching SDP producer key=n79_rep5_seed4000042, n=79, repeat=5, seed=4000042, p=1, iterations=50, retry=0, cache=Results/warm_start_cache/triangleFree_connected_4to8vertices_176instances_AdjacencyList__filehash_279b7452/hog_idx000079_f000b69f04d2_seed4000042_L1_M1_standard.npz
Launched SDP PID=381019, key=n79_rep5_seed4000042
Launching SDP producer key=n79_rep6_seed5000042, n=79, repeat=6, seed=5000042, p=1, iterations=50, retry=0, cache=Results/warm_start_cache/triangleFree_connected_4to8vertices_176instances_AdjacencyList__filehash_279b7452/hog_idx000079_f000b69f04d2_seed5000042_L1_M1_standard.npz
Launched SDP PID=381373, key=n79_rep6_seed5000042
Loop status: pending_sdp=964, running_sdp=5, pending_qaoa=0, running_qaoa=0, total_sdp_rss_mb=20, cache_size_mb=7
SDP producer failed for key=n79_rep2_seed1000042, exit_code=42
SDP producer failed for key=n79_rep3_seed2000042, exit_code=42
SDP producer failed for key=n79_rep4_seed3000042, exit_code=42
SDP producer failed for key=n79_rep5_seed4000042, exit_code=42
SDP producer failed for key=n79_rep6_seed5000042, exit_code=42
Launching SDP producer key=n79_rep7_seed6000042, n=79, repeat=7, seed=6000042, p=1, iterations=50, retry=0, cache=Results/warm_start_cache/triangleFree_connected_4to8vertices_176instances_AdjacencyList__filehash_279b7452/hog_idx000079_f000b69f04d2_seed6000042_L1_M1_standard.npz
Launched SDP PID=387573, key=n79_rep7_seed6000042
Launching SDP producer key=n79_rep8_seed7000042, n=79, repeat=8, seed=7000042, p=1, iterations=50, retry=0, cache=Results/warm_start_cache/triangleFree_connected_4to8vertices_176instances_AdjacencyList__filehash_279b7452/hog_idx000079_f000b69f04d2_seed7000042_L1_M1_standard.npz
Launched SDP PID=387678, key=n79_rep8_seed7000042
Launching SDP producer key=n79_rep9_seed8000042, n=79, repeat=9, seed=8000042, p=1, iterations=50, retry=0, cache=Results/warm_start_cache/triangleFree_connected_4to8vertices_176instances_AdjacencyList__filehash_279b7452/hog_idx000079_f000b69f04d2_seed8000042_L1_M1_standard.npz
Launched SDP PID=387832, key=n79_rep9_seed8000042
Launching SDP producer key=n79_rep10_seed9000042, n=79, repeat=10, seed=9000042, p=1, iterations=50, retry=0, cache=Results/warm_start_cache/triangleFree_connected_4to8vertices_176instances_AdjacencyList__filehash_279b7452/hog_idx000079_f000b69f04d2_seed9000042_L1_M1_standard.npz
Launched SDP PID=388140, key=n79_rep10_seed9000042
Launching SDP producer key=n80_rep1_seed42, n=80, repeat=1, seed=42, p=1, iterations=50, retry=0, cache=Results/warm_start_cache/triangleFree_connected_4to8vertices_176instances_AdjacencyList__filehash_279b7452/hog_idx000080_ad9a6bbf2891_seed42_L1_M1_standard.npz
Launched SDP PID=388486, key=n80_rep1_seed42
Loop status: pending_sdp=959, running_sdp=5, pending_qaoa=0, running_qaoa=0, total_sdp_rss_mb=20, cache_size_mb=7
SDP producer failed for key=n79_rep7_seed6000042, exit_code=42
SDP producer failed for key=n79_rep8_seed7000042, exit_code=42
SDP producer failed for key=n79_rep9_seed8000042, exit_code=42
SDP producer failed for key=n79_rep10_seed9000042, exit_code=42
Launching SDP producer key=n80_rep2_seed1000042, n=80, repeat=2, seed=1000042, p=1, iterations=50, retry=0, cache=Results/warm_start_cache/triangleFree_connected_4to8vertices_176instances_AdjacencyList__filehash_279b7452/hog_idx000080_ad9a6bbf2891_seed1000042_L1_M1_standard.npz
Launched SDP PID=394655, key=n80_rep2_seed1000042
Launching SDP producer key=n80_rep3_seed2000042, n=80, repeat=3, seed=2000042, p=1, iterations=50, retry=0, cache=Results/warm_start_cache/triangleFree_connected_4to8vertices_176instances_AdjacencyList__filehash_279b7452/hog_idx000080_ad9a6bbf2891_seed2000042_L1_M1_standard.npz
Launched SDP PID=394838, key=n80_rep3_seed2000042
Launching SDP producer key=n80_rep4_seed3000042, n=80, repeat=4, seed=3000042, p=1, iterations=50, retry=0, cache=Results/warm_start_cache/triangleFree_connected_4to8vertices_176instances_AdjacencyList__filehash_279b7452/hog_idx000080_ad9a6bbf2891_seed3000042_L1_M1_standard.npz
Launched SDP PID=395089, key=n80_rep4_seed3000042
Launching SDP producer key=n80_rep5_seed4000042, n=80, repeat=5, seed=4000042, p=1, iterations=50, retry=0, cache=Results/warm_start_cache/triangleFree_connected_4to8vertices_176instances_AdjacencyList__filehash_279b7452/hog_idx000080_ad9a6bbf2891_seed4000042_L1_M1_standard.npz
Launched SDP PID=395444, key=n80_rep5_seed4000042
Loop status: pending_sdp=955, running_sdp=5, pending_qaoa=0, running_qaoa=0, total_sdp_rss_mb=20, cache_size_mb=7
SDP producer failed for key=n80_rep1_seed42, exit_code=42
SDP producer failed for key=n80_rep2_seed1000042, exit_code=42
SDP producer failed for key=n80_rep3_seed2000042, exit_code=42
SDP producer failed for key=n80_rep4_seed3000042, exit_code=42
SDP producer failed for key=n80_rep5_seed4000042, exit_code=42
Launching SDP producer key=n80_rep6_seed5000042, n=80, repeat=6, seed=5000042, p=1, iterations=50, retry=0, cache=Results/warm_start_cache/triangleFree_connected_4to8vertices_176instances_AdjacencyList__filehash_279b7452/hog_idx000080_ad9a6bbf2891_seed5000042_L1_M1_standard.npz
Launched SDP PID=400966, key=n80_rep6_seed5000042
Launching SDP producer key=n80_rep7_seed6000042, n=80, repeat=7, seed=6000042, p=1, iterations=50, retry=0, cache=Results/warm_start_cache/triangleFree_connected_4to8vertices_176instances_AdjacencyList__filehash_279b7452/hog_idx000080_ad9a6bbf2891_seed6000042_L1_M1_standard.npz
Launched SDP PID=401039, key=n80_rep7_seed6000042
Launching SDP producer key=n80_rep8_seed7000042, n=80, repeat=8, seed=7000042, p=1, iterations=50, retry=0, cache=Results/warm_start_cache/triangleFree_connected_4to8vertices_176instances_AdjacencyList__filehash_279b7452/hog_idx000080_ad9a6bbf2891_seed7000042_L1_M1_standard.npz
Launched SDP PID=401200, key=n80_rep8_seed7000042
Launching SDP producer key=n80_rep9_seed8000042, n=80, repeat=9, seed=8000042, p=1, iterations=50, retry=0, cache=Results/warm_start_cache/triangleFree_connected_4to8vertices_176instances_AdjacencyList__filehash_279b7452/hog_idx000080_ad9a6bbf2891_seed8000042_L1_M1_standard.npz
Launched SDP PID=401427, key=n80_rep9_seed8000042
Launching SDP producer key=n80_rep10_seed9000042, n=80, repeat=10, seed=9000042, p=1, iterations=50, retry=0, cache=Results/warm_start_cache/triangleFree_connected_4to8vertices_176instances_AdjacencyList__filehash_279b7452/hog_idx000080_ad9a6bbf2891_seed9000042_L1_M1_standard.npz
Launched SDP PID=401766, key=n80_rep10_seed9000042
Loop status: pending_sdp=950, running_sdp=5, pending_qaoa=0, running_qaoa=0, total_sdp_rss_mb=20, cache_size_mb=7
SDP producer failed for key=n80_rep6_seed5000042, exit_code=42
SDP producer failed for key=n80_rep7_seed6000042, exit_code=42
SDP producer failed for key=n80_rep8_seed7000042, exit_code=42
SDP producer failed for key=n80_rep9_seed8000042, exit_code=42
SDP producer failed for key=n80_rep10_seed9000042, exit_code=42
Launching SDP producer key=n81_rep1_seed42, n=81, repeat=1, seed=42, p=1, iterations=50, retry=0, cache=Results/warm_start_cache/triangleFree_connected_4to8vertices_176instances_AdjacencyList__filehash_279b7452/hog_idx000081_2947fd185a30_seed42_L1_M1_standard.npz
Launched SDP PID=405361, key=n81_rep1_seed42
Launching SDP producer key=n81_rep2_seed1000042, n=81, repeat=2, seed=1000042, p=1, iterations=50, retry=0, cache=Results/warm_start_cache/triangleFree_connected_4to8vertices_176instances_AdjacencyList__filehash_279b7452/hog_idx000081_2947fd185a30_seed1000042_L1_M1_standard.npz
Launched SDP PID=405416, key=n81_rep2_seed1000042
Launching SDP producer key=n81_rep3_seed2000042, n=81, repeat=3, seed=2000042, p=1, iterations=50, retry=0, cache=Results/warm_start_cache/triangleFree_connected_4to8vertices_176instances_AdjacencyList__filehash_279b7452/hog_idx000081_2947fd185a30_seed2000042_L1_M1_standard.npz
Launched SDP PID=405538, key=n81_rep3_seed2000042
Launching SDP producer key=n81_rep4_seed3000042, n=81, repeat=4, seed=3000042, p=1, iterations=50, retry=0, cache=Results/warm_start_cache/triangleFree_connected_4to8vertices_176instances_AdjacencyList__filehash_279b7452/hog_idx000081_2947fd185a30_seed3000042_L1_M1_standard.npz
Launched SDP PID=405715, key=n81_rep4_seed3000042
Launching SDP producer key=n81_rep5_seed4000042, n=81, repeat=5, seed=4000042, p=1, iterations=50, retry=0, cache=Results/warm_start_cache/triangleFree_connected_4to8vertices_176instances_AdjacencyList__filehash_279b7452/hog_idx000081_2947fd185a30_seed4000042_L1_M1_standard.npz
Launched SDP PID=405890, key=n81_rep5_seed4000042
Loop status: pending_sdp=945, running_sdp=5, pending_qaoa=0, running_qaoa=0, total_sdp_rss_mb=20, cache_size_mb=7
SDP producer failed for key=n81_rep1_seed42, exit_code=42
SDP producer failed for key=n81_rep2_seed1000042, exit_code=42
SDP producer failed for key=n81_rep3_seed2000042, exit_code=42
SDP producer failed for key=n81_rep4_seed3000042, exit_code=42
SDP producer failed for key=n81_rep5_seed4000042, exit_code=42
Launching SDP producer key=n81_rep6_seed5000042, n=81, repeat=6, seed=5000042, p=1, iterations=50, retry=0, cache=Results/warm_start_cache/triangleFree_connected_4to8vertices_176instances_AdjacencyList__filehash_279b7452/hog_idx000081_2947fd185a30_seed5000042_L1_M1_standard.npz
Launched SDP PID=415243, key=n81_rep6_seed5000042
Launching SDP producer key=n81_rep7_seed6000042, n=81, repeat=7, seed=6000042, p=1, iterations=50, retry=0, cache=Results/warm_start_cache/triangleFree_connected_4to8vertices_176instances_AdjacencyList__filehash_279b7452/hog_idx000081_2947fd185a30_seed6000042_L1_M1_standard.npz
Launched SDP PID=415438, key=n81_rep7_seed6000042
Launching SDP producer key=n81_rep8_seed7000042, n=81, repeat=8, seed=7000042, p=1, iterations=50, retry=0, cache=Results/warm_start_cache/triangleFree_connected_4to8vertices_176instances_AdjacencyList__filehash_279b7452/hog_idx000081_2947fd185a30_seed7000042_L1_M1_standard.npz
Launched SDP PID=415728, key=n81_rep8_seed7000042
Launching SDP producer key=n81_rep9_seed8000042, n=81, repeat=9, seed=8000042, p=1, iterations=50, retry=0, cache=Results/warm_start_cache/triangleFree_connected_4to8vertices_176instances_AdjacencyList__filehash_279b7452/hog_idx000081_2947fd185a30_seed8000042_L1_M1_standard.npz
Launched SDP PID=416205, key=n81_rep9_seed8000042
Launching SDP producer key=n81_rep10_seed9000042, n=81, repeat=10, seed=9000042, p=1, iterations=50, retry=0, cache=Results/warm_start_cache/triangleFree_connected_4to8vertices_176instances_AdjacencyList__filehash_279b7452/hog_idx000081_2947fd185a30_seed9000042_L1_M1_standard.npz
Launched SDP PID=416836, key=n81_rep10_seed9000042
Loop status: pending_sdp=940, running_sdp=5, pending_qaoa=0, running_qaoa=0, total_sdp_rss_mb=20, cache_size_mb=7
SDP producer failed for key=n81_rep6_seed5000042, exit_code=42
SDP producer failed for key=n81_rep7_seed6000042, exit_code=42
SDP producer failed for key=n81_rep8_seed7000042, exit_code=42
SDP producer failed for key=n81_rep9_seed8000042, exit_code=42
SDP producer failed for key=n81_rep10_seed9000042, exit_code=42
Launching SDP producer key=n82_rep1_seed42, n=82, repeat=1, seed=42, p=1, iterations=50, retry=0, cache=Results/warm_start_cache/triangleFree_connected_4to8vertices_176instances_AdjacencyList__filehash_279b7452/hog_idx000082_c4d5c0107c64_seed42_L1_M1_standard.npz
Launched SDP PID=428528, key=n82_rep1_seed42
Launching SDP producer key=n82_rep2_seed1000042, n=82, repeat=2, seed=1000042, p=1, iterations=50, retry=0, cache=Results/warm_start_cache/triangleFree_connected_4to8vertices_176instances_AdjacencyList__filehash_279b7452/hog_idx000082_c4d5c0107c64_seed1000042_L1_M1_standard.npz
Launched SDP PID=428716, key=n82_rep2_seed1000042
Launching SDP producer key=n82_rep3_seed2000042, n=82, repeat=3, seed=2000042, p=1, iterations=50, retry=0, cache=Results/warm_start_cache/triangleFree_connected_4to8vertices_176instances_AdjacencyList__filehash_279b7452/hog_idx000082_c4d5c0107c64_seed2000042_L1_M1_standard.npz
Launched SDP PID=429045, key=n82_rep3_seed2000042
Launching SDP producer key=n82_rep4_seed3000042, n=82, repeat=4, seed=3000042, p=1, iterations=50, retry=0, cache=Results/warm_start_cache/triangleFree_connected_4to8vertices_176instances_AdjacencyList__filehash_279b7452/hog_idx000082_c4d5c0107c64_seed3000042_L1_M1_standard.npz
Launched SDP PID=429558, key=n82_rep4_seed3000042
Launching SDP producer key=n82_rep5_seed4000042, n=82, repeat=5, seed=4000042, p=1, iterations=50, retry=0, cache=Results/warm_start_cache/triangleFree_connected_4to8vertices_176instances_AdjacencyList__filehash_279b7452/hog_idx000082_c4d5c0107c64_seed4000042_L1_M1_standard.npz
Launched SDP PID=430202, key=n82_rep5_seed4000042
Loop status: pending_sdp=935, running_sdp=5, pending_qaoa=0, running_qaoa=0, total_sdp_rss_mb=20, cache_size_mb=7
SDP producer failed for key=n82_rep1_seed42, exit_code=42
SDP producer failed for key=n82_rep2_seed1000042, exit_code=42
SDP producer failed for key=n82_rep3_seed2000042, exit_code=42
SDP producer failed for key=n82_rep4_seed3000042, exit_code=42
SDP producer failed for key=n82_rep5_seed4000042, exit_code=42
Launching SDP producer key=n82_rep6_seed5000042, n=82, repeat=6, seed=5000042, p=1, iterations=50, retry=0, cache=Results/warm_start_cache/triangleFree_connected_4to8vertices_176instances_AdjacencyList__filehash_279b7452/hog_idx000082_c4d5c0107c64_seed5000042_L1_M1_standard.npz
Launched SDP PID=442773, key=n82_rep6_seed5000042
Launching SDP producer key=n82_rep7_seed6000042, n=82, repeat=7, seed=6000042, p=1, iterations=50, retry=0, cache=Results/warm_start_cache/triangleFree_connected_4to8vertices_176instances_AdjacencyList__filehash_279b7452/hog_idx000082_c4d5c0107c64_seed6000042_L1_M1_standard.npz
Launched SDP PID=442938, key=n82_rep7_seed6000042
Launching SDP producer key=n82_rep8_seed7000042, n=82, repeat=8, seed=7000042, p=1, iterations=50, retry=0, cache=Results/warm_start_cache/triangleFree_connected_4to8vertices_176instances_AdjacencyList__filehash_279b7452/hog_idx000082_c4d5c0107c64_seed7000042_L1_M1_standard.npz
Launched SDP PID=443259, key=n82_rep8_seed7000042
Launching SDP producer key=n82_rep9_seed8000042, n=82, repeat=9, seed=8000042, p=1, iterations=50, retry=0, cache=Results/warm_start_cache/triangleFree_connected_4to8vertices_176instances_AdjacencyList__filehash_279b7452/hog_idx000082_c4d5c0107c64_seed8000042_L1_M1_standard.npz
Launched SDP PID=443742, key=n82_rep9_seed8000042
Launching SDP producer key=n82_rep10_seed9000042, n=82, repeat=10, seed=9000042, p=1, iterations=50, retry=0, cache=Results/warm_start_cache/triangleFree_connected_4to8vertices_176instances_AdjacencyList__filehash_279b7452/hog_idx000082_c4d5c0107c64_seed9000042_L1_M1_standard.npz
Launched SDP PID=444362, key=n82_rep10_seed9000042
Loop status: pending_sdp=930, running_sdp=5, pending_qaoa=0, running_qaoa=0, total_sdp_rss_mb=20, cache_size_mb=7
SDP producer failed for key=n82_rep6_seed5000042, exit_code=42
SDP producer failed for key=n82_rep7_seed6000042, exit_code=42
SDP producer failed for key=n82_rep8_seed7000042, exit_code=42
SDP producer failed for key=n82_rep9_seed8000042, exit_code=42
SDP producer failed for key=n82_rep10_seed9000042, exit_code=42
Launching SDP producer key=n83_rep1_seed42, n=83, repeat=1, seed=42, p=1, iterations=50, retry=0, cache=Results/warm_start_cache/triangleFree_connected_4to8vertices_176instances_AdjacencyList__filehash_279b7452/hog_idx000083_b07e1ca4e5a8_seed42_L1_M1_standard.npz
Launched SDP PID=455708, key=n83_rep1_seed42
Launching SDP producer key=n83_rep2_seed1000042, n=83, repeat=2, seed=1000042, p=1, iterations=50, retry=0, cache=Results/warm_start_cache/triangleFree_connected_4to8vertices_176instances_AdjacencyList__filehash_279b7452/hog_idx000083_b07e1ca4e5a8_seed1000042_L1_M1_standard.npz
Launched SDP PID=455847, key=n83_rep2_seed1000042
Launching SDP producer key=n83_rep3_seed2000042, n=83, repeat=3, seed=2000042, p=1, iterations=50, retry=0, cache=Results/warm_start_cache/triangleFree_connected_4to8vertices_176instances_AdjacencyList__filehash_279b7452/hog_idx000083_b07e1ca4e5a8_seed2000042_L1_M1_standard.npz
Launched SDP PID=456141, key=n83_rep3_seed2000042
Launching SDP producer key=n83_rep4_seed3000042, n=83, repeat=4, seed=3000042, p=1, iterations=50, retry=0, cache=Results/warm_start_cache/triangleFree_connected_4to8vertices_176instances_AdjacencyList__filehash_279b7452/hog_idx000083_b07e1ca4e5a8_seed3000042_L1_M1_standard.npz
Launched SDP PID=456597, key=n83_rep4_seed3000042
Launching SDP producer key=n83_rep5_seed4000042, n=83, repeat=5, seed=4000042, p=1, iterations=50, retry=0, cache=Results/warm_start_cache/triangleFree_connected_4to8vertices_176instances_AdjacencyList__filehash_279b7452/hog_idx000083_b07e1ca4e5a8_seed4000042_L1_M1_standard.npz
Launched SDP PID=457251, key=n83_rep5_seed4000042
Loop status: pending_sdp=925, running_sdp=5, pending_qaoa=0, running_qaoa=0, total_sdp_rss_mb=20, cache_size_mb=7
SDP producer failed for key=n83_rep1_seed42, exit_code=42
SDP producer failed for key=n83_rep2_seed1000042, exit_code=42
SDP producer failed for key=n83_rep3_seed2000042, exit_code=42
SDP producer failed for key=n83_rep4_seed3000042, exit_code=42
SDP producer failed for key=n83_rep5_seed4000042, exit_code=42
Launching SDP producer key=n83_rep6_seed5000042, n=83, repeat=6, seed=5000042, p=1, iterations=50, retry=0, cache=Results/warm_start_cache/triangleFree_connected_4to8vertices_176instances_AdjacencyList__filehash_279b7452/hog_idx000083_b07e1ca4e5a8_seed5000042_L1_M1_standard.npz
Launched SDP PID=468176, key=n83_rep6_seed5000042
Launching SDP producer key=n83_rep7_seed6000042, n=83, repeat=7, seed=6000042, p=1, iterations=50, retry=0, cache=Results/warm_start_cache/triangleFree_connected_4to8vertices_176instances_AdjacencyList__filehash_279b7452/hog_idx000083_b07e1ca4e5a8_seed6000042_L1_M1_standard.npz
Launched SDP PID=468322, key=n83_rep7_seed6000042
Launching SDP producer key=n83_rep8_seed7000042, n=83, repeat=8, seed=7000042, p=1, iterations=50, retry=0, cache=Results/warm_start_cache/triangleFree_connected_4to8vertices_176instances_AdjacencyList__filehash_279b7452/hog_idx000083_b07e1ca4e5a8_seed7000042_L1_M1_standard.npz
Launched SDP PID=468574, key=n83_rep8_seed7000042
Launching SDP producer key=n83_rep9_seed8000042, n=83, repeat=9, seed=8000042, p=1, iterations=50, retry=0, cache=Results/warm_start_cache/triangleFree_connected_4to8vertices_176instances_AdjacencyList__filehash_279b7452/hog_idx000083_b07e1ca4e5a8_seed8000042_L1_M1_standard.npz
Launched SDP PID=468946, key=n83_rep9_seed8000042
Launching SDP producer key=n83_rep10_seed9000042, n=83, repeat=10, seed=9000042, p=1, iterations=50, retry=0, cache=Results/warm_start_cache/triangleFree_connected_4to8vertices_176instances_AdjacencyList__filehash_279b7452/hog_idx000083_b07e1ca4e5a8_seed9000042_L1_M1_standard.npz
Launched SDP PID=469452, key=n83_rep10_seed9000042
Loop status: pending_sdp=920, running_sdp=5, pending_qaoa=0, running_qaoa=0, total_sdp_rss_mb=20, cache_size_mb=7
SDP producer failed for key=n83_rep6_seed5000042, exit_code=42
SDP producer failed for key=n83_rep7_seed6000042, exit_code=42
SDP producer failed for key=n83_rep8_seed7000042, exit_code=42
SDP producer failed for key=n83_rep9_seed8000042, exit_code=42
SDP producer failed for key=n83_rep10_seed9000042, exit_code=42
Launching SDP producer key=n84_rep1_seed42, n=84, repeat=1, seed=42, p=1, iterations=50, retry=0, cache=Results/warm_start_cache/triangleFree_connected_4to8vertices_176instances_AdjacencyList__filehash_279b7452/hog_idx000084_1d7e86d6a4b8_seed42_L1_M1_standard.npz
Launched SDP PID=478895, key=n84_rep1_seed42
Launching SDP producer key=n84_rep2_seed1000042, n=84, repeat=2, seed=1000042, p=1, iterations=50, retry=0, cache=Results/warm_start_cache/triangleFree_connected_4to8vertices_176instances_AdjacencyList__filehash_279b7452/hog_idx000084_1d7e86d6a4b8_seed1000042_L1_M1_standard.npz
Launched SDP PID=478950, key=n84_rep2_seed1000042
Launching SDP producer key=n84_rep3_seed2000042, n=84, repeat=3, seed=2000042, p=1, iterations=50, retry=0, cache=Results/warm_start_cache/triangleFree_connected_4to8vertices_176instances_AdjacencyList__filehash_279b7452/hog_idx000084_1d7e86d6a4b8_seed2000042_L1_M1_standard.npz
Launched SDP PID=479027, key=n84_rep3_seed2000042
Launching SDP producer key=n84_rep4_seed3000042, n=84, repeat=4, seed=3000042, p=1, iterations=50, retry=0, cache=Results/warm_start_cache/triangleFree_connected_4to8vertices_176instances_AdjacencyList__filehash_279b7452/hog_idx000084_1d7e86d6a4b8_seed3000042_L1_M1_standard.npz
Launched SDP PID=479154, key=n84_rep4_seed3000042
Launching SDP producer key=n84_rep5_seed4000042, n=84, repeat=5, seed=4000042, p=1, iterations=50, retry=0, cache=Results/warm_start_cache/triangleFree_connected_4to8vertices_176instances_AdjacencyList__filehash_279b7452/hog_idx000084_1d7e86d6a4b8_seed4000042_L1_M1_standard.npz
Launched SDP PID=479334, key=n84_rep5_seed4000042
Loop status: pending_sdp=915, running_sdp=5, pending_qaoa=0, running_qaoa=0, total_sdp_rss_mb=20, cache_size_mb=7
SDP producer failed for key=n84_rep1_seed42, exit_code=42
SDP producer failed for key=n84_rep2_seed1000042, exit_code=42
SDP producer failed for key=n84_rep3_seed2000042, exit_code=42
SDP producer failed for key=n84_rep4_seed3000042, exit_code=42
SDP producer failed for key=n84_rep5_seed4000042, exit_code=42
Launching SDP producer key=n84_rep6_seed5000042, n=84, repeat=6, seed=5000042, p=1, iterations=50, retry=0, cache=Results/warm_start_cache/triangleFree_connected_4to8vertices_176instances_AdjacencyList__filehash_279b7452/hog_idx000084_1d7e86d6a4b8_seed5000042_L1_M1_standard.npz
Launched SDP PID=486163, key=n84_rep6_seed5000042
Launching SDP producer key=n84_rep7_seed6000042, n=84, repeat=7, seed=6000042, p=1, iterations=50, retry=0, cache=Results/warm_start_cache/triangleFree_connected_4to8vertices_176instances_AdjacencyList__filehash_279b7452/hog_idx000084_1d7e86d6a4b8_seed6000042_L1_M1_standard.npz
Launched SDP PID=486330, key=n84_rep7_seed6000042
Launching SDP producer key=n84_rep8_seed7000042, n=84, repeat=8, seed=7000042, p=1, iterations=50, retry=0, cache=Results/warm_start_cache/triangleFree_connected_4to8vertices_176instances_AdjacencyList__filehash_279b7452/hog_idx000084_1d7e86d6a4b8_seed7000042_L1_M1_standard.npz
Launched SDP PID=486679, key=n84_rep8_seed7000042
Launching SDP producer key=n84_rep9_seed8000042, n=84, repeat=9, seed=8000042, p=1, iterations=50, retry=0, cache=Results/warm_start_cache/triangleFree_connected_4to8vertices_176instances_AdjacencyList__filehash_279b7452/hog_idx000084_1d7e86d6a4b8_seed8000042_L1_M1_standard.npz
Launched SDP PID=487167, key=n84_rep9_seed8000042
Launching SDP producer key=n84_rep10_seed9000042, n=84, repeat=10, seed=9000042, p=1, iterations=50, retry=0, cache=Results/warm_start_cache/triangleFree_connected_4to8vertices_176instances_AdjacencyList__filehash_279b7452/hog_idx000084_1d7e86d6a4b8_seed9000042_L1_M1_standard.npz
Launched SDP PID=487753, key=n84_rep10_seed9000042
Loop status: pending_sdp=910, running_sdp=5, pending_qaoa=0, running_qaoa=0, total_sdp_rss_mb=20, cache_size_mb=7
SDP producer failed for key=n84_rep6_seed5000042, exit_code=42
SDP producer failed for key=n84_rep7_seed6000042, exit_code=42
SDP producer failed for key=n84_rep8_seed7000042, exit_code=42
SDP producer failed for key=n84_rep9_seed8000042, exit_code=42
SDP producer failed for key=n84_rep10_seed9000042, exit_code=42
Launching SDP producer key=n85_rep1_seed42, n=85, repeat=1, seed=42, p=1, iterations=50, retry=0, cache=Results/warm_start_cache/triangleFree_connected_4to8vertices_176instances_AdjacencyList__filehash_279b7452/hog_idx000085_ffe487c8a3ab_seed42_L1_M1_standard.npz
Launched SDP PID=498284, key=n85_rep1_seed42
Launching SDP producer key=n85_rep2_seed1000042, n=85, repeat=2, seed=1000042, p=1, iterations=50, retry=0, cache=Results/warm_start_cache/triangleFree_connected_4to8vertices_176instances_AdjacencyList__filehash_279b7452/hog_idx000085_ffe487c8a3ab_seed1000042_L1_M1_standard.npz
Launched SDP PID=498434, key=n85_rep2_seed1000042
Launching SDP producer key=n85_rep3_seed2000042, n=85, repeat=3, seed=2000042, p=1, iterations=50, retry=0, cache=Results/warm_start_cache/triangleFree_connected_4to8vertices_176instances_AdjacencyList__filehash_279b7452/hog_idx000085_ffe487c8a3ab_seed2000042_L1_M1_standard.npz
Launched SDP PID=498735, key=n85_rep3_seed2000042
Launching SDP producer key=n85_rep4_seed3000042, n=85, repeat=4, seed=3000042, p=1, iterations=50, retry=0, cache=Results/warm_start_cache/triangleFree_connected_4to8vertices_176instances_AdjacencyList__filehash_279b7452/hog_idx000085_ffe487c8a3ab_seed3000042_L1_M1_standard.npz
Launched SDP PID=499238, key=n85_rep4_seed3000042
Launching SDP producer key=n85_rep5_seed4000042, n=85, repeat=5, seed=4000042, p=1, iterations=50, retry=0, cache=Results/warm_start_cache/triangleFree_connected_4to8vertices_176instances_AdjacencyList__filehash_279b7452/hog_idx000085_ffe487c8a3ab_seed4000042_L1_M1_standard.npz
Launched SDP PID=499854, key=n85_rep5_seed4000042
Loop status: pending_sdp=905, running_sdp=5, pending_qaoa=0, running_qaoa=0, total_sdp_rss_mb=20, cache_size_mb=7
SDP producer failed for key=n85_rep1_seed42, exit_code=42
SDP producer failed for key=n85_rep2_seed1000042, exit_code=42
SDP producer failed for key=n85_rep3_seed2000042, exit_code=42
SDP producer failed for key=n85_rep4_seed3000042, exit_code=42
SDP producer failed for key=n85_rep5_seed4000042, exit_code=42
Launching SDP producer key=n85_rep6_seed5000042, n=85, repeat=6, seed=5000042, p=1, iterations=50, retry=0, cache=Results/warm_start_cache/triangleFree_connected_4to8vertices_176instances_AdjacencyList__filehash_279b7452/hog_idx000085_ffe487c8a3ab_seed5000042_L1_M1_standard.npz
Launched SDP PID=511278, key=n85_rep6_seed5000042
Launching SDP producer key=n85_rep7_seed6000042, n=85, repeat=7, seed=6000042, p=1, iterations=50, retry=0, cache=Results/warm_start_cache/triangleFree_connected_4to8vertices_176instances_AdjacencyList__filehash_279b7452/hog_idx000085_ffe487c8a3ab_seed6000042_L1_M1_standard.npz
Launched SDP PID=511491, key=n85_rep7_seed6000042
Launching SDP producer key=n85_rep8_seed7000042, n=85, repeat=8, seed=7000042, p=1, iterations=50, retry=0, cache=Results/warm_start_cache/triangleFree_connected_4to8vertices_176instances_AdjacencyList__filehash_279b7452/hog_idx000085_ffe487c8a3ab_seed7000042_L1_M1_standard.npz
Launched SDP PID=511826, key=n85_rep8_seed7000042
Launching SDP producer key=n85_rep9_seed8000042, n=85, repeat=9, seed=8000042, p=1, iterations=50, retry=0, cache=Results/warm_start_cache/triangleFree_connected_4to8vertices_176instances_AdjacencyList__filehash_279b7452/hog_idx000085_ffe487c8a3ab_seed8000042_L1_M1_standard.npz
Launched SDP PID=512290, key=n85_rep9_seed8000042
Launching SDP producer key=n85_rep10_seed9000042, n=85, repeat=10, seed=9000042, p=1, iterations=50, retry=0, cache=Results/warm_start_cache/triangleFree_connected_4to8vertices_176instances_AdjacencyList__filehash_279b7452/hog_idx000085_ffe487c8a3ab_seed9000042_L1_M1_standard.npz
Launched SDP PID=512885, key=n85_rep10_seed9000042
Loop status: pending_sdp=900, running_sdp=5, pending_qaoa=0, running_qaoa=0, total_sdp_rss_mb=20, cache_size_mb=7
SDP producer failed for key=n85_rep6_seed5000042, exit_code=42
SDP producer failed for key=n85_rep7_seed6000042, exit_code=42
SDP producer failed for key=n85_rep8_seed7000042, exit_code=42
SDP producer failed for key=n85_rep9_seed8000042, exit_code=42
SDP producer failed for key=n85_rep10_seed9000042, exit_code=42
Launching SDP producer key=n86_rep1_seed42, n=86, repeat=1, seed=42, p=1, iterations=50, retry=0, cache=Results/warm_start_cache/triangleFree_connected_4to8vertices_176instances_AdjacencyList__filehash_279b7452/hog_idx000086_a69cd680e2c0_seed42_L1_M1_standard.npz
Launched SDP PID=524450, key=n86_rep1_seed42
Launching SDP producer key=n86_rep2_seed1000042, n=86, repeat=2, seed=1000042, p=1, iterations=50, retry=0, cache=Results/warm_start_cache/triangleFree_connected_4to8vertices_176instances_AdjacencyList__filehash_279b7452/hog_idx000086_a69cd680e2c0_seed1000042_L1_M1_standard.npz
Launched SDP PID=524613, key=n86_rep2_seed1000042
Launching SDP producer key=n86_rep3_seed2000042, n=86, repeat=3, seed=2000042, p=1, iterations=50, retry=0, cache=Results/warm_start_cache/triangleFree_connected_4to8vertices_176instances_AdjacencyList__filehash_279b7452/hog_idx000086_a69cd680e2c0_seed2000042_L1_M1_standard.npz
Launched SDP PID=524935, key=n86_rep3_seed2000042
Launching SDP producer key=n86_rep4_seed3000042, n=86, repeat=4, seed=3000042, p=1, iterations=50, retry=0, cache=Results/warm_start_cache/triangleFree_connected_4to8vertices_176instances_AdjacencyList__filehash_279b7452/hog_idx000086_a69cd680e2c0_seed3000042_L1_M1_standard.npz
Launched SDP PID=525395, key=n86_rep4_seed3000042
Launching SDP producer key=n86_rep5_seed4000042, n=86, repeat=5, seed=4000042, p=1, iterations=50, retry=0, cache=Results/warm_start_cache/triangleFree_connected_4to8vertices_176instances_AdjacencyList__filehash_279b7452/hog_idx000086_a69cd680e2c0_seed4000042_L1_M1_standard.npz
Launched SDP PID=526013, key=n86_rep5_seed4000042
Loop status: pending_sdp=895, running_sdp=5, pending_qaoa=0, running_qaoa=0, total_sdp_rss_mb=20, cache_size_mb=8
SDP producer failed for key=n86_rep1_seed42, exit_code=42
SDP producer failed for key=n86_rep2_seed1000042, exit_code=42
SDP producer failed for key=n86_rep3_seed2000042, exit_code=42
SDP producer failed for key=n86_rep5_seed4000042, exit_code=42
Launching SDP producer key=n86_rep6_seed5000042, n=86, repeat=6, seed=5000042, p=1, iterations=50, retry=0, cache=Results/warm_start_cache/triangleFree_connected_4to8vertices_176instances_AdjacencyList__filehash_279b7452/hog_idx000086_a69cd680e2c0_seed5000042_L1_M1_standard.npz
Launched SDP PID=537632, key=n86_rep6_seed5000042
Launching SDP producer key=n86_rep7_seed6000042, n=86, repeat=7, seed=6000042, p=1, iterations=50, retry=0, cache=Results/warm_start_cache/triangleFree_connected_4to8vertices_176instances_AdjacencyList__filehash_279b7452/hog_idx000086_a69cd680e2c0_seed6000042_L1_M1_standard.npz
Launched SDP PID=538002, key=n86_rep7_seed6000042
Launching SDP producer key=n86_rep8_seed7000042, n=86, repeat=8, seed=7000042, p=1, iterations=50, retry=0, cache=Results/warm_start_cache/triangleFree_connected_4to8vertices_176instances_AdjacencyList__filehash_279b7452/hog_idx000086_a69cd680e2c0_seed7000042_L1_M1_standard.npz
Launched SDP PID=538486, key=n86_rep8_seed7000042
Launching SDP producer key=n86_rep9_seed8000042, n=86, repeat=9, seed=8000042, p=1, iterations=50, retry=0, cache=Results/warm_start_cache/triangleFree_connected_4to8vertices_176instances_AdjacencyList__filehash_279b7452/hog_idx000086_a69cd680e2c0_seed8000042_L1_M1_standard.npz
Launched SDP PID=539135, key=n86_rep9_seed8000042
Loop status: pending_sdp=891, running_sdp=5, pending_qaoa=0, running_qaoa=0, total_sdp_rss_mb=20, cache_size_mb=8
SDP producer failed for key=n86_rep4_seed3000042, exit_code=42
SDP producer failed for key=n86_rep6_seed5000042, exit_code=42
SDP producer failed for key=n86_rep7_seed6000042, exit_code=42
SDP producer failed for key=n86_rep8_seed7000042, exit_code=42
SDP producer failed for key=n86_rep9_seed8000042, exit_code=42
Launching SDP producer key=n86_rep10_seed9000042, n=86, repeat=10, seed=9000042, p=1, iterations=50, retry=0, cache=Results/warm_start_cache/triangleFree_connected_4to8vertices_176instances_AdjacencyList__filehash_279b7452/hog_idx000086_a69cd680e2c0_seed9000042_L1_M1_standard.npz
Launched SDP PID=549578, key=n86_rep10_seed9000042
Launching SDP producer key=n87_rep1_seed42, n=87, repeat=1, seed=42, p=1, iterations=50, retry=0, cache=Results/warm_start_cache/triangleFree_connected_4to8vertices_176instances_AdjacencyList__filehash_279b7452/hog_idx000087_6c027932a52c_seed42_L1_M1_standard.npz
Launched SDP PID=549738, key=n87_rep1_seed42
Launching SDP producer key=n87_rep2_seed1000042, n=87, repeat=2, seed=1000042, p=1, iterations=50, retry=0, cache=Results/warm_start_cache/triangleFree_connected_4to8vertices_176instances_AdjacencyList__filehash_279b7452/hog_idx000087_6c027932a52c_seed1000042_L1_M1_standard.npz
Launched SDP PID=550046, key=n87_rep2_seed1000042
Launching SDP producer key=n87_rep3_seed2000042, n=87, repeat=3, seed=2000042, p=1, iterations=50, retry=0, cache=Results/warm_start_cache/triangleFree_connected_4to8vertices_176instances_AdjacencyList__filehash_279b7452/hog_idx000087_6c027932a52c_seed2000042_L1_M1_standard.npz
Launched SDP PID=550495, key=n87_rep3_seed2000042
Launching SDP producer key=n87_rep4_seed3000042, n=87, repeat=4, seed=3000042, p=1, iterations=50, retry=0, cache=Results/warm_start_cache/triangleFree_connected_4to8vertices_176instances_AdjacencyList__filehash_279b7452/hog_idx000087_6c027932a52c_seed3000042_L1_M1_standard.npz
Launched SDP PID=551194, key=n87_rep4_seed3000042
Loop status: pending_sdp=886, running_sdp=5, pending_qaoa=0, running_qaoa=0, total_sdp_rss_mb=20, cache_size_mb=8
SDP producer failed for key=n86_rep10_seed9000042, exit_code=42
SDP producer failed for key=n87_rep1_seed42, exit_code=42
SDP producer failed for key=n87_rep2_seed1000042, exit_code=42
SDP producer failed for key=n87_rep3_seed2000042, exit_code=42
SDP producer failed for key=n87_rep4_seed3000042, exit_code=42
Launching SDP producer key=n87_rep5_seed4000042, n=87, repeat=5, seed=4000042, p=1, iterations=50, retry=0, cache=Results/warm_start_cache/triangleFree_connected_4to8vertices_176instances_AdjacencyList__filehash_279b7452/hog_idx000087_6c027932a52c_seed4000042_L1_M1_standard.npz
Launched SDP PID=556426, key=n87_rep5_seed4000042
Launching SDP producer key=n87_rep6_seed5000042, n=87, repeat=6, seed=5000042, p=1, iterations=50, retry=0, cache=Results/warm_start_cache/triangleFree_connected_4to8vertices_176instances_AdjacencyList__filehash_279b7452/hog_idx000087_6c027932a52c_seed5000042_L1_M1_standard.npz
Launched SDP PID=556571, key=n87_rep6_seed5000042
Launching SDP producer key=n87_rep7_seed6000042, n=87, repeat=7, seed=6000042, p=1, iterations=50, retry=0, cache=Results/warm_start_cache/triangleFree_connected_4to8vertices_176instances_AdjacencyList__filehash_279b7452/hog_idx000087_6c027932a52c_seed6000042_L1_M1_standard.npz
Launched SDP PID=556806, key=n87_rep7_seed6000042
Launching SDP producer key=n87_rep8_seed7000042, n=87, repeat=8, seed=7000042, p=1, iterations=50, retry=0, cache=Results/warm_start_cache/triangleFree_connected_4to8vertices_176instances_AdjacencyList__filehash_279b7452/hog_idx000087_6c027932a52c_seed7000042_L1_M1_standard.npz
Launched SDP PID=557192, key=n87_rep8_seed7000042
Launching SDP producer key=n87_rep9_seed8000042, n=87, repeat=9, seed=8000042, p=1, iterations=50, retry=0, cache=Results/warm_start_cache/triangleFree_connected_4to8vertices_176instances_AdjacencyList__filehash_279b7452/hog_idx000087_6c027932a52c_seed8000042_L1_M1_standard.npz
Launched SDP PID=557728, key=n87_rep9_seed8000042
Loop status: pending_sdp=881, running_sdp=5, pending_qaoa=0, running_qaoa=0, total_sdp_rss_mb=20, cache_size_mb=8
SDP producer failed for key=n87_rep5_seed4000042, exit_code=42
SDP producer failed for key=n87_rep6_seed5000042, exit_code=42
SDP producer failed for key=n87_rep7_seed6000042, exit_code=42
SDP producer failed for key=n87_rep8_seed7000042, exit_code=42
SDP producer failed for key=n87_rep9_seed8000042, exit_code=42
Launching SDP producer key=n87_rep10_seed9000042, n=87, repeat=10, seed=9000042, p=1, iterations=50, retry=0, cache=Results/warm_start_cache/triangleFree_connected_4to8vertices_176instances_AdjacencyList__filehash_279b7452/hog_idx000087_6c027932a52c_seed9000042_L1_M1_standard.npz
Launched SDP PID=567572, key=n87_rep10_seed9000042
Launching SDP producer key=n88_rep1_seed42, n=88, repeat=1, seed=42, p=1, iterations=50, retry=0, cache=Results/warm_start_cache/triangleFree_connected_4to8vertices_176instances_AdjacencyList__filehash_279b7452/hog_idx000088_0e39869a0291_seed42_L1_M1_standard.npz
Launched SDP PID=567669, key=n88_rep1_seed42
Launching SDP producer key=n88_rep2_seed1000042, n=88, repeat=2, seed=1000042, p=1, iterations=50, retry=0, cache=Results/warm_start_cache/triangleFree_connected_4to8vertices_176instances_AdjacencyList__filehash_279b7452/hog_idx000088_0e39869a0291_seed1000042_L1_M1_standard.npz
Launched SDP PID=567907, key=n88_rep2_seed1000042
Launching SDP producer key=n88_rep3_seed2000042, n=88, repeat=3, seed=2000042, p=1, iterations=50, retry=0, cache=Results/warm_start_cache/triangleFree_connected_4to8vertices_176instances_AdjacencyList__filehash_279b7452/hog_idx000088_0e39869a0291_seed2000042_L1_M1_standard.npz
Launched SDP PID=568286, key=n88_rep3_seed2000042
Launching SDP producer key=n88_rep4_seed3000042, n=88, repeat=4, seed=3000042, p=1, iterations=50, retry=0, cache=Results/warm_start_cache/triangleFree_connected_4to8vertices_176instances_AdjacencyList__filehash_279b7452/hog_idx000088_0e39869a0291_seed3000042_L1_M1_standard.npz
Launched SDP PID=568806, key=n88_rep4_seed3000042
Loop status: pending_sdp=876, running_sdp=5, pending_qaoa=0, running_qaoa=0, total_sdp_rss_mb=20, cache_size_mb=8
SDP producer failed for key=n87_rep10_seed9000042, exit_code=42
SDP producer failed for key=n88_rep1_seed42, exit_code=42
SDP producer failed for key=n88_rep2_seed1000042, exit_code=42
SDP producer failed for key=n88_rep3_seed2000042, exit_code=42
SDP producer failed for key=n88_rep4_seed3000042, exit_code=42
Launching SDP producer key=n88_rep5_seed4000042, n=88, repeat=5, seed=4000042, p=1, iterations=50, retry=0, cache=Results/warm_start_cache/triangleFree_connected_4to8vertices_176instances_AdjacencyList__filehash_279b7452/hog_idx000088_0e39869a0291_seed4000042_L1_M1_standard.npz
Launched SDP PID=579021, key=n88_rep5_seed4000042
Launching SDP producer key=n88_rep6_seed5000042, n=88, repeat=6, seed=5000042, p=1, iterations=50, retry=0, cache=Results/warm_start_cache/triangleFree_connected_4to8vertices_176instances_AdjacencyList__filehash_279b7452/hog_idx000088_0e39869a0291_seed5000042_L1_M1_standard.npz
Launched SDP PID=579139, key=n88_rep6_seed5000042
Launching SDP producer key=n88_rep7_seed6000042, n=88, repeat=7, seed=6000042, p=1, iterations=50, retry=0, cache=Results/warm_start_cache/triangleFree_connected_4to8vertices_176instances_AdjacencyList__filehash_279b7452/hog_idx000088_0e39869a0291_seed6000042_L1_M1_standard.npz
Launched SDP PID=579405, key=n88_rep7_seed6000042
Launching SDP producer key=n88_rep8_seed7000042, n=88, repeat=8, seed=7000042, p=1, iterations=50, retry=0, cache=Results/warm_start_cache/triangleFree_connected_4to8vertices_176instances_AdjacencyList__filehash_279b7452/hog_idx000088_0e39869a0291_seed7000042_L1_M1_standard.npz
Launched SDP PID=579792, key=n88_rep8_seed7000042
Launching SDP producer key=n88_rep9_seed8000042, n=88, repeat=9, seed=8000042, p=1, iterations=50, retry=0, cache=Results/warm_start_cache/triangleFree_connected_4to8vertices_176instances_AdjacencyList__filehash_279b7452/hog_idx000088_0e39869a0291_seed8000042_L1_M1_standard.npz
Launched SDP PID=580303, key=n88_rep9_seed8000042
Loop status: pending_sdp=871, running_sdp=5, pending_qaoa=0, running_qaoa=0, total_sdp_rss_mb=20, cache_size_mb=8
SDP producer failed for key=n88_rep5_seed4000042, exit_code=42
SDP producer failed for key=n88_rep6_seed5000042, exit_code=42
SDP producer failed for key=n88_rep7_seed6000042, exit_code=42
SDP producer failed for key=n88_rep8_seed7000042, exit_code=42
SDP producer failed for key=n88_rep9_seed8000042, exit_code=42
Launching SDP producer key=n88_rep10_seed9000042, n=88, repeat=10, seed=9000042, p=1, iterations=50, retry=0, cache=Results/warm_start_cache/triangleFree_connected_4to8vertices_176instances_AdjacencyList__filehash_279b7452/hog_idx000088_0e39869a0291_seed9000042_L1_M1_standard.npz
Launched SDP PID=591099, key=n88_rep10_seed9000042
Launching SDP producer key=n89_rep1_seed42, n=89, repeat=1, seed=42, p=1, iterations=50, retry=0, cache=Results/warm_start_cache/triangleFree_connected_4to8vertices_176instances_AdjacencyList__filehash_279b7452/hog_idx000089_a01c2c5199a5_seed42_L1_M1_standard.npz
Launched SDP PID=591252, key=n89_rep1_seed42
Launching SDP producer key=n89_rep2_seed1000042, n=89, repeat=2, seed=1000042, p=1, iterations=50, retry=0, cache=Results/warm_start_cache/triangleFree_connected_4to8vertices_176instances_AdjacencyList__filehash_279b7452/hog_idx000089_a01c2c5199a5_seed1000042_L1_M1_standard.npz
Launched SDP PID=591570, key=n89_rep2_seed1000042
Launching SDP producer key=n89_rep3_seed2000042, n=89, repeat=3, seed=2000042, p=1, iterations=50, retry=0, cache=Results/warm_start_cache/triangleFree_connected_4to8vertices_176instances_AdjacencyList__filehash_279b7452/hog_idx000089_a01c2c5199a5_seed2000042_L1_M1_standard.npz
Launched SDP PID=591981, key=n89_rep3_seed2000042
Launching SDP producer key=n89_rep4_seed3000042, n=89, repeat=4, seed=3000042, p=1, iterations=50, retry=0, cache=Results/warm_start_cache/triangleFree_connected_4to8vertices_176instances_AdjacencyList__filehash_279b7452/hog_idx000089_a01c2c5199a5_seed3000042_L1_M1_standard.npz
Launched SDP PID=592571, key=n89_rep4_seed3000042
Loop status: pending_sdp=866, running_sdp=5, pending_qaoa=0, running_qaoa=0, total_sdp_rss_mb=20, cache_size_mb=8
SDP producer failed for key=n88_rep10_seed9000042, exit_code=42
SDP producer failed for key=n89_rep1_seed42, exit_code=42
SDP producer failed for key=n89_rep2_seed1000042, exit_code=42
SDP producer failed for key=n89_rep3_seed2000042, exit_code=42
SDP producer failed for key=n89_rep4_seed3000042, exit_code=42
Launching SDP producer key=n89_rep5_seed4000042, n=89, repeat=5, seed=4000042, p=1, iterations=50, retry=0, cache=Results/warm_start_cache/triangleFree_connected_4to8vertices_176instances_AdjacencyList__filehash_279b7452/hog_idx000089_a01c2c5199a5_seed4000042_L1_M1_standard.npz
Launched SDP PID=604011, key=n89_rep5_seed4000042
Launching SDP producer key=n89_rep6_seed5000042, n=89, repeat=6, seed=5000042, p=1, iterations=50, retry=0, cache=Results/warm_start_cache/triangleFree_connected_4to8vertices_176instances_AdjacencyList__filehash_279b7452/hog_idx000089_a01c2c5199a5_seed5000042_L1_M1_standard.npz
Launched SDP PID=604177, key=n89_rep6_seed5000042
Launching SDP producer key=n89_rep7_seed6000042, n=89, repeat=7, seed=6000042, p=1, iterations=50, retry=0, cache=Results/warm_start_cache/triangleFree_connected_4to8vertices_176instances_AdjacencyList__filehash_279b7452/hog_idx000089_a01c2c5199a5_seed6000042_L1_M1_standard.npz
Launched SDP PID=604449, key=n89_rep7_seed6000042
Launching SDP producer key=n89_rep8_seed7000042, n=89, repeat=8, seed=7000042, p=1, iterations=50, retry=0, cache=Results/warm_start_cache/triangleFree_connected_4to8vertices_176instances_AdjacencyList__filehash_279b7452/hog_idx000089_a01c2c5199a5_seed7000042_L1_M1_standard.npz
Launched SDP PID=604864, key=n89_rep8_seed7000042
Launching SDP producer key=n89_rep9_seed8000042, n=89, repeat=9, seed=8000042, p=1, iterations=50, retry=0, cache=Results/warm_start_cache/triangleFree_connected_4to8vertices_176instances_AdjacencyList__filehash_279b7452/hog_idx000089_a01c2c5199a5_seed8000042_L1_M1_standard.npz
Launched SDP PID=605520, key=n89_rep9_seed8000042
Loop status: pending_sdp=861, running_sdp=5, pending_qaoa=0, running_qaoa=0, total_sdp_rss_mb=20, cache_size_mb=8
SDP producer failed for key=n89_rep5_seed4000042, exit_code=42
SDP producer failed for key=n89_rep6_seed5000042, exit_code=42
SDP producer failed for key=n89_rep7_seed6000042, exit_code=42
SDP producer failed for key=n89_rep8_seed7000042, exit_code=42
SDP producer failed for key=n89_rep9_seed8000042, exit_code=42
Launching SDP producer key=n89_rep10_seed9000042, n=89, repeat=10, seed=9000042, p=1, iterations=50, retry=0, cache=Results/warm_start_cache/triangleFree_connected_4to8vertices_176instances_AdjacencyList__filehash_279b7452/hog_idx000089_a01c2c5199a5_seed9000042_L1_M1_standard.npz
Launched SDP PID=616236, key=n89_rep10_seed9000042
Launching SDP producer key=n90_rep1_seed42, n=90, repeat=1, seed=42, p=1, iterations=50, retry=0, cache=Results/warm_start_cache/triangleFree_connected_4to8vertices_176instances_AdjacencyList__filehash_279b7452/hog_idx000090_9b0e6360a300_seed42_L1_M1_standard.npz
Launched SDP PID=616388, key=n90_rep1_seed42
Launching SDP producer key=n90_rep2_seed1000042, n=90, repeat=2, seed=1000042, p=1, iterations=50, retry=0, cache=Results/warm_start_cache/triangleFree_connected_4to8vertices_176instances_AdjacencyList__filehash_279b7452/hog_idx000090_9b0e6360a300_seed1000042_L1_M1_standard.npz
Launched SDP PID=616740, key=n90_rep2_seed1000042
Launching SDP producer key=n90_rep3_seed2000042, n=90, repeat=3, seed=2000042, p=1, iterations=50, retry=0, cache=Results/warm_start_cache/triangleFree_connected_4to8vertices_176instances_AdjacencyList__filehash_279b7452/hog_idx000090_9b0e6360a300_seed2000042_L1_M1_standard.npz
Launched SDP PID=617128, key=n90_rep3_seed2000042
Launching SDP producer key=n90_rep4_seed3000042, n=90, repeat=4, seed=3000042, p=1, iterations=50, retry=0, cache=Results/warm_start_cache/triangleFree_connected_4to8vertices_176instances_AdjacencyList__filehash_279b7452/hog_idx000090_9b0e6360a300_seed3000042_L1_M1_standard.npz
Launched SDP PID=617650, key=n90_rep4_seed3000042
Loop status: pending_sdp=856, running_sdp=5, pending_qaoa=0, running_qaoa=0, total_sdp_rss_mb=20, cache_size_mb=8
SDP producer failed for key=n89_rep10_seed9000042, exit_code=42
SDP producer failed for key=n90_rep1_seed42, exit_code=42
SDP producer failed for key=n90_rep2_seed1000042, exit_code=42
SDP producer failed for key=n90_rep3_seed2000042, exit_code=42
SDP producer failed for key=n90_rep4_seed3000042, exit_code=42
Launching SDP producer key=n90_rep5_seed4000042, n=90, repeat=5, seed=4000042, p=1, iterations=50, retry=0, cache=Results/warm_start_cache/triangleFree_connected_4to8vertices_176instances_AdjacencyList__filehash_279b7452/hog_idx000090_9b0e6360a300_seed4000042_L1_M1_standard.npz
Launched SDP PID=626375, key=n90_rep5_seed4000042
Launching SDP producer key=n90_rep6_seed5000042, n=90, repeat=6, seed=5000042, p=1, iterations=50, retry=0, cache=Results/warm_start_cache/triangleFree_connected_4to8vertices_176instances_AdjacencyList__filehash_279b7452/hog_idx000090_9b0e6360a300_seed5000042_L1_M1_standard.npz
Launched SDP PID=626431, key=n90_rep6_seed5000042
Launching SDP producer key=n90_rep7_seed6000042, n=90, repeat=7, seed=6000042, p=1, iterations=50, retry=0, cache=Results/warm_start_cache/triangleFree_connected_4to8vertices_176instances_AdjacencyList__filehash_279b7452/hog_idx000090_9b0e6360a300_seed6000042_L1_M1_standard.npz
Launched SDP PID=626514, key=n90_rep7_seed6000042
Launching SDP producer key=n90_rep8_seed7000042, n=90, repeat=8, seed=7000042, p=1, iterations=50, retry=0, cache=Results/warm_start_cache/triangleFree_connected_4to8vertices_176instances_AdjacencyList__filehash_279b7452/hog_idx000090_9b0e6360a300_seed7000042_L1_M1_standard.npz
Launched SDP PID=626668, key=n90_rep8_seed7000042
Launching SDP producer key=n90_rep9_seed8000042, n=90, repeat=9, seed=8000042, p=1, iterations=50, retry=0, cache=Results/warm_start_cache/triangleFree_connected_4to8vertices_176instances_AdjacencyList__filehash_279b7452/hog_idx000090_9b0e6360a300_seed8000042_L1_M1_standard.npz
Launched SDP PID=626920, key=n90_rep9_seed8000042
Loop status: pending_sdp=851, running_sdp=5, pending_qaoa=0, running_qaoa=0, total_sdp_rss_mb=20, cache_size_mb=8
SDP producer failed for key=n90_rep5_seed4000042, exit_code=42
SDP producer failed for key=n90_rep7_seed6000042, exit_code=42
SDP producer failed for key=n90_rep8_seed7000042, exit_code=42
SDP producer failed for key=n90_rep9_seed8000042, exit_code=42
Launching SDP producer key=n90_rep10_seed9000042, n=90, repeat=10, seed=9000042, p=1, iterations=50, retry=0, cache=Results/warm_start_cache/triangleFree_connected_4to8vertices_176instances_AdjacencyList__filehash_279b7452/hog_idx000090_9b0e6360a300_seed9000042_L1_M1_standard.npz
Launched SDP PID=633938, key=n90_rep10_seed9000042
Launching SDP producer key=n91_rep1_seed42, n=91, repeat=1, seed=42, p=1, iterations=50, retry=0, cache=Results/warm_start_cache/triangleFree_connected_4to8vertices_176instances_AdjacencyList__filehash_279b7452/hog_idx000091_e0800c0d9b4d_seed42_L1_M1_standard.npz
Launched SDP PID=634154, key=n91_rep1_seed42
Launching SDP producer key=n91_rep2_seed1000042, n=91, repeat=2, seed=1000042, p=1, iterations=50, retry=0, cache=Results/warm_start_cache/triangleFree_connected_4to8vertices_176instances_AdjacencyList__filehash_279b7452/hog_idx000091_e0800c0d9b4d_seed1000042_L1_M1_standard.npz
Launched SDP PID=634545, key=n91_rep2_seed1000042
Launching SDP producer key=n91_rep3_seed2000042, n=91, repeat=3, seed=2000042, p=1, iterations=50, retry=0, cache=Results/warm_start_cache/triangleFree_connected_4to8vertices_176instances_AdjacencyList__filehash_279b7452/hog_idx000091_e0800c0d9b4d_seed2000042_L1_M1_standard.npz
Launched SDP PID=634948, key=n91_rep3_seed2000042
SDP producer failed for key=n90_rep6_seed5000042, exit_code=42
Launching SDP producer key=n91_rep4_seed3000042, n=91, repeat=4, seed=3000042, p=1, iterations=50, retry=0, cache=Results/warm_start_cache/triangleFree_connected_4to8vertices_176instances_AdjacencyList__filehash_279b7452/hog_idx000091_e0800c0d9b4d_seed3000042_L1_M1_standard.npz
Launched SDP PID=635372, key=n91_rep4_seed3000042
Loop status: pending_sdp=846, running_sdp=5, pending_qaoa=0, running_qaoa=0, total_sdp_rss_mb=20, cache_size_mb=8
SDP producer failed for key=n90_rep10_seed9000042, exit_code=42
SDP producer failed for key=n91_rep1_seed42, exit_code=42
SDP producer failed for key=n91_rep2_seed1000042, exit_code=42
SDP producer failed for key=n91_rep3_seed2000042, exit_code=42
SDP producer failed for key=n91_rep4_seed3000042, exit_code=42
Launching SDP producer key=n91_rep5_seed4000042, n=91, repeat=5, seed=4000042, p=1, iterations=50, retry=0, cache=Results/warm_start_cache/triangleFree_connected_4to8vertices_176instances_AdjacencyList__filehash_279b7452/hog_idx000091_e0800c0d9b4d_seed4000042_L1_M1_standard.npz
Launched SDP PID=645819, key=n91_rep5_seed4000042
Launching SDP producer key=n91_rep6_seed5000042, n=91, repeat=6, seed=5000042, p=1, iterations=50, retry=0, cache=Results/warm_start_cache/triangleFree_connected_4to8vertices_176instances_AdjacencyList__filehash_279b7452/hog_idx000091_e0800c0d9b4d_seed5000042_L1_M1_standard.npz
Launched SDP PID=645979, key=n91_rep6_seed5000042
Launching SDP producer key=n91_rep7_seed6000042, n=91, repeat=7, seed=6000042, p=1, iterations=50, retry=0, cache=Results/warm_start_cache/triangleFree_connected_4to8vertices_176instances_AdjacencyList__filehash_279b7452/hog_idx000091_e0800c0d9b4d_seed6000042_L1_M1_standard.npz
Launched SDP PID=646259, key=n91_rep7_seed6000042
Launching SDP producer key=n91_rep8_seed7000042, n=91, repeat=8, seed=7000042, p=1, iterations=50, retry=0, cache=Results/warm_start_cache/triangleFree_connected_4to8vertices_176instances_AdjacencyList__filehash_279b7452/hog_idx000091_e0800c0d9b4d_seed7000042_L1_M1_standard.npz
Launched SDP PID=646645, key=n91_rep8_seed7000042
Launching SDP producer key=n91_rep9_seed8000042, n=91, repeat=9, seed=8000042, p=1, iterations=50, retry=0, cache=Results/warm_start_cache/triangleFree_connected_4to8vertices_176instances_AdjacencyList__filehash_279b7452/hog_idx000091_e0800c0d9b4d_seed8000042_L1_M1_standard.npz
Launched SDP PID=647123, key=n91_rep9_seed8000042
Loop status: pending_sdp=841, running_sdp=5, pending_qaoa=0, running_qaoa=0, total_sdp_rss_mb=20, cache_size_mb=8
SDP producer failed for key=n91_rep5_seed4000042, exit_code=42
SDP producer failed for key=n91_rep6_seed5000042, exit_code=42
SDP producer failed for key=n91_rep7_seed6000042, exit_code=42
SDP producer failed for key=n91_rep8_seed7000042, exit_code=42
SDP producer failed for key=n91_rep9_seed8000042, exit_code=42
Launching SDP producer key=n91_rep10_seed9000042, n=91, repeat=10, seed=9000042, p=1, iterations=50, retry=0, cache=Results/warm_start_cache/triangleFree_connected_4to8vertices_176instances_AdjacencyList__filehash_279b7452/hog_idx000091_e0800c0d9b4d_seed9000042_L1_M1_standard.npz
Launched SDP PID=657534, key=n91_rep10_seed9000042
Launching SDP producer key=n92_rep1_seed42, n=92, repeat=1, seed=42, p=1, iterations=50, retry=0, cache=Results/warm_start_cache/triangleFree_connected_4to8vertices_176instances_AdjacencyList__filehash_279b7452/hog_idx000092_f5f76262c0fb_seed42_L1_M1_standard.npz
Launched SDP PID=657721, key=n92_rep1_seed42
Launching SDP producer key=n92_rep2_seed1000042, n=92, repeat=2, seed=1000042, p=1, iterations=50, retry=0, cache=Results/warm_start_cache/triangleFree_connected_4to8vertices_176instances_AdjacencyList__filehash_279b7452/hog_idx000092_f5f76262c0fb_seed1000042_L1_M1_standard.npz
Launched SDP PID=657959, key=n92_rep2_seed1000042
Launching SDP producer key=n92_rep3_seed2000042, n=92, repeat=3, seed=2000042, p=1, iterations=50, retry=0, cache=Results/warm_start_cache/triangleFree_connected_4to8vertices_176instances_AdjacencyList__filehash_279b7452/hog_idx000092_f5f76262c0fb_seed2000042_L1_M1_standard.npz
Launched SDP PID=658353, key=n92_rep3_seed2000042
Launching SDP producer key=n92_rep4_seed3000042, n=92, repeat=4, seed=3000042, p=1, iterations=50, retry=0, cache=Results/warm_start_cache/triangleFree_connected_4to8vertices_176instances_AdjacencyList__filehash_279b7452/hog_idx000092_f5f76262c0fb_seed3000042_L1_M1_standard.npz
Launched SDP PID=658875, key=n92_rep4_seed3000042
Loop status: pending_sdp=836, running_sdp=5, pending_qaoa=0, running_qaoa=0, total_sdp_rss_mb=20, cache_size_mb=8
SDP producer failed for key=n91_rep10_seed9000042, exit_code=42
SDP producer failed for key=n92_rep1_seed42, exit_code=42
SDP producer failed for key=n92_rep2_seed1000042, exit_code=42
SDP producer failed for key=n92_rep3_seed2000042, exit_code=42
SDP producer failed for key=n92_rep4_seed3000042, exit_code=42
Launching SDP producer key=n92_rep5_seed4000042, n=92, repeat=5, seed=4000042, p=1, iterations=50, retry=0, cache=Results/warm_start_cache/triangleFree_connected_4to8vertices_176instances_AdjacencyList__filehash_279b7452/hog_idx000092_f5f76262c0fb_seed4000042_L1_M1_standard.npz
Launched SDP PID=670304, key=n92_rep5_seed4000042
Launching SDP producer key=n92_rep6_seed5000042, n=92, repeat=6, seed=5000042, p=1, iterations=50, retry=0, cache=Results/warm_start_cache/triangleFree_connected_4to8vertices_176instances_AdjacencyList__filehash_279b7452/hog_idx000092_f5f76262c0fb_seed5000042_L1_M1_standard.npz
Launched SDP PID=670450, key=n92_rep6_seed5000042
Launching SDP producer key=n92_rep7_seed6000042, n=92, repeat=7, seed=6000042, p=1, iterations=50, retry=0, cache=Results/warm_start_cache/triangleFree_connected_4to8vertices_176instances_AdjacencyList__filehash_279b7452/hog_idx000092_f5f76262c0fb_seed6000042_L1_M1_standard.npz
Launched SDP PID=670730, key=n92_rep7_seed6000042
Launching SDP producer key=n92_rep8_seed7000042, n=92, repeat=8, seed=7000042, p=1, iterations=50, retry=0, cache=Results/warm_start_cache/triangleFree_connected_4to8vertices_176instances_AdjacencyList__filehash_279b7452/hog_idx000092_f5f76262c0fb_seed7000042_L1_M1_standard.npz
Launched SDP PID=671130, key=n92_rep8_seed7000042
Launching SDP producer key=n92_rep9_seed8000042, n=92, repeat=9, seed=8000042, p=1, iterations=50, retry=0, cache=Results/warm_start_cache/triangleFree_connected_4to8vertices_176instances_AdjacencyList__filehash_279b7452/hog_idx000092_f5f76262c0fb_seed8000042_L1_M1_standard.npz
Launched SDP PID=671634, key=n92_rep9_seed8000042
Loop status: pending_sdp=831, running_sdp=5, pending_qaoa=0, running_qaoa=0, total_sdp_rss_mb=20, cache_size_mb=8
SDP producer failed for key=n92_rep5_seed4000042, exit_code=42
SDP producer failed for key=n92_rep6_seed5000042, exit_code=42
SDP producer failed for key=n92_rep7_seed6000042, exit_code=42
SDP producer failed for key=n92_rep8_seed7000042, exit_code=42
SDP producer failed for key=n92_rep9_seed8000042, exit_code=42
Launching SDP producer key=n92_rep10_seed9000042, n=92, repeat=10, seed=9000042, p=1, iterations=50, retry=0, cache=Results/warm_start_cache/triangleFree_connected_4to8vertices_176instances_AdjacencyList__filehash_279b7452/hog_idx000092_f5f76262c0fb_seed9000042_L1_M1_standard.npz
Launched SDP PID=683165, key=n92_rep10_seed9000042
Launching SDP producer key=n93_rep1_seed42, n=93, repeat=1, seed=42, p=1, iterations=50, retry=0, cache=Results/warm_start_cache/triangleFree_connected_4to8vertices_176instances_AdjacencyList__filehash_279b7452/hog_idx000093_366992f809dc_seed42_L1_M1_standard.npz
Launched SDP PID=683300, key=n93_rep1_seed42
Launching SDP producer key=n93_rep2_seed1000042, n=93, repeat=2, seed=1000042, p=1, iterations=50, retry=0, cache=Results/warm_start_cache/triangleFree_connected_4to8vertices_176instances_AdjacencyList__filehash_279b7452/hog_idx000093_366992f809dc_seed1000042_L1_M1_standard.npz
Launched SDP PID=683633, key=n93_rep2_seed1000042
Launching SDP producer key=n93_rep3_seed2000042, n=93, repeat=3, seed=2000042, p=1, iterations=50, retry=0, cache=Results/warm_start_cache/triangleFree_connected_4to8vertices_176instances_AdjacencyList__filehash_279b7452/hog_idx000093_366992f809dc_seed2000042_L1_M1_standard.npz
Launched SDP PID=684043, key=n93_rep3_seed2000042
Launching SDP producer key=n93_rep4_seed3000042, n=93, repeat=4, seed=3000042, p=1, iterations=50, retry=0, cache=Results/warm_start_cache/triangleFree_connected_4to8vertices_176instances_AdjacencyList__filehash_279b7452/hog_idx000093_366992f809dc_seed3000042_L1_M1_standard.npz
Launched SDP PID=684594, key=n93_rep4_seed3000042
Loop status: pending_sdp=826, running_sdp=5, pending_qaoa=0, running_qaoa=0, total_sdp_rss_mb=20, cache_size_mb=8
SDP producer failed for key=n92_rep10_seed9000042, exit_code=42
SDP producer failed for key=n93_rep1_seed42, exit_code=42
SDP producer failed for key=n93_rep2_seed1000042, exit_code=42
SDP producer failed for key=n93_rep3_seed2000042, exit_code=42
SDP producer failed for key=n93_rep4_seed3000042, exit_code=42
Launching SDP producer key=n93_rep5_seed4000042, n=93, repeat=5, seed=4000042, p=1, iterations=50, retry=0, cache=Results/warm_start_cache/triangleFree_connected_4to8vertices_176instances_AdjacencyList__filehash_279b7452/hog_idx000093_366992f809dc_seed4000042_L1_M1_standard.npz
Launched SDP PID=695552, key=n93_rep5_seed4000042
Launching SDP producer key=n93_rep6_seed5000042, n=93, repeat=6, seed=5000042, p=1, iterations=50, retry=0, cache=Results/warm_start_cache/triangleFree_connected_4to8vertices_176instances_AdjacencyList__filehash_279b7452/hog_idx000093_366992f809dc_seed5000042_L1_M1_standard.npz
Launched SDP PID=695633, key=n93_rep6_seed5000042
Launching SDP producer key=n93_rep7_seed6000042, n=93, repeat=7, seed=6000042, p=1, iterations=50, retry=0, cache=Results/warm_start_cache/triangleFree_connected_4to8vertices_176instances_AdjacencyList__filehash_279b7452/hog_idx000093_366992f809dc_seed6000042_L1_M1_standard.npz
Launched SDP PID=695801, key=n93_rep7_seed6000042
Launching SDP producer key=n93_rep8_seed7000042, n=93, repeat=8, seed=7000042, p=1, iterations=50, retry=0, cache=Results/warm_start_cache/triangleFree_connected_4to8vertices_176instances_AdjacencyList__filehash_279b7452/hog_idx000093_366992f809dc_seed7000042_L1_M1_standard.npz
Launched SDP PID=695986, key=n93_rep8_seed7000042
Launching SDP producer key=n93_rep9_seed8000042, n=93, repeat=9, seed=8000042, p=1, iterations=50, retry=0, cache=Results/warm_start_cache/triangleFree_connected_4to8vertices_176instances_AdjacencyList__filehash_279b7452/hog_idx000093_366992f809dc_seed8000042_L1_M1_standard.npz
Launched SDP PID=696244, key=n93_rep9_seed8000042
Loop status: pending_sdp=821, running_sdp=5, pending_qaoa=0, running_qaoa=0, total_sdp_rss_mb=20, cache_size_mb=8
SDP producer failed for key=n93_rep5_seed4000042, exit_code=42
SDP producer failed for key=n93_rep6_seed5000042, exit_code=42
SDP producer failed for key=n93_rep8_seed7000042, exit_code=42
SDP producer failed for key=n93_rep9_seed8000042, exit_code=42
Launching SDP producer key=n93_rep10_seed9000042, n=93, repeat=10, seed=9000042, p=1, iterations=50, retry=0, cache=Results/warm_start_cache/triangleFree_connected_4to8vertices_176instances_AdjacencyList__filehash_279b7452/hog_idx000093_366992f809dc_seed9000042_L1_M1_standard.npz
Launched SDP PID=704257, key=n93_rep10_seed9000042
Launching SDP producer key=n94_rep1_seed42, n=94, repeat=1, seed=42, p=1, iterations=50, retry=0, cache=Results/warm_start_cache/triangleFree_connected_4to8vertices_176instances_AdjacencyList__filehash_279b7452/hog_idx000094_f37bd80880f6_seed42_L1_M1_standard.npz
Launched SDP PID=704406, key=n94_rep1_seed42
Launching SDP producer key=n94_rep2_seed1000042, n=94, repeat=2, seed=1000042, p=1, iterations=50, retry=0, cache=Results/warm_start_cache/triangleFree_connected_4to8vertices_176instances_AdjacencyList__filehash_279b7452/hog_idx000094_f37bd80880f6_seed1000042_L1_M1_standard.npz
Launched SDP PID=704605, key=n94_rep2_seed1000042
Launching SDP producer key=n94_rep3_seed2000042, n=94, repeat=3, seed=2000042, p=1, iterations=50, retry=0, cache=Results/warm_start_cache/triangleFree_connected_4to8vertices_176instances_AdjacencyList__filehash_279b7452/hog_idx000094_f37bd80880f6_seed2000042_L1_M1_standard.npz
Launched SDP PID=704909, key=n94_rep3_seed2000042
Loop status: pending_sdp=817, running_sdp=5, pending_qaoa=0, running_qaoa=0, total_sdp_rss_mb=16, cache_size_mb=8
SDP producer failed for key=n93_rep7_seed6000042, exit_code=42
SDP producer failed for key=n93_rep10_seed9000042, exit_code=42
SDP producer failed for key=n94_rep1_seed42, exit_code=42
SDP producer failed for key=n94_rep2_seed1000042, exit_code=42
SDP producer failed for key=n94_rep3_seed2000042, exit_code=42
Launching SDP producer key=n94_rep4_seed3000042, n=94, repeat=4, seed=3000042, p=1, iterations=50, retry=0, cache=Results/warm_start_cache/triangleFree_connected_4to8vertices_176instances_AdjacencyList__filehash_279b7452/hog_idx000094_f37bd80880f6_seed3000042_L1_M1_standard.npz
Launched SDP PID=712437, key=n94_rep4_seed3000042
Launching SDP producer key=n94_rep5_seed4000042, n=94, repeat=5, seed=4000042, p=1, iterations=50, retry=0, cache=Results/warm_start_cache/triangleFree_connected_4to8vertices_176instances_AdjacencyList__filehash_279b7452/hog_idx000094_f37bd80880f6_seed4000042_L1_M1_standard.npz
Launched SDP PID=712551, key=n94_rep5_seed4000042
Launching SDP producer key=n94_rep6_seed5000042, n=94, repeat=6, seed=5000042, p=1, iterations=50, retry=0, cache=Results/warm_start_cache/triangleFree_connected_4to8vertices_176instances_AdjacencyList__filehash_279b7452/hog_idx000094_f37bd80880f6_seed5000042_L1_M1_standard.npz
Launched SDP PID=712819, key=n94_rep6_seed5000042
Launching SDP producer key=n94_rep7_seed6000042, n=94, repeat=7, seed=6000042, p=1, iterations=50, retry=0, cache=Results/warm_start_cache/triangleFree_connected_4to8vertices_176instances_AdjacencyList__filehash_279b7452/hog_idx000094_f37bd80880f6_seed6000042_L1_M1_standard.npz
Launched SDP PID=713211, key=n94_rep7_seed6000042
Launching SDP producer key=n94_rep8_seed7000042, n=94, repeat=8, seed=7000042, p=1, iterations=50, retry=0, cache=Results/warm_start_cache/triangleFree_connected_4to8vertices_176instances_AdjacencyList__filehash_279b7452/hog_idx000094_f37bd80880f6_seed7000042_L1_M1_standard.npz
Launched SDP PID=713759, key=n94_rep8_seed7000042
Loop status: pending_sdp=812, running_sdp=5, pending_qaoa=0, running_qaoa=0, total_sdp_rss_mb=20, cache_size_mb=8
SDP producer failed for key=n94_rep4_seed3000042, exit_code=42
SDP producer failed for key=n94_rep5_seed4000042, exit_code=42
SDP producer failed for key=n94_rep6_seed5000042, exit_code=42
SDP producer failed for key=n94_rep7_seed6000042, exit_code=42
SDP producer failed for key=n94_rep8_seed7000042, exit_code=42
Launching SDP producer key=n94_rep9_seed8000042, n=94, repeat=9, seed=8000042, p=1, iterations=50, retry=0, cache=Results/warm_start_cache/triangleFree_connected_4to8vertices_176instances_AdjacencyList__filehash_279b7452/hog_idx000094_f37bd80880f6_seed8000042_L1_M1_standard.npz
Launched SDP PID=723093, key=n94_rep9_seed8000042
Launching SDP producer key=n94_rep10_seed9000042, n=94, repeat=10, seed=9000042, p=1, iterations=50, retry=0, cache=Results/warm_start_cache/triangleFree_connected_4to8vertices_176instances_AdjacencyList__filehash_279b7452/hog_idx000094_f37bd80880f6_seed9000042_L1_M1_standard.npz
Launched SDP PID=723244, key=n94_rep10_seed9000042
Launching SDP producer key=n95_rep1_seed42, n=95, repeat=1, seed=42, p=1, iterations=50, retry=0, cache=Results/warm_start_cache/triangleFree_connected_4to8vertices_176instances_AdjacencyList__filehash_279b7452/hog_idx000095_8637da50c4ad_seed42_L1_M1_standard.npz
Launched SDP PID=723508, key=n95_rep1_seed42
Launching SDP producer key=n95_rep2_seed1000042, n=95, repeat=2, seed=1000042, p=1, iterations=50, retry=0, cache=Results/warm_start_cache/triangleFree_connected_4to8vertices_176instances_AdjacencyList__filehash_279b7452/hog_idx000095_8637da50c4ad_seed1000042_L1_M1_standard.npz
Launched SDP PID=723896, key=n95_rep2_seed1000042
Launching SDP producer key=n95_rep3_seed2000042, n=95, repeat=3, seed=2000042, p=1, iterations=50, retry=0, cache=Results/warm_start_cache/triangleFree_connected_4to8vertices_176instances_AdjacencyList__filehash_279b7452/hog_idx000095_8637da50c4ad_seed2000042_L1_M1_standard.npz
Launched SDP PID=724390, key=n95_rep3_seed2000042
Loop status: pending_sdp=807, running_sdp=5, pending_qaoa=0, running_qaoa=0, total_sdp_rss_mb=20, cache_size_mb=8
SDP producer failed for key=n94_rep9_seed8000042, exit_code=42
SDP producer failed for key=n94_rep10_seed9000042, exit_code=42
SDP producer failed for key=n95_rep1_seed42, exit_code=42
SDP producer failed for key=n95_rep2_seed1000042, exit_code=42
SDP producer failed for key=n95_rep3_seed2000042, exit_code=42
Launching SDP producer key=n95_rep4_seed3000042, n=95, repeat=4, seed=3000042, p=1, iterations=50, retry=0, cache=Results/warm_start_cache/triangleFree_connected_4to8vertices_176instances_AdjacencyList__filehash_279b7452/hog_idx000095_8637da50c4ad_seed3000042_L1_M1_standard.npz
Launched SDP PID=733724, key=n95_rep4_seed3000042
Launching SDP producer key=n95_rep5_seed4000042, n=95, repeat=5, seed=4000042, p=1, iterations=50, retry=0, cache=Results/warm_start_cache/triangleFree_connected_4to8vertices_176instances_AdjacencyList__filehash_279b7452/hog_idx000095_8637da50c4ad_seed4000042_L1_M1_standard.npz
Launched SDP PID=733864, key=n95_rep5_seed4000042
Launching SDP producer key=n95_rep6_seed5000042, n=95, repeat=6, seed=5000042, p=1, iterations=50, retry=0, cache=Results/warm_start_cache/triangleFree_connected_4to8vertices_176instances_AdjacencyList__filehash_279b7452/hog_idx000095_8637da50c4ad_seed5000042_L1_M1_standard.npz
Launched SDP PID=734150, key=n95_rep6_seed5000042
Launching SDP producer key=n95_rep7_seed6000042, n=95, repeat=7, seed=6000042, p=1, iterations=50, retry=0, cache=Results/warm_start_cache/triangleFree_connected_4to8vertices_176instances_AdjacencyList__filehash_279b7452/hog_idx000095_8637da50c4ad_seed6000042_L1_M1_standard.npz
Launched SDP PID=734546, key=n95_rep7_seed6000042
Launching SDP producer key=n95_rep8_seed7000042, n=95, repeat=8, seed=7000042, p=1, iterations=50, retry=0, cache=Results/warm_start_cache/triangleFree_connected_4to8vertices_176instances_AdjacencyList__filehash_279b7452/hog_idx000095_8637da50c4ad_seed7000042_L1_M1_standard.npz
Launched SDP PID=735034, key=n95_rep8_seed7000042
Loop status: pending_sdp=802, running_sdp=5, pending_qaoa=0, running_qaoa=0, total_sdp_rss_mb=20, cache_size_mb=8
SDP producer failed for key=n95_rep4_seed3000042, exit_code=42
SDP producer failed for key=n95_rep5_seed4000042, exit_code=42
SDP producer failed for key=n95_rep6_seed5000042, exit_code=42
SDP producer failed for key=n95_rep7_seed6000042, exit_code=42
SDP producer failed for key=n95_rep8_seed7000042, exit_code=42
Launching SDP producer key=n95_rep9_seed8000042, n=95, repeat=9, seed=8000042, p=1, iterations=50, retry=0, cache=Results/warm_start_cache/triangleFree_connected_4to8vertices_176instances_AdjacencyList__filehash_279b7452/hog_idx000095_8637da50c4ad_seed8000042_L1_M1_standard.npz
Launched SDP PID=744397, key=n95_rep9_seed8000042
Launching SDP producer key=n95_rep10_seed9000042, n=95, repeat=10, seed=9000042, p=1, iterations=50, retry=0, cache=Results/warm_start_cache/triangleFree_connected_4to8vertices_176instances_AdjacencyList__filehash_279b7452/hog_idx000095_8637da50c4ad_seed9000042_L1_M1_standard.npz
Launched SDP PID=744536, key=n95_rep10_seed9000042
Launching SDP producer key=n96_rep1_seed42, n=96, repeat=1, seed=42, p=1, iterations=50, retry=0, cache=Results/warm_start_cache/triangleFree_connected_4to8vertices_176instances_AdjacencyList__filehash_279b7452/hog_idx000096_ae09a849b411_seed42_L1_M1_standard.npz
Launched SDP PID=744792, key=n96_rep1_seed42
Launching SDP producer key=n96_rep2_seed1000042, n=96, repeat=2, seed=1000042, p=1, iterations=50, retry=0, cache=Results/warm_start_cache/triangleFree_connected_4to8vertices_176instances_AdjacencyList__filehash_279b7452/hog_idx000096_ae09a849b411_seed1000042_L1_M1_standard.npz
Launched SDP PID=745216, key=n96_rep2_seed1000042
Launching SDP producer key=n96_rep3_seed2000042, n=96, repeat=3, seed=2000042, p=1, iterations=50, retry=0, cache=Results/warm_start_cache/triangleFree_connected_4to8vertices_176instances_AdjacencyList__filehash_279b7452/hog_idx000096_ae09a849b411_seed2000042_L1_M1_standard.npz
Launched SDP PID=745738, key=n96_rep3_seed2000042
Loop status: pending_sdp=797, running_sdp=5, pending_qaoa=0, running_qaoa=0, total_sdp_rss_mb=20, cache_size_mb=8
SDP producer failed for key=n95_rep9_seed8000042, exit_code=42
SDP producer failed for key=n95_rep10_seed9000042, exit_code=42
SDP producer failed for key=n96_rep1_seed42, exit_code=42
SDP producer failed for key=n96_rep2_seed1000042, exit_code=42
SDP producer failed for key=n96_rep3_seed2000042, exit_code=42
Launching SDP producer key=n96_rep4_seed3000042, n=96, repeat=4, seed=3000042, p=1, iterations=50, retry=0, cache=Results/warm_start_cache/triangleFree_connected_4to8vertices_176instances_AdjacencyList__filehash_279b7452/hog_idx000096_ae09a849b411_seed3000042_L1_M1_standard.npz
Launched SDP PID=755125, key=n96_rep4_seed3000042
Launching SDP producer key=n96_rep5_seed4000042, n=96, repeat=5, seed=4000042, p=1, iterations=50, retry=0, cache=Results/warm_start_cache/triangleFree_connected_4to8vertices_176instances_AdjacencyList__filehash_279b7452/hog_idx000096_ae09a849b411_seed4000042_L1_M1_standard.npz
Launched SDP PID=755243, key=n96_rep5_seed4000042
Launching SDP producer key=n96_rep6_seed5000042, n=96, repeat=6, seed=5000042, p=1, iterations=50, retry=0, cache=Results/warm_start_cache/triangleFree_connected_4to8vertices_176instances_AdjacencyList__filehash_279b7452/hog_idx000096_ae09a849b411_seed5000042_L1_M1_standard.npz
Launched SDP PID=755511, key=n96_rep6_seed5000042
Launching SDP producer key=n96_rep7_seed6000042, n=96, repeat=7, seed=6000042, p=1, iterations=50, retry=0, cache=Results/warm_start_cache/triangleFree_connected_4to8vertices_176instances_AdjacencyList__filehash_279b7452/hog_idx000096_ae09a849b411_seed6000042_L1_M1_standard.npz
Launched SDP PID=755888, key=n96_rep7_seed6000042
Launching SDP producer key=n96_rep8_seed7000042, n=96, repeat=8, seed=7000042, p=1, iterations=50, retry=0, cache=Results/warm_start_cache/triangleFree_connected_4to8vertices_176instances_AdjacencyList__filehash_279b7452/hog_idx000096_ae09a849b411_seed7000042_L1_M1_standard.npz
Launched SDP PID=756420, key=n96_rep8_seed7000042
Loop status: pending_sdp=792, running_sdp=5, pending_qaoa=0, running_qaoa=0, total_sdp_rss_mb=20, cache_size_mb=8
SDP producer failed for key=n96_rep4_seed3000042, exit_code=42
SDP producer failed for key=n96_rep5_seed4000042, exit_code=42
SDP producer failed for key=n96_rep6_seed5000042, exit_code=42
SDP producer failed for key=n96_rep7_seed6000042, exit_code=42
SDP producer failed for key=n96_rep8_seed7000042, exit_code=42
Launching SDP producer key=n96_rep9_seed8000042, n=96, repeat=9, seed=8000042, p=1, iterations=50, retry=0, cache=Results/warm_start_cache/triangleFree_connected_4to8vertices_176instances_AdjacencyList__filehash_279b7452/hog_idx000096_ae09a849b411_seed8000042_L1_M1_standard.npz
Launched SDP PID=765753, key=n96_rep9_seed8000042
Launching SDP producer key=n96_rep10_seed9000042, n=96, repeat=10, seed=9000042, p=1, iterations=50, retry=0, cache=Results/warm_start_cache/triangleFree_connected_4to8vertices_176instances_AdjacencyList__filehash_279b7452/hog_idx000096_ae09a849b411_seed9000042_L1_M1_standard.npz
Launched SDP PID=765891, key=n96_rep10_seed9000042
Launching SDP producer key=n97_rep1_seed42, n=97, repeat=1, seed=42, p=1, iterations=50, retry=0, cache=Results/warm_start_cache/triangleFree_connected_4to8vertices_176instances_AdjacencyList__filehash_279b7452/hog_idx000097_233caf859509_seed42_L1_M1_standard.npz
Launched SDP PID=766156, key=n97_rep1_seed42
Launching SDP producer key=n97_rep2_seed1000042, n=97, repeat=2, seed=1000042, p=1, iterations=50, retry=0, cache=Results/warm_start_cache/triangleFree_connected_4to8vertices_176instances_AdjacencyList__filehash_279b7452/hog_idx000097_233caf859509_seed1000042_L1_M1_standard.npz
Launched SDP PID=766555, key=n97_rep2_seed1000042
Launching SDP producer key=n97_rep3_seed2000042, n=97, repeat=3, seed=2000042, p=1, iterations=50, retry=0, cache=Results/warm_start_cache/triangleFree_connected_4to8vertices_176instances_AdjacencyList__filehash_279b7452/hog_idx000097_233caf859509_seed2000042_L1_M1_standard.npz
Launched SDP PID=767068, key=n97_rep3_seed2000042
Loop status: pending_sdp=787, running_sdp=5, pending_qaoa=0, running_qaoa=0, total_sdp_rss_mb=20, cache_size_mb=8
SDP producer failed for key=n96_rep9_seed8000042, exit_code=42
SDP producer failed for key=n96_rep10_seed9000042, exit_code=42
SDP producer failed for key=n97_rep1_seed42, exit_code=42
SDP producer failed for key=n97_rep2_seed1000042, exit_code=42
SDP producer failed for key=n97_rep3_seed2000042, exit_code=42
Launching SDP producer key=n97_rep4_seed3000042, n=97, repeat=4, seed=3000042, p=1, iterations=50, retry=0, cache=Results/warm_start_cache/triangleFree_connected_4to8vertices_176instances_AdjacencyList__filehash_279b7452/hog_idx000097_233caf859509_seed3000042_L1_M1_standard.npz
Launched SDP PID=776259, key=n97_rep4_seed3000042
Launching SDP producer key=n97_rep5_seed4000042, n=97, repeat=5, seed=4000042, p=1, iterations=50, retry=0, cache=Results/warm_start_cache/triangleFree_connected_4to8vertices_176instances_AdjacencyList__filehash_279b7452/hog_idx000097_233caf859509_seed4000042_L1_M1_standard.npz
Launched SDP PID=776386, key=n97_rep5_seed4000042
Launching SDP producer key=n97_rep6_seed5000042, n=97, repeat=6, seed=5000042, p=1, iterations=50, retry=0, cache=Results/warm_start_cache/triangleFree_connected_4to8vertices_176instances_AdjacencyList__filehash_279b7452/hog_idx000097_233caf859509_seed5000042_L1_M1_standard.npz
Launched SDP PID=776654, key=n97_rep6_seed5000042
Launching SDP producer key=n97_rep7_seed6000042, n=97, repeat=7, seed=6000042, p=1, iterations=50, retry=0, cache=Results/warm_start_cache/triangleFree_connected_4to8vertices_176instances_AdjacencyList__filehash_279b7452/hog_idx000097_233caf859509_seed6000042_L1_M1_standard.npz
Launched SDP PID=777064, key=n97_rep7_seed6000042
Launching SDP producer key=n97_rep8_seed7000042, n=97, repeat=8, seed=7000042, p=1, iterations=50, retry=0, cache=Results/warm_start_cache/triangleFree_connected_4to8vertices_176instances_AdjacencyList__filehash_279b7452/hog_idx000097_233caf859509_seed7000042_L1_M1_standard.npz
Launched SDP PID=777561, key=n97_rep8_seed7000042
Loop status: pending_sdp=782, running_sdp=5, pending_qaoa=0, running_qaoa=0, total_sdp_rss_mb=20, cache_size_mb=8
SDP producer failed for key=n97_rep4_seed3000042, exit_code=42
SDP producer failed for key=n97_rep5_seed4000042, exit_code=42
SDP producer failed for key=n97_rep6_seed5000042, exit_code=42
SDP producer failed for key=n97_rep7_seed6000042, exit_code=42
SDP producer failed for key=n97_rep8_seed7000042, exit_code=42
Launching SDP producer key=n97_rep9_seed8000042, n=97, repeat=9, seed=8000042, p=1, iterations=50, retry=0, cache=Results/warm_start_cache/triangleFree_connected_4to8vertices_176instances_AdjacencyList__filehash_279b7452/hog_idx000097_233caf859509_seed8000042_L1_M1_standard.npz
Launched SDP PID=786780, key=n97_rep9_seed8000042
Launching SDP producer key=n97_rep10_seed9000042, n=97, repeat=10, seed=9000042, p=1, iterations=50, retry=0, cache=Results/warm_start_cache/triangleFree_connected_4to8vertices_176instances_AdjacencyList__filehash_279b7452/hog_idx000097_233caf859509_seed9000042_L1_M1_standard.npz
Launched SDP PID=786937, key=n97_rep10_seed9000042
Launching SDP producer key=n98_rep1_seed42, n=98, repeat=1, seed=42, p=1, iterations=50, retry=0, cache=Results/warm_start_cache/triangleFree_connected_4to8vertices_176instances_AdjacencyList__filehash_279b7452/hog_idx000098_1749d7417c8e_seed42_L1_M1_standard.npz
Launched SDP PID=787202, key=n98_rep1_seed42
Launching SDP producer key=n98_rep2_seed1000042, n=98, repeat=2, seed=1000042, p=1, iterations=50, retry=0, cache=Results/warm_start_cache/triangleFree_connected_4to8vertices_176instances_AdjacencyList__filehash_279b7452/hog_idx000098_1749d7417c8e_seed1000042_L1_M1_standard.npz
Launched SDP PID=787532, key=n98_rep2_seed1000042
Launching SDP producer key=n98_rep3_seed2000042, n=98, repeat=3, seed=2000042, p=1, iterations=50, retry=0, cache=Results/warm_start_cache/triangleFree_connected_4to8vertices_176instances_AdjacencyList__filehash_279b7452/hog_idx000098_1749d7417c8e_seed2000042_L1_M1_standard.npz
Launched SDP PID=788022, key=n98_rep3_seed2000042
Loop status: pending_sdp=777, running_sdp=5, pending_qaoa=0, running_qaoa=0, total_sdp_rss_mb=20, cache_size_mb=8
SDP producer failed for key=n97_rep9_seed8000042, exit_code=42
SDP producer failed for key=n97_rep10_seed9000042, exit_code=42
SDP producer failed for key=n98_rep1_seed42, exit_code=42
SDP producer failed for key=n98_rep2_seed1000042, exit_code=42
SDP producer failed for key=n98_rep3_seed2000042, exit_code=42
Launching SDP producer key=n98_rep4_seed3000042, n=98, repeat=4, seed=3000042, p=1, iterations=50, retry=0, cache=Results/warm_start_cache/triangleFree_connected_4to8vertices_176instances_AdjacencyList__filehash_279b7452/hog_idx000098_1749d7417c8e_seed3000042_L1_M1_standard.npz
Launched SDP PID=793452, key=n98_rep4_seed3000042
Launching SDP producer key=n98_rep5_seed4000042, n=98, repeat=5, seed=4000042, p=1, iterations=50, retry=0, cache=Results/warm_start_cache/triangleFree_connected_4to8vertices_176instances_AdjacencyList__filehash_279b7452/hog_idx000098_1749d7417c8e_seed4000042_L1_M1_standard.npz
Launched SDP PID=793559, key=n98_rep5_seed4000042
Launching SDP producer key=n98_rep6_seed5000042, n=98, repeat=6, seed=5000042, p=1, iterations=50, retry=0, cache=Results/warm_start_cache/triangleFree_connected_4to8vertices_176instances_AdjacencyList__filehash_279b7452/hog_idx000098_1749d7417c8e_seed5000042_L1_M1_standard.npz
Launched SDP PID=793740, key=n98_rep6_seed5000042
Launching SDP producer key=n98_rep7_seed6000042, n=98, repeat=7, seed=6000042, p=1, iterations=50, retry=0, cache=Results/warm_start_cache/triangleFree_connected_4to8vertices_176instances_AdjacencyList__filehash_279b7452/hog_idx000098_1749d7417c8e_seed6000042_L1_M1_standard.npz
Launched SDP PID=793986, key=n98_rep7_seed6000042
Launching SDP producer key=n98_rep8_seed7000042, n=98, repeat=8, seed=7000042, p=1, iterations=50, retry=0, cache=Results/warm_start_cache/triangleFree_connected_4to8vertices_176instances_AdjacencyList__filehash_279b7452/hog_idx000098_1749d7417c8e_seed7000042_L1_M1_standard.npz
Launched SDP PID=794252, key=n98_rep8_seed7000042
Loop status: pending_sdp=772, running_sdp=5, pending_qaoa=0, running_qaoa=0, total_sdp_rss_mb=20, cache_size_mb=8
SDP producer failed for key=n98_rep4_seed3000042, exit_code=42
SDP producer failed for key=n98_rep5_seed4000042, exit_code=42
SDP producer failed for key=n98_rep6_seed5000042, exit_code=42
SDP producer failed for key=n98_rep7_seed6000042, exit_code=42
SDP producer failed for key=n98_rep8_seed7000042, exit_code=42
Launching SDP producer key=n98_rep9_seed8000042, n=98, repeat=9, seed=8000042, p=1, iterations=50, retry=0, cache=Results/warm_start_cache/triangleFree_connected_4to8vertices_176instances_AdjacencyList__filehash_279b7452/hog_idx000098_1749d7417c8e_seed8000042_L1_M1_standard.npz
Launched SDP PID=800430, key=n98_rep9_seed8000042
Launching SDP producer key=n98_rep10_seed9000042, n=98, repeat=10, seed=9000042, p=1, iterations=50, retry=0, cache=Results/warm_start_cache/triangleFree_connected_4to8vertices_176instances_AdjacencyList__filehash_279b7452/hog_idx000098_1749d7417c8e_seed9000042_L1_M1_standard.npz
Launched SDP PID=800536, key=n98_rep10_seed9000042
Launching SDP producer key=n99_rep1_seed42, n=99, repeat=1, seed=42, p=1, iterations=50, retry=0, cache=Results/warm_start_cache/triangleFree_connected_4to8vertices_176instances_AdjacencyList__filehash_279b7452/hog_idx000099_0e67a4844fa9_seed42_L1_M1_standard.npz
Launched SDP PID=800727, key=n99_rep1_seed42
Launching SDP producer key=n99_rep2_seed1000042, n=99, repeat=2, seed=1000042, p=1, iterations=50, retry=0, cache=Results/warm_start_cache/triangleFree_connected_4to8vertices_176instances_AdjacencyList__filehash_279b7452/hog_idx000099_0e67a4844fa9_seed1000042_L1_M1_standard.npz
Launched SDP PID=801020, key=n99_rep2_seed1000042
Launching SDP producer key=n99_rep3_seed2000042, n=99, repeat=3, seed=2000042, p=1, iterations=50, retry=0, cache=Results/warm_start_cache/triangleFree_connected_4to8vertices_176instances_AdjacencyList__filehash_279b7452/hog_idx000099_0e67a4844fa9_seed2000042_L1_M1_standard.npz
Launched SDP PID=801396, key=n99_rep3_seed2000042
Loop status: pending_sdp=767, running_sdp=5, pending_qaoa=0, running_qaoa=0, total_sdp_rss_mb=20, cache_size_mb=8
SDP producer failed for key=n98_rep9_seed8000042, exit_code=42
SDP producer failed for key=n98_rep10_seed9000042, exit_code=42
SDP producer failed for key=n99_rep1_seed42, exit_code=42
SDP producer failed for key=n99_rep2_seed1000042, exit_code=42
SDP producer failed for key=n99_rep3_seed2000042, exit_code=42
Launching SDP producer key=n99_rep4_seed3000042, n=99, repeat=4, seed=3000042, p=1, iterations=50, retry=0, cache=Results/warm_start_cache/triangleFree_connected_4to8vertices_176instances_AdjacencyList__filehash_279b7452/hog_idx000099_0e67a4844fa9_seed3000042_L1_M1_standard.npz
Launched SDP PID=810562, key=n99_rep4_seed3000042
Launching SDP producer key=n99_rep5_seed4000042, n=99, repeat=5, seed=4000042, p=1, iterations=50, retry=0, cache=Results/warm_start_cache/triangleFree_connected_4to8vertices_176instances_AdjacencyList__filehash_279b7452/hog_idx000099_0e67a4844fa9_seed4000042_L1_M1_standard.npz
Launched SDP PID=810695, key=n99_rep5_seed4000042
Launching SDP producer key=n99_rep6_seed5000042, n=99, repeat=6, seed=5000042, p=1, iterations=50, retry=0, cache=Results/warm_start_cache/triangleFree_connected_4to8vertices_176instances_AdjacencyList__filehash_279b7452/hog_idx000099_0e67a4844fa9_seed5000042_L1_M1_standard.npz
Launched SDP PID=810950, key=n99_rep6_seed5000042
Launching SDP producer key=n99_rep7_seed6000042, n=99, repeat=7, seed=6000042, p=1, iterations=50, retry=0, cache=Results/warm_start_cache/triangleFree_connected_4to8vertices_176instances_AdjacencyList__filehash_279b7452/hog_idx000099_0e67a4844fa9_seed6000042_L1_M1_standard.npz
Launched SDP PID=811352, key=n99_rep7_seed6000042
Launching SDP producer key=n99_rep8_seed7000042, n=99, repeat=8, seed=7000042, p=1, iterations=50, retry=0, cache=Results/warm_start_cache/triangleFree_connected_4to8vertices_176instances_AdjacencyList__filehash_279b7452/hog_idx000099_0e67a4844fa9_seed7000042_L1_M1_standard.npz
Launched SDP PID=811833, key=n99_rep8_seed7000042
Loop status: pending_sdp=762, running_sdp=5, pending_qaoa=0, running_qaoa=0, total_sdp_rss_mb=20, cache_size_mb=8
SDP producer failed for key=n99_rep4_seed3000042, exit_code=42
SDP producer failed for key=n99_rep5_seed4000042, exit_code=42
SDP producer failed for key=n99_rep6_seed5000042, exit_code=42
SDP producer failed for key=n99_rep7_seed6000042, exit_code=42
SDP producer failed for key=n99_rep8_seed7000042, exit_code=42
Launching SDP producer key=n99_rep9_seed8000042, n=99, repeat=9, seed=8000042, p=1, iterations=50, retry=0, cache=Results/warm_start_cache/triangleFree_connected_4to8vertices_176instances_AdjacencyList__filehash_279b7452/hog_idx000099_0e67a4844fa9_seed8000042_L1_M1_standard.npz
Launched SDP PID=821302, key=n99_rep9_seed8000042
Launching SDP producer key=n99_rep10_seed9000042, n=99, repeat=10, seed=9000042, p=1, iterations=50, retry=0, cache=Results/warm_start_cache/triangleFree_connected_4to8vertices_176instances_AdjacencyList__filehash_279b7452/hog_idx000099_0e67a4844fa9_seed9000042_L1_M1_standard.npz
Launched SDP PID=821426, key=n99_rep10_seed9000042
Launching SDP producer key=n100_rep1_seed42, n=100, repeat=1, seed=42, p=1, iterations=50, retry=0, cache=Results/warm_start_cache/triangleFree_connected_4to8vertices_176instances_AdjacencyList__filehash_279b7452/hog_idx000100_82e76ee73f37_seed42_L1_M1_standard.npz
Launched SDP PID=821669, key=n100_rep1_seed42
Launching SDP producer key=n100_rep2_seed1000042, n=100, repeat=2, seed=1000042, p=1, iterations=50, retry=0, cache=Results/warm_start_cache/triangleFree_connected_4to8vertices_176instances_AdjacencyList__filehash_279b7452/hog_idx000100_82e76ee73f37_seed1000042_L1_M1_standard.npz
Launched SDP PID=822072, key=n100_rep2_seed1000042
Launching SDP producer key=n100_rep3_seed2000042, n=100, repeat=3, seed=2000042, p=1, iterations=50, retry=0, cache=Results/warm_start_cache/triangleFree_connected_4to8vertices_176instances_AdjacencyList__filehash_279b7452/hog_idx000100_82e76ee73f37_seed2000042_L1_M1_standard.npz
Launched SDP PID=822555, key=n100_rep3_seed2000042
Loop status: pending_sdp=757, running_sdp=5, pending_qaoa=0, running_qaoa=0, total_sdp_rss_mb=20, cache_size_mb=8
SDP producer failed for key=n99_rep9_seed8000042, exit_code=42
SDP producer failed for key=n99_rep10_seed9000042, exit_code=42
SDP producer failed for key=n100_rep1_seed42, exit_code=42
SDP producer failed for key=n100_rep2_seed1000042, exit_code=42
SDP producer failed for key=n100_rep3_seed2000042, exit_code=42
Launching SDP producer key=n100_rep4_seed3000042, n=100, repeat=4, seed=3000042, p=1, iterations=50, retry=0, cache=Results/warm_start_cache/triangleFree_connected_4to8vertices_176instances_AdjacencyList__filehash_279b7452/hog_idx000100_82e76ee73f37_seed3000042_L1_M1_standard.npz
Launched SDP PID=831720, key=n100_rep4_seed3000042
Launching SDP producer key=n100_rep5_seed4000042, n=100, repeat=5, seed=4000042, p=1, iterations=50, retry=0, cache=Results/warm_start_cache/triangleFree_connected_4to8vertices_176instances_AdjacencyList__filehash_279b7452/hog_idx000100_82e76ee73f37_seed4000042_L1_M1_standard.npz
Launched SDP PID=831847, key=n100_rep5_seed4000042
Launching SDP producer key=n100_rep6_seed5000042, n=100, repeat=6, seed=5000042, p=1, iterations=50, retry=0, cache=Results/warm_start_cache/triangleFree_connected_4to8vertices_176instances_AdjacencyList__filehash_279b7452/hog_idx000100_82e76ee73f37_seed5000042_L1_M1_standard.npz
Launched SDP PID=832091, key=n100_rep6_seed5000042
Launching SDP producer key=n100_rep7_seed6000042, n=100, repeat=7, seed=6000042, p=1, iterations=50, retry=0, cache=Results/warm_start_cache/triangleFree_connected_4to8vertices_176instances_AdjacencyList__filehash_279b7452/hog_idx000100_82e76ee73f37_seed6000042_L1_M1_standard.npz
Launched SDP PID=832441, key=n100_rep7_seed6000042
Launching SDP producer key=n100_rep8_seed7000042, n=100, repeat=8, seed=7000042, p=1, iterations=50, retry=0, cache=Results/warm_start_cache/triangleFree_connected_4to8vertices_176instances_AdjacencyList__filehash_279b7452/hog_idx000100_82e76ee73f37_seed7000042_L1_M1_standard.npz
Launched SDP PID=832853, key=n100_rep8_seed7000042
Loop status: pending_sdp=752, running_sdp=5, pending_qaoa=0, running_qaoa=0, total_sdp_rss_mb=20, cache_size_mb=8
SDP producer failed for key=n100_rep4_seed3000042, exit_code=42
SDP producer failed for key=n100_rep5_seed4000042, exit_code=42
SDP producer failed for key=n100_rep6_seed5000042, exit_code=42
SDP producer failed for key=n100_rep7_seed6000042, exit_code=42
SDP producer failed for key=n100_rep8_seed7000042, exit_code=42
Launching SDP producer key=n100_rep9_seed8000042, n=100, repeat=9, seed=8000042, p=1, iterations=50, retry=0, cache=Results/warm_start_cache/triangleFree_connected_4to8vertices_176instances_AdjacencyList__filehash_279b7452/hog_idx000100_82e76ee73f37_seed8000042_L1_M1_standard.npz
Launched SDP PID=840214, key=n100_rep9_seed8000042
Launching SDP producer key=n100_rep10_seed9000042, n=100, repeat=10, seed=9000042, p=1, iterations=50, retry=0, cache=Results/warm_start_cache/triangleFree_connected_4to8vertices_176instances_AdjacencyList__filehash_279b7452/hog_idx000100_82e76ee73f37_seed9000042_L1_M1_standard.npz
Launched SDP PID=840332, key=n100_rep10_seed9000042
Launching SDP producer key=n101_rep1_seed42, n=101, repeat=1, seed=42, p=1, iterations=50, retry=0, cache=Results/warm_start_cache/triangleFree_connected_4to8vertices_176instances_AdjacencyList__filehash_279b7452/hog_idx000101_b4a6b74794ca_seed42_L1_M1_standard.npz
Launched SDP PID=840556, key=n101_rep1_seed42
Launching SDP producer key=n101_rep2_seed1000042, n=101, repeat=2, seed=1000042, p=1, iterations=50, retry=0, cache=Results/warm_start_cache/triangleFree_connected_4to8vertices_176instances_AdjacencyList__filehash_279b7452/hog_idx000101_b4a6b74794ca_seed1000042_L1_M1_standard.npz
Launched SDP PID=840893, key=n101_rep2_seed1000042
Launching SDP producer key=n101_rep3_seed2000042, n=101, repeat=3, seed=2000042, p=1, iterations=50, retry=0, cache=Results/warm_start_cache/triangleFree_connected_4to8vertices_176instances_AdjacencyList__filehash_279b7452/hog_idx000101_b4a6b74794ca_seed2000042_L1_M1_standard.npz
Launched SDP PID=841353, key=n101_rep3_seed2000042
Loop status: pending_sdp=747, running_sdp=5, pending_qaoa=0, running_qaoa=0, total_sdp_rss_mb=20, cache_size_mb=8
SDP producer failed for key=n100_rep9_seed8000042, exit_code=42
SDP producer failed for key=n100_rep10_seed9000042, exit_code=42
SDP producer failed for key=n101_rep1_seed42, exit_code=42
SDP producer failed for key=n101_rep2_seed1000042, exit_code=42
SDP producer failed for key=n101_rep3_seed2000042, exit_code=42
Launching SDP producer key=n101_rep4_seed3000042, n=101, repeat=4, seed=3000042, p=1, iterations=50, retry=0, cache=Results/warm_start_cache/triangleFree_connected_4to8vertices_176instances_AdjacencyList__filehash_279b7452/hog_idx000101_b4a6b74794ca_seed3000042_L1_M1_standard.npz
Launched SDP PID=848722, key=n101_rep4_seed3000042
Launching SDP producer key=n101_rep5_seed4000042, n=101, repeat=5, seed=4000042, p=1, iterations=50, retry=0, cache=Results/warm_start_cache/triangleFree_connected_4to8vertices_176instances_AdjacencyList__filehash_279b7452/hog_idx000101_b4a6b74794ca_seed4000042_L1_M1_standard.npz
Launched SDP PID=848840, key=n101_rep5_seed4000042
Launching SDP producer key=n101_rep6_seed5000042, n=101, repeat=6, seed=5000042, p=1, iterations=50, retry=0, cache=Results/warm_start_cache/triangleFree_connected_4to8vertices_176instances_AdjacencyList__filehash_279b7452/hog_idx000101_b4a6b74794ca_seed5000042_L1_M1_standard.npz
Launched SDP PID=849076, key=n101_rep6_seed5000042
Launching SDP producer key=n101_rep7_seed6000042, n=101, repeat=7, seed=6000042, p=1, iterations=50, retry=0, cache=Results/warm_start_cache/triangleFree_connected_4to8vertices_176instances_AdjacencyList__filehash_279b7452/hog_idx000101_b4a6b74794ca_seed6000042_L1_M1_standard.npz
Launched SDP PID=849413, key=n101_rep7_seed6000042
Launching SDP producer key=n101_rep8_seed7000042, n=101, repeat=8, seed=7000042, p=1, iterations=50, retry=0, cache=Results/warm_start_cache/triangleFree_connected_4to8vertices_176instances_AdjacencyList__filehash_279b7452/hog_idx000101_b4a6b74794ca_seed7000042_L1_M1_standard.npz
Launched SDP PID=849856, key=n101_rep8_seed7000042
Loop status: pending_sdp=742, running_sdp=5, pending_qaoa=0, running_qaoa=0, total_sdp_rss_mb=20, cache_size_mb=8
SDP producer failed for key=n101_rep4_seed3000042, exit_code=42
SDP producer failed for key=n101_rep5_seed4000042, exit_code=42
SDP producer failed for key=n101_rep6_seed5000042, exit_code=42
SDP producer failed for key=n101_rep7_seed6000042, exit_code=42
SDP producer failed for key=n101_rep8_seed7000042, exit_code=42
Launching SDP producer key=n101_rep9_seed8000042, n=101, repeat=9, seed=8000042, p=1, iterations=50, retry=0, cache=Results/warm_start_cache/triangleFree_connected_4to8vertices_176instances_AdjacencyList__filehash_279b7452/hog_idx000101_b4a6b74794ca_seed8000042_L1_M1_standard.npz
Launched SDP PID=857321, key=n101_rep9_seed8000042
Launching SDP producer key=n101_rep10_seed9000042, n=101, repeat=10, seed=9000042, p=1, iterations=50, retry=0, cache=Results/warm_start_cache/triangleFree_connected_4to8vertices_176instances_AdjacencyList__filehash_279b7452/hog_idx000101_b4a6b74794ca_seed9000042_L1_M1_standard.npz
Launched SDP PID=857432, key=n101_rep10_seed9000042
Launching SDP producer key=n102_rep1_seed42, n=102, repeat=1, seed=42, p=1, iterations=50, retry=0, cache=Results/warm_start_cache/triangleFree_connected_4to8vertices_176instances_AdjacencyList__filehash_279b7452/hog_idx000102_aee969c859f0_seed42_L1_M1_standard.npz
Launched SDP PID=857663, key=n102_rep1_seed42
Launching SDP producer key=n102_rep2_seed1000042, n=102, repeat=2, seed=1000042, p=1, iterations=50, retry=0, cache=Results/warm_start_cache/triangleFree_connected_4to8vertices_176instances_AdjacencyList__filehash_279b7452/hog_idx000102_aee969c859f0_seed1000042_L1_M1_standard.npz
Launched SDP PID=858003, key=n102_rep2_seed1000042
Launching SDP producer key=n102_rep3_seed2000042, n=102, repeat=3, seed=2000042, p=1, iterations=50, retry=0, cache=Results/warm_start_cache/triangleFree_connected_4to8vertices_176instances_AdjacencyList__filehash_279b7452/hog_idx000102_aee969c859f0_seed2000042_L1_M1_standard.npz
Launched SDP PID=858460, key=n102_rep3_seed2000042
Loop status: pending_sdp=737, running_sdp=5, pending_qaoa=0, running_qaoa=0, total_sdp_rss_mb=20, cache_size_mb=8
SDP producer failed for key=n101_rep9_seed8000042, exit_code=42
SDP producer failed for key=n101_rep10_seed9000042, exit_code=42
SDP producer failed for key=n102_rep1_seed42, exit_code=42
SDP producer failed for key=n102_rep2_seed1000042, exit_code=42
SDP producer failed for key=n102_rep3_seed2000042, exit_code=42
Launching SDP producer key=n102_rep4_seed3000042, n=102, repeat=4, seed=3000042, p=1, iterations=50, retry=0, cache=Results/warm_start_cache/triangleFree_connected_4to8vertices_176instances_AdjacencyList__filehash_279b7452/hog_idx000102_aee969c859f0_seed3000042_L1_M1_standard.npz
Launched SDP PID=865820, key=n102_rep4_seed3000042
Launching SDP producer key=n102_rep5_seed4000042, n=102, repeat=5, seed=4000042, p=1, iterations=50, retry=0, cache=Results/warm_start_cache/triangleFree_connected_4to8vertices_176instances_AdjacencyList__filehash_279b7452/hog_idx000102_aee969c859f0_seed4000042_L1_M1_standard.npz
Launched SDP PID=865946, key=n102_rep5_seed4000042
Launching SDP producer key=n102_rep6_seed5000042, n=102, repeat=6, seed=5000042, p=1, iterations=50, retry=0, cache=Results/warm_start_cache/triangleFree_connected_4to8vertices_176instances_AdjacencyList__filehash_279b7452/hog_idx000102_aee969c859f0_seed5000042_L1_M1_standard.npz
Launched SDP PID=866187, key=n102_rep6_seed5000042
Launching SDP producer key=n102_rep7_seed6000042, n=102, repeat=7, seed=6000042, p=1, iterations=50, retry=0, cache=Results/warm_start_cache/triangleFree_connected_4to8vertices_176instances_AdjacencyList__filehash_279b7452/hog_idx000102_aee969c859f0_seed6000042_L1_M1_standard.npz
Launched SDP PID=866556, key=n102_rep7_seed6000042
Launching SDP producer key=n102_rep8_seed7000042, n=102, repeat=8, seed=7000042, p=1, iterations=50, retry=0, cache=Results/warm_start_cache/triangleFree_connected_4to8vertices_176instances_AdjacencyList__filehash_279b7452/hog_idx000102_aee969c859f0_seed7000042_L1_M1_standard.npz
Launched SDP PID=866997, key=n102_rep8_seed7000042
Loop status: pending_sdp=732, running_sdp=5, pending_qaoa=0, running_qaoa=0, total_sdp_rss_mb=20, cache_size_mb=8
SDP producer failed for key=n102_rep4_seed3000042, exit_code=42
SDP producer failed for key=n102_rep5_seed4000042, exit_code=42
SDP producer failed for key=n102_rep6_seed5000042, exit_code=42
SDP producer failed for key=n102_rep7_seed6000042, exit_code=42
SDP producer failed for key=n102_rep8_seed7000042, exit_code=42
Launching SDP producer key=n102_rep9_seed8000042, n=102, repeat=9, seed=8000042, p=1, iterations=50, retry=0, cache=Results/warm_start_cache/triangleFree_connected_4to8vertices_176instances_AdjacencyList__filehash_279b7452/hog_idx000102_aee969c859f0_seed8000042_L1_M1_standard.npz
Launched SDP PID=874406, key=n102_rep9_seed8000042
Launching SDP producer key=n102_rep10_seed9000042, n=102, repeat=10, seed=9000042, p=1, iterations=50, retry=0, cache=Results/warm_start_cache/triangleFree_connected_4to8vertices_176instances_AdjacencyList__filehash_279b7452/hog_idx000102_aee969c859f0_seed9000042_L1_M1_standard.npz
Launched SDP PID=874482, key=n102_rep10_seed9000042
Launching SDP producer key=n103_rep1_seed42, n=103, repeat=1, seed=42, p=1, iterations=50, retry=0, cache=Results/warm_start_cache/triangleFree_connected_4to8vertices_176instances_AdjacencyList__filehash_279b7452/hog_idx000103_3b23fa673d26_seed42_L1_M1_standard.npz
Launched SDP PID=874616, key=n103_rep1_seed42
Launching SDP producer key=n103_rep2_seed1000042, n=103, repeat=2, seed=1000042, p=1, iterations=50, retry=0, cache=Results/warm_start_cache/triangleFree_connected_4to8vertices_176instances_AdjacencyList__filehash_279b7452/hog_idx000103_3b23fa673d26_seed1000042_L1_M1_standard.npz
Launched SDP PID=874760, key=n103_rep2_seed1000042
Launching SDP producer key=n103_rep3_seed2000042, n=103, repeat=3, seed=2000042, p=1, iterations=50, retry=0, cache=Results/warm_start_cache/triangleFree_connected_4to8vertices_176instances_AdjacencyList__filehash_279b7452/hog_idx000103_3b23fa673d26_seed2000042_L1_M1_standard.npz
Launched SDP PID=874965, key=n103_rep3_seed2000042
Loop status: pending_sdp=727, running_sdp=5, pending_qaoa=0, running_qaoa=0, total_sdp_rss_mb=20, cache_size_mb=8
SDP producer failed for key=n102_rep9_seed8000042, exit_code=42
SDP producer failed for key=n102_rep10_seed9000042, exit_code=42
SDP producer failed for key=n103_rep1_seed42, exit_code=42
SDP producer failed for key=n103_rep2_seed1000042, exit_code=42
SDP producer failed for key=n103_rep3_seed2000042, exit_code=42
Launching SDP producer key=n103_rep4_seed3000042, n=103, repeat=4, seed=3000042, p=1, iterations=50, retry=0, cache=Results/warm_start_cache/triangleFree_connected_4to8vertices_176instances_AdjacencyList__filehash_279b7452/hog_idx000103_3b23fa673d26_seed3000042_L1_M1_standard.npz
Launched SDP PID=878187, key=n103_rep4_seed3000042
Launching SDP producer key=n103_rep5_seed4000042, n=103, repeat=5, seed=4000042, p=1, iterations=50, retry=0, cache=Results/warm_start_cache/triangleFree_connected_4to8vertices_176instances_AdjacencyList__filehash_279b7452/hog_idx000103_3b23fa673d26_seed4000042_L1_M1_standard.npz
Launched SDP PID=878254, key=n103_rep5_seed4000042
Launching SDP producer key=n103_rep6_seed5000042, n=103, repeat=6, seed=5000042, p=1, iterations=50, retry=0, cache=Results/warm_start_cache/triangleFree_connected_4to8vertices_176instances_AdjacencyList__filehash_279b7452/hog_idx000103_3b23fa673d26_seed5000042_L1_M1_standard.npz
Launched SDP PID=878420, key=n103_rep6_seed5000042
Launching SDP producer key=n103_rep7_seed6000042, n=103, repeat=7, seed=6000042, p=1, iterations=50, retry=0, cache=Results/warm_start_cache/triangleFree_connected_4to8vertices_176instances_AdjacencyList__filehash_279b7452/hog_idx000103_3b23fa673d26_seed6000042_L1_M1_standard.npz
Launched SDP PID=878629, key=n103_rep7_seed6000042
Launching SDP producer key=n103_rep8_seed7000042, n=103, repeat=8, seed=7000042, p=1, iterations=50, retry=0, cache=Results/warm_start_cache/triangleFree_connected_4to8vertices_176instances_AdjacencyList__filehash_279b7452/hog_idx000103_3b23fa673d26_seed7000042_L1_M1_standard.npz
Launched SDP PID=878916, key=n103_rep8_seed7000042
Loop status: pending_sdp=722, running_sdp=5, pending_qaoa=0, running_qaoa=0, total_sdp_rss_mb=20, cache_size_mb=8
SDP producer failed for key=n103_rep4_seed3000042, exit_code=42
SDP producer failed for key=n103_rep5_seed4000042, exit_code=42
SDP producer failed for key=n103_rep6_seed5000042, exit_code=42
SDP producer failed for key=n103_rep7_seed6000042, exit_code=42
SDP producer failed for key=n103_rep8_seed7000042, exit_code=42
Launching SDP producer key=n103_rep9_seed8000042, n=103, repeat=9, seed=8000042, p=1, iterations=50, retry=0, cache=Results/warm_start_cache/triangleFree_connected_4to8vertices_176instances_AdjacencyList__filehash_279b7452/hog_idx000103_3b23fa673d26_seed8000042_L1_M1_standard.npz
Launched SDP PID=882863, key=n103_rep9_seed8000042
Launching SDP producer key=n103_rep10_seed9000042, n=103, repeat=10, seed=9000042, p=1, iterations=50, retry=0, cache=Results/warm_start_cache/triangleFree_connected_4to8vertices_176instances_AdjacencyList__filehash_279b7452/hog_idx000103_3b23fa673d26_seed9000042_L1_M1_standard.npz
Launched SDP PID=882926, key=n103_rep10_seed9000042
Launching SDP producer key=n104_rep1_seed42, n=104, repeat=1, seed=42, p=1, iterations=50, retry=0, cache=Results/warm_start_cache/triangleFree_connected_4to8vertices_176instances_AdjacencyList__filehash_279b7452/hog_idx000104_ebd3baa1ada6_seed42_L1_M1_standard.npz
Launched SDP PID=883045, key=n104_rep1_seed42
Launching SDP producer key=n104_rep2_seed1000042, n=104, repeat=2, seed=1000042, p=1, iterations=50, retry=0, cache=Results/warm_start_cache/triangleFree_connected_4to8vertices_176instances_AdjacencyList__filehash_279b7452/hog_idx000104_ebd3baa1ada6_seed1000042_L1_M1_standard.npz
Launched SDP PID=883297, key=n104_rep2_seed1000042
Launching SDP producer key=n104_rep3_seed2000042, n=104, repeat=3, seed=2000042, p=1, iterations=50, retry=0, cache=Results/warm_start_cache/triangleFree_connected_4to8vertices_176instances_AdjacencyList__filehash_279b7452/hog_idx000104_ebd3baa1ada6_seed2000042_L1_M1_standard.npz
Launched SDP PID=883685, key=n104_rep3_seed2000042
Loop status: pending_sdp=717, running_sdp=5, pending_qaoa=0, running_qaoa=0, total_sdp_rss_mb=20, cache_size_mb=8
SDP producer failed for key=n103_rep9_seed8000042, exit_code=42
SDP producer failed for key=n103_rep10_seed9000042, exit_code=42
SDP producer failed for key=n104_rep1_seed42, exit_code=42
SDP producer failed for key=n104_rep2_seed1000042, exit_code=42
SDP producer failed for key=n104_rep3_seed2000042, exit_code=42
Launching SDP producer key=n104_rep4_seed3000042, n=104, repeat=4, seed=3000042, p=1, iterations=50, retry=0, cache=Results/warm_start_cache/triangleFree_connected_4to8vertices_176instances_AdjacencyList__filehash_279b7452/hog_idx000104_ebd3baa1ada6_seed3000042_L1_M1_standard.npz
Launched SDP PID=889877, key=n104_rep4_seed3000042
Launching SDP producer key=n104_rep5_seed4000042, n=104, repeat=5, seed=4000042, p=1, iterations=50, retry=0, cache=Results/warm_start_cache/triangleFree_connected_4to8vertices_176instances_AdjacencyList__filehash_279b7452/hog_idx000104_ebd3baa1ada6_seed4000042_L1_M1_standard.npz
Launched SDP PID=889974, key=n104_rep5_seed4000042
Launching SDP producer key=n104_rep6_seed5000042, n=104, repeat=6, seed=5000042, p=1, iterations=50, retry=0, cache=Results/warm_start_cache/triangleFree_connected_4to8vertices_176instances_AdjacencyList__filehash_279b7452/hog_idx000104_ebd3baa1ada6_seed5000042_L1_M1_standard.npz
Launched SDP PID=890156, key=n104_rep6_seed5000042
Launching SDP producer key=n104_rep7_seed6000042, n=104, repeat=7, seed=6000042, p=1, iterations=50, retry=0, cache=Results/warm_start_cache/triangleFree_connected_4to8vertices_176instances_AdjacencyList__filehash_279b7452/hog_idx000104_ebd3baa1ada6_seed6000042_L1_M1_standard.npz
Launched SDP PID=890436, key=n104_rep7_seed6000042
Launching SDP producer key=n104_rep8_seed7000042, n=104, repeat=8, seed=7000042, p=1, iterations=50, retry=0, cache=Results/warm_start_cache/triangleFree_connected_4to8vertices_176instances_AdjacencyList__filehash_279b7452/hog_idx000104_ebd3baa1ada6_seed7000042_L1_M1_standard.npz
Launched SDP PID=890809, key=n104_rep8_seed7000042
Loop status: pending_sdp=712, running_sdp=5, pending_qaoa=0, running_qaoa=0, total_sdp_rss_mb=20, cache_size_mb=8
SDP producer failed for key=n104_rep4_seed3000042, exit_code=42
SDP producer failed for key=n104_rep5_seed4000042, exit_code=42
SDP producer failed for key=n104_rep6_seed5000042, exit_code=42
SDP producer failed for key=n104_rep7_seed6000042, exit_code=42
SDP producer failed for key=n104_rep8_seed7000042, exit_code=42
Launching SDP producer key=n104_rep9_seed8000042, n=104, repeat=9, seed=8000042, p=1, iterations=50, retry=0, cache=Results/warm_start_cache/triangleFree_connected_4to8vertices_176instances_AdjacencyList__filehash_279b7452/hog_idx000104_ebd3baa1ada6_seed8000042_L1_M1_standard.npz
Launched SDP PID=897019, key=n104_rep9_seed8000042
Launching SDP producer key=n104_rep10_seed9000042, n=104, repeat=10, seed=9000042, p=1, iterations=50, retry=0, cache=Results/warm_start_cache/triangleFree_connected_4to8vertices_176instances_AdjacencyList__filehash_279b7452/hog_idx000104_ebd3baa1ada6_seed9000042_L1_M1_standard.npz
Launched SDP PID=897120, key=n104_rep10_seed9000042
Launching SDP producer key=n105_rep1_seed42, n=105, repeat=1, seed=42, p=1, iterations=50, retry=0, cache=Results/warm_start_cache/triangleFree_connected_4to8vertices_176instances_AdjacencyList__filehash_279b7452/hog_idx000105_dbfb0c8e8189_seed42_L1_M1_standard.npz
Launched SDP PID=897302, key=n105_rep1_seed42
Launching SDP producer key=n105_rep2_seed1000042, n=105, repeat=2, seed=1000042, p=1, iterations=50, retry=0, cache=Results/warm_start_cache/triangleFree_connected_4to8vertices_176instances_AdjacencyList__filehash_279b7452/hog_idx000105_dbfb0c8e8189_seed1000042_L1_M1_standard.npz
Launched SDP PID=897576, key=n105_rep2_seed1000042
Launching SDP producer key=n105_rep3_seed2000042, n=105, repeat=3, seed=2000042, p=1, iterations=50, retry=0, cache=Results/warm_start_cache/triangleFree_connected_4to8vertices_176instances_AdjacencyList__filehash_279b7452/hog_idx000105_dbfb0c8e8189_seed2000042_L1_M1_standard.npz
Launched SDP PID=897940, key=n105_rep3_seed2000042
Loop status: pending_sdp=707, running_sdp=5, pending_qaoa=0, running_qaoa=0, total_sdp_rss_mb=20, cache_size_mb=9
SDP producer failed for key=n104_rep9_seed8000042, exit_code=42
SDP producer failed for key=n104_rep10_seed9000042, exit_code=42
SDP producer failed for key=n105_rep1_seed42, exit_code=42
SDP producer failed for key=n105_rep2_seed1000042, exit_code=42
SDP producer failed for key=n105_rep3_seed2000042, exit_code=42
Launching SDP producer key=n105_rep4_seed3000042, n=105, repeat=4, seed=3000042, p=1, iterations=50, retry=0, cache=Results/warm_start_cache/triangleFree_connected_4to8vertices_176instances_AdjacencyList__filehash_279b7452/hog_idx000105_dbfb0c8e8189_seed3000042_L1_M1_standard.npz
Launched SDP PID=904176, key=n105_rep4_seed3000042
Launching SDP producer key=n105_rep5_seed4000042, n=105, repeat=5, seed=4000042, p=1, iterations=50, retry=0, cache=Results/warm_start_cache/triangleFree_connected_4to8vertices_176instances_AdjacencyList__filehash_279b7452/hog_idx000105_dbfb0c8e8189_seed4000042_L1_M1_standard.npz
Launched SDP PID=904273, key=n105_rep5_seed4000042
Launching SDP producer key=n105_rep6_seed5000042, n=105, repeat=6, seed=5000042, p=1, iterations=50, retry=0, cache=Results/warm_start_cache/triangleFree_connected_4to8vertices_176instances_AdjacencyList__filehash_279b7452/hog_idx000105_dbfb0c8e8189_seed5000042_L1_M1_standard.npz
Launched SDP PID=904441, key=n105_rep6_seed5000042
Launching SDP producer key=n105_rep7_seed6000042, n=105, repeat=7, seed=6000042, p=1, iterations=50, retry=0, cache=Results/warm_start_cache/triangleFree_connected_4to8vertices_176instances_AdjacencyList__filehash_279b7452/hog_idx000105_dbfb0c8e8189_seed6000042_L1_M1_standard.npz
Launched SDP PID=904715, key=n105_rep7_seed6000042
Launching SDP producer key=n105_rep8_seed7000042, n=105, repeat=8, seed=7000042, p=1, iterations=50, retry=0, cache=Results/warm_start_cache/triangleFree_connected_4to8vertices_176instances_AdjacencyList__filehash_279b7452/hog_idx000105_dbfb0c8e8189_seed7000042_L1_M1_standard.npz
Launched SDP PID=905088, key=n105_rep8_seed7000042
Loop status: pending_sdp=702, running_sdp=5, pending_qaoa=0, running_qaoa=0, total_sdp_rss_mb=20, cache_size_mb=9
SDP producer failed for key=n105_rep4_seed3000042, exit_code=42
SDP producer failed for key=n105_rep5_seed4000042, exit_code=42
SDP producer failed for key=n105_rep6_seed5000042, exit_code=42
SDP producer failed for key=n105_rep7_seed6000042, exit_code=42
SDP producer failed for key=n105_rep8_seed7000042, exit_code=42
Launching SDP producer key=n105_rep9_seed8000042, n=105, repeat=9, seed=8000042, p=1, iterations=50, retry=0, cache=Results/warm_start_cache/triangleFree_connected_4to8vertices_176instances_AdjacencyList__filehash_279b7452/hog_idx000105_dbfb0c8e8189_seed8000042_L1_M1_standard.npz
Launched SDP PID=911085, key=n105_rep9_seed8000042
Launching SDP producer key=n105_rep10_seed9000042, n=105, repeat=10, seed=9000042, p=1, iterations=50, retry=0, cache=Results/warm_start_cache/triangleFree_connected_4to8vertices_176instances_AdjacencyList__filehash_279b7452/hog_idx000105_dbfb0c8e8189_seed9000042_L1_M1_standard.npz
Launched SDP PID=911182, key=n105_rep10_seed9000042
Launching SDP producer key=n106_rep1_seed42, n=106, repeat=1, seed=42, p=1, iterations=50, retry=0, cache=Results/warm_start_cache/triangleFree_connected_4to8vertices_176instances_AdjacencyList__filehash_279b7452/hog_idx000106_b417dc0a3a99_seed42_L1_M1_standard.npz
Launched SDP PID=911364, key=n106_rep1_seed42
Launching SDP producer key=n106_rep2_seed1000042, n=106, repeat=2, seed=1000042, p=1, iterations=50, retry=0, cache=Results/warm_start_cache/triangleFree_connected_4to8vertices_176instances_AdjacencyList__filehash_279b7452/hog_idx000106_b417dc0a3a99_seed1000042_L1_M1_standard.npz
Launched SDP PID=911645, key=n106_rep2_seed1000042
Launching SDP producer key=n106_rep3_seed2000042, n=106, repeat=3, seed=2000042, p=1, iterations=50, retry=0, cache=Results/warm_start_cache/triangleFree_connected_4to8vertices_176instances_AdjacencyList__filehash_279b7452/hog_idx000106_b417dc0a3a99_seed2000042_L1_M1_standard.npz
Launched SDP PID=911997, key=n106_rep3_seed2000042
Loop status: pending_sdp=697, running_sdp=5, pending_qaoa=0, running_qaoa=0, total_sdp_rss_mb=20, cache_size_mb=9
SDP producer failed for key=n105_rep9_seed8000042, exit_code=42
SDP producer failed for key=n105_rep10_seed9000042, exit_code=42
SDP producer failed for key=n106_rep1_seed42, exit_code=42
SDP producer failed for key=n106_rep2_seed1000042, exit_code=42
SDP producer failed for key=n106_rep3_seed2000042, exit_code=42
Launching SDP producer key=n106_rep4_seed3000042, n=106, repeat=4, seed=3000042, p=1, iterations=50, retry=0, cache=Results/warm_start_cache/triangleFree_connected_4to8vertices_176instances_AdjacencyList__filehash_279b7452/hog_idx000106_b417dc0a3a99_seed3000042_L1_M1_standard.npz
Launched SDP PID=917198, key=n106_rep4_seed3000042
Launching SDP producer key=n106_rep5_seed4000042, n=106, repeat=5, seed=4000042, p=1, iterations=50, retry=0, cache=Results/warm_start_cache/triangleFree_connected_4to8vertices_176instances_AdjacencyList__filehash_279b7452/hog_idx000106_b417dc0a3a99_seed4000042_L1_M1_standard.npz
Launched SDP PID=917328, key=n106_rep5_seed4000042
Launching SDP producer key=n106_rep6_seed5000042, n=106, repeat=6, seed=5000042, p=1, iterations=50, retry=0, cache=Results/warm_start_cache/triangleFree_connected_4to8vertices_176instances_AdjacencyList__filehash_279b7452/hog_idx000106_b417dc0a3a99_seed5000042_L1_M1_standard.npz
Launched SDP PID=917489, key=n106_rep6_seed5000042
Launching SDP producer key=n106_rep7_seed6000042, n=106, repeat=7, seed=6000042, p=1, iterations=50, retry=0, cache=Results/warm_start_cache/triangleFree_connected_4to8vertices_176instances_AdjacencyList__filehash_279b7452/hog_idx000106_b417dc0a3a99_seed6000042_L1_M1_standard.npz
Launched SDP PID=917753, key=n106_rep7_seed6000042
Launching SDP producer key=n106_rep8_seed7000042, n=106, repeat=8, seed=7000042, p=1, iterations=50, retry=0, cache=Results/warm_start_cache/triangleFree_connected_4to8vertices_176instances_AdjacencyList__filehash_279b7452/hog_idx000106_b417dc0a3a99_seed7000042_L1_M1_standard.npz
Launched SDP PID=918074, key=n106_rep8_seed7000042
Loop status: pending_sdp=692, running_sdp=5, pending_qaoa=0, running_qaoa=0, total_sdp_rss_mb=20, cache_size_mb=9
SDP producer failed for key=n106_rep4_seed3000042, exit_code=42
SDP producer failed for key=n106_rep5_seed4000042, exit_code=42
SDP producer failed for key=n106_rep6_seed5000042, exit_code=42
SDP producer failed for key=n106_rep7_seed6000042, exit_code=42
SDP producer failed for key=n106_rep8_seed7000042, exit_code=42
Launching SDP producer key=n106_rep9_seed8000042, n=106, repeat=9, seed=8000042, p=1, iterations=50, retry=0, cache=Results/warm_start_cache/triangleFree_connected_4to8vertices_176instances_AdjacencyList__filehash_279b7452/hog_idx000106_b417dc0a3a99_seed8000042_L1_M1_standard.npz
Launched SDP PID=922321, key=n106_rep9_seed8000042
Launching SDP producer key=n106_rep10_seed9000042, n=106, repeat=10, seed=9000042, p=1, iterations=50, retry=0, cache=Results/warm_start_cache/triangleFree_connected_4to8vertices_176instances_AdjacencyList__filehash_279b7452/hog_idx000106_b417dc0a3a99_seed9000042_L1_M1_standard.npz
Launched SDP PID=922423, key=n106_rep10_seed9000042
Launching SDP producer key=n107_rep1_seed42, n=107, repeat=1, seed=42, p=1, iterations=50, retry=0, cache=Results/warm_start_cache/triangleFree_connected_4to8vertices_176instances_AdjacencyList__filehash_279b7452/hog_idx000107_c0fb8ed562bc_seed42_L1_M1_standard.npz
Launched SDP PID=922590, key=n107_rep1_seed42
Launching SDP producer key=n107_rep2_seed1000042, n=107, repeat=2, seed=1000042, p=1, iterations=50, retry=0, cache=Results/warm_start_cache/triangleFree_connected_4to8vertices_176instances_AdjacencyList__filehash_279b7452/hog_idx000107_c0fb8ed562bc_seed1000042_L1_M1_standard.npz
Launched SDP PID=922810, key=n107_rep2_seed1000042
Launching SDP producer key=n107_rep3_seed2000042, n=107, repeat=3, seed=2000042, p=1, iterations=50, retry=0, cache=Results/warm_start_cache/triangleFree_connected_4to8vertices_176instances_AdjacencyList__filehash_279b7452/hog_idx000107_c0fb8ed562bc_seed2000042_L1_M1_standard.npz
Launched SDP PID=923092, key=n107_rep3_seed2000042
Loop status: pending_sdp=687, running_sdp=5, pending_qaoa=0, running_qaoa=0, total_sdp_rss_mb=20, cache_size_mb=9
SDP producer failed for key=n106_rep9_seed8000042, exit_code=42
SDP producer failed for key=n106_rep10_seed9000042, exit_code=42
SDP producer failed for key=n107_rep1_seed42, exit_code=42
SDP producer failed for key=n107_rep2_seed1000042, exit_code=42
SDP producer failed for key=n107_rep3_seed2000042, exit_code=42
Launching SDP producer key=n107_rep4_seed3000042, n=107, repeat=4, seed=3000042, p=1, iterations=50, retry=0, cache=Results/warm_start_cache/triangleFree_connected_4to8vertices_176instances_AdjacencyList__filehash_279b7452/hog_idx000107_c0fb8ed562bc_seed3000042_L1_M1_standard.npz
Launched SDP PID=928294, key=n107_rep4_seed3000042
Launching SDP producer key=n107_rep5_seed4000042, n=107, repeat=5, seed=4000042, p=1, iterations=50, retry=0, cache=Results/warm_start_cache/triangleFree_connected_4to8vertices_176instances_AdjacencyList__filehash_279b7452/hog_idx000107_c0fb8ed562bc_seed4000042_L1_M1_standard.npz
Launched SDP PID=928409, key=n107_rep5_seed4000042
Launching SDP producer key=n107_rep6_seed5000042, n=107, repeat=6, seed=5000042, p=1, iterations=50, retry=0, cache=Results/warm_start_cache/triangleFree_connected_4to8vertices_176instances_AdjacencyList__filehash_279b7452/hog_idx000107_c0fb8ed562bc_seed5000042_L1_M1_standard.npz
Launched SDP PID=928559, key=n107_rep6_seed5000042
Launching SDP producer key=n107_rep7_seed6000042, n=107, repeat=7, seed=6000042, p=1, iterations=50, retry=0, cache=Results/warm_start_cache/triangleFree_connected_4to8vertices_176instances_AdjacencyList__filehash_279b7452/hog_idx000107_c0fb8ed562bc_seed6000042_L1_M1_standard.npz
Launched SDP PID=928828, key=n107_rep7_seed6000042
Launching SDP producer key=n107_rep8_seed7000042, n=107, repeat=8, seed=7000042, p=1, iterations=50, retry=0, cache=Results/warm_start_cache/triangleFree_connected_4to8vertices_176instances_AdjacencyList__filehash_279b7452/hog_idx000107_c0fb8ed562bc_seed7000042_L1_M1_standard.npz
Launched SDP PID=929170, key=n107_rep8_seed7000042
Loop status: pending_sdp=682, running_sdp=5, pending_qaoa=0, running_qaoa=0, total_sdp_rss_mb=20, cache_size_mb=9
SDP producer failed for key=n107_rep4_seed3000042, exit_code=42
SDP producer failed for key=n107_rep5_seed4000042, exit_code=42
SDP producer failed for key=n107_rep6_seed5000042, exit_code=42
SDP producer failed for key=n107_rep7_seed6000042, exit_code=42
SDP producer failed for key=n107_rep8_seed7000042, exit_code=42
Launching SDP producer key=n107_rep9_seed8000042, n=107, repeat=9, seed=8000042, p=1, iterations=50, retry=0, cache=Results/warm_start_cache/triangleFree_connected_4to8vertices_176instances_AdjacencyList__filehash_279b7452/hog_idx000107_c0fb8ed562bc_seed8000042_L1_M1_standard.npz
Launched SDP PID=934368, key=n107_rep9_seed8000042
Launching SDP producer key=n107_rep10_seed9000042, n=107, repeat=10, seed=9000042, p=1, iterations=50, retry=0, cache=Results/warm_start_cache/triangleFree_connected_4to8vertices_176instances_AdjacencyList__filehash_279b7452/hog_idx000107_c0fb8ed562bc_seed9000042_L1_M1_standard.npz
Launched SDP PID=934477, key=n107_rep10_seed9000042
Launching SDP producer key=n108_rep1_seed42, n=108, repeat=1, seed=42, p=1, iterations=50, retry=0, cache=Results/warm_start_cache/triangleFree_connected_4to8vertices_176instances_AdjacencyList__filehash_279b7452/hog_idx000108_916ab5b37172_seed42_L1_M1_standard.npz
Launched SDP PID=934666, key=n108_rep1_seed42
Launching SDP producer key=n108_rep2_seed1000042, n=108, repeat=2, seed=1000042, p=1, iterations=50, retry=0, cache=Results/warm_start_cache/triangleFree_connected_4to8vertices_176instances_AdjacencyList__filehash_279b7452/hog_idx000108_916ab5b37172_seed1000042_L1_M1_standard.npz
Launched SDP PID=934959, key=n108_rep2_seed1000042
Launching SDP producer key=n108_rep3_seed2000042, n=108, repeat=3, seed=2000042, p=1, iterations=50, retry=0, cache=Results/warm_start_cache/triangleFree_connected_4to8vertices_176instances_AdjacencyList__filehash_279b7452/hog_idx000108_916ab5b37172_seed2000042_L1_M1_standard.npz
Launched SDP PID=935327, key=n108_rep3_seed2000042
Loop status: pending_sdp=677, running_sdp=5, pending_qaoa=0, running_qaoa=0, total_sdp_rss_mb=20, cache_size_mb=9
SDP producer failed for key=n107_rep9_seed8000042, exit_code=42
SDP producer failed for key=n107_rep10_seed9000042, exit_code=42
SDP producer failed for key=n108_rep1_seed42, exit_code=42
SDP producer failed for key=n108_rep2_seed1000042, exit_code=42
SDP producer failed for key=n108_rep3_seed2000042, exit_code=42
Launching SDP producer key=n108_rep4_seed3000042, n=108, repeat=4, seed=3000042, p=1, iterations=50, retry=0, cache=Results/warm_start_cache/triangleFree_connected_4to8vertices_176instances_AdjacencyList__filehash_279b7452/hog_idx000108_916ab5b37172_seed3000042_L1_M1_standard.npz
Launched SDP PID=940710, key=n108_rep4_seed3000042
Launching SDP producer key=n108_rep5_seed4000042, n=108, repeat=5, seed=4000042, p=1, iterations=50, retry=0, cache=Results/warm_start_cache/triangleFree_connected_4to8vertices_176instances_AdjacencyList__filehash_279b7452/hog_idx000108_916ab5b37172_seed4000042_L1_M1_standard.npz
Launched SDP PID=940852, key=n108_rep5_seed4000042
Launching SDP producer key=n108_rep6_seed5000042, n=108, repeat=6, seed=5000042, p=1, iterations=50, retry=0, cache=Results/warm_start_cache/triangleFree_connected_4to8vertices_176instances_AdjacencyList__filehash_279b7452/hog_idx000108_916ab5b37172_seed5000042_L1_M1_standard.npz
Launched SDP PID=941122, key=n108_rep6_seed5000042
Launching SDP producer key=n108_rep7_seed6000042, n=108, repeat=7, seed=6000042, p=1, iterations=50, retry=0, cache=Results/warm_start_cache/triangleFree_connected_4to8vertices_176instances_AdjacencyList__filehash_279b7452/hog_idx000108_916ab5b37172_seed6000042_L1_M1_standard.npz
Launched SDP PID=941510, key=n108_rep7_seed6000042
Launching SDP producer key=n108_rep8_seed7000042, n=108, repeat=8, seed=7000042, p=1, iterations=50, retry=0, cache=Results/warm_start_cache/triangleFree_connected_4to8vertices_176instances_AdjacencyList__filehash_279b7452/hog_idx000108_916ab5b37172_seed7000042_L1_M1_standard.npz
Launched SDP PID=942003, key=n108_rep8_seed7000042
Loop status: pending_sdp=672, running_sdp=5, pending_qaoa=0, running_qaoa=0, total_sdp_rss_mb=20, cache_size_mb=9
SDP producer failed for key=n108_rep5_seed4000042, exit_code=42
SDP producer failed for key=n108_rep6_seed5000042, exit_code=42
SDP producer failed for key=n108_rep7_seed6000042, exit_code=42
SDP producer failed for key=n108_rep8_seed7000042, exit_code=42
Launching SDP producer key=n108_rep9_seed8000042, n=108, repeat=9, seed=8000042, p=1, iterations=50, retry=0, cache=Results/warm_start_cache/triangleFree_connected_4to8vertices_176instances_AdjacencyList__filehash_279b7452/hog_idx000108_916ab5b37172_seed8000042_L1_M1_standard.npz
Launched SDP PID=953948, key=n108_rep9_seed8000042
Launching SDP producer key=n108_rep10_seed9000042, n=108, repeat=10, seed=9000042, p=1, iterations=50, retry=0, cache=Results/warm_start_cache/triangleFree_connected_4to8vertices_176instances_AdjacencyList__filehash_279b7452/hog_idx000108_916ab5b37172_seed9000042_L1_M1_standard.npz
Launched SDP PID=954352, key=n108_rep10_seed9000042
Launching SDP producer key=n109_rep1_seed42, n=109, repeat=1, seed=42, p=1, iterations=50, retry=0, cache=Results/warm_start_cache/triangleFree_connected_4to8vertices_176instances_AdjacencyList__filehash_279b7452/hog_idx000109_c809859b347b_seed42_L1_M1_standard.npz
Launched SDP PID=955000, key=n109_rep1_seed42
Launching SDP producer key=n109_rep2_seed1000042, n=109, repeat=2, seed=1000042, p=1, iterations=50, retry=0, cache=Results/warm_start_cache/triangleFree_connected_4to8vertices_176instances_AdjacencyList__filehash_279b7452/hog_idx000109_c809859b347b_seed1000042_L1_M1_standard.npz
Launched SDP PID=955859, key=n109_rep2_seed1000042
Loop status: pending_sdp=668, running_sdp=5, pending_qaoa=0, running_qaoa=0, total_sdp_rss_mb=20, cache_size_mb=9
SDP producer failed for key=n108_rep4_seed3000042, exit_code=42
SDP producer failed for key=n108_rep10_seed9000042, exit_code=42
SDP producer failed for key=n109_rep1_seed42, exit_code=42
SDP producer failed for key=n109_rep2_seed1000042, exit_code=42
Launching SDP producer key=n109_rep3_seed2000042, n=109, repeat=3, seed=2000042, p=1, iterations=50, retry=0, cache=Results/warm_start_cache/triangleFree_connected_4to8vertices_176instances_AdjacencyList__filehash_279b7452/hog_idx000109_c809859b347b_seed2000042_L1_M1_standard.npz
Launched SDP PID=971156, key=n109_rep3_seed2000042
Launching SDP producer key=n109_rep4_seed3000042, n=109, repeat=4, seed=3000042, p=1, iterations=50, retry=0, cache=Results/warm_start_cache/triangleFree_connected_4to8vertices_176instances_AdjacencyList__filehash_279b7452/hog_idx000109_c809859b347b_seed3000042_L1_M1_standard.npz
Launched SDP PID=971600, key=n109_rep4_seed3000042
Launching SDP producer key=n109_rep5_seed4000042, n=109, repeat=5, seed=4000042, p=1, iterations=50, retry=0, cache=Results/warm_start_cache/triangleFree_connected_4to8vertices_176instances_AdjacencyList__filehash_279b7452/hog_idx000109_c809859b347b_seed4000042_L1_M1_standard.npz
Launched SDP PID=972331, key=n109_rep5_seed4000042
Launching SDP producer key=n109_rep6_seed5000042, n=109, repeat=6, seed=5000042, p=1, iterations=50, retry=0, cache=Results/warm_start_cache/triangleFree_connected_4to8vertices_176instances_AdjacencyList__filehash_279b7452/hog_idx000109_c809859b347b_seed5000042_L1_M1_standard.npz
Launched SDP PID=973197, key=n109_rep6_seed5000042
Loop status: pending_sdp=664, running_sdp=5, pending_qaoa=0, running_qaoa=0, total_sdp_rss_mb=20, cache_size_mb=9
SDP producer failed for key=n108_rep9_seed8000042, exit_code=42
SDP producer failed for key=n109_rep3_seed2000042, exit_code=42
SDP producer failed for key=n109_rep5_seed4000042, exit_code=42
SDP producer failed for key=n109_rep6_seed5000042, exit_code=42
Launching SDP producer key=n109_rep7_seed6000042, n=109, repeat=7, seed=6000042, p=1, iterations=50, retry=0, cache=Results/warm_start_cache/triangleFree_connected_4to8vertices_176instances_AdjacencyList__filehash_279b7452/hog_idx000109_c809859b347b_seed6000042_L1_M1_standard.npz
Launched SDP PID=986369, key=n109_rep7_seed6000042
Launching SDP producer key=n109_rep8_seed7000042, n=109, repeat=8, seed=7000042, p=1, iterations=50, retry=0, cache=Results/warm_start_cache/triangleFree_connected_4to8vertices_176instances_AdjacencyList__filehash_279b7452/hog_idx000109_c809859b347b_seed7000042_L1_M1_standard.npz
Launched SDP PID=986720, key=n109_rep8_seed7000042
Launching SDP producer key=n109_rep9_seed8000042, n=109, repeat=9, seed=8000042, p=1, iterations=50, retry=0, cache=Results/warm_start_cache/triangleFree_connected_4to8vertices_176instances_AdjacencyList__filehash_279b7452/hog_idx000109_c809859b347b_seed8000042_L1_M1_standard.npz
Launched SDP PID=987237, key=n109_rep9_seed8000042
Launching SDP producer key=n109_rep10_seed9000042, n=109, repeat=10, seed=9000042, p=1, iterations=50, retry=0, cache=Results/warm_start_cache/triangleFree_connected_4to8vertices_176instances_AdjacencyList__filehash_279b7452/hog_idx000109_c809859b347b_seed9000042_L1_M1_standard.npz
Launched SDP PID=987935, key=n109_rep10_seed9000042
Loop status: pending_sdp=660, running_sdp=5, pending_qaoa=0, running_qaoa=0, total_sdp_rss_mb=20, cache_size_mb=9
SDP producer failed for key=n109_rep4_seed3000042, exit_code=42
SDP producer failed for key=n109_rep7_seed6000042, exit_code=42
SDP producer failed for key=n109_rep8_seed7000042, exit_code=42
SDP producer failed for key=n109_rep9_seed8000042, exit_code=42
SDP producer failed for key=n109_rep10_seed9000042, exit_code=42
Launching SDP producer key=n110_rep1_seed42, n=110, repeat=1, seed=42, p=1, iterations=50, retry=0, cache=Results/warm_start_cache/triangleFree_connected_4to8vertices_176instances_AdjacencyList__filehash_279b7452/hog_idx000110_b9ac9cba867a_seed42_L1_M1_standard.npz
Launched SDP PID=1000369, key=n110_rep1_seed42
Launching SDP producer key=n110_rep2_seed1000042, n=110, repeat=2, seed=1000042, p=1, iterations=50, retry=0, cache=Results/warm_start_cache/triangleFree_connected_4to8vertices_176instances_AdjacencyList__filehash_279b7452/hog_idx000110_b9ac9cba867a_seed1000042_L1_M1_standard.npz
Launched SDP PID=1000597, key=n110_rep2_seed1000042
Launching SDP producer key=n110_rep3_seed2000042, n=110, repeat=3, seed=2000042, p=1, iterations=50, retry=0, cache=Results/warm_start_cache/triangleFree_connected_4to8vertices_176instances_AdjacencyList__filehash_279b7452/hog_idx000110_b9ac9cba867a_seed2000042_L1_M1_standard.npz
Launched SDP PID=1000948, key=n110_rep3_seed2000042
Launching SDP producer key=n110_rep4_seed3000042, n=110, repeat=4, seed=3000042, p=1, iterations=50, retry=0, cache=Results/warm_start_cache/triangleFree_connected_4to8vertices_176instances_AdjacencyList__filehash_279b7452/hog_idx000110_b9ac9cba867a_seed3000042_L1_M1_standard.npz
Launched SDP PID=1001423, key=n110_rep4_seed3000042
Launching SDP producer key=n110_rep5_seed4000042, n=110, repeat=5, seed=4000042, p=1, iterations=50, retry=0, cache=Results/warm_start_cache/triangleFree_connected_4to8vertices_176instances_AdjacencyList__filehash_279b7452/hog_idx000110_b9ac9cba867a_seed4000042_L1_M1_standard.npz
Launched SDP PID=1002181, key=n110_rep5_seed4000042
Loop status: pending_sdp=655, running_sdp=5, pending_qaoa=0, running_qaoa=0, total_sdp_rss_mb=20, cache_size_mb=9
SDP producer failed for key=n110_rep1_seed42, exit_code=42
SDP producer failed for key=n110_rep2_seed1000042, exit_code=42
SDP producer failed for key=n110_rep3_seed2000042, exit_code=42
SDP producer failed for key=n110_rep4_seed3000042, exit_code=42
SDP producer failed for key=n110_rep5_seed4000042, exit_code=42
Launching SDP producer key=n110_rep6_seed5000042, n=110, repeat=6, seed=5000042, p=1, iterations=50, retry=0, cache=Results/warm_start_cache/triangleFree_connected_4to8vertices_176instances_AdjacencyList__filehash_279b7452/hog_idx000110_b9ac9cba867a_seed5000042_L1_M1_standard.npz
Launched SDP PID=1016518, key=n110_rep6_seed5000042
Launching SDP producer key=n110_rep7_seed6000042, n=110, repeat=7, seed=6000042, p=1, iterations=50, retry=0, cache=Results/warm_start_cache/triangleFree_connected_4to8vertices_176instances_AdjacencyList__filehash_279b7452/hog_idx000110_b9ac9cba867a_seed6000042_L1_M1_standard.npz
Launched SDP PID=1016749, key=n110_rep7_seed6000042
Launching SDP producer key=n110_rep8_seed7000042, n=110, repeat=8, seed=7000042, p=1, iterations=50, retry=0, cache=Results/warm_start_cache/triangleFree_connected_4to8vertices_176instances_AdjacencyList__filehash_279b7452/hog_idx000110_b9ac9cba867a_seed7000042_L1_M1_standard.npz
Launched SDP PID=1017173, key=n110_rep8_seed7000042
Launching SDP producer key=n110_rep9_seed8000042, n=110, repeat=9, seed=8000042, p=1, iterations=50, retry=0, cache=Results/warm_start_cache/triangleFree_connected_4to8vertices_176instances_AdjacencyList__filehash_279b7452/hog_idx000110_b9ac9cba867a_seed8000042_L1_M1_standard.npz
Launched SDP PID=1017811, key=n110_rep9_seed8000042
Launching SDP producer key=n110_rep10_seed9000042, n=110, repeat=10, seed=9000042, p=1, iterations=50, retry=0, cache=Results/warm_start_cache/triangleFree_connected_4to8vertices_176instances_AdjacencyList__filehash_279b7452/hog_idx000110_b9ac9cba867a_seed9000042_L1_M1_standard.npz
Launched SDP PID=1018614, key=n110_rep10_seed9000042
Loop status: pending_sdp=650, running_sdp=5, pending_qaoa=0, running_qaoa=0, total_sdp_rss_mb=20, cache_size_mb=9
SDP producer failed for key=n110_rep6_seed5000042, exit_code=42
SDP producer failed for key=n110_rep7_seed6000042, exit_code=42
SDP producer failed for key=n110_rep8_seed7000042, exit_code=42
SDP producer failed for key=n110_rep9_seed8000042, exit_code=42
SDP producer failed for key=n110_rep10_seed9000042, exit_code=42
Launching SDP producer key=n111_rep1_seed42, n=111, repeat=1, seed=42, p=1, iterations=50, retry=0, cache=Results/warm_start_cache/triangleFree_connected_4to8vertices_176instances_AdjacencyList__filehash_279b7452/hog_idx000111_c85a996e7769_seed42_L1_M1_standard.npz
Launched SDP PID=1032233, key=n111_rep1_seed42
Launching SDP producer key=n111_rep2_seed1000042, n=111, repeat=2, seed=1000042, p=1, iterations=50, retry=0, cache=Results/warm_start_cache/triangleFree_connected_4to8vertices_176instances_AdjacencyList__filehash_279b7452/hog_idx000111_c85a996e7769_seed1000042_L1_M1_standard.npz
Launched SDP PID=1032445, key=n111_rep2_seed1000042
Launching SDP producer key=n111_rep3_seed2000042, n=111, repeat=3, seed=2000042, p=1, iterations=50, retry=0, cache=Results/warm_start_cache/triangleFree_connected_4to8vertices_176instances_AdjacencyList__filehash_279b7452/hog_idx000111_c85a996e7769_seed2000042_L1_M1_standard.npz
Launched SDP PID=1032851, key=n111_rep3_seed2000042
Launching SDP producer key=n111_rep4_seed3000042, n=111, repeat=4, seed=3000042, p=1, iterations=50, retry=0, cache=Results/warm_start_cache/triangleFree_connected_4to8vertices_176instances_AdjacencyList__filehash_279b7452/hog_idx000111_c85a996e7769_seed3000042_L1_M1_standard.npz
Launched SDP PID=1033440, key=n111_rep4_seed3000042
Launching SDP producer key=n111_rep5_seed4000042, n=111, repeat=5, seed=4000042, p=1, iterations=50, retry=0, cache=Results/warm_start_cache/triangleFree_connected_4to8vertices_176instances_AdjacencyList__filehash_279b7452/hog_idx000111_c85a996e7769_seed4000042_L1_M1_standard.npz
Launched SDP PID=1034198, key=n111_rep5_seed4000042
Loop status: pending_sdp=645, running_sdp=5, pending_qaoa=0, running_qaoa=0, total_sdp_rss_mb=20, cache_size_mb=9
SDP producer failed for key=n111_rep1_seed42, exit_code=42
SDP producer failed for key=n111_rep2_seed1000042, exit_code=42
SDP producer failed for key=n111_rep3_seed2000042, exit_code=42
SDP producer failed for key=n111_rep4_seed3000042, exit_code=42
SDP producer failed for key=n111_rep5_seed4000042, exit_code=42
Launching SDP producer key=n111_rep6_seed5000042, n=111, repeat=6, seed=5000042, p=1, iterations=50, retry=0, cache=Results/warm_start_cache/triangleFree_connected_4to8vertices_176instances_AdjacencyList__filehash_279b7452/hog_idx000111_c85a996e7769_seed5000042_L1_M1_standard.npz
Launched SDP PID=1046775, key=n111_rep6_seed5000042
Launching SDP producer key=n111_rep7_seed6000042, n=111, repeat=7, seed=6000042, p=1, iterations=50, retry=0, cache=Results/warm_start_cache/triangleFree_connected_4to8vertices_176instances_AdjacencyList__filehash_279b7452/hog_idx000111_c85a996e7769_seed6000042_L1_M1_standard.npz
Launched SDP PID=1046985, key=n111_rep7_seed6000042
Launching SDP producer key=n111_rep8_seed7000042, n=111, repeat=8, seed=7000042, p=1, iterations=50, retry=0, cache=Results/warm_start_cache/triangleFree_connected_4to8vertices_176instances_AdjacencyList__filehash_279b7452/hog_idx000111_c85a996e7769_seed7000042_L1_M1_standard.npz
Launched SDP PID=1047383, key=n111_rep8_seed7000042
Launching SDP producer key=n111_rep9_seed8000042, n=111, repeat=9, seed=8000042, p=1, iterations=50, retry=0, cache=Results/warm_start_cache/triangleFree_connected_4to8vertices_176instances_AdjacencyList__filehash_279b7452/hog_idx000111_c85a996e7769_seed8000042_L1_M1_standard.npz
Launched SDP PID=1047976, key=n111_rep9_seed8000042
Launching SDP producer key=n111_rep10_seed9000042, n=111, repeat=10, seed=9000042, p=1, iterations=50, retry=0, cache=Results/warm_start_cache/triangleFree_connected_4to8vertices_176instances_AdjacencyList__filehash_279b7452/hog_idx000111_c85a996e7769_seed9000042_L1_M1_standard.npz
Launched SDP PID=1048760, key=n111_rep10_seed9000042
Loop status: pending_sdp=640, running_sdp=5, pending_qaoa=0, running_qaoa=0, total_sdp_rss_mb=20, cache_size_mb=9
SDP producer failed for key=n111_rep6_seed5000042, exit_code=42
SDP producer failed for key=n111_rep7_seed6000042, exit_code=42
SDP producer failed for key=n111_rep8_seed7000042, exit_code=42
SDP producer failed for key=n111_rep9_seed8000042, exit_code=42
SDP producer failed for key=n111_rep10_seed9000042, exit_code=42
Launching SDP producer key=n112_rep1_seed42, n=112, repeat=1, seed=42, p=1, iterations=50, retry=0, cache=Results/warm_start_cache/triangleFree_connected_4to8vertices_176instances_AdjacencyList__filehash_279b7452/hog_idx000112_a895dcd34bb3_seed42_L1_M1_standard.npz
Launched SDP PID=1058362, key=n112_rep1_seed42
Launching SDP producer key=n112_rep2_seed1000042, n=112, repeat=2, seed=1000042, p=1, iterations=50, retry=0, cache=Results/warm_start_cache/triangleFree_connected_4to8vertices_176instances_AdjacencyList__filehash_279b7452/hog_idx000112_a895dcd34bb3_seed1000042_L1_M1_standard.npz
Launched SDP PID=1058474, key=n112_rep2_seed1000042
Launching SDP producer key=n112_rep3_seed2000042, n=112, repeat=3, seed=2000042, p=1, iterations=50, retry=0, cache=Results/warm_start_cache/triangleFree_connected_4to8vertices_176instances_AdjacencyList__filehash_279b7452/hog_idx000112_a895dcd34bb3_seed2000042_L1_M1_standard.npz
Launched SDP PID=1058775, key=n112_rep3_seed2000042
Launching SDP producer key=n112_rep4_seed3000042, n=112, repeat=4, seed=3000042, p=1, iterations=50, retry=0, cache=Results/warm_start_cache/triangleFree_connected_4to8vertices_176instances_AdjacencyList__filehash_279b7452/hog_idx000112_a895dcd34bb3_seed3000042_L1_M1_standard.npz
Launched SDP PID=1059070, key=n112_rep4_seed3000042
Launching SDP producer key=n112_rep5_seed4000042, n=112, repeat=5, seed=4000042, p=1, iterations=50, retry=0, cache=Results/warm_start_cache/triangleFree_connected_4to8vertices_176instances_AdjacencyList__filehash_279b7452/hog_idx000112_a895dcd34bb3_seed4000042_L1_M1_standard.npz
Launched SDP PID=1059549, key=n112_rep5_seed4000042
Loop status: pending_sdp=635, running_sdp=5, pending_qaoa=0, running_qaoa=0, total_sdp_rss_mb=20, cache_size_mb=9
SDP producer failed for key=n112_rep2_seed1000042, exit_code=42
SDP producer failed for key=n112_rep3_seed2000042, exit_code=42
SDP producer failed for key=n112_rep4_seed3000042, exit_code=42
SDP producer failed for key=n112_rep5_seed4000042, exit_code=42
Launching SDP producer key=n112_rep6_seed5000042, n=112, repeat=6, seed=5000042, p=1, iterations=50, retry=0, cache=Results/warm_start_cache/triangleFree_connected_4to8vertices_176instances_AdjacencyList__filehash_279b7452/hog_idx000112_a895dcd34bb3_seed5000042_L1_M1_standard.npz
Launched SDP PID=1065142, key=n112_rep6_seed5000042
Launching SDP producer key=n112_rep7_seed6000042, n=112, repeat=7, seed=6000042, p=1, iterations=50, retry=0, cache=Results/warm_start_cache/triangleFree_connected_4to8vertices_176instances_AdjacencyList__filehash_279b7452/hog_idx000112_a895dcd34bb3_seed6000042_L1_M1_standard.npz
Launched SDP PID=1065291, key=n112_rep7_seed6000042
Launching SDP producer key=n112_rep8_seed7000042, n=112, repeat=8, seed=7000042, p=1, iterations=50, retry=0, cache=Results/warm_start_cache/triangleFree_connected_4to8vertices_176instances_AdjacencyList__filehash_279b7452/hog_idx000112_a895dcd34bb3_seed7000042_L1_M1_standard.npz
Launched SDP PID=1065514, key=n112_rep8_seed7000042
Launching SDP producer key=n112_rep9_seed8000042, n=112, repeat=9, seed=8000042, p=1, iterations=50, retry=0, cache=Results/warm_start_cache/triangleFree_connected_4to8vertices_176instances_AdjacencyList__filehash_279b7452/hog_idx000112_a895dcd34bb3_seed8000042_L1_M1_standard.npz
Launched SDP PID=1065821, key=n112_rep9_seed8000042
SDP producer failed for key=n112_rep1_seed42, exit_code=42
Launching SDP producer key=n112_rep10_seed9000042, n=112, repeat=10, seed=9000042, p=1, iterations=50, retry=0, cache=Results/warm_start_cache/triangleFree_connected_4to8vertices_176instances_AdjacencyList__filehash_279b7452/hog_idx000112_a895dcd34bb3_seed9000042_L1_M1_standard.npz
Launched SDP PID=1066163, key=n112_rep10_seed9000042
Loop status: pending_sdp=630, running_sdp=5, pending_qaoa=0, running_qaoa=0, total_sdp_rss_mb=20, cache_size_mb=9
SDP producer failed for key=n112_rep6_seed5000042, exit_code=42
SDP producer failed for key=n112_rep7_seed6000042, exit_code=42
SDP producer failed for key=n112_rep8_seed7000042, exit_code=42
SDP producer failed for key=n112_rep9_seed8000042, exit_code=42
SDP producer failed for key=n112_rep10_seed9000042, exit_code=42
Launching SDP producer key=n113_rep1_seed42, n=113, repeat=1, seed=42, p=1, iterations=50, retry=0, cache=Results/warm_start_cache/triangleFree_connected_4to8vertices_176instances_AdjacencyList__filehash_279b7452/hog_idx000113_51ea3e47a1e6_seed42_L1_M1_standard.npz
Launched SDP PID=1069836, key=n113_rep1_seed42
Launching SDP producer key=n113_rep2_seed1000042, n=113, repeat=2, seed=1000042, p=1, iterations=50, retry=0, cache=Results/warm_start_cache/triangleFree_connected_4to8vertices_176instances_AdjacencyList__filehash_279b7452/hog_idx000113_51ea3e47a1e6_seed1000042_L1_M1_standard.npz
Launched SDP PID=1069923, key=n113_rep2_seed1000042
Launching SDP producer key=n113_rep3_seed2000042, n=113, repeat=3, seed=2000042, p=1, iterations=50, retry=0, cache=Results/warm_start_cache/triangleFree_connected_4to8vertices_176instances_AdjacencyList__filehash_279b7452/hog_idx000113_51ea3e47a1e6_seed2000042_L1_M1_standard.npz
Launched SDP PID=1070089, key=n113_rep3_seed2000042
Launching SDP producer key=n113_rep4_seed3000042, n=113, repeat=4, seed=3000042, p=1, iterations=50, retry=0, cache=Results/warm_start_cache/triangleFree_connected_4to8vertices_176instances_AdjacencyList__filehash_279b7452/hog_idx000113_51ea3e47a1e6_seed3000042_L1_M1_standard.npz
Launched SDP PID=1070338, key=n113_rep4_seed3000042
Launching SDP producer key=n113_rep5_seed4000042, n=113, repeat=5, seed=4000042, p=1, iterations=50, retry=0, cache=Results/warm_start_cache/triangleFree_connected_4to8vertices_176instances_AdjacencyList__filehash_279b7452/hog_idx000113_51ea3e47a1e6_seed4000042_L1_M1_standard.npz
Launched SDP PID=1070633, key=n113_rep5_seed4000042
Loop status: pending_sdp=625, running_sdp=5, pending_qaoa=0, running_qaoa=0, total_sdp_rss_mb=20, cache_size_mb=9
SDP producer failed for key=n113_rep1_seed42, exit_code=42
SDP producer failed for key=n113_rep2_seed1000042, exit_code=42
SDP producer failed for key=n113_rep3_seed2000042, exit_code=42
SDP producer failed for key=n113_rep4_seed3000042, exit_code=42
SDP producer failed for key=n113_rep5_seed4000042, exit_code=42
Launching SDP producer key=n113_rep6_seed5000042, n=113, repeat=6, seed=5000042, p=1, iterations=50, retry=0, cache=Results/warm_start_cache/triangleFree_connected_4to8vertices_176instances_AdjacencyList__filehash_279b7452/hog_idx000113_51ea3e47a1e6_seed5000042_L1_M1_standard.npz
Launched SDP PID=1074228, key=n113_rep6_seed5000042
Launching SDP producer key=n113_rep7_seed6000042, n=113, repeat=7, seed=6000042, p=1, iterations=50, retry=0, cache=Results/warm_start_cache/triangleFree_connected_4to8vertices_176instances_AdjacencyList__filehash_279b7452/hog_idx000113_51ea3e47a1e6_seed6000042_L1_M1_standard.npz
Launched SDP PID=1074311, key=n113_rep7_seed6000042
Launching SDP producer key=n113_rep8_seed7000042, n=113, repeat=8, seed=7000042, p=1, iterations=50, retry=0, cache=Results/warm_start_cache/triangleFree_connected_4to8vertices_176instances_AdjacencyList__filehash_279b7452/hog_idx000113_51ea3e47a1e6_seed7000042_L1_M1_standard.npz
Launched SDP PID=1074453, key=n113_rep8_seed7000042
Launching SDP producer key=n113_rep9_seed8000042, n=113, repeat=9, seed=8000042, p=1, iterations=50, retry=0, cache=Results/warm_start_cache/triangleFree_connected_4to8vertices_176instances_AdjacencyList__filehash_279b7452/hog_idx000113_51ea3e47a1e6_seed8000042_L1_M1_standard.npz
Launched SDP PID=1074665, key=n113_rep9_seed8000042
Launching SDP producer key=n113_rep10_seed9000042, n=113, repeat=10, seed=9000042, p=1, iterations=50, retry=0, cache=Results/warm_start_cache/triangleFree_connected_4to8vertices_176instances_AdjacencyList__filehash_279b7452/hog_idx000113_51ea3e47a1e6_seed9000042_L1_M1_standard.npz
Launched SDP PID=1074950, key=n113_rep10_seed9000042
Loop status: pending_sdp=620, running_sdp=5, pending_qaoa=0, running_qaoa=0, total_sdp_rss_mb=20, cache_size_mb=9
SDP producer failed for key=n113_rep6_seed5000042, exit_code=42
SDP producer failed for key=n113_rep7_seed6000042, exit_code=42
SDP producer failed for key=n113_rep8_seed7000042, exit_code=42
SDP producer failed for key=n113_rep9_seed8000042, exit_code=42
SDP producer failed for key=n113_rep10_seed9000042, exit_code=42
Launching SDP producer key=n114_rep1_seed42, n=114, repeat=1, seed=42, p=1, iterations=50, retry=0, cache=Results/warm_start_cache/triangleFree_connected_4to8vertices_176instances_AdjacencyList__filehash_279b7452/hog_idx000114_6e384b89efff_seed42_L1_M1_standard.npz
Launched SDP PID=1078688, key=n114_rep1_seed42
Launching SDP producer key=n114_rep2_seed1000042, n=114, repeat=2, seed=1000042, p=1, iterations=50, retry=0, cache=Results/warm_start_cache/triangleFree_connected_4to8vertices_176instances_AdjacencyList__filehash_279b7452/hog_idx000114_6e384b89efff_seed1000042_L1_M1_standard.npz
Launched SDP PID=1078770, key=n114_rep2_seed1000042
Launching SDP producer key=n114_rep3_seed2000042, n=114, repeat=3, seed=2000042, p=1, iterations=50, retry=0, cache=Results/warm_start_cache/triangleFree_connected_4to8vertices_176instances_AdjacencyList__filehash_279b7452/hog_idx000114_6e384b89efff_seed2000042_L1_M1_standard.npz
Launched SDP PID=1078918, key=n114_rep3_seed2000042
Launching SDP producer key=n114_rep4_seed3000042, n=114, repeat=4, seed=3000042, p=1, iterations=50, retry=0, cache=Results/warm_start_cache/triangleFree_connected_4to8vertices_176instances_AdjacencyList__filehash_279b7452/hog_idx000114_6e384b89efff_seed3000042_L1_M1_standard.npz
Launched SDP PID=1079128, key=n114_rep4_seed3000042
Launching SDP producer key=n114_rep5_seed4000042, n=114, repeat=5, seed=4000042, p=1, iterations=50, retry=0, cache=Results/warm_start_cache/triangleFree_connected_4to8vertices_176instances_AdjacencyList__filehash_279b7452/hog_idx000114_6e384b89efff_seed4000042_L1_M1_standard.npz
Launched SDP PID=1079371, key=n114_rep5_seed4000042
Loop status: pending_sdp=615, running_sdp=5, pending_qaoa=0, running_qaoa=0, total_sdp_rss_mb=20, cache_size_mb=9
SDP producer failed for key=n114_rep1_seed42, exit_code=42
SDP producer failed for key=n114_rep2_seed1000042, exit_code=42
SDP producer failed for key=n114_rep3_seed2000042, exit_code=42
SDP producer failed for key=n114_rep4_seed3000042, exit_code=42
Launching SDP producer key=n114_rep6_seed5000042, n=114, repeat=6, seed=5000042, p=1, iterations=50, retry=0, cache=Results/warm_start_cache/triangleFree_connected_4to8vertices_176instances_AdjacencyList__filehash_279b7452/hog_idx000114_6e384b89efff_seed5000042_L1_M1_standard.npz
Launched SDP PID=1083194, key=n114_rep6_seed5000042
Launching SDP producer key=n114_rep7_seed6000042, n=114, repeat=7, seed=6000042, p=1, iterations=50, retry=0, cache=Results/warm_start_cache/triangleFree_connected_4to8vertices_176instances_AdjacencyList__filehash_279b7452/hog_idx000114_6e384b89efff_seed6000042_L1_M1_standard.npz
Launched SDP PID=1083334, key=n114_rep7_seed6000042
Launching SDP producer key=n114_rep8_seed7000042, n=114, repeat=8, seed=7000042, p=1, iterations=50, retry=0, cache=Results/warm_start_cache/triangleFree_connected_4to8vertices_176instances_AdjacencyList__filehash_279b7452/hog_idx000114_6e384b89efff_seed7000042_L1_M1_standard.npz
Launched SDP PID=1083555, key=n114_rep8_seed7000042
Launching SDP producer key=n114_rep9_seed8000042, n=114, repeat=9, seed=8000042, p=1, iterations=50, retry=0, cache=Results/warm_start_cache/triangleFree_connected_4to8vertices_176instances_AdjacencyList__filehash_279b7452/hog_idx000114_6e384b89efff_seed8000042_L1_M1_standard.npz
Launched SDP PID=1083835, key=n114_rep9_seed8000042
Loop status: pending_sdp=611, running_sdp=5, pending_qaoa=0, running_qaoa=0, total_sdp_rss_mb=20, cache_size_mb=9
SDP producer failed for key=n114_rep5_seed4000042, exit_code=42
SDP producer failed for key=n114_rep6_seed5000042, exit_code=42
SDP producer failed for key=n114_rep7_seed6000042, exit_code=42
SDP producer failed for key=n114_rep8_seed7000042, exit_code=42
SDP producer failed for key=n114_rep9_seed8000042, exit_code=42
Launching SDP producer key=n114_rep10_seed9000042, n=114, repeat=10, seed=9000042, p=1, iterations=50, retry=0, cache=Results/warm_start_cache/triangleFree_connected_4to8vertices_176instances_AdjacencyList__filehash_279b7452/hog_idx000114_6e384b89efff_seed9000042_L1_M1_standard.npz
Launched SDP PID=1087554, key=n114_rep10_seed9000042
Launching SDP producer key=n115_rep1_seed42, n=115, repeat=1, seed=42, p=1, iterations=50, retry=0, cache=Results/warm_start_cache/triangleFree_connected_4to8vertices_176instances_AdjacencyList__filehash_279b7452/hog_idx000115_cbcffd75c564_seed42_L1_M1_standard.npz
Launched SDP PID=1087637, key=n115_rep1_seed42
Launching SDP producer key=n115_rep2_seed1000042, n=115, repeat=2, seed=1000042, p=1, iterations=50, retry=0, cache=Results/warm_start_cache/triangleFree_connected_4to8vertices_176instances_AdjacencyList__filehash_279b7452/hog_idx000115_cbcffd75c564_seed1000042_L1_M1_standard.npz
Launched SDP PID=1087815, key=n115_rep2_seed1000042
Launching SDP producer key=n115_rep3_seed2000042, n=115, repeat=3, seed=2000042, p=1, iterations=50, retry=0, cache=Results/warm_start_cache/triangleFree_connected_4to8vertices_176instances_AdjacencyList__filehash_279b7452/hog_idx000115_cbcffd75c564_seed2000042_L1_M1_standard.npz
Launched SDP PID=1088046, key=n115_rep3_seed2000042
Launching SDP producer key=n115_rep4_seed3000042, n=115, repeat=4, seed=3000042, p=1, iterations=50, retry=0, cache=Results/warm_start_cache/triangleFree_connected_4to8vertices_176instances_AdjacencyList__filehash_279b7452/hog_idx000115_cbcffd75c564_seed3000042_L1_M1_standard.npz
Launched SDP PID=1088330, key=n115_rep4_seed3000042
Loop status: pending_sdp=606, running_sdp=5, pending_qaoa=0, running_qaoa=0, total_sdp_rss_mb=20, cache_size_mb=9
SDP producer failed for key=n114_rep10_seed9000042, exit_code=42
SDP producer failed for key=n115_rep1_seed42, exit_code=42
SDP producer failed for key=n115_rep2_seed1000042, exit_code=42
SDP producer failed for key=n115_rep3_seed2000042, exit_code=42
SDP producer failed for key=n115_rep4_seed3000042, exit_code=42
Launching SDP producer key=n115_rep5_seed4000042, n=115, repeat=5, seed=4000042, p=1, iterations=50, retry=0, cache=Results/warm_start_cache/triangleFree_connected_4to8vertices_176instances_AdjacencyList__filehash_279b7452/hog_idx000115_cbcffd75c564_seed4000042_L1_M1_standard.npz
Launched SDP PID=1091996, key=n115_rep5_seed4000042
Launching SDP producer key=n115_rep6_seed5000042, n=115, repeat=6, seed=5000042, p=1, iterations=50, retry=0, cache=Results/warm_start_cache/triangleFree_connected_4to8vertices_176instances_AdjacencyList__filehash_279b7452/hog_idx000115_cbcffd75c564_seed5000042_L1_M1_standard.npz
Launched SDP PID=1092081, key=n115_rep6_seed5000042
Launching SDP producer key=n115_rep7_seed6000042, n=115, repeat=7, seed=6000042, p=1, iterations=50, retry=0, cache=Results/warm_start_cache/triangleFree_connected_4to8vertices_176instances_AdjacencyList__filehash_279b7452/hog_idx000115_cbcffd75c564_seed6000042_L1_M1_standard.npz
Launched SDP PID=1092224, key=n115_rep7_seed6000042
Launching SDP producer key=n115_rep8_seed7000042, n=115, repeat=8, seed=7000042, p=1, iterations=50, retry=0, cache=Results/warm_start_cache/triangleFree_connected_4to8vertices_176instances_AdjacencyList__filehash_279b7452/hog_idx000115_cbcffd75c564_seed7000042_L1_M1_standard.npz
Launched SDP PID=1092459, key=n115_rep8_seed7000042
Launching SDP producer key=n115_rep9_seed8000042, n=115, repeat=9, seed=8000042, p=1, iterations=50, retry=0, cache=Results/warm_start_cache/triangleFree_connected_4to8vertices_176instances_AdjacencyList__filehash_279b7452/hog_idx000115_cbcffd75c564_seed8000042_L1_M1_standard.npz
Launched SDP PID=1092750, key=n115_rep9_seed8000042
Loop status: pending_sdp=601, running_sdp=5, pending_qaoa=0, running_qaoa=0, total_sdp_rss_mb=20, cache_size_mb=9
SDP producer failed for key=n115_rep5_seed4000042, exit_code=42
SDP producer failed for key=n115_rep6_seed5000042, exit_code=42
SDP producer failed for key=n115_rep7_seed6000042, exit_code=42
SDP producer failed for key=n115_rep8_seed7000042, exit_code=42
SDP producer failed for key=n115_rep9_seed8000042, exit_code=42
Launching SDP producer key=n115_rep10_seed9000042, n=115, repeat=10, seed=9000042, p=1, iterations=50, retry=0, cache=Results/warm_start_cache/triangleFree_connected_4to8vertices_176instances_AdjacencyList__filehash_279b7452/hog_idx000115_cbcffd75c564_seed9000042_L1_M1_standard.npz
Launched SDP PID=1096449, key=n115_rep10_seed9000042
Launching SDP producer key=n116_rep1_seed42, n=116, repeat=1, seed=42, p=1, iterations=50, retry=0, cache=Results/warm_start_cache/triangleFree_connected_4to8vertices_176instances_AdjacencyList__filehash_279b7452/hog_idx000116_cdbbfefaed6e_seed42_L1_M1_standard.npz
Launched SDP PID=1096520, key=n116_rep1_seed42
Launching SDP producer key=n116_rep2_seed1000042, n=116, repeat=2, seed=1000042, p=1, iterations=50, retry=0, cache=Results/warm_start_cache/triangleFree_connected_4to8vertices_176instances_AdjacencyList__filehash_279b7452/hog_idx000116_cdbbfefaed6e_seed1000042_L1_M1_standard.npz
Launched SDP PID=1096676, key=n116_rep2_seed1000042
Launching SDP producer key=n116_rep3_seed2000042, n=116, repeat=3, seed=2000042, p=1, iterations=50, retry=0, cache=Results/warm_start_cache/triangleFree_connected_4to8vertices_176instances_AdjacencyList__filehash_279b7452/hog_idx000116_cdbbfefaed6e_seed2000042_L1_M1_standard.npz
Launched SDP PID=1096887, key=n116_rep3_seed2000042
Launching SDP producer key=n116_rep4_seed3000042, n=116, repeat=4, seed=3000042, p=1, iterations=50, retry=0, cache=Results/warm_start_cache/triangleFree_connected_4to8vertices_176instances_AdjacencyList__filehash_279b7452/hog_idx000116_cdbbfefaed6e_seed3000042_L1_M1_standard.npz
Launched SDP PID=1097175, key=n116_rep4_seed3000042
Loop status: pending_sdp=596, running_sdp=5, pending_qaoa=0, running_qaoa=0, total_sdp_rss_mb=20, cache_size_mb=9
SDP producer failed for key=n115_rep10_seed9000042, exit_code=42
SDP producer failed for key=n116_rep1_seed42, exit_code=42
SDP producer failed for key=n116_rep2_seed1000042, exit_code=42
SDP producer failed for key=n116_rep3_seed2000042, exit_code=42
SDP producer failed for key=n116_rep4_seed3000042, exit_code=42
Launching SDP producer key=n116_rep5_seed4000042, n=116, repeat=5, seed=4000042, p=1, iterations=50, retry=0, cache=Results/warm_start_cache/triangleFree_connected_4to8vertices_176instances_AdjacencyList__filehash_279b7452/hog_idx000116_cdbbfefaed6e_seed4000042_L1_M1_standard.npz
Launched SDP PID=1100804, key=n116_rep5_seed4000042
Launching SDP producer key=n116_rep6_seed5000042, n=116, repeat=6, seed=5000042, p=1, iterations=50, retry=0, cache=Results/warm_start_cache/triangleFree_connected_4to8vertices_176instances_AdjacencyList__filehash_279b7452/hog_idx000116_cdbbfefaed6e_seed5000042_L1_M1_standard.npz
Launched SDP PID=1100885, key=n116_rep6_seed5000042
Launching SDP producer key=n116_rep7_seed6000042, n=116, repeat=7, seed=6000042, p=1, iterations=50, retry=0, cache=Results/warm_start_cache/triangleFree_connected_4to8vertices_176instances_AdjacencyList__filehash_279b7452/hog_idx000116_cdbbfefaed6e_seed6000042_L1_M1_standard.npz
Launched SDP PID=1101022, key=n116_rep7_seed6000042
Launching SDP producer key=n116_rep8_seed7000042, n=116, repeat=8, seed=7000042, p=1, iterations=50, retry=0, cache=Results/warm_start_cache/triangleFree_connected_4to8vertices_176instances_AdjacencyList__filehash_279b7452/hog_idx000116_cdbbfefaed6e_seed7000042_L1_M1_standard.npz
Launched SDP PID=1101244, key=n116_rep8_seed7000042
Launching SDP producer key=n116_rep9_seed8000042, n=116, repeat=9, seed=8000042, p=1, iterations=50, retry=0, cache=Results/warm_start_cache/triangleFree_connected_4to8vertices_176instances_AdjacencyList__filehash_279b7452/hog_idx000116_cdbbfefaed6e_seed8000042_L1_M1_standard.npz
Launched SDP PID=1101506, key=n116_rep9_seed8000042
Loop status: pending_sdp=591, running_sdp=5, pending_qaoa=0, running_qaoa=0, total_sdp_rss_mb=20, cache_size_mb=9
SDP producer failed for key=n116_rep5_seed4000042, exit_code=42
SDP producer failed for key=n116_rep6_seed5000042, exit_code=42
SDP producer failed for key=n116_rep7_seed6000042, exit_code=42
SDP producer failed for key=n116_rep8_seed7000042, exit_code=42
SDP producer failed for key=n116_rep9_seed8000042, exit_code=42
Launching SDP producer key=n116_rep10_seed9000042, n=116, repeat=10, seed=9000042, p=1, iterations=50, retry=0, cache=Results/warm_start_cache/triangleFree_connected_4to8vertices_176instances_AdjacencyList__filehash_279b7452/hog_idx000116_cdbbfefaed6e_seed9000042_L1_M1_standard.npz
Launched SDP PID=1104556, key=n116_rep10_seed9000042
Launching SDP producer key=n117_rep1_seed42, n=117, repeat=1, seed=42, p=1, iterations=50, retry=0, cache=Results/warm_start_cache/triangleFree_connected_4to8vertices_176instances_AdjacencyList__filehash_279b7452/hog_idx000117_cb3416fef913_seed42_L1_M1_standard.npz
Launched SDP PID=1104629, key=n117_rep1_seed42
Launching SDP producer key=n117_rep2_seed1000042, n=117, repeat=2, seed=1000042, p=1, iterations=50, retry=0, cache=Results/warm_start_cache/triangleFree_connected_4to8vertices_176instances_AdjacencyList__filehash_279b7452/hog_idx000117_cb3416fef913_seed1000042_L1_M1_standard.npz
Launched SDP PID=1104722, key=n117_rep2_seed1000042
Launching SDP producer key=n117_rep3_seed2000042, n=117, repeat=3, seed=2000042, p=1, iterations=50, retry=0, cache=Results/warm_start_cache/triangleFree_connected_4to8vertices_176instances_AdjacencyList__filehash_279b7452/hog_idx000117_cb3416fef913_seed2000042_L1_M1_standard.npz
Launched SDP PID=1104870, key=n117_rep3_seed2000042
Launching SDP producer key=n117_rep4_seed3000042, n=117, repeat=4, seed=3000042, p=1, iterations=50, retry=0, cache=Results/warm_start_cache/triangleFree_connected_4to8vertices_176instances_AdjacencyList__filehash_279b7452/hog_idx000117_cb3416fef913_seed3000042_L1_M1_standard.npz
Launched SDP PID=1105061, key=n117_rep4_seed3000042
Loop status: pending_sdp=586, running_sdp=5, pending_qaoa=0, running_qaoa=0, total_sdp_rss_mb=20, cache_size_mb=9
SDP producer failed for key=n116_rep10_seed9000042, exit_code=42
SDP producer failed for key=n117_rep1_seed42, exit_code=42
SDP producer failed for key=n117_rep2_seed1000042, exit_code=42
SDP producer failed for key=n117_rep3_seed2000042, exit_code=42
SDP producer failed for key=n117_rep4_seed3000042, exit_code=42
Launching SDP producer key=n117_rep5_seed4000042, n=117, repeat=5, seed=4000042, p=1, iterations=50, retry=0, cache=Results/warm_start_cache/triangleFree_connected_4to8vertices_176instances_AdjacencyList__filehash_279b7452/hog_idx000117_cb3416fef913_seed4000042_L1_M1_standard.npz
Launched SDP PID=1108460, key=n117_rep5_seed4000042
Launching SDP producer key=n117_rep6_seed5000042, n=117, repeat=6, seed=5000042, p=1, iterations=50, retry=0, cache=Results/warm_start_cache/triangleFree_connected_4to8vertices_176instances_AdjacencyList__filehash_279b7452/hog_idx000117_cb3416fef913_seed5000042_L1_M1_standard.npz
Launched SDP PID=1108543, key=n117_rep6_seed5000042
Launching SDP producer key=n117_rep7_seed6000042, n=117, repeat=7, seed=6000042, p=1, iterations=50, retry=0, cache=Results/warm_start_cache/triangleFree_connected_4to8vertices_176instances_AdjacencyList__filehash_279b7452/hog_idx000117_cb3416fef913_seed6000042_L1_M1_standard.npz
Launched SDP PID=1108692, key=n117_rep7_seed6000042
Launching SDP producer key=n117_rep8_seed7000042, n=117, repeat=8, seed=7000042, p=1, iterations=50, retry=0, cache=Results/warm_start_cache/triangleFree_connected_4to8vertices_176instances_AdjacencyList__filehash_279b7452/hog_idx000117_cb3416fef913_seed7000042_L1_M1_standard.npz
Launched SDP PID=1108884, key=n117_rep8_seed7000042
Launching SDP producer key=n117_rep9_seed8000042, n=117, repeat=9, seed=8000042, p=1, iterations=50, retry=0, cache=Results/warm_start_cache/triangleFree_connected_4to8vertices_176instances_AdjacencyList__filehash_279b7452/hog_idx000117_cb3416fef913_seed8000042_L1_M1_standard.npz
Launched SDP PID=1109201, key=n117_rep9_seed8000042
Loop status: pending_sdp=581, running_sdp=5, pending_qaoa=0, running_qaoa=0, total_sdp_rss_mb=20, cache_size_mb=9
SDP producer failed for key=n117_rep5_seed4000042, exit_code=42
SDP producer failed for key=n117_rep6_seed5000042, exit_code=42
SDP producer failed for key=n117_rep7_seed6000042, exit_code=42
SDP producer failed for key=n117_rep8_seed7000042, exit_code=42
SDP producer failed for key=n117_rep9_seed8000042, exit_code=42
Launching SDP producer key=n117_rep10_seed9000042, n=117, repeat=10, seed=9000042, p=1, iterations=50, retry=0, cache=Results/warm_start_cache/triangleFree_connected_4to8vertices_176instances_AdjacencyList__filehash_279b7452/hog_idx000117_cb3416fef913_seed9000042_L1_M1_standard.npz
Launched SDP PID=1112915, key=n117_rep10_seed9000042
Launching SDP producer key=n118_rep1_seed42, n=118, repeat=1, seed=42, p=1, iterations=50, retry=0, cache=Results/warm_start_cache/triangleFree_connected_4to8vertices_176instances_AdjacencyList__filehash_279b7452/hog_idx000118_ce7332573d75_seed42_L1_M1_standard.npz
Launched SDP PID=1112986, key=n118_rep1_seed42
Launching SDP producer key=n118_rep2_seed1000042, n=118, repeat=2, seed=1000042, p=1, iterations=50, retry=0, cache=Results/warm_start_cache/triangleFree_connected_4to8vertices_176instances_AdjacencyList__filehash_279b7452/hog_idx000118_ce7332573d75_seed1000042_L1_M1_standard.npz
Launched SDP PID=1113149, key=n118_rep2_seed1000042
Launching SDP producer key=n118_rep3_seed2000042, n=118, repeat=3, seed=2000042, p=1, iterations=50, retry=0, cache=Results/warm_start_cache/triangleFree_connected_4to8vertices_176instances_AdjacencyList__filehash_279b7452/hog_idx000118_ce7332573d75_seed2000042_L1_M1_standard.npz
Launched SDP PID=1113398, key=n118_rep3_seed2000042
Launching SDP producer key=n118_rep4_seed3000042, n=118, repeat=4, seed=3000042, p=1, iterations=50, retry=0, cache=Results/warm_start_cache/triangleFree_connected_4to8vertices_176instances_AdjacencyList__filehash_279b7452/hog_idx000118_ce7332573d75_seed3000042_L1_M1_standard.npz
Launched SDP PID=1113754, key=n118_rep4_seed3000042
Loop status: pending_sdp=576, running_sdp=5, pending_qaoa=0, running_qaoa=0, total_sdp_rss_mb=20, cache_size_mb=9
SDP producer failed for key=n117_rep10_seed9000042, exit_code=42
SDP producer failed for key=n118_rep1_seed42, exit_code=42
SDP producer failed for key=n118_rep2_seed1000042, exit_code=42
SDP producer failed for key=n118_rep3_seed2000042, exit_code=42
SDP producer failed for key=n118_rep4_seed3000042, exit_code=42
Launching SDP producer key=n118_rep5_seed4000042, n=118, repeat=5, seed=4000042, p=1, iterations=50, retry=0, cache=Results/warm_start_cache/triangleFree_connected_4to8vertices_176instances_AdjacencyList__filehash_279b7452/hog_idx000118_ce7332573d75_seed4000042_L1_M1_standard.npz
Launched SDP PID=1118831, key=n118_rep5_seed4000042
Launching SDP producer key=n118_rep6_seed5000042, n=118, repeat=6, seed=5000042, p=1, iterations=50, retry=0, cache=Results/warm_start_cache/triangleFree_connected_4to8vertices_176instances_AdjacencyList__filehash_279b7452/hog_idx000118_ce7332573d75_seed5000042_L1_M1_standard.npz
Launched SDP PID=1118947, key=n118_rep6_seed5000042
Launching SDP producer key=n118_rep7_seed6000042, n=118, repeat=7, seed=6000042, p=1, iterations=50, retry=0, cache=Results/warm_start_cache/triangleFree_connected_4to8vertices_176instances_AdjacencyList__filehash_279b7452/hog_idx000118_ce7332573d75_seed6000042_L1_M1_standard.npz
Launched SDP PID=1119207, key=n118_rep7_seed6000042
Launching SDP producer key=n118_rep8_seed7000042, n=118, repeat=8, seed=7000042, p=1, iterations=50, retry=0, cache=Results/warm_start_cache/triangleFree_connected_4to8vertices_176instances_AdjacencyList__filehash_279b7452/hog_idx000118_ce7332573d75_seed7000042_L1_M1_standard.npz
Launched SDP PID=1119529, key=n118_rep8_seed7000042
Launching SDP producer key=n118_rep9_seed8000042, n=118, repeat=9, seed=8000042, p=1, iterations=50, retry=0, cache=Results/warm_start_cache/triangleFree_connected_4to8vertices_176instances_AdjacencyList__filehash_279b7452/hog_idx000118_ce7332573d75_seed8000042_L1_M1_standard.npz
Launched SDP PID=1119988, key=n118_rep9_seed8000042
Loop status: pending_sdp=571, running_sdp=5, pending_qaoa=0, running_qaoa=0, total_sdp_rss_mb=20, cache_size_mb=9
SDP producer failed for key=n118_rep5_seed4000042, exit_code=42
SDP producer failed for key=n118_rep6_seed5000042, exit_code=42
SDP producer failed for key=n118_rep7_seed6000042, exit_code=42
SDP producer failed for key=n118_rep8_seed7000042, exit_code=42
SDP producer failed for key=n118_rep9_seed8000042, exit_code=42
Launching SDP producer key=n118_rep10_seed9000042, n=118, repeat=10, seed=9000042, p=1, iterations=50, retry=0, cache=Results/warm_start_cache/triangleFree_connected_4to8vertices_176instances_AdjacencyList__filehash_279b7452/hog_idx000118_ce7332573d75_seed9000042_L1_M1_standard.npz
Launched SDP PID=1126111, key=n118_rep10_seed9000042
Launching SDP producer key=n119_rep1_seed42, n=119, repeat=1, seed=42, p=1, iterations=50, retry=0, cache=Results/warm_start_cache/triangleFree_connected_4to8vertices_176instances_AdjacencyList__filehash_279b7452/hog_idx000119_780aff72fd5a_seed42_L1_M1_standard.npz
Launched SDP PID=1126268, key=n119_rep1_seed42
Launching SDP producer key=n119_rep2_seed1000042, n=119, repeat=2, seed=1000042, p=1, iterations=50, retry=0, cache=Results/warm_start_cache/triangleFree_connected_4to8vertices_176instances_AdjacencyList__filehash_279b7452/hog_idx000119_780aff72fd5a_seed1000042_L1_M1_standard.npz
Launched SDP PID=1126463, key=n119_rep2_seed1000042
Launching SDP producer key=n119_rep3_seed2000042, n=119, repeat=3, seed=2000042, p=1, iterations=50, retry=0, cache=Results/warm_start_cache/triangleFree_connected_4to8vertices_176instances_AdjacencyList__filehash_279b7452/hog_idx000119_780aff72fd5a_seed2000042_L1_M1_standard.npz
Launched SDP PID=1126777, key=n119_rep3_seed2000042
Launching SDP producer key=n119_rep4_seed3000042, n=119, repeat=4, seed=3000042, p=1, iterations=50, retry=0, cache=Results/warm_start_cache/triangleFree_connected_4to8vertices_176instances_AdjacencyList__filehash_279b7452/hog_idx000119_780aff72fd5a_seed3000042_L1_M1_standard.npz
Launched SDP PID=1127219, key=n119_rep4_seed3000042
Loop status: pending_sdp=566, running_sdp=5, pending_qaoa=0, running_qaoa=0, total_sdp_rss_mb=20, cache_size_mb=9
SDP producer failed for key=n118_rep10_seed9000042, exit_code=42
SDP producer failed for key=n119_rep1_seed42, exit_code=42
SDP producer failed for key=n119_rep2_seed1000042, exit_code=42
SDP producer failed for key=n119_rep3_seed2000042, exit_code=42
SDP producer failed for key=n119_rep4_seed3000042, exit_code=42
Launching SDP producer key=n119_rep5_seed4000042, n=119, repeat=5, seed=4000042, p=1, iterations=50, retry=0, cache=Results/warm_start_cache/triangleFree_connected_4to8vertices_176instances_AdjacencyList__filehash_279b7452/hog_idx000119_780aff72fd5a_seed4000042_L1_M1_standard.npz
Launched SDP PID=1133121, key=n119_rep5_seed4000042
Launching SDP producer key=n119_rep6_seed5000042, n=119, repeat=6, seed=5000042, p=1, iterations=50, retry=0, cache=Results/warm_start_cache/triangleFree_connected_4to8vertices_176instances_AdjacencyList__filehash_279b7452/hog_idx000119_780aff72fd5a_seed5000042_L1_M1_standard.npz
Launched SDP PID=1133231, key=n119_rep6_seed5000042
Launching SDP producer key=n119_rep7_seed6000042, n=119, repeat=7, seed=6000042, p=1, iterations=50, retry=0, cache=Results/warm_start_cache/triangleFree_connected_4to8vertices_176instances_AdjacencyList__filehash_279b7452/hog_idx000119_780aff72fd5a_seed6000042_L1_M1_standard.npz
Launched SDP PID=1133505, key=n119_rep7_seed6000042
Launching SDP producer key=n119_rep8_seed7000042, n=119, repeat=8, seed=7000042, p=1, iterations=50, retry=0, cache=Results/warm_start_cache/triangleFree_connected_4to8vertices_176instances_AdjacencyList__filehash_279b7452/hog_idx000119_780aff72fd5a_seed7000042_L1_M1_standard.npz
Launched SDP PID=1133811, key=n119_rep8_seed7000042
Launching SDP producer key=n119_rep9_seed8000042, n=119, repeat=9, seed=8000042, p=1, iterations=50, retry=0, cache=Results/warm_start_cache/triangleFree_connected_4to8vertices_176instances_AdjacencyList__filehash_279b7452/hog_idx000119_780aff72fd5a_seed8000042_L1_M1_standard.npz
Launched SDP PID=1134227, key=n119_rep9_seed8000042
Loop status: pending_sdp=561, running_sdp=5, pending_qaoa=0, running_qaoa=0, total_sdp_rss_mb=20, cache_size_mb=9
SDP producer failed for key=n119_rep5_seed4000042, exit_code=42
SDP producer failed for key=n119_rep6_seed5000042, exit_code=42
SDP producer failed for key=n119_rep7_seed6000042, exit_code=42
SDP producer failed for key=n119_rep8_seed7000042, exit_code=42
SDP producer failed for key=n119_rep9_seed8000042, exit_code=42
Launching SDP producer key=n119_rep10_seed9000042, n=119, repeat=10, seed=9000042, p=1, iterations=50, retry=0, cache=Results/warm_start_cache/triangleFree_connected_4to8vertices_176instances_AdjacencyList__filehash_279b7452/hog_idx000119_780aff72fd5a_seed9000042_L1_M1_standard.npz
Launched SDP PID=1139645, key=n119_rep10_seed9000042
Launching SDP producer key=n120_rep1_seed42, n=120, repeat=1, seed=42, p=1, iterations=50, retry=0, cache=Results/warm_start_cache/triangleFree_connected_4to8vertices_176instances_AdjacencyList__filehash_279b7452/hog_idx000120_7a2711adea08_seed42_L1_M1_standard.npz
Launched SDP PID=1139746, key=n120_rep1_seed42
Launching SDP producer key=n120_rep2_seed1000042, n=120, repeat=2, seed=1000042, p=1, iterations=50, retry=0, cache=Results/warm_start_cache/triangleFree_connected_4to8vertices_176instances_AdjacencyList__filehash_279b7452/hog_idx000120_7a2711adea08_seed1000042_L1_M1_standard.npz
Launched SDP PID=1140002, key=n120_rep2_seed1000042
Launching SDP producer key=n120_rep3_seed2000042, n=120, repeat=3, seed=2000042, p=1, iterations=50, retry=0, cache=Results/warm_start_cache/triangleFree_connected_4to8vertices_176instances_AdjacencyList__filehash_279b7452/hog_idx000120_7a2711adea08_seed2000042_L1_M1_standard.npz
Launched SDP PID=1140334, key=n120_rep3_seed2000042
Launching SDP producer key=n120_rep4_seed3000042, n=120, repeat=4, seed=3000042, p=1, iterations=50, retry=0, cache=Results/warm_start_cache/triangleFree_connected_4to8vertices_176instances_AdjacencyList__filehash_279b7452/hog_idx000120_7a2711adea08_seed3000042_L1_M1_standard.npz
Launched SDP PID=1140779, key=n120_rep4_seed3000042
Loop status: pending_sdp=556, running_sdp=5, pending_qaoa=0, running_qaoa=0, total_sdp_rss_mb=20, cache_size_mb=9
SDP producer failed for key=n119_rep10_seed9000042, exit_code=42
SDP producer failed for key=n120_rep1_seed42, exit_code=42
SDP producer failed for key=n120_rep2_seed1000042, exit_code=42
SDP producer failed for key=n120_rep3_seed2000042, exit_code=42
SDP producer failed for key=n120_rep4_seed3000042, exit_code=42
Launching SDP producer key=n120_rep5_seed4000042, n=120, repeat=5, seed=4000042, p=1, iterations=50, retry=0, cache=Results/warm_start_cache/triangleFree_connected_4to8vertices_176instances_AdjacencyList__filehash_279b7452/hog_idx000120_7a2711adea08_seed4000042_L1_M1_standard.npz
Launched SDP PID=1146068, key=n120_rep5_seed4000042
Launching SDP producer key=n120_rep6_seed5000042, n=120, repeat=6, seed=5000042, p=1, iterations=50, retry=0, cache=Results/warm_start_cache/triangleFree_connected_4to8vertices_176instances_AdjacencyList__filehash_279b7452/hog_idx000120_7a2711adea08_seed5000042_L1_M1_standard.npz
Launched SDP PID=1146183, key=n120_rep6_seed5000042
Launching SDP producer key=n120_rep7_seed6000042, n=120, repeat=7, seed=6000042, p=1, iterations=50, retry=0, cache=Results/warm_start_cache/triangleFree_connected_4to8vertices_176instances_AdjacencyList__filehash_279b7452/hog_idx000120_7a2711adea08_seed6000042_L1_M1_standard.npz
Launched SDP PID=1146421, key=n120_rep7_seed6000042
Launching SDP producer key=n120_rep8_seed7000042, n=120, repeat=8, seed=7000042, p=1, iterations=50, retry=0, cache=Results/warm_start_cache/triangleFree_connected_4to8vertices_176instances_AdjacencyList__filehash_279b7452/hog_idx000120_7a2711adea08_seed7000042_L1_M1_standard.npz
Launched SDP PID=1146746, key=n120_rep8_seed7000042
Launching SDP producer key=n120_rep9_seed8000042, n=120, repeat=9, seed=8000042, p=1, iterations=50, retry=0, cache=Results/warm_start_cache/triangleFree_connected_4to8vertices_176instances_AdjacencyList__filehash_279b7452/hog_idx000120_7a2711adea08_seed8000042_L1_M1_standard.npz
Launched SDP PID=1147233, key=n120_rep9_seed8000042
Loop status: pending_sdp=551, running_sdp=5, pending_qaoa=0, running_qaoa=0, total_sdp_rss_mb=20, cache_size_mb=9
SDP producer failed for key=n120_rep5_seed4000042, exit_code=42
SDP producer failed for key=n120_rep6_seed5000042, exit_code=42
SDP producer failed for key=n120_rep7_seed6000042, exit_code=42
SDP producer failed for key=n120_rep8_seed7000042, exit_code=42
SDP producer failed for key=n120_rep9_seed8000042, exit_code=42
Launching SDP producer key=n120_rep10_seed9000042, n=120, repeat=10, seed=9000042, p=1, iterations=50, retry=0, cache=Results/warm_start_cache/triangleFree_connected_4to8vertices_176instances_AdjacencyList__filehash_279b7452/hog_idx000120_7a2711adea08_seed9000042_L1_M1_standard.npz
Launched SDP PID=1152605, key=n120_rep10_seed9000042
Launching SDP producer key=n121_rep1_seed42, n=121, repeat=1, seed=42, p=1, iterations=50, retry=0, cache=Results/warm_start_cache/triangleFree_connected_4to8vertices_176instances_AdjacencyList__filehash_279b7452/hog_idx000121_9d80e04734bc_seed42_L1_M1_standard.npz
Launched SDP PID=1152746, key=n121_rep1_seed42
Launching SDP producer key=n121_rep2_seed1000042, n=121, repeat=2, seed=1000042, p=1, iterations=50, retry=0, cache=Results/warm_start_cache/triangleFree_connected_4to8vertices_176instances_AdjacencyList__filehash_279b7452/hog_idx000121_9d80e04734bc_seed1000042_L1_M1_standard.npz
Launched SDP PID=1153002, key=n121_rep2_seed1000042
Launching SDP producer key=n121_rep3_seed2000042, n=121, repeat=3, seed=2000042, p=1, iterations=50, retry=0, cache=Results/warm_start_cache/triangleFree_connected_4to8vertices_176instances_AdjacencyList__filehash_279b7452/hog_idx000121_9d80e04734bc_seed2000042_L1_M1_standard.npz
Launched SDP PID=1153339, key=n121_rep3_seed2000042
Launching SDP producer key=n121_rep4_seed3000042, n=121, repeat=4, seed=3000042, p=1, iterations=50, retry=0, cache=Results/warm_start_cache/triangleFree_connected_4to8vertices_176instances_AdjacencyList__filehash_279b7452/hog_idx000121_9d80e04734bc_seed3000042_L1_M1_standard.npz
Launched SDP PID=1153868, key=n121_rep4_seed3000042
Loop status: pending_sdp=546, running_sdp=5, pending_qaoa=0, running_qaoa=0, total_sdp_rss_mb=20, cache_size_mb=9
SDP producer failed for key=n120_rep10_seed9000042, exit_code=42
SDP producer failed for key=n121_rep1_seed42, exit_code=42
SDP producer failed for key=n121_rep2_seed1000042, exit_code=42
SDP producer failed for key=n121_rep3_seed2000042, exit_code=42
SDP producer failed for key=n121_rep4_seed3000042, exit_code=42
Launching SDP producer key=n121_rep5_seed4000042, n=121, repeat=5, seed=4000042, p=1, iterations=50, retry=0, cache=Results/warm_start_cache/triangleFree_connected_4to8vertices_176instances_AdjacencyList__filehash_279b7452/hog_idx000121_9d80e04734bc_seed4000042_L1_M1_standard.npz
Launched SDP PID=1159036, key=n121_rep5_seed4000042
Launching SDP producer key=n121_rep6_seed5000042, n=121, repeat=6, seed=5000042, p=1, iterations=50, retry=0, cache=Results/warm_start_cache/triangleFree_connected_4to8vertices_176instances_AdjacencyList__filehash_279b7452/hog_idx000121_9d80e04734bc_seed5000042_L1_M1_standard.npz
Launched SDP PID=1159175, key=n121_rep6_seed5000042
Launching SDP producer key=n121_rep7_seed6000042, n=121, repeat=7, seed=6000042, p=1, iterations=50, retry=0, cache=Results/warm_start_cache/triangleFree_connected_4to8vertices_176instances_AdjacencyList__filehash_279b7452/hog_idx000121_9d80e04734bc_seed6000042_L1_M1_standard.npz
Launched SDP PID=1159371, key=n121_rep7_seed6000042
Launching SDP producer key=n121_rep8_seed7000042, n=121, repeat=8, seed=7000042, p=1, iterations=50, retry=0, cache=Results/warm_start_cache/triangleFree_connected_4to8vertices_176instances_AdjacencyList__filehash_279b7452/hog_idx000121_9d80e04734bc_seed7000042_L1_M1_standard.npz
Launched SDP PID=1159696, key=n121_rep8_seed7000042
Launching SDP producer key=n121_rep9_seed8000042, n=121, repeat=9, seed=8000042, p=1, iterations=50, retry=0, cache=Results/warm_start_cache/triangleFree_connected_4to8vertices_176instances_AdjacencyList__filehash_279b7452/hog_idx000121_9d80e04734bc_seed8000042_L1_M1_standard.npz
Launched SDP PID=1160132, key=n121_rep9_seed8000042
Loop status: pending_sdp=541, running_sdp=5, pending_qaoa=0, running_qaoa=0, total_sdp_rss_mb=20, cache_size_mb=9
SDP producer failed for key=n121_rep5_seed4000042, exit_code=42
SDP producer failed for key=n121_rep6_seed5000042, exit_code=42
SDP producer failed for key=n121_rep7_seed6000042, exit_code=42
SDP producer failed for key=n121_rep8_seed7000042, exit_code=42
SDP producer failed for key=n121_rep9_seed8000042, exit_code=42
Launching SDP producer key=n121_rep10_seed9000042, n=121, repeat=10, seed=9000042, p=1, iterations=50, retry=0, cache=Results/warm_start_cache/triangleFree_connected_4to8vertices_176instances_AdjacencyList__filehash_279b7452/hog_idx000121_9d80e04734bc_seed9000042_L1_M1_standard.npz
Launched SDP PID=1166783, key=n121_rep10_seed9000042
Launching SDP producer key=n122_rep1_seed42, n=122, repeat=1, seed=42, p=1, iterations=50, retry=0, cache=Results/warm_start_cache/triangleFree_connected_4to8vertices_176instances_AdjacencyList__filehash_279b7452/hog_idx000122_3cef56d9a98e_seed42_L1_M1_standard.npz
Launched SDP PID=1166913, key=n122_rep1_seed42
Launching SDP producer key=n122_rep2_seed1000042, n=122, repeat=2, seed=1000042, p=1, iterations=50, retry=0, cache=Results/warm_start_cache/triangleFree_connected_4to8vertices_176instances_AdjacencyList__filehash_279b7452/hog_idx000122_3cef56d9a98e_seed1000042_L1_M1_standard.npz
Launched SDP PID=1167185, key=n122_rep2_seed1000042
Launching SDP producer key=n122_rep3_seed2000042, n=122, repeat=3, seed=2000042, p=1, iterations=50, retry=0, cache=Results/warm_start_cache/triangleFree_connected_4to8vertices_176instances_AdjacencyList__filehash_279b7452/hog_idx000122_3cef56d9a98e_seed2000042_L1_M1_standard.npz
Launched SDP PID=1167635, key=n122_rep3_seed2000042
Launching SDP producer key=n122_rep4_seed3000042, n=122, repeat=4, seed=3000042, p=1, iterations=50, retry=0, cache=Results/warm_start_cache/triangleFree_connected_4to8vertices_176instances_AdjacencyList__filehash_279b7452/hog_idx000122_3cef56d9a98e_seed3000042_L1_M1_standard.npz
Launched SDP PID=1168154, key=n122_rep4_seed3000042
Loop status: pending_sdp=536, running_sdp=5, pending_qaoa=0, running_qaoa=0, total_sdp_rss_mb=20, cache_size_mb=10
SDP producer failed for key=n121_rep10_seed9000042, exit_code=42
SDP producer failed for key=n122_rep1_seed42, exit_code=42
SDP producer failed for key=n122_rep2_seed1000042, exit_code=42
SDP producer failed for key=n122_rep3_seed2000042, exit_code=42
SDP producer failed for key=n122_rep4_seed3000042, exit_code=42
Launching SDP producer key=n122_rep5_seed4000042, n=122, repeat=5, seed=4000042, p=1, iterations=50, retry=0, cache=Results/warm_start_cache/triangleFree_connected_4to8vertices_176instances_AdjacencyList__filehash_279b7452/hog_idx000122_3cef56d9a98e_seed4000042_L1_M1_standard.npz
Launched SDP PID=1174690, key=n122_rep5_seed4000042
Launching SDP producer key=n122_rep6_seed5000042, n=122, repeat=6, seed=5000042, p=1, iterations=50, retry=0, cache=Results/warm_start_cache/triangleFree_connected_4to8vertices_176instances_AdjacencyList__filehash_279b7452/hog_idx000122_3cef56d9a98e_seed5000042_L1_M1_standard.npz
Launched SDP PID=1174830, key=n122_rep6_seed5000042
Launching SDP producer key=n122_rep7_seed6000042, n=122, repeat=7, seed=6000042, p=1, iterations=50, retry=0, cache=Results/warm_start_cache/triangleFree_connected_4to8vertices_176instances_AdjacencyList__filehash_279b7452/hog_idx000122_3cef56d9a98e_seed6000042_L1_M1_standard.npz
Launched SDP PID=1175128, key=n122_rep7_seed6000042
Launching SDP producer key=n122_rep8_seed7000042, n=122, repeat=8, seed=7000042, p=1, iterations=50, retry=0, cache=Results/warm_start_cache/triangleFree_connected_4to8vertices_176instances_AdjacencyList__filehash_279b7452/hog_idx000122_3cef56d9a98e_seed7000042_L1_M1_standard.npz
Launched SDP PID=1175508, key=n122_rep8_seed7000042
Launching SDP producer key=n122_rep9_seed8000042, n=122, repeat=9, seed=8000042, p=1, iterations=50, retry=0, cache=Results/warm_start_cache/triangleFree_connected_4to8vertices_176instances_AdjacencyList__filehash_279b7452/hog_idx000122_3cef56d9a98e_seed8000042_L1_M1_standard.npz
Launched SDP PID=1176054, key=n122_rep9_seed8000042
Loop status: pending_sdp=531, running_sdp=5, pending_qaoa=0, running_qaoa=0, total_sdp_rss_mb=20, cache_size_mb=10
SDP producer failed for key=n122_rep5_seed4000042, exit_code=42
SDP producer failed for key=n122_rep6_seed5000042, exit_code=42
SDP producer failed for key=n122_rep7_seed6000042, exit_code=42
SDP producer failed for key=n122_rep8_seed7000042, exit_code=42
SDP producer failed for key=n122_rep9_seed8000042, exit_code=42
Launching SDP producer key=n122_rep10_seed9000042, n=122, repeat=10, seed=9000042, p=1, iterations=50, retry=0, cache=Results/warm_start_cache/triangleFree_connected_4to8vertices_176instances_AdjacencyList__filehash_279b7452/hog_idx000122_3cef56d9a98e_seed9000042_L1_M1_standard.npz
Launched SDP PID=1182736, key=n122_rep10_seed9000042
Launching SDP producer key=n123_rep1_seed42, n=123, repeat=1, seed=42, p=1, iterations=50, retry=0, cache=Results/warm_start_cache/triangleFree_connected_4to8vertices_176instances_AdjacencyList__filehash_279b7452/hog_idx000123_3f103f1de7e6_seed42_L1_M1_standard.npz
Launched SDP PID=1182839, key=n123_rep1_seed42
Launching SDP producer key=n123_rep2_seed1000042, n=123, repeat=2, seed=1000042, p=1, iterations=50, retry=0, cache=Results/warm_start_cache/triangleFree_connected_4to8vertices_176instances_AdjacencyList__filehash_279b7452/hog_idx000123_3f103f1de7e6_seed1000042_L1_M1_standard.npz
Launched SDP PID=1183024, key=n123_rep2_seed1000042
Launching SDP producer key=n123_rep3_seed2000042, n=123, repeat=3, seed=2000042, p=1, iterations=50, retry=0, cache=Results/warm_start_cache/triangleFree_connected_4to8vertices_176instances_AdjacencyList__filehash_279b7452/hog_idx000123_3f103f1de7e6_seed2000042_L1_M1_standard.npz
Launched SDP PID=1183309, key=n123_rep3_seed2000042
Launching SDP producer key=n123_rep4_seed3000042, n=123, repeat=4, seed=3000042, p=1, iterations=50, retry=0, cache=Results/warm_start_cache/triangleFree_connected_4to8vertices_176instances_AdjacencyList__filehash_279b7452/hog_idx000123_3f103f1de7e6_seed3000042_L1_M1_standard.npz
Launched SDP PID=1183723, key=n123_rep4_seed3000042
Loop status: pending_sdp=526, running_sdp=5, pending_qaoa=0, running_qaoa=0, total_sdp_rss_mb=20, cache_size_mb=10
SDP producer failed for key=n122_rep10_seed9000042, exit_code=42
SDP producer failed for key=n123_rep1_seed42, exit_code=42
SDP producer failed for key=n123_rep2_seed1000042, exit_code=42
SDP producer failed for key=n123_rep3_seed2000042, exit_code=42
SDP producer failed for key=n123_rep4_seed3000042, exit_code=42
Launching SDP producer key=n123_rep5_seed4000042, n=123, repeat=5, seed=4000042, p=1, iterations=50, retry=0, cache=Results/warm_start_cache/triangleFree_connected_4to8vertices_176instances_AdjacencyList__filehash_279b7452/hog_idx000123_3f103f1de7e6_seed4000042_L1_M1_standard.npz
Launched SDP PID=1192871, key=n123_rep5_seed4000042
Launching SDP producer key=n123_rep6_seed5000042, n=123, repeat=6, seed=5000042, p=1, iterations=50, retry=0, cache=Results/warm_start_cache/triangleFree_connected_4to8vertices_176instances_AdjacencyList__filehash_279b7452/hog_idx000123_3f103f1de7e6_seed5000042_L1_M1_standard.npz
Launched SDP PID=1193070, key=n123_rep6_seed5000042
Launching SDP producer key=n123_rep7_seed6000042, n=123, repeat=7, seed=6000042, p=1, iterations=50, retry=0, cache=Results/warm_start_cache/triangleFree_connected_4to8vertices_176instances_AdjacencyList__filehash_279b7452/hog_idx000123_3f103f1de7e6_seed6000042_L1_M1_standard.npz
Launched SDP PID=1193483, key=n123_rep7_seed6000042
Launching SDP producer key=n123_rep8_seed7000042, n=123, repeat=8, seed=7000042, p=1, iterations=50, retry=0, cache=Results/warm_start_cache/triangleFree_connected_4to8vertices_176instances_AdjacencyList__filehash_279b7452/hog_idx000123_3f103f1de7e6_seed7000042_L1_M1_standard.npz
Launched SDP PID=1194068, key=n123_rep8_seed7000042
Launching SDP producer key=n123_rep9_seed8000042, n=123, repeat=9, seed=8000042, p=1, iterations=50, retry=0, cache=Results/warm_start_cache/triangleFree_connected_4to8vertices_176instances_AdjacencyList__filehash_279b7452/hog_idx000123_3f103f1de7e6_seed8000042_L1_M1_standard.npz
Launched SDP PID=1194924, key=n123_rep9_seed8000042
Loop status: pending_sdp=521, running_sdp=5, pending_qaoa=0, running_qaoa=0, total_sdp_rss_mb=20, cache_size_mb=10
SDP producer failed for key=n123_rep5_seed4000042, exit_code=42
SDP producer failed for key=n123_rep6_seed5000042, exit_code=42
SDP producer failed for key=n123_rep7_seed6000042, exit_code=42
SDP producer failed for key=n123_rep8_seed7000042, exit_code=42
SDP producer failed for key=n123_rep9_seed8000042, exit_code=42
Launching SDP producer key=n123_rep10_seed9000042, n=123, repeat=10, seed=9000042, p=1, iterations=50, retry=0, cache=Results/warm_start_cache/triangleFree_connected_4to8vertices_176instances_AdjacencyList__filehash_279b7452/hog_idx000123_3f103f1de7e6_seed9000042_L1_M1_standard.npz
Launched SDP PID=1206170, key=n123_rep10_seed9000042
Launching SDP producer key=n124_rep1_seed42, n=124, repeat=1, seed=42, p=1, iterations=50, retry=0, cache=Results/warm_start_cache/triangleFree_connected_4to8vertices_176instances_AdjacencyList__filehash_279b7452/hog_idx000124_ed7aa132b384_seed42_L1_M1_standard.npz
Launched SDP PID=1206382, key=n124_rep1_seed42
Launching SDP producer key=n124_rep2_seed1000042, n=124, repeat=2, seed=1000042, p=1, iterations=50, retry=0, cache=Results/warm_start_cache/triangleFree_connected_4to8vertices_176instances_AdjacencyList__filehash_279b7452/hog_idx000124_ed7aa132b384_seed1000042_L1_M1_standard.npz
Launched SDP PID=1206725, key=n124_rep2_seed1000042
Launching SDP producer key=n124_rep3_seed2000042, n=124, repeat=3, seed=2000042, p=1, iterations=50, retry=0, cache=Results/warm_start_cache/triangleFree_connected_4to8vertices_176instances_AdjacencyList__filehash_279b7452/hog_idx000124_ed7aa132b384_seed2000042_L1_M1_standard.npz
Launched SDP PID=1207257, key=n124_rep3_seed2000042
Launching SDP producer key=n124_rep4_seed3000042, n=124, repeat=4, seed=3000042, p=1, iterations=50, retry=0, cache=Results/warm_start_cache/triangleFree_connected_4to8vertices_176instances_AdjacencyList__filehash_279b7452/hog_idx000124_ed7aa132b384_seed3000042_L1_M1_standard.npz
Launched SDP PID=1207911, key=n124_rep4_seed3000042
Loop status: pending_sdp=516, running_sdp=5, pending_qaoa=0, running_qaoa=0, total_sdp_rss_mb=20, cache_size_mb=10
SDP producer failed for key=n123_rep10_seed9000042, exit_code=42
SDP producer failed for key=n124_rep1_seed42, exit_code=42
SDP producer failed for key=n124_rep2_seed1000042, exit_code=42
SDP producer failed for key=n124_rep3_seed2000042, exit_code=42
SDP producer failed for key=n124_rep4_seed3000042, exit_code=42
Launching SDP producer key=n124_rep5_seed4000042, n=124, repeat=5, seed=4000042, p=1, iterations=50, retry=0, cache=Results/warm_start_cache/triangleFree_connected_4to8vertices_176instances_AdjacencyList__filehash_279b7452/hog_idx000124_ed7aa132b384_seed4000042_L1_M1_standard.npz
Launched SDP PID=1220017, key=n124_rep5_seed4000042
Launching SDP producer key=n124_rep6_seed5000042, n=124, repeat=6, seed=5000042, p=1, iterations=50, retry=0, cache=Results/warm_start_cache/triangleFree_connected_4to8vertices_176instances_AdjacencyList__filehash_279b7452/hog_idx000124_ed7aa132b384_seed5000042_L1_M1_standard.npz
Launched SDP PID=1220239, key=n124_rep6_seed5000042
Launching SDP producer key=n124_rep7_seed6000042, n=124, repeat=7, seed=6000042, p=1, iterations=50, retry=0, cache=Results/warm_start_cache/triangleFree_connected_4to8vertices_176instances_AdjacencyList__filehash_279b7452/hog_idx000124_ed7aa132b384_seed6000042_L1_M1_standard.npz
Launched SDP PID=1220718, key=n124_rep7_seed6000042
Launching SDP producer key=n124_rep8_seed7000042, n=124, repeat=8, seed=7000042, p=1, iterations=50, retry=0, cache=Results/warm_start_cache/triangleFree_connected_4to8vertices_176instances_AdjacencyList__filehash_279b7452/hog_idx000124_ed7aa132b384_seed7000042_L1_M1_standard.npz
Launched SDP PID=1221320, key=n124_rep8_seed7000042
Launching SDP producer key=n124_rep9_seed8000042, n=124, repeat=9, seed=8000042, p=1, iterations=50, retry=0, cache=Results/warm_start_cache/triangleFree_connected_4to8vertices_176instances_AdjacencyList__filehash_279b7452/hog_idx000124_ed7aa132b384_seed8000042_L1_M1_standard.npz
Launched SDP PID=1222116, key=n124_rep9_seed8000042
Loop status: pending_sdp=511, running_sdp=5, pending_qaoa=0, running_qaoa=0, total_sdp_rss_mb=20, cache_size_mb=10
SDP producer failed for key=n124_rep5_seed4000042, exit_code=42
SDP producer failed for key=n124_rep6_seed5000042, exit_code=42
SDP producer failed for key=n124_rep7_seed6000042, exit_code=42
SDP producer failed for key=n124_rep8_seed7000042, exit_code=42
SDP producer failed for key=n124_rep9_seed8000042, exit_code=42
Launching SDP producer key=n124_rep10_seed9000042, n=124, repeat=10, seed=9000042, p=1, iterations=50, retry=0, cache=Results/warm_start_cache/triangleFree_connected_4to8vertices_176instances_AdjacencyList__filehash_279b7452/hog_idx000124_ed7aa132b384_seed9000042_L1_M1_standard.npz
Launched SDP PID=1233961, key=n124_rep10_seed9000042
Launching SDP producer key=n125_rep1_seed42, n=125, repeat=1, seed=42, p=1, iterations=50, retry=0, cache=Results/warm_start_cache/triangleFree_connected_4to8vertices_176instances_AdjacencyList__filehash_279b7452/hog_idx000125_bbcc7dcba5e7_seed42_L1_M1_standard.npz
Launched SDP PID=1234174, key=n125_rep1_seed42
Launching SDP producer key=n125_rep2_seed1000042, n=125, repeat=2, seed=1000042, p=1, iterations=50, retry=0, cache=Results/warm_start_cache/triangleFree_connected_4to8vertices_176instances_AdjacencyList__filehash_279b7452/hog_idx000125_bbcc7dcba5e7_seed1000042_L1_M1_standard.npz
Launched SDP PID=1234601, key=n125_rep2_seed1000042
Launching SDP producer key=n125_rep3_seed2000042, n=125, repeat=3, seed=2000042, p=1, iterations=50, retry=0, cache=Results/warm_start_cache/triangleFree_connected_4to8vertices_176instances_AdjacencyList__filehash_279b7452/hog_idx000125_bbcc7dcba5e7_seed2000042_L1_M1_standard.npz
Launched SDP PID=1235237, key=n125_rep3_seed2000042
Launching SDP producer key=n125_rep4_seed3000042, n=125, repeat=4, seed=3000042, p=1, iterations=50, retry=0, cache=Results/warm_start_cache/triangleFree_connected_4to8vertices_176instances_AdjacencyList__filehash_279b7452/hog_idx000125_bbcc7dcba5e7_seed3000042_L1_M1_standard.npz
Launched SDP PID=1236035, key=n125_rep4_seed3000042
Loop status: pending_sdp=506, running_sdp=5, pending_qaoa=0, running_qaoa=0, total_sdp_rss_mb=20, cache_size_mb=10
SDP producer failed for key=n124_rep10_seed9000042, exit_code=42
SDP producer failed for key=n125_rep1_seed42, exit_code=42
SDP producer failed for key=n125_rep2_seed1000042, exit_code=42
SDP producer failed for key=n125_rep3_seed2000042, exit_code=42
SDP producer failed for key=n125_rep4_seed3000042, exit_code=42
Launching SDP producer key=n125_rep5_seed4000042, n=125, repeat=5, seed=4000042, p=1, iterations=50, retry=0, cache=Results/warm_start_cache/triangleFree_connected_4to8vertices_176instances_AdjacencyList__filehash_279b7452/hog_idx000125_bbcc7dcba5e7_seed4000042_L1_M1_standard.npz
Launched SDP PID=1249155, key=n125_rep5_seed4000042
Launching SDP producer key=n125_rep6_seed5000042, n=125, repeat=6, seed=5000042, p=1, iterations=50, retry=0, cache=Results/warm_start_cache/triangleFree_connected_4to8vertices_176instances_AdjacencyList__filehash_279b7452/hog_idx000125_bbcc7dcba5e7_seed5000042_L1_M1_standard.npz
Launched SDP PID=1249470, key=n125_rep6_seed5000042
Launching SDP producer key=n125_rep7_seed6000042, n=125, repeat=7, seed=6000042, p=1, iterations=50, retry=0, cache=Results/warm_start_cache/triangleFree_connected_4to8vertices_176instances_AdjacencyList__filehash_279b7452/hog_idx000125_bbcc7dcba5e7_seed6000042_L1_M1_standard.npz
Launched SDP PID=1249967, key=n125_rep7_seed6000042
Launching SDP producer key=n125_rep8_seed7000042, n=125, repeat=8, seed=7000042, p=1, iterations=50, retry=0, cache=Results/warm_start_cache/triangleFree_connected_4to8vertices_176instances_AdjacencyList__filehash_279b7452/hog_idx000125_bbcc7dcba5e7_seed7000042_L1_M1_standard.npz
Launched SDP PID=1250725, key=n125_rep8_seed7000042
Launching SDP producer key=n125_rep9_seed8000042, n=125, repeat=9, seed=8000042, p=1, iterations=50, retry=0, cache=Results/warm_start_cache/triangleFree_connected_4to8vertices_176instances_AdjacencyList__filehash_279b7452/hog_idx000125_bbcc7dcba5e7_seed8000042_L1_M1_standard.npz
Launched SDP PID=1251601, key=n125_rep9_seed8000042
Loop status: pending_sdp=501, running_sdp=5, pending_qaoa=0, running_qaoa=0, total_sdp_rss_mb=20, cache_size_mb=10
SDP producer failed for key=n125_rep5_seed4000042, exit_code=42
SDP producer failed for key=n125_rep6_seed5000042, exit_code=42
SDP producer failed for key=n125_rep7_seed6000042, exit_code=42
SDP producer failed for key=n125_rep8_seed7000042, exit_code=42
SDP producer failed for key=n125_rep9_seed8000042, exit_code=42
Launching SDP producer key=n125_rep10_seed9000042, n=125, repeat=10, seed=9000042, p=1, iterations=50, retry=0, cache=Results/warm_start_cache/triangleFree_connected_4to8vertices_176instances_AdjacencyList__filehash_279b7452/hog_idx000125_bbcc7dcba5e7_seed9000042_L1_M1_standard.npz
Launched SDP PID=1266638, key=n125_rep10_seed9000042
Launching SDP producer key=n126_rep1_seed42, n=126, repeat=1, seed=42, p=1, iterations=50, retry=0, cache=Results/warm_start_cache/triangleFree_connected_4to8vertices_176instances_AdjacencyList__filehash_279b7452/hog_idx000126_6d3dc62fa931_seed42_L1_M1_standard.npz
Launched SDP PID=1266941, key=n126_rep1_seed42
Launching SDP producer key=n126_rep2_seed1000042, n=126, repeat=2, seed=1000042, p=1, iterations=50, retry=0, cache=Results/warm_start_cache/triangleFree_connected_4to8vertices_176instances_AdjacencyList__filehash_279b7452/hog_idx000126_6d3dc62fa931_seed1000042_L1_M1_standard.npz
Launched SDP PID=1267424, key=n126_rep2_seed1000042
Launching SDP producer key=n126_rep3_seed2000042, n=126, repeat=3, seed=2000042, p=1, iterations=50, retry=0, cache=Results/warm_start_cache/triangleFree_connected_4to8vertices_176instances_AdjacencyList__filehash_279b7452/hog_idx000126_6d3dc62fa931_seed2000042_L1_M1_standard.npz
Launched SDP PID=1268163, key=n126_rep3_seed2000042
Launching SDP producer key=n126_rep4_seed3000042, n=126, repeat=4, seed=3000042, p=1, iterations=50, retry=0, cache=Results/warm_start_cache/triangleFree_connected_4to8vertices_176instances_AdjacencyList__filehash_279b7452/hog_idx000126_6d3dc62fa931_seed3000042_L1_M1_standard.npz
Launched SDP PID=1269201, key=n126_rep4_seed3000042
Loop status: pending_sdp=496, running_sdp=5, pending_qaoa=0, running_qaoa=0, total_sdp_rss_mb=20, cache_size_mb=10
SDP producer failed for key=n125_rep10_seed9000042, exit_code=42
SDP producer failed for key=n126_rep1_seed42, exit_code=42
SDP producer failed for key=n126_rep2_seed1000042, exit_code=42
SDP producer failed for key=n126_rep3_seed2000042, exit_code=42
SDP producer failed for key=n126_rep4_seed3000042, exit_code=42
Launching SDP producer key=n126_rep5_seed4000042, n=126, repeat=5, seed=4000042, p=1, iterations=50, retry=0, cache=Results/warm_start_cache/triangleFree_connected_4to8vertices_176instances_AdjacencyList__filehash_279b7452/hog_idx000126_6d3dc62fa931_seed4000042_L1_M1_standard.npz
Launched SDP PID=1284788, key=n126_rep5_seed4000042
Launching SDP producer key=n126_rep6_seed5000042, n=126, repeat=6, seed=5000042, p=1, iterations=50, retry=0, cache=Results/warm_start_cache/triangleFree_connected_4to8vertices_176instances_AdjacencyList__filehash_279b7452/hog_idx000126_6d3dc62fa931_seed5000042_L1_M1_standard.npz
Launched SDP PID=1285023, key=n126_rep6_seed5000042
Launching SDP producer key=n126_rep7_seed6000042, n=126, repeat=7, seed=6000042, p=1, iterations=50, retry=0, cache=Results/warm_start_cache/triangleFree_connected_4to8vertices_176instances_AdjacencyList__filehash_279b7452/hog_idx000126_6d3dc62fa931_seed6000042_L1_M1_standard.npz
Launched SDP PID=1285536, key=n126_rep7_seed6000042
Launching SDP producer key=n126_rep8_seed7000042, n=126, repeat=8, seed=7000042, p=1, iterations=50, retry=0, cache=Results/warm_start_cache/triangleFree_connected_4to8vertices_176instances_AdjacencyList__filehash_279b7452/hog_idx000126_6d3dc62fa931_seed7000042_L1_M1_standard.npz
Launched SDP PID=1286287, key=n126_rep8_seed7000042
Launching SDP producer key=n126_rep9_seed8000042, n=126, repeat=9, seed=8000042, p=1, iterations=50, retry=0, cache=Results/warm_start_cache/triangleFree_connected_4to8vertices_176instances_AdjacencyList__filehash_279b7452/hog_idx000126_6d3dc62fa931_seed8000042_L1_M1_standard.npz
Launched SDP PID=1287255, key=n126_rep9_seed8000042
Loop status: pending_sdp=491, running_sdp=5, pending_qaoa=0, running_qaoa=0, total_sdp_rss_mb=20, cache_size_mb=10
SDP producer failed for key=n126_rep5_seed4000042, exit_code=42
SDP producer failed for key=n126_rep6_seed5000042, exit_code=42
SDP producer failed for key=n126_rep7_seed6000042, exit_code=42
SDP producer failed for key=n126_rep8_seed7000042, exit_code=42
SDP producer failed for key=n126_rep9_seed8000042, exit_code=42
Launching SDP producer key=n126_rep10_seed9000042, n=126, repeat=10, seed=9000042, p=1, iterations=50, retry=0, cache=Results/warm_start_cache/triangleFree_connected_4to8vertices_176instances_AdjacencyList__filehash_279b7452/hog_idx000126_6d3dc62fa931_seed9000042_L1_M1_standard.npz
Launched SDP PID=1300551, key=n126_rep10_seed9000042
Launching SDP producer key=n127_rep1_seed42, n=127, repeat=1, seed=42, p=1, iterations=50, retry=0, cache=Results/warm_start_cache/triangleFree_connected_4to8vertices_176instances_AdjacencyList__filehash_279b7452/hog_idx000127_6e40385e09e7_seed42_L1_M1_standard.npz
Launched SDP PID=1300755, key=n127_rep1_seed42
Launching SDP producer key=n127_rep2_seed1000042, n=127, repeat=2, seed=1000042, p=1, iterations=50, retry=0, cache=Results/warm_start_cache/triangleFree_connected_4to8vertices_176instances_AdjacencyList__filehash_279b7452/hog_idx000127_6e40385e09e7_seed1000042_L1_M1_standard.npz
Launched SDP PID=1301158, key=n127_rep2_seed1000042
Launching SDP producer key=n127_rep3_seed2000042, n=127, repeat=3, seed=2000042, p=1, iterations=50, retry=0, cache=Results/warm_start_cache/triangleFree_connected_4to8vertices_176instances_AdjacencyList__filehash_279b7452/hog_idx000127_6e40385e09e7_seed2000042_L1_M1_standard.npz
Launched SDP PID=1301744, key=n127_rep3_seed2000042
Launching SDP producer key=n127_rep4_seed3000042, n=127, repeat=4, seed=3000042, p=1, iterations=50, retry=0, cache=Results/warm_start_cache/triangleFree_connected_4to8vertices_176instances_AdjacencyList__filehash_279b7452/hog_idx000127_6e40385e09e7_seed3000042_L1_M1_standard.npz
Launched SDP PID=1302455, key=n127_rep4_seed3000042
Loop status: pending_sdp=486, running_sdp=5, pending_qaoa=0, running_qaoa=0, total_sdp_rss_mb=20, cache_size_mb=10
SDP producer failed for key=n126_rep10_seed9000042, exit_code=42
SDP producer failed for key=n127_rep1_seed42, exit_code=42
SDP producer failed for key=n127_rep2_seed1000042, exit_code=42
SDP producer failed for key=n127_rep3_seed2000042, exit_code=42
SDP producer failed for key=n127_rep4_seed3000042, exit_code=42
Launching SDP producer key=n127_rep5_seed4000042, n=127, repeat=5, seed=4000042, p=1, iterations=50, retry=0, cache=Results/warm_start_cache/triangleFree_connected_4to8vertices_176instances_AdjacencyList__filehash_279b7452/hog_idx000127_6e40385e09e7_seed4000042_L1_M1_standard.npz
Launched SDP PID=1314172, key=n127_rep5_seed4000042
Launching SDP producer key=n127_rep6_seed5000042, n=127, repeat=6, seed=5000042, p=1, iterations=50, retry=0, cache=Results/warm_start_cache/triangleFree_connected_4to8vertices_176instances_AdjacencyList__filehash_279b7452/hog_idx000127_6e40385e09e7_seed5000042_L1_M1_standard.npz
Launched SDP PID=1314374, key=n127_rep6_seed5000042
Launching SDP producer key=n127_rep7_seed6000042, n=127, repeat=7, seed=6000042, p=1, iterations=50, retry=0, cache=Results/warm_start_cache/triangleFree_connected_4to8vertices_176instances_AdjacencyList__filehash_279b7452/hog_idx000127_6e40385e09e7_seed6000042_L1_M1_standard.npz
Launched SDP PID=1314843, key=n127_rep7_seed6000042
Launching SDP producer key=n127_rep8_seed7000042, n=127, repeat=8, seed=7000042, p=1, iterations=50, retry=0, cache=Results/warm_start_cache/triangleFree_connected_4to8vertices_176instances_AdjacencyList__filehash_279b7452/hog_idx000127_6e40385e09e7_seed7000042_L1_M1_standard.npz
Launched SDP PID=1315467, key=n127_rep8_seed7000042
Launching SDP producer key=n127_rep9_seed8000042, n=127, repeat=9, seed=8000042, p=1, iterations=50, retry=0, cache=Results/warm_start_cache/triangleFree_connected_4to8vertices_176instances_AdjacencyList__filehash_279b7452/hog_idx000127_6e40385e09e7_seed8000042_L1_M1_standard.npz
Launched SDP PID=1316227, key=n127_rep9_seed8000042
Loop status: pending_sdp=481, running_sdp=5, pending_qaoa=0, running_qaoa=0, total_sdp_rss_mb=20, cache_size_mb=10
SDP producer failed for key=n127_rep5_seed4000042, exit_code=42
SDP producer failed for key=n127_rep6_seed5000042, exit_code=42
SDP producer failed for key=n127_rep7_seed6000042, exit_code=42
SDP producer failed for key=n127_rep8_seed7000042, exit_code=42
SDP producer failed for key=n127_rep9_seed8000042, exit_code=42
Launching SDP producer key=n127_rep10_seed9000042, n=127, repeat=10, seed=9000042, p=1, iterations=50, retry=0, cache=Results/warm_start_cache/triangleFree_connected_4to8vertices_176instances_AdjacencyList__filehash_279b7452/hog_idx000127_6e40385e09e7_seed9000042_L1_M1_standard.npz
Launched SDP PID=1326635, key=n127_rep10_seed9000042
Launching SDP producer key=n128_rep1_seed42, n=128, repeat=1, seed=42, p=1, iterations=50, retry=0, cache=Results/warm_start_cache/triangleFree_connected_4to8vertices_176instances_AdjacencyList__filehash_279b7452/hog_idx000128_7e855118aa2f_seed42_L1_M1_standard.npz
Launched SDP PID=1326753, key=n128_rep1_seed42
Launching SDP producer key=n128_rep2_seed1000042, n=128, repeat=2, seed=1000042, p=1, iterations=50, retry=0, cache=Results/warm_start_cache/triangleFree_connected_4to8vertices_176instances_AdjacencyList__filehash_279b7452/hog_idx000128_7e855118aa2f_seed1000042_L1_M1_standard.npz
Launched SDP PID=1326966, key=n128_rep2_seed1000042
Launching SDP producer key=n128_rep3_seed2000042, n=128, repeat=3, seed=2000042, p=1, iterations=50, retry=0, cache=Results/warm_start_cache/triangleFree_connected_4to8vertices_176instances_AdjacencyList__filehash_279b7452/hog_idx000128_7e855118aa2f_seed2000042_L1_M1_standard.npz
Launched SDP PID=1327272, key=n128_rep3_seed2000042
Launching SDP producer key=n128_rep4_seed3000042, n=128, repeat=4, seed=3000042, p=1, iterations=50, retry=0, cache=Results/warm_start_cache/triangleFree_connected_4to8vertices_176instances_AdjacencyList__filehash_279b7452/hog_idx000128_7e855118aa2f_seed3000042_L1_M1_standard.npz
Launched SDP PID=1327735, key=n128_rep4_seed3000042
Loop status: pending_sdp=476, running_sdp=5, pending_qaoa=0, running_qaoa=0, total_sdp_rss_mb=20, cache_size_mb=10
SDP producer failed for key=n127_rep10_seed9000042, exit_code=42
SDP producer failed for key=n128_rep1_seed42, exit_code=42
SDP producer failed for key=n128_rep2_seed1000042, exit_code=42
SDP producer failed for key=n128_rep3_seed2000042, exit_code=42
SDP producer failed for key=n128_rep4_seed3000042, exit_code=42
Launching SDP producer key=n128_rep5_seed4000042, n=128, repeat=5, seed=4000042, p=1, iterations=50, retry=0, cache=Results/warm_start_cache/triangleFree_connected_4to8vertices_176instances_AdjacencyList__filehash_279b7452/hog_idx000128_7e855118aa2f_seed4000042_L1_M1_standard.npz
Launched SDP PID=1332942, key=n128_rep5_seed4000042
Launching SDP producer key=n128_rep6_seed5000042, n=128, repeat=6, seed=5000042, p=1, iterations=50, retry=0, cache=Results/warm_start_cache/triangleFree_connected_4to8vertices_176instances_AdjacencyList__filehash_279b7452/hog_idx000128_7e855118aa2f_seed5000042_L1_M1_standard.npz
Launched SDP PID=1333035, key=n128_rep6_seed5000042
Launching SDP producer key=n128_rep7_seed6000042, n=128, repeat=7, seed=6000042, p=1, iterations=50, retry=0, cache=Results/warm_start_cache/triangleFree_connected_4to8vertices_176instances_AdjacencyList__filehash_279b7452/hog_idx000128_7e855118aa2f_seed6000042_L1_M1_standard.npz
Launched SDP PID=1333241, key=n128_rep7_seed6000042
Launching SDP producer key=n128_rep8_seed7000042, n=128, repeat=8, seed=7000042, p=1, iterations=50, retry=0, cache=Results/warm_start_cache/triangleFree_connected_4to8vertices_176instances_AdjacencyList__filehash_279b7452/hog_idx000128_7e855118aa2f_seed7000042_L1_M1_standard.npz
Launched SDP PID=1333523, key=n128_rep8_seed7000042
Launching SDP producer key=n128_rep9_seed8000042, n=128, repeat=9, seed=8000042, p=1, iterations=50, retry=0, cache=Results/warm_start_cache/triangleFree_connected_4to8vertices_176instances_AdjacencyList__filehash_279b7452/hog_idx000128_7e855118aa2f_seed8000042_L1_M1_standard.npz
Launched SDP PID=1333886, key=n128_rep9_seed8000042
Loop status: pending_sdp=471, running_sdp=5, pending_qaoa=0, running_qaoa=0, total_sdp_rss_mb=20, cache_size_mb=10
SDP producer failed for key=n128_rep5_seed4000042, exit_code=42
SDP producer failed for key=n128_rep6_seed5000042, exit_code=42
SDP producer failed for key=n128_rep7_seed6000042, exit_code=42
SDP producer failed for key=n128_rep8_seed7000042, exit_code=42
SDP producer failed for key=n128_rep9_seed8000042, exit_code=42
Launching SDP producer key=n128_rep10_seed9000042, n=128, repeat=10, seed=9000042, p=1, iterations=50, retry=0, cache=Results/warm_start_cache/triangleFree_connected_4to8vertices_176instances_AdjacencyList__filehash_279b7452/hog_idx000128_7e855118aa2f_seed9000042_L1_M1_standard.npz
Launched SDP PID=1338321, key=n128_rep10_seed9000042
Launching SDP producer key=n129_rep1_seed42, n=129, repeat=1, seed=42, p=1, iterations=50, retry=0, cache=Results/warm_start_cache/triangleFree_connected_4to8vertices_176instances_AdjacencyList__filehash_279b7452/hog_idx000129_39ed45274056_seed42_L1_M1_standard.npz
Launched SDP PID=1338393, key=n129_rep1_seed42
Launching SDP producer key=n129_rep2_seed1000042, n=129, repeat=2, seed=1000042, p=1, iterations=50, retry=0, cache=Results/warm_start_cache/triangleFree_connected_4to8vertices_176instances_AdjacencyList__filehash_279b7452/hog_idx000129_39ed45274056_seed1000042_L1_M1_standard.npz
Launched SDP PID=1338540, key=n129_rep2_seed1000042
Launching SDP producer key=n129_rep3_seed2000042, n=129, repeat=3, seed=2000042, p=1, iterations=50, retry=0, cache=Results/warm_start_cache/triangleFree_connected_4to8vertices_176instances_AdjacencyList__filehash_279b7452/hog_idx000129_39ed45274056_seed2000042_L1_M1_standard.npz
Launched SDP PID=1338750, key=n129_rep3_seed2000042
Launching SDP producer key=n129_rep4_seed3000042, n=129, repeat=4, seed=3000042, p=1, iterations=50, retry=0, cache=Results/warm_start_cache/triangleFree_connected_4to8vertices_176instances_AdjacencyList__filehash_279b7452/hog_idx000129_39ed45274056_seed3000042_L1_M1_standard.npz
Launched SDP PID=1338978, key=n129_rep4_seed3000042
Loop status: pending_sdp=466, running_sdp=5, pending_qaoa=0, running_qaoa=0, total_sdp_rss_mb=20, cache_size_mb=10
SDP producer failed for key=n128_rep10_seed9000042, exit_code=42
SDP producer failed for key=n129_rep1_seed42, exit_code=42
SDP producer failed for key=n129_rep2_seed1000042, exit_code=42
SDP producer failed for key=n129_rep3_seed2000042, exit_code=42
SDP producer failed for key=n129_rep4_seed3000042, exit_code=42
Launching SDP producer key=n129_rep5_seed4000042, n=129, repeat=5, seed=4000042, p=1, iterations=50, retry=0, cache=Results/warm_start_cache/triangleFree_connected_4to8vertices_176instances_AdjacencyList__filehash_279b7452/hog_idx000129_39ed45274056_seed4000042_L1_M1_standard.npz
Launched SDP PID=1343152, key=n129_rep5_seed4000042
Launching SDP producer key=n129_rep6_seed5000042, n=129, repeat=6, seed=5000042, p=1, iterations=50, retry=0, cache=Results/warm_start_cache/triangleFree_connected_4to8vertices_176instances_AdjacencyList__filehash_279b7452/hog_idx000129_39ed45274056_seed5000042_L1_M1_standard.npz
Launched SDP PID=1343265, key=n129_rep6_seed5000042
Launching SDP producer key=n129_rep7_seed6000042, n=129, repeat=7, seed=6000042, p=1, iterations=50, retry=0, cache=Results/warm_start_cache/triangleFree_connected_4to8vertices_176instances_AdjacencyList__filehash_279b7452/hog_idx000129_39ed45274056_seed6000042_L1_M1_standard.npz
Launched SDP PID=1343467, key=n129_rep7_seed6000042
Launching SDP producer key=n129_rep8_seed7000042, n=129, repeat=8, seed=7000042, p=1, iterations=50, retry=0, cache=Results/warm_start_cache/triangleFree_connected_4to8vertices_176instances_AdjacencyList__filehash_279b7452/hog_idx000129_39ed45274056_seed7000042_L1_M1_standard.npz
Launched SDP PID=1343736, key=n129_rep8_seed7000042
Launching SDP producer key=n129_rep9_seed8000042, n=129, repeat=9, seed=8000042, p=1, iterations=50, retry=0, cache=Results/warm_start_cache/triangleFree_connected_4to8vertices_176instances_AdjacencyList__filehash_279b7452/hog_idx000129_39ed45274056_seed8000042_L1_M1_standard.npz
Launched SDP PID=1344132, key=n129_rep9_seed8000042
Loop status: pending_sdp=461, running_sdp=5, pending_qaoa=0, running_qaoa=0, total_sdp_rss_mb=20, cache_size_mb=10
SDP producer failed for key=n129_rep5_seed4000042, exit_code=42
SDP producer failed for key=n129_rep6_seed5000042, exit_code=42
SDP producer failed for key=n129_rep7_seed6000042, exit_code=42
SDP producer failed for key=n129_rep8_seed7000042, exit_code=42
SDP producer failed for key=n129_rep9_seed8000042, exit_code=42
Launching SDP producer key=n129_rep10_seed9000042, n=129, repeat=10, seed=9000042, p=1, iterations=50, retry=0, cache=Results/warm_start_cache/triangleFree_connected_4to8vertices_176instances_AdjacencyList__filehash_279b7452/hog_idx000129_39ed45274056_seed9000042_L1_M1_standard.npz
Launched SDP PID=1350471, key=n129_rep10_seed9000042
Launching SDP producer key=n130_rep1_seed42, n=130, repeat=1, seed=42, p=1, iterations=50, retry=0, cache=Results/warm_start_cache/triangleFree_connected_4to8vertices_176instances_AdjacencyList__filehash_279b7452/hog_idx000130_a26c27e8674f_seed42_L1_M1_standard.npz
Launched SDP PID=1350589, key=n130_rep1_seed42
Launching SDP producer key=n130_rep2_seed1000042, n=130, repeat=2, seed=1000042, p=1, iterations=50, retry=0, cache=Results/warm_start_cache/triangleFree_connected_4to8vertices_176instances_AdjacencyList__filehash_279b7452/hog_idx000130_a26c27e8674f_seed1000042_L1_M1_standard.npz
Launched SDP PID=1350823, key=n130_rep2_seed1000042
Launching SDP producer key=n130_rep3_seed2000042, n=130, repeat=3, seed=2000042, p=1, iterations=50, retry=0, cache=Results/warm_start_cache/triangleFree_connected_4to8vertices_176instances_AdjacencyList__filehash_279b7452/hog_idx000130_a26c27e8674f_seed2000042_L1_M1_standard.npz
Launched SDP PID=1351203, key=n130_rep3_seed2000042
Launching SDP producer key=n130_rep4_seed3000042, n=130, repeat=4, seed=3000042, p=1, iterations=50, retry=0, cache=Results/warm_start_cache/triangleFree_connected_4to8vertices_176instances_AdjacencyList__filehash_279b7452/hog_idx000130_a26c27e8674f_seed3000042_L1_M1_standard.npz
Launched SDP PID=1351680, key=n130_rep4_seed3000042
Loop status: pending_sdp=456, running_sdp=5, pending_qaoa=0, running_qaoa=0, total_sdp_rss_mb=20, cache_size_mb=10
SDP producer failed for key=n129_rep10_seed9000042, exit_code=42
SDP producer failed for key=n130_rep1_seed42, exit_code=42
SDP producer failed for key=n130_rep2_seed1000042, exit_code=42
SDP producer failed for key=n130_rep3_seed2000042, exit_code=42
SDP producer failed for key=n130_rep4_seed3000042, exit_code=42
Launching SDP producer key=n130_rep5_seed4000042, n=130, repeat=5, seed=4000042, p=1, iterations=50, retry=0, cache=Results/warm_start_cache/triangleFree_connected_4to8vertices_176instances_AdjacencyList__filehash_279b7452/hog_idx000130_a26c27e8674f_seed4000042_L1_M1_standard.npz
Launched SDP PID=1357913, key=n130_rep5_seed4000042
Launching SDP producer key=n130_rep6_seed5000042, n=130, repeat=6, seed=5000042, p=1, iterations=50, retry=0, cache=Results/warm_start_cache/triangleFree_connected_4to8vertices_176instances_AdjacencyList__filehash_279b7452/hog_idx000130_a26c27e8674f_seed5000042_L1_M1_standard.npz
Launched SDP PID=1358040, key=n130_rep6_seed5000042
Launching SDP producer key=n130_rep7_seed6000042, n=130, repeat=7, seed=6000042, p=1, iterations=50, retry=0, cache=Results/warm_start_cache/triangleFree_connected_4to8vertices_176instances_AdjacencyList__filehash_279b7452/hog_idx000130_a26c27e8674f_seed6000042_L1_M1_standard.npz
Launched SDP PID=1358304, key=n130_rep7_seed6000042
Launching SDP producer key=n130_rep8_seed7000042, n=130, repeat=8, seed=7000042, p=1, iterations=50, retry=0, cache=Results/warm_start_cache/triangleFree_connected_4to8vertices_176instances_AdjacencyList__filehash_279b7452/hog_idx000130_a26c27e8674f_seed7000042_L1_M1_standard.npz
Launched SDP PID=1358640, key=n130_rep8_seed7000042
Launching SDP producer key=n130_rep9_seed8000042, n=130, repeat=9, seed=8000042, p=1, iterations=50, retry=0, cache=Results/warm_start_cache/triangleFree_connected_4to8vertices_176instances_AdjacencyList__filehash_279b7452/hog_idx000130_a26c27e8674f_seed8000042_L1_M1_standard.npz
Launched SDP PID=1359112, key=n130_rep9_seed8000042
Loop status: pending_sdp=451, running_sdp=5, pending_qaoa=0, running_qaoa=0, total_sdp_rss_mb=20, cache_size_mb=10
SDP producer failed for key=n130_rep5_seed4000042, exit_code=42
SDP producer failed for key=n130_rep6_seed5000042, exit_code=42
SDP producer failed for key=n130_rep7_seed6000042, exit_code=42
SDP producer failed for key=n130_rep8_seed7000042, exit_code=42
SDP producer failed for key=n130_rep9_seed8000042, exit_code=42
Launching SDP producer key=n130_rep10_seed9000042, n=130, repeat=10, seed=9000042, p=1, iterations=50, retry=0, cache=Results/warm_start_cache/triangleFree_connected_4to8vertices_176instances_AdjacencyList__filehash_279b7452/hog_idx000130_a26c27e8674f_seed9000042_L1_M1_standard.npz
Launched SDP PID=1365731, key=n130_rep10_seed9000042
Launching SDP producer key=n131_rep1_seed42, n=131, repeat=1, seed=42, p=1, iterations=50, retry=0, cache=Results/warm_start_cache/triangleFree_connected_4to8vertices_176instances_AdjacencyList__filehash_279b7452/hog_idx000131_f5e4f144bedb_seed42_L1_M1_standard.npz
Launched SDP PID=1365925, key=n131_rep1_seed42
Launching SDP producer key=n131_rep2_seed1000042, n=131, repeat=2, seed=1000042, p=1, iterations=50, retry=0, cache=Results/warm_start_cache/triangleFree_connected_4to8vertices_176instances_AdjacencyList__filehash_279b7452/hog_idx000131_f5e4f144bedb_seed1000042_L1_M1_standard.npz
Launched SDP PID=1366194, key=n131_rep2_seed1000042
Launching SDP producer key=n131_rep3_seed2000042, n=131, repeat=3, seed=2000042, p=1, iterations=50, retry=0, cache=Results/warm_start_cache/triangleFree_connected_4to8vertices_176instances_AdjacencyList__filehash_279b7452/hog_idx000131_f5e4f144bedb_seed2000042_L1_M1_standard.npz
Launched SDP PID=1366756, key=n131_rep3_seed2000042
Launching SDP producer key=n131_rep4_seed3000042, n=131, repeat=4, seed=3000042, p=1, iterations=50, retry=0, cache=Results/warm_start_cache/triangleFree_connected_4to8vertices_176instances_AdjacencyList__filehash_279b7452/hog_idx000131_f5e4f144bedb_seed3000042_L1_M1_standard.npz
Launched SDP PID=1367384, key=n131_rep4_seed3000042
Loop status: pending_sdp=446, running_sdp=5, pending_qaoa=0, running_qaoa=0, total_sdp_rss_mb=20, cache_size_mb=10
SDP producer failed for key=n130_rep10_seed9000042, exit_code=42
SDP producer failed for key=n131_rep1_seed42, exit_code=42
SDP producer failed for key=n131_rep2_seed1000042, exit_code=42
SDP producer failed for key=n131_rep3_seed2000042, exit_code=42
SDP producer failed for key=n131_rep4_seed3000042, exit_code=42
Launching SDP producer key=n131_rep5_seed4000042, n=131, repeat=5, seed=4000042, p=1, iterations=50, retry=0, cache=Results/warm_start_cache/triangleFree_connected_4to8vertices_176instances_AdjacencyList__filehash_279b7452/hog_idx000131_f5e4f144bedb_seed4000042_L1_M1_standard.npz
Launched SDP PID=1377664, key=n131_rep5_seed4000042
Launching SDP producer key=n131_rep6_seed5000042, n=131, repeat=6, seed=5000042, p=1, iterations=50, retry=0, cache=Results/warm_start_cache/triangleFree_connected_4to8vertices_176instances_AdjacencyList__filehash_279b7452/hog_idx000131_f5e4f144bedb_seed5000042_L1_M1_standard.npz
Launched SDP PID=1377866, key=n131_rep6_seed5000042
Launching SDP producer key=n131_rep7_seed6000042, n=131, repeat=7, seed=6000042, p=1, iterations=50, retry=0, cache=Results/warm_start_cache/triangleFree_connected_4to8vertices_176instances_AdjacencyList__filehash_279b7452/hog_idx000131_f5e4f144bedb_seed6000042_L1_M1_standard.npz
Launched SDP PID=1378277, key=n131_rep7_seed6000042
Launching SDP producer key=n131_rep8_seed7000042, n=131, repeat=8, seed=7000042, p=1, iterations=50, retry=0, cache=Results/warm_start_cache/triangleFree_connected_4to8vertices_176instances_AdjacencyList__filehash_279b7452/hog_idx000131_f5e4f144bedb_seed7000042_L1_M1_standard.npz
Launched SDP PID=1378886, key=n131_rep8_seed7000042
Launching SDP producer key=n131_rep9_seed8000042, n=131, repeat=9, seed=8000042, p=1, iterations=50, retry=0, cache=Results/warm_start_cache/triangleFree_connected_4to8vertices_176instances_AdjacencyList__filehash_279b7452/hog_idx000131_f5e4f144bedb_seed8000042_L1_M1_standard.npz
Launched SDP PID=1379673, key=n131_rep9_seed8000042
Loop status: pending_sdp=441, running_sdp=5, pending_qaoa=0, running_qaoa=0, total_sdp_rss_mb=20, cache_size_mb=10
SDP producer failed for key=n131_rep5_seed4000042, exit_code=42
SDP producer failed for key=n131_rep6_seed5000042, exit_code=42
SDP producer failed for key=n131_rep7_seed6000042, exit_code=42
SDP producer failed for key=n131_rep8_seed7000042, exit_code=42
SDP producer failed for key=n131_rep9_seed8000042, exit_code=42
Launching SDP producer key=n131_rep10_seed9000042, n=131, repeat=10, seed=9000042, p=1, iterations=50, retry=0, cache=Results/warm_start_cache/triangleFree_connected_4to8vertices_176instances_AdjacencyList__filehash_279b7452/hog_idx000131_f5e4f144bedb_seed9000042_L1_M1_standard.npz
Launched SDP PID=1391122, key=n131_rep10_seed9000042
Launching SDP producer key=n132_rep1_seed42, n=132, repeat=1, seed=42, p=1, iterations=50, retry=0, cache=Results/warm_start_cache/triangleFree_connected_4to8vertices_176instances_AdjacencyList__filehash_279b7452/hog_idx000132_dc16c39d7f5a_seed42_L1_M1_standard.npz
Launched SDP PID=1391300, key=n132_rep1_seed42
Launching SDP producer key=n132_rep2_seed1000042, n=132, repeat=2, seed=1000042, p=1, iterations=50, retry=0, cache=Results/warm_start_cache/triangleFree_connected_4to8vertices_176instances_AdjacencyList__filehash_279b7452/hog_idx000132_dc16c39d7f5a_seed1000042_L1_M1_standard.npz
Launched SDP PID=1391743, key=n132_rep2_seed1000042
Launching SDP producer key=n132_rep3_seed2000042, n=132, repeat=3, seed=2000042, p=1, iterations=50, retry=0, cache=Results/warm_start_cache/triangleFree_connected_4to8vertices_176instances_AdjacencyList__filehash_279b7452/hog_idx000132_dc16c39d7f5a_seed2000042_L1_M1_standard.npz
Launched SDP PID=1392364, key=n132_rep3_seed2000042
Launching SDP producer key=n132_rep4_seed3000042, n=132, repeat=4, seed=3000042, p=1, iterations=50, retry=0, cache=Results/warm_start_cache/triangleFree_connected_4to8vertices_176instances_AdjacencyList__filehash_279b7452/hog_idx000132_dc16c39d7f5a_seed3000042_L1_M1_standard.npz
Launched SDP PID=1393157, key=n132_rep4_seed3000042
Loop status: pending_sdp=436, running_sdp=5, pending_qaoa=0, running_qaoa=0, total_sdp_rss_mb=20, cache_size_mb=10
SDP producer failed for key=n131_rep10_seed9000042, exit_code=42
SDP producer failed for key=n132_rep1_seed42, exit_code=42
SDP producer failed for key=n132_rep2_seed1000042, exit_code=42
SDP producer failed for key=n132_rep3_seed2000042, exit_code=42
SDP producer failed for key=n132_rep4_seed3000042, exit_code=42
Launching SDP producer key=n132_rep5_seed4000042, n=132, repeat=5, seed=4000042, p=1, iterations=50, retry=0, cache=Results/warm_start_cache/triangleFree_connected_4to8vertices_176instances_AdjacencyList__filehash_279b7452/hog_idx000132_dc16c39d7f5a_seed4000042_L1_M1_standard.npz
Launched SDP PID=1404333, key=n132_rep5_seed4000042
Launching SDP producer key=n132_rep6_seed5000042, n=132, repeat=6, seed=5000042, p=1, iterations=50, retry=0, cache=Results/warm_start_cache/triangleFree_connected_4to8vertices_176instances_AdjacencyList__filehash_279b7452/hog_idx000132_dc16c39d7f5a_seed5000042_L1_M1_standard.npz
Launched SDP PID=1404558, key=n132_rep6_seed5000042
Launching SDP producer key=n132_rep7_seed6000042, n=132, repeat=7, seed=6000042, p=1, iterations=50, retry=0, cache=Results/warm_start_cache/triangleFree_connected_4to8vertices_176instances_AdjacencyList__filehash_279b7452/hog_idx000132_dc16c39d7f5a_seed6000042_L1_M1_standard.npz
Launched SDP PID=1404928, key=n132_rep7_seed6000042
Launching SDP producer key=n132_rep8_seed7000042, n=132, repeat=8, seed=7000042, p=1, iterations=50, retry=0, cache=Results/warm_start_cache/triangleFree_connected_4to8vertices_176instances_AdjacencyList__filehash_279b7452/hog_idx000132_dc16c39d7f5a_seed7000042_L1_M1_standard.npz
Launched SDP PID=1405557, key=n132_rep8_seed7000042
Launching SDP producer key=n132_rep9_seed8000042, n=132, repeat=9, seed=8000042, p=1, iterations=50, retry=0, cache=Results/warm_start_cache/triangleFree_connected_4to8vertices_176instances_AdjacencyList__filehash_279b7452/hog_idx000132_dc16c39d7f5a_seed8000042_L1_M1_standard.npz
Launched SDP PID=1406307, key=n132_rep9_seed8000042
Loop status: pending_sdp=431, running_sdp=5, pending_qaoa=0, running_qaoa=0, total_sdp_rss_mb=20, cache_size_mb=10
SDP producer failed for key=n132_rep5_seed4000042, exit_code=42
SDP producer failed for key=n132_rep6_seed5000042, exit_code=42
SDP producer failed for key=n132_rep7_seed6000042, exit_code=42
SDP producer failed for key=n132_rep8_seed7000042, exit_code=42
SDP producer failed for key=n132_rep9_seed8000042, exit_code=42
Launching SDP producer key=n132_rep10_seed9000042, n=132, repeat=10, seed=9000042, p=1, iterations=50, retry=0, cache=Results/warm_start_cache/triangleFree_connected_4to8vertices_176instances_AdjacencyList__filehash_279b7452/hog_idx000132_dc16c39d7f5a_seed9000042_L1_M1_standard.npz
Launched SDP PID=1417541, key=n132_rep10_seed9000042
Launching SDP producer key=n133_rep1_seed42, n=133, repeat=1, seed=42, p=1, iterations=50, retry=0, cache=Results/warm_start_cache/triangleFree_connected_4to8vertices_176instances_AdjacencyList__filehash_279b7452/hog_idx000133_97f62854e778_seed42_L1_M1_standard.npz
Launched SDP PID=1417767, key=n133_rep1_seed42
Launching SDP producer key=n133_rep2_seed1000042, n=133, repeat=2, seed=1000042, p=1, iterations=50, retry=0, cache=Results/warm_start_cache/triangleFree_connected_4to8vertices_176instances_AdjacencyList__filehash_279b7452/hog_idx000133_97f62854e778_seed1000042_L1_M1_standard.npz
Launched SDP PID=1418206, key=n133_rep2_seed1000042
Launching SDP producer key=n133_rep3_seed2000042, n=133, repeat=3, seed=2000042, p=1, iterations=50, retry=0, cache=Results/warm_start_cache/triangleFree_connected_4to8vertices_176instances_AdjacencyList__filehash_279b7452/hog_idx000133_97f62854e778_seed2000042_L1_M1_standard.npz
Launched SDP PID=1418772, key=n133_rep3_seed2000042
Launching SDP producer key=n133_rep4_seed3000042, n=133, repeat=4, seed=3000042, p=1, iterations=50, retry=0, cache=Results/warm_start_cache/triangleFree_connected_4to8vertices_176instances_AdjacencyList__filehash_279b7452/hog_idx000133_97f62854e778_seed3000042_L1_M1_standard.npz
Launched SDP PID=1419565, key=n133_rep4_seed3000042
Loop status: pending_sdp=426, running_sdp=5, pending_qaoa=0, running_qaoa=0, total_sdp_rss_mb=20, cache_size_mb=10
SDP producer failed for key=n132_rep10_seed9000042, exit_code=42
SDP producer failed for key=n133_rep1_seed42, exit_code=42
SDP producer failed for key=n133_rep2_seed1000042, exit_code=42
SDP producer failed for key=n133_rep3_seed2000042, exit_code=42
SDP producer failed for key=n133_rep4_seed3000042, exit_code=42
Launching SDP producer key=n133_rep5_seed4000042, n=133, repeat=5, seed=4000042, p=1, iterations=50, retry=0, cache=Results/warm_start_cache/triangleFree_connected_4to8vertices_176instances_AdjacencyList__filehash_279b7452/hog_idx000133_97f62854e778_seed4000042_L1_M1_standard.npz
Launched SDP PID=1431754, key=n133_rep5_seed4000042
Launching SDP producer key=n133_rep6_seed5000042, n=133, repeat=6, seed=5000042, p=1, iterations=50, retry=0, cache=Results/warm_start_cache/triangleFree_connected_4to8vertices_176instances_AdjacencyList__filehash_279b7452/hog_idx000133_97f62854e778_seed5000042_L1_M1_standard.npz
Launched SDP PID=1432052, key=n133_rep6_seed5000042
Launching SDP producer key=n133_rep7_seed6000042, n=133, repeat=7, seed=6000042, p=1, iterations=50, retry=0, cache=Results/warm_start_cache/triangleFree_connected_4to8vertices_176instances_AdjacencyList__filehash_279b7452/hog_idx000133_97f62854e778_seed6000042_L1_M1_standard.npz
Launched SDP PID=1432480, key=n133_rep7_seed6000042
Launching SDP producer key=n133_rep8_seed7000042, n=133, repeat=8, seed=7000042, p=1, iterations=50, retry=0, cache=Results/warm_start_cache/triangleFree_connected_4to8vertices_176instances_AdjacencyList__filehash_279b7452/hog_idx000133_97f62854e778_seed7000042_L1_M1_standard.npz
Launched SDP PID=1433090, key=n133_rep8_seed7000042
Launching SDP producer key=n133_rep9_seed8000042, n=133, repeat=9, seed=8000042, p=1, iterations=50, retry=0, cache=Results/warm_start_cache/triangleFree_connected_4to8vertices_176instances_AdjacencyList__filehash_279b7452/hog_idx000133_97f62854e778_seed8000042_L1_M1_standard.npz
Launched SDP PID=1433872, key=n133_rep9_seed8000042
Loop status: pending_sdp=421, running_sdp=5, pending_qaoa=0, running_qaoa=0, total_sdp_rss_mb=20, cache_size_mb=10
SDP producer failed for key=n133_rep5_seed4000042, exit_code=42
SDP producer failed for key=n133_rep6_seed5000042, exit_code=42
SDP producer failed for key=n133_rep7_seed6000042, exit_code=42
SDP producer failed for key=n133_rep8_seed7000042, exit_code=42
SDP producer failed for key=n133_rep9_seed8000042, exit_code=42
Launching SDP producer key=n133_rep10_seed9000042, n=133, repeat=10, seed=9000042, p=1, iterations=50, retry=0, cache=Results/warm_start_cache/triangleFree_connected_4to8vertices_176instances_AdjacencyList__filehash_279b7452/hog_idx000133_97f62854e778_seed9000042_L1_M1_standard.npz
Launched SDP PID=1444592, key=n133_rep10_seed9000042
Launching SDP producer key=n134_rep1_seed42, n=134, repeat=1, seed=42, p=1, iterations=50, retry=0, cache=Results/warm_start_cache/triangleFree_connected_4to8vertices_176instances_AdjacencyList__filehash_279b7452/hog_idx000134_2951e4cff6bc_seed42_L1_M1_standard.npz
Launched SDP PID=1444772, key=n134_rep1_seed42
Launching SDP producer key=n134_rep2_seed1000042, n=134, repeat=2, seed=1000042, p=1, iterations=50, retry=0, cache=Results/warm_start_cache/triangleFree_connected_4to8vertices_176instances_AdjacencyList__filehash_279b7452/hog_idx000134_2951e4cff6bc_seed1000042_L1_M1_standard.npz
Launched SDP PID=1445128, key=n134_rep2_seed1000042
Launching SDP producer key=n134_rep3_seed2000042, n=134, repeat=3, seed=2000042, p=1, iterations=50, retry=0, cache=Results/warm_start_cache/triangleFree_connected_4to8vertices_176instances_AdjacencyList__filehash_279b7452/hog_idx000134_2951e4cff6bc_seed2000042_L1_M1_standard.npz
Launched SDP PID=1445760, key=n134_rep3_seed2000042
Launching SDP producer key=n134_rep4_seed3000042, n=134, repeat=4, seed=3000042, p=1, iterations=50, retry=0, cache=Results/warm_start_cache/triangleFree_connected_4to8vertices_176instances_AdjacencyList__filehash_279b7452/hog_idx000134_2951e4cff6bc_seed3000042_L1_M1_standard.npz
Launched SDP PID=1446516, key=n134_rep4_seed3000042
Loop status: pending_sdp=416, running_sdp=5, pending_qaoa=0, running_qaoa=0, total_sdp_rss_mb=20, cache_size_mb=10
SDP producer failed for key=n133_rep10_seed9000042, exit_code=42
SDP producer failed for key=n134_rep1_seed42, exit_code=42
SDP producer failed for key=n134_rep2_seed1000042, exit_code=42
SDP producer failed for key=n134_rep3_seed2000042, exit_code=42
SDP producer failed for key=n134_rep4_seed3000042, exit_code=42
Launching SDP producer key=n134_rep5_seed4000042, n=134, repeat=5, seed=4000042, p=1, iterations=50, retry=0, cache=Results/warm_start_cache/triangleFree_connected_4to8vertices_176instances_AdjacencyList__filehash_279b7452/hog_idx000134_2951e4cff6bc_seed4000042_L1_M1_standard.npz
Launched SDP PID=1457639, key=n134_rep5_seed4000042
Launching SDP producer key=n134_rep6_seed5000042, n=134, repeat=6, seed=5000042, p=1, iterations=50, retry=0, cache=Results/warm_start_cache/triangleFree_connected_4to8vertices_176instances_AdjacencyList__filehash_279b7452/hog_idx000134_2951e4cff6bc_seed5000042_L1_M1_standard.npz
Launched SDP PID=1457839, key=n134_rep6_seed5000042
Launching SDP producer key=n134_rep7_seed6000042, n=134, repeat=7, seed=6000042, p=1, iterations=50, retry=0, cache=Results/warm_start_cache/triangleFree_connected_4to8vertices_176instances_AdjacencyList__filehash_279b7452/hog_idx000134_2951e4cff6bc_seed6000042_L1_M1_standard.npz
Launched SDP PID=1458217, key=n134_rep7_seed6000042
Launching SDP producer key=n134_rep8_seed7000042, n=134, repeat=8, seed=7000042, p=1, iterations=50, retry=0, cache=Results/warm_start_cache/triangleFree_connected_4to8vertices_176instances_AdjacencyList__filehash_279b7452/hog_idx000134_2951e4cff6bc_seed7000042_L1_M1_standard.npz
Launched SDP PID=1458800, key=n134_rep8_seed7000042
Launching SDP producer key=n134_rep9_seed8000042, n=134, repeat=9, seed=8000042, p=1, iterations=50, retry=0, cache=Results/warm_start_cache/triangleFree_connected_4to8vertices_176instances_AdjacencyList__filehash_279b7452/hog_idx000134_2951e4cff6bc_seed8000042_L1_M1_standard.npz
Launched SDP PID=1459636, key=n134_rep9_seed8000042
Loop status: pending_sdp=411, running_sdp=5, pending_qaoa=0, running_qaoa=0, total_sdp_rss_mb=20, cache_size_mb=10
SDP producer failed for key=n134_rep5_seed4000042, exit_code=42
SDP producer failed for key=n134_rep6_seed5000042, exit_code=42
SDP producer failed for key=n134_rep7_seed6000042, exit_code=42
SDP producer failed for key=n134_rep8_seed7000042, exit_code=42
SDP producer failed for key=n134_rep9_seed8000042, exit_code=42
Launching SDP producer key=n134_rep10_seed9000042, n=134, repeat=10, seed=9000042, p=1, iterations=50, retry=0, cache=Results/warm_start_cache/triangleFree_connected_4to8vertices_176instances_AdjacencyList__filehash_279b7452/hog_idx000134_2951e4cff6bc_seed9000042_L1_M1_standard.npz
Launched SDP PID=1468748, key=n134_rep10_seed9000042
Launching SDP producer key=n135_rep1_seed42, n=135, repeat=1, seed=42, p=1, iterations=50, retry=0, cache=Results/warm_start_cache/triangleFree_connected_4to8vertices_176instances_AdjacencyList__filehash_279b7452/hog_idx000135_c49357979722_seed42_L1_M1_standard.npz
Launched SDP PID=1468893, key=n135_rep1_seed42
Launching SDP producer key=n135_rep2_seed1000042, n=135, repeat=2, seed=1000042, p=1, iterations=50, retry=0, cache=Results/warm_start_cache/triangleFree_connected_4to8vertices_176instances_AdjacencyList__filehash_279b7452/hog_idx000135_c49357979722_seed1000042_L1_M1_standard.npz
Launched SDP PID=1469180, key=n135_rep2_seed1000042
Launching SDP producer key=n135_rep3_seed2000042, n=135, repeat=3, seed=2000042, p=1, iterations=50, retry=0, cache=Results/warm_start_cache/triangleFree_connected_4to8vertices_176instances_AdjacencyList__filehash_279b7452/hog_idx000135_c49357979722_seed2000042_L1_M1_standard.npz
Launched SDP PID=1469624, key=n135_rep3_seed2000042
Launching SDP producer key=n135_rep4_seed3000042, n=135, repeat=4, seed=3000042, p=1, iterations=50, retry=0, cache=Results/warm_start_cache/triangleFree_connected_4to8vertices_176instances_AdjacencyList__filehash_279b7452/hog_idx000135_c49357979722_seed3000042_L1_M1_standard.npz
Launched SDP PID=1470240, key=n135_rep4_seed3000042
Loop status: pending_sdp=406, running_sdp=5, pending_qaoa=0, running_qaoa=0, total_sdp_rss_mb=20, cache_size_mb=10
SDP producer failed for key=n134_rep10_seed9000042, exit_code=42
SDP producer failed for key=n135_rep1_seed42, exit_code=42
SDP producer failed for key=n135_rep2_seed1000042, exit_code=42
SDP producer failed for key=n135_rep3_seed2000042, exit_code=42
SDP producer failed for key=n135_rep4_seed3000042, exit_code=42
Launching SDP producer key=n135_rep5_seed4000042, n=135, repeat=5, seed=4000042, p=1, iterations=50, retry=0, cache=Results/warm_start_cache/triangleFree_connected_4to8vertices_176instances_AdjacencyList__filehash_279b7452/hog_idx000135_c49357979722_seed4000042_L1_M1_standard.npz
Launched SDP PID=1480459, key=n135_rep5_seed4000042
Launching SDP producer key=n135_rep6_seed5000042, n=135, repeat=6, seed=5000042, p=1, iterations=50, retry=0, cache=Results/warm_start_cache/triangleFree_connected_4to8vertices_176instances_AdjacencyList__filehash_279b7452/hog_idx000135_c49357979722_seed5000042_L1_M1_standard.npz
Launched SDP PID=1480597, key=n135_rep6_seed5000042
Launching SDP producer key=n135_rep7_seed6000042, n=135, repeat=7, seed=6000042, p=1, iterations=50, retry=0, cache=Results/warm_start_cache/triangleFree_connected_4to8vertices_176instances_AdjacencyList__filehash_279b7452/hog_idx000135_c49357979722_seed6000042_L1_M1_standard.npz
Launched SDP PID=1480895, key=n135_rep7_seed6000042
Launching SDP producer key=n135_rep8_seed7000042, n=135, repeat=8, seed=7000042, p=1, iterations=50, retry=0, cache=Results/warm_start_cache/triangleFree_connected_4to8vertices_176instances_AdjacencyList__filehash_279b7452/hog_idx000135_c49357979722_seed7000042_L1_M1_standard.npz
Launched SDP PID=1481373, key=n135_rep8_seed7000042
Launching SDP producer key=n135_rep9_seed8000042, n=135, repeat=9, seed=8000042, p=1, iterations=50, retry=0, cache=Results/warm_start_cache/triangleFree_connected_4to8vertices_176instances_AdjacencyList__filehash_279b7452/hog_idx000135_c49357979722_seed8000042_L1_M1_standard.npz
Launched SDP PID=1481980, key=n135_rep9_seed8000042
Loop status: pending_sdp=401, running_sdp=5, pending_qaoa=0, running_qaoa=0, total_sdp_rss_mb=20, cache_size_mb=10
SDP producer failed for key=n135_rep5_seed4000042, exit_code=42
SDP producer failed for key=n135_rep6_seed5000042, exit_code=42
SDP producer failed for key=n135_rep7_seed6000042, exit_code=42
SDP producer failed for key=n135_rep8_seed7000042, exit_code=42
SDP producer failed for key=n135_rep9_seed8000042, exit_code=42
Launching SDP producer key=n135_rep10_seed9000042, n=135, repeat=10, seed=9000042, p=1, iterations=50, retry=0, cache=Results/warm_start_cache/triangleFree_connected_4to8vertices_176instances_AdjacencyList__filehash_279b7452/hog_idx000135_c49357979722_seed9000042_L1_M1_standard.npz
Launched SDP PID=1490376, key=n135_rep10_seed9000042
Launching SDP producer key=n136_rep1_seed42, n=136, repeat=1, seed=42, p=1, iterations=50, retry=0, cache=Results/warm_start_cache/triangleFree_connected_4to8vertices_176instances_AdjacencyList__filehash_279b7452/hog_idx000136_072b925b7436_seed42_L1_M1_standard.npz
Launched SDP PID=1490522, key=n136_rep1_seed42
Launching SDP producer key=n136_rep2_seed1000042, n=136, repeat=2, seed=1000042, p=1, iterations=50, retry=0, cache=Results/warm_start_cache/triangleFree_connected_4to8vertices_176instances_AdjacencyList__filehash_279b7452/hog_idx000136_072b925b7436_seed1000042_L1_M1_standard.npz
Launched SDP PID=1490803, key=n136_rep2_seed1000042
Launching SDP producer key=n136_rep3_seed2000042, n=136, repeat=3, seed=2000042, p=1, iterations=50, retry=0, cache=Results/warm_start_cache/triangleFree_connected_4to8vertices_176instances_AdjacencyList__filehash_279b7452/hog_idx000136_072b925b7436_seed2000042_L1_M1_standard.npz
Launched SDP PID=1491155, key=n136_rep3_seed2000042
Launching SDP producer key=n136_rep4_seed3000042, n=136, repeat=4, seed=3000042, p=1, iterations=50, retry=0, cache=Results/warm_start_cache/triangleFree_connected_4to8vertices_176instances_AdjacencyList__filehash_279b7452/hog_idx000136_072b925b7436_seed3000042_L1_M1_standard.npz
Launched SDP PID=1491765, key=n136_rep4_seed3000042
Loop status: pending_sdp=396, running_sdp=5, pending_qaoa=0, running_qaoa=0, total_sdp_rss_mb=20, cache_size_mb=10
SDP producer failed for key=n135_rep10_seed9000042, exit_code=42
SDP producer failed for key=n136_rep1_seed42, exit_code=42
SDP producer failed for key=n136_rep2_seed1000042, exit_code=42
SDP producer failed for key=n136_rep3_seed2000042, exit_code=42
SDP producer failed for key=n136_rep4_seed3000042, exit_code=42
Launching SDP producer key=n136_rep5_seed4000042, n=136, repeat=5, seed=4000042, p=1, iterations=50, retry=0, cache=Results/warm_start_cache/triangleFree_connected_4to8vertices_176instances_AdjacencyList__filehash_279b7452/hog_idx000136_072b925b7436_seed4000042_L1_M1_standard.npz
Launched SDP PID=1498177, key=n136_rep5_seed4000042
Launching SDP producer key=n136_rep6_seed5000042, n=136, repeat=6, seed=5000042, p=1, iterations=50, retry=0, cache=Results/warm_start_cache/triangleFree_connected_4to8vertices_176instances_AdjacencyList__filehash_279b7452/hog_idx000136_072b925b7436_seed5000042_L1_M1_standard.npz
Launched SDP PID=1498283, key=n136_rep6_seed5000042
Launching SDP producer key=n136_rep7_seed6000042, n=136, repeat=7, seed=6000042, p=1, iterations=50, retry=0, cache=Results/warm_start_cache/triangleFree_connected_4to8vertices_176instances_AdjacencyList__filehash_279b7452/hog_idx000136_072b925b7436_seed6000042_L1_M1_standard.npz
Launched SDP PID=1498492, key=n136_rep7_seed6000042
Launching SDP producer key=n136_rep8_seed7000042, n=136, repeat=8, seed=7000042, p=1, iterations=50, retry=0, cache=Results/warm_start_cache/triangleFree_connected_4to8vertices_176instances_AdjacencyList__filehash_279b7452/hog_idx000136_072b925b7436_seed7000042_L1_M1_standard.npz
Launched SDP PID=1498797, key=n136_rep8_seed7000042
Launching SDP producer key=n136_rep9_seed8000042, n=136, repeat=9, seed=8000042, p=1, iterations=50, retry=0, cache=Results/warm_start_cache/triangleFree_connected_4to8vertices_176instances_AdjacencyList__filehash_279b7452/hog_idx000136_072b925b7436_seed8000042_L1_M1_standard.npz
Launched SDP PID=1499171, key=n136_rep9_seed8000042
Loop status: pending_sdp=391, running_sdp=5, pending_qaoa=0, running_qaoa=0, total_sdp_rss_mb=20, cache_size_mb=10
SDP producer failed for key=n136_rep5_seed4000042, exit_code=42
SDP producer failed for key=n136_rep6_seed5000042, exit_code=42
SDP producer failed for key=n136_rep7_seed6000042, exit_code=42
SDP producer failed for key=n136_rep8_seed7000042, exit_code=42
SDP producer failed for key=n136_rep9_seed8000042, exit_code=42
Launching SDP producer key=n136_rep10_seed9000042, n=136, repeat=10, seed=9000042, p=1, iterations=50, retry=0, cache=Results/warm_start_cache/triangleFree_connected_4to8vertices_176instances_AdjacencyList__filehash_279b7452/hog_idx000136_072b925b7436_seed9000042_L1_M1_standard.npz
Launched SDP PID=1504554, key=n136_rep10_seed9000042
Launching SDP producer key=n137_rep1_seed42, n=137, repeat=1, seed=42, p=1, iterations=50, retry=0, cache=Results/warm_start_cache/triangleFree_connected_4to8vertices_176instances_AdjacencyList__filehash_279b7452/hog_idx000137_24473408a87c_seed42_L1_M1_standard.npz
Launched SDP PID=1504644, key=n137_rep1_seed42
Launching SDP producer key=n137_rep2_seed1000042, n=137, repeat=2, seed=1000042, p=1, iterations=50, retry=0, cache=Results/warm_start_cache/triangleFree_connected_4to8vertices_176instances_AdjacencyList__filehash_279b7452/hog_idx000137_24473408a87c_seed1000042_L1_M1_standard.npz
Launched SDP PID=1504844, key=n137_rep2_seed1000042
Launching SDP producer key=n137_rep3_seed2000042, n=137, repeat=3, seed=2000042, p=1, iterations=50, retry=0, cache=Results/warm_start_cache/triangleFree_connected_4to8vertices_176instances_AdjacencyList__filehash_279b7452/hog_idx000137_24473408a87c_seed2000042_L1_M1_standard.npz
Launched SDP PID=1505098, key=n137_rep3_seed2000042
Launching SDP producer key=n137_rep4_seed3000042, n=137, repeat=4, seed=3000042, p=1, iterations=50, retry=0, cache=Results/warm_start_cache/triangleFree_connected_4to8vertices_176instances_AdjacencyList__filehash_279b7452/hog_idx000137_24473408a87c_seed3000042_L1_M1_standard.npz
Launched SDP PID=1505428, key=n137_rep4_seed3000042
Loop status: pending_sdp=386, running_sdp=5, pending_qaoa=0, running_qaoa=0, total_sdp_rss_mb=20, cache_size_mb=10
SDP producer failed for key=n136_rep10_seed9000042, exit_code=42
SDP producer failed for key=n137_rep1_seed42, exit_code=42
SDP producer failed for key=n137_rep2_seed1000042, exit_code=42
SDP producer failed for key=n137_rep3_seed2000042, exit_code=42
SDP producer failed for key=n137_rep4_seed3000042, exit_code=42
Launching SDP producer key=n137_rep5_seed4000042, n=137, repeat=5, seed=4000042, p=1, iterations=50, retry=0, cache=Results/warm_start_cache/triangleFree_connected_4to8vertices_176instances_AdjacencyList__filehash_279b7452/hog_idx000137_24473408a87c_seed4000042_L1_M1_standard.npz
Launched SDP PID=1510583, key=n137_rep5_seed4000042
Launching SDP producer key=n137_rep6_seed5000042, n=137, repeat=6, seed=5000042, p=1, iterations=50, retry=0, cache=Results/warm_start_cache/triangleFree_connected_4to8vertices_176instances_AdjacencyList__filehash_279b7452/hog_idx000137_24473408a87c_seed5000042_L1_M1_standard.npz
Launched SDP PID=1510728, key=n137_rep6_seed5000042
Launching SDP producer key=n137_rep7_seed6000042, n=137, repeat=7, seed=6000042, p=1, iterations=50, retry=0, cache=Results/warm_start_cache/triangleFree_connected_4to8vertices_176instances_AdjacencyList__filehash_279b7452/hog_idx000137_24473408a87c_seed6000042_L1_M1_standard.npz
Launched SDP PID=1510950, key=n137_rep7_seed6000042
Launching SDP producer key=n137_rep8_seed7000042, n=137, repeat=8, seed=7000042, p=1, iterations=50, retry=0, cache=Results/warm_start_cache/triangleFree_connected_4to8vertices_176instances_AdjacencyList__filehash_279b7452/hog_idx000137_24473408a87c_seed7000042_L1_M1_standard.npz
Launched SDP PID=1511259, key=n137_rep8_seed7000042
Launching SDP producer key=n137_rep9_seed8000042, n=137, repeat=9, seed=8000042, p=1, iterations=50, retry=0, cache=Results/warm_start_cache/triangleFree_connected_4to8vertices_176instances_AdjacencyList__filehash_279b7452/hog_idx000137_24473408a87c_seed8000042_L1_M1_standard.npz
Launched SDP PID=1511681, key=n137_rep9_seed8000042
Loop status: pending_sdp=381, running_sdp=5, pending_qaoa=0, running_qaoa=0, total_sdp_rss_mb=20, cache_size_mb=11
SDP producer failed for key=n137_rep5_seed4000042, exit_code=42
SDP producer failed for key=n137_rep6_seed5000042, exit_code=42
SDP producer failed for key=n137_rep7_seed6000042, exit_code=42
SDP producer failed for key=n137_rep8_seed7000042, exit_code=42
SDP producer failed for key=n137_rep9_seed8000042, exit_code=42
Launching SDP producer key=n137_rep10_seed9000042, n=137, repeat=10, seed=9000042, p=1, iterations=50, retry=0, cache=Results/warm_start_cache/triangleFree_connected_4to8vertices_176instances_AdjacencyList__filehash_279b7452/hog_idx000137_24473408a87c_seed9000042_L1_M1_standard.npz
Launched SDP PID=1518409, key=n137_rep10_seed9000042
Launching SDP producer key=n138_rep1_seed42, n=138, repeat=1, seed=42, p=1, iterations=50, retry=0, cache=Results/warm_start_cache/triangleFree_connected_4to8vertices_176instances_AdjacencyList__filehash_279b7452/hog_idx000138_5d3b4e643de0_seed42_L1_M1_standard.npz
Launched SDP PID=1518554, key=n138_rep1_seed42
Launching SDP producer key=n138_rep2_seed1000042, n=138, repeat=2, seed=1000042, p=1, iterations=50, retry=0, cache=Results/warm_start_cache/triangleFree_connected_4to8vertices_176instances_AdjacencyList__filehash_279b7452/hog_idx000138_5d3b4e643de0_seed1000042_L1_M1_standard.npz
Launched SDP PID=1518785, key=n138_rep2_seed1000042
Launching SDP producer key=n138_rep3_seed2000042, n=138, repeat=3, seed=2000042, p=1, iterations=50, retry=0, cache=Results/warm_start_cache/triangleFree_connected_4to8vertices_176instances_AdjacencyList__filehash_279b7452/hog_idx000138_5d3b4e643de0_seed2000042_L1_M1_standard.npz
Launched SDP PID=1519158, key=n138_rep3_seed2000042
Launching SDP producer key=n138_rep4_seed3000042, n=138, repeat=4, seed=3000042, p=1, iterations=50, retry=0, cache=Results/warm_start_cache/triangleFree_connected_4to8vertices_176instances_AdjacencyList__filehash_279b7452/hog_idx000138_5d3b4e643de0_seed3000042_L1_M1_standard.npz
Launched SDP PID=1519619, key=n138_rep4_seed3000042
Loop status: pending_sdp=376, running_sdp=5, pending_qaoa=0, running_qaoa=0, total_sdp_rss_mb=20, cache_size_mb=11
SDP producer failed for key=n137_rep10_seed9000042, exit_code=42
SDP producer failed for key=n138_rep1_seed42, exit_code=42
SDP producer failed for key=n138_rep2_seed1000042, exit_code=42
SDP producer failed for key=n138_rep3_seed2000042, exit_code=42
SDP producer failed for key=n138_rep4_seed3000042, exit_code=42
Launching SDP producer key=n138_rep5_seed4000042, n=138, repeat=5, seed=4000042, p=1, iterations=50, retry=0, cache=Results/warm_start_cache/triangleFree_connected_4to8vertices_176instances_AdjacencyList__filehash_279b7452/hog_idx000138_5d3b4e643de0_seed4000042_L1_M1_standard.npz
Launched SDP PID=1526135, key=n138_rep5_seed4000042
Launching SDP producer key=n138_rep6_seed5000042, n=138, repeat=6, seed=5000042, p=1, iterations=50, retry=0, cache=Results/warm_start_cache/triangleFree_connected_4to8vertices_176instances_AdjacencyList__filehash_279b7452/hog_idx000138_5d3b4e643de0_seed5000042_L1_M1_standard.npz
Launched SDP PID=1526254, key=n138_rep6_seed5000042
Launching SDP producer key=n138_rep7_seed6000042, n=138, repeat=7, seed=6000042, p=1, iterations=50, retry=0, cache=Results/warm_start_cache/triangleFree_connected_4to8vertices_176instances_AdjacencyList__filehash_279b7452/hog_idx000138_5d3b4e643de0_seed6000042_L1_M1_standard.npz
Launched SDP PID=1526501, key=n138_rep7_seed6000042
Launching SDP producer key=n138_rep8_seed7000042, n=138, repeat=8, seed=7000042, p=1, iterations=50, retry=0, cache=Results/warm_start_cache/triangleFree_connected_4to8vertices_176instances_AdjacencyList__filehash_279b7452/hog_idx000138_5d3b4e643de0_seed7000042_L1_M1_standard.npz
Launched SDP PID=1526845, key=n138_rep8_seed7000042
Launching SDP producer key=n138_rep9_seed8000042, n=138, repeat=9, seed=8000042, p=1, iterations=50, retry=0, cache=Results/warm_start_cache/triangleFree_connected_4to8vertices_176instances_AdjacencyList__filehash_279b7452/hog_idx000138_5d3b4e643de0_seed8000042_L1_M1_standard.npz
Launched SDP PID=1527315, key=n138_rep9_seed8000042
Loop status: pending_sdp=371, running_sdp=5, pending_qaoa=0, running_qaoa=0, total_sdp_rss_mb=20, cache_size_mb=11
SDP producer failed for key=n138_rep5_seed4000042, exit_code=42
SDP producer failed for key=n138_rep6_seed5000042, exit_code=42
SDP producer failed for key=n138_rep7_seed6000042, exit_code=42
SDP producer failed for key=n138_rep8_seed7000042, exit_code=42
SDP producer failed for key=n138_rep9_seed8000042, exit_code=42
Launching SDP producer key=n138_rep10_seed9000042, n=138, repeat=10, seed=9000042, p=1, iterations=50, retry=0, cache=Results/warm_start_cache/triangleFree_connected_4to8vertices_176instances_AdjacencyList__filehash_279b7452/hog_idx000138_5d3b4e643de0_seed9000042_L1_M1_standard.npz
Launched SDP PID=1533493, key=n138_rep10_seed9000042
Launching SDP producer key=n139_rep1_seed42, n=139, repeat=1, seed=42, p=1, iterations=50, retry=0, cache=Results/warm_start_cache/triangleFree_connected_4to8vertices_176instances_AdjacencyList__filehash_279b7452/hog_idx000139_c95b4cbfe4c1_seed42_L1_M1_standard.npz
Launched SDP PID=1533645, key=n139_rep1_seed42
Launching SDP producer key=n139_rep2_seed1000042, n=139, repeat=2, seed=1000042, p=1, iterations=50, retry=0, cache=Results/warm_start_cache/triangleFree_connected_4to8vertices_176instances_AdjacencyList__filehash_279b7452/hog_idx000139_c95b4cbfe4c1_seed1000042_L1_M1_standard.npz
Launched SDP PID=1533915, key=n139_rep2_seed1000042
Launching SDP producer key=n139_rep3_seed2000042, n=139, repeat=3, seed=2000042, p=1, iterations=50, retry=0, cache=Results/warm_start_cache/triangleFree_connected_4to8vertices_176instances_AdjacencyList__filehash_279b7452/hog_idx000139_c95b4cbfe4c1_seed2000042_L1_M1_standard.npz
Launched SDP PID=1534317, key=n139_rep3_seed2000042
Launching SDP producer key=n139_rep4_seed3000042, n=139, repeat=4, seed=3000042, p=1, iterations=50, retry=0, cache=Results/warm_start_cache/triangleFree_connected_4to8vertices_176instances_AdjacencyList__filehash_279b7452/hog_idx000139_c95b4cbfe4c1_seed3000042_L1_M1_standard.npz
Launched SDP PID=1534876, key=n139_rep4_seed3000042
Loop status: pending_sdp=366, running_sdp=5, pending_qaoa=0, running_qaoa=0, total_sdp_rss_mb=20, cache_size_mb=11
SDP producer failed for key=n138_rep10_seed9000042, exit_code=42
SDP producer failed for key=n139_rep1_seed42, exit_code=42
SDP producer failed for key=n139_rep2_seed1000042, exit_code=42
SDP producer failed for key=n139_rep3_seed2000042, exit_code=42
SDP producer failed for key=n139_rep4_seed3000042, exit_code=42
Launching SDP producer key=n139_rep5_seed4000042, n=139, repeat=5, seed=4000042, p=1, iterations=50, retry=0, cache=Results/warm_start_cache/triangleFree_connected_4to8vertices_176instances_AdjacencyList__filehash_279b7452/hog_idx000139_c95b4cbfe4c1_seed4000042_L1_M1_standard.npz
Launched SDP PID=1545085, key=n139_rep5_seed4000042
Launching SDP producer key=n139_rep6_seed5000042, n=139, repeat=6, seed=5000042, p=1, iterations=50, retry=0, cache=Results/warm_start_cache/triangleFree_connected_4to8vertices_176instances_AdjacencyList__filehash_279b7452/hog_idx000139_c95b4cbfe4c1_seed5000042_L1_M1_standard.npz
Launched SDP PID=1545271, key=n139_rep6_seed5000042
Launching SDP producer key=n139_rep7_seed6000042, n=139, repeat=7, seed=6000042, p=1, iterations=50, retry=0, cache=Results/warm_start_cache/triangleFree_connected_4to8vertices_176instances_AdjacencyList__filehash_279b7452/hog_idx000139_c95b4cbfe4c1_seed6000042_L1_M1_standard.npz
Launched SDP PID=1545741, key=n139_rep7_seed6000042
Launching SDP producer key=n139_rep8_seed7000042, n=139, repeat=8, seed=7000042, p=1, iterations=50, retry=0, cache=Results/warm_start_cache/triangleFree_connected_4to8vertices_176instances_AdjacencyList__filehash_279b7452/hog_idx000139_c95b4cbfe4c1_seed7000042_L1_M1_standard.npz
Launched SDP PID=1546281, key=n139_rep8_seed7000042
Launching SDP producer key=n139_rep9_seed8000042, n=139, repeat=9, seed=8000042, p=1, iterations=50, retry=0, cache=Results/warm_start_cache/triangleFree_connected_4to8vertices_176instances_AdjacencyList__filehash_279b7452/hog_idx000139_c95b4cbfe4c1_seed8000042_L1_M1_standard.npz
Launched SDP PID=1547042, key=n139_rep9_seed8000042
Loop status: pending_sdp=361, running_sdp=5, pending_qaoa=0, running_qaoa=0, total_sdp_rss_mb=20, cache_size_mb=11
SDP producer failed for key=n139_rep5_seed4000042, exit_code=42
SDP producer failed for key=n139_rep6_seed5000042, exit_code=42
SDP producer failed for key=n139_rep7_seed6000042, exit_code=42
SDP producer failed for key=n139_rep8_seed7000042, exit_code=42
SDP producer failed for key=n139_rep9_seed8000042, exit_code=42
Launching SDP producer key=n139_rep10_seed9000042, n=139, repeat=10, seed=9000042, p=1, iterations=50, retry=0, cache=Results/warm_start_cache/triangleFree_connected_4to8vertices_176instances_AdjacencyList__filehash_279b7452/hog_idx000139_c95b4cbfe4c1_seed9000042_L1_M1_standard.npz
Launched SDP PID=1559075, key=n139_rep10_seed9000042
Launching SDP producer key=n140_rep1_seed42, n=140, repeat=1, seed=42, p=1, iterations=50, retry=0, cache=Results/warm_start_cache/triangleFree_connected_4to8vertices_176instances_AdjacencyList__filehash_279b7452/hog_idx000140_8f4b0e0f52c2_seed42_L1_M1_standard.npz
Launched SDP PID=1559277, key=n140_rep1_seed42
Launching SDP producer key=n140_rep2_seed1000042, n=140, repeat=2, seed=1000042, p=1, iterations=50, retry=0, cache=Results/warm_start_cache/triangleFree_connected_4to8vertices_176instances_AdjacencyList__filehash_279b7452/hog_idx000140_8f4b0e0f52c2_seed1000042_L1_M1_standard.npz
Launched SDP PID=1559669, key=n140_rep2_seed1000042
Launching SDP producer key=n140_rep3_seed2000042, n=140, repeat=3, seed=2000042, p=1, iterations=50, retry=0, cache=Results/warm_start_cache/triangleFree_connected_4to8vertices_176instances_AdjacencyList__filehash_279b7452/hog_idx000140_8f4b0e0f52c2_seed2000042_L1_M1_standard.npz
Launched SDP PID=1560243, key=n140_rep3_seed2000042
Launching SDP producer key=n140_rep4_seed3000042, n=140, repeat=4, seed=3000042, p=1, iterations=50, retry=0, cache=Results/warm_start_cache/triangleFree_connected_4to8vertices_176instances_AdjacencyList__filehash_279b7452/hog_idx000140_8f4b0e0f52c2_seed3000042_L1_M1_standard.npz
Launched SDP PID=1560972, key=n140_rep4_seed3000042
Loop status: pending_sdp=356, running_sdp=5, pending_qaoa=0, running_qaoa=0, total_sdp_rss_mb=20, cache_size_mb=11
SDP producer failed for key=n139_rep10_seed9000042, exit_code=42
SDP producer failed for key=n140_rep1_seed42, exit_code=42
SDP producer failed for key=n140_rep2_seed1000042, exit_code=42
SDP producer failed for key=n140_rep3_seed2000042, exit_code=42
SDP producer failed for key=n140_rep4_seed3000042, exit_code=42
Launching SDP producer key=n140_rep5_seed4000042, n=140, repeat=5, seed=4000042, p=1, iterations=50, retry=0, cache=Results/warm_start_cache/triangleFree_connected_4to8vertices_176instances_AdjacencyList__filehash_279b7452/hog_idx000140_8f4b0e0f52c2_seed4000042_L1_M1_standard.npz
Launched SDP PID=1573293, key=n140_rep5_seed4000042
Launching SDP producer key=n140_rep6_seed5000042, n=140, repeat=6, seed=5000042, p=1, iterations=50, retry=0, cache=Results/warm_start_cache/triangleFree_connected_4to8vertices_176instances_AdjacencyList__filehash_279b7452/hog_idx000140_8f4b0e0f52c2_seed5000042_L1_M1_standard.npz
Launched SDP PID=1573511, key=n140_rep6_seed5000042
Launching SDP producer key=n140_rep7_seed6000042, n=140, repeat=7, seed=6000042, p=1, iterations=50, retry=0, cache=Results/warm_start_cache/triangleFree_connected_4to8vertices_176instances_AdjacencyList__filehash_279b7452/hog_idx000140_8f4b0e0f52c2_seed6000042_L1_M1_standard.npz
Launched SDP PID=1573958, key=n140_rep7_seed6000042
Launching SDP producer key=n140_rep8_seed7000042, n=140, repeat=8, seed=7000042, p=1, iterations=50, retry=0, cache=Results/warm_start_cache/triangleFree_connected_4to8vertices_176instances_AdjacencyList__filehash_279b7452/hog_idx000140_8f4b0e0f52c2_seed7000042_L1_M1_standard.npz
Launched SDP PID=1574614, key=n140_rep8_seed7000042
Launching SDP producer key=n140_rep9_seed8000042, n=140, repeat=9, seed=8000042, p=1, iterations=50, retry=0, cache=Results/warm_start_cache/triangleFree_connected_4to8vertices_176instances_AdjacencyList__filehash_279b7452/hog_idx000140_8f4b0e0f52c2_seed8000042_L1_M1_standard.npz
Launched SDP PID=1575437, key=n140_rep9_seed8000042
Loop status: pending_sdp=351, running_sdp=5, pending_qaoa=0, running_qaoa=0, total_sdp_rss_mb=20, cache_size_mb=11
SDP producer failed for key=n140_rep5_seed4000042, exit_code=42
SDP producer failed for key=n140_rep6_seed5000042, exit_code=42
SDP producer failed for key=n140_rep7_seed6000042, exit_code=42
SDP producer failed for key=n140_rep8_seed7000042, exit_code=42
SDP producer failed for key=n140_rep9_seed8000042, exit_code=42
Launching SDP producer key=n140_rep10_seed9000042, n=140, repeat=10, seed=9000042, p=1, iterations=50, retry=0, cache=Results/warm_start_cache/triangleFree_connected_4to8vertices_176instances_AdjacencyList__filehash_279b7452/hog_idx000140_8f4b0e0f52c2_seed9000042_L1_M1_standard.npz
Launched SDP PID=1586959, key=n140_rep10_seed9000042
Launching SDP producer key=n141_rep1_seed42, n=141, repeat=1, seed=42, p=1, iterations=50, retry=0, cache=Results/warm_start_cache/triangleFree_connected_4to8vertices_176instances_AdjacencyList__filehash_279b7452/hog_idx000141_791f2222145a_seed42_L1_M1_standard.npz
Launched SDP PID=1587192, key=n141_rep1_seed42
Launching SDP producer key=n141_rep2_seed1000042, n=141, repeat=2, seed=1000042, p=1, iterations=50, retry=0, cache=Results/warm_start_cache/triangleFree_connected_4to8vertices_176instances_AdjacencyList__filehash_279b7452/hog_idx000141_791f2222145a_seed1000042_L1_M1_standard.npz
Launched SDP PID=1587560, key=n141_rep2_seed1000042
Launching SDP producer key=n141_rep3_seed2000042, n=141, repeat=3, seed=2000042, p=1, iterations=50, retry=0, cache=Results/warm_start_cache/triangleFree_connected_4to8vertices_176instances_AdjacencyList__filehash_279b7452/hog_idx000141_791f2222145a_seed2000042_L1_M1_standard.npz
Launched SDP PID=1588056, key=n141_rep3_seed2000042
Launching SDP producer key=n141_rep4_seed3000042, n=141, repeat=4, seed=3000042, p=1, iterations=50, retry=0, cache=Results/warm_start_cache/triangleFree_connected_4to8vertices_176instances_AdjacencyList__filehash_279b7452/hog_idx000141_791f2222145a_seed3000042_L1_M1_standard.npz
Launched SDP PID=1588802, key=n141_rep4_seed3000042
Loop status: pending_sdp=346, running_sdp=5, pending_qaoa=0, running_qaoa=0, total_sdp_rss_mb=20, cache_size_mb=11
SDP producer failed for key=n140_rep10_seed9000042, exit_code=42
SDP producer failed for key=n141_rep1_seed42, exit_code=42
SDP producer failed for key=n141_rep2_seed1000042, exit_code=42
SDP producer failed for key=n141_rep3_seed2000042, exit_code=42
SDP producer failed for key=n141_rep4_seed3000042, exit_code=42
Launching SDP producer key=n141_rep5_seed4000042, n=141, repeat=5, seed=4000042, p=1, iterations=50, retry=0, cache=Results/warm_start_cache/triangleFree_connected_4to8vertices_176instances_AdjacencyList__filehash_279b7452/hog_idx000141_791f2222145a_seed4000042_L1_M1_standard.npz
Launched SDP PID=1599288, key=n141_rep5_seed4000042
Launching SDP producer key=n141_rep6_seed5000042, n=141, repeat=6, seed=5000042, p=1, iterations=50, retry=0, cache=Results/warm_start_cache/triangleFree_connected_4to8vertices_176instances_AdjacencyList__filehash_279b7452/hog_idx000141_791f2222145a_seed5000042_L1_M1_standard.npz
Launched SDP PID=1599472, key=n141_rep6_seed5000042
Launching SDP producer key=n141_rep7_seed6000042, n=141, repeat=7, seed=6000042, p=1, iterations=50, retry=0, cache=Results/warm_start_cache/triangleFree_connected_4to8vertices_176instances_AdjacencyList__filehash_279b7452/hog_idx000141_791f2222145a_seed6000042_L1_M1_standard.npz
Launched SDP PID=1599733, key=n141_rep7_seed6000042
Launching SDP producer key=n141_rep8_seed7000042, n=141, repeat=8, seed=7000042, p=1, iterations=50, retry=0, cache=Results/warm_start_cache/triangleFree_connected_4to8vertices_176instances_AdjacencyList__filehash_279b7452/hog_idx000141_791f2222145a_seed7000042_L1_M1_standard.npz
Launched SDP PID=1600179, key=n141_rep8_seed7000042
Launching SDP producer key=n141_rep9_seed8000042, n=141, repeat=9, seed=8000042, p=1, iterations=50, retry=0, cache=Results/warm_start_cache/triangleFree_connected_4to8vertices_176instances_AdjacencyList__filehash_279b7452/hog_idx000141_791f2222145a_seed8000042_L1_M1_standard.npz
Launched SDP PID=1600786, key=n141_rep9_seed8000042
Loop status: pending_sdp=341, running_sdp=5, pending_qaoa=0, running_qaoa=0, total_sdp_rss_mb=20, cache_size_mb=11
SDP producer failed for key=n141_rep5_seed4000042, exit_code=42
SDP producer failed for key=n141_rep6_seed5000042, exit_code=42
SDP producer failed for key=n141_rep7_seed6000042, exit_code=42
SDP producer failed for key=n141_rep8_seed7000042, exit_code=42
SDP producer failed for key=n141_rep9_seed8000042, exit_code=42
Launching SDP producer key=n141_rep10_seed9000042, n=141, repeat=10, seed=9000042, p=1, iterations=50, retry=0, cache=Results/warm_start_cache/triangleFree_connected_4to8vertices_176instances_AdjacencyList__filehash_279b7452/hog_idx000141_791f2222145a_seed9000042_L1_M1_standard.npz
Launched SDP PID=1610889, key=n141_rep10_seed9000042
Launching SDP producer key=n142_rep1_seed42, n=142, repeat=1, seed=42, p=1, iterations=50, retry=0, cache=Results/warm_start_cache/triangleFree_connected_4to8vertices_176instances_AdjacencyList__filehash_279b7452/hog_idx000142_a0d7fedf5dd2_seed42_L1_M1_standard.npz
Launched SDP PID=1611052, key=n142_rep1_seed42
Launching SDP producer key=n142_rep2_seed1000042, n=142, repeat=2, seed=1000042, p=1, iterations=50, retry=0, cache=Results/warm_start_cache/triangleFree_connected_4to8vertices_176instances_AdjacencyList__filehash_279b7452/hog_idx000142_a0d7fedf5dd2_seed1000042_L1_M1_standard.npz
Launched SDP PID=1611373, key=n142_rep2_seed1000042
Launching SDP producer key=n142_rep3_seed2000042, n=142, repeat=3, seed=2000042, p=1, iterations=50, retry=0, cache=Results/warm_start_cache/triangleFree_connected_4to8vertices_176instances_AdjacencyList__filehash_279b7452/hog_idx000142_a0d7fedf5dd2_seed2000042_L1_M1_standard.npz
Launched SDP PID=1611925, key=n142_rep3_seed2000042
Launching SDP producer key=n142_rep4_seed3000042, n=142, repeat=4, seed=3000042, p=1, iterations=50, retry=0, cache=Results/warm_start_cache/triangleFree_connected_4to8vertices_176instances_AdjacencyList__filehash_279b7452/hog_idx000142_a0d7fedf5dd2_seed3000042_L1_M1_standard.npz
Launched SDP PID=1612592, key=n142_rep4_seed3000042
Loop status: pending_sdp=336, running_sdp=5, pending_qaoa=0, running_qaoa=0, total_sdp_rss_mb=20, cache_size_mb=11
SDP producer failed for key=n141_rep10_seed9000042, exit_code=42
SDP producer failed for key=n142_rep1_seed42, exit_code=42
SDP producer failed for key=n142_rep2_seed1000042, exit_code=42
SDP producer failed for key=n142_rep3_seed2000042, exit_code=42
SDP producer failed for key=n142_rep4_seed3000042, exit_code=42
Launching SDP producer key=n142_rep5_seed4000042, n=142, repeat=5, seed=4000042, p=1, iterations=50, retry=0, cache=Results/warm_start_cache/triangleFree_connected_4to8vertices_176instances_AdjacencyList__filehash_279b7452/hog_idx000142_a0d7fedf5dd2_seed4000042_L1_M1_standard.npz
Launched SDP PID=1622881, key=n142_rep5_seed4000042
Launching SDP producer key=n142_rep6_seed5000042, n=142, repeat=6, seed=5000042, p=1, iterations=50, retry=0, cache=Results/warm_start_cache/triangleFree_connected_4to8vertices_176instances_AdjacencyList__filehash_279b7452/hog_idx000142_a0d7fedf5dd2_seed5000042_L1_M1_standard.npz
Launched SDP PID=1623098, key=n142_rep6_seed5000042
Launching SDP producer key=n142_rep7_seed6000042, n=142, repeat=7, seed=6000042, p=1, iterations=50, retry=0, cache=Results/warm_start_cache/triangleFree_connected_4to8vertices_176instances_AdjacencyList__filehash_279b7452/hog_idx000142_a0d7fedf5dd2_seed6000042_L1_M1_standard.npz
Launched SDP PID=1623530, key=n142_rep7_seed6000042
Launching SDP producer key=n142_rep8_seed7000042, n=142, repeat=8, seed=7000042, p=1, iterations=50, retry=0, cache=Results/warm_start_cache/triangleFree_connected_4to8vertices_176instances_AdjacencyList__filehash_279b7452/hog_idx000142_a0d7fedf5dd2_seed7000042_L1_M1_standard.npz
Launched SDP PID=1624110, key=n142_rep8_seed7000042
Launching SDP producer key=n142_rep9_seed8000042, n=142, repeat=9, seed=8000042, p=1, iterations=50, retry=0, cache=Results/warm_start_cache/triangleFree_connected_4to8vertices_176instances_AdjacencyList__filehash_279b7452/hog_idx000142_a0d7fedf5dd2_seed8000042_L1_M1_standard.npz
Launched SDP PID=1624932, key=n142_rep9_seed8000042
Loop status: pending_sdp=331, running_sdp=5, pending_qaoa=0, running_qaoa=0, total_sdp_rss_mb=20, cache_size_mb=11
SDP producer failed for key=n142_rep5_seed4000042, exit_code=42
SDP producer failed for key=n142_rep6_seed5000042, exit_code=42
SDP producer failed for key=n142_rep7_seed6000042, exit_code=42
SDP producer failed for key=n142_rep8_seed7000042, exit_code=42
SDP producer failed for key=n142_rep9_seed8000042, exit_code=42
Launching SDP producer key=n142_rep10_seed9000042, n=142, repeat=10, seed=9000042, p=1, iterations=50, retry=0, cache=Results/warm_start_cache/triangleFree_connected_4to8vertices_176instances_AdjacencyList__filehash_279b7452/hog_idx000142_a0d7fedf5dd2_seed9000042_L1_M1_standard.npz
Launched SDP PID=1635261, key=n142_rep10_seed9000042
Launching SDP producer key=n143_rep1_seed42, n=143, repeat=1, seed=42, p=1, iterations=50, retry=0, cache=Results/warm_start_cache/triangleFree_connected_4to8vertices_176instances_AdjacencyList__filehash_279b7452/hog_idx000143_05b06d608d5b_seed42_L1_M1_standard.npz
Launched SDP PID=1635469, key=n143_rep1_seed42
Launching SDP producer key=n143_rep2_seed1000042, n=143, repeat=2, seed=1000042, p=1, iterations=50, retry=0, cache=Results/warm_start_cache/triangleFree_connected_4to8vertices_176instances_AdjacencyList__filehash_279b7452/hog_idx000143_05b06d608d5b_seed1000042_L1_M1_standard.npz
Launched SDP PID=1635868, key=n143_rep2_seed1000042
Launching SDP producer key=n143_rep3_seed2000042, n=143, repeat=3, seed=2000042, p=1, iterations=50, retry=0, cache=Results/warm_start_cache/triangleFree_connected_4to8vertices_176instances_AdjacencyList__filehash_279b7452/hog_idx000143_05b06d608d5b_seed2000042_L1_M1_standard.npz
Launched SDP PID=1636492, key=n143_rep3_seed2000042
Launching SDP producer key=n143_rep4_seed3000042, n=143, repeat=4, seed=3000042, p=1, iterations=50, retry=0, cache=Results/warm_start_cache/triangleFree_connected_4to8vertices_176instances_AdjacencyList__filehash_279b7452/hog_idx000143_05b06d608d5b_seed3000042_L1_M1_standard.npz
Launched SDP PID=1637253, key=n143_rep4_seed3000042
Loop status: pending_sdp=326, running_sdp=5, pending_qaoa=0, running_qaoa=0, total_sdp_rss_mb=20, cache_size_mb=11
SDP producer failed for key=n142_rep10_seed9000042, exit_code=42
SDP producer failed for key=n143_rep1_seed42, exit_code=42
SDP producer failed for key=n143_rep2_seed1000042, exit_code=42
SDP producer failed for key=n143_rep3_seed2000042, exit_code=42
SDP producer failed for key=n143_rep4_seed3000042, exit_code=42
Launching SDP producer key=n143_rep5_seed4000042, n=143, repeat=5, seed=4000042, p=1, iterations=50, retry=0, cache=Results/warm_start_cache/triangleFree_connected_4to8vertices_176instances_AdjacencyList__filehash_279b7452/hog_idx000143_05b06d608d5b_seed4000042_L1_M1_standard.npz
Launched SDP PID=1647125, key=n143_rep5_seed4000042
Launching SDP producer key=n143_rep6_seed5000042, n=143, repeat=6, seed=5000042, p=1, iterations=50, retry=0, cache=Results/warm_start_cache/triangleFree_connected_4to8vertices_176instances_AdjacencyList__filehash_279b7452/hog_idx000143_05b06d608d5b_seed5000042_L1_M1_standard.npz
Launched SDP PID=1647268, key=n143_rep6_seed5000042
Launching SDP producer key=n143_rep7_seed6000042, n=143, repeat=7, seed=6000042, p=1, iterations=50, retry=0, cache=Results/warm_start_cache/triangleFree_connected_4to8vertices_176instances_AdjacencyList__filehash_279b7452/hog_idx000143_05b06d608d5b_seed6000042_L1_M1_standard.npz
Launched SDP PID=1647617, key=n143_rep7_seed6000042
Launching SDP producer key=n143_rep8_seed7000042, n=143, repeat=8, seed=7000042, p=1, iterations=50, retry=0, cache=Results/warm_start_cache/triangleFree_connected_4to8vertices_176instances_AdjacencyList__filehash_279b7452/hog_idx000143_05b06d608d5b_seed7000042_L1_M1_standard.npz
Launched SDP PID=1648158, key=n143_rep8_seed7000042
Launching SDP producer key=n143_rep9_seed8000042, n=143, repeat=9, seed=8000042, p=1, iterations=50, retry=0, cache=Results/warm_start_cache/triangleFree_connected_4to8vertices_176instances_AdjacencyList__filehash_279b7452/hog_idx000143_05b06d608d5b_seed8000042_L1_M1_standard.npz
Launched SDP PID=1648780, key=n143_rep9_seed8000042
Loop status: pending_sdp=321, running_sdp=5, pending_qaoa=0, running_qaoa=0, total_sdp_rss_mb=20, cache_size_mb=11
SDP producer failed for key=n143_rep5_seed4000042, exit_code=42
SDP producer failed for key=n143_rep6_seed5000042, exit_code=42
SDP producer failed for key=n143_rep7_seed6000042, exit_code=42
SDP producer failed for key=n143_rep8_seed7000042, exit_code=42
SDP producer failed for key=n143_rep9_seed8000042, exit_code=42
Launching SDP producer key=n143_rep10_seed9000042, n=143, repeat=10, seed=9000042, p=1, iterations=50, retry=0, cache=Results/warm_start_cache/triangleFree_connected_4to8vertices_176instances_AdjacencyList__filehash_279b7452/hog_idx000143_05b06d608d5b_seed9000042_L1_M1_standard.npz
Launched SDP PID=1658326, key=n143_rep10_seed9000042
Launching SDP producer key=n144_rep1_seed42, n=144, repeat=1, seed=42, p=1, iterations=50, retry=0, cache=Results/warm_start_cache/triangleFree_connected_4to8vertices_176instances_AdjacencyList__filehash_279b7452/hog_idx000144_bc647e3f1892_seed42_L1_M1_standard.npz
Launched SDP PID=1658477, key=n144_rep1_seed42
Launching SDP producer key=n144_rep2_seed1000042, n=144, repeat=2, seed=1000042, p=1, iterations=50, retry=0, cache=Results/warm_start_cache/triangleFree_connected_4to8vertices_176instances_AdjacencyList__filehash_279b7452/hog_idx000144_bc647e3f1892_seed1000042_L1_M1_standard.npz
Launched SDP PID=1658795, key=n144_rep2_seed1000042
Launching SDP producer key=n144_rep3_seed2000042, n=144, repeat=3, seed=2000042, p=1, iterations=50, retry=0, cache=Results/warm_start_cache/triangleFree_connected_4to8vertices_176instances_AdjacencyList__filehash_279b7452/hog_idx000144_bc647e3f1892_seed2000042_L1_M1_standard.npz
Launched SDP PID=1659243, key=n144_rep3_seed2000042
Launching SDP producer key=n144_rep4_seed3000042, n=144, repeat=4, seed=3000042, p=1, iterations=50, retry=0, cache=Results/warm_start_cache/triangleFree_connected_4to8vertices_176instances_AdjacencyList__filehash_279b7452/hog_idx000144_bc647e3f1892_seed3000042_L1_M1_standard.npz
Launched SDP PID=1659856, key=n144_rep4_seed3000042
Loop status: pending_sdp=316, running_sdp=5, pending_qaoa=0, running_qaoa=0, total_sdp_rss_mb=20, cache_size_mb=11
SDP producer failed for key=n143_rep10_seed9000042, exit_code=42
SDP producer failed for key=n144_rep1_seed42, exit_code=42
SDP producer failed for key=n144_rep2_seed1000042, exit_code=42
SDP producer failed for key=n144_rep3_seed2000042, exit_code=42
SDP producer failed for key=n144_rep4_seed3000042, exit_code=42
Launching SDP producer key=n144_rep5_seed4000042, n=144, repeat=5, seed=4000042, p=1, iterations=50, retry=0, cache=Results/warm_start_cache/triangleFree_connected_4to8vertices_176instances_AdjacencyList__filehash_279b7452/hog_idx000144_bc647e3f1892_seed4000042_L1_M1_standard.npz
Launched SDP PID=1666775, key=n144_rep5_seed4000042
Launching SDP producer key=n144_rep6_seed5000042, n=144, repeat=6, seed=5000042, p=1, iterations=50, retry=0, cache=Results/warm_start_cache/triangleFree_connected_4to8vertices_176instances_AdjacencyList__filehash_279b7452/hog_idx000144_bc647e3f1892_seed5000042_L1_M1_standard.npz
Launched SDP PID=1666882, key=n144_rep6_seed5000042
Launching SDP producer key=n144_rep7_seed6000042, n=144, repeat=7, seed=6000042, p=1, iterations=50, retry=0, cache=Results/warm_start_cache/triangleFree_connected_4to8vertices_176instances_AdjacencyList__filehash_279b7452/hog_idx000144_bc647e3f1892_seed6000042_L1_M1_standard.npz
Launched SDP PID=1667077, key=n144_rep7_seed6000042
Launching SDP producer key=n144_rep8_seed7000042, n=144, repeat=8, seed=7000042, p=1, iterations=50, retry=0, cache=Results/warm_start_cache/triangleFree_connected_4to8vertices_176instances_AdjacencyList__filehash_279b7452/hog_idx000144_bc647e3f1892_seed7000042_L1_M1_standard.npz
Launched SDP PID=1667347, key=n144_rep8_seed7000042
Launching SDP producer key=n144_rep9_seed8000042, n=144, repeat=9, seed=8000042, p=1, iterations=50, retry=0, cache=Results/warm_start_cache/triangleFree_connected_4to8vertices_176instances_AdjacencyList__filehash_279b7452/hog_idx000144_bc647e3f1892_seed8000042_L1_M1_standard.npz
Launched SDP PID=1667819, key=n144_rep9_seed8000042
Loop status: pending_sdp=311, running_sdp=5, pending_qaoa=0, running_qaoa=0, total_sdp_rss_mb=20, cache_size_mb=11
SDP producer failed for key=n144_rep5_seed4000042, exit_code=42
SDP producer failed for key=n144_rep6_seed5000042, exit_code=42
SDP producer failed for key=n144_rep7_seed6000042, exit_code=42
SDP producer failed for key=n144_rep8_seed7000042, exit_code=42
SDP producer failed for key=n144_rep9_seed8000042, exit_code=42
Launching SDP producer key=n144_rep10_seed9000042, n=144, repeat=10, seed=9000042, p=1, iterations=50, retry=0, cache=Results/warm_start_cache/triangleFree_connected_4to8vertices_176instances_AdjacencyList__filehash_279b7452/hog_idx000144_bc647e3f1892_seed9000042_L1_M1_standard.npz
Launched SDP PID=1673016, key=n144_rep10_seed9000042
Launching SDP producer key=n145_rep1_seed42, n=145, repeat=1, seed=42, p=1, iterations=50, retry=0, cache=Results/warm_start_cache/triangleFree_connected_4to8vertices_176instances_AdjacencyList__filehash_279b7452/hog_idx000145_39311dffdbe0_seed42_L1_M1_standard.npz
Launched SDP PID=1673122, key=n145_rep1_seed42
Launching SDP producer key=n145_rep2_seed1000042, n=145, repeat=2, seed=1000042, p=1, iterations=50, retry=0, cache=Results/warm_start_cache/triangleFree_connected_4to8vertices_176instances_AdjacencyList__filehash_279b7452/hog_idx000145_39311dffdbe0_seed1000042_L1_M1_standard.npz
Launched SDP PID=1673326, key=n145_rep2_seed1000042
Launching SDP producer key=n145_rep3_seed2000042, n=145, repeat=3, seed=2000042, p=1, iterations=50, retry=0, cache=Results/warm_start_cache/triangleFree_connected_4to8vertices_176instances_AdjacencyList__filehash_279b7452/hog_idx000145_39311dffdbe0_seed2000042_L1_M1_standard.npz
Launched SDP PID=1673623, key=n145_rep3_seed2000042
Launching SDP producer key=n145_rep4_seed3000042, n=145, repeat=4, seed=3000042, p=1, iterations=50, retry=0, cache=Results/warm_start_cache/triangleFree_connected_4to8vertices_176instances_AdjacencyList__filehash_279b7452/hog_idx000145_39311dffdbe0_seed3000042_L1_M1_standard.npz
Launched SDP PID=1674028, key=n145_rep4_seed3000042
Loop status: pending_sdp=306, running_sdp=5, pending_qaoa=0, running_qaoa=0, total_sdp_rss_mb=20, cache_size_mb=11
SDP producer failed for key=n144_rep10_seed9000042, exit_code=42
SDP producer failed for key=n145_rep1_seed42, exit_code=42
SDP producer failed for key=n145_rep2_seed1000042, exit_code=42
SDP producer failed for key=n145_rep3_seed2000042, exit_code=42
SDP producer failed for key=n145_rep4_seed3000042, exit_code=42
Launching SDP producer key=n145_rep5_seed4000042, n=145, repeat=5, seed=4000042, p=1, iterations=50, retry=0, cache=Results/warm_start_cache/triangleFree_connected_4to8vertices_176instances_AdjacencyList__filehash_279b7452/hog_idx000145_39311dffdbe0_seed4000042_L1_M1_standard.npz
Launched SDP PID=1679078, key=n145_rep5_seed4000042
Launching SDP producer key=n145_rep6_seed5000042, n=145, repeat=6, seed=5000042, p=1, iterations=50, retry=0, cache=Results/warm_start_cache/triangleFree_connected_4to8vertices_176instances_AdjacencyList__filehash_279b7452/hog_idx000145_39311dffdbe0_seed5000042_L1_M1_standard.npz
Launched SDP PID=1679183, key=n145_rep6_seed5000042
Launching SDP producer key=n145_rep7_seed6000042, n=145, repeat=7, seed=6000042, p=1, iterations=50, retry=0, cache=Results/warm_start_cache/triangleFree_connected_4to8vertices_176instances_AdjacencyList__filehash_279b7452/hog_idx000145_39311dffdbe0_seed6000042_L1_M1_standard.npz
Launched SDP PID=1679371, key=n145_rep7_seed6000042
Launching SDP producer key=n145_rep8_seed7000042, n=145, repeat=8, seed=7000042, p=1, iterations=50, retry=0, cache=Results/warm_start_cache/triangleFree_connected_4to8vertices_176instances_AdjacencyList__filehash_279b7452/hog_idx000145_39311dffdbe0_seed7000042_L1_M1_standard.npz
Launched SDP PID=1679673, key=n145_rep8_seed7000042
Launching SDP producer key=n145_rep9_seed8000042, n=145, repeat=9, seed=8000042, p=1, iterations=50, retry=0, cache=Results/warm_start_cache/triangleFree_connected_4to8vertices_176instances_AdjacencyList__filehash_279b7452/hog_idx000145_39311dffdbe0_seed8000042_L1_M1_standard.npz
Launched SDP PID=1680067, key=n145_rep9_seed8000042
Loop status: pending_sdp=301, running_sdp=5, pending_qaoa=0, running_qaoa=0, total_sdp_rss_mb=20, cache_size_mb=11
SDP producer failed for key=n145_rep5_seed4000042, exit_code=42
SDP producer failed for key=n145_rep6_seed5000042, exit_code=42
SDP producer failed for key=n145_rep7_seed6000042, exit_code=42
SDP producer failed for key=n145_rep8_seed7000042, exit_code=42
SDP producer failed for key=n145_rep9_seed8000042, exit_code=42
Launching SDP producer key=n145_rep10_seed9000042, n=145, repeat=10, seed=9000042, p=1, iterations=50, retry=0, cache=Results/warm_start_cache/triangleFree_connected_4to8vertices_176instances_AdjacencyList__filehash_279b7452/hog_idx000145_39311dffdbe0_seed9000042_L1_M1_standard.npz
Launched SDP PID=1685081, key=n145_rep10_seed9000042
Launching SDP producer key=n146_rep1_seed42, n=146, repeat=1, seed=42, p=1, iterations=50, retry=0, cache=Results/warm_start_cache/triangleFree_connected_4to8vertices_176instances_AdjacencyList__filehash_279b7452/hog_idx000146_4905c4ec9e9d_seed42_L1_M1_standard.npz
Launched SDP PID=1685184, key=n146_rep1_seed42
Launching SDP producer key=n146_rep2_seed1000042, n=146, repeat=2, seed=1000042, p=1, iterations=50, retry=0, cache=Results/warm_start_cache/triangleFree_connected_4to8vertices_176instances_AdjacencyList__filehash_279b7452/hog_idx000146_4905c4ec9e9d_seed1000042_L1_M1_standard.npz
Launched SDP PID=1685355, key=n146_rep2_seed1000042
Launching SDP producer key=n146_rep3_seed2000042, n=146, repeat=3, seed=2000042, p=1, iterations=50, retry=0, cache=Results/warm_start_cache/triangleFree_connected_4to8vertices_176instances_AdjacencyList__filehash_279b7452/hog_idx000146_4905c4ec9e9d_seed2000042_L1_M1_standard.npz
Launched SDP PID=1685643, key=n146_rep3_seed2000042
Launching SDP producer key=n146_rep4_seed3000042, n=146, repeat=4, seed=3000042, p=1, iterations=50, retry=0, cache=Results/warm_start_cache/triangleFree_connected_4to8vertices_176instances_AdjacencyList__filehash_279b7452/hog_idx000146_4905c4ec9e9d_seed3000042_L1_M1_standard.npz
Launched SDP PID=1686022, key=n146_rep4_seed3000042
Loop status: pending_sdp=296, running_sdp=5, pending_qaoa=0, running_qaoa=0, total_sdp_rss_mb=20, cache_size_mb=11
SDP producer failed for key=n145_rep10_seed9000042, exit_code=42
SDP producer failed for key=n146_rep1_seed42, exit_code=42
SDP producer failed for key=n146_rep2_seed1000042, exit_code=42
SDP producer failed for key=n146_rep3_seed2000042, exit_code=42
SDP producer failed for key=n146_rep4_seed3000042, exit_code=42
Launching SDP producer key=n146_rep5_seed4000042, n=146, repeat=5, seed=4000042, p=1, iterations=50, retry=0, cache=Results/warm_start_cache/triangleFree_connected_4to8vertices_176instances_AdjacencyList__filehash_279b7452/hog_idx000146_4905c4ec9e9d_seed4000042_L1_M1_standard.npz
Launched SDP PID=1691208, key=n146_rep5_seed4000042
Launching SDP producer key=n146_rep6_seed5000042, n=146, repeat=6, seed=5000042, p=1, iterations=50, retry=0, cache=Results/warm_start_cache/triangleFree_connected_4to8vertices_176instances_AdjacencyList__filehash_279b7452/hog_idx000146_4905c4ec9e9d_seed5000042_L1_M1_standard.npz
Launched SDP PID=1691312, key=n146_rep6_seed5000042
Launching SDP producer key=n146_rep7_seed6000042, n=146, repeat=7, seed=6000042, p=1, iterations=50, retry=0, cache=Results/warm_start_cache/triangleFree_connected_4to8vertices_176instances_AdjacencyList__filehash_279b7452/hog_idx000146_4905c4ec9e9d_seed6000042_L1_M1_standard.npz
Launched SDP PID=1691524, key=n146_rep7_seed6000042
Launching SDP producer key=n146_rep8_seed7000042, n=146, repeat=8, seed=7000042, p=1, iterations=50, retry=0, cache=Results/warm_start_cache/triangleFree_connected_4to8vertices_176instances_AdjacencyList__filehash_279b7452/hog_idx000146_4905c4ec9e9d_seed7000042_L1_M1_standard.npz
Launched SDP PID=1691807, key=n146_rep8_seed7000042
Launching SDP producer key=n146_rep9_seed8000042, n=146, repeat=9, seed=8000042, p=1, iterations=50, retry=0, cache=Results/warm_start_cache/triangleFree_connected_4to8vertices_176instances_AdjacencyList__filehash_279b7452/hog_idx000146_4905c4ec9e9d_seed8000042_L1_M1_standard.npz
Launched SDP PID=1692154, key=n146_rep9_seed8000042
Loop status: pending_sdp=291, running_sdp=5, pending_qaoa=0, running_qaoa=0, total_sdp_rss_mb=20, cache_size_mb=11
SDP producer failed for key=n146_rep5_seed4000042, exit_code=42
SDP producer failed for key=n146_rep6_seed5000042, exit_code=42
SDP producer failed for key=n146_rep7_seed6000042, exit_code=42
SDP producer failed for key=n146_rep8_seed7000042, exit_code=42
SDP producer failed for key=n146_rep9_seed8000042, exit_code=42
Launching SDP producer key=n146_rep10_seed9000042, n=146, repeat=10, seed=9000042, p=1, iterations=50, retry=0, cache=Results/warm_start_cache/triangleFree_connected_4to8vertices_176instances_AdjacencyList__filehash_279b7452/hog_idx000146_4905c4ec9e9d_seed9000042_L1_M1_standard.npz
Launched SDP PID=1697642, key=n146_rep10_seed9000042
Launching SDP producer key=n147_rep1_seed42, n=147, repeat=1, seed=42, p=1, iterations=50, retry=0, cache=Results/warm_start_cache/triangleFree_connected_4to8vertices_176instances_AdjacencyList__filehash_279b7452/hog_idx000147_c7073716733b_seed42_L1_M1_standard.npz
Launched SDP PID=1697764, key=n147_rep1_seed42
Launching SDP producer key=n147_rep2_seed1000042, n=147, repeat=2, seed=1000042, p=1, iterations=50, retry=0, cache=Results/warm_start_cache/triangleFree_connected_4to8vertices_176instances_AdjacencyList__filehash_279b7452/hog_idx000147_c7073716733b_seed1000042_L1_M1_standard.npz
Launched SDP PID=1697942, key=n147_rep2_seed1000042
Launching SDP producer key=n147_rep3_seed2000042, n=147, repeat=3, seed=2000042, p=1, iterations=50, retry=0, cache=Results/warm_start_cache/triangleFree_connected_4to8vertices_176instances_AdjacencyList__filehash_279b7452/hog_idx000147_c7073716733b_seed2000042_L1_M1_standard.npz
Launched SDP PID=1698212, key=n147_rep3_seed2000042
Launching SDP producer key=n147_rep4_seed3000042, n=147, repeat=4, seed=3000042, p=1, iterations=50, retry=0, cache=Results/warm_start_cache/triangleFree_connected_4to8vertices_176instances_AdjacencyList__filehash_279b7452/hog_idx000147_c7073716733b_seed3000042_L1_M1_standard.npz
Launched SDP PID=1698557, key=n147_rep4_seed3000042
Loop status: pending_sdp=286, running_sdp=5, pending_qaoa=0, running_qaoa=0, total_sdp_rss_mb=20, cache_size_mb=11
SDP producer failed for key=n146_rep10_seed9000042, exit_code=42
SDP producer failed for key=n147_rep1_seed42, exit_code=42
SDP producer failed for key=n147_rep2_seed1000042, exit_code=42
SDP producer failed for key=n147_rep3_seed2000042, exit_code=42
SDP producer failed for key=n147_rep4_seed3000042, exit_code=42
Launching SDP producer key=n147_rep5_seed4000042, n=147, repeat=5, seed=4000042, p=1, iterations=50, retry=0, cache=Results/warm_start_cache/triangleFree_connected_4to8vertices_176instances_AdjacencyList__filehash_279b7452/hog_idx000147_c7073716733b_seed4000042_L1_M1_standard.npz
Launched SDP PID=1703613, key=n147_rep5_seed4000042
Launching SDP producer key=n147_rep6_seed5000042, n=147, repeat=6, seed=5000042, p=1, iterations=50, retry=0, cache=Results/warm_start_cache/triangleFree_connected_4to8vertices_176instances_AdjacencyList__filehash_279b7452/hog_idx000147_c7073716733b_seed5000042_L1_M1_standard.npz
Launched SDP PID=1703721, key=n147_rep6_seed5000042
Launching SDP producer key=n147_rep7_seed6000042, n=147, repeat=7, seed=6000042, p=1, iterations=50, retry=0, cache=Results/warm_start_cache/triangleFree_connected_4to8vertices_176instances_AdjacencyList__filehash_279b7452/hog_idx000147_c7073716733b_seed6000042_L1_M1_standard.npz
Launched SDP PID=1703938, key=n147_rep7_seed6000042
Launching SDP producer key=n147_rep8_seed7000042, n=147, repeat=8, seed=7000042, p=1, iterations=50, retry=0, cache=Results/warm_start_cache/triangleFree_connected_4to8vertices_176instances_AdjacencyList__filehash_279b7452/hog_idx000147_c7073716733b_seed7000042_L1_M1_standard.npz
Launched SDP PID=1704254, key=n147_rep8_seed7000042
Launching SDP producer key=n147_rep9_seed8000042, n=147, repeat=9, seed=8000042, p=1, iterations=50, retry=0, cache=Results/warm_start_cache/triangleFree_connected_4to8vertices_176instances_AdjacencyList__filehash_279b7452/hog_idx000147_c7073716733b_seed8000042_L1_M1_standard.npz
Launched SDP PID=1704630, key=n147_rep9_seed8000042
Loop status: pending_sdp=281, running_sdp=5, pending_qaoa=0, running_qaoa=0, total_sdp_rss_mb=20, cache_size_mb=11
