cache_file,cache_dataset,graph_index,graph_hash,n_vertices,n_edges,lasserre_level,initial_solver_level_M,warm_start_mode,parameter_vector,sdp_solver_mode,sdp_scs_eps,sdp_scs_max_iters,sdp_seed,gp_rounding_seed,algorithm17_seed,sdp_objective_value,rounded_solution_energy,algorithm17_actual_energy,algorithm17_analytic_F_value,algorithm17_F_bound_applicable,algorithm17_lower_bound_energy,rounded_energy_over_sdp_objective,algorithm17_energy_over_sdp_objective,algorithm17_lower_bound_over_sdp_objective,warm_start_compute_time_seconds,cache_created_at
/home/i6408800/MasterThesis/QAOA/Results/warm_start_cache_experiments/Exp4_v2_tf176_L2M2_scs_eps1e-9_gpseed42_alg17seed43/triangleFree_connected_4to8vertices_176instances_AdjacencyList__filehash_279b7452/hog_idx000000_2870a2ee8414_seed42_L2_M2_amplified.npz,triangleFree_connected_4to8vertices_176instances_AdjacencyList__filehash_279b7452,0,031f49f789e6245e,5,4,2,2,amplified,"[1, 1, 1]",scs,1e-09,1000000,42,42,43,5.709275359280726,2.3768782628980825,2.8459006642843456,3.3923508574478136,True,3.3923508574478136,0.41631872931725783,0.49846968051001167,0.5941823863747209,27.818623065948486,2026-09-01 14:51:10
/home/i6408800/MasterThesis/QAOA/Results/warm_start_cache_experiments/Exp4_v2_tf176_L2M2_scs_eps1e-9_gpseed42_alg17seed43/triangleFree_connected_4to8vertices_176instances_AdjacencyList__filehash_279b7452/hog_idx000001_dcf1071fcc31_seed42_L2_M2_amplified.npz,triangleFree_connected_4to8vertices_176instances_AdjacencyList__filehash_279b7452,1,faea56c01340eb7c,8,8,2,2,amplified,"[1, 1, 1]",scs,1e-09,1000000,42,42,43,10.943472776053316,6.692537197501428,7.0132470118769,6.513087988867067,True,6.513087988867067,0.6115551557039687,0.6408611923651331,0.5951573254807296,1253.866660118103,2026-09-01 14:56:58
/home/i6408800/MasterThesis/QAOA/Results/warm_start_cache_experiments/Exp4_v2_tf176_L2M2_scs_eps1e-9_gpseed42_alg17seed43/triangleFree_connected_4to8vertices_176instances_AdjacencyList__filehash_279b7452/hog_idx000002_a9ba2966dd1c_seed42_L2_M2_amplified.npz,triangleFree_connected_4to8vertices_176instances_AdjacencyList__filehash_279b7452,2,f793499c6d3605b3,6,9,2,2,amplified,"[1, 1, 1]",scs,1e-09,1000000,42,42,43,12.00000000006507,6.015942537445748,6.357127317711711,6.9937355208654,True,6.9937355208654,0.5013285447844272,0.5297606098064367,0.5828112934022897,101.74217987060547,2026-09-01 15:09:17
/home/i6408800/MasterThesis/QAOA/Results/warm_start_cache_experiments/Exp4_v2_tf176_L2M2_scs_eps1e-9_gpseed42_alg17seed43/triangleFree_connected_4to8vertices_176instances_AdjacencyList__filehash_279b7452/hog_idx000003_ee00932b07c9_seed42_L2_M2_amplified.npz,triangleFree_connected_4to8vertices_176instances_AdjacencyList__filehash_279b7452,3,9a09305d3fada0d0,8,8,2,2,amplified,"[1, 1, 1]",scs,1e-09,1000000,42,42,43,10.896859263782106,5.8133190922338365,6.11311218039305,6.473782585028203,True,6.473782585028203,0.5334857458933664,0.5609976262344878,0.5940961912342133,985.003454208374,2026-09-01 15:54:55
/home/i6408800/MasterThesis/QAOA/Results/warm_start_cache_experiments/Exp4_v2_tf176_L2M2_scs_eps1e-9_gpseed42_alg17seed43/triangleFree_connected_4to8vertices_176instances_AdjacencyList__filehash_279b7452/hog_idx000004_f3b409b7058e_seed42_L2_M2_amplified.npz,triangleFree_connected_4to8vertices_176instances_AdjacencyList__filehash_279b7452,4,9d7a5b1d3a1c2c4c,5,5,2,2,amplified,"[1, 1, 1]",scs,1e-09,1000000,42,42,43,6.903211926249806,3.8297288221829846,4.061153389679594,4.0294609407909485,True,4.0294609407909485,0.5547749168210019,0.5882991038181599,0.5837081323649826,27.93084692955017,2026-09-01 15:16:24
/home/i6408800/MasterThesis/QAOA/Results/warm_start_cache_experiments/Exp4_v2_tf176_L2M2_scs_eps1e-9_gpseed42_alg17seed43/triangleFree_connected_4to8vertices_176instances_AdjacencyList__filehash_279b7452/hog_idx000005_9e829526c962_seed42_L2_M2_amplified.npz,triangleFree_connected_4to8vertices_176instances_AdjacencyList__filehash_279b7452,5,8b4362a019fdfffc,6,5,2,2,amplified,"[1, 1, 1]",scs,1e-09,1000000,42,42,43,6.7027474746532745,3.7665849053689646,4.118098359097919,3.9714156628143895,True,3.9714156628143895,0.5619464137075828,0.6143896028711635,0.5925056371036604,107.7109682559967,2026-09-01 15:09:23
/home/i6408800/MasterThesis/QAOA/Results/warm_start_cache_experiments/Exp4_v2_tf176_L2M2_scs_eps1e-9_gpseed42_alg17seed43/triangleFree_connected_4to8vertices_176instances_AdjacencyList__filehash_279b7452/hog_idx000006_593d250c5028_seed42_L2_M2_amplified.npz,triangleFree_connected_4to8vertices_176instances_AdjacencyList__filehash_279b7452,6,5f9c64e19039c3b1,7,7,2,2,amplified,"[1, 1, 1]",scs,1e-09,1000000,42,42,43,9.616280113899972,6.423421685401741,6.965294235531819,5.66741661320329,True,5.66741661320329,0.6679736456633503,0.7243231429441981,0.5893564399201779,373.75943756103516,2026-09-01 14:41:58
/home/i6408800/MasterThesis/QAOA/Results/warm_start_cache_experiments/Exp4_v2_tf176_L2M2_scs_eps1e-9_gpseed42_alg17seed43/triangleFree_connected_4to8vertices_176instances_AdjacencyList__filehash_279b7452/hog_idx000007_be4629f4e8de_seed42_L2_M2_amplified.npz,triangleFree_connected_4to8vertices_176instances_AdjacencyList__filehash_279b7452,7,6e3007103436a9dd,8,7,2,2,amplified,"[1, 1, 1]",scs,1e-09,1000000,42,42,43,10.249996246537735,5.144574809612492,5.704287748998248,6.095314736936017,True,6.095314736936017,0.501909921318287,0.5565160817424742,0.5946650701452603,2184.3440647125244,2026-09-01 15:35:57
/home/i6408800/MasterThesis/QAOA/Results/warm_start_cache_experiments/Exp4_v2_tf176_L2M2_scs_eps1e-9_gpseed42_alg17seed43/triangleFree_connected_4to8vertices_176instances_AdjacencyList__filehash_279b7452/hog_idx000008_7a7ae5e19a68_seed42_L2_M2_amplified.npz,triangleFree_connected_4to8vertices_176instances_AdjacencyList__filehash_279b7452,8,74e713ee84278240,5,6,2,2,amplified,"[1, 1, 1]",scs,1e-09,1000000,42,42,43,8.000000000003439,4.381420343580562,4.754146273581167,4.662490347220273,True,4.662490347220273,0.5476775429473347,0.5942682841973904,0.5828112934022835,28.61408758163452,2026-09-01 15:54:55
/home/i6408800/MasterThesis/QAOA/Results/warm_start_cache_experiments/Exp4_v2_tf176_L2M2_scs_eps1e-9_gpseed42_alg17seed43/triangleFree_connected_4to8vertices_176instances_AdjacencyList__filehash_279b7452/hog_idx000009_75ca1d28b14f_seed42_L2_M2_amplified.npz,triangleFree_connected_4to8vertices_176instances_AdjacencyList__filehash_279b7452,9,96c1f2d4d001bdee,7,6,2,2,amplified,"[1, 1, 1]",scs,1e-09,1000000,42,42,43,7.692360478030299,3.4141864922225618,3.857717879161969,4.555736483697416,True,4.555736483697416,0.4438411982867444,0.501499882926674,0.5922416788330174,295.97937750816345,2026-09-01 15:59:23
/home/i6408800/MasterThesis/QAOA/Results/warm_start_cache_experiments/Exp4_v2_tf176_L2M2_scs_eps1e-9_gpseed42_alg17seed43/triangleFree_connected_4to8vertices_176instances_AdjacencyList__filehash_279b7452/hog_idx000010_a1a181cbb79a_seed42_L2_M2_amplified.npz,triangleFree_connected_4to8vertices_176instances_AdjacencyList__filehash_279b7452,10,0fb1be63a0f9908a,7,7,2,2,amplified,"[1, 1, 1]",scs,1e-09,1000000,42,42,43,9.605255671946415,5.201169823520088,5.611581122621116,5.611022647442046,True,5.611022647442046,0.5414920748763494,0.5842198598638637,0.584161717197167,276.58042335510254,2026-09-01 14:40:16
/home/i6408800/MasterThesis/QAOA/Results/warm_start_cache_experiments/Exp4_v2_tf176_L2M2_scs_eps1e-9_gpseed42_alg17seed43/triangleFree_connected_4to8vertices_176instances_AdjacencyList__filehash_279b7452/hog_idx000011_f428c4318666_seed42_L2_M2_amplified.npz,triangleFree_connected_4to8vertices_176instances_AdjacencyList__filehash_279b7452,11,8acf903dad21a83e,8,7,2,2,amplified,"[1, 1, 1]",scs,1e-09,1000000,42,42,43,9.509235929227744,5.216686774874649,5.3996671109294265,5.586676993723848,True,5.586676993723848,0.5485915812479271,0.5678339617521657,0.5875000930992306,1047.1941380500793,2026-09-01 15:33:36
/home/i6408800/MasterThesis/QAOA/Results/warm_start_cache_experiments/Exp4_v2_tf176_L2M2_scs_eps1e-9_gpseed42_alg17seed43/triangleFree_connected_4to8vertices_176instances_AdjacencyList__filehash_279b7452/hog_idx000012_ca6171b83903_seed42_L2_M2_amplified.npz,triangleFree_connected_4to8vertices_176instances_AdjacencyList__filehash_279b7452,12,1aae6877ae38286d,5,4,2,2,amplified,"[1, 1, 1]",scs,1e-09,1000000,42,42,43,5.855772506703623,2.947716021784832,3.437980802142889,3.442340948015628,True,3.442340948015628,0.5033863625013301,0.5871096935898938,0.5878542829447139,15.530236959457397,2026-09-01 14:35:55
/home/i6408800/MasterThesis/QAOA/Results/warm_start_cache_experiments/Exp4_v2_tf176_L2M2_scs_eps1e-9_gpseed42_alg17seed43/triangleFree_connected_4to8vertices_176instances_AdjacencyList__filehash_279b7452/hog_idx000013_2bb1d7e26d8a_seed42_L2_M2_amplified.npz,triangleFree_connected_4to8vertices_176instances_AdjacencyList__filehash_279b7452,13,b3b56ed70be60b12,6,5,2,2,amplified,"[1, 1, 1]",scs,1e-09,1000000,42,42,43,6.879397547267141,2.669889764768028,2.960943016215505,4.026248252242813,True,4.026248252242813,0.3880993570183553,0.43040731341245825,0.5852617506953427,106.04274225234985,2026-09-01 15:17:24
/home/i6408800/MasterThesis/QAOA/Results/warm_start_cache_experiments/Exp4_v2_tf176_L2M2_scs_eps1e-9_gpseed42_alg17seed43/triangleFree_connected_4to8vertices_176instances_AdjacencyList__filehash_279b7452/hog_idx000014_af4d57b3ab14_seed42_L2_M2_amplified.npz,triangleFree_connected_4to8vertices_176instances_AdjacencyList__filehash_279b7452,14,dc9f51e48a0eb477,8,7,2,2,amplified,"[1, 1, 1]",scs,1e-09,1000000,42,42,43,8.683929101990962,5.610861790915762,6.014601062092374,5.143148974518639,True,5.143148974518639,0.6461201749827,0.6926128704474807,0.5922605901215235,1157.34348654747,2026-09-01 14:55:02
/home/i6408800/MasterThesis/QAOA/Results/warm_start_cache_experiments/Exp4_v2_tf176_L2M2_scs_eps1e-9_gpseed42_alg17seed43/triangleFree_connected_4to8vertices_176instances_AdjacencyList__filehash_279b7452/hog_idx000015_cdeb91b53894_seed42_L2_M2_amplified.npz,triangleFree_connected_4to8vertices_176instances_AdjacencyList__filehash_279b7452,15,eef048a287f5c5b7,6,5,2,2,amplified,"[1, 1, 1]",scs,1e-09,1000000,42,42,43,6.828427125844053,3.8386898169526145,4.102852076306987,3.9989008848511425,True,3.9989008848511425,0.5621631081664533,0.6008487753759016,0.5856254758458513,86.61887288093567,2026-09-01 14:37:09
/home/i6408800/MasterThesis/QAOA/Results/warm_start_cache_experiments/Exp4_v2_tf176_L2M2_scs_eps1e-9_gpseed42_alg17seed43/triangleFree_connected_4to8vertices_176instances_AdjacencyList__filehash_279b7452/hog_idx000016_fffcd25a2931_seed42_L2_M2_amplified.npz,triangleFree_connected_4to8vertices_176instances_AdjacencyList__filehash_279b7452,16,f24ca03954fe5d27,5,5,2,2,amplified,"[1, 1, 1]",scs,1e-09,1000000,42,42,43,6.415500133964025,3.068575143811646,3.297413334039845,3.7401799853449385,True,3.7401799853449385,0.4783064577563382,0.5139760369707032,0.5829911787460204,17.20685124397278,2026-09-01 14:35:56
/home/i6408800/MasterThesis/QAOA/Results/warm_start_cache_experiments/Exp4_v2_tf176_L2M2_scs_eps1e-9_gpseed42_alg17seed43/triangleFree_connected_4to8vertices_176instances_AdjacencyList__filehash_279b7452/hog_idx000017_4e6200da7b31_seed42_L2_M2_amplified.npz,triangleFree_connected_4to8vertices_176instances_AdjacencyList__filehash_279b7452,17,b61c230d3fb8829e,6,6,2,2,amplified,"[1, 1, 1]",scs,1e-09,1000000,42,42,43,7.8627737373403495,3.09626497335981,3.325653332126987,4.593073531065934,True,4.593073531065934,0.3937878764914261,0.42296185076946113,0.584154356274225,96.60377407073975,2026-09-01 14:37:19
/home/i6408800/MasterThesis/QAOA/Results/warm_start_cache_experiments/Exp4_v2_tf176_L2M2_scs_eps1e-9_gpseed42_alg17seed43/triangleFree_connected_4to8vertices_176instances_AdjacencyList__filehash_279b7452/hog_idx000018_531fbd1393fd_seed42_L2_M2_amplified.npz,triangleFree_connected_4to8vertices_176instances_AdjacencyList__filehash_279b7452,18,f9d766a75536f605,6,6,2,2,amplified,"[1, 1, 1]",scs,1e-09,1000000,42,42,43,7.9108362933596545,3.9156269234984205,4.1151895753866246,4.611435007817925,True,4.611435007817925,0.49497003582101584,0.520196528253392,0.5829263603506443,112.61750841140747,2026-09-01 15:56:19
/home/i6408800/MasterThesis/QAOA/Results/warm_start_cache_experiments/Exp4_v2_tf176_L2M2_scs_eps1e-9_gpseed42_alg17seed43/triangleFree_connected_4to8vertices_176instances_AdjacencyList__filehash_279b7452/hog_idx000019_004ecc818b2f_seed42_L2_M2_amplified.npz,triangleFree_connected_4to8vertices_176instances_AdjacencyList__filehash_279b7452,19,aa43e8e35f5c0f94,7,6,2,2,amplified,"[1, 1, 1]",scs,1e-09,1000000,42,42,43,7.818353616342744,3.9357471932733326,4.239705439267764,4.573997255658721,True,4.573997255658721,0.5033984629508724,0.5422759889506004,0.5850333049783872,408.2282180786133,2026-09-01 15:29:46
/home/i6408800/MasterThesis/QAOA/Results/warm_start_cache_experiments/Exp4_v2_tf176_L2M2_scs_eps1e-9_gpseed42_alg17seed43/triangleFree_connected_4to8vertices_176instances_AdjacencyList__filehash_279b7452/hog_idx000020_49803a9fe904_seed42_L2_M2_amplified.npz,triangleFree_connected_4to8vertices_176instances_AdjacencyList__filehash_279b7452,20,67be6d154506b31c,7,7,2,2,amplified,"[1, 1, 1]",scs,1e-09,1000000,42,42,43,8.839950526599068,5.050531108309669,5.4453820296809115,5.17050245597539,True,5.17050245597539,0.5713302459230758,0.6159968897219468,0.5849017412956722,491.93512630462646,2026-09-01 15:15:47
/home/i6408800/MasterThesis/QAOA/Results/warm_start_cache_experiments/Exp4_v2_tf176_L2M2_scs_eps1e-9_gpseed42_alg17seed43/triangleFree_connected_4to8vertices_176instances_AdjacencyList__filehash_279b7452/hog_idx000021_b429b5be497c_seed42_L2_M2_amplified.npz,triangleFree_connected_4to8vertices_176instances_AdjacencyList__filehash_279b7452,21,c72923f1cb8f6559,7,12,2,2,amplified,"[1, 1, 1]",scs,1e-09,1000000,42,42,43,15.000000001084118,8.112687087376795,8.589652589260572,8.75040730541704,True,8.75040730541704,0.5408458057860303,0.5726435059093172,0.5833604869856406,365.2300157546997,2026-09-01 15:52:38
/home/i6408800/MasterThesis/QAOA/Results/warm_start_cache_experiments/Exp4_v2_tf176_L2M2_scs_eps1e-9_gpseed42_alg17seed43/triangleFree_connected_4to8vertices_176instances_AdjacencyList__filehash_279b7452/hog_idx000022_4938ed1c5765_seed42_L2_M2_amplified.npz,triangleFree_connected_4to8vertices_176instances_AdjacencyList__filehash_279b7452,22,e92c4ea3150fb0d5,8,8,2,2,amplified,"[1, 1, 1]",scs,1e-09,1000000,42,42,43,11.304455148098954,5.513940516594608,5.8570274255154855,6.595008820096803,True,6.595008820096803,0.48776703028645085,0.5181167379394176,0.5833990876779117,1274.8500125408173,2026-09-01 14:57:15
/home/i6408800/MasterThesis/QAOA/Results/warm_start_cache_experiments/Exp4_v2_tf176_L2M2_scs_eps1e-9_gpseed42_alg17seed43/triangleFree_connected_4to8vertices_176instances_AdjacencyList__filehash_279b7452/hog_idx000023_200b1bb8a9fa_seed42_L2_M2_amplified.npz,triangleFree_connected_4to8vertices_176instances_AdjacencyList__filehash_279b7452,23,2e5993ca9dfc58f4,7,6,2,2,amplified,"[1, 1, 1]",scs,1e-09,1000000,42,42,43,8.674657959080443,4.465939964302579,4.925796683468902,5.102559852408753,True,5.102559852408753,0.51482605831481,0.567837568547897,0.5882145297806819,440.7023355960846,2026-09-01 15:06:54
/home/i6408800/MasterThesis/QAOA/Results/warm_start_cache_experiments/Exp4_v2_tf176_L2M2_scs_eps1e-9_gpseed42_alg17seed43/triangleFree_connected_4to8vertices_176instances_AdjacencyList__filehash_279b7452/hog_idx000024_d629cfb9fb11_seed42_L2_M2_amplified.npz,triangleFree_connected_4to8vertices_176instances_AdjacencyList__filehash_279b7452,24,27aa78a809ae8f43,8,7,2,2,amplified,"[1, 1, 1]",scs,1e-09,1000000,42,42,43,9.710638919571714,5.1804344230686326,5.450457393416832,5.689727287445141,True,5.689727287445141,0.5334802854864172,0.5612872065947668,0.5859271809579432,748.9313962459564,2026-09-01 16:06:56
/home/i6408800/MasterThesis/QAOA/Results/warm_start_cache_experiments/Exp4_v2_tf176_L2M2_scs_eps1e-9_gpseed42_alg17seed43/triangleFree_connected_4to8vertices_176instances_AdjacencyList__filehash_279b7452/hog_idx000025_51036ad3abfa_seed42_L2_M2_amplified.npz,triangleFree_connected_4to8vertices_176instances_AdjacencyList__filehash_279b7452,25,f74fa8c350fcda6d,8,8,2,2,amplified,"[1, 1, 1]",scs,1e-09,1000000,42,42,43,10.61036392520111,6.346459053244297,6.736938879479387,6.201607601111419,True,6.201607601111419,0.5981377357067426,0.6349394730446717,0.5844858522130166,1005.3885893821716,2026-09-01 15:00:10
/home/i6408800/MasterThesis/QAOA/Results/warm_start_cache_experiments/Exp4_v2_tf176_L2M2_scs_eps1e-9_gpseed42_alg17seed43/triangleFree_connected_4to8vertices_176instances_AdjacencyList__filehash_279b7452/hog_idx000026_c1a8f5359efd_seed42_L2_M2_amplified.npz,triangleFree_connected_4to8vertices_176instances_AdjacencyList__filehash_279b7452,26,48dfbf3e80d8c97a,6,5,2,2,amplified,"[1, 1, 1]",scs,1e-09,1000000,42,42,43,7.449489742044373,4.017486672109767,4.520686044343826,4.486679147645689,True,4.486679147645689,0.539296892971792,0.6068450593104928,0.6022800625287396,99.47560572624207,2026-09-01 15:01:25
/home/i6408800/MasterThesis/QAOA/Results/warm_start_cache_experiments/Exp4_v2_tf176_L2M2_scs_eps1e-9_gpseed42_alg17seed43/triangleFree_connected_4to8vertices_176instances_AdjacencyList__filehash_279b7452/hog_idx000027_b26c3a60db17_seed42_L2_M2_amplified.npz,triangleFree_connected_4to8vertices_176instances_AdjacencyList__filehash_279b7452,27,634d955b28a4ce8f,7,6,2,2,amplified,"[1, 1, 1]",scs,1e-09,1000000,42,42,43,7.924246032838108,4.551073996670096,4.745833944385883,4.622618815812386,True,4.622618815812386,0.5743226519987424,0.5989003779942126,0.5833512483908544,377.29367184638977,2026-09-01 15:13:52
/home/i6408800/MasterThesis/QAOA/Results/warm_start_cache_experiments/Exp4_v2_tf176_L2M2_scs_eps1e-9_gpseed42_alg17seed43/triangleFree_connected_4to8vertices_176instances_AdjacencyList__filehash_279b7452/hog_idx000028_aa31b41fdb35_seed42_L2_M2_amplified.npz,triangleFree_connected_4to8vertices_176instances_AdjacencyList__filehash_279b7452,28,696610ca44b6ccf0,4,3,2,2,amplified,"[1, 1, 1]",scs,1e-09,1000000,42,42,43,3.9999999991231445,2.129580196619279,2.2622681690613033,2.3312451730971793,True,2.3312451730971793,0.5323950492715281,0.565567042389306,0.5828112934020552,3.8114278316497803,2026-09-01 14:35:45
/home/i6408800/MasterThesis/QAOA/Results/warm_start_cache_experiments/Exp4_v2_tf176_L2M2_scs_eps1e-9_gpseed42_alg17seed43/triangleFree_connected_4to8vertices_176instances_AdjacencyList__filehash_279b7452/hog_idx000029_21fe22b79de0_seed42_L2_M2_amplified.npz,triangleFree_connected_4to8vertices_176instances_AdjacencyList__filehash_279b7452,29,7135933bc436ae28,8,7,2,2,amplified,"[1, 1, 1]",scs,1e-09,1000000,42,42,43,9.450412724882314,3.9239656744475733,4.2389696558679395,5.567371504142947,True,5.567371504142947,0.4152163285012971,0.44854862737444384,0.5891141123905016,1172.2908041477203,2026-09-01 14:55:21
/home/i6408800/MasterThesis/QAOA/Results/warm_start_cache_experiments/Exp4_v2_tf176_L2M2_scs_eps1e-9_gpseed42_alg17seed43/triangleFree_connected_4to8vertices_176instances_AdjacencyList__filehash_279b7452/hog_idx000030_7b3c707497a5_seed42_L2_M2_amplified.npz,triangleFree_connected_4to8vertices_176instances_AdjacencyList__filehash_279b7452,30,e652ca875ebd6286,8,8,2,2,amplified,"[1, 1, 1]",scs,1e-09,1000000,42,42,43,9.824903760776834,7.085722144443798,7.386533166741579,5.753898622563344,True,5.753898622563344,0.7212001579833841,0.7518173558330653,0.5856442732329009,1104.7185196876526,2026-09-01 15:17:58
/home/i6408800/MasterThesis/QAOA/Results/warm_start_cache_experiments/Exp4_v2_tf176_L2M2_scs_eps1e-9_gpseed42_alg17seed43/triangleFree_connected_4to8vertices_176instances_AdjacencyList__filehash_279b7452/hog_idx000031_997a3b1346aa_seed42_L2_M2_amplified.npz,triangleFree_connected_4to8vertices_176instances_AdjacencyList__filehash_279b7452,31,bdebc2ab762655ff,7,7,2,2,amplified,"[1, 1, 1]",scs,1e-09,1000000,42,42,43,9.558388504113411,5.571354747657547,5.871856628519071,5.571811622671031,True,5.571811622671031,0.5828759466368142,0.6143144972598825,0.5829237449673892,317.8056857585907,2026-09-01 15:28:16
/home/i6408800/MasterThesis/QAOA/Results/warm_start_cache_experiments/Exp4_v2_tf176_L2M2_scs_eps1e-9_gpseed42_alg17seed43/triangleFree_connected_4to8vertices_176instances_AdjacencyList__filehash_279b7452/hog_idx000032_6918c7482df9_seed42_L2_M2_amplified.npz,triangleFree_connected_4to8vertices_176instances_AdjacencyList__filehash_279b7452,32,74b0f8dddafc1c2a,6,6,2,2,amplified,"[1, 1, 1]",scs,1e-09,1000000,42,42,43,8.000294328037553,4.142263684305511,4.704316005630227,4.873615286244322,True,4.873615286244322,0.517763911483691,0.5880178669356758,0.6091794984547529,131.43771815299988,2026-09-01 15:17:49
/home/i6408800/MasterThesis/QAOA/Results/warm_start_cache_experiments/Exp4_v2_tf176_L2M2_scs_eps1e-9_gpseed42_alg17seed43/triangleFree_connected_4to8vertices_176instances_AdjacencyList__filehash_279b7452/hog_idx000033_d4afa0877b88_seed42_L2_M2_amplified.npz,triangleFree_connected_4to8vertices_176instances_AdjacencyList__filehash_279b7452,33,067fb4001deb6f7f,5,4,2,2,amplified,"[1, 1, 1]",scs,1e-09,1000000,42,42,43,5.000000000008278,2.9455571113554155,3.1269343602538786,2.916802434939356,True,2.916802434939356,0.5891114222701078,0.6253868720497403,0.5833604869869055,29.019800662994385,2026-09-01 15:54:56
/home/i6408800/MasterThesis/QAOA/Results/warm_start_cache_experiments/Exp4_v2_tf176_L2M2_scs_eps1e-9_gpseed42_alg17seed43/triangleFree_connected_4to8vertices_176instances_AdjacencyList__filehash_279b7452/hog_idx000034_062975f12d19_seed42_L2_M2_amplified.npz,triangleFree_connected_4to8vertices_176instances_AdjacencyList__filehash_279b7452,34,3301b946d424d1e8,8,13,2,2,amplified,"[1, 1, 1]",scs,1e-09,1000000,42,42,43,15.918979338868073,7.484779781693899,8.007446555137218,9.388553879637152,True,9.388553879637152,0.4701796278746918,0.5030125603333179,0.5897710952305771,1255.9049189090729,2026-09-01 15:28:31
/home/i6408800/MasterThesis/QAOA/Results/warm_start_cache_experiments/Exp4_v2_tf176_L2M2_scs_eps1e-9_gpseed42_alg17seed43/triangleFree_connected_4to8vertices_176instances_AdjacencyList__filehash_279b7452/hog_idx000035_ea8cdc999e38_seed42_L2_M2_amplified.npz,triangleFree_connected_4to8vertices_176instances_AdjacencyList__filehash_279b7452,35,a5f3c9e4f07f9320,8,8,2,2,amplified,"[1, 1, 1]",scs,1e-09,1000000,42,42,43,10.794321273361842,6.282501050166025,6.74546512658454,6.3063988113134,True,6.3063988113134,0.5820190905073339,0.6249086863136968,0.5842330102658971,1099.7848854064941,2026-09-01 15:56:50
/home/i6408800/MasterThesis/QAOA/Results/warm_start_cache_experiments/Exp4_v2_tf176_L2M2_scs_eps1e-9_gpseed42_alg17seed43/triangleFree_connected_4to8vertices_176instances_AdjacencyList__filehash_279b7452/hog_idx000036_de880e1481de_seed42_L2_M2_amplified.npz,triangleFree_connected_4to8vertices_176instances_AdjacencyList__filehash_279b7452,36,1c24c176b93a2d29,6,5,2,2,amplified,"[1, 1, 1]",scs,1e-09,1000000,42,42,43,7.487154266975445,4.557150990671154,4.777472691285576,4.475492617638864,True,4.475492617638864,0.6086626277719382,0.6380892554008389,0.5977561644989065,99.30396485328674,2026-09-01 15:17:17
/home/i6408800/MasterThesis/QAOA/Results/warm_start_cache_experiments/Exp4_v2_tf176_L2M2_scs_eps1e-9_gpseed42_alg17seed43/triangleFree_connected_4to8vertices_176instances_AdjacencyList__filehash_279b7452/hog_idx000037_0ad744bc7c80_seed42_L2_M2_amplified.npz,triangleFree_connected_4to8vertices_176instances_AdjacencyList__filehash_279b7452,37,988ba8774b55e9c1,8,16,2,2,amplified,"[1, 1, 1]",scs,1e-09,1000000,42,42,43,19.99999999985757,8.939891248530103,9.33193875397396,11.667209739658215,True,11.667209739658215,0.4469945624296884,0.4665969377020208,0.5833604869870651,1127.09423661232,2026-09-01 14:54:31
/home/i6408800/MasterThesis/QAOA/Results/warm_start_cache_experiments/Exp4_v2_tf176_L2M2_scs_eps1e-9_gpseed42_alg17seed43/triangleFree_connected_4to8vertices_176instances_AdjacencyList__filehash_279b7452/hog_idx000038_37a2421990ff_seed42_L2_M2_amplified.npz,triangleFree_connected_4to8vertices_176instances_AdjacencyList__filehash_279b7452,38,ab60cfb0e373b7cf,8,7,2,2,amplified,"[1, 1, 1]",scs,1e-09,1000000,42,42,43,8.872983346210937,4.84099522490401,5.031220520246277,5.1828282351925505,True,5.1828282351925505,0.5455882239395026,0.5670269315218289,0.584113373480611,1069.4127326011658,2026-09-01 15:56:24
/home/i6408800/MasterThesis/QAOA/Results/warm_start_cache_experiments/Exp4_v2_tf176_L2M2_scs_eps1e-9_gpseed42_alg17seed43/triangleFree_connected_4to8vertices_176instances_AdjacencyList__filehash_279b7452/hog_idx000039_dc87f49064c8_seed42_L2_M2_amplified.npz,triangleFree_connected_4to8vertices_176instances_AdjacencyList__filehash_279b7452,39,ddbc475d2b80f8d2,8,10,2,2,amplified,"[1, 1, 1]",scs,1e-09,1000000,42,42,43,12.417767899538621,7.663648069483654,8.160149891219122,7.326846786913189,True,7.326846786913189,0.6171518208009343,0.6571349985952234,0.5900292907862624,1243.682354927063,2026-09-01 15:12:03
/home/i6408800/MasterThesis/QAOA/Results/warm_start_cache_experiments/Exp4_v2_tf176_L2M2_scs_eps1e-9_gpseed42_alg17seed43/triangleFree_connected_4to8vertices_176instances_AdjacencyList__filehash_279b7452/hog_idx000040_8f3d1be6e598_seed42_L2_M2_amplified.npz,triangleFree_connected_4to8vertices_176instances_AdjacencyList__filehash_279b7452,40,962ef365a4dd4b97,4,3,2,2,amplified,"[1, 1, 1]",scs,1e-09,1000000,42,42,43,4.732050807630616,2.2404338948774516,2.5651154886939294,2.856659483553886,True,2.856659483553886,0.47345939127801945,0.542072685389933,0.6036831808626001,6.20180344581604,2026-09-01 14:59:39
/home/i6408800/MasterThesis/QAOA/Results/warm_start_cache_experiments/Exp4_v2_tf176_L2M2_scs_eps1e-9_gpseed42_alg17seed43/triangleFree_connected_4to8vertices_176instances_AdjacencyList__filehash_279b7452/hog_idx000041_8e2795db501b_seed42_L2_M2_amplified.npz,triangleFree_connected_4to8vertices_176instances_AdjacencyList__filehash_279b7452,41,df7e570df5979b51,6,5,2,2,amplified,"[1, 1, 1]",scs,1e-09,1000000,42,42,43,5.999999999861338,3.0250694666045392,3.133030431398037,3.505953351659743,True,3.505953351659743,0.5041782444457417,0.5221717385784072,0.5843255586234611,103.42245602607727,2026-09-01 15:40:13
/home/i6408800/MasterThesis/QAOA/Results/warm_start_cache_experiments/Exp4_v2_tf176_L2M2_scs_eps1e-9_gpseed42_alg17seed43/triangleFree_connected_4to8vertices_176instances_AdjacencyList__filehash_279b7452/hog_idx000042_4bbbbca361d2_seed42_L2_M2_amplified.npz,triangleFree_connected_4to8vertices_176instances_AdjacencyList__filehash_279b7452,42,67e3f993c5875681,7,6,2,2,amplified,"[1, 1, 1]",scs,1e-09,1000000,42,42,43,8.416480382685908,4.571070330308334,5.125764360981311,5.0321938997010545,True,5.0321938997010545,0.5431094854936966,0.609015185436166,0.5978976568463357,340.0530517101288,2026-09-01 16:00:07
/home/i6408800/MasterThesis/QAOA/Results/warm_start_cache_experiments/Exp4_v2_tf176_L2M2_scs_eps1e-9_gpseed42_alg17seed43/triangleFree_connected_4to8vertices_176instances_AdjacencyList__filehash_279b7452/hog_idx000043_cf7d89a5f488_seed42_L2_M2_amplified.npz,triangleFree_connected_4to8vertices_176instances_AdjacencyList__filehash_279b7452,43,5696b53ea6d9853f,7,6,2,2,amplified,"[1, 1, 1]",scs,1e-09,1000000,42,42,43,7.0000000021142,3.8029190959288988,3.9218231273899664,4.09683373020927,True,4.09683373020927,0.5432741563971869,0.5602604466007806,0.5852619612817013,351.4166920185089,2026-09-01 15:28:49
/home/i6408800/MasterThesis/QAOA/Results/warm_start_cache_experiments/Exp4_v2_tf176_L2M2_scs_eps1e-9_gpseed42_alg17seed43/triangleFree_connected_4to8vertices_176instances_AdjacencyList__filehash_279b7452/hog_idx000044_f92039f143ab_seed42_L2_M2_amplified.npz,triangleFree_connected_4to8vertices_176instances_AdjacencyList__filehash_279b7452,44,5e2366071c0026b4,7,6,2,2,amplified,"[1, 1, 1]",scs,1e-09,1000000,42,42,43,8.466103570977381,3.4215371507003924,3.990911843533265,5.014683612880958,True,5.014683612880958,0.4041454397545704,0.4713988920729124,0.5923248600538951,305.4196836948395,2026-09-01 15:43:35
/home/i6408800/MasterThesis/QAOA/Results/warm_start_cache_experiments/Exp4_v2_tf176_L2M2_scs_eps1e-9_gpseed42_alg17seed43/triangleFree_connected_4to8vertices_176instances_AdjacencyList__filehash_279b7452/hog_idx000045_e3f2dc2813e8_seed42_L2_M2_amplified.npz,triangleFree_connected_4to8vertices_176instances_AdjacencyList__filehash_279b7452,45,5641abfdefce050f,8,12,2,2,amplified,"[1, 1, 1]",scs,1e-09,1000000,42,42,43,14.819538925793863,7.741400079194417,7.9985026840894,8.71032754470563,True,8.71032754470563,0.522377930781657,0.5397268244403852,0.5877596859336182,1122.7069396972656,2026-09-01 14:54:35
/home/i6408800/MasterThesis/QAOA/Results/warm_start_cache_experiments/Exp4_v2_tf176_L2M2_scs_eps1e-9_gpseed42_alg17seed43/triangleFree_connected_4to8vertices_176instances_AdjacencyList__filehash_279b7452/hog_idx000046_68b5a5d27dfc_seed42_L2_M2_amplified.npz,triangleFree_connected_4to8vertices_176instances_AdjacencyList__filehash_279b7452,46,acce749659cb1d86,8,7,2,2,amplified,"[1, 1, 1]",scs,1e-09,1000000,42,42,43,7.999999999975537,6.059360405427278,6.2392486037336905,4.68868197995101,True,4.68868197995101,0.7574200506807259,0.7799060754690962,0.5860852474956685,872.6212155818939,2026-09-01 15:14:06
/home/i6408800/MasterThesis/QAOA/Results/warm_start_cache_experiments/Exp4_v2_tf176_L2M2_scs_eps1e-9_gpseed42_alg17seed43/triangleFree_connected_4to8vertices_176instances_AdjacencyList__filehash_279b7452/hog_idx000047_00d5ff2e849f_seed42_L2_M2_amplified.npz,triangleFree_connected_4to8vertices_176instances_AdjacencyList__filehash_279b7452,47,7f59f9af5f23d566,6,6,2,2,amplified,"[1, 1, 1]",scs,1e-09,1000000,42,42,43,8.605551276810486,3.6329304649084393,3.8973109400607795,5.02328234080701,True,5.02328234080701,0.42216127102724427,0.4528833557198043,0.5837258043355489,100.91090941429138,2026-09-01 14:45:05
/home/i6408800/MasterThesis/QAOA/Results/warm_start_cache_experiments/Exp4_v2_tf176_L2M2_scs_eps1e-9_gpseed42_alg17seed43/triangleFree_connected_4to8vertices_176instances_AdjacencyList__filehash_279b7452/hog_idx000048_cfa056765592_seed42_L2_M2_amplified.npz,triangleFree_connected_4to8vertices_176instances_AdjacencyList__filehash_279b7452,48,177b335798d174e9,4,4,2,2,amplified,"[1, 1, 1]",scs,1e-09,1000000,42,42,43,6.0000000048203885,2.8162823887444612,3.0889621983069735,3.5110508109106107,True,3.5110508109106107,0.46938039774697754,0.5148270326375511,0.5851751346816398,6.6164751052856445,2026-09-01 15:46:44
/home/i6408800/MasterThesis/QAOA/Results/warm_start_cache_experiments/Exp4_v2_tf176_L2M2_scs_eps1e-9_gpseed42_alg17seed43/triangleFree_connected_4to8vertices_176instances_AdjacencyList__filehash_279b7452/hog_idx000049_0e6a6e65a39c_seed42_L2_M2_amplified.npz,triangleFree_connected_4to8vertices_176instances_AdjacencyList__filehash_279b7452,49,3750301b4800dfb1,8,7,2,2,amplified,"[1, 1, 1]",scs,1e-09,1000000,42,42,43,10.156413763090749,5.747224652020769,6.365510132938273,6.123413478523585,True,6.123413478523585,0.5658714568036467,0.6267478148705468,0.6029109901741675,1238.9416146278381,2026-09-01 14:56:49
/home/i6408800/MasterThesis/QAOA/Results/warm_start_cache_experiments/Exp4_v2_tf176_L2M2_scs_eps1e-9_gpseed42_alg17seed43/triangleFree_connected_4to8vertices_176instances_AdjacencyList__filehash_279b7452/hog_idx000050_6f33236d3bfd_seed42_L2_M2_amplified.npz,triangleFree_connected_4to8vertices_176instances_AdjacencyList__filehash_279b7452,50,a91bb93f2533873d,8,7,2,2,amplified,"[1, 1, 1]",scs,1e-09,1000000,42,42,43,10.168975864559263,4.386206164534248,5.062226393253401,6.114073865007386,True,6.114073865007386,0.4313321442546616,0.4978108376573283,0.6012477506526541,1365.6698257923126,2026-09-01 15:30:21
/home/i6408800/MasterThesis/QAOA/Results/warm_start_cache_experiments/Exp4_v2_tf176_L2M2_scs_eps1e-9_gpseed42_alg17seed43/triangleFree_connected_4to8vertices_176instances_AdjacencyList__filehash_279b7452/hog_idx000051_c3300c07e0ef_seed42_L2_M2_amplified.npz,triangleFree_connected_4to8vertices_176instances_AdjacencyList__filehash_279b7452,51,b9d2905c295a3750,7,6,2,2,amplified,"[1, 1, 1]",scs,1e-09,1000000,42,42,43,8.433779458826638,3.9330485887180227,4.479348874191453,5.01903674622554,True,5.01903674622554,0.4663447281161433,0.5311199914652083,0.5951112156451647,391.9798719882965,2026-09-01 14:49:56
/home/i6408800/MasterThesis/QAOA/Results/warm_start_cache_experiments/Exp4_v2_tf176_L2M2_scs_eps1e-9_gpseed42_alg17seed43/triangleFree_connected_4to8vertices_176instances_AdjacencyList__filehash_279b7452/hog_idx000052_d17c9184af2d_seed42_L2_M2_amplified.npz,triangleFree_connected_4to8vertices_176instances_AdjacencyList__filehash_279b7452,52,b2f04170d67007b6,7,7,2,2,amplified,"[1, 1, 1]",scs,1e-09,1000000,42,42,43,9.792380648831243,4.961187735637856,5.318726818500976,5.728758667549302,True,5.728758667549302,0.5066375494941562,0.543149516878287,0.5850220567388841,411.5858197212219,2026-09-01 14:42:50
/home/i6408800/MasterThesis/QAOA/Results/warm_start_cache_experiments/Exp4_v2_tf176_L2M2_scs_eps1e-9_gpseed42_alg17seed43/triangleFree_connected_4to8vertices_176instances_AdjacencyList__filehash_279b7452/hog_idx000053_fcc007c4b00b_seed42_L2_M2_amplified.npz,triangleFree_connected_4to8vertices_176instances_AdjacencyList__filehash_279b7452,53,6cedd864def76fdc,7,7,2,2,amplified,"[1, 1, 1]",scs,1e-09,1000000,42,42,43,9.68492339986161,5.868910125477558,6.38766321740966,5.6780602109379625,True,5.6780602109379625,0.6059841552862896,0.6595471077758792,0.5862782777424029,352.5428853034973,2026-09-01 15:44:23
/home/i6408800/MasterThesis/QAOA/Results/warm_start_cache_experiments/Exp4_v2_tf176_L2M2_scs_eps1e-9_gpseed42_alg17seed43/triangleFree_connected_4to8vertices_176instances_AdjacencyList__filehash_279b7452/hog_idx000054_85637b102816_seed42_L2_M2_amplified.npz,triangleFree_connected_4to8vertices_176instances_AdjacencyList__filehash_279b7452,54,58e35830464871ce,7,8,2,2,amplified,"[1, 1, 1]",scs,1e-09,1000000,42,42,43,10.613384680455457,5.238097905594036,5.597798882453711,6.2078088021108355,True,6.2078088021108355,0.4935369878037108,0.5274282475374755,0.5849037784847761,366.469277381897,2026-09-01 15:36:43
/home/i6408800/MasterThesis/QAOA/Results/warm_start_cache_experiments/Exp4_v2_tf176_L2M2_scs_eps1e-9_gpseed42_alg17seed43/triangleFree_connected_4to8vertices_176instances_AdjacencyList__filehash_279b7452/hog_idx000055_2c0bda49f51c_seed42_L2_M2_amplified.npz,triangleFree_connected_4to8vertices_176instances_AdjacencyList__filehash_279b7452,55,5062af503cdda078,7,8,2,2,amplified,"[1, 1, 1]",scs,1e-09,1000000,42,42,43,10.715176825605559,6.810930059435205,7.169799316500049,6.252789687693512,True,6.252789687693512,0.6356339396247239,0.669125618101487,0.5835451705054006,296.7673063278198,2026-09-01 15:12:32
/home/i6408800/MasterThesis/QAOA/Results/warm_start_cache_experiments/Exp4_v2_tf176_L2M2_scs_eps1e-9_gpseed42_alg17seed43/triangleFree_connected_4to8vertices_176instances_AdjacencyList__filehash_279b7452/hog_idx000056_cbcc7c9c36ce_seed42_L2_M2_amplified.npz,triangleFree_connected_4to8vertices_176instances_AdjacencyList__filehash_279b7452,56,f29d36a66fa48aab,6,7,2,2,amplified,"[1, 1, 1]",scs,1e-09,1000000,42,42,43,8.945995203997928,4.152573572158079,4.433561814698095,5.217367698954295,True,5.217367698954295,0.46418240536305133,0.49559179427200617,0.5832070753427941,107.57354879379272,2026-09-01 15:32:24
/home/i6408800/MasterThesis/QAOA/Results/warm_start_cache_experiments/Exp4_v2_tf176_L2M2_scs_eps1e-9_gpseed42_alg17seed43/triangleFree_connected_4to8vertices_176instances_AdjacencyList__filehash_279b7452/hog_idx000057_84aacabbd721_seed42_L2_M2_amplified.npz,triangleFree_connected_4to8vertices_176instances_AdjacencyList__filehash_279b7452,57,3b326ace2f6e0341,7,6,2,2,amplified,"[1, 1, 1]",scs,1e-09,1000000,42,42,43,7.889234090858013,4.576669480332423,4.966652251609943,4.616284384584471,True,4.616284384584471,0.580115817026628,0.6295480897651731,0.5851372048820035,392.565203666687,2026-09-01 14:42:39
/home/i6408800/MasterThesis/QAOA/Results/warm_start_cache_experiments/Exp4_v2_tf176_L2M2_scs_eps1e-9_gpseed42_alg17seed43/triangleFree_connected_4to8vertices_176instances_AdjacencyList__filehash_279b7452/hog_idx000058_c1169d01da54_seed42_L2_M2_amplified.npz,triangleFree_connected_4to8vertices_176instances_AdjacencyList__filehash_279b7452,58,1d44b8b783940a2d,7,10,2,2,amplified,"[1, 1, 1]",scs,1e-09,1000000,42,42,43,12.84342062232263,6.61078604267164,7.061323306575353,7.490332550847335,True,7.490332550847335,0.5147216023729456,0.54980082909551,0.5832038653183008,1260.9837307929993,2026-09-01 15:43:59
/home/i6408800/MasterThesis/QAOA/Results/warm_start_cache_experiments/Exp4_v2_tf176_L2M2_scs_eps1e-9_gpseed42_alg17seed43/triangleFree_connected_4to8vertices_176instances_AdjacencyList__filehash_279b7452/hog_idx000059_f4e85cf4a95f_seed42_L2_M2_amplified.npz,triangleFree_connected_4to8vertices_176instances_AdjacencyList__filehash_279b7452,59,bd6159187dfe622c,7,11,2,2,amplified,"[1, 1, 1]",scs,1e-09,1000000,42,42,43,13.905145961433535,10.11721016075867,10.61301491859318,8.110969659253977,True,8.110969659253977,0.7275874837142413,0.7632436903595828,0.583307049185249,507.90587425231934,2026-09-01 14:44:16
/home/i6408800/MasterThesis/QAOA/Results/warm_start_cache_experiments/Exp4_v2_tf176_L2M2_scs_eps1e-9_gpseed42_alg17seed43/triangleFree_connected_4to8vertices_176instances_AdjacencyList__filehash_279b7452/hog_idx000060_4887f0dd899b_seed42_L2_M2_amplified.npz,triangleFree_connected_4to8vertices_176instances_AdjacencyList__filehash_279b7452,60,360ecc97afad15c3,6,8,2,2,amplified,"[1, 1, 1]",scs,1e-09,1000000,42,42,43,10.000000000202538,4.668151524524132,4.941968759785123,5.833604869983928,True,5.833604869983928,0.46681515244295835,0.4941968759685029,0.5833604869865775,98.9031617641449,2026-09-01 15:01:12
/home/i6408800/MasterThesis/QAOA/Results/warm_start_cache_experiments/Exp4_v2_tf176_L2M2_scs_eps1e-9_gpseed42_alg17seed43/triangleFree_connected_4to8vertices_176instances_AdjacencyList__filehash_279b7452/hog_idx000061_7a7f95441d74_seed42_L2_M2_amplified.npz,triangleFree_connected_4to8vertices_176instances_AdjacencyList__filehash_279b7452,61,33473266a82af709,7,6,2,2,amplified,"[1, 1, 1]",scs,1e-09,1000000,42,42,43,8.659190025132036,5.1414355540643015,5.701794426811506,5.122995772068603,True,5.122995772068603,0.5937547898985973,0.6584674097996325,0.5916252856444836,376.889196395874,2026-09-01 15:44:47
/home/i6408800/MasterThesis/QAOA/Results/warm_start_cache_experiments/Exp4_v2_tf176_L2M2_scs_eps1e-9_gpseed42_alg17seed43/triangleFree_connected_4to8vertices_176instances_AdjacencyList__filehash_279b7452/hog_idx000062_e84a9925662e_seed42_L2_M2_amplified.npz,triangleFree_connected_4to8vertices_176instances_AdjacencyList__filehash_279b7452,62,b7dc86538b0a298e,7,7,2,2,amplified,"[1, 1, 1]",scs,1e-09,1000000,42,42,43,9.275653647086141,5.513928204900372,5.898734429866684,5.440876841493614,True,5.440876841493614,0.5944517135601026,0.6359373316747026,0.5865761108062517,327.3435175418854,2026-09-01 14:48:52
/home/i6408800/MasterThesis/QAOA/Results/warm_start_cache_experiments/Exp4_v2_tf176_L2M2_scs_eps1e-9_gpseed42_alg17seed43/triangleFree_connected_4to8vertices_176instances_AdjacencyList__filehash_279b7452/hog_idx000063_391b8c12c0f1_seed42_L2_M2_amplified.npz,triangleFree_connected_4to8vertices_176instances_AdjacencyList__filehash_279b7452,63,d30159051681f508,7,8,2,2,amplified,"[1, 1, 1]",scs,1e-09,1000000,42,42,43,9.946716600134383,6.0989023441137,6.40128468892164,5.803561822390815,True,5.803561822390815,0.6131573452119167,0.6435575623854767,0.583465082569298,367.9491627216339,2026-09-01 15:29:06
/home/i6408800/MasterThesis/QAOA/Results/warm_start_cache_experiments/Exp4_v2_tf176_L2M2_scs_eps1e-9_gpseed42_alg17seed43/triangleFree_connected_4to8vertices_176instances_AdjacencyList__filehash_279b7452/hog_idx000064_0dde3878596b_seed42_L2_M2_amplified.npz,triangleFree_connected_4to8vertices_176instances_AdjacencyList__filehash_279b7452,64,ff086128c2e669ed,7,8,2,2,amplified,"[1, 1, 1]",scs,1e-09,1000000,42,42,43,10.791886302537469,7.532392878932039,7.9442682769223385,6.3208581507244315,True,6.3208581507244315,0.697968146417644,0.7361334297095423,0.5857046649238905,384.28333568573,2026-09-01 15:05:57
/home/i6408800/MasterThesis/QAOA/Results/warm_start_cache_experiments/Exp4_v2_tf176_L2M2_scs_eps1e-9_gpseed42_alg17seed43/triangleFree_connected_4to8vertices_176instances_AdjacencyList__filehash_279b7452/hog_idx000065_7c60ba700ffd_seed42_L2_M2_amplified.npz,triangleFree_connected_4to8vertices_176instances_AdjacencyList__filehash_279b7452,65,f93ec1c65b7dfdab,7,9,2,2,amplified,"[1, 1, 1]",scs,1e-09,1000000,42,42,43,11.794753908687888,8.183115140577886,8.416753015848059,6.879809586481426,True,6.879809586481426,0.6937927831245629,0.7136014096613216,0.5832940339190827,384.2743103504181,2026-09-01 15:52:57
/home/i6408800/MasterThesis/QAOA/Results/warm_start_cache_experiments/Exp4_v2_tf176_L2M2_scs_eps1e-9_gpseed42_alg17seed43/triangleFree_connected_4to8vertices_176instances_AdjacencyList__filehash_279b7452/hog_idx000066_25b180cdbea7_seed42_L2_M2_amplified.npz,triangleFree_connected_4to8vertices_176instances_AdjacencyList__filehash_279b7452,66,0315d21e994b3498,7,10,2,2,amplified,"[1, 1, 1]",scs,1e-09,1000000,42,42,43,12.000000000743356,7.021635544930702,7.328663805032601,7.011906703885913,True,7.011906703885913,0.5851362953746448,0.6107219837148848,0.5843255586209626,260.4921679496765,2026-09-01 15:35:45
/home/i6408800/MasterThesis/QAOA/Results/warm_start_cache_experiments/Exp4_v2_tf176_L2M2_scs_eps1e-9_gpseed42_alg17seed43/triangleFree_connected_4to8vertices_176instances_AdjacencyList__filehash_279b7452/hog_idx000067_858fce9fce83_seed42_L2_M2_amplified.npz,triangleFree_connected_4to8vertices_176instances_AdjacencyList__filehash_279b7452,67,a2575dc750d021c9,6,6,2,2,amplified,"[1, 1, 1]",scs,1e-09,1000000,42,42,43,8.701562118546008,4.975544758586171,5.534612879524197,5.1474640162755945,True,5.1474640162755945,0.5717990276690184,0.6360481950393759,0.5915563143891815,102.31717085838318,2026-09-01 15:48:15
/home/i6408800/MasterThesis/QAOA/Results/warm_start_cache_experiments/Exp4_v2_tf176_L2M2_scs_eps1e-9_gpseed42_alg17seed43/triangleFree_connected_4to8vertices_176instances_AdjacencyList__filehash_279b7452/hog_idx000068_00cdbfc79b2d_seed42_L2_M2_amplified.npz,triangleFree_connected_4to8vertices_176instances_AdjacencyList__filehash_279b7452,68,cb8a10a5c181861a,7,10,2,2,amplified,"[1, 1, 1]",scs,1e-09,1000000,42,42,43,12.370207993866908,8.800732022126034,9.078297930841353,7.221930798087715,True,7.221930798087715,0.7114457595611486,0.733884016771774,0.5838164404081415,323.6551239490509,2026-09-01 14:56:06
/home/i6408800/MasterThesis/QAOA/Results/warm_start_cache_experiments/Exp4_v2_tf176_L2M2_scs_eps1e-9_gpseed42_alg17seed43/triangleFree_connected_4to8vertices_176instances_AdjacencyList__filehash_279b7452/hog_idx000069_0b7538d2afdd_seed42_L2_M2_amplified.npz,triangleFree_connected_4to8vertices_176instances_AdjacencyList__filehash_279b7452,69,8314e08450264383,6,7,2,2,amplified,"[1, 1, 1]",scs,1e-09,1000000,42,42,43,9.162277660177669,4.586643629745572,4.795551247354679,5.504652099724012,True,5.504652099724012,0.5006008112677771,0.5234016502466142,0.6007951629373858,103.52509880065918,2026-09-01 15:32:20
/home/i6408800/MasterThesis/QAOA/Results/warm_start_cache_experiments/Exp4_v2_tf176_L2M2_scs_eps1e-9_gpseed42_alg17seed43/triangleFree_connected_4to8vertices_176instances_AdjacencyList__filehash_279b7452/hog_idx000070_97b65fe3a6a5_seed42_L2_M2_amplified.npz,triangleFree_connected_4to8vertices_176instances_AdjacencyList__filehash_279b7452,70,87d323429096705f,6,7,2,2,amplified,"[1, 1, 1]",scs,1e-09,1000000,42,42,43,9.561552812981047,5.230284648656321,5.727876686200711,5.615349564265301,True,5.615349564265301,0.5470120545227268,0.5990529779247128,0.5872842700446874,101.17102646827698,2026-09-01 15:17:19
/home/i6408800/MasterThesis/QAOA/Results/warm_start_cache_experiments/Exp4_v2_tf176_L2M2_scs_eps1e-9_gpseed42_alg17seed43/triangleFree_connected_4to8vertices_176instances_AdjacencyList__filehash_279b7452/hog_idx000071_75c9054e8aad_seed42_L2_M2_amplified.npz,triangleFree_connected_4to8vertices_176instances_AdjacencyList__filehash_279b7452,71,acc4f5fa5a69c528,7,6,2,2,amplified,"[1, 1, 1]",scs,1e-09,1000000,42,42,43,8.57370799666165,3.9479303886624626,4.575097920103837,5.078506784540957,True,5.078506784540957,0.460469424687623,0.533619517003057,0.592334936822945,388.52186465263367,2026-09-01 15:06:01
/home/i6408800/MasterThesis/QAOA/Results/warm_start_cache_experiments/Exp4_v2_tf176_L2M2_scs_eps1e-9_gpseed42_alg17seed43/triangleFree_connected_4to8vertices_176instances_AdjacencyList__filehash_279b7452/hog_idx000072_34ec164a14aa_seed42_L2_M2_amplified.npz,triangleFree_connected_4to8vertices_176instances_AdjacencyList__filehash_279b7452,72,3889162a8ad7a7c0,6,8,2,2,amplified,"[1, 1, 1]",scs,1e-09,1000000,42,42,43,10.828427124778827,5.609964470079351,6.0009594796911765,6.321509059571554,True,6.321509059571554,0.5180775015091525,0.5541857012602601,0.5837882996973738,102.91292905807495,2026-09-01 15:09:18
/home/i6408800/MasterThesis/QAOA/Results/warm_start_cache_experiments/Exp4_v2_tf176_L2M2_scs_eps1e-9_gpseed42_alg17seed43/triangleFree_connected_4to8vertices_176instances_AdjacencyList__filehash_279b7452/hog_idx000073_b38bb29fe709_seed42_L2_M2_amplified.npz,triangleFree_connected_4to8vertices_176instances_AdjacencyList__filehash_279b7452,73,b21c2851d7984c4b,6,6,2,2,amplified,"[1, 1, 1]",scs,1e-09,1000000,42,42,43,8.333173977778236,5.453821729199243,5.64385495623685,4.920829340092058,True,4.920829340092058,0.6544711227369963,0.6772755460628936,0.5905108129524537,104.0828161239624,2026-09-01 15:56:11
/home/i6408800/MasterThesis/QAOA/Results/warm_start_cache_experiments/Exp4_v2_tf176_L2M2_scs_eps1e-9_gpseed42_alg17seed43/triangleFree_connected_4to8vertices_176instances_AdjacencyList__filehash_279b7452/hog_idx000074_f3fe6aec043c_seed42_L2_M2_amplified.npz,triangleFree_connected_4to8vertices_176instances_AdjacencyList__filehash_279b7452,74,48a2ce4d03f483ac,8,12,2,2,amplified,"[1, 1, 1]",scs,1e-09,1000000,42,42,43,15.67926259750315,7.538923587115975,8.011895710452677,9.138682437375444,True,9.138682437375444,0.4808213103284917,0.5109867674343648,0.5828515455076781,1056.2749469280243,2026-09-01 15:17:12
/home/i6408800/MasterThesis/QAOA/Results/warm_start_cache_experiments/Exp4_v2_tf176_L2M2_scs_eps1e-9_gpseed42_alg17seed43/triangleFree_connected_4to8vertices_176instances_AdjacencyList__filehash_279b7452/hog_idx000075_aac00977767b_seed42_L2_M2_amplified.npz,triangleFree_connected_4to8vertices_176instances_AdjacencyList__filehash_279b7452,75,7f3e036fb81cabe8,6,7,2,2,amplified,"[1, 1, 1]",scs,1e-09,1000000,42,42,43,9.758770483203609,5.2394556993403665,5.715305984798633,5.710792511473985,True,5.710792511473985,0.5368971130490567,0.5856584079557543,0.5851959036543757,102.07479333877563,2026-09-01 15:01:15
/home/i6408800/MasterThesis/QAOA/Results/warm_start_cache_experiments/Exp4_v2_tf176_L2M2_scs_eps1e-9_gpseed42_alg17seed43/triangleFree_connected_4to8vertices_176instances_AdjacencyList__filehash_279b7452/hog_idx000076_ae6bd3b4b6de_seed42_L2_M2_amplified.npz,triangleFree_connected_4to8vertices_176instances_AdjacencyList__filehash_279b7452,76,c281b2075133aad1,7,8,2,2,amplified,"[1, 1, 1]",scs,1e-09,1000000,42,42,43,10.194042564647992,5.498110134560246,5.753565138485788,5.95928307540636,True,5.95928307540636,0.5393454166678869,0.5644046610555292,0.5845848727444605,287.45928263664246,2026-09-01 15:35:28
/home/i6408800/MasterThesis/QAOA/Results/warm_start_cache_experiments/Exp4_v2_tf176_L2M2_scs_eps1e-9_gpseed42_alg17seed43/triangleFree_connected_4to8vertices_176instances_AdjacencyList__filehash_279b7452/hog_idx000077_b5cef4816c6c_seed42_L2_M2_amplified.npz,triangleFree_connected_4to8vertices_176instances_AdjacencyList__filehash_279b7452,77,6dfde6d3688d6b41,8,10,2,2,amplified,"[1, 1, 1]",scs,1e-09,1000000,42,42,43,12.60892069434927,5.63462158128076,6.234020009678327,7.409201070666105,True,7.409201070666105,0.44687580466787563,0.4944134522530642,0.5876158039432006,941.2483668327332,2026-09-01 15:31:19
/home/i6408800/MasterThesis/QAOA/Results/warm_start_cache_experiments/Exp4_v2_tf176_L2M2_scs_eps1e-9_gpseed42_alg17seed43/triangleFree_connected_4to8vertices_176instances_AdjacencyList__filehash_279b7452/hog_idx000078_27d16e5f3373_seed42_L2_M2_amplified.npz,triangleFree_connected_4to8vertices_176instances_AdjacencyList__filehash_279b7452,78,0a819dcb833bc3da,8,7,2,2,amplified,"[1, 1, 1]",scs,1e-09,1000000,42,42,43,9.677131916434128,4.905346502232306,5.445608729061125,5.679676666491403,True,5.679676666491403,0.5069008611840697,0.5627296161803018,0.5869173548048806,979.7668623924255,2026-09-01 15:54:50
/home/i6408800/MasterThesis/QAOA/Results/warm_start_cache_experiments/Exp4_v2_tf176_L2M2_scs_eps1e-9_gpseed42_alg17seed43/triangleFree_connected_4to8vertices_176instances_AdjacencyList__filehash_279b7452/hog_idx000079_f000b69f04d2_seed42_L2_M2_amplified.npz,triangleFree_connected_4to8vertices_176instances_AdjacencyList__filehash_279b7452,79,70160eaa5ed28cdf,7,7,2,2,amplified,"[1, 1, 1]",scs,1e-09,1000000,42,42,43,9.281289915838183,5.4545700432547015,5.8883479976610245,5.487248206443432,True,5.487248206443432,0.5876952549393675,0.6344320725950789,0.5912161193326849,361.701073884964,2026-09-01 15:05:35
/home/i6408800/MasterThesis/QAOA/Results/warm_start_cache_experiments/Exp4_v2_tf176_L2M2_scs_eps1e-9_gpseed42_alg17seed43/triangleFree_connected_4to8vertices_176instances_AdjacencyList__filehash_279b7452/hog_idx000080_ad9a6bbf2891_seed42_L2_M2_amplified.npz,triangleFree_connected_4to8vertices_176instances_AdjacencyList__filehash_279b7452,80,cdcd0b6955b05988,8,11,2,2,amplified,"[1, 1, 1]",scs,1e-09,1000000,42,42,43,13.482968118115028,7.53092215555189,7.9260481887872825,7.904042290781688,True,7.904042290781688,0.5585507649041851,0.5878563324746164,0.5862242068318934,1123.1984508037567,2026-09-01 14:54:30
/home/i6408800/MasterThesis/QAOA/Results/warm_start_cache_experiments/Exp4_v2_tf176_L2M2_scs_eps1e-9_gpseed42_alg17seed43/triangleFree_connected_4to8vertices_176instances_AdjacencyList__filehash_279b7452/hog_idx000081_2947fd185a30_seed42_L2_M2_amplified.npz,triangleFree_connected_4to8vertices_176instances_AdjacencyList__filehash_279b7452,81,5888e0090be11dd4,8,8,2,2,amplified,"[1, 1, 1]",scs,1e-09,1000000,42,42,43,10.759215772068755,6.16638376063584,6.62006610269921,6.295082897678069,True,6.295082897678069,0.5731257641141426,0.6152926238253441,0.5850875222727935,967.1031000614166,2026-09-01 15:23:42
/home/i6408800/MasterThesis/QAOA/Results/warm_start_cache_experiments/Exp4_v2_tf176_L2M2_scs_eps1e-9_gpseed42_alg17seed43/triangleFree_connected_4to8vertices_176instances_AdjacencyList__filehash_279b7452/hog_idx000082_c4d5c0107c64_seed42_L2_M2_amplified.npz,triangleFree_connected_4to8vertices_176instances_AdjacencyList__filehash_279b7452,82,41083d0f791df107,8,10,2,2,amplified,"[1, 1, 1]",scs,1e-09,1000000,42,42,43,13.127182625626395,6.25865626067008,6.751095916292804,7.675603631700156,True,7.675603631700156,0.4767707160904554,0.5142836897167536,0.5847106611220697,1000.7229611873627,2026-09-01 15:32:18
/home/i6408800/MasterThesis/QAOA/Results/warm_start_cache_experiments/Exp4_v2_tf176_L2M2_scs_eps1e-9_gpseed42_alg17seed43/triangleFree_connected_4to8vertices_176instances_AdjacencyList__filehash_279b7452/hog_idx000083_b07e1ca4e5a8_seed42_L2_M2_amplified.npz,triangleFree_connected_4to8vertices_176instances_AdjacencyList__filehash_279b7452,83,add18610d9fc75be,7,9,2,2,amplified,"[1, 1, 1]",scs,1e-09,1000000,42,42,43,11.793148778348423,6.120533944738307,6.535957298910649,6.874043596651967,True,6.874043596651967,0.5189906495519901,0.5542164710844919,0.5828844972491432,339.431214094162,2026-09-01 15:52:13
/home/i6408800/MasterThesis/QAOA/Results/warm_start_cache_experiments/Exp4_v2_tf176_L2M2_scs_eps1e-9_gpseed42_alg17seed43/triangleFree_connected_4to8vertices_176instances_AdjacencyList__filehash_279b7452/hog_idx000084_1d7e86d6a4b8_seed42_L2_M2_amplified.npz,triangleFree_connected_4to8vertices_176instances_AdjacencyList__filehash_279b7452,84,176506c299bacb50,8,7,2,2,amplified,"[1, 1, 1]",scs,1e-09,1000000,42,42,43,8.89150448581054,6.253451976286781,6.575857337194543,5.206963404009814,True,5.206963404009814,0.7033063961522282,0.739566329600192,0.5856110641702221,758.9623332023621,2026-09-01 16:07:41
/home/i6408800/MasterThesis/QAOA/Results/warm_start_cache_experiments/Exp4_v2_tf176_L2M2_scs_eps1e-9_gpseed42_alg17seed43/triangleFree_connected_4to8vertices_176instances_AdjacencyList__filehash_279b7452/hog_idx000085_ffe487c8a3ab_seed42_L2_M2_amplified.npz,triangleFree_connected_4to8vertices_176instances_AdjacencyList__filehash_279b7452,85,ff8f7c38d71fe068,8,7,2,2,amplified,"[1, 1, 1]",scs,1e-09,1000000,42,42,43,9.754626399584353,6.0518985389937,6.494772728848043,5.7178958886760425,True,5.7178958886760425,0.6204131548545594,0.6658146055829248,0.5861727199433987,1185.7087693214417,2026-09-01 15:50:22
/home/i6408800/MasterThesis/QAOA/Results/warm_start_cache_experiments/Exp4_v2_tf176_L2M2_scs_eps1e-9_gpseed42_alg17seed43/triangleFree_connected_4to8vertices_176instances_AdjacencyList__filehash_279b7452/hog_idx000086_a69cd680e2c0_seed42_L2_M2_amplified.npz,triangleFree_connected_4to8vertices_176instances_AdjacencyList__filehash_279b7452,86,1904eaf13f837785,8,7,2,2,amplified,"[1, 1, 1]",scs,1e-09,1000000,42,42,43,10.222457051462927,6.44433047608866,6.833076710699176,6.110310881346179,True,6.110310881346179,0.6304091515030056,0.6684378008437121,0.5977340722083776,1763.859986782074,2026-09-01 16:15:57
/home/i6408800/MasterThesis/QAOA/Results/warm_start_cache_experiments/Exp4_v2_tf176_L2M2_scs_eps1e-9_gpseed42_alg17seed43/triangleFree_connected_4to8vertices_176instances_AdjacencyList__filehash_279b7452/hog_idx000087_6c027932a52c_seed42_L2_M2_amplified.npz,triangleFree_connected_4to8vertices_176instances_AdjacencyList__filehash_279b7452,87,df7b03ac05e7bd74,8,10,2,2,amplified,"[1, 1, 1]",scs,1e-09,1000000,42,42,43,12.30771349591255,6.0065283706298445,6.311943622320169,7.197167878186341,True,7.197167878186341,0.4880295899498019,0.512844536429646,0.584768883397924,1185.959641456604,2026-09-01 14:55:40
/home/i6408800/MasterThesis/QAOA/Results/warm_start_cache_experiments/Exp4_v2_tf176_L2M2_scs_eps1e-9_gpseed42_alg17seed43/triangleFree_connected_4to8vertices_176instances_AdjacencyList__filehash_279b7452/hog_idx000088_0e39869a0291_seed42_L2_M2_amplified.npz,triangleFree_connected_4to8vertices_176instances_AdjacencyList__filehash_279b7452,88,9cb6bcfebfed31c2,8,7,2,2,amplified,"[1, 1, 1]",scs,1e-09,1000000,42,42,43,8.935236575385833,6.4054343050492815,6.765985673189218,5.213727670346588,True,5.213727670346588,0.7168734986485445,0.7572251295312856,0.5835019169731892,3637.797735929489,2026-09-01 15:36:33
/home/i6408800/MasterThesis/QAOA/Results/warm_start_cache_experiments/Exp4_v2_tf176_L2M2_scs_eps1e-9_gpseed42_alg17seed43/triangleFree_connected_4to8vertices_176instances_AdjacencyList__filehash_279b7452/hog_idx000089_a01c2c5199a5_seed42_L2_M2_amplified.npz,triangleFree_connected_4to8vertices_176instances_AdjacencyList__filehash_279b7452,89,17a67e60aea8d7f9,8,7,2,2,amplified,"[1, 1, 1]",scs,1e-09,1000000,42,42,43,10.203534944403266,6.46770642098414,7.265036436683884,6.1070882209943305,True,6.1070882209943305,0.6338691890825284,0.7120117171420894,0.5985267119944667,1206.276422739029,2026-09-01 15:10:49
/home/i6408800/MasterThesis/QAOA/Results/warm_start_cache_experiments/Exp4_v2_tf176_L2M2_scs_eps1e-9_gpseed42_alg17seed43/triangleFree_connected_4to8vertices_176instances_AdjacencyList__filehash_279b7452/hog_idx000090_9b0e6360a300_seed42_L2_M2_amplified.npz,triangleFree_connected_4to8vertices_176instances_AdjacencyList__filehash_279b7452,90,0150958ebce2cc99,8,7,2,2,amplified,"[1, 1, 1]",scs,1e-09,1000000,42,42,43,9.53044086712327,5.887592450246659,6.222591323435711,5.636526452047181,True,5.636526452047181,0.6177670616011921,0.652917468372476,0.5914234745940506,1132.9667029380798,2026-09-01 15:41:51
/home/i6408800/MasterThesis/QAOA/Results/warm_start_cache_experiments/Exp4_v2_tf176_L2M2_scs_eps1e-9_gpseed42_alg17seed43/triangleFree_connected_4to8vertices_176instances_AdjacencyList__filehash_279b7452/hog_idx000091_e0800c0d9b4d_seed42_L2_M2_amplified.npz,triangleFree_connected_4to8vertices_176instances_AdjacencyList__filehash_279b7452,91,2e402b3f66c9fa44,8,10,2,2,amplified,"[1, 1, 1]",scs,1e-09,1000000,42,42,43,11.960091376818296,8.390036561699196,8.73557048051578,6.989778404475174,True,6.989778404475174,0.70150271409809,0.7303932892559283,0.5844251673547532,924.1793148517609,2026-09-01 15:46:01
/home/i6408800/MasterThesis/QAOA/Results/warm_start_cache_experiments/Exp4_v2_tf176_L2M2_scs_eps1e-9_gpseed42_alg17seed43/triangleFree_connected_4to8vertices_176instances_AdjacencyList__filehash_279b7452/hog_idx000092_f5f76262c0fb_seed42_L2_M2_amplified.npz,triangleFree_connected_4to8vertices_176instances_AdjacencyList__filehash_279b7452,92,67c0dd044db156fa,7,8,2,2,amplified,"[1, 1, 1]",scs,1e-09,1000000,42,42,43,10.457185500101685,7.438806667717974,7.890509746316854,6.135691153712106,True,6.135691153712106,0.7113583925278594,0.7545538659747527,0.586744029132164,359.9250400066376,2026-09-01 15:44:30
/home/i6408800/MasterThesis/QAOA/Results/warm_start_cache_experiments/Exp4_v2_tf176_L2M2_scs_eps1e-9_gpseed42_alg17seed43/triangleFree_connected_4to8vertices_176instances_AdjacencyList__filehash_279b7452/hog_idx000093_366992f809dc_seed42_L2_M2_amplified.npz,triangleFree_connected_4to8vertices_176instances_AdjacencyList__filehash_279b7452,93,46a343c63c6ad397,7,8,2,2,amplified,"[1, 1, 1]",scs,1e-09,1000000,42,42,43,10.768422110082929,5.567452834403512,6.001534253526499,6.293396585111252,True,6.293396585111252,0.5170165858552731,0.5573271731154565,0.584430710532649,369.9699010848999,2026-09-01 15:13:45
/home/i6408800/MasterThesis/QAOA/Results/warm_start_cache_experiments/Exp4_v2_tf176_L2M2_scs_eps1e-9_gpseed42_alg17seed43/triangleFree_connected_4to8vertices_176instances_AdjacencyList__filehash_279b7452/hog_idx000094_f37bd80880f6_seed42_L2_M2_amplified.npz,triangleFree_connected_4to8vertices_176instances_AdjacencyList__filehash_279b7452,94,2feb5af6449c0fd5,8,10,2,2,amplified,"[1, 1, 1]",scs,1e-09,1000000,42,42,43,13.4484891870298,6.727510144427209,7.213139065341558,7.876169373178394,True,7.876169373178394,0.500242819164807,0.5363531148389639,0.5856545864478555,1225.0731811523438,2026-09-01 14:56:09
/home/i6408800/MasterThesis/QAOA/Results/warm_start_cache_experiments/Exp4_v2_tf176_L2M2_scs_eps1e-9_gpseed42_alg17seed43/triangleFree_connected_4to8vertices_176instances_AdjacencyList__filehash_279b7452/hog_idx000095_8637da50c4ad_seed42_L2_M2_amplified.npz,triangleFree_connected_4to8vertices_176instances_AdjacencyList__filehash_279b7452,95,f3fd9a152d025059,8,12,2,2,amplified,"[1, 1, 1]",scs,1e-09,1000000,42,42,43,15.625076306398729,7.336564867127578,7.84172509647069,9.12510013304268,True,9.12510013304268,0.46953785845661006,0.5018679552470009,0.5840035564694043,1133.2486782073975,2026-09-01 15:58:02
/home/i6408800/MasterThesis/QAOA/Results/warm_start_cache_experiments/Exp4_v2_tf176_L2M2_scs_eps1e-9_gpseed42_alg17seed43/triangleFree_connected_4to8vertices_176instances_AdjacencyList__filehash_279b7452/hog_idx000096_ae09a849b411_seed42_L2_M2_amplified.npz,triangleFree_connected_4to8vertices_176instances_AdjacencyList__filehash_279b7452,96,999449a3a44a92a9,7,8,2,2,amplified,"[1, 1, 1]",scs,1e-09,1000000,42,42,43,10.63432245995022,5.159826816984898,5.682510876070989,6.223671425552096,True,6.223671425552096,0.4852050364672741,0.5343557050740014,0.585243813039428,348.60891556739807,2026-09-01 15:05:22
/home/i6408800/MasterThesis/QAOA/Results/warm_start_cache_experiments/Exp4_v2_tf176_L2M2_scs_eps1e-9_gpseed42_alg17seed43/triangleFree_connected_4to8vertices_176instances_AdjacencyList__filehash_279b7452/hog_idx000097_233caf859509_seed42_L2_M2_amplified.npz,triangleFree_connected_4to8vertices_176instances_AdjacencyList__filehash_279b7452,97,8bf5d55bb1e4ed9c,8,9,2,2,amplified,"[1, 1, 1]",scs,1e-09,1000000,42,42,43,11.630025353683976,5.306002795727349,5.915100818127154,6.875772253000219,True,6.875772253000219,0.4562331236919099,0.5086060123036157,0.5912087071093289,1066.8280465602875,2026-09-01 15:56:17
/home/i6408800/MasterThesis/QAOA/Results/warm_start_cache_experiments/Exp4_v2_tf176_L2M2_scs_eps1e-9_gpseed42_alg17seed43/triangleFree_connected_4to8vertices_176instances_AdjacencyList__filehash_279b7452/hog_idx000098_1749d7417c8e_seed42_L2_M2_amplified.npz,triangleFree_connected_4to8vertices_176instances_AdjacencyList__filehash_279b7452,98,fc7972039cc4fec9,8,9,2,2,amplified,"[1, 1, 1]",scs,1e-09,1000000,42,42,43,12.058325909028959,7.354913526955496,7.975829028377156,7.151217860375375,True,7.151217860375375,0.6099448283652982,0.6614375070427533,0.5930522955114964,1091.3783717155457,2026-09-01 14:54:08
/home/i6408800/MasterThesis/QAOA/Results/warm_start_cache_experiments/Exp4_v2_tf176_L2M2_scs_eps1e-9_gpseed42_alg17seed43/triangleFree_connected_4to8vertices_176instances_AdjacencyList__filehash_279b7452/hog_idx000099_0e67a4844fa9_seed42_L2_M2_amplified.npz,triangleFree_connected_4to8vertices_176instances_AdjacencyList__filehash_279b7452,99,a2da71abd9481f3e,8,9,2,2,amplified,"[1, 1, 1]",scs,1e-09,1000000,42,42,43,11.850816068148506,5.386081921228726,5.892297446580164,7.007510313293148,True,7.007510313293148,0.45449038194972274,0.497206050005022,0.5913103598095043,1122.943885564804,2026-09-01 14:54:51
/home/i6408800/MasterThesis/QAOA/Results/warm_start_cache_experiments/Exp4_v2_tf176_L2M2_scs_eps1e-9_gpseed42_alg17seed43/triangleFree_connected_4to8vertices_176instances_AdjacencyList__filehash_279b7452/hog_idx000100_82e76ee73f37_seed42_L2_M2_amplified.npz,triangleFree_connected_4to8vertices_176instances_AdjacencyList__filehash_279b7452,100,689efe9421b42114,8,8,2,2,amplified,"[1, 1, 1]",scs,1e-09,1000000,42,42,43,10.533877826864591,6.3804467502150235,6.787194549691379,6.174494972067823,True,6.174494972067823,0.605707305047999,0.6443206064514978,0.5861559317045603,866.0423829555511,2026-09-01 15:05:09
/home/i6408800/MasterThesis/QAOA/Results/warm_start_cache_experiments/Exp4_v2_tf176_L2M2_scs_eps1e-9_gpseed42_alg17seed43/triangleFree_connected_4to8vertices_176instances_AdjacencyList__filehash_279b7452/hog_idx000101_b4a6b74794ca_seed42_L2_M2_amplified.npz,triangleFree_connected_4to8vertices_176instances_AdjacencyList__filehash_279b7452,101,c37cdebbb6030373,8,9,2,2,amplified,"[1, 1, 1]",scs,1e-09,1000000,42,42,43,11.708771840738558,7.569527087844458,7.979612615201508,6.837746680467302,True,6.837746680467302,0.6464834391518036,0.681507225842243,0.5839849621696954,972.3086700439453,2026-09-01 14:59:37
/home/i6408800/MasterThesis/QAOA/Results/warm_start_cache_experiments/Exp4_v2_tf176_L2M2_scs_eps1e-9_gpseed42_alg17seed43/triangleFree_connected_4to8vertices_176instances_AdjacencyList__filehash_279b7452/hog_idx000102_aee969c859f0_seed42_L2_M2_amplified.npz,triangleFree_connected_4to8vertices_176instances_AdjacencyList__filehash_279b7452,102,1df3d9ca1367da6b,8,9,2,2,amplified,"[1, 1, 1]",scs,1e-09,1000000,42,42,43,12.327643232147377,6.61669460212818,7.032348386373002,7.210731250631119,True,7.210731250631119,0.5367363799816589,0.5704535939225119,0.58492374534553,854.2936041355133,2026-09-01 16:00:51
/home/i6408800/MasterThesis/QAOA/Results/warm_start_cache_experiments/Exp4_v2_tf176_L2M2_scs_eps1e-9_gpseed42_alg17seed43/triangleFree_connected_4to8vertices_176instances_AdjacencyList__filehash_279b7452/hog_idx000103_3b23fa673d26_seed42_L2_M2_amplified.npz,triangleFree_connected_4to8vertices_176instances_AdjacencyList__filehash_279b7452,103,023c475895ec717e,8,10,2,2,amplified,"[1, 1, 1]",scs,1e-09,1000000,42,42,43,12.68438676321889,6.9487298120275005,7.336589563322412,7.408142781115359,True,7.408142781115359,0.5478175604182015,0.5783952902316438,0.5840363369080532,714.1972661018372,2026-09-01 16:06:21
/home/i6408800/MasterThesis/QAOA/Results/warm_start_cache_experiments/Exp4_v2_tf176_L2M2_scs_eps1e-9_gpseed42_alg17seed43/triangleFree_connected_4to8vertices_176instances_AdjacencyList__filehash_279b7452/hog_idx000104_ebd3baa1ada6_seed42_L2_M2_amplified.npz,triangleFree_connected_4to8vertices_176instances_AdjacencyList__filehash_279b7452,104,8f9a42ec845e781e,8,10,2,2,amplified,"[1, 1, 1]",scs,1e-09,1000000,42,42,43,13.01673260176807,5.888154776961052,6.523923515406713,7.7068338409071515,True,7.7068338409071515,0.4523527491193344,0.5011951704777714,0.5920713036588251,933.9185144901276,2026-09-01 15:31:14
/home/i6408800/MasterThesis/QAOA/Results/warm_start_cache_experiments/Exp4_v2_tf176_L2M2_scs_eps1e-9_gpseed42_alg17seed43/triangleFree_connected_4to8vertices_176instances_AdjacencyList__filehash_279b7452/hog_idx000105_dbfb0c8e8189_seed42_L2_M2_amplified.npz,triangleFree_connected_4to8vertices_176instances_AdjacencyList__filehash_279b7452,105,e79a7bf7cbd4b047,8,14,2,2,amplified,"[1, 1, 1]",scs,1e-09,1000000,42,42,43,17.77817375269209,8.098953942428642,8.564207221277986,10.37171927789301,True,10.37171927789301,0.45555601239425636,0.4817259264316244,0.5833962150540044,3396.269119501114,2026-09-01 16:35:06
/home/i6408800/MasterThesis/QAOA/Results/warm_start_cache_experiments/Exp4_v2_tf176_L2M2_scs_eps1e-9_gpseed42_alg17seed43/triangleFree_connected_4to8vertices_176instances_AdjacencyList__filehash_279b7452/hog_idx000106_b417dc0a3a99_seed42_L2_M2_amplified.npz,triangleFree_connected_4to8vertices_176instances_AdjacencyList__filehash_279b7452,106,9cfd8c576ef18d15,8,13,2,2,amplified,"[1, 1, 1]",scs,1e-09,1000000,42,42,43,16.541190924631465,6.799345099672896,7.286574188068548,9.662049222013266,True,9.662049222013266,0.4110553545179145,0.4405108568826275,0.5841205307427727,1198.8924474716187,2026-09-01 15:36:30
/home/i6408800/MasterThesis/QAOA/Results/warm_start_cache_experiments/Exp4_v2_tf176_L2M2_scs_eps1e-9_gpseed42_alg17seed43/triangleFree_connected_4to8vertices_176instances_AdjacencyList__filehash_279b7452/hog_idx000107_c0fb8ed562bc_seed42_L2_M2_amplified.npz,triangleFree_connected_4to8vertices_176instances_AdjacencyList__filehash_279b7452,107,381ba54e512d5352,7,9,2,2,amplified,"[1, 1, 1]",scs,1e-09,1000000,42,42,43,11.312869385735222,7.568820622287748,7.780339979988483,6.615986337465111,True,6.615986337465111,0.6690451700813879,0.6877424033374747,0.5848194752259255,266.9760808944702,2026-09-01 15:20:05
/home/i6408800/MasterThesis/QAOA/Results/warm_start_cache_experiments/Exp4_v2_tf176_L2M2_scs_eps1e-9_gpseed42_alg17seed43/triangleFree_connected_4to8vertices_176instances_AdjacencyList__filehash_279b7452/hog_idx000108_916ab5b37172_seed42_L2_M2_amplified.npz,triangleFree_connected_4to8vertices_176instances_AdjacencyList__filehash_279b7452,108,3a7589cac9aa35a3,8,9,2,2,amplified,"[1, 1, 1]",scs,1e-09,1000000,42,42,43,11.9175783749136,6.234813175200363,6.8305221448378095,7.024848753157357,True,7.024848753157357,0.523161080133913,0.5731468197613032,0.5894527002184105,1061.9234342575073,2026-09-01 15:40:40
/home/i6408800/MasterThesis/QAOA/Results/warm_start_cache_experiments/Exp4_v2_tf176_L2M2_scs_eps1e-9_gpseed42_alg17seed43/triangleFree_connected_4to8vertices_176instances_AdjacencyList__filehash_279b7452/hog_idx000109_c809859b347b_seed42_L2_M2_amplified.npz,triangleFree_connected_4to8vertices_176instances_AdjacencyList__filehash_279b7452,109,c98b5f522c9938d1,8,8,2,2,amplified,"[1, 1, 1]",scs,1e-09,1000000,42,42,43,11.128428605794461,5.2170535011372685,5.729043721452663,6.558441335525646,True,6.558441335525646,0.468804148900304,0.5148115627456699,0.589341188037162,1230.8420414924622,2026-09-01 15:59:01
/home/i6408800/MasterThesis/QAOA/Results/warm_start_cache_experiments/Exp4_v2_tf176_L2M2_scs_eps1e-9_gpseed42_alg17seed43/triangleFree_connected_4to8vertices_176instances_AdjacencyList__filehash_279b7452/hog_idx000110_b9ac9cba867a_seed42_L2_M2_amplified.npz,triangleFree_connected_4to8vertices_176instances_AdjacencyList__filehash_279b7452,110,44b018c0ca3f04e0,8,9,2,2,amplified,"[1, 1, 1]",scs,1e-09,1000000,42,42,43,11.984425822866545,5.382613133807014,5.934608970427109,7.039117341308369,True,7.039117341308369,0.4491340021928185,0.49519343338950345,0.5873554098751715,1125.0984463691711,2026-09-01 15:57:15
/home/i6408800/MasterThesis/QAOA/Results/warm_start_cache_experiments/Exp4_v2_tf176_L2M2_scs_eps1e-9_gpseed42_alg17seed43/triangleFree_connected_4to8vertices_176instances_AdjacencyList__filehash_279b7452/hog_idx000111_c85a996e7769_seed42_L2_M2_amplified.npz,triangleFree_connected_4to8vertices_176instances_AdjacencyList__filehash_279b7452,111,9562dc94eac67a1d,8,8,2,2,amplified,"[1, 1, 1]",scs,1e-09,1000000,42,42,43,11.064375849010974,5.028088250310216,5.672484428095178,6.558245360322037,True,6.558245360322037,0.45443939350267715,0.5126800196869877,0.5927352296974138,1204.2028315067291,2026-09-01 16:06:37
/home/i6408800/MasterThesis/QAOA/Results/warm_start_cache_experiments/Exp4_v2_tf176_L2M2_scs_eps1e-9_gpseed42_alg17seed43/triangleFree_connected_4to8vertices_176instances_AdjacencyList__filehash_279b7452/hog_idx000112_a895dcd34bb3_seed42_L2_M2_amplified.npz,triangleFree_connected_4to8vertices_176instances_AdjacencyList__filehash_279b7452,112,24b5322cede08934,8,11,2,2,amplified,"[1, 1, 1]",scs,1e-09,1000000,42,42,43,14.452201026968906,7.72451387755608,7.890271846895891,8.464315115719169,True,8.464315115719169,0.5344870212600523,0.5459564139864954,0.5856765415817364,1100.9660580158234,2026-09-01 15:17:54
/home/i6408800/MasterThesis/QAOA/Results/warm_start_cache_experiments/Exp4_v2_tf176_L2M2_scs_eps1e-9_gpseed42_alg17seed43/triangleFree_connected_4to8vertices_176instances_AdjacencyList__filehash_279b7452/hog_idx000113_51ea3e47a1e6_seed42_L2_M2_amplified.npz,triangleFree_connected_4to8vertices_176instances_AdjacencyList__filehash_279b7452,113,ad490209915f7096,8,10,2,2,amplified,"[1, 1, 1]",scs,1e-09,1000000,42,42,43,13.590566168085232,6.5322907501617795,7.108527854381618,7.946157608159196,True,7.946157608159196,0.4806489052311579,0.5230486917516797,0.5846818675456791,921.0894694328308,2026-09-01 15:15:10
/home/i6408800/MasterThesis/QAOA/Results/warm_start_cache_experiments/Exp4_v2_tf176_L2M2_scs_eps1e-9_gpseed42_alg17seed43/triangleFree_connected_4to8vertices_176instances_AdjacencyList__filehash_279b7452/hog_idx000114_6e384b89efff_seed42_L2_M2_amplified.npz,triangleFree_connected_4to8vertices_176instances_AdjacencyList__filehash_279b7452,114,ca5faffac9804e55,8,8,2,2,amplified,"[1, 1, 1]",scs,1e-09,1000000,42,42,43,10.729159906969048,6.1857946346851325,6.961818124209996,6.4883434014011545,True,6.4883434014011545,0.5765404456939069,0.6488688941701761,0.6047391834645598,1139.9286875724792,2026-09-01 14:55:15
/home/i6408800/MasterThesis/QAOA/Results/warm_start_cache_experiments/Exp4_v2_tf176_L2M2_scs_eps1e-9_gpseed42_alg17seed43/triangleFree_connected_4to8vertices_176instances_AdjacencyList__filehash_279b7452/hog_idx000115_cbcffd75c564_seed42_L2_M2_amplified.npz,triangleFree_connected_4to8vertices_176instances_AdjacencyList__filehash_279b7452,115,ad9140dacf4bc24d,8,8,2,2,amplified,"[1, 1, 1]",scs,1e-09,1000000,42,42,43,10.77101658288184,6.572274604387115,7.320075378416603,6.470621812584817,True,6.470621812584817,0.6101814581580255,0.6796085886684319,0.6007438353468368,884.6668095588684,2026-09-01 16:01:18
/home/i6408800/MasterThesis/QAOA/Results/warm_start_cache_experiments/Exp4_v2_tf176_L2M2_scs_eps1e-9_gpseed42_alg17seed43/triangleFree_connected_4to8vertices_176instances_AdjacencyList__filehash_279b7452/hog_idx000116_cdbbfefaed6e_seed42_L2_M2_amplified.npz,triangleFree_connected_4to8vertices_176instances_AdjacencyList__filehash_279b7452,116,73d60d22101ce55b,8,8,2,2,amplified,"[1, 1, 1]",scs,1e-09,1000000,42,42,43,10.320636752266287,6.400296761901506,6.792676441943995,6.025740141950204,True,6.025740141950204,0.6201455312818832,0.6581644723085914,0.5838535244084649,930.3234276771545,2026-09-01 15:54:00
/home/i6408800/MasterThesis/QAOA/Results/warm_start_cache_experiments/Exp4_v2_tf176_L2M2_scs_eps1e-9_gpseed42_alg17seed43/triangleFree_connected_4to8vertices_176instances_AdjacencyList__filehash_279b7452/hog_idx000117_cb3416fef913_seed42_L2_M2_amplified.npz,triangleFree_connected_4to8vertices_176instances_AdjacencyList__filehash_279b7452,117,30fa2a81cb0c638c,8,8,2,2,amplified,"[1, 1, 1]",scs,1e-09,1000000,42,42,43,11.011773366686857,5.739207620657076,6.317170244085815,6.517643844888573,True,6.517643844888573,0.5211883163178328,0.5736741970368465,0.5918795845005258,981.1732497215271,2026-09-01 16:02:54
/home/i6408800/MasterThesis/QAOA/Results/warm_start_cache_experiments/Exp4_v2_tf176_L2M2_scs_eps1e-9_gpseed42_alg17seed43/triangleFree_connected_4to8vertices_176instances_AdjacencyList__filehash_279b7452/hog_idx000118_ce7332573d75_seed42_L2_M2_amplified.npz,triangleFree_connected_4to8vertices_176instances_AdjacencyList__filehash_279b7452,118,e2fc6bebc9cda5cb,7,9,2,2,amplified,"[1, 1, 1]",scs,1e-09,1000000,42,42,43,11.221537932694407,6.218384955025349,6.6048099610065005,6.613641975892495,True,6.613641975892495,0.5541473006928784,0.5885833118973041,0.5893703711167237,366.0579357147217,2026-09-01 15:05:39
/home/i6408800/MasterThesis/QAOA/Results/warm_start_cache_experiments/Exp4_v2_tf176_L2M2_scs_eps1e-9_gpseed42_alg17seed43/triangleFree_connected_4to8vertices_176instances_AdjacencyList__filehash_279b7452/hog_idx000119_780aff72fd5a_seed42_L2_M2_amplified.npz,triangleFree_connected_4to8vertices_176instances_AdjacencyList__filehash_279b7452,119,4953e8c7d4f44ae4,8,9,2,2,amplified,"[1, 1, 1]",scs,1e-09,1000000,42,42,43,11.667929209363216,6.344970573073924,6.781184002270792,6.856575280717971,True,6.856575280717971,0.5437957720880109,0.5811814487894789,0.587642859130114,669.563266992569,2026-09-01 16:05:36
/home/i6408800/MasterThesis/QAOA/Results/warm_start_cache_experiments/Exp4_v2_tf176_L2M2_scs_eps1e-9_gpseed42_alg17seed43/triangleFree_connected_4to8vertices_176instances_AdjacencyList__filehash_279b7452/hog_idx000120_7a2711adea08_seed42_L2_M2_amplified.npz,triangleFree_connected_4to8vertices_176instances_AdjacencyList__filehash_279b7452,120,95d5156aeb42b41d,8,10,2,2,amplified,"[1, 1, 1]",scs,1e-09,1000000,42,42,43,12.409740500188025,7.638676632240451,8.346605448310079,7.437361830208762,True,7.437361830208762,0.6155387884319349,0.6725850107972536,0.5993164667783404,681.8590862751007,2026-09-01 16:06:21
/home/i6408800/MasterThesis/QAOA/Results/warm_start_cache_experiments/Exp4_v2_tf176_L2M2_scs_eps1e-9_gpseed42_alg17seed43/triangleFree_connected_4to8vertices_176instances_AdjacencyList__filehash_279b7452/hog_idx000121_9d80e04734bc_seed42_L2_M2_amplified.npz,triangleFree_connected_4to8vertices_176instances_AdjacencyList__filehash_279b7452,121,553b076c257337e5,8,8,2,2,amplified,"[1, 1, 1]",scs,1e-09,1000000,42,42,43,9.930543119397578,6.969811712057646,7.285056529770021,5.795107861476292,True,5.795107861476292,0.7018560443530363,0.7336010168003739,0.5835640399321728,994.8215260505676,2026-09-01 15:32:13
/home/i6408800/MasterThesis/QAOA/Results/warm_start_cache_experiments/Exp4_v2_tf176_L2M2_scs_eps1e-9_gpseed42_alg17seed43/triangleFree_connected_4to8vertices_176instances_AdjacencyList__filehash_279b7452/hog_idx000122_3cef56d9a98e_seed42_L2_M2_amplified.npz,triangleFree_connected_4to8vertices_176instances_AdjacencyList__filehash_279b7452,122,fdeb63dcd98fd59e,7,8,2,2,amplified,"[1, 1, 1]",scs,1e-09,1000000,42,42,43,10.436497185092115,6.221974413338805,6.468662713004404,6.101972004341914,True,6.101972004341914,0.5961745883692191,0.6198116665277776,0.584676246840578,361.4318594932556,2026-09-01 15:05:34
/home/i6408800/MasterThesis/QAOA/Results/warm_start_cache_experiments/Exp4_v2_tf176_L2M2_scs_eps1e-9_gpseed42_alg17seed43/triangleFree_connected_4to8vertices_176instances_AdjacencyList__filehash_279b7452/hog_idx000123_3f103f1de7e6_seed42_L2_M2_amplified.npz,triangleFree_connected_4to8vertices_176instances_AdjacencyList__filehash_279b7452,123,48e8747a2cdd8a14,7,9,2,2,amplified,"[1, 1, 1]",scs,1e-09,1000000,42,42,43,11.38180176760787,7.712535026865555,8.077256693999091,6.648526362324592,True,6.648526362324592,0.6776198693615545,0.709664151504257,0.5841365451686233,357.97121572494507,2026-09-01 15:52:31
/home/i6408800/MasterThesis/QAOA/Results/warm_start_cache_experiments/Exp4_v2_tf176_L2M2_scs_eps1e-9_gpseed42_alg17seed43/triangleFree_connected_4to8vertices_176instances_AdjacencyList__filehash_279b7452/hog_idx000124_ed7aa132b384_seed42_L2_M2_amplified.npz,triangleFree_connected_4to8vertices_176instances_AdjacencyList__filehash_279b7452,124,2c0586981f9adcc7,8,9,2,2,amplified,"[1, 1, 1]",scs,1e-09,1000000,42,42,43,12.397585002675926,5.123947863051551,5.643085508000412,7.249766763099506,True,7.249766763099506,0.41330209568602155,0.4551761901033462,0.5847724989612653,941.2868692874908,2026-09-01 15:54:11
/home/i6408800/MasterThesis/QAOA/Results/warm_start_cache_experiments/Exp4_v2_tf176_L2M2_scs_eps1e-9_gpseed42_alg17seed43/triangleFree_connected_4to8vertices_176instances_AdjacencyList__filehash_279b7452/hog_idx000125_bbcc7dcba5e7_seed42_L2_M2_amplified.npz,triangleFree_connected_4to8vertices_176instances_AdjacencyList__filehash_279b7452,125,c76c0b0027844c8b,8,7,2,2,amplified,"[1, 1, 1]",scs,1e-09,1000000,42,42,43,8.810089607543997,4.602869658428688,4.82620860103654,5.157537564860874,True,5.157537564860874,0.5224543521654188,0.5478047121000793,0.585412611518108,1160.5466322898865,2026-09-01 15:34:58
/home/i6408800/MasterThesis/QAOA/Results/warm_start_cache_experiments/Exp4_v2_tf176_L2M2_scs_eps1e-9_gpseed42_alg17seed43/triangleFree_connected_4to8vertices_176instances_AdjacencyList__filehash_279b7452/hog_idx000126_6d3dc62fa931_seed42_L2_M2_amplified.npz,triangleFree_connected_4to8vertices_176instances_AdjacencyList__filehash_279b7452,126,4931f0ca11048915,8,7,2,2,amplified,"[1, 1, 1]",scs,1e-09,1000000,42,42,43,9.400615747329585,5.390662020688256,6.070779997733743,5.613011674739723,True,5.613011674739723,0.5734371200332884,0.6457853571409147,0.5970897891804801,1167.284231185913,2026-09-01 15:57:57
/home/i6408800/MasterThesis/QAOA/Results/warm_start_cache_experiments/Exp4_v2_tf176_L2M2_scs_eps1e-9_gpseed42_alg17seed43/triangleFree_connected_4to8vertices_176instances_AdjacencyList__filehash_279b7452/hog_idx000127_6e40385e09e7_seed42_L2_M2_amplified.npz,triangleFree_connected_4to8vertices_176instances_AdjacencyList__filehash_279b7452,127,e7919d64abc02215,8,7,2,2,amplified,"[1, 1, 1]",scs,1e-09,1000000,42,42,43,9.43267256885818,4.932207670678381,5.5934309341824395,5.598238172396312,True,5.598238172396312,0.5228854955659107,0.592984744604521,0.5934943815264835,1167.2453277111053,2026-09-01 16:06:23
/home/i6408800/MasterThesis/QAOA/Results/warm_start_cache_experiments/Exp4_v2_tf176_L2M2_scs_eps1e-9_gpseed42_alg17seed43/triangleFree_connected_4to8vertices_176instances_AdjacencyList__filehash_279b7452/hog_idx000128_7e855118aa2f_seed42_L2_M2_amplified.npz,triangleFree_connected_4to8vertices_176instances_AdjacencyList__filehash_279b7452,128,e7f4631006bfa0f9,8,7,2,2,amplified,"[1, 1, 1]",scs,1e-09,1000000,42,42,43,9.700778704334029,4.787964843922927,5.403594157451181,5.707707805396012,True,5.707707805396012,0.49356500028021477,0.5570268451786258,0.5883762509545726,1101.0620465278625,2026-09-01 16:04:56
/home/i6408800/MasterThesis/QAOA/Results/warm_start_cache_experiments/Exp4_v2_tf176_L2M2_scs_eps1e-9_gpseed42_alg17seed43/triangleFree_connected_4to8vertices_176instances_AdjacencyList__filehash_279b7452/hog_idx000129_39ed45274056_seed42_L2_M2_amplified.npz,triangleFree_connected_4to8vertices_176instances_AdjacencyList__filehash_279b7452,129,438177528a4edd15,8,7,2,2,amplified,"[1, 1, 1]",scs,1e-09,1000000,42,42,43,9.609364277996779,5.44442544090056,6.064480318658941,5.668240612853771,True,5.668240612853771,0.5665749870016933,0.6311010950584106,0.5898663479573494,1112.6891026496887,2026-09-01 15:18:06
/home/i6408800/MasterThesis/QAOA/Results/warm_start_cache_experiments/Exp4_v2_tf176_L2M2_scs_eps1e-9_gpseed42_alg17seed43/triangleFree_connected_4to8vertices_176instances_AdjacencyList__filehash_279b7452/hog_idx000130_a26c27e8674f_seed42_L2_M2_amplified.npz,triangleFree_connected_4to8vertices_176instances_AdjacencyList__filehash_279b7452,130,d769cc07b9c06547,7,10,2,2,amplified,"[1, 1, 1]",scs,1e-09,1000000,42,42,43,12.77045984002741,5.010904705077018,5.419575381960629,7.456655685052121,True,7.456655685052121,0.39238248018062466,0.42438373009667574,0.5838987615528273,351.07791233062744,2026-09-01 15:06:12
/home/i6408800/MasterThesis/QAOA/Results/warm_start_cache_experiments/Exp4_v2_tf176_L2M2_scs_eps1e-9_gpseed42_alg17seed43/triangleFree_connected_4to8vertices_176instances_AdjacencyList__filehash_279b7452/hog_idx000131_f5e4f144bedb_seed42_L2_M2_amplified.npz,triangleFree_connected_4to8vertices_176instances_AdjacencyList__filehash_279b7452,131,47ae031b9f279270,7,10,2,2,amplified,"[1, 1, 1]",scs,1e-09,1000000,42,42,43,12.834630034975731,7.166089639927617,7.671846608557549,7.4859573837274915,True,7.4859573837274915,0.5583401796856833,0.5977458319913352,0.5832624207575491,355.00333523750305,2026-09-01 15:05:28
/home/i6408800/MasterThesis/QAOA/Results/warm_start_cache_experiments/Exp4_v2_tf176_L2M2_scs_eps1e-9_gpseed42_alg17seed43/triangleFree_connected_4to8vertices_176instances_AdjacencyList__filehash_279b7452/hog_idx000132_dc16c39d7f5a_seed42_L2_M2_amplified.npz,triangleFree_connected_4to8vertices_176instances_AdjacencyList__filehash_279b7452,132,831c506ab0b8b6ed,8,12,2,2,amplified,"[1, 1, 1]",scs,1e-09,1000000,42,42,43,14.000000000061249,10.197065523292137,10.522465824940156,8.193667458134671,True,8.193667458134671,0.728361823089109,0.7516047017781515,0.5852619612927732,1047.8220191001892,2026-09-01 14:53:07
/home/i6408800/MasterThesis/QAOA/Results/warm_start_cache_experiments/Exp4_v2_tf176_L2M2_scs_eps1e-9_gpseed42_alg17seed43/triangleFree_connected_4to8vertices_176instances_AdjacencyList__filehash_279b7452/hog_idx000133_97f62854e778_seed42_L2_M2_amplified.npz,triangleFree_connected_4to8vertices_176instances_AdjacencyList__filehash_279b7452,133,c7fa7d0813c9f327,8,12,2,2,amplified,"[1, 1, 1]",scs,1e-09,1000000,42,42,43,14.73767370081226,8.882230348809054,9.245193359120492,8.616540860303164,True,8.616540860303164,0.6026887641242534,0.6273170072024967,0.5846608518567125,3816.7238171100616,2026-09-01 16:03:10
/home/i6408800/MasterThesis/QAOA/Results/warm_start_cache_experiments/Exp4_v2_tf176_L2M2_scs_eps1e-9_gpseed42_alg17seed43/triangleFree_connected_4to8vertices_176instances_AdjacencyList__filehash_279b7452/hog_idx000134_2951e4cff6bc_seed42_L2_M2_amplified.npz,triangleFree_connected_4to8vertices_176instances_AdjacencyList__filehash_279b7452,134,ad6620c8019d9aa0,8,12,2,2,amplified,"[1, 1, 1]",scs,1e-09,1000000,42,42,43,14.830496623855186,10.013525446814725,10.493891709260161,8.659323907205522,True,8.659323907205522,0.675198255377891,0.7075886920995283,0.5838863071703753,932.589150428772,2026-09-01 15:46:09
/home/i6408800/MasterThesis/QAOA/Results/warm_start_cache_experiments/Exp4_v2_tf176_L2M2_scs_eps1e-9_gpseed42_alg17seed43/triangleFree_connected_4to8vertices_176instances_AdjacencyList__filehash_279b7452/hog_idx000135_c49357979722_seed42_L2_M2_amplified.npz,triangleFree_connected_4to8vertices_176instances_AdjacencyList__filehash_279b7452,135,6aef0c71c18f7494,8,12,2,2,amplified,"[1, 1, 1]",scs,1e-09,1000000,42,42,43,15.300870493717717,7.5397185834144445,8.002259412321514,8.948890412237478,True,8.948890412237478,0.4927640284590427,0.522993735265396,0.584861522480812,2302.754238128662,2026-09-01 15:37:56
/home/i6408800/MasterThesis/QAOA/Results/warm_start_cache_experiments/Exp4_v2_tf176_L2M2_scs_eps1e-9_gpseed42_alg17seed43/triangleFree_connected_4to8vertices_176instances_AdjacencyList__filehash_279b7452/hog_idx000136_072b925b7436_seed42_L2_M2_amplified.npz,triangleFree_connected_4to8vertices_176instances_AdjacencyList__filehash_279b7452,136,2dddf567fff4cb61,8,12,2,2,amplified,"[1, 1, 1]",scs,1e-09,1000000,42,42,43,15.456290751682666,9.883534777695102,10.378758083429483,9.037676174174404,True,9.037676174174404,0.6394506247638438,0.6714908673867687,0.5847247777213629,1040.6139342784882,2026-09-01 15:40:19
/home/i6408800/MasterThesis/QAOA/Results/warm_start_cache_experiments/Exp4_v2_tf176_L2M2_scs_eps1e-9_gpseed42_alg17seed43/triangleFree_connected_4to8vertices_176instances_AdjacencyList__filehash_279b7452/hog_idx000137_24473408a87c_seed42_L2_M2_amplified.npz,triangleFree_connected_4to8vertices_176instances_AdjacencyList__filehash_279b7452,137,9f760f262435cbb6,8,12,2,2,amplified,"[1, 1, 1]",scs,1e-09,1000000,42,42,43,14.86593818890408,9.963500240895822,10.447455998277531,8.675012059752428,True,8.675012059752428,0.6702234406122156,0.7027781136662805,0.5835495849315079,1159.9123978614807,2026-09-01 14:55:05
/home/i6408800/MasterThesis/QAOA/Results/warm_start_cache_experiments/Exp4_v2_tf176_L2M2_scs_eps1e-9_gpseed42_alg17seed43/triangleFree_connected_4to8vertices_176instances_AdjacencyList__filehash_279b7452/hog_idx000138_5d3b4e643de0_seed42_L2_M2_amplified.npz,triangleFree_connected_4to8vertices_176instances_AdjacencyList__filehash_279b7452,138,f300dde3f8dc1f6b,8,12,2,2,amplified,"[1, 1, 1]",scs,1e-09,1000000,42,42,43,15.54017799007591,6.015891637305531,6.484975605983444,9.076812059534381,True,9.076812059534381,0.3871185800540593,0.4173038178922278,0.5840867501859317,987.0789625644684,2026-09-01 15:16:00
/home/i6408800/MasterThesis/QAOA/Results/warm_start_cache_experiments/Exp4_v2_tf176_L2M2_scs_eps1e-9_gpseed42_alg17seed43/triangleFree_connected_4to8vertices_176instances_AdjacencyList__filehash_279b7452/hog_idx000139_c95b4cbfe4c1_seed42_L2_M2_amplified.npz,triangleFree_connected_4to8vertices_176instances_AdjacencyList__filehash_279b7452,139,2de5f8fd816fe75d,7,7,2,2,amplified,"[1, 1, 1]",scs,1e-09,1000000,42,42,43,9.660162754800597,5.37706962389662,5.864944709562988,5.677524471175349,True,5.677524471175349,0.556623088076285,0.6071269044249195,0.5877255503126918,371.7927334308624,2026-09-01 15:29:10
/home/i6408800/MasterThesis/QAOA/Results/warm_start_cache_experiments/Exp4_v2_tf176_L2M2_scs_eps1e-9_gpseed42_alg17seed43/triangleFree_connected_4to8vertices_176instances_AdjacencyList__filehash_279b7452/hog_idx000140_8f4b0e0f52c2_seed42_L2_M2_amplified.npz,triangleFree_connected_4to8vertices_176instances_AdjacencyList__filehash_279b7452,140,0e1fb25af29932ef,7,8,2,2,amplified,"[1, 1, 1]",scs,1e-09,1000000,42,42,43,10.716324287894247,4.985621594850956,5.31884800560027,6.257394375261368,True,6.257394375261368,0.4652361631574541,0.49633137843810254,0.5839123758442125,379.9948365688324,2026-09-01 15:13:55
/home/i6408800/MasterThesis/QAOA/Results/warm_start_cache_experiments/Exp4_v2_tf176_L2M2_scs_eps1e-9_gpseed42_alg17seed43/triangleFree_connected_4to8vertices_176instances_AdjacencyList__filehash_279b7452/hog_idx000141_791f2222145a_seed42_L2_M2_amplified.npz,triangleFree_connected_4to8vertices_176instances_AdjacencyList__filehash_279b7452,141,fa5761aaa50867c7,8,9,2,2,amplified,"[1, 1, 1]",scs,1e-09,1000000,42,42,43,11.570509714129019,7.080918199938973,7.391262145224799,6.919056672839036,True,6.919056672839036,0.61197979820131,0.6388017751887937,0.5979906541532924,950.5948002338409,2026-09-01 15:46:27
/home/i6408800/MasterThesis/QAOA/Results/warm_start_cache_experiments/Exp4_v2_tf176_L2M2_scs_eps1e-9_gpseed42_alg17seed43/triangleFree_connected_4to8vertices_176instances_AdjacencyList__filehash_279b7452/hog_idx000142_a0d7fedf5dd2_seed42_L2_M2_amplified.npz,triangleFree_connected_4to8vertices_176instances_AdjacencyList__filehash_279b7452,142,299db48ccb0970f0,8,10,2,2,amplified,"[1, 1, 1]",scs,1e-09,1000000,42,42,43,12.422800088860283,6.703588590502623,6.967378007984236,7.314510461153699,True,7.314510461153699,0.5396197751353846,0.5608540713966725,0.5887972444886023,1181.4600467681885,2026-09-01 14:55:21
/home/i6408800/MasterThesis/QAOA/Results/warm_start_cache_experiments/Exp4_v2_tf176_L2M2_scs_eps1e-9_gpseed42_alg17seed43/triangleFree_connected_4to8vertices_176instances_AdjacencyList__filehash_279b7452/hog_idx000143_05b06d608d5b_seed42_L2_M2_amplified.npz,triangleFree_connected_4to8vertices_176instances_AdjacencyList__filehash_279b7452,143,1872d2e7cb6470aa,8,7,2,2,amplified,"[1, 1, 1]",scs,1e-09,1000000,42,42,43,9.461654558319736,5.485558646072685,6.133004844586448,5.595119297946319,True,5.595119297946319,0.5797673770756272,0.6481958104456085,0.5913468160837122,762.6040117740631,2026-09-01 16:07:09
/home/i6408800/MasterThesis/QAOA/Results/warm_start_cache_experiments/Exp4_v2_tf176_L2M2_scs_eps1e-9_gpseed42_alg17seed43/triangleFree_connected_4to8vertices_176instances_AdjacencyList__filehash_279b7452/hog_idx000144_bc647e3f1892_seed42_L2_M2_amplified.npz,triangleFree_connected_4to8vertices_176instances_AdjacencyList__filehash_279b7452,144,a3e007a10aa7ad4e,8,7,2,2,amplified,"[1, 1, 1]",scs,1e-09,1000000,42,42,43,9.589329819558202,5.457425651776089,6.034346842538252,5.667684653968958,True,5.667684653968958,0.5691143963622186,0.6292772233394998,0.5910407463938996,1113.3272442817688,2026-09-01 15:18:06
/home/i6408800/MasterThesis/QAOA/Results/warm_start_cache_experiments/Exp4_v2_tf176_L2M2_scs_eps1e-9_gpseed42_alg17seed43/triangleFree_connected_4to8vertices_176instances_AdjacencyList__filehash_279b7452/hog_idx000145_39311dffdbe0_seed42_L2_M2_amplified.npz,triangleFree_connected_4to8vertices_176instances_AdjacencyList__filehash_279b7452,145,2d6cc784cc73be51,8,10,2,2,amplified,"[1, 1, 1]",scs,1e-09,1000000,42,42,43,12.924946482328398,7.134300108825802,7.314406184159855,7.570087596523284,True,7.570087596523284,0.551979083130453,0.5659138468511618,0.5856958562167718,849.0298209190369,2026-09-01 16:08:36
/home/i6408800/MasterThesis/QAOA/Results/warm_start_cache_experiments/Exp4_v2_tf176_L2M2_scs_eps1e-9_gpseed42_alg17seed43/triangleFree_connected_4to8vertices_176instances_AdjacencyList__filehash_279b7452/hog_idx000146_4905c4ec9e9d_seed42_L2_M2_amplified.npz,triangleFree_connected_4to8vertices_176instances_AdjacencyList__filehash_279b7452,146,95bfc954acab9f8a,8,15,2,2,amplified,"[1, 1, 1]",scs,1e-09,1000000,42,42,43,17.99999999929633,12.212105914860127,12.692759883732336,10.517860054819563,True,10.517860054819563,0.6784503286298628,0.7051533269015849,0.5843255586239297,959.2217855453491,2026-09-01 15:38:57
/home/i6408800/MasterThesis/QAOA/Results/warm_start_cache_experiments/Exp4_v2_tf176_L2M2_scs_eps1e-9_gpseed42_alg17seed43/triangleFree_connected_4to8vertices_176instances_AdjacencyList__filehash_279b7452/hog_idx000147_c7073716733b_seed42_L2_M2_amplified.npz,triangleFree_connected_4to8vertices_176instances_AdjacencyList__filehash_279b7452,147,9620850b14e4b40d,7,7,2,2,amplified,"[1, 1, 1]",scs,1e-09,1000000,42,42,43,9.406965764802807,5.893885852815706,6.161748156652196,5.530721604070858,True,5.530721604070858,0.6265448392369328,0.6550197280091156,0.5879389531494479,314.8235695362091,2026-09-01 15:51:48
/home/i6408800/MasterThesis/QAOA/Results/warm_start_cache_experiments/Exp4_v2_tf176_L2M2_scs_eps1e-9_gpseed42_alg17seed43/triangleFree_connected_4to8vertices_176instances_AdjacencyList__filehash_279b7452/hog_idx000148_1349ea593ca3_seed42_L2_M2_amplified.npz,triangleFree_connected_4to8vertices_176instances_AdjacencyList__filehash_279b7452,148,a1532aa0da39bd5b,8,15,2,2,amplified,"[1, 1, 1]",scs,1e-09,1000000,42,42,43,18.872983348570248,8.119421094815792,8.49083114354683,11.010806602709678,True,11.010806602709678,0.43021397014218693,0.44989342631884777,0.5834163258319104,924.3556871414185,2026-09-01 15:53:54
/home/i6408800/MasterThesis/QAOA/Results/warm_start_cache_experiments/Exp4_v2_tf176_L2M2_scs_eps1e-9_gpseed42_alg17seed43/triangleFree_connected_4to8vertices_176instances_AdjacencyList__filehash_279b7452/hog_idx000149_5466f9fcfbe0_seed42_L2_M2_amplified.npz,triangleFree_connected_4to8vertices_176instances_AdjacencyList__filehash_279b7452,149,e2ecf47df59d11c3,8,9,2,2,amplified,"[1, 1, 1]",scs,1e-09,1000000,42,42,43,12.017839065411,6.578257884592165,6.778593136482806,7.046628016927607,True,7.046628016927607,0.5473744363514818,0.5640442595035686,0.5863473440253311,1026.3651239871979,2026-09-01 15:16:39
/home/i6408800/MasterThesis/QAOA/Results/warm_start_cache_experiments/Exp4_v2_tf176_L2M2_scs_eps1e-9_gpseed42_alg17seed43/triangleFree_connected_4to8vertices_176instances_AdjacencyList__filehash_279b7452/hog_idx000150_3e8fe74945f5_seed42_L2_M2_amplified.npz,triangleFree_connected_4to8vertices_176instances_AdjacencyList__filehash_279b7452,150,2e8d5f5ca9a3240b,8,12,2,2,amplified,"[1, 1, 1]",scs,1e-09,1000000,42,42,43,14.536607655013217,9.827111479957042,10.362762359901582,8.54951881085816,True,8.54951881085816,0.676025088739874,0.7128734988130324,0.5881371372026885,1108.6069731712341,2026-09-01 14:54:08
/home/i6408800/MasterThesis/QAOA/Results/warm_start_cache_experiments/Exp4_v2_tf176_L2M2_scs_eps1e-9_gpseed42_alg17seed43/triangleFree_connected_4to8vertices_176instances_AdjacencyList__filehash_279b7452/hog_idx000151_dd8e31323ee8_seed42_L2_M2_amplified.npz,triangleFree_connected_4to8vertices_176instances_AdjacencyList__filehash_279b7452,151,c8235250f493f983,8,12,2,2,amplified,"[1, 1, 1]",scs,1e-09,1000000,42,42,43,14.879776433491804,8.985808449418942,9.505323912609784,8.68308161986588,True,8.68308161986588,0.6038940497246612,0.638808247899138,0.583549199053943,1056.5305984020233,2026-09-01 15:40:39
/home/i6408800/MasterThesis/QAOA/Results/warm_start_cache_experiments/Exp4_v2_tf176_L2M2_scs_eps1e-9_gpseed42_alg17seed43/triangleFree_connected_4to8vertices_176instances_AdjacencyList__filehash_279b7452/hog_idx000152_ec27cbadb484_seed42_L2_M2_amplified.npz,triangleFree_connected_4to8vertices_176instances_AdjacencyList__filehash_279b7452,152,73a42eef64068acd,7,8,2,2,amplified,"[1, 1, 1]",scs,1e-09,1000000,42,42,43,10.179144224622227,6.9078253997339525,7.217674118743198,5.967229176909221,True,5.967229176909221,0.6786253586057543,0.7090649232854409,0.5862211051568709,355.364949464798,2026-09-01 15:05:33
/home/i6408800/MasterThesis/QAOA/Results/warm_start_cache_experiments/Exp4_v2_tf176_L2M2_scs_eps1e-9_gpseed42_alg17seed43/triangleFree_connected_4to8vertices_176instances_AdjacencyList__filehash_279b7452/hog_idx000153_1a14a3d7a4fc_seed42_L2_M2_amplified.npz,triangleFree_connected_4to8vertices_176instances_AdjacencyList__filehash_279b7452,153,0fc8517426fe251c,8,9,2,2,amplified,"[1, 1, 1]",scs,1e-09,1000000,42,42,43,11.974063269117396,6.737514642330485,7.370186575185926,7.156698222320192,True,7.156698222320192,0.5626757175826335,0.615512579943899,0.5976833478722473,1103.2072701454163,2026-09-01 15:34:01
/home/i6408800/MasterThesis/QAOA/Results/warm_start_cache_experiments/Exp4_v2_tf176_L2M2_scs_eps1e-9_gpseed42_alg17seed43/triangleFree_connected_4to8vertices_176instances_AdjacencyList__filehash_279b7452/hog_idx000154_3fdbf2d7b9a9_seed42_L2_M2_amplified.npz,triangleFree_connected_4to8vertices_176instances_AdjacencyList__filehash_279b7452,154,914a7e4631a9e141,8,13,2,2,amplified,"[1, 1, 1]",scs,1e-09,1000000,42,42,43,16.699782605891063,9.200150464032884,9.544340624790875,9.739161646790103,True,9.739161646790103,0.5509143850044739,0.571524842570345,0.5831909238958889,1279.6847023963928,2026-09-01 14:57:00
/home/i6408800/MasterThesis/QAOA/Results/warm_start_cache_experiments/Exp4_v2_tf176_L2M2_scs_eps1e-9_gpseed42_alg17seed43/triangleFree_connected_4to8vertices_176instances_AdjacencyList__filehash_279b7452/hog_idx000155_6d4ec97ed7f2_seed42_L2_M2_amplified.npz,triangleFree_connected_4to8vertices_176instances_AdjacencyList__filehash_279b7452,155,ce7e3e1bf071e7b3,8,11,2,2,amplified,"[1, 1, 1]",scs,1e-09,1000000,42,42,43,14.536763016797664,6.0422829983523965,6.566871365809748,8.48437954775522,True,8.48437954775522,0.415655327900053,0.4517423416906179,0.5836498495539388,1050.990508556366,2026-09-01 15:33:13
/home/i6408800/MasterThesis/QAOA/Results/warm_start_cache_experiments/Exp4_v2_tf176_L2M2_scs_eps1e-9_gpseed42_alg17seed43/triangleFree_connected_4to8vertices_176instances_AdjacencyList__filehash_279b7452/hog_idx000156_79c138f1713a_seed42_L2_M2_amplified.npz,triangleFree_connected_4to8vertices_176instances_AdjacencyList__filehash_279b7452,156,0ccca5581eefeb8f,8,10,2,2,amplified,"[1, 1, 1]",scs,1e-09,1000000,42,42,43,13.312654075295631,7.347016835908821,7.767008580762118,7.802465379488464,True,7.802465379488464,0.5518822012766578,0.5834305118147253,0.5860939024899283,1173.214349746704,2026-09-01 14:55:12
/home/i6408800/MasterThesis/QAOA/Results/warm_start_cache_experiments/Exp4_v2_tf176_L2M2_scs_eps1e-9_gpseed42_alg17seed43/triangleFree_connected_4to8vertices_176instances_AdjacencyList__filehash_279b7452/hog_idx000157_c45373aeb17e_seed42_L2_M2_amplified.npz,triangleFree_connected_4to8vertices_176instances_AdjacencyList__filehash_279b7452,157,1983ad6ed839a2ab,8,10,2,2,amplified,"[1, 1, 1]",scs,1e-09,1000000,42,42,43,13.410712123734184,5.741726326362211,6.289799717300269,7.838340618795062,True,7.838340618795062,0.42814477511604654,0.46901310379846467,0.5844835491564107,1000.985157251358,2026-09-01 16:03:14
/home/i6408800/MasterThesis/QAOA/Results/warm_start_cache_experiments/Exp4_v2_tf176_L2M2_scs_eps1e-9_gpseed42_alg17seed43/triangleFree_connected_4to8vertices_176instances_AdjacencyList__filehash_279b7452/hog_idx000158_e677ce5ade4b_seed42_L2_M2_amplified.npz,triangleFree_connected_4to8vertices_176instances_AdjacencyList__filehash_279b7452,158,2990cf9f9ebb85a4,8,8,2,2,amplified,"[1, 1, 1]",scs,1e-09,1000000,42,42,43,11.451035804334813,5.777169358907334,6.4759340113659665,6.768766229037865,True,6.768766229037865,0.5045106362099029,0.565532596528472,0.5911051493241803,1741.707518339157,2026-09-01 15:36:37
/home/i6408800/MasterThesis/QAOA/Results/warm_start_cache_experiments/Exp4_v2_tf176_L2M2_scs_eps1e-9_gpseed42_alg17seed43/triangleFree_connected_4to8vertices_176instances_AdjacencyList__filehash_279b7452/hog_idx000159_4b54cb71eeea_seed42_L2_M2_amplified.npz,triangleFree_connected_4to8vertices_176instances_AdjacencyList__filehash_279b7452,159,ac0e06bafe8c2fd4,8,8,2,2,amplified,"[1, 1, 1]",scs,1e-09,1000000,42,42,43,11.421759624475007,5.021741447119365,5.484528655446525,6.773197476839075,True,6.773197476839075,0.4396644310705485,0.4801824618768947,0.593008231614785,1524.7507762908936,2026-09-01 15:24:58
/home/i6408800/MasterThesis/QAOA/Results/warm_start_cache_experiments/Exp4_v2_tf176_L2M2_scs_eps1e-9_gpseed42_alg17seed43/triangleFree_connected_4to8vertices_176instances_AdjacencyList__filehash_279b7452/hog_idx000160_db77eaba59a6_seed42_L2_M2_amplified.npz,triangleFree_connected_4to8vertices_176instances_AdjacencyList__filehash_279b7452,160,d4b4fbbe815b9eee,8,8,2,2,amplified,"[1, 1, 1]",scs,1e-09,1000000,42,42,43,11.412693071974939,4.876076102560242,5.762541750404737,6.781449603646044,True,6.781449603646044,0.42725026177510694,0.5049239223435581,0.5942023991075868,1519.2646107673645,2026-09-01 15:32:54
/home/i6408800/MasterThesis/QAOA/Results/warm_start_cache_experiments/Exp4_v2_tf176_L2M2_scs_eps1e-9_gpseed42_alg17seed43/triangleFree_connected_4to8vertices_176instances_AdjacencyList__filehash_279b7452/hog_idx000161_6f51f39b2ec6_seed42_L2_M2_amplified.npz,triangleFree_connected_4to8vertices_176instances_AdjacencyList__filehash_279b7452,161,fc82a742697bf2bd,8,8,2,2,amplified,"[1, 1, 1]",scs,1e-09,1000000,42,42,43,11.042631917818985,4.902709462804163,5.4461332366385555,6.51747593003485,True,6.51747593003485,0.44398015792710493,0.49319159392158873,0.5902103754375712,894.4221827983856,2026-09-01 15:45:31
/home/i6408800/MasterThesis/QAOA/Results/warm_start_cache_experiments/Exp4_v2_tf176_L2M2_scs_eps1e-9_gpseed42_alg17seed43/triangleFree_connected_4to8vertices_176instances_AdjacencyList__filehash_279b7452/hog_idx000162_fffb7e7d43c3_seed42_L2_M2_amplified.npz,triangleFree_connected_4to8vertices_176instances_AdjacencyList__filehash_279b7452,162,ee385473181cefa7,8,8,2,2,amplified,"[1, 1, 1]",scs,1e-09,1000000,42,42,43,11.325886151413492,5.573053527909535,5.906829078618697,6.664805992298951,True,6.664805992298951,0.49206335410797036,0.5215335029552203,0.5884577951074645,1286.9603567123413,2026-09-01 14:57:08
/home/i6408800/MasterThesis/QAOA/Results/warm_start_cache_experiments/Exp4_v2_tf176_L2M2_scs_eps1e-9_gpseed42_alg17seed43/triangleFree_connected_4to8vertices_176instances_AdjacencyList__filehash_279b7452/hog_idx000163_737e97254d45_seed42_L2_M2_amplified.npz,triangleFree_connected_4to8vertices_176instances_AdjacencyList__filehash_279b7452,163,3ff308e0934a5ed6,8,8,2,2,amplified,"[1, 1, 1]",scs,1e-09,1000000,42,42,43,11.404494243001068,5.405274405281433,6.17569663729012,6.783392931712659,True,6.783392931712659,0.4739600275214876,0.5415142930235719,0.5947999786027884,1233.3559730052948,2026-09-01 15:51:10
/home/i6408800/MasterThesis/QAOA/Results/warm_start_cache_experiments/Exp4_v2_tf176_L2M2_scs_eps1e-9_gpseed42_alg17seed43/triangleFree_connected_4to8vertices_176instances_AdjacencyList__filehash_279b7452/hog_idx000164_d57d17118dc2_seed42_L2_M2_amplified.npz,triangleFree_connected_4to8vertices_176instances_AdjacencyList__filehash_279b7452,164,c25c2e8b52a7c5be,8,8,2,2,amplified,"[1, 1, 1]",scs,1e-09,1000000,42,42,43,10.704582151499851,5.889956934819876,6.340645715836031,6.25786165186089,True,6.25786165186089,0.5502276363019566,0.5923300532517866,0.5845965366321264,1133.456872701645,2026-09-01 14:54:44
/home/i6408800/MasterThesis/QAOA/Results/warm_start_cache_experiments/Exp4_v2_tf176_L2M2_scs_eps1e-9_gpseed42_alg17seed43/triangleFree_connected_4to8vertices_176instances_AdjacencyList__filehash_279b7452/hog_idx000165_5236f61c706c_seed42_L2_M2_amplified.npz,triangleFree_connected_4to8vertices_176instances_AdjacencyList__filehash_279b7452,165,72ae6ff1e6f367ed,8,9,2,2,amplified,"[1, 1, 1]",scs,1e-09,1000000,42,42,43,12.677356843494744,8.138914237208045,8.73446643083965,7.430404924123049,True,7.430404924123049,0.6420040342545414,0.688981665395153,0.5861162556085882,1800.7574155330658,2026-09-01 15:05:41
/home/i6408800/MasterThesis/QAOA/Results/warm_start_cache_experiments/Exp4_v2_tf176_L2M2_scs_eps1e-9_gpseed42_alg17seed43/triangleFree_connected_4to8vertices_176instances_AdjacencyList__filehash_279b7452/hog_idx000166_5c0a78232b7c_seed42_L2_M2_amplified.npz,triangleFree_connected_4to8vertices_176instances_AdjacencyList__filehash_279b7452,166,759618be05b36110,8,9,2,2,amplified,"[1, 1, 1]",scs,1e-09,1000000,42,42,43,12.223719985030993,6.917959132124785,7.619342528528928,7.196834910522933,True,7.196834910522933,0.5659454847293972,0.6233243675296453,0.5887597981086021,952.6863083839417,2026-09-01 14:59:17
/home/i6408800/MasterThesis/QAOA/Results/warm_start_cache_experiments/Exp4_v2_tf176_L2M2_scs_eps1e-9_gpseed42_alg17seed43/triangleFree_connected_4to8vertices_176instances_AdjacencyList__filehash_279b7452/hog_idx000167_af8517ca6aa9_seed42_L2_M2_amplified.npz,triangleFree_connected_4to8vertices_176instances_AdjacencyList__filehash_279b7452,167,4b3f0cbeba38613e,8,9,2,2,amplified,"[1, 1, 1]",scs,1e-09,1000000,42,42,43,12.471343877961367,6.496238775201148,6.690592755304728,7.347470216214644,True,7.347470216214644,0.5208932444466489,0.5364772891178115,0.5891482335916233,1300.6055669784546,2026-09-01 15:29:15
/home/i6408800/MasterThesis/QAOA/Results/warm_start_cache_experiments/Exp4_v2_tf176_L2M2_scs_eps1e-9_gpseed42_alg17seed43/triangleFree_connected_4to8vertices_176instances_AdjacencyList__filehash_279b7452/hog_idx000168_1377b5083b56_seed42_L2_M2_amplified.npz,triangleFree_connected_4to8vertices_176instances_AdjacencyList__filehash_279b7452,168,4e1d90db35fbf89d,8,9,2,2,amplified,"[1, 1, 1]",scs,1e-09,1000000,42,42,43,12.195056985614393,6.233001798198806,6.867659234069459,7.143445247858048,True,7.143445247858048,0.5111088702210591,0.5631510572005304,0.5857656308030903,1033.6197264194489,2026-09-01 16:03:47
/home/i6408800/MasterThesis/QAOA/Results/warm_start_cache_experiments/Exp4_v2_tf176_L2M2_scs_eps1e-9_gpseed42_alg17seed43/triangleFree_connected_4to8vertices_176instances_AdjacencyList__filehash_279b7452/hog_idx000169_baebcad8e3f2_seed42_L2_M2_amplified.npz,triangleFree_connected_4to8vertices_176instances_AdjacencyList__filehash_279b7452,169,24721168a90fc9f5,8,9,2,2,amplified,"[1, 1, 1]",scs,1e-09,1000000,42,42,43,12.228744726151676,5.960182287311807,6.514001367036095,7.203088500120814,True,7.203088500120814,0.48739117716356534,0.5326794787943879,0.5890292635446639,1008.3424837589264,2026-09-01 15:48:10
/home/i6408800/MasterThesis/QAOA/Results/warm_start_cache_experiments/Exp4_v2_tf176_L2M2_scs_eps1e-9_gpseed42_alg17seed43/triangleFree_connected_4to8vertices_176instances_AdjacencyList__filehash_279b7452/hog_idx000170_557bb77b4182_seed42_L2_M2_amplified.npz,triangleFree_connected_4to8vertices_176instances_AdjacencyList__filehash_279b7452,170,740b0ff7004043f6,8,11,2,2,amplified,"[1, 1, 1]",scs,1e-09,1000000,42,42,43,14.436511602439062,8.78822729916864,9.236139256881044,8.433404840783133,True,8.433404840783133,0.6087500596531824,0.6397763885924208,0.5841719296896005,1194.730714082718,2026-09-01 14:55:57
/home/i6408800/MasterThesis/QAOA/Results/warm_start_cache_experiments/Exp4_v2_tf176_L2M2_scs_eps1e-9_gpseed42_alg17seed43/triangleFree_connected_4to8vertices_176instances_AdjacencyList__filehash_279b7452/hog_idx000171_2f3dc11a2b55_seed42_L2_M2_amplified.npz,triangleFree_connected_4to8vertices_176instances_AdjacencyList__filehash_279b7452,171,4b945cb21530596f,8,10,2,2,amplified,"[1, 1, 1]",scs,1e-09,1000000,42,42,43,13.419851508244383,7.384363706576016,7.911519901184596,7.885009144541282,True,7.885009144541282,0.5502567373446337,0.5895385575856942,0.5875630695091661,1163.0235736370087,2026-09-01 15:43:15
/home/i6408800/MasterThesis/QAOA/Results/warm_start_cache_experiments/Exp4_v2_tf176_L2M2_scs_eps1e-9_gpseed42_alg17seed43/triangleFree_connected_4to8vertices_176instances_AdjacencyList__filehash_279b7452/hog_idx000172_19e041031b21_seed42_L2_M2_amplified.npz,triangleFree_connected_4to8vertices_176instances_AdjacencyList__filehash_279b7452,172,81d0937d0b38ce60,8,8,2,2,amplified,"[1, 1, 1]",scs,1e-09,1000000,42,42,43,10.722240595206678,5.929107438221522,6.44155058506009,6.280968119429227,True,6.280968119429227,0.5529728031725103,0.6007653463717044,0.5857887690225028,1003.9646890163422,2026-09-01 15:24:19
/home/i6408800/MasterThesis/QAOA/Results/warm_start_cache_experiments/Exp4_v2_tf176_L2M2_scs_eps1e-9_gpseed42_alg17seed43/triangleFree_connected_4to8vertices_176instances_AdjacencyList__filehash_279b7452/hog_idx000173_c40182d7a4d6_seed42_L2_M2_amplified.npz,triangleFree_connected_4to8vertices_176instances_AdjacencyList__filehash_279b7452,173,6343c8834bfd3a9e,8,9,2,2,amplified,"[1, 1, 1]",scs,1e-09,1000000,42,42,43,11.684303290973837,4.755999157721381,5.0288551377895985,6.871260863513457,True,6.871260863513457,0.40704174132448323,0.43039409475740037,0.5880762157912769,1173.5750200748444,2026-09-01 14:55:46
/home/i6408800/MasterThesis/QAOA/Results/warm_start_cache_experiments/Exp4_v2_tf176_L2M2_scs_eps1e-9_gpseed42_alg17seed43/triangleFree_connected_4to8vertices_176instances_AdjacencyList__filehash_279b7452/hog_idx000174_9aca1c727e5b_seed42_L2_M2_amplified.npz,triangleFree_connected_4to8vertices_176instances_AdjacencyList__filehash_279b7452,174,936f0f925b044fa6,8,8,2,2,amplified,"[1, 1, 1]",scs,1e-09,1000000,42,42,43,10.846779800142809,4.171475575322953,4.730492926948652,6.508378047486394,True,6.508378047486394,0.384581936038568,0.4361195685825917,0.6000285953440951,943.2951338291168,2026-09-01 15:15:16
/home/i6408800/MasterThesis/QAOA/Results/warm_start_cache_experiments/Exp4_v2_tf176_L2M2_scs_eps1e-9_gpseed42_alg17seed43/triangleFree_connected_4to8vertices_176instances_AdjacencyList__filehash_279b7452/hog_idx000175_8261e2da1c80_seed42_L2_M2_amplified.npz,triangleFree_connected_4to8vertices_176instances_AdjacencyList__filehash_279b7452,175,6e0178e5bee013dd,8,9,2,2,amplified,"[1, 1, 1]",scs,1e-09,1000000,42,42,43,11.847996498089676,4.824049095958931,5.254220202160079,7.019492983745743,True,7.019492983745743,0.40716159029391524,0.44346908804431606,0.5924624458555113,754.2228348255157,2026-09-01 16:07:01
