run_id,n,m,p,precision/iterations,singlet_injection,warm_start,parameter_vector,optimal_result,sdp_objective_value_step1,sdp_objective_value_king_normalized_step1,algorithm17_actual_energy,algorithm17_lower_bound_energy,algorithm17_analytic_F_value,algorithm17_F_bound_applicable,algorithm17_beta_mode,algorithm17_beta_star,algorithm17_beta_optimisation_time_seconds,initial_ws_energy_prodStates_step2,initial_sdp_statevector_energy,initial_qaoa_input_energy_normalized,adam_initial_point_energy_normalized,adam_energy_history_normalized_json,adam_updates_completed,initial_sdp_statevec_ratio,initial_ws_energy_010101,QAOA_improvement_over_SDP_statevectorEnergy,QAOA_improvement_over_SDP_prodStatesEnergy,result,result_010101,approx_ratio,approx_ratio_010101,diff. approx. ratio,sdp ws greater,duration_seconds,duration_seconds_excluding_warm_start_cache_io,warm_start_cache_used,warm_start_compute_time_seconds,warm_start_load_time_seconds,warm_start_save_time_seconds,warm_start_effective_time_seconds,warm_start_cache_path,full duration_seconds,finished_at,processor,hostname,total_ram_gb,physical_cores,logical_cores,python_version,peak_ram_mb,Instance_is_triangle_free,Instance_is_3_regular,Instance_is_bipartite,Instance_is_regular,Regular_degree,Instance_is_claw_free,Instance_is_twin_free,Instance_is_planar,Instance_is_eulerian,optimiser,optimiser_use_heuristic,circuit_type,learning_rate_adam,warm_start_mode,lasserre_level,initial_solver_level_M,sdp_seed,sdp_solver_mode,sdp_scs_eps,sdp_scs_max_iters,compare_with_010101,init_QAOAparams_close_to_zero,use_correlations_as_initial_params,graph_generation_type,weighted,easiest_first,debug,save_circuit_svg,rerun_exclude_finished_instances,warm_start_cache_producer_only,qaoa_only_from_existing_warm_start_cache,num_repeats,relative_graph_adjList_path,persistent_warm_start_cache,warm_start_cache_dir,warm_start_cache_max_file_mb,warm_start_cache_max_total_gb,sdp_max_parallel,qaoa_max_parallel,sdp_threads,qaoa_threads,sdp_memory_limit_total_gb,sdp_memory_limit_single_gb,sdp_memory_poll_seconds,sdp_max_retries,queue_poll_interval_seconds,max_graph_vertices,qaoa_seed,initialise_standard_warm_start_with_zero_angles,result_name_suffix,benchmark_repeat_idx,qaoa_seed_used,hog_graph_index,edges,weights
770a5b0e,2,1,1,75.0,False,True,"[1, 1, 1]",,1.9999998910740424,0.9999999455370212,0.5655328708703277,0.818309757404599,0.818309757404599,True,analytic_instance,1.0,0.015662087127566338,0.49999996166691896,0.5655328708703274,0.5655328708703277,0.6971120256725702,"[0.5655328708703277, 0.7073852433358955, 0.7166707662536376, 0.7249389026875664, 0.7321742774450518, 0.7383795712534891, 0.7435796028714942, 0.7478251996902164, 0.7511959020541112, 0.753799955187053, 0.7557700070980559, 0.7572535366155027, 0.758398931646612, 0.7593402362956599, 0.7601846504401161, 0.7610058855671753, 0.7618440083637626, 0.7627103027983978, 0.7635947058701302, 0.7644737322121042, 0.7653176321221545, 0.7660961848525933, 0.7667830924726217, 0.7673590339068627, 0.767813519879363, 0.7681456717177172, 0.7683639659488127, 0.7684850270220505, 0.7685315786261209, 0.7685297722764437, 0.7685061929485307, 0.7684849721522717, 0.7684853784085529, 0.7685202047882665, 0.7685951358357076, 0.7687090751662388, 0.7688552643217862, 0.7690229467923285, 0.7691992781501642, 0.7693712165792856, 0.7695271821504979, 0.7696583027622149, 0.7697591696784645, 0.7698280704705562, 0.7698667298067992, 0.7698796405366235, 0.769873130910034, 0.7698543153566023, 0.7698300870709331, 0.7698062966545767, 0.7697872048416371, 0.7697752537079706, 0.7697711336047867, 0.7697740935557189, 0.7697824075313097, 0.7697938900561496, 0.7698063913913514, 0.7698181805446671, 0.7698281838159654, 0.7698360517084715, 0.7698420864475114, 0.7698470506778361, 0.7698519130425111, 0.7698575909266757, 0.7698647381338704, 0.7698736069849512, 0.7698840149895148, 0.7698953992683535, 0.7699069449138509, 0.769917751074073, 0.7699270033659632, 0.7699341122557729, 0.7699388017070345, 0.7699411312411818, 0.7699414575039472, 0.7699403462801514]",75,0.5655328708703274,,0.4088149508196479,0.5398807692264649,0.7699403462801514,,0.7699403462801514,,,,2.689490795135498,2.872774839401245,True,0.18450403213500977,0.0012059211730957031,0.0,0.18450403213500977,Results/warm_start_cache/path_graphs_2to12vertices_11instances_AdjacencyList__filehash_01292d61/hog_idx000000_cd0336d2cdf0_seed42_L2_M2_betaanalytic_instance_amplified.npz,2.7021641731262207,2026-09-08 05:47:23,x86_64,dacsgpu0002,,64,64,3.11.15,0.22,True,False,True,True,1,True,False,True,False,adam,False,hamqaoa,0.01,amplified_king,2,2,42,scs,1e-06,100000,False,False,False,hog,False,False,False,False,False,False,True,1,HOG_graphs/Exp5/path_graphs_2to12vertices_11instances_AdjacencyList.txt,True,Results/warm_start_cache,512,60,0,16,1,1,0,0,5,0,5,10,42,True,_FINAL_BENCHMARKS_KINGAMPLIFIED,1,42,0,"[(0, 1)]",[1.0]
05324c18,2,1,2,75.0,False,True,"[1, 1, 1]",,1.9999998910740424,0.9999999455370212,0.5655328708703277,0.818309757404599,0.818309757404599,True,analytic_instance,1.0,0.015662087127566338,0.49999996166691896,0.5655328708703274,0.5655328708703277,0.3939420943485103,"[0.5655328708703277, 0.41529848601379393, 0.4360484805954197, 0.4560815576866432, 0.4752937107364466, 0.49358838308007924, 0.510877584415223, 0.5270831457383294, 0.5421381217399932, 0.5559883645249712, 0.5685942594775494, 0.5799325447122875, 0.5899982334336253, 0.5988064130848654, 0.6063937965554593, 0.6128197038571108, 0.6181660999404451, 0.6225363648579321, 0.6260524686222135, 0.6288505147062741, 0.6310748434557932, 0.6328712292254093, 0.6343799850369889, 0.635729768320631, 0.6370327620259635, 0.6383815770608762, 0.6398479087434615, 0.6414827891821839, 0.643318016628726, 0.6453684817624408, 0.6476349788771881, 0.6501072163873538, 0.6527668089395725, 0.655590038755404, 0.6585502710950465, 0.6616199738810808, 0.6647722498996425, 0.6679819374209176, 0.6712262613212812, 0.6744850856834246, 0.6777408845999251, 0.6809784488372358, 0.6841845048603334, 0.6873472826768865, 0.6904561500716111, 0.6935013685756638, 0.6964740172109912, 0.6993660956846885, 0.7021707654126086, 0.7048827065961224, 0.7074984938215139, 0.7100169259260009, 0.7124392272142296, 0.7147690496245935, 0.7170121955771644, 0.7191761574199028, 0.7212694461470281, 0.7233008351668075, 0.7252786080040337, 0.7272099616308316, 0.7291006021209644, 0.7309546451663976, 0.7327747726142597, 0.7345626329031375, 0.736319372026203, 0.7380461959306671, 0.7397448873420598, 0.7414181470302736, 0.7430697356507875, 0.7447044245803843, 0.746327754227326, 0.7479457007389316, 0.7495643155178384, 0.7511894752306718, 0.7528268114061167, 0.7544818069329062]",75,0.5655328708703274,,0.3778978721251576,0.5089636905319745,0.7544818069329062,,0.7544818069329062,,,,5.183678865432739,5.3662109375,True,0.18450403213500977,0.001956939697265625,0.0,0.18450403213500977,Results/warm_start_cache/path_graphs_2to12vertices_11instances_AdjacencyList__filehash_01292d61/hog_idx000000_cd0336d2cdf0_seed42_L2_M2_betaanalytic_instance_amplified.npz,5.191840410232544,2026-09-08 05:47:26,x86_64,dacsgpu0002,,64,64,3.11.15,0.22,True,False,True,True,1,True,False,True,False,adam,False,hamqaoa,0.01,amplified_king,2,2,42,scs,1e-06,100000,False,False,False,hog,False,False,False,False,False,False,True,1,HOG_graphs/Exp5/path_graphs_2to12vertices_11instances_AdjacencyList.txt,True,Results/warm_start_cache,512,60,0,16,1,1,0,0,5,0,5,10,42,True,_FINAL_BENCHMARKS_KINGAMPLIFIED,1,42,0,"[(0, 1)]",[1.0]
480009fe,7,6,1,75.0,False,True,"[1, 1, 1]",,8.67465685114911,4.337328425574555,3.083761351881484,2.5895418396417273,2.5895418396417273,True,analytic_instance,0.6188802782977683,0.01441548764705658,2.7365048370527694,3.0837613518814835,3.0837613518814835,1.7350106541804249,"[3.0837613518814835, 1.7869041148705163, 1.8383901527481314, 1.889270199123959, 1.9393491580754068, 1.9884380317428687, 2.03635657487259, 2.08293608538006, 2.128022141359363, 2.171477008384855, 2.2131817808907654, 2.2530381083805087, 2.2909690529498796, 2.326919506334987, 2.360855634264301, 2.392763855962374, 2.4226490291534373, 2.450532287349564, 2.4764486947856508, 2.5004448493560094, 2.522576730338201, 2.542907870088434, 2.5615079039629305, 2.5784515309731018, 2.593817691769314, 2.6076890800038393, 2.6201516188401492, 2.6312940278248242, 2.641207259950111, 2.649983798260534, 2.657716903215015, 2.6644996969916175, 2.6704241393613306, 2.675580088554546, 2.680054260969055, 2.6839293727908013, 2.687283277416935, 2.690188393491904, 2.692711194955769, 2.6949119253088782, 2.696844392981193, 2.698556009648168, 2.7000879842177348, 2.7014754949542974, 2.7027481381998744, 2.703930310751744, 2.705041675315558, 2.706097648785332, 2.7071099285879217, 2.7080870530262295, 2.7090347538548816, 2.70995649134301, 2.7108538633745094, 2.7117269947341986, 2.7125748528232747, 2.713395585080718, 2.7141867902307233, 2.7149457442498983, 2.715669577808933, 2.716355490178516, 2.7170008642271872, 2.717603393752909, 2.7181611874082487, 2.7186728296096008, 2.719137452769224, 2.719554748377222, 2.7199250112264033, 2.7202491000770643, 2.720528457351298, 2.720765073005506, 2.720961410573621, 2.7211203764961662, 2.7212452489498595, 2.7213395745089857, 2.721407106106139, 2.72145170695941]",75,0.7111995737734048,,0.0,0.6945130296574282,3.0837613518814835,,0.7111995737734048,,,,5.396837949752808,224.80781412124634,True,219.414124250412,0.003134489059448242,0.0,219.414124250412,Results/warm_start_cache/path_graphs_2to12vertices_11instances_AdjacencyList__filehash_01292d61/hog_idx000005_800a0f5af338_seed42_L2_M2_betaanalytic_instance_amplified.npz,5.410253524780273,2026-09-08 05:47:26,x86_64,dacsgpu0002,,64,64,3.11.15,0.23,True,False,True,False,,True,True,True,False,adam,False,hamqaoa,0.01,amplified_king,2,2,42,scs,1e-06,100000,False,False,False,hog,False,False,False,False,False,False,True,1,HOG_graphs/Exp5/path_graphs_2to12vertices_11instances_AdjacencyList.txt,True,Results/warm_start_cache,512,60,0,16,1,1,0,0,5,0,5,10,42,True,_FINAL_BENCHMARKS_KINGAMPLIFIED,1,42,5,"[(0, 1), (2, 3), (1, 2), (5, 6), (3, 4), (4, 5)]","[1.0, 1.0, 1.0, 1.0, 1.0, 1.0]"
e2716a72,6,5,1,75.0,False,True,"[1, 1, 1]",,7.487153667307896,3.743576833653948,2.4155495555577597,2.3243575295762633,2.3243575295762633,True,analytic_instance,0.7720086525015887,0.012710241600871086,2.213250713811337,2.4155495555577593,2.4155495555577593,1.6539602268266331,"[2.4155495555577593, 1.6849311169300496, 1.714760082137232, 1.743252226877948, 1.770222087861466, 1.7954990417519119, 1.8189343606463542, 1.8404100107029249, 1.859849183932224, 1.8772279722737117, 1.892587318862301, 1.9060429894846562, 1.917790655143423, 1.9281022940653718, 1.9373111795979712, 1.945785549364821, 1.9538954356452274, 1.961980087666791, 1.9703235621485395, 1.9791423844144287, 1.9885847390693467, 1.9987375116705075, 2.009637034677989, 2.0212804529754225, 2.033635825488485, 2.0466502813033407, 2.0602560879446834, 2.0743750082487757, 2.088921430487089, 2.103804351744404, 2.1189287067312184, 2.134196343662104, 2.1495067695265435, 2.1647577497041404, 2.179846201880273, 2.1946690544962704, 2.2091245101045187, 2.2231134396019248, 2.236541109181612, 2.249319085409462, 2.261367072569856, 2.272614886006771, 2.2830041874450746, 2.292489946651497, 2.301041500228866, 2.3086431955796702, 2.3152945732487034, 2.32101013291717, 2.325818623568805, 2.329762075403399, 2.332894471405877, 2.3352802127422456, 2.3369924243655373, 2.338111020837084, 2.3387207257969687, 2.338908909561771, 2.3387633396683585, 2.33836985077096, 2.33781001269406, 2.337158839114786, 2.3364827310708383, 2.335837730064396, 2.3352683199799573, 2.3348068939221642, 2.3344738436759713, 2.3342784047073746, 2.3342200062812304, 2.3342900224935574, 2.3344737865504785, 2.334752584917356, 2.3351055371802114, 2.335511161247427, 2.3359487103531085, 2.336399058971994, 2.336845351320926, 2.3372733270223747]",75,0.6451788342835895,,0.0,0.4045976834928444,2.4155495555577593,,0.6451788342835895,,,,4.932023048400879,60.462085008621216,True,55.541364431381226,0.011287212371826172,0.0,55.541364431381226,Results/warm_start_cache/path_graphs_2to12vertices_11instances_AdjacencyList__filehash_01292d61/hog_idx000004_2a8a9b462e5e_seed42_L2_M2_betaanalytic_instance_amplified.npz,4.9639341831207275,2026-09-08 05:47:27,x86_64,dacsgpu0002,,64,64,3.11.15,0.22,True,False,True,False,,True,True,True,False,adam,False,hamqaoa,0.01,amplified_king,2,2,42,scs,1e-06,100000,False,False,False,hog,False,False,False,False,False,False,True,1,HOG_graphs/Exp5/path_graphs_2to12vertices_11instances_AdjacencyList.txt,True,Results/warm_start_cache,512,60,0,16,1,1,0,0,5,0,5,10,42,True,_FINAL_BENCHMARKS_KINGAMPLIFIED,1,42,4,"[(0, 1), (2, 3), (1, 2), (3, 4), (4, 5)]","[1.0, 1.0, 1.0, 1.0, 1.0]"
47418170,2,1,3,75.0,False,True,"[1, 1, 1]",,1.9999998910740424,0.9999999455370212,0.5655328708703277,0.818309757404599,0.818309757404599,True,analytic_instance,1.0,0.015662087127566338,0.49999996166691896,0.5655328708703274,0.5655328708703277,0.471489344503195,"[0.5655328708703277, 0.5154894318365297, 0.5600853107494431, 0.604713915055305, 0.6488090101071112, 0.6918331081812372, 0.7331330025609635, 0.7720140442258299, 0.8078261984829872, 0.8400346952247337, 0.8682868091924403, 0.8924516741681302, 0.9126042180762655, 0.9289627547877873, 0.9418344618206589, 0.951606965486712, 0.9587637560326604, 0.9638727887151796, 0.9675222738939945, 0.970230214475141, 0.9723821743457414, 0.974224676666762, 0.975899562696661, 0.9774900612915245, 0.9790562297387104, 0.98064919920323, 0.9823060567171099, 0.9840374979121677, 0.9858218318909715, 0.9876104284002388, 0.9893407500127771, 0.990950471904713, 0.9923877947781121, 0.9936165203446097, 0.9946164956824531, 0.9953816892433791, 0.9959182435437219, 0.9962441780290745, 0.9963907479273177, 0.9964034655047571, 0.9963398382178046, 0.9962621436242447, 0.9962264820840869, 0.9962722010990757, 0.9964158462868364, 0.9966516885723007, 0.9969579642367206, 0.9973055459386198, 0.9976657807222397, 0.9980153550675794, 0.9983376579259589, 0.9986218243955031, 0.998861149184233, 0.999052257119002, 0.9991952547416392, 0.999294194576102, 0.9993568531144877, 0.9993934161645155, 0.9994144816111764, 0.9994292223346668, 0.9994444645293852, 0.9994647271205812, 0.9994928241585258, 0.9995303715971544, 0.999577756721972, 0.999633696900718, 0.999694866534313, 0.999756152762195, 0.9998117229763492, 0.9998565138169093, 0.999887530477106, 0.9999044069764282, 0.9999090665961765, 0.9999048202736008, 0.9998953967357966, 0.9998842694619712]",75,0.5655328708703274,,0.8687027971832875,0.9997686155901044,0.9998842694619712,,0.9998842694619712,,,,7.221069574356079,7.404107332229614,True,0.18450403213500977,0.0014529228210449219,0.0,0.18450403213500977,Results/warm_start_cache/path_graphs_2to12vertices_11instances_AdjacencyList__filehash_01292d61/hog_idx000000_cd0336d2cdf0_seed42_L2_M2_betaanalytic_instance_amplified.npz,7.228505373001099,2026-09-08 05:47:28,x86_64,dacsgpu0002,,64,64,3.11.15,0.22,True,False,True,True,1,True,False,True,False,adam,False,hamqaoa,0.01,amplified_king,2,2,42,scs,1e-06,100000,False,False,False,hog,False,False,False,False,False,False,True,1,HOG_graphs/Exp5/path_graphs_2to12vertices_11instances_AdjacencyList.txt,True,Results/warm_start_cache,512,60,0,16,1,1,0,0,5,0,5,10,42,True,_FINAL_BENCHMARKS_KINGAMPLIFIED,1,42,0,"[(0, 1)]",[1.0]
c6c89e60,2,1,4,75.0,False,True,"[1, 1, 1]",,1.9999998910740424,0.9999999455370212,0.5655328708703277,0.818309757404599,0.818309757404599,True,analytic_instance,1.0,0.015662087127566338,0.49999996166691896,0.5655328708703274,0.5655328708703277,0.5743104484562503,"[0.5655328708703277, 0.6241972517804032, 0.6675092685690301, 0.7032908663717268, 0.7318547593629262, 0.7543876513147549, 0.7720191115676709, 0.7857803388574581, 0.7967135688198339, 0.8058423354707331, 0.8140910913816592, 0.8222261860000162, 0.8308182763964479, 0.8401921400680185, 0.850408521505031, 0.8613217176223353, 0.8726692638115172, 0.8841495247004687, 0.8954777202365376, 0.9064227581544944, 0.9168270237880616, 0.9266101233161317, 0.9357576692279076, 0.944298309125379, 0.952274853343285, 0.9597173168961975, 0.9666252551535182, 0.9729637437786443, 0.9786725552458272, 0.9836845476365641, 0.9879467381871503, 0.991437938072326, 0.9941780506379752, 0.9962271438911415, 0.9976750429230976, 0.9986252088210537, 0.9991782546920924, 0.9994202134528203, 0.9994183067017353, 0.9992239703414765, 0.9988804562218015, 0.9984309717730906, 0.9979238793498999, 0.9974128616324587, 0.9969521443864491, 0.9965887136921889, 0.9963549216229355, 0.996264191043602, 0.9963113618336928, 0.996476992117041, 0.9967336170809811, 0.9970518389788043, 0.9974046969993609, 0.9977698829151384, 0.9981301474289243, 0.998472538120412, 0.9987873964054019, 0.9990676006057714, 0.9993083428648882, 0.9995071218755871, 0.9996636918870538, 0.9997796904013044, 0.9998580984027341, 0.9999027681962683, 0.9999182828438355, 0.9999100889480232, 0.9998846673657087, 0.9998493578758896, 0.9998116895196225, 0.999778298961457, 0.99975385113832, 0.9997404583623634, 0.9997378475479983, 0.9997442203344062, 0.9997573728624805, 0.9997755481414723]",75,0.5655328708703274,,0.8684853545422897,0.9995511729491067,0.9997755481414723,,0.9997755481414723,,,,9.997280359268188,10.180372476577759,True,0.18450403213500977,0.0013954639434814453,0.0,0.18450403213500977,Results/warm_start_cache/path_graphs_2to12vertices_11instances_AdjacencyList__filehash_01292d61/hog_idx000000_cd0336d2cdf0_seed42_L2_M2_betaanalytic_instance_amplified.npz,10.004348516464233,2026-09-08 05:47:31,x86_64,dacsgpu0002,,64,64,3.11.15,0.23,True,False,True,True,1,True,False,True,False,adam,False,hamqaoa,0.01,amplified_king,2,2,42,scs,1e-06,100000,False,False,False,hog,False,False,False,False,False,False,True,1,HOG_graphs/Exp5/path_graphs_2to12vertices_11instances_AdjacencyList.txt,True,Results/warm_start_cache,512,60,0,16,1,1,0,0,5,0,5,10,42,True,_FINAL_BENCHMARKS_KINGAMPLIFIED,1,42,0,"[(0, 1)]",[1.0]
04b731fa,7,6,2,75.0,False,True,"[1, 1, 1]",,8.67465685114911,4.337328425574555,3.083761351881484,2.5895418396417273,2.5895418396417273,True,analytic_instance,0.6188802782977683,0.01441548764705658,2.7365048370527694,3.0837613518814835,3.0837613518814835,1.6661424065653418,"[3.0837613518814835, 1.7344402176853158, 1.8006180062147998, 1.8633150526594362, 1.9217328770300102, 1.9765983950596746, 2.030391233556305, 2.0856778449145525, 2.1435863557936368, 2.203948912699304, 2.265929102034009, 2.3284013809869637, 2.3901297200115965, 2.449881334226424, 2.5065506766925467, 2.5593234983350928, 2.607850059194858, 2.652305689773446, 2.6932123579130374, 2.731096385570244, 2.766219413027623, 2.798535097790429, 2.8278474352389815, 2.854028588538815, 2.877099671804333, 2.8971495921301496, 2.914294575346203, 2.9287114559202054, 2.940660997815094, 2.9504760232725076, 2.95852470303136, 2.965164912517265, 2.9707067274635524, 2.9753943458904897, 2.9794094607706674, 2.982888999644693, 2.985947213938495, 2.9886930848690123, 2.991238196197635, 2.9936952742318317, 2.9961705561191443, 2.998754116070464, 3.0015122184796974, 3.0044838253218606, 3.0076812121193517, 3.0110940204518264, 3.014694965391201, 3.018445843973996, 3.022302561034313, 3.0262193236062926, 3.030151222445352, 3.034056143816838, 3.0378961229645687, 3.041638401178697, 3.0452559981223635, 3.0487277436068045, 3.0520373815234114, 3.055172132127223, 3.0581211193525926, 3.060874288515289, 3.063422575750918, 3.0657589875895224, 3.0678805148110144, 3.0697898802690813, 3.0714961553766704, 3.07301359619212, 3.074359075414857, 3.0755487699067685, 3.076595792311685, 3.0775097289874, 3.0782982663097354, 3.078969794343594, 3.079535635822033, 3.080010556468801, 3.080411283563512, 3.080753795893872]",75,0.7111995737734048,,0.0,0.6945130296574282,3.0837613518814835,,0.7111995737734048,,,,10.295623540878296,229.7069640159607,True,219.414124250412,0.0027675628662109375,0.0,219.414124250412,Results/warm_start_cache/path_graphs_2to12vertices_11instances_AdjacencyList__filehash_01292d61/hog_idx000005_800a0f5af338_seed42_L2_M2_betaanalytic_instance_amplified.npz,10.305583000183105,2026-09-08 05:47:31,x86_64,dacsgpu0002,,64,64,3.11.15,0.24,True,False,True,False,,True,True,True,False,adam,False,hamqaoa,0.01,amplified_king,2,2,42,scs,1e-06,100000,False,False,False,hog,False,False,False,False,False,False,True,1,HOG_graphs/Exp5/path_graphs_2to12vertices_11instances_AdjacencyList.txt,True,Results/warm_start_cache,512,60,0,16,1,1,0,0,5,0,5,10,42,True,_FINAL_BENCHMARKS_KINGAMPLIFIED,1,42,5,"[(0, 1), (2, 3), (1, 2), (5, 6), (3, 4), (4, 5)]","[1.0, 1.0, 1.0, 1.0, 1.0, 1.0]"
03a2bd23,2,1,5,75.0,False,True,"[1, 1, 1]",,1.9999998910740424,0.9999999455370212,0.5655328708703277,0.818309757404599,0.818309757404599,True,analytic_instance,1.0,0.015662087127566338,0.49999996166691896,0.5655328708703274,0.5655328708703277,0.09785621872652805,"[0.5655328708703277, 0.15363846332552322, 0.21765083573027535, 0.2864390634864689, 0.35639103266135835, 0.42437541907482995, 0.48814735857149505, 0.545785841129063, 0.5957137181172697, 0.636956809137255, 0.6694080990702613, 0.6940415670244424, 0.712757981631252, 0.7278664254215487, 0.7415193464822044, 0.7553651564391851, 0.7704396798785432, 0.7871976711905353, 0.8056034070438763, 0.8252417299196528, 0.8454380026329396, 0.8653855697455326, 0.8842799074229419, 0.9014513290572972, 0.9164775013285795, 0.9292487984360411, 0.9399615194550373, 0.9490324750702244, 0.9569584781709075, 0.964168782390545, 0.9709195327085229, 0.9772575968952001, 0.983052748159587, 0.9880773426159707, 0.9921045624992442, 0.9949968668229341, 0.9967609131755151, 0.9975551790255626, 0.9976502120685468, 0.9973569091331942, 0.9969487588750995, 0.9966047735007869, 0.9963893828667738, 0.9962704537833256, 0.9961636812492187, 0.9959848807002367, 0.9956920976457486, 0.9953053759206045, 0.994900555484604, 0.9945823590631491, 0.9944482383798998, 0.9945562929110936, 0.9949077054048237, 0.995448267082131, 0.9960868912021992, 0.9967237207576798, 0.997278186179301, 0.9977081990614372, 0.9980152494302242, 0.9982351376762844, 0.9984190152317446, 0.9986123218102957, 0.9988391503267764, 0.9990967500371583, 0.9993606903651977, 0.9995971824146654, 0.999777044518499, 0.9998858933155925, 0.9999274065663193, 0.9999195746202567, 0.9998864673875065, 0.9998494342273454, 0.9998211309227265, 0.999804157678826, 0.9997938513415175, 0.9997833086693783]",75,0.5655328708703274,,0.8685008755981016,0.9995666940049186,0.9997833086693783,,0.9997833086693783,,,,13.553531408309937,13.73664116859436,True,0.18450403213500977,0.001379251480102539,0.0,0.18450403213500977,Results/warm_start_cache/path_graphs_2to12vertices_11instances_AdjacencyList__filehash_01292d61/hog_idx000000_cd0336d2cdf0_seed42_L2_M2_betaanalytic_instance_amplified.npz,13.576041460037231,2026-09-08 05:47:34,x86_64,dacsgpu0002,,64,64,3.11.15,0.23,True,False,True,True,1,True,False,True,False,adam,False,hamqaoa,0.01,amplified_king,2,2,42,scs,1e-06,100000,False,False,False,hog,False,False,False,False,False,False,True,1,HOG_graphs/Exp5/path_graphs_2to12vertices_11instances_AdjacencyList.txt,True,Results/warm_start_cache,512,60,0,16,1,1,0,0,5,0,5,10,42,True,_FINAL_BENCHMARKS_KINGAMPLIFIED,1,42,0,"[(0, 1)]",[1.0]
b3dac6bb,6,5,2,75.0,False,True,"[1, 1, 1]",,7.487153667307896,3.743576833653948,2.4155495555577597,2.3243575295762633,2.3243575295762633,True,analytic_instance,0.7720086525015887,0.012710241600871086,2.213250713811337,2.4155495555577593,2.4155495555577593,0.9814844036553667,"[2.4155495555577593, 1.0426217927943213, 1.1063975267371362, 1.1713297640102864, 1.2359410725639812, 1.298798154796155, 1.358562327871297, 1.4140484354114238, 1.464288678305736, 1.5085955521727377, 1.5466162109018717, 1.5783684166512464, 1.6042475364650794, 1.624994316426856, 1.6416190120488117, 1.6552870215581166, 1.6671847916328104, 1.6783935085000583, 1.689796805332458, 1.7020350687450612, 1.715503091425209, 1.7303771007504043, 1.7466566169766677, 1.7642092990846945, 1.782812853571714, 1.802191601789142, 1.8220475864690227, 1.8420864865455315, 1.8620392888035564, 1.8816798856022967, 1.9008383525606325, 1.9194096101982399, 1.9373566966017728, 1.954708087800868, 1.9715490515944072, 1.9880070429735675, 2.0042325888050208, 2.0203776133922142, 2.036573524901355, 2.052912091692679, 2.0694315813864335, 2.086109835020393, 2.10286505832215, 2.119564170830948, 2.1360373566202266, 2.152097235095887, 2.167560418907617, 2.182268975828566, 2.1961097904547247, 2.209029495827903, 2.221043369175548, 2.232236822035548, 2.2427590936077304, 2.252809764965249, 2.2626186525247904, 2.2724226816555584, 2.282442281981176, 2.292860666474109, 2.303808888496592, 2.315357549353278, 2.327515213969197, 2.3402325174354264, 2.3534100007834944, 2.3669089064007633, 2.3805627325163567, 2.3941893996647057, 2.407603002206217, 2.4206248051868946, 2.433092877538096, 2.4448703615230944, 2.4558518024678246, 2.4659668138613138, 2.4751815340317522, 2.4834970555833196, 2.4909451623186536, 2.4975819875706025]",75,0.6451788342835895,,0.16406486402568632,0.5686625475185307,2.4975819875706025,,0.6670892060818916,,,,9.487224340438843,65.026615858078,True,55.541364431381226,0.001959562301635742,0.0,55.541364431381226,Results/warm_start_cache/path_graphs_2to12vertices_11instances_AdjacencyList__filehash_01292d61/hog_idx000004_2a8a9b462e5e_seed42_L2_M2_betaanalytic_instance_amplified.npz,9.525092601776123,2026-09-08 05:47:38,x86_64,dacsgpu0002,,64,64,3.11.15,0.23,True,False,True,False,,True,True,True,False,adam,False,hamqaoa,0.01,amplified_king,2,2,42,scs,1e-06,100000,False,False,False,hog,False,False,False,False,False,False,True,1,HOG_graphs/Exp5/path_graphs_2to12vertices_11instances_AdjacencyList.txt,True,Results/warm_start_cache,512,60,0,16,1,1,0,0,5,0,5,10,42,True,_FINAL_BENCHMARKS_KINGAMPLIFIED,1,42,4,"[(0, 1), (2, 3), (1, 2), (3, 4), (4, 5)]","[1.0, 1.0, 1.0, 1.0, 1.0]"
f7bf92b0,7,6,3,75.0,False,True,"[1, 1, 1]",,8.67465685114911,4.337328425574555,3.083761351881484,2.5895418396417273,2.5895418396417273,True,analytic_instance,0.6188802782977683,0.01441548764705658,2.7365048370527694,3.0837613518814835,3.0837613518814835,1.8146447747836232,"[3.0837613518814835, 1.9136524346746415, 2.0145077903381337, 2.1155166455680017, 2.2149118954456193, 2.310979234744045, 2.402269035004686, 2.4878309712750744, 2.56726788649532, 2.640621786790014, 2.708340648119398, 2.7712417956452327, 2.830307590089437, 2.886373189903218, 2.9398835336322415, 2.9908295734428423, 3.038839608806259, 3.0833413173101625, 3.123735952885768, 3.159557085165924, 3.1905997173314407, 3.216995971604737, 3.239212165746558, 3.2579570018031805, 3.274032773694692, 3.288188197955808, 3.3010234007323707, 3.3129659051945923, 3.3243013725713135, 3.335269774780986, 3.3459698775016364, 3.3564918450760772, 3.366858309386103, 3.3769899091724627, 3.3866980040563153, 3.395721846446763, 3.4037982116703187, 3.4107349725299607, 3.416459295538562, 3.421025771683774, 3.424583926649014, 3.4273220569232845, 3.429414439202312, 3.4309953284579167, 3.4321658240509083, 3.4330196667290234, 3.433664437150237, 3.434221412419729, 3.4348039106087844, 3.435490072372726, 3.4363083454676095, 3.4372449407076435, 3.438267597183215, 3.439351189629423, 3.440491028937046, 3.4416988070336485, 3.442986836196546, 3.4443525858022808, 3.445773461695464, 3.447214008866343, 3.448639279139964, 3.4500258101418977, 3.451364821041334, 3.4526576042798505, 3.4539083996756776, 3.4551199929527536, 3.456294561781084, 3.4574373317980025, 3.4585587939657283, 3.459672639795075, 3.460790103493816, 3.4619146050207146, 3.4630404528199663, 3.4641564497739155, 3.465251883099299, 3.466321031276243]",75,0.7111995737734048,,0.7651193587895193,1.4596323884469475,3.466321031276243,,0.7994282821209048,,,,19.471792697906494,238.8784351348877,True,219.414124250412,0.007465839385986328,0.0,219.414124250412,Results/warm_start_cache/path_graphs_2to12vertices_11instances_AdjacencyList__filehash_01292d61/hog_idx000005_800a0f5af338_seed42_L2_M2_betaanalytic_instance_amplified.npz,19.50813364982605,2026-09-08 05:47:41,x86_64,dacsgpu0002,,64,64,3.11.15,0.25,True,False,True,False,,True,True,True,False,adam,False,hamqaoa,0.01,amplified_king,2,2,42,scs,1e-06,100000,False,False,False,hog,False,False,False,False,False,False,True,1,HOG_graphs/Exp5/path_graphs_2to12vertices_11instances_AdjacencyList.txt,True,Results/warm_start_cache,512,60,0,16,1,1,0,0,5,0,5,10,42,True,_FINAL_BENCHMARKS_KINGAMPLIFIED,1,42,5,"[(0, 1), (2, 3), (1, 2), (5, 6), (3, 4), (4, 5)]","[1.0, 1.0, 1.0, 1.0, 1.0, 1.0]"
73b584dd,8,7,1,75.0,False,True,"[1, 1, 1]",,10.249997980679638,5.124998990339819,2.9318775921770026,3.122472884601499,3.122472884601499,True,analytic_instance,0.6917064812610668,0.014594832435250282,2.4153173601498215,2.931877592177005,2.931877592177005,1.7471699411646415,"[2.931877592177005, 1.7669095927419807, 1.787907733153677, 1.8100684167824663, 1.8332881466077326, 1.8574544227703433, 1.8824446818407772, 1.9081258126129739, 1.9343541896067553, 1.9609761785946718, 1.9878292844620045, 2.0147437343829004, 2.0415444861067975, 2.068053787744526, 2.0940940793729776, 2.119491280336089, 2.1440782029795806, 2.167698295790466, 2.1902091978250415, 2.2114863462238006, 2.2314259524087756, 2.2499477703078354, 2.2669971093315597, 2.2825460598140106, 2.296593850476097, 2.309166118222499, 2.320313530752026, 2.3301092444393787, 2.3386457891441084, 2.346031317997039, 2.3523854746280577, 2.3578352583820306, 2.3625108991651653, 2.366542067957005, 2.370054601641498, 2.373167838722065, 2.375992581910567, 2.3786297104905856, 2.3811695327906937, 2.3836915929115485, 2.3862649491498322, 2.388948721153845, 2.39179305890402, 2.3948400487030908, 2.3981248069291565, 2.4016764755969806, 2.4055191286756696, 2.4096725699649784, 2.4141530206021846, 2.4189735638761816, 2.4241445051503683, 2.429673430931446, 2.4355652358720152, 2.441821871021237, 2.448442117359593, 2.4554212287555255, 2.4627504640741584, 2.470416609462064, 2.478401703683011, 2.4866825490827815, 2.495230728210757, 2.504012469064998, 2.5129888221541234, 2.522115964135644, 2.531345884751878, 2.5406271898047943, 2.5499062102119017, 2.559128153551336, 2.568238459479587, 2.577184370392795, 2.5859164489538182, 2.5943900128123656, 2.602566605863035, 2.610415198769296, 2.6179133454630583, 2.6250476762219908]",75,0.5720736765223424,,0.0,1.0331204640543667,2.931877592177005,,0.5720736765223424,,,,9.266985177993774,683.332043170929,True,674.0756945610046,0.0106201171875,0.0,674.0756945610046,Results/warm_start_cache/path_graphs_2to12vertices_11instances_AdjacencyList__filehash_01292d61/hog_idx000006_749a375e0266_seed42_L2_M2_betaanalytic_instance_amplified.npz,9.298013687133789,2026-09-08 05:47:45,x86_64,dacsgpu0002,,64,64,3.11.15,0.24,True,False,True,False,,True,True,True,False,adam,False,hamqaoa,0.01,amplified_king,2,2,42,scs,1e-06,100000,False,False,False,hog,False,False,False,False,False,False,True,1,HOG_graphs/Exp5/path_graphs_2to12vertices_11instances_AdjacencyList.txt,True,Results/warm_start_cache,512,60,0,16,1,1,0,0,5,0,5,10,42,True,_FINAL_BENCHMARKS_KINGAMPLIFIED,1,42,6,"[(0, 1), (2, 3), (1, 2), (5, 6), (3, 4), (4, 5), (6, 7)]","[1.0, 1.0, 1.0, 1.0, 1.0, 1.0, 1.0]"
f75ee036,7,6,4,75.0,False,True,"[1, 1, 1]",,8.67465685114911,4.337328425574555,3.083761351881484,2.5895418396417273,2.5895418396417273,True,analytic_instance,0.6188802782977683,0.01441548764705658,2.7365048370527694,3.0837613518814835,3.0837613518814835,2.244394586350737,"[3.0837613518814835, 2.343874160387964, 2.4276016928964603, 2.496657180587864, 2.5558789187902144, 2.608785173255053, 2.6562991392097994, 2.698800289916807, 2.7360451637145355, 2.7680519168450077, 2.7952144272942703, 2.8182882968703953, 2.838438087415505, 2.856946266558253, 2.874906893314647, 2.893082747906549, 2.9117578968900437, 2.9306773527359455, 2.9493067437706753, 2.9672428181274277, 2.984436966670261, 3.0011041276908315, 3.0175094246116347, 3.033865162840036, 3.0503563938216525, 3.0672074040317634, 3.084732374374275, 3.1033423865439422, 3.123504223704664, 3.1456701092623325, 3.170205494808679, 3.1973358037319253, 3.227115639284793, 3.2594177171897876, 3.293933036490709, 3.3301754964692827, 3.3674935080054578, 3.405095654594729, 3.442098980138229, 3.4776002548630296, 3.51076262219892, 3.540905520496216, 3.567583873292837, 3.5906422963357527, 3.6102228004317825, 3.626704135571361, 3.640581127719111, 3.6523338918496187, 3.662349354342309, 3.670920080880123, 3.678297125544991, 3.6847462768572483, 3.690564646584535, 3.6960503644051905, 3.7014496456065924, 3.7069170222593115, 3.7125100111918523, 3.718214693054706, 3.7239796151232327, 3.7297387887779636, 3.7354180333177376, 3.7409326082782393, 3.746189424480089, 3.751096655393822, 3.7555766851367745, 3.759579062445565, 3.7630894560657797, 3.7661354944431413, 3.7687875471446985, 3.771153498726307, 3.7733657661662305, 3.775562156739543, 3.77786371037, 3.780353527531593, 3.7830619001980055, 3.785962344150088]",75,0.7111995737734048,,1.404401984537209,2.0989150141946373,3.785962344150088,,0.8731462970825848,,,,28.48885154724121,247.89757108688354,True,219.414124250412,0.00538945198059082,0.0,219.414124250412,Results/warm_start_cache/path_graphs_2to12vertices_11instances_AdjacencyList__filehash_01292d61/hog_idx000005_800a0f5af338_seed42_L2_M2_betaanalytic_instance_amplified.npz,28.528876781463623,2026-09-08 05:47:50,x86_64,dacsgpu0002,,64,64,3.11.15,0.26,True,False,True,False,,True,True,True,False,adam,False,hamqaoa,0.01,amplified_king,2,2,42,scs,1e-06,100000,False,False,False,hog,False,False,False,False,False,False,True,1,HOG_graphs/Exp5/path_graphs_2to12vertices_11instances_AdjacencyList.txt,True,Results/warm_start_cache,512,60,0,16,1,1,0,0,5,0,5,10,42,True,_FINAL_BENCHMARKS_KINGAMPLIFIED,1,42,5,"[(0, 1), (2, 3), (1, 2), (5, 6), (3, 4), (4, 5)]","[1.0, 1.0, 1.0, 1.0, 1.0, 1.0]"
69866da5,6,5,3,75.0,False,True,"[1, 1, 1]",,7.487153667307896,3.743576833653948,2.4155495555577597,2.3243575295762633,2.3243575295762633,True,analytic_instance,0.7720086525015887,0.012710241600871086,2.213250713811337,2.4155495555577593,2.4155495555577593,1.7250308203001852,"[2.4155495555577593, 1.7900827007218756, 1.8541382510357198, 1.9162686271457468, 1.975666043799943, 2.031435623554161, 2.0830829043973327, 2.130966503235273, 2.175947637184548, 2.218712907853102, 2.2596273339211064, 2.2988573521277815, 2.336477725279029, 2.3725181160445534, 2.406987641747886, 2.4399102863991344, 2.471370587013814, 2.5015395557225504, 2.530626541135043, 2.5587424789979893, 2.58582671394596, 2.6117133013758074, 2.6361697404975675, 2.6588775929745907, 2.679463350992746, 2.6975807756300254, 2.7130085536625184, 2.7257139459613025, 2.7358231113693092, 2.743526909050424, 2.7490284870494635, 2.7525608247348647, 2.754423344811871, 2.754993984402718, 2.7546981447853263, 2.7539429747071766, 2.7530546215636056, 2.7522477006532124, 2.751627279072943, 2.7512210577712537, 2.75102790903549, 2.7510503109365994, 2.7512916160316108, 2.7517376203572175, 2.752355678573672, 2.7531147795121336, 2.7540013633536136, 2.7550136784879724, 2.7561457677830257, 2.75737901434139, 2.758682051219015, 2.7600136743152457, 2.761328905565756, 2.762588681806217, 2.7637647423561367, 2.764833788207288, 2.7657707670810967, 2.766553704754068, 2.7671757241735406, 2.767649628055537, 2.7680007645415663, 2.7682570251426633, 2.768443224054872, 2.7685793719183307, 2.768681258081585, 2.768763137096345, 2.7688392381678155, 2.7689212657434545, 2.7690155779460692, 2.7691248930248995, 2.7692523964536306, 2.769402084828258, 2.7695759452528472, 2.769772522285238, 2.769987901324473, 2.7702169263025316]",75,0.6451788342835895,,0.7093347414895446,1.113932424982389,2.7702169263025316,,0.7399083670679838,,,,16.29194951057434,71.83002591133118,True,55.541364431381226,0.0032720565795898438,0.0,55.541364431381226,Results/warm_start_cache/path_graphs_2to12vertices_11instances_AdjacencyList__filehash_01292d61/hog_idx000004_2a8a9b462e5e_seed42_L2_M2_betaanalytic_instance_amplified.npz,16.3121395111084,2026-09-08 05:47:50,x86_64,dacsgpu0002,,64,64,3.11.15,0.24,True,False,True,False,,True,True,True,False,adam,False,hamqaoa,0.01,amplified_king,2,2,42,scs,1e-06,100000,False,False,False,hog,False,False,False,False,False,False,True,1,HOG_graphs/Exp5/path_graphs_2to12vertices_11instances_AdjacencyList.txt,True,Results/warm_start_cache,512,60,0,16,1,1,0,0,5,0,5,10,42,True,_FINAL_BENCHMARKS_KINGAMPLIFIED,1,42,4,"[(0, 1), (2, 3), (1, 2), (3, 4), (4, 5)]","[1.0, 1.0, 1.0, 1.0, 1.0]"
0b78d787,5,4,1,75.0,False,True,"[1, 1, 1]",,5.855772201512295,2.9278861007561474,1.0994896531842633,1.7541567630882788,1.7541567630882788,True,analytic_instance,0.6473019496213255,0.01167326234281063,0.8163362114633851,1.0994896531842637,1.0994896531842633,0.8302117729617697,"[1.0994896531842633, 0.8421880177544323, 0.8550935209782278, 0.868899346732931, 0.883570351843606, 0.8990643087680193, 0.9153310891160487, 0.9323119706037154, 0.9499390660469834, 0.9681349599268919, 0.986812539946764, 1.0058750611292484, 1.0252164921689957, 1.0447221547329661, 1.0642697299272594, 1.0837305841049822, 1.1029715127930715, 1.1218568479944653, 1.1402510201231246, 1.1580214761623118, 1.1750419064146735, 1.1911957686671322, 1.2063798863310657, 1.2205079511925414, 1.2335136699634497, 1.2453532417949869, 1.2560067517781588, 1.2654782767322217, 1.2737944639036616, 1.2810016260243628, 1.2871617012544485, 1.2923476070539006, 1.2966386463288722, 1.300116623038936, 1.3028630092908784, 1.3049572904531543, 1.3064762710207298, 1.3074941252944217, 1.3080826955082092, 1.3083118175977104, 1.3082494482482496, 1.3079614296473543, 1.3075109303453518, 1.306957595832612, 1.3063564903235092, 1.3057569719467716, 1.3052015595484445, 1.3047249764720488, 1.3043534335237854, 1.3041042524792326, 1.303985896306324, 1.303998426931404, 1.3041343888811128, 1.3043800587599743, 1.3047169236571234, 1.3051233693309792, 1.3055763260969377, 1.3060529114192891, 1.3065317771321279, 1.3069942592650856, 1.307425149806319, 1.307813126314515, 1.3081508561276038, 1.3084347820435578, 1.308664671340042, 1.3088430037112813, 1.308974276729847, 1.3090643076723056, 1.3091195896194951, 1.309146756195713, 1.309152168420235, 1.3091416388397628, 1.3091202763559138, 1.3090924335019931, 1.309061728525944, 1.3090311019208596]",75,0.3755087613334234,,0.4190828974731917,0.985389780914949,1.3090311019208596,,0.4470734637707854,,,,5.087164640426636,20.16966700553894,True,15.090807914733887,0.008291244506835938,0.0,15.090807914733887,Results/warm_start_cache/path_graphs_2to12vertices_11instances_AdjacencyList__filehash_01292d61/hog_idx000003_3fe097836279_seed42_L2_M2_betaanalytic_instance_amplified.npz,5.1004111766815186,2026-09-08 05:47:52,x86_64,dacsgpu0002,,64,64,3.11.15,0.22,True,False,True,False,,True,True,True,False,adam,False,hamqaoa,0.01,amplified_king,2,2,42,scs,1e-06,100000,False,False,False,hog,False,False,False,False,False,False,True,1,HOG_graphs/Exp5/path_graphs_2to12vertices_11instances_AdjacencyList.txt,True,Results/warm_start_cache,512,60,0,16,1,1,0,0,5,0,5,10,42,True,_FINAL_BENCHMARKS_KINGAMPLIFIED,1,42,3,"[(1, 2), (3, 4), (0, 1), (2, 3)]","[1.0, 1.0, 1.0, 1.0]"
51177535,8,7,2,75.0,False,True,"[1, 1, 1]",,10.249997980679638,5.124998990339819,2.9318775921770026,3.122472884601499,3.122472884601499,True,analytic_instance,0.6917064812610668,0.014594832435250282,2.4153173601498215,2.931877592177005,2.931877592177005,1.820059661663037,"[2.931877592177005, 1.877792233100407, 1.939381073374859, 2.0039660832719552, 2.0706268537031347, 2.138393392801405, 2.2062635769158603, 2.2732280626030272, 2.3383039813537243, 2.400577830535494, 2.4592572979054204, 2.5137277210197975, 2.5636015482123455, 2.6087401959515173, 2.649229909173835, 2.6853184148654394, 2.7173442133550845, 2.7456875866560515, 2.770746832192605, 2.792926992161997, 2.812632987272674, 2.830262577452265, 2.846198236988937, 2.860798259203543, 2.8743879761852744, 2.887251846561589, 2.899628816404697, 2.911710384113184, 2.9236419788348087, 2.9355266289714383, 2.947430957475901, 2.9593914698041317, 2.9714206818682354, 2.983513195816152, 2.995650245947093, 3.007803561136733, 3.019938403409448, 3.0320158193826847, 3.0439953470437167, 3.055837497047342, 3.067506255388475, 3.0789721574947473, 3.0902145085865205, 3.101223512158432, 3.112001422363917, 3.1225631768138062, 3.1329354680615005, 3.1431553545417197, 3.1532677634595534, 3.1633226995189356, 3.1733719549082924, 3.1834655962438916, 3.1936488426951612, 3.203959343215711, 3.214424898651293, 3.2250620623774693, 3.235875478043586, 3.246857908866078, 3.2579908582326524, 3.269245731669324, 3.280585132426239, 3.291964357230409, 3.303333047260561, 3.314636115722484, 3.3258148813067163, 3.336808284182712, 3.347553503165657, 3.3579870077512273, 3.3680456158620906, 3.377667925559694, 3.3867963616508057, 3.395378977349545, 3.4033718254638856, 3.4107413641485738, 3.417466314888565, 3.423539442978222]",75,0.5720736765223424,,0.9833237016024343,2.016444165656801,3.423539442978222,,0.6680076961908726,,,,17.941843509674072,692.0094127655029,True,674.0756945610046,0.00810861587524414,0.0,674.0756945610046,Results/warm_start_cache/path_graphs_2to12vertices_11instances_AdjacencyList__filehash_01292d61/hog_idx000006_749a375e0266_seed42_L2_M2_betaanalytic_instance_amplified.npz,17.99398374557495,2026-09-08 05:47:54,x86_64,dacsgpu0002,,64,64,3.11.15,0.27,True,False,True,False,,True,True,True,False,adam,False,hamqaoa,0.01,amplified_king,2,2,42,scs,1e-06,100000,False,False,False,hog,False,False,False,False,False,False,True,1,HOG_graphs/Exp5/path_graphs_2to12vertices_11instances_AdjacencyList.txt,True,Results/warm_start_cache,512,60,0,16,1,1,0,0,5,0,5,10,42,True,_FINAL_BENCHMARKS_KINGAMPLIFIED,1,42,6,"[(0, 1), (2, 3), (1, 2), (5, 6), (3, 4), (4, 5), (6, 7)]","[1.0, 1.0, 1.0, 1.0, 1.0, 1.0, 1.0]"
364f2cbf,6,5,4,75.0,False,True,"[1, 1, 1]",,7.487153667307896,3.743576833653948,2.4155495555577597,2.3243575295762633,2.3243575295762633,True,analytic_instance,0.7720086525015887,0.012710241600871086,2.213250713811337,2.4155495555577593,2.4155495555577593,1.2723836891014502,"[2.4155495555577593, 1.3807877776094468, 1.4904396148679082, 1.5964778561462762, 1.693870089709377, 1.7782697110700743, 1.8470595047125944, 1.9007993330258353, 1.943303548769659, 1.9796565566036075, 2.0141990054916956, 2.049389576226228, 2.0858724165242313, 2.1232052327273063, 2.160724516042948, 2.1981281166394564, 2.2355294554409877, 2.2732618322945286, 2.311697467536079, 2.3510510881777114, 2.3912365625238508, 2.4318778973192114, 2.4724485000564163, 2.5124490610992014, 2.5515474635696105, 2.5896376625713997, 2.6268080767020425, 2.6632435716873917, 2.699101090298703, 2.734395234799145, 2.7689259366842807, 2.802274768176478, 2.8338715624325865, 2.863098973782666, 2.8893971422754285, 2.91234848539645, 2.9317400148069632, 2.947605879978554, 2.960246038162681, 2.9702092508926192, 2.9782294932018747, 2.985120450405619, 2.991650986826446, 2.998433581243729, 3.005851979338372, 3.014039988263712, 3.0229126558916275, 3.032239969912917, 3.041743968447888, 3.051192028095111, 3.060462181276598, 3.069564784208911, 3.078618265006698, 3.0877935811367716, 3.0972480392705615, 3.107072285062405, 3.117263681650707, 3.127730026198183, 3.138316552837717, 3.1488432984945796, 3.15914263083957, 3.169086263952043, 3.178599414186808, 3.187662114668211, 3.1963016465599114, 3.2045804158917406, 3.212582460432858, 3.2204001827648137, 3.2281210347907763, 3.2358147139723816, 3.2435218367169494, 3.251246730633578, 3.258956874551132, 3.2665905411646996, 3.2740706309892635, 3.28132177756279]",75,0.6451788342835895,,1.7315444440100611,2.1361421275029056,3.28132177756279,,0.8764214149473263,,,,25.24093198776245,80.77901315689087,True,55.541364431381226,0.0032668113708496094,0.0,55.541364431381226,Results/warm_start_cache/path_graphs_2to12vertices_11instances_AdjacencyList__filehash_01292d61/hog_idx000004_2a8a9b462e5e_seed42_L2_M2_betaanalytic_instance_amplified.npz,25.273800373077393,2026-09-08 05:48:00,x86_64,dacsgpu0002,,64,64,3.11.15,0.25,True,False,True,False,,True,True,True,False,adam,False,hamqaoa,0.01,amplified_king,2,2,42,scs,1e-06,100000,False,False,False,hog,False,False,False,False,False,False,True,1,HOG_graphs/Exp5/path_graphs_2to12vertices_11instances_AdjacencyList.txt,True,Results/warm_start_cache,512,60,0,16,1,1,0,0,5,0,5,10,42,True,_FINAL_BENCHMARKS_KINGAMPLIFIED,1,42,4,"[(0, 1), (2, 3), (1, 2), (3, 4), (4, 5)]","[1.0, 1.0, 1.0, 1.0, 1.0]"
f423d06c,5,4,2,75.0,False,True,"[1, 1, 1]",,5.855772201512295,2.9278861007561474,1.0994896531842633,1.7541567630882788,1.7541567630882788,True,analytic_instance,0.6473019496213255,0.01167326234281063,0.8163362114633851,1.0994896531842637,1.0994896531842633,0.7321302674104125,"[1.0994896531842633, 0.7522268136383123, 0.7718508117770709, 0.7908184613756386, 0.8089571409344419, 0.8261342270463589, 0.8423040940505665, 0.8575661903608957, 0.8721932936712822, 0.8865774086254621, 0.9011190442690323, 0.9161480435365446, 0.9319039005754901, 0.9485420314242461, 0.9661408231640478, 0.9847086417457949, 1.00419522093541, 1.024507288719778, 1.0455253542629017, 1.0671191592381946, 1.0891590258761785, 1.1115194764588017, 1.1340727409370701, 1.15667358046025, 1.179143017190233, 1.2012625036852704, 1.2227858791396515, 1.243470239872384, 1.2631191433422122, 1.2816239897036734, 1.2989809292399015, 1.315267476634273, 1.3305934183591384, 1.3450635699401559, 1.3587727273518, 1.3718203356807712, 1.3843230955629704, 1.3964137161414185, 1.408225567218934, 1.4198719229024754, 1.4314297379017107, 1.4429323196523698, 1.454370265914448, 1.4656972091319844, 1.476837415292253, 1.4876942061545744, 1.4981589027804014, 1.5081202315441822, 1.5174744676659646, 1.5261361812097265, 1.5340490259698703, 1.5411954554884564, 1.5476037532860298, 1.5533505173075264, 1.5585566526605625, 1.563376272151849, 1.5679795225494537, 1.5725324922090713, 1.5771786088345234, 1.5820254423458913, 1.58713924610845, 1.592546692461934, 1.5982420917927274, 1.6041970082438373, 1.6103697834393842, 1.6167132075701354, 1.6231795031140137, 1.6297230247453014, 1.6363010487131664, 1.6428742612743419, 1.649407427760463, 1.6558710119860152, 1.6622431796123351, 1.668511596490529, 1.6746738759407473, 1.6807357426305685]",75,0.3755087613334234,,1.1624921788926095,1.7287990623343668,1.6807357426305685,,0.5740217700241013,,,,8.50857138633728,23.59746551513672,True,15.090807914733887,0.001895904541015625,0.0,15.090807914733887,Results/warm_start_cache/path_graphs_2to12vertices_11instances_AdjacencyList__filehash_01292d61/hog_idx000003_3fe097836279_seed42_L2_M2_betaanalytic_instance_amplified.npz,8.547667741775513,2026-09-08 05:48:01,x86_64,dacsgpu0002,,64,64,3.11.15,0.22,True,False,True,False,,True,True,True,False,adam,False,hamqaoa,0.01,amplified_king,2,2,42,scs,1e-06,100000,False,False,False,hog,False,False,False,False,False,False,True,1,HOG_graphs/Exp5/path_graphs_2to12vertices_11instances_AdjacencyList.txt,True,Results/warm_start_cache,512,60,0,16,1,1,0,0,5,0,5,10,42,True,_FINAL_BENCHMARKS_KINGAMPLIFIED,1,42,3,"[(1, 2), (3, 4), (0, 1), (2, 3)]","[1.0, 1.0, 1.0, 1.0]"
a39e1c4d,7,6,5,75.0,False,True,"[1, 1, 1]",,8.67465685114911,4.337328425574555,3.083761351881484,2.5895418396417273,2.5895418396417273,True,analytic_instance,0.6188802782977683,0.01441548764705658,2.7365048370527694,3.0837613518814835,3.0837613518814835,1.6734133789319572,"[3.0837613518814835, 1.82735506795658, 1.9909828838697947, 2.158453455282861, 2.3217441460326556, 2.4716481248267277, 2.6013174896342686, 2.7097707969626503, 2.8006548423447906, 2.8778009395169772, 2.9437077818167205, 3.000137353238175, 3.0483878072457213, 3.089340727249126, 3.1235804580502236, 3.1516111736757804, 3.1740207921499315, 3.1914992607526824, 3.204848525322416, 3.2151801713216717, 3.2240923371863137, 3.2333385629558777, 3.2441869890220296, 3.2571180999847087, 3.2719310717008443, 3.2879858492131357, 3.304437944240052, 3.3204366706928097, 3.335294778934098, 3.3486390596494875, 3.3605142086879254, 3.3713700417215393, 3.3818800486902503, 3.3926407363813387, 3.403897824459001, 3.415440234144043, 3.426699403999158, 3.4369894866002944, 3.445778210093712, 3.4528878616080454, 3.4585589742091747, 3.4633627248631202, 3.468003691755843, 3.473097860773132, 3.4790111494430724, 3.4858064115455942, 3.4932947075378133, 3.5011528965708756, 3.509058211774317, 3.5167950056906907, 3.5243029839003532, 3.531657203218256, 3.538998307784791, 3.546447813641165, 3.554047846452194, 3.561745942776343, 3.5694248446516608, 3.5769565982749625, 3.5842517048051685, 3.5912817999603033, 3.598068535140201, 3.6046508413183096, 3.6110522815698105, 3.6172668447546137, 3.623268393224036, 3.6290346739689445, 3.6345680721578826, 3.639899204294313, 3.6450720981868314, 3.6501218301717673, 3.6550613179379234, 3.6598865451555223, 3.6645965464988732, 3.6692131390016676, 3.673784259406926, 3.6783674881230666]",75,0.7111995737734048,,1.1892122724831662,1.8837253021405944,3.6783674881230666,,0.8483319852682348,,,,41.594552993774414,261.002552986145,True,219.414124250412,0.006108283996582031,0.0,219.414124250412,Results/warm_start_cache/path_graphs_2to12vertices_11instances_AdjacencyList__filehash_01292d61/hog_idx000005_800a0f5af338_seed42_L2_M2_betaanalytic_instance_amplified.npz,41.62730932235718,2026-09-08 05:48:03,x86_64,dacsgpu0002,,64,64,3.11.15,0.27,True,False,True,False,,True,True,True,False,adam,False,hamqaoa,0.01,amplified_king,2,2,42,scs,1e-06,100000,False,False,False,hog,False,False,False,False,False,False,True,1,HOG_graphs/Exp5/path_graphs_2to12vertices_11instances_AdjacencyList.txt,True,Results/warm_start_cache,512,60,0,16,1,1,0,0,5,0,5,10,42,True,_FINAL_BENCHMARKS_KINGAMPLIFIED,1,42,5,"[(0, 1), (2, 3), (1, 2), (5, 6), (3, 4), (4, 5)]","[1.0, 1.0, 1.0, 1.0, 1.0, 1.0]"
755fe69a,8,7,3,75.0,False,True,"[1, 1, 1]",,10.249997980679638,5.124998990339819,2.9318775921770026,3.122472884601499,3.122472884601499,True,analytic_instance,0.6917064812610668,0.014594832435250282,2.4153173601498215,2.931877592177005,2.931877592177005,1.8950982393728317,"[2.931877592177005, 1.9338423701313103, 1.9745300362252736, 2.017477867724031, 2.0637635348408483, 2.113293398844637, 2.1648955528369416, 2.216801229161906, 2.2670842508176627, 2.314297836890789, 2.3580046490608275, 2.3984836293362393, 2.4360428208682467, 2.4709110551984916, 2.5033870631134043, 2.5339211568666458, 2.5630580043377087, 2.5913224048755183, 2.619166949862003, 2.646977543409136, 2.6750771868035472, 2.7037030865648495, 2.732970845352144, 2.762850106693275, 2.793165904277424, 2.8236275356247185, 2.853875292479982, 2.883534053775792, 2.9122608219235175, 2.9397788512694563, 2.965895607009304, 2.990505447129275, 3.013581810972283, 3.035163295636709, 3.055337470095042, 3.0742237704496245, 3.091958465532462, 3.1086822250222954, 3.124531075693556, 3.139628776351438, 3.1540813875553497, 3.1679748769224227, 3.1813778353721838, 3.194348539720833, 3.206944261746855, 3.219229939078474, 3.2312836921270778, 3.24319878136374, 3.255083166025131, 3.2670560186492477, 3.279242077168547, 3.291763754611047, 3.304731562876142, 3.3182331310391153, 3.33232411093527, 3.347020415404787, 3.362294214647567, 3.3780744292014107, 3.3942521606838563, 3.4106896271830283, 3.42723122244356, 3.4437143084913724, 3.4599777112514625, 3.4758677969140686, 3.4912428956013732, 3.5059775168496166, 3.519968002800735, 3.533138633735711, 3.5454474910401035, 3.5568914800812856, 3.5675095860660972, 3.5773821168169397, 3.5866247951108026, 3.595376022678253, 3.603778875564891, 3.6119619307353688]",75,0.5720736765223424,,1.3601686771167278,2.3932891411710946,3.6119619307353688,,0.7047730596556817,,,,28.716991901397705,702.7820920944214,True,674.0756945610046,0.010579347610473633,0.0,674.0756945610046,Results/warm_start_cache/path_graphs_2to12vertices_11instances_AdjacencyList__filehash_01292d61/hog_idx000006_749a375e0266_seed42_L2_M2_betaanalytic_instance_amplified.npz,28.734956979751587,2026-09-08 05:48:05,x86_64,dacsgpu0002,,64,64,3.11.15,0.28,True,False,True,False,,True,True,True,False,adam,False,hamqaoa,0.01,amplified_king,2,2,42,scs,1e-06,100000,False,False,False,hog,False,False,False,False,False,False,True,1,HOG_graphs/Exp5/path_graphs_2to12vertices_11instances_AdjacencyList.txt,True,Results/warm_start_cache,512,60,0,16,1,1,0,0,5,0,5,10,42,True,_FINAL_BENCHMARKS_KINGAMPLIFIED,1,42,6,"[(0, 1), (2, 3), (1, 2), (5, 6), (3, 4), (4, 5), (6, 7)]","[1.0, 1.0, 1.0, 1.0, 1.0, 1.0, 1.0]"
75514f81,6,5,5,75.0,False,True,"[1, 1, 1]",,7.487153667307896,3.743576833653948,2.4155495555577597,2.3243575295762633,2.3243575295762633,True,analytic_instance,0.7720086525015887,0.012710241600871086,2.213250713811337,2.4155495555577593,2.4155495555577593,1.5498478535230338,"[2.4155495555577593, 1.6618800099092037, 1.7561182740233874, 1.830303634638576, 1.8911775371258486, 1.9453738118158281, 1.9957181657103116, 2.0425687976403326, 2.085589338159264, 2.124194597497955, 2.15762848384834, 2.1853054994633268, 2.2072352847374668, 2.2242284015378746, 2.237781441575905, 2.249717596835361, 2.261724225363701, 2.274975866042364, 2.2900262840724546, 2.3069944166457157, 2.325807173247522, 2.346245196655311, 2.367943313170421, 2.390483743363348, 2.413468423341311, 2.4365263704724907, 2.459293322951472, 2.4814028291366284, 2.5025112580832345, 2.5223649758213083, 2.540889686554017, 2.5582460629679424, 2.574787972383415, 2.5909204825658483, 2.6069410484580176, 2.6229566203988117, 2.638897061332892, 2.654587422475996, 2.6698328931241617, 2.6844809656511073, 2.6984420581942397, 2.7116723311973554, 2.724139466507555, 2.7357979577328018, 2.746585594204247, 2.7564392039907637, 2.7653176193762845, 2.7732188091640286, 2.780183610780818, 2.786287045973918, 2.7916235440374653, 2.796291359028004, 2.800379862696328, 2.8039617266344807, 2.8070924992237014, 2.8098176737459513, 2.812184954241298, 2.8142562429493974, 2.8161122558059053, 2.8178460434255093, 2.8195483291303964, 2.8212920897901923, 2.8231245203046376, 2.8250689021957065, 2.827132824938259, 2.8293170608829588, 2.831620293289478, 2.834039518549927, 2.8365689392423943, 2.839199470997238, 2.8419200331727823, 2.84471917042215, 2.847586153286051, 2.8505105327154965, 2.853481388389764, 2.856487423394748]",75,0.6451788342835895,,0.8818757356739777,1.2864734191668221,2.856487423394748,,0.7629507006930417,,,,36.05633759498596,91.59081435203552,True,55.541364431381226,0.006871938705444336,0.0,55.541364431381226,Results/warm_start_cache/path_graphs_2to12vertices_11instances_AdjacencyList__filehash_01292d61/hog_idx000004_2a8a9b462e5e_seed42_L2_M2_betaanalytic_instance_amplified.npz,36.07908248901367,2026-09-08 05:48:11,x86_64,dacsgpu0002,,64,64,3.11.15,0.25,True,False,True,False,,True,True,True,False,adam,False,hamqaoa,0.01,amplified_king,2,2,42,scs,1e-06,100000,False,False,False,hog,False,False,False,False,False,False,True,1,HOG_graphs/Exp5/path_graphs_2to12vertices_11instances_AdjacencyList.txt,True,Results/warm_start_cache,512,60,0,16,1,1,0,0,5,0,5,10,42,True,_FINAL_BENCHMARKS_KINGAMPLIFIED,1,42,4,"[(0, 1), (2, 3), (1, 2), (3, 4), (4, 5)]","[1.0, 1.0, 1.0, 1.0, 1.0]"
0c396174,5,4,3,75.0,False,True,"[1, 1, 1]",,5.855772201512295,2.9278861007561474,1.0994896531842633,1.7541567630882788,1.7541567630882788,True,analytic_instance,0.6473019496213255,0.01167326234281063,0.8163362114633851,1.0994896531842637,1.0994896531842633,0.684352688840938,"[1.0994896531842633, 0.7440042741455594, 0.8102894162349846, 0.8817014981601163, 0.9565011559947307, 1.032726890873853, 1.1082343106237664, 1.1807683044305544, 1.2480757063267716, 1.3080671025428474, 1.359033154648961, 1.3999078056910796, 1.4305388636966276, 1.4518696215047309, 1.465884592817296, 1.4752262152609408, 1.482604439565748, 1.490294415132899, 1.4999107525961777, 1.51241585508092, 1.5282326107506532, 1.547373078091128, 1.5695505009206925, 1.594271604150655, 1.620914158418972, 1.6487939160709142, 1.6772214179324711, 1.705546569015629, 1.7331899472884553, 1.759662712018411, 1.7845794129747503, 1.8076664005391965, 1.828764701244327, 1.847824448035313, 1.8648889330672989, 1.880070636489326, 1.893523995399975, 1.905420200080035, 1.9159280317180767, 1.9252027773492526, 1.933382605787486, 1.9405907439887038, 1.9469409531895068, 1.95254338679173, 1.9575084626187087, 1.9619470582345189, 1.9659665623468947, 1.969663842954639, 1.9731175621540142, 1.9763825231940264, 1.9794876136904727, 1.9824378494237826, 1.9852196216112026, 1.9878075027511741, 1.9901713830718746, 1.992283205202607, 1.994122787252845, 1.9956823840188507, 1.9969696283825742, 1.9980086558207366, 1.9988389774292752, 1.999512150338315, 2.0000865303323083, 2.0006209647613566, 2.00116841294368, 2.001770868232426, 2.002456199906157, 2.0032376524449695, 2.004115532312896, 2.0050805749419216, 2.0061179528355164, 2.0072111058212228, 2.0083446518436743, 2.009505974718226, 2.0106855752995045, 2.011876500475792]",75,0.3755087613334234,,1.8247736945830564,2.3910805780248134,2.011876500475792,,0.6871162911461038,,,,14.572640895843506,29.6595778465271,True,15.090807914733887,0.003855466842651367,0.0,15.090807914733887,Results/warm_start_cache/path_graphs_2to12vertices_11instances_AdjacencyList__filehash_01292d61/hog_idx000003_3fe097836279_seed42_L2_M2_betaanalytic_instance_amplified.npz,14.605222702026367,2026-09-08 05:48:13,x86_64,dacsgpu0002,,64,64,3.11.15,0.23,True,False,True,False,,True,True,True,False,adam,False,hamqaoa,0.01,amplified_king,2,2,42,scs,1e-06,100000,False,False,False,hog,False,False,False,False,False,False,True,1,HOG_graphs/Exp5/path_graphs_2to12vertices_11instances_AdjacencyList.txt,True,Results/warm_start_cache,512,60,0,16,1,1,0,0,5,0,5,10,42,True,_FINAL_BENCHMARKS_KINGAMPLIFIED,1,42,3,"[(1, 2), (3, 4), (0, 1), (2, 3)]","[1.0, 1.0, 1.0, 1.0]"
c9cefe5e,5,4,4,75.0,False,True,"[1, 1, 1]",,5.855772201512295,2.9278861007561474,1.0994896531842633,1.7541567630882788,1.7541567630882788,True,analytic_instance,0.6473019496213255,0.01167326234281063,0.8163362114633851,1.0994896531842637,1.0994896531842633,0.7395433555101385,"[1.0994896531842633, 0.7759927361075849, 0.8136491279905114, 0.8514535246450292, 0.8887367839008157, 0.9254582742376559, 0.9618946339032334, 0.9980600154672118, 1.0339255458221728, 1.0693936112444102, 1.1041739151753516, 1.137852842791536, 1.1701243912447046, 1.2009719089352142, 1.2306294425046083, 1.259359114991289, 1.2873050434532516, 1.314518132248177, 1.3410395913742583, 1.366960855004502, 1.3924481888656441, 1.4177463250673008, 1.4431732688917485, 1.4691058239126495, 1.4959462002985249, 1.524062651209302, 1.5537160829904508, 1.585004004377796, 1.617842049366747, 1.6519759504444198, 1.6870044748273436, 1.7224001091888037, 1.757528816810361, 1.7916783678985726, 1.8241024820470102, 1.8540840490594932, 1.881012316762419, 1.9044571271560102, 1.9242216976715951, 1.940367530221693, 1.953213705040572, 1.9633112106323418, 1.9713846082500317, 1.9782368640421555, 1.984627713343111, 1.9911569704352776, 1.998193707976612, 2.005872079432914, 2.0141420167851485, 2.0228434972907703, 2.031774602441834, 2.040735901609278, 2.049547304250522, 2.058045529358225, 2.0660739446490854, 2.0734775678593977, 2.0801101563399502, 2.085853027244671, 2.090639289206798, 2.0944746974501336, 2.097445985410809, 2.099712363047277, 2.101480525388888, 2.102970375557787, 2.1043808791720275, 2.1058646422140557, 2.1075162771850797, 2.109374114703777, 2.111430970275467, 2.1136490365057146, 2.1159743745981543, 2.1183487061573576, 2.1207176136128707, 2.123035414536536, 2.12526806555743, 2.127394383665354]",75,0.3755087613334234,,2.0558094609621804,2.6221163444039375,2.127394383665354,,0.7265691201042875,,,,22.209367036819458,37.29501700401306,True,15.090807914733887,0.005141496658325195,0.0,15.090807914733887,Results/warm_start_cache/path_graphs_2to12vertices_11instances_AdjacencyList__filehash_01292d61/hog_idx000003_3fe097836279_seed42_L2_M2_betaanalytic_instance_amplified.npz,22.27325677871704,2026-09-08 05:48:21,x86_64,dacsgpu0002,,64,64,3.11.15,0.23,True,False,True,False,,True,True,True,False,adam,False,hamqaoa,0.01,amplified_king,2,2,42,scs,1e-06,100000,False,False,False,hog,False,False,False,False,False,False,True,1,HOG_graphs/Exp5/path_graphs_2to12vertices_11instances_AdjacencyList.txt,True,Results/warm_start_cache,512,60,0,16,1,1,0,0,5,0,5,10,42,True,_FINAL_BENCHMARKS_KINGAMPLIFIED,1,42,3,"[(1, 2), (3, 4), (0, 1), (2, 3)]","[1.0, 1.0, 1.0, 1.0]"
c8622e97,3,2,1,75.0,False,True,"[1, 1, 1]",,2.999999956551125,1.4999999782755624,0.773511278572558,0.9013638578294632,0.9013638578294632,True,analytic_instance,0.6866211658246962,0.011430967599153519,0.6815931294065238,0.7735112785725582,0.7735112785725582,0.4913372640898588,"[0.7735112785725582, 0.4985423255819278, 0.5061880222819833, 0.514268636211793, 0.5227759274099687, 0.5316988088470903, 0.5410230151426122, 0.550730804941708, 0.5608006932225222, 0.5712072567974109, 0.581920996537874, 0.592908291670658, 0.6041314798646603, 0.6155490398315082, 0.6271159404111948, 0.6387841518753126, 0.6505033600083239, 0.6622218444082995, 0.6738875791657303, 0.6854494834435492, 0.6968587655905439, 0.7080702099072239, 0.7190432053351454, 0.7297422426192013, 0.740136597342433, 0.7501991216564243, 0.7599042859092937, 0.7692259708975877, 0.7781356487223404, 0.7866014926532975, 0.7945886513916917, 0.8020605201878994, 0.8089807931156441, 0.8153158401841115, 0.8210371779136536, 0.8261238577671467, 0.8305645860946334, 0.8343594882115498, 0.8375214474868587, 0.8400768201154234, 0.8420654468159796, 0.843539723748106, 0.8445626230020272, 0.8452046894157255, 0.8455401915122075, 0.8456428873919088, 0.8455820563514505, 0.8454192650962491, 0.8452063094252501, 0.8449843350804832, 0.8447839284513146, 0.8446259533454524, 0.8445227898590034, 0.8444797803768018, 0.8444967118990293, 0.8445692579041882, 0.8446902785969473, 0.8448510028235059, 0.8450420207970827, 0.8452540988366449, 0.8454787884491106, 0.8457088361860974, 0.8459384073965045, 0.8461631294671124, 0.8463799914105684, 0.8465871334340186, 0.8467835744403023, 0.8469689103203186, 0.8471430370251749, 0.8473059240317359, 0.8474574593263238, 0.8475973653711966, 0.8477251996626457, 0.8478404116518978, 0.8479424311094538, 0.8480307887909084]",75,0.5156741857150388,,0.14903902043670048,0.3328753187687692,0.8480307887909084,,0.565353859193939,,,,4.503244400024414,5.329100847244263,True,0.8278284072875977,0.0019576549530029297,0.0,0.8278284072875977,Results/warm_start_cache/path_graphs_2to12vertices_11instances_AdjacencyList__filehash_01292d61/hog_idx000001_9f99b1afad88_seed42_L2_M2_betaanalytic_instance_amplified.npz,4.56404447555542,2026-09-08 05:48:22,x86_64,dacsgpu0002,,64,64,3.11.15,0.22,True,False,True,False,,True,False,True,False,adam,False,hamqaoa,0.01,amplified_king,2,2,42,scs,1e-06,100000,False,False,False,hog,False,False,False,False,False,False,True,1,HOG_graphs/Exp5/path_graphs_2to12vertices_11instances_AdjacencyList.txt,True,Results/warm_start_cache,512,60,0,16,1,1,0,0,5,0,5,10,42,True,_FINAL_BENCHMARKS_KINGAMPLIFIED,1,42,1,"[(1, 2), (0, 1)]","[1.0, 1.0]"
28bb4b7c,8,7,4,75.0,False,True,"[1, 1, 1]",,10.249997980679638,5.124998990339819,2.9318775921770026,3.122472884601499,3.122472884601499,True,analytic_instance,0.6917064812610668,0.014594832435250282,2.4153173601498215,2.931877592177005,2.931877592177005,2.293913591492462,"[2.931877592177005, 2.444044018018758, 2.587224933362824, 2.7192398877746355, 2.8381906229100475, 2.943863636958186, 3.036931515900101, 3.119035903621032, 3.192329679159993, 3.2589042594422555, 3.3206592582747563, 3.3793257674286066, 3.436325552759848, 3.4925275226782673, 3.5480586283144753, 3.6022586192536985, 3.6538055094497803, 3.700986799831065, 3.7420640913195373, 3.7756627829323897, 3.801103930641944, 3.81858522344659, 3.8291332818301957, 3.8343345187407665, 3.835966173480688, 3.835693364390113, 3.834913097383934, 3.8347153969356156, 3.835888682112666, 3.8389206947520824, 3.843991345121152, 3.850981245528306, 3.8595152132722568, 3.8690434743187154, 3.8789454092153846, 3.888636391696166, 3.8976566866854165, 3.9057243912818085, 3.9127417999147056, 3.9187615358522074, 3.923932850376775, 3.9284514936456274, 3.9325251916779784, 3.936348907230892, 3.940081049350399, 3.9438169929705498, 3.9475686710576188, 3.9512654310276507, 3.954784575398198, 3.958004563846913, 3.9608595833735656, 3.963372689853671, 3.9656532823872794, 3.967862186871337, 3.9701621321167457, 3.972673666903495, 3.9754512682139995, 3.978479645488375, 3.9816842619587867, 3.984949482851069, 3.9881403989849695, 3.991128921074729, 3.9938211492746722, 3.9961783759248823, 3.998223997876866, 4.000032037508137, 4.001700965125941, 4.003323605499974, 4.004964200465813, 4.006649545226583, 4.008373304596208, 4.010107826420246, 4.011817538778261, 4.013470302648469, 4.01504525863465, 4.016536554401619]",75,0.5720736765223424,,2.1693179244492287,3.2024383885035954,4.016536554401619,,0.7837144496393403,,,,44.27412819862366,718.3321759700775,True,674.0756945610046,0.017630577087402344,0.0,674.0756945610046,Results/warm_start_cache/path_graphs_2to12vertices_11instances_AdjacencyList__filehash_01292d61/hog_idx000006_749a375e0266_seed42_L2_M2_betaanalytic_instance_amplified.npz,44.287726402282715,2026-09-08 05:48:29,x86_64,dacsgpu0002,,64,64,3.11.15,0.29,True,False,True,False,,True,True,True,False,adam,False,hamqaoa,0.01,amplified_king,2,2,42,scs,1e-06,100000,False,False,False,hog,False,False,False,False,False,False,True,1,HOG_graphs/Exp5/path_graphs_2to12vertices_11instances_AdjacencyList.txt,True,Results/warm_start_cache,512,60,0,16,1,1,0,0,5,0,5,10,42,True,_FINAL_BENCHMARKS_KINGAMPLIFIED,1,42,6,"[(0, 1), (2, 3), (1, 2), (5, 6), (3, 4), (4, 5), (6, 7)]","[1.0, 1.0, 1.0, 1.0, 1.0, 1.0, 1.0]"
783842ed,5,4,5,75.0,False,True,"[1, 1, 1]",,5.855772201512295,2.9278861007561474,1.0994896531842633,1.7541567630882788,1.7541567630882788,True,analytic_instance,0.6473019496213255,0.01167326234281063,0.8163362114633851,1.0994896531842637,1.0994896531842633,1.3043609282665816,"[1.0994896531842633, 1.3511212643681867, 1.3933861549900863, 1.4309924841766777, 1.4644121616292758, 1.4952972199255337, 1.5259656733172324, 1.558538403960749, 1.5939736427596896, 1.6318078693864033, 1.6705741512650072, 1.7083703387416853, 1.7432296401542313, 1.7734858085895107, 1.7981605401169736, 1.8171811614049243, 1.831309531839278, 1.8418188405785196, 1.8500390031732574, 1.8569285458741671, 1.8628834801115268, 1.8678805913155259, 1.8718165379163914, 1.8747541517577404, 1.8769130621227106, 1.8785581034112138, 1.8799858609844395, 1.8815554208284517, 1.8836410836385686, 1.8865309791087388, 1.890345141184118, 1.8949864297395225, 1.9001360223214392, 1.905342660449795, 1.9102113519346537, 1.9145971275215474, 1.9186626586384545, 1.9227380443869744, 1.9270873989955426, 1.9317577679586444, 1.9365871863997504, 1.9413227504901458, 1.9457607234703223, 1.9498389804251455, 1.9536512334496774, 1.9573958017106212, 1.961300079785507, 1.9655621676337565, 1.9703266606918732, 1.9756837682980555, 1.9816740295738928, 1.988292048748233, 1.9954971674369744, 2.003237755849991, 2.01148375930783, 2.02025421238695, 2.029626923464176, 2.0397285687363285, 2.0507108511059635, 2.0627240548201358, 2.075896054991865, 2.090320603846832, 2.1060491405905344, 2.123078923425055, 2.1413320966860816, 2.160629256421946, 2.18066672568085, 2.201010749494792, 2.2211164255384395, 2.240375693395763, 2.258189517283138, 2.2740566172395247, 2.287660271404914, 2.2989316278221095, 2.308068733451664, 2.3155061458581496]",75,0.3755087613334234,,2.432032985347772,2.998339868789529,2.3155061458581496,,0.7908149405253243,,,,31.7910053730011,46.879969120025635,True,15.090807914733887,0.001829385757446289,0.0,15.090807914733887,Results/warm_start_cache/path_graphs_2to12vertices_11instances_AdjacencyList__filehash_01292d61/hog_idx000003_3fe097836279_seed42_L2_M2_betaanalytic_instance_amplified.npz,31.82077407836914,2026-09-08 05:48:31,x86_64,dacsgpu0002,,64,64,3.11.15,0.24,True,False,True,False,,True,True,True,False,adam,False,hamqaoa,0.01,amplified_king,2,2,42,scs,1e-06,100000,False,False,False,hog,False,False,False,False,False,False,True,1,HOG_graphs/Exp5/path_graphs_2to12vertices_11instances_AdjacencyList.txt,True,Results/warm_start_cache,512,60,0,16,1,1,0,0,5,0,5,10,42,True,_FINAL_BENCHMARKS_KINGAMPLIFIED,1,42,3,"[(1, 2), (3, 4), (0, 1), (2, 3)]","[1.0, 1.0, 1.0, 1.0]"
0705d8ef,9,8,1,75.0,False,True,"[1, 1, 1]",,11.481763886857221,5.740881943428611,3.8360628618839647,3.4182190863704576,3.4182190863704576,True,analytic_instance,0.5996524687296271,0.015496063977479935,3.504874989922313,3.836062861883965,3.8360628618839665,3.383380293777341,"[3.8360628618839665, 3.4351434110965786, 3.483262916140199, 3.5276145040792635, 3.568117436342531, 3.6047381995843657, 3.6374933073023206, 3.666450226829348, 3.691726251298618, 3.7134851787576317, 3.7319313115711306, 3.7473018462069203, 3.7598578731042243, 3.7698752661601933, 3.777636427992515, 3.783423230304431, 3.7875116973045166, 3.7901679642261255, 3.7916452590275918, 3.7921815021901173, 3.791997208663875, 3.791293417345247, 3.790250022064304, 3.78902413296551, 3.787749226124373, 3.7865345972921562, 3.785465617981326, 3.78460462727225, 3.783992339018576, 3.783649707440396, 3.7835803576510285, 3.7837731374928234, 3.7842048457238606, 3.7848430318728368, 3.7856487000230548, 3.7865789670302252, 3.7875894759154485, 3.7886366304583317, 3.7896795323009713, 3.7906815535490463, 3.7916117348253775, 3.7924456355282357, 3.7931658609785313, 3.7937622510424114, 3.7942316228179833, 3.7945772599899157, 3.794808005080754, 3.7949372056843043, 3.7949814356527884, 3.7949592027582297, 3.7948896126008, 3.794791197484617, 3.7946808390092035, 3.7945729848754337, 3.7944791075115116, 3.794407409240057, 3.7943627996726437, 3.7943471216799995, 3.7943595156652603, 3.7943969630918737, 3.7944548733181693, 3.7945277161432673, 3.794609601907284, 3.7946947880849233, 3.7947781090874466, 3.7948552788989978, 3.7949230917156096, 3.7949794714859766, 3.7950234681535284, 3.795055139736228, 3.795075386019976, 3.7950857455256792, 3.7950881611239873, 3.7950847714921028, 3.795077713736835, 3.7950689630356336]",75,0.6687696760606634,,2.6645352591003757e-15,0.6623757439233069,3.8360628618839665,,0.6687696760606636,,,,30.879574060440063,1583.9061937332153,True,1553.038147687912,0.011511087417602539,0.0,1553.038147687912,Results/warm_start_cache/path_graphs_2to12vertices_11instances_AdjacencyList__filehash_01292d61/hog_idx000007_7fe36149e5ca_seed42_L2_M2_betaanalytic_instance_amplified.npz,30.898219347000122,2026-09-08 05:48:36,x86_64,dacsgpu0002,,64,64,3.11.15,0.3,True,False,True,False,,True,True,True,False,adam,False,hamqaoa,0.01,amplified_king,2,2,42,scs,1e-06,100000,False,False,False,hog,False,False,False,False,False,False,True,1,HOG_graphs/Exp5/path_graphs_2to12vertices_11instances_AdjacencyList.txt,True,Results/warm_start_cache,512,60,0,16,1,1,0,0,5,0,5,10,42,True,_FINAL_BENCHMARKS_KINGAMPLIFIED,1,42,7,"[(0, 1), (2, 3), (1, 2), (5, 6), (3, 4), (7, 8), (4, 5), (6, 7)]","[1.0, 1.0, 1.0, 1.0, 1.0, 1.0, 1.0, 1.0]"
ee2d0d49,9,8,2,75.0,False,True,"[1, 1, 1]",,11.481763886857221,5.740881943428611,3.8360628618839647,3.4182190863704576,3.4182190863704576,True,analytic_instance,0.5996524687296271,0.015496063977479935,3.504874989922313,3.836062861883965,3.8360628618839665,2.918950371041366,"[3.8360628618839665, 2.9815190777733998, 3.0371481464169037, 3.085664545336824, 3.128962919780586, 3.170070095735961, 3.210769141788426, 3.2517236277198065, 3.293141002732759, 3.334938425501596, 3.3767586034823194, 3.4180142648774194, 3.4579850166690482, 3.495950527950671, 3.5313408046967725, 3.5638765774124237, 3.5936515419304005, 3.6210934859584074, 3.6467855634059934, 3.6712270713813546, 3.6946668611314903, 3.717081176438445, 3.7382654543346523, 3.757969355302269, 3.7760202016793576, 3.792402726055753, 3.8072786551738345, 3.8209425640150707, 3.8337344169554814, 3.845946983598415, 3.8577667972023195, 3.8692638017680765, 3.8804192150936685, 3.891170408878758, 3.901452542108997, 3.9112252191889336, 3.920480487289391, 3.9292350612619087, 3.9375131511853114, 3.9453280693407486, 3.9526701330882545, 3.959504531419219, 3.9657792254380224, 3.9714396842592614, 3.9764453911645172, 3.980783443419328, 3.9844755890666304, 3.987577673495437, 3.990172851771389, 3.9923607279763482, 3.9942457465158467, 3.9959269434861326, 3.9974906969773207, 3.999006761599901, 4.00052651423827, 4.002083442320165, 4.003694198669271, 4.005360173205353, 4.007069341707056, 4.008798715976594, 4.010517785800226, 4.012192218036403, 4.01378860380337, 4.015278604606302, 4.016642526108902, 4.017870915127168, 4.018964668421651, 4.019933478788397, 4.020793096360779, 4.021562318264376, 4.022260251026367, 4.022904381891167, 4.023509680080418, 4.024088401311398, 4.024650379049679, 4.025203244065772]",75,0.6687696760606634,,0.37828076436361435,1.0406565082869186,4.025203244065772,,0.7017439407367106,,,,40.410287857055664,1593.4433157444,True,1553.038147687912,0.005103588104248047,0.0,1553.038147687912,Results/warm_start_cache/path_graphs_2to12vertices_11instances_AdjacencyList__filehash_01292d61/hog_idx000007_7fe36149e5ca_seed42_L2_M2_betaanalytic_instance_amplified.npz,40.428142786026,2026-09-08 05:48:46,x86_64,dacsgpu0002,,64,64,3.11.15,0.37,True,False,True,False,,True,True,True,False,adam,False,hamqaoa,0.01,amplified_king,2,2,42,scs,1e-06,100000,False,False,False,hog,False,False,False,False,False,False,True,1,HOG_graphs/Exp5/path_graphs_2to12vertices_11instances_AdjacencyList.txt,True,Results/warm_start_cache,512,60,0,16,1,1,0,0,5,0,5,10,42,True,_FINAL_BENCHMARKS_KINGAMPLIFIED,1,42,7,"[(0, 1), (2, 3), (1, 2), (5, 6), (3, 4), (7, 8), (4, 5), (6, 7)]","[1.0, 1.0, 1.0, 1.0, 1.0, 1.0, 1.0, 1.0]"
e27423ff,8,7,5,75.0,False,True,"[1, 1, 1]",,10.249997980679638,5.124998990339819,2.9318775921770026,3.122472884601499,3.122472884601499,True,analytic_instance,0.6917064812610668,0.014594832435250282,2.4153173601498215,2.931877592177005,2.931877592177005,2.1173723197372554,"[2.931877592177005, 2.2234791448027527, 2.316058651154566, 2.392476840926367, 2.4529475559982776, 2.499284085773242, 2.5351549071592228, 2.5655328466800924, 2.5949431110461467, 2.626199198373765, 2.6601482407188635, 2.696384056990478, 2.734205146069018, 2.7732732288357433, 2.8137034389386764, 2.855624081729475, 2.8987071452920747, 2.9420534980334976, 2.9843833959585453, 3.0243850072725236, 3.0611022603499274, 3.094191307550295, 3.123880498122757, 3.1506637269940745, 3.1749816261614403, 3.197111690437194, 3.217258679583421, 3.2356871766062394, 3.2527629551363484, 3.2688946591328167, 3.284467868753799, 3.2998439211845447, 3.315390350399406, 3.331461686231762, 3.348355227962993, 3.366296508769853, 3.3854364830092614, 3.4058406530961176, 3.427483537387774, 3.4502610864866345, 3.4740152715541295, 3.4985543796730347, 3.5236671331628706, 3.549151537236894, 3.5748646056225812, 3.6007584212000094, 3.626864825871979, 3.6532305726583894, 3.67983473569029, 3.706527017911592, 3.7330172931086025, 3.7589251961380246, 3.7838675150830166, 3.8075417420113262, 3.8297670905335273, 3.850473604971683, 3.869670468678933, 3.8874329279270667, 3.9039117142968784, 3.9193341453751027, 3.9339722882924364, 3.94808282999251, 3.961846047686816, 3.9753294010494273, 3.9884843008522566, 4.0011729889764815, 4.013214000440028, 4.024427153633887, 4.034666941317631, 4.043838693181535, 4.051906342261116, 4.058895364477127, 4.064891622108344, 4.070029681460503, 4.074468976349891, 4.078366106197329]",75,0.5720736765223424,,2.2929770280406485,3.3260974920950153,4.078366106197329,,0.7957787524287472,,,,58.75946927070618,732.8311910629272,True,674.0756945610046,0.003960847854614258,0.0,674.0756945610046,Results/warm_start_cache/path_graphs_2to12vertices_11instances_AdjacencyList__filehash_01292d61/hog_idx000006_749a375e0266_seed42_L2_M2_betaanalytic_instance_amplified.npz,58.80336856842041,2026-09-08 05:48:46,x86_64,dacsgpu0002,,64,64,3.11.15,0.31,True,False,True,False,,True,True,True,False,adam,False,hamqaoa,0.01,amplified_king,2,2,42,scs,1e-06,100000,False,False,False,hog,False,False,False,False,False,False,True,1,HOG_graphs/Exp5/path_graphs_2to12vertices_11instances_AdjacencyList.txt,True,Results/warm_start_cache,512,60,0,16,1,1,0,0,5,0,5,10,42,True,_FINAL_BENCHMARKS_KINGAMPLIFIED,1,42,6,"[(0, 1), (2, 3), (1, 2), (5, 6), (3, 4), (4, 5), (6, 7)]","[1.0, 1.0, 1.0, 1.0, 1.0, 1.0, 1.0]"
3bab087a,9,8,3,75.0,False,True,"[1, 1, 1]",,11.481763886857221,5.740881943428611,3.8360628618839647,3.4182190863704576,3.4182190863704576,True,analytic_instance,0.5996524687296271,0.015496063977479935,3.504874989922313,3.836062861883965,3.8360628618839665,2.3808440232323047,"[3.8360628618839665, 2.5033571947126076, 2.6261922970612144, 2.7473263546219298, 2.8647215361437146, 2.9766252809870535, 3.0819019389323787, 3.1803145102803656, 3.2724736123578264, 3.3594329919407726, 3.4423435568938214, 3.5222937495241124, 3.6001353783822005, 3.6762953194473122, 3.750772000328652, 3.823329250668102, 3.893686698475718, 3.9615916500778505, 4.026766463666286, 4.0887801783804765, 4.146925480546197, 4.200181892018427, 4.247311325066094, 4.287086029294542, 4.318602297904557, 4.341595046134711, 4.356641356357658, 4.36515203479091, 4.369118230615318, 4.370691569051036, 4.371763581012592, 4.373687469770242, 4.377192819215853, 4.382457058505747, 4.389266399027242, 4.397205511597769, 4.405829599084765, 4.414790550039441, 4.423900107838089, 4.433129826189051, 4.442560066943275, 4.452300376214259, 4.462409105079013, 4.472836420309183, 4.483407023058472, 4.493844929266947, 4.503830972076578, 4.513074247196735, 4.5213756612577445, 4.5286666920109395, 4.535012345418999, 4.540579712396747, 4.545583049915599, 4.550224488561401, 4.554648612928111, 4.558921307905045, 4.563036170555143, 4.56693996027263, 4.570566939331862, 4.573869911480295, 4.5768401713375715, 4.5795116125207, 4.581951119173903, 4.584239885603359, 4.586452763265491, 4.5886427054115195, 4.590833797314623, 4.5930234802277, 4.595191726730919, 4.597313014889102, 4.599366543366167, 4.601342750857653, 4.6032441447482455, 4.605081514947427, 4.606868311374228, 4.608615179906839]",75,0.6687696760606634,,1.5451046360457479,2.207480379969052,4.608615179906839,,0.8034545292724615,,,,47.26816272735596,1600.2923085689545,True,1553.038147687912,0.013985157012939453,0.0,1553.038147687912,Results/warm_start_cache/path_graphs_2to12vertices_11instances_AdjacencyList__filehash_01292d61/hog_idx000007_7fe36149e5ca_seed42_L2_M2_betaanalytic_instance_amplified.npz,47.29171705245972,2026-09-08 05:48:59,x86_64,dacsgpu0002,,64,64,3.11.15,0.44,True,False,True,False,,True,True,True,False,adam,False,hamqaoa,0.01,amplified_king,2,2,42,scs,1e-06,100000,False,False,False,hog,False,False,False,False,False,False,True,1,HOG_graphs/Exp5/path_graphs_2to12vertices_11instances_AdjacencyList.txt,True,Results/warm_start_cache,512,60,0,16,1,1,0,0,5,0,5,10,42,True,_FINAL_BENCHMARKS_KINGAMPLIFIED,1,42,7,"[(0, 1), (2, 3), (1, 2), (5, 6), (3, 4), (7, 8), (4, 5), (6, 7)]","[1.0, 1.0, 1.0, 1.0, 1.0, 1.0, 1.0, 1.0]"
3d0749ba,10,9,1,75.0,False,True,"[1, 1, 1]",,13.017205894269532,6.508602947134766,3.995512436832358,3.927246819475113,3.927246819475113,True,analytic_instance,0.6467496221460077,0.014948159456253052,3.319241528477799,3.995512436832361,3.995512436832363,2.680030073320605,"[3.995512436832363, 2.7315776365244124, 2.783910887762001, 2.8368250570673856, 2.8901180947381233, 2.943600431180789, 2.9971095254261595, 3.050527267999497, 3.1037876341800286, 3.1568563524056303, 3.209679023967957, 3.262128701961049, 3.313990405652298, 3.3649848972227785, 3.4148097346387383, 3.463181011281941, 3.509867676787334, 3.5547088808427247, 3.597602966853317, 3.6384714779538228, 3.6772222419114606, 3.7137360628957277, 3.7478761564552947, 3.77950803675698, 3.8085191339319047, 3.834834865674809, 3.858429835136681, 3.87933172355908, 3.8976165091102404, 3.913395554360224, 3.9267995886922265, 3.937967508231676, 3.947044293782789, 3.9541865542609496, 3.9595697118495767, 3.9633915138301585, 3.9658684326362206, 3.967225553666233, 3.967683307611585, 3.9674459690429247, 3.966695208809695, 3.9655889876563672, 3.9642647028777063, 3.9628429402794856, 3.961429924601739, 3.960116869909177, 3.958976957511022, 3.9580620515604625, 3.957401444481852, 3.9570038158878176, 3.9568619001399026, 3.956958063628646, 3.9572689355805677, 3.95776779384568, 3.9584253591712097, 3.959209364155847, 3.9600847939144947, 3.961015126786669, 3.9619648975361823, 3.962902418724765, 3.9638018747859394, 3.964643720166201, 3.965414019099057, 3.9661029881527297, 3.9667041096193816, 3.9672139315183403, 3.967632527009474, 3.967963845731769, 3.9682155868071702, 3.9683981352994153, 3.968523142820447, 3.9686022689216927, 3.9686465368507027, 3.968666266346415, 3.968671311615261, 3.9686711188560744]",75,0.6139386043073696,,3.552713678800501e-15,1.3525418167091274,3.995512436832363,,0.6139386043073698,,,,111.05930399894714,3683.077400445938,True,3572.0244710445404,0.0063629150390625,0.0,3572.0244710445404,Results/warm_start_cache/path_graphs_2to12vertices_11instances_AdjacencyList__filehash_01292d61/hog_idx000008_1b5b4b14c875_seed42_L2_M2_betaanalytic_instance_amplified.npz,111.06677579879761,2026-09-08 05:49:12,x86_64,dacsgpu0002,,64,64,3.11.15,0.52,True,False,True,False,,True,True,True,False,adam,False,hamqaoa,0.01,amplified_king,2,2,42,scs,1e-06,100000,False,False,False,hog,False,False,False,False,False,False,True,1,HOG_graphs/Exp5/path_graphs_2to12vertices_11instances_AdjacencyList.txt,True,Results/warm_start_cache,512,60,0,16,1,1,0,0,5,0,5,10,42,True,_FINAL_BENCHMARKS_KINGAMPLIFIED,1,42,8,"[(8, 9), (0, 1), (2, 3), (1, 2), (5, 6), (3, 4), (7, 8), (4, 5), (6, 7)]","[1.0, 1.0, 1.0, 1.0, 1.0, 1.0, 1.0, 1.0, 1.0]"
3cc824ca,9,8,4,75.0,False,True,"[1, 1, 1]",,11.481763886857221,5.740881943428611,3.8360628618839647,3.4182190863704576,3.4182190863704576,True,analytic_instance,0.5996524687296271,0.015496063977479935,3.504874989922313,3.836062861883965,3.8360628618839665,2.4457697841583386,"[3.8360628618839665, 2.550329922589991, 2.6466041770405, 2.7395360547606193, 2.830652097436709, 2.918845055968339, 3.00335341846967, 3.083396752525689, 3.1587213872958477, 3.2293379264747086, 3.294719470394375, 3.353953428387811, 3.40639347680899, 3.4519414504498194, 3.4909147660041935, 3.523912082687296, 3.551756253119492, 3.5753855767342926, 3.595692865902396, 3.613401026995536, 3.629041450735112, 3.64302913728957, 3.655765014134557, 3.6676894826204514, 3.679258110018456, 3.6908687150000135, 3.7027949326295704, 3.7151649751102536, 3.727983946593222, 3.7411868879728933, 3.754708364958595, 3.7685428292898155, 3.782751016926478, 3.797403390072145, 3.812515065463489, 3.8280272973955767, 3.843840845375748, 3.859858793037522, 3.876002373196322, 3.892195542318447, 3.9083453255494085, 3.9243446283128387, 3.9400963702883507, 3.9555307301611444, 3.9705981857094512, 3.985244727826279, 3.999399610374787, 4.012992618370908, 4.025985402195021, 4.038383942218127, 4.0502191059425146, 4.06151554112268, 4.072281137098209, 4.082523743181797, 4.092273581291264, 4.101586723274635, 4.110527945070574, 4.119152767375878, 4.127504207706181, 4.135620982811611, 4.143542259145214, 4.151304195821507, 4.158933435690824, 4.166446925508032, 4.173856986003977, 4.181174458347644, 4.188406737438341, 4.195555864882953, 4.2026200662519155, 4.209598736676693, 4.216494530878955, 4.223308164293738, 4.230031105200981, 4.236644736153619, 4.243126259152213, 4.249456401703039]",75,0.6687696760606634,,0.826787079638148,1.4891628235614522,4.249456401703039,,0.7408396795158716,,,,59.09667682647705,1612.1239085197449,True,1553.038147687912,0.010902643203735352,0.0,1553.038147687912,Results/warm_start_cache/path_graphs_2to12vertices_11instances_AdjacencyList__filehash_01292d61/hog_idx000007_7fe36149e5ca_seed42_L2_M2_betaanalytic_instance_amplified.npz,59.133161544799805,2026-09-08 05:49:12,x86_64,dacsgpu0002,,64,64,3.11.15,0.49,True,False,True,False,,True,True,True,False,adam,False,hamqaoa,0.01,amplified_king,2,2,42,scs,1e-06,100000,False,False,False,hog,False,False,False,False,False,False,True,1,HOG_graphs/Exp5/path_graphs_2to12vertices_11instances_AdjacencyList.txt,True,Results/warm_start_cache,512,60,0,16,1,1,0,0,5,0,5,10,42,True,_FINAL_BENCHMARKS_KINGAMPLIFIED,1,42,7,"[(0, 1), (2, 3), (1, 2), (5, 6), (3, 4), (7, 8), (4, 5), (6, 7)]","[1.0, 1.0, 1.0, 1.0, 1.0, 1.0, 1.0, 1.0]"
12b8e7a4,10,9,2,75.0,False,True,"[1, 1, 1]",,13.017205894269532,6.508602947134766,3.995512436832358,3.927246819475113,3.927246819475113,True,analytic_instance,0.6467496221460077,0.014948159456253052,3.319241528477799,3.995512436832361,3.995512436832363,2.9672127681183738,"[3.995512436832363, 3.0447367812328947, 3.118772623074847, 3.188964481150109, 3.256256804910042, 3.3213082777775593, 3.383981417590556, 3.444008204374004, 3.501193284552578, 3.5553967606400168, 3.606490420621524, 3.654348670183818, 3.6988881478665188, 3.7401229066309285, 3.7781794344911566, 3.813227735169944, 3.8453718786800652, 3.874599586882616, 3.900825380106247, 3.92398011787436, 3.944094320683291, 3.9613476487072194, 3.976067308968891, 3.9886726177899194, 3.999591268860262, 4.009192426137017, 4.017770642374003, 4.025579110056092, 4.032883194060021, 4.039993250721457, 4.047249875467094, 4.054969056676894, 4.063391365489145, 4.072665824846443, 4.08286695193646, 4.094023338409256, 4.106139483451884, 4.119206689398836, 4.133201822069724, 4.148080302622359, 4.163769624964825, 4.18016669161946, 4.197143124036612, 4.214553794585085, 4.23224601700852, 4.250066975113708, 4.267866563145839, 4.285499715397643, 4.302828735272285, 4.319727610614608, 4.3360881634640585, 4.351826770651966, 4.36689056789741, 4.381262012347874, 4.394960139537755, 4.408038154525675, 4.420578004683079, 4.432681821279365, 4.44446178200736, 4.456028430837068, 4.467481211921226, 4.478899637895742, 4.490337259851473, 4.501818768709618, 4.513339617292346, 4.524867445560897, 4.5363474278823155, 4.547707905847114, 4.5588682683063535, 4.569746816403313, 4.580268449046861, 4.590371368085927, 4.600011824662578, 4.609166697694461, 4.617833868399856, 4.626030258203504]",75,0.6139386043073696,,1.2610356427422857,2.6135774594514096,4.626030258203504,,0.7108221048253693,,,,124.2263810634613,3696.2450625896454,True,3572.0244710445404,0.005774259567260742,0.0,3572.0244710445404,Results/warm_start_cache/path_graphs_2to12vertices_11instances_AdjacencyList__filehash_01292d61/hog_idx000008_1b5b4b14c875_seed42_L2_M2_betaanalytic_instance_amplified.npz,124.23361349105835,2026-09-08 05:49:25,x86_64,dacsgpu0002,,64,64,3.11.15,0.76,True,False,True,False,,True,True,True,False,adam,False,hamqaoa,0.01,amplified_king,2,2,42,scs,1e-06,100000,False,False,False,hog,False,False,False,False,False,False,True,1,HOG_graphs/Exp5/path_graphs_2to12vertices_11instances_AdjacencyList.txt,True,Results/warm_start_cache,512,60,0,16,1,1,0,0,5,0,5,10,42,True,_FINAL_BENCHMARKS_KINGAMPLIFIED,1,42,8,"[(8, 9), (0, 1), (2, 3), (1, 2), (5, 6), (3, 4), (7, 8), (4, 5), (6, 7)]","[1.0, 1.0, 1.0, 1.0, 1.0, 1.0, 1.0, 1.0, 1.0]"
10314321,9,8,5,75.0,False,True,"[1, 1, 1]",,11.481763886857221,5.740881943428611,3.8360628618839647,3.4182190863704576,3.4182190863704576,True,analytic_instance,0.5996524687296271,0.015496063977479935,3.504874989922313,3.836062861883965,3.8360628618839665,1.950725646283789,"[3.8360628618839665, 2.103873808304679, 2.2656486677178593, 2.4257729345871275, 2.571246968216476, 2.688766686859564, 2.772123478934042, 2.8282921159328374, 2.87002835696281, 2.9075817334368237, 2.9469492289453236, 2.9904921356581187, 3.0382412371614413, 3.0889406160086748, 3.1406845766892757, 3.1913300313900446, 3.238860204302077, 3.2817745174791435, 3.319447065337401, 3.35228711275418, 3.38155616901852, 3.4088929199018017, 3.4357930575202817, 3.4632773583769514, 3.4918168275739827, 3.52144638693789, 3.5519512927231256, 3.5830370763292176, 3.6144406467890415, 3.6459784362715166, 3.677553629576899, 3.7091494466563866, 3.740835954578575, 3.7727998599582713, 3.8053785645668845, 3.8390481255978286, 3.874308709553344, 3.911440996461507, 3.9501772670251056, 3.989417408084409, 4.027194422639992, 4.061100849658166, 4.089231333500486, 4.111291303069099, 4.1290578381105725, 4.145535581340285, 4.1632646164004585, 4.18305023389033, 4.203880056041833, 4.223820680282093, 4.241242056008751, 4.255704947538491, 4.268035855348588, 4.279593158106552, 4.291319135904681, 4.303267435242664, 4.314800900487233, 4.32517095893047, 4.334065727992597, 4.341831144484418, 4.3492773444649035, 4.357226581134818, 4.366106772207332, 4.37583500289731, 4.386007826201718, 4.396217094985787, 4.406281198731705, 4.416270829902037, 4.42634977319172, 4.43656099391585, 4.446717820764342, 4.456480302053365, 4.465555452708561, 4.473871809126912, 4.481597770355896, 4.488995192875925]",75,0.6687696760606634,,1.3058646619839198,1.968240405907224,4.488995192875925,,0.7826002776980344,,,,73.76983451843262,1626.7989716529846,True,1553.038147687912,0.008999109268188477,0.0,1553.038147687912,Results/warm_start_cache/path_graphs_2to12vertices_11instances_AdjacencyList__filehash_01292d61/hog_idx000007_7fe36149e5ca_seed42_L2_M2_betaanalytic_instance_amplified.npz,73.78984475135803,2026-09-08 05:49:26,x86_64,dacsgpu0002,,64,64,3.11.15,0.51,True,False,True,False,,True,True,True,False,adam,False,hamqaoa,0.01,amplified_king,2,2,42,scs,1e-06,100000,False,False,False,hog,False,False,False,False,False,False,True,1,HOG_graphs/Exp5/path_graphs_2to12vertices_11instances_AdjacencyList.txt,True,Results/warm_start_cache,512,60,0,16,1,1,0,0,5,0,5,10,42,True,_FINAL_BENCHMARKS_KINGAMPLIFIED,1,42,7,"[(0, 1), (2, 3), (1, 2), (5, 6), (3, 4), (7, 8), (4, 5), (6, 7)]","[1.0, 1.0, 1.0, 1.0, 1.0, 1.0, 1.0, 1.0]"
270e313f,10,9,3,75.0,False,True,"[1, 1, 1]",,13.017205894269532,6.508602947134766,3.995512436832358,3.927246819475113,3.927246819475113,True,analytic_instance,0.6467496221460077,0.014948159456253052,3.319241528477799,3.995512436832361,3.995512436832363,2.967636408383519,"[3.995512436832363, 3.0675222361861967, 3.1644799547514313, 3.2573812172892103, 3.344390699216848, 3.4239968854703324, 3.49550654642653, 3.558982103361254, 3.6151332344098197, 3.6653131416949623, 3.711130738524027, 3.753926022753048, 3.794506293380121, 3.833205154402144, 3.8701142979657446, 3.905296710036974, 3.938854319117384, 3.9709195039123815, 4.001572162090216, 4.030709495925657, 4.058055336423789, 4.0832795978828225, 4.106097168513664, 4.126319196639003, 4.143868712866854, 4.158768565963731, 4.171118225843773, 4.1810839590734235, 4.188910382046527, 4.194946207015308, 4.199660939397272, 4.203619023763879, 4.207390940706733, 4.211436594647053, 4.216027891550535, 4.22124669488751, 4.227035096130196, 4.233263503737665, 4.239783606328344, 4.24645441130924, 4.253146355356408, 4.2597442873433256, 4.266156563768782, 4.272322801194745, 4.278210322294868, 4.283801670324646, 4.289084865607137, 4.294051839711808, 4.29870234142736, 4.303046148590312, 4.3070995116363795, 4.310880752296018, 4.31441015062645, 4.317713678340246, 4.320824964130164, 4.323778991581053, 4.326600808405104, 4.329297217582148, 4.331858781977123, 4.3342688844265345, 4.336512433730827, 4.338580274483223, 4.340469073002803, 4.342180224222727, 4.343720346211933, 4.345101662079105, 4.346340359823421, 4.347452936576958, 4.348453852455875, 4.3493562649230215, 4.350174431418239, 4.350924623781421, 4.351623617926897, 4.352286039555878, 4.352922600166525, 4.35354001633987]",75,0.6139386043073696,,0.716055159015017,2.068596975724141,4.35354001633987,,0.6689520615150384,,,,133.88399147987366,3705.9038231372833,True,3572.0244710445404,0.0046234130859375,0.0,3572.0244710445404,Results/warm_start_cache/path_graphs_2to12vertices_11instances_AdjacencyList__filehash_01292d61/hog_idx000008_1b5b4b14c875_seed42_L2_M2_betaanalytic_instance_amplified.npz,133.88997411727905,2026-09-08 05:49:34,x86_64,dacsgpu0002,,64,64,3.11.15,1.0,True,False,True,False,,True,True,True,False,adam,False,hamqaoa,0.01,amplified_king,2,2,42,scs,1e-06,100000,False,False,False,hog,False,False,False,False,False,False,True,1,HOG_graphs/Exp5/path_graphs_2to12vertices_11instances_AdjacencyList.txt,True,Results/warm_start_cache,512,60,0,16,1,1,0,0,5,0,5,10,42,True,_FINAL_BENCHMARKS_KINGAMPLIFIED,1,42,8,"[(8, 9), (0, 1), (2, 3), (1, 2), (5, 6), (3, 4), (7, 8), (4, 5), (6, 7)]","[1.0, 1.0, 1.0, 1.0, 1.0, 1.0, 1.0, 1.0, 1.0]"
1f102946,10,9,4,75.0,False,True,"[1, 1, 1]",,13.017205894269532,6.508602947134766,3.995512436832358,3.927246819475113,3.927246819475113,True,analytic_instance,0.6467496221460077,0.014948159456253052,3.319241528477799,3.995512436832361,3.995512436832363,3.3809032224412614,"[3.995512436832363, 3.468096954193052, 3.5421952151754055, 3.607651153976247, 3.6686709843104097, 3.7267050066421836, 3.782130575257542, 3.8351875910774416, 3.8861052847512694, 3.9349937906852364, 3.982053630960611, 4.027382575588062, 4.070924571908877, 4.112887064988835, 4.1537689650657486, 4.194129319664154, 4.234359136247004, 4.274494554134827, 4.314136738340936, 4.352551863541096, 4.388909974301734, 4.422548546912179, 4.453177819319933, 4.4809932200421345, 4.506671984700271, 4.531223601884545, 4.555718063675333, 4.580994449339736, 4.60746357295464, 4.635059559151794, 4.663321321173394, 4.691554295862227, 4.719027044259458, 4.745160455185041, 4.769660985203075, 4.792547755284092, 4.814066421674872, 4.83454957174581, 4.854307092885137, 4.873582309438092, 4.892549034619891, 4.911312512789835, 4.92991161568294, 4.9483360897257525, 4.9665593972201005, 4.984575342460722, 5.0024148997278495, 5.020120347870598, 5.037682630142248, 5.055006574838089, 5.071945325453345, 5.088384882702074, 5.104302163426602, 5.119742355353777, 5.134757848186628, 5.149370038495762, 5.163553494560495, 5.177225237361551, 5.190244983232215, 5.202432143494301, 5.213607316476143, 5.223642409582753, 5.232483171669113, 5.2401277660045515, 5.246591014912761, 5.25189981856047, 5.2561207191754376, 5.259384019774821, 5.261870678436612, 5.263765738397306, 5.265213211280391, 5.266304414479169, 5.267098079649549, 5.267648652772462, 5.268020099312634, 5.268282198208224]",75,0.6139386043073696,,2.545539522751726,3.89808133946085,5.268282198208224,,0.8095086352501881,,,,142.11609530448914,3714.134531736374,True,3572.0244710445404,0.00601959228515625,0.0,3572.0244710445404,Results/warm_start_cache/path_graphs_2to12vertices_11instances_AdjacencyList__filehash_01292d61/hog_idx000008_1b5b4b14c875_seed42_L2_M2_betaanalytic_instance_amplified.npz,142.12346196174622,2026-09-08 05:49:43,x86_64,dacsgpu0002,,64,64,3.11.15,1.24,True,False,True,False,,True,True,True,False,adam,False,hamqaoa,0.01,amplified_king,2,2,42,scs,1e-06,100000,False,False,False,hog,False,False,False,False,False,False,True,1,HOG_graphs/Exp5/path_graphs_2to12vertices_11instances_AdjacencyList.txt,True,Results/warm_start_cache,512,60,0,16,1,1,0,0,5,0,5,10,42,True,_FINAL_BENCHMARKS_KINGAMPLIFIED,1,42,8,"[(8, 9), (0, 1), (2, 3), (1, 2), (5, 6), (3, 4), (7, 8), (4, 5), (6, 7)]","[1.0, 1.0, 1.0, 1.0, 1.0, 1.0, 1.0, 1.0, 1.0]"
50456a2b,10,9,5,75.0,False,True,"[1, 1, 1]",,13.017205894269532,6.508602947134766,3.995512436832358,3.927246819475113,3.927246819475113,True,analytic_instance,0.6467496221460077,0.014948159456253052,3.319241528477799,3.995512436832361,3.995512436832363,2.4863728944244192,"[3.995512436832363, 2.6217054090599845, 2.7555993981215425, 2.8788307076251143, 2.9821540456760305, 3.0677504645630584, 3.1402657055694982, 3.203305875863201, 3.2600363754773274, 3.3124481979808547, 3.3611652979259046, 3.406042044142346, 3.446931241039927, 3.484081989428526, 3.518242884947233, 3.5507279420691327, 3.583390437751981, 3.6183905985100373, 3.657791619455768, 3.7031872241988664, 3.7555160590440493, 3.8149892469979787, 3.88105130558832, 3.9523754141107643, 4.02687468383419, 4.101774432554584, 4.1738836967258734, 4.240088134249412, 4.297873309948658, 4.345875221151006, 4.384308671146935, 4.414680723686, 4.438860443354133, 4.458420511353283, 4.47463787551841, 4.4886649567106955, 4.501456257307454, 4.513519269390977, 4.524777184059382, 4.534710225244132, 4.542727033981784, 4.548602244321441, 4.552769356471421, 4.556290160237891, 4.560470228724233, 4.566327489320774, 4.574226776191056, 4.583853994407861, 4.594474620864529, 4.605293456419809, 4.615744477747715, 4.625622019399925, 4.635048709975865, 4.644336637332248, 4.6538171340992225, 4.663703059776523, 4.674022998805454, 4.6846347399718375, 4.695299800810811, 4.7057838313215905, 4.715932946759407, 4.725696123300271, 4.735101219051618, 4.744219158491236, 4.753145655583635, 4.762003087373569, 4.7709406918777315, 4.780099953276769, 4.789554363446501, 4.799268475715991, 4.809106258496119, 4.818879638350118, 4.828411526351182, 4.837589018017411, 4.846381180796137, 4.8548113967513435]",75,0.6139386043073696,,1.7185979198379648,3.0711397365470887,4.8548113967513435,,0.7459759368087497,,,,146.69822692871094,3718.7165653705597,True,3572.0244710445404,0.00612187385559082,0.0,3572.0244710445404,Results/warm_start_cache/path_graphs_2to12vertices_11instances_AdjacencyList__filehash_01292d61/hog_idx000008_1b5b4b14c875_seed42_L2_M2_betaanalytic_instance_amplified.npz,146.7040662765503,2026-09-08 05:49:47,x86_64,dacsgpu0002,,64,64,3.11.15,1.48,True,False,True,False,,True,True,True,False,adam,False,hamqaoa,0.01,amplified_king,2,2,42,scs,1e-06,100000,False,False,False,hog,False,False,False,False,False,False,True,1,HOG_graphs/Exp5/path_graphs_2to12vertices_11instances_AdjacencyList.txt,True,Results/warm_start_cache,512,60,0,16,1,1,0,0,5,0,5,10,42,True,_FINAL_BENCHMARKS_KINGAMPLIFIED,1,42,8,"[(8, 9), (0, 1), (2, 3), (1, 2), (5, 6), (3, 4), (7, 8), (4, 5), (6, 7)]","[1.0, 1.0, 1.0, 1.0, 1.0, 1.0, 1.0, 1.0, 1.0]"
482713d5,3,2,2,75.0,False,True,"[1, 1, 1]",,2.999999956551125,1.4999999782755624,0.773511278572558,0.9013638578294632,0.9013638578294632,True,analytic_instance,0.6866211658246962,0.011430967599153519,0.6815931294065238,0.7735112785725582,0.7735112785725582,0.4445405513530864,"[0.7735112785725582, 0.4543735151564318, 0.46433513333460336, 0.47437476151143776, 0.4844380110787971, 0.49446856849076715, 0.5044113673554363, 0.5142154488092008, 0.5238348977170296, 0.5332272819332643, 0.5423516023491939, 0.5511697124956609, 0.5596530884824046, 0.5677928061736001, 0.5756071744406648, 0.5831415648113174, 0.5904597414673433, 0.5976332021652565, 0.6047356729627882, 0.6118427950630997, 0.619031603434141, 0.6263764161267038, 0.6339425692010643, 0.6417822416022865, 0.6499343982068554, 0.6584279498515835, 0.6672858476605983, 0.6765284230925197, 0.686175361899436, 0.6962462563865626, 0.7067601007728288, 0.71773389894971, 0.7291805003582897, 0.7411058666690007, 0.7535059663029054, 0.7663638624646917, 0.7796478963456966, 0.793312284946289, 0.8073015152926807, 0.8215599252531006, 0.8360464794073615, 0.8507513553841224, 0.8657051338069232, 0.8809704685940346, 0.8966182556244667, 0.9127048600599024, 0.9292627345301097, 0.9463030178181847, 0.9638227999980795, 0.9818130858579098, 1.0002663097817976, 1.0191828629383102, 1.038575198015685, 1.0584671210913033, 1.078886191755034, 1.0998486277656543, 1.1213394878118095, 1.143292991314361, 1.1655790636555812, 1.1879992401844326, 1.2102927108010328, 1.232150840962543, 1.2532368157741576, 1.2732080054572443, 1.2917381888437887, 1.308538297776505, 1.323374101518027, 1.3360809570429364, 1.3465758587283758, 1.3548667325875012, 1.3610582047153146, 1.365351437990702, 1.3680344711299, 1.3694601866470926, 1.3700121954634052, 1.3700642802680452]",75,0.5156741857150388,,1.193106003390974,1.3769423017230427,1.3700642802680452,,0.9133761868453635,,,,2.2087278366088867,3.034257411956787,True,0.8278284072875977,0.002286195755004883,0.0,0.8278284072875977,Results/warm_start_cache/path_graphs_2to12vertices_11instances_AdjacencyList__filehash_01292d61/hog_idx000001_9f99b1afad88_seed42_L2_M2_betaanalytic_instance_amplified.npz,2.216498851776123,2026-09-08 05:54:37,x86_64,dacsgpu0002,,64,64,3.11.15,0.22,True,False,True,False,,True,False,True,False,adam,False,hamqaoa,0.01,amplified_king,2,2,42,scs,1e-06,100000,False,False,False,hog,False,False,False,False,False,False,True,1,HOG_graphs/Exp5/path_graphs_2to12vertices_11instances_AdjacencyList.txt,True,Results/warm_start_cache,512,60,0,16,1,1,0,0,5,0,5,10,42,True,_FINAL_BENCHMARKS_KINGAMPLIFIED,1,42,1,"[(1, 2), (0, 1)]","[1.0, 1.0]"
67c35f90,4,3,2,75.0,False,True,"[1, 1, 1]",,4.732050798956174,2.366025399478087,1.2894299748265592,1.5473448963148935,1.5473448963148935,True,analytic_instance,0.9270492903190369,0.011019479483366013,1.0158169216458797,1.2894299748265592,1.2894299748265592,0.37526009864754806,"[1.2894299748265592, 0.3964900068434982, 0.42088040004158767, 0.44829555097786256, 0.4786078165844121, 0.5116808442640682, 0.5473599470558985, 0.5854667635145852, 0.6257981560286099, 0.6681306339875211, 0.7122312898782395, 0.7578705133900961, 0.8048191968381081, 0.8528081484996175, 0.9014597691311589, 0.9502405962440204, 0.998464418947372, 1.0453330995660017, 1.0899956612762778, 1.1316178023430161, 1.1694605032791858, 1.2029642461392458, 1.2318298722056231, 1.2560787508020104, 1.2760700089293513, 1.2924552697463956, 1.3060707186586553, 1.3177960217461897, 1.328427795587339, 1.3386025919598696, 1.3487729484632607, 1.3592192333521358, 1.3700775868669826, 1.3813712627136983, 1.393039833961001, 1.404964527851063, 1.4169899268531283, 1.428942605751903, 1.4406472175563176, 1.451940357650492, 1.4626821748694874, 1.4727654190366302, 1.4821217483449023, 1.490724482670184, 1.4985878612616068, 1.5057628797183382, 1.5123301403149292, 1.5183908091144342, 1.5240566802962712, 1.5294406212404974, 1.534648228130732, 1.5397712990708918, 1.5448835531942424, 1.5500386029909723, 1.5552700560904433, 1.5605934530812735, 1.5660095490615797, 1.5715084824145984, 1.577074208994138, 1.582688900692935, 1.5883366498034863, 1.594006363860364, 1.5996935046146026, 1.6054007026387234, 1.6111371739417668, 1.6169171977292327, 1.6227578455167813, 1.6286762748551908, 1.6346871469270057, 1.6408002320519008, 1.647018709914621, 1.6533383065275737, 1.659747193861191, 1.6662266578661682, 1.6727522464793996, 1.6792950683200263]",75,0.5449830831895854,,0.7797301869869342,1.3269562933482932,1.6792950683200263,,0.7097612292138742,,,,2.9176025390625,6.376306772232056,True,3.4597456455230713,0.0010323524475097656,0.0,3.4597456455230713,Results/warm_start_cache/path_graphs_2to12vertices_11instances_AdjacencyList__filehash_01292d61/hog_idx000002_f26a0b535d4f_seed42_L2_M2_betaanalytic_instance_amplified.npz,2.9234180450439453,2026-09-08 05:54:37,x86_64,dacsgpu0002,,64,64,3.11.15,0.22,True,False,True,False,,True,True,True,False,adam,False,hamqaoa,0.01,amplified_king,2,2,42,scs,1e-06,100000,False,False,False,hog,False,False,False,False,False,False,True,1,HOG_graphs/Exp5/path_graphs_2to12vertices_11instances_AdjacencyList.txt,True,Results/warm_start_cache,512,60,0,16,1,1,0,0,5,0,5,10,42,True,_FINAL_BENCHMARKS_KINGAMPLIFIED,1,42,2,"[(1, 2), (0, 1), (2, 3)]","[1.0, 1.0, 1.0]"
a514035b,4,3,1,75.0,False,True,"[1, 1, 1]",,4.732050798956174,2.366025399478087,1.2894299748265592,1.5473448963148935,1.5473448963148935,True,analytic_instance,0.9270492903190369,0.011019479483366013,1.0158169216458797,1.2894299748265592,1.2894299748265592,0.5621286111717724,"[1.2894299748265592, 0.5762131315951943, 0.5916702702308207, 0.6084607963109732, 0.626540609057945, 0.6458590926017677, 0.6663576213032161, 0.6879682525889651, 0.7106126262288451, 0.7342010725444182, 0.7586319559018319, 0.7837912549666464, 0.8095524310089041, 0.8357765920928961, 0.8623130483999614, 0.8890002142980529, 0.9156669886529891, 0.9421345838517502, 0.968218895832003, 0.9937333741558586, 1.0184924727290259, 1.0423155943109192, 1.0650315399496233, 1.0864833397553735, 1.1065333109134938, 1.1250681241332356, 1.1420036220803191, 1.1572889838455669, 1.1709098311753343, 1.1828898209888408, 1.193290310497817, 1.2022077919087895, 1.2097689913297711, 1.2161238288077332, 1.221436732664735, 1.225877051034432, 1.229609589381105, 1.2327861521831565, 1.235538942233643, 1.2379763273592281, 1.2401811230124122, 1.2422111992987124, 1.244101975395564, 1.2458702747022612, 1.2475189039752446, 1.2490414588765555, 1.2504268875318365, 1.2516635351785128, 1.2527423765143038, 1.2536594663316003, 1.254417455627133, 1.2550262750923484, 1.2555030615252523, 1.2558714010400231, 1.2561601199701928, 1.2564017322654422, 1.2566307009930715, 1.2568817070782548, 1.257188085880168, 1.2575804729246312, 1.2580858048979842, 1.258726732604391, 1.2595214041446772, 1.2604836195235187, 1.2616232810192431, 1.2629470857174248, 1.2644593385075646, 1.2661628442996862, 1.2680597134862914, 1.2701521084459042, 1.2724427065362363, 1.2749349769093528, 1.2776332198261553, 1.2805422849740764, 1.2836670748975767, 1.2870118857826545]",75,0.5449830831895854,,0.0,0.547226106361359,1.2894299748265592,,0.5449830831895854,,,,1.0897822380065918,4.548377990722656,True,3.4597456455230713,0.001140594482421875,0.0,3.4597456455230713,Results/warm_start_cache/path_graphs_2to12vertices_11instances_AdjacencyList__filehash_01292d61/hog_idx000002_f26a0b535d4f_seed42_L2_M2_betaanalytic_instance_amplified.npz,1.0950520038604736,2026-09-08 05:54:38,x86_64,dacsgpu0002,,64,64,3.11.15,0.22,True,False,True,False,,True,True,True,False,adam,False,hamqaoa,0.01,amplified_king,2,2,42,scs,1e-06,100000,False,False,False,hog,False,False,False,False,False,False,True,1,HOG_graphs/Exp5/path_graphs_2to12vertices_11instances_AdjacencyList.txt,True,Results/warm_start_cache,512,60,0,16,1,1,0,0,5,0,5,10,42,True,_FINAL_BENCHMARKS_KINGAMPLIFIED,1,42,2,"[(1, 2), (0, 1), (2, 3)]","[1.0, 1.0, 1.0]"
9df83331,4,3,3,75.0,False,True,"[1, 1, 1]",,4.732050798956174,2.366025399478087,1.2894299748265592,1.5473448963148935,1.5473448963148935,True,analytic_instance,0.9270492903190369,0.011019479483366013,1.0158169216458797,1.2894299748265592,1.2894299748265592,0.4884194819847546,"[1.2894299748265592, 0.5510910038253192, 0.6136378722970052, 0.6725570567911474, 0.7248677916682988, 0.7686302164647694, 0.8036299027422775, 0.8310985007204186, 0.85253786625949, 0.8694354699029787, 0.8832838790173345, 0.895445023090468, 0.9070075922679833, 0.9187285092408435, 0.9310531734203598, 0.9441772802691651, 0.9581176418565812, 0.972774590661853, 0.9879805722961381, 1.003535635719853, 1.0192331741986518, 1.0348789621106333, 1.0503060906147712, 1.065386183917486, 1.0800362037958608, 1.09421871476764, 1.1079340867699217, 1.121204953248346, 1.134056375969473, 1.1464973676312713, 1.1585094941093894, 1.1700464436429223, 1.181044811468595, 1.1914432634928451, 1.2012050934521892, 1.210338601678901, 1.2189106447708198, 1.2270500786909846, 1.2349396492779705, 1.2427974873705048, 1.250851177150266, 1.2593088795067766, 1.2683331517194854, 1.2780221992494116, 1.2884018701807527, 1.299429397294765, 1.311006764148523, 1.3230002023849445, 1.335261025806231, 1.3476435655657208, 1.3600170117859476, 1.3722700207526173, 1.3843092624856586, 1.39605475884331, 1.4074355541779118, 1.4183883796640349, 1.4288597391989502, 1.4388098955322064, 1.4482172625567362, 1.4570824998718344, 1.4654327428414264, 1.4733254313177004, 1.480849997314273, 1.4881250590539117, 1.495289947758819, 1.5024920754234563, 1.5098726546142374, 1.5175544252529851, 1.5256329699241182, 1.5341726828559148, 1.5432071494078508, 1.5527432654821784, 1.5627684403333142, 1.573259869290719, 1.5841945739073515, 1.5955581590579238]",75,0.5449830831895854,,0.6122563684627291,1.1594824748240882,1.5955581590579238,,0.6743694670574487,,,,4.730077266693115,8.18730354309082,True,3.4597456455230713,0.0025053024291992188,0.0,3.4597456455230713,Results/warm_start_cache/path_graphs_2to12vertices_11instances_AdjacencyList__filehash_01292d61/hog_idx000002_f26a0b535d4f_seed42_L2_M2_betaanalytic_instance_amplified.npz,4.737382411956787,2026-09-08 05:54:39,x86_64,dacsgpu0002,,64,64,3.11.15,0.22,True,False,True,False,,True,True,True,False,adam,False,hamqaoa,0.01,amplified_king,2,2,42,scs,1e-06,100000,False,False,False,hog,False,False,False,False,False,False,True,1,HOG_graphs/Exp5/path_graphs_2to12vertices_11instances_AdjacencyList.txt,True,Results/warm_start_cache,512,60,0,16,1,1,0,0,5,0,5,10,42,True,_FINAL_BENCHMARKS_KINGAMPLIFIED,1,42,2,"[(1, 2), (0, 1), (2, 3)]","[1.0, 1.0, 1.0]"
d7a89a4d,3,2,4,75.0,False,True,"[1, 1, 1]",,2.999999956551125,1.4999999782755624,0.773511278572558,0.9013638578294632,0.9013638578294632,True,analytic_instance,0.6866211658246962,0.011430967599153519,0.6815931294065238,0.7735112785725582,0.7735112785725582,0.5411358778700466,"[0.7735112785725582, 0.5844089379132673, 0.627789061160278, 0.6705870830283807, 0.7131709856950209, 0.7566080328049278, 0.8014621346070843, 0.8477476963806942, 0.8952592467856482, 0.9437104174600122, 0.9926602955565984, 1.0414842661981767, 1.0894524840339757, 1.135818644265596, 1.1798885717278682, 1.2210578986122238, 1.2588249328062047, 1.2928103444222745, 1.3227971533199532, 1.348752218202668, 1.370795938344974, 1.389155239478634, 1.4041409799662345, 1.416123775905329, 1.425498049081835, 1.432667654581195, 1.438049151194926, 1.442069041344552, 1.4451496859055268, 1.447687308622213, 1.4500267403215448, 1.4524372572835065, 1.4550949475456099, 1.458077032036385, 1.4613703191849148, 1.4648918489963334, 1.4685163953994833, 1.472104334332544, 1.4755251201837418, 1.4786737182668468, 1.48147935323452, 1.4839075132456685, 1.4859563003102587, 1.4876493110783384, 1.4890264989870914, 1.4901351224120434, 1.4910225725204078, 1.4917321747028796, 1.4923019932776695, 1.4927656423336266, 1.4931536221597705, 1.4934938772906854, 1.493811256858809, 1.49412607165067, 1.494452335067528, 1.49479632880977, 1.4951561329238845, 1.4955227614577455, 1.4958830431514154, 1.496223505685586, 1.496534041254331, 1.4968100632255958, 1.497052763831982, 1.4972676727045737, 1.497462375041745, 1.4976442100902592, 1.4978186376718035, 1.4979886546117667, 1.4981551515811204, 1.4983178638496002, 1.498476186353043, 1.4986294521119348, 1.4987766051726195, 1.4989157412391976, 1.4990439204267267, 1.4991575758357036]",75,0.5156741857150388,,1.451292594526291,1.6351288928583596,1.4991575758357036,,0.9994383838904691,,,,5.72690749168396,6.553796768188477,True,0.8278284072875977,0.0009298324584960938,0.0,0.8278284072875977,Results/warm_start_cache/path_graphs_2to12vertices_11instances_AdjacencyList__filehash_01292d61/hog_idx000001_9f99b1afad88_seed42_L2_M2_betaanalytic_instance_amplified.npz,5.733480930328369,2026-09-08 05:54:40,x86_64,dacsgpu0002,,64,64,3.11.15,0.22,True,False,True,False,,True,False,True,False,adam,False,hamqaoa,0.01,amplified_king,2,2,42,scs,1e-06,100000,False,False,False,hog,False,False,False,False,False,False,True,1,HOG_graphs/Exp5/path_graphs_2to12vertices_11instances_AdjacencyList.txt,True,Results/warm_start_cache,512,60,0,16,1,1,0,0,5,0,5,10,42,True,_FINAL_BENCHMARKS_KINGAMPLIFIED,1,42,1,"[(1, 2), (0, 1)]","[1.0, 1.0]"
c518a83c,4,3,4,75.0,False,True,"[1, 1, 1]",,4.732050798956174,2.366025399478087,1.2894299748265592,1.5473448963148935,1.5473448963148935,True,analytic_instance,0.9270492903190369,0.011019479483366013,1.0158169216458797,1.2894299748265592,1.2894299748265592,0.9225596871470905,"[1.2894299748265592, 0.9952607543514114, 1.0660645826375998, 1.1310382251766844, 1.187215804966447, 1.2340478673599886, 1.2737035785659672, 1.3087703150615035, 1.3408666724908507, 1.370986953030631, 1.399880747572945, 1.4281074280846724, 1.4560475703253317, 1.4840063355742728, 1.5122600017323435, 1.5409601626102758, 1.5701523141053946, 1.5998571548562013, 1.6301117633478905, 1.6609632886783101, 1.692375477678118, 1.7240715554499015, 1.7554846586817887, 1.7858807836433108, 1.81455406401942, 1.8409153833466867, 1.8645048408679246, 1.8850858789166076, 1.902727696483978, 1.9177885268026333, 1.9308051451856822, 1.9423337966915921, 1.9528029772858175, 1.9624271080007425, 1.971204819266364, 1.9790037821246942, 1.985699596940461, 1.9913016588850048, 1.9960084681786825, 2.0001759597280753, 2.004222762857875, 2.0085187515323555, 2.0132996259810643, 2.018628550035528, 2.0244045075425867, 2.0304053656171597, 2.036351408961337, 2.041975359996783, 2.0470832200471207, 2.051592317799197, 2.0555388607392233, 2.0590579314159507, 2.062345750833757, 2.0656160939008297, 2.069059211833841, 2.0728086893187108, 2.076921969331746, 2.0813778376955234, 2.0860913487782358, 2.0909405805422394, 2.0957965735708957, 2.1005490533422044, 2.1051233959769005, 2.109487826683612, 2.1136518816680594, 2.1176575172316974, 2.1215641871901134, 2.1254310704123878, 2.1293015806190656, 2.1331947099348954, 2.13710419255973, 2.1410039042881435, 2.144856156445558, 2.148620741452609, 2.1522631472662797, 2.155760138440293]",75,0.5449830831895854,,1.7326603272274674,2.2798864335888265,2.155760138440293,,0.9111412250381626,,,,7.117480516433716,10.575937032699585,True,3.4597456455230713,0.0012791156768798828,0.0,3.4597456455230713,Results/warm_start_cache/path_graphs_2to12vertices_11instances_AdjacencyList__filehash_01292d61/hog_idx000002_f26a0b535d4f_seed42_L2_M2_betaanalytic_instance_amplified.npz,7.122952938079834,2026-09-08 05:54:42,x86_64,dacsgpu0002,,64,64,3.11.15,0.23,True,False,True,False,,True,True,True,False,adam,False,hamqaoa,0.01,amplified_king,2,2,42,scs,1e-06,100000,False,False,False,hog,False,False,False,False,False,False,True,1,HOG_graphs/Exp5/path_graphs_2to12vertices_11instances_AdjacencyList.txt,True,Results/warm_start_cache,512,60,0,16,1,1,0,0,5,0,5,10,42,True,_FINAL_BENCHMARKS_KINGAMPLIFIED,1,42,2,"[(1, 2), (0, 1), (2, 3)]","[1.0, 1.0, 1.0]"
81ade917,3,2,3,75.0,False,True,"[1, 1, 1]",,2.999999956551125,1.4999999782755624,0.773511278572558,0.9013638578294632,0.9013638578294632,True,analytic_instance,0.6866211658246962,0.011430967599153519,0.6815931294065238,0.7735112785725582,0.7735112785725582,0.6546547685514348,"[0.7735112785725582, 0.7137027480736838, 0.773295106135912, 0.8324840226779315, 0.8905349996939692, 0.9468490277421514, 1.000624946823914, 1.0508954345652666, 1.0967736988468262, 1.1376378706368286, 1.1732100309668487, 1.2035188990732628, 1.2288154174681039, 1.2495307518662555, 1.2662669860572566, 1.2797462984656902, 1.2907100001279663, 1.2998324207908216, 1.3076818232401803, 1.3147121356261111, 1.3212680735962221, 1.3275974459113096, 1.3338685966145278, 1.3401894713682168, 1.3466212801328148, 1.353180790301657, 1.359833212465012, 1.3664867580718216, 1.3730004780294276, 1.3792073610003015, 1.3849465845474735, 1.3900957361180448, 1.3945946983521447, 1.3984551984977602, 1.4017531674707755, 1.404605929332696, 1.4071417049909025, 1.4094716893284962, 1.4116734638486104, 1.413788896831531, 1.4158336056652194, 1.4178113412583175, 1.4197259468040293, 1.4215856804168843, 1.4233988641460709, 1.4251648817169464, 1.4268670866787099, 1.4284725815558075, 1.4299401121696937, 1.4312331547650503, 1.4323334577741267, 1.433249850594563, 1.4340184840071841, 1.434693940195007, 1.4353346257596524, 1.4359885452588654, 1.436685234769051, 1.4374352853737518, 1.4382356733988644, 1.4390762407526492, 1.4399444670670736, 1.4408267491984712, 1.4417072998504001, 1.4425669178960356, 1.4433837993974632, 1.4441370961004305, 1.4448117912967915, 1.445402486777014, 1.4459139652815403, 1.4463583292684532, 1.446750215023982, 1.4471025304086362, 1.4474244393702258, 1.4477217343726405, 1.4479984237994068, 1.4482579108437088]",75,0.5156741857150388,,1.3494932645423012,1.53332956287437,1.4482579108437088,,0.9655052738958059,,,,3.613185167312622,4.439434289932251,True,0.8278284072875977,0.0015687942504882812,0.0,0.8278284072875977,Results/warm_start_cache/path_graphs_2to12vertices_11instances_AdjacencyList__filehash_01292d61/hog_idx000001_9f99b1afad88_seed42_L2_M2_betaanalytic_instance_amplified.npz,3.619001626968384,2026-09-08 05:54:42,x86_64,dacsgpu0002,,64,64,3.11.15,0.22,True,False,True,False,,True,False,True,False,adam,False,hamqaoa,0.01,amplified_king,2,2,42,scs,1e-06,100000,False,False,False,hog,False,False,False,False,False,False,True,1,HOG_graphs/Exp5/path_graphs_2to12vertices_11instances_AdjacencyList.txt,True,Results/warm_start_cache,512,60,0,16,1,1,0,0,5,0,5,10,42,True,_FINAL_BENCHMARKS_KINGAMPLIFIED,1,42,1,"[(1, 2), (0, 1)]","[1.0, 1.0]"
bde93b0b,3,2,5,75.0,False,True,"[1, 1, 1]",,2.999999956551125,1.4999999782755624,0.773511278572558,0.9013638578294632,0.9013638578294632,True,analytic_instance,0.6866211658246962,0.011430967599153519,0.6815931294065238,0.7735112785725582,0.7735112785725582,1.0077116743203731,"[0.7735112785725582, 1.0963282154468759, 1.1771527111419378, 1.2456644962061025, 1.29941995615502, 1.3383043007476554, 1.3631642087270532, 1.3763210812762785, 1.3817885228904416, 1.3841013565348934, 1.3868097779800423, 1.3917553954290809, 1.3992645579764111, 1.4087103227084068, 1.4190231361898173, 1.4290583505115457, 1.4378588491510564, 1.4448330021806775, 1.4498345874579475, 1.4531281859729082, 1.455247564935715, 1.4567946614303495, 1.4582604712219787, 1.4599354939546136, 1.4619174791449145, 1.4641720761008, 1.466595536634614, 1.4690596060303103, 1.4714454118035052, 1.4736681591151628, 1.4756898612559852, 1.4775202327810601, 1.4792067765277108, 1.4808144429714796, 1.4823990002657221, 1.483984035953042, 1.4855522593925046, 1.4870543076909235, 1.4884278634210133, 1.4896165449347787, 1.4905834411451515, 1.4913203813043037, 1.4918536829893945, 1.4922418985190764, 1.4925608986139551, 1.4928801954558484, 1.4932410193931442, 1.4936464558096678, 1.4940664981458187, 1.4944538769144058, 1.494764566155485, 1.494976273279157, 1.495098509482904, 1.4951691844520614, 1.4952382674170719, 1.4953465549782263, 1.4955108237008736, 1.4957216795392068, 1.495952134668229, 1.496171490614667, 1.496358199027563, 1.4965072092649419, 1.4966286770206227, 1.4967395258197984, 1.4968532944137918, 1.4969741179985048, 1.4970969002917978, 1.497211905678506, 1.4973105302253389, 1.497389631245952, 1.4974525066197797, 1.4975064004565715, 1.4975585810769345, 1.4976136702329867, 1.4976732264756694, 1.4977366862940444]",75,0.5156741857150388,,1.4484508154429725,1.6322871137750412,1.4977366862940444,,0.9984911241960296,,,,7.940526962280273,8.76683759689331,True,0.8278284072875977,0.0014996528625488281,0.0,0.8278284072875977,Results/warm_start_cache/path_graphs_2to12vertices_11instances_AdjacencyList__filehash_01292d61/hog_idx000001_9f99b1afad88_seed42_L2_M2_betaanalytic_instance_amplified.npz,7.949131011962891,2026-09-08 05:54:42,x86_64,dacsgpu0002,,64,64,3.11.15,0.23,True,False,True,False,,True,False,True,False,adam,False,hamqaoa,0.01,amplified_king,2,2,42,scs,1e-06,100000,False,False,False,hog,False,False,False,False,False,False,True,1,HOG_graphs/Exp5/path_graphs_2to12vertices_11instances_AdjacencyList.txt,True,Results/warm_start_cache,512,60,0,16,1,1,0,0,5,0,5,10,42,True,_FINAL_BENCHMARKS_KINGAMPLIFIED,1,42,1,"[(1, 2), (0, 1)]","[1.0, 1.0]"
47a3b452,4,3,5,75.0,False,True,"[1, 1, 1]",,4.732050798956174,2.366025399478087,1.2894299748265592,1.5473448963148935,1.5473448963148935,True,analytic_instance,0.9270492903190369,0.011019479483366013,1.0158169216458797,1.2894299748265592,1.2894299748265592,0.6723116396237488,"[1.2894299748265592, 0.7704621387564232, 0.8708691565307208, 0.969149161535106, 1.0630453418982886, 1.152790430369916, 1.2385708755093854, 1.3190488958059343, 1.3925132752255147, 1.4576833030114318, 1.514067554820941, 1.562092862699778, 1.6028768964665772, 1.6376419263315622, 1.6671847250350267, 1.691784909236247, 1.7115032827241756, 1.7266160894773779, 1.7379318971171323, 1.7467496056846865, 1.7544224410020377, 1.7618847346409476, 1.7694850257160615, 1.7771093963432913, 1.7844307457317452, 1.7911590112204547, 1.797213179836372, 1.8027698766826878, 1.8081916558615259, 1.813887291096787, 1.8201751648070856, 1.8272016809982112, 1.8349298129580058, 1.8431822027549516, 1.8517102560794332, 1.8602609231846983, 1.868623350903482, 1.876650791376189, 1.8842630431471954, 1.8914400055850344, 1.898213933259762, 1.9046617311662866, 1.9108949622297835, 1.917045622843815, 1.9232503054749335, 1.9296367927186993, 1.9363155930061156, 1.9433746456818348, 1.950872442281411, 1.9588303448081836, 1.9672293530909233, 1.9760163492193044, 1.9851189329136123, 1.9944609822159094, 2.0039700014560147, 2.013572733406383, 2.023182659048596, 2.032689106878331, 2.041956687707797, 2.0508366506124864, 2.0591855262684384, 2.066882952443911, 2.0738430827572096, 2.0800187124507308, 2.0854009543995597, 2.0900180978004417, 2.0939338495884963, 2.097243281035976, 2.100063233462577, 2.1025166098822856, 2.1047144524221872, 2.1067414549334393, 2.1086502843234136, 2.110465428953698, 2.112193422403608, 2.1138341942201895]",75,0.5449830831895854,,1.6488084387872606,2.1960345451486196,2.1138341942201895,,0.893421045739725,,,,11.157742023468018,14.616077423095703,True,3.4597456455230713,0.0013935565948486328,0.0,3.4597456455230713,Results/warm_start_cache/path_graphs_2to12vertices_11instances_AdjacencyList__filehash_01292d61/hog_idx000002_f26a0b535d4f_seed42_L2_M2_betaanalytic_instance_amplified.npz,11.166498184204102,2026-09-08 05:54:46,x86_64,dacsgpu0002,,64,64,3.11.15,0.23,True,False,True,False,,True,True,True,False,adam,False,hamqaoa,0.01,amplified_king,2,2,42,scs,1e-06,100000,False,False,False,hog,False,False,False,False,False,False,True,1,HOG_graphs/Exp5/path_graphs_2to12vertices_11instances_AdjacencyList.txt,True,Results/warm_start_cache,512,60,0,16,1,1,0,0,5,0,5,10,42,True,_FINAL_BENCHMARKS_KINGAMPLIFIED,1,42,2,"[(1, 2), (0, 1), (2, 3)]","[1.0, 1.0, 1.0]"
