run_id,n,m,p,precision/iterations,singlet_injection,warm_start,parameter_vector,optimal_result,sdp_objective_value_step1,sdp_objective_value_king_normalized_step1,algorithm17_actual_energy,algorithm17_lower_bound_energy,algorithm17_analytic_F_value,algorithm17_F_bound_applicable,algorithm17_beta_mode,algorithm17_beta_star,algorithm17_beta_optimisation_time_seconds,initial_ws_energy_prodStates_step2,initial_sdp_statevector_energy,initial_qaoa_input_energy_normalized,adam_initial_point_energy_normalized,adam_energy_history_normalized_json,adam_updates_completed,initial_sdp_statevec_ratio,initial_ws_energy_010101,QAOA_improvement_over_SDP_statevectorEnergy,QAOA_improvement_over_SDP_prodStatesEnergy,result,result_010101,approx_ratio,approx_ratio_010101,diff. approx. ratio,sdp ws greater,duration_seconds,duration_seconds_excluding_warm_start_cache_io,warm_start_cache_used,warm_start_compute_time_seconds,warm_start_load_time_seconds,warm_start_save_time_seconds,warm_start_effective_time_seconds,warm_start_cache_path,full duration_seconds,finished_at,processor,hostname,total_ram_gb,physical_cores,logical_cores,python_version,peak_ram_mb,Instance_is_triangle_free,Instance_is_3_regular,Instance_is_bipartite,Instance_is_regular,Regular_degree,Instance_is_claw_free,Instance_is_twin_free,Instance_is_planar,Instance_is_eulerian,optimiser,optimiser_use_heuristic,heuristic_optimiser_iterations,heuristic_optimiser_sampleSize,circuit_type,learning_rate_adam,warm_start_mode,lasserre_level,initial_solver_level_M,sdp_seed,sdp_solver_mode,sdp_scs_eps,sdp_scs_max_iters,compare_with_010101,init_QAOAparams_close_to_zero,use_correlations_as_initial_params,graph_generation_type,weighted,easiest_first,debug,save_circuit_svg,rerun_exclude_finished_instances,warm_start_cache_producer_only,qaoa_only_from_existing_warm_start_cache,num_repeats,relative_graph_adjList_path,persistent_warm_start_cache,warm_start_cache_dir,warm_start_cache_max_file_mb,warm_start_cache_max_total_gb,sdp_max_parallel,qaoa_max_parallel,sdp_threads,qaoa_threads,sdp_memory_limit_total_gb,sdp_memory_limit_single_gb,sdp_memory_poll_seconds,sdp_max_retries,queue_poll_interval_seconds,max_graph_vertices,qaoa_seed,initialise_standard_warm_start_with_zero_angles,result_name_suffix,benchmark_repeat_idx,qaoa_seed_used,hog_graph_index,edges,weights
1e48fe59,2,1,1,75.0,False,True,"[1, 1, 1]",,1.9999998910740424,0.9999999455370212,0.5655328708703277,0.818309757404599,0.818309757404599,True,analytic_instance,1.0,0.036573146004229784,0.49999996166691896,0.5655328708703274,0.0,0.872793978166402,"[0.0, 0.9264858153298594, 0.9293014269077814, 0.9162678994325986, 0.9152034308527195, 0.9248993459927959, 0.9359067477731585, 0.9414491778592967, 0.9406738095390981, 0.9375189886836954, 0.9362659698041851, 0.9382377758901848, 0.9418755259630598, 0.9447218591778896, 0.945422665717949, 0.9444688786377039, 0.9433372913179314, 0.9431073942175998, 0.9438306184912284, 0.9448046733439378, 0.9453025480334214, 0.945177622056359, 0.944846890309837, 0.9447610189614026, 0.9449964041623596, 0.9453038312704255, 0.9454243012210866, 0.9453525666770631, 0.9453192206032639, 0.9455147148118892, 0.945871419196453, 0.946143844200996, 0.9461706770673962, 0.9460393726272794, 0.9459976789706502, 0.9461996894252429, 0.9465463075413441, 0.9467877008756527, 0.9467761582715487, 0.9466086028502609, 0.9465192667963387, 0.9466387143853683, 0.9468706050311202, 0.9470064635248536, 0.9469454239145808, 0.9467878134896156, 0.9467151371256411, 0.9467973833712018, 0.9469354974849706, 0.9469855191804203, 0.9469147691605425, 0.9468218784130451, 0.946814473144302, 0.9468936498839156, 0.9469697583695488, 0.9469735974043625, 0.9469275305868685, 0.9469041406479439, 0.9469364200517508, 0.9469885475186245, 0.9470096577553965, 0.9469940098203372, 0.9469772162352642, 0.9469856887129875, 0.9470083967791658, 0.9470194794634282, 0.9470129542649299, 0.9470044932011834, 0.9470062133108774, 0.947013029175671, 0.9470149292532073, 0.9470120521277803, 0.947011351432119, 0.947014342044726, 0.9470161556664842, 0.9470150144004619]",75,0.5655328708703274,,0.7629642870602689,0.8940301054670858,0.9470150144004619,,0.9470150144004619,,,,1.9360380172729492,2.148658037185669,True,0.21448636054992676,0.0018551349639892578,0.0,0.21448636054992676,Results/warm_start_cache/complete_graphs_2to12vertices_11instances_AdjacencyList__filehash_1c7be33d/hog_idx000000_cd0336d2cdf0_seed42_L2_M2_betaanalytic_instance_amplified.npz,1.9531841278076172,2026-09-09 16:36:31,x86_64,dacsgpu0003,,64,64,3.11.15,0.22,True,False,True,True,1,True,False,True,False,adam,True,1,25,hamqaoa,0.05,entangled_king,2,2,42,scs,1e-06,100000,False,False,False,hog,False,False,False,False,False,False,True,1,HOG_graphs/Exp5/complete_graphs_2to12vertices_11instances_AdjacencyList.txt,True,Results/warm_start_cache,512,60,0,16,1,1,0,0,5,0,5,10,42,False,_FINAL_BENCHMARKS_KINGENTANGLED,1,42,0,"[(0, 1)]",[1.0]
eb20906f,3,3,1,75.0,False,True,"[1, 1, 1]",,3.000000005981841,1.5000000029909204,0.9389777358761688,,0.9646532714339192,False,analytic_instance,0.0,0.01233762875199318,0.9389777358761686,0.9389777358761693,0.0,1.2610739059211369,"[0.0, 1.310085672728941, 1.324958984211387, 1.3165337311528278, 1.3149598308438013, 1.3183292871064087, 1.320412116787371, 1.3198861567007873, 1.3202001285956546, 1.3232998107809997, 1.3279691686338637, 1.3312394902267162, 1.3311483305344114, 1.328603549397654, 1.326179463615661, 1.3256278217539301, 1.3270655406416307, 1.329456895903986, 1.3315398142154324, 1.3325420120029592, 1.3323401720901094, 1.3313521115156863, 1.330342535556803, 1.3300146429007835, 1.3305692604656345, 1.33161283151499, 1.332499589137571, 1.332813032570813, 1.3326079364755312, 1.3322655523652154, 1.3321255961884824, 1.3322235182086486, 1.332371902353245, 1.332458938217986, 1.3325719080137475, 1.3328090147710252, 1.3330772192834008, 1.333161596425968, 1.3329792010488464, 1.332709319520584, 1.3326317992196501, 1.3328417254584386, 1.3331586352004987, 1.333321775436548, 1.333247163696322, 1.33307596908881, 1.3329929599638, 1.333046630797601, 1.333154499424747, 1.3332288967031392, 1.3332518566801, 1.3332473999907537, 1.3332333654757473, 1.3332166853094067, 1.3332086397593101, 1.3332214819736454, 1.3332535612822654, 1.3332877576743214, 1.3333051294426124, 1.333297768241128, 1.3332740107082723, 1.3332566908076076, 1.3332674306505758, 1.333302063332024, 1.333329012990305, 1.3333236623023361, 1.333298608595888, 1.333286997135708, 1.3333005108779519, 1.3333196923327546, 1.333325022868134, 1.3333199370704822, 1.3333172370236355, 1.3333184480033624, 1.3333180932694446, 1.3333177730509504]",75,0.6259851572507795,,0.7886800743495623,0.7886800743495637,1.3333177730509504,,0.8888785153673003,,,,2.1060075759887695,2.925109386444092,True,0.8211038112640381,0.001987934112548828,0.0,0.8211038112640381,Results/warm_start_cache/complete_graphs_2to12vertices_11instances_AdjacencyList__filehash_1c7be33d/hog_idx000001_ef04306f2d85_seed42_L2_M2_betaanalytic_instance_amplified.npz,2.116471767425537,2026-09-09 16:36:32,x86_64,dacsgpu0003,,64,64,3.11.15,0.22,False,False,False,True,2,True,False,True,True,adam,True,1,25,hamqaoa,0.05,entangled_king,2,2,42,scs,1e-06,100000,False,False,False,hog,False,False,False,False,False,False,True,1,HOG_graphs/Exp5/complete_graphs_2to12vertices_11instances_AdjacencyList.txt,True,Results/warm_start_cache,512,60,0,16,1,1,0,0,5,0,5,10,42,False,_FINAL_BENCHMARKS_KINGENTANGLED,1,42,1,"[(1, 2), (0, 1), (0, 2)]","[1.0, 1.0, 1.0]"
097075a4,2,1,2,75.0,False,True,"[1, 1, 1]",,1.9999998910740424,0.9999999455370212,0.5655328708703277,0.818309757404599,0.818309757404599,True,analytic_instance,1.0,0.036573146004229784,0.49999996166691896,0.5655328708703274,0.0,0.4727796156231374,"[0.0, 0.5797583158360284, 0.648024085234612, 0.7101077787397514, 0.7542090161120851, 0.7699445848688931, 0.7716926409025238, 0.7773547349017227, 0.7885804359498887, 0.8005438790990296, 0.8123912022069897, 0.8260918029332192, 0.840875106333042, 0.85412083824872, 0.8638087297839, 0.8710182870940439, 0.8800808489027855, 0.8936009248818427, 0.9094876152986053, 0.9230997497428038, 0.9310499487464792, 0.9340813126494939, 0.9364113886763604, 0.9415470342327142, 0.9493417138094316, 0.9569680932889987, 0.9617876026370731, 0.9634505168254529, 0.963866294782441, 0.965278825948667, 0.9681335643115658, 0.970943656002415, 0.9723061872475667, 0.9725806579622264, 0.9733867634390707, 0.9757434008932775, 0.9790050864314614, 0.9816170222923052, 0.9827412941800445, 0.982967330577728, 0.9835408319357691, 0.9851310048695261, 0.9873018440773272, 0.989046352427865, 0.9898148055418491, 0.990015813880403, 0.9904288333852108, 0.9912403929996132, 0.9919469460738246, 0.9921420219789838, 0.9920780106462945, 0.9922786811992226, 0.9928287881740705, 0.9933396306284276, 0.9935113121214325, 0.9934800948633065, 0.9935579456718304, 0.9938465925588407, 0.9942197967123532, 0.9945200860812474, 0.9946783596456956, 0.9947393714786154, 0.9948330528018169, 0.9950409338145911, 0.995282091680091, 0.9954237247101815, 0.9954760833415428, 0.9955553090117946, 0.9956813710267027, 0.9957581491942727, 0.9957497107087643, 0.9957386570996101, 0.9957910821216543, 0.9958718985984897, 0.9959179371802721, 0.995919885526055]",75,0.5655328708703274,,0.8607740293114552,0.9918398477182722,0.995919885526055,,0.995919885526055,,,,3.3453705310821533,3.558382987976074,True,0.21448636054992676,0.0014600753784179688,0.0,0.21448636054992676,Results/warm_start_cache/complete_graphs_2to12vertices_11instances_AdjacencyList__filehash_1c7be33d/hog_idx000000_cd0336d2cdf0_seed42_L2_M2_betaanalytic_instance_amplified.npz,3.354808807373047,2026-09-09 16:36:33,x86_64,dacsgpu0003,,64,64,3.11.15,0.22,True,False,True,True,1,True,False,True,False,adam,True,1,25,hamqaoa,0.05,entangled_king,2,2,42,scs,1e-06,100000,False,False,False,hog,False,False,False,False,False,False,True,1,HOG_graphs/Exp5/complete_graphs_2to12vertices_11instances_AdjacencyList.txt,True,Results/warm_start_cache,512,60,0,16,1,1,0,0,5,0,5,10,42,False,_FINAL_BENCHMARKS_KINGENTANGLED,1,42,0,"[(0, 1)]",[1.0]
c91f9857,7,21,1,75.0,False,True,"[1, 1, 1]",,15.749999998544668,7.874999999272334,5.794692454174998,,5.994804848505982,False,analytic_instance,0.0,0.025274091865867376,5.794692454174999,5.794692454175004,3.552713678800501e-15,5.682861096065054,"[3.552713678800501e-15, 6.307753074543694, 6.633125143076757, 6.6660482263812675, 6.578868407467646, 6.543884586419681, 6.56259344901056, 6.595412620084788, 6.6297970244508475, 6.666717321627457, 6.6999562987540635, 6.717518030152496, 6.712722494813099, 6.6907610757534375, 6.666505492443595, 6.655059856569687, 6.662807165767962, 6.685828207751353, 6.714345781699707, 6.738629016593359, 6.753125396906659, 6.757121917592039, 6.752916868468286, 6.744213896862481, 6.735424853476736, 6.730712495460564, 6.732496195277557, 6.740144223541683, 6.749896888493808, 6.756808699867886, 6.75789491541908, 6.754113581641075, 6.749508164203609, 6.748167538905386, 6.75138782837889, 6.757130732851497, 6.761895933614368, 6.7633290185832875, 6.761579725658764, 6.758628989033956, 6.756544700909146, 6.756265186789466, 6.757572894346216, 6.759712831953725, 6.761867709516252, 6.763305327260656, 6.763551143069448, 6.762711380471217, 6.761565467670137, 6.7610868114035245, 6.761676207096808, 6.762833489100331, 6.763638990794033, 6.763590548215276, 6.762982602339012, 6.762516418144401, 6.7626242413181314, 6.763189085624042, 6.763795917164598, 6.764129076043125, 6.764124095951585, 6.763887840979513, 6.763595698898294, 6.7634389638814465, 6.763539298658299, 6.763840104690122, 6.764121878574803, 6.7641919752345965, 6.764067585300575, 6.76393915477829, 6.763958372106092, 6.764097692594532, 6.764220130737468, 6.76423779759505, 6.764173901911685, 6.764103143099591]",75,0.7726256605566671,,1.938821377849175,1.9388213778491838,6.764103143099591,,0.9018804190799455,,,,5.176671266555786,186.69316816329956,True,181.51935482025146,0.00284576416015625,0.0,181.51935482025146,Results/warm_start_cache/complete_graphs_2to12vertices_11instances_AdjacencyList__filehash_1c7be33d/hog_idx000005_527d3402612a_seed42_L2_M2_betaanalytic_instance_amplified.npz,5.184623718261719,2026-09-09 16:36:34,x86_64,dacsgpu0003,,64,64,3.11.15,0.22,False,False,False,True,6,True,False,False,True,adam,True,1,25,hamqaoa,0.05,entangled_king,2,2,42,scs,1e-06,100000,False,False,False,hog,False,False,False,False,False,False,True,1,HOG_graphs/Exp5/complete_graphs_2to12vertices_11instances_AdjacencyList.txt,True,Results/warm_start_cache,512,60,0,16,1,1,0,0,5,0,5,10,42,False,_FINAL_BENCHMARKS_KINGENTANGLED,1,42,5,"[(2, 3), (2, 6), (3, 5), (4, 6), (0, 5), (1, 4), (0, 2), (3, 4), (4, 5), (2, 5), (1, 3), (0, 1), (1, 6), (0, 4), (5, 6), (3, 6), (2, 4), (0, 3), (1, 2), (0, 6), (1, 5)]","[1.0, 1.0, 1.0, 1.0, 1.0, 1.0, 1.0, 1.0, 1.0, 1.0, 1.0, 1.0, 1.0, 1.0, 1.0, 1.0, 1.0, 1.0, 1.0, 1.0, 1.0]"
8a311989,2,1,3,75.0,False,True,"[1, 1, 1]",,1.9999998910740424,0.9999999455370212,0.5655328708703277,0.818309757404599,0.818309757404599,True,analytic_instance,1.0,0.036573146004229784,0.49999996166691896,0.5655328708703274,0.0,0.734405511466658,"[0.0, 0.8390480300034167, 0.9043016004529261, 0.8978961028073384, 0.8937326601085103, 0.9088115449817685, 0.9319264827660714, 0.9512680144367933, 0.9637846801454644, 0.9738515726809561, 0.9821906526866755, 0.9849791624732681, 0.981542272270314, 0.9772847484331644, 0.977597987469909, 0.9822498992522465, 0.9869549205019532, 0.9883805218040278, 0.9873633009899301, 0.9873173857091813, 0.9896684212514677, 0.9926427813401559, 0.9945114002367568, 0.9957263336850427, 0.997232150790704, 0.9983943701827824, 0.9978208587246225, 0.9955467813674806, 0.9934401142488795, 0.993251305859002, 0.994855191552891, 0.9967407911410274, 0.9977755665881858, 0.998059532956427, 0.9982001413508722, 0.9983891999590417, 0.9985104777156824, 0.9986293025101101, 0.9988515800551506, 0.9989944044384009, 0.9988296104680032, 0.9985151439424488, 0.9984482108810572, 0.9987705489205712, 0.9992588398762935, 0.9996326923580255, 0.9997703333593698, 0.9996637167210258, 0.9994013393071342, 0.9992036604786905, 0.9992540130406479, 0.9994771198607856, 0.9996537615749266, 0.9997116698126053, 0.9997404179272633, 0.9997884582855032, 0.9998228084420033, 0.9998418455996365, 0.9998656798736183, 0.999853544076363, 0.9997769438377366, 0.9997222162038624, 0.9997798099395054, 0.9998939886202447, 0.9999515897296395, 0.9999426761078095, 0.9999239244853729, 0.9999111087583176, 0.9999002073733592, 0.9999109531610946, 0.9999417830292955, 0.9999548574385273, 0.9999449671458511, 0.9999498466064822, 0.9999755394212008, 0.9999871933473741]",75,0.5655328708703274,,0.8689086449540933,0.9999744633609102,0.9999871933473741,,0.9999871933473741,,,,4.820903539657593,5.033755302429199,True,0.21448636054992676,0.0016207695007324219,0.0,0.21448636054992676,Results/warm_start_cache/complete_graphs_2to12vertices_11instances_AdjacencyList__filehash_1c7be33d/hog_idx000000_cd0336d2cdf0_seed42_L2_M2_betaanalytic_instance_amplified.npz,4.8331074714660645,2026-09-09 16:36:34,x86_64,dacsgpu0003,,64,64,3.11.15,0.22,True,False,True,True,1,True,False,True,False,adam,True,1,25,hamqaoa,0.05,entangled_king,2,2,42,scs,1e-06,100000,False,False,False,hog,False,False,False,False,False,False,True,1,HOG_graphs/Exp5/complete_graphs_2to12vertices_11instances_AdjacencyList.txt,True,Results/warm_start_cache,512,60,0,16,1,1,0,0,5,0,5,10,42,False,_FINAL_BENCHMARKS_KINGENTANGLED,1,42,0,"[(0, 1)]",[1.0]
b9bfee31,9,36,1,75.0,False,True,"[1, 1, 1]",,24.749999989227938,12.374999994613969,10.082436937469787,,9.956429282995435,False,analytic_instance,0.0,0.04190879873931408,10.082436937469792,10.082436937469792,-1.2225463696946548e-15,8.816401859007854,"[-1.2225463696946548e-15, 9.910130862888682, 10.604713345866053, 10.859802474294847, 10.760423708031684, 10.615517384069493, 10.58400881456218, 10.614539657860252, 10.670617761507494, 10.744654469987031, 10.82311220196373, 10.882797826170984, 10.904945972301366, 10.888399679272068, 10.851220869066745, 10.817773611291965, 10.803964317807841, 10.812936212421352, 10.839301040987648, 10.875271652546392, 10.914308962819957, 10.950435755811018, 10.976303389284123, 10.9848958354017, 10.974610293393676, 10.952747636365356, 10.932955263601063, 10.927175416679146, 10.93808633391435, 10.958087862058338, 10.975239755152662, 10.98146136001975, 10.977015022306366, 10.96848330814603, 10.962976196085837, 10.96377203912728, 10.969856569025675, 10.978035837111104, 10.985100752538797, 10.988840507291723, 10.988403571494802, 10.984604046937166, 10.97984977925392, 10.977079148520124, 10.978003999809259, 10.981958710458066, 10.986452775310012, 10.989057010038113, 10.989044328523821, 10.98748758185167, 10.986048682301217, 10.985748296048895, 10.98663853848477, 10.988154924581051, 10.989547738431012, 10.990156782278468, 10.989714676580924, 10.988616669070302, 10.987762222031945, 10.987886454030438, 10.988931438816588, 10.99012499299133, 10.990695037523448, 10.990495399296304, 10.989968087029785, 10.989626953173861, 10.989665417785243, 10.989971042476643, 10.990329507894929, 10.990549353048031, 10.990523457657375, 10.990305760647152, 10.990114389087754, 10.99016019296444, 10.9904366356811, 10.990722732760146]",75,0.8402030781224826,,1.8165715905807076,1.8165715905807076,10.990722732760146,,0.9158935610633455,,,,7.423505544662476,1360.391464471817,True,1352.9722836017609,0.004311084747314453,0.0,1352.9722836017609,Results/warm_start_cache/complete_graphs_2to12vertices_11instances_AdjacencyList__filehash_1c7be33d/hog_idx000007_f440659d5155_seed42_L2_M2_betaanalytic_instance_amplified.npz,7.431670665740967,2026-09-09 16:36:36,x86_64,dacsgpu0003,,64,64,3.11.15,0.23,False,False,False,True,8,True,False,False,True,adam,True,1,25,hamqaoa,0.05,entangled_king,2,2,42,scs,1e-06,100000,False,False,False,hog,False,False,False,False,False,False,True,1,HOG_graphs/Exp5/complete_graphs_2to12vertices_11instances_AdjacencyList.txt,True,Results/warm_start_cache,512,60,0,16,1,1,0,0,5,0,5,10,42,False,_FINAL_BENCHMARKS_KINGENTANGLED,1,42,7,"[(2, 3), (3, 8), (2, 6), (3, 5), (4, 6), (7, 8), (0, 5), (1, 4), (0, 2), (0, 8), (1, 7), (5, 7), (3, 4), (2, 8), (4, 5), (3, 7), (2, 5), (4, 8), (1, 3), (0, 1), (1, 6), (0, 4), (0, 7), (6, 8), (5, 6), (3, 6), (2, 4), (2, 7), (4, 7), (0, 3), (1, 2), (1, 8), (0, 6), (1, 5), (5, 8), (6, 7)]","[1.0, 1.0, 1.0, 1.0, 1.0, 1.0, 1.0, 1.0, 1.0, 1.0, 1.0, 1.0, 1.0, 1.0, 1.0, 1.0, 1.0, 1.0, 1.0, 1.0, 1.0, 1.0, 1.0, 1.0, 1.0, 1.0, 1.0, 1.0, 1.0, 1.0, 1.0, 1.0, 1.0, 1.0, 1.0, 1.0]"
2cbb800c,2,1,4,75.0,False,True,"[1, 1, 1]",,1.9999998910740424,0.9999999455370212,0.5655328708703277,0.818309757404599,0.818309757404599,True,analytic_instance,1.0,0.036573146004229784,0.49999996166691896,0.5655328708703274,0.0,0.6904085277391385,"[0.0, 0.9360019248720337, 0.9658422833046637, 0.9118377896469536, 0.8891933024545132, 0.9134945372813988, 0.9569702526756809, 0.9867996338497027, 0.9888684040334056, 0.972156956233549, 0.955681988637991, 0.9530918692452119, 0.9646032287187261, 0.9817636427266656, 0.9947347663309303, 0.99708750256607, 0.9895671860321749, 0.9798176931352159, 0.9764074957415219, 0.9816579846392883, 0.9908395901439813, 0.9973939037060248, 0.9982654554144288, 0.9950391722990373, 0.9912524446688333, 0.9896502636672473, 0.9910371174661707, 0.9943786935933797, 0.9976212344926458, 0.9989312448857879, 0.9979374793820148, 0.9959956638717365, 0.99498050810312, 0.9956935390649347, 0.9974416015904687, 0.9988901897686004, 0.9991803471074787, 0.998515210919317, 0.997834887378546, 0.9978144167682783, 0.9983010665925629, 0.998802422578229, 0.9991184528231167, 0.9992642519664465, 0.9992288951021557, 0.9991006541272971, 0.9990792432257427, 0.9992106418658102, 0.9993633261101584, 0.9994664224425346, 0.9995503587293462, 0.9996167916891914, 0.9996321268095497, 0.9995913888620604, 0.9995447614680556, 0.9995902479764281, 0.9997541013530553, 0.9998893650858873, 0.999859390902385, 0.9997444888198312, 0.9997013785197745, 0.9997632250506251, 0.9998731358063029, 0.9999513080906542, 0.9999325629720501, 0.9998508547708254, 0.9998157499905818, 0.9998721481901571, 0.999958627708801, 0.9999878675703211, 0.9999407489184633, 0.9998904099940626, 0.9999045767926231, 0.9999568332067823, 0.999986243250176, 0.9999770844603931]",75,0.5655328708703274,,0.8688884271801314,0.9999542455869483,0.9999770844603931,,0.9999770844603931,,,,6.723500728607178,6.936590194702148,True,0.21448636054992676,0.0013532638549804688,0.0,0.21448636054992676,Results/warm_start_cache/complete_graphs_2to12vertices_11instances_AdjacencyList__filehash_1c7be33d/hog_idx000000_cd0336d2cdf0_seed42_L2_M2_betaanalytic_instance_amplified.npz,6.731551647186279,2026-09-09 16:36:36,x86_64,dacsgpu0003,,64,64,3.11.15,0.23,True,False,True,True,1,True,False,True,False,adam,True,1,25,hamqaoa,0.05,entangled_king,2,2,42,scs,1e-06,100000,False,False,False,hog,False,False,False,False,False,False,True,1,HOG_graphs/Exp5/complete_graphs_2to12vertices_11instances_AdjacencyList.txt,True,Results/warm_start_cache,512,60,0,16,1,1,0,0,5,0,5,10,42,False,_FINAL_BENCHMARKS_KINGENTANGLED,1,42,0,"[(0, 1)]",[1.0]
990b4643,3,3,2,75.0,False,True,"[1, 1, 1]",,3.000000005981841,1.5000000029909204,0.9389777358761688,,0.9646532714339192,False,analytic_instance,0.0,0.01233762875199318,0.9389777358761686,0.9389777358761693,0.0,1.1737125262151822,"[0.0, 1.231462474148428, 1.2800587556992364, 1.3040186164897885, 1.2969082252317832, 1.2996790017841546, 1.3179165373552497, 1.3310208986461136, 1.330515134484479, 1.3229715320408493, 1.3181070583960666, 1.31868341230425, 1.320976796052018, 1.3219817625913088, 1.3227195882792901, 1.3238762684824437, 1.3238600174492277, 1.322674220974233, 1.322633270072002, 1.3250004976462173, 1.3285399816472927, 1.3309094038989202, 1.3308205474868373, 1.3295275094852608, 1.3294157554437382, 1.3308841515609369, 1.3323241794520688, 1.3327151820977565, 1.332514294558047, 1.332279063095725, 1.3320460313202251, 1.331927096500159, 1.332184906774266, 1.3327233277777801, 1.3330064908426908, 1.3326837299481213, 1.3321462388041514, 1.3320957720377802, 1.3325564190159247, 1.3328941920543018, 1.332819820564741, 1.332656342440507, 1.3326363100529564, 1.332680116720133, 1.332774636220912, 1.3329608201063319, 1.333090096196532, 1.333020937169472, 1.3328996338072066, 1.3329571265701743, 1.3331471030208384, 1.3332364520493583, 1.3331834898126147, 1.3331454493646198, 1.3331749882986743, 1.333211591461385, 1.3332569571388646, 1.3333036297898833, 1.3332846231133535, 1.3332325262391314, 1.333248960101004, 1.3333108162315532, 1.333324934130303, 1.3332948605057093, 1.3332812083133276, 1.3332913682955039, 1.3333030814136537, 1.3333151207952945, 1.333317804626887, 1.3332990892323802, 1.3332906726893965, 1.333311754093226, 1.3333237710563295, 1.3333119898620358, 1.3333057005111428, 1.3333105151996947]",75,0.6259851572507795,,0.7886655586470508,0.7886655586470521,1.3333105151996947,,0.8888736767997965,,,,3.5954439640045166,4.414883613586426,True,0.8211038112640381,0.0016503334045410156,0.0,0.8211038112640381,Results/warm_start_cache/complete_graphs_2to12vertices_11instances_AdjacencyList__filehash_1c7be33d/hog_idx000001_ef04306f2d85_seed42_L2_M2_betaanalytic_instance_amplified.npz,3.6045286655426025,2026-09-09 16:36:39,x86_64,dacsgpu0003,,64,64,3.11.15,0.22,False,False,False,True,2,True,False,True,True,adam,True,1,25,hamqaoa,0.05,entangled_king,2,2,42,scs,1e-06,100000,False,False,False,hog,False,False,False,False,False,False,True,1,HOG_graphs/Exp5/complete_graphs_2to12vertices_11instances_AdjacencyList.txt,True,Results/warm_start_cache,512,60,0,16,1,1,0,0,5,0,5,10,42,False,_FINAL_BENCHMARKS_KINGENTANGLED,1,42,1,"[(1, 2), (0, 1), (0, 2)]","[1.0, 1.0, 1.0]"
db0a5aaa,2,1,5,75.0,False,True,"[1, 1, 1]",,1.9999998910740424,0.9999999455370212,0.5655328708703277,0.818309757404599,0.818309757404599,True,analytic_instance,1.0,0.036573146004229784,0.49999996166691896,0.5655328708703274,0.0,0.6080454580902341,"[0.0, 0.8784006525480192, 0.9615603202552816, 0.9506031417941364, 0.9460693250676306, 0.93493090435307, 0.9229211567962324, 0.9299250345683248, 0.9520482990617481, 0.9776218534296454, 0.9935394090791865, 0.9952892507820891, 0.990246124790492, 0.9862962357348661, 0.9851510746049013, 0.9851152784708062, 0.9837278239677052, 0.9813964700264864, 0.9828563739184862, 0.989189809692178, 0.9953386765210726, 0.9978137568557388, 0.9976933146571753, 0.9969287084632585, 0.9968686816577508, 0.9967774947961643, 0.99503433927902, 0.9930952989455513, 0.993266457979268, 0.9950736200374551, 0.9967344311870716, 0.9974180521521553, 0.9979126680731474, 0.9989908914469088, 0.999839958495546, 0.9994891094441329, 0.9984685338837443, 0.9980129651464874, 0.9980525140175667, 0.9981624463362972, 0.9983177898473778, 0.9985203079412549, 0.9991112181094028, 0.9997243646278586, 0.999834461887884, 0.9996752595609816, 0.999580324422459, 0.9995389852493982, 0.9993901649859381, 0.9992174422660793, 0.9992789727935854, 0.9995479279466748, 0.9996946930009283, 0.9997738635057714, 0.9998721046029215, 0.9999486932883057, 0.9999162546306439, 0.9997672551348397, 0.9997173365146985, 0.999767905115676, 0.9997783582920244, 0.9997961195616154, 0.9998711834464808, 0.9999648846920617, 0.9999846218223103, 0.9999407404282041, 0.9999312160909073, 0.9999279046077723, 0.9999018349384585, 0.9998851221776766, 0.999920146748098, 0.9999606938307843, 0.999968946221245, 0.9999805268562298, 0.9999886433010435, 0.9999821496380139]",75,0.5655328708703274,,0.8688985575353729,0.9999643759421899,0.9999821496380139,,0.9999821496380139,,,,9.027702569961548,9.23995327949524,True,0.21448636054992676,0.0022211074829101562,0.0,0.21448636054992676,Results/warm_start_cache/complete_graphs_2to12vertices_11instances_AdjacencyList__filehash_1c7be33d/hog_idx000000_cd0336d2cdf0_seed42_L2_M2_betaanalytic_instance_amplified.npz,9.035867929458618,2026-09-09 16:36:39,x86_64,dacsgpu0003,,64,64,3.11.15,0.23,True,False,True,True,1,True,False,True,False,adam,True,1,25,hamqaoa,0.05,entangled_king,2,2,42,scs,1e-06,100000,False,False,False,hog,False,False,False,False,False,False,True,1,HOG_graphs/Exp5/complete_graphs_2to12vertices_11instances_AdjacencyList.txt,True,Results/warm_start_cache,512,60,0,16,1,1,0,0,5,0,5,10,42,False,_FINAL_BENCHMARKS_KINGENTANGLED,1,42,0,"[(0, 1)]",[1.0]
a60f444b,7,21,2,75.0,False,True,"[1, 1, 1]",,15.749999998544668,7.874999999272334,5.794692454174998,,5.994804848505982,False,analytic_instance,0.0,0.025274091865867376,5.794692454174999,5.794692454175004,3.552713678800501e-15,5.792537530258652,"[3.552713678800501e-15, 6.242591871649006, 6.360137604306275, 6.426569353366181, 6.477922441967077, 6.537590853877232, 6.568418934309435, 6.614699153721627, 6.685685096336634, 6.717180666524811, 6.680756620439006, 6.632515048752934, 6.62332661659627, 6.658084698878105, 6.705056505596628, 6.728981075166718, 6.733069559051552, 6.7378674910562255, 6.741760829836025, 6.7332783424304194, 6.715153949216057, 6.706577518658086, 6.718518162244539, 6.739842707438724, 6.751994527479384, 6.750282281882195, 6.74589347356379, 6.747966771032958, 6.752750483528049, 6.752743189312985, 6.748694656502553, 6.748056740149792, 6.753804016707062, 6.759702496360175, 6.759106679367172, 6.755208273238172, 6.755653801662266, 6.760034523913579, 6.762456447264878, 6.761782269482791, 6.761163542803695, 6.761526268606886, 6.761469517233409, 6.760978522024843, 6.761435295598298, 6.763252841060981, 6.76530871861193, 6.766142363935723, 6.76535640861475, 6.764155606979821, 6.764048952689274, 6.765027051069861, 6.765970408789244, 6.766447560300003, 6.76686591478181, 6.767263042179015, 6.767250845128184, 6.767067589166811, 6.767458139748806, 6.768328153864285, 6.768800146123757, 6.768764016417836, 6.768969920373947, 6.769603883227009, 6.770189220385467, 6.770600785460171, 6.771006534278835, 6.771356182563041, 6.771698057539573, 6.772298417648511, 6.773099052444074, 6.773748414910612, 6.774217493312509, 6.774805038640667, 6.775605806395718, 6.77644747495728]",75,0.7726256605566671,,1.9635100415645521,1.963510041564561,6.77644747495728,,0.9035263299943039,,,,12.094234943389893,193.61089658737183,True,181.51935482025146,0.002681255340576172,0.0,181.51935482025146,Results/warm_start_cache/complete_graphs_2to12vertices_11instances_AdjacencyList__filehash_1c7be33d/hog_idx000005_527d3402612a_seed42_L2_M2_betaanalytic_instance_amplified.npz,12.122796058654785,2026-09-09 16:36:41,x86_64,dacsgpu0003,,64,64,3.11.15,0.24,False,False,False,True,6,True,False,False,True,adam,True,1,25,hamqaoa,0.05,entangled_king,2,2,42,scs,1e-06,100000,False,False,False,hog,False,False,False,False,False,False,True,1,HOG_graphs/Exp5/complete_graphs_2to12vertices_11instances_AdjacencyList.txt,True,Results/warm_start_cache,512,60,0,16,1,1,0,0,5,0,5,10,42,False,_FINAL_BENCHMARKS_KINGENTANGLED,1,42,5,"[(2, 3), (2, 6), (3, 5), (4, 6), (0, 5), (1, 4), (0, 2), (3, 4), (4, 5), (2, 5), (1, 3), (0, 1), (1, 6), (0, 4), (5, 6), (3, 6), (2, 4), (0, 3), (1, 2), (0, 6), (1, 5)]","[1.0, 1.0, 1.0, 1.0, 1.0, 1.0, 1.0, 1.0, 1.0, 1.0, 1.0, 1.0, 1.0, 1.0, 1.0, 1.0, 1.0, 1.0, 1.0, 1.0, 1.0]"
8ca04e3a,3,3,3,75.0,False,True,"[1, 1, 1]",,3.000000005981841,1.5000000029909204,0.9389777358761688,,0.9646532714339192,False,analytic_instance,0.0,0.01233762875199318,0.9389777358761686,0.9389777358761693,0.0,1.112997922427479,"[0.0, 1.2951100222127645, 1.2774624479103236, 1.2577441299875425, 1.2809990212316726, 1.3175234135139058, 1.342704771618837, 1.352013399888672, 1.3620651978178662, 1.37769899582478, 1.3959447841065926, 1.413541632152041, 1.4238781283793869, 1.429601201578433, 1.4394599526606762, 1.4551679912928561, 1.4709711918860284, 1.4824776261485626, 1.4893805885806635, 1.4911528317540323, 1.487754043867171, 1.4835197232677326, 1.4818226785916997, 1.4824896143777861, 1.4834249725853907, 1.4825772517380418, 1.4800418894478933, 1.4785238028904006, 1.4797401077684893, 1.4819918278268418, 1.4837521244668537, 1.4859529412251122, 1.48904596456223, 1.491984034013739, 1.4942358642089093, 1.495565925152414, 1.495537263471211, 1.4950579379932938, 1.495499294900305, 1.4964475595791937, 1.4969155259157423, 1.4969143332233776, 1.496689152374982, 1.49646850961303, 1.4966589939490582, 1.4971810592529011, 1.497827369679246, 1.4985834981767263, 1.49913756328628, 1.4994345529402406, 1.4996851698847518, 1.4995884699191127, 1.4991856637017995, 1.4989775007643773, 1.4989755189075826, 1.4990268544953602, 1.4990453371678814, 1.4990680708797537, 1.4992141326629669, 1.4993576781926277, 1.4994932941364554, 1.49964278705592, 1.4997042282022377, 1.4997645873501653, 1.4998085121889704, 1.4997414641268625, 1.4996262434736036, 1.4995672072048802, 1.499616184460901, 1.499688656398672, 1.499759655490134, 1.4998418583709459, 1.4998880084103718, 1.4999257325096322, 1.4999434945394345, 1.499925196503301]",75,0.6259851572507795,,1.1218949212542633,1.1218949212542646,1.499925196503301,,0.9999501310022006,,,,6.804136037826538,7.623847723007202,True,0.8211038112640381,0.0013799667358398438,0.0,0.8211038112640381,Results/warm_start_cache/complete_graphs_2to12vertices_11instances_AdjacencyList__filehash_1c7be33d/hog_idx000001_ef04306f2d85_seed42_L2_M2_betaanalytic_instance_amplified.npz,6.812087297439575,2026-09-09 16:36:42,x86_64,dacsgpu0003,,64,64,3.11.15,0.23,False,False,False,True,2,True,False,True,True,adam,True,1,25,hamqaoa,0.05,entangled_king,2,2,42,scs,1e-06,100000,False,False,False,hog,False,False,False,False,False,False,True,1,HOG_graphs/Exp5/complete_graphs_2to12vertices_11instances_AdjacencyList.txt,True,Results/warm_start_cache,512,60,0,16,1,1,0,0,5,0,5,10,42,False,_FINAL_BENCHMARKS_KINGENTANGLED,1,42,1,"[(1, 2), (0, 1), (0, 2)]","[1.0, 1.0, 1.0]"
e94b0141,5,10,1,75.0,False,True,"[1, 1, 1]",,8.75000015153035,4.375000075765175,2.9153146909119743,,3.0339008346134344,False,analytic_instance,0.0,0.014888036996126175,2.915314690911974,2.915314690911975,1.6653345369377348e-16,2.1043238453032975,"[1.6653345369377348e-16, 2.2832559012604334, 2.331771374965761, 2.3060170566761595, 2.296593689789067, 2.309126123661229, 2.325882238975423, 2.3367457080494383, 2.3407942288404877, 2.3412800998453758, 2.3401899373433, 2.3379689494257536, 2.335223090152565, 2.333379957469405, 2.3344218501774785, 2.3396389507041335, 2.3480889952347614, 2.3565632204506413, 2.3614184723880194, 2.3609130951596438, 2.3564342773543383, 2.35157251753843, 2.3495713142206958, 2.3512607789272315, 2.354996442810918, 2.358237104424561, 2.3594028964324645, 2.358736795468402, 2.3576827742935387, 2.357509853133985, 2.3584270641436462, 2.359733004722448, 2.36058896395557, 2.3606619649088594, 2.3601950373688325, 2.3596540196839593, 2.3593853495756623, 2.359519453135288, 2.3600348559271116, 2.3607946764201677, 2.3615261928794826, 2.361895662449914, 2.3617359077659286, 2.3612271392367066, 2.3607982578285927, 2.360786412378027, 2.3611644305574417, 2.361600587365181, 2.3617842684228125, 2.361691756822894, 2.3615492045859843, 2.361568991057111, 2.361749157530824, 2.3619188980888204, 2.3619383666067786, 2.3618275842200447, 2.361715608683803, 2.3617026060261628, 2.3617884811925474, 2.3619087235635288, 2.362001886050391, 2.3620379256843247, 2.362014806743742, 2.3619575230523067, 2.361913944701144, 2.361923581825488, 2.3619789997220724, 2.362029778150837, 2.3620362718834755, 2.3620124312248776, 2.3620040049484134, 2.3620300938532512, 2.3620622927692163, 2.362064575613211, 2.362038678658595, 2.362018430951485]",75,0.7288286727279938,,-1.10659251992098,-1.1065925199209774,2.362018430951485,,0.5905046077378713,,,,3.5132546424865723,18.331865072250366,True,14.8205726146698,0.0019485950469970703,0.0,14.8205726146698,Results/warm_start_cache/complete_graphs_2to12vertices_11instances_AdjacencyList__filehash_1c7be33d/hog_idx000003_e862dff8957b_seed42_L2_M2_betaanalytic_instance_amplified.npz,3.5285935401916504,2026-09-09 16:36:44,x86_64,dacsgpu0003,,64,64,3.11.15,0.22,False,False,False,True,4,True,False,False,True,adam,True,1,25,hamqaoa,0.05,entangled_king,2,2,42,scs,1e-06,100000,False,False,False,hog,False,False,False,False,False,False,True,1,HOG_graphs/Exp5/complete_graphs_2to12vertices_11instances_AdjacencyList.txt,True,Results/warm_start_cache,512,60,0,16,1,1,0,0,5,0,5,10,42,False,_FINAL_BENCHMARKS_KINGENTANGLED,1,42,3,"[(1, 3), (0, 1), (2, 3), (0, 4), (0, 3), (1, 2), (3, 4), (1, 4), (0, 2), (2, 4)]","[1.0, 1.0, 1.0, 1.0, 1.0, 1.0, 1.0, 1.0, 1.0, 1.0]"
319e8b83,3,3,4,75.0,False,True,"[1, 1, 1]",,3.000000005981841,1.5000000029909204,0.9389777358761688,,0.9646532714339192,False,analytic_instance,0.0,0.01233762875199318,0.9389777358761686,0.9389777358761693,0.0,1.0710564078675737,"[0.0, 1.4104471083214731, 1.400841956887057, 1.3785461699940043, 1.3811046630924284, 1.395242549528475, 1.4294282304414574, 1.4631708117408189, 1.4641254744438772, 1.447135576231346, 1.4375272818725207, 1.4429124760695893, 1.4558695903533352, 1.4700850697153338, 1.482569448025463, 1.4892279272610445, 1.4863808603098212, 1.4770199285673635, 1.4713154552042813, 1.4755294351628676, 1.486461408240271, 1.4950865657676162, 1.495391925153631, 1.4909306618233227, 1.4889040961786475, 1.490234290395612, 1.4918787525137773, 1.4933836918131542, 1.4952367579834982, 1.4958179551280995, 1.4941725718396301, 1.4925064888828081, 1.4935300845108657, 1.496753707104797, 1.4992631666703853, 1.4993953825782051, 1.4978924759734056, 1.496378010514728, 1.4961745325711295, 1.4973946008229753, 1.498763124607065, 1.499157659858901, 1.4987148268867103, 1.4981908157630444, 1.4981144402376843, 1.4985672790068785, 1.4991893260018951, 1.4994684128555416, 1.4993201930701823, 1.4991060537640855, 1.4990465592239948, 1.4991758893401979, 1.4995403551368112, 1.4998712341042035, 1.4997636665333, 1.499398005222184, 1.4993043698175728, 1.499563364190921, 1.4998267686854352, 1.4998720304436501, 1.4997566647289085, 1.499646499854556, 1.4996899832131267, 1.4998419071731925, 1.499915050961933, 1.4998777821583422, 1.4998308507314047, 1.4998305318338754, 1.4998771015304755, 1.499936719617022, 1.4999533238494547, 1.4999117092791077, 1.4998659186312442, 1.499879610478072, 1.4999493348268054, 1.49998796594934]",75,0.6259851572507795,,1.1220204601463415,1.1220204601463428,1.49998796594934,,0.99999197729956,,,,10.471411943435669,11.291234970092773,True,0.8211038112640381,0.0012676715850830078,0.0,0.8211038112640381,Results/warm_start_cache/complete_graphs_2to12vertices_11instances_AdjacencyList__filehash_1c7be33d/hog_idx000001_ef04306f2d85_seed42_L2_M2_betaanalytic_instance_amplified.npz,10.480169534683228,2026-09-09 16:36:46,x86_64,dacsgpu0003,,64,64,3.11.15,0.23,False,False,False,True,2,True,False,True,True,adam,True,1,25,hamqaoa,0.05,entangled_king,2,2,42,scs,1e-06,100000,False,False,False,hog,False,False,False,False,False,False,True,1,HOG_graphs/Exp5/complete_graphs_2to12vertices_11instances_AdjacencyList.txt,True,Results/warm_start_cache,512,60,0,16,1,1,0,0,5,0,5,10,42,False,_FINAL_BENCHMARKS_KINGENTANGLED,1,42,1,"[(1, 2), (0, 1), (0, 2)]","[1.0, 1.0, 1.0]"
aa69b899,5,10,2,75.0,False,True,"[1, 1, 1]",,8.75000015153035,4.375000075765175,2.9153146909119743,,3.0339008346134344,False,analytic_instance,0.0,0.014888036996126175,2.915314690911974,2.915314690911975,1.6653345369377348e-16,1.9570533933949559,"[1.6653345369377348e-16, 2.2216594609265234, 2.24663887534064, 2.339661181939527, 2.356729290902995, 2.306437322100254, 2.3061689626071815, 2.356091217258029, 2.3915543958990164, 2.3858215780625747, 2.3582459618020106, 2.339062522019501, 2.343341968158595, 2.3642854588934767, 2.383734369216473, 2.389181804772779, 2.3835302805674483, 2.378437081962319, 2.3802643398917662, 2.3854597802560678, 2.388370683489031, 2.3892483910491276, 2.391755616018291, 2.395140248443828, 2.394497527664866, 2.38935191169107, 2.386042796280548, 2.3885027312626073, 2.3931854544323365, 2.3954027558963817, 2.3950843503592787, 2.394812486631956, 2.3955103601189736, 2.3958703462219644, 2.3955913405871003, 2.396360469245145, 2.398425031593728, 2.399563991582214, 2.3986250194124894, 2.3971614588787524, 2.3969238925634855, 2.397782165855755, 2.398513884368849, 2.3986039789248275, 2.3985702815966943, 2.3987131374693145, 2.398745247857765, 2.398757269900482, 2.399195889023112, 2.3998198972236837, 2.399883448661939, 2.399385582683446, 2.3991179621875554, 2.3993811453764984, 2.3996408698236933, 2.3995936020586814, 2.399536285419396, 2.399578680919479, 2.399538816767746, 2.399529173496947, 2.3997397945014383, 2.399944659261968, 2.3998824447364995, 2.3997389528937183, 2.399778034256905, 2.399892870902033, 2.399903636899511, 2.399869607566728, 2.3998614121265036, 2.3998437055020165, 2.3998420721528433, 2.3999100691335595, 2.3999714690206235, 2.399944823077476, 2.399911252324942, 2.399942120581674]",75,0.7288286727279938,,-1.0307451406606019,-1.0307451406605992,2.399942120581674,,0.5999855301454186,,,,7.465380907058716,22.283831357955933,True,14.8205726146698,0.002108335494995117,0.0,14.8205726146698,Results/warm_start_cache/complete_graphs_2to12vertices_11instances_AdjacencyList__filehash_1c7be33d/hog_idx000003_e862dff8957b_seed42_L2_M2_betaanalytic_instance_amplified.npz,7.484080791473389,2026-09-09 16:36:49,x86_64,dacsgpu0003,,64,64,3.11.15,0.23,False,False,False,True,4,True,False,False,True,adam,True,1,25,hamqaoa,0.05,entangled_king,2,2,42,scs,1e-06,100000,False,False,False,hog,False,False,False,False,False,False,True,1,HOG_graphs/Exp5/complete_graphs_2to12vertices_11instances_AdjacencyList.txt,True,Results/warm_start_cache,512,60,0,16,1,1,0,0,5,0,5,10,42,False,_FINAL_BENCHMARKS_KINGENTANGLED,1,42,3,"[(1, 3), (0, 1), (2, 3), (0, 4), (0, 3), (1, 2), (3, 4), (1, 4), (0, 2), (2, 4)]","[1.0, 1.0, 1.0, 1.0, 1.0, 1.0, 1.0, 1.0, 1.0, 1.0]"
5a320fda,9,36,2,75.0,False,True,"[1, 1, 1]",,24.749999989227938,12.374999994613969,10.082436937469787,,9.956429282995435,False,analytic_instance,0.0,0.04190879873931408,10.082436937469792,10.082436937469792,-1.2225463696946548e-15,9.18735422222915,"[-1.2225463696946548e-15, 10.040866952231623, 10.144543420036577, 10.250550345106621, 10.262645000255985, 10.272270197860065, 10.342553421210166, 10.444437222999728, 10.593002925799407, 10.779327541196475, 10.914819275026087, 10.941865852521222, 10.903163854266856, 10.8419668306796, 10.789322718852333, 10.753447541141606, 10.773922563768146, 10.852086827959353, 10.915203874334289, 10.943766548993757, 10.954265287001112, 10.952850900312336, 10.937284139591547, 10.914755395061919, 10.907144213446058, 10.923066588578964, 10.945373477321793, 10.956824840143904, 10.957495538240808, 10.955804066302969, 10.956455918162211, 10.959449240198582, 10.963258932437379, 10.968792478456928, 10.977409168546496, 10.983174331425857, 10.979579017599367, 10.9722722690546, 10.970984841200707, 10.974440576460047, 10.976505835144238, 10.979595927630614, 10.985727896794877, 10.988350061562349, 10.985433723069885, 10.982763499546989, 10.983201818404952, 10.98413519412423, 10.984369831378304, 10.985882808602794, 10.98815821088937, 10.988361068466304, 10.987020169712972, 10.986940214559091, 10.988034294273136, 10.9884584485018, 10.988660637960724, 10.989447134286763, 10.98951746980383, 10.988705927015461, 10.988622400549271, 10.989303684332995, 10.98964950757259, 10.989873630441831, 10.990266701208942, 10.990170869690251, 10.989747913496092, 10.989780743563198, 10.99010521718091, 10.990241213581717, 10.990354166876376, 10.99048089668846, 10.99037144447253, 10.990243465826248, 10.990380452267756, 10.990555540678693]",75,0.8402030781224826,,1.816237206417803,1.816237206417803,10.990555540678693,,0.9158796283898911,,,,20.38148522377014,1373.3491110801697,True,1352.9722836017609,0.004643678665161133,0.0,1352.9722836017609,Results/warm_start_cache/complete_graphs_2to12vertices_11instances_AdjacencyList__filehash_1c7be33d/hog_idx000007_f440659d5155_seed42_L2_M2_betaanalytic_instance_amplified.npz,20.390500783920288,2026-09-09 16:36:49,x86_64,dacsgpu0003,,64,64,3.11.15,0.24,False,False,False,True,8,True,False,False,True,adam,True,1,25,hamqaoa,0.05,entangled_king,2,2,42,scs,1e-06,100000,False,False,False,hog,False,False,False,False,False,False,True,1,HOG_graphs/Exp5/complete_graphs_2to12vertices_11instances_AdjacencyList.txt,True,Results/warm_start_cache,512,60,0,16,1,1,0,0,5,0,5,10,42,False,_FINAL_BENCHMARKS_KINGENTANGLED,1,42,7,"[(2, 3), (3, 8), (2, 6), (3, 5), (4, 6), (7, 8), (0, 5), (1, 4), (0, 2), (0, 8), (1, 7), (5, 7), (3, 4), (2, 8), (4, 5), (3, 7), (2, 5), (4, 8), (1, 3), (0, 1), (1, 6), (0, 4), (0, 7), (6, 8), (5, 6), (3, 6), (2, 4), (2, 7), (4, 7), (0, 3), (1, 2), (1, 8), (0, 6), (1, 5), (5, 8), (6, 7)]","[1.0, 1.0, 1.0, 1.0, 1.0, 1.0, 1.0, 1.0, 1.0, 1.0, 1.0, 1.0, 1.0, 1.0, 1.0, 1.0, 1.0, 1.0, 1.0, 1.0, 1.0, 1.0, 1.0, 1.0, 1.0, 1.0, 1.0, 1.0, 1.0, 1.0, 1.0, 1.0, 1.0, 1.0, 1.0, 1.0]"
aad33449,7,21,3,75.0,False,True,"[1, 1, 1]",,15.749999998544668,7.874999999272334,5.794692454174998,,5.994804848505982,False,analytic_instance,0.0,0.025274091865867376,5.794692454174999,5.794692454175004,3.552713678800501e-15,4.548441137056123,"[3.552713678800501e-15, 6.198733210862418, 6.2191618546427145, 6.371486159833109, 6.414386885893579, 6.563884318417564, 6.64478729732338, 6.594092683523728, 6.545572031955334, 6.548831447252165, 6.604426473660907, 6.704196964340236, 6.798076866201669, 6.8169683520727915, 6.773125387254004, 6.753504249617478, 6.801666528674541, 6.886582752695415, 6.940001736305907, 6.931226490217056, 6.904385162045985, 6.914894002163472, 6.965879025105776, 7.0200746770159235, 7.04995860494358, 7.0629871514132665, 7.080085855601553, 7.111932709097085, 7.156432219277351, 7.2011193503207735, 7.234754397567441, 7.259469653872184, 7.284613632877178, 7.31169540195727, 7.332821805063394, 7.343201439108791, 7.347107371358145, 7.349561312251721, 7.351067340235906, 7.351458103158501, 7.350326387845115, 7.34567217796944, 7.338678782704005, 7.335863472177102, 7.341434826390369, 7.35132238833603, 7.3590151848254015, 7.363493121178389, 7.367135385525997, 7.370787643199955, 7.374759727834727, 7.37882745017973, 7.381003141763841, 7.380856533059893, 7.380821973856889, 7.382046764286122, 7.383131356637621, 7.383358663910636, 7.38347143292492, 7.384122471711789, 7.385926089259886, 7.388845233500496, 7.39128915423097, 7.392290476644939, 7.392784908112201, 7.393475807140086, 7.3939998941110865, 7.3941259582806875, 7.393898508664992, 7.393511112193826, 7.393510936630598, 7.393936010267965, 7.394146502753864, 7.394075185468539, 7.394207230839408, 7.39469536136221]",75,0.7726256605566671,,3.2000058143744123,3.200005814374421,7.39469536136221,,0.9859593815149613,,,,23.32233214378357,204.8395972251892,True,181.51935482025146,0.0020787715911865234,0.0,181.51935482025146,Results/warm_start_cache/complete_graphs_2to12vertices_11instances_AdjacencyList__filehash_1c7be33d/hog_idx000005_527d3402612a_seed42_L2_M2_betaanalytic_instance_amplified.npz,23.3293559551239,2026-09-09 16:36:52,x86_64,dacsgpu0003,,64,64,3.11.15,0.24,False,False,False,True,6,True,False,False,True,adam,True,1,25,hamqaoa,0.05,entangled_king,2,2,42,scs,1e-06,100000,False,False,False,hog,False,False,False,False,False,False,True,1,HOG_graphs/Exp5/complete_graphs_2to12vertices_11instances_AdjacencyList.txt,True,Results/warm_start_cache,512,60,0,16,1,1,0,0,5,0,5,10,42,False,_FINAL_BENCHMARKS_KINGENTANGLED,1,42,5,"[(2, 3), (2, 6), (3, 5), (4, 6), (0, 5), (1, 4), (0, 2), (3, 4), (4, 5), (2, 5), (1, 3), (0, 1), (1, 6), (0, 4), (5, 6), (3, 6), (2, 4), (0, 3), (1, 2), (0, 6), (1, 5)]","[1.0, 1.0, 1.0, 1.0, 1.0, 1.0, 1.0, 1.0, 1.0, 1.0, 1.0, 1.0, 1.0, 1.0, 1.0, 1.0, 1.0, 1.0, 1.0, 1.0, 1.0]"
6b859dfa,8,28,1,75.0,False,True,"[1, 1, 1]",,19.999999982299197,9.999999991149599,7.882350017091202,,7.850570131407092,False,analytic_instance,0.0,0.02906671492382884,7.882350017091201,7.882350017091204,-1.5525775109992423e-15,7.289381771213859,"[-1.5525775109992423e-15, 8.147574536535917, 8.652007117762722, 8.7813911371202, 8.674915164479454, 8.588978695117865, 8.588034818727609, 8.622389758514515, 8.669004513915457, 8.725677321169115, 8.782370947790259, 8.820583979061402, 8.827066992528959, 8.804370364310557, 8.77033447406638, 8.746109211421846, 8.743528571534691, 8.76192967082144, 8.792739809442812, 8.82595410601612, 8.854448002887441, 8.874229448148936, 8.882702098294544, 8.878899931384215, 8.86571441789958, 8.85055916918093, 8.842305507876116, 8.846016195696885, 8.859486063734332, 8.874683217401047, 8.883303903970104, 8.882331402381002, 8.875413016713278, 8.86929729063506, 8.868693840236904, 8.873701007283522, 8.880972911082347, 8.886733487721163, 8.88904677320175, 8.888124787428328, 8.885345312330015, 8.882316772735543, 8.880480558549753, 8.8808269929336, 8.88339431176652, 8.886962673593919, 8.889636734729146, 8.890157807020708, 8.888838723077663, 8.887209860583713, 8.886693107816201, 8.887554642213328, 8.888985925357003, 8.889992005135078, 8.890142238070995, 8.889649386441139, 8.889009596505323, 8.888673454232952, 8.888890887635753, 8.8896125235363, 8.890461578414268, 8.890933707957485, 8.890789625881574, 8.890273728713279, 8.889888007233585, 8.889933297577137, 8.890290484815562, 8.89062776185704, 8.890739202688238, 8.890659883507182, 8.890537780655064, 8.890489470379414, 8.890561047705406, 8.890729854868576, 8.890900328064376, 8.8909513126539]",75,0.7882350017091204,,2.0172025911253932,2.0172025911253986,8.8909513126539,,0.8890951312653901,,,,6.381255865097046,526.6994976997375,True,520.3224198818207,0.004168033599853516,0.0,520.3224198818207,Results/warm_start_cache/complete_graphs_2to12vertices_11instances_AdjacencyList__filehash_1c7be33d/hog_idx000006_e45aa177ddd9_seed42_L2_M2_betaanalytic_instance_amplified.npz,6.391546010971069,2026-09-09 16:36:53,x86_64,dacsgpu0003,,64,64,3.11.15,0.23,False,False,False,True,7,True,False,False,False,adam,True,1,25,hamqaoa,0.05,entangled_king,2,2,42,scs,1e-06,100000,False,False,False,hog,False,False,False,False,False,False,True,1,HOG_graphs/Exp5/complete_graphs_2to12vertices_11instances_AdjacencyList.txt,True,Results/warm_start_cache,512,60,0,16,1,1,0,0,5,0,5,10,42,False,_FINAL_BENCHMARKS_KINGENTANGLED,1,42,6,"[(2, 3), (2, 6), (3, 5), (4, 6), (0, 5), (1, 4), (0, 2), (1, 7), (5, 7), (3, 4), (4, 5), (3, 7), (2, 5), (1, 3), (0, 1), (1, 6), (0, 4), (0, 7), (5, 6), (3, 6), (2, 4), (2, 7), (4, 7), (0, 3), (1, 2), (0, 6), (1, 5), (6, 7)]","[1.0, 1.0, 1.0, 1.0, 1.0, 1.0, 1.0, 1.0, 1.0, 1.0, 1.0, 1.0, 1.0, 1.0, 1.0, 1.0, 1.0, 1.0, 1.0, 1.0, 1.0, 1.0, 1.0, 1.0, 1.0, 1.0, 1.0, 1.0]"
d52172dd,5,10,3,75.0,False,True,"[1, 1, 1]",,8.75000015153035,4.375000075765175,2.9153146909119743,,3.0339008346134344,False,analytic_instance,0.0,0.014888036996126175,2.915314690911974,2.915314690911975,1.6653345369377348e-16,1.4289472732117108,"[1.6653345369377348e-16, 2.063582100041724, 2.2220835255113682, 2.143656643169937, 2.169208900886563, 2.2447868508262503, 2.2833713223236964, 2.3201767243860725, 2.3465317758100936, 2.345820020967117, 2.3289468176279873, 2.3337041300181767, 2.369423611312472, 2.396236027880245, 2.39792316716556, 2.3906778681094116, 2.3893648328793096, 2.3999992977863553, 2.4133969645198805, 2.424293100466896, 2.4375347811274874, 2.445825722890156, 2.4418741244646713, 2.434582787181668, 2.4368033560373434, 2.4485219674522587, 2.459425415237809, 2.461975732239626, 2.4588693167493383, 2.456476582062889, 2.456118697178113, 2.4584814111770417, 2.4646968331471624, 2.4702989760078298, 2.470000287160939, 2.466704717244604, 2.4670949170226844, 2.4715206611415965, 2.4756789112935316, 2.4771609309875116, 2.476433000828359, 2.4752836835592733, 2.4762986943785887, 2.480174985017915, 2.483306753209272, 2.483068627404523, 2.4818166068544354, 2.482416005065329, 2.4846371695713443, 2.4868741304412323, 2.4879414567737745, 2.48757778850295, 2.4872363260314962, 2.48830120798651, 2.4898639795406026, 2.4905623278812206, 2.490606746984005, 2.4906741290533296, 2.4910733184213254, 2.4918419713630096, 2.4924376358713247, 2.492525738826005, 2.4926733447958416, 2.4931084750067862, 2.493533937164378, 2.493885991380934, 2.4940831939869845, 2.494201534355671, 2.4945027822744965, 2.4948322867341437, 2.495015470752987, 2.4951533741228573, 2.495249769846229, 2.495397054203575, 2.495619855684754, 2.4957482844844234]",75,0.7288286727279938,,-0.8391328128551034,-0.8391328128551008,2.4957482844844234,,0.6239370711211059,,,,13.747094631195068,28.565706968307495,True,14.8205726146698,0.0019490718841552734,0.0,14.8205726146698,Results/warm_start_cache/complete_graphs_2to12vertices_11instances_AdjacencyList__filehash_1c7be33d/hog_idx000003_e862dff8957b_seed42_L2_M2_betaanalytic_instance_amplified.npz,13.755165338516235,2026-09-09 16:36:55,x86_64,dacsgpu0003,,64,64,3.11.15,0.23,False,False,False,True,4,True,False,False,True,adam,True,1,25,hamqaoa,0.05,entangled_king,2,2,42,scs,1e-06,100000,False,False,False,hog,False,False,False,False,False,False,True,1,HOG_graphs/Exp5/complete_graphs_2to12vertices_11instances_AdjacencyList.txt,True,Results/warm_start_cache,512,60,0,16,1,1,0,0,5,0,5,10,42,False,_FINAL_BENCHMARKS_KINGENTANGLED,1,42,3,"[(1, 3), (0, 1), (2, 3), (0, 4), (0, 3), (1, 2), (3, 4), (1, 4), (0, 2), (2, 4)]","[1.0, 1.0, 1.0, 1.0, 1.0, 1.0, 1.0, 1.0, 1.0, 1.0]"
2086e4b4,3,3,5,75.0,False,True,"[1, 1, 1]",,3.000000005981841,1.5000000029909204,0.9389777358761688,,0.9646532714339192,False,analytic_instance,0.0,0.01233762875199318,0.9389777358761686,0.9389777358761693,0.0,0.7462858106680439,"[0.0, 1.2084356759067714, 1.2425623178721323, 1.20103726673797, 1.176544922132669, 1.2284269916665935, 1.2951748735096795, 1.35560893162563, 1.41790778868361, 1.4370473954740588, 1.4132277073074635, 1.4156628865582375, 1.4516758736616315, 1.4691046652670725, 1.4514551023874263, 1.437368419122081, 1.4410892464287364, 1.4531896916506728, 1.464886199795981, 1.4651626361045462, 1.4565587278495398, 1.4588143659043655, 1.4780298593711176, 1.4931808817959442, 1.4884561938378849, 1.4783638144863724, 1.4810856934957917, 1.491074290225787, 1.4943411447600772, 1.4899786647664235, 1.4863054036005383, 1.4873363691771018, 1.490464849329346, 1.4918368347464215, 1.49114565864277, 1.492002082407868, 1.49515708116929, 1.4962498773271922, 1.4948957999784085, 1.4955841065239166, 1.4975038549130717, 1.4970963429577928, 1.4961404341862512, 1.4967105965370193, 1.4973427060835274, 1.4977456799578288, 1.4983052248341133, 1.498019343201651, 1.4976475121228134, 1.4983766106903635, 1.498880058281783, 1.4985163951089817, 1.4983775983009424, 1.498745316291676, 1.4993075803993823, 1.4995675893430314, 1.499183094041551, 1.4990936826131076, 1.4995977045207793, 1.4996091677831451, 1.4992646137733612, 1.4993617980988694, 1.4995748588452016, 1.4995578048233527, 1.4995360094063301, 1.4996477906780616, 1.4997894600046993, 1.4997447477677368, 1.4997216004948368, 1.4999103050776708, 1.4998846914952748, 1.4997158455372448, 1.4998027920270534, 1.4999054384437953, 1.4998510446568574, 1.4998216865366916]",75,0.6259851572507795,,1.1216879013210446,1.121687901321046,1.4998216865366916,,0.9998811243577944,,,,15.122944593429565,15.942847490310669,True,0.8211038112640381,0.0011873245239257812,0.0,0.8211038112640381,Results/warm_start_cache/complete_graphs_2to12vertices_11instances_AdjacencyList__filehash_1c7be33d/hog_idx000001_ef04306f2d85_seed42_L2_M2_betaanalytic_instance_amplified.npz,15.129475116729736,2026-09-09 16:36:56,x86_64,dacsgpu0003,,64,64,3.11.15,0.24,False,False,False,True,2,True,False,True,True,adam,True,1,25,hamqaoa,0.05,entangled_king,2,2,42,scs,1e-06,100000,False,False,False,hog,False,False,False,False,False,False,True,1,HOG_graphs/Exp5/complete_graphs_2to12vertices_11instances_AdjacencyList.txt,True,Results/warm_start_cache,512,60,0,16,1,1,0,0,5,0,5,10,42,False,_FINAL_BENCHMARKS_KINGENTANGLED,1,42,1,"[(1, 2), (0, 1), (0, 2)]","[1.0, 1.0, 1.0]"
2dedaf75,10,45,1,75.0,False,True,"[1, 1, 1]",,29.999999997262744,14.999999998631372,12.380832391276645,,12.312348098794898,False,analytic_instance,0.0,0.040618970058858395,12.380832391276643,12.380832391276657,-1.6083055026649973e-15,11.58080947191723,"[-1.6083055026649973e-15, 12.310144611328857, 12.413501295184844, 12.689248550421736, 12.753334000925737, 12.733867942800103, 12.83696379539304, 13.053536453176786, 13.281893281219896, 13.441968360048739, 13.508577190899175, 13.501784375771548, 13.461555201970487, 13.425688162221537, 13.417550758621793, 13.44192838126352, 13.486676593852073, 13.530194332684074, 13.552726132847306, 13.546448166658317, 13.519110488982323, 13.48917338151143, 13.47536018919373, 13.486796263382708, 13.519232669342653, 13.558698612772298, 13.58964677505692, 13.602870357352614, 13.599152941566485, 13.586957435703521, 13.576377469568117, 13.573733384821391, 13.579596898258844, 13.590020088431487, 13.599307579068151, 13.603076365411638, 13.60053188410657, 13.594827367501283, 13.590961966039705, 13.592376484389922, 13.598749869700798, 13.606632385769482, 13.61209878459784, 13.613292015549453, 13.611142073517705, 13.608195474072854, 13.606729066212495, 13.607508013106914, 13.609739470346172, 13.611939764836166, 13.612977024259726, 13.612689698070678, 13.611832069678904, 13.611443212026426, 13.612088865229632, 13.613507373488794, 13.61489338507708, 13.615542467582936, 13.615313710372241, 13.614635457587717, 13.614124739439717, 13.61415647363826, 13.614678165314606, 13.615322180748825, 13.615711180064235, 13.61572072619455, 13.61552993379087, 13.615437184041134, 13.615601612747902, 13.615932472624966, 13.616201288055171, 13.616243972718802, 13.616085016290967, 13.615900803957645, 13.615867049146733, 13.616023870731086]",75,0.8253888260851104,,2.470382958908857,2.4703829589088855,13.616023870731086,,0.9077349247154057,,,,9.688953161239624,3182.3493795394897,True,3172.6663472652435,0.0059070587158203125,0.0,3172.6663472652435,Results/warm_start_cache/complete_graphs_2to12vertices_11instances_AdjacencyList__filehash_1c7be33d/hog_idx000008_26e838c55cf9_seed42_L2_M2_betaanalytic_instance_amplified.npz,9.696232080459595,2026-09-09 16:37:03,x86_64,dacsgpu0003,,64,64,3.11.15,0.23,False,False,False,True,9,True,False,False,False,adam,True,1,25,hamqaoa,0.05,entangled_king,2,2,42,scs,1e-06,100000,False,False,False,hog,False,False,False,False,False,False,True,1,HOG_graphs/Exp5/complete_graphs_2to12vertices_11instances_AdjacencyList.txt,True,Results/warm_start_cache,512,60,0,16,1,1,0,0,5,0,5,10,42,False,_FINAL_BENCHMARKS_KINGENTANGLED,1,42,8,"[(2, 3), (3, 8), (2, 6), (3, 5), (2, 9), (4, 6), (4, 9), (7, 8), (0, 5), (1, 4), (0, 2), (0, 8), (1, 7), (6, 9), (5, 7), (3, 4), (2, 8), (4, 5), (3, 7), (2, 5), (4, 8), (8, 9), (1, 3), (0, 1), (1, 6), (0, 4), (1, 9), (0, 7), (6, 8), (5, 6), (5, 9), (3, 6), (2, 4), (3, 9), (2, 7), (4, 7), (7, 9), (0, 3), (1, 2), (1, 8), (0, 6), (1, 5), (0, 9), (5, 8), (6, 7)]","[1.0, 1.0, 1.0, 1.0, 1.0, 1.0, 1.0, 1.0, 1.0, 1.0, 1.0, 1.0, 1.0, 1.0, 1.0, 1.0, 1.0, 1.0, 1.0, 1.0, 1.0, 1.0, 1.0, 1.0, 1.0, 1.0, 1.0, 1.0, 1.0, 1.0, 1.0, 1.0, 1.0, 1.0, 1.0, 1.0, 1.0, 1.0, 1.0, 1.0, 1.0, 1.0, 1.0, 1.0, 1.0]"
0e8be4ac,8,28,2,75.0,False,True,"[1, 1, 1]",,19.999999982299197,9.999999991149599,7.882350017091202,,7.850570131407092,False,analytic_instance,0.0,0.02906671492382884,7.882350017091201,7.882350017091204,-1.5525775109992423e-15,7.474936362399093,"[-1.5525775109992423e-15, 8.168662184798935, 8.36719911363568, 8.462483935721213, 8.437582887763801, 8.429454555721357, 8.543361300699056, 8.725474767629446, 8.838813511677902, 8.838113914374864, 8.774788502513141, 8.71125763306279, 8.716571418367227, 8.768837288189443, 8.824993762574808, 8.85984198424346, 8.862081416158558, 8.852192867006554, 8.830559946388936, 8.819142979277956, 8.834072825827237, 8.858752850078377, 8.883056019619227, 8.89779298243281, 8.898880466970613, 8.899067434642314, 8.897215277730464, 8.889909963752931, 8.884805693721788, 8.883340294269573, 8.88737810905813, 8.893862598131314, 8.895554443126494, 8.895890356647408, 8.897037643426394, 8.89683217736028, 8.896343108032118, 8.89542669480509, 8.897045473841285, 8.901580177675124, 8.90491155657144, 8.907833384709086, 8.909955031497782, 8.912301701189065, 8.914061581540839, 8.915231731750623, 8.917529417630114, 8.92007243914344, 8.922155773732626, 8.92210374563996, 8.921557350359262, 8.921072249689683, 8.921534383623346, 8.922715751934026, 8.92484910269465, 8.927200016319254, 8.928495973357101, 8.928892599450068, 8.928676280242431, 8.928868377793682, 8.929202107184725, 8.929622839862365, 8.930522067049315, 8.93158390425082, 8.932638095659, 8.933592359107758, 8.93415124113354, 8.934302218006483, 8.934373111747664, 8.934765010365108, 8.935609849282942, 8.93655880880884, 8.937201822426617, 8.937482179188642, 8.937671846425499, 8.937980689867082]",75,0.7882350017091204,,2.111261345551757,2.111261345551762,8.937980689867082,,0.8937980689867082,,,,16.407066106796265,536.7257933616638,True,520.3224198818207,0.0036802291870117188,0.0,520.3224198818207,Results/warm_start_cache/complete_graphs_2to12vertices_11instances_AdjacencyList__filehash_1c7be33d/hog_idx000006_e45aa177ddd9_seed42_L2_M2_betaanalytic_instance_amplified.npz,16.41531467437744,2026-09-09 16:37:04,x86_64,dacsgpu0003,,64,64,3.11.15,0.24,False,False,False,True,7,True,False,False,False,adam,True,1,25,hamqaoa,0.05,entangled_king,2,2,42,scs,1e-06,100000,False,False,False,hog,False,False,False,False,False,False,True,1,HOG_graphs/Exp5/complete_graphs_2to12vertices_11instances_AdjacencyList.txt,True,Results/warm_start_cache,512,60,0,16,1,1,0,0,5,0,5,10,42,False,_FINAL_BENCHMARKS_KINGENTANGLED,1,42,6,"[(2, 3), (2, 6), (3, 5), (4, 6), (0, 5), (1, 4), (0, 2), (1, 7), (5, 7), (3, 4), (4, 5), (3, 7), (2, 5), (1, 3), (0, 1), (1, 6), (0, 4), (0, 7), (5, 6), (3, 6), (2, 4), (2, 7), (4, 7), (0, 3), (1, 2), (0, 6), (1, 5), (6, 7)]","[1.0, 1.0, 1.0, 1.0, 1.0, 1.0, 1.0, 1.0, 1.0, 1.0, 1.0, 1.0, 1.0, 1.0, 1.0, 1.0, 1.0, 1.0, 1.0, 1.0, 1.0, 1.0, 1.0, 1.0, 1.0, 1.0, 1.0, 1.0]"
323d55bc,5,10,4,75.0,False,True,"[1, 1, 1]",,8.75000015153035,4.375000075765175,2.9153146909119743,,3.0339008346134344,False,analytic_instance,0.0,0.014888036996126175,2.915314690911974,2.915314690911975,1.6653345369377348e-16,1.7481542477224314,"[1.6653345369377348e-16, 2.2484113501799983, 2.282240137879824, 2.3286716641062175, 2.2435231500994126, 2.246343833581323, 2.3571755998246, 2.375468259739154, 2.3647079851078785, 2.410794212323677, 2.4398295750981958, 2.4345324819565226, 2.441702387024098, 2.4483916737851454, 2.4484591302052117, 2.459816147258151, 2.4715522158037952, 2.4614878774140307, 2.460201833014001, 2.476346200780723, 2.4732283986410675, 2.4611190535743632, 2.4672731899171474, 2.4749802516537196, 2.47414829039203, 2.4794909165475056, 2.4840554949092937, 2.480805164519309, 2.4820938083337545, 2.4860999592150907, 2.4818718699209414, 2.478543502100376, 2.4837305873167153, 2.486776954495345, 2.4862891303071755, 2.4875327570385304, 2.488157569499631, 2.488540362881867, 2.489056719291634, 2.4869830085802853, 2.48722877227302, 2.4905264138401084, 2.490612747277329, 2.489883957821977, 2.490604490354632, 2.4903508035856823, 2.490421682693489, 2.4905302743554443, 2.490379436638602, 2.491881885437458, 2.4922874099157224, 2.49134650574306, 2.4918419424489873, 2.4920623206022072, 2.491975865247628, 2.4923936681344525, 2.4925744915808923, 2.4930375696241347, 2.4929295929009156, 2.4926320751629625, 2.493153647315139, 2.4932555241142467, 2.4932932803941648, 2.493525865383991, 2.4935755584924184, 2.4937122273273196, 2.4936488019199974, 2.493867639332156, 2.494083138040256, 2.493992000006036, 2.494146387395757, 2.494253492048388, 2.4943548191773552, 2.4943966971901292, 2.4944529709464334, 2.4945631914626625]",75,0.7288286727279938,,-0.8415029988986253,-0.8415029988986227,2.4945631914626625,,0.6236407978656656,,,,22.63243293762207,37.45111107826233,True,14.8205726146698,0.0018818378448486328,0.0,14.8205726146698,Results/warm_start_cache/complete_graphs_2to12vertices_11instances_AdjacencyList__filehash_1c7be33d/hog_idx000003_e862dff8957b_seed42_L2_M2_betaanalytic_instance_amplified.npz,22.638853311538696,2026-09-09 16:37:04,x86_64,dacsgpu0003,,64,64,3.11.15,0.24,False,False,False,True,4,True,False,False,True,adam,True,1,25,hamqaoa,0.05,entangled_king,2,2,42,scs,1e-06,100000,False,False,False,hog,False,False,False,False,False,False,True,1,HOG_graphs/Exp5/complete_graphs_2to12vertices_11instances_AdjacencyList.txt,True,Results/warm_start_cache,512,60,0,16,1,1,0,0,5,0,5,10,42,False,_FINAL_BENCHMARKS_KINGENTANGLED,1,42,3,"[(1, 3), (0, 1), (2, 3), (0, 4), (0, 3), (1, 2), (3, 4), (1, 4), (0, 2), (2, 4)]","[1.0, 1.0, 1.0, 1.0, 1.0, 1.0, 1.0, 1.0, 1.0, 1.0]"
0c5e403a,7,21,4,75.0,False,True,"[1, 1, 1]",,15.749999998544668,7.874999999272334,5.794692454174998,,5.994804848505982,False,analytic_instance,0.0,0.025274091865867376,5.794692454174999,5.794692454175004,3.552713678800501e-15,3.954896848890383,"[3.552713678800501e-15, 5.856028616308537, 6.289919609128785, 6.62828094091254, 6.476835328930864, 6.45972782450718, 6.6125711255730275, 6.835541441953576, 7.007415258883726, 7.060847510183092, 7.008397274262257, 6.941404922528116, 6.92819538808971, 6.967563003730048, 7.029261164097346, 7.085943524466759, 7.132193082713269, 7.165793648381872, 7.161077186754332, 7.139928283376923, 7.167369493089439, 7.2066239569454416, 7.220829712305736, 7.226322247945023, 7.227051673755454, 7.222684998538218, 7.219627920716536, 7.224933263413657, 7.2409351113259905, 7.258445014066467, 7.268092017349217, 7.271178545018332, 7.267716682879572, 7.261164270834474, 7.2671919130709846, 7.285491410883498, 7.2993181236087326, 7.308239245085419, 7.315887195095685, 7.316692381946803, 7.3143165501827205, 7.315609350641117, 7.319297263785106, 7.323923688016606, 7.32632672549654, 7.325313540814999, 7.326205308501705, 7.326486097876806, 7.325836807898567, 7.327361632635861, 7.328783503229629, 7.329765163281592, 7.329875234580463, 7.330504714108546, 7.332263267010285, 7.3327137610926725, 7.3338231655592905, 7.335862190711648, 7.3366704897697685, 7.336618448765574, 7.335876206144972, 7.335350155098517, 7.335298910329338, 7.335841153491185, 7.337243252974248, 7.337736125752493, 7.337301025304764, 7.336902035729149, 7.336886203631681, 7.337256265169887, 7.337609632800074, 7.338016587055836, 7.33792660700413, 7.338008563254264, 7.338466592050391, 7.338852442775922]",75,0.7726256605566671,,3.088319977201836,3.088319977201845,7.338852442775922,,0.9785136590367896,,,,40.13438129425049,221.6507556438446,True,181.51935482025146,0.0029675960540771484,0.0,181.51935482025146,Results/warm_start_cache/complete_graphs_2to12vertices_11instances_AdjacencyList__filehash_1c7be33d/hog_idx000005_527d3402612a_seed42_L2_M2_betaanalytic_instance_amplified.npz,40.143301248550415,2026-09-09 16:37:09,x86_64,dacsgpu0003,,64,64,3.11.15,0.25,False,False,False,True,6,True,False,False,True,adam,True,1,25,hamqaoa,0.05,entangled_king,2,2,42,scs,1e-06,100000,False,False,False,hog,False,False,False,False,False,False,True,1,HOG_graphs/Exp5/complete_graphs_2to12vertices_11instances_AdjacencyList.txt,True,Results/warm_start_cache,512,60,0,16,1,1,0,0,5,0,5,10,42,False,_FINAL_BENCHMARKS_KINGENTANGLED,1,42,5,"[(2, 3), (2, 6), (3, 5), (4, 6), (0, 5), (1, 4), (0, 2), (3, 4), (4, 5), (2, 5), (1, 3), (0, 1), (1, 6), (0, 4), (5, 6), (3, 6), (2, 4), (0, 3), (1, 2), (0, 6), (1, 5)]","[1.0, 1.0, 1.0, 1.0, 1.0, 1.0, 1.0, 1.0, 1.0, 1.0, 1.0, 1.0, 1.0, 1.0, 1.0, 1.0, 1.0, 1.0, 1.0, 1.0, 1.0]"
11c3a239,9,36,3,75.0,False,True,"[1, 1, 1]",,24.749999989227938,12.374999994613969,10.082436937469787,,9.956429282995435,False,analytic_instance,0.0,0.04190879873931408,10.082436937469792,10.082436937469792,-1.2225463696946548e-15,8.85187791375529,"[-1.2225463696946548e-15, 9.860848306317255, 9.636952940275622, 9.627154958361809, 9.928357571929022, 10.159116162869802, 10.18404967278147, 10.192484514224471, 10.284678679522429, 10.543520502975937, 10.73420923808912, 10.767388770196096, 10.74374437711286, 10.76887513505222, 10.835645246674366, 10.868713415415328, 10.82724224408528, 10.780586842896852, 10.813550913402024, 10.863013684831175, 10.883661426163773, 10.906083414288346, 10.92221081563603, 10.92623732896131, 10.927235437835009, 10.92972561540757, 10.937580505290002, 10.945292944474318, 10.943500808830617, 10.934830916575198, 10.932970317910533, 10.947201951611094, 10.970826813659146, 10.98808944822544, 10.990116188323677, 10.97972781360616, 10.96705794455662, 10.962017490544376, 10.966318706549542, 10.976324065072054, 10.986289403665229, 10.990814563284644, 10.99085928051013, 10.990732414436202, 10.992161056407301, 10.994127598614327, 10.995173004994886, 10.99579605611922, 10.997900022249736, 11.001412876883842, 11.004217829039833, 11.005635573750343, 11.00691508791354, 11.009698849428219, 11.014253670317306, 11.018720452290031, 11.021697760493149, 11.023443908609881, 11.025517714309748, 11.02919300405551, 11.034019417199602, 11.039053293118263, 11.04383200405373, 11.049058031981833, 11.055267615273069, 11.062058160802959, 11.068572742178521, 11.074730269715383, 11.080504235975457, 11.086170948519301, 11.090775181428851, 11.092941263878947, 11.092826831800332, 11.090722035282825, 11.086872676080276, 11.083177655541096]",75,0.8402030781224826,,2.0014814361426083,2.0014814361426083,11.083177655541096,,0.923598137961758,,,,41.06917715072632,1394.0317859649658,True,1352.9722836017609,0.009663581848144531,0.0,1352.9722836017609,Results/warm_start_cache/complete_graphs_2to12vertices_11instances_AdjacencyList__filehash_1c7be33d/hog_idx000007_f440659d5155_seed42_L2_M2_betaanalytic_instance_amplified.npz,41.078190088272095,2026-09-09 16:37:10,x86_64,dacsgpu0003,,64,64,3.11.15,0.25,False,False,False,True,8,True,False,False,True,adam,True,1,25,hamqaoa,0.05,entangled_king,2,2,42,scs,1e-06,100000,False,False,False,hog,False,False,False,False,False,False,True,1,HOG_graphs/Exp5/complete_graphs_2to12vertices_11instances_AdjacencyList.txt,True,Results/warm_start_cache,512,60,0,16,1,1,0,0,5,0,5,10,42,False,_FINAL_BENCHMARKS_KINGENTANGLED,1,42,7,"[(2, 3), (3, 8), (2, 6), (3, 5), (4, 6), (7, 8), (0, 5), (1, 4), (0, 2), (0, 8), (1, 7), (5, 7), (3, 4), (2, 8), (4, 5), (3, 7), (2, 5), (4, 8), (1, 3), (0, 1), (1, 6), (0, 4), (0, 7), (6, 8), (5, 6), (3, 6), (2, 4), (2, 7), (4, 7), (0, 3), (1, 2), (1, 8), (0, 6), (1, 5), (5, 8), (6, 7)]","[1.0, 1.0, 1.0, 1.0, 1.0, 1.0, 1.0, 1.0, 1.0, 1.0, 1.0, 1.0, 1.0, 1.0, 1.0, 1.0, 1.0, 1.0, 1.0, 1.0, 1.0, 1.0, 1.0, 1.0, 1.0, 1.0, 1.0, 1.0, 1.0, 1.0, 1.0, 1.0, 1.0, 1.0, 1.0, 1.0]"
c4294ab7,4,6,1,75.0,False,True,"[1, 1, 1]",,5.999997097891024,2.999998548945512,1.9844832326267912,,1.9293061154898568,False,analytic_instance,0.0,0.012679183389991522,1.9844832326267907,1.9844832326267914,2.7755575615628914e-16,1.703673690342407,"[2.7755575615628914e-16, 1.8087799709026513, 1.815695957739271, 1.8071180411549366, 1.814953450366739, 1.8283737553083856, 1.837074706288709, 1.8369749464756229, 1.8308510064363746, 1.8251416143003747, 1.823996794069013, 1.8274276681263337, 1.8331609437546423, 1.8387539282376801, 1.8427997127078006, 1.844966638219216, 1.8453262366746348, 1.8441795954096578, 1.8423666843567452, 1.8410126262942086, 1.8408524707150127, 1.8419424310575871, 1.8437666717939085, 1.8455343913072992, 1.8466270123007698, 1.8469137219485048, 1.846698194544862, 1.8464238043365546, 1.8463655706746456, 1.8464935785129175, 1.8466088684267186, 1.846607108502369, 1.846608830004529, 1.8468508176644625, 1.8474317885127585, 1.8481382250212444, 1.848559198819788, 1.8484343083420796, 1.847911142039083, 1.8474425419437157, 1.847403719726471, 1.8477922925852792, 1.8482819845227842, 1.848543608635526, 1.848512800798369, 1.8483755225175833, 1.848332729087197, 1.8484073277416748, 1.848474745233211, 1.8484433805547915, 1.8483673862559478, 1.848374770019288, 1.848509933604614, 1.8486771380570188, 1.8487432511631068, 1.848676070023455, 1.8485664953788643, 1.8485237310766565, 1.8485709777909676, 1.8486481499077905, 1.848693635425823, 1.848700381329032, 1.848696601303166, 1.8486983387219298, 1.8486978787903314, 1.848688673165947, 1.8486813327857894, 1.848689581735571, 1.8487114171616752, 1.8487320486557193, 1.8487407677544323, 1.8487380309691366, 1.8487295298555895, 1.8487211095051312, 1.8487190419124888, 1.8487275657975828]",75,0.6614944108755971,,-0.2715113336584172,-0.27151133365841584,1.8487275657975828,,0.6162425219325276,,,,2.9261035919189453,6.374985694885254,True,3.4506943225860596,0.001800537109375,0.0,3.4506943225860596,Results/warm_start_cache/complete_graphs_2to12vertices_11instances_AdjacencyList__filehash_1c7be33d/hog_idx000002_488e446e6a19_seed42_L2_M2_betaanalytic_instance_amplified.npz,2.932537794113159,2026-09-09 16:37:12,x86_64,dacsgpu0003,,64,64,3.11.15,0.22,False,True,False,True,3,True,False,True,False,adam,True,1,25,hamqaoa,0.05,entangled_king,2,2,42,scs,1e-06,100000,False,False,False,hog,False,False,False,False,False,False,True,1,HOG_graphs/Exp5/complete_graphs_2to12vertices_11instances_AdjacencyList.txt,True,Results/warm_start_cache,512,60,0,16,1,1,0,0,5,0,5,10,42,False,_FINAL_BENCHMARKS_KINGENTANGLED,1,42,2,"[(1, 3), (0, 1), (2, 3), (0, 3), (1, 2), (0, 2)]","[1.0, 1.0, 1.0, 1.0, 1.0, 1.0]"
ffb32a74,5,10,5,75.0,False,True,"[1, 1, 1]",,8.75000015153035,4.375000075765175,2.9153146909119743,,3.0339008346134344,False,analytic_instance,0.0,0.014888036996126175,2.915314690911974,2.915314690911975,1.6653345369377348e-16,1.1100824425372173,"[1.6653345369377348e-16, 1.9825755694108664, 1.9014990198831188, 2.080133326165119, 2.2648974184154476, 2.27775385739509, 2.2771064794537876, 2.34187467235489, 2.4026309496881932, 2.4129556753719683, 2.3938607358365087, 2.368595472614383, 2.361134914488777, 2.3918529725891644, 2.429589057550683, 2.4408845050265944, 2.4304415071085224, 2.4235872677302885, 2.436772189296872, 2.4590710124731063, 2.4730075737368846, 2.476106845184402, 2.4733642198886727, 2.4687902276569518, 2.464814529012244, 2.4644561727203493, 2.4696702990303043, 2.4768777670579922, 2.481565710502323, 2.483693168356374, 2.485762168818959, 2.4865608574952116, 2.4850562242421623, 2.485584798868303, 2.4893260808073547, 2.49121094854174, 2.4907266300193727, 2.49234662812251, 2.495409068545229, 2.495744415551794, 2.4940849312175417, 2.493835192729314, 2.4948649081766288, 2.495134647195631, 2.495070936168532, 2.4962803297678198, 2.498028136268672, 2.498420660639985, 2.4976636254553495, 2.4972732925874483, 2.4974720347727613, 2.4979027313681454, 2.498657999895573, 2.4992881818702597, 2.4992136181686684, 2.4988558859603707, 2.4988095316281806, 2.498956394929835, 2.499076143109142, 2.4992705029492823, 2.4994677381907593, 2.4994518123358804, 2.499389276455221, 2.4995336023646075, 2.4996896080534556, 2.499608915277507, 2.499535940356372, 2.499665086065606, 2.4997183599311117, 2.499633254940202, 2.4996873291363677, 2.499829417877211, 2.4998213959753244, 2.499757090261152, 2.4997905790770028, 2.4998246384707117]",75,0.7288286727279938,,-0.8309801048825269,-0.8309801048825243,2.4998246384707117,,0.6249561596176779,,,,32.72625255584717,47.545167207717896,True,14.8205726146698,0.0016443729400634766,0.0,14.8205726146698,Results/warm_start_cache/complete_graphs_2to12vertices_11instances_AdjacencyList__filehash_1c7be33d/hog_idx000003_e862dff8957b_seed42_L2_M2_betaanalytic_instance_amplified.npz,32.73828721046448,2026-09-09 16:37:14,x86_64,dacsgpu0003,,64,64,3.11.15,0.25,False,False,False,True,4,True,False,False,True,adam,True,1,25,hamqaoa,0.05,entangled_king,2,2,42,scs,1e-06,100000,False,False,False,hog,False,False,False,False,False,False,True,1,HOG_graphs/Exp5/complete_graphs_2to12vertices_11instances_AdjacencyList.txt,True,Results/warm_start_cache,512,60,0,16,1,1,0,0,5,0,5,10,42,False,_FINAL_BENCHMARKS_KINGENTANGLED,1,42,3,"[(1, 3), (0, 1), (2, 3), (0, 4), (0, 3), (1, 2), (3, 4), (1, 4), (0, 2), (2, 4)]","[1.0, 1.0, 1.0, 1.0, 1.0, 1.0, 1.0, 1.0, 1.0, 1.0]"
e7a49ee8,4,6,2,75.0,False,True,"[1, 1, 1]",,5.999997097891024,2.999998548945512,1.9844832326267912,,1.9293061154898568,False,analytic_instance,0.0,0.012679183389991522,1.9844832326267907,1.9844832326267914,2.7755575615628914e-16,1.274342325249363,"[2.7755575615628914e-16, 1.7304180561388116, 1.9037221387633512, 1.829442398385741, 1.7633405993623168, 1.7921588139731646, 1.8766945338323562, 1.949299780878947, 1.9717333331413394, 1.9525616742831817, 1.924779800540522, 1.9162159103293366, 1.9325800202676289, 1.961521917154396, 1.9835725832850637, 1.9852575622453164, 1.9697849688137739, 1.9541037830609413, 1.9523485557823568, 1.9641372305676452, 1.9784949276563712, 1.985343430624862, 1.9828977368389171, 1.976669798528516, 1.9736209254686883, 1.977100525520738, 1.985272331447673, 1.9928860076572135, 1.9953566761458896, 1.992618620428975, 1.9890210605427423, 1.9888946074554472, 1.9924698310451991, 1.9962803299212848, 1.9970785803719078, 1.9948961352518089, 1.9924076676731286, 1.9920302413794064, 1.9939199790425284, 1.9962757842095535, 1.997203155029016, 1.9964071037972568, 1.9952559433351182, 1.9952681474715899, 1.9966310427971805, 1.9982137176039407, 1.9988281406512436, 1.9983136818627636, 1.9975080940586951, 1.9973518467712288, 1.9980319112207088, 1.9988873106249503, 1.9991159888360408, 1.998615292740858, 1.9980691949723213, 1.9981534456357983, 1.9987931012969458, 1.9993378654852694, 1.9993591966855093, 1.999076938855326, 1.9989894606051821, 1.9992668280886585, 1.9996317325842081, 1.999754653195534, 1.9996184542368043, 1.999468627064157, 1.999499075576703, 1.9996662607662583, 1.9997942205313934, 1.9997942027908728, 1.9997426219481815, 1.9997599991860908, 1.9998601514584224, 1.9999489656495295, 1.9999532084342424, 1.9999033392186438]",75,0.6614944108755971,,0.03084021318370489,0.030840213183706222,1.9999033392186438,,0.6666344464062146,,,,5.6374523639678955,9.086629867553711,True,3.4506943225860596,0.0015044212341308594,0.0,3.4506943225860596,Results/warm_start_cache/complete_graphs_2to12vertices_11instances_AdjacencyList__filehash_1c7be33d/hog_idx000002_488e446e6a19_seed42_L2_M2_betaanalytic_instance_amplified.npz,5.648591756820679,2026-09-09 16:37:15,x86_64,dacsgpu0003,,64,64,3.11.15,0.22,False,True,False,True,3,True,False,True,False,adam,True,1,25,hamqaoa,0.05,entangled_king,2,2,42,scs,1e-06,100000,False,False,False,hog,False,False,False,False,False,False,True,1,HOG_graphs/Exp5/complete_graphs_2to12vertices_11instances_AdjacencyList.txt,True,Results/warm_start_cache,512,60,0,16,1,1,0,0,5,0,5,10,42,False,_FINAL_BENCHMARKS_KINGENTANGLED,1,42,2,"[(1, 3), (0, 1), (2, 3), (0, 3), (1, 2), (0, 2)]","[1.0, 1.0, 1.0, 1.0, 1.0, 1.0]"
32e786fd,8,28,3,75.0,False,True,"[1, 1, 1]",,19.999999982299197,9.999999991149599,7.882350017091202,,7.850570131407092,False,analytic_instance,0.0,0.02906671492382884,7.882350017091201,7.882350017091204,-1.5525775109992423e-15,7.2571664219335315,"[-1.5525775109992423e-15, 8.247529690961558, 8.790522011327813, 8.821547665332565, 8.700837697432114, 8.628277060194959, 8.683287602368413, 8.780662536362243, 8.866892672639901, 8.929937735800264, 8.954319664849377, 8.955029135991463, 8.963750340400715, 8.97157313142574, 8.958012387394685, 8.94959080827428, 8.968485875357944, 8.999225068914846, 9.022280136256375, 9.035355040824848, 9.052779373698081, 9.067098644789843, 9.06458318434231, 9.055970840904386, 9.051749643663957, 9.053592228831622, 9.057474291375161, 9.05527867483872, 9.05374272610611, 9.05761588453857, 9.058845247009218, 9.057381227923743, 9.058277702011772, 9.06429246233346, 9.072185221634065, 9.075106619349057, 9.07672771175942, 9.080793127240643, 9.083550939761354, 9.083563372968618, 9.082808748394202, 9.08472180134938, 9.087261780517272, 9.087863311230612, 9.089230219997685, 9.091713939631735, 9.093478350367468, 9.09416511859246, 9.096272869736433, 9.099013903821774, 9.10031714039085, 9.102320376693063, 9.105243984941492, 9.108079843600413, 9.111969456330078, 9.118341340970929, 9.12654889755903, 9.137338292150083, 9.153317662445499, 9.175809686621562, 9.207724646742676, 9.252953315921456, 9.312640203045612, 9.384242164168604, 9.462124819855992, 9.537845608499289, 9.60172832832119, 9.642204180259741, 9.652613049228455, 9.641119321501616, 9.620893364057826, 9.601280601600083, 9.59339229131004, 9.606939458734722, 9.630315973903244, 9.642425475743629]",75,0.7882350017091204,,3.52015091730485,3.5201509173048553,9.642425475743629,,0.9642425475743629,,,,30.62353253364563,550.9419293403625,True,520.3224198818207,0.0040094852447509766,0.0,520.3224198818207,Results/warm_start_cache/complete_graphs_2to12vertices_11instances_AdjacencyList__filehash_1c7be33d/hog_idx000006_e45aa177ddd9_seed42_L2_M2_betaanalytic_instance_amplified.npz,30.63108539581299,2026-09-09 16:37:18,x86_64,dacsgpu0003,,64,64,3.11.15,0.25,False,False,False,True,7,True,False,False,False,adam,True,1,25,hamqaoa,0.05,entangled_king,2,2,42,scs,1e-06,100000,False,False,False,hog,False,False,False,False,False,False,True,1,HOG_graphs/Exp5/complete_graphs_2to12vertices_11instances_AdjacencyList.txt,True,Results/warm_start_cache,512,60,0,16,1,1,0,0,5,0,5,10,42,False,_FINAL_BENCHMARKS_KINGENTANGLED,1,42,6,"[(2, 3), (2, 6), (3, 5), (4, 6), (0, 5), (1, 4), (0, 2), (1, 7), (5, 7), (3, 4), (4, 5), (3, 7), (2, 5), (1, 3), (0, 1), (1, 6), (0, 4), (0, 7), (5, 6), (3, 6), (2, 4), (2, 7), (4, 7), (0, 3), (1, 2), (0, 6), (1, 5), (6, 7)]","[1.0, 1.0, 1.0, 1.0, 1.0, 1.0, 1.0, 1.0, 1.0, 1.0, 1.0, 1.0, 1.0, 1.0, 1.0, 1.0, 1.0, 1.0, 1.0, 1.0, 1.0, 1.0, 1.0, 1.0, 1.0, 1.0, 1.0, 1.0]"
b5acb120,6,15,1,75.0,False,True,"[1, 1, 1]",,12.000000017305183,6.0000000086525915,4.329547988603966,,4.389199614559301,False,analytic_instance,0.0,0.018815304152667522,4.32954798860397,4.329547988603967,2.220446049250313e-16,4.465937424826692,"[2.220446049250313e-16, 4.911477092598066, 5.099435705469663, 5.0744033933568025, 5.020038730098651, 5.020515539875495, 5.048649086145748, 5.076553968182666, 5.098295573526685, 5.1167937430998105, 5.130015897214622, 5.132678443185723, 5.123518197591971, 5.108145506511318, 5.0965589069871085, 5.097169584800659, 5.1115158399792024, 5.133829828400131, 5.1549134047706335, 5.167182207640689, 5.168281205327031, 5.161449714643888, 5.152691233417117, 5.147141436460705, 5.146902992933381, 5.150994252275995, 5.156817636927877, 5.161836731132277, 5.164524898531507, 5.164648466064289, 5.163159027191011, 5.1616833961118, 5.16170773712716, 5.1637602960257, 5.166988713090212, 5.169601636814868, 5.170100223669337, 5.168417701478525, 5.166002024730028, 5.164715881815489, 5.165464574243419, 5.167671531942078, 5.169910319126718, 5.17103702043003, 5.170880130511719, 5.170071305258641, 5.169377828313371, 5.169194394033303, 5.169488988677613, 5.1700160130609785, 5.170501038140107, 5.170732097581542, 5.170648788205982, 5.170415286179937, 5.170336160494134, 5.170599351731191, 5.171073832888592, 5.171405228672493, 5.171352492433142, 5.171019393257338, 5.170738053314199, 5.17074428500087, 5.170992387777888, 5.171263807272351, 5.171396037760854, 5.171383702116798, 5.171310886616879, 5.171253836231364, 5.171250068867727, 5.171302948629649, 5.171377338185512, 5.171413529661332, 5.171383302476653, 5.171331668467123, 5.171334367317343, 5.171408582987127]",75,0.7215913314339946,,1.6837211887663184,1.683721188766313,5.171408582987127,,0.8619014304978544,,,,4.057220220565796,59.69537544250488,True,55.640621185302734,0.0024530887603759766,0.0,55.640621185302734,Results/warm_start_cache/complete_graphs_2to12vertices_11instances_AdjacencyList__filehash_1c7be33d/hog_idx000004_3fc9dba75719_seed42_L2_M2_betaanalytic_instance_amplified.npz,4.080408334732056,2026-09-09 16:37:20,x86_64,dacsgpu0003,,64,64,3.11.15,0.22,False,False,False,True,5,True,False,False,False,adam,True,1,25,hamqaoa,0.05,entangled_king,2,2,42,scs,1e-06,100000,False,False,False,hog,False,False,False,False,False,False,True,1,HOG_graphs/Exp5/complete_graphs_2to12vertices_11instances_AdjacencyList.txt,True,Results/warm_start_cache,512,60,0,16,1,1,0,0,5,0,5,10,42,False,_FINAL_BENCHMARKS_KINGENTANGLED,1,42,4,"[(1, 3), (0, 1), (2, 3), (0, 4), (3, 5), (0, 3), (1, 2), (3, 4), (1, 5), (4, 5), (2, 5), (0, 5), (1, 4), (0, 2), (2, 4)]","[1.0, 1.0, 1.0, 1.0, 1.0, 1.0, 1.0, 1.0, 1.0, 1.0, 1.0, 1.0, 1.0, 1.0, 1.0]"
a674f87a,4,6,3,75.0,False,True,"[1, 1, 1]",,5.999997097891024,2.999998548945512,1.9844832326267912,,1.9293061154898568,False,analytic_instance,0.0,0.012679183389991522,1.9844832326267907,1.9844832326267914,2.7755575615628914e-16,1.5452114098768832,"[2.7755575615628914e-16, 1.7844360686649285, 1.851542232007363, 1.8606158650548326, 1.8757735178763608, 1.8792819959152154, 1.8801722391126536, 1.8980152127033287, 1.9325206281055474, 1.9550009832957755, 1.9529014318632958, 1.9519351157352005, 1.9656463383452887, 1.9785381189672033, 1.9793670239346484, 1.9783830067144526, 1.9815956772091587, 1.9841243708256882, 1.981477028715148, 1.975968478899607, 1.9742512971310073, 1.978759049127073, 1.9850129153864327, 1.9891193630565431, 1.992122812274833, 1.9956215159211121, 1.9976084100317149, 1.995673380001217, 1.99179714232255, 1.9900635245960125, 1.991165460267101, 1.992565866403918, 1.993131519023002, 1.9942536312978794, 1.996378823094494, 1.9977507032154778, 1.9976121260828974, 1.9975609989629375, 1.9984004335894754, 1.9986793141025463, 1.9977335172991544, 1.9971029517504284, 1.9976618703159696, 1.9982634874324676, 1.9982671952639024, 1.998556752306279, 1.9992737496777133, 1.999422628399071, 1.9990514279991527, 1.9991199502111399, 1.999471837304517, 1.999350141985557, 1.9990727335701504, 1.9991907132505642, 1.9993370306998275, 1.9992903717172406, 1.9994723723497463, 1.9998205737360377, 1.9998644358536721, 1.999726163691912, 1.9997221738531066, 1.9997121286389306, 1.9996283014483716, 1.9996832463157779, 1.999824180805755, 1.999851033006756, 1.999850553365779, 1.9999125554500412, 1.9999164261521667, 1.9998643253686303, 1.9998705361981985, 1.9998933192160906, 1.9998858740948058, 1.9999136512539961, 1.9999545562645753, 1.9999401081826682]",75,0.6614944108755971,,0.03091375111175365,0.030913751111754983,1.9999401081826682,,0.6666467027275561,,,,9.92561411857605,13.374733448028564,True,3.4506943225860596,0.0015616416931152344,0.0,3.4506943225860596,Results/warm_start_cache/complete_graphs_2to12vertices_11instances_AdjacencyList__filehash_1c7be33d/hog_idx000002_488e446e6a19_seed42_L2_M2_betaanalytic_instance_amplified.npz,9.942210912704468,2026-09-09 16:37:20,x86_64,dacsgpu0003,,64,64,3.11.15,0.23,False,True,False,True,3,True,False,True,False,adam,True,1,25,hamqaoa,0.05,entangled_king,2,2,42,scs,1e-06,100000,False,False,False,hog,False,False,False,False,False,False,True,1,HOG_graphs/Exp5/complete_graphs_2to12vertices_11instances_AdjacencyList.txt,True,Results/warm_start_cache,512,60,0,16,1,1,0,0,5,0,5,10,42,False,_FINAL_BENCHMARKS_KINGENTANGLED,1,42,2,"[(1, 3), (0, 1), (2, 3), (0, 3), (1, 2), (0, 2)]","[1.0, 1.0, 1.0, 1.0, 1.0, 1.0]"
da64f945,10,45,2,75.0,False,True,"[1, 1, 1]",,29.999999997262744,14.999999998631372,12.380832391276645,,12.312348098794898,False,analytic_instance,0.0,0.040618970058858395,12.380832391276643,12.380832391276657,-1.6083055026649973e-15,11.49525583356008,"[-1.6083055026649973e-15, 12.58697092799586, 12.916583934782574, 13.025585892890547, 12.92401213915493, 12.847624429084638, 12.997103393040431, 13.256405338855773, 13.475988143050616, 13.523531378204062, 13.3931548622325, 13.322770734200754, 13.368386599821418, 13.490260497353637, 13.569450047693678, 13.498800280081447, 13.482411120168194, 13.503869320542154, 13.476337283920484, 13.491568008661847, 13.559305710093458, 13.590687128158944, 13.573658421430858, 13.580621180654527, 13.58336597926053, 13.56951235961796, 13.573338220040938, 13.591120225270142, 13.591509680009079, 13.576389443818638, 13.577799301032245, 13.594339017798884, 13.599057928409929, 13.598082520095211, 13.610079601258054, 13.620839430404729, 13.612185807029102, 13.604096751227699, 13.609430284587795, 13.610455690770246, 13.610211828400464, 13.616122199510757, 13.616450950323868, 13.613612926840435, 13.616640170718675, 13.616551711116628, 13.615470707499597, 13.620492684589196, 13.623318840589265, 13.620687520766857, 13.620931513231554, 13.621765907547942, 13.619824174964993, 13.620041129454407, 13.621933047292666, 13.622245351221608, 13.623214036416762, 13.624177416500315, 13.623613424483903, 13.624240943921127, 13.624912736144918, 13.624290587989751, 13.625076744717395, 13.625688688809738, 13.625137879444177, 13.625648973742493, 13.625994864285028, 13.626138710503417, 13.626865207535275, 13.627086756421328, 13.627528299911575, 13.627892013548637, 13.62776772445019, 13.628246948130748, 13.628564510859007, 13.628743460221603]",75,0.8253888260851104,,2.495822137889892,2.4958221378899204,13.628743460221603,,0.9085828973481068,,,,25.77602243423462,3198.437156200409,True,3172.6663472652435,0.005202770233154297,0.0,3172.6663472652435,Results/warm_start_cache/complete_graphs_2to12vertices_11instances_AdjacencyList__filehash_1c7be33d/hog_idx000008_26e838c55cf9_seed42_L2_M2_betaanalytic_instance_amplified.npz,25.78624176979065,2026-09-09 16:37:24,x86_64,dacsgpu0003,,64,64,3.11.15,0.24,False,False,False,True,9,True,False,False,False,adam,True,1,25,hamqaoa,0.05,entangled_king,2,2,42,scs,1e-06,100000,False,False,False,hog,False,False,False,False,False,False,True,1,HOG_graphs/Exp5/complete_graphs_2to12vertices_11instances_AdjacencyList.txt,True,Results/warm_start_cache,512,60,0,16,1,1,0,0,5,0,5,10,42,False,_FINAL_BENCHMARKS_KINGENTANGLED,1,42,8,"[(2, 3), (3, 8), (2, 6), (3, 5), (2, 9), (4, 6), (4, 9), (7, 8), (0, 5), (1, 4), (0, 2), (0, 8), (1, 7), (6, 9), (5, 7), (3, 4), (2, 8), (4, 5), (3, 7), (2, 5), (4, 8), (8, 9), (1, 3), (0, 1), (1, 6), (0, 4), (1, 9), (0, 7), (6, 8), (5, 6), (5, 9), (3, 6), (2, 4), (3, 9), (2, 7), (4, 7), (7, 9), (0, 3), (1, 2), (1, 8), (0, 6), (1, 5), (0, 9), (5, 8), (6, 7)]","[1.0, 1.0, 1.0, 1.0, 1.0, 1.0, 1.0, 1.0, 1.0, 1.0, 1.0, 1.0, 1.0, 1.0, 1.0, 1.0, 1.0, 1.0, 1.0, 1.0, 1.0, 1.0, 1.0, 1.0, 1.0, 1.0, 1.0, 1.0, 1.0, 1.0, 1.0, 1.0, 1.0, 1.0, 1.0, 1.0, 1.0, 1.0, 1.0, 1.0, 1.0, 1.0, 1.0, 1.0, 1.0]"
908d59c0,7,21,5,75.0,False,True,"[1, 1, 1]",,15.749999998544668,7.874999999272334,5.794692454174998,,5.994804848505982,False,analytic_instance,0.0,0.025274091865867376,5.794692454174999,5.794692454175004,3.552713678800501e-15,4.131736029257386,"[3.552713678800501e-15, 5.478596321054944, 5.759320119535195, 5.794329478208579, 5.908683516146385, 5.981896739007619, 6.064730359564599, 6.092366784849152, 6.0719960915030065, 6.092228694705182, 6.195179509637072, 6.339398853861025, 6.410540517047244, 6.400410958933821, 6.4115832195948625, 6.46005523271718, 6.532960051845418, 6.580224082476971, 6.602994956929621, 6.635634895814362, 6.6925428232137, 6.781255531184176, 6.861847045840455, 6.889363972433301, 6.935306212800543, 7.026018618166743, 7.083762392458608, 7.124734236776095, 7.149101150037329, 7.156592942387208, 7.200286262307976, 7.210473873501808, 7.189325532743709, 7.182499927268453, 7.178319993234832, 7.213056727105637, 7.248351863141862, 7.280938247959301, 7.278832513778722, 7.269970775659388, 7.286849147762124, 7.2961062938428585, 7.296056180758504, 7.299771854090073, 7.301721500590791, 7.301595796487605, 7.302371436841212, 7.307643455875201, 7.3195044083216825, 7.327314432128286, 7.327722851134279, 7.331925661963201, 7.337864475748943, 7.338539291353449, 7.334695868866902, 7.33248832280654, 7.336519939049614, 7.338338524282019, 7.339812630991039, 7.342189932656517, 7.343040849485666, 7.344345575164082, 7.345494475564922, 7.346926822899603, 7.34627348848773, 7.34602091912369, 7.348216304880561, 7.349473174285118, 7.349772568015369, 7.349917200004483, 7.350465062928208, 7.350995630517323, 7.3515522912725375, 7.3530413978462885, 7.353910410466763, 7.355099833702966]",75,0.7726256605566671,,3.120814759055925,3.120814759055934,7.355099833702966,,0.9806799778270622,,,,59.979138135910034,241.49559879302979,True,181.51935482025146,0.0028836727142333984,0.0,181.51935482025146,Results/warm_start_cache/complete_graphs_2to12vertices_11instances_AdjacencyList__filehash_1c7be33d/hog_idx000005_527d3402612a_seed42_L2_M2_betaanalytic_instance_amplified.npz,59.99271821975708,2026-09-09 16:37:29,x86_64,dacsgpu0003,,64,64,3.11.15,0.26,False,False,False,True,6,True,False,False,True,adam,True,1,25,hamqaoa,0.05,entangled_king,2,2,42,scs,1e-06,100000,False,False,False,hog,False,False,False,False,False,False,True,1,HOG_graphs/Exp5/complete_graphs_2to12vertices_11instances_AdjacencyList.txt,True,Results/warm_start_cache,512,60,0,16,1,1,0,0,5,0,5,10,42,False,_FINAL_BENCHMARKS_KINGENTANGLED,1,42,5,"[(2, 3), (2, 6), (3, 5), (4, 6), (0, 5), (1, 4), (0, 2), (3, 4), (4, 5), (2, 5), (1, 3), (0, 1), (1, 6), (0, 4), (5, 6), (3, 6), (2, 4), (0, 3), (1, 2), (0, 6), (1, 5)]","[1.0, 1.0, 1.0, 1.0, 1.0, 1.0, 1.0, 1.0, 1.0, 1.0, 1.0, 1.0, 1.0, 1.0, 1.0, 1.0, 1.0, 1.0, 1.0, 1.0, 1.0]"
8f95e817,6,15,2,75.0,False,True,"[1, 1, 1]",,12.000000017305183,6.0000000086525915,4.329547988603966,,4.389199614559301,False,analytic_instance,0.0,0.018815304152667522,4.32954798860397,4.329547988603967,2.220446049250313e-16,4.184193155106981,"[2.220446049250313e-16, 5.114439146545459, 5.1120482264606, 5.030175635954932, 5.113924661410564, 5.205188106093539, 5.249364068790506, 5.219843426077552, 5.181243801145604, 5.1970191485845065, 5.24866371333395, 5.297708363700502, 5.3251160103862825, 5.331189638477103, 5.3264706948028815, 5.318776382276378, 5.3198881300553955, 5.329358502105633, 5.33158321640986, 5.327638821732913, 5.3311847048596395, 5.344336939577631, 5.358812044562447, 5.366015011867503, 5.363317179035069, 5.35873098749585, 5.362516144966514, 5.370249563587819, 5.370666178907767, 5.363929239595207, 5.358320719834645, 5.35891913022242, 5.366210168521098, 5.375542296235983, 5.379514899376497, 5.378014804503615, 5.376706013686073, 5.376110060853745, 5.375191307761955, 5.375421403829613, 5.375930240720973, 5.376538233368947, 5.378461117200315, 5.379827367810751, 5.379800495442139, 5.379960109993072, 5.380032054989559, 5.380114663493516, 5.380597967129556, 5.380350374931256, 5.3799141823429855, 5.380290514239267, 5.380837136573299, 5.3813975122089985, 5.381772986910013, 5.38174106280765, 5.38196023959728, 5.382017941441292, 5.381592097649663, 5.381334297496354, 5.381399585231572, 5.381921911316883, 5.382473398717576, 5.382504735199896, 5.382338452495796, 5.382135301241019, 5.382095232675128, 5.382231615347123, 5.382282770006311, 5.3823643540344515, 5.382419138536073, 5.382448366550098, 5.38248715251175, 5.382485988307561, 5.38253832099963, 5.382511273919518]",75,0.7215913314339946,,2.1059265706311017,2.1059265706310963,5.382511273919518,,0.8970852123199197,,,,9.39074420928955,65.02914357185364,True,55.640621185302734,0.002209186553955078,0.0,55.640621185302734,Results/warm_start_cache/complete_graphs_2to12vertices_11instances_AdjacencyList__filehash_1c7be33d/hog_idx000004_3fc9dba75719_seed42_L2_M2_betaanalytic_instance_amplified.npz,9.402592658996582,2026-09-09 16:37:30,x86_64,dacsgpu0003,,64,64,3.11.15,0.23,False,False,False,True,5,True,False,False,False,adam,True,1,25,hamqaoa,0.05,entangled_king,2,2,42,scs,1e-06,100000,False,False,False,hog,False,False,False,False,False,False,True,1,HOG_graphs/Exp5/complete_graphs_2to12vertices_11instances_AdjacencyList.txt,True,Results/warm_start_cache,512,60,0,16,1,1,0,0,5,0,5,10,42,False,_FINAL_BENCHMARKS_KINGENTANGLED,1,42,4,"[(1, 3), (0, 1), (2, 3), (0, 4), (3, 5), (0, 3), (1, 2), (3, 4), (1, 5), (4, 5), (2, 5), (0, 5), (1, 4), (0, 2), (2, 4)]","[1.0, 1.0, 1.0, 1.0, 1.0, 1.0, 1.0, 1.0, 1.0, 1.0, 1.0, 1.0, 1.0, 1.0, 1.0]"
07a1b2a8,4,6,4,75.0,False,True,"[1, 1, 1]",,5.999997097891024,2.999998548945512,1.9844832326267912,,1.9293061154898568,False,analytic_instance,0.0,0.012679183389991522,1.9844832326267907,1.9844832326267914,2.7755575615628914e-16,1.4615128309958352,"[2.7755575615628914e-16, 1.823144531738182, 1.8214904002520835, 1.8302121628589678, 1.879324688610409, 1.9225394537694893, 1.9263791360250964, 1.9069030307596266, 1.901324426065145, 1.9195552853610287, 1.9522155618255097, 1.9786870232984526, 1.9818906967161594, 1.9661770623497934, 1.9511210663926124, 1.949835500403645, 1.9612745499990436, 1.97613868971593, 1.9851444237551301, 1.9854007422764732, 1.9810170892548336, 1.978055598342527, 1.9797486552812018, 1.9851863000066579, 1.9906266471695067, 1.9922313053389042, 1.989772939570536, 1.9881982829464626, 1.990613657123533, 1.9940019954129689, 1.9949503896558258, 1.9944339945331166, 1.9946002973115964, 1.9953113357670467, 1.9957142952837867, 1.9959016839666437, 1.996243566097536, 1.9964325885113565, 1.9962132432056245, 1.996413015400994, 1.9977349193083334, 1.9991767857413874, 1.999266560108604, 1.9982348721750536, 1.99760440564456, 1.9979797307503615, 1.9986145332980865, 1.9989394611359448, 1.9990748801843938, 1.9991473320703856, 1.9991261802594806, 1.9990681646758777, 1.9991315199580475, 1.999370407082757, 1.9995425860910148, 1.9994667389126997, 1.9994453263721221, 1.9996761335130873, 1.9997760775453326, 1.9995602850159406, 1.9994244122306988, 1.9995860887090964, 1.9998140756490095, 1.9998928598050594, 1.9998466106798733, 1.9997865835731885, 1.9997525261894251, 1.999776226343136, 1.9998845012416673, 1.999950993632114, 1.9998814314207256, 1.9998200002833662, 1.9998700252195207, 1.999935177546251, 1.9999403774012774, 1.9999223292066235]",75,0.6614944108755971,,0.030878193159664225,0.030878193159665557,1.9999223292066235,,0.6666407764022079,,,,15.288319826126099,18.737441062927246,True,3.4506943225860596,0.0015592575073242188,0.0,3.4506943225860596,Results/warm_start_cache/complete_graphs_2to12vertices_11instances_AdjacencyList__filehash_1c7be33d/hog_idx000002_488e446e6a19_seed42_L2_M2_betaanalytic_instance_amplified.npz,15.302110195159912,2026-09-09 16:37:30,x86_64,dacsgpu0003,,64,64,3.11.15,0.24,False,True,False,True,3,True,False,True,False,adam,True,1,25,hamqaoa,0.05,entangled_king,2,2,42,scs,1e-06,100000,False,False,False,hog,False,False,False,False,False,False,True,1,HOG_graphs/Exp5/complete_graphs_2to12vertices_11instances_AdjacencyList.txt,True,Results/warm_start_cache,512,60,0,16,1,1,0,0,5,0,5,10,42,False,_FINAL_BENCHMARKS_KINGENTANGLED,1,42,2,"[(1, 3), (0, 1), (2, 3), (0, 3), (1, 2), (0, 2)]","[1.0, 1.0, 1.0, 1.0, 1.0, 1.0]"
40c25df5,4,6,5,75.0,False,True,"[1, 1, 1]",,5.999997097891024,2.999998548945512,1.9844832326267912,,1.9293061154898568,False,analytic_instance,0.0,0.012679183389991522,1.9844832326267907,1.9844832326267914,2.7755575615628914e-16,0.9923890807358522,"[2.7755575615628914e-16, 1.5777608343400145, 1.7455690131703037, 1.7921213219909495, 1.766301094627897, 1.8276164351878308, 1.8518609280546983, 1.8110530596026724, 1.7919630950595606, 1.8527619116177791, 1.9270635974819614, 1.9259799470701564, 1.8837992235934142, 1.879465669653254, 1.9195983297721548, 1.9611842657856935, 1.9546794052372085, 1.920759491855859, 1.92249596662912, 1.954893552749406, 1.972316759337409, 1.9621008664299802, 1.949639825149024, 1.9564963288389743, 1.9769418833313002, 1.9882273394822956, 1.982568535816826, 1.9770518119039615, 1.9848436970012784, 1.9959046432186929, 1.9951533105061674, 1.9865334743595906, 1.9849368806833958, 1.9915655030223125, 1.9945297719478607, 1.9900080499245896, 1.9872791703728143, 1.9914916702588825, 1.995898940241136, 1.994730852308713, 1.992544005468074, 1.9947208073915539, 1.9979736676045456, 1.9972590136883868, 1.9949834584640185, 1.9959345577630219, 1.9983118326562657, 1.9979528343245034, 1.996457668352483, 1.9973223302534797, 1.9990778026082676, 1.9988103881566812, 1.997945477557847, 1.9987601233770085, 1.9997216020014392, 1.9991766522688847, 1.998608625482938, 1.999179931635365, 1.9995610341220096, 1.9990323024095211, 1.9989100525983399, 1.9995199342779006, 1.9996142240119281, 1.9992444121853867, 1.9994455542112202, 1.9998127508470849, 1.999607509959058, 1.999477590472566, 1.9997947412768455, 1.9998530120017362, 1.9996427742577776, 1.9997461259565634, 1.9999152574819221, 1.9997917366423419, 1.9997599563331956, 1.9999235134922233]",75,0.6614944108755971,,0.030880561730863842,0.030880561730865175,1.9999235134922233,,0.6666411711640744,,,,21.3448269367218,24.79379892349243,True,3.4506943225860596,0.0017096996307373047,0.0,3.4506943225860596,Results/warm_start_cache/complete_graphs_2to12vertices_11instances_AdjacencyList__filehash_1c7be33d/hog_idx000002_488e446e6a19_seed42_L2_M2_betaanalytic_instance_amplified.npz,21.356696844100952,2026-09-09 16:37:36,x86_64,dacsgpu0003,,64,64,3.11.15,0.24,False,True,False,True,3,True,False,True,False,adam,True,1,25,hamqaoa,0.05,entangled_king,2,2,42,scs,1e-06,100000,False,False,False,hog,False,False,False,False,False,False,True,1,HOG_graphs/Exp5/complete_graphs_2to12vertices_11instances_AdjacencyList.txt,True,Results/warm_start_cache,512,60,0,16,1,1,0,0,5,0,5,10,42,False,_FINAL_BENCHMARKS_KINGENTANGLED,1,42,2,"[(1, 3), (0, 1), (2, 3), (0, 3), (1, 2), (0, 2)]","[1.0, 1.0, 1.0, 1.0, 1.0, 1.0]"
8d7c7f18,6,15,3,75.0,False,True,"[1, 1, 1]",,12.000000017305183,6.0000000086525915,4.329547988603966,,4.389199614559301,False,analytic_instance,0.0,0.018815304152667522,4.32954798860397,4.329547988603967,2.220446049250313e-16,4.372084538970999,"[2.220446049250313e-16, 4.857506597183497, 5.0397995493050445, 5.130303302357314, 5.128534463898529, 5.128038230985434, 5.155007283267504, 5.1788992595846155, 5.1797839620072965, 5.166072161890082, 5.155914963030115, 5.160450173865819, 5.17647166890027, 5.1865818519816065, 5.185089669089947, 5.182699602762986, 5.184309007025021, 5.191501508606711, 5.203918535847742, 5.213073162772349, 5.217779850123172, 5.22321078268901, 5.23106292582022, 5.246180510856383, 5.269262073263545, 5.291450550555433, 5.307676268878711, 5.323463468476205, 5.3472727670244735, 5.372506535503923, 5.376752992268853, 5.358159131217593, 5.3456417649054675, 5.348001587884997, 5.351178332882613, 5.351530075133313, 5.360391238496243, 5.382867631621906, 5.404183517139117, 5.408181521450931, 5.409643370210297, 5.4257588638935985, 5.445795985243714, 5.460829849631166, 5.482679828166329, 5.5224850147880655, 5.573124533886095, 5.625783507667256, 5.68399881028137, 5.741861559760271, 5.775058437018779, 5.782689562071135, 5.779203764248001, 5.7567804201874875, 5.729001163242598, 5.7230755497305354, 5.735550371941091, 5.749352573797473, 5.760336511443771, 5.768631351126911, 5.773232495178057, 5.778890724878771, 5.788651573674363, 5.796973859723037, 5.8002299870359995, 5.799908077202594, 5.7938594502528575, 5.785294121008909, 5.783171259290366, 5.78783474285824, 5.79631848816295, 5.805166000564273, 5.80865702587861, 5.80733162780673, 5.805130074844921, 5.803168079837525]",75,0.7215913314339946,,2.947240182467116,2.9472401824671106,5.803168079837525,,0.9671946799729209,,,,17.0832839012146,72.72173380851746,True,55.640621185302734,0.002157926559448242,0.0,55.640621185302734,Results/warm_start_cache/complete_graphs_2to12vertices_11instances_AdjacencyList__filehash_1c7be33d/hog_idx000004_3fc9dba75719_seed42_L2_M2_betaanalytic_instance_amplified.npz,17.093345880508423,2026-09-09 16:37:38,x86_64,dacsgpu0003,,64,64,3.11.15,0.24,False,False,False,True,5,True,False,False,False,adam,True,1,25,hamqaoa,0.05,entangled_king,2,2,42,scs,1e-06,100000,False,False,False,hog,False,False,False,False,False,False,True,1,HOG_graphs/Exp5/complete_graphs_2to12vertices_11instances_AdjacencyList.txt,True,Results/warm_start_cache,512,60,0,16,1,1,0,0,5,0,5,10,42,False,_FINAL_BENCHMARKS_KINGENTANGLED,1,42,4,"[(1, 3), (0, 1), (2, 3), (0, 4), (3, 5), (0, 3), (1, 2), (3, 4), (1, 5), (4, 5), (2, 5), (0, 5), (1, 4), (0, 2), (2, 4)]","[1.0, 1.0, 1.0, 1.0, 1.0, 1.0, 1.0, 1.0, 1.0, 1.0, 1.0, 1.0, 1.0, 1.0, 1.0]"
06d0fb29,9,36,4,75.0,False,True,"[1, 1, 1]",,24.749999989227938,12.374999994613969,10.082436937469787,,9.956429282995435,False,analytic_instance,0.0,0.04190879873931408,10.082436937469792,10.082436937469792,-1.2225463696946548e-15,6.262239193693713,"[-1.2225463696946548e-15, 9.002263723779993, 9.649382077286795, 9.837882526350809, 10.04287577646041, 10.458968540275656, 10.867708688439265, 11.118408023335702, 11.122102053481191, 10.959079825144444, 10.847800936377451, 10.84163924145652, 10.879408872547824, 10.896170787676391, 10.857184179510169, 10.81501823861567, 10.85525034433246, 10.954432938923768, 11.017411293979677, 11.005321132154915, 10.968104938428606, 10.964588158403268, 10.99645898065258, 11.022413758491354, 11.01551292201526, 10.992469832571109, 10.989952759037227, 11.02078050368963, 11.063648362879206, 11.088229364814898, 11.089957914515653, 11.092352087293296, 11.113700693604091, 11.143132253943616, 11.15910301948505, 11.161535324632716, 11.17150992869083, 11.2024288829751, 11.246455131967117, 11.293094279708013, 11.346187292009375, 11.413361772129246, 11.488953873897055, 11.55703795662902, 11.60245263871704, 11.618473694900839, 11.614143977970604, 11.603641218566107, 11.593529034934067, 11.590926258954552, 11.604930103797164, 11.62412451919465, 11.630805939466295, 11.633235453673201, 11.639475262696015, 11.655351318578811, 11.672573501343752, 11.678585595229194, 11.678017884561633, 11.676874044772172, 11.674772684017876, 11.670377883742013, 11.665297378945139, 11.665276015777991, 11.6738612451209, 11.686121557220208, 11.694739160801461, 11.697636898362466, 11.697023559029224, 11.696233610256723, 11.696064456900444, 11.696163501057107, 11.697079026908673, 11.697534582139111, 11.696805012368728, 11.696497018797587]",75,0.8402030781224826,,3.228120162655589,3.228120162655589,11.696497018797587,,0.9747080848997989,,,,70.23401689529419,1423.1991198062897,True,1352.9722836017609,0.007170677185058594,0.0,1352.9722836017609,Results/warm_start_cache/complete_graphs_2to12vertices_11instances_AdjacencyList__filehash_1c7be33d/hog_idx000007_f440659d5155_seed42_L2_M2_betaanalytic_instance_amplified.npz,70.24380278587341,2026-09-09 16:37:39,x86_64,dacsgpu0003,,64,64,3.11.15,0.26,False,False,False,True,8,True,False,False,True,adam,True,1,25,hamqaoa,0.05,entangled_king,2,2,42,scs,1e-06,100000,False,False,False,hog,False,False,False,False,False,False,True,1,HOG_graphs/Exp5/complete_graphs_2to12vertices_11instances_AdjacencyList.txt,True,Results/warm_start_cache,512,60,0,16,1,1,0,0,5,0,5,10,42,False,_FINAL_BENCHMARKS_KINGENTANGLED,1,42,7,"[(2, 3), (3, 8), (2, 6), (3, 5), (4, 6), (7, 8), (0, 5), (1, 4), (0, 2), (0, 8), (1, 7), (5, 7), (3, 4), (2, 8), (4, 5), (3, 7), (2, 5), (4, 8), (1, 3), (0, 1), (1, 6), (0, 4), (0, 7), (6, 8), (5, 6), (3, 6), (2, 4), (2, 7), (4, 7), (0, 3), (1, 2), (1, 8), (0, 6), (1, 5), (5, 8), (6, 7)]","[1.0, 1.0, 1.0, 1.0, 1.0, 1.0, 1.0, 1.0, 1.0, 1.0, 1.0, 1.0, 1.0, 1.0, 1.0, 1.0, 1.0, 1.0, 1.0, 1.0, 1.0, 1.0, 1.0, 1.0, 1.0, 1.0, 1.0, 1.0, 1.0, 1.0, 1.0, 1.0, 1.0, 1.0, 1.0, 1.0]"
4fbecb77,8,28,4,75.0,False,True,"[1, 1, 1]",,19.999999982299197,9.999999991149599,7.882350017091202,,7.850570131407092,False,analytic_instance,0.0,0.02906671492382884,7.882350017091201,7.882350017091204,-1.5525775109992423e-15,6.3345521095229165,"[-1.5525775109992423e-15, 7.767353003872386, 7.877944834238465, 8.120936549068432, 8.272427549347354, 8.113871799605574, 8.441604122603731, 8.691275009675143, 8.645156527422433, 8.624192244313452, 8.615554417852985, 8.73632115445787, 8.78429653340613, 8.704656074700877, 8.745893593549043, 8.775816585685815, 8.713544313682732, 8.787230839582534, 8.900638863911247, 8.890735745329637, 8.826321155673561, 8.831375051650442, 8.886982103991697, 8.897596297408251, 8.863957896130344, 8.873911430555236, 8.920338881885817, 8.929437404682185, 8.908188045560932, 8.920004386456464, 8.95388737555767, 8.959076884146196, 8.946660636187797, 8.956250462692488, 8.981655672052815, 8.986588831485873, 8.97623112771566, 8.989334703507152, 9.016713356732922, 9.02277822727665, 9.020301872557681, 9.032921102174804, 9.047023298801903, 9.047945653209215, 9.053339120653497, 9.070306056199723, 9.077103986408822, 9.080650898189054, 9.090128557475696, 9.091565182759902, 9.094284818881352, 9.10075613237458, 9.097610181513518, 9.097577159125343, 9.10257067941812, 9.09966541007805, 9.098165448555815, 9.099754819447323, 9.098434842564059, 9.099971256175657, 9.101450953987914, 9.10262324753779, 9.105818066883737, 9.106473857880127, 9.108974229535276, 9.11212777265609, 9.112576020058926, 9.1149631677131, 9.11660678998417, 9.11736716508353, 9.118020581000541, 9.118176072209451, 9.118967534169029, 9.118516951236312, 9.118917530675445, 9.119157191813084]",75,0.7882350017091204,,2.4736143494437606,2.473614349443766,9.119157191813084,,0.9119157191813084,,,,49.12092733383179,569.4396588802338,True,520.3224198818207,0.003678560256958008,0.0,520.3224198818207,Results/warm_start_cache/complete_graphs_2to12vertices_11instances_AdjacencyList__filehash_1c7be33d/hog_idx000006_e45aa177ddd9_seed42_L2_M2_betaanalytic_instance_amplified.npz,49.12760138511658,2026-09-09 16:37:42,x86_64,dacsgpu0003,,64,64,3.11.15,0.25,False,False,False,True,7,True,False,False,False,adam,True,1,25,hamqaoa,0.05,entangled_king,2,2,42,scs,1e-06,100000,False,False,False,hog,False,False,False,False,False,False,True,1,HOG_graphs/Exp5/complete_graphs_2to12vertices_11instances_AdjacencyList.txt,True,Results/warm_start_cache,512,60,0,16,1,1,0,0,5,0,5,10,42,False,_FINAL_BENCHMARKS_KINGENTANGLED,1,42,6,"[(2, 3), (2, 6), (3, 5), (4, 6), (0, 5), (1, 4), (0, 2), (1, 7), (5, 7), (3, 4), (4, 5), (3, 7), (2, 5), (1, 3), (0, 1), (1, 6), (0, 4), (0, 7), (5, 6), (3, 6), (2, 4), (2, 7), (4, 7), (0, 3), (1, 2), (0, 6), (1, 5), (6, 7)]","[1.0, 1.0, 1.0, 1.0, 1.0, 1.0, 1.0, 1.0, 1.0, 1.0, 1.0, 1.0, 1.0, 1.0, 1.0, 1.0, 1.0, 1.0, 1.0, 1.0, 1.0, 1.0, 1.0, 1.0, 1.0, 1.0, 1.0, 1.0]"
1ffc2d0a,6,15,4,75.0,False,True,"[1, 1, 1]",,12.000000017305183,6.0000000086525915,4.329547988603966,,4.389199614559301,False,analytic_instance,0.0,0.018815304152667522,4.32954798860397,4.329547988603967,2.220446049250313e-16,3.782345294285355,"[2.220446049250313e-16, 4.602242461535112, 4.7403074464825306, 4.630520827217792, 4.703960629177221, 4.9766543377177195, 5.094801016251217, 5.014624460864147, 4.965743785354343, 5.046170331931933, 5.168723213920429, 5.216004681860439, 5.186977288840529, 5.16023501292463, 5.172543236269301, 5.204439859181969, 5.229307950636917, 5.2527915139421015, 5.2932499700756654, 5.338555626945874, 5.36586298671073, 5.374714954572453, 5.37582089508556, 5.373935473817974, 5.3720985158822545, 5.378128295115907, 5.3959920595369875, 5.417508520405468, 5.429977732568156, 5.431993441987222, 5.436948686095729, 5.454473138347313, 5.476093430254629, 5.487295988821598, 5.487200050162895, 5.488532141382969, 5.498511048803214, 5.51007327537452, 5.516541684556521, 5.522905238622895, 5.53602038961415, 5.554869763079435, 5.573881840687212, 5.591499536091099, 5.61190939482297, 5.636142121185646, 5.65628223386302, 5.665504053814321, 5.671685015205565, 5.687118890718568, 5.7087503398207335, 5.728908067651308, 5.742051498039675, 5.75249677734699, 5.778399697862323, 5.813397748735846, 5.830961897163932, 5.837667382330254, 5.8495583177837664, 5.853281527579782, 5.845535808555518, 5.844153139928327, 5.848814863313784, 5.846519916154605, 5.8436971827330355, 5.846764231749525, 5.846144010646823, 5.846915346610683, 5.856821218013543, 5.863428928767112, 5.865396474887763, 5.870649841912707, 5.874808630963013, 5.877549400759878, 5.883006011451268, 5.886189561955179]",75,0.7215913314339946,,3.1132831467024236,3.1132831467024182,5.886189561955179,,0.9810315936591966,,,,25.871893644332886,81.51002407073975,True,55.640621185302734,0.002478361129760742,0.0,55.640621185302734,Results/warm_start_cache/complete_graphs_2to12vertices_11instances_AdjacencyList__filehash_1c7be33d/hog_idx000004_3fc9dba75719_seed42_L2_M2_betaanalytic_instance_amplified.npz,25.887837648391724,2026-09-09 16:37:47,x86_64,dacsgpu0003,,64,64,3.11.15,0.25,False,False,False,True,5,True,False,False,False,adam,True,1,25,hamqaoa,0.05,entangled_king,2,2,42,scs,1e-06,100000,False,False,False,hog,False,False,False,False,False,False,True,1,HOG_graphs/Exp5/complete_graphs_2to12vertices_11instances_AdjacencyList.txt,True,Results/warm_start_cache,512,60,0,16,1,1,0,0,5,0,5,10,42,False,_FINAL_BENCHMARKS_KINGENTANGLED,1,42,4,"[(1, 3), (0, 1), (2, 3), (0, 4), (3, 5), (0, 3), (1, 2), (3, 4), (1, 5), (4, 5), (2, 5), (0, 5), (1, 4), (0, 2), (2, 4)]","[1.0, 1.0, 1.0, 1.0, 1.0, 1.0, 1.0, 1.0, 1.0, 1.0, 1.0, 1.0, 1.0, 1.0, 1.0]"
212edd6e,10,45,3,75.0,False,True,"[1, 1, 1]",,29.999999997262744,14.999999998631372,12.380832391276645,,12.312348098794898,False,analytic_instance,0.0,0.040618970058858395,12.380832391276643,12.380832391276657,-1.6083055026649973e-15,11.23596861289767,"[-1.6083055026649973e-15, 12.56604333976303, 12.171946321252122, 12.326476047337703, 12.943143551808067, 13.410129581084592, 13.473607528603251, 13.335356366871498, 13.306801435261312, 13.40820883106703, 13.476544142677495, 13.500455604516912, 13.513546878236264, 13.499937171887119, 13.480785048518397, 13.544942787225242, 13.64973612457945, 13.686275510876415, 13.668982151449567, 13.660562831078458, 13.673184274218812, 13.68814037205155, 13.710449829177806, 13.742473976747808, 13.751342474418353, 13.732246980457218, 13.736764639643724, 13.774934555372155, 13.790541751400237, 13.783548237399383, 13.777216880380834, 13.770507968419194, 13.77396835321854, 13.783778728923252, 13.780543570270714, 13.774985769614828, 13.783832368755284, 13.79849620684967, 13.810563328414386, 13.815455569533949, 13.806773941220678, 13.800542067473849, 13.800313799517282, 13.80339496891085, 13.809392110522193, 13.80853399954867, 13.80615570833608, 13.808793525910149, 13.812236138802373, 13.814857912121116, 13.814825711101316, 13.8118010465068, 13.81230806417941, 13.815076521778161, 13.816993404417468, 13.817135057189923, 13.814611570782773, 13.814086153088583, 13.815402784802522, 13.816923365325248, 13.81796553907421, 13.817615179287085, 13.81778732402998, 13.817545166454138, 13.81740240617882, 13.81740833491916, 13.817621041287163, 13.818178894289256, 13.81810733955751, 13.8181484238464, 13.818245539218422, 13.8186814331603, 13.81884904839076, 13.818586625587962, 13.818468109814159, 13.81856007365418]",75,0.8253888260851104,,2.8754553647550445,2.875455364755073,13.81856007365418,,0.921237338243612,,,,50.09142446517944,3222.752029657364,True,3172.6663472652435,0.005731105804443359,0.0,3172.6663472652435,Results/warm_start_cache/complete_graphs_2to12vertices_11instances_AdjacencyList__filehash_1c7be33d/hog_idx000008_26e838c55cf9_seed42_L2_M2_betaanalytic_instance_amplified.npz,50.10107231140137,2026-09-09 16:37:49,x86_64,dacsgpu0003,,64,64,3.11.15,0.26,False,False,False,True,9,True,False,False,False,adam,True,1,25,hamqaoa,0.05,entangled_king,2,2,42,scs,1e-06,100000,False,False,False,hog,False,False,False,False,False,False,True,1,HOG_graphs/Exp5/complete_graphs_2to12vertices_11instances_AdjacencyList.txt,True,Results/warm_start_cache,512,60,0,16,1,1,0,0,5,0,5,10,42,False,_FINAL_BENCHMARKS_KINGENTANGLED,1,42,8,"[(2, 3), (3, 8), (2, 6), (3, 5), (2, 9), (4, 6), (4, 9), (7, 8), (0, 5), (1, 4), (0, 2), (0, 8), (1, 7), (6, 9), (5, 7), (3, 4), (2, 8), (4, 5), (3, 7), (2, 5), (4, 8), (8, 9), (1, 3), (0, 1), (1, 6), (0, 4), (1, 9), (0, 7), (6, 8), (5, 6), (5, 9), (3, 6), (2, 4), (3, 9), (2, 7), (4, 7), (7, 9), (0, 3), (1, 2), (1, 8), (0, 6), (1, 5), (0, 9), (5, 8), (6, 7)]","[1.0, 1.0, 1.0, 1.0, 1.0, 1.0, 1.0, 1.0, 1.0, 1.0, 1.0, 1.0, 1.0, 1.0, 1.0, 1.0, 1.0, 1.0, 1.0, 1.0, 1.0, 1.0, 1.0, 1.0, 1.0, 1.0, 1.0, 1.0, 1.0, 1.0, 1.0, 1.0, 1.0, 1.0, 1.0, 1.0, 1.0, 1.0, 1.0, 1.0, 1.0, 1.0, 1.0, 1.0, 1.0]"
b69b41ce,8,28,5,75.0,False,True,"[1, 1, 1]",,19.999999982299197,9.999999991149599,7.882350017091202,,7.850570131407092,False,analytic_instance,0.0,0.02906671492382884,7.882350017091201,7.882350017091204,-1.5525775109992423e-15,4.7484943768067485,"[-1.5525775109992423e-15, 6.793553986638945, 7.784669978150348, 7.5101784640696, 7.4447555655613, 7.565947129951848, 7.707934289937093, 7.924104068079152, 8.06158216786351, 8.080931038259877, 8.155838580339534, 8.22673488790595, 8.20531541544884, 8.176879064807775, 8.220371128346352, 8.286380868735526, 8.31389671840114, 8.33576307700811, 8.380660979271275, 8.420309544251463, 8.435053525248824, 8.438911592474058, 8.444507783948275, 8.447612782151003, 8.449749577526838, 8.458888655870899, 8.477675458875993, 8.502173277675473, 8.518545632644454, 8.520620323947659, 8.528556910187453, 8.558845263580665, 8.596127697560679, 8.618269483046179, 8.62920196551622, 8.648974791602798, 8.69188730988355, 8.769606974416055, 8.895589038767882, 9.046609848764877, 9.093455238806381, 9.023690888617526, 9.039226953254225, 9.05651272010614, 9.011325379018986, 9.032033991430058, 9.10143841209794, 9.116344274974217, 9.115286501076458, 9.11837677821735, 9.093067050689012, 9.09080118496259, 9.119902150627512, 9.134109715386044, 9.132345246783904, 9.148714313515212, 9.176800495552527, 9.190620292988497, 9.195572587421603, 9.227421557876495, 9.280351154992955, 9.305168073755242, 9.32886101408146, 9.371106726189717, 9.412544186346967, 9.457586513100468, 9.498069726126927, 9.528256906620733, 9.54014085722133, 9.542499887645167, 9.558341984695405, 9.59094618724209, 9.620023399727426, 9.640519587769, 9.66430780827176, 9.676453203045014]",75,0.7882350017091204,,3.5882063719076207,3.588206371907626,9.676453203045014,,0.9676453203045015,,,,67.85563325881958,588.1742277145386,True,520.3224198818207,0.0038154125213623047,0.0,520.3224198818207,Results/warm_start_cache/complete_graphs_2to12vertices_11instances_AdjacencyList__filehash_1c7be33d/hog_idx000006_e45aa177ddd9_seed42_L2_M2_betaanalytic_instance_amplified.npz,67.86185956001282,2026-09-09 16:38:01,x86_64,dacsgpu0003,,64,64,3.11.15,0.26,False,False,False,True,7,True,False,False,False,adam,True,1,25,hamqaoa,0.05,entangled_king,2,2,42,scs,1e-06,100000,False,False,False,hog,False,False,False,False,False,False,True,1,HOG_graphs/Exp5/complete_graphs_2to12vertices_11instances_AdjacencyList.txt,True,Results/warm_start_cache,512,60,0,16,1,1,0,0,5,0,5,10,42,False,_FINAL_BENCHMARKS_KINGENTANGLED,1,42,6,"[(2, 3), (2, 6), (3, 5), (4, 6), (0, 5), (1, 4), (0, 2), (1, 7), (5, 7), (3, 4), (4, 5), (3, 7), (2, 5), (1, 3), (0, 1), (1, 6), (0, 4), (0, 7), (5, 6), (3, 6), (2, 4), (2, 7), (4, 7), (0, 3), (1, 2), (0, 6), (1, 5), (6, 7)]","[1.0, 1.0, 1.0, 1.0, 1.0, 1.0, 1.0, 1.0, 1.0, 1.0, 1.0, 1.0, 1.0, 1.0, 1.0, 1.0, 1.0, 1.0, 1.0, 1.0, 1.0, 1.0, 1.0, 1.0, 1.0, 1.0, 1.0, 1.0]"
dc24ed75,9,36,5,75.0,False,True,"[1, 1, 1]",,24.749999989227938,12.374999994613969,10.082436937469787,,9.956429282995435,False,analytic_instance,0.0,0.04190879873931408,10.082436937469792,10.082436937469792,-1.2225463696946548e-15,7.794570178680015,"[-1.2225463696946548e-15, 9.601351486500878, 9.735991993272235, 9.616266967062886, 9.451639725545094, 9.726462853776603, 10.086327590287091, 9.987450111324796, 9.844053175300358, 9.89650002753353, 9.97852315048786, 10.073597349393221, 10.163438053845939, 10.098256499051152, 10.210192412404504, 10.49296894207961, 10.48192792070455, 10.454188185802721, 10.702190137233975, 10.903255283050674, 10.901747471076648, 10.86345278002917, 10.986621835867162, 11.180613412793967, 11.183542618056306, 11.168971574225868, 11.258679295691934, 11.29334865258848, 11.318198618977215, 11.298760826721288, 11.28436688684269, 11.320182328981872, 11.338582388184994, 11.315760656823194, 11.328731391580236, 11.365783513595193, 11.390769099863785, 11.418112078482364, 11.446320427342378, 11.471902666922055, 11.505178283137287, 11.526978893660011, 11.521608968320878, 11.521674747977395, 11.537220463231009, 11.548239559150725, 11.553322946799481, 11.559931573570164, 11.57154801097356, 11.594759902545482, 11.622753146212277, 11.642295348952016, 11.658154520116758, 11.672961925731057, 11.691668692650735, 11.707250687257662, 11.717353699164219, 11.727249576744494, 11.735680876811845, 11.742531127874743, 11.746390795028505, 11.754908673585529, 11.762865736901475, 11.769758699315577, 11.772854830905086, 11.775368092681564, 11.770490257611783, 11.747529404797369, 11.750299426633743, 11.778573333634618, 11.74336407481594, 11.786487292350722, 11.76010174285618, 11.789162072886146, 11.768341926142696, 11.79204140364732]",75,0.8402030781224826,,3.4192089323550547,3.4192089323550547,11.79204140364732,,0.9826701169706099,,,,100.61102080345154,1453.5791275501251,True,1352.9722836017609,0.004163265228271484,0.0,1352.9722836017609,Results/warm_start_cache/complete_graphs_2to12vertices_11instances_AdjacencyList__filehash_1c7be33d/hog_idx000007_f440659d5155_seed42_L2_M2_betaanalytic_instance_amplified.npz,100.62008142471313,2026-09-09 16:38:09,x86_64,dacsgpu0003,,64,64,3.11.15,0.27,False,False,False,True,8,True,False,False,True,adam,True,1,25,hamqaoa,0.05,entangled_king,2,2,42,scs,1e-06,100000,False,False,False,hog,False,False,False,False,False,False,True,1,HOG_graphs/Exp5/complete_graphs_2to12vertices_11instances_AdjacencyList.txt,True,Results/warm_start_cache,512,60,0,16,1,1,0,0,5,0,5,10,42,False,_FINAL_BENCHMARKS_KINGENTANGLED,1,42,7,"[(2, 3), (3, 8), (2, 6), (3, 5), (4, 6), (7, 8), (0, 5), (1, 4), (0, 2), (0, 8), (1, 7), (5, 7), (3, 4), (2, 8), (4, 5), (3, 7), (2, 5), (4, 8), (1, 3), (0, 1), (1, 6), (0, 4), (0, 7), (6, 8), (5, 6), (3, 6), (2, 4), (2, 7), (4, 7), (0, 3), (1, 2), (1, 8), (0, 6), (1, 5), (5, 8), (6, 7)]","[1.0, 1.0, 1.0, 1.0, 1.0, 1.0, 1.0, 1.0, 1.0, 1.0, 1.0, 1.0, 1.0, 1.0, 1.0, 1.0, 1.0, 1.0, 1.0, 1.0, 1.0, 1.0, 1.0, 1.0, 1.0, 1.0, 1.0, 1.0, 1.0, 1.0, 1.0, 1.0, 1.0, 1.0, 1.0, 1.0]"
effe5059,10,45,4,75.0,False,True,"[1, 1, 1]",,29.999999997262744,14.999999998631372,12.380832391276645,,12.312348098794898,False,analytic_instance,0.0,0.040618970058858395,12.380832391276643,12.380832391276657,-1.6083055026649973e-15,9.46541736051338,"[-1.6083055026649973e-15, 11.552848560481998, 11.751888677861183, 12.807353377487143, 12.913978209374683, 12.84410228196652, 13.043623225375073, 13.269677153729342, 13.364606458195803, 13.384903496128741, 13.234914097916707, 13.133154660679123, 13.178341455523945, 13.324331515487097, 13.499029405959805, 13.59275863035423, 13.55930118510193, 13.506741764601813, 13.53313116437492, 13.592369513400584, 13.634568395587614, 13.65348568451282, 13.622537665770524, 13.590505484945012, 13.617334998262168, 13.67075000408568, 13.695342450863352, 13.69769255490709, 13.712861265676521, 13.746954647724746, 13.780751208348764, 13.795604518941403, 13.794380905014718, 13.8039243325351, 13.84559556668576, 13.910840621553623, 13.97616815791578, 14.023573796786444, 14.047780341591226, 14.05032914682301, 14.027889762563245, 13.993579463571956, 13.98609498635902, 14.02399960126059, 14.0772654153641, 14.1028321399402, 14.097992767806835, 14.091282832325579, 14.093019297608997, 14.096529166857941, 14.106299432921748, 14.132907993452445, 14.169509903306128, 14.198280875997737, 14.21723009241198, 14.238985177644956, 14.265279173480694, 14.2886770568461, 14.3097732120137, 14.33004964187622, 14.343124072356765, 14.347399141312692, 14.350198133851798, 14.354294899500752, 14.354134888565541, 14.355795482601222, 14.367697880159449, 14.380854816610233, 14.386551521929851, 14.387300944481945, 14.388914461206527, 14.392640016251635, 14.397979679731057, 14.404859890068577, 14.411530468655702, 14.418130117120889]",75,0.8253888260851104,,4.074595451688463,4.0745954516884915,14.418130117120889,,0.9612086744747259,,,,86.56648921966553,3259.2255136966705,True,3172.6663472652435,0.007307767868041992,0.0,3172.6663472652435,Results/warm_start_cache/complete_graphs_2to12vertices_11instances_AdjacencyList__filehash_1c7be33d/hog_idx000008_26e838c55cf9_seed42_L2_M2_betaanalytic_instance_amplified.npz,86.58432650566101,2026-09-09 16:38:25,x86_64,dacsgpu0003,,64,64,3.11.15,0.26,False,False,False,True,9,True,False,False,False,adam,True,1,25,hamqaoa,0.05,entangled_king,2,2,42,scs,1e-06,100000,False,False,False,hog,False,False,False,False,False,False,True,1,HOG_graphs/Exp5/complete_graphs_2to12vertices_11instances_AdjacencyList.txt,True,Results/warm_start_cache,512,60,0,16,1,1,0,0,5,0,5,10,42,False,_FINAL_BENCHMARKS_KINGENTANGLED,1,42,8,"[(2, 3), (3, 8), (2, 6), (3, 5), (2, 9), (4, 6), (4, 9), (7, 8), (0, 5), (1, 4), (0, 2), (0, 8), (1, 7), (6, 9), (5, 7), (3, 4), (2, 8), (4, 5), (3, 7), (2, 5), (4, 8), (8, 9), (1, 3), (0, 1), (1, 6), (0, 4), (1, 9), (0, 7), (6, 8), (5, 6), (5, 9), (3, 6), (2, 4), (3, 9), (2, 7), (4, 7), (7, 9), (0, 3), (1, 2), (1, 8), (0, 6), (1, 5), (0, 9), (5, 8), (6, 7)]","[1.0, 1.0, 1.0, 1.0, 1.0, 1.0, 1.0, 1.0, 1.0, 1.0, 1.0, 1.0, 1.0, 1.0, 1.0, 1.0, 1.0, 1.0, 1.0, 1.0, 1.0, 1.0, 1.0, 1.0, 1.0, 1.0, 1.0, 1.0, 1.0, 1.0, 1.0, 1.0, 1.0, 1.0, 1.0, 1.0, 1.0, 1.0, 1.0, 1.0, 1.0, 1.0, 1.0, 1.0, 1.0]"
198232f2,10,45,5,75.0,False,True,"[1, 1, 1]",,29.999999997262744,14.999999998631372,12.380832391276645,,12.312348098794898,False,analytic_instance,0.0,0.040618970058858395,12.380832391276643,12.380832391276657,-1.6083055026649973e-15,7.050481446133668,"[-1.6083055026649973e-15, 10.193242283988408, 10.319607369642119, 10.200281187233518, 10.131679989963558, 10.64672944965411, 11.190632276718768, 11.4143783013937, 11.209946746300849, 11.213674249790323, 11.275551289308556, 11.491432408191901, 11.753061900373194, 11.951735952803324, 12.091908980904977, 12.217139962119745, 12.342645939463143, 12.371367926151416, 12.318643968050996, 12.33032149624506, 12.486235237131591, 12.702993231292536, 12.792591307250886, 12.720640100963312, 12.68818788385065, 12.77294008449779, 12.852178257468962, 12.862574960734047, 12.849759575615773, 12.871128538378052, 12.932315096611559, 13.000631826436635, 13.06532518963656, 13.116068780553192, 13.166909194857919, 13.243972204166484, 13.310388505661738, 13.316004431800733, 13.29782319748805, 13.313338211006789, 13.344938708955567, 13.35168936625822, 13.34723091588097, 13.36452912479936, 13.394140697220683, 13.413845391715029, 13.4325314504636, 13.462836554177786, 13.489974873288546, 13.500733353044827, 13.508223055576131, 13.521712714013269, 13.530487908164169, 13.532599953776819, 13.540702518611898, 13.556149528497183, 13.567362959454819, 13.573282710569005, 13.582931158804646, 13.59345025462985, 13.595956378371095, 13.597297718226745, 13.605043707891458, 13.610367928708273, 13.610702410996424, 13.613477945145387, 13.615756462446013, 13.613975567511348, 13.61341064392353, 13.615101804591113, 13.615960592943393, 13.616620578809899, 13.619214406093775, 13.622026425670139, 13.623139564496205, 13.625887580218405]",75,0.8253888260851104,,2.4901103778834965,2.490110377883525,13.625887580218405,,0.9083925053478937,,,,152.361257314682,3325.0205347537994,True,3172.6663472652435,0.007054328918457031,0.0,3172.6663472652435,Results/warm_start_cache/complete_graphs_2to12vertices_11instances_AdjacencyList__filehash_1c7be33d/hog_idx000008_26e838c55cf9_seed42_L2_M2_betaanalytic_instance_amplified.npz,152.36978793144226,2026-09-09 16:39:31,x86_64,dacsgpu0003,,64,64,3.11.15,0.27,False,False,False,True,9,True,False,False,False,adam,True,1,25,hamqaoa,0.05,entangled_king,2,2,42,scs,1e-06,100000,False,False,False,hog,False,False,False,False,False,False,True,1,HOG_graphs/Exp5/complete_graphs_2to12vertices_11instances_AdjacencyList.txt,True,Results/warm_start_cache,512,60,0,16,1,1,0,0,5,0,5,10,42,False,_FINAL_BENCHMARKS_KINGENTANGLED,1,42,8,"[(2, 3), (3, 8), (2, 6), (3, 5), (2, 9), (4, 6), (4, 9), (7, 8), (0, 5), (1, 4), (0, 2), (0, 8), (1, 7), (6, 9), (5, 7), (3, 4), (2, 8), (4, 5), (3, 7), (2, 5), (4, 8), (8, 9), (1, 3), (0, 1), (1, 6), (0, 4), (1, 9), (0, 7), (6, 8), (5, 6), (5, 9), (3, 6), (2, 4), (3, 9), (2, 7), (4, 7), (7, 9), (0, 3), (1, 2), (1, 8), (0, 6), (1, 5), (0, 9), (5, 8), (6, 7)]","[1.0, 1.0, 1.0, 1.0, 1.0, 1.0, 1.0, 1.0, 1.0, 1.0, 1.0, 1.0, 1.0, 1.0, 1.0, 1.0, 1.0, 1.0, 1.0, 1.0, 1.0, 1.0, 1.0, 1.0, 1.0, 1.0, 1.0, 1.0, 1.0, 1.0, 1.0, 1.0, 1.0, 1.0, 1.0, 1.0, 1.0, 1.0, 1.0, 1.0, 1.0, 1.0, 1.0, 1.0, 1.0]"
a7958dfb,6,15,5,75.0,False,True,"[1, 1, 1]",,12.000000017305183,6.0000000086525915,4.329547988603966,,4.389199614559301,False,analytic_instance,0.0,0.018815304152667522,4.32954798860397,4.329547988603967,2.220446049250313e-16,3.024670804508432,"[2.220446049250313e-16, 4.240401565523484, 5.092889012402456, 5.084515447631513, 5.028025109613686, 5.154389966047605, 5.274880846780401, 5.364041629607941, 5.42137972062484, 5.426063098794622, 5.403778753797942, 5.428343155864842, 5.495708453526064, 5.561776605543709, 5.605023244880473, 5.612993325454213, 5.620102870968665, 5.6716932684704355, 5.715336941515832, 5.706551365783148, 5.68656326521443, 5.682518641764787, 5.688493600159586, 5.711696745938708, 5.742251330562764, 5.756412709986448, 5.75941947626416, 5.757526488663569, 5.749300208906613, 5.751400903109841, 5.769513440465721, 5.7828648927313075, 5.7880399449868145, 5.797255306201361, 5.803600958679768, 5.8034221939538515, 5.8071185411961235, 5.814038503995621, 5.820915532987968, 5.832761449307249, 5.844322281611916, 5.850212771994642, 5.859592930462417, 5.873570935527603, 5.885266332494528, 5.896454862169295, 5.908267713053938, 5.917150885072872, 5.924949462962699, 5.932531301443625, 5.939417063219747, 5.948158721418707, 5.9546514440389915, 5.953987789658618, 5.948828003463672, 5.945958661308615, 5.948443243707819, 5.952242031369279, 5.954896979573314, 5.959016338855487, 5.96384278178903, 5.966077691192989, 5.965794156295519, 5.9646998305169605, 5.9642365770195855, 5.965057005120984, 5.966791088238047, 5.969060894214551, 5.971860863444763, 5.974678073366723, 5.9762889095316085, 5.976243458677448, 5.975245831537735, 5.974181706127512, 5.974032845179022, 5.974924075671149]",75,0.7215913314339946,,3.2907521741343633,3.290752174134358,5.974924075671149,,0.9958206792785248,,,,49.375120878219604,105.012943983078,True,55.640621185302734,0.002779722213745117,0.0,55.640621185302734,Results/warm_start_cache/complete_graphs_2to12vertices_11instances_AdjacencyList__filehash_1c7be33d/hog_idx000004_3fc9dba75719_seed42_L2_M2_betaanalytic_instance_amplified.npz,49.38484787940979,2026-09-09 16:44:30,x86_64,dacsgpu0003,,64,64,3.11.15,0.25,False,False,False,True,5,True,False,False,False,adam,True,1,25,hamqaoa,0.05,entangled_king,2,2,42,scs,1e-06,100000,False,False,False,hog,False,False,False,False,False,False,True,1,HOG_graphs/Exp5/complete_graphs_2to12vertices_11instances_AdjacencyList.txt,True,Results/warm_start_cache,512,60,0,16,1,1,0,0,5,0,5,10,42,False,_FINAL_BENCHMARKS_KINGENTANGLED,1,42,4,"[(1, 3), (0, 1), (2, 3), (0, 4), (3, 5), (0, 3), (1, 2), (3, 4), (1, 5), (4, 5), (2, 5), (0, 5), (1, 4), (0, 2), (2, 4)]","[1.0, 1.0, 1.0, 1.0, 1.0, 1.0, 1.0, 1.0, 1.0, 1.0, 1.0, 1.0, 1.0, 1.0, 1.0]"
