run_id,n,m,p,precision/iterations,singlet_injection,warm_start,parameter_vector,optimal_result,sdp_objective_value_step1,sdp_objective_value_king_normalized_step1,algorithm17_actual_energy,algorithm17_lower_bound_energy,algorithm17_analytic_F_value,algorithm17_F_bound_applicable,algorithm17_beta_mode,algorithm17_beta_star,algorithm17_beta_optimisation_time_seconds,initial_ws_energy_prodStates_step2,initial_sdp_statevector_energy,initial_qaoa_input_energy_normalized,adam_initial_point_energy_normalized,adam_energy_history_normalized_json,adam_updates_completed,initial_sdp_statevec_ratio,initial_ws_energy_010101,QAOA_improvement_over_SDP_statevectorEnergy,QAOA_improvement_over_SDP_prodStatesEnergy,result,result_010101,approx_ratio,approx_ratio_010101,diff. approx. ratio,sdp ws greater,duration_seconds,duration_seconds_excluding_warm_start_cache_io,warm_start_cache_used,warm_start_compute_time_seconds,warm_start_load_time_seconds,warm_start_save_time_seconds,warm_start_effective_time_seconds,warm_start_cache_path,full duration_seconds,finished_at,processor,hostname,total_ram_gb,physical_cores,logical_cores,python_version,peak_ram_mb,Instance_is_triangle_free,Instance_is_3_regular,Instance_is_bipartite,Instance_is_regular,Regular_degree,Instance_is_claw_free,Instance_is_twin_free,Instance_is_planar,Instance_is_eulerian,optimiser,optimiser_use_heuristic,circuit_type,learning_rate_adam,warm_start_mode,lasserre_level,initial_solver_level_M,sdp_seed,sdp_solver_mode,sdp_scs_eps,sdp_scs_max_iters,compare_with_010101,init_QAOAparams_close_to_zero,use_correlations_as_initial_params,graph_generation_type,weighted,easiest_first,debug,save_circuit_svg,rerun_exclude_finished_instances,warm_start_cache_producer_only,qaoa_only_from_existing_warm_start_cache,num_repeats,relative_graph_adjList_path,persistent_warm_start_cache,warm_start_cache_dir,warm_start_cache_max_file_mb,warm_start_cache_max_total_gb,sdp_max_parallel,qaoa_max_parallel,sdp_threads,qaoa_threads,sdp_memory_limit_total_gb,sdp_memory_limit_single_gb,sdp_memory_poll_seconds,sdp_max_retries,queue_poll_interval_seconds,max_graph_vertices,qaoa_seed,initialise_standard_warm_start_with_zero_angles,result_name_suffix,benchmark_repeat_idx,qaoa_seed_used,hog_graph_index,edges,weights,result_before_warm_start_clip,warm_start_clip_value,warm_start_clip_source,adam_approx_ratio_history_json
ccda43c2,4,4,1,75.0,False,True,"[1, 1, 1]",3.000000000000001,3.9999998188257178,3.9999998188257178,,,,,,,,1.999999853180518,1.9999998531805177,1.9999998531805183,1.9999998531805183,"[1.9999998531805183, 1.9987942045361942, 1.999923483729551, 1.9997366074489524, 1.99930102429595, 1.9994733049689466, 1.9998484597489403, 1.9999990009024597, 1.9998539335036796, 1.9996712733021098, 1.9996762610367516, 1.9998332297233745, 1.999975147322333, 1.9999870730153453, 1.9998946044067074, 1.9998178260491584, 1.999836249623478, 1.9999219389506122, 1.9999910492092658, 1.9999895472325842, 1.9999372921000567, 1.9998988313567476, 1.9999136216464342, 1.99996261089133, 1.999997354244522, 1.9999905770853987, 1.999959399220815, 1.9999422361322408, 1.9999568324107886, 1.999985769087921, 1.9999997832128495, 1.9999892085899382, 1.9999712343330067, 1.9999679849398735, 1.9999821836256582, 1.9999972706676046, 1.9999982068065354, 1.9999876434816728, 1.9999805046900196, 1.9999853871295272, 1.9999957651880982, 1.9999997707214558, 1.999994685392239, 1.9999888084131494, 1.9999899961797238, 1.9999963066190236, 1.9999998501194218, 1.999997304497795, 1.999993367818928, 1.9999936910002598, 1.9999975749324534, 1.9999998572784878, 1.999998223187706, 1.9999958070791652, 1.999996238435924, 1.9999987404695978, 1.9999998487011037, 1.9999985276512424, 1.99999721906236, 1.9999979305038866, 1.9999995021966697, 1.999999734365777, 1.9999986773951555, 1.9999982090579072, 1.9999990300158277, 1.9999998366747973, 1.9999995433130322, 1.9999988706769118, 1.999998980956696, 1.999999652714586, 1.9999998367508223, 1.9999994012739046, 1.9999991912666641, 1.9999995520650455, 1.9999998655905549, 1.999999688254968]",75,0.6666666177268392,,6.661338147750939e-16,4.440892098500626e-16,1.9999998531805183,,0.6666666177268392,,,,2.88258957862854,2.9737353324890137,True,0.0934407711029052,0.0022809505462646,0.0,0.0934407711029052,Results/warm_start_cache/cycle_graphs_3to12vertices_10instances_AdjacencyList__filehash_1a582721/hog_idx000001_39af675d2bf7_seed42_L1_M1_amplified.npz,2.8977274894714355,2026-09-08 23:29:40,x86_64,dacsvm-cpunode01,,32,32,3.11.15,0.22,True,False,True,True,2,True,False,True,True,adam,False,hamqaoa,0.01,standard,1,1,42,scs,1e-06,100000,False,False,False,hog,False,False,False,False,False,False,True,1,HOG_graphs/Exp5/cycle_graphs_3to12vertices_10instances_AdjacencyList.txt,True,Results/warm_start_cache,512,60,0,16,1,1,0,0,5,0,5,10,42,True,_FINAL_BENCHMARKS_STANDARD,1,42,1,"[(1, 2), (0, 1), (2, 3), (0, 3)]","[1.0, 1.0, 1.0, 1.0]",1.999999688254968,1.9999998531805177,initial_sdp_statevector_energy,"[0.6666666177268392, 0.6662647348453978, 0.6666411612431835, 0.6665788691496506, 0.6664336747653165, 0.6664911016563153, 0.6666161532496466, 0.6666663336341531, 0.6666179778345597, 0.666557091100703, 0.666558753678917, 0.666611076574458, 0.6666583824407775, 0.6666623576717816, 0.6666315348022356, 0.6666059420163859, 0.6666120832078258, 0.6666406463168706, 0.6666636830697551, 0.6666631824108612, 0.6666457640333521, 0.6666329437855824, 0.6666378738821446, 0.6666542036304431, 0.6666657847481738, 0.6666635256951328, 0.6666531330736047, 0.6666474120440801, 0.6666522774702627, 0.6666619230293068, 0.666666594404283, 0.6666630695299792, 0.666657078111002, 0.6666559949799576, 0.6666607278752192, 0.6666657568892014, 0.6666660689355116, 0.6666625478272241, 0.6666601682300064, 0.6666617957098422, 0.6666652550626992, 0.6666665902404851, 0.6666648951307461, 0.6666629361377163, 0.6666633320599078, 0.6666654355396744, 0.6666666167064738, 0.6666657681659315, 0.6666644559396424, 0.6666645636667531, 0.6666658583108176, 0.6666666190928291, 0.6666660743959019, 0.6666652690263882, 0.6666654128119744, 0.6666662468231991, 0.666666616233701, 0.6666661758837473, 0.6666657396874531, 0.6666659768346287, 0.666666500732223, 0.6666665781219254, 0.666666225798385, 0.6666660696859689, 0.6666663433386091, 0.6666666122249323, 0.6666665144376772, 0.6666662902256371, 0.6666663269855652, 0.6666665509048618, 0.6666666122502739, 0.6666664670913014, 0.6666663970888879, 0.666666517355015, 0.6666666218635181, 0.6666665627516558]"
6333a501,6,6,1,75.0,False,True,"[1, 1, 1]",4.30277563773199,6.000000504232859,6.000000504232859,,,,,,,,2.9999999999973204,2.999999999997321,2.999999999997321,2.999999999997321,"[2.999999999997321, 2.9986498659007075, 2.9999178640048796, 2.9997144020639084, 2.9992407311484897, 2.999413299811142, 2.9998119702439325, 2.9999992447663453, 2.9998883876534856, 2.9996967301446147, 2.999652088911108, 2.99977065788303, 2.99992603569687, 2.999999149430403, 2.9999622442160865, 2.999878108613002, 2.9998318234025207, 2.999857950606585, 2.9999274542166856, 2.9999859487723763, 2.9999983135396553, 2.999969128286964, 2.9999318188149475, 2.9999188669227967, 2.999938029440642, 2.99997210441706, 2.9999963879103344, 2.999997594789466, 2.9999811773915703, 2.999964174013838, 2.9999608049564306, 2.999972530460686, 2.999989394706333, 2.9999993406805907, 2.999997396765691, 2.9999881384872733, 2.9999807458300873, 2.9999813063041865, 2.9999887568032686, 2.999996887240685, 2.9999999700876234, 2.999997074619174, 2.999992020503824, 2.999989631943934, 2.999991781569724, 2.9999963715367706, 2.999999629950339, 2.9999994640998766, 2.9999968911145047, 2.999994722204993, 2.9999949496809823, 2.9999972130426946, 2.999999442260488, 2.99999992113648, 2.9999987169969877, 2.999997332255694, 2.999997168217199, 2.999998292889501, 2.99999959486281, 2.9999999809275266, 2.9999993554371245, 2.9999985603809884, 2.999998449259385, 2.9999990852212104, 2.9999998097039966, 2.9999999763981964, 2.9999995806268434, 2.9999991581034613, 2.9999991748893695, 2.9999995855118593, 2.9999999511846367, 2.999999949282366, 2.9999996810389913, 2.9999994979062423, 2.9999996029451075, 2.999999862864562]",75,0.6971880083656334,,0.0,4.440892098500626e-16,2.999999999997321,,0.6972243622673834,,,,3.4739761352539062,3.5723624229431152,True,0.1004538536071777,0.0020530223846435,0.0,0.1004538536071777,Results/warm_start_cache/cycle_graphs_3to12vertices_10instances_AdjacencyList__filehash_1a582721/hog_idx000003_04061149741d_seed42_L1_M1_amplified.npz,3.4871716499328613,2026-09-08 23:29:41,x86_64,dacsvm-cpunode01,,32,32,3.11.15,0.23,True,False,True,True,2,True,True,True,True,adam,False,hamqaoa,0.01,standard,1,1,42,scs,1e-06,100000,False,False,False,hog,False,False,False,False,False,False,True,1,HOG_graphs/Exp5/cycle_graphs_3to12vertices_10instances_AdjacencyList.txt,True,Results/warm_start_cache,512,60,0,16,1,1,0,0,5,0,5,10,42,True,_FINAL_BENCHMARKS_STANDARD,1,42,3,"[(0, 1), (2, 3), (1, 2), (3, 4), (4, 5), (0, 5)]","[1.0, 1.0, 1.0, 1.0, 1.0, 1.0]",2.999999862864562,2.999999999997321,initial_sdp_statevector_energy,"[0.6972243622673834, 0.6969105801392209, 0.6972052731957337, 0.6971579869883872, 0.6970479020210779, 0.6970880083796663, 0.6971806626257522, 0.6972241867455716, 0.6971984226522995, 0.697153879890834, 0.6971435049056465, 0.6971710612975909, 0.6972071723633126, 0.6972241645887245, 0.697215587517219, 0.6971960337198175, 0.6971852766610308, 0.697191348835428, 0.6972075020388372, 0.6972210966485998, 0.6972239703209266, 0.6972171874311948, 0.6972085164069171, 0.6972055062820021, 0.6972099598067635, 0.6972178791079976, 0.6972235227890349, 0.6972238032775459, 0.6972199877409532, 0.6972160360178878, 0.6972152530215872, 0.6972179781239961, 0.6972218975116349, 0.6972242090368211, 0.6972237572552125, 0.6972216055561239, 0.6972198874425599, 0.697220017701292, 0.6972217492577825, 0.6972236388374632, 0.6972243553161268, 0.6972236823857457, 0.6972225077682952, 0.6972219526475798, 0.6972224522380701, 0.6972235189836856, 0.6972242762654597, 0.6972242377204655, 0.6972236397377705, 0.6972231356655868, 0.6972231885328539, 0.6972237145564961, 0.6972242326448143, 0.6972243439394835, 0.697224064087687, 0.6972237422625652, 0.6972237041386868, 0.697223965521663, 0.697224268110833, 0.6972243578354084, 0.6972242124663595, 0.6972240276888569, 0.6972240018632939, 0.6972241496659867, 0.6972243180416695, 0.6972243567827552, 0.6972242648022788, 0.6972241666044137, 0.697224170505595, 0.6972242659375962, 0.6972243509229192, 0.697224350480816, 0.6972242881388774, 0.6972242455773394, 0.6972242699892246, 0.6972243303966166]"
26273c1c,3,3,1,75.0,False,True,"[1, 1, 1]",1.5000000000000004,1.8749999972776217,1.8749999972776217,,,,,,,,1.058893930876068,1.058893930876068,1.058893930876068,1.058893930876068,"[1.0588939308760679, 1.0638950740051276, 1.0684004030168004, 1.0724143830105057, 1.075948806345297, 1.0790246877554728, 1.0816736608455109, 1.0839391700263514, 1.085877333793746, 1.0875570055177253, 1.0890587546042805, 1.0904723337633353, 1.0918924813867144, 1.093413335732823, 1.095122093005703, 1.097092996230881, 1.0993827818229258, 1.102028347218738, 1.1050469715416702, 1.1084389194701736, 1.1121918509744886, 1.116286364316169, 1.1207019251876489, 1.125422445580955, 1.130440753689569, 1.1357611977436421, 1.1413997695611404, 1.1473815461247858, 1.1537357510817834, 1.160489496027532, 1.1676614239158931, 1.1752565457635422, 1.1832628455284735, 1.1916498267344215, 1.2003686300288883, 1.2093532037953418, 1.218522124641433, 1.2277808895524294, 1.23702451467291, 1.2461405746445056, 1.2550126999270912, 1.2635247019766365, 1.2715653718232032, 1.2790338580319474, 1.2858455205352401, 1.2919378810192532, 1.2972760058647546, 1.3018566347448512, 1.305709993475865, 1.3088984363728522, 1.31151123563825, 1.313655678984534, 1.3154455099590578, 1.3169886056372162, 1.318376295304104, 1.3196761904876808, 1.3209295637416305, 1.322152836589417, 1.3233421990156466, 1.3244798672333773, 1.3255405955806354, 1.3264975450110281, 1.327326913915678, 1.3280111793568605, 1.328540860112562, 1.3289151617416088, 1.3291416043616695, 1.3292350221930973, 1.3292160912911781, 1.3291096006880645, 1.3289425903384757, 1.328742475414874, 1.3285352481491461, 1.3283438949856887, 1.3281870608061785, 1.3280781579007017]",75,0.7059292872507119,,0.2691842270246338,0.2691842270246338,1.3280781579007015,,0.8853854386004674,,,,2.75335693359375,2.825643301010132,True,0.0736324787139892,0.0013124942779541,0.0,0.0736324787139892,Results/warm_start_cache/cycle_graphs_3to12vertices_10instances_AdjacencyList__filehash_1a582721/hog_idx000000_ef04306f2d85_seed42_L1_M1_amplified.npz,2.7630863189697266,2026-09-08 23:29:42,x86_64,dacsvm-cpunode01,,32,32,3.11.15,0.22,False,False,False,True,2,True,False,True,True,adam,False,hamqaoa,0.01,standard,1,1,42,scs,1e-06,100000,False,False,False,hog,False,False,False,False,False,False,True,1,HOG_graphs/Exp5/cycle_graphs_3to12vertices_10instances_AdjacencyList.txt,True,Results/warm_start_cache,512,60,0,16,1,1,0,0,5,0,5,10,42,True,_FINAL_BENCHMARKS_STANDARD,1,42,0,"[(1, 2), (0, 1), (0, 2)]","[1.0, 1.0, 1.0]",,1.058893930876068,initial_sdp_statevector_energy,"[0.7059292872507117, 0.7092633826700848, 0.7122669353445333, 0.7149429220070036, 0.7172992042301979, 0.7193497918369817, 0.721115773897007, 0.7226261133509008, 0.7239182225291637, 0.7250380036784833, 0.7260391697361868, 0.7269815558422233, 0.727928320924476, 0.7289422238218818, 0.7300813953371351, 0.7313953308205872, 0.732921854548617, 0.7346855648124918, 0.73669798102778, 0.7389592796467822, 0.7414612339829921, 0.7441909095441124, 0.7471346167917657, 0.7502816303873031, 0.7536271691263792, 0.7571741318290945, 0.7609331797074267, 0.764921030749857, 0.7691571673878553, 0.7736596640183545, 0.7784409492772618, 0.7835043638423612, 0.7888418970189821, 0.7944332178229475, 0.800245753352592, 0.8062354691968944, 0.8123480830942885, 0.8185205930349526, 0.8246830097819398, 0.8307603830963368, 0.8366751332847272, 0.8423498013177574, 0.8477102478821352, 0.8526892386879646, 0.8572303470234932, 0.8612919206795019, 0.8648506705765028, 0.8679044231632339, 0.8704733289839097, 0.8725989575819012, 0.874340823758833, 0.8757704526563557, 0.8769636733060383, 0.8779924037581439, 0.8789175302027358, 0.879784126991787, 0.8806197091610868, 0.8814352243929444, 0.8822281326770975, 0.8829865781555846, 0.88369373038709, 0.8843316966740185, 0.8848846092771184, 0.8853407862379068, 0.8856939067417077, 0.8859434411610723, 0.8860944029077794, 0.8861566814620646, 0.8861440608607851, 0.886073067125376, 0.8859617268923169, 0.885828316943249, 0.8856901654327638, 0.8855625966571256, 0.8854580405374521, 0.8853854386004676]"
bf56b138,4,4,2,75.0,False,True,"[1, 1, 1]",3.000000000000001,3.9999998188257178,3.9999998188257178,,,,,,,,1.999999853180518,1.9999998531805177,1.9999998531805183,1.9999998531805183,"[1.9999998531805183, 1.9951808272360736, 1.9996944204406928, 1.9989430461994626, 1.9972036154894337, 1.997898326253738, 1.999399406754136, 1.9999958811653962, 1.9994118242974284, 1.998686372798956, 1.9987121929895129, 1.999338235755858, 1.9999008035405779, 1.9999509067289125, 1.9995914006928168, 1.9992877942975054, 1.999349744696678, 1.9996772458127923, 1.999954847311695, 1.9999717267609878, 1.999784992120958, 1.9996243287768665, 1.9996501612001982, 1.9998206813189618, 1.9999721959808539, 1.999987443468668, 1.9998905900281938, 1.9998018063024756, 1.9998109253033467, 1.999900837018207, 1.999983869101691, 1.9999940962111933, 1.9999426069447679, 1.999893995717233, 1.9998979434470439, 1.9999463610805495, 1.999991493083342, 1.999996810812773, 1.9999684917029523, 1.9999425267688775, 1.999946048133495, 1.999973307209756, 1.9999969545492575, 1.9999977082963971, 1.9999811384107964, 1.9999680831755722, 1.9999721855409494, 1.9999880923658289, 1.9999998985833434, 1.9999983083074693, 1.9999886216799894, 1.9999831332202491, 1.9999877698670372, 1.9999972283343586, 2.0000022416335725, 1.9999996180432178, 1.9999944568513501, 1.9999935985183863, 1.9999984244407116, 2.0000044043583025, 2.000006883791523, 2.000006075621395, 2.000006299195163, 2.0000109678050926, 2.0000195052173297, 2.000029418548486, 2.0000406360385172, 2.0000574737499734, 2.000087359008765, 2.0001398780587194, 2.0002300565345825, 2.0003868699728, 2.000666720200457, 2.0011788079113937, 2.0021329258122176, 2.0039208863848486]",75,0.6666666177268392,,0.0039210332043309,0.0039210332043306,2.003920886384849,,0.6679736287949495,,,,7.074832916259766,7.166878700256348,True,0.0934407711029052,0.0013847351074218,0.0,0.0934407711029052,Results/warm_start_cache/cycle_graphs_3to12vertices_10instances_AdjacencyList__filehash_1a582721/hog_idx000001_39af675d2bf7_seed42_L1_M1_amplified.npz,7.09277868270874,2026-09-08 23:29:44,x86_64,dacsvm-cpunode01,,32,32,3.11.15,0.22,True,False,True,True,2,True,False,True,True,adam,False,hamqaoa,0.01,standard,1,1,42,scs,1e-06,100000,False,False,False,hog,False,False,False,False,False,False,True,1,HOG_graphs/Exp5/cycle_graphs_3to12vertices_10instances_AdjacencyList.txt,True,Results/warm_start_cache,512,60,0,16,1,1,0,0,5,0,5,10,42,True,_FINAL_BENCHMARKS_STANDARD,1,42,1,"[(1, 2), (0, 1), (2, 3), (0, 3)]","[1.0, 1.0, 1.0, 1.0]",,1.9999998531805177,initial_sdp_statevector_energy,"[0.6666666177268392, 0.6650602757453576, 0.6665648068135641, 0.666314348733154, 0.6657345384964777, 0.6659661087512458, 0.6664664689180452, 0.6666652937217985, 0.6664706080991426, 0.6662287909329851, 0.6662373976631708, 0.6664460785852858, 0.6666336011801924, 0.6666503022429706, 0.6665304668976054, 0.666429264765835, 0.6664499148988925, 0.6665590819375973, 0.6666516157705649, 0.6666572422536624, 0.6665949973736525, 0.666541442925622, 0.6665500537333993, 0.6666068937729871, 0.6666573986602844, 0.6666624811562225, 0.6666301966760644, 0.6666006021008251, 0.6666036417677821, 0.6666336123394021, 0.6666612897005635, 0.6666646987370642, 0.6666475356482557, 0.6666313319057442, 0.6666326478156811, 0.6666487870268496, 0.6666638310277805, 0.6666656036042575, 0.6666561639009839, 0.666647508922959, 0.6666486827111648, 0.6666577690699185, 0.666665651516419, 0.6666659027654656, 0.6666603794702652, 0.6666560277251905, 0.6666573951803163, 0.6666626974552761, 0.6666666328611143, 0.6666661027691563, 0.6666628738933296, 0.6666610444067496, 0.6666625899556788, 0.6666657427781193, 0.6666674138778573, 0.6666665393477391, 0.6666648189504498, 0.6666645328394619, 0.6666661414802371, 0.6666681347861007, 0.6666689612638408, 0.6666686918737981, 0.6666687663983875, 0.6666703226016973, 0.6666731684057764, 0.6666764728494952, 0.6666802120128389, 0.6666858245833243, 0.6666957863362548, 0.6667132926862396, 0.666743352178194, 0.6667956233242665, 0.6668889067334854, 0.667059602637131, 0.6673776419374057, 0.6679736287949494]"
a8eca509,6,6,2,75.0,False,True,"[1, 1, 1]",4.30277563773199,6.000000504232859,6.000000504232859,,,,,,,,2.9999999999973204,2.999999999997321,2.999999999997321,2.999999999997321,"[2.999999999997321, 2.994686860427453, 2.9996802287295923, 2.9989042660365377, 2.997074991030282, 2.9977022807510427, 2.999215471260161, 2.9999866837365414, 2.9996698101095753, 2.99897428253541, 2.998710023839813, 2.999032589960693, 2.99958171787971, 2.9999490500729062, 2.999964727909569, 2.9997354954462936, 2.999503038312445, 2.999447062406158, 2.9995826077249905, 2.9997981481573115, 2.999960072377456, 2.999996995445078, 2.9999255247868386, 2.999821037459779, 2.9997610886362147, 2.999779654528861, 2.999857161648306, 2.9999437416776678, 2.9999940684050914, 2.9999917177963886, 2.9999528103123234, 2.999910923070139, 2.9998946639934743, 2.999912033962628, 2.9999496807375383, 2.9999846725353003, 2.9999996788414287, 2.999992156247183, 2.999973165781179, 2.9999584362667466, 2.9999581707062526, 2.9999719656308725, 2.9999912371294215, 3.000006145074617, 3.000012132296885, 3.000012017933074, 3.0000134838620545, 3.0000241111552226, 3.0000479449711652, 3.0000855493313194, 3.0001378648547776, 3.000211650929144, 3.0003247423168187, 3.000511726059378, 3.0008349447608977, 3.0014073673397705, 3.0024318871927744, 3.004257605534694, 3.007442209259194, 3.0127706601174102, 3.0211634584552054, 3.033493010390382, 3.0504133282248036, 3.0722670466168176, 3.0991186474200623, 3.130789808769637, 3.166605666977799, 3.205332555402935, 3.2453272397215516, 3.284889434757836, 3.322655025068847, 3.357468643275795, 3.387910844162333, 3.4123328573361777, 3.4296257515526927, 3.4402467008412327]",75,0.6971880083656334,,0.4402467008439119,0.4402467008439124,3.4402467008412327,,0.7995412706795467,,,,9.538498401641846,9.636773109436035,True,0.1004538536071777,0.0021672248840332,0.0,0.1004538536071777,Results/warm_start_cache/cycle_graphs_3to12vertices_10instances_AdjacencyList__filehash_1a582721/hog_idx000003_04061149741d_seed42_L1_M1_amplified.npz,9.551360845565796,2026-09-08 23:29:47,x86_64,dacsvm-cpunode01,,32,32,3.11.15,0.23,True,False,True,True,2,True,True,True,True,adam,False,hamqaoa,0.01,standard,1,1,42,scs,1e-06,100000,False,False,False,hog,False,False,False,False,False,False,True,1,HOG_graphs/Exp5/cycle_graphs_3to12vertices_10instances_AdjacencyList.txt,True,Results/warm_start_cache,512,60,0,16,1,1,0,0,5,0,5,10,42,True,_FINAL_BENCHMARKS_STANDARD,1,42,3,"[(0, 1), (2, 3), (1, 2), (3, 4), (4, 5), (0, 5)]","[1.0, 1.0, 1.0, 1.0, 1.0, 1.0]",,2.999999999997321,initial_sdp_statevector_energy,"[0.6972243622673834, 0.6959895454846361, 0.6971500448279788, 0.6969697047967093, 0.6965445664301594, 0.696690353655331, 0.697042031417901, 0.6972212674602402, 0.6971476234560798, 0.6969859771996342, 0.696924561332797, 0.6969995283187702, 0.6971271501064836, 0.6972125210911976, 0.6972161647477538, 0.6971628892617477, 0.6971088643361136, 0.6970958550809259, 0.697127356913753, 0.6971774502605756, 0.6972150827642843, 0.6972236639850429, 0.6972070536236723, 0.6971827699203476, 0.6971688373269215, 0.6971731521911415, 0.697191165475117, 0.697211287377036, 0.6972229837171803, 0.697222437416629, 0.697213395001374, 0.6972036600661343, 0.6971998813246815, 0.69720391824657, 0.6972126676627795, 0.6972208000407393, 0.697224287628146, 0.6972225393161542, 0.6972181257776379, 0.6972147025188691, 0.6972146408004537, 0.6972178468529605, 0.6972223257057225, 0.6972257904332497, 0.6972271819123256, 0.6972271553332472, 0.6972274960270467, 0.6972299658962806, 0.6972355050686543, 0.6972442446273299, 0.6972564031798232, 0.6972735516627047, 0.6972998350195878, 0.6973432915598079, 0.6974184102108214, 0.6975514458666555, 0.6977895526003693, 0.6982138643692446, 0.6989539921362082, 0.700192367386707, 0.702142921876278, 0.705008409871296, 0.7089408291417881, 0.714019810764807, 0.7202603408467795, 0.7276209759381943, 0.7359448722376166, 0.7449453155992298, 0.7542404050219491, 0.7634349804233144, 0.7722120102967376, 0.7803029778809313, 0.7873779925806482, 0.7930538667674598, 0.7970728758147524, 0.7995412706795467]"
8a9f50ed,4,4,3,75.0,False,True,"[1, 1, 1]",3.000000000000001,3.9999998188257178,3.9999998188257178,,,,,,,,1.999999853180518,1.9999998531805177,1.9999998531805183,1.9999998531805183,"[1.9999998531805183, 1.989176740459349, 1.99931260750172, 1.997621936534651, 1.9937290530118028, 1.9952910952006688, 1.9986539967030057, 1.999991057261779, 1.9986934568499415, 1.9970786523552537, 1.9971250890530223, 1.998504590119197, 1.9997615825561377, 1.99990713021636, 1.9991437001519525, 1.998461006855297, 1.9985458909853642, 1.9992281708771598, 1.99985895612692, 1.9999680476883022, 1.9996160053179801, 1.999243293576465, 1.99921524975132, 1.999521991806455, 1.9998722866728866, 1.999996421067359, 1.9998617105784076, 1.9996540754847576, 1.9995824481764732, 1.9996992057544347, 1.9998884292448493, 1.9999956040200424, 1.9999612423487827, 1.9998520382041944, 1.99978346137761, 1.9998152975961605, 1.9999121932282051, 1.9999901820889427, 1.9999951593267236, 1.9999439013006708, 1.9998991613762394, 1.9999081517606567, 1.9999637662407588, 2.00002021785973, 2.000041480309853, 2.0000346349377294, 2.0000419155049665, 2.0001061967559632, 2.0002490198699383, 2.000488680323178, 2.000893849074835, 2.0016502476690667, 2.0031240680676885, 2.0059768261521524, 2.0113408434948097, 2.0209359153901065, 2.0369497943411563, 2.061665413826931, 2.096941954520626, 2.1436020711989965, 2.200813321704911, 2.2656154197333063, 2.332991326216819, 2.3975206292243434, 2.456552622240447, 2.509289466336547, 2.5527272198720383, 2.582680849189333, 2.5973269759571767, 2.5993288072868284, 2.594919213050952, 2.590293711136484, 2.588942610835757, 2.5917391297027503, 2.598009411497644, 2.606391876200232]",75,0.6666666177268392,,0.6063920230197142,0.606392023019714,2.606391876200232,,0.8687972920667437,,,,12.877342224121094,12.969868898391724,True,0.0934407711029052,0.0009016990661621,0.0,0.0934407711029052,Results/warm_start_cache/cycle_graphs_3to12vertices_10instances_AdjacencyList__filehash_1a582721/hog_idx000001_39af675d2bf7_seed42_L1_M1_amplified.npz,12.884474992752075,2026-09-08 23:29:50,x86_64,dacsvm-cpunode01,,32,32,3.11.15,0.23,True,False,True,True,2,True,False,True,True,adam,False,hamqaoa,0.01,standard,1,1,42,scs,1e-06,100000,False,False,False,hog,False,False,False,False,False,False,True,1,HOG_graphs/Exp5/cycle_graphs_3to12vertices_10instances_AdjacencyList.txt,True,Results/warm_start_cache,512,60,0,16,1,1,0,0,5,0,5,10,42,True,_FINAL_BENCHMARKS_STANDARD,1,42,1,"[(1, 2), (0, 1), (2, 3), (0, 3)]","[1.0, 1.0, 1.0, 1.0]",,1.9999998531805177,initial_sdp_statevector_energy,"[0.6666666177268392, 0.6630589134864495, 0.6664375358339065, 0.6658739788448835, 0.6645763510039341, 0.665097031733556, 0.6662179989010018, 0.6666636857539261, 0.6662311522833136, 0.6656928841184178, 0.6657083630176739, 0.6661681967063988, 0.666587194185379, 0.6666357100721199, 0.666381233383984, 0.6661536689517655, 0.6661819636617878, 0.6664093902923864, 0.6666196520423064, 0.6666560158961006, 0.6665386684393265, 0.6664144311921548, 0.6664050832504398, 0.6665073306021515, 0.6666240955576287, 0.6666654736891195, 0.6666205701928023, 0.666551358494919, 0.6665274827254909, 0.6665664019181448, 0.6666294764149496, 0.666665201340014, 0.666653747449594, 0.6666173460680647, 0.6665944871258698, 0.66660509919872, 0.6666373977427349, 0.6666633940296474, 0.6666650531089077, 0.6666479671002234, 0.6666330537920796, 0.6666360505868854, 0.6666545887469194, 0.6666734059532431, 0.6666804934366175, 0.6666782116459096, 0.6666806385016553, 0.6667020655853209, 0.6667496732899792, 0.6668295601077259, 0.6669646163582781, 0.6672167492230221, 0.6677080226892294, 0.6686589420507173, 0.6704469478316031, 0.6736453051300353, 0.6789832647803853, 0.6872218046089769, 0.698980651506875, 0.7145340237329986, 0.7336044405683034, 0.7552051399111018, 0.7776637754056062, 0.799173543074781, 0.8188508740801488, 0.8364298221121821, 0.8509090732906792, 0.860893616396444, 0.8657756586523919, 0.8664429357622758, 0.8649730710169837, 0.8634312370454944, 0.8629808702785854, 0.8639130432342499, 0.8660031371658812, 0.8687972920667437]"
04a9ce35,3,3,2,75.0,False,True,"[1, 1, 1]",1.5000000000000004,1.8749999972776217,1.8749999972776217,,,,,,,,1.058893930876068,1.058893930876068,1.058893930876068,1.058893930876068,"[1.0588939308760679, 1.0683913402754746, 1.0758263347501005, 1.08121279563677, 1.0846851583636221, 1.086550960523528, 1.0873212375354717, 1.0876708029933977, 1.0882975543691296, 1.0897384893578992, 1.092258532641423, 1.0958622644483569, 1.1003836760519954, 1.1055938543884845, 1.1112976998541988, 1.1174078608456541, 1.1239775444581228, 1.1311700466012884, 1.1391734686759472, 1.14811180959674, 1.1579979117601995, 1.1687298664890233, 1.1801115249540524, 1.1918875497952406, 1.2037963700682899, 1.2156399808311473, 1.2273353038828527, 1.2388877114092236, 1.2503049678122715, 1.2615451812248648, 1.2725219802658057, 1.283126840657384, 1.2932444104690661, 1.3027595808182804, 1.3115610892014367, 1.3195455091594002, 1.326623517654661, 1.3327292733940914, 1.337834434539582, 1.3419671600823355, 1.3452306816655528, 1.3478065513529198, 1.3499257838715508, 1.3518143160799838, 1.3536430075033663, 1.3555039093852561, 1.3574135519481936, 1.3593345892093394, 1.36120601736642, 1.3629711953071628, 1.3645955841062976, 1.3660702672851115, 1.367403278232174, 1.368605820630347, 1.369681714217768, 1.3706250185508626, 1.3714258396256906, 1.3720800973126934, 1.3725976259861346, 1.373004992542894, 1.3733419494163002, 1.373653556880379, 1.373981211234334, 1.3743554503957573, 1.3747921757136041, 1.3752923902874912, 1.375844735191193, 1.3764296684086892, 1.377024030285228, 1.3776050998555158, 1.3781533979355478, 1.3786541477009941, 1.3790978212921474, 1.3794800010200703, 1.3798011028523853, 1.380066029910418]",75,0.7059292872507119,,0.32117209903435,0.32117209903435,1.380066029910418,,0.9200440199402784,,,,5.986402750015259,6.059198617935181,True,0.0736324787139892,0.0008258819580078,0.0,0.0736324787139892,Results/warm_start_cache/cycle_graphs_3to12vertices_10instances_AdjacencyList__filehash_1a582721/hog_idx000000_ef04306f2d85_seed42_L1_M1_amplified.npz,5.996399641036987,2026-09-08 23:29:51,x86_64,dacsvm-cpunode01,,32,32,3.11.15,0.22,False,False,False,True,2,True,False,True,True,adam,False,hamqaoa,0.01,standard,1,1,42,scs,1e-06,100000,False,False,False,hog,False,False,False,False,False,False,True,1,HOG_graphs/Exp5/cycle_graphs_3to12vertices_10instances_AdjacencyList.txt,True,Results/warm_start_cache,512,60,0,16,1,1,0,0,5,0,5,10,42,True,_FINAL_BENCHMARKS_STANDARD,1,42,0,"[(1, 2), (0, 1), (0, 2)]","[1.0, 1.0, 1.0]",,1.058893930876068,initial_sdp_statevector_energy,"[0.7059292872507117, 0.7122608935169829, 0.7172175565000668, 0.7208085304245132, 0.7231234389090812, 0.7243673070156851, 0.7248808250236476, 0.7251138686622649, 0.7255317029127528, 0.7264923262385993, 0.7281723550942817, 0.7305748429655711, 0.7335891173679967, 0.7370625695923227, 0.7408651332361323, 0.7449385738971025, 0.7493183629720817, 0.7541133644008587, 0.7594489791172979, 0.7654078730644931, 0.7719986078401327, 0.7791532443260153, 0.7867410166360347, 0.7945916998634935, 0.8025309133788597, 0.8104266538874313, 0.8182235359219016, 0.8259251409394821, 0.8335366452081807, 0.8410301208165762, 0.8483479868438701, 0.855417893771589, 0.8621629403127105, 0.8685063872121866, 0.8743740594676241, 0.8796970061062666, 0.8844156784364404, 0.8884861822627274, 0.8918896230263877, 0.8946447733882235, 0.8968204544437016, 0.8985377009019463, 0.8999505225810336, 0.9012095440533223, 0.9024286716689106, 0.9036692729235039, 0.9049423679654621, 0.9062230594728926, 0.9074706782442797, 0.9086474635381083, 0.9097303894041981, 0.9107135115234074, 0.9116021854881157, 0.9124038804202311, 0.9131211428118451, 0.9137500123672415, 0.9142838930837935, 0.9147200648751287, 0.9150650839907561, 0.9153366616952624, 0.9155612996108665, 0.9157690379202523, 0.9159874741562224, 0.9162369669305046, 0.9165281171424025, 0.9168615935249939, 0.9172298234607952, 0.9176197789391258, 0.9180160201901517, 0.9184033999036769, 0.9187689319570316, 0.9191027651339958, 0.919398547528098, 0.9196533340133799, 0.91986740190159, 0.9200440199402784]"
351bf4ff,9,9,1,75.0,False,True,"[1, 1, 1]",6.047299783937018,8.592924894742538,8.592924894742538,,,,,,,,4.298642293126493,4.298642293126493,4.298642293126493,4.298642293126493,"[4.298642293126493, 4.298466621469806, 4.298632057009888, 4.29858738697303, 4.298620143771416, 4.29857460083289, 4.298627983403505, 4.2986594371264895, 4.298660266094154, 4.2986788927143476, 4.298656665305009, 4.298661577646153, 4.298679362278915, 4.298682188342835, 4.298708545657463, 4.298716463947101, 4.298721698617673, 4.298737033196397, 4.29873835757075, 4.298760117702652, 4.298779413705265, 4.2988105150014, 4.298859630736572, 4.2989199929494095, 4.299020102754559, 4.299157434628843, 4.299370094644968, 4.299687053622246, 4.300163562975251, 4.300876175303692, 4.301885387312523, 4.303240638784, 4.304995352570634, 4.3072105241167975, 4.309947609285195, 4.313263889098825, 4.317193188915416, 4.321741360069871, 4.326899889935053, 4.332639807225163, 4.338902075181611, 4.345592676015934, 4.352568353491459, 4.359642053734919, 4.366588797456569, 4.373141386949195, 4.379005729868274, 4.383879180178328, 4.387496241438297, 4.389690262960809, 4.390474731833595, 4.3901209267728785, 4.3891397178697895, 4.3881356730611145, 4.387595857928929, 4.387767474770276, 4.388655529045693, 4.3901042970204935, 4.391880390191295, 4.3937394487512105, 4.395466815919164, 4.3969034163379765, 4.397956469967954, 4.398600696264805, 4.398870084125556, 4.398842918411827, 4.398621737238783, 4.398313681282613, 4.3980130072139305, 4.397790412760181, 4.397686942236532, 4.397714807559185, 4.397861144946745, 4.398095268056519, 4.3983757749749435, 4.3986586168902555]",75,0.7108718857493788,,0.1000163237637625,0.1000163237637625,4.3986586168902555,,0.7273756509598015,,,,13.225661993026732,13.322091102600098,True,0.0978050231933593,0.0013630390167236,0.0,0.0978050231933593,Results/warm_start_cache/cycle_graphs_3to12vertices_10instances_AdjacencyList__filehash_1a582721/hog_idx000006_babf04d63c05_seed42_L1_M1_amplified.npz,13.24919319152832,2026-09-08 23:29:51,x86_64,dacsvm-cpunode01,,32,32,3.11.15,0.3,True,False,False,True,2,True,True,True,True,adam,False,hamqaoa,0.01,standard,1,1,42,scs,1e-06,100000,False,False,False,hog,False,False,False,False,False,False,True,1,HOG_graphs/Exp5/cycle_graphs_3to12vertices_10instances_AdjacencyList.txt,True,Results/warm_start_cache,512,60,0,16,1,1,0,0,5,0,5,10,42,True,_FINAL_BENCHMARKS_STANDARD,1,42,6,"[(0, 1), (2, 3), (1, 2), (5, 6), (3, 4), (7, 8), (4, 5), (0, 8), (6, 7)]","[1.0, 1.0, 1.0, 1.0, 1.0, 1.0, 1.0, 1.0, 1.0]",,4.298642293126493,initial_sdp_statevector_energy,"[0.7108366455628096, 0.7108075959600176, 0.7108349528872402, 0.710827566113233, 0.710832982877666, 0.7108254517579674, 0.7108342792632214, 0.7108394805471181, 0.710839617627748, 0.7108426977826701, 0.7108390221902349, 0.7108398345100008, 0.710842775431304, 0.7108432427578829, 0.7108476012840962, 0.7108489106767046, 0.7108497762978511, 0.7108523120707203, 0.7108525310733166, 0.7108561293953246, 0.7108593202413721, 0.7108644632468863, 0.7108725851751727, 0.7108825668554258, 0.7108991213191909, 0.7109218309382259, 0.7109569970493372, 0.7110094103558711, 0.7110882074008382, 0.7112060471564154, 0.7113729335428837, 0.7115970420739468, 0.7118872069159966, 0.7122535144623907, 0.7127061272426712, 0.7132545174221094, 0.7139042784653818, 0.7146563779671355, 0.7155094082532947, 0.716458578543373, 0.7174941263382885, 0.7186005045687995, 0.7197540239451755, 0.7209237526664551, 0.7220724874687388, 0.723156043721404, 0.7241257894142925, 0.7249316780727313, 0.7255298063926762, 0.7258926165064298, 0.7260223386800962, 0.7259638323924378, 0.7258015766852385, 0.7256355447628022, 0.7255462792804428, 0.7255746583665603, 0.7257215097394285, 0.7259610824456881, 0.7262547826481354, 0.7265622022612416, 0.7268478449827322, 0.7270854056246949, 0.7272595417958129, 0.7273660730279112, 0.7274106198290251, 0.7274061276234624, 0.727369552427764, 0.7273186113520482, 0.7272688909678395, 0.7272320820677184, 0.7272149718652567, 0.7272195797602924, 0.727243778558564, 0.7272824938725287, 0.7273288793550493, 0.7273756509598015]"
b9ed7bde,6,6,3,75.0,False,True,"[1, 1, 1]",4.30277563773199,6.000000504232859,6.000000504232859,,,,,,,,2.9999999999973204,2.999999999997321,2.999999999997321,2.999999999997321,"[2.999999999997321, 2.988256041213075, 2.9993006365533468, 2.9976402955041057, 2.993689392367919, 2.9949655497564507, 2.9981740912349, 2.9999306330037974, 2.999486983166747, 2.9981268869780577, 2.9974119408388304, 2.997811955526962, 2.998809799273042, 2.9996764360330475, 2.999999342826548, 2.999799158218472, 2.9993766643820905, 2.9990653283278847, 2.999041230944148, 2.999275916347927, 2.999614270861389, 2.9998895713432656, 3.0000054156422937, 2.9999605489584007, 2.9998251921614125, 2.9996929819233835, 2.9996343962002805, 2.9996714737648413, 2.9997800037761024, 2.9999115757545756, 3.0000212303432576, 3.000088076286316, 3.000123853415755, 3.000170082939192, 3.0002907103793253, 3.0005663235394593, 3.001102982602757, 3.0020701371848486, 3.0037826487294677, 3.006830780463777, 3.012232560849253, 3.0215087507444216, 3.036534982752295, 3.0591389318834556, 3.0905128279480776, 3.1305397432711906, 3.177220811682194, 3.2263247742506964, 3.2715421730209058, 3.306188989352114, 3.327359553749205, 3.3383589502610365, 3.347381243336495, 3.3628136427796806, 3.3864267164587853, 3.414960123290732, 3.44457634284125, 3.4730390134952938, 3.4997711343978177, 3.5253591288209187, 3.5509077622470855, 3.5771347026206555, 3.603807190266487, 3.62988905525613, 3.654145776742125, 3.6757117811295226, 3.6942957009778232, 3.7100940602474477, 3.723647064672, 3.7356836891214513, 3.746846515495358, 3.7573663216479054, 3.766996986825958, 3.7753403891308466, 3.782294326362605, 3.788303905380502]",75,0.6971880083656334,,0.7883039053831813,0.7883039053831817,3.788303905380502,,0.8804325915021057,,,,17.836204767227173,17.935185432434082,True,0.1004538536071777,0.0014605522155761,0.0,0.1004538536071777,Results/warm_start_cache/cycle_graphs_3to12vertices_10instances_AdjacencyList__filehash_1a582721/hog_idx000003_04061149741d_seed42_L1_M1_amplified.npz,17.85187792778015,2026-09-08 23:29:55,x86_64,dacsvm-cpunode01,,32,32,3.11.15,0.24,True,False,True,True,2,True,True,True,True,adam,False,hamqaoa,0.01,standard,1,1,42,scs,1e-06,100000,False,False,False,hog,False,False,False,False,False,False,True,1,HOG_graphs/Exp5/cycle_graphs_3to12vertices_10instances_AdjacencyList.txt,True,Results/warm_start_cache,512,60,0,16,1,1,0,0,5,0,5,10,42,True,_FINAL_BENCHMARKS_STANDARD,1,42,3,"[(0, 1), (2, 3), (1, 2), (3, 4), (4, 5), (0, 5)]","[1.0, 1.0, 1.0, 1.0, 1.0, 1.0]",,2.999999999997321,initial_sdp_statevector_energy,"[0.6972243622673834, 0.6944949708761009, 0.697061824523644, 0.6966759477805757, 0.6957577258074056, 0.6960543151478632, 0.6968000062432373, 0.6972082408147761, 0.6971051329898734, 0.6967890355906129, 0.6966228763019533, 0.6967158429638968, 0.6969477499537313, 0.6971491633745023, 0.6972242095355591, 0.6971776850069918, 0.6970794940084474, 0.6970071369811659, 0.6970015365534965, 0.6970560793471575, 0.6971347156837807, 0.6971986977514169, 0.6972256209072543, 0.697215193525566, 0.6971837355067465, 0.6971530087737815, 0.6971393929759719, 0.6971480101030738, 0.6971732333590366, 0.6972038117552977, 0.6972292963721856, 0.6972448319121919, 0.6972531468076109, 0.6972638909242763, 0.6972919257209493, 0.6973559804575516, 0.6974807043819393, 0.6977054789608438, 0.6981034805507017, 0.6988118911188893, 0.7000673087470144, 0.7022231706083263, 0.7057153889513199, 0.7109687302905572, 0.71826027851573, 0.7275628586856344, 0.7384119180699181, 0.7498240777321368, 0.7603329684057959, 0.7683851698795104, 0.7733053809663822, 0.775861730039147, 0.7779585842177242, 0.781545199171071, 0.7870330692501047, 0.793664464710684, 0.800547514640317, 0.8071624704387204, 0.8133752324214982, 0.8193220901192861, 0.8252598000017456, 0.8313551539271467, 0.837554056656802, 0.8436156938848567, 0.8492531529411186, 0.8542652674930094, 0.8585843213812331, 0.8622559883701146, 0.8654058166590226, 0.8682032259275654, 0.8707975574274506, 0.8732424458060816, 0.875480690601743, 0.8774197650521335, 0.8790359165360216, 0.8804325915021057]"
4f10c59d,3,3,3,75.0,False,True,"[1, 1, 1]",1.5000000000000004,1.8749999972776217,1.8749999972776217,,,,,,,,1.058893930876068,1.058893930876068,1.058893930876068,1.058893930876068,"[1.0588939308760679, 1.0723667153821785, 1.0811070709135417, 1.0853847604792577, 1.0862072861781493, 1.0853604817488092, 1.0848998560699021, 1.0862708478961745, 1.0898155732306183, 1.095124354718082, 1.1015333422637021, 1.1085149303979165, 1.1159381136865885, 1.1240948636028645, 1.1334362415641497, 1.1442663063890206, 1.1566166675267642, 1.1702693194906761, 1.1848681155470226, 1.2000298671898841, 1.215347627072207, 1.2304230572631325, 1.2449948622364817, 1.2589964625466283, 1.2724531357754003, 1.2853575039835123, 1.297626005822757, 1.309086588754527, 1.319479720962522, 1.328501628864162, 1.335896579977849, 1.3415597424838583, 1.3455805452325842, 1.3481917041518643, 1.349678432563327, 1.3503272884033743, 1.3504214191376969, 1.3502307732520271, 1.3499841048621413, 1.3498618858879052, 1.3500337476028021, 1.350686909817217, 1.351964337599061, 1.3538666680054254, 1.3562427392287792, 1.3588576757437478, 1.3614664122316662, 1.3638624666098302, 1.3659008697895163, 1.3675019623392557, 1.3686443798778523, 1.3693540640173107, 1.369693549949311, 1.3697521190100932, 1.3696354427490751, 1.369453261800672, 1.3693054152932416, 1.3692686697768686, 1.3693879717091166, 1.369674791149478, 1.3701127234839423, 1.3706679250527847, 1.3713003419172134, 1.3719722636257934, 1.3726522602658506, 1.373315311386746, 1.3739414691350031, 1.3745156246820178, 1.3750295447957794, 1.3754848967153066, 1.3758950115641981, 1.3762830135905133, 1.3766762327382442, 1.3770991559680517, 1.3775680496872762, 1.3780893302162083]",75,0.7059292872507119,,0.3191953993401404,0.3191953993401404,1.3780893302162085,,0.9187262201441387,,,,10.438187599182127,10.509160041809082,True,0.0736324787139892,0.0026488304138183,0.0,0.0736324787139892,Results/warm_start_cache/cycle_graphs_3to12vertices_10instances_AdjacencyList__filehash_1a582721/hog_idx000000_ef04306f2d85_seed42_L1_M1_amplified.npz,10.452661037445068,2026-09-08 23:29:55,x86_64,dacsvm-cpunode01,,32,32,3.11.15,0.23,False,False,False,True,2,True,False,True,True,adam,False,hamqaoa,0.01,standard,1,1,42,scs,1e-06,100000,False,False,False,hog,False,False,False,False,False,False,True,1,HOG_graphs/Exp5/cycle_graphs_3to12vertices_10instances_AdjacencyList.txt,True,Results/warm_start_cache,512,60,0,16,1,1,0,0,5,0,5,10,42,True,_FINAL_BENCHMARKS_STANDARD,1,42,0,"[(1, 2), (0, 1), (0, 2)]","[1.0, 1.0, 1.0]",,1.058893930876068,initial_sdp_statevector_energy,"[0.7059292872507117, 0.7149111435881188, 0.7207380472756942, 0.7235898403195049, 0.7241381907854326, 0.7235736544992059, 0.7232665707132678, 0.7241805652641161, 0.7265437154870786, 0.7300829031453878, 0.7343555615091345, 0.7390099535986108, 0.7439587424577254, 0.7493965757352428, 0.7556241610427662, 0.7628442042593468, 0.7710777783511759, 0.7801795463271172, 0.7899120770313482, 0.8000199114599226, 0.8102317513814711, 0.8202820381754214, 0.8299965748243209, 0.8393309750310853, 0.8483020905169333, 0.8569050026556746, 0.8650840038818377, 0.8727243925030178, 0.8796531473083478, 0.8856677525761077, 0.8905977199852324, 0.8943731616559053, 0.8970536968217225, 0.898794469434576, 0.8997856217088844, 0.900218192268916, 0.9002809460917977, 0.9001538488346845, 0.8999894032414273, 0.8999079239252699, 0.9000224984018679, 0.9004579398781444, 0.9013095583993738, 0.9025777786702833, 0.9041618261525193, 0.9059051171624983, 0.9076442748211105, 0.9092416444065532, 0.9106005798596772, 0.9116679748928369, 0.9124295865852345, 0.9129027093448736, 0.9131290332995404, 0.9131680793400618, 0.9130902951660498, 0.9129688412004477, 0.9128702768621608, 0.9128457798512455, 0.9129253144727442, 0.9131165274329851, 0.913408482322628, 0.9137786167018562, 0.9142002279448087, 0.9146481757505287, 0.9151015068439001, 0.9155435409244971, 0.9159609794233352, 0.9163437497880116, 0.916686363197186, 0.9169899311435374, 0.9172633410427985, 0.917522009060342, 0.9177841551588293, 0.9180661039787008, 0.9183786997915172, 0.9187262201441386]"
0d11d894,8,8,1,75.0,False,True,"[1, 1, 1]",5.65109340893718,7.999998910409181,7.999998910409181,,,,,,,,3.999999754446827,3.999999754446828,3.999999754446828,3.999999754446828,"[3.999999754446828, 3.9978411639360525, 3.9998656421213132, 3.9995679669897832, 3.998819887672437, 3.999059250890144, 3.9996692934359706, 3.9999915485382638, 3.9998772796593367, 3.999599545987211, 3.999483266414795, 3.9996014483730127, 3.9998179548736, 3.9999711738943633, 3.9999892601195604, 3.999907286245476, 3.999815344634967, 3.999785159155376, 3.999828579658582, 3.9999078742355074, 3.9999731912435403, 3.9999948680121085, 3.999975211012328, 3.9999396237384675, 3.9999165225498126, 3.9999199820771447, 3.9999446053244294, 3.9999731668226315, 3.999989434034868, 3.999987932781578, 3.999975476059446, 3.999964688706018, 3.9999645606397425, 3.9999750218785346, 3.999988435042978, 3.999995942215468, 3.999993782839115, 3.999985479242895, 3.9999785942963406, 3.9999787871406003, 3.9999859074158306, 3.999994746111785, 3.999999473762401, 3.9999979850717344, 3.9999929804553167, 3.999989297983702, 3.99998987981565, 3.999993872326466, 3.999997785408131, 3.9999987734656854, 3.9999968355969373, 3.9999944240918586, 3.999994006799088, 3.999995965934642, 3.999998571915958, 3.9999997516377985, 3.99999894213218, 3.9999973476140958, 3.999996633413721, 3.999997392959952, 3.9999987631784637, 3.99999948530328, 3.999999114700156, 3.999998322730458, 3.9999980723467043, 3.999998639727569, 3.999999442663662, 3.9999997479658633, 3.999999398674622, 3.999998896892233, 3.999998799093853, 3.999999167465436, 3.9999995826371086, 3.9999996473938655, 3.999999404795759, 3.9999992074177855]",75,0.7078392770212047,,0.0,4.440892098500626e-16,3.999999754446828,,0.7078275768934992,,,,5.956989288330078,6.067229270935059,True,0.1123189926147461,0.0020649433135986,0.0,0.1123189926147461,Results/warm_start_cache/cycle_graphs_3to12vertices_10instances_AdjacencyList__filehash_1a582721/hog_idx000005_f3b9dd34409c_seed42_L1_M1_amplified.npz,5.965962886810303,2026-09-08 23:29:57,x86_64,dacsvm-cpunode01,,32,32,3.11.15,0.24,True,False,True,True,2,True,True,True,True,adam,False,hamqaoa,0.01,standard,1,1,42,scs,1e-06,100000,False,False,False,hog,False,False,False,False,False,False,True,1,HOG_graphs/Exp5/cycle_graphs_3to12vertices_10instances_AdjacencyList.txt,True,Results/warm_start_cache,512,60,0,16,1,1,0,0,5,0,5,10,42,True,_FINAL_BENCHMARKS_STANDARD,1,42,5,"[(0, 1), (2, 3), (0, 7), (1, 2), (5, 6), (3, 4), (4, 5), (6, 7)]","[1.0, 1.0, 1.0, 1.0, 1.0, 1.0, 1.0, 1.0]",3.9999992074177855,3.999999754446828,initial_sdp_statevector_energy,"[0.7078275768934992, 0.7074455993973634, 0.7078038447914422, 0.7077511691214454, 0.7076187913206886, 0.7076611482948856, 0.7077690995357662, 0.7078261248013162, 0.7078059041341536, 0.707756757243096, 0.7077361807698364, 0.7077570938833997, 0.7077954062036748, 0.7078225193673894, 0.7078257198498249, 0.707811214006769, 0.7077949443039248, 0.7077896027748778, 0.7077972863327423, 0.7078113180556652, 0.7078228763512562, 0.7078267122051343, 0.7078232337632899, 0.7078169363494471, 0.7078128484345989, 0.7078134606218486, 0.7078178178754813, 0.7078228720298078, 0.7078257506253395, 0.7078254849682036, 0.7078232806652076, 0.7078213717685309, 0.7078213491063191, 0.7078232002947592, 0.7078255738468265, 0.7078269022928363, 0.70782652017628, 0.7078250507975917, 0.7078238324587578, 0.7078238665838812, 0.7078251265657493, 0.7078266906340304, 0.7078275272244517, 0.7078272637903587, 0.7078263781889262, 0.7078257265501463, 0.707825829509327, 0.7078265360116847, 0.7078272284585054, 0.7078274033021122, 0.7078270603828561, 0.7078266336503808, 0.7078265598075436, 0.7078269064901078, 0.7078273676364962, 0.707827576396422, 0.7078274331488131, 0.7078271509878279, 0.7078270246051399, 0.7078271590120903, 0.7078274014817173, 0.7078275292666899, 0.7078274636859081, 0.7078273235414014, 0.7078272792342672, 0.7078273796362291, 0.7078275217213151, 0.7078275757466478, 0.7078275139371507, 0.7078274251432921, 0.7078274078371934, 0.7078274730230887, 0.707827546490583, 0.7078275579497383, 0.7078275150203281, 0.7078274800929328]"
2537a1e9,4,4,4,75.0,False,True,"[1, 1, 1]",3.000000000000001,3.9999998188257178,3.9999998188257178,,,,,,,,1.999999853180518,1.9999998531805177,1.9999998531805183,1.9999998531805183,"[1.9999998531805183, 1.980810203930064, 1.9987787146103655, 1.99576498375447, 1.9888865455260103, 1.9916738320523037, 1.997632081885632, 1.9999824912577895, 1.997667109400078, 1.9948213590791857, 1.994924227907261, 1.9973694339949564, 1.9995848298202388, 1.999834731022796, 1.9984870394764738, 1.9972850393750017, 1.9974319743487567, 1.9986314586859715, 1.9997478467700807, 1.9999492902877267, 1.9993308479267575, 1.9986651318356243, 1.998605943260234, 1.9991478332466477, 1.9997755706075337, 1.9999977225175736, 1.9997476630646613, 1.9993665701397771, 1.9992428931076602, 1.999469499559195, 1.9998195210305645, 1.9999983213814143, 1.999906397667485, 1.9996942245810847, 1.9995908005200203, 1.999687633325273, 1.9998807685309283, 1.999996520590341, 1.9999585987777497, 1.9998427271272685, 1.9997841042074047, 1.9998423390859774, 1.9999580349937034, 2.000029258872961, 2.000017988948235, 1.99998209215244, 2.0000141619020906, 2.000162770019527, 2.0004227299055155, 2.000817267643985, 2.0015251439364845, 2.0029558460739176, 2.0058217293343334, 2.011357762268075, 2.0216589025532365, 2.039791842234968, 2.0691310055465237, 2.1120077620805002, 2.168397929801353, 2.2337827527904937, 2.3016650458419723, 2.3678385435416955, 2.4313530675775996, 2.4885659554901527, 2.53090585045575, 2.552865773335246, 2.555928289722015, 2.5480119475459673, 2.5378962061834005, 2.5304418130256403, 2.5284335978103316, 2.5331983392518764, 2.5444593680347527, 2.5603821050409374, 2.5779527922901115, 2.5942278426550267]",75,0.6666666177268392,,0.594227989474509,0.5942279894745088,2.5942278426550267,,0.864742614218342,,,,20.011176347732544,20.1037859916687,True,0.0934407711029052,0.0008189678192138,0.0,0.0934407711029052,Results/warm_start_cache/cycle_graphs_3to12vertices_10instances_AdjacencyList__filehash_1a582721/hog_idx000001_39af675d2bf7_seed42_L1_M1_amplified.npz,20.027018308639526,2026-09-08 23:29:58,x86_64,dacsvm-cpunode01,,32,32,3.11.15,0.23,True,False,True,True,2,True,False,True,True,adam,False,hamqaoa,0.01,standard,1,1,42,scs,1e-06,100000,False,False,False,hog,False,False,False,False,False,False,True,1,HOG_graphs/Exp5/cycle_graphs_3to12vertices_10instances_AdjacencyList.txt,True,Results/warm_start_cache,512,60,0,16,1,1,0,0,5,0,5,10,42,True,_FINAL_BENCHMARKS_STANDARD,1,42,1,"[(1, 2), (0, 1), (2, 3), (0, 3)]","[1.0, 1.0, 1.0, 1.0]",,1.9999998531805177,initial_sdp_statevector_energy,"[0.6666666177268392, 0.6602700679766877, 0.6662595715367883, 0.6652549945848232, 0.6629621818420033, 0.6638912773507677, 0.6658773606285437, 0.6666608304192629, 0.6658890364666925, 0.664940453026395, 0.6649747426357535, 0.6657898113316519, 0.6665282766067461, 0.6666115770075984, 0.6661623464921578, 0.665761679791667, 0.6658106581162521, 0.666210486228657, 0.6665826155900267, 0.6666497634292421, 0.6664436159755857, 0.6662217106118746, 0.6662019810867446, 0.6663826110822157, 0.6665918568691778, 0.6666659075058576, 0.6665825543548869, 0.6664555233799255, 0.6664142977025532, 0.6664898331863982, 0.666606507010188, 0.6666661071271379, 0.6666354658891614, 0.666564741527028, 0.6665302668400066, 0.6665625444417576, 0.6666269228436426, 0.6666655068634468, 0.6666528662592497, 0.666614242375756, 0.666594701402468, 0.6666141130286589, 0.6666526783312343, 0.6666764196243201, 0.6666726629827449, 0.6666606973841465, 0.6666713873006966, 0.6667209233398421, 0.6668075766351717, 0.6669390892146614, 0.667175047978828, 0.6676519486913057, 0.6686072431114443, 0.6704525874226915, 0.6738863008510787, 0.6799306140783226, 0.6897103351821744, 0.7040025873601665, 0.722799309933784, 0.7445942509301643, 0.7672216819473239, 0.7892795145138983, 0.8104510225258663, 0.8295219851633839, 0.8436352834852497, 0.850955257778415, 0.8519760965740047, 0.8493373158486555, 0.8459654020611332, 0.8434806043418799, 0.8428111992701103, 0.8443994464172919, 0.8481531226782506, 0.8534607016803122, 0.8593175974300369, 0.864742614218342]"
fcc64e43,9,9,2,75.0,False,True,"[1, 1, 1]",6.047299783937018,8.592924894742538,8.592924894742538,,,,,,,,4.298642293126493,4.298642293126493,4.298642293126493,4.298642293126493,"[4.298642293126493, 4.297544789437823, 4.298591086575371, 4.298389388225365, 4.298031890376556, 4.298239733451898, 4.298556482479508, 4.298676380694244, 4.298543387737394, 4.298415575650488, 4.2984406946770175, 4.298586755558161, 4.298721125167557, 4.298754537172005, 4.2987196483522245, 4.298695172819213, 4.298762530761628, 4.298921837466518, 4.299153763577394, 4.2994599896657455, 4.299910506176129, 4.300640366105247, 4.301829151153857, 4.303687692479207, 4.306440086970333, 4.310321086933536, 4.315551876634295, 4.322331179657342, 4.330900492089165, 4.341556327306099, 4.3545269933233195, 4.369908716521677, 4.387695767173332, 4.407772140118448, 4.429835748334823, 4.453407065192051, 4.478056685659417, 4.503621078326853, 4.530362892474386, 4.5590754958542865, 4.5906394049230785, 4.625634759829, 4.664264880496846, 4.706371987812754, 4.751444387824807, 4.798601786789195, 4.8465996638184645, 4.893911293192449, 4.938955733082545, 4.980434113657819, 5.017427079778228, 5.049160602162123, 5.075110051000938, 5.095224179021754, 5.10977352612946, 5.119204412979396, 5.124149928316614, 5.125481068131426, 5.124302734964193, 5.121840764110593, 5.119300031812684, 5.117730186779616, 5.117855401825547, 5.119933531441731, 5.123750337506898, 5.128751023870065, 5.13423600337247, 5.139549758179241, 5.144221746336695, 5.1480220061606925, 5.150918632444017, 5.152989739593807, 5.154360195996418, 5.155188540324101, 5.155672889945393, 5.156021396485197]",75,0.7108718857493788,,0.8573791033587037,0.8573791033587037,5.156021396485197,,0.8526154780982983,,,,20.293501138687137,20.390438556671143,True,0.0978050231933593,0.0008561611175537,0.0,0.0978050231933593,Results/warm_start_cache/cycle_graphs_3to12vertices_10instances_AdjacencyList__filehash_1a582721/hog_idx000006_babf04d63c05_seed42_L1_M1_amplified.npz,20.300220489501953,2026-09-08 23:29:59,x86_64,dacsvm-cpunode01,,32,32,3.11.15,0.37,True,False,False,True,2,True,True,True,True,adam,False,hamqaoa,0.01,standard,1,1,42,scs,1e-06,100000,False,False,False,hog,False,False,False,False,False,False,True,1,HOG_graphs/Exp5/cycle_graphs_3to12vertices_10instances_AdjacencyList.txt,True,Results/warm_start_cache,512,60,0,16,1,1,0,0,5,0,5,10,42,True,_FINAL_BENCHMARKS_STANDARD,1,42,6,"[(0, 1), (2, 3), (1, 2), (5, 6), (3, 4), (7, 8), (4, 5), (0, 8), (6, 7)]","[1.0, 1.0, 1.0, 1.0, 1.0, 1.0, 1.0, 1.0, 1.0]",,4.298642293126493,initial_sdp_statevector_energy,"[0.7108366455628096, 0.7106551589939469, 0.7108281778907987, 0.7107948244343449, 0.7107357074959457, 0.7107700770629868, 0.7108224556516012, 0.7108422823873376, 0.7108202902649687, 0.7107991548671097, 0.7108033086262133, 0.7108274617005378, 0.7108496814703849, 0.7108552065816978, 0.7108494372596817, 0.7108453899106357, 0.7108565284261422, 0.7108828718704201, 0.710921223881923, 0.7109718623650961, 0.7110463611540565, 0.7111670530256679, 0.7113636341595762, 0.7116709682411917, 0.7121261126179328, 0.7127678866496273, 0.7136328660433483, 0.7147539123392593, 0.7161709600693198, 0.717933041592918, 0.7200779106221785, 0.7226214794459394, 0.7255628005788689, 0.7288826910527038, 0.7325311968329168, 0.7364290219283154, 0.7405051586088286, 0.7447325648200009, 0.7491546730506141, 0.7539026770202812, 0.7591221816250692, 0.7649091206154062, 0.7712971155963159, 0.7782600757306478, 0.7857133857404766, 0.7935114775581914, 0.8014485534009936, 0.8092721492312607, 0.8167208356697508, 0.8235798276260368, 0.8296970977204797, 0.8349446501021537, 0.8392357303802875, 0.8425618641489893, 0.8449677887149173, 0.8465273090276009, 0.847345114579486, 0.8475652359332095, 0.8473703831543936, 0.846963264119194, 0.8465431208505143, 0.8462835264713439, 0.846304232414559, 0.8466478782879957, 0.847279037020246, 0.8481059658218327, 0.8490129788191004, 0.8498916775766657, 0.8506642518369767, 0.8512926744321476, 0.8517716694194671, 0.8521141540363687, 0.8523407769013788, 0.8524777544545478, 0.852557847990274, 0.8526154780982983]"
bf3c5156,3,3,4,75.0,False,True,"[1, 1, 1]",1.5000000000000004,1.8749999972776217,1.8749999972776217,,,,,,,,1.058893930876068,1.058893930876068,1.058893930876068,1.058893930876068,"[1.0588939308760679, 1.075806187305038, 1.084188038678841, 1.0853020924147183, 1.0827900314361307, 1.0811680742353877, 1.0827336948710293, 1.0873976446894558, 1.093920655687759, 1.100986963668906, 1.1080193169046384, 1.1155352254645754, 1.1246548909539813, 1.1362145316400465, 1.1503657633535957, 1.1666994734670924, 1.1845245727455542, 1.2031044622991391, 1.221842093282301, 1.240266582095694, 1.258129526716342, 1.275408732479992, 1.2920414233914161, 1.3077162609014987, 1.3218957080797622, 1.3339652691550024, 1.3433551992679609, 1.34961380040007, 1.3525635710156299, 1.3525368650726994, 1.3504629186662571, 1.3475749469625733, 1.3449356983670135, 1.3432536627173441, 1.3430023849469164, 1.3444045408218703, 1.3473014492839352, 1.3512509937310477, 1.3557108969550424, 1.3601545229042142, 1.3641287937565696, 1.3672900103357564, 1.369435564764657, 1.3705279958380805, 1.3706958058099574, 1.370199184661481, 1.3693659621265724, 1.368517134668596, 1.3679050821072807, 1.367680281616991, 1.3678897734273512, 1.3684980166103893, 1.3694161988333917, 1.3705286707056965, 1.3717123020234698, 1.3728501710348833, 1.3738435986430304, 1.3746245469783636, 1.3751673301025398, 1.3754948990808096, 1.3756743135024683, 1.3757993989381132, 1.3759650188560342, 1.3762425205655051, 1.376665727758704, 1.3772309174458601, 1.3779078549539385, 1.378654683789034, 1.3794303862621002, 1.3802022119303625, 1.3809489746978072, 1.3816624467790268, 1.3823481761095562, 1.3830251722987679, 1.3837230841106996, 1.384476246282737]",75,0.7059292872507119,,0.325582315406669,0.325582315406669,1.384476246282737,,0.922984164188491,,,,15.76218867301941,15.834871530532835,True,0.0736324787139892,0.0009396076202392,0.0,0.0736324787139892,Results/warm_start_cache/cycle_graphs_3to12vertices_10instances_AdjacencyList__filehash_1a582721/hog_idx000000_ef04306f2d85_seed42_L1_M1_amplified.npz,15.770020484924316,2026-09-08 23:30:01,x86_64,dacsvm-cpunode01,,32,32,3.11.15,0.23,False,False,False,True,2,True,False,True,True,adam,False,hamqaoa,0.01,standard,1,1,42,scs,1e-06,100000,False,False,False,hog,False,False,False,False,False,False,True,1,HOG_graphs/Exp5/cycle_graphs_3to12vertices_10instances_AdjacencyList.txt,True,Results/warm_start_cache,512,60,0,16,1,1,0,0,5,0,5,10,42,True,_FINAL_BENCHMARKS_STANDARD,1,42,0,"[(1, 2), (0, 1), (0, 2)]","[1.0, 1.0, 1.0]",,1.058893930876068,initial_sdp_statevector_energy,"[0.7059292872507117, 0.717204124870025, 0.7227920257858937, 0.7235347282764787, 0.7218600209574203, 0.7207787161569249, 0.7218224632473527, 0.7249317631263036, 0.7292804371251724, 0.7339913091126038, 0.738679544603092, 0.7436901503097167, 0.749769927302654, 0.7574763544266975, 0.766910508902397, 0.7777996489780613, 0.789683048497036, 0.8020696415327592, 0.8145613955215338, 0.8268443880637957, 0.8387530178108944, 0.8502724883199945, 0.8613609489276105, 0.8718108406009989, 0.8812638053865078, 0.889310179436668, 0.895570132845307, 0.8997425336000464, 0.901709047343753, 0.9016912433817994, 0.9003086124441712, 0.8983832979750486, 0.8966237989113421, 0.8955024418115625, 0.895334923297944, 0.8962696938812467, 0.8982009661892899, 0.9008339958206982, 0.9038072646366947, 0.9067696819361426, 0.9094191958377128, 0.9115266735571707, 0.9129570431764378, 0.91368533055872, 0.9137972038733047, 0.9134661231076537, 0.9129106414177146, 0.9123447564457304, 0.9119367214048535, 0.9117868544113271, 0.9119265156182339, 0.9123320110735926, 0.9129441325555943, 0.9136857804704641, 0.9144748680156463, 0.9152334473565886, 0.9158957324286867, 0.9164163646522421, 0.9167782200683596, 0.9169965993872061, 0.9171162090016453, 0.9171995992920752, 0.9173100125706892, 0.9174950137103365, 0.9177771518391358, 0.9181539449639065, 0.9186052366359587, 0.9191031225260224, 0.9196202575080665, 0.9201348079535747, 0.9206326497985379, 0.9211082978526843, 0.9215654507397039, 0.9220167815325117, 0.9224820560737994, 0.922984164188491]"
0b85fdac,6,6,4,75.0,False,True,"[1, 1, 1]",4.30277563773199,6.000000504232859,6.000000504232859,,,,,,,,2.9999999999973204,2.999999999997321,2.999999999997321,2.999999999997321,"[2.999999999997321, 2.979507265124118, 2.998791791820067, 2.9959870119375047, 2.9892774260111143, 2.991329681244599, 2.9966773009061707, 2.9997858310589587, 2.999418438193977, 2.997410207757431, 2.996069712009746, 2.9963045635199665, 2.9976087761944896, 2.9990226782610905, 2.9998700669918015, 2.9999848757162506, 2.99959118529602, 2.9990613726602944, 2.9987079365526115, 2.9986734942694624, 2.998925236745593, 2.9993212156160576, 2.9996974963474163, 2.9999359747405996, 2.9999955742529134, 2.9999086907310897, 2.9997546360463176, 2.999623609175156, 2.9995846539926796, 2.999667912906096, 2.9998684854555497, 3.000171292850712, 3.0005931188977435, 3.0012407715797456, 3.002398442184687, 3.0046821166762916, 3.0093071315483453, 3.018422220186809, 3.03514241206381, 3.062700792668222, 3.102672921410253, 3.152902576176582, 3.205973308390838, 3.249274156293611, 3.270195837323212, 3.272646399771928, 3.278642070697017, 3.3007651347113933, 3.336639069998262, 3.3773956052356473, 3.414467509714759, 3.4442182916990784, 3.469827359501984, 3.4973354932745093, 3.529873843866712, 3.566385652776182, 3.60361070647308, 3.6383846317169213, 3.6691707934322464, 3.696496296899048, 3.722141681443202, 3.747573891981371, 3.7726926010490267, 3.7957446107359782, 3.8144502750231872, 3.827598794811341, 3.8360191860693016, 3.8420902889323263, 3.8480728055918347, 3.8548777227271027, 3.8622887066352947, 3.8699060207463503, 3.877598139510041, 3.8852150808527286, 3.8923813620169896, 3.898759987596783]",75,0.6971880083656334,,0.8987599875994623,0.8987599875994627,3.898759987596783,,0.906103481996062,,,,28.02921462059021,28.12794804573059,True,0.1004538536071777,0.0017085075378417,0.0,0.1004538536071777,Results/warm_start_cache/cycle_graphs_3to12vertices_10instances_AdjacencyList__filehash_1a582721/hog_idx000003_04061149741d_seed42_L1_M1_amplified.npz,28.037415027618408,2026-09-08 23:30:05,x86_64,dacsvm-cpunode01,,32,32,3.11.15,0.24,True,False,True,True,2,True,True,True,True,adam,False,hamqaoa,0.01,standard,1,1,42,scs,1e-06,100000,False,False,False,hog,False,False,False,False,False,False,True,1,HOG_graphs/Exp5/cycle_graphs_3to12vertices_10instances_AdjacencyList.txt,True,Results/warm_start_cache,512,60,0,16,1,1,0,0,5,0,5,10,42,True,_FINAL_BENCHMARKS_STANDARD,1,42,3,"[(0, 1), (2, 3), (1, 2), (3, 4), (4, 5), (0, 5)]","[1.0, 1.0, 1.0, 1.0, 1.0, 1.0]",,2.999999999997321,initial_sdp_statevector_energy,"[0.6972243622673834, 0.6924616842663514, 0.6969435648754259, 0.6962917112537853, 0.694732348997582, 0.6952093097797077, 0.6964521400157715, 0.6971745876668943, 0.6970892025815648, 0.6966224735197621, 0.6963109314221613, 0.6963655128203083, 0.6966686224370604, 0.6969972247592922, 0.6971941647817465, 0.6972208472616421, 0.6971293504109166, 0.6970062176518949, 0.696924076230301, 0.6969160715639997, 0.6969745785597917, 0.6970666072649355, 0.6971540579625872, 0.6972094822777879, 0.6972233336884427, 0.697203141252411, 0.6971673376926295, 0.6971368859837342, 0.6971278324829812, 0.6971471825305845, 0.6971937972198783, 0.697264172117539, 0.6973622079164155, 0.6975127276591422, 0.6977817797088911, 0.6983125242059033, 0.6993874152207858, 0.7015058358417756, 0.7053917442145893, 0.7117965356619392, 0.7210863829854917, 0.7327601626559569, 0.7450942317970172, 0.7551577004852421, 0.7600200690563882, 0.7605895996698895, 0.7619830422822609, 0.7671246220152068, 0.7754620158993504, 0.7849341656623968, 0.7935499773152332, 0.8004643006472304, 0.8064160559696167, 0.812809169645194, 0.8203713465588278, 0.82885698745288, 0.8375083922276173, 0.8455901348448481, 0.8527450888343973, 0.8590957577438282, 0.8650559533718001, 0.8709666056296469, 0.8768043975998775, 0.8821618718508711, 0.886509220135354, 0.8895650429100419, 0.8915220102183348, 0.8929329838256468, 0.8943233692798745, 0.8959048872831825, 0.8976272601262384, 0.899397585783997, 0.9011852966504984, 0.9029555356738611, 0.9046210376120561, 0.906103481996062]"
b608efaf,7,7,1,75.0,False,True,"[1, 1, 1]",4.60517925684671,6.480086555465533,6.480086555465533,,,,,,,,3.300884683925487,3.3008846839254877,3.3008846839254877,3.3008846839254877,"[3.3008846839254877, 3.3006911639735708, 3.3008732346798637, 3.3008436001121764, 3.3007759752704424, 3.3008104567866594, 3.3008709183404217, 3.3008854737734428, 3.3008544086222, 3.3008311788738713, 3.300844118421371, 3.3008737998642377, 3.3008893377143576, 3.3008803565926668, 3.30086368543704, 3.30086101185186, 3.3008745436020206, 3.300889630993352, 3.3008927713519842, 3.30088482177237, 3.3008782194876862, 3.3008819236201634, 3.3008923718761234, 3.3008997208517146, 3.3008989141327203, 3.300894634918138, 3.3008950177064658, 3.300901742503284, 3.3009090136984254, 3.3009113438651227, 3.300909943080656, 3.300910515639165, 3.3009158094740405, 3.3009222956526667, 3.3009254605416993, 3.300925925834868, 3.3009280775315584, 3.3009333756419186, 3.3009384614259014, 3.3009406034716267, 3.3009419251429706, 3.3009456617682504, 3.3009505795905745, 3.300953571728039, 3.300955090531762, 3.300958123060864, 3.3009622382647157, 3.3009646954075307, 3.3009661261970202, 3.3009689926848664, 3.3009721921668382, 3.300973753435507, 3.3009753255247967, 3.3009780468179106, 3.300979905219215, 3.300980926782013, 3.3009829736797083, 3.300984828908186, 3.3009856719417328, 3.3009872514969314, 3.300988837443532, 3.30098958776347, 3.300990902882691, 3.3009921538843447, 3.300992819061201, 3.300993987751644, 3.3009949818761815, 3.3009955862205347, 3.300996662288137, 3.3009973366018586, 3.300997987162474, 3.300998865337882, 3.300999329253005, 3.30100003612659, 3.3010006061137376, 3.3010010587092244]",75,0.7168044916233415,,0.0001163747837367,0.0001163747837376,3.3010010587092244,,0.716801860383934,,,,4.307899475097656,4.4112548828125,True,0.1043946743011474,0.0010299682617187,0.0,0.1043946743011474,Results/warm_start_cache/cycle_graphs_3to12vertices_10instances_AdjacencyList__filehash_1a582721/hog_idx000004_caa538b3e766_seed42_L1_M1_amplified.npz,4.3175413608551025,2026-09-08 23:30:06,x86_64,dacsvm-cpunode01,,32,32,3.11.15,0.24,True,False,False,True,2,True,True,True,True,adam,False,hamqaoa,0.01,standard,1,1,42,scs,1e-06,100000,False,False,False,hog,False,False,False,False,False,False,True,1,HOG_graphs/Exp5/cycle_graphs_3to12vertices_10instances_AdjacencyList.txt,True,Results/warm_start_cache,512,60,0,16,1,1,0,0,5,0,5,10,42,True,_FINAL_BENCHMARKS_STANDARD,1,42,4,"[(0, 1), (2, 3), (1, 2), (5, 6), (3, 4), (0, 6), (4, 5)]","[1.0, 1.0, 1.0, 1.0, 1.0, 1.0, 1.0]",,3.3008846839254877,initial_sdp_statevector_energy,"[0.7167765899705048, 0.7167345677296486, 0.7167741038033035, 0.7167676687513687, 0.7167529842324906, 0.7167604717838526, 0.7167736008175754, 0.7167767614834711, 0.716770015784876, 0.7167649715190543, 0.7167677813005585, 0.7167742265312892, 0.7167776005259273, 0.7167756503039728, 0.7167720302156556, 0.7167714496551538, 0.7167743880315787, 0.7167776642105262, 0.7167783461293957, 0.7167766199035159, 0.7167751862384367, 0.716775990579, 0.7167782593844856, 0.7167798551911158, 0.716779680014657, 0.7167787507968473, 0.7167788339181128, 0.7167802941863115, 0.7167818731031649, 0.7167823790914375, 0.7167820749155546, 0.7167821992448101, 0.7167833487841831, 0.7167847572372019, 0.7167854444827696, 0.7167855455196984, 0.7167860127537777, 0.7167871632215587, 0.7167882675833432, 0.7167887327217464, 0.7167890197184668, 0.7167898311147386, 0.7167908990041842, 0.7167915487372994, 0.7167918785406879, 0.7167925370447183, 0.7167934306481206, 0.7167939642088526, 0.7167942749002306, 0.7167948973489315, 0.7167955921062458, 0.7167959311307618, 0.7167962725049412, 0.7167968634250688, 0.7167972669709897, 0.7167974888000958, 0.7167979332774074, 0.7167983361343591, 0.7167985191964072, 0.7167988621917849, 0.7167992065750353, 0.7167993695046186, 0.7167996550785666, 0.716799926729589, 0.7168000711706236, 0.7168003249480289, 0.7168005408190042, 0.7168006720504546, 0.7168009057151052, 0.7168010521401811, 0.7168011934073455, 0.7168013841003368, 0.7168014848380273, 0.7168016383333737, 0.7168017621042664, 0.716801860383934]"
bfeda2f4,4,4,5,75.0,False,True,"[1, 1, 1]",3.000000000000001,3.9999998188257178,3.9999998188257178,,,,,,,,1.999999853180518,1.9999998531805177,1.9999998531805183,1.9999998531805183,"[1.9999998531805183, 1.9701205560767452, 1.9980925253749826, 1.9933690210553165, 1.9827098227620061, 1.9870859611341183, 1.9963508108850538, 1.999969299414421, 1.996346761464453, 1.9919590440431778, 1.9921495179246687, 1.9959371325440298, 1.9993572112460973, 1.9997534740507008, 1.9976945197527454, 1.9958375487493196, 1.9960265688419134, 1.9978432629992964, 1.9995785722738093, 1.999941329051321, 1.9990255632799974, 1.9979848182711664, 1.997843056406573, 1.9986398236859044, 1.9996103536319254, 1.999985127616149, 1.9996297300686219, 1.999050158856683, 1.9988436822254945, 1.9991639368666978, 1.9996813405234863, 1.999961315038375, 1.9998491865588195, 1.9995495609466158, 1.9993887718158616, 1.9995125231101794, 1.9997907058809288, 1.999975300376821, 1.999935832509717, 1.9997632229220945, 1.9996613521795954, 1.999739629375472, 1.999916696514686, 2.000024429305531, 1.999990047761501, 1.9999032699464108, 1.9999073435322603, 2.0000479821259813, 2.0002537586838622, 2.000457256590328, 2.0007190010855758, 2.00124336724593, 2.0023338133287982, 2.0044373818422248, 2.008362815197569, 2.0156044700217186, 2.02867758068855, 2.0512430065167813, 2.08751603438659, 2.140864985648963, 2.211618539633199, 2.2950664177809124, 2.3812307771745886, 2.454526122588707, 2.497095333981251, 2.502412724169656, 2.4868009830957565, 2.474511385703069, 2.4795331173395967, 2.5037932433567534, 2.5421396505623606, 2.587206775338453, 2.6324435142905482, 2.6735722535689237, 2.708725399823316, 2.737950796032804]",75,0.6666666177268392,,0.7379509428522861,0.7379509428522859,2.737950796032804,,0.9126502653442676,,,,28.669415712356567,28.761998176574707,True,0.0934407711029052,0.0008471012115478,0.0,0.0934407711029052,Results/warm_start_cache/cycle_graphs_3to12vertices_10instances_AdjacencyList__filehash_1a582721/hog_idx000001_39af675d2bf7_seed42_L1_M1_amplified.npz,28.67885160446167,2026-09-08 23:30:07,x86_64,dacsvm-cpunode01,,32,32,3.11.15,0.23,True,False,True,True,2,True,False,True,True,adam,False,hamqaoa,0.01,standard,1,1,42,scs,1e-06,100000,False,False,False,hog,False,False,False,False,False,False,True,1,HOG_graphs/Exp5/cycle_graphs_3to12vertices_10instances_AdjacencyList.txt,True,Results/warm_start_cache,512,60,0,16,1,1,0,0,5,0,5,10,42,True,_FINAL_BENCHMARKS_STANDARD,1,42,1,"[(1, 2), (0, 1), (2, 3), (0, 3)]","[1.0, 1.0, 1.0, 1.0]",,1.9999998531805177,initial_sdp_statevector_energy,"[0.6666666177268392, 0.6567068520255815, 0.6660308417916607, 0.664456340351772, 0.6609032742540019, 0.662361987044706, 0.6654502702950178, 0.6666564331381402, 0.6654489204881509, 0.6639863480143924, 0.6640498393082227, 0.6653123775146764, 0.666452403748699, 0.6665844913502335, 0.6658981732509149, 0.6652791829164397, 0.665342189613971, 0.6659477543330986, 0.6665261907579363, 0.6666471096837735, 0.6663418544266656, 0.6659949394237219, 0.6659476854688575, 0.666213274561968, 0.6665367845439749, 0.6666617092053828, 0.6665432433562071, 0.6663500529522275, 0.6662812274084979, 0.6663879789555658, 0.6665604468411619, 0.6666537716794582, 0.6666163955196063, 0.6665165203155384, 0.6664629239386204, 0.6665041743700596, 0.6665969019603094, 0.6666584334589402, 0.6666452775032388, 0.6665877409740313, 0.666553784059865, 0.6665798764584905, 0.6666388988382285, 0.6666748097685101, 0.6666633492538334, 0.6666344233154701, 0.66663578117742, 0.6666826607086602, 0.6667512528946206, 0.6668190855301092, 0.6669063336951917, 0.6670811224153099, 0.6674446044429325, 0.668145793947408, 0.6694542717325228, 0.671868156673906, 0.6762258602295166, 0.6837476688389269, 0.6958386781288631, 0.7136216618829875, 0.7372061798777328, 0.7650221392603039, 0.7937435923915294, 0.8181753741962354, 0.8323651113270834, 0.8341375747232184, 0.8289336610319186, 0.8248371285676894, 0.8265110391131987, 0.8345977477855842, 0.8473798835207866, 0.8624022584461508, 0.8774811714301824, 0.891190751189641, 0.9029084666077718, 0.9126502653442676]"
7ed3957d,8,8,2,75.0,False,True,"[1, 1, 1]",5.65109340893718,7.999998910409181,7.999998910409181,,,,,,,,3.999999754446827,3.999999754446828,3.999999754446828,3.999999754446828,"[3.999999754446828, 3.9915650565171306, 3.9994846788645178, 3.9983812324715227, 3.9955536447222033, 3.996378119987907, 3.9986178271072768, 3.9999161002269954, 3.9997312943182535, 3.9988576028716696, 3.9983061932448307, 3.9984545223815657, 3.9990450981444896, 3.9996388464391073, 3.9999547747598343, 3.999955413826969, 3.9997686738219023, 3.999565658258696, 3.999467023391809, 3.9995047815364964, 3.999637066379897, 3.9997917987165232, 3.999909232116423, 3.9999649100397856, 3.999969014034042, 3.999949942123456, 3.9999348961861667, 3.99993817675155, 3.9999614857166703, 4.000003129905953, 4.000069067296012, 4.000179856052986, 4.000372302713521, 4.000702612308564, 4.001264726854023, 4.002238032953147, 4.00397701609228, 4.007141281417482, 4.012820967028668, 4.02253228586699, 4.038005513233097, 4.060851091109609, 4.092229322145823, 4.132441330231131, 4.180448694360674, 4.233437596457683, 4.286523234901858, 4.3331123175837085, 4.367097731539612, 4.38780907915236, 4.401854643489324, 4.417667989786295, 4.440485128340518, 4.470899438933767, 4.50665426602338, 4.54379594418624, 4.578210471468629, 4.6075763026473835, 4.632748993065413, 4.657514054081199, 4.68611584046042, 4.72087873050797, 4.761867325624685, 4.807696189232858, 4.856336366045737, 4.905641123852866, 4.953661107044989, 4.998835904723571, 5.040093019944044, 5.076825635469758, 5.108697570475596, 5.135324131067174, 5.156066197356143, 5.17017132348129, 5.177243914352206, 5.177782555744499]",75,0.7078392770212047,,1.177782801297671,1.1777828012976714,5.177782555744499,,0.9162443762751927,,,,14.28655219078064,14.397898435592651,True,0.1123189926147461,0.0009582042694091,0.0,0.1123189926147461,Results/warm_start_cache/cycle_graphs_3to12vertices_10instances_AdjacencyList__filehash_1a582721/hog_idx000005_f3b9dd34409c_seed42_L1_M1_amplified.npz,14.29420518875122,2026-09-08 23:30:13,x86_64,dacsvm-cpunode01,,32,32,3.11.15,0.27,True,False,True,True,2,True,True,True,True,adam,False,hamqaoa,0.01,standard,1,1,42,scs,1e-06,100000,False,False,False,hog,False,False,False,False,False,False,True,1,HOG_graphs/Exp5/cycle_graphs_3to12vertices_10instances_AdjacencyList.txt,True,Results/warm_start_cache,512,60,0,16,1,1,0,0,5,0,5,10,42,True,_FINAL_BENCHMARKS_STANDARD,1,42,5,"[(0, 1), (2, 3), (0, 7), (1, 2), (5, 6), (3, 4), (4, 5), (6, 7)]","[1.0, 1.0, 1.0, 1.0, 1.0, 1.0, 1.0, 1.0]",,3.999999754446828,initial_sdp_statevector_energy,"[0.7078275768934992, 0.7063349988525208, 0.707736430712568, 0.7075411682539348, 0.7070408070769548, 0.7071867036682941, 0.7075830353084378, 0.7078127737016602, 0.7077800710200075, 0.7076254652856195, 0.7075278895446192, 0.7075541374095901, 0.7076586438688162, 0.707763711729432, 0.707819617427297, 0.7078197305146393, 0.7077866855812869, 0.7077507605755375, 0.7077333064547596, 0.7077399880191853, 0.7077633967356634, 0.7077907776910695, 0.7078115583420695, 0.7078214109350695, 0.7078221371651915, 0.7078187622589202, 0.7078160997764232, 0.7078166802951205, 0.7078208049774489, 0.7078281742042992, 0.7078398422807736, 0.707859447116326, 0.7078935018817686, 0.7079519524454277, 0.7080514224956962, 0.708223655730699, 0.7085313808049976, 0.7090913194038176, 0.7100963789914372, 0.7118148639173744, 0.7145529583437797, 0.718595641099719, 0.7241482357509752, 0.731264028249063, 0.7397592628267855, 0.7491360149458014, 0.7585298852294212, 0.7667741451116187, 0.7727880987833374, 0.776453114757059, 0.778938574352321, 0.7817368551720933, 0.7857745053935774, 0.791156527666497, 0.7974835912101764, 0.8040560676275933, 0.8101459558654983, 0.8153424424661821, 0.8197969238552563, 0.8241792724068869, 0.829240556004498, 0.835392089439173, 0.8426453043748688, 0.8507550382426005, 0.8593622533942655, 0.8680870707418525, 0.8765845383498343, 0.8845785307349431, 0.8918792621571534, 0.8983793521163144, 0.9040193110940642, 0.9087310648494469, 0.912401516705041, 0.914897516170001, 0.9161490599614612, 0.9162443762751927]"
08464975,7,7,2,75.0,False,True,"[1, 1, 1]",4.60517925684671,6.480086555465533,6.480086555465533,,,,,,,,3.300884683925487,3.3008846839254877,3.3008846839254877,3.3008846839254877,"[3.3008846839254877, 3.3000448622203233, 3.3008314887216277, 3.300703827741243, 3.300405339881822, 3.3005361103333666, 3.3007971268625034, 3.3008849241297815, 3.3007683840593334, 3.300650206578628, 3.3006765409132903, 3.30079642939161, 3.3008832446057066, 3.3008692490258014, 3.300796896960826, 3.3007591036042143, 3.300794110308378, 3.300860577622743, 3.300895276215501, 3.300876295230996, 3.3008382223529713, 3.3008291575978084, 3.300859498361489, 3.300898914762374, 3.3009136168682907, 3.300901090296386, 3.300888883123757, 3.3009018494285027, 3.3009366635129456, 3.300970818494611, 3.300991675407251, 3.30101196641959, 3.3010570176877323, 3.301142039508497, 3.3012694402641003, 3.3014518971932, 3.3017365957349836, 3.3022084667566896, 3.302976279658537, 3.3041680213741134, 3.3059466079957627, 3.3085228213532956, 3.312145508493367, 3.317096495009957, 3.3236926545144936, 3.3322378727466244, 3.343003938515474, 3.3562077601511517, 3.371982535600287, 3.390359099688421, 3.4113135273700306, 3.4348564993962376, 3.460882864307313, 3.489076153501188, 3.5188857798949926, 3.5496606704105345, 3.580595648112391, 3.6106410380511678, 3.638690690095697, 3.663893137081134, 3.685971410087123, 3.705068167585271, 3.7216522621905472, 3.7365418713946745, 3.7505864644204276, 3.7642632330746495, 3.7777541340409972, 3.7911437500873504, 3.8042180232152094, 3.8165429870623835, 3.8278363411422736, 3.8380309241432546, 3.8471195058522225, 3.855269465147212, 3.8628641723960513, 3.8702049236827034]",75,0.7168044916233415,,0.5693202397572157,0.5693202397572166,3.8702049236827034,,0.840402665743947,,,,11.217044830322266,11.31547212600708,True,0.1043946743011474,0.0046765804290771,0.0,0.1043946743011474,Results/warm_start_cache/cycle_graphs_3to12vertices_10instances_AdjacencyList__filehash_1a582721/hog_idx000004_caa538b3e766_seed42_L1_M1_amplified.npz,11.23161268234253,2026-09-08 23:30:13,x86_64,dacsvm-cpunode01,,32,32,3.11.15,0.25,True,False,False,True,2,True,True,True,True,adam,False,hamqaoa,0.01,standard,1,1,42,scs,1e-06,100000,False,False,False,hog,False,False,False,False,False,False,True,1,HOG_graphs/Exp5/cycle_graphs_3to12vertices_10instances_AdjacencyList.txt,True,Results/warm_start_cache,512,60,0,16,1,1,0,0,5,0,5,10,42,True,_FINAL_BENCHMARKS_STANDARD,1,42,4,"[(0, 1), (2, 3), (1, 2), (5, 6), (3, 4), (0, 6), (4, 5)]","[1.0, 1.0, 1.0, 1.0, 1.0, 1.0, 1.0]",,3.3008846839254877,initial_sdp_statevector_energy,"[0.7167765899705048, 0.7165942253635427, 0.7167650388015071, 0.7167373176264421, 0.7166725019389795, 0.7167008983257978, 0.7167575772333015, 0.7167766421301016, 0.7167513358251897, 0.7167256739618584, 0.716731392378709, 0.7167574257797196, 0.7167762774268011, 0.7167732383312252, 0.7167575273108848, 0.7167493206039351, 0.7167569221981862, 0.7167713553636849, 0.7167788900525259, 0.7167747683922285, 0.7167665009880949, 0.7167645326053985, 0.7167711210055429, 0.7167796801513843, 0.7167828726668318, 0.716780152561662, 0.716777501813027, 0.716780317404782, 0.7167878771722744, 0.7167952938176992, 0.7167998228298128, 0.7168042289584796, 0.7168140116977889, 0.7168324739152234, 0.7168601385833063, 0.716899758524013, 0.716961579905094, 0.7170640451937154, 0.7172307733185121, 0.7174895562342488, 0.7178757706512022, 0.7184351871720038, 0.7192218421398177, 0.7202969330842643, 0.721729268100264, 0.7235848350077685, 0.7259226518805522, 0.7287898196712623, 0.7322152618895391, 0.7362056742194855, 0.7407558614137094, 0.7458681427632801, 0.7515196849638103, 0.7576417678668718, 0.7641148332420111, 0.7707975026451158, 0.7775149344705685, 0.7840391951481755, 0.7901300877019946, 0.7956027187506052, 0.8003969453755871, 0.8045437454094307, 0.8081449287033536, 0.8113781598923437, 0.814427898511068, 0.817397765239684, 0.8203272713921949, 0.8232347838471001, 0.8260738205921782, 0.8287501472148281, 0.8312024630640102, 0.8334161842749326, 0.8353897408298605, 0.8371594785187622, 0.8388086449953, 0.840402665743947]"
812acef1,3,3,5,75.0,False,True,"[1, 1, 1]",1.5000000000000004,1.8749999972776217,1.8749999972776217,,,,,,,,1.058893930876068,1.058893930876068,1.058893930876068,1.058893930876068,"[1.0588939308760679, 1.0786958200182644, 1.0853900469669515, 1.0827447572267117, 1.0791752703094124, 1.0802025540885392, 1.0855576673333784, 1.0928746088991177, 1.1002222775202937, 1.10717227968164, 1.1151619873884875, 1.1260446544046494, 1.140609510026519, 1.1584699833594954, 1.178624377395852, 1.1999963900518236, 1.221764804904001, 1.2435882446683002, 1.265448848006714, 1.2871865850805437, 1.3081165989035577, 1.327091561654723, 1.3426508490479383, 1.3533218168171586, 1.3582330358731332, 1.3578555577320741, 1.3540548332139564, 1.349093445445851, 1.3448010852211254, 1.3424427403928558, 1.3426355755948007, 1.3452225741235828, 1.3495647916713307, 1.354918997172376, 1.360638217176374, 1.3662192874111685, 1.371225218737889, 1.3752091309944965, 1.3778050545900127, 1.378918067240797, 1.3788166208068082, 1.3780456998098307, 1.3772214462535075, 1.3768281043163766, 1.3771165140548693, 1.3781253435107923, 1.3797683016734328, 1.381912048824892, 1.3844081815960685, 1.387092409326153, 1.3897859608351906, 1.392319366346611, 1.394570206251681, 1.3964952943110152, 1.3981444357140356, 1.3996503719643834, 1.4011896833413966, 1.4029207129454486, 1.4049269438658494, 1.4071990381129011, 1.4096623464778384, 1.4122292391455784, 1.414847495485165, 1.4175210017420083, 1.4202950596306854, 1.4232204424655586, 1.4263275206008421, 1.4296322259139596, 1.4331614671000783, 1.4369623949526922, 1.4410749886784293, 1.4454887854563916, 1.450125776193346, 1.4548710576859343, 1.4596194030876481, 1.4642748454989516]",75,0.7059292872507119,,0.4053809146228837,0.4053809146228837,1.4642748454989516,,0.9761832303326341,,,,22.430805444717407,22.50347638130188,True,0.0736324787139892,0.0008673667907714,0.0,0.0736324787139892,Results/warm_start_cache/cycle_graphs_3to12vertices_10instances_AdjacencyList__filehash_1a582721/hog_idx000000_ef04306f2d85_seed42_L1_M1_amplified.npz,22.441418886184692,2026-09-08 23:30:13,x86_64,dacsvm-cpunode01,,32,32,3.11.15,0.23,False,False,False,True,2,True,False,True,True,adam,False,hamqaoa,0.01,standard,1,1,42,scs,1e-06,100000,False,False,False,hog,False,False,False,False,False,False,True,1,HOG_graphs/Exp5/cycle_graphs_3to12vertices_10instances_AdjacencyList.txt,True,Results/warm_start_cache,512,60,0,16,1,1,0,0,5,0,5,10,42,True,_FINAL_BENCHMARKS_STANDARD,1,42,0,"[(1, 2), (0, 1), (0, 2)]","[1.0, 1.0, 1.0]",,1.058893930876068,initial_sdp_statevector_energy,"[0.7059292872507117, 0.7191305466788427, 0.7235933646446341, 0.7218298381511409, 0.7194501802062747, 0.7201350360590258, 0.7237051115555854, 0.7285830725994116, 0.7334815183468623, 0.738114853121093, 0.7434413249256581, 0.750696436269766, 0.7604063400176791, 0.7723133222396633, 0.7857495849305678, 0.7999975933678821, 0.8145098699360005, 0.8290588297788666, 0.8436325653378092, 0.8581243900536956, 0.8720777326023715, 0.884727707769815, 0.8951005660319586, 0.9022145445447721, 0.9054886905820885, 0.9052370384880492, 0.9027032221426373, 0.8993956302972337, 0.8965340568140834, 0.8949618269285703, 0.8950903837298669, 0.8968150494157217, 0.8997098611142202, 0.9032793314482505, 0.907092144784249, 0.9108128582741121, 0.9141501458252591, 0.9168060873296641, 0.9185367030600082, 0.9192787114938644, 0.9192110805378719, 0.9186971332065536, 0.9181476308356714, 0.9178854028775841, 0.9180776760365793, 0.9187502290071946, 0.9198455344489549, 0.9212746992165943, 0.922938787730712, 0.9247282728841018, 0.9265239738901268, 0.9282129108977404, 0.9297134708344537, 0.9309968628740098, 0.9320962904760235, 0.9331002479762553, 0.9341264555609308, 0.9352804752969655, 0.9366179625772326, 0.9381326920752672, 0.9397748976518919, 0.9414861594303853, 0.9432316636567765, 0.9450140011613386, 0.9468633730871233, 0.9488136283103721, 0.9508850137338944, 0.9530881506093061, 0.9554409780667186, 0.9579749299684611, 0.9607166591189525, 0.9636591903042607, 0.9667505174622303, 0.9699140384572892, 0.9730796020584318, 0.9761832303326341]"
a6b6dbca,9,9,3,75.0,False,True,"[1, 1, 1]",6.047299783937018,8.592924894742538,8.592924894742538,,,,,,,,4.298642293126493,4.298642293126493,4.298642293126493,4.298642293126493,"[4.298642293126493, 4.295849870780188, 4.2984886375496245, 4.298045377570088, 4.297117449759141, 4.297570224713563, 4.298380428467619, 4.298656259817459, 4.298324906758492, 4.297988346432293, 4.298050666727487, 4.298396221900084, 4.298693169165731, 4.298737103073011, 4.298596256765544, 4.298492351604699, 4.298594117736523, 4.298900403950688, 4.299332097562648, 4.299909114772726, 4.300866686624068, 4.302670234421558, 4.305929852982423, 4.311258466840714, 4.319133927852022, 4.329860975786455, 4.343675139573281, 4.361000134716187, 4.382342543996319, 4.40761631958706, 4.435875424757456, 4.465541867113597, 4.495138959263833, 4.523272183840123, 4.548672166920271, 4.571055052446327, 4.591217439988719, 4.610318710145262, 4.630302300295993, 4.654262635174242, 4.684206813984366, 4.719625645946076, 4.758976307545354, 4.8010835413297235, 4.84520691679306, 4.890453254868685, 4.935430280611024, 4.97848447862952, 5.01809835449397, 5.052980153221839, 5.081903976768269, 5.103710423298538, 5.117716854896518, 5.124336588402502, 5.125373479488386, 5.123706540385674, 5.122656989847986, 5.1250474534419865, 5.1320688751855155, 5.143096369921384, 5.156496107027061, 5.170517626104473, 5.183853462175143, 5.195824381202838, 5.206279109635348, 5.215367072812781, 5.223346338762443, 5.230477975147217, 5.236973515341416, 5.2429952081553175, 5.248736970748743, 5.254534099406902, 5.260875915686972, 5.268263996847664, 5.277011772850782, 5.287133934204524]",75,0.7108718857493788,,0.9884916410780312,0.9884916410780312,5.287133934204524,,0.8742966486047765,,,,36.48333954811096,36.580085039138794,True,0.0978050231933593,0.0010454654693603,0.0,0.0978050231933593,Results/warm_start_cache/cycle_graphs_3to12vertices_10instances_AdjacencyList__filehash_1a582721/hog_idx000006_babf04d63c05_seed42_L1_M1_amplified.npz,36.49026298522949,2026-09-08 23:30:15,x86_64,dacsvm-cpunode01,,32,32,3.11.15,0.43,True,False,False,True,2,True,True,True,True,adam,False,hamqaoa,0.01,standard,1,1,42,scs,1e-06,100000,False,False,False,hog,False,False,False,False,False,False,True,1,HOG_graphs/Exp5/cycle_graphs_3to12vertices_10instances_AdjacencyList.txt,True,Results/warm_start_cache,512,60,0,16,1,1,0,0,5,0,5,10,42,True,_FINAL_BENCHMARKS_STANDARD,1,42,6,"[(0, 1), (2, 3), (1, 2), (5, 6), (3, 4), (7, 8), (4, 5), (0, 8), (6, 7)]","[1.0, 1.0, 1.0, 1.0, 1.0, 1.0, 1.0, 1.0, 1.0]",,4.298642293126493,initial_sdp_statevector_energy,"[0.7108366455628096, 0.7103748820574312, 0.7108112366063565, 0.7107379377795456, 0.7105844927968094, 0.7106593650489879, 0.7107933428213827, 0.7108389551375728, 0.7107841615816377, 0.7107285069360563, 0.7107388124108006, 0.710795954471711, 0.7108450585803638, 0.710852323625731, 0.710829032849269, 0.7108118507738704, 0.7108286791328836, 0.7108793275586451, 0.7109507137355149, 0.7110461310673314, 0.7112044780793128, 0.7115027182628539, 0.7120417387641236, 0.7129228946599243, 0.7142252049955599, 0.7159990624720698, 0.7182834148740326, 0.7211483290939172, 0.7246775752108076, 0.7288569240927456, 0.7335299362105603, 0.7384356699125576, 0.7433299356522606, 0.747982131769777, 0.7521823507084208, 0.755883653161709, 0.7592177672725966, 0.7623764117650162, 0.7656809593920103, 0.7696431136979526, 0.7745947747499913, 0.7804517412023227, 0.7869588870368657, 0.7939218680844096, 0.801218244490378, 0.8087003174307356, 0.816137856059432, 0.8232574300109098, 0.8298081017619074, 0.8355762627551035, 0.8403591947379463, 0.8439651754747028, 0.8462813218703527, 0.8473759812625608, 0.8475474447459219, 0.8472717945942395, 0.8470982377051837, 0.8474935320810885, 0.8486546158696215, 0.8504781561487326, 0.8526939776863499, 0.855012618993774, 0.8572178736606738, 0.8591974214680262, 0.8609262473582657, 0.862429060762948, 0.8637485366008844, 0.8649278458198049, 0.8660019682258832, 0.8669977337789482, 0.8679472092140302, 0.8689058401510242, 0.8699545423001909, 0.8711762580121053, 0.8726228170245018, 0.8742966486047765]"
4e9ccd97,6,6,5,75.0,False,True,"[1, 1, 1]",4.30277563773199,6.000000504232859,6.000000504232859,,,,,,,,2.9999999999973204,2.999999999997321,2.999999999997321,2.999999999997321,"[2.999999999997321, 2.9685931612837453, 2.998165389093071, 2.994001479036791, 2.984028110096013, 2.986940428907159, 2.9947488173534897, 2.9995134648918915, 2.999468235722607, 2.996952199666953, 2.994928727025484, 2.994785626047951, 2.9961914276247157, 2.9980911841417646, 2.9995788619691726, 3.0002510549590657, 3.0001751555410086, 2.9996893569217966, 2.9991998730516216, 2.999051719863228, 2.9994900197124377, 3.000705770315791, 3.002959946139406, 3.0067981948227223, 3.0134081547327853, 3.024964196355991, 3.0444160077581373, 3.0745503589725796, 3.116222944897674, 3.166389879780752, 3.216950079479882, 3.256108825788603, 3.2749475534923516, 3.278789674505646, 3.2885929734954753, 3.315559617051923, 3.3548754091616764, 3.3960644613481477, 3.4315954713971686, 3.461438787465808, 3.4910312441985325, 3.524513931473698, 3.561439445943374, 3.5984118868687345, 3.6322251341392198, 3.661897909957682, 3.6886524254539963, 3.7143313104301114, 3.739713496839153, 3.764031767359425, 3.785653084149411, 3.8030548729257156, 3.815589253764653, 3.823866636929658, 3.8296598248493305, 3.8353257060357118, 3.842718941594343, 3.8522675954737347, 3.8632142540118823, 3.8747003884778453, 3.8864304440366517, 3.8982039700852735, 3.9091118300436487, 3.9178297287875328, 3.9236391619226936, 3.9266293389784006, 3.9275516352442628, 3.9278307928221925, 3.929129356666019, 3.9325563319631858, 3.9381090505256093, 3.9447487208018526, 3.9511075919615775, 3.9562676089909616, 3.9599975763176443, 3.9625240529377157]",75,0.6971880083656334,,0.9625240529403948,0.9625240529403952,3.962524052937716,,0.9209227685937112,,,,41.23124289512634,41.328986167907715,True,0.1004538536071777,0.0026962757110595,0.0,0.1004538536071777,Results/warm_start_cache/cycle_graphs_3to12vertices_10instances_AdjacencyList__filehash_1a582721/hog_idx000003_04061149741d_seed42_L1_M1_amplified.npz,41.24438738822937,2026-09-08 23:30:18,x86_64,dacsvm-cpunode01,,32,32,3.11.15,0.25,True,False,True,True,2,True,True,True,True,adam,False,hamqaoa,0.01,standard,1,1,42,scs,1e-06,100000,False,False,False,hog,False,False,False,False,False,False,True,1,HOG_graphs/Exp5/cycle_graphs_3to12vertices_10instances_AdjacencyList.txt,True,Results/warm_start_cache,512,60,0,16,1,1,0,0,5,0,5,10,42,True,_FINAL_BENCHMARKS_STANDARD,1,42,3,"[(0, 1), (2, 3), (1, 2), (3, 4), (4, 5), (0, 5)]","[1.0, 1.0, 1.0, 1.0, 1.0, 1.0]",,2.999999999997321,initial_sdp_statevector_energy,"[0.6972243622673834, 0.6899251579030744, 0.6967979837948082, 0.6958302572836311, 0.6935123653504986, 0.6941892118924394, 0.696003944777384, 0.6971112875578488, 0.697100775931612, 0.696516028720163, 0.6960457572461581, 0.6960124994168914, 0.696339219119503, 0.6967807379615243, 0.6971264863696826, 0.697282709479249, 0.6972650698381319, 0.6971521662939749, 0.6970384062675672, 0.6970039742634686, 0.6971058387077511, 0.6973883890207845, 0.6979122777878044, 0.6988043179512882, 0.7003405263122584, 0.7030262442292857, 0.7075470031625587, 0.7145504710985087, 0.7242355184804028, 0.7358947215406677, 0.7476453225377907, 0.7567461331785615, 0.7611244064816238, 0.7620173466060408, 0.7642957129014761, 0.7705629798535271, 0.7797002892137885, 0.7892729594281672, 0.7975306547022228, 0.8044664837068627, 0.8113440109646685, 0.8191256593921507, 0.8277074488179965, 0.8363001443332219, 0.8441586175880134, 0.8510548116535963, 0.8572727783218321, 0.8632407597222406, 0.8691397859662444, 0.874791549517897, 0.8798165191213277, 0.8838608361486217, 0.886773928044239, 0.8886976591103953, 0.8900440430279928, 0.8913608398269464, 0.8930790878094343, 0.8952982725132933, 0.8978423648527017, 0.900511835778687, 0.9032379959474727, 0.9059742590111047, 0.9085093342455003, 0.9105354447095075, 0.911885604147108, 0.9125805455773525, 0.9127948947192818, 0.9128597732073632, 0.9131615699899887, 0.9139580268786804, 0.9152485237648602, 0.9167916370562015, 0.9182694903525627, 0.9194687202134307, 0.9203355949103064, 0.9209227685937111]"
201a0586,5,5,1,75.0,False,True,"[1, 1, 1]",3.118033988749903,4.283812974365811,4.283812974365811,,,,,,,,2.0075614175023544,2.0075614175023553,2.0075614175023553,2.0075614175023553,"[2.0075614175023553, 2.01022005338823, 2.011748280341675, 2.0123257772517005, 2.0124094374651715, 2.012357752579824, 2.0123856779055025, 2.012491840705846, 2.012646122235541, 2.01289643602817, 2.0132488524352614, 2.013639713321309, 2.0139950879189845, 2.014264665415167, 2.0144397337959825, 2.0145591086396144, 2.0146839414645266, 2.0148562104808714, 2.015086512695647, 2.015371489419801, 2.0157109912116713, 2.0161110682887515, 2.0165777514889203, 2.0171122699706854, 2.017713888821103, 2.0183879764205725, 2.01915167302837, 2.020032072916956, 2.0210601450642027, 2.0222675063130904, 2.0236896324613975, 2.025372449445545, 2.0273763271913343, 2.0297749961628, 2.032651430960627, 2.036093105757069, 2.0401869290723442, 2.0450132729252863, 2.0506401277445745, 2.057118535891346, 2.064479497593608, 2.0727308833229032, 2.0818535908453826, 2.0917965668811513, 2.102471059121646, 2.1137447938557927, 2.1254370360297563, 2.1373156268005595, 2.1490972029641666, 2.1604522121231944, 2.171016665289038, 2.1804134790796126, 2.1882866538144277, 2.194351165954948, 2.1984583536301456, 2.2006658266884944, 2.201281518751894, 2.2008361573182533, 2.199961529876457, 2.199221675940252, 2.1989866132035103, 2.1993989374709324, 2.2004136287149363, 2.2018675162520283, 2.203546314290616, 2.2052361373044347, 2.2067565609639717, 2.2079772078153956, 2.20882239251764, 2.209269415564678, 2.2093445702982235, 2.20911714953336, 2.208688774360937, 2.208176182781341, 2.207690004078035, 2.2073158809771893]",75,0.6438619042663103,,0.199754463474834,0.1997544634748349,2.2073158809771893,,0.7079191211325304,,,,3.7696478366851807,3.8411495685577393,True,0.0730552673339843,0.0015425682067871,0.0,0.0730552673339843,Results/warm_start_cache/cycle_graphs_3to12vertices_10instances_AdjacencyList__filehash_1a582721/hog_idx000002_ee18cc9e4ef7_seed42_L1_M1_amplified.npz,3.7816085815429688,2026-09-08 23:30:23,x86_64,dacsvm-cpunode01,,32,32,3.11.15,0.22,True,False,False,True,2,True,True,True,True,adam,False,hamqaoa,0.01,standard,1,1,42,scs,1e-06,100000,False,False,False,hog,False,False,False,False,False,False,True,1,HOG_graphs/Exp5/cycle_graphs_3to12vertices_10instances_AdjacencyList.txt,True,Results/warm_start_cache,512,60,0,16,1,1,0,0,5,0,5,10,42,True,_FINAL_BENCHMARKS_STANDARD,1,42,2,"[(0, 1), (2, 3), (0, 4), (1, 2), (3, 4)]","[1.0, 1.0, 1.0, 1.0, 1.0]",,2.0075614175023553,initial_sdp_statevector_energy,"[0.6438548857215108, 0.6447075498988314, 0.6451976750735277, 0.6453828869448892, 0.6454097180229893, 0.6453931419094723, 0.6454020979778728, 0.6454361459711682, 0.6454856263585699, 0.6455659057248411, 0.6456789309222453, 0.6458042858373803, 0.6459182597706208, 0.6460047172939046, 0.6460608643344589, 0.6460991496270703, 0.6461391853756743, 0.6461944346182952, 0.6462682959731125, 0.6463596922584586, 0.6464685755461632, 0.646596886231205, 0.6467465584932306, 0.6469179865417041, 0.6471109346790843, 0.6473271246250251, 0.6475720535162921, 0.6478544108901253, 0.6481841289595742, 0.6485713477176904, 0.6490274447818783, 0.6495671492848503, 0.650209822762118, 0.6509791116730537, 0.6519016272095121, 0.6530054236430531, 0.6543183738321935, 0.6558662542819755, 0.6576708705368305, 0.6597485926431789, 0.6621093628364548, 0.6647557052942558, 0.6676814936453112, 0.6708703543413921, 0.6742938231935626, 0.6779094780500599, 0.6816593544837838, 0.6854689956915647, 0.6892475228680214, 0.6928892436446381, 0.6962774213245354, 0.6992911196435656, 0.7018161641951074, 0.7037611436797447, 0.7050783800184174, 0.7057863495486769, 0.7059838111753369, 0.7058409771218123, 0.7055604710577501, 0.7053231888668329, 0.7052478007416265, 0.7053800392832555, 0.7057054658974826, 0.7061717493127172, 0.7067101648799128, 0.7072521163210823, 0.7077397388630504, 0.7081312185120305, 0.7084022818504334, 0.7085456488081546, 0.7085697520519988, 0.7084968148211398, 0.708359428514907, 0.7081950327509591, 0.7080391079903374, 0.7079191211325304]"
134ab933,7,7,3,75.0,False,True,"[1, 1, 1]",4.60517925684671,6.480086555465533,6.480086555465533,,,,,,,,3.300884683925487,3.3008846839254877,3.3008846839254877,3.3008846839254877,"[3.3008846839254877, 3.298944048128558, 3.3007598600525068, 3.300469282425461, 3.29977358494232, 3.300057178839189, 3.3006594923085486, 3.300884966896202, 3.30063442043445, 3.3003491651135466, 3.3003838809518093, 3.3006508104384924, 3.300865465918892, 3.3008562560226076, 3.3006955917435454, 3.30059062393677, 3.300649309804722, 3.3007980815745652, 3.300893490885832, 3.3008669177540755, 3.3007779790222105, 3.300737965675371, 3.3007899087253305, 3.300878999482434, 3.3009243053928032, 3.3009021398961957, 3.3008628226062644, 3.30086908969716, 3.300929839235039, 3.3010011345041264, 3.301043275362401, 3.3010664341139053, 3.3011198497428547, 3.3012433224384137, 3.301442519516543, 3.3017203014377396, 3.3021281163744782, 3.3027852984512167, 3.3038637513895153, 3.305582320443813, 3.3082275529304197, 3.312176101951323, 3.3178479185352936, 3.3256427634773775, 3.3359691773810587, 3.349275626765813, 3.3660098999473167, 3.386577979234867, 3.411308986334244, 3.440439709555212, 3.474105328372018, 3.5122932813800807, 3.5547880415783206, 3.601059540613926, 3.6501402399149048, 3.7007030316207667, 3.751314622559275, 3.80054271037686, 3.8469689487314547, 3.889663183859282, 3.928655932809266, 3.964418819598287, 3.9968546086234795, 4.025020766809678, 4.047896457406546, 4.0647425257636804, 4.075342058738522, 4.080168295511085, 4.080412292883122, 4.07804308094895, 4.075443055201206, 4.074494038575936, 4.076140609186722, 4.080537775942847, 4.087367380505253, 4.095933703617667]",75,0.7168044916233415,,0.7950490196921791,0.79504901969218,4.095933703617667,,0.8894189509622397,,,,21.554142951965332,21.65627956390381,True,0.1043946743011474,0.0022454261779785,0.0,0.1043946743011474,Results/warm_start_cache/cycle_graphs_3to12vertices_10instances_AdjacencyList__filehash_1a582721/hog_idx000004_caa538b3e766_seed42_L1_M1_amplified.npz,21.571828603744507,2026-09-08 23:30:24,x86_64,dacsvm-cpunode01,,32,32,3.11.15,0.26,True,False,False,True,2,True,True,True,True,adam,False,hamqaoa,0.01,standard,1,1,42,scs,1e-06,100000,False,False,False,hog,False,False,False,False,False,False,True,1,HOG_graphs/Exp5/cycle_graphs_3to12vertices_10instances_AdjacencyList.txt,True,Results/warm_start_cache,512,60,0,16,1,1,0,0,5,0,5,10,42,True,_FINAL_BENCHMARKS_STANDARD,1,42,4,"[(0, 1), (2, 3), (1, 2), (5, 6), (3, 4), (0, 6), (4, 5)]","[1.0, 1.0, 1.0, 1.0, 1.0, 1.0, 1.0]",,3.3008846839254877,initial_sdp_statevector_energy,"[0.7167765899705048, 0.7163551870915518, 0.7167494848642713, 0.7166863868585609, 0.7165353183671213, 0.7165968998780793, 0.7167276903285191, 0.7167766514166936, 0.7167222460509568, 0.7166603037670644, 0.7166678422007119, 0.7167258050881036, 0.7167724168416157, 0.7167704169419873, 0.7167355292057883, 0.7167127357810548, 0.7167254792302624, 0.7167577845459833, 0.7167785023738777, 0.7167727321029992, 0.7167534193408015, 0.7167447305700485, 0.7167560098378168, 0.7167753556118106, 0.716785193645868, 0.7167803804789159, 0.7167718428547023, 0.7167732037335185, 0.7167863953020743, 0.7168018768425555, 0.7168110275956368, 0.7168160564447245, 0.7168276554783277, 0.7168544671806899, 0.7168977221914113, 0.7169580416503736, 0.7170465973642759, 0.7171893023579549, 0.7174234849767303, 0.7177966667701953, 0.7183710705749274, 0.7192284854117186, 0.720460102308181, 0.7221527280470151, 0.7243950759183447, 0.7272845289977165, 0.7309183230908832, 0.7353846159625387, 0.7407548753422596, 0.7470805190569224, 0.7543909008985746, 0.7626832931982418, 0.7719108949544734, 0.7819586035136595, 0.7926163209582104, 0.8035958700454013, 0.8145860157304498, 0.8252757381216891, 0.8353570478308759, 0.8446279649323877, 0.8530951161061475, 0.860860913004466, 0.867904241226048, 0.8740204327172527, 0.8789878160309116, 0.8826458860902017, 0.8849475408974673, 0.8859955428325469, 0.8860485260843224, 0.8855340592629386, 0.8849694719574872, 0.8847633960216028, 0.8851209435825014, 0.8860757743308566, 0.8875588011972378, 0.8894189509622397]"
2bfecd1f,8,8,3,75.0,False,True,"[1, 1, 1]",5.65109340893718,7.999998910409181,7.999998910409181,,,,,,,,3.999999754446827,3.999999754446828,3.999999754446828,3.999999754446828,"[3.999999754446828, 3.981520264889407, 3.9988929304371656, 3.996619969892556, 3.9906979222601957, 3.9922755147276363, 3.9968166557818576, 3.999653290832096, 3.999764418470954, 3.9984436509878067, 3.997309305781046, 3.997148003952651, 3.997828735698754, 3.9988107142864906, 3.999622650762665, 4.000060515712074, 4.0001599520583095, 4.0000798770537545, 3.9999952174266773, 4.000043044241299, 4.000326921611812, 4.000972803670473, 4.002223105826393, 4.004564290315188, 4.008906787730302, 4.016844599372575, 4.030796988197125, 4.053597370234331, 4.087379835951426, 4.132364593166671, 4.185665139016543, 4.240629647373667, 4.2867079043876535, 4.31392797538674, 4.323705521683871, 4.329887963204809, 4.346016715228419, 4.374958466005924, 4.411855916018934, 4.450144430016431, 4.484862752086533, 4.514095804445402, 4.539088847431057, 4.562832314998303, 4.587788538360923, 4.614768397777544, 4.643368741742101, 4.672683053693551, 4.701602974668903, 4.728943678677654, 4.753833920230239, 4.776219624309532, 4.7969147426054235, 4.817240057919405, 4.838593678124006, 4.861600738841944, 4.885654821803338, 4.909377425602177, 4.931468232002442, 4.951367033190681, 4.969416057533265, 4.98651569660805, 5.003524728343052, 5.0207847610465155, 5.038015755693736, 5.054553763571881, 5.069734733049844, 5.083200692402655, 5.094993956579464, 5.105452744776238, 5.115017325216041, 5.124070526549373, 5.132882101567793, 5.1416292520096, 5.150416600528337, 5.159257797738393]",75,0.7078392770212047,,1.159258043291565,1.1592580432915651,5.159257797738393,,0.9129662924309566,,,,27.171056032180783,27.28199338912964,True,0.1123189926147461,0.0013706684112548,0.0,0.1123189926147461,Results/warm_start_cache/cycle_graphs_3to12vertices_10instances_AdjacencyList__filehash_1a582721/hog_idx000005_f3b9dd34409c_seed42_L1_M1_amplified.npz,27.185895204544067,2026-09-08 23:30:25,x86_64,dacsvm-cpunode01,,32,32,3.11.15,0.28,True,False,True,True,2,True,True,True,True,adam,False,hamqaoa,0.01,standard,1,1,42,scs,1e-06,100000,False,False,False,hog,False,False,False,False,False,False,True,1,HOG_graphs/Exp5/cycle_graphs_3to12vertices_10instances_AdjacencyList.txt,True,Results/warm_start_cache,512,60,0,16,1,1,0,0,5,0,5,10,42,True,_FINAL_BENCHMARKS_STANDARD,1,42,5,"[(0, 1), (2, 3), (0, 7), (1, 2), (5, 6), (3, 4), (4, 5), (6, 7)]","[1.0, 1.0, 1.0, 1.0, 1.0, 1.0, 1.0, 1.0]",,3.999999754446828,initial_sdp_statevector_energy,"[0.7078275768934992, 0.7045575036138405, 0.707631716742274, 0.7072295006789162, 0.7061815534581192, 0.7064607193386452, 0.7072643056051612, 0.7077662677645111, 0.7077859325675531, 0.7075522136413964, 0.7073514834243084, 0.7073229399519708, 0.7074434001349553, 0.7076171680267024, 0.7077608457926531, 0.7078383290189463, 0.7078559249670292, 0.7078417551420484, 0.707826774036455, 0.7078352373215506, 0.7078854713824607, 0.7079997646726123, 0.7082210142725467, 0.7086353030339203, 0.7094037379368449, 0.7108083885182208, 0.7132773600631759, 0.7173120451032687, 0.7232900856827552, 0.7312504490956308, 0.7406823487286429, 0.7504086980171182, 0.7585625637700916, 0.7633793432903235, 0.7651095476224034, 0.7662035733398266, 0.7690576673808316, 0.7741791100262024, 0.7807083685860868, 0.7874837855234436, 0.7936274323467636, 0.7988004228184193, 0.8032231143538537, 0.8074246848905743, 0.8118408609394697, 0.8166151333615027, 0.8216761617138789, 0.8268635316315465, 0.8319811113426896, 0.836819237706963, 0.8412237378189629, 0.8451850427310159, 0.8488471868150549, 0.8524438917079235, 0.8562225622517213, 0.8602938205115038, 0.8645503565870449, 0.8687482351358796, 0.8726573558673347, 0.8761785861405361, 0.87937248562803, 0.8823983848367994, 0.8854082504511427, 0.8884625324200386, 0.891511675904372, 0.894438190594784, 0.8971245679698164, 0.8995074624609098, 0.9015943619905049, 0.9034451167807608, 0.9051376353338387, 0.9067396618229098, 0.9082989308671066, 0.9098467995376144, 0.9114017815354062, 0.9129662924309566]"
2582f526,5,5,2,75.0,False,True,"[1, 1, 1]",3.118033988749903,4.283812974365811,4.283812974365811,,,,,,,,2.0075614175023544,2.0075614175023553,2.0075614175023553,2.0075614175023553,"[2.0075614175023553, 2.0116882460369725, 2.0115571849256297, 2.0105752157568215, 2.011220962049295, 2.0118980996474383, 2.011981470876402, 2.0121484954053965, 2.0126379652634605, 2.013203553205331, 2.0134555231637234, 2.013380238515132, 2.0134118675538617, 2.0138381242420826, 2.0145797189803663, 2.0154444452751, 2.0163899049278475, 2.0175617508282966, 2.0191332954755024, 2.0211846572431207, 2.0237512041322483, 2.0269225333877086, 2.0308594236481095, 2.0357483497598987, 2.041787289191243, 2.0492351049368733, 2.0584675698496047, 2.069972041110773, 2.084281045570599, 2.1018987606388797, 2.1232552915796994, 2.148677941826045, 2.178359887998103, 2.2123207133304787, 2.2503630921890223, 2.2920319481194094, 2.3365823748363486, 2.3829666164116277, 2.4298546787521964, 2.4757098006342315, 2.518943210325484, 2.558161150510103, 2.5924638210997797, 2.6216529760303167, 2.6461598750184887, 2.6666866829434324, 2.683821232764434, 2.6978700340735546, 2.7089348535299234, 2.7171143960035176, 2.722707027021529, 2.726308005777563, 2.728727892413737, 2.7307591906434086, 2.732937324569221, 2.735442589326859, 2.7381689089970225, 2.7408845374879562, 2.7433861712142966, 2.7455741087663323, 2.7474365328137167, 2.7489898806324327, 2.7502341101999552, 2.7511499914718955, 2.751732934462832, 2.752036327311122, 2.7521907863023656, 2.752375393464433, 2.7527512105603513, 2.7534030981513946, 2.754327838057685, 2.755465678946412, 2.7567435890139254, 2.758102149025565, 2.7594957821496573, 2.7608756513679187]",75,0.6438619042663103,,0.7533142338655634,0.7533142338655643,2.7608756513679187,,0.885453994834361,,,,8.955608606338501,9.027779579162598,True,0.0730552673339843,0.000873327255249,0.0,0.0730552673339843,Results/warm_start_cache/cycle_graphs_3to12vertices_10instances_AdjacencyList__filehash_1a582721/hog_idx000002_ee18cc9e4ef7_seed42_L1_M1_amplified.npz,8.966099739074707,2026-09-08 23:30:29,x86_64,dacsvm-cpunode01,,32,32,3.11.15,0.23,True,False,False,True,2,True,True,True,True,adam,False,hamqaoa,0.01,standard,1,1,42,scs,1e-06,100000,False,False,False,hog,False,False,False,False,False,False,True,1,HOG_graphs/Exp5/cycle_graphs_3to12vertices_10instances_AdjacencyList.txt,True,Results/warm_start_cache,512,60,0,16,1,1,0,0,5,0,5,10,42,True,_FINAL_BENCHMARKS_STANDARD,1,42,2,"[(0, 1), (2, 3), (0, 4), (1, 2), (3, 4)]","[1.0, 1.0, 1.0, 1.0, 1.0]",,2.0075614175023553,initial_sdp_statevector_energy,"[0.6438548857215108, 0.645178421176707, 0.6451363879237612, 0.6448214557670396, 0.6450285562331678, 0.6452457243591684, 0.6452724627556273, 0.6453260300129431, 0.6454830102959772, 0.645664402783651, 0.6457452133069812, 0.6457210683974443, 0.6457312123018545, 0.6458679191786104, 0.6461057596707152, 0.6463830902892568, 0.6466863132997047, 0.6470621417559297, 0.6475661595610197, 0.648224061872226, 0.6490471917349497, 0.6500642843217858, 0.6513269037398567, 0.6528948552533517, 0.6548316331887858, 0.6572202587690401, 0.6601812479519812, 0.6638709034537099, 0.6684600145767619, 0.6741102785353482, 0.6809596365018987, 0.6891130595685081, 0.6986325023581482, 0.7095242455062053, 0.7217250037390543, 0.7350888272511558, 0.7493768134878935, 0.7642529314977153, 0.7792906323405363, 0.7939970537738765, 0.8078626530095622, 0.8204404312910436, 0.8314418093111174, 0.8408032066005163, 0.8486629345818645, 0.8552461880034133, 0.8607414936616661, 0.8652471537538299, 0.8687958063651521, 0.8714191076194381, 0.8732127477908378, 0.8743676353799489, 0.8751437291123794, 0.875795196747755, 0.8764937567806704, 0.8772972325499138, 0.8781716039262363, 0.8790425464819404, 0.8798448577252963, 0.8805465619273448, 0.8811438690940094, 0.8816420509048302, 0.8820410938825565, 0.8823348306651717, 0.8825217891759, 0.8826190917868992, 0.882668629088866, 0.8827278353588212, 0.882848365506111, 0.8830574355782768, 0.8833540134570385, 0.8837189359988813, 0.884128780815238, 0.8845644912714233, 0.885011450197824, 0.885453994834361]"
37339cd0,7,7,4,75.0,False,True,"[1, 1, 1]",4.60517925684671,6.480086555465533,6.480086555465533,,,,,,,,3.300884683925487,3.3008846839254877,3.3008846839254877,3.3008846839254877,"[3.3008846839254877, 3.2973871048374637, 3.300658329396816, 3.30014175614972, 3.298882669491895, 3.299370479487445, 3.300454179658191, 3.3008861553895392, 3.3004573370879324, 3.2999321761678946, 3.299964753948277, 3.3004312572425603, 3.300833523354997, 3.3008459341097085, 3.300567506827245, 3.3003602789600586, 3.300439645368806, 3.300699689289796, 3.30088762681439, 3.30086093376734, 3.300702888901696, 3.3006106434662015, 3.3006816984198832, 3.3008366171625427, 3.3009290049289666, 3.3008968708251776, 3.3008135967563828, 3.300796085954749, 3.3008778516297683, 3.3009892818832607, 3.3010484063382886, 3.301052160663936, 3.3010741844598206, 3.301180857311583, 3.301371327526441, 3.301610639680921, 3.3019119422320116, 3.30238229923841, 3.3032023097015366, 3.3045969571501566, 3.306871055354475, 3.3104779797922603, 3.3160714020032245, 3.3244358198134387, 3.3363730466551096, 3.3526946660520016, 3.374343393371299, 3.402429260222164, 3.437939372191621, 3.481366924595179, 3.532494924205794, 3.590311196174011, 3.6534773483181127, 3.7207383999818764, 3.7900671265484913, 3.858436048819135, 3.9221839993054277, 3.9776581400933004, 4.021852862146011, 4.05269346152769, 4.070615056064991, 4.0791945807467105, 4.08191780656554, 4.080225488491813, 4.075806930527248, 4.071784883786119, 4.070619057730573, 4.072662964527324, 4.077141856337726, 4.083389933229305, 4.09122252789647, 4.100605825645757, 4.11107185668594, 4.121622879812336, 4.131005836205494, 4.138209409141082]",75,0.7168044916233415,,0.837324725215594,0.8373247252155949,4.138209409141082,,0.8985989856939087,,,,35.5891375541687,35.69267725944519,True,0.1043946743011474,0.0008425712585449,0.0,0.1043946743011474,Results/warm_start_cache/cycle_graphs_3to12vertices_10instances_AdjacencyList__filehash_1a582721/hog_idx000004_caa538b3e766_seed42_L1_M1_amplified.npz,35.60235834121704,2026-09-08 23:30:38,x86_64,dacsvm-cpunode01,,32,32,3.11.15,0.27,True,False,False,True,2,True,True,True,True,adam,False,hamqaoa,0.01,standard,1,1,42,scs,1e-06,100000,False,False,False,hog,False,False,False,False,False,False,True,1,HOG_graphs/Exp5/cycle_graphs_3to12vertices_10instances_AdjacencyList.txt,True,Results/warm_start_cache,512,60,0,16,1,1,0,0,5,0,5,10,42,True,_FINAL_BENCHMARKS_STANDARD,1,42,4,"[(0, 1), (2, 3), (1, 2), (5, 6), (3, 4), (0, 6), (4, 5)]","[1.0, 1.0, 1.0, 1.0, 1.0, 1.0, 1.0]",,3.3008846839254877,initial_sdp_statevector_energy,"[0.7167765899705048, 0.716017101817503, 0.7167274378059423, 0.7166152655715331, 0.7163418589161997, 0.7164477853021975, 0.7166831073407772, 0.7167769094942343, 0.7166837929665836, 0.7165697559463617, 0.716576830107554, 0.7166781298112713, 0.7167654806156594, 0.7167681755714949, 0.7167077159743902, 0.7166627171034172, 0.7166799512661546, 0.7167364189748987, 0.7167772290094515, 0.7167714326993491, 0.7167371137604264, 0.7167170829580732, 0.7167325123148298, 0.7167661524261086, 0.7167862141351695, 0.7167792363169356, 0.7167611536182716, 0.7167573512034997, 0.7167751063592621, 0.716799303083706, 0.7168121417706995, 0.7168129570105497, 0.7168177394076414, 0.7168409030774603, 0.7168822630776329, 0.7169342289493466, 0.7169996558381355, 0.7171017923631577, 0.7172798550220449, 0.717582698271099, 0.7180765114491501, 0.7188597435963945, 0.720074337404583, 0.7218906440766367, 0.7244827748441683, 0.7280269624830374, 0.7327279146310155, 0.7388266711146221, 0.7465375787664064, 0.7559677333774331, 0.7670700155599564, 0.7796246347709804, 0.7933409634133867, 0.8079464864370048, 0.8230009984765831, 0.8378470920719621, 0.8516897563703205, 0.8637357892593545, 0.8733325323149053, 0.8800294701888931, 0.8839210873307569, 0.885784103774463, 0.8863754435827411, 0.8860079621060513, 0.885048486324952, 0.8841751116924338, 0.8839219562796857, 0.8843657841271495, 0.8853383612106025, 0.8866951111964557, 0.8883959341677917, 0.8904334873716843, 0.8927061526592781, 0.8949972737075435, 0.8970347527870403, 0.8985989856939087]"
cb369544,9,9,4,75.0,False,True,"[1, 1, 1]",6.047299783937018,8.592924894742538,8.592924894742538,,,,,,,,4.298642293126493,4.298642293126493,4.298642293126493,4.298642293126493,"[4.298642293126493, 4.293356411513802, 4.2983347629688895, 4.297540165995705, 4.295791291130038, 4.296573922645933, 4.298084607968161, 4.2986251468807914, 4.298039073032004, 4.297403665490932, 4.297489974682451, 4.298081167783253, 4.298597739437667, 4.298672942503802, 4.2983847582844295, 4.298119590236421, 4.298153933860508, 4.298474413138074, 4.298875581326022, 4.299197133010426, 4.299525061274886, 4.300226000414224, 4.301855414806122, 4.305146621135164, 4.311122862829534, 4.321025702405743, 4.335902397795519, 4.356389958851907, 4.382745308408984, 4.414298297996398, 4.449455311584062, 4.485874577764105, 4.521162883489479, 4.554216904697652, 4.585905689914084, 4.617658275539161, 4.650389780855635, 4.686461558280885, 4.727643023684425, 4.774055717572586, 4.825256502742262, 4.880439471038698, 4.9375312557157125, 4.9934012582688485, 5.044905327266516, 5.090067379723127, 5.12821545912655, 5.158401118076741, 5.179014970950168, 5.189574386970572, 5.191983076589644, 5.189719312464216, 5.186237050212105, 5.184132179202147, 5.184894404047328, 5.189054399011165, 5.196624475917419, 5.207262777709592, 5.220274025634115, 5.234811442177012, 5.250058048680006, 5.265053469901733, 5.278537639153593, 5.289353368574863, 5.297148177307992, 5.302598773922955, 5.306880244433635, 5.310957358443095, 5.315314904072676, 5.320165689356527, 5.325787310140962, 5.332604822220581, 5.340939774393357, 5.350748855464901, 5.361616306865104, 5.372931386512799]",75,0.7108718857493788,,1.074289093386306,1.074289093386306,5.372931386512799,,0.8884843779011101,,,,59.48031187057495,59.57723951339722,True,0.0978050231933593,0.0008642673492431,0.0,0.0978050231933593,Results/warm_start_cache/cycle_graphs_3to12vertices_10instances_AdjacencyList__filehash_1a582721/hog_idx000006_babf04d63c05_seed42_L1_M1_amplified.npz,59.48652148246765,2026-09-08 23:30:39,x86_64,dacsvm-cpunode01,,32,32,3.11.15,0.5,True,False,False,True,2,True,True,True,True,adam,False,hamqaoa,0.01,standard,1,1,42,scs,1e-06,100000,False,False,False,hog,False,False,False,False,False,False,True,1,HOG_graphs/Exp5/cycle_graphs_3to12vertices_10instances_AdjacencyList.txt,True,Results/warm_start_cache,512,60,0,16,1,1,0,0,5,0,5,10,42,True,_FINAL_BENCHMARKS_STANDARD,1,42,6,"[(0, 1), (2, 3), (1, 2), (5, 6), (3, 4), (7, 8), (4, 5), (0, 8), (6, 7)]","[1.0, 1.0, 1.0, 1.0, 1.0, 1.0, 1.0, 1.0, 1.0]",,4.298642293126493,initial_sdp_statevector_energy,"[0.7108366455628096, 0.7099625560019229, 0.7107857914347538, 0.7106543944474083, 0.7103651951471995, 0.7104946134899076, 0.7107444250382354, 0.7108338102071443, 0.710736895241833, 0.71063182230618, 0.7106460946582384, 0.7107438561587303, 0.710829278028469, 0.7108417138376436, 0.710794058813142, 0.7107502098131779, 0.7107558889799654, 0.7108088844141287, 0.7108752228134609, 0.7109283955841011, 0.7109826228055349, 0.7110985322468363, 0.7113679771974944, 0.711912221148784, 0.7129004707656202, 0.714538034625529, 0.7169980905052279, 0.7203859763035817, 0.7247441775667441, 0.7299618764926723, 0.7357755478573779, 0.7417979491738762, 0.7476333314082924, 0.7530992455169283, 0.7583394000236728, 0.7635901047612514, 0.769002686654978, 0.7749676261674965, 0.7817775193222771, 0.7894524644294213, 0.797919182964804, 0.8070444074894778, 0.8164852797327662, 0.8257241143447923, 0.8342409848221704, 0.8417091200346121, 0.8480174031967521, 0.8530089961438011, 0.8564177659435358, 0.8581639032937053, 0.8585622115808966, 0.8581878686168779, 0.8576120310734241, 0.8572639631612712, 0.8573900069944553, 0.8580779164933174, 0.8593297275787148, 0.8610889097215335, 0.8632404894991863, 0.8656444411904042, 0.8681656667038957, 0.8706453554505257, 0.8728751389462402, 0.8746636610648226, 0.8759526344929027, 0.8768539618306742, 0.8775619588977376, 0.8782361629483272, 0.8789567400298794, 0.8797588807302191, 0.8806884891480732, 0.8818158538105177, 0.8831941470108838, 0.8848162066775137, 0.8866132817008273, 0.8884843779011101]"
34f9c9c8,5,5,3,75.0,False,True,"[1, 1, 1]",3.118033988749903,4.283812974365811,4.283812974365811,,,,,,,,2.0075614175023544,2.0075614175023553,2.0075614175023553,2.0075614175023553,"[2.0075614175023553, 2.0119895813448134, 2.008690541200358, 2.0094733008200687, 2.0117297413126796, 2.011623693730299, 2.011183365169035, 2.0117951784226076, 2.012529206767387, 2.0122953199645104, 2.011795649122086, 2.012124976117398, 2.0130741042363876, 2.0138466034272278, 2.014195483301619, 2.0146955592873503, 2.015898851963903, 2.017776596042292, 2.0202511488304564, 2.023751690532014, 2.028980771268293, 2.036520390102257, 2.0469713961800973, 2.0611830589123747, 2.0801501916756022, 2.1047739040412496, 2.1357325751010015, 2.1734468227355705, 2.218007002649199, 2.268982041398266, 2.325158413906448, 2.384358875176543, 2.4434715462786705, 2.4988400280309726, 2.547239638794494, 2.587315708168576, 2.6201356548548365, 2.647719454958247, 2.6710988731172898, 2.689898655294888, 2.7031858054586775, 2.7104007917074595, 2.7118125496183407, 2.708519254881005, 2.7022644101339743, 2.695234704198432, 2.689687318507893, 2.6873434168499597, 2.6889401484444675, 2.6942165220487215, 2.7021907743580975, 2.7115212902590398, 2.7208465466304292, 2.7290603710526473, 2.7354904845305463, 2.73994692631585, 2.7426404483625997, 2.7440236246381167, 2.7446261800463816, 2.7449299427598377, 2.7452917549723077, 2.745913026134415, 2.7468549234998307, 2.7480903098377736, 2.749569208964521, 2.7512654206550406, 2.753181774305575, 2.7553179165955934, 2.757630785489477, 2.7600194697506737, 2.7623468360373353, 2.7644857687833824, 2.7663647415565005, 2.767988812844438, 2.7694271683286438, 2.7707761556265136]",75,0.6438619042663103,,0.7632147381241583,0.7632147381241592,2.7707761556265136,,0.8886292341981129,,,,16.019238471984863,16.08987069129944,True,0.0730552673339843,0.0024106502532958,0.0,0.0730552673339843,Results/warm_start_cache/cycle_graphs_3to12vertices_10instances_AdjacencyList__filehash_1a582721/hog_idx000002_ee18cc9e4ef7_seed42_L1_M1_amplified.npz,16.038108587265015,2026-09-08 23:30:42,x86_64,dacsvm-cpunode01,,32,32,3.11.15,0.23,True,False,False,True,2,True,True,True,True,adam,False,hamqaoa,0.01,standard,1,1,42,scs,1e-06,100000,False,False,False,hog,False,False,False,False,False,False,True,1,HOG_graphs/Exp5/cycle_graphs_3to12vertices_10instances_AdjacencyList.txt,True,Results/warm_start_cache,512,60,0,16,1,1,0,0,5,0,5,10,42,True,_FINAL_BENCHMARKS_STANDARD,1,42,2,"[(0, 1), (2, 3), (0, 4), (1, 2), (3, 4)]","[1.0, 1.0, 1.0, 1.0, 1.0]",,2.0075614175023553,initial_sdp_statevector_energy,"[0.6438548857215108, 0.6452750639037999, 0.6442170125302873, 0.6444680552137652, 0.6451917293304529, 0.6451577182892766, 0.6450164983529793, 0.6452127159874823, 0.6454481298243512, 0.6453731188386723, 0.6452128669478246, 0.6453184870265346, 0.6456228865688147, 0.6458706385797381, 0.6459825295583644, 0.6461429113847126, 0.6465288252910055, 0.6471310458200837, 0.6479246718027039, 0.6490473477306083, 0.650724391904965, 0.6531424601047241, 0.6564942536116416, 0.6610521457909938, 0.6671351881284611, 0.6750323799020246, 0.6849612874031785, 0.6970568090590183, 0.7113479232913856, 0.7276963784182343, 0.7457129788500675, 0.7646994496466318, 0.7836577648270983, 0.8014152626452989, 0.8169377396093573, 0.8297907327193361, 0.8403165790714532, 0.8491631151268442, 0.8566612431919639, 0.8626906137008901, 0.8669520009121041, 0.8692659546004905, 0.8697187264163126, 0.8686625176805457, 0.8666564956905358, 0.8644019641617244, 0.8626228348415969, 0.861871110624866, 0.8623832062595733, 0.8640754179619766, 0.8666328795990684, 0.869625315196181, 0.8726160639837297, 0.8752503599701924, 0.8773125932560063, 0.8787418405962799, 0.8796056932856566, 0.8800492985447743, 0.8802425470502232, 0.8803399682824972, 0.8804560068548076, 0.8806552577816252, 0.8809573383134008, 0.8813535451355202, 0.8818278501405596, 0.8823718505256227, 0.8829864537202796, 0.883671546409367, 0.8844133179558697, 0.8851794046213184, 0.8859258256978875, 0.8866118133278378, 0.8872144279176394, 0.8877352917997514, 0.8881965938539932, 0.8886292341981129]"
323366fe,8,8,4,75.0,False,True,"[1, 1, 1]",5.65109340893718,7.999998910409181,7.999998910409181,,,,,,,,3.999999754446827,3.999999754446828,3.999999754446828,3.999999754446828,"[3.999999754446828, 3.9680837368806916, 3.9981278500228994, 3.9944686998584737, 3.984815051272812, 3.987230713777621, 3.994435342434016, 3.9991598451588697, 3.999943538999819, 3.9985609760153205, 3.9970407528173317, 3.9964594124553745, 3.9969489865761956, 3.9981391775658492, 3.999611606231913, 4.001203502264049, 4.00314249475622, 4.006112766923347, 4.0113777248611635, 4.021040257007023, 4.038205939057681, 4.066273387990292, 4.106966923026269, 4.158131031700613, 4.21322377432744, 4.263527721651619, 4.3006799759313195, 4.322482282053959, 4.33699022600239, 4.355899784729595, 4.385614602799062, 4.424726399147267, 4.468145725578937, 4.5115826300437565, 4.553717310721141, 4.595342254245872, 4.637106868447999, 4.678936632775788, 4.7207592352274395, 4.763039619659901, 4.806545628968765, 4.851607918837571, 4.897579070900742, 4.942914605061497, 4.985687009366103, 5.024362071136607, 5.05853471899625, 5.08890182306803, 5.116283037135242, 5.140642526418911, 5.161059835570396, 5.176609423980395, 5.187526207635008, 5.195509659650004, 5.202488335820032, 5.209146666697424, 5.215025949545702, 5.219829083666366, 5.224214563900654, 5.229207490465395, 5.234989281044756, 5.240610754430271, 5.244903855435785, 5.247470346759466, 5.248803426569918, 5.249665738933138, 5.250523793958577, 5.251582281774223, 5.253154561246199, 5.2557189684603705, 5.259559970653634, 5.264450160322642, 5.269772792673166, 5.274958095771412, 5.2797859885318665, 5.28433504034853]",75,0.7078392770212047,,1.2843352859017023,1.2843352859017028,5.28433504034853,,0.9350995741799946,,,,43.82314705848694,43.934144258499146,True,0.1123189926147461,0.001310110092163,0.0,0.1123189926147461,Results/warm_start_cache/cycle_graphs_3to12vertices_10instances_AdjacencyList__filehash_1a582721/hog_idx000005_f3b9dd34409c_seed42_L1_M1_amplified.npz,43.84137749671936,2026-09-08 23:30:42,x86_64,dacsvm-cpunode01,,32,32,3.11.15,0.29,True,False,True,True,2,True,True,True,True,adam,False,hamqaoa,0.01,standard,1,1,42,scs,1e-06,100000,False,False,False,hog,False,False,False,False,False,False,True,1,HOG_graphs/Exp5/cycle_graphs_3to12vertices_10instances_AdjacencyList.txt,True,Results/warm_start_cache,512,60,0,16,1,1,0,0,5,0,5,10,42,True,_FINAL_BENCHMARKS_STANDARD,1,42,5,"[(0, 1), (2, 3), (0, 7), (1, 2), (5, 6), (3, 4), (4, 5), (6, 7)]","[1.0, 1.0, 1.0, 1.0, 1.0, 1.0, 1.0, 1.0]",,3.999999754446828,initial_sdp_statevector_energy,"[0.7078275768934992, 0.7021798172023107, 0.7074963304800231, 0.7068488185916798, 0.7051405388151688, 0.7055680069757532, 0.7068429157650861, 0.7076789491453487, 0.7078176291819784, 0.7075729751151545, 0.7073039611229978, 0.7072010889317439, 0.7072877224529749, 0.7074983349669658, 0.707758891386673, 0.7080405883817392, 0.7083837064921398, 0.7089093166620989, 0.7098409873241853, 0.711550839108015, 0.7145884250773976, 0.7195551539741846, 0.7267561559911784, 0.7358099983136974, 0.7455590395416655, 0.7544606703737844, 0.7610350183081053, 0.764893086923315, 0.7674603677835973, 0.770806544772514, 0.776064787013294, 0.7829858894474442, 0.7906692390737311, 0.7983556992543617, 0.8058117219438378, 0.8131775431243727, 0.820568079995711, 0.8279701456316525, 0.835370943924158, 0.842852749899192, 0.8505514386591512, 0.8585255220104439, 0.8666604348028014, 0.87468287061833, 0.8822517429071798, 0.8890955621421157, 0.8951426481459676, 0.9005163168989481, 0.9053616117977916, 0.9096721916309164, 0.9132851754685566, 0.9160367825089583, 0.917968582757977, 0.919381309718457, 0.9206162346551058, 0.9217944722802106, 0.9228348519771699, 0.9236847997258777, 0.9244608407354551, 0.9253443735676756, 0.9263675013344573, 0.9273622598667841, 0.9281219537339434, 0.9285761120955132, 0.9288120097730039, 0.9289646019000172, 0.9291164406617128, 0.929303747389641, 0.9295819730989331, 0.9300357626629342, 0.9307154545234845, 0.9315808073525979, 0.9325226839002596, 0.9334402590884604, 0.9342945880494398, 0.9350995741799946]"
b6bad415,5,5,4,75.0,False,True,"[1, 1, 1]",3.118033988749903,4.283812974365811,4.283812974365811,,,,,,,,2.0075614175023544,2.0075614175023553,2.0075614175023553,2.0075614175023553,"[2.0075614175023553, 2.011152799459463, 2.0058644644789108, 2.0097101691972528, 2.012084211077679, 2.0104994093535997, 2.01037754049363, 2.011639095568774, 2.011632495482851, 2.0109858062177315, 2.0114970803012584, 2.0127006317647935, 2.0131941230431023, 2.0127928416085195, 2.0127014833883856, 2.0135150976895413, 2.014617285208834, 2.0154986276918185, 2.016582256019963, 2.0185347264527698, 2.021497153442092, 2.0256720837094666, 2.032115877902235, 2.0424385983205657, 2.0582277430404967, 2.080968152483089, 2.111971424171502, 2.1520097065506127, 2.2007835932664763, 2.256471047486492, 2.315575903355529, 2.3732540342775943, 2.424643336196618, 2.468001457675228, 2.50704815171862, 2.546764816423436, 2.587570563927052, 2.6258399772997514, 2.6571842704162627, 2.679021534563117, 2.6913208465646856, 2.695567059197287, 2.6936966688953814, 2.687817436050222, 2.6804495518149856, 2.674590503398938, 2.6726142491573537, 2.675131931193055, 2.681151006853503, 2.6890564068847933, 2.697452340916881, 2.7054734748684193, 2.712651867809309, 2.718650526435978, 2.7231685619441, 2.726073725463593, 2.7275520237777853, 2.7280603621486867, 2.7281085032142927, 2.7280763943258868, 2.7281962156649286, 2.7286488890656835, 2.729639377045701, 2.7313658563082894, 2.7339108035287847, 2.737162747464274, 2.740845596174314, 2.744629535837578, 2.748241180014508, 2.751508562824338, 2.754345728745374, 2.7567278131923065, 2.7586971823420035, 2.7603827731283883, 2.761985700076268, 2.7637156498359636]",75,0.6438619042663103,,0.7561542323336083,0.7561542323336092,2.7637156498359636,,0.8863648246964767,,,,24.918819904327393,24.990620374679565,True,0.0730552673339843,0.0012381076812744,0.0,0.0730552673339843,Results/warm_start_cache/cycle_graphs_3to12vertices_10instances_AdjacencyList__filehash_1a582721/hog_idx000002_ee18cc9e4ef7_seed42_L1_M1_amplified.npz,24.947555541992188,2026-09-08 23:30:56,x86_64,dacsvm-cpunode01,,32,32,3.11.15,0.23,True,False,False,True,2,True,True,True,True,adam,False,hamqaoa,0.01,standard,1,1,42,scs,1e-06,100000,False,False,False,hog,False,False,False,False,False,False,True,1,HOG_graphs/Exp5/cycle_graphs_3to12vertices_10instances_AdjacencyList.txt,True,Results/warm_start_cache,512,60,0,16,1,1,0,0,5,0,5,10,42,True,_FINAL_BENCHMARKS_STANDARD,1,42,2,"[(0, 1), (2, 3), (0, 4), (1, 2), (3, 4)]","[1.0, 1.0, 1.0, 1.0, 1.0]",,2.0075614175023553,initial_sdp_statevector_energy,"[0.6438548857215108, 0.6450066954740875, 0.6433106475799231, 0.6445440224347893, 0.6453054130703603, 0.6447971435230117, 0.6447580583621669, 0.6451626578885659, 0.645160541142582, 0.6449531382510636, 0.6451171114743741, 0.6455031083775117, 0.6456613783899905, 0.6455326814495367, 0.645503381505898, 0.6457643197458567, 0.6461178077204168, 0.6464004673983307, 0.646748003163513, 0.6473741895488607, 0.6483242840635488, 0.6496632464617901, 0.6517298673568855, 0.6550405177396511, 0.6601043319177194, 0.6673975203578204, 0.6773407319457232, 0.6901816062028903, 0.7058241190465101, 0.723683916092001, 0.7426397248106653, 0.7611379615618272, 0.7776192770652631, 0.7915248732310038, 0.8040477303211687, 0.8167854569938466, 0.8298724687617897, 0.8421460403491354, 0.852198622594744, 0.8592021588697316, 0.8631467316505113, 0.8645085553663278, 0.8639086933030359, 0.8620231356515247, 0.8596601452986868, 0.8577810610946058, 0.8571472468870909, 0.8579547050625903, 0.8598851123904659, 0.862420492075169, 0.8651131933293507, 0.8676856906082383, 0.869987908277061, 0.8719117675577207, 0.8733607689234606, 0.8742924981893939, 0.8747666105048869, 0.8749296422013776, 0.8749450817590538, 0.8749347839596964, 0.8749732124500446, 0.8751183915604673, 0.8754360558269864, 0.8759897634737976, 0.8768059660006713, 0.877848912917614, 0.8790300574219164, 0.8802436233025055, 0.8814019314511533, 0.8824498298453398, 0.8833597512673874, 0.8841237212739772, 0.8847553273298453, 0.8852959214325609, 0.885810004009487, 0.8863648246964767]"
226e42fe,7,7,5,75.0,False,True,"[1, 1, 1]",4.60517925684671,6.480086555465533,6.480086555465533,,,,,,,,3.300884683925487,3.3008846839254877,3.3008846839254877,3.3008846839254877,"[3.3008846839254877, 3.2953725502317672, 3.300526836267518, 3.299718835371867, 3.2977306163246958, 3.298477304099053, 3.300182320505779, 3.300887293100329, 3.3002337883105355, 3.2993964215233405, 3.299421215155792, 3.300142854644815, 3.3007888609602647, 3.3008331231133248, 3.3004051928646048, 3.300064693243361, 3.3001681836175685, 3.3005705304116355, 3.3008795075859445, 3.300856976295788, 3.3006143505304095, 3.300457245195119, 3.300552802006564, 3.300794299038853, 3.3009529928458807, 3.3009185944102644, 3.3007917303049266, 3.3007559759796092, 3.3008783167896056, 3.301062395179399, 3.301178825082786, 3.301212889113585, 3.3012768304830056, 3.3014911892052146, 3.301889911796771, 3.302467119632006, 3.303322245851369, 3.304789763414584, 3.307473507392872, 3.312196304742454, 3.32001663335525, 3.3322859333307586, 3.3506672711255936, 3.376944161888598, 3.4127205972565826, 3.4589803285752425, 3.51569627518369, 3.5819845225310334, 3.656663763569393, 3.7377672082997973, 3.8210236518720104, 3.9000261240466507, 3.9687325013656207, 4.023516955107981, 4.061653634524542, 4.081185649610627, 4.081770889528033, 4.067141057370057, 4.046824473282636, 4.030510692509672, 4.023428591023328, 4.027126608888549, 4.040501768922533, 4.060340957637585, 4.082599528922564, 4.103415370895607, 4.119958913686523, 4.131149338709091, 4.137633329476616, 4.140872318682649, 4.142289543056258, 4.142989683000704, 4.14364143813784, 4.144604174199135, 4.146152018036449, 4.148435002575554]",75,0.7168044916233415,,0.8475503186500664,0.8475503186500672,4.148435002575554,,0.9008194407216407,,,,50.16140103340149,50.26485323905945,True,0.1043946743011474,0.0009281635284423,0.0,0.1043946743011474,Results/warm_start_cache/cycle_graphs_3to12vertices_10instances_AdjacencyList__filehash_1a582721/hog_idx000004_caa538b3e766_seed42_L1_M1_amplified.npz,50.16819977760315,2026-09-08 23:30:58,x86_64,dacsvm-cpunode01,,32,32,3.11.15,0.28,True,False,False,True,2,True,True,True,True,adam,False,hamqaoa,0.01,standard,1,1,42,scs,1e-06,100000,False,False,False,hog,False,False,False,False,False,False,True,1,HOG_graphs/Exp5/cycle_graphs_3to12vertices_10instances_AdjacencyList.txt,True,Results/warm_start_cache,512,60,0,16,1,1,0,0,5,0,5,10,42,True,_FINAL_BENCHMARKS_STANDARD,1,42,4,"[(0, 1), (2, 3), (1, 2), (5, 6), (3, 4), (0, 6), (4, 5)]","[1.0, 1.0, 1.0, 1.0, 1.0, 1.0, 1.0]",,3.3008846839254877,initial_sdp_statevector_energy,"[0.7167765899705048, 0.7155796477047882, 0.716698884491953, 0.7165234296723714, 0.7160916942422652, 0.7162538351129483, 0.7166240739921822, 0.7167771565445066, 0.7166352500619693, 0.716453418532621, 0.7164588023908964, 0.7166155041062423, 0.7167557823189719, 0.7167653937044557, 0.7166724700146593, 0.7165985316069985, 0.7166210042119582, 0.7167083725361051, 0.7167754659448686, 0.7167705733470131, 0.7167178879352525, 0.716683773012352, 0.7167045228694401, 0.7167569631804074, 0.7167914230348835, 0.7167839535242092, 0.7167564053880212, 0.7167486414502192, 0.7167752073672384, 0.7168151794029676, 0.7168404617854532, 0.7168478586811872, 0.7168617433457908, 0.7169082906592076, 0.7169948719993289, 0.7171202108413244, 0.7173058987747727, 0.7176245655369912, 0.7182073319894149, 0.7192328723834311, 0.72093103182015, 0.7235952712104554, 0.7275867201355992, 0.7332926632265087, 0.741061402155573, 0.7511065553925255, 0.7634222424581539, 0.7778165241245603, 0.7940328833308454, 0.8116442378964304, 0.8297231092994126, 0.8468782443698193, 0.8617976152535523, 0.8736938847985238, 0.8819751432011933, 0.8862164580331938, 0.8863435410162365, 0.8831667195849695, 0.8787550380945661, 0.8752125525879033, 0.873674696819137, 0.8744777096138558, 0.8773820829917428, 0.8816900995983835, 0.8865234774200798, 0.8910435711693285, 0.8946359487659923, 0.8970659138983875, 0.8984738918306004, 0.899177228014793, 0.899484973771161, 0.899637006928916, 0.8997785334799547, 0.8999875885476513, 0.9003236979043092, 0.9008194407216407]"
1db45f74,8,8,5,75.0,False,True,"[1, 1, 1]",5.65109340893718,7.999998910409181,7.999998910409181,,,,,,,,3.999999754446827,3.999999754446828,3.999999754446828,3.999999754446828,"[3.999999754446828, 3.951655937704859, 3.997227866301967, 3.992104578493248, 3.978507121501408, 3.981918195490411, 3.9920254162808537, 3.9988631476160372, 4.000526231842283, 3.9992465072893273, 3.997411862504974, 3.99625951448327, 3.996025751769659, 3.996414561427424, 3.9970336192771083, 3.9976705516907067, 3.998330749198671, 3.9990895332935343, 3.999944502596001, 4.000850483417472, 4.001990021828973, 4.004174759678871, 4.009139631870291, 4.019640669169393, 4.039372233538901, 4.071966728242042, 4.118231726266177, 4.173693994797353, 4.227656655614428, 4.265806622358379, 4.286279741859425, 4.307546224909158, 4.34384772192068, 4.394909715789758, 4.453649116934542, 4.512610984541915, 4.56882975016266, 4.623639467141863, 4.678581707140534, 4.7341750618288145, 4.791252725822154, 4.85099283085645, 4.911883511359043, 4.9685337754519106, 5.016401628409885, 5.055526058716877, 5.089619232230174, 5.122087879543622, 5.15124408527611, 5.172128724041361, 5.183252099398823, 5.189323377915256, 5.19674302897589, 5.206262727360885, 5.212923191659682, 5.213509517034863, 5.211008981034363, 5.209812045171521, 5.209852024353233, 5.207850873884255, 5.203166886555818, 5.199847678153928, 5.201286710856257, 5.206676284715442, 5.213284505313378, 5.219782488997047, 5.226363199493582, 5.232540915936917, 5.237068784048125, 5.239458609544361, 5.240723481875459, 5.242282903223256, 5.244329306843236, 5.246324748920102, 5.2481690234200595, 5.250339738969495]",75,0.7078392770212047,,1.2503399845226668,1.2503399845226673,5.250339738969495,,0.929083870860479,,,,60.213111877441406,60.32448673248291,True,0.1123189926147461,0.0009357929229736,0.0,0.1123189926147461,Results/warm_start_cache/cycle_graphs_3to12vertices_10instances_AdjacencyList__filehash_1a582721/hog_idx000005_f3b9dd34409c_seed42_L1_M1_amplified.npz,60.228859424591064,2026-09-08 23:31:02,x86_64,dacsvm-cpunode01,,32,32,3.11.15,0.31,True,False,True,True,2,True,True,True,True,adam,False,hamqaoa,0.01,standard,1,1,42,scs,1e-06,100000,False,False,False,hog,False,False,False,False,False,False,True,1,HOG_graphs/Exp5/cycle_graphs_3to12vertices_10instances_AdjacencyList.txt,True,Results/warm_start_cache,512,60,0,16,1,1,0,0,5,0,5,10,42,True,_FINAL_BENCHMARKS_STANDARD,1,42,5,"[(0, 1), (2, 3), (0, 7), (1, 2), (5, 6), (3, 4), (4, 5), (6, 7)]","[1.0, 1.0, 1.0, 1.0, 1.0, 1.0, 1.0, 1.0]",,3.999999754446828,initial_sdp_statevector_energy,"[0.7078275768934992, 0.6992728047027734, 0.7073370721461387, 0.7064304709916407, 0.7040243070853185, 0.7046279201814333, 0.7064164626915356, 0.7076264464664224, 0.7079207407039969, 0.7076942846077428, 0.7073696315447705, 0.7071657156052673, 0.7071243496789421, 0.7071931522326479, 0.7073026987937975, 0.7074154083824571, 0.7075322348902122, 0.7076665069752681, 0.7078177996969766, 0.7079781192592117, 0.7081797684497381, 0.7085663728980812, 0.7094449413152248, 0.7113031723758713, 0.7147948089392138, 0.7205626298447385, 0.7287495407089204, 0.7385639720972713, 0.7481130375456911, 0.7548639375898519, 0.7584867974542222, 0.7622500484767767, 0.7686738490379408, 0.7777096214405566, 0.7881039640737694, 0.7985376736836876, 0.8084859724557155, 0.8181849303410199, 0.827907339089702, 0.8377449670787139, 0.8478452538485398, 0.8584166779449488, 0.8691917043152959, 0.8792163597215003, 0.887686906834077, 0.8946102449344732, 0.9006432674039617, 0.9063888187448933, 0.9115482106753783, 0.9152438917151258, 0.9172122497924972, 0.9182866044486832, 0.9195995629371944, 0.9212841393007596, 0.9224627544495135, 0.9225665087732793, 0.9221240216615735, 0.921912215595698, 0.9219192901879616, 0.921565172794359, 0.9207363088932545, 0.9201489520471191, 0.9204035988204415, 0.9213573211302978, 0.922526691395437, 0.9236765544774014, 0.9248410566401382, 0.9259342462224525, 0.9267354837500515, 0.9271583798735621, 0.9273822077666027, 0.9276581581420346, 0.928020283393184, 0.9283733906473857, 0.928699747755028, 0.929083870860479]"
3a569948,9,9,5,75.0,False,True,"[1, 1, 1]",6.047299783937018,8.592924894742538,8.592924894742538,,,,,,,,4.298642293126493,4.298642293126493,4.298642293126493,4.298642293126493,"[4.298642293126493, 4.290040610363955, 4.298130125624189, 4.296879650385853, 4.294057022224616, 4.29525415813629, 4.29766514502513, 4.2985706897266045, 4.297678609809425, 4.296702514025151, 4.296826652170629, 4.297694313923353, 4.298451985698886, 4.298571795367817, 4.298141677509801, 4.297728740980449, 4.297740018040761, 4.298122458141074, 4.298571810153931, 4.298801068307107, 4.298766674010923, 4.298685644709442, 4.298835738625195, 4.299392258446225, 4.30043508333318, 4.30221348819214, 4.30549747342718, 4.3118263770613, 4.323169737309929, 4.341053308671159, 4.366668098151142, 4.399827067485855, 4.438683478721806, 4.47958628773812, 4.520381143544394, 4.564365444370925, 4.613842640450367, 4.669142816333753, 4.7332406245077605, 4.807466755391566, 4.889821369869629, 4.975576908718403, 5.057136060151796, 5.125150505582358, 5.168990026213168, 5.180877137007426, 5.165894438903209, 5.143867390837185, 5.134570377915956, 5.145423755518087, 5.171866782709003, 5.20396216705311, 5.232765427756237, 5.254166585258825, 5.268786283202313, 5.279034753709232, 5.286525946538725, 5.291782139763343, 5.295631099685415, 5.299738063476464, 5.305328167757554, 5.312372293634598, 5.320532291911204, 5.330032244911416, 5.34101148815591, 5.352639209171748, 5.3635417100947, 5.3728783387783325, 5.380711378755327, 5.387619043101117, 5.394231497222352, 5.4011197758707885, 5.40889511772704, 5.418042667681173, 5.4284971477819814, 5.43954483742085]",75,0.7108718857493788,,1.1409025442943568,1.1409025442943568,5.43954483742085,,0.8994997820133704,,,,82.8892707824707,82.98600912094116,True,0.0978050231933593,0.0010557174682617,0.0,0.0978050231933593,Results/warm_start_cache/cycle_graphs_3to12vertices_10instances_AdjacencyList__filehash_1a582721/hog_idx000006_babf04d63c05_seed42_L1_M1_amplified.npz,82.89582896232605,2026-09-08 23:31:02,x86_64,dacsvm-cpunode01,,32,32,3.11.15,0.53,True,False,False,True,2,True,True,True,True,adam,False,hamqaoa,0.01,standard,1,1,42,scs,1e-06,100000,False,False,False,hog,False,False,False,False,False,False,True,1,HOG_graphs/Exp5/cycle_graphs_3to12vertices_10instances_AdjacencyList.txt,True,Results/warm_start_cache,512,60,0,16,1,1,0,0,5,0,5,10,42,True,_FINAL_BENCHMARKS_STANDARD,1,42,6,"[(0, 1), (2, 3), (1, 2), (5, 6), (3, 4), (7, 8), (4, 5), (0, 8), (6, 7)]","[1.0, 1.0, 1.0, 1.0, 1.0, 1.0, 1.0, 1.0, 1.0]",,4.298642293126493,initial_sdp_statevector_energy,"[0.7108366455628096, 0.7094142449757929, 0.7107519519771427, 0.7105451695646589, 0.7100784111332785, 0.7102763731914608, 0.7106750613622117, 0.7108248050054622, 0.7106772879401516, 0.7105158777539282, 0.7105364056175886, 0.7106798848204932, 0.7108051757441456, 0.7108249878376769, 0.7107538622323021, 0.7106855777840183, 0.7106874425932249, 0.7107506840586685, 0.710824990282754, 0.7108629011126064, 0.710857213566526, 0.7108438143132433, 0.7108686343025139, 0.7109606621233453, 0.711133106838212, 0.711427189308488, 0.7119702391575733, 0.7130168060320866, 0.7148925787990923, 0.7178498608919586, 0.7220856008742926, 0.7275688695263266, 0.7339942846081392, 0.7407580982899018, 0.7475040604984621, 0.7547774390968514, 0.7629591396652381, 0.772103745995203, 0.7827031557258509, 0.7949774158974677, 0.8085958269934109, 0.8227766253518056, 0.836263496244172, 0.8475105730984107, 0.8547600104005365, 0.856725699421913, 0.8542481146089335, 0.8506056545270747, 0.8490682720169628, 0.8508630197539544, 0.8552357196589855, 0.8605431106418766, 0.8653061059839688, 0.8688450668867231, 0.8712626248821645, 0.8729573433305771, 0.874196109903617, 0.8750652901017907, 0.8757017658942254, 0.8763809059960537, 0.8773053027484585, 0.8784701409619957, 0.8798195032506456, 0.8813904445533153, 0.8832060058181392, 0.8851288013518953, 0.8869316722715596, 0.8884756057653864, 0.8897709012289586, 0.8909131737460477, 0.892006629396915, 0.8931456962357599, 0.8944314505615012, 0.8959441174179437, 0.897672902243293, 0.8994997820133704]"
a233044c,5,5,5,75.0,False,True,"[1, 1, 1]",3.118033988749903,4.283812974365811,4.283812974365811,,,,,,,,2.0075614175023544,2.0075614175023553,2.0075614175023553,2.0075614175023553,"[2.0075614175023553, 2.0092115073792374, 2.0047294379099125, 2.0107291903764732, 2.0117843670907, 2.0092221409382054, 2.0102291248099435, 2.0114160226596827, 2.0109904834519803, 2.0113795938463968, 2.0126873173312627, 2.013168432054455, 2.0125526013701256, 2.012445003736847, 2.0133933536305313, 2.0144346233849575, 2.0148261593533308, 2.014899491486887, 2.0152610842350516, 2.0159200720696946, 2.0168057168400426, 2.0183345553902785, 2.0211123808431277, 2.025687626069352, 2.0330039621667124, 2.045033050723011, 2.064479407663204, 2.0935879470880066, 2.132864459670988, 2.180195315641689, 2.2317777680205015, 2.2859412006636273, 2.343253367394991, 2.4009715546582626, 2.453812643353365, 2.4982569754724824, 2.535516207290616, 2.569897471554993, 2.603939633466089, 2.6362731315203343, 2.663609391297694, 2.6828308223435355, 2.6922575947587566, 2.6916123111947634, 2.681797482991556, 2.6666037711808377, 2.6530476023950738, 2.647311472088504, 2.6511105691383032, 2.662281001528526, 2.6771781655983893, 2.692437531012097, 2.705623252435052, 2.7152626101438644, 2.720779031302598, 2.722461333503457, 2.721348148637554, 2.7188581570546995, 2.716261664283448, 2.7143832064904454, 2.713667637453023, 2.714332272659522, 2.716416456946498, 2.7197834574039494, 2.7241437243314093, 2.729095516223357, 2.73418143701218, 2.7389776071135543, 2.743182743199083, 2.7466449784746048, 2.749347496482467, 2.7514218401588466, 2.7531759912846896, 2.7550451913772367, 2.757440688470409, 2.7605950874511964]",75,0.6438619042663103,,0.7530336699488411,0.753033669948842,2.7605950874511964,,0.8853640138021674,,,,34.5396933555603,34.611757040023804,True,0.0730552673339843,0.0009801387786865,0.0,0.0730552673339843,Results/warm_start_cache/cycle_graphs_3to12vertices_10instances_AdjacencyList__filehash_1a582721/hog_idx000002_ee18cc9e4ef7_seed42_L1_M1_amplified.npz,34.55050539970398,2026-09-08 23:31:06,x86_64,dacsvm-cpunode01,,32,32,3.11.15,0.24,True,False,False,True,2,True,True,True,True,adam,False,hamqaoa,0.01,standard,1,1,42,scs,1e-06,100000,False,False,False,hog,False,False,False,False,False,False,True,1,HOG_graphs/Exp5/cycle_graphs_3to12vertices_10instances_AdjacencyList.txt,True,Results/warm_start_cache,512,60,0,16,1,1,0,0,5,0,5,10,42,True,_FINAL_BENCHMARKS_STANDARD,1,42,2,"[(0, 1), (2, 3), (0, 4), (1, 2), (3, 4)]","[1.0, 1.0, 1.0, 1.0, 1.0]",,2.0075614175023553,initial_sdp_statevector_energy,"[0.6438548857215108, 0.6443840941531174, 0.6429466276323877, 0.6448708377238134, 0.6452092486321082, 0.6443875044940586, 0.6447104592390586, 0.6450911150798934, 0.6449546383098397, 0.6450794318162031, 0.6454988382401178, 0.645653138906797, 0.6454556328223374, 0.6454211246567219, 0.645725274610541, 0.6460592253494306, 0.646184796773535, 0.6462083154823819, 0.6463242836692167, 0.6465356308953921, 0.6468196703810243, 0.6473099917039323, 0.6482008817528772, 0.6496682311283913, 0.6520146892246657, 0.6558725973166557, 0.6621093339944332, 0.6714448766889093, 0.6840414400120463, 0.6992211513755126, 0.7157644131118907, 0.7331354337096619, 0.7515163002871753, 0.7700273837043295, 0.786974308877614, 0.8012282689946223, 0.8131778602923977, 0.8242044444760298, 0.8351222734778696, 0.8454921084992025, 0.8542592546804151, 0.8604238542695133, 0.863447160766246, 0.8632402087040422, 0.8600924469289557, 0.8552195969646711, 0.8508719314694662, 0.8490322689361949, 0.8502506960166907, 0.8538332202709247, 0.8586109629522468, 0.8635048690061143, 0.8677337265075175, 0.8708252122782281, 0.8725944108112259, 0.87313395021552, 0.8727769352278966, 0.8719783577935778, 0.8711456238398686, 0.87054317441187, 0.8703136807501574, 0.8705268391727073, 0.87119526815536, 0.8722751154147547, 0.8736735180438446, 0.8752616315505654, 0.8768927621948025, 0.8784309654724701, 0.8797796153270584, 0.8808900058128625, 0.8817567436411264, 0.8824220165932058, 0.8829845990192384, 0.8835840793646392, 0.8843523510069033, 0.8853640138021674]"
1575f093,10,10,1,75.0,False,True,"[1, 1, 1]",7.01544635449204,10.000000000143922,10.000000000143922,,,,,,,,4.999999999977515,4.999999999977516,4.999999999977519,4.999999999977519,"[4.999999999977519, 4.998763104045071, 4.999923957332087, 4.999767708346989, 4.9993542627961824, 4.999468359150563, 4.999792209542698, 4.99998470240985, 4.999963875849973, 4.9998399661090875, 4.9997583774878285, 4.999777040312593, 4.99986117173853, 4.999946104666981, 4.9999884619679555, 4.999982879111756, 4.999952481569254, 4.999927594196581, 4.999926213047859, 4.9999467463817355, 4.9999738425506735, 4.999990142199831, 4.999987743073452, 4.999972564901728, 4.999959326371149, 4.999959999072503, 4.999975075107659, 4.999994141526642, 5.000004910518287, 5.000002933634687, 4.999994613273999, 4.999991460406987, 5.000000742636742, 5.00002044606891, 5.000043352922071, 5.000067166572295, 5.000102594318837, 5.000175553207908, 5.000329238744508, 5.000641894935394, 5.0012722328760955, 5.00251776672876, 5.004834115739676, 5.00876554778883, 5.01484752190821, 5.023561870926275, 5.035330218105824, 5.050491926462325, 5.069263418239375, 5.091686202911785, 5.117571867457642, 5.146450591987366, 5.177526601730646, 5.209647687042526, 5.241298713934474, 5.270638484567484, 5.295616086274281, 5.3142303526018235, 5.325027853297185, 5.327871567419082, 5.324657404574771, 5.3191023314865244, 5.315188323533555, 5.315479935977107, 5.320617548423353, 5.329803103444698, 5.341528843845561, 5.354147911681464, 5.366225422496631, 5.376714060003381, 5.385010540294353, 5.390935263790606, 5.394670315229925, 5.396682666501661, 5.397634710630724, 5.398272662551279]",75,0.7127583749077001,,0.3982726625737633,0.3982726625737642,5.398272662551279,,0.7694838488921987,,,,65.88066530227661,66.01095056533813,True,0.1318442821502685,0.0015456676483154,0.0,0.1318442821502685,Results/warm_start_cache/cycle_graphs_3to12vertices_10instances_AdjacencyList__filehash_1a582721/hog_idx000007_42b07e524cbf_seed42_L1_M1_amplified.npz,65.88721060752869,2026-09-08 23:31:19,x86_64,dacsvm-cpunode01,,32,32,3.11.15,0.52,True,False,True,True,2,True,True,True,True,adam,False,hamqaoa,0.01,standard,1,1,42,scs,1e-06,100000,False,False,False,hog,False,False,False,False,False,False,True,1,HOG_graphs/Exp5/cycle_graphs_3to12vertices_10instances_AdjacencyList.txt,True,Results/warm_start_cache,512,60,0,16,1,1,0,0,5,0,5,10,42,True,_FINAL_BENCHMARKS_STANDARD,1,42,7,"[(8, 9), (0, 1), (2, 3), (1, 2), (5, 6), (3, 4), (7, 8), (4, 5), (0, 9), (6, 7)]","[1.0, 1.0, 1.0, 1.0, 1.0, 1.0, 1.0, 1.0, 1.0, 1.0]",,4.999999999977516,initial_sdp_statevector_energy,"[0.71271302598957, 0.7125367156209993, 0.712702186672784, 0.7126799145353884, 0.7126209809294687, 0.7126372445210657, 0.7126834069996553, 0.7127108454344212, 0.7127078767623191, 0.7126902143450438, 0.7126785844904149, 0.7126812447380773, 0.7126932370507093, 0.7127053436115979, 0.7127113813316279, 0.7127105855367608, 0.7127062525918609, 0.7127027050809236, 0.7127025082083865, 0.7127054350832908, 0.7127092974418021, 0.7127116208362568, 0.7127112788585325, 0.7127091153223928, 0.7127072282677551, 0.7127073241563587, 0.7127094731336858, 0.7127121909107195, 0.7127137259508439, 0.7127134441607055, 0.7127122581548168, 0.712711808736939, 0.7127131318501504, 0.7127159404287029, 0.7127192056312294, 0.7127226000909717, 0.71272765005426, 0.7127380498043807, 0.712759956541149, 0.7128045233691293, 0.7128943733813523, 0.7130719150215741, 0.7134020934441392, 0.7139624900105866, 0.7148294304463133, 0.7160715964579578, 0.7177490873238118, 0.7199102767322081, 0.722586014073572, 0.7257822162165837, 0.7294720262782459, 0.7335884749075242, 0.738018130295507, 0.7425967534776675, 0.7471083733080551, 0.7512905406500124, 0.7548509130689112, 0.7575042390850989, 0.7590433429638489, 0.7594486933832241, 0.7589905382378636, 0.7581987036477965, 0.7576407907574123, 0.7576823579548246, 0.7584146866174131, 0.7597240195603502, 0.7613954371449712, 0.763194191949478, 0.7649157518053856, 0.766410829520581, 0.7675934314352346, 0.7684379569574717, 0.7689703609201829, 0.7692572067130308, 0.7693929135634514, 0.7694838488921987]"
90480742,10,10,2,75.0,False,True,"[1, 1, 1]",7.01544635449204,10.000000000143922,10.000000000143922,,,,,,,,4.999999999977515,4.999999999977516,4.999999999977519,4.999999999977519,"[4.999999999977519, 4.995291319804957, 4.999721968078296, 4.999195774886271, 4.997743072188761, 4.998069947793044, 4.999139142249168, 4.999857680918852, 4.999977356577146, 4.999753524836901, 4.999511790410614, 4.999434776664337, 4.9995374852214765, 4.999737361660728, 4.999940219748486, 5.000097417602731, 5.000226238546515, 5.000400917269251, 5.000734011721102, 5.001385455157849, 5.002628994462567, 5.004968880156409, 5.0092063186630815, 5.016345335218355, 5.027371128492669, 5.042990729081656, 5.063358215508891, 5.087794508105698, 5.114488631644923, 5.140254647741041, 5.160839159736462, 5.173710988021636, 5.18249673352468, 5.192431165813315, 5.204714374341917, 5.217734720871528, 5.230133148035366, 5.2422871169850005, 5.2555969074352555, 5.270952740596733, 5.288715013348232, 5.30917439540373, 5.332690761860797, 5.359651244438523, 5.390430404244343, 5.425387651572935, 5.4648750519813145, 5.509252266668841, 5.558911515929632, 5.614287445325341, 5.675748218112736, 5.743334588456058, 5.816532387161996, 5.894180311384258, 5.974510658071164, 6.055360876296913, 6.134406640443199, 6.209040318442629, 6.276256266350411, 6.333002315658118, 6.376844251436978, 6.406779727163308, 6.423567668504818, 6.4294638132623385, 6.428122956928012, 6.424207323177508, 6.422330781809259, 6.42566059751775, 6.435157568453598, 6.449997152202583, 6.468503074262591, 6.488771773869032, 6.508797302162013, 6.526638367193308, 6.540790039693861, 6.550458920399801]",75,0.7127583749077001,,1.550458920422285,1.5504589204222858,6.550458920399801,,0.9337194797599009,,,,72.37084579467773,72.50064611434937,True,0.1318442821502685,0.0020315647125244,0.0,0.1318442821502685,Results/warm_start_cache/cycle_graphs_3to12vertices_10instances_AdjacencyList__filehash_1a582721/hog_idx000007_42b07e524cbf_seed42_L1_M1_amplified.npz,72.38008570671082,2026-09-08 23:31:25,x86_64,dacsvm-cpunode01,,32,32,3.11.15,0.8,True,False,True,True,2,True,True,True,True,adam,False,hamqaoa,0.01,standard,1,1,42,scs,1e-06,100000,False,False,False,hog,False,False,False,False,False,False,True,1,HOG_graphs/Exp5/cycle_graphs_3to12vertices_10instances_AdjacencyList.txt,True,Results/warm_start_cache,512,60,0,16,1,1,0,0,5,0,5,10,42,True,_FINAL_BENCHMARKS_STANDARD,1,42,7,"[(8, 9), (0, 1), (2, 3), (1, 2), (5, 6), (3, 4), (7, 8), (4, 5), (0, 9), (6, 7)]","[1.0, 1.0, 1.0, 1.0, 1.0, 1.0, 1.0, 1.0, 1.0, 1.0]",,4.999999999977516,initial_sdp_statevector_energy,"[0.71271302598957, 0.7120418384507261, 0.7126733945983263, 0.7125983896498974, 0.7123913176228153, 0.7124379113230257, 0.7125903170862655, 0.7126927394601782, 0.7127097983402902, 0.7126778927809095, 0.7126434353260205, 0.71263245758599, 0.7126470979313009, 0.7126755888396695, 0.7127045047599841, 0.71272691215166, 0.7127452746245909, 0.7127701737848026, 0.7128176539357466, 0.7129105123803601, 0.7130877697125213, 0.7134213031151884, 0.7140253186392982, 0.7150429326576424, 0.7166145779553439, 0.7188410365154589, 0.7217442710921432, 0.7252274839002862, 0.7290325338130594, 0.732705288872988, 0.7356394588395562, 0.7374742427769934, 0.7387265858296087, 0.7401426656891995, 0.7418935462330635, 0.7437495003479822, 0.7455168044562801, 0.7472492628538634, 0.7491464750592897, 0.7513353355231209, 0.7538672161553669, 0.7567835497743102, 0.7601356339139045, 0.7639786513379438, 0.7683659929624881, 0.7733488900672757, 0.7789775269940047, 0.7853031707870202, 0.7923817295488578, 0.8002751587902134, 0.8090359374608451, 0.8186698747654966, 0.8291036796878405, 0.8401718170947416, 0.8516223139879964, 0.8631469147247662, 0.8744143038760884, 0.8850527827736772, 0.8946339190993428, 0.902722648802389, 0.9089719925452554, 0.9132390732431446, 0.915632070137884, 0.9164725219722487, 0.9162813928171568, 0.9157232481813566, 0.9154557610859635, 0.9159304016918829, 0.9172841246705737, 0.9193993975982161, 0.9220372799402511, 0.9249264331861401, 0.927780924159499, 0.9303240360485766, 0.9323412523147222, 0.9337194797599009]"
eb9173cd,10,10,3,75.0,False,True,"[1, 1, 1]",7.01544635449204,10.000000000143922,10.000000000143922,,,,,,,,4.999999999977515,4.999999999977516,4.999999999977519,4.999999999977519,"[4.999999999977519, 4.989964065652822, 4.999433889677812, 4.998469318124836, 4.995712706347266, 4.996283222577625, 4.9982645886614785, 4.999675760137372, 5.000089994037585, 4.999904762896095, 4.999587087664004, 4.999393395129587, 4.999368965464799, 4.999436869550245, 4.9995035763714375, 4.999539376808042, 4.999592803373727, 4.999734254566848, 4.999992330607503, 5.000362621121251, 5.000916769368592, 5.001970577575129, 5.004219257245938, 5.008768267931858, 5.017055501322826, 5.030499065674569, 5.049678390936904, 5.073397624523383, 5.098769134700931, 5.12196418302401, 5.138889226665901, 5.149483883070985, 5.158914962859447, 5.171711519029813, 5.188397113452, 5.207211578861354, 5.227313803938918, 5.249120583267378, 5.27328099317853, 5.2995248591308926, 5.326896525098651, 5.354878779102108, 5.384210950141073, 5.416515586475445, 5.453419516889539, 5.49618433441532, 5.545607597116962, 5.601642473154539, 5.663569625959976, 5.730546497892447, 5.801534806943364, 5.875246781823505, 5.95041842211642, 6.025442828811842, 6.098556105243924, 6.1681962428256965, 6.232467215824733, 6.289468559609582, 6.337469616900451, 6.375058479447036, 6.402083022533975, 6.419651654208014, 6.430623606640646, 6.438773791408683, 6.447920440721875, 6.460887723704313, 6.478833210182056, 6.501307438725822, 6.526421243095201, 6.5516677236712875, 6.574438499824913, 6.592821480879767, 6.605818238458348, 6.613518289545715, 6.616842244362602, 6.617236641685463]",75,0.7127583749077001,,1.6172366417079471,1.6172366417079482,6.617236641685463,,0.9432381501211822,,,,78.9262011051178,79.0563530921936,True,0.1318442821502685,0.0016806125640869,0.0,0.1318442821502685,Results/warm_start_cache/cycle_graphs_3to12vertices_10instances_AdjacencyList__filehash_1a582721/hog_idx000007_42b07e524cbf_seed42_L1_M1_amplified.npz,78.93781924247742,2026-09-08 23:31:32,x86_64,dacsvm-cpunode01,,32,32,3.11.15,1.0,True,False,True,True,2,True,True,True,True,adam,False,hamqaoa,0.01,standard,1,1,42,scs,1e-06,100000,False,False,False,hog,False,False,False,False,False,False,True,1,HOG_graphs/Exp5/cycle_graphs_3to12vertices_10instances_AdjacencyList.txt,True,Results/warm_start_cache,512,60,0,16,1,1,0,0,5,0,5,10,42,True,_FINAL_BENCHMARKS_STANDARD,1,42,7,"[(8, 9), (0, 1), (2, 3), (1, 2), (5, 6), (3, 4), (7, 8), (4, 5), (0, 9), (6, 7)]","[1.0, 1.0, 1.0, 1.0, 1.0, 1.0, 1.0, 1.0, 1.0, 1.0]",,4.999999999977516,initial_sdp_statevector_energy,"[0.71271302598957, 0.711282477765326, 0.71263233115262, 0.7124948386105583, 0.7121019039862625, 0.712183226856046, 0.7124656559394905, 0.7126668079980462, 0.7127258539773441, 0.7126994506478722, 0.7126541683926829, 0.7126265589542197, 0.7126230766861567, 0.7126327559113997, 0.7126422644754771, 0.7126473675629779, 0.7126549831248374, 0.7126751459464133, 0.7127119327775876, 0.7127647149520976, 0.7128437046869398, 0.7129939172540792, 0.7133144499126134, 0.7139628777468604, 0.7151441615842975, 0.7170604422701493, 0.719794313258993, 0.7231753146077228, 0.7267918357662522, 0.7300981183819303, 0.7325106581957446, 0.7340208481209088, 0.7353651788037916, 0.7371892332578852, 0.7395676413561102, 0.7422495042709777, 0.7451149278038213, 0.74822332294029, 0.7516672107116906, 0.755408079735022, 0.759309708310691, 0.7632983716956715, 0.7674794557716951, 0.7720842427947883, 0.7773446251780796, 0.7834404336790451, 0.7904853543019497, 0.798472711514324, 0.80729996920774, 0.8168470270210444, 0.8269658855318023, 0.837472982465548, 0.8481881439099488, 0.8588823182937901, 0.8693040751910213, 0.8792307618283128, 0.8883921137582415, 0.8965172338011523, 0.903359429559678, 0.9087174439535185, 0.9125695927294314, 0.9150738712580228, 0.9166378419418847, 0.9177995905115703, 0.9191033777335103, 0.9209517680321738, 0.9235097644262668, 0.9267132995127229, 0.930293086613981, 0.9338917857273912, 0.937137591482722, 0.9397579494935966, 0.9416105411779817, 0.9427081265201369, 0.9431819316992983, 0.9432381501211822]"
c2834868,10,10,4,75.0,False,True,"[1, 1, 1]",7.01544635449204,10.000000000143922,10.000000000143922,,,,,,,,4.999999999977515,4.999999999977516,4.999999999977519,4.999999999977519,"[4.999999999977519, 4.983160268748138, 4.999097613267209, 4.9977459524712105, 4.99382071415925, 4.994865222416316, 4.99810039643607, 5.00072217732887, 5.002229135522878, 5.0034526034076485, 5.005636639793189, 5.010176376725751, 5.018702156508521, 5.03282973793099, 5.053214099204434, 5.078718669790978, 5.106449305372392, 5.132121013195416, 5.151837578203247, 5.165011834333561, 5.17554839330436, 5.188706969312739, 5.2080381411809835, 5.234164510293436, 5.266078695901523, 5.302377568584999, 5.342075613320147, 5.384474178762459, 5.429614552621974, 5.478108773953198, 5.530744561941369, 5.588165788806136, 5.651020756033473, 5.719835298587229, 5.7945474871395435, 5.874279142492113, 5.957278165640122, 6.041003534821131, 6.122395466850825, 6.198266986759969, 6.265723577914228, 6.322470682452124, 6.367218725004022, 6.400003419734515, 6.422405990411316, 6.437886161369667, 6.451825053332806, 6.469871469429618, 6.4951452486692745, 6.526696141609662, 6.5603723425859455, 6.590918070445502, 6.614016287852044, 6.627680221857989, 6.6325987237733575, 6.631511801429673, 6.628029984753985, 6.625616324108329, 6.626542671106403, 6.63125178302511, 6.638715139386113, 6.647409292489555, 6.656001963169742, 6.663225079984322, 6.6677698097027935, 6.668933251452823, 6.667334885582856, 6.664749840820245, 6.663253095112901, 6.664173087545685, 6.667403940923271, 6.67169180164635, 6.675557509042439, 6.678040735237505, 6.679025104313911, 6.679123650986838]",75,0.7127583749077001,,1.6791236510093226,1.6791236510093237,6.679123650986838,,0.9520596856549474,,,,90.64837384223938,90.77799797058104,True,0.1318442821502685,0.0022029876708984,0.0,0.1318442821502685,Results/warm_start_cache/cycle_graphs_3to12vertices_10instances_AdjacencyList__filehash_1a582721/hog_idx000007_42b07e524cbf_seed42_L1_M1_amplified.npz,90.657484292984,2026-09-08 23:31:50,x86_64,dacsvm-cpunode01,,32,32,3.11.15,1.24,True,False,True,True,2,True,True,True,True,adam,False,hamqaoa,0.01,standard,1,1,42,scs,1e-06,100000,False,False,False,hog,False,False,False,False,False,False,True,1,HOG_graphs/Exp5/cycle_graphs_3to12vertices_10instances_AdjacencyList.txt,True,Results/warm_start_cache,512,60,0,16,1,1,0,0,5,0,5,10,42,True,_FINAL_BENCHMARKS_STANDARD,1,42,7,"[(8, 9), (0, 1), (2, 3), (1, 2), (5, 6), (3, 4), (7, 8), (4, 5), (0, 9), (6, 7)]","[1.0, 1.0, 1.0, 1.0, 1.0, 1.0, 1.0, 1.0, 1.0, 1.0]",,4.999999999977516,initial_sdp_statevector_energy,"[0.71271302598957, 0.7103126468292905, 0.7125843974369859, 0.7123917281857794, 0.7118322144907674, 0.711981101418881, 0.7124422515519273, 0.712815967030647, 0.7130307727775461, 0.7132051690772181, 0.7135164873134614, 0.7141635932427448, 0.7153788801043302, 0.7173926623654435, 0.7202983023266688, 0.7239337902625452, 0.7278865873021317, 0.7315458994151217, 0.7343563499569046, 0.7362342427472726, 0.7377361513127985, 0.739611809017736, 0.7423673246173766, 0.7460914453350446, 0.7506405764944116, 0.755814712372485, 0.7614733750903216, 0.7675169770651502, 0.7739514035547223, 0.7808638962003502, 0.788366738546863, 0.796551709817864, 0.8055112205961185, 0.8153202247672777, 0.8259698947636103, 0.8373350526343588, 0.8491659496228111, 0.861100381867083, 0.8727021999007393, 0.8835171240089628, 0.8931325622499046, 0.901221442368211, 0.9075999449310944, 0.9122731607286181, 0.9154664815160342, 0.9176730654133565, 0.9196599513873636, 0.9222323345523002, 0.925834924888334, 0.9303322713643976, 0.9351325647847472, 0.9394866324115344, 0.9427791124961055, 0.9447268052465739, 0.9454279013232647, 0.9452729685807474, 0.944776661360971, 0.9444326118844739, 0.9445646557988974, 0.9452359048799615, 0.946299751139184, 0.9475390383725437, 0.9487638600369108, 0.9497934619253146, 0.9504412795393088, 0.9506071195573548, 0.9503792843221892, 0.9500108053071717, 0.9497974552747271, 0.9499285933928592, 0.9503891276503148, 0.9510003304885111, 0.9515513584916848, 0.9519053240228269, 0.9520456385554547, 0.9520596856549474]"
f81acb7d,10,10,5,75.0,False,True,"[1, 1, 1]",7.01544635449204,10.000000000143922,10.000000000143922,,,,,,,,4.999999999977515,4.999999999977516,4.999999999977519,4.999999999977519,"[4.999999999977519, 4.97525300205206, 4.9987486122614335, 4.9971542302150755, 4.992604195540254, 4.994909014503001, 5.0008183457067465, 5.00747783736554, 5.0155518723284285, 5.027262140447522, 5.043645590836985, 5.063691708557939, 5.086498768210551, 5.1117732586136775, 5.136079721752656, 5.154451902153488, 5.1671341273463485, 5.180721554073851, 5.201263510223312, 5.230503322045749, 5.267602539251651, 5.310538956859308, 5.357244170295915, 5.406342183307106, 5.45761268409908, 5.512191115835943, 5.572494043362909, 5.641265430196318, 5.719625175395831, 5.805563809883828, 5.89525794778817, 5.985019442878533, 6.0722947095729, 6.15640021703648, 6.2372258456608485, 6.311928799753659, 6.3749380373927185, 6.421798838690283, 6.453264235320316, 6.475822304008511, 6.496867064716467, 6.518772770132609, 6.538513194399268, 6.552575959729258, 6.561190296741267, 6.56719980992802, 6.572081723495523, 6.575677458318019, 6.578472523852427, 6.582385784719274, 6.590308650100611, 6.604021451965905, 6.621497048789225, 6.638064325886797, 6.650125956204976, 6.657247414988004, 6.66125460651401, 6.663957357468162, 6.665804203267468, 6.66622048652438, 6.665053511282849, 6.663338095311786, 6.662464983000133, 6.663139268375234, 6.6652084280185395, 6.6682140541339745, 6.671959508547485, 6.676478171815429, 6.6815551543047675, 6.686466339121452, 6.69034226479955, 6.692865378619286, 6.694547951346957, 6.696181467911836, 6.698085208432839, 6.7000765391239785]",75,0.7127583749077001,,1.7000765391464627,1.7000765391464636,6.7000765391239785,,0.9550463649164492,,,,109.31778144836426,109.44378066062929,True,0.1318442821502685,0.0058343410491943,0.0,0.1318442821502685,Results/warm_start_cache/cycle_graphs_3to12vertices_10instances_AdjacencyList__filehash_1a582721/hog_idx000007_42b07e524cbf_seed42_L1_M1_amplified.npz,109.3269567489624,2026-09-08 23:32:09,x86_64,dacsvm-cpunode01,,32,32,3.11.15,1.48,True,False,True,True,2,True,True,True,True,adam,False,hamqaoa,0.01,standard,1,1,42,scs,1e-06,100000,False,False,False,hog,False,False,False,False,False,False,True,1,HOG_graphs/Exp5/cycle_graphs_3to12vertices_10instances_AdjacencyList.txt,True,Results/warm_start_cache,512,60,0,16,1,1,0,0,5,0,5,10,42,True,_FINAL_BENCHMARKS_STANDARD,1,42,7,"[(8, 9), (0, 1), (2, 3), (1, 2), (5, 6), (3, 4), (7, 8), (4, 5), (0, 9), (6, 7)]","[1.0, 1.0, 1.0, 1.0, 1.0, 1.0, 1.0, 1.0, 1.0, 1.0]",,4.999999999977516,initial_sdp_statevector_energy,"[0.71271302598957, 0.7091855244344318, 0.7125346499244056, 0.712307382553836, 0.7116588087575432, 0.7119873436570042, 0.7128296751217671, 0.7137789364121097, 0.714929830390184, 0.7165990425154531, 0.7189343822161085, 0.7217918080601702, 0.7250427857599723, 0.7286454774670998, 0.7321101840460925, 0.7347290025036048, 0.7365367599223099, 0.7384735471259927, 0.7414016510714112, 0.745569570024097, 0.7508577890954532, 0.7569780579191419, 0.7636355407187503, 0.7706340994034381, 0.7779423301561605, 0.7857220820035846, 0.7943178183943779, 0.8041206710367297, 0.8152902732601632, 0.8275401901072886, 0.840325426195212, 0.8531202635519097, 0.8655607074359234, 0.8775493255813286, 0.889070421252257, 0.8997187749446742, 0.9087002758293206, 0.9153799365279673, 0.919865096137218, 0.9230805820162813, 0.9260803570333734, 0.9292028533521024, 0.9320167048547968, 0.9340212480612295, 0.9352491581009796, 0.9361057697665944, 0.9368016504448605, 0.9373141958540623, 0.9377126117770375, 0.9382704181758194, 0.9393997640479126, 0.9413544225503632, 0.9438454396489588, 0.946206982487493, 0.9479262786959881, 0.9489413899837351, 0.9495125855033817, 0.9498978426655893, 0.9501610968772224, 0.9502204349771631, 0.9500540912860331, 0.9498095714245185, 0.9496851157209847, 0.9497812301149988, 0.9500761735211273, 0.9505046032978742, 0.9510384901276285, 0.9516825921618562, 0.952406278472434, 0.9531063315508158, 0.9536588160945277, 0.9540184673116056, 0.9542583056116437, 0.9544911513184365, 0.9547625154519224, 0.9550463649164492]"
